[2026-09-01 03:04:46.190] [info] [[94mmain.cpp[0m:[95m299[0m [96mmain[0m] Logger Loads Successfully! level
Running in Mininet environment.
[2026-09-01 03:04:46.190] [info] [[94mmain.cpp[0m:[95m311[0m [96mmain[0m] Topology file: /home/adam/Desktop/NDTwin-Kernel/setting/StaticNetworkTopologyP4_10Switches_128Hosts.json
[2026-09-01 03:04:46.190] [info] [[94mmain.cpp[0m:[95m358[0m [96mmain[0m] IntentTranslator is disabled by user.
[2026-09-01 03:04:46.190] [info] [[94mApplicationManager.cpp[0m:[95m410[0m [96mcleanupStaleEntries[0m] Checking for stale NFS entries in /srv/nfs/sim
[2026-09-01 03:04:46.190] [warning] [[94mApplicationManager.cpp[0m:[95m426[0m [96mcleanupStaleEntries[0m] Found stale application folder from a previous run: /srv/nfs/sim/3
[2026-09-01 03:04:46.190] [warning] [[94mApplicationManager.cpp[0m:[95m361[0m [96mcleanupAppFolder[0m] Leaving /srv/nfs/sim/3 in place: /srv/nfs/sim/3/energy_saving_simulator/1.0/case4/input belongs to a squashed NFS client, so removing it needs root. The next registration that reuses this app id will reuse the folder rather than recreate it.
[2026-09-01 03:04:46.190] [warning] [[94mApplicationManager.cpp[0m:[95m426[0m [96mcleanupStaleEntries[0m] Found stale application folder from a previous run: /srv/nfs/sim/1
[2026-09-01 03:04:46.190] [warning] [[94mApplicationManager.cpp[0m:[95m361[0m [96mcleanupAppFolder[0m] Leaving /srv/nfs/sim/1 in place: /srv/nfs/sim/1/energy_saving_simulator/1.0/case4/input belongs to a squashed NFS client, so removing it needs root. The next registration that reuses this app id will reuse the folder rather than recreate it.
[2026-09-01 03:04:46.190] [warning] [[94mApplicationManager.cpp[0m:[95m426[0m [96mcleanupStaleEntries[0m] Found stale application folder from a previous run: /srv/nfs/sim/2
[2026-09-01 03:04:46.191] [warning] [[94mApplicationManager.cpp[0m:[95m361[0m [96mcleanupAppFolder[0m] Leaving /srv/nfs/sim/2 in place: /srv/nfs/sim/2/energy_saving_simulator/1.0/case4/input belongs to a squashed NFS client, so removing it needs root. The next registration that reuses this app id will reuse the folder rather than recreate it.
[2026-09-01 03:04:46.191] [info] [[94mTopologyAndFlowMonitor.cpp[0m:[95m2133[0m [96mrun[0m] TopologyAndFlowMonitor Run
[2026-09-01 03:04:46.191] [info] [[94mFlowLinkUsageCollector.cpp[0m:[95m472[0m [96mstart[0m] Collector Starts Up
[2026-09-01 03:04:46.191] [info] [[94mTopologyAndFlowMonitor.cpp[0m:[95m211[0m [96mloadStaticTopologyFromFile[0m] Load Static Topology File
[2026-09-01 03:04:46.191] [info] [[94mFlowLinkUsageCollector.cpp[0m:[95m466[0m [96mlog_thread_ids[0m] [run] pid=43157 tid=43164
[2026-09-01 03:04:46.191] [info] [[94mFlowLinkUsageCollector.cpp[0m:[95m466[0m [96mlog_thread_ids[0m] [calAvgFlowSendingRatesPeriodically] pid=43157 tid=43165
[2026-09-01 03:04:46.191] [info] [[94mFlowLinkUsageCollector.cpp[0m:[95m466[0m [96mlog_thread_ids[0m] [testCalAvgFlowSendingRatesRandomly] pid=43157 tid=43166
[2026-09-01 03:04:46.191] [info] [[94mFlowLinkUsageCollector.cpp[0m:[95m708[0m [96mrun[0m] Run with 20 workers
[2026-09-01 03:04:46.191] [info] [[94mFlowLinkUsageCollector.cpp[0m:[95m466[0m [96mlog_thread_ids[0m] [calFlowPathByQueried] pid=43157 tid=43168
[2026-09-01 03:04:46.191] [info] [[94mFlowLinkUsageCollector.cpp[0m:[95m466[0m [96mlog_thread_ids[0m] [purgeIdleFlows] pid=43157 tid=43167
[2026-09-01 03:04:46.191] [info] [[94mDeviceConfigurationAndPowerManager.cpp[0m:[95m121[0m [96mstart[0m] DeviceConfigurationAndPowerManager Starts Up
[2026-09-01 03:04:46.191] [info] [[94mControllerAndOtherEventHandler.cpp[0m:[95m196[0m [96mrunServer[0m] Server Listening on port 8000
[2026-09-01 03:04:46.192] [info] [[94mFlowLinkUsageCollector.cpp[0m:[95m749[0m [96mrun[0m] Listening for sFlow on UDP port 6343
[2026-09-01 03:04:46.206] [info] [[94mTopologyAndFlowMonitor.cpp[0m:[95m1266[0m [96mvalidateDataPlaneHomogeneity[0m] Data plane: bmv2 (10 switch(es))
[2026-09-01 03:04:46.207] [info] [[94mTopologyAndFlowMonitor.cpp[0m:[95m145[0m [96mconfigureTopologyApiUrls[0m] All-bmv2 topology: polling http://localhost:8081/v1.0/topology for switch/host/link state instead of Ryu.
[2026-09-01 03:04:46.413] [info] [[94mControllerAndOtherEventHandler.cpp[0m:[95m239[0m [96moperator()[0m] Accepted new connection
[2026-09-01 03:04:46.413] [info] [[94mHttpSession.cpp[0m:[95m96[0m [96mhandleRequest[0m] Got request: GET /ndt/get_graph_data
[2026-09-01 03:04:46.413] [info] [[94mHttpSession.cpp[0m:[95m531[0m [96mhandleGetGraphData[0m] Handle Get Graph Data
[2026-09-01 03:04:46.434] [info] [[94mHttpSession.cpp[0m:[95m576[0m [96mhandleGetGraphData[0m] get_graph_data success
[2026-09-01 03:04:46.435] [info] [[94mHttpSession.cpp[0m:[95m402[0m [96mcloseSocket[0m] Close Socket
[2026-09-01 03:04:46.692] [info] [[94mControllerAndOtherEventHandler.cpp[0m:[95m239[0m [96moperator()[0m] Accepted new connection
[2026-09-01 03:04:46.692] [info] [[94mHttpSession.cpp[0m:[95m402[0m [96mcloseSocket[0m] Close Socket
[2026-09-01 03:04:46.861] [info] [[94mTopologyAndFlowMonitor.cpp[0m:[95m2155[0m [96mrun[0m] topology from the control plane: 10 switches, 128 hosts, 288 edges up
[2026-09-01 03:04:51.896] [info] [[94mFlowLinkUsageCollector.cpp[0m:[95m2558[0m [96mfetchAllDestinationPaths[0m] Pulled 16256 paths from controller
[2026-09-01 03:04:51.940] [info] [[94mFlowLinkUsageCollector.cpp[0m:[95m566[0m [96mrefreshDestinationPathsPeriodically[0m] Destination paths loaded from localhost:8081 (16256 pairs); path and switch-count queries will answer from now on.
[2026-09-01 03:04:54.704] [info] [[94mControllerAndOtherEventHandler.cpp[0m:[95m239[0m [96moperator()[0m] Accepted new connection
[2026-09-01 03:04:54.704] [info] [[94mHttpSession.cpp[0m:[95m96[0m [96mhandleRequest[0m] Got request: GET /ndt/inform_switch_entered?dpid=1
[2026-09-01 03:04:54.704] [info] [[94mHttpSession.cpp[0m:[95m1230[0m [96mhandleInformSwitchEntered[0m] Handle Inform Switch Entered
[2026-09-01 03:04:54.706] [info] [[94mHttpSession.cpp[0m:[95m96[0m [96mhandleRequest[0m] Got request: GET /ndt/inform_switch_entered?dpid=2
[2026-09-01 03:04:54.706] [info] [[94mHttpSession.cpp[0m:[95m1230[0m [96mhandleInformSwitchEntered[0m] Handle Inform Switch Entered
[2026-09-01 03:04:54.707] [info] [[94mHttpSession.cpp[0m:[95m96[0m [96mhandleRequest[0m] Got request: GET /ndt/inform_switch_entered?dpid=3
[2026-09-01 03:04:54.707] [info] [[94mHttpSession.cpp[0m:[95m1230[0m [96mhandleInformSwitchEntered[0m] Handle Inform Switch Entered
[2026-09-01 03:04:54.708] [info] [[94mHttpSession.cpp[0m:[95m96[0m [96mhandleRequest[0m] Got request: GET /ndt/inform_switch_entered?dpid=4
[2026-09-01 03:04:54.708] [info] [[94mHttpSession.cpp[0m:[95m1230[0m [96mhandleInformSwitchEntered[0m] Handle Inform Switch Entered
[2026-09-01 03:04:54.708] [info] [[94mHttpSession.cpp[0m:[95m96[0m [96mhandleRequest[0m] Got request: GET /ndt/inform_switch_entered?dpid=5
[2026-09-01 03:04:54.708] [info] [[94mHttpSession.cpp[0m:[95m1230[0m [96mhandleInformSwitchEntered[0m] Handle Inform Switch Entered
[2026-09-01 03:04:54.708] [info] [[94mHttpSession.cpp[0m:[95m96[0m [96mhandleRequest[0m] Got request: GET /ndt/inform_switch_entered?dpid=6
[2026-09-01 03:04:54.708] [info] [[94mHttpSession.cpp[0m:[95m1230[0m [96mhandleInformSwitchEntered[0m] Handle Inform Switch Entered
[2026-09-01 03:04:54.709] [info] [[94mHttpSession.cpp[0m:[95m96[0m [96mhandleRequest[0m] Got request: GET /ndt/inform_switch_entered?dpid=7
[2026-09-01 03:04:54.709] [info] [[94mHttpSession.cpp[0m:[95m1230[0m [96mhandleInformSwitchEntered[0m] Handle Inform Switch Entered
[2026-09-01 03:04:54.709] [info] [[94mHttpSession.cpp[0m:[95m96[0m [96mhandleRequest[0m] Got request: GET /ndt/inform_switch_entered?dpid=8
[2026-09-01 03:04:54.709] [info] [[94mHttpSession.cpp[0m:[95m1230[0m [96mhandleInformSwitchEntered[0m] Handle Inform Switch Entered
[2026-09-01 03:04:54.710] [info] [[94mHttpSession.cpp[0m:[95m96[0m [96mhandleRequest[0m] Got request: GET /ndt/inform_switch_entered?dpid=9
[2026-09-01 03:04:54.710] [info] [[94mHttpSession.cpp[0m:[95m1230[0m [96mhandleInformSwitchEntered[0m] Handle Inform Switch Entered
[2026-09-01 03:04:54.710] [info] [[94mHttpSession.cpp[0m:[95m96[0m [96mhandleRequest[0m] Got request: GET /ndt/inform_switch_entered?dpid=10
[2026-09-01 03:04:54.710] [info] [[94mHttpSession.cpp[0m:[95m1230[0m [96mhandleInformSwitchEntered[0m] Handle Inform Switch Entered
[2026-09-01 03:05:07.812] [info] [[94mControllerAndOtherEventHandler.cpp[0m:[95m239[0m [96moperator()[0m] Accepted new connection
[2026-09-01 03:05:07.812] [info] [[94mHttpSession.cpp[0m:[95m96[0m [96mhandleRequest[0m] Got request: GET /ndt/get_graph_data
[2026-09-01 03:05:07.812] [info] [[94mHttpSession.cpp[0m:[95m531[0m [96mhandleGetGraphData[0m] Handle Get Graph Data
[2026-09-01 03:05:07.825] [info] [[94mHttpSession.cpp[0m:[95m576[0m [96mhandleGetGraphData[0m] get_graph_data success
[2026-09-01 03:05:07.827] [info] [[94mHttpSession.cpp[0m:[95m402[0m [96mcloseSocket[0m] Close Socket
[2026-09-01 03:05:10.103] [info] [[94mControllerAndOtherEventHandler.cpp[0m:[95m239[0m [96moperator()[0m] Accepted new connection
[2026-09-01 03:05:10.104] [info] [[94mHttpSession.cpp[0m:[95m96[0m [96mhandleRequest[0m] Got request: GET /ndt/get_graph_data
[2026-09-01 03:05:10.104] [info] [[94mHttpSession.cpp[0m:[95m531[0m [96mhandleGetGraphData[0m] Handle Get Graph Data
[2026-09-01 03:05:10.116] [info] [[94mHttpSession.cpp[0m:[95m576[0m [96mhandleGetGraphData[0m] get_graph_data success
[2026-09-01 03:05:10.119] [info] [[94mControllerAndOtherEventHandler.cpp[0m:[95m239[0m [96moperator()[0m] Accepted new connection
[2026-09-01 03:05:10.119] [info] [[94mHttpSession.cpp[0m:[95m96[0m [96mhandleRequest[0m] Got request: GET /ndt/get_graph_data
[2026-09-01 03:05:10.120] [info] [[94mHttpSession.cpp[0m:[95m531[0m [96mhandleGetGraphData[0m] Handle Get Graph Data
[2026-09-01 03:05:10.130] [info] [[94mHttpSession.cpp[0m:[95m576[0m [96mhandleGetGraphData[0m] get_graph_data success
[2026-09-01 03:05:10.370] [info] [[94mControllerAndOtherEventHandler.cpp[0m:[95m239[0m [96moperator()[0m] Accepted new connection
[2026-09-01 03:05:10.370] [info] [[94mHttpSession.cpp[0m:[95m96[0m [96mhandleRequest[0m] Got request: GET /ndt/get_graph_data
[2026-09-01 03:05:10.370] [info] [[94mHttpSession.cpp[0m:[95m531[0m [96mhandleGetGraphData[0m] Handle Get Graph Data
[2026-09-01 03:05:10.384] [info] [[94mHttpSession.cpp[0m:[95m576[0m [96mhandleGetGraphData[0m] get_graph_data success
[2026-09-01 03:05:10.620] [info] [[94mControllerAndOtherEventHandler.cpp[0m:[95m239[0m [96moperator()[0m] Accepted new connection
[2026-09-01 03:05:10.620] [info] [[94mHttpSession.cpp[0m:[95m96[0m [96mhandleRequest[0m] Got request: GET /ndt/get_graph_data
[2026-09-01 03:05:10.620] [info] [[94mHttpSession.cpp[0m:[95m531[0m [96mhandleGetGraphData[0m] Handle Get Graph Data
[2026-09-01 03:05:10.637] [info] [[94mHttpSession.cpp[0m:[95m576[0m [96mhandleGetGraphData[0m] get_graph_data success
[2026-09-01 03:05:10.870] [info] [[94mControllerAndOtherEventHandler.cpp[0m:[95m239[0m [96moperator()[0m] Accepted new connection
[2026-09-01 03:05:10.871] [info] [[94mHttpSession.cpp[0m:[95m96[0m [96mhandleRequest[0m] Got request: GET /ndt/get_graph_data
[2026-09-01 03:05:10.871] [info] [[94mHttpSession.cpp[0m:[95m531[0m [96mhandleGetGraphData[0m] Handle Get Graph Data
[2026-09-01 03:05:10.883] [info] [[94mHttpSession.cpp[0m:[95m576[0m [96mhandleGetGraphData[0m] get_graph_data success
[2026-09-01 03:05:11.121] [info] [[94mControllerAndOtherEventHandler.cpp[0m:[95m239[0m [96moperator()[0m] Accepted new connection
[2026-09-01 03:05:11.121] [info] [[94mHttpSession.cpp[0m:[95m96[0m [96mhandleRequest[0m] Got request: GET /ndt/get_graph_data
[2026-09-01 03:05:11.121] [info] [[94mHttpSession.cpp[0m:[95m531[0m [96mhandleGetGraphData[0m] Handle Get Graph Data
[2026-09-01 03:05:11.133] [info] [[94mHttpSession.cpp[0m:[95m576[0m [96mhandleGetGraphData[0m] get_graph_data success
[2026-09-01 03:05:11.371] [info] [[94mControllerAndOtherEventHandler.cpp[0m:[95m239[0m [96moperator()[0m] Accepted new connection
[2026-09-01 03:05:11.371] [info] [[94mHttpSession.cpp[0m:[95m96[0m [96mhandleRequest[0m] Got request: GET /ndt/get_graph_data
[2026-09-01 03:05:11.371] [info] [[94mHttpSession.cpp[0m:[95m531[0m [96mhandleGetGraphData[0m] Handle Get Graph Data
[2026-09-01 03:05:11.384] [info] [[94mHttpSession.cpp[0m:[95m576[0m [96mhandleGetGraphData[0m] get_graph_data success
[2026-09-01 03:05:11.621] [info] [[94mControllerAndOtherEventHandler.cpp[0m:[95m239[0m [96moperator()[0m] Accepted new connection
[2026-09-01 03:05:11.621] [info] [[94mHttpSession.cpp[0m:[95m96[0m [96mhandleRequest[0m] Got request: GET /ndt/get_graph_data
[2026-09-01 03:05:11.621] [info] [[94mHttpSession.cpp[0m:[95m531[0m [96mhandleGetGraphData[0m] Handle Get Graph Data
[2026-09-01 03:05:11.633] [info] [[94mHttpSession.cpp[0m:[95m576[0m [96mhandleGetGraphData[0m] get_graph_data success
[2026-09-01 03:05:11.871] [info] [[94mControllerAndOtherEventHandler.cpp[0m:[95m239[0m [96moperator()[0m] Accepted new connection
[2026-09-01 03:05:11.871] [info] [[94mHttpSession.cpp[0m:[95m96[0m [96mhandleRequest[0m] Got request: GET /ndt/get_graph_data
[2026-09-01 03:05:11.871] [info] [[94mHttpSession.cpp[0m:[95m531[0m [96mhandleGetGraphData[0m] Handle Get Graph Data
[2026-09-01 03:05:11.884] [info] [[94mHttpSession.cpp[0m:[95m576[0m [96mhandleGetGraphData[0m] get_graph_data success
[2026-09-01 03:05:12.079] [info] [[94mFlowLinkUsageCollector.cpp[0m:[95m238[0m [96mconfigurePortMapping[0m] All-bmv2 topology: using identity ifIndex->port mapping and skipping ovs-vsctl, which does not know about bmv2 interfaces.
[2026-09-01 03:05:12.121] [info] [[94mControllerAndOtherEventHandler.cpp[0m:[95m239[0m [96moperator()[0m] Accepted new connection
[2026-09-01 03:05:12.121] [info] [[94mHttpSession.cpp[0m:[95m96[0m [96mhandleRequest[0m] Got request: GET /ndt/get_graph_data
[2026-09-01 03:05:12.121] [info] [[94mHttpSession.cpp[0m:[95m531[0m [96mhandleGetGraphData[0m] Handle Get Graph Data
[2026-09-01 03:05:12.141] [info] [[94mHttpSession.cpp[0m:[95m576[0m [96mhandleGetGraphData[0m] get_graph_data success
[2026-09-01 03:05:12.195] [info] [[94mFlowLinkUsageCollector.cpp[0m:[95m2072[0m [96mcalAvgFlowSendingRatesPeriodically[0m] sFlow ingest healthy: rx=752, app_drop=0, addressed=738, sock_ovfl_total=0
[2026-09-01 03:05:12.371] [info] [[94mControllerAndOtherEventHandler.cpp[0m:[95m239[0m [96moperator()[0m] Accepted new connection
[2026-09-01 03:05:12.371] [info] [[94mHttpSession.cpp[0m:[95m96[0m [96mhandleRequest[0m] Got request: GET /ndt/get_graph_data
[2026-09-01 03:05:12.371] [info] [[94mHttpSession.cpp[0m:[95m531[0m [96mhandleGetGraphData[0m] Handle Get Graph Data
[2026-09-01 03:05:12.387] [info] [[94mHttpSession.cpp[0m:[95m576[0m [96mhandleGetGraphData[0m] get_graph_data success
[2026-09-01 03:05:12.622] [info] [[94mControllerAndOtherEventHandler.cpp[0m:[95m239[0m [96moperator()[0m] Accepted new connection
[2026-09-01 03:05:12.622] [info] [[94mHttpSession.cpp[0m:[95m96[0m [96mhandleRequest[0m] Got request: GET /ndt/get_graph_data
[2026-09-01 03:05:12.622] [info] [[94mHttpSession.cpp[0m:[95m531[0m [96mhandleGetGraphData[0m] Handle Get Graph Data
[2026-09-01 03:05:12.634] [info] [[94mHttpSession.cpp[0m:[95m576[0m [96mhandleGetGraphData[0m] get_graph_data success
[2026-09-01 03:05:12.872] [info] [[94mControllerAndOtherEventHandler.cpp[0m:[95m239[0m [96moperator()[0m] Accepted new connection
[2026-09-01 03:05:12.872] [info] [[94mHttpSession.cpp[0m:[95m96[0m [96mhandleRequest[0m] Got request: GET /ndt/get_graph_data
[2026-09-01 03:05:12.872] [info] [[94mHttpSession.cpp[0m:[95m531[0m [96mhandleGetGraphData[0m] Handle Get Graph Data
[2026-09-01 03:05:12.891] [info] [[94mHttpSession.cpp[0m:[95m576[0m [96mhandleGetGraphData[0m] get_graph_data success
[2026-09-01 03:05:13.122] [info] [[94mControllerAndOtherEventHandler.cpp[0m:[95m239[0m [96moperator()[0m] Accepted new connection
[2026-09-01 03:05:13.123] [info] [[94mHttpSession.cpp[0m:[95m96[0m [96mhandleRequest[0m] Got request: GET /ndt/get_graph_data
[2026-09-01 03:05:13.123] [info] [[94mHttpSession.cpp[0m:[95m531[0m [96mhandleGetGraphData[0m] Handle Get Graph Data
[2026-09-01 03:05:13.138] [info] [[94mHttpSession.cpp[0m:[95m576[0m [96mhandleGetGraphData[0m] get_graph_data success
[2026-09-01 03:05:13.372] [info] [[94mControllerAndOtherEventHandler.cpp[0m:[95m239[0m [96moperator()[0m] Accepted new connection
[2026-09-01 03:05:13.372] [info] [[94mHttpSession.cpp[0m:[95m96[0m [96mhandleRequest[0m] Got request: GET /ndt/get_graph_data
[2026-09-01 03:05:13.372] [info] [[94mHttpSession.cpp[0m:[95m531[0m [96mhandleGetGraphData[0m] Handle Get Graph Data
[2026-09-01 03:05:13.387] [info] [[94mHttpSession.cpp[0m:[95m576[0m [96mhandleGetGraphData[0m] get_graph_data success
[2026-09-01 03:05:13.622] [info] [[94mControllerAndOtherEventHandler.cpp[0m:[95m239[0m [96moperator()[0m] Accepted new connection
[2026-09-01 03:05:13.622] [info] [[94mHttpSession.cpp[0m:[95m96[0m [96mhandleRequest[0m] Got request: GET /ndt/get_graph_data
[2026-09-01 03:05:13.622] [info] [[94mHttpSession.cpp[0m:[95m531[0m [96mhandleGetGraphData[0m] Handle Get Graph Data
[2026-09-01 03:05:13.642] [info] [[94mHttpSession.cpp[0m:[95m576[0m [96mhandleGetGraphData[0m] get_graph_data success
[2026-09-01 03:05:13.873] [info] [[94mControllerAndOtherEventHandler.cpp[0m:[95m239[0m [96moperator()[0m] Accepted new connection
[2026-09-01 03:05:13.873] [info] [[94mHttpSession.cpp[0m:[95m96[0m [96mhandleRequest[0m] Got request: GET /ndt/get_graph_data
[2026-09-01 03:05:13.873] [info] [[94mHttpSession.cpp[0m:[95m531[0m [96mhandleGetGraphData[0m] Handle Get Graph Data
[2026-09-01 03:05:13.888] [info] [[94mHttpSession.cpp[0m:[95m576[0m [96mhandleGetGraphData[0m] get_graph_data success
[2026-09-01 03:05:14.123] [info] [[94mControllerAndOtherEventHandler.cpp[0m:[95m239[0m [96moperator()[0m] Accepted new connection
[2026-09-01 03:05:14.123] [info] [[94mHttpSession.cpp[0m:[95m96[0m [96mhandleRequest[0m] Got request: GET /ndt/get_graph_data
[2026-09-01 03:05:14.123] [info] [[94mHttpSession.cpp[0m:[95m531[0m [96mhandleGetGraphData[0m] Handle Get Graph Data
[2026-09-01 03:05:14.135] [info] [[94mHttpSession.cpp[0m:[95m576[0m [96mhandleGetGraphData[0m] get_graph_data success
[2026-09-01 03:05:14.373] [info] [[94mControllerAndOtherEventHandler.cpp[0m:[95m239[0m [96moperator()[0m] Accepted new connection
[2026-09-01 03:05:14.373] [info] [[94mHttpSession.cpp[0m:[95m96[0m [96mhandleRequest[0m] Got request: GET /ndt/get_graph_data
[2026-09-01 03:05:14.373] [info] [[94mHttpSession.cpp[0m:[95m531[0m [96mhandleGetGraphData[0m] Handle Get Graph Data
[2026-09-01 03:05:14.392] [info] [[94mHttpSession.cpp[0m:[95m576[0m [96mhandleGetGraphData[0m] get_graph_data success
[2026-09-01 03:05:14.623] [info] [[94mControllerAndOtherEventHandler.cpp[0m:[95m239[0m [96moperator()[0m] Accepted new connection
[2026-09-01 03:05:14.623] [info] [[94mHttpSession.cpp[0m:[95m96[0m [96mhandleRequest[0m] Got request: GET /ndt/get_graph_data
[2026-09-01 03:05:14.623] [info] [[94mHttpSession.cpp[0m:[95m531[0m [96mhandleGetGraphData[0m] Handle Get Graph Data
[2026-09-01 03:05:14.642] [info] [[94mHttpSession.cpp[0m:[95m576[0m [96mhandleGetGraphData[0m] get_graph_data success
[2026-09-01 03:05:14.873] [info] [[94mControllerAndOtherEventHandler.cpp[0m:[95m239[0m [96moperator()[0m] Accepted new connection
[2026-09-01 03:05:14.873] [info] [[94mHttpSession.cpp[0m:[95m96[0m [96mhandleRequest[0m] Got request: GET /ndt/get_graph_data
[2026-09-01 03:05:14.873] [info] [[94mHttpSession.cpp[0m:[95m531[0m [96mhandleGetGraphData[0m] Handle Get Graph Data
[2026-09-01 03:05:14.892] [info] [[94mHttpSession.cpp[0m:[95m576[0m [96mhandleGetGraphData[0m] get_graph_data success
[2026-09-01 03:05:15.123] [info] [[94mControllerAndOtherEventHandler.cpp[0m:[95m239[0m [96moperator()[0m] Accepted new connection
[2026-09-01 03:05:15.123] [info] [[94mHttpSession.cpp[0m:[95m96[0m [96mhandleRequest[0m] Got request: GET /ndt/get_graph_data
[2026-09-01 03:05:15.123] [info] [[94mHttpSession.cpp[0m:[95m531[0m [96mhandleGetGraphData[0m] Handle Get Graph Data
[2026-09-01 03:05:15.142] [info] [[94mHttpSession.cpp[0m:[95m576[0m [96mhandleGetGraphData[0m] get_graph_data success
[2026-09-01 03:05:15.373] [info] [[94mControllerAndOtherEventHandler.cpp[0m:[95m239[0m [96moperator()[0m] Accepted new connection
[2026-09-01 03:05:15.374] [info] [[94mHttpSession.cpp[0m:[95m96[0m [96mhandleRequest[0m] Got request: GET /ndt/get_graph_data
[2026-09-01 03:05:15.374] [info] [[94mHttpSession.cpp[0m:[95m531[0m [96mhandleGetGraphData[0m] Handle Get Graph Data
[2026-09-01 03:05:15.393] [info] [[94mHttpSession.cpp[0m:[95m576[0m [96mhandleGetGraphData[0m] get_graph_data success
[2026-09-01 03:05:15.623] [info] [[94mControllerAndOtherEventHandler.cpp[0m:[95m239[0m [96moperator()[0m] Accepted new connection
[2026-09-01 03:05:15.623] [info] [[94mHttpSession.cpp[0m:[95m96[0m [96mhandleRequest[0m] Got request: GET /ndt/get_graph_data
[2026-09-01 03:05:15.623] [info] [[94mHttpSession.cpp[0m:[95m531[0m [96mhandleGetGraphData[0m] Handle Get Graph Data
[2026-09-01 03:05:15.643] [info] [[94mHttpSession.cpp[0m:[95m576[0m [96mhandleGetGraphData[0m] get_graph_data success
[2026-09-01 03:05:15.874] [info] [[94mControllerAndOtherEventHandler.cpp[0m:[95m239[0m [96moperator()[0m] Accepted new connection
[2026-09-01 03:05:15.874] [info] [[94mHttpSession.cpp[0m:[95m96[0m [96mhandleRequest[0m] Got request: GET /ndt/get_graph_data
[2026-09-01 03:05:15.874] [info] [[94mHttpSession.cpp[0m:[95m531[0m [96mhandleGetGraphData[0m] Handle Get Graph Data
[2026-09-01 03:05:15.894] [info] [[94mHttpSession.cpp[0m:[95m576[0m [96mhandleGetGraphData[0m] get_graph_data success
[2026-09-01 03:05:16.124] [info] [[94mControllerAndOtherEventHandler.cpp[0m:[95m239[0m [96moperator()[0m] Accepted new connection
[2026-09-01 03:05:16.124] [info] [[94mHttpSession.cpp[0m:[95m96[0m [96mhandleRequest[0m] Got request: GET /ndt/get_graph_data
[2026-09-01 03:05:16.124] [info] [[94mHttpSession.cpp[0m:[95m531[0m [96mhandleGetGraphData[0m] Handle Get Graph Data
[2026-09-01 03:05:16.143] [info] [[94mHttpSession.cpp[0m:[95m576[0m [96mhandleGetGraphData[0m] get_graph_data success
[2026-09-01 03:05:16.199] [info] [[94mFlowLinkUsageCollector.cpp[0m:[95m1807[0m [96mcalAvgFlowSendingRatesPeriodically[0m] rate loop period: last 29 iters mean 1000.3 ms | since start (29 iters) mean 1000.3 ms, min 1000.1, max 1001.9 (flows=3, counters=4) -- the LAST-N figure is the current denominator; the since-start one lags it
[2026-09-01 03:05:16.202] [info] [[94mFlowLinkUsageCollector.cpp[0m:[95m2016[0m [96mcalAvgFlowSendingRatesPeriodically[0m] rate divisor check: measured_interval_s=1.002121 divisor_used_s=1.002121 (ticket Q gate: these must agree to 1%; a negative divisor means no rate has been published yet, which is not a pass)
[2026-09-01 03:05:16.374] [info] [[94mControllerAndOtherEventHandler.cpp[0m:[95m239[0m [96moperator()[0m] Accepted new connection
[2026-09-01 03:05:16.374] [info] [[94mHttpSession.cpp[0m:[95m96[0m [96mhandleRequest[0m] Got request: GET /ndt/get_graph_data
[2026-09-01 03:05:16.374] [info] [[94mHttpSession.cpp[0m:[95m531[0m [96mhandleGetGraphData[0m] Handle Get Graph Data
[2026-09-01 03:05:16.393] [info] [[94mHttpSession.cpp[0m:[95m576[0m [96mhandleGetGraphData[0m] get_graph_data success
[2026-09-01 03:05:16.624] [info] [[94mControllerAndOtherEventHandler.cpp[0m:[95m239[0m [96moperator()[0m] Accepted new connection
[2026-09-01 03:05:16.624] [info] [[94mHttpSession.cpp[0m:[95m96[0m [96mhandleRequest[0m] Got request: GET /ndt/get_graph_data
[2026-09-01 03:05:16.624] [info] [[94mHttpSession.cpp[0m:[95m531[0m [96mhandleGetGraphData[0m] Handle Get Graph Data
[2026-09-01 03:05:16.643] [info] [[94mHttpSession.cpp[0m:[95m576[0m [96mhandleGetGraphData[0m] get_graph_data success
[2026-09-01 03:05:16.874] [info] [[94mControllerAndOtherEventHandler.cpp[0m:[95m239[0m [96moperator()[0m] Accepted new connection
[2026-09-01 03:05:16.874] [info] [[94mHttpSession.cpp[0m:[95m96[0m [96mhandleRequest[0m] Got request: GET /ndt/get_graph_data
[2026-09-01 03:05:16.874] [info] [[94mHttpSession.cpp[0m:[95m531[0m [96mhandleGetGraphData[0m] Handle Get Graph Data
[2026-09-01 03:05:16.893] [info] [[94mHttpSession.cpp[0m:[95m576[0m [96mhandleGetGraphData[0m] get_graph_data success
[2026-09-01 03:05:17.124] [info] [[94mControllerAndOtherEventHandler.cpp[0m:[95m239[0m [96moperator()[0m] Accepted new connection
[2026-09-01 03:05:17.124] [info] [[94mHttpSession.cpp[0m:[95m96[0m [96mhandleRequest[0m] Got request: GET /ndt/get_graph_data
[2026-09-01 03:05:17.124] [info] [[94mHttpSession.cpp[0m:[95m531[0m [96mhandleGetGraphData[0m] Handle Get Graph Data
[2026-09-01 03:05:17.141] [info] [[94mHttpSession.cpp[0m:[95m576[0m [96mhandleGetGraphData[0m] get_graph_data success
[2026-09-01 03:05:17.374] [info] [[94mControllerAndOtherEventHandler.cpp[0m:[95m239[0m [96moperator()[0m] Accepted new connection
[2026-09-01 03:05:17.374] [info] [[94mHttpSession.cpp[0m:[95m96[0m [96mhandleRequest[0m] Got request: GET /ndt/get_graph_data
[2026-09-01 03:05:17.374] [info] [[94mHttpSession.cpp[0m:[95m531[0m [96mhandleGetGraphData[0m] Handle Get Graph Data
[2026-09-01 03:05:17.393] [info] [[94mHttpSession.cpp[0m:[95m576[0m [96mhandleGetGraphData[0m] get_graph_data success
[2026-09-01 03:05:17.624] [info] [[94mControllerAndOtherEventHandler.cpp[0m:[95m239[0m [96moperator()[0m] Accepted new connection
[2026-09-01 03:05:17.624] [info] [[94mHttpSession.cpp[0m:[95m96[0m [96mhandleRequest[0m] Got request: GET /ndt/get_graph_data
[2026-09-01 03:05:17.624] [info] [[94mHttpSession.cpp[0m:[95m531[0m [96mhandleGetGraphData[0m] Handle Get Graph Data
[2026-09-01 03:05:17.643] [info] [[94mHttpSession.cpp[0m:[95m576[0m [96mhandleGetGraphData[0m] get_graph_data success
[2026-09-01 03:05:17.874] [info] [[94mControllerAndOtherEventHandler.cpp[0m:[95m239[0m [96moperator()[0m] Accepted new connection
[2026-09-01 03:05:17.874] [info] [[94mHttpSession.cpp[0m:[95m96[0m [96mhandleRequest[0m] Got request: GET /ndt/get_graph_data
[2026-09-01 03:05:17.874] [info] [[94mHttpSession.cpp[0m:[95m531[0m [96mhandleGetGraphData[0m] Handle Get Graph Data
[2026-09-01 03:05:17.894] [info] [[94mHttpSession.cpp[0m:[95m576[0m [96mhandleGetGraphData[0m] get_graph_data success
[2026-09-01 03:05:18.124] [info] [[94mControllerAndOtherEventHandler.cpp[0m:[95m239[0m [96moperator()[0m] Accepted new connection
[2026-09-01 03:05:18.125] [info] [[94mHttpSession.cpp[0m:[95m96[0m [96mhandleRequest[0m] Got request: GET /ndt/get_graph_data
[2026-09-01 03:05:18.125] [info] [[94mHttpSession.cpp[0m:[95m531[0m [96mhandleGetGraphData[0m] Handle Get Graph Data
[2026-09-01 03:05:18.145] [info] [[94mHttpSession.cpp[0m:[95m576[0m [96mhandleGetGraphData[0m] get_graph_data success
[2026-09-01 03:05:18.374] [info] [[94mControllerAndOtherEventHandler.cpp[0m:[95m239[0m [96moperator()[0m] Accepted new connection
[2026-09-01 03:05:18.375] [info] [[94mHttpSession.cpp[0m:[95m96[0m [96mhandleRequest[0m] Got request: GET /ndt/get_graph_data
[2026-09-01 03:05:18.375] [info] [[94mHttpSession.cpp[0m:[95m531[0m [96mhandleGetGraphData[0m] Handle Get Graph Data
[2026-09-01 03:05:18.389] [info] [[94mHttpSession.cpp[0m:[95m576[0m [96mhandleGetGraphData[0m] get_graph_data success
[2026-09-01 03:05:18.624] [info] [[94mControllerAndOtherEventHandler.cpp[0m:[95m239[0m [96moperator()[0m] Accepted new connection
[2026-09-01 03:05:18.624] [info] [[94mHttpSession.cpp[0m:[95m96[0m [96mhandleRequest[0m] Got request: GET /ndt/get_graph_data
[2026-09-01 03:05:18.624] [info] [[94mHttpSession.cpp[0m:[95m531[0m [96mhandleGetGraphData[0m] Handle Get Graph Data
[2026-09-01 03:05:18.636] [info] [[94mHttpSession.cpp[0m:[95m576[0m [96mhandleGetGraphData[0m] get_graph_data success
[2026-09-01 03:05:18.875] [info] [[94mControllerAndOtherEventHandler.cpp[0m:[95m239[0m [96moperator()[0m] Accepted new connection
[2026-09-01 03:05:18.875] [info] [[94mHttpSession.cpp[0m:[95m96[0m [96mhandleRequest[0m] Got request: GET /ndt/get_graph_data
[2026-09-01 03:05:18.875] [info] [[94mHttpSession.cpp[0m:[95m531[0m [96mhandleGetGraphData[0m] Handle Get Graph Data
[2026-09-01 03:05:18.894] [info] [[94mHttpSession.cpp[0m:[95m576[0m [96mhandleGetGraphData[0m] get_graph_data success
[2026-09-01 03:05:19.125] [info] [[94mControllerAndOtherEventHandler.cpp[0m:[95m239[0m [96moperator()[0m] Accepted new connection
[2026-09-01 03:05:19.125] [info] [[94mHttpSession.cpp[0m:[95m96[0m [96mhandleRequest[0m] Got request: GET /ndt/get_graph_data
[2026-09-01 03:05:19.125] [info] [[94mHttpSession.cpp[0m:[95m531[0m [96mhandleGetGraphData[0m] Handle Get Graph Data
[2026-09-01 03:05:19.138] [info] [[94mHttpSession.cpp[0m:[95m576[0m [96mhandleGetGraphData[0m] get_graph_data success
[2026-09-01 03:05:19.374] [info] [[94mControllerAndOtherEventHandler.cpp[0m:[95m239[0m [96moperator()[0m] Accepted new connection
[2026-09-01 03:05:19.374] [info] [[94mHttpSession.cpp[0m:[95m96[0m [96mhandleRequest[0m] Got request: GET /ndt/get_graph_data
[2026-09-01 03:05:19.374] [info] [[94mHttpSession.cpp[0m:[95m531[0m [96mhandleGetGraphData[0m] Handle Get Graph Data
[2026-09-01 03:05:19.393] [info] [[94mHttpSession.cpp[0m:[95m576[0m [96mhandleGetGraphData[0m] get_graph_data success
[2026-09-01 03:05:19.625] [info] [[94mControllerAndOtherEventHandler.cpp[0m:[95m239[0m [96moperator()[0m] Accepted new connection
[2026-09-01 03:05:19.625] [info] [[94mHttpSession.cpp[0m:[95m96[0m [96mhandleRequest[0m] Got request: GET /ndt/get_graph_data
[2026-09-01 03:05:19.625] [info] [[94mHttpSession.cpp[0m:[95m531[0m [96mhandleGetGraphData[0m] Handle Get Graph Data
[2026-09-01 03:05:19.644] [info] [[94mHttpSession.cpp[0m:[95m576[0m [96mhandleGetGraphData[0m] get_graph_data success
[2026-09-01 03:05:19.875] [info] [[94mControllerAndOtherEventHandler.cpp[0m:[95m239[0m [96moperator()[0m] Accepted new connection
[2026-09-01 03:05:19.875] [info] [[94mHttpSession.cpp[0m:[95m96[0m [96mhandleRequest[0m] Got request: GET /ndt/get_graph_data
[2026-09-01 03:05:19.875] [info] [[94mHttpSession.cpp[0m:[95m531[0m [96mhandleGetGraphData[0m] Handle Get Graph Data
[2026-09-01 03:05:19.894] [info] [[94mHttpSession.cpp[0m:[95m576[0m [96mhandleGetGraphData[0m] get_graph_data success
[2026-09-01 03:05:20.125] [info] [[94mControllerAndOtherEventHandler.cpp[0m:[95m239[0m [96moperator()[0m] Accepted new connection
[2026-09-01 03:05:20.125] [info] [[94mHttpSession.cpp[0m:[95m96[0m [96mhandleRequest[0m] Got request: GET /ndt/get_graph_data
[2026-09-01 03:05:20.125] [info] [[94mHttpSession.cpp[0m:[95m531[0m [96mhandleGetGraphData[0m] Handle Get Graph Data
[2026-09-01 03:05:20.144] [info] [[94mHttpSession.cpp[0m:[95m576[0m [96mhandleGetGraphData[0m] get_graph_data success
[2026-09-01 03:05:20.375] [info] [[94mControllerAndOtherEventHandler.cpp[0m:[95m239[0m [96moperator()[0m] Accepted new connection
[2026-09-01 03:05:20.375] [info] [[94mHttpSession.cpp[0m:[95m96[0m [96mhandleRequest[0m] Got request: GET /ndt/get_graph_data
[2026-09-01 03:05:20.375] [info] [[94mHttpSession.cpp[0m:[95m531[0m [96mhandleGetGraphData[0m] Handle Get Graph Data
[2026-09-01 03:05:20.388] [info] [[94mHttpSession.cpp[0m:[95m576[0m [96mhandleGetGraphData[0m] get_graph_data success
[2026-09-01 03:05:20.625] [info] [[94mControllerAndOtherEventHandler.cpp[0m:[95m239[0m [96moperator()[0m] Accepted new connection
[2026-09-01 03:05:20.625] [info] [[94mHttpSession.cpp[0m:[95m96[0m [96mhandleRequest[0m] Got request: GET /ndt/get_graph_data
[2026-09-01 03:05:20.625] [info] [[94mHttpSession.cpp[0m:[95m531[0m [96mhandleGetGraphData[0m] Handle Get Graph Data
[2026-09-01 03:05:20.644] [info] [[94mHttpSession.cpp[0m:[95m576[0m [96mhandleGetGraphData[0m] get_graph_data success
[2026-09-01 03:05:20.875] [info] [[94mControllerAndOtherEventHandler.cpp[0m:[95m239[0m [96moperator()[0m] Accepted new connection
[2026-09-01 03:05:20.875] [info] [[94mHttpSession.cpp[0m:[95m96[0m [96mhandleRequest[0m] Got request: GET /ndt/get_graph_data
[2026-09-01 03:05:20.875] [info] [[94mHttpSession.cpp[0m:[95m531[0m [96mhandleGetGraphData[0m] Handle Get Graph Data
[2026-09-01 03:05:20.894] [info] [[94mHttpSession.cpp[0m:[95m576[0m [96mhandleGetGraphData[0m] get_graph_data success
[2026-09-01 03:05:21.125] [info] [[94mControllerAndOtherEventHandler.cpp[0m:[95m239[0m [96moperator()[0m] Accepted new connection
[2026-09-01 03:05:21.126] [info] [[94mHttpSession.cpp[0m:[95m96[0m [96mhandleRequest[0m] Got request: GET /ndt/get_graph_data
[2026-09-01 03:05:21.126] [info] [[94mHttpSession.cpp[0m:[95m531[0m [96mhandleGetGraphData[0m] Handle Get Graph Data
[2026-09-01 03:05:21.145] [info] [[94mHttpSession.cpp[0m:[95m576[0m [96mhandleGetGraphData[0m] get_graph_data success
[2026-09-01 03:05:21.375] [info] [[94mControllerAndOtherEventHandler.cpp[0m:[95m239[0m [96moperator()[0m] Accepted new connection
[2026-09-01 03:05:21.375] [info] [[94mHttpSession.cpp[0m:[95m96[0m [96mhandleRequest[0m] Got request: GET /ndt/get_graph_data
[2026-09-01 03:05:21.375] [info] [[94mHttpSession.cpp[0m:[95m531[0m [96mhandleGetGraphData[0m] Handle Get Graph Data
[2026-09-01 03:05:21.394] [info] [[94mHttpSession.cpp[0m:[95m576[0m [96mhandleGetGraphData[0m] get_graph_data success
[2026-09-01 03:05:21.625] [info] [[94mControllerAndOtherEventHandler.cpp[0m:[95m239[0m [96moperator()[0m] Accepted new connection
[2026-09-01 03:05:21.625] [info] [[94mHttpSession.cpp[0m:[95m96[0m [96mhandleRequest[0m] Got request: GET /ndt/get_graph_data
[2026-09-01 03:05:21.625] [info] [[94mHttpSession.cpp[0m:[95m531[0m [96mhandleGetGraphData[0m] Handle Get Graph Data
[2026-09-01 03:05:21.644] [info] [[94mHttpSession.cpp[0m:[95m576[0m [96mhandleGetGraphData[0m] get_graph_data success
[2026-09-01 03:05:21.875] [info] [[94mControllerAndOtherEventHandler.cpp[0m:[95m239[0m [96moperator()[0m] Accepted new connection
[2026-09-01 03:05:21.875] [info] [[94mHttpSession.cpp[0m:[95m96[0m [96mhandleRequest[0m] Got request: GET /ndt/get_graph_data
[2026-09-01 03:05:21.876] [info] [[94mHttpSession.cpp[0m:[95m531[0m [96mhandleGetGraphData[0m] Handle Get Graph Data
[2026-09-01 03:05:21.892] [info] [[94mHttpSession.cpp[0m:[95m576[0m [96mhandleGetGraphData[0m] get_graph_data success
[2026-09-01 03:05:22.125] [info] [[94mControllerAndOtherEventHandler.cpp[0m:[95m239[0m [96moperator()[0m] Accepted new connection
[2026-09-01 03:05:22.125] [info] [[94mHttpSession.cpp[0m:[95m96[0m [96mhandleRequest[0m] Got request: GET /ndt/get_graph_data
[2026-09-01 03:05:22.125] [info] [[94mHttpSession.cpp[0m:[95m531[0m [96mhandleGetGraphData[0m] Handle Get Graph Data
[2026-09-01 03:05:22.142] [info] [[94mHttpSession.cpp[0m:[95m576[0m [96mhandleGetGraphData[0m] get_graph_data success
[2026-09-01 03:05:22.375] [info] [[94mControllerAndOtherEventHandler.cpp[0m:[95m239[0m [96moperator()[0m] Accepted new connection
[2026-09-01 03:05:22.375] [info] [[94mHttpSession.cpp[0m:[95m96[0m [96mhandleRequest[0m] Got request: GET /ndt/get_graph_data
[2026-09-01 03:05:22.375] [info] [[94mHttpSession.cpp[0m:[95m531[0m [96mhandleGetGraphData[0m] Handle Get Graph Data
[2026-09-01 03:05:22.394] [info] [[94mHttpSession.cpp[0m:[95m576[0m [96mhandleGetGraphData[0m] get_graph_data success
[2026-09-01 03:05:22.626] [info] [[94mControllerAndOtherEventHandler.cpp[0m:[95m239[0m [96moperator()[0m] Accepted new connection
[2026-09-01 03:05:22.626] [info] [[94mHttpSession.cpp[0m:[95m96[0m [96mhandleRequest[0m] Got request: GET /ndt/get_graph_data
[2026-09-01 03:05:22.626] [info] [[94mHttpSession.cpp[0m:[95m531[0m [96mhandleGetGraphData[0m] Handle Get Graph Data
[2026-09-01 03:05:22.639] [info] [[94mHttpSession.cpp[0m:[95m576[0m [96mhandleGetGraphData[0m] get_graph_data success
[2026-09-01 03:05:22.875] [info] [[94mControllerAndOtherEventHandler.cpp[0m:[95m239[0m [96moperator()[0m] Accepted new connection
[2026-09-01 03:05:22.875] [info] [[94mHttpSession.cpp[0m:[95m96[0m [96mhandleRequest[0m] Got request: GET /ndt/get_graph_data
[2026-09-01 03:05:22.875] [info] [[94mHttpSession.cpp[0m:[95m531[0m [96mhandleGetGraphData[0m] Handle Get Graph Data
[2026-09-01 03:05:22.890] [info] [[94mHttpSession.cpp[0m:[95m576[0m [96mhandleGetGraphData[0m] get_graph_data success
[2026-09-01 03:05:23.126] [info] [[94mControllerAndOtherEventHandler.cpp[0m:[95m239[0m [96moperator()[0m] Accepted new connection
[2026-09-01 03:05:23.126] [info] [[94mHttpSession.cpp[0m:[95m96[0m [96mhandleRequest[0m] Got request: GET /ndt/get_graph_data
[2026-09-01 03:05:23.126] [info] [[94mHttpSession.cpp[0m:[95m531[0m [96mhandleGetGraphData[0m] Handle Get Graph Data
[2026-09-01 03:05:23.145] [info] [[94mHttpSession.cpp[0m:[95m576[0m [96mhandleGetGraphData[0m] get_graph_data success
[2026-09-01 03:05:23.376] [info] [[94mControllerAndOtherEventHandler.cpp[0m:[95m239[0m [96moperator()[0m] Accepted new connection
[2026-09-01 03:05:23.376] [info] [[94mHttpSession.cpp[0m:[95m96[0m [96mhandleRequest[0m] Got request: GET /ndt/get_graph_data
[2026-09-01 03:05:23.376] [info] [[94mHttpSession.cpp[0m:[95m531[0m [96mhandleGetGraphData[0m] Handle Get Graph Data
[2026-09-01 03:05:23.395] [info] [[94mHttpSession.cpp[0m:[95m576[0m [96mhandleGetGraphData[0m] get_graph_data success
[2026-09-01 03:05:23.626] [info] [[94mControllerAndOtherEventHandler.cpp[0m:[95m239[0m [96moperator()[0m] Accepted new connection
[2026-09-01 03:05:23.626] [info] [[94mHttpSession.cpp[0m:[95m96[0m [96mhandleRequest[0m] Got request: GET /ndt/get_graph_data
[2026-09-01 03:05:23.626] [info] [[94mHttpSession.cpp[0m:[95m531[0m [96mhandleGetGraphData[0m] Handle Get Graph Data
[2026-09-01 03:05:23.643] [info] [[94mHttpSession.cpp[0m:[95m576[0m [96mhandleGetGraphData[0m] get_graph_data success
[2026-09-01 03:05:23.876] [info] [[94mControllerAndOtherEventHandler.cpp[0m:[95m239[0m [96moperator()[0m] Accepted new connection
[2026-09-01 03:05:23.876] [info] [[94mHttpSession.cpp[0m:[95m96[0m [96mhandleRequest[0m] Got request: GET /ndt/get_graph_data
[2026-09-01 03:05:23.876] [info] [[94mHttpSession.cpp[0m:[95m531[0m [96mhandleGetGraphData[0m] Handle Get Graph Data
[2026-09-01 03:05:23.895] [info] [[94mHttpSession.cpp[0m:[95m576[0m [96mhandleGetGraphData[0m] get_graph_data success
[2026-09-01 03:05:24.126] [info] [[94mControllerAndOtherEventHandler.cpp[0m:[95m239[0m [96moperator()[0m] Accepted new connection
[2026-09-01 03:05:24.126] [info] [[94mHttpSession.cpp[0m:[95m96[0m [96mhandleRequest[0m] Got request: GET /ndt/get_graph_data
[2026-09-01 03:05:24.126] [info] [[94mHttpSession.cpp[0m:[95m531[0m [96mhandleGetGraphData[0m] Handle Get Graph Data
[2026-09-01 03:05:24.139] [info] [[94mHttpSession.cpp[0m:[95m576[0m [96mhandleGetGraphData[0m] get_graph_data success
[2026-09-01 03:05:24.376] [info] [[94mControllerAndOtherEventHandler.cpp[0m:[95m239[0m [96moperator()[0m] Accepted new connection
[2026-09-01 03:05:24.376] [info] [[94mHttpSession.cpp[0m:[95m96[0m [96mhandleRequest[0m] Got request: GET /ndt/get_graph_data
[2026-09-01 03:05:24.376] [info] [[94mHttpSession.cpp[0m:[95m531[0m [96mhandleGetGraphData[0m] Handle Get Graph Data
[2026-09-01 03:05:24.395] [info] [[94mHttpSession.cpp[0m:[95m576[0m [96mhandleGetGraphData[0m] get_graph_data success
[2026-09-01 03:05:24.626] [info] [[94mControllerAndOtherEventHandler.cpp[0m:[95m239[0m [96moperator()[0m] Accepted new connection
[2026-09-01 03:05:24.626] [info] [[94mHttpSession.cpp[0m:[95m96[0m [96mhandleRequest[0m] Got request: GET /ndt/get_graph_data
[2026-09-01 03:05:24.626] [info] [[94mHttpSession.cpp[0m:[95m531[0m [96mhandleGetGraphData[0m] Handle Get Graph Data
[2026-09-01 03:05:24.645] [info] [[94mHttpSession.cpp[0m:[95m576[0m [96mhandleGetGraphData[0m] get_graph_data success
[2026-09-01 03:05:24.876] [info] [[94mControllerAndOtherEventHandler.cpp[0m:[95m239[0m [96moperator()[0m] Accepted new connection
[2026-09-01 03:05:24.876] [info] [[94mHttpSession.cpp[0m:[95m96[0m [96mhandleRequest[0m] Got request: GET /ndt/get_graph_data
[2026-09-01 03:05:24.876] [info] [[94mHttpSession.cpp[0m:[95m531[0m [96mhandleGetGraphData[0m] Handle Get Graph Data
[2026-09-01 03:05:24.895] [info] [[94mHttpSession.cpp[0m:[95m576[0m [96mhandleGetGraphData[0m] get_graph_data success
[2026-09-01 03:05:25.126] [info] [[94mControllerAndOtherEventHandler.cpp[0m:[95m239[0m [96moperator()[0m] Accepted new connection
[2026-09-01 03:05:25.126] [info] [[94mHttpSession.cpp[0m:[95m96[0m [96mhandleRequest[0m] Got request: GET /ndt/get_graph_data
[2026-09-01 03:05:25.126] [info] [[94mHttpSession.cpp[0m:[95m531[0m [96mhandleGetGraphData[0m] Handle Get Graph Data
[2026-09-01 03:05:25.145] [info] [[94mHttpSession.cpp[0m:[95m576[0m [96mhandleGetGraphData[0m] get_graph_data success
[2026-09-01 03:05:25.376] [info] [[94mControllerAndOtherEventHandler.cpp[0m:[95m239[0m [96moperator()[0m] Accepted new connection
[2026-09-01 03:05:25.377] [info] [[94mHttpSession.cpp[0m:[95m96[0m [96mhandleRequest[0m] Got request: GET /ndt/get_graph_data
[2026-09-01 03:05:25.377] [info] [[94mHttpSession.cpp[0m:[95m531[0m [96mhandleGetGraphData[0m] Handle Get Graph Data
[2026-09-01 03:05:25.392] [info] [[94mHttpSession.cpp[0m:[95m576[0m [96mhandleGetGraphData[0m] get_graph_data success
[2026-09-01 03:05:25.627] [info] [[94mControllerAndOtherEventHandler.cpp[0m:[95m239[0m [96moperator()[0m] Accepted new connection
[2026-09-01 03:05:25.627] [info] [[94mHttpSession.cpp[0m:[95m96[0m [96mhandleRequest[0m] Got request: GET /ndt/get_graph_data
[2026-09-01 03:05:25.627] [info] [[94mHttpSession.cpp[0m:[95m531[0m [96mhandleGetGraphData[0m] Handle Get Graph Data
[2026-09-01 03:05:25.646] [info] [[94mHttpSession.cpp[0m:[95m576[0m [96mhandleGetGraphData[0m] get_graph_data success
[2026-09-01 03:05:25.876] [info] [[94mControllerAndOtherEventHandler.cpp[0m:[95m239[0m [96moperator()[0m] Accepted new connection
[2026-09-01 03:05:25.876] [info] [[94mHttpSession.cpp[0m:[95m96[0m [96mhandleRequest[0m] Got request: GET /ndt/get_graph_data
[2026-09-01 03:05:25.877] [info] [[94mHttpSession.cpp[0m:[95m531[0m [96mhandleGetGraphData[0m] Handle Get Graph Data
[2026-09-01 03:05:25.896] [info] [[94mHttpSession.cpp[0m:[95m576[0m [96mhandleGetGraphData[0m] get_graph_data success
[2026-09-01 03:05:26.126] [info] [[94mControllerAndOtherEventHandler.cpp[0m:[95m239[0m [96moperator()[0m] Accepted new connection
[2026-09-01 03:05:26.127] [info] [[94mHttpSession.cpp[0m:[95m96[0m [96mhandleRequest[0m] Got request: GET /ndt/get_graph_data
[2026-09-01 03:05:26.127] [info] [[94mHttpSession.cpp[0m:[95m531[0m [96mhandleGetGraphData[0m] Handle Get Graph Data
[2026-09-01 03:05:26.145] [info] [[94mHttpSession.cpp[0m:[95m576[0m [96mhandleGetGraphData[0m] get_graph_data success
[2026-09-01 03:05:26.376] [info] [[94mControllerAndOtherEventHandler.cpp[0m:[95m239[0m [96moperator()[0m] Accepted new connection
[2026-09-01 03:05:26.376] [info] [[94mHttpSession.cpp[0m:[95m96[0m [96mhandleRequest[0m] Got request: GET /ndt/get_graph_data
[2026-09-01 03:05:26.376] [info] [[94mHttpSession.cpp[0m:[95m531[0m [96mhandleGetGraphData[0m] Handle Get Graph Data
[2026-09-01 03:05:26.395] [info] [[94mHttpSession.cpp[0m:[95m576[0m [96mhandleGetGraphData[0m] get_graph_data success
[2026-09-01 03:05:26.627] [info] [[94mControllerAndOtherEventHandler.cpp[0m:[95m239[0m [96moperator()[0m] Accepted new connection
[2026-09-01 03:05:26.627] [info] [[94mHttpSession.cpp[0m:[95m96[0m [96mhandleRequest[0m] Got request: GET /ndt/get_graph_data
[2026-09-01 03:05:26.627] [info] [[94mHttpSession.cpp[0m:[95m531[0m [96mhandleGetGraphData[0m] Handle Get Graph Data
[2026-09-01 03:05:26.646] [info] [[94mHttpSession.cpp[0m:[95m576[0m [96mhandleGetGraphData[0m] get_graph_data success
[2026-09-01 03:05:26.877] [info] [[94mControllerAndOtherEventHandler.cpp[0m:[95m239[0m [96moperator()[0m] Accepted new connection
[2026-09-01 03:05:26.877] [info] [[94mHttpSession.cpp[0m:[95m96[0m [96mhandleRequest[0m] Got request: GET /ndt/get_graph_data
[2026-09-01 03:05:26.877] [info] [[94mHttpSession.cpp[0m:[95m531[0m [96mhandleGetGraphData[0m] Handle Get Graph Data
[2026-09-01 03:05:26.892] [info] [[94mHttpSession.cpp[0m:[95m576[0m [96mhandleGetGraphData[0m] get_graph_data success
[2026-09-01 03:05:27.126] [info] [[94mControllerAndOtherEventHandler.cpp[0m:[95m239[0m [96moperator()[0m] Accepted new connection
[2026-09-01 03:05:27.126] [info] [[94mHttpSession.cpp[0m:[95m96[0m [96mhandleRequest[0m] Got request: GET /ndt/get_graph_data
[2026-09-01 03:05:27.126] [info] [[94mHttpSession.cpp[0m:[95m531[0m [96mhandleGetGraphData[0m] Handle Get Graph Data
[2026-09-01 03:05:27.138] [info] [[94mHttpSession.cpp[0m:[95m576[0m [96mhandleGetGraphData[0m] get_graph_data success
[2026-09-01 03:05:27.194] [info] [[94mFlowLinkUsageCollector.cpp[0m:[95m2255[0m [96mpurgeIdleFlows[0m] Flow Key: 10.0.0.33 -> 10.0.0.1 idles
[2026-09-01 03:05:27.194] [info] [[94mFlowLinkUsageCollector.cpp[0m:[95m2255[0m [96mpurgeIdleFlows[0m] Flow Key: 10.0.0.1 -> 10.0.0.33 idles
[2026-09-01 03:05:27.377] [info] [[94mControllerAndOtherEventHandler.cpp[0m:[95m239[0m [96moperator()[0m] Accepted new connection
[2026-09-01 03:05:27.377] [info] [[94mHttpSession.cpp[0m:[95m96[0m [96mhandleRequest[0m] Got request: GET /ndt/get_graph_data
[2026-09-01 03:05:27.377] [info] [[94mHttpSession.cpp[0m:[95m531[0m [96mhandleGetGraphData[0m] Handle Get Graph Data
[2026-09-01 03:05:27.396] [info] [[94mHttpSession.cpp[0m:[95m576[0m [96mhandleGetGraphData[0m] get_graph_data success
[2026-09-01 03:05:27.627] [info] [[94mControllerAndOtherEventHandler.cpp[0m:[95m239[0m [96moperator()[0m] Accepted new connection
[2026-09-01 03:05:27.627] [info] [[94mHttpSession.cpp[0m:[95m96[0m [96mhandleRequest[0m] Got request: GET /ndt/get_graph_data
[2026-09-01 03:05:27.628] [info] [[94mHttpSession.cpp[0m:[95m531[0m [96mhandleGetGraphData[0m] Handle Get Graph Data
[2026-09-01 03:05:27.647] [info] [[94mHttpSession.cpp[0m:[95m576[0m [96mhandleGetGraphData[0m] get_graph_data success
[2026-09-01 03:05:27.876] [info] [[94mControllerAndOtherEventHandler.cpp[0m:[95m239[0m [96moperator()[0m] Accepted new connection
[2026-09-01 03:05:27.877] [info] [[94mHttpSession.cpp[0m:[95m96[0m [96mhandleRequest[0m] Got request: GET /ndt/get_graph_data
[2026-09-01 03:05:27.877] [info] [[94mHttpSession.cpp[0m:[95m531[0m [96mhandleGetGraphData[0m] Handle Get Graph Data
[2026-09-01 03:05:27.895] [info] [[94mHttpSession.cpp[0m:[95m576[0m [96mhandleGetGraphData[0m] get_graph_data success
[2026-09-01 03:05:28.128] [info] [[94mControllerAndOtherEventHandler.cpp[0m:[95m239[0m [96moperator()[0m] Accepted new connection
[2026-09-01 03:05:28.128] [info] [[94mHttpSession.cpp[0m:[95m96[0m [96mhandleRequest[0m] Got request: GET /ndt/get_graph_data
[2026-09-01 03:05:28.128] [info] [[94mHttpSession.cpp[0m:[95m531[0m [96mhandleGetGraphData[0m] Handle Get Graph Data
[2026-09-01 03:05:28.146] [info] [[94mHttpSession.cpp[0m:[95m576[0m [96mhandleGetGraphData[0m] get_graph_data success
[2026-09-01 03:05:28.377] [info] [[94mControllerAndOtherEventHandler.cpp[0m:[95m239[0m [96moperator()[0m] Accepted new connection
[2026-09-01 03:05:28.377] [info] [[94mHttpSession.cpp[0m:[95m96[0m [96mhandleRequest[0m] Got request: GET /ndt/get_graph_data
[2026-09-01 03:05:28.377] [info] [[94mHttpSession.cpp[0m:[95m531[0m [96mhandleGetGraphData[0m] Handle Get Graph Data
[2026-09-01 03:05:28.396] [info] [[94mHttpSession.cpp[0m:[95m576[0m [96mhandleGetGraphData[0m] get_graph_data success
[2026-09-01 03:05:28.628] [info] [[94mControllerAndOtherEventHandler.cpp[0m:[95m239[0m [96moperator()[0m] Accepted new connection
[2026-09-01 03:05:28.628] [info] [[94mHttpSession.cpp[0m:[95m96[0m [96mhandleRequest[0m] Got request: GET /ndt/get_graph_data
[2026-09-01 03:05:28.628] [info] [[94mHttpSession.cpp[0m:[95m531[0m [96mhandleGetGraphData[0m] Handle Get Graph Data
[2026-09-01 03:05:28.645] [info] [[94mHttpSession.cpp[0m:[95m576[0m [96mhandleGetGraphData[0m] get_graph_data success
[2026-09-01 03:05:28.877] [info] [[94mControllerAndOtherEventHandler.cpp[0m:[95m239[0m [96moperator()[0m] Accepted new connection
[2026-09-01 03:05:28.877] [info] [[94mHttpSession.cpp[0m:[95m96[0m [96mhandleRequest[0m] Got request: GET /ndt/get_graph_data
[2026-09-01 03:05:28.877] [info] [[94mHttpSession.cpp[0m:[95m531[0m [96mhandleGetGraphData[0m] Handle Get Graph Data
[2026-09-01 03:05:28.891] [info] [[94mHttpSession.cpp[0m:[95m576[0m [96mhandleGetGraphData[0m] get_graph_data success
[2026-09-01 03:05:29.127] [info] [[94mControllerAndOtherEventHandler.cpp[0m:[95m239[0m [96moperator()[0m] Accepted new connection
[2026-09-01 03:05:29.127] [info] [[94mHttpSession.cpp[0m:[95m96[0m [96mhandleRequest[0m] Got request: GET /ndt/get_graph_data
[2026-09-01 03:05:29.127] [info] [[94mHttpSession.cpp[0m:[95m531[0m [96mhandleGetGraphData[0m] Handle Get Graph Data
[2026-09-01 03:05:29.146] [info] [[94mHttpSession.cpp[0m:[95m576[0m [96mhandleGetGraphData[0m] get_graph_data success
[2026-09-01 03:05:29.378] [info] [[94mControllerAndOtherEventHandler.cpp[0m:[95m239[0m [96moperator()[0m] Accepted new connection
[2026-09-01 03:05:29.378] [info] [[94mHttpSession.cpp[0m:[95m96[0m [96mhandleRequest[0m] Got request: GET /ndt/get_graph_data
[2026-09-01 03:05:29.378] [info] [[94mHttpSession.cpp[0m:[95m531[0m [96mhandleGetGraphData[0m] Handle Get Graph Data
[2026-09-01 03:05:29.397] [info] [[94mHttpSession.cpp[0m:[95m576[0m [96mhandleGetGraphData[0m] get_graph_data success
[2026-09-01 03:05:29.628] [info] [[94mControllerAndOtherEventHandler.cpp[0m:[95m239[0m [96moperator()[0m] Accepted new connection
[2026-09-01 03:05:29.628] [info] [[94mHttpSession.cpp[0m:[95m96[0m [96mhandleRequest[0m] Got request: GET /ndt/get_graph_data
[2026-09-01 03:05:29.628] [info] [[94mHttpSession.cpp[0m:[95m531[0m [96mhandleGetGraphData[0m] Handle Get Graph Data
[2026-09-01 03:05:29.647] [info] [[94mHttpSession.cpp[0m:[95m576[0m [96mhandleGetGraphData[0m] get_graph_data success
[2026-09-01 03:05:29.878] [info] [[94mControllerAndOtherEventHandler.cpp[0m:[95m239[0m [96moperator()[0m] Accepted new connection
[2026-09-01 03:05:29.878] [info] [[94mHttpSession.cpp[0m:[95m96[0m [96mhandleRequest[0m] Got request: GET /ndt/get_graph_data
[2026-09-01 03:05:29.878] [info] [[94mHttpSession.cpp[0m:[95m531[0m [96mhandleGetGraphData[0m] Handle Get Graph Data
[2026-09-01 03:05:29.898] [info] [[94mHttpSession.cpp[0m:[95m576[0m [96mhandleGetGraphData[0m] get_graph_data success
[2026-09-01 03:05:30.128] [info] [[94mControllerAndOtherEventHandler.cpp[0m:[95m239[0m [96moperator()[0m] Accepted new connection
[2026-09-01 03:05:30.128] [info] [[94mHttpSession.cpp[0m:[95m96[0m [96mhandleRequest[0m] Got request: GET /ndt/get_graph_data
[2026-09-01 03:05:30.128] [info] [[94mHttpSession.cpp[0m:[95m531[0m [96mhandleGetGraphData[0m] Handle Get Graph Data
[2026-09-01 03:05:30.147] [info] [[94mHttpSession.cpp[0m:[95m576[0m [96mhandleGetGraphData[0m] get_graph_data success
[2026-09-01 03:05:30.378] [info] [[94mControllerAndOtherEventHandler.cpp[0m:[95m239[0m [96moperator()[0m] Accepted new connection
[2026-09-01 03:05:30.378] [info] [[94mHttpSession.cpp[0m:[95m96[0m [96mhandleRequest[0m] Got request: GET /ndt/get_graph_data
[2026-09-01 03:05:30.378] [info] [[94mHttpSession.cpp[0m:[95m531[0m [96mhandleGetGraphData[0m] Handle Get Graph Data
[2026-09-01 03:05:30.398] [info] [[94mHttpSession.cpp[0m:[95m576[0m [96mhandleGetGraphData[0m] get_graph_data success
[2026-09-01 03:05:30.628] [info] [[94mControllerAndOtherEventHandler.cpp[0m:[95m239[0m [96moperator()[0m] Accepted new connection
[2026-09-01 03:05:30.628] [info] [[94mHttpSession.cpp[0m:[95m96[0m [96mhandleRequest[0m] Got request: GET /ndt/get_graph_data
[2026-09-01 03:05:30.628] [info] [[94mHttpSession.cpp[0m:[95m531[0m [96mhandleGetGraphData[0m] Handle Get Graph Data
[2026-09-01 03:05:30.641] [info] [[94mHttpSession.cpp[0m:[95m576[0m [96mhandleGetGraphData[0m] get_graph_data success
[2026-09-01 03:05:30.879] [info] [[94mControllerAndOtherEventHandler.cpp[0m:[95m239[0m [96moperator()[0m] Accepted new connection
[2026-09-01 03:05:30.879] [info] [[94mHttpSession.cpp[0m:[95m96[0m [96mhandleRequest[0m] Got request: GET /ndt/get_graph_data
[2026-09-01 03:05:30.879] [info] [[94mHttpSession.cpp[0m:[95m531[0m [96mhandleGetGraphData[0m] Handle Get Graph Data
[2026-09-01 03:05:30.899] [info] [[94mHttpSession.cpp[0m:[95m576[0m [96mhandleGetGraphData[0m] get_graph_data success
[2026-09-01 03:05:31.128] [info] [[94mControllerAndOtherEventHandler.cpp[0m:[95m239[0m [96moperator()[0m] Accepted new connection
[2026-09-01 03:05:31.128] [info] [[94mHttpSession.cpp[0m:[95m96[0m [96mhandleRequest[0m] Got request: GET /ndt/get_graph_data
[2026-09-01 03:05:31.128] [info] [[94mHttpSession.cpp[0m:[95m531[0m [96mhandleGetGraphData[0m] Handle Get Graph Data
[2026-09-01 03:05:31.147] [info] [[94mHttpSession.cpp[0m:[95m576[0m [96mhandleGetGraphData[0m] get_graph_data success
[2026-09-01 03:05:31.378] [info] [[94mControllerAndOtherEventHandler.cpp[0m:[95m239[0m [96moperator()[0m] Accepted new connection
[2026-09-01 03:05:31.378] [info] [[94mHttpSession.cpp[0m:[95m96[0m [96mhandleRequest[0m] Got request: GET /ndt/get_graph_data
[2026-09-01 03:05:31.378] [info] [[94mHttpSession.cpp[0m:[95m531[0m [96mhandleGetGraphData[0m] Handle Get Graph Data
[2026-09-01 03:05:31.392] [info] [[94mHttpSession.cpp[0m:[95m576[0m [96mhandleGetGraphData[0m] get_graph_data success
[2026-09-01 03:05:31.628] [info] [[94mControllerAndOtherEventHandler.cpp[0m:[95m239[0m [96moperator()[0m] Accepted new connection
[2026-09-01 03:05:31.628] [info] [[94mHttpSession.cpp[0m:[95m96[0m [96mhandleRequest[0m] Got request: GET /ndt/get_graph_data
[2026-09-01 03:05:31.628] [info] [[94mHttpSession.cpp[0m:[95m531[0m [96mhandleGetGraphData[0m] Handle Get Graph Data
[2026-09-01 03:05:31.647] [info] [[94mHttpSession.cpp[0m:[95m576[0m [96mhandleGetGraphData[0m] get_graph_data success
[2026-09-01 03:05:31.879] [info] [[94mControllerAndOtherEventHandler.cpp[0m:[95m239[0m [96moperator()[0m] Accepted new connection
[2026-09-01 03:05:31.879] [info] [[94mHttpSession.cpp[0m:[95m96[0m [96mhandleRequest[0m] Got request: GET /ndt/get_graph_data
[2026-09-01 03:05:31.879] [info] [[94mHttpSession.cpp[0m:[95m531[0m [96mhandleGetGraphData[0m] Handle Get Graph Data
[2026-09-01 03:05:31.898] [info] [[94mHttpSession.cpp[0m:[95m576[0m [96mhandleGetGraphData[0m] get_graph_data success
[2026-09-01 03:05:32.129] [info] [[94mControllerAndOtherEventHandler.cpp[0m:[95m239[0m [96moperator()[0m] Accepted new connection
[2026-09-01 03:05:32.129] [info] [[94mHttpSession.cpp[0m:[95m96[0m [96mhandleRequest[0m] Got request: GET /ndt/get_graph_data
[2026-09-01 03:05:32.129] [info] [[94mHttpSession.cpp[0m:[95m531[0m [96mhandleGetGraphData[0m] Handle Get Graph Data
[2026-09-01 03:05:32.145] [info] [[94mHttpSession.cpp[0m:[95m576[0m [96mhandleGetGraphData[0m] get_graph_data success
[2026-09-01 03:05:32.379] [info] [[94mControllerAndOtherEventHandler.cpp[0m:[95m239[0m [96moperator()[0m] Accepted new connection
[2026-09-01 03:05:32.379] [info] [[94mHttpSession.cpp[0m:[95m96[0m [96mhandleRequest[0m] Got request: GET /ndt/get_graph_data
[2026-09-01 03:05:32.379] [info] [[94mHttpSession.cpp[0m:[95m531[0m [96mhandleGetGraphData[0m] Handle Get Graph Data
[2026-09-01 03:05:32.396] [info] [[94mHttpSession.cpp[0m:[95m576[0m [96mhandleGetGraphData[0m] get_graph_data success
[2026-09-01 03:05:32.628] [info] [[94mControllerAndOtherEventHandler.cpp[0m:[95m239[0m [96moperator()[0m] Accepted new connection
[2026-09-01 03:05:32.628] [info] [[94mHttpSession.cpp[0m:[95m96[0m [96mhandleRequest[0m] Got request: GET /ndt/get_graph_data
[2026-09-01 03:05:32.628] [info] [[94mHttpSession.cpp[0m:[95m531[0m [96mhandleGetGraphData[0m] Handle Get Graph Data
[2026-09-01 03:05:32.645] [info] [[94mHttpSession.cpp[0m:[95m576[0m [96mhandleGetGraphData[0m] get_graph_data success
[2026-09-01 03:05:32.879] [info] [[94mControllerAndOtherEventHandler.cpp[0m:[95m239[0m [96moperator()[0m] Accepted new connection
[2026-09-01 03:05:32.879] [info] [[94mHttpSession.cpp[0m:[95m96[0m [96mhandleRequest[0m] Got request: GET /ndt/get_graph_data
[2026-09-01 03:05:32.879] [info] [[94mHttpSession.cpp[0m:[95m531[0m [96mhandleGetGraphData[0m] Handle Get Graph Data
[2026-09-01 03:05:32.893] [info] [[94mHttpSession.cpp[0m:[95m576[0m [96mhandleGetGraphData[0m] get_graph_data success
[2026-09-01 03:05:33.129] [info] [[94mControllerAndOtherEventHandler.cpp[0m:[95m239[0m [96moperator()[0m] Accepted new connection
[2026-09-01 03:05:33.129] [info] [[94mHttpSession.cpp[0m:[95m96[0m [96mhandleRequest[0m] Got request: GET /ndt/get_graph_data
[2026-09-01 03:05:33.130] [info] [[94mHttpSession.cpp[0m:[95m531[0m [96mhandleGetGraphData[0m] Handle Get Graph Data
[2026-09-01 03:05:33.144] [info] [[94mHttpSession.cpp[0m:[95m576[0m [96mhandleGetGraphData[0m] get_graph_data success
[2026-09-01 03:05:33.379] [info] [[94mControllerAndOtherEventHandler.cpp[0m:[95m239[0m [96moperator()[0m] Accepted new connection
[2026-09-01 03:05:33.379] [info] [[94mHttpSession.cpp[0m:[95m96[0m [96mhandleRequest[0m] Got request: GET /ndt/get_graph_data
[2026-09-01 03:05:33.379] [info] [[94mHttpSession.cpp[0m:[95m531[0m [96mhandleGetGraphData[0m] Handle Get Graph Data
[2026-09-01 03:05:33.394] [info] [[94mHttpSession.cpp[0m:[95m576[0m [96mhandleGetGraphData[0m] get_graph_data success
[2026-09-01 03:05:33.629] [info] [[94mControllerAndOtherEventHandler.cpp[0m:[95m239[0m [96moperator()[0m] Accepted new connection
[2026-09-01 03:05:33.629] [info] [[94mHttpSession.cpp[0m:[95m96[0m [96mhandleRequest[0m] Got request: GET /ndt/get_graph_data
[2026-09-01 03:05:33.629] [info] [[94mHttpSession.cpp[0m:[95m531[0m [96mhandleGetGraphData[0m] Handle Get Graph Data
[2026-09-01 03:05:33.647] [info] [[94mHttpSession.cpp[0m:[95m576[0m [96mhandleGetGraphData[0m] get_graph_data success
[2026-09-01 03:05:33.879] [info] [[94mControllerAndOtherEventHandler.cpp[0m:[95m239[0m [96moperator()[0m] Accepted new connection
[2026-09-01 03:05:33.879] [info] [[94mHttpSession.cpp[0m:[95m96[0m [96mhandleRequest[0m] Got request: GET /ndt/get_graph_data
[2026-09-01 03:05:33.879] [info] [[94mHttpSession.cpp[0m:[95m531[0m [96mhandleGetGraphData[0m] Handle Get Graph Data
[2026-09-01 03:05:33.895] [info] [[94mHttpSession.cpp[0m:[95m576[0m [96mhandleGetGraphData[0m] get_graph_data success
[2026-09-01 03:05:34.129] [info] [[94mControllerAndOtherEventHandler.cpp[0m:[95m239[0m [96moperator()[0m] Accepted new connection
[2026-09-01 03:05:34.129] [info] [[94mHttpSession.cpp[0m:[95m96[0m [96mhandleRequest[0m] Got request: GET /ndt/get_graph_data
[2026-09-01 03:05:34.129] [info] [[94mHttpSession.cpp[0m:[95m531[0m [96mhandleGetGraphData[0m] Handle Get Graph Data
[2026-09-01 03:05:34.142] [info] [[94mHttpSession.cpp[0m:[95m576[0m [96mhandleGetGraphData[0m] get_graph_data success
[2026-09-01 03:05:34.379] [info] [[94mControllerAndOtherEventHandler.cpp[0m:[95m239[0m [96moperator()[0m] Accepted new connection
[2026-09-01 03:05:34.379] [info] [[94mHttpSession.cpp[0m:[95m96[0m [96mhandleRequest[0m] Got request: GET /ndt/get_graph_data
[2026-09-01 03:05:34.379] [info] [[94mHttpSession.cpp[0m:[95m531[0m [96mhandleGetGraphData[0m] Handle Get Graph Data
[2026-09-01 03:05:34.397] [info] [[94mHttpSession.cpp[0m:[95m576[0m [96mhandleGetGraphData[0m] get_graph_data success
[2026-09-01 03:05:34.629] [info] [[94mControllerAndOtherEventHandler.cpp[0m:[95m239[0m [96moperator()[0m] Accepted new connection
[2026-09-01 03:05:34.629] [info] [[94mHttpSession.cpp[0m:[95m96[0m [96mhandleRequest[0m] Got request: GET /ndt/get_graph_data
[2026-09-01 03:05:34.629] [info] [[94mHttpSession.cpp[0m:[95m531[0m [96mhandleGetGraphData[0m] Handle Get Graph Data
[2026-09-01 03:05:34.649] [info] [[94mHttpSession.cpp[0m:[95m576[0m [96mhandleGetGraphData[0m] get_graph_data success
[2026-09-01 03:05:34.879] [info] [[94mControllerAndOtherEventHandler.cpp[0m:[95m239[0m [96moperator()[0m] Accepted new connection
[2026-09-01 03:05:34.879] [info] [[94mHttpSession.cpp[0m:[95m96[0m [96mhandleRequest[0m] Got request: GET /ndt/get_graph_data
[2026-09-01 03:05:34.879] [info] [[94mHttpSession.cpp[0m:[95m531[0m [96mhandleGetGraphData[0m] Handle Get Graph Data
[2026-09-01 03:05:34.898] [info] [[94mHttpSession.cpp[0m:[95m576[0m [96mhandleGetGraphData[0m] get_graph_data success
[2026-09-01 03:05:35.130] [info] [[94mControllerAndOtherEventHandler.cpp[0m:[95m239[0m [96moperator()[0m] Accepted new connection
[2026-09-01 03:05:35.130] [info] [[94mHttpSession.cpp[0m:[95m96[0m [96mhandleRequest[0m] Got request: GET /ndt/get_graph_data
[2026-09-01 03:05:35.130] [info] [[94mHttpSession.cpp[0m:[95m531[0m [96mhandleGetGraphData[0m] Handle Get Graph Data
[2026-09-01 03:05:35.142] [info] [[94mHttpSession.cpp[0m:[95m576[0m [96mhandleGetGraphData[0m] get_graph_data success
[2026-09-01 03:05:35.379] [info] [[94mControllerAndOtherEventHandler.cpp[0m:[95m239[0m [96moperator()[0m] Accepted new connection
[2026-09-01 03:05:35.379] [info] [[94mHttpSession.cpp[0m:[95m96[0m [96mhandleRequest[0m] Got request: GET /ndt/get_graph_data
[2026-09-01 03:05:35.379] [info] [[94mHttpSession.cpp[0m:[95m531[0m [96mhandleGetGraphData[0m] Handle Get Graph Data
[2026-09-01 03:05:35.397] [info] [[94mHttpSession.cpp[0m:[95m576[0m [96mhandleGetGraphData[0m] get_graph_data success
[2026-09-01 03:05:35.630] [info] [[94mControllerAndOtherEventHandler.cpp[0m:[95m239[0m [96moperator()[0m] Accepted new connection
[2026-09-01 03:05:35.630] [info] [[94mHttpSession.cpp[0m:[95m96[0m [96mhandleRequest[0m] Got request: GET /ndt/get_graph_data
[2026-09-01 03:05:35.630] [info] [[94mHttpSession.cpp[0m:[95m531[0m [96mhandleGetGraphData[0m] Handle Get Graph Data
[2026-09-01 03:05:35.650] [info] [[94mHttpSession.cpp[0m:[95m576[0m [96mhandleGetGraphData[0m] get_graph_data success
[2026-09-01 03:05:35.880] [info] [[94mControllerAndOtherEventHandler.cpp[0m:[95m239[0m [96moperator()[0m] Accepted new connection
[2026-09-01 03:05:35.880] [info] [[94mHttpSession.cpp[0m:[95m96[0m [96mhandleRequest[0m] Got request: GET /ndt/get_graph_data
[2026-09-01 03:05:35.880] [info] [[94mHttpSession.cpp[0m:[95m531[0m [96mhandleGetGraphData[0m] Handle Get Graph Data
[2026-09-01 03:05:35.900] [info] [[94mHttpSession.cpp[0m:[95m576[0m [96mhandleGetGraphData[0m] get_graph_data success
[2026-09-01 03:05:36.130] [info] [[94mControllerAndOtherEventHandler.cpp[0m:[95m239[0m [96moperator()[0m] Accepted new connection
[2026-09-01 03:05:36.130] [info] [[94mHttpSession.cpp[0m:[95m96[0m [96mhandleRequest[0m] Got request: GET /ndt/get_graph_data
[2026-09-01 03:05:36.130] [info] [[94mHttpSession.cpp[0m:[95m531[0m [96mhandleGetGraphData[0m] Handle Get Graph Data
[2026-09-01 03:05:36.150] [info] [[94mHttpSession.cpp[0m:[95m576[0m [96mhandleGetGraphData[0m] get_graph_data success
[2026-09-01 03:05:36.380] [info] [[94mControllerAndOtherEventHandler.cpp[0m:[95m239[0m [96moperator()[0m] Accepted new connection
[2026-09-01 03:05:36.380] [info] [[94mHttpSession.cpp[0m:[95m96[0m [96mhandleRequest[0m] Got request: GET /ndt/get_graph_data
[2026-09-01 03:05:36.380] [info] [[94mHttpSession.cpp[0m:[95m531[0m [96mhandleGetGraphData[0m] Handle Get Graph Data
[2026-09-01 03:05:36.399] [info] [[94mHttpSession.cpp[0m:[95m576[0m [96mhandleGetGraphData[0m] get_graph_data success
[2026-09-01 03:05:36.630] [info] [[94mControllerAndOtherEventHandler.cpp[0m:[95m239[0m [96moperator()[0m] Accepted new connection
[2026-09-01 03:05:36.631] [info] [[94mHttpSession.cpp[0m:[95m96[0m [96mhandleRequest[0m] Got request: GET /ndt/get_graph_data
[2026-09-01 03:05:36.631] [info] [[94mHttpSession.cpp[0m:[95m531[0m [96mhandleGetGraphData[0m] Handle Get Graph Data
[2026-09-01 03:05:36.649] [info] [[94mHttpSession.cpp[0m:[95m576[0m [96mhandleGetGraphData[0m] get_graph_data success
[2026-09-01 03:05:36.879] [info] [[94mControllerAndOtherEventHandler.cpp[0m:[95m239[0m [96moperator()[0m] Accepted new connection
[2026-09-01 03:05:36.880] [info] [[94mHttpSession.cpp[0m:[95m96[0m [96mhandleRequest[0m] Got request: GET /ndt/get_graph_data
[2026-09-01 03:05:36.880] [info] [[94mHttpSession.cpp[0m:[95m531[0m [96mhandleGetGraphData[0m] Handle Get Graph Data
[2026-09-01 03:05:36.898] [info] [[94mHttpSession.cpp[0m:[95m576[0m [96mhandleGetGraphData[0m] get_graph_data success
[2026-09-01 03:05:37.130] [info] [[94mControllerAndOtherEventHandler.cpp[0m:[95m239[0m [96moperator()[0m] Accepted new connection
[2026-09-01 03:05:37.130] [info] [[94mHttpSession.cpp[0m:[95m96[0m [96mhandleRequest[0m] Got request: GET /ndt/get_graph_data
[2026-09-01 03:05:37.130] [info] [[94mHttpSession.cpp[0m:[95m531[0m [96mhandleGetGraphData[0m] Handle Get Graph Data
[2026-09-01 03:05:37.149] [info] [[94mHttpSession.cpp[0m:[95m576[0m [96mhandleGetGraphData[0m] get_graph_data success
[2026-09-01 03:05:37.380] [info] [[94mControllerAndOtherEventHandler.cpp[0m:[95m239[0m [96moperator()[0m] Accepted new connection
[2026-09-01 03:05:37.381] [info] [[94mHttpSession.cpp[0m:[95m96[0m [96mhandleRequest[0m] Got request: GET /ndt/get_graph_data
[2026-09-01 03:05:37.381] [info] [[94mHttpSession.cpp[0m:[95m531[0m [96mhandleGetGraphData[0m] Handle Get Graph Data
[2026-09-01 03:05:37.393] [info] [[94mHttpSession.cpp[0m:[95m576[0m [96mhandleGetGraphData[0m] get_graph_data success
[2026-09-01 03:05:37.631] [info] [[94mControllerAndOtherEventHandler.cpp[0m:[95m239[0m [96moperator()[0m] Accepted new connection
[2026-09-01 03:05:37.631] [info] [[94mHttpSession.cpp[0m:[95m96[0m [96mhandleRequest[0m] Got request: GET /ndt/get_graph_data
[2026-09-01 03:05:37.631] [info] [[94mHttpSession.cpp[0m:[95m531[0m [96mhandleGetGraphData[0m] Handle Get Graph Data
[2026-09-01 03:05:37.650] [info] [[94mHttpSession.cpp[0m:[95m576[0m [96mhandleGetGraphData[0m] get_graph_data success
[2026-09-01 03:05:37.880] [info] [[94mControllerAndOtherEventHandler.cpp[0m:[95m239[0m [96moperator()[0m] Accepted new connection
[2026-09-01 03:05:37.881] [info] [[94mHttpSession.cpp[0m:[95m96[0m [96mhandleRequest[0m] Got request: GET /ndt/get_graph_data
[2026-09-01 03:05:37.881] [info] [[94mHttpSession.cpp[0m:[95m531[0m [96mhandleGetGraphData[0m] Handle Get Graph Data
[2026-09-01 03:05:37.899] [info] [[94mHttpSession.cpp[0m:[95m576[0m [96mhandleGetGraphData[0m] get_graph_data success
[2026-09-01 03:05:38.130] [info] [[94mControllerAndOtherEventHandler.cpp[0m:[95m239[0m [96moperator()[0m] Accepted new connection
[2026-09-01 03:05:38.130] [info] [[94mHttpSession.cpp[0m:[95m96[0m [96mhandleRequest[0m] Got request: GET /ndt/get_graph_data
[2026-09-01 03:05:38.130] [info] [[94mHttpSession.cpp[0m:[95m531[0m [96mhandleGetGraphData[0m] Handle Get Graph Data
[2026-09-01 03:05:38.148] [info] [[94mHttpSession.cpp[0m:[95m576[0m [96mhandleGetGraphData[0m] get_graph_data success
[2026-09-01 03:05:38.380] [info] [[94mControllerAndOtherEventHandler.cpp[0m:[95m239[0m [96moperator()[0m] Accepted new connection
[2026-09-01 03:05:38.380] [info] [[94mHttpSession.cpp[0m:[95m96[0m [96mhandleRequest[0m] Got request: GET /ndt/get_graph_data
[2026-09-01 03:05:38.381] [info] [[94mHttpSession.cpp[0m:[95m531[0m [96mhandleGetGraphData[0m] Handle Get Graph Data
[2026-09-01 03:05:38.399] [info] [[94mHttpSession.cpp[0m:[95m576[0m [96mhandleGetGraphData[0m] get_graph_data success
[2026-09-01 03:05:38.631] [info] [[94mControllerAndOtherEventHandler.cpp[0m:[95m239[0m [96moperator()[0m] Accepted new connection
[2026-09-01 03:05:38.631] [info] [[94mHttpSession.cpp[0m:[95m96[0m [96mhandleRequest[0m] Got request: GET /ndt/get_graph_data
[2026-09-01 03:05:38.631] [info] [[94mHttpSession.cpp[0m:[95m531[0m [96mhandleGetGraphData[0m] Handle Get Graph Data
[2026-09-01 03:05:38.648] [info] [[94mHttpSession.cpp[0m:[95m576[0m [96mhandleGetGraphData[0m] get_graph_data success
[2026-09-01 03:05:38.881] [info] [[94mControllerAndOtherEventHandler.cpp[0m:[95m239[0m [96moperator()[0m] Accepted new connection
[2026-09-01 03:05:38.881] [info] [[94mHttpSession.cpp[0m:[95m96[0m [96mhandleRequest[0m] Got request: GET /ndt/get_graph_data
[2026-09-01 03:05:38.881] [info] [[94mHttpSession.cpp[0m:[95m531[0m [96mhandleGetGraphData[0m] Handle Get Graph Data
[2026-09-01 03:05:38.897] [info] [[94mHttpSession.cpp[0m:[95m576[0m [96mhandleGetGraphData[0m] get_graph_data success
[2026-09-01 03:05:39.130] [info] [[94mControllerAndOtherEventHandler.cpp[0m:[95m239[0m [96moperator()[0m] Accepted new connection
[2026-09-01 03:05:39.130] [info] [[94mHttpSession.cpp[0m:[95m96[0m [96mhandleRequest[0m] Got request: GET /ndt/get_graph_data
[2026-09-01 03:05:39.130] [info] [[94mHttpSession.cpp[0m:[95m531[0m [96mhandleGetGraphData[0m] Handle Get Graph Data
[2026-09-01 03:05:39.146] [info] [[94mHttpSession.cpp[0m:[95m576[0m [96mhandleGetGraphData[0m] get_graph_data success
[2026-09-01 03:05:39.381] [info] [[94mControllerAndOtherEventHandler.cpp[0m:[95m239[0m [96moperator()[0m] Accepted new connection
[2026-09-01 03:05:39.381] [info] [[94mHttpSession.cpp[0m:[95m96[0m [96mhandleRequest[0m] Got request: GET /ndt/get_graph_data
[2026-09-01 03:05:39.381] [info] [[94mHttpSession.cpp[0m:[95m531[0m [96mhandleGetGraphData[0m] Handle Get Graph Data
[2026-09-01 03:05:39.400] [info] [[94mHttpSession.cpp[0m:[95m576[0m [96mhandleGetGraphData[0m] get_graph_data success
[2026-09-01 03:05:39.631] [info] [[94mControllerAndOtherEventHandler.cpp[0m:[95m239[0m [96moperator()[0m] Accepted new connection
[2026-09-01 03:05:39.631] [info] [[94mHttpSession.cpp[0m:[95m96[0m [96mhandleRequest[0m] Got request: GET /ndt/get_graph_data
[2026-09-01 03:05:39.631] [info] [[94mHttpSession.cpp[0m:[95m531[0m [96mhandleGetGraphData[0m] Handle Get Graph Data
[2026-09-01 03:05:39.648] [info] [[94mHttpSession.cpp[0m:[95m576[0m [96mhandleGetGraphData[0m] get_graph_data success
[2026-09-01 03:05:39.881] [info] [[94mControllerAndOtherEventHandler.cpp[0m:[95m239[0m [96moperator()[0m] Accepted new connection
[2026-09-01 03:05:39.882] [info] [[94mHttpSession.cpp[0m:[95m96[0m [96mhandleRequest[0m] Got request: GET /ndt/get_graph_data
[2026-09-01 03:05:39.882] [info] [[94mHttpSession.cpp[0m:[95m531[0m [96mhandleGetGraphData[0m] Handle Get Graph Data
[2026-09-01 03:05:39.896] [info] [[94mHttpSession.cpp[0m:[95m576[0m [96mhandleGetGraphData[0m] get_graph_data success
[2026-09-01 03:05:40.131] [info] [[94mControllerAndOtherEventHandler.cpp[0m:[95m239[0m [96moperator()[0m] Accepted new connection
[2026-09-01 03:05:40.131] [info] [[94mHttpSession.cpp[0m:[95m96[0m [96mhandleRequest[0m] Got request: GET /ndt/get_graph_data
[2026-09-01 03:05:40.131] [info] [[94mHttpSession.cpp[0m:[95m531[0m [96mhandleGetGraphData[0m] Handle Get Graph Data
[2026-09-01 03:05:40.150] [info] [[94mHttpSession.cpp[0m:[95m576[0m [96mhandleGetGraphData[0m] get_graph_data success
[2026-09-01 03:05:40.381] [info] [[94mControllerAndOtherEventHandler.cpp[0m:[95m239[0m [96moperator()[0m] Accepted new connection
[2026-09-01 03:05:40.382] [info] [[94mHttpSession.cpp[0m:[95m96[0m [96mhandleRequest[0m] Got request: GET /ndt/get_graph_data
[2026-09-01 03:05:40.382] [info] [[94mHttpSession.cpp[0m:[95m531[0m [96mhandleGetGraphData[0m] Handle Get Graph Data
[2026-09-01 03:05:40.400] [info] [[94mHttpSession.cpp[0m:[95m576[0m [96mhandleGetGraphData[0m] get_graph_data success
[2026-09-01 03:05:40.631] [info] [[94mControllerAndOtherEventHandler.cpp[0m:[95m239[0m [96moperator()[0m] Accepted new connection
[2026-09-01 03:05:40.631] [info] [[94mHttpSession.cpp[0m:[95m96[0m [96mhandleRequest[0m] Got request: GET /ndt/get_graph_data
[2026-09-01 03:05:40.632] [info] [[94mHttpSession.cpp[0m:[95m531[0m [96mhandleGetGraphData[0m] Handle Get Graph Data
[2026-09-01 03:05:40.648] [info] [[94mHttpSession.cpp[0m:[95m576[0m [96mhandleGetGraphData[0m] get_graph_data success
[2026-09-01 03:05:40.881] [info] [[94mControllerAndOtherEventHandler.cpp[0m:[95m239[0m [96moperator()[0m] Accepted new connection
[2026-09-01 03:05:40.881] [info] [[94mHttpSession.cpp[0m:[95m96[0m [96mhandleRequest[0m] Got request: GET /ndt/get_graph_data
[2026-09-01 03:05:40.881] [info] [[94mHttpSession.cpp[0m:[95m531[0m [96mhandleGetGraphData[0m] Handle Get Graph Data
[2026-09-01 03:05:40.893] [info] [[94mHttpSession.cpp[0m:[95m576[0m [96mhandleGetGraphData[0m] get_graph_data success
[2026-09-01 03:05:41.131] [info] [[94mControllerAndOtherEventHandler.cpp[0m:[95m239[0m [96moperator()[0m] Accepted new connection
[2026-09-01 03:05:41.131] [info] [[94mHttpSession.cpp[0m:[95m96[0m [96mhandleRequest[0m] Got request: GET /ndt/get_graph_data
[2026-09-01 03:05:41.132] [info] [[94mHttpSession.cpp[0m:[95m531[0m [96mhandleGetGraphData[0m] Handle Get Graph Data
[2026-09-01 03:05:41.150] [info] [[94mHttpSession.cpp[0m:[95m576[0m [96mhandleGetGraphData[0m] get_graph_data success
[2026-09-01 03:05:41.382] [info] [[94mControllerAndOtherEventHandler.cpp[0m:[95m239[0m [96moperator()[0m] Accepted new connection
[2026-09-01 03:05:41.382] [info] [[94mHttpSession.cpp[0m:[95m96[0m [96mhandleRequest[0m] Got request: GET /ndt/get_graph_data
[2026-09-01 03:05:41.382] [info] [[94mHttpSession.cpp[0m:[95m531[0m [96mhandleGetGraphData[0m] Handle Get Graph Data
[2026-09-01 03:05:41.394] [info] [[94mHttpSession.cpp[0m:[95m576[0m [96mhandleGetGraphData[0m] get_graph_data success
[2026-09-01 03:05:41.632] [info] [[94mControllerAndOtherEventHandler.cpp[0m:[95m239[0m [96moperator()[0m] Accepted new connection
[2026-09-01 03:05:41.632] [info] [[94mHttpSession.cpp[0m:[95m96[0m [96mhandleRequest[0m] Got request: GET /ndt/get_graph_data
[2026-09-01 03:05:41.632] [info] [[94mHttpSession.cpp[0m:[95m531[0m [96mhandleGetGraphData[0m] Handle Get Graph Data
[2026-09-01 03:05:41.649] [info] [[94mHttpSession.cpp[0m:[95m576[0m [96mhandleGetGraphData[0m] get_graph_data success
[2026-09-01 03:05:41.882] [info] [[94mControllerAndOtherEventHandler.cpp[0m:[95m239[0m [96moperator()[0m] Accepted new connection
[2026-09-01 03:05:41.882] [info] [[94mHttpSession.cpp[0m:[95m96[0m [96mhandleRequest[0m] Got request: GET /ndt/get_graph_data
[2026-09-01 03:05:41.882] [info] [[94mHttpSession.cpp[0m:[95m531[0m [96mhandleGetGraphData[0m] Handle Get Graph Data
[2026-09-01 03:05:41.901] [info] [[94mHttpSession.cpp[0m:[95m576[0m [96mhandleGetGraphData[0m] get_graph_data success
[2026-09-01 03:05:42.131] [info] [[94mControllerAndOtherEventHandler.cpp[0m:[95m239[0m [96moperator()[0m] Accepted new connection
[2026-09-01 03:05:42.132] [info] [[94mHttpSession.cpp[0m:[95m96[0m [96mhandleRequest[0m] Got request: GET /ndt/get_graph_data
[2026-09-01 03:05:42.132] [info] [[94mHttpSession.cpp[0m:[95m531[0m [96mhandleGetGraphData[0m] Handle Get Graph Data
[2026-09-01 03:05:42.150] [info] [[94mHttpSession.cpp[0m:[95m576[0m [96mhandleGetGraphData[0m] get_graph_data success
[2026-09-01 03:05:42.382] [info] [[94mControllerAndOtherEventHandler.cpp[0m:[95m239[0m [96moperator()[0m] Accepted new connection
[2026-09-01 03:05:42.382] [info] [[94mHttpSession.cpp[0m:[95m96[0m [96mhandleRequest[0m] Got request: GET /ndt/get_graph_data
[2026-09-01 03:05:42.382] [info] [[94mHttpSession.cpp[0m:[95m531[0m [96mhandleGetGraphData[0m] Handle Get Graph Data
[2026-09-01 03:05:42.402] [info] [[94mHttpSession.cpp[0m:[95m576[0m [96mhandleGetGraphData[0m] get_graph_data success
[2026-09-01 03:05:42.632] [info] [[94mControllerAndOtherEventHandler.cpp[0m:[95m239[0m [96moperator()[0m] Accepted new connection
[2026-09-01 03:05:42.632] [info] [[94mHttpSession.cpp[0m:[95m96[0m [96mhandleRequest[0m] Got request: GET /ndt/get_graph_data
[2026-09-01 03:05:42.632] [info] [[94mHttpSession.cpp[0m:[95m531[0m [96mhandleGetGraphData[0m] Handle Get Graph Data
[2026-09-01 03:05:42.651] [info] [[94mHttpSession.cpp[0m:[95m576[0m [96mhandleGetGraphData[0m] get_graph_data success
[2026-09-01 03:05:42.882] [info] [[94mControllerAndOtherEventHandler.cpp[0m:[95m239[0m [96moperator()[0m] Accepted new connection
[2026-09-01 03:05:42.882] [info] [[94mHttpSession.cpp[0m:[95m96[0m [96mhandleRequest[0m] Got request: GET /ndt/get_graph_data
[2026-09-01 03:05:42.882] [info] [[94mHttpSession.cpp[0m:[95m531[0m [96mhandleGetGraphData[0m] Handle Get Graph Data
[2026-09-01 03:05:42.894] [info] [[94mHttpSession.cpp[0m:[95m576[0m [96mhandleGetGraphData[0m] get_graph_data success
[2026-09-01 03:05:43.132] [info] [[94mControllerAndOtherEventHandler.cpp[0m:[95m239[0m [96moperator()[0m] Accepted new connection
[2026-09-01 03:05:43.132] [info] [[94mHttpSession.cpp[0m:[95m96[0m [96mhandleRequest[0m] Got request: GET /ndt/get_graph_data
[2026-09-01 03:05:43.132] [info] [[94mHttpSession.cpp[0m:[95m531[0m [96mhandleGetGraphData[0m] Handle Get Graph Data
[2026-09-01 03:05:43.152] [info] [[94mHttpSession.cpp[0m:[95m576[0m [96mhandleGetGraphData[0m] get_graph_data success
[2026-09-01 03:05:43.382] [info] [[94mControllerAndOtherEventHandler.cpp[0m:[95m239[0m [96moperator()[0m] Accepted new connection
[2026-09-01 03:05:43.382] [info] [[94mHttpSession.cpp[0m:[95m96[0m [96mhandleRequest[0m] Got request: GET /ndt/get_graph_data
[2026-09-01 03:05:43.382] [info] [[94mHttpSession.cpp[0m:[95m531[0m [96mhandleGetGraphData[0m] Handle Get Graph Data
[2026-09-01 03:05:43.401] [info] [[94mHttpSession.cpp[0m:[95m576[0m [96mhandleGetGraphData[0m] get_graph_data success
[2026-09-01 03:05:43.632] [info] [[94mControllerAndOtherEventHandler.cpp[0m:[95m239[0m [96moperator()[0m] Accepted new connection
[2026-09-01 03:05:43.632] [info] [[94mHttpSession.cpp[0m:[95m96[0m [96mhandleRequest[0m] Got request: GET /ndt/get_graph_data
[2026-09-01 03:05:43.632] [info] [[94mHttpSession.cpp[0m:[95m531[0m [96mhandleGetGraphData[0m] Handle Get Graph Data
[2026-09-01 03:05:43.651] [info] [[94mHttpSession.cpp[0m:[95m576[0m [96mhandleGetGraphData[0m] get_graph_data success
[2026-09-01 03:05:43.882] [info] [[94mControllerAndOtherEventHandler.cpp[0m:[95m239[0m [96moperator()[0m] Accepted new connection
[2026-09-01 03:05:43.883] [info] [[94mHttpSession.cpp[0m:[95m96[0m [96mhandleRequest[0m] Got request: GET /ndt/get_graph_data
[2026-09-01 03:05:43.883] [info] [[94mHttpSession.cpp[0m:[95m531[0m [96mhandleGetGraphData[0m] Handle Get Graph Data
[2026-09-01 03:05:43.902] [info] [[94mHttpSession.cpp[0m:[95m576[0m [96mhandleGetGraphData[0m] get_graph_data success
[2026-09-01 03:05:44.132] [info] [[94mControllerAndOtherEventHandler.cpp[0m:[95m239[0m [96moperator()[0m] Accepted new connection
[2026-09-01 03:05:44.132] [info] [[94mHttpSession.cpp[0m:[95m96[0m [96mhandleRequest[0m] Got request: GET /ndt/get_graph_data
[2026-09-01 03:05:44.132] [info] [[94mHttpSession.cpp[0m:[95m531[0m [96mhandleGetGraphData[0m] Handle Get Graph Data
[2026-09-01 03:05:44.147] [info] [[94mHttpSession.cpp[0m:[95m576[0m [96mhandleGetGraphData[0m] get_graph_data success
[2026-09-01 03:05:44.383] [info] [[94mControllerAndOtherEventHandler.cpp[0m:[95m239[0m [96moperator()[0m] Accepted new connection
[2026-09-01 03:05:44.383] [info] [[94mHttpSession.cpp[0m:[95m96[0m [96mhandleRequest[0m] Got request: GET /ndt/get_graph_data
[2026-09-01 03:05:44.383] [info] [[94mHttpSession.cpp[0m:[95m531[0m [96mhandleGetGraphData[0m] Handle Get Graph Data
[2026-09-01 03:05:44.399] [info] [[94mHttpSession.cpp[0m:[95m576[0m [96mhandleGetGraphData[0m] get_graph_data success
[2026-09-01 03:05:44.632] [info] [[94mControllerAndOtherEventHandler.cpp[0m:[95m239[0m [96moperator()[0m] Accepted new connection
[2026-09-01 03:05:44.632] [info] [[94mHttpSession.cpp[0m:[95m96[0m [96mhandleRequest[0m] Got request: GET /ndt/get_graph_data
[2026-09-01 03:05:44.632] [info] [[94mHttpSession.cpp[0m:[95m531[0m [96mhandleGetGraphData[0m] Handle Get Graph Data
[2026-09-01 03:05:44.651] [info] [[94mHttpSession.cpp[0m:[95m576[0m [96mhandleGetGraphData[0m] get_graph_data success
[2026-09-01 03:05:44.883] [info] [[94mControllerAndOtherEventHandler.cpp[0m:[95m239[0m [96moperator()[0m] Accepted new connection
[2026-09-01 03:05:44.883] [info] [[94mHttpSession.cpp[0m:[95m96[0m [96mhandleRequest[0m] Got request: GET /ndt/get_graph_data
[2026-09-01 03:05:44.883] [info] [[94mHttpSession.cpp[0m:[95m531[0m [96mhandleGetGraphData[0m] Handle Get Graph Data
[2026-09-01 03:05:44.903] [info] [[94mHttpSession.cpp[0m:[95m576[0m [96mhandleGetGraphData[0m] get_graph_data success
[2026-09-01 03:05:45.133] [info] [[94mControllerAndOtherEventHandler.cpp[0m:[95m239[0m [96moperator()[0m] Accepted new connection
[2026-09-01 03:05:45.133] [info] [[94mHttpSession.cpp[0m:[95m96[0m [96mhandleRequest[0m] Got request: GET /ndt/get_graph_data
[2026-09-01 03:05:45.133] [info] [[94mHttpSession.cpp[0m:[95m531[0m [96mhandleGetGraphData[0m] Handle Get Graph Data
[2026-09-01 03:05:45.146] [info] [[94mHttpSession.cpp[0m:[95m576[0m [96mhandleGetGraphData[0m] get_graph_data success
[2026-09-01 03:05:45.383] [info] [[94mControllerAndOtherEventHandler.cpp[0m:[95m239[0m [96moperator()[0m] Accepted new connection
[2026-09-01 03:05:45.383] [info] [[94mHttpSession.cpp[0m:[95m96[0m [96mhandleRequest[0m] Got request: GET /ndt/get_graph_data
[2026-09-01 03:05:45.383] [info] [[94mHttpSession.cpp[0m:[95m531[0m [96mhandleGetGraphData[0m] Handle Get Graph Data
[2026-09-01 03:05:45.397] [info] [[94mHttpSession.cpp[0m:[95m576[0m [96mhandleGetGraphData[0m] get_graph_data success
[2026-09-01 03:05:45.633] [info] [[94mControllerAndOtherEventHandler.cpp[0m:[95m239[0m [96moperator()[0m] Accepted new connection
[2026-09-01 03:05:45.633] [info] [[94mHttpSession.cpp[0m:[95m96[0m [96mhandleRequest[0m] Got request: GET /ndt/get_graph_data
[2026-09-01 03:05:45.633] [info] [[94mHttpSession.cpp[0m:[95m531[0m [96mhandleGetGraphData[0m] Handle Get Graph Data
[2026-09-01 03:05:45.652] [info] [[94mHttpSession.cpp[0m:[95m576[0m [96mhandleGetGraphData[0m] get_graph_data success
[2026-09-01 03:05:45.882] [info] [[94mControllerAndOtherEventHandler.cpp[0m:[95m239[0m [96moperator()[0m] Accepted new connection
[2026-09-01 03:05:45.882] [info] [[94mHttpSession.cpp[0m:[95m96[0m [96mhandleRequest[0m] Got request: GET /ndt/get_graph_data
[2026-09-01 03:05:45.882] [info] [[94mHttpSession.cpp[0m:[95m531[0m [96mhandleGetGraphData[0m] Handle Get Graph Data
[2026-09-01 03:05:45.897] [info] [[94mHttpSession.cpp[0m:[95m576[0m [96mhandleGetGraphData[0m] get_graph_data success
[2026-09-01 03:05:46.132] [info] [[94mControllerAndOtherEventHandler.cpp[0m:[95m239[0m [96moperator()[0m] Accepted new connection
[2026-09-01 03:05:46.132] [info] [[94mHttpSession.cpp[0m:[95m96[0m [96mhandleRequest[0m] Got request: GET /ndt/get_graph_data
[2026-09-01 03:05:46.132] [info] [[94mHttpSession.cpp[0m:[95m531[0m [96mhandleGetGraphData[0m] Handle Get Graph Data
[2026-09-01 03:05:46.152] [info] [[94mHttpSession.cpp[0m:[95m576[0m [96mhandleGetGraphData[0m] get_graph_data success
[2026-09-01 03:05:46.248] [info] [[94mFlowLinkUsageCollector.cpp[0m:[95m1807[0m [96mcalAvgFlowSendingRatesPeriodically[0m] rate loop period: last 30 iters mean 1001.6 ms | since start (59 iters) mean 1001.0 ms, min 1000.1, max 1003.9 (flows=1, counters=4) -- the LAST-N figure is the current denominator; the since-start one lags it
[2026-09-01 03:05:46.251] [info] [[94mFlowLinkUsageCollector.cpp[0m:[95m2016[0m [96mcalAvgFlowSendingRatesPeriodically[0m] rate divisor check: measured_interval_s=1.000932 divisor_used_s=1.000932 (ticket Q gate: these must agree to 1%; a negative divisor means no rate has been published yet, which is not a pass)
[2026-09-01 03:05:46.383] [info] [[94mControllerAndOtherEventHandler.cpp[0m:[95m239[0m [96moperator()[0m] Accepted new connection
[2026-09-01 03:05:46.383] [info] [[94mHttpSession.cpp[0m:[95m96[0m [96mhandleRequest[0m] Got request: GET /ndt/get_graph_data
[2026-09-01 03:05:46.383] [info] [[94mHttpSession.cpp[0m:[95m531[0m [96mhandleGetGraphData[0m] Handle Get Graph Data
[2026-09-01 03:05:46.396] [info] [[94mHttpSession.cpp[0m:[95m576[0m [96mhandleGetGraphData[0m] get_graph_data success
[2026-09-01 03:05:46.633] [info] [[94mControllerAndOtherEventHandler.cpp[0m:[95m239[0m [96moperator()[0m] Accepted new connection
[2026-09-01 03:05:46.633] [info] [[94mHttpSession.cpp[0m:[95m96[0m [96mhandleRequest[0m] Got request: GET /ndt/get_graph_data
[2026-09-01 03:05:46.633] [info] [[94mHttpSession.cpp[0m:[95m531[0m [96mhandleGetGraphData[0m] Handle Get Graph Data
[2026-09-01 03:05:46.651] [info] [[94mHttpSession.cpp[0m:[95m576[0m [96mhandleGetGraphData[0m] get_graph_data success
[2026-09-01 03:05:46.884] [info] [[94mControllerAndOtherEventHandler.cpp[0m:[95m239[0m [96moperator()[0m] Accepted new connection
[2026-09-01 03:05:46.884] [info] [[94mHttpSession.cpp[0m:[95m96[0m [96mhandleRequest[0m] Got request: GET /ndt/get_graph_data
[2026-09-01 03:05:46.884] [info] [[94mHttpSession.cpp[0m:[95m531[0m [96mhandleGetGraphData[0m] Handle Get Graph Data
[2026-09-01 03:05:46.897] [info] [[94mHttpSession.cpp[0m:[95m576[0m [96mhandleGetGraphData[0m] get_graph_data success
[2026-09-01 03:05:47.134] [info] [[94mControllerAndOtherEventHandler.cpp[0m:[95m239[0m [96moperator()[0m] Accepted new connection
[2026-09-01 03:05:47.134] [info] [[94mHttpSession.cpp[0m:[95m96[0m [96mhandleRequest[0m] Got request: GET /ndt/get_graph_data
[2026-09-01 03:05:47.134] [info] [[94mHttpSession.cpp[0m:[95m531[0m [96mhandleGetGraphData[0m] Handle Get Graph Data
[2026-09-01 03:05:47.153] [info] [[94mHttpSession.cpp[0m:[95m576[0m [96mhandleGetGraphData[0m] get_graph_data success
[2026-09-01 03:05:47.383] [info] [[94mControllerAndOtherEventHandler.cpp[0m:[95m239[0m [96moperator()[0m] Accepted new connection
[2026-09-01 03:05:47.383] [info] [[94mHttpSession.cpp[0m:[95m96[0m [96mhandleRequest[0m] Got request: GET /ndt/get_graph_data
[2026-09-01 03:05:47.383] [info] [[94mHttpSession.cpp[0m:[95m531[0m [96mhandleGetGraphData[0m] Handle Get Graph Data
[2026-09-01 03:05:47.397] [info] [[94mHttpSession.cpp[0m:[95m576[0m [96mhandleGetGraphData[0m] get_graph_data success
[2026-09-01 03:05:47.633] [info] [[94mControllerAndOtherEventHandler.cpp[0m:[95m239[0m [96moperator()[0m] Accepted new connection
[2026-09-01 03:05:47.634] [info] [[94mHttpSession.cpp[0m:[95m96[0m [96mhandleRequest[0m] Got request: GET /ndt/get_graph_data
[2026-09-01 03:05:47.634] [info] [[94mHttpSession.cpp[0m:[95m531[0m [96mhandleGetGraphData[0m] Handle Get Graph Data
[2026-09-01 03:05:47.652] [info] [[94mHttpSession.cpp[0m:[95m576[0m [96mhandleGetGraphData[0m] get_graph_data success
[2026-09-01 03:05:47.884] [info] [[94mControllerAndOtherEventHandler.cpp[0m:[95m239[0m [96moperator()[0m] Accepted new connection
[2026-09-01 03:05:47.884] [info] [[94mHttpSession.cpp[0m:[95m96[0m [96mhandleRequest[0m] Got request: GET /ndt/get_graph_data
[2026-09-01 03:05:47.884] [info] [[94mHttpSession.cpp[0m:[95m531[0m [96mhandleGetGraphData[0m] Handle Get Graph Data
[2026-09-01 03:05:47.903] [info] [[94mHttpSession.cpp[0m:[95m576[0m [96mhandleGetGraphData[0m] get_graph_data success
[2026-09-01 03:05:48.134] [info] [[94mControllerAndOtherEventHandler.cpp[0m:[95m239[0m [96moperator()[0m] Accepted new connection
[2026-09-01 03:05:48.134] [info] [[94mHttpSession.cpp[0m:[95m96[0m [96mhandleRequest[0m] Got request: GET /ndt/get_graph_data
[2026-09-01 03:05:48.134] [info] [[94mHttpSession.cpp[0m:[95m531[0m [96mhandleGetGraphData[0m] Handle Get Graph Data
[2026-09-01 03:05:48.153] [info] [[94mHttpSession.cpp[0m:[95m576[0m [96mhandleGetGraphData[0m] get_graph_data success
[2026-09-01 03:05:48.384] [info] [[94mControllerAndOtherEventHandler.cpp[0m:[95m239[0m [96moperator()[0m] Accepted new connection
[2026-09-01 03:05:48.384] [info] [[94mHttpSession.cpp[0m:[95m96[0m [96mhandleRequest[0m] Got request: GET /ndt/get_graph_data
[2026-09-01 03:05:48.384] [info] [[94mHttpSession.cpp[0m:[95m531[0m [96mhandleGetGraphData[0m] Handle Get Graph Data
[2026-09-01 03:05:48.403] [info] [[94mHttpSession.cpp[0m:[95m576[0m [96mhandleGetGraphData[0m] get_graph_data success
[2026-09-01 03:05:48.634] [info] [[94mControllerAndOtherEventHandler.cpp[0m:[95m239[0m [96moperator()[0m] Accepted new connection
[2026-09-01 03:05:48.634] [info] [[94mHttpSession.cpp[0m:[95m96[0m [96mhandleRequest[0m] Got request: GET /ndt/get_graph_data
[2026-09-01 03:05:48.634] [info] [[94mHttpSession.cpp[0m:[95m531[0m [96mhandleGetGraphData[0m] Handle Get Graph Data
[2026-09-01 03:05:48.653] [info] [[94mHttpSession.cpp[0m:[95m576[0m [96mhandleGetGraphData[0m] get_graph_data success
[2026-09-01 03:05:48.884] [info] [[94mControllerAndOtherEventHandler.cpp[0m:[95m239[0m [96moperator()[0m] Accepted new connection
[2026-09-01 03:05:48.884] [info] [[94mHttpSession.cpp[0m:[95m96[0m [96mhandleRequest[0m] Got request: GET /ndt/get_graph_data
[2026-09-01 03:05:48.884] [info] [[94mHttpSession.cpp[0m:[95m531[0m [96mhandleGetGraphData[0m] Handle Get Graph Data
[2026-09-01 03:05:48.903] [info] [[94mHttpSession.cpp[0m:[95m576[0m [96mhandleGetGraphData[0m] get_graph_data success
[2026-09-01 03:05:49.134] [info] [[94mControllerAndOtherEventHandler.cpp[0m:[95m239[0m [96moperator()[0m] Accepted new connection
[2026-09-01 03:05:49.134] [info] [[94mHttpSession.cpp[0m:[95m96[0m [96mhandleRequest[0m] Got request: GET /ndt/get_graph_data
[2026-09-01 03:05:49.134] [info] [[94mHttpSession.cpp[0m:[95m531[0m [96mhandleGetGraphData[0m] Handle Get Graph Data
[2026-09-01 03:05:49.152] [info] [[94mHttpSession.cpp[0m:[95m576[0m [96mhandleGetGraphData[0m] get_graph_data success
[2026-09-01 03:05:49.384] [info] [[94mControllerAndOtherEventHandler.cpp[0m:[95m239[0m [96moperator()[0m] Accepted new connection
[2026-09-01 03:05:49.384] [info] [[94mHttpSession.cpp[0m:[95m96[0m [96mhandleRequest[0m] Got request: GET /ndt/get_graph_data
[2026-09-01 03:05:49.385] [info] [[94mHttpSession.cpp[0m:[95m531[0m [96mhandleGetGraphData[0m] Handle Get Graph Data
[2026-09-01 03:05:49.404] [info] [[94mHttpSession.cpp[0m:[95m576[0m [96mhandleGetGraphData[0m] get_graph_data success
[2026-09-01 03:05:49.635] [info] [[94mControllerAndOtherEventHandler.cpp[0m:[95m239[0m [96moperator()[0m] Accepted new connection
[2026-09-01 03:05:49.635] [info] [[94mHttpSession.cpp[0m:[95m96[0m [96mhandleRequest[0m] Got request: GET /ndt/get_graph_data
[2026-09-01 03:05:49.635] [info] [[94mHttpSession.cpp[0m:[95m531[0m [96mhandleGetGraphData[0m] Handle Get Graph Data
[2026-09-01 03:05:49.654] [info] [[94mHttpSession.cpp[0m:[95m576[0m [96mhandleGetGraphData[0m] get_graph_data success
[2026-09-01 03:05:49.884] [info] [[94mControllerAndOtherEventHandler.cpp[0m:[95m239[0m [96moperator()[0m] Accepted new connection
[2026-09-01 03:05:49.885] [info] [[94mHttpSession.cpp[0m:[95m96[0m [96mhandleRequest[0m] Got request: GET /ndt/get_graph_data
[2026-09-01 03:05:49.885] [info] [[94mHttpSession.cpp[0m:[95m531[0m [96mhandleGetGraphData[0m] Handle Get Graph Data
[2026-09-01 03:05:49.897] [info] [[94mHttpSession.cpp[0m:[95m576[0m [96mhandleGetGraphData[0m] get_graph_data success
[2026-09-01 03:05:50.135] [info] [[94mControllerAndOtherEventHandler.cpp[0m:[95m239[0m [96moperator()[0m] Accepted new connection
[2026-09-01 03:05:50.135] [info] [[94mHttpSession.cpp[0m:[95m96[0m [96mhandleRequest[0m] Got request: GET /ndt/get_graph_data
[2026-09-01 03:05:50.135] [info] [[94mHttpSession.cpp[0m:[95m531[0m [96mhandleGetGraphData[0m] Handle Get Graph Data
[2026-09-01 03:05:50.149] [info] [[94mHttpSession.cpp[0m:[95m576[0m [96mhandleGetGraphData[0m] get_graph_data success
[2026-09-01 03:05:50.385] [info] [[94mControllerAndOtherEventHandler.cpp[0m:[95m239[0m [96moperator()[0m] Accepted new connection
[2026-09-01 03:05:50.385] [info] [[94mHttpSession.cpp[0m:[95m96[0m [96mhandleRequest[0m] Got request: GET /ndt/get_graph_data
[2026-09-01 03:05:50.385] [info] [[94mHttpSession.cpp[0m:[95m531[0m [96mhandleGetGraphData[0m] Handle Get Graph Data
[2026-09-01 03:05:50.404] [info] [[94mHttpSession.cpp[0m:[95m576[0m [96mhandleGetGraphData[0m] get_graph_data success
[2026-09-01 03:05:50.635] [info] [[94mControllerAndOtherEventHandler.cpp[0m:[95m239[0m [96moperator()[0m] Accepted new connection
[2026-09-01 03:05:50.635] [info] [[94mHttpSession.cpp[0m:[95m96[0m [96mhandleRequest[0m] Got request: GET /ndt/get_graph_data
[2026-09-01 03:05:50.635] [info] [[94mHttpSession.cpp[0m:[95m531[0m [96mhandleGetGraphData[0m] Handle Get Graph Data
[2026-09-01 03:05:50.654] [info] [[94mHttpSession.cpp[0m:[95m576[0m [96mhandleGetGraphData[0m] get_graph_data success
[2026-09-01 03:05:50.884] [info] [[94mControllerAndOtherEventHandler.cpp[0m:[95m239[0m [96moperator()[0m] Accepted new connection
[2026-09-01 03:05:50.884] [info] [[94mHttpSession.cpp[0m:[95m96[0m [96mhandleRequest[0m] Got request: GET /ndt/get_graph_data
[2026-09-01 03:05:50.884] [info] [[94mHttpSession.cpp[0m:[95m531[0m [96mhandleGetGraphData[0m] Handle Get Graph Data
[2026-09-01 03:05:50.897] [info] [[94mHttpSession.cpp[0m:[95m576[0m [96mhandleGetGraphData[0m] get_graph_data success
[2026-09-01 03:05:51.134] [info] [[94mControllerAndOtherEventHandler.cpp[0m:[95m239[0m [96moperator()[0m] Accepted new connection
[2026-09-01 03:05:51.135] [info] [[94mHttpSession.cpp[0m:[95m96[0m [96mhandleRequest[0m] Got request: GET /ndt/get_graph_data
[2026-09-01 03:05:51.135] [info] [[94mHttpSession.cpp[0m:[95m531[0m [96mhandleGetGraphData[0m] Handle Get Graph Data
[2026-09-01 03:05:51.153] [info] [[94mHttpSession.cpp[0m:[95m576[0m [96mhandleGetGraphData[0m] get_graph_data success
[2026-09-01 03:05:51.385] [info] [[94mControllerAndOtherEventHandler.cpp[0m:[95m239[0m [96moperator()[0m] Accepted new connection
[2026-09-01 03:05:51.385] [info] [[94mHttpSession.cpp[0m:[95m96[0m [96mhandleRequest[0m] Got request: GET /ndt/get_graph_data
[2026-09-01 03:05:51.385] [info] [[94mHttpSession.cpp[0m:[95m531[0m [96mhandleGetGraphData[0m] Handle Get Graph Data
[2026-09-01 03:05:51.404] [info] [[94mHttpSession.cpp[0m:[95m576[0m [96mhandleGetGraphData[0m] get_graph_data success
[2026-09-01 03:05:51.635] [info] [[94mControllerAndOtherEventHandler.cpp[0m:[95m239[0m [96moperator()[0m] Accepted new connection
[2026-09-01 03:05:51.635] [info] [[94mHttpSession.cpp[0m:[95m96[0m [96mhandleRequest[0m] Got request: GET /ndt/get_graph_data
[2026-09-01 03:05:51.635] [info] [[94mHttpSession.cpp[0m:[95m531[0m [96mhandleGetGraphData[0m] Handle Get Graph Data
[2026-09-01 03:05:51.654] [info] [[94mHttpSession.cpp[0m:[95m576[0m [96mhandleGetGraphData[0m] get_graph_data success
[2026-09-01 03:05:51.885] [info] [[94mControllerAndOtherEventHandler.cpp[0m:[95m239[0m [96moperator()[0m] Accepted new connection
[2026-09-01 03:05:51.885] [info] [[94mHttpSession.cpp[0m:[95m96[0m [96mhandleRequest[0m] Got request: GET /ndt/get_graph_data
[2026-09-01 03:05:51.885] [info] [[94mHttpSession.cpp[0m:[95m531[0m [96mhandleGetGraphData[0m] Handle Get Graph Data
[2026-09-01 03:05:51.904] [info] [[94mHttpSession.cpp[0m:[95m576[0m [96mhandleGetGraphData[0m] get_graph_data success
[2026-09-01 03:05:52.135] [info] [[94mControllerAndOtherEventHandler.cpp[0m:[95m239[0m [96moperator()[0m] Accepted new connection
[2026-09-01 03:05:52.136] [info] [[94mHttpSession.cpp[0m:[95m96[0m [96mhandleRequest[0m] Got request: GET /ndt/get_graph_data
[2026-09-01 03:05:52.136] [info] [[94mHttpSession.cpp[0m:[95m531[0m [96mhandleGetGraphData[0m] Handle Get Graph Data
[2026-09-01 03:05:52.152] [info] [[94mHttpSession.cpp[0m:[95m576[0m [96mhandleGetGraphData[0m] get_graph_data success
[2026-09-01 03:05:52.385] [info] [[94mControllerAndOtherEventHandler.cpp[0m:[95m239[0m [96moperator()[0m] Accepted new connection
[2026-09-01 03:05:52.386] [info] [[94mHttpSession.cpp[0m:[95m96[0m [96mhandleRequest[0m] Got request: GET /ndt/get_graph_data
[2026-09-01 03:05:52.386] [info] [[94mHttpSession.cpp[0m:[95m531[0m [96mhandleGetGraphData[0m] Handle Get Graph Data
[2026-09-01 03:05:52.404] [info] [[94mHttpSession.cpp[0m:[95m576[0m [96mhandleGetGraphData[0m] get_graph_data success
[2026-09-01 03:05:52.635] [info] [[94mControllerAndOtherEventHandler.cpp[0m:[95m239[0m [96moperator()[0m] Accepted new connection
[2026-09-01 03:05:52.635] [info] [[94mHttpSession.cpp[0m:[95m96[0m [96mhandleRequest[0m] Got request: GET /ndt/get_graph_data
[2026-09-01 03:05:52.635] [info] [[94mHttpSession.cpp[0m:[95m531[0m [96mhandleGetGraphData[0m] Handle Get Graph Data
[2026-09-01 03:05:52.654] [info] [[94mHttpSession.cpp[0m:[95m576[0m [96mhandleGetGraphData[0m] get_graph_data success
[2026-09-01 03:05:52.885] [info] [[94mControllerAndOtherEventHandler.cpp[0m:[95m239[0m [96moperator()[0m] Accepted new connection
[2026-09-01 03:05:52.886] [info] [[94mHttpSession.cpp[0m:[95m96[0m [96mhandleRequest[0m] Got request: GET /ndt/get_graph_data
[2026-09-01 03:05:52.886] [info] [[94mHttpSession.cpp[0m:[95m531[0m [96mhandleGetGraphData[0m] Handle Get Graph Data
[2026-09-01 03:05:52.905] [info] [[94mHttpSession.cpp[0m:[95m576[0m [96mhandleGetGraphData[0m] get_graph_data success
[2026-09-01 03:05:52.923] [info] [[94mFlowLinkUsageCollector.cpp[0m:[95m2558[0m [96mfetchAllDestinationPaths[0m] Pulled 16256 paths from controller
[2026-09-01 03:05:53.136] [info] [[94mControllerAndOtherEventHandler.cpp[0m:[95m239[0m [96moperator()[0m] Accepted new connection
[2026-09-01 03:05:53.136] [info] [[94mHttpSession.cpp[0m:[95m96[0m [96mhandleRequest[0m] Got request: GET /ndt/get_graph_data
[2026-09-01 03:05:53.136] [info] [[94mHttpSession.cpp[0m:[95m531[0m [96mhandleGetGraphData[0m] Handle Get Graph Data
[2026-09-01 03:05:53.154] [info] [[94mHttpSession.cpp[0m:[95m576[0m [96mhandleGetGraphData[0m] get_graph_data success
[2026-09-01 03:05:53.385] [info] [[94mControllerAndOtherEventHandler.cpp[0m:[95m239[0m [96moperator()[0m] Accepted new connection
[2026-09-01 03:05:53.386] [info] [[94mHttpSession.cpp[0m:[95m96[0m [96mhandleRequest[0m] Got request: GET /ndt/get_graph_data
[2026-09-01 03:05:53.386] [info] [[94mHttpSession.cpp[0m:[95m531[0m [96mhandleGetGraphData[0m] Handle Get Graph Data
[2026-09-01 03:05:53.404] [info] [[94mHttpSession.cpp[0m:[95m576[0m [96mhandleGetGraphData[0m] get_graph_data success
[2026-09-01 03:05:53.636] [info] [[94mControllerAndOtherEventHandler.cpp[0m:[95m239[0m [96moperator()[0m] Accepted new connection
[2026-09-01 03:05:53.636] [info] [[94mHttpSession.cpp[0m:[95m96[0m [96mhandleRequest[0m] Got request: GET /ndt/get_graph_data
[2026-09-01 03:05:53.636] [info] [[94mHttpSession.cpp[0m:[95m531[0m [96mhandleGetGraphData[0m] Handle Get Graph Data
[2026-09-01 03:05:53.655] [info] [[94mHttpSession.cpp[0m:[95m576[0m [96mhandleGetGraphData[0m] get_graph_data success
[2026-09-01 03:05:53.886] [info] [[94mControllerAndOtherEventHandler.cpp[0m:[95m239[0m [96moperator()[0m] Accepted new connection
[2026-09-01 03:05:53.886] [info] [[94mHttpSession.cpp[0m:[95m96[0m [96mhandleRequest[0m] Got request: GET /ndt/get_graph_data
[2026-09-01 03:05:53.886] [info] [[94mHttpSession.cpp[0m:[95m531[0m [96mhandleGetGraphData[0m] Handle Get Graph Data
[2026-09-01 03:05:53.904] [info] [[94mHttpSession.cpp[0m:[95m576[0m [96mhandleGetGraphData[0m] get_graph_data success
[2026-09-01 03:05:54.136] [info] [[94mControllerAndOtherEventHandler.cpp[0m:[95m239[0m [96moperator()[0m] Accepted new connection
[2026-09-01 03:05:54.136] [info] [[94mHttpSession.cpp[0m:[95m96[0m [96mhandleRequest[0m] Got request: GET /ndt/get_graph_data
[2026-09-01 03:05:54.136] [info] [[94mHttpSession.cpp[0m:[95m531[0m [96mhandleGetGraphData[0m] Handle Get Graph Data
[2026-09-01 03:05:54.149] [info] [[94mHttpSession.cpp[0m:[95m576[0m [96mhandleGetGraphData[0m] get_graph_data success
[2026-09-01 03:05:54.386] [info] [[94mControllerAndOtherEventHandler.cpp[0m:[95m239[0m [96moperator()[0m] Accepted new connection
[2026-09-01 03:05:54.386] [info] [[94mHttpSession.cpp[0m:[95m96[0m [96mhandleRequest[0m] Got request: GET /ndt/get_graph_data
[2026-09-01 03:05:54.386] [info] [[94mHttpSession.cpp[0m:[95m531[0m [96mhandleGetGraphData[0m] Handle Get Graph Data
[2026-09-01 03:05:54.404] [info] [[94mHttpSession.cpp[0m:[95m576[0m [96mhandleGetGraphData[0m] get_graph_data success
[2026-09-01 03:05:54.635] [info] [[94mControllerAndOtherEventHandler.cpp[0m:[95m239[0m [96moperator()[0m] Accepted new connection
[2026-09-01 03:05:54.635] [info] [[94mHttpSession.cpp[0m:[95m96[0m [96mhandleRequest[0m] Got request: GET /ndt/get_graph_data
[2026-09-01 03:05:54.635] [info] [[94mHttpSession.cpp[0m:[95m531[0m [96mhandleGetGraphData[0m] Handle Get Graph Data
[2026-09-01 03:05:54.649] [info] [[94mHttpSession.cpp[0m:[95m576[0m [96mhandleGetGraphData[0m] get_graph_data success
[2026-09-01 03:05:54.886] [info] [[94mControllerAndOtherEventHandler.cpp[0m:[95m239[0m [96moperator()[0m] Accepted new connection
[2026-09-01 03:05:54.886] [info] [[94mHttpSession.cpp[0m:[95m96[0m [96mhandleRequest[0m] Got request: GET /ndt/get_graph_data
[2026-09-01 03:05:54.886] [info] [[94mHttpSession.cpp[0m:[95m531[0m [96mhandleGetGraphData[0m] Handle Get Graph Data
[2026-09-01 03:05:54.899] [info] [[94mHttpSession.cpp[0m:[95m576[0m [96mhandleGetGraphData[0m] get_graph_data success
[2026-09-01 03:05:55.136] [info] [[94mControllerAndOtherEventHandler.cpp[0m:[95m239[0m [96moperator()[0m] Accepted new connection
[2026-09-01 03:05:55.136] [info] [[94mHttpSession.cpp[0m:[95m96[0m [96mhandleRequest[0m] Got request: GET /ndt/get_graph_data
[2026-09-01 03:05:55.136] [info] [[94mHttpSession.cpp[0m:[95m531[0m [96mhandleGetGraphData[0m] Handle Get Graph Data
[2026-09-01 03:05:55.155] [info] [[94mHttpSession.cpp[0m:[95m576[0m [96mhandleGetGraphData[0m] get_graph_data success
[2026-09-01 03:05:55.386] [info] [[94mControllerAndOtherEventHandler.cpp[0m:[95m239[0m [96moperator()[0m] Accepted new connection
[2026-09-01 03:05:55.386] [info] [[94mHttpSession.cpp[0m:[95m96[0m [96mhandleRequest[0m] Got request: GET /ndt/get_graph_data
[2026-09-01 03:05:55.386] [info] [[94mHttpSession.cpp[0m:[95m531[0m [96mhandleGetGraphData[0m] Handle Get Graph Data
[2026-09-01 03:05:55.405] [info] [[94mHttpSession.cpp[0m:[95m576[0m [96mhandleGetGraphData[0m] get_graph_data success
[2026-09-01 03:05:55.637] [info] [[94mControllerAndOtherEventHandler.cpp[0m:[95m239[0m [96moperator()[0m] Accepted new connection
[2026-09-01 03:05:55.637] [info] [[94mHttpSession.cpp[0m:[95m96[0m [96mhandleRequest[0m] Got request: GET /ndt/get_graph_data
[2026-09-01 03:05:55.637] [info] [[94mHttpSession.cpp[0m:[95m531[0m [96mhandleGetGraphData[0m] Handle Get Graph Data
[2026-09-01 03:05:55.650] [info] [[94mHttpSession.cpp[0m:[95m576[0m [96mhandleGetGraphData[0m] get_graph_data success
[2026-09-01 03:05:55.886] [info] [[94mControllerAndOtherEventHandler.cpp[0m:[95m239[0m [96moperator()[0m] Accepted new connection
[2026-09-01 03:05:55.886] [info] [[94mHttpSession.cpp[0m:[95m96[0m [96mhandleRequest[0m] Got request: GET /ndt/get_graph_data
[2026-09-01 03:05:55.886] [info] [[94mHttpSession.cpp[0m:[95m531[0m [96mhandleGetGraphData[0m] Handle Get Graph Data
[2026-09-01 03:05:55.898] [info] [[94mHttpSession.cpp[0m:[95m576[0m [96mhandleGetGraphData[0m] get_graph_data success
[2026-09-01 03:05:56.136] [info] [[94mControllerAndOtherEventHandler.cpp[0m:[95m239[0m [96moperator()[0m] Accepted new connection
[2026-09-01 03:05:56.137] [info] [[94mHttpSession.cpp[0m:[95m96[0m [96mhandleRequest[0m] Got request: GET /ndt/get_graph_data
[2026-09-01 03:05:56.137] [info] [[94mHttpSession.cpp[0m:[95m531[0m [96mhandleGetGraphData[0m] Handle Get Graph Data
[2026-09-01 03:05:56.156] [info] [[94mHttpSession.cpp[0m:[95m576[0m [96mhandleGetGraphData[0m] get_graph_data success
[2026-09-01 03:05:56.387] [info] [[94mControllerAndOtherEventHandler.cpp[0m:[95m239[0m [96moperator()[0m] Accepted new connection
[2026-09-01 03:05:56.387] [info] [[94mHttpSession.cpp[0m:[95m96[0m [96mhandleRequest[0m] Got request: GET /ndt/get_graph_data
[2026-09-01 03:05:56.387] [info] [[94mHttpSession.cpp[0m:[95m531[0m [96mhandleGetGraphData[0m] Handle Get Graph Data
[2026-09-01 03:05:56.406] [info] [[94mHttpSession.cpp[0m:[95m576[0m [96mhandleGetGraphData[0m] get_graph_data success
[2026-09-01 03:05:56.636] [info] [[94mControllerAndOtherEventHandler.cpp[0m:[95m239[0m [96moperator()[0m] Accepted new connection
[2026-09-01 03:05:56.636] [info] [[94mHttpSession.cpp[0m:[95m96[0m [96mhandleRequest[0m] Got request: GET /ndt/get_graph_data
[2026-09-01 03:05:56.636] [info] [[94mHttpSession.cpp[0m:[95m531[0m [96mhandleGetGraphData[0m] Handle Get Graph Data
[2026-09-01 03:05:56.653] [info] [[94mHttpSession.cpp[0m:[95m576[0m [96mhandleGetGraphData[0m] get_graph_data success
[2026-09-01 03:05:56.886] [info] [[94mControllerAndOtherEventHandler.cpp[0m:[95m239[0m [96moperator()[0m] Accepted new connection
[2026-09-01 03:05:56.886] [info] [[94mHttpSession.cpp[0m:[95m96[0m [96mhandleRequest[0m] Got request: GET /ndt/get_graph_data
[2026-09-01 03:05:56.886] [info] [[94mHttpSession.cpp[0m:[95m531[0m [96mhandleGetGraphData[0m] Handle Get Graph Data
[2026-09-01 03:05:56.899] [info] [[94mHttpSession.cpp[0m:[95m576[0m [96mhandleGetGraphData[0m] get_graph_data success
[2026-09-01 03:05:57.137] [info] [[94mControllerAndOtherEventHandler.cpp[0m:[95m239[0m [96moperator()[0m] Accepted new connection
[2026-09-01 03:05:57.137] [info] [[94mHttpSession.cpp[0m:[95m96[0m [96mhandleRequest[0m] Got request: GET /ndt/get_graph_data
[2026-09-01 03:05:57.137] [info] [[94mHttpSession.cpp[0m:[95m531[0m [96mhandleGetGraphData[0m] Handle Get Graph Data
[2026-09-01 03:05:57.156] [info] [[94mHttpSession.cpp[0m:[95m576[0m [96mhandleGetGraphData[0m] get_graph_data success
[2026-09-01 03:05:57.387] [info] [[94mControllerAndOtherEventHandler.cpp[0m:[95m239[0m [96moperator()[0m] Accepted new connection
[2026-09-01 03:05:57.387] [info] [[94mHttpSession.cpp[0m:[95m96[0m [96mhandleRequest[0m] Got request: GET /ndt/get_graph_data
[2026-09-01 03:05:57.387] [info] [[94mHttpSession.cpp[0m:[95m531[0m [96mhandleGetGraphData[0m] Handle Get Graph Data
[2026-09-01 03:05:57.402] [info] [[94mHttpSession.cpp[0m:[95m576[0m [96mhandleGetGraphData[0m] get_graph_data success
[2026-09-01 03:05:57.637] [info] [[94mControllerAndOtherEventHandler.cpp[0m:[95m239[0m [96moperator()[0m] Accepted new connection
[2026-09-01 03:05:57.638] [info] [[94mHttpSession.cpp[0m:[95m96[0m [96mhandleRequest[0m] Got request: GET /ndt/get_graph_data
[2026-09-01 03:05:57.638] [info] [[94mHttpSession.cpp[0m:[95m531[0m [96mhandleGetGraphData[0m] Handle Get Graph Data
[2026-09-01 03:05:57.657] [info] [[94mHttpSession.cpp[0m:[95m576[0m [96mhandleGetGraphData[0m] get_graph_data success
[2026-09-01 03:05:57.887] [info] [[94mControllerAndOtherEventHandler.cpp[0m:[95m239[0m [96moperator()[0m] Accepted new connection
[2026-09-01 03:05:57.887] [info] [[94mHttpSession.cpp[0m:[95m96[0m [96mhandleRequest[0m] Got request: GET /ndt/get_graph_data
[2026-09-01 03:05:57.887] [info] [[94mHttpSession.cpp[0m:[95m531[0m [96mhandleGetGraphData[0m] Handle Get Graph Data
[2026-09-01 03:05:57.905] [info] [[94mHttpSession.cpp[0m:[95m576[0m [96mhandleGetGraphData[0m] get_graph_data success
[2026-09-01 03:05:58.137] [info] [[94mControllerAndOtherEventHandler.cpp[0m:[95m239[0m [96moperator()[0m] Accepted new connection
[2026-09-01 03:05:58.138] [info] [[94mHttpSession.cpp[0m:[95m96[0m [96mhandleRequest[0m] Got request: GET /ndt/get_graph_data
[2026-09-01 03:05:58.138] [info] [[94mHttpSession.cpp[0m:[95m531[0m [96mhandleGetGraphData[0m] Handle Get Graph Data
[2026-09-01 03:05:58.155] [info] [[94mHttpSession.cpp[0m:[95m576[0m [96mhandleGetGraphData[0m] get_graph_data success
[2026-09-01 03:05:58.387] [info] [[94mControllerAndOtherEventHandler.cpp[0m:[95m239[0m [96moperator()[0m] Accepted new connection
[2026-09-01 03:05:58.387] [info] [[94mHttpSession.cpp[0m:[95m96[0m [96mhandleRequest[0m] Got request: GET /ndt/get_graph_data
[2026-09-01 03:05:58.387] [info] [[94mHttpSession.cpp[0m:[95m531[0m [96mhandleGetGraphData[0m] Handle Get Graph Data
[2026-09-01 03:05:58.406] [info] [[94mHttpSession.cpp[0m:[95m576[0m [96mhandleGetGraphData[0m] get_graph_data success
[2026-09-01 03:05:58.638] [info] [[94mControllerAndOtherEventHandler.cpp[0m:[95m239[0m [96moperator()[0m] Accepted new connection
[2026-09-01 03:05:58.638] [info] [[94mHttpSession.cpp[0m:[95m96[0m [96mhandleRequest[0m] Got request: GET /ndt/get_graph_data
[2026-09-01 03:05:58.638] [info] [[94mHttpSession.cpp[0m:[95m531[0m [96mhandleGetGraphData[0m] Handle Get Graph Data
[2026-09-01 03:05:58.657] [info] [[94mHttpSession.cpp[0m:[95m576[0m [96mhandleGetGraphData[0m] get_graph_data success
[2026-09-01 03:05:58.887] [info] [[94mControllerAndOtherEventHandler.cpp[0m:[95m239[0m [96moperator()[0m] Accepted new connection
[2026-09-01 03:05:58.887] [info] [[94mHttpSession.cpp[0m:[95m96[0m [96mhandleRequest[0m] Got request: GET /ndt/get_graph_data
[2026-09-01 03:05:58.887] [info] [[94mHttpSession.cpp[0m:[95m531[0m [96mhandleGetGraphData[0m] Handle Get Graph Data
[2026-09-01 03:05:58.906] [info] [[94mHttpSession.cpp[0m:[95m576[0m [96mhandleGetGraphData[0m] get_graph_data success
[2026-09-01 03:05:59.137] [info] [[94mControllerAndOtherEventHandler.cpp[0m:[95m239[0m [96moperator()[0m] Accepted new connection
[2026-09-01 03:05:59.137] [info] [[94mHttpSession.cpp[0m:[95m96[0m [96mhandleRequest[0m] Got request: GET /ndt/get_graph_data
[2026-09-01 03:05:59.137] [info] [[94mHttpSession.cpp[0m:[95m531[0m [96mhandleGetGraphData[0m] Handle Get Graph Data
[2026-09-01 03:05:59.151] [info] [[94mHttpSession.cpp[0m:[95m576[0m [96mhandleGetGraphData[0m] get_graph_data success
[2026-09-01 03:05:59.387] [info] [[94mControllerAndOtherEventHandler.cpp[0m:[95m239[0m [96moperator()[0m] Accepted new connection
[2026-09-01 03:05:59.387] [info] [[94mHttpSession.cpp[0m:[95m96[0m [96mhandleRequest[0m] Got request: GET /ndt/get_graph_data
[2026-09-01 03:05:59.387] [info] [[94mHttpSession.cpp[0m:[95m531[0m [96mhandleGetGraphData[0m] Handle Get Graph Data
[2026-09-01 03:05:59.406] [info] [[94mHttpSession.cpp[0m:[95m576[0m [96mhandleGetGraphData[0m] get_graph_data success
[2026-09-01 03:05:59.638] [info] [[94mControllerAndOtherEventHandler.cpp[0m:[95m239[0m [96moperator()[0m] Accepted new connection
[2026-09-01 03:05:59.638] [info] [[94mHttpSession.cpp[0m:[95m96[0m [96mhandleRequest[0m] Got request: GET /ndt/get_graph_data
[2026-09-01 03:05:59.638] [info] [[94mHttpSession.cpp[0m:[95m531[0m [96mhandleGetGraphData[0m] Handle Get Graph Data
[2026-09-01 03:05:59.655] [info] [[94mHttpSession.cpp[0m:[95m576[0m [96mhandleGetGraphData[0m] get_graph_data success
[2026-09-01 03:05:59.888] [info] [[94mControllerAndOtherEventHandler.cpp[0m:[95m239[0m [96moperator()[0m] Accepted new connection
[2026-09-01 03:05:59.888] [info] [[94mHttpSession.cpp[0m:[95m96[0m [96mhandleRequest[0m] Got request: GET /ndt/get_graph_data
[2026-09-01 03:05:59.888] [info] [[94mHttpSession.cpp[0m:[95m531[0m [96mhandleGetGraphData[0m] Handle Get Graph Data
[2026-09-01 03:05:59.906] [info] [[94mHttpSession.cpp[0m:[95m576[0m [96mhandleGetGraphData[0m] get_graph_data success
[2026-09-01 03:06:00.138] [info] [[94mControllerAndOtherEventHandler.cpp[0m:[95m239[0m [96moperator()[0m] Accepted new connection
[2026-09-01 03:06:00.138] [info] [[94mHttpSession.cpp[0m:[95m96[0m [96mhandleRequest[0m] Got request: GET /ndt/get_graph_data
[2026-09-01 03:06:00.138] [info] [[94mHttpSession.cpp[0m:[95m531[0m [96mhandleGetGraphData[0m] Handle Get Graph Data
[2026-09-01 03:06:00.151] [info] [[94mHttpSession.cpp[0m:[95m576[0m [96mhandleGetGraphData[0m] get_graph_data success
[2026-09-01 03:06:00.387] [info] [[94mControllerAndOtherEventHandler.cpp[0m:[95m239[0m [96moperator()[0m] Accepted new connection
[2026-09-01 03:06:00.387] [info] [[94mHttpSession.cpp[0m:[95m96[0m [96mhandleRequest[0m] Got request: GET /ndt/get_graph_data
[2026-09-01 03:06:00.387] [info] [[94mHttpSession.cpp[0m:[95m531[0m [96mhandleGetGraphData[0m] Handle Get Graph Data
[2026-09-01 03:06:00.401] [info] [[94mHttpSession.cpp[0m:[95m576[0m [96mhandleGetGraphData[0m] get_graph_data success
[2026-09-01 03:06:00.637] [info] [[94mControllerAndOtherEventHandler.cpp[0m:[95m239[0m [96moperator()[0m] Accepted new connection
[2026-09-01 03:06:00.638] [info] [[94mHttpSession.cpp[0m:[95m96[0m [96mhandleRequest[0m] Got request: GET /ndt/get_graph_data
[2026-09-01 03:06:00.638] [info] [[94mHttpSession.cpp[0m:[95m531[0m [96mhandleGetGraphData[0m] Handle Get Graph Data
[2026-09-01 03:06:00.655] [info] [[94mHttpSession.cpp[0m:[95m576[0m [96mhandleGetGraphData[0m] get_graph_data success
[2026-09-01 03:06:00.888] [info] [[94mControllerAndOtherEventHandler.cpp[0m:[95m239[0m [96moperator()[0m] Accepted new connection
[2026-09-01 03:06:00.888] [info] [[94mHttpSession.cpp[0m:[95m96[0m [96mhandleRequest[0m] Got request: GET /ndt/get_graph_data
[2026-09-01 03:06:00.888] [info] [[94mHttpSession.cpp[0m:[95m531[0m [96mhandleGetGraphData[0m] Handle Get Graph Data
[2026-09-01 03:06:00.908] [info] [[94mHttpSession.cpp[0m:[95m576[0m [96mhandleGetGraphData[0m] get_graph_data success
[2026-09-01 03:06:01.138] [info] [[94mControllerAndOtherEventHandler.cpp[0m:[95m239[0m [96moperator()[0m] Accepted new connection
[2026-09-01 03:06:01.138] [info] [[94mHttpSession.cpp[0m:[95m96[0m [96mhandleRequest[0m] Got request: GET /ndt/get_graph_data
[2026-09-01 03:06:01.138] [info] [[94mHttpSession.cpp[0m:[95m531[0m [96mhandleGetGraphData[0m] Handle Get Graph Data
[2026-09-01 03:06:01.157] [info] [[94mHttpSession.cpp[0m:[95m576[0m [96mhandleGetGraphData[0m] get_graph_data success
[2026-09-01 03:06:01.388] [info] [[94mControllerAndOtherEventHandler.cpp[0m:[95m239[0m [96moperator()[0m] Accepted new connection
[2026-09-01 03:06:01.388] [info] [[94mHttpSession.cpp[0m:[95m96[0m [96mhandleRequest[0m] Got request: GET /ndt/get_graph_data
[2026-09-01 03:06:01.388] [info] [[94mHttpSession.cpp[0m:[95m531[0m [96mhandleGetGraphData[0m] Handle Get Graph Data
[2026-09-01 03:06:01.405] [info] [[94mHttpSession.cpp[0m:[95m576[0m [96mhandleGetGraphData[0m] get_graph_data success
[2026-09-01 03:06:01.638] [info] [[94mControllerAndOtherEventHandler.cpp[0m:[95m239[0m [96moperator()[0m] Accepted new connection
[2026-09-01 03:06:01.638] [info] [[94mHttpSession.cpp[0m:[95m96[0m [96mhandleRequest[0m] Got request: GET /ndt/get_graph_data
[2026-09-01 03:06:01.638] [info] [[94mHttpSession.cpp[0m:[95m531[0m [96mhandleGetGraphData[0m] Handle Get Graph Data
[2026-09-01 03:06:01.652] [info] [[94mHttpSession.cpp[0m:[95m576[0m [96mhandleGetGraphData[0m] get_graph_data success
[2026-09-01 03:06:01.888] [info] [[94mControllerAndOtherEventHandler.cpp[0m:[95m239[0m [96moperator()[0m] Accepted new connection
[2026-09-01 03:06:01.888] [info] [[94mHttpSession.cpp[0m:[95m96[0m [96mhandleRequest[0m] Got request: GET /ndt/get_graph_data
[2026-09-01 03:06:01.888] [info] [[94mHttpSession.cpp[0m:[95m531[0m [96mhandleGetGraphData[0m] Handle Get Graph Data
[2026-09-01 03:06:01.900] [info] [[94mHttpSession.cpp[0m:[95m576[0m [96mhandleGetGraphData[0m] get_graph_data success
[2026-09-01 03:06:02.138] [info] [[94mControllerAndOtherEventHandler.cpp[0m:[95m239[0m [96moperator()[0m] Accepted new connection
[2026-09-01 03:06:02.138] [info] [[94mHttpSession.cpp[0m:[95m96[0m [96mhandleRequest[0m] Got request: GET /ndt/get_graph_data
[2026-09-01 03:06:02.139] [info] [[94mHttpSession.cpp[0m:[95m531[0m [96mhandleGetGraphData[0m] Handle Get Graph Data
[2026-09-01 03:06:02.157] [info] [[94mHttpSession.cpp[0m:[95m576[0m [96mhandleGetGraphData[0m] get_graph_data success
[2026-09-01 03:06:02.388] [info] [[94mControllerAndOtherEventHandler.cpp[0m:[95m239[0m [96moperator()[0m] Accepted new connection
[2026-09-01 03:06:02.388] [info] [[94mHttpSession.cpp[0m:[95m96[0m [96mhandleRequest[0m] Got request: GET /ndt/get_graph_data
[2026-09-01 03:06:02.388] [info] [[94mHttpSession.cpp[0m:[95m531[0m [96mhandleGetGraphData[0m] Handle Get Graph Data
[2026-09-01 03:06:02.400] [info] [[94mHttpSession.cpp[0m:[95m576[0m [96mhandleGetGraphData[0m] get_graph_data success
[2026-09-01 03:06:02.639] [info] [[94mControllerAndOtherEventHandler.cpp[0m:[95m239[0m [96moperator()[0m] Accepted new connection
[2026-09-01 03:06:02.639] [info] [[94mHttpSession.cpp[0m:[95m96[0m [96mhandleRequest[0m] Got request: GET /ndt/get_graph_data
[2026-09-01 03:06:02.639] [info] [[94mHttpSession.cpp[0m:[95m531[0m [96mhandleGetGraphData[0m] Handle Get Graph Data
[2026-09-01 03:06:02.652] [info] [[94mHttpSession.cpp[0m:[95m576[0m [96mhandleGetGraphData[0m] get_graph_data success
[2026-09-01 03:06:02.888] [info] [[94mControllerAndOtherEventHandler.cpp[0m:[95m239[0m [96moperator()[0m] Accepted new connection
[2026-09-01 03:06:02.888] [info] [[94mHttpSession.cpp[0m:[95m96[0m [96mhandleRequest[0m] Got request: GET /ndt/get_graph_data
[2026-09-01 03:06:02.889] [info] [[94mHttpSession.cpp[0m:[95m531[0m [96mhandleGetGraphData[0m] Handle Get Graph Data
[2026-09-01 03:06:02.908] [info] [[94mHttpSession.cpp[0m:[95m576[0m [96mhandleGetGraphData[0m] get_graph_data success
[2026-09-01 03:06:03.139] [info] [[94mControllerAndOtherEventHandler.cpp[0m:[95m239[0m [96moperator()[0m] Accepted new connection
[2026-09-01 03:06:03.139] [info] [[94mHttpSession.cpp[0m:[95m96[0m [96mhandleRequest[0m] Got request: GET /ndt/get_graph_data
[2026-09-01 03:06:03.139] [info] [[94mHttpSession.cpp[0m:[95m531[0m [96mhandleGetGraphData[0m] Handle Get Graph Data
[2026-09-01 03:06:03.158] [info] [[94mHttpSession.cpp[0m:[95m576[0m [96mhandleGetGraphData[0m] get_graph_data success
[2026-09-01 03:06:03.388] [info] [[94mControllerAndOtherEventHandler.cpp[0m:[95m239[0m [96moperator()[0m] Accepted new connection
[2026-09-01 03:06:03.389] [info] [[94mHttpSession.cpp[0m:[95m96[0m [96mhandleRequest[0m] Got request: GET /ndt/get_graph_data
[2026-09-01 03:06:03.389] [info] [[94mHttpSession.cpp[0m:[95m531[0m [96mhandleGetGraphData[0m] Handle Get Graph Data
[2026-09-01 03:06:03.407] [info] [[94mHttpSession.cpp[0m:[95m576[0m [96mhandleGetGraphData[0m] get_graph_data success
[2026-09-01 03:06:03.639] [info] [[94mControllerAndOtherEventHandler.cpp[0m:[95m239[0m [96moperator()[0m] Accepted new connection
[2026-09-01 03:06:03.639] [info] [[94mHttpSession.cpp[0m:[95m96[0m [96mhandleRequest[0m] Got request: GET /ndt/get_graph_data
[2026-09-01 03:06:03.639] [info] [[94mHttpSession.cpp[0m:[95m531[0m [96mhandleGetGraphData[0m] Handle Get Graph Data
[2026-09-01 03:06:03.659] [info] [[94mHttpSession.cpp[0m:[95m576[0m [96mhandleGetGraphData[0m] get_graph_data success
[2026-09-01 03:06:03.888] [info] [[94mControllerAndOtherEventHandler.cpp[0m:[95m239[0m [96moperator()[0m] Accepted new connection
[2026-09-01 03:06:03.889] [info] [[94mHttpSession.cpp[0m:[95m96[0m [96mhandleRequest[0m] Got request: GET /ndt/get_graph_data
[2026-09-01 03:06:03.889] [info] [[94mHttpSession.cpp[0m:[95m531[0m [96mhandleGetGraphData[0m] Handle Get Graph Data
[2026-09-01 03:06:03.907] [info] [[94mHttpSession.cpp[0m:[95m576[0m [96mhandleGetGraphData[0m] get_graph_data success
[2026-09-01 03:06:04.139] [info] [[94mControllerAndOtherEventHandler.cpp[0m:[95m239[0m [96moperator()[0m] Accepted new connection
[2026-09-01 03:06:04.139] [info] [[94mHttpSession.cpp[0m:[95m96[0m [96mhandleRequest[0m] Got request: GET /ndt/get_graph_data
[2026-09-01 03:06:04.139] [info] [[94mHttpSession.cpp[0m:[95m531[0m [96mhandleGetGraphData[0m] Handle Get Graph Data
[2026-09-01 03:06:04.151] [info] [[94mHttpSession.cpp[0m:[95m576[0m [96mhandleGetGraphData[0m] get_graph_data success
[2026-09-01 03:06:04.389] [info] [[94mControllerAndOtherEventHandler.cpp[0m:[95m239[0m [96moperator()[0m] Accepted new connection
[2026-09-01 03:06:04.389] [info] [[94mHttpSession.cpp[0m:[95m96[0m [96mhandleRequest[0m] Got request: GET /ndt/get_graph_data
[2026-09-01 03:06:04.389] [info] [[94mHttpSession.cpp[0m:[95m531[0m [96mhandleGetGraphData[0m] Handle Get Graph Data
[2026-09-01 03:06:04.401] [info] [[94mHttpSession.cpp[0m:[95m576[0m [96mhandleGetGraphData[0m] get_graph_data success
[2026-09-01 03:06:04.639] [info] [[94mControllerAndOtherEventHandler.cpp[0m:[95m239[0m [96moperator()[0m] Accepted new connection
[2026-09-01 03:06:04.639] [info] [[94mHttpSession.cpp[0m:[95m96[0m [96mhandleRequest[0m] Got request: GET /ndt/get_graph_data
[2026-09-01 03:06:04.639] [info] [[94mHttpSession.cpp[0m:[95m531[0m [96mhandleGetGraphData[0m] Handle Get Graph Data
[2026-09-01 03:06:04.654] [info] [[94mHttpSession.cpp[0m:[95m576[0m [96mhandleGetGraphData[0m] get_graph_data success
[2026-09-01 03:06:04.889] [info] [[94mControllerAndOtherEventHandler.cpp[0m:[95m239[0m [96moperator()[0m] Accepted new connection
[2026-09-01 03:06:04.889] [info] [[94mHttpSession.cpp[0m:[95m96[0m [96mhandleRequest[0m] Got request: GET /ndt/get_graph_data
[2026-09-01 03:06:04.889] [info] [[94mHttpSession.cpp[0m:[95m531[0m [96mhandleGetGraphData[0m] Handle Get Graph Data
[2026-09-01 03:06:04.905] [info] [[94mHttpSession.cpp[0m:[95m576[0m [96mhandleGetGraphData[0m] get_graph_data success
[2026-09-01 03:06:05.140] [info] [[94mControllerAndOtherEventHandler.cpp[0m:[95m239[0m [96moperator()[0m] Accepted new connection
[2026-09-01 03:06:05.140] [info] [[94mHttpSession.cpp[0m:[95m96[0m [96mhandleRequest[0m] Got request: GET /ndt/get_graph_data
[2026-09-01 03:06:05.140] [info] [[94mHttpSession.cpp[0m:[95m531[0m [96mhandleGetGraphData[0m] Handle Get Graph Data
[2026-09-01 03:06:05.160] [info] [[94mHttpSession.cpp[0m:[95m576[0m [96mhandleGetGraphData[0m] get_graph_data success
[2026-09-01 03:06:05.389] [info] [[94mControllerAndOtherEventHandler.cpp[0m:[95m239[0m [96moperator()[0m] Accepted new connection
[2026-09-01 03:06:05.389] [info] [[94mHttpSession.cpp[0m:[95m96[0m [96mhandleRequest[0m] Got request: GET /ndt/get_graph_data
[2026-09-01 03:06:05.389] [info] [[94mHttpSession.cpp[0m:[95m531[0m [96mhandleGetGraphData[0m] Handle Get Graph Data
[2026-09-01 03:06:05.408] [info] [[94mHttpSession.cpp[0m:[95m576[0m [96mhandleGetGraphData[0m] get_graph_data success
[2026-09-01 03:06:05.640] [info] [[94mControllerAndOtherEventHandler.cpp[0m:[95m239[0m [96moperator()[0m] Accepted new connection
[2026-09-01 03:06:05.640] [info] [[94mHttpSession.cpp[0m:[95m96[0m [96mhandleRequest[0m] Got request: GET /ndt/get_graph_data
[2026-09-01 03:06:05.640] [info] [[94mHttpSession.cpp[0m:[95m531[0m [96mhandleGetGraphData[0m] Handle Get Graph Data
[2026-09-01 03:06:05.659] [info] [[94mHttpSession.cpp[0m:[95m576[0m [96mhandleGetGraphData[0m] get_graph_data success
[2026-09-01 03:06:05.889] [info] [[94mControllerAndOtherEventHandler.cpp[0m:[95m239[0m [96moperator()[0m] Accepted new connection
[2026-09-01 03:06:05.889] [info] [[94mHttpSession.cpp[0m:[95m96[0m [96mhandleRequest[0m] Got request: GET /ndt/get_graph_data
[2026-09-01 03:06:05.889] [info] [[94mHttpSession.cpp[0m:[95m531[0m [96mhandleGetGraphData[0m] Handle Get Graph Data
[2026-09-01 03:06:05.905] [info] [[94mHttpSession.cpp[0m:[95m576[0m [96mhandleGetGraphData[0m] get_graph_data success
[2026-09-01 03:06:06.139] [info] [[94mControllerAndOtherEventHandler.cpp[0m:[95m239[0m [96moperator()[0m] Accepted new connection
[2026-09-01 03:06:06.140] [info] [[94mHttpSession.cpp[0m:[95m96[0m [96mhandleRequest[0m] Got request: GET /ndt/get_graph_data
[2026-09-01 03:06:06.140] [info] [[94mHttpSession.cpp[0m:[95m531[0m [96mhandleGetGraphData[0m] Handle Get Graph Data
[2026-09-01 03:06:06.154] [info] [[94mHttpSession.cpp[0m:[95m576[0m [96mhandleGetGraphData[0m] get_graph_data success
[2026-09-01 03:06:06.390] [info] [[94mControllerAndOtherEventHandler.cpp[0m:[95m239[0m [96moperator()[0m] Accepted new connection
[2026-09-01 03:06:06.390] [info] [[94mHttpSession.cpp[0m:[95m96[0m [96mhandleRequest[0m] Got request: GET /ndt/get_graph_data
[2026-09-01 03:06:06.390] [info] [[94mHttpSession.cpp[0m:[95m531[0m [96mhandleGetGraphData[0m] Handle Get Graph Data
[2026-09-01 03:06:06.411] [info] [[94mHttpSession.cpp[0m:[95m576[0m [96mhandleGetGraphData[0m] get_graph_data success
[2026-09-01 03:06:06.640] [info] [[94mControllerAndOtherEventHandler.cpp[0m:[95m239[0m [96moperator()[0m] Accepted new connection
[2026-09-01 03:06:06.640] [info] [[94mHttpSession.cpp[0m:[95m96[0m [96mhandleRequest[0m] Got request: GET /ndt/get_graph_data
[2026-09-01 03:06:06.640] [info] [[94mHttpSession.cpp[0m:[95m531[0m [96mhandleGetGraphData[0m] Handle Get Graph Data
[2026-09-01 03:06:06.655] [info] [[94mHttpSession.cpp[0m:[95m576[0m [96mhandleGetGraphData[0m] get_graph_data success
[2026-09-01 03:06:06.890] [info] [[94mControllerAndOtherEventHandler.cpp[0m:[95m239[0m [96moperator()[0m] Accepted new connection
[2026-09-01 03:06:06.890] [info] [[94mHttpSession.cpp[0m:[95m96[0m [96mhandleRequest[0m] Got request: GET /ndt/get_graph_data
[2026-09-01 03:06:06.890] [info] [[94mHttpSession.cpp[0m:[95m531[0m [96mhandleGetGraphData[0m] Handle Get Graph Data
[2026-09-01 03:06:06.912] [info] [[94mHttpSession.cpp[0m:[95m576[0m [96mhandleGetGraphData[0m] get_graph_data success
[2026-09-01 03:06:07.140] [info] [[94mControllerAndOtherEventHandler.cpp[0m:[95m239[0m [96moperator()[0m] Accepted new connection
[2026-09-01 03:06:07.140] [info] [[94mHttpSession.cpp[0m:[95m96[0m [96mhandleRequest[0m] Got request: GET /ndt/get_graph_data
[2026-09-01 03:06:07.141] [info] [[94mHttpSession.cpp[0m:[95m531[0m [96mhandleGetGraphData[0m] Handle Get Graph Data
[2026-09-01 03:06:07.156] [info] [[94mHttpSession.cpp[0m:[95m576[0m [96mhandleGetGraphData[0m] get_graph_data success
[2026-09-01 03:06:07.390] [info] [[94mControllerAndOtherEventHandler.cpp[0m:[95m239[0m [96moperator()[0m] Accepted new connection
[2026-09-01 03:06:07.390] [info] [[94mHttpSession.cpp[0m:[95m96[0m [96mhandleRequest[0m] Got request: GET /ndt/get_graph_data
[2026-09-01 03:06:07.390] [info] [[94mHttpSession.cpp[0m:[95m531[0m [96mhandleGetGraphData[0m] Handle Get Graph Data
[2026-09-01 03:06:07.411] [info] [[94mHttpSession.cpp[0m:[95m576[0m [96mhandleGetGraphData[0m] get_graph_data success
[2026-09-01 03:06:07.640] [info] [[94mControllerAndOtherEventHandler.cpp[0m:[95m239[0m [96moperator()[0m] Accepted new connection
[2026-09-01 03:06:07.640] [info] [[94mHttpSession.cpp[0m:[95m96[0m [96mhandleRequest[0m] Got request: GET /ndt/get_graph_data
[2026-09-01 03:06:07.640] [info] [[94mHttpSession.cpp[0m:[95m531[0m [96mhandleGetGraphData[0m] Handle Get Graph Data
[2026-09-01 03:06:07.662] [info] [[94mHttpSession.cpp[0m:[95m576[0m [96mhandleGetGraphData[0m] get_graph_data success
[2026-09-01 03:06:07.891] [info] [[94mControllerAndOtherEventHandler.cpp[0m:[95m239[0m [96moperator()[0m] Accepted new connection
[2026-09-01 03:06:07.891] [info] [[94mHttpSession.cpp[0m:[95m96[0m [96mhandleRequest[0m] Got request: GET /ndt/get_graph_data
[2026-09-01 03:06:07.891] [info] [[94mHttpSession.cpp[0m:[95m531[0m [96mhandleGetGraphData[0m] Handle Get Graph Data
[2026-09-01 03:06:07.912] [info] [[94mHttpSession.cpp[0m:[95m576[0m [96mhandleGetGraphData[0m] get_graph_data success
[2026-09-01 03:06:08.140] [info] [[94mControllerAndOtherEventHandler.cpp[0m:[95m239[0m [96moperator()[0m] Accepted new connection
[2026-09-01 03:06:08.140] [info] [[94mHttpSession.cpp[0m:[95m96[0m [96mhandleRequest[0m] Got request: GET /ndt/get_graph_data
[2026-09-01 03:06:08.140] [info] [[94mHttpSession.cpp[0m:[95m531[0m [96mhandleGetGraphData[0m] Handle Get Graph Data
[2026-09-01 03:06:08.161] [info] [[94mHttpSession.cpp[0m:[95m576[0m [96mhandleGetGraphData[0m] get_graph_data success
[2026-09-01 03:06:08.391] [info] [[94mControllerAndOtherEventHandler.cpp[0m:[95m239[0m [96moperator()[0m] Accepted new connection
[2026-09-01 03:06:08.391] [info] [[94mHttpSession.cpp[0m:[95m96[0m [96mhandleRequest[0m] Got request: GET /ndt/get_graph_data
[2026-09-01 03:06:08.391] [info] [[94mHttpSession.cpp[0m:[95m531[0m [96mhandleGetGraphData[0m] Handle Get Graph Data
[2026-09-01 03:06:08.411] [info] [[94mHttpSession.cpp[0m:[95m576[0m [96mhandleGetGraphData[0m] get_graph_data success
[2026-09-01 03:06:08.640] [info] [[94mControllerAndOtherEventHandler.cpp[0m:[95m239[0m [96moperator()[0m] Accepted new connection
[2026-09-01 03:06:08.641] [info] [[94mHttpSession.cpp[0m:[95m96[0m [96mhandleRequest[0m] Got request: GET /ndt/get_graph_data
[2026-09-01 03:06:08.641] [info] [[94mHttpSession.cpp[0m:[95m531[0m [96mhandleGetGraphData[0m] Handle Get Graph Data
[2026-09-01 03:06:08.658] [info] [[94mHttpSession.cpp[0m:[95m576[0m [96mhandleGetGraphData[0m] get_graph_data success
[2026-09-01 03:06:08.891] [info] [[94mControllerAndOtherEventHandler.cpp[0m:[95m239[0m [96moperator()[0m] Accepted new connection
[2026-09-01 03:06:08.891] [info] [[94mHttpSession.cpp[0m:[95m96[0m [96mhandleRequest[0m] Got request: GET /ndt/get_graph_data
[2026-09-01 03:06:08.891] [info] [[94mHttpSession.cpp[0m:[95m531[0m [96mhandleGetGraphData[0m] Handle Get Graph Data
[2026-09-01 03:06:08.906] [info] [[94mHttpSession.cpp[0m:[95m576[0m [96mhandleGetGraphData[0m] get_graph_data success
[2026-09-01 03:06:09.140] [info] [[94mControllerAndOtherEventHandler.cpp[0m:[95m239[0m [96moperator()[0m] Accepted new connection
[2026-09-01 03:06:09.141] [info] [[94mHttpSession.cpp[0m:[95m96[0m [96mhandleRequest[0m] Got request: GET /ndt/get_graph_data
[2026-09-01 03:06:09.141] [info] [[94mHttpSession.cpp[0m:[95m531[0m [96mhandleGetGraphData[0m] Handle Get Graph Data
[2026-09-01 03:06:09.162] [info] [[94mHttpSession.cpp[0m:[95m576[0m [96mhandleGetGraphData[0m] get_graph_data success
[2026-09-01 03:06:09.391] [info] [[94mControllerAndOtherEventHandler.cpp[0m:[95m239[0m [96moperator()[0m] Accepted new connection
[2026-09-01 03:06:09.391] [info] [[94mHttpSession.cpp[0m:[95m96[0m [96mhandleRequest[0m] Got request: GET /ndt/get_graph_data
[2026-09-01 03:06:09.391] [info] [[94mHttpSession.cpp[0m:[95m531[0m [96mhandleGetGraphData[0m] Handle Get Graph Data
[2026-09-01 03:06:09.413] [info] [[94mHttpSession.cpp[0m:[95m576[0m [96mhandleGetGraphData[0m] get_graph_data success
[2026-09-01 03:06:09.641] [info] [[94mControllerAndOtherEventHandler.cpp[0m:[95m239[0m [96moperator()[0m] Accepted new connection
[2026-09-01 03:06:09.641] [info] [[94mHttpSession.cpp[0m:[95m96[0m [96mhandleRequest[0m] Got request: GET /ndt/get_graph_data
[2026-09-01 03:06:09.641] [info] [[94mHttpSession.cpp[0m:[95m531[0m [96mhandleGetGraphData[0m] Handle Get Graph Data
[2026-09-01 03:06:09.663] [info] [[94mHttpSession.cpp[0m:[95m576[0m [96mhandleGetGraphData[0m] get_graph_data success
[2026-09-01 03:06:09.891] [info] [[94mControllerAndOtherEventHandler.cpp[0m:[95m239[0m [96moperator()[0m] Accepted new connection
[2026-09-01 03:06:09.891] [info] [[94mHttpSession.cpp[0m:[95m96[0m [96mhandleRequest[0m] Got request: GET /ndt/get_graph_data
[2026-09-01 03:06:09.891] [info] [[94mHttpSession.cpp[0m:[95m531[0m [96mhandleGetGraphData[0m] Handle Get Graph Data
[2026-09-01 03:06:09.907] [info] [[94mHttpSession.cpp[0m:[95m576[0m [96mhandleGetGraphData[0m] get_graph_data success
[2026-09-01 03:06:10.141] [info] [[94mControllerAndOtherEventHandler.cpp[0m:[95m239[0m [96moperator()[0m] Accepted new connection
[2026-09-01 03:06:10.142] [info] [[94mHttpSession.cpp[0m:[95m96[0m [96mhandleRequest[0m] Got request: GET /ndt/get_graph_data
[2026-09-01 03:06:10.142] [info] [[94mHttpSession.cpp[0m:[95m531[0m [96mhandleGetGraphData[0m] Handle Get Graph Data
[2026-09-01 03:06:10.163] [info] [[94mHttpSession.cpp[0m:[95m576[0m [96mhandleGetGraphData[0m] get_graph_data success
[2026-09-01 03:06:10.391] [info] [[94mControllerAndOtherEventHandler.cpp[0m:[95m239[0m [96moperator()[0m] Accepted new connection
[2026-09-01 03:06:10.391] [info] [[94mHttpSession.cpp[0m:[95m96[0m [96mhandleRequest[0m] Got request: GET /ndt/get_graph_data
[2026-09-01 03:06:10.391] [info] [[94mHttpSession.cpp[0m:[95m531[0m [96mhandleGetGraphData[0m] Handle Get Graph Data
[2026-09-01 03:06:10.413] [info] [[94mHttpSession.cpp[0m:[95m576[0m [96mhandleGetGraphData[0m] get_graph_data success
[2026-09-01 03:06:10.641] [info] [[94mControllerAndOtherEventHandler.cpp[0m:[95m239[0m [96moperator()[0m] Accepted new connection
[2026-09-01 03:06:10.642] [info] [[94mHttpSession.cpp[0m:[95m96[0m [96mhandleRequest[0m] Got request: GET /ndt/get_graph_data
[2026-09-01 03:06:10.642] [info] [[94mHttpSession.cpp[0m:[95m531[0m [96mhandleGetGraphData[0m] Handle Get Graph Data
[2026-09-01 03:06:10.664] [info] [[94mHttpSession.cpp[0m:[95m576[0m [96mhandleGetGraphData[0m] get_graph_data success
[2026-09-01 03:06:10.892] [info] [[94mControllerAndOtherEventHandler.cpp[0m:[95m239[0m [96moperator()[0m] Accepted new connection
[2026-09-01 03:06:10.892] [info] [[94mHttpSession.cpp[0m:[95m96[0m [96mhandleRequest[0m] Got request: GET /ndt/get_graph_data
[2026-09-01 03:06:10.892] [info] [[94mHttpSession.cpp[0m:[95m531[0m [96mhandleGetGraphData[0m] Handle Get Graph Data
[2026-09-01 03:06:10.909] [info] [[94mHttpSession.cpp[0m:[95m576[0m [96mhandleGetGraphData[0m] get_graph_data success
[2026-09-01 03:06:11.141] [info] [[94mControllerAndOtherEventHandler.cpp[0m:[95m239[0m [96moperator()[0m] Accepted new connection
[2026-09-01 03:06:11.141] [info] [[94mHttpSession.cpp[0m:[95m96[0m [96mhandleRequest[0m] Got request: GET /ndt/get_graph_data
[2026-09-01 03:06:11.141] [info] [[94mHttpSession.cpp[0m:[95m531[0m [96mhandleGetGraphData[0m] Handle Get Graph Data
[2026-09-01 03:06:11.157] [info] [[94mHttpSession.cpp[0m:[95m576[0m [96mhandleGetGraphData[0m] get_graph_data success
[2026-09-01 03:06:11.392] [info] [[94mControllerAndOtherEventHandler.cpp[0m:[95m239[0m [96moperator()[0m] Accepted new connection
[2026-09-01 03:06:11.392] [info] [[94mHttpSession.cpp[0m:[95m96[0m [96mhandleRequest[0m] Got request: GET /ndt/get_graph_data
[2026-09-01 03:06:11.392] [info] [[94mHttpSession.cpp[0m:[95m531[0m [96mhandleGetGraphData[0m] Handle Get Graph Data
[2026-09-01 03:06:11.413] [info] [[94mHttpSession.cpp[0m:[95m576[0m [96mhandleGetGraphData[0m] get_graph_data success
[2026-09-01 03:06:11.641] [info] [[94mControllerAndOtherEventHandler.cpp[0m:[95m239[0m [96moperator()[0m] Accepted new connection
[2026-09-01 03:06:11.641] [info] [[94mHttpSession.cpp[0m:[95m96[0m [96mhandleRequest[0m] Got request: GET /ndt/get_graph_data
[2026-09-01 03:06:11.641] [info] [[94mHttpSession.cpp[0m:[95m531[0m [96mhandleGetGraphData[0m] Handle Get Graph Data
[2026-09-01 03:06:11.663] [info] [[94mHttpSession.cpp[0m:[95m576[0m [96mhandleGetGraphData[0m] get_graph_data success
[2026-09-01 03:06:11.892] [info] [[94mControllerAndOtherEventHandler.cpp[0m:[95m239[0m [96moperator()[0m] Accepted new connection
[2026-09-01 03:06:11.892] [info] [[94mHttpSession.cpp[0m:[95m96[0m [96mhandleRequest[0m] Got request: GET /ndt/get_graph_data
[2026-09-01 03:06:11.892] [info] [[94mHttpSession.cpp[0m:[95m531[0m [96mhandleGetGraphData[0m] Handle Get Graph Data
[2026-09-01 03:06:11.914] [info] [[94mHttpSession.cpp[0m:[95m576[0m [96mhandleGetGraphData[0m] get_graph_data success
[2026-09-01 03:06:12.142] [info] [[94mControllerAndOtherEventHandler.cpp[0m:[95m239[0m [96moperator()[0m] Accepted new connection
[2026-09-01 03:06:12.142] [info] [[94mHttpSession.cpp[0m:[95m96[0m [96mhandleRequest[0m] Got request: GET /ndt/get_graph_data
[2026-09-01 03:06:12.142] [info] [[94mHttpSession.cpp[0m:[95m531[0m [96mhandleGetGraphData[0m] Handle Get Graph Data
[2026-09-01 03:06:12.163] [info] [[94mHttpSession.cpp[0m:[95m576[0m [96mhandleGetGraphData[0m] get_graph_data success
[2026-09-01 03:06:12.392] [info] [[94mControllerAndOtherEventHandler.cpp[0m:[95m239[0m [96moperator()[0m] Accepted new connection
[2026-09-01 03:06:12.392] [info] [[94mHttpSession.cpp[0m:[95m96[0m [96mhandleRequest[0m] Got request: GET /ndt/get_graph_data
[2026-09-01 03:06:12.392] [info] [[94mHttpSession.cpp[0m:[95m531[0m [96mhandleGetGraphData[0m] Handle Get Graph Data
[2026-09-01 03:06:12.410] [info] [[94mHttpSession.cpp[0m:[95m576[0m [96mhandleGetGraphData[0m] get_graph_data success
[2026-09-01 03:06:12.642] [info] [[94mControllerAndOtherEventHandler.cpp[0m:[95m239[0m [96moperator()[0m] Accepted new connection
[2026-09-01 03:06:12.642] [info] [[94mHttpSession.cpp[0m:[95m96[0m [96mhandleRequest[0m] Got request: GET /ndt/get_graph_data
[2026-09-01 03:06:12.642] [info] [[94mHttpSession.cpp[0m:[95m531[0m [96mhandleGetGraphData[0m] Handle Get Graph Data
[2026-09-01 03:06:12.661] [info] [[94mHttpSession.cpp[0m:[95m576[0m [96mhandleGetGraphData[0m] get_graph_data success
[2026-09-01 03:06:12.891] [info] [[94mControllerAndOtherEventHandler.cpp[0m:[95m239[0m [96moperator()[0m] Accepted new connection
[2026-09-01 03:06:12.891] [info] [[94mHttpSession.cpp[0m:[95m96[0m [96mhandleRequest[0m] Got request: GET /ndt/get_graph_data
[2026-09-01 03:06:12.891] [info] [[94mHttpSession.cpp[0m:[95m531[0m [96mhandleGetGraphData[0m] Handle Get Graph Data
[2026-09-01 03:06:12.908] [info] [[94mHttpSession.cpp[0m:[95m576[0m [96mhandleGetGraphData[0m] get_graph_data success
[2026-09-01 03:06:13.142] [info] [[94mControllerAndOtherEventHandler.cpp[0m:[95m239[0m [96moperator()[0m] Accepted new connection
[2026-09-01 03:06:13.143] [info] [[94mHttpSession.cpp[0m:[95m96[0m [96mhandleRequest[0m] Got request: GET /ndt/get_graph_data
[2026-09-01 03:06:13.143] [info] [[94mHttpSession.cpp[0m:[95m531[0m [96mhandleGetGraphData[0m] Handle Get Graph Data
[2026-09-01 03:06:13.164] [info] [[94mHttpSession.cpp[0m:[95m576[0m [96mhandleGetGraphData[0m] get_graph_data success
[2026-09-01 03:06:13.392] [info] [[94mControllerAndOtherEventHandler.cpp[0m:[95m239[0m [96moperator()[0m] Accepted new connection
[2026-09-01 03:06:13.392] [info] [[94mHttpSession.cpp[0m:[95m96[0m [96mhandleRequest[0m] Got request: GET /ndt/get_graph_data
[2026-09-01 03:06:13.392] [info] [[94mHttpSession.cpp[0m:[95m531[0m [96mhandleGetGraphData[0m] Handle Get Graph Data
[2026-09-01 03:06:13.412] [info] [[94mHttpSession.cpp[0m:[95m576[0m [96mhandleGetGraphData[0m] get_graph_data success
[2026-09-01 03:06:13.642] [info] [[94mControllerAndOtherEventHandler.cpp[0m:[95m239[0m [96moperator()[0m] Accepted new connection
[2026-09-01 03:06:13.643] [info] [[94mHttpSession.cpp[0m:[95m96[0m [96mhandleRequest[0m] Got request: GET /ndt/get_graph_data
[2026-09-01 03:06:13.643] [info] [[94mHttpSession.cpp[0m:[95m531[0m [96mhandleGetGraphData[0m] Handle Get Graph Data
[2026-09-01 03:06:13.663] [info] [[94mHttpSession.cpp[0m:[95m576[0m [96mhandleGetGraphData[0m] get_graph_data success
[2026-09-01 03:06:13.893] [info] [[94mControllerAndOtherEventHandler.cpp[0m:[95m239[0m [96moperator()[0m] Accepted new connection
[2026-09-01 03:06:13.893] [info] [[94mHttpSession.cpp[0m:[95m96[0m [96mhandleRequest[0m] Got request: GET /ndt/get_graph_data
[2026-09-01 03:06:13.893] [info] [[94mHttpSession.cpp[0m:[95m531[0m [96mhandleGetGraphData[0m] Handle Get Graph Data
[2026-09-01 03:06:13.914] [info] [[94mHttpSession.cpp[0m:[95m576[0m [96mhandleGetGraphData[0m] get_graph_data success
[2026-09-01 03:06:14.142] [info] [[94mControllerAndOtherEventHandler.cpp[0m:[95m239[0m [96moperator()[0m] Accepted new connection
[2026-09-01 03:06:14.142] [info] [[94mHttpSession.cpp[0m:[95m96[0m [96mhandleRequest[0m] Got request: GET /ndt/get_graph_data
[2026-09-01 03:06:14.142] [info] [[94mHttpSession.cpp[0m:[95m531[0m [96mhandleGetGraphData[0m] Handle Get Graph Data
[2026-09-01 03:06:14.163] [info] [[94mHttpSession.cpp[0m:[95m576[0m [96mhandleGetGraphData[0m] get_graph_data success
[2026-09-01 03:06:14.392] [info] [[94mControllerAndOtherEventHandler.cpp[0m:[95m239[0m [96moperator()[0m] Accepted new connection
[2026-09-01 03:06:14.392] [info] [[94mHttpSession.cpp[0m:[95m96[0m [96mhandleRequest[0m] Got request: GET /ndt/get_graph_data
[2026-09-01 03:06:14.392] [info] [[94mHttpSession.cpp[0m:[95m531[0m [96mhandleGetGraphData[0m] Handle Get Graph Data
[2026-09-01 03:06:14.414] [info] [[94mHttpSession.cpp[0m:[95m576[0m [96mhandleGetGraphData[0m] get_graph_data success
[2026-09-01 03:06:14.643] [info] [[94mControllerAndOtherEventHandler.cpp[0m:[95m239[0m [96moperator()[0m] Accepted new connection
[2026-09-01 03:06:14.643] [info] [[94mHttpSession.cpp[0m:[95m96[0m [96mhandleRequest[0m] Got request: GET /ndt/get_graph_data
[2026-09-01 03:06:14.643] [info] [[94mHttpSession.cpp[0m:[95m531[0m [96mhandleGetGraphData[0m] Handle Get Graph Data
[2026-09-01 03:06:14.658] [info] [[94mHttpSession.cpp[0m:[95m576[0m [96mhandleGetGraphData[0m] get_graph_data success
[2026-09-01 03:06:14.893] [info] [[94mControllerAndOtherEventHandler.cpp[0m:[95m239[0m [96moperator()[0m] Accepted new connection
[2026-09-01 03:06:14.893] [info] [[94mHttpSession.cpp[0m:[95m96[0m [96mhandleRequest[0m] Got request: GET /ndt/get_graph_data
[2026-09-01 03:06:14.893] [info] [[94mHttpSession.cpp[0m:[95m531[0m [96mhandleGetGraphData[0m] Handle Get Graph Data
[2026-09-01 03:06:14.915] [info] [[94mHttpSession.cpp[0m:[95m576[0m [96mhandleGetGraphData[0m] get_graph_data success
[2026-09-01 03:06:15.143] [info] [[94mControllerAndOtherEventHandler.cpp[0m:[95m239[0m [96moperator()[0m] Accepted new connection
[2026-09-01 03:06:15.143] [info] [[94mHttpSession.cpp[0m:[95m96[0m [96mhandleRequest[0m] Got request: GET /ndt/get_graph_data
[2026-09-01 03:06:15.143] [info] [[94mHttpSession.cpp[0m:[95m531[0m [96mhandleGetGraphData[0m] Handle Get Graph Data
[2026-09-01 03:06:15.164] [info] [[94mHttpSession.cpp[0m:[95m576[0m [96mhandleGetGraphData[0m] get_graph_data success
[2026-09-01 03:06:15.393] [info] [[94mControllerAndOtherEventHandler.cpp[0m:[95m239[0m [96moperator()[0m] Accepted new connection
[2026-09-01 03:06:15.393] [info] [[94mHttpSession.cpp[0m:[95m96[0m [96mhandleRequest[0m] Got request: GET /ndt/get_graph_data
[2026-09-01 03:06:15.393] [info] [[94mHttpSession.cpp[0m:[95m531[0m [96mhandleGetGraphData[0m] Handle Get Graph Data
[2026-09-01 03:06:15.410] [info] [[94mHttpSession.cpp[0m:[95m576[0m [96mhandleGetGraphData[0m] get_graph_data success
[2026-09-01 03:06:15.643] [info] [[94mControllerAndOtherEventHandler.cpp[0m:[95m239[0m [96moperator()[0m] Accepted new connection
[2026-09-01 03:06:15.643] [info] [[94mHttpSession.cpp[0m:[95m96[0m [96mhandleRequest[0m] Got request: GET /ndt/get_graph_data
[2026-09-01 03:06:15.643] [info] [[94mHttpSession.cpp[0m:[95m531[0m [96mhandleGetGraphData[0m] Handle Get Graph Data
[2026-09-01 03:06:15.658] [info] [[94mHttpSession.cpp[0m:[95m576[0m [96mhandleGetGraphData[0m] get_graph_data success
[2026-09-01 03:06:15.892] [info] [[94mControllerAndOtherEventHandler.cpp[0m:[95m239[0m [96moperator()[0m] Accepted new connection
[2026-09-01 03:06:15.892] [info] [[94mHttpSession.cpp[0m:[95m96[0m [96mhandleRequest[0m] Got request: GET /ndt/get_graph_data
[2026-09-01 03:06:15.893] [info] [[94mHttpSession.cpp[0m:[95m531[0m [96mhandleGetGraphData[0m] Handle Get Graph Data
[2026-09-01 03:06:15.913] [info] [[94mHttpSession.cpp[0m:[95m576[0m [96mhandleGetGraphData[0m] get_graph_data success
[2026-09-01 03:06:16.142] [info] [[94mControllerAndOtherEventHandler.cpp[0m:[95m239[0m [96moperator()[0m] Accepted new connection
[2026-09-01 03:06:16.143] [info] [[94mHttpSession.cpp[0m:[95m96[0m [96mhandleRequest[0m] Got request: GET /ndt/get_graph_data
[2026-09-01 03:06:16.143] [info] [[94mHttpSession.cpp[0m:[95m531[0m [96mhandleGetGraphData[0m] Handle Get Graph Data
[2026-09-01 03:06:16.163] [info] [[94mHttpSession.cpp[0m:[95m576[0m [96mhandleGetGraphData[0m] get_graph_data success
[2026-09-01 03:06:16.284] [info] [[94mFlowLinkUsageCollector.cpp[0m:[95m1807[0m [96mcalAvgFlowSendingRatesPeriodically[0m] rate loop period: last 30 iters mean 1001.2 ms | since start (89 iters) mean 1001.0 ms, min 1000.1, max 1003.9 (flows=1, counters=4) -- the LAST-N figure is the current denominator; the since-start one lags it
[2026-09-01 03:06:16.284] [info] [[94mFlowLinkUsageCollector.cpp[0m:[95m2016[0m [96mcalAvgFlowSendingRatesPeriodically[0m] rate divisor check: measured_interval_s=1.000960 divisor_used_s=1.000960 (ticket Q gate: these must agree to 1%; a negative divisor means no rate has been published yet, which is not a pass)
[2026-09-01 03:06:16.393] [info] [[94mControllerAndOtherEventHandler.cpp[0m:[95m239[0m [96moperator()[0m] Accepted new connection
[2026-09-01 03:06:16.393] [info] [[94mHttpSession.cpp[0m:[95m96[0m [96mhandleRequest[0m] Got request: GET /ndt/get_graph_data
[2026-09-01 03:06:16.393] [info] [[94mHttpSession.cpp[0m:[95m531[0m [96mhandleGetGraphData[0m] Handle Get Graph Data
[2026-09-01 03:06:16.409] [info] [[94mHttpSession.cpp[0m:[95m576[0m [96mhandleGetGraphData[0m] get_graph_data success
[2026-09-01 03:06:16.644] [info] [[94mControllerAndOtherEventHandler.cpp[0m:[95m239[0m [96moperator()[0m] Accepted new connection
[2026-09-01 03:06:16.644] [info] [[94mHttpSession.cpp[0m:[95m96[0m [96mhandleRequest[0m] Got request: GET /ndt/get_graph_data
[2026-09-01 03:06:16.644] [info] [[94mHttpSession.cpp[0m:[95m531[0m [96mhandleGetGraphData[0m] Handle Get Graph Data
[2026-09-01 03:06:16.662] [info] [[94mHttpSession.cpp[0m:[95m576[0m [96mhandleGetGraphData[0m] get_graph_data success
[2026-09-01 03:06:16.893] [info] [[94mControllerAndOtherEventHandler.cpp[0m:[95m239[0m [96moperator()[0m] Accepted new connection
[2026-09-01 03:06:16.893] [info] [[94mHttpSession.cpp[0m:[95m96[0m [96mhandleRequest[0m] Got request: GET /ndt/get_graph_data
[2026-09-01 03:06:16.893] [info] [[94mHttpSession.cpp[0m:[95m531[0m [96mhandleGetGraphData[0m] Handle Get Graph Data
[2026-09-01 03:06:16.910] [info] [[94mHttpSession.cpp[0m:[95m576[0m [96mhandleGetGraphData[0m] get_graph_data success
[2026-09-01 03:06:17.143] [info] [[94mControllerAndOtherEventHandler.cpp[0m:[95m239[0m [96moperator()[0m] Accepted new connection
[2026-09-01 03:06:17.144] [info] [[94mHttpSession.cpp[0m:[95m96[0m [96mhandleRequest[0m] Got request: GET /ndt/get_graph_data
[2026-09-01 03:06:17.144] [info] [[94mHttpSession.cpp[0m:[95m531[0m [96mhandleGetGraphData[0m] Handle Get Graph Data
[2026-09-01 03:06:17.159] [info] [[94mHttpSession.cpp[0m:[95m576[0m [96mhandleGetGraphData[0m] get_graph_data success
[2026-09-01 03:06:17.393] [info] [[94mControllerAndOtherEventHandler.cpp[0m:[95m239[0m [96moperator()[0m] Accepted new connection
[2026-09-01 03:06:17.393] [info] [[94mHttpSession.cpp[0m:[95m96[0m [96mhandleRequest[0m] Got request: GET /ndt/get_graph_data
[2026-09-01 03:06:17.393] [info] [[94mHttpSession.cpp[0m:[95m531[0m [96mhandleGetGraphData[0m] Handle Get Graph Data
[2026-09-01 03:06:17.415] [info] [[94mHttpSession.cpp[0m:[95m576[0m [96mhandleGetGraphData[0m] get_graph_data success
[2026-09-01 03:06:17.644] [info] [[94mControllerAndOtherEventHandler.cpp[0m:[95m239[0m [96moperator()[0m] Accepted new connection
[2026-09-01 03:06:17.644] [info] [[94mHttpSession.cpp[0m:[95m96[0m [96mhandleRequest[0m] Got request: GET /ndt/get_graph_data
[2026-09-01 03:06:17.644] [info] [[94mHttpSession.cpp[0m:[95m531[0m [96mhandleGetGraphData[0m] Handle Get Graph Data
[2026-09-01 03:06:17.667] [info] [[94mHttpSession.cpp[0m:[95m576[0m [96mhandleGetGraphData[0m] get_graph_data success
[2026-09-01 03:06:17.894] [info] [[94mControllerAndOtherEventHandler.cpp[0m:[95m239[0m [96moperator()[0m] Accepted new connection
[2026-09-01 03:06:17.894] [info] [[94mHttpSession.cpp[0m:[95m96[0m [96mhandleRequest[0m] Got request: GET /ndt/get_graph_data
[2026-09-01 03:06:17.894] [info] [[94mHttpSession.cpp[0m:[95m531[0m [96mhandleGetGraphData[0m] Handle Get Graph Data
[2026-09-01 03:06:17.915] [info] [[94mHttpSession.cpp[0m:[95m576[0m [96mhandleGetGraphData[0m] get_graph_data success
[2026-09-01 03:06:18.144] [info] [[94mControllerAndOtherEventHandler.cpp[0m:[95m239[0m [96moperator()[0m] Accepted new connection
[2026-09-01 03:06:18.144] [info] [[94mHttpSession.cpp[0m:[95m96[0m [96mhandleRequest[0m] Got request: GET /ndt/get_graph_data
[2026-09-01 03:06:18.144] [info] [[94mHttpSession.cpp[0m:[95m531[0m [96mhandleGetGraphData[0m] Handle Get Graph Data
[2026-09-01 03:06:18.162] [info] [[94mHttpSession.cpp[0m:[95m576[0m [96mhandleGetGraphData[0m] get_graph_data success
[2026-09-01 03:06:18.394] [info] [[94mControllerAndOtherEventHandler.cpp[0m:[95m239[0m [96moperator()[0m] Accepted new connection
[2026-09-01 03:06:18.394] [info] [[94mHttpSession.cpp[0m:[95m96[0m [96mhandleRequest[0m] Got request: GET /ndt/get_graph_data
[2026-09-01 03:06:18.394] [info] [[94mHttpSession.cpp[0m:[95m531[0m [96mhandleGetGraphData[0m] Handle Get Graph Data
[2026-09-01 03:06:18.413] [info] [[94mHttpSession.cpp[0m:[95m576[0m [96mhandleGetGraphData[0m] get_graph_data success
[2026-09-01 03:06:18.644] [info] [[94mControllerAndOtherEventHandler.cpp[0m:[95m239[0m [96moperator()[0m] Accepted new connection
[2026-09-01 03:06:18.645] [info] [[94mHttpSession.cpp[0m:[95m96[0m [96mhandleRequest[0m] Got request: GET /ndt/get_graph_data
[2026-09-01 03:06:18.645] [info] [[94mHttpSession.cpp[0m:[95m531[0m [96mhandleGetGraphData[0m] Handle Get Graph Data
[2026-09-01 03:06:18.665] [info] [[94mHttpSession.cpp[0m:[95m576[0m [96mhandleGetGraphData[0m] get_graph_data success
[2026-09-01 03:06:18.894] [info] [[94mControllerAndOtherEventHandler.cpp[0m:[95m239[0m [96moperator()[0m] Accepted new connection
[2026-09-01 03:06:18.894] [info] [[94mHttpSession.cpp[0m:[95m96[0m [96mhandleRequest[0m] Got request: GET /ndt/get_graph_data
[2026-09-01 03:06:18.894] [info] [[94mHttpSession.cpp[0m:[95m531[0m [96mhandleGetGraphData[0m] Handle Get Graph Data
[2026-09-01 03:06:18.915] [info] [[94mHttpSession.cpp[0m:[95m576[0m [96mhandleGetGraphData[0m] get_graph_data success
[2026-09-01 03:06:19.145] [info] [[94mControllerAndOtherEventHandler.cpp[0m:[95m239[0m [96moperator()[0m] Accepted new connection
[2026-09-01 03:06:19.145] [info] [[94mHttpSession.cpp[0m:[95m96[0m [96mhandleRequest[0m] Got request: GET /ndt/get_graph_data
[2026-09-01 03:06:19.145] [info] [[94mHttpSession.cpp[0m:[95m531[0m [96mhandleGetGraphData[0m] Handle Get Graph Data
[2026-09-01 03:06:19.168] [info] [[94mHttpSession.cpp[0m:[95m576[0m [96mhandleGetGraphData[0m] get_graph_data success
[2026-09-01 03:06:19.394] [info] [[94mControllerAndOtherEventHandler.cpp[0m:[95m239[0m [96moperator()[0m] Accepted new connection
[2026-09-01 03:06:19.395] [info] [[94mHttpSession.cpp[0m:[95m96[0m [96mhandleRequest[0m] Got request: GET /ndt/get_graph_data
[2026-09-01 03:06:19.395] [info] [[94mHttpSession.cpp[0m:[95m531[0m [96mhandleGetGraphData[0m] Handle Get Graph Data
[2026-09-01 03:06:19.413] [info] [[94mHttpSession.cpp[0m:[95m576[0m [96mhandleGetGraphData[0m] get_graph_data success
[2026-09-01 03:06:19.645] [info] [[94mControllerAndOtherEventHandler.cpp[0m:[95m239[0m [96moperator()[0m] Accepted new connection
[2026-09-01 03:06:19.645] [info] [[94mHttpSession.cpp[0m:[95m96[0m [96mhandleRequest[0m] Got request: GET /ndt/get_graph_data
[2026-09-01 03:06:19.645] [info] [[94mHttpSession.cpp[0m:[95m531[0m [96mhandleGetGraphData[0m] Handle Get Graph Data
[2026-09-01 03:06:19.667] [info] [[94mHttpSession.cpp[0m:[95m576[0m [96mhandleGetGraphData[0m] get_graph_data success
[2026-09-01 03:06:19.894] [info] [[94mControllerAndOtherEventHandler.cpp[0m:[95m239[0m [96moperator()[0m] Accepted new connection
[2026-09-01 03:06:19.894] [info] [[94mHttpSession.cpp[0m:[95m96[0m [96mhandleRequest[0m] Got request: GET /ndt/get_graph_data
[2026-09-01 03:06:19.894] [info] [[94mHttpSession.cpp[0m:[95m531[0m [96mhandleGetGraphData[0m] Handle Get Graph Data
[2026-09-01 03:06:19.915] [info] [[94mHttpSession.cpp[0m:[95m576[0m [96mhandleGetGraphData[0m] get_graph_data success
[2026-09-01 03:06:20.144] [info] [[94mControllerAndOtherEventHandler.cpp[0m:[95m239[0m [96moperator()[0m] Accepted new connection
[2026-09-01 03:06:20.145] [info] [[94mHttpSession.cpp[0m:[95m96[0m [96mhandleRequest[0m] Got request: GET /ndt/get_graph_data
[2026-09-01 03:06:20.145] [info] [[94mHttpSession.cpp[0m:[95m531[0m [96mhandleGetGraphData[0m] Handle Get Graph Data
[2026-09-01 03:06:20.161] [info] [[94mHttpSession.cpp[0m:[95m576[0m [96mhandleGetGraphData[0m] get_graph_data success
[2026-09-01 03:06:20.394] [info] [[94mControllerAndOtherEventHandler.cpp[0m:[95m239[0m [96moperator()[0m] Accepted new connection
[2026-09-01 03:06:20.394] [info] [[94mHttpSession.cpp[0m:[95m96[0m [96mhandleRequest[0m] Got request: GET /ndt/get_graph_data
[2026-09-01 03:06:20.394] [info] [[94mHttpSession.cpp[0m:[95m531[0m [96mhandleGetGraphData[0m] Handle Get Graph Data
[2026-09-01 03:06:20.415] [info] [[94mHttpSession.cpp[0m:[95m576[0m [96mhandleGetGraphData[0m] get_graph_data success
[2026-09-01 03:06:20.645] [info] [[94mControllerAndOtherEventHandler.cpp[0m:[95m239[0m [96moperator()[0m] Accepted new connection
[2026-09-01 03:06:20.645] [info] [[94mHttpSession.cpp[0m:[95m96[0m [96mhandleRequest[0m] Got request: GET /ndt/get_graph_data
[2026-09-01 03:06:20.645] [info] [[94mHttpSession.cpp[0m:[95m531[0m [96mhandleGetGraphData[0m] Handle Get Graph Data
[2026-09-01 03:06:20.667] [info] [[94mHttpSession.cpp[0m:[95m576[0m [96mhandleGetGraphData[0m] get_graph_data success
[2026-09-01 03:06:20.895] [info] [[94mControllerAndOtherEventHandler.cpp[0m:[95m239[0m [96moperator()[0m] Accepted new connection
[2026-09-01 03:06:20.895] [info] [[94mHttpSession.cpp[0m:[95m96[0m [96mhandleRequest[0m] Got request: GET /ndt/get_graph_data
[2026-09-01 03:06:20.895] [info] [[94mHttpSession.cpp[0m:[95m531[0m [96mhandleGetGraphData[0m] Handle Get Graph Data
[2026-09-01 03:06:20.912] [info] [[94mHttpSession.cpp[0m:[95m576[0m [96mhandleGetGraphData[0m] get_graph_data success
[2026-09-01 03:06:21.144] [info] [[94mControllerAndOtherEventHandler.cpp[0m:[95m239[0m [96moperator()[0m] Accepted new connection
[2026-09-01 03:06:21.145] [info] [[94mHttpSession.cpp[0m:[95m96[0m [96mhandleRequest[0m] Got request: GET /ndt/get_graph_data
[2026-09-01 03:06:21.145] [info] [[94mHttpSession.cpp[0m:[95m531[0m [96mhandleGetGraphData[0m] Handle Get Graph Data
[2026-09-01 03:06:21.166] [info] [[94mHttpSession.cpp[0m:[95m576[0m [96mhandleGetGraphData[0m] get_graph_data success
[2026-09-01 03:06:21.395] [info] [[94mControllerAndOtherEventHandler.cpp[0m:[95m239[0m [96moperator()[0m] Accepted new connection
[2026-09-01 03:06:21.395] [info] [[94mHttpSession.cpp[0m:[95m96[0m [96mhandleRequest[0m] Got request: GET /ndt/get_graph_data
[2026-09-01 03:06:21.395] [info] [[94mHttpSession.cpp[0m:[95m531[0m [96mhandleGetGraphData[0m] Handle Get Graph Data
[2026-09-01 03:06:21.416] [info] [[94mHttpSession.cpp[0m:[95m576[0m [96mhandleGetGraphData[0m] get_graph_data success
[2026-09-01 03:06:21.645] [info] [[94mControllerAndOtherEventHandler.cpp[0m:[95m239[0m [96moperator()[0m] Accepted new connection
[2026-09-01 03:06:21.645] [info] [[94mHttpSession.cpp[0m:[95m96[0m [96mhandleRequest[0m] Got request: GET /ndt/get_graph_data
[2026-09-01 03:06:21.645] [info] [[94mHttpSession.cpp[0m:[95m531[0m [96mhandleGetGraphData[0m] Handle Get Graph Data
[2026-09-01 03:06:21.665] [info] [[94mHttpSession.cpp[0m:[95m576[0m [96mhandleGetGraphData[0m] get_graph_data success
[2026-09-01 03:06:21.895] [info] [[94mControllerAndOtherEventHandler.cpp[0m:[95m239[0m [96moperator()[0m] Accepted new connection
[2026-09-01 03:06:21.896] [info] [[94mHttpSession.cpp[0m:[95m96[0m [96mhandleRequest[0m] Got request: GET /ndt/get_graph_data
[2026-09-01 03:06:21.896] [info] [[94mHttpSession.cpp[0m:[95m531[0m [96mhandleGetGraphData[0m] Handle Get Graph Data
[2026-09-01 03:06:21.915] [info] [[94mHttpSession.cpp[0m:[95m576[0m [96mhandleGetGraphData[0m] get_graph_data success
[2026-09-01 03:06:22.146] [info] [[94mControllerAndOtherEventHandler.cpp[0m:[95m239[0m [96moperator()[0m] Accepted new connection
[2026-09-01 03:06:22.146] [info] [[94mHttpSession.cpp[0m:[95m96[0m [96mhandleRequest[0m] Got request: GET /ndt/get_graph_data
[2026-09-01 03:06:22.146] [info] [[94mHttpSession.cpp[0m:[95m531[0m [96mhandleGetGraphData[0m] Handle Get Graph Data
[2026-09-01 03:06:22.168] [info] [[94mHttpSession.cpp[0m:[95m576[0m [96mhandleGetGraphData[0m] get_graph_data success
[2026-09-01 03:06:22.396] [info] [[94mControllerAndOtherEventHandler.cpp[0m:[95m239[0m [96moperator()[0m] Accepted new connection
[2026-09-01 03:06:22.396] [info] [[94mHttpSession.cpp[0m:[95m96[0m [96mhandleRequest[0m] Got request: GET /ndt/get_graph_data
[2026-09-01 03:06:22.396] [info] [[94mHttpSession.cpp[0m:[95m531[0m [96mhandleGetGraphData[0m] Handle Get Graph Data
[2026-09-01 03:06:22.417] [info] [[94mHttpSession.cpp[0m:[95m576[0m [96mhandleGetGraphData[0m] get_graph_data success
[2026-09-01 03:06:22.646] [info] [[94mControllerAndOtherEventHandler.cpp[0m:[95m239[0m [96moperator()[0m] Accepted new connection
[2026-09-01 03:06:22.647] [info] [[94mHttpSession.cpp[0m:[95m96[0m [96mhandleRequest[0m] Got request: GET /ndt/get_graph_data
[2026-09-01 03:06:22.647] [info] [[94mHttpSession.cpp[0m:[95m531[0m [96mhandleGetGraphData[0m] Handle Get Graph Data
[2026-09-01 03:06:22.671] [info] [[94mHttpSession.cpp[0m:[95m576[0m [96mhandleGetGraphData[0m] get_graph_data success
[2026-09-01 03:06:22.896] [info] [[94mControllerAndOtherEventHandler.cpp[0m:[95m239[0m [96moperator()[0m] Accepted new connection
[2026-09-01 03:06:22.896] [info] [[94mHttpSession.cpp[0m:[95m96[0m [96mhandleRequest[0m] Got request: GET /ndt/get_graph_data
[2026-09-01 03:06:22.896] [info] [[94mHttpSession.cpp[0m:[95m531[0m [96mhandleGetGraphData[0m] Handle Get Graph Data
[2026-09-01 03:06:22.917] [info] [[94mHttpSession.cpp[0m:[95m576[0m [96mhandleGetGraphData[0m] get_graph_data success
[2026-09-01 03:06:23.146] [info] [[94mControllerAndOtherEventHandler.cpp[0m:[95m239[0m [96moperator()[0m] Accepted new connection
[2026-09-01 03:06:23.147] [info] [[94mHttpSession.cpp[0m:[95m96[0m [96mhandleRequest[0m] Got request: GET /ndt/get_graph_data
[2026-09-01 03:06:23.147] [info] [[94mHttpSession.cpp[0m:[95m531[0m [96mhandleGetGraphData[0m] Handle Get Graph Data
[2026-09-01 03:06:23.169] [info] [[94mHttpSession.cpp[0m:[95m576[0m [96mhandleGetGraphData[0m] get_graph_data success
[2026-09-01 03:06:23.396] [info] [[94mControllerAndOtherEventHandler.cpp[0m:[95m239[0m [96moperator()[0m] Accepted new connection
[2026-09-01 03:06:23.396] [info] [[94mHttpSession.cpp[0m:[95m96[0m [96mhandleRequest[0m] Got request: GET /ndt/get_graph_data
[2026-09-01 03:06:23.396] [info] [[94mHttpSession.cpp[0m:[95m531[0m [96mhandleGetGraphData[0m] Handle Get Graph Data
[2026-09-01 03:06:23.418] [info] [[94mHttpSession.cpp[0m:[95m576[0m [96mhandleGetGraphData[0m] get_graph_data success
[2026-09-01 03:06:23.647] [info] [[94mControllerAndOtherEventHandler.cpp[0m:[95m239[0m [96moperator()[0m] Accepted new connection
[2026-09-01 03:06:23.647] [info] [[94mHttpSession.cpp[0m:[95m96[0m [96mhandleRequest[0m] Got request: GET /ndt/get_graph_data
[2026-09-01 03:06:23.647] [info] [[94mHttpSession.cpp[0m:[95m531[0m [96mhandleGetGraphData[0m] Handle Get Graph Data
[2026-09-01 03:06:23.668] [info] [[94mHttpSession.cpp[0m:[95m576[0m [96mhandleGetGraphData[0m] get_graph_data success
[2026-09-01 03:06:23.897] [info] [[94mControllerAndOtherEventHandler.cpp[0m:[95m239[0m [96moperator()[0m] Accepted new connection
[2026-09-01 03:06:23.897] [info] [[94mHttpSession.cpp[0m:[95m96[0m [96mhandleRequest[0m] Got request: GET /ndt/get_graph_data
[2026-09-01 03:06:23.897] [info] [[94mHttpSession.cpp[0m:[95m531[0m [96mhandleGetGraphData[0m] Handle Get Graph Data
[2026-09-01 03:06:23.912] [info] [[94mHttpSession.cpp[0m:[95m576[0m [96mhandleGetGraphData[0m] get_graph_data success
[2026-09-01 03:06:24.147] [info] [[94mControllerAndOtherEventHandler.cpp[0m:[95m239[0m [96moperator()[0m] Accepted new connection
[2026-09-01 03:06:24.147] [info] [[94mHttpSession.cpp[0m:[95m96[0m [96mhandleRequest[0m] Got request: GET /ndt/get_graph_data
[2026-09-01 03:06:24.147] [info] [[94mHttpSession.cpp[0m:[95m531[0m [96mhandleGetGraphData[0m] Handle Get Graph Data
[2026-09-01 03:06:24.165] [info] [[94mHttpSession.cpp[0m:[95m576[0m [96mhandleGetGraphData[0m] get_graph_data success
[2026-09-01 03:06:24.397] [info] [[94mControllerAndOtherEventHandler.cpp[0m:[95m239[0m [96moperator()[0m] Accepted new connection
[2026-09-01 03:06:24.397] [info] [[94mHttpSession.cpp[0m:[95m96[0m [96mhandleRequest[0m] Got request: GET /ndt/get_graph_data
[2026-09-01 03:06:24.397] [info] [[94mHttpSession.cpp[0m:[95m531[0m [96mhandleGetGraphData[0m] Handle Get Graph Data
[2026-09-01 03:06:24.418] [info] [[94mHttpSession.cpp[0m:[95m576[0m [96mhandleGetGraphData[0m] get_graph_data success
[2026-09-01 03:06:24.647] [info] [[94mControllerAndOtherEventHandler.cpp[0m:[95m239[0m [96moperator()[0m] Accepted new connection
[2026-09-01 03:06:24.647] [info] [[94mHttpSession.cpp[0m:[95m96[0m [96mhandleRequest[0m] Got request: GET /ndt/get_graph_data
[2026-09-01 03:06:24.647] [info] [[94mHttpSession.cpp[0m:[95m531[0m [96mhandleGetGraphData[0m] Handle Get Graph Data
[2026-09-01 03:06:24.668] [info] [[94mHttpSession.cpp[0m:[95m576[0m [96mhandleGetGraphData[0m] get_graph_data success
[2026-09-01 03:06:24.897] [info] [[94mControllerAndOtherEventHandler.cpp[0m:[95m239[0m [96moperator()[0m] Accepted new connection
[2026-09-01 03:06:24.897] [info] [[94mHttpSession.cpp[0m:[95m96[0m [96mhandleRequest[0m] Got request: GET /ndt/get_graph_data
[2026-09-01 03:06:24.897] [info] [[94mHttpSession.cpp[0m:[95m531[0m [96mhandleGetGraphData[0m] Handle Get Graph Data
[2026-09-01 03:06:24.919] [info] [[94mHttpSession.cpp[0m:[95m576[0m [96mhandleGetGraphData[0m] get_graph_data success
[2026-09-01 03:06:25.147] [info] [[94mControllerAndOtherEventHandler.cpp[0m:[95m239[0m [96moperator()[0m] Accepted new connection
[2026-09-01 03:06:25.147] [info] [[94mHttpSession.cpp[0m:[95m96[0m [96mhandleRequest[0m] Got request: GET /ndt/get_graph_data
[2026-09-01 03:06:25.147] [info] [[94mHttpSession.cpp[0m:[95m531[0m [96mhandleGetGraphData[0m] Handle Get Graph Data
[2026-09-01 03:06:25.165] [info] [[94mHttpSession.cpp[0m:[95m576[0m [96mhandleGetGraphData[0m] get_graph_data success
[2026-09-01 03:06:25.397] [info] [[94mControllerAndOtherEventHandler.cpp[0m:[95m239[0m [96moperator()[0m] Accepted new connection
[2026-09-01 03:06:25.397] [info] [[94mHttpSession.cpp[0m:[95m96[0m [96mhandleRequest[0m] Got request: GET /ndt/get_graph_data
[2026-09-01 03:06:25.397] [info] [[94mHttpSession.cpp[0m:[95m531[0m [96mhandleGetGraphData[0m] Handle Get Graph Data
[2026-09-01 03:06:25.414] [info] [[94mHttpSession.cpp[0m:[95m576[0m [96mhandleGetGraphData[0m] get_graph_data success
[2026-09-01 03:06:25.647] [info] [[94mControllerAndOtherEventHandler.cpp[0m:[95m239[0m [96moperator()[0m] Accepted new connection
[2026-09-01 03:06:25.647] [info] [[94mHttpSession.cpp[0m:[95m96[0m [96mhandleRequest[0m] Got request: GET /ndt/get_graph_data
[2026-09-01 03:06:25.647] [info] [[94mHttpSession.cpp[0m:[95m531[0m [96mhandleGetGraphData[0m] Handle Get Graph Data
[2026-09-01 03:06:25.662] [info] [[94mHttpSession.cpp[0m:[95m576[0m [96mhandleGetGraphData[0m] get_graph_data success
[2026-09-01 03:06:25.897] [info] [[94mControllerAndOtherEventHandler.cpp[0m:[95m239[0m [96moperator()[0m] Accepted new connection
[2026-09-01 03:06:25.897] [info] [[94mHttpSession.cpp[0m:[95m96[0m [96mhandleRequest[0m] Got request: GET /ndt/get_graph_data
[2026-09-01 03:06:25.897] [info] [[94mHttpSession.cpp[0m:[95m531[0m [96mhandleGetGraphData[0m] Handle Get Graph Data
[2026-09-01 03:06:25.912] [info] [[94mHttpSession.cpp[0m:[95m576[0m [96mhandleGetGraphData[0m] get_graph_data success
[2026-09-01 03:06:26.147] [info] [[94mControllerAndOtherEventHandler.cpp[0m:[95m239[0m [96moperator()[0m] Accepted new connection
[2026-09-01 03:06:26.147] [info] [[94mHttpSession.cpp[0m:[95m96[0m [96mhandleRequest[0m] Got request: GET /ndt/get_graph_data
[2026-09-01 03:06:26.147] [info] [[94mHttpSession.cpp[0m:[95m531[0m [96mhandleGetGraphData[0m] Handle Get Graph Data
[2026-09-01 03:06:26.168] [info] [[94mHttpSession.cpp[0m:[95m576[0m [96mhandleGetGraphData[0m] get_graph_data success
[2026-09-01 03:06:26.397] [info] [[94mControllerAndOtherEventHandler.cpp[0m:[95m239[0m [96moperator()[0m] Accepted new connection
[2026-09-01 03:06:26.397] [info] [[94mHttpSession.cpp[0m:[95m96[0m [96mhandleRequest[0m] Got request: GET /ndt/get_graph_data
[2026-09-01 03:06:26.397] [info] [[94mHttpSession.cpp[0m:[95m531[0m [96mhandleGetGraphData[0m] Handle Get Graph Data
[2026-09-01 03:06:26.419] [info] [[94mHttpSession.cpp[0m:[95m576[0m [96mhandleGetGraphData[0m] get_graph_data success
[2026-09-01 03:06:26.647] [info] [[94mControllerAndOtherEventHandler.cpp[0m:[95m239[0m [96moperator()[0m] Accepted new connection
[2026-09-01 03:06:26.647] [info] [[94mHttpSession.cpp[0m:[95m96[0m [96mhandleRequest[0m] Got request: GET /ndt/get_graph_data
[2026-09-01 03:06:26.647] [info] [[94mHttpSession.cpp[0m:[95m531[0m [96mhandleGetGraphData[0m] Handle Get Graph Data
[2026-09-01 03:06:26.664] [info] [[94mHttpSession.cpp[0m:[95m576[0m [96mhandleGetGraphData[0m] get_graph_data success
[2026-09-01 03:06:26.897] [info] [[94mControllerAndOtherEventHandler.cpp[0m:[95m239[0m [96moperator()[0m] Accepted new connection
[2026-09-01 03:06:26.897] [info] [[94mHttpSession.cpp[0m:[95m96[0m [96mhandleRequest[0m] Got request: GET /ndt/get_graph_data
[2026-09-01 03:06:26.897] [info] [[94mHttpSession.cpp[0m:[95m531[0m [96mhandleGetGraphData[0m] Handle Get Graph Data
[2026-09-01 03:06:26.913] [info] [[94mHttpSession.cpp[0m:[95m576[0m [96mhandleGetGraphData[0m] get_graph_data success
[2026-09-01 03:06:27.147] [info] [[94mControllerAndOtherEventHandler.cpp[0m:[95m239[0m [96moperator()[0m] Accepted new connection
[2026-09-01 03:06:27.147] [info] [[94mHttpSession.cpp[0m:[95m96[0m [96mhandleRequest[0m] Got request: GET /ndt/get_graph_data
[2026-09-01 03:06:27.147] [info] [[94mHttpSession.cpp[0m:[95m531[0m [96mhandleGetGraphData[0m] Handle Get Graph Data
[2026-09-01 03:06:27.168] [info] [[94mHttpSession.cpp[0m:[95m576[0m [96mhandleGetGraphData[0m] get_graph_data success
[2026-09-01 03:06:27.397] [info] [[94mControllerAndOtherEventHandler.cpp[0m:[95m239[0m [96moperator()[0m] Accepted new connection
[2026-09-01 03:06:27.397] [info] [[94mHttpSession.cpp[0m:[95m96[0m [96mhandleRequest[0m] Got request: GET /ndt/get_graph_data
[2026-09-01 03:06:27.397] [info] [[94mHttpSession.cpp[0m:[95m531[0m [96mhandleGetGraphData[0m] Handle Get Graph Data
[2026-09-01 03:06:27.419] [info] [[94mHttpSession.cpp[0m:[95m576[0m [96mhandleGetGraphData[0m] get_graph_data success
[2026-09-01 03:06:27.648] [info] [[94mControllerAndOtherEventHandler.cpp[0m:[95m239[0m [96moperator()[0m] Accepted new connection
[2026-09-01 03:06:27.648] [info] [[94mHttpSession.cpp[0m:[95m96[0m [96mhandleRequest[0m] Got request: GET /ndt/get_graph_data
[2026-09-01 03:06:27.648] [info] [[94mHttpSession.cpp[0m:[95m531[0m [96mhandleGetGraphData[0m] Handle Get Graph Data
[2026-09-01 03:06:27.671] [info] [[94mHttpSession.cpp[0m:[95m576[0m [96mhandleGetGraphData[0m] get_graph_data success
[2026-09-01 03:06:27.897] [info] [[94mControllerAndOtherEventHandler.cpp[0m:[95m239[0m [96moperator()[0m] Accepted new connection
[2026-09-01 03:06:27.898] [info] [[94mHttpSession.cpp[0m:[95m96[0m [96mhandleRequest[0m] Got request: GET /ndt/get_graph_data
[2026-09-01 03:06:27.898] [info] [[94mHttpSession.cpp[0m:[95m531[0m [96mhandleGetGraphData[0m] Handle Get Graph Data
[2026-09-01 03:06:27.915] [info] [[94mHttpSession.cpp[0m:[95m576[0m [96mhandleGetGraphData[0m] get_graph_data success
[2026-09-01 03:06:28.147] [info] [[94mControllerAndOtherEventHandler.cpp[0m:[95m239[0m [96moperator()[0m] Accepted new connection
[2026-09-01 03:06:28.147] [info] [[94mHttpSession.cpp[0m:[95m96[0m [96mhandleRequest[0m] Got request: GET /ndt/get_graph_data
[2026-09-01 03:06:28.147] [info] [[94mHttpSession.cpp[0m:[95m531[0m [96mhandleGetGraphData[0m] Handle Get Graph Data
[2026-09-01 03:06:28.169] [info] [[94mHttpSession.cpp[0m:[95m576[0m [96mhandleGetGraphData[0m] get_graph_data success
[2026-09-01 03:06:28.398] [info] [[94mControllerAndOtherEventHandler.cpp[0m:[95m239[0m [96moperator()[0m] Accepted new connection
[2026-09-01 03:06:28.398] [info] [[94mHttpSession.cpp[0m:[95m96[0m [96mhandleRequest[0m] Got request: GET /ndt/get_graph_data
[2026-09-01 03:06:28.398] [info] [[94mHttpSession.cpp[0m:[95m531[0m [96mhandleGetGraphData[0m] Handle Get Graph Data
[2026-09-01 03:06:28.415] [info] [[94mHttpSession.cpp[0m:[95m576[0m [96mhandleGetGraphData[0m] get_graph_data success
[2026-09-01 03:06:28.648] [info] [[94mControllerAndOtherEventHandler.cpp[0m:[95m239[0m [96moperator()[0m] Accepted new connection
[2026-09-01 03:06:28.648] [info] [[94mHttpSession.cpp[0m:[95m96[0m [96mhandleRequest[0m] Got request: GET /ndt/get_graph_data
[2026-09-01 03:06:28.649] [info] [[94mHttpSession.cpp[0m:[95m531[0m [96mhandleGetGraphData[0m] Handle Get Graph Data
[2026-09-01 03:06:28.670] [info] [[94mHttpSession.cpp[0m:[95m576[0m [96mhandleGetGraphData[0m] get_graph_data success
[2026-09-01 03:06:28.898] [info] [[94mControllerAndOtherEventHandler.cpp[0m:[95m239[0m [96moperator()[0m] Accepted new connection
[2026-09-01 03:06:28.898] [info] [[94mHttpSession.cpp[0m:[95m96[0m [96mhandleRequest[0m] Got request: GET /ndt/get_graph_data
[2026-09-01 03:06:28.898] [info] [[94mHttpSession.cpp[0m:[95m531[0m [96mhandleGetGraphData[0m] Handle Get Graph Data
[2026-09-01 03:06:28.912] [info] [[94mHttpSession.cpp[0m:[95m576[0m [96mhandleGetGraphData[0m] get_graph_data success
[2026-09-01 03:06:29.148] [info] [[94mControllerAndOtherEventHandler.cpp[0m:[95m239[0m [96moperator()[0m] Accepted new connection
[2026-09-01 03:06:29.148] [info] [[94mHttpSession.cpp[0m:[95m96[0m [96mhandleRequest[0m] Got request: GET /ndt/get_graph_data
[2026-09-01 03:06:29.148] [info] [[94mHttpSession.cpp[0m:[95m531[0m [96mhandleGetGraphData[0m] Handle Get Graph Data
[2026-09-01 03:06:29.169] [info] [[94mHttpSession.cpp[0m:[95m576[0m [96mhandleGetGraphData[0m] get_graph_data success
[2026-09-01 03:06:29.398] [info] [[94mControllerAndOtherEventHandler.cpp[0m:[95m239[0m [96moperator()[0m] Accepted new connection
[2026-09-01 03:06:29.398] [info] [[94mHttpSession.cpp[0m:[95m96[0m [96mhandleRequest[0m] Got request: GET /ndt/get_graph_data
[2026-09-01 03:06:29.398] [info] [[94mHttpSession.cpp[0m:[95m531[0m [96mhandleGetGraphData[0m] Handle Get Graph Data
[2026-09-01 03:06:29.414] [info] [[94mHttpSession.cpp[0m:[95m576[0m [96mhandleGetGraphData[0m] get_graph_data success
[2026-09-01 03:06:29.648] [info] [[94mControllerAndOtherEventHandler.cpp[0m:[95m239[0m [96moperator()[0m] Accepted new connection
[2026-09-01 03:06:29.648] [info] [[94mHttpSession.cpp[0m:[95m96[0m [96mhandleRequest[0m] Got request: GET /ndt/get_graph_data
[2026-09-01 03:06:29.648] [info] [[94mHttpSession.cpp[0m:[95m531[0m [96mhandleGetGraphData[0m] Handle Get Graph Data
[2026-09-01 03:06:29.665] [info] [[94mHttpSession.cpp[0m:[95m576[0m [96mhandleGetGraphData[0m] get_graph_data success
[2026-09-01 03:06:29.898] [info] [[94mControllerAndOtherEventHandler.cpp[0m:[95m239[0m [96moperator()[0m] Accepted new connection
[2026-09-01 03:06:29.898] [info] [[94mHttpSession.cpp[0m:[95m96[0m [96mhandleRequest[0m] Got request: GET /ndt/get_graph_data
[2026-09-01 03:06:29.898] [info] [[94mHttpSession.cpp[0m:[95m531[0m [96mhandleGetGraphData[0m] Handle Get Graph Data
[2026-09-01 03:06:29.914] [info] [[94mHttpSession.cpp[0m:[95m576[0m [96mhandleGetGraphData[0m] get_graph_data success
[2026-09-01 03:06:30.148] [info] [[94mControllerAndOtherEventHandler.cpp[0m:[95m239[0m [96moperator()[0m] Accepted new connection
[2026-09-01 03:06:30.148] [info] [[94mHttpSession.cpp[0m:[95m96[0m [96mhandleRequest[0m] Got request: GET /ndt/get_graph_data
[2026-09-01 03:06:30.148] [info] [[94mHttpSession.cpp[0m:[95m531[0m [96mhandleGetGraphData[0m] Handle Get Graph Data
[2026-09-01 03:06:30.165] [info] [[94mHttpSession.cpp[0m:[95m576[0m [96mhandleGetGraphData[0m] get_graph_data success
[2026-09-01 03:06:30.398] [info] [[94mControllerAndOtherEventHandler.cpp[0m:[95m239[0m [96moperator()[0m] Accepted new connection
[2026-09-01 03:06:30.398] [info] [[94mHttpSession.cpp[0m:[95m96[0m [96mhandleRequest[0m] Got request: GET /ndt/get_graph_data
[2026-09-01 03:06:30.398] [info] [[94mHttpSession.cpp[0m:[95m531[0m [96mhandleGetGraphData[0m] Handle Get Graph Data
[2026-09-01 03:06:30.419] [info] [[94mHttpSession.cpp[0m:[95m576[0m [96mhandleGetGraphData[0m] get_graph_data success
[2026-09-01 03:06:30.649] [info] [[94mControllerAndOtherEventHandler.cpp[0m:[95m239[0m [96moperator()[0m] Accepted new connection
[2026-09-01 03:06:30.649] [info] [[94mHttpSession.cpp[0m:[95m96[0m [96mhandleRequest[0m] Got request: GET /ndt/get_graph_data
[2026-09-01 03:06:30.649] [info] [[94mHttpSession.cpp[0m:[95m531[0m [96mhandleGetGraphData[0m] Handle Get Graph Data
[2026-09-01 03:06:30.670] [info] [[94mHttpSession.cpp[0m:[95m576[0m [96mhandleGetGraphData[0m] get_graph_data success
[2026-09-01 03:06:30.899] [info] [[94mControllerAndOtherEventHandler.cpp[0m:[95m239[0m [96moperator()[0m] Accepted new connection
[2026-09-01 03:06:30.899] [info] [[94mHttpSession.cpp[0m:[95m96[0m [96mhandleRequest[0m] Got request: GET /ndt/get_graph_data
[2026-09-01 03:06:30.899] [info] [[94mHttpSession.cpp[0m:[95m531[0m [96mhandleGetGraphData[0m] Handle Get Graph Data
[2026-09-01 03:06:30.922] [info] [[94mHttpSession.cpp[0m:[95m576[0m [96mhandleGetGraphData[0m] get_graph_data success
[2026-09-01 03:06:31.149] [info] [[94mControllerAndOtherEventHandler.cpp[0m:[95m239[0m [96moperator()[0m] Accepted new connection
[2026-09-01 03:06:31.149] [info] [[94mHttpSession.cpp[0m:[95m96[0m [96mhandleRequest[0m] Got request: GET /ndt/get_graph_data
[2026-09-01 03:06:31.149] [info] [[94mHttpSession.cpp[0m:[95m531[0m [96mhandleGetGraphData[0m] Handle Get Graph Data
[2026-09-01 03:06:31.169] [info] [[94mHttpSession.cpp[0m:[95m576[0m [96mhandleGetGraphData[0m] get_graph_data success
[2026-09-01 03:06:31.399] [info] [[94mControllerAndOtherEventHandler.cpp[0m:[95m239[0m [96moperator()[0m] Accepted new connection
[2026-09-01 03:06:31.399] [info] [[94mHttpSession.cpp[0m:[95m96[0m [96mhandleRequest[0m] Got request: GET /ndt/get_graph_data
[2026-09-01 03:06:31.399] [info] [[94mHttpSession.cpp[0m:[95m531[0m [96mhandleGetGraphData[0m] Handle Get Graph Data
[2026-09-01 03:06:31.422] [info] [[94mHttpSession.cpp[0m:[95m576[0m [96mhandleGetGraphData[0m] get_graph_data success
[2026-09-01 03:06:31.649] [info] [[94mControllerAndOtherEventHandler.cpp[0m:[95m239[0m [96moperator()[0m] Accepted new connection
[2026-09-01 03:06:31.649] [info] [[94mHttpSession.cpp[0m:[95m96[0m [96mhandleRequest[0m] Got request: GET /ndt/get_graph_data
[2026-09-01 03:06:31.649] [info] [[94mHttpSession.cpp[0m:[95m531[0m [96mhandleGetGraphData[0m] Handle Get Graph Data
[2026-09-01 03:06:31.669] [info] [[94mHttpSession.cpp[0m:[95m576[0m [96mhandleGetGraphData[0m] get_graph_data success
[2026-09-01 03:06:31.899] [info] [[94mControllerAndOtherEventHandler.cpp[0m:[95m239[0m [96moperator()[0m] Accepted new connection
[2026-09-01 03:06:31.900] [info] [[94mHttpSession.cpp[0m:[95m96[0m [96mhandleRequest[0m] Got request: GET /ndt/get_graph_data
[2026-09-01 03:06:31.900] [info] [[94mHttpSession.cpp[0m:[95m531[0m [96mhandleGetGraphData[0m] Handle Get Graph Data
[2026-09-01 03:06:31.916] [info] [[94mHttpSession.cpp[0m:[95m576[0m [96mhandleGetGraphData[0m] get_graph_data success
[2026-09-01 03:06:32.149] [info] [[94mControllerAndOtherEventHandler.cpp[0m:[95m239[0m [96moperator()[0m] Accepted new connection
[2026-09-01 03:06:32.149] [info] [[94mHttpSession.cpp[0m:[95m96[0m [96mhandleRequest[0m] Got request: GET /ndt/get_graph_data
[2026-09-01 03:06:32.149] [info] [[94mHttpSession.cpp[0m:[95m531[0m [96mhandleGetGraphData[0m] Handle Get Graph Data
[2026-09-01 03:06:32.171] [info] [[94mHttpSession.cpp[0m:[95m576[0m [96mhandleGetGraphData[0m] get_graph_data success
[2026-09-01 03:06:32.400] [info] [[94mControllerAndOtherEventHandler.cpp[0m:[95m239[0m [96moperator()[0m] Accepted new connection
[2026-09-01 03:06:32.400] [info] [[94mHttpSession.cpp[0m:[95m96[0m [96mhandleRequest[0m] Got request: GET /ndt/get_graph_data
[2026-09-01 03:06:32.400] [info] [[94mHttpSession.cpp[0m:[95m531[0m [96mhandleGetGraphData[0m] Handle Get Graph Data
[2026-09-01 03:06:32.422] [info] [[94mHttpSession.cpp[0m:[95m576[0m [96mhandleGetGraphData[0m] get_graph_data success
[2026-09-01 03:06:32.649] [info] [[94mControllerAndOtherEventHandler.cpp[0m:[95m239[0m [96moperator()[0m] Accepted new connection
[2026-09-01 03:06:32.649] [info] [[94mHttpSession.cpp[0m:[95m96[0m [96mhandleRequest[0m] Got request: GET /ndt/get_graph_data
[2026-09-01 03:06:32.649] [info] [[94mHttpSession.cpp[0m:[95m531[0m [96mhandleGetGraphData[0m] Handle Get Graph Data
[2026-09-01 03:06:32.671] [info] [[94mHttpSession.cpp[0m:[95m576[0m [96mhandleGetGraphData[0m] get_graph_data success
[2026-09-01 03:06:32.900] [info] [[94mControllerAndOtherEventHandler.cpp[0m:[95m239[0m [96moperator()[0m] Accepted new connection
[2026-09-01 03:06:32.900] [info] [[94mHttpSession.cpp[0m:[95m96[0m [96mhandleRequest[0m] Got request: GET /ndt/get_graph_data
[2026-09-01 03:06:32.900] [info] [[94mHttpSession.cpp[0m:[95m531[0m [96mhandleGetGraphData[0m] Handle Get Graph Data
[2026-09-01 03:06:32.922] [info] [[94mHttpSession.cpp[0m:[95m576[0m [96mhandleGetGraphData[0m] get_graph_data success
[2026-09-01 03:06:33.149] [info] [[94mControllerAndOtherEventHandler.cpp[0m:[95m239[0m [96moperator()[0m] Accepted new connection
[2026-09-01 03:06:33.149] [info] [[94mHttpSession.cpp[0m:[95m96[0m [96mhandleRequest[0m] Got request: GET /ndt/get_graph_data
[2026-09-01 03:06:33.150] [info] [[94mHttpSession.cpp[0m:[95m531[0m [96mhandleGetGraphData[0m] Handle Get Graph Data
[2026-09-01 03:06:33.171] [info] [[94mHttpSession.cpp[0m:[95m576[0m [96mhandleGetGraphData[0m] get_graph_data success
[2026-09-01 03:06:33.400] [info] [[94mControllerAndOtherEventHandler.cpp[0m:[95m239[0m [96moperator()[0m] Accepted new connection
[2026-09-01 03:06:33.400] [info] [[94mHttpSession.cpp[0m:[95m96[0m [96mhandleRequest[0m] Got request: GET /ndt/get_graph_data
[2026-09-01 03:06:33.400] [info] [[94mHttpSession.cpp[0m:[95m531[0m [96mhandleGetGraphData[0m] Handle Get Graph Data
[2026-09-01 03:06:33.418] [info] [[94mHttpSession.cpp[0m:[95m576[0m [96mhandleGetGraphData[0m] get_graph_data success
[2026-09-01 03:06:33.650] [info] [[94mControllerAndOtherEventHandler.cpp[0m:[95m239[0m [96moperator()[0m] Accepted new connection
[2026-09-01 03:06:33.650] [info] [[94mHttpSession.cpp[0m:[95m96[0m [96mhandleRequest[0m] Got request: GET /ndt/get_graph_data
[2026-09-01 03:06:33.650] [info] [[94mHttpSession.cpp[0m:[95m531[0m [96mhandleGetGraphData[0m] Handle Get Graph Data
[2026-09-01 03:06:33.672] [info] [[94mHttpSession.cpp[0m:[95m576[0m [96mhandleGetGraphData[0m] get_graph_data success
[2026-09-01 03:06:33.900] [info] [[94mControllerAndOtherEventHandler.cpp[0m:[95m239[0m [96moperator()[0m] Accepted new connection
[2026-09-01 03:06:33.900] [info] [[94mHttpSession.cpp[0m:[95m96[0m [96mhandleRequest[0m] Got request: GET /ndt/get_graph_data
[2026-09-01 03:06:33.900] [info] [[94mHttpSession.cpp[0m:[95m531[0m [96mhandleGetGraphData[0m] Handle Get Graph Data
[2026-09-01 03:06:33.922] [info] [[94mHttpSession.cpp[0m:[95m576[0m [96mhandleGetGraphData[0m] get_graph_data success
[2026-09-01 03:06:34.150] [info] [[94mControllerAndOtherEventHandler.cpp[0m:[95m239[0m [96moperator()[0m] Accepted new connection
[2026-09-01 03:06:34.150] [info] [[94mHttpSession.cpp[0m:[95m96[0m [96mhandleRequest[0m] Got request: GET /ndt/get_graph_data
[2026-09-01 03:06:34.150] [info] [[94mHttpSession.cpp[0m:[95m531[0m [96mhandleGetGraphData[0m] Handle Get Graph Data
[2026-09-01 03:06:34.172] [info] [[94mHttpSession.cpp[0m:[95m576[0m [96mhandleGetGraphData[0m] get_graph_data success
[2026-09-01 03:06:34.400] [info] [[94mControllerAndOtherEventHandler.cpp[0m:[95m239[0m [96moperator()[0m] Accepted new connection
[2026-09-01 03:06:34.400] [info] [[94mHttpSession.cpp[0m:[95m96[0m [96mhandleRequest[0m] Got request: GET /ndt/get_graph_data
[2026-09-01 03:06:34.400] [info] [[94mHttpSession.cpp[0m:[95m531[0m [96mhandleGetGraphData[0m] Handle Get Graph Data
[2026-09-01 03:06:34.422] [info] [[94mHttpSession.cpp[0m:[95m576[0m [96mhandleGetGraphData[0m] get_graph_data success
[2026-09-01 03:06:34.650] [info] [[94mControllerAndOtherEventHandler.cpp[0m:[95m239[0m [96moperator()[0m] Accepted new connection
[2026-09-01 03:06:34.650] [info] [[94mHttpSession.cpp[0m:[95m96[0m [96mhandleRequest[0m] Got request: GET /ndt/get_graph_data
[2026-09-01 03:06:34.650] [info] [[94mHttpSession.cpp[0m:[95m531[0m [96mhandleGetGraphData[0m] Handle Get Graph Data
[2026-09-01 03:06:34.672] [info] [[94mHttpSession.cpp[0m:[95m576[0m [96mhandleGetGraphData[0m] get_graph_data success
[2026-09-01 03:06:34.900] [info] [[94mControllerAndOtherEventHandler.cpp[0m:[95m239[0m [96moperator()[0m] Accepted new connection
[2026-09-01 03:06:34.900] [info] [[94mHttpSession.cpp[0m:[95m96[0m [96mhandleRequest[0m] Got request: GET /ndt/get_graph_data
[2026-09-01 03:06:34.900] [info] [[94mHttpSession.cpp[0m:[95m531[0m [96mhandleGetGraphData[0m] Handle Get Graph Data
[2026-09-01 03:06:34.918] [info] [[94mHttpSession.cpp[0m:[95m576[0m [96mhandleGetGraphData[0m] get_graph_data success
[2026-09-01 03:06:35.150] [info] [[94mControllerAndOtherEventHandler.cpp[0m:[95m239[0m [96moperator()[0m] Accepted new connection
[2026-09-01 03:06:35.150] [info] [[94mHttpSession.cpp[0m:[95m96[0m [96mhandleRequest[0m] Got request: GET /ndt/get_graph_data
[2026-09-01 03:06:35.150] [info] [[94mHttpSession.cpp[0m:[95m531[0m [96mhandleGetGraphData[0m] Handle Get Graph Data
[2026-09-01 03:06:35.167] [info] [[94mHttpSession.cpp[0m:[95m576[0m [96mhandleGetGraphData[0m] get_graph_data success
[2026-09-01 03:06:35.400] [info] [[94mControllerAndOtherEventHandler.cpp[0m:[95m239[0m [96moperator()[0m] Accepted new connection
[2026-09-01 03:06:35.401] [info] [[94mHttpSession.cpp[0m:[95m96[0m [96mhandleRequest[0m] Got request: GET /ndt/get_graph_data
[2026-09-01 03:06:35.401] [info] [[94mHttpSession.cpp[0m:[95m531[0m [96mhandleGetGraphData[0m] Handle Get Graph Data
[2026-09-01 03:06:35.418] [info] [[94mHttpSession.cpp[0m:[95m576[0m [96mhandleGetGraphData[0m] get_graph_data success
[2026-09-01 03:06:35.651] [info] [[94mControllerAndOtherEventHandler.cpp[0m:[95m239[0m [96moperator()[0m] Accepted new connection
[2026-09-01 03:06:35.651] [info] [[94mHttpSession.cpp[0m:[95m96[0m [96mhandleRequest[0m] Got request: GET /ndt/get_graph_data
[2026-09-01 03:06:35.651] [info] [[94mHttpSession.cpp[0m:[95m531[0m [96mhandleGetGraphData[0m] Handle Get Graph Data
[2026-09-01 03:06:35.671] [info] [[94mHttpSession.cpp[0m:[95m576[0m [96mhandleGetGraphData[0m] get_graph_data success
[2026-09-01 03:06:35.900] [info] [[94mControllerAndOtherEventHandler.cpp[0m:[95m239[0m [96moperator()[0m] Accepted new connection
[2026-09-01 03:06:35.901] [info] [[94mHttpSession.cpp[0m:[95m96[0m [96mhandleRequest[0m] Got request: GET /ndt/get_graph_data
[2026-09-01 03:06:35.901] [info] [[94mHttpSession.cpp[0m:[95m531[0m [96mhandleGetGraphData[0m] Handle Get Graph Data
[2026-09-01 03:06:35.921] [info] [[94mHttpSession.cpp[0m:[95m576[0m [96mhandleGetGraphData[0m] get_graph_data success
[2026-09-01 03:06:36.150] [info] [[94mControllerAndOtherEventHandler.cpp[0m:[95m239[0m [96moperator()[0m] Accepted new connection
[2026-09-01 03:06:36.150] [info] [[94mHttpSession.cpp[0m:[95m96[0m [96mhandleRequest[0m] Got request: GET /ndt/get_graph_data
[2026-09-01 03:06:36.150] [info] [[94mHttpSession.cpp[0m:[95m531[0m [96mhandleGetGraphData[0m] Handle Get Graph Data
[2026-09-01 03:06:36.166] [info] [[94mHttpSession.cpp[0m:[95m576[0m [96mhandleGetGraphData[0m] get_graph_data success
[2026-09-01 03:06:36.400] [info] [[94mControllerAndOtherEventHandler.cpp[0m:[95m239[0m [96moperator()[0m] Accepted new connection
[2026-09-01 03:06:36.401] [info] [[94mHttpSession.cpp[0m:[95m96[0m [96mhandleRequest[0m] Got request: GET /ndt/get_graph_data
[2026-09-01 03:06:36.401] [info] [[94mHttpSession.cpp[0m:[95m531[0m [96mhandleGetGraphData[0m] Handle Get Graph Data
[2026-09-01 03:06:36.423] [info] [[94mHttpSession.cpp[0m:[95m576[0m [96mhandleGetGraphData[0m] get_graph_data success
[2026-09-01 03:06:36.651] [info] [[94mControllerAndOtherEventHandler.cpp[0m:[95m239[0m [96moperator()[0m] Accepted new connection
[2026-09-01 03:06:36.651] [info] [[94mHttpSession.cpp[0m:[95m96[0m [96mhandleRequest[0m] Got request: GET /ndt/get_graph_data
[2026-09-01 03:06:36.651] [info] [[94mHttpSession.cpp[0m:[95m531[0m [96mhandleGetGraphData[0m] Handle Get Graph Data
[2026-09-01 03:06:36.673] [info] [[94mHttpSession.cpp[0m:[95m576[0m [96mhandleGetGraphData[0m] get_graph_data success
[2026-09-01 03:06:36.901] [info] [[94mControllerAndOtherEventHandler.cpp[0m:[95m239[0m [96moperator()[0m] Accepted new connection
[2026-09-01 03:06:36.901] [info] [[94mHttpSession.cpp[0m:[95m96[0m [96mhandleRequest[0m] Got request: GET /ndt/get_graph_data
[2026-09-01 03:06:36.901] [info] [[94mHttpSession.cpp[0m:[95m531[0m [96mhandleGetGraphData[0m] Handle Get Graph Data
[2026-09-01 03:06:36.922] [info] [[94mHttpSession.cpp[0m:[95m576[0m [96mhandleGetGraphData[0m] get_graph_data success
[2026-09-01 03:06:37.151] [info] [[94mControllerAndOtherEventHandler.cpp[0m:[95m239[0m [96moperator()[0m] Accepted new connection
[2026-09-01 03:06:37.152] [info] [[94mHttpSession.cpp[0m:[95m96[0m [96mhandleRequest[0m] Got request: GET /ndt/get_graph_data
[2026-09-01 03:06:37.152] [info] [[94mHttpSession.cpp[0m:[95m531[0m [96mhandleGetGraphData[0m] Handle Get Graph Data
[2026-09-01 03:06:37.170] [info] [[94mHttpSession.cpp[0m:[95m576[0m [96mhandleGetGraphData[0m] get_graph_data success
[2026-09-01 03:06:37.401] [info] [[94mControllerAndOtherEventHandler.cpp[0m:[95m239[0m [96moperator()[0m] Accepted new connection
[2026-09-01 03:06:37.401] [info] [[94mHttpSession.cpp[0m:[95m96[0m [96mhandleRequest[0m] Got request: GET /ndt/get_graph_data
[2026-09-01 03:06:37.402] [info] [[94mHttpSession.cpp[0m:[95m531[0m [96mhandleGetGraphData[0m] Handle Get Graph Data
[2026-09-01 03:06:37.423] [info] [[94mHttpSession.cpp[0m:[95m576[0m [96mhandleGetGraphData[0m] get_graph_data success
[2026-09-01 03:06:37.651] [info] [[94mControllerAndOtherEventHandler.cpp[0m:[95m239[0m [96moperator()[0m] Accepted new connection
[2026-09-01 03:06:37.652] [info] [[94mHttpSession.cpp[0m:[95m96[0m [96mhandleRequest[0m] Got request: GET /ndt/get_graph_data
[2026-09-01 03:06:37.652] [info] [[94mHttpSession.cpp[0m:[95m531[0m [96mhandleGetGraphData[0m] Handle Get Graph Data
[2026-09-01 03:06:37.672] [info] [[94mHttpSession.cpp[0m:[95m576[0m [96mhandleGetGraphData[0m] get_graph_data success
[2026-09-01 03:06:37.901] [info] [[94mControllerAndOtherEventHandler.cpp[0m:[95m239[0m [96moperator()[0m] Accepted new connection
[2026-09-01 03:06:37.902] [info] [[94mHttpSession.cpp[0m:[95m96[0m [96mhandleRequest[0m] Got request: GET /ndt/get_graph_data
[2026-09-01 03:06:37.902] [info] [[94mHttpSession.cpp[0m:[95m531[0m [96mhandleGetGraphData[0m] Handle Get Graph Data
[2026-09-01 03:06:37.916] [info] [[94mHttpSession.cpp[0m:[95m576[0m [96mhandleGetGraphData[0m] get_graph_data success
[2026-09-01 03:06:38.152] [info] [[94mControllerAndOtherEventHandler.cpp[0m:[95m239[0m [96moperator()[0m] Accepted new connection
[2026-09-01 03:06:38.152] [info] [[94mHttpSession.cpp[0m:[95m96[0m [96mhandleRequest[0m] Got request: GET /ndt/get_graph_data
[2026-09-01 03:06:38.152] [info] [[94mHttpSession.cpp[0m:[95m531[0m [96mhandleGetGraphData[0m] Handle Get Graph Data
[2026-09-01 03:06:38.174] [info] [[94mHttpSession.cpp[0m:[95m576[0m [96mhandleGetGraphData[0m] get_graph_data success
[2026-09-01 03:06:38.402] [info] [[94mControllerAndOtherEventHandler.cpp[0m:[95m239[0m [96moperator()[0m] Accepted new connection
[2026-09-01 03:06:38.402] [info] [[94mHttpSession.cpp[0m:[95m96[0m [96mhandleRequest[0m] Got request: GET /ndt/get_graph_data
[2026-09-01 03:06:38.402] [info] [[94mHttpSession.cpp[0m:[95m531[0m [96mhandleGetGraphData[0m] Handle Get Graph Data
[2026-09-01 03:06:38.423] [info] [[94mHttpSession.cpp[0m:[95m576[0m [96mhandleGetGraphData[0m] get_graph_data success
[2026-09-01 03:06:38.651] [info] [[94mControllerAndOtherEventHandler.cpp[0m:[95m239[0m [96moperator()[0m] Accepted new connection
[2026-09-01 03:06:38.652] [info] [[94mHttpSession.cpp[0m:[95m96[0m [96mhandleRequest[0m] Got request: GET /ndt/get_graph_data
[2026-09-01 03:06:38.652] [info] [[94mHttpSession.cpp[0m:[95m531[0m [96mhandleGetGraphData[0m] Handle Get Graph Data
[2026-09-01 03:06:38.666] [info] [[94mHttpSession.cpp[0m:[95m576[0m [96mhandleGetGraphData[0m] get_graph_data success
[2026-09-01 03:06:38.901] [info] [[94mControllerAndOtherEventHandler.cpp[0m:[95m239[0m [96moperator()[0m] Accepted new connection
[2026-09-01 03:06:38.902] [info] [[94mHttpSession.cpp[0m:[95m96[0m [96mhandleRequest[0m] Got request: GET /ndt/get_graph_data
[2026-09-01 03:06:38.902] [info] [[94mHttpSession.cpp[0m:[95m531[0m [96mhandleGetGraphData[0m] Handle Get Graph Data
[2026-09-01 03:06:38.923] [info] [[94mHttpSession.cpp[0m:[95m576[0m [96mhandleGetGraphData[0m] get_graph_data success
[2026-09-01 03:06:39.151] [info] [[94mControllerAndOtherEventHandler.cpp[0m:[95m239[0m [96moperator()[0m] Accepted new connection
[2026-09-01 03:06:39.151] [info] [[94mHttpSession.cpp[0m:[95m96[0m [96mhandleRequest[0m] Got request: GET /ndt/get_graph_data
[2026-09-01 03:06:39.151] [info] [[94mHttpSession.cpp[0m:[95m531[0m [96mhandleGetGraphData[0m] Handle Get Graph Data
[2026-09-01 03:06:39.167] [info] [[94mHttpSession.cpp[0m:[95m576[0m [96mhandleGetGraphData[0m] get_graph_data success
[2026-09-01 03:06:39.401] [info] [[94mControllerAndOtherEventHandler.cpp[0m:[95m239[0m [96moperator()[0m] Accepted new connection
[2026-09-01 03:06:39.402] [info] [[94mHttpSession.cpp[0m:[95m96[0m [96mhandleRequest[0m] Got request: GET /ndt/get_graph_data
[2026-09-01 03:06:39.402] [info] [[94mHttpSession.cpp[0m:[95m531[0m [96mhandleGetGraphData[0m] Handle Get Graph Data
[2026-09-01 03:06:39.417] [info] [[94mHttpSession.cpp[0m:[95m576[0m [96mhandleGetGraphData[0m] get_graph_data success
[2026-09-01 03:06:39.652] [info] [[94mControllerAndOtherEventHandler.cpp[0m:[95m239[0m [96moperator()[0m] Accepted new connection
[2026-09-01 03:06:39.652] [info] [[94mHttpSession.cpp[0m:[95m96[0m [96mhandleRequest[0m] Got request: GET /ndt/get_graph_data
[2026-09-01 03:06:39.652] [info] [[94mHttpSession.cpp[0m:[95m531[0m [96mhandleGetGraphData[0m] Handle Get Graph Data
[2026-09-01 03:06:39.671] [info] [[94mHttpSession.cpp[0m:[95m576[0m [96mhandleGetGraphData[0m] get_graph_data success
[2026-09-01 03:06:39.902] [info] [[94mControllerAndOtherEventHandler.cpp[0m:[95m239[0m [96moperator()[0m] Accepted new connection
[2026-09-01 03:06:39.902] [info] [[94mHttpSession.cpp[0m:[95m96[0m [96mhandleRequest[0m] Got request: GET /ndt/get_graph_data
[2026-09-01 03:06:39.902] [info] [[94mHttpSession.cpp[0m:[95m531[0m [96mhandleGetGraphData[0m] Handle Get Graph Data
[2026-09-01 03:06:39.924] [info] [[94mHttpSession.cpp[0m:[95m576[0m [96mhandleGetGraphData[0m] get_graph_data success
[2026-09-01 03:06:40.152] [info] [[94mControllerAndOtherEventHandler.cpp[0m:[95m239[0m [96moperator()[0m] Accepted new connection
[2026-09-01 03:06:40.152] [info] [[94mHttpSession.cpp[0m:[95m96[0m [96mhandleRequest[0m] Got request: GET /ndt/get_graph_data
[2026-09-01 03:06:40.152] [info] [[94mHttpSession.cpp[0m:[95m531[0m [96mhandleGetGraphData[0m] Handle Get Graph Data
[2026-09-01 03:06:40.173] [info] [[94mHttpSession.cpp[0m:[95m576[0m [96mhandleGetGraphData[0m] get_graph_data success
[2026-09-01 03:06:40.402] [info] [[94mControllerAndOtherEventHandler.cpp[0m:[95m239[0m [96moperator()[0m] Accepted new connection
[2026-09-01 03:06:40.403] [info] [[94mHttpSession.cpp[0m:[95m96[0m [96mhandleRequest[0m] Got request: GET /ndt/get_graph_data
[2026-09-01 03:06:40.403] [info] [[94mHttpSession.cpp[0m:[95m531[0m [96mhandleGetGraphData[0m] Handle Get Graph Data
[2026-09-01 03:06:40.423] [info] [[94mHttpSession.cpp[0m:[95m576[0m [96mhandleGetGraphData[0m] get_graph_data success
[2026-09-01 03:06:40.653] [info] [[94mControllerAndOtherEventHandler.cpp[0m:[95m239[0m [96moperator()[0m] Accepted new connection
[2026-09-01 03:06:40.654] [info] [[94mHttpSession.cpp[0m:[95m96[0m [96mhandleRequest[0m] Got request: GET /ndt/get_graph_data
[2026-09-01 03:06:40.654] [info] [[94mHttpSession.cpp[0m:[95m531[0m [96mhandleGetGraphData[0m] Handle Get Graph Data
[2026-09-01 03:06:40.676] [info] [[94mHttpSession.cpp[0m:[95m576[0m [96mhandleGetGraphData[0m] get_graph_data success
[2026-09-01 03:06:40.903] [info] [[94mControllerAndOtherEventHandler.cpp[0m:[95m239[0m [96moperator()[0m] Accepted new connection
[2026-09-01 03:06:40.903] [info] [[94mHttpSession.cpp[0m:[95m96[0m [96mhandleRequest[0m] Got request: GET /ndt/get_graph_data
[2026-09-01 03:06:40.904] [info] [[94mHttpSession.cpp[0m:[95m531[0m [96mhandleGetGraphData[0m] Handle Get Graph Data
[2026-09-01 03:06:40.925] [info] [[94mHttpSession.cpp[0m:[95m576[0m [96mhandleGetGraphData[0m] get_graph_data success
[2026-09-01 03:06:41.153] [info] [[94mControllerAndOtherEventHandler.cpp[0m:[95m239[0m [96moperator()[0m] Accepted new connection
[2026-09-01 03:06:41.153] [info] [[94mHttpSession.cpp[0m:[95m96[0m [96mhandleRequest[0m] Got request: GET /ndt/get_graph_data
[2026-09-01 03:06:41.153] [info] [[94mHttpSession.cpp[0m:[95m531[0m [96mhandleGetGraphData[0m] Handle Get Graph Data
[2026-09-01 03:06:41.175] [info] [[94mHttpSession.cpp[0m:[95m576[0m [96mhandleGetGraphData[0m] get_graph_data success
[2026-09-01 03:06:41.403] [info] [[94mControllerAndOtherEventHandler.cpp[0m:[95m239[0m [96moperator()[0m] Accepted new connection
[2026-09-01 03:06:41.404] [info] [[94mHttpSession.cpp[0m:[95m96[0m [96mhandleRequest[0m] Got request: GET /ndt/get_graph_data
[2026-09-01 03:06:41.404] [info] [[94mHttpSession.cpp[0m:[95m531[0m [96mhandleGetGraphData[0m] Handle Get Graph Data
[2026-09-01 03:06:41.425] [info] [[94mHttpSession.cpp[0m:[95m576[0m [96mhandleGetGraphData[0m] get_graph_data success
[2026-09-01 03:06:41.654] [info] [[94mControllerAndOtherEventHandler.cpp[0m:[95m239[0m [96moperator()[0m] Accepted new connection
[2026-09-01 03:06:41.654] [info] [[94mHttpSession.cpp[0m:[95m96[0m [96mhandleRequest[0m] Got request: GET /ndt/get_graph_data
[2026-09-01 03:06:41.654] [info] [[94mHttpSession.cpp[0m:[95m531[0m [96mhandleGetGraphData[0m] Handle Get Graph Data
[2026-09-01 03:06:41.669] [info] [[94mHttpSession.cpp[0m:[95m576[0m [96mhandleGetGraphData[0m] get_graph_data success
[2026-09-01 03:06:41.903] [info] [[94mControllerAndOtherEventHandler.cpp[0m:[95m239[0m [96moperator()[0m] Accepted new connection
[2026-09-01 03:06:41.904] [info] [[94mHttpSession.cpp[0m:[95m96[0m [96mhandleRequest[0m] Got request: GET /ndt/get_graph_data
[2026-09-01 03:06:41.904] [info] [[94mHttpSession.cpp[0m:[95m531[0m [96mhandleGetGraphData[0m] Handle Get Graph Data
[2026-09-01 03:06:41.922] [info] [[94mHttpSession.cpp[0m:[95m576[0m [96mhandleGetGraphData[0m] get_graph_data success
[2026-09-01 03:06:42.153] [info] [[94mControllerAndOtherEventHandler.cpp[0m:[95m239[0m [96moperator()[0m] Accepted new connection
[2026-09-01 03:06:42.153] [info] [[94mHttpSession.cpp[0m:[95m96[0m [96mhandleRequest[0m] Got request: GET /ndt/get_graph_data
[2026-09-01 03:06:42.153] [info] [[94mHttpSession.cpp[0m:[95m531[0m [96mhandleGetGraphData[0m] Handle Get Graph Data
[2026-09-01 03:06:42.173] [info] [[94mHttpSession.cpp[0m:[95m576[0m [96mhandleGetGraphData[0m] get_graph_data success
[2026-09-01 03:06:42.404] [info] [[94mControllerAndOtherEventHandler.cpp[0m:[95m239[0m [96moperator()[0m] Accepted new connection
[2026-09-01 03:06:42.404] [info] [[94mHttpSession.cpp[0m:[95m96[0m [96mhandleRequest[0m] Got request: GET /ndt/get_graph_data
[2026-09-01 03:06:42.404] [info] [[94mHttpSession.cpp[0m:[95m531[0m [96mhandleGetGraphData[0m] Handle Get Graph Data
[2026-09-01 03:06:42.421] [info] [[94mHttpSession.cpp[0m:[95m576[0m [96mhandleGetGraphData[0m] get_graph_data success
[2026-09-01 03:06:42.654] [info] [[94mControllerAndOtherEventHandler.cpp[0m:[95m239[0m [96moperator()[0m] Accepted new connection
[2026-09-01 03:06:42.654] [info] [[94mHttpSession.cpp[0m:[95m96[0m [96mhandleRequest[0m] Got request: GET /ndt/get_graph_data
[2026-09-01 03:06:42.654] [info] [[94mHttpSession.cpp[0m:[95m531[0m [96mhandleGetGraphData[0m] Handle Get Graph Data
[2026-09-01 03:06:42.675] [info] [[94mHttpSession.cpp[0m:[95m576[0m [96mhandleGetGraphData[0m] get_graph_data success
[2026-09-01 03:06:42.904] [info] [[94mControllerAndOtherEventHandler.cpp[0m:[95m239[0m [96moperator()[0m] Accepted new connection
[2026-09-01 03:06:42.904] [info] [[94mHttpSession.cpp[0m:[95m96[0m [96mhandleRequest[0m] Got request: GET /ndt/get_graph_data
[2026-09-01 03:06:42.904] [info] [[94mHttpSession.cpp[0m:[95m531[0m [96mhandleGetGraphData[0m] Handle Get Graph Data
[2026-09-01 03:06:42.925] [info] [[94mHttpSession.cpp[0m:[95m576[0m [96mhandleGetGraphData[0m] get_graph_data success
[2026-09-01 03:06:43.154] [info] [[94mControllerAndOtherEventHandler.cpp[0m:[95m239[0m [96moperator()[0m] Accepted new connection
[2026-09-01 03:06:43.154] [info] [[94mHttpSession.cpp[0m:[95m96[0m [96mhandleRequest[0m] Got request: GET /ndt/get_graph_data
[2026-09-01 03:06:43.154] [info] [[94mHttpSession.cpp[0m:[95m531[0m [96mhandleGetGraphData[0m] Handle Get Graph Data
[2026-09-01 03:06:43.175] [info] [[94mHttpSession.cpp[0m:[95m576[0m [96mhandleGetGraphData[0m] get_graph_data success
[2026-09-01 03:06:43.404] [info] [[94mControllerAndOtherEventHandler.cpp[0m:[95m239[0m [96moperator()[0m] Accepted new connection
[2026-09-01 03:06:43.404] [info] [[94mHttpSession.cpp[0m:[95m96[0m [96mhandleRequest[0m] Got request: GET /ndt/get_graph_data
[2026-09-01 03:06:43.404] [info] [[94mHttpSession.cpp[0m:[95m531[0m [96mhandleGetGraphData[0m] Handle Get Graph Data
[2026-09-01 03:06:43.422] [info] [[94mHttpSession.cpp[0m:[95m576[0m [96mhandleGetGraphData[0m] get_graph_data success
[2026-09-01 03:06:43.654] [info] [[94mControllerAndOtherEventHandler.cpp[0m:[95m239[0m [96moperator()[0m] Accepted new connection
[2026-09-01 03:06:43.654] [info] [[94mHttpSession.cpp[0m:[95m96[0m [96mhandleRequest[0m] Got request: GET /ndt/get_graph_data
[2026-09-01 03:06:43.654] [info] [[94mHttpSession.cpp[0m:[95m531[0m [96mhandleGetGraphData[0m] Handle Get Graph Data
[2026-09-01 03:06:43.669] [info] [[94mHttpSession.cpp[0m:[95m576[0m [96mhandleGetGraphData[0m] get_graph_data success
[2026-09-01 03:06:43.904] [info] [[94mControllerAndOtherEventHandler.cpp[0m:[95m239[0m [96moperator()[0m] Accepted new connection
[2026-09-01 03:06:43.904] [info] [[94mHttpSession.cpp[0m:[95m96[0m [96mhandleRequest[0m] Got request: GET /ndt/get_graph_data
[2026-09-01 03:06:43.904] [info] [[94mHttpSession.cpp[0m:[95m531[0m [96mhandleGetGraphData[0m] Handle Get Graph Data
[2026-09-01 03:06:43.921] [info] [[94mHttpSession.cpp[0m:[95m576[0m [96mhandleGetGraphData[0m] get_graph_data success
[2026-09-01 03:06:44.154] [info] [[94mControllerAndOtherEventHandler.cpp[0m:[95m239[0m [96moperator()[0m] Accepted new connection
[2026-09-01 03:06:44.154] [info] [[94mHttpSession.cpp[0m:[95m96[0m [96mhandleRequest[0m] Got request: GET /ndt/get_graph_data
[2026-09-01 03:06:44.154] [info] [[94mHttpSession.cpp[0m:[95m531[0m [96mhandleGetGraphData[0m] Handle Get Graph Data
[2026-09-01 03:06:44.175] [info] [[94mHttpSession.cpp[0m:[95m576[0m [96mhandleGetGraphData[0m] get_graph_data success
[2026-09-01 03:06:44.404] [info] [[94mControllerAndOtherEventHandler.cpp[0m:[95m239[0m [96moperator()[0m] Accepted new connection
[2026-09-01 03:06:44.405] [info] [[94mHttpSession.cpp[0m:[95m96[0m [96mhandleRequest[0m] Got request: GET /ndt/get_graph_data
[2026-09-01 03:06:44.405] [info] [[94mHttpSession.cpp[0m:[95m531[0m [96mhandleGetGraphData[0m] Handle Get Graph Data
[2026-09-01 03:06:44.420] [info] [[94mHttpSession.cpp[0m:[95m576[0m [96mhandleGetGraphData[0m] get_graph_data success
[2026-09-01 03:06:44.655] [info] [[94mControllerAndOtherEventHandler.cpp[0m:[95m239[0m [96moperator()[0m] Accepted new connection
[2026-09-01 03:06:44.655] [info] [[94mHttpSession.cpp[0m:[95m96[0m [96mhandleRequest[0m] Got request: GET /ndt/get_graph_data
[2026-09-01 03:06:44.655] [info] [[94mHttpSession.cpp[0m:[95m531[0m [96mhandleGetGraphData[0m] Handle Get Graph Data
[2026-09-01 03:06:44.676] [info] [[94mHttpSession.cpp[0m:[95m576[0m [96mhandleGetGraphData[0m] get_graph_data success
[2026-09-01 03:06:44.905] [info] [[94mControllerAndOtherEventHandler.cpp[0m:[95m239[0m [96moperator()[0m] Accepted new connection
[2026-09-01 03:06:44.905] [info] [[94mHttpSession.cpp[0m:[95m96[0m [96mhandleRequest[0m] Got request: GET /ndt/get_graph_data
[2026-09-01 03:06:44.905] [info] [[94mHttpSession.cpp[0m:[95m531[0m [96mhandleGetGraphData[0m] Handle Get Graph Data
[2026-09-01 03:06:44.926] [info] [[94mHttpSession.cpp[0m:[95m576[0m [96mhandleGetGraphData[0m] get_graph_data success
[2026-09-01 03:06:45.154] [info] [[94mControllerAndOtherEventHandler.cpp[0m:[95m239[0m [96moperator()[0m] Accepted new connection
[2026-09-01 03:06:45.154] [info] [[94mHttpSession.cpp[0m:[95m96[0m [96mhandleRequest[0m] Got request: GET /ndt/get_graph_data
[2026-09-01 03:06:45.154] [info] [[94mHttpSession.cpp[0m:[95m531[0m [96mhandleGetGraphData[0m] Handle Get Graph Data
[2026-09-01 03:06:45.175] [info] [[94mHttpSession.cpp[0m:[95m576[0m [96mhandleGetGraphData[0m] get_graph_data success
[2026-09-01 03:06:45.405] [info] [[94mControllerAndOtherEventHandler.cpp[0m:[95m239[0m [96moperator()[0m] Accepted new connection
[2026-09-01 03:06:45.405] [info] [[94mHttpSession.cpp[0m:[95m96[0m [96mhandleRequest[0m] Got request: GET /ndt/get_graph_data
[2026-09-01 03:06:45.405] [info] [[94mHttpSession.cpp[0m:[95m531[0m [96mhandleGetGraphData[0m] Handle Get Graph Data
[2026-09-01 03:06:45.421] [info] [[94mHttpSession.cpp[0m:[95m576[0m [96mhandleGetGraphData[0m] get_graph_data success
[2026-09-01 03:06:45.654] [info] [[94mControllerAndOtherEventHandler.cpp[0m:[95m239[0m [96moperator()[0m] Accepted new connection
[2026-09-01 03:06:45.654] [info] [[94mHttpSession.cpp[0m:[95m96[0m [96mhandleRequest[0m] Got request: GET /ndt/get_graph_data
[2026-09-01 03:06:45.654] [info] [[94mHttpSession.cpp[0m:[95m531[0m [96mhandleGetGraphData[0m] Handle Get Graph Data
[2026-09-01 03:06:45.673] [info] [[94mHttpSession.cpp[0m:[95m576[0m [96mhandleGetGraphData[0m] get_graph_data success
[2026-09-01 03:06:45.905] [info] [[94mControllerAndOtherEventHandler.cpp[0m:[95m239[0m [96moperator()[0m] Accepted new connection
[2026-09-01 03:06:45.905] [info] [[94mHttpSession.cpp[0m:[95m96[0m [96mhandleRequest[0m] Got request: GET /ndt/get_graph_data
[2026-09-01 03:06:45.905] [info] [[94mHttpSession.cpp[0m:[95m531[0m [96mhandleGetGraphData[0m] Handle Get Graph Data
[2026-09-01 03:06:45.927] [info] [[94mHttpSession.cpp[0m:[95m576[0m [96mhandleGetGraphData[0m] get_graph_data success
[2026-09-01 03:06:46.154] [info] [[94mControllerAndOtherEventHandler.cpp[0m:[95m239[0m [96moperator()[0m] Accepted new connection
[2026-09-01 03:06:46.155] [info] [[94mHttpSession.cpp[0m:[95m96[0m [96mhandleRequest[0m] Got request: GET /ndt/get_graph_data
[2026-09-01 03:06:46.155] [info] [[94mHttpSession.cpp[0m:[95m531[0m [96mhandleGetGraphData[0m] Handle Get Graph Data
[2026-09-01 03:06:46.176] [info] [[94mHttpSession.cpp[0m:[95m576[0m [96mhandleGetGraphData[0m] get_graph_data success
[2026-09-01 03:06:46.318] [info] [[94mFlowLinkUsageCollector.cpp[0m:[95m1807[0m [96mcalAvgFlowSendingRatesPeriodically[0m] rate loop period: last 30 iters mean 1001.1 ms | since start (119 iters) mean 1001.1 ms, min 1000.1, max 1003.9 (flows=1, counters=4) -- the LAST-N figure is the current denominator; the since-start one lags it
[2026-09-01 03:06:46.319] [info] [[94mFlowLinkUsageCollector.cpp[0m:[95m2016[0m [96mcalAvgFlowSendingRatesPeriodically[0m] rate divisor check: measured_interval_s=1.000903 divisor_used_s=1.000903 (ticket Q gate: these must agree to 1%; a negative divisor means no rate has been published yet, which is not a pass)
[2026-09-01 03:06:46.405] [info] [[94mControllerAndOtherEventHandler.cpp[0m:[95m239[0m [96moperator()[0m] Accepted new connection
[2026-09-01 03:06:46.405] [info] [[94mHttpSession.cpp[0m:[95m96[0m [96mhandleRequest[0m] Got request: GET /ndt/get_graph_data
[2026-09-01 03:06:46.405] [info] [[94mHttpSession.cpp[0m:[95m531[0m [96mhandleGetGraphData[0m] Handle Get Graph Data
[2026-09-01 03:06:46.426] [info] [[94mHttpSession.cpp[0m:[95m576[0m [96mhandleGetGraphData[0m] get_graph_data success
[2026-09-01 03:06:46.655] [info] [[94mControllerAndOtherEventHandler.cpp[0m:[95m239[0m [96moperator()[0m] Accepted new connection
[2026-09-01 03:06:46.655] [info] [[94mHttpSession.cpp[0m:[95m96[0m [96mhandleRequest[0m] Got request: GET /ndt/get_graph_data
[2026-09-01 03:06:46.655] [info] [[94mHttpSession.cpp[0m:[95m531[0m [96mhandleGetGraphData[0m] Handle Get Graph Data
[2026-09-01 03:06:46.677] [info] [[94mHttpSession.cpp[0m:[95m576[0m [96mhandleGetGraphData[0m] get_graph_data success
[2026-09-01 03:06:46.905] [info] [[94mControllerAndOtherEventHandler.cpp[0m:[95m239[0m [96moperator()[0m] Accepted new connection
[2026-09-01 03:06:46.905] [info] [[94mHttpSession.cpp[0m:[95m96[0m [96mhandleRequest[0m] Got request: GET /ndt/get_graph_data
[2026-09-01 03:06:46.905] [info] [[94mHttpSession.cpp[0m:[95m531[0m [96mhandleGetGraphData[0m] Handle Get Graph Data
[2026-09-01 03:06:46.922] [info] [[94mHttpSession.cpp[0m:[95m576[0m [96mhandleGetGraphData[0m] get_graph_data success
[2026-09-01 03:06:47.155] [info] [[94mControllerAndOtherEventHandler.cpp[0m:[95m239[0m [96moperator()[0m] Accepted new connection
[2026-09-01 03:06:47.155] [info] [[94mHttpSession.cpp[0m:[95m96[0m [96mhandleRequest[0m] Got request: GET /ndt/get_graph_data
[2026-09-01 03:06:47.155] [info] [[94mHttpSession.cpp[0m:[95m531[0m [96mhandleGetGraphData[0m] Handle Get Graph Data
[2026-09-01 03:06:47.177] [info] [[94mHttpSession.cpp[0m:[95m576[0m [96mhandleGetGraphData[0m] get_graph_data success
[2026-09-01 03:06:47.405] [info] [[94mControllerAndOtherEventHandler.cpp[0m:[95m239[0m [96moperator()[0m] Accepted new connection
[2026-09-01 03:06:47.406] [info] [[94mHttpSession.cpp[0m:[95m96[0m [96mhandleRequest[0m] Got request: GET /ndt/get_graph_data
[2026-09-01 03:06:47.406] [info] [[94mHttpSession.cpp[0m:[95m531[0m [96mhandleGetGraphData[0m] Handle Get Graph Data
[2026-09-01 03:06:47.427] [info] [[94mHttpSession.cpp[0m:[95m576[0m [96mhandleGetGraphData[0m] get_graph_data success
[2026-09-01 03:06:47.655] [info] [[94mControllerAndOtherEventHandler.cpp[0m:[95m239[0m [96moperator()[0m] Accepted new connection
[2026-09-01 03:06:47.655] [info] [[94mHttpSession.cpp[0m:[95m96[0m [96mhandleRequest[0m] Got request: GET /ndt/get_graph_data
[2026-09-01 03:06:47.655] [info] [[94mHttpSession.cpp[0m:[95m531[0m [96mhandleGetGraphData[0m] Handle Get Graph Data
[2026-09-01 03:06:47.670] [info] [[94mHttpSession.cpp[0m:[95m576[0m [96mhandleGetGraphData[0m] get_graph_data success
[2026-09-01 03:06:47.905] [info] [[94mControllerAndOtherEventHandler.cpp[0m:[95m239[0m [96moperator()[0m] Accepted new connection
[2026-09-01 03:06:47.905] [info] [[94mHttpSession.cpp[0m:[95m96[0m [96mhandleRequest[0m] Got request: GET /ndt/get_graph_data
[2026-09-01 03:06:47.905] [info] [[94mHttpSession.cpp[0m:[95m531[0m [96mhandleGetGraphData[0m] Handle Get Graph Data
[2026-09-01 03:06:47.922] [info] [[94mHttpSession.cpp[0m:[95m576[0m [96mhandleGetGraphData[0m] get_graph_data success
[2026-09-01 03:06:48.155] [info] [[94mControllerAndOtherEventHandler.cpp[0m:[95m239[0m [96moperator()[0m] Accepted new connection
[2026-09-01 03:06:48.155] [info] [[94mHttpSession.cpp[0m:[95m96[0m [96mhandleRequest[0m] Got request: GET /ndt/get_graph_data
[2026-09-01 03:06:48.155] [info] [[94mHttpSession.cpp[0m:[95m531[0m [96mhandleGetGraphData[0m] Handle Get Graph Data
[2026-09-01 03:06:48.173] [info] [[94mHttpSession.cpp[0m:[95m576[0m [96mhandleGetGraphData[0m] get_graph_data success
[2026-09-01 03:06:48.405] [info] [[94mControllerAndOtherEventHandler.cpp[0m:[95m239[0m [96moperator()[0m] Accepted new connection
[2026-09-01 03:06:48.405] [info] [[94mHttpSession.cpp[0m:[95m96[0m [96mhandleRequest[0m] Got request: GET /ndt/get_graph_data
[2026-09-01 03:06:48.405] [info] [[94mHttpSession.cpp[0m:[95m531[0m [96mhandleGetGraphData[0m] Handle Get Graph Data
[2026-09-01 03:06:48.422] [info] [[94mHttpSession.cpp[0m:[95m576[0m [96mhandleGetGraphData[0m] get_graph_data success
[2026-09-01 03:06:48.655] [info] [[94mControllerAndOtherEventHandler.cpp[0m:[95m239[0m [96moperator()[0m] Accepted new connection
[2026-09-01 03:06:48.655] [info] [[94mHttpSession.cpp[0m:[95m96[0m [96mhandleRequest[0m] Got request: GET /ndt/get_graph_data
[2026-09-01 03:06:48.655] [info] [[94mHttpSession.cpp[0m:[95m531[0m [96mhandleGetGraphData[0m] Handle Get Graph Data
[2026-09-01 03:06:48.671] [info] [[94mHttpSession.cpp[0m:[95m576[0m [96mhandleGetGraphData[0m] get_graph_data success
[2026-09-01 03:06:48.905] [info] [[94mControllerAndOtherEventHandler.cpp[0m:[95m239[0m [96moperator()[0m] Accepted new connection
[2026-09-01 03:06:48.905] [info] [[94mHttpSession.cpp[0m:[95m96[0m [96mhandleRequest[0m] Got request: GET /ndt/get_graph_data
[2026-09-01 03:06:48.905] [info] [[94mHttpSession.cpp[0m:[95m531[0m [96mhandleGetGraphData[0m] Handle Get Graph Data
[2026-09-01 03:06:48.920] [info] [[94mHttpSession.cpp[0m:[95m576[0m [96mhandleGetGraphData[0m] get_graph_data success
[2026-09-01 03:06:49.155] [info] [[94mControllerAndOtherEventHandler.cpp[0m:[95m239[0m [96moperator()[0m] Accepted new connection
[2026-09-01 03:06:49.156] [info] [[94mHttpSession.cpp[0m:[95m96[0m [96mhandleRequest[0m] Got request: GET /ndt/get_graph_data
[2026-09-01 03:06:49.156] [info] [[94mHttpSession.cpp[0m:[95m531[0m [96mhandleGetGraphData[0m] Handle Get Graph Data
[2026-09-01 03:06:49.177] [info] [[94mHttpSession.cpp[0m:[95m576[0m [96mhandleGetGraphData[0m] get_graph_data success
[2026-09-01 03:06:49.405] [info] [[94mControllerAndOtherEventHandler.cpp[0m:[95m239[0m [96moperator()[0m] Accepted new connection
[2026-09-01 03:06:49.405] [info] [[94mHttpSession.cpp[0m:[95m96[0m [96mhandleRequest[0m] Got request: GET /ndt/get_graph_data
[2026-09-01 03:06:49.405] [info] [[94mHttpSession.cpp[0m:[95m531[0m [96mhandleGetGraphData[0m] Handle Get Graph Data
[2026-09-01 03:06:49.421] [info] [[94mHttpSession.cpp[0m:[95m576[0m [96mhandleGetGraphData[0m] get_graph_data success
[2026-09-01 03:06:49.656] [info] [[94mControllerAndOtherEventHandler.cpp[0m:[95m239[0m [96moperator()[0m] Accepted new connection
[2026-09-01 03:06:49.656] [info] [[94mHttpSession.cpp[0m:[95m96[0m [96mhandleRequest[0m] Got request: GET /ndt/get_graph_data
[2026-09-01 03:06:49.656] [info] [[94mHttpSession.cpp[0m:[95m531[0m [96mhandleGetGraphData[0m] Handle Get Graph Data
[2026-09-01 03:06:49.673] [info] [[94mHttpSession.cpp[0m:[95m576[0m [96mhandleGetGraphData[0m] get_graph_data success
[2026-09-01 03:06:49.905] [info] [[94mControllerAndOtherEventHandler.cpp[0m:[95m239[0m [96moperator()[0m] Accepted new connection
[2026-09-01 03:06:49.906] [info] [[94mHttpSession.cpp[0m:[95m96[0m [96mhandleRequest[0m] Got request: GET /ndt/get_graph_data
[2026-09-01 03:06:49.906] [info] [[94mHttpSession.cpp[0m:[95m531[0m [96mhandleGetGraphData[0m] Handle Get Graph Data
[2026-09-01 03:06:49.925] [info] [[94mHttpSession.cpp[0m:[95m576[0m [96mhandleGetGraphData[0m] get_graph_data success
[2026-09-01 03:06:50.156] [info] [[94mControllerAndOtherEventHandler.cpp[0m:[95m239[0m [96moperator()[0m] Accepted new connection
[2026-09-01 03:06:50.157] [info] [[94mHttpSession.cpp[0m:[95m96[0m [96mhandleRequest[0m] Got request: GET /ndt/get_graph_data
[2026-09-01 03:06:50.157] [info] [[94mHttpSession.cpp[0m:[95m531[0m [96mhandleGetGraphData[0m] Handle Get Graph Data
[2026-09-01 03:06:50.179] [info] [[94mHttpSession.cpp[0m:[95m576[0m [96mhandleGetGraphData[0m] get_graph_data success
[2026-09-01 03:06:50.406] [info] [[94mControllerAndOtherEventHandler.cpp[0m:[95m239[0m [96moperator()[0m] Accepted new connection
[2026-09-01 03:06:50.407] [info] [[94mHttpSession.cpp[0m:[95m96[0m [96mhandleRequest[0m] Got request: GET /ndt/get_graph_data
[2026-09-01 03:06:50.407] [info] [[94mHttpSession.cpp[0m:[95m531[0m [96mhandleGetGraphData[0m] Handle Get Graph Data
[2026-09-01 03:06:50.423] [info] [[94mHttpSession.cpp[0m:[95m576[0m [96mhandleGetGraphData[0m] get_graph_data success
[2026-09-01 03:06:50.656] [info] [[94mControllerAndOtherEventHandler.cpp[0m:[95m239[0m [96moperator()[0m] Accepted new connection
[2026-09-01 03:06:50.656] [info] [[94mHttpSession.cpp[0m:[95m96[0m [96mhandleRequest[0m] Got request: GET /ndt/get_graph_data
[2026-09-01 03:06:50.656] [info] [[94mHttpSession.cpp[0m:[95m531[0m [96mhandleGetGraphData[0m] Handle Get Graph Data
[2026-09-01 03:06:50.671] [info] [[94mHttpSession.cpp[0m:[95m576[0m [96mhandleGetGraphData[0m] get_graph_data success
[2026-09-01 03:06:50.906] [info] [[94mControllerAndOtherEventHandler.cpp[0m:[95m239[0m [96moperator()[0m] Accepted new connection
[2026-09-01 03:06:50.906] [info] [[94mHttpSession.cpp[0m:[95m96[0m [96mhandleRequest[0m] Got request: GET /ndt/get_graph_data
[2026-09-01 03:06:50.906] [info] [[94mHttpSession.cpp[0m:[95m531[0m [96mhandleGetGraphData[0m] Handle Get Graph Data
[2026-09-01 03:06:50.921] [info] [[94mHttpSession.cpp[0m:[95m576[0m [96mhandleGetGraphData[0m] get_graph_data success
[2026-09-01 03:06:51.156] [info] [[94mControllerAndOtherEventHandler.cpp[0m:[95m239[0m [96moperator()[0m] Accepted new connection
[2026-09-01 03:06:51.156] [info] [[94mHttpSession.cpp[0m:[95m96[0m [96mhandleRequest[0m] Got request: GET /ndt/get_graph_data
[2026-09-01 03:06:51.156] [info] [[94mHttpSession.cpp[0m:[95m531[0m [96mhandleGetGraphData[0m] Handle Get Graph Data
[2026-09-01 03:06:51.171] [info] [[94mHttpSession.cpp[0m:[95m576[0m [96mhandleGetGraphData[0m] get_graph_data success
[2026-09-01 03:06:51.407] [info] [[94mControllerAndOtherEventHandler.cpp[0m:[95m239[0m [96moperator()[0m] Accepted new connection
[2026-09-01 03:06:51.407] [info] [[94mHttpSession.cpp[0m:[95m96[0m [96mhandleRequest[0m] Got request: GET /ndt/get_graph_data
[2026-09-01 03:06:51.407] [info] [[94mHttpSession.cpp[0m:[95m531[0m [96mhandleGetGraphData[0m] Handle Get Graph Data
[2026-09-01 03:06:51.422] [info] [[94mHttpSession.cpp[0m:[95m576[0m [96mhandleGetGraphData[0m] get_graph_data success
[2026-09-01 03:06:51.657] [info] [[94mControllerAndOtherEventHandler.cpp[0m:[95m239[0m [96moperator()[0m] Accepted new connection
[2026-09-01 03:06:51.657] [info] [[94mHttpSession.cpp[0m:[95m96[0m [96mhandleRequest[0m] Got request: GET /ndt/get_graph_data
[2026-09-01 03:06:51.657] [info] [[94mHttpSession.cpp[0m:[95m531[0m [96mhandleGetGraphData[0m] Handle Get Graph Data
[2026-09-01 03:06:51.678] [info] [[94mHttpSession.cpp[0m:[95m576[0m [96mhandleGetGraphData[0m] get_graph_data success
[2026-09-01 03:06:51.906] [info] [[94mControllerAndOtherEventHandler.cpp[0m:[95m239[0m [96moperator()[0m] Accepted new connection
[2026-09-01 03:06:51.906] [info] [[94mHttpSession.cpp[0m:[95m96[0m [96mhandleRequest[0m] Got request: GET /ndt/get_graph_data
[2026-09-01 03:06:51.906] [info] [[94mHttpSession.cpp[0m:[95m531[0m [96mhandleGetGraphData[0m] Handle Get Graph Data
[2026-09-01 03:06:51.927] [info] [[94mHttpSession.cpp[0m:[95m576[0m [96mhandleGetGraphData[0m] get_graph_data success
[2026-09-01 03:06:52.156] [info] [[94mControllerAndOtherEventHandler.cpp[0m:[95m239[0m [96moperator()[0m] Accepted new connection
[2026-09-01 03:06:52.157] [info] [[94mHttpSession.cpp[0m:[95m96[0m [96mhandleRequest[0m] Got request: GET /ndt/get_graph_data
[2026-09-01 03:06:52.157] [info] [[94mHttpSession.cpp[0m:[95m531[0m [96mhandleGetGraphData[0m] Handle Get Graph Data
[2026-09-01 03:06:52.173] [info] [[94mHttpSession.cpp[0m:[95m576[0m [96mhandleGetGraphData[0m] get_graph_data success
[2026-09-01 03:06:52.406] [info] [[94mControllerAndOtherEventHandler.cpp[0m:[95m239[0m [96moperator()[0m] Accepted new connection
[2026-09-01 03:06:52.406] [info] [[94mHttpSession.cpp[0m:[95m96[0m [96mhandleRequest[0m] Got request: GET /ndt/get_graph_data
[2026-09-01 03:06:52.406] [info] [[94mHttpSession.cpp[0m:[95m531[0m [96mhandleGetGraphData[0m] Handle Get Graph Data
[2026-09-01 03:06:52.423] [info] [[94mHttpSession.cpp[0m:[95m576[0m [96mhandleGetGraphData[0m] get_graph_data success
[2026-09-01 03:06:52.657] [info] [[94mControllerAndOtherEventHandler.cpp[0m:[95m239[0m [96moperator()[0m] Accepted new connection
[2026-09-01 03:06:52.657] [info] [[94mHttpSession.cpp[0m:[95m96[0m [96mhandleRequest[0m] Got request: GET /ndt/get_graph_data
[2026-09-01 03:06:52.657] [info] [[94mHttpSession.cpp[0m:[95m531[0m [96mhandleGetGraphData[0m] Handle Get Graph Data
[2026-09-01 03:06:52.679] [info] [[94mHttpSession.cpp[0m:[95m576[0m [96mhandleGetGraphData[0m] get_graph_data success
[2026-09-01 03:06:52.907] [info] [[94mControllerAndOtherEventHandler.cpp[0m:[95m239[0m [96moperator()[0m] Accepted new connection
[2026-09-01 03:06:52.907] [info] [[94mHttpSession.cpp[0m:[95m96[0m [96mhandleRequest[0m] Got request: GET /ndt/get_graph_data
[2026-09-01 03:06:52.907] [info] [[94mHttpSession.cpp[0m:[95m531[0m [96mhandleGetGraphData[0m] Handle Get Graph Data
[2026-09-01 03:06:52.925] [info] [[94mHttpSession.cpp[0m:[95m576[0m [96mhandleGetGraphData[0m] get_graph_data success
[2026-09-01 03:06:53.157] [info] [[94mControllerAndOtherEventHandler.cpp[0m:[95m239[0m [96moperator()[0m] Accepted new connection
[2026-09-01 03:06:53.157] [info] [[94mHttpSession.cpp[0m:[95m96[0m [96mhandleRequest[0m] Got request: GET /ndt/get_graph_data
[2026-09-01 03:06:53.157] [info] [[94mHttpSession.cpp[0m:[95m531[0m [96mhandleGetGraphData[0m] Handle Get Graph Data
[2026-09-01 03:06:53.173] [info] [[94mHttpSession.cpp[0m:[95m576[0m [96mhandleGetGraphData[0m] get_graph_data success
[2026-09-01 03:06:53.407] [info] [[94mControllerAndOtherEventHandler.cpp[0m:[95m239[0m [96moperator()[0m] Accepted new connection
[2026-09-01 03:06:53.408] [info] [[94mHttpSession.cpp[0m:[95m96[0m [96mhandleRequest[0m] Got request: GET /ndt/get_graph_data
[2026-09-01 03:06:53.408] [info] [[94mHttpSession.cpp[0m:[95m531[0m [96mhandleGetGraphData[0m] Handle Get Graph Data
[2026-09-01 03:06:53.427] [info] [[94mHttpSession.cpp[0m:[95m576[0m [96mhandleGetGraphData[0m] get_graph_data success
[2026-09-01 03:06:53.657] [info] [[94mControllerAndOtherEventHandler.cpp[0m:[95m239[0m [96moperator()[0m] Accepted new connection
[2026-09-01 03:06:53.658] [info] [[94mHttpSession.cpp[0m:[95m96[0m [96mhandleRequest[0m] Got request: GET /ndt/get_graph_data
[2026-09-01 03:06:53.658] [info] [[94mHttpSession.cpp[0m:[95m531[0m [96mhandleGetGraphData[0m] Handle Get Graph Data
[2026-09-01 03:06:53.678] [info] [[94mHttpSession.cpp[0m:[95m576[0m [96mhandleGetGraphData[0m] get_graph_data success
[2026-09-01 03:06:53.907] [info] [[94mControllerAndOtherEventHandler.cpp[0m:[95m239[0m [96moperator()[0m] Accepted new connection
[2026-09-01 03:06:53.907] [info] [[94mHttpSession.cpp[0m:[95m96[0m [96mhandleRequest[0m] Got request: GET /ndt/get_graph_data
[2026-09-01 03:06:53.907] [info] [[94mHttpSession.cpp[0m:[95m531[0m [96mhandleGetGraphData[0m] Handle Get Graph Data
[2026-09-01 03:06:53.926] [info] [[94mHttpSession.cpp[0m:[95m576[0m [96mhandleGetGraphData[0m] get_graph_data success
[2026-09-01 03:06:54.002] [info] [[94mFlowLinkUsageCollector.cpp[0m:[95m2558[0m [96mfetchAllDestinationPaths[0m] Pulled 16256 paths from controller
[2026-09-01 03:06:54.157] [info] [[94mControllerAndOtherEventHandler.cpp[0m:[95m239[0m [96moperator()[0m] Accepted new connection
[2026-09-01 03:06:54.157] [info] [[94mHttpSession.cpp[0m:[95m96[0m [96mhandleRequest[0m] Got request: GET /ndt/get_graph_data
[2026-09-01 03:06:54.157] [info] [[94mHttpSession.cpp[0m:[95m531[0m [96mhandleGetGraphData[0m] Handle Get Graph Data
[2026-09-01 03:06:54.179] [info] [[94mHttpSession.cpp[0m:[95m576[0m [96mhandleGetGraphData[0m] get_graph_data success
[2026-09-01 03:06:54.407] [info] [[94mControllerAndOtherEventHandler.cpp[0m:[95m239[0m [96moperator()[0m] Accepted new connection
[2026-09-01 03:06:54.407] [info] [[94mHttpSession.cpp[0m:[95m96[0m [96mhandleRequest[0m] Got request: GET /ndt/get_graph_data
[2026-09-01 03:06:54.407] [info] [[94mHttpSession.cpp[0m:[95m531[0m [96mhandleGetGraphData[0m] Handle Get Graph Data
[2026-09-01 03:06:54.429] [info] [[94mHttpSession.cpp[0m:[95m576[0m [96mhandleGetGraphData[0m] get_graph_data success
[2026-09-01 03:06:54.658] [info] [[94mControllerAndOtherEventHandler.cpp[0m:[95m239[0m [96moperator()[0m] Accepted new connection
[2026-09-01 03:06:54.658] [info] [[94mHttpSession.cpp[0m:[95m96[0m [96mhandleRequest[0m] Got request: GET /ndt/get_graph_data
[2026-09-01 03:06:54.658] [info] [[94mHttpSession.cpp[0m:[95m531[0m [96mhandleGetGraphData[0m] Handle Get Graph Data
[2026-09-01 03:06:54.676] [info] [[94mHttpSession.cpp[0m:[95m576[0m [96mhandleGetGraphData[0m] get_graph_data success
[2026-09-01 03:06:54.908] [info] [[94mControllerAndOtherEventHandler.cpp[0m:[95m239[0m [96moperator()[0m] Accepted new connection
[2026-09-01 03:06:54.908] [info] [[94mHttpSession.cpp[0m:[95m96[0m [96mhandleRequest[0m] Got request: GET /ndt/get_graph_data
[2026-09-01 03:06:54.908] [info] [[94mHttpSession.cpp[0m:[95m531[0m [96mhandleGetGraphData[0m] Handle Get Graph Data
[2026-09-01 03:06:54.930] [info] [[94mHttpSession.cpp[0m:[95m576[0m [96mhandleGetGraphData[0m] get_graph_data success
[2026-09-01 03:06:55.157] [info] [[94mControllerAndOtherEventHandler.cpp[0m:[95m239[0m [96moperator()[0m] Accepted new connection
[2026-09-01 03:06:55.157] [info] [[94mHttpSession.cpp[0m:[95m96[0m [96mhandleRequest[0m] Got request: GET /ndt/get_graph_data
[2026-09-01 03:06:55.157] [info] [[94mHttpSession.cpp[0m:[95m531[0m [96mhandleGetGraphData[0m] Handle Get Graph Data
[2026-09-01 03:06:55.173] [info] [[94mHttpSession.cpp[0m:[95m576[0m [96mhandleGetGraphData[0m] get_graph_data success
[2026-09-01 03:06:55.408] [info] [[94mControllerAndOtherEventHandler.cpp[0m:[95m239[0m [96moperator()[0m] Accepted new connection
[2026-09-01 03:06:55.408] [info] [[94mHttpSession.cpp[0m:[95m96[0m [96mhandleRequest[0m] Got request: GET /ndt/get_graph_data
[2026-09-01 03:06:55.408] [info] [[94mHttpSession.cpp[0m:[95m531[0m [96mhandleGetGraphData[0m] Handle Get Graph Data
[2026-09-01 03:06:55.428] [info] [[94mHttpSession.cpp[0m:[95m576[0m [96mhandleGetGraphData[0m] get_graph_data success
[2026-09-01 03:06:55.658] [info] [[94mControllerAndOtherEventHandler.cpp[0m:[95m239[0m [96moperator()[0m] Accepted new connection
[2026-09-01 03:06:55.658] [info] [[94mHttpSession.cpp[0m:[95m96[0m [96mhandleRequest[0m] Got request: GET /ndt/get_graph_data
[2026-09-01 03:06:55.658] [info] [[94mHttpSession.cpp[0m:[95m531[0m [96mhandleGetGraphData[0m] Handle Get Graph Data
[2026-09-01 03:06:55.675] [info] [[94mHttpSession.cpp[0m:[95m576[0m [96mhandleGetGraphData[0m] get_graph_data success
[2026-09-01 03:06:55.908] [info] [[94mControllerAndOtherEventHandler.cpp[0m:[95m239[0m [96moperator()[0m] Accepted new connection
[2026-09-01 03:06:55.908] [info] [[94mHttpSession.cpp[0m:[95m96[0m [96mhandleRequest[0m] Got request: GET /ndt/get_graph_data
[2026-09-01 03:06:55.908] [info] [[94mHttpSession.cpp[0m:[95m531[0m [96mhandleGetGraphData[0m] Handle Get Graph Data
[2026-09-01 03:06:55.927] [info] [[94mHttpSession.cpp[0m:[95m576[0m [96mhandleGetGraphData[0m] get_graph_data success
[2026-09-01 03:06:56.158] [info] [[94mControllerAndOtherEventHandler.cpp[0m:[95m239[0m [96moperator()[0m] Accepted new connection
[2026-09-01 03:06:56.159] [info] [[94mHttpSession.cpp[0m:[95m96[0m [96mhandleRequest[0m] Got request: GET /ndt/get_graph_data
[2026-09-01 03:06:56.159] [info] [[94mHttpSession.cpp[0m:[95m531[0m [96mhandleGetGraphData[0m] Handle Get Graph Data
[2026-09-01 03:06:56.173] [info] [[94mHttpSession.cpp[0m:[95m576[0m [96mhandleGetGraphData[0m] get_graph_data success
[2026-09-01 03:06:56.408] [info] [[94mControllerAndOtherEventHandler.cpp[0m:[95m239[0m [96moperator()[0m] Accepted new connection
[2026-09-01 03:06:56.408] [info] [[94mHttpSession.cpp[0m:[95m96[0m [96mhandleRequest[0m] Got request: GET /ndt/get_graph_data
[2026-09-01 03:06:56.408] [info] [[94mHttpSession.cpp[0m:[95m531[0m [96mhandleGetGraphData[0m] Handle Get Graph Data
[2026-09-01 03:06:56.426] [info] [[94mHttpSession.cpp[0m:[95m576[0m [96mhandleGetGraphData[0m] get_graph_data success
[2026-09-01 03:06:56.658] [info] [[94mControllerAndOtherEventHandler.cpp[0m:[95m239[0m [96moperator()[0m] Accepted new connection
[2026-09-01 03:06:56.658] [info] [[94mHttpSession.cpp[0m:[95m96[0m [96mhandleRequest[0m] Got request: GET /ndt/get_graph_data
[2026-09-01 03:06:56.658] [info] [[94mHttpSession.cpp[0m:[95m531[0m [96mhandleGetGraphData[0m] Handle Get Graph Data
[2026-09-01 03:06:56.679] [info] [[94mHttpSession.cpp[0m:[95m576[0m [96mhandleGetGraphData[0m] get_graph_data success
[2026-09-01 03:06:56.909] [info] [[94mControllerAndOtherEventHandler.cpp[0m:[95m239[0m [96moperator()[0m] Accepted new connection
[2026-09-01 03:06:56.909] [info] [[94mHttpSession.cpp[0m:[95m96[0m [96mhandleRequest[0m] Got request: GET /ndt/get_graph_data
[2026-09-01 03:06:56.909] [info] [[94mHttpSession.cpp[0m:[95m531[0m [96mhandleGetGraphData[0m] Handle Get Graph Data
[2026-09-01 03:06:56.924] [info] [[94mHttpSession.cpp[0m:[95m576[0m [96mhandleGetGraphData[0m] get_graph_data success
[2026-09-01 03:06:57.158] [info] [[94mControllerAndOtherEventHandler.cpp[0m:[95m239[0m [96moperator()[0m] Accepted new connection
[2026-09-01 03:06:57.158] [info] [[94mHttpSession.cpp[0m:[95m96[0m [96mhandleRequest[0m] Got request: GET /ndt/get_graph_data
[2026-09-01 03:06:57.159] [info] [[94mHttpSession.cpp[0m:[95m531[0m [96mhandleGetGraphData[0m] Handle Get Graph Data
[2026-09-01 03:06:57.177] [info] [[94mHttpSession.cpp[0m:[95m576[0m [96mhandleGetGraphData[0m] get_graph_data success
[2026-09-01 03:06:57.408] [info] [[94mControllerAndOtherEventHandler.cpp[0m:[95m239[0m [96moperator()[0m] Accepted new connection
[2026-09-01 03:06:57.408] [info] [[94mHttpSession.cpp[0m:[95m96[0m [96mhandleRequest[0m] Got request: GET /ndt/get_graph_data
[2026-09-01 03:06:57.408] [info] [[94mHttpSession.cpp[0m:[95m531[0m [96mhandleGetGraphData[0m] Handle Get Graph Data
[2026-09-01 03:06:57.429] [info] [[94mHttpSession.cpp[0m:[95m576[0m [96mhandleGetGraphData[0m] get_graph_data success
[2026-09-01 03:06:57.659] [info] [[94mControllerAndOtherEventHandler.cpp[0m:[95m239[0m [96moperator()[0m] Accepted new connection
[2026-09-01 03:06:57.659] [info] [[94mHttpSession.cpp[0m:[95m96[0m [96mhandleRequest[0m] Got request: GET /ndt/get_graph_data
[2026-09-01 03:06:57.659] [info] [[94mHttpSession.cpp[0m:[95m531[0m [96mhandleGetGraphData[0m] Handle Get Graph Data
[2026-09-01 03:06:57.677] [info] [[94mHttpSession.cpp[0m:[95m576[0m [96mhandleGetGraphData[0m] get_graph_data success
[2026-09-01 03:06:57.908] [info] [[94mControllerAndOtherEventHandler.cpp[0m:[95m239[0m [96moperator()[0m] Accepted new connection
[2026-09-01 03:06:57.909] [info] [[94mHttpSession.cpp[0m:[95m96[0m [96mhandleRequest[0m] Got request: GET /ndt/get_graph_data
[2026-09-01 03:06:57.909] [info] [[94mHttpSession.cpp[0m:[95m531[0m [96mhandleGetGraphData[0m] Handle Get Graph Data
[2026-09-01 03:06:57.927] [info] [[94mHttpSession.cpp[0m:[95m576[0m [96mhandleGetGraphData[0m] get_graph_data success
[2026-09-01 03:06:58.159] [info] [[94mControllerAndOtherEventHandler.cpp[0m:[95m239[0m [96moperator()[0m] Accepted new connection
[2026-09-01 03:06:58.159] [info] [[94mHttpSession.cpp[0m:[95m96[0m [96mhandleRequest[0m] Got request: GET /ndt/get_graph_data
[2026-09-01 03:06:58.159] [info] [[94mHttpSession.cpp[0m:[95m531[0m [96mhandleGetGraphData[0m] Handle Get Graph Data
[2026-09-01 03:06:58.178] [info] [[94mHttpSession.cpp[0m:[95m576[0m [96mhandleGetGraphData[0m] get_graph_data success
[2026-09-01 03:06:58.409] [info] [[94mControllerAndOtherEventHandler.cpp[0m:[95m239[0m [96moperator()[0m] Accepted new connection
[2026-09-01 03:06:58.409] [info] [[94mHttpSession.cpp[0m:[95m96[0m [96mhandleRequest[0m] Got request: GET /ndt/get_graph_data
[2026-09-01 03:06:58.409] [info] [[94mHttpSession.cpp[0m:[95m531[0m [96mhandleGetGraphData[0m] Handle Get Graph Data
[2026-09-01 03:06:58.429] [info] [[94mHttpSession.cpp[0m:[95m576[0m [96mhandleGetGraphData[0m] get_graph_data success
[2026-09-01 03:06:58.659] [info] [[94mControllerAndOtherEventHandler.cpp[0m:[95m239[0m [96moperator()[0m] Accepted new connection
[2026-09-01 03:06:58.659] [info] [[94mHttpSession.cpp[0m:[95m96[0m [96mhandleRequest[0m] Got request: GET /ndt/get_graph_data
[2026-09-01 03:06:58.659] [info] [[94mHttpSession.cpp[0m:[95m531[0m [96mhandleGetGraphData[0m] Handle Get Graph Data
[2026-09-01 03:06:58.680] [info] [[94mHttpSession.cpp[0m:[95m576[0m [96mhandleGetGraphData[0m] get_graph_data success
[2026-09-01 03:06:58.909] [info] [[94mControllerAndOtherEventHandler.cpp[0m:[95m239[0m [96moperator()[0m] Accepted new connection
[2026-09-01 03:06:58.909] [info] [[94mHttpSession.cpp[0m:[95m96[0m [96mhandleRequest[0m] Got request: GET /ndt/get_graph_data
[2026-09-01 03:06:58.909] [info] [[94mHttpSession.cpp[0m:[95m531[0m [96mhandleGetGraphData[0m] Handle Get Graph Data
[2026-09-01 03:06:58.930] [info] [[94mHttpSession.cpp[0m:[95m576[0m [96mhandleGetGraphData[0m] get_graph_data success
[2026-09-01 03:06:59.159] [info] [[94mControllerAndOtherEventHandler.cpp[0m:[95m239[0m [96moperator()[0m] Accepted new connection
[2026-09-01 03:06:59.160] [info] [[94mHttpSession.cpp[0m:[95m96[0m [96mhandleRequest[0m] Got request: GET /ndt/get_graph_data
[2026-09-01 03:06:59.160] [info] [[94mHttpSession.cpp[0m:[95m531[0m [96mhandleGetGraphData[0m] Handle Get Graph Data
[2026-09-01 03:06:59.181] [info] [[94mHttpSession.cpp[0m:[95m576[0m [96mhandleGetGraphData[0m] get_graph_data success
[2026-09-01 03:06:59.409] [info] [[94mControllerAndOtherEventHandler.cpp[0m:[95m239[0m [96moperator()[0m] Accepted new connection
[2026-09-01 03:06:59.409] [info] [[94mHttpSession.cpp[0m:[95m96[0m [96mhandleRequest[0m] Got request: GET /ndt/get_graph_data
[2026-09-01 03:06:59.409] [info] [[94mHttpSession.cpp[0m:[95m531[0m [96mhandleGetGraphData[0m] Handle Get Graph Data
[2026-09-01 03:06:59.424] [info] [[94mHttpSession.cpp[0m:[95m576[0m [96mhandleGetGraphData[0m] get_graph_data success
[2026-09-01 03:06:59.660] [info] [[94mControllerAndOtherEventHandler.cpp[0m:[95m239[0m [96moperator()[0m] Accepted new connection
[2026-09-01 03:06:59.660] [info] [[94mHttpSession.cpp[0m:[95m96[0m [96mhandleRequest[0m] Got request: GET /ndt/get_graph_data
[2026-09-01 03:06:59.660] [info] [[94mHttpSession.cpp[0m:[95m531[0m [96mhandleGetGraphData[0m] Handle Get Graph Data
[2026-09-01 03:06:59.681] [info] [[94mHttpSession.cpp[0m:[95m576[0m [96mhandleGetGraphData[0m] get_graph_data success
[2026-09-01 03:06:59.910] [info] [[94mControllerAndOtherEventHandler.cpp[0m:[95m239[0m [96moperator()[0m] Accepted new connection
[2026-09-01 03:06:59.910] [info] [[94mHttpSession.cpp[0m:[95m96[0m [96mhandleRequest[0m] Got request: GET /ndt/get_graph_data
[2026-09-01 03:06:59.910] [info] [[94mHttpSession.cpp[0m:[95m531[0m [96mhandleGetGraphData[0m] Handle Get Graph Data
[2026-09-01 03:06:59.932] [info] [[94mHttpSession.cpp[0m:[95m576[0m [96mhandleGetGraphData[0m] get_graph_data success
[2026-09-01 03:07:00.160] [info] [[94mControllerAndOtherEventHandler.cpp[0m:[95m239[0m [96moperator()[0m] Accepted new connection
[2026-09-01 03:07:00.160] [info] [[94mHttpSession.cpp[0m:[95m96[0m [96mhandleRequest[0m] Got request: GET /ndt/get_graph_data
[2026-09-01 03:07:00.160] [info] [[94mHttpSession.cpp[0m:[95m531[0m [96mhandleGetGraphData[0m] Handle Get Graph Data
[2026-09-01 03:07:00.182] [info] [[94mHttpSession.cpp[0m:[95m576[0m [96mhandleGetGraphData[0m] get_graph_data success
[2026-09-01 03:07:00.410] [info] [[94mControllerAndOtherEventHandler.cpp[0m:[95m239[0m [96moperator()[0m] Accepted new connection
[2026-09-01 03:07:00.410] [info] [[94mHttpSession.cpp[0m:[95m96[0m [96mhandleRequest[0m] Got request: GET /ndt/get_graph_data
[2026-09-01 03:07:00.410] [info] [[94mHttpSession.cpp[0m:[95m531[0m [96mhandleGetGraphData[0m] Handle Get Graph Data
[2026-09-01 03:07:00.425] [info] [[94mHttpSession.cpp[0m:[95m576[0m [96mhandleGetGraphData[0m] get_graph_data success
[2026-09-01 03:07:00.660] [info] [[94mControllerAndOtherEventHandler.cpp[0m:[95m239[0m [96moperator()[0m] Accepted new connection
[2026-09-01 03:07:00.660] [info] [[94mHttpSession.cpp[0m:[95m96[0m [96mhandleRequest[0m] Got request: GET /ndt/get_graph_data
[2026-09-01 03:07:00.660] [info] [[94mHttpSession.cpp[0m:[95m531[0m [96mhandleGetGraphData[0m] Handle Get Graph Data
[2026-09-01 03:07:00.681] [info] [[94mHttpSession.cpp[0m:[95m576[0m [96mhandleGetGraphData[0m] get_graph_data success
[2026-09-01 03:07:00.910] [info] [[94mControllerAndOtherEventHandler.cpp[0m:[95m239[0m [96moperator()[0m] Accepted new connection
[2026-09-01 03:07:00.910] [info] [[94mHttpSession.cpp[0m:[95m96[0m [96mhandleRequest[0m] Got request: GET /ndt/get_graph_data
[2026-09-01 03:07:00.910] [info] [[94mHttpSession.cpp[0m:[95m531[0m [96mhandleGetGraphData[0m] Handle Get Graph Data
[2026-09-01 03:07:00.926] [info] [[94mHttpSession.cpp[0m:[95m576[0m [96mhandleGetGraphData[0m] get_graph_data success
[2026-09-01 03:07:01.160] [info] [[94mControllerAndOtherEventHandler.cpp[0m:[95m239[0m [96moperator()[0m] Accepted new connection
[2026-09-01 03:07:01.160] [info] [[94mHttpSession.cpp[0m:[95m96[0m [96mhandleRequest[0m] Got request: GET /ndt/get_graph_data
[2026-09-01 03:07:01.160] [info] [[94mHttpSession.cpp[0m:[95m531[0m [96mhandleGetGraphData[0m] Handle Get Graph Data
[2026-09-01 03:07:01.180] [info] [[94mHttpSession.cpp[0m:[95m576[0m [96mhandleGetGraphData[0m] get_graph_data success
[2026-09-01 03:07:01.410] [info] [[94mControllerAndOtherEventHandler.cpp[0m:[95m239[0m [96moperator()[0m] Accepted new connection
[2026-09-01 03:07:01.410] [info] [[94mHttpSession.cpp[0m:[95m96[0m [96mhandleRequest[0m] Got request: GET /ndt/get_graph_data
[2026-09-01 03:07:01.410] [info] [[94mHttpSession.cpp[0m:[95m531[0m [96mhandleGetGraphData[0m] Handle Get Graph Data
[2026-09-01 03:07:01.431] [info] [[94mHttpSession.cpp[0m:[95m576[0m [96mhandleGetGraphData[0m] get_graph_data success
[2026-09-01 03:07:01.659] [info] [[94mControllerAndOtherEventHandler.cpp[0m:[95m239[0m [96moperator()[0m] Accepted new connection
[2026-09-01 03:07:01.660] [info] [[94mHttpSession.cpp[0m:[95m96[0m [96mhandleRequest[0m] Got request: GET /ndt/get_graph_data
[2026-09-01 03:07:01.660] [info] [[94mHttpSession.cpp[0m:[95m531[0m [96mhandleGetGraphData[0m] Handle Get Graph Data
[2026-09-01 03:07:01.681] [info] [[94mHttpSession.cpp[0m:[95m576[0m [96mhandleGetGraphData[0m] get_graph_data success
[2026-09-01 03:07:01.910] [info] [[94mControllerAndOtherEventHandler.cpp[0m:[95m239[0m [96moperator()[0m] Accepted new connection
[2026-09-01 03:07:01.910] [info] [[94mHttpSession.cpp[0m:[95m96[0m [96mhandleRequest[0m] Got request: GET /ndt/get_graph_data
[2026-09-01 03:07:01.910] [info] [[94mHttpSession.cpp[0m:[95m531[0m [96mhandleGetGraphData[0m] Handle Get Graph Data
[2026-09-01 03:07:01.926] [info] [[94mHttpSession.cpp[0m:[95m576[0m [96mhandleGetGraphData[0m] get_graph_data success
[2026-09-01 03:07:02.160] [info] [[94mControllerAndOtherEventHandler.cpp[0m:[95m239[0m [96moperator()[0m] Accepted new connection
[2026-09-01 03:07:02.160] [info] [[94mHttpSession.cpp[0m:[95m96[0m [96mhandleRequest[0m] Got request: GET /ndt/get_graph_data
[2026-09-01 03:07:02.160] [info] [[94mHttpSession.cpp[0m:[95m531[0m [96mhandleGetGraphData[0m] Handle Get Graph Data
[2026-09-01 03:07:02.179] [info] [[94mHttpSession.cpp[0m:[95m576[0m [96mhandleGetGraphData[0m] get_graph_data success
[2026-09-01 03:07:02.410] [info] [[94mControllerAndOtherEventHandler.cpp[0m:[95m239[0m [96moperator()[0m] Accepted new connection
[2026-09-01 03:07:02.410] [info] [[94mHttpSession.cpp[0m:[95m96[0m [96mhandleRequest[0m] Got request: GET /ndt/get_graph_data
[2026-09-01 03:07:02.410] [info] [[94mHttpSession.cpp[0m:[95m531[0m [96mhandleGetGraphData[0m] Handle Get Graph Data
[2026-09-01 03:07:02.432] [info] [[94mHttpSession.cpp[0m:[95m576[0m [96mhandleGetGraphData[0m] get_graph_data success
[2026-09-01 03:07:02.660] [info] [[94mControllerAndOtherEventHandler.cpp[0m:[95m239[0m [96moperator()[0m] Accepted new connection
[2026-09-01 03:07:02.660] [info] [[94mHttpSession.cpp[0m:[95m96[0m [96mhandleRequest[0m] Got request: GET /ndt/get_graph_data
[2026-09-01 03:07:02.660] [info] [[94mHttpSession.cpp[0m:[95m531[0m [96mhandleGetGraphData[0m] Handle Get Graph Data
[2026-09-01 03:07:02.677] [info] [[94mHttpSession.cpp[0m:[95m576[0m [96mhandleGetGraphData[0m] get_graph_data success
[2026-09-01 03:07:02.911] [info] [[94mControllerAndOtherEventHandler.cpp[0m:[95m239[0m [96moperator()[0m] Accepted new connection
[2026-09-01 03:07:02.911] [info] [[94mHttpSession.cpp[0m:[95m96[0m [96mhandleRequest[0m] Got request: GET /ndt/get_graph_data
[2026-09-01 03:07:02.911] [info] [[94mHttpSession.cpp[0m:[95m531[0m [96mhandleGetGraphData[0m] Handle Get Graph Data
[2026-09-01 03:07:02.928] [info] [[94mHttpSession.cpp[0m:[95m576[0m [96mhandleGetGraphData[0m] get_graph_data success
[2026-09-01 03:07:03.161] [info] [[94mControllerAndOtherEventHandler.cpp[0m:[95m239[0m [96moperator()[0m] Accepted new connection
[2026-09-01 03:07:03.161] [info] [[94mHttpSession.cpp[0m:[95m96[0m [96mhandleRequest[0m] Got request: GET /ndt/get_graph_data
[2026-09-01 03:07:03.161] [info] [[94mHttpSession.cpp[0m:[95m531[0m [96mhandleGetGraphData[0m] Handle Get Graph Data
[2026-09-01 03:07:03.180] [info] [[94mHttpSession.cpp[0m:[95m576[0m [96mhandleGetGraphData[0m] get_graph_data success
[2026-09-01 03:07:03.410] [info] [[94mControllerAndOtherEventHandler.cpp[0m:[95m239[0m [96moperator()[0m] Accepted new connection
[2026-09-01 03:07:03.410] [info] [[94mHttpSession.cpp[0m:[95m96[0m [96mhandleRequest[0m] Got request: GET /ndt/get_graph_data
[2026-09-01 03:07:03.410] [info] [[94mHttpSession.cpp[0m:[95m531[0m [96mhandleGetGraphData[0m] Handle Get Graph Data
[2026-09-01 03:07:03.431] [info] [[94mHttpSession.cpp[0m:[95m576[0m [96mhandleGetGraphData[0m] get_graph_data success
[2026-09-01 03:07:03.661] [info] [[94mControllerAndOtherEventHandler.cpp[0m:[95m239[0m [96moperator()[0m] Accepted new connection
[2026-09-01 03:07:03.661] [info] [[94mHttpSession.cpp[0m:[95m96[0m [96mhandleRequest[0m] Got request: GET /ndt/get_graph_data
[2026-09-01 03:07:03.661] [info] [[94mHttpSession.cpp[0m:[95m531[0m [96mhandleGetGraphData[0m] Handle Get Graph Data
[2026-09-01 03:07:03.683] [info] [[94mHttpSession.cpp[0m:[95m576[0m [96mhandleGetGraphData[0m] get_graph_data success
[2026-09-01 03:07:03.911] [info] [[94mControllerAndOtherEventHandler.cpp[0m:[95m239[0m [96moperator()[0m] Accepted new connection
[2026-09-01 03:07:03.911] [info] [[94mHttpSession.cpp[0m:[95m96[0m [96mhandleRequest[0m] Got request: GET /ndt/get_graph_data
[2026-09-01 03:07:03.911] [info] [[94mHttpSession.cpp[0m:[95m531[0m [96mhandleGetGraphData[0m] Handle Get Graph Data
[2026-09-01 03:07:03.926] [info] [[94mHttpSession.cpp[0m:[95m576[0m [96mhandleGetGraphData[0m] get_graph_data success
[2026-09-01 03:07:04.161] [info] [[94mControllerAndOtherEventHandler.cpp[0m:[95m239[0m [96moperator()[0m] Accepted new connection
[2026-09-01 03:07:04.161] [info] [[94mHttpSession.cpp[0m:[95m96[0m [96mhandleRequest[0m] Got request: GET /ndt/get_graph_data
[2026-09-01 03:07:04.161] [info] [[94mHttpSession.cpp[0m:[95m531[0m [96mhandleGetGraphData[0m] Handle Get Graph Data
[2026-09-01 03:07:04.183] [info] [[94mHttpSession.cpp[0m:[95m576[0m [96mhandleGetGraphData[0m] get_graph_data success
[2026-09-01 03:07:04.411] [info] [[94mControllerAndOtherEventHandler.cpp[0m:[95m239[0m [96moperator()[0m] Accepted new connection
[2026-09-01 03:07:04.411] [info] [[94mHttpSession.cpp[0m:[95m96[0m [96mhandleRequest[0m] Got request: GET /ndt/get_graph_data
[2026-09-01 03:07:04.411] [info] [[94mHttpSession.cpp[0m:[95m531[0m [96mhandleGetGraphData[0m] Handle Get Graph Data
[2026-09-01 03:07:04.432] [info] [[94mHttpSession.cpp[0m:[95m576[0m [96mhandleGetGraphData[0m] get_graph_data success
[2026-09-01 03:07:04.660] [info] [[94mControllerAndOtherEventHandler.cpp[0m:[95m239[0m [96moperator()[0m] Accepted new connection
[2026-09-01 03:07:04.660] [info] [[94mHttpSession.cpp[0m:[95m96[0m [96mhandleRequest[0m] Got request: GET /ndt/get_graph_data
[2026-09-01 03:07:04.660] [info] [[94mHttpSession.cpp[0m:[95m531[0m [96mhandleGetGraphData[0m] Handle Get Graph Data
[2026-09-01 03:07:04.679] [info] [[94mHttpSession.cpp[0m:[95m576[0m [96mhandleGetGraphData[0m] get_graph_data success
[2026-09-01 03:07:04.911] [info] [[94mControllerAndOtherEventHandler.cpp[0m:[95m239[0m [96moperator()[0m] Accepted new connection
[2026-09-01 03:07:04.911] [info] [[94mHttpSession.cpp[0m:[95m96[0m [96mhandleRequest[0m] Got request: GET /ndt/get_graph_data
[2026-09-01 03:07:04.911] [info] [[94mHttpSession.cpp[0m:[95m531[0m [96mhandleGetGraphData[0m] Handle Get Graph Data
[2026-09-01 03:07:04.927] [info] [[94mHttpSession.cpp[0m:[95m576[0m [96mhandleGetGraphData[0m] get_graph_data success
[2026-09-01 03:07:05.161] [info] [[94mControllerAndOtherEventHandler.cpp[0m:[95m239[0m [96moperator()[0m] Accepted new connection
[2026-09-01 03:07:05.162] [info] [[94mHttpSession.cpp[0m:[95m96[0m [96mhandleRequest[0m] Got request: GET /ndt/get_graph_data
[2026-09-01 03:07:05.162] [info] [[94mHttpSession.cpp[0m:[95m531[0m [96mhandleGetGraphData[0m] Handle Get Graph Data
[2026-09-01 03:07:05.183] [info] [[94mHttpSession.cpp[0m:[95m576[0m [96mhandleGetGraphData[0m] get_graph_data success
[2026-09-01 03:07:05.411] [info] [[94mControllerAndOtherEventHandler.cpp[0m:[95m239[0m [96moperator()[0m] Accepted new connection
[2026-09-01 03:07:05.411] [info] [[94mHttpSession.cpp[0m:[95m96[0m [96mhandleRequest[0m] Got request: GET /ndt/get_graph_data
[2026-09-01 03:07:05.411] [info] [[94mHttpSession.cpp[0m:[95m531[0m [96mhandleGetGraphData[0m] Handle Get Graph Data
[2026-09-01 03:07:05.426] [info] [[94mHttpSession.cpp[0m:[95m576[0m [96mhandleGetGraphData[0m] get_graph_data success
[2026-09-01 03:07:05.661] [info] [[94mControllerAndOtherEventHandler.cpp[0m:[95m239[0m [96moperator()[0m] Accepted new connection
[2026-09-01 03:07:05.661] [info] [[94mHttpSession.cpp[0m:[95m96[0m [96mhandleRequest[0m] Got request: GET /ndt/get_graph_data
[2026-09-01 03:07:05.661] [info] [[94mHttpSession.cpp[0m:[95m531[0m [96mhandleGetGraphData[0m] Handle Get Graph Data
[2026-09-01 03:07:05.683] [info] [[94mHttpSession.cpp[0m:[95m576[0m [96mhandleGetGraphData[0m] get_graph_data success
[2026-09-01 03:07:05.912] [info] [[94mControllerAndOtherEventHandler.cpp[0m:[95m239[0m [96moperator()[0m] Accepted new connection
[2026-09-01 03:07:05.912] [info] [[94mHttpSession.cpp[0m:[95m96[0m [96mhandleRequest[0m] Got request: GET /ndt/get_graph_data
[2026-09-01 03:07:05.912] [info] [[94mHttpSession.cpp[0m:[95m531[0m [96mhandleGetGraphData[0m] Handle Get Graph Data
[2026-09-01 03:07:05.927] [info] [[94mHttpSession.cpp[0m:[95m576[0m [96mhandleGetGraphData[0m] get_graph_data success
[2026-09-01 03:07:06.161] [info] [[94mControllerAndOtherEventHandler.cpp[0m:[95m239[0m [96moperator()[0m] Accepted new connection
[2026-09-01 03:07:06.161] [info] [[94mHttpSession.cpp[0m:[95m96[0m [96mhandleRequest[0m] Got request: GET /ndt/get_graph_data
[2026-09-01 03:07:06.161] [info] [[94mHttpSession.cpp[0m:[95m531[0m [96mhandleGetGraphData[0m] Handle Get Graph Data
[2026-09-01 03:07:06.183] [info] [[94mHttpSession.cpp[0m:[95m576[0m [96mhandleGetGraphData[0m] get_graph_data success
[2026-09-01 03:07:06.411] [info] [[94mControllerAndOtherEventHandler.cpp[0m:[95m239[0m [96moperator()[0m] Accepted new connection
[2026-09-01 03:07:06.411] [info] [[94mHttpSession.cpp[0m:[95m96[0m [96mhandleRequest[0m] Got request: GET /ndt/get_graph_data
[2026-09-01 03:07:06.411] [info] [[94mHttpSession.cpp[0m:[95m531[0m [96mhandleGetGraphData[0m] Handle Get Graph Data
[2026-09-01 03:07:06.433] [info] [[94mHttpSession.cpp[0m:[95m576[0m [96mhandleGetGraphData[0m] get_graph_data success
[2026-09-01 03:07:06.662] [info] [[94mControllerAndOtherEventHandler.cpp[0m:[95m239[0m [96moperator()[0m] Accepted new connection
[2026-09-01 03:07:06.662] [info] [[94mHttpSession.cpp[0m:[95m96[0m [96mhandleRequest[0m] Got request: GET /ndt/get_graph_data
[2026-09-01 03:07:06.662] [info] [[94mHttpSession.cpp[0m:[95m531[0m [96mhandleGetGraphData[0m] Handle Get Graph Data
[2026-09-01 03:07:06.683] [info] [[94mHttpSession.cpp[0m:[95m576[0m [96mhandleGetGraphData[0m] get_graph_data success
[2026-09-01 03:07:06.911] [info] [[94mControllerAndOtherEventHandler.cpp[0m:[95m239[0m [96moperator()[0m] Accepted new connection
[2026-09-01 03:07:06.911] [info] [[94mHttpSession.cpp[0m:[95m96[0m [96mhandleRequest[0m] Got request: GET /ndt/get_graph_data
[2026-09-01 03:07:06.911] [info] [[94mHttpSession.cpp[0m:[95m531[0m [96mhandleGetGraphData[0m] Handle Get Graph Data
[2026-09-01 03:07:06.932] [info] [[94mHttpSession.cpp[0m:[95m576[0m [96mhandleGetGraphData[0m] get_graph_data success
[2026-09-01 03:07:07.162] [info] [[94mControllerAndOtherEventHandler.cpp[0m:[95m239[0m [96moperator()[0m] Accepted new connection
[2026-09-01 03:07:07.162] [info] [[94mHttpSession.cpp[0m:[95m96[0m [96mhandleRequest[0m] Got request: GET /ndt/get_graph_data
[2026-09-01 03:07:07.162] [info] [[94mHttpSession.cpp[0m:[95m531[0m [96mhandleGetGraphData[0m] Handle Get Graph Data
[2026-09-01 03:07:07.182] [info] [[94mHttpSession.cpp[0m:[95m576[0m [96mhandleGetGraphData[0m] get_graph_data success
[2026-09-01 03:07:07.411] [info] [[94mControllerAndOtherEventHandler.cpp[0m:[95m239[0m [96moperator()[0m] Accepted new connection
[2026-09-01 03:07:07.412] [info] [[94mHttpSession.cpp[0m:[95m96[0m [96mhandleRequest[0m] Got request: GET /ndt/get_graph_data
[2026-09-01 03:07:07.412] [info] [[94mHttpSession.cpp[0m:[95m531[0m [96mhandleGetGraphData[0m] Handle Get Graph Data
[2026-09-01 03:07:07.433] [info] [[94mHttpSession.cpp[0m:[95m576[0m [96mhandleGetGraphData[0m] get_graph_data success
[2026-09-01 03:07:07.662] [info] [[94mControllerAndOtherEventHandler.cpp[0m:[95m239[0m [96moperator()[0m] Accepted new connection
[2026-09-01 03:07:07.662] [info] [[94mHttpSession.cpp[0m:[95m96[0m [96mhandleRequest[0m] Got request: GET /ndt/get_graph_data
[2026-09-01 03:07:07.662] [info] [[94mHttpSession.cpp[0m:[95m531[0m [96mhandleGetGraphData[0m] Handle Get Graph Data
[2026-09-01 03:07:07.678] [info] [[94mHttpSession.cpp[0m:[95m576[0m [96mhandleGetGraphData[0m] get_graph_data success
[2026-09-01 03:07:07.912] [info] [[94mControllerAndOtherEventHandler.cpp[0m:[95m239[0m [96moperator()[0m] Accepted new connection
[2026-09-01 03:07:07.912] [info] [[94mHttpSession.cpp[0m:[95m96[0m [96mhandleRequest[0m] Got request: GET /ndt/get_graph_data
[2026-09-01 03:07:07.912] [info] [[94mHttpSession.cpp[0m:[95m531[0m [96mhandleGetGraphData[0m] Handle Get Graph Data
[2026-09-01 03:07:07.933] [info] [[94mHttpSession.cpp[0m:[95m576[0m [96mhandleGetGraphData[0m] get_graph_data success
[2026-09-01 03:07:08.162] [info] [[94mControllerAndOtherEventHandler.cpp[0m:[95m239[0m [96moperator()[0m] Accepted new connection
[2026-09-01 03:07:08.162] [info] [[94mHttpSession.cpp[0m:[95m96[0m [96mhandleRequest[0m] Got request: GET /ndt/get_graph_data
[2026-09-01 03:07:08.162] [info] [[94mHttpSession.cpp[0m:[95m531[0m [96mhandleGetGraphData[0m] Handle Get Graph Data
[2026-09-01 03:07:08.180] [info] [[94mHttpSession.cpp[0m:[95m576[0m [96mhandleGetGraphData[0m] get_graph_data success
[2026-09-01 03:07:08.412] [info] [[94mControllerAndOtherEventHandler.cpp[0m:[95m239[0m [96moperator()[0m] Accepted new connection
[2026-09-01 03:07:08.412] [info] [[94mHttpSession.cpp[0m:[95m96[0m [96mhandleRequest[0m] Got request: GET /ndt/get_graph_data
[2026-09-01 03:07:08.412] [info] [[94mHttpSession.cpp[0m:[95m531[0m [96mhandleGetGraphData[0m] Handle Get Graph Data
[2026-09-01 03:07:08.433] [info] [[94mHttpSession.cpp[0m:[95m576[0m [96mhandleGetGraphData[0m] get_graph_data success
[2026-09-01 03:07:08.662] [info] [[94mControllerAndOtherEventHandler.cpp[0m:[95m239[0m [96moperator()[0m] Accepted new connection
[2026-09-01 03:07:08.662] [info] [[94mHttpSession.cpp[0m:[95m96[0m [96mhandleRequest[0m] Got request: GET /ndt/get_graph_data
[2026-09-01 03:07:08.662] [info] [[94mHttpSession.cpp[0m:[95m531[0m [96mhandleGetGraphData[0m] Handle Get Graph Data
[2026-09-01 03:07:08.685] [info] [[94mHttpSession.cpp[0m:[95m576[0m [96mhandleGetGraphData[0m] get_graph_data success
[2026-09-01 03:07:08.913] [info] [[94mControllerAndOtherEventHandler.cpp[0m:[95m239[0m [96moperator()[0m] Accepted new connection
[2026-09-01 03:07:08.913] [info] [[94mHttpSession.cpp[0m:[95m96[0m [96mhandleRequest[0m] Got request: GET /ndt/get_graph_data
[2026-09-01 03:07:08.913] [info] [[94mHttpSession.cpp[0m:[95m531[0m [96mhandleGetGraphData[0m] Handle Get Graph Data
[2026-09-01 03:07:08.934] [info] [[94mHttpSession.cpp[0m:[95m576[0m [96mhandleGetGraphData[0m] get_graph_data success
[2026-09-01 03:07:09.163] [info] [[94mControllerAndOtherEventHandler.cpp[0m:[95m239[0m [96moperator()[0m] Accepted new connection
[2026-09-01 03:07:09.163] [info] [[94mHttpSession.cpp[0m:[95m96[0m [96mhandleRequest[0m] Got request: GET /ndt/get_graph_data
[2026-09-01 03:07:09.163] [info] [[94mHttpSession.cpp[0m:[95m531[0m [96mhandleGetGraphData[0m] Handle Get Graph Data
[2026-09-01 03:07:09.184] [info] [[94mHttpSession.cpp[0m:[95m576[0m [96mhandleGetGraphData[0m] get_graph_data success
[2026-09-01 03:07:09.412] [info] [[94mControllerAndOtherEventHandler.cpp[0m:[95m239[0m [96moperator()[0m] Accepted new connection
[2026-09-01 03:07:09.412] [info] [[94mHttpSession.cpp[0m:[95m96[0m [96mhandleRequest[0m] Got request: GET /ndt/get_graph_data
[2026-09-01 03:07:09.412] [info] [[94mHttpSession.cpp[0m:[95m531[0m [96mhandleGetGraphData[0m] Handle Get Graph Data
[2026-09-01 03:07:09.436] [info] [[94mHttpSession.cpp[0m:[95m576[0m [96mhandleGetGraphData[0m] get_graph_data success
[2026-09-01 03:07:09.662] [info] [[94mControllerAndOtherEventHandler.cpp[0m:[95m239[0m [96moperator()[0m] Accepted new connection
[2026-09-01 03:07:09.662] [info] [[94mHttpSession.cpp[0m:[95m96[0m [96mhandleRequest[0m] Got request: GET /ndt/get_graph_data
[2026-09-01 03:07:09.662] [info] [[94mHttpSession.cpp[0m:[95m531[0m [96mhandleGetGraphData[0m] Handle Get Graph Data
[2026-09-01 03:07:09.682] [info] [[94mHttpSession.cpp[0m:[95m576[0m [96mhandleGetGraphData[0m] get_graph_data success
[2026-09-01 03:07:09.912] [info] [[94mControllerAndOtherEventHandler.cpp[0m:[95m239[0m [96moperator()[0m] Accepted new connection
[2026-09-01 03:07:09.913] [info] [[94mHttpSession.cpp[0m:[95m96[0m [96mhandleRequest[0m] Got request: GET /ndt/get_graph_data
[2026-09-01 03:07:09.913] [info] [[94mHttpSession.cpp[0m:[95m531[0m [96mhandleGetGraphData[0m] Handle Get Graph Data
[2026-09-01 03:07:09.935] [info] [[94mHttpSession.cpp[0m:[95m576[0m [96mhandleGetGraphData[0m] get_graph_data success
[2026-09-01 03:07:10.163] [info] [[94mControllerAndOtherEventHandler.cpp[0m:[95m239[0m [96moperator()[0m] Accepted new connection
[2026-09-01 03:07:10.163] [info] [[94mHttpSession.cpp[0m:[95m96[0m [96mhandleRequest[0m] Got request: GET /ndt/get_graph_data
[2026-09-01 03:07:10.163] [info] [[94mHttpSession.cpp[0m:[95m531[0m [96mhandleGetGraphData[0m] Handle Get Graph Data
[2026-09-01 03:07:10.182] [info] [[94mHttpSession.cpp[0m:[95m576[0m [96mhandleGetGraphData[0m] get_graph_data success
[2026-09-01 03:07:10.413] [info] [[94mControllerAndOtherEventHandler.cpp[0m:[95m239[0m [96moperator()[0m] Accepted new connection
[2026-09-01 03:07:10.413] [info] [[94mHttpSession.cpp[0m:[95m96[0m [96mhandleRequest[0m] Got request: GET /ndt/get_graph_data
[2026-09-01 03:07:10.413] [info] [[94mHttpSession.cpp[0m:[95m531[0m [96mhandleGetGraphData[0m] Handle Get Graph Data
[2026-09-01 03:07:10.433] [info] [[94mHttpSession.cpp[0m:[95m576[0m [96mhandleGetGraphData[0m] get_graph_data success
[2026-09-01 03:07:10.663] [info] [[94mControllerAndOtherEventHandler.cpp[0m:[95m239[0m [96moperator()[0m] Accepted new connection
[2026-09-01 03:07:10.664] [info] [[94mHttpSession.cpp[0m:[95m96[0m [96mhandleRequest[0m] Got request: GET /ndt/get_graph_data
[2026-09-01 03:07:10.664] [info] [[94mHttpSession.cpp[0m:[95m531[0m [96mhandleGetGraphData[0m] Handle Get Graph Data
[2026-09-01 03:07:10.685] [info] [[94mHttpSession.cpp[0m:[95m576[0m [96mhandleGetGraphData[0m] get_graph_data success
[2026-09-01 03:07:10.913] [info] [[94mControllerAndOtherEventHandler.cpp[0m:[95m239[0m [96moperator()[0m] Accepted new connection
[2026-09-01 03:07:10.913] [info] [[94mHttpSession.cpp[0m:[95m96[0m [96mhandleRequest[0m] Got request: GET /ndt/get_graph_data
[2026-09-01 03:07:10.913] [info] [[94mHttpSession.cpp[0m:[95m531[0m [96mhandleGetGraphData[0m] Handle Get Graph Data
[2026-09-01 03:07:10.935] [info] [[94mHttpSession.cpp[0m:[95m576[0m [96mhandleGetGraphData[0m] get_graph_data success
[2026-09-01 03:07:11.163] [info] [[94mControllerAndOtherEventHandler.cpp[0m:[95m239[0m [96moperator()[0m] Accepted new connection
[2026-09-01 03:07:11.163] [info] [[94mHttpSession.cpp[0m:[95m96[0m [96mhandleRequest[0m] Got request: GET /ndt/get_graph_data
[2026-09-01 03:07:11.163] [info] [[94mHttpSession.cpp[0m:[95m531[0m [96mhandleGetGraphData[0m] Handle Get Graph Data
[2026-09-01 03:07:11.179] [info] [[94mHttpSession.cpp[0m:[95m576[0m [96mhandleGetGraphData[0m] get_graph_data success
[2026-09-01 03:07:11.413] [info] [[94mControllerAndOtherEventHandler.cpp[0m:[95m239[0m [96moperator()[0m] Accepted new connection
[2026-09-01 03:07:11.413] [info] [[94mHttpSession.cpp[0m:[95m96[0m [96mhandleRequest[0m] Got request: GET /ndt/get_graph_data
[2026-09-01 03:07:11.413] [info] [[94mHttpSession.cpp[0m:[95m531[0m [96mhandleGetGraphData[0m] Handle Get Graph Data
[2026-09-01 03:07:11.430] [info] [[94mHttpSession.cpp[0m:[95m576[0m [96mhandleGetGraphData[0m] get_graph_data success
[2026-09-01 03:07:11.664] [info] [[94mControllerAndOtherEventHandler.cpp[0m:[95m239[0m [96moperator()[0m] Accepted new connection
[2026-09-01 03:07:11.664] [info] [[94mHttpSession.cpp[0m:[95m96[0m [96mhandleRequest[0m] Got request: GET /ndt/get_graph_data
[2026-09-01 03:07:11.664] [info] [[94mHttpSession.cpp[0m:[95m531[0m [96mhandleGetGraphData[0m] Handle Get Graph Data
[2026-09-01 03:07:11.680] [info] [[94mHttpSession.cpp[0m:[95m576[0m [96mhandleGetGraphData[0m] get_graph_data success
[2026-09-01 03:07:11.913] [info] [[94mControllerAndOtherEventHandler.cpp[0m:[95m239[0m [96moperator()[0m] Accepted new connection
[2026-09-01 03:07:11.913] [info] [[94mHttpSession.cpp[0m:[95m96[0m [96mhandleRequest[0m] Got request: GET /ndt/get_graph_data
[2026-09-01 03:07:11.914] [info] [[94mHttpSession.cpp[0m:[95m531[0m [96mhandleGetGraphData[0m] Handle Get Graph Data
[2026-09-01 03:07:11.934] [info] [[94mHttpSession.cpp[0m:[95m576[0m [96mhandleGetGraphData[0m] get_graph_data success
[2026-09-01 03:07:12.164] [info] [[94mControllerAndOtherEventHandler.cpp[0m:[95m239[0m [96moperator()[0m] Accepted new connection
[2026-09-01 03:07:12.164] [info] [[94mHttpSession.cpp[0m:[95m96[0m [96mhandleRequest[0m] Got request: GET /ndt/get_graph_data
[2026-09-01 03:07:12.164] [info] [[94mHttpSession.cpp[0m:[95m531[0m [96mhandleGetGraphData[0m] Handle Get Graph Data
[2026-09-01 03:07:12.186] [info] [[94mHttpSession.cpp[0m:[95m576[0m [96mhandleGetGraphData[0m] get_graph_data success
[2026-09-01 03:07:12.414] [info] [[94mControllerAndOtherEventHandler.cpp[0m:[95m239[0m [96moperator()[0m] Accepted new connection
[2026-09-01 03:07:12.414] [info] [[94mHttpSession.cpp[0m:[95m96[0m [96mhandleRequest[0m] Got request: GET /ndt/get_graph_data
[2026-09-01 03:07:12.414] [info] [[94mHttpSession.cpp[0m:[95m531[0m [96mhandleGetGraphData[0m] Handle Get Graph Data
[2026-09-01 03:07:12.437] [info] [[94mHttpSession.cpp[0m:[95m576[0m [96mhandleGetGraphData[0m] get_graph_data success
[2026-09-01 03:07:12.664] [info] [[94mControllerAndOtherEventHandler.cpp[0m:[95m239[0m [96moperator()[0m] Accepted new connection
[2026-09-01 03:07:12.664] [info] [[94mHttpSession.cpp[0m:[95m96[0m [96mhandleRequest[0m] Got request: GET /ndt/get_graph_data
[2026-09-01 03:07:12.664] [info] [[94mHttpSession.cpp[0m:[95m531[0m [96mhandleGetGraphData[0m] Handle Get Graph Data
[2026-09-01 03:07:12.685] [info] [[94mHttpSession.cpp[0m:[95m576[0m [96mhandleGetGraphData[0m] get_graph_data success
[2026-09-01 03:07:12.914] [info] [[94mControllerAndOtherEventHandler.cpp[0m:[95m239[0m [96moperator()[0m] Accepted new connection
[2026-09-01 03:07:12.914] [info] [[94mHttpSession.cpp[0m:[95m96[0m [96mhandleRequest[0m] Got request: GET /ndt/get_graph_data
[2026-09-01 03:07:12.914] [info] [[94mHttpSession.cpp[0m:[95m531[0m [96mhandleGetGraphData[0m] Handle Get Graph Data
[2026-09-01 03:07:12.934] [info] [[94mHttpSession.cpp[0m:[95m576[0m [96mhandleGetGraphData[0m] get_graph_data success
[2026-09-01 03:07:13.164] [info] [[94mControllerAndOtherEventHandler.cpp[0m:[95m239[0m [96moperator()[0m] Accepted new connection
[2026-09-01 03:07:13.165] [info] [[94mHttpSession.cpp[0m:[95m96[0m [96mhandleRequest[0m] Got request: GET /ndt/get_graph_data
[2026-09-01 03:07:13.165] [info] [[94mHttpSession.cpp[0m:[95m531[0m [96mhandleGetGraphData[0m] Handle Get Graph Data
[2026-09-01 03:07:13.180] [info] [[94mHttpSession.cpp[0m:[95m576[0m [96mhandleGetGraphData[0m] get_graph_data success
[2026-09-01 03:07:13.414] [info] [[94mControllerAndOtherEventHandler.cpp[0m:[95m239[0m [96moperator()[0m] Accepted new connection
[2026-09-01 03:07:13.415] [info] [[94mHttpSession.cpp[0m:[95m96[0m [96mhandleRequest[0m] Got request: GET /ndt/get_graph_data
[2026-09-01 03:07:13.415] [info] [[94mHttpSession.cpp[0m:[95m531[0m [96mhandleGetGraphData[0m] Handle Get Graph Data
[2026-09-01 03:07:13.431] [info] [[94mHttpSession.cpp[0m:[95m576[0m [96mhandleGetGraphData[0m] get_graph_data success
[2026-09-01 03:07:13.665] [info] [[94mControllerAndOtherEventHandler.cpp[0m:[95m239[0m [96moperator()[0m] Accepted new connection
[2026-09-01 03:07:13.665] [info] [[94mHttpSession.cpp[0m:[95m96[0m [96mhandleRequest[0m] Got request: GET /ndt/get_graph_data
[2026-09-01 03:07:13.665] [info] [[94mHttpSession.cpp[0m:[95m531[0m [96mhandleGetGraphData[0m] Handle Get Graph Data
[2026-09-01 03:07:13.681] [info] [[94mHttpSession.cpp[0m:[95m576[0m [96mhandleGetGraphData[0m] get_graph_data success
[2026-09-01 03:07:13.914] [info] [[94mControllerAndOtherEventHandler.cpp[0m:[95m239[0m [96moperator()[0m] Accepted new connection
[2026-09-01 03:07:13.914] [info] [[94mHttpSession.cpp[0m:[95m96[0m [96mhandleRequest[0m] Got request: GET /ndt/get_graph_data
[2026-09-01 03:07:13.914] [info] [[94mHttpSession.cpp[0m:[95m531[0m [96mhandleGetGraphData[0m] Handle Get Graph Data
[2026-09-01 03:07:13.930] [info] [[94mHttpSession.cpp[0m:[95m576[0m [96mhandleGetGraphData[0m] get_graph_data success
[2026-09-01 03:07:14.165] [info] [[94mControllerAndOtherEventHandler.cpp[0m:[95m239[0m [96moperator()[0m] Accepted new connection
[2026-09-01 03:07:14.165] [info] [[94mHttpSession.cpp[0m:[95m96[0m [96mhandleRequest[0m] Got request: GET /ndt/get_graph_data
[2026-09-01 03:07:14.165] [info] [[94mHttpSession.cpp[0m:[95m531[0m [96mhandleGetGraphData[0m] Handle Get Graph Data
[2026-09-01 03:07:14.185] [info] [[94mHttpSession.cpp[0m:[95m576[0m [96mhandleGetGraphData[0m] get_graph_data success
[2026-09-01 03:07:14.414] [info] [[94mControllerAndOtherEventHandler.cpp[0m:[95m239[0m [96moperator()[0m] Accepted new connection
[2026-09-01 03:07:14.414] [info] [[94mHttpSession.cpp[0m:[95m96[0m [96mhandleRequest[0m] Got request: GET /ndt/get_graph_data
[2026-09-01 03:07:14.414] [info] [[94mHttpSession.cpp[0m:[95m531[0m [96mhandleGetGraphData[0m] Handle Get Graph Data
[2026-09-01 03:07:14.430] [info] [[94mHttpSession.cpp[0m:[95m576[0m [96mhandleGetGraphData[0m] get_graph_data success
[2026-09-01 03:07:14.664] [info] [[94mControllerAndOtherEventHandler.cpp[0m:[95m239[0m [96moperator()[0m] Accepted new connection
[2026-09-01 03:07:14.664] [info] [[94mHttpSession.cpp[0m:[95m96[0m [96mhandleRequest[0m] Got request: GET /ndt/get_graph_data
[2026-09-01 03:07:14.665] [info] [[94mHttpSession.cpp[0m:[95m531[0m [96mhandleGetGraphData[0m] Handle Get Graph Data
[2026-09-01 03:07:14.681] [info] [[94mHttpSession.cpp[0m:[95m576[0m [96mhandleGetGraphData[0m] get_graph_data success
[2026-09-01 03:07:14.915] [info] [[94mControllerAndOtherEventHandler.cpp[0m:[95m239[0m [96moperator()[0m] Accepted new connection
[2026-09-01 03:07:14.915] [info] [[94mHttpSession.cpp[0m:[95m96[0m [96mhandleRequest[0m] Got request: GET /ndt/get_graph_data
[2026-09-01 03:07:14.915] [info] [[94mHttpSession.cpp[0m:[95m531[0m [96mhandleGetGraphData[0m] Handle Get Graph Data
[2026-09-01 03:07:14.937] [info] [[94mHttpSession.cpp[0m:[95m576[0m [96mhandleGetGraphData[0m] get_graph_data success
[2026-09-01 03:07:15.165] [info] [[94mControllerAndOtherEventHandler.cpp[0m:[95m239[0m [96moperator()[0m] Accepted new connection
[2026-09-01 03:07:15.165] [info] [[94mHttpSession.cpp[0m:[95m96[0m [96mhandleRequest[0m] Got request: GET /ndt/get_graph_data
[2026-09-01 03:07:15.165] [info] [[94mHttpSession.cpp[0m:[95m531[0m [96mhandleGetGraphData[0m] Handle Get Graph Data
[2026-09-01 03:07:15.187] [info] [[94mHttpSession.cpp[0m:[95m576[0m [96mhandleGetGraphData[0m] get_graph_data success
[2026-09-01 03:07:15.415] [info] [[94mControllerAndOtherEventHandler.cpp[0m:[95m239[0m [96moperator()[0m] Accepted new connection
[2026-09-01 03:07:15.415] [info] [[94mHttpSession.cpp[0m:[95m96[0m [96mhandleRequest[0m] Got request: GET /ndt/get_graph_data
[2026-09-01 03:07:15.415] [info] [[94mHttpSession.cpp[0m:[95m531[0m [96mhandleGetGraphData[0m] Handle Get Graph Data
[2026-09-01 03:07:15.437] [info] [[94mHttpSession.cpp[0m:[95m576[0m [96mhandleGetGraphData[0m] get_graph_data success
[2026-09-01 03:07:15.665] [info] [[94mControllerAndOtherEventHandler.cpp[0m:[95m239[0m [96moperator()[0m] Accepted new connection
[2026-09-01 03:07:15.665] [info] [[94mHttpSession.cpp[0m:[95m96[0m [96mhandleRequest[0m] Got request: GET /ndt/get_graph_data
[2026-09-01 03:07:15.665] [info] [[94mHttpSession.cpp[0m:[95m531[0m [96mhandleGetGraphData[0m] Handle Get Graph Data
[2026-09-01 03:07:15.686] [info] [[94mHttpSession.cpp[0m:[95m576[0m [96mhandleGetGraphData[0m] get_graph_data success
[2026-09-01 03:07:15.915] [info] [[94mControllerAndOtherEventHandler.cpp[0m:[95m239[0m [96moperator()[0m] Accepted new connection
[2026-09-01 03:07:15.915] [info] [[94mHttpSession.cpp[0m:[95m96[0m [96mhandleRequest[0m] Got request: GET /ndt/get_graph_data
[2026-09-01 03:07:15.915] [info] [[94mHttpSession.cpp[0m:[95m531[0m [96mhandleGetGraphData[0m] Handle Get Graph Data
[2026-09-01 03:07:15.932] [info] [[94mHttpSession.cpp[0m:[95m576[0m [96mhandleGetGraphData[0m] get_graph_data success
[2026-09-01 03:07:16.165] [info] [[94mControllerAndOtherEventHandler.cpp[0m:[95m239[0m [96moperator()[0m] Accepted new connection
[2026-09-01 03:07:16.166] [info] [[94mHttpSession.cpp[0m:[95m96[0m [96mhandleRequest[0m] Got request: GET /ndt/get_graph_data
[2026-09-01 03:07:16.166] [info] [[94mHttpSession.cpp[0m:[95m531[0m [96mhandleGetGraphData[0m] Handle Get Graph Data
[2026-09-01 03:07:16.187] [info] [[94mHttpSession.cpp[0m:[95m576[0m [96mhandleGetGraphData[0m] get_graph_data success
[2026-09-01 03:07:16.358] [info] [[94mFlowLinkUsageCollector.cpp[0m:[95m1807[0m [96mcalAvgFlowSendingRatesPeriodically[0m] rate loop period: last 30 iters mean 1001.3 ms | since start (149 iters) mean 1001.1 ms, min 1000.1, max 1004.3 (flows=1, counters=4) -- the LAST-N figure is the current denominator; the since-start one lags it
[2026-09-01 03:07:16.359] [info] [[94mFlowLinkUsageCollector.cpp[0m:[95m2016[0m [96mcalAvgFlowSendingRatesPeriodically[0m] rate divisor check: measured_interval_s=1.000943 divisor_used_s=1.000943 (ticket Q gate: these must agree to 1%; a negative divisor means no rate has been published yet, which is not a pass)
[2026-09-01 03:07:16.415] [info] [[94mControllerAndOtherEventHandler.cpp[0m:[95m239[0m [96moperator()[0m] Accepted new connection
[2026-09-01 03:07:16.415] [info] [[94mHttpSession.cpp[0m:[95m96[0m [96mhandleRequest[0m] Got request: GET /ndt/get_graph_data
[2026-09-01 03:07:16.415] [info] [[94mHttpSession.cpp[0m:[95m531[0m [96mhandleGetGraphData[0m] Handle Get Graph Data
[2026-09-01 03:07:16.430] [info] [[94mHttpSession.cpp[0m:[95m576[0m [96mhandleGetGraphData[0m] get_graph_data success
[2026-09-01 03:07:16.666] [info] [[94mControllerAndOtherEventHandler.cpp[0m:[95m239[0m [96moperator()[0m] Accepted new connection
[2026-09-01 03:07:16.666] [info] [[94mHttpSession.cpp[0m:[95m96[0m [96mhandleRequest[0m] Got request: GET /ndt/get_graph_data
[2026-09-01 03:07:16.666] [info] [[94mHttpSession.cpp[0m:[95m531[0m [96mhandleGetGraphData[0m] Handle Get Graph Data
[2026-09-01 03:07:16.687] [info] [[94mHttpSession.cpp[0m:[95m576[0m [96mhandleGetGraphData[0m] get_graph_data success
[2026-09-01 03:07:16.916] [info] [[94mControllerAndOtherEventHandler.cpp[0m:[95m239[0m [96moperator()[0m] Accepted new connection
[2026-09-01 03:07:16.916] [info] [[94mHttpSession.cpp[0m:[95m96[0m [96mhandleRequest[0m] Got request: GET /ndt/get_graph_data
[2026-09-01 03:07:16.916] [info] [[94mHttpSession.cpp[0m:[95m531[0m [96mhandleGetGraphData[0m] Handle Get Graph Data
[2026-09-01 03:07:16.938] [info] [[94mHttpSession.cpp[0m:[95m576[0m [96mhandleGetGraphData[0m] get_graph_data success
[2026-09-01 03:07:17.165] [info] [[94mControllerAndOtherEventHandler.cpp[0m:[95m239[0m [96moperator()[0m] Accepted new connection
[2026-09-01 03:07:17.165] [info] [[94mHttpSession.cpp[0m:[95m96[0m [96mhandleRequest[0m] Got request: GET /ndt/get_graph_data
[2026-09-01 03:07:17.165] [info] [[94mHttpSession.cpp[0m:[95m531[0m [96mhandleGetGraphData[0m] Handle Get Graph Data
[2026-09-01 03:07:17.186] [info] [[94mHttpSession.cpp[0m:[95m576[0m [96mhandleGetGraphData[0m] get_graph_data success
[2026-09-01 03:07:17.416] [info] [[94mControllerAndOtherEventHandler.cpp[0m:[95m239[0m [96moperator()[0m] Accepted new connection
[2026-09-01 03:07:17.416] [info] [[94mHttpSession.cpp[0m:[95m96[0m [96mhandleRequest[0m] Got request: GET /ndt/get_graph_data
[2026-09-01 03:07:17.416] [info] [[94mHttpSession.cpp[0m:[95m531[0m [96mhandleGetGraphData[0m] Handle Get Graph Data
[2026-09-01 03:07:17.438] [info] [[94mHttpSession.cpp[0m:[95m576[0m [96mhandleGetGraphData[0m] get_graph_data success
[2026-09-01 03:07:17.666] [info] [[94mControllerAndOtherEventHandler.cpp[0m:[95m239[0m [96moperator()[0m] Accepted new connection
[2026-09-01 03:07:17.666] [info] [[94mHttpSession.cpp[0m:[95m96[0m [96mhandleRequest[0m] Got request: GET /ndt/get_graph_data
[2026-09-01 03:07:17.666] [info] [[94mHttpSession.cpp[0m:[95m531[0m [96mhandleGetGraphData[0m] Handle Get Graph Data
[2026-09-01 03:07:17.681] [info] [[94mHttpSession.cpp[0m:[95m576[0m [96mhandleGetGraphData[0m] get_graph_data success
[2026-09-01 03:07:17.915] [info] [[94mControllerAndOtherEventHandler.cpp[0m:[95m239[0m [96moperator()[0m] Accepted new connection
[2026-09-01 03:07:17.916] [info] [[94mHttpSession.cpp[0m:[95m96[0m [96mhandleRequest[0m] Got request: GET /ndt/get_graph_data
[2026-09-01 03:07:17.916] [info] [[94mHttpSession.cpp[0m:[95m531[0m [96mhandleGetGraphData[0m] Handle Get Graph Data
[2026-09-01 03:07:17.932] [info] [[94mHttpSession.cpp[0m:[95m576[0m [96mhandleGetGraphData[0m] get_graph_data success
[2026-09-01 03:07:18.166] [info] [[94mControllerAndOtherEventHandler.cpp[0m:[95m239[0m [96moperator()[0m] Accepted new connection
[2026-09-01 03:07:18.166] [info] [[94mHttpSession.cpp[0m:[95m96[0m [96mhandleRequest[0m] Got request: GET /ndt/get_graph_data
[2026-09-01 03:07:18.167] [info] [[94mHttpSession.cpp[0m:[95m531[0m [96mhandleGetGraphData[0m] Handle Get Graph Data
[2026-09-01 03:07:18.182] [info] [[94mHttpSession.cpp[0m:[95m576[0m [96mhandleGetGraphData[0m] get_graph_data success
[2026-09-01 03:07:18.416] [info] [[94mControllerAndOtherEventHandler.cpp[0m:[95m239[0m [96moperator()[0m] Accepted new connection
[2026-09-01 03:07:18.416] [info] [[94mHttpSession.cpp[0m:[95m96[0m [96mhandleRequest[0m] Got request: GET /ndt/get_graph_data
[2026-09-01 03:07:18.416] [info] [[94mHttpSession.cpp[0m:[95m531[0m [96mhandleGetGraphData[0m] Handle Get Graph Data
[2026-09-01 03:07:18.438] [info] [[94mHttpSession.cpp[0m:[95m576[0m [96mhandleGetGraphData[0m] get_graph_data success
[2026-09-01 03:07:18.666] [info] [[94mControllerAndOtherEventHandler.cpp[0m:[95m239[0m [96moperator()[0m] Accepted new connection
[2026-09-01 03:07:18.666] [info] [[94mHttpSession.cpp[0m:[95m96[0m [96mhandleRequest[0m] Got request: GET /ndt/get_graph_data
[2026-09-01 03:07:18.666] [info] [[94mHttpSession.cpp[0m:[95m531[0m [96mhandleGetGraphData[0m] Handle Get Graph Data
[2026-09-01 03:07:18.687] [info] [[94mHttpSession.cpp[0m:[95m576[0m [96mhandleGetGraphData[0m] get_graph_data success
[2026-09-01 03:07:18.916] [info] [[94mControllerAndOtherEventHandler.cpp[0m:[95m239[0m [96moperator()[0m] Accepted new connection
[2026-09-01 03:07:18.917] [info] [[94mHttpSession.cpp[0m:[95m96[0m [96mhandleRequest[0m] Got request: GET /ndt/get_graph_data
[2026-09-01 03:07:18.917] [info] [[94mHttpSession.cpp[0m:[95m531[0m [96mhandleGetGraphData[0m] Handle Get Graph Data
[2026-09-01 03:07:18.935] [info] [[94mHttpSession.cpp[0m:[95m576[0m [96mhandleGetGraphData[0m] get_graph_data success
[2026-09-01 03:07:19.167] [info] [[94mControllerAndOtherEventHandler.cpp[0m:[95m239[0m [96moperator()[0m] Accepted new connection
[2026-09-01 03:07:19.167] [info] [[94mHttpSession.cpp[0m:[95m96[0m [96mhandleRequest[0m] Got request: GET /ndt/get_graph_data
[2026-09-01 03:07:19.167] [info] [[94mHttpSession.cpp[0m:[95m531[0m [96mhandleGetGraphData[0m] Handle Get Graph Data
[2026-09-01 03:07:19.188] [info] [[94mHttpSession.cpp[0m:[95m576[0m [96mhandleGetGraphData[0m] get_graph_data success
[2026-09-01 03:07:19.417] [info] [[94mControllerAndOtherEventHandler.cpp[0m:[95m239[0m [96moperator()[0m] Accepted new connection
[2026-09-01 03:07:19.417] [info] [[94mHttpSession.cpp[0m:[95m96[0m [96mhandleRequest[0m] Got request: GET /ndt/get_graph_data
[2026-09-01 03:07:19.417] [info] [[94mHttpSession.cpp[0m:[95m531[0m [96mhandleGetGraphData[0m] Handle Get Graph Data
[2026-09-01 03:07:19.439] [info] [[94mHttpSession.cpp[0m:[95m576[0m [96mhandleGetGraphData[0m] get_graph_data success
[2026-09-01 03:07:19.666] [info] [[94mControllerAndOtherEventHandler.cpp[0m:[95m239[0m [96moperator()[0m] Accepted new connection
[2026-09-01 03:07:19.667] [info] [[94mHttpSession.cpp[0m:[95m96[0m [96mhandleRequest[0m] Got request: GET /ndt/get_graph_data
[2026-09-01 03:07:19.667] [info] [[94mHttpSession.cpp[0m:[95m531[0m [96mhandleGetGraphData[0m] Handle Get Graph Data
[2026-09-01 03:07:19.687] [info] [[94mHttpSession.cpp[0m:[95m576[0m [96mhandleGetGraphData[0m] get_graph_data success
[2026-09-01 03:07:19.917] [info] [[94mControllerAndOtherEventHandler.cpp[0m:[95m239[0m [96moperator()[0m] Accepted new connection
[2026-09-01 03:07:19.917] [info] [[94mHttpSession.cpp[0m:[95m96[0m [96mhandleRequest[0m] Got request: GET /ndt/get_graph_data
[2026-09-01 03:07:19.917] [info] [[94mHttpSession.cpp[0m:[95m531[0m [96mhandleGetGraphData[0m] Handle Get Graph Data
[2026-09-01 03:07:19.932] [info] [[94mHttpSession.cpp[0m:[95m576[0m [96mhandleGetGraphData[0m] get_graph_data success
[2026-09-01 03:07:20.166] [info] [[94mControllerAndOtherEventHandler.cpp[0m:[95m239[0m [96moperator()[0m] Accepted new connection
[2026-09-01 03:07:20.166] [info] [[94mHttpSession.cpp[0m:[95m96[0m [96mhandleRequest[0m] Got request: GET /ndt/get_graph_data
[2026-09-01 03:07:20.166] [info] [[94mHttpSession.cpp[0m:[95m531[0m [96mhandleGetGraphData[0m] Handle Get Graph Data
[2026-09-01 03:07:20.181] [info] [[94mHttpSession.cpp[0m:[95m576[0m [96mhandleGetGraphData[0m] get_graph_data success
[2026-09-01 03:07:20.417] [info] [[94mControllerAndOtherEventHandler.cpp[0m:[95m239[0m [96moperator()[0m] Accepted new connection
[2026-09-01 03:07:20.418] [info] [[94mHttpSession.cpp[0m:[95m96[0m [96mhandleRequest[0m] Got request: GET /ndt/get_graph_data
[2026-09-01 03:07:20.418] [info] [[94mHttpSession.cpp[0m:[95m531[0m [96mhandleGetGraphData[0m] Handle Get Graph Data
[2026-09-01 03:07:20.436] [info] [[94mHttpSession.cpp[0m:[95m576[0m [96mhandleGetGraphData[0m] get_graph_data success
[2026-09-01 03:07:20.667] [info] [[94mControllerAndOtherEventHandler.cpp[0m:[95m239[0m [96moperator()[0m] Accepted new connection
[2026-09-01 03:07:20.668] [info] [[94mHttpSession.cpp[0m:[95m96[0m [96mhandleRequest[0m] Got request: GET /ndt/get_graph_data
[2026-09-01 03:07:20.668] [info] [[94mHttpSession.cpp[0m:[95m531[0m [96mhandleGetGraphData[0m] Handle Get Graph Data
[2026-09-01 03:07:20.690] [info] [[94mHttpSession.cpp[0m:[95m576[0m [96mhandleGetGraphData[0m] get_graph_data success
[2026-09-01 03:07:20.917] [info] [[94mControllerAndOtherEventHandler.cpp[0m:[95m239[0m [96moperator()[0m] Accepted new connection
[2026-09-01 03:07:20.917] [info] [[94mHttpSession.cpp[0m:[95m96[0m [96mhandleRequest[0m] Got request: GET /ndt/get_graph_data
[2026-09-01 03:07:20.917] [info] [[94mHttpSession.cpp[0m:[95m531[0m [96mhandleGetGraphData[0m] Handle Get Graph Data
[2026-09-01 03:07:20.939] [info] [[94mHttpSession.cpp[0m:[95m576[0m [96mhandleGetGraphData[0m] get_graph_data success
[2026-09-01 03:07:21.167] [info] [[94mControllerAndOtherEventHandler.cpp[0m:[95m239[0m [96moperator()[0m] Accepted new connection
[2026-09-01 03:07:21.167] [info] [[94mHttpSession.cpp[0m:[95m96[0m [96mhandleRequest[0m] Got request: GET /ndt/get_graph_data
[2026-09-01 03:07:21.167] [info] [[94mHttpSession.cpp[0m:[95m531[0m [96mhandleGetGraphData[0m] Handle Get Graph Data
[2026-09-01 03:07:21.182] [info] [[94mHttpSession.cpp[0m:[95m576[0m [96mhandleGetGraphData[0m] get_graph_data success
[2026-09-01 03:07:21.417] [info] [[94mControllerAndOtherEventHandler.cpp[0m:[95m239[0m [96moperator()[0m] Accepted new connection
[2026-09-01 03:07:21.418] [info] [[94mHttpSession.cpp[0m:[95m96[0m [96mhandleRequest[0m] Got request: GET /ndt/get_graph_data
[2026-09-01 03:07:21.418] [info] [[94mHttpSession.cpp[0m:[95m531[0m [96mhandleGetGraphData[0m] Handle Get Graph Data
[2026-09-01 03:07:21.440] [info] [[94mHttpSession.cpp[0m:[95m576[0m [96mhandleGetGraphData[0m] get_graph_data success
[2026-09-01 03:07:21.668] [info] [[94mControllerAndOtherEventHandler.cpp[0m:[95m239[0m [96moperator()[0m] Accepted new connection
[2026-09-01 03:07:21.668] [info] [[94mHttpSession.cpp[0m:[95m96[0m [96mhandleRequest[0m] Got request: GET /ndt/get_graph_data
[2026-09-01 03:07:21.668] [info] [[94mHttpSession.cpp[0m:[95m531[0m [96mhandleGetGraphData[0m] Handle Get Graph Data
[2026-09-01 03:07:21.686] [info] [[94mHttpSession.cpp[0m:[95m576[0m [96mhandleGetGraphData[0m] get_graph_data success
[2026-09-01 03:07:21.917] [info] [[94mControllerAndOtherEventHandler.cpp[0m:[95m239[0m [96moperator()[0m] Accepted new connection
[2026-09-01 03:07:21.917] [info] [[94mHttpSession.cpp[0m:[95m96[0m [96mhandleRequest[0m] Got request: GET /ndt/get_graph_data
[2026-09-01 03:07:21.917] [info] [[94mHttpSession.cpp[0m:[95m531[0m [96mhandleGetGraphData[0m] Handle Get Graph Data
[2026-09-01 03:07:21.935] [info] [[94mHttpSession.cpp[0m:[95m576[0m [96mhandleGetGraphData[0m] get_graph_data success
[2026-09-01 03:07:22.167] [info] [[94mControllerAndOtherEventHandler.cpp[0m:[95m239[0m [96moperator()[0m] Accepted new connection
[2026-09-01 03:07:22.167] [info] [[94mHttpSession.cpp[0m:[95m96[0m [96mhandleRequest[0m] Got request: GET /ndt/get_graph_data
[2026-09-01 03:07:22.167] [info] [[94mHttpSession.cpp[0m:[95m531[0m [96mhandleGetGraphData[0m] Handle Get Graph Data
[2026-09-01 03:07:22.185] [info] [[94mHttpSession.cpp[0m:[95m576[0m [96mhandleGetGraphData[0m] get_graph_data success
[2026-09-01 03:07:22.418] [info] [[94mControllerAndOtherEventHandler.cpp[0m:[95m239[0m [96moperator()[0m] Accepted new connection
[2026-09-01 03:07:22.418] [info] [[94mHttpSession.cpp[0m:[95m96[0m [96mhandleRequest[0m] Got request: GET /ndt/get_graph_data
[2026-09-01 03:07:22.418] [info] [[94mHttpSession.cpp[0m:[95m531[0m [96mhandleGetGraphData[0m] Handle Get Graph Data
[2026-09-01 03:07:22.440] [info] [[94mHttpSession.cpp[0m:[95m576[0m [96mhandleGetGraphData[0m] get_graph_data success
[2026-09-01 03:07:22.668] [info] [[94mControllerAndOtherEventHandler.cpp[0m:[95m239[0m [96moperator()[0m] Accepted new connection
[2026-09-01 03:07:22.668] [info] [[94mHttpSession.cpp[0m:[95m96[0m [96mhandleRequest[0m] Got request: GET /ndt/get_graph_data
[2026-09-01 03:07:22.668] [info] [[94mHttpSession.cpp[0m:[95m531[0m [96mhandleGetGraphData[0m] Handle Get Graph Data
[2026-09-01 03:07:22.690] [info] [[94mHttpSession.cpp[0m:[95m576[0m [96mhandleGetGraphData[0m] get_graph_data success
[2026-09-01 03:07:22.917] [info] [[94mControllerAndOtherEventHandler.cpp[0m:[95m239[0m [96moperator()[0m] Accepted new connection
[2026-09-01 03:07:22.918] [info] [[94mHttpSession.cpp[0m:[95m96[0m [96mhandleRequest[0m] Got request: GET /ndt/get_graph_data
[2026-09-01 03:07:22.918] [info] [[94mHttpSession.cpp[0m:[95m531[0m [96mhandleGetGraphData[0m] Handle Get Graph Data
[2026-09-01 03:07:22.934] [info] [[94mHttpSession.cpp[0m:[95m576[0m [96mhandleGetGraphData[0m] get_graph_data success
[2026-09-01 03:07:23.168] [info] [[94mControllerAndOtherEventHandler.cpp[0m:[95m239[0m [96moperator()[0m] Accepted new connection
[2026-09-01 03:07:23.168] [info] [[94mHttpSession.cpp[0m:[95m96[0m [96mhandleRequest[0m] Got request: GET /ndt/get_graph_data
[2026-09-01 03:07:23.168] [info] [[94mHttpSession.cpp[0m:[95m531[0m [96mhandleGetGraphData[0m] Handle Get Graph Data
[2026-09-01 03:07:23.189] [info] [[94mHttpSession.cpp[0m:[95m576[0m [96mhandleGetGraphData[0m] get_graph_data success
[2026-09-01 03:07:23.418] [info] [[94mControllerAndOtherEventHandler.cpp[0m:[95m239[0m [96moperator()[0m] Accepted new connection
[2026-09-01 03:07:23.418] [info] [[94mHttpSession.cpp[0m:[95m96[0m [96mhandleRequest[0m] Got request: GET /ndt/get_graph_data
[2026-09-01 03:07:23.418] [info] [[94mHttpSession.cpp[0m:[95m531[0m [96mhandleGetGraphData[0m] Handle Get Graph Data
[2026-09-01 03:07:23.435] [info] [[94mHttpSession.cpp[0m:[95m576[0m [96mhandleGetGraphData[0m] get_graph_data success
[2026-09-01 03:07:23.668] [info] [[94mControllerAndOtherEventHandler.cpp[0m:[95m239[0m [96moperator()[0m] Accepted new connection
[2026-09-01 03:07:23.668] [info] [[94mHttpSession.cpp[0m:[95m96[0m [96mhandleRequest[0m] Got request: GET /ndt/get_graph_data
[2026-09-01 03:07:23.668] [info] [[94mHttpSession.cpp[0m:[95m531[0m [96mhandleGetGraphData[0m] Handle Get Graph Data
[2026-09-01 03:07:23.685] [info] [[94mHttpSession.cpp[0m:[95m576[0m [96mhandleGetGraphData[0m] get_graph_data success
[2026-09-01 03:07:23.917] [info] [[94mControllerAndOtherEventHandler.cpp[0m:[95m239[0m [96moperator()[0m] Accepted new connection
[2026-09-01 03:07:23.917] [info] [[94mHttpSession.cpp[0m:[95m96[0m [96mhandleRequest[0m] Got request: GET /ndt/get_graph_data
[2026-09-01 03:07:23.918] [info] [[94mHttpSession.cpp[0m:[95m531[0m [96mhandleGetGraphData[0m] Handle Get Graph Data
[2026-09-01 03:07:23.933] [info] [[94mHttpSession.cpp[0m:[95m576[0m [96mhandleGetGraphData[0m] get_graph_data success
[2026-09-01 03:07:24.168] [info] [[94mControllerAndOtherEventHandler.cpp[0m:[95m239[0m [96moperator()[0m] Accepted new connection
[2026-09-01 03:07:24.168] [info] [[94mHttpSession.cpp[0m:[95m96[0m [96mhandleRequest[0m] Got request: GET /ndt/get_graph_data
[2026-09-01 03:07:24.168] [info] [[94mHttpSession.cpp[0m:[95m531[0m [96mhandleGetGraphData[0m] Handle Get Graph Data
[2026-09-01 03:07:24.187] [info] [[94mHttpSession.cpp[0m:[95m576[0m [96mhandleGetGraphData[0m] get_graph_data success
[2026-09-01 03:07:24.418] [info] [[94mControllerAndOtherEventHandler.cpp[0m:[95m239[0m [96moperator()[0m] Accepted new connection
[2026-09-01 03:07:24.418] [info] [[94mHttpSession.cpp[0m:[95m96[0m [96mhandleRequest[0m] Got request: GET /ndt/get_graph_data
[2026-09-01 03:07:24.418] [info] [[94mHttpSession.cpp[0m:[95m531[0m [96mhandleGetGraphData[0m] Handle Get Graph Data
[2026-09-01 03:07:24.438] [info] [[94mHttpSession.cpp[0m:[95m576[0m [96mhandleGetGraphData[0m] get_graph_data success
[2026-09-01 03:07:24.668] [info] [[94mControllerAndOtherEventHandler.cpp[0m:[95m239[0m [96moperator()[0m] Accepted new connection
[2026-09-01 03:07:24.669] [info] [[94mHttpSession.cpp[0m:[95m96[0m [96mhandleRequest[0m] Got request: GET /ndt/get_graph_data
[2026-09-01 03:07:24.669] [info] [[94mHttpSession.cpp[0m:[95m531[0m [96mhandleGetGraphData[0m] Handle Get Graph Data
[2026-09-01 03:07:24.684] [info] [[94mHttpSession.cpp[0m:[95m576[0m [96mhandleGetGraphData[0m] get_graph_data success
[2026-09-01 03:07:24.918] [info] [[94mControllerAndOtherEventHandler.cpp[0m:[95m239[0m [96moperator()[0m] Accepted new connection
[2026-09-01 03:07:24.918] [info] [[94mHttpSession.cpp[0m:[95m96[0m [96mhandleRequest[0m] Got request: GET /ndt/get_graph_data
[2026-09-01 03:07:24.918] [info] [[94mHttpSession.cpp[0m:[95m531[0m [96mhandleGetGraphData[0m] Handle Get Graph Data
[2026-09-01 03:07:24.940] [info] [[94mHttpSession.cpp[0m:[95m576[0m [96mhandleGetGraphData[0m] get_graph_data success
[2026-09-01 03:07:25.169] [info] [[94mControllerAndOtherEventHandler.cpp[0m:[95m239[0m [96moperator()[0m] Accepted new connection
[2026-09-01 03:07:25.169] [info] [[94mHttpSession.cpp[0m:[95m96[0m [96mhandleRequest[0m] Got request: GET /ndt/get_graph_data
[2026-09-01 03:07:25.169] [info] [[94mHttpSession.cpp[0m:[95m531[0m [96mhandleGetGraphData[0m] Handle Get Graph Data
[2026-09-01 03:07:25.186] [info] [[94mHttpSession.cpp[0m:[95m576[0m [96mhandleGetGraphData[0m] get_graph_data success
[2026-09-01 03:07:25.418] [info] [[94mControllerAndOtherEventHandler.cpp[0m:[95m239[0m [96moperator()[0m] Accepted new connection
[2026-09-01 03:07:25.418] [info] [[94mHttpSession.cpp[0m:[95m96[0m [96mhandleRequest[0m] Got request: GET /ndt/get_graph_data
[2026-09-01 03:07:25.418] [info] [[94mHttpSession.cpp[0m:[95m531[0m [96mhandleGetGraphData[0m] Handle Get Graph Data
[2026-09-01 03:07:25.436] [info] [[94mHttpSession.cpp[0m:[95m576[0m [96mhandleGetGraphData[0m] get_graph_data success
[2026-09-01 03:07:25.669] [info] [[94mControllerAndOtherEventHandler.cpp[0m:[95m239[0m [96moperator()[0m] Accepted new connection
[2026-09-01 03:07:25.669] [info] [[94mHttpSession.cpp[0m:[95m96[0m [96mhandleRequest[0m] Got request: GET /ndt/get_graph_data
[2026-09-01 03:07:25.669] [info] [[94mHttpSession.cpp[0m:[95m531[0m [96mhandleGetGraphData[0m] Handle Get Graph Data
[2026-09-01 03:07:25.690] [info] [[94mHttpSession.cpp[0m:[95m576[0m [96mhandleGetGraphData[0m] get_graph_data success
[2026-09-01 03:07:25.919] [info] [[94mControllerAndOtherEventHandler.cpp[0m:[95m239[0m [96moperator()[0m] Accepted new connection
[2026-09-01 03:07:25.919] [info] [[94mHttpSession.cpp[0m:[95m96[0m [96mhandleRequest[0m] Got request: GET /ndt/get_graph_data
[2026-09-01 03:07:25.919] [info] [[94mHttpSession.cpp[0m:[95m531[0m [96mhandleGetGraphData[0m] Handle Get Graph Data
[2026-09-01 03:07:25.940] [info] [[94mHttpSession.cpp[0m:[95m576[0m [96mhandleGetGraphData[0m] get_graph_data success
[2026-09-01 03:07:26.169] [info] [[94mControllerAndOtherEventHandler.cpp[0m:[95m239[0m [96moperator()[0m] Accepted new connection
[2026-09-01 03:07:26.169] [info] [[94mHttpSession.cpp[0m:[95m96[0m [96mhandleRequest[0m] Got request: GET /ndt/get_graph_data
[2026-09-01 03:07:26.169] [info] [[94mHttpSession.cpp[0m:[95m531[0m [96mhandleGetGraphData[0m] Handle Get Graph Data
[2026-09-01 03:07:26.188] [info] [[94mHttpSession.cpp[0m:[95m576[0m [96mhandleGetGraphData[0m] get_graph_data success
[2026-09-01 03:07:26.418] [info] [[94mControllerAndOtherEventHandler.cpp[0m:[95m239[0m [96moperator()[0m] Accepted new connection
[2026-09-01 03:07:26.418] [info] [[94mHttpSession.cpp[0m:[95m96[0m [96mhandleRequest[0m] Got request: GET /ndt/get_graph_data
[2026-09-01 03:07:26.418] [info] [[94mHttpSession.cpp[0m:[95m531[0m [96mhandleGetGraphData[0m] Handle Get Graph Data
[2026-09-01 03:07:26.433] [info] [[94mHttpSession.cpp[0m:[95m576[0m [96mhandleGetGraphData[0m] get_graph_data success
[2026-09-01 03:07:26.669] [info] [[94mControllerAndOtherEventHandler.cpp[0m:[95m239[0m [96moperator()[0m] Accepted new connection
[2026-09-01 03:07:26.669] [info] [[94mHttpSession.cpp[0m:[95m96[0m [96mhandleRequest[0m] Got request: GET /ndt/get_graph_data
[2026-09-01 03:07:26.669] [info] [[94mHttpSession.cpp[0m:[95m531[0m [96mhandleGetGraphData[0m] Handle Get Graph Data
[2026-09-01 03:07:26.689] [info] [[94mHttpSession.cpp[0m:[95m576[0m [96mhandleGetGraphData[0m] get_graph_data success
[2026-09-01 03:07:26.919] [info] [[94mControllerAndOtherEventHandler.cpp[0m:[95m239[0m [96moperator()[0m] Accepted new connection
[2026-09-01 03:07:26.919] [info] [[94mHttpSession.cpp[0m:[95m96[0m [96mhandleRequest[0m] Got request: GET /ndt/get_graph_data
[2026-09-01 03:07:26.919] [info] [[94mHttpSession.cpp[0m:[95m531[0m [96mhandleGetGraphData[0m] Handle Get Graph Data
[2026-09-01 03:07:26.938] [info] [[94mHttpSession.cpp[0m:[95m576[0m [96mhandleGetGraphData[0m] get_graph_data success
[2026-09-01 03:07:27.169] [info] [[94mControllerAndOtherEventHandler.cpp[0m:[95m239[0m [96moperator()[0m] Accepted new connection
[2026-09-01 03:07:27.169] [info] [[94mHttpSession.cpp[0m:[95m96[0m [96mhandleRequest[0m] Got request: GET /ndt/get_graph_data
[2026-09-01 03:07:27.169] [info] [[94mHttpSession.cpp[0m:[95m531[0m [96mhandleGetGraphData[0m] Handle Get Graph Data
[2026-09-01 03:07:27.190] [info] [[94mHttpSession.cpp[0m:[95m576[0m [96mhandleGetGraphData[0m] get_graph_data success
[2026-09-01 03:07:27.419] [info] [[94mControllerAndOtherEventHandler.cpp[0m:[95m239[0m [96moperator()[0m] Accepted new connection
[2026-09-01 03:07:27.419] [info] [[94mHttpSession.cpp[0m:[95m96[0m [96mhandleRequest[0m] Got request: GET /ndt/get_graph_data
[2026-09-01 03:07:27.419] [info] [[94mHttpSession.cpp[0m:[95m531[0m [96mhandleGetGraphData[0m] Handle Get Graph Data
[2026-09-01 03:07:27.439] [info] [[94mHttpSession.cpp[0m:[95m576[0m [96mhandleGetGraphData[0m] get_graph_data success
[2026-09-01 03:07:27.670] [info] [[94mControllerAndOtherEventHandler.cpp[0m:[95m239[0m [96moperator()[0m] Accepted new connection
[2026-09-01 03:07:27.670] [info] [[94mHttpSession.cpp[0m:[95m96[0m [96mhandleRequest[0m] Got request: GET /ndt/get_graph_data
[2026-09-01 03:07:27.670] [info] [[94mHttpSession.cpp[0m:[95m531[0m [96mhandleGetGraphData[0m] Handle Get Graph Data
[2026-09-01 03:07:27.691] [info] [[94mHttpSession.cpp[0m:[95m576[0m [96mhandleGetGraphData[0m] get_graph_data success
[2026-09-01 03:07:27.920] [info] [[94mControllerAndOtherEventHandler.cpp[0m:[95m239[0m [96moperator()[0m] Accepted new connection
[2026-09-01 03:07:27.920] [info] [[94mHttpSession.cpp[0m:[95m96[0m [96mhandleRequest[0m] Got request: GET /ndt/get_graph_data
[2026-09-01 03:07:27.920] [info] [[94mHttpSession.cpp[0m:[95m531[0m [96mhandleGetGraphData[0m] Handle Get Graph Data
[2026-09-01 03:07:27.938] [info] [[94mHttpSession.cpp[0m:[95m576[0m [96mhandleGetGraphData[0m] get_graph_data success
[2026-09-01 03:07:28.170] [info] [[94mControllerAndOtherEventHandler.cpp[0m:[95m239[0m [96moperator()[0m] Accepted new connection
[2026-09-01 03:07:28.170] [info] [[94mHttpSession.cpp[0m:[95m96[0m [96mhandleRequest[0m] Got request: GET /ndt/get_graph_data
[2026-09-01 03:07:28.170] [info] [[94mHttpSession.cpp[0m:[95m531[0m [96mhandleGetGraphData[0m] Handle Get Graph Data
[2026-09-01 03:07:28.187] [info] [[94mHttpSession.cpp[0m:[95m576[0m [96mhandleGetGraphData[0m] get_graph_data success
[2026-09-01 03:07:28.419] [info] [[94mControllerAndOtherEventHandler.cpp[0m:[95m239[0m [96moperator()[0m] Accepted new connection
[2026-09-01 03:07:28.419] [info] [[94mHttpSession.cpp[0m:[95m96[0m [96mhandleRequest[0m] Got request: GET /ndt/get_graph_data
[2026-09-01 03:07:28.419] [info] [[94mHttpSession.cpp[0m:[95m531[0m [96mhandleGetGraphData[0m] Handle Get Graph Data
[2026-09-01 03:07:28.433] [info] [[94mHttpSession.cpp[0m:[95m576[0m [96mhandleGetGraphData[0m] get_graph_data success
[2026-09-01 03:07:28.670] [info] [[94mControllerAndOtherEventHandler.cpp[0m:[95m239[0m [96moperator()[0m] Accepted new connection
[2026-09-01 03:07:28.670] [info] [[94mHttpSession.cpp[0m:[95m96[0m [96mhandleRequest[0m] Got request: GET /ndt/get_graph_data
[2026-09-01 03:07:28.670] [info] [[94mHttpSession.cpp[0m:[95m531[0m [96mhandleGetGraphData[0m] Handle Get Graph Data
[2026-09-01 03:07:28.684] [info] [[94mHttpSession.cpp[0m:[95m576[0m [96mhandleGetGraphData[0m] get_graph_data success
[2026-09-01 03:07:28.919] [info] [[94mControllerAndOtherEventHandler.cpp[0m:[95m239[0m [96moperator()[0m] Accepted new connection
[2026-09-01 03:07:28.920] [info] [[94mHttpSession.cpp[0m:[95m96[0m [96mhandleRequest[0m] Got request: GET /ndt/get_graph_data
[2026-09-01 03:07:28.920] [info] [[94mHttpSession.cpp[0m:[95m531[0m [96mhandleGetGraphData[0m] Handle Get Graph Data
[2026-09-01 03:07:28.940] [info] [[94mHttpSession.cpp[0m:[95m576[0m [96mhandleGetGraphData[0m] get_graph_data success
[2026-09-01 03:07:29.170] [info] [[94mControllerAndOtherEventHandler.cpp[0m:[95m239[0m [96moperator()[0m] Accepted new connection
[2026-09-01 03:07:29.170] [info] [[94mHttpSession.cpp[0m:[95m96[0m [96mhandleRequest[0m] Got request: GET /ndt/get_graph_data
[2026-09-01 03:07:29.170] [info] [[94mHttpSession.cpp[0m:[95m531[0m [96mhandleGetGraphData[0m] Handle Get Graph Data
[2026-09-01 03:07:29.191] [info] [[94mHttpSession.cpp[0m:[95m576[0m [96mhandleGetGraphData[0m] get_graph_data success
[2026-09-01 03:07:29.419] [info] [[94mControllerAndOtherEventHandler.cpp[0m:[95m239[0m [96moperator()[0m] Accepted new connection
[2026-09-01 03:07:29.420] [info] [[94mHttpSession.cpp[0m:[95m96[0m [96mhandleRequest[0m] Got request: GET /ndt/get_graph_data
[2026-09-01 03:07:29.420] [info] [[94mHttpSession.cpp[0m:[95m531[0m [96mhandleGetGraphData[0m] Handle Get Graph Data
[2026-09-01 03:07:29.436] [info] [[94mHttpSession.cpp[0m:[95m576[0m [96mhandleGetGraphData[0m] get_graph_data success
[2026-09-01 03:07:29.670] [info] [[94mControllerAndOtherEventHandler.cpp[0m:[95m239[0m [96moperator()[0m] Accepted new connection
[2026-09-01 03:07:29.670] [info] [[94mHttpSession.cpp[0m:[95m96[0m [96mhandleRequest[0m] Got request: GET /ndt/get_graph_data
[2026-09-01 03:07:29.670] [info] [[94mHttpSession.cpp[0m:[95m531[0m [96mhandleGetGraphData[0m] Handle Get Graph Data
[2026-09-01 03:07:29.692] [info] [[94mHttpSession.cpp[0m:[95m576[0m [96mhandleGetGraphData[0m] get_graph_data success
[2026-09-01 03:07:29.920] [info] [[94mControllerAndOtherEventHandler.cpp[0m:[95m239[0m [96moperator()[0m] Accepted new connection
[2026-09-01 03:07:29.921] [info] [[94mHttpSession.cpp[0m:[95m96[0m [96mhandleRequest[0m] Got request: GET /ndt/get_graph_data
[2026-09-01 03:07:29.921] [info] [[94mHttpSession.cpp[0m:[95m531[0m [96mhandleGetGraphData[0m] Handle Get Graph Data
[2026-09-01 03:07:29.936] [info] [[94mHttpSession.cpp[0m:[95m576[0m [96mhandleGetGraphData[0m] get_graph_data success
[2026-09-01 03:07:30.171] [info] [[94mControllerAndOtherEventHandler.cpp[0m:[95m239[0m [96moperator()[0m] Accepted new connection
[2026-09-01 03:07:30.171] [info] [[94mHttpSession.cpp[0m:[95m96[0m [96mhandleRequest[0m] Got request: GET /ndt/get_graph_data
[2026-09-01 03:07:30.171] [info] [[94mHttpSession.cpp[0m:[95m531[0m [96mhandleGetGraphData[0m] Handle Get Graph Data
[2026-09-01 03:07:30.187] [info] [[94mHttpSession.cpp[0m:[95m576[0m [96mhandleGetGraphData[0m] get_graph_data success
[2026-09-01 03:07:30.420] [info] [[94mControllerAndOtherEventHandler.cpp[0m:[95m239[0m [96moperator()[0m] Accepted new connection
[2026-09-01 03:07:30.421] [info] [[94mHttpSession.cpp[0m:[95m96[0m [96mhandleRequest[0m] Got request: GET /ndt/get_graph_data
[2026-09-01 03:07:30.421] [info] [[94mHttpSession.cpp[0m:[95m531[0m [96mhandleGetGraphData[0m] Handle Get Graph Data
[2026-09-01 03:07:30.435] [info] [[94mHttpSession.cpp[0m:[95m576[0m [96mhandleGetGraphData[0m] get_graph_data success
[2026-09-01 03:07:30.671] [info] [[94mControllerAndOtherEventHandler.cpp[0m:[95m239[0m [96moperator()[0m] Accepted new connection
[2026-09-01 03:07:30.671] [info] [[94mHttpSession.cpp[0m:[95m96[0m [96mhandleRequest[0m] Got request: GET /ndt/get_graph_data
[2026-09-01 03:07:30.671] [info] [[94mHttpSession.cpp[0m:[95m531[0m [96mhandleGetGraphData[0m] Handle Get Graph Data
[2026-09-01 03:07:30.693] [info] [[94mHttpSession.cpp[0m:[95m576[0m [96mhandleGetGraphData[0m] get_graph_data success
[2026-09-01 03:07:30.920] [info] [[94mControllerAndOtherEventHandler.cpp[0m:[95m239[0m [96moperator()[0m] Accepted new connection
[2026-09-01 03:07:30.920] [info] [[94mHttpSession.cpp[0m:[95m96[0m [96mhandleRequest[0m] Got request: GET /ndt/get_graph_data
[2026-09-01 03:07:30.920] [info] [[94mHttpSession.cpp[0m:[95m531[0m [96mhandleGetGraphData[0m] Handle Get Graph Data
[2026-09-01 03:07:30.942] [info] [[94mHttpSession.cpp[0m:[95m576[0m [96mhandleGetGraphData[0m] get_graph_data success
[2026-09-01 03:07:31.170] [info] [[94mControllerAndOtherEventHandler.cpp[0m:[95m239[0m [96moperator()[0m] Accepted new connection
[2026-09-01 03:07:31.170] [info] [[94mHttpSession.cpp[0m:[95m96[0m [96mhandleRequest[0m] Got request: GET /ndt/get_graph_data
[2026-09-01 03:07:31.170] [info] [[94mHttpSession.cpp[0m:[95m531[0m [96mhandleGetGraphData[0m] Handle Get Graph Data
[2026-09-01 03:07:31.187] [info] [[94mHttpSession.cpp[0m:[95m576[0m [96mhandleGetGraphData[0m] get_graph_data success
[2026-09-01 03:07:31.420] [info] [[94mControllerAndOtherEventHandler.cpp[0m:[95m239[0m [96moperator()[0m] Accepted new connection
[2026-09-01 03:07:31.420] [info] [[94mHttpSession.cpp[0m:[95m96[0m [96mhandleRequest[0m] Got request: GET /ndt/get_graph_data
[2026-09-01 03:07:31.420] [info] [[94mHttpSession.cpp[0m:[95m531[0m [96mhandleGetGraphData[0m] Handle Get Graph Data
[2026-09-01 03:07:31.442] [info] [[94mHttpSession.cpp[0m:[95m576[0m [96mhandleGetGraphData[0m] get_graph_data success
[2026-09-01 03:07:31.671] [info] [[94mControllerAndOtherEventHandler.cpp[0m:[95m239[0m [96moperator()[0m] Accepted new connection
[2026-09-01 03:07:31.671] [info] [[94mHttpSession.cpp[0m:[95m96[0m [96mhandleRequest[0m] Got request: GET /ndt/get_graph_data
[2026-09-01 03:07:31.671] [info] [[94mHttpSession.cpp[0m:[95m531[0m [96mhandleGetGraphData[0m] Handle Get Graph Data
[2026-09-01 03:07:31.693] [info] [[94mHttpSession.cpp[0m:[95m576[0m [96mhandleGetGraphData[0m] get_graph_data success
[2026-09-01 03:07:31.921] [info] [[94mControllerAndOtherEventHandler.cpp[0m:[95m239[0m [96moperator()[0m] Accepted new connection
[2026-09-01 03:07:31.921] [info] [[94mHttpSession.cpp[0m:[95m96[0m [96mhandleRequest[0m] Got request: GET /ndt/get_graph_data
[2026-09-01 03:07:31.921] [info] [[94mHttpSession.cpp[0m:[95m531[0m [96mhandleGetGraphData[0m] Handle Get Graph Data
[2026-09-01 03:07:31.942] [info] [[94mHttpSession.cpp[0m:[95m576[0m [96mhandleGetGraphData[0m] get_graph_data success
[2026-09-01 03:07:32.171] [info] [[94mControllerAndOtherEventHandler.cpp[0m:[95m239[0m [96moperator()[0m] Accepted new connection
[2026-09-01 03:07:32.171] [info] [[94mHttpSession.cpp[0m:[95m96[0m [96mhandleRequest[0m] Got request: GET /ndt/get_graph_data
[2026-09-01 03:07:32.171] [info] [[94mHttpSession.cpp[0m:[95m531[0m [96mhandleGetGraphData[0m] Handle Get Graph Data
[2026-09-01 03:07:32.191] [info] [[94mHttpSession.cpp[0m:[95m576[0m [96mhandleGetGraphData[0m] get_graph_data success
[2026-09-01 03:07:32.421] [info] [[94mControllerAndOtherEventHandler.cpp[0m:[95m239[0m [96moperator()[0m] Accepted new connection
[2026-09-01 03:07:32.421] [info] [[94mHttpSession.cpp[0m:[95m96[0m [96mhandleRequest[0m] Got request: GET /ndt/get_graph_data
[2026-09-01 03:07:32.421] [info] [[94mHttpSession.cpp[0m:[95m531[0m [96mhandleGetGraphData[0m] Handle Get Graph Data
[2026-09-01 03:07:32.440] [info] [[94mHttpSession.cpp[0m:[95m576[0m [96mhandleGetGraphData[0m] get_graph_data success
[2026-09-01 03:07:32.670] [info] [[94mControllerAndOtherEventHandler.cpp[0m:[95m239[0m [96moperator()[0m] Accepted new connection
[2026-09-01 03:07:32.670] [info] [[94mHttpSession.cpp[0m:[95m96[0m [96mhandleRequest[0m] Got request: GET /ndt/get_graph_data
[2026-09-01 03:07:32.670] [info] [[94mHttpSession.cpp[0m:[95m531[0m [96mhandleGetGraphData[0m] Handle Get Graph Data
[2026-09-01 03:07:32.686] [info] [[94mHttpSession.cpp[0m:[95m576[0m [96mhandleGetGraphData[0m] get_graph_data success
[2026-09-01 03:07:32.921] [info] [[94mControllerAndOtherEventHandler.cpp[0m:[95m239[0m [96moperator()[0m] Accepted new connection
[2026-09-01 03:07:32.921] [info] [[94mHttpSession.cpp[0m:[95m96[0m [96mhandleRequest[0m] Got request: GET /ndt/get_graph_data
[2026-09-01 03:07:32.921] [info] [[94mHttpSession.cpp[0m:[95m531[0m [96mhandleGetGraphData[0m] Handle Get Graph Data
[2026-09-01 03:07:32.941] [info] [[94mHttpSession.cpp[0m:[95m576[0m [96mhandleGetGraphData[0m] get_graph_data success
[2026-09-01 03:07:33.171] [info] [[94mControllerAndOtherEventHandler.cpp[0m:[95m239[0m [96moperator()[0m] Accepted new connection
[2026-09-01 03:07:33.171] [info] [[94mHttpSession.cpp[0m:[95m96[0m [96mhandleRequest[0m] Got request: GET /ndt/get_graph_data
[2026-09-01 03:07:33.171] [info] [[94mHttpSession.cpp[0m:[95m531[0m [96mhandleGetGraphData[0m] Handle Get Graph Data
[2026-09-01 03:07:33.193] [info] [[94mHttpSession.cpp[0m:[95m576[0m [96mhandleGetGraphData[0m] get_graph_data success
[2026-09-01 03:07:33.421] [info] [[94mControllerAndOtherEventHandler.cpp[0m:[95m239[0m [96moperator()[0m] Accepted new connection
[2026-09-01 03:07:33.421] [info] [[94mHttpSession.cpp[0m:[95m96[0m [96mhandleRequest[0m] Got request: GET /ndt/get_graph_data
[2026-09-01 03:07:33.421] [info] [[94mHttpSession.cpp[0m:[95m531[0m [96mhandleGetGraphData[0m] Handle Get Graph Data
[2026-09-01 03:07:33.439] [info] [[94mHttpSession.cpp[0m:[95m576[0m [96mhandleGetGraphData[0m] get_graph_data success
[2026-09-01 03:07:33.671] [info] [[94mControllerAndOtherEventHandler.cpp[0m:[95m239[0m [96moperator()[0m] Accepted new connection
[2026-09-01 03:07:33.672] [info] [[94mHttpSession.cpp[0m:[95m96[0m [96mhandleRequest[0m] Got request: GET /ndt/get_graph_data
[2026-09-01 03:07:33.672] [info] [[94mHttpSession.cpp[0m:[95m531[0m [96mhandleGetGraphData[0m] Handle Get Graph Data
[2026-09-01 03:07:33.693] [info] [[94mHttpSession.cpp[0m:[95m576[0m [96mhandleGetGraphData[0m] get_graph_data success
[2026-09-01 03:07:33.921] [info] [[94mControllerAndOtherEventHandler.cpp[0m:[95m239[0m [96moperator()[0m] Accepted new connection
[2026-09-01 03:07:33.921] [info] [[94mHttpSession.cpp[0m:[95m96[0m [96mhandleRequest[0m] Got request: GET /ndt/get_graph_data
[2026-09-01 03:07:33.921] [info] [[94mHttpSession.cpp[0m:[95m531[0m [96mhandleGetGraphData[0m] Handle Get Graph Data
[2026-09-01 03:07:33.937] [info] [[94mHttpSession.cpp[0m:[95m576[0m [96mhandleGetGraphData[0m] get_graph_data success
[2026-09-01 03:07:34.172] [info] [[94mControllerAndOtherEventHandler.cpp[0m:[95m239[0m [96moperator()[0m] Accepted new connection
[2026-09-01 03:07:34.172] [info] [[94mHttpSession.cpp[0m:[95m96[0m [96mhandleRequest[0m] Got request: GET /ndt/get_graph_data
[2026-09-01 03:07:34.172] [info] [[94mHttpSession.cpp[0m:[95m531[0m [96mhandleGetGraphData[0m] Handle Get Graph Data
[2026-09-01 03:07:34.194] [info] [[94mHttpSession.cpp[0m:[95m576[0m [96mhandleGetGraphData[0m] get_graph_data success
[2026-09-01 03:07:34.421] [info] [[94mControllerAndOtherEventHandler.cpp[0m:[95m239[0m [96moperator()[0m] Accepted new connection
[2026-09-01 03:07:34.422] [info] [[94mHttpSession.cpp[0m:[95m96[0m [96mhandleRequest[0m] Got request: GET /ndt/get_graph_data
[2026-09-01 03:07:34.422] [info] [[94mHttpSession.cpp[0m:[95m531[0m [96mhandleGetGraphData[0m] Handle Get Graph Data
[2026-09-01 03:07:34.444] [info] [[94mHttpSession.cpp[0m:[95m576[0m [96mhandleGetGraphData[0m] get_graph_data success
[2026-09-01 03:07:34.672] [info] [[94mControllerAndOtherEventHandler.cpp[0m:[95m239[0m [96moperator()[0m] Accepted new connection
[2026-09-01 03:07:34.672] [info] [[94mHttpSession.cpp[0m:[95m96[0m [96mhandleRequest[0m] Got request: GET /ndt/get_graph_data
[2026-09-01 03:07:34.672] [info] [[94mHttpSession.cpp[0m:[95m531[0m [96mhandleGetGraphData[0m] Handle Get Graph Data
[2026-09-01 03:07:34.692] [info] [[94mHttpSession.cpp[0m:[95m576[0m [96mhandleGetGraphData[0m] get_graph_data success
[2026-09-01 03:07:34.921] [info] [[94mControllerAndOtherEventHandler.cpp[0m:[95m239[0m [96moperator()[0m] Accepted new connection
[2026-09-01 03:07:34.922] [info] [[94mHttpSession.cpp[0m:[95m96[0m [96mhandleRequest[0m] Got request: GET /ndt/get_graph_data
[2026-09-01 03:07:34.922] [info] [[94mHttpSession.cpp[0m:[95m531[0m [96mhandleGetGraphData[0m] Handle Get Graph Data
[2026-09-01 03:07:34.943] [info] [[94mHttpSession.cpp[0m:[95m576[0m [96mhandleGetGraphData[0m] get_graph_data success
[2026-09-01 03:07:35.172] [info] [[94mControllerAndOtherEventHandler.cpp[0m:[95m239[0m [96moperator()[0m] Accepted new connection
[2026-09-01 03:07:35.172] [info] [[94mHttpSession.cpp[0m:[95m96[0m [96mhandleRequest[0m] Got request: GET /ndt/get_graph_data
[2026-09-01 03:07:35.172] [info] [[94mHttpSession.cpp[0m:[95m531[0m [96mhandleGetGraphData[0m] Handle Get Graph Data
[2026-09-01 03:07:35.194] [info] [[94mHttpSession.cpp[0m:[95m576[0m [96mhandleGetGraphData[0m] get_graph_data success
[2026-09-01 03:07:35.422] [info] [[94mControllerAndOtherEventHandler.cpp[0m:[95m239[0m [96moperator()[0m] Accepted new connection
[2026-09-01 03:07:35.422] [info] [[94mHttpSession.cpp[0m:[95m96[0m [96mhandleRequest[0m] Got request: GET /ndt/get_graph_data
[2026-09-01 03:07:35.422] [info] [[94mHttpSession.cpp[0m:[95m531[0m [96mhandleGetGraphData[0m] Handle Get Graph Data
[2026-09-01 03:07:35.439] [info] [[94mHttpSession.cpp[0m:[95m576[0m [96mhandleGetGraphData[0m] get_graph_data success
[2026-09-01 03:07:35.672] [info] [[94mControllerAndOtherEventHandler.cpp[0m:[95m239[0m [96moperator()[0m] Accepted new connection
[2026-09-01 03:07:35.672] [info] [[94mHttpSession.cpp[0m:[95m96[0m [96mhandleRequest[0m] Got request: GET /ndt/get_graph_data
[2026-09-01 03:07:35.672] [info] [[94mHttpSession.cpp[0m:[95m531[0m [96mhandleGetGraphData[0m] Handle Get Graph Data
[2026-09-01 03:07:35.693] [info] [[94mHttpSession.cpp[0m:[95m576[0m [96mhandleGetGraphData[0m] get_graph_data success
[2026-09-01 03:07:35.922] [info] [[94mControllerAndOtherEventHandler.cpp[0m:[95m239[0m [96moperator()[0m] Accepted new connection
[2026-09-01 03:07:35.922] [info] [[94mHttpSession.cpp[0m:[95m96[0m [96mhandleRequest[0m] Got request: GET /ndt/get_graph_data
[2026-09-01 03:07:35.922] [info] [[94mHttpSession.cpp[0m:[95m531[0m [96mhandleGetGraphData[0m] Handle Get Graph Data
[2026-09-01 03:07:35.943] [info] [[94mHttpSession.cpp[0m:[95m576[0m [96mhandleGetGraphData[0m] get_graph_data success
[2026-09-01 03:07:36.172] [info] [[94mControllerAndOtherEventHandler.cpp[0m:[95m239[0m [96moperator()[0m] Accepted new connection
[2026-09-01 03:07:36.173] [info] [[94mHttpSession.cpp[0m:[95m96[0m [96mhandleRequest[0m] Got request: GET /ndt/get_graph_data
[2026-09-01 03:07:36.173] [info] [[94mHttpSession.cpp[0m:[95m531[0m [96mhandleGetGraphData[0m] Handle Get Graph Data
[2026-09-01 03:07:36.189] [info] [[94mHttpSession.cpp[0m:[95m576[0m [96mhandleGetGraphData[0m] get_graph_data success
[2026-09-01 03:07:36.422] [info] [[94mControllerAndOtherEventHandler.cpp[0m:[95m239[0m [96moperator()[0m] Accepted new connection
[2026-09-01 03:07:36.423] [info] [[94mHttpSession.cpp[0m:[95m96[0m [96mhandleRequest[0m] Got request: GET /ndt/get_graph_data
[2026-09-01 03:07:36.423] [info] [[94mHttpSession.cpp[0m:[95m531[0m [96mhandleGetGraphData[0m] Handle Get Graph Data
[2026-09-01 03:07:36.439] [info] [[94mHttpSession.cpp[0m:[95m576[0m [96mhandleGetGraphData[0m] get_graph_data success
[2026-09-01 03:07:36.673] [info] [[94mControllerAndOtherEventHandler.cpp[0m:[95m239[0m [96moperator()[0m] Accepted new connection
[2026-09-01 03:07:36.673] [info] [[94mHttpSession.cpp[0m:[95m96[0m [96mhandleRequest[0m] Got request: GET /ndt/get_graph_data
[2026-09-01 03:07:36.673] [info] [[94mHttpSession.cpp[0m:[95m531[0m [96mhandleGetGraphData[0m] Handle Get Graph Data
[2026-09-01 03:07:36.686] [info] [[94mHttpSession.cpp[0m:[95m576[0m [96mhandleGetGraphData[0m] get_graph_data success
[2026-09-01 03:07:36.922] [info] [[94mControllerAndOtherEventHandler.cpp[0m:[95m239[0m [96moperator()[0m] Accepted new connection
[2026-09-01 03:07:36.922] [info] [[94mHttpSession.cpp[0m:[95m96[0m [96mhandleRequest[0m] Got request: GET /ndt/get_graph_data
[2026-09-01 03:07:36.922] [info] [[94mHttpSession.cpp[0m:[95m531[0m [96mhandleGetGraphData[0m] Handle Get Graph Data
[2026-09-01 03:07:36.938] [info] [[94mHttpSession.cpp[0m:[95m576[0m [96mhandleGetGraphData[0m] get_graph_data success
[2026-09-01 03:07:37.173] [info] [[94mControllerAndOtherEventHandler.cpp[0m:[95m239[0m [96moperator()[0m] Accepted new connection
[2026-09-01 03:07:37.173] [info] [[94mHttpSession.cpp[0m:[95m96[0m [96mhandleRequest[0m] Got request: GET /ndt/get_graph_data
[2026-09-01 03:07:37.173] [info] [[94mHttpSession.cpp[0m:[95m531[0m [96mhandleGetGraphData[0m] Handle Get Graph Data
[2026-09-01 03:07:37.194] [info] [[94mHttpSession.cpp[0m:[95m576[0m [96mhandleGetGraphData[0m] get_graph_data success
[2026-09-01 03:07:37.422] [info] [[94mControllerAndOtherEventHandler.cpp[0m:[95m239[0m [96moperator()[0m] Accepted new connection
[2026-09-01 03:07:37.423] [info] [[94mHttpSession.cpp[0m:[95m96[0m [96mhandleRequest[0m] Got request: GET /ndt/get_graph_data
[2026-09-01 03:07:37.423] [info] [[94mHttpSession.cpp[0m:[95m531[0m [96mhandleGetGraphData[0m] Handle Get Graph Data
[2026-09-01 03:07:37.439] [info] [[94mHttpSession.cpp[0m:[95m576[0m [96mhandleGetGraphData[0m] get_graph_data success
[2026-09-01 03:07:37.672] [info] [[94mControllerAndOtherEventHandler.cpp[0m:[95m239[0m [96moperator()[0m] Accepted new connection
[2026-09-01 03:07:37.672] [info] [[94mHttpSession.cpp[0m:[95m96[0m [96mhandleRequest[0m] Got request: GET /ndt/get_graph_data
[2026-09-01 03:07:37.672] [info] [[94mHttpSession.cpp[0m:[95m531[0m [96mhandleGetGraphData[0m] Handle Get Graph Data
[2026-09-01 03:07:37.693] [info] [[94mHttpSession.cpp[0m:[95m576[0m [96mhandleGetGraphData[0m] get_graph_data success
[2026-09-01 03:07:37.923] [info] [[94mControllerAndOtherEventHandler.cpp[0m:[95m239[0m [96moperator()[0m] Accepted new connection
[2026-09-01 03:07:37.923] [info] [[94mHttpSession.cpp[0m:[95m96[0m [96mhandleRequest[0m] Got request: GET /ndt/get_graph_data
[2026-09-01 03:07:37.923] [info] [[94mHttpSession.cpp[0m:[95m531[0m [96mhandleGetGraphData[0m] Handle Get Graph Data
[2026-09-01 03:07:37.939] [info] [[94mHttpSession.cpp[0m:[95m576[0m [96mhandleGetGraphData[0m] get_graph_data success
[2026-09-01 03:07:38.172] [info] [[94mControllerAndOtherEventHandler.cpp[0m:[95m239[0m [96moperator()[0m] Accepted new connection
[2026-09-01 03:07:38.172] [info] [[94mHttpSession.cpp[0m:[95m96[0m [96mhandleRequest[0m] Got request: GET /ndt/get_graph_data
[2026-09-01 03:07:38.172] [info] [[94mHttpSession.cpp[0m:[95m531[0m [96mhandleGetGraphData[0m] Handle Get Graph Data
[2026-09-01 03:07:38.191] [info] [[94mHttpSession.cpp[0m:[95m576[0m [96mhandleGetGraphData[0m] get_graph_data success
[2026-09-01 03:07:38.423] [info] [[94mControllerAndOtherEventHandler.cpp[0m:[95m239[0m [96moperator()[0m] Accepted new connection
[2026-09-01 03:07:38.423] [info] [[94mHttpSession.cpp[0m:[95m96[0m [96mhandleRequest[0m] Got request: GET /ndt/get_graph_data
[2026-09-01 03:07:38.423] [info] [[94mHttpSession.cpp[0m:[95m531[0m [96mhandleGetGraphData[0m] Handle Get Graph Data
[2026-09-01 03:07:38.444] [info] [[94mHttpSession.cpp[0m:[95m576[0m [96mhandleGetGraphData[0m] get_graph_data success
[2026-09-01 03:07:38.673] [info] [[94mControllerAndOtherEventHandler.cpp[0m:[95m239[0m [96moperator()[0m] Accepted new connection
[2026-09-01 03:07:38.673] [info] [[94mHttpSession.cpp[0m:[95m96[0m [96mhandleRequest[0m] Got request: GET /ndt/get_graph_data
[2026-09-01 03:07:38.673] [info] [[94mHttpSession.cpp[0m:[95m531[0m [96mhandleGetGraphData[0m] Handle Get Graph Data
[2026-09-01 03:07:38.688] [info] [[94mHttpSession.cpp[0m:[95m576[0m [96mhandleGetGraphData[0m] get_graph_data success
[2026-09-01 03:07:38.923] [info] [[94mControllerAndOtherEventHandler.cpp[0m:[95m239[0m [96moperator()[0m] Accepted new connection
[2026-09-01 03:07:38.923] [info] [[94mHttpSession.cpp[0m:[95m96[0m [96mhandleRequest[0m] Got request: GET /ndt/get_graph_data
[2026-09-01 03:07:38.923] [info] [[94mHttpSession.cpp[0m:[95m531[0m [96mhandleGetGraphData[0m] Handle Get Graph Data
[2026-09-01 03:07:38.944] [info] [[94mHttpSession.cpp[0m:[95m576[0m [96mhandleGetGraphData[0m] get_graph_data success
[2026-09-01 03:07:39.173] [info] [[94mControllerAndOtherEventHandler.cpp[0m:[95m239[0m [96moperator()[0m] Accepted new connection
[2026-09-01 03:07:39.173] [info] [[94mHttpSession.cpp[0m:[95m96[0m [96mhandleRequest[0m] Got request: GET /ndt/get_graph_data
[2026-09-01 03:07:39.173] [info] [[94mHttpSession.cpp[0m:[95m531[0m [96mhandleGetGraphData[0m] Handle Get Graph Data
[2026-09-01 03:07:39.189] [info] [[94mHttpSession.cpp[0m:[95m576[0m [96mhandleGetGraphData[0m] get_graph_data success
[2026-09-01 03:07:39.423] [info] [[94mControllerAndOtherEventHandler.cpp[0m:[95m239[0m [96moperator()[0m] Accepted new connection
[2026-09-01 03:07:39.424] [info] [[94mHttpSession.cpp[0m:[95m96[0m [96mhandleRequest[0m] Got request: GET /ndt/get_graph_data
[2026-09-01 03:07:39.424] [info] [[94mHttpSession.cpp[0m:[95m531[0m [96mhandleGetGraphData[0m] Handle Get Graph Data
[2026-09-01 03:07:39.440] [info] [[94mHttpSession.cpp[0m:[95m576[0m [96mhandleGetGraphData[0m] get_graph_data success
[2026-09-01 03:07:39.673] [info] [[94mControllerAndOtherEventHandler.cpp[0m:[95m239[0m [96moperator()[0m] Accepted new connection
[2026-09-01 03:07:39.674] [info] [[94mHttpSession.cpp[0m:[95m96[0m [96mhandleRequest[0m] Got request: GET /ndt/get_graph_data
[2026-09-01 03:07:39.674] [info] [[94mHttpSession.cpp[0m:[95m531[0m [96mhandleGetGraphData[0m] Handle Get Graph Data
[2026-09-01 03:07:39.694] [info] [[94mHttpSession.cpp[0m:[95m576[0m [96mhandleGetGraphData[0m] get_graph_data success
[2026-09-01 03:07:39.924] [info] [[94mControllerAndOtherEventHandler.cpp[0m:[95m239[0m [96moperator()[0m] Accepted new connection
[2026-09-01 03:07:39.924] [info] [[94mHttpSession.cpp[0m:[95m96[0m [96mhandleRequest[0m] Got request: GET /ndt/get_graph_data
[2026-09-01 03:07:39.924] [info] [[94mHttpSession.cpp[0m:[95m531[0m [96mhandleGetGraphData[0m] Handle Get Graph Data
[2026-09-01 03:07:39.946] [info] [[94mHttpSession.cpp[0m:[95m576[0m [96mhandleGetGraphData[0m] get_graph_data success
[2026-09-01 03:07:40.174] [info] [[94mControllerAndOtherEventHandler.cpp[0m:[95m239[0m [96moperator()[0m] Accepted new connection
[2026-09-01 03:07:40.174] [info] [[94mHttpSession.cpp[0m:[95m96[0m [96mhandleRequest[0m] Got request: GET /ndt/get_graph_data
[2026-09-01 03:07:40.174] [info] [[94mHttpSession.cpp[0m:[95m531[0m [96mhandleGetGraphData[0m] Handle Get Graph Data
[2026-09-01 03:07:40.191] [info] [[94mHttpSession.cpp[0m:[95m576[0m [96mhandleGetGraphData[0m] get_graph_data success
[2026-09-01 03:07:40.424] [info] [[94mControllerAndOtherEventHandler.cpp[0m:[95m239[0m [96moperator()[0m] Accepted new connection
[2026-09-01 03:07:40.424] [info] [[94mHttpSession.cpp[0m:[95m96[0m [96mhandleRequest[0m] Got request: GET /ndt/get_graph_data
[2026-09-01 03:07:40.424] [info] [[94mHttpSession.cpp[0m:[95m531[0m [96mhandleGetGraphData[0m] Handle Get Graph Data
[2026-09-01 03:07:40.444] [info] [[94mHttpSession.cpp[0m:[95m576[0m [96mhandleGetGraphData[0m] get_graph_data success
[2026-09-01 03:07:40.674] [info] [[94mControllerAndOtherEventHandler.cpp[0m:[95m239[0m [96moperator()[0m] Accepted new connection
[2026-09-01 03:07:40.674] [info] [[94mHttpSession.cpp[0m:[95m96[0m [96mhandleRequest[0m] Got request: GET /ndt/get_graph_data
[2026-09-01 03:07:40.674] [info] [[94mHttpSession.cpp[0m:[95m531[0m [96mhandleGetGraphData[0m] Handle Get Graph Data
[2026-09-01 03:07:40.694] [info] [[94mHttpSession.cpp[0m:[95m576[0m [96mhandleGetGraphData[0m] get_graph_data success
[2026-09-01 03:07:40.924] [info] [[94mControllerAndOtherEventHandler.cpp[0m:[95m239[0m [96moperator()[0m] Accepted new connection
[2026-09-01 03:07:40.924] [info] [[94mHttpSession.cpp[0m:[95m96[0m [96mhandleRequest[0m] Got request: GET /ndt/get_graph_data
[2026-09-01 03:07:40.924] [info] [[94mHttpSession.cpp[0m:[95m531[0m [96mhandleGetGraphData[0m] Handle Get Graph Data
[2026-09-01 03:07:40.946] [info] [[94mHttpSession.cpp[0m:[95m576[0m [96mhandleGetGraphData[0m] get_graph_data success
[2026-09-01 03:07:41.174] [info] [[94mControllerAndOtherEventHandler.cpp[0m:[95m239[0m [96moperator()[0m] Accepted new connection
[2026-09-01 03:07:41.174] [info] [[94mHttpSession.cpp[0m:[95m96[0m [96mhandleRequest[0m] Got request: GET /ndt/get_graph_data
[2026-09-01 03:07:41.174] [info] [[94mHttpSession.cpp[0m:[95m531[0m [96mhandleGetGraphData[0m] Handle Get Graph Data
[2026-09-01 03:07:41.196] [info] [[94mHttpSession.cpp[0m:[95m576[0m [96mhandleGetGraphData[0m] get_graph_data success
[2026-09-01 03:07:41.424] [info] [[94mControllerAndOtherEventHandler.cpp[0m:[95m239[0m [96moperator()[0m] Accepted new connection
[2026-09-01 03:07:41.424] [info] [[94mHttpSession.cpp[0m:[95m96[0m [96mhandleRequest[0m] Got request: GET /ndt/get_graph_data
[2026-09-01 03:07:41.424] [info] [[94mHttpSession.cpp[0m:[95m531[0m [96mhandleGetGraphData[0m] Handle Get Graph Data
[2026-09-01 03:07:41.438] [info] [[94mHttpSession.cpp[0m:[95m576[0m [96mhandleGetGraphData[0m] get_graph_data success
[2026-09-01 03:07:41.674] [info] [[94mControllerAndOtherEventHandler.cpp[0m:[95m239[0m [96moperator()[0m] Accepted new connection
[2026-09-01 03:07:41.674] [info] [[94mHttpSession.cpp[0m:[95m96[0m [96mhandleRequest[0m] Got request: GET /ndt/get_graph_data
[2026-09-01 03:07:41.674] [info] [[94mHttpSession.cpp[0m:[95m531[0m [96mhandleGetGraphData[0m] Handle Get Graph Data
[2026-09-01 03:07:41.695] [info] [[94mHttpSession.cpp[0m:[95m576[0m [96mhandleGetGraphData[0m] get_graph_data success
[2026-09-01 03:07:41.924] [info] [[94mControllerAndOtherEventHandler.cpp[0m:[95m239[0m [96moperator()[0m] Accepted new connection
[2026-09-01 03:07:41.924] [info] [[94mHttpSession.cpp[0m:[95m96[0m [96mhandleRequest[0m] Got request: GET /ndt/get_graph_data
[2026-09-01 03:07:41.924] [info] [[94mHttpSession.cpp[0m:[95m531[0m [96mhandleGetGraphData[0m] Handle Get Graph Data
[2026-09-01 03:07:41.945] [info] [[94mHttpSession.cpp[0m:[95m576[0m [96mhandleGetGraphData[0m] get_graph_data success
[2026-09-01 03:07:42.174] [info] [[94mControllerAndOtherEventHandler.cpp[0m:[95m239[0m [96moperator()[0m] Accepted new connection
[2026-09-01 03:07:42.174] [info] [[94mHttpSession.cpp[0m:[95m96[0m [96mhandleRequest[0m] Got request: GET /ndt/get_graph_data
[2026-09-01 03:07:42.175] [info] [[94mHttpSession.cpp[0m:[95m531[0m [96mhandleGetGraphData[0m] Handle Get Graph Data
[2026-09-01 03:07:42.194] [info] [[94mHttpSession.cpp[0m:[95m576[0m [96mhandleGetGraphData[0m] get_graph_data success
[2026-09-01 03:07:42.424] [info] [[94mControllerAndOtherEventHandler.cpp[0m:[95m239[0m [96moperator()[0m] Accepted new connection
[2026-09-01 03:07:42.425] [info] [[94mHttpSession.cpp[0m:[95m96[0m [96mhandleRequest[0m] Got request: GET /ndt/get_graph_data
[2026-09-01 03:07:42.425] [info] [[94mHttpSession.cpp[0m:[95m531[0m [96mhandleGetGraphData[0m] Handle Get Graph Data
[2026-09-01 03:07:42.445] [info] [[94mHttpSession.cpp[0m:[95m576[0m [96mhandleGetGraphData[0m] get_graph_data success
[2026-09-01 03:07:42.674] [info] [[94mControllerAndOtherEventHandler.cpp[0m:[95m239[0m [96moperator()[0m] Accepted new connection
[2026-09-01 03:07:42.675] [info] [[94mHttpSession.cpp[0m:[95m96[0m [96mhandleRequest[0m] Got request: GET /ndt/get_graph_data
[2026-09-01 03:07:42.675] [info] [[94mHttpSession.cpp[0m:[95m531[0m [96mhandleGetGraphData[0m] Handle Get Graph Data
[2026-09-01 03:07:42.691] [info] [[94mHttpSession.cpp[0m:[95m576[0m [96mhandleGetGraphData[0m] get_graph_data success
[2026-09-01 03:07:42.925] [info] [[94mControllerAndOtherEventHandler.cpp[0m:[95m239[0m [96moperator()[0m] Accepted new connection
[2026-09-01 03:07:42.925] [info] [[94mHttpSession.cpp[0m:[95m96[0m [96mhandleRequest[0m] Got request: GET /ndt/get_graph_data
[2026-09-01 03:07:42.925] [info] [[94mHttpSession.cpp[0m:[95m531[0m [96mhandleGetGraphData[0m] Handle Get Graph Data
[2026-09-01 03:07:42.943] [info] [[94mHttpSession.cpp[0m:[95m576[0m [96mhandleGetGraphData[0m] get_graph_data success
[2026-09-01 03:07:43.174] [info] [[94mControllerAndOtherEventHandler.cpp[0m:[95m239[0m [96moperator()[0m] Accepted new connection
[2026-09-01 03:07:43.175] [info] [[94mHttpSession.cpp[0m:[95m96[0m [96mhandleRequest[0m] Got request: GET /ndt/get_graph_data
[2026-09-01 03:07:43.175] [info] [[94mHttpSession.cpp[0m:[95m531[0m [96mhandleGetGraphData[0m] Handle Get Graph Data
[2026-09-01 03:07:43.195] [info] [[94mHttpSession.cpp[0m:[95m576[0m [96mhandleGetGraphData[0m] get_graph_data success
[2026-09-01 03:07:43.425] [info] [[94mControllerAndOtherEventHandler.cpp[0m:[95m239[0m [96moperator()[0m] Accepted new connection
[2026-09-01 03:07:43.425] [info] [[94mHttpSession.cpp[0m:[95m96[0m [96mhandleRequest[0m] Got request: GET /ndt/get_graph_data
[2026-09-01 03:07:43.425] [info] [[94mHttpSession.cpp[0m:[95m531[0m [96mhandleGetGraphData[0m] Handle Get Graph Data
[2026-09-01 03:07:43.440] [info] [[94mHttpSession.cpp[0m:[95m576[0m [96mhandleGetGraphData[0m] get_graph_data success
[2026-09-01 03:07:43.675] [info] [[94mControllerAndOtherEventHandler.cpp[0m:[95m239[0m [96moperator()[0m] Accepted new connection
[2026-09-01 03:07:43.675] [info] [[94mHttpSession.cpp[0m:[95m96[0m [96mhandleRequest[0m] Got request: GET /ndt/get_graph_data
[2026-09-01 03:07:43.675] [info] [[94mHttpSession.cpp[0m:[95m531[0m [96mhandleGetGraphData[0m] Handle Get Graph Data
[2026-09-01 03:07:43.691] [info] [[94mHttpSession.cpp[0m:[95m576[0m [96mhandleGetGraphData[0m] get_graph_data success
[2026-09-01 03:07:43.925] [info] [[94mControllerAndOtherEventHandler.cpp[0m:[95m239[0m [96moperator()[0m] Accepted new connection
[2026-09-01 03:07:43.925] [info] [[94mHttpSession.cpp[0m:[95m96[0m [96mhandleRequest[0m] Got request: GET /ndt/get_graph_data
[2026-09-01 03:07:43.925] [info] [[94mHttpSession.cpp[0m:[95m531[0m [96mhandleGetGraphData[0m] Handle Get Graph Data
[2026-09-01 03:07:43.942] [info] [[94mHttpSession.cpp[0m:[95m576[0m [96mhandleGetGraphData[0m] get_graph_data success
[2026-09-01 03:07:44.175] [info] [[94mControllerAndOtherEventHandler.cpp[0m:[95m239[0m [96moperator()[0m] Accepted new connection
[2026-09-01 03:07:44.175] [info] [[94mHttpSession.cpp[0m:[95m96[0m [96mhandleRequest[0m] Got request: GET /ndt/get_graph_data
[2026-09-01 03:07:44.175] [info] [[94mHttpSession.cpp[0m:[95m531[0m [96mhandleGetGraphData[0m] Handle Get Graph Data
[2026-09-01 03:07:44.193] [info] [[94mHttpSession.cpp[0m:[95m576[0m [96mhandleGetGraphData[0m] get_graph_data success
[2026-09-01 03:07:44.425] [info] [[94mControllerAndOtherEventHandler.cpp[0m:[95m239[0m [96moperator()[0m] Accepted new connection
[2026-09-01 03:07:44.425] [info] [[94mHttpSession.cpp[0m:[95m96[0m [96mhandleRequest[0m] Got request: GET /ndt/get_graph_data
[2026-09-01 03:07:44.425] [info] [[94mHttpSession.cpp[0m:[95m531[0m [96mhandleGetGraphData[0m] Handle Get Graph Data
[2026-09-01 03:07:44.439] [info] [[94mHttpSession.cpp[0m:[95m576[0m [96mhandleGetGraphData[0m] get_graph_data success
[2026-09-01 03:07:44.675] [info] [[94mControllerAndOtherEventHandler.cpp[0m:[95m239[0m [96moperator()[0m] Accepted new connection
[2026-09-01 03:07:44.675] [info] [[94mHttpSession.cpp[0m:[95m96[0m [96mhandleRequest[0m] Got request: GET /ndt/get_graph_data
[2026-09-01 03:07:44.675] [info] [[94mHttpSession.cpp[0m:[95m531[0m [96mhandleGetGraphData[0m] Handle Get Graph Data
[2026-09-01 03:07:44.693] [info] [[94mHttpSession.cpp[0m:[95m576[0m [96mhandleGetGraphData[0m] get_graph_data success
[2026-09-01 03:07:44.925] [info] [[94mControllerAndOtherEventHandler.cpp[0m:[95m239[0m [96moperator()[0m] Accepted new connection
[2026-09-01 03:07:44.925] [info] [[94mHttpSession.cpp[0m:[95m96[0m [96mhandleRequest[0m] Got request: GET /ndt/get_graph_data
[2026-09-01 03:07:44.925] [info] [[94mHttpSession.cpp[0m:[95m531[0m [96mhandleGetGraphData[0m] Handle Get Graph Data
[2026-09-01 03:07:44.942] [info] [[94mHttpSession.cpp[0m:[95m576[0m [96mhandleGetGraphData[0m] get_graph_data success
[2026-09-01 03:07:45.175] [info] [[94mControllerAndOtherEventHandler.cpp[0m:[95m239[0m [96moperator()[0m] Accepted new connection
[2026-09-01 03:07:45.175] [info] [[94mHttpSession.cpp[0m:[95m96[0m [96mhandleRequest[0m] Got request: GET /ndt/get_graph_data
[2026-09-01 03:07:45.175] [info] [[94mHttpSession.cpp[0m:[95m531[0m [96mhandleGetGraphData[0m] Handle Get Graph Data
[2026-09-01 03:07:45.191] [info] [[94mHttpSession.cpp[0m:[95m576[0m [96mhandleGetGraphData[0m] get_graph_data success
[2026-09-01 03:07:45.425] [info] [[94mControllerAndOtherEventHandler.cpp[0m:[95m239[0m [96moperator()[0m] Accepted new connection
[2026-09-01 03:07:45.425] [info] [[94mHttpSession.cpp[0m:[95m96[0m [96mhandleRequest[0m] Got request: GET /ndt/get_graph_data
[2026-09-01 03:07:45.425] [info] [[94mHttpSession.cpp[0m:[95m531[0m [96mhandleGetGraphData[0m] Handle Get Graph Data
[2026-09-01 03:07:45.446] [info] [[94mHttpSession.cpp[0m:[95m576[0m [96mhandleGetGraphData[0m] get_graph_data success
[2026-09-01 03:07:45.675] [info] [[94mControllerAndOtherEventHandler.cpp[0m:[95m239[0m [96moperator()[0m] Accepted new connection
[2026-09-01 03:07:45.675] [info] [[94mHttpSession.cpp[0m:[95m96[0m [96mhandleRequest[0m] Got request: GET /ndt/get_graph_data
[2026-09-01 03:07:45.675] [info] [[94mHttpSession.cpp[0m:[95m531[0m [96mhandleGetGraphData[0m] Handle Get Graph Data
[2026-09-01 03:07:45.695] [info] [[94mHttpSession.cpp[0m:[95m576[0m [96mhandleGetGraphData[0m] get_graph_data success
[2026-09-01 03:07:45.926] [info] [[94mControllerAndOtherEventHandler.cpp[0m:[95m239[0m [96moperator()[0m] Accepted new connection
[2026-09-01 03:07:45.926] [info] [[94mHttpSession.cpp[0m:[95m96[0m [96mhandleRequest[0m] Got request: GET /ndt/get_graph_data
[2026-09-01 03:07:45.926] [info] [[94mHttpSession.cpp[0m:[95m531[0m [96mhandleGetGraphData[0m] Handle Get Graph Data
[2026-09-01 03:07:45.947] [info] [[94mHttpSession.cpp[0m:[95m576[0m [96mhandleGetGraphData[0m] get_graph_data success
[2026-09-01 03:07:46.175] [info] [[94mControllerAndOtherEventHandler.cpp[0m:[95m239[0m [96moperator()[0m] Accepted new connection
[2026-09-01 03:07:46.175] [info] [[94mHttpSession.cpp[0m:[95m96[0m [96mhandleRequest[0m] Got request: GET /ndt/get_graph_data
[2026-09-01 03:07:46.175] [info] [[94mHttpSession.cpp[0m:[95m531[0m [96mhandleGetGraphData[0m] Handle Get Graph Data
[2026-09-01 03:07:46.198] [info] [[94mHttpSession.cpp[0m:[95m576[0m [96mhandleGetGraphData[0m] get_graph_data success
[2026-09-01 03:07:46.403] [info] [[94mFlowLinkUsageCollector.cpp[0m:[95m1807[0m [96mcalAvgFlowSendingRatesPeriodically[0m] rate loop period: last 30 iters mean 1001.5 ms | since start (179 iters) mean 1001.2 ms, min 1000.1, max 1004.3 (flows=1, counters=4) -- the LAST-N figure is the current denominator; the since-start one lags it
[2026-09-01 03:07:46.404] [info] [[94mFlowLinkUsageCollector.cpp[0m:[95m2016[0m [96mcalAvgFlowSendingRatesPeriodically[0m] rate divisor check: measured_interval_s=1.001675 divisor_used_s=1.001675 (ticket Q gate: these must agree to 1%; a negative divisor means no rate has been published yet, which is not a pass)
[2026-09-01 03:07:46.425] [info] [[94mControllerAndOtherEventHandler.cpp[0m:[95m239[0m [96moperator()[0m] Accepted new connection
[2026-09-01 03:07:46.425] [info] [[94mHttpSession.cpp[0m:[95m96[0m [96mhandleRequest[0m] Got request: GET /ndt/get_graph_data
[2026-09-01 03:07:46.425] [info] [[94mHttpSession.cpp[0m:[95m531[0m [96mhandleGetGraphData[0m] Handle Get Graph Data
[2026-09-01 03:07:46.444] [info] [[94mHttpSession.cpp[0m:[95m576[0m [96mhandleGetGraphData[0m] get_graph_data success
[2026-09-01 03:07:46.675] [info] [[94mControllerAndOtherEventHandler.cpp[0m:[95m239[0m [96moperator()[0m] Accepted new connection
[2026-09-01 03:07:46.675] [info] [[94mHttpSession.cpp[0m:[95m96[0m [96mhandleRequest[0m] Got request: GET /ndt/get_graph_data
[2026-09-01 03:07:46.675] [info] [[94mHttpSession.cpp[0m:[95m531[0m [96mhandleGetGraphData[0m] Handle Get Graph Data
[2026-09-01 03:07:46.697] [info] [[94mHttpSession.cpp[0m:[95m576[0m [96mhandleGetGraphData[0m] get_graph_data success
[2026-09-01 03:07:46.926] [info] [[94mControllerAndOtherEventHandler.cpp[0m:[95m239[0m [96moperator()[0m] Accepted new connection
[2026-09-01 03:07:46.926] [info] [[94mHttpSession.cpp[0m:[95m96[0m [96mhandleRequest[0m] Got request: GET /ndt/get_graph_data
[2026-09-01 03:07:46.926] [info] [[94mHttpSession.cpp[0m:[95m531[0m [96mhandleGetGraphData[0m] Handle Get Graph Data
[2026-09-01 03:07:46.948] [info] [[94mHttpSession.cpp[0m:[95m576[0m [96mhandleGetGraphData[0m] get_graph_data success
[2026-09-01 03:07:47.175] [info] [[94mControllerAndOtherEventHandler.cpp[0m:[95m239[0m [96moperator()[0m] Accepted new connection
[2026-09-01 03:07:47.176] [info] [[94mHttpSession.cpp[0m:[95m96[0m [96mhandleRequest[0m] Got request: GET /ndt/get_graph_data
[2026-09-01 03:07:47.176] [info] [[94mHttpSession.cpp[0m:[95m531[0m [96mhandleGetGraphData[0m] Handle Get Graph Data
[2026-09-01 03:07:47.197] [info] [[94mHttpSession.cpp[0m:[95m576[0m [96mhandleGetGraphData[0m] get_graph_data success
[2026-09-01 03:07:47.426] [info] [[94mControllerAndOtherEventHandler.cpp[0m:[95m239[0m [96moperator()[0m] Accepted new connection
[2026-09-01 03:07:47.426] [info] [[94mHttpSession.cpp[0m:[95m96[0m [96mhandleRequest[0m] Got request: GET /ndt/get_graph_data
[2026-09-01 03:07:47.426] [info] [[94mHttpSession.cpp[0m:[95m531[0m [96mhandleGetGraphData[0m] Handle Get Graph Data
[2026-09-01 03:07:47.448] [info] [[94mHttpSession.cpp[0m:[95m576[0m [96mhandleGetGraphData[0m] get_graph_data success
[2026-09-01 03:07:47.676] [info] [[94mControllerAndOtherEventHandler.cpp[0m:[95m239[0m [96moperator()[0m] Accepted new connection
[2026-09-01 03:07:47.676] [info] [[94mHttpSession.cpp[0m:[95m96[0m [96mhandleRequest[0m] Got request: GET /ndt/get_graph_data
[2026-09-01 03:07:47.676] [info] [[94mHttpSession.cpp[0m:[95m531[0m [96mhandleGetGraphData[0m] Handle Get Graph Data
[2026-09-01 03:07:47.697] [info] [[94mHttpSession.cpp[0m:[95m576[0m [96mhandleGetGraphData[0m] get_graph_data success
[2026-09-01 03:07:47.926] [info] [[94mControllerAndOtherEventHandler.cpp[0m:[95m239[0m [96moperator()[0m] Accepted new connection
[2026-09-01 03:07:47.926] [info] [[94mHttpSession.cpp[0m:[95m96[0m [96mhandleRequest[0m] Got request: GET /ndt/get_graph_data
[2026-09-01 03:07:47.926] [info] [[94mHttpSession.cpp[0m:[95m531[0m [96mhandleGetGraphData[0m] Handle Get Graph Data
[2026-09-01 03:07:47.948] [info] [[94mHttpSession.cpp[0m:[95m576[0m [96mhandleGetGraphData[0m] get_graph_data success
[2026-09-01 03:07:48.176] [info] [[94mControllerAndOtherEventHandler.cpp[0m:[95m239[0m [96moperator()[0m] Accepted new connection
[2026-09-01 03:07:48.176] [info] [[94mHttpSession.cpp[0m:[95m96[0m [96mhandleRequest[0m] Got request: GET /ndt/get_graph_data
[2026-09-01 03:07:48.176] [info] [[94mHttpSession.cpp[0m:[95m531[0m [96mhandleGetGraphData[0m] Handle Get Graph Data
[2026-09-01 03:07:48.191] [info] [[94mHttpSession.cpp[0m:[95m576[0m [96mhandleGetGraphData[0m] get_graph_data success
[2026-09-01 03:07:48.427] [info] [[94mControllerAndOtherEventHandler.cpp[0m:[95m239[0m [96moperator()[0m] Accepted new connection
[2026-09-01 03:07:48.427] [info] [[94mHttpSession.cpp[0m:[95m96[0m [96mhandleRequest[0m] Got request: GET /ndt/get_graph_data
[2026-09-01 03:07:48.427] [info] [[94mHttpSession.cpp[0m:[95m531[0m [96mhandleGetGraphData[0m] Handle Get Graph Data
[2026-09-01 03:07:48.448] [info] [[94mHttpSession.cpp[0m:[95m576[0m [96mhandleGetGraphData[0m] get_graph_data success
[2026-09-01 03:07:48.676] [info] [[94mControllerAndOtherEventHandler.cpp[0m:[95m239[0m [96moperator()[0m] Accepted new connection
[2026-09-01 03:07:48.677] [info] [[94mHttpSession.cpp[0m:[95m96[0m [96mhandleRequest[0m] Got request: GET /ndt/get_graph_data
[2026-09-01 03:07:48.677] [info] [[94mHttpSession.cpp[0m:[95m531[0m [96mhandleGetGraphData[0m] Handle Get Graph Data
[2026-09-01 03:07:48.692] [info] [[94mHttpSession.cpp[0m:[95m576[0m [96mhandleGetGraphData[0m] get_graph_data success
[2026-09-01 03:07:48.927] [info] [[94mControllerAndOtherEventHandler.cpp[0m:[95m239[0m [96moperator()[0m] Accepted new connection
[2026-09-01 03:07:48.927] [info] [[94mHttpSession.cpp[0m:[95m96[0m [96mhandleRequest[0m] Got request: GET /ndt/get_graph_data
[2026-09-01 03:07:48.927] [info] [[94mHttpSession.cpp[0m:[95m531[0m [96mhandleGetGraphData[0m] Handle Get Graph Data
[2026-09-01 03:07:48.948] [info] [[94mHttpSession.cpp[0m:[95m576[0m [96mhandleGetGraphData[0m] get_graph_data success
[2026-09-01 03:07:49.176] [info] [[94mControllerAndOtherEventHandler.cpp[0m:[95m239[0m [96moperator()[0m] Accepted new connection
[2026-09-01 03:07:49.176] [info] [[94mHttpSession.cpp[0m:[95m96[0m [96mhandleRequest[0m] Got request: GET /ndt/get_graph_data
[2026-09-01 03:07:49.176] [info] [[94mHttpSession.cpp[0m:[95m531[0m [96mhandleGetGraphData[0m] Handle Get Graph Data
[2026-09-01 03:07:49.193] [info] [[94mHttpSession.cpp[0m:[95m576[0m [96mhandleGetGraphData[0m] get_graph_data success
[2026-09-01 03:07:49.426] [info] [[94mControllerAndOtherEventHandler.cpp[0m:[95m239[0m [96moperator()[0m] Accepted new connection
[2026-09-01 03:07:49.426] [info] [[94mHttpSession.cpp[0m:[95m96[0m [96mhandleRequest[0m] Got request: GET /ndt/get_graph_data
[2026-09-01 03:07:49.426] [info] [[94mHttpSession.cpp[0m:[95m531[0m [96mhandleGetGraphData[0m] Handle Get Graph Data
[2026-09-01 03:07:49.447] [info] [[94mHttpSession.cpp[0m:[95m576[0m [96mhandleGetGraphData[0m] get_graph_data success
[2026-09-01 03:07:49.677] [info] [[94mControllerAndOtherEventHandler.cpp[0m:[95m239[0m [96moperator()[0m] Accepted new connection
[2026-09-01 03:07:49.677] [info] [[94mHttpSession.cpp[0m:[95m96[0m [96mhandleRequest[0m] Got request: GET /ndt/get_graph_data
[2026-09-01 03:07:49.677] [info] [[94mHttpSession.cpp[0m:[95m531[0m [96mhandleGetGraphData[0m] Handle Get Graph Data
[2026-09-01 03:07:49.696] [info] [[94mHttpSession.cpp[0m:[95m576[0m [96mhandleGetGraphData[0m] get_graph_data success
[2026-09-01 03:07:49.927] [info] [[94mControllerAndOtherEventHandler.cpp[0m:[95m239[0m [96moperator()[0m] Accepted new connection
[2026-09-01 03:07:49.927] [info] [[94mHttpSession.cpp[0m:[95m96[0m [96mhandleRequest[0m] Got request: GET /ndt/get_graph_data
[2026-09-01 03:07:49.927] [info] [[94mHttpSession.cpp[0m:[95m531[0m [96mhandleGetGraphData[0m] Handle Get Graph Data
[2026-09-01 03:07:49.948] [info] [[94mHttpSession.cpp[0m:[95m576[0m [96mhandleGetGraphData[0m] get_graph_data success
[2026-09-01 03:07:50.177] [info] [[94mControllerAndOtherEventHandler.cpp[0m:[95m239[0m [96moperator()[0m] Accepted new connection
[2026-09-01 03:07:50.177] [info] [[94mHttpSession.cpp[0m:[95m96[0m [96mhandleRequest[0m] Got request: GET /ndt/get_graph_data
[2026-09-01 03:07:50.177] [info] [[94mHttpSession.cpp[0m:[95m531[0m [96mhandleGetGraphData[0m] Handle Get Graph Data
[2026-09-01 03:07:50.193] [info] [[94mHttpSession.cpp[0m:[95m576[0m [96mhandleGetGraphData[0m] get_graph_data success
[2026-09-01 03:07:50.426] [info] [[94mControllerAndOtherEventHandler.cpp[0m:[95m239[0m [96moperator()[0m] Accepted new connection
[2026-09-01 03:07:50.427] [info] [[94mHttpSession.cpp[0m:[95m96[0m [96mhandleRequest[0m] Got request: GET /ndt/get_graph_data
[2026-09-01 03:07:50.427] [info] [[94mHttpSession.cpp[0m:[95m531[0m [96mhandleGetGraphData[0m] Handle Get Graph Data
[2026-09-01 03:07:50.448] [info] [[94mHttpSession.cpp[0m:[95m576[0m [96mhandleGetGraphData[0m] get_graph_data success
[2026-09-01 03:07:50.677] [info] [[94mControllerAndOtherEventHandler.cpp[0m:[95m239[0m [96moperator()[0m] Accepted new connection
[2026-09-01 03:07:50.677] [info] [[94mHttpSession.cpp[0m:[95m96[0m [96mhandleRequest[0m] Got request: GET /ndt/get_graph_data
[2026-09-01 03:07:50.677] [info] [[94mHttpSession.cpp[0m:[95m531[0m [96mhandleGetGraphData[0m] Handle Get Graph Data
[2026-09-01 03:07:50.696] [info] [[94mHttpSession.cpp[0m:[95m576[0m [96mhandleGetGraphData[0m] get_graph_data success
[2026-09-01 03:07:50.927] [info] [[94mControllerAndOtherEventHandler.cpp[0m:[95m239[0m [96moperator()[0m] Accepted new connection
[2026-09-01 03:07:50.927] [info] [[94mHttpSession.cpp[0m:[95m96[0m [96mhandleRequest[0m] Got request: GET /ndt/get_graph_data
[2026-09-01 03:07:50.927] [info] [[94mHttpSession.cpp[0m:[95m531[0m [96mhandleGetGraphData[0m] Handle Get Graph Data
[2026-09-01 03:07:50.941] [info] [[94mHttpSession.cpp[0m:[95m576[0m [96mhandleGetGraphData[0m] get_graph_data success
[2026-09-01 03:07:51.177] [info] [[94mControllerAndOtherEventHandler.cpp[0m:[95m239[0m [96moperator()[0m] Accepted new connection
[2026-09-01 03:07:51.177] [info] [[94mHttpSession.cpp[0m:[95m96[0m [96mhandleRequest[0m] Got request: GET /ndt/get_graph_data
[2026-09-01 03:07:51.177] [info] [[94mHttpSession.cpp[0m:[95m531[0m [96mhandleGetGraphData[0m] Handle Get Graph Data
[2026-09-01 03:07:51.198] [info] [[94mHttpSession.cpp[0m:[95m576[0m [96mhandleGetGraphData[0m] get_graph_data success
[2026-09-01 03:07:51.428] [info] [[94mControllerAndOtherEventHandler.cpp[0m:[95m239[0m [96moperator()[0m] Accepted new connection
[2026-09-01 03:07:51.428] [info] [[94mHttpSession.cpp[0m:[95m96[0m [96mhandleRequest[0m] Got request: GET /ndt/get_graph_data
[2026-09-01 03:07:51.428] [info] [[94mHttpSession.cpp[0m:[95m531[0m [96mhandleGetGraphData[0m] Handle Get Graph Data
[2026-09-01 03:07:51.450] [info] [[94mHttpSession.cpp[0m:[95m576[0m [96mhandleGetGraphData[0m] get_graph_data success
[2026-09-01 03:07:51.678] [info] [[94mControllerAndOtherEventHandler.cpp[0m:[95m239[0m [96moperator()[0m] Accepted new connection
[2026-09-01 03:07:51.678] [info] [[94mHttpSession.cpp[0m:[95m96[0m [96mhandleRequest[0m] Got request: GET /ndt/get_graph_data
[2026-09-01 03:07:51.678] [info] [[94mHttpSession.cpp[0m:[95m531[0m [96mhandleGetGraphData[0m] Handle Get Graph Data
[2026-09-01 03:07:51.694] [info] [[94mHttpSession.cpp[0m:[95m576[0m [96mhandleGetGraphData[0m] get_graph_data success
[2026-09-01 03:07:51.927] [info] [[94mControllerAndOtherEventHandler.cpp[0m:[95m239[0m [96moperator()[0m] Accepted new connection
[2026-09-01 03:07:51.928] [info] [[94mHttpSession.cpp[0m:[95m96[0m [96mhandleRequest[0m] Got request: GET /ndt/get_graph_data
[2026-09-01 03:07:51.928] [info] [[94mHttpSession.cpp[0m:[95m531[0m [96mhandleGetGraphData[0m] Handle Get Graph Data
[2026-09-01 03:07:51.949] [info] [[94mHttpSession.cpp[0m:[95m576[0m [96mhandleGetGraphData[0m] get_graph_data success
[2026-09-01 03:07:52.177] [info] [[94mControllerAndOtherEventHandler.cpp[0m:[95m239[0m [96moperator()[0m] Accepted new connection
[2026-09-01 03:07:52.178] [info] [[94mHttpSession.cpp[0m:[95m96[0m [96mhandleRequest[0m] Got request: GET /ndt/get_graph_data
[2026-09-01 03:07:52.178] [info] [[94mHttpSession.cpp[0m:[95m531[0m [96mhandleGetGraphData[0m] Handle Get Graph Data
[2026-09-01 03:07:52.198] [info] [[94mHttpSession.cpp[0m:[95m576[0m [96mhandleGetGraphData[0m] get_graph_data success
[2026-09-01 03:07:52.427] [info] [[94mControllerAndOtherEventHandler.cpp[0m:[95m239[0m [96moperator()[0m] Accepted new connection
[2026-09-01 03:07:52.427] [info] [[94mHttpSession.cpp[0m:[95m96[0m [96mhandleRequest[0m] Got request: GET /ndt/get_graph_data
[2026-09-01 03:07:52.427] [info] [[94mHttpSession.cpp[0m:[95m531[0m [96mhandleGetGraphData[0m] Handle Get Graph Data
[2026-09-01 03:07:52.445] [info] [[94mHttpSession.cpp[0m:[95m576[0m [96mhandleGetGraphData[0m] get_graph_data success
[2026-09-01 03:07:52.678] [info] [[94mControllerAndOtherEventHandler.cpp[0m:[95m239[0m [96moperator()[0m] Accepted new connection
[2026-09-01 03:07:52.678] [info] [[94mHttpSession.cpp[0m:[95m96[0m [96mhandleRequest[0m] Got request: GET /ndt/get_graph_data
[2026-09-01 03:07:52.678] [info] [[94mHttpSession.cpp[0m:[95m531[0m [96mhandleGetGraphData[0m] Handle Get Graph Data
[2026-09-01 03:07:52.698] [info] [[94mHttpSession.cpp[0m:[95m576[0m [96mhandleGetGraphData[0m] get_graph_data success
[2026-09-01 03:07:52.928] [info] [[94mControllerAndOtherEventHandler.cpp[0m:[95m239[0m [96moperator()[0m] Accepted new connection
[2026-09-01 03:07:52.928] [info] [[94mHttpSession.cpp[0m:[95m96[0m [96mhandleRequest[0m] Got request: GET /ndt/get_graph_data
[2026-09-01 03:07:52.929] [info] [[94mHttpSession.cpp[0m:[95m531[0m [96mhandleGetGraphData[0m] Handle Get Graph Data
[2026-09-01 03:07:52.945] [info] [[94mHttpSession.cpp[0m:[95m576[0m [96mhandleGetGraphData[0m] get_graph_data success
[2026-09-01 03:07:53.178] [info] [[94mControllerAndOtherEventHandler.cpp[0m:[95m239[0m [96moperator()[0m] Accepted new connection
[2026-09-01 03:07:53.179] [info] [[94mHttpSession.cpp[0m:[95m96[0m [96mhandleRequest[0m] Got request: GET /ndt/get_graph_data
[2026-09-01 03:07:53.179] [info] [[94mHttpSession.cpp[0m:[95m531[0m [96mhandleGetGraphData[0m] Handle Get Graph Data
[2026-09-01 03:07:53.199] [info] [[94mHttpSession.cpp[0m:[95m576[0m [96mhandleGetGraphData[0m] get_graph_data success
[2026-09-01 03:07:53.428] [info] [[94mControllerAndOtherEventHandler.cpp[0m:[95m239[0m [96moperator()[0m] Accepted new connection
[2026-09-01 03:07:53.429] [info] [[94mHttpSession.cpp[0m:[95m96[0m [96mhandleRequest[0m] Got request: GET /ndt/get_graph_data
[2026-09-01 03:07:53.429] [info] [[94mHttpSession.cpp[0m:[95m531[0m [96mhandleGetGraphData[0m] Handle Get Graph Data
[2026-09-01 03:07:53.444] [info] [[94mHttpSession.cpp[0m:[95m576[0m [96mhandleGetGraphData[0m] get_graph_data success
[2026-09-01 03:07:53.679] [info] [[94mControllerAndOtherEventHandler.cpp[0m:[95m239[0m [96moperator()[0m] Accepted new connection
[2026-09-01 03:07:53.679] [info] [[94mHttpSession.cpp[0m:[95m96[0m [96mhandleRequest[0m] Got request: GET /ndt/get_graph_data
[2026-09-01 03:07:53.679] [info] [[94mHttpSession.cpp[0m:[95m531[0m [96mhandleGetGraphData[0m] Handle Get Graph Data
[2026-09-01 03:07:53.696] [info] [[94mHttpSession.cpp[0m:[95m576[0m [96mhandleGetGraphData[0m] get_graph_data success
[2026-09-01 03:07:53.929] [info] [[94mControllerAndOtherEventHandler.cpp[0m:[95m239[0m [96moperator()[0m] Accepted new connection
[2026-09-01 03:07:53.929] [info] [[94mHttpSession.cpp[0m:[95m96[0m [96mhandleRequest[0m] Got request: GET /ndt/get_graph_data
[2026-09-01 03:07:53.929] [info] [[94mHttpSession.cpp[0m:[95m531[0m [96mhandleGetGraphData[0m] Handle Get Graph Data
[2026-09-01 03:07:53.948] [info] [[94mHttpSession.cpp[0m:[95m576[0m [96mhandleGetGraphData[0m] get_graph_data success
[2026-09-01 03:07:54.179] [info] [[94mControllerAndOtherEventHandler.cpp[0m:[95m239[0m [96moperator()[0m] Accepted new connection
[2026-09-01 03:07:54.179] [info] [[94mHttpSession.cpp[0m:[95m96[0m [96mhandleRequest[0m] Got request: GET /ndt/get_graph_data
[2026-09-01 03:07:54.179] [info] [[94mHttpSession.cpp[0m:[95m531[0m [96mhandleGetGraphData[0m] Handle Get Graph Data
[2026-09-01 03:07:54.196] [info] [[94mHttpSession.cpp[0m:[95m576[0m [96mhandleGetGraphData[0m] get_graph_data success
[2026-09-01 03:07:54.429] [info] [[94mControllerAndOtherEventHandler.cpp[0m:[95m239[0m [96moperator()[0m] Accepted new connection
[2026-09-01 03:07:54.429] [info] [[94mHttpSession.cpp[0m:[95m96[0m [96mhandleRequest[0m] Got request: GET /ndt/get_graph_data
[2026-09-01 03:07:54.429] [info] [[94mHttpSession.cpp[0m:[95m531[0m [96mhandleGetGraphData[0m] Handle Get Graph Data
[2026-09-01 03:07:54.443] [info] [[94mHttpSession.cpp[0m:[95m576[0m [96mhandleGetGraphData[0m] get_graph_data success
[2026-09-01 03:07:54.679] [info] [[94mControllerAndOtherEventHandler.cpp[0m:[95m239[0m [96moperator()[0m] Accepted new connection
[2026-09-01 03:07:54.679] [info] [[94mHttpSession.cpp[0m:[95m96[0m [96mhandleRequest[0m] Got request: GET /ndt/get_graph_data
[2026-09-01 03:07:54.679] [info] [[94mHttpSession.cpp[0m:[95m531[0m [96mhandleGetGraphData[0m] Handle Get Graph Data
[2026-09-01 03:07:54.698] [info] [[94mHttpSession.cpp[0m:[95m576[0m [96mhandleGetGraphData[0m] get_graph_data success
[2026-09-01 03:07:54.929] [info] [[94mControllerAndOtherEventHandler.cpp[0m:[95m239[0m [96moperator()[0m] Accepted new connection
[2026-09-01 03:07:54.929] [info] [[94mHttpSession.cpp[0m:[95m96[0m [96mhandleRequest[0m] Got request: GET /ndt/get_graph_data
[2026-09-01 03:07:54.929] [info] [[94mHttpSession.cpp[0m:[95m531[0m [96mhandleGetGraphData[0m] Handle Get Graph Data
[2026-09-01 03:07:54.946] [info] [[94mHttpSession.cpp[0m:[95m576[0m [96mhandleGetGraphData[0m] get_graph_data success
[2026-09-01 03:07:55.144] [info] [[94mFlowLinkUsageCollector.cpp[0m:[95m2558[0m [96mfetchAllDestinationPaths[0m] Pulled 16256 paths from controller
[2026-09-01 03:07:55.179] [info] [[94mControllerAndOtherEventHandler.cpp[0m:[95m239[0m [96moperator()[0m] Accepted new connection
[2026-09-01 03:07:55.179] [info] [[94mHttpSession.cpp[0m:[95m96[0m [96mhandleRequest[0m] Got request: GET /ndt/get_graph_data
[2026-09-01 03:07:55.179] [info] [[94mHttpSession.cpp[0m:[95m531[0m [96mhandleGetGraphData[0m] Handle Get Graph Data
[2026-09-01 03:07:55.201] [info] [[94mHttpSession.cpp[0m:[95m576[0m [96mhandleGetGraphData[0m] get_graph_data success
[2026-09-01 03:07:55.429] [info] [[94mControllerAndOtherEventHandler.cpp[0m:[95m239[0m [96moperator()[0m] Accepted new connection
[2026-09-01 03:07:55.429] [info] [[94mHttpSession.cpp[0m:[95m96[0m [96mhandleRequest[0m] Got request: GET /ndt/get_graph_data
[2026-09-01 03:07:55.429] [info] [[94mHttpSession.cpp[0m:[95m531[0m [96mhandleGetGraphData[0m] Handle Get Graph Data
[2026-09-01 03:07:55.450] [info] [[94mHttpSession.cpp[0m:[95m576[0m [96mhandleGetGraphData[0m] get_graph_data success
[2026-09-01 03:07:55.679] [info] [[94mControllerAndOtherEventHandler.cpp[0m:[95m239[0m [96moperator()[0m] Accepted new connection
[2026-09-01 03:07:55.679] [info] [[94mHttpSession.cpp[0m:[95m96[0m [96mhandleRequest[0m] Got request: GET /ndt/get_graph_data
[2026-09-01 03:07:55.679] [info] [[94mHttpSession.cpp[0m:[95m531[0m [96mhandleGetGraphData[0m] Handle Get Graph Data
[2026-09-01 03:07:55.702] [info] [[94mHttpSession.cpp[0m:[95m576[0m [96mhandleGetGraphData[0m] get_graph_data success
[2026-09-01 03:07:55.929] [info] [[94mControllerAndOtherEventHandler.cpp[0m:[95m239[0m [96moperator()[0m] Accepted new connection
[2026-09-01 03:07:55.929] [info] [[94mHttpSession.cpp[0m:[95m96[0m [96mhandleRequest[0m] Got request: GET /ndt/get_graph_data
[2026-09-01 03:07:55.929] [info] [[94mHttpSession.cpp[0m:[95m531[0m [96mhandleGetGraphData[0m] Handle Get Graph Data
[2026-09-01 03:07:55.945] [info] [[94mHttpSession.cpp[0m:[95m576[0m [96mhandleGetGraphData[0m] get_graph_data success
[2026-09-01 03:07:56.179] [info] [[94mControllerAndOtherEventHandler.cpp[0m:[95m239[0m [96moperator()[0m] Accepted new connection
[2026-09-01 03:07:56.180] [info] [[94mHttpSession.cpp[0m:[95m96[0m [96mhandleRequest[0m] Got request: GET /ndt/get_graph_data
[2026-09-01 03:07:56.180] [info] [[94mHttpSession.cpp[0m:[95m531[0m [96mhandleGetGraphData[0m] Handle Get Graph Data
[2026-09-01 03:07:56.201] [info] [[94mHttpSession.cpp[0m:[95m576[0m [96mhandleGetGraphData[0m] get_graph_data success
[2026-09-01 03:07:56.429] [info] [[94mControllerAndOtherEventHandler.cpp[0m:[95m239[0m [96moperator()[0m] Accepted new connection
[2026-09-01 03:07:56.430] [info] [[94mHttpSession.cpp[0m:[95m96[0m [96mhandleRequest[0m] Got request: GET /ndt/get_graph_data
[2026-09-01 03:07:56.430] [info] [[94mHttpSession.cpp[0m:[95m531[0m [96mhandleGetGraphData[0m] Handle Get Graph Data
[2026-09-01 03:07:56.448] [info] [[94mHttpSession.cpp[0m:[95m576[0m [96mhandleGetGraphData[0m] get_graph_data success
[2026-09-01 03:07:56.679] [info] [[94mControllerAndOtherEventHandler.cpp[0m:[95m239[0m [96moperator()[0m] Accepted new connection
[2026-09-01 03:07:56.679] [info] [[94mHttpSession.cpp[0m:[95m96[0m [96mhandleRequest[0m] Got request: GET /ndt/get_graph_data
[2026-09-01 03:07:56.679] [info] [[94mHttpSession.cpp[0m:[95m531[0m [96mhandleGetGraphData[0m] Handle Get Graph Data
[2026-09-01 03:07:56.701] [info] [[94mHttpSession.cpp[0m:[95m576[0m [96mhandleGetGraphData[0m] get_graph_data success
[2026-09-01 03:07:56.930] [info] [[94mControllerAndOtherEventHandler.cpp[0m:[95m239[0m [96moperator()[0m] Accepted new connection
[2026-09-01 03:07:56.930] [info] [[94mHttpSession.cpp[0m:[95m96[0m [96mhandleRequest[0m] Got request: GET /ndt/get_graph_data
[2026-09-01 03:07:56.930] [info] [[94mHttpSession.cpp[0m:[95m531[0m [96mhandleGetGraphData[0m] Handle Get Graph Data
[2026-09-01 03:07:56.947] [info] [[94mHttpSession.cpp[0m:[95m576[0m [96mhandleGetGraphData[0m] get_graph_data success
[2026-09-01 03:07:57.179] [info] [[94mControllerAndOtherEventHandler.cpp[0m:[95m239[0m [96moperator()[0m] Accepted new connection
[2026-09-01 03:07:57.179] [info] [[94mHttpSession.cpp[0m:[95m96[0m [96mhandleRequest[0m] Got request: GET /ndt/get_graph_data
[2026-09-01 03:07:57.179] [info] [[94mHttpSession.cpp[0m:[95m531[0m [96mhandleGetGraphData[0m] Handle Get Graph Data
[2026-09-01 03:07:57.200] [info] [[94mHttpSession.cpp[0m:[95m576[0m [96mhandleGetGraphData[0m] get_graph_data success
[2026-09-01 03:07:57.430] [info] [[94mControllerAndOtherEventHandler.cpp[0m:[95m239[0m [96moperator()[0m] Accepted new connection
[2026-09-01 03:07:57.430] [info] [[94mHttpSession.cpp[0m:[95m96[0m [96mhandleRequest[0m] Got request: GET /ndt/get_graph_data
[2026-09-01 03:07:57.430] [info] [[94mHttpSession.cpp[0m:[95m531[0m [96mhandleGetGraphData[0m] Handle Get Graph Data
[2026-09-01 03:07:57.451] [info] [[94mHttpSession.cpp[0m:[95m576[0m [96mhandleGetGraphData[0m] get_graph_data success
[2026-09-01 03:07:57.679] [info] [[94mControllerAndOtherEventHandler.cpp[0m:[95m239[0m [96moperator()[0m] Accepted new connection
[2026-09-01 03:07:57.679] [info] [[94mHttpSession.cpp[0m:[95m96[0m [96mhandleRequest[0m] Got request: GET /ndt/get_graph_data
[2026-09-01 03:07:57.679] [info] [[94mHttpSession.cpp[0m:[95m531[0m [96mhandleGetGraphData[0m] Handle Get Graph Data
[2026-09-01 03:07:57.697] [info] [[94mHttpSession.cpp[0m:[95m576[0m [96mhandleGetGraphData[0m] get_graph_data success
[2026-09-01 03:07:57.929] [info] [[94mControllerAndOtherEventHandler.cpp[0m:[95m239[0m [96moperator()[0m] Accepted new connection
[2026-09-01 03:07:57.929] [info] [[94mHttpSession.cpp[0m:[95m96[0m [96mhandleRequest[0m] Got request: GET /ndt/get_graph_data
[2026-09-01 03:07:57.929] [info] [[94mHttpSession.cpp[0m:[95m531[0m [96mhandleGetGraphData[0m] Handle Get Graph Data
[2026-09-01 03:07:57.951] [info] [[94mHttpSession.cpp[0m:[95m576[0m [96mhandleGetGraphData[0m] get_graph_data success
[2026-09-01 03:07:58.180] [info] [[94mControllerAndOtherEventHandler.cpp[0m:[95m239[0m [96moperator()[0m] Accepted new connection
[2026-09-01 03:07:58.180] [info] [[94mHttpSession.cpp[0m:[95m96[0m [96mhandleRequest[0m] Got request: GET /ndt/get_graph_data
[2026-09-01 03:07:58.180] [info] [[94mHttpSession.cpp[0m:[95m531[0m [96mhandleGetGraphData[0m] Handle Get Graph Data
[2026-09-01 03:07:58.202] [info] [[94mHttpSession.cpp[0m:[95m576[0m [96mhandleGetGraphData[0m] get_graph_data success
[2026-09-01 03:07:58.430] [info] [[94mControllerAndOtherEventHandler.cpp[0m:[95m239[0m [96moperator()[0m] Accepted new connection
[2026-09-01 03:07:58.430] [info] [[94mHttpSession.cpp[0m:[95m96[0m [96mhandleRequest[0m] Got request: GET /ndt/get_graph_data
[2026-09-01 03:07:58.430] [info] [[94mHttpSession.cpp[0m:[95m531[0m [96mhandleGetGraphData[0m] Handle Get Graph Data
[2026-09-01 03:07:58.452] [info] [[94mHttpSession.cpp[0m:[95m576[0m [96mhandleGetGraphData[0m] get_graph_data success
[2026-09-01 03:07:58.680] [info] [[94mControllerAndOtherEventHandler.cpp[0m:[95m239[0m [96moperator()[0m] Accepted new connection
[2026-09-01 03:07:58.680] [info] [[94mHttpSession.cpp[0m:[95m96[0m [96mhandleRequest[0m] Got request: GET /ndt/get_graph_data
[2026-09-01 03:07:58.680] [info] [[94mHttpSession.cpp[0m:[95m531[0m [96mhandleGetGraphData[0m] Handle Get Graph Data
[2026-09-01 03:07:58.695] [info] [[94mHttpSession.cpp[0m:[95m576[0m [96mhandleGetGraphData[0m] get_graph_data success
[2026-09-01 03:07:58.930] [info] [[94mControllerAndOtherEventHandler.cpp[0m:[95m239[0m [96moperator()[0m] Accepted new connection
[2026-09-01 03:07:58.930] [info] [[94mHttpSession.cpp[0m:[95m96[0m [96mhandleRequest[0m] Got request: GET /ndt/get_graph_data
[2026-09-01 03:07:58.930] [info] [[94mHttpSession.cpp[0m:[95m531[0m [96mhandleGetGraphData[0m] Handle Get Graph Data
[2026-09-01 03:07:58.952] [info] [[94mHttpSession.cpp[0m:[95m576[0m [96mhandleGetGraphData[0m] get_graph_data success
[2026-09-01 03:07:59.180] [info] [[94mControllerAndOtherEventHandler.cpp[0m:[95m239[0m [96moperator()[0m] Accepted new connection
[2026-09-01 03:07:59.180] [info] [[94mHttpSession.cpp[0m:[95m96[0m [96mhandleRequest[0m] Got request: GET /ndt/get_graph_data
[2026-09-01 03:07:59.180] [info] [[94mHttpSession.cpp[0m:[95m531[0m [96mhandleGetGraphData[0m] Handle Get Graph Data
[2026-09-01 03:07:59.201] [info] [[94mHttpSession.cpp[0m:[95m576[0m [96mhandleGetGraphData[0m] get_graph_data success
[2026-09-01 03:07:59.430] [info] [[94mControllerAndOtherEventHandler.cpp[0m:[95m239[0m [96moperator()[0m] Accepted new connection
[2026-09-01 03:07:59.430] [info] [[94mHttpSession.cpp[0m:[95m96[0m [96mhandleRequest[0m] Got request: GET /ndt/get_graph_data
[2026-09-01 03:07:59.430] [info] [[94mHttpSession.cpp[0m:[95m531[0m [96mhandleGetGraphData[0m] Handle Get Graph Data
[2026-09-01 03:07:59.451] [info] [[94mHttpSession.cpp[0m:[95m576[0m [96mhandleGetGraphData[0m] get_graph_data success
[2026-09-01 03:07:59.680] [info] [[94mControllerAndOtherEventHandler.cpp[0m:[95m239[0m [96moperator()[0m] Accepted new connection
[2026-09-01 03:07:59.680] [info] [[94mHttpSession.cpp[0m:[95m96[0m [96mhandleRequest[0m] Got request: GET /ndt/get_graph_data
[2026-09-01 03:07:59.680] [info] [[94mHttpSession.cpp[0m:[95m531[0m [96mhandleGetGraphData[0m] Handle Get Graph Data
[2026-09-01 03:07:59.696] [info] [[94mHttpSession.cpp[0m:[95m576[0m [96mhandleGetGraphData[0m] get_graph_data success
[2026-09-01 03:07:59.931] [info] [[94mControllerAndOtherEventHandler.cpp[0m:[95m239[0m [96moperator()[0m] Accepted new connection
[2026-09-01 03:07:59.931] [info] [[94mHttpSession.cpp[0m:[95m96[0m [96mhandleRequest[0m] Got request: GET /ndt/get_graph_data
[2026-09-01 03:07:59.931] [info] [[94mHttpSession.cpp[0m:[95m531[0m [96mhandleGetGraphData[0m] Handle Get Graph Data
[2026-09-01 03:07:59.952] [info] [[94mHttpSession.cpp[0m:[95m576[0m [96mhandleGetGraphData[0m] get_graph_data success
[2026-09-01 03:08:00.180] [info] [[94mControllerAndOtherEventHandler.cpp[0m:[95m239[0m [96moperator()[0m] Accepted new connection
[2026-09-01 03:08:00.180] [info] [[94mHttpSession.cpp[0m:[95m96[0m [96mhandleRequest[0m] Got request: GET /ndt/get_graph_data
[2026-09-01 03:08:00.180] [info] [[94mHttpSession.cpp[0m:[95m531[0m [96mhandleGetGraphData[0m] Handle Get Graph Data
[2026-09-01 03:08:00.198] [info] [[94mHttpSession.cpp[0m:[95m576[0m [96mhandleGetGraphData[0m] get_graph_data success
[2026-09-01 03:08:00.430] [info] [[94mControllerAndOtherEventHandler.cpp[0m:[95m239[0m [96moperator()[0m] Accepted new connection
[2026-09-01 03:08:00.430] [info] [[94mHttpSession.cpp[0m:[95m96[0m [96mhandleRequest[0m] Got request: GET /ndt/get_graph_data
[2026-09-01 03:08:00.430] [info] [[94mHttpSession.cpp[0m:[95m531[0m [96mhandleGetGraphData[0m] Handle Get Graph Data
[2026-09-01 03:08:00.453] [info] [[94mHttpSession.cpp[0m:[95m576[0m [96mhandleGetGraphData[0m] get_graph_data success
[2026-09-01 03:08:00.681] [info] [[94mControllerAndOtherEventHandler.cpp[0m:[95m239[0m [96moperator()[0m] Accepted new connection
[2026-09-01 03:08:00.681] [info] [[94mHttpSession.cpp[0m:[95m96[0m [96mhandleRequest[0m] Got request: GET /ndt/get_graph_data
[2026-09-01 03:08:00.681] [info] [[94mHttpSession.cpp[0m:[95m531[0m [96mhandleGetGraphData[0m] Handle Get Graph Data
[2026-09-01 03:08:00.703] [info] [[94mHttpSession.cpp[0m:[95m576[0m [96mhandleGetGraphData[0m] get_graph_data success
[2026-09-01 03:08:00.931] [info] [[94mControllerAndOtherEventHandler.cpp[0m:[95m239[0m [96moperator()[0m] Accepted new connection
[2026-09-01 03:08:00.931] [info] [[94mHttpSession.cpp[0m:[95m96[0m [96mhandleRequest[0m] Got request: GET /ndt/get_graph_data
[2026-09-01 03:08:00.931] [info] [[94mHttpSession.cpp[0m:[95m531[0m [96mhandleGetGraphData[0m] Handle Get Graph Data
[2026-09-01 03:08:00.953] [info] [[94mHttpSession.cpp[0m:[95m576[0m [96mhandleGetGraphData[0m] get_graph_data success
[2026-09-01 03:08:01.180] [info] [[94mControllerAndOtherEventHandler.cpp[0m:[95m239[0m [96moperator()[0m] Accepted new connection
[2026-09-01 03:08:01.180] [info] [[94mHttpSession.cpp[0m:[95m96[0m [96mhandleRequest[0m] Got request: GET /ndt/get_graph_data
[2026-09-01 03:08:01.181] [info] [[94mHttpSession.cpp[0m:[95m531[0m [96mhandleGetGraphData[0m] Handle Get Graph Data
[2026-09-01 03:08:01.201] [info] [[94mHttpSession.cpp[0m:[95m576[0m [96mhandleGetGraphData[0m] get_graph_data success
[2026-09-01 03:08:01.430] [info] [[94mControllerAndOtherEventHandler.cpp[0m:[95m239[0m [96moperator()[0m] Accepted new connection
[2026-09-01 03:08:01.430] [info] [[94mHttpSession.cpp[0m:[95m96[0m [96mhandleRequest[0m] Got request: GET /ndt/get_graph_data
[2026-09-01 03:08:01.430] [info] [[94mHttpSession.cpp[0m:[95m531[0m [96mhandleGetGraphData[0m] Handle Get Graph Data
[2026-09-01 03:08:01.449] [info] [[94mHttpSession.cpp[0m:[95m576[0m [96mhandleGetGraphData[0m] get_graph_data success
[2026-09-01 03:08:01.681] [info] [[94mControllerAndOtherEventHandler.cpp[0m:[95m239[0m [96moperator()[0m] Accepted new connection
[2026-09-01 03:08:01.681] [info] [[94mHttpSession.cpp[0m:[95m96[0m [96mhandleRequest[0m] Got request: GET /ndt/get_graph_data
[2026-09-01 03:08:01.681] [info] [[94mHttpSession.cpp[0m:[95m531[0m [96mhandleGetGraphData[0m] Handle Get Graph Data
[2026-09-01 03:08:01.702] [info] [[94mHttpSession.cpp[0m:[95m576[0m [96mhandleGetGraphData[0m] get_graph_data success
[2026-09-01 03:08:01.931] [info] [[94mControllerAndOtherEventHandler.cpp[0m:[95m239[0m [96moperator()[0m] Accepted new connection
[2026-09-01 03:08:01.931] [info] [[94mHttpSession.cpp[0m:[95m96[0m [96mhandleRequest[0m] Got request: GET /ndt/get_graph_data
[2026-09-01 03:08:01.931] [info] [[94mHttpSession.cpp[0m:[95m531[0m [96mhandleGetGraphData[0m] Handle Get Graph Data
[2026-09-01 03:08:01.952] [info] [[94mHttpSession.cpp[0m:[95m576[0m [96mhandleGetGraphData[0m] get_graph_data success
[2026-09-01 03:08:02.181] [info] [[94mControllerAndOtherEventHandler.cpp[0m:[95m239[0m [96moperator()[0m] Accepted new connection
[2026-09-01 03:08:02.182] [info] [[94mHttpSession.cpp[0m:[95m96[0m [96mhandleRequest[0m] Got request: GET /ndt/get_graph_data
[2026-09-01 03:08:02.182] [info] [[94mHttpSession.cpp[0m:[95m531[0m [96mhandleGetGraphData[0m] Handle Get Graph Data
[2026-09-01 03:08:02.202] [info] [[94mHttpSession.cpp[0m:[95m576[0m [96mhandleGetGraphData[0m] get_graph_data success
[2026-09-01 03:08:02.431] [info] [[94mControllerAndOtherEventHandler.cpp[0m:[95m239[0m [96moperator()[0m] Accepted new connection
[2026-09-01 03:08:02.431] [info] [[94mHttpSession.cpp[0m:[95m96[0m [96mhandleRequest[0m] Got request: GET /ndt/get_graph_data
[2026-09-01 03:08:02.431] [info] [[94mHttpSession.cpp[0m:[95m531[0m [96mhandleGetGraphData[0m] Handle Get Graph Data
[2026-09-01 03:08:02.453] [info] [[94mHttpSession.cpp[0m:[95m576[0m [96mhandleGetGraphData[0m] get_graph_data success
[2026-09-01 03:08:02.681] [info] [[94mControllerAndOtherEventHandler.cpp[0m:[95m239[0m [96moperator()[0m] Accepted new connection
[2026-09-01 03:08:02.681] [info] [[94mHttpSession.cpp[0m:[95m96[0m [96mhandleRequest[0m] Got request: GET /ndt/get_graph_data
[2026-09-01 03:08:02.681] [info] [[94mHttpSession.cpp[0m:[95m531[0m [96mhandleGetGraphData[0m] Handle Get Graph Data
[2026-09-01 03:08:02.703] [info] [[94mHttpSession.cpp[0m:[95m576[0m [96mhandleGetGraphData[0m] get_graph_data success
[2026-09-01 03:08:02.931] [info] [[94mControllerAndOtherEventHandler.cpp[0m:[95m239[0m [96moperator()[0m] Accepted new connection
[2026-09-01 03:08:02.931] [info] [[94mHttpSession.cpp[0m:[95m96[0m [96mhandleRequest[0m] Got request: GET /ndt/get_graph_data
[2026-09-01 03:08:02.931] [info] [[94mHttpSession.cpp[0m:[95m531[0m [96mhandleGetGraphData[0m] Handle Get Graph Data
[2026-09-01 03:08:02.952] [info] [[94mHttpSession.cpp[0m:[95m576[0m [96mhandleGetGraphData[0m] get_graph_data success
[2026-09-01 03:08:03.182] [info] [[94mControllerAndOtherEventHandler.cpp[0m:[95m239[0m [96moperator()[0m] Accepted new connection
[2026-09-01 03:08:03.182] [info] [[94mHttpSession.cpp[0m:[95m96[0m [96mhandleRequest[0m] Got request: GET /ndt/get_graph_data
[2026-09-01 03:08:03.182] [info] [[94mHttpSession.cpp[0m:[95m531[0m [96mhandleGetGraphData[0m] Handle Get Graph Data
[2026-09-01 03:08:03.204] [info] [[94mHttpSession.cpp[0m:[95m576[0m [96mhandleGetGraphData[0m] get_graph_data success
[2026-09-01 03:08:03.431] [info] [[94mControllerAndOtherEventHandler.cpp[0m:[95m239[0m [96moperator()[0m] Accepted new connection
[2026-09-01 03:08:03.431] [info] [[94mHttpSession.cpp[0m:[95m96[0m [96mhandleRequest[0m] Got request: GET /ndt/get_graph_data
[2026-09-01 03:08:03.431] [info] [[94mHttpSession.cpp[0m:[95m531[0m [96mhandleGetGraphData[0m] Handle Get Graph Data
[2026-09-01 03:08:03.446] [info] [[94mHttpSession.cpp[0m:[95m576[0m [96mhandleGetGraphData[0m] get_graph_data success
[2026-09-01 03:08:03.682] [info] [[94mControllerAndOtherEventHandler.cpp[0m:[95m239[0m [96moperator()[0m] Accepted new connection
[2026-09-01 03:08:03.682] [info] [[94mHttpSession.cpp[0m:[95m96[0m [96mhandleRequest[0m] Got request: GET /ndt/get_graph_data
[2026-09-01 03:08:03.682] [info] [[94mHttpSession.cpp[0m:[95m531[0m [96mhandleGetGraphData[0m] Handle Get Graph Data
[2026-09-01 03:08:03.697] [info] [[94mHttpSession.cpp[0m:[95m576[0m [96mhandleGetGraphData[0m] get_graph_data success
[2026-09-01 03:08:03.932] [info] [[94mControllerAndOtherEventHandler.cpp[0m:[95m239[0m [96moperator()[0m] Accepted new connection
[2026-09-01 03:08:03.932] [info] [[94mHttpSession.cpp[0m:[95m96[0m [96mhandleRequest[0m] Got request: GET /ndt/get_graph_data
[2026-09-01 03:08:03.932] [info] [[94mHttpSession.cpp[0m:[95m531[0m [96mhandleGetGraphData[0m] Handle Get Graph Data
[2026-09-01 03:08:03.953] [info] [[94mHttpSession.cpp[0m:[95m576[0m [96mhandleGetGraphData[0m] get_graph_data success
[2026-09-01 03:08:04.182] [info] [[94mControllerAndOtherEventHandler.cpp[0m:[95m239[0m [96moperator()[0m] Accepted new connection
[2026-09-01 03:08:04.182] [info] [[94mHttpSession.cpp[0m:[95m96[0m [96mhandleRequest[0m] Got request: GET /ndt/get_graph_data
[2026-09-01 03:08:04.182] [info] [[94mHttpSession.cpp[0m:[95m531[0m [96mhandleGetGraphData[0m] Handle Get Graph Data
[2026-09-01 03:08:04.203] [info] [[94mHttpSession.cpp[0m:[95m576[0m [96mhandleGetGraphData[0m] get_graph_data success
[2026-09-01 03:08:04.432] [info] [[94mControllerAndOtherEventHandler.cpp[0m:[95m239[0m [96moperator()[0m] Accepted new connection
[2026-09-01 03:08:04.432] [info] [[94mHttpSession.cpp[0m:[95m96[0m [96mhandleRequest[0m] Got request: GET /ndt/get_graph_data
[2026-09-01 03:08:04.432] [info] [[94mHttpSession.cpp[0m:[95m531[0m [96mhandleGetGraphData[0m] Handle Get Graph Data
[2026-09-01 03:08:04.454] [info] [[94mHttpSession.cpp[0m:[95m576[0m [96mhandleGetGraphData[0m] get_graph_data success
[2026-09-01 03:08:04.682] [info] [[94mControllerAndOtherEventHandler.cpp[0m:[95m239[0m [96moperator()[0m] Accepted new connection
[2026-09-01 03:08:04.682] [info] [[94mHttpSession.cpp[0m:[95m96[0m [96mhandleRequest[0m] Got request: GET /ndt/get_graph_data
[2026-09-01 03:08:04.682] [info] [[94mHttpSession.cpp[0m:[95m531[0m [96mhandleGetGraphData[0m] Handle Get Graph Data
[2026-09-01 03:08:04.703] [info] [[94mHttpSession.cpp[0m:[95m576[0m [96mhandleGetGraphData[0m] get_graph_data success
[2026-09-01 03:08:04.932] [info] [[94mControllerAndOtherEventHandler.cpp[0m:[95m239[0m [96moperator()[0m] Accepted new connection
[2026-09-01 03:08:04.932] [info] [[94mHttpSession.cpp[0m:[95m96[0m [96mhandleRequest[0m] Got request: GET /ndt/get_graph_data
[2026-09-01 03:08:04.932] [info] [[94mHttpSession.cpp[0m:[95m531[0m [96mhandleGetGraphData[0m] Handle Get Graph Data
[2026-09-01 03:08:04.954] [info] [[94mHttpSession.cpp[0m:[95m576[0m [96mhandleGetGraphData[0m] get_graph_data success
[2026-09-01 03:08:05.182] [info] [[94mControllerAndOtherEventHandler.cpp[0m:[95m239[0m [96moperator()[0m] Accepted new connection
[2026-09-01 03:08:05.182] [info] [[94mHttpSession.cpp[0m:[95m96[0m [96mhandleRequest[0m] Got request: GET /ndt/get_graph_data
[2026-09-01 03:08:05.182] [info] [[94mHttpSession.cpp[0m:[95m531[0m [96mhandleGetGraphData[0m] Handle Get Graph Data
[2026-09-01 03:08:05.203] [info] [[94mHttpSession.cpp[0m:[95m576[0m [96mhandleGetGraphData[0m] get_graph_data success
[2026-09-01 03:08:05.432] [info] [[94mControllerAndOtherEventHandler.cpp[0m:[95m239[0m [96moperator()[0m] Accepted new connection
[2026-09-01 03:08:05.432] [info] [[94mHttpSession.cpp[0m:[95m96[0m [96mhandleRequest[0m] Got request: GET /ndt/get_graph_data
[2026-09-01 03:08:05.432] [info] [[94mHttpSession.cpp[0m:[95m531[0m [96mhandleGetGraphData[0m] Handle Get Graph Data
[2026-09-01 03:08:05.454] [info] [[94mHttpSession.cpp[0m:[95m576[0m [96mhandleGetGraphData[0m] get_graph_data success
[2026-09-01 03:08:05.682] [info] [[94mControllerAndOtherEventHandler.cpp[0m:[95m239[0m [96moperator()[0m] Accepted new connection
[2026-09-01 03:08:05.682] [info] [[94mHttpSession.cpp[0m:[95m96[0m [96mhandleRequest[0m] Got request: GET /ndt/get_graph_data
[2026-09-01 03:08:05.682] [info] [[94mHttpSession.cpp[0m:[95m531[0m [96mhandleGetGraphData[0m] Handle Get Graph Data
[2026-09-01 03:08:05.700] [info] [[94mHttpSession.cpp[0m:[95m576[0m [96mhandleGetGraphData[0m] get_graph_data success
[2026-09-01 03:08:05.932] [info] [[94mControllerAndOtherEventHandler.cpp[0m:[95m239[0m [96moperator()[0m] Accepted new connection
[2026-09-01 03:08:05.932] [info] [[94mHttpSession.cpp[0m:[95m96[0m [96mhandleRequest[0m] Got request: GET /ndt/get_graph_data
[2026-09-01 03:08:05.932] [info] [[94mHttpSession.cpp[0m:[95m531[0m [96mhandleGetGraphData[0m] Handle Get Graph Data
[2026-09-01 03:08:05.954] [info] [[94mHttpSession.cpp[0m:[95m576[0m [96mhandleGetGraphData[0m] get_graph_data success
[2026-09-01 03:08:06.182] [info] [[94mControllerAndOtherEventHandler.cpp[0m:[95m239[0m [96moperator()[0m] Accepted new connection
[2026-09-01 03:08:06.182] [info] [[94mHttpSession.cpp[0m:[95m96[0m [96mhandleRequest[0m] Got request: GET /ndt/get_graph_data
[2026-09-01 03:08:06.182] [info] [[94mHttpSession.cpp[0m:[95m531[0m [96mhandleGetGraphData[0m] Handle Get Graph Data
[2026-09-01 03:08:06.200] [info] [[94mHttpSession.cpp[0m:[95m576[0m [96mhandleGetGraphData[0m] get_graph_data success
[2026-09-01 03:08:06.432] [info] [[94mControllerAndOtherEventHandler.cpp[0m:[95m239[0m [96moperator()[0m] Accepted new connection
[2026-09-01 03:08:06.433] [info] [[94mHttpSession.cpp[0m:[95m96[0m [96mhandleRequest[0m] Got request: GET /ndt/get_graph_data
[2026-09-01 03:08:06.433] [info] [[94mHttpSession.cpp[0m:[95m531[0m [96mhandleGetGraphData[0m] Handle Get Graph Data
[2026-09-01 03:08:06.452] [info] [[94mHttpSession.cpp[0m:[95m576[0m [96mhandleGetGraphData[0m] get_graph_data success
[2026-09-01 03:08:06.682] [info] [[94mControllerAndOtherEventHandler.cpp[0m:[95m239[0m [96moperator()[0m] Accepted new connection
[2026-09-01 03:08:06.682] [info] [[94mHttpSession.cpp[0m:[95m96[0m [96mhandleRequest[0m] Got request: GET /ndt/get_graph_data
[2026-09-01 03:08:06.682] [info] [[94mHttpSession.cpp[0m:[95m531[0m [96mhandleGetGraphData[0m] Handle Get Graph Data
[2026-09-01 03:08:06.702] [info] [[94mHttpSession.cpp[0m:[95m576[0m [96mhandleGetGraphData[0m] get_graph_data success
[2026-09-01 03:08:06.932] [info] [[94mControllerAndOtherEventHandler.cpp[0m:[95m239[0m [96moperator()[0m] Accepted new connection
[2026-09-01 03:08:06.933] [info] [[94mHttpSession.cpp[0m:[95m96[0m [96mhandleRequest[0m] Got request: GET /ndt/get_graph_data
[2026-09-01 03:08:06.933] [info] [[94mHttpSession.cpp[0m:[95m531[0m [96mhandleGetGraphData[0m] Handle Get Graph Data
[2026-09-01 03:08:06.952] [info] [[94mHttpSession.cpp[0m:[95m576[0m [96mhandleGetGraphData[0m] get_graph_data success
[2026-09-01 03:08:07.182] [info] [[94mControllerAndOtherEventHandler.cpp[0m:[95m239[0m [96moperator()[0m] Accepted new connection
[2026-09-01 03:08:07.182] [info] [[94mHttpSession.cpp[0m:[95m96[0m [96mhandleRequest[0m] Got request: GET /ndt/get_graph_data
[2026-09-01 03:08:07.183] [info] [[94mHttpSession.cpp[0m:[95m531[0m [96mhandleGetGraphData[0m] Handle Get Graph Data
[2026-09-01 03:08:07.201] [info] [[94mHttpSession.cpp[0m:[95m576[0m [96mhandleGetGraphData[0m] get_graph_data success
[2026-09-01 03:08:07.433] [info] [[94mControllerAndOtherEventHandler.cpp[0m:[95m239[0m [96moperator()[0m] Accepted new connection
[2026-09-01 03:08:07.433] [info] [[94mHttpSession.cpp[0m:[95m96[0m [96mhandleRequest[0m] Got request: GET /ndt/get_graph_data
[2026-09-01 03:08:07.433] [info] [[94mHttpSession.cpp[0m:[95m531[0m [96mhandleGetGraphData[0m] Handle Get Graph Data
[2026-09-01 03:08:07.455] [info] [[94mHttpSession.cpp[0m:[95m576[0m [96mhandleGetGraphData[0m] get_graph_data success
[2026-09-01 03:08:07.683] [info] [[94mControllerAndOtherEventHandler.cpp[0m:[95m239[0m [96moperator()[0m] Accepted new connection
[2026-09-01 03:08:07.683] [info] [[94mHttpSession.cpp[0m:[95m96[0m [96mhandleRequest[0m] Got request: GET /ndt/get_graph_data
[2026-09-01 03:08:07.683] [info] [[94mHttpSession.cpp[0m:[95m531[0m [96mhandleGetGraphData[0m] Handle Get Graph Data
[2026-09-01 03:08:07.704] [info] [[94mHttpSession.cpp[0m:[95m576[0m [96mhandleGetGraphData[0m] get_graph_data success
[2026-09-01 03:08:07.933] [info] [[94mControllerAndOtherEventHandler.cpp[0m:[95m239[0m [96moperator()[0m] Accepted new connection
[2026-09-01 03:08:07.933] [info] [[94mHttpSession.cpp[0m:[95m96[0m [96mhandleRequest[0m] Got request: GET /ndt/get_graph_data
[2026-09-01 03:08:07.933] [info] [[94mHttpSession.cpp[0m:[95m531[0m [96mhandleGetGraphData[0m] Handle Get Graph Data
[2026-09-01 03:08:07.953] [info] [[94mHttpSession.cpp[0m:[95m576[0m [96mhandleGetGraphData[0m] get_graph_data success
[2026-09-01 03:08:08.183] [info] [[94mControllerAndOtherEventHandler.cpp[0m:[95m239[0m [96moperator()[0m] Accepted new connection
[2026-09-01 03:08:08.183] [info] [[94mHttpSession.cpp[0m:[95m96[0m [96mhandleRequest[0m] Got request: GET /ndt/get_graph_data
[2026-09-01 03:08:08.183] [info] [[94mHttpSession.cpp[0m:[95m531[0m [96mhandleGetGraphData[0m] Handle Get Graph Data
[2026-09-01 03:08:08.203] [info] [[94mHttpSession.cpp[0m:[95m576[0m [96mhandleGetGraphData[0m] get_graph_data success
[2026-09-01 03:08:08.433] [info] [[94mControllerAndOtherEventHandler.cpp[0m:[95m239[0m [96moperator()[0m] Accepted new connection
[2026-09-01 03:08:08.433] [info] [[94mHttpSession.cpp[0m:[95m96[0m [96mhandleRequest[0m] Got request: GET /ndt/get_graph_data
[2026-09-01 03:08:08.433] [info] [[94mHttpSession.cpp[0m:[95m531[0m [96mhandleGetGraphData[0m] Handle Get Graph Data
[2026-09-01 03:08:08.453] [info] [[94mHttpSession.cpp[0m:[95m576[0m [96mhandleGetGraphData[0m] get_graph_data success
[2026-09-01 03:08:08.683] [info] [[94mControllerAndOtherEventHandler.cpp[0m:[95m239[0m [96moperator()[0m] Accepted new connection
[2026-09-01 03:08:08.683] [info] [[94mHttpSession.cpp[0m:[95m96[0m [96mhandleRequest[0m] Got request: GET /ndt/get_graph_data
[2026-09-01 03:08:08.683] [info] [[94mHttpSession.cpp[0m:[95m531[0m [96mhandleGetGraphData[0m] Handle Get Graph Data
[2026-09-01 03:08:08.705] [info] [[94mHttpSession.cpp[0m:[95m576[0m [96mhandleGetGraphData[0m] get_graph_data success
[2026-09-01 03:08:08.933] [info] [[94mControllerAndOtherEventHandler.cpp[0m:[95m239[0m [96moperator()[0m] Accepted new connection
[2026-09-01 03:08:08.933] [info] [[94mHttpSession.cpp[0m:[95m96[0m [96mhandleRequest[0m] Got request: GET /ndt/get_graph_data
[2026-09-01 03:08:08.933] [info] [[94mHttpSession.cpp[0m:[95m531[0m [96mhandleGetGraphData[0m] Handle Get Graph Data
[2026-09-01 03:08:08.954] [info] [[94mHttpSession.cpp[0m:[95m576[0m [96mhandleGetGraphData[0m] get_graph_data success
[2026-09-01 03:08:09.184] [info] [[94mControllerAndOtherEventHandler.cpp[0m:[95m239[0m [96moperator()[0m] Accepted new connection
[2026-09-01 03:08:09.184] [info] [[94mHttpSession.cpp[0m:[95m96[0m [96mhandleRequest[0m] Got request: GET /ndt/get_graph_data
[2026-09-01 03:08:09.184] [info] [[94mHttpSession.cpp[0m:[95m531[0m [96mhandleGetGraphData[0m] Handle Get Graph Data
[2026-09-01 03:08:09.200] [info] [[94mHttpSession.cpp[0m:[95m576[0m [96mhandleGetGraphData[0m] get_graph_data success
[2026-09-01 03:08:09.434] [info] [[94mControllerAndOtherEventHandler.cpp[0m:[95m239[0m [96moperator()[0m] Accepted new connection
[2026-09-01 03:08:09.434] [info] [[94mHttpSession.cpp[0m:[95m96[0m [96mhandleRequest[0m] Got request: GET /ndt/get_graph_data
[2026-09-01 03:08:09.434] [info] [[94mHttpSession.cpp[0m:[95m531[0m [96mhandleGetGraphData[0m] Handle Get Graph Data
[2026-09-01 03:08:09.459] [info] [[94mHttpSession.cpp[0m:[95m576[0m [96mhandleGetGraphData[0m] get_graph_data success
[2026-09-01 03:08:09.684] [info] [[94mControllerAndOtherEventHandler.cpp[0m:[95m239[0m [96moperator()[0m] Accepted new connection
[2026-09-01 03:08:09.684] [info] [[94mHttpSession.cpp[0m:[95m96[0m [96mhandleRequest[0m] Got request: GET /ndt/get_graph_data
[2026-09-01 03:08:09.684] [info] [[94mHttpSession.cpp[0m:[95m531[0m [96mhandleGetGraphData[0m] Handle Get Graph Data
[2026-09-01 03:08:09.706] [info] [[94mHttpSession.cpp[0m:[95m576[0m [96mhandleGetGraphData[0m] get_graph_data success
[2026-09-01 03:08:09.933] [info] [[94mControllerAndOtherEventHandler.cpp[0m:[95m239[0m [96moperator()[0m] Accepted new connection
[2026-09-01 03:08:09.934] [info] [[94mHttpSession.cpp[0m:[95m96[0m [96mhandleRequest[0m] Got request: GET /ndt/get_graph_data
[2026-09-01 03:08:09.934] [info] [[94mHttpSession.cpp[0m:[95m531[0m [96mhandleGetGraphData[0m] Handle Get Graph Data
[2026-09-01 03:08:09.951] [info] [[94mHttpSession.cpp[0m:[95m576[0m [96mhandleGetGraphData[0m] get_graph_data success
[2026-09-01 03:08:10.183] [info] [[94mControllerAndOtherEventHandler.cpp[0m:[95m239[0m [96moperator()[0m] Accepted new connection
[2026-09-01 03:08:10.183] [info] [[94mHttpSession.cpp[0m:[95m96[0m [96mhandleRequest[0m] Got request: GET /ndt/get_graph_data
[2026-09-01 03:08:10.183] [info] [[94mHttpSession.cpp[0m:[95m531[0m [96mhandleGetGraphData[0m] Handle Get Graph Data
[2026-09-01 03:08:10.199] [info] [[94mHttpSession.cpp[0m:[95m576[0m [96mhandleGetGraphData[0m] get_graph_data success
[2026-09-01 03:08:10.434] [info] [[94mControllerAndOtherEventHandler.cpp[0m:[95m239[0m [96moperator()[0m] Accepted new connection
[2026-09-01 03:08:10.434] [info] [[94mHttpSession.cpp[0m:[95m96[0m [96mhandleRequest[0m] Got request: GET /ndt/get_graph_data
[2026-09-01 03:08:10.434] [info] [[94mHttpSession.cpp[0m:[95m531[0m [96mhandleGetGraphData[0m] Handle Get Graph Data
[2026-09-01 03:08:10.449] [info] [[94mHttpSession.cpp[0m:[95m576[0m [96mhandleGetGraphData[0m] get_graph_data success
[2026-09-01 03:08:10.683] [info] [[94mControllerAndOtherEventHandler.cpp[0m:[95m239[0m [96moperator()[0m] Accepted new connection
[2026-09-01 03:08:10.683] [info] [[94mHttpSession.cpp[0m:[95m96[0m [96mhandleRequest[0m] Got request: GET /ndt/get_graph_data
[2026-09-01 03:08:10.684] [info] [[94mHttpSession.cpp[0m:[95m531[0m [96mhandleGetGraphData[0m] Handle Get Graph Data
[2026-09-01 03:08:10.698] [info] [[94mHttpSession.cpp[0m:[95m576[0m [96mhandleGetGraphData[0m] get_graph_data success
[2026-09-01 03:08:10.934] [info] [[94mControllerAndOtherEventHandler.cpp[0m:[95m239[0m [96moperator()[0m] Accepted new connection
[2026-09-01 03:08:10.934] [info] [[94mHttpSession.cpp[0m:[95m96[0m [96mhandleRequest[0m] Got request: GET /ndt/get_graph_data
[2026-09-01 03:08:10.934] [info] [[94mHttpSession.cpp[0m:[95m531[0m [96mhandleGetGraphData[0m] Handle Get Graph Data
[2026-09-01 03:08:10.956] [info] [[94mHttpSession.cpp[0m:[95m576[0m [96mhandleGetGraphData[0m] get_graph_data success
[2026-09-01 03:08:11.184] [info] [[94mControllerAndOtherEventHandler.cpp[0m:[95m239[0m [96moperator()[0m] Accepted new connection
[2026-09-01 03:08:11.184] [info] [[94mHttpSession.cpp[0m:[95m96[0m [96mhandleRequest[0m] Got request: GET /ndt/get_graph_data
[2026-09-01 03:08:11.184] [info] [[94mHttpSession.cpp[0m:[95m531[0m [96mhandleGetGraphData[0m] Handle Get Graph Data
[2026-09-01 03:08:11.201] [info] [[94mHttpSession.cpp[0m:[95m576[0m [96mhandleGetGraphData[0m] get_graph_data success
[2026-09-01 03:08:11.433] [info] [[94mControllerAndOtherEventHandler.cpp[0m:[95m239[0m [96moperator()[0m] Accepted new connection
[2026-09-01 03:08:11.434] [info] [[94mHttpSession.cpp[0m:[95m96[0m [96mhandleRequest[0m] Got request: GET /ndt/get_graph_data
[2026-09-01 03:08:11.434] [info] [[94mHttpSession.cpp[0m:[95m531[0m [96mhandleGetGraphData[0m] Handle Get Graph Data
[2026-09-01 03:08:11.453] [info] [[94mHttpSession.cpp[0m:[95m576[0m [96mhandleGetGraphData[0m] get_graph_data success
[2026-09-01 03:08:11.684] [info] [[94mControllerAndOtherEventHandler.cpp[0m:[95m239[0m [96moperator()[0m] Accepted new connection
[2026-09-01 03:08:11.684] [info] [[94mHttpSession.cpp[0m:[95m96[0m [96mhandleRequest[0m] Got request: GET /ndt/get_graph_data
[2026-09-01 03:08:11.684] [info] [[94mHttpSession.cpp[0m:[95m531[0m [96mhandleGetGraphData[0m] Handle Get Graph Data
[2026-09-01 03:08:11.705] [info] [[94mHttpSession.cpp[0m:[95m576[0m [96mhandleGetGraphData[0m] get_graph_data success
[2026-09-01 03:08:11.934] [info] [[94mControllerAndOtherEventHandler.cpp[0m:[95m239[0m [96moperator()[0m] Accepted new connection
[2026-09-01 03:08:11.934] [info] [[94mHttpSession.cpp[0m:[95m96[0m [96mhandleRequest[0m] Got request: GET /ndt/get_graph_data
[2026-09-01 03:08:11.934] [info] [[94mHttpSession.cpp[0m:[95m531[0m [96mhandleGetGraphData[0m] Handle Get Graph Data
[2026-09-01 03:08:11.950] [info] [[94mHttpSession.cpp[0m:[95m576[0m [96mhandleGetGraphData[0m] get_graph_data success
[2026-09-01 03:08:12.184] [info] [[94mControllerAndOtherEventHandler.cpp[0m:[95m239[0m [96moperator()[0m] Accepted new connection
[2026-09-01 03:08:12.184] [info] [[94mHttpSession.cpp[0m:[95m96[0m [96mhandleRequest[0m] Got request: GET /ndt/get_graph_data
[2026-09-01 03:08:12.184] [info] [[94mHttpSession.cpp[0m:[95m531[0m [96mhandleGetGraphData[0m] Handle Get Graph Data
[2026-09-01 03:08:12.199] [info] [[94mHttpSession.cpp[0m:[95m576[0m [96mhandleGetGraphData[0m] get_graph_data success
[2026-09-01 03:08:12.434] [info] [[94mControllerAndOtherEventHandler.cpp[0m:[95m239[0m [96moperator()[0m] Accepted new connection
[2026-09-01 03:08:12.434] [info] [[94mHttpSession.cpp[0m:[95m96[0m [96mhandleRequest[0m] Got request: GET /ndt/get_graph_data
[2026-09-01 03:08:12.434] [info] [[94mHttpSession.cpp[0m:[95m531[0m [96mhandleGetGraphData[0m] Handle Get Graph Data
[2026-09-01 03:08:12.456] [info] [[94mHttpSession.cpp[0m:[95m576[0m [96mhandleGetGraphData[0m] get_graph_data success
[2026-09-01 03:08:12.685] [info] [[94mControllerAndOtherEventHandler.cpp[0m:[95m239[0m [96moperator()[0m] Accepted new connection
[2026-09-01 03:08:12.685] [info] [[94mHttpSession.cpp[0m:[95m96[0m [96mhandleRequest[0m] Got request: GET /ndt/get_graph_data
[2026-09-01 03:08:12.685] [info] [[94mHttpSession.cpp[0m:[95m531[0m [96mhandleGetGraphData[0m] Handle Get Graph Data
[2026-09-01 03:08:12.706] [info] [[94mHttpSession.cpp[0m:[95m576[0m [96mhandleGetGraphData[0m] get_graph_data success
[2026-09-01 03:08:12.935] [info] [[94mControllerAndOtherEventHandler.cpp[0m:[95m239[0m [96moperator()[0m] Accepted new connection
[2026-09-01 03:08:12.935] [info] [[94mHttpSession.cpp[0m:[95m96[0m [96mhandleRequest[0m] Got request: GET /ndt/get_graph_data
[2026-09-01 03:08:12.935] [info] [[94mHttpSession.cpp[0m:[95m531[0m [96mhandleGetGraphData[0m] Handle Get Graph Data
[2026-09-01 03:08:12.956] [info] [[94mHttpSession.cpp[0m:[95m576[0m [96mhandleGetGraphData[0m] get_graph_data success
[2026-09-01 03:08:13.185] [info] [[94mControllerAndOtherEventHandler.cpp[0m:[95m239[0m [96moperator()[0m] Accepted new connection
[2026-09-01 03:08:13.185] [info] [[94mHttpSession.cpp[0m:[95m96[0m [96mhandleRequest[0m] Got request: GET /ndt/get_graph_data
[2026-09-01 03:08:13.185] [info] [[94mHttpSession.cpp[0m:[95m531[0m [96mhandleGetGraphData[0m] Handle Get Graph Data
[2026-09-01 03:08:13.207] [info] [[94mHttpSession.cpp[0m:[95m576[0m [96mhandleGetGraphData[0m] get_graph_data success
[2026-09-01 03:08:13.435] [info] [[94mControllerAndOtherEventHandler.cpp[0m:[95m239[0m [96moperator()[0m] Accepted new connection
[2026-09-01 03:08:13.435] [info] [[94mHttpSession.cpp[0m:[95m96[0m [96mhandleRequest[0m] Got request: GET /ndt/get_graph_data
[2026-09-01 03:08:13.435] [info] [[94mHttpSession.cpp[0m:[95m531[0m [96mhandleGetGraphData[0m] Handle Get Graph Data
[2026-09-01 03:08:13.456] [info] [[94mHttpSession.cpp[0m:[95m576[0m [96mhandleGetGraphData[0m] get_graph_data success
[2026-09-01 03:08:13.685] [info] [[94mControllerAndOtherEventHandler.cpp[0m:[95m239[0m [96moperator()[0m] Accepted new connection
[2026-09-01 03:08:13.685] [info] [[94mHttpSession.cpp[0m:[95m96[0m [96mhandleRequest[0m] Got request: GET /ndt/get_graph_data
[2026-09-01 03:08:13.685] [info] [[94mHttpSession.cpp[0m:[95m531[0m [96mhandleGetGraphData[0m] Handle Get Graph Data
[2026-09-01 03:08:13.706] [info] [[94mHttpSession.cpp[0m:[95m576[0m [96mhandleGetGraphData[0m] get_graph_data success
[2026-09-01 03:08:13.935] [info] [[94mControllerAndOtherEventHandler.cpp[0m:[95m239[0m [96moperator()[0m] Accepted new connection
[2026-09-01 03:08:13.935] [info] [[94mHttpSession.cpp[0m:[95m96[0m [96mhandleRequest[0m] Got request: GET /ndt/get_graph_data
[2026-09-01 03:08:13.935] [info] [[94mHttpSession.cpp[0m:[95m531[0m [96mhandleGetGraphData[0m] Handle Get Graph Data
[2026-09-01 03:08:13.955] [info] [[94mHttpSession.cpp[0m:[95m576[0m [96mhandleGetGraphData[0m] get_graph_data success
[2026-09-01 03:08:14.185] [info] [[94mControllerAndOtherEventHandler.cpp[0m:[95m239[0m [96moperator()[0m] Accepted new connection
[2026-09-01 03:08:14.185] [info] [[94mHttpSession.cpp[0m:[95m96[0m [96mhandleRequest[0m] Got request: GET /ndt/get_graph_data
[2026-09-01 03:08:14.185] [info] [[94mHttpSession.cpp[0m:[95m531[0m [96mhandleGetGraphData[0m] Handle Get Graph Data
[2026-09-01 03:08:14.205] [info] [[94mHttpSession.cpp[0m:[95m576[0m [96mhandleGetGraphData[0m] get_graph_data success
[2026-09-01 03:08:14.435] [info] [[94mControllerAndOtherEventHandler.cpp[0m:[95m239[0m [96moperator()[0m] Accepted new connection
[2026-09-01 03:08:14.435] [info] [[94mHttpSession.cpp[0m:[95m96[0m [96mhandleRequest[0m] Got request: GET /ndt/get_graph_data
[2026-09-01 03:08:14.435] [info] [[94mHttpSession.cpp[0m:[95m531[0m [96mhandleGetGraphData[0m] Handle Get Graph Data
[2026-09-01 03:08:14.450] [info] [[94mHttpSession.cpp[0m:[95m576[0m [96mhandleGetGraphData[0m] get_graph_data success
[2026-09-01 03:08:14.685] [info] [[94mControllerAndOtherEventHandler.cpp[0m:[95m239[0m [96moperator()[0m] Accepted new connection
[2026-09-01 03:08:14.685] [info] [[94mHttpSession.cpp[0m:[95m96[0m [96mhandleRequest[0m] Got request: GET /ndt/get_graph_data
[2026-09-01 03:08:14.685] [info] [[94mHttpSession.cpp[0m:[95m531[0m [96mhandleGetGraphData[0m] Handle Get Graph Data
[2026-09-01 03:08:14.700] [info] [[94mHttpSession.cpp[0m:[95m576[0m [96mhandleGetGraphData[0m] get_graph_data success
[2026-09-01 03:08:14.935] [info] [[94mControllerAndOtherEventHandler.cpp[0m:[95m239[0m [96moperator()[0m] Accepted new connection
[2026-09-01 03:08:14.935] [info] [[94mHttpSession.cpp[0m:[95m96[0m [96mhandleRequest[0m] Got request: GET /ndt/get_graph_data
[2026-09-01 03:08:14.935] [info] [[94mHttpSession.cpp[0m:[95m531[0m [96mhandleGetGraphData[0m] Handle Get Graph Data
[2026-09-01 03:08:14.951] [info] [[94mHttpSession.cpp[0m:[95m576[0m [96mhandleGetGraphData[0m] get_graph_data success
[2026-09-01 03:08:15.185] [info] [[94mControllerAndOtherEventHandler.cpp[0m:[95m239[0m [96moperator()[0m] Accepted new connection
[2026-09-01 03:08:15.185] [info] [[94mHttpSession.cpp[0m:[95m96[0m [96mhandleRequest[0m] Got request: GET /ndt/get_graph_data
[2026-09-01 03:08:15.185] [info] [[94mHttpSession.cpp[0m:[95m531[0m [96mhandleGetGraphData[0m] Handle Get Graph Data
[2026-09-01 03:08:15.200] [info] [[94mHttpSession.cpp[0m:[95m576[0m [96mhandleGetGraphData[0m] get_graph_data success
[2026-09-01 03:08:15.436] [info] [[94mControllerAndOtherEventHandler.cpp[0m:[95m239[0m [96moperator()[0m] Accepted new connection
[2026-09-01 03:08:15.436] [info] [[94mHttpSession.cpp[0m:[95m96[0m [96mhandleRequest[0m] Got request: GET /ndt/get_graph_data
[2026-09-01 03:08:15.436] [info] [[94mHttpSession.cpp[0m:[95m531[0m [96mhandleGetGraphData[0m] Handle Get Graph Data
[2026-09-01 03:08:15.452] [info] [[94mHttpSession.cpp[0m:[95m576[0m [96mhandleGetGraphData[0m] get_graph_data success
[2026-09-01 03:08:15.685] [info] [[94mControllerAndOtherEventHandler.cpp[0m:[95m239[0m [96moperator()[0m] Accepted new connection
[2026-09-01 03:08:15.685] [info] [[94mHttpSession.cpp[0m:[95m96[0m [96mhandleRequest[0m] Got request: GET /ndt/get_graph_data
[2026-09-01 03:08:15.685] [info] [[94mHttpSession.cpp[0m:[95m531[0m [96mhandleGetGraphData[0m] Handle Get Graph Data
[2026-09-01 03:08:15.700] [info] [[94mHttpSession.cpp[0m:[95m576[0m [96mhandleGetGraphData[0m] get_graph_data success
[2026-09-01 03:08:15.935] [info] [[94mControllerAndOtherEventHandler.cpp[0m:[95m239[0m [96moperator()[0m] Accepted new connection
[2026-09-01 03:08:15.935] [info] [[94mHttpSession.cpp[0m:[95m96[0m [96mhandleRequest[0m] Got request: GET /ndt/get_graph_data
[2026-09-01 03:08:15.935] [info] [[94mHttpSession.cpp[0m:[95m531[0m [96mhandleGetGraphData[0m] Handle Get Graph Data
[2026-09-01 03:08:15.957] [info] [[94mHttpSession.cpp[0m:[95m576[0m [96mhandleGetGraphData[0m] get_graph_data success
[2026-09-01 03:08:16.185] [info] [[94mControllerAndOtherEventHandler.cpp[0m:[95m239[0m [96moperator()[0m] Accepted new connection
[2026-09-01 03:08:16.185] [info] [[94mHttpSession.cpp[0m:[95m96[0m [96mhandleRequest[0m] Got request: GET /ndt/get_graph_data
[2026-09-01 03:08:16.185] [info] [[94mHttpSession.cpp[0m:[95m531[0m [96mhandleGetGraphData[0m] Handle Get Graph Data
[2026-09-01 03:08:16.200] [info] [[94mHttpSession.cpp[0m:[95m576[0m [96mhandleGetGraphData[0m] get_graph_data success
[2026-09-01 03:08:16.435] [info] [[94mControllerAndOtherEventHandler.cpp[0m:[95m239[0m [96moperator()[0m] Accepted new connection
[2026-09-01 03:08:16.435] [info] [[94mHttpSession.cpp[0m:[95m96[0m [96mhandleRequest[0m] Got request: GET /ndt/get_graph_data
[2026-09-01 03:08:16.435] [info] [[94mHttpSession.cpp[0m:[95m531[0m [96mhandleGetGraphData[0m] Handle Get Graph Data
[2026-09-01 03:08:16.444] [info] [[94mFlowLinkUsageCollector.cpp[0m:[95m1807[0m [96mcalAvgFlowSendingRatesPeriodically[0m] rate loop period: last 30 iters mean 1001.4 ms | since start (209 iters) mean 1001.2 ms, min 1000.1, max 1004.3 (flows=1, counters=4) -- the LAST-N figure is the current denominator; the since-start one lags it
[2026-09-01 03:08:16.446] [info] [[94mFlowLinkUsageCollector.cpp[0m:[95m2016[0m [96mcalAvgFlowSendingRatesPeriodically[0m] rate divisor check: measured_interval_s=1.001381 divisor_used_s=1.001381 (ticket Q gate: these must agree to 1%; a negative divisor means no rate has been published yet, which is not a pass)
[2026-09-01 03:08:16.457] [info] [[94mHttpSession.cpp[0m:[95m576[0m [96mhandleGetGraphData[0m] get_graph_data success
[2026-09-01 03:08:16.686] [info] [[94mControllerAndOtherEventHandler.cpp[0m:[95m239[0m [96moperator()[0m] Accepted new connection
[2026-09-01 03:08:16.686] [info] [[94mHttpSession.cpp[0m:[95m96[0m [96mhandleRequest[0m] Got request: GET /ndt/get_graph_data
[2026-09-01 03:08:16.686] [info] [[94mHttpSession.cpp[0m:[95m531[0m [96mhandleGetGraphData[0m] Handle Get Graph Data
[2026-09-01 03:08:16.708] [info] [[94mHttpSession.cpp[0m:[95m576[0m [96mhandleGetGraphData[0m] get_graph_data success
[2026-09-01 03:08:16.935] [info] [[94mControllerAndOtherEventHandler.cpp[0m:[95m239[0m [96moperator()[0m] Accepted new connection
[2026-09-01 03:08:16.936] [info] [[94mHttpSession.cpp[0m:[95m96[0m [96mhandleRequest[0m] Got request: GET /ndt/get_graph_data
[2026-09-01 03:08:16.936] [info] [[94mHttpSession.cpp[0m:[95m531[0m [96mhandleGetGraphData[0m] Handle Get Graph Data
[2026-09-01 03:08:16.957] [info] [[94mHttpSession.cpp[0m:[95m576[0m [96mhandleGetGraphData[0m] get_graph_data success
[2026-09-01 03:08:17.186] [info] [[94mControllerAndOtherEventHandler.cpp[0m:[95m239[0m [96moperator()[0m] Accepted new connection
[2026-09-01 03:08:17.186] [info] [[94mHttpSession.cpp[0m:[95m96[0m [96mhandleRequest[0m] Got request: GET /ndt/get_graph_data
[2026-09-01 03:08:17.186] [info] [[94mHttpSession.cpp[0m:[95m531[0m [96mhandleGetGraphData[0m] Handle Get Graph Data
[2026-09-01 03:08:17.207] [info] [[94mHttpSession.cpp[0m:[95m576[0m [96mhandleGetGraphData[0m] get_graph_data success
[2026-09-01 03:08:17.436] [info] [[94mControllerAndOtherEventHandler.cpp[0m:[95m239[0m [96moperator()[0m] Accepted new connection
[2026-09-01 03:08:17.436] [info] [[94mHttpSession.cpp[0m:[95m96[0m [96mhandleRequest[0m] Got request: GET /ndt/get_graph_data
[2026-09-01 03:08:17.436] [info] [[94mHttpSession.cpp[0m:[95m531[0m [96mhandleGetGraphData[0m] Handle Get Graph Data
[2026-09-01 03:08:17.457] [info] [[94mHttpSession.cpp[0m:[95m576[0m [96mhandleGetGraphData[0m] get_graph_data success
[2026-09-01 03:08:17.686] [info] [[94mControllerAndOtherEventHandler.cpp[0m:[95m239[0m [96moperator()[0m] Accepted new connection
[2026-09-01 03:08:17.686] [info] [[94mHttpSession.cpp[0m:[95m96[0m [96mhandleRequest[0m] Got request: GET /ndt/get_graph_data
[2026-09-01 03:08:17.686] [info] [[94mHttpSession.cpp[0m:[95m531[0m [96mhandleGetGraphData[0m] Handle Get Graph Data
[2026-09-01 03:08:17.701] [info] [[94mHttpSession.cpp[0m:[95m576[0m [96mhandleGetGraphData[0m] get_graph_data success
[2026-09-01 03:08:17.936] [info] [[94mControllerAndOtherEventHandler.cpp[0m:[95m239[0m [96moperator()[0m] Accepted new connection
[2026-09-01 03:08:17.937] [info] [[94mHttpSession.cpp[0m:[95m96[0m [96mhandleRequest[0m] Got request: GET /ndt/get_graph_data
[2026-09-01 03:08:17.937] [info] [[94mHttpSession.cpp[0m:[95m531[0m [96mhandleGetGraphData[0m] Handle Get Graph Data
[2026-09-01 03:08:17.954] [info] [[94mHttpSession.cpp[0m:[95m576[0m [96mhandleGetGraphData[0m] get_graph_data success
[2026-09-01 03:08:18.186] [info] [[94mControllerAndOtherEventHandler.cpp[0m:[95m239[0m [96moperator()[0m] Accepted new connection
[2026-09-01 03:08:18.186] [info] [[94mHttpSession.cpp[0m:[95m96[0m [96mhandleRequest[0m] Got request: GET /ndt/get_graph_data
[2026-09-01 03:08:18.186] [info] [[94mHttpSession.cpp[0m:[95m531[0m [96mhandleGetGraphData[0m] Handle Get Graph Data
[2026-09-01 03:08:18.207] [info] [[94mHttpSession.cpp[0m:[95m576[0m [96mhandleGetGraphData[0m] get_graph_data success
[2026-09-01 03:08:18.436] [info] [[94mControllerAndOtherEventHandler.cpp[0m:[95m239[0m [96moperator()[0m] Accepted new connection
[2026-09-01 03:08:18.437] [info] [[94mHttpSession.cpp[0m:[95m96[0m [96mhandleRequest[0m] Got request: GET /ndt/get_graph_data
[2026-09-01 03:08:18.437] [info] [[94mHttpSession.cpp[0m:[95m531[0m [96mhandleGetGraphData[0m] Handle Get Graph Data
[2026-09-01 03:08:18.454] [info] [[94mHttpSession.cpp[0m:[95m576[0m [96mhandleGetGraphData[0m] get_graph_data success
[2026-09-01 03:08:18.686] [info] [[94mControllerAndOtherEventHandler.cpp[0m:[95m239[0m [96moperator()[0m] Accepted new connection
[2026-09-01 03:08:18.686] [info] [[94mHttpSession.cpp[0m:[95m96[0m [96mhandleRequest[0m] Got request: GET /ndt/get_graph_data
[2026-09-01 03:08:18.686] [info] [[94mHttpSession.cpp[0m:[95m531[0m [96mhandleGetGraphData[0m] Handle Get Graph Data
[2026-09-01 03:08:18.708] [info] [[94mHttpSession.cpp[0m:[95m576[0m [96mhandleGetGraphData[0m] get_graph_data success
[2026-09-01 03:08:18.937] [info] [[94mControllerAndOtherEventHandler.cpp[0m:[95m239[0m [96moperator()[0m] Accepted new connection
[2026-09-01 03:08:18.937] [info] [[94mHttpSession.cpp[0m:[95m96[0m [96mhandleRequest[0m] Got request: GET /ndt/get_graph_data
[2026-09-01 03:08:18.937] [info] [[94mHttpSession.cpp[0m:[95m531[0m [96mhandleGetGraphData[0m] Handle Get Graph Data
[2026-09-01 03:08:18.959] [info] [[94mHttpSession.cpp[0m:[95m576[0m [96mhandleGetGraphData[0m] get_graph_data success
[2026-09-01 03:08:19.186] [info] [[94mControllerAndOtherEventHandler.cpp[0m:[95m239[0m [96moperator()[0m] Accepted new connection
[2026-09-01 03:08:19.186] [info] [[94mHttpSession.cpp[0m:[95m96[0m [96mhandleRequest[0m] Got request: GET /ndt/get_graph_data
[2026-09-01 03:08:19.186] [info] [[94mHttpSession.cpp[0m:[95m531[0m [96mhandleGetGraphData[0m] Handle Get Graph Data
[2026-09-01 03:08:19.204] [info] [[94mHttpSession.cpp[0m:[95m576[0m [96mhandleGetGraphData[0m] get_graph_data success
[2026-09-01 03:08:19.436] [info] [[94mControllerAndOtherEventHandler.cpp[0m:[95m239[0m [96moperator()[0m] Accepted new connection
[2026-09-01 03:08:19.436] [info] [[94mHttpSession.cpp[0m:[95m96[0m [96mhandleRequest[0m] Got request: GET /ndt/get_graph_data
[2026-09-01 03:08:19.436] [info] [[94mHttpSession.cpp[0m:[95m531[0m [96mhandleGetGraphData[0m] Handle Get Graph Data
[2026-09-01 03:08:19.452] [info] [[94mHttpSession.cpp[0m:[95m576[0m [96mhandleGetGraphData[0m] get_graph_data success
[2026-09-01 03:08:19.686] [info] [[94mControllerAndOtherEventHandler.cpp[0m:[95m239[0m [96moperator()[0m] Accepted new connection
[2026-09-01 03:08:19.686] [info] [[94mHttpSession.cpp[0m:[95m96[0m [96mhandleRequest[0m] Got request: GET /ndt/get_graph_data
[2026-09-01 03:08:19.686] [info] [[94mHttpSession.cpp[0m:[95m531[0m [96mhandleGetGraphData[0m] Handle Get Graph Data
[2026-09-01 03:08:19.707] [info] [[94mHttpSession.cpp[0m:[95m576[0m [96mhandleGetGraphData[0m] get_graph_data success
[2026-09-01 03:08:19.937] [info] [[94mControllerAndOtherEventHandler.cpp[0m:[95m239[0m [96moperator()[0m] Accepted new connection
[2026-09-01 03:08:19.937] [info] [[94mHttpSession.cpp[0m:[95m96[0m [96mhandleRequest[0m] Got request: GET /ndt/get_graph_data
[2026-09-01 03:08:19.937] [info] [[94mHttpSession.cpp[0m:[95m531[0m [96mhandleGetGraphData[0m] Handle Get Graph Data
[2026-09-01 03:08:19.958] [info] [[94mHttpSession.cpp[0m:[95m576[0m [96mhandleGetGraphData[0m] get_graph_data success
[2026-09-01 03:08:20.187] [info] [[94mControllerAndOtherEventHandler.cpp[0m:[95m239[0m [96moperator()[0m] Accepted new connection
[2026-09-01 03:08:20.187] [info] [[94mHttpSession.cpp[0m:[95m96[0m [96mhandleRequest[0m] Got request: GET /ndt/get_graph_data
[2026-09-01 03:08:20.187] [info] [[94mHttpSession.cpp[0m:[95m531[0m [96mhandleGetGraphData[0m] Handle Get Graph Data
[2026-09-01 03:08:20.209] [info] [[94mHttpSession.cpp[0m:[95m576[0m [96mhandleGetGraphData[0m] get_graph_data success
[2026-09-01 03:08:20.437] [info] [[94mControllerAndOtherEventHandler.cpp[0m:[95m239[0m [96moperator()[0m] Accepted new connection
[2026-09-01 03:08:20.437] [info] [[94mHttpSession.cpp[0m:[95m96[0m [96mhandleRequest[0m] Got request: GET /ndt/get_graph_data
[2026-09-01 03:08:20.438] [info] [[94mHttpSession.cpp[0m:[95m531[0m [96mhandleGetGraphData[0m] Handle Get Graph Data
[2026-09-01 03:08:20.459] [info] [[94mHttpSession.cpp[0m:[95m576[0m [96mhandleGetGraphData[0m] get_graph_data success
[2026-09-01 03:08:20.687] [info] [[94mControllerAndOtherEventHandler.cpp[0m:[95m239[0m [96moperator()[0m] Accepted new connection
[2026-09-01 03:08:20.687] [info] [[94mHttpSession.cpp[0m:[95m96[0m [96mhandleRequest[0m] Got request: GET /ndt/get_graph_data
[2026-09-01 03:08:20.687] [info] [[94mHttpSession.cpp[0m:[95m531[0m [96mhandleGetGraphData[0m] Handle Get Graph Data
[2026-09-01 03:08:20.709] [info] [[94mHttpSession.cpp[0m:[95m576[0m [96mhandleGetGraphData[0m] get_graph_data success
[2026-09-01 03:08:20.937] [info] [[94mControllerAndOtherEventHandler.cpp[0m:[95m239[0m [96moperator()[0m] Accepted new connection
[2026-09-01 03:08:20.937] [info] [[94mHttpSession.cpp[0m:[95m96[0m [96mhandleRequest[0m] Got request: GET /ndt/get_graph_data
[2026-09-01 03:08:20.937] [info] [[94mHttpSession.cpp[0m:[95m531[0m [96mhandleGetGraphData[0m] Handle Get Graph Data
[2026-09-01 03:08:20.954] [info] [[94mHttpSession.cpp[0m:[95m576[0m [96mhandleGetGraphData[0m] get_graph_data success
[2026-09-01 03:08:21.187] [info] [[94mControllerAndOtherEventHandler.cpp[0m:[95m239[0m [96moperator()[0m] Accepted new connection
[2026-09-01 03:08:21.187] [info] [[94mHttpSession.cpp[0m:[95m96[0m [96mhandleRequest[0m] Got request: GET /ndt/get_graph_data
[2026-09-01 03:08:21.187] [info] [[94mHttpSession.cpp[0m:[95m531[0m [96mhandleGetGraphData[0m] Handle Get Graph Data
[2026-09-01 03:08:21.208] [info] [[94mHttpSession.cpp[0m:[95m576[0m [96mhandleGetGraphData[0m] get_graph_data success
[2026-09-01 03:08:21.437] [info] [[94mControllerAndOtherEventHandler.cpp[0m:[95m239[0m [96moperator()[0m] Accepted new connection
[2026-09-01 03:08:21.437] [info] [[94mHttpSession.cpp[0m:[95m96[0m [96mhandleRequest[0m] Got request: GET /ndt/get_graph_data
[2026-09-01 03:08:21.437] [info] [[94mHttpSession.cpp[0m:[95m531[0m [96mhandleGetGraphData[0m] Handle Get Graph Data
[2026-09-01 03:08:21.458] [info] [[94mHttpSession.cpp[0m:[95m576[0m [96mhandleGetGraphData[0m] get_graph_data success
[2026-09-01 03:08:21.687] [info] [[94mControllerAndOtherEventHandler.cpp[0m:[95m239[0m [96moperator()[0m] Accepted new connection
[2026-09-01 03:08:21.687] [info] [[94mHttpSession.cpp[0m:[95m96[0m [96mhandleRequest[0m] Got request: GET /ndt/get_graph_data
[2026-09-01 03:08:21.687] [info] [[94mHttpSession.cpp[0m:[95m531[0m [96mhandleGetGraphData[0m] Handle Get Graph Data
[2026-09-01 03:08:21.708] [info] [[94mHttpSession.cpp[0m:[95m576[0m [96mhandleGetGraphData[0m] get_graph_data success
[2026-09-01 03:08:21.937] [info] [[94mControllerAndOtherEventHandler.cpp[0m:[95m239[0m [96moperator()[0m] Accepted new connection
[2026-09-01 03:08:21.937] [info] [[94mHttpSession.cpp[0m:[95m96[0m [96mhandleRequest[0m] Got request: GET /ndt/get_graph_data
[2026-09-01 03:08:21.937] [info] [[94mHttpSession.cpp[0m:[95m531[0m [96mhandleGetGraphData[0m] Handle Get Graph Data
[2026-09-01 03:08:21.959] [info] [[94mHttpSession.cpp[0m:[95m576[0m [96mhandleGetGraphData[0m] get_graph_data success
[2026-09-01 03:08:22.187] [info] [[94mControllerAndOtherEventHandler.cpp[0m:[95m239[0m [96moperator()[0m] Accepted new connection
[2026-09-01 03:08:22.187] [info] [[94mHttpSession.cpp[0m:[95m96[0m [96mhandleRequest[0m] Got request: GET /ndt/get_graph_data
[2026-09-01 03:08:22.187] [info] [[94mHttpSession.cpp[0m:[95m531[0m [96mhandleGetGraphData[0m] Handle Get Graph Data
[2026-09-01 03:08:22.209] [info] [[94mHttpSession.cpp[0m:[95m576[0m [96mhandleGetGraphData[0m] get_graph_data success
[2026-09-01 03:08:22.438] [info] [[94mControllerAndOtherEventHandler.cpp[0m:[95m239[0m [96moperator()[0m] Accepted new connection
[2026-09-01 03:08:22.438] [info] [[94mHttpSession.cpp[0m:[95m96[0m [96mhandleRequest[0m] Got request: GET /ndt/get_graph_data
[2026-09-01 03:08:22.438] [info] [[94mHttpSession.cpp[0m:[95m531[0m [96mhandleGetGraphData[0m] Handle Get Graph Data
[2026-09-01 03:08:22.459] [info] [[94mHttpSession.cpp[0m:[95m576[0m [96mhandleGetGraphData[0m] get_graph_data success
[2026-09-01 03:08:22.688] [info] [[94mControllerAndOtherEventHandler.cpp[0m:[95m239[0m [96moperator()[0m] Accepted new connection
[2026-09-01 03:08:22.688] [info] [[94mHttpSession.cpp[0m:[95m96[0m [96mhandleRequest[0m] Got request: GET /ndt/get_graph_data
[2026-09-01 03:08:22.688] [info] [[94mHttpSession.cpp[0m:[95m531[0m [96mhandleGetGraphData[0m] Handle Get Graph Data
[2026-09-01 03:08:22.710] [info] [[94mHttpSession.cpp[0m:[95m576[0m [96mhandleGetGraphData[0m] get_graph_data success
[2026-09-01 03:08:22.938] [info] [[94mControllerAndOtherEventHandler.cpp[0m:[95m239[0m [96moperator()[0m] Accepted new connection
[2026-09-01 03:08:22.938] [info] [[94mHttpSession.cpp[0m:[95m96[0m [96mhandleRequest[0m] Got request: GET /ndt/get_graph_data
[2026-09-01 03:08:22.938] [info] [[94mHttpSession.cpp[0m:[95m531[0m [96mhandleGetGraphData[0m] Handle Get Graph Data
[2026-09-01 03:08:22.959] [info] [[94mHttpSession.cpp[0m:[95m576[0m [96mhandleGetGraphData[0m] get_graph_data success
[2026-09-01 03:08:23.187] [info] [[94mControllerAndOtherEventHandler.cpp[0m:[95m239[0m [96moperator()[0m] Accepted new connection
[2026-09-01 03:08:23.187] [info] [[94mHttpSession.cpp[0m:[95m96[0m [96mhandleRequest[0m] Got request: GET /ndt/get_graph_data
[2026-09-01 03:08:23.187] [info] [[94mHttpSession.cpp[0m:[95m531[0m [96mhandleGetGraphData[0m] Handle Get Graph Data
[2026-09-01 03:08:23.205] [info] [[94mHttpSession.cpp[0m:[95m576[0m [96mhandleGetGraphData[0m] get_graph_data success
[2026-09-01 03:08:23.438] [info] [[94mControllerAndOtherEventHandler.cpp[0m:[95m239[0m [96moperator()[0m] Accepted new connection
[2026-09-01 03:08:23.438] [info] [[94mHttpSession.cpp[0m:[95m96[0m [96mhandleRequest[0m] Got request: GET /ndt/get_graph_data
[2026-09-01 03:08:23.438] [info] [[94mHttpSession.cpp[0m:[95m531[0m [96mhandleGetGraphData[0m] Handle Get Graph Data
[2026-09-01 03:08:23.459] [info] [[94mHttpSession.cpp[0m:[95m576[0m [96mhandleGetGraphData[0m] get_graph_data success
[2026-09-01 03:08:23.688] [info] [[94mControllerAndOtherEventHandler.cpp[0m:[95m239[0m [96moperator()[0m] Accepted new connection
[2026-09-01 03:08:23.688] [info] [[94mHttpSession.cpp[0m:[95m96[0m [96mhandleRequest[0m] Got request: GET /ndt/get_graph_data
[2026-09-01 03:08:23.688] [info] [[94mHttpSession.cpp[0m:[95m531[0m [96mhandleGetGraphData[0m] Handle Get Graph Data
[2026-09-01 03:08:23.702] [info] [[94mHttpSession.cpp[0m:[95m576[0m [96mhandleGetGraphData[0m] get_graph_data success
[2026-09-01 03:08:23.938] [info] [[94mControllerAndOtherEventHandler.cpp[0m:[95m239[0m [96moperator()[0m] Accepted new connection
[2026-09-01 03:08:23.938] [info] [[94mHttpSession.cpp[0m:[95m96[0m [96mhandleRequest[0m] Got request: GET /ndt/get_graph_data
[2026-09-01 03:08:23.938] [info] [[94mHttpSession.cpp[0m:[95m531[0m [96mhandleGetGraphData[0m] Handle Get Graph Data
[2026-09-01 03:08:23.952] [info] [[94mHttpSession.cpp[0m:[95m576[0m [96mhandleGetGraphData[0m] get_graph_data success
[2026-09-01 03:08:24.188] [info] [[94mControllerAndOtherEventHandler.cpp[0m:[95m239[0m [96moperator()[0m] Accepted new connection
[2026-09-01 03:08:24.188] [info] [[94mHttpSession.cpp[0m:[95m96[0m [96mhandleRequest[0m] Got request: GET /ndt/get_graph_data
[2026-09-01 03:08:24.188] [info] [[94mHttpSession.cpp[0m:[95m531[0m [96mhandleGetGraphData[0m] Handle Get Graph Data
[2026-09-01 03:08:24.203] [info] [[94mHttpSession.cpp[0m:[95m576[0m [96mhandleGetGraphData[0m] get_graph_data success
[2026-09-01 03:08:24.438] [info] [[94mControllerAndOtherEventHandler.cpp[0m:[95m239[0m [96moperator()[0m] Accepted new connection
[2026-09-01 03:08:24.438] [info] [[94mHttpSession.cpp[0m:[95m96[0m [96mhandleRequest[0m] Got request: GET /ndt/get_graph_data
[2026-09-01 03:08:24.438] [info] [[94mHttpSession.cpp[0m:[95m531[0m [96mhandleGetGraphData[0m] Handle Get Graph Data
[2026-09-01 03:08:24.459] [info] [[94mHttpSession.cpp[0m:[95m576[0m [96mhandleGetGraphData[0m] get_graph_data success
[2026-09-01 03:08:24.688] [info] [[94mControllerAndOtherEventHandler.cpp[0m:[95m239[0m [96moperator()[0m] Accepted new connection
[2026-09-01 03:08:24.688] [info] [[94mHttpSession.cpp[0m:[95m96[0m [96mhandleRequest[0m] Got request: GET /ndt/get_graph_data
[2026-09-01 03:08:24.688] [info] [[94mHttpSession.cpp[0m:[95m531[0m [96mhandleGetGraphData[0m] Handle Get Graph Data
[2026-09-01 03:08:24.709] [info] [[94mHttpSession.cpp[0m:[95m576[0m [96mhandleGetGraphData[0m] get_graph_data success
[2026-09-01 03:08:24.938] [info] [[94mControllerAndOtherEventHandler.cpp[0m:[95m239[0m [96moperator()[0m] Accepted new connection
[2026-09-01 03:08:24.938] [info] [[94mHttpSession.cpp[0m:[95m96[0m [96mhandleRequest[0m] Got request: GET /ndt/get_graph_data
[2026-09-01 03:08:24.938] [info] [[94mHttpSession.cpp[0m:[95m531[0m [96mhandleGetGraphData[0m] Handle Get Graph Data
[2026-09-01 03:08:24.959] [info] [[94mHttpSession.cpp[0m:[95m576[0m [96mhandleGetGraphData[0m] get_graph_data success
[2026-09-01 03:08:25.188] [info] [[94mControllerAndOtherEventHandler.cpp[0m:[95m239[0m [96moperator()[0m] Accepted new connection
[2026-09-01 03:08:25.188] [info] [[94mHttpSession.cpp[0m:[95m96[0m [96mhandleRequest[0m] Got request: GET /ndt/get_graph_data
[2026-09-01 03:08:25.188] [info] [[94mHttpSession.cpp[0m:[95m531[0m [96mhandleGetGraphData[0m] Handle Get Graph Data
[2026-09-01 03:08:25.210] [info] [[94mHttpSession.cpp[0m:[95m576[0m [96mhandleGetGraphData[0m] get_graph_data success
[2026-09-01 03:08:25.439] [info] [[94mControllerAndOtherEventHandler.cpp[0m:[95m239[0m [96moperator()[0m] Accepted new connection
[2026-09-01 03:08:25.439] [info] [[94mHttpSession.cpp[0m:[95m96[0m [96mhandleRequest[0m] Got request: GET /ndt/get_graph_data
[2026-09-01 03:08:25.439] [info] [[94mHttpSession.cpp[0m:[95m531[0m [96mhandleGetGraphData[0m] Handle Get Graph Data
[2026-09-01 03:08:25.454] [info] [[94mHttpSession.cpp[0m:[95m576[0m [96mhandleGetGraphData[0m] get_graph_data success
[2026-09-01 03:08:25.688] [info] [[94mControllerAndOtherEventHandler.cpp[0m:[95m239[0m [96moperator()[0m] Accepted new connection
[2026-09-01 03:08:25.688] [info] [[94mHttpSession.cpp[0m:[95m96[0m [96mhandleRequest[0m] Got request: GET /ndt/get_graph_data
[2026-09-01 03:08:25.688] [info] [[94mHttpSession.cpp[0m:[95m531[0m [96mhandleGetGraphData[0m] Handle Get Graph Data
[2026-09-01 03:08:25.710] [info] [[94mHttpSession.cpp[0m:[95m576[0m [96mhandleGetGraphData[0m] get_graph_data success
[2026-09-01 03:08:25.938] [info] [[94mControllerAndOtherEventHandler.cpp[0m:[95m239[0m [96moperator()[0m] Accepted new connection
[2026-09-01 03:08:25.938] [info] [[94mHttpSession.cpp[0m:[95m96[0m [96mhandleRequest[0m] Got request: GET /ndt/get_graph_data
[2026-09-01 03:08:25.939] [info] [[94mHttpSession.cpp[0m:[95m531[0m [96mhandleGetGraphData[0m] Handle Get Graph Data
[2026-09-01 03:08:25.956] [info] [[94mHttpSession.cpp[0m:[95m576[0m [96mhandleGetGraphData[0m] get_graph_data success
[2026-09-01 03:08:26.189] [info] [[94mControllerAndOtherEventHandler.cpp[0m:[95m239[0m [96moperator()[0m] Accepted new connection
[2026-09-01 03:08:26.189] [info] [[94mHttpSession.cpp[0m:[95m96[0m [96mhandleRequest[0m] Got request: GET /ndt/get_graph_data
[2026-09-01 03:08:26.189] [info] [[94mHttpSession.cpp[0m:[95m531[0m [96mhandleGetGraphData[0m] Handle Get Graph Data
[2026-09-01 03:08:26.208] [info] [[94mHttpSession.cpp[0m:[95m576[0m [96mhandleGetGraphData[0m] get_graph_data success
[2026-09-01 03:08:26.438] [info] [[94mControllerAndOtherEventHandler.cpp[0m:[95m239[0m [96moperator()[0m] Accepted new connection
[2026-09-01 03:08:26.438] [info] [[94mHttpSession.cpp[0m:[95m96[0m [96mhandleRequest[0m] Got request: GET /ndt/get_graph_data
[2026-09-01 03:08:26.438] [info] [[94mHttpSession.cpp[0m:[95m531[0m [96mhandleGetGraphData[0m] Handle Get Graph Data
[2026-09-01 03:08:26.454] [info] [[94mHttpSession.cpp[0m:[95m576[0m [96mhandleGetGraphData[0m] get_graph_data success
[2026-09-01 03:08:26.689] [info] [[94mControllerAndOtherEventHandler.cpp[0m:[95m239[0m [96moperator()[0m] Accepted new connection
[2026-09-01 03:08:26.689] [info] [[94mHttpSession.cpp[0m:[95m96[0m [96mhandleRequest[0m] Got request: GET /ndt/get_graph_data
[2026-09-01 03:08:26.689] [info] [[94mHttpSession.cpp[0m:[95m531[0m [96mhandleGetGraphData[0m] Handle Get Graph Data
[2026-09-01 03:08:26.708] [info] [[94mHttpSession.cpp[0m:[95m576[0m [96mhandleGetGraphData[0m] get_graph_data success
[2026-09-01 03:08:26.939] [info] [[94mControllerAndOtherEventHandler.cpp[0m:[95m239[0m [96moperator()[0m] Accepted new connection
[2026-09-01 03:08:26.939] [info] [[94mHttpSession.cpp[0m:[95m96[0m [96mhandleRequest[0m] Got request: GET /ndt/get_graph_data
[2026-09-01 03:08:26.939] [info] [[94mHttpSession.cpp[0m:[95m531[0m [96mhandleGetGraphData[0m] Handle Get Graph Data
[2026-09-01 03:08:26.953] [info] [[94mHttpSession.cpp[0m:[95m576[0m [96mhandleGetGraphData[0m] get_graph_data success
[2026-09-01 03:08:27.189] [info] [[94mControllerAndOtherEventHandler.cpp[0m:[95m239[0m [96moperator()[0m] Accepted new connection
[2026-09-01 03:08:27.189] [info] [[94mHttpSession.cpp[0m:[95m96[0m [96mhandleRequest[0m] Got request: GET /ndt/get_graph_data
[2026-09-01 03:08:27.189] [info] [[94mHttpSession.cpp[0m:[95m531[0m [96mhandleGetGraphData[0m] Handle Get Graph Data
[2026-09-01 03:08:27.211] [info] [[94mHttpSession.cpp[0m:[95m576[0m [96mhandleGetGraphData[0m] get_graph_data success
[2026-09-01 03:08:27.439] [info] [[94mControllerAndOtherEventHandler.cpp[0m:[95m239[0m [96moperator()[0m] Accepted new connection
[2026-09-01 03:08:27.439] [info] [[94mHttpSession.cpp[0m:[95m96[0m [96mhandleRequest[0m] Got request: GET /ndt/get_graph_data
[2026-09-01 03:08:27.439] [info] [[94mHttpSession.cpp[0m:[95m531[0m [96mhandleGetGraphData[0m] Handle Get Graph Data
[2026-09-01 03:08:27.460] [info] [[94mHttpSession.cpp[0m:[95m576[0m [96mhandleGetGraphData[0m] get_graph_data success
[2026-09-01 03:08:27.689] [info] [[94mControllerAndOtherEventHandler.cpp[0m:[95m239[0m [96moperator()[0m] Accepted new connection
[2026-09-01 03:08:27.689] [info] [[94mHttpSession.cpp[0m:[95m96[0m [96mhandleRequest[0m] Got request: GET /ndt/get_graph_data
[2026-09-01 03:08:27.689] [info] [[94mHttpSession.cpp[0m:[95m531[0m [96mhandleGetGraphData[0m] Handle Get Graph Data
[2026-09-01 03:08:27.704] [info] [[94mHttpSession.cpp[0m:[95m576[0m [96mhandleGetGraphData[0m] get_graph_data success
[2026-09-01 03:08:27.939] [info] [[94mControllerAndOtherEventHandler.cpp[0m:[95m239[0m [96moperator()[0m] Accepted new connection
[2026-09-01 03:08:27.940] [info] [[94mHttpSession.cpp[0m:[95m96[0m [96mhandleRequest[0m] Got request: GET /ndt/get_graph_data
[2026-09-01 03:08:27.940] [info] [[94mHttpSession.cpp[0m:[95m531[0m [96mhandleGetGraphData[0m] Handle Get Graph Data
[2026-09-01 03:08:27.959] [info] [[94mHttpSession.cpp[0m:[95m576[0m [96mhandleGetGraphData[0m] get_graph_data success
[2026-09-01 03:08:28.190] [info] [[94mControllerAndOtherEventHandler.cpp[0m:[95m239[0m [96moperator()[0m] Accepted new connection
[2026-09-01 03:08:28.190] [info] [[94mHttpSession.cpp[0m:[95m96[0m [96mhandleRequest[0m] Got request: GET /ndt/get_graph_data
[2026-09-01 03:08:28.190] [info] [[94mHttpSession.cpp[0m:[95m531[0m [96mhandleGetGraphData[0m] Handle Get Graph Data
[2026-09-01 03:08:28.211] [info] [[94mHttpSession.cpp[0m:[95m576[0m [96mhandleGetGraphData[0m] get_graph_data success
[2026-09-01 03:08:28.439] [info] [[94mControllerAndOtherEventHandler.cpp[0m:[95m239[0m [96moperator()[0m] Accepted new connection
[2026-09-01 03:08:28.439] [info] [[94mHttpSession.cpp[0m:[95m96[0m [96mhandleRequest[0m] Got request: GET /ndt/get_graph_data
[2026-09-01 03:08:28.439] [info] [[94mHttpSession.cpp[0m:[95m531[0m [96mhandleGetGraphData[0m] Handle Get Graph Data
[2026-09-01 03:08:28.460] [info] [[94mHttpSession.cpp[0m:[95m576[0m [96mhandleGetGraphData[0m] get_graph_data success
[2026-09-01 03:08:28.690] [info] [[94mControllerAndOtherEventHandler.cpp[0m:[95m239[0m [96moperator()[0m] Accepted new connection
[2026-09-01 03:08:28.690] [info] [[94mHttpSession.cpp[0m:[95m96[0m [96mhandleRequest[0m] Got request: GET /ndt/get_graph_data
[2026-09-01 03:08:28.690] [info] [[94mHttpSession.cpp[0m:[95m531[0m [96mhandleGetGraphData[0m] Handle Get Graph Data
[2026-09-01 03:08:28.710] [info] [[94mHttpSession.cpp[0m:[95m576[0m [96mhandleGetGraphData[0m] get_graph_data success
[2026-09-01 03:08:28.940] [info] [[94mControllerAndOtherEventHandler.cpp[0m:[95m239[0m [96moperator()[0m] Accepted new connection
[2026-09-01 03:08:28.940] [info] [[94mHttpSession.cpp[0m:[95m96[0m [96mhandleRequest[0m] Got request: GET /ndt/get_graph_data
[2026-09-01 03:08:28.940] [info] [[94mHttpSession.cpp[0m:[95m531[0m [96mhandleGetGraphData[0m] Handle Get Graph Data
[2026-09-01 03:08:28.960] [info] [[94mHttpSession.cpp[0m:[95m576[0m [96mhandleGetGraphData[0m] get_graph_data success
[2026-09-01 03:08:29.190] [info] [[94mControllerAndOtherEventHandler.cpp[0m:[95m239[0m [96moperator()[0m] Accepted new connection
[2026-09-01 03:08:29.190] [info] [[94mHttpSession.cpp[0m:[95m96[0m [96mhandleRequest[0m] Got request: GET /ndt/get_graph_data
[2026-09-01 03:08:29.190] [info] [[94mHttpSession.cpp[0m:[95m531[0m [96mhandleGetGraphData[0m] Handle Get Graph Data
[2026-09-01 03:08:29.211] [info] [[94mHttpSession.cpp[0m:[95m576[0m [96mhandleGetGraphData[0m] get_graph_data success
[2026-09-01 03:08:29.440] [info] [[94mControllerAndOtherEventHandler.cpp[0m:[95m239[0m [96moperator()[0m] Accepted new connection
[2026-09-01 03:08:29.440] [info] [[94mHttpSession.cpp[0m:[95m96[0m [96mhandleRequest[0m] Got request: GET /ndt/get_graph_data
[2026-09-01 03:08:29.440] [info] [[94mHttpSession.cpp[0m:[95m531[0m [96mhandleGetGraphData[0m] Handle Get Graph Data
[2026-09-01 03:08:29.461] [info] [[94mHttpSession.cpp[0m:[95m576[0m [96mhandleGetGraphData[0m] get_graph_data success
[2026-09-01 03:08:29.690] [info] [[94mControllerAndOtherEventHandler.cpp[0m:[95m239[0m [96moperator()[0m] Accepted new connection
[2026-09-01 03:08:29.690] [info] [[94mHttpSession.cpp[0m:[95m96[0m [96mhandleRequest[0m] Got request: GET /ndt/get_graph_data
[2026-09-01 03:08:29.690] [info] [[94mHttpSession.cpp[0m:[95m531[0m [96mhandleGetGraphData[0m] Handle Get Graph Data
[2026-09-01 03:08:29.711] [info] [[94mHttpSession.cpp[0m:[95m576[0m [96mhandleGetGraphData[0m] get_graph_data success
[2026-09-01 03:08:29.940] [info] [[94mControllerAndOtherEventHandler.cpp[0m:[95m239[0m [96moperator()[0m] Accepted new connection
[2026-09-01 03:08:29.940] [info] [[94mHttpSession.cpp[0m:[95m96[0m [96mhandleRequest[0m] Got request: GET /ndt/get_graph_data
[2026-09-01 03:08:29.940] [info] [[94mHttpSession.cpp[0m:[95m531[0m [96mhandleGetGraphData[0m] Handle Get Graph Data
[2026-09-01 03:08:29.957] [info] [[94mHttpSession.cpp[0m:[95m576[0m [96mhandleGetGraphData[0m] get_graph_data success
[2026-09-01 03:08:30.190] [info] [[94mControllerAndOtherEventHandler.cpp[0m:[95m239[0m [96moperator()[0m] Accepted new connection
[2026-09-01 03:08:30.191] [info] [[94mHttpSession.cpp[0m:[95m96[0m [96mhandleRequest[0m] Got request: GET /ndt/get_graph_data
[2026-09-01 03:08:30.191] [info] [[94mHttpSession.cpp[0m:[95m531[0m [96mhandleGetGraphData[0m] Handle Get Graph Data
[2026-09-01 03:08:30.212] [info] [[94mHttpSession.cpp[0m:[95m576[0m [96mhandleGetGraphData[0m] get_graph_data success
[2026-09-01 03:08:30.440] [info] [[94mControllerAndOtherEventHandler.cpp[0m:[95m239[0m [96moperator()[0m] Accepted new connection
[2026-09-01 03:08:30.440] [info] [[94mHttpSession.cpp[0m:[95m96[0m [96mhandleRequest[0m] Got request: GET /ndt/get_graph_data
[2026-09-01 03:08:30.440] [info] [[94mHttpSession.cpp[0m:[95m531[0m [96mhandleGetGraphData[0m] Handle Get Graph Data
[2026-09-01 03:08:30.455] [info] [[94mHttpSession.cpp[0m:[95m576[0m [96mhandleGetGraphData[0m] get_graph_data success
[2026-09-01 03:08:30.690] [info] [[94mControllerAndOtherEventHandler.cpp[0m:[95m239[0m [96moperator()[0m] Accepted new connection
[2026-09-01 03:08:30.691] [info] [[94mHttpSession.cpp[0m:[95m96[0m [96mhandleRequest[0m] Got request: GET /ndt/get_graph_data
[2026-09-01 03:08:30.691] [info] [[94mHttpSession.cpp[0m:[95m531[0m [96mhandleGetGraphData[0m] Handle Get Graph Data
[2026-09-01 03:08:30.707] [info] [[94mHttpSession.cpp[0m:[95m576[0m [96mhandleGetGraphData[0m] get_graph_data success
[2026-09-01 03:08:30.940] [info] [[94mControllerAndOtherEventHandler.cpp[0m:[95m239[0m [96moperator()[0m] Accepted new connection
[2026-09-01 03:08:30.940] [info] [[94mHttpSession.cpp[0m:[95m96[0m [96mhandleRequest[0m] Got request: GET /ndt/get_graph_data
[2026-09-01 03:08:30.940] [info] [[94mHttpSession.cpp[0m:[95m531[0m [96mhandleGetGraphData[0m] Handle Get Graph Data
[2026-09-01 03:08:30.957] [info] [[94mHttpSession.cpp[0m:[95m576[0m [96mhandleGetGraphData[0m] get_graph_data success
[2026-09-01 03:08:31.191] [info] [[94mControllerAndOtherEventHandler.cpp[0m:[95m239[0m [96moperator()[0m] Accepted new connection
[2026-09-01 03:08:31.191] [info] [[94mHttpSession.cpp[0m:[95m96[0m [96mhandleRequest[0m] Got request: GET /ndt/get_graph_data
[2026-09-01 03:08:31.191] [info] [[94mHttpSession.cpp[0m:[95m531[0m [96mhandleGetGraphData[0m] Handle Get Graph Data
[2026-09-01 03:08:31.211] [info] [[94mHttpSession.cpp[0m:[95m576[0m [96mhandleGetGraphData[0m] get_graph_data success
[2026-09-01 03:08:31.440] [info] [[94mControllerAndOtherEventHandler.cpp[0m:[95m239[0m [96moperator()[0m] Accepted new connection
[2026-09-01 03:08:31.440] [info] [[94mHttpSession.cpp[0m:[95m96[0m [96mhandleRequest[0m] Got request: GET /ndt/get_graph_data
[2026-09-01 03:08:31.440] [info] [[94mHttpSession.cpp[0m:[95m531[0m [96mhandleGetGraphData[0m] Handle Get Graph Data
[2026-09-01 03:08:31.462] [info] [[94mHttpSession.cpp[0m:[95m576[0m [96mhandleGetGraphData[0m] get_graph_data success
[2026-09-01 03:08:31.690] [info] [[94mControllerAndOtherEventHandler.cpp[0m:[95m239[0m [96moperator()[0m] Accepted new connection
[2026-09-01 03:08:31.690] [info] [[94mHttpSession.cpp[0m:[95m96[0m [96mhandleRequest[0m] Got request: GET /ndt/get_graph_data
[2026-09-01 03:08:31.690] [info] [[94mHttpSession.cpp[0m:[95m531[0m [96mhandleGetGraphData[0m] Handle Get Graph Data
[2026-09-01 03:08:31.712] [info] [[94mHttpSession.cpp[0m:[95m576[0m [96mhandleGetGraphData[0m] get_graph_data success
[2026-09-01 03:08:31.941] [info] [[94mControllerAndOtherEventHandler.cpp[0m:[95m239[0m [96moperator()[0m] Accepted new connection
[2026-09-01 03:08:31.941] [info] [[94mHttpSession.cpp[0m:[95m96[0m [96mhandleRequest[0m] Got request: GET /ndt/get_graph_data
[2026-09-01 03:08:31.941] [info] [[94mHttpSession.cpp[0m:[95m531[0m [96mhandleGetGraphData[0m] Handle Get Graph Data
[2026-09-01 03:08:31.961] [info] [[94mHttpSession.cpp[0m:[95m576[0m [96mhandleGetGraphData[0m] get_graph_data success
[2026-09-01 03:08:32.190] [info] [[94mControllerAndOtherEventHandler.cpp[0m:[95m239[0m [96moperator()[0m] Accepted new connection
[2026-09-01 03:08:32.191] [info] [[94mHttpSession.cpp[0m:[95m96[0m [96mhandleRequest[0m] Got request: GET /ndt/get_graph_data
[2026-09-01 03:08:32.191] [info] [[94mHttpSession.cpp[0m:[95m531[0m [96mhandleGetGraphData[0m] Handle Get Graph Data
[2026-09-01 03:08:32.211] [info] [[94mHttpSession.cpp[0m:[95m576[0m [96mhandleGetGraphData[0m] get_graph_data success
[2026-09-01 03:08:32.441] [info] [[94mControllerAndOtherEventHandler.cpp[0m:[95m239[0m [96moperator()[0m] Accepted new connection
[2026-09-01 03:08:32.441] [info] [[94mHttpSession.cpp[0m:[95m96[0m [96mhandleRequest[0m] Got request: GET /ndt/get_graph_data
[2026-09-01 03:08:32.441] [info] [[94mHttpSession.cpp[0m:[95m531[0m [96mhandleGetGraphData[0m] Handle Get Graph Data
[2026-09-01 03:08:32.463] [info] [[94mHttpSession.cpp[0m:[95m576[0m [96mhandleGetGraphData[0m] get_graph_data success
[2026-09-01 03:08:32.691] [info] [[94mControllerAndOtherEventHandler.cpp[0m:[95m239[0m [96moperator()[0m] Accepted new connection
[2026-09-01 03:08:32.691] [info] [[94mHttpSession.cpp[0m:[95m96[0m [96mhandleRequest[0m] Got request: GET /ndt/get_graph_data
[2026-09-01 03:08:32.691] [info] [[94mHttpSession.cpp[0m:[95m531[0m [96mhandleGetGraphData[0m] Handle Get Graph Data
[2026-09-01 03:08:32.712] [info] [[94mHttpSession.cpp[0m:[95m576[0m [96mhandleGetGraphData[0m] get_graph_data success
[2026-09-01 03:08:32.941] [info] [[94mControllerAndOtherEventHandler.cpp[0m:[95m239[0m [96moperator()[0m] Accepted new connection
[2026-09-01 03:08:32.941] [info] [[94mHttpSession.cpp[0m:[95m96[0m [96mhandleRequest[0m] Got request: GET /ndt/get_graph_data
[2026-09-01 03:08:32.941] [info] [[94mHttpSession.cpp[0m:[95m531[0m [96mhandleGetGraphData[0m] Handle Get Graph Data
[2026-09-01 03:08:32.957] [info] [[94mHttpSession.cpp[0m:[95m576[0m [96mhandleGetGraphData[0m] get_graph_data success
[2026-09-01 03:08:33.191] [info] [[94mControllerAndOtherEventHandler.cpp[0m:[95m239[0m [96moperator()[0m] Accepted new connection
[2026-09-01 03:08:33.191] [info] [[94mHttpSession.cpp[0m:[95m96[0m [96mhandleRequest[0m] Got request: GET /ndt/get_graph_data
[2026-09-01 03:08:33.191] [info] [[94mHttpSession.cpp[0m:[95m531[0m [96mhandleGetGraphData[0m] Handle Get Graph Data
[2026-09-01 03:08:33.206] [info] [[94mHttpSession.cpp[0m:[95m576[0m [96mhandleGetGraphData[0m] get_graph_data success
[2026-09-01 03:08:33.441] [info] [[94mControllerAndOtherEventHandler.cpp[0m:[95m239[0m [96moperator()[0m] Accepted new connection
[2026-09-01 03:08:33.441] [info] [[94mHttpSession.cpp[0m:[95m96[0m [96mhandleRequest[0m] Got request: GET /ndt/get_graph_data
[2026-09-01 03:08:33.441] [info] [[94mHttpSession.cpp[0m:[95m531[0m [96mhandleGetGraphData[0m] Handle Get Graph Data
[2026-09-01 03:08:33.463] [info] [[94mHttpSession.cpp[0m:[95m576[0m [96mhandleGetGraphData[0m] get_graph_data success
[2026-09-01 03:08:33.691] [info] [[94mControllerAndOtherEventHandler.cpp[0m:[95m239[0m [96moperator()[0m] Accepted new connection
[2026-09-01 03:08:33.691] [info] [[94mHttpSession.cpp[0m:[95m96[0m [96mhandleRequest[0m] Got request: GET /ndt/get_graph_data
[2026-09-01 03:08:33.691] [info] [[94mHttpSession.cpp[0m:[95m531[0m [96mhandleGetGraphData[0m] Handle Get Graph Data
[2026-09-01 03:08:33.712] [info] [[94mHttpSession.cpp[0m:[95m576[0m [96mhandleGetGraphData[0m] get_graph_data success
[2026-09-01 03:08:33.942] [info] [[94mControllerAndOtherEventHandler.cpp[0m:[95m239[0m [96moperator()[0m] Accepted new connection
[2026-09-01 03:08:33.942] [info] [[94mHttpSession.cpp[0m:[95m96[0m [96mhandleRequest[0m] Got request: GET /ndt/get_graph_data
[2026-09-01 03:08:33.942] [info] [[94mHttpSession.cpp[0m:[95m531[0m [96mhandleGetGraphData[0m] Handle Get Graph Data
[2026-09-01 03:08:33.963] [info] [[94mHttpSession.cpp[0m:[95m576[0m [96mhandleGetGraphData[0m] get_graph_data success
[2026-09-01 03:08:34.192] [info] [[94mControllerAndOtherEventHandler.cpp[0m:[95m239[0m [96moperator()[0m] Accepted new connection
[2026-09-01 03:08:34.192] [info] [[94mHttpSession.cpp[0m:[95m96[0m [96mhandleRequest[0m] Got request: GET /ndt/get_graph_data
[2026-09-01 03:08:34.192] [info] [[94mHttpSession.cpp[0m:[95m531[0m [96mhandleGetGraphData[0m] Handle Get Graph Data
[2026-09-01 03:08:34.206] [info] [[94mHttpSession.cpp[0m:[95m576[0m [96mhandleGetGraphData[0m] get_graph_data success
[2026-09-01 03:08:34.441] [info] [[94mControllerAndOtherEventHandler.cpp[0m:[95m239[0m [96moperator()[0m] Accepted new connection
[2026-09-01 03:08:34.441] [info] [[94mHttpSession.cpp[0m:[95m96[0m [96mhandleRequest[0m] Got request: GET /ndt/get_graph_data
[2026-09-01 03:08:34.441] [info] [[94mHttpSession.cpp[0m:[95m531[0m [96mhandleGetGraphData[0m] Handle Get Graph Data
[2026-09-01 03:08:34.459] [info] [[94mHttpSession.cpp[0m:[95m576[0m [96mhandleGetGraphData[0m] get_graph_data success
[2026-09-01 03:08:34.692] [info] [[94mControllerAndOtherEventHandler.cpp[0m:[95m239[0m [96moperator()[0m] Accepted new connection
[2026-09-01 03:08:34.692] [info] [[94mHttpSession.cpp[0m:[95m96[0m [96mhandleRequest[0m] Got request: GET /ndt/get_graph_data
[2026-09-01 03:08:34.692] [info] [[94mHttpSession.cpp[0m:[95m531[0m [96mhandleGetGraphData[0m] Handle Get Graph Data
[2026-09-01 03:08:34.713] [info] [[94mHttpSession.cpp[0m:[95m576[0m [96mhandleGetGraphData[0m] get_graph_data success
[2026-09-01 03:08:34.942] [info] [[94mControllerAndOtherEventHandler.cpp[0m:[95m239[0m [96moperator()[0m] Accepted new connection
[2026-09-01 03:08:34.942] [info] [[94mHttpSession.cpp[0m:[95m96[0m [96mhandleRequest[0m] Got request: GET /ndt/get_graph_data
[2026-09-01 03:08:34.942] [info] [[94mHttpSession.cpp[0m:[95m531[0m [96mhandleGetGraphData[0m] Handle Get Graph Data
[2026-09-01 03:08:34.963] [info] [[94mHttpSession.cpp[0m:[95m576[0m [96mhandleGetGraphData[0m] get_graph_data success
[2026-09-01 03:08:35.191] [info] [[94mControllerAndOtherEventHandler.cpp[0m:[95m239[0m [96moperator()[0m] Accepted new connection
[2026-09-01 03:08:35.192] [info] [[94mHttpSession.cpp[0m:[95m96[0m [96mhandleRequest[0m] Got request: GET /ndt/get_graph_data
[2026-09-01 03:08:35.192] [info] [[94mHttpSession.cpp[0m:[95m531[0m [96mhandleGetGraphData[0m] Handle Get Graph Data
[2026-09-01 03:08:35.212] [info] [[94mHttpSession.cpp[0m:[95m576[0m [96mhandleGetGraphData[0m] get_graph_data success
[2026-09-01 03:08:35.442] [info] [[94mControllerAndOtherEventHandler.cpp[0m:[95m239[0m [96moperator()[0m] Accepted new connection
[2026-09-01 03:08:35.442] [info] [[94mHttpSession.cpp[0m:[95m96[0m [96mhandleRequest[0m] Got request: GET /ndt/get_graph_data
[2026-09-01 03:08:35.442] [info] [[94mHttpSession.cpp[0m:[95m531[0m [96mhandleGetGraphData[0m] Handle Get Graph Data
[2026-09-01 03:08:35.464] [info] [[94mHttpSession.cpp[0m:[95m576[0m [96mhandleGetGraphData[0m] get_graph_data success
[2026-09-01 03:08:35.692] [info] [[94mControllerAndOtherEventHandler.cpp[0m:[95m239[0m [96moperator()[0m] Accepted new connection
[2026-09-01 03:08:35.692] [info] [[94mHttpSession.cpp[0m:[95m96[0m [96mhandleRequest[0m] Got request: GET /ndt/get_graph_data
[2026-09-01 03:08:35.692] [info] [[94mHttpSession.cpp[0m:[95m531[0m [96mhandleGetGraphData[0m] Handle Get Graph Data
[2026-09-01 03:08:35.712] [info] [[94mHttpSession.cpp[0m:[95m576[0m [96mhandleGetGraphData[0m] get_graph_data success
[2026-09-01 03:08:35.942] [info] [[94mControllerAndOtherEventHandler.cpp[0m:[95m239[0m [96moperator()[0m] Accepted new connection
[2026-09-01 03:08:35.942] [info] [[94mHttpSession.cpp[0m:[95m96[0m [96mhandleRequest[0m] Got request: GET /ndt/get_graph_data
[2026-09-01 03:08:35.942] [info] [[94mHttpSession.cpp[0m:[95m531[0m [96mhandleGetGraphData[0m] Handle Get Graph Data
[2026-09-01 03:08:35.963] [info] [[94mHttpSession.cpp[0m:[95m576[0m [96mhandleGetGraphData[0m] get_graph_data success
[2026-09-01 03:08:36.192] [info] [[94mControllerAndOtherEventHandler.cpp[0m:[95m239[0m [96moperator()[0m] Accepted new connection
[2026-09-01 03:08:36.192] [info] [[94mHttpSession.cpp[0m:[95m96[0m [96mhandleRequest[0m] Got request: GET /ndt/get_graph_data
[2026-09-01 03:08:36.192] [info] [[94mHttpSession.cpp[0m:[95m531[0m [96mhandleGetGraphData[0m] Handle Get Graph Data
[2026-09-01 03:08:36.214] [info] [[94mHttpSession.cpp[0m:[95m576[0m [96mhandleGetGraphData[0m] get_graph_data success
[2026-09-01 03:08:36.442] [info] [[94mControllerAndOtherEventHandler.cpp[0m:[95m239[0m [96moperator()[0m] Accepted new connection
[2026-09-01 03:08:36.443] [info] [[94mHttpSession.cpp[0m:[95m96[0m [96mhandleRequest[0m] Got request: GET /ndt/get_graph_data
[2026-09-01 03:08:36.443] [info] [[94mHttpSession.cpp[0m:[95m531[0m [96mhandleGetGraphData[0m] Handle Get Graph Data
[2026-09-01 03:08:36.464] [info] [[94mHttpSession.cpp[0m:[95m576[0m [96mhandleGetGraphData[0m] get_graph_data success
[2026-09-01 03:08:36.692] [info] [[94mControllerAndOtherEventHandler.cpp[0m:[95m239[0m [96moperator()[0m] Accepted new connection
[2026-09-01 03:08:36.693] [info] [[94mHttpSession.cpp[0m:[95m96[0m [96mhandleRequest[0m] Got request: GET /ndt/get_graph_data
[2026-09-01 03:08:36.693] [info] [[94mHttpSession.cpp[0m:[95m531[0m [96mhandleGetGraphData[0m] Handle Get Graph Data
[2026-09-01 03:08:36.715] [info] [[94mHttpSession.cpp[0m:[95m576[0m [96mhandleGetGraphData[0m] get_graph_data success
[2026-09-01 03:08:36.942] [info] [[94mControllerAndOtherEventHandler.cpp[0m:[95m239[0m [96moperator()[0m] Accepted new connection
[2026-09-01 03:08:36.942] [info] [[94mHttpSession.cpp[0m:[95m96[0m [96mhandleRequest[0m] Got request: GET /ndt/get_graph_data
[2026-09-01 03:08:36.942] [info] [[94mHttpSession.cpp[0m:[95m531[0m [96mhandleGetGraphData[0m] Handle Get Graph Data
[2026-09-01 03:08:36.964] [info] [[94mHttpSession.cpp[0m:[95m576[0m [96mhandleGetGraphData[0m] get_graph_data success
[2026-09-01 03:08:37.192] [info] [[94mControllerAndOtherEventHandler.cpp[0m:[95m239[0m [96moperator()[0m] Accepted new connection
[2026-09-01 03:08:37.192] [info] [[94mHttpSession.cpp[0m:[95m96[0m [96mhandleRequest[0m] Got request: GET /ndt/get_graph_data
[2026-09-01 03:08:37.192] [info] [[94mHttpSession.cpp[0m:[95m531[0m [96mhandleGetGraphData[0m] Handle Get Graph Data
[2026-09-01 03:08:37.214] [info] [[94mHttpSession.cpp[0m:[95m576[0m [96mhandleGetGraphData[0m] get_graph_data success
[2026-09-01 03:08:37.442] [info] [[94mControllerAndOtherEventHandler.cpp[0m:[95m239[0m [96moperator()[0m] Accepted new connection
[2026-09-01 03:08:37.443] [info] [[94mHttpSession.cpp[0m:[95m96[0m [96mhandleRequest[0m] Got request: GET /ndt/get_graph_data
[2026-09-01 03:08:37.443] [info] [[94mHttpSession.cpp[0m:[95m531[0m [96mhandleGetGraphData[0m] Handle Get Graph Data
[2026-09-01 03:08:37.462] [info] [[94mHttpSession.cpp[0m:[95m576[0m [96mhandleGetGraphData[0m] get_graph_data success
[2026-09-01 03:08:37.692] [info] [[94mControllerAndOtherEventHandler.cpp[0m:[95m239[0m [96moperator()[0m] Accepted new connection
[2026-09-01 03:08:37.692] [info] [[94mHttpSession.cpp[0m:[95m96[0m [96mhandleRequest[0m] Got request: GET /ndt/get_graph_data
[2026-09-01 03:08:37.692] [info] [[94mHttpSession.cpp[0m:[95m531[0m [96mhandleGetGraphData[0m] Handle Get Graph Data
[2026-09-01 03:08:37.709] [info] [[94mHttpSession.cpp[0m:[95m576[0m [96mhandleGetGraphData[0m] get_graph_data success
[2026-09-01 03:08:37.943] [info] [[94mControllerAndOtherEventHandler.cpp[0m:[95m239[0m [96moperator()[0m] Accepted new connection
[2026-09-01 03:08:37.943] [info] [[94mHttpSession.cpp[0m:[95m96[0m [96mhandleRequest[0m] Got request: GET /ndt/get_graph_data
[2026-09-01 03:08:37.943] [info] [[94mHttpSession.cpp[0m:[95m531[0m [96mhandleGetGraphData[0m] Handle Get Graph Data
[2026-09-01 03:08:37.965] [info] [[94mHttpSession.cpp[0m:[95m576[0m [96mhandleGetGraphData[0m] get_graph_data success
[2026-09-01 03:08:38.193] [info] [[94mControllerAndOtherEventHandler.cpp[0m:[95m239[0m [96moperator()[0m] Accepted new connection
[2026-09-01 03:08:38.193] [info] [[94mHttpSession.cpp[0m:[95m96[0m [96mhandleRequest[0m] Got request: GET /ndt/get_graph_data
[2026-09-01 03:08:38.193] [info] [[94mHttpSession.cpp[0m:[95m531[0m [96mhandleGetGraphData[0m] Handle Get Graph Data
[2026-09-01 03:08:38.214] [info] [[94mHttpSession.cpp[0m:[95m576[0m [96mhandleGetGraphData[0m] get_graph_data success
[2026-09-01 03:08:38.443] [info] [[94mControllerAndOtherEventHandler.cpp[0m:[95m239[0m [96moperator()[0m] Accepted new connection
[2026-09-01 03:08:38.443] [info] [[94mHttpSession.cpp[0m:[95m96[0m [96mhandleRequest[0m] Got request: GET /ndt/get_graph_data
[2026-09-01 03:08:38.443] [info] [[94mHttpSession.cpp[0m:[95m531[0m [96mhandleGetGraphData[0m] Handle Get Graph Data
[2026-09-01 03:08:38.459] [info] [[94mHttpSession.cpp[0m:[95m576[0m [96mhandleGetGraphData[0m] get_graph_data success
[2026-09-01 03:08:38.693] [info] [[94mControllerAndOtherEventHandler.cpp[0m:[95m239[0m [96moperator()[0m] Accepted new connection
[2026-09-01 03:08:38.693] [info] [[94mHttpSession.cpp[0m:[95m96[0m [96mhandleRequest[0m] Got request: GET /ndt/get_graph_data
[2026-09-01 03:08:38.693] [info] [[94mHttpSession.cpp[0m:[95m531[0m [96mhandleGetGraphData[0m] Handle Get Graph Data
[2026-09-01 03:08:38.714] [info] [[94mHttpSession.cpp[0m:[95m576[0m [96mhandleGetGraphData[0m] get_graph_data success
[2026-09-01 03:08:38.943] [info] [[94mControllerAndOtherEventHandler.cpp[0m:[95m239[0m [96moperator()[0m] Accepted new connection
[2026-09-01 03:08:38.943] [info] [[94mHttpSession.cpp[0m:[95m96[0m [96mhandleRequest[0m] Got request: GET /ndt/get_graph_data
[2026-09-01 03:08:38.943] [info] [[94mHttpSession.cpp[0m:[95m531[0m [96mhandleGetGraphData[0m] Handle Get Graph Data
[2026-09-01 03:08:38.964] [info] [[94mHttpSession.cpp[0m:[95m576[0m [96mhandleGetGraphData[0m] get_graph_data success
[2026-09-01 03:08:39.193] [info] [[94mControllerAndOtherEventHandler.cpp[0m:[95m239[0m [96moperator()[0m] Accepted new connection
[2026-09-01 03:08:39.193] [info] [[94mHttpSession.cpp[0m:[95m96[0m [96mhandleRequest[0m] Got request: GET /ndt/get_graph_data
[2026-09-01 03:08:39.193] [info] [[94mHttpSession.cpp[0m:[95m531[0m [96mhandleGetGraphData[0m] Handle Get Graph Data
[2026-09-01 03:08:39.215] [info] [[94mHttpSession.cpp[0m:[95m576[0m [96mhandleGetGraphData[0m] get_graph_data success
[2026-09-01 03:08:39.443] [info] [[94mControllerAndOtherEventHandler.cpp[0m:[95m239[0m [96moperator()[0m] Accepted new connection
[2026-09-01 03:08:39.444] [info] [[94mHttpSession.cpp[0m:[95m96[0m [96mhandleRequest[0m] Got request: GET /ndt/get_graph_data
[2026-09-01 03:08:39.444] [info] [[94mHttpSession.cpp[0m:[95m531[0m [96mhandleGetGraphData[0m] Handle Get Graph Data
[2026-09-01 03:08:39.465] [info] [[94mHttpSession.cpp[0m:[95m576[0m [96mhandleGetGraphData[0m] get_graph_data success
[2026-09-01 03:08:39.693] [info] [[94mControllerAndOtherEventHandler.cpp[0m:[95m239[0m [96moperator()[0m] Accepted new connection
[2026-09-01 03:08:39.694] [info] [[94mHttpSession.cpp[0m:[95m96[0m [96mhandleRequest[0m] Got request: GET /ndt/get_graph_data
[2026-09-01 03:08:39.694] [info] [[94mHttpSession.cpp[0m:[95m531[0m [96mhandleGetGraphData[0m] Handle Get Graph Data
[2026-09-01 03:08:39.709] [info] [[94mHttpSession.cpp[0m:[95m576[0m [96mhandleGetGraphData[0m] get_graph_data success
[2026-09-01 03:08:39.944] [info] [[94mControllerAndOtherEventHandler.cpp[0m:[95m239[0m [96moperator()[0m] Accepted new connection
[2026-09-01 03:08:39.944] [info] [[94mHttpSession.cpp[0m:[95m96[0m [96mhandleRequest[0m] Got request: GET /ndt/get_graph_data
[2026-09-01 03:08:39.944] [info] [[94mHttpSession.cpp[0m:[95m531[0m [96mhandleGetGraphData[0m] Handle Get Graph Data
[2026-09-01 03:08:39.959] [info] [[94mHttpSession.cpp[0m:[95m576[0m [96mhandleGetGraphData[0m] get_graph_data success
[2026-09-01 03:08:40.193] [info] [[94mControllerAndOtherEventHandler.cpp[0m:[95m239[0m [96moperator()[0m] Accepted new connection
[2026-09-01 03:08:40.193] [info] [[94mHttpSession.cpp[0m:[95m96[0m [96mhandleRequest[0m] Got request: GET /ndt/get_graph_data
[2026-09-01 03:08:40.193] [info] [[94mHttpSession.cpp[0m:[95m531[0m [96mhandleGetGraphData[0m] Handle Get Graph Data
[2026-09-01 03:08:40.208] [info] [[94mHttpSession.cpp[0m:[95m576[0m [96mhandleGetGraphData[0m] get_graph_data success
[2026-09-01 03:08:40.443] [info] [[94mControllerAndOtherEventHandler.cpp[0m:[95m239[0m [96moperator()[0m] Accepted new connection
[2026-09-01 03:08:40.459] [info] [[94mHttpSession.cpp[0m:[95m96[0m [96mhandleRequest[0m] Got request: GET /ndt/get_graph_data
[2026-09-01 03:08:40.459] [info] [[94mHttpSession.cpp[0m:[95m531[0m [96mhandleGetGraphData[0m] Handle Get Graph Data
[2026-09-01 03:08:40.481] [info] [[94mHttpSession.cpp[0m:[95m576[0m [96mhandleGetGraphData[0m] get_graph_data success
[2026-09-01 03:08:40.694] [info] [[94mControllerAndOtherEventHandler.cpp[0m:[95m239[0m [96moperator()[0m] Accepted new connection
[2026-09-01 03:08:40.694] [info] [[94mHttpSession.cpp[0m:[95m96[0m [96mhandleRequest[0m] Got request: GET /ndt/get_graph_data
[2026-09-01 03:08:40.694] [info] [[94mHttpSession.cpp[0m:[95m531[0m [96mhandleGetGraphData[0m] Handle Get Graph Data
[2026-09-01 03:08:40.712] [info] [[94mHttpSession.cpp[0m:[95m576[0m [96mhandleGetGraphData[0m] get_graph_data success
[2026-09-01 03:08:40.944] [info] [[94mControllerAndOtherEventHandler.cpp[0m:[95m239[0m [96moperator()[0m] Accepted new connection
[2026-09-01 03:08:40.944] [info] [[94mHttpSession.cpp[0m:[95m96[0m [96mhandleRequest[0m] Got request: GET /ndt/get_graph_data
[2026-09-01 03:08:40.944] [info] [[94mHttpSession.cpp[0m:[95m531[0m [96mhandleGetGraphData[0m] Handle Get Graph Data
[2026-09-01 03:08:40.966] [info] [[94mHttpSession.cpp[0m:[95m576[0m [96mhandleGetGraphData[0m] get_graph_data success
[2026-09-01 03:08:41.194] [info] [[94mControllerAndOtherEventHandler.cpp[0m:[95m239[0m [96moperator()[0m] Accepted new connection
[2026-09-01 03:08:41.194] [info] [[94mHttpSession.cpp[0m:[95m96[0m [96mhandleRequest[0m] Got request: GET /ndt/get_graph_data
[2026-09-01 03:08:41.194] [info] [[94mHttpSession.cpp[0m:[95m531[0m [96mhandleGetGraphData[0m] Handle Get Graph Data
[2026-09-01 03:08:41.209] [info] [[94mHttpSession.cpp[0m:[95m576[0m [96mhandleGetGraphData[0m] get_graph_data success
[2026-09-01 03:08:41.443] [info] [[94mControllerAndOtherEventHandler.cpp[0m:[95m239[0m [96moperator()[0m] Accepted new connection
[2026-09-01 03:08:41.443] [info] [[94mHttpSession.cpp[0m:[95m96[0m [96mhandleRequest[0m] Got request: GET /ndt/get_graph_data
[2026-09-01 03:08:41.443] [info] [[94mHttpSession.cpp[0m:[95m531[0m [96mhandleGetGraphData[0m] Handle Get Graph Data
[2026-09-01 03:08:41.459] [info] [[94mHttpSession.cpp[0m:[95m576[0m [96mhandleGetGraphData[0m] get_graph_data success
[2026-09-01 03:08:41.694] [info] [[94mControllerAndOtherEventHandler.cpp[0m:[95m239[0m [96moperator()[0m] Accepted new connection
[2026-09-01 03:08:41.694] [info] [[94mHttpSession.cpp[0m:[95m96[0m [96mhandleRequest[0m] Got request: GET /ndt/get_graph_data
[2026-09-01 03:08:41.694] [info] [[94mHttpSession.cpp[0m:[95m531[0m [96mhandleGetGraphData[0m] Handle Get Graph Data
[2026-09-01 03:08:41.716] [info] [[94mHttpSession.cpp[0m:[95m576[0m [96mhandleGetGraphData[0m] get_graph_data success
[2026-09-01 03:08:41.944] [info] [[94mControllerAndOtherEventHandler.cpp[0m:[95m239[0m [96moperator()[0m] Accepted new connection
[2026-09-01 03:08:41.944] [info] [[94mHttpSession.cpp[0m:[95m96[0m [96mhandleRequest[0m] Got request: GET /ndt/get_graph_data
[2026-09-01 03:08:41.944] [info] [[94mHttpSession.cpp[0m:[95m531[0m [96mhandleGetGraphData[0m] Handle Get Graph Data
[2026-09-01 03:08:41.962] [info] [[94mHttpSession.cpp[0m:[95m576[0m [96mhandleGetGraphData[0m] get_graph_data success
[2026-09-01 03:08:42.194] [info] [[94mControllerAndOtherEventHandler.cpp[0m:[95m239[0m [96moperator()[0m] Accepted new connection
[2026-09-01 03:08:42.195] [info] [[94mHttpSession.cpp[0m:[95m96[0m [96mhandleRequest[0m] Got request: GET /ndt/get_graph_data
[2026-09-01 03:08:42.195] [info] [[94mHttpSession.cpp[0m:[95m531[0m [96mhandleGetGraphData[0m] Handle Get Graph Data
[2026-09-01 03:08:42.216] [info] [[94mHttpSession.cpp[0m:[95m576[0m [96mhandleGetGraphData[0m] get_graph_data success
[2026-09-01 03:08:42.443] [info] [[94mControllerAndOtherEventHandler.cpp[0m:[95m239[0m [96moperator()[0m] Accepted new connection
[2026-09-01 03:08:42.444] [info] [[94mHttpSession.cpp[0m:[95m96[0m [96mhandleRequest[0m] Got request: GET /ndt/get_graph_data
[2026-09-01 03:08:42.444] [info] [[94mHttpSession.cpp[0m:[95m531[0m [96mhandleGetGraphData[0m] Handle Get Graph Data
[2026-09-01 03:08:42.466] [info] [[94mHttpSession.cpp[0m:[95m576[0m [96mhandleGetGraphData[0m] get_graph_data success
[2026-09-01 03:08:42.695] [info] [[94mControllerAndOtherEventHandler.cpp[0m:[95m239[0m [96moperator()[0m] Accepted new connection
[2026-09-01 03:08:42.695] [info] [[94mHttpSession.cpp[0m:[95m96[0m [96mhandleRequest[0m] Got request: GET /ndt/get_graph_data
[2026-09-01 03:08:42.695] [info] [[94mHttpSession.cpp[0m:[95m531[0m [96mhandleGetGraphData[0m] Handle Get Graph Data
[2026-09-01 03:08:42.715] [info] [[94mHttpSession.cpp[0m:[95m576[0m [96mhandleGetGraphData[0m] get_graph_data success
[2026-09-01 03:08:42.944] [info] [[94mControllerAndOtherEventHandler.cpp[0m:[95m239[0m [96moperator()[0m] Accepted new connection
[2026-09-01 03:08:42.945] [info] [[94mHttpSession.cpp[0m:[95m96[0m [96mhandleRequest[0m] Got request: GET /ndt/get_graph_data
[2026-09-01 03:08:42.945] [info] [[94mHttpSession.cpp[0m:[95m531[0m [96mhandleGetGraphData[0m] Handle Get Graph Data
[2026-09-01 03:08:42.963] [info] [[94mHttpSession.cpp[0m:[95m576[0m [96mhandleGetGraphData[0m] get_graph_data success
[2026-09-01 03:08:43.195] [info] [[94mControllerAndOtherEventHandler.cpp[0m:[95m239[0m [96moperator()[0m] Accepted new connection
[2026-09-01 03:08:43.195] [info] [[94mHttpSession.cpp[0m:[95m96[0m [96mhandleRequest[0m] Got request: GET /ndt/get_graph_data
[2026-09-01 03:08:43.195] [info] [[94mHttpSession.cpp[0m:[95m531[0m [96mhandleGetGraphData[0m] Handle Get Graph Data
[2026-09-01 03:08:43.212] [info] [[94mHttpSession.cpp[0m:[95m576[0m [96mhandleGetGraphData[0m] get_graph_data success
[2026-09-01 03:08:43.444] [info] [[94mControllerAndOtherEventHandler.cpp[0m:[95m239[0m [96moperator()[0m] Accepted new connection
[2026-09-01 03:08:43.444] [info] [[94mHttpSession.cpp[0m:[95m96[0m [96mhandleRequest[0m] Got request: GET /ndt/get_graph_data
[2026-09-01 03:08:43.444] [info] [[94mHttpSession.cpp[0m:[95m531[0m [96mhandleGetGraphData[0m] Handle Get Graph Data
[2026-09-01 03:08:43.462] [info] [[94mHttpSession.cpp[0m:[95m576[0m [96mhandleGetGraphData[0m] get_graph_data success
[2026-09-01 03:08:43.695] [info] [[94mControllerAndOtherEventHandler.cpp[0m:[95m239[0m [96moperator()[0m] Accepted new connection
[2026-09-01 03:08:43.695] [info] [[94mHttpSession.cpp[0m:[95m96[0m [96mhandleRequest[0m] Got request: GET /ndt/get_graph_data
[2026-09-01 03:08:43.695] [info] [[94mHttpSession.cpp[0m:[95m531[0m [96mhandleGetGraphData[0m] Handle Get Graph Data
[2026-09-01 03:08:43.710] [info] [[94mHttpSession.cpp[0m:[95m576[0m [96mhandleGetGraphData[0m] get_graph_data success
[2026-09-01 03:08:43.944] [info] [[94mControllerAndOtherEventHandler.cpp[0m:[95m239[0m [96moperator()[0m] Accepted new connection
[2026-09-01 03:08:43.944] [info] [[94mHttpSession.cpp[0m:[95m96[0m [96mhandleRequest[0m] Got request: GET /ndt/get_graph_data
[2026-09-01 03:08:43.944] [info] [[94mHttpSession.cpp[0m:[95m531[0m [96mhandleGetGraphData[0m] Handle Get Graph Data
[2026-09-01 03:08:43.959] [info] [[94mHttpSession.cpp[0m:[95m576[0m [96mhandleGetGraphData[0m] get_graph_data success
[2026-09-01 03:08:44.195] [info] [[94mControllerAndOtherEventHandler.cpp[0m:[95m239[0m [96moperator()[0m] Accepted new connection
[2026-09-01 03:08:44.195] [info] [[94mHttpSession.cpp[0m:[95m96[0m [96mhandleRequest[0m] Got request: GET /ndt/get_graph_data
[2026-09-01 03:08:44.195] [info] [[94mHttpSession.cpp[0m:[95m531[0m [96mhandleGetGraphData[0m] Handle Get Graph Data
[2026-09-01 03:08:44.211] [info] [[94mHttpSession.cpp[0m:[95m576[0m [96mhandleGetGraphData[0m] get_graph_data success
[2026-09-01 03:08:44.445] [info] [[94mControllerAndOtherEventHandler.cpp[0m:[95m239[0m [96moperator()[0m] Accepted new connection
[2026-09-01 03:08:44.445] [info] [[94mHttpSession.cpp[0m:[95m96[0m [96mhandleRequest[0m] Got request: GET /ndt/get_graph_data
[2026-09-01 03:08:44.445] [info] [[94mHttpSession.cpp[0m:[95m531[0m [96mhandleGetGraphData[0m] Handle Get Graph Data
[2026-09-01 03:08:44.462] [info] [[94mHttpSession.cpp[0m:[95m576[0m [96mhandleGetGraphData[0m] get_graph_data success
[2026-09-01 03:08:44.695] [info] [[94mControllerAndOtherEventHandler.cpp[0m:[95m239[0m [96moperator()[0m] Accepted new connection
[2026-09-01 03:08:44.695] [info] [[94mHttpSession.cpp[0m:[95m96[0m [96mhandleRequest[0m] Got request: GET /ndt/get_graph_data
[2026-09-01 03:08:44.695] [info] [[94mHttpSession.cpp[0m:[95m531[0m [96mhandleGetGraphData[0m] Handle Get Graph Data
[2026-09-01 03:08:44.716] [info] [[94mHttpSession.cpp[0m:[95m576[0m [96mhandleGetGraphData[0m] get_graph_data success
[2026-09-01 03:08:44.945] [info] [[94mControllerAndOtherEventHandler.cpp[0m:[95m239[0m [96moperator()[0m] Accepted new connection
[2026-09-01 03:08:44.945] [info] [[94mHttpSession.cpp[0m:[95m96[0m [96mhandleRequest[0m] Got request: GET /ndt/get_graph_data
[2026-09-01 03:08:44.945] [info] [[94mHttpSession.cpp[0m:[95m531[0m [96mhandleGetGraphData[0m] Handle Get Graph Data
[2026-09-01 03:08:44.963] [info] [[94mHttpSession.cpp[0m:[95m576[0m [96mhandleGetGraphData[0m] get_graph_data success
[2026-09-01 03:08:45.195] [info] [[94mControllerAndOtherEventHandler.cpp[0m:[95m239[0m [96moperator()[0m] Accepted new connection
[2026-09-01 03:08:45.195] [info] [[94mHttpSession.cpp[0m:[95m96[0m [96mhandleRequest[0m] Got request: GET /ndt/get_graph_data
[2026-09-01 03:08:45.195] [info] [[94mHttpSession.cpp[0m:[95m531[0m [96mhandleGetGraphData[0m] Handle Get Graph Data
[2026-09-01 03:08:45.211] [info] [[94mHttpSession.cpp[0m:[95m576[0m [96mhandleGetGraphData[0m] get_graph_data success
[2026-09-01 03:08:45.445] [info] [[94mControllerAndOtherEventHandler.cpp[0m:[95m239[0m [96moperator()[0m] Accepted new connection
[2026-09-01 03:08:45.445] [info] [[94mHttpSession.cpp[0m:[95m96[0m [96mhandleRequest[0m] Got request: GET /ndt/get_graph_data
[2026-09-01 03:08:45.445] [info] [[94mHttpSession.cpp[0m:[95m531[0m [96mhandleGetGraphData[0m] Handle Get Graph Data
[2026-09-01 03:08:45.466] [info] [[94mHttpSession.cpp[0m:[95m576[0m [96mhandleGetGraphData[0m] get_graph_data success
[2026-09-01 03:08:45.695] [info] [[94mControllerAndOtherEventHandler.cpp[0m:[95m239[0m [96moperator()[0m] Accepted new connection
[2026-09-01 03:08:45.696] [info] [[94mHttpSession.cpp[0m:[95m96[0m [96mhandleRequest[0m] Got request: GET /ndt/get_graph_data
[2026-09-01 03:08:45.696] [info] [[94mHttpSession.cpp[0m:[95m531[0m [96mhandleGetGraphData[0m] Handle Get Graph Data
[2026-09-01 03:08:45.714] [info] [[94mHttpSession.cpp[0m:[95m576[0m [96mhandleGetGraphData[0m] get_graph_data success
[2026-09-01 03:08:45.946] [info] [[94mControllerAndOtherEventHandler.cpp[0m:[95m239[0m [96moperator()[0m] Accepted new connection
[2026-09-01 03:08:45.946] [info] [[94mHttpSession.cpp[0m:[95m96[0m [96mhandleRequest[0m] Got request: GET /ndt/get_graph_data
[2026-09-01 03:08:45.946] [info] [[94mHttpSession.cpp[0m:[95m531[0m [96mhandleGetGraphData[0m] Handle Get Graph Data
[2026-09-01 03:08:45.969] [info] [[94mHttpSession.cpp[0m:[95m576[0m [96mhandleGetGraphData[0m] get_graph_data success
[2026-09-01 03:08:46.196] [info] [[94mControllerAndOtherEventHandler.cpp[0m:[95m239[0m [96moperator()[0m] Accepted new connection
[2026-09-01 03:08:46.196] [info] [[94mHttpSession.cpp[0m:[95m96[0m [96mhandleRequest[0m] Got request: GET /ndt/get_graph_data
[2026-09-01 03:08:46.196] [info] [[94mHttpSession.cpp[0m:[95m531[0m [96mhandleGetGraphData[0m] Handle Get Graph Data
[2026-09-01 03:08:46.214] [info] [[94mHttpSession.cpp[0m:[95m576[0m [96mhandleGetGraphData[0m] get_graph_data success
[2026-09-01 03:08:46.446] [info] [[94mControllerAndOtherEventHandler.cpp[0m:[95m239[0m [96moperator()[0m] Accepted new connection
[2026-09-01 03:08:46.446] [info] [[94mHttpSession.cpp[0m:[95m96[0m [96mhandleRequest[0m] Got request: GET /ndt/get_graph_data
[2026-09-01 03:08:46.446] [info] [[94mHttpSession.cpp[0m:[95m531[0m [96mhandleGetGraphData[0m] Handle Get Graph Data
[2026-09-01 03:08:46.462] [info] [[94mHttpSession.cpp[0m:[95m576[0m [96mhandleGetGraphData[0m] get_graph_data success
[2026-09-01 03:08:46.484] [info] [[94mFlowLinkUsageCollector.cpp[0m:[95m1807[0m [96mcalAvgFlowSendingRatesPeriodically[0m] rate loop period: last 30 iters mean 1001.3 ms | since start (239 iters) mean 1001.2 ms, min 1000.1, max 1004.3 (flows=1, counters=4) -- the LAST-N figure is the current denominator; the since-start one lags it
[2026-09-01 03:08:46.486] [info] [[94mFlowLinkUsageCollector.cpp[0m:[95m2016[0m [96mcalAvgFlowSendingRatesPeriodically[0m] rate divisor check: measured_interval_s=1.000671 divisor_used_s=1.000671 (ticket Q gate: these must agree to 1%; a negative divisor means no rate has been published yet, which is not a pass)
[2026-09-01 03:08:46.696] [info] [[94mControllerAndOtherEventHandler.cpp[0m:[95m239[0m [96moperator()[0m] Accepted new connection
[2026-09-01 03:08:46.696] [info] [[94mHttpSession.cpp[0m:[95m96[0m [96mhandleRequest[0m] Got request: GET /ndt/get_graph_data
[2026-09-01 03:08:46.696] [info] [[94mHttpSession.cpp[0m:[95m531[0m [96mhandleGetGraphData[0m] Handle Get Graph Data
[2026-09-01 03:08:46.717] [info] [[94mHttpSession.cpp[0m:[95m576[0m [96mhandleGetGraphData[0m] get_graph_data success
[2026-09-01 03:08:46.945] [info] [[94mControllerAndOtherEventHandler.cpp[0m:[95m239[0m [96moperator()[0m] Accepted new connection
[2026-09-01 03:08:46.945] [info] [[94mHttpSession.cpp[0m:[95m96[0m [96mhandleRequest[0m] Got request: GET /ndt/get_graph_data
[2026-09-01 03:08:46.945] [info] [[94mHttpSession.cpp[0m:[95m531[0m [96mhandleGetGraphData[0m] Handle Get Graph Data
[2026-09-01 03:08:46.967] [info] [[94mHttpSession.cpp[0m:[95m576[0m [96mhandleGetGraphData[0m] get_graph_data success
[2026-09-01 03:08:47.195] [info] [[94mControllerAndOtherEventHandler.cpp[0m:[95m239[0m [96moperator()[0m] Accepted new connection
[2026-09-01 03:08:47.196] [info] [[94mHttpSession.cpp[0m:[95m96[0m [96mhandleRequest[0m] Got request: GET /ndt/get_graph_data
[2026-09-01 03:08:47.196] [info] [[94mHttpSession.cpp[0m:[95m531[0m [96mhandleGetGraphData[0m] Handle Get Graph Data
[2026-09-01 03:08:47.217] [info] [[94mHttpSession.cpp[0m:[95m576[0m [96mhandleGetGraphData[0m] get_graph_data success
[2026-09-01 03:08:47.446] [info] [[94mControllerAndOtherEventHandler.cpp[0m:[95m239[0m [96moperator()[0m] Accepted new connection
[2026-09-01 03:08:47.446] [info] [[94mHttpSession.cpp[0m:[95m96[0m [96mhandleRequest[0m] Got request: GET /ndt/get_graph_data
[2026-09-01 03:08:47.446] [info] [[94mHttpSession.cpp[0m:[95m531[0m [96mhandleGetGraphData[0m] Handle Get Graph Data
[2026-09-01 03:08:47.467] [info] [[94mHttpSession.cpp[0m:[95m576[0m [96mhandleGetGraphData[0m] get_graph_data success
[2026-09-01 03:08:47.696] [info] [[94mControllerAndOtherEventHandler.cpp[0m:[95m239[0m [96moperator()[0m] Accepted new connection
[2026-09-01 03:08:47.696] [info] [[94mHttpSession.cpp[0m:[95m96[0m [96mhandleRequest[0m] Got request: GET /ndt/get_graph_data
[2026-09-01 03:08:47.696] [info] [[94mHttpSession.cpp[0m:[95m531[0m [96mhandleGetGraphData[0m] Handle Get Graph Data
[2026-09-01 03:08:47.717] [info] [[94mHttpSession.cpp[0m:[95m576[0m [96mhandleGetGraphData[0m] get_graph_data success
[2026-09-01 03:08:47.946] [info] [[94mControllerAndOtherEventHandler.cpp[0m:[95m239[0m [96moperator()[0m] Accepted new connection
[2026-09-01 03:08:47.946] [info] [[94mHttpSession.cpp[0m:[95m96[0m [96mhandleRequest[0m] Got request: GET /ndt/get_graph_data
[2026-09-01 03:08:47.946] [info] [[94mHttpSession.cpp[0m:[95m531[0m [96mhandleGetGraphData[0m] Handle Get Graph Data
[2026-09-01 03:08:47.967] [info] [[94mHttpSession.cpp[0m:[95m576[0m [96mhandleGetGraphData[0m] get_graph_data success
[2026-09-01 03:08:48.196] [info] [[94mControllerAndOtherEventHandler.cpp[0m:[95m239[0m [96moperator()[0m] Accepted new connection
[2026-09-01 03:08:48.196] [info] [[94mHttpSession.cpp[0m:[95m96[0m [96mhandleRequest[0m] Got request: GET /ndt/get_graph_data
[2026-09-01 03:08:48.196] [info] [[94mHttpSession.cpp[0m:[95m531[0m [96mhandleGetGraphData[0m] Handle Get Graph Data
[2026-09-01 03:08:48.217] [info] [[94mHttpSession.cpp[0m:[95m576[0m [96mhandleGetGraphData[0m] get_graph_data success
[2026-09-01 03:08:48.446] [info] [[94mControllerAndOtherEventHandler.cpp[0m:[95m239[0m [96moperator()[0m] Accepted new connection
[2026-09-01 03:08:48.446] [info] [[94mHttpSession.cpp[0m:[95m96[0m [96mhandleRequest[0m] Got request: GET /ndt/get_graph_data
[2026-09-01 03:08:48.446] [info] [[94mHttpSession.cpp[0m:[95m531[0m [96mhandleGetGraphData[0m] Handle Get Graph Data
[2026-09-01 03:08:48.467] [info] [[94mHttpSession.cpp[0m:[95m576[0m [96mhandleGetGraphData[0m] get_graph_data success
[2026-09-01 03:08:48.696] [info] [[94mControllerAndOtherEventHandler.cpp[0m:[95m239[0m [96moperator()[0m] Accepted new connection
[2026-09-01 03:08:48.697] [info] [[94mHttpSession.cpp[0m:[95m96[0m [96mhandleRequest[0m] Got request: GET /ndt/get_graph_data
[2026-09-01 03:08:48.697] [info] [[94mHttpSession.cpp[0m:[95m531[0m [96mhandleGetGraphData[0m] Handle Get Graph Data
[2026-09-01 03:08:48.718] [info] [[94mHttpSession.cpp[0m:[95m576[0m [96mhandleGetGraphData[0m] get_graph_data success
[2026-09-01 03:08:48.947] [info] [[94mControllerAndOtherEventHandler.cpp[0m:[95m239[0m [96moperator()[0m] Accepted new connection
[2026-09-01 03:08:48.947] [info] [[94mHttpSession.cpp[0m:[95m96[0m [96mhandleRequest[0m] Got request: GET /ndt/get_graph_data
[2026-09-01 03:08:48.947] [info] [[94mHttpSession.cpp[0m:[95m531[0m [96mhandleGetGraphData[0m] Handle Get Graph Data
[2026-09-01 03:08:48.967] [info] [[94mHttpSession.cpp[0m:[95m576[0m [96mhandleGetGraphData[0m] get_graph_data success
[2026-09-01 03:08:49.197] [info] [[94mControllerAndOtherEventHandler.cpp[0m:[95m239[0m [96moperator()[0m] Accepted new connection
[2026-09-01 03:08:49.197] [info] [[94mHttpSession.cpp[0m:[95m96[0m [96mhandleRequest[0m] Got request: GET /ndt/get_graph_data
[2026-09-01 03:08:49.197] [info] [[94mHttpSession.cpp[0m:[95m531[0m [96mhandleGetGraphData[0m] Handle Get Graph Data
[2026-09-01 03:08:49.218] [info] [[94mHttpSession.cpp[0m:[95m576[0m [96mhandleGetGraphData[0m] get_graph_data success
[2026-09-01 03:08:49.446] [info] [[94mControllerAndOtherEventHandler.cpp[0m:[95m239[0m [96moperator()[0m] Accepted new connection
[2026-09-01 03:08:49.446] [info] [[94mHttpSession.cpp[0m:[95m96[0m [96mhandleRequest[0m] Got request: GET /ndt/get_graph_data
[2026-09-01 03:08:49.446] [info] [[94mHttpSession.cpp[0m:[95m531[0m [96mhandleGetGraphData[0m] Handle Get Graph Data
[2026-09-01 03:08:49.467] [info] [[94mHttpSession.cpp[0m:[95m576[0m [96mhandleGetGraphData[0m] get_graph_data success
[2026-09-01 03:08:49.696] [info] [[94mControllerAndOtherEventHandler.cpp[0m:[95m239[0m [96moperator()[0m] Accepted new connection
[2026-09-01 03:08:49.697] [info] [[94mHttpSession.cpp[0m:[95m96[0m [96mhandleRequest[0m] Got request: GET /ndt/get_graph_data
[2026-09-01 03:08:49.697] [info] [[94mHttpSession.cpp[0m:[95m531[0m [96mhandleGetGraphData[0m] Handle Get Graph Data
[2026-09-01 03:08:49.717] [info] [[94mHttpSession.cpp[0m:[95m576[0m [96mhandleGetGraphData[0m] get_graph_data success
[2026-09-01 03:08:49.946] [info] [[94mControllerAndOtherEventHandler.cpp[0m:[95m239[0m [96moperator()[0m] Accepted new connection
[2026-09-01 03:08:49.946] [info] [[94mHttpSession.cpp[0m:[95m96[0m [96mhandleRequest[0m] Got request: GET /ndt/get_graph_data
[2026-09-01 03:08:49.946] [info] [[94mHttpSession.cpp[0m:[95m531[0m [96mhandleGetGraphData[0m] Handle Get Graph Data
[2026-09-01 03:08:49.962] [info] [[94mHttpSession.cpp[0m:[95m576[0m [96mhandleGetGraphData[0m] get_graph_data success
[2026-09-01 03:08:50.197] [info] [[94mControllerAndOtherEventHandler.cpp[0m:[95m239[0m [96moperator()[0m] Accepted new connection
[2026-09-01 03:08:50.197] [info] [[94mHttpSession.cpp[0m:[95m96[0m [96mhandleRequest[0m] Got request: GET /ndt/get_graph_data
[2026-09-01 03:08:50.197] [info] [[94mHttpSession.cpp[0m:[95m531[0m [96mhandleGetGraphData[0m] Handle Get Graph Data
[2026-09-01 03:08:50.218] [info] [[94mHttpSession.cpp[0m:[95m576[0m [96mhandleGetGraphData[0m] get_graph_data success
[2026-09-01 03:08:50.446] [info] [[94mControllerAndOtherEventHandler.cpp[0m:[95m239[0m [96moperator()[0m] Accepted new connection
[2026-09-01 03:08:50.446] [info] [[94mHttpSession.cpp[0m:[95m96[0m [96mhandleRequest[0m] Got request: GET /ndt/get_graph_data
[2026-09-01 03:08:50.446] [info] [[94mHttpSession.cpp[0m:[95m531[0m [96mhandleGetGraphData[0m] Handle Get Graph Data
[2026-09-01 03:08:50.468] [info] [[94mHttpSession.cpp[0m:[95m576[0m [96mhandleGetGraphData[0m] get_graph_data success
[2026-09-01 03:08:50.697] [info] [[94mControllerAndOtherEventHandler.cpp[0m:[95m239[0m [96moperator()[0m] Accepted new connection
[2026-09-01 03:08:50.697] [info] [[94mHttpSession.cpp[0m:[95m96[0m [96mhandleRequest[0m] Got request: GET /ndt/get_graph_data
[2026-09-01 03:08:50.697] [info] [[94mHttpSession.cpp[0m:[95m531[0m [96mhandleGetGraphData[0m] Handle Get Graph Data
[2026-09-01 03:08:50.719] [info] [[94mHttpSession.cpp[0m:[95m576[0m [96mhandleGetGraphData[0m] get_graph_data success
[2026-09-01 03:08:50.947] [info] [[94mControllerAndOtherEventHandler.cpp[0m:[95m239[0m [96moperator()[0m] Accepted new connection
[2026-09-01 03:08:50.947] [info] [[94mHttpSession.cpp[0m:[95m96[0m [96mhandleRequest[0m] Got request: GET /ndt/get_graph_data
[2026-09-01 03:08:50.947] [info] [[94mHttpSession.cpp[0m:[95m531[0m [96mhandleGetGraphData[0m] Handle Get Graph Data
[2026-09-01 03:08:50.968] [info] [[94mHttpSession.cpp[0m:[95m576[0m [96mhandleGetGraphData[0m] get_graph_data success
[2026-09-01 03:08:51.197] [info] [[94mControllerAndOtherEventHandler.cpp[0m:[95m239[0m [96moperator()[0m] Accepted new connection
[2026-09-01 03:08:51.197] [info] [[94mHttpSession.cpp[0m:[95m96[0m [96mhandleRequest[0m] Got request: GET /ndt/get_graph_data
[2026-09-01 03:08:51.197] [info] [[94mHttpSession.cpp[0m:[95m531[0m [96mhandleGetGraphData[0m] Handle Get Graph Data
[2026-09-01 03:08:51.216] [info] [[94mHttpSession.cpp[0m:[95m576[0m [96mhandleGetGraphData[0m] get_graph_data success
[2026-09-01 03:08:51.447] [info] [[94mControllerAndOtherEventHandler.cpp[0m:[95m239[0m [96moperator()[0m] Accepted new connection
[2026-09-01 03:08:51.447] [info] [[94mHttpSession.cpp[0m:[95m96[0m [96mhandleRequest[0m] Got request: GET /ndt/get_graph_data
[2026-09-01 03:08:51.447] [info] [[94mHttpSession.cpp[0m:[95m531[0m [96mhandleGetGraphData[0m] Handle Get Graph Data
[2026-09-01 03:08:51.467] [info] [[94mHttpSession.cpp[0m:[95m576[0m [96mhandleGetGraphData[0m] get_graph_data success
[2026-09-01 03:08:51.698] [info] [[94mControllerAndOtherEventHandler.cpp[0m:[95m239[0m [96moperator()[0m] Accepted new connection
[2026-09-01 03:08:51.698] [info] [[94mHttpSession.cpp[0m:[95m96[0m [96mhandleRequest[0m] Got request: GET /ndt/get_graph_data
[2026-09-01 03:08:51.698] [info] [[94mHttpSession.cpp[0m:[95m531[0m [96mhandleGetGraphData[0m] Handle Get Graph Data
[2026-09-01 03:08:51.719] [info] [[94mHttpSession.cpp[0m:[95m576[0m [96mhandleGetGraphData[0m] get_graph_data success
[2026-09-01 03:08:51.947] [info] [[94mControllerAndOtherEventHandler.cpp[0m:[95m239[0m [96moperator()[0m] Accepted new connection
[2026-09-01 03:08:51.947] [info] [[94mHttpSession.cpp[0m:[95m96[0m [96mhandleRequest[0m] Got request: GET /ndt/get_graph_data
[2026-09-01 03:08:51.947] [info] [[94mHttpSession.cpp[0m:[95m531[0m [96mhandleGetGraphData[0m] Handle Get Graph Data
[2026-09-01 03:08:51.968] [info] [[94mHttpSession.cpp[0m:[95m576[0m [96mhandleGetGraphData[0m] get_graph_data success
[2026-09-01 03:08:52.198] [info] [[94mControllerAndOtherEventHandler.cpp[0m:[95m239[0m [96moperator()[0m] Accepted new connection
[2026-09-01 03:08:52.198] [info] [[94mHttpSession.cpp[0m:[95m96[0m [96mhandleRequest[0m] Got request: GET /ndt/get_graph_data
[2026-09-01 03:08:52.198] [info] [[94mHttpSession.cpp[0m:[95m531[0m [96mhandleGetGraphData[0m] Handle Get Graph Data
[2026-09-01 03:08:52.217] [info] [[94mHttpSession.cpp[0m:[95m576[0m [96mhandleGetGraphData[0m] get_graph_data success
[2026-09-01 03:08:52.448] [info] [[94mControllerAndOtherEventHandler.cpp[0m:[95m239[0m [96moperator()[0m] Accepted new connection
[2026-09-01 03:08:52.448] [info] [[94mHttpSession.cpp[0m:[95m96[0m [96mhandleRequest[0m] Got request: GET /ndt/get_graph_data
[2026-09-01 03:08:52.448] [info] [[94mHttpSession.cpp[0m:[95m531[0m [96mhandleGetGraphData[0m] Handle Get Graph Data
[2026-09-01 03:08:52.470] [info] [[94mHttpSession.cpp[0m:[95m576[0m [96mhandleGetGraphData[0m] get_graph_data success
[2026-09-01 03:08:52.697] [info] [[94mControllerAndOtherEventHandler.cpp[0m:[95m239[0m [96moperator()[0m] Accepted new connection
[2026-09-01 03:08:52.697] [info] [[94mHttpSession.cpp[0m:[95m96[0m [96mhandleRequest[0m] Got request: GET /ndt/get_graph_data
[2026-09-01 03:08:52.697] [info] [[94mHttpSession.cpp[0m:[95m531[0m [96mhandleGetGraphData[0m] Handle Get Graph Data
[2026-09-01 03:08:52.718] [info] [[94mHttpSession.cpp[0m:[95m576[0m [96mhandleGetGraphData[0m] get_graph_data success
[2026-09-01 03:08:52.948] [info] [[94mControllerAndOtherEventHandler.cpp[0m:[95m239[0m [96moperator()[0m] Accepted new connection
[2026-09-01 03:08:52.948] [info] [[94mHttpSession.cpp[0m:[95m96[0m [96mhandleRequest[0m] Got request: GET /ndt/get_graph_data
[2026-09-01 03:08:52.948] [info] [[94mHttpSession.cpp[0m:[95m531[0m [96mhandleGetGraphData[0m] Handle Get Graph Data
[2026-09-01 03:08:52.968] [info] [[94mHttpSession.cpp[0m:[95m576[0m [96mhandleGetGraphData[0m] get_graph_data success
[2026-09-01 03:08:53.198] [info] [[94mControllerAndOtherEventHandler.cpp[0m:[95m239[0m [96moperator()[0m] Accepted new connection
[2026-09-01 03:08:53.198] [info] [[94mHttpSession.cpp[0m:[95m96[0m [96mhandleRequest[0m] Got request: GET /ndt/get_graph_data
[2026-09-01 03:08:53.198] [info] [[94mHttpSession.cpp[0m:[95m531[0m [96mhandleGetGraphData[0m] Handle Get Graph Data
[2026-09-01 03:08:53.220] [info] [[94mHttpSession.cpp[0m:[95m576[0m [96mhandleGetGraphData[0m] get_graph_data success
[2026-09-01 03:08:53.448] [info] [[94mControllerAndOtherEventHandler.cpp[0m:[95m239[0m [96moperator()[0m] Accepted new connection
[2026-09-01 03:08:53.448] [info] [[94mHttpSession.cpp[0m:[95m96[0m [96mhandleRequest[0m] Got request: GET /ndt/get_graph_data
[2026-09-01 03:08:53.448] [info] [[94mHttpSession.cpp[0m:[95m531[0m [96mhandleGetGraphData[0m] Handle Get Graph Data
[2026-09-01 03:08:53.470] [info] [[94mHttpSession.cpp[0m:[95m576[0m [96mhandleGetGraphData[0m] get_graph_data success
[2026-09-01 03:08:53.698] [info] [[94mControllerAndOtherEventHandler.cpp[0m:[95m239[0m [96moperator()[0m] Accepted new connection
[2026-09-01 03:08:53.698] [info] [[94mHttpSession.cpp[0m:[95m96[0m [96mhandleRequest[0m] Got request: GET /ndt/get_graph_data
[2026-09-01 03:08:53.698] [info] [[94mHttpSession.cpp[0m:[95m531[0m [96mhandleGetGraphData[0m] Handle Get Graph Data
[2026-09-01 03:08:53.716] [info] [[94mHttpSession.cpp[0m:[95m576[0m [96mhandleGetGraphData[0m] get_graph_data success
[2026-09-01 03:08:53.948] [info] [[94mControllerAndOtherEventHandler.cpp[0m:[95m239[0m [96moperator()[0m] Accepted new connection
[2026-09-01 03:08:53.948] [info] [[94mHttpSession.cpp[0m:[95m96[0m [96mhandleRequest[0m] Got request: GET /ndt/get_graph_data
[2026-09-01 03:08:53.948] [info] [[94mHttpSession.cpp[0m:[95m531[0m [96mhandleGetGraphData[0m] Handle Get Graph Data
[2026-09-01 03:08:53.969] [info] [[94mHttpSession.cpp[0m:[95m576[0m [96mhandleGetGraphData[0m] get_graph_data success
[2026-09-01 03:08:54.198] [info] [[94mControllerAndOtherEventHandler.cpp[0m:[95m239[0m [96moperator()[0m] Accepted new connection
[2026-09-01 03:08:54.198] [info] [[94mHttpSession.cpp[0m:[95m96[0m [96mhandleRequest[0m] Got request: GET /ndt/get_graph_data
[2026-09-01 03:08:54.198] [info] [[94mHttpSession.cpp[0m:[95m531[0m [96mhandleGetGraphData[0m] Handle Get Graph Data
[2026-09-01 03:08:54.215] [info] [[94mHttpSession.cpp[0m:[95m576[0m [96mhandleGetGraphData[0m] get_graph_data success
[2026-09-01 03:08:54.448] [info] [[94mControllerAndOtherEventHandler.cpp[0m:[95m239[0m [96moperator()[0m] Accepted new connection
[2026-09-01 03:08:54.448] [info] [[94mHttpSession.cpp[0m:[95m96[0m [96mhandleRequest[0m] Got request: GET /ndt/get_graph_data
[2026-09-01 03:08:54.448] [info] [[94mHttpSession.cpp[0m:[95m531[0m [96mhandleGetGraphData[0m] Handle Get Graph Data
[2026-09-01 03:08:54.469] [info] [[94mHttpSession.cpp[0m:[95m576[0m [96mhandleGetGraphData[0m] get_graph_data success
[2026-09-01 03:08:54.698] [info] [[94mControllerAndOtherEventHandler.cpp[0m:[95m239[0m [96moperator()[0m] Accepted new connection
[2026-09-01 03:08:54.699] [info] [[94mHttpSession.cpp[0m:[95m96[0m [96mhandleRequest[0m] Got request: GET /ndt/get_graph_data
[2026-09-01 03:08:54.699] [info] [[94mHttpSession.cpp[0m:[95m531[0m [96mhandleGetGraphData[0m] Handle Get Graph Data
[2026-09-01 03:08:54.719] [info] [[94mHttpSession.cpp[0m:[95m576[0m [96mhandleGetGraphData[0m] get_graph_data success
[2026-09-01 03:08:54.948] [info] [[94mControllerAndOtherEventHandler.cpp[0m:[95m239[0m [96moperator()[0m] Accepted new connection
[2026-09-01 03:08:54.948] [info] [[94mHttpSession.cpp[0m:[95m96[0m [96mhandleRequest[0m] Got request: GET /ndt/get_graph_data
[2026-09-01 03:08:54.948] [info] [[94mHttpSession.cpp[0m:[95m531[0m [96mhandleGetGraphData[0m] Handle Get Graph Data
[2026-09-01 03:08:54.970] [info] [[94mHttpSession.cpp[0m:[95m576[0m [96mhandleGetGraphData[0m] get_graph_data success
[2026-09-01 03:08:55.199] [info] [[94mControllerAndOtherEventHandler.cpp[0m:[95m239[0m [96moperator()[0m] Accepted new connection
[2026-09-01 03:08:55.199] [info] [[94mHttpSession.cpp[0m:[95m96[0m [96mhandleRequest[0m] Got request: GET /ndt/get_graph_data
[2026-09-01 03:08:55.199] [info] [[94mHttpSession.cpp[0m:[95m531[0m [96mhandleGetGraphData[0m] Handle Get Graph Data
[2026-09-01 03:08:55.222] [info] [[94mHttpSession.cpp[0m:[95m576[0m [96mhandleGetGraphData[0m] get_graph_data success
[2026-09-01 03:08:55.449] [info] [[94mControllerAndOtherEventHandler.cpp[0m:[95m239[0m [96moperator()[0m] Accepted new connection
[2026-09-01 03:08:55.449] [info] [[94mHttpSession.cpp[0m:[95m96[0m [96mhandleRequest[0m] Got request: GET /ndt/get_graph_data
[2026-09-01 03:08:55.449] [info] [[94mHttpSession.cpp[0m:[95m531[0m [96mhandleGetGraphData[0m] Handle Get Graph Data
[2026-09-01 03:08:55.463] [info] [[94mHttpSession.cpp[0m:[95m576[0m [96mhandleGetGraphData[0m] get_graph_data success
[2026-09-01 03:08:55.698] [info] [[94mControllerAndOtherEventHandler.cpp[0m:[95m239[0m [96moperator()[0m] Accepted new connection
[2026-09-01 03:08:55.699] [info] [[94mHttpSession.cpp[0m:[95m96[0m [96mhandleRequest[0m] Got request: GET /ndt/get_graph_data
[2026-09-01 03:08:55.699] [info] [[94mHttpSession.cpp[0m:[95m531[0m [96mhandleGetGraphData[0m] Handle Get Graph Data
[2026-09-01 03:08:55.712] [info] [[94mHttpSession.cpp[0m:[95m576[0m [96mhandleGetGraphData[0m] get_graph_data success
[2026-09-01 03:08:55.948] [info] [[94mControllerAndOtherEventHandler.cpp[0m:[95m239[0m [96moperator()[0m] Accepted new connection
[2026-09-01 03:08:55.949] [info] [[94mHttpSession.cpp[0m:[95m96[0m [96mhandleRequest[0m] Got request: GET /ndt/get_graph_data
[2026-09-01 03:08:55.949] [info] [[94mHttpSession.cpp[0m:[95m531[0m [96mhandleGetGraphData[0m] Handle Get Graph Data
[2026-09-01 03:08:55.969] [info] [[94mHttpSession.cpp[0m:[95m576[0m [96mhandleGetGraphData[0m] get_graph_data success
[2026-09-01 03:08:56.199] [info] [[94mControllerAndOtherEventHandler.cpp[0m:[95m239[0m [96moperator()[0m] Accepted new connection
[2026-09-01 03:08:56.199] [info] [[94mHttpSession.cpp[0m:[95m96[0m [96mhandleRequest[0m] Got request: GET /ndt/get_graph_data
[2026-09-01 03:08:56.199] [info] [[94mHttpSession.cpp[0m:[95m531[0m [96mhandleGetGraphData[0m] Handle Get Graph Data
[2026-09-01 03:08:56.215] [info] [[94mHttpSession.cpp[0m:[95m576[0m [96mhandleGetGraphData[0m] get_graph_data success
[2026-09-01 03:08:56.246] [info] [[94mFlowLinkUsageCollector.cpp[0m:[95m2558[0m [96mfetchAllDestinationPaths[0m] Pulled 16256 paths from controller
[2026-09-01 03:08:56.449] [info] [[94mControllerAndOtherEventHandler.cpp[0m:[95m239[0m [96moperator()[0m] Accepted new connection
[2026-09-01 03:08:56.449] [info] [[94mHttpSession.cpp[0m:[95m96[0m [96mhandleRequest[0m] Got request: GET /ndt/get_graph_data
[2026-09-01 03:08:56.449] [info] [[94mHttpSession.cpp[0m:[95m531[0m [96mhandleGetGraphData[0m] Handle Get Graph Data
[2026-09-01 03:08:56.471] [info] [[94mHttpSession.cpp[0m:[95m576[0m [96mhandleGetGraphData[0m] get_graph_data success
[2026-09-01 03:08:56.699] [info] [[94mControllerAndOtherEventHandler.cpp[0m:[95m239[0m [96moperator()[0m] Accepted new connection
[2026-09-01 03:08:56.699] [info] [[94mHttpSession.cpp[0m:[95m96[0m [96mhandleRequest[0m] Got request: GET /ndt/get_graph_data
[2026-09-01 03:08:56.699] [info] [[94mHttpSession.cpp[0m:[95m531[0m [96mhandleGetGraphData[0m] Handle Get Graph Data
[2026-09-01 03:08:56.720] [info] [[94mHttpSession.cpp[0m:[95m576[0m [96mhandleGetGraphData[0m] get_graph_data success
[2026-09-01 03:08:56.949] [info] [[94mControllerAndOtherEventHandler.cpp[0m:[95m239[0m [96moperator()[0m] Accepted new connection
[2026-09-01 03:08:56.949] [info] [[94mHttpSession.cpp[0m:[95m96[0m [96mhandleRequest[0m] Got request: GET /ndt/get_graph_data
[2026-09-01 03:08:56.950] [info] [[94mHttpSession.cpp[0m:[95m531[0m [96mhandleGetGraphData[0m] Handle Get Graph Data
[2026-09-01 03:08:56.970] [info] [[94mHttpSession.cpp[0m:[95m576[0m [96mhandleGetGraphData[0m] get_graph_data success
[2026-09-01 03:08:57.199] [info] [[94mControllerAndOtherEventHandler.cpp[0m:[95m239[0m [96moperator()[0m] Accepted new connection
[2026-09-01 03:08:57.200] [info] [[94mHttpSession.cpp[0m:[95m96[0m [96mhandleRequest[0m] Got request: GET /ndt/get_graph_data
[2026-09-01 03:08:57.200] [info] [[94mHttpSession.cpp[0m:[95m531[0m [96mhandleGetGraphData[0m] Handle Get Graph Data
[2026-09-01 03:08:57.222] [info] [[94mHttpSession.cpp[0m:[95m576[0m [96mhandleGetGraphData[0m] get_graph_data success
[2026-09-01 03:08:57.449] [info] [[94mControllerAndOtherEventHandler.cpp[0m:[95m239[0m [96moperator()[0m] Accepted new connection
[2026-09-01 03:08:57.449] [info] [[94mHttpSession.cpp[0m:[95m96[0m [96mhandleRequest[0m] Got request: GET /ndt/get_graph_data
[2026-09-01 03:08:57.449] [info] [[94mHttpSession.cpp[0m:[95m531[0m [96mhandleGetGraphData[0m] Handle Get Graph Data
[2026-09-01 03:08:57.470] [info] [[94mHttpSession.cpp[0m:[95m576[0m [96mhandleGetGraphData[0m] get_graph_data success
[2026-09-01 03:08:57.700] [info] [[94mControllerAndOtherEventHandler.cpp[0m:[95m239[0m [96moperator()[0m] Accepted new connection
[2026-09-01 03:08:57.700] [info] [[94mHttpSession.cpp[0m:[95m96[0m [96mhandleRequest[0m] Got request: GET /ndt/get_graph_data
[2026-09-01 03:08:57.700] [info] [[94mHttpSession.cpp[0m:[95m531[0m [96mhandleGetGraphData[0m] Handle Get Graph Data
[2026-09-01 03:08:57.721] [info] [[94mHttpSession.cpp[0m:[95m576[0m [96mhandleGetGraphData[0m] get_graph_data success
[2026-09-01 03:08:57.949] [info] [[94mControllerAndOtherEventHandler.cpp[0m:[95m239[0m [96moperator()[0m] Accepted new connection
[2026-09-01 03:08:57.949] [info] [[94mHttpSession.cpp[0m:[95m96[0m [96mhandleRequest[0m] Got request: GET /ndt/get_graph_data
[2026-09-01 03:08:57.949] [info] [[94mHttpSession.cpp[0m:[95m531[0m [96mhandleGetGraphData[0m] Handle Get Graph Data
[2026-09-01 03:08:57.970] [info] [[94mHttpSession.cpp[0m:[95m576[0m [96mhandleGetGraphData[0m] get_graph_data success
[2026-09-01 03:08:58.200] [info] [[94mControllerAndOtherEventHandler.cpp[0m:[95m239[0m [96moperator()[0m] Accepted new connection
[2026-09-01 03:08:58.200] [info] [[94mHttpSession.cpp[0m:[95m96[0m [96mhandleRequest[0m] Got request: GET /ndt/get_graph_data
[2026-09-01 03:08:58.200] [info] [[94mHttpSession.cpp[0m:[95m531[0m [96mhandleGetGraphData[0m] Handle Get Graph Data
[2026-09-01 03:08:58.222] [info] [[94mHttpSession.cpp[0m:[95m576[0m [96mhandleGetGraphData[0m] get_graph_data success
[2026-09-01 03:08:58.450] [info] [[94mControllerAndOtherEventHandler.cpp[0m:[95m239[0m [96moperator()[0m] Accepted new connection
[2026-09-01 03:08:58.450] [info] [[94mHttpSession.cpp[0m:[95m96[0m [96mhandleRequest[0m] Got request: GET /ndt/get_graph_data
[2026-09-01 03:08:58.450] [info] [[94mHttpSession.cpp[0m:[95m531[0m [96mhandleGetGraphData[0m] Handle Get Graph Data
[2026-09-01 03:08:58.469] [info] [[94mHttpSession.cpp[0m:[95m576[0m [96mhandleGetGraphData[0m] get_graph_data success
[2026-09-01 03:08:58.699] [info] [[94mControllerAndOtherEventHandler.cpp[0m:[95m239[0m [96moperator()[0m] Accepted new connection
[2026-09-01 03:08:58.699] [info] [[94mHttpSession.cpp[0m:[95m96[0m [96mhandleRequest[0m] Got request: GET /ndt/get_graph_data
[2026-09-01 03:08:58.699] [info] [[94mHttpSession.cpp[0m:[95m531[0m [96mhandleGetGraphData[0m] Handle Get Graph Data
[2026-09-01 03:08:58.721] [info] [[94mHttpSession.cpp[0m:[95m576[0m [96mhandleGetGraphData[0m] get_graph_data success
[2026-09-01 03:08:58.950] [info] [[94mControllerAndOtherEventHandler.cpp[0m:[95m239[0m [96moperator()[0m] Accepted new connection
[2026-09-01 03:08:58.950] [info] [[94mHttpSession.cpp[0m:[95m96[0m [96mhandleRequest[0m] Got request: GET /ndt/get_graph_data
[2026-09-01 03:08:58.950] [info] [[94mHttpSession.cpp[0m:[95m531[0m [96mhandleGetGraphData[0m] Handle Get Graph Data
[2026-09-01 03:08:58.970] [info] [[94mHttpSession.cpp[0m:[95m576[0m [96mhandleGetGraphData[0m] get_graph_data success
[2026-09-01 03:08:59.200] [info] [[94mControllerAndOtherEventHandler.cpp[0m:[95m239[0m [96moperator()[0m] Accepted new connection
[2026-09-01 03:08:59.200] [info] [[94mHttpSession.cpp[0m:[95m96[0m [96mhandleRequest[0m] Got request: GET /ndt/get_graph_data
[2026-09-01 03:08:59.200] [info] [[94mHttpSession.cpp[0m:[95m531[0m [96mhandleGetGraphData[0m] Handle Get Graph Data
[2026-09-01 03:08:59.221] [info] [[94mHttpSession.cpp[0m:[95m576[0m [96mhandleGetGraphData[0m] get_graph_data success
[2026-09-01 03:08:59.450] [info] [[94mControllerAndOtherEventHandler.cpp[0m:[95m239[0m [96moperator()[0m] Accepted new connection
[2026-09-01 03:08:59.450] [info] [[94mHttpSession.cpp[0m:[95m96[0m [96mhandleRequest[0m] Got request: GET /ndt/get_graph_data
[2026-09-01 03:08:59.450] [info] [[94mHttpSession.cpp[0m:[95m531[0m [96mhandleGetGraphData[0m] Handle Get Graph Data
[2026-09-01 03:08:59.468] [info] [[94mHttpSession.cpp[0m:[95m576[0m [96mhandleGetGraphData[0m] get_graph_data success
[2026-09-01 03:08:59.700] [info] [[94mControllerAndOtherEventHandler.cpp[0m:[95m239[0m [96moperator()[0m] Accepted new connection
[2026-09-01 03:08:59.700] [info] [[94mHttpSession.cpp[0m:[95m96[0m [96mhandleRequest[0m] Got request: GET /ndt/get_graph_data
[2026-09-01 03:08:59.700] [info] [[94mHttpSession.cpp[0m:[95m531[0m [96mhandleGetGraphData[0m] Handle Get Graph Data
[2026-09-01 03:08:59.720] [info] [[94mHttpSession.cpp[0m:[95m576[0m [96mhandleGetGraphData[0m] get_graph_data success
[2026-09-01 03:08:59.950] [info] [[94mControllerAndOtherEventHandler.cpp[0m:[95m239[0m [96moperator()[0m] Accepted new connection
[2026-09-01 03:08:59.950] [info] [[94mHttpSession.cpp[0m:[95m96[0m [96mhandleRequest[0m] Got request: GET /ndt/get_graph_data
[2026-09-01 03:08:59.950] [info] [[94mHttpSession.cpp[0m:[95m531[0m [96mhandleGetGraphData[0m] Handle Get Graph Data
[2026-09-01 03:08:59.970] [info] [[94mHttpSession.cpp[0m:[95m576[0m [96mhandleGetGraphData[0m] get_graph_data success
[2026-09-01 03:09:00.200] [info] [[94mControllerAndOtherEventHandler.cpp[0m:[95m239[0m [96moperator()[0m] Accepted new connection
[2026-09-01 03:09:00.201] [info] [[94mHttpSession.cpp[0m:[95m96[0m [96mhandleRequest[0m] Got request: GET /ndt/get_graph_data
[2026-09-01 03:09:00.201] [info] [[94mHttpSession.cpp[0m:[95m531[0m [96mhandleGetGraphData[0m] Handle Get Graph Data
[2026-09-01 03:09:00.222] [info] [[94mHttpSession.cpp[0m:[95m576[0m [96mhandleGetGraphData[0m] get_graph_data success
[2026-09-01 03:09:00.450] [info] [[94mControllerAndOtherEventHandler.cpp[0m:[95m239[0m [96moperator()[0m] Accepted new connection
[2026-09-01 03:09:00.451] [info] [[94mHttpSession.cpp[0m:[95m96[0m [96mhandleRequest[0m] Got request: GET /ndt/get_graph_data
[2026-09-01 03:09:00.451] [info] [[94mHttpSession.cpp[0m:[95m531[0m [96mhandleGetGraphData[0m] Handle Get Graph Data
[2026-09-01 03:09:00.471] [info] [[94mHttpSession.cpp[0m:[95m576[0m [96mhandleGetGraphData[0m] get_graph_data success
[2026-09-01 03:09:00.700] [info] [[94mControllerAndOtherEventHandler.cpp[0m:[95m239[0m [96moperator()[0m] Accepted new connection
[2026-09-01 03:09:00.700] [info] [[94mHttpSession.cpp[0m:[95m96[0m [96mhandleRequest[0m] Got request: GET /ndt/get_graph_data
[2026-09-01 03:09:00.700] [info] [[94mHttpSession.cpp[0m:[95m531[0m [96mhandleGetGraphData[0m] Handle Get Graph Data
[2026-09-01 03:09:00.716] [info] [[94mHttpSession.cpp[0m:[95m576[0m [96mhandleGetGraphData[0m] get_graph_data success
[2026-09-01 03:09:00.950] [info] [[94mControllerAndOtherEventHandler.cpp[0m:[95m239[0m [96moperator()[0m] Accepted new connection
[2026-09-01 03:09:00.950] [info] [[94mHttpSession.cpp[0m:[95m96[0m [96mhandleRequest[0m] Got request: GET /ndt/get_graph_data
[2026-09-01 03:09:00.950] [info] [[94mHttpSession.cpp[0m:[95m531[0m [96mhandleGetGraphData[0m] Handle Get Graph Data
[2026-09-01 03:09:00.966] [info] [[94mHttpSession.cpp[0m:[95m576[0m [96mhandleGetGraphData[0m] get_graph_data success
[2026-09-01 03:09:01.200] [info] [[94mControllerAndOtherEventHandler.cpp[0m:[95m239[0m [96moperator()[0m] Accepted new connection
[2026-09-01 03:09:01.200] [info] [[94mHttpSession.cpp[0m:[95m96[0m [96mhandleRequest[0m] Got request: GET /ndt/get_graph_data
[2026-09-01 03:09:01.200] [info] [[94mHttpSession.cpp[0m:[95m531[0m [96mhandleGetGraphData[0m] Handle Get Graph Data
[2026-09-01 03:09:01.221] [info] [[94mHttpSession.cpp[0m:[95m576[0m [96mhandleGetGraphData[0m] get_graph_data success
[2026-09-01 03:09:01.450] [info] [[94mControllerAndOtherEventHandler.cpp[0m:[95m239[0m [96moperator()[0m] Accepted new connection
[2026-09-01 03:09:01.450] [info] [[94mHttpSession.cpp[0m:[95m96[0m [96mhandleRequest[0m] Got request: GET /ndt/get_graph_data
[2026-09-01 03:09:01.450] [info] [[94mHttpSession.cpp[0m:[95m531[0m [96mhandleGetGraphData[0m] Handle Get Graph Data
[2026-09-01 03:09:01.465] [info] [[94mHttpSession.cpp[0m:[95m576[0m [96mhandleGetGraphData[0m] get_graph_data success
[2026-09-01 03:09:01.700] [info] [[94mControllerAndOtherEventHandler.cpp[0m:[95m239[0m [96moperator()[0m] Accepted new connection
[2026-09-01 03:09:01.700] [info] [[94mHttpSession.cpp[0m:[95m96[0m [96mhandleRequest[0m] Got request: GET /ndt/get_graph_data
[2026-09-01 03:09:01.701] [info] [[94mHttpSession.cpp[0m:[95m531[0m [96mhandleGetGraphData[0m] Handle Get Graph Data
[2026-09-01 03:09:01.716] [info] [[94mHttpSession.cpp[0m:[95m576[0m [96mhandleGetGraphData[0m] get_graph_data success
[2026-09-01 03:09:01.951] [info] [[94mControllerAndOtherEventHandler.cpp[0m:[95m239[0m [96moperator()[0m] Accepted new connection
[2026-09-01 03:09:01.951] [info] [[94mHttpSession.cpp[0m:[95m96[0m [96mhandleRequest[0m] Got request: GET /ndt/get_graph_data
[2026-09-01 03:09:01.951] [info] [[94mHttpSession.cpp[0m:[95m531[0m [96mhandleGetGraphData[0m] Handle Get Graph Data
[2026-09-01 03:09:01.972] [info] [[94mHttpSession.cpp[0m:[95m576[0m [96mhandleGetGraphData[0m] get_graph_data success
[2026-09-01 03:09:02.201] [info] [[94mControllerAndOtherEventHandler.cpp[0m:[95m239[0m [96moperator()[0m] Accepted new connection
[2026-09-01 03:09:02.201] [info] [[94mHttpSession.cpp[0m:[95m96[0m [96mhandleRequest[0m] Got request: GET /ndt/get_graph_data
[2026-09-01 03:09:02.201] [info] [[94mHttpSession.cpp[0m:[95m531[0m [96mhandleGetGraphData[0m] Handle Get Graph Data
[2026-09-01 03:09:02.222] [info] [[94mHttpSession.cpp[0m:[95m576[0m [96mhandleGetGraphData[0m] get_graph_data success
[2026-09-01 03:09:02.451] [info] [[94mControllerAndOtherEventHandler.cpp[0m:[95m239[0m [96moperator()[0m] Accepted new connection
[2026-09-01 03:09:02.451] [info] [[94mHttpSession.cpp[0m:[95m96[0m [96mhandleRequest[0m] Got request: GET /ndt/get_graph_data
[2026-09-01 03:09:02.451] [info] [[94mHttpSession.cpp[0m:[95m531[0m [96mhandleGetGraphData[0m] Handle Get Graph Data
[2026-09-01 03:09:02.469] [info] [[94mHttpSession.cpp[0m:[95m576[0m [96mhandleGetGraphData[0m] get_graph_data success
[2026-09-01 03:09:02.701] [info] [[94mControllerAndOtherEventHandler.cpp[0m:[95m239[0m [96moperator()[0m] Accepted new connection
[2026-09-01 03:09:02.701] [info] [[94mHttpSession.cpp[0m:[95m96[0m [96mhandleRequest[0m] Got request: GET /ndt/get_graph_data
[2026-09-01 03:09:02.701] [info] [[94mHttpSession.cpp[0m:[95m531[0m [96mhandleGetGraphData[0m] Handle Get Graph Data
[2026-09-01 03:09:02.721] [info] [[94mHttpSession.cpp[0m:[95m576[0m [96mhandleGetGraphData[0m] get_graph_data success
[2026-09-01 03:09:02.951] [info] [[94mControllerAndOtherEventHandler.cpp[0m:[95m239[0m [96moperator()[0m] Accepted new connection
[2026-09-01 03:09:02.951] [info] [[94mHttpSession.cpp[0m:[95m96[0m [96mhandleRequest[0m] Got request: GET /ndt/get_graph_data
[2026-09-01 03:09:02.951] [info] [[94mHttpSession.cpp[0m:[95m531[0m [96mhandleGetGraphData[0m] Handle Get Graph Data
[2026-09-01 03:09:02.972] [info] [[94mHttpSession.cpp[0m:[95m576[0m [96mhandleGetGraphData[0m] get_graph_data success
[2026-09-01 03:09:03.201] [info] [[94mControllerAndOtherEventHandler.cpp[0m:[95m239[0m [96moperator()[0m] Accepted new connection
[2026-09-01 03:09:03.201] [info] [[94mHttpSession.cpp[0m:[95m96[0m [96mhandleRequest[0m] Got request: GET /ndt/get_graph_data
[2026-09-01 03:09:03.201] [info] [[94mHttpSession.cpp[0m:[95m531[0m [96mhandleGetGraphData[0m] Handle Get Graph Data
[2026-09-01 03:09:03.223] [info] [[94mHttpSession.cpp[0m:[95m576[0m [96mhandleGetGraphData[0m] get_graph_data success
[2026-09-01 03:09:03.451] [info] [[94mControllerAndOtherEventHandler.cpp[0m:[95m239[0m [96moperator()[0m] Accepted new connection
[2026-09-01 03:09:03.452] [info] [[94mHttpSession.cpp[0m:[95m96[0m [96mhandleRequest[0m] Got request: GET /ndt/get_graph_data
[2026-09-01 03:09:03.452] [info] [[94mHttpSession.cpp[0m:[95m531[0m [96mhandleGetGraphData[0m] Handle Get Graph Data
[2026-09-01 03:09:03.472] [info] [[94mHttpSession.cpp[0m:[95m576[0m [96mhandleGetGraphData[0m] get_graph_data success
[2026-09-01 03:09:03.701] [info] [[94mControllerAndOtherEventHandler.cpp[0m:[95m239[0m [96moperator()[0m] Accepted new connection
[2026-09-01 03:09:03.701] [info] [[94mHttpSession.cpp[0m:[95m96[0m [96mhandleRequest[0m] Got request: GET /ndt/get_graph_data
[2026-09-01 03:09:03.701] [info] [[94mHttpSession.cpp[0m:[95m531[0m [96mhandleGetGraphData[0m] Handle Get Graph Data
[2026-09-01 03:09:03.723] [info] [[94mHttpSession.cpp[0m:[95m576[0m [96mhandleGetGraphData[0m] get_graph_data success
[2026-09-01 03:09:03.952] [info] [[94mControllerAndOtherEventHandler.cpp[0m:[95m239[0m [96moperator()[0m] Accepted new connection
[2026-09-01 03:09:03.952] [info] [[94mHttpSession.cpp[0m:[95m96[0m [96mhandleRequest[0m] Got request: GET /ndt/get_graph_data
[2026-09-01 03:09:03.952] [info] [[94mHttpSession.cpp[0m:[95m531[0m [96mhandleGetGraphData[0m] Handle Get Graph Data
[2026-09-01 03:09:03.973] [info] [[94mHttpSession.cpp[0m:[95m576[0m [96mhandleGetGraphData[0m] get_graph_data success
[2026-09-01 03:09:04.201] [info] [[94mControllerAndOtherEventHandler.cpp[0m:[95m239[0m [96moperator()[0m] Accepted new connection
[2026-09-01 03:09:04.201] [info] [[94mHttpSession.cpp[0m:[95m96[0m [96mhandleRequest[0m] Got request: GET /ndt/get_graph_data
[2026-09-01 03:09:04.201] [info] [[94mHttpSession.cpp[0m:[95m531[0m [96mhandleGetGraphData[0m] Handle Get Graph Data
[2026-09-01 03:09:04.223] [info] [[94mHttpSession.cpp[0m:[95m576[0m [96mhandleGetGraphData[0m] get_graph_data success
[2026-09-01 03:09:04.452] [info] [[94mControllerAndOtherEventHandler.cpp[0m:[95m239[0m [96moperator()[0m] Accepted new connection
[2026-09-01 03:09:04.452] [info] [[94mHttpSession.cpp[0m:[95m96[0m [96mhandleRequest[0m] Got request: GET /ndt/get_graph_data
[2026-09-01 03:09:04.452] [info] [[94mHttpSession.cpp[0m:[95m531[0m [96mhandleGetGraphData[0m] Handle Get Graph Data
[2026-09-01 03:09:04.472] [info] [[94mHttpSession.cpp[0m:[95m576[0m [96mhandleGetGraphData[0m] get_graph_data success
[2026-09-01 03:09:04.701] [info] [[94mControllerAndOtherEventHandler.cpp[0m:[95m239[0m [96moperator()[0m] Accepted new connection
[2026-09-01 03:09:04.701] [info] [[94mHttpSession.cpp[0m:[95m96[0m [96mhandleRequest[0m] Got request: GET /ndt/get_graph_data
[2026-09-01 03:09:04.701] [info] [[94mHttpSession.cpp[0m:[95m531[0m [96mhandleGetGraphData[0m] Handle Get Graph Data
[2026-09-01 03:09:04.722] [info] [[94mHttpSession.cpp[0m:[95m576[0m [96mhandleGetGraphData[0m] get_graph_data success
[2026-09-01 03:09:04.951] [info] [[94mControllerAndOtherEventHandler.cpp[0m:[95m239[0m [96moperator()[0m] Accepted new connection
[2026-09-01 03:09:04.951] [info] [[94mHttpSession.cpp[0m:[95m96[0m [96mhandleRequest[0m] Got request: GET /ndt/get_graph_data
[2026-09-01 03:09:04.951] [info] [[94mHttpSession.cpp[0m:[95m531[0m [96mhandleGetGraphData[0m] Handle Get Graph Data
[2026-09-01 03:09:04.968] [info] [[94mHttpSession.cpp[0m:[95m576[0m [96mhandleGetGraphData[0m] get_graph_data success
[2026-09-01 03:09:05.202] [info] [[94mControllerAndOtherEventHandler.cpp[0m:[95m239[0m [96moperator()[0m] Accepted new connection
[2026-09-01 03:09:05.202] [info] [[94mHttpSession.cpp[0m:[95m96[0m [96mhandleRequest[0m] Got request: GET /ndt/get_graph_data
[2026-09-01 03:09:05.202] [info] [[94mHttpSession.cpp[0m:[95m531[0m [96mhandleGetGraphData[0m] Handle Get Graph Data
[2026-09-01 03:09:05.223] [info] [[94mHttpSession.cpp[0m:[95m576[0m [96mhandleGetGraphData[0m] get_graph_data success
[2026-09-01 03:09:05.452] [info] [[94mControllerAndOtherEventHandler.cpp[0m:[95m239[0m [96moperator()[0m] Accepted new connection
[2026-09-01 03:09:05.452] [info] [[94mHttpSession.cpp[0m:[95m96[0m [96mhandleRequest[0m] Got request: GET /ndt/get_graph_data
[2026-09-01 03:09:05.452] [info] [[94mHttpSession.cpp[0m:[95m531[0m [96mhandleGetGraphData[0m] Handle Get Graph Data
[2026-09-01 03:09:05.474] [info] [[94mHttpSession.cpp[0m:[95m576[0m [96mhandleGetGraphData[0m] get_graph_data success
[2026-09-01 03:09:05.702] [info] [[94mControllerAndOtherEventHandler.cpp[0m:[95m239[0m [96moperator()[0m] Accepted new connection
[2026-09-01 03:09:05.702] [info] [[94mHttpSession.cpp[0m:[95m96[0m [96mhandleRequest[0m] Got request: GET /ndt/get_graph_data
[2026-09-01 03:09:05.702] [info] [[94mHttpSession.cpp[0m:[95m531[0m [96mhandleGetGraphData[0m] Handle Get Graph Data
[2026-09-01 03:09:05.723] [info] [[94mHttpSession.cpp[0m:[95m576[0m [96mhandleGetGraphData[0m] get_graph_data success
[2026-09-01 03:09:05.952] [info] [[94mControllerAndOtherEventHandler.cpp[0m:[95m239[0m [96moperator()[0m] Accepted new connection
[2026-09-01 03:09:05.952] [info] [[94mHttpSession.cpp[0m:[95m96[0m [96mhandleRequest[0m] Got request: GET /ndt/get_graph_data
[2026-09-01 03:09:05.952] [info] [[94mHttpSession.cpp[0m:[95m531[0m [96mhandleGetGraphData[0m] Handle Get Graph Data
[2026-09-01 03:09:05.972] [info] [[94mHttpSession.cpp[0m:[95m576[0m [96mhandleGetGraphData[0m] get_graph_data success
[2026-09-01 03:09:06.202] [info] [[94mControllerAndOtherEventHandler.cpp[0m:[95m239[0m [96moperator()[0m] Accepted new connection
[2026-09-01 03:09:06.202] [info] [[94mHttpSession.cpp[0m:[95m96[0m [96mhandleRequest[0m] Got request: GET /ndt/get_graph_data
[2026-09-01 03:09:06.202] [info] [[94mHttpSession.cpp[0m:[95m531[0m [96mhandleGetGraphData[0m] Handle Get Graph Data
[2026-09-01 03:09:06.224] [info] [[94mHttpSession.cpp[0m:[95m576[0m [96mhandleGetGraphData[0m] get_graph_data success
[2026-09-01 03:09:06.452] [info] [[94mControllerAndOtherEventHandler.cpp[0m:[95m239[0m [96moperator()[0m] Accepted new connection
[2026-09-01 03:09:06.452] [info] [[94mHttpSession.cpp[0m:[95m96[0m [96mhandleRequest[0m] Got request: GET /ndt/get_graph_data
[2026-09-01 03:09:06.452] [info] [[94mHttpSession.cpp[0m:[95m531[0m [96mhandleGetGraphData[0m] Handle Get Graph Data
[2026-09-01 03:09:06.472] [info] [[94mHttpSession.cpp[0m:[95m576[0m [96mhandleGetGraphData[0m] get_graph_data success
[2026-09-01 03:09:06.702] [info] [[94mControllerAndOtherEventHandler.cpp[0m:[95m239[0m [96moperator()[0m] Accepted new connection
[2026-09-01 03:09:06.702] [info] [[94mHttpSession.cpp[0m:[95m96[0m [96mhandleRequest[0m] Got request: GET /ndt/get_graph_data
[2026-09-01 03:09:06.702] [info] [[94mHttpSession.cpp[0m:[95m531[0m [96mhandleGetGraphData[0m] Handle Get Graph Data
[2026-09-01 03:09:06.724] [info] [[94mHttpSession.cpp[0m:[95m576[0m [96mhandleGetGraphData[0m] get_graph_data success
[2026-09-01 03:09:06.952] [info] [[94mControllerAndOtherEventHandler.cpp[0m:[95m239[0m [96moperator()[0m] Accepted new connection
[2026-09-01 03:09:06.952] [info] [[94mHttpSession.cpp[0m:[95m96[0m [96mhandleRequest[0m] Got request: GET /ndt/get_graph_data
[2026-09-01 03:09:06.952] [info] [[94mHttpSession.cpp[0m:[95m531[0m [96mhandleGetGraphData[0m] Handle Get Graph Data
[2026-09-01 03:09:06.973] [info] [[94mHttpSession.cpp[0m:[95m576[0m [96mhandleGetGraphData[0m] get_graph_data success
[2026-09-01 03:09:07.202] [info] [[94mControllerAndOtherEventHandler.cpp[0m:[95m239[0m [96moperator()[0m] Accepted new connection
[2026-09-01 03:09:07.202] [info] [[94mHttpSession.cpp[0m:[95m96[0m [96mhandleRequest[0m] Got request: GET /ndt/get_graph_data
[2026-09-01 03:09:07.202] [info] [[94mHttpSession.cpp[0m:[95m531[0m [96mhandleGetGraphData[0m] Handle Get Graph Data
[2026-09-01 03:09:07.218] [info] [[94mHttpSession.cpp[0m:[95m576[0m [96mhandleGetGraphData[0m] get_graph_data success
[2026-09-01 03:09:07.452] [info] [[94mControllerAndOtherEventHandler.cpp[0m:[95m239[0m [96moperator()[0m] Accepted new connection
[2026-09-01 03:09:07.453] [info] [[94mHttpSession.cpp[0m:[95m96[0m [96mhandleRequest[0m] Got request: GET /ndt/get_graph_data
[2026-09-01 03:09:07.453] [info] [[94mHttpSession.cpp[0m:[95m531[0m [96mhandleGetGraphData[0m] Handle Get Graph Data
[2026-09-01 03:09:07.474] [info] [[94mHttpSession.cpp[0m:[95m576[0m [96mhandleGetGraphData[0m] get_graph_data success
[2026-09-01 03:09:07.702] [info] [[94mControllerAndOtherEventHandler.cpp[0m:[95m239[0m [96moperator()[0m] Accepted new connection
[2026-09-01 03:09:07.702] [info] [[94mHttpSession.cpp[0m:[95m96[0m [96mhandleRequest[0m] Got request: GET /ndt/get_graph_data
[2026-09-01 03:09:07.702] [info] [[94mHttpSession.cpp[0m:[95m531[0m [96mhandleGetGraphData[0m] Handle Get Graph Data
[2026-09-01 03:09:07.722] [info] [[94mHttpSession.cpp[0m:[95m576[0m [96mhandleGetGraphData[0m] get_graph_data success
[2026-09-01 03:09:07.953] [info] [[94mControllerAndOtherEventHandler.cpp[0m:[95m239[0m [96moperator()[0m] Accepted new connection
[2026-09-01 03:09:07.953] [info] [[94mHttpSession.cpp[0m:[95m96[0m [96mhandleRequest[0m] Got request: GET /ndt/get_graph_data
[2026-09-01 03:09:07.953] [info] [[94mHttpSession.cpp[0m:[95m531[0m [96mhandleGetGraphData[0m] Handle Get Graph Data
[2026-09-01 03:09:07.969] [info] [[94mHttpSession.cpp[0m:[95m576[0m [96mhandleGetGraphData[0m] get_graph_data success
[2026-09-01 03:09:08.203] [info] [[94mControllerAndOtherEventHandler.cpp[0m:[95m239[0m [96moperator()[0m] Accepted new connection
[2026-09-01 03:09:08.203] [info] [[94mHttpSession.cpp[0m:[95m96[0m [96mhandleRequest[0m] Got request: GET /ndt/get_graph_data
[2026-09-01 03:09:08.203] [info] [[94mHttpSession.cpp[0m:[95m531[0m [96mhandleGetGraphData[0m] Handle Get Graph Data
[2026-09-01 03:09:08.225] [info] [[94mHttpSession.cpp[0m:[95m576[0m [96mhandleGetGraphData[0m] get_graph_data success
[2026-09-01 03:09:08.453] [info] [[94mControllerAndOtherEventHandler.cpp[0m:[95m239[0m [96moperator()[0m] Accepted new connection
[2026-09-01 03:09:08.453] [info] [[94mHttpSession.cpp[0m:[95m96[0m [96mhandleRequest[0m] Got request: GET /ndt/get_graph_data
[2026-09-01 03:09:08.453] [info] [[94mHttpSession.cpp[0m:[95m531[0m [96mhandleGetGraphData[0m] Handle Get Graph Data
[2026-09-01 03:09:08.474] [info] [[94mHttpSession.cpp[0m:[95m576[0m [96mhandleGetGraphData[0m] get_graph_data success
[2026-09-01 03:09:08.703] [info] [[94mControllerAndOtherEventHandler.cpp[0m:[95m239[0m [96moperator()[0m] Accepted new connection
[2026-09-01 03:09:08.703] [info] [[94mHttpSession.cpp[0m:[95m96[0m [96mhandleRequest[0m] Got request: GET /ndt/get_graph_data
[2026-09-01 03:09:08.703] [info] [[94mHttpSession.cpp[0m:[95m531[0m [96mhandleGetGraphData[0m] Handle Get Graph Data
[2026-09-01 03:09:08.724] [info] [[94mHttpSession.cpp[0m:[95m576[0m [96mhandleGetGraphData[0m] get_graph_data success
[2026-09-01 03:09:08.953] [info] [[94mControllerAndOtherEventHandler.cpp[0m:[95m239[0m [96moperator()[0m] Accepted new connection
[2026-09-01 03:09:08.953] [info] [[94mHttpSession.cpp[0m:[95m96[0m [96mhandleRequest[0m] Got request: GET /ndt/get_graph_data
[2026-09-01 03:09:08.953] [info] [[94mHttpSession.cpp[0m:[95m531[0m [96mhandleGetGraphData[0m] Handle Get Graph Data
[2026-09-01 03:09:08.969] [info] [[94mHttpSession.cpp[0m:[95m576[0m [96mhandleGetGraphData[0m] get_graph_data success
[2026-09-01 03:09:09.203] [info] [[94mControllerAndOtherEventHandler.cpp[0m:[95m239[0m [96moperator()[0m] Accepted new connection
[2026-09-01 03:09:09.204] [info] [[94mHttpSession.cpp[0m:[95m96[0m [96mhandleRequest[0m] Got request: GET /ndt/get_graph_data
[2026-09-01 03:09:09.204] [info] [[94mHttpSession.cpp[0m:[95m531[0m [96mhandleGetGraphData[0m] Handle Get Graph Data
[2026-09-01 03:09:09.219] [info] [[94mHttpSession.cpp[0m:[95m576[0m [96mhandleGetGraphData[0m] get_graph_data success
[2026-09-01 03:09:09.453] [info] [[94mControllerAndOtherEventHandler.cpp[0m:[95m239[0m [96moperator()[0m] Accepted new connection
[2026-09-01 03:09:09.454] [info] [[94mHttpSession.cpp[0m:[95m96[0m [96mhandleRequest[0m] Got request: GET /ndt/get_graph_data
[2026-09-01 03:09:09.454] [info] [[94mHttpSession.cpp[0m:[95m531[0m [96mhandleGetGraphData[0m] Handle Get Graph Data
[2026-09-01 03:09:09.474] [info] [[94mHttpSession.cpp[0m:[95m576[0m [96mhandleGetGraphData[0m] get_graph_data success
[2026-09-01 03:09:09.703] [info] [[94mControllerAndOtherEventHandler.cpp[0m:[95m239[0m [96moperator()[0m] Accepted new connection
[2026-09-01 03:09:09.704] [info] [[94mHttpSession.cpp[0m:[95m96[0m [96mhandleRequest[0m] Got request: GET /ndt/get_graph_data
[2026-09-01 03:09:09.704] [info] [[94mHttpSession.cpp[0m:[95m531[0m [96mhandleGetGraphData[0m] Handle Get Graph Data
[2026-09-01 03:09:09.725] [info] [[94mHttpSession.cpp[0m:[95m576[0m [96mhandleGetGraphData[0m] get_graph_data success
[2026-09-01 03:09:09.953] [info] [[94mControllerAndOtherEventHandler.cpp[0m:[95m239[0m [96moperator()[0m] Accepted new connection
[2026-09-01 03:09:09.953] [info] [[94mHttpSession.cpp[0m:[95m96[0m [96mhandleRequest[0m] Got request: GET /ndt/get_graph_data
[2026-09-01 03:09:09.953] [info] [[94mHttpSession.cpp[0m:[95m531[0m [96mhandleGetGraphData[0m] Handle Get Graph Data
[2026-09-01 03:09:09.974] [info] [[94mHttpSession.cpp[0m:[95m576[0m [96mhandleGetGraphData[0m] get_graph_data success
[2026-09-01 03:09:10.203] [info] [[94mControllerAndOtherEventHandler.cpp[0m:[95m239[0m [96moperator()[0m] Accepted new connection
[2026-09-01 03:09:10.203] [info] [[94mHttpSession.cpp[0m:[95m96[0m [96mhandleRequest[0m] Got request: GET /ndt/get_graph_data
[2026-09-01 03:09:10.203] [info] [[94mHttpSession.cpp[0m:[95m531[0m [96mhandleGetGraphData[0m] Handle Get Graph Data
[2026-09-01 03:09:10.222] [info] [[94mHttpSession.cpp[0m:[95m576[0m [96mhandleGetGraphData[0m] get_graph_data success
[2026-09-01 03:09:10.453] [info] [[94mControllerAndOtherEventHandler.cpp[0m:[95m239[0m [96moperator()[0m] Accepted new connection
[2026-09-01 03:09:10.453] [info] [[94mHttpSession.cpp[0m:[95m96[0m [96mhandleRequest[0m] Got request: GET /ndt/get_graph_data
[2026-09-01 03:09:10.453] [info] [[94mHttpSession.cpp[0m:[95m531[0m [96mhandleGetGraphData[0m] Handle Get Graph Data
[2026-09-01 03:09:10.470] [info] [[94mHttpSession.cpp[0m:[95m576[0m [96mhandleGetGraphData[0m] get_graph_data success
[2026-09-01 03:09:10.704] [info] [[94mControllerAndOtherEventHandler.cpp[0m:[95m239[0m [96moperator()[0m] Accepted new connection
[2026-09-01 03:09:10.704] [info] [[94mHttpSession.cpp[0m:[95m96[0m [96mhandleRequest[0m] Got request: GET /ndt/get_graph_data
[2026-09-01 03:09:10.704] [info] [[94mHttpSession.cpp[0m:[95m531[0m [96mhandleGetGraphData[0m] Handle Get Graph Data
[2026-09-01 03:09:10.719] [info] [[94mHttpSession.cpp[0m:[95m576[0m [96mhandleGetGraphData[0m] get_graph_data success
[2026-09-01 03:09:10.953] [info] [[94mControllerAndOtherEventHandler.cpp[0m:[95m239[0m [96moperator()[0m] Accepted new connection
[2026-09-01 03:09:10.953] [info] [[94mHttpSession.cpp[0m:[95m96[0m [96mhandleRequest[0m] Got request: GET /ndt/get_graph_data
[2026-09-01 03:09:10.953] [info] [[94mHttpSession.cpp[0m:[95m531[0m [96mhandleGetGraphData[0m] Handle Get Graph Data
[2026-09-01 03:09:10.968] [info] [[94mHttpSession.cpp[0m:[95m576[0m [96mhandleGetGraphData[0m] get_graph_data success
[2026-09-01 03:09:11.204] [info] [[94mControllerAndOtherEventHandler.cpp[0m:[95m239[0m [96moperator()[0m] Accepted new connection
[2026-09-01 03:09:11.204] [info] [[94mHttpSession.cpp[0m:[95m96[0m [96mhandleRequest[0m] Got request: GET /ndt/get_graph_data
[2026-09-01 03:09:11.204] [info] [[94mHttpSession.cpp[0m:[95m531[0m [96mhandleGetGraphData[0m] Handle Get Graph Data
[2026-09-01 03:09:11.221] [info] [[94mHttpSession.cpp[0m:[95m576[0m [96mhandleGetGraphData[0m] get_graph_data success
[2026-09-01 03:09:11.454] [info] [[94mControllerAndOtherEventHandler.cpp[0m:[95m239[0m [96moperator()[0m] Accepted new connection
[2026-09-01 03:09:11.454] [info] [[94mHttpSession.cpp[0m:[95m96[0m [96mhandleRequest[0m] Got request: GET /ndt/get_graph_data
[2026-09-01 03:09:11.454] [info] [[94mHttpSession.cpp[0m:[95m531[0m [96mhandleGetGraphData[0m] Handle Get Graph Data
[2026-09-01 03:09:11.475] [info] [[94mHttpSession.cpp[0m:[95m576[0m [96mhandleGetGraphData[0m] get_graph_data success
[2026-09-01 03:09:11.704] [info] [[94mControllerAndOtherEventHandler.cpp[0m:[95m239[0m [96moperator()[0m] Accepted new connection
[2026-09-01 03:09:11.704] [info] [[94mHttpSession.cpp[0m:[95m96[0m [96mhandleRequest[0m] Got request: GET /ndt/get_graph_data
[2026-09-01 03:09:11.704] [info] [[94mHttpSession.cpp[0m:[95m531[0m [96mhandleGetGraphData[0m] Handle Get Graph Data
[2026-09-01 03:09:11.721] [info] [[94mHttpSession.cpp[0m:[95m576[0m [96mhandleGetGraphData[0m] get_graph_data success
[2026-09-01 03:09:11.954] [info] [[94mControllerAndOtherEventHandler.cpp[0m:[95m239[0m [96moperator()[0m] Accepted new connection
[2026-09-01 03:09:11.954] [info] [[94mHttpSession.cpp[0m:[95m96[0m [96mhandleRequest[0m] Got request: GET /ndt/get_graph_data
[2026-09-01 03:09:11.954] [info] [[94mHttpSession.cpp[0m:[95m531[0m [96mhandleGetGraphData[0m] Handle Get Graph Data
[2026-09-01 03:09:11.970] [info] [[94mHttpSession.cpp[0m:[95m576[0m [96mhandleGetGraphData[0m] get_graph_data success
[2026-09-01 03:09:12.204] [info] [[94mControllerAndOtherEventHandler.cpp[0m:[95m239[0m [96moperator()[0m] Accepted new connection
[2026-09-01 03:09:12.205] [info] [[94mHttpSession.cpp[0m:[95m96[0m [96mhandleRequest[0m] Got request: GET /ndt/get_graph_data
[2026-09-01 03:09:12.205] [info] [[94mHttpSession.cpp[0m:[95m531[0m [96mhandleGetGraphData[0m] Handle Get Graph Data
[2026-09-01 03:09:12.226] [info] [[94mHttpSession.cpp[0m:[95m576[0m [96mhandleGetGraphData[0m] get_graph_data success
[2026-09-01 03:09:12.453] [info] [[94mControllerAndOtherEventHandler.cpp[0m:[95m239[0m [96moperator()[0m] Accepted new connection
[2026-09-01 03:09:12.454] [info] [[94mHttpSession.cpp[0m:[95m96[0m [96mhandleRequest[0m] Got request: GET /ndt/get_graph_data
[2026-09-01 03:09:12.454] [info] [[94mHttpSession.cpp[0m:[95m531[0m [96mhandleGetGraphData[0m] Handle Get Graph Data
[2026-09-01 03:09:12.468] [info] [[94mHttpSession.cpp[0m:[95m576[0m [96mhandleGetGraphData[0m] get_graph_data success
[2026-09-01 03:09:12.704] [info] [[94mControllerAndOtherEventHandler.cpp[0m:[95m239[0m [96moperator()[0m] Accepted new connection
[2026-09-01 03:09:12.704] [info] [[94mHttpSession.cpp[0m:[95m96[0m [96mhandleRequest[0m] Got request: GET /ndt/get_graph_data
[2026-09-01 03:09:12.704] [info] [[94mHttpSession.cpp[0m:[95m531[0m [96mhandleGetGraphData[0m] Handle Get Graph Data
[2026-09-01 03:09:12.718] [info] [[94mHttpSession.cpp[0m:[95m576[0m [96mhandleGetGraphData[0m] get_graph_data success
[2026-09-01 03:09:12.954] [info] [[94mControllerAndOtherEventHandler.cpp[0m:[95m239[0m [96moperator()[0m] Accepted new connection
[2026-09-01 03:09:12.954] [info] [[94mHttpSession.cpp[0m:[95m96[0m [96mhandleRequest[0m] Got request: GET /ndt/get_graph_data
[2026-09-01 03:09:12.954] [info] [[94mHttpSession.cpp[0m:[95m531[0m [96mhandleGetGraphData[0m] Handle Get Graph Data
[2026-09-01 03:09:12.975] [info] [[94mHttpSession.cpp[0m:[95m576[0m [96mhandleGetGraphData[0m] get_graph_data success
[2026-09-01 03:09:13.205] [info] [[94mControllerAndOtherEventHandler.cpp[0m:[95m239[0m [96moperator()[0m] Accepted new connection
[2026-09-01 03:09:13.205] [info] [[94mHttpSession.cpp[0m:[95m96[0m [96mhandleRequest[0m] Got request: GET /ndt/get_graph_data
[2026-09-01 03:09:13.205] [info] [[94mHttpSession.cpp[0m:[95m531[0m [96mhandleGetGraphData[0m] Handle Get Graph Data
[2026-09-01 03:09:13.223] [info] [[94mHttpSession.cpp[0m:[95m576[0m [96mhandleGetGraphData[0m] get_graph_data success
[2026-09-01 03:09:13.454] [info] [[94mControllerAndOtherEventHandler.cpp[0m:[95m239[0m [96moperator()[0m] Accepted new connection
[2026-09-01 03:09:13.454] [info] [[94mHttpSession.cpp[0m:[95m96[0m [96mhandleRequest[0m] Got request: GET /ndt/get_graph_data
[2026-09-01 03:09:13.454] [info] [[94mHttpSession.cpp[0m:[95m531[0m [96mhandleGetGraphData[0m] Handle Get Graph Data
[2026-09-01 03:09:13.476] [info] [[94mHttpSession.cpp[0m:[95m576[0m [96mhandleGetGraphData[0m] get_graph_data success
[2026-09-01 03:09:13.704] [info] [[94mControllerAndOtherEventHandler.cpp[0m:[95m239[0m [96moperator()[0m] Accepted new connection
[2026-09-01 03:09:13.705] [info] [[94mHttpSession.cpp[0m:[95m96[0m [96mhandleRequest[0m] Got request: GET /ndt/get_graph_data
[2026-09-01 03:09:13.705] [info] [[94mHttpSession.cpp[0m:[95m531[0m [96mhandleGetGraphData[0m] Handle Get Graph Data
[2026-09-01 03:09:13.721] [info] [[94mHttpSession.cpp[0m:[95m576[0m [96mhandleGetGraphData[0m] get_graph_data success
[2026-09-01 03:09:13.954] [info] [[94mControllerAndOtherEventHandler.cpp[0m:[95m239[0m [96moperator()[0m] Accepted new connection
[2026-09-01 03:09:13.954] [info] [[94mHttpSession.cpp[0m:[95m96[0m [96mhandleRequest[0m] Got request: GET /ndt/get_graph_data
[2026-09-01 03:09:13.954] [info] [[94mHttpSession.cpp[0m:[95m531[0m [96mhandleGetGraphData[0m] Handle Get Graph Data
[2026-09-01 03:09:13.977] [info] [[94mHttpSession.cpp[0m:[95m576[0m [96mhandleGetGraphData[0m] get_graph_data success
[2026-09-01 03:09:14.205] [info] [[94mControllerAndOtherEventHandler.cpp[0m:[95m239[0m [96moperator()[0m] Accepted new connection
[2026-09-01 03:09:14.205] [info] [[94mHttpSession.cpp[0m:[95m96[0m [96mhandleRequest[0m] Got request: GET /ndt/get_graph_data
[2026-09-01 03:09:14.205] [info] [[94mHttpSession.cpp[0m:[95m531[0m [96mhandleGetGraphData[0m] Handle Get Graph Data
[2026-09-01 03:09:14.223] [info] [[94mHttpSession.cpp[0m:[95m576[0m [96mhandleGetGraphData[0m] get_graph_data success
[2026-09-01 03:09:14.455] [info] [[94mControllerAndOtherEventHandler.cpp[0m:[95m239[0m [96moperator()[0m] Accepted new connection
[2026-09-01 03:09:14.455] [info] [[94mHttpSession.cpp[0m:[95m96[0m [96mhandleRequest[0m] Got request: GET /ndt/get_graph_data
[2026-09-01 03:09:14.455] [info] [[94mHttpSession.cpp[0m:[95m531[0m [96mhandleGetGraphData[0m] Handle Get Graph Data
[2026-09-01 03:09:14.473] [info] [[94mHttpSession.cpp[0m:[95m576[0m [96mhandleGetGraphData[0m] get_graph_data success
[2026-09-01 03:09:14.705] [info] [[94mControllerAndOtherEventHandler.cpp[0m:[95m239[0m [96moperator()[0m] Accepted new connection
[2026-09-01 03:09:14.706] [info] [[94mHttpSession.cpp[0m:[95m96[0m [96mhandleRequest[0m] Got request: GET /ndt/get_graph_data
[2026-09-01 03:09:14.706] [info] [[94mHttpSession.cpp[0m:[95m531[0m [96mhandleGetGraphData[0m] Handle Get Graph Data
[2026-09-01 03:09:14.726] [info] [[94mHttpSession.cpp[0m:[95m576[0m [96mhandleGetGraphData[0m] get_graph_data success
[2026-09-01 03:09:14.955] [info] [[94mControllerAndOtherEventHandler.cpp[0m:[95m239[0m [96moperator()[0m] Accepted new connection
[2026-09-01 03:09:14.955] [info] [[94mHttpSession.cpp[0m:[95m96[0m [96mhandleRequest[0m] Got request: GET /ndt/get_graph_data
[2026-09-01 03:09:14.955] [info] [[94mHttpSession.cpp[0m:[95m531[0m [96mhandleGetGraphData[0m] Handle Get Graph Data
[2026-09-01 03:09:14.970] [info] [[94mHttpSession.cpp[0m:[95m576[0m [96mhandleGetGraphData[0m] get_graph_data success
[2026-09-01 03:09:15.205] [info] [[94mControllerAndOtherEventHandler.cpp[0m:[95m239[0m [96moperator()[0m] Accepted new connection
[2026-09-01 03:09:15.205] [info] [[94mHttpSession.cpp[0m:[95m96[0m [96mhandleRequest[0m] Got request: GET /ndt/get_graph_data
[2026-09-01 03:09:15.205] [info] [[94mHttpSession.cpp[0m:[95m531[0m [96mhandleGetGraphData[0m] Handle Get Graph Data
[2026-09-01 03:09:15.225] [info] [[94mHttpSession.cpp[0m:[95m576[0m [96mhandleGetGraphData[0m] get_graph_data success
[2026-09-01 03:09:15.455] [info] [[94mControllerAndOtherEventHandler.cpp[0m:[95m239[0m [96moperator()[0m] Accepted new connection
[2026-09-01 03:09:15.455] [info] [[94mHttpSession.cpp[0m:[95m96[0m [96mhandleRequest[0m] Got request: GET /ndt/get_graph_data
[2026-09-01 03:09:15.455] [info] [[94mHttpSession.cpp[0m:[95m531[0m [96mhandleGetGraphData[0m] Handle Get Graph Data
[2026-09-01 03:09:15.474] [info] [[94mHttpSession.cpp[0m:[95m576[0m [96mhandleGetGraphData[0m] get_graph_data success
[2026-09-01 03:09:15.705] [info] [[94mControllerAndOtherEventHandler.cpp[0m:[95m239[0m [96moperator()[0m] Accepted new connection
[2026-09-01 03:09:15.705] [info] [[94mHttpSession.cpp[0m:[95m96[0m [96mhandleRequest[0m] Got request: GET /ndt/get_graph_data
[2026-09-01 03:09:15.705] [info] [[94mHttpSession.cpp[0m:[95m531[0m [96mhandleGetGraphData[0m] Handle Get Graph Data
[2026-09-01 03:09:15.723] [info] [[94mHttpSession.cpp[0m:[95m576[0m [96mhandleGetGraphData[0m] get_graph_data success
[2026-09-01 03:09:15.955] [info] [[94mControllerAndOtherEventHandler.cpp[0m:[95m239[0m [96moperator()[0m] Accepted new connection
[2026-09-01 03:09:15.955] [info] [[94mHttpSession.cpp[0m:[95m96[0m [96mhandleRequest[0m] Got request: GET /ndt/get_graph_data
[2026-09-01 03:09:15.955] [info] [[94mHttpSession.cpp[0m:[95m531[0m [96mhandleGetGraphData[0m] Handle Get Graph Data
[2026-09-01 03:09:15.975] [info] [[94mHttpSession.cpp[0m:[95m576[0m [96mhandleGetGraphData[0m] get_graph_data success
[2026-09-01 03:09:16.206] [info] [[94mControllerAndOtherEventHandler.cpp[0m:[95m239[0m [96moperator()[0m] Accepted new connection
[2026-09-01 03:09:16.206] [info] [[94mHttpSession.cpp[0m:[95m96[0m [96mhandleRequest[0m] Got request: GET /ndt/get_graph_data
[2026-09-01 03:09:16.206] [info] [[94mHttpSession.cpp[0m:[95m531[0m [96mhandleGetGraphData[0m] Handle Get Graph Data
[2026-09-01 03:09:16.224] [info] [[94mHttpSession.cpp[0m:[95m576[0m [96mhandleGetGraphData[0m] get_graph_data success
[2026-09-01 03:09:16.455] [info] [[94mControllerAndOtherEventHandler.cpp[0m:[95m239[0m [96moperator()[0m] Accepted new connection
[2026-09-01 03:09:16.455] [info] [[94mHttpSession.cpp[0m:[95m96[0m [96mhandleRequest[0m] Got request: GET /ndt/get_graph_data
[2026-09-01 03:09:16.456] [info] [[94mHttpSession.cpp[0m:[95m531[0m [96mhandleGetGraphData[0m] Handle Get Graph Data
[2026-09-01 03:09:16.477] [info] [[94mHttpSession.cpp[0m:[95m576[0m [96mhandleGetGraphData[0m] get_graph_data success
[2026-09-01 03:09:16.522] [info] [[94mFlowLinkUsageCollector.cpp[0m:[95m1807[0m [96mcalAvgFlowSendingRatesPeriodically[0m] rate loop period: last 30 iters mean 1001.3 ms | since start (269 iters) mean 1001.2 ms, min 1000.1, max 1004.3 (flows=1, counters=4) -- the LAST-N figure is the current denominator; the since-start one lags it
[2026-09-01 03:09:16.524] [info] [[94mFlowLinkUsageCollector.cpp[0m:[95m2016[0m [96mcalAvgFlowSendingRatesPeriodically[0m] rate divisor check: measured_interval_s=1.001489 divisor_used_s=1.001489 (ticket Q gate: these must agree to 1%; a negative divisor means no rate has been published yet, which is not a pass)
[2026-09-01 03:09:16.706] [info] [[94mControllerAndOtherEventHandler.cpp[0m:[95m239[0m [96moperator()[0m] Accepted new connection
[2026-09-01 03:09:16.706] [info] [[94mHttpSession.cpp[0m:[95m96[0m [96mhandleRequest[0m] Got request: GET /ndt/get_graph_data
[2026-09-01 03:09:16.706] [info] [[94mHttpSession.cpp[0m:[95m531[0m [96mhandleGetGraphData[0m] Handle Get Graph Data
[2026-09-01 03:09:16.727] [info] [[94mHttpSession.cpp[0m:[95m576[0m [96mhandleGetGraphData[0m] get_graph_data success
[2026-09-01 03:09:16.956] [info] [[94mControllerAndOtherEventHandler.cpp[0m:[95m239[0m [96moperator()[0m] Accepted new connection
[2026-09-01 03:09:16.956] [info] [[94mHttpSession.cpp[0m:[95m96[0m [96mhandleRequest[0m] Got request: GET /ndt/get_graph_data
[2026-09-01 03:09:16.956] [info] [[94mHttpSession.cpp[0m:[95m531[0m [96mhandleGetGraphData[0m] Handle Get Graph Data
[2026-09-01 03:09:16.977] [info] [[94mHttpSession.cpp[0m:[95m576[0m [96mhandleGetGraphData[0m] get_graph_data success
[2026-09-01 03:09:17.206] [info] [[94mControllerAndOtherEventHandler.cpp[0m:[95m239[0m [96moperator()[0m] Accepted new connection
[2026-09-01 03:09:17.206] [info] [[94mHttpSession.cpp[0m:[95m96[0m [96mhandleRequest[0m] Got request: GET /ndt/get_graph_data
[2026-09-01 03:09:17.206] [info] [[94mHttpSession.cpp[0m:[95m531[0m [96mhandleGetGraphData[0m] Handle Get Graph Data
[2026-09-01 03:09:17.227] [info] [[94mHttpSession.cpp[0m:[95m576[0m [96mhandleGetGraphData[0m] get_graph_data success
[2026-09-01 03:09:17.456] [info] [[94mControllerAndOtherEventHandler.cpp[0m:[95m239[0m [96moperator()[0m] Accepted new connection
[2026-09-01 03:09:17.456] [info] [[94mHttpSession.cpp[0m:[95m96[0m [96mhandleRequest[0m] Got request: GET /ndt/get_graph_data
[2026-09-01 03:09:17.456] [info] [[94mHttpSession.cpp[0m:[95m531[0m [96mhandleGetGraphData[0m] Handle Get Graph Data
[2026-09-01 03:09:17.478] [info] [[94mHttpSession.cpp[0m:[95m576[0m [96mhandleGetGraphData[0m] get_graph_data success
[2026-09-01 03:09:17.706] [info] [[94mControllerAndOtherEventHandler.cpp[0m:[95m239[0m [96moperator()[0m] Accepted new connection
[2026-09-01 03:09:17.706] [info] [[94mHttpSession.cpp[0m:[95m96[0m [96mhandleRequest[0m] Got request: GET /ndt/get_graph_data
[2026-09-01 03:09:17.706] [info] [[94mHttpSession.cpp[0m:[95m531[0m [96mhandleGetGraphData[0m] Handle Get Graph Data
[2026-09-01 03:09:17.727] [info] [[94mHttpSession.cpp[0m:[95m576[0m [96mhandleGetGraphData[0m] get_graph_data success
[2026-09-01 03:09:17.956] [info] [[94mControllerAndOtherEventHandler.cpp[0m:[95m239[0m [96moperator()[0m] Accepted new connection
[2026-09-01 03:09:17.956] [info] [[94mHttpSession.cpp[0m:[95m96[0m [96mhandleRequest[0m] Got request: GET /ndt/get_graph_data
[2026-09-01 03:09:17.956] [info] [[94mHttpSession.cpp[0m:[95m531[0m [96mhandleGetGraphData[0m] Handle Get Graph Data
[2026-09-01 03:09:17.972] [info] [[94mHttpSession.cpp[0m:[95m576[0m [96mhandleGetGraphData[0m] get_graph_data success
[2026-09-01 03:09:18.206] [info] [[94mControllerAndOtherEventHandler.cpp[0m:[95m239[0m [96moperator()[0m] Accepted new connection
[2026-09-01 03:09:18.206] [info] [[94mHttpSession.cpp[0m:[95m96[0m [96mhandleRequest[0m] Got request: GET /ndt/get_graph_data
[2026-09-01 03:09:18.206] [info] [[94mHttpSession.cpp[0m:[95m531[0m [96mhandleGetGraphData[0m] Handle Get Graph Data
[2026-09-01 03:09:18.223] [info] [[94mHttpSession.cpp[0m:[95m576[0m [96mhandleGetGraphData[0m] get_graph_data success
[2026-09-01 03:09:18.456] [info] [[94mControllerAndOtherEventHandler.cpp[0m:[95m239[0m [96moperator()[0m] Accepted new connection
[2026-09-01 03:09:18.456] [info] [[94mHttpSession.cpp[0m:[95m96[0m [96mhandleRequest[0m] Got request: GET /ndt/get_graph_data
[2026-09-01 03:09:18.456] [info] [[94mHttpSession.cpp[0m:[95m531[0m [96mhandleGetGraphData[0m] Handle Get Graph Data
[2026-09-01 03:09:18.470] [info] [[94mHttpSession.cpp[0m:[95m576[0m [96mhandleGetGraphData[0m] get_graph_data success
[2026-09-01 03:09:18.707] [info] [[94mControllerAndOtherEventHandler.cpp[0m:[95m239[0m [96moperator()[0m] Accepted new connection
[2026-09-01 03:09:18.707] [info] [[94mHttpSession.cpp[0m:[95m96[0m [96mhandleRequest[0m] Got request: GET /ndt/get_graph_data
[2026-09-01 03:09:18.707] [info] [[94mHttpSession.cpp[0m:[95m531[0m [96mhandleGetGraphData[0m] Handle Get Graph Data
[2026-09-01 03:09:18.726] [info] [[94mHttpSession.cpp[0m:[95m576[0m [96mhandleGetGraphData[0m] get_graph_data success
[2026-09-01 03:09:18.956] [info] [[94mControllerAndOtherEventHandler.cpp[0m:[95m239[0m [96moperator()[0m] Accepted new connection
[2026-09-01 03:09:18.956] [info] [[94mHttpSession.cpp[0m:[95m96[0m [96mhandleRequest[0m] Got request: GET /ndt/get_graph_data
[2026-09-01 03:09:18.956] [info] [[94mHttpSession.cpp[0m:[95m531[0m [96mhandleGetGraphData[0m] Handle Get Graph Data
[2026-09-01 03:09:18.977] [info] [[94mHttpSession.cpp[0m:[95m576[0m [96mhandleGetGraphData[0m] get_graph_data success
[2026-09-01 03:09:19.206] [info] [[94mControllerAndOtherEventHandler.cpp[0m:[95m239[0m [96moperator()[0m] Accepted new connection
[2026-09-01 03:09:19.206] [info] [[94mHttpSession.cpp[0m:[95m96[0m [96mhandleRequest[0m] Got request: GET /ndt/get_graph_data
[2026-09-01 03:09:19.206] [info] [[94mHttpSession.cpp[0m:[95m531[0m [96mhandleGetGraphData[0m] Handle Get Graph Data
[2026-09-01 03:09:19.225] [info] [[94mHttpSession.cpp[0m:[95m576[0m [96mhandleGetGraphData[0m] get_graph_data success
[2026-09-01 03:09:19.456] [info] [[94mControllerAndOtherEventHandler.cpp[0m:[95m239[0m [96moperator()[0m] Accepted new connection
[2026-09-01 03:09:19.456] [info] [[94mHttpSession.cpp[0m:[95m96[0m [96mhandleRequest[0m] Got request: GET /ndt/get_graph_data
[2026-09-01 03:09:19.456] [info] [[94mHttpSession.cpp[0m:[95m531[0m [96mhandleGetGraphData[0m] Handle Get Graph Data
[2026-09-01 03:09:19.472] [info] [[94mHttpSession.cpp[0m:[95m576[0m [96mhandleGetGraphData[0m] get_graph_data success
[2026-09-01 03:09:19.707] [info] [[94mControllerAndOtherEventHandler.cpp[0m:[95m239[0m [96moperator()[0m] Accepted new connection
[2026-09-01 03:09:19.707] [info] [[94mHttpSession.cpp[0m:[95m96[0m [96mhandleRequest[0m] Got request: GET /ndt/get_graph_data
[2026-09-01 03:09:19.707] [info] [[94mHttpSession.cpp[0m:[95m531[0m [96mhandleGetGraphData[0m] Handle Get Graph Data
[2026-09-01 03:09:19.727] [info] [[94mHttpSession.cpp[0m:[95m576[0m [96mhandleGetGraphData[0m] get_graph_data success
[2026-09-01 03:09:19.957] [info] [[94mControllerAndOtherEventHandler.cpp[0m:[95m239[0m [96moperator()[0m] Accepted new connection
[2026-09-01 03:09:19.957] [info] [[94mHttpSession.cpp[0m:[95m96[0m [96mhandleRequest[0m] Got request: GET /ndt/get_graph_data
[2026-09-01 03:09:19.957] [info] [[94mHttpSession.cpp[0m:[95m531[0m [96mhandleGetGraphData[0m] Handle Get Graph Data
[2026-09-01 03:09:19.978] [info] [[94mHttpSession.cpp[0m:[95m576[0m [96mhandleGetGraphData[0m] get_graph_data success
[2026-09-01 03:09:20.206] [info] [[94mControllerAndOtherEventHandler.cpp[0m:[95m239[0m [96moperator()[0m] Accepted new connection
[2026-09-01 03:09:20.206] [info] [[94mHttpSession.cpp[0m:[95m96[0m [96mhandleRequest[0m] Got request: GET /ndt/get_graph_data
[2026-09-01 03:09:20.206] [info] [[94mHttpSession.cpp[0m:[95m531[0m [96mhandleGetGraphData[0m] Handle Get Graph Data
[2026-09-01 03:09:20.227] [info] [[94mHttpSession.cpp[0m:[95m576[0m [96mhandleGetGraphData[0m] get_graph_data success
[2026-09-01 03:09:20.457] [info] [[94mControllerAndOtherEventHandler.cpp[0m:[95m239[0m [96moperator()[0m] Accepted new connection
[2026-09-01 03:09:20.457] [info] [[94mHttpSession.cpp[0m:[95m96[0m [96mhandleRequest[0m] Got request: GET /ndt/get_graph_data
[2026-09-01 03:09:20.457] [info] [[94mHttpSession.cpp[0m:[95m531[0m [96mhandleGetGraphData[0m] Handle Get Graph Data
[2026-09-01 03:09:20.477] [info] [[94mHttpSession.cpp[0m:[95m576[0m [96mhandleGetGraphData[0m] get_graph_data success
[2026-09-01 03:09:20.707] [info] [[94mControllerAndOtherEventHandler.cpp[0m:[95m239[0m [96moperator()[0m] Accepted new connection
[2026-09-01 03:09:20.707] [info] [[94mHttpSession.cpp[0m:[95m96[0m [96mhandleRequest[0m] Got request: GET /ndt/get_graph_data
[2026-09-01 03:09:20.707] [info] [[94mHttpSession.cpp[0m:[95m531[0m [96mhandleGetGraphData[0m] Handle Get Graph Data
[2026-09-01 03:09:20.722] [info] [[94mHttpSession.cpp[0m:[95m576[0m [96mhandleGetGraphData[0m] get_graph_data success
[2026-09-01 03:09:20.957] [info] [[94mControllerAndOtherEventHandler.cpp[0m:[95m239[0m [96moperator()[0m] Accepted new connection
[2026-09-01 03:09:20.957] [info] [[94mHttpSession.cpp[0m:[95m96[0m [96mhandleRequest[0m] Got request: GET /ndt/get_graph_data
[2026-09-01 03:09:20.957] [info] [[94mHttpSession.cpp[0m:[95m531[0m [96mhandleGetGraphData[0m] Handle Get Graph Data
[2026-09-01 03:09:20.973] [info] [[94mHttpSession.cpp[0m:[95m576[0m [96mhandleGetGraphData[0m] get_graph_data success
[2026-09-01 03:09:21.207] [info] [[94mControllerAndOtherEventHandler.cpp[0m:[95m239[0m [96moperator()[0m] Accepted new connection
[2026-09-01 03:09:21.207] [info] [[94mHttpSession.cpp[0m:[95m96[0m [96mhandleRequest[0m] Got request: GET /ndt/get_graph_data
[2026-09-01 03:09:21.207] [info] [[94mHttpSession.cpp[0m:[95m531[0m [96mhandleGetGraphData[0m] Handle Get Graph Data
[2026-09-01 03:09:21.228] [info] [[94mHttpSession.cpp[0m:[95m576[0m [96mhandleGetGraphData[0m] get_graph_data success
[2026-09-01 03:09:21.457] [info] [[94mControllerAndOtherEventHandler.cpp[0m:[95m239[0m [96moperator()[0m] Accepted new connection
[2026-09-01 03:09:21.457] [info] [[94mHttpSession.cpp[0m:[95m96[0m [96mhandleRequest[0m] Got request: GET /ndt/get_graph_data
[2026-09-01 03:09:21.457] [info] [[94mHttpSession.cpp[0m:[95m531[0m [96mhandleGetGraphData[0m] Handle Get Graph Data
[2026-09-01 03:09:21.475] [info] [[94mHttpSession.cpp[0m:[95m576[0m [96mhandleGetGraphData[0m] get_graph_data success
[2026-09-01 03:09:21.707] [info] [[94mControllerAndOtherEventHandler.cpp[0m:[95m239[0m [96moperator()[0m] Accepted new connection
[2026-09-01 03:09:21.707] [info] [[94mHttpSession.cpp[0m:[95m96[0m [96mhandleRequest[0m] Got request: GET /ndt/get_graph_data
[2026-09-01 03:09:21.707] [info] [[94mHttpSession.cpp[0m:[95m531[0m [96mhandleGetGraphData[0m] Handle Get Graph Data
[2026-09-01 03:09:21.728] [info] [[94mHttpSession.cpp[0m:[95m576[0m [96mhandleGetGraphData[0m] get_graph_data success
[2026-09-01 03:09:21.957] [info] [[94mControllerAndOtherEventHandler.cpp[0m:[95m239[0m [96moperator()[0m] Accepted new connection
[2026-09-01 03:09:21.957] [info] [[94mHttpSession.cpp[0m:[95m96[0m [96mhandleRequest[0m] Got request: GET /ndt/get_graph_data
[2026-09-01 03:09:21.957] [info] [[94mHttpSession.cpp[0m:[95m531[0m [96mhandleGetGraphData[0m] Handle Get Graph Data
[2026-09-01 03:09:21.979] [info] [[94mHttpSession.cpp[0m:[95m576[0m [96mhandleGetGraphData[0m] get_graph_data success
[2026-09-01 03:09:22.208] [info] [[94mControllerAndOtherEventHandler.cpp[0m:[95m239[0m [96moperator()[0m] Accepted new connection
[2026-09-01 03:09:22.208] [info] [[94mHttpSession.cpp[0m:[95m96[0m [96mhandleRequest[0m] Got request: GET /ndt/get_graph_data
[2026-09-01 03:09:22.208] [info] [[94mHttpSession.cpp[0m:[95m531[0m [96mhandleGetGraphData[0m] Handle Get Graph Data
[2026-09-01 03:09:22.229] [info] [[94mHttpSession.cpp[0m:[95m576[0m [96mhandleGetGraphData[0m] get_graph_data success
[2026-09-01 03:09:22.458] [info] [[94mControllerAndOtherEventHandler.cpp[0m:[95m239[0m [96moperator()[0m] Accepted new connection
[2026-09-01 03:09:22.458] [info] [[94mHttpSession.cpp[0m:[95m96[0m [96mhandleRequest[0m] Got request: GET /ndt/get_graph_data
[2026-09-01 03:09:22.458] [info] [[94mHttpSession.cpp[0m:[95m531[0m [96mhandleGetGraphData[0m] Handle Get Graph Data
[2026-09-01 03:09:22.480] [info] [[94mHttpSession.cpp[0m:[95m576[0m [96mhandleGetGraphData[0m] get_graph_data success
[2026-09-01 03:09:22.708] [info] [[94mControllerAndOtherEventHandler.cpp[0m:[95m239[0m [96moperator()[0m] Accepted new connection
[2026-09-01 03:09:22.708] [info] [[94mHttpSession.cpp[0m:[95m96[0m [96mhandleRequest[0m] Got request: GET /ndt/get_graph_data
[2026-09-01 03:09:22.708] [info] [[94mHttpSession.cpp[0m:[95m531[0m [96mhandleGetGraphData[0m] Handle Get Graph Data
[2026-09-01 03:09:22.725] [info] [[94mHttpSession.cpp[0m:[95m576[0m [96mhandleGetGraphData[0m] get_graph_data success
[2026-09-01 03:09:22.958] [info] [[94mControllerAndOtherEventHandler.cpp[0m:[95m239[0m [96moperator()[0m] Accepted new connection
[2026-09-01 03:09:22.958] [info] [[94mHttpSession.cpp[0m:[95m96[0m [96mhandleRequest[0m] Got request: GET /ndt/get_graph_data
[2026-09-01 03:09:22.958] [info] [[94mHttpSession.cpp[0m:[95m531[0m [96mhandleGetGraphData[0m] Handle Get Graph Data
[2026-09-01 03:09:22.979] [info] [[94mHttpSession.cpp[0m:[95m576[0m [96mhandleGetGraphData[0m] get_graph_data success
[2026-09-01 03:09:23.207] [info] [[94mControllerAndOtherEventHandler.cpp[0m:[95m239[0m [96moperator()[0m] Accepted new connection
[2026-09-01 03:09:23.207] [info] [[94mHttpSession.cpp[0m:[95m96[0m [96mhandleRequest[0m] Got request: GET /ndt/get_graph_data
[2026-09-01 03:09:23.207] [info] [[94mHttpSession.cpp[0m:[95m531[0m [96mhandleGetGraphData[0m] Handle Get Graph Data
[2026-09-01 03:09:23.222] [info] [[94mHttpSession.cpp[0m:[95m576[0m [96mhandleGetGraphData[0m] get_graph_data success
[2026-09-01 03:09:23.458] [info] [[94mControllerAndOtherEventHandler.cpp[0m:[95m239[0m [96moperator()[0m] Accepted new connection
[2026-09-01 03:09:23.458] [info] [[94mHttpSession.cpp[0m:[95m96[0m [96mhandleRequest[0m] Got request: GET /ndt/get_graph_data
[2026-09-01 03:09:23.458] [info] [[94mHttpSession.cpp[0m:[95m531[0m [96mhandleGetGraphData[0m] Handle Get Graph Data
[2026-09-01 03:09:23.474] [info] [[94mHttpSession.cpp[0m:[95m576[0m [96mhandleGetGraphData[0m] get_graph_data success
[2026-09-01 03:09:23.708] [info] [[94mControllerAndOtherEventHandler.cpp[0m:[95m239[0m [96moperator()[0m] Accepted new connection
[2026-09-01 03:09:23.708] [info] [[94mHttpSession.cpp[0m:[95m96[0m [96mhandleRequest[0m] Got request: GET /ndt/get_graph_data
[2026-09-01 03:09:23.708] [info] [[94mHttpSession.cpp[0m:[95m531[0m [96mhandleGetGraphData[0m] Handle Get Graph Data
[2026-09-01 03:09:23.730] [info] [[94mHttpSession.cpp[0m:[95m576[0m [96mhandleGetGraphData[0m] get_graph_data success
[2026-09-01 03:09:23.958] [info] [[94mControllerAndOtherEventHandler.cpp[0m:[95m239[0m [96moperator()[0m] Accepted new connection
[2026-09-01 03:09:23.958] [info] [[94mHttpSession.cpp[0m:[95m96[0m [96mhandleRequest[0m] Got request: GET /ndt/get_graph_data
[2026-09-01 03:09:23.959] [info] [[94mHttpSession.cpp[0m:[95m531[0m [96mhandleGetGraphData[0m] Handle Get Graph Data
[2026-09-01 03:09:23.980] [info] [[94mHttpSession.cpp[0m:[95m576[0m [96mhandleGetGraphData[0m] get_graph_data success
[2026-09-01 03:09:24.208] [info] [[94mControllerAndOtherEventHandler.cpp[0m:[95m239[0m [96moperator()[0m] Accepted new connection
[2026-09-01 03:09:24.209] [info] [[94mHttpSession.cpp[0m:[95m96[0m [96mhandleRequest[0m] Got request: GET /ndt/get_graph_data
[2026-09-01 03:09:24.209] [info] [[94mHttpSession.cpp[0m:[95m531[0m [96mhandleGetGraphData[0m] Handle Get Graph Data
[2026-09-01 03:09:24.229] [info] [[94mHttpSession.cpp[0m:[95m576[0m [96mhandleGetGraphData[0m] get_graph_data success
[2026-09-01 03:09:24.458] [info] [[94mControllerAndOtherEventHandler.cpp[0m:[95m239[0m [96moperator()[0m] Accepted new connection
[2026-09-01 03:09:24.459] [info] [[94mHttpSession.cpp[0m:[95m96[0m [96mhandleRequest[0m] Got request: GET /ndt/get_graph_data
[2026-09-01 03:09:24.459] [info] [[94mHttpSession.cpp[0m:[95m531[0m [96mhandleGetGraphData[0m] Handle Get Graph Data
[2026-09-01 03:09:24.480] [info] [[94mHttpSession.cpp[0m:[95m576[0m [96mhandleGetGraphData[0m] get_graph_data success
[2026-09-01 03:09:24.708] [info] [[94mControllerAndOtherEventHandler.cpp[0m:[95m239[0m [96moperator()[0m] Accepted new connection
[2026-09-01 03:09:24.708] [info] [[94mHttpSession.cpp[0m:[95m96[0m [96mhandleRequest[0m] Got request: GET /ndt/get_graph_data
[2026-09-01 03:09:24.708] [info] [[94mHttpSession.cpp[0m:[95m531[0m [96mhandleGetGraphData[0m] Handle Get Graph Data
[2026-09-01 03:09:24.723] [info] [[94mHttpSession.cpp[0m:[95m576[0m [96mhandleGetGraphData[0m] get_graph_data success
[2026-09-01 03:09:24.958] [info] [[94mControllerAndOtherEventHandler.cpp[0m:[95m239[0m [96moperator()[0m] Accepted new connection
[2026-09-01 03:09:24.958] [info] [[94mHttpSession.cpp[0m:[95m96[0m [96mhandleRequest[0m] Got request: GET /ndt/get_graph_data
[2026-09-01 03:09:24.958] [info] [[94mHttpSession.cpp[0m:[95m531[0m [96mhandleGetGraphData[0m] Handle Get Graph Data
[2026-09-01 03:09:24.980] [info] [[94mHttpSession.cpp[0m:[95m576[0m [96mhandleGetGraphData[0m] get_graph_data success
[2026-09-01 03:09:25.209] [info] [[94mControllerAndOtherEventHandler.cpp[0m:[95m239[0m [96moperator()[0m] Accepted new connection
[2026-09-01 03:09:25.209] [info] [[94mHttpSession.cpp[0m:[95m96[0m [96mhandleRequest[0m] Got request: GET /ndt/get_graph_data
[2026-09-01 03:09:25.209] [info] [[94mHttpSession.cpp[0m:[95m531[0m [96mhandleGetGraphData[0m] Handle Get Graph Data
[2026-09-01 03:09:25.229] [info] [[94mHttpSession.cpp[0m:[95m576[0m [96mhandleGetGraphData[0m] get_graph_data success
[2026-09-01 03:09:25.458] [info] [[94mControllerAndOtherEventHandler.cpp[0m:[95m239[0m [96moperator()[0m] Accepted new connection
[2026-09-01 03:09:25.458] [info] [[94mHttpSession.cpp[0m:[95m96[0m [96mhandleRequest[0m] Got request: GET /ndt/get_graph_data
[2026-09-01 03:09:25.458] [info] [[94mHttpSession.cpp[0m:[95m531[0m [96mhandleGetGraphData[0m] Handle Get Graph Data
[2026-09-01 03:09:25.477] [info] [[94mHttpSession.cpp[0m:[95m576[0m [96mhandleGetGraphData[0m] get_graph_data success
[2026-09-01 03:09:25.708] [info] [[94mControllerAndOtherEventHandler.cpp[0m:[95m239[0m [96moperator()[0m] Accepted new connection
[2026-09-01 03:09:25.708] [info] [[94mHttpSession.cpp[0m:[95m96[0m [96mhandleRequest[0m] Got request: GET /ndt/get_graph_data
[2026-09-01 03:09:25.708] [info] [[94mHttpSession.cpp[0m:[95m531[0m [96mhandleGetGraphData[0m] Handle Get Graph Data
[2026-09-01 03:09:25.724] [info] [[94mHttpSession.cpp[0m:[95m576[0m [96mhandleGetGraphData[0m] get_graph_data success
[2026-09-01 03:09:25.959] [info] [[94mControllerAndOtherEventHandler.cpp[0m:[95m239[0m [96moperator()[0m] Accepted new connection
[2026-09-01 03:09:25.959] [info] [[94mHttpSession.cpp[0m:[95m96[0m [96mhandleRequest[0m] Got request: GET /ndt/get_graph_data
[2026-09-01 03:09:25.959] [info] [[94mHttpSession.cpp[0m:[95m531[0m [96mhandleGetGraphData[0m] Handle Get Graph Data
[2026-09-01 03:09:25.981] [info] [[94mHttpSession.cpp[0m:[95m576[0m [96mhandleGetGraphData[0m] get_graph_data success
[2026-09-01 03:09:26.209] [info] [[94mControllerAndOtherEventHandler.cpp[0m:[95m239[0m [96moperator()[0m] Accepted new connection
[2026-09-01 03:09:26.209] [info] [[94mHttpSession.cpp[0m:[95m96[0m [96mhandleRequest[0m] Got request: GET /ndt/get_graph_data
[2026-09-01 03:09:26.209] [info] [[94mHttpSession.cpp[0m:[95m531[0m [96mhandleGetGraphData[0m] Handle Get Graph Data
[2026-09-01 03:09:26.230] [info] [[94mHttpSession.cpp[0m:[95m576[0m [96mhandleGetGraphData[0m] get_graph_data success
[2026-09-01 03:09:26.459] [info] [[94mControllerAndOtherEventHandler.cpp[0m:[95m239[0m [96moperator()[0m] Accepted new connection
[2026-09-01 03:09:26.459] [info] [[94mHttpSession.cpp[0m:[95m96[0m [96mhandleRequest[0m] Got request: GET /ndt/get_graph_data
[2026-09-01 03:09:26.459] [info] [[94mHttpSession.cpp[0m:[95m531[0m [96mhandleGetGraphData[0m] Handle Get Graph Data
[2026-09-01 03:09:26.481] [info] [[94mHttpSession.cpp[0m:[95m576[0m [96mhandleGetGraphData[0m] get_graph_data success
[2026-09-01 03:09:26.709] [info] [[94mControllerAndOtherEventHandler.cpp[0m:[95m239[0m [96moperator()[0m] Accepted new connection
[2026-09-01 03:09:26.709] [info] [[94mHttpSession.cpp[0m:[95m96[0m [96mhandleRequest[0m] Got request: GET /ndt/get_graph_data
[2026-09-01 03:09:26.709] [info] [[94mHttpSession.cpp[0m:[95m531[0m [96mhandleGetGraphData[0m] Handle Get Graph Data
[2026-09-01 03:09:26.730] [info] [[94mHttpSession.cpp[0m:[95m576[0m [96mhandleGetGraphData[0m] get_graph_data success
[2026-09-01 03:09:26.959] [info] [[94mControllerAndOtherEventHandler.cpp[0m:[95m239[0m [96moperator()[0m] Accepted new connection
[2026-09-01 03:09:26.959] [info] [[94mHttpSession.cpp[0m:[95m96[0m [96mhandleRequest[0m] Got request: GET /ndt/get_graph_data
[2026-09-01 03:09:26.959] [info] [[94mHttpSession.cpp[0m:[95m531[0m [96mhandleGetGraphData[0m] Handle Get Graph Data
[2026-09-01 03:09:26.974] [info] [[94mHttpSession.cpp[0m:[95m576[0m [96mhandleGetGraphData[0m] get_graph_data success
[2026-09-01 03:09:27.209] [info] [[94mControllerAndOtherEventHandler.cpp[0m:[95m239[0m [96moperator()[0m] Accepted new connection
[2026-09-01 03:09:27.210] [info] [[94mHttpSession.cpp[0m:[95m96[0m [96mhandleRequest[0m] Got request: GET /ndt/get_graph_data
[2026-09-01 03:09:27.210] [info] [[94mHttpSession.cpp[0m:[95m531[0m [96mhandleGetGraphData[0m] Handle Get Graph Data
[2026-09-01 03:09:27.231] [info] [[94mHttpSession.cpp[0m:[95m576[0m [96mhandleGetGraphData[0m] get_graph_data success
[2026-09-01 03:09:27.459] [info] [[94mControllerAndOtherEventHandler.cpp[0m:[95m239[0m [96moperator()[0m] Accepted new connection
[2026-09-01 03:09:27.460] [info] [[94mHttpSession.cpp[0m:[95m96[0m [96mhandleRequest[0m] Got request: GET /ndt/get_graph_data
[2026-09-01 03:09:27.460] [info] [[94mHttpSession.cpp[0m:[95m531[0m [96mhandleGetGraphData[0m] Handle Get Graph Data
[2026-09-01 03:09:27.481] [info] [[94mHttpSession.cpp[0m:[95m576[0m [96mhandleGetGraphData[0m] get_graph_data success
[2026-09-01 03:09:27.710] [info] [[94mControllerAndOtherEventHandler.cpp[0m:[95m239[0m [96moperator()[0m] Accepted new connection
[2026-09-01 03:09:27.710] [info] [[94mHttpSession.cpp[0m:[95m96[0m [96mhandleRequest[0m] Got request: GET /ndt/get_graph_data
[2026-09-01 03:09:27.710] [info] [[94mHttpSession.cpp[0m:[95m531[0m [96mhandleGetGraphData[0m] Handle Get Graph Data
[2026-09-01 03:09:27.730] [info] [[94mHttpSession.cpp[0m:[95m576[0m [96mhandleGetGraphData[0m] get_graph_data success
[2026-09-01 03:09:27.960] [info] [[94mControllerAndOtherEventHandler.cpp[0m:[95m239[0m [96moperator()[0m] Accepted new connection
[2026-09-01 03:09:27.960] [info] [[94mHttpSession.cpp[0m:[95m96[0m [96mhandleRequest[0m] Got request: GET /ndt/get_graph_data
[2026-09-01 03:09:27.964] [info] [[94mHttpSession.cpp[0m:[95m531[0m [96mhandleGetGraphData[0m] Handle Get Graph Data
[2026-09-01 03:09:27.985] [info] [[94mHttpSession.cpp[0m:[95m576[0m [96mhandleGetGraphData[0m] get_graph_data success
[2026-09-01 03:09:28.210] [info] [[94mControllerAndOtherEventHandler.cpp[0m:[95m239[0m [96moperator()[0m] Accepted new connection
[2026-09-01 03:09:28.210] [info] [[94mHttpSession.cpp[0m:[95m96[0m [96mhandleRequest[0m] Got request: GET /ndt/get_graph_data
[2026-09-01 03:09:28.210] [info] [[94mHttpSession.cpp[0m:[95m531[0m [96mhandleGetGraphData[0m] Handle Get Graph Data
[2026-09-01 03:09:28.227] [info] [[94mHttpSession.cpp[0m:[95m576[0m [96mhandleGetGraphData[0m] get_graph_data success
[2026-09-01 03:09:28.460] [info] [[94mControllerAndOtherEventHandler.cpp[0m:[95m239[0m [96moperator()[0m] Accepted new connection
[2026-09-01 03:09:28.460] [info] [[94mHttpSession.cpp[0m:[95m96[0m [96mhandleRequest[0m] Got request: GET /ndt/get_graph_data
[2026-09-01 03:09:28.460] [info] [[94mHttpSession.cpp[0m:[95m531[0m [96mhandleGetGraphData[0m] Handle Get Graph Data
[2026-09-01 03:09:28.475] [info] [[94mHttpSession.cpp[0m:[95m576[0m [96mhandleGetGraphData[0m] get_graph_data success
[2026-09-01 03:09:28.710] [info] [[94mControllerAndOtherEventHandler.cpp[0m:[95m239[0m [96moperator()[0m] Accepted new connection
[2026-09-01 03:09:28.710] [info] [[94mHttpSession.cpp[0m:[95m96[0m [96mhandleRequest[0m] Got request: GET /ndt/get_graph_data
[2026-09-01 03:09:28.710] [info] [[94mHttpSession.cpp[0m:[95m531[0m [96mhandleGetGraphData[0m] Handle Get Graph Data
[2026-09-01 03:09:28.731] [info] [[94mHttpSession.cpp[0m:[95m576[0m [96mhandleGetGraphData[0m] get_graph_data success
[2026-09-01 03:09:28.960] [info] [[94mControllerAndOtherEventHandler.cpp[0m:[95m239[0m [96moperator()[0m] Accepted new connection
[2026-09-01 03:09:28.960] [info] [[94mHttpSession.cpp[0m:[95m96[0m [96mhandleRequest[0m] Got request: GET /ndt/get_graph_data
[2026-09-01 03:09:28.960] [info] [[94mHttpSession.cpp[0m:[95m531[0m [96mhandleGetGraphData[0m] Handle Get Graph Data
[2026-09-01 03:09:28.979] [info] [[94mHttpSession.cpp[0m:[95m576[0m [96mhandleGetGraphData[0m] get_graph_data success
[2026-09-01 03:09:29.210] [info] [[94mControllerAndOtherEventHandler.cpp[0m:[95m239[0m [96moperator()[0m] Accepted new connection
[2026-09-01 03:09:29.210] [info] [[94mHttpSession.cpp[0m:[95m96[0m [96mhandleRequest[0m] Got request: GET /ndt/get_graph_data
[2026-09-01 03:09:29.210] [info] [[94mHttpSession.cpp[0m:[95m531[0m [96mhandleGetGraphData[0m] Handle Get Graph Data
[2026-09-01 03:09:29.226] [info] [[94mHttpSession.cpp[0m:[95m576[0m [96mhandleGetGraphData[0m] get_graph_data success
[2026-09-01 03:09:29.460] [info] [[94mControllerAndOtherEventHandler.cpp[0m:[95m239[0m [96moperator()[0m] Accepted new connection
[2026-09-01 03:09:29.460] [info] [[94mHttpSession.cpp[0m:[95m96[0m [96mhandleRequest[0m] Got request: GET /ndt/get_graph_data
[2026-09-01 03:09:29.460] [info] [[94mHttpSession.cpp[0m:[95m531[0m [96mhandleGetGraphData[0m] Handle Get Graph Data
[2026-09-01 03:09:29.474] [info] [[94mHttpSession.cpp[0m:[95m576[0m [96mhandleGetGraphData[0m] get_graph_data success
[2026-09-01 03:09:29.710] [info] [[94mControllerAndOtherEventHandler.cpp[0m:[95m239[0m [96moperator()[0m] Accepted new connection
[2026-09-01 03:09:29.710] [info] [[94mHttpSession.cpp[0m:[95m96[0m [96mhandleRequest[0m] Got request: GET /ndt/get_graph_data
[2026-09-01 03:09:29.710] [info] [[94mHttpSession.cpp[0m:[95m531[0m [96mhandleGetGraphData[0m] Handle Get Graph Data
[2026-09-01 03:09:29.729] [info] [[94mHttpSession.cpp[0m:[95m576[0m [96mhandleGetGraphData[0m] get_graph_data success
[2026-09-01 03:09:29.960] [info] [[94mControllerAndOtherEventHandler.cpp[0m:[95m239[0m [96moperator()[0m] Accepted new connection
[2026-09-01 03:09:29.960] [info] [[94mHttpSession.cpp[0m:[95m96[0m [96mhandleRequest[0m] Got request: GET /ndt/get_graph_data
[2026-09-01 03:09:29.960] [info] [[94mHttpSession.cpp[0m:[95m531[0m [96mhandleGetGraphData[0m] Handle Get Graph Data
[2026-09-01 03:09:29.981] [info] [[94mHttpSession.cpp[0m:[95m576[0m [96mhandleGetGraphData[0m] get_graph_data success
[2026-09-01 03:09:30.211] [info] [[94mControllerAndOtherEventHandler.cpp[0m:[95m239[0m [96moperator()[0m] Accepted new connection
[2026-09-01 03:09:30.211] [info] [[94mHttpSession.cpp[0m:[95m96[0m [96mhandleRequest[0m] Got request: GET /ndt/get_graph_data
[2026-09-01 03:09:30.211] [info] [[94mHttpSession.cpp[0m:[95m531[0m [96mhandleGetGraphData[0m] Handle Get Graph Data
[2026-09-01 03:09:30.228] [info] [[94mHttpSession.cpp[0m:[95m576[0m [96mhandleGetGraphData[0m] get_graph_data success
[2026-09-01 03:09:30.460] [info] [[94mControllerAndOtherEventHandler.cpp[0m:[95m239[0m [96moperator()[0m] Accepted new connection
[2026-09-01 03:09:30.461] [info] [[94mHttpSession.cpp[0m:[95m96[0m [96mhandleRequest[0m] Got request: GET /ndt/get_graph_data
[2026-09-01 03:09:30.461] [info] [[94mHttpSession.cpp[0m:[95m531[0m [96mhandleGetGraphData[0m] Handle Get Graph Data
[2026-09-01 03:09:30.480] [info] [[94mHttpSession.cpp[0m:[95m576[0m [96mhandleGetGraphData[0m] get_graph_data success
[2026-09-01 03:09:30.710] [info] [[94mControllerAndOtherEventHandler.cpp[0m:[95m239[0m [96moperator()[0m] Accepted new connection
[2026-09-01 03:09:30.710] [info] [[94mHttpSession.cpp[0m:[95m96[0m [96mhandleRequest[0m] Got request: GET /ndt/get_graph_data
[2026-09-01 03:09:30.710] [info] [[94mHttpSession.cpp[0m:[95m531[0m [96mhandleGetGraphData[0m] Handle Get Graph Data
[2026-09-01 03:09:30.726] [info] [[94mHttpSession.cpp[0m:[95m576[0m [96mhandleGetGraphData[0m] get_graph_data success
[2026-09-01 03:09:30.961] [info] [[94mControllerAndOtherEventHandler.cpp[0m:[95m239[0m [96moperator()[0m] Accepted new connection
[2026-09-01 03:09:30.961] [info] [[94mHttpSession.cpp[0m:[95m96[0m [96mhandleRequest[0m] Got request: GET /ndt/get_graph_data
[2026-09-01 03:09:30.961] [info] [[94mHttpSession.cpp[0m:[95m531[0m [96mhandleGetGraphData[0m] Handle Get Graph Data
[2026-09-01 03:09:30.983] [info] [[94mHttpSession.cpp[0m:[95m576[0m [96mhandleGetGraphData[0m] get_graph_data success
[2026-09-01 03:09:31.211] [info] [[94mControllerAndOtherEventHandler.cpp[0m:[95m239[0m [96moperator()[0m] Accepted new connection
[2026-09-01 03:09:31.211] [info] [[94mHttpSession.cpp[0m:[95m96[0m [96mhandleRequest[0m] Got request: GET /ndt/get_graph_data
[2026-09-01 03:09:31.211] [info] [[94mHttpSession.cpp[0m:[95m531[0m [96mhandleGetGraphData[0m] Handle Get Graph Data
[2026-09-01 03:09:31.231] [info] [[94mHttpSession.cpp[0m:[95m576[0m [96mhandleGetGraphData[0m] get_graph_data success
[2026-09-01 03:09:31.461] [info] [[94mControllerAndOtherEventHandler.cpp[0m:[95m239[0m [96moperator()[0m] Accepted new connection
[2026-09-01 03:09:31.461] [info] [[94mHttpSession.cpp[0m:[95m96[0m [96mhandleRequest[0m] Got request: GET /ndt/get_graph_data
[2026-09-01 03:09:31.461] [info] [[94mHttpSession.cpp[0m:[95m531[0m [96mhandleGetGraphData[0m] Handle Get Graph Data
[2026-09-01 03:09:31.476] [info] [[94mHttpSession.cpp[0m:[95m576[0m [96mhandleGetGraphData[0m] get_graph_data success
[2026-09-01 03:09:31.711] [info] [[94mControllerAndOtherEventHandler.cpp[0m:[95m239[0m [96moperator()[0m] Accepted new connection
[2026-09-01 03:09:31.712] [info] [[94mHttpSession.cpp[0m:[95m96[0m [96mhandleRequest[0m] Got request: GET /ndt/get_graph_data
[2026-09-01 03:09:31.712] [info] [[94mHttpSession.cpp[0m:[95m531[0m [96mhandleGetGraphData[0m] Handle Get Graph Data
[2026-09-01 03:09:31.732] [info] [[94mHttpSession.cpp[0m:[95m576[0m [96mhandleGetGraphData[0m] get_graph_data success
[2026-09-01 03:09:31.962] [info] [[94mControllerAndOtherEventHandler.cpp[0m:[95m239[0m [96moperator()[0m] Accepted new connection
[2026-09-01 03:09:31.962] [info] [[94mHttpSession.cpp[0m:[95m96[0m [96mhandleRequest[0m] Got request: GET /ndt/get_graph_data
[2026-09-01 03:09:31.962] [info] [[94mHttpSession.cpp[0m:[95m531[0m [96mhandleGetGraphData[0m] Handle Get Graph Data
[2026-09-01 03:09:31.983] [info] [[94mHttpSession.cpp[0m:[95m576[0m [96mhandleGetGraphData[0m] get_graph_data success
[2026-09-01 03:09:32.211] [info] [[94mControllerAndOtherEventHandler.cpp[0m:[95m239[0m [96moperator()[0m] Accepted new connection
[2026-09-01 03:09:32.211] [info] [[94mHttpSession.cpp[0m:[95m96[0m [96mhandleRequest[0m] Got request: GET /ndt/get_graph_data
[2026-09-01 03:09:32.211] [info] [[94mHttpSession.cpp[0m:[95m531[0m [96mhandleGetGraphData[0m] Handle Get Graph Data
[2026-09-01 03:09:32.233] [info] [[94mHttpSession.cpp[0m:[95m576[0m [96mhandleGetGraphData[0m] get_graph_data success
[2026-09-01 03:09:32.462] [info] [[94mControllerAndOtherEventHandler.cpp[0m:[95m239[0m [96moperator()[0m] Accepted new connection
[2026-09-01 03:09:32.462] [info] [[94mHttpSession.cpp[0m:[95m96[0m [96mhandleRequest[0m] Got request: GET /ndt/get_graph_data
[2026-09-01 03:09:32.462] [info] [[94mHttpSession.cpp[0m:[95m531[0m [96mhandleGetGraphData[0m] Handle Get Graph Data
[2026-09-01 03:09:32.483] [info] [[94mHttpSession.cpp[0m:[95m576[0m [96mhandleGetGraphData[0m] get_graph_data success
[2026-09-01 03:09:32.711] [info] [[94mControllerAndOtherEventHandler.cpp[0m:[95m239[0m [96moperator()[0m] Accepted new connection
[2026-09-01 03:09:32.711] [info] [[94mHttpSession.cpp[0m:[95m96[0m [96mhandleRequest[0m] Got request: GET /ndt/get_graph_data
[2026-09-01 03:09:32.711] [info] [[94mHttpSession.cpp[0m:[95m531[0m [96mhandleGetGraphData[0m] Handle Get Graph Data
[2026-09-01 03:09:32.731] [info] [[94mHttpSession.cpp[0m:[95m576[0m [96mhandleGetGraphData[0m] get_graph_data success
[2026-09-01 03:09:32.961] [info] [[94mControllerAndOtherEventHandler.cpp[0m:[95m239[0m [96moperator()[0m] Accepted new connection
[2026-09-01 03:09:32.962] [info] [[94mHttpSession.cpp[0m:[95m96[0m [96mhandleRequest[0m] Got request: GET /ndt/get_graph_data
[2026-09-01 03:09:32.962] [info] [[94mHttpSession.cpp[0m:[95m531[0m [96mhandleGetGraphData[0m] Handle Get Graph Data
[2026-09-01 03:09:32.983] [info] [[94mHttpSession.cpp[0m:[95m576[0m [96mhandleGetGraphData[0m] get_graph_data success
[2026-09-01 03:09:33.212] [info] [[94mControllerAndOtherEventHandler.cpp[0m:[95m239[0m [96moperator()[0m] Accepted new connection
[2026-09-01 03:09:33.212] [info] [[94mHttpSession.cpp[0m:[95m96[0m [96mhandleRequest[0m] Got request: GET /ndt/get_graph_data
[2026-09-01 03:09:33.212] [info] [[94mHttpSession.cpp[0m:[95m531[0m [96mhandleGetGraphData[0m] Handle Get Graph Data
[2026-09-01 03:09:33.233] [info] [[94mHttpSession.cpp[0m:[95m576[0m [96mhandleGetGraphData[0m] get_graph_data success
[2026-09-01 03:09:33.462] [info] [[94mControllerAndOtherEventHandler.cpp[0m:[95m239[0m [96moperator()[0m] Accepted new connection
[2026-09-01 03:09:33.462] [info] [[94mHttpSession.cpp[0m:[95m96[0m [96mhandleRequest[0m] Got request: GET /ndt/get_graph_data
[2026-09-01 03:09:33.462] [info] [[94mHttpSession.cpp[0m:[95m531[0m [96mhandleGetGraphData[0m] Handle Get Graph Data
[2026-09-01 03:09:33.483] [info] [[94mHttpSession.cpp[0m:[95m576[0m [96mhandleGetGraphData[0m] get_graph_data success
[2026-09-01 03:09:33.712] [info] [[94mControllerAndOtherEventHandler.cpp[0m:[95m239[0m [96moperator()[0m] Accepted new connection
[2026-09-01 03:09:33.712] [info] [[94mHttpSession.cpp[0m:[95m96[0m [96mhandleRequest[0m] Got request: GET /ndt/get_graph_data
[2026-09-01 03:09:33.712] [info] [[94mHttpSession.cpp[0m:[95m531[0m [96mhandleGetGraphData[0m] Handle Get Graph Data
[2026-09-01 03:09:33.731] [info] [[94mHttpSession.cpp[0m:[95m576[0m [96mhandleGetGraphData[0m] get_graph_data success
[2026-09-01 03:09:33.961] [info] [[94mControllerAndOtherEventHandler.cpp[0m:[95m239[0m [96moperator()[0m] Accepted new connection
[2026-09-01 03:09:33.962] [info] [[94mHttpSession.cpp[0m:[95m96[0m [96mhandleRequest[0m] Got request: GET /ndt/get_graph_data
[2026-09-01 03:09:33.962] [info] [[94mHttpSession.cpp[0m:[95m531[0m [96mhandleGetGraphData[0m] Handle Get Graph Data
[2026-09-01 03:09:33.978] [info] [[94mHttpSession.cpp[0m:[95m576[0m [96mhandleGetGraphData[0m] get_graph_data success
[2026-09-01 03:09:34.212] [info] [[94mControllerAndOtherEventHandler.cpp[0m:[95m239[0m [96moperator()[0m] Accepted new connection
[2026-09-01 03:09:34.212] [info] [[94mHttpSession.cpp[0m:[95m96[0m [96mhandleRequest[0m] Got request: GET /ndt/get_graph_data
[2026-09-01 03:09:34.212] [info] [[94mHttpSession.cpp[0m:[95m531[0m [96mhandleGetGraphData[0m] Handle Get Graph Data
[2026-09-01 03:09:34.233] [info] [[94mHttpSession.cpp[0m:[95m576[0m [96mhandleGetGraphData[0m] get_graph_data success
[2026-09-01 03:09:34.462] [info] [[94mControllerAndOtherEventHandler.cpp[0m:[95m239[0m [96moperator()[0m] Accepted new connection
[2026-09-01 03:09:34.462] [info] [[94mHttpSession.cpp[0m:[95m96[0m [96mhandleRequest[0m] Got request: GET /ndt/get_graph_data
[2026-09-01 03:09:34.462] [info] [[94mHttpSession.cpp[0m:[95m531[0m [96mhandleGetGraphData[0m] Handle Get Graph Data
[2026-09-01 03:09:34.482] [info] [[94mHttpSession.cpp[0m:[95m576[0m [96mhandleGetGraphData[0m] get_graph_data success
[2026-09-01 03:09:34.712] [info] [[94mControllerAndOtherEventHandler.cpp[0m:[95m239[0m [96moperator()[0m] Accepted new connection
[2026-09-01 03:09:34.713] [info] [[94mHttpSession.cpp[0m:[95m96[0m [96mhandleRequest[0m] Got request: GET /ndt/get_graph_data
[2026-09-01 03:09:34.713] [info] [[94mHttpSession.cpp[0m:[95m531[0m [96mhandleGetGraphData[0m] Handle Get Graph Data
[2026-09-01 03:09:34.733] [info] [[94mHttpSession.cpp[0m:[95m576[0m [96mhandleGetGraphData[0m] get_graph_data success
[2026-09-01 03:09:34.962] [info] [[94mControllerAndOtherEventHandler.cpp[0m:[95m239[0m [96moperator()[0m] Accepted new connection
[2026-09-01 03:09:34.962] [info] [[94mHttpSession.cpp[0m:[95m96[0m [96mhandleRequest[0m] Got request: GET /ndt/get_graph_data
[2026-09-01 03:09:34.962] [info] [[94mHttpSession.cpp[0m:[95m531[0m [96mhandleGetGraphData[0m] Handle Get Graph Data
[2026-09-01 03:09:34.984] [info] [[94mHttpSession.cpp[0m:[95m576[0m [96mhandleGetGraphData[0m] get_graph_data success
[2026-09-01 03:09:35.213] [info] [[94mControllerAndOtherEventHandler.cpp[0m:[95m239[0m [96moperator()[0m] Accepted new connection
[2026-09-01 03:09:35.213] [info] [[94mHttpSession.cpp[0m:[95m96[0m [96mhandleRequest[0m] Got request: GET /ndt/get_graph_data
[2026-09-01 03:09:35.213] [info] [[94mHttpSession.cpp[0m:[95m531[0m [96mhandleGetGraphData[0m] Handle Get Graph Data
[2026-09-01 03:09:35.228] [info] [[94mHttpSession.cpp[0m:[95m576[0m [96mhandleGetGraphData[0m] get_graph_data success
[2026-09-01 03:09:35.462] [info] [[94mControllerAndOtherEventHandler.cpp[0m:[95m239[0m [96moperator()[0m] Accepted new connection
[2026-09-01 03:09:35.462] [info] [[94mHttpSession.cpp[0m:[95m96[0m [96mhandleRequest[0m] Got request: GET /ndt/get_graph_data
[2026-09-01 03:09:35.462] [info] [[94mHttpSession.cpp[0m:[95m531[0m [96mhandleGetGraphData[0m] Handle Get Graph Data
[2026-09-01 03:09:35.480] [info] [[94mHttpSession.cpp[0m:[95m576[0m [96mhandleGetGraphData[0m] get_graph_data success
[2026-09-01 03:09:35.712] [info] [[94mControllerAndOtherEventHandler.cpp[0m:[95m239[0m [96moperator()[0m] Accepted new connection
[2026-09-01 03:09:35.712] [info] [[94mHttpSession.cpp[0m:[95m96[0m [96mhandleRequest[0m] Got request: GET /ndt/get_graph_data
[2026-09-01 03:09:35.712] [info] [[94mHttpSession.cpp[0m:[95m531[0m [96mhandleGetGraphData[0m] Handle Get Graph Data
[2026-09-01 03:09:35.726] [info] [[94mHttpSession.cpp[0m:[95m576[0m [96mhandleGetGraphData[0m] get_graph_data success
[2026-09-01 03:09:35.962] [info] [[94mControllerAndOtherEventHandler.cpp[0m:[95m239[0m [96moperator()[0m] Accepted new connection
[2026-09-01 03:09:35.962] [info] [[94mHttpSession.cpp[0m:[95m96[0m [96mhandleRequest[0m] Got request: GET /ndt/get_graph_data
[2026-09-01 03:09:35.962] [info] [[94mHttpSession.cpp[0m:[95m531[0m [96mhandleGetGraphData[0m] Handle Get Graph Data
[2026-09-01 03:09:35.978] [info] [[94mHttpSession.cpp[0m:[95m576[0m [96mhandleGetGraphData[0m] get_graph_data success
[2026-09-01 03:09:36.212] [info] [[94mControllerAndOtherEventHandler.cpp[0m:[95m239[0m [96moperator()[0m] Accepted new connection
[2026-09-01 03:09:36.213] [info] [[94mHttpSession.cpp[0m:[95m96[0m [96mhandleRequest[0m] Got request: GET /ndt/get_graph_data
[2026-09-01 03:09:36.213] [info] [[94mHttpSession.cpp[0m:[95m531[0m [96mhandleGetGraphData[0m] Handle Get Graph Data
[2026-09-01 03:09:36.228] [info] [[94mHttpSession.cpp[0m:[95m576[0m [96mhandleGetGraphData[0m] get_graph_data success
[2026-09-01 03:09:36.462] [info] [[94mControllerAndOtherEventHandler.cpp[0m:[95m239[0m [96moperator()[0m] Accepted new connection
[2026-09-01 03:09:36.463] [info] [[94mHttpSession.cpp[0m:[95m96[0m [96mhandleRequest[0m] Got request: GET /ndt/get_graph_data
[2026-09-01 03:09:36.463] [info] [[94mHttpSession.cpp[0m:[95m531[0m [96mhandleGetGraphData[0m] Handle Get Graph Data
[2026-09-01 03:09:36.477] [info] [[94mHttpSession.cpp[0m:[95m576[0m [96mhandleGetGraphData[0m] get_graph_data success
[2026-09-01 03:09:36.713] [info] [[94mControllerAndOtherEventHandler.cpp[0m:[95m239[0m [96moperator()[0m] Accepted new connection
[2026-09-01 03:09:36.713] [info] [[94mHttpSession.cpp[0m:[95m96[0m [96mhandleRequest[0m] Got request: GET /ndt/get_graph_data
[2026-09-01 03:09:36.713] [info] [[94mHttpSession.cpp[0m:[95m531[0m [96mhandleGetGraphData[0m] Handle Get Graph Data
[2026-09-01 03:09:36.729] [info] [[94mHttpSession.cpp[0m:[95m576[0m [96mhandleGetGraphData[0m] get_graph_data success
[2026-09-01 03:09:36.963] [info] [[94mControllerAndOtherEventHandler.cpp[0m:[95m239[0m [96moperator()[0m] Accepted new connection
[2026-09-01 03:09:36.963] [info] [[94mHttpSession.cpp[0m:[95m96[0m [96mhandleRequest[0m] Got request: GET /ndt/get_graph_data
[2026-09-01 03:09:36.963] [info] [[94mHttpSession.cpp[0m:[95m531[0m [96mhandleGetGraphData[0m] Handle Get Graph Data
[2026-09-01 03:09:36.985] [info] [[94mHttpSession.cpp[0m:[95m576[0m [96mhandleGetGraphData[0m] get_graph_data success
[2026-09-01 03:09:37.213] [info] [[94mControllerAndOtherEventHandler.cpp[0m:[95m239[0m [96moperator()[0m] Accepted new connection
[2026-09-01 03:09:37.213] [info] [[94mHttpSession.cpp[0m:[95m96[0m [96mhandleRequest[0m] Got request: GET /ndt/get_graph_data
[2026-09-01 03:09:37.213] [info] [[94mHttpSession.cpp[0m:[95m531[0m [96mhandleGetGraphData[0m] Handle Get Graph Data
[2026-09-01 03:09:37.228] [info] [[94mHttpSession.cpp[0m:[95m576[0m [96mhandleGetGraphData[0m] get_graph_data success
[2026-09-01 03:09:37.462] [info] [[94mControllerAndOtherEventHandler.cpp[0m:[95m239[0m [96moperator()[0m] Accepted new connection
[2026-09-01 03:09:37.463] [info] [[94mHttpSession.cpp[0m:[95m96[0m [96mhandleRequest[0m] Got request: GET /ndt/get_graph_data
[2026-09-01 03:09:37.463] [info] [[94mHttpSession.cpp[0m:[95m531[0m [96mhandleGetGraphData[0m] Handle Get Graph Data
[2026-09-01 03:09:37.484] [info] [[94mHttpSession.cpp[0m:[95m576[0m [96mhandleGetGraphData[0m] get_graph_data success
[2026-09-01 03:09:37.713] [info] [[94mControllerAndOtherEventHandler.cpp[0m:[95m239[0m [96moperator()[0m] Accepted new connection
[2026-09-01 03:09:37.714] [info] [[94mHttpSession.cpp[0m:[95m96[0m [96mhandleRequest[0m] Got request: GET /ndt/get_graph_data
[2026-09-01 03:09:37.714] [info] [[94mHttpSession.cpp[0m:[95m531[0m [96mhandleGetGraphData[0m] Handle Get Graph Data
[2026-09-01 03:09:37.734] [info] [[94mHttpSession.cpp[0m:[95m576[0m [96mhandleGetGraphData[0m] get_graph_data success
[2026-09-01 03:09:37.963] [info] [[94mControllerAndOtherEventHandler.cpp[0m:[95m239[0m [96moperator()[0m] Accepted new connection
[2026-09-01 03:09:37.963] [info] [[94mHttpSession.cpp[0m:[95m96[0m [96mhandleRequest[0m] Got request: GET /ndt/get_graph_data
[2026-09-01 03:09:37.963] [info] [[94mHttpSession.cpp[0m:[95m531[0m [96mhandleGetGraphData[0m] Handle Get Graph Data
[2026-09-01 03:09:37.984] [info] [[94mHttpSession.cpp[0m:[95m576[0m [96mhandleGetGraphData[0m] get_graph_data success
[2026-09-01 03:09:38.213] [info] [[94mControllerAndOtherEventHandler.cpp[0m:[95m239[0m [96moperator()[0m] Accepted new connection
[2026-09-01 03:09:38.213] [info] [[94mHttpSession.cpp[0m:[95m96[0m [96mhandleRequest[0m] Got request: GET /ndt/get_graph_data
[2026-09-01 03:09:38.213] [info] [[94mHttpSession.cpp[0m:[95m531[0m [96mhandleGetGraphData[0m] Handle Get Graph Data
[2026-09-01 03:09:38.231] [info] [[94mHttpSession.cpp[0m:[95m576[0m [96mhandleGetGraphData[0m] get_graph_data success
[2026-09-01 03:09:38.464] [info] [[94mControllerAndOtherEventHandler.cpp[0m:[95m239[0m [96moperator()[0m] Accepted new connection
[2026-09-01 03:09:38.464] [info] [[94mHttpSession.cpp[0m:[95m96[0m [96mhandleRequest[0m] Got request: GET /ndt/get_graph_data
[2026-09-01 03:09:38.464] [info] [[94mHttpSession.cpp[0m:[95m531[0m [96mhandleGetGraphData[0m] Handle Get Graph Data
[2026-09-01 03:09:38.485] [info] [[94mHttpSession.cpp[0m:[95m576[0m [96mhandleGetGraphData[0m] get_graph_data success
[2026-09-01 03:09:38.713] [info] [[94mControllerAndOtherEventHandler.cpp[0m:[95m239[0m [96moperator()[0m] Accepted new connection
[2026-09-01 03:09:38.714] [info] [[94mHttpSession.cpp[0m:[95m96[0m [96mhandleRequest[0m] Got request: GET /ndt/get_graph_data
[2026-09-01 03:09:38.714] [info] [[94mHttpSession.cpp[0m:[95m531[0m [96mhandleGetGraphData[0m] Handle Get Graph Data
[2026-09-01 03:09:38.729] [info] [[94mHttpSession.cpp[0m:[95m576[0m [96mhandleGetGraphData[0m] get_graph_data success
[2026-09-01 03:09:38.964] [info] [[94mControllerAndOtherEventHandler.cpp[0m:[95m239[0m [96moperator()[0m] Accepted new connection
[2026-09-01 03:09:38.964] [info] [[94mHttpSession.cpp[0m:[95m96[0m [96mhandleRequest[0m] Got request: GET /ndt/get_graph_data
[2026-09-01 03:09:38.964] [info] [[94mHttpSession.cpp[0m:[95m531[0m [96mhandleGetGraphData[0m] Handle Get Graph Data
[2026-09-01 03:09:38.979] [info] [[94mHttpSession.cpp[0m:[95m576[0m [96mhandleGetGraphData[0m] get_graph_data success
[2026-09-01 03:09:39.214] [info] [[94mControllerAndOtherEventHandler.cpp[0m:[95m239[0m [96moperator()[0m] Accepted new connection
[2026-09-01 03:09:39.214] [info] [[94mHttpSession.cpp[0m:[95m96[0m [96mhandleRequest[0m] Got request: GET /ndt/get_graph_data
[2026-09-01 03:09:39.214] [info] [[94mHttpSession.cpp[0m:[95m531[0m [96mhandleGetGraphData[0m] Handle Get Graph Data
[2026-09-01 03:09:39.233] [info] [[94mHttpSession.cpp[0m:[95m576[0m [96mhandleGetGraphData[0m] get_graph_data success
[2026-09-01 03:09:39.463] [info] [[94mControllerAndOtherEventHandler.cpp[0m:[95m239[0m [96moperator()[0m] Accepted new connection
[2026-09-01 03:09:39.464] [info] [[94mHttpSession.cpp[0m:[95m96[0m [96mhandleRequest[0m] Got request: GET /ndt/get_graph_data
[2026-09-01 03:09:39.464] [info] [[94mHttpSession.cpp[0m:[95m531[0m [96mhandleGetGraphData[0m] Handle Get Graph Data
[2026-09-01 03:09:39.482] [info] [[94mHttpSession.cpp[0m:[95m576[0m [96mhandleGetGraphData[0m] get_graph_data success
[2026-09-01 03:09:39.714] [info] [[94mControllerAndOtherEventHandler.cpp[0m:[95m239[0m [96moperator()[0m] Accepted new connection
[2026-09-01 03:09:39.714] [info] [[94mHttpSession.cpp[0m:[95m96[0m [96mhandleRequest[0m] Got request: GET /ndt/get_graph_data
[2026-09-01 03:09:39.714] [info] [[94mHttpSession.cpp[0m:[95m531[0m [96mhandleGetGraphData[0m] Handle Get Graph Data
[2026-09-01 03:09:39.732] [info] [[94mHttpSession.cpp[0m:[95m576[0m [96mhandleGetGraphData[0m] get_graph_data success
[2026-09-01 03:09:39.964] [info] [[94mControllerAndOtherEventHandler.cpp[0m:[95m239[0m [96moperator()[0m] Accepted new connection
[2026-09-01 03:09:39.964] [info] [[94mHttpSession.cpp[0m:[95m96[0m [96mhandleRequest[0m] Got request: GET /ndt/get_graph_data
[2026-09-01 03:09:39.964] [info] [[94mHttpSession.cpp[0m:[95m531[0m [96mhandleGetGraphData[0m] Handle Get Graph Data
[2026-09-01 03:09:39.985] [info] [[94mHttpSession.cpp[0m:[95m576[0m [96mhandleGetGraphData[0m] get_graph_data success
[2026-09-01 03:09:40.214] [info] [[94mControllerAndOtherEventHandler.cpp[0m:[95m239[0m [96moperator()[0m] Accepted new connection
[2026-09-01 03:09:40.214] [info] [[94mHttpSession.cpp[0m:[95m96[0m [96mhandleRequest[0m] Got request: GET /ndt/get_graph_data
[2026-09-01 03:09:40.214] [info] [[94mHttpSession.cpp[0m:[95m531[0m [96mhandleGetGraphData[0m] Handle Get Graph Data
[2026-09-01 03:09:40.236] [info] [[94mHttpSession.cpp[0m:[95m576[0m [96mhandleGetGraphData[0m] get_graph_data success
[2026-09-01 03:09:40.463] [info] [[94mControllerAndOtherEventHandler.cpp[0m:[95m239[0m [96moperator()[0m] Accepted new connection
[2026-09-01 03:09:40.463] [info] [[94mHttpSession.cpp[0m:[95m96[0m [96mhandleRequest[0m] Got request: GET /ndt/get_graph_data
[2026-09-01 03:09:40.464] [info] [[94mHttpSession.cpp[0m:[95m531[0m [96mhandleGetGraphData[0m] Handle Get Graph Data
[2026-09-01 03:09:40.483] [info] [[94mHttpSession.cpp[0m:[95m576[0m [96mhandleGetGraphData[0m] get_graph_data success
[2026-09-01 03:09:40.714] [info] [[94mControllerAndOtherEventHandler.cpp[0m:[95m239[0m [96moperator()[0m] Accepted new connection
[2026-09-01 03:09:40.714] [info] [[94mHttpSession.cpp[0m:[95m96[0m [96mhandleRequest[0m] Got request: GET /ndt/get_graph_data
[2026-09-01 03:09:40.714] [info] [[94mHttpSession.cpp[0m:[95m531[0m [96mhandleGetGraphData[0m] Handle Get Graph Data
[2026-09-01 03:09:40.731] [info] [[94mHttpSession.cpp[0m:[95m576[0m [96mhandleGetGraphData[0m] get_graph_data success
[2026-09-01 03:09:40.964] [info] [[94mControllerAndOtherEventHandler.cpp[0m:[95m239[0m [96moperator()[0m] Accepted new connection
[2026-09-01 03:09:40.965] [info] [[94mHttpSession.cpp[0m:[95m96[0m [96mhandleRequest[0m] Got request: GET /ndt/get_graph_data
[2026-09-01 03:09:40.965] [info] [[94mHttpSession.cpp[0m:[95m531[0m [96mhandleGetGraphData[0m] Handle Get Graph Data
[2026-09-01 03:09:40.980] [info] [[94mHttpSession.cpp[0m:[95m576[0m [96mhandleGetGraphData[0m] get_graph_data success
[2026-09-01 03:09:41.214] [info] [[94mControllerAndOtherEventHandler.cpp[0m:[95m239[0m [96moperator()[0m] Accepted new connection
[2026-09-01 03:09:41.214] [info] [[94mHttpSession.cpp[0m:[95m96[0m [96mhandleRequest[0m] Got request: GET /ndt/get_graph_data
[2026-09-01 03:09:41.214] [info] [[94mHttpSession.cpp[0m:[95m531[0m [96mhandleGetGraphData[0m] Handle Get Graph Data
[2026-09-01 03:09:41.230] [info] [[94mHttpSession.cpp[0m:[95m576[0m [96mhandleGetGraphData[0m] get_graph_data success
[2026-09-01 03:09:41.464] [info] [[94mControllerAndOtherEventHandler.cpp[0m:[95m239[0m [96moperator()[0m] Accepted new connection
[2026-09-01 03:09:41.464] [info] [[94mHttpSession.cpp[0m:[95m96[0m [96mhandleRequest[0m] Got request: GET /ndt/get_graph_data
[2026-09-01 03:09:41.464] [info] [[94mHttpSession.cpp[0m:[95m531[0m [96mhandleGetGraphData[0m] Handle Get Graph Data
[2026-09-01 03:09:41.486] [info] [[94mHttpSession.cpp[0m:[95m576[0m [96mhandleGetGraphData[0m] get_graph_data success
[2026-09-01 03:09:41.714] [info] [[94mControllerAndOtherEventHandler.cpp[0m:[95m239[0m [96moperator()[0m] Accepted new connection
[2026-09-01 03:09:41.714] [info] [[94mHttpSession.cpp[0m:[95m96[0m [96mhandleRequest[0m] Got request: GET /ndt/get_graph_data
[2026-09-01 03:09:41.714] [info] [[94mHttpSession.cpp[0m:[95m531[0m [96mhandleGetGraphData[0m] Handle Get Graph Data
[2026-09-01 03:09:41.736] [info] [[94mHttpSession.cpp[0m:[95m576[0m [96mhandleGetGraphData[0m] get_graph_data success
[2026-09-01 03:09:41.965] [info] [[94mControllerAndOtherEventHandler.cpp[0m:[95m239[0m [96moperator()[0m] Accepted new connection
[2026-09-01 03:09:41.965] [info] [[94mHttpSession.cpp[0m:[95m96[0m [96mhandleRequest[0m] Got request: GET /ndt/get_graph_data
[2026-09-01 03:09:41.965] [info] [[94mHttpSession.cpp[0m:[95m531[0m [96mhandleGetGraphData[0m] Handle Get Graph Data
[2026-09-01 03:09:41.987] [info] [[94mHttpSession.cpp[0m:[95m576[0m [96mhandleGetGraphData[0m] get_graph_data success
[2026-09-01 03:09:42.214] [info] [[94mControllerAndOtherEventHandler.cpp[0m:[95m239[0m [96moperator()[0m] Accepted new connection
[2026-09-01 03:09:42.215] [info] [[94mHttpSession.cpp[0m:[95m96[0m [96mhandleRequest[0m] Got request: GET /ndt/get_graph_data
[2026-09-01 03:09:42.215] [info] [[94mHttpSession.cpp[0m:[95m531[0m [96mhandleGetGraphData[0m] Handle Get Graph Data
[2026-09-01 03:09:42.236] [info] [[94mHttpSession.cpp[0m:[95m576[0m [96mhandleGetGraphData[0m] get_graph_data success
[2026-09-01 03:09:42.465] [info] [[94mControllerAndOtherEventHandler.cpp[0m:[95m239[0m [96moperator()[0m] Accepted new connection
[2026-09-01 03:09:42.465] [info] [[94mHttpSession.cpp[0m:[95m96[0m [96mhandleRequest[0m] Got request: GET /ndt/get_graph_data
[2026-09-01 03:09:42.465] [info] [[94mHttpSession.cpp[0m:[95m531[0m [96mhandleGetGraphData[0m] Handle Get Graph Data
[2026-09-01 03:09:42.485] [info] [[94mHttpSession.cpp[0m:[95m576[0m [96mhandleGetGraphData[0m] get_graph_data success
[2026-09-01 03:09:42.715] [info] [[94mControllerAndOtherEventHandler.cpp[0m:[95m239[0m [96moperator()[0m] Accepted new connection
[2026-09-01 03:09:42.715] [info] [[94mHttpSession.cpp[0m:[95m96[0m [96mhandleRequest[0m] Got request: GET /ndt/get_graph_data
[2026-09-01 03:09:42.715] [info] [[94mHttpSession.cpp[0m:[95m531[0m [96mhandleGetGraphData[0m] Handle Get Graph Data
[2026-09-01 03:09:42.733] [info] [[94mHttpSession.cpp[0m:[95m576[0m [96mhandleGetGraphData[0m] get_graph_data success
[2026-09-01 03:09:42.965] [info] [[94mControllerAndOtherEventHandler.cpp[0m:[95m239[0m [96moperator()[0m] Accepted new connection
[2026-09-01 03:09:42.965] [info] [[94mHttpSession.cpp[0m:[95m96[0m [96mhandleRequest[0m] Got request: GET /ndt/get_graph_data
[2026-09-01 03:09:42.965] [info] [[94mHttpSession.cpp[0m:[95m531[0m [96mhandleGetGraphData[0m] Handle Get Graph Data
[2026-09-01 03:09:42.987] [info] [[94mHttpSession.cpp[0m:[95m576[0m [96mhandleGetGraphData[0m] get_graph_data success
[2026-09-01 03:09:43.215] [info] [[94mControllerAndOtherEventHandler.cpp[0m:[95m239[0m [96moperator()[0m] Accepted new connection
[2026-09-01 03:09:43.215] [info] [[94mHttpSession.cpp[0m:[95m96[0m [96mhandleRequest[0m] Got request: GET /ndt/get_graph_data
[2026-09-01 03:09:43.215] [info] [[94mHttpSession.cpp[0m:[95m531[0m [96mhandleGetGraphData[0m] Handle Get Graph Data
[2026-09-01 03:09:43.236] [info] [[94mHttpSession.cpp[0m:[95m576[0m [96mhandleGetGraphData[0m] get_graph_data success
[2026-09-01 03:09:43.465] [info] [[94mControllerAndOtherEventHandler.cpp[0m:[95m239[0m [96moperator()[0m] Accepted new connection
[2026-09-01 03:09:43.465] [info] [[94mHttpSession.cpp[0m:[95m96[0m [96mhandleRequest[0m] Got request: GET /ndt/get_graph_data
[2026-09-01 03:09:43.465] [info] [[94mHttpSession.cpp[0m:[95m531[0m [96mhandleGetGraphData[0m] Handle Get Graph Data
[2026-09-01 03:09:43.486] [info] [[94mHttpSession.cpp[0m:[95m576[0m [96mhandleGetGraphData[0m] get_graph_data success
[2026-09-01 03:09:43.715] [info] [[94mControllerAndOtherEventHandler.cpp[0m:[95m239[0m [96moperator()[0m] Accepted new connection
[2026-09-01 03:09:43.716] [info] [[94mHttpSession.cpp[0m:[95m96[0m [96mhandleRequest[0m] Got request: GET /ndt/get_graph_data
[2026-09-01 03:09:43.716] [info] [[94mHttpSession.cpp[0m:[95m531[0m [96mhandleGetGraphData[0m] Handle Get Graph Data
[2026-09-01 03:09:43.737] [info] [[94mHttpSession.cpp[0m:[95m576[0m [96mhandleGetGraphData[0m] get_graph_data success
[2026-09-01 03:09:43.965] [info] [[94mControllerAndOtherEventHandler.cpp[0m:[95m239[0m [96moperator()[0m] Accepted new connection
[2026-09-01 03:09:43.965] [info] [[94mHttpSession.cpp[0m:[95m96[0m [96mhandleRequest[0m] Got request: GET /ndt/get_graph_data
[2026-09-01 03:09:43.965] [info] [[94mHttpSession.cpp[0m:[95m531[0m [96mhandleGetGraphData[0m] Handle Get Graph Data
[2026-09-01 03:09:43.986] [info] [[94mHttpSession.cpp[0m:[95m576[0m [96mhandleGetGraphData[0m] get_graph_data success
[2026-09-01 03:09:44.215] [info] [[94mControllerAndOtherEventHandler.cpp[0m:[95m239[0m [96moperator()[0m] Accepted new connection
[2026-09-01 03:09:44.215] [info] [[94mHttpSession.cpp[0m:[95m96[0m [96mhandleRequest[0m] Got request: GET /ndt/get_graph_data
[2026-09-01 03:09:44.215] [info] [[94mHttpSession.cpp[0m:[95m531[0m [96mhandleGetGraphData[0m] Handle Get Graph Data
[2026-09-01 03:09:44.232] [info] [[94mHttpSession.cpp[0m:[95m576[0m [96mhandleGetGraphData[0m] get_graph_data success
[2026-09-01 03:09:44.465] [info] [[94mControllerAndOtherEventHandler.cpp[0m:[95m239[0m [96moperator()[0m] Accepted new connection
[2026-09-01 03:09:44.465] [info] [[94mHttpSession.cpp[0m:[95m96[0m [96mhandleRequest[0m] Got request: GET /ndt/get_graph_data
[2026-09-01 03:09:44.465] [info] [[94mHttpSession.cpp[0m:[95m531[0m [96mhandleGetGraphData[0m] Handle Get Graph Data
[2026-09-01 03:09:44.487] [info] [[94mHttpSession.cpp[0m:[95m576[0m [96mhandleGetGraphData[0m] get_graph_data success
[2026-09-01 03:09:44.716] [info] [[94mControllerAndOtherEventHandler.cpp[0m:[95m239[0m [96moperator()[0m] Accepted new connection
[2026-09-01 03:09:44.716] [info] [[94mHttpSession.cpp[0m:[95m96[0m [96mhandleRequest[0m] Got request: GET /ndt/get_graph_data
[2026-09-01 03:09:44.716] [info] [[94mHttpSession.cpp[0m:[95m531[0m [96mhandleGetGraphData[0m] Handle Get Graph Data
[2026-09-01 03:09:44.737] [info] [[94mHttpSession.cpp[0m:[95m576[0m [96mhandleGetGraphData[0m] get_graph_data success
[2026-09-01 03:09:44.966] [info] [[94mControllerAndOtherEventHandler.cpp[0m:[95m239[0m [96moperator()[0m] Accepted new connection
[2026-09-01 03:09:44.966] [info] [[94mHttpSession.cpp[0m:[95m96[0m [96mhandleRequest[0m] Got request: GET /ndt/get_graph_data
[2026-09-01 03:09:44.966] [info] [[94mHttpSession.cpp[0m:[95m531[0m [96mhandleGetGraphData[0m] Handle Get Graph Data
[2026-09-01 03:09:44.984] [info] [[94mHttpSession.cpp[0m:[95m576[0m [96mhandleGetGraphData[0m] get_graph_data success
[2026-09-01 03:09:45.216] [info] [[94mControllerAndOtherEventHandler.cpp[0m:[95m239[0m [96moperator()[0m] Accepted new connection
[2026-09-01 03:09:45.216] [info] [[94mHttpSession.cpp[0m:[95m96[0m [96mhandleRequest[0m] Got request: GET /ndt/get_graph_data
[2026-09-01 03:09:45.216] [info] [[94mHttpSession.cpp[0m:[95m531[0m [96mhandleGetGraphData[0m] Handle Get Graph Data
[2026-09-01 03:09:45.237] [info] [[94mHttpSession.cpp[0m:[95m576[0m [96mhandleGetGraphData[0m] get_graph_data success
[2026-09-01 03:09:45.466] [info] [[94mControllerAndOtherEventHandler.cpp[0m:[95m239[0m [96moperator()[0m] Accepted new connection
[2026-09-01 03:09:45.466] [info] [[94mHttpSession.cpp[0m:[95m96[0m [96mhandleRequest[0m] Got request: GET /ndt/get_graph_data
[2026-09-01 03:09:45.466] [info] [[94mHttpSession.cpp[0m:[95m531[0m [96mhandleGetGraphData[0m] Handle Get Graph Data
[2026-09-01 03:09:45.487] [info] [[94mHttpSession.cpp[0m:[95m576[0m [96mhandleGetGraphData[0m] get_graph_data success
[2026-09-01 03:09:45.715] [info] [[94mControllerAndOtherEventHandler.cpp[0m:[95m239[0m [96moperator()[0m] Accepted new connection
[2026-09-01 03:09:45.715] [info] [[94mHttpSession.cpp[0m:[95m96[0m [96mhandleRequest[0m] Got request: GET /ndt/get_graph_data
[2026-09-01 03:09:45.715] [info] [[94mHttpSession.cpp[0m:[95m531[0m [96mhandleGetGraphData[0m] Handle Get Graph Data
[2026-09-01 03:09:45.730] [info] [[94mHttpSession.cpp[0m:[95m576[0m [96mhandleGetGraphData[0m] get_graph_data success
[2026-09-01 03:09:45.966] [info] [[94mControllerAndOtherEventHandler.cpp[0m:[95m239[0m [96moperator()[0m] Accepted new connection
[2026-09-01 03:09:45.966] [info] [[94mHttpSession.cpp[0m:[95m96[0m [96mhandleRequest[0m] Got request: GET /ndt/get_graph_data
[2026-09-01 03:09:45.966] [info] [[94mHttpSession.cpp[0m:[95m531[0m [96mhandleGetGraphData[0m] Handle Get Graph Data
[2026-09-01 03:09:45.985] [info] [[94mHttpSession.cpp[0m:[95m576[0m [96mhandleGetGraphData[0m] get_graph_data success
[2026-09-01 03:09:46.216] [info] [[94mControllerAndOtherEventHandler.cpp[0m:[95m239[0m [96moperator()[0m] Accepted new connection
[2026-09-01 03:09:46.217] [info] [[94mHttpSession.cpp[0m:[95m96[0m [96mhandleRequest[0m] Got request: GET /ndt/get_graph_data
[2026-09-01 03:09:46.217] [info] [[94mHttpSession.cpp[0m:[95m531[0m [96mhandleGetGraphData[0m] Handle Get Graph Data
[2026-09-01 03:09:46.238] [info] [[94mHttpSession.cpp[0m:[95m576[0m [96mhandleGetGraphData[0m] get_graph_data success
[2026-09-01 03:09:46.466] [info] [[94mControllerAndOtherEventHandler.cpp[0m:[95m239[0m [96moperator()[0m] Accepted new connection
[2026-09-01 03:09:46.466] [info] [[94mHttpSession.cpp[0m:[95m96[0m [96mhandleRequest[0m] Got request: GET /ndt/get_graph_data
[2026-09-01 03:09:46.466] [info] [[94mHttpSession.cpp[0m:[95m531[0m [96mhandleGetGraphData[0m] Handle Get Graph Data
[2026-09-01 03:09:46.488] [info] [[94mHttpSession.cpp[0m:[95m576[0m [96mhandleGetGraphData[0m] get_graph_data success
[2026-09-01 03:09:46.562] [info] [[94mFlowLinkUsageCollector.cpp[0m:[95m1807[0m [96mcalAvgFlowSendingRatesPeriodically[0m] rate loop period: last 30 iters mean 1001.3 ms | since start (299 iters) mean 1001.2 ms, min 1000.1, max 1004.3 (flows=1, counters=4) -- the LAST-N figure is the current denominator; the since-start one lags it
[2026-09-01 03:09:46.563] [info] [[94mFlowLinkUsageCollector.cpp[0m:[95m2016[0m [96mcalAvgFlowSendingRatesPeriodically[0m] rate divisor check: measured_interval_s=1.000982 divisor_used_s=1.000982 (ticket Q gate: these must agree to 1%; a negative divisor means no rate has been published yet, which is not a pass)
[2026-09-01 03:09:46.716] [info] [[94mControllerAndOtherEventHandler.cpp[0m:[95m239[0m [96moperator()[0m] Accepted new connection
[2026-09-01 03:09:46.716] [info] [[94mHttpSession.cpp[0m:[95m96[0m [96mhandleRequest[0m] Got request: GET /ndt/get_graph_data
[2026-09-01 03:09:46.716] [info] [[94mHttpSession.cpp[0m:[95m531[0m [96mhandleGetGraphData[0m] Handle Get Graph Data
[2026-09-01 03:09:46.731] [info] [[94mHttpSession.cpp[0m:[95m576[0m [96mhandleGetGraphData[0m] get_graph_data success
[2026-09-01 03:09:46.966] [info] [[94mControllerAndOtherEventHandler.cpp[0m:[95m239[0m [96moperator()[0m] Accepted new connection
[2026-09-01 03:09:46.966] [info] [[94mHttpSession.cpp[0m:[95m96[0m [96mhandleRequest[0m] Got request: GET /ndt/get_graph_data
[2026-09-01 03:09:46.966] [info] [[94mHttpSession.cpp[0m:[95m531[0m [96mhandleGetGraphData[0m] Handle Get Graph Data
[2026-09-01 03:09:46.983] [info] [[94mHttpSession.cpp[0m:[95m576[0m [96mhandleGetGraphData[0m] get_graph_data success
[2026-09-01 03:09:47.217] [info] [[94mControllerAndOtherEventHandler.cpp[0m:[95m239[0m [96moperator()[0m] Accepted new connection
[2026-09-01 03:09:47.217] [info] [[94mHttpSession.cpp[0m:[95m96[0m [96mhandleRequest[0m] Got request: GET /ndt/get_graph_data
[2026-09-01 03:09:47.217] [info] [[94mHttpSession.cpp[0m:[95m531[0m [96mhandleGetGraphData[0m] Handle Get Graph Data
[2026-09-01 03:09:47.238] [info] [[94mHttpSession.cpp[0m:[95m576[0m [96mhandleGetGraphData[0m] get_graph_data success
[2026-09-01 03:09:47.466] [info] [[94mControllerAndOtherEventHandler.cpp[0m:[95m239[0m [96moperator()[0m] Accepted new connection
[2026-09-01 03:09:47.466] [info] [[94mHttpSession.cpp[0m:[95m96[0m [96mhandleRequest[0m] Got request: GET /ndt/get_graph_data
[2026-09-01 03:09:47.466] [info] [[94mHttpSession.cpp[0m:[95m531[0m [96mhandleGetGraphData[0m] Handle Get Graph Data
[2026-09-01 03:09:47.488] [info] [[94mHttpSession.cpp[0m:[95m576[0m [96mhandleGetGraphData[0m] get_graph_data success
[2026-09-01 03:09:47.717] [info] [[94mControllerAndOtherEventHandler.cpp[0m:[95m239[0m [96moperator()[0m] Accepted new connection
[2026-09-01 03:09:47.717] [info] [[94mHttpSession.cpp[0m:[95m96[0m [96mhandleRequest[0m] Got request: GET /ndt/get_graph_data
[2026-09-01 03:09:47.717] [info] [[94mHttpSession.cpp[0m:[95m531[0m [96mhandleGetGraphData[0m] Handle Get Graph Data
[2026-09-01 03:09:47.739] [info] [[94mHttpSession.cpp[0m:[95m576[0m [96mhandleGetGraphData[0m] get_graph_data success
[2026-09-01 03:09:47.966] [info] [[94mControllerAndOtherEventHandler.cpp[0m:[95m239[0m [96moperator()[0m] Accepted new connection
[2026-09-01 03:09:47.967] [info] [[94mHttpSession.cpp[0m:[95m96[0m [96mhandleRequest[0m] Got request: GET /ndt/get_graph_data
[2026-09-01 03:09:47.967] [info] [[94mHttpSession.cpp[0m:[95m531[0m [96mhandleGetGraphData[0m] Handle Get Graph Data
[2026-09-01 03:09:47.985] [info] [[94mHttpSession.cpp[0m:[95m576[0m [96mhandleGetGraphData[0m] get_graph_data success
[2026-09-01 03:09:48.216] [info] [[94mControllerAndOtherEventHandler.cpp[0m:[95m239[0m [96moperator()[0m] Accepted new connection
[2026-09-01 03:09:48.217] [info] [[94mHttpSession.cpp[0m:[95m96[0m [96mhandleRequest[0m] Got request: GET /ndt/get_graph_data
[2026-09-01 03:09:48.217] [info] [[94mHttpSession.cpp[0m:[95m531[0m [96mhandleGetGraphData[0m] Handle Get Graph Data
[2026-09-01 03:09:48.235] [info] [[94mHttpSession.cpp[0m:[95m576[0m [96mhandleGetGraphData[0m] get_graph_data success
[2026-09-01 03:09:48.466] [info] [[94mControllerAndOtherEventHandler.cpp[0m:[95m239[0m [96moperator()[0m] Accepted new connection
[2026-09-01 03:09:48.466] [info] [[94mHttpSession.cpp[0m:[95m96[0m [96mhandleRequest[0m] Got request: GET /ndt/get_graph_data
[2026-09-01 03:09:48.466] [info] [[94mHttpSession.cpp[0m:[95m531[0m [96mhandleGetGraphData[0m] Handle Get Graph Data
[2026-09-01 03:09:48.488] [info] [[94mHttpSession.cpp[0m:[95m576[0m [96mhandleGetGraphData[0m] get_graph_data success
[2026-09-01 03:09:48.716] [info] [[94mControllerAndOtherEventHandler.cpp[0m:[95m239[0m [96moperator()[0m] Accepted new connection
[2026-09-01 03:09:48.717] [info] [[94mHttpSession.cpp[0m:[95m96[0m [96mhandleRequest[0m] Got request: GET /ndt/get_graph_data
[2026-09-01 03:09:48.717] [info] [[94mHttpSession.cpp[0m:[95m531[0m [96mhandleGetGraphData[0m] Handle Get Graph Data
[2026-09-01 03:09:48.732] [info] [[94mHttpSession.cpp[0m:[95m576[0m [96mhandleGetGraphData[0m] get_graph_data success
[2026-09-01 03:09:48.967] [info] [[94mControllerAndOtherEventHandler.cpp[0m:[95m239[0m [96moperator()[0m] Accepted new connection
[2026-09-01 03:09:48.967] [info] [[94mHttpSession.cpp[0m:[95m96[0m [96mhandleRequest[0m] Got request: GET /ndt/get_graph_data
[2026-09-01 03:09:48.967] [info] [[94mHttpSession.cpp[0m:[95m531[0m [96mhandleGetGraphData[0m] Handle Get Graph Data
[2026-09-01 03:09:48.988] [info] [[94mHttpSession.cpp[0m:[95m576[0m [96mhandleGetGraphData[0m] get_graph_data success
[2026-09-01 03:09:49.217] [info] [[94mControllerAndOtherEventHandler.cpp[0m:[95m239[0m [96moperator()[0m] Accepted new connection
[2026-09-01 03:09:49.217] [info] [[94mHttpSession.cpp[0m:[95m96[0m [96mhandleRequest[0m] Got request: GET /ndt/get_graph_data
[2026-09-01 03:09:49.217] [info] [[94mHttpSession.cpp[0m:[95m531[0m [96mhandleGetGraphData[0m] Handle Get Graph Data
[2026-09-01 03:09:49.237] [info] [[94mHttpSession.cpp[0m:[95m576[0m [96mhandleGetGraphData[0m] get_graph_data success
[2026-09-01 03:09:49.467] [info] [[94mControllerAndOtherEventHandler.cpp[0m:[95m239[0m [96moperator()[0m] Accepted new connection
[2026-09-01 03:09:49.467] [info] [[94mHttpSession.cpp[0m:[95m96[0m [96mhandleRequest[0m] Got request: GET /ndt/get_graph_data
[2026-09-01 03:09:49.467] [info] [[94mHttpSession.cpp[0m:[95m531[0m [96mhandleGetGraphData[0m] Handle Get Graph Data
[2026-09-01 03:09:49.483] [info] [[94mHttpSession.cpp[0m:[95m576[0m [96mhandleGetGraphData[0m] get_graph_data success
[2026-09-01 03:09:49.717] [info] [[94mControllerAndOtherEventHandler.cpp[0m:[95m239[0m [96moperator()[0m] Accepted new connection
[2026-09-01 03:09:49.717] [info] [[94mHttpSession.cpp[0m:[95m96[0m [96mhandleRequest[0m] Got request: GET /ndt/get_graph_data
[2026-09-01 03:09:49.717] [info] [[94mHttpSession.cpp[0m:[95m531[0m [96mhandleGetGraphData[0m] Handle Get Graph Data
[2026-09-01 03:09:49.731] [info] [[94mHttpSession.cpp[0m:[95m576[0m [96mhandleGetGraphData[0m] get_graph_data success
[2026-09-01 03:09:49.967] [info] [[94mControllerAndOtherEventHandler.cpp[0m:[95m239[0m [96moperator()[0m] Accepted new connection
[2026-09-01 03:09:49.967] [info] [[94mHttpSession.cpp[0m:[95m96[0m [96mhandleRequest[0m] Got request: GET /ndt/get_graph_data
[2026-09-01 03:09:49.967] [info] [[94mHttpSession.cpp[0m:[95m531[0m [96mhandleGetGraphData[0m] Handle Get Graph Data
[2026-09-01 03:09:49.983] [info] [[94mHttpSession.cpp[0m:[95m576[0m [96mhandleGetGraphData[0m] get_graph_data success
[2026-09-01 03:09:50.217] [info] [[94mControllerAndOtherEventHandler.cpp[0m:[95m239[0m [96moperator()[0m] Accepted new connection
[2026-09-01 03:09:50.217] [info] [[94mHttpSession.cpp[0m:[95m96[0m [96mhandleRequest[0m] Got request: GET /ndt/get_graph_data
[2026-09-01 03:09:50.217] [info] [[94mHttpSession.cpp[0m:[95m531[0m [96mhandleGetGraphData[0m] Handle Get Graph Data
[2026-09-01 03:09:50.235] [info] [[94mHttpSession.cpp[0m:[95m576[0m [96mhandleGetGraphData[0m] get_graph_data success
[2026-09-01 03:09:50.468] [info] [[94mControllerAndOtherEventHandler.cpp[0m:[95m239[0m [96moperator()[0m] Accepted new connection
[2026-09-01 03:09:50.468] [info] [[94mHttpSession.cpp[0m:[95m96[0m [96mhandleRequest[0m] Got request: GET /ndt/get_graph_data
[2026-09-01 03:09:50.468] [info] [[94mHttpSession.cpp[0m:[95m531[0m [96mhandleGetGraphData[0m] Handle Get Graph Data
[2026-09-01 03:09:50.490] [info] [[94mHttpSession.cpp[0m:[95m576[0m [96mhandleGetGraphData[0m] get_graph_data success
[2026-09-01 03:09:50.718] [info] [[94mControllerAndOtherEventHandler.cpp[0m:[95m239[0m [96moperator()[0m] Accepted new connection
[2026-09-01 03:09:50.718] [info] [[94mHttpSession.cpp[0m:[95m96[0m [96mhandleRequest[0m] Got request: GET /ndt/get_graph_data
[2026-09-01 03:09:50.718] [info] [[94mHttpSession.cpp[0m:[95m531[0m [96mhandleGetGraphData[0m] Handle Get Graph Data
[2026-09-01 03:09:50.737] [info] [[94mHttpSession.cpp[0m:[95m576[0m [96mhandleGetGraphData[0m] get_graph_data success
[2026-09-01 03:09:50.967] [info] [[94mControllerAndOtherEventHandler.cpp[0m:[95m239[0m [96moperator()[0m] Accepted new connection
[2026-09-01 03:09:50.967] [info] [[94mHttpSession.cpp[0m:[95m96[0m [96mhandleRequest[0m] Got request: GET /ndt/get_graph_data
[2026-09-01 03:09:50.967] [info] [[94mHttpSession.cpp[0m:[95m531[0m [96mhandleGetGraphData[0m] Handle Get Graph Data
[2026-09-01 03:09:50.988] [info] [[94mHttpSession.cpp[0m:[95m576[0m [96mhandleGetGraphData[0m] get_graph_data success
[2026-09-01 03:09:51.217] [info] [[94mControllerAndOtherEventHandler.cpp[0m:[95m239[0m [96moperator()[0m] Accepted new connection
[2026-09-01 03:09:51.217] [info] [[94mHttpSession.cpp[0m:[95m96[0m [96mhandleRequest[0m] Got request: GET /ndt/get_graph_data
[2026-09-01 03:09:51.217] [info] [[94mHttpSession.cpp[0m:[95m531[0m [96mhandleGetGraphData[0m] Handle Get Graph Data
[2026-09-01 03:09:51.239] [info] [[94mHttpSession.cpp[0m:[95m576[0m [96mhandleGetGraphData[0m] get_graph_data success
[2026-09-01 03:09:51.468] [info] [[94mControllerAndOtherEventHandler.cpp[0m:[95m239[0m [96moperator()[0m] Accepted new connection
[2026-09-01 03:09:51.468] [info] [[94mHttpSession.cpp[0m:[95m96[0m [96mhandleRequest[0m] Got request: GET /ndt/get_graph_data
[2026-09-01 03:09:51.468] [info] [[94mHttpSession.cpp[0m:[95m531[0m [96mhandleGetGraphData[0m] Handle Get Graph Data
[2026-09-01 03:09:51.490] [info] [[94mHttpSession.cpp[0m:[95m576[0m [96mhandleGetGraphData[0m] get_graph_data success
[2026-09-01 03:09:51.718] [info] [[94mControllerAndOtherEventHandler.cpp[0m:[95m239[0m [96moperator()[0m] Accepted new connection
[2026-09-01 03:09:51.718] [info] [[94mHttpSession.cpp[0m:[95m96[0m [96mhandleRequest[0m] Got request: GET /ndt/get_graph_data
[2026-09-01 03:09:51.718] [info] [[94mHttpSession.cpp[0m:[95m531[0m [96mhandleGetGraphData[0m] Handle Get Graph Data
[2026-09-01 03:09:51.736] [info] [[94mHttpSession.cpp[0m:[95m576[0m [96mhandleGetGraphData[0m] get_graph_data success
[2026-09-01 03:09:51.968] [info] [[94mControllerAndOtherEventHandler.cpp[0m:[95m239[0m [96moperator()[0m] Accepted new connection
[2026-09-01 03:09:51.968] [info] [[94mHttpSession.cpp[0m:[95m96[0m [96mhandleRequest[0m] Got request: GET /ndt/get_graph_data
[2026-09-01 03:09:51.968] [info] [[94mHttpSession.cpp[0m:[95m531[0m [96mhandleGetGraphData[0m] Handle Get Graph Data
[2026-09-01 03:09:51.989] [info] [[94mHttpSession.cpp[0m:[95m576[0m [96mhandleGetGraphData[0m] get_graph_data success
[2026-09-01 03:09:52.217] [info] [[94mControllerAndOtherEventHandler.cpp[0m:[95m239[0m [96moperator()[0m] Accepted new connection
[2026-09-01 03:09:52.217] [info] [[94mHttpSession.cpp[0m:[95m96[0m [96mhandleRequest[0m] Got request: GET /ndt/get_graph_data
[2026-09-01 03:09:52.217] [info] [[94mHttpSession.cpp[0m:[95m531[0m [96mhandleGetGraphData[0m] Handle Get Graph Data
[2026-09-01 03:09:52.236] [info] [[94mHttpSession.cpp[0m:[95m576[0m [96mhandleGetGraphData[0m] get_graph_data success
[2026-09-01 03:09:52.468] [info] [[94mControllerAndOtherEventHandler.cpp[0m:[95m239[0m [96moperator()[0m] Accepted new connection
[2026-09-01 03:09:52.468] [info] [[94mHttpSession.cpp[0m:[95m96[0m [96mhandleRequest[0m] Got request: GET /ndt/get_graph_data
[2026-09-01 03:09:52.468] [info] [[94mHttpSession.cpp[0m:[95m531[0m [96mhandleGetGraphData[0m] Handle Get Graph Data
[2026-09-01 03:09:52.490] [info] [[94mHttpSession.cpp[0m:[95m576[0m [96mhandleGetGraphData[0m] get_graph_data success
[2026-09-01 03:09:52.718] [info] [[94mControllerAndOtherEventHandler.cpp[0m:[95m239[0m [96moperator()[0m] Accepted new connection
[2026-09-01 03:09:52.718] [info] [[94mHttpSession.cpp[0m:[95m96[0m [96mhandleRequest[0m] Got request: GET /ndt/get_graph_data
[2026-09-01 03:09:52.718] [info] [[94mHttpSession.cpp[0m:[95m531[0m [96mhandleGetGraphData[0m] Handle Get Graph Data
[2026-09-01 03:09:52.739] [info] [[94mHttpSession.cpp[0m:[95m576[0m [96mhandleGetGraphData[0m] get_graph_data success
[2026-09-01 03:09:52.968] [info] [[94mControllerAndOtherEventHandler.cpp[0m:[95m239[0m [96moperator()[0m] Accepted new connection
[2026-09-01 03:09:52.969] [info] [[94mHttpSession.cpp[0m:[95m96[0m [96mhandleRequest[0m] Got request: GET /ndt/get_graph_data
[2026-09-01 03:09:52.969] [info] [[94mHttpSession.cpp[0m:[95m531[0m [96mhandleGetGraphData[0m] Handle Get Graph Data
[2026-09-01 03:09:52.990] [info] [[94mHttpSession.cpp[0m:[95m576[0m [96mhandleGetGraphData[0m] get_graph_data success
[2026-09-01 03:09:53.218] [info] [[94mControllerAndOtherEventHandler.cpp[0m:[95m239[0m [96moperator()[0m] Accepted new connection
[2026-09-01 03:09:53.218] [info] [[94mHttpSession.cpp[0m:[95m96[0m [96mhandleRequest[0m] Got request: GET /ndt/get_graph_data
[2026-09-01 03:09:53.218] [info] [[94mHttpSession.cpp[0m:[95m531[0m [96mhandleGetGraphData[0m] Handle Get Graph Data
[2026-09-01 03:09:53.240] [info] [[94mHttpSession.cpp[0m:[95m576[0m [96mhandleGetGraphData[0m] get_graph_data success
[2026-09-01 03:09:53.468] [info] [[94mControllerAndOtherEventHandler.cpp[0m:[95m239[0m [96moperator()[0m] Accepted new connection
[2026-09-01 03:09:53.469] [info] [[94mHttpSession.cpp[0m:[95m96[0m [96mhandleRequest[0m] Got request: GET /ndt/get_graph_data
[2026-09-01 03:09:53.469] [info] [[94mHttpSession.cpp[0m:[95m531[0m [96mhandleGetGraphData[0m] Handle Get Graph Data
[2026-09-01 03:09:53.485] [info] [[94mHttpSession.cpp[0m:[95m576[0m [96mhandleGetGraphData[0m] get_graph_data success
[2026-09-01 03:09:53.718] [info] [[94mControllerAndOtherEventHandler.cpp[0m:[95m239[0m [96moperator()[0m] Accepted new connection
[2026-09-01 03:09:53.718] [info] [[94mHttpSession.cpp[0m:[95m96[0m [96mhandleRequest[0m] Got request: GET /ndt/get_graph_data
[2026-09-01 03:09:53.718] [info] [[94mHttpSession.cpp[0m:[95m531[0m [96mhandleGetGraphData[0m] Handle Get Graph Data
[2026-09-01 03:09:53.739] [info] [[94mHttpSession.cpp[0m:[95m576[0m [96mhandleGetGraphData[0m] get_graph_data success
[2026-09-01 03:09:53.969] [info] [[94mControllerAndOtherEventHandler.cpp[0m:[95m239[0m [96moperator()[0m] Accepted new connection
[2026-09-01 03:09:53.969] [info] [[94mHttpSession.cpp[0m:[95m96[0m [96mhandleRequest[0m] Got request: GET /ndt/get_graph_data
[2026-09-01 03:09:53.969] [info] [[94mHttpSession.cpp[0m:[95m531[0m [96mhandleGetGraphData[0m] Handle Get Graph Data
[2026-09-01 03:09:53.989] [info] [[94mHttpSession.cpp[0m:[95m576[0m [96mhandleGetGraphData[0m] get_graph_data success
[2026-09-01 03:09:54.218] [info] [[94mControllerAndOtherEventHandler.cpp[0m:[95m239[0m [96moperator()[0m] Accepted new connection
[2026-09-01 03:09:54.218] [info] [[94mHttpSession.cpp[0m:[95m96[0m [96mhandleRequest[0m] Got request: GET /ndt/get_graph_data
[2026-09-01 03:09:54.218] [info] [[94mHttpSession.cpp[0m:[95m531[0m [96mhandleGetGraphData[0m] Handle Get Graph Data
[2026-09-01 03:09:54.237] [info] [[94mHttpSession.cpp[0m:[95m576[0m [96mhandleGetGraphData[0m] get_graph_data success
[2026-09-01 03:09:54.468] [info] [[94mControllerAndOtherEventHandler.cpp[0m:[95m239[0m [96moperator()[0m] Accepted new connection
[2026-09-01 03:09:54.468] [info] [[94mHttpSession.cpp[0m:[95m96[0m [96mhandleRequest[0m] Got request: GET /ndt/get_graph_data
[2026-09-01 03:09:54.468] [info] [[94mHttpSession.cpp[0m:[95m531[0m [96mhandleGetGraphData[0m] Handle Get Graph Data
[2026-09-01 03:09:54.490] [info] [[94mHttpSession.cpp[0m:[95m576[0m [96mhandleGetGraphData[0m] get_graph_data success
[2026-09-01 03:09:54.719] [info] [[94mControllerAndOtherEventHandler.cpp[0m:[95m239[0m [96moperator()[0m] Accepted new connection
[2026-09-01 03:09:54.719] [info] [[94mHttpSession.cpp[0m:[95m96[0m [96mhandleRequest[0m] Got request: GET /ndt/get_graph_data
[2026-09-01 03:09:54.719] [info] [[94mHttpSession.cpp[0m:[95m531[0m [96mhandleGetGraphData[0m] Handle Get Graph Data
[2026-09-01 03:09:54.741] [info] [[94mHttpSession.cpp[0m:[95m576[0m [96mhandleGetGraphData[0m] get_graph_data success
[2026-09-01 03:09:54.969] [info] [[94mControllerAndOtherEventHandler.cpp[0m:[95m239[0m [96moperator()[0m] Accepted new connection
[2026-09-01 03:09:54.969] [info] [[94mHttpSession.cpp[0m:[95m96[0m [96mhandleRequest[0m] Got request: GET /ndt/get_graph_data
[2026-09-01 03:09:54.969] [info] [[94mHttpSession.cpp[0m:[95m531[0m [96mhandleGetGraphData[0m] Handle Get Graph Data
[2026-09-01 03:09:54.991] [info] [[94mHttpSession.cpp[0m:[95m576[0m [96mhandleGetGraphData[0m] get_graph_data success
[2026-09-01 03:09:55.219] [info] [[94mControllerAndOtherEventHandler.cpp[0m:[95m239[0m [96moperator()[0m] Accepted new connection
[2026-09-01 03:09:55.219] [info] [[94mHttpSession.cpp[0m:[95m96[0m [96mhandleRequest[0m] Got request: GET /ndt/get_graph_data
[2026-09-01 03:09:55.219] [info] [[94mHttpSession.cpp[0m:[95m531[0m [96mhandleGetGraphData[0m] Handle Get Graph Data
[2026-09-01 03:09:55.240] [info] [[94mHttpSession.cpp[0m:[95m576[0m [96mhandleGetGraphData[0m] get_graph_data success
[2026-09-01 03:09:55.469] [info] [[94mControllerAndOtherEventHandler.cpp[0m:[95m239[0m [96moperator()[0m] Accepted new connection
[2026-09-01 03:09:55.469] [info] [[94mHttpSession.cpp[0m:[95m96[0m [96mhandleRequest[0m] Got request: GET /ndt/get_graph_data
[2026-09-01 03:09:55.469] [info] [[94mHttpSession.cpp[0m:[95m531[0m [96mhandleGetGraphData[0m] Handle Get Graph Data
[2026-09-01 03:09:55.491] [info] [[94mHttpSession.cpp[0m:[95m576[0m [96mhandleGetGraphData[0m] get_graph_data success
[2026-09-01 03:09:55.719] [info] [[94mControllerAndOtherEventHandler.cpp[0m:[95m239[0m [96moperator()[0m] Accepted new connection
[2026-09-01 03:09:55.719] [info] [[94mHttpSession.cpp[0m:[95m96[0m [96mhandleRequest[0m] Got request: GET /ndt/get_graph_data
[2026-09-01 03:09:55.719] [info] [[94mHttpSession.cpp[0m:[95m531[0m [96mhandleGetGraphData[0m] Handle Get Graph Data
[2026-09-01 03:09:55.741] [info] [[94mHttpSession.cpp[0m:[95m576[0m [96mhandleGetGraphData[0m] get_graph_data success
[2026-09-01 03:09:55.969] [info] [[94mControllerAndOtherEventHandler.cpp[0m:[95m239[0m [96moperator()[0m] Accepted new connection
[2026-09-01 03:09:55.969] [info] [[94mHttpSession.cpp[0m:[95m96[0m [96mhandleRequest[0m] Got request: GET /ndt/get_graph_data
[2026-09-01 03:09:55.970] [info] [[94mHttpSession.cpp[0m:[95m531[0m [96mhandleGetGraphData[0m] Handle Get Graph Data
[2026-09-01 03:09:55.988] [info] [[94mHttpSession.cpp[0m:[95m576[0m [96mhandleGetGraphData[0m] get_graph_data success
[2026-09-01 03:09:56.219] [info] [[94mControllerAndOtherEventHandler.cpp[0m:[95m239[0m [96moperator()[0m] Accepted new connection
[2026-09-01 03:09:56.219] [info] [[94mHttpSession.cpp[0m:[95m96[0m [96mhandleRequest[0m] Got request: GET /ndt/get_graph_data
[2026-09-01 03:09:56.219] [info] [[94mHttpSession.cpp[0m:[95m531[0m [96mhandleGetGraphData[0m] Handle Get Graph Data
[2026-09-01 03:09:56.234] [info] [[94mHttpSession.cpp[0m:[95m576[0m [96mhandleGetGraphData[0m] get_graph_data success
[2026-09-01 03:09:56.470] [info] [[94mControllerAndOtherEventHandler.cpp[0m:[95m239[0m [96moperator()[0m] Accepted new connection
[2026-09-01 03:09:56.470] [info] [[94mHttpSession.cpp[0m:[95m96[0m [96mhandleRequest[0m] Got request: GET /ndt/get_graph_data
[2026-09-01 03:09:56.470] [info] [[94mHttpSession.cpp[0m:[95m531[0m [96mhandleGetGraphData[0m] Handle Get Graph Data
[2026-09-01 03:09:56.491] [info] [[94mHttpSession.cpp[0m:[95m576[0m [96mhandleGetGraphData[0m] get_graph_data success
[2026-09-01 03:09:56.720] [info] [[94mControllerAndOtherEventHandler.cpp[0m:[95m239[0m [96moperator()[0m] Accepted new connection
[2026-09-01 03:09:56.720] [info] [[94mHttpSession.cpp[0m:[95m96[0m [96mhandleRequest[0m] Got request: GET /ndt/get_graph_data
[2026-09-01 03:09:56.720] [info] [[94mHttpSession.cpp[0m:[95m531[0m [96mhandleGetGraphData[0m] Handle Get Graph Data
[2026-09-01 03:09:56.741] [info] [[94mHttpSession.cpp[0m:[95m576[0m [96mhandleGetGraphData[0m] get_graph_data success
[2026-09-01 03:09:56.969] [info] [[94mControllerAndOtherEventHandler.cpp[0m:[95m239[0m [96moperator()[0m] Accepted new connection
[2026-09-01 03:09:56.969] [info] [[94mHttpSession.cpp[0m:[95m96[0m [96mhandleRequest[0m] Got request: GET /ndt/get_graph_data
[2026-09-01 03:09:56.969] [info] [[94mHttpSession.cpp[0m:[95m531[0m [96mhandleGetGraphData[0m] Handle Get Graph Data
[2026-09-01 03:09:56.989] [info] [[94mHttpSession.cpp[0m:[95m576[0m [96mhandleGetGraphData[0m] get_graph_data success
[2026-09-01 03:09:57.219] [info] [[94mControllerAndOtherEventHandler.cpp[0m:[95m239[0m [96moperator()[0m] Accepted new connection
[2026-09-01 03:09:57.219] [info] [[94mHttpSession.cpp[0m:[95m96[0m [96mhandleRequest[0m] Got request: GET /ndt/get_graph_data
[2026-09-01 03:09:57.220] [info] [[94mHttpSession.cpp[0m:[95m531[0m [96mhandleGetGraphData[0m] Handle Get Graph Data
[2026-09-01 03:09:57.240] [info] [[94mHttpSession.cpp[0m:[95m576[0m [96mhandleGetGraphData[0m] get_graph_data success
[2026-09-01 03:09:57.357] [info] [[94mFlowLinkUsageCollector.cpp[0m:[95m2558[0m [96mfetchAllDestinationPaths[0m] Pulled 16256 paths from controller
[2026-09-01 03:09:57.469] [info] [[94mControllerAndOtherEventHandler.cpp[0m:[95m239[0m [96moperator()[0m] Accepted new connection
[2026-09-01 03:09:57.469] [info] [[94mHttpSession.cpp[0m:[95m96[0m [96mhandleRequest[0m] Got request: GET /ndt/get_graph_data
[2026-09-01 03:09:57.469] [info] [[94mHttpSession.cpp[0m:[95m531[0m [96mhandleGetGraphData[0m] Handle Get Graph Data
[2026-09-01 03:09:57.486] [info] [[94mHttpSession.cpp[0m:[95m576[0m [96mhandleGetGraphData[0m] get_graph_data success
[2026-09-01 03:09:57.720] [info] [[94mControllerAndOtherEventHandler.cpp[0m:[95m239[0m [96moperator()[0m] Accepted new connection
[2026-09-01 03:09:57.720] [info] [[94mHttpSession.cpp[0m:[95m96[0m [96mhandleRequest[0m] Got request: GET /ndt/get_graph_data
[2026-09-01 03:09:57.720] [info] [[94mHttpSession.cpp[0m:[95m531[0m [96mhandleGetGraphData[0m] Handle Get Graph Data
[2026-09-01 03:09:57.740] [info] [[94mHttpSession.cpp[0m:[95m576[0m [96mhandleGetGraphData[0m] get_graph_data success
[2026-09-01 03:09:57.970] [info] [[94mControllerAndOtherEventHandler.cpp[0m:[95m239[0m [96moperator()[0m] Accepted new connection
[2026-09-01 03:09:57.970] [info] [[94mHttpSession.cpp[0m:[95m96[0m [96mhandleRequest[0m] Got request: GET /ndt/get_graph_data
[2026-09-01 03:09:57.970] [info] [[94mHttpSession.cpp[0m:[95m531[0m [96mhandleGetGraphData[0m] Handle Get Graph Data
[2026-09-01 03:09:57.989] [info] [[94mHttpSession.cpp[0m:[95m576[0m [96mhandleGetGraphData[0m] get_graph_data success
[2026-09-01 03:09:58.220] [info] [[94mControllerAndOtherEventHandler.cpp[0m:[95m239[0m [96moperator()[0m] Accepted new connection
[2026-09-01 03:09:58.220] [info] [[94mHttpSession.cpp[0m:[95m96[0m [96mhandleRequest[0m] Got request: GET /ndt/get_graph_data
[2026-09-01 03:09:58.220] [info] [[94mHttpSession.cpp[0m:[95m531[0m [96mhandleGetGraphData[0m] Handle Get Graph Data
[2026-09-01 03:09:58.238] [info] [[94mHttpSession.cpp[0m:[95m576[0m [96mhandleGetGraphData[0m] get_graph_data success
[2026-09-01 03:09:58.470] [info] [[94mControllerAndOtherEventHandler.cpp[0m:[95m239[0m [96moperator()[0m] Accepted new connection
[2026-09-01 03:09:58.470] [info] [[94mHttpSession.cpp[0m:[95m96[0m [96mhandleRequest[0m] Got request: GET /ndt/get_graph_data
[2026-09-01 03:09:58.470] [info] [[94mHttpSession.cpp[0m:[95m531[0m [96mhandleGetGraphData[0m] Handle Get Graph Data
[2026-09-01 03:09:58.487] [info] [[94mHttpSession.cpp[0m:[95m576[0m [96mhandleGetGraphData[0m] get_graph_data success
[2026-09-01 03:09:58.720] [info] [[94mControllerAndOtherEventHandler.cpp[0m:[95m239[0m [96moperator()[0m] Accepted new connection
[2026-09-01 03:09:58.721] [info] [[94mHttpSession.cpp[0m:[95m96[0m [96mhandleRequest[0m] Got request: GET /ndt/get_graph_data
[2026-09-01 03:09:58.721] [info] [[94mHttpSession.cpp[0m:[95m531[0m [96mhandleGetGraphData[0m] Handle Get Graph Data
[2026-09-01 03:09:58.742] [info] [[94mHttpSession.cpp[0m:[95m576[0m [96mhandleGetGraphData[0m] get_graph_data success
[2026-09-01 03:09:58.970] [info] [[94mControllerAndOtherEventHandler.cpp[0m:[95m239[0m [96moperator()[0m] Accepted new connection
[2026-09-01 03:09:58.970] [info] [[94mHttpSession.cpp[0m:[95m96[0m [96mhandleRequest[0m] Got request: GET /ndt/get_graph_data
[2026-09-01 03:09:58.970] [info] [[94mHttpSession.cpp[0m:[95m531[0m [96mhandleGetGraphData[0m] Handle Get Graph Data
[2026-09-01 03:09:58.988] [info] [[94mHttpSession.cpp[0m:[95m576[0m [96mhandleGetGraphData[0m] get_graph_data success
[2026-09-01 03:09:59.220] [info] [[94mControllerAndOtherEventHandler.cpp[0m:[95m239[0m [96moperator()[0m] Accepted new connection
[2026-09-01 03:09:59.220] [info] [[94mHttpSession.cpp[0m:[95m96[0m [96mhandleRequest[0m] Got request: GET /ndt/get_graph_data
[2026-09-01 03:09:59.220] [info] [[94mHttpSession.cpp[0m:[95m531[0m [96mhandleGetGraphData[0m] Handle Get Graph Data
[2026-09-01 03:09:59.242] [info] [[94mHttpSession.cpp[0m:[95m576[0m [96mhandleGetGraphData[0m] get_graph_data success
[2026-09-01 03:09:59.471] [info] [[94mControllerAndOtherEventHandler.cpp[0m:[95m239[0m [96moperator()[0m] Accepted new connection
[2026-09-01 03:09:59.471] [info] [[94mHttpSession.cpp[0m:[95m96[0m [96mhandleRequest[0m] Got request: GET /ndt/get_graph_data
[2026-09-01 03:09:59.471] [info] [[94mHttpSession.cpp[0m:[95m531[0m [96mhandleGetGraphData[0m] Handle Get Graph Data
[2026-09-01 03:09:59.487] [info] [[94mHttpSession.cpp[0m:[95m576[0m [96mhandleGetGraphData[0m] get_graph_data success
[2026-09-01 03:09:59.720] [info] [[94mControllerAndOtherEventHandler.cpp[0m:[95m239[0m [96moperator()[0m] Accepted new connection
[2026-09-01 03:09:59.720] [info] [[94mHttpSession.cpp[0m:[95m96[0m [96mhandleRequest[0m] Got request: GET /ndt/get_graph_data
[2026-09-01 03:09:59.720] [info] [[94mHttpSession.cpp[0m:[95m531[0m [96mhandleGetGraphData[0m] Handle Get Graph Data
[2026-09-01 03:09:59.741] [info] [[94mHttpSession.cpp[0m:[95m576[0m [96mhandleGetGraphData[0m] get_graph_data success
[2026-09-01 03:09:59.971] [info] [[94mControllerAndOtherEventHandler.cpp[0m:[95m239[0m [96moperator()[0m] Accepted new connection
[2026-09-01 03:09:59.971] [info] [[94mHttpSession.cpp[0m:[95m96[0m [96mhandleRequest[0m] Got request: GET /ndt/get_graph_data
[2026-09-01 03:09:59.971] [info] [[94mHttpSession.cpp[0m:[95m531[0m [96mhandleGetGraphData[0m] Handle Get Graph Data
[2026-09-01 03:09:59.991] [info] [[94mHttpSession.cpp[0m:[95m576[0m [96mhandleGetGraphData[0m] get_graph_data success
[2026-09-01 03:10:00.220] [info] [[94mControllerAndOtherEventHandler.cpp[0m:[95m239[0m [96moperator()[0m] Accepted new connection
[2026-09-01 03:10:00.220] [info] [[94mHttpSession.cpp[0m:[95m96[0m [96mhandleRequest[0m] Got request: GET /ndt/get_graph_data
[2026-09-01 03:10:00.220] [info] [[94mHttpSession.cpp[0m:[95m531[0m [96mhandleGetGraphData[0m] Handle Get Graph Data
[2026-09-01 03:10:00.236] [info] [[94mHttpSession.cpp[0m:[95m576[0m [96mhandleGetGraphData[0m] get_graph_data success
[2026-09-01 03:10:00.471] [info] [[94mControllerAndOtherEventHandler.cpp[0m:[95m239[0m [96moperator()[0m] Accepted new connection
[2026-09-01 03:10:00.471] [info] [[94mHttpSession.cpp[0m:[95m96[0m [96mhandleRequest[0m] Got request: GET /ndt/get_graph_data
[2026-09-01 03:10:00.471] [info] [[94mHttpSession.cpp[0m:[95m531[0m [96mhandleGetGraphData[0m] Handle Get Graph Data
[2026-09-01 03:10:00.493] [info] [[94mHttpSession.cpp[0m:[95m576[0m [96mhandleGetGraphData[0m] get_graph_data success
[2026-09-01 03:10:00.720] [info] [[94mControllerAndOtherEventHandler.cpp[0m:[95m239[0m [96moperator()[0m] Accepted new connection
[2026-09-01 03:10:00.721] [info] [[94mHttpSession.cpp[0m:[95m96[0m [96mhandleRequest[0m] Got request: GET /ndt/get_graph_data
[2026-09-01 03:10:00.721] [info] [[94mHttpSession.cpp[0m:[95m531[0m [96mhandleGetGraphData[0m] Handle Get Graph Data
[2026-09-01 03:10:00.742] [info] [[94mHttpSession.cpp[0m:[95m576[0m [96mhandleGetGraphData[0m] get_graph_data success
[2026-09-01 03:10:00.970] [info] [[94mControllerAndOtherEventHandler.cpp[0m:[95m239[0m [96moperator()[0m] Accepted new connection
[2026-09-01 03:10:00.971] [info] [[94mHttpSession.cpp[0m:[95m96[0m [96mhandleRequest[0m] Got request: GET /ndt/get_graph_data
[2026-09-01 03:10:00.971] [info] [[94mHttpSession.cpp[0m:[95m531[0m [96mhandleGetGraphData[0m] Handle Get Graph Data
[2026-09-01 03:10:00.988] [info] [[94mHttpSession.cpp[0m:[95m576[0m [96mhandleGetGraphData[0m] get_graph_data success
[2026-09-01 03:10:01.221] [info] [[94mControllerAndOtherEventHandler.cpp[0m:[95m239[0m [96moperator()[0m] Accepted new connection
[2026-09-01 03:10:01.221] [info] [[94mHttpSession.cpp[0m:[95m96[0m [96mhandleRequest[0m] Got request: GET /ndt/get_graph_data
[2026-09-01 03:10:01.221] [info] [[94mHttpSession.cpp[0m:[95m531[0m [96mhandleGetGraphData[0m] Handle Get Graph Data
[2026-09-01 03:10:01.236] [info] [[94mHttpSession.cpp[0m:[95m576[0m [96mhandleGetGraphData[0m] get_graph_data success
[2026-09-01 03:10:01.471] [info] [[94mControllerAndOtherEventHandler.cpp[0m:[95m239[0m [96moperator()[0m] Accepted new connection
[2026-09-01 03:10:01.471] [info] [[94mHttpSession.cpp[0m:[95m96[0m [96mhandleRequest[0m] Got request: GET /ndt/get_graph_data
[2026-09-01 03:10:01.471] [info] [[94mHttpSession.cpp[0m:[95m531[0m [96mhandleGetGraphData[0m] Handle Get Graph Data
[2026-09-01 03:10:01.487] [info] [[94mHttpSession.cpp[0m:[95m576[0m [96mhandleGetGraphData[0m] get_graph_data success
[2026-09-01 03:10:01.721] [info] [[94mControllerAndOtherEventHandler.cpp[0m:[95m239[0m [96moperator()[0m] Accepted new connection
[2026-09-01 03:10:01.721] [info] [[94mHttpSession.cpp[0m:[95m96[0m [96mhandleRequest[0m] Got request: GET /ndt/get_graph_data
[2026-09-01 03:10:01.721] [info] [[94mHttpSession.cpp[0m:[95m531[0m [96mhandleGetGraphData[0m] Handle Get Graph Data
[2026-09-01 03:10:01.742] [info] [[94mHttpSession.cpp[0m:[95m576[0m [96mhandleGetGraphData[0m] get_graph_data success
[2026-09-01 03:10:01.971] [info] [[94mControllerAndOtherEventHandler.cpp[0m:[95m239[0m [96moperator()[0m] Accepted new connection
[2026-09-01 03:10:01.971] [info] [[94mHttpSession.cpp[0m:[95m96[0m [96mhandleRequest[0m] Got request: GET /ndt/get_graph_data
[2026-09-01 03:10:01.971] [info] [[94mHttpSession.cpp[0m:[95m531[0m [96mhandleGetGraphData[0m] Handle Get Graph Data
[2026-09-01 03:10:01.993] [info] [[94mHttpSession.cpp[0m:[95m576[0m [96mhandleGetGraphData[0m] get_graph_data success
[2026-09-01 03:10:02.221] [info] [[94mControllerAndOtherEventHandler.cpp[0m:[95m239[0m [96moperator()[0m] Accepted new connection
[2026-09-01 03:10:02.221] [info] [[94mHttpSession.cpp[0m:[95m96[0m [96mhandleRequest[0m] Got request: GET /ndt/get_graph_data
[2026-09-01 03:10:02.221] [info] [[94mHttpSession.cpp[0m:[95m531[0m [96mhandleGetGraphData[0m] Handle Get Graph Data
[2026-09-01 03:10:02.238] [info] [[94mHttpSession.cpp[0m:[95m576[0m [96mhandleGetGraphData[0m] get_graph_data success
[2026-09-01 03:10:02.471] [info] [[94mControllerAndOtherEventHandler.cpp[0m:[95m239[0m [96moperator()[0m] Accepted new connection
[2026-09-01 03:10:02.471] [info] [[94mHttpSession.cpp[0m:[95m96[0m [96mhandleRequest[0m] Got request: GET /ndt/get_graph_data
[2026-09-01 03:10:02.471] [info] [[94mHttpSession.cpp[0m:[95m531[0m [96mhandleGetGraphData[0m] Handle Get Graph Data
[2026-09-01 03:10:02.490] [info] [[94mHttpSession.cpp[0m:[95m576[0m [96mhandleGetGraphData[0m] get_graph_data success
[2026-09-01 03:10:02.721] [info] [[94mControllerAndOtherEventHandler.cpp[0m:[95m239[0m [96moperator()[0m] Accepted new connection
[2026-09-01 03:10:02.721] [info] [[94mHttpSession.cpp[0m:[95m96[0m [96mhandleRequest[0m] Got request: GET /ndt/get_graph_data
[2026-09-01 03:10:02.721] [info] [[94mHttpSession.cpp[0m:[95m531[0m [96mhandleGetGraphData[0m] Handle Get Graph Data
[2026-09-01 03:10:02.737] [info] [[94mHttpSession.cpp[0m:[95m576[0m [96mhandleGetGraphData[0m] get_graph_data success
[2026-09-01 03:10:02.972] [info] [[94mControllerAndOtherEventHandler.cpp[0m:[95m239[0m [96moperator()[0m] Accepted new connection
[2026-09-01 03:10:02.972] [info] [[94mHttpSession.cpp[0m:[95m96[0m [96mhandleRequest[0m] Got request: GET /ndt/get_graph_data
[2026-09-01 03:10:02.972] [info] [[94mHttpSession.cpp[0m:[95m531[0m [96mhandleGetGraphData[0m] Handle Get Graph Data
[2026-09-01 03:10:02.990] [info] [[94mHttpSession.cpp[0m:[95m576[0m [96mhandleGetGraphData[0m] get_graph_data success
[2026-09-01 03:10:03.221] [info] [[94mControllerAndOtherEventHandler.cpp[0m:[95m239[0m [96moperator()[0m] Accepted new connection
[2026-09-01 03:10:03.221] [info] [[94mHttpSession.cpp[0m:[95m96[0m [96mhandleRequest[0m] Got request: GET /ndt/get_graph_data
[2026-09-01 03:10:03.221] [info] [[94mHttpSession.cpp[0m:[95m531[0m [96mhandleGetGraphData[0m] Handle Get Graph Data
[2026-09-01 03:10:03.237] [info] [[94mHttpSession.cpp[0m:[95m576[0m [96mhandleGetGraphData[0m] get_graph_data success
[2026-09-01 03:10:03.471] [info] [[94mControllerAndOtherEventHandler.cpp[0m:[95m239[0m [96moperator()[0m] Accepted new connection
[2026-09-01 03:10:03.471] [info] [[94mHttpSession.cpp[0m:[95m96[0m [96mhandleRequest[0m] Got request: GET /ndt/get_graph_data
[2026-09-01 03:10:03.471] [info] [[94mHttpSession.cpp[0m:[95m531[0m [96mhandleGetGraphData[0m] Handle Get Graph Data
[2026-09-01 03:10:03.487] [info] [[94mHttpSession.cpp[0m:[95m576[0m [96mhandleGetGraphData[0m] get_graph_data success
[2026-09-01 03:10:03.722] [info] [[94mControllerAndOtherEventHandler.cpp[0m:[95m239[0m [96moperator()[0m] Accepted new connection
[2026-09-01 03:10:03.722] [info] [[94mHttpSession.cpp[0m:[95m96[0m [96mhandleRequest[0m] Got request: GET /ndt/get_graph_data
[2026-09-01 03:10:03.722] [info] [[94mHttpSession.cpp[0m:[95m531[0m [96mhandleGetGraphData[0m] Handle Get Graph Data
[2026-09-01 03:10:03.739] [info] [[94mHttpSession.cpp[0m:[95m576[0m [96mhandleGetGraphData[0m] get_graph_data success
[2026-09-01 03:10:03.971] [info] [[94mControllerAndOtherEventHandler.cpp[0m:[95m239[0m [96moperator()[0m] Accepted new connection
[2026-09-01 03:10:03.971] [info] [[94mHttpSession.cpp[0m:[95m96[0m [96mhandleRequest[0m] Got request: GET /ndt/get_graph_data
[2026-09-01 03:10:03.972] [info] [[94mHttpSession.cpp[0m:[95m531[0m [96mhandleGetGraphData[0m] Handle Get Graph Data
[2026-09-01 03:10:03.992] [info] [[94mHttpSession.cpp[0m:[95m576[0m [96mhandleGetGraphData[0m] get_graph_data success
[2026-09-01 03:10:04.221] [info] [[94mControllerAndOtherEventHandler.cpp[0m:[95m239[0m [96moperator()[0m] Accepted new connection
[2026-09-01 03:10:04.222] [info] [[94mHttpSession.cpp[0m:[95m96[0m [96mhandleRequest[0m] Got request: GET /ndt/get_graph_data
[2026-09-01 03:10:04.222] [info] [[94mHttpSession.cpp[0m:[95m531[0m [96mhandleGetGraphData[0m] Handle Get Graph Data
[2026-09-01 03:10:04.241] [info] [[94mHttpSession.cpp[0m:[95m576[0m [96mhandleGetGraphData[0m] get_graph_data success
[2026-09-01 03:10:04.471] [info] [[94mControllerAndOtherEventHandler.cpp[0m:[95m239[0m [96moperator()[0m] Accepted new connection
[2026-09-01 03:10:04.471] [info] [[94mHttpSession.cpp[0m:[95m96[0m [96mhandleRequest[0m] Got request: GET /ndt/get_graph_data
[2026-09-01 03:10:04.471] [info] [[94mHttpSession.cpp[0m:[95m531[0m [96mhandleGetGraphData[0m] Handle Get Graph Data
[2026-09-01 03:10:04.492] [info] [[94mHttpSession.cpp[0m:[95m576[0m [96mhandleGetGraphData[0m] get_graph_data success
[2026-09-01 03:10:04.722] [info] [[94mControllerAndOtherEventHandler.cpp[0m:[95m239[0m [96moperator()[0m] Accepted new connection
[2026-09-01 03:10:04.722] [info] [[94mHttpSession.cpp[0m:[95m96[0m [96mhandleRequest[0m] Got request: GET /ndt/get_graph_data
[2026-09-01 03:10:04.722] [info] [[94mHttpSession.cpp[0m:[95m531[0m [96mhandleGetGraphData[0m] Handle Get Graph Data
[2026-09-01 03:10:04.743] [info] [[94mHttpSession.cpp[0m:[95m576[0m [96mhandleGetGraphData[0m] get_graph_data success
[2026-09-01 03:10:04.971] [info] [[94mControllerAndOtherEventHandler.cpp[0m:[95m239[0m [96moperator()[0m] Accepted new connection
[2026-09-01 03:10:04.972] [info] [[94mHttpSession.cpp[0m:[95m96[0m [96mhandleRequest[0m] Got request: GET /ndt/get_graph_data
[2026-09-01 03:10:04.972] [info] [[94mHttpSession.cpp[0m:[95m531[0m [96mhandleGetGraphData[0m] Handle Get Graph Data
[2026-09-01 03:10:04.993] [info] [[94mHttpSession.cpp[0m:[95m576[0m [96mhandleGetGraphData[0m] get_graph_data success
[2026-09-01 03:10:05.222] [info] [[94mControllerAndOtherEventHandler.cpp[0m:[95m239[0m [96moperator()[0m] Accepted new connection
[2026-09-01 03:10:05.222] [info] [[94mHttpSession.cpp[0m:[95m96[0m [96mhandleRequest[0m] Got request: GET /ndt/get_graph_data
[2026-09-01 03:10:05.222] [info] [[94mHttpSession.cpp[0m:[95m531[0m [96mhandleGetGraphData[0m] Handle Get Graph Data
[2026-09-01 03:10:05.244] [info] [[94mHttpSession.cpp[0m:[95m576[0m [96mhandleGetGraphData[0m] get_graph_data success
[2026-09-01 03:10:05.472] [info] [[94mControllerAndOtherEventHandler.cpp[0m:[95m239[0m [96moperator()[0m] Accepted new connection
[2026-09-01 03:10:05.472] [info] [[94mHttpSession.cpp[0m:[95m96[0m [96mhandleRequest[0m] Got request: GET /ndt/get_graph_data
[2026-09-01 03:10:05.472] [info] [[94mHttpSession.cpp[0m:[95m531[0m [96mhandleGetGraphData[0m] Handle Get Graph Data
[2026-09-01 03:10:05.493] [info] [[94mHttpSession.cpp[0m:[95m576[0m [96mhandleGetGraphData[0m] get_graph_data success
[2026-09-01 03:10:05.722] [info] [[94mControllerAndOtherEventHandler.cpp[0m:[95m239[0m [96moperator()[0m] Accepted new connection
[2026-09-01 03:10:05.722] [info] [[94mHttpSession.cpp[0m:[95m96[0m [96mhandleRequest[0m] Got request: GET /ndt/get_graph_data
[2026-09-01 03:10:05.722] [info] [[94mHttpSession.cpp[0m:[95m531[0m [96mhandleGetGraphData[0m] Handle Get Graph Data
[2026-09-01 03:10:05.741] [info] [[94mHttpSession.cpp[0m:[95m576[0m [96mhandleGetGraphData[0m] get_graph_data success
[2026-09-01 03:10:05.973] [info] [[94mControllerAndOtherEventHandler.cpp[0m:[95m239[0m [96moperator()[0m] Accepted new connection
[2026-09-01 03:10:05.973] [info] [[94mHttpSession.cpp[0m:[95m96[0m [96mhandleRequest[0m] Got request: GET /ndt/get_graph_data
[2026-09-01 03:10:05.973] [info] [[94mHttpSession.cpp[0m:[95m531[0m [96mhandleGetGraphData[0m] Handle Get Graph Data
[2026-09-01 03:10:05.994] [info] [[94mHttpSession.cpp[0m:[95m576[0m [96mhandleGetGraphData[0m] get_graph_data success
[2026-09-01 03:10:06.222] [info] [[94mControllerAndOtherEventHandler.cpp[0m:[95m239[0m [96moperator()[0m] Accepted new connection
[2026-09-01 03:10:06.222] [info] [[94mHttpSession.cpp[0m:[95m96[0m [96mhandleRequest[0m] Got request: GET /ndt/get_graph_data
[2026-09-01 03:10:06.222] [info] [[94mHttpSession.cpp[0m:[95m531[0m [96mhandleGetGraphData[0m] Handle Get Graph Data
[2026-09-01 03:10:06.239] [info] [[94mHttpSession.cpp[0m:[95m576[0m [96mhandleGetGraphData[0m] get_graph_data success
[2026-09-01 03:10:06.473] [info] [[94mControllerAndOtherEventHandler.cpp[0m:[95m239[0m [96moperator()[0m] Accepted new connection
[2026-09-01 03:10:06.473] [info] [[94mHttpSession.cpp[0m:[95m96[0m [96mhandleRequest[0m] Got request: GET /ndt/get_graph_data
[2026-09-01 03:10:06.473] [info] [[94mHttpSession.cpp[0m:[95m531[0m [96mhandleGetGraphData[0m] Handle Get Graph Data
[2026-09-01 03:10:06.494] [info] [[94mHttpSession.cpp[0m:[95m576[0m [96mhandleGetGraphData[0m] get_graph_data success
[2026-09-01 03:10:06.722] [info] [[94mControllerAndOtherEventHandler.cpp[0m:[95m239[0m [96moperator()[0m] Accepted new connection
[2026-09-01 03:10:06.723] [info] [[94mHttpSession.cpp[0m:[95m96[0m [96mhandleRequest[0m] Got request: GET /ndt/get_graph_data
[2026-09-01 03:10:06.723] [info] [[94mHttpSession.cpp[0m:[95m531[0m [96mhandleGetGraphData[0m] Handle Get Graph Data
[2026-09-01 03:10:06.742] [info] [[94mHttpSession.cpp[0m:[95m576[0m [96mhandleGetGraphData[0m] get_graph_data success
[2026-09-01 03:10:06.973] [info] [[94mControllerAndOtherEventHandler.cpp[0m:[95m239[0m [96moperator()[0m] Accepted new connection
[2026-09-01 03:10:06.973] [info] [[94mHttpSession.cpp[0m:[95m96[0m [96mhandleRequest[0m] Got request: GET /ndt/get_graph_data
[2026-09-01 03:10:06.973] [info] [[94mHttpSession.cpp[0m:[95m531[0m [96mhandleGetGraphData[0m] Handle Get Graph Data
[2026-09-01 03:10:06.989] [info] [[94mHttpSession.cpp[0m:[95m576[0m [96mhandleGetGraphData[0m] get_graph_data success
[2026-09-01 03:10:07.223] [info] [[94mControllerAndOtherEventHandler.cpp[0m:[95m239[0m [96moperator()[0m] Accepted new connection
[2026-09-01 03:10:07.223] [info] [[94mHttpSession.cpp[0m:[95m96[0m [96mhandleRequest[0m] Got request: GET /ndt/get_graph_data
[2026-09-01 03:10:07.223] [info] [[94mHttpSession.cpp[0m:[95m531[0m [96mhandleGetGraphData[0m] Handle Get Graph Data
[2026-09-01 03:10:07.240] [info] [[94mHttpSession.cpp[0m:[95m576[0m [96mhandleGetGraphData[0m] get_graph_data success
[2026-09-01 03:10:07.473] [info] [[94mControllerAndOtherEventHandler.cpp[0m:[95m239[0m [96moperator()[0m] Accepted new connection
[2026-09-01 03:10:07.473] [info] [[94mHttpSession.cpp[0m:[95m96[0m [96mhandleRequest[0m] Got request: GET /ndt/get_graph_data
[2026-09-01 03:10:07.473] [info] [[94mHttpSession.cpp[0m:[95m531[0m [96mhandleGetGraphData[0m] Handle Get Graph Data
[2026-09-01 03:10:07.492] [info] [[94mHttpSession.cpp[0m:[95m576[0m [96mhandleGetGraphData[0m] get_graph_data success
[2026-09-01 03:10:07.723] [info] [[94mControllerAndOtherEventHandler.cpp[0m:[95m239[0m [96moperator()[0m] Accepted new connection
[2026-09-01 03:10:07.723] [info] [[94mHttpSession.cpp[0m:[95m96[0m [96mhandleRequest[0m] Got request: GET /ndt/get_graph_data
[2026-09-01 03:10:07.723] [info] [[94mHttpSession.cpp[0m:[95m531[0m [96mhandleGetGraphData[0m] Handle Get Graph Data
[2026-09-01 03:10:07.743] [info] [[94mHttpSession.cpp[0m:[95m576[0m [96mhandleGetGraphData[0m] get_graph_data success
[2026-09-01 03:10:07.973] [info] [[94mControllerAndOtherEventHandler.cpp[0m:[95m239[0m [96moperator()[0m] Accepted new connection
[2026-09-01 03:10:07.973] [info] [[94mHttpSession.cpp[0m:[95m96[0m [96mhandleRequest[0m] Got request: GET /ndt/get_graph_data
[2026-09-01 03:10:07.973] [info] [[94mHttpSession.cpp[0m:[95m531[0m [96mhandleGetGraphData[0m] Handle Get Graph Data
[2026-09-01 03:10:07.994] [info] [[94mHttpSession.cpp[0m:[95m576[0m [96mhandleGetGraphData[0m] get_graph_data success
[2026-09-01 03:10:08.223] [info] [[94mControllerAndOtherEventHandler.cpp[0m:[95m239[0m [96moperator()[0m] Accepted new connection
[2026-09-01 03:10:08.223] [info] [[94mHttpSession.cpp[0m:[95m96[0m [96mhandleRequest[0m] Got request: GET /ndt/get_graph_data
[2026-09-01 03:10:08.223] [info] [[94mHttpSession.cpp[0m:[95m531[0m [96mhandleGetGraphData[0m] Handle Get Graph Data
[2026-09-01 03:10:08.244] [info] [[94mHttpSession.cpp[0m:[95m576[0m [96mhandleGetGraphData[0m] get_graph_data success
[2026-09-01 03:10:08.474] [info] [[94mControllerAndOtherEventHandler.cpp[0m:[95m239[0m [96moperator()[0m] Accepted new connection
[2026-09-01 03:10:08.474] [info] [[94mHttpSession.cpp[0m:[95m96[0m [96mhandleRequest[0m] Got request: GET /ndt/get_graph_data
[2026-09-01 03:10:08.474] [info] [[94mHttpSession.cpp[0m:[95m531[0m [96mhandleGetGraphData[0m] Handle Get Graph Data
[2026-09-01 03:10:08.494] [info] [[94mHttpSession.cpp[0m:[95m576[0m [96mhandleGetGraphData[0m] get_graph_data success
[2026-09-01 03:10:08.723] [info] [[94mControllerAndOtherEventHandler.cpp[0m:[95m239[0m [96moperator()[0m] Accepted new connection
[2026-09-01 03:10:08.724] [info] [[94mHttpSession.cpp[0m:[95m96[0m [96mhandleRequest[0m] Got request: GET /ndt/get_graph_data
[2026-09-01 03:10:08.724] [info] [[94mHttpSession.cpp[0m:[95m531[0m [96mhandleGetGraphData[0m] Handle Get Graph Data
[2026-09-01 03:10:08.744] [info] [[94mHttpSession.cpp[0m:[95m576[0m [96mhandleGetGraphData[0m] get_graph_data success
[2026-09-01 03:10:08.973] [info] [[94mControllerAndOtherEventHandler.cpp[0m:[95m239[0m [96moperator()[0m] Accepted new connection
[2026-09-01 03:10:08.973] [info] [[94mHttpSession.cpp[0m:[95m96[0m [96mhandleRequest[0m] Got request: GET /ndt/get_graph_data
[2026-09-01 03:10:08.973] [info] [[94mHttpSession.cpp[0m:[95m531[0m [96mhandleGetGraphData[0m] Handle Get Graph Data
[2026-09-01 03:10:08.995] [info] [[94mHttpSession.cpp[0m:[95m576[0m [96mhandleGetGraphData[0m] get_graph_data success
[2026-09-01 03:10:09.223] [info] [[94mControllerAndOtherEventHandler.cpp[0m:[95m239[0m [96moperator()[0m] Accepted new connection
[2026-09-01 03:10:09.223] [info] [[94mHttpSession.cpp[0m:[95m96[0m [96mhandleRequest[0m] Got request: GET /ndt/get_graph_data
[2026-09-01 03:10:09.223] [info] [[94mHttpSession.cpp[0m:[95m531[0m [96mhandleGetGraphData[0m] Handle Get Graph Data
[2026-09-01 03:10:09.241] [info] [[94mHttpSession.cpp[0m:[95m576[0m [96mhandleGetGraphData[0m] get_graph_data success
[2026-09-01 03:10:09.473] [info] [[94mControllerAndOtherEventHandler.cpp[0m:[95m239[0m [96moperator()[0m] Accepted new connection
[2026-09-01 03:10:09.473] [info] [[94mHttpSession.cpp[0m:[95m96[0m [96mhandleRequest[0m] Got request: GET /ndt/get_graph_data
[2026-09-01 03:10:09.473] [info] [[94mHttpSession.cpp[0m:[95m531[0m [96mhandleGetGraphData[0m] Handle Get Graph Data
[2026-09-01 03:10:09.491] [info] [[94mHttpSession.cpp[0m:[95m576[0m [96mhandleGetGraphData[0m] get_graph_data success
[2026-09-01 03:10:09.723] [info] [[94mControllerAndOtherEventHandler.cpp[0m:[95m239[0m [96moperator()[0m] Accepted new connection
[2026-09-01 03:10:09.723] [info] [[94mHttpSession.cpp[0m:[95m96[0m [96mhandleRequest[0m] Got request: GET /ndt/get_graph_data
[2026-09-01 03:10:09.723] [info] [[94mHttpSession.cpp[0m:[95m531[0m [96mhandleGetGraphData[0m] Handle Get Graph Data
[2026-09-01 03:10:09.745] [info] [[94mHttpSession.cpp[0m:[95m576[0m [96mhandleGetGraphData[0m] get_graph_data success
[2026-09-01 03:10:09.974] [info] [[94mControllerAndOtherEventHandler.cpp[0m:[95m239[0m [96moperator()[0m] Accepted new connection
[2026-09-01 03:10:09.974] [info] [[94mHttpSession.cpp[0m:[95m96[0m [96mhandleRequest[0m] Got request: GET /ndt/get_graph_data
[2026-09-01 03:10:09.974] [info] [[94mHttpSession.cpp[0m:[95m531[0m [96mhandleGetGraphData[0m] Handle Get Graph Data
[2026-09-01 03:10:09.995] [info] [[94mHttpSession.cpp[0m:[95m576[0m [96mhandleGetGraphData[0m] get_graph_data success
