[2026-09-01 05:17:24.932] [info] [[94mmain.cpp[0m:[95m299[0m [96mmain[0m] Logger Loads Successfully! level
Running in Mininet environment.
[2026-09-01 05:17:24.932] [info] [[94mmain.cpp[0m:[95m311[0m [96mmain[0m] Topology file: /home/adam/Desktop/NDTwin-Kernel/setting/StaticNetworkTopologyP4_10Switches_128Hosts.json
[2026-09-01 05:17:24.932] [info] [[94mmain.cpp[0m:[95m358[0m [96mmain[0m] IntentTranslator is disabled by user.
[2026-09-01 05:17:24.932] [info] [[94mApplicationManager.cpp[0m:[95m410[0m [96mcleanupStaleEntries[0m] Checking for stale NFS entries in /srv/nfs/sim
[2026-09-01 05:17:24.932] [warning] [[94mApplicationManager.cpp[0m:[95m426[0m [96mcleanupStaleEntries[0m] Found stale application folder from a previous run: /srv/nfs/sim/3
[2026-09-01 05:17:24.932] [warning] [[94mApplicationManager.cpp[0m:[95m361[0m [96mcleanupAppFolder[0m] Leaving /srv/nfs/sim/3 in place: /srv/nfs/sim/3/energy_saving_simulator/1.0/case4/input belongs to a squashed NFS client, so removing it needs root. The next registration that reuses this app id will reuse the folder rather than recreate it.
[2026-09-01 05:17:24.932] [warning] [[94mApplicationManager.cpp[0m:[95m426[0m [96mcleanupStaleEntries[0m] Found stale application folder from a previous run: /srv/nfs/sim/1
[2026-09-01 05:17:24.932] [warning] [[94mApplicationManager.cpp[0m:[95m361[0m [96mcleanupAppFolder[0m] Leaving /srv/nfs/sim/1 in place: /srv/nfs/sim/1/energy_saving_simulator/1.0/case4/input belongs to a squashed NFS client, so removing it needs root. The next registration that reuses this app id will reuse the folder rather than recreate it.
[2026-09-01 05:17:24.932] [warning] [[94mApplicationManager.cpp[0m:[95m426[0m [96mcleanupStaleEntries[0m] Found stale application folder from a previous run: /srv/nfs/sim/2
[2026-09-01 05:17:24.932] [warning] [[94mApplicationManager.cpp[0m:[95m361[0m [96mcleanupAppFolder[0m] Leaving /srv/nfs/sim/2 in place: /srv/nfs/sim/2/energy_saving_simulator/1.0/case4/input belongs to a squashed NFS client, so removing it needs root. The next registration that reuses this app id will reuse the folder rather than recreate it.
[2026-09-01 05:17:24.933] [info] [[94mFlowLinkUsageCollector.cpp[0m:[95m472[0m [96mstart[0m] Collector Starts Up
[2026-09-01 05:17:24.933] [info] [[94mTopologyAndFlowMonitor.cpp[0m:[95m2133[0m [96mrun[0m] TopologyAndFlowMonitor Run
[2026-09-01 05:17:24.933] [info] [[94mTopologyAndFlowMonitor.cpp[0m:[95m211[0m [96mloadStaticTopologyFromFile[0m] Load Static Topology File
[2026-09-01 05:17:24.933] [info] [[94mFlowLinkUsageCollector.cpp[0m:[95m466[0m [96mlog_thread_ids[0m] [calAvgFlowSendingRatesPeriodically] pid=489612 tid=489620
[2026-09-01 05:17:24.933] [info] [[94mFlowLinkUsageCollector.cpp[0m:[95m466[0m [96mlog_thread_ids[0m] [run] pid=489612 tid=489619
[2026-09-01 05:17:24.933] [info] [[94mFlowLinkUsageCollector.cpp[0m:[95m466[0m [96mlog_thread_ids[0m] [testCalAvgFlowSendingRatesRandomly] pid=489612 tid=489621
[2026-09-01 05:17:24.933] [info] [[94mFlowLinkUsageCollector.cpp[0m:[95m708[0m [96mrun[0m] Run with 20 workers
[2026-09-01 05:17:24.933] [info] [[94mFlowLinkUsageCollector.cpp[0m:[95m466[0m [96mlog_thread_ids[0m] [purgeIdleFlows] pid=489612 tid=489622
[2026-09-01 05:17:24.933] [info] [[94mFlowLinkUsageCollector.cpp[0m:[95m466[0m [96mlog_thread_ids[0m] [calFlowPathByQueried] pid=489612 tid=489623
[2026-09-01 05:17:24.933] [info] [[94mDeviceConfigurationAndPowerManager.cpp[0m:[95m121[0m [96mstart[0m] DeviceConfigurationAndPowerManager Starts Up
[2026-09-01 05:17:24.933] [info] [[94mControllerAndOtherEventHandler.cpp[0m:[95m196[0m [96mrunServer[0m] Server Listening on port 8000
[2026-09-01 05:17:24.934] [info] [[94mFlowLinkUsageCollector.cpp[0m:[95m749[0m [96mrun[0m] Listening for sFlow on UDP port 6343
[2026-09-01 05:17:24.948] [info] [[94mTopologyAndFlowMonitor.cpp[0m:[95m1266[0m [96mvalidateDataPlaneHomogeneity[0m] Data plane: bmv2 (10 switch(es))
[2026-09-01 05:17:24.949] [info] [[94mTopologyAndFlowMonitor.cpp[0m:[95m145[0m [96mconfigureTopologyApiUrls[0m] All-bmv2 topology: polling http://localhost:8081/v1.0/topology for switch/host/link state instead of Ryu.
[2026-09-01 05:17:25.436] [info] [[94mControllerAndOtherEventHandler.cpp[0m:[95m239[0m [96moperator()[0m] Accepted new connection
[2026-09-01 05:17:25.436] [info] [[94mHttpSession.cpp[0m:[95m402[0m [96mcloseSocket[0m] Close Socket
[2026-09-01 05:17:25.609] [info] [[94mTopologyAndFlowMonitor.cpp[0m:[95m2155[0m [96mrun[0m] topology from the control plane: 10 switches, 128 hosts, 288 edges up
[2026-09-01 05:17:30.596] [info] [[94mFlowLinkUsageCollector.cpp[0m:[95m2558[0m [96mfetchAllDestinationPaths[0m] Pulled 16256 paths from controller
[2026-09-01 05:17:30.640] [info] [[94mFlowLinkUsageCollector.cpp[0m:[95m566[0m [96mrefreshDestinationPathsPeriodically[0m] Destination paths loaded from localhost:8081 (16256 pairs); path and switch-count queries will answer from now on.
[2026-09-01 05:17:31.023] [info] [[94mControllerAndOtherEventHandler.cpp[0m:[95m239[0m [96moperator()[0m] Accepted new connection
[2026-09-01 05:17:31.024] [info] [[94mHttpSession.cpp[0m:[95m96[0m [96mhandleRequest[0m] Got request: GET /ndt/get_graph_data
[2026-09-01 05:17:31.024] [info] [[94mHttpSession.cpp[0m:[95m531[0m [96mhandleGetGraphData[0m] Handle Get Graph Data
[2026-09-01 05:17:31.043] [info] [[94mHttpSession.cpp[0m:[95m576[0m [96mhandleGetGraphData[0m] get_graph_data success
[2026-09-01 05:17:31.045] [info] [[94mHttpSession.cpp[0m:[95m402[0m [96mcloseSocket[0m] Close Socket
[2026-09-01 05:17:31.318] [info] [[94mControllerAndOtherEventHandler.cpp[0m:[95m239[0m [96moperator()[0m] Accepted new connection
[2026-09-01 05:17:31.318] [info] [[94mHttpSession.cpp[0m:[95m96[0m [96mhandleRequest[0m] Got request: GET /ndt/inform_switch_entered?dpid=1
[2026-09-01 05:17:31.318] [info] [[94mHttpSession.cpp[0m:[95m1230[0m [96mhandleInformSwitchEntered[0m] Handle Inform Switch Entered
[2026-09-01 05:17:31.319] [info] [[94mHttpSession.cpp[0m:[95m96[0m [96mhandleRequest[0m] Got request: GET /ndt/inform_switch_entered?dpid=2
[2026-09-01 05:17:31.319] [info] [[94mHttpSession.cpp[0m:[95m1230[0m [96mhandleInformSwitchEntered[0m] Handle Inform Switch Entered
[2026-09-01 05:17:31.320] [info] [[94mHttpSession.cpp[0m:[95m96[0m [96mhandleRequest[0m] Got request: GET /ndt/inform_switch_entered?dpid=3
[2026-09-01 05:17:31.320] [info] [[94mHttpSession.cpp[0m:[95m1230[0m [96mhandleInformSwitchEntered[0m] Handle Inform Switch Entered
[2026-09-01 05:17:31.321] [info] [[94mHttpSession.cpp[0m:[95m96[0m [96mhandleRequest[0m] Got request: GET /ndt/inform_switch_entered?dpid=4
[2026-09-01 05:17:31.321] [info] [[94mHttpSession.cpp[0m:[95m1230[0m [96mhandleInformSwitchEntered[0m] Handle Inform Switch Entered
[2026-09-01 05:17:31.322] [info] [[94mHttpSession.cpp[0m:[95m96[0m [96mhandleRequest[0m] Got request: GET /ndt/inform_switch_entered?dpid=5
[2026-09-01 05:17:31.322] [info] [[94mHttpSession.cpp[0m:[95m1230[0m [96mhandleInformSwitchEntered[0m] Handle Inform Switch Entered
[2026-09-01 05:17:31.323] [info] [[94mHttpSession.cpp[0m:[95m96[0m [96mhandleRequest[0m] Got request: GET /ndt/inform_switch_entered?dpid=6
[2026-09-01 05:17:31.323] [info] [[94mHttpSession.cpp[0m:[95m1230[0m [96mhandleInformSwitchEntered[0m] Handle Inform Switch Entered
[2026-09-01 05:17:31.324] [info] [[94mHttpSession.cpp[0m:[95m96[0m [96mhandleRequest[0m] Got request: GET /ndt/inform_switch_entered?dpid=7
[2026-09-01 05:17:31.324] [info] [[94mHttpSession.cpp[0m:[95m1230[0m [96mhandleInformSwitchEntered[0m] Handle Inform Switch Entered
[2026-09-01 05:17:31.325] [info] [[94mHttpSession.cpp[0m:[95m96[0m [96mhandleRequest[0m] Got request: GET /ndt/inform_switch_entered?dpid=8
[2026-09-01 05:17:31.325] [info] [[94mHttpSession.cpp[0m:[95m1230[0m [96mhandleInformSwitchEntered[0m] Handle Inform Switch Entered
[2026-09-01 05:17:31.326] [info] [[94mHttpSession.cpp[0m:[95m96[0m [96mhandleRequest[0m] Got request: GET /ndt/inform_switch_entered?dpid=9
[2026-09-01 05:17:31.326] [info] [[94mHttpSession.cpp[0m:[95m1230[0m [96mhandleInformSwitchEntered[0m] Handle Inform Switch Entered
[2026-09-01 05:17:31.326] [info] [[94mHttpSession.cpp[0m:[95m96[0m [96mhandleRequest[0m] Got request: GET /ndt/inform_switch_entered?dpid=10
[2026-09-01 05:17:31.326] [info] [[94mHttpSession.cpp[0m:[95m1230[0m [96mhandleInformSwitchEntered[0m] Handle Inform Switch Entered
[2026-09-01 05:17:52.435] [info] [[94mControllerAndOtherEventHandler.cpp[0m:[95m239[0m [96moperator()[0m] Accepted new connection
[2026-09-01 05:17:52.435] [info] [[94mHttpSession.cpp[0m:[95m96[0m [96mhandleRequest[0m] Got request: GET /ndt/get_graph_data
[2026-09-01 05:17:52.435] [info] [[94mHttpSession.cpp[0m:[95m531[0m [96mhandleGetGraphData[0m] Handle Get Graph Data
[2026-09-01 05:17:52.447] [info] [[94mHttpSession.cpp[0m:[95m576[0m [96mhandleGetGraphData[0m] get_graph_data success
[2026-09-01 05:17:52.449] [info] [[94mHttpSession.cpp[0m:[95m402[0m [96mcloseSocket[0m] Close Socket
[2026-09-01 05:17:54.727] [info] [[94mControllerAndOtherEventHandler.cpp[0m:[95m239[0m [96moperator()[0m] Accepted new connection
[2026-09-01 05:17:54.727] [info] [[94mHttpSession.cpp[0m:[95m96[0m [96mhandleRequest[0m] Got request: GET /ndt/get_graph_data
[2026-09-01 05:17:54.727] [info] [[94mHttpSession.cpp[0m:[95m531[0m [96mhandleGetGraphData[0m] Handle Get Graph Data
[2026-09-01 05:17:54.740] [info] [[94mHttpSession.cpp[0m:[95m576[0m [96mhandleGetGraphData[0m] get_graph_data success
[2026-09-01 05:17:54.743] [info] [[94mControllerAndOtherEventHandler.cpp[0m:[95m239[0m [96moperator()[0m] Accepted new connection
[2026-09-01 05:17:54.743] [info] [[94mHttpSession.cpp[0m:[95m96[0m [96mhandleRequest[0m] Got request: GET /ndt/get_graph_data
[2026-09-01 05:17:54.743] [info] [[94mHttpSession.cpp[0m:[95m531[0m [96mhandleGetGraphData[0m] Handle Get Graph Data
[2026-09-01 05:17:54.753] [info] [[94mHttpSession.cpp[0m:[95m576[0m [96mhandleGetGraphData[0m] get_graph_data success
[2026-09-01 05:17:54.936] [info] [[94mFlowLinkUsageCollector.cpp[0m:[95m1807[0m [96mcalAvgFlowSendingRatesPeriodically[0m] rate loop period: last 29 iters mean 1000.1 ms | since start (29 iters) mean 1000.1 ms, min 1000.1, max 1000.2 (flows=0, counters=0) -- the LAST-N figure is the current denominator; the since-start one lags it
[2026-09-01 05:17:54.936] [info] [[94mFlowLinkUsageCollector.cpp[0m:[95m2016[0m [96mcalAvgFlowSendingRatesPeriodically[0m] rate divisor check: measured_interval_s=1.000218 divisor_used_s=-1.000000 (ticket Q gate: these must agree to 1%; a negative divisor means no rate has been published yet, which is not a pass)
[2026-09-01 05:17:54.994] [info] [[94mControllerAndOtherEventHandler.cpp[0m:[95m239[0m [96moperator()[0m] Accepted new connection
[2026-09-01 05:17:54.994] [info] [[94mHttpSession.cpp[0m:[95m96[0m [96mhandleRequest[0m] Got request: GET /ndt/get_graph_data
[2026-09-01 05:17:54.994] [info] [[94mHttpSession.cpp[0m:[95m531[0m [96mhandleGetGraphData[0m] Handle Get Graph Data
[2026-09-01 05:17:55.005] [info] [[94mHttpSession.cpp[0m:[95m576[0m [96mhandleGetGraphData[0m] get_graph_data success
[2026-09-01 05:17:55.244] [info] [[94mControllerAndOtherEventHandler.cpp[0m:[95m239[0m [96moperator()[0m] Accepted new connection
[2026-09-01 05:17:55.244] [info] [[94mHttpSession.cpp[0m:[95m96[0m [96mhandleRequest[0m] Got request: GET /ndt/get_graph_data
[2026-09-01 05:17:55.244] [info] [[94mHttpSession.cpp[0m:[95m531[0m [96mhandleGetGraphData[0m] Handle Get Graph Data
[2026-09-01 05:17:55.256] [info] [[94mHttpSession.cpp[0m:[95m576[0m [96mhandleGetGraphData[0m] get_graph_data success
[2026-09-01 05:17:55.494] [info] [[94mControllerAndOtherEventHandler.cpp[0m:[95m239[0m [96moperator()[0m] Accepted new connection
[2026-09-01 05:17:55.494] [info] [[94mHttpSession.cpp[0m:[95m96[0m [96mhandleRequest[0m] Got request: GET /ndt/get_graph_data
[2026-09-01 05:17:55.494] [info] [[94mHttpSession.cpp[0m:[95m531[0m [96mhandleGetGraphData[0m] Handle Get Graph Data
[2026-09-01 05:17:55.505] [info] [[94mHttpSession.cpp[0m:[95m576[0m [96mhandleGetGraphData[0m] get_graph_data success
[2026-09-01 05:17:55.744] [info] [[94mControllerAndOtherEventHandler.cpp[0m:[95m239[0m [96moperator()[0m] Accepted new connection
[2026-09-01 05:17:55.744] [info] [[94mHttpSession.cpp[0m:[95m96[0m [96mhandleRequest[0m] Got request: GET /ndt/get_graph_data
[2026-09-01 05:17:55.744] [info] [[94mHttpSession.cpp[0m:[95m531[0m [96mhandleGetGraphData[0m] Handle Get Graph Data
[2026-09-01 05:17:55.756] [info] [[94mHttpSession.cpp[0m:[95m576[0m [96mhandleGetGraphData[0m] get_graph_data success
[2026-09-01 05:17:55.994] [info] [[94mControllerAndOtherEventHandler.cpp[0m:[95m239[0m [96moperator()[0m] Accepted new connection
[2026-09-01 05:17:55.994] [info] [[94mHttpSession.cpp[0m:[95m96[0m [96mhandleRequest[0m] Got request: GET /ndt/get_graph_data
[2026-09-01 05:17:55.994] [info] [[94mHttpSession.cpp[0m:[95m531[0m [96mhandleGetGraphData[0m] Handle Get Graph Data
[2026-09-01 05:17:56.006] [info] [[94mHttpSession.cpp[0m:[95m576[0m [96mhandleGetGraphData[0m] get_graph_data success
[2026-09-01 05:17:56.244] [info] [[94mControllerAndOtherEventHandler.cpp[0m:[95m239[0m [96moperator()[0m] Accepted new connection
[2026-09-01 05:17:56.244] [info] [[94mHttpSession.cpp[0m:[95m96[0m [96mhandleRequest[0m] Got request: GET /ndt/get_graph_data
[2026-09-01 05:17:56.244] [info] [[94mHttpSession.cpp[0m:[95m531[0m [96mhandleGetGraphData[0m] Handle Get Graph Data
[2026-09-01 05:17:56.257] [info] [[94mHttpSession.cpp[0m:[95m576[0m [96mhandleGetGraphData[0m] get_graph_data success
[2026-09-01 05:17:56.494] [info] [[94mControllerAndOtherEventHandler.cpp[0m:[95m239[0m [96moperator()[0m] Accepted new connection
[2026-09-01 05:17:56.495] [info] [[94mHttpSession.cpp[0m:[95m96[0m [96mhandleRequest[0m] Got request: GET /ndt/get_graph_data
[2026-09-01 05:17:56.495] [info] [[94mHttpSession.cpp[0m:[95m531[0m [96mhandleGetGraphData[0m] Handle Get Graph Data
[2026-09-01 05:17:56.513] [info] [[94mHttpSession.cpp[0m:[95m576[0m [96mhandleGetGraphData[0m] get_graph_data success
[2026-09-01 05:17:56.711] [info] [[94mFlowLinkUsageCollector.cpp[0m:[95m238[0m [96mconfigurePortMapping[0m] All-bmv2 topology: using identity ifIndex->port mapping and skipping ovs-vsctl, which does not know about bmv2 interfaces.
[2026-09-01 05:17:56.744] [info] [[94mControllerAndOtherEventHandler.cpp[0m:[95m239[0m [96moperator()[0m] Accepted new connection
[2026-09-01 05:17:56.744] [info] [[94mHttpSession.cpp[0m:[95m96[0m [96mhandleRequest[0m] Got request: GET /ndt/get_graph_data
[2026-09-01 05:17:56.744] [info] [[94mHttpSession.cpp[0m:[95m531[0m [96mhandleGetGraphData[0m] Handle Get Graph Data
[2026-09-01 05:17:56.758] [info] [[94mHttpSession.cpp[0m:[95m576[0m [96mhandleGetGraphData[0m] get_graph_data success
[2026-09-01 05:17:56.937] [info] [[94mFlowLinkUsageCollector.cpp[0m:[95m2072[0m [96mcalAvgFlowSendingRatesPeriodically[0m] sFlow ingest healthy: rx=53, app_drop=0, addressed=416, sock_ovfl_total=0
[2026-09-01 05:17:56.994] [info] [[94mControllerAndOtherEventHandler.cpp[0m:[95m239[0m [96moperator()[0m] Accepted new connection
[2026-09-01 05:17:56.994] [info] [[94mHttpSession.cpp[0m:[95m96[0m [96mhandleRequest[0m] Got request: GET /ndt/get_graph_data
[2026-09-01 05:17:56.994] [info] [[94mHttpSession.cpp[0m:[95m531[0m [96mhandleGetGraphData[0m] Handle Get Graph Data
[2026-09-01 05:17:57.013] [info] [[94mHttpSession.cpp[0m:[95m576[0m [96mhandleGetGraphData[0m] get_graph_data success
[2026-09-01 05:17:57.245] [info] [[94mControllerAndOtherEventHandler.cpp[0m:[95m239[0m [96moperator()[0m] Accepted new connection
[2026-09-01 05:17:57.245] [info] [[94mHttpSession.cpp[0m:[95m96[0m [96mhandleRequest[0m] Got request: GET /ndt/get_graph_data
[2026-09-01 05:17:57.245] [info] [[94mHttpSession.cpp[0m:[95m531[0m [96mhandleGetGraphData[0m] Handle Get Graph Data
[2026-09-01 05:17:57.260] [info] [[94mHttpSession.cpp[0m:[95m576[0m [96mhandleGetGraphData[0m] get_graph_data success
[2026-09-01 05:17:57.495] [info] [[94mControllerAndOtherEventHandler.cpp[0m:[95m239[0m [96moperator()[0m] Accepted new connection
[2026-09-01 05:17:57.495] [info] [[94mHttpSession.cpp[0m:[95m96[0m [96mhandleRequest[0m] Got request: GET /ndt/get_graph_data
[2026-09-01 05:17:57.495] [info] [[94mHttpSession.cpp[0m:[95m531[0m [96mhandleGetGraphData[0m] Handle Get Graph Data
[2026-09-01 05:17:57.510] [info] [[94mHttpSession.cpp[0m:[95m576[0m [96mhandleGetGraphData[0m] get_graph_data success
[2026-09-01 05:17:57.745] [info] [[94mControllerAndOtherEventHandler.cpp[0m:[95m239[0m [96moperator()[0m] Accepted new connection
[2026-09-01 05:17:57.745] [info] [[94mHttpSession.cpp[0m:[95m96[0m [96mhandleRequest[0m] Got request: GET /ndt/get_graph_data
[2026-09-01 05:17:57.745] [info] [[94mHttpSession.cpp[0m:[95m531[0m [96mhandleGetGraphData[0m] Handle Get Graph Data
[2026-09-01 05:17:57.764] [info] [[94mHttpSession.cpp[0m:[95m576[0m [96mhandleGetGraphData[0m] get_graph_data success
[2026-09-01 05:17:57.995] [info] [[94mControllerAndOtherEventHandler.cpp[0m:[95m239[0m [96moperator()[0m] Accepted new connection
[2026-09-01 05:17:57.995] [info] [[94mHttpSession.cpp[0m:[95m96[0m [96mhandleRequest[0m] Got request: GET /ndt/get_graph_data
[2026-09-01 05:17:57.995] [info] [[94mHttpSession.cpp[0m:[95m531[0m [96mhandleGetGraphData[0m] Handle Get Graph Data
[2026-09-01 05:17:58.012] [info] [[94mHttpSession.cpp[0m:[95m576[0m [96mhandleGetGraphData[0m] get_graph_data success
[2026-09-01 05:17:58.245] [info] [[94mControllerAndOtherEventHandler.cpp[0m:[95m239[0m [96moperator()[0m] Accepted new connection
[2026-09-01 05:17:58.245] [info] [[94mHttpSession.cpp[0m:[95m96[0m [96mhandleRequest[0m] Got request: GET /ndt/get_graph_data
[2026-09-01 05:17:58.245] [info] [[94mHttpSession.cpp[0m:[95m531[0m [96mhandleGetGraphData[0m] Handle Get Graph Data
[2026-09-01 05:17:58.263] [info] [[94mHttpSession.cpp[0m:[95m576[0m [96mhandleGetGraphData[0m] get_graph_data success
[2026-09-01 05:17:58.496] [info] [[94mControllerAndOtherEventHandler.cpp[0m:[95m239[0m [96moperator()[0m] Accepted new connection
[2026-09-01 05:17:58.496] [info] [[94mHttpSession.cpp[0m:[95m96[0m [96mhandleRequest[0m] Got request: GET /ndt/get_graph_data
[2026-09-01 05:17:58.496] [info] [[94mHttpSession.cpp[0m:[95m531[0m [96mhandleGetGraphData[0m] Handle Get Graph Data
[2026-09-01 05:17:58.514] [info] [[94mHttpSession.cpp[0m:[95m576[0m [96mhandleGetGraphData[0m] get_graph_data success
[2026-09-01 05:17:58.746] [info] [[94mControllerAndOtherEventHandler.cpp[0m:[95m239[0m [96moperator()[0m] Accepted new connection
[2026-09-01 05:17:58.746] [info] [[94mHttpSession.cpp[0m:[95m96[0m [96mhandleRequest[0m] Got request: GET /ndt/get_graph_data
[2026-09-01 05:17:58.746] [info] [[94mHttpSession.cpp[0m:[95m531[0m [96mhandleGetGraphData[0m] Handle Get Graph Data
[2026-09-01 05:17:58.765] [info] [[94mHttpSession.cpp[0m:[95m576[0m [96mhandleGetGraphData[0m] get_graph_data success
[2026-09-01 05:17:58.996] [info] [[94mControllerAndOtherEventHandler.cpp[0m:[95m239[0m [96moperator()[0m] Accepted new connection
[2026-09-01 05:17:58.996] [info] [[94mHttpSession.cpp[0m:[95m96[0m [96mhandleRequest[0m] Got request: GET /ndt/get_graph_data
[2026-09-01 05:17:58.996] [info] [[94mHttpSession.cpp[0m:[95m531[0m [96mhandleGetGraphData[0m] Handle Get Graph Data
[2026-09-01 05:17:59.015] [info] [[94mHttpSession.cpp[0m:[95m576[0m [96mhandleGetGraphData[0m] get_graph_data success
[2026-09-01 05:17:59.246] [info] [[94mControllerAndOtherEventHandler.cpp[0m:[95m239[0m [96moperator()[0m] Accepted new connection
[2026-09-01 05:17:59.246] [info] [[94mHttpSession.cpp[0m:[95m96[0m [96mhandleRequest[0m] Got request: GET /ndt/get_graph_data
[2026-09-01 05:17:59.246] [info] [[94mHttpSession.cpp[0m:[95m531[0m [96mhandleGetGraphData[0m] Handle Get Graph Data
[2026-09-01 05:17:59.265] [info] [[94mHttpSession.cpp[0m:[95m576[0m [96mhandleGetGraphData[0m] get_graph_data success
[2026-09-01 05:17:59.496] [info] [[94mControllerAndOtherEventHandler.cpp[0m:[95m239[0m [96moperator()[0m] Accepted new connection
[2026-09-01 05:17:59.496] [info] [[94mHttpSession.cpp[0m:[95m96[0m [96mhandleRequest[0m] Got request: GET /ndt/get_graph_data
[2026-09-01 05:17:59.496] [info] [[94mHttpSession.cpp[0m:[95m531[0m [96mhandleGetGraphData[0m] Handle Get Graph Data
[2026-09-01 05:17:59.514] [info] [[94mHttpSession.cpp[0m:[95m576[0m [96mhandleGetGraphData[0m] get_graph_data success
[2026-09-01 05:17:59.746] [info] [[94mControllerAndOtherEventHandler.cpp[0m:[95m239[0m [96moperator()[0m] Accepted new connection
[2026-09-01 05:17:59.746] [info] [[94mHttpSession.cpp[0m:[95m96[0m [96mhandleRequest[0m] Got request: GET /ndt/get_graph_data
[2026-09-01 05:17:59.746] [info] [[94mHttpSession.cpp[0m:[95m531[0m [96mhandleGetGraphData[0m] Handle Get Graph Data
[2026-09-01 05:17:59.759] [info] [[94mHttpSession.cpp[0m:[95m576[0m [96mhandleGetGraphData[0m] get_graph_data success
[2026-09-01 05:17:59.996] [info] [[94mControllerAndOtherEventHandler.cpp[0m:[95m239[0m [96moperator()[0m] Accepted new connection
[2026-09-01 05:17:59.996] [info] [[94mHttpSession.cpp[0m:[95m96[0m [96mhandleRequest[0m] Got request: GET /ndt/get_graph_data
[2026-09-01 05:17:59.996] [info] [[94mHttpSession.cpp[0m:[95m531[0m [96mhandleGetGraphData[0m] Handle Get Graph Data
[2026-09-01 05:18:00.014] [info] [[94mHttpSession.cpp[0m:[95m576[0m [96mhandleGetGraphData[0m] get_graph_data success
[2026-09-01 05:18:00.247] [info] [[94mControllerAndOtherEventHandler.cpp[0m:[95m239[0m [96moperator()[0m] Accepted new connection
[2026-09-01 05:18:00.247] [info] [[94mHttpSession.cpp[0m:[95m96[0m [96mhandleRequest[0m] Got request: GET /ndt/get_graph_data
[2026-09-01 05:18:00.247] [info] [[94mHttpSession.cpp[0m:[95m531[0m [96mhandleGetGraphData[0m] Handle Get Graph Data
[2026-09-01 05:18:00.265] [info] [[94mHttpSession.cpp[0m:[95m576[0m [96mhandleGetGraphData[0m] get_graph_data success
[2026-09-01 05:18:00.496] [info] [[94mControllerAndOtherEventHandler.cpp[0m:[95m239[0m [96moperator()[0m] Accepted new connection
[2026-09-01 05:18:00.496] [info] [[94mHttpSession.cpp[0m:[95m96[0m [96mhandleRequest[0m] Got request: GET /ndt/get_graph_data
[2026-09-01 05:18:00.496] [info] [[94mHttpSession.cpp[0m:[95m531[0m [96mhandleGetGraphData[0m] Handle Get Graph Data
[2026-09-01 05:18:00.514] [info] [[94mHttpSession.cpp[0m:[95m576[0m [96mhandleGetGraphData[0m] get_graph_data success
[2026-09-01 05:18:00.746] [info] [[94mControllerAndOtherEventHandler.cpp[0m:[95m239[0m [96moperator()[0m] Accepted new connection
[2026-09-01 05:18:00.746] [info] [[94mHttpSession.cpp[0m:[95m96[0m [96mhandleRequest[0m] Got request: GET /ndt/get_graph_data
[2026-09-01 05:18:00.746] [info] [[94mHttpSession.cpp[0m:[95m531[0m [96mhandleGetGraphData[0m] Handle Get Graph Data
[2026-09-01 05:18:00.764] [info] [[94mHttpSession.cpp[0m:[95m576[0m [96mhandleGetGraphData[0m] get_graph_data success
[2026-09-01 05:18:00.997] [info] [[94mControllerAndOtherEventHandler.cpp[0m:[95m239[0m [96moperator()[0m] Accepted new connection
[2026-09-01 05:18:00.997] [info] [[94mHttpSession.cpp[0m:[95m96[0m [96mhandleRequest[0m] Got request: GET /ndt/get_graph_data
[2026-09-01 05:18:00.997] [info] [[94mHttpSession.cpp[0m:[95m531[0m [96mhandleGetGraphData[0m] Handle Get Graph Data
[2026-09-01 05:18:01.016] [info] [[94mHttpSession.cpp[0m:[95m576[0m [96mhandleGetGraphData[0m] get_graph_data success
[2026-09-01 05:18:01.246] [info] [[94mControllerAndOtherEventHandler.cpp[0m:[95m239[0m [96moperator()[0m] Accepted new connection
[2026-09-01 05:18:01.246] [info] [[94mHttpSession.cpp[0m:[95m96[0m [96mhandleRequest[0m] Got request: GET /ndt/get_graph_data
[2026-09-01 05:18:01.246] [info] [[94mHttpSession.cpp[0m:[95m531[0m [96mhandleGetGraphData[0m] Handle Get Graph Data
[2026-09-01 05:18:01.265] [info] [[94mHttpSession.cpp[0m:[95m576[0m [96mhandleGetGraphData[0m] get_graph_data success
[2026-09-01 05:18:01.497] [info] [[94mControllerAndOtherEventHandler.cpp[0m:[95m239[0m [96moperator()[0m] Accepted new connection
[2026-09-01 05:18:01.497] [info] [[94mHttpSession.cpp[0m:[95m96[0m [96mhandleRequest[0m] Got request: GET /ndt/get_graph_data
[2026-09-01 05:18:01.497] [info] [[94mHttpSession.cpp[0m:[95m531[0m [96mhandleGetGraphData[0m] Handle Get Graph Data
[2026-09-01 05:18:01.512] [info] [[94mHttpSession.cpp[0m:[95m576[0m [96mhandleGetGraphData[0m] get_graph_data success
[2026-09-01 05:18:01.747] [info] [[94mControllerAndOtherEventHandler.cpp[0m:[95m239[0m [96moperator()[0m] Accepted new connection
[2026-09-01 05:18:01.747] [info] [[94mHttpSession.cpp[0m:[95m96[0m [96mhandleRequest[0m] Got request: GET /ndt/get_graph_data
[2026-09-01 05:18:01.747] [info] [[94mHttpSession.cpp[0m:[95m531[0m [96mhandleGetGraphData[0m] Handle Get Graph Data
[2026-09-01 05:18:01.765] [info] [[94mHttpSession.cpp[0m:[95m576[0m [96mhandleGetGraphData[0m] get_graph_data success
[2026-09-01 05:18:01.996] [info] [[94mControllerAndOtherEventHandler.cpp[0m:[95m239[0m [96moperator()[0m] Accepted new connection
[2026-09-01 05:18:01.997] [info] [[94mHttpSession.cpp[0m:[95m96[0m [96mhandleRequest[0m] Got request: GET /ndt/get_graph_data
[2026-09-01 05:18:01.997] [info] [[94mHttpSession.cpp[0m:[95m531[0m [96mhandleGetGraphData[0m] Handle Get Graph Data
[2026-09-01 05:18:02.013] [info] [[94mHttpSession.cpp[0m:[95m576[0m [96mhandleGetGraphData[0m] get_graph_data success
[2026-09-01 05:18:02.247] [info] [[94mControllerAndOtherEventHandler.cpp[0m:[95m239[0m [96moperator()[0m] Accepted new connection
[2026-09-01 05:18:02.247] [info] [[94mHttpSession.cpp[0m:[95m96[0m [96mhandleRequest[0m] Got request: GET /ndt/get_graph_data
[2026-09-01 05:18:02.247] [info] [[94mHttpSession.cpp[0m:[95m531[0m [96mhandleGetGraphData[0m] Handle Get Graph Data
[2026-09-01 05:18:02.266] [info] [[94mHttpSession.cpp[0m:[95m576[0m [96mhandleGetGraphData[0m] get_graph_data success
[2026-09-01 05:18:02.496] [info] [[94mControllerAndOtherEventHandler.cpp[0m:[95m239[0m [96moperator()[0m] Accepted new connection
[2026-09-01 05:18:02.497] [info] [[94mHttpSession.cpp[0m:[95m96[0m [96mhandleRequest[0m] Got request: GET /ndt/get_graph_data
[2026-09-01 05:18:02.497] [info] [[94mHttpSession.cpp[0m:[95m531[0m [96mhandleGetGraphData[0m] Handle Get Graph Data
[2026-09-01 05:18:02.514] [info] [[94mHttpSession.cpp[0m:[95m576[0m [96mhandleGetGraphData[0m] get_graph_data success
[2026-09-01 05:18:02.747] [info] [[94mControllerAndOtherEventHandler.cpp[0m:[95m239[0m [96moperator()[0m] Accepted new connection
[2026-09-01 05:18:02.748] [info] [[94mHttpSession.cpp[0m:[95m96[0m [96mhandleRequest[0m] Got request: GET /ndt/get_graph_data
[2026-09-01 05:18:02.748] [info] [[94mHttpSession.cpp[0m:[95m531[0m [96mhandleGetGraphData[0m] Handle Get Graph Data
[2026-09-01 05:18:02.761] [info] [[94mHttpSession.cpp[0m:[95m576[0m [96mhandleGetGraphData[0m] get_graph_data success
[2026-09-01 05:18:02.997] [info] [[94mControllerAndOtherEventHandler.cpp[0m:[95m239[0m [96moperator()[0m] Accepted new connection
[2026-09-01 05:18:02.998] [info] [[94mHttpSession.cpp[0m:[95m96[0m [96mhandleRequest[0m] Got request: GET /ndt/get_graph_data
[2026-09-01 05:18:02.998] [info] [[94mHttpSession.cpp[0m:[95m531[0m [96mhandleGetGraphData[0m] Handle Get Graph Data
[2026-09-01 05:18:03.011] [info] [[94mHttpSession.cpp[0m:[95m576[0m [96mhandleGetGraphData[0m] get_graph_data success
[2026-09-01 05:18:03.247] [info] [[94mControllerAndOtherEventHandler.cpp[0m:[95m239[0m [96moperator()[0m] Accepted new connection
[2026-09-01 05:18:03.247] [info] [[94mHttpSession.cpp[0m:[95m96[0m [96mhandleRequest[0m] Got request: GET /ndt/get_graph_data
[2026-09-01 05:18:03.247] [info] [[94mHttpSession.cpp[0m:[95m531[0m [96mhandleGetGraphData[0m] Handle Get Graph Data
[2026-09-01 05:18:03.264] [info] [[94mHttpSession.cpp[0m:[95m576[0m [96mhandleGetGraphData[0m] get_graph_data success
[2026-09-01 05:18:03.497] [info] [[94mControllerAndOtherEventHandler.cpp[0m:[95m239[0m [96moperator()[0m] Accepted new connection
[2026-09-01 05:18:03.497] [info] [[94mHttpSession.cpp[0m:[95m96[0m [96mhandleRequest[0m] Got request: GET /ndt/get_graph_data
[2026-09-01 05:18:03.497] [info] [[94mHttpSession.cpp[0m:[95m531[0m [96mhandleGetGraphData[0m] Handle Get Graph Data
[2026-09-01 05:18:03.509] [info] [[94mHttpSession.cpp[0m:[95m576[0m [96mhandleGetGraphData[0m] get_graph_data success
[2026-09-01 05:18:03.748] [info] [[94mControllerAndOtherEventHandler.cpp[0m:[95m239[0m [96moperator()[0m] Accepted new connection
[2026-09-01 05:18:03.748] [info] [[94mHttpSession.cpp[0m:[95m96[0m [96mhandleRequest[0m] Got request: GET /ndt/get_graph_data
[2026-09-01 05:18:03.748] [info] [[94mHttpSession.cpp[0m:[95m531[0m [96mhandleGetGraphData[0m] Handle Get Graph Data
[2026-09-01 05:18:03.765] [info] [[94mHttpSession.cpp[0m:[95m576[0m [96mhandleGetGraphData[0m] get_graph_data success
[2026-09-01 05:18:03.998] [info] [[94mControllerAndOtherEventHandler.cpp[0m:[95m239[0m [96moperator()[0m] Accepted new connection
[2026-09-01 05:18:03.998] [info] [[94mHttpSession.cpp[0m:[95m96[0m [96mhandleRequest[0m] Got request: GET /ndt/get_graph_data
[2026-09-01 05:18:03.998] [info] [[94mHttpSession.cpp[0m:[95m531[0m [96mhandleGetGraphData[0m] Handle Get Graph Data
[2026-09-01 05:18:04.013] [info] [[94mHttpSession.cpp[0m:[95m576[0m [96mhandleGetGraphData[0m] get_graph_data success
[2026-09-01 05:18:04.248] [info] [[94mControllerAndOtherEventHandler.cpp[0m:[95m239[0m [96moperator()[0m] Accepted new connection
[2026-09-01 05:18:04.248] [info] [[94mHttpSession.cpp[0m:[95m96[0m [96mhandleRequest[0m] Got request: GET /ndt/get_graph_data
[2026-09-01 05:18:04.248] [info] [[94mHttpSession.cpp[0m:[95m531[0m [96mhandleGetGraphData[0m] Handle Get Graph Data
[2026-09-01 05:18:04.266] [info] [[94mHttpSession.cpp[0m:[95m576[0m [96mhandleGetGraphData[0m] get_graph_data success
[2026-09-01 05:18:04.498] [info] [[94mControllerAndOtherEventHandler.cpp[0m:[95m239[0m [96moperator()[0m] Accepted new connection
[2026-09-01 05:18:04.498] [info] [[94mHttpSession.cpp[0m:[95m96[0m [96mhandleRequest[0m] Got request: GET /ndt/get_graph_data
[2026-09-01 05:18:04.498] [info] [[94mHttpSession.cpp[0m:[95m531[0m [96mhandleGetGraphData[0m] Handle Get Graph Data
[2026-09-01 05:18:04.516] [info] [[94mHttpSession.cpp[0m:[95m576[0m [96mhandleGetGraphData[0m] get_graph_data success
[2026-09-01 05:18:04.748] [info] [[94mControllerAndOtherEventHandler.cpp[0m:[95m239[0m [96moperator()[0m] Accepted new connection
[2026-09-01 05:18:04.748] [info] [[94mHttpSession.cpp[0m:[95m96[0m [96mhandleRequest[0m] Got request: GET /ndt/get_graph_data
[2026-09-01 05:18:04.748] [info] [[94mHttpSession.cpp[0m:[95m531[0m [96mhandleGetGraphData[0m] Handle Get Graph Data
[2026-09-01 05:18:04.766] [info] [[94mHttpSession.cpp[0m:[95m576[0m [96mhandleGetGraphData[0m] get_graph_data success
[2026-09-01 05:18:04.998] [info] [[94mControllerAndOtherEventHandler.cpp[0m:[95m239[0m [96moperator()[0m] Accepted new connection
[2026-09-01 05:18:04.998] [info] [[94mHttpSession.cpp[0m:[95m96[0m [96mhandleRequest[0m] Got request: GET /ndt/get_graph_data
[2026-09-01 05:18:04.998] [info] [[94mHttpSession.cpp[0m:[95m531[0m [96mhandleGetGraphData[0m] Handle Get Graph Data
[2026-09-01 05:18:05.017] [info] [[94mHttpSession.cpp[0m:[95m576[0m [96mhandleGetGraphData[0m] get_graph_data success
[2026-09-01 05:18:05.248] [info] [[94mControllerAndOtherEventHandler.cpp[0m:[95m239[0m [96moperator()[0m] Accepted new connection
[2026-09-01 05:18:05.248] [info] [[94mHttpSession.cpp[0m:[95m96[0m [96mhandleRequest[0m] Got request: GET /ndt/get_graph_data
[2026-09-01 05:18:05.248] [info] [[94mHttpSession.cpp[0m:[95m531[0m [96mhandleGetGraphData[0m] Handle Get Graph Data
[2026-09-01 05:18:05.265] [info] [[94mHttpSession.cpp[0m:[95m576[0m [96mhandleGetGraphData[0m] get_graph_data success
[2026-09-01 05:18:05.498] [info] [[94mControllerAndOtherEventHandler.cpp[0m:[95m239[0m [96moperator()[0m] Accepted new connection
[2026-09-01 05:18:05.498] [info] [[94mHttpSession.cpp[0m:[95m96[0m [96mhandleRequest[0m] Got request: GET /ndt/get_graph_data
[2026-09-01 05:18:05.498] [info] [[94mHttpSession.cpp[0m:[95m531[0m [96mhandleGetGraphData[0m] Handle Get Graph Data
[2026-09-01 05:18:05.516] [info] [[94mHttpSession.cpp[0m:[95m576[0m [96mhandleGetGraphData[0m] get_graph_data success
[2026-09-01 05:18:05.748] [info] [[94mControllerAndOtherEventHandler.cpp[0m:[95m239[0m [96moperator()[0m] Accepted new connection
[2026-09-01 05:18:05.748] [info] [[94mHttpSession.cpp[0m:[95m96[0m [96mhandleRequest[0m] Got request: GET /ndt/get_graph_data
[2026-09-01 05:18:05.748] [info] [[94mHttpSession.cpp[0m:[95m531[0m [96mhandleGetGraphData[0m] Handle Get Graph Data
[2026-09-01 05:18:05.760] [info] [[94mHttpSession.cpp[0m:[95m576[0m [96mhandleGetGraphData[0m] get_graph_data success
[2026-09-01 05:18:05.998] [info] [[94mControllerAndOtherEventHandler.cpp[0m:[95m239[0m [96moperator()[0m] Accepted new connection
[2026-09-01 05:18:05.998] [info] [[94mHttpSession.cpp[0m:[95m96[0m [96mhandleRequest[0m] Got request: GET /ndt/get_graph_data
[2026-09-01 05:18:05.998] [info] [[94mHttpSession.cpp[0m:[95m531[0m [96mhandleGetGraphData[0m] Handle Get Graph Data
[2026-09-01 05:18:06.012] [info] [[94mHttpSession.cpp[0m:[95m576[0m [96mhandleGetGraphData[0m] get_graph_data success
[2026-09-01 05:18:06.248] [info] [[94mControllerAndOtherEventHandler.cpp[0m:[95m239[0m [96moperator()[0m] Accepted new connection
[2026-09-01 05:18:06.248] [info] [[94mHttpSession.cpp[0m:[95m96[0m [96mhandleRequest[0m] Got request: GET /ndt/get_graph_data
[2026-09-01 05:18:06.248] [info] [[94mHttpSession.cpp[0m:[95m531[0m [96mhandleGetGraphData[0m] Handle Get Graph Data
[2026-09-01 05:18:06.259] [info] [[94mHttpSession.cpp[0m:[95m576[0m [96mhandleGetGraphData[0m] get_graph_data success
[2026-09-01 05:18:06.498] [info] [[94mControllerAndOtherEventHandler.cpp[0m:[95m239[0m [96moperator()[0m] Accepted new connection
[2026-09-01 05:18:06.498] [info] [[94mHttpSession.cpp[0m:[95m96[0m [96mhandleRequest[0m] Got request: GET /ndt/get_graph_data
[2026-09-01 05:18:06.498] [info] [[94mHttpSession.cpp[0m:[95m531[0m [96mhandleGetGraphData[0m] Handle Get Graph Data
[2026-09-01 05:18:06.516] [info] [[94mHttpSession.cpp[0m:[95m576[0m [96mhandleGetGraphData[0m] get_graph_data success
[2026-09-01 05:18:06.749] [info] [[94mControllerAndOtherEventHandler.cpp[0m:[95m239[0m [96moperator()[0m] Accepted new connection
[2026-09-01 05:18:06.749] [info] [[94mHttpSession.cpp[0m:[95m96[0m [96mhandleRequest[0m] Got request: GET /ndt/get_graph_data
[2026-09-01 05:18:06.749] [info] [[94mHttpSession.cpp[0m:[95m531[0m [96mhandleGetGraphData[0m] Handle Get Graph Data
[2026-09-01 05:18:06.767] [info] [[94mHttpSession.cpp[0m:[95m576[0m [96mhandleGetGraphData[0m] get_graph_data success
[2026-09-01 05:18:06.999] [info] [[94mControllerAndOtherEventHandler.cpp[0m:[95m239[0m [96moperator()[0m] Accepted new connection
[2026-09-01 05:18:06.999] [info] [[94mHttpSession.cpp[0m:[95m96[0m [96mhandleRequest[0m] Got request: GET /ndt/get_graph_data
[2026-09-01 05:18:06.999] [info] [[94mHttpSession.cpp[0m:[95m531[0m [96mhandleGetGraphData[0m] Handle Get Graph Data
[2026-09-01 05:18:07.018] [info] [[94mHttpSession.cpp[0m:[95m576[0m [96mhandleGetGraphData[0m] get_graph_data success
[2026-09-01 05:18:07.249] [info] [[94mControllerAndOtherEventHandler.cpp[0m:[95m239[0m [96moperator()[0m] Accepted new connection
[2026-09-01 05:18:07.249] [info] [[94mHttpSession.cpp[0m:[95m96[0m [96mhandleRequest[0m] Got request: GET /ndt/get_graph_data
[2026-09-01 05:18:07.249] [info] [[94mHttpSession.cpp[0m:[95m531[0m [96mhandleGetGraphData[0m] Handle Get Graph Data
[2026-09-01 05:18:07.268] [info] [[94mHttpSession.cpp[0m:[95m576[0m [96mhandleGetGraphData[0m] get_graph_data success
[2026-09-01 05:18:07.498] [info] [[94mControllerAndOtherEventHandler.cpp[0m:[95m239[0m [96moperator()[0m] Accepted new connection
[2026-09-01 05:18:07.498] [info] [[94mHttpSession.cpp[0m:[95m96[0m [96mhandleRequest[0m] Got request: GET /ndt/get_graph_data
[2026-09-01 05:18:07.498] [info] [[94mHttpSession.cpp[0m:[95m531[0m [96mhandleGetGraphData[0m] Handle Get Graph Data
[2026-09-01 05:18:07.511] [info] [[94mHttpSession.cpp[0m:[95m576[0m [96mhandleGetGraphData[0m] get_graph_data success
[2026-09-01 05:18:07.748] [info] [[94mControllerAndOtherEventHandler.cpp[0m:[95m239[0m [96moperator()[0m] Accepted new connection
[2026-09-01 05:18:07.749] [info] [[94mHttpSession.cpp[0m:[95m96[0m [96mhandleRequest[0m] Got request: GET /ndt/get_graph_data
[2026-09-01 05:18:07.749] [info] [[94mHttpSession.cpp[0m:[95m531[0m [96mhandleGetGraphData[0m] Handle Get Graph Data
[2026-09-01 05:18:07.765] [info] [[94mHttpSession.cpp[0m:[95m576[0m [96mhandleGetGraphData[0m] get_graph_data success
[2026-09-01 05:18:07.999] [info] [[94mControllerAndOtherEventHandler.cpp[0m:[95m239[0m [96moperator()[0m] Accepted new connection
[2026-09-01 05:18:07.999] [info] [[94mHttpSession.cpp[0m:[95m96[0m [96mhandleRequest[0m] Got request: GET /ndt/get_graph_data
[2026-09-01 05:18:07.999] [info] [[94mHttpSession.cpp[0m:[95m531[0m [96mhandleGetGraphData[0m] Handle Get Graph Data
[2026-09-01 05:18:08.010] [info] [[94mHttpSession.cpp[0m:[95m576[0m [96mhandleGetGraphData[0m] get_graph_data success
[2026-09-01 05:18:08.249] [info] [[94mControllerAndOtherEventHandler.cpp[0m:[95m239[0m [96moperator()[0m] Accepted new connection
[2026-09-01 05:18:08.249] [info] [[94mHttpSession.cpp[0m:[95m96[0m [96mhandleRequest[0m] Got request: GET /ndt/get_graph_data
[2026-09-01 05:18:08.249] [info] [[94mHttpSession.cpp[0m:[95m531[0m [96mhandleGetGraphData[0m] Handle Get Graph Data
[2026-09-01 05:18:08.268] [info] [[94mHttpSession.cpp[0m:[95m576[0m [96mhandleGetGraphData[0m] get_graph_data success
[2026-09-01 05:18:08.499] [info] [[94mControllerAndOtherEventHandler.cpp[0m:[95m239[0m [96moperator()[0m] Accepted new connection
[2026-09-01 05:18:08.499] [info] [[94mHttpSession.cpp[0m:[95m96[0m [96mhandleRequest[0m] Got request: GET /ndt/get_graph_data
[2026-09-01 05:18:08.499] [info] [[94mHttpSession.cpp[0m:[95m531[0m [96mhandleGetGraphData[0m] Handle Get Graph Data
[2026-09-01 05:18:08.510] [info] [[94mHttpSession.cpp[0m:[95m576[0m [96mhandleGetGraphData[0m] get_graph_data success
[2026-09-01 05:18:08.749] [info] [[94mControllerAndOtherEventHandler.cpp[0m:[95m239[0m [96moperator()[0m] Accepted new connection
[2026-09-01 05:18:08.749] [info] [[94mHttpSession.cpp[0m:[95m96[0m [96mhandleRequest[0m] Got request: GET /ndt/get_graph_data
[2026-09-01 05:18:08.749] [info] [[94mHttpSession.cpp[0m:[95m531[0m [96mhandleGetGraphData[0m] Handle Get Graph Data
[2026-09-01 05:18:08.767] [info] [[94mHttpSession.cpp[0m:[95m576[0m [96mhandleGetGraphData[0m] get_graph_data success
[2026-09-01 05:18:08.999] [info] [[94mControllerAndOtherEventHandler.cpp[0m:[95m239[0m [96moperator()[0m] Accepted new connection
[2026-09-01 05:18:08.999] [info] [[94mHttpSession.cpp[0m:[95m96[0m [96mhandleRequest[0m] Got request: GET /ndt/get_graph_data
[2026-09-01 05:18:08.999] [info] [[94mHttpSession.cpp[0m:[95m531[0m [96mhandleGetGraphData[0m] Handle Get Graph Data
[2026-09-01 05:18:09.017] [info] [[94mHttpSession.cpp[0m:[95m576[0m [96mhandleGetGraphData[0m] get_graph_data success
[2026-09-01 05:18:09.249] [info] [[94mControllerAndOtherEventHandler.cpp[0m:[95m239[0m [96moperator()[0m] Accepted new connection
[2026-09-01 05:18:09.249] [info] [[94mHttpSession.cpp[0m:[95m96[0m [96mhandleRequest[0m] Got request: GET /ndt/get_graph_data
[2026-09-01 05:18:09.249] [info] [[94mHttpSession.cpp[0m:[95m531[0m [96mhandleGetGraphData[0m] Handle Get Graph Data
[2026-09-01 05:18:09.267] [info] [[94mHttpSession.cpp[0m:[95m576[0m [96mhandleGetGraphData[0m] get_graph_data success
[2026-09-01 05:18:09.499] [info] [[94mControllerAndOtherEventHandler.cpp[0m:[95m239[0m [96moperator()[0m] Accepted new connection
[2026-09-01 05:18:09.499] [info] [[94mHttpSession.cpp[0m:[95m96[0m [96mhandleRequest[0m] Got request: GET /ndt/get_graph_data
[2026-09-01 05:18:09.499] [info] [[94mHttpSession.cpp[0m:[95m531[0m [96mhandleGetGraphData[0m] Handle Get Graph Data
[2026-09-01 05:18:09.515] [info] [[94mHttpSession.cpp[0m:[95m576[0m [96mhandleGetGraphData[0m] get_graph_data success
[2026-09-01 05:18:09.750] [info] [[94mControllerAndOtherEventHandler.cpp[0m:[95m239[0m [96moperator()[0m] Accepted new connection
[2026-09-01 05:18:09.750] [info] [[94mHttpSession.cpp[0m:[95m96[0m [96mhandleRequest[0m] Got request: GET /ndt/get_graph_data
[2026-09-01 05:18:09.750] [info] [[94mHttpSession.cpp[0m:[95m531[0m [96mhandleGetGraphData[0m] Handle Get Graph Data
[2026-09-01 05:18:09.768] [info] [[94mHttpSession.cpp[0m:[95m576[0m [96mhandleGetGraphData[0m] get_graph_data success
[2026-09-01 05:18:10.000] [info] [[94mControllerAndOtherEventHandler.cpp[0m:[95m239[0m [96moperator()[0m] Accepted new connection
[2026-09-01 05:18:10.000] [info] [[94mHttpSession.cpp[0m:[95m96[0m [96mhandleRequest[0m] Got request: GET /ndt/get_graph_data
[2026-09-01 05:18:10.000] [info] [[94mHttpSession.cpp[0m:[95m531[0m [96mhandleGetGraphData[0m] Handle Get Graph Data
[2026-09-01 05:18:10.018] [info] [[94mHttpSession.cpp[0m:[95m576[0m [96mhandleGetGraphData[0m] get_graph_data success
[2026-09-01 05:18:10.250] [info] [[94mControllerAndOtherEventHandler.cpp[0m:[95m239[0m [96moperator()[0m] Accepted new connection
[2026-09-01 05:18:10.250] [info] [[94mHttpSession.cpp[0m:[95m96[0m [96mhandleRequest[0m] Got request: GET /ndt/get_graph_data
[2026-09-01 05:18:10.250] [info] [[94mHttpSession.cpp[0m:[95m531[0m [96mhandleGetGraphData[0m] Handle Get Graph Data
[2026-09-01 05:18:10.268] [info] [[94mHttpSession.cpp[0m:[95m576[0m [96mhandleGetGraphData[0m] get_graph_data success
[2026-09-01 05:18:10.499] [info] [[94mControllerAndOtherEventHandler.cpp[0m:[95m239[0m [96moperator()[0m] Accepted new connection
[2026-09-01 05:18:10.499] [info] [[94mHttpSession.cpp[0m:[95m96[0m [96mhandleRequest[0m] Got request: GET /ndt/get_graph_data
[2026-09-01 05:18:10.499] [info] [[94mHttpSession.cpp[0m:[95m531[0m [96mhandleGetGraphData[0m] Handle Get Graph Data
[2026-09-01 05:18:10.518] [info] [[94mHttpSession.cpp[0m:[95m576[0m [96mhandleGetGraphData[0m] get_graph_data success
[2026-09-01 05:18:10.749] [info] [[94mControllerAndOtherEventHandler.cpp[0m:[95m239[0m [96moperator()[0m] Accepted new connection
[2026-09-01 05:18:10.750] [info] [[94mHttpSession.cpp[0m:[95m96[0m [96mhandleRequest[0m] Got request: GET /ndt/get_graph_data
[2026-09-01 05:18:10.750] [info] [[94mHttpSession.cpp[0m:[95m531[0m [96mhandleGetGraphData[0m] Handle Get Graph Data
[2026-09-01 05:18:10.762] [info] [[94mHttpSession.cpp[0m:[95m576[0m [96mhandleGetGraphData[0m] get_graph_data success
[2026-09-01 05:18:10.999] [info] [[94mControllerAndOtherEventHandler.cpp[0m:[95m239[0m [96moperator()[0m] Accepted new connection
[2026-09-01 05:18:11.000] [info] [[94mHttpSession.cpp[0m:[95m96[0m [96mhandleRequest[0m] Got request: GET /ndt/get_graph_data
[2026-09-01 05:18:11.000] [info] [[94mHttpSession.cpp[0m:[95m531[0m [96mhandleGetGraphData[0m] Handle Get Graph Data
[2026-09-01 05:18:11.015] [info] [[94mHttpSession.cpp[0m:[95m576[0m [96mhandleGetGraphData[0m] get_graph_data success
[2026-09-01 05:18:11.250] [info] [[94mControllerAndOtherEventHandler.cpp[0m:[95m239[0m [96moperator()[0m] Accepted new connection
[2026-09-01 05:18:11.250] [info] [[94mHttpSession.cpp[0m:[95m96[0m [96mhandleRequest[0m] Got request: GET /ndt/get_graph_data
[2026-09-01 05:18:11.250] [info] [[94mHttpSession.cpp[0m:[95m531[0m [96mhandleGetGraphData[0m] Handle Get Graph Data
[2026-09-01 05:18:11.261] [info] [[94mHttpSession.cpp[0m:[95m576[0m [96mhandleGetGraphData[0m] get_graph_data success
[2026-09-01 05:18:11.500] [info] [[94mControllerAndOtherEventHandler.cpp[0m:[95m239[0m [96moperator()[0m] Accepted new connection
[2026-09-01 05:18:11.500] [info] [[94mHttpSession.cpp[0m:[95m96[0m [96mhandleRequest[0m] Got request: GET /ndt/get_graph_data
[2026-09-01 05:18:11.500] [info] [[94mHttpSession.cpp[0m:[95m531[0m [96mhandleGetGraphData[0m] Handle Get Graph Data
[2026-09-01 05:18:11.518] [info] [[94mHttpSession.cpp[0m:[95m576[0m [96mhandleGetGraphData[0m] get_graph_data success
[2026-09-01 05:18:11.750] [info] [[94mControllerAndOtherEventHandler.cpp[0m:[95m239[0m [96moperator()[0m] Accepted new connection
[2026-09-01 05:18:11.750] [info] [[94mHttpSession.cpp[0m:[95m96[0m [96mhandleRequest[0m] Got request: GET /ndt/get_graph_data
[2026-09-01 05:18:11.751] [info] [[94mHttpSession.cpp[0m:[95m531[0m [96mhandleGetGraphData[0m] Handle Get Graph Data
[2026-09-01 05:18:11.769] [info] [[94mHttpSession.cpp[0m:[95m576[0m [96mhandleGetGraphData[0m] get_graph_data success
[2026-09-01 05:18:12.000] [info] [[94mControllerAndOtherEventHandler.cpp[0m:[95m239[0m [96moperator()[0m] Accepted new connection
[2026-09-01 05:18:12.000] [info] [[94mHttpSession.cpp[0m:[95m96[0m [96mhandleRequest[0m] Got request: GET /ndt/get_graph_data
[2026-09-01 05:18:12.000] [info] [[94mHttpSession.cpp[0m:[95m531[0m [96mhandleGetGraphData[0m] Handle Get Graph Data
[2026-09-01 05:18:12.018] [info] [[94mHttpSession.cpp[0m:[95m576[0m [96mhandleGetGraphData[0m] get_graph_data success
[2026-09-01 05:18:12.250] [info] [[94mControllerAndOtherEventHandler.cpp[0m:[95m239[0m [96moperator()[0m] Accepted new connection
[2026-09-01 05:18:12.251] [info] [[94mHttpSession.cpp[0m:[95m96[0m [96mhandleRequest[0m] Got request: GET /ndt/get_graph_data
[2026-09-01 05:18:12.251] [info] [[94mHttpSession.cpp[0m:[95m531[0m [96mhandleGetGraphData[0m] Handle Get Graph Data
[2026-09-01 05:18:12.264] [info] [[94mHttpSession.cpp[0m:[95m576[0m [96mhandleGetGraphData[0m] get_graph_data success
[2026-09-01 05:18:12.501] [info] [[94mControllerAndOtherEventHandler.cpp[0m:[95m239[0m [96moperator()[0m] Accepted new connection
[2026-09-01 05:18:12.501] [info] [[94mHttpSession.cpp[0m:[95m96[0m [96mhandleRequest[0m] Got request: GET /ndt/get_graph_data
[2026-09-01 05:18:12.501] [info] [[94mHttpSession.cpp[0m:[95m531[0m [96mhandleGetGraphData[0m] Handle Get Graph Data
[2026-09-01 05:18:12.519] [info] [[94mHttpSession.cpp[0m:[95m576[0m [96mhandleGetGraphData[0m] get_graph_data success
[2026-09-01 05:18:12.751] [info] [[94mControllerAndOtherEventHandler.cpp[0m:[95m239[0m [96moperator()[0m] Accepted new connection
[2026-09-01 05:18:12.751] [info] [[94mHttpSession.cpp[0m:[95m96[0m [96mhandleRequest[0m] Got request: GET /ndt/get_graph_data
[2026-09-01 05:18:12.751] [info] [[94mHttpSession.cpp[0m:[95m531[0m [96mhandleGetGraphData[0m] Handle Get Graph Data
[2026-09-01 05:18:12.770] [info] [[94mHttpSession.cpp[0m:[95m576[0m [96mhandleGetGraphData[0m] get_graph_data success
[2026-09-01 05:18:13.001] [info] [[94mControllerAndOtherEventHandler.cpp[0m:[95m239[0m [96moperator()[0m] Accepted new connection
[2026-09-01 05:18:13.001] [info] [[94mHttpSession.cpp[0m:[95m96[0m [96mhandleRequest[0m] Got request: GET /ndt/get_graph_data
[2026-09-01 05:18:13.001] [info] [[94mHttpSession.cpp[0m:[95m531[0m [96mhandleGetGraphData[0m] Handle Get Graph Data
[2026-09-01 05:18:13.020] [info] [[94mHttpSession.cpp[0m:[95m576[0m [96mhandleGetGraphData[0m] get_graph_data success
[2026-09-01 05:18:13.251] [info] [[94mControllerAndOtherEventHandler.cpp[0m:[95m239[0m [96moperator()[0m] Accepted new connection
[2026-09-01 05:18:13.251] [info] [[94mHttpSession.cpp[0m:[95m96[0m [96mhandleRequest[0m] Got request: GET /ndt/get_graph_data
[2026-09-01 05:18:13.251] [info] [[94mHttpSession.cpp[0m:[95m531[0m [96mhandleGetGraphData[0m] Handle Get Graph Data
[2026-09-01 05:18:13.269] [info] [[94mHttpSession.cpp[0m:[95m576[0m [96mhandleGetGraphData[0m] get_graph_data success
[2026-09-01 05:18:13.501] [info] [[94mControllerAndOtherEventHandler.cpp[0m:[95m239[0m [96moperator()[0m] Accepted new connection
[2026-09-01 05:18:13.501] [info] [[94mHttpSession.cpp[0m:[95m96[0m [96mhandleRequest[0m] Got request: GET /ndt/get_graph_data
[2026-09-01 05:18:13.501] [info] [[94mHttpSession.cpp[0m:[95m531[0m [96mhandleGetGraphData[0m] Handle Get Graph Data
[2026-09-01 05:18:13.519] [info] [[94mHttpSession.cpp[0m:[95m576[0m [96mhandleGetGraphData[0m] get_graph_data success
[2026-09-01 05:18:13.751] [info] [[94mControllerAndOtherEventHandler.cpp[0m:[95m239[0m [96moperator()[0m] Accepted new connection
[2026-09-01 05:18:13.751] [info] [[94mHttpSession.cpp[0m:[95m96[0m [96mhandleRequest[0m] Got request: GET /ndt/get_graph_data
[2026-09-01 05:18:13.751] [info] [[94mHttpSession.cpp[0m:[95m531[0m [96mhandleGetGraphData[0m] Handle Get Graph Data
[2026-09-01 05:18:13.767] [info] [[94mHttpSession.cpp[0m:[95m576[0m [96mhandleGetGraphData[0m] get_graph_data success
[2026-09-01 05:18:14.000] [info] [[94mControllerAndOtherEventHandler.cpp[0m:[95m239[0m [96moperator()[0m] Accepted new connection
[2026-09-01 05:18:14.001] [info] [[94mHttpSession.cpp[0m:[95m96[0m [96mhandleRequest[0m] Got request: GET /ndt/get_graph_data
[2026-09-01 05:18:14.001] [info] [[94mHttpSession.cpp[0m:[95m531[0m [96mhandleGetGraphData[0m] Handle Get Graph Data
[2026-09-01 05:18:14.019] [info] [[94mHttpSession.cpp[0m:[95m576[0m [96mhandleGetGraphData[0m] get_graph_data success
[2026-09-01 05:18:14.251] [info] [[94mControllerAndOtherEventHandler.cpp[0m:[95m239[0m [96moperator()[0m] Accepted new connection
[2026-09-01 05:18:14.251] [info] [[94mHttpSession.cpp[0m:[95m96[0m [96mhandleRequest[0m] Got request: GET /ndt/get_graph_data
[2026-09-01 05:18:14.251] [info] [[94mHttpSession.cpp[0m:[95m531[0m [96mhandleGetGraphData[0m] Handle Get Graph Data
[2026-09-01 05:18:14.270] [info] [[94mHttpSession.cpp[0m:[95m576[0m [96mhandleGetGraphData[0m] get_graph_data success
[2026-09-01 05:18:14.501] [info] [[94mControllerAndOtherEventHandler.cpp[0m:[95m239[0m [96moperator()[0m] Accepted new connection
[2026-09-01 05:18:14.501] [info] [[94mHttpSession.cpp[0m:[95m96[0m [96mhandleRequest[0m] Got request: GET /ndt/get_graph_data
[2026-09-01 05:18:14.501] [info] [[94mHttpSession.cpp[0m:[95m531[0m [96mhandleGetGraphData[0m] Handle Get Graph Data
[2026-09-01 05:18:14.519] [info] [[94mHttpSession.cpp[0m:[95m576[0m [96mhandleGetGraphData[0m] get_graph_data success
[2026-09-01 05:18:14.751] [info] [[94mControllerAndOtherEventHandler.cpp[0m:[95m239[0m [96moperator()[0m] Accepted new connection
[2026-09-01 05:18:14.751] [info] [[94mHttpSession.cpp[0m:[95m96[0m [96mhandleRequest[0m] Got request: GET /ndt/get_graph_data
[2026-09-01 05:18:14.751] [info] [[94mHttpSession.cpp[0m:[95m531[0m [96mhandleGetGraphData[0m] Handle Get Graph Data
[2026-09-01 05:18:14.769] [info] [[94mHttpSession.cpp[0m:[95m576[0m [96mhandleGetGraphData[0m] get_graph_data success
[2026-09-01 05:18:15.001] [info] [[94mControllerAndOtherEventHandler.cpp[0m:[95m239[0m [96moperator()[0m] Accepted new connection
[2026-09-01 05:18:15.002] [info] [[94mHttpSession.cpp[0m:[95m96[0m [96mhandleRequest[0m] Got request: GET /ndt/get_graph_data
[2026-09-01 05:18:15.002] [info] [[94mHttpSession.cpp[0m:[95m531[0m [96mhandleGetGraphData[0m] Handle Get Graph Data
[2026-09-01 05:18:15.020] [info] [[94mHttpSession.cpp[0m:[95m576[0m [96mhandleGetGraphData[0m] get_graph_data success
[2026-09-01 05:18:15.251] [info] [[94mControllerAndOtherEventHandler.cpp[0m:[95m239[0m [96moperator()[0m] Accepted new connection
[2026-09-01 05:18:15.252] [info] [[94mHttpSession.cpp[0m:[95m96[0m [96mhandleRequest[0m] Got request: GET /ndt/get_graph_data
[2026-09-01 05:18:15.252] [info] [[94mHttpSession.cpp[0m:[95m531[0m [96mhandleGetGraphData[0m] Handle Get Graph Data
[2026-09-01 05:18:15.270] [info] [[94mHttpSession.cpp[0m:[95m576[0m [96mhandleGetGraphData[0m] get_graph_data success
[2026-09-01 05:18:15.501] [info] [[94mControllerAndOtherEventHandler.cpp[0m:[95m239[0m [96moperator()[0m] Accepted new connection
[2026-09-01 05:18:15.501] [info] [[94mHttpSession.cpp[0m:[95m96[0m [96mhandleRequest[0m] Got request: GET /ndt/get_graph_data
[2026-09-01 05:18:15.501] [info] [[94mHttpSession.cpp[0m:[95m531[0m [96mhandleGetGraphData[0m] Handle Get Graph Data
[2026-09-01 05:18:15.515] [info] [[94mHttpSession.cpp[0m:[95m576[0m [96mhandleGetGraphData[0m] get_graph_data success
[2026-09-01 05:18:15.751] [info] [[94mControllerAndOtherEventHandler.cpp[0m:[95m239[0m [96moperator()[0m] Accepted new connection
[2026-09-01 05:18:15.752] [info] [[94mHttpSession.cpp[0m:[95m96[0m [96mhandleRequest[0m] Got request: GET /ndt/get_graph_data
[2026-09-01 05:18:15.752] [info] [[94mHttpSession.cpp[0m:[95m531[0m [96mhandleGetGraphData[0m] Handle Get Graph Data
[2026-09-01 05:18:15.768] [info] [[94mHttpSession.cpp[0m:[95m576[0m [96mhandleGetGraphData[0m] get_graph_data success
[2026-09-01 05:18:16.001] [info] [[94mControllerAndOtherEventHandler.cpp[0m:[95m239[0m [96moperator()[0m] Accepted new connection
[2026-09-01 05:18:16.001] [info] [[94mHttpSession.cpp[0m:[95m96[0m [96mhandleRequest[0m] Got request: GET /ndt/get_graph_data
[2026-09-01 05:18:16.001] [info] [[94mHttpSession.cpp[0m:[95m531[0m [96mhandleGetGraphData[0m] Handle Get Graph Data
[2026-09-01 05:18:16.016] [info] [[94mHttpSession.cpp[0m:[95m576[0m [96mhandleGetGraphData[0m] get_graph_data success
[2026-09-01 05:18:16.252] [info] [[94mControllerAndOtherEventHandler.cpp[0m:[95m239[0m [96moperator()[0m] Accepted new connection
[2026-09-01 05:18:16.252] [info] [[94mHttpSession.cpp[0m:[95m96[0m [96mhandleRequest[0m] Got request: GET /ndt/get_graph_data
[2026-09-01 05:18:16.252] [info] [[94mHttpSession.cpp[0m:[95m531[0m [96mhandleGetGraphData[0m] Handle Get Graph Data
[2026-09-01 05:18:16.265] [info] [[94mHttpSession.cpp[0m:[95m576[0m [96mhandleGetGraphData[0m] get_graph_data success
[2026-09-01 05:18:16.501] [info] [[94mControllerAndOtherEventHandler.cpp[0m:[95m239[0m [96moperator()[0m] Accepted new connection
[2026-09-01 05:18:16.501] [info] [[94mHttpSession.cpp[0m:[95m96[0m [96mhandleRequest[0m] Got request: GET /ndt/get_graph_data
[2026-09-01 05:18:16.501] [info] [[94mHttpSession.cpp[0m:[95m531[0m [96mhandleGetGraphData[0m] Handle Get Graph Data
[2026-09-01 05:18:16.518] [info] [[94mHttpSession.cpp[0m:[95m576[0m [96mhandleGetGraphData[0m] get_graph_data success
[2026-09-01 05:18:16.752] [info] [[94mControllerAndOtherEventHandler.cpp[0m:[95m239[0m [96moperator()[0m] Accepted new connection
[2026-09-01 05:18:16.752] [info] [[94mHttpSession.cpp[0m:[95m96[0m [96mhandleRequest[0m] Got request: GET /ndt/get_graph_data
[2026-09-01 05:18:16.752] [info] [[94mHttpSession.cpp[0m:[95m531[0m [96mhandleGetGraphData[0m] Handle Get Graph Data
[2026-09-01 05:18:16.771] [info] [[94mHttpSession.cpp[0m:[95m576[0m [96mhandleGetGraphData[0m] get_graph_data success
[2026-09-01 05:18:17.002] [info] [[94mControllerAndOtherEventHandler.cpp[0m:[95m239[0m [96moperator()[0m] Accepted new connection
[2026-09-01 05:18:17.002] [info] [[94mHttpSession.cpp[0m:[95m96[0m [96mhandleRequest[0m] Got request: GET /ndt/get_graph_data
[2026-09-01 05:18:17.002] [info] [[94mHttpSession.cpp[0m:[95m531[0m [96mhandleGetGraphData[0m] Handle Get Graph Data
[2026-09-01 05:18:17.017] [info] [[94mHttpSession.cpp[0m:[95m576[0m [96mhandleGetGraphData[0m] get_graph_data success
[2026-09-01 05:18:17.252] [info] [[94mControllerAndOtherEventHandler.cpp[0m:[95m239[0m [96moperator()[0m] Accepted new connection
[2026-09-01 05:18:17.252] [info] [[94mHttpSession.cpp[0m:[95m96[0m [96mhandleRequest[0m] Got request: GET /ndt/get_graph_data
[2026-09-01 05:18:17.252] [info] [[94mHttpSession.cpp[0m:[95m531[0m [96mhandleGetGraphData[0m] Handle Get Graph Data
[2026-09-01 05:18:17.266] [info] [[94mHttpSession.cpp[0m:[95m576[0m [96mhandleGetGraphData[0m] get_graph_data success
[2026-09-01 05:18:17.502] [info] [[94mControllerAndOtherEventHandler.cpp[0m:[95m239[0m [96moperator()[0m] Accepted new connection
[2026-09-01 05:18:17.502] [info] [[94mHttpSession.cpp[0m:[95m96[0m [96mhandleRequest[0m] Got request: GET /ndt/get_graph_data
[2026-09-01 05:18:17.502] [info] [[94mHttpSession.cpp[0m:[95m531[0m [96mhandleGetGraphData[0m] Handle Get Graph Data
[2026-09-01 05:18:17.516] [info] [[94mHttpSession.cpp[0m:[95m576[0m [96mhandleGetGraphData[0m] get_graph_data success
[2026-09-01 05:18:17.752] [info] [[94mControllerAndOtherEventHandler.cpp[0m:[95m239[0m [96moperator()[0m] Accepted new connection
[2026-09-01 05:18:17.752] [info] [[94mHttpSession.cpp[0m:[95m96[0m [96mhandleRequest[0m] Got request: GET /ndt/get_graph_data
[2026-09-01 05:18:17.752] [info] [[94mHttpSession.cpp[0m:[95m531[0m [96mhandleGetGraphData[0m] Handle Get Graph Data
[2026-09-01 05:18:17.764] [info] [[94mHttpSession.cpp[0m:[95m576[0m [96mhandleGetGraphData[0m] get_graph_data success
[2026-09-01 05:18:18.002] [info] [[94mControllerAndOtherEventHandler.cpp[0m:[95m239[0m [96moperator()[0m] Accepted new connection
[2026-09-01 05:18:18.003] [info] [[94mHttpSession.cpp[0m:[95m96[0m [96mhandleRequest[0m] Got request: GET /ndt/get_graph_data
[2026-09-01 05:18:18.003] [info] [[94mHttpSession.cpp[0m:[95m531[0m [96mhandleGetGraphData[0m] Handle Get Graph Data
[2026-09-01 05:18:18.018] [info] [[94mHttpSession.cpp[0m:[95m576[0m [96mhandleGetGraphData[0m] get_graph_data success
[2026-09-01 05:18:18.252] [info] [[94mControllerAndOtherEventHandler.cpp[0m:[95m239[0m [96moperator()[0m] Accepted new connection
[2026-09-01 05:18:18.253] [info] [[94mHttpSession.cpp[0m:[95m96[0m [96mhandleRequest[0m] Got request: GET /ndt/get_graph_data
[2026-09-01 05:18:18.253] [info] [[94mHttpSession.cpp[0m:[95m531[0m [96mhandleGetGraphData[0m] Handle Get Graph Data
[2026-09-01 05:18:18.267] [info] [[94mHttpSession.cpp[0m:[95m576[0m [96mhandleGetGraphData[0m] get_graph_data success
[2026-09-01 05:18:18.502] [info] [[94mControllerAndOtherEventHandler.cpp[0m:[95m239[0m [96moperator()[0m] Accepted new connection
[2026-09-01 05:18:18.502] [info] [[94mHttpSession.cpp[0m:[95m96[0m [96mhandleRequest[0m] Got request: GET /ndt/get_graph_data
[2026-09-01 05:18:18.502] [info] [[94mHttpSession.cpp[0m:[95m531[0m [96mhandleGetGraphData[0m] Handle Get Graph Data
[2026-09-01 05:18:18.514] [info] [[94mHttpSession.cpp[0m:[95m576[0m [96mhandleGetGraphData[0m] get_graph_data success
[2026-09-01 05:18:18.753] [info] [[94mControllerAndOtherEventHandler.cpp[0m:[95m239[0m [96moperator()[0m] Accepted new connection
[2026-09-01 05:18:18.753] [info] [[94mHttpSession.cpp[0m:[95m96[0m [96mhandleRequest[0m] Got request: GET /ndt/get_graph_data
[2026-09-01 05:18:18.753] [info] [[94mHttpSession.cpp[0m:[95m531[0m [96mhandleGetGraphData[0m] Handle Get Graph Data
[2026-09-01 05:18:18.767] [info] [[94mHttpSession.cpp[0m:[95m576[0m [96mhandleGetGraphData[0m] get_graph_data success
[2026-09-01 05:18:19.002] [info] [[94mControllerAndOtherEventHandler.cpp[0m:[95m239[0m [96moperator()[0m] Accepted new connection
[2026-09-01 05:18:19.003] [info] [[94mHttpSession.cpp[0m:[95m96[0m [96mhandleRequest[0m] Got request: GET /ndt/get_graph_data
[2026-09-01 05:18:19.003] [info] [[94mHttpSession.cpp[0m:[95m531[0m [96mhandleGetGraphData[0m] Handle Get Graph Data
[2026-09-01 05:18:19.014] [info] [[94mHttpSession.cpp[0m:[95m576[0m [96mhandleGetGraphData[0m] get_graph_data success
[2026-09-01 05:18:19.253] [info] [[94mControllerAndOtherEventHandler.cpp[0m:[95m239[0m [96moperator()[0m] Accepted new connection
[2026-09-01 05:18:19.253] [info] [[94mHttpSession.cpp[0m:[95m96[0m [96mhandleRequest[0m] Got request: GET /ndt/get_graph_data
[2026-09-01 05:18:19.253] [info] [[94mHttpSession.cpp[0m:[95m531[0m [96mhandleGetGraphData[0m] Handle Get Graph Data
[2026-09-01 05:18:19.270] [info] [[94mHttpSession.cpp[0m:[95m576[0m [96mhandleGetGraphData[0m] get_graph_data success
[2026-09-01 05:18:19.503] [info] [[94mControllerAndOtherEventHandler.cpp[0m:[95m239[0m [96moperator()[0m] Accepted new connection
[2026-09-01 05:18:19.503] [info] [[94mHttpSession.cpp[0m:[95m96[0m [96mhandleRequest[0m] Got request: GET /ndt/get_graph_data
[2026-09-01 05:18:19.503] [info] [[94mHttpSession.cpp[0m:[95m531[0m [96mhandleGetGraphData[0m] Handle Get Graph Data
[2026-09-01 05:18:19.522] [info] [[94mHttpSession.cpp[0m:[95m576[0m [96mhandleGetGraphData[0m] get_graph_data success
[2026-09-01 05:18:19.753] [info] [[94mControllerAndOtherEventHandler.cpp[0m:[95m239[0m [96moperator()[0m] Accepted new connection
[2026-09-01 05:18:19.753] [info] [[94mHttpSession.cpp[0m:[95m96[0m [96mhandleRequest[0m] Got request: GET /ndt/get_graph_data
[2026-09-01 05:18:19.753] [info] [[94mHttpSession.cpp[0m:[95m531[0m [96mhandleGetGraphData[0m] Handle Get Graph Data
[2026-09-01 05:18:19.772] [info] [[94mHttpSession.cpp[0m:[95m576[0m [96mhandleGetGraphData[0m] get_graph_data success
[2026-09-01 05:18:20.002] [info] [[94mControllerAndOtherEventHandler.cpp[0m:[95m239[0m [96moperator()[0m] Accepted new connection
[2026-09-01 05:18:20.003] [info] [[94mHttpSession.cpp[0m:[95m96[0m [96mhandleRequest[0m] Got request: GET /ndt/get_graph_data
[2026-09-01 05:18:20.003] [info] [[94mHttpSession.cpp[0m:[95m531[0m [96mhandleGetGraphData[0m] Handle Get Graph Data
[2026-09-01 05:18:20.021] [info] [[94mHttpSession.cpp[0m:[95m576[0m [96mhandleGetGraphData[0m] get_graph_data success
[2026-09-01 05:18:20.253] [info] [[94mControllerAndOtherEventHandler.cpp[0m:[95m239[0m [96moperator()[0m] Accepted new connection
[2026-09-01 05:18:20.253] [info] [[94mHttpSession.cpp[0m:[95m96[0m [96mhandleRequest[0m] Got request: GET /ndt/get_graph_data
[2026-09-01 05:18:20.253] [info] [[94mHttpSession.cpp[0m:[95m531[0m [96mhandleGetGraphData[0m] Handle Get Graph Data
[2026-09-01 05:18:20.272] [info] [[94mHttpSession.cpp[0m:[95m576[0m [96mhandleGetGraphData[0m] get_graph_data success
[2026-09-01 05:18:20.503] [info] [[94mControllerAndOtherEventHandler.cpp[0m:[95m239[0m [96moperator()[0m] Accepted new connection
[2026-09-01 05:18:20.503] [info] [[94mHttpSession.cpp[0m:[95m96[0m [96mhandleRequest[0m] Got request: GET /ndt/get_graph_data
[2026-09-01 05:18:20.503] [info] [[94mHttpSession.cpp[0m:[95m531[0m [96mhandleGetGraphData[0m] Handle Get Graph Data
[2026-09-01 05:18:20.520] [info] [[94mHttpSession.cpp[0m:[95m576[0m [96mhandleGetGraphData[0m] get_graph_data success
[2026-09-01 05:18:20.753] [info] [[94mControllerAndOtherEventHandler.cpp[0m:[95m239[0m [96moperator()[0m] Accepted new connection
[2026-09-01 05:18:20.753] [info] [[94mHttpSession.cpp[0m:[95m96[0m [96mhandleRequest[0m] Got request: GET /ndt/get_graph_data
[2026-09-01 05:18:20.753] [info] [[94mHttpSession.cpp[0m:[95m531[0m [96mhandleGetGraphData[0m] Handle Get Graph Data
[2026-09-01 05:18:20.766] [info] [[94mHttpSession.cpp[0m:[95m576[0m [96mhandleGetGraphData[0m] get_graph_data success
[2026-09-01 05:18:21.003] [info] [[94mControllerAndOtherEventHandler.cpp[0m:[95m239[0m [96moperator()[0m] Accepted new connection
[2026-09-01 05:18:21.003] [info] [[94mHttpSession.cpp[0m:[95m96[0m [96mhandleRequest[0m] Got request: GET /ndt/get_graph_data
[2026-09-01 05:18:21.003] [info] [[94mHttpSession.cpp[0m:[95m531[0m [96mhandleGetGraphData[0m] Handle Get Graph Data
[2026-09-01 05:18:21.019] [info] [[94mHttpSession.cpp[0m:[95m576[0m [96mhandleGetGraphData[0m] get_graph_data success
[2026-09-01 05:18:21.253] [info] [[94mControllerAndOtherEventHandler.cpp[0m:[95m239[0m [96moperator()[0m] Accepted new connection
[2026-09-01 05:18:21.254] [info] [[94mHttpSession.cpp[0m:[95m96[0m [96mhandleRequest[0m] Got request: GET /ndt/get_graph_data
[2026-09-01 05:18:21.254] [info] [[94mHttpSession.cpp[0m:[95m531[0m [96mhandleGetGraphData[0m] Handle Get Graph Data
[2026-09-01 05:18:21.269] [info] [[94mHttpSession.cpp[0m:[95m576[0m [96mhandleGetGraphData[0m] get_graph_data success
[2026-09-01 05:18:21.503] [info] [[94mControllerAndOtherEventHandler.cpp[0m:[95m239[0m [96moperator()[0m] Accepted new connection
[2026-09-01 05:18:21.503] [info] [[94mHttpSession.cpp[0m:[95m96[0m [96mhandleRequest[0m] Got request: GET /ndt/get_graph_data
[2026-09-01 05:18:21.503] [info] [[94mHttpSession.cpp[0m:[95m531[0m [96mhandleGetGraphData[0m] Handle Get Graph Data
[2026-09-01 05:18:21.522] [info] [[94mHttpSession.cpp[0m:[95m576[0m [96mhandleGetGraphData[0m] get_graph_data success
[2026-09-01 05:18:21.754] [info] [[94mControllerAndOtherEventHandler.cpp[0m:[95m239[0m [96moperator()[0m] Accepted new connection
[2026-09-01 05:18:21.754] [info] [[94mHttpSession.cpp[0m:[95m96[0m [96mhandleRequest[0m] Got request: GET /ndt/get_graph_data
[2026-09-01 05:18:21.754] [info] [[94mHttpSession.cpp[0m:[95m531[0m [96mhandleGetGraphData[0m] Handle Get Graph Data
[2026-09-01 05:18:21.772] [info] [[94mHttpSession.cpp[0m:[95m576[0m [96mhandleGetGraphData[0m] get_graph_data success
[2026-09-01 05:18:22.004] [info] [[94mControllerAndOtherEventHandler.cpp[0m:[95m239[0m [96moperator()[0m] Accepted new connection
[2026-09-01 05:18:22.004] [info] [[94mHttpSession.cpp[0m:[95m96[0m [96mhandleRequest[0m] Got request: GET /ndt/get_graph_data
[2026-09-01 05:18:22.004] [info] [[94mHttpSession.cpp[0m:[95m531[0m [96mhandleGetGraphData[0m] Handle Get Graph Data
[2026-09-01 05:18:22.015] [info] [[94mHttpSession.cpp[0m:[95m576[0m [96mhandleGetGraphData[0m] get_graph_data success
[2026-09-01 05:18:22.253] [info] [[94mControllerAndOtherEventHandler.cpp[0m:[95m239[0m [96moperator()[0m] Accepted new connection
[2026-09-01 05:18:22.253] [info] [[94mHttpSession.cpp[0m:[95m96[0m [96mhandleRequest[0m] Got request: GET /ndt/get_graph_data
[2026-09-01 05:18:22.253] [info] [[94mHttpSession.cpp[0m:[95m531[0m [96mhandleGetGraphData[0m] Handle Get Graph Data
[2026-09-01 05:18:22.268] [info] [[94mHttpSession.cpp[0m:[95m576[0m [96mhandleGetGraphData[0m] get_graph_data success
[2026-09-01 05:18:22.503] [info] [[94mControllerAndOtherEventHandler.cpp[0m:[95m239[0m [96moperator()[0m] Accepted new connection
[2026-09-01 05:18:22.503] [info] [[94mHttpSession.cpp[0m:[95m96[0m [96mhandleRequest[0m] Got request: GET /ndt/get_graph_data
[2026-09-01 05:18:22.503] [info] [[94mHttpSession.cpp[0m:[95m531[0m [96mhandleGetGraphData[0m] Handle Get Graph Data
[2026-09-01 05:18:22.522] [info] [[94mHttpSession.cpp[0m:[95m576[0m [96mhandleGetGraphData[0m] get_graph_data success
[2026-09-01 05:18:22.753] [info] [[94mControllerAndOtherEventHandler.cpp[0m:[95m239[0m [96moperator()[0m] Accepted new connection
[2026-09-01 05:18:22.754] [info] [[94mHttpSession.cpp[0m:[95m96[0m [96mhandleRequest[0m] Got request: GET /ndt/get_graph_data
[2026-09-01 05:18:22.754] [info] [[94mHttpSession.cpp[0m:[95m531[0m [96mhandleGetGraphData[0m] Handle Get Graph Data
[2026-09-01 05:18:22.772] [info] [[94mHttpSession.cpp[0m:[95m576[0m [96mhandleGetGraphData[0m] get_graph_data success
[2026-09-01 05:18:23.004] [info] [[94mControllerAndOtherEventHandler.cpp[0m:[95m239[0m [96moperator()[0m] Accepted new connection
[2026-09-01 05:18:23.004] [info] [[94mHttpSession.cpp[0m:[95m96[0m [96mhandleRequest[0m] Got request: GET /ndt/get_graph_data
[2026-09-01 05:18:23.004] [info] [[94mHttpSession.cpp[0m:[95m531[0m [96mhandleGetGraphData[0m] Handle Get Graph Data
[2026-09-01 05:18:23.023] [info] [[94mHttpSession.cpp[0m:[95m576[0m [96mhandleGetGraphData[0m] get_graph_data success
[2026-09-01 05:18:23.254] [info] [[94mControllerAndOtherEventHandler.cpp[0m:[95m239[0m [96moperator()[0m] Accepted new connection
[2026-09-01 05:18:23.254] [info] [[94mHttpSession.cpp[0m:[95m96[0m [96mhandleRequest[0m] Got request: GET /ndt/get_graph_data
[2026-09-01 05:18:23.254] [info] [[94mHttpSession.cpp[0m:[95m531[0m [96mhandleGetGraphData[0m] Handle Get Graph Data
[2026-09-01 05:18:23.272] [info] [[94mHttpSession.cpp[0m:[95m576[0m [96mhandleGetGraphData[0m] get_graph_data success
[2026-09-01 05:18:23.504] [info] [[94mControllerAndOtherEventHandler.cpp[0m:[95m239[0m [96moperator()[0m] Accepted new connection
[2026-09-01 05:18:23.504] [info] [[94mHttpSession.cpp[0m:[95m96[0m [96mhandleRequest[0m] Got request: GET /ndt/get_graph_data
[2026-09-01 05:18:23.504] [info] [[94mHttpSession.cpp[0m:[95m531[0m [96mhandleGetGraphData[0m] Handle Get Graph Data
[2026-09-01 05:18:23.521] [info] [[94mHttpSession.cpp[0m:[95m576[0m [96mhandleGetGraphData[0m] get_graph_data success
[2026-09-01 05:18:23.754] [info] [[94mControllerAndOtherEventHandler.cpp[0m:[95m239[0m [96moperator()[0m] Accepted new connection
[2026-09-01 05:18:23.754] [info] [[94mHttpSession.cpp[0m:[95m96[0m [96mhandleRequest[0m] Got request: GET /ndt/get_graph_data
[2026-09-01 05:18:23.754] [info] [[94mHttpSession.cpp[0m:[95m531[0m [96mhandleGetGraphData[0m] Handle Get Graph Data
[2026-09-01 05:18:23.772] [info] [[94mHttpSession.cpp[0m:[95m576[0m [96mhandleGetGraphData[0m] get_graph_data success
[2026-09-01 05:18:24.004] [info] [[94mControllerAndOtherEventHandler.cpp[0m:[95m239[0m [96moperator()[0m] Accepted new connection
[2026-09-01 05:18:24.005] [info] [[94mHttpSession.cpp[0m:[95m96[0m [96mhandleRequest[0m] Got request: GET /ndt/get_graph_data
[2026-09-01 05:18:24.005] [info] [[94mHttpSession.cpp[0m:[95m531[0m [96mhandleGetGraphData[0m] Handle Get Graph Data
[2026-09-01 05:18:24.023] [info] [[94mHttpSession.cpp[0m:[95m576[0m [96mhandleGetGraphData[0m] get_graph_data success
[2026-09-01 05:18:24.254] [info] [[94mControllerAndOtherEventHandler.cpp[0m:[95m239[0m [96moperator()[0m] Accepted new connection
[2026-09-01 05:18:24.254] [info] [[94mHttpSession.cpp[0m:[95m96[0m [96mhandleRequest[0m] Got request: GET /ndt/get_graph_data
[2026-09-01 05:18:24.254] [info] [[94mHttpSession.cpp[0m:[95m531[0m [96mhandleGetGraphData[0m] Handle Get Graph Data
[2026-09-01 05:18:24.270] [info] [[94mHttpSession.cpp[0m:[95m576[0m [96mhandleGetGraphData[0m] get_graph_data success
[2026-09-01 05:18:24.504] [info] [[94mControllerAndOtherEventHandler.cpp[0m:[95m239[0m [96moperator()[0m] Accepted new connection
[2026-09-01 05:18:24.504] [info] [[94mHttpSession.cpp[0m:[95m96[0m [96mhandleRequest[0m] Got request: GET /ndt/get_graph_data
[2026-09-01 05:18:24.504] [info] [[94mHttpSession.cpp[0m:[95m531[0m [96mhandleGetGraphData[0m] Handle Get Graph Data
[2026-09-01 05:18:24.523] [info] [[94mHttpSession.cpp[0m:[95m576[0m [96mhandleGetGraphData[0m] get_graph_data success
[2026-09-01 05:18:24.755] [info] [[94mControllerAndOtherEventHandler.cpp[0m:[95m239[0m [96moperator()[0m] Accepted new connection
[2026-09-01 05:18:24.755] [info] [[94mHttpSession.cpp[0m:[95m96[0m [96mhandleRequest[0m] Got request: GET /ndt/get_graph_data
[2026-09-01 05:18:24.755] [info] [[94mHttpSession.cpp[0m:[95m531[0m [96mhandleGetGraphData[0m] Handle Get Graph Data
[2026-09-01 05:18:24.774] [info] [[94mHttpSession.cpp[0m:[95m576[0m [96mhandleGetGraphData[0m] get_graph_data success
[2026-09-01 05:18:24.954] [info] [[94mFlowLinkUsageCollector.cpp[0m:[95m1807[0m [96mcalAvgFlowSendingRatesPeriodically[0m] rate loop period: last 30 iters mean 1000.6 ms | since start (59 iters) mean 1000.4 ms, min 1000.1, max 1001.3 (flows=1, counters=3) -- the LAST-N figure is the current denominator; the since-start one lags it
[2026-09-01 05:18:24.955] [info] [[94mFlowLinkUsageCollector.cpp[0m:[95m2016[0m [96mcalAvgFlowSendingRatesPeriodically[0m] rate divisor check: measured_interval_s=1.000613 divisor_used_s=1.000613 (ticket Q gate: these must agree to 1%; a negative divisor means no rate has been published yet, which is not a pass)
[2026-09-01 05:18:25.004] [info] [[94mControllerAndOtherEventHandler.cpp[0m:[95m239[0m [96moperator()[0m] Accepted new connection
[2026-09-01 05:18:25.004] [info] [[94mHttpSession.cpp[0m:[95m96[0m [96mhandleRequest[0m] Got request: GET /ndt/get_graph_data
[2026-09-01 05:18:25.004] [info] [[94mHttpSession.cpp[0m:[95m531[0m [96mhandleGetGraphData[0m] Handle Get Graph Data
[2026-09-01 05:18:25.023] [info] [[94mHttpSession.cpp[0m:[95m576[0m [96mhandleGetGraphData[0m] get_graph_data success
[2026-09-01 05:18:25.255] [info] [[94mControllerAndOtherEventHandler.cpp[0m:[95m239[0m [96moperator()[0m] Accepted new connection
[2026-09-01 05:18:25.255] [info] [[94mHttpSession.cpp[0m:[95m96[0m [96mhandleRequest[0m] Got request: GET /ndt/get_graph_data
[2026-09-01 05:18:25.255] [info] [[94mHttpSession.cpp[0m:[95m531[0m [96mhandleGetGraphData[0m] Handle Get Graph Data
[2026-09-01 05:18:25.269] [info] [[94mHttpSession.cpp[0m:[95m576[0m [96mhandleGetGraphData[0m] get_graph_data success
[2026-09-01 05:18:25.504] [info] [[94mControllerAndOtherEventHandler.cpp[0m:[95m239[0m [96moperator()[0m] Accepted new connection
[2026-09-01 05:18:25.505] [info] [[94mHttpSession.cpp[0m:[95m96[0m [96mhandleRequest[0m] Got request: GET /ndt/get_graph_data
[2026-09-01 05:18:25.505] [info] [[94mHttpSession.cpp[0m:[95m531[0m [96mhandleGetGraphData[0m] Handle Get Graph Data
[2026-09-01 05:18:25.522] [info] [[94mHttpSession.cpp[0m:[95m576[0m [96mhandleGetGraphData[0m] get_graph_data success
[2026-09-01 05:18:25.754] [info] [[94mControllerAndOtherEventHandler.cpp[0m:[95m239[0m [96moperator()[0m] Accepted new connection
[2026-09-01 05:18:25.755] [info] [[94mHttpSession.cpp[0m:[95m96[0m [96mhandleRequest[0m] Got request: GET /ndt/get_graph_data
[2026-09-01 05:18:25.755] [info] [[94mHttpSession.cpp[0m:[95m531[0m [96mhandleGetGraphData[0m] Handle Get Graph Data
[2026-09-01 05:18:25.773] [info] [[94mHttpSession.cpp[0m:[95m576[0m [96mhandleGetGraphData[0m] get_graph_data success
[2026-09-01 05:18:26.004] [info] [[94mControllerAndOtherEventHandler.cpp[0m:[95m239[0m [96moperator()[0m] Accepted new connection
[2026-09-01 05:18:26.005] [info] [[94mHttpSession.cpp[0m:[95m96[0m [96mhandleRequest[0m] Got request: GET /ndt/get_graph_data
[2026-09-01 05:18:26.005] [info] [[94mHttpSession.cpp[0m:[95m531[0m [96mhandleGetGraphData[0m] Handle Get Graph Data
[2026-09-01 05:18:26.023] [info] [[94mHttpSession.cpp[0m:[95m576[0m [96mhandleGetGraphData[0m] get_graph_data success
[2026-09-01 05:18:26.254] [info] [[94mControllerAndOtherEventHandler.cpp[0m:[95m239[0m [96moperator()[0m] Accepted new connection
[2026-09-01 05:18:26.254] [info] [[94mHttpSession.cpp[0m:[95m96[0m [96mhandleRequest[0m] Got request: GET /ndt/get_graph_data
[2026-09-01 05:18:26.254] [info] [[94mHttpSession.cpp[0m:[95m531[0m [96mhandleGetGraphData[0m] Handle Get Graph Data
[2026-09-01 05:18:26.269] [info] [[94mHttpSession.cpp[0m:[95m576[0m [96mhandleGetGraphData[0m] get_graph_data success
[2026-09-01 05:18:26.504] [info] [[94mControllerAndOtherEventHandler.cpp[0m:[95m239[0m [96moperator()[0m] Accepted new connection
[2026-09-01 05:18:26.505] [info] [[94mHttpSession.cpp[0m:[95m96[0m [96mhandleRequest[0m] Got request: GET /ndt/get_graph_data
[2026-09-01 05:18:26.505] [info] [[94mHttpSession.cpp[0m:[95m531[0m [96mhandleGetGraphData[0m] Handle Get Graph Data
[2026-09-01 05:18:26.520] [info] [[94mHttpSession.cpp[0m:[95m576[0m [96mhandleGetGraphData[0m] get_graph_data success
[2026-09-01 05:18:26.755] [info] [[94mControllerAndOtherEventHandler.cpp[0m:[95m239[0m [96moperator()[0m] Accepted new connection
[2026-09-01 05:18:26.755] [info] [[94mHttpSession.cpp[0m:[95m96[0m [96mhandleRequest[0m] Got request: GET /ndt/get_graph_data
[2026-09-01 05:18:26.755] [info] [[94mHttpSession.cpp[0m:[95m531[0m [96mhandleGetGraphData[0m] Handle Get Graph Data
[2026-09-01 05:18:26.774] [info] [[94mHttpSession.cpp[0m:[95m576[0m [96mhandleGetGraphData[0m] get_graph_data success
[2026-09-01 05:18:27.005] [info] [[94mControllerAndOtherEventHandler.cpp[0m:[95m239[0m [96moperator()[0m] Accepted new connection
[2026-09-01 05:18:27.005] [info] [[94mHttpSession.cpp[0m:[95m96[0m [96mhandleRequest[0m] Got request: GET /ndt/get_graph_data
[2026-09-01 05:18:27.005] [info] [[94mHttpSession.cpp[0m:[95m531[0m [96mhandleGetGraphData[0m] Handle Get Graph Data
[2026-09-01 05:18:27.024] [info] [[94mHttpSession.cpp[0m:[95m576[0m [96mhandleGetGraphData[0m] get_graph_data success
[2026-09-01 05:18:27.255] [info] [[94mControllerAndOtherEventHandler.cpp[0m:[95m239[0m [96moperator()[0m] Accepted new connection
[2026-09-01 05:18:27.255] [info] [[94mHttpSession.cpp[0m:[95m96[0m [96mhandleRequest[0m] Got request: GET /ndt/get_graph_data
[2026-09-01 05:18:27.256] [info] [[94mHttpSession.cpp[0m:[95m531[0m [96mhandleGetGraphData[0m] Handle Get Graph Data
[2026-09-01 05:18:27.274] [info] [[94mHttpSession.cpp[0m:[95m576[0m [96mhandleGetGraphData[0m] get_graph_data success
[2026-09-01 05:18:27.504] [info] [[94mControllerAndOtherEventHandler.cpp[0m:[95m239[0m [96moperator()[0m] Accepted new connection
[2026-09-01 05:18:27.505] [info] [[94mHttpSession.cpp[0m:[95m96[0m [96mhandleRequest[0m] Got request: GET /ndt/get_graph_data
[2026-09-01 05:18:27.505] [info] [[94mHttpSession.cpp[0m:[95m531[0m [96mhandleGetGraphData[0m] Handle Get Graph Data
[2026-09-01 05:18:27.518] [info] [[94mHttpSession.cpp[0m:[95m576[0m [96mhandleGetGraphData[0m] get_graph_data success
[2026-09-01 05:18:27.755] [info] [[94mControllerAndOtherEventHandler.cpp[0m:[95m239[0m [96moperator()[0m] Accepted new connection
[2026-09-01 05:18:27.755] [info] [[94mHttpSession.cpp[0m:[95m96[0m [96mhandleRequest[0m] Got request: GET /ndt/get_graph_data
[2026-09-01 05:18:27.755] [info] [[94mHttpSession.cpp[0m:[95m531[0m [96mhandleGetGraphData[0m] Handle Get Graph Data
[2026-09-01 05:18:27.773] [info] [[94mHttpSession.cpp[0m:[95m576[0m [96mhandleGetGraphData[0m] get_graph_data success
[2026-09-01 05:18:28.005] [info] [[94mControllerAndOtherEventHandler.cpp[0m:[95m239[0m [96moperator()[0m] Accepted new connection
[2026-09-01 05:18:28.005] [info] [[94mHttpSession.cpp[0m:[95m96[0m [96mhandleRequest[0m] Got request: GET /ndt/get_graph_data
[2026-09-01 05:18:28.005] [info] [[94mHttpSession.cpp[0m:[95m531[0m [96mhandleGetGraphData[0m] Handle Get Graph Data
[2026-09-01 05:18:28.024] [info] [[94mHttpSession.cpp[0m:[95m576[0m [96mhandleGetGraphData[0m] get_graph_data success
[2026-09-01 05:18:28.256] [info] [[94mControllerAndOtherEventHandler.cpp[0m:[95m239[0m [96moperator()[0m] Accepted new connection
[2026-09-01 05:18:28.256] [info] [[94mHttpSession.cpp[0m:[95m96[0m [96mhandleRequest[0m] Got request: GET /ndt/get_graph_data
[2026-09-01 05:18:28.256] [info] [[94mHttpSession.cpp[0m:[95m531[0m [96mhandleGetGraphData[0m] Handle Get Graph Data
[2026-09-01 05:18:28.270] [info] [[94mHttpSession.cpp[0m:[95m576[0m [96mhandleGetGraphData[0m] get_graph_data success
[2026-09-01 05:18:28.505] [info] [[94mControllerAndOtherEventHandler.cpp[0m:[95m239[0m [96moperator()[0m] Accepted new connection
[2026-09-01 05:18:28.505] [info] [[94mHttpSession.cpp[0m:[95m96[0m [96mhandleRequest[0m] Got request: GET /ndt/get_graph_data
[2026-09-01 05:18:28.505] [info] [[94mHttpSession.cpp[0m:[95m531[0m [96mhandleGetGraphData[0m] Handle Get Graph Data
[2026-09-01 05:18:28.517] [info] [[94mHttpSession.cpp[0m:[95m576[0m [96mhandleGetGraphData[0m] get_graph_data success
[2026-09-01 05:18:28.755] [info] [[94mControllerAndOtherEventHandler.cpp[0m:[95m239[0m [96moperator()[0m] Accepted new connection
[2026-09-01 05:18:28.755] [info] [[94mHttpSession.cpp[0m:[95m96[0m [96mhandleRequest[0m] Got request: GET /ndt/get_graph_data
[2026-09-01 05:18:28.755] [info] [[94mHttpSession.cpp[0m:[95m531[0m [96mhandleGetGraphData[0m] Handle Get Graph Data
[2026-09-01 05:18:28.767] [info] [[94mHttpSession.cpp[0m:[95m576[0m [96mhandleGetGraphData[0m] get_graph_data success
[2026-09-01 05:18:29.005] [info] [[94mControllerAndOtherEventHandler.cpp[0m:[95m239[0m [96moperator()[0m] Accepted new connection
[2026-09-01 05:18:29.005] [info] [[94mHttpSession.cpp[0m:[95m96[0m [96mhandleRequest[0m] Got request: GET /ndt/get_graph_data
[2026-09-01 05:18:29.005] [info] [[94mHttpSession.cpp[0m:[95m531[0m [96mhandleGetGraphData[0m] Handle Get Graph Data
[2026-09-01 05:18:29.019] [info] [[94mHttpSession.cpp[0m:[95m576[0m [96mhandleGetGraphData[0m] get_graph_data success
[2026-09-01 05:18:29.256] [info] [[94mControllerAndOtherEventHandler.cpp[0m:[95m239[0m [96moperator()[0m] Accepted new connection
[2026-09-01 05:18:29.256] [info] [[94mHttpSession.cpp[0m:[95m96[0m [96mhandleRequest[0m] Got request: GET /ndt/get_graph_data
[2026-09-01 05:18:29.256] [info] [[94mHttpSession.cpp[0m:[95m531[0m [96mhandleGetGraphData[0m] Handle Get Graph Data
[2026-09-01 05:18:29.275] [info] [[94mHttpSession.cpp[0m:[95m576[0m [96mhandleGetGraphData[0m] get_graph_data success
[2026-09-01 05:18:29.505] [info] [[94mControllerAndOtherEventHandler.cpp[0m:[95m239[0m [96moperator()[0m] Accepted new connection
[2026-09-01 05:18:29.506] [info] [[94mHttpSession.cpp[0m:[95m96[0m [96mhandleRequest[0m] Got request: GET /ndt/get_graph_data
[2026-09-01 05:18:29.506] [info] [[94mHttpSession.cpp[0m:[95m531[0m [96mhandleGetGraphData[0m] Handle Get Graph Data
[2026-09-01 05:18:29.522] [info] [[94mHttpSession.cpp[0m:[95m576[0m [96mhandleGetGraphData[0m] get_graph_data success
[2026-09-01 05:18:29.755] [info] [[94mControllerAndOtherEventHandler.cpp[0m:[95m239[0m [96moperator()[0m] Accepted new connection
[2026-09-01 05:18:29.756] [info] [[94mHttpSession.cpp[0m:[95m96[0m [96mhandleRequest[0m] Got request: GET /ndt/get_graph_data
[2026-09-01 05:18:29.756] [info] [[94mHttpSession.cpp[0m:[95m531[0m [96mhandleGetGraphData[0m] Handle Get Graph Data
[2026-09-01 05:18:29.774] [info] [[94mHttpSession.cpp[0m:[95m576[0m [96mhandleGetGraphData[0m] get_graph_data success
[2026-09-01 05:18:30.006] [info] [[94mControllerAndOtherEventHandler.cpp[0m:[95m239[0m [96moperator()[0m] Accepted new connection
[2026-09-01 05:18:30.006] [info] [[94mHttpSession.cpp[0m:[95m96[0m [96mhandleRequest[0m] Got request: GET /ndt/get_graph_data
[2026-09-01 05:18:30.006] [info] [[94mHttpSession.cpp[0m:[95m531[0m [96mhandleGetGraphData[0m] Handle Get Graph Data
[2026-09-01 05:18:30.024] [info] [[94mHttpSession.cpp[0m:[95m576[0m [96mhandleGetGraphData[0m] get_graph_data success
[2026-09-01 05:18:30.256] [info] [[94mControllerAndOtherEventHandler.cpp[0m:[95m239[0m [96moperator()[0m] Accepted new connection
[2026-09-01 05:18:30.256] [info] [[94mHttpSession.cpp[0m:[95m96[0m [96mhandleRequest[0m] Got request: GET /ndt/get_graph_data
[2026-09-01 05:18:30.256] [info] [[94mHttpSession.cpp[0m:[95m531[0m [96mhandleGetGraphData[0m] Handle Get Graph Data
[2026-09-01 05:18:30.275] [info] [[94mHttpSession.cpp[0m:[95m576[0m [96mhandleGetGraphData[0m] get_graph_data success
[2026-09-01 05:18:30.506] [info] [[94mControllerAndOtherEventHandler.cpp[0m:[95m239[0m [96moperator()[0m] Accepted new connection
[2026-09-01 05:18:30.507] [info] [[94mHttpSession.cpp[0m:[95m96[0m [96mhandleRequest[0m] Got request: GET /ndt/get_graph_data
[2026-09-01 05:18:30.507] [info] [[94mHttpSession.cpp[0m:[95m531[0m [96mhandleGetGraphData[0m] Handle Get Graph Data
[2026-09-01 05:18:30.523] [info] [[94mHttpSession.cpp[0m:[95m576[0m [96mhandleGetGraphData[0m] get_graph_data success
[2026-09-01 05:18:30.756] [info] [[94mControllerAndOtherEventHandler.cpp[0m:[95m239[0m [96moperator()[0m] Accepted new connection
[2026-09-01 05:18:30.757] [info] [[94mHttpSession.cpp[0m:[95m96[0m [96mhandleRequest[0m] Got request: GET /ndt/get_graph_data
[2026-09-01 05:18:30.757] [info] [[94mHttpSession.cpp[0m:[95m531[0m [96mhandleGetGraphData[0m] Handle Get Graph Data
[2026-09-01 05:18:30.776] [info] [[94mHttpSession.cpp[0m:[95m576[0m [96mhandleGetGraphData[0m] get_graph_data success
[2026-09-01 05:18:31.007] [info] [[94mControllerAndOtherEventHandler.cpp[0m:[95m239[0m [96moperator()[0m] Accepted new connection
[2026-09-01 05:18:31.007] [info] [[94mHttpSession.cpp[0m:[95m96[0m [96mhandleRequest[0m] Got request: GET /ndt/get_graph_data
[2026-09-01 05:18:31.007] [info] [[94mHttpSession.cpp[0m:[95m531[0m [96mhandleGetGraphData[0m] Handle Get Graph Data
[2026-09-01 05:18:31.024] [info] [[94mHttpSession.cpp[0m:[95m576[0m [96mhandleGetGraphData[0m] get_graph_data success
[2026-09-01 05:18:31.257] [info] [[94mControllerAndOtherEventHandler.cpp[0m:[95m239[0m [96moperator()[0m] Accepted new connection
[2026-09-01 05:18:31.257] [info] [[94mHttpSession.cpp[0m:[95m96[0m [96mhandleRequest[0m] Got request: GET /ndt/get_graph_data
[2026-09-01 05:18:31.257] [info] [[94mHttpSession.cpp[0m:[95m531[0m [96mhandleGetGraphData[0m] Handle Get Graph Data
[2026-09-01 05:18:31.276] [info] [[94mHttpSession.cpp[0m:[95m576[0m [96mhandleGetGraphData[0m] get_graph_data success
[2026-09-01 05:18:31.506] [info] [[94mControllerAndOtherEventHandler.cpp[0m:[95m239[0m [96moperator()[0m] Accepted new connection
[2026-09-01 05:18:31.506] [info] [[94mHttpSession.cpp[0m:[95m96[0m [96mhandleRequest[0m] Got request: GET /ndt/get_graph_data
[2026-09-01 05:18:31.506] [info] [[94mHttpSession.cpp[0m:[95m531[0m [96mhandleGetGraphData[0m] Handle Get Graph Data
[2026-09-01 05:18:31.525] [info] [[94mHttpSession.cpp[0m:[95m576[0m [96mhandleGetGraphData[0m] get_graph_data success
[2026-09-01 05:18:31.589] [info] [[94mFlowLinkUsageCollector.cpp[0m:[95m2558[0m [96mfetchAllDestinationPaths[0m] Pulled 16256 paths from controller
[2026-09-01 05:18:31.756] [info] [[94mControllerAndOtherEventHandler.cpp[0m:[95m239[0m [96moperator()[0m] Accepted new connection
[2026-09-01 05:18:31.756] [info] [[94mHttpSession.cpp[0m:[95m96[0m [96mhandleRequest[0m] Got request: GET /ndt/get_graph_data
[2026-09-01 05:18:31.756] [info] [[94mHttpSession.cpp[0m:[95m531[0m [96mhandleGetGraphData[0m] Handle Get Graph Data
[2026-09-01 05:18:31.775] [info] [[94mHttpSession.cpp[0m:[95m576[0m [96mhandleGetGraphData[0m] get_graph_data success
[2026-09-01 05:18:32.007] [info] [[94mControllerAndOtherEventHandler.cpp[0m:[95m239[0m [96moperator()[0m] Accepted new connection
[2026-09-01 05:18:32.007] [info] [[94mHttpSession.cpp[0m:[95m96[0m [96mhandleRequest[0m] Got request: GET /ndt/get_graph_data
[2026-09-01 05:18:32.007] [info] [[94mHttpSession.cpp[0m:[95m531[0m [96mhandleGetGraphData[0m] Handle Get Graph Data
[2026-09-01 05:18:32.026] [info] [[94mHttpSession.cpp[0m:[95m576[0m [96mhandleGetGraphData[0m] get_graph_data success
[2026-09-01 05:18:32.257] [info] [[94mControllerAndOtherEventHandler.cpp[0m:[95m239[0m [96moperator()[0m] Accepted new connection
[2026-09-01 05:18:32.257] [info] [[94mHttpSession.cpp[0m:[95m96[0m [96mhandleRequest[0m] Got request: GET /ndt/get_graph_data
[2026-09-01 05:18:32.257] [info] [[94mHttpSession.cpp[0m:[95m531[0m [96mhandleGetGraphData[0m] Handle Get Graph Data
[2026-09-01 05:18:32.276] [info] [[94mHttpSession.cpp[0m:[95m576[0m [96mhandleGetGraphData[0m] get_graph_data success
[2026-09-01 05:18:32.506] [info] [[94mControllerAndOtherEventHandler.cpp[0m:[95m239[0m [96moperator()[0m] Accepted new connection
[2026-09-01 05:18:32.507] [info] [[94mHttpSession.cpp[0m:[95m96[0m [96mhandleRequest[0m] Got request: GET /ndt/get_graph_data
[2026-09-01 05:18:32.507] [info] [[94mHttpSession.cpp[0m:[95m531[0m [96mhandleGetGraphData[0m] Handle Get Graph Data
[2026-09-01 05:18:32.525] [info] [[94mHttpSession.cpp[0m:[95m576[0m [96mhandleGetGraphData[0m] get_graph_data success
[2026-09-01 05:18:32.756] [info] [[94mControllerAndOtherEventHandler.cpp[0m:[95m239[0m [96moperator()[0m] Accepted new connection
[2026-09-01 05:18:32.757] [info] [[94mHttpSession.cpp[0m:[95m96[0m [96mhandleRequest[0m] Got request: GET /ndt/get_graph_data
[2026-09-01 05:18:32.757] [info] [[94mHttpSession.cpp[0m:[95m531[0m [96mhandleGetGraphData[0m] Handle Get Graph Data
[2026-09-01 05:18:32.772] [info] [[94mHttpSession.cpp[0m:[95m576[0m [96mhandleGetGraphData[0m] get_graph_data success
[2026-09-01 05:18:33.007] [info] [[94mControllerAndOtherEventHandler.cpp[0m:[95m239[0m [96moperator()[0m] Accepted new connection
[2026-09-01 05:18:33.007] [info] [[94mHttpSession.cpp[0m:[95m96[0m [96mhandleRequest[0m] Got request: GET /ndt/get_graph_data
[2026-09-01 05:18:33.007] [info] [[94mHttpSession.cpp[0m:[95m531[0m [96mhandleGetGraphData[0m] Handle Get Graph Data
[2026-09-01 05:18:33.026] [info] [[94mHttpSession.cpp[0m:[95m576[0m [96mhandleGetGraphData[0m] get_graph_data success
[2026-09-01 05:18:33.257] [info] [[94mControllerAndOtherEventHandler.cpp[0m:[95m239[0m [96moperator()[0m] Accepted new connection
[2026-09-01 05:18:33.257] [info] [[94mHttpSession.cpp[0m:[95m96[0m [96mhandleRequest[0m] Got request: GET /ndt/get_graph_data
[2026-09-01 05:18:33.257] [info] [[94mHttpSession.cpp[0m:[95m531[0m [96mhandleGetGraphData[0m] Handle Get Graph Data
[2026-09-01 05:18:33.276] [info] [[94mHttpSession.cpp[0m:[95m576[0m [96mhandleGetGraphData[0m] get_graph_data success
[2026-09-01 05:18:33.507] [info] [[94mControllerAndOtherEventHandler.cpp[0m:[95m239[0m [96moperator()[0m] Accepted new connection
[2026-09-01 05:18:33.508] [info] [[94mHttpSession.cpp[0m:[95m96[0m [96mhandleRequest[0m] Got request: GET /ndt/get_graph_data
[2026-09-01 05:18:33.508] [info] [[94mHttpSession.cpp[0m:[95m531[0m [96mhandleGetGraphData[0m] Handle Get Graph Data
[2026-09-01 05:18:33.526] [info] [[94mHttpSession.cpp[0m:[95m576[0m [96mhandleGetGraphData[0m] get_graph_data success
[2026-09-01 05:18:33.757] [info] [[94mControllerAndOtherEventHandler.cpp[0m:[95m239[0m [96moperator()[0m] Accepted new connection
[2026-09-01 05:18:33.758] [info] [[94mHttpSession.cpp[0m:[95m96[0m [96mhandleRequest[0m] Got request: GET /ndt/get_graph_data
[2026-09-01 05:18:33.758] [info] [[94mHttpSession.cpp[0m:[95m531[0m [96mhandleGetGraphData[0m] Handle Get Graph Data
[2026-09-01 05:18:33.776] [info] [[94mHttpSession.cpp[0m:[95m576[0m [96mhandleGetGraphData[0m] get_graph_data success
[2026-09-01 05:18:34.007] [info] [[94mControllerAndOtherEventHandler.cpp[0m:[95m239[0m [96moperator()[0m] Accepted new connection
[2026-09-01 05:18:34.007] [info] [[94mHttpSession.cpp[0m:[95m96[0m [96mhandleRequest[0m] Got request: GET /ndt/get_graph_data
[2026-09-01 05:18:34.007] [info] [[94mHttpSession.cpp[0m:[95m531[0m [96mhandleGetGraphData[0m] Handle Get Graph Data
[2026-09-01 05:18:34.020] [info] [[94mHttpSession.cpp[0m:[95m576[0m [96mhandleGetGraphData[0m] get_graph_data success
[2026-09-01 05:18:34.257] [info] [[94mControllerAndOtherEventHandler.cpp[0m:[95m239[0m [96moperator()[0m] Accepted new connection
[2026-09-01 05:18:34.257] [info] [[94mHttpSession.cpp[0m:[95m96[0m [96mhandleRequest[0m] Got request: GET /ndt/get_graph_data
[2026-09-01 05:18:34.257] [info] [[94mHttpSession.cpp[0m:[95m531[0m [96mhandleGetGraphData[0m] Handle Get Graph Data
[2026-09-01 05:18:34.275] [info] [[94mHttpSession.cpp[0m:[95m576[0m [96mhandleGetGraphData[0m] get_graph_data success
[2026-09-01 05:18:34.507] [info] [[94mControllerAndOtherEventHandler.cpp[0m:[95m239[0m [96moperator()[0m] Accepted new connection
[2026-09-01 05:18:34.507] [info] [[94mHttpSession.cpp[0m:[95m96[0m [96mhandleRequest[0m] Got request: GET /ndt/get_graph_data
[2026-09-01 05:18:34.507] [info] [[94mHttpSession.cpp[0m:[95m531[0m [96mhandleGetGraphData[0m] Handle Get Graph Data
[2026-09-01 05:18:34.519] [info] [[94mHttpSession.cpp[0m:[95m576[0m [96mhandleGetGraphData[0m] get_graph_data success
[2026-09-01 05:18:34.758] [info] [[94mControllerAndOtherEventHandler.cpp[0m:[95m239[0m [96moperator()[0m] Accepted new connection
[2026-09-01 05:18:34.758] [info] [[94mHttpSession.cpp[0m:[95m96[0m [96mhandleRequest[0m] Got request: GET /ndt/get_graph_data
[2026-09-01 05:18:34.758] [info] [[94mHttpSession.cpp[0m:[95m531[0m [96mhandleGetGraphData[0m] Handle Get Graph Data
[2026-09-01 05:18:34.775] [info] [[94mHttpSession.cpp[0m:[95m576[0m [96mhandleGetGraphData[0m] get_graph_data success
[2026-09-01 05:18:35.008] [info] [[94mControllerAndOtherEventHandler.cpp[0m:[95m239[0m [96moperator()[0m] Accepted new connection
[2026-09-01 05:18:35.008] [info] [[94mHttpSession.cpp[0m:[95m96[0m [96mhandleRequest[0m] Got request: GET /ndt/get_graph_data
[2026-09-01 05:18:35.008] [info] [[94mHttpSession.cpp[0m:[95m531[0m [96mhandleGetGraphData[0m] Handle Get Graph Data
[2026-09-01 05:18:35.024] [info] [[94mHttpSession.cpp[0m:[95m576[0m [96mhandleGetGraphData[0m] get_graph_data success
[2026-09-01 05:18:35.257] [info] [[94mControllerAndOtherEventHandler.cpp[0m:[95m239[0m [96moperator()[0m] Accepted new connection
[2026-09-01 05:18:35.258] [info] [[94mHttpSession.cpp[0m:[95m96[0m [96mhandleRequest[0m] Got request: GET /ndt/get_graph_data
[2026-09-01 05:18:35.258] [info] [[94mHttpSession.cpp[0m:[95m531[0m [96mhandleGetGraphData[0m] Handle Get Graph Data
[2026-09-01 05:18:35.274] [info] [[94mHttpSession.cpp[0m:[95m576[0m [96mhandleGetGraphData[0m] get_graph_data success
[2026-09-01 05:18:35.508] [info] [[94mControllerAndOtherEventHandler.cpp[0m:[95m239[0m [96moperator()[0m] Accepted new connection
[2026-09-01 05:18:35.508] [info] [[94mHttpSession.cpp[0m:[95m96[0m [96mhandleRequest[0m] Got request: GET /ndt/get_graph_data
[2026-09-01 05:18:35.508] [info] [[94mHttpSession.cpp[0m:[95m531[0m [96mhandleGetGraphData[0m] Handle Get Graph Data
[2026-09-01 05:18:35.519] [info] [[94mHttpSession.cpp[0m:[95m576[0m [96mhandleGetGraphData[0m] get_graph_data success
[2026-09-01 05:18:35.758] [info] [[94mControllerAndOtherEventHandler.cpp[0m:[95m239[0m [96moperator()[0m] Accepted new connection
[2026-09-01 05:18:35.758] [info] [[94mHttpSession.cpp[0m:[95m96[0m [96mhandleRequest[0m] Got request: GET /ndt/get_graph_data
[2026-09-01 05:18:35.758] [info] [[94mHttpSession.cpp[0m:[95m531[0m [96mhandleGetGraphData[0m] Handle Get Graph Data
[2026-09-01 05:18:35.770] [info] [[94mHttpSession.cpp[0m:[95m576[0m [96mhandleGetGraphData[0m] get_graph_data success
[2026-09-01 05:18:36.008] [info] [[94mControllerAndOtherEventHandler.cpp[0m:[95m239[0m [96moperator()[0m] Accepted new connection
[2026-09-01 05:18:36.008] [info] [[94mHttpSession.cpp[0m:[95m96[0m [96mhandleRequest[0m] Got request: GET /ndt/get_graph_data
[2026-09-01 05:18:36.008] [info] [[94mHttpSession.cpp[0m:[95m531[0m [96mhandleGetGraphData[0m] Handle Get Graph Data
[2026-09-01 05:18:36.025] [info] [[94mHttpSession.cpp[0m:[95m576[0m [96mhandleGetGraphData[0m] get_graph_data success
[2026-09-01 05:18:36.258] [info] [[94mControllerAndOtherEventHandler.cpp[0m:[95m239[0m [96moperator()[0m] Accepted new connection
[2026-09-01 05:18:36.258] [info] [[94mHttpSession.cpp[0m:[95m96[0m [96mhandleRequest[0m] Got request: GET /ndt/get_graph_data
[2026-09-01 05:18:36.258] [info] [[94mHttpSession.cpp[0m:[95m531[0m [96mhandleGetGraphData[0m] Handle Get Graph Data
[2026-09-01 05:18:36.269] [info] [[94mHttpSession.cpp[0m:[95m576[0m [96mhandleGetGraphData[0m] get_graph_data success
[2026-09-01 05:18:36.508] [info] [[94mControllerAndOtherEventHandler.cpp[0m:[95m239[0m [96moperator()[0m] Accepted new connection
[2026-09-01 05:18:36.508] [info] [[94mHttpSession.cpp[0m:[95m96[0m [96mhandleRequest[0m] Got request: GET /ndt/get_graph_data
[2026-09-01 05:18:36.508] [info] [[94mHttpSession.cpp[0m:[95m531[0m [96mhandleGetGraphData[0m] Handle Get Graph Data
[2026-09-01 05:18:36.526] [info] [[94mHttpSession.cpp[0m:[95m576[0m [96mhandleGetGraphData[0m] get_graph_data success
[2026-09-01 05:18:36.758] [info] [[94mControllerAndOtherEventHandler.cpp[0m:[95m239[0m [96moperator()[0m] Accepted new connection
[2026-09-01 05:18:36.759] [info] [[94mHttpSession.cpp[0m:[95m96[0m [96mhandleRequest[0m] Got request: GET /ndt/get_graph_data
[2026-09-01 05:18:36.759] [info] [[94mHttpSession.cpp[0m:[95m531[0m [96mhandleGetGraphData[0m] Handle Get Graph Data
[2026-09-01 05:18:36.777] [info] [[94mHttpSession.cpp[0m:[95m576[0m [96mhandleGetGraphData[0m] get_graph_data success
[2026-09-01 05:18:37.009] [info] [[94mControllerAndOtherEventHandler.cpp[0m:[95m239[0m [96moperator()[0m] Accepted new connection
[2026-09-01 05:18:37.009] [info] [[94mHttpSession.cpp[0m:[95m96[0m [96mhandleRequest[0m] Got request: GET /ndt/get_graph_data
[2026-09-01 05:18:37.009] [info] [[94mHttpSession.cpp[0m:[95m531[0m [96mhandleGetGraphData[0m] Handle Get Graph Data
[2026-09-01 05:18:37.027] [info] [[94mHttpSession.cpp[0m:[95m576[0m [96mhandleGetGraphData[0m] get_graph_data success
[2026-09-01 05:18:37.259] [info] [[94mControllerAndOtherEventHandler.cpp[0m:[95m239[0m [96moperator()[0m] Accepted new connection
[2026-09-01 05:18:37.259] [info] [[94mHttpSession.cpp[0m:[95m96[0m [96mhandleRequest[0m] Got request: GET /ndt/get_graph_data
[2026-09-01 05:18:37.259] [info] [[94mHttpSession.cpp[0m:[95m531[0m [96mhandleGetGraphData[0m] Handle Get Graph Data
[2026-09-01 05:18:37.276] [info] [[94mHttpSession.cpp[0m:[95m576[0m [96mhandleGetGraphData[0m] get_graph_data success
[2026-09-01 05:18:37.508] [info] [[94mControllerAndOtherEventHandler.cpp[0m:[95m239[0m [96moperator()[0m] Accepted new connection
[2026-09-01 05:18:37.508] [info] [[94mHttpSession.cpp[0m:[95m96[0m [96mhandleRequest[0m] Got request: GET /ndt/get_graph_data
[2026-09-01 05:18:37.508] [info] [[94mHttpSession.cpp[0m:[95m531[0m [96mhandleGetGraphData[0m] Handle Get Graph Data
[2026-09-01 05:18:37.527] [info] [[94mHttpSession.cpp[0m:[95m576[0m [96mhandleGetGraphData[0m] get_graph_data success
[2026-09-01 05:18:37.759] [info] [[94mControllerAndOtherEventHandler.cpp[0m:[95m239[0m [96moperator()[0m] Accepted new connection
[2026-09-01 05:18:37.759] [info] [[94mHttpSession.cpp[0m:[95m96[0m [96mhandleRequest[0m] Got request: GET /ndt/get_graph_data
[2026-09-01 05:18:37.759] [info] [[94mHttpSession.cpp[0m:[95m531[0m [96mhandleGetGraphData[0m] Handle Get Graph Data
[2026-09-01 05:18:37.777] [info] [[94mHttpSession.cpp[0m:[95m576[0m [96mhandleGetGraphData[0m] get_graph_data success
[2026-09-01 05:18:38.009] [info] [[94mControllerAndOtherEventHandler.cpp[0m:[95m239[0m [96moperator()[0m] Accepted new connection
[2026-09-01 05:18:38.009] [info] [[94mHttpSession.cpp[0m:[95m96[0m [96mhandleRequest[0m] Got request: GET /ndt/get_graph_data
[2026-09-01 05:18:38.009] [info] [[94mHttpSession.cpp[0m:[95m531[0m [96mhandleGetGraphData[0m] Handle Get Graph Data
[2026-09-01 05:18:38.028] [info] [[94mHttpSession.cpp[0m:[95m576[0m [96mhandleGetGraphData[0m] get_graph_data success
[2026-09-01 05:18:38.258] [info] [[94mControllerAndOtherEventHandler.cpp[0m:[95m239[0m [96moperator()[0m] Accepted new connection
[2026-09-01 05:18:38.259] [info] [[94mHttpSession.cpp[0m:[95m96[0m [96mhandleRequest[0m] Got request: GET /ndt/get_graph_data
[2026-09-01 05:18:38.259] [info] [[94mHttpSession.cpp[0m:[95m531[0m [96mhandleGetGraphData[0m] Handle Get Graph Data
[2026-09-01 05:18:38.271] [info] [[94mHttpSession.cpp[0m:[95m576[0m [96mhandleGetGraphData[0m] get_graph_data success
[2026-09-01 05:18:38.508] [info] [[94mControllerAndOtherEventHandler.cpp[0m:[95m239[0m [96moperator()[0m] Accepted new connection
[2026-09-01 05:18:38.509] [info] [[94mHttpSession.cpp[0m:[95m96[0m [96mhandleRequest[0m] Got request: GET /ndt/get_graph_data
[2026-09-01 05:18:38.509] [info] [[94mHttpSession.cpp[0m:[95m531[0m [96mhandleGetGraphData[0m] Handle Get Graph Data
[2026-09-01 05:18:38.528] [info] [[94mHttpSession.cpp[0m:[95m576[0m [96mhandleGetGraphData[0m] get_graph_data success
[2026-09-01 05:18:38.759] [info] [[94mControllerAndOtherEventHandler.cpp[0m:[95m239[0m [96moperator()[0m] Accepted new connection
[2026-09-01 05:18:38.759] [info] [[94mHttpSession.cpp[0m:[95m96[0m [96mhandleRequest[0m] Got request: GET /ndt/get_graph_data
[2026-09-01 05:18:38.759] [info] [[94mHttpSession.cpp[0m:[95m531[0m [96mhandleGetGraphData[0m] Handle Get Graph Data
[2026-09-01 05:18:38.779] [info] [[94mHttpSession.cpp[0m:[95m576[0m [96mhandleGetGraphData[0m] get_graph_data success
[2026-09-01 05:18:39.009] [info] [[94mControllerAndOtherEventHandler.cpp[0m:[95m239[0m [96moperator()[0m] Accepted new connection
[2026-09-01 05:18:39.009] [info] [[94mHttpSession.cpp[0m:[95m96[0m [96mhandleRequest[0m] Got request: GET /ndt/get_graph_data
[2026-09-01 05:18:39.010] [info] [[94mHttpSession.cpp[0m:[95m531[0m [96mhandleGetGraphData[0m] Handle Get Graph Data
[2026-09-01 05:18:39.028] [info] [[94mHttpSession.cpp[0m:[95m576[0m [96mhandleGetGraphData[0m] get_graph_data success
[2026-09-01 05:18:39.258] [info] [[94mControllerAndOtherEventHandler.cpp[0m:[95m239[0m [96moperator()[0m] Accepted new connection
[2026-09-01 05:18:39.259] [info] [[94mHttpSession.cpp[0m:[95m96[0m [96mhandleRequest[0m] Got request: GET /ndt/get_graph_data
[2026-09-01 05:18:39.259] [info] [[94mHttpSession.cpp[0m:[95m531[0m [96mhandleGetGraphData[0m] Handle Get Graph Data
[2026-09-01 05:18:39.271] [info] [[94mHttpSession.cpp[0m:[95m576[0m [96mhandleGetGraphData[0m] get_graph_data success
[2026-09-01 05:18:39.509] [info] [[94mControllerAndOtherEventHandler.cpp[0m:[95m239[0m [96moperator()[0m] Accepted new connection
[2026-09-01 05:18:39.509] [info] [[94mHttpSession.cpp[0m:[95m96[0m [96mhandleRequest[0m] Got request: GET /ndt/get_graph_data
[2026-09-01 05:18:39.509] [info] [[94mHttpSession.cpp[0m:[95m531[0m [96mhandleGetGraphData[0m] Handle Get Graph Data
[2026-09-01 05:18:39.527] [info] [[94mHttpSession.cpp[0m:[95m576[0m [96mhandleGetGraphData[0m] get_graph_data success
[2026-09-01 05:18:39.759] [info] [[94mControllerAndOtherEventHandler.cpp[0m:[95m239[0m [96moperator()[0m] Accepted new connection
[2026-09-01 05:18:39.759] [info] [[94mHttpSession.cpp[0m:[95m96[0m [96mhandleRequest[0m] Got request: GET /ndt/get_graph_data
[2026-09-01 05:18:39.759] [info] [[94mHttpSession.cpp[0m:[95m531[0m [96mhandleGetGraphData[0m] Handle Get Graph Data
[2026-09-01 05:18:39.777] [info] [[94mHttpSession.cpp[0m:[95m576[0m [96mhandleGetGraphData[0m] get_graph_data success
[2026-09-01 05:18:40.009] [info] [[94mControllerAndOtherEventHandler.cpp[0m:[95m239[0m [96moperator()[0m] Accepted new connection
[2026-09-01 05:18:40.009] [info] [[94mHttpSession.cpp[0m:[95m96[0m [96mhandleRequest[0m] Got request: GET /ndt/get_graph_data
[2026-09-01 05:18:40.009] [info] [[94mHttpSession.cpp[0m:[95m531[0m [96mhandleGetGraphData[0m] Handle Get Graph Data
[2026-09-01 05:18:40.024] [info] [[94mHttpSession.cpp[0m:[95m576[0m [96mhandleGetGraphData[0m] get_graph_data success
[2026-09-01 05:18:40.259] [info] [[94mControllerAndOtherEventHandler.cpp[0m:[95m239[0m [96moperator()[0m] Accepted new connection
[2026-09-01 05:18:40.259] [info] [[94mHttpSession.cpp[0m:[95m96[0m [96mhandleRequest[0m] Got request: GET /ndt/get_graph_data
[2026-09-01 05:18:40.259] [info] [[94mHttpSession.cpp[0m:[95m531[0m [96mhandleGetGraphData[0m] Handle Get Graph Data
[2026-09-01 05:18:40.278] [info] [[94mHttpSession.cpp[0m:[95m576[0m [96mhandleGetGraphData[0m] get_graph_data success
[2026-09-01 05:18:40.510] [info] [[94mControllerAndOtherEventHandler.cpp[0m:[95m239[0m [96moperator()[0m] Accepted new connection
[2026-09-01 05:18:40.510] [info] [[94mHttpSession.cpp[0m:[95m96[0m [96mhandleRequest[0m] Got request: GET /ndt/get_graph_data
[2026-09-01 05:18:40.510] [info] [[94mHttpSession.cpp[0m:[95m531[0m [96mhandleGetGraphData[0m] Handle Get Graph Data
[2026-09-01 05:18:40.529] [info] [[94mHttpSession.cpp[0m:[95m576[0m [96mhandleGetGraphData[0m] get_graph_data success
[2026-09-01 05:18:40.760] [info] [[94mControllerAndOtherEventHandler.cpp[0m:[95m239[0m [96moperator()[0m] Accepted new connection
[2026-09-01 05:18:40.760] [info] [[94mHttpSession.cpp[0m:[95m96[0m [96mhandleRequest[0m] Got request: GET /ndt/get_graph_data
[2026-09-01 05:18:40.760] [info] [[94mHttpSession.cpp[0m:[95m531[0m [96mhandleGetGraphData[0m] Handle Get Graph Data
[2026-09-01 05:18:40.774] [info] [[94mHttpSession.cpp[0m:[95m576[0m [96mhandleGetGraphData[0m] get_graph_data success
[2026-09-01 05:18:41.009] [info] [[94mControllerAndOtherEventHandler.cpp[0m:[95m239[0m [96moperator()[0m] Accepted new connection
[2026-09-01 05:18:41.009] [info] [[94mHttpSession.cpp[0m:[95m96[0m [96mhandleRequest[0m] Got request: GET /ndt/get_graph_data
[2026-09-01 05:18:41.009] [info] [[94mHttpSession.cpp[0m:[95m531[0m [96mhandleGetGraphData[0m] Handle Get Graph Data
[2026-09-01 05:18:41.025] [info] [[94mHttpSession.cpp[0m:[95m576[0m [96mhandleGetGraphData[0m] get_graph_data success
[2026-09-01 05:18:41.260] [info] [[94mControllerAndOtherEventHandler.cpp[0m:[95m239[0m [96moperator()[0m] Accepted new connection
[2026-09-01 05:18:41.260] [info] [[94mHttpSession.cpp[0m:[95m96[0m [96mhandleRequest[0m] Got request: GET /ndt/get_graph_data
[2026-09-01 05:18:41.260] [info] [[94mHttpSession.cpp[0m:[95m531[0m [96mhandleGetGraphData[0m] Handle Get Graph Data
[2026-09-01 05:18:41.278] [info] [[94mHttpSession.cpp[0m:[95m576[0m [96mhandleGetGraphData[0m] get_graph_data success
[2026-09-01 05:18:41.509] [info] [[94mControllerAndOtherEventHandler.cpp[0m:[95m239[0m [96moperator()[0m] Accepted new connection
[2026-09-01 05:18:41.510] [info] [[94mHttpSession.cpp[0m:[95m96[0m [96mhandleRequest[0m] Got request: GET /ndt/get_graph_data
[2026-09-01 05:18:41.510] [info] [[94mHttpSession.cpp[0m:[95m531[0m [96mhandleGetGraphData[0m] Handle Get Graph Data
[2026-09-01 05:18:41.528] [info] [[94mHttpSession.cpp[0m:[95m576[0m [96mhandleGetGraphData[0m] get_graph_data success
[2026-09-01 05:18:41.760] [info] [[94mControllerAndOtherEventHandler.cpp[0m:[95m239[0m [96moperator()[0m] Accepted new connection
[2026-09-01 05:18:41.760] [info] [[94mHttpSession.cpp[0m:[95m96[0m [96mhandleRequest[0m] Got request: GET /ndt/get_graph_data
[2026-09-01 05:18:41.760] [info] [[94mHttpSession.cpp[0m:[95m531[0m [96mhandleGetGraphData[0m] Handle Get Graph Data
[2026-09-01 05:18:41.777] [info] [[94mHttpSession.cpp[0m:[95m576[0m [96mhandleGetGraphData[0m] get_graph_data success
[2026-09-01 05:18:42.010] [info] [[94mControllerAndOtherEventHandler.cpp[0m:[95m239[0m [96moperator()[0m] Accepted new connection
[2026-09-01 05:18:42.010] [info] [[94mHttpSession.cpp[0m:[95m96[0m [96mhandleRequest[0m] Got request: GET /ndt/get_graph_data
[2026-09-01 05:18:42.010] [info] [[94mHttpSession.cpp[0m:[95m531[0m [96mhandleGetGraphData[0m] Handle Get Graph Data
[2026-09-01 05:18:42.029] [info] [[94mHttpSession.cpp[0m:[95m576[0m [96mhandleGetGraphData[0m] get_graph_data success
[2026-09-01 05:18:42.260] [info] [[94mControllerAndOtherEventHandler.cpp[0m:[95m239[0m [96moperator()[0m] Accepted new connection
[2026-09-01 05:18:42.260] [info] [[94mHttpSession.cpp[0m:[95m96[0m [96mhandleRequest[0m] Got request: GET /ndt/get_graph_data
[2026-09-01 05:18:42.260] [info] [[94mHttpSession.cpp[0m:[95m531[0m [96mhandleGetGraphData[0m] Handle Get Graph Data
[2026-09-01 05:18:42.279] [info] [[94mHttpSession.cpp[0m:[95m576[0m [96mhandleGetGraphData[0m] get_graph_data success
[2026-09-01 05:18:42.510] [info] [[94mControllerAndOtherEventHandler.cpp[0m:[95m239[0m [96moperator()[0m] Accepted new connection
[2026-09-01 05:18:42.510] [info] [[94mHttpSession.cpp[0m:[95m96[0m [96mhandleRequest[0m] Got request: GET /ndt/get_graph_data
[2026-09-01 05:18:42.510] [info] [[94mHttpSession.cpp[0m:[95m531[0m [96mhandleGetGraphData[0m] Handle Get Graph Data
[2026-09-01 05:18:42.528] [info] [[94mHttpSession.cpp[0m:[95m576[0m [96mhandleGetGraphData[0m] get_graph_data success
[2026-09-01 05:18:42.760] [info] [[94mControllerAndOtherEventHandler.cpp[0m:[95m239[0m [96moperator()[0m] Accepted new connection
[2026-09-01 05:18:42.760] [info] [[94mHttpSession.cpp[0m:[95m96[0m [96mhandleRequest[0m] Got request: GET /ndt/get_graph_data
[2026-09-01 05:18:42.760] [info] [[94mHttpSession.cpp[0m:[95m531[0m [96mhandleGetGraphData[0m] Handle Get Graph Data
[2026-09-01 05:18:42.772] [info] [[94mHttpSession.cpp[0m:[95m576[0m [96mhandleGetGraphData[0m] get_graph_data success
[2026-09-01 05:18:43.011] [info] [[94mControllerAndOtherEventHandler.cpp[0m:[95m239[0m [96moperator()[0m] Accepted new connection
[2026-09-01 05:18:43.011] [info] [[94mHttpSession.cpp[0m:[95m96[0m [96mhandleRequest[0m] Got request: GET /ndt/get_graph_data
[2026-09-01 05:18:43.011] [info] [[94mHttpSession.cpp[0m:[95m531[0m [96mhandleGetGraphData[0m] Handle Get Graph Data
[2026-09-01 05:18:43.029] [info] [[94mHttpSession.cpp[0m:[95m576[0m [96mhandleGetGraphData[0m] get_graph_data success
[2026-09-01 05:18:43.261] [info] [[94mControllerAndOtherEventHandler.cpp[0m:[95m239[0m [96moperator()[0m] Accepted new connection
[2026-09-01 05:18:43.261] [info] [[94mHttpSession.cpp[0m:[95m96[0m [96mhandleRequest[0m] Got request: GET /ndt/get_graph_data
[2026-09-01 05:18:43.261] [info] [[94mHttpSession.cpp[0m:[95m531[0m [96mhandleGetGraphData[0m] Handle Get Graph Data
[2026-09-01 05:18:43.272] [info] [[94mHttpSession.cpp[0m:[95m576[0m [96mhandleGetGraphData[0m] get_graph_data success
[2026-09-01 05:18:43.511] [info] [[94mControllerAndOtherEventHandler.cpp[0m:[95m239[0m [96moperator()[0m] Accepted new connection
[2026-09-01 05:18:43.511] [info] [[94mHttpSession.cpp[0m:[95m96[0m [96mhandleRequest[0m] Got request: GET /ndt/get_graph_data
[2026-09-01 05:18:43.511] [info] [[94mHttpSession.cpp[0m:[95m531[0m [96mhandleGetGraphData[0m] Handle Get Graph Data
[2026-09-01 05:18:43.548] [info] [[94mHttpSession.cpp[0m:[95m576[0m [96mhandleGetGraphData[0m] get_graph_data success
[2026-09-01 05:18:43.760] [info] [[94mControllerAndOtherEventHandler.cpp[0m:[95m239[0m [96moperator()[0m] Accepted new connection
[2026-09-01 05:18:43.760] [info] [[94mHttpSession.cpp[0m:[95m96[0m [96mhandleRequest[0m] Got request: GET /ndt/get_graph_data
[2026-09-01 05:18:43.760] [info] [[94mHttpSession.cpp[0m:[95m531[0m [96mhandleGetGraphData[0m] Handle Get Graph Data
[2026-09-01 05:18:43.779] [info] [[94mHttpSession.cpp[0m:[95m576[0m [96mhandleGetGraphData[0m] get_graph_data success
[2026-09-01 05:18:44.011] [info] [[94mControllerAndOtherEventHandler.cpp[0m:[95m239[0m [96moperator()[0m] Accepted new connection
[2026-09-01 05:18:44.011] [info] [[94mHttpSession.cpp[0m:[95m96[0m [96mhandleRequest[0m] Got request: GET /ndt/get_graph_data
[2026-09-01 05:18:44.011] [info] [[94mHttpSession.cpp[0m:[95m531[0m [96mhandleGetGraphData[0m] Handle Get Graph Data
[2026-09-01 05:18:44.030] [info] [[94mHttpSession.cpp[0m:[95m576[0m [96mhandleGetGraphData[0m] get_graph_data success
[2026-09-01 05:18:44.261] [info] [[94mControllerAndOtherEventHandler.cpp[0m:[95m239[0m [96moperator()[0m] Accepted new connection
[2026-09-01 05:18:44.261] [info] [[94mHttpSession.cpp[0m:[95m96[0m [96mhandleRequest[0m] Got request: GET /ndt/get_graph_data
[2026-09-01 05:18:44.261] [info] [[94mHttpSession.cpp[0m:[95m531[0m [96mhandleGetGraphData[0m] Handle Get Graph Data
[2026-09-01 05:18:44.279] [info] [[94mHttpSession.cpp[0m:[95m576[0m [96mhandleGetGraphData[0m] get_graph_data success
[2026-09-01 05:18:44.510] [info] [[94mControllerAndOtherEventHandler.cpp[0m:[95m239[0m [96moperator()[0m] Accepted new connection
[2026-09-01 05:18:44.511] [info] [[94mHttpSession.cpp[0m:[95m96[0m [96mhandleRequest[0m] Got request: GET /ndt/get_graph_data
[2026-09-01 05:18:44.511] [info] [[94mHttpSession.cpp[0m:[95m531[0m [96mhandleGetGraphData[0m] Handle Get Graph Data
[2026-09-01 05:18:44.529] [info] [[94mHttpSession.cpp[0m:[95m576[0m [96mhandleGetGraphData[0m] get_graph_data success
[2026-09-01 05:18:44.760] [info] [[94mControllerAndOtherEventHandler.cpp[0m:[95m239[0m [96moperator()[0m] Accepted new connection
[2026-09-01 05:18:44.760] [info] [[94mHttpSession.cpp[0m:[95m96[0m [96mhandleRequest[0m] Got request: GET /ndt/get_graph_data
[2026-09-01 05:18:44.760] [info] [[94mHttpSession.cpp[0m:[95m531[0m [96mhandleGetGraphData[0m] Handle Get Graph Data
[2026-09-01 05:18:44.773] [info] [[94mHttpSession.cpp[0m:[95m576[0m [96mhandleGetGraphData[0m] get_graph_data success
[2026-09-01 05:18:45.011] [info] [[94mControllerAndOtherEventHandler.cpp[0m:[95m239[0m [96moperator()[0m] Accepted new connection
[2026-09-01 05:18:45.011] [info] [[94mHttpSession.cpp[0m:[95m96[0m [96mhandleRequest[0m] Got request: GET /ndt/get_graph_data
[2026-09-01 05:18:45.011] [info] [[94mHttpSession.cpp[0m:[95m531[0m [96mhandleGetGraphData[0m] Handle Get Graph Data
[2026-09-01 05:18:45.023] [info] [[94mHttpSession.cpp[0m:[95m576[0m [96mhandleGetGraphData[0m] get_graph_data success
[2026-09-01 05:18:45.260] [info] [[94mControllerAndOtherEventHandler.cpp[0m:[95m239[0m [96moperator()[0m] Accepted new connection
[2026-09-01 05:18:45.260] [info] [[94mHttpSession.cpp[0m:[95m96[0m [96mhandleRequest[0m] Got request: GET /ndt/get_graph_data
[2026-09-01 05:18:45.260] [info] [[94mHttpSession.cpp[0m:[95m531[0m [96mhandleGetGraphData[0m] Handle Get Graph Data
[2026-09-01 05:18:45.273] [info] [[94mHttpSession.cpp[0m:[95m576[0m [96mhandleGetGraphData[0m] get_graph_data success
[2026-09-01 05:18:45.511] [info] [[94mControllerAndOtherEventHandler.cpp[0m:[95m239[0m [96moperator()[0m] Accepted new connection
[2026-09-01 05:18:45.511] [info] [[94mHttpSession.cpp[0m:[95m96[0m [96mhandleRequest[0m] Got request: GET /ndt/get_graph_data
[2026-09-01 05:18:45.511] [info] [[94mHttpSession.cpp[0m:[95m531[0m [96mhandleGetGraphData[0m] Handle Get Graph Data
[2026-09-01 05:18:45.522] [info] [[94mHttpSession.cpp[0m:[95m576[0m [96mhandleGetGraphData[0m] get_graph_data success
[2026-09-01 05:18:45.761] [info] [[94mControllerAndOtherEventHandler.cpp[0m:[95m239[0m [96moperator()[0m] Accepted new connection
[2026-09-01 05:18:45.762] [info] [[94mHttpSession.cpp[0m:[95m96[0m [96mhandleRequest[0m] Got request: GET /ndt/get_graph_data
[2026-09-01 05:18:45.762] [info] [[94mHttpSession.cpp[0m:[95m531[0m [96mhandleGetGraphData[0m] Handle Get Graph Data
[2026-09-01 05:18:45.780] [info] [[94mHttpSession.cpp[0m:[95m576[0m [96mhandleGetGraphData[0m] get_graph_data success
[2026-09-01 05:18:46.011] [info] [[94mControllerAndOtherEventHandler.cpp[0m:[95m239[0m [96moperator()[0m] Accepted new connection
[2026-09-01 05:18:46.012] [info] [[94mHttpSession.cpp[0m:[95m96[0m [96mhandleRequest[0m] Got request: GET /ndt/get_graph_data
[2026-09-01 05:18:46.012] [info] [[94mHttpSession.cpp[0m:[95m531[0m [96mhandleGetGraphData[0m] Handle Get Graph Data
[2026-09-01 05:18:46.030] [info] [[94mHttpSession.cpp[0m:[95m576[0m [96mhandleGetGraphData[0m] get_graph_data success
[2026-09-01 05:18:46.261] [info] [[94mControllerAndOtherEventHandler.cpp[0m:[95m239[0m [96moperator()[0m] Accepted new connection
[2026-09-01 05:18:46.262] [info] [[94mHttpSession.cpp[0m:[95m96[0m [96mhandleRequest[0m] Got request: GET /ndt/get_graph_data
[2026-09-01 05:18:46.262] [info] [[94mHttpSession.cpp[0m:[95m531[0m [96mhandleGetGraphData[0m] Handle Get Graph Data
[2026-09-01 05:18:46.280] [info] [[94mHttpSession.cpp[0m:[95m576[0m [96mhandleGetGraphData[0m] get_graph_data success
[2026-09-01 05:18:46.511] [info] [[94mControllerAndOtherEventHandler.cpp[0m:[95m239[0m [96moperator()[0m] Accepted new connection
[2026-09-01 05:18:46.511] [info] [[94mHttpSession.cpp[0m:[95m96[0m [96mhandleRequest[0m] Got request: GET /ndt/get_graph_data
[2026-09-01 05:18:46.511] [info] [[94mHttpSession.cpp[0m:[95m531[0m [96mhandleGetGraphData[0m] Handle Get Graph Data
[2026-09-01 05:18:46.530] [info] [[94mHttpSession.cpp[0m:[95m576[0m [96mhandleGetGraphData[0m] get_graph_data success
[2026-09-01 05:18:46.761] [info] [[94mControllerAndOtherEventHandler.cpp[0m:[95m239[0m [96moperator()[0m] Accepted new connection
[2026-09-01 05:18:46.761] [info] [[94mHttpSession.cpp[0m:[95m96[0m [96mhandleRequest[0m] Got request: GET /ndt/get_graph_data
[2026-09-01 05:18:46.761] [info] [[94mHttpSession.cpp[0m:[95m531[0m [96mhandleGetGraphData[0m] Handle Get Graph Data
[2026-09-01 05:18:46.773] [info] [[94mHttpSession.cpp[0m:[95m576[0m [96mhandleGetGraphData[0m] get_graph_data success
[2026-09-01 05:18:47.012] [info] [[94mControllerAndOtherEventHandler.cpp[0m:[95m239[0m [96moperator()[0m] Accepted new connection
[2026-09-01 05:18:47.012] [info] [[94mHttpSession.cpp[0m:[95m96[0m [96mhandleRequest[0m] Got request: GET /ndt/get_graph_data
[2026-09-01 05:18:47.012] [info] [[94mHttpSession.cpp[0m:[95m531[0m [96mhandleGetGraphData[0m] Handle Get Graph Data
[2026-09-01 05:18:47.030] [info] [[94mHttpSession.cpp[0m:[95m576[0m [96mhandleGetGraphData[0m] get_graph_data success
[2026-09-01 05:18:47.262] [info] [[94mControllerAndOtherEventHandler.cpp[0m:[95m239[0m [96moperator()[0m] Accepted new connection
[2026-09-01 05:18:47.262] [info] [[94mHttpSession.cpp[0m:[95m96[0m [96mhandleRequest[0m] Got request: GET /ndt/get_graph_data
[2026-09-01 05:18:47.262] [info] [[94mHttpSession.cpp[0m:[95m531[0m [96mhandleGetGraphData[0m] Handle Get Graph Data
[2026-09-01 05:18:47.275] [info] [[94mHttpSession.cpp[0m:[95m576[0m [96mhandleGetGraphData[0m] get_graph_data success
[2026-09-01 05:18:47.511] [info] [[94mControllerAndOtherEventHandler.cpp[0m:[95m239[0m [96moperator()[0m] Accepted new connection
[2026-09-01 05:18:47.512] [info] [[94mHttpSession.cpp[0m:[95m96[0m [96mhandleRequest[0m] Got request: GET /ndt/get_graph_data
[2026-09-01 05:18:47.512] [info] [[94mHttpSession.cpp[0m:[95m531[0m [96mhandleGetGraphData[0m] Handle Get Graph Data
[2026-09-01 05:18:47.528] [info] [[94mHttpSession.cpp[0m:[95m576[0m [96mhandleGetGraphData[0m] get_graph_data success
[2026-09-01 05:18:47.761] [info] [[94mControllerAndOtherEventHandler.cpp[0m:[95m239[0m [96moperator()[0m] Accepted new connection
[2026-09-01 05:18:47.762] [info] [[94mHttpSession.cpp[0m:[95m96[0m [96mhandleRequest[0m] Got request: GET /ndt/get_graph_data
[2026-09-01 05:18:47.762] [info] [[94mHttpSession.cpp[0m:[95m531[0m [96mhandleGetGraphData[0m] Handle Get Graph Data
[2026-09-01 05:18:47.775] [info] [[94mHttpSession.cpp[0m:[95m576[0m [96mhandleGetGraphData[0m] get_graph_data success
[2026-09-01 05:18:48.012] [info] [[94mControllerAndOtherEventHandler.cpp[0m:[95m239[0m [96moperator()[0m] Accepted new connection
[2026-09-01 05:18:48.012] [info] [[94mHttpSession.cpp[0m:[95m96[0m [96mhandleRequest[0m] Got request: GET /ndt/get_graph_data
[2026-09-01 05:18:48.012] [info] [[94mHttpSession.cpp[0m:[95m531[0m [96mhandleGetGraphData[0m] Handle Get Graph Data
[2026-09-01 05:18:48.025] [info] [[94mHttpSession.cpp[0m:[95m576[0m [96mhandleGetGraphData[0m] get_graph_data success
[2026-09-01 05:18:48.262] [info] [[94mControllerAndOtherEventHandler.cpp[0m:[95m239[0m [96moperator()[0m] Accepted new connection
[2026-09-01 05:18:48.262] [info] [[94mHttpSession.cpp[0m:[95m96[0m [96mhandleRequest[0m] Got request: GET /ndt/get_graph_data
[2026-09-01 05:18:48.262] [info] [[94mHttpSession.cpp[0m:[95m531[0m [96mhandleGetGraphData[0m] Handle Get Graph Data
[2026-09-01 05:18:48.273] [info] [[94mHttpSession.cpp[0m:[95m576[0m [96mhandleGetGraphData[0m] get_graph_data success
[2026-09-01 05:18:48.512] [info] [[94mControllerAndOtherEventHandler.cpp[0m:[95m239[0m [96moperator()[0m] Accepted new connection
[2026-09-01 05:18:48.512] [info] [[94mHttpSession.cpp[0m:[95m96[0m [96mhandleRequest[0m] Got request: GET /ndt/get_graph_data
[2026-09-01 05:18:48.512] [info] [[94mHttpSession.cpp[0m:[95m531[0m [96mhandleGetGraphData[0m] Handle Get Graph Data
[2026-09-01 05:18:48.530] [info] [[94mHttpSession.cpp[0m:[95m576[0m [96mhandleGetGraphData[0m] get_graph_data success
[2026-09-01 05:18:48.762] [info] [[94mControllerAndOtherEventHandler.cpp[0m:[95m239[0m [96moperator()[0m] Accepted new connection
[2026-09-01 05:18:48.762] [info] [[94mHttpSession.cpp[0m:[95m96[0m [96mhandleRequest[0m] Got request: GET /ndt/get_graph_data
[2026-09-01 05:18:48.762] [info] [[94mHttpSession.cpp[0m:[95m531[0m [96mhandleGetGraphData[0m] Handle Get Graph Data
[2026-09-01 05:18:48.774] [info] [[94mHttpSession.cpp[0m:[95m576[0m [96mhandleGetGraphData[0m] get_graph_data success
[2026-09-01 05:18:49.012] [info] [[94mControllerAndOtherEventHandler.cpp[0m:[95m239[0m [96moperator()[0m] Accepted new connection
[2026-09-01 05:18:49.013] [info] [[94mHttpSession.cpp[0m:[95m96[0m [96mhandleRequest[0m] Got request: GET /ndt/get_graph_data
[2026-09-01 05:18:49.013] [info] [[94mHttpSession.cpp[0m:[95m531[0m [96mhandleGetGraphData[0m] Handle Get Graph Data
[2026-09-01 05:18:49.031] [info] [[94mHttpSession.cpp[0m:[95m576[0m [96mhandleGetGraphData[0m] get_graph_data success
[2026-09-01 05:18:49.262] [info] [[94mControllerAndOtherEventHandler.cpp[0m:[95m239[0m [96moperator()[0m] Accepted new connection
[2026-09-01 05:18:49.263] [info] [[94mHttpSession.cpp[0m:[95m96[0m [96mhandleRequest[0m] Got request: GET /ndt/get_graph_data
[2026-09-01 05:18:49.263] [info] [[94mHttpSession.cpp[0m:[95m531[0m [96mhandleGetGraphData[0m] Handle Get Graph Data
[2026-09-01 05:18:49.275] [info] [[94mHttpSession.cpp[0m:[95m576[0m [96mhandleGetGraphData[0m] get_graph_data success
[2026-09-01 05:18:49.512] [info] [[94mControllerAndOtherEventHandler.cpp[0m:[95m239[0m [96moperator()[0m] Accepted new connection
[2026-09-01 05:18:49.512] [info] [[94mHttpSession.cpp[0m:[95m96[0m [96mhandleRequest[0m] Got request: GET /ndt/get_graph_data
[2026-09-01 05:18:49.512] [info] [[94mHttpSession.cpp[0m:[95m531[0m [96mhandleGetGraphData[0m] Handle Get Graph Data
[2026-09-01 05:18:49.530] [info] [[94mHttpSession.cpp[0m:[95m576[0m [96mhandleGetGraphData[0m] get_graph_data success
[2026-09-01 05:18:49.762] [info] [[94mControllerAndOtherEventHandler.cpp[0m:[95m239[0m [96moperator()[0m] Accepted new connection
[2026-09-01 05:18:49.762] [info] [[94mHttpSession.cpp[0m:[95m96[0m [96mhandleRequest[0m] Got request: GET /ndt/get_graph_data
[2026-09-01 05:18:49.762] [info] [[94mHttpSession.cpp[0m:[95m531[0m [96mhandleGetGraphData[0m] Handle Get Graph Data
[2026-09-01 05:18:49.774] [info] [[94mHttpSession.cpp[0m:[95m576[0m [96mhandleGetGraphData[0m] get_graph_data success
[2026-09-01 05:18:50.013] [info] [[94mControllerAndOtherEventHandler.cpp[0m:[95m239[0m [96moperator()[0m] Accepted new connection
[2026-09-01 05:18:50.013] [info] [[94mHttpSession.cpp[0m:[95m96[0m [96mhandleRequest[0m] Got request: GET /ndt/get_graph_data
[2026-09-01 05:18:50.013] [info] [[94mHttpSession.cpp[0m:[95m531[0m [96mhandleGetGraphData[0m] Handle Get Graph Data
[2026-09-01 05:18:50.031] [info] [[94mHttpSession.cpp[0m:[95m576[0m [96mhandleGetGraphData[0m] get_graph_data success
[2026-09-01 05:18:50.263] [info] [[94mControllerAndOtherEventHandler.cpp[0m:[95m239[0m [96moperator()[0m] Accepted new connection
[2026-09-01 05:18:50.263] [info] [[94mHttpSession.cpp[0m:[95m96[0m [96mhandleRequest[0m] Got request: GET /ndt/get_graph_data
[2026-09-01 05:18:50.263] [info] [[94mHttpSession.cpp[0m:[95m531[0m [96mhandleGetGraphData[0m] Handle Get Graph Data
[2026-09-01 05:18:50.282] [info] [[94mHttpSession.cpp[0m:[95m576[0m [96mhandleGetGraphData[0m] get_graph_data success
[2026-09-01 05:18:50.512] [info] [[94mControllerAndOtherEventHandler.cpp[0m:[95m239[0m [96moperator()[0m] Accepted new connection
[2026-09-01 05:18:50.512] [info] [[94mHttpSession.cpp[0m:[95m96[0m [96mhandleRequest[0m] Got request: GET /ndt/get_graph_data
[2026-09-01 05:18:50.512] [info] [[94mHttpSession.cpp[0m:[95m531[0m [96mhandleGetGraphData[0m] Handle Get Graph Data
[2026-09-01 05:18:50.531] [info] [[94mHttpSession.cpp[0m:[95m576[0m [96mhandleGetGraphData[0m] get_graph_data success
[2026-09-01 05:18:50.763] [info] [[94mControllerAndOtherEventHandler.cpp[0m:[95m239[0m [96moperator()[0m] Accepted new connection
[2026-09-01 05:18:50.763] [info] [[94mHttpSession.cpp[0m:[95m96[0m [96mhandleRequest[0m] Got request: GET /ndt/get_graph_data
[2026-09-01 05:18:50.763] [info] [[94mHttpSession.cpp[0m:[95m531[0m [96mhandleGetGraphData[0m] Handle Get Graph Data
[2026-09-01 05:18:50.782] [info] [[94mHttpSession.cpp[0m:[95m576[0m [96mhandleGetGraphData[0m] get_graph_data success
[2026-09-01 05:18:51.013] [info] [[94mControllerAndOtherEventHandler.cpp[0m:[95m239[0m [96moperator()[0m] Accepted new connection
[2026-09-01 05:18:51.013] [info] [[94mHttpSession.cpp[0m:[95m96[0m [96mhandleRequest[0m] Got request: GET /ndt/get_graph_data
[2026-09-01 05:18:51.013] [info] [[94mHttpSession.cpp[0m:[95m531[0m [96mhandleGetGraphData[0m] Handle Get Graph Data
[2026-09-01 05:18:51.030] [info] [[94mHttpSession.cpp[0m:[95m576[0m [96mhandleGetGraphData[0m] get_graph_data success
[2026-09-01 05:18:51.263] [info] [[94mControllerAndOtherEventHandler.cpp[0m:[95m239[0m [96moperator()[0m] Accepted new connection
[2026-09-01 05:18:51.263] [info] [[94mHttpSession.cpp[0m:[95m96[0m [96mhandleRequest[0m] Got request: GET /ndt/get_graph_data
[2026-09-01 05:18:51.263] [info] [[94mHttpSession.cpp[0m:[95m531[0m [96mhandleGetGraphData[0m] Handle Get Graph Data
[2026-09-01 05:18:51.277] [info] [[94mHttpSession.cpp[0m:[95m576[0m [96mhandleGetGraphData[0m] get_graph_data success
[2026-09-01 05:18:51.513] [info] [[94mControllerAndOtherEventHandler.cpp[0m:[95m239[0m [96moperator()[0m] Accepted new connection
[2026-09-01 05:18:51.513] [info] [[94mHttpSession.cpp[0m:[95m96[0m [96mhandleRequest[0m] Got request: GET /ndt/get_graph_data
[2026-09-01 05:18:51.513] [info] [[94mHttpSession.cpp[0m:[95m531[0m [96mhandleGetGraphData[0m] Handle Get Graph Data
[2026-09-01 05:18:51.529] [info] [[94mHttpSession.cpp[0m:[95m576[0m [96mhandleGetGraphData[0m] get_graph_data success
[2026-09-01 05:18:51.762] [info] [[94mControllerAndOtherEventHandler.cpp[0m:[95m239[0m [96moperator()[0m] Accepted new connection
[2026-09-01 05:18:51.763] [info] [[94mHttpSession.cpp[0m:[95m96[0m [96mhandleRequest[0m] Got request: GET /ndt/get_graph_data
[2026-09-01 05:18:51.763] [info] [[94mHttpSession.cpp[0m:[95m531[0m [96mhandleGetGraphData[0m] Handle Get Graph Data
[2026-09-01 05:18:51.780] [info] [[94mHttpSession.cpp[0m:[95m576[0m [96mhandleGetGraphData[0m] get_graph_data success
[2026-09-01 05:18:52.013] [info] [[94mControllerAndOtherEventHandler.cpp[0m:[95m239[0m [96moperator()[0m] Accepted new connection
[2026-09-01 05:18:52.013] [info] [[94mHttpSession.cpp[0m:[95m96[0m [96mhandleRequest[0m] Got request: GET /ndt/get_graph_data
[2026-09-01 05:18:52.013] [info] [[94mHttpSession.cpp[0m:[95m531[0m [96mhandleGetGraphData[0m] Handle Get Graph Data
[2026-09-01 05:18:52.026] [info] [[94mHttpSession.cpp[0m:[95m576[0m [96mhandleGetGraphData[0m] get_graph_data success
[2026-09-01 05:18:52.263] [info] [[94mControllerAndOtherEventHandler.cpp[0m:[95m239[0m [96moperator()[0m] Accepted new connection
[2026-09-01 05:18:52.263] [info] [[94mHttpSession.cpp[0m:[95m96[0m [96mhandleRequest[0m] Got request: GET /ndt/get_graph_data
[2026-09-01 05:18:52.263] [info] [[94mHttpSession.cpp[0m:[95m531[0m [96mhandleGetGraphData[0m] Handle Get Graph Data
[2026-09-01 05:18:52.276] [info] [[94mHttpSession.cpp[0m:[95m576[0m [96mhandleGetGraphData[0m] get_graph_data success
[2026-09-01 05:18:52.513] [info] [[94mControllerAndOtherEventHandler.cpp[0m:[95m239[0m [96moperator()[0m] Accepted new connection
[2026-09-01 05:18:52.513] [info] [[94mHttpSession.cpp[0m:[95m96[0m [96mhandleRequest[0m] Got request: GET /ndt/get_graph_data
[2026-09-01 05:18:52.513] [info] [[94mHttpSession.cpp[0m:[95m531[0m [96mhandleGetGraphData[0m] Handle Get Graph Data
[2026-09-01 05:18:52.529] [info] [[94mHttpSession.cpp[0m:[95m576[0m [96mhandleGetGraphData[0m] get_graph_data success
[2026-09-01 05:18:52.764] [info] [[94mControllerAndOtherEventHandler.cpp[0m:[95m239[0m [96moperator()[0m] Accepted new connection
[2026-09-01 05:18:52.764] [info] [[94mHttpSession.cpp[0m:[95m96[0m [96mhandleRequest[0m] Got request: GET /ndt/get_graph_data
[2026-09-01 05:18:52.764] [info] [[94mHttpSession.cpp[0m:[95m531[0m [96mhandleGetGraphData[0m] Handle Get Graph Data
[2026-09-01 05:18:52.782] [info] [[94mHttpSession.cpp[0m:[95m576[0m [96mhandleGetGraphData[0m] get_graph_data success
[2026-09-01 05:18:53.014] [info] [[94mControllerAndOtherEventHandler.cpp[0m:[95m239[0m [96moperator()[0m] Accepted new connection
[2026-09-01 05:18:53.014] [info] [[94mHttpSession.cpp[0m:[95m96[0m [96mhandleRequest[0m] Got request: GET /ndt/get_graph_data
[2026-09-01 05:18:53.014] [info] [[94mHttpSession.cpp[0m:[95m531[0m [96mhandleGetGraphData[0m] Handle Get Graph Data
[2026-09-01 05:18:53.033] [info] [[94mHttpSession.cpp[0m:[95m576[0m [96mhandleGetGraphData[0m] get_graph_data success
[2026-09-01 05:18:53.264] [info] [[94mControllerAndOtherEventHandler.cpp[0m:[95m239[0m [96moperator()[0m] Accepted new connection
[2026-09-01 05:18:53.264] [info] [[94mHttpSession.cpp[0m:[95m96[0m [96mhandleRequest[0m] Got request: GET /ndt/get_graph_data
[2026-09-01 05:18:53.264] [info] [[94mHttpSession.cpp[0m:[95m531[0m [96mhandleGetGraphData[0m] Handle Get Graph Data
[2026-09-01 05:18:53.279] [info] [[94mHttpSession.cpp[0m:[95m576[0m [96mhandleGetGraphData[0m] get_graph_data success
[2026-09-01 05:18:53.513] [info] [[94mControllerAndOtherEventHandler.cpp[0m:[95m239[0m [96moperator()[0m] Accepted new connection
[2026-09-01 05:18:53.514] [info] [[94mHttpSession.cpp[0m:[95m96[0m [96mhandleRequest[0m] Got request: GET /ndt/get_graph_data
[2026-09-01 05:18:53.514] [info] [[94mHttpSession.cpp[0m:[95m531[0m [96mhandleGetGraphData[0m] Handle Get Graph Data
[2026-09-01 05:18:53.532] [info] [[94mHttpSession.cpp[0m:[95m576[0m [96mhandleGetGraphData[0m] get_graph_data success
[2026-09-01 05:18:53.763] [info] [[94mControllerAndOtherEventHandler.cpp[0m:[95m239[0m [96moperator()[0m] Accepted new connection
[2026-09-01 05:18:53.763] [info] [[94mHttpSession.cpp[0m:[95m96[0m [96mhandleRequest[0m] Got request: GET /ndt/get_graph_data
[2026-09-01 05:18:53.763] [info] [[94mHttpSession.cpp[0m:[95m531[0m [96mhandleGetGraphData[0m] Handle Get Graph Data
[2026-09-01 05:18:53.782] [info] [[94mHttpSession.cpp[0m:[95m576[0m [96mhandleGetGraphData[0m] get_graph_data success
[2026-09-01 05:18:54.013] [info] [[94mControllerAndOtherEventHandler.cpp[0m:[95m239[0m [96moperator()[0m] Accepted new connection
[2026-09-01 05:18:54.014] [info] [[94mHttpSession.cpp[0m:[95m96[0m [96mhandleRequest[0m] Got request: GET /ndt/get_graph_data
[2026-09-01 05:18:54.014] [info] [[94mHttpSession.cpp[0m:[95m531[0m [96mhandleGetGraphData[0m] Handle Get Graph Data
[2026-09-01 05:18:54.032] [info] [[94mHttpSession.cpp[0m:[95m576[0m [96mhandleGetGraphData[0m] get_graph_data success
[2026-09-01 05:18:54.264] [info] [[94mControllerAndOtherEventHandler.cpp[0m:[95m239[0m [96moperator()[0m] Accepted new connection
[2026-09-01 05:18:54.264] [info] [[94mHttpSession.cpp[0m:[95m96[0m [96mhandleRequest[0m] Got request: GET /ndt/get_graph_data
[2026-09-01 05:18:54.264] [info] [[94mHttpSession.cpp[0m:[95m531[0m [96mhandleGetGraphData[0m] Handle Get Graph Data
[2026-09-01 05:18:54.276] [info] [[94mHttpSession.cpp[0m:[95m576[0m [96mhandleGetGraphData[0m] get_graph_data success
[2026-09-01 05:18:54.514] [info] [[94mControllerAndOtherEventHandler.cpp[0m:[95m239[0m [96moperator()[0m] Accepted new connection
[2026-09-01 05:18:54.514] [info] [[94mHttpSession.cpp[0m:[95m96[0m [96mhandleRequest[0m] Got request: GET /ndt/get_graph_data
[2026-09-01 05:18:54.514] [info] [[94mHttpSession.cpp[0m:[95m531[0m [96mhandleGetGraphData[0m] Handle Get Graph Data
[2026-09-01 05:18:54.531] [info] [[94mHttpSession.cpp[0m:[95m576[0m [96mhandleGetGraphData[0m] get_graph_data success
[2026-09-01 05:18:54.764] [info] [[94mControllerAndOtherEventHandler.cpp[0m:[95m239[0m [96moperator()[0m] Accepted new connection
[2026-09-01 05:18:54.764] [info] [[94mHttpSession.cpp[0m:[95m96[0m [96mhandleRequest[0m] Got request: GET /ndt/get_graph_data
[2026-09-01 05:18:54.764] [info] [[94mHttpSession.cpp[0m:[95m531[0m [96mhandleGetGraphData[0m] Handle Get Graph Data
[2026-09-01 05:18:54.783] [info] [[94mHttpSession.cpp[0m:[95m576[0m [96mhandleGetGraphData[0m] get_graph_data success
[2026-09-01 05:18:54.976] [info] [[94mFlowLinkUsageCollector.cpp[0m:[95m1807[0m [96mcalAvgFlowSendingRatesPeriodically[0m] rate loop period: last 30 iters mean 1000.7 ms | since start (89 iters) mean 1000.5 ms, min 1000.1, max 1002.3 (flows=1, counters=3) -- the LAST-N figure is the current denominator; the since-start one lags it
[2026-09-01 05:18:54.977] [info] [[94mFlowLinkUsageCollector.cpp[0m:[95m2016[0m [96mcalAvgFlowSendingRatesPeriodically[0m] rate divisor check: measured_interval_s=1.000622 divisor_used_s=1.000622 (ticket Q gate: these must agree to 1%; a negative divisor means no rate has been published yet, which is not a pass)
[2026-09-01 05:18:55.014] [info] [[94mControllerAndOtherEventHandler.cpp[0m:[95m239[0m [96moperator()[0m] Accepted new connection
[2026-09-01 05:18:55.014] [info] [[94mHttpSession.cpp[0m:[95m96[0m [96mhandleRequest[0m] Got request: GET /ndt/get_graph_data
[2026-09-01 05:18:55.014] [info] [[94mHttpSession.cpp[0m:[95m531[0m [96mhandleGetGraphData[0m] Handle Get Graph Data
[2026-09-01 05:18:55.031] [info] [[94mHttpSession.cpp[0m:[95m576[0m [96mhandleGetGraphData[0m] get_graph_data success
[2026-09-01 05:18:55.264] [info] [[94mControllerAndOtherEventHandler.cpp[0m:[95m239[0m [96moperator()[0m] Accepted new connection
[2026-09-01 05:18:55.264] [info] [[94mHttpSession.cpp[0m:[95m96[0m [96mhandleRequest[0m] Got request: GET /ndt/get_graph_data
[2026-09-01 05:18:55.264] [info] [[94mHttpSession.cpp[0m:[95m531[0m [96mhandleGetGraphData[0m] Handle Get Graph Data
[2026-09-01 05:18:55.276] [info] [[94mHttpSession.cpp[0m:[95m576[0m [96mhandleGetGraphData[0m] get_graph_data success
[2026-09-01 05:18:55.514] [info] [[94mControllerAndOtherEventHandler.cpp[0m:[95m239[0m [96moperator()[0m] Accepted new connection
[2026-09-01 05:18:55.514] [info] [[94mHttpSession.cpp[0m:[95m96[0m [96mhandleRequest[0m] Got request: GET /ndt/get_graph_data
[2026-09-01 05:18:55.514] [info] [[94mHttpSession.cpp[0m:[95m531[0m [96mhandleGetGraphData[0m] Handle Get Graph Data
[2026-09-01 05:18:55.532] [info] [[94mHttpSession.cpp[0m:[95m576[0m [96mhandleGetGraphData[0m] get_graph_data success
[2026-09-01 05:18:55.765] [info] [[94mControllerAndOtherEventHandler.cpp[0m:[95m239[0m [96moperator()[0m] Accepted new connection
[2026-09-01 05:18:55.765] [info] [[94mHttpSession.cpp[0m:[95m96[0m [96mhandleRequest[0m] Got request: GET /ndt/get_graph_data
[2026-09-01 05:18:55.765] [info] [[94mHttpSession.cpp[0m:[95m531[0m [96mhandleGetGraphData[0m] Handle Get Graph Data
[2026-09-01 05:18:55.782] [info] [[94mHttpSession.cpp[0m:[95m576[0m [96mhandleGetGraphData[0m] get_graph_data success
[2026-09-01 05:18:56.015] [info] [[94mControllerAndOtherEventHandler.cpp[0m:[95m239[0m [96moperator()[0m] Accepted new connection
[2026-09-01 05:18:56.015] [info] [[94mHttpSession.cpp[0m:[95m96[0m [96mhandleRequest[0m] Got request: GET /ndt/get_graph_data
[2026-09-01 05:18:56.015] [info] [[94mHttpSession.cpp[0m:[95m531[0m [96mhandleGetGraphData[0m] Handle Get Graph Data
[2026-09-01 05:18:56.027] [info] [[94mHttpSession.cpp[0m:[95m576[0m [96mhandleGetGraphData[0m] get_graph_data success
[2026-09-01 05:18:56.264] [info] [[94mControllerAndOtherEventHandler.cpp[0m:[95m239[0m [96moperator()[0m] Accepted new connection
[2026-09-01 05:18:56.264] [info] [[94mHttpSession.cpp[0m:[95m96[0m [96mhandleRequest[0m] Got request: GET /ndt/get_graph_data
[2026-09-01 05:18:56.264] [info] [[94mHttpSession.cpp[0m:[95m531[0m [96mhandleGetGraphData[0m] Handle Get Graph Data
[2026-09-01 05:18:56.280] [info] [[94mHttpSession.cpp[0m:[95m576[0m [96mhandleGetGraphData[0m] get_graph_data success
[2026-09-01 05:18:56.515] [info] [[94mControllerAndOtherEventHandler.cpp[0m:[95m239[0m [96moperator()[0m] Accepted new connection
[2026-09-01 05:18:56.515] [info] [[94mHttpSession.cpp[0m:[95m96[0m [96mhandleRequest[0m] Got request: GET /ndt/get_graph_data
[2026-09-01 05:18:56.515] [info] [[94mHttpSession.cpp[0m:[95m531[0m [96mhandleGetGraphData[0m] Handle Get Graph Data
[2026-09-01 05:18:56.532] [info] [[94mHttpSession.cpp[0m:[95m576[0m [96mhandleGetGraphData[0m] get_graph_data success
[2026-09-01 05:18:56.765] [info] [[94mControllerAndOtherEventHandler.cpp[0m:[95m239[0m [96moperator()[0m] Accepted new connection
[2026-09-01 05:18:56.765] [info] [[94mHttpSession.cpp[0m:[95m96[0m [96mhandleRequest[0m] Got request: GET /ndt/get_graph_data
[2026-09-01 05:18:56.765] [info] [[94mHttpSession.cpp[0m:[95m531[0m [96mhandleGetGraphData[0m] Handle Get Graph Data
[2026-09-01 05:18:56.782] [info] [[94mHttpSession.cpp[0m:[95m576[0m [96mhandleGetGraphData[0m] get_graph_data success
[2026-09-01 05:18:57.015] [info] [[94mControllerAndOtherEventHandler.cpp[0m:[95m239[0m [96moperator()[0m] Accepted new connection
[2026-09-01 05:18:57.015] [info] [[94mHttpSession.cpp[0m:[95m96[0m [96mhandleRequest[0m] Got request: GET /ndt/get_graph_data
[2026-09-01 05:18:57.015] [info] [[94mHttpSession.cpp[0m:[95m531[0m [96mhandleGetGraphData[0m] Handle Get Graph Data
[2026-09-01 05:18:57.033] [info] [[94mHttpSession.cpp[0m:[95m576[0m [96mhandleGetGraphData[0m] get_graph_data success
[2026-09-01 05:18:57.264] [info] [[94mControllerAndOtherEventHandler.cpp[0m:[95m239[0m [96moperator()[0m] Accepted new connection
[2026-09-01 05:18:57.265] [info] [[94mHttpSession.cpp[0m:[95m96[0m [96mhandleRequest[0m] Got request: GET /ndt/get_graph_data
[2026-09-01 05:18:57.265] [info] [[94mHttpSession.cpp[0m:[95m531[0m [96mhandleGetGraphData[0m] Handle Get Graph Data
[2026-09-01 05:18:57.283] [info] [[94mHttpSession.cpp[0m:[95m576[0m [96mhandleGetGraphData[0m] get_graph_data success
[2026-09-01 05:18:57.515] [info] [[94mControllerAndOtherEventHandler.cpp[0m:[95m239[0m [96moperator()[0m] Accepted new connection
[2026-09-01 05:18:57.515] [info] [[94mHttpSession.cpp[0m:[95m96[0m [96mhandleRequest[0m] Got request: GET /ndt/get_graph_data
[2026-09-01 05:18:57.515] [info] [[94mHttpSession.cpp[0m:[95m531[0m [96mhandleGetGraphData[0m] Handle Get Graph Data
[2026-09-01 05:18:57.528] [info] [[94mHttpSession.cpp[0m:[95m576[0m [96mhandleGetGraphData[0m] get_graph_data success
[2026-09-01 05:18:57.764] [info] [[94mControllerAndOtherEventHandler.cpp[0m:[95m239[0m [96moperator()[0m] Accepted new connection
[2026-09-01 05:18:57.765] [info] [[94mHttpSession.cpp[0m:[95m96[0m [96mhandleRequest[0m] Got request: GET /ndt/get_graph_data
[2026-09-01 05:18:57.765] [info] [[94mHttpSession.cpp[0m:[95m531[0m [96mhandleGetGraphData[0m] Handle Get Graph Data
[2026-09-01 05:18:57.782] [info] [[94mHttpSession.cpp[0m:[95m576[0m [96mhandleGetGraphData[0m] get_graph_data success
[2026-09-01 05:18:58.015] [info] [[94mControllerAndOtherEventHandler.cpp[0m:[95m239[0m [96moperator()[0m] Accepted new connection
[2026-09-01 05:18:58.016] [info] [[94mHttpSession.cpp[0m:[95m96[0m [96mhandleRequest[0m] Got request: GET /ndt/get_graph_data
[2026-09-01 05:18:58.016] [info] [[94mHttpSession.cpp[0m:[95m531[0m [96mhandleGetGraphData[0m] Handle Get Graph Data
[2026-09-01 05:18:58.032] [info] [[94mHttpSession.cpp[0m:[95m576[0m [96mhandleGetGraphData[0m] get_graph_data success
[2026-09-01 05:18:58.265] [info] [[94mControllerAndOtherEventHandler.cpp[0m:[95m239[0m [96moperator()[0m] Accepted new connection
[2026-09-01 05:18:58.265] [info] [[94mHttpSession.cpp[0m:[95m96[0m [96mhandleRequest[0m] Got request: GET /ndt/get_graph_data
[2026-09-01 05:18:58.266] [info] [[94mHttpSession.cpp[0m:[95m531[0m [96mhandleGetGraphData[0m] Handle Get Graph Data
[2026-09-01 05:18:58.277] [info] [[94mHttpSession.cpp[0m:[95m576[0m [96mhandleGetGraphData[0m] get_graph_data success
[2026-09-01 05:18:58.515] [info] [[94mControllerAndOtherEventHandler.cpp[0m:[95m239[0m [96moperator()[0m] Accepted new connection
[2026-09-01 05:18:58.515] [info] [[94mHttpSession.cpp[0m:[95m96[0m [96mhandleRequest[0m] Got request: GET /ndt/get_graph_data
[2026-09-01 05:18:58.515] [info] [[94mHttpSession.cpp[0m:[95m531[0m [96mhandleGetGraphData[0m] Handle Get Graph Data
[2026-09-01 05:18:58.533] [info] [[94mHttpSession.cpp[0m:[95m576[0m [96mhandleGetGraphData[0m] get_graph_data success
[2026-09-01 05:18:58.765] [info] [[94mControllerAndOtherEventHandler.cpp[0m:[95m239[0m [96moperator()[0m] Accepted new connection
[2026-09-01 05:18:58.765] [info] [[94mHttpSession.cpp[0m:[95m96[0m [96mhandleRequest[0m] Got request: GET /ndt/get_graph_data
[2026-09-01 05:18:58.765] [info] [[94mHttpSession.cpp[0m:[95m531[0m [96mhandleGetGraphData[0m] Handle Get Graph Data
[2026-09-01 05:18:58.782] [info] [[94mHttpSession.cpp[0m:[95m576[0m [96mhandleGetGraphData[0m] get_graph_data success
[2026-09-01 05:18:59.016] [info] [[94mControllerAndOtherEventHandler.cpp[0m:[95m239[0m [96moperator()[0m] Accepted new connection
[2026-09-01 05:18:59.016] [info] [[94mHttpSession.cpp[0m:[95m96[0m [96mhandleRequest[0m] Got request: GET /ndt/get_graph_data
[2026-09-01 05:18:59.016] [info] [[94mHttpSession.cpp[0m:[95m531[0m [96mhandleGetGraphData[0m] Handle Get Graph Data
[2026-09-01 05:18:59.029] [info] [[94mHttpSession.cpp[0m:[95m576[0m [96mhandleGetGraphData[0m] get_graph_data success
[2026-09-01 05:18:59.266] [info] [[94mControllerAndOtherEventHandler.cpp[0m:[95m239[0m [96moperator()[0m] Accepted new connection
[2026-09-01 05:18:59.266] [info] [[94mHttpSession.cpp[0m:[95m96[0m [96mhandleRequest[0m] Got request: GET /ndt/get_graph_data
[2026-09-01 05:18:59.266] [info] [[94mHttpSession.cpp[0m:[95m531[0m [96mhandleGetGraphData[0m] Handle Get Graph Data
[2026-09-01 05:18:59.285] [info] [[94mHttpSession.cpp[0m:[95m576[0m [96mhandleGetGraphData[0m] get_graph_data success
[2026-09-01 05:18:59.516] [info] [[94mControllerAndOtherEventHandler.cpp[0m:[95m239[0m [96moperator()[0m] Accepted new connection
[2026-09-01 05:18:59.516] [info] [[94mHttpSession.cpp[0m:[95m96[0m [96mhandleRequest[0m] Got request: GET /ndt/get_graph_data
[2026-09-01 05:18:59.516] [info] [[94mHttpSession.cpp[0m:[95m531[0m [96mhandleGetGraphData[0m] Handle Get Graph Data
[2026-09-01 05:18:59.535] [info] [[94mHttpSession.cpp[0m:[95m576[0m [96mhandleGetGraphData[0m] get_graph_data success
[2026-09-01 05:18:59.765] [info] [[94mControllerAndOtherEventHandler.cpp[0m:[95m239[0m [96moperator()[0m] Accepted new connection
[2026-09-01 05:18:59.766] [info] [[94mHttpSession.cpp[0m:[95m96[0m [96mhandleRequest[0m] Got request: GET /ndt/get_graph_data
[2026-09-01 05:18:59.766] [info] [[94mHttpSession.cpp[0m:[95m531[0m [96mhandleGetGraphData[0m] Handle Get Graph Data
[2026-09-01 05:18:59.777] [info] [[94mHttpSession.cpp[0m:[95m576[0m [96mhandleGetGraphData[0m] get_graph_data success
[2026-09-01 05:19:00.015] [info] [[94mControllerAndOtherEventHandler.cpp[0m:[95m239[0m [96moperator()[0m] Accepted new connection
[2026-09-01 05:19:00.016] [info] [[94mHttpSession.cpp[0m:[95m96[0m [96mhandleRequest[0m] Got request: GET /ndt/get_graph_data
[2026-09-01 05:19:00.016] [info] [[94mHttpSession.cpp[0m:[95m531[0m [96mhandleGetGraphData[0m] Handle Get Graph Data
[2026-09-01 05:19:00.027] [info] [[94mHttpSession.cpp[0m:[95m576[0m [96mhandleGetGraphData[0m] get_graph_data success
[2026-09-01 05:19:00.265] [info] [[94mControllerAndOtherEventHandler.cpp[0m:[95m239[0m [96moperator()[0m] Accepted new connection
[2026-09-01 05:19:00.266] [info] [[94mHttpSession.cpp[0m:[95m96[0m [96mhandleRequest[0m] Got request: GET /ndt/get_graph_data
[2026-09-01 05:19:00.266] [info] [[94mHttpSession.cpp[0m:[95m531[0m [96mhandleGetGraphData[0m] Handle Get Graph Data
[2026-09-01 05:19:00.282] [info] [[94mHttpSession.cpp[0m:[95m576[0m [96mhandleGetGraphData[0m] get_graph_data success
[2026-09-01 05:19:00.516] [info] [[94mControllerAndOtherEventHandler.cpp[0m:[95m239[0m [96moperator()[0m] Accepted new connection
[2026-09-01 05:19:00.516] [info] [[94mHttpSession.cpp[0m:[95m96[0m [96mhandleRequest[0m] Got request: GET /ndt/get_graph_data
[2026-09-01 05:19:00.516] [info] [[94mHttpSession.cpp[0m:[95m531[0m [96mhandleGetGraphData[0m] Handle Get Graph Data
[2026-09-01 05:19:00.530] [info] [[94mHttpSession.cpp[0m:[95m576[0m [96mhandleGetGraphData[0m] get_graph_data success
[2026-09-01 05:19:00.765] [info] [[94mControllerAndOtherEventHandler.cpp[0m:[95m239[0m [96moperator()[0m] Accepted new connection
[2026-09-01 05:19:00.765] [info] [[94mHttpSession.cpp[0m:[95m96[0m [96mhandleRequest[0m] Got request: GET /ndt/get_graph_data
[2026-09-01 05:19:00.765] [info] [[94mHttpSession.cpp[0m:[95m531[0m [96mhandleGetGraphData[0m] Handle Get Graph Data
[2026-09-01 05:19:00.783] [info] [[94mHttpSession.cpp[0m:[95m576[0m [96mhandleGetGraphData[0m] get_graph_data success
[2026-09-01 05:19:01.016] [info] [[94mControllerAndOtherEventHandler.cpp[0m:[95m239[0m [96moperator()[0m] Accepted new connection
[2026-09-01 05:19:01.017] [info] [[94mHttpSession.cpp[0m:[95m96[0m [96mhandleRequest[0m] Got request: GET /ndt/get_graph_data
[2026-09-01 05:19:01.017] [info] [[94mHttpSession.cpp[0m:[95m531[0m [96mhandleGetGraphData[0m] Handle Get Graph Data
[2026-09-01 05:19:01.035] [info] [[94mHttpSession.cpp[0m:[95m576[0m [96mhandleGetGraphData[0m] get_graph_data success
[2026-09-01 05:19:01.266] [info] [[94mControllerAndOtherEventHandler.cpp[0m:[95m239[0m [96moperator()[0m] Accepted new connection
[2026-09-01 05:19:01.266] [info] [[94mHttpSession.cpp[0m:[95m96[0m [96mhandleRequest[0m] Got request: GET /ndt/get_graph_data
[2026-09-01 05:19:01.266] [info] [[94mHttpSession.cpp[0m:[95m531[0m [96mhandleGetGraphData[0m] Handle Get Graph Data
[2026-09-01 05:19:01.285] [info] [[94mHttpSession.cpp[0m:[95m576[0m [96mhandleGetGraphData[0m] get_graph_data success
[2026-09-01 05:19:01.516] [info] [[94mControllerAndOtherEventHandler.cpp[0m:[95m239[0m [96moperator()[0m] Accepted new connection
[2026-09-01 05:19:01.516] [info] [[94mHttpSession.cpp[0m:[95m96[0m [96mhandleRequest[0m] Got request: GET /ndt/get_graph_data
[2026-09-01 05:19:01.516] [info] [[94mHttpSession.cpp[0m:[95m531[0m [96mhandleGetGraphData[0m] Handle Get Graph Data
[2026-09-01 05:19:01.534] [info] [[94mHttpSession.cpp[0m:[95m576[0m [96mhandleGetGraphData[0m] get_graph_data success
[2026-09-01 05:19:01.766] [info] [[94mControllerAndOtherEventHandler.cpp[0m:[95m239[0m [96moperator()[0m] Accepted new connection
[2026-09-01 05:19:01.766] [info] [[94mHttpSession.cpp[0m:[95m96[0m [96mhandleRequest[0m] Got request: GET /ndt/get_graph_data
[2026-09-01 05:19:01.766] [info] [[94mHttpSession.cpp[0m:[95m531[0m [96mhandleGetGraphData[0m] Handle Get Graph Data
[2026-09-01 05:19:01.784] [info] [[94mHttpSession.cpp[0m:[95m576[0m [96mhandleGetGraphData[0m] get_graph_data success
[2026-09-01 05:19:02.016] [info] [[94mControllerAndOtherEventHandler.cpp[0m:[95m239[0m [96moperator()[0m] Accepted new connection
[2026-09-01 05:19:02.016] [info] [[94mHttpSession.cpp[0m:[95m96[0m [96mhandleRequest[0m] Got request: GET /ndt/get_graph_data
[2026-09-01 05:19:02.016] [info] [[94mHttpSession.cpp[0m:[95m531[0m [96mhandleGetGraphData[0m] Handle Get Graph Data
[2026-09-01 05:19:02.034] [info] [[94mHttpSession.cpp[0m:[95m576[0m [96mhandleGetGraphData[0m] get_graph_data success
[2026-09-01 05:19:02.266] [info] [[94mControllerAndOtherEventHandler.cpp[0m:[95m239[0m [96moperator()[0m] Accepted new connection
[2026-09-01 05:19:02.266] [info] [[94mHttpSession.cpp[0m:[95m96[0m [96mhandleRequest[0m] Got request: GET /ndt/get_graph_data
[2026-09-01 05:19:02.266] [info] [[94mHttpSession.cpp[0m:[95m531[0m [96mhandleGetGraphData[0m] Handle Get Graph Data
[2026-09-01 05:19:02.278] [info] [[94mHttpSession.cpp[0m:[95m576[0m [96mhandleGetGraphData[0m] get_graph_data success
[2026-09-01 05:19:02.516] [info] [[94mControllerAndOtherEventHandler.cpp[0m:[95m239[0m [96moperator()[0m] Accepted new connection
[2026-09-01 05:19:02.517] [info] [[94mHttpSession.cpp[0m:[95m96[0m [96mhandleRequest[0m] Got request: GET /ndt/get_graph_data
[2026-09-01 05:19:02.517] [info] [[94mHttpSession.cpp[0m:[95m531[0m [96mhandleGetGraphData[0m] Handle Get Graph Data
[2026-09-01 05:19:02.534] [info] [[94mHttpSession.cpp[0m:[95m576[0m [96mhandleGetGraphData[0m] get_graph_data success
[2026-09-01 05:19:02.767] [info] [[94mControllerAndOtherEventHandler.cpp[0m:[95m239[0m [96moperator()[0m] Accepted new connection
[2026-09-01 05:19:02.767] [info] [[94mHttpSession.cpp[0m:[95m96[0m [96mhandleRequest[0m] Got request: GET /ndt/get_graph_data
[2026-09-01 05:19:02.767] [info] [[94mHttpSession.cpp[0m:[95m531[0m [96mhandleGetGraphData[0m] Handle Get Graph Data
[2026-09-01 05:19:02.786] [info] [[94mHttpSession.cpp[0m:[95m576[0m [96mhandleGetGraphData[0m] get_graph_data success
[2026-09-01 05:19:03.016] [info] [[94mControllerAndOtherEventHandler.cpp[0m:[95m239[0m [96moperator()[0m] Accepted new connection
[2026-09-01 05:19:03.017] [info] [[94mHttpSession.cpp[0m:[95m96[0m [96mhandleRequest[0m] Got request: GET /ndt/get_graph_data
[2026-09-01 05:19:03.017] [info] [[94mHttpSession.cpp[0m:[95m531[0m [96mhandleGetGraphData[0m] Handle Get Graph Data
[2026-09-01 05:19:03.029] [info] [[94mHttpSession.cpp[0m:[95m576[0m [96mhandleGetGraphData[0m] get_graph_data success
[2026-09-01 05:19:03.266] [info] [[94mControllerAndOtherEventHandler.cpp[0m:[95m239[0m [96moperator()[0m] Accepted new connection
[2026-09-01 05:19:03.267] [info] [[94mHttpSession.cpp[0m:[95m96[0m [96mhandleRequest[0m] Got request: GET /ndt/get_graph_data
[2026-09-01 05:19:03.267] [info] [[94mHttpSession.cpp[0m:[95m531[0m [96mhandleGetGraphData[0m] Handle Get Graph Data
[2026-09-01 05:19:03.282] [info] [[94mHttpSession.cpp[0m:[95m576[0m [96mhandleGetGraphData[0m] get_graph_data success
[2026-09-01 05:19:03.517] [info] [[94mControllerAndOtherEventHandler.cpp[0m:[95m239[0m [96moperator()[0m] Accepted new connection
[2026-09-01 05:19:03.517] [info] [[94mHttpSession.cpp[0m:[95m96[0m [96mhandleRequest[0m] Got request: GET /ndt/get_graph_data
[2026-09-01 05:19:03.517] [info] [[94mHttpSession.cpp[0m:[95m531[0m [96mhandleGetGraphData[0m] Handle Get Graph Data
[2026-09-01 05:19:03.535] [info] [[94mHttpSession.cpp[0m:[95m576[0m [96mhandleGetGraphData[0m] get_graph_data success
[2026-09-01 05:19:03.767] [info] [[94mControllerAndOtherEventHandler.cpp[0m:[95m239[0m [96moperator()[0m] Accepted new connection
[2026-09-01 05:19:03.767] [info] [[94mHttpSession.cpp[0m:[95m96[0m [96mhandleRequest[0m] Got request: GET /ndt/get_graph_data
[2026-09-01 05:19:03.767] [info] [[94mHttpSession.cpp[0m:[95m531[0m [96mhandleGetGraphData[0m] Handle Get Graph Data
[2026-09-01 05:19:03.785] [info] [[94mHttpSession.cpp[0m:[95m576[0m [96mhandleGetGraphData[0m] get_graph_data success
[2026-09-01 05:19:04.017] [info] [[94mControllerAndOtherEventHandler.cpp[0m:[95m239[0m [96moperator()[0m] Accepted new connection
[2026-09-01 05:19:04.018] [info] [[94mHttpSession.cpp[0m:[95m96[0m [96mhandleRequest[0m] Got request: GET /ndt/get_graph_data
[2026-09-01 05:19:04.018] [info] [[94mHttpSession.cpp[0m:[95m531[0m [96mhandleGetGraphData[0m] Handle Get Graph Data
[2026-09-01 05:19:04.036] [info] [[94mHttpSession.cpp[0m:[95m576[0m [96mhandleGetGraphData[0m] get_graph_data success
[2026-09-01 05:19:04.267] [info] [[94mControllerAndOtherEventHandler.cpp[0m:[95m239[0m [96moperator()[0m] Accepted new connection
[2026-09-01 05:19:04.268] [info] [[94mHttpSession.cpp[0m:[95m96[0m [96mhandleRequest[0m] Got request: GET /ndt/get_graph_data
[2026-09-01 05:19:04.268] [info] [[94mHttpSession.cpp[0m:[95m531[0m [96mhandleGetGraphData[0m] Handle Get Graph Data
[2026-09-01 05:19:04.279] [info] [[94mHttpSession.cpp[0m:[95m576[0m [96mhandleGetGraphData[0m] get_graph_data success
[2026-09-01 05:19:04.517] [info] [[94mControllerAndOtherEventHandler.cpp[0m:[95m239[0m [96moperator()[0m] Accepted new connection
[2026-09-01 05:19:04.518] [info] [[94mHttpSession.cpp[0m:[95m96[0m [96mhandleRequest[0m] Got request: GET /ndt/get_graph_data
[2026-09-01 05:19:04.518] [info] [[94mHttpSession.cpp[0m:[95m531[0m [96mhandleGetGraphData[0m] Handle Get Graph Data
[2026-09-01 05:19:04.533] [info] [[94mHttpSession.cpp[0m:[95m576[0m [96mhandleGetGraphData[0m] get_graph_data success
[2026-09-01 05:19:04.768] [info] [[94mControllerAndOtherEventHandler.cpp[0m:[95m239[0m [96moperator()[0m] Accepted new connection
[2026-09-01 05:19:04.768] [info] [[94mHttpSession.cpp[0m:[95m96[0m [96mhandleRequest[0m] Got request: GET /ndt/get_graph_data
[2026-09-01 05:19:04.768] [info] [[94mHttpSession.cpp[0m:[95m531[0m [96mhandleGetGraphData[0m] Handle Get Graph Data
[2026-09-01 05:19:04.786] [info] [[94mHttpSession.cpp[0m:[95m576[0m [96mhandleGetGraphData[0m] get_graph_data success
[2026-09-01 05:19:05.018] [info] [[94mControllerAndOtherEventHandler.cpp[0m:[95m239[0m [96moperator()[0m] Accepted new connection
[2026-09-01 05:19:05.018] [info] [[94mHttpSession.cpp[0m:[95m96[0m [96mhandleRequest[0m] Got request: GET /ndt/get_graph_data
[2026-09-01 05:19:05.018] [info] [[94mHttpSession.cpp[0m:[95m531[0m [96mhandleGetGraphData[0m] Handle Get Graph Data
[2026-09-01 05:19:05.036] [info] [[94mHttpSession.cpp[0m:[95m576[0m [96mhandleGetGraphData[0m] get_graph_data success
[2026-09-01 05:19:05.267] [info] [[94mControllerAndOtherEventHandler.cpp[0m:[95m239[0m [96moperator()[0m] Accepted new connection
[2026-09-01 05:19:05.267] [info] [[94mHttpSession.cpp[0m:[95m96[0m [96mhandleRequest[0m] Got request: GET /ndt/get_graph_data
[2026-09-01 05:19:05.267] [info] [[94mHttpSession.cpp[0m:[95m531[0m [96mhandleGetGraphData[0m] Handle Get Graph Data
[2026-09-01 05:19:05.285] [info] [[94mHttpSession.cpp[0m:[95m576[0m [96mhandleGetGraphData[0m] get_graph_data success
[2026-09-01 05:19:05.517] [info] [[94mControllerAndOtherEventHandler.cpp[0m:[95m239[0m [96moperator()[0m] Accepted new connection
[2026-09-01 05:19:05.517] [info] [[94mHttpSession.cpp[0m:[95m96[0m [96mhandleRequest[0m] Got request: GET /ndt/get_graph_data
[2026-09-01 05:19:05.517] [info] [[94mHttpSession.cpp[0m:[95m531[0m [96mhandleGetGraphData[0m] Handle Get Graph Data
[2026-09-01 05:19:05.535] [info] [[94mHttpSession.cpp[0m:[95m576[0m [96mhandleGetGraphData[0m] get_graph_data success
[2026-09-01 05:19:05.768] [info] [[94mControllerAndOtherEventHandler.cpp[0m:[95m239[0m [96moperator()[0m] Accepted new connection
[2026-09-01 05:19:05.768] [info] [[94mHttpSession.cpp[0m:[95m96[0m [96mhandleRequest[0m] Got request: GET /ndt/get_graph_data
[2026-09-01 05:19:05.768] [info] [[94mHttpSession.cpp[0m:[95m531[0m [96mhandleGetGraphData[0m] Handle Get Graph Data
[2026-09-01 05:19:05.783] [info] [[94mHttpSession.cpp[0m:[95m576[0m [96mhandleGetGraphData[0m] get_graph_data success
[2026-09-01 05:19:06.017] [info] [[94mControllerAndOtherEventHandler.cpp[0m:[95m239[0m [96moperator()[0m] Accepted new connection
[2026-09-01 05:19:06.017] [info] [[94mHttpSession.cpp[0m:[95m96[0m [96mhandleRequest[0m] Got request: GET /ndt/get_graph_data
[2026-09-01 05:19:06.018] [info] [[94mHttpSession.cpp[0m:[95m531[0m [96mhandleGetGraphData[0m] Handle Get Graph Data
[2026-09-01 05:19:06.031] [info] [[94mHttpSession.cpp[0m:[95m576[0m [96mhandleGetGraphData[0m] get_graph_data success
[2026-09-01 05:19:06.267] [info] [[94mControllerAndOtherEventHandler.cpp[0m:[95m239[0m [96moperator()[0m] Accepted new connection
[2026-09-01 05:19:06.268] [info] [[94mHttpSession.cpp[0m:[95m96[0m [96mhandleRequest[0m] Got request: GET /ndt/get_graph_data
[2026-09-01 05:19:06.268] [info] [[94mHttpSession.cpp[0m:[95m531[0m [96mhandleGetGraphData[0m] Handle Get Graph Data
[2026-09-01 05:19:06.286] [info] [[94mHttpSession.cpp[0m:[95m576[0m [96mhandleGetGraphData[0m] get_graph_data success
[2026-09-01 05:19:06.518] [info] [[94mControllerAndOtherEventHandler.cpp[0m:[95m239[0m [96moperator()[0m] Accepted new connection
[2026-09-01 05:19:06.518] [info] [[94mHttpSession.cpp[0m:[95m96[0m [96mhandleRequest[0m] Got request: GET /ndt/get_graph_data
[2026-09-01 05:19:06.518] [info] [[94mHttpSession.cpp[0m:[95m531[0m [96mhandleGetGraphData[0m] Handle Get Graph Data
[2026-09-01 05:19:06.536] [info] [[94mHttpSession.cpp[0m:[95m576[0m [96mhandleGetGraphData[0m] get_graph_data success
[2026-09-01 05:19:06.768] [info] [[94mControllerAndOtherEventHandler.cpp[0m:[95m239[0m [96moperator()[0m] Accepted new connection
[2026-09-01 05:19:06.768] [info] [[94mHttpSession.cpp[0m:[95m96[0m [96mhandleRequest[0m] Got request: GET /ndt/get_graph_data
[2026-09-01 05:19:06.768] [info] [[94mHttpSession.cpp[0m:[95m531[0m [96mhandleGetGraphData[0m] Handle Get Graph Data
[2026-09-01 05:19:06.786] [info] [[94mHttpSession.cpp[0m:[95m576[0m [96mhandleGetGraphData[0m] get_graph_data success
[2026-09-01 05:19:07.018] [info] [[94mControllerAndOtherEventHandler.cpp[0m:[95m239[0m [96moperator()[0m] Accepted new connection
[2026-09-01 05:19:07.019] [info] [[94mHttpSession.cpp[0m:[95m96[0m [96mhandleRequest[0m] Got request: GET /ndt/get_graph_data
[2026-09-01 05:19:07.019] [info] [[94mHttpSession.cpp[0m:[95m531[0m [96mhandleGetGraphData[0m] Handle Get Graph Data
[2026-09-01 05:19:07.037] [info] [[94mHttpSession.cpp[0m:[95m576[0m [96mhandleGetGraphData[0m] get_graph_data success
[2026-09-01 05:19:07.268] [info] [[94mControllerAndOtherEventHandler.cpp[0m:[95m239[0m [96moperator()[0m] Accepted new connection
[2026-09-01 05:19:07.269] [info] [[94mHttpSession.cpp[0m:[95m96[0m [96mhandleRequest[0m] Got request: GET /ndt/get_graph_data
[2026-09-01 05:19:07.269] [info] [[94mHttpSession.cpp[0m:[95m531[0m [96mhandleGetGraphData[0m] Handle Get Graph Data
[2026-09-01 05:19:07.287] [info] [[94mHttpSession.cpp[0m:[95m576[0m [96mhandleGetGraphData[0m] get_graph_data success
[2026-09-01 05:19:07.518] [info] [[94mControllerAndOtherEventHandler.cpp[0m:[95m239[0m [96moperator()[0m] Accepted new connection
[2026-09-01 05:19:07.518] [info] [[94mHttpSession.cpp[0m:[95m96[0m [96mhandleRequest[0m] Got request: GET /ndt/get_graph_data
[2026-09-01 05:19:07.518] [info] [[94mHttpSession.cpp[0m:[95m531[0m [96mhandleGetGraphData[0m] Handle Get Graph Data
[2026-09-01 05:19:07.534] [info] [[94mHttpSession.cpp[0m:[95m576[0m [96mhandleGetGraphData[0m] get_graph_data success
[2026-09-01 05:19:07.769] [info] [[94mControllerAndOtherEventHandler.cpp[0m:[95m239[0m [96moperator()[0m] Accepted new connection
[2026-09-01 05:19:07.769] [info] [[94mHttpSession.cpp[0m:[95m96[0m [96mhandleRequest[0m] Got request: GET /ndt/get_graph_data
[2026-09-01 05:19:07.769] [info] [[94mHttpSession.cpp[0m:[95m531[0m [96mhandleGetGraphData[0m] Handle Get Graph Data
[2026-09-01 05:19:07.788] [info] [[94mHttpSession.cpp[0m:[95m576[0m [96mhandleGetGraphData[0m] get_graph_data success
[2026-09-01 05:19:08.019] [info] [[94mControllerAndOtherEventHandler.cpp[0m:[95m239[0m [96moperator()[0m] Accepted new connection
[2026-09-01 05:19:08.019] [info] [[94mHttpSession.cpp[0m:[95m96[0m [96mhandleRequest[0m] Got request: GET /ndt/get_graph_data
[2026-09-01 05:19:08.019] [info] [[94mHttpSession.cpp[0m:[95m531[0m [96mhandleGetGraphData[0m] Handle Get Graph Data
[2026-09-01 05:19:08.036] [info] [[94mHttpSession.cpp[0m:[95m576[0m [96mhandleGetGraphData[0m] get_graph_data success
[2026-09-01 05:19:08.268] [info] [[94mControllerAndOtherEventHandler.cpp[0m:[95m239[0m [96moperator()[0m] Accepted new connection
[2026-09-01 05:19:08.268] [info] [[94mHttpSession.cpp[0m:[95m96[0m [96mhandleRequest[0m] Got request: GET /ndt/get_graph_data
[2026-09-01 05:19:08.268] [info] [[94mHttpSession.cpp[0m:[95m531[0m [96mhandleGetGraphData[0m] Handle Get Graph Data
[2026-09-01 05:19:08.287] [info] [[94mHttpSession.cpp[0m:[95m576[0m [96mhandleGetGraphData[0m] get_graph_data success
[2026-09-01 05:19:08.518] [info] [[94mControllerAndOtherEventHandler.cpp[0m:[95m239[0m [96moperator()[0m] Accepted new connection
[2026-09-01 05:19:08.518] [info] [[94mHttpSession.cpp[0m:[95m96[0m [96mhandleRequest[0m] Got request: GET /ndt/get_graph_data
[2026-09-01 05:19:08.518] [info] [[94mHttpSession.cpp[0m:[95m531[0m [96mhandleGetGraphData[0m] Handle Get Graph Data
[2026-09-01 05:19:08.537] [info] [[94mHttpSession.cpp[0m:[95m576[0m [96mhandleGetGraphData[0m] get_graph_data success
[2026-09-01 05:19:08.769] [info] [[94mControllerAndOtherEventHandler.cpp[0m:[95m239[0m [96moperator()[0m] Accepted new connection
[2026-09-01 05:19:08.769] [info] [[94mHttpSession.cpp[0m:[95m96[0m [96mhandleRequest[0m] Got request: GET /ndt/get_graph_data
[2026-09-01 05:19:08.769] [info] [[94mHttpSession.cpp[0m:[95m531[0m [96mhandleGetGraphData[0m] Handle Get Graph Data
[2026-09-01 05:19:08.788] [info] [[94mHttpSession.cpp[0m:[95m576[0m [96mhandleGetGraphData[0m] get_graph_data success
[2026-09-01 05:19:09.019] [info] [[94mControllerAndOtherEventHandler.cpp[0m:[95m239[0m [96moperator()[0m] Accepted new connection
[2026-09-01 05:19:09.019] [info] [[94mHttpSession.cpp[0m:[95m96[0m [96mhandleRequest[0m] Got request: GET /ndt/get_graph_data
[2026-09-01 05:19:09.019] [info] [[94mHttpSession.cpp[0m:[95m531[0m [96mhandleGetGraphData[0m] Handle Get Graph Data
[2026-09-01 05:19:09.038] [info] [[94mHttpSession.cpp[0m:[95m576[0m [96mhandleGetGraphData[0m] get_graph_data success
[2026-09-01 05:19:09.269] [info] [[94mControllerAndOtherEventHandler.cpp[0m:[95m239[0m [96moperator()[0m] Accepted new connection
[2026-09-01 05:19:09.269] [info] [[94mHttpSession.cpp[0m:[95m96[0m [96mhandleRequest[0m] Got request: GET /ndt/get_graph_data
[2026-09-01 05:19:09.269] [info] [[94mHttpSession.cpp[0m:[95m531[0m [96mhandleGetGraphData[0m] Handle Get Graph Data
[2026-09-01 05:19:09.282] [info] [[94mHttpSession.cpp[0m:[95m576[0m [96mhandleGetGraphData[0m] get_graph_data success
[2026-09-01 05:19:09.519] [info] [[94mControllerAndOtherEventHandler.cpp[0m:[95m239[0m [96moperator()[0m] Accepted new connection
[2026-09-01 05:19:09.519] [info] [[94mHttpSession.cpp[0m:[95m96[0m [96mhandleRequest[0m] Got request: GET /ndt/get_graph_data
[2026-09-01 05:19:09.519] [info] [[94mHttpSession.cpp[0m:[95m531[0m [96mhandleGetGraphData[0m] Handle Get Graph Data
[2026-09-01 05:19:09.538] [info] [[94mHttpSession.cpp[0m:[95m576[0m [96mhandleGetGraphData[0m] get_graph_data success
[2026-09-01 05:19:09.769] [info] [[94mControllerAndOtherEventHandler.cpp[0m:[95m239[0m [96moperator()[0m] Accepted new connection
[2026-09-01 05:19:09.769] [info] [[94mHttpSession.cpp[0m:[95m96[0m [96mhandleRequest[0m] Got request: GET /ndt/get_graph_data
[2026-09-01 05:19:09.773] [info] [[94mHttpSession.cpp[0m:[95m531[0m [96mhandleGetGraphData[0m] Handle Get Graph Data
[2026-09-01 05:19:09.786] [info] [[94mHttpSession.cpp[0m:[95m576[0m [96mhandleGetGraphData[0m] get_graph_data success
[2026-09-01 05:19:10.019] [info] [[94mControllerAndOtherEventHandler.cpp[0m:[95m239[0m [96moperator()[0m] Accepted new connection
[2026-09-01 05:19:10.019] [info] [[94mHttpSession.cpp[0m:[95m96[0m [96mhandleRequest[0m] Got request: GET /ndt/get_graph_data
[2026-09-01 05:19:10.019] [info] [[94mHttpSession.cpp[0m:[95m531[0m [96mhandleGetGraphData[0m] Handle Get Graph Data
[2026-09-01 05:19:10.031] [info] [[94mHttpSession.cpp[0m:[95m576[0m [96mhandleGetGraphData[0m] get_graph_data success
[2026-09-01 05:19:10.269] [info] [[94mControllerAndOtherEventHandler.cpp[0m:[95m239[0m [96moperator()[0m] Accepted new connection
[2026-09-01 05:19:10.270] [info] [[94mHttpSession.cpp[0m:[95m96[0m [96mhandleRequest[0m] Got request: GET /ndt/get_graph_data
[2026-09-01 05:19:10.270] [info] [[94mHttpSession.cpp[0m:[95m531[0m [96mhandleGetGraphData[0m] Handle Get Graph Data
[2026-09-01 05:19:10.289] [info] [[94mHttpSession.cpp[0m:[95m576[0m [96mhandleGetGraphData[0m] get_graph_data success
[2026-09-01 05:19:10.520] [info] [[94mControllerAndOtherEventHandler.cpp[0m:[95m239[0m [96moperator()[0m] Accepted new connection
[2026-09-01 05:19:10.520] [info] [[94mHttpSession.cpp[0m:[95m96[0m [96mhandleRequest[0m] Got request: GET /ndt/get_graph_data
[2026-09-01 05:19:10.520] [info] [[94mHttpSession.cpp[0m:[95m531[0m [96mhandleGetGraphData[0m] Handle Get Graph Data
[2026-09-01 05:19:10.536] [info] [[94mHttpSession.cpp[0m:[95m576[0m [96mhandleGetGraphData[0m] get_graph_data success
[2026-09-01 05:19:10.769] [info] [[94mControllerAndOtherEventHandler.cpp[0m:[95m239[0m [96moperator()[0m] Accepted new connection
[2026-09-01 05:19:10.769] [info] [[94mHttpSession.cpp[0m:[95m96[0m [96mhandleRequest[0m] Got request: GET /ndt/get_graph_data
[2026-09-01 05:19:10.769] [info] [[94mHttpSession.cpp[0m:[95m531[0m [96mhandleGetGraphData[0m] Handle Get Graph Data
[2026-09-01 05:19:10.782] [info] [[94mHttpSession.cpp[0m:[95m576[0m [96mhandleGetGraphData[0m] get_graph_data success
[2026-09-01 05:19:11.019] [info] [[94mControllerAndOtherEventHandler.cpp[0m:[95m239[0m [96moperator()[0m] Accepted new connection
[2026-09-01 05:19:11.019] [info] [[94mHttpSession.cpp[0m:[95m96[0m [96mhandleRequest[0m] Got request: GET /ndt/get_graph_data
[2026-09-01 05:19:11.019] [info] [[94mHttpSession.cpp[0m:[95m531[0m [96mhandleGetGraphData[0m] Handle Get Graph Data
[2026-09-01 05:19:11.032] [info] [[94mHttpSession.cpp[0m:[95m576[0m [96mhandleGetGraphData[0m] get_graph_data success
[2026-09-01 05:19:11.270] [info] [[94mControllerAndOtherEventHandler.cpp[0m:[95m239[0m [96moperator()[0m] Accepted new connection
[2026-09-01 05:19:11.270] [info] [[94mHttpSession.cpp[0m:[95m96[0m [96mhandleRequest[0m] Got request: GET /ndt/get_graph_data
[2026-09-01 05:19:11.270] [info] [[94mHttpSession.cpp[0m:[95m531[0m [96mhandleGetGraphData[0m] Handle Get Graph Data
[2026-09-01 05:19:11.283] [info] [[94mHttpSession.cpp[0m:[95m576[0m [96mhandleGetGraphData[0m] get_graph_data success
[2026-09-01 05:19:11.519] [info] [[94mControllerAndOtherEventHandler.cpp[0m:[95m239[0m [96moperator()[0m] Accepted new connection
[2026-09-01 05:19:11.519] [info] [[94mHttpSession.cpp[0m:[95m96[0m [96mhandleRequest[0m] Got request: GET /ndt/get_graph_data
[2026-09-01 05:19:11.519] [info] [[94mHttpSession.cpp[0m:[95m531[0m [96mhandleGetGraphData[0m] Handle Get Graph Data
[2026-09-01 05:19:11.538] [info] [[94mHttpSession.cpp[0m:[95m576[0m [96mhandleGetGraphData[0m] get_graph_data success
[2026-09-01 05:19:11.770] [info] [[94mControllerAndOtherEventHandler.cpp[0m:[95m239[0m [96moperator()[0m] Accepted new connection
[2026-09-01 05:19:11.770] [info] [[94mHttpSession.cpp[0m:[95m96[0m [96mhandleRequest[0m] Got request: GET /ndt/get_graph_data
[2026-09-01 05:19:11.770] [info] [[94mHttpSession.cpp[0m:[95m531[0m [96mhandleGetGraphData[0m] Handle Get Graph Data
[2026-09-01 05:19:11.782] [info] [[94mHttpSession.cpp[0m:[95m576[0m [96mhandleGetGraphData[0m] get_graph_data success
[2026-09-01 05:19:12.020] [info] [[94mControllerAndOtherEventHandler.cpp[0m:[95m239[0m [96moperator()[0m] Accepted new connection
[2026-09-01 05:19:12.020] [info] [[94mHttpSession.cpp[0m:[95m96[0m [96mhandleRequest[0m] Got request: GET /ndt/get_graph_data
[2026-09-01 05:19:12.020] [info] [[94mHttpSession.cpp[0m:[95m531[0m [96mhandleGetGraphData[0m] Handle Get Graph Data
[2026-09-01 05:19:12.032] [info] [[94mHttpSession.cpp[0m:[95m576[0m [96mhandleGetGraphData[0m] get_graph_data success
[2026-09-01 05:19:12.270] [info] [[94mControllerAndOtherEventHandler.cpp[0m:[95m239[0m [96moperator()[0m] Accepted new connection
[2026-09-01 05:19:12.270] [info] [[94mHttpSession.cpp[0m:[95m96[0m [96mhandleRequest[0m] Got request: GET /ndt/get_graph_data
[2026-09-01 05:19:12.270] [info] [[94mHttpSession.cpp[0m:[95m531[0m [96mhandleGetGraphData[0m] Handle Get Graph Data
[2026-09-01 05:19:12.289] [info] [[94mHttpSession.cpp[0m:[95m576[0m [96mhandleGetGraphData[0m] get_graph_data success
[2026-09-01 05:19:12.520] [info] [[94mControllerAndOtherEventHandler.cpp[0m:[95m239[0m [96moperator()[0m] Accepted new connection
[2026-09-01 05:19:12.520] [info] [[94mHttpSession.cpp[0m:[95m96[0m [96mhandleRequest[0m] Got request: GET /ndt/get_graph_data
[2026-09-01 05:19:12.520] [info] [[94mHttpSession.cpp[0m:[95m531[0m [96mhandleGetGraphData[0m] Handle Get Graph Data
[2026-09-01 05:19:12.539] [info] [[94mHttpSession.cpp[0m:[95m576[0m [96mhandleGetGraphData[0m] get_graph_data success
[2026-09-01 05:19:12.770] [info] [[94mControllerAndOtherEventHandler.cpp[0m:[95m239[0m [96moperator()[0m] Accepted new connection
[2026-09-01 05:19:12.770] [info] [[94mHttpSession.cpp[0m:[95m96[0m [96mhandleRequest[0m] Got request: GET /ndt/get_graph_data
[2026-09-01 05:19:12.770] [info] [[94mHttpSession.cpp[0m:[95m531[0m [96mhandleGetGraphData[0m] Handle Get Graph Data
[2026-09-01 05:19:12.789] [info] [[94mHttpSession.cpp[0m:[95m576[0m [96mhandleGetGraphData[0m] get_graph_data success
[2026-09-01 05:19:13.020] [info] [[94mControllerAndOtherEventHandler.cpp[0m:[95m239[0m [96moperator()[0m] Accepted new connection
[2026-09-01 05:19:13.021] [info] [[94mHttpSession.cpp[0m:[95m96[0m [96mhandleRequest[0m] Got request: GET /ndt/get_graph_data
[2026-09-01 05:19:13.021] [info] [[94mHttpSession.cpp[0m:[95m531[0m [96mhandleGetGraphData[0m] Handle Get Graph Data
[2026-09-01 05:19:13.039] [info] [[94mHttpSession.cpp[0m:[95m576[0m [96mhandleGetGraphData[0m] get_graph_data success
[2026-09-01 05:19:13.270] [info] [[94mControllerAndOtherEventHandler.cpp[0m:[95m239[0m [96moperator()[0m] Accepted new connection
[2026-09-01 05:19:13.271] [info] [[94mHttpSession.cpp[0m:[95m96[0m [96mhandleRequest[0m] Got request: GET /ndt/get_graph_data
[2026-09-01 05:19:13.271] [info] [[94mHttpSession.cpp[0m:[95m531[0m [96mhandleGetGraphData[0m] Handle Get Graph Data
[2026-09-01 05:19:13.287] [info] [[94mHttpSession.cpp[0m:[95m576[0m [96mhandleGetGraphData[0m] get_graph_data success
[2026-09-01 05:19:13.520] [info] [[94mControllerAndOtherEventHandler.cpp[0m:[95m239[0m [96moperator()[0m] Accepted new connection
[2026-09-01 05:19:13.520] [info] [[94mHttpSession.cpp[0m:[95m96[0m [96mhandleRequest[0m] Got request: GET /ndt/get_graph_data
[2026-09-01 05:19:13.520] [info] [[94mHttpSession.cpp[0m:[95m531[0m [96mhandleGetGraphData[0m] Handle Get Graph Data
[2026-09-01 05:19:13.532] [info] [[94mHttpSession.cpp[0m:[95m576[0m [96mhandleGetGraphData[0m] get_graph_data success
[2026-09-01 05:19:13.771] [info] [[94mControllerAndOtherEventHandler.cpp[0m:[95m239[0m [96moperator()[0m] Accepted new connection
[2026-09-01 05:19:13.771] [info] [[94mHttpSession.cpp[0m:[95m96[0m [96mhandleRequest[0m] Got request: GET /ndt/get_graph_data
[2026-09-01 05:19:13.771] [info] [[94mHttpSession.cpp[0m:[95m531[0m [96mhandleGetGraphData[0m] Handle Get Graph Data
[2026-09-01 05:19:13.789] [info] [[94mHttpSession.cpp[0m:[95m576[0m [96mhandleGetGraphData[0m] get_graph_data success
[2026-09-01 05:19:14.020] [info] [[94mControllerAndOtherEventHandler.cpp[0m:[95m239[0m [96moperator()[0m] Accepted new connection
[2026-09-01 05:19:14.020] [info] [[94mHttpSession.cpp[0m:[95m96[0m [96mhandleRequest[0m] Got request: GET /ndt/get_graph_data
[2026-09-01 05:19:14.020] [info] [[94mHttpSession.cpp[0m:[95m531[0m [96mhandleGetGraphData[0m] Handle Get Graph Data
[2026-09-01 05:19:14.039] [info] [[94mHttpSession.cpp[0m:[95m576[0m [96mhandleGetGraphData[0m] get_graph_data success
[2026-09-01 05:19:14.270] [info] [[94mControllerAndOtherEventHandler.cpp[0m:[95m239[0m [96moperator()[0m] Accepted new connection
[2026-09-01 05:19:14.270] [info] [[94mHttpSession.cpp[0m:[95m96[0m [96mhandleRequest[0m] Got request: GET /ndt/get_graph_data
[2026-09-01 05:19:14.270] [info] [[94mHttpSession.cpp[0m:[95m531[0m [96mhandleGetGraphData[0m] Handle Get Graph Data
[2026-09-01 05:19:14.287] [info] [[94mHttpSession.cpp[0m:[95m576[0m [96mhandleGetGraphData[0m] get_graph_data success
[2026-09-01 05:19:14.521] [info] [[94mControllerAndOtherEventHandler.cpp[0m:[95m239[0m [96moperator()[0m] Accepted new connection
[2026-09-01 05:19:14.521] [info] [[94mHttpSession.cpp[0m:[95m96[0m [96mhandleRequest[0m] Got request: GET /ndt/get_graph_data
[2026-09-01 05:19:14.521] [info] [[94mHttpSession.cpp[0m:[95m531[0m [96mhandleGetGraphData[0m] Handle Get Graph Data
[2026-09-01 05:19:14.539] [info] [[94mHttpSession.cpp[0m:[95m576[0m [96mhandleGetGraphData[0m] get_graph_data success
[2026-09-01 05:19:14.770] [info] [[94mControllerAndOtherEventHandler.cpp[0m:[95m239[0m [96moperator()[0m] Accepted new connection
[2026-09-01 05:19:14.770] [info] [[94mHttpSession.cpp[0m:[95m96[0m [96mhandleRequest[0m] Got request: GET /ndt/get_graph_data
[2026-09-01 05:19:14.770] [info] [[94mHttpSession.cpp[0m:[95m531[0m [96mhandleGetGraphData[0m] Handle Get Graph Data
[2026-09-01 05:19:14.786] [info] [[94mHttpSession.cpp[0m:[95m576[0m [96mhandleGetGraphData[0m] get_graph_data success
[2026-09-01 05:19:15.020] [info] [[94mControllerAndOtherEventHandler.cpp[0m:[95m239[0m [96moperator()[0m] Accepted new connection
[2026-09-01 05:19:15.020] [info] [[94mHttpSession.cpp[0m:[95m96[0m [96mhandleRequest[0m] Got request: GET /ndt/get_graph_data
[2026-09-01 05:19:15.020] [info] [[94mHttpSession.cpp[0m:[95m531[0m [96mhandleGetGraphData[0m] Handle Get Graph Data
[2026-09-01 05:19:15.036] [info] [[94mHttpSession.cpp[0m:[95m576[0m [96mhandleGetGraphData[0m] get_graph_data success
[2026-09-01 05:19:15.270] [info] [[94mControllerAndOtherEventHandler.cpp[0m:[95m239[0m [96moperator()[0m] Accepted new connection
[2026-09-01 05:19:15.271] [info] [[94mHttpSession.cpp[0m:[95m96[0m [96mhandleRequest[0m] Got request: GET /ndt/get_graph_data
[2026-09-01 05:19:15.271] [info] [[94mHttpSession.cpp[0m:[95m531[0m [96mhandleGetGraphData[0m] Handle Get Graph Data
[2026-09-01 05:19:15.288] [info] [[94mHttpSession.cpp[0m:[95m576[0m [96mhandleGetGraphData[0m] get_graph_data success
[2026-09-01 05:19:15.521] [info] [[94mControllerAndOtherEventHandler.cpp[0m:[95m239[0m [96moperator()[0m] Accepted new connection
[2026-09-01 05:19:15.521] [info] [[94mHttpSession.cpp[0m:[95m96[0m [96mhandleRequest[0m] Got request: GET /ndt/get_graph_data
[2026-09-01 05:19:15.521] [info] [[94mHttpSession.cpp[0m:[95m531[0m [96mhandleGetGraphData[0m] Handle Get Graph Data
[2026-09-01 05:19:15.540] [info] [[94mHttpSession.cpp[0m:[95m576[0m [96mhandleGetGraphData[0m] get_graph_data success
[2026-09-01 05:19:15.771] [info] [[94mControllerAndOtherEventHandler.cpp[0m:[95m239[0m [96moperator()[0m] Accepted new connection
[2026-09-01 05:19:15.771] [info] [[94mHttpSession.cpp[0m:[95m96[0m [96mhandleRequest[0m] Got request: GET /ndt/get_graph_data
[2026-09-01 05:19:15.771] [info] [[94mHttpSession.cpp[0m:[95m531[0m [96mhandleGetGraphData[0m] Handle Get Graph Data
[2026-09-01 05:19:15.790] [info] [[94mHttpSession.cpp[0m:[95m576[0m [96mhandleGetGraphData[0m] get_graph_data success
[2026-09-01 05:19:16.021] [info] [[94mControllerAndOtherEventHandler.cpp[0m:[95m239[0m [96moperator()[0m] Accepted new connection
[2026-09-01 05:19:16.021] [info] [[94mHttpSession.cpp[0m:[95m96[0m [96mhandleRequest[0m] Got request: GET /ndt/get_graph_data
[2026-09-01 05:19:16.021] [info] [[94mHttpSession.cpp[0m:[95m531[0m [96mhandleGetGraphData[0m] Handle Get Graph Data
[2026-09-01 05:19:16.040] [info] [[94mHttpSession.cpp[0m:[95m576[0m [96mhandleGetGraphData[0m] get_graph_data success
[2026-09-01 05:19:16.271] [info] [[94mControllerAndOtherEventHandler.cpp[0m:[95m239[0m [96moperator()[0m] Accepted new connection
[2026-09-01 05:19:16.272] [info] [[94mHttpSession.cpp[0m:[95m96[0m [96mhandleRequest[0m] Got request: GET /ndt/get_graph_data
[2026-09-01 05:19:16.272] [info] [[94mHttpSession.cpp[0m:[95m531[0m [96mhandleGetGraphData[0m] Handle Get Graph Data
[2026-09-01 05:19:16.289] [info] [[94mHttpSession.cpp[0m:[95m576[0m [96mhandleGetGraphData[0m] get_graph_data success
[2026-09-01 05:19:16.521] [info] [[94mControllerAndOtherEventHandler.cpp[0m:[95m239[0m [96moperator()[0m] Accepted new connection
[2026-09-01 05:19:16.522] [info] [[94mHttpSession.cpp[0m:[95m96[0m [96mhandleRequest[0m] Got request: GET /ndt/get_graph_data
[2026-09-01 05:19:16.522] [info] [[94mHttpSession.cpp[0m:[95m531[0m [96mhandleGetGraphData[0m] Handle Get Graph Data
[2026-09-01 05:19:16.539] [info] [[94mHttpSession.cpp[0m:[95m576[0m [96mhandleGetGraphData[0m] get_graph_data success
[2026-09-01 05:19:16.771] [info] [[94mControllerAndOtherEventHandler.cpp[0m:[95m239[0m [96moperator()[0m] Accepted new connection
[2026-09-01 05:19:16.771] [info] [[94mHttpSession.cpp[0m:[95m96[0m [96mhandleRequest[0m] Got request: GET /ndt/get_graph_data
[2026-09-01 05:19:16.771] [info] [[94mHttpSession.cpp[0m:[95m531[0m [96mhandleGetGraphData[0m] Handle Get Graph Data
[2026-09-01 05:19:16.790] [info] [[94mHttpSession.cpp[0m:[95m576[0m [96mhandleGetGraphData[0m] get_graph_data success
[2026-09-01 05:19:17.022] [info] [[94mControllerAndOtherEventHandler.cpp[0m:[95m239[0m [96moperator()[0m] Accepted new connection
[2026-09-01 05:19:17.022] [info] [[94mHttpSession.cpp[0m:[95m96[0m [96mhandleRequest[0m] Got request: GET /ndt/get_graph_data
[2026-09-01 05:19:17.022] [info] [[94mHttpSession.cpp[0m:[95m531[0m [96mhandleGetGraphData[0m] Handle Get Graph Data
[2026-09-01 05:19:17.038] [info] [[94mHttpSession.cpp[0m:[95m576[0m [96mhandleGetGraphData[0m] get_graph_data success
[2026-09-01 05:19:17.272] [info] [[94mControllerAndOtherEventHandler.cpp[0m:[95m239[0m [96moperator()[0m] Accepted new connection
[2026-09-01 05:19:17.272] [info] [[94mHttpSession.cpp[0m:[95m96[0m [96mhandleRequest[0m] Got request: GET /ndt/get_graph_data
[2026-09-01 05:19:17.272] [info] [[94mHttpSession.cpp[0m:[95m531[0m [96mhandleGetGraphData[0m] Handle Get Graph Data
[2026-09-01 05:19:17.291] [info] [[94mHttpSession.cpp[0m:[95m576[0m [96mhandleGetGraphData[0m] get_graph_data success
[2026-09-01 05:19:17.521] [info] [[94mControllerAndOtherEventHandler.cpp[0m:[95m239[0m [96moperator()[0m] Accepted new connection
[2026-09-01 05:19:17.522] [info] [[94mHttpSession.cpp[0m:[95m96[0m [96mhandleRequest[0m] Got request: GET /ndt/get_graph_data
[2026-09-01 05:19:17.522] [info] [[94mHttpSession.cpp[0m:[95m531[0m [96mhandleGetGraphData[0m] Handle Get Graph Data
[2026-09-01 05:19:17.539] [info] [[94mHttpSession.cpp[0m:[95m576[0m [96mhandleGetGraphData[0m] get_graph_data success
[2026-09-01 05:19:17.772] [info] [[94mControllerAndOtherEventHandler.cpp[0m:[95m239[0m [96moperator()[0m] Accepted new connection
[2026-09-01 05:19:17.772] [info] [[94mHttpSession.cpp[0m:[95m96[0m [96mhandleRequest[0m] Got request: GET /ndt/get_graph_data
[2026-09-01 05:19:17.772] [info] [[94mHttpSession.cpp[0m:[95m531[0m [96mhandleGetGraphData[0m] Handle Get Graph Data
[2026-09-01 05:19:17.791] [info] [[94mHttpSession.cpp[0m:[95m576[0m [96mhandleGetGraphData[0m] get_graph_data success
[2026-09-01 05:19:18.022] [info] [[94mControllerAndOtherEventHandler.cpp[0m:[95m239[0m [96moperator()[0m] Accepted new connection
[2026-09-01 05:19:18.022] [info] [[94mHttpSession.cpp[0m:[95m96[0m [96mhandleRequest[0m] Got request: GET /ndt/get_graph_data
[2026-09-01 05:19:18.022] [info] [[94mHttpSession.cpp[0m:[95m531[0m [96mhandleGetGraphData[0m] Handle Get Graph Data
[2026-09-01 05:19:18.041] [info] [[94mHttpSession.cpp[0m:[95m576[0m [96mhandleGetGraphData[0m] get_graph_data success
[2026-09-01 05:19:18.272] [info] [[94mControllerAndOtherEventHandler.cpp[0m:[95m239[0m [96moperator()[0m] Accepted new connection
[2026-09-01 05:19:18.272] [info] [[94mHttpSession.cpp[0m:[95m96[0m [96mhandleRequest[0m] Got request: GET /ndt/get_graph_data
[2026-09-01 05:19:18.272] [info] [[94mHttpSession.cpp[0m:[95m531[0m [96mhandleGetGraphData[0m] Handle Get Graph Data
[2026-09-01 05:19:18.290] [info] [[94mHttpSession.cpp[0m:[95m576[0m [96mhandleGetGraphData[0m] get_graph_data success
[2026-09-01 05:19:18.522] [info] [[94mControllerAndOtherEventHandler.cpp[0m:[95m239[0m [96moperator()[0m] Accepted new connection
[2026-09-01 05:19:18.522] [info] [[94mHttpSession.cpp[0m:[95m96[0m [96mhandleRequest[0m] Got request: GET /ndt/get_graph_data
[2026-09-01 05:19:18.522] [info] [[94mHttpSession.cpp[0m:[95m531[0m [96mhandleGetGraphData[0m] Handle Get Graph Data
[2026-09-01 05:19:18.538] [info] [[94mHttpSession.cpp[0m:[95m576[0m [96mhandleGetGraphData[0m] get_graph_data success
[2026-09-01 05:19:18.772] [info] [[94mControllerAndOtherEventHandler.cpp[0m:[95m239[0m [96moperator()[0m] Accepted new connection
[2026-09-01 05:19:18.772] [info] [[94mHttpSession.cpp[0m:[95m96[0m [96mhandleRequest[0m] Got request: GET /ndt/get_graph_data
[2026-09-01 05:19:18.772] [info] [[94mHttpSession.cpp[0m:[95m531[0m [96mhandleGetGraphData[0m] Handle Get Graph Data
[2026-09-01 05:19:18.791] [info] [[94mHttpSession.cpp[0m:[95m576[0m [96mhandleGetGraphData[0m] get_graph_data success
[2026-09-01 05:19:19.022] [info] [[94mControllerAndOtherEventHandler.cpp[0m:[95m239[0m [96moperator()[0m] Accepted new connection
[2026-09-01 05:19:19.022] [info] [[94mHttpSession.cpp[0m:[95m96[0m [96mhandleRequest[0m] Got request: GET /ndt/get_graph_data
[2026-09-01 05:19:19.022] [info] [[94mHttpSession.cpp[0m:[95m531[0m [96mhandleGetGraphData[0m] Handle Get Graph Data
[2026-09-01 05:19:19.034] [info] [[94mHttpSession.cpp[0m:[95m576[0m [96mhandleGetGraphData[0m] get_graph_data success
[2026-09-01 05:19:19.272] [info] [[94mControllerAndOtherEventHandler.cpp[0m:[95m239[0m [96moperator()[0m] Accepted new connection
[2026-09-01 05:19:19.273] [info] [[94mHttpSession.cpp[0m:[95m96[0m [96mhandleRequest[0m] Got request: GET /ndt/get_graph_data
[2026-09-01 05:19:19.273] [info] [[94mHttpSession.cpp[0m:[95m531[0m [96mhandleGetGraphData[0m] Handle Get Graph Data
[2026-09-01 05:19:19.291] [info] [[94mHttpSession.cpp[0m:[95m576[0m [96mhandleGetGraphData[0m] get_graph_data success
[2026-09-01 05:19:19.522] [info] [[94mControllerAndOtherEventHandler.cpp[0m:[95m239[0m [96moperator()[0m] Accepted new connection
[2026-09-01 05:19:19.522] [info] [[94mHttpSession.cpp[0m:[95m96[0m [96mhandleRequest[0m] Got request: GET /ndt/get_graph_data
[2026-09-01 05:19:19.522] [info] [[94mHttpSession.cpp[0m:[95m531[0m [96mhandleGetGraphData[0m] Handle Get Graph Data
[2026-09-01 05:19:19.540] [info] [[94mHttpSession.cpp[0m:[95m576[0m [96mhandleGetGraphData[0m] get_graph_data success
[2026-09-01 05:19:19.772] [info] [[94mControllerAndOtherEventHandler.cpp[0m:[95m239[0m [96moperator()[0m] Accepted new connection
[2026-09-01 05:19:19.773] [info] [[94mHttpSession.cpp[0m:[95m96[0m [96mhandleRequest[0m] Got request: GET /ndt/get_graph_data
[2026-09-01 05:19:19.773] [info] [[94mHttpSession.cpp[0m:[95m531[0m [96mhandleGetGraphData[0m] Handle Get Graph Data
[2026-09-01 05:19:19.791] [info] [[94mHttpSession.cpp[0m:[95m576[0m [96mhandleGetGraphData[0m] get_graph_data success
[2026-09-01 05:19:20.022] [info] [[94mControllerAndOtherEventHandler.cpp[0m:[95m239[0m [96moperator()[0m] Accepted new connection
[2026-09-01 05:19:20.022] [info] [[94mHttpSession.cpp[0m:[95m96[0m [96mhandleRequest[0m] Got request: GET /ndt/get_graph_data
[2026-09-01 05:19:20.022] [info] [[94mHttpSession.cpp[0m:[95m531[0m [96mhandleGetGraphData[0m] Handle Get Graph Data
[2026-09-01 05:19:20.033] [info] [[94mHttpSession.cpp[0m:[95m576[0m [96mhandleGetGraphData[0m] get_graph_data success
[2026-09-01 05:19:20.272] [info] [[94mControllerAndOtherEventHandler.cpp[0m:[95m239[0m [96moperator()[0m] Accepted new connection
[2026-09-01 05:19:20.272] [info] [[94mHttpSession.cpp[0m:[95m96[0m [96mhandleRequest[0m] Got request: GET /ndt/get_graph_data
[2026-09-01 05:19:20.272] [info] [[94mHttpSession.cpp[0m:[95m531[0m [96mhandleGetGraphData[0m] Handle Get Graph Data
[2026-09-01 05:19:20.286] [info] [[94mHttpSession.cpp[0m:[95m576[0m [96mhandleGetGraphData[0m] get_graph_data success
[2026-09-01 05:19:20.523] [info] [[94mControllerAndOtherEventHandler.cpp[0m:[95m239[0m [96moperator()[0m] Accepted new connection
[2026-09-01 05:19:20.523] [info] [[94mHttpSession.cpp[0m:[95m96[0m [96mhandleRequest[0m] Got request: GET /ndt/get_graph_data
[2026-09-01 05:19:20.523] [info] [[94mHttpSession.cpp[0m:[95m531[0m [96mhandleGetGraphData[0m] Handle Get Graph Data
[2026-09-01 05:19:20.536] [info] [[94mHttpSession.cpp[0m:[95m576[0m [96mhandleGetGraphData[0m] get_graph_data success
[2026-09-01 05:19:20.772] [info] [[94mControllerAndOtherEventHandler.cpp[0m:[95m239[0m [96moperator()[0m] Accepted new connection
[2026-09-01 05:19:20.773] [info] [[94mHttpSession.cpp[0m:[95m96[0m [96mhandleRequest[0m] Got request: GET /ndt/get_graph_data
[2026-09-01 05:19:20.773] [info] [[94mHttpSession.cpp[0m:[95m531[0m [96mhandleGetGraphData[0m] Handle Get Graph Data
[2026-09-01 05:19:20.789] [info] [[94mHttpSession.cpp[0m:[95m576[0m [96mhandleGetGraphData[0m] get_graph_data success
[2026-09-01 05:19:21.023] [info] [[94mControllerAndOtherEventHandler.cpp[0m:[95m239[0m [96moperator()[0m] Accepted new connection
[2026-09-01 05:19:21.023] [info] [[94mHttpSession.cpp[0m:[95m96[0m [96mhandleRequest[0m] Got request: GET /ndt/get_graph_data
[2026-09-01 05:19:21.023] [info] [[94mHttpSession.cpp[0m:[95m531[0m [96mhandleGetGraphData[0m] Handle Get Graph Data
[2026-09-01 05:19:21.035] [info] [[94mHttpSession.cpp[0m:[95m576[0m [96mhandleGetGraphData[0m] get_graph_data success
[2026-09-01 05:19:21.272] [info] [[94mControllerAndOtherEventHandler.cpp[0m:[95m239[0m [96moperator()[0m] Accepted new connection
[2026-09-01 05:19:21.272] [info] [[94mHttpSession.cpp[0m:[95m96[0m [96mhandleRequest[0m] Got request: GET /ndt/get_graph_data
[2026-09-01 05:19:21.272] [info] [[94mHttpSession.cpp[0m:[95m531[0m [96mhandleGetGraphData[0m] Handle Get Graph Data
[2026-09-01 05:19:21.287] [info] [[94mHttpSession.cpp[0m:[95m576[0m [96mhandleGetGraphData[0m] get_graph_data success
[2026-09-01 05:19:21.523] [info] [[94mControllerAndOtherEventHandler.cpp[0m:[95m239[0m [96moperator()[0m] Accepted new connection
[2026-09-01 05:19:21.523] [info] [[94mHttpSession.cpp[0m:[95m96[0m [96mhandleRequest[0m] Got request: GET /ndt/get_graph_data
[2026-09-01 05:19:21.523] [info] [[94mHttpSession.cpp[0m:[95m531[0m [96mhandleGetGraphData[0m] Handle Get Graph Data
[2026-09-01 05:19:21.535] [info] [[94mHttpSession.cpp[0m:[95m576[0m [96mhandleGetGraphData[0m] get_graph_data success
[2026-09-01 05:19:21.773] [info] [[94mControllerAndOtherEventHandler.cpp[0m:[95m239[0m [96moperator()[0m] Accepted new connection
[2026-09-01 05:19:21.773] [info] [[94mHttpSession.cpp[0m:[95m96[0m [96mhandleRequest[0m] Got request: GET /ndt/get_graph_data
[2026-09-01 05:19:21.773] [info] [[94mHttpSession.cpp[0m:[95m531[0m [96mhandleGetGraphData[0m] Handle Get Graph Data
[2026-09-01 05:19:21.790] [info] [[94mHttpSession.cpp[0m:[95m576[0m [96mhandleGetGraphData[0m] get_graph_data success
[2026-09-01 05:19:22.023] [info] [[94mControllerAndOtherEventHandler.cpp[0m:[95m239[0m [96moperator()[0m] Accepted new connection
[2026-09-01 05:19:22.023] [info] [[94mHttpSession.cpp[0m:[95m96[0m [96mhandleRequest[0m] Got request: GET /ndt/get_graph_data
[2026-09-01 05:19:22.023] [info] [[94mHttpSession.cpp[0m:[95m531[0m [96mhandleGetGraphData[0m] Handle Get Graph Data
[2026-09-01 05:19:22.039] [info] [[94mHttpSession.cpp[0m:[95m576[0m [96mhandleGetGraphData[0m] get_graph_data success
[2026-09-01 05:19:22.273] [info] [[94mControllerAndOtherEventHandler.cpp[0m:[95m239[0m [96moperator()[0m] Accepted new connection
[2026-09-01 05:19:22.274] [info] [[94mHttpSession.cpp[0m:[95m96[0m [96mhandleRequest[0m] Got request: GET /ndt/get_graph_data
[2026-09-01 05:19:22.274] [info] [[94mHttpSession.cpp[0m:[95m531[0m [96mhandleGetGraphData[0m] Handle Get Graph Data
[2026-09-01 05:19:22.287] [info] [[94mHttpSession.cpp[0m:[95m576[0m [96mhandleGetGraphData[0m] get_graph_data success
[2026-09-01 05:19:22.524] [info] [[94mControllerAndOtherEventHandler.cpp[0m:[95m239[0m [96moperator()[0m] Accepted new connection
[2026-09-01 05:19:22.524] [info] [[94mHttpSession.cpp[0m:[95m96[0m [96mhandleRequest[0m] Got request: GET /ndt/get_graph_data
[2026-09-01 05:19:22.524] [info] [[94mHttpSession.cpp[0m:[95m531[0m [96mhandleGetGraphData[0m] Handle Get Graph Data
[2026-09-01 05:19:22.536] [info] [[94mHttpSession.cpp[0m:[95m576[0m [96mhandleGetGraphData[0m] get_graph_data success
[2026-09-01 05:19:22.773] [info] [[94mControllerAndOtherEventHandler.cpp[0m:[95m239[0m [96moperator()[0m] Accepted new connection
[2026-09-01 05:19:22.773] [info] [[94mHttpSession.cpp[0m:[95m96[0m [96mhandleRequest[0m] Got request: GET /ndt/get_graph_data
[2026-09-01 05:19:22.773] [info] [[94mHttpSession.cpp[0m:[95m531[0m [96mhandleGetGraphData[0m] Handle Get Graph Data
[2026-09-01 05:19:22.786] [info] [[94mHttpSession.cpp[0m:[95m576[0m [96mhandleGetGraphData[0m] get_graph_data success
[2026-09-01 05:19:23.024] [info] [[94mControllerAndOtherEventHandler.cpp[0m:[95m239[0m [96moperator()[0m] Accepted new connection
[2026-09-01 05:19:23.024] [info] [[94mHttpSession.cpp[0m:[95m96[0m [96mhandleRequest[0m] Got request: GET /ndt/get_graph_data
[2026-09-01 05:19:23.024] [info] [[94mHttpSession.cpp[0m:[95m531[0m [96mhandleGetGraphData[0m] Handle Get Graph Data
[2026-09-01 05:19:23.041] [info] [[94mHttpSession.cpp[0m:[95m576[0m [96mhandleGetGraphData[0m] get_graph_data success
[2026-09-01 05:19:23.274] [info] [[94mControllerAndOtherEventHandler.cpp[0m:[95m239[0m [96moperator()[0m] Accepted new connection
[2026-09-01 05:19:23.274] [info] [[94mHttpSession.cpp[0m:[95m96[0m [96mhandleRequest[0m] Got request: GET /ndt/get_graph_data
[2026-09-01 05:19:23.274] [info] [[94mHttpSession.cpp[0m:[95m531[0m [96mhandleGetGraphData[0m] Handle Get Graph Data
[2026-09-01 05:19:23.291] [info] [[94mHttpSession.cpp[0m:[95m576[0m [96mhandleGetGraphData[0m] get_graph_data success
[2026-09-01 05:19:23.523] [info] [[94mControllerAndOtherEventHandler.cpp[0m:[95m239[0m [96moperator()[0m] Accepted new connection
[2026-09-01 05:19:23.523] [info] [[94mHttpSession.cpp[0m:[95m96[0m [96mhandleRequest[0m] Got request: GET /ndt/get_graph_data
[2026-09-01 05:19:23.523] [info] [[94mHttpSession.cpp[0m:[95m531[0m [96mhandleGetGraphData[0m] Handle Get Graph Data
[2026-09-01 05:19:23.536] [info] [[94mHttpSession.cpp[0m:[95m576[0m [96mhandleGetGraphData[0m] get_graph_data success
[2026-09-01 05:19:23.774] [info] [[94mControllerAndOtherEventHandler.cpp[0m:[95m239[0m [96moperator()[0m] Accepted new connection
[2026-09-01 05:19:23.774] [info] [[94mHttpSession.cpp[0m:[95m96[0m [96mhandleRequest[0m] Got request: GET /ndt/get_graph_data
[2026-09-01 05:19:23.774] [info] [[94mHttpSession.cpp[0m:[95m531[0m [96mhandleGetGraphData[0m] Handle Get Graph Data
[2026-09-01 05:19:23.793] [info] [[94mHttpSession.cpp[0m:[95m576[0m [96mhandleGetGraphData[0m] get_graph_data success
[2026-09-01 05:19:24.024] [info] [[94mControllerAndOtherEventHandler.cpp[0m:[95m239[0m [96moperator()[0m] Accepted new connection
[2026-09-01 05:19:24.024] [info] [[94mHttpSession.cpp[0m:[95m96[0m [96mhandleRequest[0m] Got request: GET /ndt/get_graph_data
[2026-09-01 05:19:24.024] [info] [[94mHttpSession.cpp[0m:[95m531[0m [96mhandleGetGraphData[0m] Handle Get Graph Data
[2026-09-01 05:19:24.042] [info] [[94mHttpSession.cpp[0m:[95m576[0m [96mhandleGetGraphData[0m] get_graph_data success
[2026-09-01 05:19:24.273] [info] [[94mControllerAndOtherEventHandler.cpp[0m:[95m239[0m [96moperator()[0m] Accepted new connection
[2026-09-01 05:19:24.274] [info] [[94mHttpSession.cpp[0m:[95m96[0m [96mhandleRequest[0m] Got request: GET /ndt/get_graph_data
[2026-09-01 05:19:24.274] [info] [[94mHttpSession.cpp[0m:[95m531[0m [96mhandleGetGraphData[0m] Handle Get Graph Data
[2026-09-01 05:19:24.291] [info] [[94mHttpSession.cpp[0m:[95m576[0m [96mhandleGetGraphData[0m] get_graph_data success
[2026-09-01 05:19:24.524] [info] [[94mControllerAndOtherEventHandler.cpp[0m:[95m239[0m [96moperator()[0m] Accepted new connection
[2026-09-01 05:19:24.524] [info] [[94mHttpSession.cpp[0m:[95m96[0m [96mhandleRequest[0m] Got request: GET /ndt/get_graph_data
[2026-09-01 05:19:24.524] [info] [[94mHttpSession.cpp[0m:[95m531[0m [96mhandleGetGraphData[0m] Handle Get Graph Data
[2026-09-01 05:19:24.543] [info] [[94mHttpSession.cpp[0m:[95m576[0m [96mhandleGetGraphData[0m] get_graph_data success
[2026-09-01 05:19:24.774] [info] [[94mControllerAndOtherEventHandler.cpp[0m:[95m239[0m [96moperator()[0m] Accepted new connection
[2026-09-01 05:19:24.774] [info] [[94mHttpSession.cpp[0m:[95m96[0m [96mhandleRequest[0m] Got request: GET /ndt/get_graph_data
[2026-09-01 05:19:24.774] [info] [[94mHttpSession.cpp[0m:[95m531[0m [96mhandleGetGraphData[0m] Handle Get Graph Data
[2026-09-01 05:19:24.792] [info] [[94mHttpSession.cpp[0m:[95m576[0m [96mhandleGetGraphData[0m] get_graph_data success
[2026-09-01 05:19:25.000] [info] [[94mFlowLinkUsageCollector.cpp[0m:[95m1807[0m [96mcalAvgFlowSendingRatesPeriodically[0m] rate loop period: last 30 iters mean 1000.8 ms | since start (119 iters) mean 1000.6 ms, min 1000.1, max 1002.3 (flows=1, counters=3) -- the LAST-N figure is the current denominator; the since-start one lags it
[2026-09-01 05:19:25.001] [info] [[94mFlowLinkUsageCollector.cpp[0m:[95m2016[0m [96mcalAvgFlowSendingRatesPeriodically[0m] rate divisor check: measured_interval_s=1.001500 divisor_used_s=1.001500 (ticket Q gate: these must agree to 1%; a negative divisor means no rate has been published yet, which is not a pass)
[2026-09-01 05:19:25.024] [info] [[94mControllerAndOtherEventHandler.cpp[0m:[95m239[0m [96moperator()[0m] Accepted new connection
[2026-09-01 05:19:25.024] [info] [[94mHttpSession.cpp[0m:[95m96[0m [96mhandleRequest[0m] Got request: GET /ndt/get_graph_data
[2026-09-01 05:19:25.024] [info] [[94mHttpSession.cpp[0m:[95m531[0m [96mhandleGetGraphData[0m] Handle Get Graph Data
[2026-09-01 05:19:25.042] [info] [[94mHttpSession.cpp[0m:[95m576[0m [96mhandleGetGraphData[0m] get_graph_data success
[2026-09-01 05:19:25.274] [info] [[94mControllerAndOtherEventHandler.cpp[0m:[95m239[0m [96moperator()[0m] Accepted new connection
[2026-09-01 05:19:25.274] [info] [[94mHttpSession.cpp[0m:[95m96[0m [96mhandleRequest[0m] Got request: GET /ndt/get_graph_data
[2026-09-01 05:19:25.274] [info] [[94mHttpSession.cpp[0m:[95m531[0m [96mhandleGetGraphData[0m] Handle Get Graph Data
[2026-09-01 05:19:25.292] [info] [[94mHttpSession.cpp[0m:[95m576[0m [96mhandleGetGraphData[0m] get_graph_data success
[2026-09-01 05:19:25.524] [info] [[94mControllerAndOtherEventHandler.cpp[0m:[95m239[0m [96moperator()[0m] Accepted new connection
[2026-09-01 05:19:25.524] [info] [[94mHttpSession.cpp[0m:[95m96[0m [96mhandleRequest[0m] Got request: GET /ndt/get_graph_data
[2026-09-01 05:19:25.524] [info] [[94mHttpSession.cpp[0m:[95m531[0m [96mhandleGetGraphData[0m] Handle Get Graph Data
[2026-09-01 05:19:25.543] [info] [[94mHttpSession.cpp[0m:[95m576[0m [96mhandleGetGraphData[0m] get_graph_data success
[2026-09-01 05:19:25.774] [info] [[94mControllerAndOtherEventHandler.cpp[0m:[95m239[0m [96moperator()[0m] Accepted new connection
[2026-09-01 05:19:25.775] [info] [[94mHttpSession.cpp[0m:[95m96[0m [96mhandleRequest[0m] Got request: GET /ndt/get_graph_data
[2026-09-01 05:19:25.775] [info] [[94mHttpSession.cpp[0m:[95m531[0m [96mhandleGetGraphData[0m] Handle Get Graph Data
[2026-09-01 05:19:25.794] [info] [[94mHttpSession.cpp[0m:[95m576[0m [96mhandleGetGraphData[0m] get_graph_data success
[2026-09-01 05:19:26.025] [info] [[94mControllerAndOtherEventHandler.cpp[0m:[95m239[0m [96moperator()[0m] Accepted new connection
[2026-09-01 05:19:26.025] [info] [[94mHttpSession.cpp[0m:[95m96[0m [96mhandleRequest[0m] Got request: GET /ndt/get_graph_data
[2026-09-01 05:19:26.025] [info] [[94mHttpSession.cpp[0m:[95m531[0m [96mhandleGetGraphData[0m] Handle Get Graph Data
[2026-09-01 05:19:26.041] [info] [[94mHttpSession.cpp[0m:[95m576[0m [96mhandleGetGraphData[0m] get_graph_data success
[2026-09-01 05:19:26.275] [info] [[94mControllerAndOtherEventHandler.cpp[0m:[95m239[0m [96moperator()[0m] Accepted new connection
[2026-09-01 05:19:26.275] [info] [[94mHttpSession.cpp[0m:[95m96[0m [96mhandleRequest[0m] Got request: GET /ndt/get_graph_data
[2026-09-01 05:19:26.275] [info] [[94mHttpSession.cpp[0m:[95m531[0m [96mhandleGetGraphData[0m] Handle Get Graph Data
[2026-09-01 05:19:26.289] [info] [[94mHttpSession.cpp[0m:[95m576[0m [96mhandleGetGraphData[0m] get_graph_data success
[2026-09-01 05:19:26.525] [info] [[94mControllerAndOtherEventHandler.cpp[0m:[95m239[0m [96moperator()[0m] Accepted new connection
[2026-09-01 05:19:26.525] [info] [[94mHttpSession.cpp[0m:[95m96[0m [96mhandleRequest[0m] Got request: GET /ndt/get_graph_data
[2026-09-01 05:19:26.525] [info] [[94mHttpSession.cpp[0m:[95m531[0m [96mhandleGetGraphData[0m] Handle Get Graph Data
[2026-09-01 05:19:26.542] [info] [[94mHttpSession.cpp[0m:[95m576[0m [96mhandleGetGraphData[0m] get_graph_data success
[2026-09-01 05:19:26.775] [info] [[94mControllerAndOtherEventHandler.cpp[0m:[95m239[0m [96moperator()[0m] Accepted new connection
[2026-09-01 05:19:26.775] [info] [[94mHttpSession.cpp[0m:[95m96[0m [96mhandleRequest[0m] Got request: GET /ndt/get_graph_data
[2026-09-01 05:19:26.775] [info] [[94mHttpSession.cpp[0m:[95m531[0m [96mhandleGetGraphData[0m] Handle Get Graph Data
[2026-09-01 05:19:26.789] [info] [[94mHttpSession.cpp[0m:[95m576[0m [96mhandleGetGraphData[0m] get_graph_data success
[2026-09-01 05:19:27.025] [info] [[94mControllerAndOtherEventHandler.cpp[0m:[95m239[0m [96moperator()[0m] Accepted new connection
[2026-09-01 05:19:27.025] [info] [[94mHttpSession.cpp[0m:[95m96[0m [96mhandleRequest[0m] Got request: GET /ndt/get_graph_data
[2026-09-01 05:19:27.025] [info] [[94mHttpSession.cpp[0m:[95m531[0m [96mhandleGetGraphData[0m] Handle Get Graph Data
[2026-09-01 05:19:27.044] [info] [[94mHttpSession.cpp[0m:[95m576[0m [96mhandleGetGraphData[0m] get_graph_data success
[2026-09-01 05:19:27.275] [info] [[94mControllerAndOtherEventHandler.cpp[0m:[95m239[0m [96moperator()[0m] Accepted new connection
[2026-09-01 05:19:27.275] [info] [[94mHttpSession.cpp[0m:[95m96[0m [96mhandleRequest[0m] Got request: GET /ndt/get_graph_data
[2026-09-01 05:19:27.275] [info] [[94mHttpSession.cpp[0m:[95m531[0m [96mhandleGetGraphData[0m] Handle Get Graph Data
[2026-09-01 05:19:27.292] [info] [[94mHttpSession.cpp[0m:[95m576[0m [96mhandleGetGraphData[0m] get_graph_data success
[2026-09-01 05:19:27.525] [info] [[94mControllerAndOtherEventHandler.cpp[0m:[95m239[0m [96moperator()[0m] Accepted new connection
[2026-09-01 05:19:27.525] [info] [[94mHttpSession.cpp[0m:[95m96[0m [96mhandleRequest[0m] Got request: GET /ndt/get_graph_data
[2026-09-01 05:19:27.525] [info] [[94mHttpSession.cpp[0m:[95m531[0m [96mhandleGetGraphData[0m] Handle Get Graph Data
[2026-09-01 05:19:27.537] [info] [[94mHttpSession.cpp[0m:[95m576[0m [96mhandleGetGraphData[0m] get_graph_data success
[2026-09-01 05:19:27.775] [info] [[94mControllerAndOtherEventHandler.cpp[0m:[95m239[0m [96moperator()[0m] Accepted new connection
[2026-09-01 05:19:27.775] [info] [[94mHttpSession.cpp[0m:[95m96[0m [96mhandleRequest[0m] Got request: GET /ndt/get_graph_data
[2026-09-01 05:19:27.775] [info] [[94mHttpSession.cpp[0m:[95m531[0m [96mhandleGetGraphData[0m] Handle Get Graph Data
[2026-09-01 05:19:27.788] [info] [[94mHttpSession.cpp[0m:[95m576[0m [96mhandleGetGraphData[0m] get_graph_data success
[2026-09-01 05:19:28.025] [info] [[94mControllerAndOtherEventHandler.cpp[0m:[95m239[0m [96moperator()[0m] Accepted new connection
[2026-09-01 05:19:28.026] [info] [[94mHttpSession.cpp[0m:[95m96[0m [96mhandleRequest[0m] Got request: GET /ndt/get_graph_data
[2026-09-01 05:19:28.026] [info] [[94mHttpSession.cpp[0m:[95m531[0m [96mhandleGetGraphData[0m] Handle Get Graph Data
[2026-09-01 05:19:28.043] [info] [[94mHttpSession.cpp[0m:[95m576[0m [96mhandleGetGraphData[0m] get_graph_data success
[2026-09-01 05:19:28.275] [info] [[94mControllerAndOtherEventHandler.cpp[0m:[95m239[0m [96moperator()[0m] Accepted new connection
[2026-09-01 05:19:28.276] [info] [[94mHttpSession.cpp[0m:[95m96[0m [96mhandleRequest[0m] Got request: GET /ndt/get_graph_data
[2026-09-01 05:19:28.276] [info] [[94mHttpSession.cpp[0m:[95m531[0m [96mhandleGetGraphData[0m] Handle Get Graph Data
[2026-09-01 05:19:28.294] [info] [[94mHttpSession.cpp[0m:[95m576[0m [96mhandleGetGraphData[0m] get_graph_data success
[2026-09-01 05:19:28.525] [info] [[94mControllerAndOtherEventHandler.cpp[0m:[95m239[0m [96moperator()[0m] Accepted new connection
[2026-09-01 05:19:28.526] [info] [[94mHttpSession.cpp[0m:[95m96[0m [96mhandleRequest[0m] Got request: GET /ndt/get_graph_data
[2026-09-01 05:19:28.526] [info] [[94mHttpSession.cpp[0m:[95m531[0m [96mhandleGetGraphData[0m] Handle Get Graph Data
[2026-09-01 05:19:28.538] [info] [[94mHttpSession.cpp[0m:[95m576[0m [96mhandleGetGraphData[0m] get_graph_data success
[2026-09-01 05:19:28.775] [info] [[94mControllerAndOtherEventHandler.cpp[0m:[95m239[0m [96moperator()[0m] Accepted new connection
[2026-09-01 05:19:28.775] [info] [[94mHttpSession.cpp[0m:[95m96[0m [96mhandleRequest[0m] Got request: GET /ndt/get_graph_data
[2026-09-01 05:19:28.775] [info] [[94mHttpSession.cpp[0m:[95m531[0m [96mhandleGetGraphData[0m] Handle Get Graph Data
[2026-09-01 05:19:28.790] [info] [[94mHttpSession.cpp[0m:[95m576[0m [96mhandleGetGraphData[0m] get_graph_data success
[2026-09-01 05:19:29.026] [info] [[94mControllerAndOtherEventHandler.cpp[0m:[95m239[0m [96moperator()[0m] Accepted new connection
[2026-09-01 05:19:29.026] [info] [[94mHttpSession.cpp[0m:[95m96[0m [96mhandleRequest[0m] Got request: GET /ndt/get_graph_data
[2026-09-01 05:19:29.026] [info] [[94mHttpSession.cpp[0m:[95m531[0m [96mhandleGetGraphData[0m] Handle Get Graph Data
[2026-09-01 05:19:29.042] [info] [[94mHttpSession.cpp[0m:[95m576[0m [96mhandleGetGraphData[0m] get_graph_data success
[2026-09-01 05:19:29.276] [info] [[94mControllerAndOtherEventHandler.cpp[0m:[95m239[0m [96moperator()[0m] Accepted new connection
[2026-09-01 05:19:29.276] [info] [[94mHttpSession.cpp[0m:[95m96[0m [96mhandleRequest[0m] Got request: GET /ndt/get_graph_data
[2026-09-01 05:19:29.276] [info] [[94mHttpSession.cpp[0m:[95m531[0m [96mhandleGetGraphData[0m] Handle Get Graph Data
[2026-09-01 05:19:29.294] [info] [[94mHttpSession.cpp[0m:[95m576[0m [96mhandleGetGraphData[0m] get_graph_data success
[2026-09-01 05:19:29.526] [info] [[94mControllerAndOtherEventHandler.cpp[0m:[95m239[0m [96moperator()[0m] Accepted new connection
[2026-09-01 05:19:29.526] [info] [[94mHttpSession.cpp[0m:[95m96[0m [96mhandleRequest[0m] Got request: GET /ndt/get_graph_data
[2026-09-01 05:19:29.526] [info] [[94mHttpSession.cpp[0m:[95m531[0m [96mhandleGetGraphData[0m] Handle Get Graph Data
[2026-09-01 05:19:29.538] [info] [[94mHttpSession.cpp[0m:[95m576[0m [96mhandleGetGraphData[0m] get_graph_data success
[2026-09-01 05:19:29.775] [info] [[94mControllerAndOtherEventHandler.cpp[0m:[95m239[0m [96moperator()[0m] Accepted new connection
[2026-09-01 05:19:29.775] [info] [[94mHttpSession.cpp[0m:[95m96[0m [96mhandleRequest[0m] Got request: GET /ndt/get_graph_data
[2026-09-01 05:19:29.775] [info] [[94mHttpSession.cpp[0m:[95m531[0m [96mhandleGetGraphData[0m] Handle Get Graph Data
[2026-09-01 05:19:29.791] [info] [[94mHttpSession.cpp[0m:[95m576[0m [96mhandleGetGraphData[0m] get_graph_data success
[2026-09-01 05:19:30.026] [info] [[94mControllerAndOtherEventHandler.cpp[0m:[95m239[0m [96moperator()[0m] Accepted new connection
[2026-09-01 05:19:30.026] [info] [[94mHttpSession.cpp[0m:[95m96[0m [96mhandleRequest[0m] Got request: GET /ndt/get_graph_data
[2026-09-01 05:19:30.026] [info] [[94mHttpSession.cpp[0m:[95m531[0m [96mhandleGetGraphData[0m] Handle Get Graph Data
[2026-09-01 05:19:30.044] [info] [[94mHttpSession.cpp[0m:[95m576[0m [96mhandleGetGraphData[0m] get_graph_data success
[2026-09-01 05:19:30.276] [info] [[94mControllerAndOtherEventHandler.cpp[0m:[95m239[0m [96moperator()[0m] Accepted new connection
[2026-09-01 05:19:30.276] [info] [[94mHttpSession.cpp[0m:[95m96[0m [96mhandleRequest[0m] Got request: GET /ndt/get_graph_data
[2026-09-01 05:19:30.276] [info] [[94mHttpSession.cpp[0m:[95m531[0m [96mhandleGetGraphData[0m] Handle Get Graph Data
[2026-09-01 05:19:30.291] [info] [[94mHttpSession.cpp[0m:[95m576[0m [96mhandleGetGraphData[0m] get_graph_data success
[2026-09-01 05:19:30.526] [info] [[94mControllerAndOtherEventHandler.cpp[0m:[95m239[0m [96moperator()[0m] Accepted new connection
[2026-09-01 05:19:30.526] [info] [[94mHttpSession.cpp[0m:[95m96[0m [96mhandleRequest[0m] Got request: GET /ndt/get_graph_data
[2026-09-01 05:19:30.526] [info] [[94mHttpSession.cpp[0m:[95m531[0m [96mhandleGetGraphData[0m] Handle Get Graph Data
[2026-09-01 05:19:30.543] [info] [[94mHttpSession.cpp[0m:[95m576[0m [96mhandleGetGraphData[0m] get_graph_data success
[2026-09-01 05:19:30.776] [info] [[94mControllerAndOtherEventHandler.cpp[0m:[95m239[0m [96moperator()[0m] Accepted new connection
[2026-09-01 05:19:30.776] [info] [[94mHttpSession.cpp[0m:[95m96[0m [96mhandleRequest[0m] Got request: GET /ndt/get_graph_data
[2026-09-01 05:19:30.776] [info] [[94mHttpSession.cpp[0m:[95m531[0m [96mhandleGetGraphData[0m] Handle Get Graph Data
[2026-09-01 05:19:30.794] [info] [[94mHttpSession.cpp[0m:[95m576[0m [96mhandleGetGraphData[0m] get_graph_data success
[2026-09-01 05:19:31.026] [info] [[94mControllerAndOtherEventHandler.cpp[0m:[95m239[0m [96moperator()[0m] Accepted new connection
[2026-09-01 05:19:31.026] [info] [[94mHttpSession.cpp[0m:[95m96[0m [96mhandleRequest[0m] Got request: GET /ndt/get_graph_data
[2026-09-01 05:19:31.026] [info] [[94mHttpSession.cpp[0m:[95m531[0m [96mhandleGetGraphData[0m] Handle Get Graph Data
[2026-09-01 05:19:31.038] [info] [[94mHttpSession.cpp[0m:[95m576[0m [96mhandleGetGraphData[0m] get_graph_data success
[2026-09-01 05:19:31.276] [info] [[94mControllerAndOtherEventHandler.cpp[0m:[95m239[0m [96moperator()[0m] Accepted new connection
[2026-09-01 05:19:31.276] [info] [[94mHttpSession.cpp[0m:[95m96[0m [96mhandleRequest[0m] Got request: GET /ndt/get_graph_data
[2026-09-01 05:19:31.276] [info] [[94mHttpSession.cpp[0m:[95m531[0m [96mhandleGetGraphData[0m] Handle Get Graph Data
[2026-09-01 05:19:31.289] [info] [[94mHttpSession.cpp[0m:[95m576[0m [96mhandleGetGraphData[0m] get_graph_data success
[2026-09-01 05:19:31.526] [info] [[94mControllerAndOtherEventHandler.cpp[0m:[95m239[0m [96moperator()[0m] Accepted new connection
[2026-09-01 05:19:31.527] [info] [[94mHttpSession.cpp[0m:[95m96[0m [96mhandleRequest[0m] Got request: GET /ndt/get_graph_data
[2026-09-01 05:19:31.527] [info] [[94mHttpSession.cpp[0m:[95m531[0m [96mhandleGetGraphData[0m] Handle Get Graph Data
[2026-09-01 05:19:31.541] [info] [[94mHttpSession.cpp[0m:[95m576[0m [96mhandleGetGraphData[0m] get_graph_data success
[2026-09-01 05:19:31.776] [info] [[94mControllerAndOtherEventHandler.cpp[0m:[95m239[0m [96moperator()[0m] Accepted new connection
[2026-09-01 05:19:31.776] [info] [[94mHttpSession.cpp[0m:[95m96[0m [96mhandleRequest[0m] Got request: GET /ndt/get_graph_data
[2026-09-01 05:19:31.776] [info] [[94mHttpSession.cpp[0m:[95m531[0m [96mhandleGetGraphData[0m] Handle Get Graph Data
[2026-09-01 05:19:31.794] [info] [[94mHttpSession.cpp[0m:[95m576[0m [96mhandleGetGraphData[0m] get_graph_data success
[2026-09-01 05:19:32.027] [info] [[94mControllerAndOtherEventHandler.cpp[0m:[95m239[0m [96moperator()[0m] Accepted new connection
[2026-09-01 05:19:32.027] [info] [[94mHttpSession.cpp[0m:[95m96[0m [96mhandleRequest[0m] Got request: GET /ndt/get_graph_data
[2026-09-01 05:19:32.027] [info] [[94mHttpSession.cpp[0m:[95m531[0m [96mhandleGetGraphData[0m] Handle Get Graph Data
[2026-09-01 05:19:32.045] [info] [[94mHttpSession.cpp[0m:[95m576[0m [96mhandleGetGraphData[0m] get_graph_data success
[2026-09-01 05:19:32.277] [info] [[94mControllerAndOtherEventHandler.cpp[0m:[95m239[0m [96moperator()[0m] Accepted new connection
[2026-09-01 05:19:32.277] [info] [[94mHttpSession.cpp[0m:[95m96[0m [96mhandleRequest[0m] Got request: GET /ndt/get_graph_data
[2026-09-01 05:19:32.277] [info] [[94mHttpSession.cpp[0m:[95m531[0m [96mhandleGetGraphData[0m] Handle Get Graph Data
[2026-09-01 05:19:32.290] [info] [[94mHttpSession.cpp[0m:[95m576[0m [96mhandleGetGraphData[0m] get_graph_data success
[2026-09-01 05:19:32.520] [info] [[94mFlowLinkUsageCollector.cpp[0m:[95m2558[0m [96mfetchAllDestinationPaths[0m] Pulled 16256 paths from controller
[2026-09-01 05:19:32.527] [info] [[94mControllerAndOtherEventHandler.cpp[0m:[95m239[0m [96moperator()[0m] Accepted new connection
[2026-09-01 05:19:32.527] [info] [[94mHttpSession.cpp[0m:[95m96[0m [96mhandleRequest[0m] Got request: GET /ndt/get_graph_data
[2026-09-01 05:19:32.527] [info] [[94mHttpSession.cpp[0m:[95m531[0m [96mhandleGetGraphData[0m] Handle Get Graph Data
[2026-09-01 05:19:32.545] [info] [[94mHttpSession.cpp[0m:[95m576[0m [96mhandleGetGraphData[0m] get_graph_data success
[2026-09-01 05:19:32.777] [info] [[94mControllerAndOtherEventHandler.cpp[0m:[95m239[0m [96moperator()[0m] Accepted new connection
[2026-09-01 05:19:32.777] [info] [[94mHttpSession.cpp[0m:[95m96[0m [96mhandleRequest[0m] Got request: GET /ndt/get_graph_data
[2026-09-01 05:19:32.777] [info] [[94mHttpSession.cpp[0m:[95m531[0m [96mhandleGetGraphData[0m] Handle Get Graph Data
[2026-09-01 05:19:32.794] [info] [[94mHttpSession.cpp[0m:[95m576[0m [96mhandleGetGraphData[0m] get_graph_data success
[2026-09-01 05:19:33.026] [info] [[94mControllerAndOtherEventHandler.cpp[0m:[95m239[0m [96moperator()[0m] Accepted new connection
[2026-09-01 05:19:33.026] [info] [[94mHttpSession.cpp[0m:[95m96[0m [96mhandleRequest[0m] Got request: GET /ndt/get_graph_data
[2026-09-01 05:19:33.026] [info] [[94mHttpSession.cpp[0m:[95m531[0m [96mhandleGetGraphData[0m] Handle Get Graph Data
[2026-09-01 05:19:33.045] [info] [[94mHttpSession.cpp[0m:[95m576[0m [96mhandleGetGraphData[0m] get_graph_data success
[2026-09-01 05:19:33.277] [info] [[94mControllerAndOtherEventHandler.cpp[0m:[95m239[0m [96moperator()[0m] Accepted new connection
[2026-09-01 05:19:33.277] [info] [[94mHttpSession.cpp[0m:[95m96[0m [96mhandleRequest[0m] Got request: GET /ndt/get_graph_data
[2026-09-01 05:19:33.277] [info] [[94mHttpSession.cpp[0m:[95m531[0m [96mhandleGetGraphData[0m] Handle Get Graph Data
[2026-09-01 05:19:33.290] [info] [[94mHttpSession.cpp[0m:[95m576[0m [96mhandleGetGraphData[0m] get_graph_data success
[2026-09-01 05:19:33.527] [info] [[94mControllerAndOtherEventHandler.cpp[0m:[95m239[0m [96moperator()[0m] Accepted new connection
[2026-09-01 05:19:33.527] [info] [[94mHttpSession.cpp[0m:[95m96[0m [96mhandleRequest[0m] Got request: GET /ndt/get_graph_data
[2026-09-01 05:19:33.527] [info] [[94mHttpSession.cpp[0m:[95m531[0m [96mhandleGetGraphData[0m] Handle Get Graph Data
[2026-09-01 05:19:33.540] [info] [[94mHttpSession.cpp[0m:[95m576[0m [96mhandleGetGraphData[0m] get_graph_data success
[2026-09-01 05:19:33.777] [info] [[94mControllerAndOtherEventHandler.cpp[0m:[95m239[0m [96moperator()[0m] Accepted new connection
[2026-09-01 05:19:33.777] [info] [[94mHttpSession.cpp[0m:[95m96[0m [96mhandleRequest[0m] Got request: GET /ndt/get_graph_data
[2026-09-01 05:19:33.777] [info] [[94mHttpSession.cpp[0m:[95m531[0m [96mhandleGetGraphData[0m] Handle Get Graph Data
[2026-09-01 05:19:33.795] [info] [[94mHttpSession.cpp[0m:[95m576[0m [96mhandleGetGraphData[0m] get_graph_data success
[2026-09-01 05:19:34.027] [info] [[94mControllerAndOtherEventHandler.cpp[0m:[95m239[0m [96moperator()[0m] Accepted new connection
[2026-09-01 05:19:34.028] [info] [[94mHttpSession.cpp[0m:[95m96[0m [96mhandleRequest[0m] Got request: GET /ndt/get_graph_data
[2026-09-01 05:19:34.028] [info] [[94mHttpSession.cpp[0m:[95m531[0m [96mhandleGetGraphData[0m] Handle Get Graph Data
[2026-09-01 05:19:34.047] [info] [[94mHttpSession.cpp[0m:[95m576[0m [96mhandleGetGraphData[0m] get_graph_data success
[2026-09-01 05:19:34.277] [info] [[94mControllerAndOtherEventHandler.cpp[0m:[95m239[0m [96moperator()[0m] Accepted new connection
[2026-09-01 05:19:34.277] [info] [[94mHttpSession.cpp[0m:[95m96[0m [96mhandleRequest[0m] Got request: GET /ndt/get_graph_data
[2026-09-01 05:19:34.277] [info] [[94mHttpSession.cpp[0m:[95m531[0m [96mhandleGetGraphData[0m] Handle Get Graph Data
[2026-09-01 05:19:34.289] [info] [[94mHttpSession.cpp[0m:[95m576[0m [96mhandleGetGraphData[0m] get_graph_data success
[2026-09-01 05:19:34.527] [info] [[94mControllerAndOtherEventHandler.cpp[0m:[95m239[0m [96moperator()[0m] Accepted new connection
[2026-09-01 05:19:34.527] [info] [[94mHttpSession.cpp[0m:[95m96[0m [96mhandleRequest[0m] Got request: GET /ndt/get_graph_data
[2026-09-01 05:19:34.527] [info] [[94mHttpSession.cpp[0m:[95m531[0m [96mhandleGetGraphData[0m] Handle Get Graph Data
[2026-09-01 05:19:34.538] [info] [[94mHttpSession.cpp[0m:[95m576[0m [96mhandleGetGraphData[0m] get_graph_data success
[2026-09-01 05:19:34.777] [info] [[94mControllerAndOtherEventHandler.cpp[0m:[95m239[0m [96moperator()[0m] Accepted new connection
[2026-09-01 05:19:34.778] [info] [[94mHttpSession.cpp[0m:[95m96[0m [96mhandleRequest[0m] Got request: GET /ndt/get_graph_data
[2026-09-01 05:19:34.778] [info] [[94mHttpSession.cpp[0m:[95m531[0m [96mhandleGetGraphData[0m] Handle Get Graph Data
[2026-09-01 05:19:34.790] [info] [[94mHttpSession.cpp[0m:[95m576[0m [96mhandleGetGraphData[0m] get_graph_data success
[2026-09-01 05:19:35.028] [info] [[94mControllerAndOtherEventHandler.cpp[0m:[95m239[0m [96moperator()[0m] Accepted new connection
[2026-09-01 05:19:35.028] [info] [[94mHttpSession.cpp[0m:[95m96[0m [96mhandleRequest[0m] Got request: GET /ndt/get_graph_data
[2026-09-01 05:19:35.028] [info] [[94mHttpSession.cpp[0m:[95m531[0m [96mhandleGetGraphData[0m] Handle Get Graph Data
[2026-09-01 05:19:35.044] [info] [[94mHttpSession.cpp[0m:[95m576[0m [96mhandleGetGraphData[0m] get_graph_data success
[2026-09-01 05:19:35.278] [info] [[94mControllerAndOtherEventHandler.cpp[0m:[95m239[0m [96moperator()[0m] Accepted new connection
[2026-09-01 05:19:35.278] [info] [[94mHttpSession.cpp[0m:[95m96[0m [96mhandleRequest[0m] Got request: GET /ndt/get_graph_data
[2026-09-01 05:19:35.278] [info] [[94mHttpSession.cpp[0m:[95m531[0m [96mhandleGetGraphData[0m] Handle Get Graph Data
[2026-09-01 05:19:35.293] [info] [[94mHttpSession.cpp[0m:[95m576[0m [96mhandleGetGraphData[0m] get_graph_data success
[2026-09-01 05:19:35.528] [info] [[94mControllerAndOtherEventHandler.cpp[0m:[95m239[0m [96moperator()[0m] Accepted new connection
[2026-09-01 05:19:35.528] [info] [[94mHttpSession.cpp[0m:[95m96[0m [96mhandleRequest[0m] Got request: GET /ndt/get_graph_data
[2026-09-01 05:19:35.528] [info] [[94mHttpSession.cpp[0m:[95m531[0m [96mhandleGetGraphData[0m] Handle Get Graph Data
[2026-09-01 05:19:35.547] [info] [[94mHttpSession.cpp[0m:[95m576[0m [96mhandleGetGraphData[0m] get_graph_data success
[2026-09-01 05:19:35.777] [info] [[94mControllerAndOtherEventHandler.cpp[0m:[95m239[0m [96moperator()[0m] Accepted new connection
[2026-09-01 05:19:35.777] [info] [[94mHttpSession.cpp[0m:[95m96[0m [96mhandleRequest[0m] Got request: GET /ndt/get_graph_data
[2026-09-01 05:19:35.777] [info] [[94mHttpSession.cpp[0m:[95m531[0m [96mhandleGetGraphData[0m] Handle Get Graph Data
[2026-09-01 05:19:35.796] [info] [[94mHttpSession.cpp[0m:[95m576[0m [96mhandleGetGraphData[0m] get_graph_data success
[2026-09-01 05:19:36.028] [info] [[94mControllerAndOtherEventHandler.cpp[0m:[95m239[0m [96moperator()[0m] Accepted new connection
[2026-09-01 05:19:36.028] [info] [[94mHttpSession.cpp[0m:[95m96[0m [96mhandleRequest[0m] Got request: GET /ndt/get_graph_data
[2026-09-01 05:19:36.028] [info] [[94mHttpSession.cpp[0m:[95m531[0m [96mhandleGetGraphData[0m] Handle Get Graph Data
[2026-09-01 05:19:36.046] [info] [[94mHttpSession.cpp[0m:[95m576[0m [96mhandleGetGraphData[0m] get_graph_data success
[2026-09-01 05:19:36.277] [info] [[94mControllerAndOtherEventHandler.cpp[0m:[95m239[0m [96moperator()[0m] Accepted new connection
[2026-09-01 05:19:36.278] [info] [[94mHttpSession.cpp[0m:[95m96[0m [96mhandleRequest[0m] Got request: GET /ndt/get_graph_data
[2026-09-01 05:19:36.278] [info] [[94mHttpSession.cpp[0m:[95m531[0m [96mhandleGetGraphData[0m] Handle Get Graph Data
[2026-09-01 05:19:36.294] [info] [[94mHttpSession.cpp[0m:[95m576[0m [96mhandleGetGraphData[0m] get_graph_data success
[2026-09-01 05:19:36.528] [info] [[94mControllerAndOtherEventHandler.cpp[0m:[95m239[0m [96moperator()[0m] Accepted new connection
[2026-09-01 05:19:36.528] [info] [[94mHttpSession.cpp[0m:[95m96[0m [96mhandleRequest[0m] Got request: GET /ndt/get_graph_data
[2026-09-01 05:19:36.528] [info] [[94mHttpSession.cpp[0m:[95m531[0m [96mhandleGetGraphData[0m] Handle Get Graph Data
[2026-09-01 05:19:36.542] [info] [[94mHttpSession.cpp[0m:[95m576[0m [96mhandleGetGraphData[0m] get_graph_data success
[2026-09-01 05:19:36.778] [info] [[94mControllerAndOtherEventHandler.cpp[0m:[95m239[0m [96moperator()[0m] Accepted new connection
[2026-09-01 05:19:36.778] [info] [[94mHttpSession.cpp[0m:[95m96[0m [96mhandleRequest[0m] Got request: GET /ndt/get_graph_data
[2026-09-01 05:19:36.778] [info] [[94mHttpSession.cpp[0m:[95m531[0m [96mhandleGetGraphData[0m] Handle Get Graph Data
[2026-09-01 05:19:36.794] [info] [[94mHttpSession.cpp[0m:[95m576[0m [96mhandleGetGraphData[0m] get_graph_data success
[2026-09-01 05:19:37.027] [info] [[94mControllerAndOtherEventHandler.cpp[0m:[95m239[0m [96moperator()[0m] Accepted new connection
[2026-09-01 05:19:37.027] [info] [[94mHttpSession.cpp[0m:[95m96[0m [96mhandleRequest[0m] Got request: GET /ndt/get_graph_data
[2026-09-01 05:19:37.027] [info] [[94mHttpSession.cpp[0m:[95m531[0m [96mhandleGetGraphData[0m] Handle Get Graph Data
[2026-09-01 05:19:37.045] [info] [[94mHttpSession.cpp[0m:[95m576[0m [96mhandleGetGraphData[0m] get_graph_data success
[2026-09-01 05:19:37.278] [info] [[94mControllerAndOtherEventHandler.cpp[0m:[95m239[0m [96moperator()[0m] Accepted new connection
[2026-09-01 05:19:37.279] [info] [[94mHttpSession.cpp[0m:[95m96[0m [96mhandleRequest[0m] Got request: GET /ndt/get_graph_data
[2026-09-01 05:19:37.279] [info] [[94mHttpSession.cpp[0m:[95m531[0m [96mhandleGetGraphData[0m] Handle Get Graph Data
[2026-09-01 05:19:37.298] [info] [[94mHttpSession.cpp[0m:[95m576[0m [96mhandleGetGraphData[0m] get_graph_data success
[2026-09-01 05:19:37.528] [info] [[94mControllerAndOtherEventHandler.cpp[0m:[95m239[0m [96moperator()[0m] Accepted new connection
[2026-09-01 05:19:37.529] [info] [[94mHttpSession.cpp[0m:[95m96[0m [96mhandleRequest[0m] Got request: GET /ndt/get_graph_data
[2026-09-01 05:19:37.529] [info] [[94mHttpSession.cpp[0m:[95m531[0m [96mhandleGetGraphData[0m] Handle Get Graph Data
[2026-09-01 05:19:37.548] [info] [[94mHttpSession.cpp[0m:[95m576[0m [96mhandleGetGraphData[0m] get_graph_data success
[2026-09-01 05:19:37.778] [info] [[94mControllerAndOtherEventHandler.cpp[0m:[95m239[0m [96moperator()[0m] Accepted new connection
[2026-09-01 05:19:37.779] [info] [[94mHttpSession.cpp[0m:[95m96[0m [96mhandleRequest[0m] Got request: GET /ndt/get_graph_data
[2026-09-01 05:19:37.779] [info] [[94mHttpSession.cpp[0m:[95m531[0m [96mhandleGetGraphData[0m] Handle Get Graph Data
[2026-09-01 05:19:37.798] [info] [[94mHttpSession.cpp[0m:[95m576[0m [96mhandleGetGraphData[0m] get_graph_data success
[2026-09-01 05:19:38.029] [info] [[94mControllerAndOtherEventHandler.cpp[0m:[95m239[0m [96moperator()[0m] Accepted new connection
[2026-09-01 05:19:38.029] [info] [[94mHttpSession.cpp[0m:[95m96[0m [96mhandleRequest[0m] Got request: GET /ndt/get_graph_data
[2026-09-01 05:19:38.029] [info] [[94mHttpSession.cpp[0m:[95m531[0m [96mhandleGetGraphData[0m] Handle Get Graph Data
[2026-09-01 05:19:38.046] [info] [[94mHttpSession.cpp[0m:[95m576[0m [96mhandleGetGraphData[0m] get_graph_data success
[2026-09-01 05:19:38.279] [info] [[94mControllerAndOtherEventHandler.cpp[0m:[95m239[0m [96moperator()[0m] Accepted new connection
[2026-09-01 05:19:38.279] [info] [[94mHttpSession.cpp[0m:[95m96[0m [96mhandleRequest[0m] Got request: GET /ndt/get_graph_data
[2026-09-01 05:19:38.279] [info] [[94mHttpSession.cpp[0m:[95m531[0m [96mhandleGetGraphData[0m] Handle Get Graph Data
[2026-09-01 05:19:38.294] [info] [[94mHttpSession.cpp[0m:[95m576[0m [96mhandleGetGraphData[0m] get_graph_data success
[2026-09-01 05:19:38.528] [info] [[94mControllerAndOtherEventHandler.cpp[0m:[95m239[0m [96moperator()[0m] Accepted new connection
[2026-09-01 05:19:38.528] [info] [[94mHttpSession.cpp[0m:[95m96[0m [96mhandleRequest[0m] Got request: GET /ndt/get_graph_data
[2026-09-01 05:19:38.528] [info] [[94mHttpSession.cpp[0m:[95m531[0m [96mhandleGetGraphData[0m] Handle Get Graph Data
[2026-09-01 05:19:38.546] [info] [[94mHttpSession.cpp[0m:[95m576[0m [96mhandleGetGraphData[0m] get_graph_data success
[2026-09-01 05:19:38.778] [info] [[94mControllerAndOtherEventHandler.cpp[0m:[95m239[0m [96moperator()[0m] Accepted new connection
[2026-09-01 05:19:38.778] [info] [[94mHttpSession.cpp[0m:[95m96[0m [96mhandleRequest[0m] Got request: GET /ndt/get_graph_data
[2026-09-01 05:19:38.778] [info] [[94mHttpSession.cpp[0m:[95m531[0m [96mhandleGetGraphData[0m] Handle Get Graph Data
[2026-09-01 05:19:38.795] [info] [[94mHttpSession.cpp[0m:[95m576[0m [96mhandleGetGraphData[0m] get_graph_data success
[2026-09-01 05:19:39.028] [info] [[94mControllerAndOtherEventHandler.cpp[0m:[95m239[0m [96moperator()[0m] Accepted new connection
[2026-09-01 05:19:39.028] [info] [[94mHttpSession.cpp[0m:[95m96[0m [96mhandleRequest[0m] Got request: GET /ndt/get_graph_data
[2026-09-01 05:19:39.028] [info] [[94mHttpSession.cpp[0m:[95m531[0m [96mhandleGetGraphData[0m] Handle Get Graph Data
[2026-09-01 05:19:39.047] [info] [[94mHttpSession.cpp[0m:[95m576[0m [96mhandleGetGraphData[0m] get_graph_data success
[2026-09-01 05:19:39.279] [info] [[94mControllerAndOtherEventHandler.cpp[0m:[95m239[0m [96moperator()[0m] Accepted new connection
[2026-09-01 05:19:39.279] [info] [[94mHttpSession.cpp[0m:[95m96[0m [96mhandleRequest[0m] Got request: GET /ndt/get_graph_data
[2026-09-01 05:19:39.279] [info] [[94mHttpSession.cpp[0m:[95m531[0m [96mhandleGetGraphData[0m] Handle Get Graph Data
[2026-09-01 05:19:39.298] [info] [[94mHttpSession.cpp[0m:[95m576[0m [96mhandleGetGraphData[0m] get_graph_data success
[2026-09-01 05:19:39.529] [info] [[94mControllerAndOtherEventHandler.cpp[0m:[95m239[0m [96moperator()[0m] Accepted new connection
[2026-09-01 05:19:39.529] [info] [[94mHttpSession.cpp[0m:[95m96[0m [96mhandleRequest[0m] Got request: GET /ndt/get_graph_data
[2026-09-01 05:19:39.529] [info] [[94mHttpSession.cpp[0m:[95m531[0m [96mhandleGetGraphData[0m] Handle Get Graph Data
[2026-09-01 05:19:39.541] [info] [[94mHttpSession.cpp[0m:[95m576[0m [96mhandleGetGraphData[0m] get_graph_data success
[2026-09-01 05:19:39.779] [info] [[94mControllerAndOtherEventHandler.cpp[0m:[95m239[0m [96moperator()[0m] Accepted new connection
[2026-09-01 05:19:39.779] [info] [[94mHttpSession.cpp[0m:[95m96[0m [96mhandleRequest[0m] Got request: GET /ndt/get_graph_data
[2026-09-01 05:19:39.779] [info] [[94mHttpSession.cpp[0m:[95m531[0m [96mhandleGetGraphData[0m] Handle Get Graph Data
[2026-09-01 05:19:39.797] [info] [[94mHttpSession.cpp[0m:[95m576[0m [96mhandleGetGraphData[0m] get_graph_data success
[2026-09-01 05:19:40.029] [info] [[94mControllerAndOtherEventHandler.cpp[0m:[95m239[0m [96moperator()[0m] Accepted new connection
[2026-09-01 05:19:40.029] [info] [[94mHttpSession.cpp[0m:[95m96[0m [96mhandleRequest[0m] Got request: GET /ndt/get_graph_data
[2026-09-01 05:19:40.029] [info] [[94mHttpSession.cpp[0m:[95m531[0m [96mhandleGetGraphData[0m] Handle Get Graph Data
[2026-09-01 05:19:40.044] [info] [[94mHttpSession.cpp[0m:[95m576[0m [96mhandleGetGraphData[0m] get_graph_data success
[2026-09-01 05:19:40.279] [info] [[94mControllerAndOtherEventHandler.cpp[0m:[95m239[0m [96moperator()[0m] Accepted new connection
[2026-09-01 05:19:40.279] [info] [[94mHttpSession.cpp[0m:[95m96[0m [96mhandleRequest[0m] Got request: GET /ndt/get_graph_data
[2026-09-01 05:19:40.280] [info] [[94mHttpSession.cpp[0m:[95m531[0m [96mhandleGetGraphData[0m] Handle Get Graph Data
[2026-09-01 05:19:40.298] [info] [[94mHttpSession.cpp[0m:[95m576[0m [96mhandleGetGraphData[0m] get_graph_data success
[2026-09-01 05:19:40.529] [info] [[94mControllerAndOtherEventHandler.cpp[0m:[95m239[0m [96moperator()[0m] Accepted new connection
[2026-09-01 05:19:40.530] [info] [[94mHttpSession.cpp[0m:[95m96[0m [96mhandleRequest[0m] Got request: GET /ndt/get_graph_data
[2026-09-01 05:19:40.530] [info] [[94mHttpSession.cpp[0m:[95m531[0m [96mhandleGetGraphData[0m] Handle Get Graph Data
[2026-09-01 05:19:40.549] [info] [[94mHttpSession.cpp[0m:[95m576[0m [96mhandleGetGraphData[0m] get_graph_data success
[2026-09-01 05:19:40.779] [info] [[94mControllerAndOtherEventHandler.cpp[0m:[95m239[0m [96moperator()[0m] Accepted new connection
[2026-09-01 05:19:40.780] [info] [[94mHttpSession.cpp[0m:[95m96[0m [96mhandleRequest[0m] Got request: GET /ndt/get_graph_data
[2026-09-01 05:19:40.780] [info] [[94mHttpSession.cpp[0m:[95m531[0m [96mhandleGetGraphData[0m] Handle Get Graph Data
[2026-09-01 05:19:40.796] [info] [[94mHttpSession.cpp[0m:[95m576[0m [96mhandleGetGraphData[0m] get_graph_data success
[2026-09-01 05:19:41.029] [info] [[94mControllerAndOtherEventHandler.cpp[0m:[95m239[0m [96moperator()[0m] Accepted new connection
[2026-09-01 05:19:41.030] [info] [[94mHttpSession.cpp[0m:[95m96[0m [96mhandleRequest[0m] Got request: GET /ndt/get_graph_data
[2026-09-01 05:19:41.030] [info] [[94mHttpSession.cpp[0m:[95m531[0m [96mhandleGetGraphData[0m] Handle Get Graph Data
[2026-09-01 05:19:41.045] [info] [[94mHttpSession.cpp[0m:[95m576[0m [96mhandleGetGraphData[0m] get_graph_data success
[2026-09-01 05:19:41.280] [info] [[94mControllerAndOtherEventHandler.cpp[0m:[95m239[0m [96moperator()[0m] Accepted new connection
[2026-09-01 05:19:41.280] [info] [[94mHttpSession.cpp[0m:[95m96[0m [96mhandleRequest[0m] Got request: GET /ndt/get_graph_data
[2026-09-01 05:19:41.280] [info] [[94mHttpSession.cpp[0m:[95m531[0m [96mhandleGetGraphData[0m] Handle Get Graph Data
[2026-09-01 05:19:41.297] [info] [[94mHttpSession.cpp[0m:[95m576[0m [96mhandleGetGraphData[0m] get_graph_data success
[2026-09-01 05:19:41.530] [info] [[94mControllerAndOtherEventHandler.cpp[0m:[95m239[0m [96moperator()[0m] Accepted new connection
[2026-09-01 05:19:41.530] [info] [[94mHttpSession.cpp[0m:[95m96[0m [96mhandleRequest[0m] Got request: GET /ndt/get_graph_data
[2026-09-01 05:19:41.530] [info] [[94mHttpSession.cpp[0m:[95m531[0m [96mhandleGetGraphData[0m] Handle Get Graph Data
[2026-09-01 05:19:41.548] [info] [[94mHttpSession.cpp[0m:[95m576[0m [96mhandleGetGraphData[0m] get_graph_data success
[2026-09-01 05:19:41.780] [info] [[94mControllerAndOtherEventHandler.cpp[0m:[95m239[0m [96moperator()[0m] Accepted new connection
[2026-09-01 05:19:41.780] [info] [[94mHttpSession.cpp[0m:[95m96[0m [96mhandleRequest[0m] Got request: GET /ndt/get_graph_data
[2026-09-01 05:19:41.780] [info] [[94mHttpSession.cpp[0m:[95m531[0m [96mhandleGetGraphData[0m] Handle Get Graph Data
[2026-09-01 05:19:41.797] [info] [[94mHttpSession.cpp[0m:[95m576[0m [96mhandleGetGraphData[0m] get_graph_data success
[2026-09-01 05:19:42.030] [info] [[94mControllerAndOtherEventHandler.cpp[0m:[95m239[0m [96moperator()[0m] Accepted new connection
[2026-09-01 05:19:42.030] [info] [[94mHttpSession.cpp[0m:[95m96[0m [96mhandleRequest[0m] Got request: GET /ndt/get_graph_data
[2026-09-01 05:19:42.030] [info] [[94mHttpSession.cpp[0m:[95m531[0m [96mhandleGetGraphData[0m] Handle Get Graph Data
[2026-09-01 05:19:42.045] [info] [[94mHttpSession.cpp[0m:[95m576[0m [96mhandleGetGraphData[0m] get_graph_data success
[2026-09-01 05:19:42.280] [info] [[94mControllerAndOtherEventHandler.cpp[0m:[95m239[0m [96moperator()[0m] Accepted new connection
[2026-09-01 05:19:42.280] [info] [[94mHttpSession.cpp[0m:[95m96[0m [96mhandleRequest[0m] Got request: GET /ndt/get_graph_data
[2026-09-01 05:19:42.280] [info] [[94mHttpSession.cpp[0m:[95m531[0m [96mhandleGetGraphData[0m] Handle Get Graph Data
[2026-09-01 05:19:42.297] [info] [[94mHttpSession.cpp[0m:[95m576[0m [96mhandleGetGraphData[0m] get_graph_data success
[2026-09-01 05:19:42.530] [info] [[94mControllerAndOtherEventHandler.cpp[0m:[95m239[0m [96moperator()[0m] Accepted new connection
[2026-09-01 05:19:42.530] [info] [[94mHttpSession.cpp[0m:[95m96[0m [96mhandleRequest[0m] Got request: GET /ndt/get_graph_data
[2026-09-01 05:19:42.530] [info] [[94mHttpSession.cpp[0m:[95m531[0m [96mhandleGetGraphData[0m] Handle Get Graph Data
[2026-09-01 05:19:42.542] [info] [[94mHttpSession.cpp[0m:[95m576[0m [96mhandleGetGraphData[0m] get_graph_data success
[2026-09-01 05:19:42.780] [info] [[94mControllerAndOtherEventHandler.cpp[0m:[95m239[0m [96moperator()[0m] Accepted new connection
[2026-09-01 05:19:42.780] [info] [[94mHttpSession.cpp[0m:[95m96[0m [96mhandleRequest[0m] Got request: GET /ndt/get_graph_data
[2026-09-01 05:19:42.780] [info] [[94mHttpSession.cpp[0m:[95m531[0m [96mhandleGetGraphData[0m] Handle Get Graph Data
[2026-09-01 05:19:42.794] [info] [[94mHttpSession.cpp[0m:[95m576[0m [96mhandleGetGraphData[0m] get_graph_data success
[2026-09-01 05:19:43.030] [info] [[94mControllerAndOtherEventHandler.cpp[0m:[95m239[0m [96moperator()[0m] Accepted new connection
[2026-09-01 05:19:43.030] [info] [[94mHttpSession.cpp[0m:[95m96[0m [96mhandleRequest[0m] Got request: GET /ndt/get_graph_data
[2026-09-01 05:19:43.030] [info] [[94mHttpSession.cpp[0m:[95m531[0m [96mhandleGetGraphData[0m] Handle Get Graph Data
[2026-09-01 05:19:43.041] [info] [[94mHttpSession.cpp[0m:[95m576[0m [96mhandleGetGraphData[0m] get_graph_data success
[2026-09-01 05:19:43.280] [info] [[94mControllerAndOtherEventHandler.cpp[0m:[95m239[0m [96moperator()[0m] Accepted new connection
[2026-09-01 05:19:43.280] [info] [[94mHttpSession.cpp[0m:[95m96[0m [96mhandleRequest[0m] Got request: GET /ndt/get_graph_data
[2026-09-01 05:19:43.281] [info] [[94mHttpSession.cpp[0m:[95m531[0m [96mhandleGetGraphData[0m] Handle Get Graph Data
[2026-09-01 05:19:43.299] [info] [[94mHttpSession.cpp[0m:[95m576[0m [96mhandleGetGraphData[0m] get_graph_data success
[2026-09-01 05:19:43.530] [info] [[94mControllerAndOtherEventHandler.cpp[0m:[95m239[0m [96moperator()[0m] Accepted new connection
[2026-09-01 05:19:43.530] [info] [[94mHttpSession.cpp[0m:[95m96[0m [96mhandleRequest[0m] Got request: GET /ndt/get_graph_data
[2026-09-01 05:19:43.530] [info] [[94mHttpSession.cpp[0m:[95m531[0m [96mhandleGetGraphData[0m] Handle Get Graph Data
[2026-09-01 05:19:43.549] [info] [[94mHttpSession.cpp[0m:[95m576[0m [96mhandleGetGraphData[0m] get_graph_data success
[2026-09-01 05:19:43.780] [info] [[94mControllerAndOtherEventHandler.cpp[0m:[95m239[0m [96moperator()[0m] Accepted new connection
[2026-09-01 05:19:43.781] [info] [[94mHttpSession.cpp[0m:[95m96[0m [96mhandleRequest[0m] Got request: GET /ndt/get_graph_data
[2026-09-01 05:19:43.781] [info] [[94mHttpSession.cpp[0m:[95m531[0m [96mhandleGetGraphData[0m] Handle Get Graph Data
[2026-09-01 05:19:43.798] [info] [[94mHttpSession.cpp[0m:[95m576[0m [96mhandleGetGraphData[0m] get_graph_data success
[2026-09-01 05:19:44.030] [info] [[94mControllerAndOtherEventHandler.cpp[0m:[95m239[0m [96moperator()[0m] Accepted new connection
[2026-09-01 05:19:44.030] [info] [[94mHttpSession.cpp[0m:[95m96[0m [96mhandleRequest[0m] Got request: GET /ndt/get_graph_data
[2026-09-01 05:19:44.031] [info] [[94mHttpSession.cpp[0m:[95m531[0m [96mhandleGetGraphData[0m] Handle Get Graph Data
[2026-09-01 05:19:44.047] [info] [[94mHttpSession.cpp[0m:[95m576[0m [96mhandleGetGraphData[0m] get_graph_data success
[2026-09-01 05:19:44.280] [info] [[94mControllerAndOtherEventHandler.cpp[0m:[95m239[0m [96moperator()[0m] Accepted new connection
[2026-09-01 05:19:44.280] [info] [[94mHttpSession.cpp[0m:[95m96[0m [96mhandleRequest[0m] Got request: GET /ndt/get_graph_data
[2026-09-01 05:19:44.280] [info] [[94mHttpSession.cpp[0m:[95m531[0m [96mhandleGetGraphData[0m] Handle Get Graph Data
[2026-09-01 05:19:44.291] [info] [[94mHttpSession.cpp[0m:[95m576[0m [96mhandleGetGraphData[0m] get_graph_data success
[2026-09-01 05:19:44.531] [info] [[94mControllerAndOtherEventHandler.cpp[0m:[95m239[0m [96moperator()[0m] Accepted new connection
[2026-09-01 05:19:44.531] [info] [[94mHttpSession.cpp[0m:[95m96[0m [96mhandleRequest[0m] Got request: GET /ndt/get_graph_data
[2026-09-01 05:19:44.531] [info] [[94mHttpSession.cpp[0m:[95m531[0m [96mhandleGetGraphData[0m] Handle Get Graph Data
[2026-09-01 05:19:44.550] [info] [[94mHttpSession.cpp[0m:[95m576[0m [96mhandleGetGraphData[0m] get_graph_data success
[2026-09-01 05:19:44.780] [info] [[94mControllerAndOtherEventHandler.cpp[0m:[95m239[0m [96moperator()[0m] Accepted new connection
[2026-09-01 05:19:44.780] [info] [[94mHttpSession.cpp[0m:[95m96[0m [96mhandleRequest[0m] Got request: GET /ndt/get_graph_data
[2026-09-01 05:19:44.781] [info] [[94mHttpSession.cpp[0m:[95m531[0m [96mhandleGetGraphData[0m] Handle Get Graph Data
[2026-09-01 05:19:44.799] [info] [[94mHttpSession.cpp[0m:[95m576[0m [96mhandleGetGraphData[0m] get_graph_data success
[2026-09-01 05:19:45.031] [info] [[94mControllerAndOtherEventHandler.cpp[0m:[95m239[0m [96moperator()[0m] Accepted new connection
[2026-09-01 05:19:45.031] [info] [[94mHttpSession.cpp[0m:[95m96[0m [96mhandleRequest[0m] Got request: GET /ndt/get_graph_data
[2026-09-01 05:19:45.031] [info] [[94mHttpSession.cpp[0m:[95m531[0m [96mhandleGetGraphData[0m] Handle Get Graph Data
[2026-09-01 05:19:45.050] [info] [[94mHttpSession.cpp[0m:[95m576[0m [96mhandleGetGraphData[0m] get_graph_data success
[2026-09-01 05:19:45.281] [info] [[94mControllerAndOtherEventHandler.cpp[0m:[95m239[0m [96moperator()[0m] Accepted new connection
[2026-09-01 05:19:45.281] [info] [[94mHttpSession.cpp[0m:[95m96[0m [96mhandleRequest[0m] Got request: GET /ndt/get_graph_data
[2026-09-01 05:19:45.281] [info] [[94mHttpSession.cpp[0m:[95m531[0m [96mhandleGetGraphData[0m] Handle Get Graph Data
[2026-09-01 05:19:45.300] [info] [[94mHttpSession.cpp[0m:[95m576[0m [96mhandleGetGraphData[0m] get_graph_data success
[2026-09-01 05:19:45.531] [info] [[94mControllerAndOtherEventHandler.cpp[0m:[95m239[0m [96moperator()[0m] Accepted new connection
[2026-09-01 05:19:45.531] [info] [[94mHttpSession.cpp[0m:[95m96[0m [96mhandleRequest[0m] Got request: GET /ndt/get_graph_data
[2026-09-01 05:19:45.531] [info] [[94mHttpSession.cpp[0m:[95m531[0m [96mhandleGetGraphData[0m] Handle Get Graph Data
[2026-09-01 05:19:45.543] [info] [[94mHttpSession.cpp[0m:[95m576[0m [96mhandleGetGraphData[0m] get_graph_data success
[2026-09-01 05:19:45.781] [info] [[94mControllerAndOtherEventHandler.cpp[0m:[95m239[0m [96moperator()[0m] Accepted new connection
[2026-09-01 05:19:45.781] [info] [[94mHttpSession.cpp[0m:[95m96[0m [96mhandleRequest[0m] Got request: GET /ndt/get_graph_data
[2026-09-01 05:19:45.781] [info] [[94mHttpSession.cpp[0m:[95m531[0m [96mhandleGetGraphData[0m] Handle Get Graph Data
[2026-09-01 05:19:45.799] [info] [[94mHttpSession.cpp[0m:[95m576[0m [96mhandleGetGraphData[0m] get_graph_data success
[2026-09-01 05:19:46.031] [info] [[94mControllerAndOtherEventHandler.cpp[0m:[95m239[0m [96moperator()[0m] Accepted new connection
[2026-09-01 05:19:46.031] [info] [[94mHttpSession.cpp[0m:[95m96[0m [96mhandleRequest[0m] Got request: GET /ndt/get_graph_data
[2026-09-01 05:19:46.031] [info] [[94mHttpSession.cpp[0m:[95m531[0m [96mhandleGetGraphData[0m] Handle Get Graph Data
[2026-09-01 05:19:46.049] [info] [[94mHttpSession.cpp[0m:[95m576[0m [96mhandleGetGraphData[0m] get_graph_data success
[2026-09-01 05:19:46.281] [info] [[94mControllerAndOtherEventHandler.cpp[0m:[95m239[0m [96moperator()[0m] Accepted new connection
[2026-09-01 05:19:46.281] [info] [[94mHttpSession.cpp[0m:[95m96[0m [96mhandleRequest[0m] Got request: GET /ndt/get_graph_data
[2026-09-01 05:19:46.282] [info] [[94mHttpSession.cpp[0m:[95m531[0m [96mhandleGetGraphData[0m] Handle Get Graph Data
[2026-09-01 05:19:46.301] [info] [[94mHttpSession.cpp[0m:[95m576[0m [96mhandleGetGraphData[0m] get_graph_data success
[2026-09-01 05:19:46.531] [info] [[94mControllerAndOtherEventHandler.cpp[0m:[95m239[0m [96moperator()[0m] Accepted new connection
[2026-09-01 05:19:46.532] [info] [[94mHttpSession.cpp[0m:[95m96[0m [96mhandleRequest[0m] Got request: GET /ndt/get_graph_data
[2026-09-01 05:19:46.532] [info] [[94mHttpSession.cpp[0m:[95m531[0m [96mhandleGetGraphData[0m] Handle Get Graph Data
[2026-09-01 05:19:46.550] [info] [[94mHttpSession.cpp[0m:[95m576[0m [96mhandleGetGraphData[0m] get_graph_data success
[2026-09-01 05:19:46.781] [info] [[94mControllerAndOtherEventHandler.cpp[0m:[95m239[0m [96moperator()[0m] Accepted new connection
[2026-09-01 05:19:46.782] [info] [[94mHttpSession.cpp[0m:[95m96[0m [96mhandleRequest[0m] Got request: GET /ndt/get_graph_data
[2026-09-01 05:19:46.782] [info] [[94mHttpSession.cpp[0m:[95m531[0m [96mhandleGetGraphData[0m] Handle Get Graph Data
[2026-09-01 05:19:46.800] [info] [[94mHttpSession.cpp[0m:[95m576[0m [96mhandleGetGraphData[0m] get_graph_data success
[2026-09-01 05:19:47.032] [info] [[94mControllerAndOtherEventHandler.cpp[0m:[95m239[0m [96moperator()[0m] Accepted new connection
[2026-09-01 05:19:47.032] [info] [[94mHttpSession.cpp[0m:[95m96[0m [96mhandleRequest[0m] Got request: GET /ndt/get_graph_data
[2026-09-01 05:19:47.032] [info] [[94mHttpSession.cpp[0m:[95m531[0m [96mhandleGetGraphData[0m] Handle Get Graph Data
[2026-09-01 05:19:47.051] [info] [[94mHttpSession.cpp[0m:[95m576[0m [96mhandleGetGraphData[0m] get_graph_data success
[2026-09-01 05:19:47.281] [info] [[94mControllerAndOtherEventHandler.cpp[0m:[95m239[0m [96moperator()[0m] Accepted new connection
[2026-09-01 05:19:47.281] [info] [[94mHttpSession.cpp[0m:[95m96[0m [96mhandleRequest[0m] Got request: GET /ndt/get_graph_data
[2026-09-01 05:19:47.281] [info] [[94mHttpSession.cpp[0m:[95m531[0m [96mhandleGetGraphData[0m] Handle Get Graph Data
[2026-09-01 05:19:47.293] [info] [[94mHttpSession.cpp[0m:[95m576[0m [96mhandleGetGraphData[0m] get_graph_data success
[2026-09-01 05:19:47.532] [info] [[94mControllerAndOtherEventHandler.cpp[0m:[95m239[0m [96moperator()[0m] Accepted new connection
[2026-09-01 05:19:47.532] [info] [[94mHttpSession.cpp[0m:[95m96[0m [96mhandleRequest[0m] Got request: GET /ndt/get_graph_data
[2026-09-01 05:19:47.532] [info] [[94mHttpSession.cpp[0m:[95m531[0m [96mhandleGetGraphData[0m] Handle Get Graph Data
[2026-09-01 05:19:47.550] [info] [[94mHttpSession.cpp[0m:[95m576[0m [96mhandleGetGraphData[0m] get_graph_data success
[2026-09-01 05:19:47.782] [info] [[94mControllerAndOtherEventHandler.cpp[0m:[95m239[0m [96moperator()[0m] Accepted new connection
[2026-09-01 05:19:47.782] [info] [[94mHttpSession.cpp[0m:[95m96[0m [96mhandleRequest[0m] Got request: GET /ndt/get_graph_data
[2026-09-01 05:19:47.782] [info] [[94mHttpSession.cpp[0m:[95m531[0m [96mhandleGetGraphData[0m] Handle Get Graph Data
[2026-09-01 05:19:47.794] [info] [[94mHttpSession.cpp[0m:[95m576[0m [96mhandleGetGraphData[0m] get_graph_data success
[2026-09-01 05:19:48.031] [info] [[94mControllerAndOtherEventHandler.cpp[0m:[95m239[0m [96moperator()[0m] Accepted new connection
[2026-09-01 05:19:48.031] [info] [[94mHttpSession.cpp[0m:[95m96[0m [96mhandleRequest[0m] Got request: GET /ndt/get_graph_data
[2026-09-01 05:19:48.031] [info] [[94mHttpSession.cpp[0m:[95m531[0m [96mhandleGetGraphData[0m] Handle Get Graph Data
[2026-09-01 05:19:48.049] [info] [[94mHttpSession.cpp[0m:[95m576[0m [96mhandleGetGraphData[0m] get_graph_data success
[2026-09-01 05:19:48.282] [info] [[94mControllerAndOtherEventHandler.cpp[0m:[95m239[0m [96moperator()[0m] Accepted new connection
[2026-09-01 05:19:48.282] [info] [[94mHttpSession.cpp[0m:[95m96[0m [96mhandleRequest[0m] Got request: GET /ndt/get_graph_data
[2026-09-01 05:19:48.282] [info] [[94mHttpSession.cpp[0m:[95m531[0m [96mhandleGetGraphData[0m] Handle Get Graph Data
[2026-09-01 05:19:48.299] [info] [[94mHttpSession.cpp[0m:[95m576[0m [96mhandleGetGraphData[0m] get_graph_data success
[2026-09-01 05:19:48.532] [info] [[94mControllerAndOtherEventHandler.cpp[0m:[95m239[0m [96moperator()[0m] Accepted new connection
[2026-09-01 05:19:48.532] [info] [[94mHttpSession.cpp[0m:[95m96[0m [96mhandleRequest[0m] Got request: GET /ndt/get_graph_data
[2026-09-01 05:19:48.532] [info] [[94mHttpSession.cpp[0m:[95m531[0m [96mhandleGetGraphData[0m] Handle Get Graph Data
[2026-09-01 05:19:48.550] [info] [[94mHttpSession.cpp[0m:[95m576[0m [96mhandleGetGraphData[0m] get_graph_data success
[2026-09-01 05:19:48.782] [info] [[94mControllerAndOtherEventHandler.cpp[0m:[95m239[0m [96moperator()[0m] Accepted new connection
[2026-09-01 05:19:48.782] [info] [[94mHttpSession.cpp[0m:[95m96[0m [96mhandleRequest[0m] Got request: GET /ndt/get_graph_data
[2026-09-01 05:19:48.782] [info] [[94mHttpSession.cpp[0m:[95m531[0m [96mhandleGetGraphData[0m] Handle Get Graph Data
[2026-09-01 05:19:48.801] [info] [[94mHttpSession.cpp[0m:[95m576[0m [96mhandleGetGraphData[0m] get_graph_data success
[2026-09-01 05:19:49.031] [info] [[94mControllerAndOtherEventHandler.cpp[0m:[95m239[0m [96moperator()[0m] Accepted new connection
[2026-09-01 05:19:49.032] [info] [[94mHttpSession.cpp[0m:[95m96[0m [96mhandleRequest[0m] Got request: GET /ndt/get_graph_data
[2026-09-01 05:19:49.032] [info] [[94mHttpSession.cpp[0m:[95m531[0m [96mhandleGetGraphData[0m] Handle Get Graph Data
[2026-09-01 05:19:49.050] [info] [[94mHttpSession.cpp[0m:[95m576[0m [96mhandleGetGraphData[0m] get_graph_data success
[2026-09-01 05:19:49.282] [info] [[94mControllerAndOtherEventHandler.cpp[0m:[95m239[0m [96moperator()[0m] Accepted new connection
[2026-09-01 05:19:49.282] [info] [[94mHttpSession.cpp[0m:[95m96[0m [96mhandleRequest[0m] Got request: GET /ndt/get_graph_data
[2026-09-01 05:19:49.282] [info] [[94mHttpSession.cpp[0m:[95m531[0m [96mhandleGetGraphData[0m] Handle Get Graph Data
[2026-09-01 05:19:49.306] [info] [[94mHttpSession.cpp[0m:[95m576[0m [96mhandleGetGraphData[0m] get_graph_data success
[2026-09-01 05:19:49.532] [info] [[94mControllerAndOtherEventHandler.cpp[0m:[95m239[0m [96moperator()[0m] Accepted new connection
[2026-09-01 05:19:49.532] [info] [[94mHttpSession.cpp[0m:[95m96[0m [96mhandleRequest[0m] Got request: GET /ndt/get_graph_data
[2026-09-01 05:19:49.532] [info] [[94mHttpSession.cpp[0m:[95m531[0m [96mhandleGetGraphData[0m] Handle Get Graph Data
[2026-09-01 05:19:49.550] [info] [[94mHttpSession.cpp[0m:[95m576[0m [96mhandleGetGraphData[0m] get_graph_data success
[2026-09-01 05:19:49.782] [info] [[94mControllerAndOtherEventHandler.cpp[0m:[95m239[0m [96moperator()[0m] Accepted new connection
[2026-09-01 05:19:49.783] [info] [[94mHttpSession.cpp[0m:[95m96[0m [96mhandleRequest[0m] Got request: GET /ndt/get_graph_data
[2026-09-01 05:19:49.783] [info] [[94mHttpSession.cpp[0m:[95m531[0m [96mhandleGetGraphData[0m] Handle Get Graph Data
[2026-09-01 05:19:49.801] [info] [[94mHttpSession.cpp[0m:[95m576[0m [96mhandleGetGraphData[0m] get_graph_data success
[2026-09-01 05:19:50.032] [info] [[94mControllerAndOtherEventHandler.cpp[0m:[95m239[0m [96moperator()[0m] Accepted new connection
[2026-09-01 05:19:50.033] [info] [[94mHttpSession.cpp[0m:[95m96[0m [96mhandleRequest[0m] Got request: GET /ndt/get_graph_data
[2026-09-01 05:19:50.033] [info] [[94mHttpSession.cpp[0m:[95m531[0m [96mhandleGetGraphData[0m] Handle Get Graph Data
[2026-09-01 05:19:50.051] [info] [[94mHttpSession.cpp[0m:[95m576[0m [96mhandleGetGraphData[0m] get_graph_data success
[2026-09-01 05:19:50.283] [info] [[94mControllerAndOtherEventHandler.cpp[0m:[95m239[0m [96moperator()[0m] Accepted new connection
[2026-09-01 05:19:50.283] [info] [[94mHttpSession.cpp[0m:[95m96[0m [96mhandleRequest[0m] Got request: GET /ndt/get_graph_data
[2026-09-01 05:19:50.283] [info] [[94mHttpSession.cpp[0m:[95m531[0m [96mhandleGetGraphData[0m] Handle Get Graph Data
[2026-09-01 05:19:50.301] [info] [[94mHttpSession.cpp[0m:[95m576[0m [96mhandleGetGraphData[0m] get_graph_data success
[2026-09-01 05:19:50.533] [info] [[94mControllerAndOtherEventHandler.cpp[0m:[95m239[0m [96moperator()[0m] Accepted new connection
[2026-09-01 05:19:50.533] [info] [[94mHttpSession.cpp[0m:[95m96[0m [96mhandleRequest[0m] Got request: GET /ndt/get_graph_data
[2026-09-01 05:19:50.533] [info] [[94mHttpSession.cpp[0m:[95m531[0m [96mhandleGetGraphData[0m] Handle Get Graph Data
[2026-09-01 05:19:50.551] [info] [[94mHttpSession.cpp[0m:[95m576[0m [96mhandleGetGraphData[0m] get_graph_data success
[2026-09-01 05:19:50.783] [info] [[94mControllerAndOtherEventHandler.cpp[0m:[95m239[0m [96moperator()[0m] Accepted new connection
[2026-09-01 05:19:50.783] [info] [[94mHttpSession.cpp[0m:[95m96[0m [96mhandleRequest[0m] Got request: GET /ndt/get_graph_data
[2026-09-01 05:19:50.783] [info] [[94mHttpSession.cpp[0m:[95m531[0m [96mhandleGetGraphData[0m] Handle Get Graph Data
[2026-09-01 05:19:50.802] [info] [[94mHttpSession.cpp[0m:[95m576[0m [96mhandleGetGraphData[0m] get_graph_data success
[2026-09-01 05:19:51.033] [info] [[94mControllerAndOtherEventHandler.cpp[0m:[95m239[0m [96moperator()[0m] Accepted new connection
[2026-09-01 05:19:51.033] [info] [[94mHttpSession.cpp[0m:[95m96[0m [96mhandleRequest[0m] Got request: GET /ndt/get_graph_data
[2026-09-01 05:19:51.033] [info] [[94mHttpSession.cpp[0m:[95m531[0m [96mhandleGetGraphData[0m] Handle Get Graph Data
[2026-09-01 05:19:51.052] [info] [[94mHttpSession.cpp[0m:[95m576[0m [96mhandleGetGraphData[0m] get_graph_data success
[2026-09-01 05:19:51.283] [info] [[94mControllerAndOtherEventHandler.cpp[0m:[95m239[0m [96moperator()[0m] Accepted new connection
[2026-09-01 05:19:51.283] [info] [[94mHttpSession.cpp[0m:[95m96[0m [96mhandleRequest[0m] Got request: GET /ndt/get_graph_data
[2026-09-01 05:19:51.283] [info] [[94mHttpSession.cpp[0m:[95m531[0m [96mhandleGetGraphData[0m] Handle Get Graph Data
[2026-09-01 05:19:51.302] [info] [[94mHttpSession.cpp[0m:[95m576[0m [96mhandleGetGraphData[0m] get_graph_data success
[2026-09-01 05:19:51.532] [info] [[94mControllerAndOtherEventHandler.cpp[0m:[95m239[0m [96moperator()[0m] Accepted new connection
[2026-09-01 05:19:51.533] [info] [[94mHttpSession.cpp[0m:[95m96[0m [96mhandleRequest[0m] Got request: GET /ndt/get_graph_data
[2026-09-01 05:19:51.533] [info] [[94mHttpSession.cpp[0m:[95m531[0m [96mhandleGetGraphData[0m] Handle Get Graph Data
[2026-09-01 05:19:51.551] [info] [[94mHttpSession.cpp[0m:[95m576[0m [96mhandleGetGraphData[0m] get_graph_data success
[2026-09-01 05:19:51.783] [info] [[94mControllerAndOtherEventHandler.cpp[0m:[95m239[0m [96moperator()[0m] Accepted new connection
[2026-09-01 05:19:51.783] [info] [[94mHttpSession.cpp[0m:[95m96[0m [96mhandleRequest[0m] Got request: GET /ndt/get_graph_data
[2026-09-01 05:19:51.783] [info] [[94mHttpSession.cpp[0m:[95m531[0m [96mhandleGetGraphData[0m] Handle Get Graph Data
[2026-09-01 05:19:51.796] [info] [[94mHttpSession.cpp[0m:[95m576[0m [96mhandleGetGraphData[0m] get_graph_data success
[2026-09-01 05:19:52.033] [info] [[94mControllerAndOtherEventHandler.cpp[0m:[95m239[0m [96moperator()[0m] Accepted new connection
[2026-09-01 05:19:52.033] [info] [[94mHttpSession.cpp[0m:[95m96[0m [96mhandleRequest[0m] Got request: GET /ndt/get_graph_data
[2026-09-01 05:19:52.033] [info] [[94mHttpSession.cpp[0m:[95m531[0m [96mhandleGetGraphData[0m] Handle Get Graph Data
[2026-09-01 05:19:52.050] [info] [[94mHttpSession.cpp[0m:[95m576[0m [96mhandleGetGraphData[0m] get_graph_data success
[2026-09-01 05:19:52.283] [info] [[94mControllerAndOtherEventHandler.cpp[0m:[95m239[0m [96moperator()[0m] Accepted new connection
[2026-09-01 05:19:52.283] [info] [[94mHttpSession.cpp[0m:[95m96[0m [96mhandleRequest[0m] Got request: GET /ndt/get_graph_data
[2026-09-01 05:19:52.283] [info] [[94mHttpSession.cpp[0m:[95m531[0m [96mhandleGetGraphData[0m] Handle Get Graph Data
[2026-09-01 05:19:52.302] [info] [[94mHttpSession.cpp[0m:[95m576[0m [96mhandleGetGraphData[0m] get_graph_data success
[2026-09-01 05:19:52.533] [info] [[94mControllerAndOtherEventHandler.cpp[0m:[95m239[0m [96moperator()[0m] Accepted new connection
[2026-09-01 05:19:52.533] [info] [[94mHttpSession.cpp[0m:[95m96[0m [96mhandleRequest[0m] Got request: GET /ndt/get_graph_data
[2026-09-01 05:19:52.534] [info] [[94mHttpSession.cpp[0m:[95m531[0m [96mhandleGetGraphData[0m] Handle Get Graph Data
[2026-09-01 05:19:52.550] [info] [[94mHttpSession.cpp[0m:[95m576[0m [96mhandleGetGraphData[0m] get_graph_data success
[2026-09-01 05:19:52.783] [info] [[94mControllerAndOtherEventHandler.cpp[0m:[95m239[0m [96moperator()[0m] Accepted new connection
[2026-09-01 05:19:52.783] [info] [[94mHttpSession.cpp[0m:[95m96[0m [96mhandleRequest[0m] Got request: GET /ndt/get_graph_data
[2026-09-01 05:19:52.783] [info] [[94mHttpSession.cpp[0m:[95m531[0m [96mhandleGetGraphData[0m] Handle Get Graph Data
[2026-09-01 05:19:52.794] [info] [[94mHttpSession.cpp[0m:[95m576[0m [96mhandleGetGraphData[0m] get_graph_data success
[2026-09-01 05:19:53.033] [info] [[94mControllerAndOtherEventHandler.cpp[0m:[95m239[0m [96moperator()[0m] Accepted new connection
[2026-09-01 05:19:53.033] [info] [[94mHttpSession.cpp[0m:[95m96[0m [96mhandleRequest[0m] Got request: GET /ndt/get_graph_data
[2026-09-01 05:19:53.033] [info] [[94mHttpSession.cpp[0m:[95m531[0m [96mhandleGetGraphData[0m] Handle Get Graph Data
[2026-09-01 05:19:53.050] [info] [[94mHttpSession.cpp[0m:[95m576[0m [96mhandleGetGraphData[0m] get_graph_data success
[2026-09-01 05:19:53.284] [info] [[94mControllerAndOtherEventHandler.cpp[0m:[95m239[0m [96moperator()[0m] Accepted new connection
[2026-09-01 05:19:53.284] [info] [[94mHttpSession.cpp[0m:[95m96[0m [96mhandleRequest[0m] Got request: GET /ndt/get_graph_data
[2026-09-01 05:19:53.284] [info] [[94mHttpSession.cpp[0m:[95m531[0m [96mhandleGetGraphData[0m] Handle Get Graph Data
[2026-09-01 05:19:53.296] [info] [[94mHttpSession.cpp[0m:[95m576[0m [96mhandleGetGraphData[0m] get_graph_data success
[2026-09-01 05:19:53.534] [info] [[94mControllerAndOtherEventHandler.cpp[0m:[95m239[0m [96moperator()[0m] Accepted new connection
[2026-09-01 05:19:53.534] [info] [[94mHttpSession.cpp[0m:[95m96[0m [96mhandleRequest[0m] Got request: GET /ndt/get_graph_data
[2026-09-01 05:19:53.534] [info] [[94mHttpSession.cpp[0m:[95m531[0m [96mhandleGetGraphData[0m] Handle Get Graph Data
[2026-09-01 05:19:53.552] [info] [[94mHttpSession.cpp[0m:[95m576[0m [96mhandleGetGraphData[0m] get_graph_data success
[2026-09-01 05:19:53.784] [info] [[94mControllerAndOtherEventHandler.cpp[0m:[95m239[0m [96moperator()[0m] Accepted new connection
[2026-09-01 05:19:53.784] [info] [[94mHttpSession.cpp[0m:[95m96[0m [96mhandleRequest[0m] Got request: GET /ndt/get_graph_data
[2026-09-01 05:19:53.784] [info] [[94mHttpSession.cpp[0m:[95m531[0m [96mhandleGetGraphData[0m] Handle Get Graph Data
[2026-09-01 05:19:53.803] [info] [[94mHttpSession.cpp[0m:[95m576[0m [96mhandleGetGraphData[0m] get_graph_data success
[2026-09-01 05:19:54.034] [info] [[94mControllerAndOtherEventHandler.cpp[0m:[95m239[0m [96moperator()[0m] Accepted new connection
[2026-09-01 05:19:54.034] [info] [[94mHttpSession.cpp[0m:[95m96[0m [96mhandleRequest[0m] Got request: GET /ndt/get_graph_data
[2026-09-01 05:19:54.034] [info] [[94mHttpSession.cpp[0m:[95m531[0m [96mhandleGetGraphData[0m] Handle Get Graph Data
[2026-09-01 05:19:54.052] [info] [[94mHttpSession.cpp[0m:[95m576[0m [96mhandleGetGraphData[0m] get_graph_data success
[2026-09-01 05:19:54.284] [info] [[94mControllerAndOtherEventHandler.cpp[0m:[95m239[0m [96moperator()[0m] Accepted new connection
[2026-09-01 05:19:54.284] [info] [[94mHttpSession.cpp[0m:[95m96[0m [96mhandleRequest[0m] Got request: GET /ndt/get_graph_data
[2026-09-01 05:19:54.284] [info] [[94mHttpSession.cpp[0m:[95m531[0m [96mhandleGetGraphData[0m] Handle Get Graph Data
[2026-09-01 05:19:54.296] [info] [[94mHttpSession.cpp[0m:[95m576[0m [96mhandleGetGraphData[0m] get_graph_data success
[2026-09-01 05:19:54.534] [info] [[94mControllerAndOtherEventHandler.cpp[0m:[95m239[0m [96moperator()[0m] Accepted new connection
[2026-09-01 05:19:54.534] [info] [[94mHttpSession.cpp[0m:[95m96[0m [96mhandleRequest[0m] Got request: GET /ndt/get_graph_data
[2026-09-01 05:19:54.534] [info] [[94mHttpSession.cpp[0m:[95m531[0m [96mhandleGetGraphData[0m] Handle Get Graph Data
[2026-09-01 05:19:54.553] [info] [[94mHttpSession.cpp[0m:[95m576[0m [96mhandleGetGraphData[0m] get_graph_data success
[2026-09-01 05:19:54.783] [info] [[94mControllerAndOtherEventHandler.cpp[0m:[95m239[0m [96moperator()[0m] Accepted new connection
[2026-09-01 05:19:54.783] [info] [[94mHttpSession.cpp[0m:[95m96[0m [96mhandleRequest[0m] Got request: GET /ndt/get_graph_data
[2026-09-01 05:19:54.784] [info] [[94mHttpSession.cpp[0m:[95m531[0m [96mhandleGetGraphData[0m] Handle Get Graph Data
[2026-09-01 05:19:54.802] [info] [[94mHttpSession.cpp[0m:[95m576[0m [96mhandleGetGraphData[0m] get_graph_data success
[2026-09-01 05:19:55.018] [info] [[94mFlowLinkUsageCollector.cpp[0m:[95m1807[0m [96mcalAvgFlowSendingRatesPeriodically[0m] rate loop period: last 30 iters mean 1000.6 ms | since start (149 iters) mean 1000.6 ms, min 1000.1, max 1002.3 (flows=1, counters=3) -- the LAST-N figure is the current denominator; the since-start one lags it
[2026-09-01 05:19:55.019] [info] [[94mFlowLinkUsageCollector.cpp[0m:[95m2016[0m [96mcalAvgFlowSendingRatesPeriodically[0m] rate divisor check: measured_interval_s=1.000566 divisor_used_s=1.000566 (ticket Q gate: these must agree to 1%; a negative divisor means no rate has been published yet, which is not a pass)
[2026-09-01 05:19:55.033] [info] [[94mControllerAndOtherEventHandler.cpp[0m:[95m239[0m [96moperator()[0m] Accepted new connection
[2026-09-01 05:19:55.034] [info] [[94mHttpSession.cpp[0m:[95m96[0m [96mhandleRequest[0m] Got request: GET /ndt/get_graph_data
[2026-09-01 05:19:55.034] [info] [[94mHttpSession.cpp[0m:[95m531[0m [96mhandleGetGraphData[0m] Handle Get Graph Data
[2026-09-01 05:19:55.048] [info] [[94mHttpSession.cpp[0m:[95m576[0m [96mhandleGetGraphData[0m] get_graph_data success
[2026-09-01 05:19:55.284] [info] [[94mControllerAndOtherEventHandler.cpp[0m:[95m239[0m [96moperator()[0m] Accepted new connection
[2026-09-01 05:19:55.284] [info] [[94mHttpSession.cpp[0m:[95m96[0m [96mhandleRequest[0m] Got request: GET /ndt/get_graph_data
[2026-09-01 05:19:55.284] [info] [[94mHttpSession.cpp[0m:[95m531[0m [96mhandleGetGraphData[0m] Handle Get Graph Data
[2026-09-01 05:19:55.303] [info] [[94mHttpSession.cpp[0m:[95m576[0m [96mhandleGetGraphData[0m] get_graph_data success
[2026-09-01 05:19:55.534] [info] [[94mControllerAndOtherEventHandler.cpp[0m:[95m239[0m [96moperator()[0m] Accepted new connection
[2026-09-01 05:19:55.535] [info] [[94mHttpSession.cpp[0m:[95m96[0m [96mhandleRequest[0m] Got request: GET /ndt/get_graph_data
[2026-09-01 05:19:55.535] [info] [[94mHttpSession.cpp[0m:[95m531[0m [96mhandleGetGraphData[0m] Handle Get Graph Data
[2026-09-01 05:19:55.546] [info] [[94mHttpSession.cpp[0m:[95m576[0m [96mhandleGetGraphData[0m] get_graph_data success
[2026-09-01 05:19:55.784] [info] [[94mControllerAndOtherEventHandler.cpp[0m:[95m239[0m [96moperator()[0m] Accepted new connection
[2026-09-01 05:19:55.785] [info] [[94mHttpSession.cpp[0m:[95m96[0m [96mhandleRequest[0m] Got request: GET /ndt/get_graph_data
[2026-09-01 05:19:55.785] [info] [[94mHttpSession.cpp[0m:[95m531[0m [96mhandleGetGraphData[0m] Handle Get Graph Data
[2026-09-01 05:19:55.803] [info] [[94mHttpSession.cpp[0m:[95m576[0m [96mhandleGetGraphData[0m] get_graph_data success
[2026-09-01 05:19:56.034] [info] [[94mControllerAndOtherEventHandler.cpp[0m:[95m239[0m [96moperator()[0m] Accepted new connection
[2026-09-01 05:19:56.034] [info] [[94mHttpSession.cpp[0m:[95m96[0m [96mhandleRequest[0m] Got request: GET /ndt/get_graph_data
[2026-09-01 05:19:56.034] [info] [[94mHttpSession.cpp[0m:[95m531[0m [96mhandleGetGraphData[0m] Handle Get Graph Data
[2026-09-01 05:19:56.053] [info] [[94mHttpSession.cpp[0m:[95m576[0m [96mhandleGetGraphData[0m] get_graph_data success
[2026-09-01 05:19:56.285] [info] [[94mControllerAndOtherEventHandler.cpp[0m:[95m239[0m [96moperator()[0m] Accepted new connection
[2026-09-01 05:19:56.285] [info] [[94mHttpSession.cpp[0m:[95m96[0m [96mhandleRequest[0m] Got request: GET /ndt/get_graph_data
[2026-09-01 05:19:56.285] [info] [[94mHttpSession.cpp[0m:[95m531[0m [96mhandleGetGraphData[0m] Handle Get Graph Data
[2026-09-01 05:19:56.303] [info] [[94mHttpSession.cpp[0m:[95m576[0m [96mhandleGetGraphData[0m] get_graph_data success
[2026-09-01 05:19:56.535] [info] [[94mControllerAndOtherEventHandler.cpp[0m:[95m239[0m [96moperator()[0m] Accepted new connection
[2026-09-01 05:19:56.535] [info] [[94mHttpSession.cpp[0m:[95m96[0m [96mhandleRequest[0m] Got request: GET /ndt/get_graph_data
[2026-09-01 05:19:56.535] [info] [[94mHttpSession.cpp[0m:[95m531[0m [96mhandleGetGraphData[0m] Handle Get Graph Data
[2026-09-01 05:19:56.553] [info] [[94mHttpSession.cpp[0m:[95m576[0m [96mhandleGetGraphData[0m] get_graph_data success
[2026-09-01 05:19:56.784] [info] [[94mControllerAndOtherEventHandler.cpp[0m:[95m239[0m [96moperator()[0m] Accepted new connection
[2026-09-01 05:19:56.784] [info] [[94mHttpSession.cpp[0m:[95m96[0m [96mhandleRequest[0m] Got request: GET /ndt/get_graph_data
[2026-09-01 05:19:56.784] [info] [[94mHttpSession.cpp[0m:[95m531[0m [96mhandleGetGraphData[0m] Handle Get Graph Data
[2026-09-01 05:19:56.796] [info] [[94mHttpSession.cpp[0m:[95m576[0m [96mhandleGetGraphData[0m] get_graph_data success
[2026-09-01 05:19:57.035] [info] [[94mControllerAndOtherEventHandler.cpp[0m:[95m239[0m [96moperator()[0m] Accepted new connection
[2026-09-01 05:19:57.035] [info] [[94mHttpSession.cpp[0m:[95m96[0m [96mhandleRequest[0m] Got request: GET /ndt/get_graph_data
[2026-09-01 05:19:57.035] [info] [[94mHttpSession.cpp[0m:[95m531[0m [96mhandleGetGraphData[0m] Handle Get Graph Data
[2026-09-01 05:19:57.053] [info] [[94mHttpSession.cpp[0m:[95m576[0m [96mhandleGetGraphData[0m] get_graph_data success
[2026-09-01 05:19:57.285] [info] [[94mControllerAndOtherEventHandler.cpp[0m:[95m239[0m [96moperator()[0m] Accepted new connection
[2026-09-01 05:19:57.285] [info] [[94mHttpSession.cpp[0m:[95m96[0m [96mhandleRequest[0m] Got request: GET /ndt/get_graph_data
[2026-09-01 05:19:57.285] [info] [[94mHttpSession.cpp[0m:[95m531[0m [96mhandleGetGraphData[0m] Handle Get Graph Data
[2026-09-01 05:19:57.303] [info] [[94mHttpSession.cpp[0m:[95m576[0m [96mhandleGetGraphData[0m] get_graph_data success
[2026-09-01 05:19:57.535] [info] [[94mControllerAndOtherEventHandler.cpp[0m:[95m239[0m [96moperator()[0m] Accepted new connection
[2026-09-01 05:19:57.535] [info] [[94mHttpSession.cpp[0m:[95m96[0m [96mhandleRequest[0m] Got request: GET /ndt/get_graph_data
[2026-09-01 05:19:57.535] [info] [[94mHttpSession.cpp[0m:[95m531[0m [96mhandleGetGraphData[0m] Handle Get Graph Data
[2026-09-01 05:19:57.554] [info] [[94mHttpSession.cpp[0m:[95m576[0m [96mhandleGetGraphData[0m] get_graph_data success
[2026-09-01 05:19:57.785] [info] [[94mControllerAndOtherEventHandler.cpp[0m:[95m239[0m [96moperator()[0m] Accepted new connection
[2026-09-01 05:19:57.785] [info] [[94mHttpSession.cpp[0m:[95m96[0m [96mhandleRequest[0m] Got request: GET /ndt/get_graph_data
[2026-09-01 05:19:57.785] [info] [[94mHttpSession.cpp[0m:[95m531[0m [96mhandleGetGraphData[0m] Handle Get Graph Data
[2026-09-01 05:19:57.799] [info] [[94mHttpSession.cpp[0m:[95m576[0m [96mhandleGetGraphData[0m] get_graph_data success
[2026-09-01 05:19:58.035] [info] [[94mControllerAndOtherEventHandler.cpp[0m:[95m239[0m [96moperator()[0m] Accepted new connection
[2026-09-01 05:19:58.035] [info] [[94mHttpSession.cpp[0m:[95m96[0m [96mhandleRequest[0m] Got request: GET /ndt/get_graph_data
[2026-09-01 05:19:58.036] [info] [[94mHttpSession.cpp[0m:[95m531[0m [96mhandleGetGraphData[0m] Handle Get Graph Data
[2026-09-01 05:19:58.048] [info] [[94mHttpSession.cpp[0m:[95m576[0m [96mhandleGetGraphData[0m] get_graph_data success
[2026-09-01 05:19:58.285] [info] [[94mControllerAndOtherEventHandler.cpp[0m:[95m239[0m [96moperator()[0m] Accepted new connection
[2026-09-01 05:19:58.285] [info] [[94mHttpSession.cpp[0m:[95m96[0m [96mhandleRequest[0m] Got request: GET /ndt/get_graph_data
[2026-09-01 05:19:58.285] [info] [[94mHttpSession.cpp[0m:[95m531[0m [96mhandleGetGraphData[0m] Handle Get Graph Data
[2026-09-01 05:19:58.301] [info] [[94mHttpSession.cpp[0m:[95m576[0m [96mhandleGetGraphData[0m] get_graph_data success
[2026-09-01 05:19:58.535] [info] [[94mControllerAndOtherEventHandler.cpp[0m:[95m239[0m [96moperator()[0m] Accepted new connection
[2026-09-01 05:19:58.536] [info] [[94mHttpSession.cpp[0m:[95m96[0m [96mhandleRequest[0m] Got request: GET /ndt/get_graph_data
[2026-09-01 05:19:58.536] [info] [[94mHttpSession.cpp[0m:[95m531[0m [96mhandleGetGraphData[0m] Handle Get Graph Data
[2026-09-01 05:19:58.548] [info] [[94mHttpSession.cpp[0m:[95m576[0m [96mhandleGetGraphData[0m] get_graph_data success
[2026-09-01 05:19:58.785] [info] [[94mControllerAndOtherEventHandler.cpp[0m:[95m239[0m [96moperator()[0m] Accepted new connection
[2026-09-01 05:19:58.785] [info] [[94mHttpSession.cpp[0m:[95m96[0m [96mhandleRequest[0m] Got request: GET /ndt/get_graph_data
[2026-09-01 05:19:58.785] [info] [[94mHttpSession.cpp[0m:[95m531[0m [96mhandleGetGraphData[0m] Handle Get Graph Data
[2026-09-01 05:19:58.803] [info] [[94mHttpSession.cpp[0m:[95m576[0m [96mhandleGetGraphData[0m] get_graph_data success
[2026-09-01 05:19:59.036] [info] [[94mControllerAndOtherEventHandler.cpp[0m:[95m239[0m [96moperator()[0m] Accepted new connection
[2026-09-01 05:19:59.036] [info] [[94mHttpSession.cpp[0m:[95m96[0m [96mhandleRequest[0m] Got request: GET /ndt/get_graph_data
[2026-09-01 05:19:59.036] [info] [[94mHttpSession.cpp[0m:[95m531[0m [96mhandleGetGraphData[0m] Handle Get Graph Data
[2026-09-01 05:19:59.054] [info] [[94mHttpSession.cpp[0m:[95m576[0m [96mhandleGetGraphData[0m] get_graph_data success
[2026-09-01 05:19:59.285] [info] [[94mControllerAndOtherEventHandler.cpp[0m:[95m239[0m [96moperator()[0m] Accepted new connection
[2026-09-01 05:19:59.285] [info] [[94mHttpSession.cpp[0m:[95m96[0m [96mhandleRequest[0m] Got request: GET /ndt/get_graph_data
[2026-09-01 05:19:59.285] [info] [[94mHttpSession.cpp[0m:[95m531[0m [96mhandleGetGraphData[0m] Handle Get Graph Data
[2026-09-01 05:19:59.301] [info] [[94mHttpSession.cpp[0m:[95m576[0m [96mhandleGetGraphData[0m] get_graph_data success
[2026-09-01 05:19:59.535] [info] [[94mControllerAndOtherEventHandler.cpp[0m:[95m239[0m [96moperator()[0m] Accepted new connection
[2026-09-01 05:19:59.535] [info] [[94mHttpSession.cpp[0m:[95m96[0m [96mhandleRequest[0m] Got request: GET /ndt/get_graph_data
[2026-09-01 05:19:59.535] [info] [[94mHttpSession.cpp[0m:[95m531[0m [96mhandleGetGraphData[0m] Handle Get Graph Data
[2026-09-01 05:19:59.554] [info] [[94mHttpSession.cpp[0m:[95m576[0m [96mhandleGetGraphData[0m] get_graph_data success
[2026-09-01 05:19:59.786] [info] [[94mControllerAndOtherEventHandler.cpp[0m:[95m239[0m [96moperator()[0m] Accepted new connection
[2026-09-01 05:19:59.786] [info] [[94mHttpSession.cpp[0m:[95m96[0m [96mhandleRequest[0m] Got request: GET /ndt/get_graph_data
[2026-09-01 05:19:59.786] [info] [[94mHttpSession.cpp[0m:[95m531[0m [96mhandleGetGraphData[0m] Handle Get Graph Data
[2026-09-01 05:19:59.799] [info] [[94mHttpSession.cpp[0m:[95m576[0m [96mhandleGetGraphData[0m] get_graph_data success
[2026-09-01 05:20:00.036] [info] [[94mControllerAndOtherEventHandler.cpp[0m:[95m239[0m [96moperator()[0m] Accepted new connection
[2026-09-01 05:20:00.036] [info] [[94mHttpSession.cpp[0m:[95m96[0m [96mhandleRequest[0m] Got request: GET /ndt/get_graph_data
[2026-09-01 05:20:00.036] [info] [[94mHttpSession.cpp[0m:[95m531[0m [96mhandleGetGraphData[0m] Handle Get Graph Data
[2026-09-01 05:20:00.055] [info] [[94mHttpSession.cpp[0m:[95m576[0m [96mhandleGetGraphData[0m] get_graph_data success
[2026-09-01 05:20:00.285] [info] [[94mControllerAndOtherEventHandler.cpp[0m:[95m239[0m [96moperator()[0m] Accepted new connection
[2026-09-01 05:20:00.286] [info] [[94mHttpSession.cpp[0m:[95m96[0m [96mhandleRequest[0m] Got request: GET /ndt/get_graph_data
[2026-09-01 05:20:00.286] [info] [[94mHttpSession.cpp[0m:[95m531[0m [96mhandleGetGraphData[0m] Handle Get Graph Data
[2026-09-01 05:20:00.298] [info] [[94mHttpSession.cpp[0m:[95m576[0m [96mhandleGetGraphData[0m] get_graph_data success
[2026-09-01 05:20:00.536] [info] [[94mControllerAndOtherEventHandler.cpp[0m:[95m239[0m [96moperator()[0m] Accepted new connection
[2026-09-01 05:20:00.536] [info] [[94mHttpSession.cpp[0m:[95m96[0m [96mhandleRequest[0m] Got request: GET /ndt/get_graph_data
[2026-09-01 05:20:00.536] [info] [[94mHttpSession.cpp[0m:[95m531[0m [96mhandleGetGraphData[0m] Handle Get Graph Data
[2026-09-01 05:20:00.547] [info] [[94mHttpSession.cpp[0m:[95m576[0m [96mhandleGetGraphData[0m] get_graph_data success
[2026-09-01 05:20:00.786] [info] [[94mControllerAndOtherEventHandler.cpp[0m:[95m239[0m [96moperator()[0m] Accepted new connection
[2026-09-01 05:20:00.786] [info] [[94mHttpSession.cpp[0m:[95m96[0m [96mhandleRequest[0m] Got request: GET /ndt/get_graph_data
[2026-09-01 05:20:00.786] [info] [[94mHttpSession.cpp[0m:[95m531[0m [96mhandleGetGraphData[0m] Handle Get Graph Data
[2026-09-01 05:20:00.802] [info] [[94mHttpSession.cpp[0m:[95m576[0m [96mhandleGetGraphData[0m] get_graph_data success
[2026-09-01 05:20:01.036] [info] [[94mControllerAndOtherEventHandler.cpp[0m:[95m239[0m [96moperator()[0m] Accepted new connection
[2026-09-01 05:20:01.036] [info] [[94mHttpSession.cpp[0m:[95m96[0m [96mhandleRequest[0m] Got request: GET /ndt/get_graph_data
[2026-09-01 05:20:01.037] [info] [[94mHttpSession.cpp[0m:[95m531[0m [96mhandleGetGraphData[0m] Handle Get Graph Data
[2026-09-01 05:20:01.055] [info] [[94mHttpSession.cpp[0m:[95m576[0m [96mhandleGetGraphData[0m] get_graph_data success
[2026-09-01 05:20:01.286] [info] [[94mControllerAndOtherEventHandler.cpp[0m:[95m239[0m [96moperator()[0m] Accepted new connection
[2026-09-01 05:20:01.287] [info] [[94mHttpSession.cpp[0m:[95m96[0m [96mhandleRequest[0m] Got request: GET /ndt/get_graph_data
[2026-09-01 05:20:01.287] [info] [[94mHttpSession.cpp[0m:[95m531[0m [96mhandleGetGraphData[0m] Handle Get Graph Data
[2026-09-01 05:20:01.305] [info] [[94mHttpSession.cpp[0m:[95m576[0m [96mhandleGetGraphData[0m] get_graph_data success
[2026-09-01 05:20:01.536] [info] [[94mControllerAndOtherEventHandler.cpp[0m:[95m239[0m [96moperator()[0m] Accepted new connection
[2026-09-01 05:20:01.537] [info] [[94mHttpSession.cpp[0m:[95m96[0m [96mhandleRequest[0m] Got request: GET /ndt/get_graph_data
[2026-09-01 05:20:01.537] [info] [[94mHttpSession.cpp[0m:[95m531[0m [96mhandleGetGraphData[0m] Handle Get Graph Data
[2026-09-01 05:20:01.555] [info] [[94mHttpSession.cpp[0m:[95m576[0m [96mhandleGetGraphData[0m] get_graph_data success
[2026-09-01 05:20:01.786] [info] [[94mControllerAndOtherEventHandler.cpp[0m:[95m239[0m [96moperator()[0m] Accepted new connection
[2026-09-01 05:20:01.786] [info] [[94mHttpSession.cpp[0m:[95m96[0m [96mhandleRequest[0m] Got request: GET /ndt/get_graph_data
[2026-09-01 05:20:01.786] [info] [[94mHttpSession.cpp[0m:[95m531[0m [96mhandleGetGraphData[0m] Handle Get Graph Data
[2026-09-01 05:20:01.803] [info] [[94mHttpSession.cpp[0m:[95m576[0m [96mhandleGetGraphData[0m] get_graph_data success
[2026-09-01 05:20:02.037] [info] [[94mControllerAndOtherEventHandler.cpp[0m:[95m239[0m [96moperator()[0m] Accepted new connection
[2026-09-01 05:20:02.037] [info] [[94mHttpSession.cpp[0m:[95m96[0m [96mhandleRequest[0m] Got request: GET /ndt/get_graph_data
[2026-09-01 05:20:02.037] [info] [[94mHttpSession.cpp[0m:[95m531[0m [96mhandleGetGraphData[0m] Handle Get Graph Data
[2026-09-01 05:20:02.053] [info] [[94mHttpSession.cpp[0m:[95m576[0m [96mhandleGetGraphData[0m] get_graph_data success
[2026-09-01 05:20:02.286] [info] [[94mControllerAndOtherEventHandler.cpp[0m:[95m239[0m [96moperator()[0m] Accepted new connection
[2026-09-01 05:20:02.286] [info] [[94mHttpSession.cpp[0m:[95m96[0m [96mhandleRequest[0m] Got request: GET /ndt/get_graph_data
[2026-09-01 05:20:02.286] [info] [[94mHttpSession.cpp[0m:[95m531[0m [96mhandleGetGraphData[0m] Handle Get Graph Data
[2026-09-01 05:20:02.300] [info] [[94mHttpSession.cpp[0m:[95m576[0m [96mhandleGetGraphData[0m] get_graph_data success
[2026-09-01 05:20:02.537] [info] [[94mControllerAndOtherEventHandler.cpp[0m:[95m239[0m [96moperator()[0m] Accepted new connection
[2026-09-01 05:20:02.537] [info] [[94mHttpSession.cpp[0m:[95m96[0m [96mhandleRequest[0m] Got request: GET /ndt/get_graph_data
[2026-09-01 05:20:02.537] [info] [[94mHttpSession.cpp[0m:[95m531[0m [96mhandleGetGraphData[0m] Handle Get Graph Data
[2026-09-01 05:20:02.556] [info] [[94mHttpSession.cpp[0m:[95m576[0m [96mhandleGetGraphData[0m] get_graph_data success
[2026-09-01 05:20:02.786] [info] [[94mControllerAndOtherEventHandler.cpp[0m:[95m239[0m [96moperator()[0m] Accepted new connection
[2026-09-01 05:20:02.786] [info] [[94mHttpSession.cpp[0m:[95m96[0m [96mhandleRequest[0m] Got request: GET /ndt/get_graph_data
[2026-09-01 05:20:02.786] [info] [[94mHttpSession.cpp[0m:[95m531[0m [96mhandleGetGraphData[0m] Handle Get Graph Data
[2026-09-01 05:20:02.804] [info] [[94mHttpSession.cpp[0m:[95m576[0m [96mhandleGetGraphData[0m] get_graph_data success
[2026-09-01 05:20:03.036] [info] [[94mControllerAndOtherEventHandler.cpp[0m:[95m239[0m [96moperator()[0m] Accepted new connection
[2026-09-01 05:20:03.037] [info] [[94mHttpSession.cpp[0m:[95m96[0m [96mhandleRequest[0m] Got request: GET /ndt/get_graph_data
[2026-09-01 05:20:03.037] [info] [[94mHttpSession.cpp[0m:[95m531[0m [96mhandleGetGraphData[0m] Handle Get Graph Data
[2026-09-01 05:20:03.054] [info] [[94mHttpSession.cpp[0m:[95m576[0m [96mhandleGetGraphData[0m] get_graph_data success
[2026-09-01 05:20:03.287] [info] [[94mControllerAndOtherEventHandler.cpp[0m:[95m239[0m [96moperator()[0m] Accepted new connection
[2026-09-01 05:20:03.287] [info] [[94mHttpSession.cpp[0m:[95m96[0m [96mhandleRequest[0m] Got request: GET /ndt/get_graph_data
[2026-09-01 05:20:03.287] [info] [[94mHttpSession.cpp[0m:[95m531[0m [96mhandleGetGraphData[0m] Handle Get Graph Data
[2026-09-01 05:20:03.305] [info] [[94mHttpSession.cpp[0m:[95m576[0m [96mhandleGetGraphData[0m] get_graph_data success
[2026-09-01 05:20:03.537] [info] [[94mControllerAndOtherEventHandler.cpp[0m:[95m239[0m [96moperator()[0m] Accepted new connection
[2026-09-01 05:20:03.537] [info] [[94mHttpSession.cpp[0m:[95m96[0m [96mhandleRequest[0m] Got request: GET /ndt/get_graph_data
[2026-09-01 05:20:03.537] [info] [[94mHttpSession.cpp[0m:[95m531[0m [96mhandleGetGraphData[0m] Handle Get Graph Data
[2026-09-01 05:20:03.555] [info] [[94mHttpSession.cpp[0m:[95m576[0m [96mhandleGetGraphData[0m] get_graph_data success
[2026-09-01 05:20:03.787] [info] [[94mControllerAndOtherEventHandler.cpp[0m:[95m239[0m [96moperator()[0m] Accepted new connection
[2026-09-01 05:20:03.787] [info] [[94mHttpSession.cpp[0m:[95m96[0m [96mhandleRequest[0m] Got request: GET /ndt/get_graph_data
[2026-09-01 05:20:03.787] [info] [[94mHttpSession.cpp[0m:[95m531[0m [96mhandleGetGraphData[0m] Handle Get Graph Data
[2026-09-01 05:20:03.806] [info] [[94mHttpSession.cpp[0m:[95m576[0m [96mhandleGetGraphData[0m] get_graph_data success
[2026-09-01 05:20:04.037] [info] [[94mControllerAndOtherEventHandler.cpp[0m:[95m239[0m [96moperator()[0m] Accepted new connection
[2026-09-01 05:20:04.038] [info] [[94mHttpSession.cpp[0m:[95m96[0m [96mhandleRequest[0m] Got request: GET /ndt/get_graph_data
[2026-09-01 05:20:04.038] [info] [[94mHttpSession.cpp[0m:[95m531[0m [96mhandleGetGraphData[0m] Handle Get Graph Data
[2026-09-01 05:20:04.056] [info] [[94mHttpSession.cpp[0m:[95m576[0m [96mhandleGetGraphData[0m] get_graph_data success
[2026-09-01 05:20:04.287] [info] [[94mControllerAndOtherEventHandler.cpp[0m:[95m239[0m [96moperator()[0m] Accepted new connection
[2026-09-01 05:20:04.288] [info] [[94mHttpSession.cpp[0m:[95m96[0m [96mhandleRequest[0m] Got request: GET /ndt/get_graph_data
[2026-09-01 05:20:04.288] [info] [[94mHttpSession.cpp[0m:[95m531[0m [96mhandleGetGraphData[0m] Handle Get Graph Data
[2026-09-01 05:20:04.306] [info] [[94mHttpSession.cpp[0m:[95m576[0m [96mhandleGetGraphData[0m] get_graph_data success
[2026-09-01 05:20:04.537] [info] [[94mControllerAndOtherEventHandler.cpp[0m:[95m239[0m [96moperator()[0m] Accepted new connection
[2026-09-01 05:20:04.538] [info] [[94mHttpSession.cpp[0m:[95m96[0m [96mhandleRequest[0m] Got request: GET /ndt/get_graph_data
[2026-09-01 05:20:04.538] [info] [[94mHttpSession.cpp[0m:[95m531[0m [96mhandleGetGraphData[0m] Handle Get Graph Data
[2026-09-01 05:20:04.550] [info] [[94mHttpSession.cpp[0m:[95m576[0m [96mhandleGetGraphData[0m] get_graph_data success
[2026-09-01 05:20:04.787] [info] [[94mControllerAndOtherEventHandler.cpp[0m:[95m239[0m [96moperator()[0m] Accepted new connection
[2026-09-01 05:20:04.787] [info] [[94mHttpSession.cpp[0m:[95m96[0m [96mhandleRequest[0m] Got request: GET /ndt/get_graph_data
[2026-09-01 05:20:04.787] [info] [[94mHttpSession.cpp[0m:[95m531[0m [96mhandleGetGraphData[0m] Handle Get Graph Data
[2026-09-01 05:20:04.806] [info] [[94mHttpSession.cpp[0m:[95m576[0m [96mhandleGetGraphData[0m] get_graph_data success
[2026-09-01 05:20:05.038] [info] [[94mControllerAndOtherEventHandler.cpp[0m:[95m239[0m [96moperator()[0m] Accepted new connection
[2026-09-01 05:20:05.038] [info] [[94mHttpSession.cpp[0m:[95m96[0m [96mhandleRequest[0m] Got request: GET /ndt/get_graph_data
[2026-09-01 05:20:05.038] [info] [[94mHttpSession.cpp[0m:[95m531[0m [96mhandleGetGraphData[0m] Handle Get Graph Data
[2026-09-01 05:20:05.050] [info] [[94mHttpSession.cpp[0m:[95m576[0m [96mhandleGetGraphData[0m] get_graph_data success
[2026-09-01 05:20:05.287] [info] [[94mControllerAndOtherEventHandler.cpp[0m:[95m239[0m [96moperator()[0m] Accepted new connection
[2026-09-01 05:20:05.287] [info] [[94mHttpSession.cpp[0m:[95m96[0m [96mhandleRequest[0m] Got request: GET /ndt/get_graph_data
[2026-09-01 05:20:05.287] [info] [[94mHttpSession.cpp[0m:[95m531[0m [96mhandleGetGraphData[0m] Handle Get Graph Data
[2026-09-01 05:20:05.300] [info] [[94mHttpSession.cpp[0m:[95m576[0m [96mhandleGetGraphData[0m] get_graph_data success
[2026-09-01 05:20:05.538] [info] [[94mControllerAndOtherEventHandler.cpp[0m:[95m239[0m [96moperator()[0m] Accepted new connection
[2026-09-01 05:20:05.538] [info] [[94mHttpSession.cpp[0m:[95m96[0m [96mhandleRequest[0m] Got request: GET /ndt/get_graph_data
[2026-09-01 05:20:05.538] [info] [[94mHttpSession.cpp[0m:[95m531[0m [96mhandleGetGraphData[0m] Handle Get Graph Data
[2026-09-01 05:20:05.552] [info] [[94mHttpSession.cpp[0m:[95m576[0m [96mhandleGetGraphData[0m] get_graph_data success
[2026-09-01 05:20:05.787] [info] [[94mControllerAndOtherEventHandler.cpp[0m:[95m239[0m [96moperator()[0m] Accepted new connection
[2026-09-01 05:20:05.787] [info] [[94mHttpSession.cpp[0m:[95m96[0m [96mhandleRequest[0m] Got request: GET /ndt/get_graph_data
[2026-09-01 05:20:05.787] [info] [[94mHttpSession.cpp[0m:[95m531[0m [96mhandleGetGraphData[0m] Handle Get Graph Data
[2026-09-01 05:20:05.802] [info] [[94mHttpSession.cpp[0m:[95m576[0m [96mhandleGetGraphData[0m] get_graph_data success
[2026-09-01 05:20:06.037] [info] [[94mControllerAndOtherEventHandler.cpp[0m:[95m239[0m [96moperator()[0m] Accepted new connection
[2026-09-01 05:20:06.037] [info] [[94mHttpSession.cpp[0m:[95m96[0m [96mhandleRequest[0m] Got request: GET /ndt/get_graph_data
[2026-09-01 05:20:06.037] [info] [[94mHttpSession.cpp[0m:[95m531[0m [96mhandleGetGraphData[0m] Handle Get Graph Data
[2026-09-01 05:20:06.052] [info] [[94mHttpSession.cpp[0m:[95m576[0m [96mhandleGetGraphData[0m] get_graph_data success
[2026-09-01 05:20:06.287] [info] [[94mControllerAndOtherEventHandler.cpp[0m:[95m239[0m [96moperator()[0m] Accepted new connection
[2026-09-01 05:20:06.288] [info] [[94mHttpSession.cpp[0m:[95m96[0m [96mhandleRequest[0m] Got request: GET /ndt/get_graph_data
[2026-09-01 05:20:06.288] [info] [[94mHttpSession.cpp[0m:[95m531[0m [96mhandleGetGraphData[0m] Handle Get Graph Data
[2026-09-01 05:20:06.304] [info] [[94mHttpSession.cpp[0m:[95m576[0m [96mhandleGetGraphData[0m] get_graph_data success
[2026-09-01 05:20:06.538] [info] [[94mControllerAndOtherEventHandler.cpp[0m:[95m239[0m [96moperator()[0m] Accepted new connection
[2026-09-01 05:20:06.538] [info] [[94mHttpSession.cpp[0m:[95m96[0m [96mhandleRequest[0m] Got request: GET /ndt/get_graph_data
[2026-09-01 05:20:06.538] [info] [[94mHttpSession.cpp[0m:[95m531[0m [96mhandleGetGraphData[0m] Handle Get Graph Data
[2026-09-01 05:20:06.550] [info] [[94mHttpSession.cpp[0m:[95m576[0m [96mhandleGetGraphData[0m] get_graph_data success
[2026-09-01 05:20:06.788] [info] [[94mControllerAndOtherEventHandler.cpp[0m:[95m239[0m [96moperator()[0m] Accepted new connection
[2026-09-01 05:20:06.788] [info] [[94mHttpSession.cpp[0m:[95m96[0m [96mhandleRequest[0m] Got request: GET /ndt/get_graph_data
[2026-09-01 05:20:06.788] [info] [[94mHttpSession.cpp[0m:[95m531[0m [96mhandleGetGraphData[0m] Handle Get Graph Data
[2026-09-01 05:20:06.801] [info] [[94mHttpSession.cpp[0m:[95m576[0m [96mhandleGetGraphData[0m] get_graph_data success
[2026-09-01 05:20:07.038] [info] [[94mControllerAndOtherEventHandler.cpp[0m:[95m239[0m [96moperator()[0m] Accepted new connection
[2026-09-01 05:20:07.038] [info] [[94mHttpSession.cpp[0m:[95m96[0m [96mhandleRequest[0m] Got request: GET /ndt/get_graph_data
[2026-09-01 05:20:07.039] [info] [[94mHttpSession.cpp[0m:[95m531[0m [96mhandleGetGraphData[0m] Handle Get Graph Data
[2026-09-01 05:20:07.054] [info] [[94mHttpSession.cpp[0m:[95m576[0m [96mhandleGetGraphData[0m] get_graph_data success
[2026-09-01 05:20:07.288] [info] [[94mControllerAndOtherEventHandler.cpp[0m:[95m239[0m [96moperator()[0m] Accepted new connection
[2026-09-01 05:20:07.289] [info] [[94mHttpSession.cpp[0m:[95m96[0m [96mhandleRequest[0m] Got request: GET /ndt/get_graph_data
[2026-09-01 05:20:07.289] [info] [[94mHttpSession.cpp[0m:[95m531[0m [96mhandleGetGraphData[0m] Handle Get Graph Data
[2026-09-01 05:20:07.307] [info] [[94mHttpSession.cpp[0m:[95m576[0m [96mhandleGetGraphData[0m] get_graph_data success
[2026-09-01 05:20:07.538] [info] [[94mControllerAndOtherEventHandler.cpp[0m:[95m239[0m [96moperator()[0m] Accepted new connection
[2026-09-01 05:20:07.539] [info] [[94mHttpSession.cpp[0m:[95m96[0m [96mhandleRequest[0m] Got request: GET /ndt/get_graph_data
[2026-09-01 05:20:07.539] [info] [[94mHttpSession.cpp[0m:[95m531[0m [96mhandleGetGraphData[0m] Handle Get Graph Data
[2026-09-01 05:20:07.557] [info] [[94mHttpSession.cpp[0m:[95m576[0m [96mhandleGetGraphData[0m] get_graph_data success
[2026-09-01 05:20:07.789] [info] [[94mControllerAndOtherEventHandler.cpp[0m:[95m239[0m [96moperator()[0m] Accepted new connection
[2026-09-01 05:20:07.789] [info] [[94mHttpSession.cpp[0m:[95m96[0m [96mhandleRequest[0m] Got request: GET /ndt/get_graph_data
[2026-09-01 05:20:07.789] [info] [[94mHttpSession.cpp[0m:[95m531[0m [96mhandleGetGraphData[0m] Handle Get Graph Data
[2026-09-01 05:20:07.808] [info] [[94mHttpSession.cpp[0m:[95m576[0m [96mhandleGetGraphData[0m] get_graph_data success
[2026-09-01 05:20:08.039] [info] [[94mControllerAndOtherEventHandler.cpp[0m:[95m239[0m [96moperator()[0m] Accepted new connection
[2026-09-01 05:20:08.039] [info] [[94mHttpSession.cpp[0m:[95m96[0m [96mhandleRequest[0m] Got request: GET /ndt/get_graph_data
[2026-09-01 05:20:08.039] [info] [[94mHttpSession.cpp[0m:[95m531[0m [96mhandleGetGraphData[0m] Handle Get Graph Data
[2026-09-01 05:20:08.058] [info] [[94mHttpSession.cpp[0m:[95m576[0m [96mhandleGetGraphData[0m] get_graph_data success
[2026-09-01 05:20:08.289] [info] [[94mControllerAndOtherEventHandler.cpp[0m:[95m239[0m [96moperator()[0m] Accepted new connection
[2026-09-01 05:20:08.289] [info] [[94mHttpSession.cpp[0m:[95m96[0m [96mhandleRequest[0m] Got request: GET /ndt/get_graph_data
[2026-09-01 05:20:08.289] [info] [[94mHttpSession.cpp[0m:[95m531[0m [96mhandleGetGraphData[0m] Handle Get Graph Data
[2026-09-01 05:20:08.302] [info] [[94mHttpSession.cpp[0m:[95m576[0m [96mhandleGetGraphData[0m] get_graph_data success
[2026-09-01 05:20:08.539] [info] [[94mControllerAndOtherEventHandler.cpp[0m:[95m239[0m [96moperator()[0m] Accepted new connection
[2026-09-01 05:20:08.539] [info] [[94mHttpSession.cpp[0m:[95m96[0m [96mhandleRequest[0m] Got request: GET /ndt/get_graph_data
[2026-09-01 05:20:08.539] [info] [[94mHttpSession.cpp[0m:[95m531[0m [96mhandleGetGraphData[0m] Handle Get Graph Data
[2026-09-01 05:20:08.550] [info] [[94mHttpSession.cpp[0m:[95m576[0m [96mhandleGetGraphData[0m] get_graph_data success
[2026-09-01 05:20:08.789] [info] [[94mControllerAndOtherEventHandler.cpp[0m:[95m239[0m [96moperator()[0m] Accepted new connection
[2026-09-01 05:20:08.789] [info] [[94mHttpSession.cpp[0m:[95m96[0m [96mhandleRequest[0m] Got request: GET /ndt/get_graph_data
[2026-09-01 05:20:08.789] [info] [[94mHttpSession.cpp[0m:[95m531[0m [96mhandleGetGraphData[0m] Handle Get Graph Data
[2026-09-01 05:20:08.808] [info] [[94mHttpSession.cpp[0m:[95m576[0m [96mhandleGetGraphData[0m] get_graph_data success
[2026-09-01 05:20:09.039] [info] [[94mControllerAndOtherEventHandler.cpp[0m:[95m239[0m [96moperator()[0m] Accepted new connection
[2026-09-01 05:20:09.039] [info] [[94mHttpSession.cpp[0m:[95m96[0m [96mhandleRequest[0m] Got request: GET /ndt/get_graph_data
[2026-09-01 05:20:09.039] [info] [[94mHttpSession.cpp[0m:[95m531[0m [96mhandleGetGraphData[0m] Handle Get Graph Data
[2026-09-01 05:20:09.056] [info] [[94mHttpSession.cpp[0m:[95m576[0m [96mhandleGetGraphData[0m] get_graph_data success
[2026-09-01 05:20:09.289] [info] [[94mControllerAndOtherEventHandler.cpp[0m:[95m239[0m [96moperator()[0m] Accepted new connection
[2026-09-01 05:20:09.289] [info] [[94mHttpSession.cpp[0m:[95m96[0m [96mhandleRequest[0m] Got request: GET /ndt/get_graph_data
[2026-09-01 05:20:09.289] [info] [[94mHttpSession.cpp[0m:[95m531[0m [96mhandleGetGraphData[0m] Handle Get Graph Data
[2026-09-01 05:20:09.305] [info] [[94mHttpSession.cpp[0m:[95m576[0m [96mhandleGetGraphData[0m] get_graph_data success
[2026-09-01 05:20:09.539] [info] [[94mControllerAndOtherEventHandler.cpp[0m:[95m239[0m [96moperator()[0m] Accepted new connection
[2026-09-01 05:20:09.539] [info] [[94mHttpSession.cpp[0m:[95m96[0m [96mhandleRequest[0m] Got request: GET /ndt/get_graph_data
[2026-09-01 05:20:09.539] [info] [[94mHttpSession.cpp[0m:[95m531[0m [96mhandleGetGraphData[0m] Handle Get Graph Data
[2026-09-01 05:20:09.558] [info] [[94mHttpSession.cpp[0m:[95m576[0m [96mhandleGetGraphData[0m] get_graph_data success
[2026-09-01 05:20:09.789] [info] [[94mControllerAndOtherEventHandler.cpp[0m:[95m239[0m [96moperator()[0m] Accepted new connection
[2026-09-01 05:20:09.789] [info] [[94mHttpSession.cpp[0m:[95m96[0m [96mhandleRequest[0m] Got request: GET /ndt/get_graph_data
[2026-09-01 05:20:09.789] [info] [[94mHttpSession.cpp[0m:[95m531[0m [96mhandleGetGraphData[0m] Handle Get Graph Data
[2026-09-01 05:20:09.802] [info] [[94mHttpSession.cpp[0m:[95m576[0m [96mhandleGetGraphData[0m] get_graph_data success
[2026-09-01 05:20:10.039] [info] [[94mControllerAndOtherEventHandler.cpp[0m:[95m239[0m [96moperator()[0m] Accepted new connection
[2026-09-01 05:20:10.039] [info] [[94mHttpSession.cpp[0m:[95m96[0m [96mhandleRequest[0m] Got request: GET /ndt/get_graph_data
[2026-09-01 05:20:10.040] [info] [[94mHttpSession.cpp[0m:[95m531[0m [96mhandleGetGraphData[0m] Handle Get Graph Data
[2026-09-01 05:20:10.058] [info] [[94mHttpSession.cpp[0m:[95m576[0m [96mhandleGetGraphData[0m] get_graph_data success
[2026-09-01 05:20:10.289] [info] [[94mControllerAndOtherEventHandler.cpp[0m:[95m239[0m [96moperator()[0m] Accepted new connection
[2026-09-01 05:20:10.290] [info] [[94mHttpSession.cpp[0m:[95m96[0m [96mhandleRequest[0m] Got request: GET /ndt/get_graph_data
[2026-09-01 05:20:10.290] [info] [[94mHttpSession.cpp[0m:[95m531[0m [96mhandleGetGraphData[0m] Handle Get Graph Data
[2026-09-01 05:20:10.307] [info] [[94mHttpSession.cpp[0m:[95m576[0m [96mhandleGetGraphData[0m] get_graph_data success
[2026-09-01 05:20:10.539] [info] [[94mControllerAndOtherEventHandler.cpp[0m:[95m239[0m [96moperator()[0m] Accepted new connection
[2026-09-01 05:20:10.539] [info] [[94mHttpSession.cpp[0m:[95m96[0m [96mhandleRequest[0m] Got request: GET /ndt/get_graph_data
[2026-09-01 05:20:10.539] [info] [[94mHttpSession.cpp[0m:[95m531[0m [96mhandleGetGraphData[0m] Handle Get Graph Data
[2026-09-01 05:20:10.551] [info] [[94mHttpSession.cpp[0m:[95m576[0m [96mhandleGetGraphData[0m] get_graph_data success
[2026-09-01 05:20:10.790] [info] [[94mControllerAndOtherEventHandler.cpp[0m:[95m239[0m [96moperator()[0m] Accepted new connection
[2026-09-01 05:20:10.790] [info] [[94mHttpSession.cpp[0m:[95m96[0m [96mhandleRequest[0m] Got request: GET /ndt/get_graph_data
[2026-09-01 05:20:10.790] [info] [[94mHttpSession.cpp[0m:[95m531[0m [96mhandleGetGraphData[0m] Handle Get Graph Data
[2026-09-01 05:20:10.803] [info] [[94mHttpSession.cpp[0m:[95m576[0m [96mhandleGetGraphData[0m] get_graph_data success
[2026-09-01 05:20:11.040] [info] [[94mControllerAndOtherEventHandler.cpp[0m:[95m239[0m [96moperator()[0m] Accepted new connection
[2026-09-01 05:20:11.040] [info] [[94mHttpSession.cpp[0m:[95m96[0m [96mhandleRequest[0m] Got request: GET /ndt/get_graph_data
[2026-09-01 05:20:11.040] [info] [[94mHttpSession.cpp[0m:[95m531[0m [96mhandleGetGraphData[0m] Handle Get Graph Data
[2026-09-01 05:20:11.059] [info] [[94mHttpSession.cpp[0m:[95m576[0m [96mhandleGetGraphData[0m] get_graph_data success
[2026-09-01 05:20:11.289] [info] [[94mControllerAndOtherEventHandler.cpp[0m:[95m239[0m [96moperator()[0m] Accepted new connection
[2026-09-01 05:20:11.289] [info] [[94mHttpSession.cpp[0m:[95m96[0m [96mhandleRequest[0m] Got request: GET /ndt/get_graph_data
[2026-09-01 05:20:11.289] [info] [[94mHttpSession.cpp[0m:[95m531[0m [96mhandleGetGraphData[0m] Handle Get Graph Data
[2026-09-01 05:20:11.307] [info] [[94mHttpSession.cpp[0m:[95m576[0m [96mhandleGetGraphData[0m] get_graph_data success
[2026-09-01 05:20:11.540] [info] [[94mControllerAndOtherEventHandler.cpp[0m:[95m239[0m [96moperator()[0m] Accepted new connection
[2026-09-01 05:20:11.540] [info] [[94mHttpSession.cpp[0m:[95m96[0m [96mhandleRequest[0m] Got request: GET /ndt/get_graph_data
[2026-09-01 05:20:11.540] [info] [[94mHttpSession.cpp[0m:[95m531[0m [96mhandleGetGraphData[0m] Handle Get Graph Data
[2026-09-01 05:20:11.557] [info] [[94mHttpSession.cpp[0m:[95m576[0m [96mhandleGetGraphData[0m] get_graph_data success
[2026-09-01 05:20:11.790] [info] [[94mControllerAndOtherEventHandler.cpp[0m:[95m239[0m [96moperator()[0m] Accepted new connection
[2026-09-01 05:20:11.790] [info] [[94mHttpSession.cpp[0m:[95m96[0m [96mhandleRequest[0m] Got request: GET /ndt/get_graph_data
[2026-09-01 05:20:11.790] [info] [[94mHttpSession.cpp[0m:[95m531[0m [96mhandleGetGraphData[0m] Handle Get Graph Data
[2026-09-01 05:20:11.808] [info] [[94mHttpSession.cpp[0m:[95m576[0m [96mhandleGetGraphData[0m] get_graph_data success
[2026-09-01 05:20:12.040] [info] [[94mControllerAndOtherEventHandler.cpp[0m:[95m239[0m [96moperator()[0m] Accepted new connection
[2026-09-01 05:20:12.040] [info] [[94mHttpSession.cpp[0m:[95m96[0m [96mhandleRequest[0m] Got request: GET /ndt/get_graph_data
[2026-09-01 05:20:12.040] [info] [[94mHttpSession.cpp[0m:[95m531[0m [96mhandleGetGraphData[0m] Handle Get Graph Data
[2026-09-01 05:20:12.058] [info] [[94mHttpSession.cpp[0m:[95m576[0m [96mhandleGetGraphData[0m] get_graph_data success
[2026-09-01 05:20:12.289] [info] [[94mControllerAndOtherEventHandler.cpp[0m:[95m239[0m [96moperator()[0m] Accepted new connection
[2026-09-01 05:20:12.290] [info] [[94mHttpSession.cpp[0m:[95m96[0m [96mhandleRequest[0m] Got request: GET /ndt/get_graph_data
[2026-09-01 05:20:12.290] [info] [[94mHttpSession.cpp[0m:[95m531[0m [96mhandleGetGraphData[0m] Handle Get Graph Data
[2026-09-01 05:20:12.308] [info] [[94mHttpSession.cpp[0m:[95m576[0m [96mhandleGetGraphData[0m] get_graph_data success
[2026-09-01 05:20:12.540] [info] [[94mControllerAndOtherEventHandler.cpp[0m:[95m239[0m [96moperator()[0m] Accepted new connection
[2026-09-01 05:20:12.540] [info] [[94mHttpSession.cpp[0m:[95m96[0m [96mhandleRequest[0m] Got request: GET /ndt/get_graph_data
[2026-09-01 05:20:12.540] [info] [[94mHttpSession.cpp[0m:[95m531[0m [96mhandleGetGraphData[0m] Handle Get Graph Data
[2026-09-01 05:20:12.557] [info] [[94mHttpSession.cpp[0m:[95m576[0m [96mhandleGetGraphData[0m] get_graph_data success
[2026-09-01 05:20:12.790] [info] [[94mControllerAndOtherEventHandler.cpp[0m:[95m239[0m [96moperator()[0m] Accepted new connection
[2026-09-01 05:20:12.790] [info] [[94mHttpSession.cpp[0m:[95m96[0m [96mhandleRequest[0m] Got request: GET /ndt/get_graph_data
[2026-09-01 05:20:12.790] [info] [[94mHttpSession.cpp[0m:[95m531[0m [96mhandleGetGraphData[0m] Handle Get Graph Data
[2026-09-01 05:20:12.808] [info] [[94mHttpSession.cpp[0m:[95m576[0m [96mhandleGetGraphData[0m] get_graph_data success
[2026-09-01 05:20:13.040] [info] [[94mControllerAndOtherEventHandler.cpp[0m:[95m239[0m [96moperator()[0m] Accepted new connection
[2026-09-01 05:20:13.040] [info] [[94mHttpSession.cpp[0m:[95m96[0m [96mhandleRequest[0m] Got request: GET /ndt/get_graph_data
[2026-09-01 05:20:13.040] [info] [[94mHttpSession.cpp[0m:[95m531[0m [96mhandleGetGraphData[0m] Handle Get Graph Data
[2026-09-01 05:20:13.055] [info] [[94mHttpSession.cpp[0m:[95m576[0m [96mhandleGetGraphData[0m] get_graph_data success
[2026-09-01 05:20:13.290] [info] [[94mControllerAndOtherEventHandler.cpp[0m:[95m239[0m [96moperator()[0m] Accepted new connection
[2026-09-01 05:20:13.290] [info] [[94mHttpSession.cpp[0m:[95m96[0m [96mhandleRequest[0m] Got request: GET /ndt/get_graph_data
[2026-09-01 05:20:13.290] [info] [[94mHttpSession.cpp[0m:[95m531[0m [96mhandleGetGraphData[0m] Handle Get Graph Data
[2026-09-01 05:20:13.309] [info] [[94mHttpSession.cpp[0m:[95m576[0m [96mhandleGetGraphData[0m] get_graph_data success
[2026-09-01 05:20:13.540] [info] [[94mControllerAndOtherEventHandler.cpp[0m:[95m239[0m [96moperator()[0m] Accepted new connection
[2026-09-01 05:20:13.540] [info] [[94mHttpSession.cpp[0m:[95m96[0m [96mhandleRequest[0m] Got request: GET /ndt/get_graph_data
[2026-09-01 05:20:13.540] [info] [[94mHttpSession.cpp[0m:[95m531[0m [96mhandleGetGraphData[0m] Handle Get Graph Data
[2026-09-01 05:20:13.557] [info] [[94mHttpSession.cpp[0m:[95m576[0m [96mhandleGetGraphData[0m] get_graph_data success
[2026-09-01 05:20:13.791] [info] [[94mControllerAndOtherEventHandler.cpp[0m:[95m239[0m [96moperator()[0m] Accepted new connection
[2026-09-01 05:20:13.791] [info] [[94mHttpSession.cpp[0m:[95m96[0m [96mhandleRequest[0m] Got request: GET /ndt/get_graph_data
[2026-09-01 05:20:13.791] [info] [[94mHttpSession.cpp[0m:[95m531[0m [96mhandleGetGraphData[0m] Handle Get Graph Data
[2026-09-01 05:20:13.808] [info] [[94mHttpSession.cpp[0m:[95m576[0m [96mhandleGetGraphData[0m] get_graph_data success
[2026-09-01 05:20:14.041] [info] [[94mControllerAndOtherEventHandler.cpp[0m:[95m239[0m [96moperator()[0m] Accepted new connection
[2026-09-01 05:20:14.041] [info] [[94mHttpSession.cpp[0m:[95m96[0m [96mhandleRequest[0m] Got request: GET /ndt/get_graph_data
[2026-09-01 05:20:14.041] [info] [[94mHttpSession.cpp[0m:[95m531[0m [96mhandleGetGraphData[0m] Handle Get Graph Data
[2026-09-01 05:20:14.059] [info] [[94mHttpSession.cpp[0m:[95m576[0m [96mhandleGetGraphData[0m] get_graph_data success
[2026-09-01 05:20:14.291] [info] [[94mControllerAndOtherEventHandler.cpp[0m:[95m239[0m [96moperator()[0m] Accepted new connection
[2026-09-01 05:20:14.291] [info] [[94mHttpSession.cpp[0m:[95m96[0m [96mhandleRequest[0m] Got request: GET /ndt/get_graph_data
[2026-09-01 05:20:14.291] [info] [[94mHttpSession.cpp[0m:[95m531[0m [96mhandleGetGraphData[0m] Handle Get Graph Data
[2026-09-01 05:20:14.310] [info] [[94mHttpSession.cpp[0m:[95m576[0m [96mhandleGetGraphData[0m] get_graph_data success
[2026-09-01 05:20:14.540] [info] [[94mControllerAndOtherEventHandler.cpp[0m:[95m239[0m [96moperator()[0m] Accepted new connection
[2026-09-01 05:20:14.541] [info] [[94mHttpSession.cpp[0m:[95m96[0m [96mhandleRequest[0m] Got request: GET /ndt/get_graph_data
[2026-09-01 05:20:14.541] [info] [[94mHttpSession.cpp[0m:[95m531[0m [96mhandleGetGraphData[0m] Handle Get Graph Data
[2026-09-01 05:20:14.559] [info] [[94mHttpSession.cpp[0m:[95m576[0m [96mhandleGetGraphData[0m] get_graph_data success
[2026-09-01 05:20:14.791] [info] [[94mControllerAndOtherEventHandler.cpp[0m:[95m239[0m [96moperator()[0m] Accepted new connection
[2026-09-01 05:20:14.791] [info] [[94mHttpSession.cpp[0m:[95m96[0m [96mhandleRequest[0m] Got request: GET /ndt/get_graph_data
[2026-09-01 05:20:14.791] [info] [[94mHttpSession.cpp[0m:[95m531[0m [96mhandleGetGraphData[0m] Handle Get Graph Data
[2026-09-01 05:20:14.809] [info] [[94mHttpSession.cpp[0m:[95m576[0m [96mhandleGetGraphData[0m] get_graph_data success
[2026-09-01 05:20:15.041] [info] [[94mControllerAndOtherEventHandler.cpp[0m:[95m239[0m [96moperator()[0m] Accepted new connection
[2026-09-01 05:20:15.041] [info] [[94mHttpSession.cpp[0m:[95m96[0m [96mhandleRequest[0m] Got request: GET /ndt/get_graph_data
[2026-09-01 05:20:15.041] [info] [[94mHttpSession.cpp[0m:[95m531[0m [96mhandleGetGraphData[0m] Handle Get Graph Data
[2026-09-01 05:20:15.060] [info] [[94mHttpSession.cpp[0m:[95m576[0m [96mhandleGetGraphData[0m] get_graph_data success
[2026-09-01 05:20:15.291] [info] [[94mControllerAndOtherEventHandler.cpp[0m:[95m239[0m [96moperator()[0m] Accepted new connection
[2026-09-01 05:20:15.291] [info] [[94mHttpSession.cpp[0m:[95m96[0m [96mhandleRequest[0m] Got request: GET /ndt/get_graph_data
[2026-09-01 05:20:15.292] [info] [[94mHttpSession.cpp[0m:[95m531[0m [96mhandleGetGraphData[0m] Handle Get Graph Data
[2026-09-01 05:20:15.310] [info] [[94mHttpSession.cpp[0m:[95m576[0m [96mhandleGetGraphData[0m] get_graph_data success
[2026-09-01 05:20:15.541] [info] [[94mControllerAndOtherEventHandler.cpp[0m:[95m239[0m [96moperator()[0m] Accepted new connection
[2026-09-01 05:20:15.542] [info] [[94mHttpSession.cpp[0m:[95m96[0m [96mhandleRequest[0m] Got request: GET /ndt/get_graph_data
[2026-09-01 05:20:15.542] [info] [[94mHttpSession.cpp[0m:[95m531[0m [96mhandleGetGraphData[0m] Handle Get Graph Data
[2026-09-01 05:20:15.560] [info] [[94mHttpSession.cpp[0m:[95m576[0m [96mhandleGetGraphData[0m] get_graph_data success
[2026-09-01 05:20:15.791] [info] [[94mControllerAndOtherEventHandler.cpp[0m:[95m239[0m [96moperator()[0m] Accepted new connection
[2026-09-01 05:20:15.792] [info] [[94mHttpSession.cpp[0m:[95m96[0m [96mhandleRequest[0m] Got request: GET /ndt/get_graph_data
[2026-09-01 05:20:15.792] [info] [[94mHttpSession.cpp[0m:[95m531[0m [96mhandleGetGraphData[0m] Handle Get Graph Data
[2026-09-01 05:20:15.810] [info] [[94mHttpSession.cpp[0m:[95m576[0m [96mhandleGetGraphData[0m] get_graph_data success
[2026-09-01 05:20:16.041] [info] [[94mControllerAndOtherEventHandler.cpp[0m:[95m239[0m [96moperator()[0m] Accepted new connection
[2026-09-01 05:20:16.042] [info] [[94mHttpSession.cpp[0m:[95m96[0m [96mhandleRequest[0m] Got request: GET /ndt/get_graph_data
[2026-09-01 05:20:16.042] [info] [[94mHttpSession.cpp[0m:[95m531[0m [96mhandleGetGraphData[0m] Handle Get Graph Data
[2026-09-01 05:20:16.060] [info] [[94mHttpSession.cpp[0m:[95m576[0m [96mhandleGetGraphData[0m] get_graph_data success
[2026-09-01 05:20:16.292] [info] [[94mControllerAndOtherEventHandler.cpp[0m:[95m239[0m [96moperator()[0m] Accepted new connection
[2026-09-01 05:20:16.292] [info] [[94mHttpSession.cpp[0m:[95m96[0m [96mhandleRequest[0m] Got request: GET /ndt/get_graph_data
[2026-09-01 05:20:16.292] [info] [[94mHttpSession.cpp[0m:[95m531[0m [96mhandleGetGraphData[0m] Handle Get Graph Data
[2026-09-01 05:20:16.311] [info] [[94mHttpSession.cpp[0m:[95m576[0m [96mhandleGetGraphData[0m] get_graph_data success
[2026-09-01 05:20:16.541] [info] [[94mControllerAndOtherEventHandler.cpp[0m:[95m239[0m [96moperator()[0m] Accepted new connection
[2026-09-01 05:20:16.541] [info] [[94mHttpSession.cpp[0m:[95m96[0m [96mhandleRequest[0m] Got request: GET /ndt/get_graph_data
[2026-09-01 05:20:16.541] [info] [[94mHttpSession.cpp[0m:[95m531[0m [96mhandleGetGraphData[0m] Handle Get Graph Data
[2026-09-01 05:20:16.559] [info] [[94mHttpSession.cpp[0m:[95m576[0m [96mhandleGetGraphData[0m] get_graph_data success
[2026-09-01 05:20:16.791] [info] [[94mControllerAndOtherEventHandler.cpp[0m:[95m239[0m [96moperator()[0m] Accepted new connection
[2026-09-01 05:20:16.791] [info] [[94mHttpSession.cpp[0m:[95m96[0m [96mhandleRequest[0m] Got request: GET /ndt/get_graph_data
[2026-09-01 05:20:16.791] [info] [[94mHttpSession.cpp[0m:[95m531[0m [96mhandleGetGraphData[0m] Handle Get Graph Data
[2026-09-01 05:20:16.815] [info] [[94mHttpSession.cpp[0m:[95m576[0m [96mhandleGetGraphData[0m] get_graph_data success
[2026-09-01 05:20:17.041] [info] [[94mControllerAndOtherEventHandler.cpp[0m:[95m239[0m [96moperator()[0m] Accepted new connection
[2026-09-01 05:20:17.041] [info] [[94mHttpSession.cpp[0m:[95m96[0m [96mhandleRequest[0m] Got request: GET /ndt/get_graph_data
[2026-09-01 05:20:17.041] [info] [[94mHttpSession.cpp[0m:[95m531[0m [96mhandleGetGraphData[0m] Handle Get Graph Data
[2026-09-01 05:20:17.060] [info] [[94mHttpSession.cpp[0m:[95m576[0m [96mhandleGetGraphData[0m] get_graph_data success
[2026-09-01 05:20:17.292] [info] [[94mControllerAndOtherEventHandler.cpp[0m:[95m239[0m [96moperator()[0m] Accepted new connection
[2026-09-01 05:20:17.292] [info] [[94mHttpSession.cpp[0m:[95m96[0m [96mhandleRequest[0m] Got request: GET /ndt/get_graph_data
[2026-09-01 05:20:17.292] [info] [[94mHttpSession.cpp[0m:[95m531[0m [96mhandleGetGraphData[0m] Handle Get Graph Data
[2026-09-01 05:20:17.309] [info] [[94mHttpSession.cpp[0m:[95m576[0m [96mhandleGetGraphData[0m] get_graph_data success
[2026-09-01 05:20:17.541] [info] [[94mControllerAndOtherEventHandler.cpp[0m:[95m239[0m [96moperator()[0m] Accepted new connection
[2026-09-01 05:20:17.541] [info] [[94mHttpSession.cpp[0m:[95m96[0m [96mhandleRequest[0m] Got request: GET /ndt/get_graph_data
[2026-09-01 05:20:17.541] [info] [[94mHttpSession.cpp[0m:[95m531[0m [96mhandleGetGraphData[0m] Handle Get Graph Data
[2026-09-01 05:20:17.554] [info] [[94mHttpSession.cpp[0m:[95m576[0m [96mhandleGetGraphData[0m] get_graph_data success
[2026-09-01 05:20:17.792] [info] [[94mControllerAndOtherEventHandler.cpp[0m:[95m239[0m [96moperator()[0m] Accepted new connection
[2026-09-01 05:20:17.792] [info] [[94mHttpSession.cpp[0m:[95m96[0m [96mhandleRequest[0m] Got request: GET /ndt/get_graph_data
[2026-09-01 05:20:17.792] [info] [[94mHttpSession.cpp[0m:[95m531[0m [96mhandleGetGraphData[0m] Handle Get Graph Data
[2026-09-01 05:20:17.807] [info] [[94mHttpSession.cpp[0m:[95m576[0m [96mhandleGetGraphData[0m] get_graph_data success
[2026-09-01 05:20:18.042] [info] [[94mControllerAndOtherEventHandler.cpp[0m:[95m239[0m [96moperator()[0m] Accepted new connection
[2026-09-01 05:20:18.042] [info] [[94mHttpSession.cpp[0m:[95m96[0m [96mhandleRequest[0m] Got request: GET /ndt/get_graph_data
[2026-09-01 05:20:18.042] [info] [[94mHttpSession.cpp[0m:[95m531[0m [96mhandleGetGraphData[0m] Handle Get Graph Data
[2026-09-01 05:20:18.060] [info] [[94mHttpSession.cpp[0m:[95m576[0m [96mhandleGetGraphData[0m] get_graph_data success
[2026-09-01 05:20:18.292] [info] [[94mControllerAndOtherEventHandler.cpp[0m:[95m239[0m [96moperator()[0m] Accepted new connection
[2026-09-01 05:20:18.292] [info] [[94mHttpSession.cpp[0m:[95m96[0m [96mhandleRequest[0m] Got request: GET /ndt/get_graph_data
[2026-09-01 05:20:18.292] [info] [[94mHttpSession.cpp[0m:[95m531[0m [96mhandleGetGraphData[0m] Handle Get Graph Data
[2026-09-01 05:20:18.310] [info] [[94mHttpSession.cpp[0m:[95m576[0m [96mhandleGetGraphData[0m] get_graph_data success
[2026-09-01 05:20:18.542] [info] [[94mControllerAndOtherEventHandler.cpp[0m:[95m239[0m [96moperator()[0m] Accepted new connection
[2026-09-01 05:20:18.542] [info] [[94mHttpSession.cpp[0m:[95m96[0m [96mhandleRequest[0m] Got request: GET /ndt/get_graph_data
[2026-09-01 05:20:18.542] [info] [[94mHttpSession.cpp[0m:[95m531[0m [96mhandleGetGraphData[0m] Handle Get Graph Data
[2026-09-01 05:20:18.554] [info] [[94mHttpSession.cpp[0m:[95m576[0m [96mhandleGetGraphData[0m] get_graph_data success
[2026-09-01 05:20:18.792] [info] [[94mControllerAndOtherEventHandler.cpp[0m:[95m239[0m [96moperator()[0m] Accepted new connection
[2026-09-01 05:20:18.793] [info] [[94mHttpSession.cpp[0m:[95m96[0m [96mhandleRequest[0m] Got request: GET /ndt/get_graph_data
[2026-09-01 05:20:18.793] [info] [[94mHttpSession.cpp[0m:[95m531[0m [96mhandleGetGraphData[0m] Handle Get Graph Data
[2026-09-01 05:20:18.812] [info] [[94mHttpSession.cpp[0m:[95m576[0m [96mhandleGetGraphData[0m] get_graph_data success
[2026-09-01 05:20:19.042] [info] [[94mControllerAndOtherEventHandler.cpp[0m:[95m239[0m [96moperator()[0m] Accepted new connection
[2026-09-01 05:20:19.042] [info] [[94mHttpSession.cpp[0m:[95m96[0m [96mhandleRequest[0m] Got request: GET /ndt/get_graph_data
[2026-09-01 05:20:19.042] [info] [[94mHttpSession.cpp[0m:[95m531[0m [96mhandleGetGraphData[0m] Handle Get Graph Data
[2026-09-01 05:20:19.055] [info] [[94mHttpSession.cpp[0m:[95m576[0m [96mhandleGetGraphData[0m] get_graph_data success
[2026-09-01 05:20:19.292] [info] [[94mControllerAndOtherEventHandler.cpp[0m:[95m239[0m [96moperator()[0m] Accepted new connection
[2026-09-01 05:20:19.292] [info] [[94mHttpSession.cpp[0m:[95m96[0m [96mhandleRequest[0m] Got request: GET /ndt/get_graph_data
[2026-09-01 05:20:19.292] [info] [[94mHttpSession.cpp[0m:[95m531[0m [96mhandleGetGraphData[0m] Handle Get Graph Data
[2026-09-01 05:20:19.303] [info] [[94mHttpSession.cpp[0m:[95m576[0m [96mhandleGetGraphData[0m] get_graph_data success
[2026-09-01 05:20:19.542] [info] [[94mControllerAndOtherEventHandler.cpp[0m:[95m239[0m [96moperator()[0m] Accepted new connection
[2026-09-01 05:20:19.542] [info] [[94mHttpSession.cpp[0m:[95m96[0m [96mhandleRequest[0m] Got request: GET /ndt/get_graph_data
[2026-09-01 05:20:19.542] [info] [[94mHttpSession.cpp[0m:[95m531[0m [96mhandleGetGraphData[0m] Handle Get Graph Data
[2026-09-01 05:20:19.560] [info] [[94mHttpSession.cpp[0m:[95m576[0m [96mhandleGetGraphData[0m] get_graph_data success
[2026-09-01 05:20:19.792] [info] [[94mControllerAndOtherEventHandler.cpp[0m:[95m239[0m [96moperator()[0m] Accepted new connection
[2026-09-01 05:20:19.792] [info] [[94mHttpSession.cpp[0m:[95m96[0m [96mhandleRequest[0m] Got request: GET /ndt/get_graph_data
[2026-09-01 05:20:19.792] [info] [[94mHttpSession.cpp[0m:[95m531[0m [96mhandleGetGraphData[0m] Handle Get Graph Data
[2026-09-01 05:20:19.811] [info] [[94mHttpSession.cpp[0m:[95m576[0m [96mhandleGetGraphData[0m] get_graph_data success
[2026-09-01 05:20:20.043] [info] [[94mControllerAndOtherEventHandler.cpp[0m:[95m239[0m [96moperator()[0m] Accepted new connection
[2026-09-01 05:20:20.043] [info] [[94mHttpSession.cpp[0m:[95m96[0m [96mhandleRequest[0m] Got request: GET /ndt/get_graph_data
[2026-09-01 05:20:20.043] [info] [[94mHttpSession.cpp[0m:[95m531[0m [96mhandleGetGraphData[0m] Handle Get Graph Data
[2026-09-01 05:20:20.062] [info] [[94mHttpSession.cpp[0m:[95m576[0m [96mhandleGetGraphData[0m] get_graph_data success
[2026-09-01 05:20:20.293] [info] [[94mControllerAndOtherEventHandler.cpp[0m:[95m239[0m [96moperator()[0m] Accepted new connection
[2026-09-01 05:20:20.293] [info] [[94mHttpSession.cpp[0m:[95m96[0m [96mhandleRequest[0m] Got request: GET /ndt/get_graph_data
[2026-09-01 05:20:20.293] [info] [[94mHttpSession.cpp[0m:[95m531[0m [96mhandleGetGraphData[0m] Handle Get Graph Data
[2026-09-01 05:20:20.312] [info] [[94mHttpSession.cpp[0m:[95m576[0m [96mhandleGetGraphData[0m] get_graph_data success
[2026-09-01 05:20:20.542] [info] [[94mControllerAndOtherEventHandler.cpp[0m:[95m239[0m [96moperator()[0m] Accepted new connection
[2026-09-01 05:20:20.542] [info] [[94mHttpSession.cpp[0m:[95m96[0m [96mhandleRequest[0m] Got request: GET /ndt/get_graph_data
[2026-09-01 05:20:20.542] [info] [[94mHttpSession.cpp[0m:[95m531[0m [96mhandleGetGraphData[0m] Handle Get Graph Data
[2026-09-01 05:20:20.557] [info] [[94mHttpSession.cpp[0m:[95m576[0m [96mhandleGetGraphData[0m] get_graph_data success
[2026-09-01 05:20:20.793] [info] [[94mControllerAndOtherEventHandler.cpp[0m:[95m239[0m [96moperator()[0m] Accepted new connection
[2026-09-01 05:20:20.793] [info] [[94mHttpSession.cpp[0m:[95m96[0m [96mhandleRequest[0m] Got request: GET /ndt/get_graph_data
[2026-09-01 05:20:20.793] [info] [[94mHttpSession.cpp[0m:[95m531[0m [96mhandleGetGraphData[0m] Handle Get Graph Data
[2026-09-01 05:20:20.811] [info] [[94mHttpSession.cpp[0m:[95m576[0m [96mhandleGetGraphData[0m] get_graph_data success
[2026-09-01 05:20:21.043] [info] [[94mControllerAndOtherEventHandler.cpp[0m:[95m239[0m [96moperator()[0m] Accepted new connection
[2026-09-01 05:20:21.043] [info] [[94mHttpSession.cpp[0m:[95m96[0m [96mhandleRequest[0m] Got request: GET /ndt/get_graph_data
[2026-09-01 05:20:21.043] [info] [[94mHttpSession.cpp[0m:[95m531[0m [96mhandleGetGraphData[0m] Handle Get Graph Data
[2026-09-01 05:20:21.060] [info] [[94mHttpSession.cpp[0m:[95m576[0m [96mhandleGetGraphData[0m] get_graph_data success
[2026-09-01 05:20:21.293] [info] [[94mControllerAndOtherEventHandler.cpp[0m:[95m239[0m [96moperator()[0m] Accepted new connection
[2026-09-01 05:20:21.293] [info] [[94mHttpSession.cpp[0m:[95m96[0m [96mhandleRequest[0m] Got request: GET /ndt/get_graph_data
[2026-09-01 05:20:21.293] [info] [[94mHttpSession.cpp[0m:[95m531[0m [96mhandleGetGraphData[0m] Handle Get Graph Data
[2026-09-01 05:20:21.311] [info] [[94mHttpSession.cpp[0m:[95m576[0m [96mhandleGetGraphData[0m] get_graph_data success
[2026-09-01 05:20:21.543] [info] [[94mControllerAndOtherEventHandler.cpp[0m:[95m239[0m [96moperator()[0m] Accepted new connection
[2026-09-01 05:20:21.543] [info] [[94mHttpSession.cpp[0m:[95m96[0m [96mhandleRequest[0m] Got request: GET /ndt/get_graph_data
[2026-09-01 05:20:21.543] [info] [[94mHttpSession.cpp[0m:[95m531[0m [96mhandleGetGraphData[0m] Handle Get Graph Data
[2026-09-01 05:20:21.562] [info] [[94mHttpSession.cpp[0m:[95m576[0m [96mhandleGetGraphData[0m] get_graph_data success
[2026-09-01 05:20:21.793] [info] [[94mControllerAndOtherEventHandler.cpp[0m:[95m239[0m [96moperator()[0m] Accepted new connection
[2026-09-01 05:20:21.794] [info] [[94mHttpSession.cpp[0m:[95m96[0m [96mhandleRequest[0m] Got request: GET /ndt/get_graph_data
[2026-09-01 05:20:21.794] [info] [[94mHttpSession.cpp[0m:[95m531[0m [96mhandleGetGraphData[0m] Handle Get Graph Data
[2026-09-01 05:20:21.806] [info] [[94mHttpSession.cpp[0m:[95m576[0m [96mhandleGetGraphData[0m] get_graph_data success
[2026-09-01 05:20:22.043] [info] [[94mControllerAndOtherEventHandler.cpp[0m:[95m239[0m [96moperator()[0m] Accepted new connection
[2026-09-01 05:20:22.044] [info] [[94mHttpSession.cpp[0m:[95m96[0m [96mhandleRequest[0m] Got request: GET /ndt/get_graph_data
[2026-09-01 05:20:22.044] [info] [[94mHttpSession.cpp[0m:[95m531[0m [96mhandleGetGraphData[0m] Handle Get Graph Data
[2026-09-01 05:20:22.063] [info] [[94mHttpSession.cpp[0m:[95m576[0m [96mhandleGetGraphData[0m] get_graph_data success
[2026-09-01 05:20:22.294] [info] [[94mControllerAndOtherEventHandler.cpp[0m:[95m239[0m [96moperator()[0m] Accepted new connection
[2026-09-01 05:20:22.294] [info] [[94mHttpSession.cpp[0m:[95m96[0m [96mhandleRequest[0m] Got request: GET /ndt/get_graph_data
[2026-09-01 05:20:22.294] [info] [[94mHttpSession.cpp[0m:[95m531[0m [96mhandleGetGraphData[0m] Handle Get Graph Data
[2026-09-01 05:20:22.309] [info] [[94mHttpSession.cpp[0m:[95m576[0m [96mhandleGetGraphData[0m] get_graph_data success
[2026-09-01 05:20:22.544] [info] [[94mControllerAndOtherEventHandler.cpp[0m:[95m239[0m [96moperator()[0m] Accepted new connection
[2026-09-01 05:20:22.544] [info] [[94mHttpSession.cpp[0m:[95m96[0m [96mhandleRequest[0m] Got request: GET /ndt/get_graph_data
[2026-09-01 05:20:22.544] [info] [[94mHttpSession.cpp[0m:[95m531[0m [96mhandleGetGraphData[0m] Handle Get Graph Data
[2026-09-01 05:20:22.562] [info] [[94mHttpSession.cpp[0m:[95m576[0m [96mhandleGetGraphData[0m] get_graph_data success
[2026-09-01 05:20:22.794] [info] [[94mControllerAndOtherEventHandler.cpp[0m:[95m239[0m [96moperator()[0m] Accepted new connection
[2026-09-01 05:20:22.794] [info] [[94mHttpSession.cpp[0m:[95m96[0m [96mhandleRequest[0m] Got request: GET /ndt/get_graph_data
[2026-09-01 05:20:22.794] [info] [[94mHttpSession.cpp[0m:[95m531[0m [96mhandleGetGraphData[0m] Handle Get Graph Data
[2026-09-01 05:20:22.810] [info] [[94mHttpSession.cpp[0m:[95m576[0m [96mhandleGetGraphData[0m] get_graph_data success
[2026-09-01 05:20:23.043] [info] [[94mControllerAndOtherEventHandler.cpp[0m:[95m239[0m [96moperator()[0m] Accepted new connection
[2026-09-01 05:20:23.043] [info] [[94mHttpSession.cpp[0m:[95m96[0m [96mhandleRequest[0m] Got request: GET /ndt/get_graph_data
[2026-09-01 05:20:23.043] [info] [[94mHttpSession.cpp[0m:[95m531[0m [96mhandleGetGraphData[0m] Handle Get Graph Data
[2026-09-01 05:20:23.060] [info] [[94mHttpSession.cpp[0m:[95m576[0m [96mhandleGetGraphData[0m] get_graph_data success
[2026-09-01 05:20:23.293] [info] [[94mControllerAndOtherEventHandler.cpp[0m:[95m239[0m [96moperator()[0m] Accepted new connection
[2026-09-01 05:20:23.293] [info] [[94mHttpSession.cpp[0m:[95m96[0m [96mhandleRequest[0m] Got request: GET /ndt/get_graph_data
[2026-09-01 05:20:23.293] [info] [[94mHttpSession.cpp[0m:[95m531[0m [96mhandleGetGraphData[0m] Handle Get Graph Data
[2026-09-01 05:20:23.310] [info] [[94mHttpSession.cpp[0m:[95m576[0m [96mhandleGetGraphData[0m] get_graph_data success
[2026-09-01 05:20:23.544] [info] [[94mControllerAndOtherEventHandler.cpp[0m:[95m239[0m [96moperator()[0m] Accepted new connection
[2026-09-01 05:20:23.544] [info] [[94mHttpSession.cpp[0m:[95m96[0m [96mhandleRequest[0m] Got request: GET /ndt/get_graph_data
[2026-09-01 05:20:23.544] [info] [[94mHttpSession.cpp[0m:[95m531[0m [96mhandleGetGraphData[0m] Handle Get Graph Data
[2026-09-01 05:20:23.563] [info] [[94mHttpSession.cpp[0m:[95m576[0m [96mhandleGetGraphData[0m] get_graph_data success
[2026-09-01 05:20:23.794] [info] [[94mControllerAndOtherEventHandler.cpp[0m:[95m239[0m [96moperator()[0m] Accepted new connection
[2026-09-01 05:20:23.794] [info] [[94mHttpSession.cpp[0m:[95m96[0m [96mhandleRequest[0m] Got request: GET /ndt/get_graph_data
[2026-09-01 05:20:23.794] [info] [[94mHttpSession.cpp[0m:[95m531[0m [96mhandleGetGraphData[0m] Handle Get Graph Data
[2026-09-01 05:20:23.805] [info] [[94mHttpSession.cpp[0m:[95m576[0m [96mhandleGetGraphData[0m] get_graph_data success
[2026-09-01 05:20:24.044] [info] [[94mControllerAndOtherEventHandler.cpp[0m:[95m239[0m [96moperator()[0m] Accepted new connection
[2026-09-01 05:20:24.044] [info] [[94mHttpSession.cpp[0m:[95m96[0m [96mhandleRequest[0m] Got request: GET /ndt/get_graph_data
[2026-09-01 05:20:24.044] [info] [[94mHttpSession.cpp[0m:[95m531[0m [96mhandleGetGraphData[0m] Handle Get Graph Data
[2026-09-01 05:20:24.057] [info] [[94mHttpSession.cpp[0m:[95m576[0m [96mhandleGetGraphData[0m] get_graph_data success
[2026-09-01 05:20:24.294] [info] [[94mControllerAndOtherEventHandler.cpp[0m:[95m239[0m [96moperator()[0m] Accepted new connection
[2026-09-01 05:20:24.294] [info] [[94mHttpSession.cpp[0m:[95m96[0m [96mhandleRequest[0m] Got request: GET /ndt/get_graph_data
[2026-09-01 05:20:24.294] [info] [[94mHttpSession.cpp[0m:[95m531[0m [96mhandleGetGraphData[0m] Handle Get Graph Data
[2026-09-01 05:20:24.305] [info] [[94mHttpSession.cpp[0m:[95m576[0m [96mhandleGetGraphData[0m] get_graph_data success
[2026-09-01 05:20:24.544] [info] [[94mControllerAndOtherEventHandler.cpp[0m:[95m239[0m [96moperator()[0m] Accepted new connection
[2026-09-01 05:20:24.544] [info] [[94mHttpSession.cpp[0m:[95m96[0m [96mhandleRequest[0m] Got request: GET /ndt/get_graph_data
[2026-09-01 05:20:24.544] [info] [[94mHttpSession.cpp[0m:[95m531[0m [96mhandleGetGraphData[0m] Handle Get Graph Data
[2026-09-01 05:20:24.555] [info] [[94mHttpSession.cpp[0m:[95m576[0m [96mhandleGetGraphData[0m] get_graph_data success
[2026-09-01 05:20:24.794] [info] [[94mControllerAndOtherEventHandler.cpp[0m:[95m239[0m [96moperator()[0m] Accepted new connection
[2026-09-01 05:20:24.795] [info] [[94mHttpSession.cpp[0m:[95m96[0m [96mhandleRequest[0m] Got request: GET /ndt/get_graph_data
[2026-09-01 05:20:24.795] [info] [[94mHttpSession.cpp[0m:[95m531[0m [96mhandleGetGraphData[0m] Handle Get Graph Data
[2026-09-01 05:20:24.813] [info] [[94mHttpSession.cpp[0m:[95m576[0m [96mhandleGetGraphData[0m] get_graph_data success
[2026-09-01 05:20:25.040] [info] [[94mFlowLinkUsageCollector.cpp[0m:[95m1807[0m [96mcalAvgFlowSendingRatesPeriodically[0m] rate loop period: last 30 iters mean 1000.7 ms | since start (179 iters) mean 1000.6 ms, min 1000.1, max 1002.3 (flows=1, counters=3) -- the LAST-N figure is the current denominator; the since-start one lags it
[2026-09-01 05:20:25.040] [info] [[94mFlowLinkUsageCollector.cpp[0m:[95m2016[0m [96mcalAvgFlowSendingRatesPeriodically[0m] rate divisor check: measured_interval_s=1.000658 divisor_used_s=1.000658 (ticket Q gate: these must agree to 1%; a negative divisor means no rate has been published yet, which is not a pass)
[2026-09-01 05:20:25.044] [info] [[94mControllerAndOtherEventHandler.cpp[0m:[95m239[0m [96moperator()[0m] Accepted new connection
[2026-09-01 05:20:25.045] [info] [[94mHttpSession.cpp[0m:[95m96[0m [96mhandleRequest[0m] Got request: GET /ndt/get_graph_data
[2026-09-01 05:20:25.045] [info] [[94mHttpSession.cpp[0m:[95m531[0m [96mhandleGetGraphData[0m] Handle Get Graph Data
[2026-09-01 05:20:25.057] [info] [[94mHttpSession.cpp[0m:[95m576[0m [96mhandleGetGraphData[0m] get_graph_data success
[2026-09-01 05:20:25.294] [info] [[94mControllerAndOtherEventHandler.cpp[0m:[95m239[0m [96moperator()[0m] Accepted new connection
[2026-09-01 05:20:25.295] [info] [[94mHttpSession.cpp[0m:[95m96[0m [96mhandleRequest[0m] Got request: GET /ndt/get_graph_data
[2026-09-01 05:20:25.295] [info] [[94mHttpSession.cpp[0m:[95m531[0m [96mhandleGetGraphData[0m] Handle Get Graph Data
[2026-09-01 05:20:25.309] [info] [[94mHttpSession.cpp[0m:[95m576[0m [96mhandleGetGraphData[0m] get_graph_data success
[2026-09-01 05:20:25.544] [info] [[94mControllerAndOtherEventHandler.cpp[0m:[95m239[0m [96moperator()[0m] Accepted new connection
[2026-09-01 05:20:25.544] [info] [[94mHttpSession.cpp[0m:[95m96[0m [96mhandleRequest[0m] Got request: GET /ndt/get_graph_data
[2026-09-01 05:20:25.544] [info] [[94mHttpSession.cpp[0m:[95m531[0m [96mhandleGetGraphData[0m] Handle Get Graph Data
[2026-09-01 05:20:25.557] [info] [[94mHttpSession.cpp[0m:[95m576[0m [96mhandleGetGraphData[0m] get_graph_data success
[2026-09-01 05:20:25.794] [info] [[94mControllerAndOtherEventHandler.cpp[0m:[95m239[0m [96moperator()[0m] Accepted new connection
[2026-09-01 05:20:25.794] [info] [[94mHttpSession.cpp[0m:[95m96[0m [96mhandleRequest[0m] Got request: GET /ndt/get_graph_data
[2026-09-01 05:20:25.794] [info] [[94mHttpSession.cpp[0m:[95m531[0m [96mhandleGetGraphData[0m] Handle Get Graph Data
[2026-09-01 05:20:25.807] [info] [[94mHttpSession.cpp[0m:[95m576[0m [96mhandleGetGraphData[0m] get_graph_data success
[2026-09-01 05:20:26.045] [info] [[94mControllerAndOtherEventHandler.cpp[0m:[95m239[0m [96moperator()[0m] Accepted new connection
[2026-09-01 05:20:26.045] [info] [[94mHttpSession.cpp[0m:[95m96[0m [96mhandleRequest[0m] Got request: GET /ndt/get_graph_data
[2026-09-01 05:20:26.045] [info] [[94mHttpSession.cpp[0m:[95m531[0m [96mhandleGetGraphData[0m] Handle Get Graph Data
[2026-09-01 05:20:26.063] [info] [[94mHttpSession.cpp[0m:[95m576[0m [96mhandleGetGraphData[0m] get_graph_data success
[2026-09-01 05:20:26.294] [info] [[94mControllerAndOtherEventHandler.cpp[0m:[95m239[0m [96moperator()[0m] Accepted new connection
[2026-09-01 05:20:26.294] [info] [[94mHttpSession.cpp[0m:[95m96[0m [96mhandleRequest[0m] Got request: GET /ndt/get_graph_data
[2026-09-01 05:20:26.294] [info] [[94mHttpSession.cpp[0m:[95m531[0m [96mhandleGetGraphData[0m] Handle Get Graph Data
[2026-09-01 05:20:26.311] [info] [[94mHttpSession.cpp[0m:[95m576[0m [96mhandleGetGraphData[0m] get_graph_data success
[2026-09-01 05:20:26.544] [info] [[94mControllerAndOtherEventHandler.cpp[0m:[95m239[0m [96moperator()[0m] Accepted new connection
[2026-09-01 05:20:26.544] [info] [[94mHttpSession.cpp[0m:[95m96[0m [96mhandleRequest[0m] Got request: GET /ndt/get_graph_data
[2026-09-01 05:20:26.544] [info] [[94mHttpSession.cpp[0m:[95m531[0m [96mhandleGetGraphData[0m] Handle Get Graph Data
[2026-09-01 05:20:26.563] [info] [[94mHttpSession.cpp[0m:[95m576[0m [96mhandleGetGraphData[0m] get_graph_data success
[2026-09-01 05:20:26.794] [info] [[94mControllerAndOtherEventHandler.cpp[0m:[95m239[0m [96moperator()[0m] Accepted new connection
[2026-09-01 05:20:26.795] [info] [[94mHttpSession.cpp[0m:[95m96[0m [96mhandleRequest[0m] Got request: GET /ndt/get_graph_data
[2026-09-01 05:20:26.795] [info] [[94mHttpSession.cpp[0m:[95m531[0m [96mhandleGetGraphData[0m] Handle Get Graph Data
[2026-09-01 05:20:26.807] [info] [[94mHttpSession.cpp[0m:[95m576[0m [96mhandleGetGraphData[0m] get_graph_data success
[2026-09-01 05:20:27.045] [info] [[94mControllerAndOtherEventHandler.cpp[0m:[95m239[0m [96moperator()[0m] Accepted new connection
[2026-09-01 05:20:27.045] [info] [[94mHttpSession.cpp[0m:[95m96[0m [96mhandleRequest[0m] Got request: GET /ndt/get_graph_data
[2026-09-01 05:20:27.045] [info] [[94mHttpSession.cpp[0m:[95m531[0m [96mhandleGetGraphData[0m] Handle Get Graph Data
[2026-09-01 05:20:27.063] [info] [[94mHttpSession.cpp[0m:[95m576[0m [96mhandleGetGraphData[0m] get_graph_data success
[2026-09-01 05:20:27.295] [info] [[94mControllerAndOtherEventHandler.cpp[0m:[95m239[0m [96moperator()[0m] Accepted new connection
[2026-09-01 05:20:27.295] [info] [[94mHttpSession.cpp[0m:[95m96[0m [96mhandleRequest[0m] Got request: GET /ndt/get_graph_data
[2026-09-01 05:20:27.295] [info] [[94mHttpSession.cpp[0m:[95m531[0m [96mhandleGetGraphData[0m] Handle Get Graph Data
[2026-09-01 05:20:27.313] [info] [[94mHttpSession.cpp[0m:[95m576[0m [96mhandleGetGraphData[0m] get_graph_data success
[2026-09-01 05:20:27.544] [info] [[94mControllerAndOtherEventHandler.cpp[0m:[95m239[0m [96moperator()[0m] Accepted new connection
[2026-09-01 05:20:27.544] [info] [[94mHttpSession.cpp[0m:[95m96[0m [96mhandleRequest[0m] Got request: GET /ndt/get_graph_data
[2026-09-01 05:20:27.544] [info] [[94mHttpSession.cpp[0m:[95m531[0m [96mhandleGetGraphData[0m] Handle Get Graph Data
[2026-09-01 05:20:27.563] [info] [[94mHttpSession.cpp[0m:[95m576[0m [96mhandleGetGraphData[0m] get_graph_data success
[2026-09-01 05:20:27.795] [info] [[94mControllerAndOtherEventHandler.cpp[0m:[95m239[0m [96moperator()[0m] Accepted new connection
[2026-09-01 05:20:27.796] [info] [[94mHttpSession.cpp[0m:[95m96[0m [96mhandleRequest[0m] Got request: GET /ndt/get_graph_data
[2026-09-01 05:20:27.796] [info] [[94mHttpSession.cpp[0m:[95m531[0m [96mhandleGetGraphData[0m] Handle Get Graph Data
[2026-09-01 05:20:27.814] [info] [[94mHttpSession.cpp[0m:[95m576[0m [96mhandleGetGraphData[0m] get_graph_data success
[2026-09-01 05:20:28.045] [info] [[94mControllerAndOtherEventHandler.cpp[0m:[95m239[0m [96moperator()[0m] Accepted new connection
[2026-09-01 05:20:28.045] [info] [[94mHttpSession.cpp[0m:[95m96[0m [96mhandleRequest[0m] Got request: GET /ndt/get_graph_data
[2026-09-01 05:20:28.045] [info] [[94mHttpSession.cpp[0m:[95m531[0m [96mhandleGetGraphData[0m] Handle Get Graph Data
[2026-09-01 05:20:28.064] [info] [[94mHttpSession.cpp[0m:[95m576[0m [96mhandleGetGraphData[0m] get_graph_data success
[2026-09-01 05:20:28.295] [info] [[94mControllerAndOtherEventHandler.cpp[0m:[95m239[0m [96moperator()[0m] Accepted new connection
[2026-09-01 05:20:28.295] [info] [[94mHttpSession.cpp[0m:[95m96[0m [96mhandleRequest[0m] Got request: GET /ndt/get_graph_data
[2026-09-01 05:20:28.295] [info] [[94mHttpSession.cpp[0m:[95m531[0m [96mhandleGetGraphData[0m] Handle Get Graph Data
[2026-09-01 05:20:28.314] [info] [[94mHttpSession.cpp[0m:[95m576[0m [96mhandleGetGraphData[0m] get_graph_data success
[2026-09-01 05:20:28.546] [info] [[94mControllerAndOtherEventHandler.cpp[0m:[95m239[0m [96moperator()[0m] Accepted new connection
[2026-09-01 05:20:28.546] [info] [[94mHttpSession.cpp[0m:[95m96[0m [96mhandleRequest[0m] Got request: GET /ndt/get_graph_data
[2026-09-01 05:20:28.546] [info] [[94mHttpSession.cpp[0m:[95m531[0m [96mhandleGetGraphData[0m] Handle Get Graph Data
[2026-09-01 05:20:28.564] [info] [[94mHttpSession.cpp[0m:[95m576[0m [96mhandleGetGraphData[0m] get_graph_data success
[2026-09-01 05:20:28.796] [info] [[94mControllerAndOtherEventHandler.cpp[0m:[95m239[0m [96moperator()[0m] Accepted new connection
[2026-09-01 05:20:28.796] [info] [[94mHttpSession.cpp[0m:[95m96[0m [96mhandleRequest[0m] Got request: GET /ndt/get_graph_data
[2026-09-01 05:20:28.796] [info] [[94mHttpSession.cpp[0m:[95m531[0m [96mhandleGetGraphData[0m] Handle Get Graph Data
[2026-09-01 05:20:28.814] [info] [[94mHttpSession.cpp[0m:[95m576[0m [96mhandleGetGraphData[0m] get_graph_data success
[2026-09-01 05:20:29.046] [info] [[94mControllerAndOtherEventHandler.cpp[0m:[95m239[0m [96moperator()[0m] Accepted new connection
[2026-09-01 05:20:29.046] [info] [[94mHttpSession.cpp[0m:[95m96[0m [96mhandleRequest[0m] Got request: GET /ndt/get_graph_data
[2026-09-01 05:20:29.046] [info] [[94mHttpSession.cpp[0m:[95m531[0m [96mhandleGetGraphData[0m] Handle Get Graph Data
[2026-09-01 05:20:29.062] [info] [[94mHttpSession.cpp[0m:[95m576[0m [96mhandleGetGraphData[0m] get_graph_data success
[2026-09-01 05:20:29.296] [info] [[94mControllerAndOtherEventHandler.cpp[0m:[95m239[0m [96moperator()[0m] Accepted new connection
[2026-09-01 05:20:29.296] [info] [[94mHttpSession.cpp[0m:[95m96[0m [96mhandleRequest[0m] Got request: GET /ndt/get_graph_data
[2026-09-01 05:20:29.296] [info] [[94mHttpSession.cpp[0m:[95m531[0m [96mhandleGetGraphData[0m] Handle Get Graph Data
[2026-09-01 05:20:29.314] [info] [[94mHttpSession.cpp[0m:[95m576[0m [96mhandleGetGraphData[0m] get_graph_data success
[2026-09-01 05:20:29.545] [info] [[94mControllerAndOtherEventHandler.cpp[0m:[95m239[0m [96moperator()[0m] Accepted new connection
[2026-09-01 05:20:29.545] [info] [[94mHttpSession.cpp[0m:[95m96[0m [96mhandleRequest[0m] Got request: GET /ndt/get_graph_data
[2026-09-01 05:20:29.545] [info] [[94mHttpSession.cpp[0m:[95m531[0m [96mhandleGetGraphData[0m] Handle Get Graph Data
[2026-09-01 05:20:29.563] [info] [[94mHttpSession.cpp[0m:[95m576[0m [96mhandleGetGraphData[0m] get_graph_data success
[2026-09-01 05:20:29.795] [info] [[94mControllerAndOtherEventHandler.cpp[0m:[95m239[0m [96moperator()[0m] Accepted new connection
[2026-09-01 05:20:29.796] [info] [[94mHttpSession.cpp[0m:[95m96[0m [96mhandleRequest[0m] Got request: GET /ndt/get_graph_data
[2026-09-01 05:20:29.796] [info] [[94mHttpSession.cpp[0m:[95m531[0m [96mhandleGetGraphData[0m] Handle Get Graph Data
[2026-09-01 05:20:29.809] [info] [[94mHttpSession.cpp[0m:[95m576[0m [96mhandleGetGraphData[0m] get_graph_data success
[2026-09-01 05:20:30.046] [info] [[94mControllerAndOtherEventHandler.cpp[0m:[95m239[0m [96moperator()[0m] Accepted new connection
[2026-09-01 05:20:30.046] [info] [[94mHttpSession.cpp[0m:[95m96[0m [96mhandleRequest[0m] Got request: GET /ndt/get_graph_data
[2026-09-01 05:20:30.046] [info] [[94mHttpSession.cpp[0m:[95m531[0m [96mhandleGetGraphData[0m] Handle Get Graph Data
[2026-09-01 05:20:30.065] [info] [[94mHttpSession.cpp[0m:[95m576[0m [96mhandleGetGraphData[0m] get_graph_data success
[2026-09-01 05:20:30.295] [info] [[94mControllerAndOtherEventHandler.cpp[0m:[95m239[0m [96moperator()[0m] Accepted new connection
[2026-09-01 05:20:30.296] [info] [[94mHttpSession.cpp[0m:[95m96[0m [96mhandleRequest[0m] Got request: GET /ndt/get_graph_data
[2026-09-01 05:20:30.296] [info] [[94mHttpSession.cpp[0m:[95m531[0m [96mhandleGetGraphData[0m] Handle Get Graph Data
[2026-09-01 05:20:30.314] [info] [[94mHttpSession.cpp[0m:[95m576[0m [96mhandleGetGraphData[0m] get_graph_data success
[2026-09-01 05:20:30.546] [info] [[94mControllerAndOtherEventHandler.cpp[0m:[95m239[0m [96moperator()[0m] Accepted new connection
[2026-09-01 05:20:30.546] [info] [[94mHttpSession.cpp[0m:[95m96[0m [96mhandleRequest[0m] Got request: GET /ndt/get_graph_data
[2026-09-01 05:20:30.546] [info] [[94mHttpSession.cpp[0m:[95m531[0m [96mhandleGetGraphData[0m] Handle Get Graph Data
[2026-09-01 05:20:30.558] [info] [[94mHttpSession.cpp[0m:[95m576[0m [96mhandleGetGraphData[0m] get_graph_data success
[2026-09-01 05:20:30.796] [info] [[94mControllerAndOtherEventHandler.cpp[0m:[95m239[0m [96moperator()[0m] Accepted new connection
[2026-09-01 05:20:30.796] [info] [[94mHttpSession.cpp[0m:[95m96[0m [96mhandleRequest[0m] Got request: GET /ndt/get_graph_data
[2026-09-01 05:20:30.796] [info] [[94mHttpSession.cpp[0m:[95m531[0m [96mhandleGetGraphData[0m] Handle Get Graph Data
[2026-09-01 05:20:30.813] [info] [[94mHttpSession.cpp[0m:[95m576[0m [96mhandleGetGraphData[0m] get_graph_data success
[2026-09-01 05:20:31.046] [info] [[94mControllerAndOtherEventHandler.cpp[0m:[95m239[0m [96moperator()[0m] Accepted new connection
[2026-09-01 05:20:31.046] [info] [[94mHttpSession.cpp[0m:[95m96[0m [96mhandleRequest[0m] Got request: GET /ndt/get_graph_data
[2026-09-01 05:20:31.046] [info] [[94mHttpSession.cpp[0m:[95m531[0m [96mhandleGetGraphData[0m] Handle Get Graph Data
[2026-09-01 05:20:31.060] [info] [[94mHttpSession.cpp[0m:[95m576[0m [96mhandleGetGraphData[0m] get_graph_data success
[2026-09-01 05:20:31.296] [info] [[94mControllerAndOtherEventHandler.cpp[0m:[95m239[0m [96moperator()[0m] Accepted new connection
[2026-09-01 05:20:31.296] [info] [[94mHttpSession.cpp[0m:[95m96[0m [96mhandleRequest[0m] Got request: GET /ndt/get_graph_data
[2026-09-01 05:20:31.296] [info] [[94mHttpSession.cpp[0m:[95m531[0m [96mhandleGetGraphData[0m] Handle Get Graph Data
[2026-09-01 05:20:31.308] [info] [[94mHttpSession.cpp[0m:[95m576[0m [96mhandleGetGraphData[0m] get_graph_data success
[2026-09-01 05:20:31.546] [info] [[94mControllerAndOtherEventHandler.cpp[0m:[95m239[0m [96moperator()[0m] Accepted new connection
[2026-09-01 05:20:31.547] [info] [[94mHttpSession.cpp[0m:[95m96[0m [96mhandleRequest[0m] Got request: GET /ndt/get_graph_data
[2026-09-01 05:20:31.547] [info] [[94mHttpSession.cpp[0m:[95m531[0m [96mhandleGetGraphData[0m] Handle Get Graph Data
[2026-09-01 05:20:31.558] [info] [[94mHttpSession.cpp[0m:[95m576[0m [96mhandleGetGraphData[0m] get_graph_data success
[2026-09-01 05:20:31.796] [info] [[94mControllerAndOtherEventHandler.cpp[0m:[95m239[0m [96moperator()[0m] Accepted new connection
[2026-09-01 05:20:31.796] [info] [[94mHttpSession.cpp[0m:[95m96[0m [96mhandleRequest[0m] Got request: GET /ndt/get_graph_data
[2026-09-01 05:20:31.796] [info] [[94mHttpSession.cpp[0m:[95m531[0m [96mhandleGetGraphData[0m] Handle Get Graph Data
[2026-09-01 05:20:31.809] [info] [[94mHttpSession.cpp[0m:[95m576[0m [96mhandleGetGraphData[0m] get_graph_data success
[2026-09-01 05:20:32.046] [info] [[94mControllerAndOtherEventHandler.cpp[0m:[95m239[0m [96moperator()[0m] Accepted new connection
[2026-09-01 05:20:32.047] [info] [[94mHttpSession.cpp[0m:[95m96[0m [96mhandleRequest[0m] Got request: GET /ndt/get_graph_data
[2026-09-01 05:20:32.047] [info] [[94mHttpSession.cpp[0m:[95m531[0m [96mhandleGetGraphData[0m] Handle Get Graph Data
[2026-09-01 05:20:32.063] [info] [[94mHttpSession.cpp[0m:[95m576[0m [96mhandleGetGraphData[0m] get_graph_data success
[2026-09-01 05:20:32.296] [info] [[94mControllerAndOtherEventHandler.cpp[0m:[95m239[0m [96moperator()[0m] Accepted new connection
[2026-09-01 05:20:32.296] [info] [[94mHttpSession.cpp[0m:[95m96[0m [96mhandleRequest[0m] Got request: GET /ndt/get_graph_data
[2026-09-01 05:20:32.296] [info] [[94mHttpSession.cpp[0m:[95m531[0m [96mhandleGetGraphData[0m] Handle Get Graph Data
[2026-09-01 05:20:32.315] [info] [[94mHttpSession.cpp[0m:[95m576[0m [96mhandleGetGraphData[0m] get_graph_data success
[2026-09-01 05:20:32.547] [info] [[94mControllerAndOtherEventHandler.cpp[0m:[95m239[0m [96moperator()[0m] Accepted new connection
[2026-09-01 05:20:32.547] [info] [[94mHttpSession.cpp[0m:[95m96[0m [96mhandleRequest[0m] Got request: GET /ndt/get_graph_data
[2026-09-01 05:20:32.547] [info] [[94mHttpSession.cpp[0m:[95m531[0m [96mhandleGetGraphData[0m] Handle Get Graph Data
[2026-09-01 05:20:32.565] [info] [[94mHttpSession.cpp[0m:[95m576[0m [96mhandleGetGraphData[0m] get_graph_data success
[2026-09-01 05:20:32.796] [info] [[94mControllerAndOtherEventHandler.cpp[0m:[95m239[0m [96moperator()[0m] Accepted new connection
[2026-09-01 05:20:32.797] [info] [[94mHttpSession.cpp[0m:[95m96[0m [96mhandleRequest[0m] Got request: GET /ndt/get_graph_data
[2026-09-01 05:20:32.797] [info] [[94mHttpSession.cpp[0m:[95m531[0m [96mhandleGetGraphData[0m] Handle Get Graph Data
[2026-09-01 05:20:32.815] [info] [[94mHttpSession.cpp[0m:[95m576[0m [96mhandleGetGraphData[0m] get_graph_data success
[2026-09-01 05:20:33.047] [info] [[94mControllerAndOtherEventHandler.cpp[0m:[95m239[0m [96moperator()[0m] Accepted new connection
[2026-09-01 05:20:33.047] [info] [[94mHttpSession.cpp[0m:[95m96[0m [96mhandleRequest[0m] Got request: GET /ndt/get_graph_data
[2026-09-01 05:20:33.047] [info] [[94mHttpSession.cpp[0m:[95m531[0m [96mhandleGetGraphData[0m] Handle Get Graph Data
[2026-09-01 05:20:33.063] [info] [[94mHttpSession.cpp[0m:[95m576[0m [96mhandleGetGraphData[0m] get_graph_data success
[2026-09-01 05:20:33.297] [info] [[94mControllerAndOtherEventHandler.cpp[0m:[95m239[0m [96moperator()[0m] Accepted new connection
[2026-09-01 05:20:33.297] [info] [[94mHttpSession.cpp[0m:[95m96[0m [96mhandleRequest[0m] Got request: GET /ndt/get_graph_data
[2026-09-01 05:20:33.297] [info] [[94mHttpSession.cpp[0m:[95m531[0m [96mhandleGetGraphData[0m] Handle Get Graph Data
[2026-09-01 05:20:33.316] [info] [[94mHttpSession.cpp[0m:[95m576[0m [96mhandleGetGraphData[0m] get_graph_data success
[2026-09-01 05:20:33.433] [info] [[94mFlowLinkUsageCollector.cpp[0m:[95m2558[0m [96mfetchAllDestinationPaths[0m] Pulled 16256 paths from controller
[2026-09-01 05:20:33.547] [info] [[94mControllerAndOtherEventHandler.cpp[0m:[95m239[0m [96moperator()[0m] Accepted new connection
[2026-09-01 05:20:33.547] [info] [[94mHttpSession.cpp[0m:[95m96[0m [96mhandleRequest[0m] Got request: GET /ndt/get_graph_data
[2026-09-01 05:20:33.547] [info] [[94mHttpSession.cpp[0m:[95m531[0m [96mhandleGetGraphData[0m] Handle Get Graph Data
[2026-09-01 05:20:33.566] [info] [[94mHttpSession.cpp[0m:[95m576[0m [96mhandleGetGraphData[0m] get_graph_data success
[2026-09-01 05:20:33.797] [info] [[94mControllerAndOtherEventHandler.cpp[0m:[95m239[0m [96moperator()[0m] Accepted new connection
[2026-09-01 05:20:33.797] [info] [[94mHttpSession.cpp[0m:[95m96[0m [96mhandleRequest[0m] Got request: GET /ndt/get_graph_data
[2026-09-01 05:20:33.797] [info] [[94mHttpSession.cpp[0m:[95m531[0m [96mhandleGetGraphData[0m] Handle Get Graph Data
[2026-09-01 05:20:33.816] [info] [[94mHttpSession.cpp[0m:[95m576[0m [96mhandleGetGraphData[0m] get_graph_data success
[2026-09-01 05:20:34.047] [info] [[94mControllerAndOtherEventHandler.cpp[0m:[95m239[0m [96moperator()[0m] Accepted new connection
[2026-09-01 05:20:34.047] [info] [[94mHttpSession.cpp[0m:[95m96[0m [96mhandleRequest[0m] Got request: GET /ndt/get_graph_data
[2026-09-01 05:20:34.047] [info] [[94mHttpSession.cpp[0m:[95m531[0m [96mhandleGetGraphData[0m] Handle Get Graph Data
[2026-09-01 05:20:34.066] [info] [[94mHttpSession.cpp[0m:[95m576[0m [96mhandleGetGraphData[0m] get_graph_data success
[2026-09-01 05:20:34.297] [info] [[94mControllerAndOtherEventHandler.cpp[0m:[95m239[0m [96moperator()[0m] Accepted new connection
[2026-09-01 05:20:34.298] [info] [[94mHttpSession.cpp[0m:[95m96[0m [96mhandleRequest[0m] Got request: GET /ndt/get_graph_data
[2026-09-01 05:20:34.298] [info] [[94mHttpSession.cpp[0m:[95m531[0m [96mhandleGetGraphData[0m] Handle Get Graph Data
[2026-09-01 05:20:34.310] [info] [[94mHttpSession.cpp[0m:[95m576[0m [96mhandleGetGraphData[0m] get_graph_data success
[2026-09-01 05:20:34.547] [info] [[94mControllerAndOtherEventHandler.cpp[0m:[95m239[0m [96moperator()[0m] Accepted new connection
[2026-09-01 05:20:34.548] [info] [[94mHttpSession.cpp[0m:[95m96[0m [96mhandleRequest[0m] Got request: GET /ndt/get_graph_data
[2026-09-01 05:20:34.548] [info] [[94mHttpSession.cpp[0m:[95m531[0m [96mhandleGetGraphData[0m] Handle Get Graph Data
[2026-09-01 05:20:34.566] [info] [[94mHttpSession.cpp[0m:[95m576[0m [96mhandleGetGraphData[0m] get_graph_data success
[2026-09-01 05:20:34.798] [info] [[94mControllerAndOtherEventHandler.cpp[0m:[95m239[0m [96moperator()[0m] Accepted new connection
[2026-09-01 05:20:34.798] [info] [[94mHttpSession.cpp[0m:[95m96[0m [96mhandleRequest[0m] Got request: GET /ndt/get_graph_data
[2026-09-01 05:20:34.798] [info] [[94mHttpSession.cpp[0m:[95m531[0m [96mhandleGetGraphData[0m] Handle Get Graph Data
[2026-09-01 05:20:34.816] [info] [[94mHttpSession.cpp[0m:[95m576[0m [96mhandleGetGraphData[0m] get_graph_data success
[2026-09-01 05:20:35.047] [info] [[94mControllerAndOtherEventHandler.cpp[0m:[95m239[0m [96moperator()[0m] Accepted new connection
[2026-09-01 05:20:35.047] [info] [[94mHttpSession.cpp[0m:[95m96[0m [96mhandleRequest[0m] Got request: GET /ndt/get_graph_data
[2026-09-01 05:20:35.047] [info] [[94mHttpSession.cpp[0m:[95m531[0m [96mhandleGetGraphData[0m] Handle Get Graph Data
[2026-09-01 05:20:35.066] [info] [[94mHttpSession.cpp[0m:[95m576[0m [96mhandleGetGraphData[0m] get_graph_data success
[2026-09-01 05:20:35.298] [info] [[94mControllerAndOtherEventHandler.cpp[0m:[95m239[0m [96moperator()[0m] Accepted new connection
[2026-09-01 05:20:35.298] [info] [[94mHttpSession.cpp[0m:[95m96[0m [96mhandleRequest[0m] Got request: GET /ndt/get_graph_data
[2026-09-01 05:20:35.298] [info] [[94mHttpSession.cpp[0m:[95m531[0m [96mhandleGetGraphData[0m] Handle Get Graph Data
[2026-09-01 05:20:35.317] [info] [[94mHttpSession.cpp[0m:[95m576[0m [96mhandleGetGraphData[0m] get_graph_data success
[2026-09-01 05:20:35.547] [info] [[94mControllerAndOtherEventHandler.cpp[0m:[95m239[0m [96moperator()[0m] Accepted new connection
[2026-09-01 05:20:35.547] [info] [[94mHttpSession.cpp[0m:[95m96[0m [96mhandleRequest[0m] Got request: GET /ndt/get_graph_data
[2026-09-01 05:20:35.548] [info] [[94mHttpSession.cpp[0m:[95m531[0m [96mhandleGetGraphData[0m] Handle Get Graph Data
[2026-09-01 05:20:35.559] [info] [[94mHttpSession.cpp[0m:[95m576[0m [96mhandleGetGraphData[0m] get_graph_data success
[2026-09-01 05:20:35.798] [info] [[94mControllerAndOtherEventHandler.cpp[0m:[95m239[0m [96moperator()[0m] Accepted new connection
[2026-09-01 05:20:35.798] [info] [[94mHttpSession.cpp[0m:[95m96[0m [96mhandleRequest[0m] Got request: GET /ndt/get_graph_data
[2026-09-01 05:20:35.798] [info] [[94mHttpSession.cpp[0m:[95m531[0m [96mhandleGetGraphData[0m] Handle Get Graph Data
[2026-09-01 05:20:35.809] [info] [[94mHttpSession.cpp[0m:[95m576[0m [96mhandleGetGraphData[0m] get_graph_data success
[2026-09-01 05:20:36.047] [info] [[94mControllerAndOtherEventHandler.cpp[0m:[95m239[0m [96moperator()[0m] Accepted new connection
[2026-09-01 05:20:36.047] [info] [[94mHttpSession.cpp[0m:[95m96[0m [96mhandleRequest[0m] Got request: GET /ndt/get_graph_data
[2026-09-01 05:20:36.047] [info] [[94mHttpSession.cpp[0m:[95m531[0m [96mhandleGetGraphData[0m] Handle Get Graph Data
[2026-09-01 05:20:36.066] [info] [[94mHttpSession.cpp[0m:[95m576[0m [96mhandleGetGraphData[0m] get_graph_data success
[2026-09-01 05:20:36.297] [info] [[94mControllerAndOtherEventHandler.cpp[0m:[95m239[0m [96moperator()[0m] Accepted new connection
[2026-09-01 05:20:36.297] [info] [[94mHttpSession.cpp[0m:[95m96[0m [96mhandleRequest[0m] Got request: GET /ndt/get_graph_data
[2026-09-01 05:20:36.297] [info] [[94mHttpSession.cpp[0m:[95m531[0m [96mhandleGetGraphData[0m] Handle Get Graph Data
[2026-09-01 05:20:36.316] [info] [[94mHttpSession.cpp[0m:[95m576[0m [96mhandleGetGraphData[0m] get_graph_data success
[2026-09-01 05:20:36.548] [info] [[94mControllerAndOtherEventHandler.cpp[0m:[95m239[0m [96moperator()[0m] Accepted new connection
[2026-09-01 05:20:36.548] [info] [[94mHttpSession.cpp[0m:[95m96[0m [96mhandleRequest[0m] Got request: GET /ndt/get_graph_data
[2026-09-01 05:20:36.548] [info] [[94mHttpSession.cpp[0m:[95m531[0m [96mhandleGetGraphData[0m] Handle Get Graph Data
[2026-09-01 05:20:36.567] [info] [[94mHttpSession.cpp[0m:[95m576[0m [96mhandleGetGraphData[0m] get_graph_data success
[2026-09-01 05:20:36.798] [info] [[94mControllerAndOtherEventHandler.cpp[0m:[95m239[0m [96moperator()[0m] Accepted new connection
[2026-09-01 05:20:36.798] [info] [[94mHttpSession.cpp[0m:[95m96[0m [96mhandleRequest[0m] Got request: GET /ndt/get_graph_data
[2026-09-01 05:20:36.798] [info] [[94mHttpSession.cpp[0m:[95m531[0m [96mhandleGetGraphData[0m] Handle Get Graph Data
[2026-09-01 05:20:36.817] [info] [[94mHttpSession.cpp[0m:[95m576[0m [96mhandleGetGraphData[0m] get_graph_data success
[2026-09-01 05:20:37.048] [info] [[94mControllerAndOtherEventHandler.cpp[0m:[95m239[0m [96moperator()[0m] Accepted new connection
[2026-09-01 05:20:37.048] [info] [[94mHttpSession.cpp[0m:[95m96[0m [96mhandleRequest[0m] Got request: GET /ndt/get_graph_data
[2026-09-01 05:20:37.048] [info] [[94mHttpSession.cpp[0m:[95m531[0m [96mhandleGetGraphData[0m] Handle Get Graph Data
[2026-09-01 05:20:37.061] [info] [[94mHttpSession.cpp[0m:[95m576[0m [96mhandleGetGraphData[0m] get_graph_data success
[2026-09-01 05:20:37.297] [info] [[94mControllerAndOtherEventHandler.cpp[0m:[95m239[0m [96moperator()[0m] Accepted new connection
[2026-09-01 05:20:37.298] [info] [[94mHttpSession.cpp[0m:[95m96[0m [96mhandleRequest[0m] Got request: GET /ndt/get_graph_data
[2026-09-01 05:20:37.298] [info] [[94mHttpSession.cpp[0m:[95m531[0m [96mhandleGetGraphData[0m] Handle Get Graph Data
[2026-09-01 05:20:37.316] [info] [[94mHttpSession.cpp[0m:[95m576[0m [96mhandleGetGraphData[0m] get_graph_data success
[2026-09-01 05:20:37.548] [info] [[94mControllerAndOtherEventHandler.cpp[0m:[95m239[0m [96moperator()[0m] Accepted new connection
[2026-09-01 05:20:37.548] [info] [[94mHttpSession.cpp[0m:[95m96[0m [96mhandleRequest[0m] Got request: GET /ndt/get_graph_data
[2026-09-01 05:20:37.548] [info] [[94mHttpSession.cpp[0m:[95m531[0m [96mhandleGetGraphData[0m] Handle Get Graph Data
[2026-09-01 05:20:37.567] [info] [[94mHttpSession.cpp[0m:[95m576[0m [96mhandleGetGraphData[0m] get_graph_data success
[2026-09-01 05:20:37.798] [info] [[94mControllerAndOtherEventHandler.cpp[0m:[95m239[0m [96moperator()[0m] Accepted new connection
[2026-09-01 05:20:37.799] [info] [[94mHttpSession.cpp[0m:[95m96[0m [96mhandleRequest[0m] Got request: GET /ndt/get_graph_data
[2026-09-01 05:20:37.799] [info] [[94mHttpSession.cpp[0m:[95m531[0m [96mhandleGetGraphData[0m] Handle Get Graph Data
[2026-09-01 05:20:37.817] [info] [[94mHttpSession.cpp[0m:[95m576[0m [96mhandleGetGraphData[0m] get_graph_data success
[2026-09-01 05:20:38.049] [info] [[94mControllerAndOtherEventHandler.cpp[0m:[95m239[0m [96moperator()[0m] Accepted new connection
[2026-09-01 05:20:38.049] [info] [[94mHttpSession.cpp[0m:[95m96[0m [96mhandleRequest[0m] Got request: GET /ndt/get_graph_data
[2026-09-01 05:20:38.049] [info] [[94mHttpSession.cpp[0m:[95m531[0m [96mhandleGetGraphData[0m] Handle Get Graph Data
[2026-09-01 05:20:38.066] [info] [[94mHttpSession.cpp[0m:[95m576[0m [96mhandleGetGraphData[0m] get_graph_data success
[2026-09-01 05:20:38.298] [info] [[94mControllerAndOtherEventHandler.cpp[0m:[95m239[0m [96moperator()[0m] Accepted new connection
[2026-09-01 05:20:38.298] [info] [[94mHttpSession.cpp[0m:[95m96[0m [96mhandleRequest[0m] Got request: GET /ndt/get_graph_data
[2026-09-01 05:20:38.298] [info] [[94mHttpSession.cpp[0m:[95m531[0m [96mhandleGetGraphData[0m] Handle Get Graph Data
[2026-09-01 05:20:38.317] [info] [[94mHttpSession.cpp[0m:[95m576[0m [96mhandleGetGraphData[0m] get_graph_data success
[2026-09-01 05:20:38.549] [info] [[94mControllerAndOtherEventHandler.cpp[0m:[95m239[0m [96moperator()[0m] Accepted new connection
[2026-09-01 05:20:38.549] [info] [[94mHttpSession.cpp[0m:[95m96[0m [96mhandleRequest[0m] Got request: GET /ndt/get_graph_data
[2026-09-01 05:20:38.549] [info] [[94mHttpSession.cpp[0m:[95m531[0m [96mhandleGetGraphData[0m] Handle Get Graph Data
[2026-09-01 05:20:38.567] [info] [[94mHttpSession.cpp[0m:[95m576[0m [96mhandleGetGraphData[0m] get_graph_data success
[2026-09-01 05:20:38.799] [info] [[94mControllerAndOtherEventHandler.cpp[0m:[95m239[0m [96moperator()[0m] Accepted new connection
[2026-09-01 05:20:38.799] [info] [[94mHttpSession.cpp[0m:[95m96[0m [96mhandleRequest[0m] Got request: GET /ndt/get_graph_data
[2026-09-01 05:20:38.799] [info] [[94mHttpSession.cpp[0m:[95m531[0m [96mhandleGetGraphData[0m] Handle Get Graph Data
[2026-09-01 05:20:38.816] [info] [[94mHttpSession.cpp[0m:[95m576[0m [96mhandleGetGraphData[0m] get_graph_data success
[2026-09-01 05:20:39.048] [info] [[94mControllerAndOtherEventHandler.cpp[0m:[95m239[0m [96moperator()[0m] Accepted new connection
[2026-09-01 05:20:39.049] [info] [[94mHttpSession.cpp[0m:[95m96[0m [96mhandleRequest[0m] Got request: GET /ndt/get_graph_data
[2026-09-01 05:20:39.049] [info] [[94mHttpSession.cpp[0m:[95m531[0m [96mhandleGetGraphData[0m] Handle Get Graph Data
[2026-09-01 05:20:39.067] [info] [[94mHttpSession.cpp[0m:[95m576[0m [96mhandleGetGraphData[0m] get_graph_data success
[2026-09-01 05:20:39.299] [info] [[94mControllerAndOtherEventHandler.cpp[0m:[95m239[0m [96moperator()[0m] Accepted new connection
[2026-09-01 05:20:39.299] [info] [[94mHttpSession.cpp[0m:[95m96[0m [96mhandleRequest[0m] Got request: GET /ndt/get_graph_data
[2026-09-01 05:20:39.299] [info] [[94mHttpSession.cpp[0m:[95m531[0m [96mhandleGetGraphData[0m] Handle Get Graph Data
[2026-09-01 05:20:39.317] [info] [[94mHttpSession.cpp[0m:[95m576[0m [96mhandleGetGraphData[0m] get_graph_data success
[2026-09-01 05:20:39.549] [info] [[94mControllerAndOtherEventHandler.cpp[0m:[95m239[0m [96moperator()[0m] Accepted new connection
[2026-09-01 05:20:39.549] [info] [[94mHttpSession.cpp[0m:[95m96[0m [96mhandleRequest[0m] Got request: GET /ndt/get_graph_data
[2026-09-01 05:20:39.549] [info] [[94mHttpSession.cpp[0m:[95m531[0m [96mhandleGetGraphData[0m] Handle Get Graph Data
[2026-09-01 05:20:39.566] [info] [[94mHttpSession.cpp[0m:[95m576[0m [96mhandleGetGraphData[0m] get_graph_data success
[2026-09-01 05:20:39.799] [info] [[94mControllerAndOtherEventHandler.cpp[0m:[95m239[0m [96moperator()[0m] Accepted new connection
[2026-09-01 05:20:39.799] [info] [[94mHttpSession.cpp[0m:[95m96[0m [96mhandleRequest[0m] Got request: GET /ndt/get_graph_data
[2026-09-01 05:20:39.799] [info] [[94mHttpSession.cpp[0m:[95m531[0m [96mhandleGetGraphData[0m] Handle Get Graph Data
[2026-09-01 05:20:39.810] [info] [[94mHttpSession.cpp[0m:[95m576[0m [96mhandleGetGraphData[0m] get_graph_data success
[2026-09-01 05:20:40.049] [info] [[94mControllerAndOtherEventHandler.cpp[0m:[95m239[0m [96moperator()[0m] Accepted new connection
[2026-09-01 05:20:40.049] [info] [[94mHttpSession.cpp[0m:[95m96[0m [96mhandleRequest[0m] Got request: GET /ndt/get_graph_data
[2026-09-01 05:20:40.049] [info] [[94mHttpSession.cpp[0m:[95m531[0m [96mhandleGetGraphData[0m] Handle Get Graph Data
[2026-09-01 05:20:40.062] [info] [[94mHttpSession.cpp[0m:[95m576[0m [96mhandleGetGraphData[0m] get_graph_data success
[2026-09-01 05:20:40.299] [info] [[94mControllerAndOtherEventHandler.cpp[0m:[95m239[0m [96moperator()[0m] Accepted new connection
[2026-09-01 05:20:40.299] [info] [[94mHttpSession.cpp[0m:[95m96[0m [96mhandleRequest[0m] Got request: GET /ndt/get_graph_data
[2026-09-01 05:20:40.299] [info] [[94mHttpSession.cpp[0m:[95m531[0m [96mhandleGetGraphData[0m] Handle Get Graph Data
[2026-09-01 05:20:40.318] [info] [[94mHttpSession.cpp[0m:[95m576[0m [96mhandleGetGraphData[0m] get_graph_data success
[2026-09-01 05:20:40.549] [info] [[94mControllerAndOtherEventHandler.cpp[0m:[95m239[0m [96moperator()[0m] Accepted new connection
[2026-09-01 05:20:40.549] [info] [[94mHttpSession.cpp[0m:[95m96[0m [96mhandleRequest[0m] Got request: GET /ndt/get_graph_data
[2026-09-01 05:20:40.549] [info] [[94mHttpSession.cpp[0m:[95m531[0m [96mhandleGetGraphData[0m] Handle Get Graph Data
[2026-09-01 05:20:40.567] [info] [[94mHttpSession.cpp[0m:[95m576[0m [96mhandleGetGraphData[0m] get_graph_data success
[2026-09-01 05:20:40.799] [info] [[94mControllerAndOtherEventHandler.cpp[0m:[95m239[0m [96moperator()[0m] Accepted new connection
[2026-09-01 05:20:40.799] [info] [[94mHttpSession.cpp[0m:[95m96[0m [96mhandleRequest[0m] Got request: GET /ndt/get_graph_data
[2026-09-01 05:20:40.799] [info] [[94mHttpSession.cpp[0m:[95m531[0m [96mhandleGetGraphData[0m] Handle Get Graph Data
[2026-09-01 05:20:40.817] [info] [[94mHttpSession.cpp[0m:[95m576[0m [96mhandleGetGraphData[0m] get_graph_data success
[2026-09-01 05:20:41.050] [info] [[94mControllerAndOtherEventHandler.cpp[0m:[95m239[0m [96moperator()[0m] Accepted new connection
[2026-09-01 05:20:41.050] [info] [[94mHttpSession.cpp[0m:[95m96[0m [96mhandleRequest[0m] Got request: GET /ndt/get_graph_data
[2026-09-01 05:20:41.050] [info] [[94mHttpSession.cpp[0m:[95m531[0m [96mhandleGetGraphData[0m] Handle Get Graph Data
[2026-09-01 05:20:41.068] [info] [[94mHttpSession.cpp[0m:[95m576[0m [96mhandleGetGraphData[0m] get_graph_data success
[2026-09-01 05:20:41.299] [info] [[94mControllerAndOtherEventHandler.cpp[0m:[95m239[0m [96moperator()[0m] Accepted new connection
[2026-09-01 05:20:41.299] [info] [[94mHttpSession.cpp[0m:[95m96[0m [96mhandleRequest[0m] Got request: GET /ndt/get_graph_data
[2026-09-01 05:20:41.299] [info] [[94mHttpSession.cpp[0m:[95m531[0m [96mhandleGetGraphData[0m] Handle Get Graph Data
[2026-09-01 05:20:41.318] [info] [[94mHttpSession.cpp[0m:[95m576[0m [96mhandleGetGraphData[0m] get_graph_data success
[2026-09-01 05:20:41.549] [info] [[94mControllerAndOtherEventHandler.cpp[0m:[95m239[0m [96moperator()[0m] Accepted new connection
[2026-09-01 05:20:41.550] [info] [[94mHttpSession.cpp[0m:[95m96[0m [96mhandleRequest[0m] Got request: GET /ndt/get_graph_data
[2026-09-01 05:20:41.550] [info] [[94mHttpSession.cpp[0m:[95m531[0m [96mhandleGetGraphData[0m] Handle Get Graph Data
[2026-09-01 05:20:41.562] [info] [[94mHttpSession.cpp[0m:[95m576[0m [96mhandleGetGraphData[0m] get_graph_data success
[2026-09-01 05:20:41.800] [info] [[94mControllerAndOtherEventHandler.cpp[0m:[95m239[0m [96moperator()[0m] Accepted new connection
[2026-09-01 05:20:41.800] [info] [[94mHttpSession.cpp[0m:[95m96[0m [96mhandleRequest[0m] Got request: GET /ndt/get_graph_data
[2026-09-01 05:20:41.800] [info] [[94mHttpSession.cpp[0m:[95m531[0m [96mhandleGetGraphData[0m] Handle Get Graph Data
[2026-09-01 05:20:41.814] [info] [[94mHttpSession.cpp[0m:[95m576[0m [96mhandleGetGraphData[0m] get_graph_data success
[2026-09-01 05:20:42.049] [info] [[94mControllerAndOtherEventHandler.cpp[0m:[95m239[0m [96moperator()[0m] Accepted new connection
[2026-09-01 05:20:42.049] [info] [[94mHttpSession.cpp[0m:[95m96[0m [96mhandleRequest[0m] Got request: GET /ndt/get_graph_data
[2026-09-01 05:20:42.049] [info] [[94mHttpSession.cpp[0m:[95m531[0m [96mhandleGetGraphData[0m] Handle Get Graph Data
[2026-09-01 05:20:42.063] [info] [[94mHttpSession.cpp[0m:[95m576[0m [96mhandleGetGraphData[0m] get_graph_data success
[2026-09-01 05:20:42.299] [info] [[94mControllerAndOtherEventHandler.cpp[0m:[95m239[0m [96moperator()[0m] Accepted new connection
[2026-09-01 05:20:42.299] [info] [[94mHttpSession.cpp[0m:[95m96[0m [96mhandleRequest[0m] Got request: GET /ndt/get_graph_data
[2026-09-01 05:20:42.299] [info] [[94mHttpSession.cpp[0m:[95m531[0m [96mhandleGetGraphData[0m] Handle Get Graph Data
[2026-09-01 05:20:42.318] [info] [[94mHttpSession.cpp[0m:[95m576[0m [96mhandleGetGraphData[0m] get_graph_data success
[2026-09-01 05:20:42.550] [info] [[94mControllerAndOtherEventHandler.cpp[0m:[95m239[0m [96moperator()[0m] Accepted new connection
[2026-09-01 05:20:42.550] [info] [[94mHttpSession.cpp[0m:[95m96[0m [96mhandleRequest[0m] Got request: GET /ndt/get_graph_data
[2026-09-01 05:20:42.550] [info] [[94mHttpSession.cpp[0m:[95m531[0m [96mhandleGetGraphData[0m] Handle Get Graph Data
[2026-09-01 05:20:42.569] [info] [[94mHttpSession.cpp[0m:[95m576[0m [96mhandleGetGraphData[0m] get_graph_data success
[2026-09-01 05:20:42.800] [info] [[94mControllerAndOtherEventHandler.cpp[0m:[95m239[0m [96moperator()[0m] Accepted new connection
[2026-09-01 05:20:42.800] [info] [[94mHttpSession.cpp[0m:[95m96[0m [96mhandleRequest[0m] Got request: GET /ndt/get_graph_data
[2026-09-01 05:20:42.800] [info] [[94mHttpSession.cpp[0m:[95m531[0m [96mhandleGetGraphData[0m] Handle Get Graph Data
[2026-09-01 05:20:42.819] [info] [[94mHttpSession.cpp[0m:[95m576[0m [96mhandleGetGraphData[0m] get_graph_data success
[2026-09-01 05:20:43.050] [info] [[94mControllerAndOtherEventHandler.cpp[0m:[95m239[0m [96moperator()[0m] Accepted new connection
[2026-09-01 05:20:43.050] [info] [[94mHttpSession.cpp[0m:[95m96[0m [96mhandleRequest[0m] Got request: GET /ndt/get_graph_data
[2026-09-01 05:20:43.050] [info] [[94mHttpSession.cpp[0m:[95m531[0m [96mhandleGetGraphData[0m] Handle Get Graph Data
[2026-09-01 05:20:43.065] [info] [[94mHttpSession.cpp[0m:[95m576[0m [96mhandleGetGraphData[0m] get_graph_data success
[2026-09-01 05:20:43.300] [info] [[94mControllerAndOtherEventHandler.cpp[0m:[95m239[0m [96moperator()[0m] Accepted new connection
[2026-09-01 05:20:43.300] [info] [[94mHttpSession.cpp[0m:[95m96[0m [96mhandleRequest[0m] Got request: GET /ndt/get_graph_data
[2026-09-01 05:20:43.300] [info] [[94mHttpSession.cpp[0m:[95m531[0m [96mhandleGetGraphData[0m] Handle Get Graph Data
[2026-09-01 05:20:43.319] [info] [[94mHttpSession.cpp[0m:[95m576[0m [96mhandleGetGraphData[0m] get_graph_data success
[2026-09-01 05:20:43.549] [info] [[94mControllerAndOtherEventHandler.cpp[0m:[95m239[0m [96moperator()[0m] Accepted new connection
[2026-09-01 05:20:43.550] [info] [[94mHttpSession.cpp[0m:[95m96[0m [96mhandleRequest[0m] Got request: GET /ndt/get_graph_data
[2026-09-01 05:20:43.550] [info] [[94mHttpSession.cpp[0m:[95m531[0m [96mhandleGetGraphData[0m] Handle Get Graph Data
[2026-09-01 05:20:43.568] [info] [[94mHttpSession.cpp[0m:[95m576[0m [96mhandleGetGraphData[0m] get_graph_data success
[2026-09-01 05:20:43.800] [info] [[94mControllerAndOtherEventHandler.cpp[0m:[95m239[0m [96moperator()[0m] Accepted new connection
[2026-09-01 05:20:43.800] [info] [[94mHttpSession.cpp[0m:[95m96[0m [96mhandleRequest[0m] Got request: GET /ndt/get_graph_data
[2026-09-01 05:20:43.800] [info] [[94mHttpSession.cpp[0m:[95m531[0m [96mhandleGetGraphData[0m] Handle Get Graph Data
[2026-09-01 05:20:43.818] [info] [[94mHttpSession.cpp[0m:[95m576[0m [96mhandleGetGraphData[0m] get_graph_data success
[2026-09-01 05:20:44.051] [info] [[94mControllerAndOtherEventHandler.cpp[0m:[95m239[0m [96moperator()[0m] Accepted new connection
[2026-09-01 05:20:44.051] [info] [[94mHttpSession.cpp[0m:[95m96[0m [96mhandleRequest[0m] Got request: GET /ndt/get_graph_data
[2026-09-01 05:20:44.051] [info] [[94mHttpSession.cpp[0m:[95m531[0m [96mhandleGetGraphData[0m] Handle Get Graph Data
[2026-09-01 05:20:44.069] [info] [[94mHttpSession.cpp[0m:[95m576[0m [96mhandleGetGraphData[0m] get_graph_data success
[2026-09-01 05:20:44.301] [info] [[94mControllerAndOtherEventHandler.cpp[0m:[95m239[0m [96moperator()[0m] Accepted new connection
[2026-09-01 05:20:44.301] [info] [[94mHttpSession.cpp[0m:[95m96[0m [96mhandleRequest[0m] Got request: GET /ndt/get_graph_data
[2026-09-01 05:20:44.301] [info] [[94mHttpSession.cpp[0m:[95m531[0m [96mhandleGetGraphData[0m] Handle Get Graph Data
[2026-09-01 05:20:44.319] [info] [[94mHttpSession.cpp[0m:[95m576[0m [96mhandleGetGraphData[0m] get_graph_data success
[2026-09-01 05:20:44.550] [info] [[94mControllerAndOtherEventHandler.cpp[0m:[95m239[0m [96moperator()[0m] Accepted new connection
[2026-09-01 05:20:44.550] [info] [[94mHttpSession.cpp[0m:[95m96[0m [96mhandleRequest[0m] Got request: GET /ndt/get_graph_data
[2026-09-01 05:20:44.550] [info] [[94mHttpSession.cpp[0m:[95m531[0m [96mhandleGetGraphData[0m] Handle Get Graph Data
[2026-09-01 05:20:44.567] [info] [[94mHttpSession.cpp[0m:[95m576[0m [96mhandleGetGraphData[0m] get_graph_data success
[2026-09-01 05:20:44.800] [info] [[94mControllerAndOtherEventHandler.cpp[0m:[95m239[0m [96moperator()[0m] Accepted new connection
[2026-09-01 05:20:44.800] [info] [[94mHttpSession.cpp[0m:[95m96[0m [96mhandleRequest[0m] Got request: GET /ndt/get_graph_data
[2026-09-01 05:20:44.800] [info] [[94mHttpSession.cpp[0m:[95m531[0m [96mhandleGetGraphData[0m] Handle Get Graph Data
[2026-09-01 05:20:44.818] [info] [[94mHttpSession.cpp[0m:[95m576[0m [96mhandleGetGraphData[0m] get_graph_data success
[2026-09-01 05:20:45.051] [info] [[94mControllerAndOtherEventHandler.cpp[0m:[95m239[0m [96moperator()[0m] Accepted new connection
[2026-09-01 05:20:45.051] [info] [[94mHttpSession.cpp[0m:[95m96[0m [96mhandleRequest[0m] Got request: GET /ndt/get_graph_data
[2026-09-01 05:20:45.051] [info] [[94mHttpSession.cpp[0m:[95m531[0m [96mhandleGetGraphData[0m] Handle Get Graph Data
[2026-09-01 05:20:45.070] [info] [[94mHttpSession.cpp[0m:[95m576[0m [96mhandleGetGraphData[0m] get_graph_data success
[2026-09-01 05:20:45.300] [info] [[94mControllerAndOtherEventHandler.cpp[0m:[95m239[0m [96moperator()[0m] Accepted new connection
[2026-09-01 05:20:45.300] [info] [[94mHttpSession.cpp[0m:[95m96[0m [96mhandleRequest[0m] Got request: GET /ndt/get_graph_data
[2026-09-01 05:20:45.300] [info] [[94mHttpSession.cpp[0m:[95m531[0m [96mhandleGetGraphData[0m] Handle Get Graph Data
[2026-09-01 05:20:45.318] [info] [[94mHttpSession.cpp[0m:[95m576[0m [96mhandleGetGraphData[0m] get_graph_data success
[2026-09-01 05:20:45.551] [info] [[94mControllerAndOtherEventHandler.cpp[0m:[95m239[0m [96moperator()[0m] Accepted new connection
[2026-09-01 05:20:45.551] [info] [[94mHttpSession.cpp[0m:[95m96[0m [96mhandleRequest[0m] Got request: GET /ndt/get_graph_data
[2026-09-01 05:20:45.551] [info] [[94mHttpSession.cpp[0m:[95m531[0m [96mhandleGetGraphData[0m] Handle Get Graph Data
[2026-09-01 05:20:45.570] [info] [[94mHttpSession.cpp[0m:[95m576[0m [96mhandleGetGraphData[0m] get_graph_data success
[2026-09-01 05:20:45.801] [info] [[94mControllerAndOtherEventHandler.cpp[0m:[95m239[0m [96moperator()[0m] Accepted new connection
[2026-09-01 05:20:45.801] [info] [[94mHttpSession.cpp[0m:[95m96[0m [96mhandleRequest[0m] Got request: GET /ndt/get_graph_data
[2026-09-01 05:20:45.801] [info] [[94mHttpSession.cpp[0m:[95m531[0m [96mhandleGetGraphData[0m] Handle Get Graph Data
[2026-09-01 05:20:45.820] [info] [[94mHttpSession.cpp[0m:[95m576[0m [96mhandleGetGraphData[0m] get_graph_data success
[2026-09-01 05:20:46.051] [info] [[94mControllerAndOtherEventHandler.cpp[0m:[95m239[0m [96moperator()[0m] Accepted new connection
[2026-09-01 05:20:46.051] [info] [[94mHttpSession.cpp[0m:[95m96[0m [96mhandleRequest[0m] Got request: GET /ndt/get_graph_data
[2026-09-01 05:20:46.051] [info] [[94mHttpSession.cpp[0m:[95m531[0m [96mhandleGetGraphData[0m] Handle Get Graph Data
[2026-09-01 05:20:46.066] [info] [[94mHttpSession.cpp[0m:[95m576[0m [96mhandleGetGraphData[0m] get_graph_data success
[2026-09-01 05:20:46.301] [info] [[94mControllerAndOtherEventHandler.cpp[0m:[95m239[0m [96moperator()[0m] Accepted new connection
[2026-09-01 05:20:46.301] [info] [[94mHttpSession.cpp[0m:[95m96[0m [96mhandleRequest[0m] Got request: GET /ndt/get_graph_data
[2026-09-01 05:20:46.301] [info] [[94mHttpSession.cpp[0m:[95m531[0m [96mhandleGetGraphData[0m] Handle Get Graph Data
[2026-09-01 05:20:46.312] [info] [[94mHttpSession.cpp[0m:[95m576[0m [96mhandleGetGraphData[0m] get_graph_data success
[2026-09-01 05:20:46.551] [info] [[94mControllerAndOtherEventHandler.cpp[0m:[95m239[0m [96moperator()[0m] Accepted new connection
[2026-09-01 05:20:46.551] [info] [[94mHttpSession.cpp[0m:[95m96[0m [96mhandleRequest[0m] Got request: GET /ndt/get_graph_data
[2026-09-01 05:20:46.551] [info] [[94mHttpSession.cpp[0m:[95m531[0m [96mhandleGetGraphData[0m] Handle Get Graph Data
[2026-09-01 05:20:46.569] [info] [[94mHttpSession.cpp[0m:[95m576[0m [96mhandleGetGraphData[0m] get_graph_data success
[2026-09-01 05:20:46.801] [info] [[94mControllerAndOtherEventHandler.cpp[0m:[95m239[0m [96moperator()[0m] Accepted new connection
[2026-09-01 05:20:46.802] [info] [[94mHttpSession.cpp[0m:[95m96[0m [96mhandleRequest[0m] Got request: GET /ndt/get_graph_data
[2026-09-01 05:20:46.802] [info] [[94mHttpSession.cpp[0m:[95m531[0m [96mhandleGetGraphData[0m] Handle Get Graph Data
[2026-09-01 05:20:46.817] [info] [[94mHttpSession.cpp[0m:[95m576[0m [96mhandleGetGraphData[0m] get_graph_data success
[2026-09-01 05:20:47.051] [info] [[94mControllerAndOtherEventHandler.cpp[0m:[95m239[0m [96moperator()[0m] Accepted new connection
[2026-09-01 05:20:47.051] [info] [[94mHttpSession.cpp[0m:[95m96[0m [96mhandleRequest[0m] Got request: GET /ndt/get_graph_data
[2026-09-01 05:20:47.051] [info] [[94mHttpSession.cpp[0m:[95m531[0m [96mhandleGetGraphData[0m] Handle Get Graph Data
[2026-09-01 05:20:47.068] [info] [[94mHttpSession.cpp[0m:[95m576[0m [96mhandleGetGraphData[0m] get_graph_data success
[2026-09-01 05:20:47.301] [info] [[94mControllerAndOtherEventHandler.cpp[0m:[95m239[0m [96moperator()[0m] Accepted new connection
[2026-09-01 05:20:47.301] [info] [[94mHttpSession.cpp[0m:[95m96[0m [96mhandleRequest[0m] Got request: GET /ndt/get_graph_data
[2026-09-01 05:20:47.301] [info] [[94mHttpSession.cpp[0m:[95m531[0m [96mhandleGetGraphData[0m] Handle Get Graph Data
[2026-09-01 05:20:47.312] [info] [[94mHttpSession.cpp[0m:[95m576[0m [96mhandleGetGraphData[0m] get_graph_data success
[2026-09-01 05:20:47.551] [info] [[94mControllerAndOtherEventHandler.cpp[0m:[95m239[0m [96moperator()[0m] Accepted new connection
[2026-09-01 05:20:47.551] [info] [[94mHttpSession.cpp[0m:[95m96[0m [96mhandleRequest[0m] Got request: GET /ndt/get_graph_data
[2026-09-01 05:20:47.551] [info] [[94mHttpSession.cpp[0m:[95m531[0m [96mhandleGetGraphData[0m] Handle Get Graph Data
[2026-09-01 05:20:47.562] [info] [[94mHttpSession.cpp[0m:[95m576[0m [96mhandleGetGraphData[0m] get_graph_data success
[2026-09-01 05:20:47.802] [info] [[94mControllerAndOtherEventHandler.cpp[0m:[95m239[0m [96moperator()[0m] Accepted new connection
[2026-09-01 05:20:47.802] [info] [[94mHttpSession.cpp[0m:[95m96[0m [96mhandleRequest[0m] Got request: GET /ndt/get_graph_data
[2026-09-01 05:20:47.802] [info] [[94mHttpSession.cpp[0m:[95m531[0m [96mhandleGetGraphData[0m] Handle Get Graph Data
[2026-09-01 05:20:47.815] [info] [[94mHttpSession.cpp[0m:[95m576[0m [96mhandleGetGraphData[0m] get_graph_data success
[2026-09-01 05:20:48.052] [info] [[94mControllerAndOtherEventHandler.cpp[0m:[95m239[0m [96moperator()[0m] Accepted new connection
[2026-09-01 05:20:48.052] [info] [[94mHttpSession.cpp[0m:[95m96[0m [96mhandleRequest[0m] Got request: GET /ndt/get_graph_data
[2026-09-01 05:20:48.052] [info] [[94mHttpSession.cpp[0m:[95m531[0m [96mhandleGetGraphData[0m] Handle Get Graph Data
[2026-09-01 05:20:48.069] [info] [[94mHttpSession.cpp[0m:[95m576[0m [96mhandleGetGraphData[0m] get_graph_data success
[2026-09-01 05:20:48.301] [info] [[94mControllerAndOtherEventHandler.cpp[0m:[95m239[0m [96moperator()[0m] Accepted new connection
[2026-09-01 05:20:48.301] [info] [[94mHttpSession.cpp[0m:[95m96[0m [96mhandleRequest[0m] Got request: GET /ndt/get_graph_data
[2026-09-01 05:20:48.301] [info] [[94mHttpSession.cpp[0m:[95m531[0m [96mhandleGetGraphData[0m] Handle Get Graph Data
[2026-09-01 05:20:48.314] [info] [[94mHttpSession.cpp[0m:[95m576[0m [96mhandleGetGraphData[0m] get_graph_data success
[2026-09-01 05:20:48.552] [info] [[94mControllerAndOtherEventHandler.cpp[0m:[95m239[0m [96moperator()[0m] Accepted new connection
[2026-09-01 05:20:48.552] [info] [[94mHttpSession.cpp[0m:[95m96[0m [96mhandleRequest[0m] Got request: GET /ndt/get_graph_data
[2026-09-01 05:20:48.552] [info] [[94mHttpSession.cpp[0m:[95m531[0m [96mhandleGetGraphData[0m] Handle Get Graph Data
[2026-09-01 05:20:48.571] [info] [[94mHttpSession.cpp[0m:[95m576[0m [96mhandleGetGraphData[0m] get_graph_data success
[2026-09-01 05:20:48.802] [info] [[94mControllerAndOtherEventHandler.cpp[0m:[95m239[0m [96moperator()[0m] Accepted new connection
[2026-09-01 05:20:48.802] [info] [[94mHttpSession.cpp[0m:[95m96[0m [96mhandleRequest[0m] Got request: GET /ndt/get_graph_data
[2026-09-01 05:20:48.802] [info] [[94mHttpSession.cpp[0m:[95m531[0m [96mhandleGetGraphData[0m] Handle Get Graph Data
[2026-09-01 05:20:48.815] [info] [[94mHttpSession.cpp[0m:[95m576[0m [96mhandleGetGraphData[0m] get_graph_data success
[2026-09-01 05:20:49.052] [info] [[94mControllerAndOtherEventHandler.cpp[0m:[95m239[0m [96moperator()[0m] Accepted new connection
[2026-09-01 05:20:49.052] [info] [[94mHttpSession.cpp[0m:[95m96[0m [96mhandleRequest[0m] Got request: GET /ndt/get_graph_data
[2026-09-01 05:20:49.052] [info] [[94mHttpSession.cpp[0m:[95m531[0m [96mhandleGetGraphData[0m] Handle Get Graph Data
[2026-09-01 05:20:49.065] [info] [[94mHttpSession.cpp[0m:[95m576[0m [96mhandleGetGraphData[0m] get_graph_data success
[2026-09-01 05:20:49.302] [info] [[94mControllerAndOtherEventHandler.cpp[0m:[95m239[0m [96moperator()[0m] Accepted new connection
[2026-09-01 05:20:49.302] [info] [[94mHttpSession.cpp[0m:[95m96[0m [96mhandleRequest[0m] Got request: GET /ndt/get_graph_data
[2026-09-01 05:20:49.303] [info] [[94mHttpSession.cpp[0m:[95m531[0m [96mhandleGetGraphData[0m] Handle Get Graph Data
[2026-09-01 05:20:49.322] [info] [[94mHttpSession.cpp[0m:[95m576[0m [96mhandleGetGraphData[0m] get_graph_data success
[2026-09-01 05:20:49.552] [info] [[94mControllerAndOtherEventHandler.cpp[0m:[95m239[0m [96moperator()[0m] Accepted new connection
[2026-09-01 05:20:49.553] [info] [[94mHttpSession.cpp[0m:[95m96[0m [96mhandleRequest[0m] Got request: GET /ndt/get_graph_data
[2026-09-01 05:20:49.553] [info] [[94mHttpSession.cpp[0m:[95m531[0m [96mhandleGetGraphData[0m] Handle Get Graph Data
[2026-09-01 05:20:49.571] [info] [[94mHttpSession.cpp[0m:[95m576[0m [96mhandleGetGraphData[0m] get_graph_data success
[2026-09-01 05:20:49.802] [info] [[94mControllerAndOtherEventHandler.cpp[0m:[95m239[0m [96moperator()[0m] Accepted new connection
[2026-09-01 05:20:49.803] [info] [[94mHttpSession.cpp[0m:[95m96[0m [96mhandleRequest[0m] Got request: GET /ndt/get_graph_data
[2026-09-01 05:20:49.803] [info] [[94mHttpSession.cpp[0m:[95m531[0m [96mhandleGetGraphData[0m] Handle Get Graph Data
[2026-09-01 05:20:49.821] [info] [[94mHttpSession.cpp[0m:[95m576[0m [96mhandleGetGraphData[0m] get_graph_data success
[2026-09-01 05:20:50.052] [info] [[94mControllerAndOtherEventHandler.cpp[0m:[95m239[0m [96moperator()[0m] Accepted new connection
[2026-09-01 05:20:50.053] [info] [[94mHttpSession.cpp[0m:[95m96[0m [96mhandleRequest[0m] Got request: GET /ndt/get_graph_data
[2026-09-01 05:20:50.053] [info] [[94mHttpSession.cpp[0m:[95m531[0m [96mhandleGetGraphData[0m] Handle Get Graph Data
[2026-09-01 05:20:50.070] [info] [[94mHttpSession.cpp[0m:[95m576[0m [96mhandleGetGraphData[0m] get_graph_data success
[2026-09-01 05:20:50.303] [info] [[94mControllerAndOtherEventHandler.cpp[0m:[95m239[0m [96moperator()[0m] Accepted new connection
[2026-09-01 05:20:50.303] [info] [[94mHttpSession.cpp[0m:[95m96[0m [96mhandleRequest[0m] Got request: GET /ndt/get_graph_data
[2026-09-01 05:20:50.303] [info] [[94mHttpSession.cpp[0m:[95m531[0m [96mhandleGetGraphData[0m] Handle Get Graph Data
[2026-09-01 05:20:50.320] [info] [[94mHttpSession.cpp[0m:[95m576[0m [96mhandleGetGraphData[0m] get_graph_data success
[2026-09-01 05:20:50.553] [info] [[94mControllerAndOtherEventHandler.cpp[0m:[95m239[0m [96moperator()[0m] Accepted new connection
[2026-09-01 05:20:50.553] [info] [[94mHttpSession.cpp[0m:[95m96[0m [96mhandleRequest[0m] Got request: GET /ndt/get_graph_data
[2026-09-01 05:20:50.553] [info] [[94mHttpSession.cpp[0m:[95m531[0m [96mhandleGetGraphData[0m] Handle Get Graph Data
[2026-09-01 05:20:50.571] [info] [[94mHttpSession.cpp[0m:[95m576[0m [96mhandleGetGraphData[0m] get_graph_data success
[2026-09-01 05:20:50.803] [info] [[94mControllerAndOtherEventHandler.cpp[0m:[95m239[0m [96moperator()[0m] Accepted new connection
[2026-09-01 05:20:50.803] [info] [[94mHttpSession.cpp[0m:[95m96[0m [96mhandleRequest[0m] Got request: GET /ndt/get_graph_data
[2026-09-01 05:20:50.803] [info] [[94mHttpSession.cpp[0m:[95m531[0m [96mhandleGetGraphData[0m] Handle Get Graph Data
[2026-09-01 05:20:50.822] [info] [[94mHttpSession.cpp[0m:[95m576[0m [96mhandleGetGraphData[0m] get_graph_data success
[2026-09-01 05:20:51.053] [info] [[94mControllerAndOtherEventHandler.cpp[0m:[95m239[0m [96moperator()[0m] Accepted new connection
[2026-09-01 05:20:51.053] [info] [[94mHttpSession.cpp[0m:[95m96[0m [96mhandleRequest[0m] Got request: GET /ndt/get_graph_data
[2026-09-01 05:20:51.053] [info] [[94mHttpSession.cpp[0m:[95m531[0m [96mhandleGetGraphData[0m] Handle Get Graph Data
[2026-09-01 05:20:51.072] [info] [[94mHttpSession.cpp[0m:[95m576[0m [96mhandleGetGraphData[0m] get_graph_data success
[2026-09-01 05:20:51.302] [info] [[94mControllerAndOtherEventHandler.cpp[0m:[95m239[0m [96moperator()[0m] Accepted new connection
[2026-09-01 05:20:51.302] [info] [[94mHttpSession.cpp[0m:[95m96[0m [96mhandleRequest[0m] Got request: GET /ndt/get_graph_data
[2026-09-01 05:20:51.302] [info] [[94mHttpSession.cpp[0m:[95m531[0m [96mhandleGetGraphData[0m] Handle Get Graph Data
[2026-09-01 05:20:51.317] [info] [[94mHttpSession.cpp[0m:[95m576[0m [96mhandleGetGraphData[0m] get_graph_data success
[2026-09-01 05:20:51.553] [info] [[94mControllerAndOtherEventHandler.cpp[0m:[95m239[0m [96moperator()[0m] Accepted new connection
[2026-09-01 05:20:51.553] [info] [[94mHttpSession.cpp[0m:[95m96[0m [96mhandleRequest[0m] Got request: GET /ndt/get_graph_data
[2026-09-01 05:20:51.553] [info] [[94mHttpSession.cpp[0m:[95m531[0m [96mhandleGetGraphData[0m] Handle Get Graph Data
[2026-09-01 05:20:51.565] [info] [[94mHttpSession.cpp[0m:[95m576[0m [96mhandleGetGraphData[0m] get_graph_data success
[2026-09-01 05:20:51.803] [info] [[94mControllerAndOtherEventHandler.cpp[0m:[95m239[0m [96moperator()[0m] Accepted new connection
[2026-09-01 05:20:51.803] [info] [[94mHttpSession.cpp[0m:[95m96[0m [96mhandleRequest[0m] Got request: GET /ndt/get_graph_data
[2026-09-01 05:20:51.803] [info] [[94mHttpSession.cpp[0m:[95m531[0m [96mhandleGetGraphData[0m] Handle Get Graph Data
[2026-09-01 05:20:51.819] [info] [[94mHttpSession.cpp[0m:[95m576[0m [96mhandleGetGraphData[0m] get_graph_data success
[2026-09-01 05:20:52.053] [info] [[94mControllerAndOtherEventHandler.cpp[0m:[95m239[0m [96moperator()[0m] Accepted new connection
[2026-09-01 05:20:52.053] [info] [[94mHttpSession.cpp[0m:[95m96[0m [96mhandleRequest[0m] Got request: GET /ndt/get_graph_data
[2026-09-01 05:20:52.053] [info] [[94mHttpSession.cpp[0m:[95m531[0m [96mhandleGetGraphData[0m] Handle Get Graph Data
[2026-09-01 05:20:52.071] [info] [[94mHttpSession.cpp[0m:[95m576[0m [96mhandleGetGraphData[0m] get_graph_data success
[2026-09-01 05:20:52.303] [info] [[94mControllerAndOtherEventHandler.cpp[0m:[95m239[0m [96moperator()[0m] Accepted new connection
[2026-09-01 05:20:52.303] [info] [[94mHttpSession.cpp[0m:[95m96[0m [96mhandleRequest[0m] Got request: GET /ndt/get_graph_data
[2026-09-01 05:20:52.303] [info] [[94mHttpSession.cpp[0m:[95m531[0m [96mhandleGetGraphData[0m] Handle Get Graph Data
[2026-09-01 05:20:52.321] [info] [[94mHttpSession.cpp[0m:[95m576[0m [96mhandleGetGraphData[0m] get_graph_data success
[2026-09-01 05:20:52.553] [info] [[94mControllerAndOtherEventHandler.cpp[0m:[95m239[0m [96moperator()[0m] Accepted new connection
[2026-09-01 05:20:52.553] [info] [[94mHttpSession.cpp[0m:[95m96[0m [96mhandleRequest[0m] Got request: GET /ndt/get_graph_data
[2026-09-01 05:20:52.553] [info] [[94mHttpSession.cpp[0m:[95m531[0m [96mhandleGetGraphData[0m] Handle Get Graph Data
[2026-09-01 05:20:52.571] [info] [[94mHttpSession.cpp[0m:[95m576[0m [96mhandleGetGraphData[0m] get_graph_data success
[2026-09-01 05:20:52.803] [info] [[94mControllerAndOtherEventHandler.cpp[0m:[95m239[0m [96moperator()[0m] Accepted new connection
[2026-09-01 05:20:52.803] [info] [[94mHttpSession.cpp[0m:[95m96[0m [96mhandleRequest[0m] Got request: GET /ndt/get_graph_data
[2026-09-01 05:20:52.803] [info] [[94mHttpSession.cpp[0m:[95m531[0m [96mhandleGetGraphData[0m] Handle Get Graph Data
[2026-09-01 05:20:52.818] [info] [[94mHttpSession.cpp[0m:[95m576[0m [96mhandleGetGraphData[0m] get_graph_data success
[2026-09-01 05:20:53.053] [info] [[94mControllerAndOtherEventHandler.cpp[0m:[95m239[0m [96moperator()[0m] Accepted new connection
[2026-09-01 05:20:53.053] [info] [[94mHttpSession.cpp[0m:[95m96[0m [96mhandleRequest[0m] Got request: GET /ndt/get_graph_data
[2026-09-01 05:20:53.053] [info] [[94mHttpSession.cpp[0m:[95m531[0m [96mhandleGetGraphData[0m] Handle Get Graph Data
[2026-09-01 05:20:53.069] [info] [[94mHttpSession.cpp[0m:[95m576[0m [96mhandleGetGraphData[0m] get_graph_data success
[2026-09-01 05:20:53.303] [info] [[94mControllerAndOtherEventHandler.cpp[0m:[95m239[0m [96moperator()[0m] Accepted new connection
[2026-09-01 05:20:53.303] [info] [[94mHttpSession.cpp[0m:[95m96[0m [96mhandleRequest[0m] Got request: GET /ndt/get_graph_data
[2026-09-01 05:20:53.303] [info] [[94mHttpSession.cpp[0m:[95m531[0m [96mhandleGetGraphData[0m] Handle Get Graph Data
[2026-09-01 05:20:53.317] [info] [[94mHttpSession.cpp[0m:[95m576[0m [96mhandleGetGraphData[0m] get_graph_data success
[2026-09-01 05:20:53.553] [info] [[94mControllerAndOtherEventHandler.cpp[0m:[95m239[0m [96moperator()[0m] Accepted new connection
[2026-09-01 05:20:53.553] [info] [[94mHttpSession.cpp[0m:[95m96[0m [96mhandleRequest[0m] Got request: GET /ndt/get_graph_data
[2026-09-01 05:20:53.553] [info] [[94mHttpSession.cpp[0m:[95m531[0m [96mhandleGetGraphData[0m] Handle Get Graph Data
[2026-09-01 05:20:53.568] [info] [[94mHttpSession.cpp[0m:[95m576[0m [96mhandleGetGraphData[0m] get_graph_data success
[2026-09-01 05:20:53.804] [info] [[94mControllerAndOtherEventHandler.cpp[0m:[95m239[0m [96moperator()[0m] Accepted new connection
[2026-09-01 05:20:53.804] [info] [[94mHttpSession.cpp[0m:[95m96[0m [96mhandleRequest[0m] Got request: GET /ndt/get_graph_data
[2026-09-01 05:20:53.804] [info] [[94mHttpSession.cpp[0m:[95m531[0m [96mhandleGetGraphData[0m] Handle Get Graph Data
[2026-09-01 05:20:53.823] [info] [[94mHttpSession.cpp[0m:[95m576[0m [96mhandleGetGraphData[0m] get_graph_data success
[2026-09-01 05:20:54.054] [info] [[94mControllerAndOtherEventHandler.cpp[0m:[95m239[0m [96moperator()[0m] Accepted new connection
[2026-09-01 05:20:54.054] [info] [[94mHttpSession.cpp[0m:[95m96[0m [96mhandleRequest[0m] Got request: GET /ndt/get_graph_data
[2026-09-01 05:20:54.054] [info] [[94mHttpSession.cpp[0m:[95m531[0m [96mhandleGetGraphData[0m] Handle Get Graph Data
[2026-09-01 05:20:54.071] [info] [[94mHttpSession.cpp[0m:[95m576[0m [96mhandleGetGraphData[0m] get_graph_data success
[2026-09-01 05:20:54.303] [info] [[94mControllerAndOtherEventHandler.cpp[0m:[95m239[0m [96moperator()[0m] Accepted new connection
[2026-09-01 05:20:54.303] [info] [[94mHttpSession.cpp[0m:[95m96[0m [96mhandleRequest[0m] Got request: GET /ndt/get_graph_data
[2026-09-01 05:20:54.303] [info] [[94mHttpSession.cpp[0m:[95m531[0m [96mhandleGetGraphData[0m] Handle Get Graph Data
[2026-09-01 05:20:54.320] [info] [[94mHttpSession.cpp[0m:[95m576[0m [96mhandleGetGraphData[0m] get_graph_data success
[2026-09-01 05:20:54.553] [info] [[94mControllerAndOtherEventHandler.cpp[0m:[95m239[0m [96moperator()[0m] Accepted new connection
[2026-09-01 05:20:54.554] [info] [[94mHttpSession.cpp[0m:[95m96[0m [96mhandleRequest[0m] Got request: GET /ndt/get_graph_data
[2026-09-01 05:20:54.554] [info] [[94mHttpSession.cpp[0m:[95m531[0m [96mhandleGetGraphData[0m] Handle Get Graph Data
[2026-09-01 05:20:54.567] [info] [[94mHttpSession.cpp[0m:[95m576[0m [96mhandleGetGraphData[0m] get_graph_data success
[2026-09-01 05:20:54.804] [info] [[94mControllerAndOtherEventHandler.cpp[0m:[95m239[0m [96moperator()[0m] Accepted new connection
[2026-09-01 05:20:54.804] [info] [[94mHttpSession.cpp[0m:[95m96[0m [96mhandleRequest[0m] Got request: GET /ndt/get_graph_data
[2026-09-01 05:20:54.804] [info] [[94mHttpSession.cpp[0m:[95m531[0m [96mhandleGetGraphData[0m] Handle Get Graph Data
[2026-09-01 05:20:54.821] [info] [[94mHttpSession.cpp[0m:[95m576[0m [96mhandleGetGraphData[0m] get_graph_data success
[2026-09-01 05:20:55.054] [info] [[94mControllerAndOtherEventHandler.cpp[0m:[95m239[0m [96moperator()[0m] Accepted new connection
[2026-09-01 05:20:55.054] [info] [[94mHttpSession.cpp[0m:[95m96[0m [96mhandleRequest[0m] Got request: GET /ndt/get_graph_data
[2026-09-01 05:20:55.054] [info] [[94mHttpSession.cpp[0m:[95m531[0m [96mhandleGetGraphData[0m] Handle Get Graph Data
[2026-09-01 05:20:55.063] [info] [[94mFlowLinkUsageCollector.cpp[0m:[95m1807[0m [96mcalAvgFlowSendingRatesPeriodically[0m] rate loop period: last 30 iters mean 1000.8 ms | since start (209 iters) mean 1000.6 ms, min 1000.1, max 1002.3 (flows=1, counters=3) -- the LAST-N figure is the current denominator; the since-start one lags it
[2026-09-01 05:20:55.064] [info] [[94mFlowLinkUsageCollector.cpp[0m:[95m2016[0m [96mcalAvgFlowSendingRatesPeriodically[0m] rate divisor check: measured_interval_s=1.000665 divisor_used_s=1.000665 (ticket Q gate: these must agree to 1%; a negative divisor means no rate has been published yet, which is not a pass)
[2026-09-01 05:20:55.068] [info] [[94mHttpSession.cpp[0m:[95m576[0m [96mhandleGetGraphData[0m] get_graph_data success
[2026-09-01 05:20:55.304] [info] [[94mControllerAndOtherEventHandler.cpp[0m:[95m239[0m [96moperator()[0m] Accepted new connection
[2026-09-01 05:20:55.304] [info] [[94mHttpSession.cpp[0m:[95m96[0m [96mhandleRequest[0m] Got request: GET /ndt/get_graph_data
[2026-09-01 05:20:55.304] [info] [[94mHttpSession.cpp[0m:[95m531[0m [96mhandleGetGraphData[0m] Handle Get Graph Data
[2026-09-01 05:20:55.318] [info] [[94mHttpSession.cpp[0m:[95m576[0m [96mhandleGetGraphData[0m] get_graph_data success
[2026-09-01 05:20:55.554] [info] [[94mControllerAndOtherEventHandler.cpp[0m:[95m239[0m [96moperator()[0m] Accepted new connection
[2026-09-01 05:20:55.554] [info] [[94mHttpSession.cpp[0m:[95m96[0m [96mhandleRequest[0m] Got request: GET /ndt/get_graph_data
[2026-09-01 05:20:55.554] [info] [[94mHttpSession.cpp[0m:[95m531[0m [96mhandleGetGraphData[0m] Handle Get Graph Data
[2026-09-01 05:20:55.573] [info] [[94mHttpSession.cpp[0m:[95m576[0m [96mhandleGetGraphData[0m] get_graph_data success
[2026-09-01 05:20:55.804] [info] [[94mControllerAndOtherEventHandler.cpp[0m:[95m239[0m [96moperator()[0m] Accepted new connection
[2026-09-01 05:20:55.805] [info] [[94mHttpSession.cpp[0m:[95m96[0m [96mhandleRequest[0m] Got request: GET /ndt/get_graph_data
[2026-09-01 05:20:55.805] [info] [[94mHttpSession.cpp[0m:[95m531[0m [96mhandleGetGraphData[0m] Handle Get Graph Data
[2026-09-01 05:20:55.823] [info] [[94mHttpSession.cpp[0m:[95m576[0m [96mhandleGetGraphData[0m] get_graph_data success
[2026-09-01 05:20:56.054] [info] [[94mControllerAndOtherEventHandler.cpp[0m:[95m239[0m [96moperator()[0m] Accepted new connection
[2026-09-01 05:20:56.054] [info] [[94mHttpSession.cpp[0m:[95m96[0m [96mhandleRequest[0m] Got request: GET /ndt/get_graph_data
[2026-09-01 05:20:56.054] [info] [[94mHttpSession.cpp[0m:[95m531[0m [96mhandleGetGraphData[0m] Handle Get Graph Data
[2026-09-01 05:20:56.072] [info] [[94mHttpSession.cpp[0m:[95m576[0m [96mhandleGetGraphData[0m] get_graph_data success
[2026-09-01 05:20:56.304] [info] [[94mControllerAndOtherEventHandler.cpp[0m:[95m239[0m [96moperator()[0m] Accepted new connection
[2026-09-01 05:20:56.304] [info] [[94mHttpSession.cpp[0m:[95m96[0m [96mhandleRequest[0m] Got request: GET /ndt/get_graph_data
[2026-09-01 05:20:56.304] [info] [[94mHttpSession.cpp[0m:[95m531[0m [96mhandleGetGraphData[0m] Handle Get Graph Data
[2026-09-01 05:20:56.323] [info] [[94mHttpSession.cpp[0m:[95m576[0m [96mhandleGetGraphData[0m] get_graph_data success
[2026-09-01 05:20:56.555] [info] [[94mControllerAndOtherEventHandler.cpp[0m:[95m239[0m [96moperator()[0m] Accepted new connection
[2026-09-01 05:20:56.555] [info] [[94mHttpSession.cpp[0m:[95m96[0m [96mhandleRequest[0m] Got request: GET /ndt/get_graph_data
[2026-09-01 05:20:56.555] [info] [[94mHttpSession.cpp[0m:[95m531[0m [96mhandleGetGraphData[0m] Handle Get Graph Data
[2026-09-01 05:20:56.571] [info] [[94mHttpSession.cpp[0m:[95m576[0m [96mhandleGetGraphData[0m] get_graph_data success
[2026-09-01 05:20:56.804] [info] [[94mControllerAndOtherEventHandler.cpp[0m:[95m239[0m [96moperator()[0m] Accepted new connection
[2026-09-01 05:20:56.804] [info] [[94mHttpSession.cpp[0m:[95m96[0m [96mhandleRequest[0m] Got request: GET /ndt/get_graph_data
[2026-09-01 05:20:56.804] [info] [[94mHttpSession.cpp[0m:[95m531[0m [96mhandleGetGraphData[0m] Handle Get Graph Data
[2026-09-01 05:20:56.817] [info] [[94mHttpSession.cpp[0m:[95m576[0m [96mhandleGetGraphData[0m] get_graph_data success
[2026-09-01 05:20:57.054] [info] [[94mControllerAndOtherEventHandler.cpp[0m:[95m239[0m [96moperator()[0m] Accepted new connection
[2026-09-01 05:20:57.054] [info] [[94mHttpSession.cpp[0m:[95m96[0m [96mhandleRequest[0m] Got request: GET /ndt/get_graph_data
[2026-09-01 05:20:57.054] [info] [[94mHttpSession.cpp[0m:[95m531[0m [96mhandleGetGraphData[0m] Handle Get Graph Data
[2026-09-01 05:20:57.066] [info] [[94mHttpSession.cpp[0m:[95m576[0m [96mhandleGetGraphData[0m] get_graph_data success
[2026-09-01 05:20:57.304] [info] [[94mControllerAndOtherEventHandler.cpp[0m:[95m239[0m [96moperator()[0m] Accepted new connection
[2026-09-01 05:20:57.304] [info] [[94mHttpSession.cpp[0m:[95m96[0m [96mhandleRequest[0m] Got request: GET /ndt/get_graph_data
[2026-09-01 05:20:57.304] [info] [[94mHttpSession.cpp[0m:[95m531[0m [96mhandleGetGraphData[0m] Handle Get Graph Data
[2026-09-01 05:20:57.315] [info] [[94mHttpSession.cpp[0m:[95m576[0m [96mhandleGetGraphData[0m] get_graph_data success
[2026-09-01 05:20:57.554] [info] [[94mControllerAndOtherEventHandler.cpp[0m:[95m239[0m [96moperator()[0m] Accepted new connection
[2026-09-01 05:20:57.554] [info] [[94mHttpSession.cpp[0m:[95m96[0m [96mhandleRequest[0m] Got request: GET /ndt/get_graph_data
[2026-09-01 05:20:57.554] [info] [[94mHttpSession.cpp[0m:[95m531[0m [96mhandleGetGraphData[0m] Handle Get Graph Data
[2026-09-01 05:20:57.573] [info] [[94mHttpSession.cpp[0m:[95m576[0m [96mhandleGetGraphData[0m] get_graph_data success
[2026-09-01 05:20:57.804] [info] [[94mControllerAndOtherEventHandler.cpp[0m:[95m239[0m [96moperator()[0m] Accepted new connection
[2026-09-01 05:20:57.805] [info] [[94mHttpSession.cpp[0m:[95m96[0m [96mhandleRequest[0m] Got request: GET /ndt/get_graph_data
[2026-09-01 05:20:57.805] [info] [[94mHttpSession.cpp[0m:[95m531[0m [96mhandleGetGraphData[0m] Handle Get Graph Data
[2026-09-01 05:20:57.820] [info] [[94mHttpSession.cpp[0m:[95m576[0m [96mhandleGetGraphData[0m] get_graph_data success
[2026-09-01 05:20:58.054] [info] [[94mControllerAndOtherEventHandler.cpp[0m:[95m239[0m [96moperator()[0m] Accepted new connection
[2026-09-01 05:20:58.054] [info] [[94mHttpSession.cpp[0m:[95m96[0m [96mhandleRequest[0m] Got request: GET /ndt/get_graph_data
[2026-09-01 05:20:58.054] [info] [[94mHttpSession.cpp[0m:[95m531[0m [96mhandleGetGraphData[0m] Handle Get Graph Data
[2026-09-01 05:20:58.068] [info] [[94mHttpSession.cpp[0m:[95m576[0m [96mhandleGetGraphData[0m] get_graph_data success
[2026-09-01 05:20:58.304] [info] [[94mControllerAndOtherEventHandler.cpp[0m:[95m239[0m [96moperator()[0m] Accepted new connection
[2026-09-01 05:20:58.304] [info] [[94mHttpSession.cpp[0m:[95m96[0m [96mhandleRequest[0m] Got request: GET /ndt/get_graph_data
[2026-09-01 05:20:58.304] [info] [[94mHttpSession.cpp[0m:[95m531[0m [96mhandleGetGraphData[0m] Handle Get Graph Data
[2026-09-01 05:20:58.322] [info] [[94mHttpSession.cpp[0m:[95m576[0m [96mhandleGetGraphData[0m] get_graph_data success
[2026-09-01 05:20:58.555] [info] [[94mControllerAndOtherEventHandler.cpp[0m:[95m239[0m [96moperator()[0m] Accepted new connection
[2026-09-01 05:20:58.555] [info] [[94mHttpSession.cpp[0m:[95m96[0m [96mhandleRequest[0m] Got request: GET /ndt/get_graph_data
[2026-09-01 05:20:58.555] [info] [[94mHttpSession.cpp[0m:[95m531[0m [96mhandleGetGraphData[0m] Handle Get Graph Data
[2026-09-01 05:20:58.571] [info] [[94mHttpSession.cpp[0m:[95m576[0m [96mhandleGetGraphData[0m] get_graph_data success
[2026-09-01 05:20:58.805] [info] [[94mControllerAndOtherEventHandler.cpp[0m:[95m239[0m [96moperator()[0m] Accepted new connection
[2026-09-01 05:20:58.805] [info] [[94mHttpSession.cpp[0m:[95m96[0m [96mhandleRequest[0m] Got request: GET /ndt/get_graph_data
[2026-09-01 05:20:58.805] [info] [[94mHttpSession.cpp[0m:[95m531[0m [96mhandleGetGraphData[0m] Handle Get Graph Data
[2026-09-01 05:20:58.823] [info] [[94mHttpSession.cpp[0m:[95m576[0m [96mhandleGetGraphData[0m] get_graph_data success
[2026-09-01 05:20:59.055] [info] [[94mControllerAndOtherEventHandler.cpp[0m:[95m239[0m [96moperator()[0m] Accepted new connection
[2026-09-01 05:20:59.055] [info] [[94mHttpSession.cpp[0m:[95m96[0m [96mhandleRequest[0m] Got request: GET /ndt/get_graph_data
[2026-09-01 05:20:59.055] [info] [[94mHttpSession.cpp[0m:[95m531[0m [96mhandleGetGraphData[0m] Handle Get Graph Data
[2026-09-01 05:20:59.074] [info] [[94mHttpSession.cpp[0m:[95m576[0m [96mhandleGetGraphData[0m] get_graph_data success
[2026-09-01 05:20:59.305] [info] [[94mControllerAndOtherEventHandler.cpp[0m:[95m239[0m [96moperator()[0m] Accepted new connection
[2026-09-01 05:20:59.305] [info] [[94mHttpSession.cpp[0m:[95m96[0m [96mhandleRequest[0m] Got request: GET /ndt/get_graph_data
[2026-09-01 05:20:59.305] [info] [[94mHttpSession.cpp[0m:[95m531[0m [96mhandleGetGraphData[0m] Handle Get Graph Data
[2026-09-01 05:20:59.324] [info] [[94mHttpSession.cpp[0m:[95m576[0m [96mhandleGetGraphData[0m] get_graph_data success
[2026-09-01 05:20:59.555] [info] [[94mControllerAndOtherEventHandler.cpp[0m:[95m239[0m [96moperator()[0m] Accepted new connection
[2026-09-01 05:20:59.555] [info] [[94mHttpSession.cpp[0m:[95m96[0m [96mhandleRequest[0m] Got request: GET /ndt/get_graph_data
[2026-09-01 05:20:59.555] [info] [[94mHttpSession.cpp[0m:[95m531[0m [96mhandleGetGraphData[0m] Handle Get Graph Data
[2026-09-01 05:20:59.574] [info] [[94mHttpSession.cpp[0m:[95m576[0m [96mhandleGetGraphData[0m] get_graph_data success
[2026-09-01 05:20:59.806] [info] [[94mControllerAndOtherEventHandler.cpp[0m:[95m239[0m [96moperator()[0m] Accepted new connection
[2026-09-01 05:20:59.806] [info] [[94mHttpSession.cpp[0m:[95m96[0m [96mhandleRequest[0m] Got request: GET /ndt/get_graph_data
[2026-09-01 05:20:59.806] [info] [[94mHttpSession.cpp[0m:[95m531[0m [96mhandleGetGraphData[0m] Handle Get Graph Data
[2026-09-01 05:20:59.825] [info] [[94mHttpSession.cpp[0m:[95m576[0m [96mhandleGetGraphData[0m] get_graph_data success
[2026-09-01 05:21:00.055] [info] [[94mControllerAndOtherEventHandler.cpp[0m:[95m239[0m [96moperator()[0m] Accepted new connection
[2026-09-01 05:21:00.055] [info] [[94mHttpSession.cpp[0m:[95m96[0m [96mhandleRequest[0m] Got request: GET /ndt/get_graph_data
[2026-09-01 05:21:00.055] [info] [[94mHttpSession.cpp[0m:[95m531[0m [96mhandleGetGraphData[0m] Handle Get Graph Data
[2026-09-01 05:21:00.070] [info] [[94mHttpSession.cpp[0m:[95m576[0m [96mhandleGetGraphData[0m] get_graph_data success
[2026-09-01 05:21:00.305] [info] [[94mControllerAndOtherEventHandler.cpp[0m:[95m239[0m [96moperator()[0m] Accepted new connection
[2026-09-01 05:21:00.305] [info] [[94mHttpSession.cpp[0m:[95m96[0m [96mhandleRequest[0m] Got request: GET /ndt/get_graph_data
[2026-09-01 05:21:00.305] [info] [[94mHttpSession.cpp[0m:[95m531[0m [96mhandleGetGraphData[0m] Handle Get Graph Data
[2026-09-01 05:21:00.317] [info] [[94mHttpSession.cpp[0m:[95m576[0m [96mhandleGetGraphData[0m] get_graph_data success
[2026-09-01 05:21:00.555] [info] [[94mControllerAndOtherEventHandler.cpp[0m:[95m239[0m [96moperator()[0m] Accepted new connection
[2026-09-01 05:21:00.555] [info] [[94mHttpSession.cpp[0m:[95m96[0m [96mhandleRequest[0m] Got request: GET /ndt/get_graph_data
[2026-09-01 05:21:00.555] [info] [[94mHttpSession.cpp[0m:[95m531[0m [96mhandleGetGraphData[0m] Handle Get Graph Data
[2026-09-01 05:21:00.571] [info] [[94mHttpSession.cpp[0m:[95m576[0m [96mhandleGetGraphData[0m] get_graph_data success
[2026-09-01 05:21:00.805] [info] [[94mControllerAndOtherEventHandler.cpp[0m:[95m239[0m [96moperator()[0m] Accepted new connection
[2026-09-01 05:21:00.805] [info] [[94mHttpSession.cpp[0m:[95m96[0m [96mhandleRequest[0m] Got request: GET /ndt/get_graph_data
[2026-09-01 05:21:00.805] [info] [[94mHttpSession.cpp[0m:[95m531[0m [96mhandleGetGraphData[0m] Handle Get Graph Data
[2026-09-01 05:21:00.819] [info] [[94mHttpSession.cpp[0m:[95m576[0m [96mhandleGetGraphData[0m] get_graph_data success
[2026-09-01 05:21:01.056] [info] [[94mControllerAndOtherEventHandler.cpp[0m:[95m239[0m [96moperator()[0m] Accepted new connection
[2026-09-01 05:21:01.056] [info] [[94mHttpSession.cpp[0m:[95m96[0m [96mhandleRequest[0m] Got request: GET /ndt/get_graph_data
[2026-09-01 05:21:01.056] [info] [[94mHttpSession.cpp[0m:[95m531[0m [96mhandleGetGraphData[0m] Handle Get Graph Data
[2026-09-01 05:21:01.075] [info] [[94mHttpSession.cpp[0m:[95m576[0m [96mhandleGetGraphData[0m] get_graph_data success
[2026-09-01 05:21:01.305] [info] [[94mControllerAndOtherEventHandler.cpp[0m:[95m239[0m [96moperator()[0m] Accepted new connection
[2026-09-01 05:21:01.306] [info] [[94mHttpSession.cpp[0m:[95m96[0m [96mhandleRequest[0m] Got request: GET /ndt/get_graph_data
[2026-09-01 05:21:01.306] [info] [[94mHttpSession.cpp[0m:[95m531[0m [96mhandleGetGraphData[0m] Handle Get Graph Data
[2026-09-01 05:21:01.324] [info] [[94mHttpSession.cpp[0m:[95m576[0m [96mhandleGetGraphData[0m] get_graph_data success
[2026-09-01 05:21:01.555] [info] [[94mControllerAndOtherEventHandler.cpp[0m:[95m239[0m [96moperator()[0m] Accepted new connection
[2026-09-01 05:21:01.556] [info] [[94mHttpSession.cpp[0m:[95m96[0m [96mhandleRequest[0m] Got request: GET /ndt/get_graph_data
[2026-09-01 05:21:01.556] [info] [[94mHttpSession.cpp[0m:[95m531[0m [96mhandleGetGraphData[0m] Handle Get Graph Data
[2026-09-01 05:21:01.572] [info] [[94mHttpSession.cpp[0m:[95m576[0m [96mhandleGetGraphData[0m] get_graph_data success
[2026-09-01 05:21:01.806] [info] [[94mControllerAndOtherEventHandler.cpp[0m:[95m239[0m [96moperator()[0m] Accepted new connection
[2026-09-01 05:21:01.806] [info] [[94mHttpSession.cpp[0m:[95m96[0m [96mhandleRequest[0m] Got request: GET /ndt/get_graph_data
[2026-09-01 05:21:01.806] [info] [[94mHttpSession.cpp[0m:[95m531[0m [96mhandleGetGraphData[0m] Handle Get Graph Data
[2026-09-01 05:21:01.820] [info] [[94mHttpSession.cpp[0m:[95m576[0m [96mhandleGetGraphData[0m] get_graph_data success
[2026-09-01 05:21:02.056] [info] [[94mControllerAndOtherEventHandler.cpp[0m:[95m239[0m [96moperator()[0m] Accepted new connection
[2026-09-01 05:21:02.056] [info] [[94mHttpSession.cpp[0m:[95m96[0m [96mhandleRequest[0m] Got request: GET /ndt/get_graph_data
[2026-09-01 05:21:02.056] [info] [[94mHttpSession.cpp[0m:[95m531[0m [96mhandleGetGraphData[0m] Handle Get Graph Data
[2026-09-01 05:21:02.074] [info] [[94mHttpSession.cpp[0m:[95m576[0m [96mhandleGetGraphData[0m] get_graph_data success
[2026-09-01 05:21:02.306] [info] [[94mControllerAndOtherEventHandler.cpp[0m:[95m239[0m [96moperator()[0m] Accepted new connection
[2026-09-01 05:21:02.306] [info] [[94mHttpSession.cpp[0m:[95m96[0m [96mhandleRequest[0m] Got request: GET /ndt/get_graph_data
[2026-09-01 05:21:02.306] [info] [[94mHttpSession.cpp[0m:[95m531[0m [96mhandleGetGraphData[0m] Handle Get Graph Data
[2026-09-01 05:21:02.323] [info] [[94mHttpSession.cpp[0m:[95m576[0m [96mhandleGetGraphData[0m] get_graph_data success
[2026-09-01 05:21:02.556] [info] [[94mControllerAndOtherEventHandler.cpp[0m:[95m239[0m [96moperator()[0m] Accepted new connection
[2026-09-01 05:21:02.556] [info] [[94mHttpSession.cpp[0m:[95m96[0m [96mhandleRequest[0m] Got request: GET /ndt/get_graph_data
[2026-09-01 05:21:02.556] [info] [[94mHttpSession.cpp[0m:[95m531[0m [96mhandleGetGraphData[0m] Handle Get Graph Data
[2026-09-01 05:21:02.574] [info] [[94mHttpSession.cpp[0m:[95m576[0m [96mhandleGetGraphData[0m] get_graph_data success
[2026-09-01 05:21:02.806] [info] [[94mControllerAndOtherEventHandler.cpp[0m:[95m239[0m [96moperator()[0m] Accepted new connection
[2026-09-01 05:21:02.807] [info] [[94mHttpSession.cpp[0m:[95m96[0m [96mhandleRequest[0m] Got request: GET /ndt/get_graph_data
[2026-09-01 05:21:02.807] [info] [[94mHttpSession.cpp[0m:[95m531[0m [96mhandleGetGraphData[0m] Handle Get Graph Data
[2026-09-01 05:21:02.825] [info] [[94mHttpSession.cpp[0m:[95m576[0m [96mhandleGetGraphData[0m] get_graph_data success
[2026-09-01 05:21:03.056] [info] [[94mControllerAndOtherEventHandler.cpp[0m:[95m239[0m [96moperator()[0m] Accepted new connection
[2026-09-01 05:21:03.056] [info] [[94mHttpSession.cpp[0m:[95m96[0m [96mhandleRequest[0m] Got request: GET /ndt/get_graph_data
[2026-09-01 05:21:03.056] [info] [[94mHttpSession.cpp[0m:[95m531[0m [96mhandleGetGraphData[0m] Handle Get Graph Data
[2026-09-01 05:21:03.074] [info] [[94mHttpSession.cpp[0m:[95m576[0m [96mhandleGetGraphData[0m] get_graph_data success
[2026-09-01 05:21:03.306] [info] [[94mControllerAndOtherEventHandler.cpp[0m:[95m239[0m [96moperator()[0m] Accepted new connection
[2026-09-01 05:21:03.307] [info] [[94mHttpSession.cpp[0m:[95m96[0m [96mhandleRequest[0m] Got request: GET /ndt/get_graph_data
[2026-09-01 05:21:03.307] [info] [[94mHttpSession.cpp[0m:[95m531[0m [96mhandleGetGraphData[0m] Handle Get Graph Data
[2026-09-01 05:21:03.319] [info] [[94mHttpSession.cpp[0m:[95m576[0m [96mhandleGetGraphData[0m] get_graph_data success
[2026-09-01 05:21:03.556] [info] [[94mControllerAndOtherEventHandler.cpp[0m:[95m239[0m [96moperator()[0m] Accepted new connection
[2026-09-01 05:21:03.556] [info] [[94mHttpSession.cpp[0m:[95m96[0m [96mhandleRequest[0m] Got request: GET /ndt/get_graph_data
[2026-09-01 05:21:03.557] [info] [[94mHttpSession.cpp[0m:[95m531[0m [96mhandleGetGraphData[0m] Handle Get Graph Data
[2026-09-01 05:21:03.575] [info] [[94mHttpSession.cpp[0m:[95m576[0m [96mhandleGetGraphData[0m] get_graph_data success
[2026-09-01 05:21:03.806] [info] [[94mControllerAndOtherEventHandler.cpp[0m:[95m239[0m [96moperator()[0m] Accepted new connection
[2026-09-01 05:21:03.806] [info] [[94mHttpSession.cpp[0m:[95m96[0m [96mhandleRequest[0m] Got request: GET /ndt/get_graph_data
[2026-09-01 05:21:03.806] [info] [[94mHttpSession.cpp[0m:[95m531[0m [96mhandleGetGraphData[0m] Handle Get Graph Data
[2026-09-01 05:21:03.825] [info] [[94mHttpSession.cpp[0m:[95m576[0m [96mhandleGetGraphData[0m] get_graph_data success
[2026-09-01 05:21:04.057] [info] [[94mControllerAndOtherEventHandler.cpp[0m:[95m239[0m [96moperator()[0m] Accepted new connection
[2026-09-01 05:21:04.057] [info] [[94mHttpSession.cpp[0m:[95m96[0m [96mhandleRequest[0m] Got request: GET /ndt/get_graph_data
[2026-09-01 05:21:04.057] [info] [[94mHttpSession.cpp[0m:[95m531[0m [96mhandleGetGraphData[0m] Handle Get Graph Data
[2026-09-01 05:21:04.076] [info] [[94mHttpSession.cpp[0m:[95m576[0m [96mhandleGetGraphData[0m] get_graph_data success
[2026-09-01 05:21:04.306] [info] [[94mControllerAndOtherEventHandler.cpp[0m:[95m239[0m [96moperator()[0m] Accepted new connection
[2026-09-01 05:21:04.307] [info] [[94mHttpSession.cpp[0m:[95m96[0m [96mhandleRequest[0m] Got request: GET /ndt/get_graph_data
[2026-09-01 05:21:04.307] [info] [[94mHttpSession.cpp[0m:[95m531[0m [96mhandleGetGraphData[0m] Handle Get Graph Data
[2026-09-01 05:21:04.322] [info] [[94mHttpSession.cpp[0m:[95m576[0m [96mhandleGetGraphData[0m] get_graph_data success
[2026-09-01 05:21:04.557] [info] [[94mControllerAndOtherEventHandler.cpp[0m:[95m239[0m [96moperator()[0m] Accepted new connection
[2026-09-01 05:21:04.557] [info] [[94mHttpSession.cpp[0m:[95m96[0m [96mhandleRequest[0m] Got request: GET /ndt/get_graph_data
[2026-09-01 05:21:04.557] [info] [[94mHttpSession.cpp[0m:[95m531[0m [96mhandleGetGraphData[0m] Handle Get Graph Data
[2026-09-01 05:21:04.576] [info] [[94mHttpSession.cpp[0m:[95m576[0m [96mhandleGetGraphData[0m] get_graph_data success
[2026-09-01 05:21:04.807] [info] [[94mControllerAndOtherEventHandler.cpp[0m:[95m239[0m [96moperator()[0m] Accepted new connection
[2026-09-01 05:21:04.807] [info] [[94mHttpSession.cpp[0m:[95m96[0m [96mhandleRequest[0m] Got request: GET /ndt/get_graph_data
[2026-09-01 05:21:04.807] [info] [[94mHttpSession.cpp[0m:[95m531[0m [96mhandleGetGraphData[0m] Handle Get Graph Data
[2026-09-01 05:21:04.826] [info] [[94mHttpSession.cpp[0m:[95m576[0m [96mhandleGetGraphData[0m] get_graph_data success
[2026-09-01 05:21:05.057] [info] [[94mControllerAndOtherEventHandler.cpp[0m:[95m239[0m [96moperator()[0m] Accepted new connection
[2026-09-01 05:21:05.057] [info] [[94mHttpSession.cpp[0m:[95m96[0m [96mhandleRequest[0m] Got request: GET /ndt/get_graph_data
[2026-09-01 05:21:05.057] [info] [[94mHttpSession.cpp[0m:[95m531[0m [96mhandleGetGraphData[0m] Handle Get Graph Data
[2026-09-01 05:21:05.077] [info] [[94mHttpSession.cpp[0m:[95m576[0m [96mhandleGetGraphData[0m] get_graph_data success
[2026-09-01 05:21:05.307] [info] [[94mControllerAndOtherEventHandler.cpp[0m:[95m239[0m [96moperator()[0m] Accepted new connection
[2026-09-01 05:21:05.307] [info] [[94mHttpSession.cpp[0m:[95m96[0m [96mhandleRequest[0m] Got request: GET /ndt/get_graph_data
[2026-09-01 05:21:05.307] [info] [[94mHttpSession.cpp[0m:[95m531[0m [96mhandleGetGraphData[0m] Handle Get Graph Data
[2026-09-01 05:21:05.323] [info] [[94mHttpSession.cpp[0m:[95m576[0m [96mhandleGetGraphData[0m] get_graph_data success
[2026-09-01 05:21:05.557] [info] [[94mControllerAndOtherEventHandler.cpp[0m:[95m239[0m [96moperator()[0m] Accepted new connection
[2026-09-01 05:21:05.558] [info] [[94mHttpSession.cpp[0m:[95m96[0m [96mhandleRequest[0m] Got request: GET /ndt/get_graph_data
[2026-09-01 05:21:05.558] [info] [[94mHttpSession.cpp[0m:[95m531[0m [96mhandleGetGraphData[0m] Handle Get Graph Data
[2026-09-01 05:21:05.576] [info] [[94mHttpSession.cpp[0m:[95m576[0m [96mhandleGetGraphData[0m] get_graph_data success
[2026-09-01 05:21:05.807] [info] [[94mControllerAndOtherEventHandler.cpp[0m:[95m239[0m [96moperator()[0m] Accepted new connection
[2026-09-01 05:21:05.807] [info] [[94mHttpSession.cpp[0m:[95m96[0m [96mhandleRequest[0m] Got request: GET /ndt/get_graph_data
[2026-09-01 05:21:05.807] [info] [[94mHttpSession.cpp[0m:[95m531[0m [96mhandleGetGraphData[0m] Handle Get Graph Data
[2026-09-01 05:21:05.822] [info] [[94mHttpSession.cpp[0m:[95m576[0m [96mhandleGetGraphData[0m] get_graph_data success
[2026-09-01 05:21:06.057] [info] [[94mControllerAndOtherEventHandler.cpp[0m:[95m239[0m [96moperator()[0m] Accepted new connection
[2026-09-01 05:21:06.057] [info] [[94mHttpSession.cpp[0m:[95m96[0m [96mhandleRequest[0m] Got request: GET /ndt/get_graph_data
[2026-09-01 05:21:06.057] [info] [[94mHttpSession.cpp[0m:[95m531[0m [96mhandleGetGraphData[0m] Handle Get Graph Data
[2026-09-01 05:21:06.075] [info] [[94mHttpSession.cpp[0m:[95m576[0m [96mhandleGetGraphData[0m] get_graph_data success
[2026-09-01 05:21:06.308] [info] [[94mControllerAndOtherEventHandler.cpp[0m:[95m239[0m [96moperator()[0m] Accepted new connection
[2026-09-01 05:21:06.308] [info] [[94mHttpSession.cpp[0m:[95m96[0m [96mhandleRequest[0m] Got request: GET /ndt/get_graph_data
[2026-09-01 05:21:06.308] [info] [[94mHttpSession.cpp[0m:[95m531[0m [96mhandleGetGraphData[0m] Handle Get Graph Data
[2026-09-01 05:21:06.327] [info] [[94mHttpSession.cpp[0m:[95m576[0m [96mhandleGetGraphData[0m] get_graph_data success
[2026-09-01 05:21:06.558] [info] [[94mControllerAndOtherEventHandler.cpp[0m:[95m239[0m [96moperator()[0m] Accepted new connection
[2026-09-01 05:21:06.558] [info] [[94mHttpSession.cpp[0m:[95m96[0m [96mhandleRequest[0m] Got request: GET /ndt/get_graph_data
[2026-09-01 05:21:06.558] [info] [[94mHttpSession.cpp[0m:[95m531[0m [96mhandleGetGraphData[0m] Handle Get Graph Data
[2026-09-01 05:21:06.577] [info] [[94mHttpSession.cpp[0m:[95m576[0m [96mhandleGetGraphData[0m] get_graph_data success
[2026-09-01 05:21:06.807] [info] [[94mControllerAndOtherEventHandler.cpp[0m:[95m239[0m [96moperator()[0m] Accepted new connection
[2026-09-01 05:21:06.807] [info] [[94mHttpSession.cpp[0m:[95m96[0m [96mhandleRequest[0m] Got request: GET /ndt/get_graph_data
[2026-09-01 05:21:06.807] [info] [[94mHttpSession.cpp[0m:[95m531[0m [96mhandleGetGraphData[0m] Handle Get Graph Data
[2026-09-01 05:21:06.819] [info] [[94mHttpSession.cpp[0m:[95m576[0m [96mhandleGetGraphData[0m] get_graph_data success
[2026-09-01 05:21:07.057] [info] [[94mControllerAndOtherEventHandler.cpp[0m:[95m239[0m [96moperator()[0m] Accepted new connection
[2026-09-01 05:21:07.057] [info] [[94mHttpSession.cpp[0m:[95m96[0m [96mhandleRequest[0m] Got request: GET /ndt/get_graph_data
[2026-09-01 05:21:07.057] [info] [[94mHttpSession.cpp[0m:[95m531[0m [96mhandleGetGraphData[0m] Handle Get Graph Data
[2026-09-01 05:21:07.070] [info] [[94mHttpSession.cpp[0m:[95m576[0m [96mhandleGetGraphData[0m] get_graph_data success
[2026-09-01 05:21:07.307] [info] [[94mControllerAndOtherEventHandler.cpp[0m:[95m239[0m [96moperator()[0m] Accepted new connection
[2026-09-01 05:21:07.307] [info] [[94mHttpSession.cpp[0m:[95m96[0m [96mhandleRequest[0m] Got request: GET /ndt/get_graph_data
[2026-09-01 05:21:07.307] [info] [[94mHttpSession.cpp[0m:[95m531[0m [96mhandleGetGraphData[0m] Handle Get Graph Data
[2026-09-01 05:21:07.321] [info] [[94mHttpSession.cpp[0m:[95m576[0m [96mhandleGetGraphData[0m] get_graph_data success
[2026-09-01 05:21:07.557] [info] [[94mControllerAndOtherEventHandler.cpp[0m:[95m239[0m [96moperator()[0m] Accepted new connection
[2026-09-01 05:21:07.557] [info] [[94mHttpSession.cpp[0m:[95m96[0m [96mhandleRequest[0m] Got request: GET /ndt/get_graph_data
[2026-09-01 05:21:07.558] [info] [[94mHttpSession.cpp[0m:[95m531[0m [96mhandleGetGraphData[0m] Handle Get Graph Data
[2026-09-01 05:21:07.569] [info] [[94mHttpSession.cpp[0m:[95m576[0m [96mhandleGetGraphData[0m] get_graph_data success
[2026-09-01 05:21:07.808] [info] [[94mControllerAndOtherEventHandler.cpp[0m:[95m239[0m [96moperator()[0m] Accepted new connection
[2026-09-01 05:21:07.808] [info] [[94mHttpSession.cpp[0m:[95m96[0m [96mhandleRequest[0m] Got request: GET /ndt/get_graph_data
[2026-09-01 05:21:07.808] [info] [[94mHttpSession.cpp[0m:[95m531[0m [96mhandleGetGraphData[0m] Handle Get Graph Data
[2026-09-01 05:21:07.827] [info] [[94mHttpSession.cpp[0m:[95m576[0m [96mhandleGetGraphData[0m] get_graph_data success
[2026-09-01 05:21:08.057] [info] [[94mControllerAndOtherEventHandler.cpp[0m:[95m239[0m [96moperator()[0m] Accepted new connection
[2026-09-01 05:21:08.057] [info] [[94mHttpSession.cpp[0m:[95m96[0m [96mhandleRequest[0m] Got request: GET /ndt/get_graph_data
[2026-09-01 05:21:08.057] [info] [[94mHttpSession.cpp[0m:[95m531[0m [96mhandleGetGraphData[0m] Handle Get Graph Data
[2026-09-01 05:21:08.071] [info] [[94mHttpSession.cpp[0m:[95m576[0m [96mhandleGetGraphData[0m] get_graph_data success
[2026-09-01 05:21:08.307] [info] [[94mControllerAndOtherEventHandler.cpp[0m:[95m239[0m [96moperator()[0m] Accepted new connection
[2026-09-01 05:21:08.308] [info] [[94mHttpSession.cpp[0m:[95m96[0m [96mhandleRequest[0m] Got request: GET /ndt/get_graph_data
[2026-09-01 05:21:08.308] [info] [[94mHttpSession.cpp[0m:[95m531[0m [96mhandleGetGraphData[0m] Handle Get Graph Data
[2026-09-01 05:21:08.326] [info] [[94mHttpSession.cpp[0m:[95m576[0m [96mhandleGetGraphData[0m] get_graph_data success
[2026-09-01 05:21:08.558] [info] [[94mControllerAndOtherEventHandler.cpp[0m:[95m239[0m [96moperator()[0m] Accepted new connection
[2026-09-01 05:21:08.558] [info] [[94mHttpSession.cpp[0m:[95m96[0m [96mhandleRequest[0m] Got request: GET /ndt/get_graph_data
[2026-09-01 05:21:08.558] [info] [[94mHttpSession.cpp[0m:[95m531[0m [96mhandleGetGraphData[0m] Handle Get Graph Data
[2026-09-01 05:21:08.575] [info] [[94mHttpSession.cpp[0m:[95m576[0m [96mhandleGetGraphData[0m] get_graph_data success
[2026-09-01 05:21:08.808] [info] [[94mControllerAndOtherEventHandler.cpp[0m:[95m239[0m [96moperator()[0m] Accepted new connection
[2026-09-01 05:21:08.808] [info] [[94mHttpSession.cpp[0m:[95m96[0m [96mhandleRequest[0m] Got request: GET /ndt/get_graph_data
[2026-09-01 05:21:08.809] [info] [[94mHttpSession.cpp[0m:[95m531[0m [96mhandleGetGraphData[0m] Handle Get Graph Data
[2026-09-01 05:21:08.821] [info] [[94mHttpSession.cpp[0m:[95m576[0m [96mhandleGetGraphData[0m] get_graph_data success
[2026-09-01 05:21:09.058] [info] [[94mControllerAndOtherEventHandler.cpp[0m:[95m239[0m [96moperator()[0m] Accepted new connection
[2026-09-01 05:21:09.059] [info] [[94mHttpSession.cpp[0m:[95m96[0m [96mhandleRequest[0m] Got request: GET /ndt/get_graph_data
[2026-09-01 05:21:09.059] [info] [[94mHttpSession.cpp[0m:[95m531[0m [96mhandleGetGraphData[0m] Handle Get Graph Data
[2026-09-01 05:21:09.071] [info] [[94mHttpSession.cpp[0m:[95m576[0m [96mhandleGetGraphData[0m] get_graph_data success
[2026-09-01 05:21:09.308] [info] [[94mControllerAndOtherEventHandler.cpp[0m:[95m239[0m [96moperator()[0m] Accepted new connection
[2026-09-01 05:21:09.308] [info] [[94mHttpSession.cpp[0m:[95m96[0m [96mhandleRequest[0m] Got request: GET /ndt/get_graph_data
[2026-09-01 05:21:09.308] [info] [[94mHttpSession.cpp[0m:[95m531[0m [96mhandleGetGraphData[0m] Handle Get Graph Data
[2026-09-01 05:21:09.320] [info] [[94mHttpSession.cpp[0m:[95m576[0m [96mhandleGetGraphData[0m] get_graph_data success
[2026-09-01 05:21:09.558] [info] [[94mControllerAndOtherEventHandler.cpp[0m:[95m239[0m [96moperator()[0m] Accepted new connection
[2026-09-01 05:21:09.558] [info] [[94mHttpSession.cpp[0m:[95m96[0m [96mhandleRequest[0m] Got request: GET /ndt/get_graph_data
[2026-09-01 05:21:09.558] [info] [[94mHttpSession.cpp[0m:[95m531[0m [96mhandleGetGraphData[0m] Handle Get Graph Data
[2026-09-01 05:21:09.572] [info] [[94mHttpSession.cpp[0m:[95m576[0m [96mhandleGetGraphData[0m] get_graph_data success
[2026-09-01 05:21:09.808] [info] [[94mControllerAndOtherEventHandler.cpp[0m:[95m239[0m [96moperator()[0m] Accepted new connection
[2026-09-01 05:21:09.808] [info] [[94mHttpSession.cpp[0m:[95m96[0m [96mhandleRequest[0m] Got request: GET /ndt/get_graph_data
[2026-09-01 05:21:09.808] [info] [[94mHttpSession.cpp[0m:[95m531[0m [96mhandleGetGraphData[0m] Handle Get Graph Data
[2026-09-01 05:21:09.822] [info] [[94mHttpSession.cpp[0m:[95m576[0m [96mhandleGetGraphData[0m] get_graph_data success
[2026-09-01 05:21:10.059] [info] [[94mControllerAndOtherEventHandler.cpp[0m:[95m239[0m [96moperator()[0m] Accepted new connection
[2026-09-01 05:21:10.059] [info] [[94mHttpSession.cpp[0m:[95m96[0m [96mhandleRequest[0m] Got request: GET /ndt/get_graph_data
[2026-09-01 05:21:10.059] [info] [[94mHttpSession.cpp[0m:[95m531[0m [96mhandleGetGraphData[0m] Handle Get Graph Data
[2026-09-01 05:21:10.074] [info] [[94mHttpSession.cpp[0m:[95m576[0m [96mhandleGetGraphData[0m] get_graph_data success
[2026-09-01 05:21:10.308] [info] [[94mControllerAndOtherEventHandler.cpp[0m:[95m239[0m [96moperator()[0m] Accepted new connection
[2026-09-01 05:21:10.308] [info] [[94mHttpSession.cpp[0m:[95m96[0m [96mhandleRequest[0m] Got request: GET /ndt/get_graph_data
[2026-09-01 05:21:10.308] [info] [[94mHttpSession.cpp[0m:[95m531[0m [96mhandleGetGraphData[0m] Handle Get Graph Data
[2026-09-01 05:21:10.326] [info] [[94mHttpSession.cpp[0m:[95m576[0m [96mhandleGetGraphData[0m] get_graph_data success
[2026-09-01 05:21:10.559] [info] [[94mControllerAndOtherEventHandler.cpp[0m:[95m239[0m [96moperator()[0m] Accepted new connection
[2026-09-01 05:21:10.559] [info] [[94mHttpSession.cpp[0m:[95m96[0m [96mhandleRequest[0m] Got request: GET /ndt/get_graph_data
[2026-09-01 05:21:10.559] [info] [[94mHttpSession.cpp[0m:[95m531[0m [96mhandleGetGraphData[0m] Handle Get Graph Data
[2026-09-01 05:21:10.575] [info] [[94mHttpSession.cpp[0m:[95m576[0m [96mhandleGetGraphData[0m] get_graph_data success
[2026-09-01 05:21:10.809] [info] [[94mControllerAndOtherEventHandler.cpp[0m:[95m239[0m [96moperator()[0m] Accepted new connection
[2026-09-01 05:21:10.809] [info] [[94mHttpSession.cpp[0m:[95m96[0m [96mhandleRequest[0m] Got request: GET /ndt/get_graph_data
[2026-09-01 05:21:10.809] [info] [[94mHttpSession.cpp[0m:[95m531[0m [96mhandleGetGraphData[0m] Handle Get Graph Data
[2026-09-01 05:21:10.828] [info] [[94mHttpSession.cpp[0m:[95m576[0m [96mhandleGetGraphData[0m] get_graph_data success
[2026-09-01 05:21:11.059] [info] [[94mControllerAndOtherEventHandler.cpp[0m:[95m239[0m [96moperator()[0m] Accepted new connection
[2026-09-01 05:21:11.059] [info] [[94mHttpSession.cpp[0m:[95m96[0m [96mhandleRequest[0m] Got request: GET /ndt/get_graph_data
[2026-09-01 05:21:11.059] [info] [[94mHttpSession.cpp[0m:[95m531[0m [96mhandleGetGraphData[0m] Handle Get Graph Data
[2026-09-01 05:21:11.078] [info] [[94mHttpSession.cpp[0m:[95m576[0m [96mhandleGetGraphData[0m] get_graph_data success
[2026-09-01 05:21:11.309] [info] [[94mControllerAndOtherEventHandler.cpp[0m:[95m239[0m [96moperator()[0m] Accepted new connection
[2026-09-01 05:21:11.309] [info] [[94mHttpSession.cpp[0m:[95m96[0m [96mhandleRequest[0m] Got request: GET /ndt/get_graph_data
[2026-09-01 05:21:11.309] [info] [[94mHttpSession.cpp[0m:[95m531[0m [96mhandleGetGraphData[0m] Handle Get Graph Data
[2026-09-01 05:21:11.322] [info] [[94mHttpSession.cpp[0m:[95m576[0m [96mhandleGetGraphData[0m] get_graph_data success
[2026-09-01 05:21:11.559] [info] [[94mControllerAndOtherEventHandler.cpp[0m:[95m239[0m [96moperator()[0m] Accepted new connection
[2026-09-01 05:21:11.559] [info] [[94mHttpSession.cpp[0m:[95m96[0m [96mhandleRequest[0m] Got request: GET /ndt/get_graph_data
[2026-09-01 05:21:11.559] [info] [[94mHttpSession.cpp[0m:[95m531[0m [96mhandleGetGraphData[0m] Handle Get Graph Data
[2026-09-01 05:21:11.571] [info] [[94mHttpSession.cpp[0m:[95m576[0m [96mhandleGetGraphData[0m] get_graph_data success
[2026-09-01 05:21:11.808] [info] [[94mControllerAndOtherEventHandler.cpp[0m:[95m239[0m [96moperator()[0m] Accepted new connection
[2026-09-01 05:21:11.809] [info] [[94mHttpSession.cpp[0m:[95m96[0m [96mhandleRequest[0m] Got request: GET /ndt/get_graph_data
[2026-09-01 05:21:11.809] [info] [[94mHttpSession.cpp[0m:[95m531[0m [96mhandleGetGraphData[0m] Handle Get Graph Data
[2026-09-01 05:21:11.821] [info] [[94mHttpSession.cpp[0m:[95m576[0m [96mhandleGetGraphData[0m] get_graph_data success
[2026-09-01 05:21:12.059] [info] [[94mControllerAndOtherEventHandler.cpp[0m:[95m239[0m [96moperator()[0m] Accepted new connection
[2026-09-01 05:21:12.060] [info] [[94mHttpSession.cpp[0m:[95m96[0m [96mhandleRequest[0m] Got request: GET /ndt/get_graph_data
[2026-09-01 05:21:12.060] [info] [[94mHttpSession.cpp[0m:[95m531[0m [96mhandleGetGraphData[0m] Handle Get Graph Data
[2026-09-01 05:21:12.072] [info] [[94mHttpSession.cpp[0m:[95m576[0m [96mhandleGetGraphData[0m] get_graph_data success
[2026-09-01 05:21:12.309] [info] [[94mControllerAndOtherEventHandler.cpp[0m:[95m239[0m [96moperator()[0m] Accepted new connection
[2026-09-01 05:21:12.309] [info] [[94mHttpSession.cpp[0m:[95m96[0m [96mhandleRequest[0m] Got request: GET /ndt/get_graph_data
[2026-09-01 05:21:12.309] [info] [[94mHttpSession.cpp[0m:[95m531[0m [96mhandleGetGraphData[0m] Handle Get Graph Data
[2026-09-01 05:21:12.327] [info] [[94mHttpSession.cpp[0m:[95m576[0m [96mhandleGetGraphData[0m] get_graph_data success
[2026-09-01 05:21:12.560] [info] [[94mControllerAndOtherEventHandler.cpp[0m:[95m239[0m [96moperator()[0m] Accepted new connection
[2026-09-01 05:21:12.560] [info] [[94mHttpSession.cpp[0m:[95m96[0m [96mhandleRequest[0m] Got request: GET /ndt/get_graph_data
[2026-09-01 05:21:12.560] [info] [[94mHttpSession.cpp[0m:[95m531[0m [96mhandleGetGraphData[0m] Handle Get Graph Data
[2026-09-01 05:21:12.572] [info] [[94mHttpSession.cpp[0m:[95m576[0m [96mhandleGetGraphData[0m] get_graph_data success
[2026-09-01 05:21:12.810] [info] [[94mControllerAndOtherEventHandler.cpp[0m:[95m239[0m [96moperator()[0m] Accepted new connection
[2026-09-01 05:21:12.810] [info] [[94mHttpSession.cpp[0m:[95m96[0m [96mhandleRequest[0m] Got request: GET /ndt/get_graph_data
[2026-09-01 05:21:12.810] [info] [[94mHttpSession.cpp[0m:[95m531[0m [96mhandleGetGraphData[0m] Handle Get Graph Data
[2026-09-01 05:21:12.828] [info] [[94mHttpSession.cpp[0m:[95m576[0m [96mhandleGetGraphData[0m] get_graph_data success
[2026-09-01 05:21:13.060] [info] [[94mControllerAndOtherEventHandler.cpp[0m:[95m239[0m [96moperator()[0m] Accepted new connection
[2026-09-01 05:21:13.060] [info] [[94mHttpSession.cpp[0m:[95m96[0m [96mhandleRequest[0m] Got request: GET /ndt/get_graph_data
[2026-09-01 05:21:13.060] [info] [[94mHttpSession.cpp[0m:[95m531[0m [96mhandleGetGraphData[0m] Handle Get Graph Data
[2026-09-01 05:21:13.079] [info] [[94mHttpSession.cpp[0m:[95m576[0m [96mhandleGetGraphData[0m] get_graph_data success
[2026-09-01 05:21:13.309] [info] [[94mControllerAndOtherEventHandler.cpp[0m:[95m239[0m [96moperator()[0m] Accepted new connection
[2026-09-01 05:21:13.309] [info] [[94mHttpSession.cpp[0m:[95m96[0m [96mhandleRequest[0m] Got request: GET /ndt/get_graph_data
[2026-09-01 05:21:13.309] [info] [[94mHttpSession.cpp[0m:[95m531[0m [96mhandleGetGraphData[0m] Handle Get Graph Data
[2026-09-01 05:21:13.328] [info] [[94mHttpSession.cpp[0m:[95m576[0m [96mhandleGetGraphData[0m] get_graph_data success
[2026-09-01 05:21:13.560] [info] [[94mControllerAndOtherEventHandler.cpp[0m:[95m239[0m [96moperator()[0m] Accepted new connection
[2026-09-01 05:21:13.560] [info] [[94mHttpSession.cpp[0m:[95m96[0m [96mhandleRequest[0m] Got request: GET /ndt/get_graph_data
[2026-09-01 05:21:13.560] [info] [[94mHttpSession.cpp[0m:[95m531[0m [96mhandleGetGraphData[0m] Handle Get Graph Data
[2026-09-01 05:21:13.572] [info] [[94mHttpSession.cpp[0m:[95m576[0m [96mhandleGetGraphData[0m] get_graph_data success
[2026-09-01 05:21:13.810] [info] [[94mControllerAndOtherEventHandler.cpp[0m:[95m239[0m [96moperator()[0m] Accepted new connection
[2026-09-01 05:21:13.810] [info] [[94mHttpSession.cpp[0m:[95m96[0m [96mhandleRequest[0m] Got request: GET /ndt/get_graph_data
[2026-09-01 05:21:13.810] [info] [[94mHttpSession.cpp[0m:[95m531[0m [96mhandleGetGraphData[0m] Handle Get Graph Data
[2026-09-01 05:21:13.829] [info] [[94mHttpSession.cpp[0m:[95m576[0m [96mhandleGetGraphData[0m] get_graph_data success
[2026-09-01 05:21:14.060] [info] [[94mControllerAndOtherEventHandler.cpp[0m:[95m239[0m [96moperator()[0m] Accepted new connection
[2026-09-01 05:21:14.060] [info] [[94mHttpSession.cpp[0m:[95m96[0m [96mhandleRequest[0m] Got request: GET /ndt/get_graph_data
[2026-09-01 05:21:14.060] [info] [[94mHttpSession.cpp[0m:[95m531[0m [96mhandleGetGraphData[0m] Handle Get Graph Data
[2026-09-01 05:21:14.079] [info] [[94mHttpSession.cpp[0m:[95m576[0m [96mhandleGetGraphData[0m] get_graph_data success
[2026-09-01 05:21:14.310] [info] [[94mControllerAndOtherEventHandler.cpp[0m:[95m239[0m [96moperator()[0m] Accepted new connection
[2026-09-01 05:21:14.310] [info] [[94mHttpSession.cpp[0m:[95m96[0m [96mhandleRequest[0m] Got request: GET /ndt/get_graph_data
[2026-09-01 05:21:14.311] [info] [[94mHttpSession.cpp[0m:[95m531[0m [96mhandleGetGraphData[0m] Handle Get Graph Data
[2026-09-01 05:21:14.324] [info] [[94mHttpSession.cpp[0m:[95m576[0m [96mhandleGetGraphData[0m] get_graph_data success
[2026-09-01 05:21:14.560] [info] [[94mControllerAndOtherEventHandler.cpp[0m:[95m239[0m [96moperator()[0m] Accepted new connection
[2026-09-01 05:21:14.560] [info] [[94mHttpSession.cpp[0m:[95m96[0m [96mhandleRequest[0m] Got request: GET /ndt/get_graph_data
[2026-09-01 05:21:14.560] [info] [[94mHttpSession.cpp[0m:[95m531[0m [96mhandleGetGraphData[0m] Handle Get Graph Data
[2026-09-01 05:21:14.576] [info] [[94mHttpSession.cpp[0m:[95m576[0m [96mhandleGetGraphData[0m] get_graph_data success
[2026-09-01 05:21:14.810] [info] [[94mControllerAndOtherEventHandler.cpp[0m:[95m239[0m [96moperator()[0m] Accepted new connection
[2026-09-01 05:21:14.811] [info] [[94mHttpSession.cpp[0m:[95m96[0m [96mhandleRequest[0m] Got request: GET /ndt/get_graph_data
[2026-09-01 05:21:14.811] [info] [[94mHttpSession.cpp[0m:[95m531[0m [96mhandleGetGraphData[0m] Handle Get Graph Data
[2026-09-01 05:21:14.829] [info] [[94mHttpSession.cpp[0m:[95m576[0m [96mhandleGetGraphData[0m] get_graph_data success
[2026-09-01 05:21:15.060] [info] [[94mControllerAndOtherEventHandler.cpp[0m:[95m239[0m [96moperator()[0m] Accepted new connection
[2026-09-01 05:21:15.061] [info] [[94mHttpSession.cpp[0m:[95m96[0m [96mhandleRequest[0m] Got request: GET /ndt/get_graph_data
[2026-09-01 05:21:15.061] [info] [[94mHttpSession.cpp[0m:[95m531[0m [96mhandleGetGraphData[0m] Handle Get Graph Data
[2026-09-01 05:21:15.079] [info] [[94mHttpSession.cpp[0m:[95m576[0m [96mhandleGetGraphData[0m] get_graph_data success
[2026-09-01 05:21:15.310] [info] [[94mControllerAndOtherEventHandler.cpp[0m:[95m239[0m [96moperator()[0m] Accepted new connection
[2026-09-01 05:21:15.310] [info] [[94mHttpSession.cpp[0m:[95m96[0m [96mhandleRequest[0m] Got request: GET /ndt/get_graph_data
[2026-09-01 05:21:15.310] [info] [[94mHttpSession.cpp[0m:[95m531[0m [96mhandleGetGraphData[0m] Handle Get Graph Data
[2026-09-01 05:21:15.323] [info] [[94mHttpSession.cpp[0m:[95m576[0m [96mhandleGetGraphData[0m] get_graph_data success
[2026-09-01 05:21:15.560] [info] [[94mControllerAndOtherEventHandler.cpp[0m:[95m239[0m [96moperator()[0m] Accepted new connection
[2026-09-01 05:21:15.560] [info] [[94mHttpSession.cpp[0m:[95m96[0m [96mhandleRequest[0m] Got request: GET /ndt/get_graph_data
[2026-09-01 05:21:15.560] [info] [[94mHttpSession.cpp[0m:[95m531[0m [96mhandleGetGraphData[0m] Handle Get Graph Data
[2026-09-01 05:21:15.578] [info] [[94mHttpSession.cpp[0m:[95m576[0m [96mhandleGetGraphData[0m] get_graph_data success
[2026-09-01 05:21:15.811] [info] [[94mControllerAndOtherEventHandler.cpp[0m:[95m239[0m [96moperator()[0m] Accepted new connection
[2026-09-01 05:21:15.811] [info] [[94mHttpSession.cpp[0m:[95m96[0m [96mhandleRequest[0m] Got request: GET /ndt/get_graph_data
[2026-09-01 05:21:15.811] [info] [[94mHttpSession.cpp[0m:[95m531[0m [96mhandleGetGraphData[0m] Handle Get Graph Data
[2026-09-01 05:21:15.822] [info] [[94mHttpSession.cpp[0m:[95m576[0m [96mhandleGetGraphData[0m] get_graph_data success
[2026-09-01 05:21:16.061] [info] [[94mControllerAndOtherEventHandler.cpp[0m:[95m239[0m [96moperator()[0m] Accepted new connection
[2026-09-01 05:21:16.061] [info] [[94mHttpSession.cpp[0m:[95m96[0m [96mhandleRequest[0m] Got request: GET /ndt/get_graph_data
[2026-09-01 05:21:16.061] [info] [[94mHttpSession.cpp[0m:[95m531[0m [96mhandleGetGraphData[0m] Handle Get Graph Data
[2026-09-01 05:21:16.080] [info] [[94mHttpSession.cpp[0m:[95m576[0m [96mhandleGetGraphData[0m] get_graph_data success
[2026-09-01 05:21:16.310] [info] [[94mControllerAndOtherEventHandler.cpp[0m:[95m239[0m [96moperator()[0m] Accepted new connection
[2026-09-01 05:21:16.310] [info] [[94mHttpSession.cpp[0m:[95m96[0m [96mhandleRequest[0m] Got request: GET /ndt/get_graph_data
[2026-09-01 05:21:16.310] [info] [[94mHttpSession.cpp[0m:[95m531[0m [96mhandleGetGraphData[0m] Handle Get Graph Data
[2026-09-01 05:21:16.329] [info] [[94mHttpSession.cpp[0m:[95m576[0m [96mhandleGetGraphData[0m] get_graph_data success
[2026-09-01 05:21:16.560] [info] [[94mControllerAndOtherEventHandler.cpp[0m:[95m239[0m [96moperator()[0m] Accepted new connection
[2026-09-01 05:21:16.560] [info] [[94mHttpSession.cpp[0m:[95m96[0m [96mhandleRequest[0m] Got request: GET /ndt/get_graph_data
[2026-09-01 05:21:16.560] [info] [[94mHttpSession.cpp[0m:[95m531[0m [96mhandleGetGraphData[0m] Handle Get Graph Data
[2026-09-01 05:21:16.578] [info] [[94mHttpSession.cpp[0m:[95m576[0m [96mhandleGetGraphData[0m] get_graph_data success
[2026-09-01 05:21:16.811] [info] [[94mControllerAndOtherEventHandler.cpp[0m:[95m239[0m [96moperator()[0m] Accepted new connection
[2026-09-01 05:21:16.811] [info] [[94mHttpSession.cpp[0m:[95m96[0m [96mhandleRequest[0m] Got request: GET /ndt/get_graph_data
[2026-09-01 05:21:16.811] [info] [[94mHttpSession.cpp[0m:[95m531[0m [96mhandleGetGraphData[0m] Handle Get Graph Data
[2026-09-01 05:21:16.823] [info] [[94mHttpSession.cpp[0m:[95m576[0m [96mhandleGetGraphData[0m] get_graph_data success
[2026-09-01 05:21:17.061] [info] [[94mControllerAndOtherEventHandler.cpp[0m:[95m239[0m [96moperator()[0m] Accepted new connection
[2026-09-01 05:21:17.061] [info] [[94mHttpSession.cpp[0m:[95m96[0m [96mhandleRequest[0m] Got request: GET /ndt/get_graph_data
[2026-09-01 05:21:17.061] [info] [[94mHttpSession.cpp[0m:[95m531[0m [96mhandleGetGraphData[0m] Handle Get Graph Data
[2026-09-01 05:21:17.075] [info] [[94mHttpSession.cpp[0m:[95m576[0m [96mhandleGetGraphData[0m] get_graph_data success
[2026-09-01 05:21:17.311] [info] [[94mControllerAndOtherEventHandler.cpp[0m:[95m239[0m [96moperator()[0m] Accepted new connection
[2026-09-01 05:21:17.311] [info] [[94mHttpSession.cpp[0m:[95m96[0m [96mhandleRequest[0m] Got request: GET /ndt/get_graph_data
[2026-09-01 05:21:17.311] [info] [[94mHttpSession.cpp[0m:[95m531[0m [96mhandleGetGraphData[0m] Handle Get Graph Data
[2026-09-01 05:21:17.329] [info] [[94mHttpSession.cpp[0m:[95m576[0m [96mhandleGetGraphData[0m] get_graph_data success
[2026-09-01 05:21:17.561] [info] [[94mControllerAndOtherEventHandler.cpp[0m:[95m239[0m [96moperator()[0m] Accepted new connection
[2026-09-01 05:21:17.561] [info] [[94mHttpSession.cpp[0m:[95m96[0m [96mhandleRequest[0m] Got request: GET /ndt/get_graph_data
[2026-09-01 05:21:17.561] [info] [[94mHttpSession.cpp[0m:[95m531[0m [96mhandleGetGraphData[0m] Handle Get Graph Data
[2026-09-01 05:21:17.574] [info] [[94mHttpSession.cpp[0m:[95m576[0m [96mhandleGetGraphData[0m] get_graph_data success
[2026-09-01 05:21:17.811] [info] [[94mControllerAndOtherEventHandler.cpp[0m:[95m239[0m [96moperator()[0m] Accepted new connection
[2026-09-01 05:21:17.812] [info] [[94mHttpSession.cpp[0m:[95m96[0m [96mhandleRequest[0m] Got request: GET /ndt/get_graph_data
[2026-09-01 05:21:17.812] [info] [[94mHttpSession.cpp[0m:[95m531[0m [96mhandleGetGraphData[0m] Handle Get Graph Data
[2026-09-01 05:21:17.830] [info] [[94mHttpSession.cpp[0m:[95m576[0m [96mhandleGetGraphData[0m] get_graph_data success
[2026-09-01 05:21:18.061] [info] [[94mControllerAndOtherEventHandler.cpp[0m:[95m239[0m [96moperator()[0m] Accepted new connection
[2026-09-01 05:21:18.062] [info] [[94mHttpSession.cpp[0m:[95m96[0m [96mhandleRequest[0m] Got request: GET /ndt/get_graph_data
[2026-09-01 05:21:18.062] [info] [[94mHttpSession.cpp[0m:[95m531[0m [96mhandleGetGraphData[0m] Handle Get Graph Data
[2026-09-01 05:21:18.080] [info] [[94mHttpSession.cpp[0m:[95m576[0m [96mhandleGetGraphData[0m] get_graph_data success
[2026-09-01 05:21:18.311] [info] [[94mControllerAndOtherEventHandler.cpp[0m:[95m239[0m [96moperator()[0m] Accepted new connection
[2026-09-01 05:21:18.311] [info] [[94mHttpSession.cpp[0m:[95m96[0m [96mhandleRequest[0m] Got request: GET /ndt/get_graph_data
[2026-09-01 05:21:18.311] [info] [[94mHttpSession.cpp[0m:[95m531[0m [96mhandleGetGraphData[0m] Handle Get Graph Data
[2026-09-01 05:21:18.325] [info] [[94mHttpSession.cpp[0m:[95m576[0m [96mhandleGetGraphData[0m] get_graph_data success
[2026-09-01 05:21:18.561] [info] [[94mControllerAndOtherEventHandler.cpp[0m:[95m239[0m [96moperator()[0m] Accepted new connection
[2026-09-01 05:21:18.561] [info] [[94mHttpSession.cpp[0m:[95m96[0m [96mhandleRequest[0m] Got request: GET /ndt/get_graph_data
[2026-09-01 05:21:18.561] [info] [[94mHttpSession.cpp[0m:[95m531[0m [96mhandleGetGraphData[0m] Handle Get Graph Data
[2026-09-01 05:21:18.579] [info] [[94mHttpSession.cpp[0m:[95m576[0m [96mhandleGetGraphData[0m] get_graph_data success
[2026-09-01 05:21:18.811] [info] [[94mControllerAndOtherEventHandler.cpp[0m:[95m239[0m [96moperator()[0m] Accepted new connection
[2026-09-01 05:21:18.811] [info] [[94mHttpSession.cpp[0m:[95m96[0m [96mhandleRequest[0m] Got request: GET /ndt/get_graph_data
[2026-09-01 05:21:18.811] [info] [[94mHttpSession.cpp[0m:[95m531[0m [96mhandleGetGraphData[0m] Handle Get Graph Data
[2026-09-01 05:21:18.830] [info] [[94mHttpSession.cpp[0m:[95m576[0m [96mhandleGetGraphData[0m] get_graph_data success
[2026-09-01 05:21:19.062] [info] [[94mControllerAndOtherEventHandler.cpp[0m:[95m239[0m [96moperator()[0m] Accepted new connection
[2026-09-01 05:21:19.062] [info] [[94mHttpSession.cpp[0m:[95m96[0m [96mhandleRequest[0m] Got request: GET /ndt/get_graph_data
[2026-09-01 05:21:19.062] [info] [[94mHttpSession.cpp[0m:[95m531[0m [96mhandleGetGraphData[0m] Handle Get Graph Data
[2026-09-01 05:21:19.079] [info] [[94mHttpSession.cpp[0m:[95m576[0m [96mhandleGetGraphData[0m] get_graph_data success
[2026-09-01 05:21:19.311] [info] [[94mControllerAndOtherEventHandler.cpp[0m:[95m239[0m [96moperator()[0m] Accepted new connection
[2026-09-01 05:21:19.312] [info] [[94mHttpSession.cpp[0m:[95m96[0m [96mhandleRequest[0m] Got request: GET /ndt/get_graph_data
[2026-09-01 05:21:19.312] [info] [[94mHttpSession.cpp[0m:[95m531[0m [96mhandleGetGraphData[0m] Handle Get Graph Data
[2026-09-01 05:21:19.326] [info] [[94mHttpSession.cpp[0m:[95m576[0m [96mhandleGetGraphData[0m] get_graph_data success
[2026-09-01 05:21:19.561] [info] [[94mControllerAndOtherEventHandler.cpp[0m:[95m239[0m [96moperator()[0m] Accepted new connection
[2026-09-01 05:21:19.561] [info] [[94mHttpSession.cpp[0m:[95m96[0m [96mhandleRequest[0m] Got request: GET /ndt/get_graph_data
[2026-09-01 05:21:19.561] [info] [[94mHttpSession.cpp[0m:[95m531[0m [96mhandleGetGraphData[0m] Handle Get Graph Data
[2026-09-01 05:21:19.573] [info] [[94mHttpSession.cpp[0m:[95m576[0m [96mhandleGetGraphData[0m] get_graph_data success
[2026-09-01 05:21:19.811] [info] [[94mControllerAndOtherEventHandler.cpp[0m:[95m239[0m [96moperator()[0m] Accepted new connection
[2026-09-01 05:21:19.811] [info] [[94mHttpSession.cpp[0m:[95m96[0m [96mhandleRequest[0m] Got request: GET /ndt/get_graph_data
[2026-09-01 05:21:19.811] [info] [[94mHttpSession.cpp[0m:[95m531[0m [96mhandleGetGraphData[0m] Handle Get Graph Data
[2026-09-01 05:21:19.823] [info] [[94mHttpSession.cpp[0m:[95m576[0m [96mhandleGetGraphData[0m] get_graph_data success
[2026-09-01 05:21:20.062] [info] [[94mControllerAndOtherEventHandler.cpp[0m:[95m239[0m [96moperator()[0m] Accepted new connection
[2026-09-01 05:21:20.062] [info] [[94mHttpSession.cpp[0m:[95m96[0m [96mhandleRequest[0m] Got request: GET /ndt/get_graph_data
[2026-09-01 05:21:20.062] [info] [[94mHttpSession.cpp[0m:[95m531[0m [96mhandleGetGraphData[0m] Handle Get Graph Data
[2026-09-01 05:21:20.080] [info] [[94mHttpSession.cpp[0m:[95m576[0m [96mhandleGetGraphData[0m] get_graph_data success
[2026-09-01 05:21:20.311] [info] [[94mControllerAndOtherEventHandler.cpp[0m:[95m239[0m [96moperator()[0m] Accepted new connection
[2026-09-01 05:21:20.312] [info] [[94mHttpSession.cpp[0m:[95m96[0m [96mhandleRequest[0m] Got request: GET /ndt/get_graph_data
[2026-09-01 05:21:20.312] [info] [[94mHttpSession.cpp[0m:[95m531[0m [96mhandleGetGraphData[0m] Handle Get Graph Data
[2026-09-01 05:21:20.324] [info] [[94mHttpSession.cpp[0m:[95m576[0m [96mhandleGetGraphData[0m] get_graph_data success
[2026-09-01 05:21:20.562] [info] [[94mControllerAndOtherEventHandler.cpp[0m:[95m239[0m [96moperator()[0m] Accepted new connection
[2026-09-01 05:21:20.562] [info] [[94mHttpSession.cpp[0m:[95m96[0m [96mhandleRequest[0m] Got request: GET /ndt/get_graph_data
[2026-09-01 05:21:20.562] [info] [[94mHttpSession.cpp[0m:[95m531[0m [96mhandleGetGraphData[0m] Handle Get Graph Data
[2026-09-01 05:21:20.579] [info] [[94mHttpSession.cpp[0m:[95m576[0m [96mhandleGetGraphData[0m] get_graph_data success
[2026-09-01 05:21:20.812] [info] [[94mControllerAndOtherEventHandler.cpp[0m:[95m239[0m [96moperator()[0m] Accepted new connection
[2026-09-01 05:21:20.812] [info] [[94mHttpSession.cpp[0m:[95m96[0m [96mhandleRequest[0m] Got request: GET /ndt/get_graph_data
[2026-09-01 05:21:20.812] [info] [[94mHttpSession.cpp[0m:[95m531[0m [96mhandleGetGraphData[0m] Handle Get Graph Data
[2026-09-01 05:21:20.831] [info] [[94mHttpSession.cpp[0m:[95m576[0m [96mhandleGetGraphData[0m] get_graph_data success
[2026-09-01 05:21:21.062] [info] [[94mControllerAndOtherEventHandler.cpp[0m:[95m239[0m [96moperator()[0m] Accepted new connection
[2026-09-01 05:21:21.062] [info] [[94mHttpSession.cpp[0m:[95m96[0m [96mhandleRequest[0m] Got request: GET /ndt/get_graph_data
[2026-09-01 05:21:21.063] [info] [[94mHttpSession.cpp[0m:[95m531[0m [96mhandleGetGraphData[0m] Handle Get Graph Data
[2026-09-01 05:21:21.081] [info] [[94mHttpSession.cpp[0m:[95m576[0m [96mhandleGetGraphData[0m] get_graph_data success
[2026-09-01 05:21:21.312] [info] [[94mControllerAndOtherEventHandler.cpp[0m:[95m239[0m [96moperator()[0m] Accepted new connection
[2026-09-01 05:21:21.312] [info] [[94mHttpSession.cpp[0m:[95m96[0m [96mhandleRequest[0m] Got request: GET /ndt/get_graph_data
[2026-09-01 05:21:21.312] [info] [[94mHttpSession.cpp[0m:[95m531[0m [96mhandleGetGraphData[0m] Handle Get Graph Data
[2026-09-01 05:21:21.331] [info] [[94mHttpSession.cpp[0m:[95m576[0m [96mhandleGetGraphData[0m] get_graph_data success
[2026-09-01 05:21:21.563] [info] [[94mControllerAndOtherEventHandler.cpp[0m:[95m239[0m [96moperator()[0m] Accepted new connection
[2026-09-01 05:21:21.563] [info] [[94mHttpSession.cpp[0m:[95m96[0m [96mhandleRequest[0m] Got request: GET /ndt/get_graph_data
[2026-09-01 05:21:21.563] [info] [[94mHttpSession.cpp[0m:[95m531[0m [96mhandleGetGraphData[0m] Handle Get Graph Data
[2026-09-01 05:21:21.581] [info] [[94mHttpSession.cpp[0m:[95m576[0m [96mhandleGetGraphData[0m] get_graph_data success
[2026-09-01 05:21:21.813] [info] [[94mControllerAndOtherEventHandler.cpp[0m:[95m239[0m [96moperator()[0m] Accepted new connection
[2026-09-01 05:21:21.813] [info] [[94mHttpSession.cpp[0m:[95m96[0m [96mhandleRequest[0m] Got request: GET /ndt/get_graph_data
[2026-09-01 05:21:21.813] [info] [[94mHttpSession.cpp[0m:[95m531[0m [96mhandleGetGraphData[0m] Handle Get Graph Data
[2026-09-01 05:21:21.829] [info] [[94mHttpSession.cpp[0m:[95m576[0m [96mhandleGetGraphData[0m] get_graph_data success
[2026-09-01 05:21:22.063] [info] [[94mControllerAndOtherEventHandler.cpp[0m:[95m239[0m [96moperator()[0m] Accepted new connection
[2026-09-01 05:21:22.063] [info] [[94mHttpSession.cpp[0m:[95m96[0m [96mhandleRequest[0m] Got request: GET /ndt/get_graph_data
[2026-09-01 05:21:22.063] [info] [[94mHttpSession.cpp[0m:[95m531[0m [96mhandleGetGraphData[0m] Handle Get Graph Data
[2026-09-01 05:21:22.081] [info] [[94mHttpSession.cpp[0m:[95m576[0m [96mhandleGetGraphData[0m] get_graph_data success
[2026-09-01 05:21:22.312] [info] [[94mControllerAndOtherEventHandler.cpp[0m:[95m239[0m [96moperator()[0m] Accepted new connection
[2026-09-01 05:21:22.313] [info] [[94mHttpSession.cpp[0m:[95m96[0m [96mhandleRequest[0m] Got request: GET /ndt/get_graph_data
[2026-09-01 05:21:22.313] [info] [[94mHttpSession.cpp[0m:[95m531[0m [96mhandleGetGraphData[0m] Handle Get Graph Data
[2026-09-01 05:21:22.331] [info] [[94mHttpSession.cpp[0m:[95m576[0m [96mhandleGetGraphData[0m] get_graph_data success
[2026-09-01 05:21:22.562] [info] [[94mControllerAndOtherEventHandler.cpp[0m:[95m239[0m [96moperator()[0m] Accepted new connection
[2026-09-01 05:21:22.562] [info] [[94mHttpSession.cpp[0m:[95m96[0m [96mhandleRequest[0m] Got request: GET /ndt/get_graph_data
[2026-09-01 05:21:22.562] [info] [[94mHttpSession.cpp[0m:[95m531[0m [96mhandleGetGraphData[0m] Handle Get Graph Data
[2026-09-01 05:21:22.574] [info] [[94mHttpSession.cpp[0m:[95m576[0m [96mhandleGetGraphData[0m] get_graph_data success
[2026-09-01 05:21:22.813] [info] [[94mControllerAndOtherEventHandler.cpp[0m:[95m239[0m [96moperator()[0m] Accepted new connection
[2026-09-01 05:21:22.813] [info] [[94mHttpSession.cpp[0m:[95m96[0m [96mhandleRequest[0m] Got request: GET /ndt/get_graph_data
[2026-09-01 05:21:22.813] [info] [[94mHttpSession.cpp[0m:[95m531[0m [96mhandleGetGraphData[0m] Handle Get Graph Data
[2026-09-01 05:21:22.828] [info] [[94mHttpSession.cpp[0m:[95m576[0m [96mhandleGetGraphData[0m] get_graph_data success
[2026-09-01 05:21:23.063] [info] [[94mControllerAndOtherEventHandler.cpp[0m:[95m239[0m [96moperator()[0m] Accepted new connection
[2026-09-01 05:21:23.063] [info] [[94mHttpSession.cpp[0m:[95m96[0m [96mhandleRequest[0m] Got request: GET /ndt/get_graph_data
[2026-09-01 05:21:23.063] [info] [[94mHttpSession.cpp[0m:[95m531[0m [96mhandleGetGraphData[0m] Handle Get Graph Data
[2026-09-01 05:21:23.082] [info] [[94mHttpSession.cpp[0m:[95m576[0m [96mhandleGetGraphData[0m] get_graph_data success
[2026-09-01 05:21:23.313] [info] [[94mControllerAndOtherEventHandler.cpp[0m:[95m239[0m [96moperator()[0m] Accepted new connection
[2026-09-01 05:21:23.313] [info] [[94mHttpSession.cpp[0m:[95m96[0m [96mhandleRequest[0m] Got request: GET /ndt/get_graph_data
[2026-09-01 05:21:23.313] [info] [[94mHttpSession.cpp[0m:[95m531[0m [96mhandleGetGraphData[0m] Handle Get Graph Data
[2026-09-01 05:21:23.332] [info] [[94mHttpSession.cpp[0m:[95m576[0m [96mhandleGetGraphData[0m] get_graph_data success
[2026-09-01 05:21:23.562] [info] [[94mControllerAndOtherEventHandler.cpp[0m:[95m239[0m [96moperator()[0m] Accepted new connection
[2026-09-01 05:21:23.563] [info] [[94mHttpSession.cpp[0m:[95m96[0m [96mhandleRequest[0m] Got request: GET /ndt/get_graph_data
[2026-09-01 05:21:23.563] [info] [[94mHttpSession.cpp[0m:[95m531[0m [96mhandleGetGraphData[0m] Handle Get Graph Data
[2026-09-01 05:21:23.581] [info] [[94mHttpSession.cpp[0m:[95m576[0m [96mhandleGetGraphData[0m] get_graph_data success
[2026-09-01 05:21:23.813] [info] [[94mControllerAndOtherEventHandler.cpp[0m:[95m239[0m [96moperator()[0m] Accepted new connection
[2026-09-01 05:21:23.813] [info] [[94mHttpSession.cpp[0m:[95m96[0m [96mhandleRequest[0m] Got request: GET /ndt/get_graph_data
[2026-09-01 05:21:23.813] [info] [[94mHttpSession.cpp[0m:[95m531[0m [96mhandleGetGraphData[0m] Handle Get Graph Data
[2026-09-01 05:21:23.833] [info] [[94mHttpSession.cpp[0m:[95m576[0m [96mhandleGetGraphData[0m] get_graph_data success
[2026-09-01 05:21:24.063] [info] [[94mControllerAndOtherEventHandler.cpp[0m:[95m239[0m [96moperator()[0m] Accepted new connection
[2026-09-01 05:21:24.064] [info] [[94mHttpSession.cpp[0m:[95m96[0m [96mhandleRequest[0m] Got request: GET /ndt/get_graph_data
[2026-09-01 05:21:24.064] [info] [[94mHttpSession.cpp[0m:[95m531[0m [96mhandleGetGraphData[0m] Handle Get Graph Data
[2026-09-01 05:21:24.082] [info] [[94mHttpSession.cpp[0m:[95m576[0m [96mhandleGetGraphData[0m] get_graph_data success
[2026-09-01 05:21:24.314] [info] [[94mControllerAndOtherEventHandler.cpp[0m:[95m239[0m [96moperator()[0m] Accepted new connection
[2026-09-01 05:21:24.314] [info] [[94mHttpSession.cpp[0m:[95m96[0m [96mhandleRequest[0m] Got request: GET /ndt/get_graph_data
[2026-09-01 05:21:24.314] [info] [[94mHttpSession.cpp[0m:[95m531[0m [96mhandleGetGraphData[0m] Handle Get Graph Data
[2026-09-01 05:21:24.333] [info] [[94mHttpSession.cpp[0m:[95m576[0m [96mhandleGetGraphData[0m] get_graph_data success
[2026-09-01 05:21:24.564] [info] [[94mControllerAndOtherEventHandler.cpp[0m:[95m239[0m [96moperator()[0m] Accepted new connection
[2026-09-01 05:21:24.564] [info] [[94mHttpSession.cpp[0m:[95m96[0m [96mhandleRequest[0m] Got request: GET /ndt/get_graph_data
[2026-09-01 05:21:24.564] [info] [[94mHttpSession.cpp[0m:[95m531[0m [96mhandleGetGraphData[0m] Handle Get Graph Data
[2026-09-01 05:21:24.582] [info] [[94mHttpSession.cpp[0m:[95m576[0m [96mhandleGetGraphData[0m] get_graph_data success
[2026-09-01 05:21:24.814] [info] [[94mControllerAndOtherEventHandler.cpp[0m:[95m239[0m [96moperator()[0m] Accepted new connection
[2026-09-01 05:21:24.814] [info] [[94mHttpSession.cpp[0m:[95m96[0m [96mhandleRequest[0m] Got request: GET /ndt/get_graph_data
[2026-09-01 05:21:24.814] [info] [[94mHttpSession.cpp[0m:[95m531[0m [96mhandleGetGraphData[0m] Handle Get Graph Data
[2026-09-01 05:21:24.832] [info] [[94mHttpSession.cpp[0m:[95m576[0m [96mhandleGetGraphData[0m] get_graph_data success
[2026-09-01 05:21:25.064] [info] [[94mControllerAndOtherEventHandler.cpp[0m:[95m239[0m [96moperator()[0m] Accepted new connection
[2026-09-01 05:21:25.064] [info] [[94mHttpSession.cpp[0m:[95m96[0m [96mhandleRequest[0m] Got request: GET /ndt/get_graph_data
[2026-09-01 05:21:25.064] [info] [[94mHttpSession.cpp[0m:[95m531[0m [96mhandleGetGraphData[0m] Handle Get Graph Data
[2026-09-01 05:21:25.080] [info] [[94mHttpSession.cpp[0m:[95m576[0m [96mhandleGetGraphData[0m] get_graph_data success
[2026-09-01 05:21:25.085] [info] [[94mFlowLinkUsageCollector.cpp[0m:[95m1807[0m [96mcalAvgFlowSendingRatesPeriodically[0m] rate loop period: last 30 iters mean 1000.7 ms | since start (239 iters) mean 1000.6 ms, min 1000.1, max 1002.3 (flows=1, counters=3) -- the LAST-N figure is the current denominator; the since-start one lags it
[2026-09-01 05:21:25.086] [info] [[94mFlowLinkUsageCollector.cpp[0m:[95m2016[0m [96mcalAvgFlowSendingRatesPeriodically[0m] rate divisor check: measured_interval_s=1.000921 divisor_used_s=1.000921 (ticket Q gate: these must agree to 1%; a negative divisor means no rate has been published yet, which is not a pass)
[2026-09-01 05:21:25.313] [info] [[94mControllerAndOtherEventHandler.cpp[0m:[95m239[0m [96moperator()[0m] Accepted new connection
[2026-09-01 05:21:25.313] [info] [[94mHttpSession.cpp[0m:[95m96[0m [96mhandleRequest[0m] Got request: GET /ndt/get_graph_data
[2026-09-01 05:21:25.314] [info] [[94mHttpSession.cpp[0m:[95m531[0m [96mhandleGetGraphData[0m] Handle Get Graph Data
[2026-09-01 05:21:25.328] [info] [[94mHttpSession.cpp[0m:[95m576[0m [96mhandleGetGraphData[0m] get_graph_data success
[2026-09-01 05:21:25.563] [info] [[94mControllerAndOtherEventHandler.cpp[0m:[95m239[0m [96moperator()[0m] Accepted new connection
[2026-09-01 05:21:25.564] [info] [[94mHttpSession.cpp[0m:[95m96[0m [96mhandleRequest[0m] Got request: GET /ndt/get_graph_data
[2026-09-01 05:21:25.564] [info] [[94mHttpSession.cpp[0m:[95m531[0m [96mhandleGetGraphData[0m] Handle Get Graph Data
[2026-09-01 05:21:25.582] [info] [[94mHttpSession.cpp[0m:[95m576[0m [96mhandleGetGraphData[0m] get_graph_data success
[2026-09-01 05:21:25.814] [info] [[94mControllerAndOtherEventHandler.cpp[0m:[95m239[0m [96moperator()[0m] Accepted new connection
[2026-09-01 05:21:25.814] [info] [[94mHttpSession.cpp[0m:[95m96[0m [96mhandleRequest[0m] Got request: GET /ndt/get_graph_data
[2026-09-01 05:21:25.814] [info] [[94mHttpSession.cpp[0m:[95m531[0m [96mhandleGetGraphData[0m] Handle Get Graph Data
[2026-09-01 05:21:25.827] [info] [[94mHttpSession.cpp[0m:[95m576[0m [96mhandleGetGraphData[0m] get_graph_data success
[2026-09-01 05:21:26.064] [info] [[94mControllerAndOtherEventHandler.cpp[0m:[95m239[0m [96moperator()[0m] Accepted new connection
[2026-09-01 05:21:26.064] [info] [[94mHttpSession.cpp[0m:[95m96[0m [96mhandleRequest[0m] Got request: GET /ndt/get_graph_data
[2026-09-01 05:21:26.064] [info] [[94mHttpSession.cpp[0m:[95m531[0m [96mhandleGetGraphData[0m] Handle Get Graph Data
[2026-09-01 05:21:26.082] [info] [[94mHttpSession.cpp[0m:[95m576[0m [96mhandleGetGraphData[0m] get_graph_data success
[2026-09-01 05:21:26.314] [info] [[94mControllerAndOtherEventHandler.cpp[0m:[95m239[0m [96moperator()[0m] Accepted new connection
[2026-09-01 05:21:26.314] [info] [[94mHttpSession.cpp[0m:[95m96[0m [96mhandleRequest[0m] Got request: GET /ndt/get_graph_data
[2026-09-01 05:21:26.314] [info] [[94mHttpSession.cpp[0m:[95m531[0m [96mhandleGetGraphData[0m] Handle Get Graph Data
[2026-09-01 05:21:26.333] [info] [[94mHttpSession.cpp[0m:[95m576[0m [96mhandleGetGraphData[0m] get_graph_data success
[2026-09-01 05:21:26.564] [info] [[94mControllerAndOtherEventHandler.cpp[0m:[95m239[0m [96moperator()[0m] Accepted new connection
[2026-09-01 05:21:26.564] [info] [[94mHttpSession.cpp[0m:[95m96[0m [96mhandleRequest[0m] Got request: GET /ndt/get_graph_data
[2026-09-01 05:21:26.564] [info] [[94mHttpSession.cpp[0m:[95m531[0m [96mhandleGetGraphData[0m] Handle Get Graph Data
[2026-09-01 05:21:26.578] [info] [[94mHttpSession.cpp[0m:[95m576[0m [96mhandleGetGraphData[0m] get_graph_data success
[2026-09-01 05:21:26.814] [info] [[94mControllerAndOtherEventHandler.cpp[0m:[95m239[0m [96moperator()[0m] Accepted new connection
[2026-09-01 05:21:26.814] [info] [[94mHttpSession.cpp[0m:[95m96[0m [96mhandleRequest[0m] Got request: GET /ndt/get_graph_data
[2026-09-01 05:21:26.814] [info] [[94mHttpSession.cpp[0m:[95m531[0m [96mhandleGetGraphData[0m] Handle Get Graph Data
[2026-09-01 05:21:26.833] [info] [[94mHttpSession.cpp[0m:[95m576[0m [96mhandleGetGraphData[0m] get_graph_data success
[2026-09-01 05:21:27.064] [info] [[94mControllerAndOtherEventHandler.cpp[0m:[95m239[0m [96moperator()[0m] Accepted new connection
[2026-09-01 05:21:27.065] [info] [[94mHttpSession.cpp[0m:[95m96[0m [96mhandleRequest[0m] Got request: GET /ndt/get_graph_data
[2026-09-01 05:21:27.065] [info] [[94mHttpSession.cpp[0m:[95m531[0m [96mhandleGetGraphData[0m] Handle Get Graph Data
[2026-09-01 05:21:27.083] [info] [[94mHttpSession.cpp[0m:[95m576[0m [96mhandleGetGraphData[0m] get_graph_data success
[2026-09-01 05:21:27.314] [info] [[94mControllerAndOtherEventHandler.cpp[0m:[95m239[0m [96moperator()[0m] Accepted new connection
[2026-09-01 05:21:27.314] [info] [[94mHttpSession.cpp[0m:[95m96[0m [96mhandleRequest[0m] Got request: GET /ndt/get_graph_data
[2026-09-01 05:21:27.314] [info] [[94mHttpSession.cpp[0m:[95m531[0m [96mhandleGetGraphData[0m] Handle Get Graph Data
[2026-09-01 05:21:27.333] [info] [[94mHttpSession.cpp[0m:[95m576[0m [96mhandleGetGraphData[0m] get_graph_data success
[2026-09-01 05:21:27.564] [info] [[94mControllerAndOtherEventHandler.cpp[0m:[95m239[0m [96moperator()[0m] Accepted new connection
[2026-09-01 05:21:27.564] [info] [[94mHttpSession.cpp[0m:[95m96[0m [96mhandleRequest[0m] Got request: GET /ndt/get_graph_data
[2026-09-01 05:21:27.564] [info] [[94mHttpSession.cpp[0m:[95m531[0m [96mhandleGetGraphData[0m] Handle Get Graph Data
[2026-09-01 05:21:27.582] [info] [[94mHttpSession.cpp[0m:[95m576[0m [96mhandleGetGraphData[0m] get_graph_data success
[2026-09-01 05:21:27.815] [info] [[94mControllerAndOtherEventHandler.cpp[0m:[95m239[0m [96moperator()[0m] Accepted new connection
[2026-09-01 05:21:27.815] [info] [[94mHttpSession.cpp[0m:[95m96[0m [96mhandleRequest[0m] Got request: GET /ndt/get_graph_data
[2026-09-01 05:21:27.815] [info] [[94mHttpSession.cpp[0m:[95m531[0m [96mhandleGetGraphData[0m] Handle Get Graph Data
[2026-09-01 05:21:27.834] [info] [[94mHttpSession.cpp[0m:[95m576[0m [96mhandleGetGraphData[0m] get_graph_data success
[2026-09-01 05:21:28.065] [info] [[94mControllerAndOtherEventHandler.cpp[0m:[95m239[0m [96moperator()[0m] Accepted new connection
[2026-09-01 05:21:28.065] [info] [[94mHttpSession.cpp[0m:[95m96[0m [96mhandleRequest[0m] Got request: GET /ndt/get_graph_data
[2026-09-01 05:21:28.065] [info] [[94mHttpSession.cpp[0m:[95m531[0m [96mhandleGetGraphData[0m] Handle Get Graph Data
[2026-09-01 05:21:28.084] [info] [[94mHttpSession.cpp[0m:[95m576[0m [96mhandleGetGraphData[0m] get_graph_data success
[2026-09-01 05:21:28.315] [info] [[94mControllerAndOtherEventHandler.cpp[0m:[95m239[0m [96moperator()[0m] Accepted new connection
[2026-09-01 05:21:28.315] [info] [[94mHttpSession.cpp[0m:[95m96[0m [96mhandleRequest[0m] Got request: GET /ndt/get_graph_data
[2026-09-01 05:21:28.315] [info] [[94mHttpSession.cpp[0m:[95m531[0m [96mhandleGetGraphData[0m] Handle Get Graph Data
[2026-09-01 05:21:28.331] [info] [[94mHttpSession.cpp[0m:[95m576[0m [96mhandleGetGraphData[0m] get_graph_data success
[2026-09-01 05:21:28.565] [info] [[94mControllerAndOtherEventHandler.cpp[0m:[95m239[0m [96moperator()[0m] Accepted new connection
[2026-09-01 05:21:28.565] [info] [[94mHttpSession.cpp[0m:[95m96[0m [96mhandleRequest[0m] Got request: GET /ndt/get_graph_data
[2026-09-01 05:21:28.565] [info] [[94mHttpSession.cpp[0m:[95m531[0m [96mhandleGetGraphData[0m] Handle Get Graph Data
[2026-09-01 05:21:28.579] [info] [[94mHttpSession.cpp[0m:[95m576[0m [96mhandleGetGraphData[0m] get_graph_data success
[2026-09-01 05:21:28.815] [info] [[94mControllerAndOtherEventHandler.cpp[0m:[95m239[0m [96moperator()[0m] Accepted new connection
[2026-09-01 05:21:28.815] [info] [[94mHttpSession.cpp[0m:[95m96[0m [96mhandleRequest[0m] Got request: GET /ndt/get_graph_data
[2026-09-01 05:21:28.815] [info] [[94mHttpSession.cpp[0m:[95m531[0m [96mhandleGetGraphData[0m] Handle Get Graph Data
[2026-09-01 05:21:28.833] [info] [[94mHttpSession.cpp[0m:[95m576[0m [96mhandleGetGraphData[0m] get_graph_data success
[2026-09-01 05:21:29.065] [info] [[94mControllerAndOtherEventHandler.cpp[0m:[95m239[0m [96moperator()[0m] Accepted new connection
[2026-09-01 05:21:29.065] [info] [[94mHttpSession.cpp[0m:[95m96[0m [96mhandleRequest[0m] Got request: GET /ndt/get_graph_data
[2026-09-01 05:21:29.065] [info] [[94mHttpSession.cpp[0m:[95m531[0m [96mhandleGetGraphData[0m] Handle Get Graph Data
[2026-09-01 05:21:29.084] [info] [[94mHttpSession.cpp[0m:[95m576[0m [96mhandleGetGraphData[0m] get_graph_data success
[2026-09-01 05:21:29.314] [info] [[94mControllerAndOtherEventHandler.cpp[0m:[95m239[0m [96moperator()[0m] Accepted new connection
[2026-09-01 05:21:29.315] [info] [[94mHttpSession.cpp[0m:[95m96[0m [96mhandleRequest[0m] Got request: GET /ndt/get_graph_data
[2026-09-01 05:21:29.315] [info] [[94mHttpSession.cpp[0m:[95m531[0m [96mhandleGetGraphData[0m] Handle Get Graph Data
[2026-09-01 05:21:29.333] [info] [[94mHttpSession.cpp[0m:[95m576[0m [96mhandleGetGraphData[0m] get_graph_data success
[2026-09-01 05:21:29.565] [info] [[94mControllerAndOtherEventHandler.cpp[0m:[95m239[0m [96moperator()[0m] Accepted new connection
[2026-09-01 05:21:29.565] [info] [[94mHttpSession.cpp[0m:[95m96[0m [96mhandleRequest[0m] Got request: GET /ndt/get_graph_data
[2026-09-01 05:21:29.565] [info] [[94mHttpSession.cpp[0m:[95m531[0m [96mhandleGetGraphData[0m] Handle Get Graph Data
[2026-09-01 05:21:29.581] [info] [[94mHttpSession.cpp[0m:[95m576[0m [96mhandleGetGraphData[0m] get_graph_data success
[2026-09-01 05:21:29.815] [info] [[94mControllerAndOtherEventHandler.cpp[0m:[95m239[0m [96moperator()[0m] Accepted new connection
[2026-09-01 05:21:29.815] [info] [[94mHttpSession.cpp[0m:[95m96[0m [96mhandleRequest[0m] Got request: GET /ndt/get_graph_data
[2026-09-01 05:21:29.815] [info] [[94mHttpSession.cpp[0m:[95m531[0m [96mhandleGetGraphData[0m] Handle Get Graph Data
[2026-09-01 05:21:29.834] [info] [[94mHttpSession.cpp[0m:[95m576[0m [96mhandleGetGraphData[0m] get_graph_data success
[2026-09-01 05:21:30.065] [info] [[94mControllerAndOtherEventHandler.cpp[0m:[95m239[0m [96moperator()[0m] Accepted new connection
[2026-09-01 05:21:30.065] [info] [[94mHttpSession.cpp[0m:[95m96[0m [96mhandleRequest[0m] Got request: GET /ndt/get_graph_data
[2026-09-01 05:21:30.065] [info] [[94mHttpSession.cpp[0m:[95m531[0m [96mhandleGetGraphData[0m] Handle Get Graph Data
[2026-09-01 05:21:30.077] [info] [[94mHttpSession.cpp[0m:[95m576[0m [96mhandleGetGraphData[0m] get_graph_data success
[2026-09-01 05:21:30.315] [info] [[94mControllerAndOtherEventHandler.cpp[0m:[95m239[0m [96moperator()[0m] Accepted new connection
[2026-09-01 05:21:30.315] [info] [[94mHttpSession.cpp[0m:[95m96[0m [96mhandleRequest[0m] Got request: GET /ndt/get_graph_data
[2026-09-01 05:21:30.315] [info] [[94mHttpSession.cpp[0m:[95m531[0m [96mhandleGetGraphData[0m] Handle Get Graph Data
[2026-09-01 05:21:30.328] [info] [[94mHttpSession.cpp[0m:[95m576[0m [96mhandleGetGraphData[0m] get_graph_data success
[2026-09-01 05:21:30.565] [info] [[94mControllerAndOtherEventHandler.cpp[0m:[95m239[0m [96moperator()[0m] Accepted new connection
[2026-09-01 05:21:30.565] [info] [[94mHttpSession.cpp[0m:[95m96[0m [96mhandleRequest[0m] Got request: GET /ndt/get_graph_data
[2026-09-01 05:21:30.565] [info] [[94mHttpSession.cpp[0m:[95m531[0m [96mhandleGetGraphData[0m] Handle Get Graph Data
[2026-09-01 05:21:30.576] [info] [[94mHttpSession.cpp[0m:[95m576[0m [96mhandleGetGraphData[0m] get_graph_data success
[2026-09-01 05:21:30.815] [info] [[94mControllerAndOtherEventHandler.cpp[0m:[95m239[0m [96moperator()[0m] Accepted new connection
[2026-09-01 05:21:30.815] [info] [[94mHttpSession.cpp[0m:[95m96[0m [96mhandleRequest[0m] Got request: GET /ndt/get_graph_data
[2026-09-01 05:21:30.815] [info] [[94mHttpSession.cpp[0m:[95m531[0m [96mhandleGetGraphData[0m] Handle Get Graph Data
[2026-09-01 05:21:30.827] [info] [[94mHttpSession.cpp[0m:[95m576[0m [96mhandleGetGraphData[0m] get_graph_data success
[2026-09-01 05:21:31.066] [info] [[94mControllerAndOtherEventHandler.cpp[0m:[95m239[0m [96moperator()[0m] Accepted new connection
[2026-09-01 05:21:31.066] [info] [[94mHttpSession.cpp[0m:[95m96[0m [96mhandleRequest[0m] Got request: GET /ndt/get_graph_data
[2026-09-01 05:21:31.066] [info] [[94mHttpSession.cpp[0m:[95m531[0m [96mhandleGetGraphData[0m] Handle Get Graph Data
[2026-09-01 05:21:31.080] [info] [[94mHttpSession.cpp[0m:[95m576[0m [96mhandleGetGraphData[0m] get_graph_data success
[2026-09-01 05:21:31.315] [info] [[94mControllerAndOtherEventHandler.cpp[0m:[95m239[0m [96moperator()[0m] Accepted new connection
[2026-09-01 05:21:31.316] [info] [[94mHttpSession.cpp[0m:[95m96[0m [96mhandleRequest[0m] Got request: GET /ndt/get_graph_data
[2026-09-01 05:21:31.316] [info] [[94mHttpSession.cpp[0m:[95m531[0m [96mhandleGetGraphData[0m] Handle Get Graph Data
[2026-09-01 05:21:31.329] [info] [[94mHttpSession.cpp[0m:[95m576[0m [96mhandleGetGraphData[0m] get_graph_data success
[2026-09-01 05:21:31.565] [info] [[94mControllerAndOtherEventHandler.cpp[0m:[95m239[0m [96moperator()[0m] Accepted new connection
[2026-09-01 05:21:31.565] [info] [[94mHttpSession.cpp[0m:[95m96[0m [96mhandleRequest[0m] Got request: GET /ndt/get_graph_data
[2026-09-01 05:21:31.565] [info] [[94mHttpSession.cpp[0m:[95m531[0m [96mhandleGetGraphData[0m] Handle Get Graph Data
[2026-09-01 05:21:31.584] [info] [[94mHttpSession.cpp[0m:[95m576[0m [96mhandleGetGraphData[0m] get_graph_data success
[2026-09-01 05:21:31.816] [info] [[94mControllerAndOtherEventHandler.cpp[0m:[95m239[0m [96moperator()[0m] Accepted new connection
[2026-09-01 05:21:31.816] [info] [[94mHttpSession.cpp[0m:[95m96[0m [96mhandleRequest[0m] Got request: GET /ndt/get_graph_data
[2026-09-01 05:21:31.816] [info] [[94mHttpSession.cpp[0m:[95m531[0m [96mhandleGetGraphData[0m] Handle Get Graph Data
[2026-09-01 05:21:31.833] [info] [[94mHttpSession.cpp[0m:[95m576[0m [96mhandleGetGraphData[0m] get_graph_data success
[2026-09-01 05:21:32.066] [info] [[94mControllerAndOtherEventHandler.cpp[0m:[95m239[0m [96moperator()[0m] Accepted new connection
[2026-09-01 05:21:32.066] [info] [[94mHttpSession.cpp[0m:[95m96[0m [96mhandleRequest[0m] Got request: GET /ndt/get_graph_data
[2026-09-01 05:21:32.066] [info] [[94mHttpSession.cpp[0m:[95m531[0m [96mhandleGetGraphData[0m] Handle Get Graph Data
[2026-09-01 05:21:32.083] [info] [[94mHttpSession.cpp[0m:[95m576[0m [96mhandleGetGraphData[0m] get_graph_data success
[2026-09-01 05:21:32.316] [info] [[94mControllerAndOtherEventHandler.cpp[0m:[95m239[0m [96moperator()[0m] Accepted new connection
[2026-09-01 05:21:32.316] [info] [[94mHttpSession.cpp[0m:[95m96[0m [96mhandleRequest[0m] Got request: GET /ndt/get_graph_data
[2026-09-01 05:21:32.316] [info] [[94mHttpSession.cpp[0m:[95m531[0m [96mhandleGetGraphData[0m] Handle Get Graph Data
[2026-09-01 05:21:32.334] [info] [[94mHttpSession.cpp[0m:[95m576[0m [96mhandleGetGraphData[0m] get_graph_data success
[2026-09-01 05:21:32.566] [info] [[94mControllerAndOtherEventHandler.cpp[0m:[95m239[0m [96moperator()[0m] Accepted new connection
[2026-09-01 05:21:32.566] [info] [[94mHttpSession.cpp[0m:[95m96[0m [96mhandleRequest[0m] Got request: GET /ndt/get_graph_data
[2026-09-01 05:21:32.566] [info] [[94mHttpSession.cpp[0m:[95m531[0m [96mhandleGetGraphData[0m] Handle Get Graph Data
[2026-09-01 05:21:32.585] [info] [[94mHttpSession.cpp[0m:[95m576[0m [96mhandleGetGraphData[0m] get_graph_data success
[2026-09-01 05:21:32.816] [info] [[94mControllerAndOtherEventHandler.cpp[0m:[95m239[0m [96moperator()[0m] Accepted new connection
[2026-09-01 05:21:32.816] [info] [[94mHttpSession.cpp[0m:[95m96[0m [96mhandleRequest[0m] Got request: GET /ndt/get_graph_data
[2026-09-01 05:21:32.816] [info] [[94mHttpSession.cpp[0m:[95m531[0m [96mhandleGetGraphData[0m] Handle Get Graph Data
[2026-09-01 05:21:32.835] [info] [[94mHttpSession.cpp[0m:[95m576[0m [96mhandleGetGraphData[0m] get_graph_data success
[2026-09-01 05:21:33.066] [info] [[94mControllerAndOtherEventHandler.cpp[0m:[95m239[0m [96moperator()[0m] Accepted new connection
[2026-09-01 05:21:33.066] [info] [[94mHttpSession.cpp[0m:[95m96[0m [96mhandleRequest[0m] Got request: GET /ndt/get_graph_data
[2026-09-01 05:21:33.066] [info] [[94mHttpSession.cpp[0m:[95m531[0m [96mhandleGetGraphData[0m] Handle Get Graph Data
[2026-09-01 05:21:33.084] [info] [[94mHttpSession.cpp[0m:[95m576[0m [96mhandleGetGraphData[0m] get_graph_data success
[2026-09-01 05:21:33.316] [info] [[94mControllerAndOtherEventHandler.cpp[0m:[95m239[0m [96moperator()[0m] Accepted new connection
[2026-09-01 05:21:33.316] [info] [[94mHttpSession.cpp[0m:[95m96[0m [96mhandleRequest[0m] Got request: GET /ndt/get_graph_data
[2026-09-01 05:21:33.316] [info] [[94mHttpSession.cpp[0m:[95m531[0m [96mhandleGetGraphData[0m] Handle Get Graph Data
[2026-09-01 05:21:33.335] [info] [[94mHttpSession.cpp[0m:[95m576[0m [96mhandleGetGraphData[0m] get_graph_data success
[2026-09-01 05:21:33.566] [info] [[94mControllerAndOtherEventHandler.cpp[0m:[95m239[0m [96moperator()[0m] Accepted new connection
[2026-09-01 05:21:33.566] [info] [[94mHttpSession.cpp[0m:[95m96[0m [96mhandleRequest[0m] Got request: GET /ndt/get_graph_data
[2026-09-01 05:21:33.566] [info] [[94mHttpSession.cpp[0m:[95m531[0m [96mhandleGetGraphData[0m] Handle Get Graph Data
[2026-09-01 05:21:33.583] [info] [[94mHttpSession.cpp[0m:[95m576[0m [96mhandleGetGraphData[0m] get_graph_data success
[2026-09-01 05:21:33.816] [info] [[94mControllerAndOtherEventHandler.cpp[0m:[95m239[0m [96moperator()[0m] Accepted new connection
[2026-09-01 05:21:33.816] [info] [[94mHttpSession.cpp[0m:[95m96[0m [96mhandleRequest[0m] Got request: GET /ndt/get_graph_data
[2026-09-01 05:21:33.816] [info] [[94mHttpSession.cpp[0m:[95m531[0m [96mhandleGetGraphData[0m] Handle Get Graph Data
[2026-09-01 05:21:33.830] [info] [[94mHttpSession.cpp[0m:[95m576[0m [96mhandleGetGraphData[0m] get_graph_data success
[2026-09-01 05:21:34.066] [info] [[94mControllerAndOtherEventHandler.cpp[0m:[95m239[0m [96moperator()[0m] Accepted new connection
[2026-09-01 05:21:34.066] [info] [[94mHttpSession.cpp[0m:[95m96[0m [96mhandleRequest[0m] Got request: GET /ndt/get_graph_data
[2026-09-01 05:21:34.066] [info] [[94mHttpSession.cpp[0m:[95m531[0m [96mhandleGetGraphData[0m] Handle Get Graph Data
[2026-09-01 05:21:34.079] [info] [[94mHttpSession.cpp[0m:[95m576[0m [96mhandleGetGraphData[0m] get_graph_data success
[2026-09-01 05:21:34.317] [info] [[94mControllerAndOtherEventHandler.cpp[0m:[95m239[0m [96moperator()[0m] Accepted new connection
[2026-09-01 05:21:34.317] [info] [[94mHttpSession.cpp[0m:[95m96[0m [96mhandleRequest[0m] Got request: GET /ndt/get_graph_data
[2026-09-01 05:21:34.317] [info] [[94mHttpSession.cpp[0m:[95m531[0m [96mhandleGetGraphData[0m] Handle Get Graph Data
[2026-09-01 05:21:34.333] [info] [[94mHttpSession.cpp[0m:[95m576[0m [96mhandleGetGraphData[0m] get_graph_data success
[2026-09-01 05:21:34.377] [info] [[94mFlowLinkUsageCollector.cpp[0m:[95m2558[0m [96mfetchAllDestinationPaths[0m] Pulled 16256 paths from controller
[2026-09-01 05:21:34.567] [info] [[94mControllerAndOtherEventHandler.cpp[0m:[95m239[0m [96moperator()[0m] Accepted new connection
[2026-09-01 05:21:34.567] [info] [[94mHttpSession.cpp[0m:[95m96[0m [96mhandleRequest[0m] Got request: GET /ndt/get_graph_data
[2026-09-01 05:21:34.567] [info] [[94mHttpSession.cpp[0m:[95m531[0m [96mhandleGetGraphData[0m] Handle Get Graph Data
[2026-09-01 05:21:34.579] [info] [[94mHttpSession.cpp[0m:[95m576[0m [96mhandleGetGraphData[0m] get_graph_data success
[2026-09-01 05:21:34.817] [info] [[94mControllerAndOtherEventHandler.cpp[0m:[95m239[0m [96moperator()[0m] Accepted new connection
[2026-09-01 05:21:34.817] [info] [[94mHttpSession.cpp[0m:[95m96[0m [96mhandleRequest[0m] Got request: GET /ndt/get_graph_data
[2026-09-01 05:21:34.817] [info] [[94mHttpSession.cpp[0m:[95m531[0m [96mhandleGetGraphData[0m] Handle Get Graph Data
[2026-09-01 05:21:34.836] [info] [[94mHttpSession.cpp[0m:[95m576[0m [96mhandleGetGraphData[0m] get_graph_data success
[2026-09-01 05:21:35.066] [info] [[94mControllerAndOtherEventHandler.cpp[0m:[95m239[0m [96moperator()[0m] Accepted new connection
[2026-09-01 05:21:35.066] [info] [[94mHttpSession.cpp[0m:[95m96[0m [96mhandleRequest[0m] Got request: GET /ndt/get_graph_data
[2026-09-01 05:21:35.066] [info] [[94mHttpSession.cpp[0m:[95m531[0m [96mhandleGetGraphData[0m] Handle Get Graph Data
[2026-09-01 05:21:35.085] [info] [[94mHttpSession.cpp[0m:[95m576[0m [96mhandleGetGraphData[0m] get_graph_data success
[2026-09-01 05:21:35.317] [info] [[94mControllerAndOtherEventHandler.cpp[0m:[95m239[0m [96moperator()[0m] Accepted new connection
[2026-09-01 05:21:35.317] [info] [[94mHttpSession.cpp[0m:[95m96[0m [96mhandleRequest[0m] Got request: GET /ndt/get_graph_data
[2026-09-01 05:21:35.317] [info] [[94mHttpSession.cpp[0m:[95m531[0m [96mhandleGetGraphData[0m] Handle Get Graph Data
[2026-09-01 05:21:35.335] [info] [[94mHttpSession.cpp[0m:[95m576[0m [96mhandleGetGraphData[0m] get_graph_data success
[2026-09-01 05:21:35.566] [info] [[94mControllerAndOtherEventHandler.cpp[0m:[95m239[0m [96moperator()[0m] Accepted new connection
[2026-09-01 05:21:35.567] [info] [[94mHttpSession.cpp[0m:[95m96[0m [96mhandleRequest[0m] Got request: GET /ndt/get_graph_data
[2026-09-01 05:21:35.567] [info] [[94mHttpSession.cpp[0m:[95m531[0m [96mhandleGetGraphData[0m] Handle Get Graph Data
[2026-09-01 05:21:35.585] [info] [[94mHttpSession.cpp[0m:[95m576[0m [96mhandleGetGraphData[0m] get_graph_data success
[2026-09-01 05:21:35.816] [info] [[94mControllerAndOtherEventHandler.cpp[0m:[95m239[0m [96moperator()[0m] Accepted new connection
[2026-09-01 05:21:35.817] [info] [[94mHttpSession.cpp[0m:[95m96[0m [96mhandleRequest[0m] Got request: GET /ndt/get_graph_data
[2026-09-01 05:21:35.817] [info] [[94mHttpSession.cpp[0m:[95m531[0m [96mhandleGetGraphData[0m] Handle Get Graph Data
[2026-09-01 05:21:35.835] [info] [[94mHttpSession.cpp[0m:[95m576[0m [96mhandleGetGraphData[0m] get_graph_data success
[2026-09-01 05:21:36.066] [info] [[94mControllerAndOtherEventHandler.cpp[0m:[95m239[0m [96moperator()[0m] Accepted new connection
[2026-09-01 05:21:36.067] [info] [[94mHttpSession.cpp[0m:[95m96[0m [96mhandleRequest[0m] Got request: GET /ndt/get_graph_data
[2026-09-01 05:21:36.067] [info] [[94mHttpSession.cpp[0m:[95m531[0m [96mhandleGetGraphData[0m] Handle Get Graph Data
[2026-09-01 05:21:36.084] [info] [[94mHttpSession.cpp[0m:[95m576[0m [96mhandleGetGraphData[0m] get_graph_data success
[2026-09-01 05:21:36.317] [info] [[94mControllerAndOtherEventHandler.cpp[0m:[95m239[0m [96moperator()[0m] Accepted new connection
[2026-09-01 05:21:36.317] [info] [[94mHttpSession.cpp[0m:[95m96[0m [96mhandleRequest[0m] Got request: GET /ndt/get_graph_data
[2026-09-01 05:21:36.317] [info] [[94mHttpSession.cpp[0m:[95m531[0m [96mhandleGetGraphData[0m] Handle Get Graph Data
[2026-09-01 05:21:36.336] [info] [[94mHttpSession.cpp[0m:[95m576[0m [96mhandleGetGraphData[0m] get_graph_data success
[2026-09-01 05:21:36.567] [info] [[94mControllerAndOtherEventHandler.cpp[0m:[95m239[0m [96moperator()[0m] Accepted new connection
[2026-09-01 05:21:36.567] [info] [[94mHttpSession.cpp[0m:[95m96[0m [96mhandleRequest[0m] Got request: GET /ndt/get_graph_data
[2026-09-01 05:21:36.567] [info] [[94mHttpSession.cpp[0m:[95m531[0m [96mhandleGetGraphData[0m] Handle Get Graph Data
[2026-09-01 05:21:36.585] [info] [[94mHttpSession.cpp[0m:[95m576[0m [96mhandleGetGraphData[0m] get_graph_data success
[2026-09-01 05:21:36.817] [info] [[94mControllerAndOtherEventHandler.cpp[0m:[95m239[0m [96moperator()[0m] Accepted new connection
[2026-09-01 05:21:36.818] [info] [[94mHttpSession.cpp[0m:[95m96[0m [96mhandleRequest[0m] Got request: GET /ndt/get_graph_data
[2026-09-01 05:21:36.818] [info] [[94mHttpSession.cpp[0m:[95m531[0m [96mhandleGetGraphData[0m] Handle Get Graph Data
[2026-09-01 05:21:36.834] [info] [[94mHttpSession.cpp[0m:[95m576[0m [96mhandleGetGraphData[0m] get_graph_data success
[2026-09-01 05:21:37.067] [info] [[94mControllerAndOtherEventHandler.cpp[0m:[95m239[0m [96moperator()[0m] Accepted new connection
[2026-09-01 05:21:37.068] [info] [[94mHttpSession.cpp[0m:[95m96[0m [96mhandleRequest[0m] Got request: GET /ndt/get_graph_data
[2026-09-01 05:21:37.068] [info] [[94mHttpSession.cpp[0m:[95m531[0m [96mhandleGetGraphData[0m] Handle Get Graph Data
[2026-09-01 05:21:37.086] [info] [[94mHttpSession.cpp[0m:[95m576[0m [96mhandleGetGraphData[0m] get_graph_data success
[2026-09-01 05:21:37.317] [info] [[94mControllerAndOtherEventHandler.cpp[0m:[95m239[0m [96moperator()[0m] Accepted new connection
[2026-09-01 05:21:37.318] [info] [[94mHttpSession.cpp[0m:[95m96[0m [96mhandleRequest[0m] Got request: GET /ndt/get_graph_data
[2026-09-01 05:21:37.318] [info] [[94mHttpSession.cpp[0m:[95m531[0m [96mhandleGetGraphData[0m] Handle Get Graph Data
[2026-09-01 05:21:37.337] [info] [[94mHttpSession.cpp[0m:[95m576[0m [96mhandleGetGraphData[0m] get_graph_data success
[2026-09-01 05:21:37.568] [info] [[94mControllerAndOtherEventHandler.cpp[0m:[95m239[0m [96moperator()[0m] Accepted new connection
[2026-09-01 05:21:37.568] [info] [[94mHttpSession.cpp[0m:[95m96[0m [96mhandleRequest[0m] Got request: GET /ndt/get_graph_data
[2026-09-01 05:21:37.568] [info] [[94mHttpSession.cpp[0m:[95m531[0m [96mhandleGetGraphData[0m] Handle Get Graph Data
[2026-09-01 05:21:37.587] [info] [[94mHttpSession.cpp[0m:[95m576[0m [96mhandleGetGraphData[0m] get_graph_data success
[2026-09-01 05:21:37.818] [info] [[94mControllerAndOtherEventHandler.cpp[0m:[95m239[0m [96moperator()[0m] Accepted new connection
[2026-09-01 05:21:37.818] [info] [[94mHttpSession.cpp[0m:[95m96[0m [96mhandleRequest[0m] Got request: GET /ndt/get_graph_data
[2026-09-01 05:21:37.818] [info] [[94mHttpSession.cpp[0m:[95m531[0m [96mhandleGetGraphData[0m] Handle Get Graph Data
[2026-09-01 05:21:37.835] [info] [[94mHttpSession.cpp[0m:[95m576[0m [96mhandleGetGraphData[0m] get_graph_data success
[2026-09-01 05:21:38.067] [info] [[94mControllerAndOtherEventHandler.cpp[0m:[95m239[0m [96moperator()[0m] Accepted new connection
[2026-09-01 05:21:38.067] [info] [[94mHttpSession.cpp[0m:[95m96[0m [96mhandleRequest[0m] Got request: GET /ndt/get_graph_data
[2026-09-01 05:21:38.067] [info] [[94mHttpSession.cpp[0m:[95m531[0m [96mhandleGetGraphData[0m] Handle Get Graph Data
[2026-09-01 05:21:38.081] [info] [[94mHttpSession.cpp[0m:[95m576[0m [96mhandleGetGraphData[0m] get_graph_data success
[2026-09-01 05:21:38.318] [info] [[94mControllerAndOtherEventHandler.cpp[0m:[95m239[0m [96moperator()[0m] Accepted new connection
[2026-09-01 05:21:38.318] [info] [[94mHttpSession.cpp[0m:[95m96[0m [96mhandleRequest[0m] Got request: GET /ndt/get_graph_data
[2026-09-01 05:21:38.318] [info] [[94mHttpSession.cpp[0m:[95m531[0m [96mhandleGetGraphData[0m] Handle Get Graph Data
[2026-09-01 05:21:38.330] [info] [[94mHttpSession.cpp[0m:[95m576[0m [96mhandleGetGraphData[0m] get_graph_data success
[2026-09-01 05:21:38.567] [info] [[94mControllerAndOtherEventHandler.cpp[0m:[95m239[0m [96moperator()[0m] Accepted new connection
[2026-09-01 05:21:38.567] [info] [[94mHttpSession.cpp[0m:[95m96[0m [96mhandleRequest[0m] Got request: GET /ndt/get_graph_data
[2026-09-01 05:21:38.568] [info] [[94mHttpSession.cpp[0m:[95m531[0m [96mhandleGetGraphData[0m] Handle Get Graph Data
[2026-09-01 05:21:38.586] [info] [[94mHttpSession.cpp[0m:[95m576[0m [96mhandleGetGraphData[0m] get_graph_data success
[2026-09-01 05:21:38.818] [info] [[94mControllerAndOtherEventHandler.cpp[0m:[95m239[0m [96moperator()[0m] Accepted new connection
[2026-09-01 05:21:38.818] [info] [[94mHttpSession.cpp[0m:[95m96[0m [96mhandleRequest[0m] Got request: GET /ndt/get_graph_data
[2026-09-01 05:21:38.818] [info] [[94mHttpSession.cpp[0m:[95m531[0m [96mhandleGetGraphData[0m] Handle Get Graph Data
[2026-09-01 05:21:38.836] [info] [[94mHttpSession.cpp[0m:[95m576[0m [96mhandleGetGraphData[0m] get_graph_data success
[2026-09-01 05:21:39.068] [info] [[94mControllerAndOtherEventHandler.cpp[0m:[95m239[0m [96moperator()[0m] Accepted new connection
[2026-09-01 05:21:39.068] [info] [[94mHttpSession.cpp[0m:[95m96[0m [96mhandleRequest[0m] Got request: GET /ndt/get_graph_data
[2026-09-01 05:21:39.068] [info] [[94mHttpSession.cpp[0m:[95m531[0m [96mhandleGetGraphData[0m] Handle Get Graph Data
[2026-09-01 05:21:39.080] [info] [[94mHttpSession.cpp[0m:[95m576[0m [96mhandleGetGraphData[0m] get_graph_data success
[2026-09-01 05:21:39.318] [info] [[94mControllerAndOtherEventHandler.cpp[0m:[95m239[0m [96moperator()[0m] Accepted new connection
[2026-09-01 05:21:39.318] [info] [[94mHttpSession.cpp[0m:[95m96[0m [96mhandleRequest[0m] Got request: GET /ndt/get_graph_data
[2026-09-01 05:21:39.318] [info] [[94mHttpSession.cpp[0m:[95m531[0m [96mhandleGetGraphData[0m] Handle Get Graph Data
[2026-09-01 05:21:39.336] [info] [[94mHttpSession.cpp[0m:[95m576[0m [96mhandleGetGraphData[0m] get_graph_data success
[2026-09-01 05:21:39.568] [info] [[94mControllerAndOtherEventHandler.cpp[0m:[95m239[0m [96moperator()[0m] Accepted new connection
[2026-09-01 05:21:39.568] [info] [[94mHttpSession.cpp[0m:[95m96[0m [96mhandleRequest[0m] Got request: GET /ndt/get_graph_data
[2026-09-01 05:21:39.568] [info] [[94mHttpSession.cpp[0m:[95m531[0m [96mhandleGetGraphData[0m] Handle Get Graph Data
[2026-09-01 05:21:39.586] [info] [[94mHttpSession.cpp[0m:[95m576[0m [96mhandleGetGraphData[0m] get_graph_data success
[2026-09-01 05:21:39.818] [info] [[94mControllerAndOtherEventHandler.cpp[0m:[95m239[0m [96moperator()[0m] Accepted new connection
[2026-09-01 05:21:39.818] [info] [[94mHttpSession.cpp[0m:[95m96[0m [96mhandleRequest[0m] Got request: GET /ndt/get_graph_data
[2026-09-01 05:21:39.818] [info] [[94mHttpSession.cpp[0m:[95m531[0m [96mhandleGetGraphData[0m] Handle Get Graph Data
[2026-09-01 05:21:39.830] [info] [[94mHttpSession.cpp[0m:[95m576[0m [96mhandleGetGraphData[0m] get_graph_data success
[2026-09-01 05:21:40.068] [info] [[94mControllerAndOtherEventHandler.cpp[0m:[95m239[0m [96moperator()[0m] Accepted new connection
[2026-09-01 05:21:40.069] [info] [[94mHttpSession.cpp[0m:[95m96[0m [96mhandleRequest[0m] Got request: GET /ndt/get_graph_data
[2026-09-01 05:21:40.069] [info] [[94mHttpSession.cpp[0m:[95m531[0m [96mhandleGetGraphData[0m] Handle Get Graph Data
[2026-09-01 05:21:40.087] [info] [[94mHttpSession.cpp[0m:[95m576[0m [96mhandleGetGraphData[0m] get_graph_data success
[2026-09-01 05:21:40.318] [info] [[94mControllerAndOtherEventHandler.cpp[0m:[95m239[0m [96moperator()[0m] Accepted new connection
[2026-09-01 05:21:40.318] [info] [[94mHttpSession.cpp[0m:[95m96[0m [96mhandleRequest[0m] Got request: GET /ndt/get_graph_data
[2026-09-01 05:21:40.318] [info] [[94mHttpSession.cpp[0m:[95m531[0m [96mhandleGetGraphData[0m] Handle Get Graph Data
[2026-09-01 05:21:40.335] [info] [[94mHttpSession.cpp[0m:[95m576[0m [96mhandleGetGraphData[0m] get_graph_data success
[2026-09-01 05:21:40.568] [info] [[94mControllerAndOtherEventHandler.cpp[0m:[95m239[0m [96moperator()[0m] Accepted new connection
[2026-09-01 05:21:40.568] [info] [[94mHttpSession.cpp[0m:[95m96[0m [96mhandleRequest[0m] Got request: GET /ndt/get_graph_data
[2026-09-01 05:21:40.568] [info] [[94mHttpSession.cpp[0m:[95m531[0m [96mhandleGetGraphData[0m] Handle Get Graph Data
[2026-09-01 05:21:40.586] [info] [[94mHttpSession.cpp[0m:[95m576[0m [96mhandleGetGraphData[0m] get_graph_data success
[2026-09-01 05:21:40.818] [info] [[94mControllerAndOtherEventHandler.cpp[0m:[95m239[0m [96moperator()[0m] Accepted new connection
[2026-09-01 05:21:40.819] [info] [[94mHttpSession.cpp[0m:[95m96[0m [96mhandleRequest[0m] Got request: GET /ndt/get_graph_data
[2026-09-01 05:21:40.819] [info] [[94mHttpSession.cpp[0m:[95m531[0m [96mhandleGetGraphData[0m] Handle Get Graph Data
[2026-09-01 05:21:40.835] [info] [[94mHttpSession.cpp[0m:[95m576[0m [96mhandleGetGraphData[0m] get_graph_data success
[2026-09-01 05:21:41.069] [info] [[94mControllerAndOtherEventHandler.cpp[0m:[95m239[0m [96moperator()[0m] Accepted new connection
[2026-09-01 05:21:41.069] [info] [[94mHttpSession.cpp[0m:[95m96[0m [96mhandleRequest[0m] Got request: GET /ndt/get_graph_data
[2026-09-01 05:21:41.069] [info] [[94mHttpSession.cpp[0m:[95m531[0m [96mhandleGetGraphData[0m] Handle Get Graph Data
[2026-09-01 05:21:41.085] [info] [[94mHttpSession.cpp[0m:[95m576[0m [96mhandleGetGraphData[0m] get_graph_data success
[2026-09-01 05:21:41.319] [info] [[94mControllerAndOtherEventHandler.cpp[0m:[95m239[0m [96moperator()[0m] Accepted new connection
[2026-09-01 05:21:41.319] [info] [[94mHttpSession.cpp[0m:[95m96[0m [96mhandleRequest[0m] Got request: GET /ndt/get_graph_data
[2026-09-01 05:21:41.319] [info] [[94mHttpSession.cpp[0m:[95m531[0m [96mhandleGetGraphData[0m] Handle Get Graph Data
[2026-09-01 05:21:41.337] [info] [[94mHttpSession.cpp[0m:[95m576[0m [96mhandleGetGraphData[0m] get_graph_data success
[2026-09-01 05:21:41.568] [info] [[94mControllerAndOtherEventHandler.cpp[0m:[95m239[0m [96moperator()[0m] Accepted new connection
[2026-09-01 05:21:41.568] [info] [[94mHttpSession.cpp[0m:[95m96[0m [96mhandleRequest[0m] Got request: GET /ndt/get_graph_data
[2026-09-01 05:21:41.568] [info] [[94mHttpSession.cpp[0m:[95m531[0m [96mhandleGetGraphData[0m] Handle Get Graph Data
[2026-09-01 05:21:41.587] [info] [[94mHttpSession.cpp[0m:[95m576[0m [96mhandleGetGraphData[0m] get_graph_data success
[2026-09-01 05:21:41.818] [info] [[94mControllerAndOtherEventHandler.cpp[0m:[95m239[0m [96moperator()[0m] Accepted new connection
[2026-09-01 05:21:41.818] [info] [[94mHttpSession.cpp[0m:[95m96[0m [96mhandleRequest[0m] Got request: GET /ndt/get_graph_data
[2026-09-01 05:21:41.818] [info] [[94mHttpSession.cpp[0m:[95m531[0m [96mhandleGetGraphData[0m] Handle Get Graph Data
[2026-09-01 05:21:41.830] [info] [[94mHttpSession.cpp[0m:[95m576[0m [96mhandleGetGraphData[0m] get_graph_data success
[2026-09-01 05:21:42.069] [info] [[94mControllerAndOtherEventHandler.cpp[0m:[95m239[0m [96moperator()[0m] Accepted new connection
[2026-09-01 05:21:42.069] [info] [[94mHttpSession.cpp[0m:[95m96[0m [96mhandleRequest[0m] Got request: GET /ndt/get_graph_data
[2026-09-01 05:21:42.069] [info] [[94mHttpSession.cpp[0m:[95m531[0m [96mhandleGetGraphData[0m] Handle Get Graph Data
[2026-09-01 05:21:42.087] [info] [[94mHttpSession.cpp[0m:[95m576[0m [96mhandleGetGraphData[0m] get_graph_data success
[2026-09-01 05:21:42.319] [info] [[94mControllerAndOtherEventHandler.cpp[0m:[95m239[0m [96moperator()[0m] Accepted new connection
[2026-09-01 05:21:42.319] [info] [[94mHttpSession.cpp[0m:[95m96[0m [96mhandleRequest[0m] Got request: GET /ndt/get_graph_data
[2026-09-01 05:21:42.319] [info] [[94mHttpSession.cpp[0m:[95m531[0m [96mhandleGetGraphData[0m] Handle Get Graph Data
[2026-09-01 05:21:42.337] [info] [[94mHttpSession.cpp[0m:[95m576[0m [96mhandleGetGraphData[0m] get_graph_data success
[2026-09-01 05:21:42.569] [info] [[94mControllerAndOtherEventHandler.cpp[0m:[95m239[0m [96moperator()[0m] Accepted new connection
[2026-09-01 05:21:42.569] [info] [[94mHttpSession.cpp[0m:[95m96[0m [96mhandleRequest[0m] Got request: GET /ndt/get_graph_data
[2026-09-01 05:21:42.569] [info] [[94mHttpSession.cpp[0m:[95m531[0m [96mhandleGetGraphData[0m] Handle Get Graph Data
[2026-09-01 05:21:42.587] [info] [[94mHttpSession.cpp[0m:[95m576[0m [96mhandleGetGraphData[0m] get_graph_data success
[2026-09-01 05:21:42.818] [info] [[94mControllerAndOtherEventHandler.cpp[0m:[95m239[0m [96moperator()[0m] Accepted new connection
[2026-09-01 05:21:42.818] [info] [[94mHttpSession.cpp[0m:[95m96[0m [96mhandleRequest[0m] Got request: GET /ndt/get_graph_data
[2026-09-01 05:21:42.818] [info] [[94mHttpSession.cpp[0m:[95m531[0m [96mhandleGetGraphData[0m] Handle Get Graph Data
[2026-09-01 05:21:42.837] [info] [[94mHttpSession.cpp[0m:[95m576[0m [96mhandleGetGraphData[0m] get_graph_data success
[2026-09-01 05:21:43.069] [info] [[94mControllerAndOtherEventHandler.cpp[0m:[95m239[0m [96moperator()[0m] Accepted new connection
[2026-09-01 05:21:43.070] [info] [[94mHttpSession.cpp[0m:[95m96[0m [96mhandleRequest[0m] Got request: GET /ndt/get_graph_data
[2026-09-01 05:21:43.070] [info] [[94mHttpSession.cpp[0m:[95m531[0m [96mhandleGetGraphData[0m] Handle Get Graph Data
[2026-09-01 05:21:43.081] [info] [[94mHttpSession.cpp[0m:[95m576[0m [96mhandleGetGraphData[0m] get_graph_data success
[2026-09-01 05:21:43.320] [info] [[94mControllerAndOtherEventHandler.cpp[0m:[95m239[0m [96moperator()[0m] Accepted new connection
[2026-09-01 05:21:43.320] [info] [[94mHttpSession.cpp[0m:[95m96[0m [96mhandleRequest[0m] Got request: GET /ndt/get_graph_data
[2026-09-01 05:21:43.320] [info] [[94mHttpSession.cpp[0m:[95m531[0m [96mhandleGetGraphData[0m] Handle Get Graph Data
[2026-09-01 05:21:43.338] [info] [[94mHttpSession.cpp[0m:[95m576[0m [96mhandleGetGraphData[0m] get_graph_data success
[2026-09-01 05:21:43.570] [info] [[94mControllerAndOtherEventHandler.cpp[0m:[95m239[0m [96moperator()[0m] Accepted new connection
[2026-09-01 05:21:43.570] [info] [[94mHttpSession.cpp[0m:[95m96[0m [96mhandleRequest[0m] Got request: GET /ndt/get_graph_data
[2026-09-01 05:21:43.570] [info] [[94mHttpSession.cpp[0m:[95m531[0m [96mhandleGetGraphData[0m] Handle Get Graph Data
[2026-09-01 05:21:43.589] [info] [[94mHttpSession.cpp[0m:[95m576[0m [96mhandleGetGraphData[0m] get_graph_data success
[2026-09-01 05:21:43.819] [info] [[94mControllerAndOtherEventHandler.cpp[0m:[95m239[0m [96moperator()[0m] Accepted new connection
[2026-09-01 05:21:43.820] [info] [[94mHttpSession.cpp[0m:[95m96[0m [96mhandleRequest[0m] Got request: GET /ndt/get_graph_data
[2026-09-01 05:21:43.820] [info] [[94mHttpSession.cpp[0m:[95m531[0m [96mhandleGetGraphData[0m] Handle Get Graph Data
[2026-09-01 05:21:43.838] [info] [[94mHttpSession.cpp[0m:[95m576[0m [96mhandleGetGraphData[0m] get_graph_data success
[2026-09-01 05:21:44.070] [info] [[94mControllerAndOtherEventHandler.cpp[0m:[95m239[0m [96moperator()[0m] Accepted new connection
[2026-09-01 05:21:44.070] [info] [[94mHttpSession.cpp[0m:[95m96[0m [96mhandleRequest[0m] Got request: GET /ndt/get_graph_data
[2026-09-01 05:21:44.070] [info] [[94mHttpSession.cpp[0m:[95m531[0m [96mhandleGetGraphData[0m] Handle Get Graph Data
[2026-09-01 05:21:44.088] [info] [[94mHttpSession.cpp[0m:[95m576[0m [96mhandleGetGraphData[0m] get_graph_data success
[2026-09-01 05:21:44.320] [info] [[94mControllerAndOtherEventHandler.cpp[0m:[95m239[0m [96moperator()[0m] Accepted new connection
[2026-09-01 05:21:44.320] [info] [[94mHttpSession.cpp[0m:[95m96[0m [96mhandleRequest[0m] Got request: GET /ndt/get_graph_data
[2026-09-01 05:21:44.320] [info] [[94mHttpSession.cpp[0m:[95m531[0m [96mhandleGetGraphData[0m] Handle Get Graph Data
[2026-09-01 05:21:44.339] [info] [[94mHttpSession.cpp[0m:[95m576[0m [96mhandleGetGraphData[0m] get_graph_data success
[2026-09-01 05:21:44.570] [info] [[94mControllerAndOtherEventHandler.cpp[0m:[95m239[0m [96moperator()[0m] Accepted new connection
[2026-09-01 05:21:44.570] [info] [[94mHttpSession.cpp[0m:[95m96[0m [96mhandleRequest[0m] Got request: GET /ndt/get_graph_data
[2026-09-01 05:21:44.570] [info] [[94mHttpSession.cpp[0m:[95m531[0m [96mhandleGetGraphData[0m] Handle Get Graph Data
[2026-09-01 05:21:44.587] [info] [[94mHttpSession.cpp[0m:[95m576[0m [96mhandleGetGraphData[0m] get_graph_data success
[2026-09-01 05:21:44.820] [info] [[94mControllerAndOtherEventHandler.cpp[0m:[95m239[0m [96moperator()[0m] Accepted new connection
[2026-09-01 05:21:44.820] [info] [[94mHttpSession.cpp[0m:[95m96[0m [96mhandleRequest[0m] Got request: GET /ndt/get_graph_data
[2026-09-01 05:21:44.821] [info] [[94mHttpSession.cpp[0m:[95m531[0m [96mhandleGetGraphData[0m] Handle Get Graph Data
[2026-09-01 05:21:44.839] [info] [[94mHttpSession.cpp[0m:[95m576[0m [96mhandleGetGraphData[0m] get_graph_data success
[2026-09-01 05:21:45.070] [info] [[94mControllerAndOtherEventHandler.cpp[0m:[95m239[0m [96moperator()[0m] Accepted new connection
[2026-09-01 05:21:45.070] [info] [[94mHttpSession.cpp[0m:[95m96[0m [96mhandleRequest[0m] Got request: GET /ndt/get_graph_data
[2026-09-01 05:21:45.070] [info] [[94mHttpSession.cpp[0m:[95m531[0m [96mhandleGetGraphData[0m] Handle Get Graph Data
[2026-09-01 05:21:45.088] [info] [[94mHttpSession.cpp[0m:[95m576[0m [96mhandleGetGraphData[0m] get_graph_data success
[2026-09-01 05:21:45.321] [info] [[94mControllerAndOtherEventHandler.cpp[0m:[95m239[0m [96moperator()[0m] Accepted new connection
[2026-09-01 05:21:45.321] [info] [[94mHttpSession.cpp[0m:[95m96[0m [96mhandleRequest[0m] Got request: GET /ndt/get_graph_data
[2026-09-01 05:21:45.321] [info] [[94mHttpSession.cpp[0m:[95m531[0m [96mhandleGetGraphData[0m] Handle Get Graph Data
[2026-09-01 05:21:45.336] [info] [[94mHttpSession.cpp[0m:[95m576[0m [96mhandleGetGraphData[0m] get_graph_data success
[2026-09-01 05:21:45.570] [info] [[94mControllerAndOtherEventHandler.cpp[0m:[95m239[0m [96moperator()[0m] Accepted new connection
[2026-09-01 05:21:45.570] [info] [[94mHttpSession.cpp[0m:[95m96[0m [96mhandleRequest[0m] Got request: GET /ndt/get_graph_data
[2026-09-01 05:21:45.570] [info] [[94mHttpSession.cpp[0m:[95m531[0m [96mhandleGetGraphData[0m] Handle Get Graph Data
[2026-09-01 05:21:45.589] [info] [[94mHttpSession.cpp[0m:[95m576[0m [96mhandleGetGraphData[0m] get_graph_data success
[2026-09-01 05:21:45.820] [info] [[94mControllerAndOtherEventHandler.cpp[0m:[95m239[0m [96moperator()[0m] Accepted new connection
[2026-09-01 05:21:45.820] [info] [[94mHttpSession.cpp[0m:[95m96[0m [96mhandleRequest[0m] Got request: GET /ndt/get_graph_data
[2026-09-01 05:21:45.820] [info] [[94mHttpSession.cpp[0m:[95m531[0m [96mhandleGetGraphData[0m] Handle Get Graph Data
[2026-09-01 05:21:45.839] [info] [[94mHttpSession.cpp[0m:[95m576[0m [96mhandleGetGraphData[0m] get_graph_data success
[2026-09-01 05:21:46.070] [info] [[94mControllerAndOtherEventHandler.cpp[0m:[95m239[0m [96moperator()[0m] Accepted new connection
[2026-09-01 05:21:46.070] [info] [[94mHttpSession.cpp[0m:[95m96[0m [96mhandleRequest[0m] Got request: GET /ndt/get_graph_data
[2026-09-01 05:21:46.070] [info] [[94mHttpSession.cpp[0m:[95m531[0m [96mhandleGetGraphData[0m] Handle Get Graph Data
[2026-09-01 05:21:46.089] [info] [[94mHttpSession.cpp[0m:[95m576[0m [96mhandleGetGraphData[0m] get_graph_data success
[2026-09-01 05:21:46.321] [info] [[94mControllerAndOtherEventHandler.cpp[0m:[95m239[0m [96moperator()[0m] Accepted new connection
[2026-09-01 05:21:46.321] [info] [[94mHttpSession.cpp[0m:[95m96[0m [96mhandleRequest[0m] Got request: GET /ndt/get_graph_data
[2026-09-01 05:21:46.321] [info] [[94mHttpSession.cpp[0m:[95m531[0m [96mhandleGetGraphData[0m] Handle Get Graph Data
[2026-09-01 05:21:46.340] [info] [[94mHttpSession.cpp[0m:[95m576[0m [96mhandleGetGraphData[0m] get_graph_data success
[2026-09-01 05:21:46.570] [info] [[94mControllerAndOtherEventHandler.cpp[0m:[95m239[0m [96moperator()[0m] Accepted new connection
[2026-09-01 05:21:46.570] [info] [[94mHttpSession.cpp[0m:[95m96[0m [96mhandleRequest[0m] Got request: GET /ndt/get_graph_data
[2026-09-01 05:21:46.570] [info] [[94mHttpSession.cpp[0m:[95m531[0m [96mhandleGetGraphData[0m] Handle Get Graph Data
[2026-09-01 05:21:46.582] [info] [[94mHttpSession.cpp[0m:[95m576[0m [96mhandleGetGraphData[0m] get_graph_data success
[2026-09-01 05:21:46.820] [info] [[94mControllerAndOtherEventHandler.cpp[0m:[95m239[0m [96moperator()[0m] Accepted new connection
[2026-09-01 05:21:46.821] [info] [[94mHttpSession.cpp[0m:[95m96[0m [96mhandleRequest[0m] Got request: GET /ndt/get_graph_data
[2026-09-01 05:21:46.821] [info] [[94mHttpSession.cpp[0m:[95m531[0m [96mhandleGetGraphData[0m] Handle Get Graph Data
[2026-09-01 05:21:46.839] [info] [[94mHttpSession.cpp[0m:[95m576[0m [96mhandleGetGraphData[0m] get_graph_data success
[2026-09-01 05:21:47.071] [info] [[94mControllerAndOtherEventHandler.cpp[0m:[95m239[0m [96moperator()[0m] Accepted new connection
[2026-09-01 05:21:47.071] [info] [[94mHttpSession.cpp[0m:[95m96[0m [96mhandleRequest[0m] Got request: GET /ndt/get_graph_data
[2026-09-01 05:21:47.071] [info] [[94mHttpSession.cpp[0m:[95m531[0m [96mhandleGetGraphData[0m] Handle Get Graph Data
[2026-09-01 05:21:47.090] [info] [[94mHttpSession.cpp[0m:[95m576[0m [96mhandleGetGraphData[0m] get_graph_data success
[2026-09-01 05:21:47.321] [info] [[94mControllerAndOtherEventHandler.cpp[0m:[95m239[0m [96moperator()[0m] Accepted new connection
[2026-09-01 05:21:47.321] [info] [[94mHttpSession.cpp[0m:[95m96[0m [96mhandleRequest[0m] Got request: GET /ndt/get_graph_data
[2026-09-01 05:21:47.321] [info] [[94mHttpSession.cpp[0m:[95m531[0m [96mhandleGetGraphData[0m] Handle Get Graph Data
[2026-09-01 05:21:47.333] [info] [[94mHttpSession.cpp[0m:[95m576[0m [96mhandleGetGraphData[0m] get_graph_data success
[2026-09-01 05:21:47.571] [info] [[94mControllerAndOtherEventHandler.cpp[0m:[95m239[0m [96moperator()[0m] Accepted new connection
[2026-09-01 05:21:47.571] [info] [[94mHttpSession.cpp[0m:[95m96[0m [96mhandleRequest[0m] Got request: GET /ndt/get_graph_data
[2026-09-01 05:21:47.571] [info] [[94mHttpSession.cpp[0m:[95m531[0m [96mhandleGetGraphData[0m] Handle Get Graph Data
[2026-09-01 05:21:47.583] [info] [[94mHttpSession.cpp[0m:[95m576[0m [96mhandleGetGraphData[0m] get_graph_data success
[2026-09-01 05:21:47.821] [info] [[94mControllerAndOtherEventHandler.cpp[0m:[95m239[0m [96moperator()[0m] Accepted new connection
[2026-09-01 05:21:47.821] [info] [[94mHttpSession.cpp[0m:[95m96[0m [96mhandleRequest[0m] Got request: GET /ndt/get_graph_data
[2026-09-01 05:21:47.822] [info] [[94mHttpSession.cpp[0m:[95m531[0m [96mhandleGetGraphData[0m] Handle Get Graph Data
[2026-09-01 05:21:47.840] [info] [[94mHttpSession.cpp[0m:[95m576[0m [96mhandleGetGraphData[0m] get_graph_data success
[2026-09-01 05:21:48.071] [info] [[94mControllerAndOtherEventHandler.cpp[0m:[95m239[0m [96moperator()[0m] Accepted new connection
[2026-09-01 05:21:48.071] [info] [[94mHttpSession.cpp[0m:[95m96[0m [96mhandleRequest[0m] Got request: GET /ndt/get_graph_data
[2026-09-01 05:21:48.071] [info] [[94mHttpSession.cpp[0m:[95m531[0m [96mhandleGetGraphData[0m] Handle Get Graph Data
[2026-09-01 05:21:48.082] [info] [[94mHttpSession.cpp[0m:[95m576[0m [96mhandleGetGraphData[0m] get_graph_data success
[2026-09-01 05:21:48.321] [info] [[94mControllerAndOtherEventHandler.cpp[0m:[95m239[0m [96moperator()[0m] Accepted new connection
[2026-09-01 05:21:48.322] [info] [[94mHttpSession.cpp[0m:[95m96[0m [96mhandleRequest[0m] Got request: GET /ndt/get_graph_data
[2026-09-01 05:21:48.322] [info] [[94mHttpSession.cpp[0m:[95m531[0m [96mhandleGetGraphData[0m] Handle Get Graph Data
[2026-09-01 05:21:48.340] [info] [[94mHttpSession.cpp[0m:[95m576[0m [96mhandleGetGraphData[0m] get_graph_data success
[2026-09-01 05:21:48.571] [info] [[94mControllerAndOtherEventHandler.cpp[0m:[95m239[0m [96moperator()[0m] Accepted new connection
[2026-09-01 05:21:48.571] [info] [[94mHttpSession.cpp[0m:[95m96[0m [96mhandleRequest[0m] Got request: GET /ndt/get_graph_data
[2026-09-01 05:21:48.571] [info] [[94mHttpSession.cpp[0m:[95m531[0m [96mhandleGetGraphData[0m] Handle Get Graph Data
[2026-09-01 05:21:48.589] [info] [[94mHttpSession.cpp[0m:[95m576[0m [96mhandleGetGraphData[0m] get_graph_data success
[2026-09-01 05:21:48.822] [info] [[94mControllerAndOtherEventHandler.cpp[0m:[95m239[0m [96moperator()[0m] Accepted new connection
[2026-09-01 05:21:48.822] [info] [[94mHttpSession.cpp[0m:[95m96[0m [96mhandleRequest[0m] Got request: GET /ndt/get_graph_data
[2026-09-01 05:21:48.822] [info] [[94mHttpSession.cpp[0m:[95m531[0m [96mhandleGetGraphData[0m] Handle Get Graph Data
[2026-09-01 05:21:48.840] [info] [[94mHttpSession.cpp[0m:[95m576[0m [96mhandleGetGraphData[0m] get_graph_data success
[2026-09-01 05:21:49.072] [info] [[94mControllerAndOtherEventHandler.cpp[0m:[95m239[0m [96moperator()[0m] Accepted new connection
[2026-09-01 05:21:49.072] [info] [[94mHttpSession.cpp[0m:[95m96[0m [96mhandleRequest[0m] Got request: GET /ndt/get_graph_data
[2026-09-01 05:21:49.072] [info] [[94mHttpSession.cpp[0m:[95m531[0m [96mhandleGetGraphData[0m] Handle Get Graph Data
[2026-09-01 05:21:49.090] [info] [[94mHttpSession.cpp[0m:[95m576[0m [96mhandleGetGraphData[0m] get_graph_data success
[2026-09-01 05:21:49.321] [info] [[94mControllerAndOtherEventHandler.cpp[0m:[95m239[0m [96moperator()[0m] Accepted new connection
[2026-09-01 05:21:49.321] [info] [[94mHttpSession.cpp[0m:[95m96[0m [96mhandleRequest[0m] Got request: GET /ndt/get_graph_data
[2026-09-01 05:21:49.321] [info] [[94mHttpSession.cpp[0m:[95m531[0m [96mhandleGetGraphData[0m] Handle Get Graph Data
[2026-09-01 05:21:49.339] [info] [[94mHttpSession.cpp[0m:[95m576[0m [96mhandleGetGraphData[0m] get_graph_data success
[2026-09-01 05:21:49.571] [info] [[94mControllerAndOtherEventHandler.cpp[0m:[95m239[0m [96moperator()[0m] Accepted new connection
[2026-09-01 05:21:49.571] [info] [[94mHttpSession.cpp[0m:[95m96[0m [96mhandleRequest[0m] Got request: GET /ndt/get_graph_data
[2026-09-01 05:21:49.571] [info] [[94mHttpSession.cpp[0m:[95m531[0m [96mhandleGetGraphData[0m] Handle Get Graph Data
[2026-09-01 05:21:49.590] [info] [[94mHttpSession.cpp[0m:[95m576[0m [96mhandleGetGraphData[0m] get_graph_data success
[2026-09-01 05:21:49.821] [info] [[94mControllerAndOtherEventHandler.cpp[0m:[95m239[0m [96moperator()[0m] Accepted new connection
[2026-09-01 05:21:49.822] [info] [[94mHttpSession.cpp[0m:[95m96[0m [96mhandleRequest[0m] Got request: GET /ndt/get_graph_data
[2026-09-01 05:21:49.822] [info] [[94mHttpSession.cpp[0m:[95m531[0m [96mhandleGetGraphData[0m] Handle Get Graph Data
[2026-09-01 05:21:49.835] [info] [[94mHttpSession.cpp[0m:[95m576[0m [96mhandleGetGraphData[0m] get_graph_data success
[2026-09-01 05:21:50.072] [info] [[94mControllerAndOtherEventHandler.cpp[0m:[95m239[0m [96moperator()[0m] Accepted new connection
[2026-09-01 05:21:50.072] [info] [[94mHttpSession.cpp[0m:[95m96[0m [96mhandleRequest[0m] Got request: GET /ndt/get_graph_data
[2026-09-01 05:21:50.072] [info] [[94mHttpSession.cpp[0m:[95m531[0m [96mhandleGetGraphData[0m] Handle Get Graph Data
[2026-09-01 05:21:50.091] [info] [[94mHttpSession.cpp[0m:[95m576[0m [96mhandleGetGraphData[0m] get_graph_data success
[2026-09-01 05:21:50.322] [info] [[94mControllerAndOtherEventHandler.cpp[0m:[95m239[0m [96moperator()[0m] Accepted new connection
[2026-09-01 05:21:50.322] [info] [[94mHttpSession.cpp[0m:[95m96[0m [96mhandleRequest[0m] Got request: GET /ndt/get_graph_data
[2026-09-01 05:21:50.322] [info] [[94mHttpSession.cpp[0m:[95m531[0m [96mhandleGetGraphData[0m] Handle Get Graph Data
[2026-09-01 05:21:50.340] [info] [[94mHttpSession.cpp[0m:[95m576[0m [96mhandleGetGraphData[0m] get_graph_data success
[2026-09-01 05:21:50.572] [info] [[94mControllerAndOtherEventHandler.cpp[0m:[95m239[0m [96moperator()[0m] Accepted new connection
[2026-09-01 05:21:50.572] [info] [[94mHttpSession.cpp[0m:[95m96[0m [96mhandleRequest[0m] Got request: GET /ndt/get_graph_data
[2026-09-01 05:21:50.572] [info] [[94mHttpSession.cpp[0m:[95m531[0m [96mhandleGetGraphData[0m] Handle Get Graph Data
[2026-09-01 05:21:50.590] [info] [[94mHttpSession.cpp[0m:[95m576[0m [96mhandleGetGraphData[0m] get_graph_data success
[2026-09-01 05:21:50.822] [info] [[94mControllerAndOtherEventHandler.cpp[0m:[95m239[0m [96moperator()[0m] Accepted new connection
[2026-09-01 05:21:50.822] [info] [[94mHttpSession.cpp[0m:[95m96[0m [96mhandleRequest[0m] Got request: GET /ndt/get_graph_data
[2026-09-01 05:21:50.822] [info] [[94mHttpSession.cpp[0m:[95m531[0m [96mhandleGetGraphData[0m] Handle Get Graph Data
[2026-09-01 05:21:50.841] [info] [[94mHttpSession.cpp[0m:[95m576[0m [96mhandleGetGraphData[0m] get_graph_data success
[2026-09-01 05:21:51.071] [info] [[94mControllerAndOtherEventHandler.cpp[0m:[95m239[0m [96moperator()[0m] Accepted new connection
[2026-09-01 05:21:51.071] [info] [[94mHttpSession.cpp[0m:[95m96[0m [96mhandleRequest[0m] Got request: GET /ndt/get_graph_data
[2026-09-01 05:21:51.071] [info] [[94mHttpSession.cpp[0m:[95m531[0m [96mhandleGetGraphData[0m] Handle Get Graph Data
[2026-09-01 05:21:51.085] [info] [[94mHttpSession.cpp[0m:[95m576[0m [96mhandleGetGraphData[0m] get_graph_data success
[2026-09-01 05:21:51.322] [info] [[94mControllerAndOtherEventHandler.cpp[0m:[95m239[0m [96moperator()[0m] Accepted new connection
[2026-09-01 05:21:51.322] [info] [[94mHttpSession.cpp[0m:[95m96[0m [96mhandleRequest[0m] Got request: GET /ndt/get_graph_data
[2026-09-01 05:21:51.322] [info] [[94mHttpSession.cpp[0m:[95m531[0m [96mhandleGetGraphData[0m] Handle Get Graph Data
[2026-09-01 05:21:51.336] [info] [[94mHttpSession.cpp[0m:[95m576[0m [96mhandleGetGraphData[0m] get_graph_data success
[2026-09-01 05:21:51.572] [info] [[94mControllerAndOtherEventHandler.cpp[0m:[95m239[0m [96moperator()[0m] Accepted new connection
[2026-09-01 05:21:51.572] [info] [[94mHttpSession.cpp[0m:[95m96[0m [96mhandleRequest[0m] Got request: GET /ndt/get_graph_data
[2026-09-01 05:21:51.572] [info] [[94mHttpSession.cpp[0m:[95m531[0m [96mhandleGetGraphData[0m] Handle Get Graph Data
[2026-09-01 05:21:51.589] [info] [[94mHttpSession.cpp[0m:[95m576[0m [96mhandleGetGraphData[0m] get_graph_data success
[2026-09-01 05:21:51.822] [info] [[94mControllerAndOtherEventHandler.cpp[0m:[95m239[0m [96moperator()[0m] Accepted new connection
[2026-09-01 05:21:51.822] [info] [[94mHttpSession.cpp[0m:[95m96[0m [96mhandleRequest[0m] Got request: GET /ndt/get_graph_data
[2026-09-01 05:21:51.822] [info] [[94mHttpSession.cpp[0m:[95m531[0m [96mhandleGetGraphData[0m] Handle Get Graph Data
[2026-09-01 05:21:51.838] [info] [[94mHttpSession.cpp[0m:[95m576[0m [96mhandleGetGraphData[0m] get_graph_data success
[2026-09-01 05:21:52.072] [info] [[94mControllerAndOtherEventHandler.cpp[0m:[95m239[0m [96moperator()[0m] Accepted new connection
[2026-09-01 05:21:52.072] [info] [[94mHttpSession.cpp[0m:[95m96[0m [96mhandleRequest[0m] Got request: GET /ndt/get_graph_data
[2026-09-01 05:21:52.072] [info] [[94mHttpSession.cpp[0m:[95m531[0m [96mhandleGetGraphData[0m] Handle Get Graph Data
[2026-09-01 05:21:52.087] [info] [[94mHttpSession.cpp[0m:[95m576[0m [96mhandleGetGraphData[0m] get_graph_data success
[2026-09-01 05:21:52.322] [info] [[94mControllerAndOtherEventHandler.cpp[0m:[95m239[0m [96moperator()[0m] Accepted new connection
[2026-09-01 05:21:52.322] [info] [[94mHttpSession.cpp[0m:[95m96[0m [96mhandleRequest[0m] Got request: GET /ndt/get_graph_data
[2026-09-01 05:21:52.322] [info] [[94mHttpSession.cpp[0m:[95m531[0m [96mhandleGetGraphData[0m] Handle Get Graph Data
[2026-09-01 05:21:52.335] [info] [[94mHttpSession.cpp[0m:[95m576[0m [96mhandleGetGraphData[0m] get_graph_data success
[2026-09-01 05:21:52.572] [info] [[94mControllerAndOtherEventHandler.cpp[0m:[95m239[0m [96moperator()[0m] Accepted new connection
[2026-09-01 05:21:52.572] [info] [[94mHttpSession.cpp[0m:[95m96[0m [96mhandleRequest[0m] Got request: GET /ndt/get_graph_data
[2026-09-01 05:21:52.572] [info] [[94mHttpSession.cpp[0m:[95m531[0m [96mhandleGetGraphData[0m] Handle Get Graph Data
[2026-09-01 05:21:52.583] [info] [[94mHttpSession.cpp[0m:[95m576[0m [96mhandleGetGraphData[0m] get_graph_data success
[2026-09-01 05:21:52.822] [info] [[94mControllerAndOtherEventHandler.cpp[0m:[95m239[0m [96moperator()[0m] Accepted new connection
[2026-09-01 05:21:52.822] [info] [[94mHttpSession.cpp[0m:[95m96[0m [96mhandleRequest[0m] Got request: GET /ndt/get_graph_data
[2026-09-01 05:21:52.822] [info] [[94mHttpSession.cpp[0m:[95m531[0m [96mhandleGetGraphData[0m] Handle Get Graph Data
[2026-09-01 05:21:52.839] [info] [[94mHttpSession.cpp[0m:[95m576[0m [96mhandleGetGraphData[0m] get_graph_data success
[2026-09-01 05:21:53.072] [info] [[94mControllerAndOtherEventHandler.cpp[0m:[95m239[0m [96moperator()[0m] Accepted new connection
[2026-09-01 05:21:53.072] [info] [[94mHttpSession.cpp[0m:[95m96[0m [96mhandleRequest[0m] Got request: GET /ndt/get_graph_data
[2026-09-01 05:21:53.072] [info] [[94mHttpSession.cpp[0m:[95m531[0m [96mhandleGetGraphData[0m] Handle Get Graph Data
[2026-09-01 05:21:53.083] [info] [[94mHttpSession.cpp[0m:[95m576[0m [96mhandleGetGraphData[0m] get_graph_data success
[2026-09-01 05:21:53.323] [info] [[94mControllerAndOtherEventHandler.cpp[0m:[95m239[0m [96moperator()[0m] Accepted new connection
[2026-09-01 05:21:53.323] [info] [[94mHttpSession.cpp[0m:[95m96[0m [96mhandleRequest[0m] Got request: GET /ndt/get_graph_data
[2026-09-01 05:21:53.323] [info] [[94mHttpSession.cpp[0m:[95m531[0m [96mhandleGetGraphData[0m] Handle Get Graph Data
[2026-09-01 05:21:53.342] [info] [[94mHttpSession.cpp[0m:[95m576[0m [96mhandleGetGraphData[0m] get_graph_data success
[2026-09-01 05:21:53.572] [info] [[94mControllerAndOtherEventHandler.cpp[0m:[95m239[0m [96moperator()[0m] Accepted new connection
[2026-09-01 05:21:53.573] [info] [[94mHttpSession.cpp[0m:[95m96[0m [96mhandleRequest[0m] Got request: GET /ndt/get_graph_data
[2026-09-01 05:21:53.573] [info] [[94mHttpSession.cpp[0m:[95m531[0m [96mhandleGetGraphData[0m] Handle Get Graph Data
[2026-09-01 05:21:53.591] [info] [[94mHttpSession.cpp[0m:[95m576[0m [96mhandleGetGraphData[0m] get_graph_data success
[2026-09-01 05:21:53.822] [info] [[94mControllerAndOtherEventHandler.cpp[0m:[95m239[0m [96moperator()[0m] Accepted new connection
[2026-09-01 05:21:53.822] [info] [[94mHttpSession.cpp[0m:[95m96[0m [96mhandleRequest[0m] Got request: GET /ndt/get_graph_data
[2026-09-01 05:21:53.822] [info] [[94mHttpSession.cpp[0m:[95m531[0m [96mhandleGetGraphData[0m] Handle Get Graph Data
[2026-09-01 05:21:53.841] [info] [[94mHttpSession.cpp[0m:[95m576[0m [96mhandleGetGraphData[0m] get_graph_data success
[2026-09-01 05:21:54.073] [info] [[94mControllerAndOtherEventHandler.cpp[0m:[95m239[0m [96moperator()[0m] Accepted new connection
[2026-09-01 05:21:54.073] [info] [[94mHttpSession.cpp[0m:[95m96[0m [96mhandleRequest[0m] Got request: GET /ndt/get_graph_data
[2026-09-01 05:21:54.073] [info] [[94mHttpSession.cpp[0m:[95m531[0m [96mhandleGetGraphData[0m] Handle Get Graph Data
[2026-09-01 05:21:54.090] [info] [[94mHttpSession.cpp[0m:[95m576[0m [96mhandleGetGraphData[0m] get_graph_data success
[2026-09-01 05:21:54.323] [info] [[94mControllerAndOtherEventHandler.cpp[0m:[95m239[0m [96moperator()[0m] Accepted new connection
[2026-09-01 05:21:54.323] [info] [[94mHttpSession.cpp[0m:[95m96[0m [96mhandleRequest[0m] Got request: GET /ndt/get_graph_data
[2026-09-01 05:21:54.323] [info] [[94mHttpSession.cpp[0m:[95m531[0m [96mhandleGetGraphData[0m] Handle Get Graph Data
[2026-09-01 05:21:54.337] [info] [[94mHttpSession.cpp[0m:[95m576[0m [96mhandleGetGraphData[0m] get_graph_data success
[2026-09-01 05:21:54.573] [info] [[94mControllerAndOtherEventHandler.cpp[0m:[95m239[0m [96moperator()[0m] Accepted new connection
[2026-09-01 05:21:54.573] [info] [[94mHttpSession.cpp[0m:[95m96[0m [96mhandleRequest[0m] Got request: GET /ndt/get_graph_data
[2026-09-01 05:21:54.573] [info] [[94mHttpSession.cpp[0m:[95m531[0m [96mhandleGetGraphData[0m] Handle Get Graph Data
[2026-09-01 05:21:54.589] [info] [[94mHttpSession.cpp[0m:[95m576[0m [96mhandleGetGraphData[0m] get_graph_data success
[2026-09-01 05:21:54.823] [info] [[94mControllerAndOtherEventHandler.cpp[0m:[95m239[0m [96moperator()[0m] Accepted new connection
[2026-09-01 05:21:54.823] [info] [[94mHttpSession.cpp[0m:[95m96[0m [96mhandleRequest[0m] Got request: GET /ndt/get_graph_data
[2026-09-01 05:21:54.823] [info] [[94mHttpSession.cpp[0m:[95m531[0m [96mhandleGetGraphData[0m] Handle Get Graph Data
[2026-09-01 05:21:54.841] [info] [[94mHttpSession.cpp[0m:[95m576[0m [96mhandleGetGraphData[0m] get_graph_data success
[2026-09-01 05:21:55.073] [info] [[94mControllerAndOtherEventHandler.cpp[0m:[95m239[0m [96moperator()[0m] Accepted new connection
[2026-09-01 05:21:55.073] [info] [[94mHttpSession.cpp[0m:[95m96[0m [96mhandleRequest[0m] Got request: GET /ndt/get_graph_data
[2026-09-01 05:21:55.073] [info] [[94mHttpSession.cpp[0m:[95m531[0m [96mhandleGetGraphData[0m] Handle Get Graph Data
[2026-09-01 05:21:55.090] [info] [[94mHttpSession.cpp[0m:[95m576[0m [96mhandleGetGraphData[0m] get_graph_data success
[2026-09-01 05:21:55.109] [info] [[94mFlowLinkUsageCollector.cpp[0m:[95m1807[0m [96mcalAvgFlowSendingRatesPeriodically[0m] rate loop period: last 30 iters mean 1000.8 ms | since start (269 iters) mean 1000.7 ms, min 1000.1, max 1002.3 (flows=1, counters=3) -- the LAST-N figure is the current denominator; the since-start one lags it
[2026-09-01 05:21:55.110] [info] [[94mFlowLinkUsageCollector.cpp[0m:[95m2016[0m [96mcalAvgFlowSendingRatesPeriodically[0m] rate divisor check: measured_interval_s=1.000493 divisor_used_s=1.000493 (ticket Q gate: these must agree to 1%; a negative divisor means no rate has been published yet, which is not a pass)
[2026-09-01 05:21:55.324] [info] [[94mControllerAndOtherEventHandler.cpp[0m:[95m239[0m [96moperator()[0m] Accepted new connection
[2026-09-01 05:21:55.324] [info] [[94mHttpSession.cpp[0m:[95m96[0m [96mhandleRequest[0m] Got request: GET /ndt/get_graph_data
[2026-09-01 05:21:55.324] [info] [[94mHttpSession.cpp[0m:[95m531[0m [96mhandleGetGraphData[0m] Handle Get Graph Data
[2026-09-01 05:21:55.341] [info] [[94mHttpSession.cpp[0m:[95m576[0m [96mhandleGetGraphData[0m] get_graph_data success
[2026-09-01 05:21:55.574] [info] [[94mControllerAndOtherEventHandler.cpp[0m:[95m239[0m [96moperator()[0m] Accepted new connection
[2026-09-01 05:21:55.574] [info] [[94mHttpSession.cpp[0m:[95m96[0m [96mhandleRequest[0m] Got request: GET /ndt/get_graph_data
[2026-09-01 05:21:55.574] [info] [[94mHttpSession.cpp[0m:[95m531[0m [96mhandleGetGraphData[0m] Handle Get Graph Data
[2026-09-01 05:21:55.588] [info] [[94mHttpSession.cpp[0m:[95m576[0m [96mhandleGetGraphData[0m] get_graph_data success
[2026-09-01 05:21:55.824] [info] [[94mControllerAndOtherEventHandler.cpp[0m:[95m239[0m [96moperator()[0m] Accepted new connection
[2026-09-01 05:21:55.824] [info] [[94mHttpSession.cpp[0m:[95m96[0m [96mhandleRequest[0m] Got request: GET /ndt/get_graph_data
[2026-09-01 05:21:55.824] [info] [[94mHttpSession.cpp[0m:[95m531[0m [96mhandleGetGraphData[0m] Handle Get Graph Data
[2026-09-01 05:21:55.842] [info] [[94mHttpSession.cpp[0m:[95m576[0m [96mhandleGetGraphData[0m] get_graph_data success
[2026-09-01 05:21:56.073] [info] [[94mControllerAndOtherEventHandler.cpp[0m:[95m239[0m [96moperator()[0m] Accepted new connection
[2026-09-01 05:21:56.073] [info] [[94mHttpSession.cpp[0m:[95m96[0m [96mhandleRequest[0m] Got request: GET /ndt/get_graph_data
[2026-09-01 05:21:56.073] [info] [[94mHttpSession.cpp[0m:[95m531[0m [96mhandleGetGraphData[0m] Handle Get Graph Data
[2026-09-01 05:21:56.089] [info] [[94mHttpSession.cpp[0m:[95m576[0m [96mhandleGetGraphData[0m] get_graph_data success
[2026-09-01 05:21:56.324] [info] [[94mControllerAndOtherEventHandler.cpp[0m:[95m239[0m [96moperator()[0m] Accepted new connection
[2026-09-01 05:21:56.324] [info] [[94mHttpSession.cpp[0m:[95m96[0m [96mhandleRequest[0m] Got request: GET /ndt/get_graph_data
[2026-09-01 05:21:56.324] [info] [[94mHttpSession.cpp[0m:[95m531[0m [96mhandleGetGraphData[0m] Handle Get Graph Data
[2026-09-01 05:21:56.343] [info] [[94mHttpSession.cpp[0m:[95m576[0m [96mhandleGetGraphData[0m] get_graph_data success
[2026-09-01 05:21:56.574] [info] [[94mControllerAndOtherEventHandler.cpp[0m:[95m239[0m [96moperator()[0m] Accepted new connection
[2026-09-01 05:21:56.574] [info] [[94mHttpSession.cpp[0m:[95m96[0m [96mhandleRequest[0m] Got request: GET /ndt/get_graph_data
[2026-09-01 05:21:56.574] [info] [[94mHttpSession.cpp[0m:[95m531[0m [96mhandleGetGraphData[0m] Handle Get Graph Data
[2026-09-01 05:21:56.592] [info] [[94mHttpSession.cpp[0m:[95m576[0m [96mhandleGetGraphData[0m] get_graph_data success
[2026-09-01 05:21:56.823] [info] [[94mControllerAndOtherEventHandler.cpp[0m:[95m239[0m [96moperator()[0m] Accepted new connection
[2026-09-01 05:21:56.824] [info] [[94mHttpSession.cpp[0m:[95m96[0m [96mhandleRequest[0m] Got request: GET /ndt/get_graph_data
[2026-09-01 05:21:56.824] [info] [[94mHttpSession.cpp[0m:[95m531[0m [96mhandleGetGraphData[0m] Handle Get Graph Data
[2026-09-01 05:21:56.840] [info] [[94mHttpSession.cpp[0m:[95m576[0m [96mhandleGetGraphData[0m] get_graph_data success
[2026-09-01 05:21:57.073] [info] [[94mControllerAndOtherEventHandler.cpp[0m:[95m239[0m [96moperator()[0m] Accepted new connection
[2026-09-01 05:21:57.073] [info] [[94mHttpSession.cpp[0m:[95m96[0m [96mhandleRequest[0m] Got request: GET /ndt/get_graph_data
[2026-09-01 05:21:57.073] [info] [[94mHttpSession.cpp[0m:[95m531[0m [96mhandleGetGraphData[0m] Handle Get Graph Data
[2026-09-01 05:21:57.085] [info] [[94mHttpSession.cpp[0m:[95m576[0m [96mhandleGetGraphData[0m] get_graph_data success
[2026-09-01 05:21:57.323] [info] [[94mControllerAndOtherEventHandler.cpp[0m:[95m239[0m [96moperator()[0m] Accepted new connection
[2026-09-01 05:21:57.324] [info] [[94mHttpSession.cpp[0m:[95m96[0m [96mhandleRequest[0m] Got request: GET /ndt/get_graph_data
[2026-09-01 05:21:57.324] [info] [[94mHttpSession.cpp[0m:[95m531[0m [96mhandleGetGraphData[0m] Handle Get Graph Data
[2026-09-01 05:21:57.339] [info] [[94mHttpSession.cpp[0m:[95m576[0m [96mhandleGetGraphData[0m] get_graph_data success
[2026-09-01 05:21:57.573] [info] [[94mControllerAndOtherEventHandler.cpp[0m:[95m239[0m [96moperator()[0m] Accepted new connection
[2026-09-01 05:21:57.573] [info] [[94mHttpSession.cpp[0m:[95m96[0m [96mhandleRequest[0m] Got request: GET /ndt/get_graph_data
[2026-09-01 05:21:57.573] [info] [[94mHttpSession.cpp[0m:[95m531[0m [96mhandleGetGraphData[0m] Handle Get Graph Data
[2026-09-01 05:21:57.585] [info] [[94mHttpSession.cpp[0m:[95m576[0m [96mhandleGetGraphData[0m] get_graph_data success
[2026-09-01 05:21:57.824] [info] [[94mControllerAndOtherEventHandler.cpp[0m:[95m239[0m [96moperator()[0m] Accepted new connection
[2026-09-01 05:21:57.824] [info] [[94mHttpSession.cpp[0m:[95m96[0m [96mhandleRequest[0m] Got request: GET /ndt/get_graph_data
[2026-09-01 05:21:57.824] [info] [[94mHttpSession.cpp[0m:[95m531[0m [96mhandleGetGraphData[0m] Handle Get Graph Data
[2026-09-01 05:21:57.836] [info] [[94mHttpSession.cpp[0m:[95m576[0m [96mhandleGetGraphData[0m] get_graph_data success
[2026-09-01 05:21:58.074] [info] [[94mControllerAndOtherEventHandler.cpp[0m:[95m239[0m [96moperator()[0m] Accepted new connection
[2026-09-01 05:21:58.074] [info] [[94mHttpSession.cpp[0m:[95m96[0m [96mhandleRequest[0m] Got request: GET /ndt/get_graph_data
[2026-09-01 05:21:58.074] [info] [[94mHttpSession.cpp[0m:[95m531[0m [96mhandleGetGraphData[0m] Handle Get Graph Data
[2026-09-01 05:21:58.092] [info] [[94mHttpSession.cpp[0m:[95m576[0m [96mhandleGetGraphData[0m] get_graph_data success
[2026-09-01 05:21:58.324] [info] [[94mControllerAndOtherEventHandler.cpp[0m:[95m239[0m [96moperator()[0m] Accepted new connection
[2026-09-01 05:21:58.325] [info] [[94mHttpSession.cpp[0m:[95m96[0m [96mhandleRequest[0m] Got request: GET /ndt/get_graph_data
[2026-09-01 05:21:58.325] [info] [[94mHttpSession.cpp[0m:[95m531[0m [96mhandleGetGraphData[0m] Handle Get Graph Data
[2026-09-01 05:21:58.343] [info] [[94mHttpSession.cpp[0m:[95m576[0m [96mhandleGetGraphData[0m] get_graph_data success
[2026-09-01 05:21:58.574] [info] [[94mControllerAndOtherEventHandler.cpp[0m:[95m239[0m [96moperator()[0m] Accepted new connection
[2026-09-01 05:21:58.574] [info] [[94mHttpSession.cpp[0m:[95m96[0m [96mhandleRequest[0m] Got request: GET /ndt/get_graph_data
[2026-09-01 05:21:58.574] [info] [[94mHttpSession.cpp[0m:[95m531[0m [96mhandleGetGraphData[0m] Handle Get Graph Data
[2026-09-01 05:21:58.593] [info] [[94mHttpSession.cpp[0m:[95m576[0m [96mhandleGetGraphData[0m] get_graph_data success
[2026-09-01 05:21:58.825] [info] [[94mControllerAndOtherEventHandler.cpp[0m:[95m239[0m [96moperator()[0m] Accepted new connection
[2026-09-01 05:21:58.825] [info] [[94mHttpSession.cpp[0m:[95m96[0m [96mhandleRequest[0m] Got request: GET /ndt/get_graph_data
[2026-09-01 05:21:58.825] [info] [[94mHttpSession.cpp[0m:[95m531[0m [96mhandleGetGraphData[0m] Handle Get Graph Data
[2026-09-01 05:21:58.844] [info] [[94mHttpSession.cpp[0m:[95m576[0m [96mhandleGetGraphData[0m] get_graph_data success
[2026-09-01 05:21:59.075] [info] [[94mControllerAndOtherEventHandler.cpp[0m:[95m239[0m [96moperator()[0m] Accepted new connection
[2026-09-01 05:21:59.075] [info] [[94mHttpSession.cpp[0m:[95m96[0m [96mhandleRequest[0m] Got request: GET /ndt/get_graph_data
[2026-09-01 05:21:59.075] [info] [[94mHttpSession.cpp[0m:[95m531[0m [96mhandleGetGraphData[0m] Handle Get Graph Data
[2026-09-01 05:21:59.088] [info] [[94mHttpSession.cpp[0m:[95m576[0m [96mhandleGetGraphData[0m] get_graph_data success
[2026-09-01 05:21:59.325] [info] [[94mControllerAndOtherEventHandler.cpp[0m:[95m239[0m [96moperator()[0m] Accepted new connection
[2026-09-01 05:21:59.325] [info] [[94mHttpSession.cpp[0m:[95m96[0m [96mhandleRequest[0m] Got request: GET /ndt/get_graph_data
[2026-09-01 05:21:59.325] [info] [[94mHttpSession.cpp[0m:[95m531[0m [96mhandleGetGraphData[0m] Handle Get Graph Data
[2026-09-01 05:21:59.344] [info] [[94mHttpSession.cpp[0m:[95m576[0m [96mhandleGetGraphData[0m] get_graph_data success
[2026-09-01 05:21:59.574] [info] [[94mControllerAndOtherEventHandler.cpp[0m:[95m239[0m [96moperator()[0m] Accepted new connection
[2026-09-01 05:21:59.574] [info] [[94mHttpSession.cpp[0m:[95m96[0m [96mhandleRequest[0m] Got request: GET /ndt/get_graph_data
[2026-09-01 05:21:59.574] [info] [[94mHttpSession.cpp[0m:[95m531[0m [96mhandleGetGraphData[0m] Handle Get Graph Data
[2026-09-01 05:21:59.593] [info] [[94mHttpSession.cpp[0m:[95m576[0m [96mhandleGetGraphData[0m] get_graph_data success
[2026-09-01 05:21:59.825] [info] [[94mControllerAndOtherEventHandler.cpp[0m:[95m239[0m [96moperator()[0m] Accepted new connection
[2026-09-01 05:21:59.825] [info] [[94mHttpSession.cpp[0m:[95m96[0m [96mhandleRequest[0m] Got request: GET /ndt/get_graph_data
[2026-09-01 05:21:59.825] [info] [[94mHttpSession.cpp[0m:[95m531[0m [96mhandleGetGraphData[0m] Handle Get Graph Data
[2026-09-01 05:21:59.842] [info] [[94mHttpSession.cpp[0m:[95m576[0m [96mhandleGetGraphData[0m] get_graph_data success
[2026-09-01 05:22:00.074] [info] [[94mControllerAndOtherEventHandler.cpp[0m:[95m239[0m [96moperator()[0m] Accepted new connection
[2026-09-01 05:22:00.075] [info] [[94mHttpSession.cpp[0m:[95m96[0m [96mhandleRequest[0m] Got request: GET /ndt/get_graph_data
[2026-09-01 05:22:00.075] [info] [[94mHttpSession.cpp[0m:[95m531[0m [96mhandleGetGraphData[0m] Handle Get Graph Data
[2026-09-01 05:22:00.087] [info] [[94mHttpSession.cpp[0m:[95m576[0m [96mhandleGetGraphData[0m] get_graph_data success
[2026-09-01 05:22:00.325] [info] [[94mControllerAndOtherEventHandler.cpp[0m:[95m239[0m [96moperator()[0m] Accepted new connection
[2026-09-01 05:22:00.325] [info] [[94mHttpSession.cpp[0m:[95m96[0m [96mhandleRequest[0m] Got request: GET /ndt/get_graph_data
[2026-09-01 05:22:00.325] [info] [[94mHttpSession.cpp[0m:[95m531[0m [96mhandleGetGraphData[0m] Handle Get Graph Data
[2026-09-01 05:22:00.344] [info] [[94mHttpSession.cpp[0m:[95m576[0m [96mhandleGetGraphData[0m] get_graph_data success
[2026-09-01 05:22:00.575] [info] [[94mControllerAndOtherEventHandler.cpp[0m:[95m239[0m [96moperator()[0m] Accepted new connection
[2026-09-01 05:22:00.575] [info] [[94mHttpSession.cpp[0m:[95m96[0m [96mhandleRequest[0m] Got request: GET /ndt/get_graph_data
[2026-09-01 05:22:00.575] [info] [[94mHttpSession.cpp[0m:[95m531[0m [96mhandleGetGraphData[0m] Handle Get Graph Data
[2026-09-01 05:22:00.592] [info] [[94mHttpSession.cpp[0m:[95m576[0m [96mhandleGetGraphData[0m] get_graph_data success
[2026-09-01 05:22:00.825] [info] [[94mControllerAndOtherEventHandler.cpp[0m:[95m239[0m [96moperator()[0m] Accepted new connection
[2026-09-01 05:22:00.826] [info] [[94mHttpSession.cpp[0m:[95m96[0m [96mhandleRequest[0m] Got request: GET /ndt/get_graph_data
[2026-09-01 05:22:00.826] [info] [[94mHttpSession.cpp[0m:[95m531[0m [96mhandleGetGraphData[0m] Handle Get Graph Data
[2026-09-01 05:22:00.842] [info] [[94mHttpSession.cpp[0m:[95m576[0m [96mhandleGetGraphData[0m] get_graph_data success
[2026-09-01 05:22:01.075] [info] [[94mControllerAndOtherEventHandler.cpp[0m:[95m239[0m [96moperator()[0m] Accepted new connection
[2026-09-01 05:22:01.075] [info] [[94mHttpSession.cpp[0m:[95m96[0m [96mhandleRequest[0m] Got request: GET /ndt/get_graph_data
[2026-09-01 05:22:01.075] [info] [[94mHttpSession.cpp[0m:[95m531[0m [96mhandleGetGraphData[0m] Handle Get Graph Data
[2026-09-01 05:22:01.091] [info] [[94mHttpSession.cpp[0m:[95m576[0m [96mhandleGetGraphData[0m] get_graph_data success
[2026-09-01 05:22:01.325] [info] [[94mControllerAndOtherEventHandler.cpp[0m:[95m239[0m [96moperator()[0m] Accepted new connection
[2026-09-01 05:22:01.326] [info] [[94mHttpSession.cpp[0m:[95m96[0m [96mhandleRequest[0m] Got request: GET /ndt/get_graph_data
[2026-09-01 05:22:01.326] [info] [[94mHttpSession.cpp[0m:[95m531[0m [96mhandleGetGraphData[0m] Handle Get Graph Data
[2026-09-01 05:22:01.343] [info] [[94mHttpSession.cpp[0m:[95m576[0m [96mhandleGetGraphData[0m] get_graph_data success
[2026-09-01 05:22:01.575] [info] [[94mControllerAndOtherEventHandler.cpp[0m:[95m239[0m [96moperator()[0m] Accepted new connection
[2026-09-01 05:22:01.575] [info] [[94mHttpSession.cpp[0m:[95m96[0m [96mhandleRequest[0m] Got request: GET /ndt/get_graph_data
[2026-09-01 05:22:01.575] [info] [[94mHttpSession.cpp[0m:[95m531[0m [96mhandleGetGraphData[0m] Handle Get Graph Data
[2026-09-01 05:22:01.594] [info] [[94mHttpSession.cpp[0m:[95m576[0m [96mhandleGetGraphData[0m] get_graph_data success
[2026-09-01 05:22:01.825] [info] [[94mControllerAndOtherEventHandler.cpp[0m:[95m239[0m [96moperator()[0m] Accepted new connection
[2026-09-01 05:22:01.825] [info] [[94mHttpSession.cpp[0m:[95m96[0m [96mhandleRequest[0m] Got request: GET /ndt/get_graph_data
[2026-09-01 05:22:01.825] [info] [[94mHttpSession.cpp[0m:[95m531[0m [96mhandleGetGraphData[0m] Handle Get Graph Data
[2026-09-01 05:22:01.843] [info] [[94mHttpSession.cpp[0m:[95m576[0m [96mhandleGetGraphData[0m] get_graph_data success
[2026-09-01 05:22:02.075] [info] [[94mControllerAndOtherEventHandler.cpp[0m:[95m239[0m [96moperator()[0m] Accepted new connection
[2026-09-01 05:22:02.075] [info] [[94mHttpSession.cpp[0m:[95m96[0m [96mhandleRequest[0m] Got request: GET /ndt/get_graph_data
[2026-09-01 05:22:02.075] [info] [[94mHttpSession.cpp[0m:[95m531[0m [96mhandleGetGraphData[0m] Handle Get Graph Data
[2026-09-01 05:22:02.093] [info] [[94mHttpSession.cpp[0m:[95m576[0m [96mhandleGetGraphData[0m] get_graph_data success
[2026-09-01 05:22:02.326] [info] [[94mControllerAndOtherEventHandler.cpp[0m:[95m239[0m [96moperator()[0m] Accepted new connection
[2026-09-01 05:22:02.326] [info] [[94mHttpSession.cpp[0m:[95m96[0m [96mhandleRequest[0m] Got request: GET /ndt/get_graph_data
[2026-09-01 05:22:02.326] [info] [[94mHttpSession.cpp[0m:[95m531[0m [96mhandleGetGraphData[0m] Handle Get Graph Data
[2026-09-01 05:22:02.345] [info] [[94mHttpSession.cpp[0m:[95m576[0m [96mhandleGetGraphData[0m] get_graph_data success
[2026-09-01 05:22:02.575] [info] [[94mControllerAndOtherEventHandler.cpp[0m:[95m239[0m [96moperator()[0m] Accepted new connection
[2026-09-01 05:22:02.575] [info] [[94mHttpSession.cpp[0m:[95m96[0m [96mhandleRequest[0m] Got request: GET /ndt/get_graph_data
[2026-09-01 05:22:02.575] [info] [[94mHttpSession.cpp[0m:[95m531[0m [96mhandleGetGraphData[0m] Handle Get Graph Data
[2026-09-01 05:22:02.593] [info] [[94mHttpSession.cpp[0m:[95m576[0m [96mhandleGetGraphData[0m] get_graph_data success
[2026-09-01 05:22:02.825] [info] [[94mControllerAndOtherEventHandler.cpp[0m:[95m239[0m [96moperator()[0m] Accepted new connection
[2026-09-01 05:22:02.825] [info] [[94mHttpSession.cpp[0m:[95m96[0m [96mhandleRequest[0m] Got request: GET /ndt/get_graph_data
[2026-09-01 05:22:02.825] [info] [[94mHttpSession.cpp[0m:[95m531[0m [96mhandleGetGraphData[0m] Handle Get Graph Data
[2026-09-01 05:22:02.843] [info] [[94mHttpSession.cpp[0m:[95m576[0m [96mhandleGetGraphData[0m] get_graph_data success
[2026-09-01 05:22:03.076] [info] [[94mControllerAndOtherEventHandler.cpp[0m:[95m239[0m [96moperator()[0m] Accepted new connection
[2026-09-01 05:22:03.076] [info] [[94mHttpSession.cpp[0m:[95m96[0m [96mhandleRequest[0m] Got request: GET /ndt/get_graph_data
[2026-09-01 05:22:03.076] [info] [[94mHttpSession.cpp[0m:[95m531[0m [96mhandleGetGraphData[0m] Handle Get Graph Data
[2026-09-01 05:22:03.089] [info] [[94mHttpSession.cpp[0m:[95m576[0m [96mhandleGetGraphData[0m] get_graph_data success
[2026-09-01 05:22:03.326] [info] [[94mControllerAndOtherEventHandler.cpp[0m:[95m239[0m [96moperator()[0m] Accepted new connection
[2026-09-01 05:22:03.326] [info] [[94mHttpSession.cpp[0m:[95m96[0m [96mhandleRequest[0m] Got request: GET /ndt/get_graph_data
[2026-09-01 05:22:03.326] [info] [[94mHttpSession.cpp[0m:[95m531[0m [96mhandleGetGraphData[0m] Handle Get Graph Data
[2026-09-01 05:22:03.338] [info] [[94mHttpSession.cpp[0m:[95m576[0m [96mhandleGetGraphData[0m] get_graph_data success
[2026-09-01 05:22:03.575] [info] [[94mControllerAndOtherEventHandler.cpp[0m:[95m239[0m [96moperator()[0m] Accepted new connection
[2026-09-01 05:22:03.575] [info] [[94mHttpSession.cpp[0m:[95m96[0m [96mhandleRequest[0m] Got request: GET /ndt/get_graph_data
[2026-09-01 05:22:03.575] [info] [[94mHttpSession.cpp[0m:[95m531[0m [96mhandleGetGraphData[0m] Handle Get Graph Data
[2026-09-01 05:22:03.588] [info] [[94mHttpSession.cpp[0m:[95m576[0m [96mhandleGetGraphData[0m] get_graph_data success
[2026-09-01 05:22:03.825] [info] [[94mControllerAndOtherEventHandler.cpp[0m:[95m239[0m [96moperator()[0m] Accepted new connection
[2026-09-01 05:22:03.826] [info] [[94mHttpSession.cpp[0m:[95m96[0m [96mhandleRequest[0m] Got request: GET /ndt/get_graph_data
[2026-09-01 05:22:03.826] [info] [[94mHttpSession.cpp[0m:[95m531[0m [96mhandleGetGraphData[0m] Handle Get Graph Data
[2026-09-01 05:22:03.838] [info] [[94mHttpSession.cpp[0m:[95m576[0m [96mhandleGetGraphData[0m] get_graph_data success
[2026-09-01 05:22:04.076] [info] [[94mControllerAndOtherEventHandler.cpp[0m:[95m239[0m [96moperator()[0m] Accepted new connection
[2026-09-01 05:22:04.077] [info] [[94mHttpSession.cpp[0m:[95m96[0m [96mhandleRequest[0m] Got request: GET /ndt/get_graph_data
[2026-09-01 05:22:04.077] [info] [[94mHttpSession.cpp[0m:[95m531[0m [96mhandleGetGraphData[0m] Handle Get Graph Data
[2026-09-01 05:22:04.096] [info] [[94mHttpSession.cpp[0m:[95m576[0m [96mhandleGetGraphData[0m] get_graph_data success
[2026-09-01 05:22:04.326] [info] [[94mControllerAndOtherEventHandler.cpp[0m:[95m239[0m [96moperator()[0m] Accepted new connection
[2026-09-01 05:22:04.327] [info] [[94mHttpSession.cpp[0m:[95m96[0m [96mhandleRequest[0m] Got request: GET /ndt/get_graph_data
[2026-09-01 05:22:04.327] [info] [[94mHttpSession.cpp[0m:[95m531[0m [96mhandleGetGraphData[0m] Handle Get Graph Data
[2026-09-01 05:22:04.344] [info] [[94mHttpSession.cpp[0m:[95m576[0m [96mhandleGetGraphData[0m] get_graph_data success
[2026-09-01 05:22:04.576] [info] [[94mControllerAndOtherEventHandler.cpp[0m:[95m239[0m [96moperator()[0m] Accepted new connection
[2026-09-01 05:22:04.576] [info] [[94mHttpSession.cpp[0m:[95m96[0m [96mhandleRequest[0m] Got request: GET /ndt/get_graph_data
[2026-09-01 05:22:04.576] [info] [[94mHttpSession.cpp[0m:[95m531[0m [96mhandleGetGraphData[0m] Handle Get Graph Data
[2026-09-01 05:22:04.594] [info] [[94mHttpSession.cpp[0m:[95m576[0m [96mhandleGetGraphData[0m] get_graph_data success
[2026-09-01 05:22:04.827] [info] [[94mControllerAndOtherEventHandler.cpp[0m:[95m239[0m [96moperator()[0m] Accepted new connection
[2026-09-01 05:22:04.827] [info] [[94mHttpSession.cpp[0m:[95m96[0m [96mhandleRequest[0m] Got request: GET /ndt/get_graph_data
[2026-09-01 05:22:04.827] [info] [[94mHttpSession.cpp[0m:[95m531[0m [96mhandleGetGraphData[0m] Handle Get Graph Data
[2026-09-01 05:22:04.843] [info] [[94mHttpSession.cpp[0m:[95m576[0m [96mhandleGetGraphData[0m] get_graph_data success
[2026-09-01 05:22:05.077] [info] [[94mControllerAndOtherEventHandler.cpp[0m:[95m239[0m [96moperator()[0m] Accepted new connection
[2026-09-01 05:22:05.077] [info] [[94mHttpSession.cpp[0m:[95m96[0m [96mhandleRequest[0m] Got request: GET /ndt/get_graph_data
[2026-09-01 05:22:05.077] [info] [[94mHttpSession.cpp[0m:[95m531[0m [96mhandleGetGraphData[0m] Handle Get Graph Data
[2026-09-01 05:22:05.093] [info] [[94mHttpSession.cpp[0m:[95m576[0m [96mhandleGetGraphData[0m] get_graph_data success
[2026-09-01 05:22:05.327] [info] [[94mControllerAndOtherEventHandler.cpp[0m:[95m239[0m [96moperator()[0m] Accepted new connection
[2026-09-01 05:22:05.327] [info] [[94mHttpSession.cpp[0m:[95m96[0m [96mhandleRequest[0m] Got request: GET /ndt/get_graph_data
[2026-09-01 05:22:05.327] [info] [[94mHttpSession.cpp[0m:[95m531[0m [96mhandleGetGraphData[0m] Handle Get Graph Data
[2026-09-01 05:22:05.346] [info] [[94mHttpSession.cpp[0m:[95m576[0m [96mhandleGetGraphData[0m] get_graph_data success
[2026-09-01 05:22:05.576] [info] [[94mControllerAndOtherEventHandler.cpp[0m:[95m239[0m [96moperator()[0m] Accepted new connection
[2026-09-01 05:22:05.576] [info] [[94mHttpSession.cpp[0m:[95m96[0m [96mhandleRequest[0m] Got request: GET /ndt/get_graph_data
[2026-09-01 05:22:05.576] [info] [[94mHttpSession.cpp[0m:[95m531[0m [96mhandleGetGraphData[0m] Handle Get Graph Data
[2026-09-01 05:22:05.590] [info] [[94mHttpSession.cpp[0m:[95m576[0m [96mhandleGetGraphData[0m] get_graph_data success
[2026-09-01 05:22:05.827] [info] [[94mControllerAndOtherEventHandler.cpp[0m:[95m239[0m [96moperator()[0m] Accepted new connection
[2026-09-01 05:22:05.827] [info] [[94mHttpSession.cpp[0m:[95m96[0m [96mhandleRequest[0m] Got request: GET /ndt/get_graph_data
[2026-09-01 05:22:05.827] [info] [[94mHttpSession.cpp[0m:[95m531[0m [96mhandleGetGraphData[0m] Handle Get Graph Data
[2026-09-01 05:22:05.842] [info] [[94mHttpSession.cpp[0m:[95m576[0m [96mhandleGetGraphData[0m] get_graph_data success
[2026-09-01 05:22:06.077] [info] [[94mControllerAndOtherEventHandler.cpp[0m:[95m239[0m [96moperator()[0m] Accepted new connection
[2026-09-01 05:22:06.077] [info] [[94mHttpSession.cpp[0m:[95m96[0m [96mhandleRequest[0m] Got request: GET /ndt/get_graph_data
[2026-09-01 05:22:06.077] [info] [[94mHttpSession.cpp[0m:[95m531[0m [96mhandleGetGraphData[0m] Handle Get Graph Data
[2026-09-01 05:22:06.094] [info] [[94mHttpSession.cpp[0m:[95m576[0m [96mhandleGetGraphData[0m] get_graph_data success
[2026-09-01 05:22:06.327] [info] [[94mControllerAndOtherEventHandler.cpp[0m:[95m239[0m [96moperator()[0m] Accepted new connection
[2026-09-01 05:22:06.327] [info] [[94mHttpSession.cpp[0m:[95m96[0m [96mhandleRequest[0m] Got request: GET /ndt/get_graph_data
[2026-09-01 05:22:06.327] [info] [[94mHttpSession.cpp[0m:[95m531[0m [96mhandleGetGraphData[0m] Handle Get Graph Data
[2026-09-01 05:22:06.339] [info] [[94mHttpSession.cpp[0m:[95m576[0m [96mhandleGetGraphData[0m] get_graph_data success
[2026-09-01 05:22:06.576] [info] [[94mControllerAndOtherEventHandler.cpp[0m:[95m239[0m [96moperator()[0m] Accepted new connection
[2026-09-01 05:22:06.577] [info] [[94mHttpSession.cpp[0m:[95m96[0m [96mhandleRequest[0m] Got request: GET /ndt/get_graph_data
[2026-09-01 05:22:06.577] [info] [[94mHttpSession.cpp[0m:[95m531[0m [96mhandleGetGraphData[0m] Handle Get Graph Data
[2026-09-01 05:22:06.595] [info] [[94mHttpSession.cpp[0m:[95m576[0m [96mhandleGetGraphData[0m] get_graph_data success
[2026-09-01 05:22:06.827] [info] [[94mControllerAndOtherEventHandler.cpp[0m:[95m239[0m [96moperator()[0m] Accepted new connection
[2026-09-01 05:22:06.827] [info] [[94mHttpSession.cpp[0m:[95m96[0m [96mhandleRequest[0m] Got request: GET /ndt/get_graph_data
[2026-09-01 05:22:06.827] [info] [[94mHttpSession.cpp[0m:[95m531[0m [96mhandleGetGraphData[0m] Handle Get Graph Data
[2026-09-01 05:22:06.846] [info] [[94mHttpSession.cpp[0m:[95m576[0m [96mhandleGetGraphData[0m] get_graph_data success
[2026-09-01 05:22:07.077] [info] [[94mControllerAndOtherEventHandler.cpp[0m:[95m239[0m [96moperator()[0m] Accepted new connection
[2026-09-01 05:22:07.078] [info] [[94mHttpSession.cpp[0m:[95m96[0m [96mhandleRequest[0m] Got request: GET /ndt/get_graph_data
[2026-09-01 05:22:07.078] [info] [[94mHttpSession.cpp[0m:[95m531[0m [96mhandleGetGraphData[0m] Handle Get Graph Data
[2026-09-01 05:22:07.096] [info] [[94mHttpSession.cpp[0m:[95m576[0m [96mhandleGetGraphData[0m] get_graph_data success
[2026-09-01 05:22:07.327] [info] [[94mControllerAndOtherEventHandler.cpp[0m:[95m239[0m [96moperator()[0m] Accepted new connection
[2026-09-01 05:22:07.327] [info] [[94mHttpSession.cpp[0m:[95m96[0m [96mhandleRequest[0m] Got request: GET /ndt/get_graph_data
[2026-09-01 05:22:07.327] [info] [[94mHttpSession.cpp[0m:[95m531[0m [96mhandleGetGraphData[0m] Handle Get Graph Data
[2026-09-01 05:22:07.344] [info] [[94mHttpSession.cpp[0m:[95m576[0m [96mhandleGetGraphData[0m] get_graph_data success
[2026-09-01 05:22:07.577] [info] [[94mControllerAndOtherEventHandler.cpp[0m:[95m239[0m [96moperator()[0m] Accepted new connection
[2026-09-01 05:22:07.578] [info] [[94mHttpSession.cpp[0m:[95m96[0m [96mhandleRequest[0m] Got request: GET /ndt/get_graph_data
[2026-09-01 05:22:07.578] [info] [[94mHttpSession.cpp[0m:[95m531[0m [96mhandleGetGraphData[0m] Handle Get Graph Data
[2026-09-01 05:22:07.597] [info] [[94mHttpSession.cpp[0m:[95m576[0m [96mhandleGetGraphData[0m] get_graph_data success
[2026-09-01 05:22:07.827] [info] [[94mControllerAndOtherEventHandler.cpp[0m:[95m239[0m [96moperator()[0m] Accepted new connection
[2026-09-01 05:22:07.827] [info] [[94mHttpSession.cpp[0m:[95m96[0m [96mhandleRequest[0m] Got request: GET /ndt/get_graph_data
[2026-09-01 05:22:07.827] [info] [[94mHttpSession.cpp[0m:[95m531[0m [96mhandleGetGraphData[0m] Handle Get Graph Data
[2026-09-01 05:22:07.839] [info] [[94mHttpSession.cpp[0m:[95m576[0m [96mhandleGetGraphData[0m] get_graph_data success
[2026-09-01 05:22:08.077] [info] [[94mControllerAndOtherEventHandler.cpp[0m:[95m239[0m [96moperator()[0m] Accepted new connection
[2026-09-01 05:22:08.077] [info] [[94mHttpSession.cpp[0m:[95m96[0m [96mhandleRequest[0m] Got request: GET /ndt/get_graph_data
[2026-09-01 05:22:08.077] [info] [[94mHttpSession.cpp[0m:[95m531[0m [96mhandleGetGraphData[0m] Handle Get Graph Data
[2026-09-01 05:22:08.089] [info] [[94mHttpSession.cpp[0m:[95m576[0m [96mhandleGetGraphData[0m] get_graph_data success
[2026-09-01 05:22:08.327] [info] [[94mControllerAndOtherEventHandler.cpp[0m:[95m239[0m [96moperator()[0m] Accepted new connection
[2026-09-01 05:22:08.327] [info] [[94mHttpSession.cpp[0m:[95m96[0m [96mhandleRequest[0m] Got request: GET /ndt/get_graph_data
[2026-09-01 05:22:08.327] [info] [[94mHttpSession.cpp[0m:[95m531[0m [96mhandleGetGraphData[0m] Handle Get Graph Data
[2026-09-01 05:22:08.346] [info] [[94mHttpSession.cpp[0m:[95m576[0m [96mhandleGetGraphData[0m] get_graph_data success
[2026-09-01 05:22:08.577] [info] [[94mControllerAndOtherEventHandler.cpp[0m:[95m239[0m [96moperator()[0m] Accepted new connection
[2026-09-01 05:22:08.577] [info] [[94mHttpSession.cpp[0m:[95m96[0m [96mhandleRequest[0m] Got request: GET /ndt/get_graph_data
[2026-09-01 05:22:08.577] [info] [[94mHttpSession.cpp[0m:[95m531[0m [96mhandleGetGraphData[0m] Handle Get Graph Data
[2026-09-01 05:22:08.596] [info] [[94mHttpSession.cpp[0m:[95m576[0m [96mhandleGetGraphData[0m] get_graph_data success
[2026-09-01 05:22:08.828] [info] [[94mControllerAndOtherEventHandler.cpp[0m:[95m239[0m [96moperator()[0m] Accepted new connection
[2026-09-01 05:22:08.828] [info] [[94mHttpSession.cpp[0m:[95m96[0m [96mhandleRequest[0m] Got request: GET /ndt/get_graph_data
[2026-09-01 05:22:08.828] [info] [[94mHttpSession.cpp[0m:[95m531[0m [96mhandleGetGraphData[0m] Handle Get Graph Data
[2026-09-01 05:22:08.846] [info] [[94mHttpSession.cpp[0m:[95m576[0m [96mhandleGetGraphData[0m] get_graph_data success
[2026-09-01 05:22:09.078] [info] [[94mControllerAndOtherEventHandler.cpp[0m:[95m239[0m [96moperator()[0m] Accepted new connection
[2026-09-01 05:22:09.078] [info] [[94mHttpSession.cpp[0m:[95m96[0m [96mhandleRequest[0m] Got request: GET /ndt/get_graph_data
[2026-09-01 05:22:09.078] [info] [[94mHttpSession.cpp[0m:[95m531[0m [96mhandleGetGraphData[0m] Handle Get Graph Data
[2026-09-01 05:22:09.093] [info] [[94mHttpSession.cpp[0m:[95m576[0m [96mhandleGetGraphData[0m] get_graph_data success
[2026-09-01 05:22:09.330] [info] [[94mControllerAndOtherEventHandler.cpp[0m:[95m239[0m [96moperator()[0m] Accepted new connection
[2026-09-01 05:22:09.330] [info] [[94mHttpSession.cpp[0m:[95m96[0m [96mhandleRequest[0m] Got request: GET /ndt/get_graph_data
[2026-09-01 05:22:09.330] [info] [[94mHttpSession.cpp[0m:[95m531[0m [96mhandleGetGraphData[0m] Handle Get Graph Data
[2026-09-01 05:22:09.343] [info] [[94mHttpSession.cpp[0m:[95m576[0m [96mhandleGetGraphData[0m] get_graph_data success
[2026-09-01 05:22:09.577] [info] [[94mControllerAndOtherEventHandler.cpp[0m:[95m239[0m [96moperator()[0m] Accepted new connection
[2026-09-01 05:22:09.578] [info] [[94mHttpSession.cpp[0m:[95m96[0m [96mhandleRequest[0m] Got request: GET /ndt/get_graph_data
[2026-09-01 05:22:09.578] [info] [[94mHttpSession.cpp[0m:[95m531[0m [96mhandleGetGraphData[0m] Handle Get Graph Data
[2026-09-01 05:22:09.593] [info] [[94mHttpSession.cpp[0m:[95m576[0m [96mhandleGetGraphData[0m] get_graph_data success
[2026-09-01 05:22:09.828] [info] [[94mControllerAndOtherEventHandler.cpp[0m:[95m239[0m [96moperator()[0m] Accepted new connection
[2026-09-01 05:22:09.828] [info] [[94mHttpSession.cpp[0m:[95m96[0m [96mhandleRequest[0m] Got request: GET /ndt/get_graph_data
[2026-09-01 05:22:09.828] [info] [[94mHttpSession.cpp[0m:[95m531[0m [96mhandleGetGraphData[0m] Handle Get Graph Data
[2026-09-01 05:22:09.841] [info] [[94mHttpSession.cpp[0m:[95m576[0m [96mhandleGetGraphData[0m] get_graph_data success
[2026-09-01 05:22:10.078] [info] [[94mControllerAndOtherEventHandler.cpp[0m:[95m239[0m [96moperator()[0m] Accepted new connection
[2026-09-01 05:22:10.078] [info] [[94mHttpSession.cpp[0m:[95m96[0m [96mhandleRequest[0m] Got request: GET /ndt/get_graph_data
[2026-09-01 05:22:10.078] [info] [[94mHttpSession.cpp[0m:[95m531[0m [96mhandleGetGraphData[0m] Handle Get Graph Data
[2026-09-01 05:22:10.097] [info] [[94mHttpSession.cpp[0m:[95m576[0m [96mhandleGetGraphData[0m] get_graph_data success
[2026-09-01 05:22:10.329] [info] [[94mControllerAndOtherEventHandler.cpp[0m:[95m239[0m [96moperator()[0m] Accepted new connection
[2026-09-01 05:22:10.329] [info] [[94mHttpSession.cpp[0m:[95m96[0m [96mhandleRequest[0m] Got request: GET /ndt/get_graph_data
[2026-09-01 05:22:10.329] [info] [[94mHttpSession.cpp[0m:[95m531[0m [96mhandleGetGraphData[0m] Handle Get Graph Data
[2026-09-01 05:22:10.348] [info] [[94mHttpSession.cpp[0m:[95m576[0m [96mhandleGetGraphData[0m] get_graph_data success
[2026-09-01 05:22:10.578] [info] [[94mControllerAndOtherEventHandler.cpp[0m:[95m239[0m [96moperator()[0m] Accepted new connection
[2026-09-01 05:22:10.578] [info] [[94mHttpSession.cpp[0m:[95m96[0m [96mhandleRequest[0m] Got request: GET /ndt/get_graph_data
[2026-09-01 05:22:10.578] [info] [[94mHttpSession.cpp[0m:[95m531[0m [96mhandleGetGraphData[0m] Handle Get Graph Data
[2026-09-01 05:22:10.596] [info] [[94mHttpSession.cpp[0m:[95m576[0m [96mhandleGetGraphData[0m] get_graph_data success
[2026-09-01 05:22:10.829] [info] [[94mControllerAndOtherEventHandler.cpp[0m:[95m239[0m [96moperator()[0m] Accepted new connection
[2026-09-01 05:22:10.829] [info] [[94mHttpSession.cpp[0m:[95m96[0m [96mhandleRequest[0m] Got request: GET /ndt/get_graph_data
[2026-09-01 05:22:10.829] [info] [[94mHttpSession.cpp[0m:[95m531[0m [96mhandleGetGraphData[0m] Handle Get Graph Data
[2026-09-01 05:22:10.844] [info] [[94mHttpSession.cpp[0m:[95m576[0m [96mhandleGetGraphData[0m] get_graph_data success
[2026-09-01 05:22:11.078] [info] [[94mControllerAndOtherEventHandler.cpp[0m:[95m239[0m [96moperator()[0m] Accepted new connection
[2026-09-01 05:22:11.078] [info] [[94mHttpSession.cpp[0m:[95m96[0m [96mhandleRequest[0m] Got request: GET /ndt/get_graph_data
[2026-09-01 05:22:11.078] [info] [[94mHttpSession.cpp[0m:[95m531[0m [96mhandleGetGraphData[0m] Handle Get Graph Data
[2026-09-01 05:22:11.097] [info] [[94mHttpSession.cpp[0m:[95m576[0m [96mhandleGetGraphData[0m] get_graph_data success
[2026-09-01 05:22:11.329] [info] [[94mControllerAndOtherEventHandler.cpp[0m:[95m239[0m [96moperator()[0m] Accepted new connection
[2026-09-01 05:22:11.329] [info] [[94mHttpSession.cpp[0m:[95m96[0m [96mhandleRequest[0m] Got request: GET /ndt/get_graph_data
[2026-09-01 05:22:11.329] [info] [[94mHttpSession.cpp[0m:[95m531[0m [96mhandleGetGraphData[0m] Handle Get Graph Data
[2026-09-01 05:22:11.346] [info] [[94mHttpSession.cpp[0m:[95m576[0m [96mhandleGetGraphData[0m] get_graph_data success
[2026-09-01 05:22:11.579] [info] [[94mControllerAndOtherEventHandler.cpp[0m:[95m239[0m [96moperator()[0m] Accepted new connection
[2026-09-01 05:22:11.579] [info] [[94mHttpSession.cpp[0m:[95m96[0m [96mhandleRequest[0m] Got request: GET /ndt/get_graph_data
[2026-09-01 05:22:11.579] [info] [[94mHttpSession.cpp[0m:[95m531[0m [96mhandleGetGraphData[0m] Handle Get Graph Data
[2026-09-01 05:22:11.598] [info] [[94mHttpSession.cpp[0m:[95m576[0m [96mhandleGetGraphData[0m] get_graph_data success
[2026-09-01 05:22:11.829] [info] [[94mControllerAndOtherEventHandler.cpp[0m:[95m239[0m [96moperator()[0m] Accepted new connection
[2026-09-01 05:22:11.829] [info] [[94mHttpSession.cpp[0m:[95m96[0m [96mhandleRequest[0m] Got request: GET /ndt/get_graph_data
[2026-09-01 05:22:11.829] [info] [[94mHttpSession.cpp[0m:[95m531[0m [96mhandleGetGraphData[0m] Handle Get Graph Data
[2026-09-01 05:22:11.847] [info] [[94mHttpSession.cpp[0m:[95m576[0m [96mhandleGetGraphData[0m] get_graph_data success
[2026-09-01 05:22:12.078] [info] [[94mControllerAndOtherEventHandler.cpp[0m:[95m239[0m [96moperator()[0m] Accepted new connection
[2026-09-01 05:22:12.079] [info] [[94mHttpSession.cpp[0m:[95m96[0m [96mhandleRequest[0m] Got request: GET /ndt/get_graph_data
[2026-09-01 05:22:12.079] [info] [[94mHttpSession.cpp[0m:[95m531[0m [96mhandleGetGraphData[0m] Handle Get Graph Data
[2026-09-01 05:22:12.096] [info] [[94mHttpSession.cpp[0m:[95m576[0m [96mhandleGetGraphData[0m] get_graph_data success
[2026-09-01 05:22:12.329] [info] [[94mControllerAndOtherEventHandler.cpp[0m:[95m239[0m [96moperator()[0m] Accepted new connection
[2026-09-01 05:22:12.329] [info] [[94mHttpSession.cpp[0m:[95m96[0m [96mhandleRequest[0m] Got request: GET /ndt/get_graph_data
[2026-09-01 05:22:12.329] [info] [[94mHttpSession.cpp[0m:[95m531[0m [96mhandleGetGraphData[0m] Handle Get Graph Data
[2026-09-01 05:22:12.348] [info] [[94mHttpSession.cpp[0m:[95m576[0m [96mhandleGetGraphData[0m] get_graph_data success
[2026-09-01 05:22:12.579] [info] [[94mControllerAndOtherEventHandler.cpp[0m:[95m239[0m [96moperator()[0m] Accepted new connection
[2026-09-01 05:22:12.579] [info] [[94mHttpSession.cpp[0m:[95m96[0m [96mhandleRequest[0m] Got request: GET /ndt/get_graph_data
[2026-09-01 05:22:12.579] [info] [[94mHttpSession.cpp[0m:[95m531[0m [96mhandleGetGraphData[0m] Handle Get Graph Data
[2026-09-01 05:22:12.597] [info] [[94mHttpSession.cpp[0m:[95m576[0m [96mhandleGetGraphData[0m] get_graph_data success
[2026-09-01 05:22:12.829] [info] [[94mControllerAndOtherEventHandler.cpp[0m:[95m239[0m [96moperator()[0m] Accepted new connection
[2026-09-01 05:22:12.830] [info] [[94mHttpSession.cpp[0m:[95m96[0m [96mhandleRequest[0m] Got request: GET /ndt/get_graph_data
[2026-09-01 05:22:12.830] [info] [[94mHttpSession.cpp[0m:[95m531[0m [96mhandleGetGraphData[0m] Handle Get Graph Data
[2026-09-01 05:22:12.848] [info] [[94mHttpSession.cpp[0m:[95m576[0m [96mhandleGetGraphData[0m] get_graph_data success
[2026-09-01 05:22:13.079] [info] [[94mControllerAndOtherEventHandler.cpp[0m:[95m239[0m [96moperator()[0m] Accepted new connection
[2026-09-01 05:22:13.079] [info] [[94mHttpSession.cpp[0m:[95m96[0m [96mhandleRequest[0m] Got request: GET /ndt/get_graph_data
[2026-09-01 05:22:13.079] [info] [[94mHttpSession.cpp[0m:[95m531[0m [96mhandleGetGraphData[0m] Handle Get Graph Data
[2026-09-01 05:22:13.097] [info] [[94mHttpSession.cpp[0m:[95m576[0m [96mhandleGetGraphData[0m] get_graph_data success
[2026-09-01 05:22:13.330] [info] [[94mControllerAndOtherEventHandler.cpp[0m:[95m239[0m [96moperator()[0m] Accepted new connection
[2026-09-01 05:22:13.330] [info] [[94mHttpSession.cpp[0m:[95m96[0m [96mhandleRequest[0m] Got request: GET /ndt/get_graph_data
[2026-09-01 05:22:13.330] [info] [[94mHttpSession.cpp[0m:[95m531[0m [96mhandleGetGraphData[0m] Handle Get Graph Data
[2026-09-01 05:22:13.348] [info] [[94mHttpSession.cpp[0m:[95m576[0m [96mhandleGetGraphData[0m] get_graph_data success
[2026-09-01 05:22:13.580] [info] [[94mControllerAndOtherEventHandler.cpp[0m:[95m239[0m [96moperator()[0m] Accepted new connection
[2026-09-01 05:22:13.580] [info] [[94mHttpSession.cpp[0m:[95m96[0m [96mhandleRequest[0m] Got request: GET /ndt/get_graph_data
[2026-09-01 05:22:13.580] [info] [[94mHttpSession.cpp[0m:[95m531[0m [96mhandleGetGraphData[0m] Handle Get Graph Data
[2026-09-01 05:22:13.598] [info] [[94mHttpSession.cpp[0m:[95m576[0m [96mhandleGetGraphData[0m] get_graph_data success
[2026-09-01 05:22:13.830] [info] [[94mControllerAndOtherEventHandler.cpp[0m:[95m239[0m [96moperator()[0m] Accepted new connection
[2026-09-01 05:22:13.830] [info] [[94mHttpSession.cpp[0m:[95m96[0m [96mhandleRequest[0m] Got request: GET /ndt/get_graph_data
[2026-09-01 05:22:13.830] [info] [[94mHttpSession.cpp[0m:[95m531[0m [96mhandleGetGraphData[0m] Handle Get Graph Data
[2026-09-01 05:22:13.848] [info] [[94mHttpSession.cpp[0m:[95m576[0m [96mhandleGetGraphData[0m] get_graph_data success
[2026-09-01 05:22:14.080] [info] [[94mControllerAndOtherEventHandler.cpp[0m:[95m239[0m [96moperator()[0m] Accepted new connection
[2026-09-01 05:22:14.080] [info] [[94mHttpSession.cpp[0m:[95m96[0m [96mhandleRequest[0m] Got request: GET /ndt/get_graph_data
[2026-09-01 05:22:14.080] [info] [[94mHttpSession.cpp[0m:[95m531[0m [96mhandleGetGraphData[0m] Handle Get Graph Data
[2026-09-01 05:22:14.098] [info] [[94mHttpSession.cpp[0m:[95m576[0m [96mhandleGetGraphData[0m] get_graph_data success
[2026-09-01 05:22:14.329] [info] [[94mControllerAndOtherEventHandler.cpp[0m:[95m239[0m [96moperator()[0m] Accepted new connection
[2026-09-01 05:22:14.329] [info] [[94mHttpSession.cpp[0m:[95m96[0m [96mhandleRequest[0m] Got request: GET /ndt/get_graph_data
[2026-09-01 05:22:14.329] [info] [[94mHttpSession.cpp[0m:[95m531[0m [96mhandleGetGraphData[0m] Handle Get Graph Data
[2026-09-01 05:22:14.343] [info] [[94mHttpSession.cpp[0m:[95m576[0m [96mhandleGetGraphData[0m] get_graph_data success
[2026-09-01 05:22:14.580] [info] [[94mControllerAndOtherEventHandler.cpp[0m:[95m239[0m [96moperator()[0m] Accepted new connection
[2026-09-01 05:22:14.580] [info] [[94mHttpSession.cpp[0m:[95m96[0m [96mhandleRequest[0m] Got request: GET /ndt/get_graph_data
[2026-09-01 05:22:14.580] [info] [[94mHttpSession.cpp[0m:[95m531[0m [96mhandleGetGraphData[0m] Handle Get Graph Data
[2026-09-01 05:22:14.593] [info] [[94mHttpSession.cpp[0m:[95m576[0m [96mhandleGetGraphData[0m] get_graph_data success
[2026-09-01 05:22:14.830] [info] [[94mControllerAndOtherEventHandler.cpp[0m:[95m239[0m [96moperator()[0m] Accepted new connection
[2026-09-01 05:22:14.830] [info] [[94mHttpSession.cpp[0m:[95m96[0m [96mhandleRequest[0m] Got request: GET /ndt/get_graph_data
[2026-09-01 05:22:14.830] [info] [[94mHttpSession.cpp[0m:[95m531[0m [96mhandleGetGraphData[0m] Handle Get Graph Data
[2026-09-01 05:22:14.849] [info] [[94mHttpSession.cpp[0m:[95m576[0m [96mhandleGetGraphData[0m] get_graph_data success
[2026-09-01 05:22:15.080] [info] [[94mControllerAndOtherEventHandler.cpp[0m:[95m239[0m [96moperator()[0m] Accepted new connection
[2026-09-01 05:22:15.080] [info] [[94mHttpSession.cpp[0m:[95m96[0m [96mhandleRequest[0m] Got request: GET /ndt/get_graph_data
[2026-09-01 05:22:15.080] [info] [[94mHttpSession.cpp[0m:[95m531[0m [96mhandleGetGraphData[0m] Handle Get Graph Data
[2026-09-01 05:22:15.099] [info] [[94mHttpSession.cpp[0m:[95m576[0m [96mhandleGetGraphData[0m] get_graph_data success
[2026-09-01 05:22:15.330] [info] [[94mControllerAndOtherEventHandler.cpp[0m:[95m239[0m [96moperator()[0m] Accepted new connection
[2026-09-01 05:22:15.330] [info] [[94mHttpSession.cpp[0m:[95m96[0m [96mhandleRequest[0m] Got request: GET /ndt/get_graph_data
[2026-09-01 05:22:15.330] [info] [[94mHttpSession.cpp[0m:[95m531[0m [96mhandleGetGraphData[0m] Handle Get Graph Data
[2026-09-01 05:22:15.342] [info] [[94mHttpSession.cpp[0m:[95m576[0m [96mhandleGetGraphData[0m] get_graph_data success
[2026-09-01 05:22:15.580] [info] [[94mControllerAndOtherEventHandler.cpp[0m:[95m239[0m [96moperator()[0m] Accepted new connection
[2026-09-01 05:22:15.580] [info] [[94mHttpSession.cpp[0m:[95m96[0m [96mhandleRequest[0m] Got request: GET /ndt/get_graph_data
[2026-09-01 05:22:15.580] [info] [[94mHttpSession.cpp[0m:[95m531[0m [96mhandleGetGraphData[0m] Handle Get Graph Data
[2026-09-01 05:22:15.596] [info] [[94mHttpSession.cpp[0m:[95m576[0m [96mhandleGetGraphData[0m] get_graph_data success
[2026-09-01 05:22:15.831] [info] [[94mControllerAndOtherEventHandler.cpp[0m:[95m239[0m [96moperator()[0m] Accepted new connection
[2026-09-01 05:22:15.831] [info] [[94mHttpSession.cpp[0m:[95m96[0m [96mhandleRequest[0m] Got request: GET /ndt/get_graph_data
[2026-09-01 05:22:15.831] [info] [[94mHttpSession.cpp[0m:[95m531[0m [96mhandleGetGraphData[0m] Handle Get Graph Data
[2026-09-01 05:22:15.848] [info] [[94mHttpSession.cpp[0m:[95m576[0m [96mhandleGetGraphData[0m] get_graph_data success
[2026-09-01 05:22:16.080] [info] [[94mControllerAndOtherEventHandler.cpp[0m:[95m239[0m [96moperator()[0m] Accepted new connection
[2026-09-01 05:22:16.080] [info] [[94mHttpSession.cpp[0m:[95m96[0m [96mhandleRequest[0m] Got request: GET /ndt/get_graph_data
[2026-09-01 05:22:16.080] [info] [[94mHttpSession.cpp[0m:[95m531[0m [96mhandleGetGraphData[0m] Handle Get Graph Data
[2026-09-01 05:22:16.092] [info] [[94mHttpSession.cpp[0m:[95m576[0m [96mhandleGetGraphData[0m] get_graph_data success
[2026-09-01 05:22:16.330] [info] [[94mControllerAndOtherEventHandler.cpp[0m:[95m239[0m [96moperator()[0m] Accepted new connection
[2026-09-01 05:22:16.330] [info] [[94mHttpSession.cpp[0m:[95m96[0m [96mhandleRequest[0m] Got request: GET /ndt/get_graph_data
[2026-09-01 05:22:16.330] [info] [[94mHttpSession.cpp[0m:[95m531[0m [96mhandleGetGraphData[0m] Handle Get Graph Data
[2026-09-01 05:22:16.345] [info] [[94mHttpSession.cpp[0m:[95m576[0m [96mhandleGetGraphData[0m] get_graph_data success
[2026-09-01 05:22:16.581] [info] [[94mControllerAndOtherEventHandler.cpp[0m:[95m239[0m [96moperator()[0m] Accepted new connection
[2026-09-01 05:22:16.581] [info] [[94mHttpSession.cpp[0m:[95m96[0m [96mhandleRequest[0m] Got request: GET /ndt/get_graph_data
[2026-09-01 05:22:16.581] [info] [[94mHttpSession.cpp[0m:[95m531[0m [96mhandleGetGraphData[0m] Handle Get Graph Data
[2026-09-01 05:22:16.593] [info] [[94mHttpSession.cpp[0m:[95m576[0m [96mhandleGetGraphData[0m] get_graph_data success
[2026-09-01 05:22:16.831] [info] [[94mControllerAndOtherEventHandler.cpp[0m:[95m239[0m [96moperator()[0m] Accepted new connection
[2026-09-01 05:22:16.831] [info] [[94mHttpSession.cpp[0m:[95m96[0m [96mhandleRequest[0m] Got request: GET /ndt/get_graph_data
[2026-09-01 05:22:16.831] [info] [[94mHttpSession.cpp[0m:[95m531[0m [96mhandleGetGraphData[0m] Handle Get Graph Data
[2026-09-01 05:22:16.850] [info] [[94mHttpSession.cpp[0m:[95m576[0m [96mhandleGetGraphData[0m] get_graph_data success
[2026-09-01 05:22:17.081] [info] [[94mControllerAndOtherEventHandler.cpp[0m:[95m239[0m [96moperator()[0m] Accepted new connection
[2026-09-01 05:22:17.081] [info] [[94mHttpSession.cpp[0m:[95m96[0m [96mhandleRequest[0m] Got request: GET /ndt/get_graph_data
[2026-09-01 05:22:17.081] [info] [[94mHttpSession.cpp[0m:[95m531[0m [96mhandleGetGraphData[0m] Handle Get Graph Data
[2026-09-01 05:22:17.100] [info] [[94mHttpSession.cpp[0m:[95m576[0m [96mhandleGetGraphData[0m] get_graph_data success
[2026-09-01 05:22:17.331] [info] [[94mControllerAndOtherEventHandler.cpp[0m:[95m239[0m [96moperator()[0m] Accepted new connection
[2026-09-01 05:22:17.331] [info] [[94mHttpSession.cpp[0m:[95m96[0m [96mhandleRequest[0m] Got request: GET /ndt/get_graph_data
[2026-09-01 05:22:17.331] [info] [[94mHttpSession.cpp[0m:[95m531[0m [96mhandleGetGraphData[0m] Handle Get Graph Data
[2026-09-01 05:22:17.350] [info] [[94mHttpSession.cpp[0m:[95m576[0m [96mhandleGetGraphData[0m] get_graph_data success
[2026-09-01 05:22:17.581] [info] [[94mControllerAndOtherEventHandler.cpp[0m:[95m239[0m [96moperator()[0m] Accepted new connection
[2026-09-01 05:22:17.581] [info] [[94mHttpSession.cpp[0m:[95m96[0m [96mhandleRequest[0m] Got request: GET /ndt/get_graph_data
[2026-09-01 05:22:17.581] [info] [[94mHttpSession.cpp[0m:[95m531[0m [96mhandleGetGraphData[0m] Handle Get Graph Data
[2026-09-01 05:22:17.600] [info] [[94mHttpSession.cpp[0m:[95m576[0m [96mhandleGetGraphData[0m] get_graph_data success
[2026-09-01 05:22:17.831] [info] [[94mControllerAndOtherEventHandler.cpp[0m:[95m239[0m [96moperator()[0m] Accepted new connection
[2026-09-01 05:22:17.831] [info] [[94mHttpSession.cpp[0m:[95m96[0m [96mhandleRequest[0m] Got request: GET /ndt/get_graph_data
[2026-09-01 05:22:17.831] [info] [[94mHttpSession.cpp[0m:[95m531[0m [96mhandleGetGraphData[0m] Handle Get Graph Data
[2026-09-01 05:22:17.850] [info] [[94mHttpSession.cpp[0m:[95m576[0m [96mhandleGetGraphData[0m] get_graph_data success
[2026-09-01 05:22:18.081] [info] [[94mControllerAndOtherEventHandler.cpp[0m:[95m239[0m [96moperator()[0m] Accepted new connection
[2026-09-01 05:22:18.081] [info] [[94mHttpSession.cpp[0m:[95m96[0m [96mhandleRequest[0m] Got request: GET /ndt/get_graph_data
[2026-09-01 05:22:18.081] [info] [[94mHttpSession.cpp[0m:[95m531[0m [96mhandleGetGraphData[0m] Handle Get Graph Data
[2026-09-01 05:22:18.099] [info] [[94mHttpSession.cpp[0m:[95m576[0m [96mhandleGetGraphData[0m] get_graph_data success
[2026-09-01 05:22:18.330] [info] [[94mControllerAndOtherEventHandler.cpp[0m:[95m239[0m [96moperator()[0m] Accepted new connection
[2026-09-01 05:22:18.331] [info] [[94mHttpSession.cpp[0m:[95m96[0m [96mhandleRequest[0m] Got request: GET /ndt/get_graph_data
[2026-09-01 05:22:18.331] [info] [[94mHttpSession.cpp[0m:[95m531[0m [96mhandleGetGraphData[0m] Handle Get Graph Data
[2026-09-01 05:22:18.348] [info] [[94mHttpSession.cpp[0m:[95m576[0m [96mhandleGetGraphData[0m] get_graph_data success
[2026-09-01 05:22:18.581] [info] [[94mControllerAndOtherEventHandler.cpp[0m:[95m239[0m [96moperator()[0m] Accepted new connection
[2026-09-01 05:22:18.581] [info] [[94mHttpSession.cpp[0m:[95m96[0m [96mhandleRequest[0m] Got request: GET /ndt/get_graph_data
[2026-09-01 05:22:18.581] [info] [[94mHttpSession.cpp[0m:[95m531[0m [96mhandleGetGraphData[0m] Handle Get Graph Data
[2026-09-01 05:22:18.600] [info] [[94mHttpSession.cpp[0m:[95m576[0m [96mhandleGetGraphData[0m] get_graph_data success
[2026-09-01 05:22:18.831] [info] [[94mControllerAndOtherEventHandler.cpp[0m:[95m239[0m [96moperator()[0m] Accepted new connection
[2026-09-01 05:22:18.832] [info] [[94mHttpSession.cpp[0m:[95m96[0m [96mhandleRequest[0m] Got request: GET /ndt/get_graph_data
[2026-09-01 05:22:18.832] [info] [[94mHttpSession.cpp[0m:[95m531[0m [96mhandleGetGraphData[0m] Handle Get Graph Data
[2026-09-01 05:22:18.849] [info] [[94mHttpSession.cpp[0m:[95m576[0m [96mhandleGetGraphData[0m] get_graph_data success
[2026-09-01 05:22:19.082] [info] [[94mControllerAndOtherEventHandler.cpp[0m:[95m239[0m [96moperator()[0m] Accepted new connection
[2026-09-01 05:22:19.082] [info] [[94mHttpSession.cpp[0m:[95m96[0m [96mhandleRequest[0m] Got request: GET /ndt/get_graph_data
[2026-09-01 05:22:19.082] [info] [[94mHttpSession.cpp[0m:[95m531[0m [96mhandleGetGraphData[0m] Handle Get Graph Data
[2026-09-01 05:22:19.097] [info] [[94mHttpSession.cpp[0m:[95m576[0m [96mhandleGetGraphData[0m] get_graph_data success
[2026-09-01 05:22:19.332] [info] [[94mControllerAndOtherEventHandler.cpp[0m:[95m239[0m [96moperator()[0m] Accepted new connection
[2026-09-01 05:22:19.332] [info] [[94mHttpSession.cpp[0m:[95m96[0m [96mhandleRequest[0m] Got request: GET /ndt/get_graph_data
[2026-09-01 05:22:19.332] [info] [[94mHttpSession.cpp[0m:[95m531[0m [96mhandleGetGraphData[0m] Handle Get Graph Data
[2026-09-01 05:22:19.351] [info] [[94mHttpSession.cpp[0m:[95m576[0m [96mhandleGetGraphData[0m] get_graph_data success
[2026-09-01 05:22:19.581] [info] [[94mControllerAndOtherEventHandler.cpp[0m:[95m239[0m [96moperator()[0m] Accepted new connection
[2026-09-01 05:22:19.581] [info] [[94mHttpSession.cpp[0m:[95m96[0m [96mhandleRequest[0m] Got request: GET /ndt/get_graph_data
[2026-09-01 05:22:19.581] [info] [[94mHttpSession.cpp[0m:[95m531[0m [96mhandleGetGraphData[0m] Handle Get Graph Data
[2026-09-01 05:22:19.595] [info] [[94mHttpSession.cpp[0m:[95m576[0m [96mhandleGetGraphData[0m] get_graph_data success
[2026-09-01 05:22:19.831] [info] [[94mControllerAndOtherEventHandler.cpp[0m:[95m239[0m [96moperator()[0m] Accepted new connection
[2026-09-01 05:22:19.831] [info] [[94mHttpSession.cpp[0m:[95m96[0m [96mhandleRequest[0m] Got request: GET /ndt/get_graph_data
[2026-09-01 05:22:19.865] [info] [[94mHttpSession.cpp[0m:[95m531[0m [96mhandleGetGraphData[0m] Handle Get Graph Data
[2026-09-01 05:22:19.877] [info] [[94mHttpSession.cpp[0m:[95m576[0m [96mhandleGetGraphData[0m] get_graph_data success
[2026-09-01 05:22:20.082] [info] [[94mControllerAndOtherEventHandler.cpp[0m:[95m239[0m [96moperator()[0m] Accepted new connection
[2026-09-01 05:22:20.082] [info] [[94mHttpSession.cpp[0m:[95m96[0m [96mhandleRequest[0m] Got request: GET /ndt/get_graph_data
[2026-09-01 05:22:20.082] [info] [[94mHttpSession.cpp[0m:[95m531[0m [96mhandleGetGraphData[0m] Handle Get Graph Data
[2026-09-01 05:22:20.099] [info] [[94mHttpSession.cpp[0m:[95m576[0m [96mhandleGetGraphData[0m] get_graph_data success
[2026-09-01 05:22:20.332] [info] [[94mControllerAndOtherEventHandler.cpp[0m:[95m239[0m [96moperator()[0m] Accepted new connection
[2026-09-01 05:22:20.332] [info] [[94mHttpSession.cpp[0m:[95m96[0m [96mhandleRequest[0m] Got request: GET /ndt/get_graph_data
[2026-09-01 05:22:20.332] [info] [[94mHttpSession.cpp[0m:[95m531[0m [96mhandleGetGraphData[0m] Handle Get Graph Data
[2026-09-01 05:22:20.351] [info] [[94mHttpSession.cpp[0m:[95m576[0m [96mhandleGetGraphData[0m] get_graph_data success
[2026-09-01 05:22:20.581] [info] [[94mControllerAndOtherEventHandler.cpp[0m:[95m239[0m [96moperator()[0m] Accepted new connection
[2026-09-01 05:22:20.582] [info] [[94mHttpSession.cpp[0m:[95m96[0m [96mhandleRequest[0m] Got request: GET /ndt/get_graph_data
[2026-09-01 05:22:20.582] [info] [[94mHttpSession.cpp[0m:[95m531[0m [96mhandleGetGraphData[0m] Handle Get Graph Data
[2026-09-01 05:22:20.600] [info] [[94mHttpSession.cpp[0m:[95m576[0m [96mhandleGetGraphData[0m] get_graph_data success
[2026-09-01 05:22:20.832] [info] [[94mControllerAndOtherEventHandler.cpp[0m:[95m239[0m [96moperator()[0m] Accepted new connection
[2026-09-01 05:22:20.832] [info] [[94mHttpSession.cpp[0m:[95m96[0m [96mhandleRequest[0m] Got request: GET /ndt/get_graph_data
[2026-09-01 05:22:20.832] [info] [[94mHttpSession.cpp[0m:[95m531[0m [96mhandleGetGraphData[0m] Handle Get Graph Data
[2026-09-01 05:22:20.851] [info] [[94mHttpSession.cpp[0m:[95m576[0m [96mhandleGetGraphData[0m] get_graph_data success
[2026-09-01 05:22:21.082] [info] [[94mControllerAndOtherEventHandler.cpp[0m:[95m239[0m [96moperator()[0m] Accepted new connection
[2026-09-01 05:22:21.082] [info] [[94mHttpSession.cpp[0m:[95m96[0m [96mhandleRequest[0m] Got request: GET /ndt/get_graph_data
[2026-09-01 05:22:21.082] [info] [[94mHttpSession.cpp[0m:[95m531[0m [96mhandleGetGraphData[0m] Handle Get Graph Data
[2026-09-01 05:22:21.098] [info] [[94mHttpSession.cpp[0m:[95m576[0m [96mhandleGetGraphData[0m] get_graph_data success
[2026-09-01 05:22:21.332] [info] [[94mControllerAndOtherEventHandler.cpp[0m:[95m239[0m [96moperator()[0m] Accepted new connection
[2026-09-01 05:22:21.333] [info] [[94mHttpSession.cpp[0m:[95m96[0m [96mhandleRequest[0m] Got request: GET /ndt/get_graph_data
[2026-09-01 05:22:21.333] [info] [[94mHttpSession.cpp[0m:[95m531[0m [96mhandleGetGraphData[0m] Handle Get Graph Data
[2026-09-01 05:22:21.351] [info] [[94mHttpSession.cpp[0m:[95m576[0m [96mhandleGetGraphData[0m] get_graph_data success
[2026-09-01 05:22:21.582] [info] [[94mControllerAndOtherEventHandler.cpp[0m:[95m239[0m [96moperator()[0m] Accepted new connection
[2026-09-01 05:22:21.583] [info] [[94mHttpSession.cpp[0m:[95m96[0m [96mhandleRequest[0m] Got request: GET /ndt/get_graph_data
[2026-09-01 05:22:21.583] [info] [[94mHttpSession.cpp[0m:[95m531[0m [96mhandleGetGraphData[0m] Handle Get Graph Data
[2026-09-01 05:22:21.601] [info] [[94mHttpSession.cpp[0m:[95m576[0m [96mhandleGetGraphData[0m] get_graph_data success
[2026-09-01 05:22:21.832] [info] [[94mControllerAndOtherEventHandler.cpp[0m:[95m239[0m [96moperator()[0m] Accepted new connection
[2026-09-01 05:22:21.833] [info] [[94mHttpSession.cpp[0m:[95m96[0m [96mhandleRequest[0m] Got request: GET /ndt/get_graph_data
[2026-09-01 05:22:21.833] [info] [[94mHttpSession.cpp[0m:[95m531[0m [96mhandleGetGraphData[0m] Handle Get Graph Data
[2026-09-01 05:22:21.852] [info] [[94mHttpSession.cpp[0m:[95m576[0m [96mhandleGetGraphData[0m] get_graph_data success
[2026-09-01 05:22:22.082] [info] [[94mControllerAndOtherEventHandler.cpp[0m:[95m239[0m [96moperator()[0m] Accepted new connection
[2026-09-01 05:22:22.082] [info] [[94mHttpSession.cpp[0m:[95m96[0m [96mhandleRequest[0m] Got request: GET /ndt/get_graph_data
[2026-09-01 05:22:22.082] [info] [[94mHttpSession.cpp[0m:[95m531[0m [96mhandleGetGraphData[0m] Handle Get Graph Data
[2026-09-01 05:22:22.099] [info] [[94mHttpSession.cpp[0m:[95m576[0m [96mhandleGetGraphData[0m] get_graph_data success
[2026-09-01 05:22:22.332] [info] [[94mControllerAndOtherEventHandler.cpp[0m:[95m239[0m [96moperator()[0m] Accepted new connection
[2026-09-01 05:22:22.332] [info] [[94mHttpSession.cpp[0m:[95m96[0m [96mhandleRequest[0m] Got request: GET /ndt/get_graph_data
[2026-09-01 05:22:22.332] [info] [[94mHttpSession.cpp[0m:[95m531[0m [96mhandleGetGraphData[0m] Handle Get Graph Data
[2026-09-01 05:22:22.344] [info] [[94mHttpSession.cpp[0m:[95m576[0m [96mhandleGetGraphData[0m] get_graph_data success
[2026-09-01 05:22:22.582] [info] [[94mControllerAndOtherEventHandler.cpp[0m:[95m239[0m [96moperator()[0m] Accepted new connection
[2026-09-01 05:22:22.582] [info] [[94mHttpSession.cpp[0m:[95m96[0m [96mhandleRequest[0m] Got request: GET /ndt/get_graph_data
[2026-09-01 05:22:22.582] [info] [[94mHttpSession.cpp[0m:[95m531[0m [96mhandleGetGraphData[0m] Handle Get Graph Data
[2026-09-01 05:22:22.599] [info] [[94mHttpSession.cpp[0m:[95m576[0m [96mhandleGetGraphData[0m] get_graph_data success
[2026-09-01 05:22:22.832] [info] [[94mControllerAndOtherEventHandler.cpp[0m:[95m239[0m [96moperator()[0m] Accepted new connection
[2026-09-01 05:22:22.832] [info] [[94mHttpSession.cpp[0m:[95m96[0m [96mhandleRequest[0m] Got request: GET /ndt/get_graph_data
[2026-09-01 05:22:22.832] [info] [[94mHttpSession.cpp[0m:[95m531[0m [96mhandleGetGraphData[0m] Handle Get Graph Data
[2026-09-01 05:22:22.848] [info] [[94mHttpSession.cpp[0m:[95m576[0m [96mhandleGetGraphData[0m] get_graph_data success
[2026-09-01 05:22:23.082] [info] [[94mControllerAndOtherEventHandler.cpp[0m:[95m239[0m [96moperator()[0m] Accepted new connection
[2026-09-01 05:22:23.083] [info] [[94mHttpSession.cpp[0m:[95m96[0m [96mhandleRequest[0m] Got request: GET /ndt/get_graph_data
[2026-09-01 05:22:23.083] [info] [[94mHttpSession.cpp[0m:[95m531[0m [96mhandleGetGraphData[0m] Handle Get Graph Data
[2026-09-01 05:22:23.097] [info] [[94mHttpSession.cpp[0m:[95m576[0m [96mhandleGetGraphData[0m] get_graph_data success
[2026-09-01 05:22:23.332] [info] [[94mControllerAndOtherEventHandler.cpp[0m:[95m239[0m [96moperator()[0m] Accepted new connection
[2026-09-01 05:22:23.333] [info] [[94mHttpSession.cpp[0m:[95m96[0m [96mhandleRequest[0m] Got request: GET /ndt/get_graph_data
[2026-09-01 05:22:23.333] [info] [[94mHttpSession.cpp[0m:[95m531[0m [96mhandleGetGraphData[0m] Handle Get Graph Data
[2026-09-01 05:22:23.350] [info] [[94mHttpSession.cpp[0m:[95m576[0m [96mhandleGetGraphData[0m] get_graph_data success
[2026-09-01 05:22:23.582] [info] [[94mControllerAndOtherEventHandler.cpp[0m:[95m239[0m [96moperator()[0m] Accepted new connection
[2026-09-01 05:22:23.582] [info] [[94mHttpSession.cpp[0m:[95m96[0m [96mhandleRequest[0m] Got request: GET /ndt/get_graph_data
[2026-09-01 05:22:23.583] [info] [[94mHttpSession.cpp[0m:[95m531[0m [96mhandleGetGraphData[0m] Handle Get Graph Data
[2026-09-01 05:22:23.601] [info] [[94mHttpSession.cpp[0m:[95m576[0m [96mhandleGetGraphData[0m] get_graph_data success
[2026-09-01 05:22:23.833] [info] [[94mControllerAndOtherEventHandler.cpp[0m:[95m239[0m [96moperator()[0m] Accepted new connection
[2026-09-01 05:22:23.833] [info] [[94mHttpSession.cpp[0m:[95m96[0m [96mhandleRequest[0m] Got request: GET /ndt/get_graph_data
[2026-09-01 05:22:23.833] [info] [[94mHttpSession.cpp[0m:[95m531[0m [96mhandleGetGraphData[0m] Handle Get Graph Data
[2026-09-01 05:22:23.847] [info] [[94mHttpSession.cpp[0m:[95m576[0m [96mhandleGetGraphData[0m] get_graph_data success
[2026-09-01 05:22:24.083] [info] [[94mControllerAndOtherEventHandler.cpp[0m:[95m239[0m [96moperator()[0m] Accepted new connection
[2026-09-01 05:22:24.083] [info] [[94mHttpSession.cpp[0m:[95m96[0m [96mhandleRequest[0m] Got request: GET /ndt/get_graph_data
[2026-09-01 05:22:24.083] [info] [[94mHttpSession.cpp[0m:[95m531[0m [96mhandleGetGraphData[0m] Handle Get Graph Data
[2026-09-01 05:22:24.101] [info] [[94mHttpSession.cpp[0m:[95m576[0m [96mhandleGetGraphData[0m] get_graph_data success
[2026-09-01 05:22:24.333] [info] [[94mControllerAndOtherEventHandler.cpp[0m:[95m239[0m [96moperator()[0m] Accepted new connection
[2026-09-01 05:22:24.333] [info] [[94mHttpSession.cpp[0m:[95m96[0m [96mhandleRequest[0m] Got request: GET /ndt/get_graph_data
[2026-09-01 05:22:24.333] [info] [[94mHttpSession.cpp[0m:[95m531[0m [96mhandleGetGraphData[0m] Handle Get Graph Data
[2026-09-01 05:22:24.352] [info] [[94mHttpSession.cpp[0m:[95m576[0m [96mhandleGetGraphData[0m] get_graph_data success
[2026-09-01 05:22:24.583] [info] [[94mControllerAndOtherEventHandler.cpp[0m:[95m239[0m [96moperator()[0m] Accepted new connection
[2026-09-01 05:22:24.583] [info] [[94mHttpSession.cpp[0m:[95m96[0m [96mhandleRequest[0m] Got request: GET /ndt/get_graph_data
[2026-09-01 05:22:24.583] [info] [[94mHttpSession.cpp[0m:[95m531[0m [96mhandleGetGraphData[0m] Handle Get Graph Data
[2026-09-01 05:22:24.602] [info] [[94mHttpSession.cpp[0m:[95m576[0m [96mhandleGetGraphData[0m] get_graph_data success
[2026-09-01 05:22:24.833] [info] [[94mControllerAndOtherEventHandler.cpp[0m:[95m239[0m [96moperator()[0m] Accepted new connection
[2026-09-01 05:22:24.834] [info] [[94mHttpSession.cpp[0m:[95m96[0m [96mhandleRequest[0m] Got request: GET /ndt/get_graph_data
[2026-09-01 05:22:24.834] [info] [[94mHttpSession.cpp[0m:[95m531[0m [96mhandleGetGraphData[0m] Handle Get Graph Data
[2026-09-01 05:22:24.851] [info] [[94mHttpSession.cpp[0m:[95m576[0m [96mhandleGetGraphData[0m] get_graph_data success
[2026-09-01 05:22:25.083] [info] [[94mControllerAndOtherEventHandler.cpp[0m:[95m239[0m [96moperator()[0m] Accepted new connection
[2026-09-01 05:22:25.084] [info] [[94mHttpSession.cpp[0m:[95m96[0m [96mhandleRequest[0m] Got request: GET /ndt/get_graph_data
[2026-09-01 05:22:25.084] [info] [[94mHttpSession.cpp[0m:[95m531[0m [96mhandleGetGraphData[0m] Handle Get Graph Data
[2026-09-01 05:22:25.102] [info] [[94mHttpSession.cpp[0m:[95m576[0m [96mhandleGetGraphData[0m] get_graph_data success
[2026-09-01 05:22:25.129] [info] [[94mFlowLinkUsageCollector.cpp[0m:[95m1807[0m [96mcalAvgFlowSendingRatesPeriodically[0m] rate loop period: last 30 iters mean 1000.7 ms | since start (299 iters) mean 1000.7 ms, min 1000.1, max 1002.3 (flows=1, counters=3) -- the LAST-N figure is the current denominator; the since-start one lags it
[2026-09-01 05:22:25.130] [info] [[94mFlowLinkUsageCollector.cpp[0m:[95m2016[0m [96mcalAvgFlowSendingRatesPeriodically[0m] rate divisor check: measured_interval_s=1.000427 divisor_used_s=1.000427 (ticket Q gate: these must agree to 1%; a negative divisor means no rate has been published yet, which is not a pass)
[2026-09-01 05:22:25.333] [info] [[94mControllerAndOtherEventHandler.cpp[0m:[95m239[0m [96moperator()[0m] Accepted new connection
[2026-09-01 05:22:25.333] [info] [[94mHttpSession.cpp[0m:[95m96[0m [96mhandleRequest[0m] Got request: GET /ndt/get_graph_data
[2026-09-01 05:22:25.334] [info] [[94mHttpSession.cpp[0m:[95m531[0m [96mhandleGetGraphData[0m] Handle Get Graph Data
[2026-09-01 05:22:25.349] [info] [[94mHttpSession.cpp[0m:[95m576[0m [96mhandleGetGraphData[0m] get_graph_data success
[2026-09-01 05:22:25.583] [info] [[94mControllerAndOtherEventHandler.cpp[0m:[95m239[0m [96moperator()[0m] Accepted new connection
[2026-09-01 05:22:25.583] [info] [[94mHttpSession.cpp[0m:[95m96[0m [96mhandleRequest[0m] Got request: GET /ndt/get_graph_data
[2026-09-01 05:22:25.583] [info] [[94mHttpSession.cpp[0m:[95m531[0m [96mhandleGetGraphData[0m] Handle Get Graph Data
[2026-09-01 05:22:25.601] [info] [[94mHttpSession.cpp[0m:[95m576[0m [96mhandleGetGraphData[0m] get_graph_data success
[2026-09-01 05:22:25.834] [info] [[94mControllerAndOtherEventHandler.cpp[0m:[95m239[0m [96moperator()[0m] Accepted new connection
[2026-09-01 05:22:25.834] [info] [[94mHttpSession.cpp[0m:[95m96[0m [96mhandleRequest[0m] Got request: GET /ndt/get_graph_data
[2026-09-01 05:22:25.834] [info] [[94mHttpSession.cpp[0m:[95m531[0m [96mhandleGetGraphData[0m] Handle Get Graph Data
[2026-09-01 05:22:25.852] [info] [[94mHttpSession.cpp[0m:[95m576[0m [96mhandleGetGraphData[0m] get_graph_data success
[2026-09-01 05:22:26.083] [info] [[94mControllerAndOtherEventHandler.cpp[0m:[95m239[0m [96moperator()[0m] Accepted new connection
[2026-09-01 05:22:26.083] [info] [[94mHttpSession.cpp[0m:[95m96[0m [96mhandleRequest[0m] Got request: GET /ndt/get_graph_data
[2026-09-01 05:22:26.083] [info] [[94mHttpSession.cpp[0m:[95m531[0m [96mhandleGetGraphData[0m] Handle Get Graph Data
[2026-09-01 05:22:26.101] [info] [[94mHttpSession.cpp[0m:[95m576[0m [96mhandleGetGraphData[0m] get_graph_data success
[2026-09-01 05:22:26.334] [info] [[94mControllerAndOtherEventHandler.cpp[0m:[95m239[0m [96moperator()[0m] Accepted new connection
[2026-09-01 05:22:26.334] [info] [[94mHttpSession.cpp[0m:[95m96[0m [96mhandleRequest[0m] Got request: GET /ndt/get_graph_data
[2026-09-01 05:22:26.334] [info] [[94mHttpSession.cpp[0m:[95m531[0m [96mhandleGetGraphData[0m] Handle Get Graph Data
[2026-09-01 05:22:26.348] [info] [[94mHttpSession.cpp[0m:[95m576[0m [96mhandleGetGraphData[0m] get_graph_data success
[2026-09-01 05:22:26.583] [info] [[94mControllerAndOtherEventHandler.cpp[0m:[95m239[0m [96moperator()[0m] Accepted new connection
[2026-09-01 05:22:26.583] [info] [[94mHttpSession.cpp[0m:[95m96[0m [96mhandleRequest[0m] Got request: GET /ndt/get_graph_data
[2026-09-01 05:22:26.584] [info] [[94mHttpSession.cpp[0m:[95m531[0m [96mhandleGetGraphData[0m] Handle Get Graph Data
[2026-09-01 05:22:26.602] [info] [[94mHttpSession.cpp[0m:[95m576[0m [96mhandleGetGraphData[0m] get_graph_data success
[2026-09-01 05:22:26.834] [info] [[94mControllerAndOtherEventHandler.cpp[0m:[95m239[0m [96moperator()[0m] Accepted new connection
[2026-09-01 05:22:26.834] [info] [[94mHttpSession.cpp[0m:[95m96[0m [96mhandleRequest[0m] Got request: GET /ndt/get_graph_data
[2026-09-01 05:22:26.834] [info] [[94mHttpSession.cpp[0m:[95m531[0m [96mhandleGetGraphData[0m] Handle Get Graph Data
[2026-09-01 05:22:26.849] [info] [[94mHttpSession.cpp[0m:[95m576[0m [96mhandleGetGraphData[0m] get_graph_data success
[2026-09-01 05:22:27.083] [info] [[94mControllerAndOtherEventHandler.cpp[0m:[95m239[0m [96moperator()[0m] Accepted new connection
[2026-09-01 05:22:27.083] [info] [[94mHttpSession.cpp[0m:[95m96[0m [96mhandleRequest[0m] Got request: GET /ndt/get_graph_data
[2026-09-01 05:22:27.083] [info] [[94mHttpSession.cpp[0m:[95m531[0m [96mhandleGetGraphData[0m] Handle Get Graph Data
[2026-09-01 05:22:27.097] [info] [[94mHttpSession.cpp[0m:[95m576[0m [96mhandleGetGraphData[0m] get_graph_data success
[2026-09-01 05:22:27.334] [info] [[94mControllerAndOtherEventHandler.cpp[0m:[95m239[0m [96moperator()[0m] Accepted new connection
[2026-09-01 05:22:27.334] [info] [[94mHttpSession.cpp[0m:[95m96[0m [96mhandleRequest[0m] Got request: GET /ndt/get_graph_data
[2026-09-01 05:22:27.334] [info] [[94mHttpSession.cpp[0m:[95m531[0m [96mhandleGetGraphData[0m] Handle Get Graph Data
[2026-09-01 05:22:27.346] [info] [[94mHttpSession.cpp[0m:[95m576[0m [96mhandleGetGraphData[0m] get_graph_data success
[2026-09-01 05:22:27.583] [info] [[94mControllerAndOtherEventHandler.cpp[0m:[95m239[0m [96moperator()[0m] Accepted new connection
[2026-09-01 05:22:27.583] [info] [[94mHttpSession.cpp[0m:[95m96[0m [96mhandleRequest[0m] Got request: GET /ndt/get_graph_data
[2026-09-01 05:22:27.583] [info] [[94mHttpSession.cpp[0m:[95m531[0m [96mhandleGetGraphData[0m] Handle Get Graph Data
[2026-09-01 05:22:27.596] [info] [[94mHttpSession.cpp[0m:[95m576[0m [96mhandleGetGraphData[0m] get_graph_data success
[2026-09-01 05:22:27.834] [info] [[94mControllerAndOtherEventHandler.cpp[0m:[95m239[0m [96moperator()[0m] Accepted new connection
[2026-09-01 05:22:27.834] [info] [[94mHttpSession.cpp[0m:[95m96[0m [96mhandleRequest[0m] Got request: GET /ndt/get_graph_data
[2026-09-01 05:22:27.834] [info] [[94mHttpSession.cpp[0m:[95m531[0m [96mhandleGetGraphData[0m] Handle Get Graph Data
[2026-09-01 05:22:27.853] [info] [[94mHttpSession.cpp[0m:[95m576[0m [96mhandleGetGraphData[0m] get_graph_data success
[2026-09-01 05:22:28.084] [info] [[94mControllerAndOtherEventHandler.cpp[0m:[95m239[0m [96moperator()[0m] Accepted new connection
[2026-09-01 05:22:28.085] [info] [[94mHttpSession.cpp[0m:[95m96[0m [96mhandleRequest[0m] Got request: GET /ndt/get_graph_data
[2026-09-01 05:22:28.085] [info] [[94mHttpSession.cpp[0m:[95m531[0m [96mhandleGetGraphData[0m] Handle Get Graph Data
[2026-09-01 05:22:28.103] [info] [[94mHttpSession.cpp[0m:[95m576[0m [96mhandleGetGraphData[0m] get_graph_data success
[2026-09-01 05:22:28.334] [info] [[94mControllerAndOtherEventHandler.cpp[0m:[95m239[0m [96moperator()[0m] Accepted new connection
[2026-09-01 05:22:28.334] [info] [[94mHttpSession.cpp[0m:[95m96[0m [96mhandleRequest[0m] Got request: GET /ndt/get_graph_data
[2026-09-01 05:22:28.334] [info] [[94mHttpSession.cpp[0m:[95m531[0m [96mhandleGetGraphData[0m] Handle Get Graph Data
[2026-09-01 05:22:28.352] [info] [[94mHttpSession.cpp[0m:[95m576[0m [96mhandleGetGraphData[0m] get_graph_data success
[2026-09-01 05:22:28.585] [info] [[94mControllerAndOtherEventHandler.cpp[0m:[95m239[0m [96moperator()[0m] Accepted new connection
[2026-09-01 05:22:28.585] [info] [[94mHttpSession.cpp[0m:[95m96[0m [96mhandleRequest[0m] Got request: GET /ndt/get_graph_data
[2026-09-01 05:22:28.585] [info] [[94mHttpSession.cpp[0m:[95m531[0m [96mhandleGetGraphData[0m] Handle Get Graph Data
[2026-09-01 05:22:28.600] [info] [[94mHttpSession.cpp[0m:[95m576[0m [96mhandleGetGraphData[0m] get_graph_data success
[2026-09-01 05:22:28.834] [info] [[94mControllerAndOtherEventHandler.cpp[0m:[95m239[0m [96moperator()[0m] Accepted new connection
[2026-09-01 05:22:28.835] [info] [[94mHttpSession.cpp[0m:[95m96[0m [96mhandleRequest[0m] Got request: GET /ndt/get_graph_data
[2026-09-01 05:22:28.835] [info] [[94mHttpSession.cpp[0m:[95m531[0m [96mhandleGetGraphData[0m] Handle Get Graph Data
[2026-09-01 05:22:28.853] [info] [[94mHttpSession.cpp[0m:[95m576[0m [96mhandleGetGraphData[0m] get_graph_data success
[2026-09-01 05:22:29.085] [info] [[94mControllerAndOtherEventHandler.cpp[0m:[95m239[0m [96moperator()[0m] Accepted new connection
[2026-09-01 05:22:29.085] [info] [[94mHttpSession.cpp[0m:[95m96[0m [96mhandleRequest[0m] Got request: GET /ndt/get_graph_data
[2026-09-01 05:22:29.085] [info] [[94mHttpSession.cpp[0m:[95m531[0m [96mhandleGetGraphData[0m] Handle Get Graph Data
[2026-09-01 05:22:29.102] [info] [[94mHttpSession.cpp[0m:[95m576[0m [96mhandleGetGraphData[0m] get_graph_data success
[2026-09-01 05:22:29.334] [info] [[94mControllerAndOtherEventHandler.cpp[0m:[95m239[0m [96moperator()[0m] Accepted new connection
[2026-09-01 05:22:29.334] [info] [[94mHttpSession.cpp[0m:[95m96[0m [96mhandleRequest[0m] Got request: GET /ndt/get_graph_data
[2026-09-01 05:22:29.334] [info] [[94mHttpSession.cpp[0m:[95m531[0m [96mhandleGetGraphData[0m] Handle Get Graph Data
[2026-09-01 05:22:29.353] [info] [[94mHttpSession.cpp[0m:[95m576[0m [96mhandleGetGraphData[0m] get_graph_data success
[2026-09-01 05:22:29.585] [info] [[94mControllerAndOtherEventHandler.cpp[0m:[95m239[0m [96moperator()[0m] Accepted new connection
[2026-09-01 05:22:29.585] [info] [[94mHttpSession.cpp[0m:[95m96[0m [96mhandleRequest[0m] Got request: GET /ndt/get_graph_data
[2026-09-01 05:22:29.585] [info] [[94mHttpSession.cpp[0m:[95m531[0m [96mhandleGetGraphData[0m] Handle Get Graph Data
[2026-09-01 05:22:29.601] [info] [[94mHttpSession.cpp[0m:[95m576[0m [96mhandleGetGraphData[0m] get_graph_data success
[2026-09-01 05:22:29.835] [info] [[94mControllerAndOtherEventHandler.cpp[0m:[95m239[0m [96moperator()[0m] Accepted new connection
[2026-09-01 05:22:29.835] [info] [[94mHttpSession.cpp[0m:[95m96[0m [96mhandleRequest[0m] Got request: GET /ndt/get_graph_data
[2026-09-01 05:22:29.835] [info] [[94mHttpSession.cpp[0m:[95m531[0m [96mhandleGetGraphData[0m] Handle Get Graph Data
[2026-09-01 05:22:29.846] [info] [[94mHttpSession.cpp[0m:[95m576[0m [96mhandleGetGraphData[0m] get_graph_data success
[2026-09-01 05:22:30.085] [info] [[94mControllerAndOtherEventHandler.cpp[0m:[95m239[0m [96moperator()[0m] Accepted new connection
[2026-09-01 05:22:30.085] [info] [[94mHttpSession.cpp[0m:[95m96[0m [96mhandleRequest[0m] Got request: GET /ndt/get_graph_data
[2026-09-01 05:22:30.085] [info] [[94mHttpSession.cpp[0m:[95m531[0m [96mhandleGetGraphData[0m] Handle Get Graph Data
[2026-09-01 05:22:30.102] [info] [[94mHttpSession.cpp[0m:[95m576[0m [96mhandleGetGraphData[0m] get_graph_data success
[2026-09-01 05:22:30.335] [info] [[94mControllerAndOtherEventHandler.cpp[0m:[95m239[0m [96moperator()[0m] Accepted new connection
[2026-09-01 05:22:30.335] [info] [[94mHttpSession.cpp[0m:[95m96[0m [96mhandleRequest[0m] Got request: GET /ndt/get_graph_data
[2026-09-01 05:22:30.335] [info] [[94mHttpSession.cpp[0m:[95m531[0m [96mhandleGetGraphData[0m] Handle Get Graph Data
[2026-09-01 05:22:30.354] [info] [[94mHttpSession.cpp[0m:[95m576[0m [96mhandleGetGraphData[0m] get_graph_data success
[2026-09-01 05:22:30.585] [info] [[94mControllerAndOtherEventHandler.cpp[0m:[95m239[0m [96moperator()[0m] Accepted new connection
[2026-09-01 05:22:30.585] [info] [[94mHttpSession.cpp[0m:[95m96[0m [96mhandleRequest[0m] Got request: GET /ndt/get_graph_data
[2026-09-01 05:22:30.585] [info] [[94mHttpSession.cpp[0m:[95m531[0m [96mhandleGetGraphData[0m] Handle Get Graph Data
[2026-09-01 05:22:30.604] [info] [[94mHttpSession.cpp[0m:[95m576[0m [96mhandleGetGraphData[0m] get_graph_data success
[2026-09-01 05:22:30.835] [info] [[94mControllerAndOtherEventHandler.cpp[0m:[95m239[0m [96moperator()[0m] Accepted new connection
[2026-09-01 05:22:30.836] [info] [[94mHttpSession.cpp[0m:[95m96[0m [96mhandleRequest[0m] Got request: GET /ndt/get_graph_data
[2026-09-01 05:22:30.836] [info] [[94mHttpSession.cpp[0m:[95m531[0m [96mhandleGetGraphData[0m] Handle Get Graph Data
[2026-09-01 05:22:30.854] [info] [[94mHttpSession.cpp[0m:[95m576[0m [96mhandleGetGraphData[0m] get_graph_data success
[2026-09-01 05:22:31.085] [info] [[94mControllerAndOtherEventHandler.cpp[0m:[95m239[0m [96moperator()[0m] Accepted new connection
[2026-09-01 05:22:31.086] [info] [[94mHttpSession.cpp[0m:[95m96[0m [96mhandleRequest[0m] Got request: GET /ndt/get_graph_data
[2026-09-01 05:22:31.086] [info] [[94mHttpSession.cpp[0m:[95m531[0m [96mhandleGetGraphData[0m] Handle Get Graph Data
[2026-09-01 05:22:31.104] [info] [[94mHttpSession.cpp[0m:[95m576[0m [96mhandleGetGraphData[0m] get_graph_data success
[2026-09-01 05:22:31.335] [info] [[94mControllerAndOtherEventHandler.cpp[0m:[95m239[0m [96moperator()[0m] Accepted new connection
[2026-09-01 05:22:31.335] [info] [[94mHttpSession.cpp[0m:[95m96[0m [96mhandleRequest[0m] Got request: GET /ndt/get_graph_data
[2026-09-01 05:22:31.335] [info] [[94mHttpSession.cpp[0m:[95m531[0m [96mhandleGetGraphData[0m] Handle Get Graph Data
[2026-09-01 05:22:31.350] [info] [[94mHttpSession.cpp[0m:[95m576[0m [96mhandleGetGraphData[0m] get_graph_data success
[2026-09-01 05:22:31.586] [info] [[94mControllerAndOtherEventHandler.cpp[0m:[95m239[0m [96moperator()[0m] Accepted new connection
[2026-09-01 05:22:31.586] [info] [[94mHttpSession.cpp[0m:[95m96[0m [96mhandleRequest[0m] Got request: GET /ndt/get_graph_data
[2026-09-01 05:22:31.586] [info] [[94mHttpSession.cpp[0m:[95m531[0m [96mhandleGetGraphData[0m] Handle Get Graph Data
[2026-09-01 05:22:31.604] [info] [[94mHttpSession.cpp[0m:[95m576[0m [96mhandleGetGraphData[0m] get_graph_data success
[2026-09-01 05:22:31.836] [info] [[94mControllerAndOtherEventHandler.cpp[0m:[95m239[0m [96moperator()[0m] Accepted new connection
[2026-09-01 05:22:31.836] [info] [[94mHttpSession.cpp[0m:[95m96[0m [96mhandleRequest[0m] Got request: GET /ndt/get_graph_data
[2026-09-01 05:22:31.836] [info] [[94mHttpSession.cpp[0m:[95m531[0m [96mhandleGetGraphData[0m] Handle Get Graph Data
[2026-09-01 05:22:31.855] [info] [[94mHttpSession.cpp[0m:[95m576[0m [96mhandleGetGraphData[0m] get_graph_data success
[2026-09-01 05:22:32.086] [info] [[94mControllerAndOtherEventHandler.cpp[0m:[95m239[0m [96moperator()[0m] Accepted new connection
[2026-09-01 05:22:32.086] [info] [[94mHttpSession.cpp[0m:[95m96[0m [96mhandleRequest[0m] Got request: GET /ndt/get_graph_data
[2026-09-01 05:22:32.086] [info] [[94mHttpSession.cpp[0m:[95m531[0m [96mhandleGetGraphData[0m] Handle Get Graph Data
[2026-09-01 05:22:32.104] [info] [[94mHttpSession.cpp[0m:[95m576[0m [96mhandleGetGraphData[0m] get_graph_data success
[2026-09-01 05:22:32.336] [info] [[94mControllerAndOtherEventHandler.cpp[0m:[95m239[0m [96moperator()[0m] Accepted new connection
[2026-09-01 05:22:32.336] [info] [[94mHttpSession.cpp[0m:[95m96[0m [96mhandleRequest[0m] Got request: GET /ndt/get_graph_data
[2026-09-01 05:22:32.336] [info] [[94mHttpSession.cpp[0m:[95m531[0m [96mhandleGetGraphData[0m] Handle Get Graph Data
[2026-09-01 05:22:32.355] [info] [[94mHttpSession.cpp[0m:[95m576[0m [96mhandleGetGraphData[0m] get_graph_data success
[2026-09-01 05:22:32.585] [info] [[94mControllerAndOtherEventHandler.cpp[0m:[95m239[0m [96moperator()[0m] Accepted new connection
[2026-09-01 05:22:32.585] [info] [[94mHttpSession.cpp[0m:[95m96[0m [96mhandleRequest[0m] Got request: GET /ndt/get_graph_data
[2026-09-01 05:22:32.585] [info] [[94mHttpSession.cpp[0m:[95m531[0m [96mhandleGetGraphData[0m] Handle Get Graph Data
[2026-09-01 05:22:32.601] [info] [[94mHttpSession.cpp[0m:[95m576[0m [96mhandleGetGraphData[0m] get_graph_data success
[2026-09-01 05:22:32.835] [info] [[94mControllerAndOtherEventHandler.cpp[0m:[95m239[0m [96moperator()[0m] Accepted new connection
[2026-09-01 05:22:32.836] [info] [[94mHttpSession.cpp[0m:[95m96[0m [96mhandleRequest[0m] Got request: GET /ndt/get_graph_data
[2026-09-01 05:22:32.836] [info] [[94mHttpSession.cpp[0m:[95m531[0m [96mhandleGetGraphData[0m] Handle Get Graph Data
[2026-09-01 05:22:32.848] [info] [[94mHttpSession.cpp[0m:[95m576[0m [96mhandleGetGraphData[0m] get_graph_data success
[2026-09-01 05:22:33.086] [info] [[94mControllerAndOtherEventHandler.cpp[0m:[95m239[0m [96moperator()[0m] Accepted new connection
[2026-09-01 05:22:33.086] [info] [[94mHttpSession.cpp[0m:[95m96[0m [96mhandleRequest[0m] Got request: GET /ndt/get_graph_data
[2026-09-01 05:22:33.086] [info] [[94mHttpSession.cpp[0m:[95m531[0m [96mhandleGetGraphData[0m] Handle Get Graph Data
[2026-09-01 05:22:33.105] [info] [[94mHttpSession.cpp[0m:[95m576[0m [96mhandleGetGraphData[0m] get_graph_data success
[2026-09-01 05:22:33.336] [info] [[94mControllerAndOtherEventHandler.cpp[0m:[95m239[0m [96moperator()[0m] Accepted new connection
[2026-09-01 05:22:33.336] [info] [[94mHttpSession.cpp[0m:[95m96[0m [96mhandleRequest[0m] Got request: GET /ndt/get_graph_data
[2026-09-01 05:22:33.336] [info] [[94mHttpSession.cpp[0m:[95m531[0m [96mhandleGetGraphData[0m] Handle Get Graph Data
[2026-09-01 05:22:33.349] [info] [[94mHttpSession.cpp[0m:[95m576[0m [96mhandleGetGraphData[0m] get_graph_data success
[2026-09-01 05:22:33.586] [info] [[94mControllerAndOtherEventHandler.cpp[0m:[95m239[0m [96moperator()[0m] Accepted new connection
[2026-09-01 05:22:33.586] [info] [[94mHttpSession.cpp[0m:[95m96[0m [96mhandleRequest[0m] Got request: GET /ndt/get_graph_data
[2026-09-01 05:22:33.586] [info] [[94mHttpSession.cpp[0m:[95m531[0m [96mhandleGetGraphData[0m] Handle Get Graph Data
[2026-09-01 05:22:33.599] [info] [[94mHttpSession.cpp[0m:[95m576[0m [96mhandleGetGraphData[0m] get_graph_data success
[2026-09-01 05:22:33.836] [info] [[94mControllerAndOtherEventHandler.cpp[0m:[95m239[0m [96moperator()[0m] Accepted new connection
[2026-09-01 05:22:33.837] [info] [[94mHttpSession.cpp[0m:[95m96[0m [96mhandleRequest[0m] Got request: GET /ndt/get_graph_data
[2026-09-01 05:22:33.837] [info] [[94mHttpSession.cpp[0m:[95m531[0m [96mhandleGetGraphData[0m] Handle Get Graph Data
[2026-09-01 05:22:33.855] [info] [[94mHttpSession.cpp[0m:[95m576[0m [96mhandleGetGraphData[0m] get_graph_data success
[2026-09-01 05:22:34.086] [info] [[94mControllerAndOtherEventHandler.cpp[0m:[95m239[0m [96moperator()[0m] Accepted new connection
[2026-09-01 05:22:34.086] [info] [[94mHttpSession.cpp[0m:[95m96[0m [96mhandleRequest[0m] Got request: GET /ndt/get_graph_data
[2026-09-01 05:22:34.086] [info] [[94mHttpSession.cpp[0m:[95m531[0m [96mhandleGetGraphData[0m] Handle Get Graph Data
[2026-09-01 05:22:34.105] [info] [[94mHttpSession.cpp[0m:[95m576[0m [96mhandleGetGraphData[0m] get_graph_data success
[2026-09-01 05:22:34.336] [info] [[94mControllerAndOtherEventHandler.cpp[0m:[95m239[0m [96moperator()[0m] Accepted new connection
[2026-09-01 05:22:34.336] [info] [[94mHttpSession.cpp[0m:[95m96[0m [96mhandleRequest[0m] Got request: GET /ndt/get_graph_data
[2026-09-01 05:22:34.336] [info] [[94mHttpSession.cpp[0m:[95m531[0m [96mhandleGetGraphData[0m] Handle Get Graph Data
[2026-09-01 05:22:34.354] [info] [[94mHttpSession.cpp[0m:[95m576[0m [96mhandleGetGraphData[0m] get_graph_data success
[2026-09-01 05:22:34.587] [info] [[94mControllerAndOtherEventHandler.cpp[0m:[95m239[0m [96moperator()[0m] Accepted new connection
[2026-09-01 05:22:34.587] [info] [[94mHttpSession.cpp[0m:[95m96[0m [96mhandleRequest[0m] Got request: GET /ndt/get_graph_data
[2026-09-01 05:22:34.587] [info] [[94mHttpSession.cpp[0m:[95m531[0m [96mhandleGetGraphData[0m] Handle Get Graph Data
[2026-09-01 05:22:34.603] [info] [[94mHttpSession.cpp[0m:[95m576[0m [96mhandleGetGraphData[0m] get_graph_data success
[2026-09-01 05:22:34.836] [info] [[94mControllerAndOtherEventHandler.cpp[0m:[95m239[0m [96moperator()[0m] Accepted new connection
[2026-09-01 05:22:34.836] [info] [[94mHttpSession.cpp[0m:[95m96[0m [96mhandleRequest[0m] Got request: GET /ndt/get_graph_data
[2026-09-01 05:22:34.836] [info] [[94mHttpSession.cpp[0m:[95m531[0m [96mhandleGetGraphData[0m] Handle Get Graph Data
[2026-09-01 05:22:34.848] [info] [[94mHttpSession.cpp[0m:[95m576[0m [96mhandleGetGraphData[0m] get_graph_data success
[2026-09-01 05:22:35.086] [info] [[94mControllerAndOtherEventHandler.cpp[0m:[95m239[0m [96moperator()[0m] Accepted new connection
[2026-09-01 05:22:35.086] [info] [[94mHttpSession.cpp[0m:[95m96[0m [96mhandleRequest[0m] Got request: GET /ndt/get_graph_data
[2026-09-01 05:22:35.086] [info] [[94mHttpSession.cpp[0m:[95m531[0m [96mhandleGetGraphData[0m] Handle Get Graph Data
[2026-09-01 05:22:35.105] [info] [[94mHttpSession.cpp[0m:[95m576[0m [96mhandleGetGraphData[0m] get_graph_data success
[2026-09-01 05:22:35.336] [info] [[94mFlowLinkUsageCollector.cpp[0m:[95m2558[0m [96mfetchAllDestinationPaths[0m] Pulled 16256 paths from controller
[2026-09-01 05:22:35.337] [info] [[94mControllerAndOtherEventHandler.cpp[0m:[95m239[0m [96moperator()[0m] Accepted new connection
[2026-09-01 05:22:35.337] [info] [[94mHttpSession.cpp[0m:[95m96[0m [96mhandleRequest[0m] Got request: GET /ndt/get_graph_data
[2026-09-01 05:22:35.337] [info] [[94mHttpSession.cpp[0m:[95m531[0m [96mhandleGetGraphData[0m] Handle Get Graph Data
[2026-09-01 05:22:35.356] [info] [[94mHttpSession.cpp[0m:[95m576[0m [96mhandleGetGraphData[0m] get_graph_data success
[2026-09-01 05:22:35.587] [info] [[94mControllerAndOtherEventHandler.cpp[0m:[95m239[0m [96moperator()[0m] Accepted new connection
[2026-09-01 05:22:35.587] [info] [[94mHttpSession.cpp[0m:[95m96[0m [96mhandleRequest[0m] Got request: GET /ndt/get_graph_data
[2026-09-01 05:22:35.587] [info] [[94mHttpSession.cpp[0m:[95m531[0m [96mhandleGetGraphData[0m] Handle Get Graph Data
[2026-09-01 05:22:35.606] [info] [[94mHttpSession.cpp[0m:[95m576[0m [96mhandleGetGraphData[0m] get_graph_data success
[2026-09-01 05:22:35.837] [info] [[94mControllerAndOtherEventHandler.cpp[0m:[95m239[0m [96moperator()[0m] Accepted new connection
[2026-09-01 05:22:35.837] [info] [[94mHttpSession.cpp[0m:[95m96[0m [96mhandleRequest[0m] Got request: GET /ndt/get_graph_data
[2026-09-01 05:22:35.837] [info] [[94mHttpSession.cpp[0m:[95m531[0m [96mhandleGetGraphData[0m] Handle Get Graph Data
[2026-09-01 05:22:35.856] [info] [[94mHttpSession.cpp[0m:[95m576[0m [96mhandleGetGraphData[0m] get_graph_data success
[2026-09-01 05:22:36.087] [info] [[94mControllerAndOtherEventHandler.cpp[0m:[95m239[0m [96moperator()[0m] Accepted new connection
[2026-09-01 05:22:36.088] [info] [[94mHttpSession.cpp[0m:[95m96[0m [96mhandleRequest[0m] Got request: GET /ndt/get_graph_data
[2026-09-01 05:22:36.088] [info] [[94mHttpSession.cpp[0m:[95m531[0m [96mhandleGetGraphData[0m] Handle Get Graph Data
[2026-09-01 05:22:36.106] [info] [[94mHttpSession.cpp[0m:[95m576[0m [96mhandleGetGraphData[0m] get_graph_data success
[2026-09-01 05:22:36.337] [info] [[94mControllerAndOtherEventHandler.cpp[0m:[95m239[0m [96moperator()[0m] Accepted new connection
[2026-09-01 05:22:36.337] [info] [[94mHttpSession.cpp[0m:[95m96[0m [96mhandleRequest[0m] Got request: GET /ndt/get_graph_data
[2026-09-01 05:22:36.337] [info] [[94mHttpSession.cpp[0m:[95m531[0m [96mhandleGetGraphData[0m] Handle Get Graph Data
[2026-09-01 05:22:36.355] [info] [[94mHttpSession.cpp[0m:[95m576[0m [96mhandleGetGraphData[0m] get_graph_data success
[2026-09-01 05:22:36.587] [info] [[94mControllerAndOtherEventHandler.cpp[0m:[95m239[0m [96moperator()[0m] Accepted new connection
[2026-09-01 05:22:36.587] [info] [[94mHttpSession.cpp[0m:[95m96[0m [96mhandleRequest[0m] Got request: GET /ndt/get_graph_data
[2026-09-01 05:22:36.587] [info] [[94mHttpSession.cpp[0m:[95m531[0m [96mhandleGetGraphData[0m] Handle Get Graph Data
[2026-09-01 05:22:36.605] [info] [[94mHttpSession.cpp[0m:[95m576[0m [96mhandleGetGraphData[0m] get_graph_data success
[2026-09-01 05:22:36.838] [info] [[94mControllerAndOtherEventHandler.cpp[0m:[95m239[0m [96moperator()[0m] Accepted new connection
[2026-09-01 05:22:36.838] [info] [[94mHttpSession.cpp[0m:[95m96[0m [96mhandleRequest[0m] Got request: GET /ndt/get_graph_data
[2026-09-01 05:22:36.838] [info] [[94mHttpSession.cpp[0m:[95m531[0m [96mhandleGetGraphData[0m] Handle Get Graph Data
[2026-09-01 05:22:36.853] [info] [[94mHttpSession.cpp[0m:[95m576[0m [96mhandleGetGraphData[0m] get_graph_data success
[2026-09-01 05:22:37.087] [info] [[94mControllerAndOtherEventHandler.cpp[0m:[95m239[0m [96moperator()[0m] Accepted new connection
[2026-09-01 05:22:37.087] [info] [[94mHttpSession.cpp[0m:[95m96[0m [96mhandleRequest[0m] Got request: GET /ndt/get_graph_data
[2026-09-01 05:22:37.087] [info] [[94mHttpSession.cpp[0m:[95m531[0m [96mhandleGetGraphData[0m] Handle Get Graph Data
[2026-09-01 05:22:37.099] [info] [[94mHttpSession.cpp[0m:[95m576[0m [96mhandleGetGraphData[0m] get_graph_data success
[2026-09-01 05:22:37.338] [info] [[94mControllerAndOtherEventHandler.cpp[0m:[95m239[0m [96moperator()[0m] Accepted new connection
[2026-09-01 05:22:37.338] [info] [[94mHttpSession.cpp[0m:[95m96[0m [96mhandleRequest[0m] Got request: GET /ndt/get_graph_data
[2026-09-01 05:22:37.338] [info] [[94mHttpSession.cpp[0m:[95m531[0m [96mhandleGetGraphData[0m] Handle Get Graph Data
[2026-09-01 05:22:37.356] [info] [[94mHttpSession.cpp[0m:[95m576[0m [96mhandleGetGraphData[0m] get_graph_data success
[2026-09-01 05:22:37.587] [info] [[94mControllerAndOtherEventHandler.cpp[0m:[95m239[0m [96moperator()[0m] Accepted new connection
[2026-09-01 05:22:37.587] [info] [[94mHttpSession.cpp[0m:[95m96[0m [96mhandleRequest[0m] Got request: GET /ndt/get_graph_data
[2026-09-01 05:22:37.587] [info] [[94mHttpSession.cpp[0m:[95m531[0m [96mhandleGetGraphData[0m] Handle Get Graph Data
[2026-09-01 05:22:37.604] [info] [[94mHttpSession.cpp[0m:[95m576[0m [96mhandleGetGraphData[0m] get_graph_data success
[2026-09-01 05:22:37.838] [info] [[94mControllerAndOtherEventHandler.cpp[0m:[95m239[0m [96moperator()[0m] Accepted new connection
[2026-09-01 05:22:37.838] [info] [[94mHttpSession.cpp[0m:[95m96[0m [96mhandleRequest[0m] Got request: GET /ndt/get_graph_data
[2026-09-01 05:22:37.838] [info] [[94mHttpSession.cpp[0m:[95m531[0m [96mhandleGetGraphData[0m] Handle Get Graph Data
[2026-09-01 05:22:37.856] [info] [[94mHttpSession.cpp[0m:[95m576[0m [96mhandleGetGraphData[0m] get_graph_data success
[2026-09-01 05:22:38.087] [info] [[94mControllerAndOtherEventHandler.cpp[0m:[95m239[0m [96moperator()[0m] Accepted new connection
[2026-09-01 05:22:38.087] [info] [[94mHttpSession.cpp[0m:[95m96[0m [96mhandleRequest[0m] Got request: GET /ndt/get_graph_data
[2026-09-01 05:22:38.087] [info] [[94mHttpSession.cpp[0m:[95m531[0m [96mhandleGetGraphData[0m] Handle Get Graph Data
[2026-09-01 05:22:38.106] [info] [[94mHttpSession.cpp[0m:[95m576[0m [96mhandleGetGraphData[0m] get_graph_data success
[2026-09-01 05:22:38.338] [info] [[94mControllerAndOtherEventHandler.cpp[0m:[95m239[0m [96moperator()[0m] Accepted new connection
[2026-09-01 05:22:38.338] [info] [[94mHttpSession.cpp[0m:[95m96[0m [96mhandleRequest[0m] Got request: GET /ndt/get_graph_data
[2026-09-01 05:22:38.338] [info] [[94mHttpSession.cpp[0m:[95m531[0m [96mhandleGetGraphData[0m] Handle Get Graph Data
[2026-09-01 05:22:38.357] [info] [[94mHttpSession.cpp[0m:[95m576[0m [96mhandleGetGraphData[0m] get_graph_data success
[2026-09-01 05:22:38.588] [info] [[94mControllerAndOtherEventHandler.cpp[0m:[95m239[0m [96moperator()[0m] Accepted new connection
[2026-09-01 05:22:38.588] [info] [[94mHttpSession.cpp[0m:[95m96[0m [96mhandleRequest[0m] Got request: GET /ndt/get_graph_data
[2026-09-01 05:22:38.588] [info] [[94mHttpSession.cpp[0m:[95m531[0m [96mhandleGetGraphData[0m] Handle Get Graph Data
[2026-09-01 05:22:38.605] [info] [[94mHttpSession.cpp[0m:[95m576[0m [96mhandleGetGraphData[0m] get_graph_data success
[2026-09-01 05:22:38.838] [info] [[94mControllerAndOtherEventHandler.cpp[0m:[95m239[0m [96moperator()[0m] Accepted new connection
[2026-09-01 05:22:38.838] [info] [[94mHttpSession.cpp[0m:[95m96[0m [96mhandleRequest[0m] Got request: GET /ndt/get_graph_data
[2026-09-01 05:22:38.838] [info] [[94mHttpSession.cpp[0m:[95m531[0m [96mhandleGetGraphData[0m] Handle Get Graph Data
[2026-09-01 05:22:38.855] [info] [[94mHttpSession.cpp[0m:[95m576[0m [96mhandleGetGraphData[0m] get_graph_data success
[2026-09-01 05:22:39.088] [info] [[94mControllerAndOtherEventHandler.cpp[0m:[95m239[0m [96moperator()[0m] Accepted new connection
[2026-09-01 05:22:39.088] [info] [[94mHttpSession.cpp[0m:[95m96[0m [96mhandleRequest[0m] Got request: GET /ndt/get_graph_data
[2026-09-01 05:22:39.088] [info] [[94mHttpSession.cpp[0m:[95m531[0m [96mhandleGetGraphData[0m] Handle Get Graph Data
[2026-09-01 05:22:39.105] [info] [[94mHttpSession.cpp[0m:[95m576[0m [96mhandleGetGraphData[0m] get_graph_data success
[2026-09-01 05:22:39.338] [info] [[94mControllerAndOtherEventHandler.cpp[0m:[95m239[0m [96moperator()[0m] Accepted new connection
[2026-09-01 05:22:39.339] [info] [[94mHttpSession.cpp[0m:[95m96[0m [96mhandleRequest[0m] Got request: GET /ndt/get_graph_data
[2026-09-01 05:22:39.339] [info] [[94mHttpSession.cpp[0m:[95m531[0m [96mhandleGetGraphData[0m] Handle Get Graph Data
[2026-09-01 05:22:39.357] [info] [[94mHttpSession.cpp[0m:[95m576[0m [96mhandleGetGraphData[0m] get_graph_data success
[2026-09-01 05:22:39.588] [info] [[94mControllerAndOtherEventHandler.cpp[0m:[95m239[0m [96moperator()[0m] Accepted new connection
[2026-09-01 05:22:39.589] [info] [[94mHttpSession.cpp[0m:[95m96[0m [96mhandleRequest[0m] Got request: GET /ndt/get_graph_data
[2026-09-01 05:22:39.589] [info] [[94mHttpSession.cpp[0m:[95m531[0m [96mhandleGetGraphData[0m] Handle Get Graph Data
[2026-09-01 05:22:39.606] [info] [[94mHttpSession.cpp[0m:[95m576[0m [96mhandleGetGraphData[0m] get_graph_data success
[2026-09-01 05:22:39.838] [info] [[94mControllerAndOtherEventHandler.cpp[0m:[95m239[0m [96moperator()[0m] Accepted new connection
[2026-09-01 05:22:39.838] [info] [[94mHttpSession.cpp[0m:[95m96[0m [96mhandleRequest[0m] Got request: GET /ndt/get_graph_data
[2026-09-01 05:22:39.838] [info] [[94mHttpSession.cpp[0m:[95m531[0m [96mhandleGetGraphData[0m] Handle Get Graph Data
[2026-09-01 05:22:39.857] [info] [[94mHttpSession.cpp[0m:[95m576[0m [96mhandleGetGraphData[0m] get_graph_data success
[2026-09-01 05:22:40.089] [info] [[94mControllerAndOtherEventHandler.cpp[0m:[95m239[0m [96moperator()[0m] Accepted new connection
[2026-09-01 05:22:40.089] [info] [[94mHttpSession.cpp[0m:[95m96[0m [96mhandleRequest[0m] Got request: GET /ndt/get_graph_data
[2026-09-01 05:22:40.089] [info] [[94mHttpSession.cpp[0m:[95m531[0m [96mhandleGetGraphData[0m] Handle Get Graph Data
[2026-09-01 05:22:40.108] [info] [[94mHttpSession.cpp[0m:[95m576[0m [96mhandleGetGraphData[0m] get_graph_data success
[2026-09-01 05:22:40.339] [info] [[94mControllerAndOtherEventHandler.cpp[0m:[95m239[0m [96moperator()[0m] Accepted new connection
[2026-09-01 05:22:40.339] [info] [[94mHttpSession.cpp[0m:[95m96[0m [96mhandleRequest[0m] Got request: GET /ndt/get_graph_data
[2026-09-01 05:22:40.339] [info] [[94mHttpSession.cpp[0m:[95m531[0m [96mhandleGetGraphData[0m] Handle Get Graph Data
[2026-09-01 05:22:40.357] [info] [[94mHttpSession.cpp[0m:[95m576[0m [96mhandleGetGraphData[0m] get_graph_data success
[2026-09-01 05:22:40.588] [info] [[94mControllerAndOtherEventHandler.cpp[0m:[95m239[0m [96moperator()[0m] Accepted new connection
[2026-09-01 05:22:40.589] [info] [[94mHttpSession.cpp[0m:[95m96[0m [96mhandleRequest[0m] Got request: GET /ndt/get_graph_data
[2026-09-01 05:22:40.589] [info] [[94mHttpSession.cpp[0m:[95m531[0m [96mhandleGetGraphData[0m] Handle Get Graph Data
[2026-09-01 05:22:40.608] [info] [[94mHttpSession.cpp[0m:[95m576[0m [96mhandleGetGraphData[0m] get_graph_data success
[2026-09-01 05:22:40.839] [info] [[94mControllerAndOtherEventHandler.cpp[0m:[95m239[0m [96moperator()[0m] Accepted new connection
[2026-09-01 05:22:40.839] [info] [[94mHttpSession.cpp[0m:[95m96[0m [96mhandleRequest[0m] Got request: GET /ndt/get_graph_data
[2026-09-01 05:22:40.839] [info] [[94mHttpSession.cpp[0m:[95m531[0m [96mhandleGetGraphData[0m] Handle Get Graph Data
[2026-09-01 05:22:40.851] [info] [[94mHttpSession.cpp[0m:[95m576[0m [96mhandleGetGraphData[0m] get_graph_data success
[2026-09-01 05:22:41.089] [info] [[94mControllerAndOtherEventHandler.cpp[0m:[95m239[0m [96moperator()[0m] Accepted new connection
[2026-09-01 05:22:41.089] [info] [[94mHttpSession.cpp[0m:[95m96[0m [96mhandleRequest[0m] Got request: GET /ndt/get_graph_data
[2026-09-01 05:22:41.089] [info] [[94mHttpSession.cpp[0m:[95m531[0m [96mhandleGetGraphData[0m] Handle Get Graph Data
[2026-09-01 05:22:41.100] [info] [[94mHttpSession.cpp[0m:[95m576[0m [96mhandleGetGraphData[0m] get_graph_data success
[2026-09-01 05:22:41.338] [info] [[94mControllerAndOtherEventHandler.cpp[0m:[95m239[0m [96moperator()[0m] Accepted new connection
[2026-09-01 05:22:41.338] [info] [[94mHttpSession.cpp[0m:[95m96[0m [96mhandleRequest[0m] Got request: GET /ndt/get_graph_data
[2026-09-01 05:22:41.338] [info] [[94mHttpSession.cpp[0m:[95m531[0m [96mhandleGetGraphData[0m] Handle Get Graph Data
[2026-09-01 05:22:41.350] [info] [[94mHttpSession.cpp[0m:[95m576[0m [96mhandleGetGraphData[0m] get_graph_data success
[2026-09-01 05:22:41.588] [info] [[94mControllerAndOtherEventHandler.cpp[0m:[95m239[0m [96moperator()[0m] Accepted new connection
[2026-09-01 05:22:41.588] [info] [[94mHttpSession.cpp[0m:[95m96[0m [96mhandleRequest[0m] Got request: GET /ndt/get_graph_data
[2026-09-01 05:22:41.589] [info] [[94mHttpSession.cpp[0m:[95m531[0m [96mhandleGetGraphData[0m] Handle Get Graph Data
[2026-09-01 05:22:41.602] [info] [[94mHttpSession.cpp[0m:[95m576[0m [96mhandleGetGraphData[0m] get_graph_data success
[2026-09-01 05:22:41.839] [info] [[94mControllerAndOtherEventHandler.cpp[0m:[95m239[0m [96moperator()[0m] Accepted new connection
[2026-09-01 05:22:41.840] [info] [[94mHttpSession.cpp[0m:[95m96[0m [96mhandleRequest[0m] Got request: GET /ndt/get_graph_data
[2026-09-01 05:22:41.840] [info] [[94mHttpSession.cpp[0m:[95m531[0m [96mhandleGetGraphData[0m] Handle Get Graph Data
[2026-09-01 05:22:41.852] [info] [[94mHttpSession.cpp[0m:[95m576[0m [96mhandleGetGraphData[0m] get_graph_data success
[2026-09-01 05:22:42.089] [info] [[94mControllerAndOtherEventHandler.cpp[0m:[95m239[0m [96moperator()[0m] Accepted new connection
[2026-09-01 05:22:42.089] [info] [[94mHttpSession.cpp[0m:[95m96[0m [96mhandleRequest[0m] Got request: GET /ndt/get_graph_data
[2026-09-01 05:22:42.089] [info] [[94mHttpSession.cpp[0m:[95m531[0m [96mhandleGetGraphData[0m] Handle Get Graph Data
[2026-09-01 05:22:42.105] [info] [[94mHttpSession.cpp[0m:[95m576[0m [96mhandleGetGraphData[0m] get_graph_data success
[2026-09-01 05:22:42.338] [info] [[94mControllerAndOtherEventHandler.cpp[0m:[95m239[0m [96moperator()[0m] Accepted new connection
[2026-09-01 05:22:42.338] [info] [[94mHttpSession.cpp[0m:[95m96[0m [96mhandleRequest[0m] Got request: GET /ndt/get_graph_data
[2026-09-01 05:22:42.338] [info] [[94mHttpSession.cpp[0m:[95m531[0m [96mhandleGetGraphData[0m] Handle Get Graph Data
[2026-09-01 05:22:42.350] [info] [[94mHttpSession.cpp[0m:[95m576[0m [96mhandleGetGraphData[0m] get_graph_data success
[2026-09-01 05:22:42.589] [info] [[94mControllerAndOtherEventHandler.cpp[0m:[95m239[0m [96moperator()[0m] Accepted new connection
[2026-09-01 05:22:42.590] [info] [[94mHttpSession.cpp[0m:[95m96[0m [96mhandleRequest[0m] Got request: GET /ndt/get_graph_data
[2026-09-01 05:22:42.590] [info] [[94mHttpSession.cpp[0m:[95m531[0m [96mhandleGetGraphData[0m] Handle Get Graph Data
[2026-09-01 05:22:42.608] [info] [[94mHttpSession.cpp[0m:[95m576[0m [96mhandleGetGraphData[0m] get_graph_data success
[2026-09-01 05:22:42.840] [info] [[94mControllerAndOtherEventHandler.cpp[0m:[95m239[0m [96moperator()[0m] Accepted new connection
[2026-09-01 05:22:42.840] [info] [[94mHttpSession.cpp[0m:[95m96[0m [96mhandleRequest[0m] Got request: GET /ndt/get_graph_data
[2026-09-01 05:22:42.840] [info] [[94mHttpSession.cpp[0m:[95m531[0m [96mhandleGetGraphData[0m] Handle Get Graph Data
[2026-09-01 05:22:42.861] [info] [[94mHttpSession.cpp[0m:[95m576[0m [96mhandleGetGraphData[0m] get_graph_data success
[2026-09-01 05:22:43.090] [info] [[94mControllerAndOtherEventHandler.cpp[0m:[95m239[0m [96moperator()[0m] Accepted new connection
[2026-09-01 05:22:43.090] [info] [[94mHttpSession.cpp[0m:[95m96[0m [96mhandleRequest[0m] Got request: GET /ndt/get_graph_data
[2026-09-01 05:22:43.090] [info] [[94mHttpSession.cpp[0m:[95m531[0m [96mhandleGetGraphData[0m] Handle Get Graph Data
[2026-09-01 05:22:43.108] [info] [[94mHttpSession.cpp[0m:[95m576[0m [96mhandleGetGraphData[0m] get_graph_data success
[2026-09-01 05:22:43.340] [info] [[94mControllerAndOtherEventHandler.cpp[0m:[95m239[0m [96moperator()[0m] Accepted new connection
[2026-09-01 05:22:43.340] [info] [[94mHttpSession.cpp[0m:[95m96[0m [96mhandleRequest[0m] Got request: GET /ndt/get_graph_data
[2026-09-01 05:22:43.340] [info] [[94mHttpSession.cpp[0m:[95m531[0m [96mhandleGetGraphData[0m] Handle Get Graph Data
[2026-09-01 05:22:43.351] [info] [[94mHttpSession.cpp[0m:[95m576[0m [96mhandleGetGraphData[0m] get_graph_data success
[2026-09-01 05:22:43.590] [info] [[94mControllerAndOtherEventHandler.cpp[0m:[95m239[0m [96moperator()[0m] Accepted new connection
[2026-09-01 05:22:43.590] [info] [[94mHttpSession.cpp[0m:[95m96[0m [96mhandleRequest[0m] Got request: GET /ndt/get_graph_data
[2026-09-01 05:22:43.590] [info] [[94mHttpSession.cpp[0m:[95m531[0m [96mhandleGetGraphData[0m] Handle Get Graph Data
[2026-09-01 05:22:43.602] [info] [[94mHttpSession.cpp[0m:[95m576[0m [96mhandleGetGraphData[0m] get_graph_data success
[2026-09-01 05:22:43.839] [info] [[94mControllerAndOtherEventHandler.cpp[0m:[95m239[0m [96moperator()[0m] Accepted new connection
[2026-09-01 05:22:43.839] [info] [[94mHttpSession.cpp[0m:[95m96[0m [96mhandleRequest[0m] Got request: GET /ndt/get_graph_data
[2026-09-01 05:22:43.839] [info] [[94mHttpSession.cpp[0m:[95m531[0m [96mhandleGetGraphData[0m] Handle Get Graph Data
[2026-09-01 05:22:43.853] [info] [[94mHttpSession.cpp[0m:[95m576[0m [96mhandleGetGraphData[0m] get_graph_data success
[2026-09-01 05:22:44.090] [info] [[94mControllerAndOtherEventHandler.cpp[0m:[95m239[0m [96moperator()[0m] Accepted new connection
[2026-09-01 05:22:44.090] [info] [[94mHttpSession.cpp[0m:[95m96[0m [96mhandleRequest[0m] Got request: GET /ndt/get_graph_data
[2026-09-01 05:22:44.090] [info] [[94mHttpSession.cpp[0m:[95m531[0m [96mhandleGetGraphData[0m] Handle Get Graph Data
[2026-09-01 05:22:44.102] [info] [[94mHttpSession.cpp[0m:[95m576[0m [96mhandleGetGraphData[0m] get_graph_data success
[2026-09-01 05:22:44.340] [info] [[94mControllerAndOtherEventHandler.cpp[0m:[95m239[0m [96moperator()[0m] Accepted new connection
[2026-09-01 05:22:44.340] [info] [[94mHttpSession.cpp[0m:[95m96[0m [96mhandleRequest[0m] Got request: GET /ndt/get_graph_data
[2026-09-01 05:22:44.340] [info] [[94mHttpSession.cpp[0m:[95m531[0m [96mhandleGetGraphData[0m] Handle Get Graph Data
[2026-09-01 05:22:44.355] [info] [[94mHttpSession.cpp[0m:[95m576[0m [96mhandleGetGraphData[0m] get_graph_data success
[2026-09-01 05:22:44.590] [info] [[94mControllerAndOtherEventHandler.cpp[0m:[95m239[0m [96moperator()[0m] Accepted new connection
[2026-09-01 05:22:44.590] [info] [[94mHttpSession.cpp[0m:[95m96[0m [96mhandleRequest[0m] Got request: GET /ndt/get_graph_data
[2026-09-01 05:22:44.590] [info] [[94mHttpSession.cpp[0m:[95m531[0m [96mhandleGetGraphData[0m] Handle Get Graph Data
[2026-09-01 05:22:44.608] [info] [[94mHttpSession.cpp[0m:[95m576[0m [96mhandleGetGraphData[0m] get_graph_data success
[2026-09-01 05:22:44.840] [info] [[94mControllerAndOtherEventHandler.cpp[0m:[95m239[0m [96moperator()[0m] Accepted new connection
[2026-09-01 05:22:44.840] [info] [[94mHttpSession.cpp[0m:[95m96[0m [96mhandleRequest[0m] Got request: GET /ndt/get_graph_data
[2026-09-01 05:22:44.841] [info] [[94mHttpSession.cpp[0m:[95m531[0m [96mhandleGetGraphData[0m] Handle Get Graph Data
[2026-09-01 05:22:44.861] [info] [[94mHttpSession.cpp[0m:[95m576[0m [96mhandleGetGraphData[0m] get_graph_data success
[2026-09-01 05:22:45.090] [info] [[94mControllerAndOtherEventHandler.cpp[0m:[95m239[0m [96moperator()[0m] Accepted new connection
[2026-09-01 05:22:45.091] [info] [[94mHttpSession.cpp[0m:[95m96[0m [96mhandleRequest[0m] Got request: GET /ndt/get_graph_data
[2026-09-01 05:22:45.091] [info] [[94mHttpSession.cpp[0m:[95m531[0m [96mhandleGetGraphData[0m] Handle Get Graph Data
[2026-09-01 05:22:45.109] [info] [[94mHttpSession.cpp[0m:[95m576[0m [96mhandleGetGraphData[0m] get_graph_data success
[2026-09-01 05:22:45.340] [info] [[94mControllerAndOtherEventHandler.cpp[0m:[95m239[0m [96moperator()[0m] Accepted new connection
[2026-09-01 05:22:45.340] [info] [[94mHttpSession.cpp[0m:[95m96[0m [96mhandleRequest[0m] Got request: GET /ndt/get_graph_data
[2026-09-01 05:22:45.341] [info] [[94mHttpSession.cpp[0m:[95m531[0m [96mhandleGetGraphData[0m] Handle Get Graph Data
[2026-09-01 05:22:45.359] [info] [[94mHttpSession.cpp[0m:[95m576[0m [96mhandleGetGraphData[0m] get_graph_data success
[2026-09-01 05:22:45.590] [info] [[94mControllerAndOtherEventHandler.cpp[0m:[95m239[0m [96moperator()[0m] Accepted new connection
[2026-09-01 05:22:45.590] [info] [[94mHttpSession.cpp[0m:[95m96[0m [96mhandleRequest[0m] Got request: GET /ndt/get_graph_data
[2026-09-01 05:22:45.590] [info] [[94mHttpSession.cpp[0m:[95m531[0m [96mhandleGetGraphData[0m] Handle Get Graph Data
[2026-09-01 05:22:45.609] [info] [[94mHttpSession.cpp[0m:[95m576[0m [96mhandleGetGraphData[0m] get_graph_data success
[2026-09-01 05:22:45.840] [info] [[94mControllerAndOtherEventHandler.cpp[0m:[95m239[0m [96moperator()[0m] Accepted new connection
[2026-09-01 05:22:45.840] [info] [[94mHttpSession.cpp[0m:[95m96[0m [96mhandleRequest[0m] Got request: GET /ndt/get_graph_data
[2026-09-01 05:22:45.840] [info] [[94mHttpSession.cpp[0m:[95m531[0m [96mhandleGetGraphData[0m] Handle Get Graph Data
[2026-09-01 05:22:45.858] [info] [[94mHttpSession.cpp[0m:[95m576[0m [96mhandleGetGraphData[0m] get_graph_data success
[2026-09-01 05:22:46.091] [info] [[94mControllerAndOtherEventHandler.cpp[0m:[95m239[0m [96moperator()[0m] Accepted new connection
[2026-09-01 05:22:46.091] [info] [[94mHttpSession.cpp[0m:[95m96[0m [96mhandleRequest[0m] Got request: GET /ndt/get_graph_data
[2026-09-01 05:22:46.091] [info] [[94mHttpSession.cpp[0m:[95m531[0m [96mhandleGetGraphData[0m] Handle Get Graph Data
[2026-09-01 05:22:46.104] [info] [[94mHttpSession.cpp[0m:[95m576[0m [96mhandleGetGraphData[0m] get_graph_data success
[2026-09-01 05:22:46.341] [info] [[94mControllerAndOtherEventHandler.cpp[0m:[95m239[0m [96moperator()[0m] Accepted new connection
[2026-09-01 05:22:46.341] [info] [[94mHttpSession.cpp[0m:[95m96[0m [96mhandleRequest[0m] Got request: GET /ndt/get_graph_data
[2026-09-01 05:22:46.341] [info] [[94mHttpSession.cpp[0m:[95m531[0m [96mhandleGetGraphData[0m] Handle Get Graph Data
[2026-09-01 05:22:46.359] [info] [[94mHttpSession.cpp[0m:[95m576[0m [96mhandleGetGraphData[0m] get_graph_data success
[2026-09-01 05:22:46.591] [info] [[94mControllerAndOtherEventHandler.cpp[0m:[95m239[0m [96moperator()[0m] Accepted new connection
[2026-09-01 05:22:46.591] [info] [[94mHttpSession.cpp[0m:[95m96[0m [96mhandleRequest[0m] Got request: GET /ndt/get_graph_data
[2026-09-01 05:22:46.591] [info] [[94mHttpSession.cpp[0m:[95m531[0m [96mhandleGetGraphData[0m] Handle Get Graph Data
[2026-09-01 05:22:46.610] [info] [[94mHttpSession.cpp[0m:[95m576[0m [96mhandleGetGraphData[0m] get_graph_data success
[2026-09-01 05:22:46.841] [info] [[94mControllerAndOtherEventHandler.cpp[0m:[95m239[0m [96moperator()[0m] Accepted new connection
[2026-09-01 05:22:46.841] [info] [[94mHttpSession.cpp[0m:[95m96[0m [96mhandleRequest[0m] Got request: GET /ndt/get_graph_data
[2026-09-01 05:22:46.841] [info] [[94mHttpSession.cpp[0m:[95m531[0m [96mhandleGetGraphData[0m] Handle Get Graph Data
[2026-09-01 05:22:46.860] [info] [[94mHttpSession.cpp[0m:[95m576[0m [96mhandleGetGraphData[0m] get_graph_data success
[2026-09-01 05:22:47.090] [info] [[94mControllerAndOtherEventHandler.cpp[0m:[95m239[0m [96moperator()[0m] Accepted new connection
[2026-09-01 05:22:47.090] [info] [[94mHttpSession.cpp[0m:[95m96[0m [96mhandleRequest[0m] Got request: GET /ndt/get_graph_data
[2026-09-01 05:22:47.090] [info] [[94mHttpSession.cpp[0m:[95m531[0m [96mhandleGetGraphData[0m] Handle Get Graph Data
[2026-09-01 05:22:47.109] [info] [[94mHttpSession.cpp[0m:[95m576[0m [96mhandleGetGraphData[0m] get_graph_data success
[2026-09-01 05:22:47.341] [info] [[94mControllerAndOtherEventHandler.cpp[0m:[95m239[0m [96moperator()[0m] Accepted new connection
[2026-09-01 05:22:47.341] [info] [[94mHttpSession.cpp[0m:[95m96[0m [96mhandleRequest[0m] Got request: GET /ndt/get_graph_data
[2026-09-01 05:22:47.341] [info] [[94mHttpSession.cpp[0m:[95m531[0m [96mhandleGetGraphData[0m] Handle Get Graph Data
[2026-09-01 05:22:47.360] [info] [[94mHttpSession.cpp[0m:[95m576[0m [96mhandleGetGraphData[0m] get_graph_data success
[2026-09-01 05:22:47.591] [info] [[94mControllerAndOtherEventHandler.cpp[0m:[95m239[0m [96moperator()[0m] Accepted new connection
[2026-09-01 05:22:47.591] [info] [[94mHttpSession.cpp[0m:[95m96[0m [96mhandleRequest[0m] Got request: GET /ndt/get_graph_data
[2026-09-01 05:22:47.591] [info] [[94mHttpSession.cpp[0m:[95m531[0m [96mhandleGetGraphData[0m] Handle Get Graph Data
[2026-09-01 05:22:47.610] [info] [[94mHttpSession.cpp[0m:[95m576[0m [96mhandleGetGraphData[0m] get_graph_data success
[2026-09-01 05:22:47.841] [info] [[94mControllerAndOtherEventHandler.cpp[0m:[95m239[0m [96moperator()[0m] Accepted new connection
[2026-09-01 05:22:47.841] [info] [[94mHttpSession.cpp[0m:[95m96[0m [96mhandleRequest[0m] Got request: GET /ndt/get_graph_data
[2026-09-01 05:22:47.842] [info] [[94mHttpSession.cpp[0m:[95m531[0m [96mhandleGetGraphData[0m] Handle Get Graph Data
[2026-09-01 05:22:47.860] [info] [[94mHttpSession.cpp[0m:[95m576[0m [96mhandleGetGraphData[0m] get_graph_data success
[2026-09-01 05:22:48.091] [info] [[94mControllerAndOtherEventHandler.cpp[0m:[95m239[0m [96moperator()[0m] Accepted new connection
[2026-09-01 05:22:48.091] [info] [[94mHttpSession.cpp[0m:[95m96[0m [96mhandleRequest[0m] Got request: GET /ndt/get_graph_data
[2026-09-01 05:22:48.092] [info] [[94mHttpSession.cpp[0m:[95m531[0m [96mhandleGetGraphData[0m] Handle Get Graph Data
[2026-09-01 05:22:48.110] [info] [[94mHttpSession.cpp[0m:[95m576[0m [96mhandleGetGraphData[0m] get_graph_data success
[2026-09-01 05:22:48.341] [info] [[94mControllerAndOtherEventHandler.cpp[0m:[95m239[0m [96moperator()[0m] Accepted new connection
[2026-09-01 05:22:48.341] [info] [[94mHttpSession.cpp[0m:[95m96[0m [96mhandleRequest[0m] Got request: GET /ndt/get_graph_data
[2026-09-01 05:22:48.341] [info] [[94mHttpSession.cpp[0m:[95m531[0m [96mhandleGetGraphData[0m] Handle Get Graph Data
[2026-09-01 05:22:48.360] [info] [[94mHttpSession.cpp[0m:[95m576[0m [96mhandleGetGraphData[0m] get_graph_data success
[2026-09-01 05:22:48.591] [info] [[94mControllerAndOtherEventHandler.cpp[0m:[95m239[0m [96moperator()[0m] Accepted new connection
[2026-09-01 05:22:48.591] [info] [[94mHttpSession.cpp[0m:[95m96[0m [96mhandleRequest[0m] Got request: GET /ndt/get_graph_data
[2026-09-01 05:22:48.591] [info] [[94mHttpSession.cpp[0m:[95m531[0m [96mhandleGetGraphData[0m] Handle Get Graph Data
[2026-09-01 05:22:48.603] [info] [[94mHttpSession.cpp[0m:[95m576[0m [96mhandleGetGraphData[0m] get_graph_data success
[2026-09-01 05:22:48.841] [info] [[94mControllerAndOtherEventHandler.cpp[0m:[95m239[0m [96moperator()[0m] Accepted new connection
[2026-09-01 05:22:48.841] [info] [[94mHttpSession.cpp[0m:[95m96[0m [96mhandleRequest[0m] Got request: GET /ndt/get_graph_data
[2026-09-01 05:22:48.841] [info] [[94mHttpSession.cpp[0m:[95m531[0m [96mhandleGetGraphData[0m] Handle Get Graph Data
[2026-09-01 05:22:48.853] [info] [[94mHttpSession.cpp[0m:[95m576[0m [96mhandleGetGraphData[0m] get_graph_data success
[2026-09-01 05:22:49.092] [info] [[94mControllerAndOtherEventHandler.cpp[0m:[95m239[0m [96moperator()[0m] Accepted new connection
[2026-09-01 05:22:49.092] [info] [[94mHttpSession.cpp[0m:[95m96[0m [96mhandleRequest[0m] Got request: GET /ndt/get_graph_data
[2026-09-01 05:22:49.092] [info] [[94mHttpSession.cpp[0m:[95m531[0m [96mhandleGetGraphData[0m] Handle Get Graph Data
[2026-09-01 05:22:49.103] [info] [[94mHttpSession.cpp[0m:[95m576[0m [96mhandleGetGraphData[0m] get_graph_data success
[2026-09-01 05:22:49.341] [info] [[94mControllerAndOtherEventHandler.cpp[0m:[95m239[0m [96moperator()[0m] Accepted new connection
[2026-09-01 05:22:49.341] [info] [[94mHttpSession.cpp[0m:[95m96[0m [96mhandleRequest[0m] Got request: GET /ndt/get_graph_data
[2026-09-01 05:22:49.341] [info] [[94mHttpSession.cpp[0m:[95m531[0m [96mhandleGetGraphData[0m] Handle Get Graph Data
[2026-09-01 05:22:49.353] [info] [[94mHttpSession.cpp[0m:[95m576[0m [96mhandleGetGraphData[0m] get_graph_data success
[2026-09-01 05:22:49.592] [info] [[94mControllerAndOtherEventHandler.cpp[0m:[95m239[0m [96moperator()[0m] Accepted new connection
[2026-09-01 05:22:49.592] [info] [[94mHttpSession.cpp[0m:[95m96[0m [96mhandleRequest[0m] Got request: GET /ndt/get_graph_data
[2026-09-01 05:22:49.592] [info] [[94mHttpSession.cpp[0m:[95m531[0m [96mhandleGetGraphData[0m] Handle Get Graph Data
[2026-09-01 05:22:49.605] [info] [[94mHttpSession.cpp[0m:[95m576[0m [96mhandleGetGraphData[0m] get_graph_data success
[2026-09-01 05:22:49.842] [info] [[94mControllerAndOtherEventHandler.cpp[0m:[95m239[0m [96moperator()[0m] Accepted new connection
[2026-09-01 05:22:49.842] [info] [[94mHttpSession.cpp[0m:[95m96[0m [96mhandleRequest[0m] Got request: GET /ndt/get_graph_data
[2026-09-01 05:22:49.842] [info] [[94mHttpSession.cpp[0m:[95m531[0m [96mhandleGetGraphData[0m] Handle Get Graph Data
[2026-09-01 05:22:49.861] [info] [[94mHttpSession.cpp[0m:[95m576[0m [96mhandleGetGraphData[0m] get_graph_data success
[2026-09-01 05:22:50.091] [info] [[94mControllerAndOtherEventHandler.cpp[0m:[95m239[0m [96moperator()[0m] Accepted new connection
[2026-09-01 05:22:50.092] [info] [[94mHttpSession.cpp[0m:[95m96[0m [96mhandleRequest[0m] Got request: GET /ndt/get_graph_data
[2026-09-01 05:22:50.092] [info] [[94mHttpSession.cpp[0m:[95m531[0m [96mhandleGetGraphData[0m] Handle Get Graph Data
[2026-09-01 05:22:50.110] [info] [[94mHttpSession.cpp[0m:[95m576[0m [96mhandleGetGraphData[0m] get_graph_data success
[2026-09-01 05:22:50.342] [info] [[94mControllerAndOtherEventHandler.cpp[0m:[95m239[0m [96moperator()[0m] Accepted new connection
[2026-09-01 05:22:50.342] [info] [[94mHttpSession.cpp[0m:[95m96[0m [96mhandleRequest[0m] Got request: GET /ndt/get_graph_data
[2026-09-01 05:22:50.342] [info] [[94mHttpSession.cpp[0m:[95m531[0m [96mhandleGetGraphData[0m] Handle Get Graph Data
[2026-09-01 05:22:50.354] [info] [[94mHttpSession.cpp[0m:[95m576[0m [96mhandleGetGraphData[0m] get_graph_data success
[2026-09-01 05:22:50.592] [info] [[94mControllerAndOtherEventHandler.cpp[0m:[95m239[0m [96moperator()[0m] Accepted new connection
[2026-09-01 05:22:50.592] [info] [[94mHttpSession.cpp[0m:[95m96[0m [96mhandleRequest[0m] Got request: GET /ndt/get_graph_data
[2026-09-01 05:22:50.592] [info] [[94mHttpSession.cpp[0m:[95m531[0m [96mhandleGetGraphData[0m] Handle Get Graph Data
[2026-09-01 05:22:50.611] [info] [[94mHttpSession.cpp[0m:[95m576[0m [96mhandleGetGraphData[0m] get_graph_data success
[2026-09-01 05:22:50.842] [info] [[94mControllerAndOtherEventHandler.cpp[0m:[95m239[0m [96moperator()[0m] Accepted new connection
[2026-09-01 05:22:50.842] [info] [[94mHttpSession.cpp[0m:[95m96[0m [96mhandleRequest[0m] Got request: GET /ndt/get_graph_data
[2026-09-01 05:22:50.842] [info] [[94mHttpSession.cpp[0m:[95m531[0m [96mhandleGetGraphData[0m] Handle Get Graph Data
[2026-09-01 05:22:50.860] [info] [[94mHttpSession.cpp[0m:[95m576[0m [96mhandleGetGraphData[0m] get_graph_data success
[2026-09-01 05:22:51.092] [info] [[94mControllerAndOtherEventHandler.cpp[0m:[95m239[0m [96moperator()[0m] Accepted new connection
[2026-09-01 05:22:51.092] [info] [[94mHttpSession.cpp[0m:[95m96[0m [96mhandleRequest[0m] Got request: GET /ndt/get_graph_data
[2026-09-01 05:22:51.093] [info] [[94mHttpSession.cpp[0m:[95m531[0m [96mhandleGetGraphData[0m] Handle Get Graph Data
[2026-09-01 05:22:51.110] [info] [[94mHttpSession.cpp[0m:[95m576[0m [96mhandleGetGraphData[0m] get_graph_data success
[2026-09-01 05:22:51.342] [info] [[94mControllerAndOtherEventHandler.cpp[0m:[95m239[0m [96moperator()[0m] Accepted new connection
[2026-09-01 05:22:51.342] [info] [[94mHttpSession.cpp[0m:[95m96[0m [96mhandleRequest[0m] Got request: GET /ndt/get_graph_data
[2026-09-01 05:22:51.342] [info] [[94mHttpSession.cpp[0m:[95m531[0m [96mhandleGetGraphData[0m] Handle Get Graph Data
[2026-09-01 05:22:51.361] [info] [[94mHttpSession.cpp[0m:[95m576[0m [96mhandleGetGraphData[0m] get_graph_data success
[2026-09-01 05:22:51.592] [info] [[94mControllerAndOtherEventHandler.cpp[0m:[95m239[0m [96moperator()[0m] Accepted new connection
[2026-09-01 05:22:51.592] [info] [[94mHttpSession.cpp[0m:[95m96[0m [96mhandleRequest[0m] Got request: GET /ndt/get_graph_data
[2026-09-01 05:22:51.592] [info] [[94mHttpSession.cpp[0m:[95m531[0m [96mhandleGetGraphData[0m] Handle Get Graph Data
[2026-09-01 05:22:51.603] [info] [[94mHttpSession.cpp[0m:[95m576[0m [96mhandleGetGraphData[0m] get_graph_data success
[2026-09-01 05:22:51.842] [info] [[94mControllerAndOtherEventHandler.cpp[0m:[95m239[0m [96moperator()[0m] Accepted new connection
[2026-09-01 05:22:51.842] [info] [[94mHttpSession.cpp[0m:[95m96[0m [96mhandleRequest[0m] Got request: GET /ndt/get_graph_data
[2026-09-01 05:22:51.842] [info] [[94mHttpSession.cpp[0m:[95m531[0m [96mhandleGetGraphData[0m] Handle Get Graph Data
[2026-09-01 05:22:51.856] [info] [[94mHttpSession.cpp[0m:[95m576[0m [96mhandleGetGraphData[0m] get_graph_data success
[2026-09-01 05:22:52.093] [info] [[94mControllerAndOtherEventHandler.cpp[0m:[95m239[0m [96moperator()[0m] Accepted new connection
[2026-09-01 05:22:52.093] [info] [[94mHttpSession.cpp[0m:[95m96[0m [96mhandleRequest[0m] Got request: GET /ndt/get_graph_data
[2026-09-01 05:22:52.093] [info] [[94mHttpSession.cpp[0m:[95m531[0m [96mhandleGetGraphData[0m] Handle Get Graph Data
[2026-09-01 05:22:52.111] [info] [[94mHttpSession.cpp[0m:[95m576[0m [96mhandleGetGraphData[0m] get_graph_data success
[2026-09-01 05:22:52.343] [info] [[94mControllerAndOtherEventHandler.cpp[0m:[95m239[0m [96moperator()[0m] Accepted new connection
[2026-09-01 05:22:52.343] [info] [[94mHttpSession.cpp[0m:[95m96[0m [96mhandleRequest[0m] Got request: GET /ndt/get_graph_data
[2026-09-01 05:22:52.343] [info] [[94mHttpSession.cpp[0m:[95m531[0m [96mhandleGetGraphData[0m] Handle Get Graph Data
[2026-09-01 05:22:52.361] [info] [[94mHttpSession.cpp[0m:[95m576[0m [96mhandleGetGraphData[0m] get_graph_data success
[2026-09-01 05:22:52.592] [info] [[94mControllerAndOtherEventHandler.cpp[0m:[95m239[0m [96moperator()[0m] Accepted new connection
[2026-09-01 05:22:52.592] [info] [[94mHttpSession.cpp[0m:[95m96[0m [96mhandleRequest[0m] Got request: GET /ndt/get_graph_data
[2026-09-01 05:22:52.593] [info] [[94mHttpSession.cpp[0m:[95m531[0m [96mhandleGetGraphData[0m] Handle Get Graph Data
[2026-09-01 05:22:52.604] [info] [[94mHttpSession.cpp[0m:[95m576[0m [96mhandleGetGraphData[0m] get_graph_data success
[2026-09-01 05:22:52.842] [info] [[94mControllerAndOtherEventHandler.cpp[0m:[95m239[0m [96moperator()[0m] Accepted new connection
[2026-09-01 05:22:52.843] [info] [[94mHttpSession.cpp[0m:[95m96[0m [96mhandleRequest[0m] Got request: GET /ndt/get_graph_data
[2026-09-01 05:22:52.843] [info] [[94mHttpSession.cpp[0m:[95m531[0m [96mhandleGetGraphData[0m] Handle Get Graph Data
[2026-09-01 05:22:52.860] [info] [[94mHttpSession.cpp[0m:[95m576[0m [96mhandleGetGraphData[0m] get_graph_data success
[2026-09-01 05:22:53.093] [info] [[94mControllerAndOtherEventHandler.cpp[0m:[95m239[0m [96moperator()[0m] Accepted new connection
[2026-09-01 05:22:53.093] [info] [[94mHttpSession.cpp[0m:[95m96[0m [96mhandleRequest[0m] Got request: GET /ndt/get_graph_data
[2026-09-01 05:22:53.093] [info] [[94mHttpSession.cpp[0m:[95m531[0m [96mhandleGetGraphData[0m] Handle Get Graph Data
[2026-09-01 05:22:53.112] [info] [[94mHttpSession.cpp[0m:[95m576[0m [96mhandleGetGraphData[0m] get_graph_data success
[2026-09-01 05:22:53.343] [info] [[94mControllerAndOtherEventHandler.cpp[0m:[95m239[0m [96moperator()[0m] Accepted new connection
[2026-09-01 05:22:53.343] [info] [[94mHttpSession.cpp[0m:[95m96[0m [96mhandleRequest[0m] Got request: GET /ndt/get_graph_data
[2026-09-01 05:22:53.343] [info] [[94mHttpSession.cpp[0m:[95m531[0m [96mhandleGetGraphData[0m] Handle Get Graph Data
[2026-09-01 05:22:53.359] [info] [[94mHttpSession.cpp[0m:[95m576[0m [96mhandleGetGraphData[0m] get_graph_data success
[2026-09-01 05:22:53.593] [info] [[94mControllerAndOtherEventHandler.cpp[0m:[95m239[0m [96moperator()[0m] Accepted new connection
[2026-09-01 05:22:53.593] [info] [[94mHttpSession.cpp[0m:[95m96[0m [96mhandleRequest[0m] Got request: GET /ndt/get_graph_data
[2026-09-01 05:22:53.593] [info] [[94mHttpSession.cpp[0m:[95m531[0m [96mhandleGetGraphData[0m] Handle Get Graph Data
[2026-09-01 05:22:53.613] [info] [[94mHttpSession.cpp[0m:[95m576[0m [96mhandleGetGraphData[0m] get_graph_data success
[2026-09-01 05:22:53.843] [info] [[94mControllerAndOtherEventHandler.cpp[0m:[95m239[0m [96moperator()[0m] Accepted new connection
[2026-09-01 05:22:53.843] [info] [[94mHttpSession.cpp[0m:[95m96[0m [96mhandleRequest[0m] Got request: GET /ndt/get_graph_data
[2026-09-01 05:22:53.844] [info] [[94mHttpSession.cpp[0m:[95m531[0m [96mhandleGetGraphData[0m] Handle Get Graph Data
[2026-09-01 05:22:53.862] [info] [[94mHttpSession.cpp[0m:[95m576[0m [96mhandleGetGraphData[0m] get_graph_data success
[2026-09-01 05:22:54.093] [info] [[94mControllerAndOtherEventHandler.cpp[0m:[95m239[0m [96moperator()[0m] Accepted new connection
[2026-09-01 05:22:54.093] [info] [[94mHttpSession.cpp[0m:[95m96[0m [96mhandleRequest[0m] Got request: GET /ndt/get_graph_data
[2026-09-01 05:22:54.093] [info] [[94mHttpSession.cpp[0m:[95m531[0m [96mhandleGetGraphData[0m] Handle Get Graph Data
[2026-09-01 05:22:54.107] [info] [[94mHttpSession.cpp[0m:[95m576[0m [96mhandleGetGraphData[0m] get_graph_data success
[2026-09-01 05:22:54.343] [info] [[94mControllerAndOtherEventHandler.cpp[0m:[95m239[0m [96moperator()[0m] Accepted new connection
[2026-09-01 05:22:54.343] [info] [[94mHttpSession.cpp[0m:[95m96[0m [96mhandleRequest[0m] Got request: GET /ndt/get_graph_data
[2026-09-01 05:22:54.343] [info] [[94mHttpSession.cpp[0m:[95m531[0m [96mhandleGetGraphData[0m] Handle Get Graph Data
[2026-09-01 05:22:54.355] [info] [[94mHttpSession.cpp[0m:[95m576[0m [96mhandleGetGraphData[0m] get_graph_data success
[2026-09-01 05:22:54.594] [info] [[94mControllerAndOtherEventHandler.cpp[0m:[95m239[0m [96moperator()[0m] Accepted new connection
[2026-09-01 05:22:54.594] [info] [[94mHttpSession.cpp[0m:[95m96[0m [96mhandleRequest[0m] Got request: GET /ndt/get_graph_data
[2026-09-01 05:22:54.594] [info] [[94mHttpSession.cpp[0m:[95m531[0m [96mhandleGetGraphData[0m] Handle Get Graph Data
[2026-09-01 05:22:54.613] [info] [[94mHttpSession.cpp[0m:[95m576[0m [96mhandleGetGraphData[0m] get_graph_data success
[2026-09-01 05:22:55.156] [info] [[94mFlowLinkUsageCollector.cpp[0m:[95m1807[0m [96mcalAvgFlowSendingRatesPeriodically[0m] rate loop period: last 30 iters mean 1000.9 ms | since start (329 iters) mean 1000.7 ms, min 1000.1, max 1002.3 (flows=1, counters=3) -- the LAST-N figure is the current denominator; the since-start one lags it
[2026-09-01 05:22:55.157] [info] [[94mFlowLinkUsageCollector.cpp[0m:[95m2016[0m [96mcalAvgFlowSendingRatesPeriodically[0m] rate divisor check: measured_interval_s=1.001213 divisor_used_s=1.001213 (ticket Q gate: these must agree to 1%; a negative divisor means no rate has been published yet, which is not a pass)
