[2026-09-01 06:15:34.425] [info] [[94mmain.cpp[0m:[95m299[0m [96mmain[0m] Logger Loads Successfully! level
Running in Mininet environment.
[2026-09-01 06:15:34.426] [info] [[94mmain.cpp[0m:[95m311[0m [96mmain[0m] Topology file: /home/adam/Desktop/NDTwin-Kernel/setting/StaticNetworkTopologyP4_10Switches_128Hosts.json
[2026-09-01 06:15:34.426] [info] [[94mmain.cpp[0m:[95m358[0m [96mmain[0m] IntentTranslator is disabled by user.
[2026-09-01 06:15:34.426] [info] [[94mApplicationManager.cpp[0m:[95m410[0m [96mcleanupStaleEntries[0m] Checking for stale NFS entries in /srv/nfs/sim
[2026-09-01 06:15:34.426] [warning] [[94mApplicationManager.cpp[0m:[95m426[0m [96mcleanupStaleEntries[0m] Found stale application folder from a previous run: /srv/nfs/sim/3
[2026-09-01 06:15:34.426] [warning] [[94mApplicationManager.cpp[0m:[95m361[0m [96mcleanupAppFolder[0m] Leaving /srv/nfs/sim/3 in place: /srv/nfs/sim/3/energy_saving_simulator/1.0/case4/input belongs to a squashed NFS client, so removing it needs root. The next registration that reuses this app id will reuse the folder rather than recreate it.
[2026-09-01 06:15:34.426] [warning] [[94mApplicationManager.cpp[0m:[95m426[0m [96mcleanupStaleEntries[0m] Found stale application folder from a previous run: /srv/nfs/sim/1
[2026-09-01 06:15:34.426] [warning] [[94mApplicationManager.cpp[0m:[95m361[0m [96mcleanupAppFolder[0m] Leaving /srv/nfs/sim/1 in place: /srv/nfs/sim/1/energy_saving_simulator/1.0/case4/input belongs to a squashed NFS client, so removing it needs root. The next registration that reuses this app id will reuse the folder rather than recreate it.
[2026-09-01 06:15:34.426] [warning] [[94mApplicationManager.cpp[0m:[95m426[0m [96mcleanupStaleEntries[0m] Found stale application folder from a previous run: /srv/nfs/sim/2
[2026-09-01 06:15:34.426] [warning] [[94mApplicationManager.cpp[0m:[95m361[0m [96mcleanupAppFolder[0m] Leaving /srv/nfs/sim/2 in place: /srv/nfs/sim/2/energy_saving_simulator/1.0/case4/input belongs to a squashed NFS client, so removing it needs root. The next registration that reuses this app id will reuse the folder rather than recreate it.
[2026-09-01 06:15:34.426] [info] [[94mTopologyAndFlowMonitor.cpp[0m:[95m2133[0m [96mrun[0m] TopologyAndFlowMonitor Run
[2026-09-01 06:15:34.426] [info] [[94mFlowLinkUsageCollector.cpp[0m:[95m472[0m [96mstart[0m] Collector Starts Up
[2026-09-01 06:15:34.426] [info] [[94mTopologyAndFlowMonitor.cpp[0m:[95m211[0m [96mloadStaticTopologyFromFile[0m] Load Static Topology File
[2026-09-01 06:15:34.427] [info] [[94mFlowLinkUsageCollector.cpp[0m:[95m466[0m [96mlog_thread_ids[0m] [run] pid=681243 tid=681250
[2026-09-01 06:15:34.427] [info] [[94mFlowLinkUsageCollector.cpp[0m:[95m466[0m [96mlog_thread_ids[0m] [calAvgFlowSendingRatesPeriodically] pid=681243 tid=681251
[2026-09-01 06:15:34.427] [info] [[94mFlowLinkUsageCollector.cpp[0m:[95m466[0m [96mlog_thread_ids[0m] [testCalAvgFlowSendingRatesRandomly] pid=681243 tid=681252
[2026-09-01 06:15:34.427] [info] [[94mFlowLinkUsageCollector.cpp[0m:[95m708[0m [96mrun[0m] Run with 20 workers
[2026-09-01 06:15:34.427] [info] [[94mFlowLinkUsageCollector.cpp[0m:[95m466[0m [96mlog_thread_ids[0m] [purgeIdleFlows] pid=681243 tid=681253
[2026-09-01 06:15:34.427] [info] [[94mFlowLinkUsageCollector.cpp[0m:[95m466[0m [96mlog_thread_ids[0m] [calFlowPathByQueried] pid=681243 tid=681254
[2026-09-01 06:15:34.427] [info] [[94mDeviceConfigurationAndPowerManager.cpp[0m:[95m121[0m [96mstart[0m] DeviceConfigurationAndPowerManager Starts Up
[2026-09-01 06:15:34.427] [info] [[94mControllerAndOtherEventHandler.cpp[0m:[95m196[0m [96mrunServer[0m] Server Listening on port 8000
[2026-09-01 06:15:34.427] [info] [[94mFlowLinkUsageCollector.cpp[0m:[95m749[0m [96mrun[0m] Listening for sFlow on UDP port 6343
[2026-09-01 06:15:34.441] [info] [[94mTopologyAndFlowMonitor.cpp[0m:[95m1266[0m [96mvalidateDataPlaneHomogeneity[0m] Data plane: bmv2 (10 switch(es))
[2026-09-01 06:15:34.442] [info] [[94mTopologyAndFlowMonitor.cpp[0m:[95m145[0m [96mconfigureTopologyApiUrls[0m] All-bmv2 topology: polling http://localhost:8081/v1.0/topology for switch/host/link state instead of Ryu.
[2026-09-01 06:15:34.483] [info] [[94mTopologyAndFlowMonitor.cpp[0m:[95m2155[0m [96mrun[0m] topology from the control plane: 10 switches, 128 hosts, 288 edges up
[2026-09-01 06:15:34.931] [info] [[94mControllerAndOtherEventHandler.cpp[0m:[95m239[0m [96moperator()[0m] Accepted new connection
[2026-09-01 06:15:34.931] [info] [[94mHttpSession.cpp[0m:[95m402[0m [96mcloseSocket[0m] Close Socket
[2026-09-01 06:15:37.398] [info] [[94mControllerAndOtherEventHandler.cpp[0m:[95m239[0m [96moperator()[0m] Accepted new connection
[2026-09-01 06:15:37.398] [info] [[94mHttpSession.cpp[0m:[95m96[0m [96mhandleRequest[0m] Got request: GET /ndt/get_graph_data
[2026-09-01 06:15:37.398] [info] [[94mHttpSession.cpp[0m:[95m531[0m [96mhandleGetGraphData[0m] Handle Get Graph Data
[2026-09-01 06:15:37.418] [info] [[94mHttpSession.cpp[0m:[95m576[0m [96mhandleGetGraphData[0m] get_graph_data success
[2026-09-01 06:15:37.419] [info] [[94mHttpSession.cpp[0m:[95m402[0m [96mcloseSocket[0m] Close Socket
[2026-09-01 06:15:38.839] [info] [[94mControllerAndOtherEventHandler.cpp[0m:[95m239[0m [96moperator()[0m] Accepted new connection
[2026-09-01 06:15:38.839] [info] [[94mHttpSession.cpp[0m:[95m96[0m [96mhandleRequest[0m] Got request: GET /ndt/inform_switch_entered?dpid=1
[2026-09-01 06:15:38.839] [info] [[94mHttpSession.cpp[0m:[95m1230[0m [96mhandleInformSwitchEntered[0m] Handle Inform Switch Entered
[2026-09-01 06:15:38.841] [info] [[94mHttpSession.cpp[0m:[95m96[0m [96mhandleRequest[0m] Got request: GET /ndt/inform_switch_entered?dpid=2
[2026-09-01 06:15:38.841] [info] [[94mHttpSession.cpp[0m:[95m1230[0m [96mhandleInformSwitchEntered[0m] Handle Inform Switch Entered
[2026-09-01 06:15:38.842] [info] [[94mHttpSession.cpp[0m:[95m96[0m [96mhandleRequest[0m] Got request: GET /ndt/inform_switch_entered?dpid=3
[2026-09-01 06:15:38.842] [info] [[94mHttpSession.cpp[0m:[95m1230[0m [96mhandleInformSwitchEntered[0m] Handle Inform Switch Entered
[2026-09-01 06:15:38.843] [info] [[94mHttpSession.cpp[0m:[95m96[0m [96mhandleRequest[0m] Got request: GET /ndt/inform_switch_entered?dpid=4
[2026-09-01 06:15:38.843] [info] [[94mHttpSession.cpp[0m:[95m1230[0m [96mhandleInformSwitchEntered[0m] Handle Inform Switch Entered
[2026-09-01 06:15:38.844] [info] [[94mHttpSession.cpp[0m:[95m96[0m [96mhandleRequest[0m] Got request: GET /ndt/inform_switch_entered?dpid=5
[2026-09-01 06:15:38.844] [info] [[94mHttpSession.cpp[0m:[95m1230[0m [96mhandleInformSwitchEntered[0m] Handle Inform Switch Entered
[2026-09-01 06:15:38.845] [info] [[94mHttpSession.cpp[0m:[95m96[0m [96mhandleRequest[0m] Got request: GET /ndt/inform_switch_entered?dpid=6
[2026-09-01 06:15:38.845] [info] [[94mHttpSession.cpp[0m:[95m1230[0m [96mhandleInformSwitchEntered[0m] Handle Inform Switch Entered
[2026-09-01 06:15:38.845] [info] [[94mHttpSession.cpp[0m:[95m96[0m [96mhandleRequest[0m] Got request: GET /ndt/inform_switch_entered?dpid=7
[2026-09-01 06:15:38.845] [info] [[94mHttpSession.cpp[0m:[95m1230[0m [96mhandleInformSwitchEntered[0m] Handle Inform Switch Entered
[2026-09-01 06:15:38.846] [info] [[94mHttpSession.cpp[0m:[95m96[0m [96mhandleRequest[0m] Got request: GET /ndt/inform_switch_entered?dpid=8
[2026-09-01 06:15:38.846] [info] [[94mHttpSession.cpp[0m:[95m1230[0m [96mhandleInformSwitchEntered[0m] Handle Inform Switch Entered
[2026-09-01 06:15:38.847] [info] [[94mHttpSession.cpp[0m:[95m96[0m [96mhandleRequest[0m] Got request: GET /ndt/inform_switch_entered?dpid=9
[2026-09-01 06:15:38.847] [info] [[94mHttpSession.cpp[0m:[95m1230[0m [96mhandleInformSwitchEntered[0m] Handle Inform Switch Entered
[2026-09-01 06:15:38.847] [info] [[94mHttpSession.cpp[0m:[95m96[0m [96mhandleRequest[0m] Got request: GET /ndt/inform_switch_entered?dpid=10
[2026-09-01 06:15:38.847] [info] [[94mHttpSession.cpp[0m:[95m1230[0m [96mhandleInformSwitchEntered[0m] Handle Inform Switch Entered
[2026-09-01 06:15:39.936] [info] [[94mFlowLinkUsageCollector.cpp[0m:[95m2558[0m [96mfetchAllDestinationPaths[0m] Pulled 16256 paths from controller
[2026-09-01 06:15:39.980] [info] [[94mFlowLinkUsageCollector.cpp[0m:[95m566[0m [96mrefreshDestinationPathsPeriodically[0m] Destination paths loaded from localhost:8081 (16256 pairs); path and switch-count queries will answer from now on.
[2026-09-01 06:15:58.393] [info] [[94mControllerAndOtherEventHandler.cpp[0m:[95m239[0m [96moperator()[0m] Accepted new connection
[2026-09-01 06:15:58.393] [info] [[94mHttpSession.cpp[0m:[95m96[0m [96mhandleRequest[0m] Got request: GET /ndt/get_graph_data
[2026-09-01 06:15:58.393] [info] [[94mHttpSession.cpp[0m:[95m531[0m [96mhandleGetGraphData[0m] Handle Get Graph Data
[2026-09-01 06:15:58.407] [info] [[94mHttpSession.cpp[0m:[95m576[0m [96mhandleGetGraphData[0m] get_graph_data success
[2026-09-01 06:15:58.408] [info] [[94mHttpSession.cpp[0m:[95m402[0m [96mcloseSocket[0m] Close Socket
[2026-09-01 06:16:00.670] [info] [[94mControllerAndOtherEventHandler.cpp[0m:[95m239[0m [96moperator()[0m] Accepted new connection
[2026-09-01 06:16:00.670] [info] [[94mHttpSession.cpp[0m:[95m96[0m [96mhandleRequest[0m] Got request: GET /ndt/get_graph_data
[2026-09-01 06:16:00.670] [info] [[94mHttpSession.cpp[0m:[95m531[0m [96mhandleGetGraphData[0m] Handle Get Graph Data
[2026-09-01 06:16:00.682] [info] [[94mHttpSession.cpp[0m:[95m576[0m [96mhandleGetGraphData[0m] get_graph_data success
[2026-09-01 06:16:00.685] [info] [[94mControllerAndOtherEventHandler.cpp[0m:[95m239[0m [96moperator()[0m] Accepted new connection
[2026-09-01 06:16:00.685] [info] [[94mHttpSession.cpp[0m:[95m96[0m [96mhandleRequest[0m] Got request: GET /ndt/get_graph_data
[2026-09-01 06:16:00.685] [info] [[94mHttpSession.cpp[0m:[95m531[0m [96mhandleGetGraphData[0m] Handle Get Graph Data
[2026-09-01 06:16:00.697] [info] [[94mHttpSession.cpp[0m:[95m576[0m [96mhandleGetGraphData[0m] get_graph_data success
[2026-09-01 06:16:00.936] [info] [[94mControllerAndOtherEventHandler.cpp[0m:[95m239[0m [96moperator()[0m] Accepted new connection
[2026-09-01 06:16:00.936] [info] [[94mHttpSession.cpp[0m:[95m96[0m [96mhandleRequest[0m] Got request: GET /ndt/get_graph_data
[2026-09-01 06:16:00.937] [info] [[94mHttpSession.cpp[0m:[95m531[0m [96mhandleGetGraphData[0m] Handle Get Graph Data
[2026-09-01 06:16:00.951] [info] [[94mHttpSession.cpp[0m:[95m576[0m [96mhandleGetGraphData[0m] get_graph_data success
[2026-09-01 06:16:01.186] [info] [[94mControllerAndOtherEventHandler.cpp[0m:[95m239[0m [96moperator()[0m] Accepted new connection
[2026-09-01 06:16:01.187] [info] [[94mHttpSession.cpp[0m:[95m96[0m [96mhandleRequest[0m] Got request: GET /ndt/get_graph_data
[2026-09-01 06:16:01.187] [info] [[94mHttpSession.cpp[0m:[95m531[0m [96mhandleGetGraphData[0m] Handle Get Graph Data
[2026-09-01 06:16:01.198] [info] [[94mHttpSession.cpp[0m:[95m576[0m [96mhandleGetGraphData[0m] get_graph_data success
[2026-09-01 06:16:01.437] [info] [[94mControllerAndOtherEventHandler.cpp[0m:[95m239[0m [96moperator()[0m] Accepted new connection
[2026-09-01 06:16:01.437] [info] [[94mHttpSession.cpp[0m:[95m96[0m [96mhandleRequest[0m] Got request: GET /ndt/get_graph_data
[2026-09-01 06:16:01.437] [info] [[94mHttpSession.cpp[0m:[95m531[0m [96mhandleGetGraphData[0m] Handle Get Graph Data
[2026-09-01 06:16:01.449] [info] [[94mHttpSession.cpp[0m:[95m576[0m [96mhandleGetGraphData[0m] get_graph_data success
[2026-09-01 06:16:01.687] [info] [[94mControllerAndOtherEventHandler.cpp[0m:[95m239[0m [96moperator()[0m] Accepted new connection
[2026-09-01 06:16:01.687] [info] [[94mHttpSession.cpp[0m:[95m96[0m [96mhandleRequest[0m] Got request: GET /ndt/get_graph_data
[2026-09-01 06:16:01.687] [info] [[94mHttpSession.cpp[0m:[95m531[0m [96mhandleGetGraphData[0m] Handle Get Graph Data
[2026-09-01 06:16:01.699] [info] [[94mHttpSession.cpp[0m:[95m576[0m [96mhandleGetGraphData[0m] get_graph_data success
[2026-09-01 06:16:01.937] [info] [[94mControllerAndOtherEventHandler.cpp[0m:[95m239[0m [96moperator()[0m] Accepted new connection
[2026-09-01 06:16:01.937] [info] [[94mHttpSession.cpp[0m:[95m96[0m [96mhandleRequest[0m] Got request: GET /ndt/get_graph_data
[2026-09-01 06:16:01.937] [info] [[94mHttpSession.cpp[0m:[95m531[0m [96mhandleGetGraphData[0m] Handle Get Graph Data
[2026-09-01 06:16:01.949] [info] [[94mHttpSession.cpp[0m:[95m576[0m [96mhandleGetGraphData[0m] get_graph_data success
[2026-09-01 06:16:02.187] [info] [[94mControllerAndOtherEventHandler.cpp[0m:[95m239[0m [96moperator()[0m] Accepted new connection
[2026-09-01 06:16:02.187] [info] [[94mHttpSession.cpp[0m:[95m96[0m [96mhandleRequest[0m] Got request: GET /ndt/get_graph_data
[2026-09-01 06:16:02.187] [info] [[94mHttpSession.cpp[0m:[95m531[0m [96mhandleGetGraphData[0m] Handle Get Graph Data
[2026-09-01 06:16:02.198] [info] [[94mHttpSession.cpp[0m:[95m576[0m [96mhandleGetGraphData[0m] get_graph_data success
[2026-09-01 06:16:02.437] [info] [[94mControllerAndOtherEventHandler.cpp[0m:[95m239[0m [96moperator()[0m] Accepted new connection
[2026-09-01 06:16:02.437] [info] [[94mHttpSession.cpp[0m:[95m96[0m [96mhandleRequest[0m] Got request: GET /ndt/get_graph_data
[2026-09-01 06:16:02.437] [info] [[94mHttpSession.cpp[0m:[95m531[0m [96mhandleGetGraphData[0m] Handle Get Graph Data
[2026-09-01 06:16:02.449] [info] [[94mHttpSession.cpp[0m:[95m576[0m [96mhandleGetGraphData[0m] get_graph_data success
[2026-09-01 06:16:02.655] [info] [[94mFlowLinkUsageCollector.cpp[0m:[95m238[0m [96mconfigurePortMapping[0m] All-bmv2 topology: using identity ifIndex->port mapping and skipping ovs-vsctl, which does not know about bmv2 interfaces.
[2026-09-01 06:16:02.687] [info] [[94mControllerAndOtherEventHandler.cpp[0m:[95m239[0m [96moperator()[0m] Accepted new connection
[2026-09-01 06:16:02.687] [info] [[94mHttpSession.cpp[0m:[95m96[0m [96mhandleRequest[0m] Got request: GET /ndt/get_graph_data
[2026-09-01 06:16:02.687] [info] [[94mHttpSession.cpp[0m:[95m531[0m [96mhandleGetGraphData[0m] Handle Get Graph Data
[2026-09-01 06:16:02.699] [info] [[94mHttpSession.cpp[0m:[95m576[0m [96mhandleGetGraphData[0m] get_graph_data success
[2026-09-01 06:16:02.937] [info] [[94mControllerAndOtherEventHandler.cpp[0m:[95m239[0m [96moperator()[0m] Accepted new connection
[2026-09-01 06:16:02.937] [info] [[94mHttpSession.cpp[0m:[95m96[0m [96mhandleRequest[0m] Got request: GET /ndt/get_graph_data
[2026-09-01 06:16:02.937] [info] [[94mHttpSession.cpp[0m:[95m531[0m [96mhandleGetGraphData[0m] Handle Get Graph Data
[2026-09-01 06:16:02.956] [info] [[94mHttpSession.cpp[0m:[95m576[0m [96mhandleGetGraphData[0m] get_graph_data success
[2026-09-01 06:16:03.186] [info] [[94mControllerAndOtherEventHandler.cpp[0m:[95m239[0m [96moperator()[0m] Accepted new connection
[2026-09-01 06:16:03.187] [info] [[94mHttpSession.cpp[0m:[95m96[0m [96mhandleRequest[0m] Got request: GET /ndt/get_graph_data
[2026-09-01 06:16:03.187] [info] [[94mHttpSession.cpp[0m:[95m531[0m [96mhandleGetGraphData[0m] Handle Get Graph Data
[2026-09-01 06:16:03.199] [info] [[94mHttpSession.cpp[0m:[95m576[0m [96mhandleGetGraphData[0m] get_graph_data success
[2026-09-01 06:16:03.432] [info] [[94mFlowLinkUsageCollector.cpp[0m:[95m2072[0m [96mcalAvgFlowSendingRatesPeriodically[0m] sFlow ingest healthy: rx=658, app_drop=0, addressed=5248, sock_ovfl_total=0
[2026-09-01 06:16:03.437] [info] [[94mControllerAndOtherEventHandler.cpp[0m:[95m239[0m [96moperator()[0m] Accepted new connection
[2026-09-01 06:16:03.437] [info] [[94mHttpSession.cpp[0m:[95m96[0m [96mhandleRequest[0m] Got request: GET /ndt/get_graph_data
[2026-09-01 06:16:03.437] [info] [[94mHttpSession.cpp[0m:[95m531[0m [96mhandleGetGraphData[0m] Handle Get Graph Data
[2026-09-01 06:16:03.449] [info] [[94mHttpSession.cpp[0m:[95m576[0m [96mhandleGetGraphData[0m] get_graph_data success
[2026-09-01 06:16:03.687] [info] [[94mControllerAndOtherEventHandler.cpp[0m:[95m239[0m [96moperator()[0m] Accepted new connection
[2026-09-01 06:16:03.687] [info] [[94mHttpSession.cpp[0m:[95m96[0m [96mhandleRequest[0m] Got request: GET /ndt/get_graph_data
[2026-09-01 06:16:03.687] [info] [[94mHttpSession.cpp[0m:[95m531[0m [96mhandleGetGraphData[0m] Handle Get Graph Data
[2026-09-01 06:16:03.700] [info] [[94mHttpSession.cpp[0m:[95m576[0m [96mhandleGetGraphData[0m] get_graph_data success
[2026-09-01 06:16:03.937] [info] [[94mControllerAndOtherEventHandler.cpp[0m:[95m239[0m [96moperator()[0m] Accepted new connection
[2026-09-01 06:16:03.937] [info] [[94mHttpSession.cpp[0m:[95m96[0m [96mhandleRequest[0m] Got request: GET /ndt/get_graph_data
[2026-09-01 06:16:03.937] [info] [[94mHttpSession.cpp[0m:[95m531[0m [96mhandleGetGraphData[0m] Handle Get Graph Data
[2026-09-01 06:16:03.950] [info] [[94mHttpSession.cpp[0m:[95m576[0m [96mhandleGetGraphData[0m] get_graph_data success
[2026-09-01 06:16:04.187] [info] [[94mControllerAndOtherEventHandler.cpp[0m:[95m239[0m [96moperator()[0m] Accepted new connection
[2026-09-01 06:16:04.187] [info] [[94mHttpSession.cpp[0m:[95m96[0m [96mhandleRequest[0m] Got request: GET /ndt/get_graph_data
[2026-09-01 06:16:04.187] [info] [[94mHttpSession.cpp[0m:[95m531[0m [96mhandleGetGraphData[0m] Handle Get Graph Data
[2026-09-01 06:16:04.204] [info] [[94mHttpSession.cpp[0m:[95m576[0m [96mhandleGetGraphData[0m] get_graph_data success
[2026-09-01 06:16:04.432] [info] [[94mFlowLinkUsageCollector.cpp[0m:[95m1807[0m [96mcalAvgFlowSendingRatesPeriodically[0m] rate loop period: last 29 iters mean 1000.2 ms | since start (29 iters) mean 1000.2 ms, min 1000.1, max 1002.7 (flows=3, counters=5) -- the LAST-N figure is the current denominator; the since-start one lags it
[2026-09-01 06:16:04.433] [info] [[94mFlowLinkUsageCollector.cpp[0m:[95m2016[0m [96mcalAvgFlowSendingRatesPeriodically[0m] rate divisor check: measured_interval_s=1.002830 divisor_used_s=1.002830 (ticket Q gate: these must agree to 1%; a negative divisor means no rate has been published yet, which is not a pass)
[2026-09-01 06:16:04.438] [info] [[94mControllerAndOtherEventHandler.cpp[0m:[95m239[0m [96moperator()[0m] Accepted new connection
[2026-09-01 06:16:04.438] [info] [[94mHttpSession.cpp[0m:[95m96[0m [96mhandleRequest[0m] Got request: GET /ndt/get_graph_data
[2026-09-01 06:16:04.438] [info] [[94mHttpSession.cpp[0m:[95m531[0m [96mhandleGetGraphData[0m] Handle Get Graph Data
[2026-09-01 06:16:04.449] [info] [[94mHttpSession.cpp[0m:[95m576[0m [96mhandleGetGraphData[0m] get_graph_data success
[2026-09-01 06:16:04.688] [info] [[94mControllerAndOtherEventHandler.cpp[0m:[95m239[0m [96moperator()[0m] Accepted new connection
[2026-09-01 06:16:04.688] [info] [[94mHttpSession.cpp[0m:[95m96[0m [96mhandleRequest[0m] Got request: GET /ndt/get_graph_data
[2026-09-01 06:16:04.688] [info] [[94mHttpSession.cpp[0m:[95m531[0m [96mhandleGetGraphData[0m] Handle Get Graph Data
[2026-09-01 06:16:04.700] [info] [[94mHttpSession.cpp[0m:[95m576[0m [96mhandleGetGraphData[0m] get_graph_data success
[2026-09-01 06:16:04.937] [info] [[94mControllerAndOtherEventHandler.cpp[0m:[95m239[0m [96moperator()[0m] Accepted new connection
[2026-09-01 06:16:04.937] [info] [[94mHttpSession.cpp[0m:[95m96[0m [96mhandleRequest[0m] Got request: GET /ndt/get_graph_data
[2026-09-01 06:16:04.937] [info] [[94mHttpSession.cpp[0m:[95m531[0m [96mhandleGetGraphData[0m] Handle Get Graph Data
[2026-09-01 06:16:04.955] [info] [[94mHttpSession.cpp[0m:[95m576[0m [96mhandleGetGraphData[0m] get_graph_data success
[2026-09-01 06:16:05.188] [info] [[94mControllerAndOtherEventHandler.cpp[0m:[95m239[0m [96moperator()[0m] Accepted new connection
[2026-09-01 06:16:05.188] [info] [[94mHttpSession.cpp[0m:[95m96[0m [96mhandleRequest[0m] Got request: GET /ndt/get_graph_data
[2026-09-01 06:16:05.188] [info] [[94mHttpSession.cpp[0m:[95m531[0m [96mhandleGetGraphData[0m] Handle Get Graph Data
[2026-09-01 06:16:05.201] [info] [[94mHttpSession.cpp[0m:[95m576[0m [96mhandleGetGraphData[0m] get_graph_data success
[2026-09-01 06:16:05.438] [info] [[94mControllerAndOtherEventHandler.cpp[0m:[95m239[0m [96moperator()[0m] Accepted new connection
[2026-09-01 06:16:05.438] [info] [[94mHttpSession.cpp[0m:[95m96[0m [96mhandleRequest[0m] Got request: GET /ndt/get_graph_data
[2026-09-01 06:16:05.438] [info] [[94mHttpSession.cpp[0m:[95m531[0m [96mhandleGetGraphData[0m] Handle Get Graph Data
[2026-09-01 06:16:05.450] [info] [[94mHttpSession.cpp[0m:[95m576[0m [96mhandleGetGraphData[0m] get_graph_data success
[2026-09-01 06:16:05.688] [info] [[94mControllerAndOtherEventHandler.cpp[0m:[95m239[0m [96moperator()[0m] Accepted new connection
[2026-09-01 06:16:05.688] [info] [[94mHttpSession.cpp[0m:[95m96[0m [96mhandleRequest[0m] Got request: GET /ndt/get_graph_data
[2026-09-01 06:16:05.688] [info] [[94mHttpSession.cpp[0m:[95m531[0m [96mhandleGetGraphData[0m] Handle Get Graph Data
[2026-09-01 06:16:05.705] [info] [[94mHttpSession.cpp[0m:[95m576[0m [96mhandleGetGraphData[0m] get_graph_data success
[2026-09-01 06:16:05.938] [info] [[94mControllerAndOtherEventHandler.cpp[0m:[95m239[0m [96moperator()[0m] Accepted new connection
[2026-09-01 06:16:05.938] [info] [[94mHttpSession.cpp[0m:[95m96[0m [96mhandleRequest[0m] Got request: GET /ndt/get_graph_data
[2026-09-01 06:16:05.938] [info] [[94mHttpSession.cpp[0m:[95m531[0m [96mhandleGetGraphData[0m] Handle Get Graph Data
[2026-09-01 06:16:05.956] [info] [[94mHttpSession.cpp[0m:[95m576[0m [96mhandleGetGraphData[0m] get_graph_data success
[2026-09-01 06:16:06.188] [info] [[94mControllerAndOtherEventHandler.cpp[0m:[95m239[0m [96moperator()[0m] Accepted new connection
[2026-09-01 06:16:06.188] [info] [[94mHttpSession.cpp[0m:[95m96[0m [96mhandleRequest[0m] Got request: GET /ndt/get_graph_data
[2026-09-01 06:16:06.188] [info] [[94mHttpSession.cpp[0m:[95m531[0m [96mhandleGetGraphData[0m] Handle Get Graph Data
[2026-09-01 06:16:06.199] [info] [[94mHttpSession.cpp[0m:[95m576[0m [96mhandleGetGraphData[0m] get_graph_data success
[2026-09-01 06:16:06.439] [info] [[94mControllerAndOtherEventHandler.cpp[0m:[95m239[0m [96moperator()[0m] Accepted new connection
[2026-09-01 06:16:06.439] [info] [[94mHttpSession.cpp[0m:[95m96[0m [96mhandleRequest[0m] Got request: GET /ndt/get_graph_data
[2026-09-01 06:16:06.439] [info] [[94mHttpSession.cpp[0m:[95m531[0m [96mhandleGetGraphData[0m] Handle Get Graph Data
[2026-09-01 06:16:06.458] [info] [[94mHttpSession.cpp[0m:[95m576[0m [96mhandleGetGraphData[0m] get_graph_data success
[2026-09-01 06:16:06.689] [info] [[94mControllerAndOtherEventHandler.cpp[0m:[95m239[0m [96moperator()[0m] Accepted new connection
[2026-09-01 06:16:06.689] [info] [[94mHttpSession.cpp[0m:[95m96[0m [96mhandleRequest[0m] Got request: GET /ndt/get_graph_data
[2026-09-01 06:16:06.689] [info] [[94mHttpSession.cpp[0m:[95m531[0m [96mhandleGetGraphData[0m] Handle Get Graph Data
[2026-09-01 06:16:06.707] [info] [[94mHttpSession.cpp[0m:[95m576[0m [96mhandleGetGraphData[0m] get_graph_data success
[2026-09-01 06:16:06.939] [info] [[94mControllerAndOtherEventHandler.cpp[0m:[95m239[0m [96moperator()[0m] Accepted new connection
[2026-09-01 06:16:06.939] [info] [[94mHttpSession.cpp[0m:[95m96[0m [96mhandleRequest[0m] Got request: GET /ndt/get_graph_data
[2026-09-01 06:16:06.939] [info] [[94mHttpSession.cpp[0m:[95m531[0m [96mhandleGetGraphData[0m] Handle Get Graph Data
[2026-09-01 06:16:06.957] [info] [[94mHttpSession.cpp[0m:[95m576[0m [96mhandleGetGraphData[0m] get_graph_data success
[2026-09-01 06:16:07.189] [info] [[94mControllerAndOtherEventHandler.cpp[0m:[95m239[0m [96moperator()[0m] Accepted new connection
[2026-09-01 06:16:07.189] [info] [[94mHttpSession.cpp[0m:[95m96[0m [96mhandleRequest[0m] Got request: GET /ndt/get_graph_data
[2026-09-01 06:16:07.189] [info] [[94mHttpSession.cpp[0m:[95m531[0m [96mhandleGetGraphData[0m] Handle Get Graph Data
[2026-09-01 06:16:07.203] [info] [[94mHttpSession.cpp[0m:[95m576[0m [96mhandleGetGraphData[0m] get_graph_data success
[2026-09-01 06:16:07.439] [info] [[94mControllerAndOtherEventHandler.cpp[0m:[95m239[0m [96moperator()[0m] Accepted new connection
[2026-09-01 06:16:07.439] [info] [[94mHttpSession.cpp[0m:[95m96[0m [96mhandleRequest[0m] Got request: GET /ndt/get_graph_data
[2026-09-01 06:16:07.439] [info] [[94mHttpSession.cpp[0m:[95m531[0m [96mhandleGetGraphData[0m] Handle Get Graph Data
[2026-09-01 06:16:07.457] [info] [[94mHttpSession.cpp[0m:[95m576[0m [96mhandleGetGraphData[0m] get_graph_data success
[2026-09-01 06:16:07.689] [info] [[94mControllerAndOtherEventHandler.cpp[0m:[95m239[0m [96moperator()[0m] Accepted new connection
[2026-09-01 06:16:07.689] [info] [[94mHttpSession.cpp[0m:[95m96[0m [96mhandleRequest[0m] Got request: GET /ndt/get_graph_data
[2026-09-01 06:16:07.689] [info] [[94mHttpSession.cpp[0m:[95m531[0m [96mhandleGetGraphData[0m] Handle Get Graph Data
[2026-09-01 06:16:07.707] [info] [[94mHttpSession.cpp[0m:[95m576[0m [96mhandleGetGraphData[0m] get_graph_data success
[2026-09-01 06:16:07.938] [info] [[94mControllerAndOtherEventHandler.cpp[0m:[95m239[0m [96moperator()[0m] Accepted new connection
[2026-09-01 06:16:07.939] [info] [[94mHttpSession.cpp[0m:[95m96[0m [96mhandleRequest[0m] Got request: GET /ndt/get_graph_data
[2026-09-01 06:16:07.939] [info] [[94mHttpSession.cpp[0m:[95m531[0m [96mhandleGetGraphData[0m] Handle Get Graph Data
[2026-09-01 06:16:07.953] [info] [[94mHttpSession.cpp[0m:[95m576[0m [96mhandleGetGraphData[0m] get_graph_data success
[2026-09-01 06:16:08.188] [info] [[94mControllerAndOtherEventHandler.cpp[0m:[95m239[0m [96moperator()[0m] Accepted new connection
[2026-09-01 06:16:08.189] [info] [[94mHttpSession.cpp[0m:[95m96[0m [96mhandleRequest[0m] Got request: GET /ndt/get_graph_data
[2026-09-01 06:16:08.189] [info] [[94mHttpSession.cpp[0m:[95m531[0m [96mhandleGetGraphData[0m] Handle Get Graph Data
[2026-09-01 06:16:08.207] [info] [[94mHttpSession.cpp[0m:[95m576[0m [96mhandleGetGraphData[0m] get_graph_data success
[2026-09-01 06:16:08.439] [info] [[94mControllerAndOtherEventHandler.cpp[0m:[95m239[0m [96moperator()[0m] Accepted new connection
[2026-09-01 06:16:08.439] [info] [[94mHttpSession.cpp[0m:[95m96[0m [96mhandleRequest[0m] Got request: GET /ndt/get_graph_data
[2026-09-01 06:16:08.439] [info] [[94mHttpSession.cpp[0m:[95m531[0m [96mhandleGetGraphData[0m] Handle Get Graph Data
[2026-09-01 06:16:08.457] [info] [[94mHttpSession.cpp[0m:[95m576[0m [96mhandleGetGraphData[0m] get_graph_data success
[2026-09-01 06:16:08.689] [info] [[94mControllerAndOtherEventHandler.cpp[0m:[95m239[0m [96moperator()[0m] Accepted new connection
[2026-09-01 06:16:08.690] [info] [[94mHttpSession.cpp[0m:[95m96[0m [96mhandleRequest[0m] Got request: GET /ndt/get_graph_data
[2026-09-01 06:16:08.690] [info] [[94mHttpSession.cpp[0m:[95m531[0m [96mhandleGetGraphData[0m] Handle Get Graph Data
[2026-09-01 06:16:08.702] [info] [[94mHttpSession.cpp[0m:[95m576[0m [96mhandleGetGraphData[0m] get_graph_data success
[2026-09-01 06:16:08.939] [info] [[94mControllerAndOtherEventHandler.cpp[0m:[95m239[0m [96moperator()[0m] Accepted new connection
[2026-09-01 06:16:08.940] [info] [[94mHttpSession.cpp[0m:[95m96[0m [96mhandleRequest[0m] Got request: GET /ndt/get_graph_data
[2026-09-01 06:16:08.940] [info] [[94mHttpSession.cpp[0m:[95m531[0m [96mhandleGetGraphData[0m] Handle Get Graph Data
[2026-09-01 06:16:08.959] [info] [[94mHttpSession.cpp[0m:[95m576[0m [96mhandleGetGraphData[0m] get_graph_data success
[2026-09-01 06:16:09.189] [info] [[94mControllerAndOtherEventHandler.cpp[0m:[95m239[0m [96moperator()[0m] Accepted new connection
[2026-09-01 06:16:09.189] [info] [[94mHttpSession.cpp[0m:[95m96[0m [96mhandleRequest[0m] Got request: GET /ndt/get_graph_data
[2026-09-01 06:16:09.189] [info] [[94mHttpSession.cpp[0m:[95m531[0m [96mhandleGetGraphData[0m] Handle Get Graph Data
[2026-09-01 06:16:09.208] [info] [[94mHttpSession.cpp[0m:[95m576[0m [96mhandleGetGraphData[0m] get_graph_data success
[2026-09-01 06:16:09.439] [info] [[94mControllerAndOtherEventHandler.cpp[0m:[95m239[0m [96moperator()[0m] Accepted new connection
[2026-09-01 06:16:09.439] [info] [[94mHttpSession.cpp[0m:[95m96[0m [96mhandleRequest[0m] Got request: GET /ndt/get_graph_data
[2026-09-01 06:16:09.439] [info] [[94mHttpSession.cpp[0m:[95m531[0m [96mhandleGetGraphData[0m] Handle Get Graph Data
[2026-09-01 06:16:09.457] [info] [[94mHttpSession.cpp[0m:[95m576[0m [96mhandleGetGraphData[0m] get_graph_data success
[2026-09-01 06:16:09.690] [info] [[94mControllerAndOtherEventHandler.cpp[0m:[95m239[0m [96moperator()[0m] Accepted new connection
[2026-09-01 06:16:09.690] [info] [[94mHttpSession.cpp[0m:[95m96[0m [96mhandleRequest[0m] Got request: GET /ndt/get_graph_data
[2026-09-01 06:16:09.690] [info] [[94mHttpSession.cpp[0m:[95m531[0m [96mhandleGetGraphData[0m] Handle Get Graph Data
[2026-09-01 06:16:09.709] [info] [[94mHttpSession.cpp[0m:[95m576[0m [96mhandleGetGraphData[0m] get_graph_data success
[2026-09-01 06:16:09.940] [info] [[94mControllerAndOtherEventHandler.cpp[0m:[95m239[0m [96moperator()[0m] Accepted new connection
[2026-09-01 06:16:09.940] [info] [[94mHttpSession.cpp[0m:[95m96[0m [96mhandleRequest[0m] Got request: GET /ndt/get_graph_data
[2026-09-01 06:16:09.940] [info] [[94mHttpSession.cpp[0m:[95m531[0m [96mhandleGetGraphData[0m] Handle Get Graph Data
[2026-09-01 06:16:09.952] [info] [[94mHttpSession.cpp[0m:[95m576[0m [96mhandleGetGraphData[0m] get_graph_data success
[2026-09-01 06:16:10.190] [info] [[94mControllerAndOtherEventHandler.cpp[0m:[95m239[0m [96moperator()[0m] Accepted new connection
[2026-09-01 06:16:10.190] [info] [[94mHttpSession.cpp[0m:[95m96[0m [96mhandleRequest[0m] Got request: GET /ndt/get_graph_data
[2026-09-01 06:16:10.190] [info] [[94mHttpSession.cpp[0m:[95m531[0m [96mhandleGetGraphData[0m] Handle Get Graph Data
[2026-09-01 06:16:10.208] [info] [[94mHttpSession.cpp[0m:[95m576[0m [96mhandleGetGraphData[0m] get_graph_data success
[2026-09-01 06:16:10.440] [info] [[94mControllerAndOtherEventHandler.cpp[0m:[95m239[0m [96moperator()[0m] Accepted new connection
[2026-09-01 06:16:10.440] [info] [[94mHttpSession.cpp[0m:[95m96[0m [96mhandleRequest[0m] Got request: GET /ndt/get_graph_data
[2026-09-01 06:16:10.440] [info] [[94mHttpSession.cpp[0m:[95m531[0m [96mhandleGetGraphData[0m] Handle Get Graph Data
[2026-09-01 06:16:10.453] [info] [[94mHttpSession.cpp[0m:[95m576[0m [96mhandleGetGraphData[0m] get_graph_data success
[2026-09-01 06:16:10.690] [info] [[94mControllerAndOtherEventHandler.cpp[0m:[95m239[0m [96moperator()[0m] Accepted new connection
[2026-09-01 06:16:10.690] [info] [[94mHttpSession.cpp[0m:[95m96[0m [96mhandleRequest[0m] Got request: GET /ndt/get_graph_data
[2026-09-01 06:16:10.690] [info] [[94mHttpSession.cpp[0m:[95m531[0m [96mhandleGetGraphData[0m] Handle Get Graph Data
[2026-09-01 06:16:10.704] [info] [[94mHttpSession.cpp[0m:[95m576[0m [96mhandleGetGraphData[0m] get_graph_data success
[2026-09-01 06:16:10.939] [info] [[94mControllerAndOtherEventHandler.cpp[0m:[95m239[0m [96moperator()[0m] Accepted new connection
[2026-09-01 06:16:10.940] [info] [[94mHttpSession.cpp[0m:[95m96[0m [96mhandleRequest[0m] Got request: GET /ndt/get_graph_data
[2026-09-01 06:16:10.940] [info] [[94mHttpSession.cpp[0m:[95m531[0m [96mhandleGetGraphData[0m] Handle Get Graph Data
[2026-09-01 06:16:10.957] [info] [[94mHttpSession.cpp[0m:[95m576[0m [96mhandleGetGraphData[0m] get_graph_data success
[2026-09-01 06:16:11.190] [info] [[94mControllerAndOtherEventHandler.cpp[0m:[95m239[0m [96moperator()[0m] Accepted new connection
[2026-09-01 06:16:11.190] [info] [[94mHttpSession.cpp[0m:[95m96[0m [96mhandleRequest[0m] Got request: GET /ndt/get_graph_data
[2026-09-01 06:16:11.190] [info] [[94mHttpSession.cpp[0m:[95m531[0m [96mhandleGetGraphData[0m] Handle Get Graph Data
[2026-09-01 06:16:11.203] [info] [[94mHttpSession.cpp[0m:[95m576[0m [96mhandleGetGraphData[0m] get_graph_data success
[2026-09-01 06:16:11.440] [info] [[94mControllerAndOtherEventHandler.cpp[0m:[95m239[0m [96moperator()[0m] Accepted new connection
[2026-09-01 06:16:11.440] [info] [[94mHttpSession.cpp[0m:[95m96[0m [96mhandleRequest[0m] Got request: GET /ndt/get_graph_data
[2026-09-01 06:16:11.440] [info] [[94mHttpSession.cpp[0m:[95m531[0m [96mhandleGetGraphData[0m] Handle Get Graph Data
[2026-09-01 06:16:11.453] [info] [[94mHttpSession.cpp[0m:[95m576[0m [96mhandleGetGraphData[0m] get_graph_data success
[2026-09-01 06:16:11.690] [info] [[94mControllerAndOtherEventHandler.cpp[0m:[95m239[0m [96moperator()[0m] Accepted new connection
[2026-09-01 06:16:11.691] [info] [[94mHttpSession.cpp[0m:[95m96[0m [96mhandleRequest[0m] Got request: GET /ndt/get_graph_data
[2026-09-01 06:16:11.691] [info] [[94mHttpSession.cpp[0m:[95m531[0m [96mhandleGetGraphData[0m] Handle Get Graph Data
[2026-09-01 06:16:11.709] [info] [[94mHttpSession.cpp[0m:[95m576[0m [96mhandleGetGraphData[0m] get_graph_data success
[2026-09-01 06:16:11.940] [info] [[94mControllerAndOtherEventHandler.cpp[0m:[95m239[0m [96moperator()[0m] Accepted new connection
[2026-09-01 06:16:11.940] [info] [[94mHttpSession.cpp[0m:[95m96[0m [96mhandleRequest[0m] Got request: GET /ndt/get_graph_data
[2026-09-01 06:16:11.940] [info] [[94mHttpSession.cpp[0m:[95m531[0m [96mhandleGetGraphData[0m] Handle Get Graph Data
[2026-09-01 06:16:11.957] [info] [[94mHttpSession.cpp[0m:[95m576[0m [96mhandleGetGraphData[0m] get_graph_data success
[2026-09-01 06:16:12.191] [info] [[94mControllerAndOtherEventHandler.cpp[0m:[95m239[0m [96moperator()[0m] Accepted new connection
[2026-09-01 06:16:12.191] [info] [[94mHttpSession.cpp[0m:[95m96[0m [96mhandleRequest[0m] Got request: GET /ndt/get_graph_data
[2026-09-01 06:16:12.191] [info] [[94mHttpSession.cpp[0m:[95m531[0m [96mhandleGetGraphData[0m] Handle Get Graph Data
[2026-09-01 06:16:12.203] [info] [[94mHttpSession.cpp[0m:[95m576[0m [96mhandleGetGraphData[0m] get_graph_data success
[2026-09-01 06:16:12.441] [info] [[94mControllerAndOtherEventHandler.cpp[0m:[95m239[0m [96moperator()[0m] Accepted new connection
[2026-09-01 06:16:12.441] [info] [[94mHttpSession.cpp[0m:[95m96[0m [96mhandleRequest[0m] Got request: GET /ndt/get_graph_data
[2026-09-01 06:16:12.441] [info] [[94mHttpSession.cpp[0m:[95m531[0m [96mhandleGetGraphData[0m] Handle Get Graph Data
[2026-09-01 06:16:12.460] [info] [[94mHttpSession.cpp[0m:[95m576[0m [96mhandleGetGraphData[0m] get_graph_data success
[2026-09-01 06:16:12.691] [info] [[94mControllerAndOtherEventHandler.cpp[0m:[95m239[0m [96moperator()[0m] Accepted new connection
[2026-09-01 06:16:12.691] [info] [[94mHttpSession.cpp[0m:[95m96[0m [96mhandleRequest[0m] Got request: GET /ndt/get_graph_data
[2026-09-01 06:16:12.691] [info] [[94mHttpSession.cpp[0m:[95m531[0m [96mhandleGetGraphData[0m] Handle Get Graph Data
[2026-09-01 06:16:12.709] [info] [[94mHttpSession.cpp[0m:[95m576[0m [96mhandleGetGraphData[0m] get_graph_data success
[2026-09-01 06:16:12.940] [info] [[94mControllerAndOtherEventHandler.cpp[0m:[95m239[0m [96moperator()[0m] Accepted new connection
[2026-09-01 06:16:12.940] [info] [[94mHttpSession.cpp[0m:[95m96[0m [96mhandleRequest[0m] Got request: GET /ndt/get_graph_data
[2026-09-01 06:16:12.940] [info] [[94mHttpSession.cpp[0m:[95m531[0m [96mhandleGetGraphData[0m] Handle Get Graph Data
[2026-09-01 06:16:12.955] [info] [[94mHttpSession.cpp[0m:[95m576[0m [96mhandleGetGraphData[0m] get_graph_data success
[2026-09-01 06:16:13.190] [info] [[94mControllerAndOtherEventHandler.cpp[0m:[95m239[0m [96moperator()[0m] Accepted new connection
[2026-09-01 06:16:13.190] [info] [[94mHttpSession.cpp[0m:[95m96[0m [96mhandleRequest[0m] Got request: GET /ndt/get_graph_data
[2026-09-01 06:16:13.190] [info] [[94mHttpSession.cpp[0m:[95m531[0m [96mhandleGetGraphData[0m] Handle Get Graph Data
[2026-09-01 06:16:13.203] [info] [[94mHttpSession.cpp[0m:[95m576[0m [96mhandleGetGraphData[0m] get_graph_data success
[2026-09-01 06:16:13.441] [info] [[94mControllerAndOtherEventHandler.cpp[0m:[95m239[0m [96moperator()[0m] Accepted new connection
[2026-09-01 06:16:13.441] [info] [[94mHttpSession.cpp[0m:[95m96[0m [96mhandleRequest[0m] Got request: GET /ndt/get_graph_data
[2026-09-01 06:16:13.441] [info] [[94mHttpSession.cpp[0m:[95m531[0m [96mhandleGetGraphData[0m] Handle Get Graph Data
[2026-09-01 06:16:13.460] [info] [[94mHttpSession.cpp[0m:[95m576[0m [96mhandleGetGraphData[0m] get_graph_data success
[2026-09-01 06:16:13.691] [info] [[94mControllerAndOtherEventHandler.cpp[0m:[95m239[0m [96moperator()[0m] Accepted new connection
[2026-09-01 06:16:13.691] [info] [[94mHttpSession.cpp[0m:[95m96[0m [96mhandleRequest[0m] Got request: GET /ndt/get_graph_data
[2026-09-01 06:16:13.691] [info] [[94mHttpSession.cpp[0m:[95m531[0m [96mhandleGetGraphData[0m] Handle Get Graph Data
[2026-09-01 06:16:13.709] [info] [[94mHttpSession.cpp[0m:[95m576[0m [96mhandleGetGraphData[0m] get_graph_data success
[2026-09-01 06:16:13.940] [info] [[94mControllerAndOtherEventHandler.cpp[0m:[95m239[0m [96moperator()[0m] Accepted new connection
[2026-09-01 06:16:13.941] [info] [[94mHttpSession.cpp[0m:[95m96[0m [96mhandleRequest[0m] Got request: GET /ndt/get_graph_data
[2026-09-01 06:16:13.941] [info] [[94mHttpSession.cpp[0m:[95m531[0m [96mhandleGetGraphData[0m] Handle Get Graph Data
[2026-09-01 06:16:13.952] [info] [[94mHttpSession.cpp[0m:[95m576[0m [96mhandleGetGraphData[0m] get_graph_data success
[2026-09-01 06:16:14.191] [info] [[94mControllerAndOtherEventHandler.cpp[0m:[95m239[0m [96moperator()[0m] Accepted new connection
[2026-09-01 06:16:14.191] [info] [[94mHttpSession.cpp[0m:[95m96[0m [96mhandleRequest[0m] Got request: GET /ndt/get_graph_data
[2026-09-01 06:16:14.191] [info] [[94mHttpSession.cpp[0m:[95m531[0m [96mhandleGetGraphData[0m] Handle Get Graph Data
[2026-09-01 06:16:14.204] [info] [[94mHttpSession.cpp[0m:[95m576[0m [96mhandleGetGraphData[0m] get_graph_data success
[2026-09-01 06:16:14.441] [info] [[94mControllerAndOtherEventHandler.cpp[0m:[95m239[0m [96moperator()[0m] Accepted new connection
[2026-09-01 06:16:14.441] [info] [[94mHttpSession.cpp[0m:[95m96[0m [96mhandleRequest[0m] Got request: GET /ndt/get_graph_data
[2026-09-01 06:16:14.441] [info] [[94mHttpSession.cpp[0m:[95m531[0m [96mhandleGetGraphData[0m] Handle Get Graph Data
[2026-09-01 06:16:14.460] [info] [[94mHttpSession.cpp[0m:[95m576[0m [96mhandleGetGraphData[0m] get_graph_data success
[2026-09-01 06:16:14.691] [info] [[94mControllerAndOtherEventHandler.cpp[0m:[95m239[0m [96moperator()[0m] Accepted new connection
[2026-09-01 06:16:14.691] [info] [[94mHttpSession.cpp[0m:[95m96[0m [96mhandleRequest[0m] Got request: GET /ndt/get_graph_data
[2026-09-01 06:16:14.691] [info] [[94mHttpSession.cpp[0m:[95m531[0m [96mhandleGetGraphData[0m] Handle Get Graph Data
[2026-09-01 06:16:14.708] [info] [[94mHttpSession.cpp[0m:[95m576[0m [96mhandleGetGraphData[0m] get_graph_data success
[2026-09-01 06:16:14.941] [info] [[94mControllerAndOtherEventHandler.cpp[0m:[95m239[0m [96moperator()[0m] Accepted new connection
[2026-09-01 06:16:14.941] [info] [[94mHttpSession.cpp[0m:[95m96[0m [96mhandleRequest[0m] Got request: GET /ndt/get_graph_data
[2026-09-01 06:16:14.941] [info] [[94mHttpSession.cpp[0m:[95m531[0m [96mhandleGetGraphData[0m] Handle Get Graph Data
[2026-09-01 06:16:14.960] [info] [[94mHttpSession.cpp[0m:[95m576[0m [96mhandleGetGraphData[0m] get_graph_data success
[2026-09-01 06:16:15.191] [info] [[94mControllerAndOtherEventHandler.cpp[0m:[95m239[0m [96moperator()[0m] Accepted new connection
[2026-09-01 06:16:15.191] [info] [[94mHttpSession.cpp[0m:[95m96[0m [96mhandleRequest[0m] Got request: GET /ndt/get_graph_data
[2026-09-01 06:16:15.192] [info] [[94mHttpSession.cpp[0m:[95m531[0m [96mhandleGetGraphData[0m] Handle Get Graph Data
[2026-09-01 06:16:15.208] [info] [[94mHttpSession.cpp[0m:[95m576[0m [96mhandleGetGraphData[0m] get_graph_data success
[2026-09-01 06:16:15.441] [info] [[94mControllerAndOtherEventHandler.cpp[0m:[95m239[0m [96moperator()[0m] Accepted new connection
[2026-09-01 06:16:15.441] [info] [[94mHttpSession.cpp[0m:[95m96[0m [96mhandleRequest[0m] Got request: GET /ndt/get_graph_data
[2026-09-01 06:16:15.441] [info] [[94mHttpSession.cpp[0m:[95m531[0m [96mhandleGetGraphData[0m] Handle Get Graph Data
[2026-09-01 06:16:15.461] [info] [[94mHttpSession.cpp[0m:[95m576[0m [96mhandleGetGraphData[0m] get_graph_data success
[2026-09-01 06:16:15.691] [info] [[94mControllerAndOtherEventHandler.cpp[0m:[95m239[0m [96moperator()[0m] Accepted new connection
[2026-09-01 06:16:15.691] [info] [[94mHttpSession.cpp[0m:[95m96[0m [96mhandleRequest[0m] Got request: GET /ndt/get_graph_data
[2026-09-01 06:16:15.691] [info] [[94mHttpSession.cpp[0m:[95m531[0m [96mhandleGetGraphData[0m] Handle Get Graph Data
[2026-09-01 06:16:15.706] [info] [[94mHttpSession.cpp[0m:[95m576[0m [96mhandleGetGraphData[0m] get_graph_data success
[2026-09-01 06:16:15.941] [info] [[94mControllerAndOtherEventHandler.cpp[0m:[95m239[0m [96moperator()[0m] Accepted new connection
[2026-09-01 06:16:15.941] [info] [[94mHttpSession.cpp[0m:[95m96[0m [96mhandleRequest[0m] Got request: GET /ndt/get_graph_data
[2026-09-01 06:16:15.941] [info] [[94mHttpSession.cpp[0m:[95m531[0m [96mhandleGetGraphData[0m] Handle Get Graph Data
[2026-09-01 06:16:15.960] [info] [[94mHttpSession.cpp[0m:[95m576[0m [96mhandleGetGraphData[0m] get_graph_data success
[2026-09-01 06:16:16.191] [info] [[94mControllerAndOtherEventHandler.cpp[0m:[95m239[0m [96moperator()[0m] Accepted new connection
[2026-09-01 06:16:16.191] [info] [[94mHttpSession.cpp[0m:[95m96[0m [96mhandleRequest[0m] Got request: GET /ndt/get_graph_data
[2026-09-01 06:16:16.191] [info] [[94mHttpSession.cpp[0m:[95m531[0m [96mhandleGetGraphData[0m] Handle Get Graph Data
[2026-09-01 06:16:16.210] [info] [[94mHttpSession.cpp[0m:[95m576[0m [96mhandleGetGraphData[0m] get_graph_data success
[2026-09-01 06:16:16.442] [info] [[94mControllerAndOtherEventHandler.cpp[0m:[95m239[0m [96moperator()[0m] Accepted new connection
[2026-09-01 06:16:16.442] [info] [[94mHttpSession.cpp[0m:[95m96[0m [96mhandleRequest[0m] Got request: GET /ndt/get_graph_data
[2026-09-01 06:16:16.442] [info] [[94mHttpSession.cpp[0m:[95m531[0m [96mhandleGetGraphData[0m] Handle Get Graph Data
[2026-09-01 06:16:16.460] [info] [[94mHttpSession.cpp[0m:[95m576[0m [96mhandleGetGraphData[0m] get_graph_data success
[2026-09-01 06:16:16.692] [info] [[94mControllerAndOtherEventHandler.cpp[0m:[95m239[0m [96moperator()[0m] Accepted new connection
[2026-09-01 06:16:16.692] [info] [[94mHttpSession.cpp[0m:[95m96[0m [96mhandleRequest[0m] Got request: GET /ndt/get_graph_data
[2026-09-01 06:16:16.692] [info] [[94mHttpSession.cpp[0m:[95m531[0m [96mhandleGetGraphData[0m] Handle Get Graph Data
[2026-09-01 06:16:16.708] [info] [[94mHttpSession.cpp[0m:[95m576[0m [96mhandleGetGraphData[0m] get_graph_data success
[2026-09-01 06:16:16.941] [info] [[94mControllerAndOtherEventHandler.cpp[0m:[95m239[0m [96moperator()[0m] Accepted new connection
[2026-09-01 06:16:16.942] [info] [[94mHttpSession.cpp[0m:[95m96[0m [96mhandleRequest[0m] Got request: GET /ndt/get_graph_data
[2026-09-01 06:16:16.942] [info] [[94mHttpSession.cpp[0m:[95m531[0m [96mhandleGetGraphData[0m] Handle Get Graph Data
[2026-09-01 06:16:16.958] [info] [[94mHttpSession.cpp[0m:[95m576[0m [96mhandleGetGraphData[0m] get_graph_data success
[2026-09-01 06:16:17.192] [info] [[94mControllerAndOtherEventHandler.cpp[0m:[95m239[0m [96moperator()[0m] Accepted new connection
[2026-09-01 06:16:17.192] [info] [[94mHttpSession.cpp[0m:[95m96[0m [96mhandleRequest[0m] Got request: GET /ndt/get_graph_data
[2026-09-01 06:16:17.192] [info] [[94mHttpSession.cpp[0m:[95m531[0m [96mhandleGetGraphData[0m] Handle Get Graph Data
[2026-09-01 06:16:17.208] [info] [[94mHttpSession.cpp[0m:[95m576[0m [96mhandleGetGraphData[0m] get_graph_data success
[2026-09-01 06:16:17.442] [info] [[94mControllerAndOtherEventHandler.cpp[0m:[95m239[0m [96moperator()[0m] Accepted new connection
[2026-09-01 06:16:17.442] [info] [[94mHttpSession.cpp[0m:[95m96[0m [96mhandleRequest[0m] Got request: GET /ndt/get_graph_data
[2026-09-01 06:16:17.442] [info] [[94mHttpSession.cpp[0m:[95m531[0m [96mhandleGetGraphData[0m] Handle Get Graph Data
[2026-09-01 06:16:17.460] [info] [[94mHttpSession.cpp[0m:[95m576[0m [96mhandleGetGraphData[0m] get_graph_data success
[2026-09-01 06:16:17.692] [info] [[94mControllerAndOtherEventHandler.cpp[0m:[95m239[0m [96moperator()[0m] Accepted new connection
[2026-09-01 06:16:17.694] [info] [[94mHttpSession.cpp[0m:[95m96[0m [96mhandleRequest[0m] Got request: GET /ndt/get_graph_data
[2026-09-01 06:16:17.694] [info] [[94mHttpSession.cpp[0m:[95m531[0m [96mhandleGetGraphData[0m] Handle Get Graph Data
[2026-09-01 06:16:17.708] [info] [[94mHttpSession.cpp[0m:[95m576[0m [96mhandleGetGraphData[0m] get_graph_data success
[2026-09-01 06:16:17.941] [info] [[94mControllerAndOtherEventHandler.cpp[0m:[95m239[0m [96moperator()[0m] Accepted new connection
[2026-09-01 06:16:17.941] [info] [[94mHttpSession.cpp[0m:[95m96[0m [96mhandleRequest[0m] Got request: GET /ndt/get_graph_data
[2026-09-01 06:16:17.942] [info] [[94mHttpSession.cpp[0m:[95m531[0m [96mhandleGetGraphData[0m] Handle Get Graph Data
[2026-09-01 06:16:17.953] [info] [[94mHttpSession.cpp[0m:[95m576[0m [96mhandleGetGraphData[0m] get_graph_data success
[2026-09-01 06:16:18.191] [info] [[94mControllerAndOtherEventHandler.cpp[0m:[95m239[0m [96moperator()[0m] Accepted new connection
[2026-09-01 06:16:18.192] [info] [[94mHttpSession.cpp[0m:[95m96[0m [96mhandleRequest[0m] Got request: GET /ndt/get_graph_data
[2026-09-01 06:16:18.192] [info] [[94mHttpSession.cpp[0m:[95m531[0m [96mhandleGetGraphData[0m] Handle Get Graph Data
[2026-09-01 06:16:18.208] [info] [[94mHttpSession.cpp[0m:[95m576[0m [96mhandleGetGraphData[0m] get_graph_data success
[2026-09-01 06:16:18.431] [info] [[94mFlowLinkUsageCollector.cpp[0m:[95m2255[0m [96mpurgeIdleFlows[0m] Flow Key: 10.0.0.1 -> 10.0.0.33 idles
[2026-09-01 06:16:18.431] [info] [[94mFlowLinkUsageCollector.cpp[0m:[95m2255[0m [96mpurgeIdleFlows[0m] Flow Key: 10.0.0.33 -> 10.0.0.1 idles
[2026-09-01 06:16:18.442] [info] [[94mControllerAndOtherEventHandler.cpp[0m:[95m239[0m [96moperator()[0m] Accepted new connection
[2026-09-01 06:16:18.442] [info] [[94mHttpSession.cpp[0m:[95m96[0m [96mhandleRequest[0m] Got request: GET /ndt/get_graph_data
[2026-09-01 06:16:18.442] [info] [[94mHttpSession.cpp[0m:[95m531[0m [96mhandleGetGraphData[0m] Handle Get Graph Data
[2026-09-01 06:16:18.461] [info] [[94mHttpSession.cpp[0m:[95m576[0m [96mhandleGetGraphData[0m] get_graph_data success
[2026-09-01 06:16:18.692] [info] [[94mControllerAndOtherEventHandler.cpp[0m:[95m239[0m [96moperator()[0m] Accepted new connection
[2026-09-01 06:16:18.692] [info] [[94mHttpSession.cpp[0m:[95m96[0m [96mhandleRequest[0m] Got request: GET /ndt/get_graph_data
[2026-09-01 06:16:18.692] [info] [[94mHttpSession.cpp[0m:[95m531[0m [96mhandleGetGraphData[0m] Handle Get Graph Data
[2026-09-01 06:16:18.710] [info] [[94mHttpSession.cpp[0m:[95m576[0m [96mhandleGetGraphData[0m] get_graph_data success
[2026-09-01 06:16:18.942] [info] [[94mControllerAndOtherEventHandler.cpp[0m:[95m239[0m [96moperator()[0m] Accepted new connection
[2026-09-01 06:16:18.942] [info] [[94mHttpSession.cpp[0m:[95m96[0m [96mhandleRequest[0m] Got request: GET /ndt/get_graph_data
[2026-09-01 06:16:18.942] [info] [[94mHttpSession.cpp[0m:[95m531[0m [96mhandleGetGraphData[0m] Handle Get Graph Data
[2026-09-01 06:16:18.958] [info] [[94mHttpSession.cpp[0m:[95m576[0m [96mhandleGetGraphData[0m] get_graph_data success
[2026-09-01 06:16:19.192] [info] [[94mControllerAndOtherEventHandler.cpp[0m:[95m239[0m [96moperator()[0m] Accepted new connection
[2026-09-01 06:16:19.192] [info] [[94mHttpSession.cpp[0m:[95m96[0m [96mhandleRequest[0m] Got request: GET /ndt/get_graph_data
[2026-09-01 06:16:19.192] [info] [[94mHttpSession.cpp[0m:[95m531[0m [96mhandleGetGraphData[0m] Handle Get Graph Data
[2026-09-01 06:16:19.209] [info] [[94mHttpSession.cpp[0m:[95m576[0m [96mhandleGetGraphData[0m] get_graph_data success
[2026-09-01 06:16:19.442] [info] [[94mControllerAndOtherEventHandler.cpp[0m:[95m239[0m [96moperator()[0m] Accepted new connection
[2026-09-01 06:16:19.442] [info] [[94mHttpSession.cpp[0m:[95m96[0m [96mhandleRequest[0m] Got request: GET /ndt/get_graph_data
[2026-09-01 06:16:19.442] [info] [[94mHttpSession.cpp[0m:[95m531[0m [96mhandleGetGraphData[0m] Handle Get Graph Data
[2026-09-01 06:16:19.461] [info] [[94mHttpSession.cpp[0m:[95m576[0m [96mhandleGetGraphData[0m] get_graph_data success
[2026-09-01 06:16:19.693] [info] [[94mControllerAndOtherEventHandler.cpp[0m:[95m239[0m [96moperator()[0m] Accepted new connection
[2026-09-01 06:16:19.693] [info] [[94mHttpSession.cpp[0m:[95m96[0m [96mhandleRequest[0m] Got request: GET /ndt/get_graph_data
[2026-09-01 06:16:19.693] [info] [[94mHttpSession.cpp[0m:[95m531[0m [96mhandleGetGraphData[0m] Handle Get Graph Data
[2026-09-01 06:16:19.706] [info] [[94mHttpSession.cpp[0m:[95m576[0m [96mhandleGetGraphData[0m] get_graph_data success
[2026-09-01 06:16:19.942] [info] [[94mControllerAndOtherEventHandler.cpp[0m:[95m239[0m [96moperator()[0m] Accepted new connection
[2026-09-01 06:16:19.943] [info] [[94mHttpSession.cpp[0m:[95m96[0m [96mhandleRequest[0m] Got request: GET /ndt/get_graph_data
[2026-09-01 06:16:19.943] [info] [[94mHttpSession.cpp[0m:[95m531[0m [96mhandleGetGraphData[0m] Handle Get Graph Data
[2026-09-01 06:16:19.956] [info] [[94mHttpSession.cpp[0m:[95m576[0m [96mhandleGetGraphData[0m] get_graph_data success
[2026-09-01 06:16:20.192] [info] [[94mControllerAndOtherEventHandler.cpp[0m:[95m239[0m [96moperator()[0m] Accepted new connection
[2026-09-01 06:16:20.192] [info] [[94mHttpSession.cpp[0m:[95m96[0m [96mhandleRequest[0m] Got request: GET /ndt/get_graph_data
[2026-09-01 06:16:20.192] [info] [[94mHttpSession.cpp[0m:[95m531[0m [96mhandleGetGraphData[0m] Handle Get Graph Data
[2026-09-01 06:16:20.209] [info] [[94mHttpSession.cpp[0m:[95m576[0m [96mhandleGetGraphData[0m] get_graph_data success
[2026-09-01 06:16:20.443] [info] [[94mControllerAndOtherEventHandler.cpp[0m:[95m239[0m [96moperator()[0m] Accepted new connection
[2026-09-01 06:16:20.443] [info] [[94mHttpSession.cpp[0m:[95m96[0m [96mhandleRequest[0m] Got request: GET /ndt/get_graph_data
[2026-09-01 06:16:20.443] [info] [[94mHttpSession.cpp[0m:[95m531[0m [96mhandleGetGraphData[0m] Handle Get Graph Data
[2026-09-01 06:16:20.463] [info] [[94mHttpSession.cpp[0m:[95m576[0m [96mhandleGetGraphData[0m] get_graph_data success
[2026-09-01 06:16:20.693] [info] [[94mControllerAndOtherEventHandler.cpp[0m:[95m239[0m [96moperator()[0m] Accepted new connection
[2026-09-01 06:16:20.693] [info] [[94mHttpSession.cpp[0m:[95m96[0m [96mhandleRequest[0m] Got request: GET /ndt/get_graph_data
[2026-09-01 06:16:20.693] [info] [[94mHttpSession.cpp[0m:[95m531[0m [96mhandleGetGraphData[0m] Handle Get Graph Data
[2026-09-01 06:16:20.712] [info] [[94mHttpSession.cpp[0m:[95m576[0m [96mhandleGetGraphData[0m] get_graph_data success
[2026-09-01 06:16:20.943] [info] [[94mControllerAndOtherEventHandler.cpp[0m:[95m239[0m [96moperator()[0m] Accepted new connection
[2026-09-01 06:16:20.943] [info] [[94mHttpSession.cpp[0m:[95m96[0m [96mhandleRequest[0m] Got request: GET /ndt/get_graph_data
[2026-09-01 06:16:20.943] [info] [[94mHttpSession.cpp[0m:[95m531[0m [96mhandleGetGraphData[0m] Handle Get Graph Data
[2026-09-01 06:16:20.961] [info] [[94mHttpSession.cpp[0m:[95m576[0m [96mhandleGetGraphData[0m] get_graph_data success
[2026-09-01 06:16:21.193] [info] [[94mControllerAndOtherEventHandler.cpp[0m:[95m239[0m [96moperator()[0m] Accepted new connection
[2026-09-01 06:16:21.193] [info] [[94mHttpSession.cpp[0m:[95m96[0m [96mhandleRequest[0m] Got request: GET /ndt/get_graph_data
[2026-09-01 06:16:21.193] [info] [[94mHttpSession.cpp[0m:[95m531[0m [96mhandleGetGraphData[0m] Handle Get Graph Data
[2026-09-01 06:16:21.212] [info] [[94mHttpSession.cpp[0m:[95m576[0m [96mhandleGetGraphData[0m] get_graph_data success
[2026-09-01 06:16:21.443] [info] [[94mControllerAndOtherEventHandler.cpp[0m:[95m239[0m [96moperator()[0m] Accepted new connection
[2026-09-01 06:16:21.443] [info] [[94mHttpSession.cpp[0m:[95m96[0m [96mhandleRequest[0m] Got request: GET /ndt/get_graph_data
[2026-09-01 06:16:21.443] [info] [[94mHttpSession.cpp[0m:[95m531[0m [96mhandleGetGraphData[0m] Handle Get Graph Data
[2026-09-01 06:16:21.460] [info] [[94mHttpSession.cpp[0m:[95m576[0m [96mhandleGetGraphData[0m] get_graph_data success
[2026-09-01 06:16:21.694] [info] [[94mControllerAndOtherEventHandler.cpp[0m:[95m239[0m [96moperator()[0m] Accepted new connection
[2026-09-01 06:16:21.694] [info] [[94mHttpSession.cpp[0m:[95m96[0m [96mhandleRequest[0m] Got request: GET /ndt/get_graph_data
[2026-09-01 06:16:21.694] [info] [[94mHttpSession.cpp[0m:[95m531[0m [96mhandleGetGraphData[0m] Handle Get Graph Data
[2026-09-01 06:16:21.710] [info] [[94mHttpSession.cpp[0m:[95m576[0m [96mhandleGetGraphData[0m] get_graph_data success
[2026-09-01 06:16:21.943] [info] [[94mControllerAndOtherEventHandler.cpp[0m:[95m239[0m [96moperator()[0m] Accepted new connection
[2026-09-01 06:16:21.943] [info] [[94mHttpSession.cpp[0m:[95m96[0m [96mhandleRequest[0m] Got request: GET /ndt/get_graph_data
[2026-09-01 06:16:21.943] [info] [[94mHttpSession.cpp[0m:[95m531[0m [96mhandleGetGraphData[0m] Handle Get Graph Data
[2026-09-01 06:16:21.962] [info] [[94mHttpSession.cpp[0m:[95m576[0m [96mhandleGetGraphData[0m] get_graph_data success
[2026-09-01 06:16:22.193] [info] [[94mControllerAndOtherEventHandler.cpp[0m:[95m239[0m [96moperator()[0m] Accepted new connection
[2026-09-01 06:16:22.193] [info] [[94mHttpSession.cpp[0m:[95m96[0m [96mhandleRequest[0m] Got request: GET /ndt/get_graph_data
[2026-09-01 06:16:22.193] [info] [[94mHttpSession.cpp[0m:[95m531[0m [96mhandleGetGraphData[0m] Handle Get Graph Data
[2026-09-01 06:16:22.211] [info] [[94mHttpSession.cpp[0m:[95m576[0m [96mhandleGetGraphData[0m] get_graph_data success
[2026-09-01 06:16:22.443] [info] [[94mControllerAndOtherEventHandler.cpp[0m:[95m239[0m [96moperator()[0m] Accepted new connection
[2026-09-01 06:16:22.443] [info] [[94mHttpSession.cpp[0m:[95m96[0m [96mhandleRequest[0m] Got request: GET /ndt/get_graph_data
[2026-09-01 06:16:22.443] [info] [[94mHttpSession.cpp[0m:[95m531[0m [96mhandleGetGraphData[0m] Handle Get Graph Data
[2026-09-01 06:16:22.462] [info] [[94mHttpSession.cpp[0m:[95m576[0m [96mhandleGetGraphData[0m] get_graph_data success
[2026-09-01 06:16:22.693] [info] [[94mControllerAndOtherEventHandler.cpp[0m:[95m239[0m [96moperator()[0m] Accepted new connection
[2026-09-01 06:16:22.693] [info] [[94mHttpSession.cpp[0m:[95m96[0m [96mhandleRequest[0m] Got request: GET /ndt/get_graph_data
[2026-09-01 06:16:22.693] [info] [[94mHttpSession.cpp[0m:[95m531[0m [96mhandleGetGraphData[0m] Handle Get Graph Data
[2026-09-01 06:16:22.709] [info] [[94mHttpSession.cpp[0m:[95m576[0m [96mhandleGetGraphData[0m] get_graph_data success
[2026-09-01 06:16:22.943] [info] [[94mControllerAndOtherEventHandler.cpp[0m:[95m239[0m [96moperator()[0m] Accepted new connection
[2026-09-01 06:16:22.943] [info] [[94mHttpSession.cpp[0m:[95m96[0m [96mhandleRequest[0m] Got request: GET /ndt/get_graph_data
[2026-09-01 06:16:22.943] [info] [[94mHttpSession.cpp[0m:[95m531[0m [96mhandleGetGraphData[0m] Handle Get Graph Data
[2026-09-01 06:16:22.962] [info] [[94mHttpSession.cpp[0m:[95m576[0m [96mhandleGetGraphData[0m] get_graph_data success
[2026-09-01 06:16:23.193] [info] [[94mControllerAndOtherEventHandler.cpp[0m:[95m239[0m [96moperator()[0m] Accepted new connection
[2026-09-01 06:16:23.194] [info] [[94mHttpSession.cpp[0m:[95m96[0m [96mhandleRequest[0m] Got request: GET /ndt/get_graph_data
[2026-09-01 06:16:23.194] [info] [[94mHttpSession.cpp[0m:[95m531[0m [96mhandleGetGraphData[0m] Handle Get Graph Data
[2026-09-01 06:16:23.210] [info] [[94mHttpSession.cpp[0m:[95m576[0m [96mhandleGetGraphData[0m] get_graph_data success
[2026-09-01 06:16:23.444] [info] [[94mControllerAndOtherEventHandler.cpp[0m:[95m239[0m [96moperator()[0m] Accepted new connection
[2026-09-01 06:16:23.444] [info] [[94mHttpSession.cpp[0m:[95m96[0m [96mhandleRequest[0m] Got request: GET /ndt/get_graph_data
[2026-09-01 06:16:23.444] [info] [[94mHttpSession.cpp[0m:[95m531[0m [96mhandleGetGraphData[0m] Handle Get Graph Data
[2026-09-01 06:16:23.456] [info] [[94mHttpSession.cpp[0m:[95m576[0m [96mhandleGetGraphData[0m] get_graph_data success
[2026-09-01 06:16:23.694] [info] [[94mControllerAndOtherEventHandler.cpp[0m:[95m239[0m [96moperator()[0m] Accepted new connection
[2026-09-01 06:16:23.694] [info] [[94mHttpSession.cpp[0m:[95m96[0m [96mhandleRequest[0m] Got request: GET /ndt/get_graph_data
[2026-09-01 06:16:23.694] [info] [[94mHttpSession.cpp[0m:[95m531[0m [96mhandleGetGraphData[0m] Handle Get Graph Data
[2026-09-01 06:16:23.706] [info] [[94mHttpSession.cpp[0m:[95m576[0m [96mhandleGetGraphData[0m] get_graph_data success
[2026-09-01 06:16:23.943] [info] [[94mControllerAndOtherEventHandler.cpp[0m:[95m239[0m [96moperator()[0m] Accepted new connection
[2026-09-01 06:16:23.943] [info] [[94mHttpSession.cpp[0m:[95m96[0m [96mhandleRequest[0m] Got request: GET /ndt/get_graph_data
[2026-09-01 06:16:23.943] [info] [[94mHttpSession.cpp[0m:[95m531[0m [96mhandleGetGraphData[0m] Handle Get Graph Data
[2026-09-01 06:16:23.962] [info] [[94mHttpSession.cpp[0m:[95m576[0m [96mhandleGetGraphData[0m] get_graph_data success
[2026-09-01 06:16:24.194] [info] [[94mControllerAndOtherEventHandler.cpp[0m:[95m239[0m [96moperator()[0m] Accepted new connection
[2026-09-01 06:16:24.194] [info] [[94mHttpSession.cpp[0m:[95m96[0m [96mhandleRequest[0m] Got request: GET /ndt/get_graph_data
[2026-09-01 06:16:24.194] [info] [[94mHttpSession.cpp[0m:[95m531[0m [96mhandleGetGraphData[0m] Handle Get Graph Data
[2026-09-01 06:16:24.213] [info] [[94mHttpSession.cpp[0m:[95m576[0m [96mhandleGetGraphData[0m] get_graph_data success
[2026-09-01 06:16:24.444] [info] [[94mControllerAndOtherEventHandler.cpp[0m:[95m239[0m [96moperator()[0m] Accepted new connection
[2026-09-01 06:16:24.444] [info] [[94mHttpSession.cpp[0m:[95m96[0m [96mhandleRequest[0m] Got request: GET /ndt/get_graph_data
[2026-09-01 06:16:24.444] [info] [[94mHttpSession.cpp[0m:[95m531[0m [96mhandleGetGraphData[0m] Handle Get Graph Data
[2026-09-01 06:16:24.459] [info] [[94mHttpSession.cpp[0m:[95m576[0m [96mhandleGetGraphData[0m] get_graph_data success
[2026-09-01 06:16:24.695] [info] [[94mControllerAndOtherEventHandler.cpp[0m:[95m239[0m [96moperator()[0m] Accepted new connection
[2026-09-01 06:16:24.695] [info] [[94mHttpSession.cpp[0m:[95m96[0m [96mhandleRequest[0m] Got request: GET /ndt/get_graph_data
[2026-09-01 06:16:24.695] [info] [[94mHttpSession.cpp[0m:[95m531[0m [96mhandleGetGraphData[0m] Handle Get Graph Data
[2026-09-01 06:16:24.712] [info] [[94mHttpSession.cpp[0m:[95m576[0m [96mhandleGetGraphData[0m] get_graph_data success
[2026-09-01 06:16:24.944] [info] [[94mControllerAndOtherEventHandler.cpp[0m:[95m239[0m [96moperator()[0m] Accepted new connection
[2026-09-01 06:16:24.944] [info] [[94mHttpSession.cpp[0m:[95m96[0m [96mhandleRequest[0m] Got request: GET /ndt/get_graph_data
[2026-09-01 06:16:24.944] [info] [[94mHttpSession.cpp[0m:[95m531[0m [96mhandleGetGraphData[0m] Handle Get Graph Data
[2026-09-01 06:16:24.959] [info] [[94mHttpSession.cpp[0m:[95m576[0m [96mhandleGetGraphData[0m] get_graph_data success
[2026-09-01 06:16:25.194] [info] [[94mControllerAndOtherEventHandler.cpp[0m:[95m239[0m [96moperator()[0m] Accepted new connection
[2026-09-01 06:16:25.194] [info] [[94mHttpSession.cpp[0m:[95m96[0m [96mhandleRequest[0m] Got request: GET /ndt/get_graph_data
[2026-09-01 06:16:25.194] [info] [[94mHttpSession.cpp[0m:[95m531[0m [96mhandleGetGraphData[0m] Handle Get Graph Data
[2026-09-01 06:16:25.207] [info] [[94mHttpSession.cpp[0m:[95m576[0m [96mhandleGetGraphData[0m] get_graph_data success
[2026-09-01 06:16:25.444] [info] [[94mControllerAndOtherEventHandler.cpp[0m:[95m239[0m [96moperator()[0m] Accepted new connection
[2026-09-01 06:16:25.444] [info] [[94mHttpSession.cpp[0m:[95m96[0m [96mhandleRequest[0m] Got request: GET /ndt/get_graph_data
[2026-09-01 06:16:25.444] [info] [[94mHttpSession.cpp[0m:[95m531[0m [96mhandleGetGraphData[0m] Handle Get Graph Data
[2026-09-01 06:16:25.463] [info] [[94mHttpSession.cpp[0m:[95m576[0m [96mhandleGetGraphData[0m] get_graph_data success
[2026-09-01 06:16:25.695] [info] [[94mControllerAndOtherEventHandler.cpp[0m:[95m239[0m [96moperator()[0m] Accepted new connection
[2026-09-01 06:16:25.695] [info] [[94mHttpSession.cpp[0m:[95m96[0m [96mhandleRequest[0m] Got request: GET /ndt/get_graph_data
[2026-09-01 06:16:25.695] [info] [[94mHttpSession.cpp[0m:[95m531[0m [96mhandleGetGraphData[0m] Handle Get Graph Data
[2026-09-01 06:16:25.714] [info] [[94mHttpSession.cpp[0m:[95m576[0m [96mhandleGetGraphData[0m] get_graph_data success
[2026-09-01 06:16:25.944] [info] [[94mControllerAndOtherEventHandler.cpp[0m:[95m239[0m [96moperator()[0m] Accepted new connection
[2026-09-01 06:16:25.944] [info] [[94mHttpSession.cpp[0m:[95m96[0m [96mhandleRequest[0m] Got request: GET /ndt/get_graph_data
[2026-09-01 06:16:25.944] [info] [[94mHttpSession.cpp[0m:[95m531[0m [96mhandleGetGraphData[0m] Handle Get Graph Data
[2026-09-01 06:16:25.962] [info] [[94mHttpSession.cpp[0m:[95m576[0m [96mhandleGetGraphData[0m] get_graph_data success
[2026-09-01 06:16:26.194] [info] [[94mControllerAndOtherEventHandler.cpp[0m:[95m239[0m [96moperator()[0m] Accepted new connection
[2026-09-01 06:16:26.194] [info] [[94mHttpSession.cpp[0m:[95m96[0m [96mhandleRequest[0m] Got request: GET /ndt/get_graph_data
[2026-09-01 06:16:26.195] [info] [[94mHttpSession.cpp[0m:[95m531[0m [96mhandleGetGraphData[0m] Handle Get Graph Data
[2026-09-01 06:16:26.207] [info] [[94mHttpSession.cpp[0m:[95m576[0m [96mhandleGetGraphData[0m] get_graph_data success
[2026-09-01 06:16:26.445] [info] [[94mControllerAndOtherEventHandler.cpp[0m:[95m239[0m [96moperator()[0m] Accepted new connection
[2026-09-01 06:16:26.445] [info] [[94mHttpSession.cpp[0m:[95m96[0m [96mhandleRequest[0m] Got request: GET /ndt/get_graph_data
[2026-09-01 06:16:26.445] [info] [[94mHttpSession.cpp[0m:[95m531[0m [96mhandleGetGraphData[0m] Handle Get Graph Data
[2026-09-01 06:16:26.457] [info] [[94mHttpSession.cpp[0m:[95m576[0m [96mhandleGetGraphData[0m] get_graph_data success
[2026-09-01 06:16:26.694] [info] [[94mControllerAndOtherEventHandler.cpp[0m:[95m239[0m [96moperator()[0m] Accepted new connection
[2026-09-01 06:16:26.695] [info] [[94mHttpSession.cpp[0m:[95m96[0m [96mhandleRequest[0m] Got request: GET /ndt/get_graph_data
[2026-09-01 06:16:26.695] [info] [[94mHttpSession.cpp[0m:[95m531[0m [96mhandleGetGraphData[0m] Handle Get Graph Data
[2026-09-01 06:16:26.713] [info] [[94mHttpSession.cpp[0m:[95m576[0m [96mhandleGetGraphData[0m] get_graph_data success
[2026-09-01 06:16:26.945] [info] [[94mControllerAndOtherEventHandler.cpp[0m:[95m239[0m [96moperator()[0m] Accepted new connection
[2026-09-01 06:16:26.945] [info] [[94mHttpSession.cpp[0m:[95m96[0m [96mhandleRequest[0m] Got request: GET /ndt/get_graph_data
[2026-09-01 06:16:26.945] [info] [[94mHttpSession.cpp[0m:[95m531[0m [96mhandleGetGraphData[0m] Handle Get Graph Data
[2026-09-01 06:16:26.963] [info] [[94mHttpSession.cpp[0m:[95m576[0m [96mhandleGetGraphData[0m] get_graph_data success
[2026-09-01 06:16:27.195] [info] [[94mControllerAndOtherEventHandler.cpp[0m:[95m239[0m [96moperator()[0m] Accepted new connection
[2026-09-01 06:16:27.195] [info] [[94mHttpSession.cpp[0m:[95m96[0m [96mhandleRequest[0m] Got request: GET /ndt/get_graph_data
[2026-09-01 06:16:27.195] [info] [[94mHttpSession.cpp[0m:[95m531[0m [96mhandleGetGraphData[0m] Handle Get Graph Data
[2026-09-01 06:16:27.213] [info] [[94mHttpSession.cpp[0m:[95m576[0m [96mhandleGetGraphData[0m] get_graph_data success
[2026-09-01 06:16:27.445] [info] [[94mControllerAndOtherEventHandler.cpp[0m:[95m239[0m [96moperator()[0m] Accepted new connection
[2026-09-01 06:16:27.445] [info] [[94mHttpSession.cpp[0m:[95m96[0m [96mhandleRequest[0m] Got request: GET /ndt/get_graph_data
[2026-09-01 06:16:27.445] [info] [[94mHttpSession.cpp[0m:[95m531[0m [96mhandleGetGraphData[0m] Handle Get Graph Data
[2026-09-01 06:16:27.463] [info] [[94mHttpSession.cpp[0m:[95m576[0m [96mhandleGetGraphData[0m] get_graph_data success
[2026-09-01 06:16:27.695] [info] [[94mControllerAndOtherEventHandler.cpp[0m:[95m239[0m [96moperator()[0m] Accepted new connection
[2026-09-01 06:16:27.695] [info] [[94mHttpSession.cpp[0m:[95m96[0m [96mhandleRequest[0m] Got request: GET /ndt/get_graph_data
[2026-09-01 06:16:27.695] [info] [[94mHttpSession.cpp[0m:[95m531[0m [96mhandleGetGraphData[0m] Handle Get Graph Data
[2026-09-01 06:16:27.709] [info] [[94mHttpSession.cpp[0m:[95m576[0m [96mhandleGetGraphData[0m] get_graph_data success
[2026-09-01 06:16:27.945] [info] [[94mControllerAndOtherEventHandler.cpp[0m:[95m239[0m [96moperator()[0m] Accepted new connection
[2026-09-01 06:16:27.945] [info] [[94mHttpSession.cpp[0m:[95m96[0m [96mhandleRequest[0m] Got request: GET /ndt/get_graph_data
[2026-09-01 06:16:27.945] [info] [[94mHttpSession.cpp[0m:[95m531[0m [96mhandleGetGraphData[0m] Handle Get Graph Data
[2026-09-01 06:16:27.959] [info] [[94mHttpSession.cpp[0m:[95m576[0m [96mhandleGetGraphData[0m] get_graph_data success
[2026-09-01 06:16:28.195] [info] [[94mControllerAndOtherEventHandler.cpp[0m:[95m239[0m [96moperator()[0m] Accepted new connection
[2026-09-01 06:16:28.195] [info] [[94mHttpSession.cpp[0m:[95m96[0m [96mhandleRequest[0m] Got request: GET /ndt/get_graph_data
[2026-09-01 06:16:28.195] [info] [[94mHttpSession.cpp[0m:[95m531[0m [96mhandleGetGraphData[0m] Handle Get Graph Data
[2026-09-01 06:16:28.214] [info] [[94mHttpSession.cpp[0m:[95m576[0m [96mhandleGetGraphData[0m] get_graph_data success
[2026-09-01 06:16:28.446] [info] [[94mControllerAndOtherEventHandler.cpp[0m:[95m239[0m [96moperator()[0m] Accepted new connection
[2026-09-01 06:16:28.446] [info] [[94mHttpSession.cpp[0m:[95m96[0m [96mhandleRequest[0m] Got request: GET /ndt/get_graph_data
[2026-09-01 06:16:28.446] [info] [[94mHttpSession.cpp[0m:[95m531[0m [96mhandleGetGraphData[0m] Handle Get Graph Data
[2026-09-01 06:16:28.458] [info] [[94mHttpSession.cpp[0m:[95m576[0m [96mhandleGetGraphData[0m] get_graph_data success
[2026-09-01 06:16:28.696] [info] [[94mControllerAndOtherEventHandler.cpp[0m:[95m239[0m [96moperator()[0m] Accepted new connection
[2026-09-01 06:16:28.696] [info] [[94mHttpSession.cpp[0m:[95m96[0m [96mhandleRequest[0m] Got request: GET /ndt/get_graph_data
[2026-09-01 06:16:28.696] [info] [[94mHttpSession.cpp[0m:[95m531[0m [96mhandleGetGraphData[0m] Handle Get Graph Data
[2026-09-01 06:16:28.712] [info] [[94mHttpSession.cpp[0m:[95m576[0m [96mhandleGetGraphData[0m] get_graph_data success
[2026-09-01 06:16:28.945] [info] [[94mControllerAndOtherEventHandler.cpp[0m:[95m239[0m [96moperator()[0m] Accepted new connection
[2026-09-01 06:16:28.945] [info] [[94mHttpSession.cpp[0m:[95m96[0m [96mhandleRequest[0m] Got request: GET /ndt/get_graph_data
[2026-09-01 06:16:28.945] [info] [[94mHttpSession.cpp[0m:[95m531[0m [96mhandleGetGraphData[0m] Handle Get Graph Data
[2026-09-01 06:16:28.960] [info] [[94mHttpSession.cpp[0m:[95m576[0m [96mhandleGetGraphData[0m] get_graph_data success
[2026-09-01 06:16:29.195] [info] [[94mControllerAndOtherEventHandler.cpp[0m:[95m239[0m [96moperator()[0m] Accepted new connection
[2026-09-01 06:16:29.195] [info] [[94mHttpSession.cpp[0m:[95m96[0m [96mhandleRequest[0m] Got request: GET /ndt/get_graph_data
[2026-09-01 06:16:29.195] [info] [[94mHttpSession.cpp[0m:[95m531[0m [96mhandleGetGraphData[0m] Handle Get Graph Data
[2026-09-01 06:16:29.210] [info] [[94mHttpSession.cpp[0m:[95m576[0m [96mhandleGetGraphData[0m] get_graph_data success
[2026-09-01 06:16:29.445] [info] [[94mControllerAndOtherEventHandler.cpp[0m:[95m239[0m [96moperator()[0m] Accepted new connection
[2026-09-01 06:16:29.445] [info] [[94mHttpSession.cpp[0m:[95m96[0m [96mhandleRequest[0m] Got request: GET /ndt/get_graph_data
[2026-09-01 06:16:29.446] [info] [[94mHttpSession.cpp[0m:[95m531[0m [96mhandleGetGraphData[0m] Handle Get Graph Data
[2026-09-01 06:16:29.458] [info] [[94mHttpSession.cpp[0m:[95m576[0m [96mhandleGetGraphData[0m] get_graph_data success
[2026-09-01 06:16:29.695] [info] [[94mControllerAndOtherEventHandler.cpp[0m:[95m239[0m [96moperator()[0m] Accepted new connection
[2026-09-01 06:16:29.696] [info] [[94mHttpSession.cpp[0m:[95m96[0m [96mhandleRequest[0m] Got request: GET /ndt/get_graph_data
[2026-09-01 06:16:29.696] [info] [[94mHttpSession.cpp[0m:[95m531[0m [96mhandleGetGraphData[0m] Handle Get Graph Data
[2026-09-01 06:16:29.707] [info] [[94mHttpSession.cpp[0m:[95m576[0m [96mhandleGetGraphData[0m] get_graph_data success
[2026-09-01 06:16:29.945] [info] [[94mControllerAndOtherEventHandler.cpp[0m:[95m239[0m [96moperator()[0m] Accepted new connection
[2026-09-01 06:16:29.945] [info] [[94mHttpSession.cpp[0m:[95m96[0m [96mhandleRequest[0m] Got request: GET /ndt/get_graph_data
[2026-09-01 06:16:29.945] [info] [[94mHttpSession.cpp[0m:[95m531[0m [96mhandleGetGraphData[0m] Handle Get Graph Data
[2026-09-01 06:16:29.958] [info] [[94mHttpSession.cpp[0m:[95m576[0m [96mhandleGetGraphData[0m] get_graph_data success
[2026-09-01 06:16:30.195] [info] [[94mControllerAndOtherEventHandler.cpp[0m:[95m239[0m [96moperator()[0m] Accepted new connection
[2026-09-01 06:16:30.195] [info] [[94mHttpSession.cpp[0m:[95m96[0m [96mhandleRequest[0m] Got request: GET /ndt/get_graph_data
[2026-09-01 06:16:30.195] [info] [[94mHttpSession.cpp[0m:[95m531[0m [96mhandleGetGraphData[0m] Handle Get Graph Data
[2026-09-01 06:16:30.209] [info] [[94mHttpSession.cpp[0m:[95m576[0m [96mhandleGetGraphData[0m] get_graph_data success
[2026-09-01 06:16:30.446] [info] [[94mControllerAndOtherEventHandler.cpp[0m:[95m239[0m [96moperator()[0m] Accepted new connection
[2026-09-01 06:16:30.446] [info] [[94mHttpSession.cpp[0m:[95m96[0m [96mhandleRequest[0m] Got request: GET /ndt/get_graph_data
[2026-09-01 06:16:30.446] [info] [[94mHttpSession.cpp[0m:[95m531[0m [96mhandleGetGraphData[0m] Handle Get Graph Data
[2026-09-01 06:16:30.465] [info] [[94mHttpSession.cpp[0m:[95m576[0m [96mhandleGetGraphData[0m] get_graph_data success
[2026-09-01 06:16:30.696] [info] [[94mControllerAndOtherEventHandler.cpp[0m:[95m239[0m [96moperator()[0m] Accepted new connection
[2026-09-01 06:16:30.696] [info] [[94mHttpSession.cpp[0m:[95m96[0m [96mhandleRequest[0m] Got request: GET /ndt/get_graph_data
[2026-09-01 06:16:30.697] [info] [[94mHttpSession.cpp[0m:[95m531[0m [96mhandleGetGraphData[0m] Handle Get Graph Data
[2026-09-01 06:16:30.715] [info] [[94mHttpSession.cpp[0m:[95m576[0m [96mhandleGetGraphData[0m] get_graph_data success
[2026-09-01 06:16:30.946] [info] [[94mControllerAndOtherEventHandler.cpp[0m:[95m239[0m [96moperator()[0m] Accepted new connection
[2026-09-01 06:16:30.946] [info] [[94mHttpSession.cpp[0m:[95m96[0m [96mhandleRequest[0m] Got request: GET /ndt/get_graph_data
[2026-09-01 06:16:30.946] [info] [[94mHttpSession.cpp[0m:[95m531[0m [96mhandleGetGraphData[0m] Handle Get Graph Data
[2026-09-01 06:16:30.958] [info] [[94mHttpSession.cpp[0m:[95m576[0m [96mhandleGetGraphData[0m] get_graph_data success
[2026-09-01 06:16:31.196] [info] [[94mControllerAndOtherEventHandler.cpp[0m:[95m239[0m [96moperator()[0m] Accepted new connection
[2026-09-01 06:16:31.196] [info] [[94mHttpSession.cpp[0m:[95m96[0m [96mhandleRequest[0m] Got request: GET /ndt/get_graph_data
[2026-09-01 06:16:31.196] [info] [[94mHttpSession.cpp[0m:[95m531[0m [96mhandleGetGraphData[0m] Handle Get Graph Data
[2026-09-01 06:16:31.214] [info] [[94mHttpSession.cpp[0m:[95m576[0m [96mhandleGetGraphData[0m] get_graph_data success
[2026-09-01 06:16:31.447] [info] [[94mControllerAndOtherEventHandler.cpp[0m:[95m239[0m [96moperator()[0m] Accepted new connection
[2026-09-01 06:16:31.447] [info] [[94mHttpSession.cpp[0m:[95m96[0m [96mhandleRequest[0m] Got request: GET /ndt/get_graph_data
[2026-09-01 06:16:31.447] [info] [[94mHttpSession.cpp[0m:[95m531[0m [96mhandleGetGraphData[0m] Handle Get Graph Data
[2026-09-01 06:16:31.460] [info] [[94mHttpSession.cpp[0m:[95m576[0m [96mhandleGetGraphData[0m] get_graph_data success
[2026-09-01 06:16:31.696] [info] [[94mControllerAndOtherEventHandler.cpp[0m:[95m239[0m [96moperator()[0m] Accepted new connection
[2026-09-01 06:16:31.696] [info] [[94mHttpSession.cpp[0m:[95m96[0m [96mhandleRequest[0m] Got request: GET /ndt/get_graph_data
[2026-09-01 06:16:31.696] [info] [[94mHttpSession.cpp[0m:[95m531[0m [96mhandleGetGraphData[0m] Handle Get Graph Data
[2026-09-01 06:16:31.714] [info] [[94mHttpSession.cpp[0m:[95m576[0m [96mhandleGetGraphData[0m] get_graph_data success
[2026-09-01 06:16:31.946] [info] [[94mControllerAndOtherEventHandler.cpp[0m:[95m239[0m [96moperator()[0m] Accepted new connection
[2026-09-01 06:16:31.946] [info] [[94mHttpSession.cpp[0m:[95m96[0m [96mhandleRequest[0m] Got request: GET /ndt/get_graph_data
[2026-09-01 06:16:31.946] [info] [[94mHttpSession.cpp[0m:[95m531[0m [96mhandleGetGraphData[0m] Handle Get Graph Data
[2026-09-01 06:16:31.965] [info] [[94mHttpSession.cpp[0m:[95m576[0m [96mhandleGetGraphData[0m] get_graph_data success
[2026-09-01 06:16:32.197] [info] [[94mControllerAndOtherEventHandler.cpp[0m:[95m239[0m [96moperator()[0m] Accepted new connection
[2026-09-01 06:16:32.197] [info] [[94mHttpSession.cpp[0m:[95m96[0m [96mhandleRequest[0m] Got request: GET /ndt/get_graph_data
[2026-09-01 06:16:32.197] [info] [[94mHttpSession.cpp[0m:[95m531[0m [96mhandleGetGraphData[0m] Handle Get Graph Data
[2026-09-01 06:16:32.215] [info] [[94mHttpSession.cpp[0m:[95m576[0m [96mhandleGetGraphData[0m] get_graph_data success
[2026-09-01 06:16:32.447] [info] [[94mControllerAndOtherEventHandler.cpp[0m:[95m239[0m [96moperator()[0m] Accepted new connection
[2026-09-01 06:16:32.447] [info] [[94mHttpSession.cpp[0m:[95m96[0m [96mhandleRequest[0m] Got request: GET /ndt/get_graph_data
[2026-09-01 06:16:32.447] [info] [[94mHttpSession.cpp[0m:[95m531[0m [96mhandleGetGraphData[0m] Handle Get Graph Data
[2026-09-01 06:16:32.466] [info] [[94mHttpSession.cpp[0m:[95m576[0m [96mhandleGetGraphData[0m] get_graph_data success
[2026-09-01 06:16:32.697] [info] [[94mControllerAndOtherEventHandler.cpp[0m:[95m239[0m [96moperator()[0m] Accepted new connection
[2026-09-01 06:16:32.697] [info] [[94mHttpSession.cpp[0m:[95m96[0m [96mhandleRequest[0m] Got request: GET /ndt/get_graph_data
[2026-09-01 06:16:32.697] [info] [[94mHttpSession.cpp[0m:[95m531[0m [96mhandleGetGraphData[0m] Handle Get Graph Data
[2026-09-01 06:16:32.714] [info] [[94mHttpSession.cpp[0m:[95m576[0m [96mhandleGetGraphData[0m] get_graph_data success
[2026-09-01 06:16:32.946] [info] [[94mControllerAndOtherEventHandler.cpp[0m:[95m239[0m [96moperator()[0m] Accepted new connection
[2026-09-01 06:16:32.947] [info] [[94mHttpSession.cpp[0m:[95m96[0m [96mhandleRequest[0m] Got request: GET /ndt/get_graph_data
[2026-09-01 06:16:32.947] [info] [[94mHttpSession.cpp[0m:[95m531[0m [96mhandleGetGraphData[0m] Handle Get Graph Data
[2026-09-01 06:16:32.963] [info] [[94mHttpSession.cpp[0m:[95m576[0m [96mhandleGetGraphData[0m] get_graph_data success
[2026-09-01 06:16:33.197] [info] [[94mControllerAndOtherEventHandler.cpp[0m:[95m239[0m [96moperator()[0m] Accepted new connection
[2026-09-01 06:16:33.197] [info] [[94mHttpSession.cpp[0m:[95m96[0m [96mhandleRequest[0m] Got request: GET /ndt/get_graph_data
[2026-09-01 06:16:33.197] [info] [[94mHttpSession.cpp[0m:[95m531[0m [96mhandleGetGraphData[0m] Handle Get Graph Data
[2026-09-01 06:16:33.215] [info] [[94mHttpSession.cpp[0m:[95m576[0m [96mhandleGetGraphData[0m] get_graph_data success
[2026-09-01 06:16:33.447] [info] [[94mControllerAndOtherEventHandler.cpp[0m:[95m239[0m [96moperator()[0m] Accepted new connection
[2026-09-01 06:16:33.447] [info] [[94mHttpSession.cpp[0m:[95m96[0m [96mhandleRequest[0m] Got request: GET /ndt/get_graph_data
[2026-09-01 06:16:33.447] [info] [[94mHttpSession.cpp[0m:[95m531[0m [96mhandleGetGraphData[0m] Handle Get Graph Data
[2026-09-01 06:16:33.461] [info] [[94mHttpSession.cpp[0m:[95m576[0m [96mhandleGetGraphData[0m] get_graph_data success
[2026-09-01 06:16:33.697] [info] [[94mControllerAndOtherEventHandler.cpp[0m:[95m239[0m [96moperator()[0m] Accepted new connection
[2026-09-01 06:16:33.697] [info] [[94mHttpSession.cpp[0m:[95m96[0m [96mhandleRequest[0m] Got request: GET /ndt/get_graph_data
[2026-09-01 06:16:33.697] [info] [[94mHttpSession.cpp[0m:[95m531[0m [96mhandleGetGraphData[0m] Handle Get Graph Data
[2026-09-01 06:16:33.714] [info] [[94mHttpSession.cpp[0m:[95m576[0m [96mhandleGetGraphData[0m] get_graph_data success
[2026-09-01 06:16:33.947] [info] [[94mControllerAndOtherEventHandler.cpp[0m:[95m239[0m [96moperator()[0m] Accepted new connection
[2026-09-01 06:16:33.947] [info] [[94mHttpSession.cpp[0m:[95m96[0m [96mhandleRequest[0m] Got request: GET /ndt/get_graph_data
[2026-09-01 06:16:33.947] [info] [[94mHttpSession.cpp[0m:[95m531[0m [96mhandleGetGraphData[0m] Handle Get Graph Data
[2026-09-01 06:16:33.965] [info] [[94mHttpSession.cpp[0m:[95m576[0m [96mhandleGetGraphData[0m] get_graph_data success
[2026-09-01 06:16:34.197] [info] [[94mControllerAndOtherEventHandler.cpp[0m:[95m239[0m [96moperator()[0m] Accepted new connection
[2026-09-01 06:16:34.198] [info] [[94mHttpSession.cpp[0m:[95m96[0m [96mhandleRequest[0m] Got request: GET /ndt/get_graph_data
[2026-09-01 06:16:34.198] [info] [[94mHttpSession.cpp[0m:[95m531[0m [96mhandleGetGraphData[0m] Handle Get Graph Data
[2026-09-01 06:16:34.216] [info] [[94mHttpSession.cpp[0m:[95m576[0m [96mhandleGetGraphData[0m] get_graph_data success
[2026-09-01 06:16:34.448] [info] [[94mControllerAndOtherEventHandler.cpp[0m:[95m239[0m [96moperator()[0m] Accepted new connection
[2026-09-01 06:16:34.448] [info] [[94mHttpSession.cpp[0m:[95m96[0m [96mhandleRequest[0m] Got request: GET /ndt/get_graph_data
[2026-09-01 06:16:34.448] [info] [[94mHttpSession.cpp[0m:[95m531[0m [96mhandleGetGraphData[0m] Handle Get Graph Data
[2026-09-01 06:16:34.461] [info] [[94mHttpSession.cpp[0m:[95m576[0m [96mhandleGetGraphData[0m] get_graph_data success
[2026-09-01 06:16:34.463] [info] [[94mFlowLinkUsageCollector.cpp[0m:[95m1807[0m [96mcalAvgFlowSendingRatesPeriodically[0m] rate loop period: last 30 iters mean 1001.0 ms | since start (59 iters) mean 1000.6 ms, min 1000.1, max 1003.0 (flows=1, counters=5) -- the LAST-N figure is the current denominator; the since-start one lags it
[2026-09-01 06:16:34.464] [info] [[94mFlowLinkUsageCollector.cpp[0m:[95m2016[0m [96mcalAvgFlowSendingRatesPeriodically[0m] rate divisor check: measured_interval_s=1.000739 divisor_used_s=1.000739 (ticket Q gate: these must agree to 1%; a negative divisor means no rate has been published yet, which is not a pass)
[2026-09-01 06:16:34.698] [info] [[94mControllerAndOtherEventHandler.cpp[0m:[95m239[0m [96moperator()[0m] Accepted new connection
[2026-09-01 06:16:34.698] [info] [[94mHttpSession.cpp[0m:[95m96[0m [96mhandleRequest[0m] Got request: GET /ndt/get_graph_data
[2026-09-01 06:16:34.698] [info] [[94mHttpSession.cpp[0m:[95m531[0m [96mhandleGetGraphData[0m] Handle Get Graph Data
[2026-09-01 06:16:34.710] [info] [[94mHttpSession.cpp[0m:[95m576[0m [96mhandleGetGraphData[0m] get_graph_data success
[2026-09-01 06:16:34.947] [info] [[94mControllerAndOtherEventHandler.cpp[0m:[95m239[0m [96moperator()[0m] Accepted new connection
[2026-09-01 06:16:34.947] [info] [[94mHttpSession.cpp[0m:[95m96[0m [96mhandleRequest[0m] Got request: GET /ndt/get_graph_data
[2026-09-01 06:16:34.947] [info] [[94mHttpSession.cpp[0m:[95m531[0m [96mhandleGetGraphData[0m] Handle Get Graph Data
[2026-09-01 06:16:34.965] [info] [[94mHttpSession.cpp[0m:[95m576[0m [96mhandleGetGraphData[0m] get_graph_data success
[2026-09-01 06:16:35.197] [info] [[94mControllerAndOtherEventHandler.cpp[0m:[95m239[0m [96moperator()[0m] Accepted new connection
[2026-09-01 06:16:35.197] [info] [[94mHttpSession.cpp[0m:[95m96[0m [96mhandleRequest[0m] Got request: GET /ndt/get_graph_data
[2026-09-01 06:16:35.197] [info] [[94mHttpSession.cpp[0m:[95m531[0m [96mhandleGetGraphData[0m] Handle Get Graph Data
[2026-09-01 06:16:35.212] [info] [[94mHttpSession.cpp[0m:[95m576[0m [96mhandleGetGraphData[0m] get_graph_data success
[2026-09-01 06:16:35.447] [info] [[94mControllerAndOtherEventHandler.cpp[0m:[95m239[0m [96moperator()[0m] Accepted new connection
[2026-09-01 06:16:35.447] [info] [[94mHttpSession.cpp[0m:[95m96[0m [96mhandleRequest[0m] Got request: GET /ndt/get_graph_data
[2026-09-01 06:16:35.447] [info] [[94mHttpSession.cpp[0m:[95m531[0m [96mhandleGetGraphData[0m] Handle Get Graph Data
[2026-09-01 06:16:35.466] [info] [[94mHttpSession.cpp[0m:[95m576[0m [96mhandleGetGraphData[0m] get_graph_data success
[2026-09-01 06:16:35.698] [info] [[94mControllerAndOtherEventHandler.cpp[0m:[95m239[0m [96moperator()[0m] Accepted new connection
[2026-09-01 06:16:35.698] [info] [[94mHttpSession.cpp[0m:[95m96[0m [96mhandleRequest[0m] Got request: GET /ndt/get_graph_data
[2026-09-01 06:16:35.698] [info] [[94mHttpSession.cpp[0m:[95m531[0m [96mhandleGetGraphData[0m] Handle Get Graph Data
[2026-09-01 06:16:35.710] [info] [[94mHttpSession.cpp[0m:[95m576[0m [96mhandleGetGraphData[0m] get_graph_data success
[2026-09-01 06:16:35.948] [info] [[94mControllerAndOtherEventHandler.cpp[0m:[95m239[0m [96moperator()[0m] Accepted new connection
[2026-09-01 06:16:35.948] [info] [[94mHttpSession.cpp[0m:[95m96[0m [96mhandleRequest[0m] Got request: GET /ndt/get_graph_data
[2026-09-01 06:16:35.948] [info] [[94mHttpSession.cpp[0m:[95m531[0m [96mhandleGetGraphData[0m] Handle Get Graph Data
[2026-09-01 06:16:35.967] [info] [[94mHttpSession.cpp[0m:[95m576[0m [96mhandleGetGraphData[0m] get_graph_data success
[2026-09-01 06:16:36.197] [info] [[94mControllerAndOtherEventHandler.cpp[0m:[95m239[0m [96moperator()[0m] Accepted new connection
[2026-09-01 06:16:36.198] [info] [[94mHttpSession.cpp[0m:[95m96[0m [96mhandleRequest[0m] Got request: GET /ndt/get_graph_data
[2026-09-01 06:16:36.198] [info] [[94mHttpSession.cpp[0m:[95m531[0m [96mhandleGetGraphData[0m] Handle Get Graph Data
[2026-09-01 06:16:36.216] [info] [[94mHttpSession.cpp[0m:[95m576[0m [96mhandleGetGraphData[0m] get_graph_data success
[2026-09-01 06:16:36.448] [info] [[94mControllerAndOtherEventHandler.cpp[0m:[95m239[0m [96moperator()[0m] Accepted new connection
[2026-09-01 06:16:36.448] [info] [[94mHttpSession.cpp[0m:[95m96[0m [96mhandleRequest[0m] Got request: GET /ndt/get_graph_data
[2026-09-01 06:16:36.448] [info] [[94mHttpSession.cpp[0m:[95m531[0m [96mhandleGetGraphData[0m] Handle Get Graph Data
[2026-09-01 06:16:36.467] [info] [[94mHttpSession.cpp[0m:[95m576[0m [96mhandleGetGraphData[0m] get_graph_data success
[2026-09-01 06:16:36.698] [info] [[94mControllerAndOtherEventHandler.cpp[0m:[95m239[0m [96moperator()[0m] Accepted new connection
[2026-09-01 06:16:36.698] [info] [[94mHttpSession.cpp[0m:[95m96[0m [96mhandleRequest[0m] Got request: GET /ndt/get_graph_data
[2026-09-01 06:16:36.698] [info] [[94mHttpSession.cpp[0m:[95m531[0m [96mhandleGetGraphData[0m] Handle Get Graph Data
[2026-09-01 06:16:36.716] [info] [[94mHttpSession.cpp[0m:[95m576[0m [96mhandleGetGraphData[0m] get_graph_data success
[2026-09-01 06:16:36.948] [info] [[94mControllerAndOtherEventHandler.cpp[0m:[95m239[0m [96moperator()[0m] Accepted new connection
[2026-09-01 06:16:36.948] [info] [[94mHttpSession.cpp[0m:[95m96[0m [96mhandleRequest[0m] Got request: GET /ndt/get_graph_data
[2026-09-01 06:16:36.948] [info] [[94mHttpSession.cpp[0m:[95m531[0m [96mhandleGetGraphData[0m] Handle Get Graph Data
[2026-09-01 06:16:36.965] [info] [[94mHttpSession.cpp[0m:[95m576[0m [96mhandleGetGraphData[0m] get_graph_data success
[2026-09-01 06:16:37.198] [info] [[94mControllerAndOtherEventHandler.cpp[0m:[95m239[0m [96moperator()[0m] Accepted new connection
[2026-09-01 06:16:37.199] [info] [[94mHttpSession.cpp[0m:[95m96[0m [96mhandleRequest[0m] Got request: GET /ndt/get_graph_data
[2026-09-01 06:16:37.199] [info] [[94mHttpSession.cpp[0m:[95m531[0m [96mhandleGetGraphData[0m] Handle Get Graph Data
[2026-09-01 06:16:37.216] [info] [[94mHttpSession.cpp[0m:[95m576[0m [96mhandleGetGraphData[0m] get_graph_data success
[2026-09-01 06:16:37.448] [info] [[94mControllerAndOtherEventHandler.cpp[0m:[95m239[0m [96moperator()[0m] Accepted new connection
[2026-09-01 06:16:37.449] [info] [[94mHttpSession.cpp[0m:[95m96[0m [96mhandleRequest[0m] Got request: GET /ndt/get_graph_data
[2026-09-01 06:16:37.449] [info] [[94mHttpSession.cpp[0m:[95m531[0m [96mhandleGetGraphData[0m] Handle Get Graph Data
[2026-09-01 06:16:37.467] [info] [[94mHttpSession.cpp[0m:[95m576[0m [96mhandleGetGraphData[0m] get_graph_data success
[2026-09-01 06:16:37.698] [info] [[94mControllerAndOtherEventHandler.cpp[0m:[95m239[0m [96moperator()[0m] Accepted new connection
[2026-09-01 06:16:37.699] [info] [[94mHttpSession.cpp[0m:[95m96[0m [96mhandleRequest[0m] Got request: GET /ndt/get_graph_data
[2026-09-01 06:16:37.699] [info] [[94mHttpSession.cpp[0m:[95m531[0m [96mhandleGetGraphData[0m] Handle Get Graph Data
[2026-09-01 06:16:37.715] [info] [[94mHttpSession.cpp[0m:[95m576[0m [96mhandleGetGraphData[0m] get_graph_data success
[2026-09-01 06:16:37.948] [info] [[94mControllerAndOtherEventHandler.cpp[0m:[95m239[0m [96moperator()[0m] Accepted new connection
[2026-09-01 06:16:37.948] [info] [[94mHttpSession.cpp[0m:[95m96[0m [96mhandleRequest[0m] Got request: GET /ndt/get_graph_data
[2026-09-01 06:16:37.948] [info] [[94mHttpSession.cpp[0m:[95m531[0m [96mhandleGetGraphData[0m] Handle Get Graph Data
[2026-09-01 06:16:37.965] [info] [[94mHttpSession.cpp[0m:[95m576[0m [96mhandleGetGraphData[0m] get_graph_data success
[2026-09-01 06:16:38.198] [info] [[94mControllerAndOtherEventHandler.cpp[0m:[95m239[0m [96moperator()[0m] Accepted new connection
[2026-09-01 06:16:38.198] [info] [[94mHttpSession.cpp[0m:[95m96[0m [96mhandleRequest[0m] Got request: GET /ndt/get_graph_data
[2026-09-01 06:16:38.199] [info] [[94mHttpSession.cpp[0m:[95m531[0m [96mhandleGetGraphData[0m] Handle Get Graph Data
[2026-09-01 06:16:38.212] [info] [[94mHttpSession.cpp[0m:[95m576[0m [96mhandleGetGraphData[0m] get_graph_data success
[2026-09-01 06:16:38.449] [info] [[94mControllerAndOtherEventHandler.cpp[0m:[95m239[0m [96moperator()[0m] Accepted new connection
[2026-09-01 06:16:38.449] [info] [[94mHttpSession.cpp[0m:[95m96[0m [96mhandleRequest[0m] Got request: GET /ndt/get_graph_data
[2026-09-01 06:16:38.449] [info] [[94mHttpSession.cpp[0m:[95m531[0m [96mhandleGetGraphData[0m] Handle Get Graph Data
[2026-09-01 06:16:38.468] [info] [[94mHttpSession.cpp[0m:[95m576[0m [96mhandleGetGraphData[0m] get_graph_data success
[2026-09-01 06:16:38.699] [info] [[94mControllerAndOtherEventHandler.cpp[0m:[95m239[0m [96moperator()[0m] Accepted new connection
[2026-09-01 06:16:38.699] [info] [[94mHttpSession.cpp[0m:[95m96[0m [96mhandleRequest[0m] Got request: GET /ndt/get_graph_data
[2026-09-01 06:16:38.699] [info] [[94mHttpSession.cpp[0m:[95m531[0m [96mhandleGetGraphData[0m] Handle Get Graph Data
[2026-09-01 06:16:38.715] [info] [[94mHttpSession.cpp[0m:[95m576[0m [96mhandleGetGraphData[0m] get_graph_data success
[2026-09-01 06:16:38.948] [info] [[94mControllerAndOtherEventHandler.cpp[0m:[95m239[0m [96moperator()[0m] Accepted new connection
[2026-09-01 06:16:38.948] [info] [[94mHttpSession.cpp[0m:[95m96[0m [96mhandleRequest[0m] Got request: GET /ndt/get_graph_data
[2026-09-01 06:16:38.948] [info] [[94mHttpSession.cpp[0m:[95m531[0m [96mhandleGetGraphData[0m] Handle Get Graph Data
[2026-09-01 06:16:38.968] [info] [[94mHttpSession.cpp[0m:[95m576[0m [96mhandleGetGraphData[0m] get_graph_data success
[2026-09-01 06:16:39.199] [info] [[94mControllerAndOtherEventHandler.cpp[0m:[95m239[0m [96moperator()[0m] Accepted new connection
[2026-09-01 06:16:39.199] [info] [[94mHttpSession.cpp[0m:[95m96[0m [96mhandleRequest[0m] Got request: GET /ndt/get_graph_data
[2026-09-01 06:16:39.199] [info] [[94mHttpSession.cpp[0m:[95m531[0m [96mhandleGetGraphData[0m] Handle Get Graph Data
[2026-09-01 06:16:39.218] [info] [[94mHttpSession.cpp[0m:[95m576[0m [96mhandleGetGraphData[0m] get_graph_data success
[2026-09-01 06:16:39.449] [info] [[94mControllerAndOtherEventHandler.cpp[0m:[95m239[0m [96moperator()[0m] Accepted new connection
[2026-09-01 06:16:39.449] [info] [[94mHttpSession.cpp[0m:[95m96[0m [96mhandleRequest[0m] Got request: GET /ndt/get_graph_data
[2026-09-01 06:16:39.483] [info] [[94mHttpSession.cpp[0m:[95m531[0m [96mhandleGetGraphData[0m] Handle Get Graph Data
[2026-09-01 06:16:39.495] [info] [[94mHttpSession.cpp[0m:[95m576[0m [96mhandleGetGraphData[0m] get_graph_data success
[2026-09-01 06:16:39.698] [info] [[94mControllerAndOtherEventHandler.cpp[0m:[95m239[0m [96moperator()[0m] Accepted new connection
[2026-09-01 06:16:39.698] [info] [[94mHttpSession.cpp[0m:[95m96[0m [96mhandleRequest[0m] Got request: GET /ndt/get_graph_data
[2026-09-01 06:16:39.698] [info] [[94mHttpSession.cpp[0m:[95m531[0m [96mhandleGetGraphData[0m] Handle Get Graph Data
[2026-09-01 06:16:39.715] [info] [[94mHttpSession.cpp[0m:[95m576[0m [96mhandleGetGraphData[0m] get_graph_data success
[2026-09-01 06:16:39.949] [info] [[94mControllerAndOtherEventHandler.cpp[0m:[95m239[0m [96moperator()[0m] Accepted new connection
[2026-09-01 06:16:39.949] [info] [[94mHttpSession.cpp[0m:[95m96[0m [96mhandleRequest[0m] Got request: GET /ndt/get_graph_data
[2026-09-01 06:16:39.949] [info] [[94mHttpSession.cpp[0m:[95m531[0m [96mhandleGetGraphData[0m] Handle Get Graph Data
[2026-09-01 06:16:39.967] [info] [[94mHttpSession.cpp[0m:[95m576[0m [96mhandleGetGraphData[0m] get_graph_data success
[2026-09-01 06:16:40.199] [info] [[94mControllerAndOtherEventHandler.cpp[0m:[95m239[0m [96moperator()[0m] Accepted new connection
[2026-09-01 06:16:40.200] [info] [[94mHttpSession.cpp[0m:[95m96[0m [96mhandleRequest[0m] Got request: GET /ndt/get_graph_data
[2026-09-01 06:16:40.200] [info] [[94mHttpSession.cpp[0m:[95m531[0m [96mhandleGetGraphData[0m] Handle Get Graph Data
[2026-09-01 06:16:40.218] [info] [[94mHttpSession.cpp[0m:[95m576[0m [96mhandleGetGraphData[0m] get_graph_data success
[2026-09-01 06:16:40.449] [info] [[94mControllerAndOtherEventHandler.cpp[0m:[95m239[0m [96moperator()[0m] Accepted new connection
[2026-09-01 06:16:40.450] [info] [[94mHttpSession.cpp[0m:[95m96[0m [96mhandleRequest[0m] Got request: GET /ndt/get_graph_data
[2026-09-01 06:16:40.450] [info] [[94mHttpSession.cpp[0m:[95m531[0m [96mhandleGetGraphData[0m] Handle Get Graph Data
[2026-09-01 06:16:40.468] [info] [[94mHttpSession.cpp[0m:[95m576[0m [96mhandleGetGraphData[0m] get_graph_data success
[2026-09-01 06:16:40.684] [info] [[94mFlowLinkUsageCollector.cpp[0m:[95m2558[0m [96mfetchAllDestinationPaths[0m] Pulled 16256 paths from controller
[2026-09-01 06:16:40.699] [info] [[94mControllerAndOtherEventHandler.cpp[0m:[95m239[0m [96moperator()[0m] Accepted new connection
[2026-09-01 06:16:40.700] [info] [[94mHttpSession.cpp[0m:[95m96[0m [96mhandleRequest[0m] Got request: GET /ndt/get_graph_data
[2026-09-01 06:16:40.700] [info] [[94mHttpSession.cpp[0m:[95m531[0m [96mhandleGetGraphData[0m] Handle Get Graph Data
[2026-09-01 06:16:40.718] [info] [[94mHttpSession.cpp[0m:[95m576[0m [96mhandleGetGraphData[0m] get_graph_data success
[2026-09-01 06:16:40.950] [info] [[94mControllerAndOtherEventHandler.cpp[0m:[95m239[0m [96moperator()[0m] Accepted new connection
[2026-09-01 06:16:40.950] [info] [[94mHttpSession.cpp[0m:[95m96[0m [96mhandleRequest[0m] Got request: GET /ndt/get_graph_data
[2026-09-01 06:16:40.950] [info] [[94mHttpSession.cpp[0m:[95m531[0m [96mhandleGetGraphData[0m] Handle Get Graph Data
[2026-09-01 06:16:40.968] [info] [[94mHttpSession.cpp[0m:[95m576[0m [96mhandleGetGraphData[0m] get_graph_data success
[2026-09-01 06:16:41.199] [info] [[94mControllerAndOtherEventHandler.cpp[0m:[95m239[0m [96moperator()[0m] Accepted new connection
[2026-09-01 06:16:41.199] [info] [[94mHttpSession.cpp[0m:[95m96[0m [96mhandleRequest[0m] Got request: GET /ndt/get_graph_data
[2026-09-01 06:16:41.199] [info] [[94mHttpSession.cpp[0m:[95m531[0m [96mhandleGetGraphData[0m] Handle Get Graph Data
[2026-09-01 06:16:41.211] [info] [[94mHttpSession.cpp[0m:[95m576[0m [96mhandleGetGraphData[0m] get_graph_data success
[2026-09-01 06:16:41.450] [info] [[94mControllerAndOtherEventHandler.cpp[0m:[95m239[0m [96moperator()[0m] Accepted new connection
[2026-09-01 06:16:41.450] [info] [[94mHttpSession.cpp[0m:[95m96[0m [96mhandleRequest[0m] Got request: GET /ndt/get_graph_data
[2026-09-01 06:16:41.450] [info] [[94mHttpSession.cpp[0m:[95m531[0m [96mhandleGetGraphData[0m] Handle Get Graph Data
[2026-09-01 06:16:41.463] [info] [[94mHttpSession.cpp[0m:[95m576[0m [96mhandleGetGraphData[0m] get_graph_data success
[2026-09-01 06:16:41.700] [info] [[94mControllerAndOtherEventHandler.cpp[0m:[95m239[0m [96moperator()[0m] Accepted new connection
[2026-09-01 06:16:41.700] [info] [[94mHttpSession.cpp[0m:[95m96[0m [96mhandleRequest[0m] Got request: GET /ndt/get_graph_data
[2026-09-01 06:16:41.700] [info] [[94mHttpSession.cpp[0m:[95m531[0m [96mhandleGetGraphData[0m] Handle Get Graph Data
[2026-09-01 06:16:41.719] [info] [[94mHttpSession.cpp[0m:[95m576[0m [96mhandleGetGraphData[0m] get_graph_data success
[2026-09-01 06:16:41.950] [info] [[94mControllerAndOtherEventHandler.cpp[0m:[95m239[0m [96moperator()[0m] Accepted new connection
[2026-09-01 06:16:41.950] [info] [[94mHttpSession.cpp[0m:[95m96[0m [96mhandleRequest[0m] Got request: GET /ndt/get_graph_data
[2026-09-01 06:16:41.950] [info] [[94mHttpSession.cpp[0m:[95m531[0m [96mhandleGetGraphData[0m] Handle Get Graph Data
[2026-09-01 06:16:41.964] [info] [[94mHttpSession.cpp[0m:[95m576[0m [96mhandleGetGraphData[0m] get_graph_data success
[2026-09-01 06:16:42.200] [info] [[94mControllerAndOtherEventHandler.cpp[0m:[95m239[0m [96moperator()[0m] Accepted new connection
[2026-09-01 06:16:42.200] [info] [[94mHttpSession.cpp[0m:[95m96[0m [96mhandleRequest[0m] Got request: GET /ndt/get_graph_data
[2026-09-01 06:16:42.200] [info] [[94mHttpSession.cpp[0m:[95m531[0m [96mhandleGetGraphData[0m] Handle Get Graph Data
[2026-09-01 06:16:42.218] [info] [[94mHttpSession.cpp[0m:[95m576[0m [96mhandleGetGraphData[0m] get_graph_data success
[2026-09-01 06:16:42.449] [info] [[94mControllerAndOtherEventHandler.cpp[0m:[95m239[0m [96moperator()[0m] Accepted new connection
[2026-09-01 06:16:42.450] [info] [[94mHttpSession.cpp[0m:[95m96[0m [96mhandleRequest[0m] Got request: GET /ndt/get_graph_data
[2026-09-01 06:16:42.450] [info] [[94mHttpSession.cpp[0m:[95m531[0m [96mhandleGetGraphData[0m] Handle Get Graph Data
[2026-09-01 06:16:42.469] [info] [[94mHttpSession.cpp[0m:[95m576[0m [96mhandleGetGraphData[0m] get_graph_data success
[2026-09-01 06:16:42.700] [info] [[94mControllerAndOtherEventHandler.cpp[0m:[95m239[0m [96moperator()[0m] Accepted new connection
[2026-09-01 06:16:42.700] [info] [[94mHttpSession.cpp[0m:[95m96[0m [96mhandleRequest[0m] Got request: GET /ndt/get_graph_data
[2026-09-01 06:16:42.700] [info] [[94mHttpSession.cpp[0m:[95m531[0m [96mhandleGetGraphData[0m] Handle Get Graph Data
[2026-09-01 06:16:42.712] [info] [[94mHttpSession.cpp[0m:[95m576[0m [96mhandleGetGraphData[0m] get_graph_data success
[2026-09-01 06:16:42.950] [info] [[94mControllerAndOtherEventHandler.cpp[0m:[95m239[0m [96moperator()[0m] Accepted new connection
[2026-09-01 06:16:42.950] [info] [[94mHttpSession.cpp[0m:[95m96[0m [96mhandleRequest[0m] Got request: GET /ndt/get_graph_data
[2026-09-01 06:16:42.950] [info] [[94mHttpSession.cpp[0m:[95m531[0m [96mhandleGetGraphData[0m] Handle Get Graph Data
[2026-09-01 06:16:42.961] [info] [[94mHttpSession.cpp[0m:[95m576[0m [96mhandleGetGraphData[0m] get_graph_data success
[2026-09-01 06:16:43.199] [info] [[94mControllerAndOtherEventHandler.cpp[0m:[95m239[0m [96moperator()[0m] Accepted new connection
[2026-09-01 06:16:43.200] [info] [[94mHttpSession.cpp[0m:[95m96[0m [96mhandleRequest[0m] Got request: GET /ndt/get_graph_data
[2026-09-01 06:16:43.200] [info] [[94mHttpSession.cpp[0m:[95m531[0m [96mhandleGetGraphData[0m] Handle Get Graph Data
[2026-09-01 06:16:43.218] [info] [[94mHttpSession.cpp[0m:[95m576[0m [96mhandleGetGraphData[0m] get_graph_data success
[2026-09-01 06:16:43.449] [info] [[94mControllerAndOtherEventHandler.cpp[0m:[95m239[0m [96moperator()[0m] Accepted new connection
[2026-09-01 06:16:43.450] [info] [[94mHttpSession.cpp[0m:[95m96[0m [96mhandleRequest[0m] Got request: GET /ndt/get_graph_data
[2026-09-01 06:16:43.450] [info] [[94mHttpSession.cpp[0m:[95m531[0m [96mhandleGetGraphData[0m] Handle Get Graph Data
[2026-09-01 06:16:43.468] [info] [[94mHttpSession.cpp[0m:[95m576[0m [96mhandleGetGraphData[0m] get_graph_data success
[2026-09-01 06:16:43.701] [info] [[94mControllerAndOtherEventHandler.cpp[0m:[95m239[0m [96moperator()[0m] Accepted new connection
[2026-09-01 06:16:43.701] [info] [[94mHttpSession.cpp[0m:[95m96[0m [96mhandleRequest[0m] Got request: GET /ndt/get_graph_data
[2026-09-01 06:16:43.701] [info] [[94mHttpSession.cpp[0m:[95m531[0m [96mhandleGetGraphData[0m] Handle Get Graph Data
[2026-09-01 06:16:43.717] [info] [[94mHttpSession.cpp[0m:[95m576[0m [96mhandleGetGraphData[0m] get_graph_data success
[2026-09-01 06:16:43.951] [info] [[94mControllerAndOtherEventHandler.cpp[0m:[95m239[0m [96moperator()[0m] Accepted new connection
[2026-09-01 06:16:43.951] [info] [[94mHttpSession.cpp[0m:[95m96[0m [96mhandleRequest[0m] Got request: GET /ndt/get_graph_data
[2026-09-01 06:16:43.951] [info] [[94mHttpSession.cpp[0m:[95m531[0m [96mhandleGetGraphData[0m] Handle Get Graph Data
[2026-09-01 06:16:43.970] [info] [[94mHttpSession.cpp[0m:[95m576[0m [96mhandleGetGraphData[0m] get_graph_data success
[2026-09-01 06:16:44.201] [info] [[94mControllerAndOtherEventHandler.cpp[0m:[95m239[0m [96moperator()[0m] Accepted new connection
[2026-09-01 06:16:44.201] [info] [[94mHttpSession.cpp[0m:[95m96[0m [96mhandleRequest[0m] Got request: GET /ndt/get_graph_data
[2026-09-01 06:16:44.201] [info] [[94mHttpSession.cpp[0m:[95m531[0m [96mhandleGetGraphData[0m] Handle Get Graph Data
[2026-09-01 06:16:44.215] [info] [[94mHttpSession.cpp[0m:[95m576[0m [96mhandleGetGraphData[0m] get_graph_data success
[2026-09-01 06:16:44.451] [info] [[94mControllerAndOtherEventHandler.cpp[0m:[95m239[0m [96moperator()[0m] Accepted new connection
[2026-09-01 06:16:44.451] [info] [[94mHttpSession.cpp[0m:[95m96[0m [96mhandleRequest[0m] Got request: GET /ndt/get_graph_data
[2026-09-01 06:16:44.451] [info] [[94mHttpSession.cpp[0m:[95m531[0m [96mhandleGetGraphData[0m] Handle Get Graph Data
[2026-09-01 06:16:44.462] [info] [[94mHttpSession.cpp[0m:[95m576[0m [96mhandleGetGraphData[0m] get_graph_data success
[2026-09-01 06:16:44.700] [info] [[94mControllerAndOtherEventHandler.cpp[0m:[95m239[0m [96moperator()[0m] Accepted new connection
[2026-09-01 06:16:44.701] [info] [[94mHttpSession.cpp[0m:[95m96[0m [96mhandleRequest[0m] Got request: GET /ndt/get_graph_data
[2026-09-01 06:16:44.701] [info] [[94mHttpSession.cpp[0m:[95m531[0m [96mhandleGetGraphData[0m] Handle Get Graph Data
[2026-09-01 06:16:44.716] [info] [[94mHttpSession.cpp[0m:[95m576[0m [96mhandleGetGraphData[0m] get_graph_data success
[2026-09-01 06:16:44.950] [info] [[94mControllerAndOtherEventHandler.cpp[0m:[95m239[0m [96moperator()[0m] Accepted new connection
[2026-09-01 06:16:44.950] [info] [[94mHttpSession.cpp[0m:[95m96[0m [96mhandleRequest[0m] Got request: GET /ndt/get_graph_data
[2026-09-01 06:16:44.950] [info] [[94mHttpSession.cpp[0m:[95m531[0m [96mhandleGetGraphData[0m] Handle Get Graph Data
[2026-09-01 06:16:44.969] [info] [[94mHttpSession.cpp[0m:[95m576[0m [96mhandleGetGraphData[0m] get_graph_data success
[2026-09-01 06:16:45.200] [info] [[94mControllerAndOtherEventHandler.cpp[0m:[95m239[0m [96moperator()[0m] Accepted new connection
[2026-09-01 06:16:45.201] [info] [[94mHttpSession.cpp[0m:[95m96[0m [96mhandleRequest[0m] Got request: GET /ndt/get_graph_data
[2026-09-01 06:16:45.201] [info] [[94mHttpSession.cpp[0m:[95m531[0m [96mhandleGetGraphData[0m] Handle Get Graph Data
[2026-09-01 06:16:45.219] [info] [[94mHttpSession.cpp[0m:[95m576[0m [96mhandleGetGraphData[0m] get_graph_data success
[2026-09-01 06:16:45.451] [info] [[94mControllerAndOtherEventHandler.cpp[0m:[95m239[0m [96moperator()[0m] Accepted new connection
[2026-09-01 06:16:45.451] [info] [[94mHttpSession.cpp[0m:[95m96[0m [96mhandleRequest[0m] Got request: GET /ndt/get_graph_data
[2026-09-01 06:16:45.451] [info] [[94mHttpSession.cpp[0m:[95m531[0m [96mhandleGetGraphData[0m] Handle Get Graph Data
[2026-09-01 06:16:45.467] [info] [[94mHttpSession.cpp[0m:[95m576[0m [96mhandleGetGraphData[0m] get_graph_data success
[2026-09-01 06:16:45.701] [info] [[94mControllerAndOtherEventHandler.cpp[0m:[95m239[0m [96moperator()[0m] Accepted new connection
[2026-09-01 06:16:45.701] [info] [[94mHttpSession.cpp[0m:[95m96[0m [96mhandleRequest[0m] Got request: GET /ndt/get_graph_data
[2026-09-01 06:16:45.701] [info] [[94mHttpSession.cpp[0m:[95m531[0m [96mhandleGetGraphData[0m] Handle Get Graph Data
[2026-09-01 06:16:45.719] [info] [[94mHttpSession.cpp[0m:[95m576[0m [96mhandleGetGraphData[0m] get_graph_data success
[2026-09-01 06:16:45.951] [info] [[94mControllerAndOtherEventHandler.cpp[0m:[95m239[0m [96moperator()[0m] Accepted new connection
[2026-09-01 06:16:45.951] [info] [[94mHttpSession.cpp[0m:[95m96[0m [96mhandleRequest[0m] Got request: GET /ndt/get_graph_data
[2026-09-01 06:16:45.951] [info] [[94mHttpSession.cpp[0m:[95m531[0m [96mhandleGetGraphData[0m] Handle Get Graph Data
[2026-09-01 06:16:45.967] [info] [[94mHttpSession.cpp[0m:[95m576[0m [96mhandleGetGraphData[0m] get_graph_data success
[2026-09-01 06:16:46.201] [info] [[94mControllerAndOtherEventHandler.cpp[0m:[95m239[0m [96moperator()[0m] Accepted new connection
[2026-09-01 06:16:46.201] [info] [[94mHttpSession.cpp[0m:[95m96[0m [96mhandleRequest[0m] Got request: GET /ndt/get_graph_data
[2026-09-01 06:16:46.201] [info] [[94mHttpSession.cpp[0m:[95m531[0m [96mhandleGetGraphData[0m] Handle Get Graph Data
[2026-09-01 06:16:46.217] [info] [[94mHttpSession.cpp[0m:[95m576[0m [96mhandleGetGraphData[0m] get_graph_data success
[2026-09-01 06:16:46.451] [info] [[94mControllerAndOtherEventHandler.cpp[0m:[95m239[0m [96moperator()[0m] Accepted new connection
[2026-09-01 06:16:46.452] [info] [[94mHttpSession.cpp[0m:[95m96[0m [96mhandleRequest[0m] Got request: GET /ndt/get_graph_data
[2026-09-01 06:16:46.452] [info] [[94mHttpSession.cpp[0m:[95m531[0m [96mhandleGetGraphData[0m] Handle Get Graph Data
[2026-09-01 06:16:46.471] [info] [[94mHttpSession.cpp[0m:[95m576[0m [96mhandleGetGraphData[0m] get_graph_data success
[2026-09-01 06:16:46.701] [info] [[94mControllerAndOtherEventHandler.cpp[0m:[95m239[0m [96moperator()[0m] Accepted new connection
[2026-09-01 06:16:46.701] [info] [[94mHttpSession.cpp[0m:[95m96[0m [96mhandleRequest[0m] Got request: GET /ndt/get_graph_data
[2026-09-01 06:16:46.701] [info] [[94mHttpSession.cpp[0m:[95m531[0m [96mhandleGetGraphData[0m] Handle Get Graph Data
[2026-09-01 06:16:46.720] [info] [[94mHttpSession.cpp[0m:[95m576[0m [96mhandleGetGraphData[0m] get_graph_data success
[2026-09-01 06:16:46.951] [info] [[94mControllerAndOtherEventHandler.cpp[0m:[95m239[0m [96moperator()[0m] Accepted new connection
[2026-09-01 06:16:46.951] [info] [[94mHttpSession.cpp[0m:[95m96[0m [96mhandleRequest[0m] Got request: GET /ndt/get_graph_data
[2026-09-01 06:16:46.951] [info] [[94mHttpSession.cpp[0m:[95m531[0m [96mhandleGetGraphData[0m] Handle Get Graph Data
[2026-09-01 06:16:46.970] [info] [[94mHttpSession.cpp[0m:[95m576[0m [96mhandleGetGraphData[0m] get_graph_data success
[2026-09-01 06:16:47.201] [info] [[94mControllerAndOtherEventHandler.cpp[0m:[95m239[0m [96moperator()[0m] Accepted new connection
[2026-09-01 06:16:47.201] [info] [[94mHttpSession.cpp[0m:[95m96[0m [96mhandleRequest[0m] Got request: GET /ndt/get_graph_data
[2026-09-01 06:16:47.201] [info] [[94mHttpSession.cpp[0m:[95m531[0m [96mhandleGetGraphData[0m] Handle Get Graph Data
[2026-09-01 06:16:47.220] [info] [[94mHttpSession.cpp[0m:[95m576[0m [96mhandleGetGraphData[0m] get_graph_data success
[2026-09-01 06:16:47.452] [info] [[94mControllerAndOtherEventHandler.cpp[0m:[95m239[0m [96moperator()[0m] Accepted new connection
[2026-09-01 06:16:47.452] [info] [[94mHttpSession.cpp[0m:[95m96[0m [96mhandleRequest[0m] Got request: GET /ndt/get_graph_data
[2026-09-01 06:16:47.452] [info] [[94mHttpSession.cpp[0m:[95m531[0m [96mhandleGetGraphData[0m] Handle Get Graph Data
[2026-09-01 06:16:47.471] [info] [[94mHttpSession.cpp[0m:[95m576[0m [96mhandleGetGraphData[0m] get_graph_data success
[2026-09-01 06:16:47.701] [info] [[94mControllerAndOtherEventHandler.cpp[0m:[95m239[0m [96moperator()[0m] Accepted new connection
[2026-09-01 06:16:47.702] [info] [[94mHttpSession.cpp[0m:[95m96[0m [96mhandleRequest[0m] Got request: GET /ndt/get_graph_data
[2026-09-01 06:16:47.702] [info] [[94mHttpSession.cpp[0m:[95m531[0m [96mhandleGetGraphData[0m] Handle Get Graph Data
[2026-09-01 06:16:47.720] [info] [[94mHttpSession.cpp[0m:[95m576[0m [96mhandleGetGraphData[0m] get_graph_data success
[2026-09-01 06:16:47.952] [info] [[94mControllerAndOtherEventHandler.cpp[0m:[95m239[0m [96moperator()[0m] Accepted new connection
[2026-09-01 06:16:47.952] [info] [[94mHttpSession.cpp[0m:[95m96[0m [96mhandleRequest[0m] Got request: GET /ndt/get_graph_data
[2026-09-01 06:16:47.952] [info] [[94mHttpSession.cpp[0m:[95m531[0m [96mhandleGetGraphData[0m] Handle Get Graph Data
[2026-09-01 06:16:47.970] [info] [[94mHttpSession.cpp[0m:[95m576[0m [96mhandleGetGraphData[0m] get_graph_data success
[2026-09-01 06:16:48.201] [info] [[94mControllerAndOtherEventHandler.cpp[0m:[95m239[0m [96moperator()[0m] Accepted new connection
[2026-09-01 06:16:48.201] [info] [[94mHttpSession.cpp[0m:[95m96[0m [96mhandleRequest[0m] Got request: GET /ndt/get_graph_data
[2026-09-01 06:16:48.201] [info] [[94mHttpSession.cpp[0m:[95m531[0m [96mhandleGetGraphData[0m] Handle Get Graph Data
[2026-09-01 06:16:48.217] [info] [[94mHttpSession.cpp[0m:[95m576[0m [96mhandleGetGraphData[0m] get_graph_data success
[2026-09-01 06:16:48.452] [info] [[94mControllerAndOtherEventHandler.cpp[0m:[95m239[0m [96moperator()[0m] Accepted new connection
[2026-09-01 06:16:48.452] [info] [[94mHttpSession.cpp[0m:[95m96[0m [96mhandleRequest[0m] Got request: GET /ndt/get_graph_data
[2026-09-01 06:16:48.452] [info] [[94mHttpSession.cpp[0m:[95m531[0m [96mhandleGetGraphData[0m] Handle Get Graph Data
[2026-09-01 06:16:48.465] [info] [[94mHttpSession.cpp[0m:[95m576[0m [96mhandleGetGraphData[0m] get_graph_data success
[2026-09-01 06:16:48.702] [info] [[94mControllerAndOtherEventHandler.cpp[0m:[95m239[0m [96moperator()[0m] Accepted new connection
[2026-09-01 06:16:48.702] [info] [[94mHttpSession.cpp[0m:[95m96[0m [96mhandleRequest[0m] Got request: GET /ndt/get_graph_data
[2026-09-01 06:16:48.702] [info] [[94mHttpSession.cpp[0m:[95m531[0m [96mhandleGetGraphData[0m] Handle Get Graph Data
[2026-09-01 06:16:48.720] [info] [[94mHttpSession.cpp[0m:[95m576[0m [96mhandleGetGraphData[0m] get_graph_data success
[2026-09-01 06:16:48.952] [info] [[94mControllerAndOtherEventHandler.cpp[0m:[95m239[0m [96moperator()[0m] Accepted new connection
[2026-09-01 06:16:48.952] [info] [[94mHttpSession.cpp[0m:[95m96[0m [96mhandleRequest[0m] Got request: GET /ndt/get_graph_data
[2026-09-01 06:16:48.952] [info] [[94mHttpSession.cpp[0m:[95m531[0m [96mhandleGetGraphData[0m] Handle Get Graph Data
[2026-09-01 06:16:48.965] [info] [[94mHttpSession.cpp[0m:[95m576[0m [96mhandleGetGraphData[0m] get_graph_data success
[2026-09-01 06:16:49.202] [info] [[94mControllerAndOtherEventHandler.cpp[0m:[95m239[0m [96moperator()[0m] Accepted new connection
[2026-09-01 06:16:49.202] [info] [[94mHttpSession.cpp[0m:[95m96[0m [96mhandleRequest[0m] Got request: GET /ndt/get_graph_data
[2026-09-01 06:16:49.202] [info] [[94mHttpSession.cpp[0m:[95m531[0m [96mhandleGetGraphData[0m] Handle Get Graph Data
[2026-09-01 06:16:49.214] [info] [[94mHttpSession.cpp[0m:[95m576[0m [96mhandleGetGraphData[0m] get_graph_data success
[2026-09-01 06:16:49.452] [info] [[94mControllerAndOtherEventHandler.cpp[0m:[95m239[0m [96moperator()[0m] Accepted new connection
[2026-09-01 06:16:49.452] [info] [[94mHttpSession.cpp[0m:[95m96[0m [96mhandleRequest[0m] Got request: GET /ndt/get_graph_data
[2026-09-01 06:16:49.452] [info] [[94mHttpSession.cpp[0m:[95m531[0m [96mhandleGetGraphData[0m] Handle Get Graph Data
[2026-09-01 06:16:49.470] [info] [[94mHttpSession.cpp[0m:[95m576[0m [96mhandleGetGraphData[0m] get_graph_data success
[2026-09-01 06:16:49.702] [info] [[94mControllerAndOtherEventHandler.cpp[0m:[95m239[0m [96moperator()[0m] Accepted new connection
[2026-09-01 06:16:49.703] [info] [[94mHttpSession.cpp[0m:[95m96[0m [96mhandleRequest[0m] Got request: GET /ndt/get_graph_data
[2026-09-01 06:16:49.703] [info] [[94mHttpSession.cpp[0m:[95m531[0m [96mhandleGetGraphData[0m] Handle Get Graph Data
[2026-09-01 06:16:49.722] [info] [[94mHttpSession.cpp[0m:[95m576[0m [96mhandleGetGraphData[0m] get_graph_data success
[2026-09-01 06:16:49.952] [info] [[94mControllerAndOtherEventHandler.cpp[0m:[95m239[0m [96moperator()[0m] Accepted new connection
[2026-09-01 06:16:49.952] [info] [[94mHttpSession.cpp[0m:[95m96[0m [96mhandleRequest[0m] Got request: GET /ndt/get_graph_data
[2026-09-01 06:16:49.952] [info] [[94mHttpSession.cpp[0m:[95m531[0m [96mhandleGetGraphData[0m] Handle Get Graph Data
[2026-09-01 06:16:49.971] [info] [[94mHttpSession.cpp[0m:[95m576[0m [96mhandleGetGraphData[0m] get_graph_data success
[2026-09-01 06:16:50.203] [info] [[94mControllerAndOtherEventHandler.cpp[0m:[95m239[0m [96moperator()[0m] Accepted new connection
[2026-09-01 06:16:50.203] [info] [[94mHttpSession.cpp[0m:[95m96[0m [96mhandleRequest[0m] Got request: GET /ndt/get_graph_data
[2026-09-01 06:16:50.203] [info] [[94mHttpSession.cpp[0m:[95m531[0m [96mhandleGetGraphData[0m] Handle Get Graph Data
[2026-09-01 06:16:50.222] [info] [[94mHttpSession.cpp[0m:[95m576[0m [96mhandleGetGraphData[0m] get_graph_data success
[2026-09-01 06:16:50.452] [info] [[94mControllerAndOtherEventHandler.cpp[0m:[95m239[0m [96moperator()[0m] Accepted new connection
[2026-09-01 06:16:50.452] [info] [[94mHttpSession.cpp[0m:[95m96[0m [96mhandleRequest[0m] Got request: GET /ndt/get_graph_data
[2026-09-01 06:16:50.452] [info] [[94mHttpSession.cpp[0m:[95m531[0m [96mhandleGetGraphData[0m] Handle Get Graph Data
[2026-09-01 06:16:50.469] [info] [[94mHttpSession.cpp[0m:[95m576[0m [96mhandleGetGraphData[0m] get_graph_data success
[2026-09-01 06:16:50.703] [info] [[94mControllerAndOtherEventHandler.cpp[0m:[95m239[0m [96moperator()[0m] Accepted new connection
[2026-09-01 06:16:50.703] [info] [[94mHttpSession.cpp[0m:[95m96[0m [96mhandleRequest[0m] Got request: GET /ndt/get_graph_data
[2026-09-01 06:16:50.703] [info] [[94mHttpSession.cpp[0m:[95m531[0m [96mhandleGetGraphData[0m] Handle Get Graph Data
[2026-09-01 06:16:50.718] [info] [[94mHttpSession.cpp[0m:[95m576[0m [96mhandleGetGraphData[0m] get_graph_data success
[2026-09-01 06:16:50.952] [info] [[94mControllerAndOtherEventHandler.cpp[0m:[95m239[0m [96moperator()[0m] Accepted new connection
[2026-09-01 06:16:50.952] [info] [[94mHttpSession.cpp[0m:[95m96[0m [96mhandleRequest[0m] Got request: GET /ndt/get_graph_data
[2026-09-01 06:16:50.952] [info] [[94mHttpSession.cpp[0m:[95m531[0m [96mhandleGetGraphData[0m] Handle Get Graph Data
[2026-09-01 06:16:50.964] [info] [[94mHttpSession.cpp[0m:[95m576[0m [96mhandleGetGraphData[0m] get_graph_data success
[2026-09-01 06:16:51.202] [info] [[94mControllerAndOtherEventHandler.cpp[0m:[95m239[0m [96moperator()[0m] Accepted new connection
[2026-09-01 06:16:51.202] [info] [[94mHttpSession.cpp[0m:[95m96[0m [96mhandleRequest[0m] Got request: GET /ndt/get_graph_data
[2026-09-01 06:16:51.202] [info] [[94mHttpSession.cpp[0m:[95m531[0m [96mhandleGetGraphData[0m] Handle Get Graph Data
[2026-09-01 06:16:51.216] [info] [[94mHttpSession.cpp[0m:[95m576[0m [96mhandleGetGraphData[0m] get_graph_data success
[2026-09-01 06:16:51.452] [info] [[94mControllerAndOtherEventHandler.cpp[0m:[95m239[0m [96moperator()[0m] Accepted new connection
[2026-09-01 06:16:51.453] [info] [[94mHttpSession.cpp[0m:[95m96[0m [96mhandleRequest[0m] Got request: GET /ndt/get_graph_data
[2026-09-01 06:16:51.453] [info] [[94mHttpSession.cpp[0m:[95m531[0m [96mhandleGetGraphData[0m] Handle Get Graph Data
[2026-09-01 06:16:51.470] [info] [[94mHttpSession.cpp[0m:[95m576[0m [96mhandleGetGraphData[0m] get_graph_data success
[2026-09-01 06:16:51.702] [info] [[94mControllerAndOtherEventHandler.cpp[0m:[95m239[0m [96moperator()[0m] Accepted new connection
[2026-09-01 06:16:51.703] [info] [[94mHttpSession.cpp[0m:[95m96[0m [96mhandleRequest[0m] Got request: GET /ndt/get_graph_data
[2026-09-01 06:16:51.703] [info] [[94mHttpSession.cpp[0m:[95m531[0m [96mhandleGetGraphData[0m] Handle Get Graph Data
[2026-09-01 06:16:51.720] [info] [[94mHttpSession.cpp[0m:[95m576[0m [96mhandleGetGraphData[0m] get_graph_data success
[2026-09-01 06:16:51.953] [info] [[94mControllerAndOtherEventHandler.cpp[0m:[95m239[0m [96moperator()[0m] Accepted new connection
[2026-09-01 06:16:51.953] [info] [[94mHttpSession.cpp[0m:[95m96[0m [96mhandleRequest[0m] Got request: GET /ndt/get_graph_data
[2026-09-01 06:16:51.953] [info] [[94mHttpSession.cpp[0m:[95m531[0m [96mhandleGetGraphData[0m] Handle Get Graph Data
[2026-09-01 06:16:51.971] [info] [[94mHttpSession.cpp[0m:[95m576[0m [96mhandleGetGraphData[0m] get_graph_data success
[2026-09-01 06:16:52.203] [info] [[94mControllerAndOtherEventHandler.cpp[0m:[95m239[0m [96moperator()[0m] Accepted new connection
[2026-09-01 06:16:52.204] [info] [[94mHttpSession.cpp[0m:[95m96[0m [96mhandleRequest[0m] Got request: GET /ndt/get_graph_data
[2026-09-01 06:16:52.204] [info] [[94mHttpSession.cpp[0m:[95m531[0m [96mhandleGetGraphData[0m] Handle Get Graph Data
[2026-09-01 06:16:52.223] [info] [[94mHttpSession.cpp[0m:[95m576[0m [96mhandleGetGraphData[0m] get_graph_data success
[2026-09-01 06:16:52.453] [info] [[94mControllerAndOtherEventHandler.cpp[0m:[95m239[0m [96moperator()[0m] Accepted new connection
[2026-09-01 06:16:52.454] [info] [[94mHttpSession.cpp[0m:[95m96[0m [96mhandleRequest[0m] Got request: GET /ndt/get_graph_data
[2026-09-01 06:16:52.454] [info] [[94mHttpSession.cpp[0m:[95m531[0m [96mhandleGetGraphData[0m] Handle Get Graph Data
[2026-09-01 06:16:52.472] [info] [[94mHttpSession.cpp[0m:[95m576[0m [96mhandleGetGraphData[0m] get_graph_data success
[2026-09-01 06:16:52.703] [info] [[94mControllerAndOtherEventHandler.cpp[0m:[95m239[0m [96moperator()[0m] Accepted new connection
[2026-09-01 06:16:52.703] [info] [[94mHttpSession.cpp[0m:[95m96[0m [96mhandleRequest[0m] Got request: GET /ndt/get_graph_data
[2026-09-01 06:16:52.703] [info] [[94mHttpSession.cpp[0m:[95m531[0m [96mhandleGetGraphData[0m] Handle Get Graph Data
[2026-09-01 06:16:52.716] [info] [[94mHttpSession.cpp[0m:[95m576[0m [96mhandleGetGraphData[0m] get_graph_data success
[2026-09-01 06:16:52.953] [info] [[94mControllerAndOtherEventHandler.cpp[0m:[95m239[0m [96moperator()[0m] Accepted new connection
[2026-09-01 06:16:52.953] [info] [[94mHttpSession.cpp[0m:[95m96[0m [96mhandleRequest[0m] Got request: GET /ndt/get_graph_data
[2026-09-01 06:16:52.953] [info] [[94mHttpSession.cpp[0m:[95m531[0m [96mhandleGetGraphData[0m] Handle Get Graph Data
[2026-09-01 06:16:52.972] [info] [[94mHttpSession.cpp[0m:[95m576[0m [96mhandleGetGraphData[0m] get_graph_data success
[2026-09-01 06:16:53.204] [info] [[94mControllerAndOtherEventHandler.cpp[0m:[95m239[0m [96moperator()[0m] Accepted new connection
[2026-09-01 06:16:53.204] [info] [[94mHttpSession.cpp[0m:[95m96[0m [96mhandleRequest[0m] Got request: GET /ndt/get_graph_data
[2026-09-01 06:16:53.204] [info] [[94mHttpSession.cpp[0m:[95m531[0m [96mhandleGetGraphData[0m] Handle Get Graph Data
[2026-09-01 06:16:53.222] [info] [[94mHttpSession.cpp[0m:[95m576[0m [96mhandleGetGraphData[0m] get_graph_data success
[2026-09-01 06:16:53.453] [info] [[94mControllerAndOtherEventHandler.cpp[0m:[95m239[0m [96moperator()[0m] Accepted new connection
[2026-09-01 06:16:53.453] [info] [[94mHttpSession.cpp[0m:[95m96[0m [96mhandleRequest[0m] Got request: GET /ndt/get_graph_data
[2026-09-01 06:16:53.453] [info] [[94mHttpSession.cpp[0m:[95m531[0m [96mhandleGetGraphData[0m] Handle Get Graph Data
[2026-09-01 06:16:53.472] [info] [[94mHttpSession.cpp[0m:[95m576[0m [96mhandleGetGraphData[0m] get_graph_data success
[2026-09-01 06:16:53.704] [info] [[94mControllerAndOtherEventHandler.cpp[0m:[95m239[0m [96moperator()[0m] Accepted new connection
[2026-09-01 06:16:53.704] [info] [[94mHttpSession.cpp[0m:[95m96[0m [96mhandleRequest[0m] Got request: GET /ndt/get_graph_data
[2026-09-01 06:16:53.704] [info] [[94mHttpSession.cpp[0m:[95m531[0m [96mhandleGetGraphData[0m] Handle Get Graph Data
[2026-09-01 06:16:53.722] [info] [[94mHttpSession.cpp[0m:[95m576[0m [96mhandleGetGraphData[0m] get_graph_data success
[2026-09-01 06:16:53.953] [info] [[94mControllerAndOtherEventHandler.cpp[0m:[95m239[0m [96moperator()[0m] Accepted new connection
[2026-09-01 06:16:53.953] [info] [[94mHttpSession.cpp[0m:[95m96[0m [96mhandleRequest[0m] Got request: GET /ndt/get_graph_data
[2026-09-01 06:16:53.954] [info] [[94mHttpSession.cpp[0m:[95m531[0m [96mhandleGetGraphData[0m] Handle Get Graph Data
[2026-09-01 06:16:53.971] [info] [[94mHttpSession.cpp[0m:[95m576[0m [96mhandleGetGraphData[0m] get_graph_data success
[2026-09-01 06:16:54.204] [info] [[94mControllerAndOtherEventHandler.cpp[0m:[95m239[0m [96moperator()[0m] Accepted new connection
[2026-09-01 06:16:54.204] [info] [[94mHttpSession.cpp[0m:[95m96[0m [96mhandleRequest[0m] Got request: GET /ndt/get_graph_data
[2026-09-01 06:16:54.204] [info] [[94mHttpSession.cpp[0m:[95m531[0m [96mhandleGetGraphData[0m] Handle Get Graph Data
[2026-09-01 06:16:54.223] [info] [[94mHttpSession.cpp[0m:[95m576[0m [96mhandleGetGraphData[0m] get_graph_data success
[2026-09-01 06:16:54.453] [info] [[94mControllerAndOtherEventHandler.cpp[0m:[95m239[0m [96moperator()[0m] Accepted new connection
[2026-09-01 06:16:54.454] [info] [[94mHttpSession.cpp[0m:[95m96[0m [96mhandleRequest[0m] Got request: GET /ndt/get_graph_data
[2026-09-01 06:16:54.454] [info] [[94mHttpSession.cpp[0m:[95m531[0m [96mhandleGetGraphData[0m] Handle Get Graph Data
[2026-09-01 06:16:54.468] [info] [[94mHttpSession.cpp[0m:[95m576[0m [96mhandleGetGraphData[0m] get_graph_data success
[2026-09-01 06:16:54.704] [info] [[94mControllerAndOtherEventHandler.cpp[0m:[95m239[0m [96moperator()[0m] Accepted new connection
[2026-09-01 06:16:54.704] [info] [[94mHttpSession.cpp[0m:[95m96[0m [96mhandleRequest[0m] Got request: GET /ndt/get_graph_data
[2026-09-01 06:16:54.704] [info] [[94mHttpSession.cpp[0m:[95m531[0m [96mhandleGetGraphData[0m] Handle Get Graph Data
[2026-09-01 06:16:54.722] [info] [[94mHttpSession.cpp[0m:[95m576[0m [96mhandleGetGraphData[0m] get_graph_data success
[2026-09-01 06:16:54.954] [info] [[94mControllerAndOtherEventHandler.cpp[0m:[95m239[0m [96moperator()[0m] Accepted new connection
[2026-09-01 06:16:54.954] [info] [[94mHttpSession.cpp[0m:[95m96[0m [96mhandleRequest[0m] Got request: GET /ndt/get_graph_data
[2026-09-01 06:16:54.954] [info] [[94mHttpSession.cpp[0m:[95m531[0m [96mhandleGetGraphData[0m] Handle Get Graph Data
[2026-09-01 06:16:54.971] [info] [[94mHttpSession.cpp[0m:[95m576[0m [96mhandleGetGraphData[0m] get_graph_data success
[2026-09-01 06:16:55.204] [info] [[94mControllerAndOtherEventHandler.cpp[0m:[95m239[0m [96moperator()[0m] Accepted new connection
[2026-09-01 06:16:55.204] [info] [[94mHttpSession.cpp[0m:[95m96[0m [96mhandleRequest[0m] Got request: GET /ndt/get_graph_data
[2026-09-01 06:16:55.204] [info] [[94mHttpSession.cpp[0m:[95m531[0m [96mhandleGetGraphData[0m] Handle Get Graph Data
[2026-09-01 06:16:55.223] [info] [[94mHttpSession.cpp[0m:[95m576[0m [96mhandleGetGraphData[0m] get_graph_data success
[2026-09-01 06:16:55.454] [info] [[94mControllerAndOtherEventHandler.cpp[0m:[95m239[0m [96moperator()[0m] Accepted new connection
[2026-09-01 06:16:55.455] [info] [[94mHttpSession.cpp[0m:[95m96[0m [96mhandleRequest[0m] Got request: GET /ndt/get_graph_data
[2026-09-01 06:16:55.455] [info] [[94mHttpSession.cpp[0m:[95m531[0m [96mhandleGetGraphData[0m] Handle Get Graph Data
[2026-09-01 06:16:55.473] [info] [[94mHttpSession.cpp[0m:[95m576[0m [96mhandleGetGraphData[0m] get_graph_data success
[2026-09-01 06:16:55.704] [info] [[94mControllerAndOtherEventHandler.cpp[0m:[95m239[0m [96moperator()[0m] Accepted new connection
[2026-09-01 06:16:55.705] [info] [[94mHttpSession.cpp[0m:[95m96[0m [96mhandleRequest[0m] Got request: GET /ndt/get_graph_data
[2026-09-01 06:16:55.705] [info] [[94mHttpSession.cpp[0m:[95m531[0m [96mhandleGetGraphData[0m] Handle Get Graph Data
[2026-09-01 06:16:55.723] [info] [[94mHttpSession.cpp[0m:[95m576[0m [96mhandleGetGraphData[0m] get_graph_data success
[2026-09-01 06:16:55.954] [info] [[94mControllerAndOtherEventHandler.cpp[0m:[95m239[0m [96moperator()[0m] Accepted new connection
[2026-09-01 06:16:55.955] [info] [[94mHttpSession.cpp[0m:[95m96[0m [96mhandleRequest[0m] Got request: GET /ndt/get_graph_data
[2026-09-01 06:16:55.955] [info] [[94mHttpSession.cpp[0m:[95m531[0m [96mhandleGetGraphData[0m] Handle Get Graph Data
[2026-09-01 06:16:55.969] [info] [[94mHttpSession.cpp[0m:[95m576[0m [96mhandleGetGraphData[0m] get_graph_data success
[2026-09-01 06:16:56.204] [info] [[94mControllerAndOtherEventHandler.cpp[0m:[95m239[0m [96moperator()[0m] Accepted new connection
[2026-09-01 06:16:56.205] [info] [[94mHttpSession.cpp[0m:[95m96[0m [96mhandleRequest[0m] Got request: GET /ndt/get_graph_data
[2026-09-01 06:16:56.205] [info] [[94mHttpSession.cpp[0m:[95m531[0m [96mhandleGetGraphData[0m] Handle Get Graph Data
[2026-09-01 06:16:56.224] [info] [[94mHttpSession.cpp[0m:[95m576[0m [96mhandleGetGraphData[0m] get_graph_data success
[2026-09-01 06:16:56.455] [info] [[94mControllerAndOtherEventHandler.cpp[0m:[95m239[0m [96moperator()[0m] Accepted new connection
[2026-09-01 06:16:56.455] [info] [[94mHttpSession.cpp[0m:[95m96[0m [96mhandleRequest[0m] Got request: GET /ndt/get_graph_data
[2026-09-01 06:16:56.455] [info] [[94mHttpSession.cpp[0m:[95m531[0m [96mhandleGetGraphData[0m] Handle Get Graph Data
[2026-09-01 06:16:56.471] [info] [[94mHttpSession.cpp[0m:[95m576[0m [96mhandleGetGraphData[0m] get_graph_data success
[2026-09-01 06:16:56.704] [info] [[94mControllerAndOtherEventHandler.cpp[0m:[95m239[0m [96moperator()[0m] Accepted new connection
[2026-09-01 06:16:56.704] [info] [[94mHttpSession.cpp[0m:[95m96[0m [96mhandleRequest[0m] Got request: GET /ndt/get_graph_data
[2026-09-01 06:16:56.704] [info] [[94mHttpSession.cpp[0m:[95m531[0m [96mhandleGetGraphData[0m] Handle Get Graph Data
[2026-09-01 06:16:56.716] [info] [[94mHttpSession.cpp[0m:[95m576[0m [96mhandleGetGraphData[0m] get_graph_data success
[2026-09-01 06:16:56.955] [info] [[94mControllerAndOtherEventHandler.cpp[0m:[95m239[0m [96moperator()[0m] Accepted new connection
[2026-09-01 06:16:56.955] [info] [[94mHttpSession.cpp[0m:[95m96[0m [96mhandleRequest[0m] Got request: GET /ndt/get_graph_data
[2026-09-01 06:16:56.955] [info] [[94mHttpSession.cpp[0m:[95m531[0m [96mhandleGetGraphData[0m] Handle Get Graph Data
[2026-09-01 06:16:56.970] [info] [[94mHttpSession.cpp[0m:[95m576[0m [96mhandleGetGraphData[0m] get_graph_data success
[2026-09-01 06:16:57.205] [info] [[94mControllerAndOtherEventHandler.cpp[0m:[95m239[0m [96moperator()[0m] Accepted new connection
[2026-09-01 06:16:57.205] [info] [[94mHttpSession.cpp[0m:[95m96[0m [96mhandleRequest[0m] Got request: GET /ndt/get_graph_data
[2026-09-01 06:16:57.205] [info] [[94mHttpSession.cpp[0m:[95m531[0m [96mhandleGetGraphData[0m] Handle Get Graph Data
[2026-09-01 06:16:57.218] [info] [[94mHttpSession.cpp[0m:[95m576[0m [96mhandleGetGraphData[0m] get_graph_data success
[2026-09-01 06:16:57.455] [info] [[94mControllerAndOtherEventHandler.cpp[0m:[95m239[0m [96moperator()[0m] Accepted new connection
[2026-09-01 06:16:57.455] [info] [[94mHttpSession.cpp[0m:[95m96[0m [96mhandleRequest[0m] Got request: GET /ndt/get_graph_data
[2026-09-01 06:16:57.455] [info] [[94mHttpSession.cpp[0m:[95m531[0m [96mhandleGetGraphData[0m] Handle Get Graph Data
[2026-09-01 06:16:57.473] [info] [[94mHttpSession.cpp[0m:[95m576[0m [96mhandleGetGraphData[0m] get_graph_data success
[2026-09-01 06:16:57.705] [info] [[94mControllerAndOtherEventHandler.cpp[0m:[95m239[0m [96moperator()[0m] Accepted new connection
[2026-09-01 06:16:57.705] [info] [[94mHttpSession.cpp[0m:[95m96[0m [96mhandleRequest[0m] Got request: GET /ndt/get_graph_data
[2026-09-01 06:16:57.705] [info] [[94mHttpSession.cpp[0m:[95m531[0m [96mhandleGetGraphData[0m] Handle Get Graph Data
[2026-09-01 06:16:57.721] [info] [[94mHttpSession.cpp[0m:[95m576[0m [96mhandleGetGraphData[0m] get_graph_data success
[2026-09-01 06:16:57.955] [info] [[94mControllerAndOtherEventHandler.cpp[0m:[95m239[0m [96moperator()[0m] Accepted new connection
[2026-09-01 06:16:57.955] [info] [[94mHttpSession.cpp[0m:[95m96[0m [96mhandleRequest[0m] Got request: GET /ndt/get_graph_data
[2026-09-01 06:16:57.955] [info] [[94mHttpSession.cpp[0m:[95m531[0m [96mhandleGetGraphData[0m] Handle Get Graph Data
[2026-09-01 06:16:57.973] [info] [[94mHttpSession.cpp[0m:[95m576[0m [96mhandleGetGraphData[0m] get_graph_data success
[2026-09-01 06:16:58.205] [info] [[94mControllerAndOtherEventHandler.cpp[0m:[95m239[0m [96moperator()[0m] Accepted new connection
[2026-09-01 06:16:58.205] [info] [[94mHttpSession.cpp[0m:[95m96[0m [96mhandleRequest[0m] Got request: GET /ndt/get_graph_data
[2026-09-01 06:16:58.205] [info] [[94mHttpSession.cpp[0m:[95m531[0m [96mhandleGetGraphData[0m] Handle Get Graph Data
[2026-09-01 06:16:58.222] [info] [[94mHttpSession.cpp[0m:[95m576[0m [96mhandleGetGraphData[0m] get_graph_data success
[2026-09-01 06:16:58.455] [info] [[94mControllerAndOtherEventHandler.cpp[0m:[95m239[0m [96moperator()[0m] Accepted new connection
[2026-09-01 06:16:58.455] [info] [[94mHttpSession.cpp[0m:[95m96[0m [96mhandleRequest[0m] Got request: GET /ndt/get_graph_data
[2026-09-01 06:16:58.455] [info] [[94mHttpSession.cpp[0m:[95m531[0m [96mhandleGetGraphData[0m] Handle Get Graph Data
[2026-09-01 06:16:58.468] [info] [[94mHttpSession.cpp[0m:[95m576[0m [96mhandleGetGraphData[0m] get_graph_data success
[2026-09-01 06:16:58.705] [info] [[94mControllerAndOtherEventHandler.cpp[0m:[95m239[0m [96moperator()[0m] Accepted new connection
[2026-09-01 06:16:58.705] [info] [[94mHttpSession.cpp[0m:[95m96[0m [96mhandleRequest[0m] Got request: GET /ndt/get_graph_data
[2026-09-01 06:16:58.705] [info] [[94mHttpSession.cpp[0m:[95m531[0m [96mhandleGetGraphData[0m] Handle Get Graph Data
[2026-09-01 06:16:58.718] [info] [[94mHttpSession.cpp[0m:[95m576[0m [96mhandleGetGraphData[0m] get_graph_data success
[2026-09-01 06:16:58.955] [info] [[94mControllerAndOtherEventHandler.cpp[0m:[95m239[0m [96moperator()[0m] Accepted new connection
[2026-09-01 06:16:58.955] [info] [[94mHttpSession.cpp[0m:[95m96[0m [96mhandleRequest[0m] Got request: GET /ndt/get_graph_data
[2026-09-01 06:16:58.955] [info] [[94mHttpSession.cpp[0m:[95m531[0m [96mhandleGetGraphData[0m] Handle Get Graph Data
[2026-09-01 06:16:58.974] [info] [[94mHttpSession.cpp[0m:[95m576[0m [96mhandleGetGraphData[0m] get_graph_data success
[2026-09-01 06:16:59.206] [info] [[94mControllerAndOtherEventHandler.cpp[0m:[95m239[0m [96moperator()[0m] Accepted new connection
[2026-09-01 06:16:59.206] [info] [[94mHttpSession.cpp[0m:[95m96[0m [96mhandleRequest[0m] Got request: GET /ndt/get_graph_data
[2026-09-01 06:16:59.206] [info] [[94mHttpSession.cpp[0m:[95m531[0m [96mhandleGetGraphData[0m] Handle Get Graph Data
[2026-09-01 06:16:59.225] [info] [[94mHttpSession.cpp[0m:[95m576[0m [96mhandleGetGraphData[0m] get_graph_data success
[2026-09-01 06:16:59.455] [info] [[94mControllerAndOtherEventHandler.cpp[0m:[95m239[0m [96moperator()[0m] Accepted new connection
[2026-09-01 06:16:59.455] [info] [[94mHttpSession.cpp[0m:[95m96[0m [96mhandleRequest[0m] Got request: GET /ndt/get_graph_data
[2026-09-01 06:16:59.455] [info] [[94mHttpSession.cpp[0m:[95m531[0m [96mhandleGetGraphData[0m] Handle Get Graph Data
[2026-09-01 06:16:59.470] [info] [[94mHttpSession.cpp[0m:[95m576[0m [96mhandleGetGraphData[0m] get_graph_data success
[2026-09-01 06:16:59.706] [info] [[94mControllerAndOtherEventHandler.cpp[0m:[95m239[0m [96moperator()[0m] Accepted new connection
[2026-09-01 06:16:59.706] [info] [[94mHttpSession.cpp[0m:[95m96[0m [96mhandleRequest[0m] Got request: GET /ndt/get_graph_data
[2026-09-01 06:16:59.706] [info] [[94mHttpSession.cpp[0m:[95m531[0m [96mhandleGetGraphData[0m] Handle Get Graph Data
[2026-09-01 06:16:59.724] [info] [[94mHttpSession.cpp[0m:[95m576[0m [96mhandleGetGraphData[0m] get_graph_data success
[2026-09-01 06:16:59.956] [info] [[94mControllerAndOtherEventHandler.cpp[0m:[95m239[0m [96moperator()[0m] Accepted new connection
[2026-09-01 06:16:59.956] [info] [[94mHttpSession.cpp[0m:[95m96[0m [96mhandleRequest[0m] Got request: GET /ndt/get_graph_data
[2026-09-01 06:16:59.956] [info] [[94mHttpSession.cpp[0m:[95m531[0m [96mhandleGetGraphData[0m] Handle Get Graph Data
[2026-09-01 06:16:59.969] [info] [[94mHttpSession.cpp[0m:[95m576[0m [96mhandleGetGraphData[0m] get_graph_data success
[2026-09-01 06:17:00.206] [info] [[94mControllerAndOtherEventHandler.cpp[0m:[95m239[0m [96moperator()[0m] Accepted new connection
[2026-09-01 06:17:00.206] [info] [[94mHttpSession.cpp[0m:[95m96[0m [96mhandleRequest[0m] Got request: GET /ndt/get_graph_data
[2026-09-01 06:17:00.206] [info] [[94mHttpSession.cpp[0m:[95m531[0m [96mhandleGetGraphData[0m] Handle Get Graph Data
[2026-09-01 06:17:00.224] [info] [[94mHttpSession.cpp[0m:[95m576[0m [96mhandleGetGraphData[0m] get_graph_data success
[2026-09-01 06:17:00.456] [info] [[94mControllerAndOtherEventHandler.cpp[0m:[95m239[0m [96moperator()[0m] Accepted new connection
[2026-09-01 06:17:00.456] [info] [[94mHttpSession.cpp[0m:[95m96[0m [96mhandleRequest[0m] Got request: GET /ndt/get_graph_data
[2026-09-01 06:17:00.456] [info] [[94mHttpSession.cpp[0m:[95m531[0m [96mhandleGetGraphData[0m] Handle Get Graph Data
[2026-09-01 06:17:00.474] [info] [[94mHttpSession.cpp[0m:[95m576[0m [96mhandleGetGraphData[0m] get_graph_data success
[2026-09-01 06:17:00.706] [info] [[94mControllerAndOtherEventHandler.cpp[0m:[95m239[0m [96moperator()[0m] Accepted new connection
[2026-09-01 06:17:00.706] [info] [[94mHttpSession.cpp[0m:[95m96[0m [96mhandleRequest[0m] Got request: GET /ndt/get_graph_data
[2026-09-01 06:17:00.706] [info] [[94mHttpSession.cpp[0m:[95m531[0m [96mhandleGetGraphData[0m] Handle Get Graph Data
[2026-09-01 06:17:00.719] [info] [[94mHttpSession.cpp[0m:[95m576[0m [96mhandleGetGraphData[0m] get_graph_data success
[2026-09-01 06:17:00.956] [info] [[94mControllerAndOtherEventHandler.cpp[0m:[95m239[0m [96moperator()[0m] Accepted new connection
[2026-09-01 06:17:00.956] [info] [[94mHttpSession.cpp[0m:[95m96[0m [96mhandleRequest[0m] Got request: GET /ndt/get_graph_data
[2026-09-01 06:17:00.956] [info] [[94mHttpSession.cpp[0m:[95m531[0m [96mhandleGetGraphData[0m] Handle Get Graph Data
[2026-09-01 06:17:00.973] [info] [[94mHttpSession.cpp[0m:[95m576[0m [96mhandleGetGraphData[0m] get_graph_data success
[2026-09-01 06:17:01.206] [info] [[94mControllerAndOtherEventHandler.cpp[0m:[95m239[0m [96moperator()[0m] Accepted new connection
[2026-09-01 06:17:01.206] [info] [[94mHttpSession.cpp[0m:[95m96[0m [96mhandleRequest[0m] Got request: GET /ndt/get_graph_data
[2026-09-01 06:17:01.206] [info] [[94mHttpSession.cpp[0m:[95m531[0m [96mhandleGetGraphData[0m] Handle Get Graph Data
[2026-09-01 06:17:01.224] [info] [[94mHttpSession.cpp[0m:[95m576[0m [96mhandleGetGraphData[0m] get_graph_data success
[2026-09-01 06:17:01.456] [info] [[94mControllerAndOtherEventHandler.cpp[0m:[95m239[0m [96moperator()[0m] Accepted new connection
[2026-09-01 06:17:01.457] [info] [[94mHttpSession.cpp[0m:[95m96[0m [96mhandleRequest[0m] Got request: GET /ndt/get_graph_data
[2026-09-01 06:17:01.457] [info] [[94mHttpSession.cpp[0m:[95m531[0m [96mhandleGetGraphData[0m] Handle Get Graph Data
[2026-09-01 06:17:01.475] [info] [[94mHttpSession.cpp[0m:[95m576[0m [96mhandleGetGraphData[0m] get_graph_data success
[2026-09-01 06:17:01.706] [info] [[94mControllerAndOtherEventHandler.cpp[0m:[95m239[0m [96moperator()[0m] Accepted new connection
[2026-09-01 06:17:01.707] [info] [[94mHttpSession.cpp[0m:[95m96[0m [96mhandleRequest[0m] Got request: GET /ndt/get_graph_data
[2026-09-01 06:17:01.707] [info] [[94mHttpSession.cpp[0m:[95m531[0m [96mhandleGetGraphData[0m] Handle Get Graph Data
[2026-09-01 06:17:01.724] [info] [[94mHttpSession.cpp[0m:[95m576[0m [96mhandleGetGraphData[0m] get_graph_data success
[2026-09-01 06:17:01.957] [info] [[94mControllerAndOtherEventHandler.cpp[0m:[95m239[0m [96moperator()[0m] Accepted new connection
[2026-09-01 06:17:01.957] [info] [[94mHttpSession.cpp[0m:[95m96[0m [96mhandleRequest[0m] Got request: GET /ndt/get_graph_data
[2026-09-01 06:17:01.957] [info] [[94mHttpSession.cpp[0m:[95m531[0m [96mhandleGetGraphData[0m] Handle Get Graph Data
[2026-09-01 06:17:01.970] [info] [[94mHttpSession.cpp[0m:[95m576[0m [96mhandleGetGraphData[0m] get_graph_data success
[2026-09-01 06:17:02.206] [info] [[94mControllerAndOtherEventHandler.cpp[0m:[95m239[0m [96moperator()[0m] Accepted new connection
[2026-09-01 06:17:02.206] [info] [[94mHttpSession.cpp[0m:[95m96[0m [96mhandleRequest[0m] Got request: GET /ndt/get_graph_data
[2026-09-01 06:17:02.206] [info] [[94mHttpSession.cpp[0m:[95m531[0m [96mhandleGetGraphData[0m] Handle Get Graph Data
[2026-09-01 06:17:02.223] [info] [[94mHttpSession.cpp[0m:[95m576[0m [96mhandleGetGraphData[0m] get_graph_data success
[2026-09-01 06:17:02.457] [info] [[94mControllerAndOtherEventHandler.cpp[0m:[95m239[0m [96moperator()[0m] Accepted new connection
[2026-09-01 06:17:02.457] [info] [[94mHttpSession.cpp[0m:[95m96[0m [96mhandleRequest[0m] Got request: GET /ndt/get_graph_data
[2026-09-01 06:17:02.457] [info] [[94mHttpSession.cpp[0m:[95m531[0m [96mhandleGetGraphData[0m] Handle Get Graph Data
[2026-09-01 06:17:02.475] [info] [[94mHttpSession.cpp[0m:[95m576[0m [96mhandleGetGraphData[0m] get_graph_data success
[2026-09-01 06:17:02.707] [info] [[94mControllerAndOtherEventHandler.cpp[0m:[95m239[0m [96moperator()[0m] Accepted new connection
[2026-09-01 06:17:02.707] [info] [[94mHttpSession.cpp[0m:[95m96[0m [96mhandleRequest[0m] Got request: GET /ndt/get_graph_data
[2026-09-01 06:17:02.707] [info] [[94mHttpSession.cpp[0m:[95m531[0m [96mhandleGetGraphData[0m] Handle Get Graph Data
[2026-09-01 06:17:02.725] [info] [[94mHttpSession.cpp[0m:[95m576[0m [96mhandleGetGraphData[0m] get_graph_data success
[2026-09-01 06:17:02.957] [info] [[94mControllerAndOtherEventHandler.cpp[0m:[95m239[0m [96moperator()[0m] Accepted new connection
[2026-09-01 06:17:02.957] [info] [[94mHttpSession.cpp[0m:[95m96[0m [96mhandleRequest[0m] Got request: GET /ndt/get_graph_data
[2026-09-01 06:17:02.957] [info] [[94mHttpSession.cpp[0m:[95m531[0m [96mhandleGetGraphData[0m] Handle Get Graph Data
[2026-09-01 06:17:02.975] [info] [[94mHttpSession.cpp[0m:[95m576[0m [96mhandleGetGraphData[0m] get_graph_data success
[2026-09-01 06:17:03.206] [info] [[94mControllerAndOtherEventHandler.cpp[0m:[95m239[0m [96moperator()[0m] Accepted new connection
[2026-09-01 06:17:03.207] [info] [[94mHttpSession.cpp[0m:[95m96[0m [96mhandleRequest[0m] Got request: GET /ndt/get_graph_data
[2026-09-01 06:17:03.207] [info] [[94mHttpSession.cpp[0m:[95m531[0m [96mhandleGetGraphData[0m] Handle Get Graph Data
[2026-09-01 06:17:03.221] [info] [[94mHttpSession.cpp[0m:[95m576[0m [96mhandleGetGraphData[0m] get_graph_data success
[2026-09-01 06:17:03.457] [info] [[94mControllerAndOtherEventHandler.cpp[0m:[95m239[0m [96moperator()[0m] Accepted new connection
[2026-09-01 06:17:03.457] [info] [[94mHttpSession.cpp[0m:[95m96[0m [96mhandleRequest[0m] Got request: GET /ndt/get_graph_data
[2026-09-01 06:17:03.457] [info] [[94mHttpSession.cpp[0m:[95m531[0m [96mhandleGetGraphData[0m] Handle Get Graph Data
[2026-09-01 06:17:03.475] [info] [[94mHttpSession.cpp[0m:[95m576[0m [96mhandleGetGraphData[0m] get_graph_data success
[2026-09-01 06:17:03.706] [info] [[94mControllerAndOtherEventHandler.cpp[0m:[95m239[0m [96moperator()[0m] Accepted new connection
[2026-09-01 06:17:03.707] [info] [[94mHttpSession.cpp[0m:[95m96[0m [96mhandleRequest[0m] Got request: GET /ndt/get_graph_data
[2026-09-01 06:17:03.707] [info] [[94mHttpSession.cpp[0m:[95m531[0m [96mhandleGetGraphData[0m] Handle Get Graph Data
[2026-09-01 06:17:03.723] [info] [[94mHttpSession.cpp[0m:[95m576[0m [96mhandleGetGraphData[0m] get_graph_data success
[2026-09-01 06:17:03.956] [info] [[94mControllerAndOtherEventHandler.cpp[0m:[95m239[0m [96moperator()[0m] Accepted new connection
[2026-09-01 06:17:03.956] [info] [[94mHttpSession.cpp[0m:[95m96[0m [96mhandleRequest[0m] Got request: GET /ndt/get_graph_data
[2026-09-01 06:17:03.956] [info] [[94mHttpSession.cpp[0m:[95m531[0m [96mhandleGetGraphData[0m] Handle Get Graph Data
[2026-09-01 06:17:03.970] [info] [[94mHttpSession.cpp[0m:[95m576[0m [96mhandleGetGraphData[0m] get_graph_data success
[2026-09-01 06:17:04.207] [info] [[94mControllerAndOtherEventHandler.cpp[0m:[95m239[0m [96moperator()[0m] Accepted new connection
[2026-09-01 06:17:04.207] [info] [[94mHttpSession.cpp[0m:[95m96[0m [96mhandleRequest[0m] Got request: GET /ndt/get_graph_data
[2026-09-01 06:17:04.207] [info] [[94mHttpSession.cpp[0m:[95m531[0m [96mhandleGetGraphData[0m] Handle Get Graph Data
[2026-09-01 06:17:04.226] [info] [[94mHttpSession.cpp[0m:[95m576[0m [96mhandleGetGraphData[0m] get_graph_data success
[2026-09-01 06:17:04.457] [info] [[94mControllerAndOtherEventHandler.cpp[0m:[95m239[0m [96moperator()[0m] Accepted new connection
[2026-09-01 06:17:04.457] [info] [[94mHttpSession.cpp[0m:[95m96[0m [96mhandleRequest[0m] Got request: GET /ndt/get_graph_data
[2026-09-01 06:17:04.457] [info] [[94mHttpSession.cpp[0m:[95m531[0m [96mhandleGetGraphData[0m] Handle Get Graph Data
[2026-09-01 06:17:04.476] [info] [[94mHttpSession.cpp[0m:[95m576[0m [96mhandleGetGraphData[0m] get_graph_data success
[2026-09-01 06:17:04.490] [info] [[94mFlowLinkUsageCollector.cpp[0m:[95m1807[0m [96mcalAvgFlowSendingRatesPeriodically[0m] rate loop period: last 30 iters mean 1000.9 ms | since start (89 iters) mean 1000.7 ms, min 1000.1, max 1003.0 (flows=1, counters=5) -- the LAST-N figure is the current denominator; the since-start one lags it
[2026-09-01 06:17:04.490] [info] [[94mFlowLinkUsageCollector.cpp[0m:[95m2016[0m [96mcalAvgFlowSendingRatesPeriodically[0m] rate divisor check: measured_interval_s=1.000665 divisor_used_s=1.000665 (ticket Q gate: these must agree to 1%; a negative divisor means no rate has been published yet, which is not a pass)
[2026-09-01 06:17:04.707] [info] [[94mControllerAndOtherEventHandler.cpp[0m:[95m239[0m [96moperator()[0m] Accepted new connection
[2026-09-01 06:17:04.707] [info] [[94mHttpSession.cpp[0m:[95m96[0m [96mhandleRequest[0m] Got request: GET /ndt/get_graph_data
[2026-09-01 06:17:04.707] [info] [[94mHttpSession.cpp[0m:[95m531[0m [96mhandleGetGraphData[0m] Handle Get Graph Data
[2026-09-01 06:17:04.722] [info] [[94mHttpSession.cpp[0m:[95m576[0m [96mhandleGetGraphData[0m] get_graph_data success
[2026-09-01 06:17:04.957] [info] [[94mControllerAndOtherEventHandler.cpp[0m:[95m239[0m [96moperator()[0m] Accepted new connection
[2026-09-01 06:17:04.957] [info] [[94mHttpSession.cpp[0m:[95m96[0m [96mhandleRequest[0m] Got request: GET /ndt/get_graph_data
[2026-09-01 06:17:04.957] [info] [[94mHttpSession.cpp[0m:[95m531[0m [96mhandleGetGraphData[0m] Handle Get Graph Data
[2026-09-01 06:17:04.976] [info] [[94mHttpSession.cpp[0m:[95m576[0m [96mhandleGetGraphData[0m] get_graph_data success
[2026-09-01 06:17:05.207] [info] [[94mControllerAndOtherEventHandler.cpp[0m:[95m239[0m [96moperator()[0m] Accepted new connection
[2026-09-01 06:17:05.207] [info] [[94mHttpSession.cpp[0m:[95m96[0m [96mhandleRequest[0m] Got request: GET /ndt/get_graph_data
[2026-09-01 06:17:05.207] [info] [[94mHttpSession.cpp[0m:[95m531[0m [96mhandleGetGraphData[0m] Handle Get Graph Data
[2026-09-01 06:17:05.225] [info] [[94mHttpSession.cpp[0m:[95m576[0m [96mhandleGetGraphData[0m] get_graph_data success
[2026-09-01 06:17:05.458] [info] [[94mControllerAndOtherEventHandler.cpp[0m:[95m239[0m [96moperator()[0m] Accepted new connection
[2026-09-01 06:17:05.458] [info] [[94mHttpSession.cpp[0m:[95m96[0m [96mhandleRequest[0m] Got request: GET /ndt/get_graph_data
[2026-09-01 06:17:05.458] [info] [[94mHttpSession.cpp[0m:[95m531[0m [96mhandleGetGraphData[0m] Handle Get Graph Data
[2026-09-01 06:17:05.472] [info] [[94mHttpSession.cpp[0m:[95m576[0m [96mhandleGetGraphData[0m] get_graph_data success
[2026-09-01 06:17:05.707] [info] [[94mControllerAndOtherEventHandler.cpp[0m:[95m239[0m [96moperator()[0m] Accepted new connection
[2026-09-01 06:17:05.707] [info] [[94mHttpSession.cpp[0m:[95m96[0m [96mhandleRequest[0m] Got request: GET /ndt/get_graph_data
[2026-09-01 06:17:05.707] [info] [[94mHttpSession.cpp[0m:[95m531[0m [96mhandleGetGraphData[0m] Handle Get Graph Data
[2026-09-01 06:17:05.721] [info] [[94mHttpSession.cpp[0m:[95m576[0m [96mhandleGetGraphData[0m] get_graph_data success
[2026-09-01 06:17:05.957] [info] [[94mControllerAndOtherEventHandler.cpp[0m:[95m239[0m [96moperator()[0m] Accepted new connection
[2026-09-01 06:17:05.958] [info] [[94mHttpSession.cpp[0m:[95m96[0m [96mhandleRequest[0m] Got request: GET /ndt/get_graph_data
[2026-09-01 06:17:05.958] [info] [[94mHttpSession.cpp[0m:[95m531[0m [96mhandleGetGraphData[0m] Handle Get Graph Data
[2026-09-01 06:17:05.969] [info] [[94mHttpSession.cpp[0m:[95m576[0m [96mhandleGetGraphData[0m] get_graph_data success
[2026-09-01 06:17:06.208] [info] [[94mControllerAndOtherEventHandler.cpp[0m:[95m239[0m [96moperator()[0m] Accepted new connection
[2026-09-01 06:17:06.208] [info] [[94mHttpSession.cpp[0m:[95m96[0m [96mhandleRequest[0m] Got request: GET /ndt/get_graph_data
[2026-09-01 06:17:06.208] [info] [[94mHttpSession.cpp[0m:[95m531[0m [96mhandleGetGraphData[0m] Handle Get Graph Data
[2026-09-01 06:17:06.222] [info] [[94mHttpSession.cpp[0m:[95m576[0m [96mhandleGetGraphData[0m] get_graph_data success
[2026-09-01 06:17:06.457] [info] [[94mControllerAndOtherEventHandler.cpp[0m:[95m239[0m [96moperator()[0m] Accepted new connection
[2026-09-01 06:17:06.457] [info] [[94mHttpSession.cpp[0m:[95m96[0m [96mhandleRequest[0m] Got request: GET /ndt/get_graph_data
[2026-09-01 06:17:06.457] [info] [[94mHttpSession.cpp[0m:[95m531[0m [96mhandleGetGraphData[0m] Handle Get Graph Data
[2026-09-01 06:17:06.475] [info] [[94mHttpSession.cpp[0m:[95m576[0m [96mhandleGetGraphData[0m] get_graph_data success
[2026-09-01 06:17:06.708] [info] [[94mControllerAndOtherEventHandler.cpp[0m:[95m239[0m [96moperator()[0m] Accepted new connection
[2026-09-01 06:17:06.708] [info] [[94mHttpSession.cpp[0m:[95m96[0m [96mhandleRequest[0m] Got request: GET /ndt/get_graph_data
[2026-09-01 06:17:06.708] [info] [[94mHttpSession.cpp[0m:[95m531[0m [96mhandleGetGraphData[0m] Handle Get Graph Data
[2026-09-01 06:17:06.720] [info] [[94mHttpSession.cpp[0m:[95m576[0m [96mhandleGetGraphData[0m] get_graph_data success
[2026-09-01 06:17:06.959] [info] [[94mControllerAndOtherEventHandler.cpp[0m:[95m239[0m [96moperator()[0m] Accepted new connection
[2026-09-01 06:17:06.959] [info] [[94mHttpSession.cpp[0m:[95m96[0m [96mhandleRequest[0m] Got request: GET /ndt/get_graph_data
[2026-09-01 06:17:06.959] [info] [[94mHttpSession.cpp[0m:[95m531[0m [96mhandleGetGraphData[0m] Handle Get Graph Data
[2026-09-01 06:17:06.976] [info] [[94mHttpSession.cpp[0m:[95m576[0m [96mhandleGetGraphData[0m] get_graph_data success
[2026-09-01 06:17:07.208] [info] [[94mControllerAndOtherEventHandler.cpp[0m:[95m239[0m [96moperator()[0m] Accepted new connection
[2026-09-01 06:17:07.208] [info] [[94mHttpSession.cpp[0m:[95m96[0m [96mhandleRequest[0m] Got request: GET /ndt/get_graph_data
[2026-09-01 06:17:07.208] [info] [[94mHttpSession.cpp[0m:[95m531[0m [96mhandleGetGraphData[0m] Handle Get Graph Data
[2026-09-01 06:17:07.227] [info] [[94mHttpSession.cpp[0m:[95m576[0m [96mhandleGetGraphData[0m] get_graph_data success
[2026-09-01 06:17:07.458] [info] [[94mControllerAndOtherEventHandler.cpp[0m:[95m239[0m [96moperator()[0m] Accepted new connection
[2026-09-01 06:17:07.458] [info] [[94mHttpSession.cpp[0m:[95m96[0m [96mhandleRequest[0m] Got request: GET /ndt/get_graph_data
[2026-09-01 06:17:07.458] [info] [[94mHttpSession.cpp[0m:[95m531[0m [96mhandleGetGraphData[0m] Handle Get Graph Data
[2026-09-01 06:17:07.472] [info] [[94mHttpSession.cpp[0m:[95m576[0m [96mhandleGetGraphData[0m] get_graph_data success
[2026-09-01 06:17:07.708] [info] [[94mControllerAndOtherEventHandler.cpp[0m:[95m239[0m [96moperator()[0m] Accepted new connection
[2026-09-01 06:17:07.709] [info] [[94mHttpSession.cpp[0m:[95m96[0m [96mhandleRequest[0m] Got request: GET /ndt/get_graph_data
[2026-09-01 06:17:07.709] [info] [[94mHttpSession.cpp[0m:[95m531[0m [96mhandleGetGraphData[0m] Handle Get Graph Data
[2026-09-01 06:17:07.723] [info] [[94mHttpSession.cpp[0m:[95m576[0m [96mhandleGetGraphData[0m] get_graph_data success
[2026-09-01 06:17:07.958] [info] [[94mControllerAndOtherEventHandler.cpp[0m:[95m239[0m [96moperator()[0m] Accepted new connection
[2026-09-01 06:17:07.959] [info] [[94mHttpSession.cpp[0m:[95m96[0m [96mhandleRequest[0m] Got request: GET /ndt/get_graph_data
[2026-09-01 06:17:07.959] [info] [[94mHttpSession.cpp[0m:[95m531[0m [96mhandleGetGraphData[0m] Handle Get Graph Data
[2026-09-01 06:17:07.974] [info] [[94mHttpSession.cpp[0m:[95m576[0m [96mhandleGetGraphData[0m] get_graph_data success
[2026-09-01 06:17:08.209] [info] [[94mControllerAndOtherEventHandler.cpp[0m:[95m239[0m [96moperator()[0m] Accepted new connection
[2026-09-01 06:17:08.209] [info] [[94mHttpSession.cpp[0m:[95m96[0m [96mhandleRequest[0m] Got request: GET /ndt/get_graph_data
[2026-09-01 06:17:08.209] [info] [[94mHttpSession.cpp[0m:[95m531[0m [96mhandleGetGraphData[0m] Handle Get Graph Data
[2026-09-01 06:17:08.227] [info] [[94mHttpSession.cpp[0m:[95m576[0m [96mhandleGetGraphData[0m] get_graph_data success
[2026-09-01 06:17:08.459] [info] [[94mControllerAndOtherEventHandler.cpp[0m:[95m239[0m [96moperator()[0m] Accepted new connection
[2026-09-01 06:17:08.459] [info] [[94mHttpSession.cpp[0m:[95m96[0m [96mhandleRequest[0m] Got request: GET /ndt/get_graph_data
[2026-09-01 06:17:08.459] [info] [[94mHttpSession.cpp[0m:[95m531[0m [96mhandleGetGraphData[0m] Handle Get Graph Data
[2026-09-01 06:17:08.475] [info] [[94mHttpSession.cpp[0m:[95m576[0m [96mhandleGetGraphData[0m] get_graph_data success
[2026-09-01 06:17:08.708] [info] [[94mControllerAndOtherEventHandler.cpp[0m:[95m239[0m [96moperator()[0m] Accepted new connection
[2026-09-01 06:17:08.708] [info] [[94mHttpSession.cpp[0m:[95m96[0m [96mhandleRequest[0m] Got request: GET /ndt/get_graph_data
[2026-09-01 06:17:08.708] [info] [[94mHttpSession.cpp[0m:[95m531[0m [96mhandleGetGraphData[0m] Handle Get Graph Data
[2026-09-01 06:17:08.727] [info] [[94mHttpSession.cpp[0m:[95m576[0m [96mhandleGetGraphData[0m] get_graph_data success
[2026-09-01 06:17:08.959] [info] [[94mControllerAndOtherEventHandler.cpp[0m:[95m239[0m [96moperator()[0m] Accepted new connection
[2026-09-01 06:17:08.959] [info] [[94mHttpSession.cpp[0m:[95m96[0m [96mhandleRequest[0m] Got request: GET /ndt/get_graph_data
[2026-09-01 06:17:08.959] [info] [[94mHttpSession.cpp[0m:[95m531[0m [96mhandleGetGraphData[0m] Handle Get Graph Data
[2026-09-01 06:17:08.977] [info] [[94mHttpSession.cpp[0m:[95m576[0m [96mhandleGetGraphData[0m] get_graph_data success
[2026-09-01 06:17:09.208] [info] [[94mControllerAndOtherEventHandler.cpp[0m:[95m239[0m [96moperator()[0m] Accepted new connection
[2026-09-01 06:17:09.208] [info] [[94mHttpSession.cpp[0m:[95m96[0m [96mhandleRequest[0m] Got request: GET /ndt/get_graph_data
[2026-09-01 06:17:09.208] [info] [[94mHttpSession.cpp[0m:[95m531[0m [96mhandleGetGraphData[0m] Handle Get Graph Data
[2026-09-01 06:17:09.226] [info] [[94mHttpSession.cpp[0m:[95m576[0m [96mhandleGetGraphData[0m] get_graph_data success
[2026-09-01 06:17:09.459] [info] [[94mControllerAndOtherEventHandler.cpp[0m:[95m239[0m [96moperator()[0m] Accepted new connection
[2026-09-01 06:17:09.459] [info] [[94mHttpSession.cpp[0m:[95m96[0m [96mhandleRequest[0m] Got request: GET /ndt/get_graph_data
[2026-09-01 06:17:09.459] [info] [[94mHttpSession.cpp[0m:[95m531[0m [96mhandleGetGraphData[0m] Handle Get Graph Data
[2026-09-01 06:17:09.477] [info] [[94mHttpSession.cpp[0m:[95m576[0m [96mhandleGetGraphData[0m] get_graph_data success
[2026-09-01 06:17:09.709] [info] [[94mControllerAndOtherEventHandler.cpp[0m:[95m239[0m [96moperator()[0m] Accepted new connection
[2026-09-01 06:17:09.709] [info] [[94mHttpSession.cpp[0m:[95m96[0m [96mhandleRequest[0m] Got request: GET /ndt/get_graph_data
[2026-09-01 06:17:09.709] [info] [[94mHttpSession.cpp[0m:[95m531[0m [96mhandleGetGraphData[0m] Handle Get Graph Data
[2026-09-01 06:17:09.722] [info] [[94mHttpSession.cpp[0m:[95m576[0m [96mhandleGetGraphData[0m] get_graph_data success
[2026-09-01 06:17:09.959] [info] [[94mControllerAndOtherEventHandler.cpp[0m:[95m239[0m [96moperator()[0m] Accepted new connection
[2026-09-01 06:17:09.959] [info] [[94mHttpSession.cpp[0m:[95m96[0m [96mhandleRequest[0m] Got request: GET /ndt/get_graph_data
[2026-09-01 06:17:09.959] [info] [[94mHttpSession.cpp[0m:[95m531[0m [96mhandleGetGraphData[0m] Handle Get Graph Data
[2026-09-01 06:17:09.978] [info] [[94mHttpSession.cpp[0m:[95m576[0m [96mhandleGetGraphData[0m] get_graph_data success
[2026-09-01 06:17:10.209] [info] [[94mControllerAndOtherEventHandler.cpp[0m:[95m239[0m [96moperator()[0m] Accepted new connection
[2026-09-01 06:17:10.209] [info] [[94mHttpSession.cpp[0m:[95m96[0m [96mhandleRequest[0m] Got request: GET /ndt/get_graph_data
[2026-09-01 06:17:10.209] [info] [[94mHttpSession.cpp[0m:[95m531[0m [96mhandleGetGraphData[0m] Handle Get Graph Data
[2026-09-01 06:17:10.225] [info] [[94mHttpSession.cpp[0m:[95m576[0m [96mhandleGetGraphData[0m] get_graph_data success
[2026-09-01 06:17:10.459] [info] [[94mControllerAndOtherEventHandler.cpp[0m:[95m239[0m [96moperator()[0m] Accepted new connection
[2026-09-01 06:17:10.459] [info] [[94mHttpSession.cpp[0m:[95m96[0m [96mhandleRequest[0m] Got request: GET /ndt/get_graph_data
[2026-09-01 06:17:10.459] [info] [[94mHttpSession.cpp[0m:[95m531[0m [96mhandleGetGraphData[0m] Handle Get Graph Data
[2026-09-01 06:17:10.472] [info] [[94mHttpSession.cpp[0m:[95m576[0m [96mhandleGetGraphData[0m] get_graph_data success
[2026-09-01 06:17:10.709] [info] [[94mControllerAndOtherEventHandler.cpp[0m:[95m239[0m [96moperator()[0m] Accepted new connection
[2026-09-01 06:17:10.709] [info] [[94mHttpSession.cpp[0m:[95m96[0m [96mhandleRequest[0m] Got request: GET /ndt/get_graph_data
[2026-09-01 06:17:10.709] [info] [[94mHttpSession.cpp[0m:[95m531[0m [96mhandleGetGraphData[0m] Handle Get Graph Data
[2026-09-01 06:17:10.728] [info] [[94mHttpSession.cpp[0m:[95m576[0m [96mhandleGetGraphData[0m] get_graph_data success
[2026-09-01 06:17:10.960] [info] [[94mControllerAndOtherEventHandler.cpp[0m:[95m239[0m [96moperator()[0m] Accepted new connection
[2026-09-01 06:17:10.961] [info] [[94mHttpSession.cpp[0m:[95m96[0m [96mhandleRequest[0m] Got request: GET /ndt/get_graph_data
[2026-09-01 06:17:10.961] [info] [[94mHttpSession.cpp[0m:[95m531[0m [96mhandleGetGraphData[0m] Handle Get Graph Data
[2026-09-01 06:17:10.972] [info] [[94mHttpSession.cpp[0m:[95m576[0m [96mhandleGetGraphData[0m] get_graph_data success
[2026-09-01 06:17:11.209] [info] [[94mControllerAndOtherEventHandler.cpp[0m:[95m239[0m [96moperator()[0m] Accepted new connection
[2026-09-01 06:17:11.209] [info] [[94mHttpSession.cpp[0m:[95m96[0m [96mhandleRequest[0m] Got request: GET /ndt/get_graph_data
[2026-09-01 06:17:11.209] [info] [[94mHttpSession.cpp[0m:[95m531[0m [96mhandleGetGraphData[0m] Handle Get Graph Data
[2026-09-01 06:17:11.228] [info] [[94mHttpSession.cpp[0m:[95m576[0m [96mhandleGetGraphData[0m] get_graph_data success
[2026-09-01 06:17:11.460] [info] [[94mControllerAndOtherEventHandler.cpp[0m:[95m239[0m [96moperator()[0m] Accepted new connection
[2026-09-01 06:17:11.460] [info] [[94mHttpSession.cpp[0m:[95m96[0m [96mhandleRequest[0m] Got request: GET /ndt/get_graph_data
[2026-09-01 06:17:11.460] [info] [[94mHttpSession.cpp[0m:[95m531[0m [96mhandleGetGraphData[0m] Handle Get Graph Data
[2026-09-01 06:17:11.474] [info] [[94mHttpSession.cpp[0m:[95m576[0m [96mhandleGetGraphData[0m] get_graph_data success
[2026-09-01 06:17:11.710] [info] [[94mControllerAndOtherEventHandler.cpp[0m:[95m239[0m [96moperator()[0m] Accepted new connection
[2026-09-01 06:17:11.710] [info] [[94mHttpSession.cpp[0m:[95m96[0m [96mhandleRequest[0m] Got request: GET /ndt/get_graph_data
[2026-09-01 06:17:11.710] [info] [[94mHttpSession.cpp[0m:[95m531[0m [96mhandleGetGraphData[0m] Handle Get Graph Data
[2026-09-01 06:17:11.729] [info] [[94mHttpSession.cpp[0m:[95m576[0m [96mhandleGetGraphData[0m] get_graph_data success
[2026-09-01 06:17:11.960] [info] [[94mControllerAndOtherEventHandler.cpp[0m:[95m239[0m [96moperator()[0m] Accepted new connection
[2026-09-01 06:17:11.960] [info] [[94mHttpSession.cpp[0m:[95m96[0m [96mhandleRequest[0m] Got request: GET /ndt/get_graph_data
[2026-09-01 06:17:11.960] [info] [[94mHttpSession.cpp[0m:[95m531[0m [96mhandleGetGraphData[0m] Handle Get Graph Data
[2026-09-01 06:17:11.972] [info] [[94mHttpSession.cpp[0m:[95m576[0m [96mhandleGetGraphData[0m] get_graph_data success
[2026-09-01 06:17:12.209] [info] [[94mControllerAndOtherEventHandler.cpp[0m:[95m239[0m [96moperator()[0m] Accepted new connection
[2026-09-01 06:17:12.209] [info] [[94mHttpSession.cpp[0m:[95m96[0m [96mhandleRequest[0m] Got request: GET /ndt/get_graph_data
[2026-09-01 06:17:12.209] [info] [[94mHttpSession.cpp[0m:[95m531[0m [96mhandleGetGraphData[0m] Handle Get Graph Data
[2026-09-01 06:17:12.221] [info] [[94mHttpSession.cpp[0m:[95m576[0m [96mhandleGetGraphData[0m] get_graph_data success
[2026-09-01 06:17:12.460] [info] [[94mControllerAndOtherEventHandler.cpp[0m:[95m239[0m [96moperator()[0m] Accepted new connection
[2026-09-01 06:17:12.460] [info] [[94mHttpSession.cpp[0m:[95m96[0m [96mhandleRequest[0m] Got request: GET /ndt/get_graph_data
[2026-09-01 06:17:12.460] [info] [[94mHttpSession.cpp[0m:[95m531[0m [96mhandleGetGraphData[0m] Handle Get Graph Data
[2026-09-01 06:17:12.479] [info] [[94mHttpSession.cpp[0m:[95m576[0m [96mhandleGetGraphData[0m] get_graph_data success
[2026-09-01 06:17:12.709] [info] [[94mControllerAndOtherEventHandler.cpp[0m:[95m239[0m [96moperator()[0m] Accepted new connection
[2026-09-01 06:17:12.710] [info] [[94mHttpSession.cpp[0m:[95m96[0m [96mhandleRequest[0m] Got request: GET /ndt/get_graph_data
[2026-09-01 06:17:12.710] [info] [[94mHttpSession.cpp[0m:[95m531[0m [96mhandleGetGraphData[0m] Handle Get Graph Data
[2026-09-01 06:17:12.728] [info] [[94mHttpSession.cpp[0m:[95m576[0m [96mhandleGetGraphData[0m] get_graph_data success
[2026-09-01 06:17:12.960] [info] [[94mControllerAndOtherEventHandler.cpp[0m:[95m239[0m [96moperator()[0m] Accepted new connection
[2026-09-01 06:17:12.960] [info] [[94mHttpSession.cpp[0m:[95m96[0m [96mhandleRequest[0m] Got request: GET /ndt/get_graph_data
[2026-09-01 06:17:12.960] [info] [[94mHttpSession.cpp[0m:[95m531[0m [96mhandleGetGraphData[0m] Handle Get Graph Data
[2026-09-01 06:17:12.982] [info] [[94mHttpSession.cpp[0m:[95m576[0m [96mhandleGetGraphData[0m] get_graph_data success
[2026-09-01 06:17:13.210] [info] [[94mControllerAndOtherEventHandler.cpp[0m:[95m239[0m [96moperator()[0m] Accepted new connection
[2026-09-01 06:17:13.210] [info] [[94mHttpSession.cpp[0m:[95m96[0m [96mhandleRequest[0m] Got request: GET /ndt/get_graph_data
[2026-09-01 06:17:13.210] [info] [[94mHttpSession.cpp[0m:[95m531[0m [96mhandleGetGraphData[0m] Handle Get Graph Data
[2026-09-01 06:17:13.229] [info] [[94mHttpSession.cpp[0m:[95m576[0m [96mhandleGetGraphData[0m] get_graph_data success
[2026-09-01 06:17:13.460] [info] [[94mControllerAndOtherEventHandler.cpp[0m:[95m239[0m [96moperator()[0m] Accepted new connection
[2026-09-01 06:17:13.460] [info] [[94mHttpSession.cpp[0m:[95m96[0m [96mhandleRequest[0m] Got request: GET /ndt/get_graph_data
[2026-09-01 06:17:13.460] [info] [[94mHttpSession.cpp[0m:[95m531[0m [96mhandleGetGraphData[0m] Handle Get Graph Data
[2026-09-01 06:17:13.479] [info] [[94mHttpSession.cpp[0m:[95m576[0m [96mhandleGetGraphData[0m] get_graph_data success
[2026-09-01 06:17:13.710] [info] [[94mControllerAndOtherEventHandler.cpp[0m:[95m239[0m [96moperator()[0m] Accepted new connection
[2026-09-01 06:17:13.710] [info] [[94mHttpSession.cpp[0m:[95m96[0m [96mhandleRequest[0m] Got request: GET /ndt/get_graph_data
[2026-09-01 06:17:13.710] [info] [[94mHttpSession.cpp[0m:[95m531[0m [96mhandleGetGraphData[0m] Handle Get Graph Data
[2026-09-01 06:17:13.728] [info] [[94mHttpSession.cpp[0m:[95m576[0m [96mhandleGetGraphData[0m] get_graph_data success
[2026-09-01 06:17:13.960] [info] [[94mControllerAndOtherEventHandler.cpp[0m:[95m239[0m [96moperator()[0m] Accepted new connection
[2026-09-01 06:17:13.961] [info] [[94mHttpSession.cpp[0m:[95m96[0m [96mhandleRequest[0m] Got request: GET /ndt/get_graph_data
[2026-09-01 06:17:13.961] [info] [[94mHttpSession.cpp[0m:[95m531[0m [96mhandleGetGraphData[0m] Handle Get Graph Data
[2026-09-01 06:17:13.975] [info] [[94mHttpSession.cpp[0m:[95m576[0m [96mhandleGetGraphData[0m] get_graph_data success
[2026-09-01 06:17:14.210] [info] [[94mControllerAndOtherEventHandler.cpp[0m:[95m239[0m [96moperator()[0m] Accepted new connection
[2026-09-01 06:17:14.210] [info] [[94mHttpSession.cpp[0m:[95m96[0m [96mhandleRequest[0m] Got request: GET /ndt/get_graph_data
[2026-09-01 06:17:14.210] [info] [[94mHttpSession.cpp[0m:[95m531[0m [96mhandleGetGraphData[0m] Handle Get Graph Data
[2026-09-01 06:17:14.229] [info] [[94mHttpSession.cpp[0m:[95m576[0m [96mhandleGetGraphData[0m] get_graph_data success
[2026-09-01 06:17:14.461] [info] [[94mControllerAndOtherEventHandler.cpp[0m:[95m239[0m [96moperator()[0m] Accepted new connection
[2026-09-01 06:17:14.461] [info] [[94mHttpSession.cpp[0m:[95m96[0m [96mhandleRequest[0m] Got request: GET /ndt/get_graph_data
[2026-09-01 06:17:14.461] [info] [[94mHttpSession.cpp[0m:[95m531[0m [96mhandleGetGraphData[0m] Handle Get Graph Data
[2026-09-01 06:17:14.478] [info] [[94mHttpSession.cpp[0m:[95m576[0m [96mhandleGetGraphData[0m] get_graph_data success
[2026-09-01 06:17:14.711] [info] [[94mControllerAndOtherEventHandler.cpp[0m:[95m239[0m [96moperator()[0m] Accepted new connection
[2026-09-01 06:17:14.711] [info] [[94mHttpSession.cpp[0m:[95m96[0m [96mhandleRequest[0m] Got request: GET /ndt/get_graph_data
[2026-09-01 06:17:14.711] [info] [[94mHttpSession.cpp[0m:[95m531[0m [96mhandleGetGraphData[0m] Handle Get Graph Data
[2026-09-01 06:17:14.728] [info] [[94mHttpSession.cpp[0m:[95m576[0m [96mhandleGetGraphData[0m] get_graph_data success
[2026-09-01 06:17:14.961] [info] [[94mControllerAndOtherEventHandler.cpp[0m:[95m239[0m [96moperator()[0m] Accepted new connection
[2026-09-01 06:17:14.961] [info] [[94mHttpSession.cpp[0m:[95m96[0m [96mhandleRequest[0m] Got request: GET /ndt/get_graph_data
[2026-09-01 06:17:14.961] [info] [[94mHttpSession.cpp[0m:[95m531[0m [96mhandleGetGraphData[0m] Handle Get Graph Data
[2026-09-01 06:17:14.973] [info] [[94mHttpSession.cpp[0m:[95m576[0m [96mhandleGetGraphData[0m] get_graph_data success
[2026-09-01 06:17:15.211] [info] [[94mControllerAndOtherEventHandler.cpp[0m:[95m239[0m [96moperator()[0m] Accepted new connection
[2026-09-01 06:17:15.211] [info] [[94mHttpSession.cpp[0m:[95m96[0m [96mhandleRequest[0m] Got request: GET /ndt/get_graph_data
[2026-09-01 06:17:15.211] [info] [[94mHttpSession.cpp[0m:[95m531[0m [96mhandleGetGraphData[0m] Handle Get Graph Data
[2026-09-01 06:17:15.223] [info] [[94mHttpSession.cpp[0m:[95m576[0m [96mhandleGetGraphData[0m] get_graph_data success
[2026-09-01 06:17:15.461] [info] [[94mControllerAndOtherEventHandler.cpp[0m:[95m239[0m [96moperator()[0m] Accepted new connection
[2026-09-01 06:17:15.461] [info] [[94mHttpSession.cpp[0m:[95m96[0m [96mhandleRequest[0m] Got request: GET /ndt/get_graph_data
[2026-09-01 06:17:15.462] [info] [[94mHttpSession.cpp[0m:[95m531[0m [96mhandleGetGraphData[0m] Handle Get Graph Data
[2026-09-01 06:17:15.480] [info] [[94mHttpSession.cpp[0m:[95m576[0m [96mhandleGetGraphData[0m] get_graph_data success
[2026-09-01 06:17:15.711] [info] [[94mControllerAndOtherEventHandler.cpp[0m:[95m239[0m [96moperator()[0m] Accepted new connection
[2026-09-01 06:17:15.712] [info] [[94mHttpSession.cpp[0m:[95m96[0m [96mhandleRequest[0m] Got request: GET /ndt/get_graph_data
[2026-09-01 06:17:15.712] [info] [[94mHttpSession.cpp[0m:[95m531[0m [96mhandleGetGraphData[0m] Handle Get Graph Data
[2026-09-01 06:17:15.730] [info] [[94mHttpSession.cpp[0m:[95m576[0m [96mhandleGetGraphData[0m] get_graph_data success
[2026-09-01 06:17:15.961] [info] [[94mControllerAndOtherEventHandler.cpp[0m:[95m239[0m [96moperator()[0m] Accepted new connection
[2026-09-01 06:17:15.961] [info] [[94mHttpSession.cpp[0m:[95m96[0m [96mhandleRequest[0m] Got request: GET /ndt/get_graph_data
[2026-09-01 06:17:15.961] [info] [[94mHttpSession.cpp[0m:[95m531[0m [96mhandleGetGraphData[0m] Handle Get Graph Data
[2026-09-01 06:17:15.978] [info] [[94mHttpSession.cpp[0m:[95m576[0m [96mhandleGetGraphData[0m] get_graph_data success
[2026-09-01 06:17:16.211] [info] [[94mControllerAndOtherEventHandler.cpp[0m:[95m239[0m [96moperator()[0m] Accepted new connection
[2026-09-01 06:17:16.211] [info] [[94mHttpSession.cpp[0m:[95m96[0m [96mhandleRequest[0m] Got request: GET /ndt/get_graph_data
[2026-09-01 06:17:16.211] [info] [[94mHttpSession.cpp[0m:[95m531[0m [96mhandleGetGraphData[0m] Handle Get Graph Data
[2026-09-01 06:17:16.224] [info] [[94mHttpSession.cpp[0m:[95m576[0m [96mhandleGetGraphData[0m] get_graph_data success
[2026-09-01 06:17:16.462] [info] [[94mControllerAndOtherEventHandler.cpp[0m:[95m239[0m [96moperator()[0m] Accepted new connection
[2026-09-01 06:17:16.462] [info] [[94mHttpSession.cpp[0m:[95m96[0m [96mhandleRequest[0m] Got request: GET /ndt/get_graph_data
[2026-09-01 06:17:16.462] [info] [[94mHttpSession.cpp[0m:[95m531[0m [96mhandleGetGraphData[0m] Handle Get Graph Data
[2026-09-01 06:17:16.474] [info] [[94mHttpSession.cpp[0m:[95m576[0m [96mhandleGetGraphData[0m] get_graph_data success
[2026-09-01 06:17:16.712] [info] [[94mControllerAndOtherEventHandler.cpp[0m:[95m239[0m [96moperator()[0m] Accepted new connection
[2026-09-01 06:17:16.712] [info] [[94mHttpSession.cpp[0m:[95m96[0m [96mhandleRequest[0m] Got request: GET /ndt/get_graph_data
[2026-09-01 06:17:16.712] [info] [[94mHttpSession.cpp[0m:[95m531[0m [96mhandleGetGraphData[0m] Handle Get Graph Data
[2026-09-01 06:17:16.731] [info] [[94mHttpSession.cpp[0m:[95m576[0m [96mhandleGetGraphData[0m] get_graph_data success
[2026-09-01 06:17:16.961] [info] [[94mControllerAndOtherEventHandler.cpp[0m:[95m239[0m [96moperator()[0m] Accepted new connection
[2026-09-01 06:17:16.962] [info] [[94mHttpSession.cpp[0m:[95m96[0m [96mhandleRequest[0m] Got request: GET /ndt/get_graph_data
[2026-09-01 06:17:16.962] [info] [[94mHttpSession.cpp[0m:[95m531[0m [96mhandleGetGraphData[0m] Handle Get Graph Data
[2026-09-01 06:17:16.974] [info] [[94mHttpSession.cpp[0m:[95m576[0m [96mhandleGetGraphData[0m] get_graph_data success
[2026-09-01 06:17:17.212] [info] [[94mControllerAndOtherEventHandler.cpp[0m:[95m239[0m [96moperator()[0m] Accepted new connection
[2026-09-01 06:17:17.212] [info] [[94mHttpSession.cpp[0m:[95m96[0m [96mhandleRequest[0m] Got request: GET /ndt/get_graph_data
[2026-09-01 06:17:17.212] [info] [[94mHttpSession.cpp[0m:[95m531[0m [96mhandleGetGraphData[0m] Handle Get Graph Data
[2026-09-01 06:17:17.230] [info] [[94mHttpSession.cpp[0m:[95m576[0m [96mhandleGetGraphData[0m] get_graph_data success
[2026-09-01 06:17:17.462] [info] [[94mControllerAndOtherEventHandler.cpp[0m:[95m239[0m [96moperator()[0m] Accepted new connection
[2026-09-01 06:17:17.462] [info] [[94mHttpSession.cpp[0m:[95m96[0m [96mhandleRequest[0m] Got request: GET /ndt/get_graph_data
[2026-09-01 06:17:17.462] [info] [[94mHttpSession.cpp[0m:[95m531[0m [96mhandleGetGraphData[0m] Handle Get Graph Data
[2026-09-01 06:17:17.479] [info] [[94mHttpSession.cpp[0m:[95m576[0m [96mhandleGetGraphData[0m] get_graph_data success
[2026-09-01 06:17:17.712] [info] [[94mControllerAndOtherEventHandler.cpp[0m:[95m239[0m [96moperator()[0m] Accepted new connection
[2026-09-01 06:17:17.712] [info] [[94mHttpSession.cpp[0m:[95m96[0m [96mhandleRequest[0m] Got request: GET /ndt/get_graph_data
[2026-09-01 06:17:17.712] [info] [[94mHttpSession.cpp[0m:[95m531[0m [96mhandleGetGraphData[0m] Handle Get Graph Data
[2026-09-01 06:17:17.730] [info] [[94mHttpSession.cpp[0m:[95m576[0m [96mhandleGetGraphData[0m] get_graph_data success
[2026-09-01 06:17:17.962] [info] [[94mControllerAndOtherEventHandler.cpp[0m:[95m239[0m [96moperator()[0m] Accepted new connection
[2026-09-01 06:17:17.962] [info] [[94mHttpSession.cpp[0m:[95m96[0m [96mhandleRequest[0m] Got request: GET /ndt/get_graph_data
[2026-09-01 06:17:17.962] [info] [[94mHttpSession.cpp[0m:[95m531[0m [96mhandleGetGraphData[0m] Handle Get Graph Data
[2026-09-01 06:17:17.976] [info] [[94mHttpSession.cpp[0m:[95m576[0m [96mhandleGetGraphData[0m] get_graph_data success
[2026-09-01 06:17:18.212] [info] [[94mControllerAndOtherEventHandler.cpp[0m:[95m239[0m [96moperator()[0m] Accepted new connection
[2026-09-01 06:17:18.212] [info] [[94mHttpSession.cpp[0m:[95m96[0m [96mhandleRequest[0m] Got request: GET /ndt/get_graph_data
[2026-09-01 06:17:18.212] [info] [[94mHttpSession.cpp[0m:[95m531[0m [96mhandleGetGraphData[0m] Handle Get Graph Data
[2026-09-01 06:17:18.229] [info] [[94mHttpSession.cpp[0m:[95m576[0m [96mhandleGetGraphData[0m] get_graph_data success
[2026-09-01 06:17:18.462] [info] [[94mControllerAndOtherEventHandler.cpp[0m:[95m239[0m [96moperator()[0m] Accepted new connection
[2026-09-01 06:17:18.463] [info] [[94mHttpSession.cpp[0m:[95m96[0m [96mhandleRequest[0m] Got request: GET /ndt/get_graph_data
[2026-09-01 06:17:18.463] [info] [[94mHttpSession.cpp[0m:[95m531[0m [96mhandleGetGraphData[0m] Handle Get Graph Data
[2026-09-01 06:17:18.483] [info] [[94mHttpSession.cpp[0m:[95m576[0m [96mhandleGetGraphData[0m] get_graph_data success
[2026-09-01 06:17:18.712] [info] [[94mControllerAndOtherEventHandler.cpp[0m:[95m239[0m [96moperator()[0m] Accepted new connection
[2026-09-01 06:17:18.713] [info] [[94mHttpSession.cpp[0m:[95m96[0m [96mhandleRequest[0m] Got request: GET /ndt/get_graph_data
[2026-09-01 06:17:18.713] [info] [[94mHttpSession.cpp[0m:[95m531[0m [96mhandleGetGraphData[0m] Handle Get Graph Data
[2026-09-01 06:17:18.733] [info] [[94mHttpSession.cpp[0m:[95m576[0m [96mhandleGetGraphData[0m] get_graph_data success
[2026-09-01 06:17:18.963] [info] [[94mControllerAndOtherEventHandler.cpp[0m:[95m239[0m [96moperator()[0m] Accepted new connection
[2026-09-01 06:17:18.963] [info] [[94mHttpSession.cpp[0m:[95m96[0m [96mhandleRequest[0m] Got request: GET /ndt/get_graph_data
[2026-09-01 06:17:18.963] [info] [[94mHttpSession.cpp[0m:[95m531[0m [96mhandleGetGraphData[0m] Handle Get Graph Data
[2026-09-01 06:17:18.983] [info] [[94mHttpSession.cpp[0m:[95m576[0m [96mhandleGetGraphData[0m] get_graph_data success
[2026-09-01 06:17:19.212] [info] [[94mControllerAndOtherEventHandler.cpp[0m:[95m239[0m [96moperator()[0m] Accepted new connection
[2026-09-01 06:17:19.212] [info] [[94mHttpSession.cpp[0m:[95m96[0m [96mhandleRequest[0m] Got request: GET /ndt/get_graph_data
[2026-09-01 06:17:19.212] [info] [[94mHttpSession.cpp[0m:[95m531[0m [96mhandleGetGraphData[0m] Handle Get Graph Data
[2026-09-01 06:17:19.226] [info] [[94mHttpSession.cpp[0m:[95m576[0m [96mhandleGetGraphData[0m] get_graph_data success
[2026-09-01 06:17:19.463] [info] [[94mControllerAndOtherEventHandler.cpp[0m:[95m239[0m [96moperator()[0m] Accepted new connection
[2026-09-01 06:17:19.463] [info] [[94mHttpSession.cpp[0m:[95m96[0m [96mhandleRequest[0m] Got request: GET /ndt/get_graph_data
[2026-09-01 06:17:19.463] [info] [[94mHttpSession.cpp[0m:[95m531[0m [96mhandleGetGraphData[0m] Handle Get Graph Data
[2026-09-01 06:17:19.482] [info] [[94mHttpSession.cpp[0m:[95m576[0m [96mhandleGetGraphData[0m] get_graph_data success
[2026-09-01 06:17:19.713] [info] [[94mControllerAndOtherEventHandler.cpp[0m:[95m239[0m [96moperator()[0m] Accepted new connection
[2026-09-01 06:17:19.713] [info] [[94mHttpSession.cpp[0m:[95m96[0m [96mhandleRequest[0m] Got request: GET /ndt/get_graph_data
[2026-09-01 06:17:19.713] [info] [[94mHttpSession.cpp[0m:[95m531[0m [96mhandleGetGraphData[0m] Handle Get Graph Data
[2026-09-01 06:17:19.732] [info] [[94mHttpSession.cpp[0m:[95m576[0m [96mhandleGetGraphData[0m] get_graph_data success
[2026-09-01 06:17:19.962] [info] [[94mControllerAndOtherEventHandler.cpp[0m:[95m239[0m [96moperator()[0m] Accepted new connection
[2026-09-01 06:17:19.962] [info] [[94mHttpSession.cpp[0m:[95m96[0m [96mhandleRequest[0m] Got request: GET /ndt/get_graph_data
[2026-09-01 06:17:19.962] [info] [[94mHttpSession.cpp[0m:[95m531[0m [96mhandleGetGraphData[0m] Handle Get Graph Data
[2026-09-01 06:17:19.981] [info] [[94mHttpSession.cpp[0m:[95m576[0m [96mhandleGetGraphData[0m] get_graph_data success
[2026-09-01 06:17:20.212] [info] [[94mControllerAndOtherEventHandler.cpp[0m:[95m239[0m [96moperator()[0m] Accepted new connection
[2026-09-01 06:17:20.213] [info] [[94mHttpSession.cpp[0m:[95m96[0m [96mhandleRequest[0m] Got request: GET /ndt/get_graph_data
[2026-09-01 06:17:20.213] [info] [[94mHttpSession.cpp[0m:[95m531[0m [96mhandleGetGraphData[0m] Handle Get Graph Data
[2026-09-01 06:17:20.232] [info] [[94mHttpSession.cpp[0m:[95m576[0m [96mhandleGetGraphData[0m] get_graph_data success
[2026-09-01 06:17:20.463] [info] [[94mControllerAndOtherEventHandler.cpp[0m:[95m239[0m [96moperator()[0m] Accepted new connection
[2026-09-01 06:17:20.463] [info] [[94mHttpSession.cpp[0m:[95m96[0m [96mhandleRequest[0m] Got request: GET /ndt/get_graph_data
[2026-09-01 06:17:20.463] [info] [[94mHttpSession.cpp[0m:[95m531[0m [96mhandleGetGraphData[0m] Handle Get Graph Data
[2026-09-01 06:17:20.477] [info] [[94mHttpSession.cpp[0m:[95m576[0m [96mhandleGetGraphData[0m] get_graph_data success
[2026-09-01 06:17:20.713] [info] [[94mControllerAndOtherEventHandler.cpp[0m:[95m239[0m [96moperator()[0m] Accepted new connection
[2026-09-01 06:17:20.713] [info] [[94mHttpSession.cpp[0m:[95m96[0m [96mhandleRequest[0m] Got request: GET /ndt/get_graph_data
[2026-09-01 06:17:20.713] [info] [[94mHttpSession.cpp[0m:[95m531[0m [96mhandleGetGraphData[0m] Handle Get Graph Data
[2026-09-01 06:17:20.732] [info] [[94mHttpSession.cpp[0m:[95m576[0m [96mhandleGetGraphData[0m] get_graph_data success
[2026-09-01 06:17:20.963] [info] [[94mControllerAndOtherEventHandler.cpp[0m:[95m239[0m [96moperator()[0m] Accepted new connection
[2026-09-01 06:17:20.963] [info] [[94mHttpSession.cpp[0m:[95m96[0m [96mhandleRequest[0m] Got request: GET /ndt/get_graph_data
[2026-09-01 06:17:20.963] [info] [[94mHttpSession.cpp[0m:[95m531[0m [96mhandleGetGraphData[0m] Handle Get Graph Data
[2026-09-01 06:17:20.982] [info] [[94mHttpSession.cpp[0m:[95m576[0m [96mhandleGetGraphData[0m] get_graph_data success
[2026-09-01 06:17:21.213] [info] [[94mControllerAndOtherEventHandler.cpp[0m:[95m239[0m [96moperator()[0m] Accepted new connection
[2026-09-01 06:17:21.213] [info] [[94mHttpSession.cpp[0m:[95m96[0m [96mhandleRequest[0m] Got request: GET /ndt/get_graph_data
[2026-09-01 06:17:21.213] [info] [[94mHttpSession.cpp[0m:[95m531[0m [96mhandleGetGraphData[0m] Handle Get Graph Data
[2026-09-01 06:17:21.232] [info] [[94mHttpSession.cpp[0m:[95m576[0m [96mhandleGetGraphData[0m] get_graph_data success
[2026-09-01 06:17:21.463] [info] [[94mControllerAndOtherEventHandler.cpp[0m:[95m239[0m [96moperator()[0m] Accepted new connection
[2026-09-01 06:17:21.464] [info] [[94mHttpSession.cpp[0m:[95m96[0m [96mhandleRequest[0m] Got request: GET /ndt/get_graph_data
[2026-09-01 06:17:21.464] [info] [[94mHttpSession.cpp[0m:[95m531[0m [96mhandleGetGraphData[0m] Handle Get Graph Data
[2026-09-01 06:17:21.477] [info] [[94mHttpSession.cpp[0m:[95m576[0m [96mhandleGetGraphData[0m] get_graph_data success
[2026-09-01 06:17:21.713] [info] [[94mControllerAndOtherEventHandler.cpp[0m:[95m239[0m [96moperator()[0m] Accepted new connection
[2026-09-01 06:17:21.713] [info] [[94mHttpSession.cpp[0m:[95m96[0m [96mhandleRequest[0m] Got request: GET /ndt/get_graph_data
[2026-09-01 06:17:21.713] [info] [[94mHttpSession.cpp[0m:[95m531[0m [96mhandleGetGraphData[0m] Handle Get Graph Data
[2026-09-01 06:17:21.726] [info] [[94mHttpSession.cpp[0m:[95m576[0m [96mhandleGetGraphData[0m] get_graph_data success
[2026-09-01 06:17:21.964] [info] [[94mControllerAndOtherEventHandler.cpp[0m:[95m239[0m [96moperator()[0m] Accepted new connection
[2026-09-01 06:17:21.964] [info] [[94mHttpSession.cpp[0m:[95m96[0m [96mhandleRequest[0m] Got request: GET /ndt/get_graph_data
[2026-09-01 06:17:21.964] [info] [[94mHttpSession.cpp[0m:[95m531[0m [96mhandleGetGraphData[0m] Handle Get Graph Data
[2026-09-01 06:17:21.982] [info] [[94mHttpSession.cpp[0m:[95m576[0m [96mhandleGetGraphData[0m] get_graph_data success
[2026-09-01 06:17:22.213] [info] [[94mControllerAndOtherEventHandler.cpp[0m:[95m239[0m [96moperator()[0m] Accepted new connection
[2026-09-01 06:17:22.213] [info] [[94mHttpSession.cpp[0m:[95m96[0m [96mhandleRequest[0m] Got request: GET /ndt/get_graph_data
[2026-09-01 06:17:22.213] [info] [[94mHttpSession.cpp[0m:[95m531[0m [96mhandleGetGraphData[0m] Handle Get Graph Data
[2026-09-01 06:17:22.232] [info] [[94mHttpSession.cpp[0m:[95m576[0m [96mhandleGetGraphData[0m] get_graph_data success
[2026-09-01 06:17:22.463] [info] [[94mControllerAndOtherEventHandler.cpp[0m:[95m239[0m [96moperator()[0m] Accepted new connection
[2026-09-01 06:17:22.463] [info] [[94mHttpSession.cpp[0m:[95m96[0m [96mhandleRequest[0m] Got request: GET /ndt/get_graph_data
[2026-09-01 06:17:22.463] [info] [[94mHttpSession.cpp[0m:[95m531[0m [96mhandleGetGraphData[0m] Handle Get Graph Data
[2026-09-01 06:17:22.478] [info] [[94mHttpSession.cpp[0m:[95m576[0m [96mhandleGetGraphData[0m] get_graph_data success
[2026-09-01 06:17:22.713] [info] [[94mControllerAndOtherEventHandler.cpp[0m:[95m239[0m [96moperator()[0m] Accepted new connection
[2026-09-01 06:17:22.713] [info] [[94mHttpSession.cpp[0m:[95m96[0m [96mhandleRequest[0m] Got request: GET /ndt/get_graph_data
[2026-09-01 06:17:22.713] [info] [[94mHttpSession.cpp[0m:[95m531[0m [96mhandleGetGraphData[0m] Handle Get Graph Data
[2026-09-01 06:17:22.727] [info] [[94mHttpSession.cpp[0m:[95m576[0m [96mhandleGetGraphData[0m] get_graph_data success
[2026-09-01 06:17:22.964] [info] [[94mControllerAndOtherEventHandler.cpp[0m:[95m239[0m [96moperator()[0m] Accepted new connection
[2026-09-01 06:17:22.964] [info] [[94mHttpSession.cpp[0m:[95m96[0m [96mhandleRequest[0m] Got request: GET /ndt/get_graph_data
[2026-09-01 06:17:22.964] [info] [[94mHttpSession.cpp[0m:[95m531[0m [96mhandleGetGraphData[0m] Handle Get Graph Data
[2026-09-01 06:17:22.978] [info] [[94mHttpSession.cpp[0m:[95m576[0m [96mhandleGetGraphData[0m] get_graph_data success
[2026-09-01 06:17:23.213] [info] [[94mControllerAndOtherEventHandler.cpp[0m:[95m239[0m [96moperator()[0m] Accepted new connection
[2026-09-01 06:17:23.214] [info] [[94mHttpSession.cpp[0m:[95m96[0m [96mhandleRequest[0m] Got request: GET /ndt/get_graph_data
[2026-09-01 06:17:23.214] [info] [[94mHttpSession.cpp[0m:[95m531[0m [96mhandleGetGraphData[0m] Handle Get Graph Data
[2026-09-01 06:17:23.227] [info] [[94mHttpSession.cpp[0m:[95m576[0m [96mhandleGetGraphData[0m] get_graph_data success
[2026-09-01 06:17:23.464] [info] [[94mControllerAndOtherEventHandler.cpp[0m:[95m239[0m [96moperator()[0m] Accepted new connection
[2026-09-01 06:17:23.464] [info] [[94mHttpSession.cpp[0m:[95m96[0m [96mhandleRequest[0m] Got request: GET /ndt/get_graph_data
[2026-09-01 06:17:23.464] [info] [[94mHttpSession.cpp[0m:[95m531[0m [96mhandleGetGraphData[0m] Handle Get Graph Data
[2026-09-01 06:17:23.482] [info] [[94mHttpSession.cpp[0m:[95m576[0m [96mhandleGetGraphData[0m] get_graph_data success
[2026-09-01 06:17:23.714] [info] [[94mControllerAndOtherEventHandler.cpp[0m:[95m239[0m [96moperator()[0m] Accepted new connection
[2026-09-01 06:17:23.714] [info] [[94mHttpSession.cpp[0m:[95m96[0m [96mhandleRequest[0m] Got request: GET /ndt/get_graph_data
[2026-09-01 06:17:23.714] [info] [[94mHttpSession.cpp[0m:[95m531[0m [96mhandleGetGraphData[0m] Handle Get Graph Data
[2026-09-01 06:17:23.731] [info] [[94mHttpSession.cpp[0m:[95m576[0m [96mhandleGetGraphData[0m] get_graph_data success
[2026-09-01 06:17:23.964] [info] [[94mControllerAndOtherEventHandler.cpp[0m:[95m239[0m [96moperator()[0m] Accepted new connection
[2026-09-01 06:17:23.965] [info] [[94mHttpSession.cpp[0m:[95m96[0m [96mhandleRequest[0m] Got request: GET /ndt/get_graph_data
[2026-09-01 06:17:23.965] [info] [[94mHttpSession.cpp[0m:[95m531[0m [96mhandleGetGraphData[0m] Handle Get Graph Data
[2026-09-01 06:17:23.984] [info] [[94mHttpSession.cpp[0m:[95m576[0m [96mhandleGetGraphData[0m] get_graph_data success
[2026-09-01 06:17:24.214] [info] [[94mControllerAndOtherEventHandler.cpp[0m:[95m239[0m [96moperator()[0m] Accepted new connection
[2026-09-01 06:17:24.214] [info] [[94mHttpSession.cpp[0m:[95m96[0m [96mhandleRequest[0m] Got request: GET /ndt/get_graph_data
[2026-09-01 06:17:24.214] [info] [[94mHttpSession.cpp[0m:[95m531[0m [96mhandleGetGraphData[0m] Handle Get Graph Data
[2026-09-01 06:17:24.233] [info] [[94mHttpSession.cpp[0m:[95m576[0m [96mhandleGetGraphData[0m] get_graph_data success
[2026-09-01 06:17:24.465] [info] [[94mControllerAndOtherEventHandler.cpp[0m:[95m239[0m [96moperator()[0m] Accepted new connection
[2026-09-01 06:17:24.465] [info] [[94mHttpSession.cpp[0m:[95m96[0m [96mhandleRequest[0m] Got request: GET /ndt/get_graph_data
[2026-09-01 06:17:24.465] [info] [[94mHttpSession.cpp[0m:[95m531[0m [96mhandleGetGraphData[0m] Handle Get Graph Data
[2026-09-01 06:17:24.485] [info] [[94mHttpSession.cpp[0m:[95m576[0m [96mhandleGetGraphData[0m] get_graph_data success
[2026-09-01 06:17:24.715] [info] [[94mControllerAndOtherEventHandler.cpp[0m:[95m239[0m [96moperator()[0m] Accepted new connection
[2026-09-01 06:17:24.715] [info] [[94mHttpSession.cpp[0m:[95m96[0m [96mhandleRequest[0m] Got request: GET /ndt/get_graph_data
[2026-09-01 06:17:24.715] [info] [[94mHttpSession.cpp[0m:[95m531[0m [96mhandleGetGraphData[0m] Handle Get Graph Data
[2026-09-01 06:17:24.734] [info] [[94mHttpSession.cpp[0m:[95m576[0m [96mhandleGetGraphData[0m] get_graph_data success
[2026-09-01 06:17:24.965] [info] [[94mControllerAndOtherEventHandler.cpp[0m:[95m239[0m [96moperator()[0m] Accepted new connection
[2026-09-01 06:17:24.965] [info] [[94mHttpSession.cpp[0m:[95m96[0m [96mhandleRequest[0m] Got request: GET /ndt/get_graph_data
[2026-09-01 06:17:24.965] [info] [[94mHttpSession.cpp[0m:[95m531[0m [96mhandleGetGraphData[0m] Handle Get Graph Data
[2026-09-01 06:17:24.983] [info] [[94mHttpSession.cpp[0m:[95m576[0m [96mhandleGetGraphData[0m] get_graph_data success
[2026-09-01 06:17:25.214] [info] [[94mControllerAndOtherEventHandler.cpp[0m:[95m239[0m [96moperator()[0m] Accepted new connection
[2026-09-01 06:17:25.214] [info] [[94mHttpSession.cpp[0m:[95m96[0m [96mhandleRequest[0m] Got request: GET /ndt/get_graph_data
[2026-09-01 06:17:25.215] [info] [[94mHttpSession.cpp[0m:[95m531[0m [96mhandleGetGraphData[0m] Handle Get Graph Data
[2026-09-01 06:17:25.230] [info] [[94mHttpSession.cpp[0m:[95m576[0m [96mhandleGetGraphData[0m] get_graph_data success
[2026-09-01 06:17:25.464] [info] [[94mControllerAndOtherEventHandler.cpp[0m:[95m239[0m [96moperator()[0m] Accepted new connection
[2026-09-01 06:17:25.464] [info] [[94mHttpSession.cpp[0m:[95m96[0m [96mhandleRequest[0m] Got request: GET /ndt/get_graph_data
[2026-09-01 06:17:25.464] [info] [[94mHttpSession.cpp[0m:[95m531[0m [96mhandleGetGraphData[0m] Handle Get Graph Data
[2026-09-01 06:17:25.479] [info] [[94mHttpSession.cpp[0m:[95m576[0m [96mhandleGetGraphData[0m] get_graph_data success
[2026-09-01 06:17:25.714] [info] [[94mControllerAndOtherEventHandler.cpp[0m:[95m239[0m [96moperator()[0m] Accepted new connection
[2026-09-01 06:17:25.714] [info] [[94mHttpSession.cpp[0m:[95m96[0m [96mhandleRequest[0m] Got request: GET /ndt/get_graph_data
[2026-09-01 06:17:25.715] [info] [[94mHttpSession.cpp[0m:[95m531[0m [96mhandleGetGraphData[0m] Handle Get Graph Data
[2026-09-01 06:17:25.733] [info] [[94mHttpSession.cpp[0m:[95m576[0m [96mhandleGetGraphData[0m] get_graph_data success
[2026-09-01 06:17:25.965] [info] [[94mControllerAndOtherEventHandler.cpp[0m:[95m239[0m [96moperator()[0m] Accepted new connection
[2026-09-01 06:17:25.965] [info] [[94mHttpSession.cpp[0m:[95m96[0m [96mhandleRequest[0m] Got request: GET /ndt/get_graph_data
[2026-09-01 06:17:25.965] [info] [[94mHttpSession.cpp[0m:[95m531[0m [96mhandleGetGraphData[0m] Handle Get Graph Data
[2026-09-01 06:17:25.983] [info] [[94mHttpSession.cpp[0m:[95m576[0m [96mhandleGetGraphData[0m] get_graph_data success
[2026-09-01 06:17:26.215] [info] [[94mControllerAndOtherEventHandler.cpp[0m:[95m239[0m [96moperator()[0m] Accepted new connection
[2026-09-01 06:17:26.215] [info] [[94mHttpSession.cpp[0m:[95m96[0m [96mhandleRequest[0m] Got request: GET /ndt/get_graph_data
[2026-09-01 06:17:26.215] [info] [[94mHttpSession.cpp[0m:[95m531[0m [96mhandleGetGraphData[0m] Handle Get Graph Data
[2026-09-01 06:17:26.232] [info] [[94mHttpSession.cpp[0m:[95m576[0m [96mhandleGetGraphData[0m] get_graph_data success
[2026-09-01 06:17:26.465] [info] [[94mControllerAndOtherEventHandler.cpp[0m:[95m239[0m [96moperator()[0m] Accepted new connection
[2026-09-01 06:17:26.465] [info] [[94mHttpSession.cpp[0m:[95m96[0m [96mhandleRequest[0m] Got request: GET /ndt/get_graph_data
[2026-09-01 06:17:26.465] [info] [[94mHttpSession.cpp[0m:[95m531[0m [96mhandleGetGraphData[0m] Handle Get Graph Data
[2026-09-01 06:17:26.480] [info] [[94mHttpSession.cpp[0m:[95m576[0m [96mhandleGetGraphData[0m] get_graph_data success
[2026-09-01 06:17:26.715] [info] [[94mControllerAndOtherEventHandler.cpp[0m:[95m239[0m [96moperator()[0m] Accepted new connection
[2026-09-01 06:17:26.715] [info] [[94mHttpSession.cpp[0m:[95m96[0m [96mhandleRequest[0m] Got request: GET /ndt/get_graph_data
[2026-09-01 06:17:26.715] [info] [[94mHttpSession.cpp[0m:[95m531[0m [96mhandleGetGraphData[0m] Handle Get Graph Data
[2026-09-01 06:17:26.732] [info] [[94mHttpSession.cpp[0m:[95m576[0m [96mhandleGetGraphData[0m] get_graph_data success
[2026-09-01 06:17:26.965] [info] [[94mControllerAndOtherEventHandler.cpp[0m:[95m239[0m [96moperator()[0m] Accepted new connection
[2026-09-01 06:17:26.965] [info] [[94mHttpSession.cpp[0m:[95m96[0m [96mhandleRequest[0m] Got request: GET /ndt/get_graph_data
[2026-09-01 06:17:26.965] [info] [[94mHttpSession.cpp[0m:[95m531[0m [96mhandleGetGraphData[0m] Handle Get Graph Data
[2026-09-01 06:17:26.980] [info] [[94mHttpSession.cpp[0m:[95m576[0m [96mhandleGetGraphData[0m] get_graph_data success
[2026-09-01 06:17:27.215] [info] [[94mControllerAndOtherEventHandler.cpp[0m:[95m239[0m [96moperator()[0m] Accepted new connection
[2026-09-01 06:17:27.215] [info] [[94mHttpSession.cpp[0m:[95m96[0m [96mhandleRequest[0m] Got request: GET /ndt/get_graph_data
[2026-09-01 06:17:27.215] [info] [[94mHttpSession.cpp[0m:[95m531[0m [96mhandleGetGraphData[0m] Handle Get Graph Data
[2026-09-01 06:17:27.230] [info] [[94mHttpSession.cpp[0m:[95m576[0m [96mhandleGetGraphData[0m] get_graph_data success
[2026-09-01 06:17:27.465] [info] [[94mControllerAndOtherEventHandler.cpp[0m:[95m239[0m [96moperator()[0m] Accepted new connection
[2026-09-01 06:17:27.466] [info] [[94mHttpSession.cpp[0m:[95m96[0m [96mhandleRequest[0m] Got request: GET /ndt/get_graph_data
[2026-09-01 06:17:27.466] [info] [[94mHttpSession.cpp[0m:[95m531[0m [96mhandleGetGraphData[0m] Handle Get Graph Data
[2026-09-01 06:17:27.485] [info] [[94mHttpSession.cpp[0m:[95m576[0m [96mhandleGetGraphData[0m] get_graph_data success
[2026-09-01 06:17:27.716] [info] [[94mControllerAndOtherEventHandler.cpp[0m:[95m239[0m [96moperator()[0m] Accepted new connection
[2026-09-01 06:17:27.716] [info] [[94mHttpSession.cpp[0m:[95m96[0m [96mhandleRequest[0m] Got request: GET /ndt/get_graph_data
[2026-09-01 06:17:27.716] [info] [[94mHttpSession.cpp[0m:[95m531[0m [96mhandleGetGraphData[0m] Handle Get Graph Data
[2026-09-01 06:17:27.731] [info] [[94mHttpSession.cpp[0m:[95m576[0m [96mhandleGetGraphData[0m] get_graph_data success
[2026-09-01 06:17:27.965] [info] [[94mControllerAndOtherEventHandler.cpp[0m:[95m239[0m [96moperator()[0m] Accepted new connection
[2026-09-01 06:17:27.965] [info] [[94mHttpSession.cpp[0m:[95m96[0m [96mhandleRequest[0m] Got request: GET /ndt/get_graph_data
[2026-09-01 06:17:27.965] [info] [[94mHttpSession.cpp[0m:[95m531[0m [96mhandleGetGraphData[0m] Handle Get Graph Data
[2026-09-01 06:17:27.978] [info] [[94mHttpSession.cpp[0m:[95m576[0m [96mhandleGetGraphData[0m] get_graph_data success
[2026-09-01 06:17:28.215] [info] [[94mControllerAndOtherEventHandler.cpp[0m:[95m239[0m [96moperator()[0m] Accepted new connection
[2026-09-01 06:17:28.215] [info] [[94mHttpSession.cpp[0m:[95m96[0m [96mhandleRequest[0m] Got request: GET /ndt/get_graph_data
[2026-09-01 06:17:28.215] [info] [[94mHttpSession.cpp[0m:[95m531[0m [96mhandleGetGraphData[0m] Handle Get Graph Data
[2026-09-01 06:17:28.235] [info] [[94mHttpSession.cpp[0m:[95m576[0m [96mhandleGetGraphData[0m] get_graph_data success
[2026-09-01 06:17:28.466] [info] [[94mControllerAndOtherEventHandler.cpp[0m:[95m239[0m [96moperator()[0m] Accepted new connection
[2026-09-01 06:17:28.466] [info] [[94mHttpSession.cpp[0m:[95m96[0m [96mhandleRequest[0m] Got request: GET /ndt/get_graph_data
[2026-09-01 06:17:28.466] [info] [[94mHttpSession.cpp[0m:[95m531[0m [96mhandleGetGraphData[0m] Handle Get Graph Data
[2026-09-01 06:17:28.481] [info] [[94mHttpSession.cpp[0m:[95m576[0m [96mhandleGetGraphData[0m] get_graph_data success
[2026-09-01 06:17:28.716] [info] [[94mControllerAndOtherEventHandler.cpp[0m:[95m239[0m [96moperator()[0m] Accepted new connection
[2026-09-01 06:17:28.716] [info] [[94mHttpSession.cpp[0m:[95m96[0m [96mhandleRequest[0m] Got request: GET /ndt/get_graph_data
[2026-09-01 06:17:28.716] [info] [[94mHttpSession.cpp[0m:[95m531[0m [96mhandleGetGraphData[0m] Handle Get Graph Data
[2026-09-01 06:17:28.736] [info] [[94mHttpSession.cpp[0m:[95m576[0m [96mhandleGetGraphData[0m] get_graph_data success
[2026-09-01 06:17:28.965] [info] [[94mControllerAndOtherEventHandler.cpp[0m:[95m239[0m [96moperator()[0m] Accepted new connection
[2026-09-01 06:17:28.966] [info] [[94mHttpSession.cpp[0m:[95m96[0m [96mhandleRequest[0m] Got request: GET /ndt/get_graph_data
[2026-09-01 06:17:28.966] [info] [[94mHttpSession.cpp[0m:[95m531[0m [96mhandleGetGraphData[0m] Handle Get Graph Data
[2026-09-01 06:17:28.983] [info] [[94mHttpSession.cpp[0m:[95m576[0m [96mhandleGetGraphData[0m] get_graph_data success
[2026-09-01 06:17:29.215] [info] [[94mControllerAndOtherEventHandler.cpp[0m:[95m239[0m [96moperator()[0m] Accepted new connection
[2026-09-01 06:17:29.216] [info] [[94mHttpSession.cpp[0m:[95m96[0m [96mhandleRequest[0m] Got request: GET /ndt/get_graph_data
[2026-09-01 06:17:29.216] [info] [[94mHttpSession.cpp[0m:[95m531[0m [96mhandleGetGraphData[0m] Handle Get Graph Data
[2026-09-01 06:17:29.232] [info] [[94mHttpSession.cpp[0m:[95m576[0m [96mhandleGetGraphData[0m] get_graph_data success
[2026-09-01 06:17:29.466] [info] [[94mControllerAndOtherEventHandler.cpp[0m:[95m239[0m [96moperator()[0m] Accepted new connection
[2026-09-01 06:17:29.466] [info] [[94mHttpSession.cpp[0m:[95m96[0m [96mhandleRequest[0m] Got request: GET /ndt/get_graph_data
[2026-09-01 06:17:29.466] [info] [[94mHttpSession.cpp[0m:[95m531[0m [96mhandleGetGraphData[0m] Handle Get Graph Data
[2026-09-01 06:17:29.484] [info] [[94mHttpSession.cpp[0m:[95m576[0m [96mhandleGetGraphData[0m] get_graph_data success
[2026-09-01 06:17:29.716] [info] [[94mControllerAndOtherEventHandler.cpp[0m:[95m239[0m [96moperator()[0m] Accepted new connection
[2026-09-01 06:17:29.716] [info] [[94mHttpSession.cpp[0m:[95m96[0m [96mhandleRequest[0m] Got request: GET /ndt/get_graph_data
[2026-09-01 06:17:29.717] [info] [[94mHttpSession.cpp[0m:[95m531[0m [96mhandleGetGraphData[0m] Handle Get Graph Data
[2026-09-01 06:17:29.735] [info] [[94mHttpSession.cpp[0m:[95m576[0m [96mhandleGetGraphData[0m] get_graph_data success
[2026-09-01 06:17:29.966] [info] [[94mControllerAndOtherEventHandler.cpp[0m:[95m239[0m [96moperator()[0m] Accepted new connection
[2026-09-01 06:17:29.966] [info] [[94mHttpSession.cpp[0m:[95m96[0m [96mhandleRequest[0m] Got request: GET /ndt/get_graph_data
[2026-09-01 06:17:29.966] [info] [[94mHttpSession.cpp[0m:[95m531[0m [96mhandleGetGraphData[0m] Handle Get Graph Data
[2026-09-01 06:17:29.986] [info] [[94mHttpSession.cpp[0m:[95m576[0m [96mhandleGetGraphData[0m] get_graph_data success
[2026-09-01 06:17:30.216] [info] [[94mControllerAndOtherEventHandler.cpp[0m:[95m239[0m [96moperator()[0m] Accepted new connection
[2026-09-01 06:17:30.216] [info] [[94mHttpSession.cpp[0m:[95m96[0m [96mhandleRequest[0m] Got request: GET /ndt/get_graph_data
[2026-09-01 06:17:30.216] [info] [[94mHttpSession.cpp[0m:[95m531[0m [96mhandleGetGraphData[0m] Handle Get Graph Data
[2026-09-01 06:17:30.236] [info] [[94mHttpSession.cpp[0m:[95m576[0m [96mhandleGetGraphData[0m] get_graph_data success
[2026-09-01 06:17:30.466] [info] [[94mControllerAndOtherEventHandler.cpp[0m:[95m239[0m [96moperator()[0m] Accepted new connection
[2026-09-01 06:17:30.466] [info] [[94mHttpSession.cpp[0m:[95m96[0m [96mhandleRequest[0m] Got request: GET /ndt/get_graph_data
[2026-09-01 06:17:30.466] [info] [[94mHttpSession.cpp[0m:[95m531[0m [96mhandleGetGraphData[0m] Handle Get Graph Data
[2026-09-01 06:17:30.485] [info] [[94mHttpSession.cpp[0m:[95m576[0m [96mhandleGetGraphData[0m] get_graph_data success
[2026-09-01 06:17:30.717] [info] [[94mControllerAndOtherEventHandler.cpp[0m:[95m239[0m [96moperator()[0m] Accepted new connection
[2026-09-01 06:17:30.717] [info] [[94mHttpSession.cpp[0m:[95m96[0m [96mhandleRequest[0m] Got request: GET /ndt/get_graph_data
[2026-09-01 06:17:30.717] [info] [[94mHttpSession.cpp[0m:[95m531[0m [96mhandleGetGraphData[0m] Handle Get Graph Data
[2026-09-01 06:17:30.734] [info] [[94mHttpSession.cpp[0m:[95m576[0m [96mhandleGetGraphData[0m] get_graph_data success
[2026-09-01 06:17:30.967] [info] [[94mControllerAndOtherEventHandler.cpp[0m:[95m239[0m [96moperator()[0m] Accepted new connection
[2026-09-01 06:17:30.967] [info] [[94mHttpSession.cpp[0m:[95m96[0m [96mhandleRequest[0m] Got request: GET /ndt/get_graph_data
[2026-09-01 06:17:30.967] [info] [[94mHttpSession.cpp[0m:[95m531[0m [96mhandleGetGraphData[0m] Handle Get Graph Data
[2026-09-01 06:17:30.985] [info] [[94mHttpSession.cpp[0m:[95m576[0m [96mhandleGetGraphData[0m] get_graph_data success
[2026-09-01 06:17:31.216] [info] [[94mControllerAndOtherEventHandler.cpp[0m:[95m239[0m [96moperator()[0m] Accepted new connection
[2026-09-01 06:17:31.216] [info] [[94mHttpSession.cpp[0m:[95m96[0m [96mhandleRequest[0m] Got request: GET /ndt/get_graph_data
[2026-09-01 06:17:31.216] [info] [[94mHttpSession.cpp[0m:[95m531[0m [96mhandleGetGraphData[0m] Handle Get Graph Data
[2026-09-01 06:17:31.232] [info] [[94mHttpSession.cpp[0m:[95m576[0m [96mhandleGetGraphData[0m] get_graph_data success
[2026-09-01 06:17:31.466] [info] [[94mControllerAndOtherEventHandler.cpp[0m:[95m239[0m [96moperator()[0m] Accepted new connection
[2026-09-01 06:17:31.467] [info] [[94mHttpSession.cpp[0m:[95m96[0m [96mhandleRequest[0m] Got request: GET /ndt/get_graph_data
[2026-09-01 06:17:31.467] [info] [[94mHttpSession.cpp[0m:[95m531[0m [96mhandleGetGraphData[0m] Handle Get Graph Data
[2026-09-01 06:17:31.481] [info] [[94mHttpSession.cpp[0m:[95m576[0m [96mhandleGetGraphData[0m] get_graph_data success
[2026-09-01 06:17:31.717] [info] [[94mControllerAndOtherEventHandler.cpp[0m:[95m239[0m [96moperator()[0m] Accepted new connection
[2026-09-01 06:17:31.717] [info] [[94mHttpSession.cpp[0m:[95m96[0m [96mhandleRequest[0m] Got request: GET /ndt/get_graph_data
[2026-09-01 06:17:31.717] [info] [[94mHttpSession.cpp[0m:[95m531[0m [96mhandleGetGraphData[0m] Handle Get Graph Data
[2026-09-01 06:17:31.736] [info] [[94mHttpSession.cpp[0m:[95m576[0m [96mhandleGetGraphData[0m] get_graph_data success
[2026-09-01 06:17:31.967] [info] [[94mControllerAndOtherEventHandler.cpp[0m:[95m239[0m [96moperator()[0m] Accepted new connection
[2026-09-01 06:17:31.967] [info] [[94mHttpSession.cpp[0m:[95m96[0m [96mhandleRequest[0m] Got request: GET /ndt/get_graph_data
[2026-09-01 06:17:31.967] [info] [[94mHttpSession.cpp[0m:[95m531[0m [96mhandleGetGraphData[0m] Handle Get Graph Data
[2026-09-01 06:17:31.986] [info] [[94mHttpSession.cpp[0m:[95m576[0m [96mhandleGetGraphData[0m] get_graph_data success
[2026-09-01 06:17:32.217] [info] [[94mControllerAndOtherEventHandler.cpp[0m:[95m239[0m [96moperator()[0m] Accepted new connection
[2026-09-01 06:17:32.217] [info] [[94mHttpSession.cpp[0m:[95m96[0m [96mhandleRequest[0m] Got request: GET /ndt/get_graph_data
[2026-09-01 06:17:32.217] [info] [[94mHttpSession.cpp[0m:[95m531[0m [96mhandleGetGraphData[0m] Handle Get Graph Data
[2026-09-01 06:17:32.236] [info] [[94mHttpSession.cpp[0m:[95m576[0m [96mhandleGetGraphData[0m] get_graph_data success
[2026-09-01 06:17:32.467] [info] [[94mControllerAndOtherEventHandler.cpp[0m:[95m239[0m [96moperator()[0m] Accepted new connection
[2026-09-01 06:17:32.467] [info] [[94mHttpSession.cpp[0m:[95m96[0m [96mhandleRequest[0m] Got request: GET /ndt/get_graph_data
[2026-09-01 06:17:32.467] [info] [[94mHttpSession.cpp[0m:[95m531[0m [96mhandleGetGraphData[0m] Handle Get Graph Data
[2026-09-01 06:17:32.481] [info] [[94mHttpSession.cpp[0m:[95m576[0m [96mhandleGetGraphData[0m] get_graph_data success
[2026-09-01 06:17:32.717] [info] [[94mControllerAndOtherEventHandler.cpp[0m:[95m239[0m [96moperator()[0m] Accepted new connection
[2026-09-01 06:17:32.717] [info] [[94mHttpSession.cpp[0m:[95m96[0m [96mhandleRequest[0m] Got request: GET /ndt/get_graph_data
[2026-09-01 06:17:32.718] [info] [[94mHttpSession.cpp[0m:[95m531[0m [96mhandleGetGraphData[0m] Handle Get Graph Data
[2026-09-01 06:17:32.734] [info] [[94mHttpSession.cpp[0m:[95m576[0m [96mhandleGetGraphData[0m] get_graph_data success
[2026-09-01 06:17:32.967] [info] [[94mControllerAndOtherEventHandler.cpp[0m:[95m239[0m [96moperator()[0m] Accepted new connection
[2026-09-01 06:17:32.967] [info] [[94mHttpSession.cpp[0m:[95m96[0m [96mhandleRequest[0m] Got request: GET /ndt/get_graph_data
[2026-09-01 06:17:32.967] [info] [[94mHttpSession.cpp[0m:[95m531[0m [96mhandleGetGraphData[0m] Handle Get Graph Data
[2026-09-01 06:17:32.981] [info] [[94mHttpSession.cpp[0m:[95m576[0m [96mhandleGetGraphData[0m] get_graph_data success
[2026-09-01 06:17:33.217] [info] [[94mControllerAndOtherEventHandler.cpp[0m:[95m239[0m [96moperator()[0m] Accepted new connection
[2026-09-01 06:17:33.217] [info] [[94mHttpSession.cpp[0m:[95m96[0m [96mhandleRequest[0m] Got request: GET /ndt/get_graph_data
[2026-09-01 06:17:33.217] [info] [[94mHttpSession.cpp[0m:[95m531[0m [96mhandleGetGraphData[0m] Handle Get Graph Data
[2026-09-01 06:17:33.231] [info] [[94mHttpSession.cpp[0m:[95m576[0m [96mhandleGetGraphData[0m] get_graph_data success
[2026-09-01 06:17:33.467] [info] [[94mControllerAndOtherEventHandler.cpp[0m:[95m239[0m [96moperator()[0m] Accepted new connection
[2026-09-01 06:17:33.468] [info] [[94mHttpSession.cpp[0m:[95m96[0m [96mhandleRequest[0m] Got request: GET /ndt/get_graph_data
[2026-09-01 06:17:33.468] [info] [[94mHttpSession.cpp[0m:[95m531[0m [96mhandleGetGraphData[0m] Handle Get Graph Data
[2026-09-01 06:17:33.486] [info] [[94mHttpSession.cpp[0m:[95m576[0m [96mhandleGetGraphData[0m] get_graph_data success
[2026-09-01 06:17:33.718] [info] [[94mControllerAndOtherEventHandler.cpp[0m:[95m239[0m [96moperator()[0m] Accepted new connection
[2026-09-01 06:17:33.718] [info] [[94mHttpSession.cpp[0m:[95m96[0m [96mhandleRequest[0m] Got request: GET /ndt/get_graph_data
[2026-09-01 06:17:33.718] [info] [[94mHttpSession.cpp[0m:[95m531[0m [96mhandleGetGraphData[0m] Handle Get Graph Data
[2026-09-01 06:17:33.737] [info] [[94mHttpSession.cpp[0m:[95m576[0m [96mhandleGetGraphData[0m] get_graph_data success
[2026-09-01 06:17:33.967] [info] [[94mControllerAndOtherEventHandler.cpp[0m:[95m239[0m [96moperator()[0m] Accepted new connection
[2026-09-01 06:17:33.967] [info] [[94mHttpSession.cpp[0m:[95m96[0m [96mhandleRequest[0m] Got request: GET /ndt/get_graph_data
[2026-09-01 06:17:33.967] [info] [[94mHttpSession.cpp[0m:[95m531[0m [96mhandleGetGraphData[0m] Handle Get Graph Data
[2026-09-01 06:17:33.986] [info] [[94mHttpSession.cpp[0m:[95m576[0m [96mhandleGetGraphData[0m] get_graph_data success
[2026-09-01 06:17:34.218] [info] [[94mControllerAndOtherEventHandler.cpp[0m:[95m239[0m [96moperator()[0m] Accepted new connection
[2026-09-01 06:17:34.218] [info] [[94mHttpSession.cpp[0m:[95m96[0m [96mhandleRequest[0m] Got request: GET /ndt/get_graph_data
[2026-09-01 06:17:34.218] [info] [[94mHttpSession.cpp[0m:[95m531[0m [96mhandleGetGraphData[0m] Handle Get Graph Data
[2026-09-01 06:17:34.236] [info] [[94mHttpSession.cpp[0m:[95m576[0m [96mhandleGetGraphData[0m] get_graph_data success
[2026-09-01 06:17:34.468] [info] [[94mControllerAndOtherEventHandler.cpp[0m:[95m239[0m [96moperator()[0m] Accepted new connection
[2026-09-01 06:17:34.468] [info] [[94mHttpSession.cpp[0m:[95m96[0m [96mhandleRequest[0m] Got request: GET /ndt/get_graph_data
[2026-09-01 06:17:34.468] [info] [[94mHttpSession.cpp[0m:[95m531[0m [96mhandleGetGraphData[0m] Handle Get Graph Data
[2026-09-01 06:17:34.486] [info] [[94mHttpSession.cpp[0m:[95m576[0m [96mhandleGetGraphData[0m] get_graph_data success
[2026-09-01 06:17:34.516] [info] [[94mFlowLinkUsageCollector.cpp[0m:[95m1807[0m [96mcalAvgFlowSendingRatesPeriodically[0m] rate loop period: last 30 iters mean 1000.9 ms | since start (119 iters) mean 1000.7 ms, min 1000.1, max 1003.0 (flows=1, counters=5) -- the LAST-N figure is the current denominator; the since-start one lags it
[2026-09-01 06:17:34.517] [info] [[94mFlowLinkUsageCollector.cpp[0m:[95m2016[0m [96mcalAvgFlowSendingRatesPeriodically[0m] rate divisor check: measured_interval_s=1.001113 divisor_used_s=1.001113 (ticket Q gate: these must agree to 1%; a negative divisor means no rate has been published yet, which is not a pass)
[2026-09-01 06:17:34.718] [info] [[94mControllerAndOtherEventHandler.cpp[0m:[95m239[0m [96moperator()[0m] Accepted new connection
[2026-09-01 06:17:34.718] [info] [[94mHttpSession.cpp[0m:[95m96[0m [96mhandleRequest[0m] Got request: GET /ndt/get_graph_data
[2026-09-01 06:17:34.718] [info] [[94mHttpSession.cpp[0m:[95m531[0m [96mhandleGetGraphData[0m] Handle Get Graph Data
[2026-09-01 06:17:34.737] [info] [[94mHttpSession.cpp[0m:[95m576[0m [96mhandleGetGraphData[0m] get_graph_data success
[2026-09-01 06:17:34.968] [info] [[94mControllerAndOtherEventHandler.cpp[0m:[95m239[0m [96moperator()[0m] Accepted new connection
[2026-09-01 06:17:34.968] [info] [[94mHttpSession.cpp[0m:[95m96[0m [96mhandleRequest[0m] Got request: GET /ndt/get_graph_data
[2026-09-01 06:17:34.968] [info] [[94mHttpSession.cpp[0m:[95m531[0m [96mhandleGetGraphData[0m] Handle Get Graph Data
[2026-09-01 06:17:34.988] [info] [[94mHttpSession.cpp[0m:[95m576[0m [96mhandleGetGraphData[0m] get_graph_data success
[2026-09-01 06:17:35.218] [info] [[94mControllerAndOtherEventHandler.cpp[0m:[95m239[0m [96moperator()[0m] Accepted new connection
[2026-09-01 06:17:35.218] [info] [[94mHttpSession.cpp[0m:[95m96[0m [96mhandleRequest[0m] Got request: GET /ndt/get_graph_data
[2026-09-01 06:17:35.218] [info] [[94mHttpSession.cpp[0m:[95m531[0m [96mhandleGetGraphData[0m] Handle Get Graph Data
[2026-09-01 06:17:35.237] [info] [[94mHttpSession.cpp[0m:[95m576[0m [96mhandleGetGraphData[0m] get_graph_data success
[2026-09-01 06:17:35.467] [info] [[94mControllerAndOtherEventHandler.cpp[0m:[95m239[0m [96moperator()[0m] Accepted new connection
[2026-09-01 06:17:35.468] [info] [[94mHttpSession.cpp[0m:[95m96[0m [96mhandleRequest[0m] Got request: GET /ndt/get_graph_data
[2026-09-01 06:17:35.468] [info] [[94mHttpSession.cpp[0m:[95m531[0m [96mhandleGetGraphData[0m] Handle Get Graph Data
[2026-09-01 06:17:35.482] [info] [[94mHttpSession.cpp[0m:[95m576[0m [96mhandleGetGraphData[0m] get_graph_data success
[2026-09-01 06:17:35.718] [info] [[94mControllerAndOtherEventHandler.cpp[0m:[95m239[0m [96moperator()[0m] Accepted new connection
[2026-09-01 06:17:35.718] [info] [[94mHttpSession.cpp[0m:[95m96[0m [96mhandleRequest[0m] Got request: GET /ndt/get_graph_data
[2026-09-01 06:17:35.718] [info] [[94mHttpSession.cpp[0m:[95m531[0m [96mhandleGetGraphData[0m] Handle Get Graph Data
[2026-09-01 06:17:35.736] [info] [[94mHttpSession.cpp[0m:[95m576[0m [96mhandleGetGraphData[0m] get_graph_data success
[2026-09-01 06:17:35.967] [info] [[94mControllerAndOtherEventHandler.cpp[0m:[95m239[0m [96moperator()[0m] Accepted new connection
[2026-09-01 06:17:35.968] [info] [[94mHttpSession.cpp[0m:[95m96[0m [96mhandleRequest[0m] Got request: GET /ndt/get_graph_data
[2026-09-01 06:17:35.968] [info] [[94mHttpSession.cpp[0m:[95m531[0m [96mhandleGetGraphData[0m] Handle Get Graph Data
[2026-09-01 06:17:35.982] [info] [[94mHttpSession.cpp[0m:[95m576[0m [96mhandleGetGraphData[0m] get_graph_data success
[2026-09-01 06:17:36.218] [info] [[94mControllerAndOtherEventHandler.cpp[0m:[95m239[0m [96moperator()[0m] Accepted new connection
[2026-09-01 06:17:36.218] [info] [[94mHttpSession.cpp[0m:[95m96[0m [96mhandleRequest[0m] Got request: GET /ndt/get_graph_data
[2026-09-01 06:17:36.218] [info] [[94mHttpSession.cpp[0m:[95m531[0m [96mhandleGetGraphData[0m] Handle Get Graph Data
[2026-09-01 06:17:36.238] [info] [[94mHttpSession.cpp[0m:[95m576[0m [96mhandleGetGraphData[0m] get_graph_data success
[2026-09-01 06:17:36.468] [info] [[94mControllerAndOtherEventHandler.cpp[0m:[95m239[0m [96moperator()[0m] Accepted new connection
[2026-09-01 06:17:36.468] [info] [[94mHttpSession.cpp[0m:[95m96[0m [96mhandleRequest[0m] Got request: GET /ndt/get_graph_data
[2026-09-01 06:17:36.469] [info] [[94mHttpSession.cpp[0m:[95m531[0m [96mhandleGetGraphData[0m] Handle Get Graph Data
[2026-09-01 06:17:36.488] [info] [[94mHttpSession.cpp[0m:[95m576[0m [96mhandleGetGraphData[0m] get_graph_data success
[2026-09-01 06:17:36.718] [info] [[94mControllerAndOtherEventHandler.cpp[0m:[95m239[0m [96moperator()[0m] Accepted new connection
[2026-09-01 06:17:36.718] [info] [[94mHttpSession.cpp[0m:[95m96[0m [96mhandleRequest[0m] Got request: GET /ndt/get_graph_data
[2026-09-01 06:17:36.718] [info] [[94mHttpSession.cpp[0m:[95m531[0m [96mhandleGetGraphData[0m] Handle Get Graph Data
[2026-09-01 06:17:36.737] [info] [[94mHttpSession.cpp[0m:[95m576[0m [96mhandleGetGraphData[0m] get_graph_data success
[2026-09-01 06:17:36.968] [info] [[94mControllerAndOtherEventHandler.cpp[0m:[95m239[0m [96moperator()[0m] Accepted new connection
[2026-09-01 06:17:36.968] [info] [[94mHttpSession.cpp[0m:[95m96[0m [96mhandleRequest[0m] Got request: GET /ndt/get_graph_data
[2026-09-01 06:17:36.968] [info] [[94mHttpSession.cpp[0m:[95m531[0m [96mhandleGetGraphData[0m] Handle Get Graph Data
[2026-09-01 06:17:36.986] [info] [[94mHttpSession.cpp[0m:[95m576[0m [96mhandleGetGraphData[0m] get_graph_data success
[2026-09-01 06:17:37.218] [info] [[94mControllerAndOtherEventHandler.cpp[0m:[95m239[0m [96moperator()[0m] Accepted new connection
[2026-09-01 06:17:37.218] [info] [[94mHttpSession.cpp[0m:[95m96[0m [96mhandleRequest[0m] Got request: GET /ndt/get_graph_data
[2026-09-01 06:17:37.218] [info] [[94mHttpSession.cpp[0m:[95m531[0m [96mhandleGetGraphData[0m] Handle Get Graph Data
[2026-09-01 06:17:37.236] [info] [[94mHttpSession.cpp[0m:[95m576[0m [96mhandleGetGraphData[0m] get_graph_data success
[2026-09-01 06:17:37.469] [info] [[94mControllerAndOtherEventHandler.cpp[0m:[95m239[0m [96moperator()[0m] Accepted new connection
[2026-09-01 06:17:37.469] [info] [[94mHttpSession.cpp[0m:[95m96[0m [96mhandleRequest[0m] Got request: GET /ndt/get_graph_data
[2026-09-01 06:17:37.469] [info] [[94mHttpSession.cpp[0m:[95m531[0m [96mhandleGetGraphData[0m] Handle Get Graph Data
[2026-09-01 06:17:37.488] [info] [[94mHttpSession.cpp[0m:[95m576[0m [96mhandleGetGraphData[0m] get_graph_data success
[2026-09-01 06:17:37.719] [info] [[94mControllerAndOtherEventHandler.cpp[0m:[95m239[0m [96moperator()[0m] Accepted new connection
[2026-09-01 06:17:37.719] [info] [[94mHttpSession.cpp[0m:[95m96[0m [96mhandleRequest[0m] Got request: GET /ndt/get_graph_data
[2026-09-01 06:17:37.719] [info] [[94mHttpSession.cpp[0m:[95m531[0m [96mhandleGetGraphData[0m] Handle Get Graph Data
[2026-09-01 06:17:37.735] [info] [[94mHttpSession.cpp[0m:[95m576[0m [96mhandleGetGraphData[0m] get_graph_data success
[2026-09-01 06:17:37.968] [info] [[94mControllerAndOtherEventHandler.cpp[0m:[95m239[0m [96moperator()[0m] Accepted new connection
[2026-09-01 06:17:37.968] [info] [[94mHttpSession.cpp[0m:[95m96[0m [96mhandleRequest[0m] Got request: GET /ndt/get_graph_data
[2026-09-01 06:17:37.968] [info] [[94mHttpSession.cpp[0m:[95m531[0m [96mhandleGetGraphData[0m] Handle Get Graph Data
[2026-09-01 06:17:37.988] [info] [[94mHttpSession.cpp[0m:[95m576[0m [96mhandleGetGraphData[0m] get_graph_data success
[2026-09-01 06:17:38.218] [info] [[94mControllerAndOtherEventHandler.cpp[0m:[95m239[0m [96moperator()[0m] Accepted new connection
[2026-09-01 06:17:38.219] [info] [[94mHttpSession.cpp[0m:[95m96[0m [96mhandleRequest[0m] Got request: GET /ndt/get_graph_data
[2026-09-01 06:17:38.219] [info] [[94mHttpSession.cpp[0m:[95m531[0m [96mhandleGetGraphData[0m] Handle Get Graph Data
[2026-09-01 06:17:38.238] [info] [[94mHttpSession.cpp[0m:[95m576[0m [96mhandleGetGraphData[0m] get_graph_data success
[2026-09-01 06:17:38.469] [info] [[94mControllerAndOtherEventHandler.cpp[0m:[95m239[0m [96moperator()[0m] Accepted new connection
[2026-09-01 06:17:38.469] [info] [[94mHttpSession.cpp[0m:[95m96[0m [96mhandleRequest[0m] Got request: GET /ndt/get_graph_data
[2026-09-01 06:17:38.469] [info] [[94mHttpSession.cpp[0m:[95m531[0m [96mhandleGetGraphData[0m] Handle Get Graph Data
[2026-09-01 06:17:38.486] [info] [[94mHttpSession.cpp[0m:[95m576[0m [96mhandleGetGraphData[0m] get_graph_data success
[2026-09-01 06:17:38.719] [info] [[94mControllerAndOtherEventHandler.cpp[0m:[95m239[0m [96moperator()[0m] Accepted new connection
[2026-09-01 06:17:38.719] [info] [[94mHttpSession.cpp[0m:[95m96[0m [96mhandleRequest[0m] Got request: GET /ndt/get_graph_data
[2026-09-01 06:17:38.719] [info] [[94mHttpSession.cpp[0m:[95m531[0m [96mhandleGetGraphData[0m] Handle Get Graph Data
[2026-09-01 06:17:38.734] [info] [[94mHttpSession.cpp[0m:[95m576[0m [96mhandleGetGraphData[0m] get_graph_data success
[2026-09-01 06:17:38.969] [info] [[94mControllerAndOtherEventHandler.cpp[0m:[95m239[0m [96moperator()[0m] Accepted new connection
[2026-09-01 06:17:38.969] [info] [[94mHttpSession.cpp[0m:[95m96[0m [96mhandleRequest[0m] Got request: GET /ndt/get_graph_data
[2026-09-01 06:17:38.970] [info] [[94mHttpSession.cpp[0m:[95m531[0m [96mhandleGetGraphData[0m] Handle Get Graph Data
[2026-09-01 06:17:38.990] [info] [[94mHttpSession.cpp[0m:[95m576[0m [96mhandleGetGraphData[0m] get_graph_data success
[2026-09-01 06:17:39.218] [info] [[94mControllerAndOtherEventHandler.cpp[0m:[95m239[0m [96moperator()[0m] Accepted new connection
[2026-09-01 06:17:39.219] [info] [[94mHttpSession.cpp[0m:[95m96[0m [96mhandleRequest[0m] Got request: GET /ndt/get_graph_data
[2026-09-01 06:17:39.219] [info] [[94mHttpSession.cpp[0m:[95m531[0m [96mhandleGetGraphData[0m] Handle Get Graph Data
[2026-09-01 06:17:39.233] [info] [[94mHttpSession.cpp[0m:[95m576[0m [96mhandleGetGraphData[0m] get_graph_data success
[2026-09-01 06:17:39.469] [info] [[94mControllerAndOtherEventHandler.cpp[0m:[95m239[0m [96moperator()[0m] Accepted new connection
[2026-09-01 06:17:39.469] [info] [[94mHttpSession.cpp[0m:[95m96[0m [96mhandleRequest[0m] Got request: GET /ndt/get_graph_data
[2026-09-01 06:17:39.469] [info] [[94mHttpSession.cpp[0m:[95m531[0m [96mhandleGetGraphData[0m] Handle Get Graph Data
[2026-09-01 06:17:39.489] [info] [[94mHttpSession.cpp[0m:[95m576[0m [96mhandleGetGraphData[0m] get_graph_data success
[2026-09-01 06:17:39.719] [info] [[94mControllerAndOtherEventHandler.cpp[0m:[95m239[0m [96moperator()[0m] Accepted new connection
[2026-09-01 06:17:39.719] [info] [[94mHttpSession.cpp[0m:[95m96[0m [96mhandleRequest[0m] Got request: GET /ndt/get_graph_data
[2026-09-01 06:17:39.719] [info] [[94mHttpSession.cpp[0m:[95m531[0m [96mhandleGetGraphData[0m] Handle Get Graph Data
[2026-09-01 06:17:39.738] [info] [[94mHttpSession.cpp[0m:[95m576[0m [96mhandleGetGraphData[0m] get_graph_data success
[2026-09-01 06:17:39.969] [info] [[94mControllerAndOtherEventHandler.cpp[0m:[95m239[0m [96moperator()[0m] Accepted new connection
[2026-09-01 06:17:39.969] [info] [[94mHttpSession.cpp[0m:[95m96[0m [96mhandleRequest[0m] Got request: GET /ndt/get_graph_data
[2026-09-01 06:17:39.969] [info] [[94mHttpSession.cpp[0m:[95m531[0m [96mhandleGetGraphData[0m] Handle Get Graph Data
[2026-09-01 06:17:39.983] [info] [[94mHttpSession.cpp[0m:[95m576[0m [96mhandleGetGraphData[0m] get_graph_data success
[2026-09-01 06:17:40.219] [info] [[94mControllerAndOtherEventHandler.cpp[0m:[95m239[0m [96moperator()[0m] Accepted new connection
[2026-09-01 06:17:40.219] [info] [[94mHttpSession.cpp[0m:[95m96[0m [96mhandleRequest[0m] Got request: GET /ndt/get_graph_data
[2026-09-01 06:17:40.219] [info] [[94mHttpSession.cpp[0m:[95m531[0m [96mhandleGetGraphData[0m] Handle Get Graph Data
[2026-09-01 06:17:40.233] [info] [[94mHttpSession.cpp[0m:[95m576[0m [96mhandleGetGraphData[0m] get_graph_data success
[2026-09-01 06:17:40.470] [info] [[94mControllerAndOtherEventHandler.cpp[0m:[95m239[0m [96moperator()[0m] Accepted new connection
[2026-09-01 06:17:40.470] [info] [[94mHttpSession.cpp[0m:[95m96[0m [96mhandleRequest[0m] Got request: GET /ndt/get_graph_data
[2026-09-01 06:17:40.470] [info] [[94mHttpSession.cpp[0m:[95m531[0m [96mhandleGetGraphData[0m] Handle Get Graph Data
[2026-09-01 06:17:40.486] [info] [[94mHttpSession.cpp[0m:[95m576[0m [96mhandleGetGraphData[0m] get_graph_data success
[2026-09-01 06:17:40.719] [info] [[94mControllerAndOtherEventHandler.cpp[0m:[95m239[0m [96moperator()[0m] Accepted new connection
[2026-09-01 06:17:40.719] [info] [[94mHttpSession.cpp[0m:[95m96[0m [96mhandleRequest[0m] Got request: GET /ndt/get_graph_data
[2026-09-01 06:17:40.719] [info] [[94mHttpSession.cpp[0m:[95m531[0m [96mhandleGetGraphData[0m] Handle Get Graph Data
[2026-09-01 06:17:40.738] [info] [[94mHttpSession.cpp[0m:[95m576[0m [96mhandleGetGraphData[0m] get_graph_data success
[2026-09-01 06:17:40.970] [info] [[94mControllerAndOtherEventHandler.cpp[0m:[95m239[0m [96moperator()[0m] Accepted new connection
[2026-09-01 06:17:40.970] [info] [[94mHttpSession.cpp[0m:[95m96[0m [96mhandleRequest[0m] Got request: GET /ndt/get_graph_data
[2026-09-01 06:17:40.970] [info] [[94mHttpSession.cpp[0m:[95m531[0m [96mhandleGetGraphData[0m] Handle Get Graph Data
[2026-09-01 06:17:40.989] [info] [[94mHttpSession.cpp[0m:[95m576[0m [96mhandleGetGraphData[0m] get_graph_data success
[2026-09-01 06:17:41.220] [info] [[94mControllerAndOtherEventHandler.cpp[0m:[95m239[0m [96moperator()[0m] Accepted new connection
[2026-09-01 06:17:41.220] [info] [[94mHttpSession.cpp[0m:[95m96[0m [96mhandleRequest[0m] Got request: GET /ndt/get_graph_data
[2026-09-01 06:17:41.220] [info] [[94mHttpSession.cpp[0m:[95m531[0m [96mhandleGetGraphData[0m] Handle Get Graph Data
[2026-09-01 06:17:41.238] [info] [[94mHttpSession.cpp[0m:[95m576[0m [96mhandleGetGraphData[0m] get_graph_data success
[2026-09-01 06:17:41.470] [info] [[94mControllerAndOtherEventHandler.cpp[0m:[95m239[0m [96moperator()[0m] Accepted new connection
[2026-09-01 06:17:41.470] [info] [[94mHttpSession.cpp[0m:[95m96[0m [96mhandleRequest[0m] Got request: GET /ndt/get_graph_data
[2026-09-01 06:17:41.504] [info] [[94mHttpSession.cpp[0m:[95m531[0m [96mhandleGetGraphData[0m] Handle Get Graph Data
[2026-09-01 06:17:41.522] [info] [[94mHttpSession.cpp[0m:[95m576[0m [96mhandleGetGraphData[0m] get_graph_data success
[2026-09-01 06:17:41.540] [info] [[94mFlowLinkUsageCollector.cpp[0m:[95m2558[0m [96mfetchAllDestinationPaths[0m] Pulled 16256 paths from controller
[2026-09-01 06:17:41.720] [info] [[94mControllerAndOtherEventHandler.cpp[0m:[95m239[0m [96moperator()[0m] Accepted new connection
[2026-09-01 06:17:41.720] [info] [[94mHttpSession.cpp[0m:[95m96[0m [96mhandleRequest[0m] Got request: GET /ndt/get_graph_data
[2026-09-01 06:17:41.720] [info] [[94mHttpSession.cpp[0m:[95m531[0m [96mhandleGetGraphData[0m] Handle Get Graph Data
[2026-09-01 06:17:41.735] [info] [[94mHttpSession.cpp[0m:[95m576[0m [96mhandleGetGraphData[0m] get_graph_data success
[2026-09-01 06:17:41.970] [info] [[94mControllerAndOtherEventHandler.cpp[0m:[95m239[0m [96moperator()[0m] Accepted new connection
[2026-09-01 06:17:41.970] [info] [[94mHttpSession.cpp[0m:[95m96[0m [96mhandleRequest[0m] Got request: GET /ndt/get_graph_data
[2026-09-01 06:17:41.970] [info] [[94mHttpSession.cpp[0m:[95m531[0m [96mhandleGetGraphData[0m] Handle Get Graph Data
[2026-09-01 06:17:41.987] [info] [[94mHttpSession.cpp[0m:[95m576[0m [96mhandleGetGraphData[0m] get_graph_data success
[2026-09-01 06:17:42.220] [info] [[94mControllerAndOtherEventHandler.cpp[0m:[95m239[0m [96moperator()[0m] Accepted new connection
[2026-09-01 06:17:42.220] [info] [[94mHttpSession.cpp[0m:[95m96[0m [96mhandleRequest[0m] Got request: GET /ndt/get_graph_data
[2026-09-01 06:17:42.220] [info] [[94mHttpSession.cpp[0m:[95m531[0m [96mhandleGetGraphData[0m] Handle Get Graph Data
[2026-09-01 06:17:42.239] [info] [[94mHttpSession.cpp[0m:[95m576[0m [96mhandleGetGraphData[0m] get_graph_data success
[2026-09-01 06:17:42.470] [info] [[94mControllerAndOtherEventHandler.cpp[0m:[95m239[0m [96moperator()[0m] Accepted new connection
[2026-09-01 06:17:42.470] [info] [[94mHttpSession.cpp[0m:[95m96[0m [96mhandleRequest[0m] Got request: GET /ndt/get_graph_data
[2026-09-01 06:17:42.470] [info] [[94mHttpSession.cpp[0m:[95m531[0m [96mhandleGetGraphData[0m] Handle Get Graph Data
[2026-09-01 06:17:42.491] [info] [[94mHttpSession.cpp[0m:[95m576[0m [96mhandleGetGraphData[0m] get_graph_data success
[2026-09-01 06:17:42.720] [info] [[94mControllerAndOtherEventHandler.cpp[0m:[95m239[0m [96moperator()[0m] Accepted new connection
[2026-09-01 06:17:42.721] [info] [[94mHttpSession.cpp[0m:[95m96[0m [96mhandleRequest[0m] Got request: GET /ndt/get_graph_data
[2026-09-01 06:17:42.721] [info] [[94mHttpSession.cpp[0m:[95m531[0m [96mhandleGetGraphData[0m] Handle Get Graph Data
[2026-09-01 06:17:42.741] [info] [[94mHttpSession.cpp[0m:[95m576[0m [96mhandleGetGraphData[0m] get_graph_data success
[2026-09-01 06:17:42.971] [info] [[94mControllerAndOtherEventHandler.cpp[0m:[95m239[0m [96moperator()[0m] Accepted new connection
[2026-09-01 06:17:42.971] [info] [[94mHttpSession.cpp[0m:[95m96[0m [96mhandleRequest[0m] Got request: GET /ndt/get_graph_data
[2026-09-01 06:17:42.971] [info] [[94mHttpSession.cpp[0m:[95m531[0m [96mhandleGetGraphData[0m] Handle Get Graph Data
[2026-09-01 06:17:42.991] [info] [[94mHttpSession.cpp[0m:[95m576[0m [96mhandleGetGraphData[0m] get_graph_data success
[2026-09-01 06:17:43.221] [info] [[94mControllerAndOtherEventHandler.cpp[0m:[95m239[0m [96moperator()[0m] Accepted new connection
[2026-09-01 06:17:43.221] [info] [[94mHttpSession.cpp[0m:[95m96[0m [96mhandleRequest[0m] Got request: GET /ndt/get_graph_data
[2026-09-01 06:17:43.221] [info] [[94mHttpSession.cpp[0m:[95m531[0m [96mhandleGetGraphData[0m] Handle Get Graph Data
[2026-09-01 06:17:43.240] [info] [[94mHttpSession.cpp[0m:[95m576[0m [96mhandleGetGraphData[0m] get_graph_data success
[2026-09-01 06:17:43.470] [info] [[94mControllerAndOtherEventHandler.cpp[0m:[95m239[0m [96moperator()[0m] Accepted new connection
[2026-09-01 06:17:43.470] [info] [[94mHttpSession.cpp[0m:[95m96[0m [96mhandleRequest[0m] Got request: GET /ndt/get_graph_data
[2026-09-01 06:17:43.470] [info] [[94mHttpSession.cpp[0m:[95m531[0m [96mhandleGetGraphData[0m] Handle Get Graph Data
[2026-09-01 06:17:43.484] [info] [[94mHttpSession.cpp[0m:[95m576[0m [96mhandleGetGraphData[0m] get_graph_data success
[2026-09-01 06:17:43.720] [info] [[94mControllerAndOtherEventHandler.cpp[0m:[95m239[0m [96moperator()[0m] Accepted new connection
[2026-09-01 06:17:43.721] [info] [[94mHttpSession.cpp[0m:[95m96[0m [96mhandleRequest[0m] Got request: GET /ndt/get_graph_data
[2026-09-01 06:17:43.721] [info] [[94mHttpSession.cpp[0m:[95m531[0m [96mhandleGetGraphData[0m] Handle Get Graph Data
[2026-09-01 06:17:43.736] [info] [[94mHttpSession.cpp[0m:[95m576[0m [96mhandleGetGraphData[0m] get_graph_data success
[2026-09-01 06:17:43.971] [info] [[94mControllerAndOtherEventHandler.cpp[0m:[95m239[0m [96moperator()[0m] Accepted new connection
[2026-09-01 06:17:43.971] [info] [[94mHttpSession.cpp[0m:[95m96[0m [96mhandleRequest[0m] Got request: GET /ndt/get_graph_data
[2026-09-01 06:17:43.971] [info] [[94mHttpSession.cpp[0m:[95m531[0m [96mhandleGetGraphData[0m] Handle Get Graph Data
[2026-09-01 06:17:43.990] [info] [[94mHttpSession.cpp[0m:[95m576[0m [96mhandleGetGraphData[0m] get_graph_data success
[2026-09-01 06:17:44.221] [info] [[94mControllerAndOtherEventHandler.cpp[0m:[95m239[0m [96moperator()[0m] Accepted new connection
[2026-09-01 06:17:44.221] [info] [[94mHttpSession.cpp[0m:[95m96[0m [96mhandleRequest[0m] Got request: GET /ndt/get_graph_data
[2026-09-01 06:17:44.221] [info] [[94mHttpSession.cpp[0m:[95m531[0m [96mhandleGetGraphData[0m] Handle Get Graph Data
[2026-09-01 06:17:44.239] [info] [[94mHttpSession.cpp[0m:[95m576[0m [96mhandleGetGraphData[0m] get_graph_data success
[2026-09-01 06:17:44.471] [info] [[94mControllerAndOtherEventHandler.cpp[0m:[95m239[0m [96moperator()[0m] Accepted new connection
[2026-09-01 06:17:44.471] [info] [[94mHttpSession.cpp[0m:[95m96[0m [96mhandleRequest[0m] Got request: GET /ndt/get_graph_data
[2026-09-01 06:17:44.471] [info] [[94mHttpSession.cpp[0m:[95m531[0m [96mhandleGetGraphData[0m] Handle Get Graph Data
[2026-09-01 06:17:44.484] [info] [[94mHttpSession.cpp[0m:[95m576[0m [96mhandleGetGraphData[0m] get_graph_data success
[2026-09-01 06:17:44.721] [info] [[94mControllerAndOtherEventHandler.cpp[0m:[95m239[0m [96moperator()[0m] Accepted new connection
[2026-09-01 06:17:44.721] [info] [[94mHttpSession.cpp[0m:[95m96[0m [96mhandleRequest[0m] Got request: GET /ndt/get_graph_data
[2026-09-01 06:17:44.721] [info] [[94mHttpSession.cpp[0m:[95m531[0m [96mhandleGetGraphData[0m] Handle Get Graph Data
[2026-09-01 06:17:44.737] [info] [[94mHttpSession.cpp[0m:[95m576[0m [96mhandleGetGraphData[0m] get_graph_data success
[2026-09-01 06:17:44.971] [info] [[94mControllerAndOtherEventHandler.cpp[0m:[95m239[0m [96moperator()[0m] Accepted new connection
[2026-09-01 06:17:44.971] [info] [[94mHttpSession.cpp[0m:[95m96[0m [96mhandleRequest[0m] Got request: GET /ndt/get_graph_data
[2026-09-01 06:17:44.971] [info] [[94mHttpSession.cpp[0m:[95m531[0m [96mhandleGetGraphData[0m] Handle Get Graph Data
[2026-09-01 06:17:44.984] [info] [[94mHttpSession.cpp[0m:[95m576[0m [96mhandleGetGraphData[0m] get_graph_data success
[2026-09-01 06:17:45.221] [info] [[94mControllerAndOtherEventHandler.cpp[0m:[95m239[0m [96moperator()[0m] Accepted new connection
[2026-09-01 06:17:45.221] [info] [[94mHttpSession.cpp[0m:[95m96[0m [96mhandleRequest[0m] Got request: GET /ndt/get_graph_data
[2026-09-01 06:17:45.221] [info] [[94mHttpSession.cpp[0m:[95m531[0m [96mhandleGetGraphData[0m] Handle Get Graph Data
[2026-09-01 06:17:45.234] [info] [[94mHttpSession.cpp[0m:[95m576[0m [96mhandleGetGraphData[0m] get_graph_data success
[2026-09-01 06:17:45.471] [info] [[94mControllerAndOtherEventHandler.cpp[0m:[95m239[0m [96moperator()[0m] Accepted new connection
[2026-09-01 06:17:45.472] [info] [[94mHttpSession.cpp[0m:[95m96[0m [96mhandleRequest[0m] Got request: GET /ndt/get_graph_data
[2026-09-01 06:17:45.472] [info] [[94mHttpSession.cpp[0m:[95m531[0m [96mhandleGetGraphData[0m] Handle Get Graph Data
[2026-09-01 06:17:45.485] [info] [[94mHttpSession.cpp[0m:[95m576[0m [96mhandleGetGraphData[0m] get_graph_data success
[2026-09-01 06:17:45.722] [info] [[94mControllerAndOtherEventHandler.cpp[0m:[95m239[0m [96moperator()[0m] Accepted new connection
[2026-09-01 06:17:45.722] [info] [[94mHttpSession.cpp[0m:[95m96[0m [96mhandleRequest[0m] Got request: GET /ndt/get_graph_data
[2026-09-01 06:17:45.722] [info] [[94mHttpSession.cpp[0m:[95m531[0m [96mhandleGetGraphData[0m] Handle Get Graph Data
[2026-09-01 06:17:45.740] [info] [[94mHttpSession.cpp[0m:[95m576[0m [96mhandleGetGraphData[0m] get_graph_data success
[2026-09-01 06:17:45.971] [info] [[94mControllerAndOtherEventHandler.cpp[0m:[95m239[0m [96moperator()[0m] Accepted new connection
[2026-09-01 06:17:45.971] [info] [[94mHttpSession.cpp[0m:[95m96[0m [96mhandleRequest[0m] Got request: GET /ndt/get_graph_data
[2026-09-01 06:17:45.971] [info] [[94mHttpSession.cpp[0m:[95m531[0m [96mhandleGetGraphData[0m] Handle Get Graph Data
[2026-09-01 06:17:45.986] [info] [[94mHttpSession.cpp[0m:[95m576[0m [96mhandleGetGraphData[0m] get_graph_data success
[2026-09-01 06:17:46.221] [info] [[94mControllerAndOtherEventHandler.cpp[0m:[95m239[0m [96moperator()[0m] Accepted new connection
[2026-09-01 06:17:46.222] [info] [[94mHttpSession.cpp[0m:[95m96[0m [96mhandleRequest[0m] Got request: GET /ndt/get_graph_data
[2026-09-01 06:17:46.222] [info] [[94mHttpSession.cpp[0m:[95m531[0m [96mhandleGetGraphData[0m] Handle Get Graph Data
[2026-09-01 06:17:46.241] [info] [[94mHttpSession.cpp[0m:[95m576[0m [96mhandleGetGraphData[0m] get_graph_data success
[2026-09-01 06:17:46.472] [info] [[94mControllerAndOtherEventHandler.cpp[0m:[95m239[0m [96moperator()[0m] Accepted new connection
[2026-09-01 06:17:46.472] [info] [[94mHttpSession.cpp[0m:[95m96[0m [96mhandleRequest[0m] Got request: GET /ndt/get_graph_data
[2026-09-01 06:17:46.472] [info] [[94mHttpSession.cpp[0m:[95m531[0m [96mhandleGetGraphData[0m] Handle Get Graph Data
[2026-09-01 06:17:46.492] [info] [[94mHttpSession.cpp[0m:[95m576[0m [96mhandleGetGraphData[0m] get_graph_data success
[2026-09-01 06:17:46.722] [info] [[94mControllerAndOtherEventHandler.cpp[0m:[95m239[0m [96moperator()[0m] Accepted new connection
[2026-09-01 06:17:46.722] [info] [[94mHttpSession.cpp[0m:[95m96[0m [96mhandleRequest[0m] Got request: GET /ndt/get_graph_data
[2026-09-01 06:17:46.722] [info] [[94mHttpSession.cpp[0m:[95m531[0m [96mhandleGetGraphData[0m] Handle Get Graph Data
[2026-09-01 06:17:46.739] [info] [[94mHttpSession.cpp[0m:[95m576[0m [96mhandleGetGraphData[0m] get_graph_data success
[2026-09-01 06:17:46.972] [info] [[94mControllerAndOtherEventHandler.cpp[0m:[95m239[0m [96moperator()[0m] Accepted new connection
[2026-09-01 06:17:46.972] [info] [[94mHttpSession.cpp[0m:[95m96[0m [96mhandleRequest[0m] Got request: GET /ndt/get_graph_data
[2026-09-01 06:17:46.972] [info] [[94mHttpSession.cpp[0m:[95m531[0m [96mhandleGetGraphData[0m] Handle Get Graph Data
[2026-09-01 06:17:46.987] [info] [[94mHttpSession.cpp[0m:[95m576[0m [96mhandleGetGraphData[0m] get_graph_data success
[2026-09-01 06:17:47.221] [info] [[94mControllerAndOtherEventHandler.cpp[0m:[95m239[0m [96moperator()[0m] Accepted new connection
[2026-09-01 06:17:47.221] [info] [[94mHttpSession.cpp[0m:[95m96[0m [96mhandleRequest[0m] Got request: GET /ndt/get_graph_data
[2026-09-01 06:17:47.221] [info] [[94mHttpSession.cpp[0m:[95m531[0m [96mhandleGetGraphData[0m] Handle Get Graph Data
[2026-09-01 06:17:47.241] [info] [[94mHttpSession.cpp[0m:[95m576[0m [96mhandleGetGraphData[0m] get_graph_data success
[2026-09-01 06:17:47.472] [info] [[94mControllerAndOtherEventHandler.cpp[0m:[95m239[0m [96moperator()[0m] Accepted new connection
[2026-09-01 06:17:47.472] [info] [[94mHttpSession.cpp[0m:[95m96[0m [96mhandleRequest[0m] Got request: GET /ndt/get_graph_data
[2026-09-01 06:17:47.472] [info] [[94mHttpSession.cpp[0m:[95m531[0m [96mhandleGetGraphData[0m] Handle Get Graph Data
[2026-09-01 06:17:47.490] [info] [[94mHttpSession.cpp[0m:[95m576[0m [96mhandleGetGraphData[0m] get_graph_data success
[2026-09-01 06:17:47.722] [info] [[94mControllerAndOtherEventHandler.cpp[0m:[95m239[0m [96moperator()[0m] Accepted new connection
[2026-09-01 06:17:47.723] [info] [[94mHttpSession.cpp[0m:[95m96[0m [96mhandleRequest[0m] Got request: GET /ndt/get_graph_data
[2026-09-01 06:17:47.723] [info] [[94mHttpSession.cpp[0m:[95m531[0m [96mhandleGetGraphData[0m] Handle Get Graph Data
[2026-09-01 06:17:47.739] [info] [[94mHttpSession.cpp[0m:[95m576[0m [96mhandleGetGraphData[0m] get_graph_data success
[2026-09-01 06:17:47.972] [info] [[94mControllerAndOtherEventHandler.cpp[0m:[95m239[0m [96moperator()[0m] Accepted new connection
[2026-09-01 06:17:47.972] [info] [[94mHttpSession.cpp[0m:[95m96[0m [96mhandleRequest[0m] Got request: GET /ndt/get_graph_data
[2026-09-01 06:17:47.972] [info] [[94mHttpSession.cpp[0m:[95m531[0m [96mhandleGetGraphData[0m] Handle Get Graph Data
[2026-09-01 06:17:47.991] [info] [[94mHttpSession.cpp[0m:[95m576[0m [96mhandleGetGraphData[0m] get_graph_data success
[2026-09-01 06:17:48.222] [info] [[94mControllerAndOtherEventHandler.cpp[0m:[95m239[0m [96moperator()[0m] Accepted new connection
[2026-09-01 06:17:48.222] [info] [[94mHttpSession.cpp[0m:[95m96[0m [96mhandleRequest[0m] Got request: GET /ndt/get_graph_data
[2026-09-01 06:17:48.222] [info] [[94mHttpSession.cpp[0m:[95m531[0m [96mhandleGetGraphData[0m] Handle Get Graph Data
[2026-09-01 06:17:48.242] [info] [[94mHttpSession.cpp[0m:[95m576[0m [96mhandleGetGraphData[0m] get_graph_data success
[2026-09-01 06:17:48.473] [info] [[94mControllerAndOtherEventHandler.cpp[0m:[95m239[0m [96moperator()[0m] Accepted new connection
[2026-09-01 06:17:48.473] [info] [[94mHttpSession.cpp[0m:[95m96[0m [96mhandleRequest[0m] Got request: GET /ndt/get_graph_data
[2026-09-01 06:17:48.473] [info] [[94mHttpSession.cpp[0m:[95m531[0m [96mhandleGetGraphData[0m] Handle Get Graph Data
[2026-09-01 06:17:48.493] [info] [[94mHttpSession.cpp[0m:[95m576[0m [96mhandleGetGraphData[0m] get_graph_data success
[2026-09-01 06:17:48.723] [info] [[94mControllerAndOtherEventHandler.cpp[0m:[95m239[0m [96moperator()[0m] Accepted new connection
[2026-09-01 06:17:48.723] [info] [[94mHttpSession.cpp[0m:[95m96[0m [96mhandleRequest[0m] Got request: GET /ndt/get_graph_data
[2026-09-01 06:17:48.723] [info] [[94mHttpSession.cpp[0m:[95m531[0m [96mhandleGetGraphData[0m] Handle Get Graph Data
[2026-09-01 06:17:48.742] [info] [[94mHttpSession.cpp[0m:[95m576[0m [96mhandleGetGraphData[0m] get_graph_data success
[2026-09-01 06:17:48.973] [info] [[94mControllerAndOtherEventHandler.cpp[0m:[95m239[0m [96moperator()[0m] Accepted new connection
[2026-09-01 06:17:48.973] [info] [[94mHttpSession.cpp[0m:[95m96[0m [96mhandleRequest[0m] Got request: GET /ndt/get_graph_data
[2026-09-01 06:17:48.973] [info] [[94mHttpSession.cpp[0m:[95m531[0m [96mhandleGetGraphData[0m] Handle Get Graph Data
[2026-09-01 06:17:48.993] [info] [[94mHttpSession.cpp[0m:[95m576[0m [96mhandleGetGraphData[0m] get_graph_data success
[2026-09-01 06:17:49.222] [info] [[94mControllerAndOtherEventHandler.cpp[0m:[95m239[0m [96moperator()[0m] Accepted new connection
[2026-09-01 06:17:49.223] [info] [[94mHttpSession.cpp[0m:[95m96[0m [96mhandleRequest[0m] Got request: GET /ndt/get_graph_data
[2026-09-01 06:17:49.223] [info] [[94mHttpSession.cpp[0m:[95m531[0m [96mhandleGetGraphData[0m] Handle Get Graph Data
[2026-09-01 06:17:49.238] [info] [[94mHttpSession.cpp[0m:[95m576[0m [96mhandleGetGraphData[0m] get_graph_data success
[2026-09-01 06:17:49.472] [info] [[94mControllerAndOtherEventHandler.cpp[0m:[95m239[0m [96moperator()[0m] Accepted new connection
[2026-09-01 06:17:49.472] [info] [[94mHttpSession.cpp[0m:[95m96[0m [96mhandleRequest[0m] Got request: GET /ndt/get_graph_data
[2026-09-01 06:17:49.472] [info] [[94mHttpSession.cpp[0m:[95m531[0m [96mhandleGetGraphData[0m] Handle Get Graph Data
[2026-09-01 06:17:49.492] [info] [[94mHttpSession.cpp[0m:[95m576[0m [96mhandleGetGraphData[0m] get_graph_data success
[2026-09-01 06:17:49.723] [info] [[94mControllerAndOtherEventHandler.cpp[0m:[95m239[0m [96moperator()[0m] Accepted new connection
[2026-09-01 06:17:49.723] [info] [[94mHttpSession.cpp[0m:[95m96[0m [96mhandleRequest[0m] Got request: GET /ndt/get_graph_data
[2026-09-01 06:17:49.723] [info] [[94mHttpSession.cpp[0m:[95m531[0m [96mhandleGetGraphData[0m] Handle Get Graph Data
[2026-09-01 06:17:49.740] [info] [[94mHttpSession.cpp[0m:[95m576[0m [96mhandleGetGraphData[0m] get_graph_data success
[2026-09-01 06:17:49.973] [info] [[94mControllerAndOtherEventHandler.cpp[0m:[95m239[0m [96moperator()[0m] Accepted new connection
[2026-09-01 06:17:49.973] [info] [[94mHttpSession.cpp[0m:[95m96[0m [96mhandleRequest[0m] Got request: GET /ndt/get_graph_data
[2026-09-01 06:17:49.973] [info] [[94mHttpSession.cpp[0m:[95m531[0m [96mhandleGetGraphData[0m] Handle Get Graph Data
[2026-09-01 06:17:49.987] [info] [[94mHttpSession.cpp[0m:[95m576[0m [96mhandleGetGraphData[0m] get_graph_data success
[2026-09-01 06:17:50.222] [info] [[94mControllerAndOtherEventHandler.cpp[0m:[95m239[0m [96moperator()[0m] Accepted new connection
[2026-09-01 06:17:50.223] [info] [[94mHttpSession.cpp[0m:[95m96[0m [96mhandleRequest[0m] Got request: GET /ndt/get_graph_data
[2026-09-01 06:17:50.223] [info] [[94mHttpSession.cpp[0m:[95m531[0m [96mhandleGetGraphData[0m] Handle Get Graph Data
[2026-09-01 06:17:50.236] [info] [[94mHttpSession.cpp[0m:[95m576[0m [96mhandleGetGraphData[0m] get_graph_data success
[2026-09-01 06:17:50.473] [info] [[94mControllerAndOtherEventHandler.cpp[0m:[95m239[0m [96moperator()[0m] Accepted new connection
[2026-09-01 06:17:50.473] [info] [[94mHttpSession.cpp[0m:[95m96[0m [96mhandleRequest[0m] Got request: GET /ndt/get_graph_data
[2026-09-01 06:17:50.473] [info] [[94mHttpSession.cpp[0m:[95m531[0m [96mhandleGetGraphData[0m] Handle Get Graph Data
[2026-09-01 06:17:50.489] [info] [[94mHttpSession.cpp[0m:[95m576[0m [96mhandleGetGraphData[0m] get_graph_data success
[2026-09-01 06:17:50.723] [info] [[94mControllerAndOtherEventHandler.cpp[0m:[95m239[0m [96moperator()[0m] Accepted new connection
[2026-09-01 06:17:50.723] [info] [[94mHttpSession.cpp[0m:[95m96[0m [96mhandleRequest[0m] Got request: GET /ndt/get_graph_data
[2026-09-01 06:17:50.723] [info] [[94mHttpSession.cpp[0m:[95m531[0m [96mhandleGetGraphData[0m] Handle Get Graph Data
[2026-09-01 06:17:50.739] [info] [[94mHttpSession.cpp[0m:[95m576[0m [96mhandleGetGraphData[0m] get_graph_data success
[2026-09-01 06:17:50.973] [info] [[94mControllerAndOtherEventHandler.cpp[0m:[95m239[0m [96moperator()[0m] Accepted new connection
[2026-09-01 06:17:50.973] [info] [[94mHttpSession.cpp[0m:[95m96[0m [96mhandleRequest[0m] Got request: GET /ndt/get_graph_data
[2026-09-01 06:17:50.973] [info] [[94mHttpSession.cpp[0m:[95m531[0m [96mhandleGetGraphData[0m] Handle Get Graph Data
[2026-09-01 06:17:50.991] [info] [[94mHttpSession.cpp[0m:[95m576[0m [96mhandleGetGraphData[0m] get_graph_data success
[2026-09-01 06:17:51.223] [info] [[94mControllerAndOtherEventHandler.cpp[0m:[95m239[0m [96moperator()[0m] Accepted new connection
[2026-09-01 06:17:51.223] [info] [[94mHttpSession.cpp[0m:[95m96[0m [96mhandleRequest[0m] Got request: GET /ndt/get_graph_data
[2026-09-01 06:17:51.223] [info] [[94mHttpSession.cpp[0m:[95m531[0m [96mhandleGetGraphData[0m] Handle Get Graph Data
[2026-09-01 06:17:51.240] [info] [[94mHttpSession.cpp[0m:[95m576[0m [96mhandleGetGraphData[0m] get_graph_data success
[2026-09-01 06:17:51.473] [info] [[94mControllerAndOtherEventHandler.cpp[0m:[95m239[0m [96moperator()[0m] Accepted new connection
[2026-09-01 06:17:51.474] [info] [[94mHttpSession.cpp[0m:[95m96[0m [96mhandleRequest[0m] Got request: GET /ndt/get_graph_data
[2026-09-01 06:17:51.474] [info] [[94mHttpSession.cpp[0m:[95m531[0m [96mhandleGetGraphData[0m] Handle Get Graph Data
[2026-09-01 06:17:51.493] [info] [[94mHttpSession.cpp[0m:[95m576[0m [96mhandleGetGraphData[0m] get_graph_data success
[2026-09-01 06:17:51.724] [info] [[94mControllerAndOtherEventHandler.cpp[0m:[95m239[0m [96moperator()[0m] Accepted new connection
[2026-09-01 06:17:51.724] [info] [[94mHttpSession.cpp[0m:[95m96[0m [96mhandleRequest[0m] Got request: GET /ndt/get_graph_data
[2026-09-01 06:17:51.724] [info] [[94mHttpSession.cpp[0m:[95m531[0m [96mhandleGetGraphData[0m] Handle Get Graph Data
[2026-09-01 06:17:51.743] [info] [[94mHttpSession.cpp[0m:[95m576[0m [96mhandleGetGraphData[0m] get_graph_data success
[2026-09-01 06:17:51.974] [info] [[94mControllerAndOtherEventHandler.cpp[0m:[95m239[0m [96moperator()[0m] Accepted new connection
[2026-09-01 06:17:51.974] [info] [[94mHttpSession.cpp[0m:[95m96[0m [96mhandleRequest[0m] Got request: GET /ndt/get_graph_data
[2026-09-01 06:17:51.974] [info] [[94mHttpSession.cpp[0m:[95m531[0m [96mhandleGetGraphData[0m] Handle Get Graph Data
[2026-09-01 06:17:51.989] [info] [[94mHttpSession.cpp[0m:[95m576[0m [96mhandleGetGraphData[0m] get_graph_data success
[2026-09-01 06:17:52.223] [info] [[94mControllerAndOtherEventHandler.cpp[0m:[95m239[0m [96moperator()[0m] Accepted new connection
[2026-09-01 06:17:52.223] [info] [[94mHttpSession.cpp[0m:[95m96[0m [96mhandleRequest[0m] Got request: GET /ndt/get_graph_data
[2026-09-01 06:17:52.223] [info] [[94mHttpSession.cpp[0m:[95m531[0m [96mhandleGetGraphData[0m] Handle Get Graph Data
[2026-09-01 06:17:52.238] [info] [[94mHttpSession.cpp[0m:[95m576[0m [96mhandleGetGraphData[0m] get_graph_data success
[2026-09-01 06:17:52.473] [info] [[94mControllerAndOtherEventHandler.cpp[0m:[95m239[0m [96moperator()[0m] Accepted new connection
[2026-09-01 06:17:52.473] [info] [[94mHttpSession.cpp[0m:[95m96[0m [96mhandleRequest[0m] Got request: GET /ndt/get_graph_data
[2026-09-01 06:17:52.473] [info] [[94mHttpSession.cpp[0m:[95m531[0m [96mhandleGetGraphData[0m] Handle Get Graph Data
[2026-09-01 06:17:52.492] [info] [[94mHttpSession.cpp[0m:[95m576[0m [96mhandleGetGraphData[0m] get_graph_data success
[2026-09-01 06:17:52.724] [info] [[94mControllerAndOtherEventHandler.cpp[0m:[95m239[0m [96moperator()[0m] Accepted new connection
[2026-09-01 06:17:52.724] [info] [[94mHttpSession.cpp[0m:[95m96[0m [96mhandleRequest[0m] Got request: GET /ndt/get_graph_data
[2026-09-01 06:17:52.724] [info] [[94mHttpSession.cpp[0m:[95m531[0m [96mhandleGetGraphData[0m] Handle Get Graph Data
[2026-09-01 06:17:52.742] [info] [[94mHttpSession.cpp[0m:[95m576[0m [96mhandleGetGraphData[0m] get_graph_data success
[2026-09-01 06:17:52.974] [info] [[94mControllerAndOtherEventHandler.cpp[0m:[95m239[0m [96moperator()[0m] Accepted new connection
[2026-09-01 06:17:52.974] [info] [[94mHttpSession.cpp[0m:[95m96[0m [96mhandleRequest[0m] Got request: GET /ndt/get_graph_data
[2026-09-01 06:17:52.974] [info] [[94mHttpSession.cpp[0m:[95m531[0m [96mhandleGetGraphData[0m] Handle Get Graph Data
[2026-09-01 06:17:52.993] [info] [[94mHttpSession.cpp[0m:[95m576[0m [96mhandleGetGraphData[0m] get_graph_data success
[2026-09-01 06:17:53.223] [info] [[94mControllerAndOtherEventHandler.cpp[0m:[95m239[0m [96moperator()[0m] Accepted new connection
[2026-09-01 06:17:53.224] [info] [[94mHttpSession.cpp[0m:[95m96[0m [96mhandleRequest[0m] Got request: GET /ndt/get_graph_data
[2026-09-01 06:17:53.224] [info] [[94mHttpSession.cpp[0m:[95m531[0m [96mhandleGetGraphData[0m] Handle Get Graph Data
[2026-09-01 06:17:53.237] [info] [[94mHttpSession.cpp[0m:[95m576[0m [96mhandleGetGraphData[0m] get_graph_data success
[2026-09-01 06:17:53.474] [info] [[94mControllerAndOtherEventHandler.cpp[0m:[95m239[0m [96moperator()[0m] Accepted new connection
[2026-09-01 06:17:53.474] [info] [[94mHttpSession.cpp[0m:[95m96[0m [96mhandleRequest[0m] Got request: GET /ndt/get_graph_data
[2026-09-01 06:17:53.474] [info] [[94mHttpSession.cpp[0m:[95m531[0m [96mhandleGetGraphData[0m] Handle Get Graph Data
[2026-09-01 06:17:53.493] [info] [[94mHttpSession.cpp[0m:[95m576[0m [96mhandleGetGraphData[0m] get_graph_data success
[2026-09-01 06:17:53.724] [info] [[94mControllerAndOtherEventHandler.cpp[0m:[95m239[0m [96moperator()[0m] Accepted new connection
[2026-09-01 06:17:53.724] [info] [[94mHttpSession.cpp[0m:[95m96[0m [96mhandleRequest[0m] Got request: GET /ndt/get_graph_data
[2026-09-01 06:17:53.724] [info] [[94mHttpSession.cpp[0m:[95m531[0m [96mhandleGetGraphData[0m] Handle Get Graph Data
[2026-09-01 06:17:53.744] [info] [[94mHttpSession.cpp[0m:[95m576[0m [96mhandleGetGraphData[0m] get_graph_data success
[2026-09-01 06:17:53.974] [info] [[94mControllerAndOtherEventHandler.cpp[0m:[95m239[0m [96moperator()[0m] Accepted new connection
[2026-09-01 06:17:53.975] [info] [[94mHttpSession.cpp[0m:[95m96[0m [96mhandleRequest[0m] Got request: GET /ndt/get_graph_data
[2026-09-01 06:17:53.975] [info] [[94mHttpSession.cpp[0m:[95m531[0m [96mhandleGetGraphData[0m] Handle Get Graph Data
[2026-09-01 06:17:53.994] [info] [[94mHttpSession.cpp[0m:[95m576[0m [96mhandleGetGraphData[0m] get_graph_data success
[2026-09-01 06:17:54.224] [info] [[94mControllerAndOtherEventHandler.cpp[0m:[95m239[0m [96moperator()[0m] Accepted new connection
[2026-09-01 06:17:54.224] [info] [[94mHttpSession.cpp[0m:[95m96[0m [96mhandleRequest[0m] Got request: GET /ndt/get_graph_data
[2026-09-01 06:17:54.224] [info] [[94mHttpSession.cpp[0m:[95m531[0m [96mhandleGetGraphData[0m] Handle Get Graph Data
[2026-09-01 06:17:54.244] [info] [[94mHttpSession.cpp[0m:[95m576[0m [96mhandleGetGraphData[0m] get_graph_data success
[2026-09-01 06:17:54.474] [info] [[94mControllerAndOtherEventHandler.cpp[0m:[95m239[0m [96moperator()[0m] Accepted new connection
[2026-09-01 06:17:54.474] [info] [[94mHttpSession.cpp[0m:[95m96[0m [96mhandleRequest[0m] Got request: GET /ndt/get_graph_data
[2026-09-01 06:17:54.474] [info] [[94mHttpSession.cpp[0m:[95m531[0m [96mhandleGetGraphData[0m] Handle Get Graph Data
[2026-09-01 06:17:54.488] [info] [[94mHttpSession.cpp[0m:[95m576[0m [96mhandleGetGraphData[0m] get_graph_data success
[2026-09-01 06:17:54.724] [info] [[94mControllerAndOtherEventHandler.cpp[0m:[95m239[0m [96moperator()[0m] Accepted new connection
[2026-09-01 06:17:54.724] [info] [[94mHttpSession.cpp[0m:[95m96[0m [96mhandleRequest[0m] Got request: GET /ndt/get_graph_data
[2026-09-01 06:17:54.724] [info] [[94mHttpSession.cpp[0m:[95m531[0m [96mhandleGetGraphData[0m] Handle Get Graph Data
[2026-09-01 06:17:54.744] [info] [[94mHttpSession.cpp[0m:[95m576[0m [96mhandleGetGraphData[0m] get_graph_data success
[2026-09-01 06:17:54.975] [info] [[94mControllerAndOtherEventHandler.cpp[0m:[95m239[0m [96moperator()[0m] Accepted new connection
[2026-09-01 06:17:54.975] [info] [[94mHttpSession.cpp[0m:[95m96[0m [96mhandleRequest[0m] Got request: GET /ndt/get_graph_data
[2026-09-01 06:17:54.975] [info] [[94mHttpSession.cpp[0m:[95m531[0m [96mhandleGetGraphData[0m] Handle Get Graph Data
[2026-09-01 06:17:54.992] [info] [[94mHttpSession.cpp[0m:[95m576[0m [96mhandleGetGraphData[0m] get_graph_data success
[2026-09-01 06:17:55.224] [info] [[94mControllerAndOtherEventHandler.cpp[0m:[95m239[0m [96moperator()[0m] Accepted new connection
[2026-09-01 06:17:55.224] [info] [[94mHttpSession.cpp[0m:[95m96[0m [96mhandleRequest[0m] Got request: GET /ndt/get_graph_data
[2026-09-01 06:17:55.224] [info] [[94mHttpSession.cpp[0m:[95m531[0m [96mhandleGetGraphData[0m] Handle Get Graph Data
[2026-09-01 06:17:55.241] [info] [[94mHttpSession.cpp[0m:[95m576[0m [96mhandleGetGraphData[0m] get_graph_data success
[2026-09-01 06:17:55.474] [info] [[94mControllerAndOtherEventHandler.cpp[0m:[95m239[0m [96moperator()[0m] Accepted new connection
[2026-09-01 06:17:55.474] [info] [[94mHttpSession.cpp[0m:[95m96[0m [96mhandleRequest[0m] Got request: GET /ndt/get_graph_data
[2026-09-01 06:17:55.474] [info] [[94mHttpSession.cpp[0m:[95m531[0m [96mhandleGetGraphData[0m] Handle Get Graph Data
[2026-09-01 06:17:55.491] [info] [[94mHttpSession.cpp[0m:[95m576[0m [96mhandleGetGraphData[0m] get_graph_data success
[2026-09-01 06:17:55.724] [info] [[94mControllerAndOtherEventHandler.cpp[0m:[95m239[0m [96moperator()[0m] Accepted new connection
[2026-09-01 06:17:55.724] [info] [[94mHttpSession.cpp[0m:[95m96[0m [96mhandleRequest[0m] Got request: GET /ndt/get_graph_data
[2026-09-01 06:17:55.724] [info] [[94mHttpSession.cpp[0m:[95m531[0m [96mhandleGetGraphData[0m] Handle Get Graph Data
[2026-09-01 06:17:55.738] [info] [[94mHttpSession.cpp[0m:[95m576[0m [96mhandleGetGraphData[0m] get_graph_data success
[2026-09-01 06:17:55.974] [info] [[94mControllerAndOtherEventHandler.cpp[0m:[95m239[0m [96moperator()[0m] Accepted new connection
[2026-09-01 06:17:55.974] [info] [[94mHttpSession.cpp[0m:[95m96[0m [96mhandleRequest[0m] Got request: GET /ndt/get_graph_data
[2026-09-01 06:17:55.974] [info] [[94mHttpSession.cpp[0m:[95m531[0m [96mhandleGetGraphData[0m] Handle Get Graph Data
[2026-09-01 06:17:55.993] [info] [[94mHttpSession.cpp[0m:[95m576[0m [96mhandleGetGraphData[0m] get_graph_data success
[2026-09-01 06:17:56.224] [info] [[94mControllerAndOtherEventHandler.cpp[0m:[95m239[0m [96moperator()[0m] Accepted new connection
[2026-09-01 06:17:56.225] [info] [[94mHttpSession.cpp[0m:[95m96[0m [96mhandleRequest[0m] Got request: GET /ndt/get_graph_data
[2026-09-01 06:17:56.225] [info] [[94mHttpSession.cpp[0m:[95m531[0m [96mhandleGetGraphData[0m] Handle Get Graph Data
[2026-09-01 06:17:56.239] [info] [[94mHttpSession.cpp[0m:[95m576[0m [96mhandleGetGraphData[0m] get_graph_data success
[2026-09-01 06:17:56.475] [info] [[94mControllerAndOtherEventHandler.cpp[0m:[95m239[0m [96moperator()[0m] Accepted new connection
[2026-09-01 06:17:56.475] [info] [[94mHttpSession.cpp[0m:[95m96[0m [96mhandleRequest[0m] Got request: GET /ndt/get_graph_data
[2026-09-01 06:17:56.475] [info] [[94mHttpSession.cpp[0m:[95m531[0m [96mhandleGetGraphData[0m] Handle Get Graph Data
[2026-09-01 06:17:56.494] [info] [[94mHttpSession.cpp[0m:[95m576[0m [96mhandleGetGraphData[0m] get_graph_data success
[2026-09-01 06:17:56.725] [info] [[94mControllerAndOtherEventHandler.cpp[0m:[95m239[0m [96moperator()[0m] Accepted new connection
[2026-09-01 06:17:56.725] [info] [[94mHttpSession.cpp[0m:[95m96[0m [96mhandleRequest[0m] Got request: GET /ndt/get_graph_data
[2026-09-01 06:17:56.725] [info] [[94mHttpSession.cpp[0m:[95m531[0m [96mhandleGetGraphData[0m] Handle Get Graph Data
[2026-09-01 06:17:56.745] [info] [[94mHttpSession.cpp[0m:[95m576[0m [96mhandleGetGraphData[0m] get_graph_data success
[2026-09-01 06:17:56.975] [info] [[94mControllerAndOtherEventHandler.cpp[0m:[95m239[0m [96moperator()[0m] Accepted new connection
[2026-09-01 06:17:56.975] [info] [[94mHttpSession.cpp[0m:[95m96[0m [96mhandleRequest[0m] Got request: GET /ndt/get_graph_data
[2026-09-01 06:17:56.975] [info] [[94mHttpSession.cpp[0m:[95m531[0m [96mhandleGetGraphData[0m] Handle Get Graph Data
[2026-09-01 06:17:56.988] [info] [[94mHttpSession.cpp[0m:[95m576[0m [96mhandleGetGraphData[0m] get_graph_data success
[2026-09-01 06:17:57.224] [info] [[94mControllerAndOtherEventHandler.cpp[0m:[95m239[0m [96moperator()[0m] Accepted new connection
[2026-09-01 06:17:57.225] [info] [[94mHttpSession.cpp[0m:[95m96[0m [96mhandleRequest[0m] Got request: GET /ndt/get_graph_data
[2026-09-01 06:17:57.225] [info] [[94mHttpSession.cpp[0m:[95m531[0m [96mhandleGetGraphData[0m] Handle Get Graph Data
[2026-09-01 06:17:57.238] [info] [[94mHttpSession.cpp[0m:[95m576[0m [96mhandleGetGraphData[0m] get_graph_data success
[2026-09-01 06:17:57.475] [info] [[94mControllerAndOtherEventHandler.cpp[0m:[95m239[0m [96moperator()[0m] Accepted new connection
[2026-09-01 06:17:57.476] [info] [[94mHttpSession.cpp[0m:[95m96[0m [96mhandleRequest[0m] Got request: GET /ndt/get_graph_data
[2026-09-01 06:17:57.476] [info] [[94mHttpSession.cpp[0m:[95m531[0m [96mhandleGetGraphData[0m] Handle Get Graph Data
[2026-09-01 06:17:57.492] [info] [[94mHttpSession.cpp[0m:[95m576[0m [96mhandleGetGraphData[0m] get_graph_data success
[2026-09-01 06:17:57.725] [info] [[94mControllerAndOtherEventHandler.cpp[0m:[95m239[0m [96moperator()[0m] Accepted new connection
[2026-09-01 06:17:57.726] [info] [[94mHttpSession.cpp[0m:[95m96[0m [96mhandleRequest[0m] Got request: GET /ndt/get_graph_data
[2026-09-01 06:17:57.726] [info] [[94mHttpSession.cpp[0m:[95m531[0m [96mhandleGetGraphData[0m] Handle Get Graph Data
[2026-09-01 06:17:57.744] [info] [[94mHttpSession.cpp[0m:[95m576[0m [96mhandleGetGraphData[0m] get_graph_data success
[2026-09-01 06:17:57.975] [info] [[94mControllerAndOtherEventHandler.cpp[0m:[95m239[0m [96moperator()[0m] Accepted new connection
[2026-09-01 06:17:57.976] [info] [[94mHttpSession.cpp[0m:[95m96[0m [96mhandleRequest[0m] Got request: GET /ndt/get_graph_data
[2026-09-01 06:17:57.976] [info] [[94mHttpSession.cpp[0m:[95m531[0m [96mhandleGetGraphData[0m] Handle Get Graph Data
[2026-09-01 06:17:57.994] [info] [[94mHttpSession.cpp[0m:[95m576[0m [96mhandleGetGraphData[0m] get_graph_data success
[2026-09-01 06:17:58.226] [info] [[94mControllerAndOtherEventHandler.cpp[0m:[95m239[0m [96moperator()[0m] Accepted new connection
[2026-09-01 06:17:58.226] [info] [[94mHttpSession.cpp[0m:[95m96[0m [96mhandleRequest[0m] Got request: GET /ndt/get_graph_data
[2026-09-01 06:17:58.226] [info] [[94mHttpSession.cpp[0m:[95m531[0m [96mhandleGetGraphData[0m] Handle Get Graph Data
[2026-09-01 06:17:58.239] [info] [[94mHttpSession.cpp[0m:[95m576[0m [96mhandleGetGraphData[0m] get_graph_data success
[2026-09-01 06:17:58.476] [info] [[94mControllerAndOtherEventHandler.cpp[0m:[95m239[0m [96moperator()[0m] Accepted new connection
[2026-09-01 06:17:58.476] [info] [[94mHttpSession.cpp[0m:[95m96[0m [96mhandleRequest[0m] Got request: GET /ndt/get_graph_data
[2026-09-01 06:17:58.476] [info] [[94mHttpSession.cpp[0m:[95m531[0m [96mhandleGetGraphData[0m] Handle Get Graph Data
[2026-09-01 06:17:58.495] [info] [[94mHttpSession.cpp[0m:[95m576[0m [96mhandleGetGraphData[0m] get_graph_data success
[2026-09-01 06:17:58.725] [info] [[94mControllerAndOtherEventHandler.cpp[0m:[95m239[0m [96moperator()[0m] Accepted new connection
[2026-09-01 06:17:58.725] [info] [[94mHttpSession.cpp[0m:[95m96[0m [96mhandleRequest[0m] Got request: GET /ndt/get_graph_data
[2026-09-01 06:17:58.725] [info] [[94mHttpSession.cpp[0m:[95m531[0m [96mhandleGetGraphData[0m] Handle Get Graph Data
[2026-09-01 06:17:58.738] [info] [[94mHttpSession.cpp[0m:[95m576[0m [96mhandleGetGraphData[0m] get_graph_data success
[2026-09-01 06:17:58.976] [info] [[94mControllerAndOtherEventHandler.cpp[0m:[95m239[0m [96moperator()[0m] Accepted new connection
[2026-09-01 06:17:58.976] [info] [[94mHttpSession.cpp[0m:[95m96[0m [96mhandleRequest[0m] Got request: GET /ndt/get_graph_data
[2026-09-01 06:17:58.976] [info] [[94mHttpSession.cpp[0m:[95m531[0m [96mhandleGetGraphData[0m] Handle Get Graph Data
[2026-09-01 06:17:58.988] [info] [[94mHttpSession.cpp[0m:[95m576[0m [96mhandleGetGraphData[0m] get_graph_data success
[2026-09-01 06:17:59.225] [info] [[94mControllerAndOtherEventHandler.cpp[0m:[95m239[0m [96moperator()[0m] Accepted new connection
[2026-09-01 06:17:59.225] [info] [[94mHttpSession.cpp[0m:[95m96[0m [96mhandleRequest[0m] Got request: GET /ndt/get_graph_data
[2026-09-01 06:17:59.225] [info] [[94mHttpSession.cpp[0m:[95m531[0m [96mhandleGetGraphData[0m] Handle Get Graph Data
[2026-09-01 06:17:59.244] [info] [[94mHttpSession.cpp[0m:[95m576[0m [96mhandleGetGraphData[0m] get_graph_data success
[2026-09-01 06:17:59.475] [info] [[94mControllerAndOtherEventHandler.cpp[0m:[95m239[0m [96moperator()[0m] Accepted new connection
[2026-09-01 06:17:59.476] [info] [[94mHttpSession.cpp[0m:[95m96[0m [96mhandleRequest[0m] Got request: GET /ndt/get_graph_data
[2026-09-01 06:17:59.476] [info] [[94mHttpSession.cpp[0m:[95m531[0m [96mhandleGetGraphData[0m] Handle Get Graph Data
[2026-09-01 06:17:59.494] [info] [[94mHttpSession.cpp[0m:[95m576[0m [96mhandleGetGraphData[0m] get_graph_data success
[2026-09-01 06:17:59.726] [info] [[94mControllerAndOtherEventHandler.cpp[0m:[95m239[0m [96moperator()[0m] Accepted new connection
[2026-09-01 06:17:59.726] [info] [[94mHttpSession.cpp[0m:[95m96[0m [96mhandleRequest[0m] Got request: GET /ndt/get_graph_data
[2026-09-01 06:17:59.726] [info] [[94mHttpSession.cpp[0m:[95m531[0m [96mhandleGetGraphData[0m] Handle Get Graph Data
[2026-09-01 06:17:59.741] [info] [[94mHttpSession.cpp[0m:[95m576[0m [96mhandleGetGraphData[0m] get_graph_data success
[2026-09-01 06:17:59.976] [info] [[94mControllerAndOtherEventHandler.cpp[0m:[95m239[0m [96moperator()[0m] Accepted new connection
[2026-09-01 06:17:59.976] [info] [[94mHttpSession.cpp[0m:[95m96[0m [96mhandleRequest[0m] Got request: GET /ndt/get_graph_data
[2026-09-01 06:17:59.976] [info] [[94mHttpSession.cpp[0m:[95m531[0m [96mhandleGetGraphData[0m] Handle Get Graph Data
[2026-09-01 06:17:59.993] [info] [[94mHttpSession.cpp[0m:[95m576[0m [96mhandleGetGraphData[0m] get_graph_data success
[2026-09-01 06:18:00.226] [info] [[94mControllerAndOtherEventHandler.cpp[0m:[95m239[0m [96moperator()[0m] Accepted new connection
[2026-09-01 06:18:00.226] [info] [[94mHttpSession.cpp[0m:[95m96[0m [96mhandleRequest[0m] Got request: GET /ndt/get_graph_data
[2026-09-01 06:18:00.226] [info] [[94mHttpSession.cpp[0m:[95m531[0m [96mhandleGetGraphData[0m] Handle Get Graph Data
[2026-09-01 06:18:00.240] [info] [[94mHttpSession.cpp[0m:[95m576[0m [96mhandleGetGraphData[0m] get_graph_data success
[2026-09-01 06:18:00.476] [info] [[94mControllerAndOtherEventHandler.cpp[0m:[95m239[0m [96moperator()[0m] Accepted new connection
[2026-09-01 06:18:00.476] [info] [[94mHttpSession.cpp[0m:[95m96[0m [96mhandleRequest[0m] Got request: GET /ndt/get_graph_data
[2026-09-01 06:18:00.477] [info] [[94mHttpSession.cpp[0m:[95m531[0m [96mhandleGetGraphData[0m] Handle Get Graph Data
[2026-09-01 06:18:00.495] [info] [[94mHttpSession.cpp[0m:[95m576[0m [96mhandleGetGraphData[0m] get_graph_data success
[2026-09-01 06:18:00.726] [info] [[94mControllerAndOtherEventHandler.cpp[0m:[95m239[0m [96moperator()[0m] Accepted new connection
[2026-09-01 06:18:00.726] [info] [[94mHttpSession.cpp[0m:[95m96[0m [96mhandleRequest[0m] Got request: GET /ndt/get_graph_data
[2026-09-01 06:18:00.726] [info] [[94mHttpSession.cpp[0m:[95m531[0m [96mhandleGetGraphData[0m] Handle Get Graph Data
[2026-09-01 06:18:00.743] [info] [[94mHttpSession.cpp[0m:[95m576[0m [96mhandleGetGraphData[0m] get_graph_data success
[2026-09-01 06:18:00.976] [info] [[94mControllerAndOtherEventHandler.cpp[0m:[95m239[0m [96moperator()[0m] Accepted new connection
[2026-09-01 06:18:00.976] [info] [[94mHttpSession.cpp[0m:[95m96[0m [96mhandleRequest[0m] Got request: GET /ndt/get_graph_data
[2026-09-01 06:18:00.976] [info] [[94mHttpSession.cpp[0m:[95m531[0m [96mhandleGetGraphData[0m] Handle Get Graph Data
[2026-09-01 06:18:00.989] [info] [[94mHttpSession.cpp[0m:[95m576[0m [96mhandleGetGraphData[0m] get_graph_data success
[2026-09-01 06:18:01.226] [info] [[94mControllerAndOtherEventHandler.cpp[0m:[95m239[0m [96moperator()[0m] Accepted new connection
[2026-09-01 06:18:01.226] [info] [[94mHttpSession.cpp[0m:[95m96[0m [96mhandleRequest[0m] Got request: GET /ndt/get_graph_data
[2026-09-01 06:18:01.226] [info] [[94mHttpSession.cpp[0m:[95m531[0m [96mhandleGetGraphData[0m] Handle Get Graph Data
[2026-09-01 06:18:01.240] [info] [[94mHttpSession.cpp[0m:[95m576[0m [96mhandleGetGraphData[0m] get_graph_data success
[2026-09-01 06:18:01.477] [info] [[94mControllerAndOtherEventHandler.cpp[0m:[95m239[0m [96moperator()[0m] Accepted new connection
[2026-09-01 06:18:01.477] [info] [[94mHttpSession.cpp[0m:[95m96[0m [96mhandleRequest[0m] Got request: GET /ndt/get_graph_data
[2026-09-01 06:18:01.477] [info] [[94mHttpSession.cpp[0m:[95m531[0m [96mhandleGetGraphData[0m] Handle Get Graph Data
[2026-09-01 06:18:01.494] [info] [[94mHttpSession.cpp[0m:[95m576[0m [96mhandleGetGraphData[0m] get_graph_data success
[2026-09-01 06:18:01.727] [info] [[94mControllerAndOtherEventHandler.cpp[0m:[95m239[0m [96moperator()[0m] Accepted new connection
[2026-09-01 06:18:01.727] [info] [[94mHttpSession.cpp[0m:[95m96[0m [96mhandleRequest[0m] Got request: GET /ndt/get_graph_data
[2026-09-01 06:18:01.727] [info] [[94mHttpSession.cpp[0m:[95m531[0m [96mhandleGetGraphData[0m] Handle Get Graph Data
[2026-09-01 06:18:01.745] [info] [[94mHttpSession.cpp[0m:[95m576[0m [96mhandleGetGraphData[0m] get_graph_data success
[2026-09-01 06:18:01.977] [info] [[94mControllerAndOtherEventHandler.cpp[0m:[95m239[0m [96moperator()[0m] Accepted new connection
[2026-09-01 06:18:01.977] [info] [[94mHttpSession.cpp[0m:[95m96[0m [96mhandleRequest[0m] Got request: GET /ndt/get_graph_data
[2026-09-01 06:18:01.977] [info] [[94mHttpSession.cpp[0m:[95m531[0m [96mhandleGetGraphData[0m] Handle Get Graph Data
[2026-09-01 06:18:01.996] [info] [[94mHttpSession.cpp[0m:[95m576[0m [96mhandleGetGraphData[0m] get_graph_data success
[2026-09-01 06:18:02.227] [info] [[94mControllerAndOtherEventHandler.cpp[0m:[95m239[0m [96moperator()[0m] Accepted new connection
[2026-09-01 06:18:02.227] [info] [[94mHttpSession.cpp[0m:[95m96[0m [96mhandleRequest[0m] Got request: GET /ndt/get_graph_data
[2026-09-01 06:18:02.227] [info] [[94mHttpSession.cpp[0m:[95m531[0m [96mhandleGetGraphData[0m] Handle Get Graph Data
[2026-09-01 06:18:02.244] [info] [[94mHttpSession.cpp[0m:[95m576[0m [96mhandleGetGraphData[0m] get_graph_data success
[2026-09-01 06:18:02.477] [info] [[94mControllerAndOtherEventHandler.cpp[0m:[95m239[0m [96moperator()[0m] Accepted new connection
[2026-09-01 06:18:02.477] [info] [[94mHttpSession.cpp[0m:[95m96[0m [96mhandleRequest[0m] Got request: GET /ndt/get_graph_data
[2026-09-01 06:18:02.477] [info] [[94mHttpSession.cpp[0m:[95m531[0m [96mhandleGetGraphData[0m] Handle Get Graph Data
[2026-09-01 06:18:02.496] [info] [[94mHttpSession.cpp[0m:[95m576[0m [96mhandleGetGraphData[0m] get_graph_data success
[2026-09-01 06:18:02.726] [info] [[94mControllerAndOtherEventHandler.cpp[0m:[95m239[0m [96moperator()[0m] Accepted new connection
[2026-09-01 06:18:02.726] [info] [[94mHttpSession.cpp[0m:[95m96[0m [96mhandleRequest[0m] Got request: GET /ndt/get_graph_data
[2026-09-01 06:18:02.726] [info] [[94mHttpSession.cpp[0m:[95m531[0m [96mhandleGetGraphData[0m] Handle Get Graph Data
[2026-09-01 06:18:02.744] [info] [[94mHttpSession.cpp[0m:[95m576[0m [96mhandleGetGraphData[0m] get_graph_data success
[2026-09-01 06:18:02.977] [info] [[94mControllerAndOtherEventHandler.cpp[0m:[95m239[0m [96moperator()[0m] Accepted new connection
[2026-09-01 06:18:02.977] [info] [[94mHttpSession.cpp[0m:[95m96[0m [96mhandleRequest[0m] Got request: GET /ndt/get_graph_data
[2026-09-01 06:18:02.977] [info] [[94mHttpSession.cpp[0m:[95m531[0m [96mhandleGetGraphData[0m] Handle Get Graph Data
[2026-09-01 06:18:02.996] [info] [[94mHttpSession.cpp[0m:[95m576[0m [96mhandleGetGraphData[0m] get_graph_data success
[2026-09-01 06:18:03.227] [info] [[94mControllerAndOtherEventHandler.cpp[0m:[95m239[0m [96moperator()[0m] Accepted new connection
[2026-09-01 06:18:03.227] [info] [[94mHttpSession.cpp[0m:[95m96[0m [96mhandleRequest[0m] Got request: GET /ndt/get_graph_data
[2026-09-01 06:18:03.227] [info] [[94mHttpSession.cpp[0m:[95m531[0m [96mhandleGetGraphData[0m] Handle Get Graph Data
[2026-09-01 06:18:03.245] [info] [[94mHttpSession.cpp[0m:[95m576[0m [96mhandleGetGraphData[0m] get_graph_data success
[2026-09-01 06:18:03.477] [info] [[94mControllerAndOtherEventHandler.cpp[0m:[95m239[0m [96moperator()[0m] Accepted new connection
[2026-09-01 06:18:03.477] [info] [[94mHttpSession.cpp[0m:[95m96[0m [96mhandleRequest[0m] Got request: GET /ndt/get_graph_data
[2026-09-01 06:18:03.477] [info] [[94mHttpSession.cpp[0m:[95m531[0m [96mhandleGetGraphData[0m] Handle Get Graph Data
[2026-09-01 06:18:03.489] [info] [[94mHttpSession.cpp[0m:[95m576[0m [96mhandleGetGraphData[0m] get_graph_data success
[2026-09-01 06:18:03.727] [info] [[94mControllerAndOtherEventHandler.cpp[0m:[95m239[0m [96moperator()[0m] Accepted new connection
[2026-09-01 06:18:03.727] [info] [[94mHttpSession.cpp[0m:[95m96[0m [96mhandleRequest[0m] Got request: GET /ndt/get_graph_data
[2026-09-01 06:18:03.727] [info] [[94mHttpSession.cpp[0m:[95m531[0m [96mhandleGetGraphData[0m] Handle Get Graph Data
[2026-09-01 06:18:03.746] [info] [[94mHttpSession.cpp[0m:[95m576[0m [96mhandleGetGraphData[0m] get_graph_data success
[2026-09-01 06:18:03.977] [info] [[94mControllerAndOtherEventHandler.cpp[0m:[95m239[0m [96moperator()[0m] Accepted new connection
[2026-09-01 06:18:03.977] [info] [[94mHttpSession.cpp[0m:[95m96[0m [96mhandleRequest[0m] Got request: GET /ndt/get_graph_data
[2026-09-01 06:18:03.977] [info] [[94mHttpSession.cpp[0m:[95m531[0m [96mhandleGetGraphData[0m] Handle Get Graph Data
[2026-09-01 06:18:03.994] [info] [[94mHttpSession.cpp[0m:[95m576[0m [96mhandleGetGraphData[0m] get_graph_data success
[2026-09-01 06:18:04.227] [info] [[94mControllerAndOtherEventHandler.cpp[0m:[95m239[0m [96moperator()[0m] Accepted new connection
[2026-09-01 06:18:04.227] [info] [[94mHttpSession.cpp[0m:[95m96[0m [96mhandleRequest[0m] Got request: GET /ndt/get_graph_data
[2026-09-01 06:18:04.227] [info] [[94mHttpSession.cpp[0m:[95m531[0m [96mhandleGetGraphData[0m] Handle Get Graph Data
[2026-09-01 06:18:04.244] [info] [[94mHttpSession.cpp[0m:[95m576[0m [96mhandleGetGraphData[0m] get_graph_data success
[2026-09-01 06:18:04.478] [info] [[94mControllerAndOtherEventHandler.cpp[0m:[95m239[0m [96moperator()[0m] Accepted new connection
[2026-09-01 06:18:04.478] [info] [[94mHttpSession.cpp[0m:[95m96[0m [96mhandleRequest[0m] Got request: GET /ndt/get_graph_data
[2026-09-01 06:18:04.478] [info] [[94mHttpSession.cpp[0m:[95m531[0m [96mhandleGetGraphData[0m] Handle Get Graph Data
[2026-09-01 06:18:04.493] [info] [[94mHttpSession.cpp[0m:[95m576[0m [96mhandleGetGraphData[0m] get_graph_data success
[2026-09-01 06:18:04.542] [info] [[94mFlowLinkUsageCollector.cpp[0m:[95m1807[0m [96mcalAvgFlowSendingRatesPeriodically[0m] rate loop period: last 30 iters mean 1000.9 ms | since start (149 iters) mean 1000.8 ms, min 1000.1, max 1003.0 (flows=1, counters=5) -- the LAST-N figure is the current denominator; the since-start one lags it
[2026-09-01 06:18:04.543] [info] [[94mFlowLinkUsageCollector.cpp[0m:[95m2016[0m [96mcalAvgFlowSendingRatesPeriodically[0m] rate divisor check: measured_interval_s=1.000944 divisor_used_s=1.000944 (ticket Q gate: these must agree to 1%; a negative divisor means no rate has been published yet, which is not a pass)
[2026-09-01 06:18:04.727] [info] [[94mControllerAndOtherEventHandler.cpp[0m:[95m239[0m [96moperator()[0m] Accepted new connection
[2026-09-01 06:18:04.728] [info] [[94mHttpSession.cpp[0m:[95m96[0m [96mhandleRequest[0m] Got request: GET /ndt/get_graph_data
[2026-09-01 06:18:04.728] [info] [[94mHttpSession.cpp[0m:[95m531[0m [96mhandleGetGraphData[0m] Handle Get Graph Data
[2026-09-01 06:18:04.746] [info] [[94mHttpSession.cpp[0m:[95m576[0m [96mhandleGetGraphData[0m] get_graph_data success
[2026-09-01 06:18:04.978] [info] [[94mControllerAndOtherEventHandler.cpp[0m:[95m239[0m [96moperator()[0m] Accepted new connection
[2026-09-01 06:18:04.978] [info] [[94mHttpSession.cpp[0m:[95m96[0m [96mhandleRequest[0m] Got request: GET /ndt/get_graph_data
[2026-09-01 06:18:04.978] [info] [[94mHttpSession.cpp[0m:[95m531[0m [96mhandleGetGraphData[0m] Handle Get Graph Data
[2026-09-01 06:18:04.991] [info] [[94mHttpSession.cpp[0m:[95m576[0m [96mhandleGetGraphData[0m] get_graph_data success
[2026-09-01 06:18:05.227] [info] [[94mControllerAndOtherEventHandler.cpp[0m:[95m239[0m [96moperator()[0m] Accepted new connection
[2026-09-01 06:18:05.227] [info] [[94mHttpSession.cpp[0m:[95m96[0m [96mhandleRequest[0m] Got request: GET /ndt/get_graph_data
[2026-09-01 06:18:05.227] [info] [[94mHttpSession.cpp[0m:[95m531[0m [96mhandleGetGraphData[0m] Handle Get Graph Data
[2026-09-01 06:18:05.246] [info] [[94mHttpSession.cpp[0m:[95m576[0m [96mhandleGetGraphData[0m] get_graph_data success
[2026-09-01 06:18:05.477] [info] [[94mControllerAndOtherEventHandler.cpp[0m:[95m239[0m [96moperator()[0m] Accepted new connection
[2026-09-01 06:18:05.478] [info] [[94mHttpSession.cpp[0m:[95m96[0m [96mhandleRequest[0m] Got request: GET /ndt/get_graph_data
[2026-09-01 06:18:05.478] [info] [[94mHttpSession.cpp[0m:[95m531[0m [96mhandleGetGraphData[0m] Handle Get Graph Data
[2026-09-01 06:18:05.497] [info] [[94mHttpSession.cpp[0m:[95m576[0m [96mhandleGetGraphData[0m] get_graph_data success
[2026-09-01 06:18:05.728] [info] [[94mControllerAndOtherEventHandler.cpp[0m:[95m239[0m [96moperator()[0m] Accepted new connection
[2026-09-01 06:18:05.728] [info] [[94mHttpSession.cpp[0m:[95m96[0m [96mhandleRequest[0m] Got request: GET /ndt/get_graph_data
[2026-09-01 06:18:05.728] [info] [[94mHttpSession.cpp[0m:[95m531[0m [96mhandleGetGraphData[0m] Handle Get Graph Data
[2026-09-01 06:18:05.747] [info] [[94mHttpSession.cpp[0m:[95m576[0m [96mhandleGetGraphData[0m] get_graph_data success
[2026-09-01 06:18:05.978] [info] [[94mControllerAndOtherEventHandler.cpp[0m:[95m239[0m [96moperator()[0m] Accepted new connection
[2026-09-01 06:18:05.978] [info] [[94mHttpSession.cpp[0m:[95m96[0m [96mhandleRequest[0m] Got request: GET /ndt/get_graph_data
[2026-09-01 06:18:05.978] [info] [[94mHttpSession.cpp[0m:[95m531[0m [96mhandleGetGraphData[0m] Handle Get Graph Data
[2026-09-01 06:18:05.994] [info] [[94mHttpSession.cpp[0m:[95m576[0m [96mhandleGetGraphData[0m] get_graph_data success
[2026-09-01 06:18:06.228] [info] [[94mControllerAndOtherEventHandler.cpp[0m:[95m239[0m [96moperator()[0m] Accepted new connection
[2026-09-01 06:18:06.228] [info] [[94mHttpSession.cpp[0m:[95m96[0m [96mhandleRequest[0m] Got request: GET /ndt/get_graph_data
[2026-09-01 06:18:06.228] [info] [[94mHttpSession.cpp[0m:[95m531[0m [96mhandleGetGraphData[0m] Handle Get Graph Data
[2026-09-01 06:18:06.247] [info] [[94mHttpSession.cpp[0m:[95m576[0m [96mhandleGetGraphData[0m] get_graph_data success
[2026-09-01 06:18:06.478] [info] [[94mControllerAndOtherEventHandler.cpp[0m:[95m239[0m [96moperator()[0m] Accepted new connection
[2026-09-01 06:18:06.478] [info] [[94mHttpSession.cpp[0m:[95m96[0m [96mhandleRequest[0m] Got request: GET /ndt/get_graph_data
[2026-09-01 06:18:06.478] [info] [[94mHttpSession.cpp[0m:[95m531[0m [96mhandleGetGraphData[0m] Handle Get Graph Data
[2026-09-01 06:18:06.497] [info] [[94mHttpSession.cpp[0m:[95m576[0m [96mhandleGetGraphData[0m] get_graph_data success
[2026-09-01 06:18:06.728] [info] [[94mControllerAndOtherEventHandler.cpp[0m:[95m239[0m [96moperator()[0m] Accepted new connection
[2026-09-01 06:18:06.729] [info] [[94mHttpSession.cpp[0m:[95m96[0m [96mhandleRequest[0m] Got request: GET /ndt/get_graph_data
[2026-09-01 06:18:06.729] [info] [[94mHttpSession.cpp[0m:[95m531[0m [96mhandleGetGraphData[0m] Handle Get Graph Data
[2026-09-01 06:18:06.748] [info] [[94mHttpSession.cpp[0m:[95m576[0m [96mhandleGetGraphData[0m] get_graph_data success
[2026-09-01 06:18:06.978] [info] [[94mControllerAndOtherEventHandler.cpp[0m:[95m239[0m [96moperator()[0m] Accepted new connection
[2026-09-01 06:18:06.978] [info] [[94mHttpSession.cpp[0m:[95m96[0m [96mhandleRequest[0m] Got request: GET /ndt/get_graph_data
[2026-09-01 06:18:06.978] [info] [[94mHttpSession.cpp[0m:[95m531[0m [96mhandleGetGraphData[0m] Handle Get Graph Data
[2026-09-01 06:18:06.995] [info] [[94mHttpSession.cpp[0m:[95m576[0m [96mhandleGetGraphData[0m] get_graph_data success
[2026-09-01 06:18:07.228] [info] [[94mControllerAndOtherEventHandler.cpp[0m:[95m239[0m [96moperator()[0m] Accepted new connection
[2026-09-01 06:18:07.228] [info] [[94mHttpSession.cpp[0m:[95m96[0m [96mhandleRequest[0m] Got request: GET /ndt/get_graph_data
[2026-09-01 06:18:07.228] [info] [[94mHttpSession.cpp[0m:[95m531[0m [96mhandleGetGraphData[0m] Handle Get Graph Data
[2026-09-01 06:18:07.243] [info] [[94mHttpSession.cpp[0m:[95m576[0m [96mhandleGetGraphData[0m] get_graph_data success
[2026-09-01 06:18:07.479] [info] [[94mControllerAndOtherEventHandler.cpp[0m:[95m239[0m [96moperator()[0m] Accepted new connection
[2026-09-01 06:18:07.479] [info] [[94mHttpSession.cpp[0m:[95m96[0m [96mhandleRequest[0m] Got request: GET /ndt/get_graph_data
[2026-09-01 06:18:07.479] [info] [[94mHttpSession.cpp[0m:[95m531[0m [96mhandleGetGraphData[0m] Handle Get Graph Data
[2026-09-01 06:18:07.498] [info] [[94mHttpSession.cpp[0m:[95m576[0m [96mhandleGetGraphData[0m] get_graph_data success
[2026-09-01 06:18:07.729] [info] [[94mControllerAndOtherEventHandler.cpp[0m:[95m239[0m [96moperator()[0m] Accepted new connection
[2026-09-01 06:18:07.729] [info] [[94mHttpSession.cpp[0m:[95m96[0m [96mhandleRequest[0m] Got request: GET /ndt/get_graph_data
[2026-09-01 06:18:07.729] [info] [[94mHttpSession.cpp[0m:[95m531[0m [96mhandleGetGraphData[0m] Handle Get Graph Data
[2026-09-01 06:18:07.743] [info] [[94mHttpSession.cpp[0m:[95m576[0m [96mhandleGetGraphData[0m] get_graph_data success
[2026-09-01 06:18:07.979] [info] [[94mControllerAndOtherEventHandler.cpp[0m:[95m239[0m [96moperator()[0m] Accepted new connection
[2026-09-01 06:18:07.979] [info] [[94mHttpSession.cpp[0m:[95m96[0m [96mhandleRequest[0m] Got request: GET /ndt/get_graph_data
[2026-09-01 06:18:07.979] [info] [[94mHttpSession.cpp[0m:[95m531[0m [96mhandleGetGraphData[0m] Handle Get Graph Data
[2026-09-01 06:18:07.997] [info] [[94mHttpSession.cpp[0m:[95m576[0m [96mhandleGetGraphData[0m] get_graph_data success
[2026-09-01 06:18:08.228] [info] [[94mControllerAndOtherEventHandler.cpp[0m:[95m239[0m [96moperator()[0m] Accepted new connection
[2026-09-01 06:18:08.229] [info] [[94mHttpSession.cpp[0m:[95m96[0m [96mhandleRequest[0m] Got request: GET /ndt/get_graph_data
[2026-09-01 06:18:08.229] [info] [[94mHttpSession.cpp[0m:[95m531[0m [96mhandleGetGraphData[0m] Handle Get Graph Data
[2026-09-01 06:18:08.244] [info] [[94mHttpSession.cpp[0m:[95m576[0m [96mhandleGetGraphData[0m] get_graph_data success
[2026-09-01 06:18:08.479] [info] [[94mControllerAndOtherEventHandler.cpp[0m:[95m239[0m [96moperator()[0m] Accepted new connection
[2026-09-01 06:18:08.479] [info] [[94mHttpSession.cpp[0m:[95m96[0m [96mhandleRequest[0m] Got request: GET /ndt/get_graph_data
[2026-09-01 06:18:08.479] [info] [[94mHttpSession.cpp[0m:[95m531[0m [96mhandleGetGraphData[0m] Handle Get Graph Data
[2026-09-01 06:18:08.498] [info] [[94mHttpSession.cpp[0m:[95m576[0m [96mhandleGetGraphData[0m] get_graph_data success
[2026-09-01 06:18:08.729] [info] [[94mControllerAndOtherEventHandler.cpp[0m:[95m239[0m [96moperator()[0m] Accepted new connection
[2026-09-01 06:18:08.729] [info] [[94mHttpSession.cpp[0m:[95m96[0m [96mhandleRequest[0m] Got request: GET /ndt/get_graph_data
[2026-09-01 06:18:08.729] [info] [[94mHttpSession.cpp[0m:[95m531[0m [96mhandleGetGraphData[0m] Handle Get Graph Data
[2026-09-01 06:18:08.748] [info] [[94mHttpSession.cpp[0m:[95m576[0m [96mhandleGetGraphData[0m] get_graph_data success
[2026-09-01 06:18:08.979] [info] [[94mControllerAndOtherEventHandler.cpp[0m:[95m239[0m [96moperator()[0m] Accepted new connection
[2026-09-01 06:18:08.979] [info] [[94mHttpSession.cpp[0m:[95m96[0m [96mhandleRequest[0m] Got request: GET /ndt/get_graph_data
[2026-09-01 06:18:08.980] [info] [[94mHttpSession.cpp[0m:[95m531[0m [96mhandleGetGraphData[0m] Handle Get Graph Data
[2026-09-01 06:18:08.999] [info] [[94mHttpSession.cpp[0m:[95m576[0m [96mhandleGetGraphData[0m] get_graph_data success
[2026-09-01 06:18:09.229] [info] [[94mControllerAndOtherEventHandler.cpp[0m:[95m239[0m [96moperator()[0m] Accepted new connection
[2026-09-01 06:18:09.229] [info] [[94mHttpSession.cpp[0m:[95m96[0m [96mhandleRequest[0m] Got request: GET /ndt/get_graph_data
[2026-09-01 06:18:09.229] [info] [[94mHttpSession.cpp[0m:[95m531[0m [96mhandleGetGraphData[0m] Handle Get Graph Data
[2026-09-01 06:18:09.247] [info] [[94mHttpSession.cpp[0m:[95m576[0m [96mhandleGetGraphData[0m] get_graph_data success
[2026-09-01 06:18:09.479] [info] [[94mControllerAndOtherEventHandler.cpp[0m:[95m239[0m [96moperator()[0m] Accepted new connection
[2026-09-01 06:18:09.479] [info] [[94mHttpSession.cpp[0m:[95m96[0m [96mhandleRequest[0m] Got request: GET /ndt/get_graph_data
[2026-09-01 06:18:09.479] [info] [[94mHttpSession.cpp[0m:[95m531[0m [96mhandleGetGraphData[0m] Handle Get Graph Data
[2026-09-01 06:18:09.496] [info] [[94mHttpSession.cpp[0m:[95m576[0m [96mhandleGetGraphData[0m] get_graph_data success
[2026-09-01 06:18:09.729] [info] [[94mControllerAndOtherEventHandler.cpp[0m:[95m239[0m [96moperator()[0m] Accepted new connection
[2026-09-01 06:18:09.729] [info] [[94mHttpSession.cpp[0m:[95m96[0m [96mhandleRequest[0m] Got request: GET /ndt/get_graph_data
[2026-09-01 06:18:09.729] [info] [[94mHttpSession.cpp[0m:[95m531[0m [96mhandleGetGraphData[0m] Handle Get Graph Data
[2026-09-01 06:18:09.748] [info] [[94mHttpSession.cpp[0m:[95m576[0m [96mhandleGetGraphData[0m] get_graph_data success
[2026-09-01 06:18:09.979] [info] [[94mControllerAndOtherEventHandler.cpp[0m:[95m239[0m [96moperator()[0m] Accepted new connection
[2026-09-01 06:18:09.980] [info] [[94mHttpSession.cpp[0m:[95m96[0m [96mhandleRequest[0m] Got request: GET /ndt/get_graph_data
[2026-09-01 06:18:09.980] [info] [[94mHttpSession.cpp[0m:[95m531[0m [96mhandleGetGraphData[0m] Handle Get Graph Data
[2026-09-01 06:18:09.999] [info] [[94mHttpSession.cpp[0m:[95m576[0m [96mhandleGetGraphData[0m] get_graph_data success
[2026-09-01 06:18:10.229] [info] [[94mControllerAndOtherEventHandler.cpp[0m:[95m239[0m [96moperator()[0m] Accepted new connection
[2026-09-01 06:18:10.229] [info] [[94mHttpSession.cpp[0m:[95m96[0m [96mhandleRequest[0m] Got request: GET /ndt/get_graph_data
[2026-09-01 06:18:10.229] [info] [[94mHttpSession.cpp[0m:[95m531[0m [96mhandleGetGraphData[0m] Handle Get Graph Data
[2026-09-01 06:18:10.245] [info] [[94mHttpSession.cpp[0m:[95m576[0m [96mhandleGetGraphData[0m] get_graph_data success
[2026-09-01 06:18:10.480] [info] [[94mControllerAndOtherEventHandler.cpp[0m:[95m239[0m [96moperator()[0m] Accepted new connection
[2026-09-01 06:18:10.480] [info] [[94mHttpSession.cpp[0m:[95m96[0m [96mhandleRequest[0m] Got request: GET /ndt/get_graph_data
[2026-09-01 06:18:10.480] [info] [[94mHttpSession.cpp[0m:[95m531[0m [96mhandleGetGraphData[0m] Handle Get Graph Data
[2026-09-01 06:18:10.499] [info] [[94mHttpSession.cpp[0m:[95m576[0m [96mhandleGetGraphData[0m] get_graph_data success
[2026-09-01 06:18:10.730] [info] [[94mControllerAndOtherEventHandler.cpp[0m:[95m239[0m [96moperator()[0m] Accepted new connection
[2026-09-01 06:18:10.730] [info] [[94mHttpSession.cpp[0m:[95m96[0m [96mhandleRequest[0m] Got request: GET /ndt/get_graph_data
[2026-09-01 06:18:10.730] [info] [[94mHttpSession.cpp[0m:[95m531[0m [96mhandleGetGraphData[0m] Handle Get Graph Data
[2026-09-01 06:18:10.745] [info] [[94mHttpSession.cpp[0m:[95m576[0m [96mhandleGetGraphData[0m] get_graph_data success
[2026-09-01 06:18:10.980] [info] [[94mControllerAndOtherEventHandler.cpp[0m:[95m239[0m [96moperator()[0m] Accepted new connection
[2026-09-01 06:18:10.980] [info] [[94mHttpSession.cpp[0m:[95m96[0m [96mhandleRequest[0m] Got request: GET /ndt/get_graph_data
[2026-09-01 06:18:10.980] [info] [[94mHttpSession.cpp[0m:[95m531[0m [96mhandleGetGraphData[0m] Handle Get Graph Data
[2026-09-01 06:18:10.997] [info] [[94mHttpSession.cpp[0m:[95m576[0m [96mhandleGetGraphData[0m] get_graph_data success
[2026-09-01 06:18:11.229] [info] [[94mControllerAndOtherEventHandler.cpp[0m:[95m239[0m [96moperator()[0m] Accepted new connection
[2026-09-01 06:18:11.229] [info] [[94mHttpSession.cpp[0m:[95m96[0m [96mhandleRequest[0m] Got request: GET /ndt/get_graph_data
[2026-09-01 06:18:11.229] [info] [[94mHttpSession.cpp[0m:[95m531[0m [96mhandleGetGraphData[0m] Handle Get Graph Data
[2026-09-01 06:18:11.249] [info] [[94mHttpSession.cpp[0m:[95m576[0m [96mhandleGetGraphData[0m] get_graph_data success
[2026-09-01 06:18:11.479] [info] [[94mControllerAndOtherEventHandler.cpp[0m:[95m239[0m [96moperator()[0m] Accepted new connection
[2026-09-01 06:18:11.480] [info] [[94mHttpSession.cpp[0m:[95m96[0m [96mhandleRequest[0m] Got request: GET /ndt/get_graph_data
[2026-09-01 06:18:11.480] [info] [[94mHttpSession.cpp[0m:[95m531[0m [96mhandleGetGraphData[0m] Handle Get Graph Data
[2026-09-01 06:18:11.498] [info] [[94mHttpSession.cpp[0m:[95m576[0m [96mhandleGetGraphData[0m] get_graph_data success
[2026-09-01 06:18:11.730] [info] [[94mControllerAndOtherEventHandler.cpp[0m:[95m239[0m [96moperator()[0m] Accepted new connection
[2026-09-01 06:18:11.730] [info] [[94mHttpSession.cpp[0m:[95m96[0m [96mhandleRequest[0m] Got request: GET /ndt/get_graph_data
[2026-09-01 06:18:11.730] [info] [[94mHttpSession.cpp[0m:[95m531[0m [96mhandleGetGraphData[0m] Handle Get Graph Data
[2026-09-01 06:18:11.750] [info] [[94mHttpSession.cpp[0m:[95m576[0m [96mhandleGetGraphData[0m] get_graph_data success
[2026-09-01 06:18:11.980] [info] [[94mControllerAndOtherEventHandler.cpp[0m:[95m239[0m [96moperator()[0m] Accepted new connection
[2026-09-01 06:18:11.980] [info] [[94mHttpSession.cpp[0m:[95m96[0m [96mhandleRequest[0m] Got request: GET /ndt/get_graph_data
[2026-09-01 06:18:11.980] [info] [[94mHttpSession.cpp[0m:[95m531[0m [96mhandleGetGraphData[0m] Handle Get Graph Data
[2026-09-01 06:18:11.999] [info] [[94mHttpSession.cpp[0m:[95m576[0m [96mhandleGetGraphData[0m] get_graph_data success
[2026-09-01 06:18:12.230] [info] [[94mControllerAndOtherEventHandler.cpp[0m:[95m239[0m [96moperator()[0m] Accepted new connection
[2026-09-01 06:18:12.230] [info] [[94mHttpSession.cpp[0m:[95m96[0m [96mhandleRequest[0m] Got request: GET /ndt/get_graph_data
[2026-09-01 06:18:12.230] [info] [[94mHttpSession.cpp[0m:[95m531[0m [96mhandleGetGraphData[0m] Handle Get Graph Data
[2026-09-01 06:18:12.245] [info] [[94mHttpSession.cpp[0m:[95m576[0m [96mhandleGetGraphData[0m] get_graph_data success
[2026-09-01 06:18:12.480] [info] [[94mControllerAndOtherEventHandler.cpp[0m:[95m239[0m [96moperator()[0m] Accepted new connection
[2026-09-01 06:18:12.480] [info] [[94mHttpSession.cpp[0m:[95m96[0m [96mhandleRequest[0m] Got request: GET /ndt/get_graph_data
[2026-09-01 06:18:12.480] [info] [[94mHttpSession.cpp[0m:[95m531[0m [96mhandleGetGraphData[0m] Handle Get Graph Data
[2026-09-01 06:18:12.499] [info] [[94mHttpSession.cpp[0m:[95m576[0m [96mhandleGetGraphData[0m] get_graph_data success
[2026-09-01 06:18:12.730] [info] [[94mControllerAndOtherEventHandler.cpp[0m:[95m239[0m [96moperator()[0m] Accepted new connection
[2026-09-01 06:18:12.731] [info] [[94mHttpSession.cpp[0m:[95m96[0m [96mhandleRequest[0m] Got request: GET /ndt/get_graph_data
[2026-09-01 06:18:12.731] [info] [[94mHttpSession.cpp[0m:[95m531[0m [96mhandleGetGraphData[0m] Handle Get Graph Data
[2026-09-01 06:18:12.744] [info] [[94mHttpSession.cpp[0m:[95m576[0m [96mhandleGetGraphData[0m] get_graph_data success
[2026-09-01 06:18:12.980] [info] [[94mControllerAndOtherEventHandler.cpp[0m:[95m239[0m [96moperator()[0m] Accepted new connection
[2026-09-01 06:18:12.981] [info] [[94mHttpSession.cpp[0m:[95m96[0m [96mhandleRequest[0m] Got request: GET /ndt/get_graph_data
[2026-09-01 06:18:12.981] [info] [[94mHttpSession.cpp[0m:[95m531[0m [96mhandleGetGraphData[0m] Handle Get Graph Data
[2026-09-01 06:18:12.995] [info] [[94mHttpSession.cpp[0m:[95m576[0m [96mhandleGetGraphData[0m] get_graph_data success
[2026-09-01 06:18:13.231] [info] [[94mControllerAndOtherEventHandler.cpp[0m:[95m239[0m [96moperator()[0m] Accepted new connection
[2026-09-01 06:18:13.231] [info] [[94mHttpSession.cpp[0m:[95m96[0m [96mhandleRequest[0m] Got request: GET /ndt/get_graph_data
[2026-09-01 06:18:13.231] [info] [[94mHttpSession.cpp[0m:[95m531[0m [96mhandleGetGraphData[0m] Handle Get Graph Data
[2026-09-01 06:18:13.250] [info] [[94mHttpSession.cpp[0m:[95m576[0m [96mhandleGetGraphData[0m] get_graph_data success
[2026-09-01 06:18:13.481] [info] [[94mControllerAndOtherEventHandler.cpp[0m:[95m239[0m [96moperator()[0m] Accepted new connection
[2026-09-01 06:18:13.481] [info] [[94mHttpSession.cpp[0m:[95m96[0m [96mhandleRequest[0m] Got request: GET /ndt/get_graph_data
[2026-09-01 06:18:13.481] [info] [[94mHttpSession.cpp[0m:[95m531[0m [96mhandleGetGraphData[0m] Handle Get Graph Data
[2026-09-01 06:18:13.500] [info] [[94mHttpSession.cpp[0m:[95m576[0m [96mhandleGetGraphData[0m] get_graph_data success
[2026-09-01 06:18:13.730] [info] [[94mControllerAndOtherEventHandler.cpp[0m:[95m239[0m [96moperator()[0m] Accepted new connection
[2026-09-01 06:18:13.730] [info] [[94mHttpSession.cpp[0m:[95m96[0m [96mhandleRequest[0m] Got request: GET /ndt/get_graph_data
[2026-09-01 06:18:13.730] [info] [[94mHttpSession.cpp[0m:[95m531[0m [96mhandleGetGraphData[0m] Handle Get Graph Data
[2026-09-01 06:18:13.744] [info] [[94mHttpSession.cpp[0m:[95m576[0m [96mhandleGetGraphData[0m] get_graph_data success
[2026-09-01 06:18:13.981] [info] [[94mControllerAndOtherEventHandler.cpp[0m:[95m239[0m [96moperator()[0m] Accepted new connection
[2026-09-01 06:18:13.981] [info] [[94mHttpSession.cpp[0m:[95m96[0m [96mhandleRequest[0m] Got request: GET /ndt/get_graph_data
[2026-09-01 06:18:13.981] [info] [[94mHttpSession.cpp[0m:[95m531[0m [96mhandleGetGraphData[0m] Handle Get Graph Data
[2026-09-01 06:18:13.998] [info] [[94mHttpSession.cpp[0m:[95m576[0m [96mhandleGetGraphData[0m] get_graph_data success
[2026-09-01 06:18:14.230] [info] [[94mControllerAndOtherEventHandler.cpp[0m:[95m239[0m [96moperator()[0m] Accepted new connection
[2026-09-01 06:18:14.231] [info] [[94mHttpSession.cpp[0m:[95m96[0m [96mhandleRequest[0m] Got request: GET /ndt/get_graph_data
[2026-09-01 06:18:14.231] [info] [[94mHttpSession.cpp[0m:[95m531[0m [96mhandleGetGraphData[0m] Handle Get Graph Data
[2026-09-01 06:18:14.246] [info] [[94mHttpSession.cpp[0m:[95m576[0m [96mhandleGetGraphData[0m] get_graph_data success
[2026-09-01 06:18:14.481] [info] [[94mControllerAndOtherEventHandler.cpp[0m:[95m239[0m [96moperator()[0m] Accepted new connection
[2026-09-01 06:18:14.481] [info] [[94mHttpSession.cpp[0m:[95m96[0m [96mhandleRequest[0m] Got request: GET /ndt/get_graph_data
[2026-09-01 06:18:14.481] [info] [[94mHttpSession.cpp[0m:[95m531[0m [96mhandleGetGraphData[0m] Handle Get Graph Data
[2026-09-01 06:18:14.500] [info] [[94mHttpSession.cpp[0m:[95m576[0m [96mhandleGetGraphData[0m] get_graph_data success
[2026-09-01 06:18:14.730] [info] [[94mControllerAndOtherEventHandler.cpp[0m:[95m239[0m [96moperator()[0m] Accepted new connection
[2026-09-01 06:18:14.731] [info] [[94mHttpSession.cpp[0m:[95m96[0m [96mhandleRequest[0m] Got request: GET /ndt/get_graph_data
[2026-09-01 06:18:14.731] [info] [[94mHttpSession.cpp[0m:[95m531[0m [96mhandleGetGraphData[0m] Handle Get Graph Data
[2026-09-01 06:18:14.749] [info] [[94mHttpSession.cpp[0m:[95m576[0m [96mhandleGetGraphData[0m] get_graph_data success
[2026-09-01 06:18:14.981] [info] [[94mControllerAndOtherEventHandler.cpp[0m:[95m239[0m [96moperator()[0m] Accepted new connection
[2026-09-01 06:18:14.981] [info] [[94mHttpSession.cpp[0m:[95m96[0m [96mhandleRequest[0m] Got request: GET /ndt/get_graph_data
[2026-09-01 06:18:14.981] [info] [[94mHttpSession.cpp[0m:[95m531[0m [96mhandleGetGraphData[0m] Handle Get Graph Data
[2026-09-01 06:18:15.000] [info] [[94mHttpSession.cpp[0m:[95m576[0m [96mhandleGetGraphData[0m] get_graph_data success
[2026-09-01 06:18:15.231] [info] [[94mControllerAndOtherEventHandler.cpp[0m:[95m239[0m [96moperator()[0m] Accepted new connection
[2026-09-01 06:18:15.231] [info] [[94mHttpSession.cpp[0m:[95m96[0m [96mhandleRequest[0m] Got request: GET /ndt/get_graph_data
[2026-09-01 06:18:15.231] [info] [[94mHttpSession.cpp[0m:[95m531[0m [96mhandleGetGraphData[0m] Handle Get Graph Data
[2026-09-01 06:18:15.249] [info] [[94mHttpSession.cpp[0m:[95m576[0m [96mhandleGetGraphData[0m] get_graph_data success
[2026-09-01 06:18:15.481] [info] [[94mControllerAndOtherEventHandler.cpp[0m:[95m239[0m [96moperator()[0m] Accepted new connection
[2026-09-01 06:18:15.481] [info] [[94mHttpSession.cpp[0m:[95m96[0m [96mhandleRequest[0m] Got request: GET /ndt/get_graph_data
[2026-09-01 06:18:15.481] [info] [[94mHttpSession.cpp[0m:[95m531[0m [96mhandleGetGraphData[0m] Handle Get Graph Data
[2026-09-01 06:18:15.500] [info] [[94mHttpSession.cpp[0m:[95m576[0m [96mhandleGetGraphData[0m] get_graph_data success
[2026-09-01 06:18:15.731] [info] [[94mControllerAndOtherEventHandler.cpp[0m:[95m239[0m [96moperator()[0m] Accepted new connection
[2026-09-01 06:18:15.732] [info] [[94mHttpSession.cpp[0m:[95m96[0m [96mhandleRequest[0m] Got request: GET /ndt/get_graph_data
[2026-09-01 06:18:15.732] [info] [[94mHttpSession.cpp[0m:[95m531[0m [96mhandleGetGraphData[0m] Handle Get Graph Data
[2026-09-01 06:18:15.745] [info] [[94mHttpSession.cpp[0m:[95m576[0m [96mhandleGetGraphData[0m] get_graph_data success
[2026-09-01 06:18:15.981] [info] [[94mControllerAndOtherEventHandler.cpp[0m:[95m239[0m [96moperator()[0m] Accepted new connection
[2026-09-01 06:18:15.982] [info] [[94mHttpSession.cpp[0m:[95m96[0m [96mhandleRequest[0m] Got request: GET /ndt/get_graph_data
[2026-09-01 06:18:15.982] [info] [[94mHttpSession.cpp[0m:[95m531[0m [96mhandleGetGraphData[0m] Handle Get Graph Data
[2026-09-01 06:18:15.994] [info] [[94mHttpSession.cpp[0m:[95m576[0m [96mhandleGetGraphData[0m] get_graph_data success
[2026-09-01 06:18:16.231] [info] [[94mControllerAndOtherEventHandler.cpp[0m:[95m239[0m [96moperator()[0m] Accepted new connection
[2026-09-01 06:18:16.231] [info] [[94mHttpSession.cpp[0m:[95m96[0m [96mhandleRequest[0m] Got request: GET /ndt/get_graph_data
[2026-09-01 06:18:16.231] [info] [[94mHttpSession.cpp[0m:[95m531[0m [96mhandleGetGraphData[0m] Handle Get Graph Data
[2026-09-01 06:18:16.245] [info] [[94mHttpSession.cpp[0m:[95m576[0m [96mhandleGetGraphData[0m] get_graph_data success
[2026-09-01 06:18:16.482] [info] [[94mControllerAndOtherEventHandler.cpp[0m:[95m239[0m [96moperator()[0m] Accepted new connection
[2026-09-01 06:18:16.482] [info] [[94mHttpSession.cpp[0m:[95m96[0m [96mhandleRequest[0m] Got request: GET /ndt/get_graph_data
[2026-09-01 06:18:16.482] [info] [[94mHttpSession.cpp[0m:[95m531[0m [96mhandleGetGraphData[0m] Handle Get Graph Data
[2026-09-01 06:18:16.500] [info] [[94mHttpSession.cpp[0m:[95m576[0m [96mhandleGetGraphData[0m] get_graph_data success
[2026-09-01 06:18:16.731] [info] [[94mControllerAndOtherEventHandler.cpp[0m:[95m239[0m [96moperator()[0m] Accepted new connection
[2026-09-01 06:18:16.731] [info] [[94mHttpSession.cpp[0m:[95m96[0m [96mhandleRequest[0m] Got request: GET /ndt/get_graph_data
[2026-09-01 06:18:16.731] [info] [[94mHttpSession.cpp[0m:[95m531[0m [96mhandleGetGraphData[0m] Handle Get Graph Data
[2026-09-01 06:18:16.745] [info] [[94mHttpSession.cpp[0m:[95m576[0m [96mhandleGetGraphData[0m] get_graph_data success
[2026-09-01 06:18:16.982] [info] [[94mControllerAndOtherEventHandler.cpp[0m:[95m239[0m [96moperator()[0m] Accepted new connection
[2026-09-01 06:18:16.982] [info] [[94mHttpSession.cpp[0m:[95m96[0m [96mhandleRequest[0m] Got request: GET /ndt/get_graph_data
[2026-09-01 06:18:16.982] [info] [[94mHttpSession.cpp[0m:[95m531[0m [96mhandleGetGraphData[0m] Handle Get Graph Data
[2026-09-01 06:18:17.002] [info] [[94mHttpSession.cpp[0m:[95m576[0m [96mhandleGetGraphData[0m] get_graph_data success
[2026-09-01 06:18:17.232] [info] [[94mControllerAndOtherEventHandler.cpp[0m:[95m239[0m [96moperator()[0m] Accepted new connection
[2026-09-01 06:18:17.232] [info] [[94mHttpSession.cpp[0m:[95m96[0m [96mhandleRequest[0m] Got request: GET /ndt/get_graph_data
[2026-09-01 06:18:17.232] [info] [[94mHttpSession.cpp[0m:[95m531[0m [96mhandleGetGraphData[0m] Handle Get Graph Data
[2026-09-01 06:18:17.251] [info] [[94mHttpSession.cpp[0m:[95m576[0m [96mhandleGetGraphData[0m] get_graph_data success
[2026-09-01 06:18:17.482] [info] [[94mControllerAndOtherEventHandler.cpp[0m:[95m239[0m [96moperator()[0m] Accepted new connection
[2026-09-01 06:18:17.482] [info] [[94mHttpSession.cpp[0m:[95m96[0m [96mhandleRequest[0m] Got request: GET /ndt/get_graph_data
[2026-09-01 06:18:17.482] [info] [[94mHttpSession.cpp[0m:[95m531[0m [96mhandleGetGraphData[0m] Handle Get Graph Data
[2026-09-01 06:18:17.501] [info] [[94mHttpSession.cpp[0m:[95m576[0m [96mhandleGetGraphData[0m] get_graph_data success
[2026-09-01 06:18:17.732] [info] [[94mControllerAndOtherEventHandler.cpp[0m:[95m239[0m [96moperator()[0m] Accepted new connection
[2026-09-01 06:18:17.732] [info] [[94mHttpSession.cpp[0m:[95m96[0m [96mhandleRequest[0m] Got request: GET /ndt/get_graph_data
[2026-09-01 06:18:17.732] [info] [[94mHttpSession.cpp[0m:[95m531[0m [96mhandleGetGraphData[0m] Handle Get Graph Data
[2026-09-01 06:18:17.751] [info] [[94mHttpSession.cpp[0m:[95m576[0m [96mhandleGetGraphData[0m] get_graph_data success
[2026-09-01 06:18:17.982] [info] [[94mControllerAndOtherEventHandler.cpp[0m:[95m239[0m [96moperator()[0m] Accepted new connection
[2026-09-01 06:18:17.982] [info] [[94mHttpSession.cpp[0m:[95m96[0m [96mhandleRequest[0m] Got request: GET /ndt/get_graph_data
[2026-09-01 06:18:17.983] [info] [[94mHttpSession.cpp[0m:[95m531[0m [96mhandleGetGraphData[0m] Handle Get Graph Data
[2026-09-01 06:18:17.999] [info] [[94mHttpSession.cpp[0m:[95m576[0m [96mhandleGetGraphData[0m] get_graph_data success
[2026-09-01 06:18:18.232] [info] [[94mControllerAndOtherEventHandler.cpp[0m:[95m239[0m [96moperator()[0m] Accepted new connection
[2026-09-01 06:18:18.232] [info] [[94mHttpSession.cpp[0m:[95m96[0m [96mhandleRequest[0m] Got request: GET /ndt/get_graph_data
[2026-09-01 06:18:18.232] [info] [[94mHttpSession.cpp[0m:[95m531[0m [96mhandleGetGraphData[0m] Handle Get Graph Data
[2026-09-01 06:18:18.250] [info] [[94mHttpSession.cpp[0m:[95m576[0m [96mhandleGetGraphData[0m] get_graph_data success
[2026-09-01 06:18:18.482] [info] [[94mControllerAndOtherEventHandler.cpp[0m:[95m239[0m [96moperator()[0m] Accepted new connection
[2026-09-01 06:18:18.482] [info] [[94mHttpSession.cpp[0m:[95m96[0m [96mhandleRequest[0m] Got request: GET /ndt/get_graph_data
[2026-09-01 06:18:18.482] [info] [[94mHttpSession.cpp[0m:[95m531[0m [96mhandleGetGraphData[0m] Handle Get Graph Data
[2026-09-01 06:18:18.502] [info] [[94mHttpSession.cpp[0m:[95m576[0m [96mhandleGetGraphData[0m] get_graph_data success
[2026-09-01 06:18:18.732] [info] [[94mControllerAndOtherEventHandler.cpp[0m:[95m239[0m [96moperator()[0m] Accepted new connection
[2026-09-01 06:18:18.732] [info] [[94mHttpSession.cpp[0m:[95m96[0m [96mhandleRequest[0m] Got request: GET /ndt/get_graph_data
[2026-09-01 06:18:18.732] [info] [[94mHttpSession.cpp[0m:[95m531[0m [96mhandleGetGraphData[0m] Handle Get Graph Data
[2026-09-01 06:18:18.750] [info] [[94mHttpSession.cpp[0m:[95m576[0m [96mhandleGetGraphData[0m] get_graph_data success
[2026-09-01 06:18:18.982] [info] [[94mControllerAndOtherEventHandler.cpp[0m:[95m239[0m [96moperator()[0m] Accepted new connection
[2026-09-01 06:18:18.983] [info] [[94mHttpSession.cpp[0m:[95m96[0m [96mhandleRequest[0m] Got request: GET /ndt/get_graph_data
[2026-09-01 06:18:18.983] [info] [[94mHttpSession.cpp[0m:[95m531[0m [96mhandleGetGraphData[0m] Handle Get Graph Data
[2026-09-01 06:18:19.002] [info] [[94mHttpSession.cpp[0m:[95m576[0m [96mhandleGetGraphData[0m] get_graph_data success
[2026-09-01 06:18:19.232] [info] [[94mControllerAndOtherEventHandler.cpp[0m:[95m239[0m [96moperator()[0m] Accepted new connection
[2026-09-01 06:18:19.232] [info] [[94mHttpSession.cpp[0m:[95m96[0m [96mhandleRequest[0m] Got request: GET /ndt/get_graph_data
[2026-09-01 06:18:19.232] [info] [[94mHttpSession.cpp[0m:[95m531[0m [96mhandleGetGraphData[0m] Handle Get Graph Data
[2026-09-01 06:18:19.245] [info] [[94mHttpSession.cpp[0m:[95m576[0m [96mhandleGetGraphData[0m] get_graph_data success
[2026-09-01 06:18:19.483] [info] [[94mControllerAndOtherEventHandler.cpp[0m:[95m239[0m [96moperator()[0m] Accepted new connection
[2026-09-01 06:18:19.483] [info] [[94mHttpSession.cpp[0m:[95m96[0m [96mhandleRequest[0m] Got request: GET /ndt/get_graph_data
[2026-09-01 06:18:19.483] [info] [[94mHttpSession.cpp[0m:[95m531[0m [96mhandleGetGraphData[0m] Handle Get Graph Data
[2026-09-01 06:18:19.502] [info] [[94mHttpSession.cpp[0m:[95m576[0m [96mhandleGetGraphData[0m] get_graph_data success
[2026-09-01 06:18:19.733] [info] [[94mControllerAndOtherEventHandler.cpp[0m:[95m239[0m [96moperator()[0m] Accepted new connection
[2026-09-01 06:18:19.733] [info] [[94mHttpSession.cpp[0m:[95m96[0m [96mhandleRequest[0m] Got request: GET /ndt/get_graph_data
[2026-09-01 06:18:19.733] [info] [[94mHttpSession.cpp[0m:[95m531[0m [96mhandleGetGraphData[0m] Handle Get Graph Data
[2026-09-01 06:18:19.752] [info] [[94mHttpSession.cpp[0m:[95m576[0m [96mhandleGetGraphData[0m] get_graph_data success
[2026-09-01 06:18:19.983] [info] [[94mControllerAndOtherEventHandler.cpp[0m:[95m239[0m [96moperator()[0m] Accepted new connection
[2026-09-01 06:18:19.983] [info] [[94mHttpSession.cpp[0m:[95m96[0m [96mhandleRequest[0m] Got request: GET /ndt/get_graph_data
[2026-09-01 06:18:19.983] [info] [[94mHttpSession.cpp[0m:[95m531[0m [96mhandleGetGraphData[0m] Handle Get Graph Data
[2026-09-01 06:18:20.002] [info] [[94mHttpSession.cpp[0m:[95m576[0m [96mhandleGetGraphData[0m] get_graph_data success
[2026-09-01 06:18:20.232] [info] [[94mControllerAndOtherEventHandler.cpp[0m:[95m239[0m [96moperator()[0m] Accepted new connection
[2026-09-01 06:18:20.232] [info] [[94mHttpSession.cpp[0m:[95m96[0m [96mhandleRequest[0m] Got request: GET /ndt/get_graph_data
[2026-09-01 06:18:20.232] [info] [[94mHttpSession.cpp[0m:[95m531[0m [96mhandleGetGraphData[0m] Handle Get Graph Data
[2026-09-01 06:18:20.246] [info] [[94mHttpSession.cpp[0m:[95m576[0m [96mhandleGetGraphData[0m] get_graph_data success
[2026-09-01 06:18:20.483] [info] [[94mControllerAndOtherEventHandler.cpp[0m:[95m239[0m [96moperator()[0m] Accepted new connection
[2026-09-01 06:18:20.488] [info] [[94mHttpSession.cpp[0m:[95m96[0m [96mhandleRequest[0m] Got request: GET /ndt/get_graph_data
[2026-09-01 06:18:20.488] [info] [[94mHttpSession.cpp[0m:[95m531[0m [96mhandleGetGraphData[0m] Handle Get Graph Data
[2026-09-01 06:18:20.502] [info] [[94mHttpSession.cpp[0m:[95m576[0m [96mhandleGetGraphData[0m] get_graph_data success
[2026-09-01 06:18:20.733] [info] [[94mControllerAndOtherEventHandler.cpp[0m:[95m239[0m [96moperator()[0m] Accepted new connection
[2026-09-01 06:18:20.733] [info] [[94mHttpSession.cpp[0m:[95m96[0m [96mhandleRequest[0m] Got request: GET /ndt/get_graph_data
[2026-09-01 06:18:20.733] [info] [[94mHttpSession.cpp[0m:[95m531[0m [96mhandleGetGraphData[0m] Handle Get Graph Data
[2026-09-01 06:18:20.754] [info] [[94mHttpSession.cpp[0m:[95m576[0m [96mhandleGetGraphData[0m] get_graph_data success
[2026-09-01 06:18:20.983] [info] [[94mControllerAndOtherEventHandler.cpp[0m:[95m239[0m [96moperator()[0m] Accepted new connection
[2026-09-01 06:18:20.983] [info] [[94mHttpSession.cpp[0m:[95m96[0m [96mhandleRequest[0m] Got request: GET /ndt/get_graph_data
[2026-09-01 06:18:20.983] [info] [[94mHttpSession.cpp[0m:[95m531[0m [96mhandleGetGraphData[0m] Handle Get Graph Data
[2026-09-01 06:18:21.003] [info] [[94mHttpSession.cpp[0m:[95m576[0m [96mhandleGetGraphData[0m] get_graph_data success
[2026-09-01 06:18:21.233] [info] [[94mControllerAndOtherEventHandler.cpp[0m:[95m239[0m [96moperator()[0m] Accepted new connection
[2026-09-01 06:18:21.233] [info] [[94mHttpSession.cpp[0m:[95m96[0m [96mhandleRequest[0m] Got request: GET /ndt/get_graph_data
[2026-09-01 06:18:21.233] [info] [[94mHttpSession.cpp[0m:[95m531[0m [96mhandleGetGraphData[0m] Handle Get Graph Data
[2026-09-01 06:18:21.252] [info] [[94mHttpSession.cpp[0m:[95m576[0m [96mhandleGetGraphData[0m] get_graph_data success
[2026-09-01 06:18:21.483] [info] [[94mControllerAndOtherEventHandler.cpp[0m:[95m239[0m [96moperator()[0m] Accepted new connection
[2026-09-01 06:18:21.483] [info] [[94mHttpSession.cpp[0m:[95m96[0m [96mhandleRequest[0m] Got request: GET /ndt/get_graph_data
[2026-09-01 06:18:21.483] [info] [[94mHttpSession.cpp[0m:[95m531[0m [96mhandleGetGraphData[0m] Handle Get Graph Data
[2026-09-01 06:18:21.503] [info] [[94mHttpSession.cpp[0m:[95m576[0m [96mhandleGetGraphData[0m] get_graph_data success
[2026-09-01 06:18:21.733] [info] [[94mControllerAndOtherEventHandler.cpp[0m:[95m239[0m [96moperator()[0m] Accepted new connection
[2026-09-01 06:18:21.734] [info] [[94mHttpSession.cpp[0m:[95m96[0m [96mhandleRequest[0m] Got request: GET /ndt/get_graph_data
[2026-09-01 06:18:21.734] [info] [[94mHttpSession.cpp[0m:[95m531[0m [96mhandleGetGraphData[0m] Handle Get Graph Data
[2026-09-01 06:18:21.752] [info] [[94mHttpSession.cpp[0m:[95m576[0m [96mhandleGetGraphData[0m] get_graph_data success
[2026-09-01 06:18:21.984] [info] [[94mControllerAndOtherEventHandler.cpp[0m:[95m239[0m [96moperator()[0m] Accepted new connection
[2026-09-01 06:18:21.984] [info] [[94mHttpSession.cpp[0m:[95m96[0m [96mhandleRequest[0m] Got request: GET /ndt/get_graph_data
[2026-09-01 06:18:21.984] [info] [[94mHttpSession.cpp[0m:[95m531[0m [96mhandleGetGraphData[0m] Handle Get Graph Data
[2026-09-01 06:18:22.003] [info] [[94mHttpSession.cpp[0m:[95m576[0m [96mhandleGetGraphData[0m] get_graph_data success
[2026-09-01 06:18:22.233] [info] [[94mControllerAndOtherEventHandler.cpp[0m:[95m239[0m [96moperator()[0m] Accepted new connection
[2026-09-01 06:18:22.233] [info] [[94mHttpSession.cpp[0m:[95m96[0m [96mhandleRequest[0m] Got request: GET /ndt/get_graph_data
[2026-09-01 06:18:22.233] [info] [[94mHttpSession.cpp[0m:[95m531[0m [96mhandleGetGraphData[0m] Handle Get Graph Data
[2026-09-01 06:18:22.252] [info] [[94mHttpSession.cpp[0m:[95m576[0m [96mhandleGetGraphData[0m] get_graph_data success
[2026-09-01 06:18:22.484] [info] [[94mControllerAndOtherEventHandler.cpp[0m:[95m239[0m [96moperator()[0m] Accepted new connection
[2026-09-01 06:18:22.484] [info] [[94mHttpSession.cpp[0m:[95m96[0m [96mhandleRequest[0m] Got request: GET /ndt/get_graph_data
[2026-09-01 06:18:22.484] [info] [[94mHttpSession.cpp[0m:[95m531[0m [96mhandleGetGraphData[0m] Handle Get Graph Data
[2026-09-01 06:18:22.497] [info] [[94mHttpSession.cpp[0m:[95m576[0m [96mhandleGetGraphData[0m] get_graph_data success
[2026-09-01 06:18:22.734] [info] [[94mControllerAndOtherEventHandler.cpp[0m:[95m239[0m [96moperator()[0m] Accepted new connection
[2026-09-01 06:18:22.734] [info] [[94mHttpSession.cpp[0m:[95m96[0m [96mhandleRequest[0m] Got request: GET /ndt/get_graph_data
[2026-09-01 06:18:22.734] [info] [[94mHttpSession.cpp[0m:[95m531[0m [96mhandleGetGraphData[0m] Handle Get Graph Data
[2026-09-01 06:18:22.753] [info] [[94mHttpSession.cpp[0m:[95m576[0m [96mhandleGetGraphData[0m] get_graph_data success
[2026-09-01 06:18:22.984] [info] [[94mControllerAndOtherEventHandler.cpp[0m:[95m239[0m [96moperator()[0m] Accepted new connection
[2026-09-01 06:18:22.984] [info] [[94mHttpSession.cpp[0m:[95m96[0m [96mhandleRequest[0m] Got request: GET /ndt/get_graph_data
[2026-09-01 06:18:22.984] [info] [[94mHttpSession.cpp[0m:[95m531[0m [96mhandleGetGraphData[0m] Handle Get Graph Data
[2026-09-01 06:18:23.003] [info] [[94mHttpSession.cpp[0m:[95m576[0m [96mhandleGetGraphData[0m] get_graph_data success
[2026-09-01 06:18:23.233] [info] [[94mControllerAndOtherEventHandler.cpp[0m:[95m239[0m [96moperator()[0m] Accepted new connection
[2026-09-01 06:18:23.233] [info] [[94mHttpSession.cpp[0m:[95m96[0m [96mhandleRequest[0m] Got request: GET /ndt/get_graph_data
[2026-09-01 06:18:23.233] [info] [[94mHttpSession.cpp[0m:[95m531[0m [96mhandleGetGraphData[0m] Handle Get Graph Data
[2026-09-01 06:18:23.252] [info] [[94mHttpSession.cpp[0m:[95m576[0m [96mhandleGetGraphData[0m] get_graph_data success
[2026-09-01 06:18:23.484] [info] [[94mControllerAndOtherEventHandler.cpp[0m:[95m239[0m [96moperator()[0m] Accepted new connection
[2026-09-01 06:18:23.484] [info] [[94mHttpSession.cpp[0m:[95m96[0m [96mhandleRequest[0m] Got request: GET /ndt/get_graph_data
[2026-09-01 06:18:23.484] [info] [[94mHttpSession.cpp[0m:[95m531[0m [96mhandleGetGraphData[0m] Handle Get Graph Data
[2026-09-01 06:18:23.503] [info] [[94mHttpSession.cpp[0m:[95m576[0m [96mhandleGetGraphData[0m] get_graph_data success
[2026-09-01 06:18:23.734] [info] [[94mControllerAndOtherEventHandler.cpp[0m:[95m239[0m [96moperator()[0m] Accepted new connection
[2026-09-01 06:18:23.734] [info] [[94mHttpSession.cpp[0m:[95m96[0m [96mhandleRequest[0m] Got request: GET /ndt/get_graph_data
[2026-09-01 06:18:23.734] [info] [[94mHttpSession.cpp[0m:[95m531[0m [96mhandleGetGraphData[0m] Handle Get Graph Data
[2026-09-01 06:18:23.754] [info] [[94mHttpSession.cpp[0m:[95m576[0m [96mhandleGetGraphData[0m] get_graph_data success
[2026-09-01 06:18:23.984] [info] [[94mControllerAndOtherEventHandler.cpp[0m:[95m239[0m [96moperator()[0m] Accepted new connection
[2026-09-01 06:18:23.984] [info] [[94mHttpSession.cpp[0m:[95m96[0m [96mhandleRequest[0m] Got request: GET /ndt/get_graph_data
[2026-09-01 06:18:23.984] [info] [[94mHttpSession.cpp[0m:[95m531[0m [96mhandleGetGraphData[0m] Handle Get Graph Data
[2026-09-01 06:18:23.996] [info] [[94mHttpSession.cpp[0m:[95m576[0m [96mhandleGetGraphData[0m] get_graph_data success
[2026-09-01 06:18:24.234] [info] [[94mControllerAndOtherEventHandler.cpp[0m:[95m239[0m [96moperator()[0m] Accepted new connection
[2026-09-01 06:18:24.234] [info] [[94mHttpSession.cpp[0m:[95m96[0m [96mhandleRequest[0m] Got request: GET /ndt/get_graph_data
[2026-09-01 06:18:24.234] [info] [[94mHttpSession.cpp[0m:[95m531[0m [96mhandleGetGraphData[0m] Handle Get Graph Data
[2026-09-01 06:18:24.249] [info] [[94mHttpSession.cpp[0m:[95m576[0m [96mhandleGetGraphData[0m] get_graph_data success
[2026-09-01 06:18:24.484] [info] [[94mControllerAndOtherEventHandler.cpp[0m:[95m239[0m [96moperator()[0m] Accepted new connection
[2026-09-01 06:18:24.485] [info] [[94mHttpSession.cpp[0m:[95m96[0m [96mhandleRequest[0m] Got request: GET /ndt/get_graph_data
[2026-09-01 06:18:24.485] [info] [[94mHttpSession.cpp[0m:[95m531[0m [96mhandleGetGraphData[0m] Handle Get Graph Data
[2026-09-01 06:18:24.501] [info] [[94mHttpSession.cpp[0m:[95m576[0m [96mhandleGetGraphData[0m] get_graph_data success
[2026-09-01 06:18:24.734] [info] [[94mControllerAndOtherEventHandler.cpp[0m:[95m239[0m [96moperator()[0m] Accepted new connection
[2026-09-01 06:18:24.735] [info] [[94mHttpSession.cpp[0m:[95m96[0m [96mhandleRequest[0m] Got request: GET /ndt/get_graph_data
[2026-09-01 06:18:24.735] [info] [[94mHttpSession.cpp[0m:[95m531[0m [96mhandleGetGraphData[0m] Handle Get Graph Data
[2026-09-01 06:18:24.750] [info] [[94mHttpSession.cpp[0m:[95m576[0m [96mhandleGetGraphData[0m] get_graph_data success
[2026-09-01 06:18:24.984] [info] [[94mControllerAndOtherEventHandler.cpp[0m:[95m239[0m [96moperator()[0m] Accepted new connection
[2026-09-01 06:18:24.984] [info] [[94mHttpSession.cpp[0m:[95m96[0m [96mhandleRequest[0m] Got request: GET /ndt/get_graph_data
[2026-09-01 06:18:24.984] [info] [[94mHttpSession.cpp[0m:[95m531[0m [96mhandleGetGraphData[0m] Handle Get Graph Data
[2026-09-01 06:18:24.998] [info] [[94mHttpSession.cpp[0m:[95m576[0m [96mhandleGetGraphData[0m] get_graph_data success
[2026-09-01 06:18:25.234] [info] [[94mControllerAndOtherEventHandler.cpp[0m:[95m239[0m [96moperator()[0m] Accepted new connection
[2026-09-01 06:18:25.234] [info] [[94mHttpSession.cpp[0m:[95m96[0m [96mhandleRequest[0m] Got request: GET /ndt/get_graph_data
[2026-09-01 06:18:25.234] [info] [[94mHttpSession.cpp[0m:[95m531[0m [96mhandleGetGraphData[0m] Handle Get Graph Data
[2026-09-01 06:18:25.252] [info] [[94mHttpSession.cpp[0m:[95m576[0m [96mhandleGetGraphData[0m] get_graph_data success
[2026-09-01 06:18:25.484] [info] [[94mControllerAndOtherEventHandler.cpp[0m:[95m239[0m [96moperator()[0m] Accepted new connection
[2026-09-01 06:18:25.484] [info] [[94mHttpSession.cpp[0m:[95m96[0m [96mhandleRequest[0m] Got request: GET /ndt/get_graph_data
[2026-09-01 06:18:25.496] [info] [[94mHttpSession.cpp[0m:[95m531[0m [96mhandleGetGraphData[0m] Handle Get Graph Data
[2026-09-01 06:18:25.516] [info] [[94mHttpSession.cpp[0m:[95m576[0m [96mhandleGetGraphData[0m] get_graph_data success
[2026-09-01 06:18:25.735] [info] [[94mControllerAndOtherEventHandler.cpp[0m:[95m239[0m [96moperator()[0m] Accepted new connection
[2026-09-01 06:18:25.735] [info] [[94mHttpSession.cpp[0m:[95m96[0m [96mhandleRequest[0m] Got request: GET /ndt/get_graph_data
[2026-09-01 06:18:25.735] [info] [[94mHttpSession.cpp[0m:[95m531[0m [96mhandleGetGraphData[0m] Handle Get Graph Data
[2026-09-01 06:18:25.754] [info] [[94mHttpSession.cpp[0m:[95m576[0m [96mhandleGetGraphData[0m] get_graph_data success
[2026-09-01 06:18:25.985] [info] [[94mControllerAndOtherEventHandler.cpp[0m:[95m239[0m [96moperator()[0m] Accepted new connection
[2026-09-01 06:18:25.985] [info] [[94mHttpSession.cpp[0m:[95m96[0m [96mhandleRequest[0m] Got request: GET /ndt/get_graph_data
[2026-09-01 06:18:25.985] [info] [[94mHttpSession.cpp[0m:[95m531[0m [96mhandleGetGraphData[0m] Handle Get Graph Data
[2026-09-01 06:18:26.003] [info] [[94mHttpSession.cpp[0m:[95m576[0m [96mhandleGetGraphData[0m] get_graph_data success
[2026-09-01 06:18:26.234] [info] [[94mControllerAndOtherEventHandler.cpp[0m:[95m239[0m [96moperator()[0m] Accepted new connection
[2026-09-01 06:18:26.234] [info] [[94mHttpSession.cpp[0m:[95m96[0m [96mhandleRequest[0m] Got request: GET /ndt/get_graph_data
[2026-09-01 06:18:26.234] [info] [[94mHttpSession.cpp[0m:[95m531[0m [96mhandleGetGraphData[0m] Handle Get Graph Data
[2026-09-01 06:18:26.254] [info] [[94mHttpSession.cpp[0m:[95m576[0m [96mhandleGetGraphData[0m] get_graph_data success
[2026-09-01 06:18:26.485] [info] [[94mControllerAndOtherEventHandler.cpp[0m:[95m239[0m [96moperator()[0m] Accepted new connection
[2026-09-01 06:18:26.485] [info] [[94mHttpSession.cpp[0m:[95m96[0m [96mhandleRequest[0m] Got request: GET /ndt/get_graph_data
[2026-09-01 06:18:26.485] [info] [[94mHttpSession.cpp[0m:[95m531[0m [96mhandleGetGraphData[0m] Handle Get Graph Data
[2026-09-01 06:18:26.499] [info] [[94mHttpSession.cpp[0m:[95m576[0m [96mhandleGetGraphData[0m] get_graph_data success
[2026-09-01 06:18:26.735] [info] [[94mControllerAndOtherEventHandler.cpp[0m:[95m239[0m [96moperator()[0m] Accepted new connection
[2026-09-01 06:18:26.735] [info] [[94mHttpSession.cpp[0m:[95m96[0m [96mhandleRequest[0m] Got request: GET /ndt/get_graph_data
[2026-09-01 06:18:26.735] [info] [[94mHttpSession.cpp[0m:[95m531[0m [96mhandleGetGraphData[0m] Handle Get Graph Data
[2026-09-01 06:18:26.753] [info] [[94mHttpSession.cpp[0m:[95m576[0m [96mhandleGetGraphData[0m] get_graph_data success
[2026-09-01 06:18:26.984] [info] [[94mControllerAndOtherEventHandler.cpp[0m:[95m239[0m [96moperator()[0m] Accepted new connection
[2026-09-01 06:18:26.984] [info] [[94mHttpSession.cpp[0m:[95m96[0m [96mhandleRequest[0m] Got request: GET /ndt/get_graph_data
[2026-09-01 06:18:26.985] [info] [[94mHttpSession.cpp[0m:[95m531[0m [96mhandleGetGraphData[0m] Handle Get Graph Data
[2026-09-01 06:18:27.003] [info] [[94mHttpSession.cpp[0m:[95m576[0m [96mhandleGetGraphData[0m] get_graph_data success
[2026-09-01 06:18:27.235] [info] [[94mControllerAndOtherEventHandler.cpp[0m:[95m239[0m [96moperator()[0m] Accepted new connection
[2026-09-01 06:18:27.235] [info] [[94mHttpSession.cpp[0m:[95m96[0m [96mhandleRequest[0m] Got request: GET /ndt/get_graph_data
[2026-09-01 06:18:27.235] [info] [[94mHttpSession.cpp[0m:[95m531[0m [96mhandleGetGraphData[0m] Handle Get Graph Data
[2026-09-01 06:18:27.255] [info] [[94mHttpSession.cpp[0m:[95m576[0m [96mhandleGetGraphData[0m] get_graph_data success
[2026-09-01 06:18:27.485] [info] [[94mControllerAndOtherEventHandler.cpp[0m:[95m239[0m [96moperator()[0m] Accepted new connection
[2026-09-01 06:18:27.485] [info] [[94mHttpSession.cpp[0m:[95m96[0m [96mhandleRequest[0m] Got request: GET /ndt/get_graph_data
[2026-09-01 06:18:27.485] [info] [[94mHttpSession.cpp[0m:[95m531[0m [96mhandleGetGraphData[0m] Handle Get Graph Data
[2026-09-01 06:18:27.500] [info] [[94mHttpSession.cpp[0m:[95m576[0m [96mhandleGetGraphData[0m] get_graph_data success
[2026-09-01 06:18:27.735] [info] [[94mControllerAndOtherEventHandler.cpp[0m:[95m239[0m [96moperator()[0m] Accepted new connection
[2026-09-01 06:18:27.735] [info] [[94mHttpSession.cpp[0m:[95m96[0m [96mhandleRequest[0m] Got request: GET /ndt/get_graph_data
[2026-09-01 06:18:27.735] [info] [[94mHttpSession.cpp[0m:[95m531[0m [96mhandleGetGraphData[0m] Handle Get Graph Data
[2026-09-01 06:18:27.750] [info] [[94mHttpSession.cpp[0m:[95m576[0m [96mhandleGetGraphData[0m] get_graph_data success
[2026-09-01 06:18:27.985] [info] [[94mControllerAndOtherEventHandler.cpp[0m:[95m239[0m [96moperator()[0m] Accepted new connection
[2026-09-01 06:18:27.985] [info] [[94mHttpSession.cpp[0m:[95m96[0m [96mhandleRequest[0m] Got request: GET /ndt/get_graph_data
[2026-09-01 06:18:27.985] [info] [[94mHttpSession.cpp[0m:[95m531[0m [96mhandleGetGraphData[0m] Handle Get Graph Data
[2026-09-01 06:18:28.003] [info] [[94mHttpSession.cpp[0m:[95m576[0m [96mhandleGetGraphData[0m] get_graph_data success
[2026-09-01 06:18:28.235] [info] [[94mControllerAndOtherEventHandler.cpp[0m:[95m239[0m [96moperator()[0m] Accepted new connection
[2026-09-01 06:18:28.235] [info] [[94mHttpSession.cpp[0m:[95m96[0m [96mhandleRequest[0m] Got request: GET /ndt/get_graph_data
[2026-09-01 06:18:28.235] [info] [[94mHttpSession.cpp[0m:[95m531[0m [96mhandleGetGraphData[0m] Handle Get Graph Data
[2026-09-01 06:18:28.253] [info] [[94mHttpSession.cpp[0m:[95m576[0m [96mhandleGetGraphData[0m] get_graph_data success
[2026-09-01 06:18:28.486] [info] [[94mControllerAndOtherEventHandler.cpp[0m:[95m239[0m [96moperator()[0m] Accepted new connection
[2026-09-01 06:18:28.486] [info] [[94mHttpSession.cpp[0m:[95m96[0m [96mhandleRequest[0m] Got request: GET /ndt/get_graph_data
[2026-09-01 06:18:28.486] [info] [[94mHttpSession.cpp[0m:[95m531[0m [96mhandleGetGraphData[0m] Handle Get Graph Data
[2026-09-01 06:18:28.505] [info] [[94mHttpSession.cpp[0m:[95m576[0m [96mhandleGetGraphData[0m] get_graph_data success
[2026-09-01 06:18:28.736] [info] [[94mControllerAndOtherEventHandler.cpp[0m:[95m239[0m [96moperator()[0m] Accepted new connection
[2026-09-01 06:18:28.736] [info] [[94mHttpSession.cpp[0m:[95m96[0m [96mhandleRequest[0m] Got request: GET /ndt/get_graph_data
[2026-09-01 06:18:28.736] [info] [[94mHttpSession.cpp[0m:[95m531[0m [96mhandleGetGraphData[0m] Handle Get Graph Data
[2026-09-01 06:18:28.751] [info] [[94mHttpSession.cpp[0m:[95m576[0m [96mhandleGetGraphData[0m] get_graph_data success
[2026-09-01 06:18:28.986] [info] [[94mControllerAndOtherEventHandler.cpp[0m:[95m239[0m [96moperator()[0m] Accepted new connection
[2026-09-01 06:18:28.986] [info] [[94mHttpSession.cpp[0m:[95m96[0m [96mhandleRequest[0m] Got request: GET /ndt/get_graph_data
[2026-09-01 06:18:28.986] [info] [[94mHttpSession.cpp[0m:[95m531[0m [96mhandleGetGraphData[0m] Handle Get Graph Data
[2026-09-01 06:18:29.005] [info] [[94mHttpSession.cpp[0m:[95m576[0m [96mhandleGetGraphData[0m] get_graph_data success
[2026-09-01 06:18:29.236] [info] [[94mControllerAndOtherEventHandler.cpp[0m:[95m239[0m [96moperator()[0m] Accepted new connection
[2026-09-01 06:18:29.236] [info] [[94mHttpSession.cpp[0m:[95m96[0m [96mhandleRequest[0m] Got request: GET /ndt/get_graph_data
[2026-09-01 06:18:29.236] [info] [[94mHttpSession.cpp[0m:[95m531[0m [96mhandleGetGraphData[0m] Handle Get Graph Data
[2026-09-01 06:18:29.255] [info] [[94mHttpSession.cpp[0m:[95m576[0m [96mhandleGetGraphData[0m] get_graph_data success
[2026-09-01 06:18:29.486] [info] [[94mControllerAndOtherEventHandler.cpp[0m:[95m239[0m [96moperator()[0m] Accepted new connection
[2026-09-01 06:18:29.486] [info] [[94mHttpSession.cpp[0m:[95m96[0m [96mhandleRequest[0m] Got request: GET /ndt/get_graph_data
[2026-09-01 06:18:29.486] [info] [[94mHttpSession.cpp[0m:[95m531[0m [96mhandleGetGraphData[0m] Handle Get Graph Data
[2026-09-01 06:18:29.505] [info] [[94mHttpSession.cpp[0m:[95m576[0m [96mhandleGetGraphData[0m] get_graph_data success
[2026-09-01 06:18:29.736] [info] [[94mControllerAndOtherEventHandler.cpp[0m:[95m239[0m [96moperator()[0m] Accepted new connection
[2026-09-01 06:18:29.736] [info] [[94mHttpSession.cpp[0m:[95m96[0m [96mhandleRequest[0m] Got request: GET /ndt/get_graph_data
[2026-09-01 06:18:29.736] [info] [[94mHttpSession.cpp[0m:[95m531[0m [96mhandleGetGraphData[0m] Handle Get Graph Data
[2026-09-01 06:18:29.754] [info] [[94mHttpSession.cpp[0m:[95m576[0m [96mhandleGetGraphData[0m] get_graph_data success
[2026-09-01 06:18:29.986] [info] [[94mControllerAndOtherEventHandler.cpp[0m:[95m239[0m [96moperator()[0m] Accepted new connection
[2026-09-01 06:18:29.986] [info] [[94mHttpSession.cpp[0m:[95m96[0m [96mhandleRequest[0m] Got request: GET /ndt/get_graph_data
[2026-09-01 06:18:29.986] [info] [[94mHttpSession.cpp[0m:[95m531[0m [96mhandleGetGraphData[0m] Handle Get Graph Data
[2026-09-01 06:18:30.001] [info] [[94mHttpSession.cpp[0m:[95m576[0m [96mhandleGetGraphData[0m] get_graph_data success
[2026-09-01 06:18:30.236] [info] [[94mControllerAndOtherEventHandler.cpp[0m:[95m239[0m [96moperator()[0m] Accepted new connection
[2026-09-01 06:18:30.236] [info] [[94mHttpSession.cpp[0m:[95m96[0m [96mhandleRequest[0m] Got request: GET /ndt/get_graph_data
[2026-09-01 06:18:30.236] [info] [[94mHttpSession.cpp[0m:[95m531[0m [96mhandleGetGraphData[0m] Handle Get Graph Data
[2026-09-01 06:18:30.254] [info] [[94mHttpSession.cpp[0m:[95m576[0m [96mhandleGetGraphData[0m] get_graph_data success
[2026-09-01 06:18:30.486] [info] [[94mControllerAndOtherEventHandler.cpp[0m:[95m239[0m [96moperator()[0m] Accepted new connection
[2026-09-01 06:18:30.486] [info] [[94mHttpSession.cpp[0m:[95m96[0m [96mhandleRequest[0m] Got request: GET /ndt/get_graph_data
[2026-09-01 06:18:30.486] [info] [[94mHttpSession.cpp[0m:[95m531[0m [96mhandleGetGraphData[0m] Handle Get Graph Data
[2026-09-01 06:18:30.505] [info] [[94mHttpSession.cpp[0m:[95m576[0m [96mhandleGetGraphData[0m] get_graph_data success
[2026-09-01 06:18:30.736] [info] [[94mControllerAndOtherEventHandler.cpp[0m:[95m239[0m [96moperator()[0m] Accepted new connection
[2026-09-01 06:18:30.737] [info] [[94mHttpSession.cpp[0m:[95m96[0m [96mhandleRequest[0m] Got request: GET /ndt/get_graph_data
[2026-09-01 06:18:30.737] [info] [[94mHttpSession.cpp[0m:[95m531[0m [96mhandleGetGraphData[0m] Handle Get Graph Data
[2026-09-01 06:18:30.757] [info] [[94mHttpSession.cpp[0m:[95m576[0m [96mhandleGetGraphData[0m] get_graph_data success
[2026-09-01 06:18:30.986] [info] [[94mControllerAndOtherEventHandler.cpp[0m:[95m239[0m [96moperator()[0m] Accepted new connection
[2026-09-01 06:18:30.986] [info] [[94mHttpSession.cpp[0m:[95m96[0m [96mhandleRequest[0m] Got request: GET /ndt/get_graph_data
[2026-09-01 06:18:30.986] [info] [[94mHttpSession.cpp[0m:[95m531[0m [96mhandleGetGraphData[0m] Handle Get Graph Data
[2026-09-01 06:18:31.006] [info] [[94mHttpSession.cpp[0m:[95m576[0m [96mhandleGetGraphData[0m] get_graph_data success
[2026-09-01 06:18:31.236] [info] [[94mControllerAndOtherEventHandler.cpp[0m:[95m239[0m [96moperator()[0m] Accepted new connection
[2026-09-01 06:18:31.236] [info] [[94mHttpSession.cpp[0m:[95m96[0m [96mhandleRequest[0m] Got request: GET /ndt/get_graph_data
[2026-09-01 06:18:31.236] [info] [[94mHttpSession.cpp[0m:[95m531[0m [96mhandleGetGraphData[0m] Handle Get Graph Data
[2026-09-01 06:18:31.256] [info] [[94mHttpSession.cpp[0m:[95m576[0m [96mhandleGetGraphData[0m] get_graph_data success
[2026-09-01 06:18:31.487] [info] [[94mControllerAndOtherEventHandler.cpp[0m:[95m239[0m [96moperator()[0m] Accepted new connection
[2026-09-01 06:18:31.487] [info] [[94mHttpSession.cpp[0m:[95m96[0m [96mhandleRequest[0m] Got request: GET /ndt/get_graph_data
[2026-09-01 06:18:31.487] [info] [[94mHttpSession.cpp[0m:[95m531[0m [96mhandleGetGraphData[0m] Handle Get Graph Data
[2026-09-01 06:18:31.501] [info] [[94mHttpSession.cpp[0m:[95m576[0m [96mhandleGetGraphData[0m] get_graph_data success
[2026-09-01 06:18:31.736] [info] [[94mControllerAndOtherEventHandler.cpp[0m:[95m239[0m [96moperator()[0m] Accepted new connection
[2026-09-01 06:18:31.736] [info] [[94mHttpSession.cpp[0m:[95m96[0m [96mhandleRequest[0m] Got request: GET /ndt/get_graph_data
[2026-09-01 06:18:31.736] [info] [[94mHttpSession.cpp[0m:[95m531[0m [96mhandleGetGraphData[0m] Handle Get Graph Data
[2026-09-01 06:18:31.750] [info] [[94mHttpSession.cpp[0m:[95m576[0m [96mhandleGetGraphData[0m] get_graph_data success
[2026-09-01 06:18:31.986] [info] [[94mControllerAndOtherEventHandler.cpp[0m:[95m239[0m [96moperator()[0m] Accepted new connection
[2026-09-01 06:18:31.986] [info] [[94mHttpSession.cpp[0m:[95m96[0m [96mhandleRequest[0m] Got request: GET /ndt/get_graph_data
[2026-09-01 06:18:31.986] [info] [[94mHttpSession.cpp[0m:[95m531[0m [96mhandleGetGraphData[0m] Handle Get Graph Data
[2026-09-01 06:18:32.005] [info] [[94mHttpSession.cpp[0m:[95m576[0m [96mhandleGetGraphData[0m] get_graph_data success
[2026-09-01 06:18:32.236] [info] [[94mControllerAndOtherEventHandler.cpp[0m:[95m239[0m [96moperator()[0m] Accepted new connection
[2026-09-01 06:18:32.236] [info] [[94mHttpSession.cpp[0m:[95m96[0m [96mhandleRequest[0m] Got request: GET /ndt/get_graph_data
[2026-09-01 06:18:32.236] [info] [[94mHttpSession.cpp[0m:[95m531[0m [96mhandleGetGraphData[0m] Handle Get Graph Data
[2026-09-01 06:18:32.251] [info] [[94mHttpSession.cpp[0m:[95m576[0m [96mhandleGetGraphData[0m] get_graph_data success
[2026-09-01 06:18:32.487] [info] [[94mControllerAndOtherEventHandler.cpp[0m:[95m239[0m [96moperator()[0m] Accepted new connection
[2026-09-01 06:18:32.487] [info] [[94mHttpSession.cpp[0m:[95m96[0m [96mhandleRequest[0m] Got request: GET /ndt/get_graph_data
[2026-09-01 06:18:32.487] [info] [[94mHttpSession.cpp[0m:[95m531[0m [96mhandleGetGraphData[0m] Handle Get Graph Data
[2026-09-01 06:18:32.502] [info] [[94mHttpSession.cpp[0m:[95m576[0m [96mhandleGetGraphData[0m] get_graph_data success
[2026-09-01 06:18:32.737] [info] [[94mControllerAndOtherEventHandler.cpp[0m:[95m239[0m [96moperator()[0m] Accepted new connection
[2026-09-01 06:18:32.737] [info] [[94mHttpSession.cpp[0m:[95m96[0m [96mhandleRequest[0m] Got request: GET /ndt/get_graph_data
[2026-09-01 06:18:32.737] [info] [[94mHttpSession.cpp[0m:[95m531[0m [96mhandleGetGraphData[0m] Handle Get Graph Data
[2026-09-01 06:18:32.756] [info] [[94mHttpSession.cpp[0m:[95m576[0m [96mhandleGetGraphData[0m] get_graph_data success
[2026-09-01 06:18:32.987] [info] [[94mControllerAndOtherEventHandler.cpp[0m:[95m239[0m [96moperator()[0m] Accepted new connection
[2026-09-01 06:18:32.987] [info] [[94mHttpSession.cpp[0m:[95m96[0m [96mhandleRequest[0m] Got request: GET /ndt/get_graph_data
[2026-09-01 06:18:32.987] [info] [[94mHttpSession.cpp[0m:[95m531[0m [96mhandleGetGraphData[0m] Handle Get Graph Data
[2026-09-01 06:18:33.002] [info] [[94mHttpSession.cpp[0m:[95m576[0m [96mhandleGetGraphData[0m] get_graph_data success
[2026-09-01 06:18:33.236] [info] [[94mControllerAndOtherEventHandler.cpp[0m:[95m239[0m [96moperator()[0m] Accepted new connection
[2026-09-01 06:18:33.237] [info] [[94mHttpSession.cpp[0m:[95m96[0m [96mhandleRequest[0m] Got request: GET /ndt/get_graph_data
[2026-09-01 06:18:33.237] [info] [[94mHttpSession.cpp[0m:[95m531[0m [96mhandleGetGraphData[0m] Handle Get Graph Data
[2026-09-01 06:18:33.250] [info] [[94mHttpSession.cpp[0m:[95m576[0m [96mhandleGetGraphData[0m] get_graph_data success
[2026-09-01 06:18:33.487] [info] [[94mControllerAndOtherEventHandler.cpp[0m:[95m239[0m [96moperator()[0m] Accepted new connection
[2026-09-01 06:18:33.487] [info] [[94mHttpSession.cpp[0m:[95m96[0m [96mhandleRequest[0m] Got request: GET /ndt/get_graph_data
[2026-09-01 06:18:33.487] [info] [[94mHttpSession.cpp[0m:[95m531[0m [96mhandleGetGraphData[0m] Handle Get Graph Data
[2026-09-01 06:18:33.502] [info] [[94mHttpSession.cpp[0m:[95m576[0m [96mhandleGetGraphData[0m] get_graph_data success
[2026-09-01 06:18:33.737] [info] [[94mControllerAndOtherEventHandler.cpp[0m:[95m239[0m [96moperator()[0m] Accepted new connection
[2026-09-01 06:18:33.737] [info] [[94mHttpSession.cpp[0m:[95m96[0m [96mhandleRequest[0m] Got request: GET /ndt/get_graph_data
[2026-09-01 06:18:33.737] [info] [[94mHttpSession.cpp[0m:[95m531[0m [96mhandleGetGraphData[0m] Handle Get Graph Data
[2026-09-01 06:18:33.750] [info] [[94mHttpSession.cpp[0m:[95m576[0m [96mhandleGetGraphData[0m] get_graph_data success
[2026-09-01 06:18:33.987] [info] [[94mControllerAndOtherEventHandler.cpp[0m:[95m239[0m [96moperator()[0m] Accepted new connection
[2026-09-01 06:18:33.987] [info] [[94mHttpSession.cpp[0m:[95m96[0m [96mhandleRequest[0m] Got request: GET /ndt/get_graph_data
[2026-09-01 06:18:33.987] [info] [[94mHttpSession.cpp[0m:[95m531[0m [96mhandleGetGraphData[0m] Handle Get Graph Data
[2026-09-01 06:18:34.002] [info] [[94mHttpSession.cpp[0m:[95m576[0m [96mhandleGetGraphData[0m] get_graph_data success
[2026-09-01 06:18:34.236] [info] [[94mControllerAndOtherEventHandler.cpp[0m:[95m239[0m [96moperator()[0m] Accepted new connection
[2026-09-01 06:18:34.237] [info] [[94mHttpSession.cpp[0m:[95m96[0m [96mhandleRequest[0m] Got request: GET /ndt/get_graph_data
[2026-09-01 06:18:34.237] [info] [[94mHttpSession.cpp[0m:[95m531[0m [96mhandleGetGraphData[0m] Handle Get Graph Data
[2026-09-01 06:18:34.250] [info] [[94mHttpSession.cpp[0m:[95m576[0m [96mhandleGetGraphData[0m] get_graph_data success
[2026-09-01 06:18:34.487] [info] [[94mControllerAndOtherEventHandler.cpp[0m:[95m239[0m [96moperator()[0m] Accepted new connection
[2026-09-01 06:18:34.487] [info] [[94mHttpSession.cpp[0m:[95m96[0m [96mhandleRequest[0m] Got request: GET /ndt/get_graph_data
[2026-09-01 06:18:34.487] [info] [[94mHttpSession.cpp[0m:[95m531[0m [96mhandleGetGraphData[0m] Handle Get Graph Data
[2026-09-01 06:18:34.502] [info] [[94mHttpSession.cpp[0m:[95m576[0m [96mhandleGetGraphData[0m] get_graph_data success
[2026-09-01 06:18:34.570] [info] [[94mFlowLinkUsageCollector.cpp[0m:[95m1807[0m [96mcalAvgFlowSendingRatesPeriodically[0m] rate loop period: last 30 iters mean 1000.9 ms | since start (179 iters) mean 1000.8 ms, min 1000.1, max 1003.0 (flows=1, counters=5) -- the LAST-N figure is the current denominator; the since-start one lags it
[2026-09-01 06:18:34.571] [info] [[94mFlowLinkUsageCollector.cpp[0m:[95m2016[0m [96mcalAvgFlowSendingRatesPeriodically[0m] rate divisor check: measured_interval_s=1.001132 divisor_used_s=1.001132 (ticket Q gate: these must agree to 1%; a negative divisor means no rate has been published yet, which is not a pass)
[2026-09-01 06:18:34.737] [info] [[94mControllerAndOtherEventHandler.cpp[0m:[95m239[0m [96moperator()[0m] Accepted new connection
[2026-09-01 06:18:34.737] [info] [[94mHttpSession.cpp[0m:[95m96[0m [96mhandleRequest[0m] Got request: GET /ndt/get_graph_data
[2026-09-01 06:18:34.738] [info] [[94mHttpSession.cpp[0m:[95m531[0m [96mhandleGetGraphData[0m] Handle Get Graph Data
[2026-09-01 06:18:34.755] [info] [[94mHttpSession.cpp[0m:[95m576[0m [96mhandleGetGraphData[0m] get_graph_data success
[2026-09-01 06:18:34.988] [info] [[94mControllerAndOtherEventHandler.cpp[0m:[95m239[0m [96moperator()[0m] Accepted new connection
[2026-09-01 06:18:34.988] [info] [[94mHttpSession.cpp[0m:[95m96[0m [96mhandleRequest[0m] Got request: GET /ndt/get_graph_data
[2026-09-01 06:18:34.988] [info] [[94mHttpSession.cpp[0m:[95m531[0m [96mhandleGetGraphData[0m] Handle Get Graph Data
[2026-09-01 06:18:35.007] [info] [[94mHttpSession.cpp[0m:[95m576[0m [96mhandleGetGraphData[0m] get_graph_data success
[2026-09-01 06:18:35.237] [info] [[94mControllerAndOtherEventHandler.cpp[0m:[95m239[0m [96moperator()[0m] Accepted new connection
[2026-09-01 06:18:35.237] [info] [[94mHttpSession.cpp[0m:[95m96[0m [96mhandleRequest[0m] Got request: GET /ndt/get_graph_data
[2026-09-01 06:18:35.237] [info] [[94mHttpSession.cpp[0m:[95m531[0m [96mhandleGetGraphData[0m] Handle Get Graph Data
[2026-09-01 06:18:35.256] [info] [[94mHttpSession.cpp[0m:[95m576[0m [96mhandleGetGraphData[0m] get_graph_data success
[2026-09-01 06:18:35.488] [info] [[94mControllerAndOtherEventHandler.cpp[0m:[95m239[0m [96moperator()[0m] Accepted new connection
[2026-09-01 06:18:35.488] [info] [[94mHttpSession.cpp[0m:[95m96[0m [96mhandleRequest[0m] Got request: GET /ndt/get_graph_data
[2026-09-01 06:18:35.488] [info] [[94mHttpSession.cpp[0m:[95m531[0m [96mhandleGetGraphData[0m] Handle Get Graph Data
[2026-09-01 06:18:35.501] [info] [[94mHttpSession.cpp[0m:[95m576[0m [96mhandleGetGraphData[0m] get_graph_data success
[2026-09-01 06:18:35.737] [info] [[94mControllerAndOtherEventHandler.cpp[0m:[95m239[0m [96moperator()[0m] Accepted new connection
[2026-09-01 06:18:35.738] [info] [[94mHttpSession.cpp[0m:[95m96[0m [96mhandleRequest[0m] Got request: GET /ndt/get_graph_data
[2026-09-01 06:18:35.738] [info] [[94mHttpSession.cpp[0m:[95m531[0m [96mhandleGetGraphData[0m] Handle Get Graph Data
[2026-09-01 06:18:35.754] [info] [[94mHttpSession.cpp[0m:[95m576[0m [96mhandleGetGraphData[0m] get_graph_data success
[2026-09-01 06:18:35.988] [info] [[94mControllerAndOtherEventHandler.cpp[0m:[95m239[0m [96moperator()[0m] Accepted new connection
[2026-09-01 06:18:35.988] [info] [[94mHttpSession.cpp[0m:[95m96[0m [96mhandleRequest[0m] Got request: GET /ndt/get_graph_data
[2026-09-01 06:18:35.988] [info] [[94mHttpSession.cpp[0m:[95m531[0m [96mhandleGetGraphData[0m] Handle Get Graph Data
[2026-09-01 06:18:36.004] [info] [[94mHttpSession.cpp[0m:[95m576[0m [96mhandleGetGraphData[0m] get_graph_data success
[2026-09-01 06:18:36.238] [info] [[94mControllerAndOtherEventHandler.cpp[0m:[95m239[0m [96moperator()[0m] Accepted new connection
[2026-09-01 06:18:36.238] [info] [[94mHttpSession.cpp[0m:[95m96[0m [96mhandleRequest[0m] Got request: GET /ndt/get_graph_data
[2026-09-01 06:18:36.238] [info] [[94mHttpSession.cpp[0m:[95m531[0m [96mhandleGetGraphData[0m] Handle Get Graph Data
[2026-09-01 06:18:36.255] [info] [[94mHttpSession.cpp[0m:[95m576[0m [96mhandleGetGraphData[0m] get_graph_data success
[2026-09-01 06:18:36.488] [info] [[94mControllerAndOtherEventHandler.cpp[0m:[95m239[0m [96moperator()[0m] Accepted new connection
[2026-09-01 06:18:36.488] [info] [[94mHttpSession.cpp[0m:[95m96[0m [96mhandleRequest[0m] Got request: GET /ndt/get_graph_data
[2026-09-01 06:18:36.488] [info] [[94mHttpSession.cpp[0m:[95m531[0m [96mhandleGetGraphData[0m] Handle Get Graph Data
[2026-09-01 06:18:36.506] [info] [[94mHttpSession.cpp[0m:[95m576[0m [96mhandleGetGraphData[0m] get_graph_data success
[2026-09-01 06:18:36.738] [info] [[94mControllerAndOtherEventHandler.cpp[0m:[95m239[0m [96moperator()[0m] Accepted new connection
[2026-09-01 06:18:36.738] [info] [[94mHttpSession.cpp[0m:[95m96[0m [96mhandleRequest[0m] Got request: GET /ndt/get_graph_data
[2026-09-01 06:18:36.738] [info] [[94mHttpSession.cpp[0m:[95m531[0m [96mhandleGetGraphData[0m] Handle Get Graph Data
[2026-09-01 06:18:36.758] [info] [[94mHttpSession.cpp[0m:[95m576[0m [96mhandleGetGraphData[0m] get_graph_data success
[2026-09-01 06:18:36.988] [info] [[94mControllerAndOtherEventHandler.cpp[0m:[95m239[0m [96moperator()[0m] Accepted new connection
[2026-09-01 06:18:36.988] [info] [[94mHttpSession.cpp[0m:[95m96[0m [96mhandleRequest[0m] Got request: GET /ndt/get_graph_data
[2026-09-01 06:18:36.988] [info] [[94mHttpSession.cpp[0m:[95m531[0m [96mhandleGetGraphData[0m] Handle Get Graph Data
[2026-09-01 06:18:37.001] [info] [[94mHttpSession.cpp[0m:[95m576[0m [96mhandleGetGraphData[0m] get_graph_data success
[2026-09-01 06:18:37.237] [info] [[94mControllerAndOtherEventHandler.cpp[0m:[95m239[0m [96moperator()[0m] Accepted new connection
[2026-09-01 06:18:37.238] [info] [[94mHttpSession.cpp[0m:[95m96[0m [96mhandleRequest[0m] Got request: GET /ndt/get_graph_data
[2026-09-01 06:18:37.238] [info] [[94mHttpSession.cpp[0m:[95m531[0m [96mhandleGetGraphData[0m] Handle Get Graph Data
[2026-09-01 06:18:37.251] [info] [[94mHttpSession.cpp[0m:[95m576[0m [96mhandleGetGraphData[0m] get_graph_data success
[2026-09-01 06:18:37.487] [info] [[94mControllerAndOtherEventHandler.cpp[0m:[95m239[0m [96moperator()[0m] Accepted new connection
[2026-09-01 06:18:37.488] [info] [[94mHttpSession.cpp[0m:[95m96[0m [96mhandleRequest[0m] Got request: GET /ndt/get_graph_data
[2026-09-01 06:18:37.488] [info] [[94mHttpSession.cpp[0m:[95m531[0m [96mhandleGetGraphData[0m] Handle Get Graph Data
[2026-09-01 06:18:37.501] [info] [[94mHttpSession.cpp[0m:[95m576[0m [96mhandleGetGraphData[0m] get_graph_data success
[2026-09-01 06:18:37.738] [info] [[94mControllerAndOtherEventHandler.cpp[0m:[95m239[0m [96moperator()[0m] Accepted new connection
[2026-09-01 06:18:37.738] [info] [[94mHttpSession.cpp[0m:[95m96[0m [96mhandleRequest[0m] Got request: GET /ndt/get_graph_data
[2026-09-01 06:18:37.738] [info] [[94mHttpSession.cpp[0m:[95m531[0m [96mhandleGetGraphData[0m] Handle Get Graph Data
[2026-09-01 06:18:37.757] [info] [[94mHttpSession.cpp[0m:[95m576[0m [96mhandleGetGraphData[0m] get_graph_data success
[2026-09-01 06:18:37.989] [info] [[94mControllerAndOtherEventHandler.cpp[0m:[95m239[0m [96moperator()[0m] Accepted new connection
[2026-09-01 06:18:37.989] [info] [[94mHttpSession.cpp[0m:[95m96[0m [96mhandleRequest[0m] Got request: GET /ndt/get_graph_data
[2026-09-01 06:18:37.989] [info] [[94mHttpSession.cpp[0m:[95m531[0m [96mhandleGetGraphData[0m] Handle Get Graph Data
[2026-09-01 06:18:38.008] [info] [[94mHttpSession.cpp[0m:[95m576[0m [96mhandleGetGraphData[0m] get_graph_data success
[2026-09-01 06:18:38.238] [info] [[94mControllerAndOtherEventHandler.cpp[0m:[95m239[0m [96moperator()[0m] Accepted new connection
[2026-09-01 06:18:38.238] [info] [[94mHttpSession.cpp[0m:[95m96[0m [96mhandleRequest[0m] Got request: GET /ndt/get_graph_data
[2026-09-01 06:18:38.238] [info] [[94mHttpSession.cpp[0m:[95m531[0m [96mhandleGetGraphData[0m] Handle Get Graph Data
[2026-09-01 06:18:38.255] [info] [[94mHttpSession.cpp[0m:[95m576[0m [96mhandleGetGraphData[0m] get_graph_data success
[2026-09-01 06:18:38.489] [info] [[94mControllerAndOtherEventHandler.cpp[0m:[95m239[0m [96moperator()[0m] Accepted new connection
[2026-09-01 06:18:38.489] [info] [[94mHttpSession.cpp[0m:[95m96[0m [96mhandleRequest[0m] Got request: GET /ndt/get_graph_data
[2026-09-01 06:18:38.489] [info] [[94mHttpSession.cpp[0m:[95m531[0m [96mhandleGetGraphData[0m] Handle Get Graph Data
[2026-09-01 06:18:38.503] [info] [[94mHttpSession.cpp[0m:[95m576[0m [96mhandleGetGraphData[0m] get_graph_data success
[2026-09-01 06:18:38.738] [info] [[94mControllerAndOtherEventHandler.cpp[0m:[95m239[0m [96moperator()[0m] Accepted new connection
[2026-09-01 06:18:38.738] [info] [[94mHttpSession.cpp[0m:[95m96[0m [96mhandleRequest[0m] Got request: GET /ndt/get_graph_data
[2026-09-01 06:18:38.738] [info] [[94mHttpSession.cpp[0m:[95m531[0m [96mhandleGetGraphData[0m] Handle Get Graph Data
[2026-09-01 06:18:38.757] [info] [[94mHttpSession.cpp[0m:[95m576[0m [96mhandleGetGraphData[0m] get_graph_data success
[2026-09-01 06:18:38.988] [info] [[94mControllerAndOtherEventHandler.cpp[0m:[95m239[0m [96moperator()[0m] Accepted new connection
[2026-09-01 06:18:38.989] [info] [[94mHttpSession.cpp[0m:[95m96[0m [96mhandleRequest[0m] Got request: GET /ndt/get_graph_data
[2026-09-01 06:18:38.989] [info] [[94mHttpSession.cpp[0m:[95m531[0m [96mhandleGetGraphData[0m] Handle Get Graph Data
[2026-09-01 06:18:39.005] [info] [[94mHttpSession.cpp[0m:[95m576[0m [96mhandleGetGraphData[0m] get_graph_data success
[2026-09-01 06:18:39.238] [info] [[94mControllerAndOtherEventHandler.cpp[0m:[95m239[0m [96moperator()[0m] Accepted new connection
[2026-09-01 06:18:39.238] [info] [[94mHttpSession.cpp[0m:[95m96[0m [96mhandleRequest[0m] Got request: GET /ndt/get_graph_data
[2026-09-01 06:18:39.238] [info] [[94mHttpSession.cpp[0m:[95m531[0m [96mhandleGetGraphData[0m] Handle Get Graph Data
[2026-09-01 06:18:39.252] [info] [[94mHttpSession.cpp[0m:[95m576[0m [96mhandleGetGraphData[0m] get_graph_data success
[2026-09-01 06:18:39.489] [info] [[94mControllerAndOtherEventHandler.cpp[0m:[95m239[0m [96moperator()[0m] Accepted new connection
[2026-09-01 06:18:39.489] [info] [[94mHttpSession.cpp[0m:[95m96[0m [96mhandleRequest[0m] Got request: GET /ndt/get_graph_data
[2026-09-01 06:18:39.489] [info] [[94mHttpSession.cpp[0m:[95m531[0m [96mhandleGetGraphData[0m] Handle Get Graph Data
[2026-09-01 06:18:39.507] [info] [[94mHttpSession.cpp[0m:[95m576[0m [96mhandleGetGraphData[0m] get_graph_data success
[2026-09-01 06:18:39.739] [info] [[94mControllerAndOtherEventHandler.cpp[0m:[95m239[0m [96moperator()[0m] Accepted new connection
[2026-09-01 06:18:39.739] [info] [[94mHttpSession.cpp[0m:[95m96[0m [96mhandleRequest[0m] Got request: GET /ndt/get_graph_data
[2026-09-01 06:18:39.739] [info] [[94mHttpSession.cpp[0m:[95m531[0m [96mhandleGetGraphData[0m] Handle Get Graph Data
[2026-09-01 06:18:39.758] [info] [[94mHttpSession.cpp[0m:[95m576[0m [96mhandleGetGraphData[0m] get_graph_data success
[2026-09-01 06:18:39.989] [info] [[94mControllerAndOtherEventHandler.cpp[0m:[95m239[0m [96moperator()[0m] Accepted new connection
[2026-09-01 06:18:39.989] [info] [[94mHttpSession.cpp[0m:[95m96[0m [96mhandleRequest[0m] Got request: GET /ndt/get_graph_data
[2026-09-01 06:18:39.989] [info] [[94mHttpSession.cpp[0m:[95m531[0m [96mhandleGetGraphData[0m] Handle Get Graph Data
[2026-09-01 06:18:40.006] [info] [[94mHttpSession.cpp[0m:[95m576[0m [96mhandleGetGraphData[0m] get_graph_data success
[2026-09-01 06:18:40.239] [info] [[94mControllerAndOtherEventHandler.cpp[0m:[95m239[0m [96moperator()[0m] Accepted new connection
[2026-09-01 06:18:40.239] [info] [[94mHttpSession.cpp[0m:[95m96[0m [96mhandleRequest[0m] Got request: GET /ndt/get_graph_data
[2026-09-01 06:18:40.239] [info] [[94mHttpSession.cpp[0m:[95m531[0m [96mhandleGetGraphData[0m] Handle Get Graph Data
[2026-09-01 06:18:40.258] [info] [[94mHttpSession.cpp[0m:[95m576[0m [96mhandleGetGraphData[0m] get_graph_data success
[2026-09-01 06:18:40.489] [info] [[94mControllerAndOtherEventHandler.cpp[0m:[95m239[0m [96moperator()[0m] Accepted new connection
[2026-09-01 06:18:40.490] [info] [[94mHttpSession.cpp[0m:[95m96[0m [96mhandleRequest[0m] Got request: GET /ndt/get_graph_data
[2026-09-01 06:18:40.490] [info] [[94mHttpSession.cpp[0m:[95m531[0m [96mhandleGetGraphData[0m] Handle Get Graph Data
[2026-09-01 06:18:40.509] [info] [[94mHttpSession.cpp[0m:[95m576[0m [96mhandleGetGraphData[0m] get_graph_data success
[2026-09-01 06:18:40.739] [info] [[94mControllerAndOtherEventHandler.cpp[0m:[95m239[0m [96moperator()[0m] Accepted new connection
[2026-09-01 06:18:40.739] [info] [[94mHttpSession.cpp[0m:[95m96[0m [96mhandleRequest[0m] Got request: GET /ndt/get_graph_data
[2026-09-01 06:18:40.739] [info] [[94mHttpSession.cpp[0m:[95m531[0m [96mhandleGetGraphData[0m] Handle Get Graph Data
[2026-09-01 06:18:40.757] [info] [[94mHttpSession.cpp[0m:[95m576[0m [96mhandleGetGraphData[0m] get_graph_data success
[2026-09-01 06:18:40.989] [info] [[94mControllerAndOtherEventHandler.cpp[0m:[95m239[0m [96moperator()[0m] Accepted new connection
[2026-09-01 06:18:40.989] [info] [[94mHttpSession.cpp[0m:[95m96[0m [96mhandleRequest[0m] Got request: GET /ndt/get_graph_data
[2026-09-01 06:18:40.989] [info] [[94mHttpSession.cpp[0m:[95m531[0m [96mhandleGetGraphData[0m] Handle Get Graph Data
[2026-09-01 06:18:41.008] [info] [[94mHttpSession.cpp[0m:[95m576[0m [96mhandleGetGraphData[0m] get_graph_data success
[2026-09-01 06:18:41.240] [info] [[94mControllerAndOtherEventHandler.cpp[0m:[95m239[0m [96moperator()[0m] Accepted new connection
[2026-09-01 06:18:41.240] [info] [[94mHttpSession.cpp[0m:[95m96[0m [96mhandleRequest[0m] Got request: GET /ndt/get_graph_data
[2026-09-01 06:18:41.240] [info] [[94mHttpSession.cpp[0m:[95m531[0m [96mhandleGetGraphData[0m] Handle Get Graph Data
[2026-09-01 06:18:41.260] [info] [[94mHttpSession.cpp[0m:[95m576[0m [96mhandleGetGraphData[0m] get_graph_data success
[2026-09-01 06:18:41.490] [info] [[94mControllerAndOtherEventHandler.cpp[0m:[95m239[0m [96moperator()[0m] Accepted new connection
[2026-09-01 06:18:41.490] [info] [[94mHttpSession.cpp[0m:[95m96[0m [96mhandleRequest[0m] Got request: GET /ndt/get_graph_data
[2026-09-01 06:18:41.490] [info] [[94mHttpSession.cpp[0m:[95m531[0m [96mhandleGetGraphData[0m] Handle Get Graph Data
[2026-09-01 06:18:41.510] [info] [[94mHttpSession.cpp[0m:[95m576[0m [96mhandleGetGraphData[0m] get_graph_data success
[2026-09-01 06:18:41.740] [info] [[94mControllerAndOtherEventHandler.cpp[0m:[95m239[0m [96moperator()[0m] Accepted new connection
[2026-09-01 06:18:41.740] [info] [[94mHttpSession.cpp[0m:[95m96[0m [96mhandleRequest[0m] Got request: GET /ndt/get_graph_data
[2026-09-01 06:18:41.740] [info] [[94mHttpSession.cpp[0m:[95m531[0m [96mhandleGetGraphData[0m] Handle Get Graph Data
[2026-09-01 06:18:41.759] [info] [[94mHttpSession.cpp[0m:[95m576[0m [96mhandleGetGraphData[0m] get_graph_data success
[2026-09-01 06:18:41.990] [info] [[94mControllerAndOtherEventHandler.cpp[0m:[95m239[0m [96moperator()[0m] Accepted new connection
[2026-09-01 06:18:41.990] [info] [[94mHttpSession.cpp[0m:[95m96[0m [96mhandleRequest[0m] Got request: GET /ndt/get_graph_data
[2026-09-01 06:18:41.990] [info] [[94mHttpSession.cpp[0m:[95m531[0m [96mhandleGetGraphData[0m] Handle Get Graph Data
[2026-09-01 06:18:42.008] [info] [[94mHttpSession.cpp[0m:[95m576[0m [96mhandleGetGraphData[0m] get_graph_data success
[2026-09-01 06:18:42.240] [info] [[94mControllerAndOtherEventHandler.cpp[0m:[95m239[0m [96moperator()[0m] Accepted new connection
[2026-09-01 06:18:42.240] [info] [[94mHttpSession.cpp[0m:[95m96[0m [96mhandleRequest[0m] Got request: GET /ndt/get_graph_data
[2026-09-01 06:18:42.240] [info] [[94mHttpSession.cpp[0m:[95m531[0m [96mhandleGetGraphData[0m] Handle Get Graph Data
[2026-09-01 06:18:42.257] [info] [[94mHttpSession.cpp[0m:[95m576[0m [96mhandleGetGraphData[0m] get_graph_data success
[2026-09-01 06:18:42.328] [info] [[94mFlowLinkUsageCollector.cpp[0m:[95m2558[0m [96mfetchAllDestinationPaths[0m] Pulled 16256 paths from controller
[2026-09-01 06:18:42.489] [info] [[94mControllerAndOtherEventHandler.cpp[0m:[95m239[0m [96moperator()[0m] Accepted new connection
[2026-09-01 06:18:42.490] [info] [[94mHttpSession.cpp[0m:[95m96[0m [96mhandleRequest[0m] Got request: GET /ndt/get_graph_data
[2026-09-01 06:18:42.490] [info] [[94mHttpSession.cpp[0m:[95m531[0m [96mhandleGetGraphData[0m] Handle Get Graph Data
[2026-09-01 06:18:42.506] [info] [[94mHttpSession.cpp[0m:[95m576[0m [96mhandleGetGraphData[0m] get_graph_data success
[2026-09-01 06:18:42.740] [info] [[94mControllerAndOtherEventHandler.cpp[0m:[95m239[0m [96moperator()[0m] Accepted new connection
[2026-09-01 06:18:42.740] [info] [[94mHttpSession.cpp[0m:[95m96[0m [96mhandleRequest[0m] Got request: GET /ndt/get_graph_data
[2026-09-01 06:18:42.741] [info] [[94mHttpSession.cpp[0m:[95m531[0m [96mhandleGetGraphData[0m] Handle Get Graph Data
[2026-09-01 06:18:42.761] [info] [[94mHttpSession.cpp[0m:[95m576[0m [96mhandleGetGraphData[0m] get_graph_data success
[2026-09-01 06:18:42.990] [info] [[94mControllerAndOtherEventHandler.cpp[0m:[95m239[0m [96moperator()[0m] Accepted new connection
[2026-09-01 06:18:42.991] [info] [[94mHttpSession.cpp[0m:[95m96[0m [96mhandleRequest[0m] Got request: GET /ndt/get_graph_data
[2026-09-01 06:18:42.991] [info] [[94mHttpSession.cpp[0m:[95m531[0m [96mhandleGetGraphData[0m] Handle Get Graph Data
[2026-09-01 06:18:43.005] [info] [[94mHttpSession.cpp[0m:[95m576[0m [96mhandleGetGraphData[0m] get_graph_data success
[2026-09-01 06:18:43.240] [info] [[94mControllerAndOtherEventHandler.cpp[0m:[95m239[0m [96moperator()[0m] Accepted new connection
[2026-09-01 06:18:43.240] [info] [[94mHttpSession.cpp[0m:[95m96[0m [96mhandleRequest[0m] Got request: GET /ndt/get_graph_data
[2026-09-01 06:18:43.240] [info] [[94mHttpSession.cpp[0m:[95m531[0m [96mhandleGetGraphData[0m] Handle Get Graph Data
[2026-09-01 06:18:43.255] [info] [[94mHttpSession.cpp[0m:[95m576[0m [96mhandleGetGraphData[0m] get_graph_data success
[2026-09-01 06:18:43.489] [info] [[94mControllerAndOtherEventHandler.cpp[0m:[95m239[0m [96moperator()[0m] Accepted new connection
[2026-09-01 06:18:43.490] [info] [[94mHttpSession.cpp[0m:[95m96[0m [96mhandleRequest[0m] Got request: GET /ndt/get_graph_data
[2026-09-01 06:18:43.490] [info] [[94mHttpSession.cpp[0m:[95m531[0m [96mhandleGetGraphData[0m] Handle Get Graph Data
[2026-09-01 06:18:43.503] [info] [[94mHttpSession.cpp[0m:[95m576[0m [96mhandleGetGraphData[0m] get_graph_data success
[2026-09-01 06:18:43.740] [info] [[94mControllerAndOtherEventHandler.cpp[0m:[95m239[0m [96moperator()[0m] Accepted new connection
[2026-09-01 06:18:43.740] [info] [[94mHttpSession.cpp[0m:[95m96[0m [96mhandleRequest[0m] Got request: GET /ndt/get_graph_data
[2026-09-01 06:18:43.740] [info] [[94mHttpSession.cpp[0m:[95m531[0m [96mhandleGetGraphData[0m] Handle Get Graph Data
[2026-09-01 06:18:43.758] [info] [[94mHttpSession.cpp[0m:[95m576[0m [96mhandleGetGraphData[0m] get_graph_data success
[2026-09-01 06:18:43.990] [info] [[94mControllerAndOtherEventHandler.cpp[0m:[95m239[0m [96moperator()[0m] Accepted new connection
[2026-09-01 06:18:43.991] [info] [[94mHttpSession.cpp[0m:[95m96[0m [96mhandleRequest[0m] Got request: GET /ndt/get_graph_data
[2026-09-01 06:18:43.991] [info] [[94mHttpSession.cpp[0m:[95m531[0m [96mhandleGetGraphData[0m] Handle Get Graph Data
[2026-09-01 06:18:44.007] [info] [[94mHttpSession.cpp[0m:[95m576[0m [96mhandleGetGraphData[0m] get_graph_data success
[2026-09-01 06:18:44.240] [info] [[94mControllerAndOtherEventHandler.cpp[0m:[95m239[0m [96moperator()[0m] Accepted new connection
[2026-09-01 06:18:44.240] [info] [[94mHttpSession.cpp[0m:[95m96[0m [96mhandleRequest[0m] Got request: GET /ndt/get_graph_data
[2026-09-01 06:18:44.240] [info] [[94mHttpSession.cpp[0m:[95m531[0m [96mhandleGetGraphData[0m] Handle Get Graph Data
[2026-09-01 06:18:44.259] [info] [[94mHttpSession.cpp[0m:[95m576[0m [96mhandleGetGraphData[0m] get_graph_data success
[2026-09-01 06:18:44.491] [info] [[94mControllerAndOtherEventHandler.cpp[0m:[95m239[0m [96moperator()[0m] Accepted new connection
[2026-09-01 06:18:44.491] [info] [[94mHttpSession.cpp[0m:[95m96[0m [96mhandleRequest[0m] Got request: GET /ndt/get_graph_data
[2026-09-01 06:18:44.491] [info] [[94mHttpSession.cpp[0m:[95m531[0m [96mhandleGetGraphData[0m] Handle Get Graph Data
[2026-09-01 06:18:44.510] [info] [[94mHttpSession.cpp[0m:[95m576[0m [96mhandleGetGraphData[0m] get_graph_data success
[2026-09-01 06:18:44.741] [info] [[94mControllerAndOtherEventHandler.cpp[0m:[95m239[0m [96moperator()[0m] Accepted new connection
[2026-09-01 06:18:44.741] [info] [[94mHttpSession.cpp[0m:[95m96[0m [96mhandleRequest[0m] Got request: GET /ndt/get_graph_data
[2026-09-01 06:18:44.741] [info] [[94mHttpSession.cpp[0m:[95m531[0m [96mhandleGetGraphData[0m] Handle Get Graph Data
[2026-09-01 06:18:44.759] [info] [[94mHttpSession.cpp[0m:[95m576[0m [96mhandleGetGraphData[0m] get_graph_data success
[2026-09-01 06:18:44.991] [info] [[94mControllerAndOtherEventHandler.cpp[0m:[95m239[0m [96moperator()[0m] Accepted new connection
[2026-09-01 06:18:44.991] [info] [[94mHttpSession.cpp[0m:[95m96[0m [96mhandleRequest[0m] Got request: GET /ndt/get_graph_data
[2026-09-01 06:18:44.991] [info] [[94mHttpSession.cpp[0m:[95m531[0m [96mhandleGetGraphData[0m] Handle Get Graph Data
[2026-09-01 06:18:45.011] [info] [[94mHttpSession.cpp[0m:[95m576[0m [96mhandleGetGraphData[0m] get_graph_data success
[2026-09-01 06:18:45.240] [info] [[94mControllerAndOtherEventHandler.cpp[0m:[95m239[0m [96moperator()[0m] Accepted new connection
[2026-09-01 06:18:45.241] [info] [[94mHttpSession.cpp[0m:[95m96[0m [96mhandleRequest[0m] Got request: GET /ndt/get_graph_data
[2026-09-01 06:18:45.241] [info] [[94mHttpSession.cpp[0m:[95m531[0m [96mhandleGetGraphData[0m] Handle Get Graph Data
[2026-09-01 06:18:45.260] [info] [[94mHttpSession.cpp[0m:[95m576[0m [96mhandleGetGraphData[0m] get_graph_data success
[2026-09-01 06:18:45.490] [info] [[94mControllerAndOtherEventHandler.cpp[0m:[95m239[0m [96moperator()[0m] Accepted new connection
[2026-09-01 06:18:45.490] [info] [[94mHttpSession.cpp[0m:[95m96[0m [96mhandleRequest[0m] Got request: GET /ndt/get_graph_data
[2026-09-01 06:18:45.524] [info] [[94mHttpSession.cpp[0m:[95m531[0m [96mhandleGetGraphData[0m] Handle Get Graph Data
[2026-09-01 06:18:45.538] [info] [[94mHttpSession.cpp[0m:[95m576[0m [96mhandleGetGraphData[0m] get_graph_data success
[2026-09-01 06:18:45.741] [info] [[94mControllerAndOtherEventHandler.cpp[0m:[95m239[0m [96moperator()[0m] Accepted new connection
[2026-09-01 06:18:45.741] [info] [[94mHttpSession.cpp[0m:[95m96[0m [96mhandleRequest[0m] Got request: GET /ndt/get_graph_data
[2026-09-01 06:18:45.741] [info] [[94mHttpSession.cpp[0m:[95m531[0m [96mhandleGetGraphData[0m] Handle Get Graph Data
[2026-09-01 06:18:45.755] [info] [[94mHttpSession.cpp[0m:[95m576[0m [96mhandleGetGraphData[0m] get_graph_data success
[2026-09-01 06:18:45.991] [info] [[94mControllerAndOtherEventHandler.cpp[0m:[95m239[0m [96moperator()[0m] Accepted new connection
[2026-09-01 06:18:45.992] [info] [[94mHttpSession.cpp[0m:[95m96[0m [96mhandleRequest[0m] Got request: GET /ndt/get_graph_data
[2026-09-01 06:18:45.992] [info] [[94mHttpSession.cpp[0m:[95m531[0m [96mhandleGetGraphData[0m] Handle Get Graph Data
[2026-09-01 06:18:46.010] [info] [[94mHttpSession.cpp[0m:[95m576[0m [96mhandleGetGraphData[0m] get_graph_data success
[2026-09-01 06:18:46.241] [info] [[94mControllerAndOtherEventHandler.cpp[0m:[95m239[0m [96moperator()[0m] Accepted new connection
[2026-09-01 06:18:46.241] [info] [[94mHttpSession.cpp[0m:[95m96[0m [96mhandleRequest[0m] Got request: GET /ndt/get_graph_data
[2026-09-01 06:18:46.241] [info] [[94mHttpSession.cpp[0m:[95m531[0m [96mhandleGetGraphData[0m] Handle Get Graph Data
[2026-09-01 06:18:46.254] [info] [[94mHttpSession.cpp[0m:[95m576[0m [96mhandleGetGraphData[0m] get_graph_data success
[2026-09-01 06:18:46.490] [info] [[94mControllerAndOtherEventHandler.cpp[0m:[95m239[0m [96moperator()[0m] Accepted new connection
[2026-09-01 06:18:46.491] [info] [[94mHttpSession.cpp[0m:[95m96[0m [96mhandleRequest[0m] Got request: GET /ndt/get_graph_data
[2026-09-01 06:18:46.491] [info] [[94mHttpSession.cpp[0m:[95m531[0m [96mhandleGetGraphData[0m] Handle Get Graph Data
[2026-09-01 06:18:46.506] [info] [[94mHttpSession.cpp[0m:[95m576[0m [96mhandleGetGraphData[0m] get_graph_data success
[2026-09-01 06:18:46.741] [info] [[94mControllerAndOtherEventHandler.cpp[0m:[95m239[0m [96moperator()[0m] Accepted new connection
[2026-09-01 06:18:46.742] [info] [[94mHttpSession.cpp[0m:[95m96[0m [96mhandleRequest[0m] Got request: GET /ndt/get_graph_data
[2026-09-01 06:18:46.742] [info] [[94mHttpSession.cpp[0m:[95m531[0m [96mhandleGetGraphData[0m] Handle Get Graph Data
[2026-09-01 06:18:46.761] [info] [[94mHttpSession.cpp[0m:[95m576[0m [96mhandleGetGraphData[0m] get_graph_data success
[2026-09-01 06:18:46.992] [info] [[94mControllerAndOtherEventHandler.cpp[0m:[95m239[0m [96moperator()[0m] Accepted new connection
[2026-09-01 06:18:46.992] [info] [[94mHttpSession.cpp[0m:[95m96[0m [96mhandleRequest[0m] Got request: GET /ndt/get_graph_data
[2026-09-01 06:18:46.992] [info] [[94mHttpSession.cpp[0m:[95m531[0m [96mhandleGetGraphData[0m] Handle Get Graph Data
[2026-09-01 06:18:47.007] [info] [[94mHttpSession.cpp[0m:[95m576[0m [96mhandleGetGraphData[0m] get_graph_data success
[2026-09-01 06:18:47.241] [info] [[94mControllerAndOtherEventHandler.cpp[0m:[95m239[0m [96moperator()[0m] Accepted new connection
[2026-09-01 06:18:47.241] [info] [[94mHttpSession.cpp[0m:[95m96[0m [96mhandleRequest[0m] Got request: GET /ndt/get_graph_data
[2026-09-01 06:18:47.241] [info] [[94mHttpSession.cpp[0m:[95m531[0m [96mhandleGetGraphData[0m] Handle Get Graph Data
[2026-09-01 06:18:47.261] [info] [[94mHttpSession.cpp[0m:[95m576[0m [96mhandleGetGraphData[0m] get_graph_data success
[2026-09-01 06:18:47.492] [info] [[94mControllerAndOtherEventHandler.cpp[0m:[95m239[0m [96moperator()[0m] Accepted new connection
[2026-09-01 06:18:47.492] [info] [[94mHttpSession.cpp[0m:[95m96[0m [96mhandleRequest[0m] Got request: GET /ndt/get_graph_data
[2026-09-01 06:18:47.492] [info] [[94mHttpSession.cpp[0m:[95m531[0m [96mhandleGetGraphData[0m] Handle Get Graph Data
[2026-09-01 06:18:47.510] [info] [[94mHttpSession.cpp[0m:[95m576[0m [96mhandleGetGraphData[0m] get_graph_data success
[2026-09-01 06:18:47.742] [info] [[94mControllerAndOtherEventHandler.cpp[0m:[95m239[0m [96moperator()[0m] Accepted new connection
[2026-09-01 06:18:47.742] [info] [[94mHttpSession.cpp[0m:[95m96[0m [96mhandleRequest[0m] Got request: GET /ndt/get_graph_data
[2026-09-01 06:18:47.742] [info] [[94mHttpSession.cpp[0m:[95m531[0m [96mhandleGetGraphData[0m] Handle Get Graph Data
[2026-09-01 06:18:47.761] [info] [[94mHttpSession.cpp[0m:[95m576[0m [96mhandleGetGraphData[0m] get_graph_data success
[2026-09-01 06:18:47.992] [info] [[94mControllerAndOtherEventHandler.cpp[0m:[95m239[0m [96moperator()[0m] Accepted new connection
[2026-09-01 06:18:47.992] [info] [[94mHttpSession.cpp[0m:[95m96[0m [96mhandleRequest[0m] Got request: GET /ndt/get_graph_data
[2026-09-01 06:18:47.992] [info] [[94mHttpSession.cpp[0m:[95m531[0m [96mhandleGetGraphData[0m] Handle Get Graph Data
[2026-09-01 06:18:48.010] [info] [[94mHttpSession.cpp[0m:[95m576[0m [96mhandleGetGraphData[0m] get_graph_data success
[2026-09-01 06:18:48.242] [info] [[94mControllerAndOtherEventHandler.cpp[0m:[95m239[0m [96moperator()[0m] Accepted new connection
[2026-09-01 06:18:48.242] [info] [[94mHttpSession.cpp[0m:[95m96[0m [96mhandleRequest[0m] Got request: GET /ndt/get_graph_data
[2026-09-01 06:18:48.242] [info] [[94mHttpSession.cpp[0m:[95m531[0m [96mhandleGetGraphData[0m] Handle Get Graph Data
[2026-09-01 06:18:48.261] [info] [[94mHttpSession.cpp[0m:[95m576[0m [96mhandleGetGraphData[0m] get_graph_data success
[2026-09-01 06:18:48.492] [info] [[94mControllerAndOtherEventHandler.cpp[0m:[95m239[0m [96moperator()[0m] Accepted new connection
[2026-09-01 06:18:48.492] [info] [[94mHttpSession.cpp[0m:[95m96[0m [96mhandleRequest[0m] Got request: GET /ndt/get_graph_data
[2026-09-01 06:18:48.492] [info] [[94mHttpSession.cpp[0m:[95m531[0m [96mhandleGetGraphData[0m] Handle Get Graph Data
[2026-09-01 06:18:48.511] [info] [[94mHttpSession.cpp[0m:[95m576[0m [96mhandleGetGraphData[0m] get_graph_data success
[2026-09-01 06:18:48.742] [info] [[94mControllerAndOtherEventHandler.cpp[0m:[95m239[0m [96moperator()[0m] Accepted new connection
[2026-09-01 06:18:48.742] [info] [[94mHttpSession.cpp[0m:[95m96[0m [96mhandleRequest[0m] Got request: GET /ndt/get_graph_data
[2026-09-01 06:18:48.742] [info] [[94mHttpSession.cpp[0m:[95m531[0m [96mhandleGetGraphData[0m] Handle Get Graph Data
[2026-09-01 06:18:48.762] [info] [[94mHttpSession.cpp[0m:[95m576[0m [96mhandleGetGraphData[0m] get_graph_data success
[2026-09-01 06:18:48.992] [info] [[94mControllerAndOtherEventHandler.cpp[0m:[95m239[0m [96moperator()[0m] Accepted new connection
[2026-09-01 06:18:48.992] [info] [[94mHttpSession.cpp[0m:[95m96[0m [96mhandleRequest[0m] Got request: GET /ndt/get_graph_data
[2026-09-01 06:18:48.992] [info] [[94mHttpSession.cpp[0m:[95m531[0m [96mhandleGetGraphData[0m] Handle Get Graph Data
[2026-09-01 06:18:49.012] [info] [[94mHttpSession.cpp[0m:[95m576[0m [96mhandleGetGraphData[0m] get_graph_data success
[2026-09-01 06:18:49.242] [info] [[94mControllerAndOtherEventHandler.cpp[0m:[95m239[0m [96moperator()[0m] Accepted new connection
[2026-09-01 06:18:49.242] [info] [[94mHttpSession.cpp[0m:[95m96[0m [96mhandleRequest[0m] Got request: GET /ndt/get_graph_data
[2026-09-01 06:18:49.242] [info] [[94mHttpSession.cpp[0m:[95m531[0m [96mhandleGetGraphData[0m] Handle Get Graph Data
[2026-09-01 06:18:49.260] [info] [[94mHttpSession.cpp[0m:[95m576[0m [96mhandleGetGraphData[0m] get_graph_data success
[2026-09-01 06:18:49.492] [info] [[94mControllerAndOtherEventHandler.cpp[0m:[95m239[0m [96moperator()[0m] Accepted new connection
[2026-09-01 06:18:49.492] [info] [[94mHttpSession.cpp[0m:[95m96[0m [96mhandleRequest[0m] Got request: GET /ndt/get_graph_data
[2026-09-01 06:18:49.492] [info] [[94mHttpSession.cpp[0m:[95m531[0m [96mhandleGetGraphData[0m] Handle Get Graph Data
[2026-09-01 06:18:49.507] [info] [[94mHttpSession.cpp[0m:[95m576[0m [96mhandleGetGraphData[0m] get_graph_data success
[2026-09-01 06:18:49.742] [info] [[94mControllerAndOtherEventHandler.cpp[0m:[95m239[0m [96moperator()[0m] Accepted new connection
[2026-09-01 06:18:49.742] [info] [[94mHttpSession.cpp[0m:[95m96[0m [96mhandleRequest[0m] Got request: GET /ndt/get_graph_data
[2026-09-01 06:18:49.742] [info] [[94mHttpSession.cpp[0m:[95m531[0m [96mhandleGetGraphData[0m] Handle Get Graph Data
[2026-09-01 06:18:49.756] [info] [[94mHttpSession.cpp[0m:[95m576[0m [96mhandleGetGraphData[0m] get_graph_data success
[2026-09-01 06:18:49.993] [info] [[94mControllerAndOtherEventHandler.cpp[0m:[95m239[0m [96moperator()[0m] Accepted new connection
[2026-09-01 06:18:49.993] [info] [[94mHttpSession.cpp[0m:[95m96[0m [96mhandleRequest[0m] Got request: GET /ndt/get_graph_data
[2026-09-01 06:18:49.993] [info] [[94mHttpSession.cpp[0m:[95m531[0m [96mhandleGetGraphData[0m] Handle Get Graph Data
[2026-09-01 06:18:50.012] [info] [[94mHttpSession.cpp[0m:[95m576[0m [96mhandleGetGraphData[0m] get_graph_data success
[2026-09-01 06:18:50.242] [info] [[94mControllerAndOtherEventHandler.cpp[0m:[95m239[0m [96moperator()[0m] Accepted new connection
[2026-09-01 06:18:50.242] [info] [[94mHttpSession.cpp[0m:[95m96[0m [96mhandleRequest[0m] Got request: GET /ndt/get_graph_data
[2026-09-01 06:18:50.242] [info] [[94mHttpSession.cpp[0m:[95m531[0m [96mhandleGetGraphData[0m] Handle Get Graph Data
[2026-09-01 06:18:50.257] [info] [[94mHttpSession.cpp[0m:[95m576[0m [96mhandleGetGraphData[0m] get_graph_data success
[2026-09-01 06:18:50.492] [info] [[94mControllerAndOtherEventHandler.cpp[0m:[95m239[0m [96moperator()[0m] Accepted new connection
[2026-09-01 06:18:50.492] [info] [[94mHttpSession.cpp[0m:[95m96[0m [96mhandleRequest[0m] Got request: GET /ndt/get_graph_data
[2026-09-01 06:18:50.492] [info] [[94mHttpSession.cpp[0m:[95m531[0m [96mhandleGetGraphData[0m] Handle Get Graph Data
[2026-09-01 06:18:50.505] [info] [[94mHttpSession.cpp[0m:[95m576[0m [96mhandleGetGraphData[0m] get_graph_data success
[2026-09-01 06:18:50.743] [info] [[94mControllerAndOtherEventHandler.cpp[0m:[95m239[0m [96moperator()[0m] Accepted new connection
[2026-09-01 06:18:50.743] [info] [[94mHttpSession.cpp[0m:[95m96[0m [96mhandleRequest[0m] Got request: GET /ndt/get_graph_data
[2026-09-01 06:18:50.743] [info] [[94mHttpSession.cpp[0m:[95m531[0m [96mhandleGetGraphData[0m] Handle Get Graph Data
[2026-09-01 06:18:50.763] [info] [[94mHttpSession.cpp[0m:[95m576[0m [96mhandleGetGraphData[0m] get_graph_data success
[2026-09-01 06:18:50.992] [info] [[94mControllerAndOtherEventHandler.cpp[0m:[95m239[0m [96moperator()[0m] Accepted new connection
[2026-09-01 06:18:50.992] [info] [[94mHttpSession.cpp[0m:[95m96[0m [96mhandleRequest[0m] Got request: GET /ndt/get_graph_data
[2026-09-01 06:18:50.992] [info] [[94mHttpSession.cpp[0m:[95m531[0m [96mhandleGetGraphData[0m] Handle Get Graph Data
[2026-09-01 06:18:51.011] [info] [[94mHttpSession.cpp[0m:[95m576[0m [96mhandleGetGraphData[0m] get_graph_data success
[2026-09-01 06:18:51.242] [info] [[94mControllerAndOtherEventHandler.cpp[0m:[95m239[0m [96moperator()[0m] Accepted new connection
[2026-09-01 06:18:51.242] [info] [[94mHttpSession.cpp[0m:[95m96[0m [96mhandleRequest[0m] Got request: GET /ndt/get_graph_data
[2026-09-01 06:18:51.242] [info] [[94mHttpSession.cpp[0m:[95m531[0m [96mhandleGetGraphData[0m] Handle Get Graph Data
[2026-09-01 06:18:51.258] [info] [[94mHttpSession.cpp[0m:[95m576[0m [96mhandleGetGraphData[0m] get_graph_data success
[2026-09-01 06:18:51.492] [info] [[94mControllerAndOtherEventHandler.cpp[0m:[95m239[0m [96moperator()[0m] Accepted new connection
[2026-09-01 06:18:51.493] [info] [[94mHttpSession.cpp[0m:[95m96[0m [96mhandleRequest[0m] Got request: GET /ndt/get_graph_data
[2026-09-01 06:18:51.493] [info] [[94mHttpSession.cpp[0m:[95m531[0m [96mhandleGetGraphData[0m] Handle Get Graph Data
[2026-09-01 06:18:51.512] [info] [[94mHttpSession.cpp[0m:[95m576[0m [96mhandleGetGraphData[0m] get_graph_data success
[2026-09-01 06:18:51.742] [info] [[94mControllerAndOtherEventHandler.cpp[0m:[95m239[0m [96moperator()[0m] Accepted new connection
[2026-09-01 06:18:51.745] [info] [[94mHttpSession.cpp[0m:[95m96[0m [96mhandleRequest[0m] Got request: GET /ndt/get_graph_data
[2026-09-01 06:18:51.745] [info] [[94mHttpSession.cpp[0m:[95m531[0m [96mhandleGetGraphData[0m] Handle Get Graph Data
[2026-09-01 06:18:51.765] [info] [[94mHttpSession.cpp[0m:[95m576[0m [96mhandleGetGraphData[0m] get_graph_data success
[2026-09-01 06:18:51.993] [info] [[94mControllerAndOtherEventHandler.cpp[0m:[95m239[0m [96moperator()[0m] Accepted new connection
[2026-09-01 06:18:51.993] [info] [[94mHttpSession.cpp[0m:[95m96[0m [96mhandleRequest[0m] Got request: GET /ndt/get_graph_data
[2026-09-01 06:18:51.993] [info] [[94mHttpSession.cpp[0m:[95m531[0m [96mhandleGetGraphData[0m] Handle Get Graph Data
[2026-09-01 06:18:52.014] [info] [[94mHttpSession.cpp[0m:[95m576[0m [96mhandleGetGraphData[0m] get_graph_data success
[2026-09-01 06:18:52.243] [info] [[94mControllerAndOtherEventHandler.cpp[0m:[95m239[0m [96moperator()[0m] Accepted new connection
[2026-09-01 06:18:52.243] [info] [[94mHttpSession.cpp[0m:[95m96[0m [96mhandleRequest[0m] Got request: GET /ndt/get_graph_data
[2026-09-01 06:18:52.243] [info] [[94mHttpSession.cpp[0m:[95m531[0m [96mhandleGetGraphData[0m] Handle Get Graph Data
[2026-09-01 06:18:52.263] [info] [[94mHttpSession.cpp[0m:[95m576[0m [96mhandleGetGraphData[0m] get_graph_data success
[2026-09-01 06:18:52.493] [info] [[94mControllerAndOtherEventHandler.cpp[0m:[95m239[0m [96moperator()[0m] Accepted new connection
[2026-09-01 06:18:52.494] [info] [[94mHttpSession.cpp[0m:[95m96[0m [96mhandleRequest[0m] Got request: GET /ndt/get_graph_data
[2026-09-01 06:18:52.494] [info] [[94mHttpSession.cpp[0m:[95m531[0m [96mhandleGetGraphData[0m] Handle Get Graph Data
[2026-09-01 06:18:52.514] [info] [[94mHttpSession.cpp[0m:[95m576[0m [96mhandleGetGraphData[0m] get_graph_data success
[2026-09-01 06:18:52.743] [info] [[94mControllerAndOtherEventHandler.cpp[0m:[95m239[0m [96moperator()[0m] Accepted new connection
[2026-09-01 06:18:52.744] [info] [[94mHttpSession.cpp[0m:[95m96[0m [96mhandleRequest[0m] Got request: GET /ndt/get_graph_data
[2026-09-01 06:18:52.744] [info] [[94mHttpSession.cpp[0m:[95m531[0m [96mhandleGetGraphData[0m] Handle Get Graph Data
[2026-09-01 06:18:52.764] [info] [[94mHttpSession.cpp[0m:[95m576[0m [96mhandleGetGraphData[0m] get_graph_data success
[2026-09-01 06:18:52.993] [info] [[94mControllerAndOtherEventHandler.cpp[0m:[95m239[0m [96moperator()[0m] Accepted new connection
[2026-09-01 06:18:52.993] [info] [[94mHttpSession.cpp[0m:[95m96[0m [96mhandleRequest[0m] Got request: GET /ndt/get_graph_data
[2026-09-01 06:18:52.993] [info] [[94mHttpSession.cpp[0m:[95m531[0m [96mhandleGetGraphData[0m] Handle Get Graph Data
[2026-09-01 06:18:53.008] [info] [[94mHttpSession.cpp[0m:[95m576[0m [96mhandleGetGraphData[0m] get_graph_data success
[2026-09-01 06:18:53.243] [info] [[94mControllerAndOtherEventHandler.cpp[0m:[95m239[0m [96moperator()[0m] Accepted new connection
[2026-09-01 06:18:53.243] [info] [[94mHttpSession.cpp[0m:[95m96[0m [96mhandleRequest[0m] Got request: GET /ndt/get_graph_data
[2026-09-01 06:18:53.243] [info] [[94mHttpSession.cpp[0m:[95m531[0m [96mhandleGetGraphData[0m] Handle Get Graph Data
[2026-09-01 06:18:53.261] [info] [[94mHttpSession.cpp[0m:[95m576[0m [96mhandleGetGraphData[0m] get_graph_data success
[2026-09-01 06:18:53.493] [info] [[94mControllerAndOtherEventHandler.cpp[0m:[95m239[0m [96moperator()[0m] Accepted new connection
[2026-09-01 06:18:53.493] [info] [[94mHttpSession.cpp[0m:[95m96[0m [96mhandleRequest[0m] Got request: GET /ndt/get_graph_data
[2026-09-01 06:18:53.493] [info] [[94mHttpSession.cpp[0m:[95m531[0m [96mhandleGetGraphData[0m] Handle Get Graph Data
[2026-09-01 06:18:53.508] [info] [[94mHttpSession.cpp[0m:[95m576[0m [96mhandleGetGraphData[0m] get_graph_data success
[2026-09-01 06:18:53.743] [info] [[94mControllerAndOtherEventHandler.cpp[0m:[95m239[0m [96moperator()[0m] Accepted new connection
[2026-09-01 06:18:53.743] [info] [[94mHttpSession.cpp[0m:[95m96[0m [96mhandleRequest[0m] Got request: GET /ndt/get_graph_data
[2026-09-01 06:18:53.743] [info] [[94mHttpSession.cpp[0m:[95m531[0m [96mhandleGetGraphData[0m] Handle Get Graph Data
[2026-09-01 06:18:53.761] [info] [[94mHttpSession.cpp[0m:[95m576[0m [96mhandleGetGraphData[0m] get_graph_data success
[2026-09-01 06:18:53.993] [info] [[94mControllerAndOtherEventHandler.cpp[0m:[95m239[0m [96moperator()[0m] Accepted new connection
[2026-09-01 06:18:53.993] [info] [[94mHttpSession.cpp[0m:[95m96[0m [96mhandleRequest[0m] Got request: GET /ndt/get_graph_data
[2026-09-01 06:18:53.993] [info] [[94mHttpSession.cpp[0m:[95m531[0m [96mhandleGetGraphData[0m] Handle Get Graph Data
[2026-09-01 06:18:54.008] [info] [[94mHttpSession.cpp[0m:[95m576[0m [96mhandleGetGraphData[0m] get_graph_data success
[2026-09-01 06:18:54.243] [info] [[94mControllerAndOtherEventHandler.cpp[0m:[95m239[0m [96moperator()[0m] Accepted new connection
[2026-09-01 06:18:54.243] [info] [[94mHttpSession.cpp[0m:[95m96[0m [96mhandleRequest[0m] Got request: GET /ndt/get_graph_data
[2026-09-01 06:18:54.243] [info] [[94mHttpSession.cpp[0m:[95m531[0m [96mhandleGetGraphData[0m] Handle Get Graph Data
[2026-09-01 06:18:54.259] [info] [[94mHttpSession.cpp[0m:[95m576[0m [96mhandleGetGraphData[0m] get_graph_data success
[2026-09-01 06:18:54.493] [info] [[94mControllerAndOtherEventHandler.cpp[0m:[95m239[0m [96moperator()[0m] Accepted new connection
[2026-09-01 06:18:54.494] [info] [[94mHttpSession.cpp[0m:[95m96[0m [96mhandleRequest[0m] Got request: GET /ndt/get_graph_data
[2026-09-01 06:18:54.494] [info] [[94mHttpSession.cpp[0m:[95m531[0m [96mhandleGetGraphData[0m] Handle Get Graph Data
[2026-09-01 06:18:54.509] [info] [[94mHttpSession.cpp[0m:[95m576[0m [96mhandleGetGraphData[0m] get_graph_data success
[2026-09-01 06:18:54.744] [info] [[94mControllerAndOtherEventHandler.cpp[0m:[95m239[0m [96moperator()[0m] Accepted new connection
[2026-09-01 06:18:54.744] [info] [[94mHttpSession.cpp[0m:[95m96[0m [96mhandleRequest[0m] Got request: GET /ndt/get_graph_data
[2026-09-01 06:18:54.744] [info] [[94mHttpSession.cpp[0m:[95m531[0m [96mhandleGetGraphData[0m] Handle Get Graph Data
[2026-09-01 06:18:54.757] [info] [[94mHttpSession.cpp[0m:[95m576[0m [96mhandleGetGraphData[0m] get_graph_data success
[2026-09-01 06:18:54.994] [info] [[94mControllerAndOtherEventHandler.cpp[0m:[95m239[0m [96moperator()[0m] Accepted new connection
[2026-09-01 06:18:54.994] [info] [[94mHttpSession.cpp[0m:[95m96[0m [96mhandleRequest[0m] Got request: GET /ndt/get_graph_data
[2026-09-01 06:18:54.994] [info] [[94mHttpSession.cpp[0m:[95m531[0m [96mhandleGetGraphData[0m] Handle Get Graph Data
[2026-09-01 06:18:55.012] [info] [[94mHttpSession.cpp[0m:[95m576[0m [96mhandleGetGraphData[0m] get_graph_data success
[2026-09-01 06:18:55.243] [info] [[94mControllerAndOtherEventHandler.cpp[0m:[95m239[0m [96moperator()[0m] Accepted new connection
[2026-09-01 06:18:55.244] [info] [[94mHttpSession.cpp[0m:[95m96[0m [96mhandleRequest[0m] Got request: GET /ndt/get_graph_data
[2026-09-01 06:18:55.244] [info] [[94mHttpSession.cpp[0m:[95m531[0m [96mhandleGetGraphData[0m] Handle Get Graph Data
[2026-09-01 06:18:55.258] [info] [[94mHttpSession.cpp[0m:[95m576[0m [96mhandleGetGraphData[0m] get_graph_data success
[2026-09-01 06:18:55.494] [info] [[94mControllerAndOtherEventHandler.cpp[0m:[95m239[0m [96moperator()[0m] Accepted new connection
[2026-09-01 06:18:55.494] [info] [[94mHttpSession.cpp[0m:[95m96[0m [96mhandleRequest[0m] Got request: GET /ndt/get_graph_data
[2026-09-01 06:18:55.494] [info] [[94mHttpSession.cpp[0m:[95m531[0m [96mhandleGetGraphData[0m] Handle Get Graph Data
[2026-09-01 06:18:55.513] [info] [[94mHttpSession.cpp[0m:[95m576[0m [96mhandleGetGraphData[0m] get_graph_data success
[2026-09-01 06:18:55.744] [info] [[94mControllerAndOtherEventHandler.cpp[0m:[95m239[0m [96moperator()[0m] Accepted new connection
[2026-09-01 06:18:55.744] [info] [[94mHttpSession.cpp[0m:[95m96[0m [96mhandleRequest[0m] Got request: GET /ndt/get_graph_data
[2026-09-01 06:18:55.744] [info] [[94mHttpSession.cpp[0m:[95m531[0m [96mhandleGetGraphData[0m] Handle Get Graph Data
[2026-09-01 06:18:55.761] [info] [[94mHttpSession.cpp[0m:[95m576[0m [96mhandleGetGraphData[0m] get_graph_data success
[2026-09-01 06:18:55.994] [info] [[94mControllerAndOtherEventHandler.cpp[0m:[95m239[0m [96moperator()[0m] Accepted new connection
[2026-09-01 06:18:55.994] [info] [[94mHttpSession.cpp[0m:[95m96[0m [96mhandleRequest[0m] Got request: GET /ndt/get_graph_data
[2026-09-01 06:18:55.994] [info] [[94mHttpSession.cpp[0m:[95m531[0m [96mhandleGetGraphData[0m] Handle Get Graph Data
[2026-09-01 06:18:56.009] [info] [[94mHttpSession.cpp[0m:[95m576[0m [96mhandleGetGraphData[0m] get_graph_data success
[2026-09-01 06:18:56.244] [info] [[94mControllerAndOtherEventHandler.cpp[0m:[95m239[0m [96moperator()[0m] Accepted new connection
[2026-09-01 06:18:56.244] [info] [[94mHttpSession.cpp[0m:[95m96[0m [96mhandleRequest[0m] Got request: GET /ndt/get_graph_data
[2026-09-01 06:18:56.244] [info] [[94mHttpSession.cpp[0m:[95m531[0m [96mhandleGetGraphData[0m] Handle Get Graph Data
[2026-09-01 06:18:56.257] [info] [[94mHttpSession.cpp[0m:[95m576[0m [96mhandleGetGraphData[0m] get_graph_data success
[2026-09-01 06:18:56.494] [info] [[94mControllerAndOtherEventHandler.cpp[0m:[95m239[0m [96moperator()[0m] Accepted new connection
[2026-09-01 06:18:56.494] [info] [[94mHttpSession.cpp[0m:[95m96[0m [96mhandleRequest[0m] Got request: GET /ndt/get_graph_data
[2026-09-01 06:18:56.494] [info] [[94mHttpSession.cpp[0m:[95m531[0m [96mhandleGetGraphData[0m] Handle Get Graph Data
[2026-09-01 06:18:56.512] [info] [[94mHttpSession.cpp[0m:[95m576[0m [96mhandleGetGraphData[0m] get_graph_data success
[2026-09-01 06:18:56.744] [info] [[94mControllerAndOtherEventHandler.cpp[0m:[95m239[0m [96moperator()[0m] Accepted new connection
[2026-09-01 06:18:56.744] [info] [[94mHttpSession.cpp[0m:[95m96[0m [96mhandleRequest[0m] Got request: GET /ndt/get_graph_data
[2026-09-01 06:18:56.744] [info] [[94mHttpSession.cpp[0m:[95m531[0m [96mhandleGetGraphData[0m] Handle Get Graph Data
[2026-09-01 06:18:56.761] [info] [[94mHttpSession.cpp[0m:[95m576[0m [96mhandleGetGraphData[0m] get_graph_data success
[2026-09-01 06:18:56.995] [info] [[94mControllerAndOtherEventHandler.cpp[0m:[95m239[0m [96moperator()[0m] Accepted new connection
[2026-09-01 06:18:56.995] [info] [[94mHttpSession.cpp[0m:[95m96[0m [96mhandleRequest[0m] Got request: GET /ndt/get_graph_data
[2026-09-01 06:18:56.995] [info] [[94mHttpSession.cpp[0m:[95m531[0m [96mhandleGetGraphData[0m] Handle Get Graph Data
[2026-09-01 06:18:57.013] [info] [[94mHttpSession.cpp[0m:[95m576[0m [96mhandleGetGraphData[0m] get_graph_data success
[2026-09-01 06:18:57.244] [info] [[94mControllerAndOtherEventHandler.cpp[0m:[95m239[0m [96moperator()[0m] Accepted new connection
[2026-09-01 06:18:57.244] [info] [[94mHttpSession.cpp[0m:[95m96[0m [96mhandleRequest[0m] Got request: GET /ndt/get_graph_data
[2026-09-01 06:18:57.244] [info] [[94mHttpSession.cpp[0m:[95m531[0m [96mhandleGetGraphData[0m] Handle Get Graph Data
[2026-09-01 06:18:57.264] [info] [[94mHttpSession.cpp[0m:[95m576[0m [96mhandleGetGraphData[0m] get_graph_data success
[2026-09-01 06:18:57.495] [info] [[94mControllerAndOtherEventHandler.cpp[0m:[95m239[0m [96moperator()[0m] Accepted new connection
[2026-09-01 06:18:57.495] [info] [[94mHttpSession.cpp[0m:[95m96[0m [96mhandleRequest[0m] Got request: GET /ndt/get_graph_data
[2026-09-01 06:18:57.495] [info] [[94mHttpSession.cpp[0m:[95m531[0m [96mhandleGetGraphData[0m] Handle Get Graph Data
[2026-09-01 06:18:57.510] [info] [[94mHttpSession.cpp[0m:[95m576[0m [96mhandleGetGraphData[0m] get_graph_data success
[2026-09-01 06:18:57.745] [info] [[94mControllerAndOtherEventHandler.cpp[0m:[95m239[0m [96moperator()[0m] Accepted new connection
[2026-09-01 06:18:57.745] [info] [[94mHttpSession.cpp[0m:[95m96[0m [96mhandleRequest[0m] Got request: GET /ndt/get_graph_data
[2026-09-01 06:18:57.745] [info] [[94mHttpSession.cpp[0m:[95m531[0m [96mhandleGetGraphData[0m] Handle Get Graph Data
[2026-09-01 06:18:57.760] [info] [[94mHttpSession.cpp[0m:[95m576[0m [96mhandleGetGraphData[0m] get_graph_data success
[2026-09-01 06:18:57.995] [info] [[94mControllerAndOtherEventHandler.cpp[0m:[95m239[0m [96moperator()[0m] Accepted new connection
[2026-09-01 06:18:57.995] [info] [[94mHttpSession.cpp[0m:[95m96[0m [96mhandleRequest[0m] Got request: GET /ndt/get_graph_data
[2026-09-01 06:18:57.995] [info] [[94mHttpSession.cpp[0m:[95m531[0m [96mhandleGetGraphData[0m] Handle Get Graph Data
[2026-09-01 06:18:58.009] [info] [[94mHttpSession.cpp[0m:[95m576[0m [96mhandleGetGraphData[0m] get_graph_data success
[2026-09-01 06:18:58.244] [info] [[94mControllerAndOtherEventHandler.cpp[0m:[95m239[0m [96moperator()[0m] Accepted new connection
[2026-09-01 06:18:58.244] [info] [[94mHttpSession.cpp[0m:[95m96[0m [96mhandleRequest[0m] Got request: GET /ndt/get_graph_data
[2026-09-01 06:18:58.244] [info] [[94mHttpSession.cpp[0m:[95m531[0m [96mhandleGetGraphData[0m] Handle Get Graph Data
[2026-09-01 06:18:58.257] [info] [[94mHttpSession.cpp[0m:[95m576[0m [96mhandleGetGraphData[0m] get_graph_data success
[2026-09-01 06:18:58.495] [info] [[94mControllerAndOtherEventHandler.cpp[0m:[95m239[0m [96moperator()[0m] Accepted new connection
[2026-09-01 06:18:58.495] [info] [[94mHttpSession.cpp[0m:[95m96[0m [96mhandleRequest[0m] Got request: GET /ndt/get_graph_data
[2026-09-01 06:18:58.495] [info] [[94mHttpSession.cpp[0m:[95m531[0m [96mhandleGetGraphData[0m] Handle Get Graph Data
[2026-09-01 06:18:58.514] [info] [[94mHttpSession.cpp[0m:[95m576[0m [96mhandleGetGraphData[0m] get_graph_data success
[2026-09-01 06:18:58.745] [info] [[94mControllerAndOtherEventHandler.cpp[0m:[95m239[0m [96moperator()[0m] Accepted new connection
[2026-09-01 06:18:58.745] [info] [[94mHttpSession.cpp[0m:[95m96[0m [96mhandleRequest[0m] Got request: GET /ndt/get_graph_data
[2026-09-01 06:18:58.745] [info] [[94mHttpSession.cpp[0m:[95m531[0m [96mhandleGetGraphData[0m] Handle Get Graph Data
[2026-09-01 06:18:58.759] [info] [[94mHttpSession.cpp[0m:[95m576[0m [96mhandleGetGraphData[0m] get_graph_data success
[2026-09-01 06:18:58.995] [info] [[94mControllerAndOtherEventHandler.cpp[0m:[95m239[0m [96moperator()[0m] Accepted new connection
[2026-09-01 06:18:58.996] [info] [[94mHttpSession.cpp[0m:[95m96[0m [96mhandleRequest[0m] Got request: GET /ndt/get_graph_data
[2026-09-01 06:18:58.996] [info] [[94mHttpSession.cpp[0m:[95m531[0m [96mhandleGetGraphData[0m] Handle Get Graph Data
[2026-09-01 06:18:59.014] [info] [[94mHttpSession.cpp[0m:[95m576[0m [96mhandleGetGraphData[0m] get_graph_data success
[2026-09-01 06:18:59.244] [info] [[94mControllerAndOtherEventHandler.cpp[0m:[95m239[0m [96moperator()[0m] Accepted new connection
[2026-09-01 06:18:59.245] [info] [[94mHttpSession.cpp[0m:[95m96[0m [96mhandleRequest[0m] Got request: GET /ndt/get_graph_data
[2026-09-01 06:18:59.245] [info] [[94mHttpSession.cpp[0m:[95m531[0m [96mhandleGetGraphData[0m] Handle Get Graph Data
[2026-09-01 06:18:59.258] [info] [[94mHttpSession.cpp[0m:[95m576[0m [96mhandleGetGraphData[0m] get_graph_data success
[2026-09-01 06:18:59.495] [info] [[94mControllerAndOtherEventHandler.cpp[0m:[95m239[0m [96moperator()[0m] Accepted new connection
[2026-09-01 06:18:59.495] [info] [[94mHttpSession.cpp[0m:[95m96[0m [96mhandleRequest[0m] Got request: GET /ndt/get_graph_data
[2026-09-01 06:18:59.495] [info] [[94mHttpSession.cpp[0m:[95m531[0m [96mhandleGetGraphData[0m] Handle Get Graph Data
[2026-09-01 06:18:59.509] [info] [[94mHttpSession.cpp[0m:[95m576[0m [96mhandleGetGraphData[0m] get_graph_data success
[2026-09-01 06:18:59.745] [info] [[94mControllerAndOtherEventHandler.cpp[0m:[95m239[0m [96moperator()[0m] Accepted new connection
[2026-09-01 06:18:59.746] [info] [[94mHttpSession.cpp[0m:[95m96[0m [96mhandleRequest[0m] Got request: GET /ndt/get_graph_data
[2026-09-01 06:18:59.746] [info] [[94mHttpSession.cpp[0m:[95m531[0m [96mhandleGetGraphData[0m] Handle Get Graph Data
[2026-09-01 06:18:59.764] [info] [[94mHttpSession.cpp[0m:[95m576[0m [96mhandleGetGraphData[0m] get_graph_data success
[2026-09-01 06:18:59.995] [info] [[94mControllerAndOtherEventHandler.cpp[0m:[95m239[0m [96moperator()[0m] Accepted new connection
[2026-09-01 06:18:59.995] [info] [[94mHttpSession.cpp[0m:[95m96[0m [96mhandleRequest[0m] Got request: GET /ndt/get_graph_data
[2026-09-01 06:18:59.995] [info] [[94mHttpSession.cpp[0m:[95m531[0m [96mhandleGetGraphData[0m] Handle Get Graph Data
[2026-09-01 06:19:00.013] [info] [[94mHttpSession.cpp[0m:[95m576[0m [96mhandleGetGraphData[0m] get_graph_data success
[2026-09-01 06:19:00.245] [info] [[94mControllerAndOtherEventHandler.cpp[0m:[95m239[0m [96moperator()[0m] Accepted new connection
[2026-09-01 06:19:00.246] [info] [[94mHttpSession.cpp[0m:[95m96[0m [96mhandleRequest[0m] Got request: GET /ndt/get_graph_data
[2026-09-01 06:19:00.246] [info] [[94mHttpSession.cpp[0m:[95m531[0m [96mhandleGetGraphData[0m] Handle Get Graph Data
[2026-09-01 06:19:00.264] [info] [[94mHttpSession.cpp[0m:[95m576[0m [96mhandleGetGraphData[0m] get_graph_data success
[2026-09-01 06:19:00.496] [info] [[94mControllerAndOtherEventHandler.cpp[0m:[95m239[0m [96moperator()[0m] Accepted new connection
[2026-09-01 06:19:00.496] [info] [[94mHttpSession.cpp[0m:[95m96[0m [96mhandleRequest[0m] Got request: GET /ndt/get_graph_data
[2026-09-01 06:19:00.496] [info] [[94mHttpSession.cpp[0m:[95m531[0m [96mhandleGetGraphData[0m] Handle Get Graph Data
[2026-09-01 06:19:00.515] [info] [[94mHttpSession.cpp[0m:[95m576[0m [96mhandleGetGraphData[0m] get_graph_data success
[2026-09-01 06:19:00.746] [info] [[94mControllerAndOtherEventHandler.cpp[0m:[95m239[0m [96moperator()[0m] Accepted new connection
[2026-09-01 06:19:00.746] [info] [[94mHttpSession.cpp[0m:[95m96[0m [96mhandleRequest[0m] Got request: GET /ndt/get_graph_data
[2026-09-01 06:19:00.746] [info] [[94mHttpSession.cpp[0m:[95m531[0m [96mhandleGetGraphData[0m] Handle Get Graph Data
[2026-09-01 06:19:00.765] [info] [[94mHttpSession.cpp[0m:[95m576[0m [96mhandleGetGraphData[0m] get_graph_data success
[2026-09-01 06:19:00.996] [info] [[94mControllerAndOtherEventHandler.cpp[0m:[95m239[0m [96moperator()[0m] Accepted new connection
[2026-09-01 06:19:00.996] [info] [[94mHttpSession.cpp[0m:[95m96[0m [96mhandleRequest[0m] Got request: GET /ndt/get_graph_data
[2026-09-01 06:19:00.996] [info] [[94mHttpSession.cpp[0m:[95m531[0m [96mhandleGetGraphData[0m] Handle Get Graph Data
[2026-09-01 06:19:01.016] [info] [[94mHttpSession.cpp[0m:[95m576[0m [96mhandleGetGraphData[0m] get_graph_data success
[2026-09-01 06:19:01.245] [info] [[94mControllerAndOtherEventHandler.cpp[0m:[95m239[0m [96moperator()[0m] Accepted new connection
[2026-09-01 06:19:01.245] [info] [[94mHttpSession.cpp[0m:[95m96[0m [96mhandleRequest[0m] Got request: GET /ndt/get_graph_data
[2026-09-01 06:19:01.245] [info] [[94mHttpSession.cpp[0m:[95m531[0m [96mhandleGetGraphData[0m] Handle Get Graph Data
[2026-09-01 06:19:01.264] [info] [[94mHttpSession.cpp[0m:[95m576[0m [96mhandleGetGraphData[0m] get_graph_data success
[2026-09-01 06:19:01.495] [info] [[94mControllerAndOtherEventHandler.cpp[0m:[95m239[0m [96moperator()[0m] Accepted new connection
[2026-09-01 06:19:01.495] [info] [[94mHttpSession.cpp[0m:[95m96[0m [96mhandleRequest[0m] Got request: GET /ndt/get_graph_data
[2026-09-01 06:19:01.495] [info] [[94mHttpSession.cpp[0m:[95m531[0m [96mhandleGetGraphData[0m] Handle Get Graph Data
[2026-09-01 06:19:01.514] [info] [[94mHttpSession.cpp[0m:[95m576[0m [96mhandleGetGraphData[0m] get_graph_data success
[2026-09-01 06:19:01.746] [info] [[94mControllerAndOtherEventHandler.cpp[0m:[95m239[0m [96moperator()[0m] Accepted new connection
[2026-09-01 06:19:01.746] [info] [[94mHttpSession.cpp[0m:[95m96[0m [96mhandleRequest[0m] Got request: GET /ndt/get_graph_data
[2026-09-01 06:19:01.746] [info] [[94mHttpSession.cpp[0m:[95m531[0m [96mhandleGetGraphData[0m] Handle Get Graph Data
[2026-09-01 06:19:01.763] [info] [[94mHttpSession.cpp[0m:[95m576[0m [96mhandleGetGraphData[0m] get_graph_data success
[2026-09-01 06:19:01.996] [info] [[94mControllerAndOtherEventHandler.cpp[0m:[95m239[0m [96moperator()[0m] Accepted new connection
[2026-09-01 06:19:01.996] [info] [[94mHttpSession.cpp[0m:[95m96[0m [96mhandleRequest[0m] Got request: GET /ndt/get_graph_data
[2026-09-01 06:19:01.996] [info] [[94mHttpSession.cpp[0m:[95m531[0m [96mhandleGetGraphData[0m] Handle Get Graph Data
[2026-09-01 06:19:02.015] [info] [[94mHttpSession.cpp[0m:[95m576[0m [96mhandleGetGraphData[0m] get_graph_data success
[2026-09-01 06:19:02.246] [info] [[94mControllerAndOtherEventHandler.cpp[0m:[95m239[0m [96moperator()[0m] Accepted new connection
[2026-09-01 06:19:02.246] [info] [[94mHttpSession.cpp[0m:[95m96[0m [96mhandleRequest[0m] Got request: GET /ndt/get_graph_data
[2026-09-01 06:19:02.246] [info] [[94mHttpSession.cpp[0m:[95m531[0m [96mhandleGetGraphData[0m] Handle Get Graph Data
[2026-09-01 06:19:02.266] [info] [[94mHttpSession.cpp[0m:[95m576[0m [96mhandleGetGraphData[0m] get_graph_data success
[2026-09-01 06:19:02.496] [info] [[94mControllerAndOtherEventHandler.cpp[0m:[95m239[0m [96moperator()[0m] Accepted new connection
[2026-09-01 06:19:02.496] [info] [[94mHttpSession.cpp[0m:[95m96[0m [96mhandleRequest[0m] Got request: GET /ndt/get_graph_data
[2026-09-01 06:19:02.496] [info] [[94mHttpSession.cpp[0m:[95m531[0m [96mhandleGetGraphData[0m] Handle Get Graph Data
[2026-09-01 06:19:02.514] [info] [[94mHttpSession.cpp[0m:[95m576[0m [96mhandleGetGraphData[0m] get_graph_data success
[2026-09-01 06:19:02.746] [info] [[94mControllerAndOtherEventHandler.cpp[0m:[95m239[0m [96moperator()[0m] Accepted new connection
[2026-09-01 06:19:02.746] [info] [[94mHttpSession.cpp[0m:[95m96[0m [96mhandleRequest[0m] Got request: GET /ndt/get_graph_data
[2026-09-01 06:19:02.746] [info] [[94mHttpSession.cpp[0m:[95m531[0m [96mhandleGetGraphData[0m] Handle Get Graph Data
[2026-09-01 06:19:02.761] [info] [[94mHttpSession.cpp[0m:[95m576[0m [96mhandleGetGraphData[0m] get_graph_data success
[2026-09-01 06:19:02.997] [info] [[94mControllerAndOtherEventHandler.cpp[0m:[95m239[0m [96moperator()[0m] Accepted new connection
[2026-09-01 06:19:02.997] [info] [[94mHttpSession.cpp[0m:[95m96[0m [96mhandleRequest[0m] Got request: GET /ndt/get_graph_data
[2026-09-01 06:19:02.997] [info] [[94mHttpSession.cpp[0m:[95m531[0m [96mhandleGetGraphData[0m] Handle Get Graph Data
[2026-09-01 06:19:03.014] [info] [[94mHttpSession.cpp[0m:[95m576[0m [96mhandleGetGraphData[0m] get_graph_data success
[2026-09-01 06:19:03.246] [info] [[94mControllerAndOtherEventHandler.cpp[0m:[95m239[0m [96moperator()[0m] Accepted new connection
[2026-09-01 06:19:03.246] [info] [[94mHttpSession.cpp[0m:[95m96[0m [96mhandleRequest[0m] Got request: GET /ndt/get_graph_data
[2026-09-01 06:19:03.246] [info] [[94mHttpSession.cpp[0m:[95m531[0m [96mhandleGetGraphData[0m] Handle Get Graph Data
[2026-09-01 06:19:03.265] [info] [[94mHttpSession.cpp[0m:[95m576[0m [96mhandleGetGraphData[0m] get_graph_data success
[2026-09-01 06:19:03.496] [info] [[94mControllerAndOtherEventHandler.cpp[0m:[95m239[0m [96moperator()[0m] Accepted new connection
[2026-09-01 06:19:03.496] [info] [[94mHttpSession.cpp[0m:[95m96[0m [96mhandleRequest[0m] Got request: GET /ndt/get_graph_data
[2026-09-01 06:19:03.496] [info] [[94mHttpSession.cpp[0m:[95m531[0m [96mhandleGetGraphData[0m] Handle Get Graph Data
[2026-09-01 06:19:03.516] [info] [[94mHttpSession.cpp[0m:[95m576[0m [96mhandleGetGraphData[0m] get_graph_data success
[2026-09-01 06:19:03.747] [info] [[94mControllerAndOtherEventHandler.cpp[0m:[95m239[0m [96moperator()[0m] Accepted new connection
[2026-09-01 06:19:03.747] [info] [[94mHttpSession.cpp[0m:[95m96[0m [96mhandleRequest[0m] Got request: GET /ndt/get_graph_data
[2026-09-01 06:19:03.747] [info] [[94mHttpSession.cpp[0m:[95m531[0m [96mhandleGetGraphData[0m] Handle Get Graph Data
[2026-09-01 06:19:03.766] [info] [[94mHttpSession.cpp[0m:[95m576[0m [96mhandleGetGraphData[0m] get_graph_data success
[2026-09-01 06:19:03.997] [info] [[94mControllerAndOtherEventHandler.cpp[0m:[95m239[0m [96moperator()[0m] Accepted new connection
[2026-09-01 06:19:03.997] [info] [[94mHttpSession.cpp[0m:[95m96[0m [96mhandleRequest[0m] Got request: GET /ndt/get_graph_data
[2026-09-01 06:19:03.997] [info] [[94mHttpSession.cpp[0m:[95m531[0m [96mhandleGetGraphData[0m] Handle Get Graph Data
[2026-09-01 06:19:04.014] [info] [[94mHttpSession.cpp[0m:[95m576[0m [96mhandleGetGraphData[0m] get_graph_data success
[2026-09-01 06:19:04.247] [info] [[94mControllerAndOtherEventHandler.cpp[0m:[95m239[0m [96moperator()[0m] Accepted new connection
[2026-09-01 06:19:04.247] [info] [[94mHttpSession.cpp[0m:[95m96[0m [96mhandleRequest[0m] Got request: GET /ndt/get_graph_data
[2026-09-01 06:19:04.247] [info] [[94mHttpSession.cpp[0m:[95m531[0m [96mhandleGetGraphData[0m] Handle Get Graph Data
[2026-09-01 06:19:04.260] [info] [[94mHttpSession.cpp[0m:[95m576[0m [96mhandleGetGraphData[0m] get_graph_data success
[2026-09-01 06:19:04.496] [info] [[94mControllerAndOtherEventHandler.cpp[0m:[95m239[0m [96moperator()[0m] Accepted new connection
[2026-09-01 06:19:04.496] [info] [[94mHttpSession.cpp[0m:[95m96[0m [96mhandleRequest[0m] Got request: GET /ndt/get_graph_data
[2026-09-01 06:19:04.496] [info] [[94mHttpSession.cpp[0m:[95m531[0m [96mhandleGetGraphData[0m] Handle Get Graph Data
[2026-09-01 06:19:04.511] [info] [[94mHttpSession.cpp[0m:[95m576[0m [96mhandleGetGraphData[0m] get_graph_data success
[2026-09-01 06:19:04.597] [info] [[94mFlowLinkUsageCollector.cpp[0m:[95m1807[0m [96mcalAvgFlowSendingRatesPeriodically[0m] rate loop period: last 30 iters mean 1000.9 ms | since start (209 iters) mean 1000.8 ms, min 1000.1, max 1003.0 (flows=1, counters=5) -- the LAST-N figure is the current denominator; the since-start one lags it
[2026-09-01 06:19:04.598] [info] [[94mFlowLinkUsageCollector.cpp[0m:[95m2016[0m [96mcalAvgFlowSendingRatesPeriodically[0m] rate divisor check: measured_interval_s=1.001011 divisor_used_s=1.001011 (ticket Q gate: these must agree to 1%; a negative divisor means no rate has been published yet, which is not a pass)
[2026-09-01 06:19:04.747] [info] [[94mControllerAndOtherEventHandler.cpp[0m:[95m239[0m [96moperator()[0m] Accepted new connection
[2026-09-01 06:19:04.747] [info] [[94mHttpSession.cpp[0m:[95m96[0m [96mhandleRequest[0m] Got request: GET /ndt/get_graph_data
[2026-09-01 06:19:04.747] [info] [[94mHttpSession.cpp[0m:[95m531[0m [96mhandleGetGraphData[0m] Handle Get Graph Data
[2026-09-01 06:19:04.763] [info] [[94mHttpSession.cpp[0m:[95m576[0m [96mhandleGetGraphData[0m] get_graph_data success
[2026-09-01 06:19:04.997] [info] [[94mControllerAndOtherEventHandler.cpp[0m:[95m239[0m [96moperator()[0m] Accepted new connection
[2026-09-01 06:19:04.997] [info] [[94mHttpSession.cpp[0m:[95m96[0m [96mhandleRequest[0m] Got request: GET /ndt/get_graph_data
[2026-09-01 06:19:04.997] [info] [[94mHttpSession.cpp[0m:[95m531[0m [96mhandleGetGraphData[0m] Handle Get Graph Data
[2026-09-01 06:19:05.009] [info] [[94mHttpSession.cpp[0m:[95m576[0m [96mhandleGetGraphData[0m] get_graph_data success
[2026-09-01 06:19:05.247] [info] [[94mControllerAndOtherEventHandler.cpp[0m:[95m239[0m [96moperator()[0m] Accepted new connection
[2026-09-01 06:19:05.247] [info] [[94mHttpSession.cpp[0m:[95m96[0m [96mhandleRequest[0m] Got request: GET /ndt/get_graph_data
[2026-09-01 06:19:05.247] [info] [[94mHttpSession.cpp[0m:[95m531[0m [96mhandleGetGraphData[0m] Handle Get Graph Data
[2026-09-01 06:19:05.261] [info] [[94mHttpSession.cpp[0m:[95m576[0m [96mhandleGetGraphData[0m] get_graph_data success
[2026-09-01 06:19:05.497] [info] [[94mControllerAndOtherEventHandler.cpp[0m:[95m239[0m [96moperator()[0m] Accepted new connection
[2026-09-01 06:19:05.497] [info] [[94mHttpSession.cpp[0m:[95m96[0m [96mhandleRequest[0m] Got request: GET /ndt/get_graph_data
[2026-09-01 06:19:05.497] [info] [[94mHttpSession.cpp[0m:[95m531[0m [96mhandleGetGraphData[0m] Handle Get Graph Data
[2026-09-01 06:19:05.511] [info] [[94mHttpSession.cpp[0m:[95m576[0m [96mhandleGetGraphData[0m] get_graph_data success
[2026-09-01 06:19:05.747] [info] [[94mControllerAndOtherEventHandler.cpp[0m:[95m239[0m [96moperator()[0m] Accepted new connection
[2026-09-01 06:19:05.747] [info] [[94mHttpSession.cpp[0m:[95m96[0m [96mhandleRequest[0m] Got request: GET /ndt/get_graph_data
[2026-09-01 06:19:05.747] [info] [[94mHttpSession.cpp[0m:[95m531[0m [96mhandleGetGraphData[0m] Handle Get Graph Data
[2026-09-01 06:19:05.765] [info] [[94mHttpSession.cpp[0m:[95m576[0m [96mhandleGetGraphData[0m] get_graph_data success
[2026-09-01 06:19:05.998] [info] [[94mControllerAndOtherEventHandler.cpp[0m:[95m239[0m [96moperator()[0m] Accepted new connection
[2026-09-01 06:19:05.998] [info] [[94mHttpSession.cpp[0m:[95m96[0m [96mhandleRequest[0m] Got request: GET /ndt/get_graph_data
[2026-09-01 06:19:05.998] [info] [[94mHttpSession.cpp[0m:[95m531[0m [96mhandleGetGraphData[0m] Handle Get Graph Data
[2026-09-01 06:19:06.017] [info] [[94mHttpSession.cpp[0m:[95m576[0m [96mhandleGetGraphData[0m] get_graph_data success
[2026-09-01 06:19:06.247] [info] [[94mControllerAndOtherEventHandler.cpp[0m:[95m239[0m [96moperator()[0m] Accepted new connection
[2026-09-01 06:19:06.247] [info] [[94mHttpSession.cpp[0m:[95m96[0m [96mhandleRequest[0m] Got request: GET /ndt/get_graph_data
[2026-09-01 06:19:06.248] [info] [[94mHttpSession.cpp[0m:[95m531[0m [96mhandleGetGraphData[0m] Handle Get Graph Data
[2026-09-01 06:19:06.267] [info] [[94mHttpSession.cpp[0m:[95m576[0m [96mhandleGetGraphData[0m] get_graph_data success
[2026-09-01 06:19:06.498] [info] [[94mControllerAndOtherEventHandler.cpp[0m:[95m239[0m [96moperator()[0m] Accepted new connection
[2026-09-01 06:19:06.498] [info] [[94mHttpSession.cpp[0m:[95m96[0m [96mhandleRequest[0m] Got request: GET /ndt/get_graph_data
[2026-09-01 06:19:06.499] [info] [[94mHttpSession.cpp[0m:[95m531[0m [96mhandleGetGraphData[0m] Handle Get Graph Data
[2026-09-01 06:19:06.517] [info] [[94mHttpSession.cpp[0m:[95m576[0m [96mhandleGetGraphData[0m] get_graph_data success
[2026-09-01 06:19:06.747] [info] [[94mControllerAndOtherEventHandler.cpp[0m:[95m239[0m [96moperator()[0m] Accepted new connection
[2026-09-01 06:19:06.747] [info] [[94mHttpSession.cpp[0m:[95m96[0m [96mhandleRequest[0m] Got request: GET /ndt/get_graph_data
[2026-09-01 06:19:06.747] [info] [[94mHttpSession.cpp[0m:[95m531[0m [96mhandleGetGraphData[0m] Handle Get Graph Data
[2026-09-01 06:19:06.762] [info] [[94mHttpSession.cpp[0m:[95m576[0m [96mhandleGetGraphData[0m] get_graph_data success
[2026-09-01 06:19:06.997] [info] [[94mControllerAndOtherEventHandler.cpp[0m:[95m239[0m [96moperator()[0m] Accepted new connection
[2026-09-01 06:19:06.998] [info] [[94mHttpSession.cpp[0m:[95m96[0m [96mhandleRequest[0m] Got request: GET /ndt/get_graph_data
[2026-09-01 06:19:06.998] [info] [[94mHttpSession.cpp[0m:[95m531[0m [96mhandleGetGraphData[0m] Handle Get Graph Data
[2026-09-01 06:19:07.016] [info] [[94mHttpSession.cpp[0m:[95m576[0m [96mhandleGetGraphData[0m] get_graph_data success
[2026-09-01 06:19:07.247] [info] [[94mControllerAndOtherEventHandler.cpp[0m:[95m239[0m [96moperator()[0m] Accepted new connection
[2026-09-01 06:19:07.248] [info] [[94mHttpSession.cpp[0m:[95m96[0m [96mhandleRequest[0m] Got request: GET /ndt/get_graph_data
[2026-09-01 06:19:07.248] [info] [[94mHttpSession.cpp[0m:[95m531[0m [96mhandleGetGraphData[0m] Handle Get Graph Data
[2026-09-01 06:19:07.263] [info] [[94mHttpSession.cpp[0m:[95m576[0m [96mhandleGetGraphData[0m] get_graph_data success
[2026-09-01 06:19:07.498] [info] [[94mControllerAndOtherEventHandler.cpp[0m:[95m239[0m [96moperator()[0m] Accepted new connection
[2026-09-01 06:19:07.498] [info] [[94mHttpSession.cpp[0m:[95m96[0m [96mhandleRequest[0m] Got request: GET /ndt/get_graph_data
[2026-09-01 06:19:07.498] [info] [[94mHttpSession.cpp[0m:[95m531[0m [96mhandleGetGraphData[0m] Handle Get Graph Data
[2026-09-01 06:19:07.517] [info] [[94mHttpSession.cpp[0m:[95m576[0m [96mhandleGetGraphData[0m] get_graph_data success
[2026-09-01 06:19:07.748] [info] [[94mControllerAndOtherEventHandler.cpp[0m:[95m239[0m [96moperator()[0m] Accepted new connection
[2026-09-01 06:19:07.748] [info] [[94mHttpSession.cpp[0m:[95m96[0m [96mhandleRequest[0m] Got request: GET /ndt/get_graph_data
[2026-09-01 06:19:07.748] [info] [[94mHttpSession.cpp[0m:[95m531[0m [96mhandleGetGraphData[0m] Handle Get Graph Data
[2026-09-01 06:19:07.763] [info] [[94mHttpSession.cpp[0m:[95m576[0m [96mhandleGetGraphData[0m] get_graph_data success
[2026-09-01 06:19:07.998] [info] [[94mControllerAndOtherEventHandler.cpp[0m:[95m239[0m [96moperator()[0m] Accepted new connection
[2026-09-01 06:19:07.998] [info] [[94mHttpSession.cpp[0m:[95m96[0m [96mhandleRequest[0m] Got request: GET /ndt/get_graph_data
[2026-09-01 06:19:07.998] [info] [[94mHttpSession.cpp[0m:[95m531[0m [96mhandleGetGraphData[0m] Handle Get Graph Data
[2026-09-01 06:19:08.017] [info] [[94mHttpSession.cpp[0m:[95m576[0m [96mhandleGetGraphData[0m] get_graph_data success
[2026-09-01 06:19:08.248] [info] [[94mControllerAndOtherEventHandler.cpp[0m:[95m239[0m [96moperator()[0m] Accepted new connection
[2026-09-01 06:19:08.248] [info] [[94mHttpSession.cpp[0m:[95m96[0m [96mhandleRequest[0m] Got request: GET /ndt/get_graph_data
[2026-09-01 06:19:08.248] [info] [[94mHttpSession.cpp[0m:[95m531[0m [96mhandleGetGraphData[0m] Handle Get Graph Data
[2026-09-01 06:19:08.263] [info] [[94mHttpSession.cpp[0m:[95m576[0m [96mhandleGetGraphData[0m] get_graph_data success
[2026-09-01 06:19:08.498] [info] [[94mControllerAndOtherEventHandler.cpp[0m:[95m239[0m [96moperator()[0m] Accepted new connection
[2026-09-01 06:19:08.498] [info] [[94mHttpSession.cpp[0m:[95m96[0m [96mhandleRequest[0m] Got request: GET /ndt/get_graph_data
[2026-09-01 06:19:08.498] [info] [[94mHttpSession.cpp[0m:[95m531[0m [96mhandleGetGraphData[0m] Handle Get Graph Data
[2026-09-01 06:19:08.516] [info] [[94mHttpSession.cpp[0m:[95m576[0m [96mhandleGetGraphData[0m] get_graph_data success
[2026-09-01 06:19:08.748] [info] [[94mControllerAndOtherEventHandler.cpp[0m:[95m239[0m [96moperator()[0m] Accepted new connection
[2026-09-01 06:19:08.749] [info] [[94mHttpSession.cpp[0m:[95m96[0m [96mhandleRequest[0m] Got request: GET /ndt/get_graph_data
[2026-09-01 06:19:08.749] [info] [[94mHttpSession.cpp[0m:[95m531[0m [96mhandleGetGraphData[0m] Handle Get Graph Data
[2026-09-01 06:19:08.767] [info] [[94mHttpSession.cpp[0m:[95m576[0m [96mhandleGetGraphData[0m] get_graph_data success
[2026-09-01 06:19:08.998] [info] [[94mControllerAndOtherEventHandler.cpp[0m:[95m239[0m [96moperator()[0m] Accepted new connection
[2026-09-01 06:19:08.998] [info] [[94mHttpSession.cpp[0m:[95m96[0m [96mhandleRequest[0m] Got request: GET /ndt/get_graph_data
[2026-09-01 06:19:08.998] [info] [[94mHttpSession.cpp[0m:[95m531[0m [96mhandleGetGraphData[0m] Handle Get Graph Data
[2026-09-01 06:19:09.012] [info] [[94mHttpSession.cpp[0m:[95m576[0m [96mhandleGetGraphData[0m] get_graph_data success
[2026-09-01 06:19:09.248] [info] [[94mControllerAndOtherEventHandler.cpp[0m:[95m239[0m [96moperator()[0m] Accepted new connection
[2026-09-01 06:19:09.248] [info] [[94mHttpSession.cpp[0m:[95m96[0m [96mhandleRequest[0m] Got request: GET /ndt/get_graph_data
[2026-09-01 06:19:09.248] [info] [[94mHttpSession.cpp[0m:[95m531[0m [96mhandleGetGraphData[0m] Handle Get Graph Data
[2026-09-01 06:19:09.261] [info] [[94mHttpSession.cpp[0m:[95m576[0m [96mhandleGetGraphData[0m] get_graph_data success
[2026-09-01 06:19:09.499] [info] [[94mControllerAndOtherEventHandler.cpp[0m:[95m239[0m [96moperator()[0m] Accepted new connection
[2026-09-01 06:19:09.499] [info] [[94mHttpSession.cpp[0m:[95m96[0m [96mhandleRequest[0m] Got request: GET /ndt/get_graph_data
[2026-09-01 06:19:09.499] [info] [[94mHttpSession.cpp[0m:[95m531[0m [96mhandleGetGraphData[0m] Handle Get Graph Data
[2026-09-01 06:19:09.512] [info] [[94mHttpSession.cpp[0m:[95m576[0m [96mhandleGetGraphData[0m] get_graph_data success
[2026-09-01 06:19:09.749] [info] [[94mControllerAndOtherEventHandler.cpp[0m:[95m239[0m [96moperator()[0m] Accepted new connection
[2026-09-01 06:19:09.749] [info] [[94mHttpSession.cpp[0m:[95m96[0m [96mhandleRequest[0m] Got request: GET /ndt/get_graph_data
[2026-09-01 06:19:09.749] [info] [[94mHttpSession.cpp[0m:[95m531[0m [96mhandleGetGraphData[0m] Handle Get Graph Data
[2026-09-01 06:19:09.765] [info] [[94mHttpSession.cpp[0m:[95m576[0m [96mhandleGetGraphData[0m] get_graph_data success
[2026-09-01 06:19:09.999] [info] [[94mControllerAndOtherEventHandler.cpp[0m:[95m239[0m [96moperator()[0m] Accepted new connection
[2026-09-01 06:19:09.999] [info] [[94mHttpSession.cpp[0m:[95m96[0m [96mhandleRequest[0m] Got request: GET /ndt/get_graph_data
[2026-09-01 06:19:09.999] [info] [[94mHttpSession.cpp[0m:[95m531[0m [96mhandleGetGraphData[0m] Handle Get Graph Data
[2026-09-01 06:19:10.017] [info] [[94mHttpSession.cpp[0m:[95m576[0m [96mhandleGetGraphData[0m] get_graph_data success
[2026-09-01 06:19:10.249] [info] [[94mControllerAndOtherEventHandler.cpp[0m:[95m239[0m [96moperator()[0m] Accepted new connection
[2026-09-01 06:19:10.249] [info] [[94mHttpSession.cpp[0m:[95m96[0m [96mhandleRequest[0m] Got request: GET /ndt/get_graph_data
[2026-09-01 06:19:10.249] [info] [[94mHttpSession.cpp[0m:[95m531[0m [96mhandleGetGraphData[0m] Handle Get Graph Data
[2026-09-01 06:19:10.267] [info] [[94mHttpSession.cpp[0m:[95m576[0m [96mhandleGetGraphData[0m] get_graph_data success
[2026-09-01 06:19:10.499] [info] [[94mControllerAndOtherEventHandler.cpp[0m:[95m239[0m [96moperator()[0m] Accepted new connection
[2026-09-01 06:19:10.499] [info] [[94mHttpSession.cpp[0m:[95m96[0m [96mhandleRequest[0m] Got request: GET /ndt/get_graph_data
[2026-09-01 06:19:10.499] [info] [[94mHttpSession.cpp[0m:[95m531[0m [96mhandleGetGraphData[0m] Handle Get Graph Data
[2026-09-01 06:19:10.517] [info] [[94mHttpSession.cpp[0m:[95m576[0m [96mhandleGetGraphData[0m] get_graph_data success
[2026-09-01 06:19:10.749] [info] [[94mControllerAndOtherEventHandler.cpp[0m:[95m239[0m [96moperator()[0m] Accepted new connection
[2026-09-01 06:19:10.749] [info] [[94mHttpSession.cpp[0m:[95m96[0m [96mhandleRequest[0m] Got request: GET /ndt/get_graph_data
[2026-09-01 06:19:10.749] [info] [[94mHttpSession.cpp[0m:[95m531[0m [96mhandleGetGraphData[0m] Handle Get Graph Data
[2026-09-01 06:19:10.765] [info] [[94mHttpSession.cpp[0m:[95m576[0m [96mhandleGetGraphData[0m] get_graph_data success
[2026-09-01 06:19:10.999] [info] [[94mControllerAndOtherEventHandler.cpp[0m:[95m239[0m [96moperator()[0m] Accepted new connection
[2026-09-01 06:19:10.999] [info] [[94mHttpSession.cpp[0m:[95m96[0m [96mhandleRequest[0m] Got request: GET /ndt/get_graph_data
[2026-09-01 06:19:10.999] [info] [[94mHttpSession.cpp[0m:[95m531[0m [96mhandleGetGraphData[0m] Handle Get Graph Data
[2026-09-01 06:19:11.013] [info] [[94mHttpSession.cpp[0m:[95m576[0m [96mhandleGetGraphData[0m] get_graph_data success
[2026-09-01 06:19:11.249] [info] [[94mControllerAndOtherEventHandler.cpp[0m:[95m239[0m [96moperator()[0m] Accepted new connection
[2026-09-01 06:19:11.249] [info] [[94mHttpSession.cpp[0m:[95m96[0m [96mhandleRequest[0m] Got request: GET /ndt/get_graph_data
[2026-09-01 06:19:11.249] [info] [[94mHttpSession.cpp[0m:[95m531[0m [96mhandleGetGraphData[0m] Handle Get Graph Data
[2026-09-01 06:19:11.265] [info] [[94mHttpSession.cpp[0m:[95m576[0m [96mhandleGetGraphData[0m] get_graph_data success
[2026-09-01 06:19:11.498] [info] [[94mControllerAndOtherEventHandler.cpp[0m:[95m239[0m [96moperator()[0m] Accepted new connection
[2026-09-01 06:19:11.499] [info] [[94mHttpSession.cpp[0m:[95m96[0m [96mhandleRequest[0m] Got request: GET /ndt/get_graph_data
[2026-09-01 06:19:11.499] [info] [[94mHttpSession.cpp[0m:[95m531[0m [96mhandleGetGraphData[0m] Handle Get Graph Data
[2026-09-01 06:19:11.512] [info] [[94mHttpSession.cpp[0m:[95m576[0m [96mhandleGetGraphData[0m] get_graph_data success
[2026-09-01 06:19:11.749] [info] [[94mControllerAndOtherEventHandler.cpp[0m:[95m239[0m [96moperator()[0m] Accepted new connection
[2026-09-01 06:19:11.749] [info] [[94mHttpSession.cpp[0m:[95m96[0m [96mhandleRequest[0m] Got request: GET /ndt/get_graph_data
[2026-09-01 06:19:11.749] [info] [[94mHttpSession.cpp[0m:[95m531[0m [96mhandleGetGraphData[0m] Handle Get Graph Data
[2026-09-01 06:19:11.766] [info] [[94mHttpSession.cpp[0m:[95m576[0m [96mhandleGetGraphData[0m] get_graph_data success
[2026-09-01 06:19:11.999] [info] [[94mControllerAndOtherEventHandler.cpp[0m:[95m239[0m [96moperator()[0m] Accepted new connection
[2026-09-01 06:19:11.999] [info] [[94mHttpSession.cpp[0m:[95m96[0m [96mhandleRequest[0m] Got request: GET /ndt/get_graph_data
[2026-09-01 06:19:11.999] [info] [[94mHttpSession.cpp[0m:[95m531[0m [96mhandleGetGraphData[0m] Handle Get Graph Data
[2026-09-01 06:19:12.018] [info] [[94mHttpSession.cpp[0m:[95m576[0m [96mhandleGetGraphData[0m] get_graph_data success
[2026-09-01 06:19:12.249] [info] [[94mControllerAndOtherEventHandler.cpp[0m:[95m239[0m [96moperator()[0m] Accepted new connection
[2026-09-01 06:19:12.249] [info] [[94mHttpSession.cpp[0m:[95m96[0m [96mhandleRequest[0m] Got request: GET /ndt/get_graph_data
[2026-09-01 06:19:12.249] [info] [[94mHttpSession.cpp[0m:[95m531[0m [96mhandleGetGraphData[0m] Handle Get Graph Data
[2026-09-01 06:19:12.268] [info] [[94mHttpSession.cpp[0m:[95m576[0m [96mhandleGetGraphData[0m] get_graph_data success
[2026-09-01 06:19:12.500] [info] [[94mControllerAndOtherEventHandler.cpp[0m:[95m239[0m [96moperator()[0m] Accepted new connection
[2026-09-01 06:19:12.500] [info] [[94mHttpSession.cpp[0m:[95m96[0m [96mhandleRequest[0m] Got request: GET /ndt/get_graph_data
[2026-09-01 06:19:12.500] [info] [[94mHttpSession.cpp[0m:[95m531[0m [96mhandleGetGraphData[0m] Handle Get Graph Data
[2026-09-01 06:19:12.519] [info] [[94mHttpSession.cpp[0m:[95m576[0m [96mhandleGetGraphData[0m] get_graph_data success
[2026-09-01 06:19:12.750] [info] [[94mControllerAndOtherEventHandler.cpp[0m:[95m239[0m [96moperator()[0m] Accepted new connection
[2026-09-01 06:19:12.750] [info] [[94mHttpSession.cpp[0m:[95m96[0m [96mhandleRequest[0m] Got request: GET /ndt/get_graph_data
[2026-09-01 06:19:12.750] [info] [[94mHttpSession.cpp[0m:[95m531[0m [96mhandleGetGraphData[0m] Handle Get Graph Data
[2026-09-01 06:19:12.766] [info] [[94mHttpSession.cpp[0m:[95m576[0m [96mhandleGetGraphData[0m] get_graph_data success
[2026-09-01 06:19:12.999] [info] [[94mControllerAndOtherEventHandler.cpp[0m:[95m239[0m [96moperator()[0m] Accepted new connection
[2026-09-01 06:19:12.999] [info] [[94mHttpSession.cpp[0m:[95m96[0m [96mhandleRequest[0m] Got request: GET /ndt/get_graph_data
[2026-09-01 06:19:13.000] [info] [[94mHttpSession.cpp[0m:[95m531[0m [96mhandleGetGraphData[0m] Handle Get Graph Data
[2026-09-01 06:19:13.014] [info] [[94mHttpSession.cpp[0m:[95m576[0m [96mhandleGetGraphData[0m] get_graph_data success
[2026-09-01 06:19:13.249] [info] [[94mControllerAndOtherEventHandler.cpp[0m:[95m239[0m [96moperator()[0m] Accepted new connection
[2026-09-01 06:19:13.249] [info] [[94mHttpSession.cpp[0m:[95m96[0m [96mhandleRequest[0m] Got request: GET /ndt/get_graph_data
[2026-09-01 06:19:13.249] [info] [[94mHttpSession.cpp[0m:[95m531[0m [96mhandleGetGraphData[0m] Handle Get Graph Data
[2026-09-01 06:19:13.263] [info] [[94mHttpSession.cpp[0m:[95m576[0m [96mhandleGetGraphData[0m] get_graph_data success
[2026-09-01 06:19:13.499] [info] [[94mControllerAndOtherEventHandler.cpp[0m:[95m239[0m [96moperator()[0m] Accepted new connection
[2026-09-01 06:19:13.500] [info] [[94mHttpSession.cpp[0m:[95m96[0m [96mhandleRequest[0m] Got request: GET /ndt/get_graph_data
[2026-09-01 06:19:13.500] [info] [[94mHttpSession.cpp[0m:[95m531[0m [96mhandleGetGraphData[0m] Handle Get Graph Data
[2026-09-01 06:19:13.516] [info] [[94mHttpSession.cpp[0m:[95m576[0m [96mhandleGetGraphData[0m] get_graph_data success
[2026-09-01 06:19:13.750] [info] [[94mControllerAndOtherEventHandler.cpp[0m:[95m239[0m [96moperator()[0m] Accepted new connection
[2026-09-01 06:19:13.750] [info] [[94mHttpSession.cpp[0m:[95m96[0m [96mhandleRequest[0m] Got request: GET /ndt/get_graph_data
[2026-09-01 06:19:13.750] [info] [[94mHttpSession.cpp[0m:[95m531[0m [96mhandleGetGraphData[0m] Handle Get Graph Data
[2026-09-01 06:19:13.763] [info] [[94mHttpSession.cpp[0m:[95m576[0m [96mhandleGetGraphData[0m] get_graph_data success
[2026-09-01 06:19:14.000] [info] [[94mControllerAndOtherEventHandler.cpp[0m:[95m239[0m [96moperator()[0m] Accepted new connection
[2026-09-01 06:19:14.000] [info] [[94mHttpSession.cpp[0m:[95m96[0m [96mhandleRequest[0m] Got request: GET /ndt/get_graph_data
[2026-09-01 06:19:14.000] [info] [[94mHttpSession.cpp[0m:[95m531[0m [96mhandleGetGraphData[0m] Handle Get Graph Data
[2026-09-01 06:19:14.019] [info] [[94mHttpSession.cpp[0m:[95m576[0m [96mhandleGetGraphData[0m] get_graph_data success
[2026-09-01 06:19:14.250] [info] [[94mControllerAndOtherEventHandler.cpp[0m:[95m239[0m [96moperator()[0m] Accepted new connection
[2026-09-01 06:19:14.250] [info] [[94mHttpSession.cpp[0m:[95m96[0m [96mhandleRequest[0m] Got request: GET /ndt/get_graph_data
[2026-09-01 06:19:14.250] [info] [[94mHttpSession.cpp[0m:[95m531[0m [96mhandleGetGraphData[0m] Handle Get Graph Data
[2026-09-01 06:19:14.269] [info] [[94mHttpSession.cpp[0m:[95m576[0m [96mhandleGetGraphData[0m] get_graph_data success
[2026-09-01 06:19:14.500] [info] [[94mControllerAndOtherEventHandler.cpp[0m:[95m239[0m [96moperator()[0m] Accepted new connection
[2026-09-01 06:19:14.500] [info] [[94mHttpSession.cpp[0m:[95m96[0m [96mhandleRequest[0m] Got request: GET /ndt/get_graph_data
[2026-09-01 06:19:14.501] [info] [[94mHttpSession.cpp[0m:[95m531[0m [96mhandleGetGraphData[0m] Handle Get Graph Data
[2026-09-01 06:19:14.520] [info] [[94mHttpSession.cpp[0m:[95m576[0m [96mhandleGetGraphData[0m] get_graph_data success
[2026-09-01 06:19:14.750] [info] [[94mControllerAndOtherEventHandler.cpp[0m:[95m239[0m [96moperator()[0m] Accepted new connection
[2026-09-01 06:19:14.751] [info] [[94mHttpSession.cpp[0m:[95m96[0m [96mhandleRequest[0m] Got request: GET /ndt/get_graph_data
[2026-09-01 06:19:14.751] [info] [[94mHttpSession.cpp[0m:[95m531[0m [96mhandleGetGraphData[0m] Handle Get Graph Data
[2026-09-01 06:19:14.777] [info] [[94mHttpSession.cpp[0m:[95m576[0m [96mhandleGetGraphData[0m] get_graph_data success
[2026-09-01 06:19:15.000] [info] [[94mControllerAndOtherEventHandler.cpp[0m:[95m239[0m [96moperator()[0m] Accepted new connection
[2026-09-01 06:19:15.001] [info] [[94mHttpSession.cpp[0m:[95m96[0m [96mhandleRequest[0m] Got request: GET /ndt/get_graph_data
[2026-09-01 06:19:15.001] [info] [[94mHttpSession.cpp[0m:[95m531[0m [96mhandleGetGraphData[0m] Handle Get Graph Data
[2026-09-01 06:19:15.018] [info] [[94mHttpSession.cpp[0m:[95m576[0m [96mhandleGetGraphData[0m] get_graph_data success
[2026-09-01 06:19:15.250] [info] [[94mControllerAndOtherEventHandler.cpp[0m:[95m239[0m [96moperator()[0m] Accepted new connection
[2026-09-01 06:19:15.250] [info] [[94mHttpSession.cpp[0m:[95m96[0m [96mhandleRequest[0m] Got request: GET /ndt/get_graph_data
[2026-09-01 06:19:15.250] [info] [[94mHttpSession.cpp[0m:[95m531[0m [96mhandleGetGraphData[0m] Handle Get Graph Data
[2026-09-01 06:19:15.267] [info] [[94mHttpSession.cpp[0m:[95m576[0m [96mhandleGetGraphData[0m] get_graph_data success
[2026-09-01 06:19:15.501] [info] [[94mControllerAndOtherEventHandler.cpp[0m:[95m239[0m [96moperator()[0m] Accepted new connection
[2026-09-01 06:19:15.501] [info] [[94mHttpSession.cpp[0m:[95m96[0m [96mhandleRequest[0m] Got request: GET /ndt/get_graph_data
[2026-09-01 06:19:15.501] [info] [[94mHttpSession.cpp[0m:[95m531[0m [96mhandleGetGraphData[0m] Handle Get Graph Data
[2026-09-01 06:19:15.520] [info] [[94mHttpSession.cpp[0m:[95m576[0m [96mhandleGetGraphData[0m] get_graph_data success
[2026-09-01 06:19:15.750] [info] [[94mControllerAndOtherEventHandler.cpp[0m:[95m239[0m [96moperator()[0m] Accepted new connection
[2026-09-01 06:19:15.750] [info] [[94mHttpSession.cpp[0m:[95m96[0m [96mhandleRequest[0m] Got request: GET /ndt/get_graph_data
[2026-09-01 06:19:15.750] [info] [[94mHttpSession.cpp[0m:[95m531[0m [96mhandleGetGraphData[0m] Handle Get Graph Data
[2026-09-01 06:19:15.768] [info] [[94mHttpSession.cpp[0m:[95m576[0m [96mhandleGetGraphData[0m] get_graph_data success
[2026-09-01 06:19:16.001] [info] [[94mControllerAndOtherEventHandler.cpp[0m:[95m239[0m [96moperator()[0m] Accepted new connection
[2026-09-01 06:19:16.001] [info] [[94mHttpSession.cpp[0m:[95m96[0m [96mhandleRequest[0m] Got request: GET /ndt/get_graph_data
[2026-09-01 06:19:16.001] [info] [[94mHttpSession.cpp[0m:[95m531[0m [96mhandleGetGraphData[0m] Handle Get Graph Data
[2026-09-01 06:19:16.020] [info] [[94mHttpSession.cpp[0m:[95m576[0m [96mhandleGetGraphData[0m] get_graph_data success
[2026-09-01 06:19:16.250] [info] [[94mControllerAndOtherEventHandler.cpp[0m:[95m239[0m [96moperator()[0m] Accepted new connection
[2026-09-01 06:19:16.250] [info] [[94mHttpSession.cpp[0m:[95m96[0m [96mhandleRequest[0m] Got request: GET /ndt/get_graph_data
[2026-09-01 06:19:16.250] [info] [[94mHttpSession.cpp[0m:[95m531[0m [96mhandleGetGraphData[0m] Handle Get Graph Data
[2026-09-01 06:19:16.270] [info] [[94mHttpSession.cpp[0m:[95m576[0m [96mhandleGetGraphData[0m] get_graph_data success
[2026-09-01 06:19:16.500] [info] [[94mControllerAndOtherEventHandler.cpp[0m:[95m239[0m [96moperator()[0m] Accepted new connection
[2026-09-01 06:19:16.501] [info] [[94mHttpSession.cpp[0m:[95m96[0m [96mhandleRequest[0m] Got request: GET /ndt/get_graph_data
[2026-09-01 06:19:16.501] [info] [[94mHttpSession.cpp[0m:[95m531[0m [96mhandleGetGraphData[0m] Handle Get Graph Data
[2026-09-01 06:19:16.519] [info] [[94mHttpSession.cpp[0m:[95m576[0m [96mhandleGetGraphData[0m] get_graph_data success
[2026-09-01 06:19:16.751] [info] [[94mControllerAndOtherEventHandler.cpp[0m:[95m239[0m [96moperator()[0m] Accepted new connection
[2026-09-01 06:19:16.751] [info] [[94mHttpSession.cpp[0m:[95m96[0m [96mhandleRequest[0m] Got request: GET /ndt/get_graph_data
[2026-09-01 06:19:16.751] [info] [[94mHttpSession.cpp[0m:[95m531[0m [96mhandleGetGraphData[0m] Handle Get Graph Data
[2026-09-01 06:19:16.769] [info] [[94mHttpSession.cpp[0m:[95m576[0m [96mhandleGetGraphData[0m] get_graph_data success
[2026-09-01 06:19:17.001] [info] [[94mControllerAndOtherEventHandler.cpp[0m:[95m239[0m [96moperator()[0m] Accepted new connection
[2026-09-01 06:19:17.001] [info] [[94mHttpSession.cpp[0m:[95m96[0m [96mhandleRequest[0m] Got request: GET /ndt/get_graph_data
[2026-09-01 06:19:17.001] [info] [[94mHttpSession.cpp[0m:[95m531[0m [96mhandleGetGraphData[0m] Handle Get Graph Data
[2026-09-01 06:19:17.020] [info] [[94mHttpSession.cpp[0m:[95m576[0m [96mhandleGetGraphData[0m] get_graph_data success
[2026-09-01 06:19:17.251] [info] [[94mControllerAndOtherEventHandler.cpp[0m:[95m239[0m [96moperator()[0m] Accepted new connection
[2026-09-01 06:19:17.251] [info] [[94mHttpSession.cpp[0m:[95m96[0m [96mhandleRequest[0m] Got request: GET /ndt/get_graph_data
[2026-09-01 06:19:17.251] [info] [[94mHttpSession.cpp[0m:[95m531[0m [96mhandleGetGraphData[0m] Handle Get Graph Data
[2026-09-01 06:19:17.270] [info] [[94mHttpSession.cpp[0m:[95m576[0m [96mhandleGetGraphData[0m] get_graph_data success
[2026-09-01 06:19:17.501] [info] [[94mControllerAndOtherEventHandler.cpp[0m:[95m239[0m [96moperator()[0m] Accepted new connection
[2026-09-01 06:19:17.501] [info] [[94mHttpSession.cpp[0m:[95m96[0m [96mhandleRequest[0m] Got request: GET /ndt/get_graph_data
[2026-09-01 06:19:17.502] [info] [[94mHttpSession.cpp[0m:[95m531[0m [96mhandleGetGraphData[0m] Handle Get Graph Data
[2026-09-01 06:19:17.521] [info] [[94mHttpSession.cpp[0m:[95m576[0m [96mhandleGetGraphData[0m] get_graph_data success
[2026-09-01 06:19:17.751] [info] [[94mControllerAndOtherEventHandler.cpp[0m:[95m239[0m [96moperator()[0m] Accepted new connection
[2026-09-01 06:19:17.752] [info] [[94mHttpSession.cpp[0m:[95m96[0m [96mhandleRequest[0m] Got request: GET /ndt/get_graph_data
[2026-09-01 06:19:17.752] [info] [[94mHttpSession.cpp[0m:[95m531[0m [96mhandleGetGraphData[0m] Handle Get Graph Data
[2026-09-01 06:19:17.771] [info] [[94mHttpSession.cpp[0m:[95m576[0m [96mhandleGetGraphData[0m] get_graph_data success
[2026-09-01 06:19:18.001] [info] [[94mControllerAndOtherEventHandler.cpp[0m:[95m239[0m [96moperator()[0m] Accepted new connection
[2026-09-01 06:19:18.002] [info] [[94mHttpSession.cpp[0m:[95m96[0m [96mhandleRequest[0m] Got request: GET /ndt/get_graph_data
[2026-09-01 06:19:18.002] [info] [[94mHttpSession.cpp[0m:[95m531[0m [96mhandleGetGraphData[0m] Handle Get Graph Data
[2026-09-01 06:19:18.015] [info] [[94mHttpSession.cpp[0m:[95m576[0m [96mhandleGetGraphData[0m] get_graph_data success
[2026-09-01 06:19:18.251] [info] [[94mControllerAndOtherEventHandler.cpp[0m:[95m239[0m [96moperator()[0m] Accepted new connection
[2026-09-01 06:19:18.251] [info] [[94mHttpSession.cpp[0m:[95m96[0m [96mhandleRequest[0m] Got request: GET /ndt/get_graph_data
[2026-09-01 06:19:18.251] [info] [[94mHttpSession.cpp[0m:[95m531[0m [96mhandleGetGraphData[0m] Handle Get Graph Data
[2026-09-01 06:19:18.265] [info] [[94mHttpSession.cpp[0m:[95m576[0m [96mhandleGetGraphData[0m] get_graph_data success
[2026-09-01 06:19:18.501] [info] [[94mControllerAndOtherEventHandler.cpp[0m:[95m239[0m [96moperator()[0m] Accepted new connection
[2026-09-01 06:19:18.501] [info] [[94mHttpSession.cpp[0m:[95m96[0m [96mhandleRequest[0m] Got request: GET /ndt/get_graph_data
[2026-09-01 06:19:18.501] [info] [[94mHttpSession.cpp[0m:[95m531[0m [96mhandleGetGraphData[0m] Handle Get Graph Data
[2026-09-01 06:19:18.518] [info] [[94mHttpSession.cpp[0m:[95m576[0m [96mhandleGetGraphData[0m] get_graph_data success
[2026-09-01 06:19:18.751] [info] [[94mControllerAndOtherEventHandler.cpp[0m:[95m239[0m [96moperator()[0m] Accepted new connection
[2026-09-01 06:19:18.752] [info] [[94mHttpSession.cpp[0m:[95m96[0m [96mhandleRequest[0m] Got request: GET /ndt/get_graph_data
[2026-09-01 06:19:18.752] [info] [[94mHttpSession.cpp[0m:[95m531[0m [96mhandleGetGraphData[0m] Handle Get Graph Data
[2026-09-01 06:19:18.765] [info] [[94mHttpSession.cpp[0m:[95m576[0m [96mhandleGetGraphData[0m] get_graph_data success
[2026-09-01 06:19:19.002] [info] [[94mControllerAndOtherEventHandler.cpp[0m:[95m239[0m [96moperator()[0m] Accepted new connection
[2026-09-01 06:19:19.002] [info] [[94mHttpSession.cpp[0m:[95m96[0m [96mhandleRequest[0m] Got request: GET /ndt/get_graph_data
[2026-09-01 06:19:19.002] [info] [[94mHttpSession.cpp[0m:[95m531[0m [96mhandleGetGraphData[0m] Handle Get Graph Data
[2026-09-01 06:19:19.016] [info] [[94mHttpSession.cpp[0m:[95m576[0m [96mhandleGetGraphData[0m] get_graph_data success
[2026-09-01 06:19:19.251] [info] [[94mControllerAndOtherEventHandler.cpp[0m:[95m239[0m [96moperator()[0m] Accepted new connection
[2026-09-01 06:19:19.251] [info] [[94mHttpSession.cpp[0m:[95m96[0m [96mhandleRequest[0m] Got request: GET /ndt/get_graph_data
[2026-09-01 06:19:19.251] [info] [[94mHttpSession.cpp[0m:[95m531[0m [96mhandleGetGraphData[0m] Handle Get Graph Data
[2026-09-01 06:19:19.270] [info] [[94mHttpSession.cpp[0m:[95m576[0m [96mhandleGetGraphData[0m] get_graph_data success
[2026-09-01 06:19:19.502] [info] [[94mControllerAndOtherEventHandler.cpp[0m:[95m239[0m [96moperator()[0m] Accepted new connection
[2026-09-01 06:19:19.502] [info] [[94mHttpSession.cpp[0m:[95m96[0m [96mhandleRequest[0m] Got request: GET /ndt/get_graph_data
[2026-09-01 06:19:19.502] [info] [[94mHttpSession.cpp[0m:[95m531[0m [96mhandleGetGraphData[0m] Handle Get Graph Data
[2026-09-01 06:19:19.519] [info] [[94mHttpSession.cpp[0m:[95m576[0m [96mhandleGetGraphData[0m] get_graph_data success
[2026-09-01 06:19:19.754] [info] [[94mControllerAndOtherEventHandler.cpp[0m:[95m239[0m [96moperator()[0m] Accepted new connection
[2026-09-01 06:19:19.754] [info] [[94mHttpSession.cpp[0m:[95m96[0m [96mhandleRequest[0m] Got request: GET /ndt/get_graph_data
[2026-09-01 06:19:19.754] [info] [[94mHttpSession.cpp[0m:[95m531[0m [96mhandleGetGraphData[0m] Handle Get Graph Data
[2026-09-01 06:19:19.775] [info] [[94mHttpSession.cpp[0m:[95m576[0m [96mhandleGetGraphData[0m] get_graph_data success
[2026-09-01 06:19:20.002] [info] [[94mControllerAndOtherEventHandler.cpp[0m:[95m239[0m [96moperator()[0m] Accepted new connection
[2026-09-01 06:19:20.002] [info] [[94mHttpSession.cpp[0m:[95m96[0m [96mhandleRequest[0m] Got request: GET /ndt/get_graph_data
[2026-09-01 06:19:20.002] [info] [[94mHttpSession.cpp[0m:[95m531[0m [96mhandleGetGraphData[0m] Handle Get Graph Data
[2026-09-01 06:19:20.019] [info] [[94mHttpSession.cpp[0m:[95m576[0m [96mhandleGetGraphData[0m] get_graph_data success
[2026-09-01 06:19:20.252] [info] [[94mControllerAndOtherEventHandler.cpp[0m:[95m239[0m [96moperator()[0m] Accepted new connection
[2026-09-01 06:19:20.252] [info] [[94mHttpSession.cpp[0m:[95m96[0m [96mhandleRequest[0m] Got request: GET /ndt/get_graph_data
[2026-09-01 06:19:20.252] [info] [[94mHttpSession.cpp[0m:[95m531[0m [96mhandleGetGraphData[0m] Handle Get Graph Data
[2026-09-01 06:19:20.269] [info] [[94mHttpSession.cpp[0m:[95m576[0m [96mhandleGetGraphData[0m] get_graph_data success
[2026-09-01 06:19:20.502] [info] [[94mControllerAndOtherEventHandler.cpp[0m:[95m239[0m [96moperator()[0m] Accepted new connection
[2026-09-01 06:19:20.502] [info] [[94mHttpSession.cpp[0m:[95m96[0m [96mhandleRequest[0m] Got request: GET /ndt/get_graph_data
[2026-09-01 06:19:20.502] [info] [[94mHttpSession.cpp[0m:[95m531[0m [96mhandleGetGraphData[0m] Handle Get Graph Data
[2026-09-01 06:19:20.519] [info] [[94mHttpSession.cpp[0m:[95m576[0m [96mhandleGetGraphData[0m] get_graph_data success
[2026-09-01 06:19:20.752] [info] [[94mControllerAndOtherEventHandler.cpp[0m:[95m239[0m [96moperator()[0m] Accepted new connection
[2026-09-01 06:19:20.752] [info] [[94mHttpSession.cpp[0m:[95m96[0m [96mhandleRequest[0m] Got request: GET /ndt/get_graph_data
[2026-09-01 06:19:20.752] [info] [[94mHttpSession.cpp[0m:[95m531[0m [96mhandleGetGraphData[0m] Handle Get Graph Data
[2026-09-01 06:19:20.766] [info] [[94mHttpSession.cpp[0m:[95m576[0m [96mhandleGetGraphData[0m] get_graph_data success
[2026-09-01 06:19:21.002] [info] [[94mControllerAndOtherEventHandler.cpp[0m:[95m239[0m [96moperator()[0m] Accepted new connection
[2026-09-01 06:19:21.002] [info] [[94mHttpSession.cpp[0m:[95m96[0m [96mhandleRequest[0m] Got request: GET /ndt/get_graph_data
[2026-09-01 06:19:21.002] [info] [[94mHttpSession.cpp[0m:[95m531[0m [96mhandleGetGraphData[0m] Handle Get Graph Data
[2026-09-01 06:19:21.021] [info] [[94mHttpSession.cpp[0m:[95m576[0m [96mhandleGetGraphData[0m] get_graph_data success
[2026-09-01 06:19:21.252] [info] [[94mControllerAndOtherEventHandler.cpp[0m:[95m239[0m [96moperator()[0m] Accepted new connection
[2026-09-01 06:19:21.252] [info] [[94mHttpSession.cpp[0m:[95m96[0m [96mhandleRequest[0m] Got request: GET /ndt/get_graph_data
[2026-09-01 06:19:21.252] [info] [[94mHttpSession.cpp[0m:[95m531[0m [96mhandleGetGraphData[0m] Handle Get Graph Data
[2026-09-01 06:19:21.265] [info] [[94mHttpSession.cpp[0m:[95m576[0m [96mhandleGetGraphData[0m] get_graph_data success
[2026-09-01 06:19:21.503] [info] [[94mControllerAndOtherEventHandler.cpp[0m:[95m239[0m [96moperator()[0m] Accepted new connection
[2026-09-01 06:19:21.503] [info] [[94mHttpSession.cpp[0m:[95m96[0m [96mhandleRequest[0m] Got request: GET /ndt/get_graph_data
[2026-09-01 06:19:21.503] [info] [[94mHttpSession.cpp[0m:[95m531[0m [96mhandleGetGraphData[0m] Handle Get Graph Data
[2026-09-01 06:19:21.517] [info] [[94mHttpSession.cpp[0m:[95m576[0m [96mhandleGetGraphData[0m] get_graph_data success
[2026-09-01 06:19:21.752] [info] [[94mControllerAndOtherEventHandler.cpp[0m:[95m239[0m [96moperator()[0m] Accepted new connection
[2026-09-01 06:19:21.753] [info] [[94mHttpSession.cpp[0m:[95m96[0m [96mhandleRequest[0m] Got request: GET /ndt/get_graph_data
[2026-09-01 06:19:21.753] [info] [[94mHttpSession.cpp[0m:[95m531[0m [96mhandleGetGraphData[0m] Handle Get Graph Data
[2026-09-01 06:19:21.771] [info] [[94mHttpSession.cpp[0m:[95m576[0m [96mhandleGetGraphData[0m] get_graph_data success
[2026-09-01 06:19:22.003] [info] [[94mControllerAndOtherEventHandler.cpp[0m:[95m239[0m [96moperator()[0m] Accepted new connection
[2026-09-01 06:19:22.003] [info] [[94mHttpSession.cpp[0m:[95m96[0m [96mhandleRequest[0m] Got request: GET /ndt/get_graph_data
[2026-09-01 06:19:22.003] [info] [[94mHttpSession.cpp[0m:[95m531[0m [96mhandleGetGraphData[0m] Handle Get Graph Data
[2026-09-01 06:19:22.023] [info] [[94mHttpSession.cpp[0m:[95m576[0m [96mhandleGetGraphData[0m] get_graph_data success
[2026-09-01 06:19:22.252] [info] [[94mControllerAndOtherEventHandler.cpp[0m:[95m239[0m [96moperator()[0m] Accepted new connection
[2026-09-01 06:19:22.253] [info] [[94mHttpSession.cpp[0m:[95m96[0m [96mhandleRequest[0m] Got request: GET /ndt/get_graph_data
[2026-09-01 06:19:22.253] [info] [[94mHttpSession.cpp[0m:[95m531[0m [96mhandleGetGraphData[0m] Handle Get Graph Data
[2026-09-01 06:19:22.266] [info] [[94mHttpSession.cpp[0m:[95m576[0m [96mhandleGetGraphData[0m] get_graph_data success
[2026-09-01 06:19:22.503] [info] [[94mControllerAndOtherEventHandler.cpp[0m:[95m239[0m [96moperator()[0m] Accepted new connection
[2026-09-01 06:19:22.503] [info] [[94mHttpSession.cpp[0m:[95m96[0m [96mhandleRequest[0m] Got request: GET /ndt/get_graph_data
[2026-09-01 06:19:22.503] [info] [[94mHttpSession.cpp[0m:[95m531[0m [96mhandleGetGraphData[0m] Handle Get Graph Data
[2026-09-01 06:19:22.522] [info] [[94mHttpSession.cpp[0m:[95m576[0m [96mhandleGetGraphData[0m] get_graph_data success
[2026-09-01 06:19:22.753] [info] [[94mControllerAndOtherEventHandler.cpp[0m:[95m239[0m [96moperator()[0m] Accepted new connection
[2026-09-01 06:19:22.753] [info] [[94mHttpSession.cpp[0m:[95m96[0m [96mhandleRequest[0m] Got request: GET /ndt/get_graph_data
[2026-09-01 06:19:22.753] [info] [[94mHttpSession.cpp[0m:[95m531[0m [96mhandleGetGraphData[0m] Handle Get Graph Data
[2026-09-01 06:19:22.771] [info] [[94mHttpSession.cpp[0m:[95m576[0m [96mhandleGetGraphData[0m] get_graph_data success
[2026-09-01 06:19:23.003] [info] [[94mControllerAndOtherEventHandler.cpp[0m:[95m239[0m [96moperator()[0m] Accepted new connection
[2026-09-01 06:19:23.004] [info] [[94mHttpSession.cpp[0m:[95m96[0m [96mhandleRequest[0m] Got request: GET /ndt/get_graph_data
[2026-09-01 06:19:23.004] [info] [[94mHttpSession.cpp[0m:[95m531[0m [96mhandleGetGraphData[0m] Handle Get Graph Data
[2026-09-01 06:19:23.019] [info] [[94mHttpSession.cpp[0m:[95m576[0m [96mhandleGetGraphData[0m] get_graph_data success
[2026-09-01 06:19:23.253] [info] [[94mControllerAndOtherEventHandler.cpp[0m:[95m239[0m [96moperator()[0m] Accepted new connection
[2026-09-01 06:19:23.253] [info] [[94mHttpSession.cpp[0m:[95m96[0m [96mhandleRequest[0m] Got request: GET /ndt/get_graph_data
[2026-09-01 06:19:23.253] [info] [[94mHttpSession.cpp[0m:[95m531[0m [96mhandleGetGraphData[0m] Handle Get Graph Data
[2026-09-01 06:19:23.268] [info] [[94mHttpSession.cpp[0m:[95m576[0m [96mhandleGetGraphData[0m] get_graph_data success
[2026-09-01 06:19:23.504] [info] [[94mControllerAndOtherEventHandler.cpp[0m:[95m239[0m [96moperator()[0m] Accepted new connection
[2026-09-01 06:19:23.504] [info] [[94mHttpSession.cpp[0m:[95m96[0m [96mhandleRequest[0m] Got request: GET /ndt/get_graph_data
[2026-09-01 06:19:23.504] [info] [[94mHttpSession.cpp[0m:[95m531[0m [96mhandleGetGraphData[0m] Handle Get Graph Data
[2026-09-01 06:19:23.521] [info] [[94mHttpSession.cpp[0m:[95m576[0m [96mhandleGetGraphData[0m] get_graph_data success
[2026-09-01 06:19:23.753] [info] [[94mControllerAndOtherEventHandler.cpp[0m:[95m239[0m [96moperator()[0m] Accepted new connection
[2026-09-01 06:19:23.753] [info] [[94mHttpSession.cpp[0m:[95m96[0m [96mhandleRequest[0m] Got request: GET /ndt/get_graph_data
[2026-09-01 06:19:23.753] [info] [[94mHttpSession.cpp[0m:[95m531[0m [96mhandleGetGraphData[0m] Handle Get Graph Data
[2026-09-01 06:19:23.770] [info] [[94mHttpSession.cpp[0m:[95m576[0m [96mhandleGetGraphData[0m] get_graph_data success
[2026-09-01 06:19:24.004] [info] [[94mControllerAndOtherEventHandler.cpp[0m:[95m239[0m [96moperator()[0m] Accepted new connection
[2026-09-01 06:19:24.004] [info] [[94mHttpSession.cpp[0m:[95m96[0m [96mhandleRequest[0m] Got request: GET /ndt/get_graph_data
[2026-09-01 06:19:24.004] [info] [[94mHttpSession.cpp[0m:[95m531[0m [96mhandleGetGraphData[0m] Handle Get Graph Data
[2026-09-01 06:19:24.023] [info] [[94mHttpSession.cpp[0m:[95m576[0m [96mhandleGetGraphData[0m] get_graph_data success
[2026-09-01 06:19:24.253] [info] [[94mControllerAndOtherEventHandler.cpp[0m:[95m239[0m [96moperator()[0m] Accepted new connection
[2026-09-01 06:19:24.253] [info] [[94mHttpSession.cpp[0m:[95m96[0m [96mhandleRequest[0m] Got request: GET /ndt/get_graph_data
[2026-09-01 06:19:24.253] [info] [[94mHttpSession.cpp[0m:[95m531[0m [96mhandleGetGraphData[0m] Handle Get Graph Data
[2026-09-01 06:19:24.273] [info] [[94mHttpSession.cpp[0m:[95m576[0m [96mhandleGetGraphData[0m] get_graph_data success
[2026-09-01 06:19:24.504] [info] [[94mControllerAndOtherEventHandler.cpp[0m:[95m239[0m [96moperator()[0m] Accepted new connection
[2026-09-01 06:19:24.504] [info] [[94mHttpSession.cpp[0m:[95m96[0m [96mhandleRequest[0m] Got request: GET /ndt/get_graph_data
[2026-09-01 06:19:24.504] [info] [[94mHttpSession.cpp[0m:[95m531[0m [96mhandleGetGraphData[0m] Handle Get Graph Data
[2026-09-01 06:19:24.523] [info] [[94mHttpSession.cpp[0m:[95m576[0m [96mhandleGetGraphData[0m] get_graph_data success
[2026-09-01 06:19:24.753] [info] [[94mControllerAndOtherEventHandler.cpp[0m:[95m239[0m [96moperator()[0m] Accepted new connection
[2026-09-01 06:19:24.753] [info] [[94mHttpSession.cpp[0m:[95m96[0m [96mhandleRequest[0m] Got request: GET /ndt/get_graph_data
[2026-09-01 06:19:24.753] [info] [[94mHttpSession.cpp[0m:[95m531[0m [96mhandleGetGraphData[0m] Handle Get Graph Data
[2026-09-01 06:19:24.773] [info] [[94mHttpSession.cpp[0m:[95m576[0m [96mhandleGetGraphData[0m] get_graph_data success
[2026-09-01 06:19:25.004] [info] [[94mControllerAndOtherEventHandler.cpp[0m:[95m239[0m [96moperator()[0m] Accepted new connection
[2026-09-01 06:19:25.004] [info] [[94mHttpSession.cpp[0m:[95m96[0m [96mhandleRequest[0m] Got request: GET /ndt/get_graph_data
[2026-09-01 06:19:25.004] [info] [[94mHttpSession.cpp[0m:[95m531[0m [96mhandleGetGraphData[0m] Handle Get Graph Data
[2026-09-01 06:19:25.023] [info] [[94mHttpSession.cpp[0m:[95m576[0m [96mhandleGetGraphData[0m] get_graph_data success
[2026-09-01 06:19:25.253] [info] [[94mControllerAndOtherEventHandler.cpp[0m:[95m239[0m [96moperator()[0m] Accepted new connection
[2026-09-01 06:19:25.254] [info] [[94mHttpSession.cpp[0m:[95m96[0m [96mhandleRequest[0m] Got request: GET /ndt/get_graph_data
[2026-09-01 06:19:25.254] [info] [[94mHttpSession.cpp[0m:[95m531[0m [96mhandleGetGraphData[0m] Handle Get Graph Data
[2026-09-01 06:19:25.268] [info] [[94mHttpSession.cpp[0m:[95m576[0m [96mhandleGetGraphData[0m] get_graph_data success
[2026-09-01 06:19:25.504] [info] [[94mControllerAndOtherEventHandler.cpp[0m:[95m239[0m [96moperator()[0m] Accepted new connection
[2026-09-01 06:19:25.504] [info] [[94mHttpSession.cpp[0m:[95m96[0m [96mhandleRequest[0m] Got request: GET /ndt/get_graph_data
[2026-09-01 06:19:25.504] [info] [[94mHttpSession.cpp[0m:[95m531[0m [96mhandleGetGraphData[0m] Handle Get Graph Data
[2026-09-01 06:19:25.524] [info] [[94mHttpSession.cpp[0m:[95m576[0m [96mhandleGetGraphData[0m] get_graph_data success
[2026-09-01 06:19:25.755] [info] [[94mControllerAndOtherEventHandler.cpp[0m:[95m239[0m [96moperator()[0m] Accepted new connection
[2026-09-01 06:19:25.755] [info] [[94mHttpSession.cpp[0m:[95m96[0m [96mhandleRequest[0m] Got request: GET /ndt/get_graph_data
[2026-09-01 06:19:25.755] [info] [[94mHttpSession.cpp[0m:[95m531[0m [96mhandleGetGraphData[0m] Handle Get Graph Data
[2026-09-01 06:19:25.774] [info] [[94mHttpSession.cpp[0m:[95m576[0m [96mhandleGetGraphData[0m] get_graph_data success
[2026-09-01 06:19:26.004] [info] [[94mControllerAndOtherEventHandler.cpp[0m:[95m239[0m [96moperator()[0m] Accepted new connection
[2026-09-01 06:19:26.004] [info] [[94mHttpSession.cpp[0m:[95m96[0m [96mhandleRequest[0m] Got request: GET /ndt/get_graph_data
[2026-09-01 06:19:26.005] [info] [[94mHttpSession.cpp[0m:[95m531[0m [96mhandleGetGraphData[0m] Handle Get Graph Data
[2026-09-01 06:19:26.024] [info] [[94mHttpSession.cpp[0m:[95m576[0m [96mhandleGetGraphData[0m] get_graph_data success
[2026-09-01 06:19:26.254] [info] [[94mControllerAndOtherEventHandler.cpp[0m:[95m239[0m [96moperator()[0m] Accepted new connection
[2026-09-01 06:19:26.255] [info] [[94mHttpSession.cpp[0m:[95m96[0m [96mhandleRequest[0m] Got request: GET /ndt/get_graph_data
[2026-09-01 06:19:26.255] [info] [[94mHttpSession.cpp[0m:[95m531[0m [96mhandleGetGraphData[0m] Handle Get Graph Data
[2026-09-01 06:19:26.274] [info] [[94mHttpSession.cpp[0m:[95m576[0m [96mhandleGetGraphData[0m] get_graph_data success
[2026-09-01 06:19:26.504] [info] [[94mControllerAndOtherEventHandler.cpp[0m:[95m239[0m [96moperator()[0m] Accepted new connection
[2026-09-01 06:19:26.505] [info] [[94mHttpSession.cpp[0m:[95m96[0m [96mhandleRequest[0m] Got request: GET /ndt/get_graph_data
[2026-09-01 06:19:26.505] [info] [[94mHttpSession.cpp[0m:[95m531[0m [96mhandleGetGraphData[0m] Handle Get Graph Data
[2026-09-01 06:19:26.523] [info] [[94mHttpSession.cpp[0m:[95m576[0m [96mhandleGetGraphData[0m] get_graph_data success
[2026-09-01 06:19:26.754] [info] [[94mControllerAndOtherEventHandler.cpp[0m:[95m239[0m [96moperator()[0m] Accepted new connection
[2026-09-01 06:19:26.755] [info] [[94mHttpSession.cpp[0m:[95m96[0m [96mhandleRequest[0m] Got request: GET /ndt/get_graph_data
[2026-09-01 06:19:26.755] [info] [[94mHttpSession.cpp[0m:[95m531[0m [96mhandleGetGraphData[0m] Handle Get Graph Data
[2026-09-01 06:19:26.774] [info] [[94mHttpSession.cpp[0m:[95m576[0m [96mhandleGetGraphData[0m] get_graph_data success
[2026-09-01 06:19:27.005] [info] [[94mControllerAndOtherEventHandler.cpp[0m:[95m239[0m [96moperator()[0m] Accepted new connection
[2026-09-01 06:19:27.005] [info] [[94mHttpSession.cpp[0m:[95m96[0m [96mhandleRequest[0m] Got request: GET /ndt/get_graph_data
[2026-09-01 06:19:27.005] [info] [[94mHttpSession.cpp[0m:[95m531[0m [96mhandleGetGraphData[0m] Handle Get Graph Data
[2026-09-01 06:19:27.022] [info] [[94mHttpSession.cpp[0m:[95m576[0m [96mhandleGetGraphData[0m] get_graph_data success
[2026-09-01 06:19:27.255] [info] [[94mControllerAndOtherEventHandler.cpp[0m:[95m239[0m [96moperator()[0m] Accepted new connection
[2026-09-01 06:19:27.255] [info] [[94mHttpSession.cpp[0m:[95m96[0m [96mhandleRequest[0m] Got request: GET /ndt/get_graph_data
[2026-09-01 06:19:27.255] [info] [[94mHttpSession.cpp[0m:[95m531[0m [96mhandleGetGraphData[0m] Handle Get Graph Data
[2026-09-01 06:19:27.274] [info] [[94mHttpSession.cpp[0m:[95m576[0m [96mhandleGetGraphData[0m] get_graph_data success
[2026-09-01 06:19:27.504] [info] [[94mControllerAndOtherEventHandler.cpp[0m:[95m239[0m [96moperator()[0m] Accepted new connection
[2026-09-01 06:19:27.504] [info] [[94mHttpSession.cpp[0m:[95m96[0m [96mhandleRequest[0m] Got request: GET /ndt/get_graph_data
[2026-09-01 06:19:27.504] [info] [[94mHttpSession.cpp[0m:[95m531[0m [96mhandleGetGraphData[0m] Handle Get Graph Data
[2026-09-01 06:19:27.518] [info] [[94mHttpSession.cpp[0m:[95m576[0m [96mhandleGetGraphData[0m] get_graph_data success
[2026-09-01 06:19:27.755] [info] [[94mControllerAndOtherEventHandler.cpp[0m:[95m239[0m [96moperator()[0m] Accepted new connection
[2026-09-01 06:19:27.755] [info] [[94mHttpSession.cpp[0m:[95m96[0m [96mhandleRequest[0m] Got request: GET /ndt/get_graph_data
[2026-09-01 06:19:27.755] [info] [[94mHttpSession.cpp[0m:[95m531[0m [96mhandleGetGraphData[0m] Handle Get Graph Data
[2026-09-01 06:19:27.773] [info] [[94mHttpSession.cpp[0m:[95m576[0m [96mhandleGetGraphData[0m] get_graph_data success
[2026-09-01 06:19:28.005] [info] [[94mControllerAndOtherEventHandler.cpp[0m:[95m239[0m [96moperator()[0m] Accepted new connection
[2026-09-01 06:19:28.005] [info] [[94mHttpSession.cpp[0m:[95m96[0m [96mhandleRequest[0m] Got request: GET /ndt/get_graph_data
[2026-09-01 06:19:28.005] [info] [[94mHttpSession.cpp[0m:[95m531[0m [96mhandleGetGraphData[0m] Handle Get Graph Data
[2026-09-01 06:19:28.023] [info] [[94mHttpSession.cpp[0m:[95m576[0m [96mhandleGetGraphData[0m] get_graph_data success
[2026-09-01 06:19:28.255] [info] [[94mControllerAndOtherEventHandler.cpp[0m:[95m239[0m [96moperator()[0m] Accepted new connection
[2026-09-01 06:19:28.255] [info] [[94mHttpSession.cpp[0m:[95m96[0m [96mhandleRequest[0m] Got request: GET /ndt/get_graph_data
[2026-09-01 06:19:28.255] [info] [[94mHttpSession.cpp[0m:[95m531[0m [96mhandleGetGraphData[0m] Handle Get Graph Data
[2026-09-01 06:19:28.275] [info] [[94mHttpSession.cpp[0m:[95m576[0m [96mhandleGetGraphData[0m] get_graph_data success
[2026-09-01 06:19:28.505] [info] [[94mControllerAndOtherEventHandler.cpp[0m:[95m239[0m [96moperator()[0m] Accepted new connection
[2026-09-01 06:19:28.505] [info] [[94mHttpSession.cpp[0m:[95m96[0m [96mhandleRequest[0m] Got request: GET /ndt/get_graph_data
[2026-09-01 06:19:28.505] [info] [[94mHttpSession.cpp[0m:[95m531[0m [96mhandleGetGraphData[0m] Handle Get Graph Data
[2026-09-01 06:19:28.522] [info] [[94mHttpSession.cpp[0m:[95m576[0m [96mhandleGetGraphData[0m] get_graph_data success
[2026-09-01 06:19:28.755] [info] [[94mControllerAndOtherEventHandler.cpp[0m:[95m239[0m [96moperator()[0m] Accepted new connection
[2026-09-01 06:19:28.755] [info] [[94mHttpSession.cpp[0m:[95m96[0m [96mhandleRequest[0m] Got request: GET /ndt/get_graph_data
[2026-09-01 06:19:28.755] [info] [[94mHttpSession.cpp[0m:[95m531[0m [96mhandleGetGraphData[0m] Handle Get Graph Data
[2026-09-01 06:19:28.775] [info] [[94mHttpSession.cpp[0m:[95m576[0m [96mhandleGetGraphData[0m] get_graph_data success
[2026-09-01 06:19:29.005] [info] [[94mControllerAndOtherEventHandler.cpp[0m:[95m239[0m [96moperator()[0m] Accepted new connection
[2026-09-01 06:19:29.005] [info] [[94mHttpSession.cpp[0m:[95m96[0m [96mhandleRequest[0m] Got request: GET /ndt/get_graph_data
[2026-09-01 06:19:29.005] [info] [[94mHttpSession.cpp[0m:[95m531[0m [96mhandleGetGraphData[0m] Handle Get Graph Data
[2026-09-01 06:19:29.018] [info] [[94mHttpSession.cpp[0m:[95m576[0m [96mhandleGetGraphData[0m] get_graph_data success
[2026-09-01 06:19:29.255] [info] [[94mControllerAndOtherEventHandler.cpp[0m:[95m239[0m [96moperator()[0m] Accepted new connection
[2026-09-01 06:19:29.256] [info] [[94mHttpSession.cpp[0m:[95m96[0m [96mhandleRequest[0m] Got request: GET /ndt/get_graph_data
[2026-09-01 06:19:29.256] [info] [[94mHttpSession.cpp[0m:[95m531[0m [96mhandleGetGraphData[0m] Handle Get Graph Data
[2026-09-01 06:19:29.269] [info] [[94mHttpSession.cpp[0m:[95m576[0m [96mhandleGetGraphData[0m] get_graph_data success
[2026-09-01 06:19:29.505] [info] [[94mControllerAndOtherEventHandler.cpp[0m:[95m239[0m [96moperator()[0m] Accepted new connection
[2026-09-01 06:19:29.506] [info] [[94mHttpSession.cpp[0m:[95m96[0m [96mhandleRequest[0m] Got request: GET /ndt/get_graph_data
[2026-09-01 06:19:29.506] [info] [[94mHttpSession.cpp[0m:[95m531[0m [96mhandleGetGraphData[0m] Handle Get Graph Data
[2026-09-01 06:19:29.524] [info] [[94mHttpSession.cpp[0m:[95m576[0m [96mhandleGetGraphData[0m] get_graph_data success
[2026-09-01 06:19:29.756] [info] [[94mControllerAndOtherEventHandler.cpp[0m:[95m239[0m [96moperator()[0m] Accepted new connection
[2026-09-01 06:19:29.756] [info] [[94mHttpSession.cpp[0m:[95m96[0m [96mhandleRequest[0m] Got request: GET /ndt/get_graph_data
[2026-09-01 06:19:29.756] [info] [[94mHttpSession.cpp[0m:[95m531[0m [96mhandleGetGraphData[0m] Handle Get Graph Data
[2026-09-01 06:19:29.774] [info] [[94mHttpSession.cpp[0m:[95m576[0m [96mhandleGetGraphData[0m] get_graph_data success
[2026-09-01 06:19:30.006] [info] [[94mControllerAndOtherEventHandler.cpp[0m:[95m239[0m [96moperator()[0m] Accepted new connection
[2026-09-01 06:19:30.006] [info] [[94mHttpSession.cpp[0m:[95m96[0m [96mhandleRequest[0m] Got request: GET /ndt/get_graph_data
[2026-09-01 06:19:30.006] [info] [[94mHttpSession.cpp[0m:[95m531[0m [96mhandleGetGraphData[0m] Handle Get Graph Data
[2026-09-01 06:19:30.025] [info] [[94mHttpSession.cpp[0m:[95m576[0m [96mhandleGetGraphData[0m] get_graph_data success
[2026-09-01 06:19:30.255] [info] [[94mControllerAndOtherEventHandler.cpp[0m:[95m239[0m [96moperator()[0m] Accepted new connection
[2026-09-01 06:19:30.255] [info] [[94mHttpSession.cpp[0m:[95m96[0m [96mhandleRequest[0m] Got request: GET /ndt/get_graph_data
[2026-09-01 06:19:30.255] [info] [[94mHttpSession.cpp[0m:[95m531[0m [96mhandleGetGraphData[0m] Handle Get Graph Data
[2026-09-01 06:19:30.268] [info] [[94mHttpSession.cpp[0m:[95m576[0m [96mhandleGetGraphData[0m] get_graph_data success
[2026-09-01 06:19:30.506] [info] [[94mControllerAndOtherEventHandler.cpp[0m:[95m239[0m [96moperator()[0m] Accepted new connection
[2026-09-01 06:19:30.506] [info] [[94mHttpSession.cpp[0m:[95m96[0m [96mhandleRequest[0m] Got request: GET /ndt/get_graph_data
[2026-09-01 06:19:30.506] [info] [[94mHttpSession.cpp[0m:[95m531[0m [96mhandleGetGraphData[0m] Handle Get Graph Data
[2026-09-01 06:19:30.520] [info] [[94mHttpSession.cpp[0m:[95m576[0m [96mhandleGetGraphData[0m] get_graph_data success
[2026-09-01 06:19:30.755] [info] [[94mControllerAndOtherEventHandler.cpp[0m:[95m239[0m [96moperator()[0m] Accepted new connection
[2026-09-01 06:19:30.755] [info] [[94mHttpSession.cpp[0m:[95m96[0m [96mhandleRequest[0m] Got request: GET /ndt/get_graph_data
[2026-09-01 06:19:30.755] [info] [[94mHttpSession.cpp[0m:[95m531[0m [96mhandleGetGraphData[0m] Handle Get Graph Data
[2026-09-01 06:19:30.769] [info] [[94mHttpSession.cpp[0m:[95m576[0m [96mhandleGetGraphData[0m] get_graph_data success
[2026-09-01 06:19:31.005] [info] [[94mControllerAndOtherEventHandler.cpp[0m:[95m239[0m [96moperator()[0m] Accepted new connection
[2026-09-01 06:19:31.006] [info] [[94mHttpSession.cpp[0m:[95m96[0m [96mhandleRequest[0m] Got request: GET /ndt/get_graph_data
[2026-09-01 06:19:31.006] [info] [[94mHttpSession.cpp[0m:[95m531[0m [96mhandleGetGraphData[0m] Handle Get Graph Data
[2026-09-01 06:19:31.020] [info] [[94mHttpSession.cpp[0m:[95m576[0m [96mhandleGetGraphData[0m] get_graph_data success
[2026-09-01 06:19:31.256] [info] [[94mControllerAndOtherEventHandler.cpp[0m:[95m239[0m [96moperator()[0m] Accepted new connection
[2026-09-01 06:19:31.256] [info] [[94mHttpSession.cpp[0m:[95m96[0m [96mhandleRequest[0m] Got request: GET /ndt/get_graph_data
[2026-09-01 06:19:31.256] [info] [[94mHttpSession.cpp[0m:[95m531[0m [96mhandleGetGraphData[0m] Handle Get Graph Data
[2026-09-01 06:19:31.273] [info] [[94mHttpSession.cpp[0m:[95m576[0m [96mhandleGetGraphData[0m] get_graph_data success
[2026-09-01 06:19:31.506] [info] [[94mControllerAndOtherEventHandler.cpp[0m:[95m239[0m [96moperator()[0m] Accepted new connection
[2026-09-01 06:19:31.506] [info] [[94mHttpSession.cpp[0m:[95m96[0m [96mhandleRequest[0m] Got request: GET /ndt/get_graph_data
[2026-09-01 06:19:31.506] [info] [[94mHttpSession.cpp[0m:[95m531[0m [96mhandleGetGraphData[0m] Handle Get Graph Data
[2026-09-01 06:19:31.523] [info] [[94mHttpSession.cpp[0m:[95m576[0m [96mhandleGetGraphData[0m] get_graph_data success
[2026-09-01 06:19:31.755] [info] [[94mControllerAndOtherEventHandler.cpp[0m:[95m239[0m [96moperator()[0m] Accepted new connection
[2026-09-01 06:19:31.755] [info] [[94mHttpSession.cpp[0m:[95m96[0m [96mhandleRequest[0m] Got request: GET /ndt/get_graph_data
[2026-09-01 06:19:31.755] [info] [[94mHttpSession.cpp[0m:[95m531[0m [96mhandleGetGraphData[0m] Handle Get Graph Data
[2026-09-01 06:19:31.768] [info] [[94mHttpSession.cpp[0m:[95m576[0m [96mhandleGetGraphData[0m] get_graph_data success
[2026-09-01 06:19:32.006] [info] [[94mControllerAndOtherEventHandler.cpp[0m:[95m239[0m [96moperator()[0m] Accepted new connection
[2026-09-01 06:19:32.006] [info] [[94mHttpSession.cpp[0m:[95m96[0m [96mhandleRequest[0m] Got request: GET /ndt/get_graph_data
[2026-09-01 06:19:32.006] [info] [[94mHttpSession.cpp[0m:[95m531[0m [96mhandleGetGraphData[0m] Handle Get Graph Data
[2026-09-01 06:19:32.025] [info] [[94mHttpSession.cpp[0m:[95m576[0m [96mhandleGetGraphData[0m] get_graph_data success
[2026-09-01 06:19:32.256] [info] [[94mControllerAndOtherEventHandler.cpp[0m:[95m239[0m [96moperator()[0m] Accepted new connection
[2026-09-01 06:19:32.256] [info] [[94mHttpSession.cpp[0m:[95m96[0m [96mhandleRequest[0m] Got request: GET /ndt/get_graph_data
[2026-09-01 06:19:32.256] [info] [[94mHttpSession.cpp[0m:[95m531[0m [96mhandleGetGraphData[0m] Handle Get Graph Data
[2026-09-01 06:19:32.275] [info] [[94mHttpSession.cpp[0m:[95m576[0m [96mhandleGetGraphData[0m] get_graph_data success
[2026-09-01 06:19:32.506] [info] [[94mControllerAndOtherEventHandler.cpp[0m:[95m239[0m [96moperator()[0m] Accepted new connection
[2026-09-01 06:19:32.507] [info] [[94mHttpSession.cpp[0m:[95m96[0m [96mhandleRequest[0m] Got request: GET /ndt/get_graph_data
[2026-09-01 06:19:32.507] [info] [[94mHttpSession.cpp[0m:[95m531[0m [96mhandleGetGraphData[0m] Handle Get Graph Data
[2026-09-01 06:19:32.525] [info] [[94mHttpSession.cpp[0m:[95m576[0m [96mhandleGetGraphData[0m] get_graph_data success
[2026-09-01 06:19:32.756] [info] [[94mControllerAndOtherEventHandler.cpp[0m:[95m239[0m [96moperator()[0m] Accepted new connection
[2026-09-01 06:19:32.756] [info] [[94mHttpSession.cpp[0m:[95m96[0m [96mhandleRequest[0m] Got request: GET /ndt/get_graph_data
[2026-09-01 06:19:32.756] [info] [[94mHttpSession.cpp[0m:[95m531[0m [96mhandleGetGraphData[0m] Handle Get Graph Data
[2026-09-01 06:19:32.775] [info] [[94mHttpSession.cpp[0m:[95m576[0m [96mhandleGetGraphData[0m] get_graph_data success
[2026-09-01 06:19:33.006] [info] [[94mControllerAndOtherEventHandler.cpp[0m:[95m239[0m [96moperator()[0m] Accepted new connection
[2026-09-01 06:19:33.006] [info] [[94mHttpSession.cpp[0m:[95m96[0m [96mhandleRequest[0m] Got request: GET /ndt/get_graph_data
[2026-09-01 06:19:33.006] [info] [[94mHttpSession.cpp[0m:[95m531[0m [96mhandleGetGraphData[0m] Handle Get Graph Data
[2026-09-01 06:19:33.022] [info] [[94mHttpSession.cpp[0m:[95m576[0m [96mhandleGetGraphData[0m] get_graph_data success
[2026-09-01 06:19:33.256] [info] [[94mControllerAndOtherEventHandler.cpp[0m:[95m239[0m [96moperator()[0m] Accepted new connection
[2026-09-01 06:19:33.256] [info] [[94mHttpSession.cpp[0m:[95m96[0m [96mhandleRequest[0m] Got request: GET /ndt/get_graph_data
[2026-09-01 06:19:33.256] [info] [[94mHttpSession.cpp[0m:[95m531[0m [96mhandleGetGraphData[0m] Handle Get Graph Data
[2026-09-01 06:19:33.273] [info] [[94mHttpSession.cpp[0m:[95m576[0m [96mhandleGetGraphData[0m] get_graph_data success
[2026-09-01 06:19:33.506] [info] [[94mControllerAndOtherEventHandler.cpp[0m:[95m239[0m [96moperator()[0m] Accepted new connection
[2026-09-01 06:19:33.506] [info] [[94mHttpSession.cpp[0m:[95m96[0m [96mhandleRequest[0m] Got request: GET /ndt/get_graph_data
[2026-09-01 06:19:33.506] [info] [[94mHttpSession.cpp[0m:[95m531[0m [96mhandleGetGraphData[0m] Handle Get Graph Data
[2026-09-01 06:19:33.525] [info] [[94mHttpSession.cpp[0m:[95m576[0m [96mhandleGetGraphData[0m] get_graph_data success
[2026-09-01 06:19:33.757] [info] [[94mControllerAndOtherEventHandler.cpp[0m:[95m239[0m [96moperator()[0m] Accepted new connection
[2026-09-01 06:19:33.757] [info] [[94mHttpSession.cpp[0m:[95m96[0m [96mhandleRequest[0m] Got request: GET /ndt/get_graph_data
[2026-09-01 06:19:33.757] [info] [[94mHttpSession.cpp[0m:[95m531[0m [96mhandleGetGraphData[0m] Handle Get Graph Data
[2026-09-01 06:19:33.775] [info] [[94mHttpSession.cpp[0m:[95m576[0m [96mhandleGetGraphData[0m] get_graph_data success
[2026-09-01 06:19:34.006] [info] [[94mControllerAndOtherEventHandler.cpp[0m:[95m239[0m [96moperator()[0m] Accepted new connection
[2026-09-01 06:19:34.006] [info] [[94mHttpSession.cpp[0m:[95m96[0m [96mhandleRequest[0m] Got request: GET /ndt/get_graph_data
[2026-09-01 06:19:34.006] [info] [[94mHttpSession.cpp[0m:[95m531[0m [96mhandleGetGraphData[0m] Handle Get Graph Data
[2026-09-01 06:19:34.025] [info] [[94mHttpSession.cpp[0m:[95m576[0m [96mhandleGetGraphData[0m] get_graph_data success
[2026-09-01 06:19:34.257] [info] [[94mControllerAndOtherEventHandler.cpp[0m:[95m239[0m [96moperator()[0m] Accepted new connection
[2026-09-01 06:19:34.257] [info] [[94mHttpSession.cpp[0m:[95m96[0m [96mhandleRequest[0m] Got request: GET /ndt/get_graph_data
[2026-09-01 06:19:34.257] [info] [[94mHttpSession.cpp[0m:[95m531[0m [96mhandleGetGraphData[0m] Handle Get Graph Data
[2026-09-01 06:19:34.275] [info] [[94mHttpSession.cpp[0m:[95m576[0m [96mhandleGetGraphData[0m] get_graph_data success
[2026-09-01 06:19:34.507] [info] [[94mControllerAndOtherEventHandler.cpp[0m:[95m239[0m [96moperator()[0m] Accepted new connection
[2026-09-01 06:19:34.507] [info] [[94mHttpSession.cpp[0m:[95m96[0m [96mhandleRequest[0m] Got request: GET /ndt/get_graph_data
[2026-09-01 06:19:34.507] [info] [[94mHttpSession.cpp[0m:[95m531[0m [96mhandleGetGraphData[0m] Handle Get Graph Data
[2026-09-01 06:19:34.526] [info] [[94mHttpSession.cpp[0m:[95m576[0m [96mhandleGetGraphData[0m] get_graph_data success
[2026-09-01 06:19:34.622] [info] [[94mFlowLinkUsageCollector.cpp[0m:[95m1807[0m [96mcalAvgFlowSendingRatesPeriodically[0m] rate loop period: last 30 iters mean 1000.8 ms | since start (239 iters) mean 1000.8 ms, min 1000.1, max 1003.0 (flows=1, counters=5) -- the LAST-N figure is the current denominator; the since-start one lags it
[2026-09-01 06:19:34.623] [info] [[94mFlowLinkUsageCollector.cpp[0m:[95m2016[0m [96mcalAvgFlowSendingRatesPeriodically[0m] rate divisor check: measured_interval_s=1.001020 divisor_used_s=1.001020 (ticket Q gate: these must agree to 1%; a negative divisor means no rate has been published yet, which is not a pass)
[2026-09-01 06:19:34.756] [info] [[94mControllerAndOtherEventHandler.cpp[0m:[95m239[0m [96moperator()[0m] Accepted new connection
[2026-09-01 06:19:34.757] [info] [[94mHttpSession.cpp[0m:[95m96[0m [96mhandleRequest[0m] Got request: GET /ndt/get_graph_data
[2026-09-01 06:19:34.757] [info] [[94mHttpSession.cpp[0m:[95m531[0m [96mhandleGetGraphData[0m] Handle Get Graph Data
[2026-09-01 06:19:34.769] [info] [[94mHttpSession.cpp[0m:[95m576[0m [96mhandleGetGraphData[0m] get_graph_data success
[2026-09-01 06:19:35.007] [info] [[94mControllerAndOtherEventHandler.cpp[0m:[95m239[0m [96moperator()[0m] Accepted new connection
[2026-09-01 06:19:35.007] [info] [[94mHttpSession.cpp[0m:[95m96[0m [96mhandleRequest[0m] Got request: GET /ndt/get_graph_data
[2026-09-01 06:19:35.007] [info] [[94mHttpSession.cpp[0m:[95m531[0m [96mhandleGetGraphData[0m] Handle Get Graph Data
[2026-09-01 06:19:35.024] [info] [[94mHttpSession.cpp[0m:[95m576[0m [96mhandleGetGraphData[0m] get_graph_data success
[2026-09-01 06:19:35.257] [info] [[94mControllerAndOtherEventHandler.cpp[0m:[95m239[0m [96moperator()[0m] Accepted new connection
[2026-09-01 06:19:35.257] [info] [[94mHttpSession.cpp[0m:[95m96[0m [96mhandleRequest[0m] Got request: GET /ndt/get_graph_data
[2026-09-01 06:19:35.257] [info] [[94mHttpSession.cpp[0m:[95m531[0m [96mhandleGetGraphData[0m] Handle Get Graph Data
[2026-09-01 06:19:35.275] [info] [[94mHttpSession.cpp[0m:[95m576[0m [96mhandleGetGraphData[0m] get_graph_data success
[2026-09-01 06:19:35.507] [info] [[94mControllerAndOtherEventHandler.cpp[0m:[95m239[0m [96moperator()[0m] Accepted new connection
[2026-09-01 06:19:35.507] [info] [[94mHttpSession.cpp[0m:[95m96[0m [96mhandleRequest[0m] Got request: GET /ndt/get_graph_data
[2026-09-01 06:19:35.507] [info] [[94mHttpSession.cpp[0m:[95m531[0m [96mhandleGetGraphData[0m] Handle Get Graph Data
[2026-09-01 06:19:35.525] [info] [[94mHttpSession.cpp[0m:[95m576[0m [96mhandleGetGraphData[0m] get_graph_data success
[2026-09-01 06:19:35.757] [info] [[94mControllerAndOtherEventHandler.cpp[0m:[95m239[0m [96moperator()[0m] Accepted new connection
[2026-09-01 06:19:35.758] [info] [[94mHttpSession.cpp[0m:[95m96[0m [96mhandleRequest[0m] Got request: GET /ndt/get_graph_data
[2026-09-01 06:19:35.758] [info] [[94mHttpSession.cpp[0m:[95m531[0m [96mhandleGetGraphData[0m] Handle Get Graph Data
[2026-09-01 06:19:35.777] [info] [[94mHttpSession.cpp[0m:[95m576[0m [96mhandleGetGraphData[0m] get_graph_data success
[2026-09-01 06:19:36.007] [info] [[94mControllerAndOtherEventHandler.cpp[0m:[95m239[0m [96moperator()[0m] Accepted new connection
[2026-09-01 06:19:36.008] [info] [[94mHttpSession.cpp[0m:[95m96[0m [96mhandleRequest[0m] Got request: GET /ndt/get_graph_data
[2026-09-01 06:19:36.008] [info] [[94mHttpSession.cpp[0m:[95m531[0m [96mhandleGetGraphData[0m] Handle Get Graph Data
[2026-09-01 06:19:36.022] [info] [[94mHttpSession.cpp[0m:[95m576[0m [96mhandleGetGraphData[0m] get_graph_data success
[2026-09-01 06:19:36.258] [info] [[94mControllerAndOtherEventHandler.cpp[0m:[95m239[0m [96moperator()[0m] Accepted new connection
[2026-09-01 06:19:36.258] [info] [[94mHttpSession.cpp[0m:[95m96[0m [96mhandleRequest[0m] Got request: GET /ndt/get_graph_data
[2026-09-01 06:19:36.258] [info] [[94mHttpSession.cpp[0m:[95m531[0m [96mhandleGetGraphData[0m] Handle Get Graph Data
[2026-09-01 06:19:36.277] [info] [[94mHttpSession.cpp[0m:[95m576[0m [96mhandleGetGraphData[0m] get_graph_data success
[2026-09-01 06:19:36.508] [info] [[94mControllerAndOtherEventHandler.cpp[0m:[95m239[0m [96moperator()[0m] Accepted new connection
[2026-09-01 06:19:36.508] [info] [[94mHttpSession.cpp[0m:[95m96[0m [96mhandleRequest[0m] Got request: GET /ndt/get_graph_data
[2026-09-01 06:19:36.508] [info] [[94mHttpSession.cpp[0m:[95m531[0m [96mhandleGetGraphData[0m] Handle Get Graph Data
[2026-09-01 06:19:36.521] [info] [[94mHttpSession.cpp[0m:[95m576[0m [96mhandleGetGraphData[0m] get_graph_data success
[2026-09-01 06:19:36.757] [info] [[94mControllerAndOtherEventHandler.cpp[0m:[95m239[0m [96moperator()[0m] Accepted new connection
[2026-09-01 06:19:36.758] [info] [[94mHttpSession.cpp[0m:[95m96[0m [96mhandleRequest[0m] Got request: GET /ndt/get_graph_data
[2026-09-01 06:19:36.758] [info] [[94mHttpSession.cpp[0m:[95m531[0m [96mhandleGetGraphData[0m] Handle Get Graph Data
[2026-09-01 06:19:36.770] [info] [[94mHttpSession.cpp[0m:[95m576[0m [96mhandleGetGraphData[0m] get_graph_data success
[2026-09-01 06:19:37.008] [info] [[94mControllerAndOtherEventHandler.cpp[0m:[95m239[0m [96moperator()[0m] Accepted new connection
[2026-09-01 06:19:37.008] [info] [[94mHttpSession.cpp[0m:[95m96[0m [96mhandleRequest[0m] Got request: GET /ndt/get_graph_data
[2026-09-01 06:19:37.008] [info] [[94mHttpSession.cpp[0m:[95m531[0m [96mhandleGetGraphData[0m] Handle Get Graph Data
[2026-09-01 06:19:37.027] [info] [[94mHttpSession.cpp[0m:[95m576[0m [96mhandleGetGraphData[0m] get_graph_data success
[2026-09-01 06:19:37.258] [info] [[94mControllerAndOtherEventHandler.cpp[0m:[95m239[0m [96moperator()[0m] Accepted new connection
[2026-09-01 06:19:37.258] [info] [[94mHttpSession.cpp[0m:[95m96[0m [96mhandleRequest[0m] Got request: GET /ndt/get_graph_data
[2026-09-01 06:19:37.258] [info] [[94mHttpSession.cpp[0m:[95m531[0m [96mhandleGetGraphData[0m] Handle Get Graph Data
[2026-09-01 06:19:37.277] [info] [[94mHttpSession.cpp[0m:[95m576[0m [96mhandleGetGraphData[0m] get_graph_data success
[2026-09-01 06:19:37.507] [info] [[94mControllerAndOtherEventHandler.cpp[0m:[95m239[0m [96moperator()[0m] Accepted new connection
[2026-09-01 06:19:37.507] [info] [[94mHttpSession.cpp[0m:[95m96[0m [96mhandleRequest[0m] Got request: GET /ndt/get_graph_data
[2026-09-01 06:19:37.507] [info] [[94mHttpSession.cpp[0m:[95m531[0m [96mhandleGetGraphData[0m] Handle Get Graph Data
[2026-09-01 06:19:37.526] [info] [[94mHttpSession.cpp[0m:[95m576[0m [96mhandleGetGraphData[0m] get_graph_data success
[2026-09-01 06:19:37.758] [info] [[94mControllerAndOtherEventHandler.cpp[0m:[95m239[0m [96moperator()[0m] Accepted new connection
[2026-09-01 06:19:37.758] [info] [[94mHttpSession.cpp[0m:[95m96[0m [96mhandleRequest[0m] Got request: GET /ndt/get_graph_data
[2026-09-01 06:19:37.758] [info] [[94mHttpSession.cpp[0m:[95m531[0m [96mhandleGetGraphData[0m] Handle Get Graph Data
[2026-09-01 06:19:37.777] [info] [[94mHttpSession.cpp[0m:[95m576[0m [96mhandleGetGraphData[0m] get_graph_data success
[2026-09-01 06:19:38.008] [info] [[94mControllerAndOtherEventHandler.cpp[0m:[95m239[0m [96moperator()[0m] Accepted new connection
[2026-09-01 06:19:38.008] [info] [[94mHttpSession.cpp[0m:[95m96[0m [96mhandleRequest[0m] Got request: GET /ndt/get_graph_data
[2026-09-01 06:19:38.008] [info] [[94mHttpSession.cpp[0m:[95m531[0m [96mhandleGetGraphData[0m] Handle Get Graph Data
[2026-09-01 06:19:38.027] [info] [[94mHttpSession.cpp[0m:[95m576[0m [96mhandleGetGraphData[0m] get_graph_data success
[2026-09-01 06:19:38.258] [info] [[94mControllerAndOtherEventHandler.cpp[0m:[95m239[0m [96moperator()[0m] Accepted new connection
[2026-09-01 06:19:38.259] [info] [[94mHttpSession.cpp[0m:[95m96[0m [96mhandleRequest[0m] Got request: GET /ndt/get_graph_data
[2026-09-01 06:19:38.259] [info] [[94mHttpSession.cpp[0m:[95m531[0m [96mhandleGetGraphData[0m] Handle Get Graph Data
[2026-09-01 06:19:38.276] [info] [[94mHttpSession.cpp[0m:[95m576[0m [96mhandleGetGraphData[0m] get_graph_data success
[2026-09-01 06:19:38.508] [info] [[94mControllerAndOtherEventHandler.cpp[0m:[95m239[0m [96moperator()[0m] Accepted new connection
[2026-09-01 06:19:38.508] [info] [[94mHttpSession.cpp[0m:[95m96[0m [96mhandleRequest[0m] Got request: GET /ndt/get_graph_data
[2026-09-01 06:19:38.508] [info] [[94mHttpSession.cpp[0m:[95m531[0m [96mhandleGetGraphData[0m] Handle Get Graph Data
[2026-09-01 06:19:38.522] [info] [[94mHttpSession.cpp[0m:[95m576[0m [96mhandleGetGraphData[0m] get_graph_data success
[2026-09-01 06:19:38.758] [info] [[94mControllerAndOtherEventHandler.cpp[0m:[95m239[0m [96moperator()[0m] Accepted new connection
[2026-09-01 06:19:38.758] [info] [[94mHttpSession.cpp[0m:[95m96[0m [96mhandleRequest[0m] Got request: GET /ndt/get_graph_data
[2026-09-01 06:19:38.758] [info] [[94mHttpSession.cpp[0m:[95m531[0m [96mhandleGetGraphData[0m] Handle Get Graph Data
[2026-09-01 06:19:38.774] [info] [[94mHttpSession.cpp[0m:[95m576[0m [96mhandleGetGraphData[0m] get_graph_data success
[2026-09-01 06:19:39.008] [info] [[94mControllerAndOtherEventHandler.cpp[0m:[95m239[0m [96moperator()[0m] Accepted new connection
[2026-09-01 06:19:39.009] [info] [[94mHttpSession.cpp[0m:[95m96[0m [96mhandleRequest[0m] Got request: GET /ndt/get_graph_data
[2026-09-01 06:19:39.009] [info] [[94mHttpSession.cpp[0m:[95m531[0m [96mhandleGetGraphData[0m] Handle Get Graph Data
[2026-09-01 06:19:39.028] [info] [[94mHttpSession.cpp[0m:[95m576[0m [96mhandleGetGraphData[0m] get_graph_data success
[2026-09-01 06:19:39.259] [info] [[94mControllerAndOtherEventHandler.cpp[0m:[95m239[0m [96moperator()[0m] Accepted new connection
[2026-09-01 06:19:39.259] [info] [[94mHttpSession.cpp[0m:[95m96[0m [96mhandleRequest[0m] Got request: GET /ndt/get_graph_data
[2026-09-01 06:19:39.259] [info] [[94mHttpSession.cpp[0m:[95m531[0m [96mhandleGetGraphData[0m] Handle Get Graph Data
[2026-09-01 06:19:39.278] [info] [[94mHttpSession.cpp[0m:[95m576[0m [96mhandleGetGraphData[0m] get_graph_data success
[2026-09-01 06:19:39.509] [info] [[94mControllerAndOtherEventHandler.cpp[0m:[95m239[0m [96moperator()[0m] Accepted new connection
[2026-09-01 06:19:39.509] [info] [[94mHttpSession.cpp[0m:[95m96[0m [96mhandleRequest[0m] Got request: GET /ndt/get_graph_data
[2026-09-01 06:19:39.509] [info] [[94mHttpSession.cpp[0m:[95m531[0m [96mhandleGetGraphData[0m] Handle Get Graph Data
[2026-09-01 06:19:39.528] [info] [[94mHttpSession.cpp[0m:[95m576[0m [96mhandleGetGraphData[0m] get_graph_data success
[2026-09-01 06:19:39.759] [info] [[94mControllerAndOtherEventHandler.cpp[0m:[95m239[0m [96moperator()[0m] Accepted new connection
[2026-09-01 06:19:39.759] [info] [[94mHttpSession.cpp[0m:[95m96[0m [96mhandleRequest[0m] Got request: GET /ndt/get_graph_data
[2026-09-01 06:19:39.759] [info] [[94mHttpSession.cpp[0m:[95m531[0m [96mhandleGetGraphData[0m] Handle Get Graph Data
[2026-09-01 06:19:39.778] [info] [[94mHttpSession.cpp[0m:[95m576[0m [96mhandleGetGraphData[0m] get_graph_data success
[2026-09-01 06:19:40.009] [info] [[94mControllerAndOtherEventHandler.cpp[0m:[95m239[0m [96moperator()[0m] Accepted new connection
[2026-09-01 06:19:40.009] [info] [[94mHttpSession.cpp[0m:[95m96[0m [96mhandleRequest[0m] Got request: GET /ndt/get_graph_data
[2026-09-01 06:19:40.009] [info] [[94mHttpSession.cpp[0m:[95m531[0m [96mhandleGetGraphData[0m] Handle Get Graph Data
[2026-09-01 06:19:40.028] [info] [[94mHttpSession.cpp[0m:[95m576[0m [96mhandleGetGraphData[0m] get_graph_data success
[2026-09-01 06:19:40.259] [info] [[94mControllerAndOtherEventHandler.cpp[0m:[95m239[0m [96moperator()[0m] Accepted new connection
[2026-09-01 06:19:40.259] [info] [[94mHttpSession.cpp[0m:[95m96[0m [96mhandleRequest[0m] Got request: GET /ndt/get_graph_data
[2026-09-01 06:19:40.259] [info] [[94mHttpSession.cpp[0m:[95m531[0m [96mhandleGetGraphData[0m] Handle Get Graph Data
[2026-09-01 06:19:40.275] [info] [[94mHttpSession.cpp[0m:[95m576[0m [96mhandleGetGraphData[0m] get_graph_data success
[2026-09-01 06:19:40.509] [info] [[94mControllerAndOtherEventHandler.cpp[0m:[95m239[0m [96moperator()[0m] Accepted new connection
[2026-09-01 06:19:40.509] [info] [[94mHttpSession.cpp[0m:[95m96[0m [96mhandleRequest[0m] Got request: GET /ndt/get_graph_data
[2026-09-01 06:19:40.509] [info] [[94mHttpSession.cpp[0m:[95m531[0m [96mhandleGetGraphData[0m] Handle Get Graph Data
[2026-09-01 06:19:40.523] [info] [[94mHttpSession.cpp[0m:[95m576[0m [96mhandleGetGraphData[0m] get_graph_data success
[2026-09-01 06:19:40.759] [info] [[94mControllerAndOtherEventHandler.cpp[0m:[95m239[0m [96moperator()[0m] Accepted new connection
[2026-09-01 06:19:40.759] [info] [[94mHttpSession.cpp[0m:[95m96[0m [96mhandleRequest[0m] Got request: GET /ndt/get_graph_data
[2026-09-01 06:19:40.759] [info] [[94mHttpSession.cpp[0m:[95m531[0m [96mhandleGetGraphData[0m] Handle Get Graph Data
[2026-09-01 06:19:40.772] [info] [[94mHttpSession.cpp[0m:[95m576[0m [96mhandleGetGraphData[0m] get_graph_data success
[2026-09-01 06:19:41.009] [info] [[94mControllerAndOtherEventHandler.cpp[0m:[95m239[0m [96moperator()[0m] Accepted new connection
[2026-09-01 06:19:41.009] [info] [[94mHttpSession.cpp[0m:[95m96[0m [96mhandleRequest[0m] Got request: GET /ndt/get_graph_data
[2026-09-01 06:19:41.009] [info] [[94mHttpSession.cpp[0m:[95m531[0m [96mhandleGetGraphData[0m] Handle Get Graph Data
[2026-09-01 06:19:41.026] [info] [[94mHttpSession.cpp[0m:[95m576[0m [96mhandleGetGraphData[0m] get_graph_data success
[2026-09-01 06:19:41.259] [info] [[94mControllerAndOtherEventHandler.cpp[0m:[95m239[0m [96moperator()[0m] Accepted new connection
[2026-09-01 06:19:41.259] [info] [[94mHttpSession.cpp[0m:[95m96[0m [96mhandleRequest[0m] Got request: GET /ndt/get_graph_data
[2026-09-01 06:19:41.259] [info] [[94mHttpSession.cpp[0m:[95m531[0m [96mhandleGetGraphData[0m] Handle Get Graph Data
[2026-09-01 06:19:41.273] [info] [[94mHttpSession.cpp[0m:[95m576[0m [96mhandleGetGraphData[0m] get_graph_data success
[2026-09-01 06:19:41.509] [info] [[94mControllerAndOtherEventHandler.cpp[0m:[95m239[0m [96moperator()[0m] Accepted new connection
[2026-09-01 06:19:41.510] [info] [[94mHttpSession.cpp[0m:[95m96[0m [96mhandleRequest[0m] Got request: GET /ndt/get_graph_data
[2026-09-01 06:19:41.510] [info] [[94mHttpSession.cpp[0m:[95m531[0m [96mhandleGetGraphData[0m] Handle Get Graph Data
[2026-09-01 06:19:41.528] [info] [[94mHttpSession.cpp[0m:[95m576[0m [96mhandleGetGraphData[0m] get_graph_data success
[2026-09-01 06:19:41.759] [info] [[94mControllerAndOtherEventHandler.cpp[0m:[95m239[0m [96moperator()[0m] Accepted new connection
[2026-09-01 06:19:41.759] [info] [[94mHttpSession.cpp[0m:[95m96[0m [96mhandleRequest[0m] Got request: GET /ndt/get_graph_data
[2026-09-01 06:19:41.759] [info] [[94mHttpSession.cpp[0m:[95m531[0m [96mhandleGetGraphData[0m] Handle Get Graph Data
[2026-09-01 06:19:41.777] [info] [[94mHttpSession.cpp[0m:[95m576[0m [96mhandleGetGraphData[0m] get_graph_data success
[2026-09-01 06:19:42.010] [info] [[94mControllerAndOtherEventHandler.cpp[0m:[95m239[0m [96moperator()[0m] Accepted new connection
[2026-09-01 06:19:42.010] [info] [[94mHttpSession.cpp[0m:[95m96[0m [96mhandleRequest[0m] Got request: GET /ndt/get_graph_data
[2026-09-01 06:19:42.010] [info] [[94mHttpSession.cpp[0m:[95m531[0m [96mhandleGetGraphData[0m] Handle Get Graph Data
[2026-09-01 06:19:42.029] [info] [[94mHttpSession.cpp[0m:[95m576[0m [96mhandleGetGraphData[0m] get_graph_data success
[2026-09-01 06:19:42.259] [info] [[94mControllerAndOtherEventHandler.cpp[0m:[95m239[0m [96moperator()[0m] Accepted new connection
[2026-09-01 06:19:42.259] [info] [[94mHttpSession.cpp[0m:[95m96[0m [96mhandleRequest[0m] Got request: GET /ndt/get_graph_data
[2026-09-01 06:19:42.259] [info] [[94mHttpSession.cpp[0m:[95m531[0m [96mhandleGetGraphData[0m] Handle Get Graph Data
[2026-09-01 06:19:42.273] [info] [[94mHttpSession.cpp[0m:[95m576[0m [96mhandleGetGraphData[0m] get_graph_data success
[2026-09-01 06:19:42.509] [info] [[94mControllerAndOtherEventHandler.cpp[0m:[95m239[0m [96moperator()[0m] Accepted new connection
[2026-09-01 06:19:42.509] [info] [[94mHttpSession.cpp[0m:[95m96[0m [96mhandleRequest[0m] Got request: GET /ndt/get_graph_data
[2026-09-01 06:19:42.509] [info] [[94mHttpSession.cpp[0m:[95m531[0m [96mhandleGetGraphData[0m] Handle Get Graph Data
[2026-09-01 06:19:42.528] [info] [[94mHttpSession.cpp[0m:[95m576[0m [96mhandleGetGraphData[0m] get_graph_data success
[2026-09-01 06:19:42.760] [info] [[94mControllerAndOtherEventHandler.cpp[0m:[95m239[0m [96moperator()[0m] Accepted new connection
[2026-09-01 06:19:42.760] [info] [[94mHttpSession.cpp[0m:[95m96[0m [96mhandleRequest[0m] Got request: GET /ndt/get_graph_data
[2026-09-01 06:19:42.760] [info] [[94mHttpSession.cpp[0m:[95m531[0m [96mhandleGetGraphData[0m] Handle Get Graph Data
[2026-09-01 06:19:42.779] [info] [[94mHttpSession.cpp[0m:[95m576[0m [96mhandleGetGraphData[0m] get_graph_data success
[2026-09-01 06:19:43.010] [info] [[94mControllerAndOtherEventHandler.cpp[0m:[95m239[0m [96moperator()[0m] Accepted new connection
[2026-09-01 06:19:43.010] [info] [[94mHttpSession.cpp[0m:[95m96[0m [96mhandleRequest[0m] Got request: GET /ndt/get_graph_data
[2026-09-01 06:19:43.010] [info] [[94mHttpSession.cpp[0m:[95m531[0m [96mhandleGetGraphData[0m] Handle Get Graph Data
[2026-09-01 06:19:43.025] [info] [[94mHttpSession.cpp[0m:[95m576[0m [96mhandleGetGraphData[0m] get_graph_data success
[2026-09-01 06:19:43.162] [info] [[94mFlowLinkUsageCollector.cpp[0m:[95m2558[0m [96mfetchAllDestinationPaths[0m] Pulled 16256 paths from controller
[2026-09-01 06:19:43.260] [info] [[94mControllerAndOtherEventHandler.cpp[0m:[95m239[0m [96moperator()[0m] Accepted new connection
[2026-09-01 06:19:43.260] [info] [[94mHttpSession.cpp[0m:[95m96[0m [96mhandleRequest[0m] Got request: GET /ndt/get_graph_data
[2026-09-01 06:19:43.260] [info] [[94mHttpSession.cpp[0m:[95m531[0m [96mhandleGetGraphData[0m] Handle Get Graph Data
[2026-09-01 06:19:43.276] [info] [[94mHttpSession.cpp[0m:[95m576[0m [96mhandleGetGraphData[0m] get_graph_data success
[2026-09-01 06:19:43.509] [info] [[94mControllerAndOtherEventHandler.cpp[0m:[95m239[0m [96moperator()[0m] Accepted new connection
[2026-09-01 06:19:43.509] [info] [[94mHttpSession.cpp[0m:[95m96[0m [96mhandleRequest[0m] Got request: GET /ndt/get_graph_data
[2026-09-01 06:19:43.509] [info] [[94mHttpSession.cpp[0m:[95m531[0m [96mhandleGetGraphData[0m] Handle Get Graph Data
[2026-09-01 06:19:43.524] [info] [[94mHttpSession.cpp[0m:[95m576[0m [96mhandleGetGraphData[0m] get_graph_data success
[2026-09-01 06:19:43.760] [info] [[94mControllerAndOtherEventHandler.cpp[0m:[95m239[0m [96moperator()[0m] Accepted new connection
[2026-09-01 06:19:43.760] [info] [[94mHttpSession.cpp[0m:[95m96[0m [96mhandleRequest[0m] Got request: GET /ndt/get_graph_data
[2026-09-01 06:19:43.760] [info] [[94mHttpSession.cpp[0m:[95m531[0m [96mhandleGetGraphData[0m] Handle Get Graph Data
[2026-09-01 06:19:43.780] [info] [[94mHttpSession.cpp[0m:[95m576[0m [96mhandleGetGraphData[0m] get_graph_data success
[2026-09-01 06:19:44.010] [info] [[94mControllerAndOtherEventHandler.cpp[0m:[95m239[0m [96moperator()[0m] Accepted new connection
[2026-09-01 06:19:44.010] [info] [[94mHttpSession.cpp[0m:[95m96[0m [96mhandleRequest[0m] Got request: GET /ndt/get_graph_data
[2026-09-01 06:19:44.010] [info] [[94mHttpSession.cpp[0m:[95m531[0m [96mhandleGetGraphData[0m] Handle Get Graph Data
[2026-09-01 06:19:44.030] [info] [[94mHttpSession.cpp[0m:[95m576[0m [96mhandleGetGraphData[0m] get_graph_data success
[2026-09-01 06:19:44.260] [info] [[94mControllerAndOtherEventHandler.cpp[0m:[95m239[0m [96moperator()[0m] Accepted new connection
[2026-09-01 06:19:44.261] [info] [[94mHttpSession.cpp[0m:[95m96[0m [96mhandleRequest[0m] Got request: GET /ndt/get_graph_data
[2026-09-01 06:19:44.261] [info] [[94mHttpSession.cpp[0m:[95m531[0m [96mhandleGetGraphData[0m] Handle Get Graph Data
[2026-09-01 06:19:44.281] [info] [[94mHttpSession.cpp[0m:[95m576[0m [96mhandleGetGraphData[0m] get_graph_data success
[2026-09-01 06:19:44.510] [info] [[94mControllerAndOtherEventHandler.cpp[0m:[95m239[0m [96moperator()[0m] Accepted new connection
[2026-09-01 06:19:44.511] [info] [[94mHttpSession.cpp[0m:[95m96[0m [96mhandleRequest[0m] Got request: GET /ndt/get_graph_data
[2026-09-01 06:19:44.511] [info] [[94mHttpSession.cpp[0m:[95m531[0m [96mhandleGetGraphData[0m] Handle Get Graph Data
[2026-09-01 06:19:44.525] [info] [[94mHttpSession.cpp[0m:[95m576[0m [96mhandleGetGraphData[0m] get_graph_data success
[2026-09-01 06:19:44.760] [info] [[94mControllerAndOtherEventHandler.cpp[0m:[95m239[0m [96moperator()[0m] Accepted new connection
[2026-09-01 06:19:44.761] [info] [[94mHttpSession.cpp[0m:[95m96[0m [96mhandleRequest[0m] Got request: GET /ndt/get_graph_data
[2026-09-01 06:19:44.761] [info] [[94mHttpSession.cpp[0m:[95m531[0m [96mhandleGetGraphData[0m] Handle Get Graph Data
[2026-09-01 06:19:44.778] [info] [[94mHttpSession.cpp[0m:[95m576[0m [96mhandleGetGraphData[0m] get_graph_data success
[2026-09-01 06:19:45.011] [info] [[94mControllerAndOtherEventHandler.cpp[0m:[95m239[0m [96moperator()[0m] Accepted new connection
[2026-09-01 06:19:45.011] [info] [[94mHttpSession.cpp[0m:[95m96[0m [96mhandleRequest[0m] Got request: GET /ndt/get_graph_data
[2026-09-01 06:19:45.011] [info] [[94mHttpSession.cpp[0m:[95m531[0m [96mhandleGetGraphData[0m] Handle Get Graph Data
[2026-09-01 06:19:45.030] [info] [[94mHttpSession.cpp[0m:[95m576[0m [96mhandleGetGraphData[0m] get_graph_data success
[2026-09-01 06:19:45.261] [info] [[94mControllerAndOtherEventHandler.cpp[0m:[95m239[0m [96moperator()[0m] Accepted new connection
[2026-09-01 06:19:45.261] [info] [[94mHttpSession.cpp[0m:[95m96[0m [96mhandleRequest[0m] Got request: GET /ndt/get_graph_data
[2026-09-01 06:19:45.261] [info] [[94mHttpSession.cpp[0m:[95m531[0m [96mhandleGetGraphData[0m] Handle Get Graph Data
[2026-09-01 06:19:45.281] [info] [[94mHttpSession.cpp[0m:[95m576[0m [96mhandleGetGraphData[0m] get_graph_data success
[2026-09-01 06:19:45.511] [info] [[94mControllerAndOtherEventHandler.cpp[0m:[95m239[0m [96moperator()[0m] Accepted new connection
[2026-09-01 06:19:45.511] [info] [[94mHttpSession.cpp[0m:[95m96[0m [96mhandleRequest[0m] Got request: GET /ndt/get_graph_data
[2026-09-01 06:19:45.511] [info] [[94mHttpSession.cpp[0m:[95m531[0m [96mhandleGetGraphData[0m] Handle Get Graph Data
[2026-09-01 06:19:45.530] [info] [[94mHttpSession.cpp[0m:[95m576[0m [96mhandleGetGraphData[0m] get_graph_data success
[2026-09-01 06:19:45.760] [info] [[94mControllerAndOtherEventHandler.cpp[0m:[95m239[0m [96moperator()[0m] Accepted new connection
[2026-09-01 06:19:45.760] [info] [[94mHttpSession.cpp[0m:[95m96[0m [96mhandleRequest[0m] Got request: GET /ndt/get_graph_data
[2026-09-01 06:19:45.760] [info] [[94mHttpSession.cpp[0m:[95m531[0m [96mhandleGetGraphData[0m] Handle Get Graph Data
[2026-09-01 06:19:45.778] [info] [[94mHttpSession.cpp[0m:[95m576[0m [96mhandleGetGraphData[0m] get_graph_data success
[2026-09-01 06:19:46.011] [info] [[94mControllerAndOtherEventHandler.cpp[0m:[95m239[0m [96moperator()[0m] Accepted new connection
[2026-09-01 06:19:46.011] [info] [[94mHttpSession.cpp[0m:[95m96[0m [96mhandleRequest[0m] Got request: GET /ndt/get_graph_data
[2026-09-01 06:19:46.011] [info] [[94mHttpSession.cpp[0m:[95m531[0m [96mhandleGetGraphData[0m] Handle Get Graph Data
[2026-09-01 06:19:46.030] [info] [[94mHttpSession.cpp[0m:[95m576[0m [96mhandleGetGraphData[0m] get_graph_data success
[2026-09-01 06:19:46.261] [info] [[94mControllerAndOtherEventHandler.cpp[0m:[95m239[0m [96moperator()[0m] Accepted new connection
[2026-09-01 06:19:46.261] [info] [[94mHttpSession.cpp[0m:[95m96[0m [96mhandleRequest[0m] Got request: GET /ndt/get_graph_data
[2026-09-01 06:19:46.261] [info] [[94mHttpSession.cpp[0m:[95m531[0m [96mhandleGetGraphData[0m] Handle Get Graph Data
[2026-09-01 06:19:46.280] [info] [[94mHttpSession.cpp[0m:[95m576[0m [96mhandleGetGraphData[0m] get_graph_data success
[2026-09-01 06:19:46.511] [info] [[94mControllerAndOtherEventHandler.cpp[0m:[95m239[0m [96moperator()[0m] Accepted new connection
[2026-09-01 06:19:46.511] [info] [[94mHttpSession.cpp[0m:[95m96[0m [96mhandleRequest[0m] Got request: GET /ndt/get_graph_data
[2026-09-01 06:19:46.511] [info] [[94mHttpSession.cpp[0m:[95m531[0m [96mhandleGetGraphData[0m] Handle Get Graph Data
[2026-09-01 06:19:46.525] [info] [[94mHttpSession.cpp[0m:[95m576[0m [96mhandleGetGraphData[0m] get_graph_data success
[2026-09-01 06:19:46.761] [info] [[94mControllerAndOtherEventHandler.cpp[0m:[95m239[0m [96moperator()[0m] Accepted new connection
[2026-09-01 06:19:46.761] [info] [[94mHttpSession.cpp[0m:[95m96[0m [96mhandleRequest[0m] Got request: GET /ndt/get_graph_data
[2026-09-01 06:19:46.761] [info] [[94mHttpSession.cpp[0m:[95m531[0m [96mhandleGetGraphData[0m] Handle Get Graph Data
[2026-09-01 06:19:46.778] [info] [[94mHttpSession.cpp[0m:[95m576[0m [96mhandleGetGraphData[0m] get_graph_data success
[2026-09-01 06:19:47.011] [info] [[94mControllerAndOtherEventHandler.cpp[0m:[95m239[0m [96moperator()[0m] Accepted new connection
[2026-09-01 06:19:47.011] [info] [[94mHttpSession.cpp[0m:[95m96[0m [96mhandleRequest[0m] Got request: GET /ndt/get_graph_data
[2026-09-01 06:19:47.011] [info] [[94mHttpSession.cpp[0m:[95m531[0m [96mhandleGetGraphData[0m] Handle Get Graph Data
[2026-09-01 06:19:47.029] [info] [[94mHttpSession.cpp[0m:[95m576[0m [96mhandleGetGraphData[0m] get_graph_data success
[2026-09-01 06:19:47.260] [info] [[94mControllerAndOtherEventHandler.cpp[0m:[95m239[0m [96moperator()[0m] Accepted new connection
[2026-09-01 06:19:47.260] [info] [[94mHttpSession.cpp[0m:[95m96[0m [96mhandleRequest[0m] Got request: GET /ndt/get_graph_data
[2026-09-01 06:19:47.261] [info] [[94mHttpSession.cpp[0m:[95m531[0m [96mhandleGetGraphData[0m] Handle Get Graph Data
[2026-09-01 06:19:47.278] [info] [[94mHttpSession.cpp[0m:[95m576[0m [96mhandleGetGraphData[0m] get_graph_data success
[2026-09-01 06:19:47.511] [info] [[94mControllerAndOtherEventHandler.cpp[0m:[95m239[0m [96moperator()[0m] Accepted new connection
[2026-09-01 06:19:47.511] [info] [[94mHttpSession.cpp[0m:[95m96[0m [96mhandleRequest[0m] Got request: GET /ndt/get_graph_data
[2026-09-01 06:19:47.511] [info] [[94mHttpSession.cpp[0m:[95m531[0m [96mhandleGetGraphData[0m] Handle Get Graph Data
[2026-09-01 06:19:47.526] [info] [[94mHttpSession.cpp[0m:[95m576[0m [96mhandleGetGraphData[0m] get_graph_data success
[2026-09-01 06:19:47.761] [info] [[94mControllerAndOtherEventHandler.cpp[0m:[95m239[0m [96moperator()[0m] Accepted new connection
[2026-09-01 06:19:47.761] [info] [[94mHttpSession.cpp[0m:[95m96[0m [96mhandleRequest[0m] Got request: GET /ndt/get_graph_data
[2026-09-01 06:19:47.761] [info] [[94mHttpSession.cpp[0m:[95m531[0m [96mhandleGetGraphData[0m] Handle Get Graph Data
[2026-09-01 06:19:47.780] [info] [[94mHttpSession.cpp[0m:[95m576[0m [96mhandleGetGraphData[0m] get_graph_data success
[2026-09-01 06:19:48.012] [info] [[94mControllerAndOtherEventHandler.cpp[0m:[95m239[0m [96moperator()[0m] Accepted new connection
[2026-09-01 06:19:48.012] [info] [[94mHttpSession.cpp[0m:[95m96[0m [96mhandleRequest[0m] Got request: GET /ndt/get_graph_data
[2026-09-01 06:19:48.012] [info] [[94mHttpSession.cpp[0m:[95m531[0m [96mhandleGetGraphData[0m] Handle Get Graph Data
[2026-09-01 06:19:48.032] [info] [[94mHttpSession.cpp[0m:[95m576[0m [96mhandleGetGraphData[0m] get_graph_data success
[2026-09-01 06:19:48.261] [info] [[94mControllerAndOtherEventHandler.cpp[0m:[95m239[0m [96moperator()[0m] Accepted new connection
[2026-09-01 06:19:48.261] [info] [[94mHttpSession.cpp[0m:[95m96[0m [96mhandleRequest[0m] Got request: GET /ndt/get_graph_data
[2026-09-01 06:19:48.261] [info] [[94mHttpSession.cpp[0m:[95m531[0m [96mhandleGetGraphData[0m] Handle Get Graph Data
[2026-09-01 06:19:48.274] [info] [[94mHttpSession.cpp[0m:[95m576[0m [96mhandleGetGraphData[0m] get_graph_data success
[2026-09-01 06:19:48.512] [info] [[94mControllerAndOtherEventHandler.cpp[0m:[95m239[0m [96moperator()[0m] Accepted new connection
[2026-09-01 06:19:48.512] [info] [[94mHttpSession.cpp[0m:[95m96[0m [96mhandleRequest[0m] Got request: GET /ndt/get_graph_data
[2026-09-01 06:19:48.512] [info] [[94mHttpSession.cpp[0m:[95m531[0m [96mhandleGetGraphData[0m] Handle Get Graph Data
[2026-09-01 06:19:48.530] [info] [[94mHttpSession.cpp[0m:[95m576[0m [96mhandleGetGraphData[0m] get_graph_data success
[2026-09-01 06:19:48.761] [info] [[94mControllerAndOtherEventHandler.cpp[0m:[95m239[0m [96moperator()[0m] Accepted new connection
[2026-09-01 06:19:48.761] [info] [[94mHttpSession.cpp[0m:[95m96[0m [96mhandleRequest[0m] Got request: GET /ndt/get_graph_data
[2026-09-01 06:19:48.761] [info] [[94mHttpSession.cpp[0m:[95m531[0m [96mhandleGetGraphData[0m] Handle Get Graph Data
[2026-09-01 06:19:48.780] [info] [[94mHttpSession.cpp[0m:[95m576[0m [96mhandleGetGraphData[0m] get_graph_data success
[2026-09-01 06:19:49.011] [info] [[94mControllerAndOtherEventHandler.cpp[0m:[95m239[0m [96moperator()[0m] Accepted new connection
[2026-09-01 06:19:49.012] [info] [[94mHttpSession.cpp[0m:[95m96[0m [96mhandleRequest[0m] Got request: GET /ndt/get_graph_data
[2026-09-01 06:19:49.012] [info] [[94mHttpSession.cpp[0m:[95m531[0m [96mhandleGetGraphData[0m] Handle Get Graph Data
[2026-09-01 06:19:49.025] [info] [[94mHttpSession.cpp[0m:[95m576[0m [96mhandleGetGraphData[0m] get_graph_data success
[2026-09-01 06:19:49.262] [info] [[94mControllerAndOtherEventHandler.cpp[0m:[95m239[0m [96moperator()[0m] Accepted new connection
[2026-09-01 06:19:49.262] [info] [[94mHttpSession.cpp[0m:[95m96[0m [96mhandleRequest[0m] Got request: GET /ndt/get_graph_data
[2026-09-01 06:19:49.262] [info] [[94mHttpSession.cpp[0m:[95m531[0m [96mhandleGetGraphData[0m] Handle Get Graph Data
[2026-09-01 06:19:49.280] [info] [[94mHttpSession.cpp[0m:[95m576[0m [96mhandleGetGraphData[0m] get_graph_data success
[2026-09-01 06:19:49.512] [info] [[94mControllerAndOtherEventHandler.cpp[0m:[95m239[0m [96moperator()[0m] Accepted new connection
[2026-09-01 06:19:49.512] [info] [[94mHttpSession.cpp[0m:[95m96[0m [96mhandleRequest[0m] Got request: GET /ndt/get_graph_data
[2026-09-01 06:19:49.512] [info] [[94mHttpSession.cpp[0m:[95m531[0m [96mhandleGetGraphData[0m] Handle Get Graph Data
[2026-09-01 06:19:49.530] [info] [[94mHttpSession.cpp[0m:[95m576[0m [96mhandleGetGraphData[0m] get_graph_data success
[2026-09-01 06:19:49.762] [info] [[94mControllerAndOtherEventHandler.cpp[0m:[95m239[0m [96moperator()[0m] Accepted new connection
[2026-09-01 06:19:49.762] [info] [[94mHttpSession.cpp[0m:[95m96[0m [96mhandleRequest[0m] Got request: GET /ndt/get_graph_data
[2026-09-01 06:19:49.762] [info] [[94mHttpSession.cpp[0m:[95m531[0m [96mhandleGetGraphData[0m] Handle Get Graph Data
[2026-09-01 06:19:49.781] [info] [[94mHttpSession.cpp[0m:[95m576[0m [96mhandleGetGraphData[0m] get_graph_data success
[2026-09-01 06:19:50.012] [info] [[94mControllerAndOtherEventHandler.cpp[0m:[95m239[0m [96moperator()[0m] Accepted new connection
[2026-09-01 06:19:50.012] [info] [[94mHttpSession.cpp[0m:[95m96[0m [96mhandleRequest[0m] Got request: GET /ndt/get_graph_data
[2026-09-01 06:19:50.012] [info] [[94mHttpSession.cpp[0m:[95m531[0m [96mhandleGetGraphData[0m] Handle Get Graph Data
[2026-09-01 06:19:50.031] [info] [[94mHttpSession.cpp[0m:[95m576[0m [96mhandleGetGraphData[0m] get_graph_data success
[2026-09-01 06:19:50.262] [info] [[94mControllerAndOtherEventHandler.cpp[0m:[95m239[0m [96moperator()[0m] Accepted new connection
[2026-09-01 06:19:50.263] [info] [[94mHttpSession.cpp[0m:[95m96[0m [96mhandleRequest[0m] Got request: GET /ndt/get_graph_data
[2026-09-01 06:19:50.263] [info] [[94mHttpSession.cpp[0m:[95m531[0m [96mhandleGetGraphData[0m] Handle Get Graph Data
[2026-09-01 06:19:50.282] [info] [[94mHttpSession.cpp[0m:[95m576[0m [96mhandleGetGraphData[0m] get_graph_data success
[2026-09-01 06:19:50.512] [info] [[94mControllerAndOtherEventHandler.cpp[0m:[95m239[0m [96moperator()[0m] Accepted new connection
[2026-09-01 06:19:50.513] [info] [[94mHttpSession.cpp[0m:[95m96[0m [96mhandleRequest[0m] Got request: GET /ndt/get_graph_data
[2026-09-01 06:19:50.513] [info] [[94mHttpSession.cpp[0m:[95m531[0m [96mhandleGetGraphData[0m] Handle Get Graph Data
[2026-09-01 06:19:50.532] [info] [[94mHttpSession.cpp[0m:[95m576[0m [96mhandleGetGraphData[0m] get_graph_data success
[2026-09-01 06:19:50.762] [info] [[94mControllerAndOtherEventHandler.cpp[0m:[95m239[0m [96moperator()[0m] Accepted new connection
[2026-09-01 06:19:50.763] [info] [[94mHttpSession.cpp[0m:[95m96[0m [96mhandleRequest[0m] Got request: GET /ndt/get_graph_data
[2026-09-01 06:19:50.763] [info] [[94mHttpSession.cpp[0m:[95m531[0m [96mhandleGetGraphData[0m] Handle Get Graph Data
[2026-09-01 06:19:50.779] [info] [[94mHttpSession.cpp[0m:[95m576[0m [96mhandleGetGraphData[0m] get_graph_data success
[2026-09-01 06:19:51.012] [info] [[94mControllerAndOtherEventHandler.cpp[0m:[95m239[0m [96moperator()[0m] Accepted new connection
[2026-09-01 06:19:51.013] [info] [[94mHttpSession.cpp[0m:[95m96[0m [96mhandleRequest[0m] Got request: GET /ndt/get_graph_data
[2026-09-01 06:19:51.013] [info] [[94mHttpSession.cpp[0m:[95m531[0m [96mhandleGetGraphData[0m] Handle Get Graph Data
[2026-09-01 06:19:51.031] [info] [[94mHttpSession.cpp[0m:[95m576[0m [96mhandleGetGraphData[0m] get_graph_data success
[2026-09-01 06:19:51.263] [info] [[94mControllerAndOtherEventHandler.cpp[0m:[95m239[0m [96moperator()[0m] Accepted new connection
[2026-09-01 06:19:51.263] [info] [[94mHttpSession.cpp[0m:[95m96[0m [96mhandleRequest[0m] Got request: GET /ndt/get_graph_data
[2026-09-01 06:19:51.263] [info] [[94mHttpSession.cpp[0m:[95m531[0m [96mhandleGetGraphData[0m] Handle Get Graph Data
[2026-09-01 06:19:51.281] [info] [[94mHttpSession.cpp[0m:[95m576[0m [96mhandleGetGraphData[0m] get_graph_data success
[2026-09-01 06:19:51.513] [info] [[94mControllerAndOtherEventHandler.cpp[0m:[95m239[0m [96moperator()[0m] Accepted new connection
[2026-09-01 06:19:51.513] [info] [[94mHttpSession.cpp[0m:[95m96[0m [96mhandleRequest[0m] Got request: GET /ndt/get_graph_data
[2026-09-01 06:19:51.513] [info] [[94mHttpSession.cpp[0m:[95m531[0m [96mhandleGetGraphData[0m] Handle Get Graph Data
[2026-09-01 06:19:51.531] [info] [[94mHttpSession.cpp[0m:[95m576[0m [96mhandleGetGraphData[0m] get_graph_data success
[2026-09-01 06:19:51.763] [info] [[94mControllerAndOtherEventHandler.cpp[0m:[95m239[0m [96moperator()[0m] Accepted new connection
[2026-09-01 06:19:51.763] [info] [[94mHttpSession.cpp[0m:[95m96[0m [96mhandleRequest[0m] Got request: GET /ndt/get_graph_data
[2026-09-01 06:19:51.763] [info] [[94mHttpSession.cpp[0m:[95m531[0m [96mhandleGetGraphData[0m] Handle Get Graph Data
[2026-09-01 06:19:51.782] [info] [[94mHttpSession.cpp[0m:[95m576[0m [96mhandleGetGraphData[0m] get_graph_data success
[2026-09-01 06:19:52.013] [info] [[94mControllerAndOtherEventHandler.cpp[0m:[95m239[0m [96moperator()[0m] Accepted new connection
[2026-09-01 06:19:52.013] [info] [[94mHttpSession.cpp[0m:[95m96[0m [96mhandleRequest[0m] Got request: GET /ndt/get_graph_data
[2026-09-01 06:19:52.013] [info] [[94mHttpSession.cpp[0m:[95m531[0m [96mhandleGetGraphData[0m] Handle Get Graph Data
[2026-09-01 06:19:52.032] [info] [[94mHttpSession.cpp[0m:[95m576[0m [96mhandleGetGraphData[0m] get_graph_data success
[2026-09-01 06:19:52.263] [info] [[94mControllerAndOtherEventHandler.cpp[0m:[95m239[0m [96moperator()[0m] Accepted new connection
[2026-09-01 06:19:52.263] [info] [[94mHttpSession.cpp[0m:[95m96[0m [96mhandleRequest[0m] Got request: GET /ndt/get_graph_data
[2026-09-01 06:19:52.263] [info] [[94mHttpSession.cpp[0m:[95m531[0m [96mhandleGetGraphData[0m] Handle Get Graph Data
[2026-09-01 06:19:52.278] [info] [[94mHttpSession.cpp[0m:[95m576[0m [96mhandleGetGraphData[0m] get_graph_data success
[2026-09-01 06:19:52.513] [info] [[94mControllerAndOtherEventHandler.cpp[0m:[95m239[0m [96moperator()[0m] Accepted new connection
[2026-09-01 06:19:52.513] [info] [[94mHttpSession.cpp[0m:[95m96[0m [96mhandleRequest[0m] Got request: GET /ndt/get_graph_data
[2026-09-01 06:19:52.513] [info] [[94mHttpSession.cpp[0m:[95m531[0m [96mhandleGetGraphData[0m] Handle Get Graph Data
[2026-09-01 06:19:52.530] [info] [[94mHttpSession.cpp[0m:[95m576[0m [96mhandleGetGraphData[0m] get_graph_data success
[2026-09-01 06:19:52.763] [info] [[94mControllerAndOtherEventHandler.cpp[0m:[95m239[0m [96moperator()[0m] Accepted new connection
[2026-09-01 06:19:52.763] [info] [[94mHttpSession.cpp[0m:[95m96[0m [96mhandleRequest[0m] Got request: GET /ndt/get_graph_data
[2026-09-01 06:19:52.763] [info] [[94mHttpSession.cpp[0m:[95m531[0m [96mhandleGetGraphData[0m] Handle Get Graph Data
[2026-09-01 06:19:52.782] [info] [[94mHttpSession.cpp[0m:[95m576[0m [96mhandleGetGraphData[0m] get_graph_data success
[2026-09-01 06:19:53.013] [info] [[94mControllerAndOtherEventHandler.cpp[0m:[95m239[0m [96moperator()[0m] Accepted new connection
[2026-09-01 06:19:53.013] [info] [[94mHttpSession.cpp[0m:[95m96[0m [96mhandleRequest[0m] Got request: GET /ndt/get_graph_data
[2026-09-01 06:19:53.013] [info] [[94mHttpSession.cpp[0m:[95m531[0m [96mhandleGetGraphData[0m] Handle Get Graph Data
[2026-09-01 06:19:53.030] [info] [[94mHttpSession.cpp[0m:[95m576[0m [96mhandleGetGraphData[0m] get_graph_data success
[2026-09-01 06:19:53.263] [info] [[94mControllerAndOtherEventHandler.cpp[0m:[95m239[0m [96moperator()[0m] Accepted new connection
[2026-09-01 06:19:53.264] [info] [[94mHttpSession.cpp[0m:[95m96[0m [96mhandleRequest[0m] Got request: GET /ndt/get_graph_data
[2026-09-01 06:19:53.264] [info] [[94mHttpSession.cpp[0m:[95m531[0m [96mhandleGetGraphData[0m] Handle Get Graph Data
[2026-09-01 06:19:53.282] [info] [[94mHttpSession.cpp[0m:[95m576[0m [96mhandleGetGraphData[0m] get_graph_data success
[2026-09-01 06:19:53.513] [info] [[94mControllerAndOtherEventHandler.cpp[0m:[95m239[0m [96moperator()[0m] Accepted new connection
[2026-09-01 06:19:53.514] [info] [[94mHttpSession.cpp[0m:[95m96[0m [96mhandleRequest[0m] Got request: GET /ndt/get_graph_data
[2026-09-01 06:19:53.514] [info] [[94mHttpSession.cpp[0m:[95m531[0m [96mhandleGetGraphData[0m] Handle Get Graph Data
[2026-09-01 06:19:53.529] [info] [[94mHttpSession.cpp[0m:[95m576[0m [96mhandleGetGraphData[0m] get_graph_data success
[2026-09-01 06:19:53.763] [info] [[94mControllerAndOtherEventHandler.cpp[0m:[95m239[0m [96moperator()[0m] Accepted new connection
[2026-09-01 06:19:53.764] [info] [[94mHttpSession.cpp[0m:[95m96[0m [96mhandleRequest[0m] Got request: GET /ndt/get_graph_data
[2026-09-01 06:19:53.764] [info] [[94mHttpSession.cpp[0m:[95m531[0m [96mhandleGetGraphData[0m] Handle Get Graph Data
[2026-09-01 06:19:53.783] [info] [[94mHttpSession.cpp[0m:[95m576[0m [96mhandleGetGraphData[0m] get_graph_data success
[2026-09-01 06:19:54.013] [info] [[94mControllerAndOtherEventHandler.cpp[0m:[95m239[0m [96moperator()[0m] Accepted new connection
[2026-09-01 06:19:54.013] [info] [[94mHttpSession.cpp[0m:[95m96[0m [96mhandleRequest[0m] Got request: GET /ndt/get_graph_data
[2026-09-01 06:19:54.013] [info] [[94mHttpSession.cpp[0m:[95m531[0m [96mhandleGetGraphData[0m] Handle Get Graph Data
[2026-09-01 06:19:54.032] [info] [[94mHttpSession.cpp[0m:[95m576[0m [96mhandleGetGraphData[0m] get_graph_data success
[2026-09-01 06:19:54.264] [info] [[94mControllerAndOtherEventHandler.cpp[0m:[95m239[0m [96moperator()[0m] Accepted new connection
[2026-09-01 06:19:54.264] [info] [[94mHttpSession.cpp[0m:[95m96[0m [96mhandleRequest[0m] Got request: GET /ndt/get_graph_data
[2026-09-01 06:19:54.264] [info] [[94mHttpSession.cpp[0m:[95m531[0m [96mhandleGetGraphData[0m] Handle Get Graph Data
[2026-09-01 06:19:54.283] [info] [[94mHttpSession.cpp[0m:[95m576[0m [96mhandleGetGraphData[0m] get_graph_data success
[2026-09-01 06:19:54.514] [info] [[94mControllerAndOtherEventHandler.cpp[0m:[95m239[0m [96moperator()[0m] Accepted new connection
[2026-09-01 06:19:54.514] [info] [[94mHttpSession.cpp[0m:[95m96[0m [96mhandleRequest[0m] Got request: GET /ndt/get_graph_data
[2026-09-01 06:19:54.514] [info] [[94mHttpSession.cpp[0m:[95m531[0m [96mhandleGetGraphData[0m] Handle Get Graph Data
[2026-09-01 06:19:54.534] [info] [[94mHttpSession.cpp[0m:[95m576[0m [96mhandleGetGraphData[0m] get_graph_data success
[2026-09-01 06:19:54.764] [info] [[94mControllerAndOtherEventHandler.cpp[0m:[95m239[0m [96moperator()[0m] Accepted new connection
[2026-09-01 06:19:54.764] [info] [[94mHttpSession.cpp[0m:[95m96[0m [96mhandleRequest[0m] Got request: GET /ndt/get_graph_data
[2026-09-01 06:19:54.764] [info] [[94mHttpSession.cpp[0m:[95m531[0m [96mhandleGetGraphData[0m] Handle Get Graph Data
[2026-09-01 06:19:54.779] [info] [[94mHttpSession.cpp[0m:[95m576[0m [96mhandleGetGraphData[0m] get_graph_data success
[2026-09-01 06:19:55.013] [info] [[94mControllerAndOtherEventHandler.cpp[0m:[95m239[0m [96moperator()[0m] Accepted new connection
[2026-09-01 06:19:55.013] [info] [[94mHttpSession.cpp[0m:[95m96[0m [96mhandleRequest[0m] Got request: GET /ndt/get_graph_data
[2026-09-01 06:19:55.013] [info] [[94mHttpSession.cpp[0m:[95m531[0m [96mhandleGetGraphData[0m] Handle Get Graph Data
[2026-09-01 06:19:55.033] [info] [[94mHttpSession.cpp[0m:[95m576[0m [96mhandleGetGraphData[0m] get_graph_data success
[2026-09-01 06:19:55.264] [info] [[94mControllerAndOtherEventHandler.cpp[0m:[95m239[0m [96moperator()[0m] Accepted new connection
[2026-09-01 06:19:55.264] [info] [[94mHttpSession.cpp[0m:[95m96[0m [96mhandleRequest[0m] Got request: GET /ndt/get_graph_data
[2026-09-01 06:19:55.264] [info] [[94mHttpSession.cpp[0m:[95m531[0m [96mhandleGetGraphData[0m] Handle Get Graph Data
[2026-09-01 06:19:55.280] [info] [[94mHttpSession.cpp[0m:[95m576[0m [96mhandleGetGraphData[0m] get_graph_data success
[2026-09-01 06:19:55.513] [info] [[94mControllerAndOtherEventHandler.cpp[0m:[95m239[0m [96moperator()[0m] Accepted new connection
[2026-09-01 06:19:55.513] [info] [[94mHttpSession.cpp[0m:[95m96[0m [96mhandleRequest[0m] Got request: GET /ndt/get_graph_data
[2026-09-01 06:19:55.513] [info] [[94mHttpSession.cpp[0m:[95m531[0m [96mhandleGetGraphData[0m] Handle Get Graph Data
[2026-09-01 06:19:55.532] [info] [[94mHttpSession.cpp[0m:[95m576[0m [96mhandleGetGraphData[0m] get_graph_data success
[2026-09-01 06:19:55.764] [info] [[94mControllerAndOtherEventHandler.cpp[0m:[95m239[0m [96moperator()[0m] Accepted new connection
[2026-09-01 06:19:55.764] [info] [[94mHttpSession.cpp[0m:[95m96[0m [96mhandleRequest[0m] Got request: GET /ndt/get_graph_data
[2026-09-01 06:19:55.764] [info] [[94mHttpSession.cpp[0m:[95m531[0m [96mhandleGetGraphData[0m] Handle Get Graph Data
[2026-09-01 06:19:55.779] [info] [[94mHttpSession.cpp[0m:[95m576[0m [96mhandleGetGraphData[0m] get_graph_data success
[2026-09-01 06:19:56.014] [info] [[94mControllerAndOtherEventHandler.cpp[0m:[95m239[0m [96moperator()[0m] Accepted new connection
[2026-09-01 06:19:56.014] [info] [[94mHttpSession.cpp[0m:[95m96[0m [96mhandleRequest[0m] Got request: GET /ndt/get_graph_data
[2026-09-01 06:19:56.014] [info] [[94mHttpSession.cpp[0m:[95m531[0m [96mhandleGetGraphData[0m] Handle Get Graph Data
[2026-09-01 06:19:56.032] [info] [[94mHttpSession.cpp[0m:[95m576[0m [96mhandleGetGraphData[0m] get_graph_data success
[2026-09-01 06:19:56.264] [info] [[94mControllerAndOtherEventHandler.cpp[0m:[95m239[0m [96moperator()[0m] Accepted new connection
[2026-09-01 06:19:56.265] [info] [[94mHttpSession.cpp[0m:[95m96[0m [96mhandleRequest[0m] Got request: GET /ndt/get_graph_data
[2026-09-01 06:19:56.265] [info] [[94mHttpSession.cpp[0m:[95m531[0m [96mhandleGetGraphData[0m] Handle Get Graph Data
[2026-09-01 06:19:56.284] [info] [[94mHttpSession.cpp[0m:[95m576[0m [96mhandleGetGraphData[0m] get_graph_data success
[2026-09-01 06:19:56.514] [info] [[94mControllerAndOtherEventHandler.cpp[0m:[95m239[0m [96moperator()[0m] Accepted new connection
[2026-09-01 06:19:56.515] [info] [[94mHttpSession.cpp[0m:[95m96[0m [96mhandleRequest[0m] Got request: GET /ndt/get_graph_data
[2026-09-01 06:19:56.515] [info] [[94mHttpSession.cpp[0m:[95m531[0m [96mhandleGetGraphData[0m] Handle Get Graph Data
[2026-09-01 06:19:56.534] [info] [[94mHttpSession.cpp[0m:[95m576[0m [96mhandleGetGraphData[0m] get_graph_data success
[2026-09-01 06:19:56.764] [info] [[94mControllerAndOtherEventHandler.cpp[0m:[95m239[0m [96moperator()[0m] Accepted new connection
[2026-09-01 06:19:56.765] [info] [[94mHttpSession.cpp[0m:[95m96[0m [96mhandleRequest[0m] Got request: GET /ndt/get_graph_data
[2026-09-01 06:19:56.765] [info] [[94mHttpSession.cpp[0m:[95m531[0m [96mhandleGetGraphData[0m] Handle Get Graph Data
[2026-09-01 06:19:56.782] [info] [[94mHttpSession.cpp[0m:[95m576[0m [96mhandleGetGraphData[0m] get_graph_data success
[2026-09-01 06:19:57.015] [info] [[94mControllerAndOtherEventHandler.cpp[0m:[95m239[0m [96moperator()[0m] Accepted new connection
[2026-09-01 06:19:57.015] [info] [[94mHttpSession.cpp[0m:[95m96[0m [96mhandleRequest[0m] Got request: GET /ndt/get_graph_data
[2026-09-01 06:19:57.015] [info] [[94mHttpSession.cpp[0m:[95m531[0m [96mhandleGetGraphData[0m] Handle Get Graph Data
[2026-09-01 06:19:57.034] [info] [[94mHttpSession.cpp[0m:[95m576[0m [96mhandleGetGraphData[0m] get_graph_data success
[2026-09-01 06:19:57.265] [info] [[94mControllerAndOtherEventHandler.cpp[0m:[95m239[0m [96moperator()[0m] Accepted new connection
[2026-09-01 06:19:57.265] [info] [[94mHttpSession.cpp[0m:[95m96[0m [96mhandleRequest[0m] Got request: GET /ndt/get_graph_data
[2026-09-01 06:19:57.265] [info] [[94mHttpSession.cpp[0m:[95m531[0m [96mhandleGetGraphData[0m] Handle Get Graph Data
[2026-09-01 06:19:57.284] [info] [[94mHttpSession.cpp[0m:[95m576[0m [96mhandleGetGraphData[0m] get_graph_data success
[2026-09-01 06:19:57.515] [info] [[94mControllerAndOtherEventHandler.cpp[0m:[95m239[0m [96moperator()[0m] Accepted new connection
[2026-09-01 06:19:57.515] [info] [[94mHttpSession.cpp[0m:[95m96[0m [96mhandleRequest[0m] Got request: GET /ndt/get_graph_data
[2026-09-01 06:19:57.515] [info] [[94mHttpSession.cpp[0m:[95m531[0m [96mhandleGetGraphData[0m] Handle Get Graph Data
[2026-09-01 06:19:57.534] [info] [[94mHttpSession.cpp[0m:[95m576[0m [96mhandleGetGraphData[0m] get_graph_data success
[2026-09-01 06:19:57.765] [info] [[94mControllerAndOtherEventHandler.cpp[0m:[95m239[0m [96moperator()[0m] Accepted new connection
[2026-09-01 06:19:57.765] [info] [[94mHttpSession.cpp[0m:[95m96[0m [96mhandleRequest[0m] Got request: GET /ndt/get_graph_data
[2026-09-01 06:19:57.765] [info] [[94mHttpSession.cpp[0m:[95m531[0m [96mhandleGetGraphData[0m] Handle Get Graph Data
[2026-09-01 06:19:57.784] [info] [[94mHttpSession.cpp[0m:[95m576[0m [96mhandleGetGraphData[0m] get_graph_data success
[2026-09-01 06:19:58.015] [info] [[94mControllerAndOtherEventHandler.cpp[0m:[95m239[0m [96moperator()[0m] Accepted new connection
[2026-09-01 06:19:58.015] [info] [[94mHttpSession.cpp[0m:[95m96[0m [96mhandleRequest[0m] Got request: GET /ndt/get_graph_data
[2026-09-01 06:19:58.015] [info] [[94mHttpSession.cpp[0m:[95m531[0m [96mhandleGetGraphData[0m] Handle Get Graph Data
[2026-09-01 06:19:58.032] [info] [[94mHttpSession.cpp[0m:[95m576[0m [96mhandleGetGraphData[0m] get_graph_data success
[2026-09-01 06:19:58.265] [info] [[94mControllerAndOtherEventHandler.cpp[0m:[95m239[0m [96moperator()[0m] Accepted new connection
[2026-09-01 06:19:58.265] [info] [[94mHttpSession.cpp[0m:[95m96[0m [96mhandleRequest[0m] Got request: GET /ndt/get_graph_data
[2026-09-01 06:19:58.265] [info] [[94mHttpSession.cpp[0m:[95m531[0m [96mhandleGetGraphData[0m] Handle Get Graph Data
[2026-09-01 06:19:58.278] [info] [[94mHttpSession.cpp[0m:[95m576[0m [96mhandleGetGraphData[0m] get_graph_data success
[2026-09-01 06:19:58.515] [info] [[94mControllerAndOtherEventHandler.cpp[0m:[95m239[0m [96moperator()[0m] Accepted new connection
[2026-09-01 06:19:58.515] [info] [[94mHttpSession.cpp[0m:[95m96[0m [96mhandleRequest[0m] Got request: GET /ndt/get_graph_data
[2026-09-01 06:19:58.515] [info] [[94mHttpSession.cpp[0m:[95m531[0m [96mhandleGetGraphData[0m] Handle Get Graph Data
[2026-09-01 06:19:58.533] [info] [[94mHttpSession.cpp[0m:[95m576[0m [96mhandleGetGraphData[0m] get_graph_data success
[2026-09-01 06:19:58.765] [info] [[94mControllerAndOtherEventHandler.cpp[0m:[95m239[0m [96moperator()[0m] Accepted new connection
[2026-09-01 06:19:58.765] [info] [[94mHttpSession.cpp[0m:[95m96[0m [96mhandleRequest[0m] Got request: GET /ndt/get_graph_data
[2026-09-01 06:19:58.765] [info] [[94mHttpSession.cpp[0m:[95m531[0m [96mhandleGetGraphData[0m] Handle Get Graph Data
[2026-09-01 06:19:58.783] [info] [[94mHttpSession.cpp[0m:[95m576[0m [96mhandleGetGraphData[0m] get_graph_data success
[2026-09-01 06:19:59.015] [info] [[94mControllerAndOtherEventHandler.cpp[0m:[95m239[0m [96moperator()[0m] Accepted new connection
[2026-09-01 06:19:59.016] [info] [[94mHttpSession.cpp[0m:[95m96[0m [96mhandleRequest[0m] Got request: GET /ndt/get_graph_data
[2026-09-01 06:19:59.016] [info] [[94mHttpSession.cpp[0m:[95m531[0m [96mhandleGetGraphData[0m] Handle Get Graph Data
[2026-09-01 06:19:59.034] [info] [[94mHttpSession.cpp[0m:[95m576[0m [96mhandleGetGraphData[0m] get_graph_data success
[2026-09-01 06:19:59.265] [info] [[94mControllerAndOtherEventHandler.cpp[0m:[95m239[0m [96moperator()[0m] Accepted new connection
[2026-09-01 06:19:59.266] [info] [[94mHttpSession.cpp[0m:[95m96[0m [96mhandleRequest[0m] Got request: GET /ndt/get_graph_data
[2026-09-01 06:19:59.266] [info] [[94mHttpSession.cpp[0m:[95m531[0m [96mhandleGetGraphData[0m] Handle Get Graph Data
[2026-09-01 06:19:59.282] [info] [[94mHttpSession.cpp[0m:[95m576[0m [96mhandleGetGraphData[0m] get_graph_data success
[2026-09-01 06:19:59.515] [info] [[94mControllerAndOtherEventHandler.cpp[0m:[95m239[0m [96moperator()[0m] Accepted new connection
[2026-09-01 06:19:59.516] [info] [[94mHttpSession.cpp[0m:[95m96[0m [96mhandleRequest[0m] Got request: GET /ndt/get_graph_data
[2026-09-01 06:19:59.516] [info] [[94mHttpSession.cpp[0m:[95m531[0m [96mhandleGetGraphData[0m] Handle Get Graph Data
[2026-09-01 06:19:59.530] [info] [[94mHttpSession.cpp[0m:[95m576[0m [96mhandleGetGraphData[0m] get_graph_data success
[2026-09-01 06:19:59.766] [info] [[94mControllerAndOtherEventHandler.cpp[0m:[95m239[0m [96moperator()[0m] Accepted new connection
[2026-09-01 06:19:59.766] [info] [[94mHttpSession.cpp[0m:[95m96[0m [96mhandleRequest[0m] Got request: GET /ndt/get_graph_data
[2026-09-01 06:19:59.766] [info] [[94mHttpSession.cpp[0m:[95m531[0m [96mhandleGetGraphData[0m] Handle Get Graph Data
[2026-09-01 06:19:59.785] [info] [[94mHttpSession.cpp[0m:[95m576[0m [96mhandleGetGraphData[0m] get_graph_data success
[2026-09-01 06:20:00.015] [info] [[94mControllerAndOtherEventHandler.cpp[0m:[95m239[0m [96moperator()[0m] Accepted new connection
[2026-09-01 06:20:00.015] [info] [[94mHttpSession.cpp[0m:[95m96[0m [96mhandleRequest[0m] Got request: GET /ndt/get_graph_data
[2026-09-01 06:20:00.015] [info] [[94mHttpSession.cpp[0m:[95m531[0m [96mhandleGetGraphData[0m] Handle Get Graph Data
[2026-09-01 06:20:00.034] [info] [[94mHttpSession.cpp[0m:[95m576[0m [96mhandleGetGraphData[0m] get_graph_data success
[2026-09-01 06:20:00.266] [info] [[94mControllerAndOtherEventHandler.cpp[0m:[95m239[0m [96moperator()[0m] Accepted new connection
[2026-09-01 06:20:00.266] [info] [[94mHttpSession.cpp[0m:[95m96[0m [96mhandleRequest[0m] Got request: GET /ndt/get_graph_data
[2026-09-01 06:20:00.266] [info] [[94mHttpSession.cpp[0m:[95m531[0m [96mhandleGetGraphData[0m] Handle Get Graph Data
[2026-09-01 06:20:00.285] [info] [[94mHttpSession.cpp[0m:[95m576[0m [96mhandleGetGraphData[0m] get_graph_data success
[2026-09-01 06:20:00.516] [info] [[94mControllerAndOtherEventHandler.cpp[0m:[95m239[0m [96moperator()[0m] Accepted new connection
[2026-09-01 06:20:00.516] [info] [[94mHttpSession.cpp[0m:[95m96[0m [96mhandleRequest[0m] Got request: GET /ndt/get_graph_data
[2026-09-01 06:20:00.516] [info] [[94mHttpSession.cpp[0m:[95m531[0m [96mhandleGetGraphData[0m] Handle Get Graph Data
[2026-09-01 06:20:00.530] [info] [[94mHttpSession.cpp[0m:[95m576[0m [96mhandleGetGraphData[0m] get_graph_data success
[2026-09-01 06:20:00.765] [info] [[94mControllerAndOtherEventHandler.cpp[0m:[95m239[0m [96moperator()[0m] Accepted new connection
[2026-09-01 06:20:00.766] [info] [[94mHttpSession.cpp[0m:[95m96[0m [96mhandleRequest[0m] Got request: GET /ndt/get_graph_data
[2026-09-01 06:20:00.766] [info] [[94mHttpSession.cpp[0m:[95m531[0m [96mhandleGetGraphData[0m] Handle Get Graph Data
[2026-09-01 06:20:00.781] [info] [[94mHttpSession.cpp[0m:[95m576[0m [96mhandleGetGraphData[0m] get_graph_data success
[2026-09-01 06:20:01.016] [info] [[94mControllerAndOtherEventHandler.cpp[0m:[95m239[0m [96moperator()[0m] Accepted new connection
[2026-09-01 06:20:01.016] [info] [[94mHttpSession.cpp[0m:[95m96[0m [96mhandleRequest[0m] Got request: GET /ndt/get_graph_data
[2026-09-01 06:20:01.016] [info] [[94mHttpSession.cpp[0m:[95m531[0m [96mhandleGetGraphData[0m] Handle Get Graph Data
[2026-09-01 06:20:01.036] [info] [[94mHttpSession.cpp[0m:[95m576[0m [96mhandleGetGraphData[0m] get_graph_data success
[2026-09-01 06:20:01.266] [info] [[94mControllerAndOtherEventHandler.cpp[0m:[95m239[0m [96moperator()[0m] Accepted new connection
[2026-09-01 06:20:01.266] [info] [[94mHttpSession.cpp[0m:[95m96[0m [96mhandleRequest[0m] Got request: GET /ndt/get_graph_data
[2026-09-01 06:20:01.266] [info] [[94mHttpSession.cpp[0m:[95m531[0m [96mhandleGetGraphData[0m] Handle Get Graph Data
[2026-09-01 06:20:01.282] [info] [[94mHttpSession.cpp[0m:[95m576[0m [96mhandleGetGraphData[0m] get_graph_data success
[2026-09-01 06:20:01.516] [info] [[94mControllerAndOtherEventHandler.cpp[0m:[95m239[0m [96moperator()[0m] Accepted new connection
[2026-09-01 06:20:01.516] [info] [[94mHttpSession.cpp[0m:[95m96[0m [96mhandleRequest[0m] Got request: GET /ndt/get_graph_data
[2026-09-01 06:20:01.516] [info] [[94mHttpSession.cpp[0m:[95m531[0m [96mhandleGetGraphData[0m] Handle Get Graph Data
[2026-09-01 06:20:01.535] [info] [[94mHttpSession.cpp[0m:[95m576[0m [96mhandleGetGraphData[0m] get_graph_data success
[2026-09-01 06:20:01.766] [info] [[94mControllerAndOtherEventHandler.cpp[0m:[95m239[0m [96moperator()[0m] Accepted new connection
[2026-09-01 06:20:01.767] [info] [[94mHttpSession.cpp[0m:[95m96[0m [96mhandleRequest[0m] Got request: GET /ndt/get_graph_data
[2026-09-01 06:20:01.767] [info] [[94mHttpSession.cpp[0m:[95m531[0m [96mhandleGetGraphData[0m] Handle Get Graph Data
[2026-09-01 06:20:01.783] [info] [[94mHttpSession.cpp[0m:[95m576[0m [96mhandleGetGraphData[0m] get_graph_data success
[2026-09-01 06:20:02.016] [info] [[94mControllerAndOtherEventHandler.cpp[0m:[95m239[0m [96moperator()[0m] Accepted new connection
[2026-09-01 06:20:02.017] [info] [[94mHttpSession.cpp[0m:[95m96[0m [96mhandleRequest[0m] Got request: GET /ndt/get_graph_data
[2026-09-01 06:20:02.017] [info] [[94mHttpSession.cpp[0m:[95m531[0m [96mhandleGetGraphData[0m] Handle Get Graph Data
[2026-09-01 06:20:02.036] [info] [[94mHttpSession.cpp[0m:[95m576[0m [96mhandleGetGraphData[0m] get_graph_data success
[2026-09-01 06:20:02.266] [info] [[94mControllerAndOtherEventHandler.cpp[0m:[95m239[0m [96moperator()[0m] Accepted new connection
[2026-09-01 06:20:02.267] [info] [[94mHttpSession.cpp[0m:[95m96[0m [96mhandleRequest[0m] Got request: GET /ndt/get_graph_data
[2026-09-01 06:20:02.267] [info] [[94mHttpSession.cpp[0m:[95m531[0m [96mhandleGetGraphData[0m] Handle Get Graph Data
[2026-09-01 06:20:02.286] [info] [[94mHttpSession.cpp[0m:[95m576[0m [96mhandleGetGraphData[0m] get_graph_data success
[2026-09-01 06:20:02.517] [info] [[94mControllerAndOtherEventHandler.cpp[0m:[95m239[0m [96moperator()[0m] Accepted new connection
[2026-09-01 06:20:02.517] [info] [[94mHttpSession.cpp[0m:[95m96[0m [96mhandleRequest[0m] Got request: GET /ndt/get_graph_data
[2026-09-01 06:20:02.517] [info] [[94mHttpSession.cpp[0m:[95m531[0m [96mhandleGetGraphData[0m] Handle Get Graph Data
[2026-09-01 06:20:02.540] [info] [[94mHttpSession.cpp[0m:[95m576[0m [96mhandleGetGraphData[0m] get_graph_data success
[2026-09-01 06:20:02.767] [info] [[94mControllerAndOtherEventHandler.cpp[0m:[95m239[0m [96moperator()[0m] Accepted new connection
[2026-09-01 06:20:02.767] [info] [[94mHttpSession.cpp[0m:[95m96[0m [96mhandleRequest[0m] Got request: GET /ndt/get_graph_data
[2026-09-01 06:20:02.767] [info] [[94mHttpSession.cpp[0m:[95m531[0m [96mhandleGetGraphData[0m] Handle Get Graph Data
[2026-09-01 06:20:02.786] [info] [[94mHttpSession.cpp[0m:[95m576[0m [96mhandleGetGraphData[0m] get_graph_data success
[2026-09-01 06:20:03.016] [info] [[94mControllerAndOtherEventHandler.cpp[0m:[95m239[0m [96moperator()[0m] Accepted new connection
[2026-09-01 06:20:03.016] [info] [[94mHttpSession.cpp[0m:[95m96[0m [96mhandleRequest[0m] Got request: GET /ndt/get_graph_data
[2026-09-01 06:20:03.016] [info] [[94mHttpSession.cpp[0m:[95m531[0m [96mhandleGetGraphData[0m] Handle Get Graph Data
[2026-09-01 06:20:03.032] [info] [[94mHttpSession.cpp[0m:[95m576[0m [96mhandleGetGraphData[0m] get_graph_data success
[2026-09-01 06:20:03.267] [info] [[94mControllerAndOtherEventHandler.cpp[0m:[95m239[0m [96moperator()[0m] Accepted new connection
[2026-09-01 06:20:03.267] [info] [[94mHttpSession.cpp[0m:[95m96[0m [96mhandleRequest[0m] Got request: GET /ndt/get_graph_data
[2026-09-01 06:20:03.267] [info] [[94mHttpSession.cpp[0m:[95m531[0m [96mhandleGetGraphData[0m] Handle Get Graph Data
[2026-09-01 06:20:03.286] [info] [[94mHttpSession.cpp[0m:[95m576[0m [96mhandleGetGraphData[0m] get_graph_data success
[2026-09-01 06:20:03.516] [info] [[94mControllerAndOtherEventHandler.cpp[0m:[95m239[0m [96moperator()[0m] Accepted new connection
[2026-09-01 06:20:03.516] [info] [[94mHttpSession.cpp[0m:[95m96[0m [96mhandleRequest[0m] Got request: GET /ndt/get_graph_data
[2026-09-01 06:20:03.516] [info] [[94mHttpSession.cpp[0m:[95m531[0m [96mhandleGetGraphData[0m] Handle Get Graph Data
[2026-09-01 06:20:03.535] [info] [[94mHttpSession.cpp[0m:[95m576[0m [96mhandleGetGraphData[0m] get_graph_data success
[2026-09-01 06:20:03.767] [info] [[94mControllerAndOtherEventHandler.cpp[0m:[95m239[0m [96moperator()[0m] Accepted new connection
[2026-09-01 06:20:03.767] [info] [[94mHttpSession.cpp[0m:[95m96[0m [96mhandleRequest[0m] Got request: GET /ndt/get_graph_data
[2026-09-01 06:20:03.767] [info] [[94mHttpSession.cpp[0m:[95m531[0m [96mhandleGetGraphData[0m] Handle Get Graph Data
[2026-09-01 06:20:03.784] [info] [[94mHttpSession.cpp[0m:[95m576[0m [96mhandleGetGraphData[0m] get_graph_data success
[2026-09-01 06:20:04.017] [info] [[94mControllerAndOtherEventHandler.cpp[0m:[95m239[0m [96moperator()[0m] Accepted new connection
[2026-09-01 06:20:04.017] [info] [[94mHttpSession.cpp[0m:[95m96[0m [96mhandleRequest[0m] Got request: GET /ndt/get_graph_data
[2026-09-01 06:20:04.017] [info] [[94mHttpSession.cpp[0m:[95m531[0m [96mhandleGetGraphData[0m] Handle Get Graph Data
[2026-09-01 06:20:04.036] [info] [[94mHttpSession.cpp[0m:[95m576[0m [96mhandleGetGraphData[0m] get_graph_data success
[2026-09-01 06:20:04.267] [info] [[94mControllerAndOtherEventHandler.cpp[0m:[95m239[0m [96moperator()[0m] Accepted new connection
[2026-09-01 06:20:04.267] [info] [[94mHttpSession.cpp[0m:[95m96[0m [96mhandleRequest[0m] Got request: GET /ndt/get_graph_data
[2026-09-01 06:20:04.267] [info] [[94mHttpSession.cpp[0m:[95m531[0m [96mhandleGetGraphData[0m] Handle Get Graph Data
[2026-09-01 06:20:04.286] [info] [[94mHttpSession.cpp[0m:[95m576[0m [96mhandleGetGraphData[0m] get_graph_data success
[2026-09-01 06:20:04.517] [info] [[94mControllerAndOtherEventHandler.cpp[0m:[95m239[0m [96moperator()[0m] Accepted new connection
[2026-09-01 06:20:04.517] [info] [[94mHttpSession.cpp[0m:[95m96[0m [96mhandleRequest[0m] Got request: GET /ndt/get_graph_data
[2026-09-01 06:20:04.517] [info] [[94mHttpSession.cpp[0m:[95m531[0m [96mhandleGetGraphData[0m] Handle Get Graph Data
[2026-09-01 06:20:04.530] [info] [[94mHttpSession.cpp[0m:[95m576[0m [96mhandleGetGraphData[0m] get_graph_data success
[2026-09-01 06:20:04.650] [info] [[94mFlowLinkUsageCollector.cpp[0m:[95m1807[0m [96mcalAvgFlowSendingRatesPeriodically[0m] rate loop period: last 30 iters mean 1001.0 ms | since start (269 iters) mean 1000.8 ms, min 1000.1, max 1003.0 (flows=1, counters=5) -- the LAST-N figure is the current denominator; the since-start one lags it
[2026-09-01 06:20:04.651] [info] [[94mFlowLinkUsageCollector.cpp[0m:[95m2016[0m [96mcalAvgFlowSendingRatesPeriodically[0m] rate divisor check: measured_interval_s=1.001020 divisor_used_s=1.001020 (ticket Q gate: these must agree to 1%; a negative divisor means no rate has been published yet, which is not a pass)
[2026-09-01 06:20:04.767] [info] [[94mControllerAndOtherEventHandler.cpp[0m:[95m239[0m [96moperator()[0m] Accepted new connection
[2026-09-01 06:20:04.767] [info] [[94mHttpSession.cpp[0m:[95m96[0m [96mhandleRequest[0m] Got request: GET /ndt/get_graph_data
[2026-09-01 06:20:04.767] [info] [[94mHttpSession.cpp[0m:[95m531[0m [96mhandleGetGraphData[0m] Handle Get Graph Data
[2026-09-01 06:20:04.787] [info] [[94mHttpSession.cpp[0m:[95m576[0m [96mhandleGetGraphData[0m] get_graph_data success
[2026-09-01 06:20:05.017] [info] [[94mControllerAndOtherEventHandler.cpp[0m:[95m239[0m [96moperator()[0m] Accepted new connection
[2026-09-01 06:20:05.017] [info] [[94mHttpSession.cpp[0m:[95m96[0m [96mhandleRequest[0m] Got request: GET /ndt/get_graph_data
[2026-09-01 06:20:05.018] [info] [[94mHttpSession.cpp[0m:[95m531[0m [96mhandleGetGraphData[0m] Handle Get Graph Data
[2026-09-01 06:20:05.032] [info] [[94mHttpSession.cpp[0m:[95m576[0m [96mhandleGetGraphData[0m] get_graph_data success
[2026-09-01 06:20:05.268] [info] [[94mControllerAndOtherEventHandler.cpp[0m:[95m239[0m [96moperator()[0m] Accepted new connection
[2026-09-01 06:20:05.268] [info] [[94mHttpSession.cpp[0m:[95m96[0m [96mhandleRequest[0m] Got request: GET /ndt/get_graph_data
[2026-09-01 06:20:05.268] [info] [[94mHttpSession.cpp[0m:[95m531[0m [96mhandleGetGraphData[0m] Handle Get Graph Data
[2026-09-01 06:20:05.283] [info] [[94mHttpSession.cpp[0m:[95m576[0m [96mhandleGetGraphData[0m] get_graph_data success
[2026-09-01 06:20:05.518] [info] [[94mControllerAndOtherEventHandler.cpp[0m:[95m239[0m [96moperator()[0m] Accepted new connection
[2026-09-01 06:20:05.518] [info] [[94mHttpSession.cpp[0m:[95m96[0m [96mhandleRequest[0m] Got request: GET /ndt/get_graph_data
[2026-09-01 06:20:05.518] [info] [[94mHttpSession.cpp[0m:[95m531[0m [96mhandleGetGraphData[0m] Handle Get Graph Data
[2026-09-01 06:20:05.537] [info] [[94mHttpSession.cpp[0m:[95m576[0m [96mhandleGetGraphData[0m] get_graph_data success
[2026-09-01 06:20:05.768] [info] [[94mControllerAndOtherEventHandler.cpp[0m:[95m239[0m [96moperator()[0m] Accepted new connection
[2026-09-01 06:20:05.768] [info] [[94mHttpSession.cpp[0m:[95m96[0m [96mhandleRequest[0m] Got request: GET /ndt/get_graph_data
[2026-09-01 06:20:05.768] [info] [[94mHttpSession.cpp[0m:[95m531[0m [96mhandleGetGraphData[0m] Handle Get Graph Data
[2026-09-01 06:20:05.787] [info] [[94mHttpSession.cpp[0m:[95m576[0m [96mhandleGetGraphData[0m] get_graph_data success
[2026-09-01 06:20:06.018] [info] [[94mControllerAndOtherEventHandler.cpp[0m:[95m239[0m [96moperator()[0m] Accepted new connection
[2026-09-01 06:20:06.018] [info] [[94mHttpSession.cpp[0m:[95m96[0m [96mhandleRequest[0m] Got request: GET /ndt/get_graph_data
[2026-09-01 06:20:06.018] [info] [[94mHttpSession.cpp[0m:[95m531[0m [96mhandleGetGraphData[0m] Handle Get Graph Data
[2026-09-01 06:20:06.037] [info] [[94mHttpSession.cpp[0m:[95m576[0m [96mhandleGetGraphData[0m] get_graph_data success
[2026-09-01 06:20:06.268] [info] [[94mControllerAndOtherEventHandler.cpp[0m:[95m239[0m [96moperator()[0m] Accepted new connection
[2026-09-01 06:20:06.268] [info] [[94mHttpSession.cpp[0m:[95m96[0m [96mhandleRequest[0m] Got request: GET /ndt/get_graph_data
[2026-09-01 06:20:06.268] [info] [[94mHttpSession.cpp[0m:[95m531[0m [96mhandleGetGraphData[0m] Handle Get Graph Data
[2026-09-01 06:20:06.287] [info] [[94mHttpSession.cpp[0m:[95m576[0m [96mhandleGetGraphData[0m] get_graph_data success
[2026-09-01 06:20:06.518] [info] [[94mControllerAndOtherEventHandler.cpp[0m:[95m239[0m [96moperator()[0m] Accepted new connection
[2026-09-01 06:20:06.518] [info] [[94mHttpSession.cpp[0m:[95m96[0m [96mhandleRequest[0m] Got request: GET /ndt/get_graph_data
[2026-09-01 06:20:06.518] [info] [[94mHttpSession.cpp[0m:[95m531[0m [96mhandleGetGraphData[0m] Handle Get Graph Data
[2026-09-01 06:20:06.538] [info] [[94mHttpSession.cpp[0m:[95m576[0m [96mhandleGetGraphData[0m] get_graph_data success
[2026-09-01 06:20:06.767] [info] [[94mControllerAndOtherEventHandler.cpp[0m:[95m239[0m [96moperator()[0m] Accepted new connection
[2026-09-01 06:20:06.767] [info] [[94mHttpSession.cpp[0m:[95m96[0m [96mhandleRequest[0m] Got request: GET /ndt/get_graph_data
[2026-09-01 06:20:06.768] [info] [[94mHttpSession.cpp[0m:[95m531[0m [96mhandleGetGraphData[0m] Handle Get Graph Data
[2026-09-01 06:20:06.783] [info] [[94mHttpSession.cpp[0m:[95m576[0m [96mhandleGetGraphData[0m] get_graph_data success
[2026-09-01 06:20:07.017] [info] [[94mControllerAndOtherEventHandler.cpp[0m:[95m239[0m [96moperator()[0m] Accepted new connection
[2026-09-01 06:20:07.017] [info] [[94mHttpSession.cpp[0m:[95m96[0m [96mhandleRequest[0m] Got request: GET /ndt/get_graph_data
[2026-09-01 06:20:07.017] [info] [[94mHttpSession.cpp[0m:[95m531[0m [96mhandleGetGraphData[0m] Handle Get Graph Data
[2026-09-01 06:20:07.037] [info] [[94mHttpSession.cpp[0m:[95m576[0m [96mhandleGetGraphData[0m] get_graph_data success
[2026-09-01 06:20:07.268] [info] [[94mControllerAndOtherEventHandler.cpp[0m:[95m239[0m [96moperator()[0m] Accepted new connection
[2026-09-01 06:20:07.268] [info] [[94mHttpSession.cpp[0m:[95m96[0m [96mhandleRequest[0m] Got request: GET /ndt/get_graph_data
[2026-09-01 06:20:07.268] [info] [[94mHttpSession.cpp[0m:[95m531[0m [96mhandleGetGraphData[0m] Handle Get Graph Data
[2026-09-01 06:20:07.287] [info] [[94mHttpSession.cpp[0m:[95m576[0m [96mhandleGetGraphData[0m] get_graph_data success
[2026-09-01 06:20:07.518] [info] [[94mControllerAndOtherEventHandler.cpp[0m:[95m239[0m [96moperator()[0m] Accepted new connection
[2026-09-01 06:20:07.518] [info] [[94mHttpSession.cpp[0m:[95m96[0m [96mhandleRequest[0m] Got request: GET /ndt/get_graph_data
[2026-09-01 06:20:07.518] [info] [[94mHttpSession.cpp[0m:[95m531[0m [96mhandleGetGraphData[0m] Handle Get Graph Data
[2026-09-01 06:20:07.537] [info] [[94mHttpSession.cpp[0m:[95m576[0m [96mhandleGetGraphData[0m] get_graph_data success
[2026-09-01 06:20:07.768] [info] [[94mControllerAndOtherEventHandler.cpp[0m:[95m239[0m [96moperator()[0m] Accepted new connection
[2026-09-01 06:20:07.769] [info] [[94mHttpSession.cpp[0m:[95m96[0m [96mhandleRequest[0m] Got request: GET /ndt/get_graph_data
[2026-09-01 06:20:07.769] [info] [[94mHttpSession.cpp[0m:[95m531[0m [96mhandleGetGraphData[0m] Handle Get Graph Data
[2026-09-01 06:20:07.785] [info] [[94mHttpSession.cpp[0m:[95m576[0m [96mhandleGetGraphData[0m] get_graph_data success
[2026-09-01 06:20:08.018] [info] [[94mControllerAndOtherEventHandler.cpp[0m:[95m239[0m [96moperator()[0m] Accepted new connection
[2026-09-01 06:20:08.019] [info] [[94mHttpSession.cpp[0m:[95m96[0m [96mhandleRequest[0m] Got request: GET /ndt/get_graph_data
[2026-09-01 06:20:08.019] [info] [[94mHttpSession.cpp[0m:[95m531[0m [96mhandleGetGraphData[0m] Handle Get Graph Data
[2026-09-01 06:20:08.038] [info] [[94mHttpSession.cpp[0m:[95m576[0m [96mhandleGetGraphData[0m] get_graph_data success
[2026-09-01 06:20:08.268] [info] [[94mControllerAndOtherEventHandler.cpp[0m:[95m239[0m [96moperator()[0m] Accepted new connection
[2026-09-01 06:20:08.268] [info] [[94mHttpSession.cpp[0m:[95m96[0m [96mhandleRequest[0m] Got request: GET /ndt/get_graph_data
[2026-09-01 06:20:08.268] [info] [[94mHttpSession.cpp[0m:[95m531[0m [96mhandleGetGraphData[0m] Handle Get Graph Data
[2026-09-01 06:20:08.288] [info] [[94mHttpSession.cpp[0m:[95m576[0m [96mhandleGetGraphData[0m] get_graph_data success
[2026-09-01 06:20:08.519] [info] [[94mControllerAndOtherEventHandler.cpp[0m:[95m239[0m [96moperator()[0m] Accepted new connection
[2026-09-01 06:20:08.519] [info] [[94mHttpSession.cpp[0m:[95m96[0m [96mhandleRequest[0m] Got request: GET /ndt/get_graph_data
[2026-09-01 06:20:08.519] [info] [[94mHttpSession.cpp[0m:[95m531[0m [96mhandleGetGraphData[0m] Handle Get Graph Data
[2026-09-01 06:20:08.535] [info] [[94mHttpSession.cpp[0m:[95m576[0m [96mhandleGetGraphData[0m] get_graph_data success
[2026-09-01 06:20:08.769] [info] [[94mControllerAndOtherEventHandler.cpp[0m:[95m239[0m [96moperator()[0m] Accepted new connection
[2026-09-01 06:20:08.769] [info] [[94mHttpSession.cpp[0m:[95m96[0m [96mhandleRequest[0m] Got request: GET /ndt/get_graph_data
[2026-09-01 06:20:08.769] [info] [[94mHttpSession.cpp[0m:[95m531[0m [96mhandleGetGraphData[0m] Handle Get Graph Data
[2026-09-01 06:20:08.784] [info] [[94mHttpSession.cpp[0m:[95m576[0m [96mhandleGetGraphData[0m] get_graph_data success
[2026-09-01 06:20:09.018] [info] [[94mControllerAndOtherEventHandler.cpp[0m:[95m239[0m [96moperator()[0m] Accepted new connection
[2026-09-01 06:20:09.019] [info] [[94mHttpSession.cpp[0m:[95m96[0m [96mhandleRequest[0m] Got request: GET /ndt/get_graph_data
[2026-09-01 06:20:09.019] [info] [[94mHttpSession.cpp[0m:[95m531[0m [96mhandleGetGraphData[0m] Handle Get Graph Data
[2026-09-01 06:20:09.037] [info] [[94mHttpSession.cpp[0m:[95m576[0m [96mhandleGetGraphData[0m] get_graph_data success
[2026-09-01 06:20:09.269] [info] [[94mControllerAndOtherEventHandler.cpp[0m:[95m239[0m [96moperator()[0m] Accepted new connection
[2026-09-01 06:20:09.269] [info] [[94mHttpSession.cpp[0m:[95m96[0m [96mhandleRequest[0m] Got request: GET /ndt/get_graph_data
[2026-09-01 06:20:09.269] [info] [[94mHttpSession.cpp[0m:[95m531[0m [96mhandleGetGraphData[0m] Handle Get Graph Data
[2026-09-01 06:20:09.288] [info] [[94mHttpSession.cpp[0m:[95m576[0m [96mhandleGetGraphData[0m] get_graph_data success
[2026-09-01 06:20:09.519] [info] [[94mControllerAndOtherEventHandler.cpp[0m:[95m239[0m [96moperator()[0m] Accepted new connection
[2026-09-01 06:20:09.519] [info] [[94mHttpSession.cpp[0m:[95m96[0m [96mhandleRequest[0m] Got request: GET /ndt/get_graph_data
[2026-09-01 06:20:09.519] [info] [[94mHttpSession.cpp[0m:[95m531[0m [96mhandleGetGraphData[0m] Handle Get Graph Data
[2026-09-01 06:20:09.537] [info] [[94mHttpSession.cpp[0m:[95m576[0m [96mhandleGetGraphData[0m] get_graph_data success
[2026-09-01 06:20:09.769] [info] [[94mControllerAndOtherEventHandler.cpp[0m:[95m239[0m [96moperator()[0m] Accepted new connection
[2026-09-01 06:20:09.769] [info] [[94mHttpSession.cpp[0m:[95m96[0m [96mhandleRequest[0m] Got request: GET /ndt/get_graph_data
[2026-09-01 06:20:09.769] [info] [[94mHttpSession.cpp[0m:[95m531[0m [96mhandleGetGraphData[0m] Handle Get Graph Data
[2026-09-01 06:20:09.787] [info] [[94mHttpSession.cpp[0m:[95m576[0m [96mhandleGetGraphData[0m] get_graph_data success
[2026-09-01 06:20:10.019] [info] [[94mControllerAndOtherEventHandler.cpp[0m:[95m239[0m [96moperator()[0m] Accepted new connection
[2026-09-01 06:20:10.019] [info] [[94mHttpSession.cpp[0m:[95m96[0m [96mhandleRequest[0m] Got request: GET /ndt/get_graph_data
[2026-09-01 06:20:10.019] [info] [[94mHttpSession.cpp[0m:[95m531[0m [96mhandleGetGraphData[0m] Handle Get Graph Data
[2026-09-01 06:20:10.033] [info] [[94mHttpSession.cpp[0m:[95m576[0m [96mhandleGetGraphData[0m] get_graph_data success
[2026-09-01 06:20:10.269] [info] [[94mControllerAndOtherEventHandler.cpp[0m:[95m239[0m [96moperator()[0m] Accepted new connection
[2026-09-01 06:20:10.269] [info] [[94mHttpSession.cpp[0m:[95m96[0m [96mhandleRequest[0m] Got request: GET /ndt/get_graph_data
[2026-09-01 06:20:10.269] [info] [[94mHttpSession.cpp[0m:[95m531[0m [96mhandleGetGraphData[0m] Handle Get Graph Data
[2026-09-01 06:20:10.288] [info] [[94mHttpSession.cpp[0m:[95m576[0m [96mhandleGetGraphData[0m] get_graph_data success
[2026-09-01 06:20:10.519] [info] [[94mControllerAndOtherEventHandler.cpp[0m:[95m239[0m [96moperator()[0m] Accepted new connection
[2026-09-01 06:20:10.520] [info] [[94mHttpSession.cpp[0m:[95m96[0m [96mhandleRequest[0m] Got request: GET /ndt/get_graph_data
[2026-09-01 06:20:10.520] [info] [[94mHttpSession.cpp[0m:[95m531[0m [96mhandleGetGraphData[0m] Handle Get Graph Data
[2026-09-01 06:20:10.533] [info] [[94mHttpSession.cpp[0m:[95m576[0m [96mhandleGetGraphData[0m] get_graph_data success
[2026-09-01 06:20:10.769] [info] [[94mControllerAndOtherEventHandler.cpp[0m:[95m239[0m [96moperator()[0m] Accepted new connection
[2026-09-01 06:20:10.770] [info] [[94mHttpSession.cpp[0m:[95m96[0m [96mhandleRequest[0m] Got request: GET /ndt/get_graph_data
[2026-09-01 06:20:10.770] [info] [[94mHttpSession.cpp[0m:[95m531[0m [96mhandleGetGraphData[0m] Handle Get Graph Data
[2026-09-01 06:20:10.789] [info] [[94mHttpSession.cpp[0m:[95m576[0m [96mhandleGetGraphData[0m] get_graph_data success
[2026-09-01 06:20:11.019] [info] [[94mControllerAndOtherEventHandler.cpp[0m:[95m239[0m [96moperator()[0m] Accepted new connection
[2026-09-01 06:20:11.020] [info] [[94mHttpSession.cpp[0m:[95m96[0m [96mhandleRequest[0m] Got request: GET /ndt/get_graph_data
[2026-09-01 06:20:11.020] [info] [[94mHttpSession.cpp[0m:[95m531[0m [96mhandleGetGraphData[0m] Handle Get Graph Data
[2026-09-01 06:20:11.036] [info] [[94mHttpSession.cpp[0m:[95m576[0m [96mhandleGetGraphData[0m] get_graph_data success
[2026-09-01 06:20:11.269] [info] [[94mControllerAndOtherEventHandler.cpp[0m:[95m239[0m [96moperator()[0m] Accepted new connection
[2026-09-01 06:20:11.269] [info] [[94mHttpSession.cpp[0m:[95m96[0m [96mhandleRequest[0m] Got request: GET /ndt/get_graph_data
[2026-09-01 06:20:11.270] [info] [[94mHttpSession.cpp[0m:[95m531[0m [96mhandleGetGraphData[0m] Handle Get Graph Data
[2026-09-01 06:20:11.284] [info] [[94mHttpSession.cpp[0m:[95m576[0m [96mhandleGetGraphData[0m] get_graph_data success
[2026-09-01 06:20:11.520] [info] [[94mControllerAndOtherEventHandler.cpp[0m:[95m239[0m [96moperator()[0m] Accepted new connection
[2026-09-01 06:20:11.520] [info] [[94mHttpSession.cpp[0m:[95m96[0m [96mhandleRequest[0m] Got request: GET /ndt/get_graph_data
[2026-09-01 06:20:11.520] [info] [[94mHttpSession.cpp[0m:[95m531[0m [96mhandleGetGraphData[0m] Handle Get Graph Data
[2026-09-01 06:20:11.533] [info] [[94mHttpSession.cpp[0m:[95m576[0m [96mhandleGetGraphData[0m] get_graph_data success
[2026-09-01 06:20:11.769] [info] [[94mControllerAndOtherEventHandler.cpp[0m:[95m239[0m [96moperator()[0m] Accepted new connection
[2026-09-01 06:20:11.769] [info] [[94mHttpSession.cpp[0m:[95m96[0m [96mhandleRequest[0m] Got request: GET /ndt/get_graph_data
[2026-09-01 06:20:11.769] [info] [[94mHttpSession.cpp[0m:[95m531[0m [96mhandleGetGraphData[0m] Handle Get Graph Data
[2026-09-01 06:20:11.784] [info] [[94mHttpSession.cpp[0m:[95m576[0m [96mhandleGetGraphData[0m] get_graph_data success
[2026-09-01 06:20:12.020] [info] [[94mControllerAndOtherEventHandler.cpp[0m:[95m239[0m [96moperator()[0m] Accepted new connection
[2026-09-01 06:20:12.020] [info] [[94mHttpSession.cpp[0m:[95m96[0m [96mhandleRequest[0m] Got request: GET /ndt/get_graph_data
[2026-09-01 06:20:12.020] [info] [[94mHttpSession.cpp[0m:[95m531[0m [96mhandleGetGraphData[0m] Handle Get Graph Data
[2026-09-01 06:20:12.039] [info] [[94mHttpSession.cpp[0m:[95m576[0m [96mhandleGetGraphData[0m] get_graph_data success
[2026-09-01 06:20:12.270] [info] [[94mControllerAndOtherEventHandler.cpp[0m:[95m239[0m [96moperator()[0m] Accepted new connection
[2026-09-01 06:20:12.270] [info] [[94mHttpSession.cpp[0m:[95m96[0m [96mhandleRequest[0m] Got request: GET /ndt/get_graph_data
[2026-09-01 06:20:12.270] [info] [[94mHttpSession.cpp[0m:[95m531[0m [96mhandleGetGraphData[0m] Handle Get Graph Data
[2026-09-01 06:20:12.284] [info] [[94mHttpSession.cpp[0m:[95m576[0m [96mhandleGetGraphData[0m] get_graph_data success
[2026-09-01 06:20:12.520] [info] [[94mControllerAndOtherEventHandler.cpp[0m:[95m239[0m [96moperator()[0m] Accepted new connection
[2026-09-01 06:20:12.520] [info] [[94mHttpSession.cpp[0m:[95m96[0m [96mhandleRequest[0m] Got request: GET /ndt/get_graph_data
[2026-09-01 06:20:12.520] [info] [[94mHttpSession.cpp[0m:[95m531[0m [96mhandleGetGraphData[0m] Handle Get Graph Data
[2026-09-01 06:20:12.539] [info] [[94mHttpSession.cpp[0m:[95m576[0m [96mhandleGetGraphData[0m] get_graph_data success
[2026-09-01 06:20:12.770] [info] [[94mControllerAndOtherEventHandler.cpp[0m:[95m239[0m [96moperator()[0m] Accepted new connection
[2026-09-01 06:20:12.770] [info] [[94mHttpSession.cpp[0m:[95m96[0m [96mhandleRequest[0m] Got request: GET /ndt/get_graph_data
[2026-09-01 06:20:12.770] [info] [[94mHttpSession.cpp[0m:[95m531[0m [96mhandleGetGraphData[0m] Handle Get Graph Data
[2026-09-01 06:20:12.784] [info] [[94mHttpSession.cpp[0m:[95m576[0m [96mhandleGetGraphData[0m] get_graph_data success
[2026-09-01 06:20:13.020] [info] [[94mControllerAndOtherEventHandler.cpp[0m:[95m239[0m [96moperator()[0m] Accepted new connection
[2026-09-01 06:20:13.020] [info] [[94mHttpSession.cpp[0m:[95m96[0m [96mhandleRequest[0m] Got request: GET /ndt/get_graph_data
[2026-09-01 06:20:13.020] [info] [[94mHttpSession.cpp[0m:[95m531[0m [96mhandleGetGraphData[0m] Handle Get Graph Data
[2026-09-01 06:20:13.036] [info] [[94mHttpSession.cpp[0m:[95m576[0m [96mhandleGetGraphData[0m] get_graph_data success
[2026-09-01 06:20:13.270] [info] [[94mControllerAndOtherEventHandler.cpp[0m:[95m239[0m [96moperator()[0m] Accepted new connection
[2026-09-01 06:20:13.270] [info] [[94mHttpSession.cpp[0m:[95m96[0m [96mhandleRequest[0m] Got request: GET /ndt/get_graph_data
[2026-09-01 06:20:13.270] [info] [[94mHttpSession.cpp[0m:[95m531[0m [96mhandleGetGraphData[0m] Handle Get Graph Data
[2026-09-01 06:20:13.287] [info] [[94mHttpSession.cpp[0m:[95m576[0m [96mhandleGetGraphData[0m] get_graph_data success
[2026-09-01 06:20:13.519] [info] [[94mControllerAndOtherEventHandler.cpp[0m:[95m239[0m [96moperator()[0m] Accepted new connection
[2026-09-01 06:20:13.520] [info] [[94mHttpSession.cpp[0m:[95m96[0m [96mhandleRequest[0m] Got request: GET /ndt/get_graph_data
[2026-09-01 06:20:13.520] [info] [[94mHttpSession.cpp[0m:[95m531[0m [96mhandleGetGraphData[0m] Handle Get Graph Data
[2026-09-01 06:20:13.535] [info] [[94mHttpSession.cpp[0m:[95m576[0m [96mhandleGetGraphData[0m] get_graph_data success
[2026-09-01 06:20:13.769] [info] [[94mControllerAndOtherEventHandler.cpp[0m:[95m239[0m [96moperator()[0m] Accepted new connection
[2026-09-01 06:20:13.770] [info] [[94mHttpSession.cpp[0m:[95m96[0m [96mhandleRequest[0m] Got request: GET /ndt/get_graph_data
[2026-09-01 06:20:13.770] [info] [[94mHttpSession.cpp[0m:[95m531[0m [96mhandleGetGraphData[0m] Handle Get Graph Data
[2026-09-01 06:20:13.788] [info] [[94mHttpSession.cpp[0m:[95m576[0m [96mhandleGetGraphData[0m] get_graph_data success
[2026-09-01 06:20:14.020] [info] [[94mControllerAndOtherEventHandler.cpp[0m:[95m239[0m [96moperator()[0m] Accepted new connection
[2026-09-01 06:20:14.021] [info] [[94mHttpSession.cpp[0m:[95m96[0m [96mhandleRequest[0m] Got request: GET /ndt/get_graph_data
[2026-09-01 06:20:14.021] [info] [[94mHttpSession.cpp[0m:[95m531[0m [96mhandleGetGraphData[0m] Handle Get Graph Data
[2026-09-01 06:20:14.040] [info] [[94mHttpSession.cpp[0m:[95m576[0m [96mhandleGetGraphData[0m] get_graph_data success
[2026-09-01 06:20:14.270] [info] [[94mControllerAndOtherEventHandler.cpp[0m:[95m239[0m [96moperator()[0m] Accepted new connection
[2026-09-01 06:20:14.271] [info] [[94mHttpSession.cpp[0m:[95m96[0m [96mhandleRequest[0m] Got request: GET /ndt/get_graph_data
[2026-09-01 06:20:14.271] [info] [[94mHttpSession.cpp[0m:[95m531[0m [96mhandleGetGraphData[0m] Handle Get Graph Data
[2026-09-01 06:20:14.290] [info] [[94mHttpSession.cpp[0m:[95m576[0m [96mhandleGetGraphData[0m] get_graph_data success
[2026-09-01 06:20:14.520] [info] [[94mControllerAndOtherEventHandler.cpp[0m:[95m239[0m [96moperator()[0m] Accepted new connection
[2026-09-01 06:20:14.520] [info] [[94mHttpSession.cpp[0m:[95m96[0m [96mhandleRequest[0m] Got request: GET /ndt/get_graph_data
[2026-09-01 06:20:14.521] [info] [[94mHttpSession.cpp[0m:[95m531[0m [96mhandleGetGraphData[0m] Handle Get Graph Data
[2026-09-01 06:20:14.535] [info] [[94mHttpSession.cpp[0m:[95m576[0m [96mhandleGetGraphData[0m] get_graph_data success
[2026-09-01 06:20:14.771] [info] [[94mControllerAndOtherEventHandler.cpp[0m:[95m239[0m [96moperator()[0m] Accepted new connection
[2026-09-01 06:20:14.771] [info] [[94mHttpSession.cpp[0m:[95m96[0m [96mhandleRequest[0m] Got request: GET /ndt/get_graph_data
[2026-09-01 06:20:14.771] [info] [[94mHttpSession.cpp[0m:[95m531[0m [96mhandleGetGraphData[0m] Handle Get Graph Data
[2026-09-01 06:20:14.789] [info] [[94mHttpSession.cpp[0m:[95m576[0m [96mhandleGetGraphData[0m] get_graph_data success
[2026-09-01 06:20:15.020] [info] [[94mControllerAndOtherEventHandler.cpp[0m:[95m239[0m [96moperator()[0m] Accepted new connection
[2026-09-01 06:20:15.020] [info] [[94mHttpSession.cpp[0m:[95m96[0m [96mhandleRequest[0m] Got request: GET /ndt/get_graph_data
[2026-09-01 06:20:15.020] [info] [[94mHttpSession.cpp[0m:[95m531[0m [96mhandleGetGraphData[0m] Handle Get Graph Data
[2026-09-01 06:20:15.038] [info] [[94mHttpSession.cpp[0m:[95m576[0m [96mhandleGetGraphData[0m] get_graph_data success
[2026-09-01 06:20:15.270] [info] [[94mControllerAndOtherEventHandler.cpp[0m:[95m239[0m [96moperator()[0m] Accepted new connection
[2026-09-01 06:20:15.270] [info] [[94mHttpSession.cpp[0m:[95m96[0m [96mhandleRequest[0m] Got request: GET /ndt/get_graph_data
[2026-09-01 06:20:15.271] [info] [[94mHttpSession.cpp[0m:[95m531[0m [96mhandleGetGraphData[0m] Handle Get Graph Data
[2026-09-01 06:20:15.290] [info] [[94mHttpSession.cpp[0m:[95m576[0m [96mhandleGetGraphData[0m] get_graph_data success
[2026-09-01 06:20:15.521] [info] [[94mControllerAndOtherEventHandler.cpp[0m:[95m239[0m [96moperator()[0m] Accepted new connection
[2026-09-01 06:20:15.521] [info] [[94mHttpSession.cpp[0m:[95m96[0m [96mhandleRequest[0m] Got request: GET /ndt/get_graph_data
[2026-09-01 06:20:15.521] [info] [[94mHttpSession.cpp[0m:[95m531[0m [96mhandleGetGraphData[0m] Handle Get Graph Data
[2026-09-01 06:20:15.540] [info] [[94mHttpSession.cpp[0m:[95m576[0m [96mhandleGetGraphData[0m] get_graph_data success
[2026-09-01 06:20:15.771] [info] [[94mControllerAndOtherEventHandler.cpp[0m:[95m239[0m [96moperator()[0m] Accepted new connection
[2026-09-01 06:20:15.771] [info] [[94mHttpSession.cpp[0m:[95m96[0m [96mhandleRequest[0m] Got request: GET /ndt/get_graph_data
[2026-09-01 06:20:15.771] [info] [[94mHttpSession.cpp[0m:[95m531[0m [96mhandleGetGraphData[0m] Handle Get Graph Data
[2026-09-01 06:20:15.790] [info] [[94mHttpSession.cpp[0m:[95m576[0m [96mhandleGetGraphData[0m] get_graph_data success
[2026-09-01 06:20:16.021] [info] [[94mControllerAndOtherEventHandler.cpp[0m:[95m239[0m [96moperator()[0m] Accepted new connection
[2026-09-01 06:20:16.021] [info] [[94mHttpSession.cpp[0m:[95m96[0m [96mhandleRequest[0m] Got request: GET /ndt/get_graph_data
[2026-09-01 06:20:16.021] [info] [[94mHttpSession.cpp[0m:[95m531[0m [96mhandleGetGraphData[0m] Handle Get Graph Data
[2026-09-01 06:20:16.034] [info] [[94mHttpSession.cpp[0m:[95m576[0m [96mhandleGetGraphData[0m] get_graph_data success
[2026-09-01 06:20:16.271] [info] [[94mControllerAndOtherEventHandler.cpp[0m:[95m239[0m [96moperator()[0m] Accepted new connection
[2026-09-01 06:20:16.271] [info] [[94mHttpSession.cpp[0m:[95m96[0m [96mhandleRequest[0m] Got request: GET /ndt/get_graph_data
[2026-09-01 06:20:16.271] [info] [[94mHttpSession.cpp[0m:[95m531[0m [96mhandleGetGraphData[0m] Handle Get Graph Data
[2026-09-01 06:20:16.290] [info] [[94mHttpSession.cpp[0m:[95m576[0m [96mhandleGetGraphData[0m] get_graph_data success
[2026-09-01 06:20:16.521] [info] [[94mControllerAndOtherEventHandler.cpp[0m:[95m239[0m [96moperator()[0m] Accepted new connection
[2026-09-01 06:20:16.521] [info] [[94mHttpSession.cpp[0m:[95m96[0m [96mhandleRequest[0m] Got request: GET /ndt/get_graph_data
[2026-09-01 06:20:16.521] [info] [[94mHttpSession.cpp[0m:[95m531[0m [96mhandleGetGraphData[0m] Handle Get Graph Data
[2026-09-01 06:20:16.539] [info] [[94mHttpSession.cpp[0m:[95m576[0m [96mhandleGetGraphData[0m] get_graph_data success
[2026-09-01 06:20:16.771] [info] [[94mControllerAndOtherEventHandler.cpp[0m:[95m239[0m [96moperator()[0m] Accepted new connection
[2026-09-01 06:20:16.771] [info] [[94mHttpSession.cpp[0m:[95m96[0m [96mhandleRequest[0m] Got request: GET /ndt/get_graph_data
[2026-09-01 06:20:16.771] [info] [[94mHttpSession.cpp[0m:[95m531[0m [96mhandleGetGraphData[0m] Handle Get Graph Data
[2026-09-01 06:20:16.790] [info] [[94mHttpSession.cpp[0m:[95m576[0m [96mhandleGetGraphData[0m] get_graph_data success
[2026-09-01 06:20:17.021] [info] [[94mControllerAndOtherEventHandler.cpp[0m:[95m239[0m [96moperator()[0m] Accepted new connection
[2026-09-01 06:20:17.021] [info] [[94mHttpSession.cpp[0m:[95m96[0m [96mhandleRequest[0m] Got request: GET /ndt/get_graph_data
[2026-09-01 06:20:17.021] [info] [[94mHttpSession.cpp[0m:[95m531[0m [96mhandleGetGraphData[0m] Handle Get Graph Data
[2026-09-01 06:20:17.035] [info] [[94mHttpSession.cpp[0m:[95m576[0m [96mhandleGetGraphData[0m] get_graph_data success
[2026-09-01 06:20:17.271] [info] [[94mControllerAndOtherEventHandler.cpp[0m:[95m239[0m [96moperator()[0m] Accepted new connection
[2026-09-01 06:20:17.271] [info] [[94mHttpSession.cpp[0m:[95m96[0m [96mhandleRequest[0m] Got request: GET /ndt/get_graph_data
[2026-09-01 06:20:17.271] [info] [[94mHttpSession.cpp[0m:[95m531[0m [96mhandleGetGraphData[0m] Handle Get Graph Data
[2026-09-01 06:20:17.288] [info] [[94mHttpSession.cpp[0m:[95m576[0m [96mhandleGetGraphData[0m] get_graph_data success
[2026-09-01 06:20:17.522] [info] [[94mControllerAndOtherEventHandler.cpp[0m:[95m239[0m [96moperator()[0m] Accepted new connection
[2026-09-01 06:20:17.522] [info] [[94mHttpSession.cpp[0m:[95m96[0m [96mhandleRequest[0m] Got request: GET /ndt/get_graph_data
[2026-09-01 06:20:17.522] [info] [[94mHttpSession.cpp[0m:[95m531[0m [96mhandleGetGraphData[0m] Handle Get Graph Data
[2026-09-01 06:20:17.536] [info] [[94mHttpSession.cpp[0m:[95m576[0m [96mhandleGetGraphData[0m] get_graph_data success
[2026-09-01 06:20:17.772] [info] [[94mControllerAndOtherEventHandler.cpp[0m:[95m239[0m [96moperator()[0m] Accepted new connection
[2026-09-01 06:20:17.772] [info] [[94mHttpSession.cpp[0m:[95m96[0m [96mhandleRequest[0m] Got request: GET /ndt/get_graph_data
[2026-09-01 06:20:17.772] [info] [[94mHttpSession.cpp[0m:[95m531[0m [96mhandleGetGraphData[0m] Handle Get Graph Data
[2026-09-01 06:20:17.792] [info] [[94mHttpSession.cpp[0m:[95m576[0m [96mhandleGetGraphData[0m] get_graph_data success
[2026-09-01 06:20:18.022] [info] [[94mControllerAndOtherEventHandler.cpp[0m:[95m239[0m [96moperator()[0m] Accepted new connection
[2026-09-01 06:20:18.022] [info] [[94mHttpSession.cpp[0m:[95m96[0m [96mhandleRequest[0m] Got request: GET /ndt/get_graph_data
[2026-09-01 06:20:18.022] [info] [[94mHttpSession.cpp[0m:[95m531[0m [96mhandleGetGraphData[0m] Handle Get Graph Data
[2026-09-01 06:20:18.041] [info] [[94mHttpSession.cpp[0m:[95m576[0m [96mhandleGetGraphData[0m] get_graph_data success
[2026-09-01 06:20:18.271] [info] [[94mControllerAndOtherEventHandler.cpp[0m:[95m239[0m [96moperator()[0m] Accepted new connection
[2026-09-01 06:20:18.271] [info] [[94mHttpSession.cpp[0m:[95m96[0m [96mhandleRequest[0m] Got request: GET /ndt/get_graph_data
[2026-09-01 06:20:18.271] [info] [[94mHttpSession.cpp[0m:[95m531[0m [96mhandleGetGraphData[0m] Handle Get Graph Data
[2026-09-01 06:20:18.287] [info] [[94mHttpSession.cpp[0m:[95m576[0m [96mhandleGetGraphData[0m] get_graph_data success
[2026-09-01 06:20:18.522] [info] [[94mControllerAndOtherEventHandler.cpp[0m:[95m239[0m [96moperator()[0m] Accepted new connection
[2026-09-01 06:20:18.522] [info] [[94mHttpSession.cpp[0m:[95m96[0m [96mhandleRequest[0m] Got request: GET /ndt/get_graph_data
[2026-09-01 06:20:18.522] [info] [[94mHttpSession.cpp[0m:[95m531[0m [96mhandleGetGraphData[0m] Handle Get Graph Data
[2026-09-01 06:20:18.543] [info] [[94mHttpSession.cpp[0m:[95m576[0m [96mhandleGetGraphData[0m] get_graph_data success
[2026-09-01 06:20:18.771] [info] [[94mControllerAndOtherEventHandler.cpp[0m:[95m239[0m [96moperator()[0m] Accepted new connection
[2026-09-01 06:20:18.771] [info] [[94mHttpSession.cpp[0m:[95m96[0m [96mhandleRequest[0m] Got request: GET /ndt/get_graph_data
[2026-09-01 06:20:18.772] [info] [[94mHttpSession.cpp[0m:[95m531[0m [96mhandleGetGraphData[0m] Handle Get Graph Data
[2026-09-01 06:20:18.790] [info] [[94mHttpSession.cpp[0m:[95m576[0m [96mhandleGetGraphData[0m] get_graph_data success
[2026-09-01 06:20:19.022] [info] [[94mControllerAndOtherEventHandler.cpp[0m:[95m239[0m [96moperator()[0m] Accepted new connection
[2026-09-01 06:20:19.022] [info] [[94mHttpSession.cpp[0m:[95m96[0m [96mhandleRequest[0m] Got request: GET /ndt/get_graph_data
[2026-09-01 06:20:19.022] [info] [[94mHttpSession.cpp[0m:[95m531[0m [96mhandleGetGraphData[0m] Handle Get Graph Data
[2026-09-01 06:20:19.041] [info] [[94mHttpSession.cpp[0m:[95m576[0m [96mhandleGetGraphData[0m] get_graph_data success
[2026-09-01 06:20:19.272] [info] [[94mControllerAndOtherEventHandler.cpp[0m:[95m239[0m [96moperator()[0m] Accepted new connection
[2026-09-01 06:20:19.272] [info] [[94mHttpSession.cpp[0m:[95m96[0m [96mhandleRequest[0m] Got request: GET /ndt/get_graph_data
[2026-09-01 06:20:19.272] [info] [[94mHttpSession.cpp[0m:[95m531[0m [96mhandleGetGraphData[0m] Handle Get Graph Data
[2026-09-01 06:20:19.289] [info] [[94mHttpSession.cpp[0m:[95m576[0m [96mhandleGetGraphData[0m] get_graph_data success
[2026-09-01 06:20:19.522] [info] [[94mControllerAndOtherEventHandler.cpp[0m:[95m239[0m [96moperator()[0m] Accepted new connection
[2026-09-01 06:20:19.522] [info] [[94mHttpSession.cpp[0m:[95m96[0m [96mhandleRequest[0m] Got request: GET /ndt/get_graph_data
[2026-09-01 06:20:19.522] [info] [[94mHttpSession.cpp[0m:[95m531[0m [96mhandleGetGraphData[0m] Handle Get Graph Data
[2026-09-01 06:20:19.537] [info] [[94mHttpSession.cpp[0m:[95m576[0m [96mhandleGetGraphData[0m] get_graph_data success
[2026-09-01 06:20:19.772] [info] [[94mControllerAndOtherEventHandler.cpp[0m:[95m239[0m [96moperator()[0m] Accepted new connection
[2026-09-01 06:20:19.772] [info] [[94mHttpSession.cpp[0m:[95m96[0m [96mhandleRequest[0m] Got request: GET /ndt/get_graph_data
[2026-09-01 06:20:19.772] [info] [[94mHttpSession.cpp[0m:[95m531[0m [96mhandleGetGraphData[0m] Handle Get Graph Data
[2026-09-01 06:20:19.791] [info] [[94mHttpSession.cpp[0m:[95m576[0m [96mhandleGetGraphData[0m] get_graph_data success
[2026-09-01 06:20:20.022] [info] [[94mControllerAndOtherEventHandler.cpp[0m:[95m239[0m [96moperator()[0m] Accepted new connection
[2026-09-01 06:20:20.022] [info] [[94mHttpSession.cpp[0m:[95m96[0m [96mhandleRequest[0m] Got request: GET /ndt/get_graph_data
[2026-09-01 06:20:20.022] [info] [[94mHttpSession.cpp[0m:[95m531[0m [96mhandleGetGraphData[0m] Handle Get Graph Data
[2026-09-01 06:20:20.041] [info] [[94mHttpSession.cpp[0m:[95m576[0m [96mhandleGetGraphData[0m] get_graph_data success
[2026-09-01 06:20:20.272] [info] [[94mControllerAndOtherEventHandler.cpp[0m:[95m239[0m [96moperator()[0m] Accepted new connection
[2026-09-01 06:20:20.272] [info] [[94mHttpSession.cpp[0m:[95m96[0m [96mhandleRequest[0m] Got request: GET /ndt/get_graph_data
[2026-09-01 06:20:20.272] [info] [[94mHttpSession.cpp[0m:[95m531[0m [96mhandleGetGraphData[0m] Handle Get Graph Data
[2026-09-01 06:20:20.285] [info] [[94mHttpSession.cpp[0m:[95m576[0m [96mhandleGetGraphData[0m] get_graph_data success
[2026-09-01 06:20:20.522] [info] [[94mControllerAndOtherEventHandler.cpp[0m:[95m239[0m [96moperator()[0m] Accepted new connection
[2026-09-01 06:20:20.522] [info] [[94mHttpSession.cpp[0m:[95m96[0m [96mhandleRequest[0m] Got request: GET /ndt/get_graph_data
[2026-09-01 06:20:20.522] [info] [[94mHttpSession.cpp[0m:[95m531[0m [96mhandleGetGraphData[0m] Handle Get Graph Data
[2026-09-01 06:20:20.540] [info] [[94mHttpSession.cpp[0m:[95m576[0m [96mhandleGetGraphData[0m] get_graph_data success
[2026-09-01 06:20:20.773] [info] [[94mControllerAndOtherEventHandler.cpp[0m:[95m239[0m [96moperator()[0m] Accepted new connection
[2026-09-01 06:20:20.773] [info] [[94mHttpSession.cpp[0m:[95m96[0m [96mhandleRequest[0m] Got request: GET /ndt/get_graph_data
[2026-09-01 06:20:20.773] [info] [[94mHttpSession.cpp[0m:[95m531[0m [96mhandleGetGraphData[0m] Handle Get Graph Data
[2026-09-01 06:20:20.792] [info] [[94mHttpSession.cpp[0m:[95m576[0m [96mhandleGetGraphData[0m] get_graph_data success
[2026-09-01 06:20:21.022] [info] [[94mControllerAndOtherEventHandler.cpp[0m:[95m239[0m [96moperator()[0m] Accepted new connection
[2026-09-01 06:20:21.022] [info] [[94mHttpSession.cpp[0m:[95m96[0m [96mhandleRequest[0m] Got request: GET /ndt/get_graph_data
[2026-09-01 06:20:21.022] [info] [[94mHttpSession.cpp[0m:[95m531[0m [96mhandleGetGraphData[0m] Handle Get Graph Data
[2026-09-01 06:20:21.041] [info] [[94mHttpSession.cpp[0m:[95m576[0m [96mhandleGetGraphData[0m] get_graph_data success
[2026-09-01 06:20:21.272] [info] [[94mControllerAndOtherEventHandler.cpp[0m:[95m239[0m [96moperator()[0m] Accepted new connection
[2026-09-01 06:20:21.272] [info] [[94mHttpSession.cpp[0m:[95m96[0m [96mhandleRequest[0m] Got request: GET /ndt/get_graph_data
[2026-09-01 06:20:21.272] [info] [[94mHttpSession.cpp[0m:[95m531[0m [96mhandleGetGraphData[0m] Handle Get Graph Data
[2026-09-01 06:20:21.285] [info] [[94mHttpSession.cpp[0m:[95m576[0m [96mhandleGetGraphData[0m] get_graph_data success
[2026-09-01 06:20:21.522] [info] [[94mControllerAndOtherEventHandler.cpp[0m:[95m239[0m [96moperator()[0m] Accepted new connection
[2026-09-01 06:20:21.522] [info] [[94mHttpSession.cpp[0m:[95m96[0m [96mhandleRequest[0m] Got request: GET /ndt/get_graph_data
[2026-09-01 06:20:21.522] [info] [[94mHttpSession.cpp[0m:[95m531[0m [96mhandleGetGraphData[0m] Handle Get Graph Data
[2026-09-01 06:20:21.540] [info] [[94mHttpSession.cpp[0m:[95m576[0m [96mhandleGetGraphData[0m] get_graph_data success
[2026-09-01 06:20:21.772] [info] [[94mControllerAndOtherEventHandler.cpp[0m:[95m239[0m [96moperator()[0m] Accepted new connection
[2026-09-01 06:20:21.773] [info] [[94mHttpSession.cpp[0m:[95m96[0m [96mhandleRequest[0m] Got request: GET /ndt/get_graph_data
[2026-09-01 06:20:21.773] [info] [[94mHttpSession.cpp[0m:[95m531[0m [96mhandleGetGraphData[0m] Handle Get Graph Data
[2026-09-01 06:20:21.786] [info] [[94mHttpSession.cpp[0m:[95m576[0m [96mhandleGetGraphData[0m] get_graph_data success
[2026-09-01 06:20:22.023] [info] [[94mControllerAndOtherEventHandler.cpp[0m:[95m239[0m [96moperator()[0m] Accepted new connection
[2026-09-01 06:20:22.023] [info] [[94mHttpSession.cpp[0m:[95m96[0m [96mhandleRequest[0m] Got request: GET /ndt/get_graph_data
[2026-09-01 06:20:22.023] [info] [[94mHttpSession.cpp[0m:[95m531[0m [96mhandleGetGraphData[0m] Handle Get Graph Data
[2026-09-01 06:20:22.037] [info] [[94mHttpSession.cpp[0m:[95m576[0m [96mhandleGetGraphData[0m] get_graph_data success
[2026-09-01 06:20:22.272] [info] [[94mControllerAndOtherEventHandler.cpp[0m:[95m239[0m [96moperator()[0m] Accepted new connection
[2026-09-01 06:20:22.272] [info] [[94mHttpSession.cpp[0m:[95m96[0m [96mhandleRequest[0m] Got request: GET /ndt/get_graph_data
[2026-09-01 06:20:22.272] [info] [[94mHttpSession.cpp[0m:[95m531[0m [96mhandleGetGraphData[0m] Handle Get Graph Data
[2026-09-01 06:20:22.287] [info] [[94mHttpSession.cpp[0m:[95m576[0m [96mhandleGetGraphData[0m] get_graph_data success
[2026-09-01 06:20:22.523] [info] [[94mControllerAndOtherEventHandler.cpp[0m:[95m239[0m [96moperator()[0m] Accepted new connection
[2026-09-01 06:20:22.523] [info] [[94mHttpSession.cpp[0m:[95m96[0m [96mhandleRequest[0m] Got request: GET /ndt/get_graph_data
[2026-09-01 06:20:22.523] [info] [[94mHttpSession.cpp[0m:[95m531[0m [96mhandleGetGraphData[0m] Handle Get Graph Data
[2026-09-01 06:20:22.544] [info] [[94mHttpSession.cpp[0m:[95m576[0m [96mhandleGetGraphData[0m] get_graph_data success
[2026-09-01 06:20:22.773] [info] [[94mControllerAndOtherEventHandler.cpp[0m:[95m239[0m [96moperator()[0m] Accepted new connection
[2026-09-01 06:20:22.773] [info] [[94mHttpSession.cpp[0m:[95m96[0m [96mhandleRequest[0m] Got request: GET /ndt/get_graph_data
[2026-09-01 06:20:22.773] [info] [[94mHttpSession.cpp[0m:[95m531[0m [96mhandleGetGraphData[0m] Handle Get Graph Data
[2026-09-01 06:20:22.794] [info] [[94mHttpSession.cpp[0m:[95m576[0m [96mhandleGetGraphData[0m] get_graph_data success
[2026-09-01 06:20:23.023] [info] [[94mControllerAndOtherEventHandler.cpp[0m:[95m239[0m [96moperator()[0m] Accepted new connection
[2026-09-01 06:20:23.023] [info] [[94mHttpSession.cpp[0m:[95m96[0m [96mhandleRequest[0m] Got request: GET /ndt/get_graph_data
[2026-09-01 06:20:23.023] [info] [[94mHttpSession.cpp[0m:[95m531[0m [96mhandleGetGraphData[0m] Handle Get Graph Data
[2026-09-01 06:20:23.043] [info] [[94mHttpSession.cpp[0m:[95m576[0m [96mhandleGetGraphData[0m] get_graph_data success
[2026-09-01 06:20:23.273] [info] [[94mControllerAndOtherEventHandler.cpp[0m:[95m239[0m [96moperator()[0m] Accepted new connection
[2026-09-01 06:20:23.274] [info] [[94mHttpSession.cpp[0m:[95m96[0m [96mhandleRequest[0m] Got request: GET /ndt/get_graph_data
[2026-09-01 06:20:23.274] [info] [[94mHttpSession.cpp[0m:[95m531[0m [96mhandleGetGraphData[0m] Handle Get Graph Data
[2026-09-01 06:20:23.290] [info] [[94mHttpSession.cpp[0m:[95m576[0m [96mhandleGetGraphData[0m] get_graph_data success
[2026-09-01 06:20:23.524] [info] [[94mControllerAndOtherEventHandler.cpp[0m:[95m239[0m [96moperator()[0m] Accepted new connection
[2026-09-01 06:20:23.524] [info] [[94mHttpSession.cpp[0m:[95m96[0m [96mhandleRequest[0m] Got request: GET /ndt/get_graph_data
[2026-09-01 06:20:23.524] [info] [[94mHttpSession.cpp[0m:[95m531[0m [96mhandleGetGraphData[0m] Handle Get Graph Data
[2026-09-01 06:20:23.543] [info] [[94mHttpSession.cpp[0m:[95m576[0m [96mhandleGetGraphData[0m] get_graph_data success
[2026-09-01 06:20:23.774] [info] [[94mControllerAndOtherEventHandler.cpp[0m:[95m239[0m [96moperator()[0m] Accepted new connection
[2026-09-01 06:20:23.774] [info] [[94mHttpSession.cpp[0m:[95m96[0m [96mhandleRequest[0m] Got request: GET /ndt/get_graph_data
[2026-09-01 06:20:23.774] [info] [[94mHttpSession.cpp[0m:[95m531[0m [96mhandleGetGraphData[0m] Handle Get Graph Data
[2026-09-01 06:20:23.793] [info] [[94mHttpSession.cpp[0m:[95m576[0m [96mhandleGetGraphData[0m] get_graph_data success
[2026-09-01 06:20:24.023] [info] [[94mControllerAndOtherEventHandler.cpp[0m:[95m239[0m [96moperator()[0m] Accepted new connection
[2026-09-01 06:20:24.023] [info] [[94mHttpSession.cpp[0m:[95m96[0m [96mhandleRequest[0m] Got request: GET /ndt/get_graph_data
[2026-09-01 06:20:24.023] [info] [[94mHttpSession.cpp[0m:[95m531[0m [96mhandleGetGraphData[0m] Handle Get Graph Data
[2026-09-01 06:20:24.039] [info] [[94mHttpSession.cpp[0m:[95m576[0m [96mhandleGetGraphData[0m] get_graph_data success
[2026-09-01 06:20:24.274] [info] [[94mControllerAndOtherEventHandler.cpp[0m:[95m239[0m [96moperator()[0m] Accepted new connection
[2026-09-01 06:20:24.274] [info] [[94mHttpSession.cpp[0m:[95m96[0m [96mhandleRequest[0m] Got request: GET /ndt/get_graph_data
[2026-09-01 06:20:24.274] [info] [[94mHttpSession.cpp[0m:[95m531[0m [96mhandleGetGraphData[0m] Handle Get Graph Data
[2026-09-01 06:20:24.294] [info] [[94mHttpSession.cpp[0m:[95m576[0m [96mhandleGetGraphData[0m] get_graph_data success
[2026-09-01 06:20:24.524] [info] [[94mControllerAndOtherEventHandler.cpp[0m:[95m239[0m [96moperator()[0m] Accepted new connection
[2026-09-01 06:20:24.524] [info] [[94mHttpSession.cpp[0m:[95m96[0m [96mhandleRequest[0m] Got request: GET /ndt/get_graph_data
[2026-09-01 06:20:24.524] [info] [[94mHttpSession.cpp[0m:[95m531[0m [96mhandleGetGraphData[0m] Handle Get Graph Data
[2026-09-01 06:20:24.541] [info] [[94mHttpSession.cpp[0m:[95m576[0m [96mhandleGetGraphData[0m] get_graph_data success
[2026-09-01 06:20:24.774] [info] [[94mControllerAndOtherEventHandler.cpp[0m:[95m239[0m [96moperator()[0m] Accepted new connection
[2026-09-01 06:20:24.774] [info] [[94mHttpSession.cpp[0m:[95m96[0m [96mhandleRequest[0m] Got request: GET /ndt/get_graph_data
[2026-09-01 06:20:24.774] [info] [[94mHttpSession.cpp[0m:[95m531[0m [96mhandleGetGraphData[0m] Handle Get Graph Data
[2026-09-01 06:20:24.794] [info] [[94mHttpSession.cpp[0m:[95m576[0m [96mhandleGetGraphData[0m] get_graph_data success
[2026-09-01 06:20:25.024] [info] [[94mControllerAndOtherEventHandler.cpp[0m:[95m239[0m [96moperator()[0m] Accepted new connection
[2026-09-01 06:20:25.024] [info] [[94mHttpSession.cpp[0m:[95m96[0m [96mhandleRequest[0m] Got request: GET /ndt/get_graph_data
[2026-09-01 06:20:25.024] [info] [[94mHttpSession.cpp[0m:[95m531[0m [96mhandleGetGraphData[0m] Handle Get Graph Data
[2026-09-01 06:20:25.044] [info] [[94mHttpSession.cpp[0m:[95m576[0m [96mhandleGetGraphData[0m] get_graph_data success
[2026-09-01 06:20:25.274] [info] [[94mControllerAndOtherEventHandler.cpp[0m:[95m239[0m [96moperator()[0m] Accepted new connection
[2026-09-01 06:20:25.274] [info] [[94mHttpSession.cpp[0m:[95m96[0m [96mhandleRequest[0m] Got request: GET /ndt/get_graph_data
[2026-09-01 06:20:25.274] [info] [[94mHttpSession.cpp[0m:[95m531[0m [96mhandleGetGraphData[0m] Handle Get Graph Data
[2026-09-01 06:20:25.297] [info] [[94mHttpSession.cpp[0m:[95m576[0m [96mhandleGetGraphData[0m] get_graph_data success
[2026-09-01 06:20:25.524] [info] [[94mControllerAndOtherEventHandler.cpp[0m:[95m239[0m [96moperator()[0m] Accepted new connection
[2026-09-01 06:20:25.524] [info] [[94mHttpSession.cpp[0m:[95m96[0m [96mhandleRequest[0m] Got request: GET /ndt/get_graph_data
[2026-09-01 06:20:25.524] [info] [[94mHttpSession.cpp[0m:[95m531[0m [96mhandleGetGraphData[0m] Handle Get Graph Data
[2026-09-01 06:20:25.542] [info] [[94mHttpSession.cpp[0m:[95m576[0m [96mhandleGetGraphData[0m] get_graph_data success
[2026-09-01 06:20:25.774] [info] [[94mControllerAndOtherEventHandler.cpp[0m:[95m239[0m [96moperator()[0m] Accepted new connection
[2026-09-01 06:20:25.775] [info] [[94mHttpSession.cpp[0m:[95m96[0m [96mhandleRequest[0m] Got request: GET /ndt/get_graph_data
[2026-09-01 06:20:25.775] [info] [[94mHttpSession.cpp[0m:[95m531[0m [96mhandleGetGraphData[0m] Handle Get Graph Data
[2026-09-01 06:20:25.796] [info] [[94mHttpSession.cpp[0m:[95m576[0m [96mhandleGetGraphData[0m] get_graph_data success
[2026-09-01 06:20:26.024] [info] [[94mControllerAndOtherEventHandler.cpp[0m:[95m239[0m [96moperator()[0m] Accepted new connection
[2026-09-01 06:20:26.024] [info] [[94mHttpSession.cpp[0m:[95m96[0m [96mhandleRequest[0m] Got request: GET /ndt/get_graph_data
[2026-09-01 06:20:26.024] [info] [[94mHttpSession.cpp[0m:[95m531[0m [96mhandleGetGraphData[0m] Handle Get Graph Data
[2026-09-01 06:20:26.045] [info] [[94mHttpSession.cpp[0m:[95m576[0m [96mhandleGetGraphData[0m] get_graph_data success
[2026-09-01 06:20:26.275] [info] [[94mControllerAndOtherEventHandler.cpp[0m:[95m239[0m [96moperator()[0m] Accepted new connection
[2026-09-01 06:20:26.275] [info] [[94mHttpSession.cpp[0m:[95m96[0m [96mhandleRequest[0m] Got request: GET /ndt/get_graph_data
[2026-09-01 06:20:26.275] [info] [[94mHttpSession.cpp[0m:[95m531[0m [96mhandleGetGraphData[0m] Handle Get Graph Data
[2026-09-01 06:20:26.295] [info] [[94mHttpSession.cpp[0m:[95m576[0m [96mhandleGetGraphData[0m] get_graph_data success
[2026-09-01 06:20:26.525] [info] [[94mControllerAndOtherEventHandler.cpp[0m:[95m239[0m [96moperator()[0m] Accepted new connection
[2026-09-01 06:20:26.525] [info] [[94mHttpSession.cpp[0m:[95m96[0m [96mhandleRequest[0m] Got request: GET /ndt/get_graph_data
[2026-09-01 06:20:26.525] [info] [[94mHttpSession.cpp[0m:[95m531[0m [96mhandleGetGraphData[0m] Handle Get Graph Data
[2026-09-01 06:20:26.543] [info] [[94mHttpSession.cpp[0m:[95m576[0m [96mhandleGetGraphData[0m] get_graph_data success
[2026-09-01 06:20:26.775] [info] [[94mControllerAndOtherEventHandler.cpp[0m:[95m239[0m [96moperator()[0m] Accepted new connection
[2026-09-01 06:20:26.775] [info] [[94mHttpSession.cpp[0m:[95m96[0m [96mhandleRequest[0m] Got request: GET /ndt/get_graph_data
[2026-09-01 06:20:26.775] [info] [[94mHttpSession.cpp[0m:[95m531[0m [96mhandleGetGraphData[0m] Handle Get Graph Data
[2026-09-01 06:20:26.795] [info] [[94mHttpSession.cpp[0m:[95m576[0m [96mhandleGetGraphData[0m] get_graph_data success
[2026-09-01 06:20:27.024] [info] [[94mControllerAndOtherEventHandler.cpp[0m:[95m239[0m [96moperator()[0m] Accepted new connection
[2026-09-01 06:20:27.024] [info] [[94mHttpSession.cpp[0m:[95m96[0m [96mhandleRequest[0m] Got request: GET /ndt/get_graph_data
[2026-09-01 06:20:27.024] [info] [[94mHttpSession.cpp[0m:[95m531[0m [96mhandleGetGraphData[0m] Handle Get Graph Data
[2026-09-01 06:20:27.042] [info] [[94mHttpSession.cpp[0m:[95m576[0m [96mhandleGetGraphData[0m] get_graph_data success
[2026-09-01 06:20:27.275] [info] [[94mControllerAndOtherEventHandler.cpp[0m:[95m239[0m [96moperator()[0m] Accepted new connection
[2026-09-01 06:20:27.275] [info] [[94mHttpSession.cpp[0m:[95m96[0m [96mhandleRequest[0m] Got request: GET /ndt/get_graph_data
[2026-09-01 06:20:27.275] [info] [[94mHttpSession.cpp[0m:[95m531[0m [96mhandleGetGraphData[0m] Handle Get Graph Data
[2026-09-01 06:20:27.294] [info] [[94mHttpSession.cpp[0m:[95m576[0m [96mhandleGetGraphData[0m] get_graph_data success
[2026-09-01 06:20:27.525] [info] [[94mControllerAndOtherEventHandler.cpp[0m:[95m239[0m [96moperator()[0m] Accepted new connection
[2026-09-01 06:20:27.525] [info] [[94mHttpSession.cpp[0m:[95m96[0m [96mhandleRequest[0m] Got request: GET /ndt/get_graph_data
[2026-09-01 06:20:27.525] [info] [[94mHttpSession.cpp[0m:[95m531[0m [96mhandleGetGraphData[0m] Handle Get Graph Data
[2026-09-01 06:20:27.544] [info] [[94mHttpSession.cpp[0m:[95m576[0m [96mhandleGetGraphData[0m] get_graph_data success
[2026-09-01 06:20:27.775] [info] [[94mControllerAndOtherEventHandler.cpp[0m:[95m239[0m [96moperator()[0m] Accepted new connection
[2026-09-01 06:20:27.775] [info] [[94mHttpSession.cpp[0m:[95m96[0m [96mhandleRequest[0m] Got request: GET /ndt/get_graph_data
[2026-09-01 06:20:27.775] [info] [[94mHttpSession.cpp[0m:[95m531[0m [96mhandleGetGraphData[0m] Handle Get Graph Data
[2026-09-01 06:20:27.793] [info] [[94mHttpSession.cpp[0m:[95m576[0m [96mhandleGetGraphData[0m] get_graph_data success
[2026-09-01 06:20:28.025] [info] [[94mControllerAndOtherEventHandler.cpp[0m:[95m239[0m [96moperator()[0m] Accepted new connection
[2026-09-01 06:20:28.025] [info] [[94mHttpSession.cpp[0m:[95m96[0m [96mhandleRequest[0m] Got request: GET /ndt/get_graph_data
[2026-09-01 06:20:28.025] [info] [[94mHttpSession.cpp[0m:[95m531[0m [96mhandleGetGraphData[0m] Handle Get Graph Data
[2026-09-01 06:20:28.042] [info] [[94mHttpSession.cpp[0m:[95m576[0m [96mhandleGetGraphData[0m] get_graph_data success
[2026-09-01 06:20:28.275] [info] [[94mControllerAndOtherEventHandler.cpp[0m:[95m239[0m [96moperator()[0m] Accepted new connection
[2026-09-01 06:20:28.275] [info] [[94mHttpSession.cpp[0m:[95m96[0m [96mhandleRequest[0m] Got request: GET /ndt/get_graph_data
[2026-09-01 06:20:28.275] [info] [[94mHttpSession.cpp[0m:[95m531[0m [96mhandleGetGraphData[0m] Handle Get Graph Data
[2026-09-01 06:20:28.288] [info] [[94mHttpSession.cpp[0m:[95m576[0m [96mhandleGetGraphData[0m] get_graph_data success
[2026-09-01 06:20:28.525] [info] [[94mControllerAndOtherEventHandler.cpp[0m:[95m239[0m [96moperator()[0m] Accepted new connection
[2026-09-01 06:20:28.525] [info] [[94mHttpSession.cpp[0m:[95m96[0m [96mhandleRequest[0m] Got request: GET /ndt/get_graph_data
[2026-09-01 06:20:28.525] [info] [[94mHttpSession.cpp[0m:[95m531[0m [96mhandleGetGraphData[0m] Handle Get Graph Data
[2026-09-01 06:20:28.544] [info] [[94mHttpSession.cpp[0m:[95m576[0m [96mhandleGetGraphData[0m] get_graph_data success
[2026-09-01 06:20:28.775] [info] [[94mControllerAndOtherEventHandler.cpp[0m:[95m239[0m [96moperator()[0m] Accepted new connection
[2026-09-01 06:20:28.775] [info] [[94mHttpSession.cpp[0m:[95m96[0m [96mhandleRequest[0m] Got request: GET /ndt/get_graph_data
[2026-09-01 06:20:28.776] [info] [[94mHttpSession.cpp[0m:[95m531[0m [96mhandleGetGraphData[0m] Handle Get Graph Data
[2026-09-01 06:20:28.794] [info] [[94mHttpSession.cpp[0m:[95m576[0m [96mhandleGetGraphData[0m] get_graph_data success
[2026-09-01 06:20:29.025] [info] [[94mControllerAndOtherEventHandler.cpp[0m:[95m239[0m [96moperator()[0m] Accepted new connection
[2026-09-01 06:20:29.025] [info] [[94mHttpSession.cpp[0m:[95m96[0m [96mhandleRequest[0m] Got request: GET /ndt/get_graph_data
[2026-09-01 06:20:29.025] [info] [[94mHttpSession.cpp[0m:[95m531[0m [96mhandleGetGraphData[0m] Handle Get Graph Data
[2026-09-01 06:20:29.044] [info] [[94mHttpSession.cpp[0m:[95m576[0m [96mhandleGetGraphData[0m] get_graph_data success
[2026-09-01 06:20:29.275] [info] [[94mControllerAndOtherEventHandler.cpp[0m:[95m239[0m [96moperator()[0m] Accepted new connection
[2026-09-01 06:20:29.276] [info] [[94mHttpSession.cpp[0m:[95m96[0m [96mhandleRequest[0m] Got request: GET /ndt/get_graph_data
[2026-09-01 06:20:29.276] [info] [[94mHttpSession.cpp[0m:[95m531[0m [96mhandleGetGraphData[0m] Handle Get Graph Data
[2026-09-01 06:20:29.293] [info] [[94mHttpSession.cpp[0m:[95m576[0m [96mhandleGetGraphData[0m] get_graph_data success
[2026-09-01 06:20:29.525] [info] [[94mControllerAndOtherEventHandler.cpp[0m:[95m239[0m [96moperator()[0m] Accepted new connection
[2026-09-01 06:20:29.525] [info] [[94mHttpSession.cpp[0m:[95m96[0m [96mhandleRequest[0m] Got request: GET /ndt/get_graph_data
[2026-09-01 06:20:29.525] [info] [[94mHttpSession.cpp[0m:[95m531[0m [96mhandleGetGraphData[0m] Handle Get Graph Data
[2026-09-01 06:20:29.538] [info] [[94mHttpSession.cpp[0m:[95m576[0m [96mhandleGetGraphData[0m] get_graph_data success
[2026-09-01 06:20:29.776] [info] [[94mControllerAndOtherEventHandler.cpp[0m:[95m239[0m [96moperator()[0m] Accepted new connection
[2026-09-01 06:20:29.776] [info] [[94mHttpSession.cpp[0m:[95m96[0m [96mhandleRequest[0m] Got request: GET /ndt/get_graph_data
[2026-09-01 06:20:29.776] [info] [[94mHttpSession.cpp[0m:[95m531[0m [96mhandleGetGraphData[0m] Handle Get Graph Data
[2026-09-01 06:20:29.795] [info] [[94mHttpSession.cpp[0m:[95m576[0m [96mhandleGetGraphData[0m] get_graph_data success
[2026-09-01 06:20:30.025] [info] [[94mControllerAndOtherEventHandler.cpp[0m:[95m239[0m [96moperator()[0m] Accepted new connection
[2026-09-01 06:20:30.025] [info] [[94mHttpSession.cpp[0m:[95m96[0m [96mhandleRequest[0m] Got request: GET /ndt/get_graph_data
[2026-09-01 06:20:30.025] [info] [[94mHttpSession.cpp[0m:[95m531[0m [96mhandleGetGraphData[0m] Handle Get Graph Data
[2026-09-01 06:20:30.044] [info] [[94mHttpSession.cpp[0m:[95m576[0m [96mhandleGetGraphData[0m] get_graph_data success
[2026-09-01 06:20:30.276] [info] [[94mControllerAndOtherEventHandler.cpp[0m:[95m239[0m [96moperator()[0m] Accepted new connection
[2026-09-01 06:20:30.276] [info] [[94mHttpSession.cpp[0m:[95m96[0m [96mhandleRequest[0m] Got request: GET /ndt/get_graph_data
[2026-09-01 06:20:30.276] [info] [[94mHttpSession.cpp[0m:[95m531[0m [96mhandleGetGraphData[0m] Handle Get Graph Data
[2026-09-01 06:20:30.294] [info] [[94mHttpSession.cpp[0m:[95m576[0m [96mhandleGetGraphData[0m] get_graph_data success
[2026-09-01 06:20:30.525] [info] [[94mControllerAndOtherEventHandler.cpp[0m:[95m239[0m [96moperator()[0m] Accepted new connection
[2026-09-01 06:20:30.525] [info] [[94mHttpSession.cpp[0m:[95m96[0m [96mhandleRequest[0m] Got request: GET /ndt/get_graph_data
[2026-09-01 06:20:30.525] [info] [[94mHttpSession.cpp[0m:[95m531[0m [96mhandleGetGraphData[0m] Handle Get Graph Data
[2026-09-01 06:20:30.543] [info] [[94mHttpSession.cpp[0m:[95m576[0m [96mhandleGetGraphData[0m] get_graph_data success
[2026-09-01 06:20:30.775] [info] [[94mControllerAndOtherEventHandler.cpp[0m:[95m239[0m [96moperator()[0m] Accepted new connection
[2026-09-01 06:20:30.775] [info] [[94mHttpSession.cpp[0m:[95m96[0m [96mhandleRequest[0m] Got request: GET /ndt/get_graph_data
[2026-09-01 06:20:30.775] [info] [[94mHttpSession.cpp[0m:[95m531[0m [96mhandleGetGraphData[0m] Handle Get Graph Data
[2026-09-01 06:20:30.789] [info] [[94mHttpSession.cpp[0m:[95m576[0m [96mhandleGetGraphData[0m] get_graph_data success
[2026-09-01 06:20:31.025] [info] [[94mControllerAndOtherEventHandler.cpp[0m:[95m239[0m [96moperator()[0m] Accepted new connection
[2026-09-01 06:20:31.026] [info] [[94mHttpSession.cpp[0m:[95m96[0m [96mhandleRequest[0m] Got request: GET /ndt/get_graph_data
[2026-09-01 06:20:31.026] [info] [[94mHttpSession.cpp[0m:[95m531[0m [96mhandleGetGraphData[0m] Handle Get Graph Data
[2026-09-01 06:20:31.045] [info] [[94mHttpSession.cpp[0m:[95m576[0m [96mhandleGetGraphData[0m] get_graph_data success
[2026-09-01 06:20:31.276] [info] [[94mControllerAndOtherEventHandler.cpp[0m:[95m239[0m [96moperator()[0m] Accepted new connection
[2026-09-01 06:20:31.276] [info] [[94mHttpSession.cpp[0m:[95m96[0m [96mhandleRequest[0m] Got request: GET /ndt/get_graph_data
[2026-09-01 06:20:31.276] [info] [[94mHttpSession.cpp[0m:[95m531[0m [96mhandleGetGraphData[0m] Handle Get Graph Data
[2026-09-01 06:20:31.295] [info] [[94mHttpSession.cpp[0m:[95m576[0m [96mhandleGetGraphData[0m] get_graph_data success
[2026-09-01 06:20:31.526] [info] [[94mControllerAndOtherEventHandler.cpp[0m:[95m239[0m [96moperator()[0m] Accepted new connection
[2026-09-01 06:20:31.526] [info] [[94mHttpSession.cpp[0m:[95m96[0m [96mhandleRequest[0m] Got request: GET /ndt/get_graph_data
[2026-09-01 06:20:31.526] [info] [[94mHttpSession.cpp[0m:[95m531[0m [96mhandleGetGraphData[0m] Handle Get Graph Data
[2026-09-01 06:20:31.546] [info] [[94mHttpSession.cpp[0m:[95m576[0m [96mhandleGetGraphData[0m] get_graph_data success
[2026-09-01 06:20:31.776] [info] [[94mControllerAndOtherEventHandler.cpp[0m:[95m239[0m [96moperator()[0m] Accepted new connection
[2026-09-01 06:20:31.776] [info] [[94mHttpSession.cpp[0m:[95m96[0m [96mhandleRequest[0m] Got request: GET /ndt/get_graph_data
[2026-09-01 06:20:31.776] [info] [[94mHttpSession.cpp[0m:[95m531[0m [96mhandleGetGraphData[0m] Handle Get Graph Data
[2026-09-01 06:20:31.790] [info] [[94mHttpSession.cpp[0m:[95m576[0m [96mhandleGetGraphData[0m] get_graph_data success
[2026-09-01 06:20:32.026] [info] [[94mControllerAndOtherEventHandler.cpp[0m:[95m239[0m [96moperator()[0m] Accepted new connection
[2026-09-01 06:20:32.026] [info] [[94mHttpSession.cpp[0m:[95m96[0m [96mhandleRequest[0m] Got request: GET /ndt/get_graph_data
[2026-09-01 06:20:32.026] [info] [[94mHttpSession.cpp[0m:[95m531[0m [96mhandleGetGraphData[0m] Handle Get Graph Data
[2026-09-01 06:20:32.040] [info] [[94mHttpSession.cpp[0m:[95m576[0m [96mhandleGetGraphData[0m] get_graph_data success
[2026-09-01 06:20:32.276] [info] [[94mControllerAndOtherEventHandler.cpp[0m:[95m239[0m [96moperator()[0m] Accepted new connection
[2026-09-01 06:20:32.277] [info] [[94mHttpSession.cpp[0m:[95m96[0m [96mhandleRequest[0m] Got request: GET /ndt/get_graph_data
[2026-09-01 06:20:32.277] [info] [[94mHttpSession.cpp[0m:[95m531[0m [96mhandleGetGraphData[0m] Handle Get Graph Data
[2026-09-01 06:20:32.296] [info] [[94mHttpSession.cpp[0m:[95m576[0m [96mhandleGetGraphData[0m] get_graph_data success
[2026-09-01 06:20:32.526] [info] [[94mControllerAndOtherEventHandler.cpp[0m:[95m239[0m [96moperator()[0m] Accepted new connection
[2026-09-01 06:20:32.527] [info] [[94mHttpSession.cpp[0m:[95m96[0m [96mhandleRequest[0m] Got request: GET /ndt/get_graph_data
[2026-09-01 06:20:32.527] [info] [[94mHttpSession.cpp[0m:[95m531[0m [96mhandleGetGraphData[0m] Handle Get Graph Data
[2026-09-01 06:20:32.545] [info] [[94mHttpSession.cpp[0m:[95m576[0m [96mhandleGetGraphData[0m] get_graph_data success
[2026-09-01 06:20:32.777] [info] [[94mControllerAndOtherEventHandler.cpp[0m:[95m239[0m [96moperator()[0m] Accepted new connection
[2026-09-01 06:20:32.777] [info] [[94mHttpSession.cpp[0m:[95m96[0m [96mhandleRequest[0m] Got request: GET /ndt/get_graph_data
[2026-09-01 06:20:32.777] [info] [[94mHttpSession.cpp[0m:[95m531[0m [96mhandleGetGraphData[0m] Handle Get Graph Data
[2026-09-01 06:20:32.792] [info] [[94mHttpSession.cpp[0m:[95m576[0m [96mhandleGetGraphData[0m] get_graph_data success
[2026-09-01 06:20:33.026] [info] [[94mControllerAndOtherEventHandler.cpp[0m:[95m239[0m [96moperator()[0m] Accepted new connection
[2026-09-01 06:20:33.026] [info] [[94mHttpSession.cpp[0m:[95m96[0m [96mhandleRequest[0m] Got request: GET /ndt/get_graph_data
[2026-09-01 06:20:33.026] [info] [[94mHttpSession.cpp[0m:[95m531[0m [96mhandleGetGraphData[0m] Handle Get Graph Data
[2026-09-01 06:20:33.045] [info] [[94mHttpSession.cpp[0m:[95m576[0m [96mhandleGetGraphData[0m] get_graph_data success
[2026-09-01 06:20:33.277] [info] [[94mControllerAndOtherEventHandler.cpp[0m:[95m239[0m [96moperator()[0m] Accepted new connection
[2026-09-01 06:20:33.277] [info] [[94mHttpSession.cpp[0m:[95m96[0m [96mhandleRequest[0m] Got request: GET /ndt/get_graph_data
[2026-09-01 06:20:33.277] [info] [[94mHttpSession.cpp[0m:[95m531[0m [96mhandleGetGraphData[0m] Handle Get Graph Data
[2026-09-01 06:20:33.296] [info] [[94mHttpSession.cpp[0m:[95m576[0m [96mhandleGetGraphData[0m] get_graph_data success
[2026-09-01 06:20:33.526] [info] [[94mControllerAndOtherEventHandler.cpp[0m:[95m239[0m [96moperator()[0m] Accepted new connection
[2026-09-01 06:20:33.527] [info] [[94mHttpSession.cpp[0m:[95m96[0m [96mhandleRequest[0m] Got request: GET /ndt/get_graph_data
[2026-09-01 06:20:33.527] [info] [[94mHttpSession.cpp[0m:[95m531[0m [96mhandleGetGraphData[0m] Handle Get Graph Data
[2026-09-01 06:20:33.546] [info] [[94mHttpSession.cpp[0m:[95m576[0m [96mhandleGetGraphData[0m] get_graph_data success
[2026-09-01 06:20:33.776] [info] [[94mControllerAndOtherEventHandler.cpp[0m:[95m239[0m [96moperator()[0m] Accepted new connection
[2026-09-01 06:20:33.776] [info] [[94mHttpSession.cpp[0m:[95m96[0m [96mhandleRequest[0m] Got request: GET /ndt/get_graph_data
[2026-09-01 06:20:33.776] [info] [[94mHttpSession.cpp[0m:[95m531[0m [96mhandleGetGraphData[0m] Handle Get Graph Data
[2026-09-01 06:20:33.791] [info] [[94mHttpSession.cpp[0m:[95m576[0m [96mhandleGetGraphData[0m] get_graph_data success
[2026-09-01 06:20:34.026] [info] [[94mControllerAndOtherEventHandler.cpp[0m:[95m239[0m [96moperator()[0m] Accepted new connection
[2026-09-01 06:20:34.026] [info] [[94mHttpSession.cpp[0m:[95m96[0m [96mhandleRequest[0m] Got request: GET /ndt/get_graph_data
[2026-09-01 06:20:34.026] [info] [[94mHttpSession.cpp[0m:[95m531[0m [96mhandleGetGraphData[0m] Handle Get Graph Data
[2026-09-01 06:20:34.044] [info] [[94mHttpSession.cpp[0m:[95m576[0m [96mhandleGetGraphData[0m] get_graph_data success
[2026-09-01 06:20:34.276] [info] [[94mControllerAndOtherEventHandler.cpp[0m:[95m239[0m [96moperator()[0m] Accepted new connection
[2026-09-01 06:20:34.277] [info] [[94mHttpSession.cpp[0m:[95m96[0m [96mhandleRequest[0m] Got request: GET /ndt/get_graph_data
[2026-09-01 06:20:34.277] [info] [[94mHttpSession.cpp[0m:[95m531[0m [96mhandleGetGraphData[0m] Handle Get Graph Data
[2026-09-01 06:20:34.294] [info] [[94mHttpSession.cpp[0m:[95m576[0m [96mhandleGetGraphData[0m] get_graph_data success
[2026-09-01 06:20:34.527] [info] [[94mControllerAndOtherEventHandler.cpp[0m:[95m239[0m [96moperator()[0m] Accepted new connection
[2026-09-01 06:20:34.527] [info] [[94mHttpSession.cpp[0m:[95m96[0m [96mhandleRequest[0m] Got request: GET /ndt/get_graph_data
[2026-09-01 06:20:34.527] [info] [[94mHttpSession.cpp[0m:[95m531[0m [96mhandleGetGraphData[0m] Handle Get Graph Data
[2026-09-01 06:20:34.547] [info] [[94mHttpSession.cpp[0m:[95m576[0m [96mhandleGetGraphData[0m] get_graph_data success
[2026-09-01 06:20:34.679] [info] [[94mFlowLinkUsageCollector.cpp[0m:[95m1807[0m [96mcalAvgFlowSendingRatesPeriodically[0m] rate loop period: last 30 iters mean 1001.0 ms | since start (299 iters) mean 1000.8 ms, min 1000.1, max 1003.0 (flows=1, counters=5) -- the LAST-N figure is the current denominator; the since-start one lags it
[2026-09-01 06:20:34.680] [info] [[94mFlowLinkUsageCollector.cpp[0m:[95m2016[0m [96mcalAvgFlowSendingRatesPeriodically[0m] rate divisor check: measured_interval_s=1.001086 divisor_used_s=1.001086 (ticket Q gate: these must agree to 1%; a negative divisor means no rate has been published yet, which is not a pass)
[2026-09-01 06:20:34.777] [info] [[94mControllerAndOtherEventHandler.cpp[0m:[95m239[0m [96moperator()[0m] Accepted new connection
[2026-09-01 06:20:34.777] [info] [[94mHttpSession.cpp[0m:[95m96[0m [96mhandleRequest[0m] Got request: GET /ndt/get_graph_data
[2026-09-01 06:20:34.777] [info] [[94mHttpSession.cpp[0m:[95m531[0m [96mhandleGetGraphData[0m] Handle Get Graph Data
[2026-09-01 06:20:34.795] [info] [[94mHttpSession.cpp[0m:[95m576[0m [96mhandleGetGraphData[0m] get_graph_data success
[2026-09-01 06:20:35.027] [info] [[94mControllerAndOtherEventHandler.cpp[0m:[95m239[0m [96moperator()[0m] Accepted new connection
[2026-09-01 06:20:35.027] [info] [[94mHttpSession.cpp[0m:[95m96[0m [96mhandleRequest[0m] Got request: GET /ndt/get_graph_data
[2026-09-01 06:20:35.027] [info] [[94mHttpSession.cpp[0m:[95m531[0m [96mhandleGetGraphData[0m] Handle Get Graph Data
[2026-09-01 06:20:35.045] [info] [[94mHttpSession.cpp[0m:[95m576[0m [96mhandleGetGraphData[0m] get_graph_data success
[2026-09-01 06:20:35.277] [info] [[94mControllerAndOtherEventHandler.cpp[0m:[95m239[0m [96moperator()[0m] Accepted new connection
[2026-09-01 06:20:35.278] [info] [[94mHttpSession.cpp[0m:[95m96[0m [96mhandleRequest[0m] Got request: GET /ndt/get_graph_data
[2026-09-01 06:20:35.278] [info] [[94mHttpSession.cpp[0m:[95m531[0m [96mhandleGetGraphData[0m] Handle Get Graph Data
[2026-09-01 06:20:35.295] [info] [[94mHttpSession.cpp[0m:[95m576[0m [96mhandleGetGraphData[0m] get_graph_data success
[2026-09-01 06:20:35.527] [info] [[94mControllerAndOtherEventHandler.cpp[0m:[95m239[0m [96moperator()[0m] Accepted new connection
[2026-09-01 06:20:35.527] [info] [[94mHttpSession.cpp[0m:[95m96[0m [96mhandleRequest[0m] Got request: GET /ndt/get_graph_data
[2026-09-01 06:20:35.527] [info] [[94mHttpSession.cpp[0m:[95m531[0m [96mhandleGetGraphData[0m] Handle Get Graph Data
[2026-09-01 06:20:35.545] [info] [[94mHttpSession.cpp[0m:[95m576[0m [96mhandleGetGraphData[0m] get_graph_data success
[2026-09-01 06:20:35.778] [info] [[94mControllerAndOtherEventHandler.cpp[0m:[95m239[0m [96moperator()[0m] Accepted new connection
[2026-09-01 06:20:35.778] [info] [[94mHttpSession.cpp[0m:[95m96[0m [96mhandleRequest[0m] Got request: GET /ndt/get_graph_data
[2026-09-01 06:20:35.778] [info] [[94mHttpSession.cpp[0m:[95m531[0m [96mhandleGetGraphData[0m] Handle Get Graph Data
[2026-09-01 06:20:35.797] [info] [[94mHttpSession.cpp[0m:[95m576[0m [96mhandleGetGraphData[0m] get_graph_data success
[2026-09-01 06:20:36.027] [info] [[94mControllerAndOtherEventHandler.cpp[0m:[95m239[0m [96moperator()[0m] Accepted new connection
[2026-09-01 06:20:36.027] [info] [[94mHttpSession.cpp[0m:[95m96[0m [96mhandleRequest[0m] Got request: GET /ndt/get_graph_data
[2026-09-01 06:20:36.027] [info] [[94mHttpSession.cpp[0m:[95m531[0m [96mhandleGetGraphData[0m] Handle Get Graph Data
[2026-09-01 06:20:36.046] [info] [[94mHttpSession.cpp[0m:[95m576[0m [96mhandleGetGraphData[0m] get_graph_data success
[2026-09-01 06:20:36.277] [info] [[94mControllerAndOtherEventHandler.cpp[0m:[95m239[0m [96moperator()[0m] Accepted new connection
[2026-09-01 06:20:36.277] [info] [[94mHttpSession.cpp[0m:[95m96[0m [96mhandleRequest[0m] Got request: GET /ndt/get_graph_data
[2026-09-01 06:20:36.277] [info] [[94mHttpSession.cpp[0m:[95m531[0m [96mhandleGetGraphData[0m] Handle Get Graph Data
[2026-09-01 06:20:36.297] [info] [[94mHttpSession.cpp[0m:[95m576[0m [96mhandleGetGraphData[0m] get_graph_data success
[2026-09-01 06:20:36.528] [info] [[94mControllerAndOtherEventHandler.cpp[0m:[95m239[0m [96moperator()[0m] Accepted new connection
[2026-09-01 06:20:36.528] [info] [[94mHttpSession.cpp[0m:[95m96[0m [96mhandleRequest[0m] Got request: GET /ndt/get_graph_data
[2026-09-01 06:20:36.528] [info] [[94mHttpSession.cpp[0m:[95m531[0m [96mhandleGetGraphData[0m] Handle Get Graph Data
[2026-09-01 06:20:36.549] [info] [[94mHttpSession.cpp[0m:[95m576[0m [96mhandleGetGraphData[0m] get_graph_data success
[2026-09-01 06:20:36.778] [info] [[94mControllerAndOtherEventHandler.cpp[0m:[95m239[0m [96moperator()[0m] Accepted new connection
[2026-09-01 06:20:36.778] [info] [[94mHttpSession.cpp[0m:[95m96[0m [96mhandleRequest[0m] Got request: GET /ndt/get_graph_data
[2026-09-01 06:20:36.778] [info] [[94mHttpSession.cpp[0m:[95m531[0m [96mhandleGetGraphData[0m] Handle Get Graph Data
[2026-09-01 06:20:36.792] [info] [[94mHttpSession.cpp[0m:[95m576[0m [96mhandleGetGraphData[0m] get_graph_data success
[2026-09-01 06:20:37.027] [info] [[94mControllerAndOtherEventHandler.cpp[0m:[95m239[0m [96moperator()[0m] Accepted new connection
[2026-09-01 06:20:37.028] [info] [[94mHttpSession.cpp[0m:[95m96[0m [96mhandleRequest[0m] Got request: GET /ndt/get_graph_data
[2026-09-01 06:20:37.028] [info] [[94mHttpSession.cpp[0m:[95m531[0m [96mhandleGetGraphData[0m] Handle Get Graph Data
[2026-09-01 06:20:37.042] [info] [[94mHttpSession.cpp[0m:[95m576[0m [96mhandleGetGraphData[0m] get_graph_data success
[2026-09-01 06:20:37.278] [info] [[94mControllerAndOtherEventHandler.cpp[0m:[95m239[0m [96moperator()[0m] Accepted new connection
[2026-09-01 06:20:37.278] [info] [[94mHttpSession.cpp[0m:[95m96[0m [96mhandleRequest[0m] Got request: GET /ndt/get_graph_data
[2026-09-01 06:20:37.278] [info] [[94mHttpSession.cpp[0m:[95m531[0m [96mhandleGetGraphData[0m] Handle Get Graph Data
[2026-09-01 06:20:37.292] [info] [[94mHttpSession.cpp[0m:[95m576[0m [96mhandleGetGraphData[0m] get_graph_data success
[2026-09-01 06:20:37.528] [info] [[94mControllerAndOtherEventHandler.cpp[0m:[95m239[0m [96moperator()[0m] Accepted new connection
[2026-09-01 06:20:37.528] [info] [[94mHttpSession.cpp[0m:[95m96[0m [96mhandleRequest[0m] Got request: GET /ndt/get_graph_data
[2026-09-01 06:20:37.528] [info] [[94mHttpSession.cpp[0m:[95m531[0m [96mhandleGetGraphData[0m] Handle Get Graph Data
[2026-09-01 06:20:37.541] [info] [[94mHttpSession.cpp[0m:[95m576[0m [96mhandleGetGraphData[0m] get_graph_data success
[2026-09-01 06:20:37.777] [info] [[94mControllerAndOtherEventHandler.cpp[0m:[95m239[0m [96moperator()[0m] Accepted new connection
[2026-09-01 06:20:37.778] [info] [[94mHttpSession.cpp[0m:[95m96[0m [96mhandleRequest[0m] Got request: GET /ndt/get_graph_data
[2026-09-01 06:20:37.778] [info] [[94mHttpSession.cpp[0m:[95m531[0m [96mhandleGetGraphData[0m] Handle Get Graph Data
[2026-09-01 06:20:37.796] [info] [[94mHttpSession.cpp[0m:[95m576[0m [96mhandleGetGraphData[0m] get_graph_data success
[2026-09-01 06:20:38.027] [info] [[94mControllerAndOtherEventHandler.cpp[0m:[95m239[0m [96moperator()[0m] Accepted new connection
[2026-09-01 06:20:38.027] [info] [[94mHttpSession.cpp[0m:[95m96[0m [96mhandleRequest[0m] Got request: GET /ndt/get_graph_data
[2026-09-01 06:20:38.028] [info] [[94mHttpSession.cpp[0m:[95m531[0m [96mhandleGetGraphData[0m] Handle Get Graph Data
[2026-09-01 06:20:38.041] [info] [[94mHttpSession.cpp[0m:[95m576[0m [96mhandleGetGraphData[0m] get_graph_data success
[2026-09-01 06:20:38.278] [info] [[94mControllerAndOtherEventHandler.cpp[0m:[95m239[0m [96moperator()[0m] Accepted new connection
[2026-09-01 06:20:38.278] [info] [[94mHttpSession.cpp[0m:[95m96[0m [96mhandleRequest[0m] Got request: GET /ndt/get_graph_data
[2026-09-01 06:20:38.278] [info] [[94mHttpSession.cpp[0m:[95m531[0m [96mhandleGetGraphData[0m] Handle Get Graph Data
[2026-09-01 06:20:38.293] [info] [[94mHttpSession.cpp[0m:[95m576[0m [96mhandleGetGraphData[0m] get_graph_data success
[2026-09-01 06:20:38.528] [info] [[94mControllerAndOtherEventHandler.cpp[0m:[95m239[0m [96moperator()[0m] Accepted new connection
[2026-09-01 06:20:38.528] [info] [[94mHttpSession.cpp[0m:[95m96[0m [96mhandleRequest[0m] Got request: GET /ndt/get_graph_data
[2026-09-01 06:20:38.528] [info] [[94mHttpSession.cpp[0m:[95m531[0m [96mhandleGetGraphData[0m] Handle Get Graph Data
[2026-09-01 06:20:38.547] [info] [[94mHttpSession.cpp[0m:[95m576[0m [96mhandleGetGraphData[0m] get_graph_data success
[2026-09-01 06:20:38.778] [info] [[94mControllerAndOtherEventHandler.cpp[0m:[95m239[0m [96moperator()[0m] Accepted new connection
[2026-09-01 06:20:38.779] [info] [[94mHttpSession.cpp[0m:[95m96[0m [96mhandleRequest[0m] Got request: GET /ndt/get_graph_data
[2026-09-01 06:20:38.779] [info] [[94mHttpSession.cpp[0m:[95m531[0m [96mhandleGetGraphData[0m] Handle Get Graph Data
[2026-09-01 06:20:38.798] [info] [[94mHttpSession.cpp[0m:[95m576[0m [96mhandleGetGraphData[0m] get_graph_data success
[2026-09-01 06:20:39.029] [info] [[94mControllerAndOtherEventHandler.cpp[0m:[95m239[0m [96moperator()[0m] Accepted new connection
[2026-09-01 06:20:39.029] [info] [[94mHttpSession.cpp[0m:[95m96[0m [96mhandleRequest[0m] Got request: GET /ndt/get_graph_data
[2026-09-01 06:20:39.029] [info] [[94mHttpSession.cpp[0m:[95m531[0m [96mhandleGetGraphData[0m] Handle Get Graph Data
[2026-09-01 06:20:39.048] [info] [[94mHttpSession.cpp[0m:[95m576[0m [96mhandleGetGraphData[0m] get_graph_data success
[2026-09-01 06:20:39.279] [info] [[94mControllerAndOtherEventHandler.cpp[0m:[95m239[0m [96moperator()[0m] Accepted new connection
[2026-09-01 06:20:39.279] [info] [[94mHttpSession.cpp[0m:[95m96[0m [96mhandleRequest[0m] Got request: GET /ndt/get_graph_data
[2026-09-01 06:20:39.279] [info] [[94mHttpSession.cpp[0m:[95m531[0m [96mhandleGetGraphData[0m] Handle Get Graph Data
[2026-09-01 06:20:39.297] [info] [[94mHttpSession.cpp[0m:[95m576[0m [96mhandleGetGraphData[0m] get_graph_data success
[2026-09-01 06:20:39.528] [info] [[94mControllerAndOtherEventHandler.cpp[0m:[95m239[0m [96moperator()[0m] Accepted new connection
[2026-09-01 06:20:39.529] [info] [[94mHttpSession.cpp[0m:[95m96[0m [96mhandleRequest[0m] Got request: GET /ndt/get_graph_data
[2026-09-01 06:20:39.529] [info] [[94mHttpSession.cpp[0m:[95m531[0m [96mhandleGetGraphData[0m] Handle Get Graph Data
[2026-09-01 06:20:39.543] [info] [[94mHttpSession.cpp[0m:[95m576[0m [96mhandleGetGraphData[0m] get_graph_data success
[2026-09-01 06:20:39.778] [info] [[94mControllerAndOtherEventHandler.cpp[0m:[95m239[0m [96moperator()[0m] Accepted new connection
[2026-09-01 06:20:39.778] [info] [[94mHttpSession.cpp[0m:[95m96[0m [96mhandleRequest[0m] Got request: GET /ndt/get_graph_data
[2026-09-01 06:20:39.778] [info] [[94mHttpSession.cpp[0m:[95m531[0m [96mhandleGetGraphData[0m] Handle Get Graph Data
[2026-09-01 06:20:39.797] [info] [[94mHttpSession.cpp[0m:[95m576[0m [96mhandleGetGraphData[0m] get_graph_data success
[2026-09-01 06:20:40.028] [info] [[94mControllerAndOtherEventHandler.cpp[0m:[95m239[0m [96moperator()[0m] Accepted new connection
[2026-09-01 06:20:40.028] [info] [[94mHttpSession.cpp[0m:[95m96[0m [96mhandleRequest[0m] Got request: GET /ndt/get_graph_data
[2026-09-01 06:20:40.028] [info] [[94mHttpSession.cpp[0m:[95m531[0m [96mhandleGetGraphData[0m] Handle Get Graph Data
[2026-09-01 06:20:40.046] [info] [[94mHttpSession.cpp[0m:[95m576[0m [96mhandleGetGraphData[0m] get_graph_data success
[2026-09-01 06:20:40.278] [info] [[94mControllerAndOtherEventHandler.cpp[0m:[95m239[0m [96moperator()[0m] Accepted new connection
[2026-09-01 06:20:40.279] [info] [[94mHttpSession.cpp[0m:[95m96[0m [96mhandleRequest[0m] Got request: GET /ndt/get_graph_data
[2026-09-01 06:20:40.279] [info] [[94mHttpSession.cpp[0m:[95m531[0m [96mhandleGetGraphData[0m] Handle Get Graph Data
[2026-09-01 06:20:40.297] [info] [[94mHttpSession.cpp[0m:[95m576[0m [96mhandleGetGraphData[0m] get_graph_data success
[2026-09-01 06:20:40.529] [info] [[94mControllerAndOtherEventHandler.cpp[0m:[95m239[0m [96moperator()[0m] Accepted new connection
[2026-09-01 06:20:40.529] [info] [[94mHttpSession.cpp[0m:[95m96[0m [96mhandleRequest[0m] Got request: GET /ndt/get_graph_data
[2026-09-01 06:20:40.529] [info] [[94mHttpSession.cpp[0m:[95m531[0m [96mhandleGetGraphData[0m] Handle Get Graph Data
[2026-09-01 06:20:40.548] [info] [[94mHttpSession.cpp[0m:[95m576[0m [96mhandleGetGraphData[0m] get_graph_data success
[2026-09-01 06:20:40.779] [info] [[94mControllerAndOtherEventHandler.cpp[0m:[95m239[0m [96moperator()[0m] Accepted new connection
[2026-09-01 06:20:40.779] [info] [[94mHttpSession.cpp[0m:[95m96[0m [96mhandleRequest[0m] Got request: GET /ndt/get_graph_data
[2026-09-01 06:20:40.779] [info] [[94mHttpSession.cpp[0m:[95m531[0m [96mhandleGetGraphData[0m] Handle Get Graph Data
[2026-09-01 06:20:40.795] [info] [[94mHttpSession.cpp[0m:[95m576[0m [96mhandleGetGraphData[0m] get_graph_data success
[2026-09-01 06:20:41.028] [info] [[94mControllerAndOtherEventHandler.cpp[0m:[95m239[0m [96moperator()[0m] Accepted new connection
[2026-09-01 06:20:41.028] [info] [[94mHttpSession.cpp[0m:[95m96[0m [96mhandleRequest[0m] Got request: GET /ndt/get_graph_data
[2026-09-01 06:20:41.028] [info] [[94mHttpSession.cpp[0m:[95m531[0m [96mhandleGetGraphData[0m] Handle Get Graph Data
[2026-09-01 06:20:41.045] [info] [[94mHttpSession.cpp[0m:[95m576[0m [96mhandleGetGraphData[0m] get_graph_data success
[2026-09-01 06:20:41.279] [info] [[94mControllerAndOtherEventHandler.cpp[0m:[95m239[0m [96moperator()[0m] Accepted new connection
[2026-09-01 06:20:41.279] [info] [[94mHttpSession.cpp[0m:[95m96[0m [96mhandleRequest[0m] Got request: GET /ndt/get_graph_data
[2026-09-01 06:20:41.279] [info] [[94mHttpSession.cpp[0m:[95m531[0m [96mhandleGetGraphData[0m] Handle Get Graph Data
[2026-09-01 06:20:41.298] [info] [[94mHttpSession.cpp[0m:[95m576[0m [96mhandleGetGraphData[0m] get_graph_data success
[2026-09-01 06:20:41.529] [info] [[94mControllerAndOtherEventHandler.cpp[0m:[95m239[0m [96moperator()[0m] Accepted new connection
[2026-09-01 06:20:41.529] [info] [[94mHttpSession.cpp[0m:[95m96[0m [96mhandleRequest[0m] Got request: GET /ndt/get_graph_data
[2026-09-01 06:20:41.529] [info] [[94mHttpSession.cpp[0m:[95m531[0m [96mhandleGetGraphData[0m] Handle Get Graph Data
[2026-09-01 06:20:41.546] [info] [[94mHttpSession.cpp[0m:[95m576[0m [96mhandleGetGraphData[0m] get_graph_data success
[2026-09-01 06:20:41.779] [info] [[94mControllerAndOtherEventHandler.cpp[0m:[95m239[0m [96moperator()[0m] Accepted new connection
[2026-09-01 06:20:41.779] [info] [[94mHttpSession.cpp[0m:[95m96[0m [96mhandleRequest[0m] Got request: GET /ndt/get_graph_data
[2026-09-01 06:20:41.779] [info] [[94mHttpSession.cpp[0m:[95m531[0m [96mhandleGetGraphData[0m] Handle Get Graph Data
[2026-09-01 06:20:41.795] [info] [[94mHttpSession.cpp[0m:[95m576[0m [96mhandleGetGraphData[0m] get_graph_data success
[2026-09-01 06:20:42.029] [info] [[94mControllerAndOtherEventHandler.cpp[0m:[95m239[0m [96moperator()[0m] Accepted new connection
[2026-09-01 06:20:42.029] [info] [[94mHttpSession.cpp[0m:[95m96[0m [96mhandleRequest[0m] Got request: GET /ndt/get_graph_data
[2026-09-01 06:20:42.029] [info] [[94mHttpSession.cpp[0m:[95m531[0m [96mhandleGetGraphData[0m] Handle Get Graph Data
[2026-09-01 06:20:42.043] [info] [[94mHttpSession.cpp[0m:[95m576[0m [96mhandleGetGraphData[0m] get_graph_data success
[2026-09-01 06:20:42.280] [info] [[94mControllerAndOtherEventHandler.cpp[0m:[95m239[0m [96moperator()[0m] Accepted new connection
[2026-09-01 06:20:42.280] [info] [[94mHttpSession.cpp[0m:[95m96[0m [96mhandleRequest[0m] Got request: GET /ndt/get_graph_data
[2026-09-01 06:20:42.280] [info] [[94mHttpSession.cpp[0m:[95m531[0m [96mhandleGetGraphData[0m] Handle Get Graph Data
[2026-09-01 06:20:42.297] [info] [[94mHttpSession.cpp[0m:[95m576[0m [96mhandleGetGraphData[0m] get_graph_data success
[2026-09-01 06:20:42.530] [info] [[94mControllerAndOtherEventHandler.cpp[0m:[95m239[0m [96moperator()[0m] Accepted new connection
[2026-09-01 06:20:42.530] [info] [[94mHttpSession.cpp[0m:[95m96[0m [96mhandleRequest[0m] Got request: GET /ndt/get_graph_data
[2026-09-01 06:20:42.530] [info] [[94mHttpSession.cpp[0m:[95m531[0m [96mhandleGetGraphData[0m] Handle Get Graph Data
[2026-09-01 06:20:42.548] [info] [[94mHttpSession.cpp[0m:[95m576[0m [96mhandleGetGraphData[0m] get_graph_data success
[2026-09-01 06:20:42.779] [info] [[94mControllerAndOtherEventHandler.cpp[0m:[95m239[0m [96moperator()[0m] Accepted new connection
[2026-09-01 06:20:42.779] [info] [[94mHttpSession.cpp[0m:[95m96[0m [96mhandleRequest[0m] Got request: GET /ndt/get_graph_data
[2026-09-01 06:20:42.779] [info] [[94mHttpSession.cpp[0m:[95m531[0m [96mhandleGetGraphData[0m] Handle Get Graph Data
[2026-09-01 06:20:42.798] [info] [[94mHttpSession.cpp[0m:[95m576[0m [96mhandleGetGraphData[0m] get_graph_data success
[2026-09-01 06:20:43.029] [info] [[94mControllerAndOtherEventHandler.cpp[0m:[95m239[0m [96moperator()[0m] Accepted new connection
[2026-09-01 06:20:43.029] [info] [[94mHttpSession.cpp[0m:[95m96[0m [96mhandleRequest[0m] Got request: GET /ndt/get_graph_data
[2026-09-01 06:20:43.029] [info] [[94mHttpSession.cpp[0m:[95m531[0m [96mhandleGetGraphData[0m] Handle Get Graph Data
[2026-09-01 06:20:43.048] [info] [[94mHttpSession.cpp[0m:[95m576[0m [96mhandleGetGraphData[0m] get_graph_data success
[2026-09-01 06:20:43.280] [info] [[94mControllerAndOtherEventHandler.cpp[0m:[95m239[0m [96moperator()[0m] Accepted new connection
[2026-09-01 06:20:43.280] [info] [[94mHttpSession.cpp[0m:[95m96[0m [96mhandleRequest[0m] Got request: GET /ndt/get_graph_data
[2026-09-01 06:20:43.280] [info] [[94mHttpSession.cpp[0m:[95m531[0m [96mhandleGetGraphData[0m] Handle Get Graph Data
[2026-09-01 06:20:43.299] [info] [[94mHttpSession.cpp[0m:[95m576[0m [96mhandleGetGraphData[0m] get_graph_data success
[2026-09-01 06:20:43.530] [info] [[94mControllerAndOtherEventHandler.cpp[0m:[95m239[0m [96moperator()[0m] Accepted new connection
[2026-09-01 06:20:43.530] [info] [[94mHttpSession.cpp[0m:[95m96[0m [96mhandleRequest[0m] Got request: GET /ndt/get_graph_data
[2026-09-01 06:20:43.530] [info] [[94mHttpSession.cpp[0m:[95m531[0m [96mhandleGetGraphData[0m] Handle Get Graph Data
[2026-09-01 06:20:43.549] [info] [[94mHttpSession.cpp[0m:[95m576[0m [96mhandleGetGraphData[0m] get_graph_data success
[2026-09-01 06:20:43.780] [info] [[94mControllerAndOtherEventHandler.cpp[0m:[95m239[0m [96moperator()[0m] Accepted new connection
[2026-09-01 06:20:43.780] [info] [[94mHttpSession.cpp[0m:[95m96[0m [96mhandleRequest[0m] Got request: GET /ndt/get_graph_data
[2026-09-01 06:20:43.780] [info] [[94mHttpSession.cpp[0m:[95m531[0m [96mhandleGetGraphData[0m] Handle Get Graph Data
[2026-09-01 06:20:43.800] [info] [[94mHttpSession.cpp[0m:[95m576[0m [96mhandleGetGraphData[0m] get_graph_data success
[2026-09-01 06:20:43.898] [info] [[94mFlowLinkUsageCollector.cpp[0m:[95m2558[0m [96mfetchAllDestinationPaths[0m] Pulled 16256 paths from controller
[2026-09-01 06:20:44.030] [info] [[94mControllerAndOtherEventHandler.cpp[0m:[95m239[0m [96moperator()[0m] Accepted new connection
[2026-09-01 06:20:44.030] [info] [[94mHttpSession.cpp[0m:[95m96[0m [96mhandleRequest[0m] Got request: GET /ndt/get_graph_data
[2026-09-01 06:20:44.030] [info] [[94mHttpSession.cpp[0m:[95m531[0m [96mhandleGetGraphData[0m] Handle Get Graph Data
[2026-09-01 06:20:44.051] [info] [[94mHttpSession.cpp[0m:[95m576[0m [96mhandleGetGraphData[0m] get_graph_data success
[2026-09-01 06:20:44.280] [info] [[94mControllerAndOtherEventHandler.cpp[0m:[95m239[0m [96moperator()[0m] Accepted new connection
[2026-09-01 06:20:44.280] [info] [[94mHttpSession.cpp[0m:[95m96[0m [96mhandleRequest[0m] Got request: GET /ndt/get_graph_data
[2026-09-01 06:20:44.281] [info] [[94mHttpSession.cpp[0m:[95m531[0m [96mhandleGetGraphData[0m] Handle Get Graph Data
[2026-09-01 06:20:44.296] [info] [[94mHttpSession.cpp[0m:[95m576[0m [96mhandleGetGraphData[0m] get_graph_data success
[2026-09-01 06:20:44.530] [info] [[94mControllerAndOtherEventHandler.cpp[0m:[95m239[0m [96moperator()[0m] Accepted new connection
[2026-09-01 06:20:44.531] [info] [[94mHttpSession.cpp[0m:[95m96[0m [96mhandleRequest[0m] Got request: GET /ndt/get_graph_data
[2026-09-01 06:20:44.531] [info] [[94mHttpSession.cpp[0m:[95m531[0m [96mhandleGetGraphData[0m] Handle Get Graph Data
[2026-09-01 06:20:44.549] [info] [[94mHttpSession.cpp[0m:[95m576[0m [96mhandleGetGraphData[0m] get_graph_data success
[2026-09-01 06:20:44.780] [info] [[94mControllerAndOtherEventHandler.cpp[0m:[95m239[0m [96moperator()[0m] Accepted new connection
[2026-09-01 06:20:44.781] [info] [[94mHttpSession.cpp[0m:[95m96[0m [96mhandleRequest[0m] Got request: GET /ndt/get_graph_data
[2026-09-01 06:20:44.781] [info] [[94mHttpSession.cpp[0m:[95m531[0m [96mhandleGetGraphData[0m] Handle Get Graph Data
[2026-09-01 06:20:44.800] [info] [[94mHttpSession.cpp[0m:[95m576[0m [96mhandleGetGraphData[0m] get_graph_data success
[2026-09-01 06:20:45.031] [info] [[94mControllerAndOtherEventHandler.cpp[0m:[95m239[0m [96moperator()[0m] Accepted new connection
[2026-09-01 06:20:45.031] [info] [[94mHttpSession.cpp[0m:[95m96[0m [96mhandleRequest[0m] Got request: GET /ndt/get_graph_data
[2026-09-01 06:20:45.031] [info] [[94mHttpSession.cpp[0m:[95m531[0m [96mhandleGetGraphData[0m] Handle Get Graph Data
[2026-09-01 06:20:45.048] [info] [[94mHttpSession.cpp[0m:[95m576[0m [96mhandleGetGraphData[0m] get_graph_data success
[2026-09-01 06:20:45.280] [info] [[94mControllerAndOtherEventHandler.cpp[0m:[95m239[0m [96moperator()[0m] Accepted new connection
[2026-09-01 06:20:45.281] [info] [[94mHttpSession.cpp[0m:[95m96[0m [96mhandleRequest[0m] Got request: GET /ndt/get_graph_data
[2026-09-01 06:20:45.281] [info] [[94mHttpSession.cpp[0m:[95m531[0m [96mhandleGetGraphData[0m] Handle Get Graph Data
[2026-09-01 06:20:45.300] [info] [[94mHttpSession.cpp[0m:[95m576[0m [96mhandleGetGraphData[0m] get_graph_data success
[2026-09-01 06:20:45.530] [info] [[94mControllerAndOtherEventHandler.cpp[0m:[95m239[0m [96moperator()[0m] Accepted new connection
[2026-09-01 06:20:45.530] [info] [[94mHttpSession.cpp[0m:[95m96[0m [96mhandleRequest[0m] Got request: GET /ndt/get_graph_data
[2026-09-01 06:20:45.530] [info] [[94mHttpSession.cpp[0m:[95m531[0m [96mhandleGetGraphData[0m] Handle Get Graph Data
[2026-09-01 06:20:45.544] [info] [[94mHttpSession.cpp[0m:[95m576[0m [96mhandleGetGraphData[0m] get_graph_data success
[2026-09-01 06:20:45.780] [info] [[94mControllerAndOtherEventHandler.cpp[0m:[95m239[0m [96moperator()[0m] Accepted new connection
[2026-09-01 06:20:45.780] [info] [[94mHttpSession.cpp[0m:[95m96[0m [96mhandleRequest[0m] Got request: GET /ndt/get_graph_data
[2026-09-01 06:20:45.780] [info] [[94mHttpSession.cpp[0m:[95m531[0m [96mhandleGetGraphData[0m] Handle Get Graph Data
[2026-09-01 06:20:45.798] [info] [[94mHttpSession.cpp[0m:[95m576[0m [96mhandleGetGraphData[0m] get_graph_data success
[2026-09-01 06:20:46.030] [info] [[94mControllerAndOtherEventHandler.cpp[0m:[95m239[0m [96moperator()[0m] Accepted new connection
[2026-09-01 06:20:46.030] [info] [[94mHttpSession.cpp[0m:[95m96[0m [96mhandleRequest[0m] Got request: GET /ndt/get_graph_data
[2026-09-01 06:20:46.030] [info] [[94mHttpSession.cpp[0m:[95m531[0m [96mhandleGetGraphData[0m] Handle Get Graph Data
[2026-09-01 06:20:46.050] [info] [[94mHttpSession.cpp[0m:[95m576[0m [96mhandleGetGraphData[0m] get_graph_data success
[2026-09-01 06:20:46.280] [info] [[94mControllerAndOtherEventHandler.cpp[0m:[95m239[0m [96moperator()[0m] Accepted new connection
[2026-09-01 06:20:46.280] [info] [[94mHttpSession.cpp[0m:[95m96[0m [96mhandleRequest[0m] Got request: GET /ndt/get_graph_data
[2026-09-01 06:20:46.280] [info] [[94mHttpSession.cpp[0m:[95m531[0m [96mhandleGetGraphData[0m] Handle Get Graph Data
[2026-09-01 06:20:46.300] [info] [[94mHttpSession.cpp[0m:[95m576[0m [96mhandleGetGraphData[0m] get_graph_data success
[2026-09-01 06:20:46.531] [info] [[94mControllerAndOtherEventHandler.cpp[0m:[95m239[0m [96moperator()[0m] Accepted new connection
[2026-09-01 06:20:46.531] [info] [[94mHttpSession.cpp[0m:[95m96[0m [96mhandleRequest[0m] Got request: GET /ndt/get_graph_data
[2026-09-01 06:20:46.531] [info] [[94mHttpSession.cpp[0m:[95m531[0m [96mhandleGetGraphData[0m] Handle Get Graph Data
[2026-09-01 06:20:46.552] [info] [[94mHttpSession.cpp[0m:[95m576[0m [96mhandleGetGraphData[0m] get_graph_data success
[2026-09-01 06:20:46.781] [info] [[94mControllerAndOtherEventHandler.cpp[0m:[95m239[0m [96moperator()[0m] Accepted new connection
[2026-09-01 06:20:46.781] [info] [[94mHttpSession.cpp[0m:[95m96[0m [96mhandleRequest[0m] Got request: GET /ndt/get_graph_data
[2026-09-01 06:20:46.781] [info] [[94mHttpSession.cpp[0m:[95m531[0m [96mhandleGetGraphData[0m] Handle Get Graph Data
[2026-09-01 06:20:46.797] [info] [[94mHttpSession.cpp[0m:[95m576[0m [96mhandleGetGraphData[0m] get_graph_data success
[2026-09-01 06:20:47.031] [info] [[94mControllerAndOtherEventHandler.cpp[0m:[95m239[0m [96moperator()[0m] Accepted new connection
[2026-09-01 06:20:47.031] [info] [[94mHttpSession.cpp[0m:[95m96[0m [96mhandleRequest[0m] Got request: GET /ndt/get_graph_data
[2026-09-01 06:20:47.031] [info] [[94mHttpSession.cpp[0m:[95m531[0m [96mhandleGetGraphData[0m] Handle Get Graph Data
[2026-09-01 06:20:47.050] [info] [[94mHttpSession.cpp[0m:[95m576[0m [96mhandleGetGraphData[0m] get_graph_data success
[2026-09-01 06:20:47.281] [info] [[94mControllerAndOtherEventHandler.cpp[0m:[95m239[0m [96moperator()[0m] Accepted new connection
[2026-09-01 06:20:47.281] [info] [[94mHttpSession.cpp[0m:[95m96[0m [96mhandleRequest[0m] Got request: GET /ndt/get_graph_data
[2026-09-01 06:20:47.281] [info] [[94mHttpSession.cpp[0m:[95m531[0m [96mhandleGetGraphData[0m] Handle Get Graph Data
[2026-09-01 06:20:47.302] [info] [[94mHttpSession.cpp[0m:[95m576[0m [96mhandleGetGraphData[0m] get_graph_data success
[2026-09-01 06:20:47.531] [info] [[94mControllerAndOtherEventHandler.cpp[0m:[95m239[0m [96moperator()[0m] Accepted new connection
[2026-09-01 06:20:47.531] [info] [[94mHttpSession.cpp[0m:[95m96[0m [96mhandleRequest[0m] Got request: GET /ndt/get_graph_data
[2026-09-01 06:20:47.532] [info] [[94mHttpSession.cpp[0m:[95m531[0m [96mhandleGetGraphData[0m] Handle Get Graph Data
[2026-09-01 06:20:47.547] [info] [[94mHttpSession.cpp[0m:[95m576[0m [96mhandleGetGraphData[0m] get_graph_data success
[2026-09-01 06:20:47.781] [info] [[94mControllerAndOtherEventHandler.cpp[0m:[95m239[0m [96moperator()[0m] Accepted new connection
[2026-09-01 06:20:47.781] [info] [[94mHttpSession.cpp[0m:[95m96[0m [96mhandleRequest[0m] Got request: GET /ndt/get_graph_data
[2026-09-01 06:20:47.781] [info] [[94mHttpSession.cpp[0m:[95m531[0m [96mhandleGetGraphData[0m] Handle Get Graph Data
[2026-09-01 06:20:47.800] [info] [[94mHttpSession.cpp[0m:[95m576[0m [96mhandleGetGraphData[0m] get_graph_data success
[2026-09-01 06:20:48.031] [info] [[94mControllerAndOtherEventHandler.cpp[0m:[95m239[0m [96moperator()[0m] Accepted new connection
[2026-09-01 06:20:48.031] [info] [[94mHttpSession.cpp[0m:[95m96[0m [96mhandleRequest[0m] Got request: GET /ndt/get_graph_data
[2026-09-01 06:20:48.031] [info] [[94mHttpSession.cpp[0m:[95m531[0m [96mhandleGetGraphData[0m] Handle Get Graph Data
[2026-09-01 06:20:48.051] [info] [[94mHttpSession.cpp[0m:[95m576[0m [96mhandleGetGraphData[0m] get_graph_data success
[2026-09-01 06:20:48.282] [info] [[94mControllerAndOtherEventHandler.cpp[0m:[95m239[0m [96moperator()[0m] Accepted new connection
[2026-09-01 06:20:48.282] [info] [[94mHttpSession.cpp[0m:[95m96[0m [96mhandleRequest[0m] Got request: GET /ndt/get_graph_data
[2026-09-01 06:20:48.282] [info] [[94mHttpSession.cpp[0m:[95m531[0m [96mhandleGetGraphData[0m] Handle Get Graph Data
[2026-09-01 06:20:48.302] [info] [[94mHttpSession.cpp[0m:[95m576[0m [96mhandleGetGraphData[0m] get_graph_data success
[2026-09-01 06:20:48.532] [info] [[94mControllerAndOtherEventHandler.cpp[0m:[95m239[0m [96moperator()[0m] Accepted new connection
[2026-09-01 06:20:48.532] [info] [[94mHttpSession.cpp[0m:[95m96[0m [96mhandleRequest[0m] Got request: GET /ndt/get_graph_data
[2026-09-01 06:20:48.532] [info] [[94mHttpSession.cpp[0m:[95m531[0m [96mhandleGetGraphData[0m] Handle Get Graph Data
[2026-09-01 06:20:48.549] [info] [[94mHttpSession.cpp[0m:[95m576[0m [96mhandleGetGraphData[0m] get_graph_data success
[2026-09-01 06:20:48.781] [info] [[94mControllerAndOtherEventHandler.cpp[0m:[95m239[0m [96moperator()[0m] Accepted new connection
[2026-09-01 06:20:48.781] [info] [[94mHttpSession.cpp[0m:[95m96[0m [96mhandleRequest[0m] Got request: GET /ndt/get_graph_data
[2026-09-01 06:20:48.781] [info] [[94mHttpSession.cpp[0m:[95m531[0m [96mhandleGetGraphData[0m] Handle Get Graph Data
[2026-09-01 06:20:48.800] [info] [[94mHttpSession.cpp[0m:[95m576[0m [96mhandleGetGraphData[0m] get_graph_data success
[2026-09-01 06:20:49.031] [info] [[94mControllerAndOtherEventHandler.cpp[0m:[95m239[0m [96moperator()[0m] Accepted new connection
[2026-09-01 06:20:49.031] [info] [[94mHttpSession.cpp[0m:[95m96[0m [96mhandleRequest[0m] Got request: GET /ndt/get_graph_data
[2026-09-01 06:20:49.031] [info] [[94mHttpSession.cpp[0m:[95m531[0m [96mhandleGetGraphData[0m] Handle Get Graph Data
[2026-09-01 06:20:49.049] [info] [[94mHttpSession.cpp[0m:[95m576[0m [96mhandleGetGraphData[0m] get_graph_data success
[2026-09-01 06:20:49.282] [info] [[94mControllerAndOtherEventHandler.cpp[0m:[95m239[0m [96moperator()[0m] Accepted new connection
[2026-09-01 06:20:49.282] [info] [[94mHttpSession.cpp[0m:[95m96[0m [96mhandleRequest[0m] Got request: GET /ndt/get_graph_data
[2026-09-01 06:20:49.282] [info] [[94mHttpSession.cpp[0m:[95m531[0m [96mhandleGetGraphData[0m] Handle Get Graph Data
[2026-09-01 06:20:49.297] [info] [[94mHttpSession.cpp[0m:[95m576[0m [96mhandleGetGraphData[0m] get_graph_data success
[2026-09-01 06:20:49.532] [info] [[94mControllerAndOtherEventHandler.cpp[0m:[95m239[0m [96moperator()[0m] Accepted new connection
[2026-09-01 06:20:49.532] [info] [[94mHttpSession.cpp[0m:[95m96[0m [96mhandleRequest[0m] Got request: GET /ndt/get_graph_data
[2026-09-01 06:20:49.532] [info] [[94mHttpSession.cpp[0m:[95m531[0m [96mhandleGetGraphData[0m] Handle Get Graph Data
[2026-09-01 06:20:49.552] [info] [[94mHttpSession.cpp[0m:[95m576[0m [96mhandleGetGraphData[0m] get_graph_data success
[2026-09-01 06:20:49.782] [info] [[94mControllerAndOtherEventHandler.cpp[0m:[95m239[0m [96moperator()[0m] Accepted new connection
[2026-09-01 06:20:49.782] [info] [[94mHttpSession.cpp[0m:[95m96[0m [96mhandleRequest[0m] Got request: GET /ndt/get_graph_data
[2026-09-01 06:20:49.782] [info] [[94mHttpSession.cpp[0m:[95m531[0m [96mhandleGetGraphData[0m] Handle Get Graph Data
[2026-09-01 06:20:49.801] [info] [[94mHttpSession.cpp[0m:[95m576[0m [96mhandleGetGraphData[0m] get_graph_data success
[2026-09-01 06:20:50.032] [info] [[94mControllerAndOtherEventHandler.cpp[0m:[95m239[0m [96moperator()[0m] Accepted new connection
[2026-09-01 06:20:50.032] [info] [[94mHttpSession.cpp[0m:[95m96[0m [96mhandleRequest[0m] Got request: GET /ndt/get_graph_data
[2026-09-01 06:20:50.032] [info] [[94mHttpSession.cpp[0m:[95m531[0m [96mhandleGetGraphData[0m] Handle Get Graph Data
[2026-09-01 06:20:50.047] [info] [[94mHttpSession.cpp[0m:[95m576[0m [96mhandleGetGraphData[0m] get_graph_data success
[2026-09-01 06:20:50.282] [info] [[94mControllerAndOtherEventHandler.cpp[0m:[95m239[0m [96moperator()[0m] Accepted new connection
[2026-09-01 06:20:50.282] [info] [[94mHttpSession.cpp[0m:[95m96[0m [96mhandleRequest[0m] Got request: GET /ndt/get_graph_data
[2026-09-01 06:20:50.282] [info] [[94mHttpSession.cpp[0m:[95m531[0m [96mhandleGetGraphData[0m] Handle Get Graph Data
[2026-09-01 06:20:50.298] [info] [[94mHttpSession.cpp[0m:[95m576[0m [96mhandleGetGraphData[0m] get_graph_data success
[2026-09-01 06:20:50.531] [info] [[94mControllerAndOtherEventHandler.cpp[0m:[95m239[0m [96moperator()[0m] Accepted new connection
[2026-09-01 06:20:50.531] [info] [[94mHttpSession.cpp[0m:[95m96[0m [96mhandleRequest[0m] Got request: GET /ndt/get_graph_data
[2026-09-01 06:20:50.531] [info] [[94mHttpSession.cpp[0m:[95m531[0m [96mhandleGetGraphData[0m] Handle Get Graph Data
[2026-09-01 06:20:50.546] [info] [[94mHttpSession.cpp[0m:[95m576[0m [96mhandleGetGraphData[0m] get_graph_data success
[2026-09-01 06:20:50.782] [info] [[94mControllerAndOtherEventHandler.cpp[0m:[95m239[0m [96moperator()[0m] Accepted new connection
[2026-09-01 06:20:50.782] [info] [[94mHttpSession.cpp[0m:[95m96[0m [96mhandleRequest[0m] Got request: GET /ndt/get_graph_data
[2026-09-01 06:20:50.782] [info] [[94mHttpSession.cpp[0m:[95m531[0m [96mhandleGetGraphData[0m] Handle Get Graph Data
[2026-09-01 06:20:50.796] [info] [[94mHttpSession.cpp[0m:[95m576[0m [96mhandleGetGraphData[0m] get_graph_data success
[2026-09-01 06:20:51.032] [info] [[94mControllerAndOtherEventHandler.cpp[0m:[95m239[0m [96moperator()[0m] Accepted new connection
[2026-09-01 06:20:51.032] [info] [[94mHttpSession.cpp[0m:[95m96[0m [96mhandleRequest[0m] Got request: GET /ndt/get_graph_data
[2026-09-01 06:20:51.032] [info] [[94mHttpSession.cpp[0m:[95m531[0m [96mhandleGetGraphData[0m] Handle Get Graph Data
[2026-09-01 06:20:51.051] [info] [[94mHttpSession.cpp[0m:[95m576[0m [96mhandleGetGraphData[0m] get_graph_data success
[2026-09-01 06:20:51.283] [info] [[94mControllerAndOtherEventHandler.cpp[0m:[95m239[0m [96moperator()[0m] Accepted new connection
[2026-09-01 06:20:51.283] [info] [[94mHttpSession.cpp[0m:[95m96[0m [96mhandleRequest[0m] Got request: GET /ndt/get_graph_data
[2026-09-01 06:20:51.283] [info] [[94mHttpSession.cpp[0m:[95m531[0m [96mhandleGetGraphData[0m] Handle Get Graph Data
[2026-09-01 06:20:51.302] [info] [[94mHttpSession.cpp[0m:[95m576[0m [96mhandleGetGraphData[0m] get_graph_data success
[2026-09-01 06:20:51.533] [info] [[94mControllerAndOtherEventHandler.cpp[0m:[95m239[0m [96moperator()[0m] Accepted new connection
[2026-09-01 06:20:51.533] [info] [[94mHttpSession.cpp[0m:[95m96[0m [96mhandleRequest[0m] Got request: GET /ndt/get_graph_data
[2026-09-01 06:20:51.533] [info] [[94mHttpSession.cpp[0m:[95m531[0m [96mhandleGetGraphData[0m] Handle Get Graph Data
[2026-09-01 06:20:51.546] [info] [[94mHttpSession.cpp[0m:[95m576[0m [96mhandleGetGraphData[0m] get_graph_data success
[2026-09-01 06:20:51.783] [info] [[94mControllerAndOtherEventHandler.cpp[0m:[95m239[0m [96moperator()[0m] Accepted new connection
[2026-09-01 06:20:51.783] [info] [[94mHttpSession.cpp[0m:[95m96[0m [96mhandleRequest[0m] Got request: GET /ndt/get_graph_data
[2026-09-01 06:20:51.783] [info] [[94mHttpSession.cpp[0m:[95m531[0m [96mhandleGetGraphData[0m] Handle Get Graph Data
[2026-09-01 06:20:51.803] [info] [[94mHttpSession.cpp[0m:[95m576[0m [96mhandleGetGraphData[0m] get_graph_data success
[2026-09-01 06:20:52.032] [info] [[94mControllerAndOtherEventHandler.cpp[0m:[95m239[0m [96moperator()[0m] Accepted new connection
[2026-09-01 06:20:52.032] [info] [[94mHttpSession.cpp[0m:[95m96[0m [96mhandleRequest[0m] Got request: GET /ndt/get_graph_data
[2026-09-01 06:20:52.033] [info] [[94mHttpSession.cpp[0m:[95m531[0m [96mhandleGetGraphData[0m] Handle Get Graph Data
[2026-09-01 06:20:52.048] [info] [[94mHttpSession.cpp[0m:[95m576[0m [96mhandleGetGraphData[0m] get_graph_data success
[2026-09-01 06:20:52.282] [info] [[94mControllerAndOtherEventHandler.cpp[0m:[95m239[0m [96moperator()[0m] Accepted new connection
[2026-09-01 06:20:52.282] [info] [[94mHttpSession.cpp[0m:[95m96[0m [96mhandleRequest[0m] Got request: GET /ndt/get_graph_data
[2026-09-01 06:20:52.282] [info] [[94mHttpSession.cpp[0m:[95m531[0m [96mhandleGetGraphData[0m] Handle Get Graph Data
[2026-09-01 06:20:52.300] [info] [[94mHttpSession.cpp[0m:[95m576[0m [96mhandleGetGraphData[0m] get_graph_data success
[2026-09-01 06:20:52.533] [info] [[94mControllerAndOtherEventHandler.cpp[0m:[95m239[0m [96moperator()[0m] Accepted new connection
[2026-09-01 06:20:52.533] [info] [[94mHttpSession.cpp[0m:[95m96[0m [96mhandleRequest[0m] Got request: GET /ndt/get_graph_data
[2026-09-01 06:20:52.533] [info] [[94mHttpSession.cpp[0m:[95m531[0m [96mhandleGetGraphData[0m] Handle Get Graph Data
[2026-09-01 06:20:52.550] [info] [[94mHttpSession.cpp[0m:[95m576[0m [96mhandleGetGraphData[0m] get_graph_data success
[2026-09-01 06:20:52.783] [info] [[94mControllerAndOtherEventHandler.cpp[0m:[95m239[0m [96moperator()[0m] Accepted new connection
[2026-09-01 06:20:52.783] [info] [[94mHttpSession.cpp[0m:[95m96[0m [96mhandleRequest[0m] Got request: GET /ndt/get_graph_data
[2026-09-01 06:20:52.783] [info] [[94mHttpSession.cpp[0m:[95m531[0m [96mhandleGetGraphData[0m] Handle Get Graph Data
[2026-09-01 06:20:52.802] [info] [[94mHttpSession.cpp[0m:[95m576[0m [96mhandleGetGraphData[0m] get_graph_data success
[2026-09-01 06:20:53.032] [info] [[94mControllerAndOtherEventHandler.cpp[0m:[95m239[0m [96moperator()[0m] Accepted new connection
[2026-09-01 06:20:53.032] [info] [[94mHttpSession.cpp[0m:[95m96[0m [96mhandleRequest[0m] Got request: GET /ndt/get_graph_data
[2026-09-01 06:20:53.032] [info] [[94mHttpSession.cpp[0m:[95m531[0m [96mhandleGetGraphData[0m] Handle Get Graph Data
[2026-09-01 06:20:53.046] [info] [[94mHttpSession.cpp[0m:[95m576[0m [96mhandleGetGraphData[0m] get_graph_data success
[2026-09-01 06:20:53.283] [info] [[94mControllerAndOtherEventHandler.cpp[0m:[95m239[0m [96moperator()[0m] Accepted new connection
[2026-09-01 06:20:53.283] [info] [[94mHttpSession.cpp[0m:[95m96[0m [96mhandleRequest[0m] Got request: GET /ndt/get_graph_data
[2026-09-01 06:20:53.283] [info] [[94mHttpSession.cpp[0m:[95m531[0m [96mhandleGetGraphData[0m] Handle Get Graph Data
[2026-09-01 06:20:53.302] [info] [[94mHttpSession.cpp[0m:[95m576[0m [96mhandleGetGraphData[0m] get_graph_data success
[2026-09-01 06:20:53.533] [info] [[94mControllerAndOtherEventHandler.cpp[0m:[95m239[0m [96moperator()[0m] Accepted new connection
[2026-09-01 06:20:53.534] [info] [[94mHttpSession.cpp[0m:[95m96[0m [96mhandleRequest[0m] Got request: GET /ndt/get_graph_data
[2026-09-01 06:20:53.534] [info] [[94mHttpSession.cpp[0m:[95m531[0m [96mhandleGetGraphData[0m] Handle Get Graph Data
[2026-09-01 06:20:53.552] [info] [[94mHttpSession.cpp[0m:[95m576[0m [96mhandleGetGraphData[0m] get_graph_data success
[2026-09-01 06:20:53.783] [info] [[94mControllerAndOtherEventHandler.cpp[0m:[95m239[0m [96moperator()[0m] Accepted new connection
[2026-09-01 06:20:53.783] [info] [[94mHttpSession.cpp[0m:[95m96[0m [96mhandleRequest[0m] Got request: GET /ndt/get_graph_data
[2026-09-01 06:20:53.783] [info] [[94mHttpSession.cpp[0m:[95m531[0m [96mhandleGetGraphData[0m] Handle Get Graph Data
[2026-09-01 06:20:53.797] [info] [[94mHttpSession.cpp[0m:[95m576[0m [96mhandleGetGraphData[0m] get_graph_data success
[2026-09-01 06:20:54.033] [info] [[94mControllerAndOtherEventHandler.cpp[0m:[95m239[0m [96moperator()[0m] Accepted new connection
[2026-09-01 06:20:54.033] [info] [[94mHttpSession.cpp[0m:[95m96[0m [96mhandleRequest[0m] Got request: GET /ndt/get_graph_data
[2026-09-01 06:20:54.033] [info] [[94mHttpSession.cpp[0m:[95m531[0m [96mhandleGetGraphData[0m] Handle Get Graph Data
[2026-09-01 06:20:54.052] [info] [[94mHttpSession.cpp[0m:[95m576[0m [96mhandleGetGraphData[0m] get_graph_data success
[2026-09-01 06:20:54.284] [info] [[94mControllerAndOtherEventHandler.cpp[0m:[95m239[0m [96moperator()[0m] Accepted new connection
[2026-09-01 06:20:54.284] [info] [[94mHttpSession.cpp[0m:[95m96[0m [96mhandleRequest[0m] Got request: GET /ndt/get_graph_data
[2026-09-01 06:20:54.284] [info] [[94mHttpSession.cpp[0m:[95m531[0m [96mhandleGetGraphData[0m] Handle Get Graph Data
[2026-09-01 06:20:54.303] [info] [[94mHttpSession.cpp[0m:[95m576[0m [96mhandleGetGraphData[0m] get_graph_data success
[2026-09-01 06:20:54.533] [info] [[94mControllerAndOtherEventHandler.cpp[0m:[95m239[0m [96moperator()[0m] Accepted new connection
[2026-09-01 06:20:54.534] [info] [[94mHttpSession.cpp[0m:[95m96[0m [96mhandleRequest[0m] Got request: GET /ndt/get_graph_data
[2026-09-01 06:20:54.534] [info] [[94mHttpSession.cpp[0m:[95m531[0m [96mhandleGetGraphData[0m] Handle Get Graph Data
[2026-09-01 06:20:54.549] [info] [[94mHttpSession.cpp[0m:[95m576[0m [96mhandleGetGraphData[0m] get_graph_data success
[2026-09-01 06:20:54.783] [info] [[94mControllerAndOtherEventHandler.cpp[0m:[95m239[0m [96moperator()[0m] Accepted new connection
[2026-09-01 06:20:54.783] [info] [[94mHttpSession.cpp[0m:[95m96[0m [96mhandleRequest[0m] Got request: GET /ndt/get_graph_data
[2026-09-01 06:20:54.783] [info] [[94mHttpSession.cpp[0m:[95m531[0m [96mhandleGetGraphData[0m] Handle Get Graph Data
[2026-09-01 06:20:54.796] [info] [[94mHttpSession.cpp[0m:[95m576[0m [96mhandleGetGraphData[0m] get_graph_data success
[2026-09-01 06:20:55.033] [info] [[94mControllerAndOtherEventHandler.cpp[0m:[95m239[0m [96moperator()[0m] Accepted new connection
[2026-09-01 06:20:55.033] [info] [[94mHttpSession.cpp[0m:[95m96[0m [96mhandleRequest[0m] Got request: GET /ndt/get_graph_data
[2026-09-01 06:20:55.033] [info] [[94mHttpSession.cpp[0m:[95m531[0m [96mhandleGetGraphData[0m] Handle Get Graph Data
[2026-09-01 06:20:55.047] [info] [[94mHttpSession.cpp[0m:[95m576[0m [96mhandleGetGraphData[0m] get_graph_data success
[2026-09-01 06:20:55.284] [info] [[94mControllerAndOtherEventHandler.cpp[0m:[95m239[0m [96moperator()[0m] Accepted new connection
[2026-09-01 06:20:55.284] [info] [[94mHttpSession.cpp[0m:[95m96[0m [96mhandleRequest[0m] Got request: GET /ndt/get_graph_data
[2026-09-01 06:20:55.284] [info] [[94mHttpSession.cpp[0m:[95m531[0m [96mhandleGetGraphData[0m] Handle Get Graph Data
[2026-09-01 06:20:55.302] [info] [[94mHttpSession.cpp[0m:[95m576[0m [96mhandleGetGraphData[0m] get_graph_data success
[2026-09-01 06:20:55.533] [info] [[94mControllerAndOtherEventHandler.cpp[0m:[95m239[0m [96moperator()[0m] Accepted new connection
[2026-09-01 06:20:55.534] [info] [[94mHttpSession.cpp[0m:[95m96[0m [96mhandleRequest[0m] Got request: GET /ndt/get_graph_data
[2026-09-01 06:20:55.534] [info] [[94mHttpSession.cpp[0m:[95m531[0m [96mhandleGetGraphData[0m] Handle Get Graph Data
[2026-09-01 06:20:55.552] [info] [[94mHttpSession.cpp[0m:[95m576[0m [96mhandleGetGraphData[0m] get_graph_data success
[2026-09-01 06:20:55.784] [info] [[94mControllerAndOtherEventHandler.cpp[0m:[95m239[0m [96moperator()[0m] Accepted new connection
[2026-09-01 06:20:55.784] [info] [[94mHttpSession.cpp[0m:[95m96[0m [96mhandleRequest[0m] Got request: GET /ndt/get_graph_data
[2026-09-01 06:20:55.784] [info] [[94mHttpSession.cpp[0m:[95m531[0m [96mhandleGetGraphData[0m] Handle Get Graph Data
[2026-09-01 06:20:55.802] [info] [[94mHttpSession.cpp[0m:[95m576[0m [96mhandleGetGraphData[0m] get_graph_data success
[2026-09-01 06:20:56.034] [info] [[94mControllerAndOtherEventHandler.cpp[0m:[95m239[0m [96moperator()[0m] Accepted new connection
[2026-09-01 06:20:56.034] [info] [[94mHttpSession.cpp[0m:[95m96[0m [96mhandleRequest[0m] Got request: GET /ndt/get_graph_data
[2026-09-01 06:20:56.034] [info] [[94mHttpSession.cpp[0m:[95m531[0m [96mhandleGetGraphData[0m] Handle Get Graph Data
[2026-09-01 06:20:56.051] [info] [[94mHttpSession.cpp[0m:[95m576[0m [96mhandleGetGraphData[0m] get_graph_data success
[2026-09-01 06:20:56.284] [info] [[94mControllerAndOtherEventHandler.cpp[0m:[95m239[0m [96moperator()[0m] Accepted new connection
[2026-09-01 06:20:56.285] [info] [[94mHttpSession.cpp[0m:[95m96[0m [96mhandleRequest[0m] Got request: GET /ndt/get_graph_data
[2026-09-01 06:20:56.285] [info] [[94mHttpSession.cpp[0m:[95m531[0m [96mhandleGetGraphData[0m] Handle Get Graph Data
[2026-09-01 06:20:56.302] [info] [[94mHttpSession.cpp[0m:[95m576[0m [96mhandleGetGraphData[0m] get_graph_data success
[2026-09-01 06:20:56.534] [info] [[94mControllerAndOtherEventHandler.cpp[0m:[95m239[0m [96moperator()[0m] Accepted new connection
[2026-09-01 06:20:56.535] [info] [[94mHttpSession.cpp[0m:[95m96[0m [96mhandleRequest[0m] Got request: GET /ndt/get_graph_data
[2026-09-01 06:20:56.535] [info] [[94mHttpSession.cpp[0m:[95m531[0m [96mhandleGetGraphData[0m] Handle Get Graph Data
[2026-09-01 06:20:56.551] [info] [[94mHttpSession.cpp[0m:[95m576[0m [96mhandleGetGraphData[0m] get_graph_data success
[2026-09-01 06:20:56.784] [info] [[94mControllerAndOtherEventHandler.cpp[0m:[95m239[0m [96moperator()[0m] Accepted new connection
[2026-09-01 06:20:56.784] [info] [[94mHttpSession.cpp[0m:[95m96[0m [96mhandleRequest[0m] Got request: GET /ndt/get_graph_data
[2026-09-01 06:20:56.784] [info] [[94mHttpSession.cpp[0m:[95m531[0m [96mhandleGetGraphData[0m] Handle Get Graph Data
[2026-09-01 06:20:56.800] [info] [[94mHttpSession.cpp[0m:[95m576[0m [96mhandleGetGraphData[0m] get_graph_data success
[2026-09-01 06:20:57.034] [info] [[94mControllerAndOtherEventHandler.cpp[0m:[95m239[0m [96moperator()[0m] Accepted new connection
[2026-09-01 06:20:57.034] [info] [[94mHttpSession.cpp[0m:[95m96[0m [96mhandleRequest[0m] Got request: GET /ndt/get_graph_data
[2026-09-01 06:20:57.034] [info] [[94mHttpSession.cpp[0m:[95m531[0m [96mhandleGetGraphData[0m] Handle Get Graph Data
[2026-09-01 06:20:57.051] [info] [[94mHttpSession.cpp[0m:[95m576[0m [96mhandleGetGraphData[0m] get_graph_data success
[2026-09-01 06:20:57.284] [info] [[94mControllerAndOtherEventHandler.cpp[0m:[95m239[0m [96moperator()[0m] Accepted new connection
[2026-09-01 06:20:57.284] [info] [[94mHttpSession.cpp[0m:[95m96[0m [96mhandleRequest[0m] Got request: GET /ndt/get_graph_data
[2026-09-01 06:20:57.284] [info] [[94mHttpSession.cpp[0m:[95m531[0m [96mhandleGetGraphData[0m] Handle Get Graph Data
[2026-09-01 06:20:57.305] [info] [[94mHttpSession.cpp[0m:[95m576[0m [96mhandleGetGraphData[0m] get_graph_data success
[2026-09-01 06:20:57.535] [info] [[94mControllerAndOtherEventHandler.cpp[0m:[95m239[0m [96moperator()[0m] Accepted new connection
[2026-09-01 06:20:57.535] [info] [[94mHttpSession.cpp[0m:[95m96[0m [96mhandleRequest[0m] Got request: GET /ndt/get_graph_data
[2026-09-01 06:20:57.535] [info] [[94mHttpSession.cpp[0m:[95m531[0m [96mhandleGetGraphData[0m] Handle Get Graph Data
[2026-09-01 06:20:57.557] [info] [[94mHttpSession.cpp[0m:[95m576[0m [96mhandleGetGraphData[0m] get_graph_data success
[2026-09-01 06:20:57.785] [info] [[94mControllerAndOtherEventHandler.cpp[0m:[95m239[0m [96moperator()[0m] Accepted new connection
[2026-09-01 06:20:57.785] [info] [[94mHttpSession.cpp[0m:[95m96[0m [96mhandleRequest[0m] Got request: GET /ndt/get_graph_data
[2026-09-01 06:20:57.785] [info] [[94mHttpSession.cpp[0m:[95m531[0m [96mhandleGetGraphData[0m] Handle Get Graph Data
[2026-09-01 06:20:57.807] [info] [[94mHttpSession.cpp[0m:[95m576[0m [96mhandleGetGraphData[0m] get_graph_data success
[2026-09-01 06:20:58.034] [info] [[94mControllerAndOtherEventHandler.cpp[0m:[95m239[0m [96moperator()[0m] Accepted new connection
[2026-09-01 06:20:58.034] [info] [[94mHttpSession.cpp[0m:[95m96[0m [96mhandleRequest[0m] Got request: GET /ndt/get_graph_data
[2026-09-01 06:20:58.035] [info] [[94mHttpSession.cpp[0m:[95m531[0m [96mhandleGetGraphData[0m] Handle Get Graph Data
[2026-09-01 06:20:58.054] [info] [[94mHttpSession.cpp[0m:[95m576[0m [96mhandleGetGraphData[0m] get_graph_data success
[2026-09-01 06:20:58.284] [info] [[94mControllerAndOtherEventHandler.cpp[0m:[95m239[0m [96moperator()[0m] Accepted new connection
[2026-09-01 06:20:58.285] [info] [[94mHttpSession.cpp[0m:[95m96[0m [96mhandleRequest[0m] Got request: GET /ndt/get_graph_data
[2026-09-01 06:20:58.285] [info] [[94mHttpSession.cpp[0m:[95m531[0m [96mhandleGetGraphData[0m] Handle Get Graph Data
[2026-09-01 06:20:58.302] [info] [[94mHttpSession.cpp[0m:[95m576[0m [96mhandleGetGraphData[0m] get_graph_data success
[2026-09-01 06:20:58.534] [info] [[94mControllerAndOtherEventHandler.cpp[0m:[95m239[0m [96moperator()[0m] Accepted new connection
[2026-09-01 06:20:58.535] [info] [[94mHttpSession.cpp[0m:[95m96[0m [96mhandleRequest[0m] Got request: GET /ndt/get_graph_data
[2026-09-01 06:20:58.535] [info] [[94mHttpSession.cpp[0m:[95m531[0m [96mhandleGetGraphData[0m] Handle Get Graph Data
[2026-09-01 06:20:58.555] [info] [[94mHttpSession.cpp[0m:[95m576[0m [96mhandleGetGraphData[0m] get_graph_data success
[2026-09-01 06:20:58.785] [info] [[94mControllerAndOtherEventHandler.cpp[0m:[95m239[0m [96moperator()[0m] Accepted new connection
[2026-09-01 06:20:58.785] [info] [[94mHttpSession.cpp[0m:[95m96[0m [96mhandleRequest[0m] Got request: GET /ndt/get_graph_data
[2026-09-01 06:20:58.785] [info] [[94mHttpSession.cpp[0m:[95m531[0m [96mhandleGetGraphData[0m] Handle Get Graph Data
[2026-09-01 06:20:58.804] [info] [[94mHttpSession.cpp[0m:[95m576[0m [96mhandleGetGraphData[0m] get_graph_data success
[2026-09-01 06:20:59.034] [info] [[94mControllerAndOtherEventHandler.cpp[0m:[95m239[0m [96moperator()[0m] Accepted new connection
[2026-09-01 06:20:59.035] [info] [[94mHttpSession.cpp[0m:[95m96[0m [96mhandleRequest[0m] Got request: GET /ndt/get_graph_data
[2026-09-01 06:20:59.035] [info] [[94mHttpSession.cpp[0m:[95m531[0m [96mhandleGetGraphData[0m] Handle Get Graph Data
[2026-09-01 06:20:59.054] [info] [[94mHttpSession.cpp[0m:[95m576[0m [96mhandleGetGraphData[0m] get_graph_data success
[2026-09-01 06:20:59.285] [info] [[94mControllerAndOtherEventHandler.cpp[0m:[95m239[0m [96moperator()[0m] Accepted new connection
[2026-09-01 06:20:59.285] [info] [[94mHttpSession.cpp[0m:[95m96[0m [96mhandleRequest[0m] Got request: GET /ndt/get_graph_data
[2026-09-01 06:20:59.285] [info] [[94mHttpSession.cpp[0m:[95m531[0m [96mhandleGetGraphData[0m] Handle Get Graph Data
[2026-09-01 06:20:59.305] [info] [[94mHttpSession.cpp[0m:[95m576[0m [96mhandleGetGraphData[0m] get_graph_data success
[2026-09-01 06:20:59.535] [info] [[94mControllerAndOtherEventHandler.cpp[0m:[95m239[0m [96moperator()[0m] Accepted new connection
[2026-09-01 06:20:59.535] [info] [[94mHttpSession.cpp[0m:[95m96[0m [96mhandleRequest[0m] Got request: GET /ndt/get_graph_data
[2026-09-01 06:20:59.535] [info] [[94mHttpSession.cpp[0m:[95m531[0m [96mhandleGetGraphData[0m] Handle Get Graph Data
[2026-09-01 06:20:59.555] [info] [[94mHttpSession.cpp[0m:[95m576[0m [96mhandleGetGraphData[0m] get_graph_data success
[2026-09-01 06:20:59.785] [info] [[94mControllerAndOtherEventHandler.cpp[0m:[95m239[0m [96moperator()[0m] Accepted new connection
[2026-09-01 06:20:59.785] [info] [[94mHttpSession.cpp[0m:[95m96[0m [96mhandleRequest[0m] Got request: GET /ndt/get_graph_data
[2026-09-01 06:20:59.785] [info] [[94mHttpSession.cpp[0m:[95m531[0m [96mhandleGetGraphData[0m] Handle Get Graph Data
[2026-09-01 06:20:59.806] [info] [[94mHttpSession.cpp[0m:[95m576[0m [96mhandleGetGraphData[0m] get_graph_data success
[2026-09-01 06:21:00.035] [info] [[94mControllerAndOtherEventHandler.cpp[0m:[95m239[0m [96moperator()[0m] Accepted new connection
[2026-09-01 06:21:00.035] [info] [[94mHttpSession.cpp[0m:[95m96[0m [96mhandleRequest[0m] Got request: GET /ndt/get_graph_data
[2026-09-01 06:21:00.035] [info] [[94mHttpSession.cpp[0m:[95m531[0m [96mhandleGetGraphData[0m] Handle Get Graph Data
[2026-09-01 06:21:00.051] [info] [[94mHttpSession.cpp[0m:[95m576[0m [96mhandleGetGraphData[0m] get_graph_data success
[2026-09-01 06:21:00.286] [info] [[94mControllerAndOtherEventHandler.cpp[0m:[95m239[0m [96moperator()[0m] Accepted new connection
[2026-09-01 06:21:00.286] [info] [[94mHttpSession.cpp[0m:[95m96[0m [96mhandleRequest[0m] Got request: GET /ndt/get_graph_data
[2026-09-01 06:21:00.286] [info] [[94mHttpSession.cpp[0m:[95m531[0m [96mhandleGetGraphData[0m] Handle Get Graph Data
[2026-09-01 06:21:00.306] [info] [[94mHttpSession.cpp[0m:[95m576[0m [96mhandleGetGraphData[0m] get_graph_data success
[2026-09-01 06:21:00.535] [info] [[94mControllerAndOtherEventHandler.cpp[0m:[95m239[0m [96moperator()[0m] Accepted new connection
[2026-09-01 06:21:00.535] [info] [[94mHttpSession.cpp[0m:[95m96[0m [96mhandleRequest[0m] Got request: GET /ndt/get_graph_data
[2026-09-01 06:21:00.535] [info] [[94mHttpSession.cpp[0m:[95m531[0m [96mhandleGetGraphData[0m] Handle Get Graph Data
[2026-09-01 06:21:00.556] [info] [[94mHttpSession.cpp[0m:[95m576[0m [96mhandleGetGraphData[0m] get_graph_data success
