[2026-09-01 06:54:07.144] [info] [[94mmain.cpp[0m:[95m299[0m [96mmain[0m] Logger Loads Successfully! level
Running in Mininet environment.
[2026-09-01 06:54:07.144] [info] [[94mmain.cpp[0m:[95m311[0m [96mmain[0m] Topology file: /home/adam/Desktop/NDTwin-Kernel/setting/StaticNetworkTopologyP4_10Switches_128Hosts.json
[2026-09-01 06:54:07.144] [info] [[94mmain.cpp[0m:[95m358[0m [96mmain[0m] IntentTranslator is disabled by user.
[2026-09-01 06:54:07.144] [info] [[94mApplicationManager.cpp[0m:[95m410[0m [96mcleanupStaleEntries[0m] Checking for stale NFS entries in /srv/nfs/sim
[2026-09-01 06:54:07.144] [warning] [[94mApplicationManager.cpp[0m:[95m426[0m [96mcleanupStaleEntries[0m] Found stale application folder from a previous run: /srv/nfs/sim/3
[2026-09-01 06:54:07.145] [warning] [[94mApplicationManager.cpp[0m:[95m361[0m [96mcleanupAppFolder[0m] Leaving /srv/nfs/sim/3 in place: /srv/nfs/sim/3/energy_saving_simulator/1.0/case4/input belongs to a squashed NFS client, so removing it needs root. The next registration that reuses this app id will reuse the folder rather than recreate it.
[2026-09-01 06:54:07.145] [warning] [[94mApplicationManager.cpp[0m:[95m426[0m [96mcleanupStaleEntries[0m] Found stale application folder from a previous run: /srv/nfs/sim/1
[2026-09-01 06:54:07.145] [warning] [[94mApplicationManager.cpp[0m:[95m361[0m [96mcleanupAppFolder[0m] Leaving /srv/nfs/sim/1 in place: /srv/nfs/sim/1/energy_saving_simulator/1.0/case4/input belongs to a squashed NFS client, so removing it needs root. The next registration that reuses this app id will reuse the folder rather than recreate it.
[2026-09-01 06:54:07.145] [warning] [[94mApplicationManager.cpp[0m:[95m426[0m [96mcleanupStaleEntries[0m] Found stale application folder from a previous run: /srv/nfs/sim/2
[2026-09-01 06:54:07.145] [warning] [[94mApplicationManager.cpp[0m:[95m361[0m [96mcleanupAppFolder[0m] Leaving /srv/nfs/sim/2 in place: /srv/nfs/sim/2/energy_saving_simulator/1.0/case4/input belongs to a squashed NFS client, so removing it needs root. The next registration that reuses this app id will reuse the folder rather than recreate it.
[2026-09-01 06:54:07.145] [info] [[94mTopologyAndFlowMonitor.cpp[0m:[95m2133[0m [96mrun[0m] TopologyAndFlowMonitor Run
[2026-09-01 06:54:07.145] [info] [[94mFlowLinkUsageCollector.cpp[0m:[95m472[0m [96mstart[0m] Collector Starts Up
[2026-09-01 06:54:07.145] [info] [[94mTopologyAndFlowMonitor.cpp[0m:[95m211[0m [96mloadStaticTopologyFromFile[0m] Load Static Topology File
[2026-09-01 06:54:07.145] [info] [[94mFlowLinkUsageCollector.cpp[0m:[95m466[0m [96mlog_thread_ids[0m] [calAvgFlowSendingRatesPeriodically] pid=812787 tid=812795
[2026-09-01 06:54:07.145] [info] [[94mFlowLinkUsageCollector.cpp[0m:[95m466[0m [96mlog_thread_ids[0m] [run] pid=812787 tid=812794
[2026-09-01 06:54:07.145] [info] [[94mFlowLinkUsageCollector.cpp[0m:[95m708[0m [96mrun[0m] Run with 20 workers
[2026-09-01 06:54:07.145] [info] [[94mFlowLinkUsageCollector.cpp[0m:[95m466[0m [96mlog_thread_ids[0m] [testCalAvgFlowSendingRatesRandomly] pid=812787 tid=812796
[2026-09-01 06:54:07.145] [info] [[94mFlowLinkUsageCollector.cpp[0m:[95m466[0m [96mlog_thread_ids[0m] [purgeIdleFlows] pid=812787 tid=812797
[2026-09-01 06:54:07.145] [info] [[94mFlowLinkUsageCollector.cpp[0m:[95m466[0m [96mlog_thread_ids[0m] [calFlowPathByQueried] pid=812787 tid=812798
[2026-09-01 06:54:07.145] [info] [[94mDeviceConfigurationAndPowerManager.cpp[0m:[95m121[0m [96mstart[0m] DeviceConfigurationAndPowerManager Starts Up
[2026-09-01 06:54:07.145] [info] [[94mControllerAndOtherEventHandler.cpp[0m:[95m196[0m [96mrunServer[0m] Server Listening on port 8000
[2026-09-01 06:54:07.146] [info] [[94mFlowLinkUsageCollector.cpp[0m:[95m749[0m [96mrun[0m] Listening for sFlow on UDP port 6343
[2026-09-01 06:54:07.159] [info] [[94mTopologyAndFlowMonitor.cpp[0m:[95m1266[0m [96mvalidateDataPlaneHomogeneity[0m] Data plane: bmv2 (10 switch(es))
[2026-09-01 06:54:07.160] [info] [[94mTopologyAndFlowMonitor.cpp[0m:[95m145[0m [96mconfigureTopologyApiUrls[0m] All-bmv2 topology: polling http://localhost:8081/v1.0/topology for switch/host/link state instead of Ryu.
[2026-09-01 06:54:07.429] [info] [[94mTopologyAndFlowMonitor.cpp[0m:[95m2155[0m [96mrun[0m] topology from the control plane: 10 switches, 128 hosts, 288 edges up
[2026-09-01 06:54:07.646] [info] [[94mControllerAndOtherEventHandler.cpp[0m:[95m239[0m [96moperator()[0m] Accepted new connection
[2026-09-01 06:54:07.646] [info] [[94mHttpSession.cpp[0m:[95m402[0m [96mcloseSocket[0m] Close Socket
[2026-09-01 06:54:09.661] [info] [[94mControllerAndOtherEventHandler.cpp[0m:[95m239[0m [96moperator()[0m] Accepted new connection
[2026-09-01 06:54:09.661] [info] [[94mHttpSession.cpp[0m:[95m96[0m [96mhandleRequest[0m] Got request: GET /ndt/get_graph_data
[2026-09-01 06:54:09.661] [info] [[94mHttpSession.cpp[0m:[95m531[0m [96mhandleGetGraphData[0m] Handle Get Graph Data
[2026-09-01 06:54:09.677] [info] [[94mHttpSession.cpp[0m:[95m576[0m [96mhandleGetGraphData[0m] get_graph_data success
[2026-09-01 06:54:09.678] [info] [[94mHttpSession.cpp[0m:[95m402[0m [96mcloseSocket[0m] Close Socket
[2026-09-01 06:54:12.648] [info] [[94mFlowLinkUsageCollector.cpp[0m:[95m2558[0m [96mfetchAllDestinationPaths[0m] Pulled 16256 paths from controller
[2026-09-01 06:54:12.691] [info] [[94mFlowLinkUsageCollector.cpp[0m:[95m566[0m [96mrefreshDestinationPathsPeriodically[0m] Destination paths loaded from localhost:8081 (16256 pairs); path and switch-count queries will answer from now on.
[2026-09-01 06:54:16.185] [info] [[94mControllerAndOtherEventHandler.cpp[0m:[95m239[0m [96moperator()[0m] Accepted new connection
[2026-09-01 06:54:16.185] [info] [[94mHttpSession.cpp[0m:[95m96[0m [96mhandleRequest[0m] Got request: GET /ndt/inform_switch_entered?dpid=1
[2026-09-01 06:54:16.185] [info] [[94mHttpSession.cpp[0m:[95m1230[0m [96mhandleInformSwitchEntered[0m] Handle Inform Switch Entered
[2026-09-01 06:54:16.187] [info] [[94mHttpSession.cpp[0m:[95m96[0m [96mhandleRequest[0m] Got request: GET /ndt/inform_switch_entered?dpid=2
[2026-09-01 06:54:16.187] [info] [[94mHttpSession.cpp[0m:[95m1230[0m [96mhandleInformSwitchEntered[0m] Handle Inform Switch Entered
[2026-09-01 06:54:16.187] [info] [[94mHttpSession.cpp[0m:[95m96[0m [96mhandleRequest[0m] Got request: GET /ndt/inform_switch_entered?dpid=3
[2026-09-01 06:54:16.188] [info] [[94mHttpSession.cpp[0m:[95m1230[0m [96mhandleInformSwitchEntered[0m] Handle Inform Switch Entered
[2026-09-01 06:54:16.189] [info] [[94mHttpSession.cpp[0m:[95m96[0m [96mhandleRequest[0m] Got request: GET /ndt/inform_switch_entered?dpid=4
[2026-09-01 06:54:16.189] [info] [[94mHttpSession.cpp[0m:[95m1230[0m [96mhandleInformSwitchEntered[0m] Handle Inform Switch Entered
[2026-09-01 06:54:16.189] [info] [[94mHttpSession.cpp[0m:[95m96[0m [96mhandleRequest[0m] Got request: GET /ndt/inform_switch_entered?dpid=5
[2026-09-01 06:54:16.189] [info] [[94mHttpSession.cpp[0m:[95m1230[0m [96mhandleInformSwitchEntered[0m] Handle Inform Switch Entered
[2026-09-01 06:54:16.190] [info] [[94mHttpSession.cpp[0m:[95m96[0m [96mhandleRequest[0m] Got request: GET /ndt/inform_switch_entered?dpid=6
[2026-09-01 06:54:16.190] [info] [[94mHttpSession.cpp[0m:[95m1230[0m [96mhandleInformSwitchEntered[0m] Handle Inform Switch Entered
[2026-09-01 06:54:16.190] [info] [[94mHttpSession.cpp[0m:[95m96[0m [96mhandleRequest[0m] Got request: GET /ndt/inform_switch_entered?dpid=7
[2026-09-01 06:54:16.190] [info] [[94mHttpSession.cpp[0m:[95m1230[0m [96mhandleInformSwitchEntered[0m] Handle Inform Switch Entered
[2026-09-01 06:54:16.190] [info] [[94mHttpSession.cpp[0m:[95m96[0m [96mhandleRequest[0m] Got request: GET /ndt/inform_switch_entered?dpid=8
[2026-09-01 06:54:16.190] [info] [[94mHttpSession.cpp[0m:[95m1230[0m [96mhandleInformSwitchEntered[0m] Handle Inform Switch Entered
[2026-09-01 06:54:16.191] [info] [[94mHttpSession.cpp[0m:[95m96[0m [96mhandleRequest[0m] Got request: GET /ndt/inform_switch_entered?dpid=9
[2026-09-01 06:54:16.191] [info] [[94mHttpSession.cpp[0m:[95m1230[0m [96mhandleInformSwitchEntered[0m] Handle Inform Switch Entered
[2026-09-01 06:54:16.191] [info] [[94mHttpSession.cpp[0m:[95m96[0m [96mhandleRequest[0m] Got request: GET /ndt/inform_switch_entered?dpid=10
[2026-09-01 06:54:16.191] [info] [[94mHttpSession.cpp[0m:[95m1230[0m [96mhandleInformSwitchEntered[0m] Handle Inform Switch Entered
[2026-09-01 06:54:30.652] [info] [[94mControllerAndOtherEventHandler.cpp[0m:[95m239[0m [96moperator()[0m] Accepted new connection
[2026-09-01 06:54:30.652] [info] [[94mHttpSession.cpp[0m:[95m96[0m [96mhandleRequest[0m] Got request: GET /ndt/get_graph_data
[2026-09-01 06:54:30.652] [info] [[94mHttpSession.cpp[0m:[95m531[0m [96mhandleGetGraphData[0m] Handle Get Graph Data
[2026-09-01 06:54:30.665] [info] [[94mHttpSession.cpp[0m:[95m576[0m [96mhandleGetGraphData[0m] get_graph_data success
[2026-09-01 06:54:30.666] [info] [[94mHttpSession.cpp[0m:[95m402[0m [96mcloseSocket[0m] Close Socket
[2026-09-01 06:54:32.923] [info] [[94mControllerAndOtherEventHandler.cpp[0m:[95m239[0m [96moperator()[0m] Accepted new connection
[2026-09-01 06:54:32.923] [info] [[94mHttpSession.cpp[0m:[95m96[0m [96mhandleRequest[0m] Got request: GET /ndt/get_graph_data
[2026-09-01 06:54:32.923] [info] [[94mHttpSession.cpp[0m:[95m531[0m [96mhandleGetGraphData[0m] Handle Get Graph Data
[2026-09-01 06:54:32.933] [info] [[94mHttpSession.cpp[0m:[95m576[0m [96mhandleGetGraphData[0m] get_graph_data success
[2026-09-01 06:54:32.936] [info] [[94mControllerAndOtherEventHandler.cpp[0m:[95m239[0m [96moperator()[0m] Accepted new connection
[2026-09-01 06:54:32.936] [info] [[94mHttpSession.cpp[0m:[95m96[0m [96mhandleRequest[0m] Got request: GET /ndt/get_graph_data
[2026-09-01 06:54:32.936] [info] [[94mHttpSession.cpp[0m:[95m531[0m [96mhandleGetGraphData[0m] Handle Get Graph Data
[2026-09-01 06:54:32.947] [info] [[94mHttpSession.cpp[0m:[95m576[0m [96mhandleGetGraphData[0m] get_graph_data success
[2026-09-01 06:54:33.187] [info] [[94mControllerAndOtherEventHandler.cpp[0m:[95m239[0m [96moperator()[0m] Accepted new connection
[2026-09-01 06:54:33.188] [info] [[94mHttpSession.cpp[0m:[95m96[0m [96mhandleRequest[0m] Got request: GET /ndt/get_graph_data
[2026-09-01 06:54:33.188] [info] [[94mHttpSession.cpp[0m:[95m531[0m [96mhandleGetGraphData[0m] Handle Get Graph Data
[2026-09-01 06:54:33.201] [info] [[94mHttpSession.cpp[0m:[95m576[0m [96mhandleGetGraphData[0m] get_graph_data success
[2026-09-01 06:54:33.437] [info] [[94mControllerAndOtherEventHandler.cpp[0m:[95m239[0m [96moperator()[0m] Accepted new connection
[2026-09-01 06:54:33.437] [info] [[94mHttpSession.cpp[0m:[95m96[0m [96mhandleRequest[0m] Got request: GET /ndt/get_graph_data
[2026-09-01 06:54:33.437] [info] [[94mHttpSession.cpp[0m:[95m531[0m [96mhandleGetGraphData[0m] Handle Get Graph Data
[2026-09-01 06:54:33.449] [info] [[94mHttpSession.cpp[0m:[95m576[0m [96mhandleGetGraphData[0m] get_graph_data success
[2026-09-01 06:54:33.688] [info] [[94mControllerAndOtherEventHandler.cpp[0m:[95m239[0m [96moperator()[0m] Accepted new connection
[2026-09-01 06:54:33.688] [info] [[94mHttpSession.cpp[0m:[95m96[0m [96mhandleRequest[0m] Got request: GET /ndt/get_graph_data
[2026-09-01 06:54:33.688] [info] [[94mHttpSession.cpp[0m:[95m531[0m [96mhandleGetGraphData[0m] Handle Get Graph Data
[2026-09-01 06:54:33.701] [info] [[94mHttpSession.cpp[0m:[95m576[0m [96mhandleGetGraphData[0m] get_graph_data success
[2026-09-01 06:54:33.937] [info] [[94mControllerAndOtherEventHandler.cpp[0m:[95m239[0m [96moperator()[0m] Accepted new connection
[2026-09-01 06:54:33.937] [info] [[94mHttpSession.cpp[0m:[95m96[0m [96mhandleRequest[0m] Got request: GET /ndt/get_graph_data
[2026-09-01 06:54:33.937] [info] [[94mHttpSession.cpp[0m:[95m531[0m [96mhandleGetGraphData[0m] Handle Get Graph Data
[2026-09-01 06:54:33.950] [info] [[94mHttpSession.cpp[0m:[95m576[0m [96mhandleGetGraphData[0m] get_graph_data success
[2026-09-01 06:54:34.188] [info] [[94mControllerAndOtherEventHandler.cpp[0m:[95m239[0m [96moperator()[0m] Accepted new connection
[2026-09-01 06:54:34.188] [info] [[94mHttpSession.cpp[0m:[95m96[0m [96mhandleRequest[0m] Got request: GET /ndt/get_graph_data
[2026-09-01 06:54:34.188] [info] [[94mHttpSession.cpp[0m:[95m531[0m [96mhandleGetGraphData[0m] Handle Get Graph Data
[2026-09-01 06:54:34.201] [info] [[94mHttpSession.cpp[0m:[95m576[0m [96mhandleGetGraphData[0m] get_graph_data success
[2026-09-01 06:54:34.437] [info] [[94mControllerAndOtherEventHandler.cpp[0m:[95m239[0m [96moperator()[0m] Accepted new connection
[2026-09-01 06:54:34.437] [info] [[94mHttpSession.cpp[0m:[95m96[0m [96mhandleRequest[0m] Got request: GET /ndt/get_graph_data
[2026-09-01 06:54:34.437] [info] [[94mHttpSession.cpp[0m:[95m531[0m [96mhandleGetGraphData[0m] Handle Get Graph Data
[2026-09-01 06:54:34.450] [info] [[94mHttpSession.cpp[0m:[95m576[0m [96mhandleGetGraphData[0m] get_graph_data success
[2026-09-01 06:54:34.688] [info] [[94mControllerAndOtherEventHandler.cpp[0m:[95m239[0m [96moperator()[0m] Accepted new connection
[2026-09-01 06:54:34.688] [info] [[94mHttpSession.cpp[0m:[95m96[0m [96mhandleRequest[0m] Got request: GET /ndt/get_graph_data
[2026-09-01 06:54:34.688] [info] [[94mHttpSession.cpp[0m:[95m531[0m [96mhandleGetGraphData[0m] Handle Get Graph Data
[2026-09-01 06:54:34.701] [info] [[94mHttpSession.cpp[0m:[95m576[0m [96mhandleGetGraphData[0m] get_graph_data success
[2026-09-01 06:54:34.908] [info] [[94mFlowLinkUsageCollector.cpp[0m:[95m238[0m [96mconfigurePortMapping[0m] All-bmv2 topology: using identity ifIndex->port mapping and skipping ovs-vsctl, which does not know about bmv2 interfaces.
[2026-09-01 06:54:34.938] [info] [[94mControllerAndOtherEventHandler.cpp[0m:[95m239[0m [96moperator()[0m] Accepted new connection
[2026-09-01 06:54:34.938] [info] [[94mHttpSession.cpp[0m:[95m96[0m [96mhandleRequest[0m] Got request: GET /ndt/get_graph_data
[2026-09-01 06:54:34.938] [info] [[94mHttpSession.cpp[0m:[95m531[0m [96mhandleGetGraphData[0m] Handle Get Graph Data
[2026-09-01 06:54:34.958] [info] [[94mHttpSession.cpp[0m:[95m576[0m [96mhandleGetGraphData[0m] get_graph_data success
[2026-09-01 06:54:35.152] [info] [[94mFlowLinkUsageCollector.cpp[0m:[95m2072[0m [96mcalAvgFlowSendingRatesPeriodically[0m] sFlow ingest healthy: rx=272, app_drop=0, addressed=2150, sock_ovfl_total=0
[2026-09-01 06:54:35.188] [info] [[94mControllerAndOtherEventHandler.cpp[0m:[95m239[0m [96moperator()[0m] Accepted new connection
[2026-09-01 06:54:35.188] [info] [[94mHttpSession.cpp[0m:[95m96[0m [96mhandleRequest[0m] Got request: GET /ndt/get_graph_data
[2026-09-01 06:54:35.188] [info] [[94mHttpSession.cpp[0m:[95m531[0m [96mhandleGetGraphData[0m] Handle Get Graph Data
[2026-09-01 06:54:35.203] [info] [[94mHttpSession.cpp[0m:[95m576[0m [96mhandleGetGraphData[0m] get_graph_data success
[2026-09-01 06:54:35.438] [info] [[94mControllerAndOtherEventHandler.cpp[0m:[95m239[0m [96moperator()[0m] Accepted new connection
[2026-09-01 06:54:35.438] [info] [[94mHttpSession.cpp[0m:[95m96[0m [96mhandleRequest[0m] Got request: GET /ndt/get_graph_data
[2026-09-01 06:54:35.438] [info] [[94mHttpSession.cpp[0m:[95m531[0m [96mhandleGetGraphData[0m] Handle Get Graph Data
[2026-09-01 06:54:35.457] [info] [[94mHttpSession.cpp[0m:[95m576[0m [96mhandleGetGraphData[0m] get_graph_data success
[2026-09-01 06:54:35.688] [info] [[94mControllerAndOtherEventHandler.cpp[0m:[95m239[0m [96moperator()[0m] Accepted new connection
[2026-09-01 06:54:35.688] [info] [[94mHttpSession.cpp[0m:[95m96[0m [96mhandleRequest[0m] Got request: GET /ndt/get_graph_data
[2026-09-01 06:54:35.688] [info] [[94mHttpSession.cpp[0m:[95m531[0m [96mhandleGetGraphData[0m] Handle Get Graph Data
[2026-09-01 06:54:35.706] [info] [[94mHttpSession.cpp[0m:[95m576[0m [96mhandleGetGraphData[0m] get_graph_data success
[2026-09-01 06:54:35.938] [info] [[94mControllerAndOtherEventHandler.cpp[0m:[95m239[0m [96moperator()[0m] Accepted new connection
[2026-09-01 06:54:35.938] [info] [[94mHttpSession.cpp[0m:[95m96[0m [96mhandleRequest[0m] Got request: GET /ndt/get_graph_data
[2026-09-01 06:54:35.938] [info] [[94mHttpSession.cpp[0m:[95m531[0m [96mhandleGetGraphData[0m] Handle Get Graph Data
[2026-09-01 06:54:35.957] [info] [[94mHttpSession.cpp[0m:[95m576[0m [96mhandleGetGraphData[0m] get_graph_data success
[2026-09-01 06:54:36.188] [info] [[94mControllerAndOtherEventHandler.cpp[0m:[95m239[0m [96moperator()[0m] Accepted new connection
[2026-09-01 06:54:36.188] [info] [[94mHttpSession.cpp[0m:[95m96[0m [96mhandleRequest[0m] Got request: GET /ndt/get_graph_data
[2026-09-01 06:54:36.188] [info] [[94mHttpSession.cpp[0m:[95m531[0m [96mhandleGetGraphData[0m] Handle Get Graph Data
[2026-09-01 06:54:36.207] [info] [[94mHttpSession.cpp[0m:[95m576[0m [96mhandleGetGraphData[0m] get_graph_data success
[2026-09-01 06:54:36.439] [info] [[94mControllerAndOtherEventHandler.cpp[0m:[95m239[0m [96moperator()[0m] Accepted new connection
[2026-09-01 06:54:36.439] [info] [[94mHttpSession.cpp[0m:[95m96[0m [96mhandleRequest[0m] Got request: GET /ndt/get_graph_data
[2026-09-01 06:54:36.439] [info] [[94mHttpSession.cpp[0m:[95m531[0m [96mhandleGetGraphData[0m] Handle Get Graph Data
[2026-09-01 06:54:36.458] [info] [[94mHttpSession.cpp[0m:[95m576[0m [96mhandleGetGraphData[0m] get_graph_data success
[2026-09-01 06:54:36.688] [info] [[94mControllerAndOtherEventHandler.cpp[0m:[95m239[0m [96moperator()[0m] Accepted new connection
[2026-09-01 06:54:36.688] [info] [[94mHttpSession.cpp[0m:[95m96[0m [96mhandleRequest[0m] Got request: GET /ndt/get_graph_data
[2026-09-01 06:54:36.688] [info] [[94mHttpSession.cpp[0m:[95m531[0m [96mhandleGetGraphData[0m] Handle Get Graph Data
[2026-09-01 06:54:36.702] [info] [[94mHttpSession.cpp[0m:[95m576[0m [96mhandleGetGraphData[0m] get_graph_data success
[2026-09-01 06:54:36.939] [info] [[94mControllerAndOtherEventHandler.cpp[0m:[95m239[0m [96moperator()[0m] Accepted new connection
[2026-09-01 06:54:36.939] [info] [[94mHttpSession.cpp[0m:[95m96[0m [96mhandleRequest[0m] Got request: GET /ndt/get_graph_data
[2026-09-01 06:54:36.939] [info] [[94mHttpSession.cpp[0m:[95m531[0m [96mhandleGetGraphData[0m] Handle Get Graph Data
[2026-09-01 06:54:36.953] [info] [[94mHttpSession.cpp[0m:[95m576[0m [96mhandleGetGraphData[0m] get_graph_data success
[2026-09-01 06:54:37.155] [info] [[94mFlowLinkUsageCollector.cpp[0m:[95m1807[0m [96mcalAvgFlowSendingRatesPeriodically[0m] rate loop period: last 29 iters mean 1000.3 ms | since start (29 iters) mean 1000.3 ms, min 1000.1, max 1003.9 (flows=4, counters=6) -- the LAST-N figure is the current denominator; the since-start one lags it
[2026-09-01 06:54:37.161] [info] [[94mFlowLinkUsageCollector.cpp[0m:[95m2016[0m [96mcalAvgFlowSendingRatesPeriodically[0m] rate divisor check: measured_interval_s=1.003654 divisor_used_s=1.003654 (ticket Q gate: these must agree to 1%; a negative divisor means no rate has been published yet, which is not a pass)
[2026-09-01 06:54:37.189] [info] [[94mControllerAndOtherEventHandler.cpp[0m:[95m239[0m [96moperator()[0m] Accepted new connection
[2026-09-01 06:54:37.189] [info] [[94mHttpSession.cpp[0m:[95m96[0m [96mhandleRequest[0m] Got request: GET /ndt/get_graph_data
[2026-09-01 06:54:37.189] [info] [[94mHttpSession.cpp[0m:[95m531[0m [96mhandleGetGraphData[0m] Handle Get Graph Data
[2026-09-01 06:54:37.202] [info] [[94mHttpSession.cpp[0m:[95m576[0m [96mhandleGetGraphData[0m] get_graph_data success
[2026-09-01 06:54:37.439] [info] [[94mControllerAndOtherEventHandler.cpp[0m:[95m239[0m [96moperator()[0m] Accepted new connection
[2026-09-01 06:54:37.439] [info] [[94mHttpSession.cpp[0m:[95m96[0m [96mhandleRequest[0m] Got request: GET /ndt/get_graph_data
[2026-09-01 06:54:37.439] [info] [[94mHttpSession.cpp[0m:[95m531[0m [96mhandleGetGraphData[0m] Handle Get Graph Data
[2026-09-01 06:54:37.454] [info] [[94mHttpSession.cpp[0m:[95m576[0m [96mhandleGetGraphData[0m] get_graph_data success
[2026-09-01 06:54:37.689] [info] [[94mControllerAndOtherEventHandler.cpp[0m:[95m239[0m [96moperator()[0m] Accepted new connection
[2026-09-01 06:54:37.689] [info] [[94mHttpSession.cpp[0m:[95m96[0m [96mhandleRequest[0m] Got request: GET /ndt/get_graph_data
[2026-09-01 06:54:37.689] [info] [[94mHttpSession.cpp[0m:[95m531[0m [96mhandleGetGraphData[0m] Handle Get Graph Data
[2026-09-01 06:54:37.706] [info] [[94mHttpSession.cpp[0m:[95m576[0m [96mhandleGetGraphData[0m] get_graph_data success
[2026-09-01 06:54:37.938] [info] [[94mControllerAndOtherEventHandler.cpp[0m:[95m239[0m [96moperator()[0m] Accepted new connection
[2026-09-01 06:54:37.939] [info] [[94mHttpSession.cpp[0m:[95m96[0m [96mhandleRequest[0m] Got request: GET /ndt/get_graph_data
[2026-09-01 06:54:37.939] [info] [[94mHttpSession.cpp[0m:[95m531[0m [96mhandleGetGraphData[0m] Handle Get Graph Data
[2026-09-01 06:54:37.951] [info] [[94mHttpSession.cpp[0m:[95m576[0m [96mhandleGetGraphData[0m] get_graph_data success
[2026-09-01 06:54:38.189] [info] [[94mControllerAndOtherEventHandler.cpp[0m:[95m239[0m [96moperator()[0m] Accepted new connection
[2026-09-01 06:54:38.189] [info] [[94mHttpSession.cpp[0m:[95m96[0m [96mhandleRequest[0m] Got request: GET /ndt/get_graph_data
[2026-09-01 06:54:38.189] [info] [[94mHttpSession.cpp[0m:[95m531[0m [96mhandleGetGraphData[0m] Handle Get Graph Data
[2026-09-01 06:54:38.204] [info] [[94mHttpSession.cpp[0m:[95m576[0m [96mhandleGetGraphData[0m] get_graph_data success
[2026-09-01 06:54:38.439] [info] [[94mControllerAndOtherEventHandler.cpp[0m:[95m239[0m [96moperator()[0m] Accepted new connection
[2026-09-01 06:54:38.439] [info] [[94mHttpSession.cpp[0m:[95m96[0m [96mhandleRequest[0m] Got request: GET /ndt/get_graph_data
[2026-09-01 06:54:38.439] [info] [[94mHttpSession.cpp[0m:[95m531[0m [96mhandleGetGraphData[0m] Handle Get Graph Data
[2026-09-01 06:54:38.457] [info] [[94mHttpSession.cpp[0m:[95m576[0m [96mhandleGetGraphData[0m] get_graph_data success
[2026-09-01 06:54:38.689] [info] [[94mControllerAndOtherEventHandler.cpp[0m:[95m239[0m [96moperator()[0m] Accepted new connection
[2026-09-01 06:54:38.690] [info] [[94mHttpSession.cpp[0m:[95m96[0m [96mhandleRequest[0m] Got request: GET /ndt/get_graph_data
[2026-09-01 06:54:38.690] [info] [[94mHttpSession.cpp[0m:[95m531[0m [96mhandleGetGraphData[0m] Handle Get Graph Data
[2026-09-01 06:54:38.708] [info] [[94mHttpSession.cpp[0m:[95m576[0m [96mhandleGetGraphData[0m] get_graph_data success
[2026-09-01 06:54:38.939] [info] [[94mControllerAndOtherEventHandler.cpp[0m:[95m239[0m [96moperator()[0m] Accepted new connection
[2026-09-01 06:54:38.940] [info] [[94mHttpSession.cpp[0m:[95m96[0m [96mhandleRequest[0m] Got request: GET /ndt/get_graph_data
[2026-09-01 06:54:38.940] [info] [[94mHttpSession.cpp[0m:[95m531[0m [96mhandleGetGraphData[0m] Handle Get Graph Data
[2026-09-01 06:54:38.956] [info] [[94mHttpSession.cpp[0m:[95m576[0m [96mhandleGetGraphData[0m] get_graph_data success
[2026-09-01 06:54:39.189] [info] [[94mControllerAndOtherEventHandler.cpp[0m:[95m239[0m [96moperator()[0m] Accepted new connection
[2026-09-01 06:54:39.189] [info] [[94mHttpSession.cpp[0m:[95m96[0m [96mhandleRequest[0m] Got request: GET /ndt/get_graph_data
[2026-09-01 06:54:39.189] [info] [[94mHttpSession.cpp[0m:[95m531[0m [96mhandleGetGraphData[0m] Handle Get Graph Data
[2026-09-01 06:54:39.202] [info] [[94mHttpSession.cpp[0m:[95m576[0m [96mhandleGetGraphData[0m] get_graph_data success
[2026-09-01 06:54:39.440] [info] [[94mControllerAndOtherEventHandler.cpp[0m:[95m239[0m [96moperator()[0m] Accepted new connection
[2026-09-01 06:54:39.440] [info] [[94mHttpSession.cpp[0m:[95m96[0m [96mhandleRequest[0m] Got request: GET /ndt/get_graph_data
[2026-09-01 06:54:39.440] [info] [[94mHttpSession.cpp[0m:[95m531[0m [96mhandleGetGraphData[0m] Handle Get Graph Data
[2026-09-01 06:54:39.458] [info] [[94mHttpSession.cpp[0m:[95m576[0m [96mhandleGetGraphData[0m] get_graph_data success
[2026-09-01 06:54:39.689] [info] [[94mControllerAndOtherEventHandler.cpp[0m:[95m239[0m [96moperator()[0m] Accepted new connection
[2026-09-01 06:54:39.689] [info] [[94mHttpSession.cpp[0m:[95m96[0m [96mhandleRequest[0m] Got request: GET /ndt/get_graph_data
[2026-09-01 06:54:39.689] [info] [[94mHttpSession.cpp[0m:[95m531[0m [96mhandleGetGraphData[0m] Handle Get Graph Data
[2026-09-01 06:54:39.708] [info] [[94mHttpSession.cpp[0m:[95m576[0m [96mhandleGetGraphData[0m] get_graph_data success
[2026-09-01 06:54:39.940] [info] [[94mControllerAndOtherEventHandler.cpp[0m:[95m239[0m [96moperator()[0m] Accepted new connection
[2026-09-01 06:54:39.940] [info] [[94mHttpSession.cpp[0m:[95m96[0m [96mhandleRequest[0m] Got request: GET /ndt/get_graph_data
[2026-09-01 06:54:39.940] [info] [[94mHttpSession.cpp[0m:[95m531[0m [96mhandleGetGraphData[0m] Handle Get Graph Data
[2026-09-01 06:54:39.959] [info] [[94mHttpSession.cpp[0m:[95m576[0m [96mhandleGetGraphData[0m] get_graph_data success
[2026-09-01 06:54:40.189] [info] [[94mControllerAndOtherEventHandler.cpp[0m:[95m239[0m [96moperator()[0m] Accepted new connection
[2026-09-01 06:54:40.190] [info] [[94mHttpSession.cpp[0m:[95m96[0m [96mhandleRequest[0m] Got request: GET /ndt/get_graph_data
[2026-09-01 06:54:40.190] [info] [[94mHttpSession.cpp[0m:[95m531[0m [96mhandleGetGraphData[0m] Handle Get Graph Data
[2026-09-01 06:54:40.208] [info] [[94mHttpSession.cpp[0m:[95m576[0m [96mhandleGetGraphData[0m] get_graph_data success
[2026-09-01 06:54:40.440] [info] [[94mControllerAndOtherEventHandler.cpp[0m:[95m239[0m [96moperator()[0m] Accepted new connection
[2026-09-01 06:54:40.440] [info] [[94mHttpSession.cpp[0m:[95m96[0m [96mhandleRequest[0m] Got request: GET /ndt/get_graph_data
[2026-09-01 06:54:40.440] [info] [[94mHttpSession.cpp[0m:[95m531[0m [96mhandleGetGraphData[0m] Handle Get Graph Data
[2026-09-01 06:54:40.456] [info] [[94mHttpSession.cpp[0m:[95m576[0m [96mhandleGetGraphData[0m] get_graph_data success
[2026-09-01 06:54:40.689] [info] [[94mControllerAndOtherEventHandler.cpp[0m:[95m239[0m [96moperator()[0m] Accepted new connection
[2026-09-01 06:54:40.689] [info] [[94mHttpSession.cpp[0m:[95m96[0m [96mhandleRequest[0m] Got request: GET /ndt/get_graph_data
[2026-09-01 06:54:40.689] [info] [[94mHttpSession.cpp[0m:[95m531[0m [96mhandleGetGraphData[0m] Handle Get Graph Data
[2026-09-01 06:54:40.705] [info] [[94mHttpSession.cpp[0m:[95m576[0m [96mhandleGetGraphData[0m] get_graph_data success
[2026-09-01 06:54:40.940] [info] [[94mControllerAndOtherEventHandler.cpp[0m:[95m239[0m [96moperator()[0m] Accepted new connection
[2026-09-01 06:54:40.940] [info] [[94mHttpSession.cpp[0m:[95m96[0m [96mhandleRequest[0m] Got request: GET /ndt/get_graph_data
[2026-09-01 06:54:40.940] [info] [[94mHttpSession.cpp[0m:[95m531[0m [96mhandleGetGraphData[0m] Handle Get Graph Data
[2026-09-01 06:54:40.959] [info] [[94mHttpSession.cpp[0m:[95m576[0m [96mhandleGetGraphData[0m] get_graph_data success
[2026-09-01 06:54:41.190] [info] [[94mControllerAndOtherEventHandler.cpp[0m:[95m239[0m [96moperator()[0m] Accepted new connection
[2026-09-01 06:54:41.190] [info] [[94mHttpSession.cpp[0m:[95m96[0m [96mhandleRequest[0m] Got request: GET /ndt/get_graph_data
[2026-09-01 06:54:41.190] [info] [[94mHttpSession.cpp[0m:[95m531[0m [96mhandleGetGraphData[0m] Handle Get Graph Data
[2026-09-01 06:54:41.207] [info] [[94mHttpSession.cpp[0m:[95m576[0m [96mhandleGetGraphData[0m] get_graph_data success
[2026-09-01 06:54:41.440] [info] [[94mControllerAndOtherEventHandler.cpp[0m:[95m239[0m [96moperator()[0m] Accepted new connection
[2026-09-01 06:54:41.440] [info] [[94mHttpSession.cpp[0m:[95m96[0m [96mhandleRequest[0m] Got request: GET /ndt/get_graph_data
[2026-09-01 06:54:41.440] [info] [[94mHttpSession.cpp[0m:[95m531[0m [96mhandleGetGraphData[0m] Handle Get Graph Data
[2026-09-01 06:54:41.458] [info] [[94mHttpSession.cpp[0m:[95m576[0m [96mhandleGetGraphData[0m] get_graph_data success
[2026-09-01 06:54:41.690] [info] [[94mControllerAndOtherEventHandler.cpp[0m:[95m239[0m [96moperator()[0m] Accepted new connection
[2026-09-01 06:54:41.691] [info] [[94mHttpSession.cpp[0m:[95m96[0m [96mhandleRequest[0m] Got request: GET /ndt/get_graph_data
[2026-09-01 06:54:41.691] [info] [[94mHttpSession.cpp[0m:[95m531[0m [96mhandleGetGraphData[0m] Handle Get Graph Data
[2026-09-01 06:54:41.710] [info] [[94mHttpSession.cpp[0m:[95m576[0m [96mhandleGetGraphData[0m] get_graph_data success
[2026-09-01 06:54:41.940] [info] [[94mControllerAndOtherEventHandler.cpp[0m:[95m239[0m [96moperator()[0m] Accepted new connection
[2026-09-01 06:54:41.941] [info] [[94mHttpSession.cpp[0m:[95m96[0m [96mhandleRequest[0m] Got request: GET /ndt/get_graph_data
[2026-09-01 06:54:41.941] [info] [[94mHttpSession.cpp[0m:[95m531[0m [96mhandleGetGraphData[0m] Handle Get Graph Data
[2026-09-01 06:54:41.959] [info] [[94mHttpSession.cpp[0m:[95m576[0m [96mhandleGetGraphData[0m] get_graph_data success
[2026-09-01 06:54:42.190] [info] [[94mControllerAndOtherEventHandler.cpp[0m:[95m239[0m [96moperator()[0m] Accepted new connection
[2026-09-01 06:54:42.190] [info] [[94mHttpSession.cpp[0m:[95m96[0m [96mhandleRequest[0m] Got request: GET /ndt/get_graph_data
[2026-09-01 06:54:42.190] [info] [[94mHttpSession.cpp[0m:[95m531[0m [96mhandleGetGraphData[0m] Handle Get Graph Data
[2026-09-01 06:54:42.204] [info] [[94mHttpSession.cpp[0m:[95m576[0m [96mhandleGetGraphData[0m] get_graph_data success
[2026-09-01 06:54:42.440] [info] [[94mControllerAndOtherEventHandler.cpp[0m:[95m239[0m [96moperator()[0m] Accepted new connection
[2026-09-01 06:54:42.440] [info] [[94mHttpSession.cpp[0m:[95m96[0m [96mhandleRequest[0m] Got request: GET /ndt/get_graph_data
[2026-09-01 06:54:42.440] [info] [[94mHttpSession.cpp[0m:[95m531[0m [96mhandleGetGraphData[0m] Handle Get Graph Data
[2026-09-01 06:54:42.459] [info] [[94mHttpSession.cpp[0m:[95m576[0m [96mhandleGetGraphData[0m] get_graph_data success
[2026-09-01 06:54:42.690] [info] [[94mControllerAndOtherEventHandler.cpp[0m:[95m239[0m [96moperator()[0m] Accepted new connection
[2026-09-01 06:54:42.691] [info] [[94mHttpSession.cpp[0m:[95m96[0m [96mhandleRequest[0m] Got request: GET /ndt/get_graph_data
[2026-09-01 06:54:42.691] [info] [[94mHttpSession.cpp[0m:[95m531[0m [96mhandleGetGraphData[0m] Handle Get Graph Data
[2026-09-01 06:54:42.703] [info] [[94mHttpSession.cpp[0m:[95m576[0m [96mhandleGetGraphData[0m] get_graph_data success
[2026-09-01 06:54:42.941] [info] [[94mControllerAndOtherEventHandler.cpp[0m:[95m239[0m [96moperator()[0m] Accepted new connection
[2026-09-01 06:54:42.941] [info] [[94mHttpSession.cpp[0m:[95m96[0m [96mhandleRequest[0m] Got request: GET /ndt/get_graph_data
[2026-09-01 06:54:42.941] [info] [[94mHttpSession.cpp[0m:[95m531[0m [96mhandleGetGraphData[0m] Handle Get Graph Data
[2026-09-01 06:54:42.955] [info] [[94mHttpSession.cpp[0m:[95m576[0m [96mhandleGetGraphData[0m] get_graph_data success
[2026-09-01 06:54:43.191] [info] [[94mControllerAndOtherEventHandler.cpp[0m:[95m239[0m [96moperator()[0m] Accepted new connection
[2026-09-01 06:54:43.191] [info] [[94mHttpSession.cpp[0m:[95m96[0m [96mhandleRequest[0m] Got request: GET /ndt/get_graph_data
[2026-09-01 06:54:43.191] [info] [[94mHttpSession.cpp[0m:[95m531[0m [96mhandleGetGraphData[0m] Handle Get Graph Data
[2026-09-01 06:54:43.206] [info] [[94mHttpSession.cpp[0m:[95m576[0m [96mhandleGetGraphData[0m] get_graph_data success
[2026-09-01 06:54:43.440] [info] [[94mControllerAndOtherEventHandler.cpp[0m:[95m239[0m [96moperator()[0m] Accepted new connection
[2026-09-01 06:54:43.440] [info] [[94mHttpSession.cpp[0m:[95m96[0m [96mhandleRequest[0m] Got request: GET /ndt/get_graph_data
[2026-09-01 06:54:43.440] [info] [[94mHttpSession.cpp[0m:[95m531[0m [96mhandleGetGraphData[0m] Handle Get Graph Data
[2026-09-01 06:54:43.455] [info] [[94mHttpSession.cpp[0m:[95m576[0m [96mhandleGetGraphData[0m] get_graph_data success
[2026-09-01 06:54:43.690] [info] [[94mControllerAndOtherEventHandler.cpp[0m:[95m239[0m [96moperator()[0m] Accepted new connection
[2026-09-01 06:54:43.690] [info] [[94mHttpSession.cpp[0m:[95m96[0m [96mhandleRequest[0m] Got request: GET /ndt/get_graph_data
[2026-09-01 06:54:43.691] [info] [[94mHttpSession.cpp[0m:[95m531[0m [96mhandleGetGraphData[0m] Handle Get Graph Data
[2026-09-01 06:54:43.709] [info] [[94mHttpSession.cpp[0m:[95m576[0m [96mhandleGetGraphData[0m] get_graph_data success
[2026-09-01 06:54:43.940] [info] [[94mControllerAndOtherEventHandler.cpp[0m:[95m239[0m [96moperator()[0m] Accepted new connection
[2026-09-01 06:54:43.941] [info] [[94mHttpSession.cpp[0m:[95m96[0m [96mhandleRequest[0m] Got request: GET /ndt/get_graph_data
[2026-09-01 06:54:43.941] [info] [[94mHttpSession.cpp[0m:[95m531[0m [96mhandleGetGraphData[0m] Handle Get Graph Data
[2026-09-01 06:54:43.959] [info] [[94mHttpSession.cpp[0m:[95m576[0m [96mhandleGetGraphData[0m] get_graph_data success
[2026-09-01 06:54:44.191] [info] [[94mControllerAndOtherEventHandler.cpp[0m:[95m239[0m [96moperator()[0m] Accepted new connection
[2026-09-01 06:54:44.191] [info] [[94mHttpSession.cpp[0m:[95m96[0m [96mhandleRequest[0m] Got request: GET /ndt/get_graph_data
[2026-09-01 06:54:44.191] [info] [[94mHttpSession.cpp[0m:[95m531[0m [96mhandleGetGraphData[0m] Handle Get Graph Data
[2026-09-01 06:54:44.211] [info] [[94mHttpSession.cpp[0m:[95m576[0m [96mhandleGetGraphData[0m] get_graph_data success
[2026-09-01 06:54:44.441] [info] [[94mControllerAndOtherEventHandler.cpp[0m:[95m239[0m [96moperator()[0m] Accepted new connection
[2026-09-01 06:54:44.441] [info] [[94mHttpSession.cpp[0m:[95m96[0m [96mhandleRequest[0m] Got request: GET /ndt/get_graph_data
[2026-09-01 06:54:44.441] [info] [[94mHttpSession.cpp[0m:[95m531[0m [96mhandleGetGraphData[0m] Handle Get Graph Data
[2026-09-01 06:54:44.459] [info] [[94mHttpSession.cpp[0m:[95m576[0m [96mhandleGetGraphData[0m] get_graph_data success
[2026-09-01 06:54:44.691] [info] [[94mControllerAndOtherEventHandler.cpp[0m:[95m239[0m [96moperator()[0m] Accepted new connection
[2026-09-01 06:54:44.691] [info] [[94mHttpSession.cpp[0m:[95m96[0m [96mhandleRequest[0m] Got request: GET /ndt/get_graph_data
[2026-09-01 06:54:44.691] [info] [[94mHttpSession.cpp[0m:[95m531[0m [96mhandleGetGraphData[0m] Handle Get Graph Data
[2026-09-01 06:54:44.710] [info] [[94mHttpSession.cpp[0m:[95m576[0m [96mhandleGetGraphData[0m] get_graph_data success
[2026-09-01 06:54:44.941] [info] [[94mControllerAndOtherEventHandler.cpp[0m:[95m239[0m [96moperator()[0m] Accepted new connection
[2026-09-01 06:54:44.942] [info] [[94mHttpSession.cpp[0m:[95m96[0m [96mhandleRequest[0m] Got request: GET /ndt/get_graph_data
[2026-09-01 06:54:44.942] [info] [[94mHttpSession.cpp[0m:[95m531[0m [96mhandleGetGraphData[0m] Handle Get Graph Data
[2026-09-01 06:54:44.956] [info] [[94mHttpSession.cpp[0m:[95m576[0m [96mhandleGetGraphData[0m] get_graph_data success
[2026-09-01 06:54:45.191] [info] [[94mControllerAndOtherEventHandler.cpp[0m:[95m239[0m [96moperator()[0m] Accepted new connection
[2026-09-01 06:54:45.191] [info] [[94mHttpSession.cpp[0m:[95m96[0m [96mhandleRequest[0m] Got request: GET /ndt/get_graph_data
[2026-09-01 06:54:45.191] [info] [[94mHttpSession.cpp[0m:[95m531[0m [96mhandleGetGraphData[0m] Handle Get Graph Data
[2026-09-01 06:54:45.209] [info] [[94mHttpSession.cpp[0m:[95m576[0m [96mhandleGetGraphData[0m] get_graph_data success
[2026-09-01 06:54:45.441] [info] [[94mControllerAndOtherEventHandler.cpp[0m:[95m239[0m [96moperator()[0m] Accepted new connection
[2026-09-01 06:54:45.442] [info] [[94mHttpSession.cpp[0m:[95m96[0m [96mhandleRequest[0m] Got request: GET /ndt/get_graph_data
[2026-09-01 06:54:45.442] [info] [[94mHttpSession.cpp[0m:[95m531[0m [96mhandleGetGraphData[0m] Handle Get Graph Data
[2026-09-01 06:54:45.460] [info] [[94mHttpSession.cpp[0m:[95m576[0m [96mhandleGetGraphData[0m] get_graph_data success
[2026-09-01 06:54:45.692] [info] [[94mControllerAndOtherEventHandler.cpp[0m:[95m239[0m [96moperator()[0m] Accepted new connection
[2026-09-01 06:54:45.692] [info] [[94mHttpSession.cpp[0m:[95m96[0m [96mhandleRequest[0m] Got request: GET /ndt/get_graph_data
[2026-09-01 06:54:45.692] [info] [[94mHttpSession.cpp[0m:[95m531[0m [96mhandleGetGraphData[0m] Handle Get Graph Data
[2026-09-01 06:54:45.704] [info] [[94mHttpSession.cpp[0m:[95m576[0m [96mhandleGetGraphData[0m] get_graph_data success
[2026-09-01 06:54:45.942] [info] [[94mControllerAndOtherEventHandler.cpp[0m:[95m239[0m [96moperator()[0m] Accepted new connection
[2026-09-01 06:54:45.942] [info] [[94mHttpSession.cpp[0m:[95m96[0m [96mhandleRequest[0m] Got request: GET /ndt/get_graph_data
[2026-09-01 06:54:45.942] [info] [[94mHttpSession.cpp[0m:[95m531[0m [96mhandleGetGraphData[0m] Handle Get Graph Data
[2026-09-01 06:54:45.960] [info] [[94mHttpSession.cpp[0m:[95m576[0m [96mhandleGetGraphData[0m] get_graph_data success
[2026-09-01 06:54:46.191] [info] [[94mControllerAndOtherEventHandler.cpp[0m:[95m239[0m [96moperator()[0m] Accepted new connection
[2026-09-01 06:54:46.191] [info] [[94mHttpSession.cpp[0m:[95m96[0m [96mhandleRequest[0m] Got request: GET /ndt/get_graph_data
[2026-09-01 06:54:46.191] [info] [[94mHttpSession.cpp[0m:[95m531[0m [96mhandleGetGraphData[0m] Handle Get Graph Data
[2026-09-01 06:54:46.208] [info] [[94mHttpSession.cpp[0m:[95m576[0m [96mhandleGetGraphData[0m] get_graph_data success
[2026-09-01 06:54:46.441] [info] [[94mControllerAndOtherEventHandler.cpp[0m:[95m239[0m [96moperator()[0m] Accepted new connection
[2026-09-01 06:54:46.441] [info] [[94mHttpSession.cpp[0m:[95m96[0m [96mhandleRequest[0m] Got request: GET /ndt/get_graph_data
[2026-09-01 06:54:46.441] [info] [[94mHttpSession.cpp[0m:[95m531[0m [96mhandleGetGraphData[0m] Handle Get Graph Data
[2026-09-01 06:54:46.459] [info] [[94mHttpSession.cpp[0m:[95m576[0m [96mhandleGetGraphData[0m] get_graph_data success
[2026-09-01 06:54:46.692] [info] [[94mControllerAndOtherEventHandler.cpp[0m:[95m239[0m [96moperator()[0m] Accepted new connection
[2026-09-01 06:54:46.692] [info] [[94mHttpSession.cpp[0m:[95m96[0m [96mhandleRequest[0m] Got request: GET /ndt/get_graph_data
[2026-09-01 06:54:46.692] [info] [[94mHttpSession.cpp[0m:[95m531[0m [96mhandleGetGraphData[0m] Handle Get Graph Data
[2026-09-01 06:54:46.709] [info] [[94mHttpSession.cpp[0m:[95m576[0m [96mhandleGetGraphData[0m] get_graph_data success
[2026-09-01 06:54:46.941] [info] [[94mControllerAndOtherEventHandler.cpp[0m:[95m239[0m [96moperator()[0m] Accepted new connection
[2026-09-01 06:54:46.941] [info] [[94mHttpSession.cpp[0m:[95m96[0m [96mhandleRequest[0m] Got request: GET /ndt/get_graph_data
[2026-09-01 06:54:46.941] [info] [[94mHttpSession.cpp[0m:[95m531[0m [96mhandleGetGraphData[0m] Handle Get Graph Data
[2026-09-01 06:54:46.959] [info] [[94mHttpSession.cpp[0m:[95m576[0m [96mhandleGetGraphData[0m] get_graph_data success
[2026-09-01 06:54:47.192] [info] [[94mControllerAndOtherEventHandler.cpp[0m:[95m239[0m [96moperator()[0m] Accepted new connection
[2026-09-01 06:54:47.192] [info] [[94mHttpSession.cpp[0m:[95m96[0m [96mhandleRequest[0m] Got request: GET /ndt/get_graph_data
[2026-09-01 06:54:47.192] [info] [[94mHttpSession.cpp[0m:[95m531[0m [96mhandleGetGraphData[0m] Handle Get Graph Data
[2026-09-01 06:54:47.205] [info] [[94mHttpSession.cpp[0m:[95m576[0m [96mhandleGetGraphData[0m] get_graph_data success
[2026-09-01 06:54:47.442] [info] [[94mControllerAndOtherEventHandler.cpp[0m:[95m239[0m [96moperator()[0m] Accepted new connection
[2026-09-01 06:54:47.442] [info] [[94mHttpSession.cpp[0m:[95m96[0m [96mhandleRequest[0m] Got request: GET /ndt/get_graph_data
[2026-09-01 06:54:47.442] [info] [[94mHttpSession.cpp[0m:[95m531[0m [96mhandleGetGraphData[0m] Handle Get Graph Data
[2026-09-01 06:54:47.459] [info] [[94mHttpSession.cpp[0m:[95m576[0m [96mhandleGetGraphData[0m] get_graph_data success
[2026-09-01 06:54:47.692] [info] [[94mControllerAndOtherEventHandler.cpp[0m:[95m239[0m [96moperator()[0m] Accepted new connection
[2026-09-01 06:54:47.692] [info] [[94mHttpSession.cpp[0m:[95m96[0m [96mhandleRequest[0m] Got request: GET /ndt/get_graph_data
[2026-09-01 06:54:47.693] [info] [[94mHttpSession.cpp[0m:[95m531[0m [96mhandleGetGraphData[0m] Handle Get Graph Data
[2026-09-01 06:54:47.705] [info] [[94mHttpSession.cpp[0m:[95m576[0m [96mhandleGetGraphData[0m] get_graph_data success
[2026-09-01 06:54:47.942] [info] [[94mControllerAndOtherEventHandler.cpp[0m:[95m239[0m [96moperator()[0m] Accepted new connection
[2026-09-01 06:54:47.942] [info] [[94mHttpSession.cpp[0m:[95m96[0m [96mhandleRequest[0m] Got request: GET /ndt/get_graph_data
[2026-09-01 06:54:47.943] [info] [[94mHttpSession.cpp[0m:[95m531[0m [96mhandleGetGraphData[0m] Handle Get Graph Data
[2026-09-01 06:54:47.954] [info] [[94mHttpSession.cpp[0m:[95m576[0m [96mhandleGetGraphData[0m] get_graph_data success
[2026-09-01 06:54:48.192] [info] [[94mControllerAndOtherEventHandler.cpp[0m:[95m239[0m [96moperator()[0m] Accepted new connection
[2026-09-01 06:54:48.192] [info] [[94mHttpSession.cpp[0m:[95m96[0m [96mhandleRequest[0m] Got request: GET /ndt/get_graph_data
[2026-09-01 06:54:48.192] [info] [[94mHttpSession.cpp[0m:[95m531[0m [96mhandleGetGraphData[0m] Handle Get Graph Data
[2026-09-01 06:54:48.209] [info] [[94mHttpSession.cpp[0m:[95m576[0m [96mhandleGetGraphData[0m] get_graph_data success
[2026-09-01 06:54:48.442] [info] [[94mControllerAndOtherEventHandler.cpp[0m:[95m239[0m [96moperator()[0m] Accepted new connection
[2026-09-01 06:54:48.442] [info] [[94mHttpSession.cpp[0m:[95m96[0m [96mhandleRequest[0m] Got request: GET /ndt/get_graph_data
[2026-09-01 06:54:48.442] [info] [[94mHttpSession.cpp[0m:[95m531[0m [96mhandleGetGraphData[0m] Handle Get Graph Data
[2026-09-01 06:54:48.459] [info] [[94mHttpSession.cpp[0m:[95m576[0m [96mhandleGetGraphData[0m] get_graph_data success
[2026-09-01 06:54:48.693] [info] [[94mControllerAndOtherEventHandler.cpp[0m:[95m239[0m [96moperator()[0m] Accepted new connection
[2026-09-01 06:54:48.693] [info] [[94mHttpSession.cpp[0m:[95m96[0m [96mhandleRequest[0m] Got request: GET /ndt/get_graph_data
[2026-09-01 06:54:48.693] [info] [[94mHttpSession.cpp[0m:[95m531[0m [96mhandleGetGraphData[0m] Handle Get Graph Data
[2026-09-01 06:54:48.710] [info] [[94mHttpSession.cpp[0m:[95m576[0m [96mhandleGetGraphData[0m] get_graph_data success
[2026-09-01 06:54:48.942] [info] [[94mControllerAndOtherEventHandler.cpp[0m:[95m239[0m [96moperator()[0m] Accepted new connection
[2026-09-01 06:54:48.942] [info] [[94mHttpSession.cpp[0m:[95m96[0m [96mhandleRequest[0m] Got request: GET /ndt/get_graph_data
[2026-09-01 06:54:48.942] [info] [[94mHttpSession.cpp[0m:[95m531[0m [96mhandleGetGraphData[0m] Handle Get Graph Data
[2026-09-01 06:54:48.960] [info] [[94mHttpSession.cpp[0m:[95m576[0m [96mhandleGetGraphData[0m] get_graph_data success
[2026-09-01 06:54:49.193] [info] [[94mControllerAndOtherEventHandler.cpp[0m:[95m239[0m [96moperator()[0m] Accepted new connection
[2026-09-01 06:54:49.193] [info] [[94mHttpSession.cpp[0m:[95m96[0m [96mhandleRequest[0m] Got request: GET /ndt/get_graph_data
[2026-09-01 06:54:49.193] [info] [[94mHttpSession.cpp[0m:[95m531[0m [96mhandleGetGraphData[0m] Handle Get Graph Data
[2026-09-01 06:54:49.211] [info] [[94mHttpSession.cpp[0m:[95m576[0m [96mhandleGetGraphData[0m] get_graph_data success
[2026-09-01 06:54:49.443] [info] [[94mControllerAndOtherEventHandler.cpp[0m:[95m239[0m [96moperator()[0m] Accepted new connection
[2026-09-01 06:54:49.443] [info] [[94mHttpSession.cpp[0m:[95m96[0m [96mhandleRequest[0m] Got request: GET /ndt/get_graph_data
[2026-09-01 06:54:49.443] [info] [[94mHttpSession.cpp[0m:[95m531[0m [96mhandleGetGraphData[0m] Handle Get Graph Data
[2026-09-01 06:54:49.461] [info] [[94mHttpSession.cpp[0m:[95m576[0m [96mhandleGetGraphData[0m] get_graph_data success
[2026-09-01 06:54:49.692] [info] [[94mControllerAndOtherEventHandler.cpp[0m:[95m239[0m [96moperator()[0m] Accepted new connection
[2026-09-01 06:54:49.692] [info] [[94mHttpSession.cpp[0m:[95m96[0m [96mhandleRequest[0m] Got request: GET /ndt/get_graph_data
[2026-09-01 06:54:49.692] [info] [[94mHttpSession.cpp[0m:[95m531[0m [96mhandleGetGraphData[0m] Handle Get Graph Data
[2026-09-01 06:54:49.710] [info] [[94mHttpSession.cpp[0m:[95m576[0m [96mhandleGetGraphData[0m] get_graph_data success
[2026-09-01 06:54:49.942] [info] [[94mControllerAndOtherEventHandler.cpp[0m:[95m239[0m [96moperator()[0m] Accepted new connection
[2026-09-01 06:54:49.943] [info] [[94mHttpSession.cpp[0m:[95m96[0m [96mhandleRequest[0m] Got request: GET /ndt/get_graph_data
[2026-09-01 06:54:49.943] [info] [[94mHttpSession.cpp[0m:[95m531[0m [96mhandleGetGraphData[0m] Handle Get Graph Data
[2026-09-01 06:54:49.956] [info] [[94mHttpSession.cpp[0m:[95m576[0m [96mhandleGetGraphData[0m] get_graph_data success
[2026-09-01 06:54:50.149] [info] [[94mFlowLinkUsageCollector.cpp[0m:[95m2255[0m [96mpurgeIdleFlows[0m] Flow Key: 10.0.0.33 -> 10.0.0.1 idles
[2026-09-01 06:54:50.149] [info] [[94mFlowLinkUsageCollector.cpp[0m:[95m2255[0m [96mpurgeIdleFlows[0m] Flow Key: 10.0.0.1 -> 10.0.0.33 idles
[2026-09-01 06:54:50.149] [info] [[94mFlowLinkUsageCollector.cpp[0m:[95m2255[0m [96mpurgeIdleFlows[0m] Flow Key: 10.0.0.33 -> 10.0.0.1 idles
[2026-09-01 06:54:50.193] [info] [[94mControllerAndOtherEventHandler.cpp[0m:[95m239[0m [96moperator()[0m] Accepted new connection
[2026-09-01 06:54:50.193] [info] [[94mHttpSession.cpp[0m:[95m96[0m [96mhandleRequest[0m] Got request: GET /ndt/get_graph_data
[2026-09-01 06:54:50.193] [info] [[94mHttpSession.cpp[0m:[95m531[0m [96mhandleGetGraphData[0m] Handle Get Graph Data
[2026-09-01 06:54:50.207] [info] [[94mHttpSession.cpp[0m:[95m576[0m [96mhandleGetGraphData[0m] get_graph_data success
[2026-09-01 06:54:50.443] [info] [[94mControllerAndOtherEventHandler.cpp[0m:[95m239[0m [96moperator()[0m] Accepted new connection
[2026-09-01 06:54:50.443] [info] [[94mHttpSession.cpp[0m:[95m96[0m [96mhandleRequest[0m] Got request: GET /ndt/get_graph_data
[2026-09-01 06:54:50.443] [info] [[94mHttpSession.cpp[0m:[95m531[0m [96mhandleGetGraphData[0m] Handle Get Graph Data
[2026-09-01 06:54:50.462] [info] [[94mHttpSession.cpp[0m:[95m576[0m [96mhandleGetGraphData[0m] get_graph_data success
[2026-09-01 06:54:50.692] [info] [[94mControllerAndOtherEventHandler.cpp[0m:[95m239[0m [96moperator()[0m] Accepted new connection
[2026-09-01 06:54:50.692] [info] [[94mHttpSession.cpp[0m:[95m96[0m [96mhandleRequest[0m] Got request: GET /ndt/get_graph_data
[2026-09-01 06:54:50.693] [info] [[94mHttpSession.cpp[0m:[95m531[0m [96mhandleGetGraphData[0m] Handle Get Graph Data
[2026-09-01 06:54:50.711] [info] [[94mHttpSession.cpp[0m:[95m576[0m [96mhandleGetGraphData[0m] get_graph_data success
[2026-09-01 06:54:50.942] [info] [[94mControllerAndOtherEventHandler.cpp[0m:[95m239[0m [96moperator()[0m] Accepted new connection
[2026-09-01 06:54:50.943] [info] [[94mHttpSession.cpp[0m:[95m96[0m [96mhandleRequest[0m] Got request: GET /ndt/get_graph_data
[2026-09-01 06:54:50.943] [info] [[94mHttpSession.cpp[0m:[95m531[0m [96mhandleGetGraphData[0m] Handle Get Graph Data
[2026-09-01 06:54:50.955] [info] [[94mHttpSession.cpp[0m:[95m576[0m [96mhandleGetGraphData[0m] get_graph_data success
[2026-09-01 06:54:51.193] [info] [[94mControllerAndOtherEventHandler.cpp[0m:[95m239[0m [96moperator()[0m] Accepted new connection
[2026-09-01 06:54:51.193] [info] [[94mHttpSession.cpp[0m:[95m96[0m [96mhandleRequest[0m] Got request: GET /ndt/get_graph_data
[2026-09-01 06:54:51.193] [info] [[94mHttpSession.cpp[0m:[95m531[0m [96mhandleGetGraphData[0m] Handle Get Graph Data
[2026-09-01 06:54:51.212] [info] [[94mHttpSession.cpp[0m:[95m576[0m [96mhandleGetGraphData[0m] get_graph_data success
[2026-09-01 06:54:51.444] [info] [[94mControllerAndOtherEventHandler.cpp[0m:[95m239[0m [96moperator()[0m] Accepted new connection
[2026-09-01 06:54:51.444] [info] [[94mHttpSession.cpp[0m:[95m96[0m [96mhandleRequest[0m] Got request: GET /ndt/get_graph_data
[2026-09-01 06:54:51.444] [info] [[94mHttpSession.cpp[0m:[95m531[0m [96mhandleGetGraphData[0m] Handle Get Graph Data
[2026-09-01 06:54:51.462] [info] [[94mHttpSession.cpp[0m:[95m576[0m [96mhandleGetGraphData[0m] get_graph_data success
[2026-09-01 06:54:51.694] [info] [[94mControllerAndOtherEventHandler.cpp[0m:[95m239[0m [96moperator()[0m] Accepted new connection
[2026-09-01 06:54:51.694] [info] [[94mHttpSession.cpp[0m:[95m96[0m [96mhandleRequest[0m] Got request: GET /ndt/get_graph_data
[2026-09-01 06:54:51.694] [info] [[94mHttpSession.cpp[0m:[95m531[0m [96mhandleGetGraphData[0m] Handle Get Graph Data
[2026-09-01 06:54:51.713] [info] [[94mHttpSession.cpp[0m:[95m576[0m [96mhandleGetGraphData[0m] get_graph_data success
[2026-09-01 06:54:51.944] [info] [[94mControllerAndOtherEventHandler.cpp[0m:[95m239[0m [96moperator()[0m] Accepted new connection
[2026-09-01 06:54:51.944] [info] [[94mHttpSession.cpp[0m:[95m96[0m [96mhandleRequest[0m] Got request: GET /ndt/get_graph_data
[2026-09-01 06:54:51.944] [info] [[94mHttpSession.cpp[0m:[95m531[0m [96mhandleGetGraphData[0m] Handle Get Graph Data
[2026-09-01 06:54:51.956] [info] [[94mHttpSession.cpp[0m:[95m576[0m [96mhandleGetGraphData[0m] get_graph_data success
[2026-09-01 06:54:52.193] [info] [[94mControllerAndOtherEventHandler.cpp[0m:[95m239[0m [96moperator()[0m] Accepted new connection
[2026-09-01 06:54:52.193] [info] [[94mHttpSession.cpp[0m:[95m96[0m [96mhandleRequest[0m] Got request: GET /ndt/get_graph_data
[2026-09-01 06:54:52.193] [info] [[94mHttpSession.cpp[0m:[95m531[0m [96mhandleGetGraphData[0m] Handle Get Graph Data
[2026-09-01 06:54:52.206] [info] [[94mHttpSession.cpp[0m:[95m576[0m [96mhandleGetGraphData[0m] get_graph_data success
[2026-09-01 06:54:52.444] [info] [[94mControllerAndOtherEventHandler.cpp[0m:[95m239[0m [96moperator()[0m] Accepted new connection
[2026-09-01 06:54:52.444] [info] [[94mHttpSession.cpp[0m:[95m96[0m [96mhandleRequest[0m] Got request: GET /ndt/get_graph_data
[2026-09-01 06:54:52.444] [info] [[94mHttpSession.cpp[0m:[95m531[0m [96mhandleGetGraphData[0m] Handle Get Graph Data
[2026-09-01 06:54:52.460] [info] [[94mHttpSession.cpp[0m:[95m576[0m [96mhandleGetGraphData[0m] get_graph_data success
[2026-09-01 06:54:52.694] [info] [[94mControllerAndOtherEventHandler.cpp[0m:[95m239[0m [96moperator()[0m] Accepted new connection
[2026-09-01 06:54:52.694] [info] [[94mHttpSession.cpp[0m:[95m96[0m [96mhandleRequest[0m] Got request: GET /ndt/get_graph_data
[2026-09-01 06:54:52.694] [info] [[94mHttpSession.cpp[0m:[95m531[0m [96mhandleGetGraphData[0m] Handle Get Graph Data
[2026-09-01 06:54:52.713] [info] [[94mHttpSession.cpp[0m:[95m576[0m [96mhandleGetGraphData[0m] get_graph_data success
[2026-09-01 06:54:52.944] [info] [[94mControllerAndOtherEventHandler.cpp[0m:[95m239[0m [96moperator()[0m] Accepted new connection
[2026-09-01 06:54:52.944] [info] [[94mHttpSession.cpp[0m:[95m96[0m [96mhandleRequest[0m] Got request: GET /ndt/get_graph_data
[2026-09-01 06:54:52.944] [info] [[94mHttpSession.cpp[0m:[95m531[0m [96mhandleGetGraphData[0m] Handle Get Graph Data
[2026-09-01 06:54:52.962] [info] [[94mHttpSession.cpp[0m:[95m576[0m [96mhandleGetGraphData[0m] get_graph_data success
[2026-09-01 06:54:53.194] [info] [[94mControllerAndOtherEventHandler.cpp[0m:[95m239[0m [96moperator()[0m] Accepted new connection
[2026-09-01 06:54:53.194] [info] [[94mHttpSession.cpp[0m:[95m96[0m [96mhandleRequest[0m] Got request: GET /ndt/get_graph_data
[2026-09-01 06:54:53.194] [info] [[94mHttpSession.cpp[0m:[95m531[0m [96mhandleGetGraphData[0m] Handle Get Graph Data
[2026-09-01 06:54:53.212] [info] [[94mHttpSession.cpp[0m:[95m576[0m [96mhandleGetGraphData[0m] get_graph_data success
[2026-09-01 06:54:53.444] [info] [[94mControllerAndOtherEventHandler.cpp[0m:[95m239[0m [96moperator()[0m] Accepted new connection
[2026-09-01 06:54:53.444] [info] [[94mHttpSession.cpp[0m:[95m96[0m [96mhandleRequest[0m] Got request: GET /ndt/get_graph_data
[2026-09-01 06:54:53.444] [info] [[94mHttpSession.cpp[0m:[95m531[0m [96mhandleGetGraphData[0m] Handle Get Graph Data
[2026-09-01 06:54:53.462] [info] [[94mHttpSession.cpp[0m:[95m576[0m [96mhandleGetGraphData[0m] get_graph_data success
[2026-09-01 06:54:53.693] [info] [[94mControllerAndOtherEventHandler.cpp[0m:[95m239[0m [96moperator()[0m] Accepted new connection
[2026-09-01 06:54:53.693] [info] [[94mHttpSession.cpp[0m:[95m96[0m [96mhandleRequest[0m] Got request: GET /ndt/get_graph_data
[2026-09-01 06:54:53.693] [info] [[94mHttpSession.cpp[0m:[95m531[0m [96mhandleGetGraphData[0m] Handle Get Graph Data
[2026-09-01 06:54:53.711] [info] [[94mHttpSession.cpp[0m:[95m576[0m [96mhandleGetGraphData[0m] get_graph_data success
[2026-09-01 06:54:53.944] [info] [[94mControllerAndOtherEventHandler.cpp[0m:[95m239[0m [96moperator()[0m] Accepted new connection
[2026-09-01 06:54:53.944] [info] [[94mHttpSession.cpp[0m:[95m96[0m [96mhandleRequest[0m] Got request: GET /ndt/get_graph_data
[2026-09-01 06:54:53.944] [info] [[94mHttpSession.cpp[0m:[95m531[0m [96mhandleGetGraphData[0m] Handle Get Graph Data
[2026-09-01 06:54:53.957] [info] [[94mHttpSession.cpp[0m:[95m576[0m [96mhandleGetGraphData[0m] get_graph_data success
[2026-09-01 06:54:54.193] [info] [[94mControllerAndOtherEventHandler.cpp[0m:[95m239[0m [96moperator()[0m] Accepted new connection
[2026-09-01 06:54:54.194] [info] [[94mHttpSession.cpp[0m:[95m96[0m [96mhandleRequest[0m] Got request: GET /ndt/get_graph_data
[2026-09-01 06:54:54.194] [info] [[94mHttpSession.cpp[0m:[95m531[0m [96mhandleGetGraphData[0m] Handle Get Graph Data
[2026-09-01 06:54:54.207] [info] [[94mHttpSession.cpp[0m:[95m576[0m [96mhandleGetGraphData[0m] get_graph_data success
[2026-09-01 06:54:54.444] [info] [[94mControllerAndOtherEventHandler.cpp[0m:[95m239[0m [96moperator()[0m] Accepted new connection
[2026-09-01 06:54:54.445] [info] [[94mHttpSession.cpp[0m:[95m96[0m [96mhandleRequest[0m] Got request: GET /ndt/get_graph_data
[2026-09-01 06:54:54.445] [info] [[94mHttpSession.cpp[0m:[95m531[0m [96mhandleGetGraphData[0m] Handle Get Graph Data
[2026-09-01 06:54:54.460] [info] [[94mHttpSession.cpp[0m:[95m576[0m [96mhandleGetGraphData[0m] get_graph_data success
[2026-09-01 06:54:54.694] [info] [[94mControllerAndOtherEventHandler.cpp[0m:[95m239[0m [96moperator()[0m] Accepted new connection
[2026-09-01 06:54:54.694] [info] [[94mHttpSession.cpp[0m:[95m96[0m [96mhandleRequest[0m] Got request: GET /ndt/get_graph_data
[2026-09-01 06:54:54.694] [info] [[94mHttpSession.cpp[0m:[95m531[0m [96mhandleGetGraphData[0m] Handle Get Graph Data
[2026-09-01 06:54:54.706] [info] [[94mHttpSession.cpp[0m:[95m576[0m [96mhandleGetGraphData[0m] get_graph_data success
[2026-09-01 06:54:54.944] [info] [[94mControllerAndOtherEventHandler.cpp[0m:[95m239[0m [96moperator()[0m] Accepted new connection
[2026-09-01 06:54:54.945] [info] [[94mHttpSession.cpp[0m:[95m96[0m [96mhandleRequest[0m] Got request: GET /ndt/get_graph_data
[2026-09-01 06:54:54.945] [info] [[94mHttpSession.cpp[0m:[95m531[0m [96mhandleGetGraphData[0m] Handle Get Graph Data
[2026-09-01 06:54:54.958] [info] [[94mHttpSession.cpp[0m:[95m576[0m [96mhandleGetGraphData[0m] get_graph_data success
[2026-09-01 06:54:55.195] [info] [[94mControllerAndOtherEventHandler.cpp[0m:[95m239[0m [96moperator()[0m] Accepted new connection
[2026-09-01 06:54:55.195] [info] [[94mHttpSession.cpp[0m:[95m96[0m [96mhandleRequest[0m] Got request: GET /ndt/get_graph_data
[2026-09-01 06:54:55.195] [info] [[94mHttpSession.cpp[0m:[95m531[0m [96mhandleGetGraphData[0m] Handle Get Graph Data
[2026-09-01 06:54:55.213] [info] [[94mHttpSession.cpp[0m:[95m576[0m [96mhandleGetGraphData[0m] get_graph_data success
[2026-09-01 06:54:55.445] [info] [[94mControllerAndOtherEventHandler.cpp[0m:[95m239[0m [96moperator()[0m] Accepted new connection
[2026-09-01 06:54:55.445] [info] [[94mHttpSession.cpp[0m:[95m96[0m [96mhandleRequest[0m] Got request: GET /ndt/get_graph_data
[2026-09-01 06:54:55.445] [info] [[94mHttpSession.cpp[0m:[95m531[0m [96mhandleGetGraphData[0m] Handle Get Graph Data
[2026-09-01 06:54:55.458] [info] [[94mHttpSession.cpp[0m:[95m576[0m [96mhandleGetGraphData[0m] get_graph_data success
[2026-09-01 06:54:55.695] [info] [[94mControllerAndOtherEventHandler.cpp[0m:[95m239[0m [96moperator()[0m] Accepted new connection
[2026-09-01 06:54:55.695] [info] [[94mHttpSession.cpp[0m:[95m96[0m [96mhandleRequest[0m] Got request: GET /ndt/get_graph_data
[2026-09-01 06:54:55.695] [info] [[94mHttpSession.cpp[0m:[95m531[0m [96mhandleGetGraphData[0m] Handle Get Graph Data
[2026-09-01 06:54:55.713] [info] [[94mHttpSession.cpp[0m:[95m576[0m [96mhandleGetGraphData[0m] get_graph_data success
[2026-09-01 06:54:55.944] [info] [[94mControllerAndOtherEventHandler.cpp[0m:[95m239[0m [96moperator()[0m] Accepted new connection
[2026-09-01 06:54:55.944] [info] [[94mHttpSession.cpp[0m:[95m96[0m [96mhandleRequest[0m] Got request: GET /ndt/get_graph_data
[2026-09-01 06:54:55.944] [info] [[94mHttpSession.cpp[0m:[95m531[0m [96mhandleGetGraphData[0m] Handle Get Graph Data
[2026-09-01 06:54:55.960] [info] [[94mHttpSession.cpp[0m:[95m576[0m [96mhandleGetGraphData[0m] get_graph_data success
[2026-09-01 06:54:56.194] [info] [[94mControllerAndOtherEventHandler.cpp[0m:[95m239[0m [96moperator()[0m] Accepted new connection
[2026-09-01 06:54:56.194] [info] [[94mHttpSession.cpp[0m:[95m96[0m [96mhandleRequest[0m] Got request: GET /ndt/get_graph_data
[2026-09-01 06:54:56.194] [info] [[94mHttpSession.cpp[0m:[95m531[0m [96mhandleGetGraphData[0m] Handle Get Graph Data
[2026-09-01 06:54:56.210] [info] [[94mHttpSession.cpp[0m:[95m576[0m [96mhandleGetGraphData[0m] get_graph_data success
[2026-09-01 06:54:56.444] [info] [[94mControllerAndOtherEventHandler.cpp[0m:[95m239[0m [96moperator()[0m] Accepted new connection
[2026-09-01 06:54:56.444] [info] [[94mHttpSession.cpp[0m:[95m96[0m [96mhandleRequest[0m] Got request: GET /ndt/get_graph_data
[2026-09-01 06:54:56.444] [info] [[94mHttpSession.cpp[0m:[95m531[0m [96mhandleGetGraphData[0m] Handle Get Graph Data
[2026-09-01 06:54:56.463] [info] [[94mHttpSession.cpp[0m:[95m576[0m [96mhandleGetGraphData[0m] get_graph_data success
[2026-09-01 06:54:56.695] [info] [[94mControllerAndOtherEventHandler.cpp[0m:[95m239[0m [96moperator()[0m] Accepted new connection
[2026-09-01 06:54:56.695] [info] [[94mHttpSession.cpp[0m:[95m96[0m [96mhandleRequest[0m] Got request: GET /ndt/get_graph_data
[2026-09-01 06:54:56.695] [info] [[94mHttpSession.cpp[0m:[95m531[0m [96mhandleGetGraphData[0m] Handle Get Graph Data
[2026-09-01 06:54:56.714] [info] [[94mHttpSession.cpp[0m:[95m576[0m [96mhandleGetGraphData[0m] get_graph_data success
[2026-09-01 06:54:56.945] [info] [[94mControllerAndOtherEventHandler.cpp[0m:[95m239[0m [96moperator()[0m] Accepted new connection
[2026-09-01 06:54:56.945] [info] [[94mHttpSession.cpp[0m:[95m96[0m [96mhandleRequest[0m] Got request: GET /ndt/get_graph_data
[2026-09-01 06:54:56.945] [info] [[94mHttpSession.cpp[0m:[95m531[0m [96mhandleGetGraphData[0m] Handle Get Graph Data
[2026-09-01 06:54:56.964] [info] [[94mHttpSession.cpp[0m:[95m576[0m [96mhandleGetGraphData[0m] get_graph_data success
[2026-09-01 06:54:57.195] [info] [[94mControllerAndOtherEventHandler.cpp[0m:[95m239[0m [96moperator()[0m] Accepted new connection
[2026-09-01 06:54:57.196] [info] [[94mHttpSession.cpp[0m:[95m96[0m [96mhandleRequest[0m] Got request: GET /ndt/get_graph_data
[2026-09-01 06:54:57.196] [info] [[94mHttpSession.cpp[0m:[95m531[0m [96mhandleGetGraphData[0m] Handle Get Graph Data
[2026-09-01 06:54:57.214] [info] [[94mHttpSession.cpp[0m:[95m576[0m [96mhandleGetGraphData[0m] get_graph_data success
[2026-09-01 06:54:57.445] [info] [[94mControllerAndOtherEventHandler.cpp[0m:[95m239[0m [96moperator()[0m] Accepted new connection
[2026-09-01 06:54:57.445] [info] [[94mHttpSession.cpp[0m:[95m96[0m [96mhandleRequest[0m] Got request: GET /ndt/get_graph_data
[2026-09-01 06:54:57.445] [info] [[94mHttpSession.cpp[0m:[95m531[0m [96mhandleGetGraphData[0m] Handle Get Graph Data
[2026-09-01 06:54:57.463] [info] [[94mHttpSession.cpp[0m:[95m576[0m [96mhandleGetGraphData[0m] get_graph_data success
[2026-09-01 06:54:57.695] [info] [[94mControllerAndOtherEventHandler.cpp[0m:[95m239[0m [96moperator()[0m] Accepted new connection
[2026-09-01 06:54:57.696] [info] [[94mHttpSession.cpp[0m:[95m96[0m [96mhandleRequest[0m] Got request: GET /ndt/get_graph_data
[2026-09-01 06:54:57.696] [info] [[94mHttpSession.cpp[0m:[95m531[0m [96mhandleGetGraphData[0m] Handle Get Graph Data
[2026-09-01 06:54:57.714] [info] [[94mHttpSession.cpp[0m:[95m576[0m [96mhandleGetGraphData[0m] get_graph_data success
[2026-09-01 06:54:57.945] [info] [[94mControllerAndOtherEventHandler.cpp[0m:[95m239[0m [96moperator()[0m] Accepted new connection
[2026-09-01 06:54:57.946] [info] [[94mHttpSession.cpp[0m:[95m96[0m [96mhandleRequest[0m] Got request: GET /ndt/get_graph_data
[2026-09-01 06:54:57.946] [info] [[94mHttpSession.cpp[0m:[95m531[0m [96mhandleGetGraphData[0m] Handle Get Graph Data
[2026-09-01 06:54:57.964] [info] [[94mHttpSession.cpp[0m:[95m576[0m [96mhandleGetGraphData[0m] get_graph_data success
[2026-09-01 06:54:58.196] [info] [[94mControllerAndOtherEventHandler.cpp[0m:[95m239[0m [96moperator()[0m] Accepted new connection
[2026-09-01 06:54:58.196] [info] [[94mHttpSession.cpp[0m:[95m96[0m [96mhandleRequest[0m] Got request: GET /ndt/get_graph_data
[2026-09-01 06:54:58.196] [info] [[94mHttpSession.cpp[0m:[95m531[0m [96mhandleGetGraphData[0m] Handle Get Graph Data
[2026-09-01 06:54:58.215] [info] [[94mHttpSession.cpp[0m:[95m576[0m [96mhandleGetGraphData[0m] get_graph_data success
[2026-09-01 06:54:58.446] [info] [[94mControllerAndOtherEventHandler.cpp[0m:[95m239[0m [96moperator()[0m] Accepted new connection
[2026-09-01 06:54:58.446] [info] [[94mHttpSession.cpp[0m:[95m96[0m [96mhandleRequest[0m] Got request: GET /ndt/get_graph_data
[2026-09-01 06:54:58.446] [info] [[94mHttpSession.cpp[0m:[95m531[0m [96mhandleGetGraphData[0m] Handle Get Graph Data
[2026-09-01 06:54:58.465] [info] [[94mHttpSession.cpp[0m:[95m576[0m [96mhandleGetGraphData[0m] get_graph_data success
[2026-09-01 06:54:58.696] [info] [[94mControllerAndOtherEventHandler.cpp[0m:[95m239[0m [96moperator()[0m] Accepted new connection
[2026-09-01 06:54:58.696] [info] [[94mHttpSession.cpp[0m:[95m96[0m [96mhandleRequest[0m] Got request: GET /ndt/get_graph_data
[2026-09-01 06:54:58.696] [info] [[94mHttpSession.cpp[0m:[95m531[0m [96mhandleGetGraphData[0m] Handle Get Graph Data
[2026-09-01 06:54:58.714] [info] [[94mHttpSession.cpp[0m:[95m576[0m [96mhandleGetGraphData[0m] get_graph_data success
[2026-09-01 06:54:58.945] [info] [[94mControllerAndOtherEventHandler.cpp[0m:[95m239[0m [96moperator()[0m] Accepted new connection
[2026-09-01 06:54:58.945] [info] [[94mHttpSession.cpp[0m:[95m96[0m [96mhandleRequest[0m] Got request: GET /ndt/get_graph_data
[2026-09-01 06:54:58.945] [info] [[94mHttpSession.cpp[0m:[95m531[0m [96mhandleGetGraphData[0m] Handle Get Graph Data
[2026-09-01 06:54:58.963] [info] [[94mHttpSession.cpp[0m:[95m576[0m [96mhandleGetGraphData[0m] get_graph_data success
[2026-09-01 06:54:59.196] [info] [[94mControllerAndOtherEventHandler.cpp[0m:[95m239[0m [96moperator()[0m] Accepted new connection
[2026-09-01 06:54:59.196] [info] [[94mHttpSession.cpp[0m:[95m96[0m [96mhandleRequest[0m] Got request: GET /ndt/get_graph_data
[2026-09-01 06:54:59.196] [info] [[94mHttpSession.cpp[0m:[95m531[0m [96mhandleGetGraphData[0m] Handle Get Graph Data
[2026-09-01 06:54:59.213] [info] [[94mHttpSession.cpp[0m:[95m576[0m [96mhandleGetGraphData[0m] get_graph_data success
[2026-09-01 06:54:59.446] [info] [[94mControllerAndOtherEventHandler.cpp[0m:[95m239[0m [96moperator()[0m] Accepted new connection
[2026-09-01 06:54:59.446] [info] [[94mHttpSession.cpp[0m:[95m96[0m [96mhandleRequest[0m] Got request: GET /ndt/get_graph_data
[2026-09-01 06:54:59.446] [info] [[94mHttpSession.cpp[0m:[95m531[0m [96mhandleGetGraphData[0m] Handle Get Graph Data
[2026-09-01 06:54:59.458] [info] [[94mHttpSession.cpp[0m:[95m576[0m [96mhandleGetGraphData[0m] get_graph_data success
[2026-09-01 06:54:59.695] [info] [[94mControllerAndOtherEventHandler.cpp[0m:[95m239[0m [96moperator()[0m] Accepted new connection
[2026-09-01 06:54:59.696] [info] [[94mHttpSession.cpp[0m:[95m96[0m [96mhandleRequest[0m] Got request: GET /ndt/get_graph_data
[2026-09-01 06:54:59.696] [info] [[94mHttpSession.cpp[0m:[95m531[0m [96mhandleGetGraphData[0m] Handle Get Graph Data
[2026-09-01 06:54:59.712] [info] [[94mHttpSession.cpp[0m:[95m576[0m [96mhandleGetGraphData[0m] get_graph_data success
[2026-09-01 06:54:59.946] [info] [[94mControllerAndOtherEventHandler.cpp[0m:[95m239[0m [96moperator()[0m] Accepted new connection
[2026-09-01 06:54:59.946] [info] [[94mHttpSession.cpp[0m:[95m96[0m [96mhandleRequest[0m] Got request: GET /ndt/get_graph_data
[2026-09-01 06:54:59.946] [info] [[94mHttpSession.cpp[0m:[95m531[0m [96mhandleGetGraphData[0m] Handle Get Graph Data
[2026-09-01 06:54:59.965] [info] [[94mHttpSession.cpp[0m:[95m576[0m [96mhandleGetGraphData[0m] get_graph_data success
[2026-09-01 06:55:00.196] [info] [[94mControllerAndOtherEventHandler.cpp[0m:[95m239[0m [96moperator()[0m] Accepted new connection
[2026-09-01 06:55:00.196] [info] [[94mHttpSession.cpp[0m:[95m96[0m [96mhandleRequest[0m] Got request: GET /ndt/get_graph_data
[2026-09-01 06:55:00.196] [info] [[94mHttpSession.cpp[0m:[95m531[0m [96mhandleGetGraphData[0m] Handle Get Graph Data
[2026-09-01 06:55:00.215] [info] [[94mHttpSession.cpp[0m:[95m576[0m [96mhandleGetGraphData[0m] get_graph_data success
[2026-09-01 06:55:00.446] [info] [[94mControllerAndOtherEventHandler.cpp[0m:[95m239[0m [96moperator()[0m] Accepted new connection
[2026-09-01 06:55:00.446] [info] [[94mHttpSession.cpp[0m:[95m96[0m [96mhandleRequest[0m] Got request: GET /ndt/get_graph_data
[2026-09-01 06:55:00.446] [info] [[94mHttpSession.cpp[0m:[95m531[0m [96mhandleGetGraphData[0m] Handle Get Graph Data
[2026-09-01 06:55:00.464] [info] [[94mHttpSession.cpp[0m:[95m576[0m [96mhandleGetGraphData[0m] get_graph_data success
[2026-09-01 06:55:00.696] [info] [[94mControllerAndOtherEventHandler.cpp[0m:[95m239[0m [96moperator()[0m] Accepted new connection
[2026-09-01 06:55:00.696] [info] [[94mHttpSession.cpp[0m:[95m96[0m [96mhandleRequest[0m] Got request: GET /ndt/get_graph_data
[2026-09-01 06:55:00.696] [info] [[94mHttpSession.cpp[0m:[95m531[0m [96mhandleGetGraphData[0m] Handle Get Graph Data
[2026-09-01 06:55:00.710] [info] [[94mHttpSession.cpp[0m:[95m576[0m [96mhandleGetGraphData[0m] get_graph_data success
[2026-09-01 06:55:00.946] [info] [[94mControllerAndOtherEventHandler.cpp[0m:[95m239[0m [96moperator()[0m] Accepted new connection
[2026-09-01 06:55:00.947] [info] [[94mHttpSession.cpp[0m:[95m96[0m [96mhandleRequest[0m] Got request: GET /ndt/get_graph_data
[2026-09-01 06:55:00.947] [info] [[94mHttpSession.cpp[0m:[95m531[0m [96mhandleGetGraphData[0m] Handle Get Graph Data
[2026-09-01 06:55:00.958] [info] [[94mHttpSession.cpp[0m:[95m576[0m [96mhandleGetGraphData[0m] get_graph_data success
[2026-09-01 06:55:01.196] [info] [[94mControllerAndOtherEventHandler.cpp[0m:[95m239[0m [96moperator()[0m] Accepted new connection
[2026-09-01 06:55:01.196] [info] [[94mHttpSession.cpp[0m:[95m96[0m [96mhandleRequest[0m] Got request: GET /ndt/get_graph_data
[2026-09-01 06:55:01.196] [info] [[94mHttpSession.cpp[0m:[95m531[0m [96mhandleGetGraphData[0m] Handle Get Graph Data
[2026-09-01 06:55:01.215] [info] [[94mHttpSession.cpp[0m:[95m576[0m [96mhandleGetGraphData[0m] get_graph_data success
[2026-09-01 06:55:01.447] [info] [[94mControllerAndOtherEventHandler.cpp[0m:[95m239[0m [96moperator()[0m] Accepted new connection
[2026-09-01 06:55:01.447] [info] [[94mHttpSession.cpp[0m:[95m96[0m [96mhandleRequest[0m] Got request: GET /ndt/get_graph_data
[2026-09-01 06:55:01.447] [info] [[94mHttpSession.cpp[0m:[95m531[0m [96mhandleGetGraphData[0m] Handle Get Graph Data
[2026-09-01 06:55:01.461] [info] [[94mHttpSession.cpp[0m:[95m576[0m [96mhandleGetGraphData[0m] get_graph_data success
[2026-09-01 06:55:01.696] [info] [[94mControllerAndOtherEventHandler.cpp[0m:[95m239[0m [96moperator()[0m] Accepted new connection
[2026-09-01 06:55:01.696] [info] [[94mHttpSession.cpp[0m:[95m96[0m [96mhandleRequest[0m] Got request: GET /ndt/get_graph_data
[2026-09-01 06:55:01.696] [info] [[94mHttpSession.cpp[0m:[95m531[0m [96mhandleGetGraphData[0m] Handle Get Graph Data
[2026-09-01 06:55:01.708] [info] [[94mHttpSession.cpp[0m:[95m576[0m [96mhandleGetGraphData[0m] get_graph_data success
[2026-09-01 06:55:01.947] [info] [[94mControllerAndOtherEventHandler.cpp[0m:[95m239[0m [96moperator()[0m] Accepted new connection
[2026-09-01 06:55:01.947] [info] [[94mHttpSession.cpp[0m:[95m96[0m [96mhandleRequest[0m] Got request: GET /ndt/get_graph_data
[2026-09-01 06:55:01.947] [info] [[94mHttpSession.cpp[0m:[95m531[0m [96mhandleGetGraphData[0m] Handle Get Graph Data
[2026-09-01 06:55:01.960] [info] [[94mHttpSession.cpp[0m:[95m576[0m [96mhandleGetGraphData[0m] get_graph_data success
[2026-09-01 06:55:02.197] [info] [[94mControllerAndOtherEventHandler.cpp[0m:[95m239[0m [96moperator()[0m] Accepted new connection
[2026-09-01 06:55:02.197] [info] [[94mHttpSession.cpp[0m:[95m96[0m [96mhandleRequest[0m] Got request: GET /ndt/get_graph_data
[2026-09-01 06:55:02.197] [info] [[94mHttpSession.cpp[0m:[95m531[0m [96mhandleGetGraphData[0m] Handle Get Graph Data
[2026-09-01 06:55:02.216] [info] [[94mHttpSession.cpp[0m:[95m576[0m [96mhandleGetGraphData[0m] get_graph_data success
[2026-09-01 06:55:02.446] [info] [[94mControllerAndOtherEventHandler.cpp[0m:[95m239[0m [96moperator()[0m] Accepted new connection
[2026-09-01 06:55:02.446] [info] [[94mHttpSession.cpp[0m:[95m96[0m [96mhandleRequest[0m] Got request: GET /ndt/get_graph_data
[2026-09-01 06:55:02.446] [info] [[94mHttpSession.cpp[0m:[95m531[0m [96mhandleGetGraphData[0m] Handle Get Graph Data
[2026-09-01 06:55:02.465] [info] [[94mHttpSession.cpp[0m:[95m576[0m [96mhandleGetGraphData[0m] get_graph_data success
[2026-09-01 06:55:02.697] [info] [[94mControllerAndOtherEventHandler.cpp[0m:[95m239[0m [96moperator()[0m] Accepted new connection
[2026-09-01 06:55:02.697] [info] [[94mHttpSession.cpp[0m:[95m96[0m [96mhandleRequest[0m] Got request: GET /ndt/get_graph_data
[2026-09-01 06:55:02.697] [info] [[94mHttpSession.cpp[0m:[95m531[0m [96mhandleGetGraphData[0m] Handle Get Graph Data
[2026-09-01 06:55:02.715] [info] [[94mHttpSession.cpp[0m:[95m576[0m [96mhandleGetGraphData[0m] get_graph_data success
[2026-09-01 06:55:02.947] [info] [[94mControllerAndOtherEventHandler.cpp[0m:[95m239[0m [96moperator()[0m] Accepted new connection
[2026-09-01 06:55:02.947] [info] [[94mHttpSession.cpp[0m:[95m96[0m [96mhandleRequest[0m] Got request: GET /ndt/get_graph_data
[2026-09-01 06:55:02.947] [info] [[94mHttpSession.cpp[0m:[95m531[0m [96mhandleGetGraphData[0m] Handle Get Graph Data
[2026-09-01 06:55:02.966] [info] [[94mHttpSession.cpp[0m:[95m576[0m [96mhandleGetGraphData[0m] get_graph_data success
[2026-09-01 06:55:03.197] [info] [[94mControllerAndOtherEventHandler.cpp[0m:[95m239[0m [96moperator()[0m] Accepted new connection
[2026-09-01 06:55:03.197] [info] [[94mHttpSession.cpp[0m:[95m96[0m [96mhandleRequest[0m] Got request: GET /ndt/get_graph_data
[2026-09-01 06:55:03.197] [info] [[94mHttpSession.cpp[0m:[95m531[0m [96mhandleGetGraphData[0m] Handle Get Graph Data
[2026-09-01 06:55:03.212] [info] [[94mHttpSession.cpp[0m:[95m576[0m [96mhandleGetGraphData[0m] get_graph_data success
[2026-09-01 06:55:03.447] [info] [[94mControllerAndOtherEventHandler.cpp[0m:[95m239[0m [96moperator()[0m] Accepted new connection
[2026-09-01 06:55:03.447] [info] [[94mHttpSession.cpp[0m:[95m96[0m [96mhandleRequest[0m] Got request: GET /ndt/get_graph_data
[2026-09-01 06:55:03.448] [info] [[94mHttpSession.cpp[0m:[95m531[0m [96mhandleGetGraphData[0m] Handle Get Graph Data
[2026-09-01 06:55:03.466] [info] [[94mHttpSession.cpp[0m:[95m576[0m [96mhandleGetGraphData[0m] get_graph_data success
[2026-09-01 06:55:03.697] [info] [[94mControllerAndOtherEventHandler.cpp[0m:[95m239[0m [96moperator()[0m] Accepted new connection
[2026-09-01 06:55:03.698] [info] [[94mHttpSession.cpp[0m:[95m96[0m [96mhandleRequest[0m] Got request: GET /ndt/get_graph_data
[2026-09-01 06:55:03.698] [info] [[94mHttpSession.cpp[0m:[95m531[0m [96mhandleGetGraphData[0m] Handle Get Graph Data
[2026-09-01 06:55:03.716] [info] [[94mHttpSession.cpp[0m:[95m576[0m [96mhandleGetGraphData[0m] get_graph_data success
[2026-09-01 06:55:03.947] [info] [[94mControllerAndOtherEventHandler.cpp[0m:[95m239[0m [96moperator()[0m] Accepted new connection
[2026-09-01 06:55:03.947] [info] [[94mHttpSession.cpp[0m:[95m96[0m [96mhandleRequest[0m] Got request: GET /ndt/get_graph_data
[2026-09-01 06:55:03.947] [info] [[94mHttpSession.cpp[0m:[95m531[0m [96mhandleGetGraphData[0m] Handle Get Graph Data
[2026-09-01 06:55:03.958] [info] [[94mHttpSession.cpp[0m:[95m576[0m [96mhandleGetGraphData[0m] get_graph_data success
[2026-09-01 06:55:04.198] [info] [[94mControllerAndOtherEventHandler.cpp[0m:[95m239[0m [96moperator()[0m] Accepted new connection
[2026-09-01 06:55:04.198] [info] [[94mHttpSession.cpp[0m:[95m96[0m [96mhandleRequest[0m] Got request: GET /ndt/get_graph_data
[2026-09-01 06:55:04.198] [info] [[94mHttpSession.cpp[0m:[95m531[0m [96mhandleGetGraphData[0m] Handle Get Graph Data
[2026-09-01 06:55:04.216] [info] [[94mHttpSession.cpp[0m:[95m576[0m [96mhandleGetGraphData[0m] get_graph_data success
[2026-09-01 06:55:04.447] [info] [[94mControllerAndOtherEventHandler.cpp[0m:[95m239[0m [96moperator()[0m] Accepted new connection
[2026-09-01 06:55:04.447] [info] [[94mHttpSession.cpp[0m:[95m96[0m [96mhandleRequest[0m] Got request: GET /ndt/get_graph_data
[2026-09-01 06:55:04.447] [info] [[94mHttpSession.cpp[0m:[95m531[0m [96mhandleGetGraphData[0m] Handle Get Graph Data
[2026-09-01 06:55:04.461] [info] [[94mHttpSession.cpp[0m:[95m576[0m [96mhandleGetGraphData[0m] get_graph_data success
[2026-09-01 06:55:04.698] [info] [[94mControllerAndOtherEventHandler.cpp[0m:[95m239[0m [96moperator()[0m] Accepted new connection
[2026-09-01 06:55:04.698] [info] [[94mHttpSession.cpp[0m:[95m96[0m [96mhandleRequest[0m] Got request: GET /ndt/get_graph_data
[2026-09-01 06:55:04.698] [info] [[94mHttpSession.cpp[0m:[95m531[0m [96mhandleGetGraphData[0m] Handle Get Graph Data
[2026-09-01 06:55:04.716] [info] [[94mHttpSession.cpp[0m:[95m576[0m [96mhandleGetGraphData[0m] get_graph_data success
[2026-09-01 06:55:04.948] [info] [[94mControllerAndOtherEventHandler.cpp[0m:[95m239[0m [96moperator()[0m] Accepted new connection
[2026-09-01 06:55:04.948] [info] [[94mHttpSession.cpp[0m:[95m96[0m [96mhandleRequest[0m] Got request: GET /ndt/get_graph_data
[2026-09-01 06:55:04.948] [info] [[94mHttpSession.cpp[0m:[95m531[0m [96mhandleGetGraphData[0m] Handle Get Graph Data
[2026-09-01 06:55:04.965] [info] [[94mHttpSession.cpp[0m:[95m576[0m [96mhandleGetGraphData[0m] get_graph_data success
[2026-09-01 06:55:05.198] [info] [[94mControllerAndOtherEventHandler.cpp[0m:[95m239[0m [96moperator()[0m] Accepted new connection
[2026-09-01 06:55:05.198] [info] [[94mHttpSession.cpp[0m:[95m96[0m [96mhandleRequest[0m] Got request: GET /ndt/get_graph_data
[2026-09-01 06:55:05.198] [info] [[94mHttpSession.cpp[0m:[95m531[0m [96mhandleGetGraphData[0m] Handle Get Graph Data
[2026-09-01 06:55:05.210] [info] [[94mHttpSession.cpp[0m:[95m576[0m [96mhandleGetGraphData[0m] get_graph_data success
[2026-09-01 06:55:05.447] [info] [[94mControllerAndOtherEventHandler.cpp[0m:[95m239[0m [96moperator()[0m] Accepted new connection
[2026-09-01 06:55:05.447] [info] [[94mHttpSession.cpp[0m:[95m96[0m [96mhandleRequest[0m] Got request: GET /ndt/get_graph_data
[2026-09-01 06:55:05.447] [info] [[94mHttpSession.cpp[0m:[95m531[0m [96mhandleGetGraphData[0m] Handle Get Graph Data
[2026-09-01 06:55:05.459] [info] [[94mHttpSession.cpp[0m:[95m576[0m [96mhandleGetGraphData[0m] get_graph_data success
[2026-09-01 06:55:05.697] [info] [[94mControllerAndOtherEventHandler.cpp[0m:[95m239[0m [96moperator()[0m] Accepted new connection
[2026-09-01 06:55:05.698] [info] [[94mHttpSession.cpp[0m:[95m96[0m [96mhandleRequest[0m] Got request: GET /ndt/get_graph_data
[2026-09-01 06:55:05.698] [info] [[94mHttpSession.cpp[0m:[95m531[0m [96mhandleGetGraphData[0m] Handle Get Graph Data
[2026-09-01 06:55:05.712] [info] [[94mHttpSession.cpp[0m:[95m576[0m [96mhandleGetGraphData[0m] get_graph_data success
[2026-09-01 06:55:05.948] [info] [[94mControllerAndOtherEventHandler.cpp[0m:[95m239[0m [96moperator()[0m] Accepted new connection
[2026-09-01 06:55:05.948] [info] [[94mHttpSession.cpp[0m:[95m96[0m [96mhandleRequest[0m] Got request: GET /ndt/get_graph_data
[2026-09-01 06:55:05.948] [info] [[94mHttpSession.cpp[0m:[95m531[0m [96mhandleGetGraphData[0m] Handle Get Graph Data
[2026-09-01 06:55:05.967] [info] [[94mHttpSession.cpp[0m:[95m576[0m [96mhandleGetGraphData[0m] get_graph_data success
[2026-09-01 06:55:06.198] [info] [[94mControllerAndOtherEventHandler.cpp[0m:[95m239[0m [96moperator()[0m] Accepted new connection
[2026-09-01 06:55:06.198] [info] [[94mHttpSession.cpp[0m:[95m96[0m [96mhandleRequest[0m] Got request: GET /ndt/get_graph_data
[2026-09-01 06:55:06.198] [info] [[94mHttpSession.cpp[0m:[95m531[0m [96mhandleGetGraphData[0m] Handle Get Graph Data
[2026-09-01 06:55:06.214] [info] [[94mHttpSession.cpp[0m:[95m576[0m [96mhandleGetGraphData[0m] get_graph_data success
[2026-09-01 06:55:06.448] [info] [[94mControllerAndOtherEventHandler.cpp[0m:[95m239[0m [96moperator()[0m] Accepted new connection
[2026-09-01 06:55:06.448] [info] [[94mHttpSession.cpp[0m:[95m96[0m [96mhandleRequest[0m] Got request: GET /ndt/get_graph_data
[2026-09-01 06:55:06.448] [info] [[94mHttpSession.cpp[0m:[95m531[0m [96mhandleGetGraphData[0m] Handle Get Graph Data
[2026-09-01 06:55:06.464] [info] [[94mHttpSession.cpp[0m:[95m576[0m [96mhandleGetGraphData[0m] get_graph_data success
[2026-09-01 06:55:06.698] [info] [[94mControllerAndOtherEventHandler.cpp[0m:[95m239[0m [96moperator()[0m] Accepted new connection
[2026-09-01 06:55:06.698] [info] [[94mHttpSession.cpp[0m:[95m96[0m [96mhandleRequest[0m] Got request: GET /ndt/get_graph_data
[2026-09-01 06:55:06.698] [info] [[94mHttpSession.cpp[0m:[95m531[0m [96mhandleGetGraphData[0m] Handle Get Graph Data
[2026-09-01 06:55:06.717] [info] [[94mHttpSession.cpp[0m:[95m576[0m [96mhandleGetGraphData[0m] get_graph_data success
[2026-09-01 06:55:06.948] [info] [[94mControllerAndOtherEventHandler.cpp[0m:[95m239[0m [96moperator()[0m] Accepted new connection
[2026-09-01 06:55:06.949] [info] [[94mHttpSession.cpp[0m:[95m96[0m [96mhandleRequest[0m] Got request: GET /ndt/get_graph_data
[2026-09-01 06:55:06.949] [info] [[94mHttpSession.cpp[0m:[95m531[0m [96mhandleGetGraphData[0m] Handle Get Graph Data
[2026-09-01 06:55:06.965] [info] [[94mHttpSession.cpp[0m:[95m576[0m [96mhandleGetGraphData[0m] get_graph_data success
[2026-09-01 06:55:07.193] [info] [[94mFlowLinkUsageCollector.cpp[0m:[95m1807[0m [96mcalAvgFlowSendingRatesPeriodically[0m] rate loop period: last 30 iters mean 1001.2 ms | since start (59 iters) mean 1000.8 ms, min 1000.1, max 1005.5 (flows=1, counters=6) -- the LAST-N figure is the current denominator; the since-start one lags it
[2026-09-01 06:55:07.194] [info] [[94mFlowLinkUsageCollector.cpp[0m:[95m2016[0m [96mcalAvgFlowSendingRatesPeriodically[0m] rate divisor check: measured_interval_s=1.001251 divisor_used_s=1.001251 (ticket Q gate: these must agree to 1%; a negative divisor means no rate has been published yet, which is not a pass)
[2026-09-01 06:55:07.199] [info] [[94mControllerAndOtherEventHandler.cpp[0m:[95m239[0m [96moperator()[0m] Accepted new connection
[2026-09-01 06:55:07.199] [info] [[94mHttpSession.cpp[0m:[95m96[0m [96mhandleRequest[0m] Got request: GET /ndt/get_graph_data
[2026-09-01 06:55:07.199] [info] [[94mHttpSession.cpp[0m:[95m531[0m [96mhandleGetGraphData[0m] Handle Get Graph Data
[2026-09-01 06:55:07.216] [info] [[94mHttpSession.cpp[0m:[95m576[0m [96mhandleGetGraphData[0m] get_graph_data success
[2026-09-01 06:55:07.449] [info] [[94mControllerAndOtherEventHandler.cpp[0m:[95m239[0m [96moperator()[0m] Accepted new connection
[2026-09-01 06:55:07.449] [info] [[94mHttpSession.cpp[0m:[95m96[0m [96mhandleRequest[0m] Got request: GET /ndt/get_graph_data
[2026-09-01 06:55:07.449] [info] [[94mHttpSession.cpp[0m:[95m531[0m [96mhandleGetGraphData[0m] Handle Get Graph Data
[2026-09-01 06:55:07.467] [info] [[94mHttpSession.cpp[0m:[95m576[0m [96mhandleGetGraphData[0m] get_graph_data success
[2026-09-01 06:55:07.699] [info] [[94mControllerAndOtherEventHandler.cpp[0m:[95m239[0m [96moperator()[0m] Accepted new connection
[2026-09-01 06:55:07.699] [info] [[94mHttpSession.cpp[0m:[95m96[0m [96mhandleRequest[0m] Got request: GET /ndt/get_graph_data
[2026-09-01 06:55:07.699] [info] [[94mHttpSession.cpp[0m:[95m531[0m [96mhandleGetGraphData[0m] Handle Get Graph Data
[2026-09-01 06:55:07.717] [info] [[94mHttpSession.cpp[0m:[95m576[0m [96mhandleGetGraphData[0m] get_graph_data success
[2026-09-01 06:55:07.948] [info] [[94mControllerAndOtherEventHandler.cpp[0m:[95m239[0m [96moperator()[0m] Accepted new connection
[2026-09-01 06:55:07.949] [info] [[94mHttpSession.cpp[0m:[95m96[0m [96mhandleRequest[0m] Got request: GET /ndt/get_graph_data
[2026-09-01 06:55:07.949] [info] [[94mHttpSession.cpp[0m:[95m531[0m [96mhandleGetGraphData[0m] Handle Get Graph Data
[2026-09-01 06:55:07.962] [info] [[94mHttpSession.cpp[0m:[95m576[0m [96mhandleGetGraphData[0m] get_graph_data success
[2026-09-01 06:55:08.199] [info] [[94mControllerAndOtherEventHandler.cpp[0m:[95m239[0m [96moperator()[0m] Accepted new connection
[2026-09-01 06:55:08.199] [info] [[94mHttpSession.cpp[0m:[95m96[0m [96mhandleRequest[0m] Got request: GET /ndt/get_graph_data
[2026-09-01 06:55:08.199] [info] [[94mHttpSession.cpp[0m:[95m531[0m [96mhandleGetGraphData[0m] Handle Get Graph Data
[2026-09-01 06:55:08.213] [info] [[94mHttpSession.cpp[0m:[95m576[0m [96mhandleGetGraphData[0m] get_graph_data success
[2026-09-01 06:55:08.449] [info] [[94mControllerAndOtherEventHandler.cpp[0m:[95m239[0m [96moperator()[0m] Accepted new connection
[2026-09-01 06:55:08.449] [info] [[94mHttpSession.cpp[0m:[95m96[0m [96mhandleRequest[0m] Got request: GET /ndt/get_graph_data
[2026-09-01 06:55:08.449] [info] [[94mHttpSession.cpp[0m:[95m531[0m [96mhandleGetGraphData[0m] Handle Get Graph Data
[2026-09-01 06:55:08.462] [info] [[94mHttpSession.cpp[0m:[95m576[0m [96mhandleGetGraphData[0m] get_graph_data success
[2026-09-01 06:55:08.699] [info] [[94mControllerAndOtherEventHandler.cpp[0m:[95m239[0m [96moperator()[0m] Accepted new connection
[2026-09-01 06:55:08.699] [info] [[94mHttpSession.cpp[0m:[95m96[0m [96mhandleRequest[0m] Got request: GET /ndt/get_graph_data
[2026-09-01 06:55:08.699] [info] [[94mHttpSession.cpp[0m:[95m531[0m [96mhandleGetGraphData[0m] Handle Get Graph Data
[2026-09-01 06:55:08.711] [info] [[94mHttpSession.cpp[0m:[95m576[0m [96mhandleGetGraphData[0m] get_graph_data success
[2026-09-01 06:55:08.949] [info] [[94mControllerAndOtherEventHandler.cpp[0m:[95m239[0m [96moperator()[0m] Accepted new connection
[2026-09-01 06:55:08.949] [info] [[94mHttpSession.cpp[0m:[95m96[0m [96mhandleRequest[0m] Got request: GET /ndt/get_graph_data
[2026-09-01 06:55:08.949] [info] [[94mHttpSession.cpp[0m:[95m531[0m [96mhandleGetGraphData[0m] Handle Get Graph Data
[2026-09-01 06:55:08.967] [info] [[94mHttpSession.cpp[0m:[95m576[0m [96mhandleGetGraphData[0m] get_graph_data success
[2026-09-01 06:55:09.199] [info] [[94mControllerAndOtherEventHandler.cpp[0m:[95m239[0m [96moperator()[0m] Accepted new connection
[2026-09-01 06:55:09.199] [info] [[94mHttpSession.cpp[0m:[95m96[0m [96mhandleRequest[0m] Got request: GET /ndt/get_graph_data
[2026-09-01 06:55:09.200] [info] [[94mHttpSession.cpp[0m:[95m531[0m [96mhandleGetGraphData[0m] Handle Get Graph Data
[2026-09-01 06:55:09.222] [info] [[94mHttpSession.cpp[0m:[95m576[0m [96mhandleGetGraphData[0m] get_graph_data success
[2026-09-01 06:55:09.449] [info] [[94mControllerAndOtherEventHandler.cpp[0m:[95m239[0m [96moperator()[0m] Accepted new connection
[2026-09-01 06:55:09.449] [info] [[94mHttpSession.cpp[0m:[95m96[0m [96mhandleRequest[0m] Got request: GET /ndt/get_graph_data
[2026-09-01 06:55:09.450] [info] [[94mHttpSession.cpp[0m:[95m531[0m [96mhandleGetGraphData[0m] Handle Get Graph Data
[2026-09-01 06:55:09.468] [info] [[94mHttpSession.cpp[0m:[95m576[0m [96mhandleGetGraphData[0m] get_graph_data success
[2026-09-01 06:55:09.699] [info] [[94mControllerAndOtherEventHandler.cpp[0m:[95m239[0m [96moperator()[0m] Accepted new connection
[2026-09-01 06:55:09.700] [info] [[94mHttpSession.cpp[0m:[95m96[0m [96mhandleRequest[0m] Got request: GET /ndt/get_graph_data
[2026-09-01 06:55:09.700] [info] [[94mHttpSession.cpp[0m:[95m531[0m [96mhandleGetGraphData[0m] Handle Get Graph Data
[2026-09-01 06:55:09.718] [info] [[94mHttpSession.cpp[0m:[95m576[0m [96mhandleGetGraphData[0m] get_graph_data success
[2026-09-01 06:55:09.949] [info] [[94mControllerAndOtherEventHandler.cpp[0m:[95m239[0m [96moperator()[0m] Accepted new connection
[2026-09-01 06:55:09.950] [info] [[94mHttpSession.cpp[0m:[95m96[0m [96mhandleRequest[0m] Got request: GET /ndt/get_graph_data
[2026-09-01 06:55:09.950] [info] [[94mHttpSession.cpp[0m:[95m531[0m [96mhandleGetGraphData[0m] Handle Get Graph Data
[2026-09-01 06:55:09.964] [info] [[94mHttpSession.cpp[0m:[95m576[0m [96mhandleGetGraphData[0m] get_graph_data success
[2026-09-01 06:55:10.200] [info] [[94mControllerAndOtherEventHandler.cpp[0m:[95m239[0m [96moperator()[0m] Accepted new connection
[2026-09-01 06:55:10.200] [info] [[94mHttpSession.cpp[0m:[95m96[0m [96mhandleRequest[0m] Got request: GET /ndt/get_graph_data
[2026-09-01 06:55:10.200] [info] [[94mHttpSession.cpp[0m:[95m531[0m [96mhandleGetGraphData[0m] Handle Get Graph Data
[2026-09-01 06:55:10.219] [info] [[94mHttpSession.cpp[0m:[95m576[0m [96mhandleGetGraphData[0m] get_graph_data success
[2026-09-01 06:55:10.449] [info] [[94mControllerAndOtherEventHandler.cpp[0m:[95m239[0m [96moperator()[0m] Accepted new connection
[2026-09-01 06:55:10.449] [info] [[94mHttpSession.cpp[0m:[95m96[0m [96mhandleRequest[0m] Got request: GET /ndt/get_graph_data
[2026-09-01 06:55:10.449] [info] [[94mHttpSession.cpp[0m:[95m531[0m [96mhandleGetGraphData[0m] Handle Get Graph Data
[2026-09-01 06:55:10.468] [info] [[94mHttpSession.cpp[0m:[95m576[0m [96mhandleGetGraphData[0m] get_graph_data success
[2026-09-01 06:55:10.700] [info] [[94mControllerAndOtherEventHandler.cpp[0m:[95m239[0m [96moperator()[0m] Accepted new connection
[2026-09-01 06:55:10.700] [info] [[94mHttpSession.cpp[0m:[95m96[0m [96mhandleRequest[0m] Got request: GET /ndt/get_graph_data
[2026-09-01 06:55:10.700] [info] [[94mHttpSession.cpp[0m:[95m531[0m [96mhandleGetGraphData[0m] Handle Get Graph Data
[2026-09-01 06:55:10.719] [info] [[94mHttpSession.cpp[0m:[95m576[0m [96mhandleGetGraphData[0m] get_graph_data success
[2026-09-01 06:55:10.950] [info] [[94mControllerAndOtherEventHandler.cpp[0m:[95m239[0m [96moperator()[0m] Accepted new connection
[2026-09-01 06:55:10.950] [info] [[94mHttpSession.cpp[0m:[95m96[0m [96mhandleRequest[0m] Got request: GET /ndt/get_graph_data
[2026-09-01 06:55:10.950] [info] [[94mHttpSession.cpp[0m:[95m531[0m [96mhandleGetGraphData[0m] Handle Get Graph Data
[2026-09-01 06:55:10.964] [info] [[94mHttpSession.cpp[0m:[95m576[0m [96mhandleGetGraphData[0m] get_graph_data success
[2026-09-01 06:55:11.199] [info] [[94mControllerAndOtherEventHandler.cpp[0m:[95m239[0m [96moperator()[0m] Accepted new connection
[2026-09-01 06:55:11.199] [info] [[94mHttpSession.cpp[0m:[95m96[0m [96mhandleRequest[0m] Got request: GET /ndt/get_graph_data
[2026-09-01 06:55:11.199] [info] [[94mHttpSession.cpp[0m:[95m531[0m [96mhandleGetGraphData[0m] Handle Get Graph Data
[2026-09-01 06:55:11.216] [info] [[94mHttpSession.cpp[0m:[95m576[0m [96mhandleGetGraphData[0m] get_graph_data success
[2026-09-01 06:55:11.449] [info] [[94mControllerAndOtherEventHandler.cpp[0m:[95m239[0m [96moperator()[0m] Accepted new connection
[2026-09-01 06:55:11.449] [info] [[94mHttpSession.cpp[0m:[95m96[0m [96mhandleRequest[0m] Got request: GET /ndt/get_graph_data
[2026-09-01 06:55:11.450] [info] [[94mHttpSession.cpp[0m:[95m531[0m [96mhandleGetGraphData[0m] Handle Get Graph Data
[2026-09-01 06:55:11.469] [info] [[94mHttpSession.cpp[0m:[95m576[0m [96mhandleGetGraphData[0m] get_graph_data success
[2026-09-01 06:55:11.700] [info] [[94mControllerAndOtherEventHandler.cpp[0m:[95m239[0m [96moperator()[0m] Accepted new connection
[2026-09-01 06:55:11.700] [info] [[94mHttpSession.cpp[0m:[95m96[0m [96mhandleRequest[0m] Got request: GET /ndt/get_graph_data
[2026-09-01 06:55:11.700] [info] [[94mHttpSession.cpp[0m:[95m531[0m [96mhandleGetGraphData[0m] Handle Get Graph Data
[2026-09-01 06:55:11.719] [info] [[94mHttpSession.cpp[0m:[95m576[0m [96mhandleGetGraphData[0m] get_graph_data success
[2026-09-01 06:55:11.950] [info] [[94mControllerAndOtherEventHandler.cpp[0m:[95m239[0m [96moperator()[0m] Accepted new connection
[2026-09-01 06:55:11.950] [info] [[94mHttpSession.cpp[0m:[95m96[0m [96mhandleRequest[0m] Got request: GET /ndt/get_graph_data
[2026-09-01 06:55:11.950] [info] [[94mHttpSession.cpp[0m:[95m531[0m [96mhandleGetGraphData[0m] Handle Get Graph Data
[2026-09-01 06:55:11.969] [info] [[94mHttpSession.cpp[0m:[95m576[0m [96mhandleGetGraphData[0m] get_graph_data success
[2026-09-01 06:55:12.200] [info] [[94mControllerAndOtherEventHandler.cpp[0m:[95m239[0m [96moperator()[0m] Accepted new connection
[2026-09-01 06:55:12.200] [info] [[94mHttpSession.cpp[0m:[95m96[0m [96mhandleRequest[0m] Got request: GET /ndt/get_graph_data
[2026-09-01 06:55:12.200] [info] [[94mHttpSession.cpp[0m:[95m531[0m [96mhandleGetGraphData[0m] Handle Get Graph Data
[2026-09-01 06:55:12.212] [info] [[94mHttpSession.cpp[0m:[95m576[0m [96mhandleGetGraphData[0m] get_graph_data success
[2026-09-01 06:55:12.450] [info] [[94mControllerAndOtherEventHandler.cpp[0m:[95m239[0m [96moperator()[0m] Accepted new connection
[2026-09-01 06:55:12.450] [info] [[94mHttpSession.cpp[0m:[95m96[0m [96mhandleRequest[0m] Got request: GET /ndt/get_graph_data
[2026-09-01 06:55:12.451] [info] [[94mHttpSession.cpp[0m:[95m531[0m [96mhandleGetGraphData[0m] Handle Get Graph Data
[2026-09-01 06:55:12.462] [info] [[94mHttpSession.cpp[0m:[95m576[0m [96mhandleGetGraphData[0m] get_graph_data success
[2026-09-01 06:55:12.700] [info] [[94mControllerAndOtherEventHandler.cpp[0m:[95m239[0m [96moperator()[0m] Accepted new connection
[2026-09-01 06:55:12.701] [info] [[94mHttpSession.cpp[0m:[95m96[0m [96mhandleRequest[0m] Got request: GET /ndt/get_graph_data
[2026-09-01 06:55:12.701] [info] [[94mHttpSession.cpp[0m:[95m531[0m [96mhandleGetGraphData[0m] Handle Get Graph Data
[2026-09-01 06:55:12.718] [info] [[94mHttpSession.cpp[0m:[95m576[0m [96mhandleGetGraphData[0m] get_graph_data success
[2026-09-01 06:55:12.950] [info] [[94mControllerAndOtherEventHandler.cpp[0m:[95m239[0m [96moperator()[0m] Accepted new connection
[2026-09-01 06:55:12.951] [info] [[94mHttpSession.cpp[0m:[95m96[0m [96mhandleRequest[0m] Got request: GET /ndt/get_graph_data
[2026-09-01 06:55:12.951] [info] [[94mHttpSession.cpp[0m:[95m531[0m [96mhandleGetGraphData[0m] Handle Get Graph Data
[2026-09-01 06:55:12.962] [info] [[94mHttpSession.cpp[0m:[95m576[0m [96mhandleGetGraphData[0m] get_graph_data success
[2026-09-01 06:55:13.201] [info] [[94mControllerAndOtherEventHandler.cpp[0m:[95m239[0m [96moperator()[0m] Accepted new connection
[2026-09-01 06:55:13.201] [info] [[94mHttpSession.cpp[0m:[95m96[0m [96mhandleRequest[0m] Got request: GET /ndt/get_graph_data
[2026-09-01 06:55:13.201] [info] [[94mHttpSession.cpp[0m:[95m531[0m [96mhandleGetGraphData[0m] Handle Get Graph Data
[2026-09-01 06:55:13.219] [info] [[94mHttpSession.cpp[0m:[95m576[0m [96mhandleGetGraphData[0m] get_graph_data success
[2026-09-01 06:55:13.387] [info] [[94mFlowLinkUsageCollector.cpp[0m:[95m2558[0m [96mfetchAllDestinationPaths[0m] Pulled 16256 paths from controller
[2026-09-01 06:55:13.450] [info] [[94mControllerAndOtherEventHandler.cpp[0m:[95m239[0m [96moperator()[0m] Accepted new connection
[2026-09-01 06:55:13.451] [info] [[94mHttpSession.cpp[0m:[95m96[0m [96mhandleRequest[0m] Got request: GET /ndt/get_graph_data
[2026-09-01 06:55:13.451] [info] [[94mHttpSession.cpp[0m:[95m531[0m [96mhandleGetGraphData[0m] Handle Get Graph Data
[2026-09-01 06:55:13.462] [info] [[94mHttpSession.cpp[0m:[95m576[0m [96mhandleGetGraphData[0m] get_graph_data success
[2026-09-01 06:55:13.701] [info] [[94mControllerAndOtherEventHandler.cpp[0m:[95m239[0m [96moperator()[0m] Accepted new connection
[2026-09-01 06:55:13.701] [info] [[94mHttpSession.cpp[0m:[95m96[0m [96mhandleRequest[0m] Got request: GET /ndt/get_graph_data
[2026-09-01 06:55:13.701] [info] [[94mHttpSession.cpp[0m:[95m531[0m [96mhandleGetGraphData[0m] Handle Get Graph Data
[2026-09-01 06:55:13.719] [info] [[94mHttpSession.cpp[0m:[95m576[0m [96mhandleGetGraphData[0m] get_graph_data success
[2026-09-01 06:55:13.951] [info] [[94mControllerAndOtherEventHandler.cpp[0m:[95m239[0m [96moperator()[0m] Accepted new connection
[2026-09-01 06:55:13.951] [info] [[94mHttpSession.cpp[0m:[95m96[0m [96mhandleRequest[0m] Got request: GET /ndt/get_graph_data
[2026-09-01 06:55:13.951] [info] [[94mHttpSession.cpp[0m:[95m531[0m [96mhandleGetGraphData[0m] Handle Get Graph Data
[2026-09-01 06:55:13.970] [info] [[94mHttpSession.cpp[0m:[95m576[0m [96mhandleGetGraphData[0m] get_graph_data success
[2026-09-01 06:55:14.200] [info] [[94mControllerAndOtherEventHandler.cpp[0m:[95m239[0m [96moperator()[0m] Accepted new connection
[2026-09-01 06:55:14.200] [info] [[94mHttpSession.cpp[0m:[95m96[0m [96mhandleRequest[0m] Got request: GET /ndt/get_graph_data
[2026-09-01 06:55:14.200] [info] [[94mHttpSession.cpp[0m:[95m531[0m [96mhandleGetGraphData[0m] Handle Get Graph Data
[2026-09-01 06:55:14.219] [info] [[94mHttpSession.cpp[0m:[95m576[0m [96mhandleGetGraphData[0m] get_graph_data success
[2026-09-01 06:55:14.451] [info] [[94mControllerAndOtherEventHandler.cpp[0m:[95m239[0m [96moperator()[0m] Accepted new connection
[2026-09-01 06:55:14.451] [info] [[94mHttpSession.cpp[0m:[95m96[0m [96mhandleRequest[0m] Got request: GET /ndt/get_graph_data
[2026-09-01 06:55:14.451] [info] [[94mHttpSession.cpp[0m:[95m531[0m [96mhandleGetGraphData[0m] Handle Get Graph Data
[2026-09-01 06:55:14.468] [info] [[94mHttpSession.cpp[0m:[95m576[0m [96mhandleGetGraphData[0m] get_graph_data success
[2026-09-01 06:55:14.700] [info] [[94mControllerAndOtherEventHandler.cpp[0m:[95m239[0m [96moperator()[0m] Accepted new connection
[2026-09-01 06:55:14.701] [info] [[94mHttpSession.cpp[0m:[95m96[0m [96mhandleRequest[0m] Got request: GET /ndt/get_graph_data
[2026-09-01 06:55:14.701] [info] [[94mHttpSession.cpp[0m:[95m531[0m [96mhandleGetGraphData[0m] Handle Get Graph Data
[2026-09-01 06:55:14.716] [info] [[94mHttpSession.cpp[0m:[95m576[0m [96mhandleGetGraphData[0m] get_graph_data success
[2026-09-01 06:55:14.951] [info] [[94mControllerAndOtherEventHandler.cpp[0m:[95m239[0m [96moperator()[0m] Accepted new connection
[2026-09-01 06:55:14.951] [info] [[94mHttpSession.cpp[0m:[95m96[0m [96mhandleRequest[0m] Got request: GET /ndt/get_graph_data
[2026-09-01 06:55:14.951] [info] [[94mHttpSession.cpp[0m:[95m531[0m [96mhandleGetGraphData[0m] Handle Get Graph Data
[2026-09-01 06:55:14.964] [info] [[94mHttpSession.cpp[0m:[95m576[0m [96mhandleGetGraphData[0m] get_graph_data success
[2026-09-01 06:55:15.201] [info] [[94mControllerAndOtherEventHandler.cpp[0m:[95m239[0m [96moperator()[0m] Accepted new connection
[2026-09-01 06:55:15.201] [info] [[94mHttpSession.cpp[0m:[95m96[0m [96mhandleRequest[0m] Got request: GET /ndt/get_graph_data
[2026-09-01 06:55:15.201] [info] [[94mHttpSession.cpp[0m:[95m531[0m [96mhandleGetGraphData[0m] Handle Get Graph Data
[2026-09-01 06:55:15.218] [info] [[94mHttpSession.cpp[0m:[95m576[0m [96mhandleGetGraphData[0m] get_graph_data success
[2026-09-01 06:55:15.451] [info] [[94mControllerAndOtherEventHandler.cpp[0m:[95m239[0m [96moperator()[0m] Accepted new connection
[2026-09-01 06:55:15.451] [info] [[94mHttpSession.cpp[0m:[95m96[0m [96mhandleRequest[0m] Got request: GET /ndt/get_graph_data
[2026-09-01 06:55:15.451] [info] [[94mHttpSession.cpp[0m:[95m531[0m [96mhandleGetGraphData[0m] Handle Get Graph Data
[2026-09-01 06:55:15.465] [info] [[94mHttpSession.cpp[0m:[95m576[0m [96mhandleGetGraphData[0m] get_graph_data success
[2026-09-01 06:55:15.701] [info] [[94mControllerAndOtherEventHandler.cpp[0m:[95m239[0m [96moperator()[0m] Accepted new connection
[2026-09-01 06:55:15.701] [info] [[94mHttpSession.cpp[0m:[95m96[0m [96mhandleRequest[0m] Got request: GET /ndt/get_graph_data
[2026-09-01 06:55:15.701] [info] [[94mHttpSession.cpp[0m:[95m531[0m [96mhandleGetGraphData[0m] Handle Get Graph Data
[2026-09-01 06:55:15.718] [info] [[94mHttpSession.cpp[0m:[95m576[0m [96mhandleGetGraphData[0m] get_graph_data success
[2026-09-01 06:55:15.951] [info] [[94mControllerAndOtherEventHandler.cpp[0m:[95m239[0m [96moperator()[0m] Accepted new connection
[2026-09-01 06:55:15.951] [info] [[94mHttpSession.cpp[0m:[95m96[0m [96mhandleRequest[0m] Got request: GET /ndt/get_graph_data
[2026-09-01 06:55:15.951] [info] [[94mHttpSession.cpp[0m:[95m531[0m [96mhandleGetGraphData[0m] Handle Get Graph Data
[2026-09-01 06:55:15.963] [info] [[94mHttpSession.cpp[0m:[95m576[0m [96mhandleGetGraphData[0m] get_graph_data success
[2026-09-01 06:55:16.201] [info] [[94mControllerAndOtherEventHandler.cpp[0m:[95m239[0m [96moperator()[0m] Accepted new connection
[2026-09-01 06:55:16.201] [info] [[94mHttpSession.cpp[0m:[95m96[0m [96mhandleRequest[0m] Got request: GET /ndt/get_graph_data
[2026-09-01 06:55:16.201] [info] [[94mHttpSession.cpp[0m:[95m531[0m [96mhandleGetGraphData[0m] Handle Get Graph Data
[2026-09-01 06:55:16.220] [info] [[94mHttpSession.cpp[0m:[95m576[0m [96mhandleGetGraphData[0m] get_graph_data success
[2026-09-01 06:55:16.452] [info] [[94mControllerAndOtherEventHandler.cpp[0m:[95m239[0m [96moperator()[0m] Accepted new connection
[2026-09-01 06:55:16.452] [info] [[94mHttpSession.cpp[0m:[95m96[0m [96mhandleRequest[0m] Got request: GET /ndt/get_graph_data
[2026-09-01 06:55:16.452] [info] [[94mHttpSession.cpp[0m:[95m531[0m [96mhandleGetGraphData[0m] Handle Get Graph Data
[2026-09-01 06:55:16.471] [info] [[94mHttpSession.cpp[0m:[95m576[0m [96mhandleGetGraphData[0m] get_graph_data success
[2026-09-01 06:55:16.702] [info] [[94mControllerAndOtherEventHandler.cpp[0m:[95m239[0m [96moperator()[0m] Accepted new connection
[2026-09-01 06:55:16.702] [info] [[94mHttpSession.cpp[0m:[95m96[0m [96mhandleRequest[0m] Got request: GET /ndt/get_graph_data
[2026-09-01 06:55:16.702] [info] [[94mHttpSession.cpp[0m:[95m531[0m [96mhandleGetGraphData[0m] Handle Get Graph Data
[2026-09-01 06:55:16.721] [info] [[94mHttpSession.cpp[0m:[95m576[0m [96mhandleGetGraphData[0m] get_graph_data success
[2026-09-01 06:55:16.952] [info] [[94mControllerAndOtherEventHandler.cpp[0m:[95m239[0m [96moperator()[0m] Accepted new connection
[2026-09-01 06:55:16.952] [info] [[94mHttpSession.cpp[0m:[95m96[0m [96mhandleRequest[0m] Got request: GET /ndt/get_graph_data
[2026-09-01 06:55:16.952] [info] [[94mHttpSession.cpp[0m:[95m531[0m [96mhandleGetGraphData[0m] Handle Get Graph Data
[2026-09-01 06:55:16.967] [info] [[94mHttpSession.cpp[0m:[95m576[0m [96mhandleGetGraphData[0m] get_graph_data success
[2026-09-01 06:55:17.201] [info] [[94mControllerAndOtherEventHandler.cpp[0m:[95m239[0m [96moperator()[0m] Accepted new connection
[2026-09-01 06:55:17.201] [info] [[94mHttpSession.cpp[0m:[95m96[0m [96mhandleRequest[0m] Got request: GET /ndt/get_graph_data
[2026-09-01 06:55:17.202] [info] [[94mHttpSession.cpp[0m:[95m531[0m [96mhandleGetGraphData[0m] Handle Get Graph Data
[2026-09-01 06:55:17.215] [info] [[94mHttpSession.cpp[0m:[95m576[0m [96mhandleGetGraphData[0m] get_graph_data success
[2026-09-01 06:55:17.452] [info] [[94mControllerAndOtherEventHandler.cpp[0m:[95m239[0m [96moperator()[0m] Accepted new connection
[2026-09-01 06:55:17.452] [info] [[94mHttpSession.cpp[0m:[95m96[0m [96mhandleRequest[0m] Got request: GET /ndt/get_graph_data
[2026-09-01 06:55:17.452] [info] [[94mHttpSession.cpp[0m:[95m531[0m [96mhandleGetGraphData[0m] Handle Get Graph Data
[2026-09-01 06:55:17.471] [info] [[94mHttpSession.cpp[0m:[95m576[0m [96mhandleGetGraphData[0m] get_graph_data success
[2026-09-01 06:55:17.702] [info] [[94mControllerAndOtherEventHandler.cpp[0m:[95m239[0m [96moperator()[0m] Accepted new connection
[2026-09-01 06:55:17.702] [info] [[94mHttpSession.cpp[0m:[95m96[0m [96mhandleRequest[0m] Got request: GET /ndt/get_graph_data
[2026-09-01 06:55:17.702] [info] [[94mHttpSession.cpp[0m:[95m531[0m [96mhandleGetGraphData[0m] Handle Get Graph Data
[2026-09-01 06:55:17.721] [info] [[94mHttpSession.cpp[0m:[95m576[0m [96mhandleGetGraphData[0m] get_graph_data success
[2026-09-01 06:55:17.952] [info] [[94mControllerAndOtherEventHandler.cpp[0m:[95m239[0m [96moperator()[0m] Accepted new connection
[2026-09-01 06:55:17.952] [info] [[94mHttpSession.cpp[0m:[95m96[0m [96mhandleRequest[0m] Got request: GET /ndt/get_graph_data
[2026-09-01 06:55:17.952] [info] [[94mHttpSession.cpp[0m:[95m531[0m [96mhandleGetGraphData[0m] Handle Get Graph Data
[2026-09-01 06:55:17.971] [info] [[94mHttpSession.cpp[0m:[95m576[0m [96mhandleGetGraphData[0m] get_graph_data success
[2026-09-01 06:55:18.202] [info] [[94mControllerAndOtherEventHandler.cpp[0m:[95m239[0m [96moperator()[0m] Accepted new connection
[2026-09-01 06:55:18.202] [info] [[94mHttpSession.cpp[0m:[95m96[0m [96mhandleRequest[0m] Got request: GET /ndt/get_graph_data
[2026-09-01 06:55:18.202] [info] [[94mHttpSession.cpp[0m:[95m531[0m [96mhandleGetGraphData[0m] Handle Get Graph Data
[2026-09-01 06:55:18.215] [info] [[94mHttpSession.cpp[0m:[95m576[0m [96mhandleGetGraphData[0m] get_graph_data success
[2026-09-01 06:55:18.452] [info] [[94mControllerAndOtherEventHandler.cpp[0m:[95m239[0m [96moperator()[0m] Accepted new connection
[2026-09-01 06:55:18.452] [info] [[94mHttpSession.cpp[0m:[95m96[0m [96mhandleRequest[0m] Got request: GET /ndt/get_graph_data
[2026-09-01 06:55:18.452] [info] [[94mHttpSession.cpp[0m:[95m531[0m [96mhandleGetGraphData[0m] Handle Get Graph Data
[2026-09-01 06:55:18.468] [info] [[94mHttpSession.cpp[0m:[95m576[0m [96mhandleGetGraphData[0m] get_graph_data success
[2026-09-01 06:55:18.702] [info] [[94mControllerAndOtherEventHandler.cpp[0m:[95m239[0m [96moperator()[0m] Accepted new connection
[2026-09-01 06:55:18.703] [info] [[94mHttpSession.cpp[0m:[95m96[0m [96mhandleRequest[0m] Got request: GET /ndt/get_graph_data
[2026-09-01 06:55:18.703] [info] [[94mHttpSession.cpp[0m:[95m531[0m [96mhandleGetGraphData[0m] Handle Get Graph Data
[2026-09-01 06:55:18.719] [info] [[94mHttpSession.cpp[0m:[95m576[0m [96mhandleGetGraphData[0m] get_graph_data success
[2026-09-01 06:55:18.952] [info] [[94mControllerAndOtherEventHandler.cpp[0m:[95m239[0m [96moperator()[0m] Accepted new connection
[2026-09-01 06:55:18.952] [info] [[94mHttpSession.cpp[0m:[95m96[0m [96mhandleRequest[0m] Got request: GET /ndt/get_graph_data
[2026-09-01 06:55:18.952] [info] [[94mHttpSession.cpp[0m:[95m531[0m [96mhandleGetGraphData[0m] Handle Get Graph Data
[2026-09-01 06:55:18.966] [info] [[94mHttpSession.cpp[0m:[95m576[0m [96mhandleGetGraphData[0m] get_graph_data success
[2026-09-01 06:55:19.202] [info] [[94mControllerAndOtherEventHandler.cpp[0m:[95m239[0m [96moperator()[0m] Accepted new connection
[2026-09-01 06:55:19.203] [info] [[94mHttpSession.cpp[0m:[95m96[0m [96mhandleRequest[0m] Got request: GET /ndt/get_graph_data
[2026-09-01 06:55:19.203] [info] [[94mHttpSession.cpp[0m:[95m531[0m [96mhandleGetGraphData[0m] Handle Get Graph Data
[2026-09-01 06:55:19.218] [info] [[94mHttpSession.cpp[0m:[95m576[0m [96mhandleGetGraphData[0m] get_graph_data success
[2026-09-01 06:55:19.452] [info] [[94mControllerAndOtherEventHandler.cpp[0m:[95m239[0m [96moperator()[0m] Accepted new connection
[2026-09-01 06:55:19.452] [info] [[94mHttpSession.cpp[0m:[95m96[0m [96mhandleRequest[0m] Got request: GET /ndt/get_graph_data
[2026-09-01 06:55:19.452] [info] [[94mHttpSession.cpp[0m:[95m531[0m [96mhandleGetGraphData[0m] Handle Get Graph Data
[2026-09-01 06:55:19.471] [info] [[94mHttpSession.cpp[0m:[95m576[0m [96mhandleGetGraphData[0m] get_graph_data success
[2026-09-01 06:55:19.703] [info] [[94mControllerAndOtherEventHandler.cpp[0m:[95m239[0m [96moperator()[0m] Accepted new connection
[2026-09-01 06:55:19.703] [info] [[94mHttpSession.cpp[0m:[95m96[0m [96mhandleRequest[0m] Got request: GET /ndt/get_graph_data
[2026-09-01 06:55:19.703] [info] [[94mHttpSession.cpp[0m:[95m531[0m [96mhandleGetGraphData[0m] Handle Get Graph Data
[2026-09-01 06:55:19.720] [info] [[94mHttpSession.cpp[0m:[95m576[0m [96mhandleGetGraphData[0m] get_graph_data success
[2026-09-01 06:55:19.952] [info] [[94mControllerAndOtherEventHandler.cpp[0m:[95m239[0m [96moperator()[0m] Accepted new connection
[2026-09-01 06:55:19.952] [info] [[94mHttpSession.cpp[0m:[95m96[0m [96mhandleRequest[0m] Got request: GET /ndt/get_graph_data
[2026-09-01 06:55:19.952] [info] [[94mHttpSession.cpp[0m:[95m531[0m [96mhandleGetGraphData[0m] Handle Get Graph Data
[2026-09-01 06:55:19.964] [info] [[94mHttpSession.cpp[0m:[95m576[0m [96mhandleGetGraphData[0m] get_graph_data success
[2026-09-01 06:55:20.203] [info] [[94mControllerAndOtherEventHandler.cpp[0m:[95m239[0m [96moperator()[0m] Accepted new connection
[2026-09-01 06:55:20.203] [info] [[94mHttpSession.cpp[0m:[95m96[0m [96mhandleRequest[0m] Got request: GET /ndt/get_graph_data
[2026-09-01 06:55:20.203] [info] [[94mHttpSession.cpp[0m:[95m531[0m [96mhandleGetGraphData[0m] Handle Get Graph Data
[2026-09-01 06:55:20.218] [info] [[94mHttpSession.cpp[0m:[95m576[0m [96mhandleGetGraphData[0m] get_graph_data success
[2026-09-01 06:55:20.452] [info] [[94mControllerAndOtherEventHandler.cpp[0m:[95m239[0m [96moperator()[0m] Accepted new connection
[2026-09-01 06:55:20.453] [info] [[94mHttpSession.cpp[0m:[95m96[0m [96mhandleRequest[0m] Got request: GET /ndt/get_graph_data
[2026-09-01 06:55:20.453] [info] [[94mHttpSession.cpp[0m:[95m531[0m [96mhandleGetGraphData[0m] Handle Get Graph Data
[2026-09-01 06:55:20.469] [info] [[94mHttpSession.cpp[0m:[95m576[0m [96mhandleGetGraphData[0m] get_graph_data success
[2026-09-01 06:55:20.702] [info] [[94mControllerAndOtherEventHandler.cpp[0m:[95m239[0m [96moperator()[0m] Accepted new connection
[2026-09-01 06:55:20.702] [info] [[94mHttpSession.cpp[0m:[95m96[0m [96mhandleRequest[0m] Got request: GET /ndt/get_graph_data
[2026-09-01 06:55:20.703] [info] [[94mHttpSession.cpp[0m:[95m531[0m [96mhandleGetGraphData[0m] Handle Get Graph Data
[2026-09-01 06:55:20.720] [info] [[94mHttpSession.cpp[0m:[95m576[0m [96mhandleGetGraphData[0m] get_graph_data success
[2026-09-01 06:55:20.952] [info] [[94mControllerAndOtherEventHandler.cpp[0m:[95m239[0m [96moperator()[0m] Accepted new connection
[2026-09-01 06:55:20.953] [info] [[94mHttpSession.cpp[0m:[95m96[0m [96mhandleRequest[0m] Got request: GET /ndt/get_graph_data
[2026-09-01 06:55:20.953] [info] [[94mHttpSession.cpp[0m:[95m531[0m [96mhandleGetGraphData[0m] Handle Get Graph Data
[2026-09-01 06:55:20.971] [info] [[94mHttpSession.cpp[0m:[95m576[0m [96mhandleGetGraphData[0m] get_graph_data success
[2026-09-01 06:55:21.203] [info] [[94mControllerAndOtherEventHandler.cpp[0m:[95m239[0m [96moperator()[0m] Accepted new connection
[2026-09-01 06:55:21.203] [info] [[94mHttpSession.cpp[0m:[95m96[0m [96mhandleRequest[0m] Got request: GET /ndt/get_graph_data
[2026-09-01 06:55:21.203] [info] [[94mHttpSession.cpp[0m:[95m531[0m [96mhandleGetGraphData[0m] Handle Get Graph Data
[2026-09-01 06:55:21.222] [info] [[94mHttpSession.cpp[0m:[95m576[0m [96mhandleGetGraphData[0m] get_graph_data success
[2026-09-01 06:55:21.452] [info] [[94mControllerAndOtherEventHandler.cpp[0m:[95m239[0m [96moperator()[0m] Accepted new connection
[2026-09-01 06:55:21.453] [info] [[94mHttpSession.cpp[0m:[95m96[0m [96mhandleRequest[0m] Got request: GET /ndt/get_graph_data
[2026-09-01 06:55:21.453] [info] [[94mHttpSession.cpp[0m:[95m531[0m [96mhandleGetGraphData[0m] Handle Get Graph Data
[2026-09-01 06:55:21.471] [info] [[94mHttpSession.cpp[0m:[95m576[0m [96mhandleGetGraphData[0m] get_graph_data success
[2026-09-01 06:55:21.703] [info] [[94mControllerAndOtherEventHandler.cpp[0m:[95m239[0m [96moperator()[0m] Accepted new connection
[2026-09-01 06:55:21.703] [info] [[94mHttpSession.cpp[0m:[95m96[0m [96mhandleRequest[0m] Got request: GET /ndt/get_graph_data
[2026-09-01 06:55:21.703] [info] [[94mHttpSession.cpp[0m:[95m531[0m [96mhandleGetGraphData[0m] Handle Get Graph Data
[2026-09-01 06:55:21.722] [info] [[94mHttpSession.cpp[0m:[95m576[0m [96mhandleGetGraphData[0m] get_graph_data success
[2026-09-01 06:55:21.953] [info] [[94mControllerAndOtherEventHandler.cpp[0m:[95m239[0m [96moperator()[0m] Accepted new connection
[2026-09-01 06:55:21.953] [info] [[94mHttpSession.cpp[0m:[95m96[0m [96mhandleRequest[0m] Got request: GET /ndt/get_graph_data
[2026-09-01 06:55:21.953] [info] [[94mHttpSession.cpp[0m:[95m531[0m [96mhandleGetGraphData[0m] Handle Get Graph Data
[2026-09-01 06:55:21.971] [info] [[94mHttpSession.cpp[0m:[95m576[0m [96mhandleGetGraphData[0m] get_graph_data success
[2026-09-01 06:55:22.203] [info] [[94mControllerAndOtherEventHandler.cpp[0m:[95m239[0m [96moperator()[0m] Accepted new connection
[2026-09-01 06:55:22.204] [info] [[94mHttpSession.cpp[0m:[95m96[0m [96mhandleRequest[0m] Got request: GET /ndt/get_graph_data
[2026-09-01 06:55:22.204] [info] [[94mHttpSession.cpp[0m:[95m531[0m [96mhandleGetGraphData[0m] Handle Get Graph Data
[2026-09-01 06:55:22.223] [info] [[94mHttpSession.cpp[0m:[95m576[0m [96mhandleGetGraphData[0m] get_graph_data success
[2026-09-01 06:55:22.452] [info] [[94mControllerAndOtherEventHandler.cpp[0m:[95m239[0m [96moperator()[0m] Accepted new connection
[2026-09-01 06:55:22.453] [info] [[94mHttpSession.cpp[0m:[95m96[0m [96mhandleRequest[0m] Got request: GET /ndt/get_graph_data
[2026-09-01 06:55:22.453] [info] [[94mHttpSession.cpp[0m:[95m531[0m [96mhandleGetGraphData[0m] Handle Get Graph Data
[2026-09-01 06:55:22.467] [info] [[94mHttpSession.cpp[0m:[95m576[0m [96mhandleGetGraphData[0m] get_graph_data success
[2026-09-01 06:55:22.704] [info] [[94mControllerAndOtherEventHandler.cpp[0m:[95m239[0m [96moperator()[0m] Accepted new connection
[2026-09-01 06:55:22.704] [info] [[94mHttpSession.cpp[0m:[95m96[0m [96mhandleRequest[0m] Got request: GET /ndt/get_graph_data
[2026-09-01 06:55:22.704] [info] [[94mHttpSession.cpp[0m:[95m531[0m [96mhandleGetGraphData[0m] Handle Get Graph Data
[2026-09-01 06:55:22.722] [info] [[94mHttpSession.cpp[0m:[95m576[0m [96mhandleGetGraphData[0m] get_graph_data success
[2026-09-01 06:55:22.954] [info] [[94mControllerAndOtherEventHandler.cpp[0m:[95m239[0m [96moperator()[0m] Accepted new connection
[2026-09-01 06:55:22.954] [info] [[94mHttpSession.cpp[0m:[95m96[0m [96mhandleRequest[0m] Got request: GET /ndt/get_graph_data
[2026-09-01 06:55:22.954] [info] [[94mHttpSession.cpp[0m:[95m531[0m [96mhandleGetGraphData[0m] Handle Get Graph Data
[2026-09-01 06:55:22.972] [info] [[94mHttpSession.cpp[0m:[95m576[0m [96mhandleGetGraphData[0m] get_graph_data success
[2026-09-01 06:55:23.204] [info] [[94mControllerAndOtherEventHandler.cpp[0m:[95m239[0m [96moperator()[0m] Accepted new connection
[2026-09-01 06:55:23.204] [info] [[94mHttpSession.cpp[0m:[95m96[0m [96mhandleRequest[0m] Got request: GET /ndt/get_graph_data
[2026-09-01 06:55:23.204] [info] [[94mHttpSession.cpp[0m:[95m531[0m [96mhandleGetGraphData[0m] Handle Get Graph Data
[2026-09-01 06:55:23.222] [info] [[94mHttpSession.cpp[0m:[95m576[0m [96mhandleGetGraphData[0m] get_graph_data success
[2026-09-01 06:55:23.454] [info] [[94mControllerAndOtherEventHandler.cpp[0m:[95m239[0m [96moperator()[0m] Accepted new connection
[2026-09-01 06:55:23.454] [info] [[94mHttpSession.cpp[0m:[95m96[0m [96mhandleRequest[0m] Got request: GET /ndt/get_graph_data
[2026-09-01 06:55:23.454] [info] [[94mHttpSession.cpp[0m:[95m531[0m [96mhandleGetGraphData[0m] Handle Get Graph Data
[2026-09-01 06:55:23.472] [info] [[94mHttpSession.cpp[0m:[95m576[0m [96mhandleGetGraphData[0m] get_graph_data success
[2026-09-01 06:55:23.704] [info] [[94mControllerAndOtherEventHandler.cpp[0m:[95m239[0m [96moperator()[0m] Accepted new connection
[2026-09-01 06:55:23.704] [info] [[94mHttpSession.cpp[0m:[95m96[0m [96mhandleRequest[0m] Got request: GET /ndt/get_graph_data
[2026-09-01 06:55:23.704] [info] [[94mHttpSession.cpp[0m:[95m531[0m [96mhandleGetGraphData[0m] Handle Get Graph Data
[2026-09-01 06:55:23.723] [info] [[94mHttpSession.cpp[0m:[95m576[0m [96mhandleGetGraphData[0m] get_graph_data success
[2026-09-01 06:55:23.953] [info] [[94mControllerAndOtherEventHandler.cpp[0m:[95m239[0m [96moperator()[0m] Accepted new connection
[2026-09-01 06:55:23.953] [info] [[94mHttpSession.cpp[0m:[95m96[0m [96mhandleRequest[0m] Got request: GET /ndt/get_graph_data
[2026-09-01 06:55:23.953] [info] [[94mHttpSession.cpp[0m:[95m531[0m [96mhandleGetGraphData[0m] Handle Get Graph Data
[2026-09-01 06:55:23.965] [info] [[94mHttpSession.cpp[0m:[95m576[0m [96mhandleGetGraphData[0m] get_graph_data success
[2026-09-01 06:55:24.204] [info] [[94mControllerAndOtherEventHandler.cpp[0m:[95m239[0m [96moperator()[0m] Accepted new connection
[2026-09-01 06:55:24.204] [info] [[94mHttpSession.cpp[0m:[95m96[0m [96mhandleRequest[0m] Got request: GET /ndt/get_graph_data
[2026-09-01 06:55:24.204] [info] [[94mHttpSession.cpp[0m:[95m531[0m [96mhandleGetGraphData[0m] Handle Get Graph Data
[2026-09-01 06:55:24.217] [info] [[94mHttpSession.cpp[0m:[95m576[0m [96mhandleGetGraphData[0m] get_graph_data success
[2026-09-01 06:55:24.454] [info] [[94mControllerAndOtherEventHandler.cpp[0m:[95m239[0m [96moperator()[0m] Accepted new connection
[2026-09-01 06:55:24.454] [info] [[94mHttpSession.cpp[0m:[95m96[0m [96mhandleRequest[0m] Got request: GET /ndt/get_graph_data
[2026-09-01 06:55:24.454] [info] [[94mHttpSession.cpp[0m:[95m531[0m [96mhandleGetGraphData[0m] Handle Get Graph Data
[2026-09-01 06:55:24.472] [info] [[94mHttpSession.cpp[0m:[95m576[0m [96mhandleGetGraphData[0m] get_graph_data success
[2026-09-01 06:55:24.704] [info] [[94mControllerAndOtherEventHandler.cpp[0m:[95m239[0m [96moperator()[0m] Accepted new connection
[2026-09-01 06:55:24.704] [info] [[94mHttpSession.cpp[0m:[95m96[0m [96mhandleRequest[0m] Got request: GET /ndt/get_graph_data
[2026-09-01 06:55:24.704] [info] [[94mHttpSession.cpp[0m:[95m531[0m [96mhandleGetGraphData[0m] Handle Get Graph Data
[2026-09-01 06:55:24.718] [info] [[94mHttpSession.cpp[0m:[95m576[0m [96mhandleGetGraphData[0m] get_graph_data success
[2026-09-01 06:55:24.954] [info] [[94mControllerAndOtherEventHandler.cpp[0m:[95m239[0m [96moperator()[0m] Accepted new connection
[2026-09-01 06:55:24.954] [info] [[94mHttpSession.cpp[0m:[95m96[0m [96mhandleRequest[0m] Got request: GET /ndt/get_graph_data
[2026-09-01 06:55:24.954] [info] [[94mHttpSession.cpp[0m:[95m531[0m [96mhandleGetGraphData[0m] Handle Get Graph Data
[2026-09-01 06:55:24.974] [info] [[94mHttpSession.cpp[0m:[95m576[0m [96mhandleGetGraphData[0m] get_graph_data success
[2026-09-01 06:55:25.204] [info] [[94mControllerAndOtherEventHandler.cpp[0m:[95m239[0m [96moperator()[0m] Accepted new connection
[2026-09-01 06:55:25.205] [info] [[94mHttpSession.cpp[0m:[95m96[0m [96mhandleRequest[0m] Got request: GET /ndt/get_graph_data
[2026-09-01 06:55:25.205] [info] [[94mHttpSession.cpp[0m:[95m531[0m [96mhandleGetGraphData[0m] Handle Get Graph Data
[2026-09-01 06:55:25.223] [info] [[94mHttpSession.cpp[0m:[95m576[0m [96mhandleGetGraphData[0m] get_graph_data success
[2026-09-01 06:55:25.454] [info] [[94mControllerAndOtherEventHandler.cpp[0m:[95m239[0m [96moperator()[0m] Accepted new connection
[2026-09-01 06:55:25.454] [info] [[94mHttpSession.cpp[0m:[95m96[0m [96mhandleRequest[0m] Got request: GET /ndt/get_graph_data
[2026-09-01 06:55:25.454] [info] [[94mHttpSession.cpp[0m:[95m531[0m [96mhandleGetGraphData[0m] Handle Get Graph Data
[2026-09-01 06:55:25.472] [info] [[94mHttpSession.cpp[0m:[95m576[0m [96mhandleGetGraphData[0m] get_graph_data success
[2026-09-01 06:55:25.704] [info] [[94mControllerAndOtherEventHandler.cpp[0m:[95m239[0m [96moperator()[0m] Accepted new connection
[2026-09-01 06:55:25.704] [info] [[94mHttpSession.cpp[0m:[95m96[0m [96mhandleRequest[0m] Got request: GET /ndt/get_graph_data
[2026-09-01 06:55:25.704] [info] [[94mHttpSession.cpp[0m:[95m531[0m [96mhandleGetGraphData[0m] Handle Get Graph Data
[2026-09-01 06:55:25.716] [info] [[94mHttpSession.cpp[0m:[95m576[0m [96mhandleGetGraphData[0m] get_graph_data success
[2026-09-01 06:55:25.954] [info] [[94mControllerAndOtherEventHandler.cpp[0m:[95m239[0m [96moperator()[0m] Accepted new connection
[2026-09-01 06:55:25.954] [info] [[94mHttpSession.cpp[0m:[95m96[0m [96mhandleRequest[0m] Got request: GET /ndt/get_graph_data
[2026-09-01 06:55:25.954] [info] [[94mHttpSession.cpp[0m:[95m531[0m [96mhandleGetGraphData[0m] Handle Get Graph Data
[2026-09-01 06:55:25.969] [info] [[94mHttpSession.cpp[0m:[95m576[0m [96mhandleGetGraphData[0m] get_graph_data success
[2026-09-01 06:55:26.204] [info] [[94mControllerAndOtherEventHandler.cpp[0m:[95m239[0m [96moperator()[0m] Accepted new connection
[2026-09-01 06:55:26.204] [info] [[94mHttpSession.cpp[0m:[95m96[0m [96mhandleRequest[0m] Got request: GET /ndt/get_graph_data
[2026-09-01 06:55:26.204] [info] [[94mHttpSession.cpp[0m:[95m531[0m [96mhandleGetGraphData[0m] Handle Get Graph Data
[2026-09-01 06:55:26.218] [info] [[94mHttpSession.cpp[0m:[95m576[0m [96mhandleGetGraphData[0m] get_graph_data success
[2026-09-01 06:55:26.454] [info] [[94mControllerAndOtherEventHandler.cpp[0m:[95m239[0m [96moperator()[0m] Accepted new connection
[2026-09-01 06:55:26.454] [info] [[94mHttpSession.cpp[0m:[95m96[0m [96mhandleRequest[0m] Got request: GET /ndt/get_graph_data
[2026-09-01 06:55:26.454] [info] [[94mHttpSession.cpp[0m:[95m531[0m [96mhandleGetGraphData[0m] Handle Get Graph Data
[2026-09-01 06:55:26.473] [info] [[94mHttpSession.cpp[0m:[95m576[0m [96mhandleGetGraphData[0m] get_graph_data success
[2026-09-01 06:55:26.705] [info] [[94mControllerAndOtherEventHandler.cpp[0m:[95m239[0m [96moperator()[0m] Accepted new connection
[2026-09-01 06:55:26.705] [info] [[94mHttpSession.cpp[0m:[95m96[0m [96mhandleRequest[0m] Got request: GET /ndt/get_graph_data
[2026-09-01 06:55:26.705] [info] [[94mHttpSession.cpp[0m:[95m531[0m [96mhandleGetGraphData[0m] Handle Get Graph Data
[2026-09-01 06:55:26.724] [info] [[94mHttpSession.cpp[0m:[95m576[0m [96mhandleGetGraphData[0m] get_graph_data success
[2026-09-01 06:55:26.955] [info] [[94mControllerAndOtherEventHandler.cpp[0m:[95m239[0m [96moperator()[0m] Accepted new connection
[2026-09-01 06:55:26.955] [info] [[94mHttpSession.cpp[0m:[95m96[0m [96mhandleRequest[0m] Got request: GET /ndt/get_graph_data
[2026-09-01 06:55:26.955] [info] [[94mHttpSession.cpp[0m:[95m531[0m [96mhandleGetGraphData[0m] Handle Get Graph Data
[2026-09-01 06:55:26.967] [info] [[94mHttpSession.cpp[0m:[95m576[0m [96mhandleGetGraphData[0m] get_graph_data success
[2026-09-01 06:55:27.205] [info] [[94mControllerAndOtherEventHandler.cpp[0m:[95m239[0m [96moperator()[0m] Accepted new connection
[2026-09-01 06:55:27.205] [info] [[94mHttpSession.cpp[0m:[95m96[0m [96mhandleRequest[0m] Got request: GET /ndt/get_graph_data
[2026-09-01 06:55:27.205] [info] [[94mHttpSession.cpp[0m:[95m531[0m [96mhandleGetGraphData[0m] Handle Get Graph Data
[2026-09-01 06:55:27.220] [info] [[94mHttpSession.cpp[0m:[95m576[0m [96mhandleGetGraphData[0m] get_graph_data success
[2026-09-01 06:55:27.455] [info] [[94mControllerAndOtherEventHandler.cpp[0m:[95m239[0m [96moperator()[0m] Accepted new connection
[2026-09-01 06:55:27.455] [info] [[94mHttpSession.cpp[0m:[95m96[0m [96mhandleRequest[0m] Got request: GET /ndt/get_graph_data
[2026-09-01 06:55:27.455] [info] [[94mHttpSession.cpp[0m:[95m531[0m [96mhandleGetGraphData[0m] Handle Get Graph Data
[2026-09-01 06:55:27.468] [info] [[94mHttpSession.cpp[0m:[95m576[0m [96mhandleGetGraphData[0m] get_graph_data success
[2026-09-01 06:55:27.705] [info] [[94mControllerAndOtherEventHandler.cpp[0m:[95m239[0m [96moperator()[0m] Accepted new connection
[2026-09-01 06:55:27.705] [info] [[94mHttpSession.cpp[0m:[95m96[0m [96mhandleRequest[0m] Got request: GET /ndt/get_graph_data
[2026-09-01 06:55:27.705] [info] [[94mHttpSession.cpp[0m:[95m531[0m [96mhandleGetGraphData[0m] Handle Get Graph Data
[2026-09-01 06:55:27.724] [info] [[94mHttpSession.cpp[0m:[95m576[0m [96mhandleGetGraphData[0m] get_graph_data success
[2026-09-01 06:55:27.955] [info] [[94mControllerAndOtherEventHandler.cpp[0m:[95m239[0m [96moperator()[0m] Accepted new connection
[2026-09-01 06:55:27.955] [info] [[94mHttpSession.cpp[0m:[95m96[0m [96mhandleRequest[0m] Got request: GET /ndt/get_graph_data
[2026-09-01 06:55:27.955] [info] [[94mHttpSession.cpp[0m:[95m531[0m [96mhandleGetGraphData[0m] Handle Get Graph Data
[2026-09-01 06:55:27.973] [info] [[94mHttpSession.cpp[0m:[95m576[0m [96mhandleGetGraphData[0m] get_graph_data success
[2026-09-01 06:55:28.205] [info] [[94mControllerAndOtherEventHandler.cpp[0m:[95m239[0m [96moperator()[0m] Accepted new connection
[2026-09-01 06:55:28.205] [info] [[94mHttpSession.cpp[0m:[95m96[0m [96mhandleRequest[0m] Got request: GET /ndt/get_graph_data
[2026-09-01 06:55:28.205] [info] [[94mHttpSession.cpp[0m:[95m531[0m [96mhandleGetGraphData[0m] Handle Get Graph Data
[2026-09-01 06:55:28.224] [info] [[94mHttpSession.cpp[0m:[95m576[0m [96mhandleGetGraphData[0m] get_graph_data success
[2026-09-01 06:55:28.455] [info] [[94mControllerAndOtherEventHandler.cpp[0m:[95m239[0m [96moperator()[0m] Accepted new connection
[2026-09-01 06:55:28.455] [info] [[94mHttpSession.cpp[0m:[95m96[0m [96mhandleRequest[0m] Got request: GET /ndt/get_graph_data
[2026-09-01 06:55:28.456] [info] [[94mHttpSession.cpp[0m:[95m531[0m [96mhandleGetGraphData[0m] Handle Get Graph Data
[2026-09-01 06:55:28.470] [info] [[94mHttpSession.cpp[0m:[95m576[0m [96mhandleGetGraphData[0m] get_graph_data success
[2026-09-01 06:55:28.705] [info] [[94mControllerAndOtherEventHandler.cpp[0m:[95m239[0m [96moperator()[0m] Accepted new connection
[2026-09-01 06:55:28.706] [info] [[94mHttpSession.cpp[0m:[95m96[0m [96mhandleRequest[0m] Got request: GET /ndt/get_graph_data
[2026-09-01 06:55:28.706] [info] [[94mHttpSession.cpp[0m:[95m531[0m [96mhandleGetGraphData[0m] Handle Get Graph Data
[2026-09-01 06:55:28.724] [info] [[94mHttpSession.cpp[0m:[95m576[0m [96mhandleGetGraphData[0m] get_graph_data success
[2026-09-01 06:55:28.955] [info] [[94mControllerAndOtherEventHandler.cpp[0m:[95m239[0m [96moperator()[0m] Accepted new connection
[2026-09-01 06:55:28.956] [info] [[94mHttpSession.cpp[0m:[95m96[0m [96mhandleRequest[0m] Got request: GET /ndt/get_graph_data
[2026-09-01 06:55:28.956] [info] [[94mHttpSession.cpp[0m:[95m531[0m [96mhandleGetGraphData[0m] Handle Get Graph Data
[2026-09-01 06:55:28.975] [info] [[94mHttpSession.cpp[0m:[95m576[0m [96mhandleGetGraphData[0m] get_graph_data success
[2026-09-01 06:55:29.205] [info] [[94mControllerAndOtherEventHandler.cpp[0m:[95m239[0m [96moperator()[0m] Accepted new connection
[2026-09-01 06:55:29.206] [info] [[94mHttpSession.cpp[0m:[95m96[0m [96mhandleRequest[0m] Got request: GET /ndt/get_graph_data
[2026-09-01 06:55:29.206] [info] [[94mHttpSession.cpp[0m:[95m531[0m [96mhandleGetGraphData[0m] Handle Get Graph Data
[2026-09-01 06:55:29.224] [info] [[94mHttpSession.cpp[0m:[95m576[0m [96mhandleGetGraphData[0m] get_graph_data success
[2026-09-01 06:55:29.455] [info] [[94mControllerAndOtherEventHandler.cpp[0m:[95m239[0m [96moperator()[0m] Accepted new connection
[2026-09-01 06:55:29.455] [info] [[94mHttpSession.cpp[0m:[95m96[0m [96mhandleRequest[0m] Got request: GET /ndt/get_graph_data
[2026-09-01 06:55:29.455] [info] [[94mHttpSession.cpp[0m:[95m531[0m [96mhandleGetGraphData[0m] Handle Get Graph Data
[2026-09-01 06:55:29.472] [info] [[94mHttpSession.cpp[0m:[95m576[0m [96mhandleGetGraphData[0m] get_graph_data success
[2026-09-01 06:55:29.705] [info] [[94mControllerAndOtherEventHandler.cpp[0m:[95m239[0m [96moperator()[0m] Accepted new connection
[2026-09-01 06:55:29.705] [info] [[94mHttpSession.cpp[0m:[95m96[0m [96mhandleRequest[0m] Got request: GET /ndt/get_graph_data
[2026-09-01 06:55:29.705] [info] [[94mHttpSession.cpp[0m:[95m531[0m [96mhandleGetGraphData[0m] Handle Get Graph Data
[2026-09-01 06:55:29.722] [info] [[94mHttpSession.cpp[0m:[95m576[0m [96mhandleGetGraphData[0m] get_graph_data success
[2026-09-01 06:55:29.955] [info] [[94mControllerAndOtherEventHandler.cpp[0m:[95m239[0m [96moperator()[0m] Accepted new connection
[2026-09-01 06:55:29.955] [info] [[94mHttpSession.cpp[0m:[95m96[0m [96mhandleRequest[0m] Got request: GET /ndt/get_graph_data
[2026-09-01 06:55:29.955] [info] [[94mHttpSession.cpp[0m:[95m531[0m [96mhandleGetGraphData[0m] Handle Get Graph Data
[2026-09-01 06:55:29.973] [info] [[94mHttpSession.cpp[0m:[95m576[0m [96mhandleGetGraphData[0m] get_graph_data success
[2026-09-01 06:55:30.205] [info] [[94mControllerAndOtherEventHandler.cpp[0m:[95m239[0m [96moperator()[0m] Accepted new connection
[2026-09-01 06:55:30.205] [info] [[94mHttpSession.cpp[0m:[95m96[0m [96mhandleRequest[0m] Got request: GET /ndt/get_graph_data
[2026-09-01 06:55:30.205] [info] [[94mHttpSession.cpp[0m:[95m531[0m [96mhandleGetGraphData[0m] Handle Get Graph Data
[2026-09-01 06:55:30.224] [info] [[94mHttpSession.cpp[0m:[95m576[0m [96mhandleGetGraphData[0m] get_graph_data success
[2026-09-01 06:55:30.455] [info] [[94mControllerAndOtherEventHandler.cpp[0m:[95m239[0m [96moperator()[0m] Accepted new connection
[2026-09-01 06:55:30.456] [info] [[94mHttpSession.cpp[0m:[95m96[0m [96mhandleRequest[0m] Got request: GET /ndt/get_graph_data
[2026-09-01 06:55:30.456] [info] [[94mHttpSession.cpp[0m:[95m531[0m [96mhandleGetGraphData[0m] Handle Get Graph Data
[2026-09-01 06:55:30.471] [info] [[94mHttpSession.cpp[0m:[95m576[0m [96mhandleGetGraphData[0m] get_graph_data success
[2026-09-01 06:55:30.706] [info] [[94mControllerAndOtherEventHandler.cpp[0m:[95m239[0m [96moperator()[0m] Accepted new connection
[2026-09-01 06:55:30.706] [info] [[94mHttpSession.cpp[0m:[95m96[0m [96mhandleRequest[0m] Got request: GET /ndt/get_graph_data
[2026-09-01 06:55:30.706] [info] [[94mHttpSession.cpp[0m:[95m531[0m [96mhandleGetGraphData[0m] Handle Get Graph Data
[2026-09-01 06:55:30.724] [info] [[94mHttpSession.cpp[0m:[95m576[0m [96mhandleGetGraphData[0m] get_graph_data success
[2026-09-01 06:55:30.956] [info] [[94mControllerAndOtherEventHandler.cpp[0m:[95m239[0m [96moperator()[0m] Accepted new connection
[2026-09-01 06:55:30.956] [info] [[94mHttpSession.cpp[0m:[95m96[0m [96mhandleRequest[0m] Got request: GET /ndt/get_graph_data
[2026-09-01 06:55:30.956] [info] [[94mHttpSession.cpp[0m:[95m531[0m [96mhandleGetGraphData[0m] Handle Get Graph Data
[2026-09-01 06:55:30.970] [info] [[94mHttpSession.cpp[0m:[95m576[0m [96mhandleGetGraphData[0m] get_graph_data success
[2026-09-01 06:55:31.206] [info] [[94mControllerAndOtherEventHandler.cpp[0m:[95m239[0m [96moperator()[0m] Accepted new connection
[2026-09-01 06:55:31.206] [info] [[94mHttpSession.cpp[0m:[95m96[0m [96mhandleRequest[0m] Got request: GET /ndt/get_graph_data
[2026-09-01 06:55:31.206] [info] [[94mHttpSession.cpp[0m:[95m531[0m [96mhandleGetGraphData[0m] Handle Get Graph Data
[2026-09-01 06:55:31.220] [info] [[94mHttpSession.cpp[0m:[95m576[0m [96mhandleGetGraphData[0m] get_graph_data success
[2026-09-01 06:55:31.455] [info] [[94mControllerAndOtherEventHandler.cpp[0m:[95m239[0m [96moperator()[0m] Accepted new connection
[2026-09-01 06:55:31.456] [info] [[94mHttpSession.cpp[0m:[95m96[0m [96mhandleRequest[0m] Got request: GET /ndt/get_graph_data
[2026-09-01 06:55:31.456] [info] [[94mHttpSession.cpp[0m:[95m531[0m [96mhandleGetGraphData[0m] Handle Get Graph Data
[2026-09-01 06:55:31.474] [info] [[94mHttpSession.cpp[0m:[95m576[0m [96mhandleGetGraphData[0m] get_graph_data success
[2026-09-01 06:55:31.706] [info] [[94mControllerAndOtherEventHandler.cpp[0m:[95m239[0m [96moperator()[0m] Accepted new connection
[2026-09-01 06:55:31.706] [info] [[94mHttpSession.cpp[0m:[95m96[0m [96mhandleRequest[0m] Got request: GET /ndt/get_graph_data
[2026-09-01 06:55:31.706] [info] [[94mHttpSession.cpp[0m:[95m531[0m [96mhandleGetGraphData[0m] Handle Get Graph Data
[2026-09-01 06:55:31.725] [info] [[94mHttpSession.cpp[0m:[95m576[0m [96mhandleGetGraphData[0m] get_graph_data success
[2026-09-01 06:55:31.956] [info] [[94mControllerAndOtherEventHandler.cpp[0m:[95m239[0m [96moperator()[0m] Accepted new connection
[2026-09-01 06:55:31.957] [info] [[94mHttpSession.cpp[0m:[95m96[0m [96mhandleRequest[0m] Got request: GET /ndt/get_graph_data
[2026-09-01 06:55:31.957] [info] [[94mHttpSession.cpp[0m:[95m531[0m [96mhandleGetGraphData[0m] Handle Get Graph Data
[2026-09-01 06:55:31.976] [info] [[94mHttpSession.cpp[0m:[95m576[0m [96mhandleGetGraphData[0m] get_graph_data success
[2026-09-01 06:55:32.206] [info] [[94mControllerAndOtherEventHandler.cpp[0m:[95m239[0m [96moperator()[0m] Accepted new connection
[2026-09-01 06:55:32.206] [info] [[94mHttpSession.cpp[0m:[95m96[0m [96mhandleRequest[0m] Got request: GET /ndt/get_graph_data
[2026-09-01 06:55:32.206] [info] [[94mHttpSession.cpp[0m:[95m531[0m [96mhandleGetGraphData[0m] Handle Get Graph Data
[2026-09-01 06:55:32.224] [info] [[94mHttpSession.cpp[0m:[95m576[0m [96mhandleGetGraphData[0m] get_graph_data success
[2026-09-01 06:55:32.457] [info] [[94mControllerAndOtherEventHandler.cpp[0m:[95m239[0m [96moperator()[0m] Accepted new connection
[2026-09-01 06:55:32.457] [info] [[94mHttpSession.cpp[0m:[95m96[0m [96mhandleRequest[0m] Got request: GET /ndt/get_graph_data
[2026-09-01 06:55:32.457] [info] [[94mHttpSession.cpp[0m:[95m531[0m [96mhandleGetGraphData[0m] Handle Get Graph Data
[2026-09-01 06:55:32.473] [info] [[94mHttpSession.cpp[0m:[95m576[0m [96mhandleGetGraphData[0m] get_graph_data success
[2026-09-01 06:55:32.706] [info] [[94mControllerAndOtherEventHandler.cpp[0m:[95m239[0m [96moperator()[0m] Accepted new connection
[2026-09-01 06:55:32.706] [info] [[94mHttpSession.cpp[0m:[95m96[0m [96mhandleRequest[0m] Got request: GET /ndt/get_graph_data
[2026-09-01 06:55:32.706] [info] [[94mHttpSession.cpp[0m:[95m531[0m [96mhandleGetGraphData[0m] Handle Get Graph Data
[2026-09-01 06:55:32.720] [info] [[94mHttpSession.cpp[0m:[95m576[0m [96mhandleGetGraphData[0m] get_graph_data success
[2026-09-01 06:55:32.957] [info] [[94mControllerAndOtherEventHandler.cpp[0m:[95m239[0m [96moperator()[0m] Accepted new connection
[2026-09-01 06:55:32.957] [info] [[94mHttpSession.cpp[0m:[95m96[0m [96mhandleRequest[0m] Got request: GET /ndt/get_graph_data
[2026-09-01 06:55:32.957] [info] [[94mHttpSession.cpp[0m:[95m531[0m [96mhandleGetGraphData[0m] Handle Get Graph Data
[2026-09-01 06:55:32.975] [info] [[94mHttpSession.cpp[0m:[95m576[0m [96mhandleGetGraphData[0m] get_graph_data success
[2026-09-01 06:55:33.207] [info] [[94mControllerAndOtherEventHandler.cpp[0m:[95m239[0m [96moperator()[0m] Accepted new connection
[2026-09-01 06:55:33.207] [info] [[94mHttpSession.cpp[0m:[95m96[0m [96mhandleRequest[0m] Got request: GET /ndt/get_graph_data
[2026-09-01 06:55:33.207] [info] [[94mHttpSession.cpp[0m:[95m531[0m [96mhandleGetGraphData[0m] Handle Get Graph Data
[2026-09-01 06:55:33.226] [info] [[94mHttpSession.cpp[0m:[95m576[0m [96mhandleGetGraphData[0m] get_graph_data success
[2026-09-01 06:55:33.457] [info] [[94mControllerAndOtherEventHandler.cpp[0m:[95m239[0m [96moperator()[0m] Accepted new connection
[2026-09-01 06:55:33.457] [info] [[94mHttpSession.cpp[0m:[95m96[0m [96mhandleRequest[0m] Got request: GET /ndt/get_graph_data
[2026-09-01 06:55:33.457] [info] [[94mHttpSession.cpp[0m:[95m531[0m [96mhandleGetGraphData[0m] Handle Get Graph Data
[2026-09-01 06:55:33.470] [info] [[94mHttpSession.cpp[0m:[95m576[0m [96mhandleGetGraphData[0m] get_graph_data success
[2026-09-01 06:55:33.706] [info] [[94mControllerAndOtherEventHandler.cpp[0m:[95m239[0m [96moperator()[0m] Accepted new connection
[2026-09-01 06:55:33.706] [info] [[94mHttpSession.cpp[0m:[95m96[0m [96mhandleRequest[0m] Got request: GET /ndt/get_graph_data
[2026-09-01 06:55:33.706] [info] [[94mHttpSession.cpp[0m:[95m531[0m [96mhandleGetGraphData[0m] Handle Get Graph Data
[2026-09-01 06:55:33.720] [info] [[94mHttpSession.cpp[0m:[95m576[0m [96mhandleGetGraphData[0m] get_graph_data success
[2026-09-01 06:55:33.957] [info] [[94mControllerAndOtherEventHandler.cpp[0m:[95m239[0m [96moperator()[0m] Accepted new connection
[2026-09-01 06:55:33.957] [info] [[94mHttpSession.cpp[0m:[95m96[0m [96mhandleRequest[0m] Got request: GET /ndt/get_graph_data
[2026-09-01 06:55:33.957] [info] [[94mHttpSession.cpp[0m:[95m531[0m [96mhandleGetGraphData[0m] Handle Get Graph Data
[2026-09-01 06:55:33.970] [info] [[94mHttpSession.cpp[0m:[95m576[0m [96mhandleGetGraphData[0m] get_graph_data success
[2026-09-01 06:55:34.207] [info] [[94mControllerAndOtherEventHandler.cpp[0m:[95m239[0m [96moperator()[0m] Accepted new connection
[2026-09-01 06:55:34.207] [info] [[94mHttpSession.cpp[0m:[95m96[0m [96mhandleRequest[0m] Got request: GET /ndt/get_graph_data
[2026-09-01 06:55:34.207] [info] [[94mHttpSession.cpp[0m:[95m531[0m [96mhandleGetGraphData[0m] Handle Get Graph Data
[2026-09-01 06:55:34.224] [info] [[94mHttpSession.cpp[0m:[95m576[0m [96mhandleGetGraphData[0m] get_graph_data success
[2026-09-01 06:55:34.457] [info] [[94mControllerAndOtherEventHandler.cpp[0m:[95m239[0m [96moperator()[0m] Accepted new connection
[2026-09-01 06:55:34.457] [info] [[94mHttpSession.cpp[0m:[95m96[0m [96mhandleRequest[0m] Got request: GET /ndt/get_graph_data
[2026-09-01 06:55:34.457] [info] [[94mHttpSession.cpp[0m:[95m531[0m [96mhandleGetGraphData[0m] Handle Get Graph Data
[2026-09-01 06:55:34.474] [info] [[94mHttpSession.cpp[0m:[95m576[0m [96mhandleGetGraphData[0m] get_graph_data success
[2026-09-01 06:55:34.707] [info] [[94mControllerAndOtherEventHandler.cpp[0m:[95m239[0m [96moperator()[0m] Accepted new connection
[2026-09-01 06:55:34.707] [info] [[94mHttpSession.cpp[0m:[95m96[0m [96mhandleRequest[0m] Got request: GET /ndt/get_graph_data
[2026-09-01 06:55:34.707] [info] [[94mHttpSession.cpp[0m:[95m531[0m [96mhandleGetGraphData[0m] Handle Get Graph Data
[2026-09-01 06:55:34.723] [info] [[94mHttpSession.cpp[0m:[95m576[0m [96mhandleGetGraphData[0m] get_graph_data success
[2026-09-01 06:55:34.957] [info] [[94mControllerAndOtherEventHandler.cpp[0m:[95m239[0m [96moperator()[0m] Accepted new connection
[2026-09-01 06:55:34.958] [info] [[94mHttpSession.cpp[0m:[95m96[0m [96mhandleRequest[0m] Got request: GET /ndt/get_graph_data
[2026-09-01 06:55:34.958] [info] [[94mHttpSession.cpp[0m:[95m531[0m [96mhandleGetGraphData[0m] Handle Get Graph Data
[2026-09-01 06:55:34.973] [info] [[94mHttpSession.cpp[0m:[95m576[0m [96mhandleGetGraphData[0m] get_graph_data success
[2026-09-01 06:55:35.207] [info] [[94mControllerAndOtherEventHandler.cpp[0m:[95m239[0m [96moperator()[0m] Accepted new connection
[2026-09-01 06:55:35.207] [info] [[94mHttpSession.cpp[0m:[95m96[0m [96mhandleRequest[0m] Got request: GET /ndt/get_graph_data
[2026-09-01 06:55:35.207] [info] [[94mHttpSession.cpp[0m:[95m531[0m [96mhandleGetGraphData[0m] Handle Get Graph Data
[2026-09-01 06:55:35.227] [info] [[94mHttpSession.cpp[0m:[95m576[0m [96mhandleGetGraphData[0m] get_graph_data success
[2026-09-01 06:55:35.458] [info] [[94mControllerAndOtherEventHandler.cpp[0m:[95m239[0m [96moperator()[0m] Accepted new connection
[2026-09-01 06:55:35.458] [info] [[94mHttpSession.cpp[0m:[95m96[0m [96mhandleRequest[0m] Got request: GET /ndt/get_graph_data
[2026-09-01 06:55:35.458] [info] [[94mHttpSession.cpp[0m:[95m531[0m [96mhandleGetGraphData[0m] Handle Get Graph Data
[2026-09-01 06:55:35.479] [info] [[94mHttpSession.cpp[0m:[95m576[0m [96mhandleGetGraphData[0m] get_graph_data success
[2026-09-01 06:55:35.708] [info] [[94mControllerAndOtherEventHandler.cpp[0m:[95m239[0m [96moperator()[0m] Accepted new connection
[2026-09-01 06:55:35.708] [info] [[94mHttpSession.cpp[0m:[95m96[0m [96mhandleRequest[0m] Got request: GET /ndt/get_graph_data
[2026-09-01 06:55:35.708] [info] [[94mHttpSession.cpp[0m:[95m531[0m [96mhandleGetGraphData[0m] Handle Get Graph Data
[2026-09-01 06:55:35.725] [info] [[94mHttpSession.cpp[0m:[95m576[0m [96mhandleGetGraphData[0m] get_graph_data success
[2026-09-01 06:55:35.957] [info] [[94mControllerAndOtherEventHandler.cpp[0m:[95m239[0m [96moperator()[0m] Accepted new connection
[2026-09-01 06:55:35.957] [info] [[94mHttpSession.cpp[0m:[95m96[0m [96mhandleRequest[0m] Got request: GET /ndt/get_graph_data
[2026-09-01 06:55:35.957] [info] [[94mHttpSession.cpp[0m:[95m531[0m [96mhandleGetGraphData[0m] Handle Get Graph Data
[2026-09-01 06:55:35.976] [info] [[94mHttpSession.cpp[0m:[95m576[0m [96mhandleGetGraphData[0m] get_graph_data success
[2026-09-01 06:55:36.207] [info] [[94mControllerAndOtherEventHandler.cpp[0m:[95m239[0m [96moperator()[0m] Accepted new connection
[2026-09-01 06:55:36.207] [info] [[94mHttpSession.cpp[0m:[95m96[0m [96mhandleRequest[0m] Got request: GET /ndt/get_graph_data
[2026-09-01 06:55:36.207] [info] [[94mHttpSession.cpp[0m:[95m531[0m [96mhandleGetGraphData[0m] Handle Get Graph Data
[2026-09-01 06:55:36.227] [info] [[94mHttpSession.cpp[0m:[95m576[0m [96mhandleGetGraphData[0m] get_graph_data success
[2026-09-01 06:55:36.457] [info] [[94mControllerAndOtherEventHandler.cpp[0m:[95m239[0m [96moperator()[0m] Accepted new connection
[2026-09-01 06:55:36.457] [info] [[94mHttpSession.cpp[0m:[95m96[0m [96mhandleRequest[0m] Got request: GET /ndt/get_graph_data
[2026-09-01 06:55:36.457] [info] [[94mHttpSession.cpp[0m:[95m531[0m [96mhandleGetGraphData[0m] Handle Get Graph Data
[2026-09-01 06:55:36.477] [info] [[94mHttpSession.cpp[0m:[95m576[0m [96mhandleGetGraphData[0m] get_graph_data success
[2026-09-01 06:55:36.708] [info] [[94mControllerAndOtherEventHandler.cpp[0m:[95m239[0m [96moperator()[0m] Accepted new connection
[2026-09-01 06:55:36.708] [info] [[94mHttpSession.cpp[0m:[95m96[0m [96mhandleRequest[0m] Got request: GET /ndt/get_graph_data
[2026-09-01 06:55:36.708] [info] [[94mHttpSession.cpp[0m:[95m531[0m [96mhandleGetGraphData[0m] Handle Get Graph Data
[2026-09-01 06:55:36.729] [info] [[94mHttpSession.cpp[0m:[95m576[0m [96mhandleGetGraphData[0m] get_graph_data success
[2026-09-01 06:55:36.958] [info] [[94mControllerAndOtherEventHandler.cpp[0m:[95m239[0m [96moperator()[0m] Accepted new connection
[2026-09-01 06:55:36.958] [info] [[94mHttpSession.cpp[0m:[95m96[0m [96mhandleRequest[0m] Got request: GET /ndt/get_graph_data
[2026-09-01 06:55:36.958] [info] [[94mHttpSession.cpp[0m:[95m531[0m [96mhandleGetGraphData[0m] Handle Get Graph Data
[2026-09-01 06:55:36.976] [info] [[94mHttpSession.cpp[0m:[95m576[0m [96mhandleGetGraphData[0m] get_graph_data success
[2026-09-01 06:55:37.208] [info] [[94mControllerAndOtherEventHandler.cpp[0m:[95m239[0m [96moperator()[0m] Accepted new connection
[2026-09-01 06:55:37.208] [info] [[94mHttpSession.cpp[0m:[95m96[0m [96mhandleRequest[0m] Got request: GET /ndt/get_graph_data
[2026-09-01 06:55:37.208] [info] [[94mHttpSession.cpp[0m:[95m531[0m [96mhandleGetGraphData[0m] Handle Get Graph Data
[2026-09-01 06:55:37.226] [info] [[94mFlowLinkUsageCollector.cpp[0m:[95m1807[0m [96mcalAvgFlowSendingRatesPeriodically[0m] rate loop period: last 30 iters mean 1001.1 ms | since start (89 iters) mean 1000.9 ms, min 1000.1, max 1005.5 (flows=1, counters=6) -- the LAST-N figure is the current denominator; the since-start one lags it
[2026-09-01 06:55:37.226] [info] [[94mHttpSession.cpp[0m:[95m576[0m [96mhandleGetGraphData[0m] get_graph_data success
[2026-09-01 06:55:37.226] [info] [[94mFlowLinkUsageCollector.cpp[0m:[95m2016[0m [96mcalAvgFlowSendingRatesPeriodically[0m] rate divisor check: measured_interval_s=1.001214 divisor_used_s=1.001214 (ticket Q gate: these must agree to 1%; a negative divisor means no rate has been published yet, which is not a pass)
[2026-09-01 06:55:37.457] [info] [[94mControllerAndOtherEventHandler.cpp[0m:[95m239[0m [96moperator()[0m] Accepted new connection
[2026-09-01 06:55:37.458] [info] [[94mHttpSession.cpp[0m:[95m96[0m [96mhandleRequest[0m] Got request: GET /ndt/get_graph_data
[2026-09-01 06:55:37.458] [info] [[94mHttpSession.cpp[0m:[95m531[0m [96mhandleGetGraphData[0m] Handle Get Graph Data
[2026-09-01 06:55:37.476] [info] [[94mHttpSession.cpp[0m:[95m576[0m [96mhandleGetGraphData[0m] get_graph_data success
[2026-09-01 06:55:37.708] [info] [[94mControllerAndOtherEventHandler.cpp[0m:[95m239[0m [96moperator()[0m] Accepted new connection
[2026-09-01 06:55:37.708] [info] [[94mHttpSession.cpp[0m:[95m96[0m [96mhandleRequest[0m] Got request: GET /ndt/get_graph_data
[2026-09-01 06:55:37.708] [info] [[94mHttpSession.cpp[0m:[95m531[0m [96mhandleGetGraphData[0m] Handle Get Graph Data
[2026-09-01 06:55:37.727] [info] [[94mHttpSession.cpp[0m:[95m576[0m [96mhandleGetGraphData[0m] get_graph_data success
[2026-09-01 06:55:37.958] [info] [[94mControllerAndOtherEventHandler.cpp[0m:[95m239[0m [96moperator()[0m] Accepted new connection
[2026-09-01 06:55:37.958] [info] [[94mHttpSession.cpp[0m:[95m96[0m [96mhandleRequest[0m] Got request: GET /ndt/get_graph_data
[2026-09-01 06:55:37.958] [info] [[94mHttpSession.cpp[0m:[95m531[0m [96mhandleGetGraphData[0m] Handle Get Graph Data
[2026-09-01 06:55:37.977] [info] [[94mHttpSession.cpp[0m:[95m576[0m [96mhandleGetGraphData[0m] get_graph_data success
[2026-09-01 06:55:38.208] [info] [[94mControllerAndOtherEventHandler.cpp[0m:[95m239[0m [96moperator()[0m] Accepted new connection
[2026-09-01 06:55:38.208] [info] [[94mHttpSession.cpp[0m:[95m96[0m [96mhandleRequest[0m] Got request: GET /ndt/get_graph_data
[2026-09-01 06:55:38.209] [info] [[94mHttpSession.cpp[0m:[95m531[0m [96mhandleGetGraphData[0m] Handle Get Graph Data
[2026-09-01 06:55:38.227] [info] [[94mHttpSession.cpp[0m:[95m576[0m [96mhandleGetGraphData[0m] get_graph_data success
[2026-09-01 06:55:38.458] [info] [[94mControllerAndOtherEventHandler.cpp[0m:[95m239[0m [96moperator()[0m] Accepted new connection
[2026-09-01 06:55:38.458] [info] [[94mHttpSession.cpp[0m:[95m96[0m [96mhandleRequest[0m] Got request: GET /ndt/get_graph_data
[2026-09-01 06:55:38.458] [info] [[94mHttpSession.cpp[0m:[95m531[0m [96mhandleGetGraphData[0m] Handle Get Graph Data
[2026-09-01 06:55:38.474] [info] [[94mHttpSession.cpp[0m:[95m576[0m [96mhandleGetGraphData[0m] get_graph_data success
[2026-09-01 06:55:38.708] [info] [[94mControllerAndOtherEventHandler.cpp[0m:[95m239[0m [96moperator()[0m] Accepted new connection
[2026-09-01 06:55:38.708] [info] [[94mHttpSession.cpp[0m:[95m96[0m [96mhandleRequest[0m] Got request: GET /ndt/get_graph_data
[2026-09-01 06:55:38.708] [info] [[94mHttpSession.cpp[0m:[95m531[0m [96mhandleGetGraphData[0m] Handle Get Graph Data
[2026-09-01 06:55:38.724] [info] [[94mHttpSession.cpp[0m:[95m576[0m [96mhandleGetGraphData[0m] get_graph_data success
[2026-09-01 06:55:38.958] [info] [[94mControllerAndOtherEventHandler.cpp[0m:[95m239[0m [96moperator()[0m] Accepted new connection
[2026-09-01 06:55:38.958] [info] [[94mHttpSession.cpp[0m:[95m96[0m [96mhandleRequest[0m] Got request: GET /ndt/get_graph_data
[2026-09-01 06:55:38.958] [info] [[94mHttpSession.cpp[0m:[95m531[0m [96mhandleGetGraphData[0m] Handle Get Graph Data
[2026-09-01 06:55:38.975] [info] [[94mHttpSession.cpp[0m:[95m576[0m [96mhandleGetGraphData[0m] get_graph_data success
[2026-09-01 06:55:39.209] [info] [[94mControllerAndOtherEventHandler.cpp[0m:[95m239[0m [96moperator()[0m] Accepted new connection
[2026-09-01 06:55:39.209] [info] [[94mHttpSession.cpp[0m:[95m96[0m [96mhandleRequest[0m] Got request: GET /ndt/get_graph_data
[2026-09-01 06:55:39.209] [info] [[94mHttpSession.cpp[0m:[95m531[0m [96mhandleGetGraphData[0m] Handle Get Graph Data
[2026-09-01 06:55:39.225] [info] [[94mHttpSession.cpp[0m:[95m576[0m [96mhandleGetGraphData[0m] get_graph_data success
[2026-09-01 06:55:39.459] [info] [[94mControllerAndOtherEventHandler.cpp[0m:[95m239[0m [96moperator()[0m] Accepted new connection
[2026-09-01 06:55:39.459] [info] [[94mHttpSession.cpp[0m:[95m96[0m [96mhandleRequest[0m] Got request: GET /ndt/get_graph_data
[2026-09-01 06:55:39.459] [info] [[94mHttpSession.cpp[0m:[95m531[0m [96mhandleGetGraphData[0m] Handle Get Graph Data
[2026-09-01 06:55:39.480] [info] [[94mHttpSession.cpp[0m:[95m576[0m [96mhandleGetGraphData[0m] get_graph_data success
[2026-09-01 06:55:39.708] [info] [[94mControllerAndOtherEventHandler.cpp[0m:[95m239[0m [96moperator()[0m] Accepted new connection
[2026-09-01 06:55:39.709] [info] [[94mHttpSession.cpp[0m:[95m96[0m [96mhandleRequest[0m] Got request: GET /ndt/get_graph_data
[2026-09-01 06:55:39.709] [info] [[94mHttpSession.cpp[0m:[95m531[0m [96mhandleGetGraphData[0m] Handle Get Graph Data
[2026-09-01 06:55:39.725] [info] [[94mHttpSession.cpp[0m:[95m576[0m [96mhandleGetGraphData[0m] get_graph_data success
[2026-09-01 06:55:39.959] [info] [[94mControllerAndOtherEventHandler.cpp[0m:[95m239[0m [96moperator()[0m] Accepted new connection
[2026-09-01 06:55:39.959] [info] [[94mHttpSession.cpp[0m:[95m96[0m [96mhandleRequest[0m] Got request: GET /ndt/get_graph_data
[2026-09-01 06:55:39.959] [info] [[94mHttpSession.cpp[0m:[95m531[0m [96mhandleGetGraphData[0m] Handle Get Graph Data
[2026-09-01 06:55:39.980] [info] [[94mHttpSession.cpp[0m:[95m576[0m [96mhandleGetGraphData[0m] get_graph_data success
[2026-09-01 06:55:40.209] [info] [[94mControllerAndOtherEventHandler.cpp[0m:[95m239[0m [96moperator()[0m] Accepted new connection
[2026-09-01 06:55:40.209] [info] [[94mHttpSession.cpp[0m:[95m96[0m [96mhandleRequest[0m] Got request: GET /ndt/get_graph_data
[2026-09-01 06:55:40.209] [info] [[94mHttpSession.cpp[0m:[95m531[0m [96mhandleGetGraphData[0m] Handle Get Graph Data
[2026-09-01 06:55:40.229] [info] [[94mHttpSession.cpp[0m:[95m576[0m [96mhandleGetGraphData[0m] get_graph_data success
[2026-09-01 06:55:40.459] [info] [[94mControllerAndOtherEventHandler.cpp[0m:[95m239[0m [96moperator()[0m] Accepted new connection
[2026-09-01 06:55:40.459] [info] [[94mHttpSession.cpp[0m:[95m96[0m [96mhandleRequest[0m] Got request: GET /ndt/get_graph_data
[2026-09-01 06:55:40.459] [info] [[94mHttpSession.cpp[0m:[95m531[0m [96mhandleGetGraphData[0m] Handle Get Graph Data
[2026-09-01 06:55:40.478] [info] [[94mHttpSession.cpp[0m:[95m576[0m [96mhandleGetGraphData[0m] get_graph_data success
[2026-09-01 06:55:40.709] [info] [[94mControllerAndOtherEventHandler.cpp[0m:[95m239[0m [96moperator()[0m] Accepted new connection
[2026-09-01 06:55:40.709] [info] [[94mHttpSession.cpp[0m:[95m96[0m [96mhandleRequest[0m] Got request: GET /ndt/get_graph_data
[2026-09-01 06:55:40.709] [info] [[94mHttpSession.cpp[0m:[95m531[0m [96mhandleGetGraphData[0m] Handle Get Graph Data
[2026-09-01 06:55:40.730] [info] [[94mHttpSession.cpp[0m:[95m576[0m [96mhandleGetGraphData[0m] get_graph_data success
[2026-09-01 06:55:40.959] [info] [[94mControllerAndOtherEventHandler.cpp[0m:[95m239[0m [96moperator()[0m] Accepted new connection
[2026-09-01 06:55:40.960] [info] [[94mHttpSession.cpp[0m:[95m96[0m [96mhandleRequest[0m] Got request: GET /ndt/get_graph_data
[2026-09-01 06:55:40.960] [info] [[94mHttpSession.cpp[0m:[95m531[0m [96mhandleGetGraphData[0m] Handle Get Graph Data
[2026-09-01 06:55:40.979] [info] [[94mHttpSession.cpp[0m:[95m576[0m [96mhandleGetGraphData[0m] get_graph_data success
[2026-09-01 06:55:41.209] [info] [[94mControllerAndOtherEventHandler.cpp[0m:[95m239[0m [96moperator()[0m] Accepted new connection
[2026-09-01 06:55:41.210] [info] [[94mHttpSession.cpp[0m:[95m96[0m [96mhandleRequest[0m] Got request: GET /ndt/get_graph_data
[2026-09-01 06:55:41.210] [info] [[94mHttpSession.cpp[0m:[95m531[0m [96mhandleGetGraphData[0m] Handle Get Graph Data
[2026-09-01 06:55:41.229] [info] [[94mHttpSession.cpp[0m:[95m576[0m [96mhandleGetGraphData[0m] get_graph_data success
[2026-09-01 06:55:41.459] [info] [[94mControllerAndOtherEventHandler.cpp[0m:[95m239[0m [96moperator()[0m] Accepted new connection
[2026-09-01 06:55:41.459] [info] [[94mHttpSession.cpp[0m:[95m96[0m [96mhandleRequest[0m] Got request: GET /ndt/get_graph_data
[2026-09-01 06:55:41.459] [info] [[94mHttpSession.cpp[0m:[95m531[0m [96mhandleGetGraphData[0m] Handle Get Graph Data
[2026-09-01 06:55:41.477] [info] [[94mHttpSession.cpp[0m:[95m576[0m [96mhandleGetGraphData[0m] get_graph_data success
[2026-09-01 06:55:41.710] [info] [[94mControllerAndOtherEventHandler.cpp[0m:[95m239[0m [96moperator()[0m] Accepted new connection
[2026-09-01 06:55:41.710] [info] [[94mHttpSession.cpp[0m:[95m96[0m [96mhandleRequest[0m] Got request: GET /ndt/get_graph_data
[2026-09-01 06:55:41.710] [info] [[94mHttpSession.cpp[0m:[95m531[0m [96mhandleGetGraphData[0m] Handle Get Graph Data
[2026-09-01 06:55:41.726] [info] [[94mHttpSession.cpp[0m:[95m576[0m [96mhandleGetGraphData[0m] get_graph_data success
[2026-09-01 06:55:41.960] [info] [[94mControllerAndOtherEventHandler.cpp[0m:[95m239[0m [96moperator()[0m] Accepted new connection
[2026-09-01 06:55:41.960] [info] [[94mHttpSession.cpp[0m:[95m96[0m [96mhandleRequest[0m] Got request: GET /ndt/get_graph_data
[2026-09-01 06:55:41.960] [info] [[94mHttpSession.cpp[0m:[95m531[0m [96mhandleGetGraphData[0m] Handle Get Graph Data
[2026-09-01 06:55:41.979] [info] [[94mHttpSession.cpp[0m:[95m576[0m [96mhandleGetGraphData[0m] get_graph_data success
[2026-09-01 06:55:42.210] [info] [[94mControllerAndOtherEventHandler.cpp[0m:[95m239[0m [96moperator()[0m] Accepted new connection
[2026-09-01 06:55:42.210] [info] [[94mHttpSession.cpp[0m:[95m96[0m [96mhandleRequest[0m] Got request: GET /ndt/get_graph_data
[2026-09-01 06:55:42.210] [info] [[94mHttpSession.cpp[0m:[95m531[0m [96mhandleGetGraphData[0m] Handle Get Graph Data
[2026-09-01 06:55:42.229] [info] [[94mHttpSession.cpp[0m:[95m576[0m [96mhandleGetGraphData[0m] get_graph_data success
[2026-09-01 06:55:42.459] [info] [[94mControllerAndOtherEventHandler.cpp[0m:[95m239[0m [96moperator()[0m] Accepted new connection
[2026-09-01 06:55:42.459] [info] [[94mHttpSession.cpp[0m:[95m96[0m [96mhandleRequest[0m] Got request: GET /ndt/get_graph_data
[2026-09-01 06:55:42.460] [info] [[94mHttpSession.cpp[0m:[95m531[0m [96mhandleGetGraphData[0m] Handle Get Graph Data
[2026-09-01 06:55:42.479] [info] [[94mHttpSession.cpp[0m:[95m576[0m [96mhandleGetGraphData[0m] get_graph_data success
[2026-09-01 06:55:42.710] [info] [[94mControllerAndOtherEventHandler.cpp[0m:[95m239[0m [96moperator()[0m] Accepted new connection
[2026-09-01 06:55:42.710] [info] [[94mHttpSession.cpp[0m:[95m96[0m [96mhandleRequest[0m] Got request: GET /ndt/get_graph_data
[2026-09-01 06:55:42.710] [info] [[94mHttpSession.cpp[0m:[95m531[0m [96mhandleGetGraphData[0m] Handle Get Graph Data
[2026-09-01 06:55:42.725] [info] [[94mHttpSession.cpp[0m:[95m576[0m [96mhandleGetGraphData[0m] get_graph_data success
[2026-09-01 06:55:42.960] [info] [[94mControllerAndOtherEventHandler.cpp[0m:[95m239[0m [96moperator()[0m] Accepted new connection
[2026-09-01 06:55:42.960] [info] [[94mHttpSession.cpp[0m:[95m96[0m [96mhandleRequest[0m] Got request: GET /ndt/get_graph_data
[2026-09-01 06:55:42.960] [info] [[94mHttpSession.cpp[0m:[95m531[0m [96mhandleGetGraphData[0m] Handle Get Graph Data
[2026-09-01 06:55:42.977] [info] [[94mHttpSession.cpp[0m:[95m576[0m [96mhandleGetGraphData[0m] get_graph_data success
[2026-09-01 06:55:43.210] [info] [[94mControllerAndOtherEventHandler.cpp[0m:[95m239[0m [96moperator()[0m] Accepted new connection
[2026-09-01 06:55:43.210] [info] [[94mHttpSession.cpp[0m:[95m96[0m [96mhandleRequest[0m] Got request: GET /ndt/get_graph_data
[2026-09-01 06:55:43.210] [info] [[94mHttpSession.cpp[0m:[95m531[0m [96mhandleGetGraphData[0m] Handle Get Graph Data
[2026-09-01 06:55:43.227] [info] [[94mHttpSession.cpp[0m:[95m576[0m [96mhandleGetGraphData[0m] get_graph_data success
[2026-09-01 06:55:43.460] [info] [[94mControllerAndOtherEventHandler.cpp[0m:[95m239[0m [96moperator()[0m] Accepted new connection
[2026-09-01 06:55:43.460] [info] [[94mHttpSession.cpp[0m:[95m96[0m [96mhandleRequest[0m] Got request: GET /ndt/get_graph_data
[2026-09-01 06:55:43.460] [info] [[94mHttpSession.cpp[0m:[95m531[0m [96mhandleGetGraphData[0m] Handle Get Graph Data
[2026-09-01 06:55:43.477] [info] [[94mHttpSession.cpp[0m:[95m576[0m [96mhandleGetGraphData[0m] get_graph_data success
[2026-09-01 06:55:43.710] [info] [[94mControllerAndOtherEventHandler.cpp[0m:[95m239[0m [96moperator()[0m] Accepted new connection
[2026-09-01 06:55:43.710] [info] [[94mHttpSession.cpp[0m:[95m96[0m [96mhandleRequest[0m] Got request: GET /ndt/get_graph_data
[2026-09-01 06:55:43.710] [info] [[94mHttpSession.cpp[0m:[95m531[0m [96mhandleGetGraphData[0m] Handle Get Graph Data
[2026-09-01 06:55:43.723] [info] [[94mHttpSession.cpp[0m:[95m576[0m [96mhandleGetGraphData[0m] get_graph_data success
[2026-09-01 06:55:43.960] [info] [[94mControllerAndOtherEventHandler.cpp[0m:[95m239[0m [96moperator()[0m] Accepted new connection
[2026-09-01 06:55:43.960] [info] [[94mHttpSession.cpp[0m:[95m96[0m [96mhandleRequest[0m] Got request: GET /ndt/get_graph_data
[2026-09-01 06:55:43.960] [info] [[94mHttpSession.cpp[0m:[95m531[0m [96mhandleGetGraphData[0m] Handle Get Graph Data
[2026-09-01 06:55:43.973] [info] [[94mHttpSession.cpp[0m:[95m576[0m [96mhandleGetGraphData[0m] get_graph_data success
[2026-09-01 06:55:44.209] [info] [[94mControllerAndOtherEventHandler.cpp[0m:[95m239[0m [96moperator()[0m] Accepted new connection
[2026-09-01 06:55:44.210] [info] [[94mHttpSession.cpp[0m:[95m96[0m [96mhandleRequest[0m] Got request: GET /ndt/get_graph_data
[2026-09-01 06:55:44.210] [info] [[94mHttpSession.cpp[0m:[95m531[0m [96mhandleGetGraphData[0m] Handle Get Graph Data
[2026-09-01 06:55:44.227] [info] [[94mHttpSession.cpp[0m:[95m576[0m [96mhandleGetGraphData[0m] get_graph_data success
[2026-09-01 06:55:44.460] [info] [[94mControllerAndOtherEventHandler.cpp[0m:[95m239[0m [96moperator()[0m] Accepted new connection
[2026-09-01 06:55:44.461] [info] [[94mHttpSession.cpp[0m:[95m96[0m [96mhandleRequest[0m] Got request: GET /ndt/get_graph_data
[2026-09-01 06:55:44.461] [info] [[94mHttpSession.cpp[0m:[95m531[0m [96mhandleGetGraphData[0m] Handle Get Graph Data
[2026-09-01 06:55:44.481] [info] [[94mHttpSession.cpp[0m:[95m576[0m [96mhandleGetGraphData[0m] get_graph_data success
[2026-09-01 06:55:44.711] [info] [[94mControllerAndOtherEventHandler.cpp[0m:[95m239[0m [96moperator()[0m] Accepted new connection
[2026-09-01 06:55:44.711] [info] [[94mHttpSession.cpp[0m:[95m96[0m [96mhandleRequest[0m] Got request: GET /ndt/get_graph_data
[2026-09-01 06:55:44.711] [info] [[94mHttpSession.cpp[0m:[95m531[0m [96mhandleGetGraphData[0m] Handle Get Graph Data
[2026-09-01 06:55:44.730] [info] [[94mHttpSession.cpp[0m:[95m576[0m [96mhandleGetGraphData[0m] get_graph_data success
[2026-09-01 06:55:44.961] [info] [[94mControllerAndOtherEventHandler.cpp[0m:[95m239[0m [96moperator()[0m] Accepted new connection
[2026-09-01 06:55:44.961] [info] [[94mHttpSession.cpp[0m:[95m96[0m [96mhandleRequest[0m] Got request: GET /ndt/get_graph_data
[2026-09-01 06:55:44.961] [info] [[94mHttpSession.cpp[0m:[95m531[0m [96mhandleGetGraphData[0m] Handle Get Graph Data
[2026-09-01 06:55:44.979] [info] [[94mHttpSession.cpp[0m:[95m576[0m [96mhandleGetGraphData[0m] get_graph_data success
[2026-09-01 06:55:45.211] [info] [[94mControllerAndOtherEventHandler.cpp[0m:[95m239[0m [96moperator()[0m] Accepted new connection
[2026-09-01 06:55:45.211] [info] [[94mHttpSession.cpp[0m:[95m96[0m [96mhandleRequest[0m] Got request: GET /ndt/get_graph_data
[2026-09-01 06:55:45.211] [info] [[94mHttpSession.cpp[0m:[95m531[0m [96mhandleGetGraphData[0m] Handle Get Graph Data
[2026-09-01 06:55:45.229] [info] [[94mHttpSession.cpp[0m:[95m576[0m [96mhandleGetGraphData[0m] get_graph_data success
[2026-09-01 06:55:45.461] [info] [[94mControllerAndOtherEventHandler.cpp[0m:[95m239[0m [96moperator()[0m] Accepted new connection
[2026-09-01 06:55:45.461] [info] [[94mHttpSession.cpp[0m:[95m96[0m [96mhandleRequest[0m] Got request: GET /ndt/get_graph_data
[2026-09-01 06:55:45.461] [info] [[94mHttpSession.cpp[0m:[95m531[0m [96mhandleGetGraphData[0m] Handle Get Graph Data
[2026-09-01 06:55:45.479] [info] [[94mHttpSession.cpp[0m:[95m576[0m [96mhandleGetGraphData[0m] get_graph_data success
[2026-09-01 06:55:45.711] [info] [[94mControllerAndOtherEventHandler.cpp[0m:[95m239[0m [96moperator()[0m] Accepted new connection
[2026-09-01 06:55:45.711] [info] [[94mHttpSession.cpp[0m:[95m96[0m [96mhandleRequest[0m] Got request: GET /ndt/get_graph_data
[2026-09-01 06:55:45.711] [info] [[94mHttpSession.cpp[0m:[95m531[0m [96mhandleGetGraphData[0m] Handle Get Graph Data
[2026-09-01 06:55:45.729] [info] [[94mHttpSession.cpp[0m:[95m576[0m [96mhandleGetGraphData[0m] get_graph_data success
[2026-09-01 06:55:45.961] [info] [[94mControllerAndOtherEventHandler.cpp[0m:[95m239[0m [96moperator()[0m] Accepted new connection
[2026-09-01 06:55:45.961] [info] [[94mHttpSession.cpp[0m:[95m96[0m [96mhandleRequest[0m] Got request: GET /ndt/get_graph_data
[2026-09-01 06:55:45.961] [info] [[94mHttpSession.cpp[0m:[95m531[0m [96mhandleGetGraphData[0m] Handle Get Graph Data
[2026-09-01 06:55:45.976] [info] [[94mHttpSession.cpp[0m:[95m576[0m [96mhandleGetGraphData[0m] get_graph_data success
[2026-09-01 06:55:46.210] [info] [[94mControllerAndOtherEventHandler.cpp[0m:[95m239[0m [96moperator()[0m] Accepted new connection
[2026-09-01 06:55:46.211] [info] [[94mHttpSession.cpp[0m:[95m96[0m [96mhandleRequest[0m] Got request: GET /ndt/get_graph_data
[2026-09-01 06:55:46.211] [info] [[94mHttpSession.cpp[0m:[95m531[0m [96mhandleGetGraphData[0m] Handle Get Graph Data
[2026-09-01 06:55:46.226] [info] [[94mHttpSession.cpp[0m:[95m576[0m [96mhandleGetGraphData[0m] get_graph_data success
[2026-09-01 06:55:46.461] [info] [[94mControllerAndOtherEventHandler.cpp[0m:[95m239[0m [96moperator()[0m] Accepted new connection
[2026-09-01 06:55:46.461] [info] [[94mHttpSession.cpp[0m:[95m96[0m [96mhandleRequest[0m] Got request: GET /ndt/get_graph_data
[2026-09-01 06:55:46.461] [info] [[94mHttpSession.cpp[0m:[95m531[0m [96mhandleGetGraphData[0m] Handle Get Graph Data
[2026-09-01 06:55:46.478] [info] [[94mHttpSession.cpp[0m:[95m576[0m [96mhandleGetGraphData[0m] get_graph_data success
[2026-09-01 06:55:46.711] [info] [[94mControllerAndOtherEventHandler.cpp[0m:[95m239[0m [96moperator()[0m] Accepted new connection
[2026-09-01 06:55:46.711] [info] [[94mHttpSession.cpp[0m:[95m96[0m [96mhandleRequest[0m] Got request: GET /ndt/get_graph_data
[2026-09-01 06:55:46.711] [info] [[94mHttpSession.cpp[0m:[95m531[0m [96mhandleGetGraphData[0m] Handle Get Graph Data
[2026-09-01 06:55:46.727] [info] [[94mHttpSession.cpp[0m:[95m576[0m [96mhandleGetGraphData[0m] get_graph_data success
[2026-09-01 06:55:46.961] [info] [[94mControllerAndOtherEventHandler.cpp[0m:[95m239[0m [96moperator()[0m] Accepted new connection
[2026-09-01 06:55:46.961] [info] [[94mHttpSession.cpp[0m:[95m96[0m [96mhandleRequest[0m] Got request: GET /ndt/get_graph_data
[2026-09-01 06:55:46.961] [info] [[94mHttpSession.cpp[0m:[95m531[0m [96mhandleGetGraphData[0m] Handle Get Graph Data
[2026-09-01 06:55:46.981] [info] [[94mHttpSession.cpp[0m:[95m576[0m [96mhandleGetGraphData[0m] get_graph_data success
[2026-09-01 06:55:47.211] [info] [[94mControllerAndOtherEventHandler.cpp[0m:[95m239[0m [96moperator()[0m] Accepted new connection
[2026-09-01 06:55:47.212] [info] [[94mHttpSession.cpp[0m:[95m96[0m [96mhandleRequest[0m] Got request: GET /ndt/get_graph_data
[2026-09-01 06:55:47.212] [info] [[94mHttpSession.cpp[0m:[95m531[0m [96mhandleGetGraphData[0m] Handle Get Graph Data
[2026-09-01 06:55:47.232] [info] [[94mHttpSession.cpp[0m:[95m576[0m [96mhandleGetGraphData[0m] get_graph_data success
[2026-09-01 06:55:47.461] [info] [[94mControllerAndOtherEventHandler.cpp[0m:[95m239[0m [96moperator()[0m] Accepted new connection
[2026-09-01 06:55:47.462] [info] [[94mHttpSession.cpp[0m:[95m96[0m [96mhandleRequest[0m] Got request: GET /ndt/get_graph_data
[2026-09-01 06:55:47.462] [info] [[94mHttpSession.cpp[0m:[95m531[0m [96mhandleGetGraphData[0m] Handle Get Graph Data
[2026-09-01 06:55:47.479] [info] [[94mHttpSession.cpp[0m:[95m576[0m [96mhandleGetGraphData[0m] get_graph_data success
[2026-09-01 06:55:47.712] [info] [[94mControllerAndOtherEventHandler.cpp[0m:[95m239[0m [96moperator()[0m] Accepted new connection
[2026-09-01 06:55:47.712] [info] [[94mHttpSession.cpp[0m:[95m96[0m [96mhandleRequest[0m] Got request: GET /ndt/get_graph_data
[2026-09-01 06:55:47.712] [info] [[94mHttpSession.cpp[0m:[95m531[0m [96mhandleGetGraphData[0m] Handle Get Graph Data
[2026-09-01 06:55:47.733] [info] [[94mHttpSession.cpp[0m:[95m576[0m [96mhandleGetGraphData[0m] get_graph_data success
[2026-09-01 06:55:47.962] [info] [[94mControllerAndOtherEventHandler.cpp[0m:[95m239[0m [96moperator()[0m] Accepted new connection
[2026-09-01 06:55:47.962] [info] [[94mHttpSession.cpp[0m:[95m96[0m [96mhandleRequest[0m] Got request: GET /ndt/get_graph_data
[2026-09-01 06:55:47.962] [info] [[94mHttpSession.cpp[0m:[95m531[0m [96mhandleGetGraphData[0m] Handle Get Graph Data
[2026-09-01 06:55:47.982] [info] [[94mHttpSession.cpp[0m:[95m576[0m [96mhandleGetGraphData[0m] get_graph_data success
[2026-09-01 06:55:48.212] [info] [[94mControllerAndOtherEventHandler.cpp[0m:[95m239[0m [96moperator()[0m] Accepted new connection
[2026-09-01 06:55:48.212] [info] [[94mHttpSession.cpp[0m:[95m96[0m [96mhandleRequest[0m] Got request: GET /ndt/get_graph_data
[2026-09-01 06:55:48.212] [info] [[94mHttpSession.cpp[0m:[95m531[0m [96mhandleGetGraphData[0m] Handle Get Graph Data
[2026-09-01 06:55:48.227] [info] [[94mHttpSession.cpp[0m:[95m576[0m [96mhandleGetGraphData[0m] get_graph_data success
[2026-09-01 06:55:48.462] [info] [[94mControllerAndOtherEventHandler.cpp[0m:[95m239[0m [96moperator()[0m] Accepted new connection
[2026-09-01 06:55:48.462] [info] [[94mHttpSession.cpp[0m:[95m96[0m [96mhandleRequest[0m] Got request: GET /ndt/get_graph_data
[2026-09-01 06:55:48.462] [info] [[94mHttpSession.cpp[0m:[95m531[0m [96mhandleGetGraphData[0m] Handle Get Graph Data
[2026-09-01 06:55:48.479] [info] [[94mHttpSession.cpp[0m:[95m576[0m [96mhandleGetGraphData[0m] get_graph_data success
[2026-09-01 06:55:48.712] [info] [[94mControllerAndOtherEventHandler.cpp[0m:[95m239[0m [96moperator()[0m] Accepted new connection
[2026-09-01 06:55:48.712] [info] [[94mHttpSession.cpp[0m:[95m96[0m [96mhandleRequest[0m] Got request: GET /ndt/get_graph_data
[2026-09-01 06:55:48.712] [info] [[94mHttpSession.cpp[0m:[95m531[0m [96mhandleGetGraphData[0m] Handle Get Graph Data
[2026-09-01 06:55:48.733] [info] [[94mHttpSession.cpp[0m:[95m576[0m [96mhandleGetGraphData[0m] get_graph_data success
[2026-09-01 06:55:48.962] [info] [[94mControllerAndOtherEventHandler.cpp[0m:[95m239[0m [96moperator()[0m] Accepted new connection
[2026-09-01 06:55:48.962] [info] [[94mHttpSession.cpp[0m:[95m96[0m [96mhandleRequest[0m] Got request: GET /ndt/get_graph_data
[2026-09-01 06:55:48.962] [info] [[94mHttpSession.cpp[0m:[95m531[0m [96mhandleGetGraphData[0m] Handle Get Graph Data
[2026-09-01 06:55:48.983] [info] [[94mHttpSession.cpp[0m:[95m576[0m [96mhandleGetGraphData[0m] get_graph_data success
[2026-09-01 06:55:49.211] [info] [[94mControllerAndOtherEventHandler.cpp[0m:[95m239[0m [96moperator()[0m] Accepted new connection
[2026-09-01 06:55:49.212] [info] [[94mHttpSession.cpp[0m:[95m96[0m [96mhandleRequest[0m] Got request: GET /ndt/get_graph_data
[2026-09-01 06:55:49.212] [info] [[94mHttpSession.cpp[0m:[95m531[0m [96mhandleGetGraphData[0m] Handle Get Graph Data
[2026-09-01 06:55:49.230] [info] [[94mHttpSession.cpp[0m:[95m576[0m [96mhandleGetGraphData[0m] get_graph_data success
[2026-09-01 06:55:49.461] [info] [[94mControllerAndOtherEventHandler.cpp[0m:[95m239[0m [96moperator()[0m] Accepted new connection
[2026-09-01 06:55:49.462] [info] [[94mHttpSession.cpp[0m:[95m96[0m [96mhandleRequest[0m] Got request: GET /ndt/get_graph_data
[2026-09-01 06:55:49.462] [info] [[94mHttpSession.cpp[0m:[95m531[0m [96mhandleGetGraphData[0m] Handle Get Graph Data
[2026-09-01 06:55:49.474] [info] [[94mHttpSession.cpp[0m:[95m576[0m [96mhandleGetGraphData[0m] get_graph_data success
[2026-09-01 06:55:49.711] [info] [[94mControllerAndOtherEventHandler.cpp[0m:[95m239[0m [96moperator()[0m] Accepted new connection
[2026-09-01 06:55:49.712] [info] [[94mHttpSession.cpp[0m:[95m96[0m [96mhandleRequest[0m] Got request: GET /ndt/get_graph_data
[2026-09-01 06:55:49.712] [info] [[94mHttpSession.cpp[0m:[95m531[0m [96mhandleGetGraphData[0m] Handle Get Graph Data
[2026-09-01 06:55:49.730] [info] [[94mHttpSession.cpp[0m:[95m576[0m [96mhandleGetGraphData[0m] get_graph_data success
[2026-09-01 06:55:49.962] [info] [[94mControllerAndOtherEventHandler.cpp[0m:[95m239[0m [96moperator()[0m] Accepted new connection
[2026-09-01 06:55:49.963] [info] [[94mHttpSession.cpp[0m:[95m96[0m [96mhandleRequest[0m] Got request: GET /ndt/get_graph_data
[2026-09-01 06:55:49.963] [info] [[94mHttpSession.cpp[0m:[95m531[0m [96mhandleGetGraphData[0m] Handle Get Graph Data
[2026-09-01 06:55:49.981] [info] [[94mHttpSession.cpp[0m:[95m576[0m [96mhandleGetGraphData[0m] get_graph_data success
[2026-09-01 06:55:50.212] [info] [[94mControllerAndOtherEventHandler.cpp[0m:[95m239[0m [96moperator()[0m] Accepted new connection
[2026-09-01 06:55:50.212] [info] [[94mHttpSession.cpp[0m:[95m96[0m [96mhandleRequest[0m] Got request: GET /ndt/get_graph_data
[2026-09-01 06:55:50.212] [info] [[94mHttpSession.cpp[0m:[95m531[0m [96mhandleGetGraphData[0m] Handle Get Graph Data
[2026-09-01 06:55:50.230] [info] [[94mHttpSession.cpp[0m:[95m576[0m [96mhandleGetGraphData[0m] get_graph_data success
[2026-09-01 06:55:50.462] [info] [[94mControllerAndOtherEventHandler.cpp[0m:[95m239[0m [96moperator()[0m] Accepted new connection
[2026-09-01 06:55:50.462] [info] [[94mHttpSession.cpp[0m:[95m96[0m [96mhandleRequest[0m] Got request: GET /ndt/get_graph_data
[2026-09-01 06:55:50.462] [info] [[94mHttpSession.cpp[0m:[95m531[0m [96mhandleGetGraphData[0m] Handle Get Graph Data
[2026-09-01 06:55:50.475] [info] [[94mHttpSession.cpp[0m:[95m576[0m [96mhandleGetGraphData[0m] get_graph_data success
[2026-09-01 06:55:50.712] [info] [[94mControllerAndOtherEventHandler.cpp[0m:[95m239[0m [96moperator()[0m] Accepted new connection
[2026-09-01 06:55:50.712] [info] [[94mHttpSession.cpp[0m:[95m96[0m [96mhandleRequest[0m] Got request: GET /ndt/get_graph_data
[2026-09-01 06:55:50.712] [info] [[94mHttpSession.cpp[0m:[95m531[0m [96mhandleGetGraphData[0m] Handle Get Graph Data
[2026-09-01 06:55:50.732] [info] [[94mHttpSession.cpp[0m:[95m576[0m [96mhandleGetGraphData[0m] get_graph_data success
[2026-09-01 06:55:50.962] [info] [[94mControllerAndOtherEventHandler.cpp[0m:[95m239[0m [96moperator()[0m] Accepted new connection
[2026-09-01 06:55:50.963] [info] [[94mHttpSession.cpp[0m:[95m96[0m [96mhandleRequest[0m] Got request: GET /ndt/get_graph_data
[2026-09-01 06:55:50.963] [info] [[94mHttpSession.cpp[0m:[95m531[0m [96mhandleGetGraphData[0m] Handle Get Graph Data
[2026-09-01 06:55:50.979] [info] [[94mHttpSession.cpp[0m:[95m576[0m [96mhandleGetGraphData[0m] get_graph_data success
[2026-09-01 06:55:51.201] [info] [[94mHttpSession.cpp[0m:[95m96[0m [96mhandleRequest[0m] Got request: POST /ndt/link_failure_detected
[2026-09-01 06:55:51.201] [info] [[94mHttpSession.cpp[0m:[95m410[0m [96mhandleLinkFailure[0m] Handle Link Failure
[2026-09-01 06:55:51.201] [info] [[94mHttpSession.cpp[0m:[95m419[0m [96mhandleLinkFailure[0m] link failed on 1:1 -> 5:1
[2026-09-01 06:55:51.212] [info] [[94mControllerAndOtherEventHandler.cpp[0m:[95m239[0m [96moperator()[0m] Accepted new connection
[2026-09-01 06:55:51.212] [info] [[94mHttpSession.cpp[0m:[95m96[0m [96mhandleRequest[0m] Got request: GET /ndt/get_graph_data
[2026-09-01 06:55:51.212] [info] [[94mHttpSession.cpp[0m:[95m531[0m [96mhandleGetGraphData[0m] Handle Get Graph Data
[2026-09-01 06:55:51.229] [info] [[94mHttpSession.cpp[0m:[95m576[0m [96mhandleGetGraphData[0m] get_graph_data success
[2026-09-01 06:55:51.463] [info] [[94mControllerAndOtherEventHandler.cpp[0m:[95m239[0m [96moperator()[0m] Accepted new connection
[2026-09-01 06:55:51.463] [info] [[94mHttpSession.cpp[0m:[95m96[0m [96mhandleRequest[0m] Got request: GET /ndt/get_graph_data
[2026-09-01 06:55:51.463] [info] [[94mHttpSession.cpp[0m:[95m531[0m [96mhandleGetGraphData[0m] Handle Get Graph Data
[2026-09-01 06:55:51.479] [info] [[94mHttpSession.cpp[0m:[95m576[0m [96mhandleGetGraphData[0m] get_graph_data success
[2026-09-01 06:55:51.712] [info] [[94mControllerAndOtherEventHandler.cpp[0m:[95m239[0m [96moperator()[0m] Accepted new connection
[2026-09-01 06:55:51.713] [info] [[94mHttpSession.cpp[0m:[95m96[0m [96mhandleRequest[0m] Got request: GET /ndt/get_graph_data
[2026-09-01 06:55:51.713] [info] [[94mHttpSession.cpp[0m:[95m531[0m [96mhandleGetGraphData[0m] Handle Get Graph Data
[2026-09-01 06:55:51.728] [info] [[94mHttpSession.cpp[0m:[95m576[0m [96mhandleGetGraphData[0m] get_graph_data success
[2026-09-01 06:55:51.962] [info] [[94mControllerAndOtherEventHandler.cpp[0m:[95m239[0m [96moperator()[0m] Accepted new connection
[2026-09-01 06:55:51.962] [info] [[94mHttpSession.cpp[0m:[95m96[0m [96mhandleRequest[0m] Got request: GET /ndt/get_graph_data
[2026-09-01 06:55:51.962] [info] [[94mHttpSession.cpp[0m:[95m531[0m [96mhandleGetGraphData[0m] Handle Get Graph Data
[2026-09-01 06:55:51.976] [info] [[94mHttpSession.cpp[0m:[95m576[0m [96mhandleGetGraphData[0m] get_graph_data success
[2026-09-01 06:55:52.213] [info] [[94mControllerAndOtherEventHandler.cpp[0m:[95m239[0m [96moperator()[0m] Accepted new connection
[2026-09-01 06:55:52.213] [info] [[94mHttpSession.cpp[0m:[95m96[0m [96mhandleRequest[0m] Got request: GET /ndt/get_graph_data
[2026-09-01 06:55:52.213] [info] [[94mHttpSession.cpp[0m:[95m531[0m [96mhandleGetGraphData[0m] Handle Get Graph Data
[2026-09-01 06:55:52.224] [info] [[94mHttpSession.cpp[0m:[95m576[0m [96mhandleGetGraphData[0m] get_graph_data success
[2026-09-01 06:55:52.463] [info] [[94mControllerAndOtherEventHandler.cpp[0m:[95m239[0m [96moperator()[0m] Accepted new connection
[2026-09-01 06:55:52.463] [info] [[94mHttpSession.cpp[0m:[95m96[0m [96mhandleRequest[0m] Got request: GET /ndt/get_graph_data
[2026-09-01 06:55:52.463] [info] [[94mHttpSession.cpp[0m:[95m531[0m [96mhandleGetGraphData[0m] Handle Get Graph Data
[2026-09-01 06:55:52.476] [info] [[94mHttpSession.cpp[0m:[95m576[0m [96mhandleGetGraphData[0m] get_graph_data success
[2026-09-01 06:55:52.713] [info] [[94mControllerAndOtherEventHandler.cpp[0m:[95m239[0m [96moperator()[0m] Accepted new connection
[2026-09-01 06:55:52.713] [info] [[94mHttpSession.cpp[0m:[95m96[0m [96mhandleRequest[0m] Got request: GET /ndt/get_graph_data
[2026-09-01 06:55:52.713] [info] [[94mHttpSession.cpp[0m:[95m531[0m [96mhandleGetGraphData[0m] Handle Get Graph Data
[2026-09-01 06:55:52.724] [info] [[94mHttpSession.cpp[0m:[95m576[0m [96mhandleGetGraphData[0m] get_graph_data success
[2026-09-01 06:55:52.963] [info] [[94mControllerAndOtherEventHandler.cpp[0m:[95m239[0m [96moperator()[0m] Accepted new connection
[2026-09-01 06:55:52.963] [info] [[94mHttpSession.cpp[0m:[95m96[0m [96mhandleRequest[0m] Got request: GET /ndt/get_graph_data
[2026-09-01 06:55:52.963] [info] [[94mHttpSession.cpp[0m:[95m531[0m [96mhandleGetGraphData[0m] Handle Get Graph Data
[2026-09-01 06:55:52.981] [info] [[94mHttpSession.cpp[0m:[95m576[0m [96mhandleGetGraphData[0m] get_graph_data success
[2026-09-01 06:55:53.213] [info] [[94mControllerAndOtherEventHandler.cpp[0m:[95m239[0m [96moperator()[0m] Accepted new connection
[2026-09-01 06:55:53.213] [info] [[94mHttpSession.cpp[0m:[95m96[0m [96mhandleRequest[0m] Got request: GET /ndt/get_graph_data
[2026-09-01 06:55:53.213] [info] [[94mHttpSession.cpp[0m:[95m531[0m [96mhandleGetGraphData[0m] Handle Get Graph Data
[2026-09-01 06:55:53.231] [info] [[94mHttpSession.cpp[0m:[95m576[0m [96mhandleGetGraphData[0m] get_graph_data success
[2026-09-01 06:55:53.463] [info] [[94mControllerAndOtherEventHandler.cpp[0m:[95m239[0m [96moperator()[0m] Accepted new connection
[2026-09-01 06:55:53.463] [info] [[94mHttpSession.cpp[0m:[95m96[0m [96mhandleRequest[0m] Got request: GET /ndt/get_graph_data
[2026-09-01 06:55:53.463] [info] [[94mHttpSession.cpp[0m:[95m531[0m [96mhandleGetGraphData[0m] Handle Get Graph Data
[2026-09-01 06:55:53.481] [info] [[94mHttpSession.cpp[0m:[95m576[0m [96mhandleGetGraphData[0m] get_graph_data success
[2026-09-01 06:55:53.713] [info] [[94mControllerAndOtherEventHandler.cpp[0m:[95m239[0m [96moperator()[0m] Accepted new connection
[2026-09-01 06:55:53.713] [info] [[94mHttpSession.cpp[0m:[95m96[0m [96mhandleRequest[0m] Got request: GET /ndt/get_graph_data
[2026-09-01 06:55:53.713] [info] [[94mHttpSession.cpp[0m:[95m531[0m [96mhandleGetGraphData[0m] Handle Get Graph Data
[2026-09-01 06:55:53.731] [info] [[94mHttpSession.cpp[0m:[95m576[0m [96mhandleGetGraphData[0m] get_graph_data success
[2026-09-01 06:55:53.963] [info] [[94mControllerAndOtherEventHandler.cpp[0m:[95m239[0m [96moperator()[0m] Accepted new connection
[2026-09-01 06:55:53.963] [info] [[94mHttpSession.cpp[0m:[95m96[0m [96mhandleRequest[0m] Got request: GET /ndt/get_graph_data
[2026-09-01 06:55:53.963] [info] [[94mHttpSession.cpp[0m:[95m531[0m [96mhandleGetGraphData[0m] Handle Get Graph Data
[2026-09-01 06:55:53.982] [info] [[94mHttpSession.cpp[0m:[95m576[0m [96mhandleGetGraphData[0m] get_graph_data success
[2026-09-01 06:55:54.213] [info] [[94mControllerAndOtherEventHandler.cpp[0m:[95m239[0m [96moperator()[0m] Accepted new connection
[2026-09-01 06:55:54.213] [info] [[94mHttpSession.cpp[0m:[95m96[0m [96mhandleRequest[0m] Got request: GET /ndt/get_graph_data
[2026-09-01 06:55:54.213] [info] [[94mHttpSession.cpp[0m:[95m531[0m [96mhandleGetGraphData[0m] Handle Get Graph Data
[2026-09-01 06:55:54.232] [info] [[94mHttpSession.cpp[0m:[95m576[0m [96mhandleGetGraphData[0m] get_graph_data success
[2026-09-01 06:55:54.463] [info] [[94mControllerAndOtherEventHandler.cpp[0m:[95m239[0m [96moperator()[0m] Accepted new connection
[2026-09-01 06:55:54.463] [info] [[94mHttpSession.cpp[0m:[95m96[0m [96mhandleRequest[0m] Got request: GET /ndt/get_graph_data
[2026-09-01 06:55:54.463] [info] [[94mHttpSession.cpp[0m:[95m531[0m [96mhandleGetGraphData[0m] Handle Get Graph Data
[2026-09-01 06:55:54.481] [info] [[94mHttpSession.cpp[0m:[95m576[0m [96mhandleGetGraphData[0m] get_graph_data success
[2026-09-01 06:55:54.585] [error] [[94mHttpSession.cpp[0m:[95m86[0m [96monRead[0m] Read error: body limit exceeded
[2026-09-01 06:55:54.714] [info] [[94mControllerAndOtherEventHandler.cpp[0m:[95m239[0m [96moperator()[0m] Accepted new connection
[2026-09-01 06:55:54.714] [info] [[94mHttpSession.cpp[0m:[95m96[0m [96mhandleRequest[0m] Got request: GET /ndt/get_graph_data
[2026-09-01 06:55:54.714] [info] [[94mHttpSession.cpp[0m:[95m531[0m [96mhandleGetGraphData[0m] Handle Get Graph Data
[2026-09-01 06:55:54.732] [info] [[94mHttpSession.cpp[0m:[95m576[0m [96mhandleGetGraphData[0m] get_graph_data success
[2026-09-01 06:55:54.964] [info] [[94mControllerAndOtherEventHandler.cpp[0m:[95m239[0m [96moperator()[0m] Accepted new connection
[2026-09-01 06:55:54.964] [info] [[94mHttpSession.cpp[0m:[95m96[0m [96mhandleRequest[0m] Got request: GET /ndt/get_graph_data
[2026-09-01 06:55:54.964] [info] [[94mHttpSession.cpp[0m:[95m531[0m [96mhandleGetGraphData[0m] Handle Get Graph Data
[2026-09-01 06:55:54.983] [info] [[94mHttpSession.cpp[0m:[95m576[0m [96mhandleGetGraphData[0m] get_graph_data success
[2026-09-01 06:55:55.214] [info] [[94mControllerAndOtherEventHandler.cpp[0m:[95m239[0m [96moperator()[0m] Accepted new connection
[2026-09-01 06:55:55.214] [info] [[94mHttpSession.cpp[0m:[95m96[0m [96mhandleRequest[0m] Got request: GET /ndt/get_graph_data
[2026-09-01 06:55:55.214] [info] [[94mHttpSession.cpp[0m:[95m531[0m [96mhandleGetGraphData[0m] Handle Get Graph Data
[2026-09-01 06:55:55.227] [info] [[94mHttpSession.cpp[0m:[95m576[0m [96mhandleGetGraphData[0m] get_graph_data success
[2026-09-01 06:55:55.464] [info] [[94mControllerAndOtherEventHandler.cpp[0m:[95m239[0m [96moperator()[0m] Accepted new connection
[2026-09-01 06:55:55.464] [info] [[94mHttpSession.cpp[0m:[95m96[0m [96mhandleRequest[0m] Got request: GET /ndt/get_graph_data
[2026-09-01 06:55:55.464] [info] [[94mHttpSession.cpp[0m:[95m531[0m [96mhandleGetGraphData[0m] Handle Get Graph Data
[2026-09-01 06:55:55.476] [info] [[94mHttpSession.cpp[0m:[95m576[0m [96mhandleGetGraphData[0m] get_graph_data success
[2026-09-01 06:55:55.714] [info] [[94mControllerAndOtherEventHandler.cpp[0m:[95m239[0m [96moperator()[0m] Accepted new connection
[2026-09-01 06:55:55.714] [info] [[94mHttpSession.cpp[0m:[95m96[0m [96mhandleRequest[0m] Got request: GET /ndt/get_graph_data
[2026-09-01 06:55:55.714] [info] [[94mHttpSession.cpp[0m:[95m531[0m [96mhandleGetGraphData[0m] Handle Get Graph Data
[2026-09-01 06:55:55.726] [info] [[94mHttpSession.cpp[0m:[95m576[0m [96mhandleGetGraphData[0m] get_graph_data success
[2026-09-01 06:55:55.963] [info] [[94mControllerAndOtherEventHandler.cpp[0m:[95m239[0m [96moperator()[0m] Accepted new connection
[2026-09-01 06:55:55.963] [info] [[94mHttpSession.cpp[0m:[95m96[0m [96mhandleRequest[0m] Got request: GET /ndt/get_graph_data
[2026-09-01 06:55:55.963] [info] [[94mHttpSession.cpp[0m:[95m531[0m [96mhandleGetGraphData[0m] Handle Get Graph Data
[2026-09-01 06:55:55.976] [info] [[94mHttpSession.cpp[0m:[95m576[0m [96mhandleGetGraphData[0m] get_graph_data success
[2026-09-01 06:55:56.214] [info] [[94mControllerAndOtherEventHandler.cpp[0m:[95m239[0m [96moperator()[0m] Accepted new connection
[2026-09-01 06:55:56.215] [info] [[94mHttpSession.cpp[0m:[95m96[0m [96mhandleRequest[0m] Got request: GET /ndt/get_graph_data
[2026-09-01 06:55:56.215] [info] [[94mHttpSession.cpp[0m:[95m531[0m [96mhandleGetGraphData[0m] Handle Get Graph Data
[2026-09-01 06:55:56.234] [info] [[94mHttpSession.cpp[0m:[95m576[0m [96mhandleGetGraphData[0m] get_graph_data success
[2026-09-01 06:55:56.464] [info] [[94mControllerAndOtherEventHandler.cpp[0m:[95m239[0m [96moperator()[0m] Accepted new connection
[2026-09-01 06:55:56.464] [info] [[94mHttpSession.cpp[0m:[95m96[0m [96mhandleRequest[0m] Got request: GET /ndt/get_graph_data
[2026-09-01 06:55:56.464] [info] [[94mHttpSession.cpp[0m:[95m531[0m [96mhandleGetGraphData[0m] Handle Get Graph Data
[2026-09-01 06:55:56.483] [info] [[94mHttpSession.cpp[0m:[95m576[0m [96mhandleGetGraphData[0m] get_graph_data success
[2026-09-01 06:55:56.715] [info] [[94mControllerAndOtherEventHandler.cpp[0m:[95m239[0m [96moperator()[0m] Accepted new connection
[2026-09-01 06:55:56.715] [info] [[94mHttpSession.cpp[0m:[95m96[0m [96mhandleRequest[0m] Got request: GET /ndt/get_graph_data
[2026-09-01 06:55:56.715] [info] [[94mHttpSession.cpp[0m:[95m531[0m [96mhandleGetGraphData[0m] Handle Get Graph Data
[2026-09-01 06:55:56.736] [info] [[94mHttpSession.cpp[0m:[95m576[0m [96mhandleGetGraphData[0m] get_graph_data success
[2026-09-01 06:55:56.965] [info] [[94mControllerAndOtherEventHandler.cpp[0m:[95m239[0m [96moperator()[0m] Accepted new connection
[2026-09-01 06:55:56.965] [info] [[94mHttpSession.cpp[0m:[95m96[0m [96mhandleRequest[0m] Got request: GET /ndt/get_graph_data
[2026-09-01 06:55:56.965] [info] [[94mHttpSession.cpp[0m:[95m531[0m [96mhandleGetGraphData[0m] Handle Get Graph Data
[2026-09-01 06:55:56.985] [info] [[94mHttpSession.cpp[0m:[95m576[0m [96mhandleGetGraphData[0m] get_graph_data success
[2026-09-01 06:55:57.215] [info] [[94mControllerAndOtherEventHandler.cpp[0m:[95m239[0m [96moperator()[0m] Accepted new connection
[2026-09-01 06:55:57.215] [info] [[94mHttpSession.cpp[0m:[95m96[0m [96mhandleRequest[0m] Got request: GET /ndt/get_graph_data
[2026-09-01 06:55:57.215] [info] [[94mHttpSession.cpp[0m:[95m531[0m [96mhandleGetGraphData[0m] Handle Get Graph Data
[2026-09-01 06:55:57.229] [info] [[94mHttpSession.cpp[0m:[95m576[0m [96mhandleGetGraphData[0m] get_graph_data success
[2026-09-01 06:55:57.465] [info] [[94mControllerAndOtherEventHandler.cpp[0m:[95m239[0m [96moperator()[0m] Accepted new connection
[2026-09-01 06:55:57.465] [info] [[94mHttpSession.cpp[0m:[95m96[0m [96mhandleRequest[0m] Got request: GET /ndt/get_graph_data
[2026-09-01 06:55:57.465] [info] [[94mHttpSession.cpp[0m:[95m531[0m [96mhandleGetGraphData[0m] Handle Get Graph Data
[2026-09-01 06:55:57.483] [info] [[94mHttpSession.cpp[0m:[95m576[0m [96mhandleGetGraphData[0m] get_graph_data success
[2026-09-01 06:55:57.714] [info] [[94mControllerAndOtherEventHandler.cpp[0m:[95m239[0m [96moperator()[0m] Accepted new connection
[2026-09-01 06:55:57.714] [info] [[94mHttpSession.cpp[0m:[95m96[0m [96mhandleRequest[0m] Got request: GET /ndt/get_graph_data
[2026-09-01 06:55:57.714] [info] [[94mHttpSession.cpp[0m:[95m531[0m [96mhandleGetGraphData[0m] Handle Get Graph Data
[2026-09-01 06:55:57.733] [info] [[94mHttpSession.cpp[0m:[95m576[0m [96mhandleGetGraphData[0m] get_graph_data success
[2026-09-01 06:55:57.965] [info] [[94mControllerAndOtherEventHandler.cpp[0m:[95m239[0m [96moperator()[0m] Accepted new connection
[2026-09-01 06:55:57.965] [info] [[94mHttpSession.cpp[0m:[95m96[0m [96mhandleRequest[0m] Got request: GET /ndt/get_graph_data
[2026-09-01 06:55:57.965] [info] [[94mHttpSession.cpp[0m:[95m531[0m [96mhandleGetGraphData[0m] Handle Get Graph Data
[2026-09-01 06:55:57.983] [info] [[94mHttpSession.cpp[0m:[95m576[0m [96mhandleGetGraphData[0m] get_graph_data success
[2026-09-01 06:55:58.215] [info] [[94mControllerAndOtherEventHandler.cpp[0m:[95m239[0m [96moperator()[0m] Accepted new connection
[2026-09-01 06:55:58.215] [info] [[94mHttpSession.cpp[0m:[95m96[0m [96mhandleRequest[0m] Got request: GET /ndt/get_graph_data
[2026-09-01 06:55:58.215] [info] [[94mHttpSession.cpp[0m:[95m531[0m [96mhandleGetGraphData[0m] Handle Get Graph Data
[2026-09-01 06:55:58.234] [info] [[94mHttpSession.cpp[0m:[95m576[0m [96mhandleGetGraphData[0m] get_graph_data success
[2026-09-01 06:55:58.465] [info] [[94mControllerAndOtherEventHandler.cpp[0m:[95m239[0m [96moperator()[0m] Accepted new connection
[2026-09-01 06:55:58.465] [info] [[94mHttpSession.cpp[0m:[95m96[0m [96mhandleRequest[0m] Got request: GET /ndt/get_graph_data
[2026-09-01 06:55:58.465] [info] [[94mHttpSession.cpp[0m:[95m531[0m [96mhandleGetGraphData[0m] Handle Get Graph Data
[2026-09-01 06:55:58.483] [info] [[94mHttpSession.cpp[0m:[95m576[0m [96mhandleGetGraphData[0m] get_graph_data success
[2026-09-01 06:55:58.714] [info] [[94mControllerAndOtherEventHandler.cpp[0m:[95m239[0m [96moperator()[0m] Accepted new connection
[2026-09-01 06:55:58.714] [info] [[94mHttpSession.cpp[0m:[95m96[0m [96mhandleRequest[0m] Got request: GET /ndt/get_graph_data
[2026-09-01 06:55:58.714] [info] [[94mHttpSession.cpp[0m:[95m531[0m [96mhandleGetGraphData[0m] Handle Get Graph Data
[2026-09-01 06:55:58.734] [info] [[94mHttpSession.cpp[0m:[95m576[0m [96mhandleGetGraphData[0m] get_graph_data success
[2026-09-01 06:55:58.965] [info] [[94mControllerAndOtherEventHandler.cpp[0m:[95m239[0m [96moperator()[0m] Accepted new connection
[2026-09-01 06:55:58.965] [info] [[94mHttpSession.cpp[0m:[95m96[0m [96mhandleRequest[0m] Got request: GET /ndt/get_graph_data
[2026-09-01 06:55:58.965] [info] [[94mHttpSession.cpp[0m:[95m531[0m [96mhandleGetGraphData[0m] Handle Get Graph Data
[2026-09-01 06:55:58.986] [info] [[94mHttpSession.cpp[0m:[95m576[0m [96mhandleGetGraphData[0m] get_graph_data success
[2026-09-01 06:55:59.215] [info] [[94mControllerAndOtherEventHandler.cpp[0m:[95m239[0m [96moperator()[0m] Accepted new connection
[2026-09-01 06:55:59.216] [info] [[94mHttpSession.cpp[0m:[95m96[0m [96mhandleRequest[0m] Got request: GET /ndt/get_graph_data
[2026-09-01 06:55:59.216] [info] [[94mHttpSession.cpp[0m:[95m531[0m [96mhandleGetGraphData[0m] Handle Get Graph Data
[2026-09-01 06:55:59.235] [info] [[94mHttpSession.cpp[0m:[95m576[0m [96mhandleGetGraphData[0m] get_graph_data success
[2026-09-01 06:55:59.466] [info] [[94mControllerAndOtherEventHandler.cpp[0m:[95m239[0m [96moperator()[0m] Accepted new connection
[2026-09-01 06:55:59.466] [info] [[94mHttpSession.cpp[0m:[95m96[0m [96mhandleRequest[0m] Got request: GET /ndt/get_graph_data
[2026-09-01 06:55:59.466] [info] [[94mHttpSession.cpp[0m:[95m531[0m [96mhandleGetGraphData[0m] Handle Get Graph Data
[2026-09-01 06:55:59.486] [info] [[94mHttpSession.cpp[0m:[95m576[0m [96mhandleGetGraphData[0m] get_graph_data success
[2026-09-01 06:55:59.587] [info] [[94mControllerAndOtherEventHandler.cpp[0m:[95m239[0m [96moperator()[0m] Accepted new connection
[2026-09-01 06:55:59.587] [info] [[94mHttpSession.cpp[0m:[95m96[0m [96mhandleRequest[0m] Got request: POST /ndt/link_recovery_detected
[2026-09-01 06:55:59.588] [info] [[94mHttpSession.cpp[0m:[95m471[0m [96mhandleLinkRecovery[0m] Handle Link Recovery
[2026-09-01 06:55:59.588] [info] [[94mHttpSession.cpp[0m:[95m487[0m [96mhandleLinkRecovery[0m] link recovered on 1:1 -> 5:1
[2026-09-01 06:55:59.715] [info] [[94mControllerAndOtherEventHandler.cpp[0m:[95m239[0m [96moperator()[0m] Accepted new connection
[2026-09-01 06:55:59.715] [info] [[94mHttpSession.cpp[0m:[95m96[0m [96mhandleRequest[0m] Got request: GET /ndt/get_graph_data
[2026-09-01 06:55:59.715] [info] [[94mHttpSession.cpp[0m:[95m531[0m [96mhandleGetGraphData[0m] Handle Get Graph Data
[2026-09-01 06:55:59.732] [info] [[94mHttpSession.cpp[0m:[95m576[0m [96mhandleGetGraphData[0m] get_graph_data success
[2026-09-01 06:55:59.966] [info] [[94mControllerAndOtherEventHandler.cpp[0m:[95m239[0m [96moperator()[0m] Accepted new connection
[2026-09-01 06:55:59.966] [info] [[94mHttpSession.cpp[0m:[95m96[0m [96mhandleRequest[0m] Got request: GET /ndt/get_graph_data
[2026-09-01 06:55:59.966] [info] [[94mHttpSession.cpp[0m:[95m531[0m [96mhandleGetGraphData[0m] Handle Get Graph Data
[2026-09-01 06:55:59.982] [info] [[94mHttpSession.cpp[0m:[95m576[0m [96mhandleGetGraphData[0m] get_graph_data success
[2026-09-01 06:56:00.216] [info] [[94mControllerAndOtherEventHandler.cpp[0m:[95m239[0m [96moperator()[0m] Accepted new connection
[2026-09-01 06:56:00.216] [info] [[94mHttpSession.cpp[0m:[95m96[0m [96mhandleRequest[0m] Got request: GET /ndt/get_graph_data
[2026-09-01 06:56:00.216] [info] [[94mHttpSession.cpp[0m:[95m531[0m [96mhandleGetGraphData[0m] Handle Get Graph Data
[2026-09-01 06:56:00.237] [info] [[94mHttpSession.cpp[0m:[95m576[0m [96mhandleGetGraphData[0m] get_graph_data success
[2026-09-01 06:56:00.465] [info] [[94mControllerAndOtherEventHandler.cpp[0m:[95m239[0m [96moperator()[0m] Accepted new connection
[2026-09-01 06:56:00.465] [info] [[94mHttpSession.cpp[0m:[95m96[0m [96mhandleRequest[0m] Got request: GET /ndt/get_graph_data
[2026-09-01 06:56:00.465] [info] [[94mHttpSession.cpp[0m:[95m531[0m [96mhandleGetGraphData[0m] Handle Get Graph Data
[2026-09-01 06:56:00.484] [info] [[94mHttpSession.cpp[0m:[95m576[0m [96mhandleGetGraphData[0m] get_graph_data success
[2026-09-01 06:56:00.715] [info] [[94mControllerAndOtherEventHandler.cpp[0m:[95m239[0m [96moperator()[0m] Accepted new connection
[2026-09-01 06:56:00.715] [info] [[94mHttpSession.cpp[0m:[95m96[0m [96mhandleRequest[0m] Got request: GET /ndt/get_graph_data
[2026-09-01 06:56:00.716] [info] [[94mHttpSession.cpp[0m:[95m531[0m [96mhandleGetGraphData[0m] Handle Get Graph Data
[2026-09-01 06:56:00.734] [info] [[94mHttpSession.cpp[0m:[95m576[0m [96mhandleGetGraphData[0m] get_graph_data success
[2026-09-01 06:56:00.966] [info] [[94mControllerAndOtherEventHandler.cpp[0m:[95m239[0m [96moperator()[0m] Accepted new connection
[2026-09-01 06:56:00.966] [info] [[94mHttpSession.cpp[0m:[95m96[0m [96mhandleRequest[0m] Got request: GET /ndt/get_graph_data
[2026-09-01 06:56:00.966] [info] [[94mHttpSession.cpp[0m:[95m531[0m [96mhandleGetGraphData[0m] Handle Get Graph Data
[2026-09-01 06:56:00.985] [info] [[94mHttpSession.cpp[0m:[95m576[0m [96mhandleGetGraphData[0m] get_graph_data success
[2026-09-01 06:56:01.216] [info] [[94mControllerAndOtherEventHandler.cpp[0m:[95m239[0m [96moperator()[0m] Accepted new connection
[2026-09-01 06:56:01.216] [info] [[94mHttpSession.cpp[0m:[95m96[0m [96mhandleRequest[0m] Got request: GET /ndt/get_graph_data
[2026-09-01 06:56:01.216] [info] [[94mHttpSession.cpp[0m:[95m531[0m [96mhandleGetGraphData[0m] Handle Get Graph Data
[2026-09-01 06:56:01.235] [info] [[94mHttpSession.cpp[0m:[95m576[0m [96mhandleGetGraphData[0m] get_graph_data success
[2026-09-01 06:56:01.466] [info] [[94mControllerAndOtherEventHandler.cpp[0m:[95m239[0m [96moperator()[0m] Accepted new connection
[2026-09-01 06:56:01.466] [info] [[94mHttpSession.cpp[0m:[95m96[0m [96mhandleRequest[0m] Got request: GET /ndt/get_graph_data
[2026-09-01 06:56:01.466] [info] [[94mHttpSession.cpp[0m:[95m531[0m [96mhandleGetGraphData[0m] Handle Get Graph Data
[2026-09-01 06:56:01.484] [info] [[94mHttpSession.cpp[0m:[95m576[0m [96mhandleGetGraphData[0m] get_graph_data success
[2026-09-01 06:56:01.716] [info] [[94mControllerAndOtherEventHandler.cpp[0m:[95m239[0m [96moperator()[0m] Accepted new connection
[2026-09-01 06:56:01.716] [info] [[94mHttpSession.cpp[0m:[95m96[0m [96mhandleRequest[0m] Got request: GET /ndt/get_graph_data
[2026-09-01 06:56:01.716] [info] [[94mHttpSession.cpp[0m:[95m531[0m [96mhandleGetGraphData[0m] Handle Get Graph Data
[2026-09-01 06:56:01.734] [info] [[94mHttpSession.cpp[0m:[95m576[0m [96mhandleGetGraphData[0m] get_graph_data success
[2026-09-01 06:56:01.966] [info] [[94mControllerAndOtherEventHandler.cpp[0m:[95m239[0m [96moperator()[0m] Accepted new connection
[2026-09-01 06:56:01.966] [info] [[94mHttpSession.cpp[0m:[95m96[0m [96mhandleRequest[0m] Got request: GET /ndt/get_graph_data
[2026-09-01 06:56:01.966] [info] [[94mHttpSession.cpp[0m:[95m531[0m [96mhandleGetGraphData[0m] Handle Get Graph Data
[2026-09-01 06:56:01.979] [info] [[94mHttpSession.cpp[0m:[95m576[0m [96mhandleGetGraphData[0m] get_graph_data success
[2026-09-01 06:56:02.216] [info] [[94mControllerAndOtherEventHandler.cpp[0m:[95m239[0m [96moperator()[0m] Accepted new connection
[2026-09-01 06:56:02.216] [info] [[94mHttpSession.cpp[0m:[95m96[0m [96mhandleRequest[0m] Got request: GET /ndt/get_graph_data
[2026-09-01 06:56:02.216] [info] [[94mHttpSession.cpp[0m:[95m531[0m [96mhandleGetGraphData[0m] Handle Get Graph Data
[2026-09-01 06:56:02.231] [info] [[94mHttpSession.cpp[0m:[95m576[0m [96mhandleGetGraphData[0m] get_graph_data success
[2026-09-01 06:56:02.466] [info] [[94mControllerAndOtherEventHandler.cpp[0m:[95m239[0m [96moperator()[0m] Accepted new connection
[2026-09-01 06:56:02.466] [info] [[94mHttpSession.cpp[0m:[95m96[0m [96mhandleRequest[0m] Got request: GET /ndt/get_graph_data
[2026-09-01 06:56:02.466] [info] [[94mHttpSession.cpp[0m:[95m531[0m [96mhandleGetGraphData[0m] Handle Get Graph Data
[2026-09-01 06:56:02.481] [info] [[94mHttpSession.cpp[0m:[95m576[0m [96mhandleGetGraphData[0m] get_graph_data success
[2026-09-01 06:56:02.716] [info] [[94mControllerAndOtherEventHandler.cpp[0m:[95m239[0m [96moperator()[0m] Accepted new connection
[2026-09-01 06:56:02.716] [info] [[94mHttpSession.cpp[0m:[95m96[0m [96mhandleRequest[0m] Got request: GET /ndt/get_graph_data
[2026-09-01 06:56:02.716] [info] [[94mHttpSession.cpp[0m:[95m531[0m [96mhandleGetGraphData[0m] Handle Get Graph Data
[2026-09-01 06:56:02.734] [info] [[94mHttpSession.cpp[0m:[95m576[0m [96mhandleGetGraphData[0m] get_graph_data success
[2026-09-01 06:56:02.888] [error] [[94mHttpSession.cpp[0m:[95m86[0m [96monRead[0m] Read error: body limit exceeded
[2026-09-01 06:56:02.967] [info] [[94mControllerAndOtherEventHandler.cpp[0m:[95m239[0m [96moperator()[0m] Accepted new connection
[2026-09-01 06:56:02.967] [info] [[94mHttpSession.cpp[0m:[95m96[0m [96mhandleRequest[0m] Got request: GET /ndt/get_graph_data
[2026-09-01 06:56:02.967] [info] [[94mHttpSession.cpp[0m:[95m531[0m [96mhandleGetGraphData[0m] Handle Get Graph Data
[2026-09-01 06:56:02.985] [info] [[94mHttpSession.cpp[0m:[95m576[0m [96mhandleGetGraphData[0m] get_graph_data success
[2026-09-01 06:56:03.217] [info] [[94mControllerAndOtherEventHandler.cpp[0m:[95m239[0m [96moperator()[0m] Accepted new connection
[2026-09-01 06:56:03.217] [info] [[94mHttpSession.cpp[0m:[95m96[0m [96mhandleRequest[0m] Got request: GET /ndt/get_graph_data
[2026-09-01 06:56:03.217] [info] [[94mHttpSession.cpp[0m:[95m531[0m [96mhandleGetGraphData[0m] Handle Get Graph Data
[2026-09-01 06:56:03.230] [info] [[94mHttpSession.cpp[0m:[95m576[0m [96mhandleGetGraphData[0m] get_graph_data success
[2026-09-01 06:56:03.466] [info] [[94mControllerAndOtherEventHandler.cpp[0m:[95m239[0m [96moperator()[0m] Accepted new connection
[2026-09-01 06:56:03.466] [info] [[94mHttpSession.cpp[0m:[95m96[0m [96mhandleRequest[0m] Got request: GET /ndt/get_graph_data
[2026-09-01 06:56:03.467] [info] [[94mHttpSession.cpp[0m:[95m531[0m [96mhandleGetGraphData[0m] Handle Get Graph Data
[2026-09-01 06:56:03.484] [info] [[94mHttpSession.cpp[0m:[95m576[0m [96mhandleGetGraphData[0m] get_graph_data success
[2026-09-01 06:56:03.716] [info] [[94mControllerAndOtherEventHandler.cpp[0m:[95m239[0m [96moperator()[0m] Accepted new connection
[2026-09-01 06:56:03.716] [info] [[94mHttpSession.cpp[0m:[95m96[0m [96mhandleRequest[0m] Got request: GET /ndt/get_graph_data
[2026-09-01 06:56:03.716] [info] [[94mHttpSession.cpp[0m:[95m531[0m [96mhandleGetGraphData[0m] Handle Get Graph Data
[2026-09-01 06:56:03.734] [info] [[94mHttpSession.cpp[0m:[95m576[0m [96mhandleGetGraphData[0m] get_graph_data success
[2026-09-01 06:56:03.967] [info] [[94mControllerAndOtherEventHandler.cpp[0m:[95m239[0m [96moperator()[0m] Accepted new connection
[2026-09-01 06:56:03.967] [info] [[94mHttpSession.cpp[0m:[95m96[0m [96mhandleRequest[0m] Got request: GET /ndt/get_graph_data
[2026-09-01 06:56:03.967] [info] [[94mHttpSession.cpp[0m:[95m531[0m [96mhandleGetGraphData[0m] Handle Get Graph Data
[2026-09-01 06:56:03.982] [info] [[94mHttpSession.cpp[0m:[95m576[0m [96mhandleGetGraphData[0m] get_graph_data success
[2026-09-01 06:56:04.216] [info] [[94mControllerAndOtherEventHandler.cpp[0m:[95m239[0m [96moperator()[0m] Accepted new connection
[2026-09-01 06:56:04.217] [info] [[94mHttpSession.cpp[0m:[95m96[0m [96mhandleRequest[0m] Got request: GET /ndt/get_graph_data
[2026-09-01 06:56:04.217] [info] [[94mHttpSession.cpp[0m:[95m531[0m [96mhandleGetGraphData[0m] Handle Get Graph Data
[2026-09-01 06:56:04.229] [info] [[94mHttpSession.cpp[0m:[95m576[0m [96mhandleGetGraphData[0m] get_graph_data success
[2026-09-01 06:56:04.467] [info] [[94mControllerAndOtherEventHandler.cpp[0m:[95m239[0m [96moperator()[0m] Accepted new connection
[2026-09-01 06:56:04.467] [info] [[94mHttpSession.cpp[0m:[95m96[0m [96mhandleRequest[0m] Got request: GET /ndt/get_graph_data
[2026-09-01 06:56:04.467] [info] [[94mHttpSession.cpp[0m:[95m531[0m [96mhandleGetGraphData[0m] Handle Get Graph Data
[2026-09-01 06:56:04.480] [info] [[94mHttpSession.cpp[0m:[95m576[0m [96mhandleGetGraphData[0m] get_graph_data success
[2026-09-01 06:56:04.717] [info] [[94mControllerAndOtherEventHandler.cpp[0m:[95m239[0m [96moperator()[0m] Accepted new connection
[2026-09-01 06:56:04.717] [info] [[94mHttpSession.cpp[0m:[95m96[0m [96mhandleRequest[0m] Got request: GET /ndt/get_graph_data
[2026-09-01 06:56:04.717] [info] [[94mHttpSession.cpp[0m:[95m531[0m [96mhandleGetGraphData[0m] Handle Get Graph Data
[2026-09-01 06:56:04.735] [info] [[94mHttpSession.cpp[0m:[95m576[0m [96mhandleGetGraphData[0m] get_graph_data success
[2026-09-01 06:56:04.967] [info] [[94mControllerAndOtherEventHandler.cpp[0m:[95m239[0m [96moperator()[0m] Accepted new connection
[2026-09-01 06:56:04.967] [info] [[94mHttpSession.cpp[0m:[95m96[0m [96mhandleRequest[0m] Got request: GET /ndt/get_graph_data
[2026-09-01 06:56:04.967] [info] [[94mHttpSession.cpp[0m:[95m531[0m [96mhandleGetGraphData[0m] Handle Get Graph Data
[2026-09-01 06:56:04.981] [info] [[94mHttpSession.cpp[0m:[95m576[0m [96mhandleGetGraphData[0m] get_graph_data success
[2026-09-01 06:56:05.217] [info] [[94mControllerAndOtherEventHandler.cpp[0m:[95m239[0m [96moperator()[0m] Accepted new connection
[2026-09-01 06:56:05.217] [info] [[94mHttpSession.cpp[0m:[95m96[0m [96mhandleRequest[0m] Got request: GET /ndt/get_graph_data
[2026-09-01 06:56:05.217] [info] [[94mHttpSession.cpp[0m:[95m531[0m [96mhandleGetGraphData[0m] Handle Get Graph Data
[2026-09-01 06:56:05.233] [info] [[94mHttpSession.cpp[0m:[95m576[0m [96mhandleGetGraphData[0m] get_graph_data success
[2026-09-01 06:56:05.467] [info] [[94mControllerAndOtherEventHandler.cpp[0m:[95m239[0m [96moperator()[0m] Accepted new connection
[2026-09-01 06:56:05.468] [info] [[94mHttpSession.cpp[0m:[95m96[0m [96mhandleRequest[0m] Got request: GET /ndt/get_graph_data
[2026-09-01 06:56:05.468] [info] [[94mHttpSession.cpp[0m:[95m531[0m [96mhandleGetGraphData[0m] Handle Get Graph Data
[2026-09-01 06:56:05.483] [info] [[94mHttpSession.cpp[0m:[95m576[0m [96mhandleGetGraphData[0m] get_graph_data success
[2026-09-01 06:56:05.717] [info] [[94mControllerAndOtherEventHandler.cpp[0m:[95m239[0m [96moperator()[0m] Accepted new connection
[2026-09-01 06:56:05.717] [info] [[94mHttpSession.cpp[0m:[95m96[0m [96mhandleRequest[0m] Got request: GET /ndt/get_graph_data
[2026-09-01 06:56:05.717] [info] [[94mHttpSession.cpp[0m:[95m531[0m [96mhandleGetGraphData[0m] Handle Get Graph Data
[2026-09-01 06:56:05.735] [info] [[94mHttpSession.cpp[0m:[95m576[0m [96mhandleGetGraphData[0m] get_graph_data success
[2026-09-01 06:56:05.968] [info] [[94mControllerAndOtherEventHandler.cpp[0m:[95m239[0m [96moperator()[0m] Accepted new connection
[2026-09-01 06:56:05.968] [info] [[94mHttpSession.cpp[0m:[95m96[0m [96mhandleRequest[0m] Got request: GET /ndt/get_graph_data
[2026-09-01 06:56:05.968] [info] [[94mHttpSession.cpp[0m:[95m531[0m [96mhandleGetGraphData[0m] Handle Get Graph Data
[2026-09-01 06:56:05.986] [info] [[94mHttpSession.cpp[0m:[95m576[0m [96mhandleGetGraphData[0m] get_graph_data success
[2026-09-01 06:56:06.217] [info] [[94mControllerAndOtherEventHandler.cpp[0m:[95m239[0m [96moperator()[0m] Accepted new connection
[2026-09-01 06:56:06.217] [info] [[94mHttpSession.cpp[0m:[95m96[0m [96mhandleRequest[0m] Got request: GET /ndt/get_graph_data
[2026-09-01 06:56:06.217] [info] [[94mHttpSession.cpp[0m:[95m531[0m [96mhandleGetGraphData[0m] Handle Get Graph Data
[2026-09-01 06:56:06.236] [info] [[94mHttpSession.cpp[0m:[95m576[0m [96mhandleGetGraphData[0m] get_graph_data success
[2026-09-01 06:56:06.468] [info] [[94mControllerAndOtherEventHandler.cpp[0m:[95m239[0m [96moperator()[0m] Accepted new connection
[2026-09-01 06:56:06.468] [info] [[94mHttpSession.cpp[0m:[95m96[0m [96mhandleRequest[0m] Got request: GET /ndt/get_graph_data
[2026-09-01 06:56:06.468] [info] [[94mHttpSession.cpp[0m:[95m531[0m [96mhandleGetGraphData[0m] Handle Get Graph Data
[2026-09-01 06:56:06.487] [info] [[94mHttpSession.cpp[0m:[95m576[0m [96mhandleGetGraphData[0m] get_graph_data success
[2026-09-01 06:56:06.717] [info] [[94mControllerAndOtherEventHandler.cpp[0m:[95m239[0m [96moperator()[0m] Accepted new connection
[2026-09-01 06:56:06.718] [info] [[94mHttpSession.cpp[0m:[95m96[0m [96mhandleRequest[0m] Got request: GET /ndt/get_graph_data
[2026-09-01 06:56:06.718] [info] [[94mHttpSession.cpp[0m:[95m531[0m [96mhandleGetGraphData[0m] Handle Get Graph Data
[2026-09-01 06:56:06.737] [info] [[94mHttpSession.cpp[0m:[95m576[0m [96mhandleGetGraphData[0m] get_graph_data success
[2026-09-01 06:56:06.968] [info] [[94mControllerAndOtherEventHandler.cpp[0m:[95m239[0m [96moperator()[0m] Accepted new connection
[2026-09-01 06:56:06.968] [info] [[94mHttpSession.cpp[0m:[95m96[0m [96mhandleRequest[0m] Got request: GET /ndt/get_graph_data
[2026-09-01 06:56:06.968] [info] [[94mHttpSession.cpp[0m:[95m531[0m [96mhandleGetGraphData[0m] Handle Get Graph Data
[2026-09-01 06:56:06.987] [info] [[94mHttpSession.cpp[0m:[95m576[0m [96mhandleGetGraphData[0m] get_graph_data success
[2026-09-01 06:56:07.218] [info] [[94mControllerAndOtherEventHandler.cpp[0m:[95m239[0m [96moperator()[0m] Accepted new connection
[2026-09-01 06:56:07.218] [info] [[94mHttpSession.cpp[0m:[95m96[0m [96mhandleRequest[0m] Got request: GET /ndt/get_graph_data
[2026-09-01 06:56:07.218] [info] [[94mHttpSession.cpp[0m:[95m531[0m [96mhandleGetGraphData[0m] Handle Get Graph Data
[2026-09-01 06:56:07.238] [info] [[94mHttpSession.cpp[0m:[95m576[0m [96mhandleGetGraphData[0m] get_graph_data success
[2026-09-01 06:56:07.261] [info] [[94mFlowLinkUsageCollector.cpp[0m:[95m1807[0m [96mcalAvgFlowSendingRatesPeriodically[0m] rate loop period: last 30 iters mean 1001.2 ms | since start (119 iters) mean 1001.0 ms, min 1000.1, max 1005.5 (flows=1, counters=8) -- the LAST-N figure is the current denominator; the since-start one lags it
[2026-09-01 06:56:07.263] [info] [[94mFlowLinkUsageCollector.cpp[0m:[95m2016[0m [96mcalAvgFlowSendingRatesPeriodically[0m] rate divisor check: measured_interval_s=1.001623 divisor_used_s=1.001623 (ticket Q gate: these must agree to 1%; a negative divisor means no rate has been published yet, which is not a pass)
[2026-09-01 06:56:07.468] [info] [[94mControllerAndOtherEventHandler.cpp[0m:[95m239[0m [96moperator()[0m] Accepted new connection
[2026-09-01 06:56:07.468] [info] [[94mHttpSession.cpp[0m:[95m96[0m [96mhandleRequest[0m] Got request: GET /ndt/get_graph_data
[2026-09-01 06:56:07.469] [info] [[94mHttpSession.cpp[0m:[95m531[0m [96mhandleGetGraphData[0m] Handle Get Graph Data
[2026-09-01 06:56:07.490] [info] [[94mHttpSession.cpp[0m:[95m576[0m [96mhandleGetGraphData[0m] get_graph_data success
[2026-09-01 06:56:07.718] [info] [[94mControllerAndOtherEventHandler.cpp[0m:[95m239[0m [96moperator()[0m] Accepted new connection
[2026-09-01 06:56:07.718] [info] [[94mHttpSession.cpp[0m:[95m96[0m [96mhandleRequest[0m] Got request: GET /ndt/get_graph_data
[2026-09-01 06:56:07.718] [info] [[94mHttpSession.cpp[0m:[95m531[0m [96mhandleGetGraphData[0m] Handle Get Graph Data
[2026-09-01 06:56:07.739] [info] [[94mHttpSession.cpp[0m:[95m576[0m [96mhandleGetGraphData[0m] get_graph_data success
[2026-09-01 06:56:07.968] [info] [[94mControllerAndOtherEventHandler.cpp[0m:[95m239[0m [96moperator()[0m] Accepted new connection
[2026-09-01 06:56:07.968] [info] [[94mHttpSession.cpp[0m:[95m96[0m [96mhandleRequest[0m] Got request: GET /ndt/get_graph_data
[2026-09-01 06:56:07.968] [info] [[94mHttpSession.cpp[0m:[95m531[0m [96mhandleGetGraphData[0m] Handle Get Graph Data
[2026-09-01 06:56:07.986] [info] [[94mHttpSession.cpp[0m:[95m576[0m [96mhandleGetGraphData[0m] get_graph_data success
[2026-09-01 06:56:08.218] [info] [[94mControllerAndOtherEventHandler.cpp[0m:[95m239[0m [96moperator()[0m] Accepted new connection
[2026-09-01 06:56:08.218] [info] [[94mHttpSession.cpp[0m:[95m96[0m [96mhandleRequest[0m] Got request: GET /ndt/get_graph_data
[2026-09-01 06:56:08.218] [info] [[94mHttpSession.cpp[0m:[95m531[0m [96mhandleGetGraphData[0m] Handle Get Graph Data
[2026-09-01 06:56:08.234] [info] [[94mHttpSession.cpp[0m:[95m576[0m [96mhandleGetGraphData[0m] get_graph_data success
[2026-09-01 06:56:08.468] [info] [[94mControllerAndOtherEventHandler.cpp[0m:[95m239[0m [96moperator()[0m] Accepted new connection
[2026-09-01 06:56:08.469] [info] [[94mHttpSession.cpp[0m:[95m96[0m [96mhandleRequest[0m] Got request: GET /ndt/get_graph_data
[2026-09-01 06:56:08.469] [info] [[94mHttpSession.cpp[0m:[95m531[0m [96mhandleGetGraphData[0m] Handle Get Graph Data
[2026-09-01 06:56:08.486] [info] [[94mHttpSession.cpp[0m:[95m576[0m [96mhandleGetGraphData[0m] get_graph_data success
[2026-09-01 06:56:08.718] [info] [[94mControllerAndOtherEventHandler.cpp[0m:[95m239[0m [96moperator()[0m] Accepted new connection
[2026-09-01 06:56:08.718] [info] [[94mHttpSession.cpp[0m:[95m96[0m [96mhandleRequest[0m] Got request: GET /ndt/get_graph_data
[2026-09-01 06:56:08.718] [info] [[94mHttpSession.cpp[0m:[95m531[0m [96mhandleGetGraphData[0m] Handle Get Graph Data
[2026-09-01 06:56:08.739] [info] [[94mHttpSession.cpp[0m:[95m576[0m [96mhandleGetGraphData[0m] get_graph_data success
[2026-09-01 06:56:08.969] [info] [[94mControllerAndOtherEventHandler.cpp[0m:[95m239[0m [96moperator()[0m] Accepted new connection
[2026-09-01 06:56:08.969] [info] [[94mHttpSession.cpp[0m:[95m96[0m [96mhandleRequest[0m] Got request: GET /ndt/get_graph_data
[2026-09-01 06:56:08.969] [info] [[94mHttpSession.cpp[0m:[95m531[0m [96mhandleGetGraphData[0m] Handle Get Graph Data
[2026-09-01 06:56:08.990] [info] [[94mHttpSession.cpp[0m:[95m576[0m [96mhandleGetGraphData[0m] get_graph_data success
[2026-09-01 06:56:09.218] [info] [[94mControllerAndOtherEventHandler.cpp[0m:[95m239[0m [96moperator()[0m] Accepted new connection
[2026-09-01 06:56:09.218] [info] [[94mHttpSession.cpp[0m:[95m96[0m [96mhandleRequest[0m] Got request: GET /ndt/get_graph_data
[2026-09-01 06:56:09.218] [info] [[94mHttpSession.cpp[0m:[95m531[0m [96mhandleGetGraphData[0m] Handle Get Graph Data
[2026-09-01 06:56:09.236] [info] [[94mHttpSession.cpp[0m:[95m576[0m [96mhandleGetGraphData[0m] get_graph_data success
[2026-09-01 06:56:09.469] [info] [[94mControllerAndOtherEventHandler.cpp[0m:[95m239[0m [96moperator()[0m] Accepted new connection
[2026-09-01 06:56:09.469] [info] [[94mHttpSession.cpp[0m:[95m96[0m [96mhandleRequest[0m] Got request: GET /ndt/get_graph_data
[2026-09-01 06:56:09.469] [info] [[94mHttpSession.cpp[0m:[95m531[0m [96mhandleGetGraphData[0m] Handle Get Graph Data
[2026-09-01 06:56:09.488] [info] [[94mHttpSession.cpp[0m:[95m576[0m [96mhandleGetGraphData[0m] get_graph_data success
[2026-09-01 06:56:09.719] [info] [[94mControllerAndOtherEventHandler.cpp[0m:[95m239[0m [96moperator()[0m] Accepted new connection
[2026-09-01 06:56:09.719] [info] [[94mHttpSession.cpp[0m:[95m96[0m [96mhandleRequest[0m] Got request: GET /ndt/get_graph_data
[2026-09-01 06:56:09.719] [info] [[94mHttpSession.cpp[0m:[95m531[0m [96mhandleGetGraphData[0m] Handle Get Graph Data
[2026-09-01 06:56:09.737] [info] [[94mHttpSession.cpp[0m:[95m576[0m [96mhandleGetGraphData[0m] get_graph_data success
[2026-09-01 06:56:09.968] [info] [[94mControllerAndOtherEventHandler.cpp[0m:[95m239[0m [96moperator()[0m] Accepted new connection
[2026-09-01 06:56:09.968] [info] [[94mHttpSession.cpp[0m:[95m96[0m [96mhandleRequest[0m] Got request: GET /ndt/get_graph_data
[2026-09-01 06:56:09.968] [info] [[94mHttpSession.cpp[0m:[95m531[0m [96mhandleGetGraphData[0m] Handle Get Graph Data
[2026-09-01 06:56:09.987] [info] [[94mHttpSession.cpp[0m:[95m576[0m [96mhandleGetGraphData[0m] get_graph_data success
[2026-09-01 06:56:10.219] [info] [[94mControllerAndOtherEventHandler.cpp[0m:[95m239[0m [96moperator()[0m] Accepted new connection
[2026-09-01 06:56:10.219] [info] [[94mHttpSession.cpp[0m:[95m96[0m [96mhandleRequest[0m] Got request: GET /ndt/get_graph_data
[2026-09-01 06:56:10.219] [info] [[94mHttpSession.cpp[0m:[95m531[0m [96mhandleGetGraphData[0m] Handle Get Graph Data
[2026-09-01 06:56:10.239] [info] [[94mHttpSession.cpp[0m:[95m576[0m [96mhandleGetGraphData[0m] get_graph_data success
[2026-09-01 06:56:10.469] [info] [[94mControllerAndOtherEventHandler.cpp[0m:[95m239[0m [96moperator()[0m] Accepted new connection
[2026-09-01 06:56:10.469] [info] [[94mHttpSession.cpp[0m:[95m96[0m [96mhandleRequest[0m] Got request: GET /ndt/get_graph_data
[2026-09-01 06:56:10.469] [info] [[94mHttpSession.cpp[0m:[95m531[0m [96mhandleGetGraphData[0m] Handle Get Graph Data
[2026-09-01 06:56:10.489] [info] [[94mHttpSession.cpp[0m:[95m576[0m [96mhandleGetGraphData[0m] get_graph_data success
[2026-09-01 06:56:10.719] [info] [[94mControllerAndOtherEventHandler.cpp[0m:[95m239[0m [96moperator()[0m] Accepted new connection
[2026-09-01 06:56:10.719] [info] [[94mHttpSession.cpp[0m:[95m96[0m [96mhandleRequest[0m] Got request: GET /ndt/get_graph_data
[2026-09-01 06:56:10.719] [info] [[94mHttpSession.cpp[0m:[95m531[0m [96mhandleGetGraphData[0m] Handle Get Graph Data
[2026-09-01 06:56:10.738] [info] [[94mHttpSession.cpp[0m:[95m576[0m [96mhandleGetGraphData[0m] get_graph_data success
[2026-09-01 06:56:10.969] [info] [[94mControllerAndOtherEventHandler.cpp[0m:[95m239[0m [96moperator()[0m] Accepted new connection
[2026-09-01 06:56:10.969] [info] [[94mHttpSession.cpp[0m:[95m96[0m [96mhandleRequest[0m] Got request: GET /ndt/get_graph_data
[2026-09-01 06:56:10.969] [info] [[94mHttpSession.cpp[0m:[95m531[0m [96mhandleGetGraphData[0m] Handle Get Graph Data
[2026-09-01 06:56:10.984] [info] [[94mHttpSession.cpp[0m:[95m576[0m [96mhandleGetGraphData[0m] get_graph_data success
[2026-09-01 06:56:11.219] [info] [[94mControllerAndOtherEventHandler.cpp[0m:[95m239[0m [96moperator()[0m] Accepted new connection
[2026-09-01 06:56:11.219] [info] [[94mHttpSession.cpp[0m:[95m96[0m [96mhandleRequest[0m] Got request: GET /ndt/get_graph_data
[2026-09-01 06:56:11.219] [info] [[94mHttpSession.cpp[0m:[95m531[0m [96mhandleGetGraphData[0m] Handle Get Graph Data
[2026-09-01 06:56:11.233] [info] [[94mHttpSession.cpp[0m:[95m576[0m [96mhandleGetGraphData[0m] get_graph_data success
[2026-09-01 06:56:11.469] [info] [[94mControllerAndOtherEventHandler.cpp[0m:[95m239[0m [96moperator()[0m] Accepted new connection
[2026-09-01 06:56:11.470] [info] [[94mHttpSession.cpp[0m:[95m96[0m [96mhandleRequest[0m] Got request: GET /ndt/get_graph_data
[2026-09-01 06:56:11.470] [info] [[94mHttpSession.cpp[0m:[95m531[0m [96mhandleGetGraphData[0m] Handle Get Graph Data
[2026-09-01 06:56:11.487] [info] [[94mHttpSession.cpp[0m:[95m576[0m [96mhandleGetGraphData[0m] get_graph_data success
[2026-09-01 06:56:11.719] [info] [[94mControllerAndOtherEventHandler.cpp[0m:[95m239[0m [96moperator()[0m] Accepted new connection
[2026-09-01 06:56:11.719] [info] [[94mHttpSession.cpp[0m:[95m96[0m [96mhandleRequest[0m] Got request: GET /ndt/get_graph_data
[2026-09-01 06:56:11.719] [info] [[94mHttpSession.cpp[0m:[95m531[0m [96mhandleGetGraphData[0m] Handle Get Graph Data
[2026-09-01 06:56:11.735] [info] [[94mHttpSession.cpp[0m:[95m576[0m [96mhandleGetGraphData[0m] get_graph_data success
[2026-09-01 06:56:11.970] [info] [[94mControllerAndOtherEventHandler.cpp[0m:[95m239[0m [96moperator()[0m] Accepted new connection
[2026-09-01 06:56:11.970] [info] [[94mHttpSession.cpp[0m:[95m96[0m [96mhandleRequest[0m] Got request: GET /ndt/get_graph_data
[2026-09-01 06:56:11.970] [info] [[94mHttpSession.cpp[0m:[95m531[0m [96mhandleGetGraphData[0m] Handle Get Graph Data
[2026-09-01 06:56:11.992] [info] [[94mHttpSession.cpp[0m:[95m576[0m [96mhandleGetGraphData[0m] get_graph_data success
[2026-09-01 06:56:12.219] [info] [[94mControllerAndOtherEventHandler.cpp[0m:[95m239[0m [96moperator()[0m] Accepted new connection
[2026-09-01 06:56:12.220] [info] [[94mHttpSession.cpp[0m:[95m96[0m [96mhandleRequest[0m] Got request: GET /ndt/get_graph_data
[2026-09-01 06:56:12.220] [info] [[94mHttpSession.cpp[0m:[95m531[0m [96mhandleGetGraphData[0m] Handle Get Graph Data
[2026-09-01 06:56:12.240] [info] [[94mHttpSession.cpp[0m:[95m576[0m [96mhandleGetGraphData[0m] get_graph_data success
[2026-09-01 06:56:12.470] [info] [[94mControllerAndOtherEventHandler.cpp[0m:[95m239[0m [96moperator()[0m] Accepted new connection
[2026-09-01 06:56:12.470] [info] [[94mHttpSession.cpp[0m:[95m96[0m [96mhandleRequest[0m] Got request: GET /ndt/get_graph_data
[2026-09-01 06:56:12.470] [info] [[94mHttpSession.cpp[0m:[95m531[0m [96mhandleGetGraphData[0m] Handle Get Graph Data
[2026-09-01 06:56:12.487] [info] [[94mHttpSession.cpp[0m:[95m576[0m [96mhandleGetGraphData[0m] get_graph_data success
[2026-09-01 06:56:12.719] [info] [[94mControllerAndOtherEventHandler.cpp[0m:[95m239[0m [96moperator()[0m] Accepted new connection
[2026-09-01 06:56:12.720] [info] [[94mHttpSession.cpp[0m:[95m96[0m [96mhandleRequest[0m] Got request: GET /ndt/get_graph_data
[2026-09-01 06:56:12.720] [info] [[94mHttpSession.cpp[0m:[95m531[0m [96mhandleGetGraphData[0m] Handle Get Graph Data
[2026-09-01 06:56:12.739] [info] [[94mHttpSession.cpp[0m:[95m576[0m [96mhandleGetGraphData[0m] get_graph_data success
[2026-09-01 06:56:12.969] [info] [[94mControllerAndOtherEventHandler.cpp[0m:[95m239[0m [96moperator()[0m] Accepted new connection
[2026-09-01 06:56:12.969] [info] [[94mHttpSession.cpp[0m:[95m96[0m [96mhandleRequest[0m] Got request: GET /ndt/get_graph_data
[2026-09-01 06:56:12.969] [info] [[94mHttpSession.cpp[0m:[95m531[0m [96mhandleGetGraphData[0m] Handle Get Graph Data
[2026-09-01 06:56:12.981] [info] [[94mHttpSession.cpp[0m:[95m576[0m [96mhandleGetGraphData[0m] get_graph_data success
[2026-09-01 06:56:13.220] [info] [[94mControllerAndOtherEventHandler.cpp[0m:[95m239[0m [96moperator()[0m] Accepted new connection
[2026-09-01 06:56:13.220] [info] [[94mHttpSession.cpp[0m:[95m96[0m [96mhandleRequest[0m] Got request: GET /ndt/get_graph_data
[2026-09-01 06:56:13.220] [info] [[94mHttpSession.cpp[0m:[95m531[0m [96mhandleGetGraphData[0m] Handle Get Graph Data
[2026-09-01 06:56:13.236] [info] [[94mHttpSession.cpp[0m:[95m576[0m [96mhandleGetGraphData[0m] get_graph_data success
[2026-09-01 06:56:13.470] [info] [[94mControllerAndOtherEventHandler.cpp[0m:[95m239[0m [96moperator()[0m] Accepted new connection
[2026-09-01 06:56:13.470] [info] [[94mHttpSession.cpp[0m:[95m96[0m [96mhandleRequest[0m] Got request: GET /ndt/get_graph_data
[2026-09-01 06:56:13.470] [info] [[94mHttpSession.cpp[0m:[95m531[0m [96mhandleGetGraphData[0m] Handle Get Graph Data
[2026-09-01 06:56:13.485] [info] [[94mHttpSession.cpp[0m:[95m576[0m [96mhandleGetGraphData[0m] get_graph_data success
[2026-09-01 06:56:13.720] [info] [[94mControllerAndOtherEventHandler.cpp[0m:[95m239[0m [96moperator()[0m] Accepted new connection
[2026-09-01 06:56:13.720] [info] [[94mHttpSession.cpp[0m:[95m96[0m [96mhandleRequest[0m] Got request: GET /ndt/get_graph_data
[2026-09-01 06:56:13.720] [info] [[94mHttpSession.cpp[0m:[95m531[0m [96mhandleGetGraphData[0m] Handle Get Graph Data
[2026-09-01 06:56:13.733] [info] [[94mHttpSession.cpp[0m:[95m576[0m [96mhandleGetGraphData[0m] get_graph_data success
[2026-09-01 06:56:13.970] [info] [[94mControllerAndOtherEventHandler.cpp[0m:[95m239[0m [96moperator()[0m] Accepted new connection
[2026-09-01 06:56:13.970] [info] [[94mHttpSession.cpp[0m:[95m96[0m [96mhandleRequest[0m] Got request: GET /ndt/get_graph_data
[2026-09-01 06:56:13.970] [info] [[94mHttpSession.cpp[0m:[95m531[0m [96mhandleGetGraphData[0m] Handle Get Graph Data
[2026-09-01 06:56:13.985] [info] [[94mHttpSession.cpp[0m:[95m576[0m [96mhandleGetGraphData[0m] get_graph_data success
[2026-09-01 06:56:14.147] [info] [[94mFlowLinkUsageCollector.cpp[0m:[95m2558[0m [96mfetchAllDestinationPaths[0m] Pulled 16256 paths from controller
[2026-09-01 06:56:14.220] [info] [[94mControllerAndOtherEventHandler.cpp[0m:[95m239[0m [96moperator()[0m] Accepted new connection
[2026-09-01 06:56:14.220] [info] [[94mHttpSession.cpp[0m:[95m96[0m [96mhandleRequest[0m] Got request: GET /ndt/get_graph_data
[2026-09-01 06:56:14.221] [info] [[94mHttpSession.cpp[0m:[95m531[0m [96mhandleGetGraphData[0m] Handle Get Graph Data
[2026-09-01 06:56:14.239] [info] [[94mHttpSession.cpp[0m:[95m576[0m [96mhandleGetGraphData[0m] get_graph_data success
[2026-09-01 06:56:14.470] [info] [[94mControllerAndOtherEventHandler.cpp[0m:[95m239[0m [96moperator()[0m] Accepted new connection
[2026-09-01 06:56:14.470] [info] [[94mHttpSession.cpp[0m:[95m96[0m [96mhandleRequest[0m] Got request: GET /ndt/get_graph_data
[2026-09-01 06:56:14.470] [info] [[94mHttpSession.cpp[0m:[95m531[0m [96mhandleGetGraphData[0m] Handle Get Graph Data
[2026-09-01 06:56:14.488] [info] [[94mHttpSession.cpp[0m:[95m576[0m [96mhandleGetGraphData[0m] get_graph_data success
[2026-09-01 06:56:14.720] [info] [[94mControllerAndOtherEventHandler.cpp[0m:[95m239[0m [96moperator()[0m] Accepted new connection
[2026-09-01 06:56:14.720] [info] [[94mHttpSession.cpp[0m:[95m96[0m [96mhandleRequest[0m] Got request: GET /ndt/get_graph_data
[2026-09-01 06:56:14.720] [info] [[94mHttpSession.cpp[0m:[95m531[0m [96mhandleGetGraphData[0m] Handle Get Graph Data
[2026-09-01 06:56:14.734] [info] [[94mHttpSession.cpp[0m:[95m576[0m [96mhandleGetGraphData[0m] get_graph_data success
[2026-09-01 06:56:14.971] [info] [[94mControllerAndOtherEventHandler.cpp[0m:[95m239[0m [96moperator()[0m] Accepted new connection
[2026-09-01 06:56:14.971] [info] [[94mHttpSession.cpp[0m:[95m96[0m [96mhandleRequest[0m] Got request: GET /ndt/get_graph_data
[2026-09-01 06:56:14.971] [info] [[94mHttpSession.cpp[0m:[95m531[0m [96mhandleGetGraphData[0m] Handle Get Graph Data
[2026-09-01 06:56:14.986] [info] [[94mHttpSession.cpp[0m:[95m576[0m [96mhandleGetGraphData[0m] get_graph_data success
[2026-09-01 06:56:15.221] [info] [[94mControllerAndOtherEventHandler.cpp[0m:[95m239[0m [96moperator()[0m] Accepted new connection
[2026-09-01 06:56:15.221] [info] [[94mHttpSession.cpp[0m:[95m96[0m [96mhandleRequest[0m] Got request: GET /ndt/get_graph_data
[2026-09-01 06:56:15.221] [info] [[94mHttpSession.cpp[0m:[95m531[0m [96mhandleGetGraphData[0m] Handle Get Graph Data
[2026-09-01 06:56:15.233] [info] [[94mHttpSession.cpp[0m:[95m576[0m [96mhandleGetGraphData[0m] get_graph_data success
[2026-09-01 06:56:15.470] [info] [[94mControllerAndOtherEventHandler.cpp[0m:[95m239[0m [96moperator()[0m] Accepted new connection
[2026-09-01 06:56:15.470] [info] [[94mHttpSession.cpp[0m:[95m96[0m [96mhandleRequest[0m] Got request: GET /ndt/get_graph_data
[2026-09-01 06:56:15.470] [info] [[94mHttpSession.cpp[0m:[95m531[0m [96mhandleGetGraphData[0m] Handle Get Graph Data
[2026-09-01 06:56:15.484] [info] [[94mHttpSession.cpp[0m:[95m576[0m [96mhandleGetGraphData[0m] get_graph_data success
[2026-09-01 06:56:15.720] [info] [[94mControllerAndOtherEventHandler.cpp[0m:[95m239[0m [96moperator()[0m] Accepted new connection
[2026-09-01 06:56:15.720] [info] [[94mHttpSession.cpp[0m:[95m96[0m [96mhandleRequest[0m] Got request: GET /ndt/get_graph_data
[2026-09-01 06:56:15.720] [info] [[94mHttpSession.cpp[0m:[95m531[0m [96mhandleGetGraphData[0m] Handle Get Graph Data
[2026-09-01 06:56:15.738] [info] [[94mHttpSession.cpp[0m:[95m576[0m [96mhandleGetGraphData[0m] get_graph_data success
[2026-09-01 06:56:15.970] [info] [[94mControllerAndOtherEventHandler.cpp[0m:[95m239[0m [96moperator()[0m] Accepted new connection
[2026-09-01 06:56:15.970] [info] [[94mHttpSession.cpp[0m:[95m96[0m [96mhandleRequest[0m] Got request: GET /ndt/get_graph_data
[2026-09-01 06:56:15.970] [info] [[94mHttpSession.cpp[0m:[95m531[0m [96mhandleGetGraphData[0m] Handle Get Graph Data
[2026-09-01 06:56:15.988] [info] [[94mHttpSession.cpp[0m:[95m576[0m [96mhandleGetGraphData[0m] get_graph_data success
[2026-09-01 06:56:16.220] [info] [[94mControllerAndOtherEventHandler.cpp[0m:[95m239[0m [96moperator()[0m] Accepted new connection
[2026-09-01 06:56:16.221] [info] [[94mHttpSession.cpp[0m:[95m96[0m [96mhandleRequest[0m] Got request: GET /ndt/get_graph_data
[2026-09-01 06:56:16.221] [info] [[94mHttpSession.cpp[0m:[95m531[0m [96mhandleGetGraphData[0m] Handle Get Graph Data
[2026-09-01 06:56:16.240] [info] [[94mHttpSession.cpp[0m:[95m576[0m [96mhandleGetGraphData[0m] get_graph_data success
[2026-09-01 06:56:16.471] [info] [[94mControllerAndOtherEventHandler.cpp[0m:[95m239[0m [96moperator()[0m] Accepted new connection
[2026-09-01 06:56:16.471] [info] [[94mHttpSession.cpp[0m:[95m96[0m [96mhandleRequest[0m] Got request: GET /ndt/get_graph_data
[2026-09-01 06:56:16.471] [info] [[94mHttpSession.cpp[0m:[95m531[0m [96mhandleGetGraphData[0m] Handle Get Graph Data
[2026-09-01 06:56:16.484] [info] [[94mHttpSession.cpp[0m:[95m576[0m [96mhandleGetGraphData[0m] get_graph_data success
[2026-09-01 06:56:16.721] [info] [[94mControllerAndOtherEventHandler.cpp[0m:[95m239[0m [96moperator()[0m] Accepted new connection
[2026-09-01 06:56:16.721] [info] [[94mHttpSession.cpp[0m:[95m96[0m [96mhandleRequest[0m] Got request: GET /ndt/get_graph_data
[2026-09-01 06:56:16.721] [info] [[94mHttpSession.cpp[0m:[95m531[0m [96mhandleGetGraphData[0m] Handle Get Graph Data
[2026-09-01 06:56:16.734] [info] [[94mHttpSession.cpp[0m:[95m576[0m [96mhandleGetGraphData[0m] get_graph_data success
[2026-09-01 06:56:16.971] [info] [[94mControllerAndOtherEventHandler.cpp[0m:[95m239[0m [96moperator()[0m] Accepted new connection
[2026-09-01 06:56:16.971] [info] [[94mHttpSession.cpp[0m:[95m96[0m [96mhandleRequest[0m] Got request: GET /ndt/get_graph_data
[2026-09-01 06:56:16.971] [info] [[94mHttpSession.cpp[0m:[95m531[0m [96mhandleGetGraphData[0m] Handle Get Graph Data
[2026-09-01 06:56:16.985] [info] [[94mHttpSession.cpp[0m:[95m576[0m [96mhandleGetGraphData[0m] get_graph_data success
[2026-09-01 06:56:17.221] [info] [[94mControllerAndOtherEventHandler.cpp[0m:[95m239[0m [96moperator()[0m] Accepted new connection
[2026-09-01 06:56:17.222] [info] [[94mHttpSession.cpp[0m:[95m96[0m [96mhandleRequest[0m] Got request: GET /ndt/get_graph_data
[2026-09-01 06:56:17.222] [info] [[94mHttpSession.cpp[0m:[95m531[0m [96mhandleGetGraphData[0m] Handle Get Graph Data
[2026-09-01 06:56:17.242] [info] [[94mHttpSession.cpp[0m:[95m576[0m [96mhandleGetGraphData[0m] get_graph_data success
[2026-09-01 06:56:17.471] [info] [[94mControllerAndOtherEventHandler.cpp[0m:[95m239[0m [96moperator()[0m] Accepted new connection
[2026-09-01 06:56:17.472] [info] [[94mHttpSession.cpp[0m:[95m96[0m [96mhandleRequest[0m] Got request: GET /ndt/get_graph_data
[2026-09-01 06:56:17.472] [info] [[94mHttpSession.cpp[0m:[95m531[0m [96mhandleGetGraphData[0m] Handle Get Graph Data
[2026-09-01 06:56:17.493] [info] [[94mHttpSession.cpp[0m:[95m576[0m [96mhandleGetGraphData[0m] get_graph_data success
[2026-09-01 06:56:17.721] [info] [[94mControllerAndOtherEventHandler.cpp[0m:[95m239[0m [96moperator()[0m] Accepted new connection
[2026-09-01 06:56:17.721] [info] [[94mHttpSession.cpp[0m:[95m96[0m [96mhandleRequest[0m] Got request: GET /ndt/get_graph_data
[2026-09-01 06:56:17.721] [info] [[94mHttpSession.cpp[0m:[95m531[0m [96mhandleGetGraphData[0m] Handle Get Graph Data
[2026-09-01 06:56:17.742] [info] [[94mHttpSession.cpp[0m:[95m576[0m [96mhandleGetGraphData[0m] get_graph_data success
[2026-09-01 06:56:17.972] [info] [[94mControllerAndOtherEventHandler.cpp[0m:[95m239[0m [96moperator()[0m] Accepted new connection
[2026-09-01 06:56:17.972] [info] [[94mHttpSession.cpp[0m:[95m96[0m [96mhandleRequest[0m] Got request: GET /ndt/get_graph_data
[2026-09-01 06:56:17.972] [info] [[94mHttpSession.cpp[0m:[95m531[0m [96mhandleGetGraphData[0m] Handle Get Graph Data
[2026-09-01 06:56:17.988] [info] [[94mHttpSession.cpp[0m:[95m576[0m [96mhandleGetGraphData[0m] get_graph_data success
[2026-09-01 06:56:18.221] [info] [[94mControllerAndOtherEventHandler.cpp[0m:[95m239[0m [96moperator()[0m] Accepted new connection
[2026-09-01 06:56:18.221] [info] [[94mHttpSession.cpp[0m:[95m96[0m [96mhandleRequest[0m] Got request: GET /ndt/get_graph_data
[2026-09-01 06:56:18.221] [info] [[94mHttpSession.cpp[0m:[95m531[0m [96mhandleGetGraphData[0m] Handle Get Graph Data
[2026-09-01 06:56:18.237] [info] [[94mHttpSession.cpp[0m:[95m576[0m [96mhandleGetGraphData[0m] get_graph_data success
[2026-09-01 06:56:18.472] [info] [[94mControllerAndOtherEventHandler.cpp[0m:[95m239[0m [96moperator()[0m] Accepted new connection
[2026-09-01 06:56:18.472] [info] [[94mHttpSession.cpp[0m:[95m96[0m [96mhandleRequest[0m] Got request: GET /ndt/get_graph_data
[2026-09-01 06:56:18.472] [info] [[94mHttpSession.cpp[0m:[95m531[0m [96mhandleGetGraphData[0m] Handle Get Graph Data
[2026-09-01 06:56:18.487] [info] [[94mHttpSession.cpp[0m:[95m576[0m [96mhandleGetGraphData[0m] get_graph_data success
[2026-09-01 06:56:18.721] [info] [[94mControllerAndOtherEventHandler.cpp[0m:[95m239[0m [96moperator()[0m] Accepted new connection
[2026-09-01 06:56:18.721] [info] [[94mHttpSession.cpp[0m:[95m96[0m [96mhandleRequest[0m] Got request: GET /ndt/get_graph_data
[2026-09-01 06:56:18.721] [info] [[94mHttpSession.cpp[0m:[95m531[0m [96mhandleGetGraphData[0m] Handle Get Graph Data
[2026-09-01 06:56:18.739] [info] [[94mHttpSession.cpp[0m:[95m576[0m [96mhandleGetGraphData[0m] get_graph_data success
[2026-09-01 06:56:18.972] [info] [[94mControllerAndOtherEventHandler.cpp[0m:[95m239[0m [96moperator()[0m] Accepted new connection
[2026-09-01 06:56:18.972] [info] [[94mHttpSession.cpp[0m:[95m96[0m [96mhandleRequest[0m] Got request: GET /ndt/get_graph_data
[2026-09-01 06:56:18.972] [info] [[94mHttpSession.cpp[0m:[95m531[0m [96mhandleGetGraphData[0m] Handle Get Graph Data
[2026-09-01 06:56:18.985] [info] [[94mHttpSession.cpp[0m:[95m576[0m [96mhandleGetGraphData[0m] get_graph_data success
[2026-09-01 06:56:19.222] [info] [[94mControllerAndOtherEventHandler.cpp[0m:[95m239[0m [96moperator()[0m] Accepted new connection
[2026-09-01 06:56:19.222] [info] [[94mHttpSession.cpp[0m:[95m96[0m [96mhandleRequest[0m] Got request: GET /ndt/get_graph_data
[2026-09-01 06:56:19.222] [info] [[94mHttpSession.cpp[0m:[95m531[0m [96mhandleGetGraphData[0m] Handle Get Graph Data
[2026-09-01 06:56:19.241] [info] [[94mHttpSession.cpp[0m:[95m576[0m [96mhandleGetGraphData[0m] get_graph_data success
[2026-09-01 06:56:19.471] [info] [[94mControllerAndOtherEventHandler.cpp[0m:[95m239[0m [96moperator()[0m] Accepted new connection
[2026-09-01 06:56:19.471] [info] [[94mHttpSession.cpp[0m:[95m96[0m [96mhandleRequest[0m] Got request: GET /ndt/get_graph_data
[2026-09-01 06:56:19.472] [info] [[94mHttpSession.cpp[0m:[95m531[0m [96mhandleGetGraphData[0m] Handle Get Graph Data
[2026-09-01 06:56:19.484] [info] [[94mHttpSession.cpp[0m:[95m576[0m [96mhandleGetGraphData[0m] get_graph_data success
[2026-09-01 06:56:19.722] [info] [[94mControllerAndOtherEventHandler.cpp[0m:[95m239[0m [96moperator()[0m] Accepted new connection
[2026-09-01 06:56:19.722] [info] [[94mHttpSession.cpp[0m:[95m96[0m [96mhandleRequest[0m] Got request: GET /ndt/get_graph_data
[2026-09-01 06:56:19.722] [info] [[94mHttpSession.cpp[0m:[95m531[0m [96mhandleGetGraphData[0m] Handle Get Graph Data
[2026-09-01 06:56:19.740] [info] [[94mHttpSession.cpp[0m:[95m576[0m [96mhandleGetGraphData[0m] get_graph_data success
[2026-09-01 06:56:19.972] [info] [[94mControllerAndOtherEventHandler.cpp[0m:[95m239[0m [96moperator()[0m] Accepted new connection
[2026-09-01 06:56:19.972] [info] [[94mHttpSession.cpp[0m:[95m96[0m [96mhandleRequest[0m] Got request: GET /ndt/get_graph_data
[2026-09-01 06:56:19.972] [info] [[94mHttpSession.cpp[0m:[95m531[0m [96mhandleGetGraphData[0m] Handle Get Graph Data
[2026-09-01 06:56:19.991] [info] [[94mHttpSession.cpp[0m:[95m576[0m [96mhandleGetGraphData[0m] get_graph_data success
[2026-09-01 06:56:20.222] [info] [[94mControllerAndOtherEventHandler.cpp[0m:[95m239[0m [96moperator()[0m] Accepted new connection
[2026-09-01 06:56:20.222] [info] [[94mHttpSession.cpp[0m:[95m96[0m [96mhandleRequest[0m] Got request: GET /ndt/get_graph_data
[2026-09-01 06:56:20.222] [info] [[94mHttpSession.cpp[0m:[95m531[0m [96mhandleGetGraphData[0m] Handle Get Graph Data
[2026-09-01 06:56:20.239] [info] [[94mHttpSession.cpp[0m:[95m576[0m [96mhandleGetGraphData[0m] get_graph_data success
[2026-09-01 06:56:20.472] [info] [[94mControllerAndOtherEventHandler.cpp[0m:[95m239[0m [96moperator()[0m] Accepted new connection
[2026-09-01 06:56:20.473] [info] [[94mHttpSession.cpp[0m:[95m96[0m [96mhandleRequest[0m] Got request: GET /ndt/get_graph_data
[2026-09-01 06:56:20.473] [info] [[94mHttpSession.cpp[0m:[95m531[0m [96mhandleGetGraphData[0m] Handle Get Graph Data
[2026-09-01 06:56:20.486] [info] [[94mHttpSession.cpp[0m:[95m576[0m [96mhandleGetGraphData[0m] get_graph_data success
[2026-09-01 06:56:20.722] [info] [[94mControllerAndOtherEventHandler.cpp[0m:[95m239[0m [96moperator()[0m] Accepted new connection
[2026-09-01 06:56:20.722] [info] [[94mHttpSession.cpp[0m:[95m96[0m [96mhandleRequest[0m] Got request: GET /ndt/get_graph_data
[2026-09-01 06:56:20.722] [info] [[94mHttpSession.cpp[0m:[95m531[0m [96mhandleGetGraphData[0m] Handle Get Graph Data
[2026-09-01 06:56:20.739] [info] [[94mHttpSession.cpp[0m:[95m576[0m [96mhandleGetGraphData[0m] get_graph_data success
[2026-09-01 06:56:20.972] [info] [[94mControllerAndOtherEventHandler.cpp[0m:[95m239[0m [96moperator()[0m] Accepted new connection
[2026-09-01 06:56:20.973] [info] [[94mHttpSession.cpp[0m:[95m96[0m [96mhandleRequest[0m] Got request: GET /ndt/get_graph_data
[2026-09-01 06:56:20.973] [info] [[94mHttpSession.cpp[0m:[95m531[0m [96mhandleGetGraphData[0m] Handle Get Graph Data
[2026-09-01 06:56:20.987] [info] [[94mHttpSession.cpp[0m:[95m576[0m [96mhandleGetGraphData[0m] get_graph_data success
[2026-09-01 06:56:21.222] [info] [[94mControllerAndOtherEventHandler.cpp[0m:[95m239[0m [96moperator()[0m] Accepted new connection
[2026-09-01 06:56:21.223] [info] [[94mHttpSession.cpp[0m:[95m96[0m [96mhandleRequest[0m] Got request: GET /ndt/get_graph_data
[2026-09-01 06:56:21.223] [info] [[94mHttpSession.cpp[0m:[95m531[0m [96mhandleGetGraphData[0m] Handle Get Graph Data
[2026-09-01 06:56:21.240] [info] [[94mHttpSession.cpp[0m:[95m576[0m [96mhandleGetGraphData[0m] get_graph_data success
[2026-09-01 06:56:21.472] [info] [[94mControllerAndOtherEventHandler.cpp[0m:[95m239[0m [96moperator()[0m] Accepted new connection
[2026-09-01 06:56:21.472] [info] [[94mHttpSession.cpp[0m:[95m96[0m [96mhandleRequest[0m] Got request: GET /ndt/get_graph_data
[2026-09-01 06:56:21.472] [info] [[94mHttpSession.cpp[0m:[95m531[0m [96mhandleGetGraphData[0m] Handle Get Graph Data
[2026-09-01 06:56:21.493] [info] [[94mHttpSession.cpp[0m:[95m576[0m [96mhandleGetGraphData[0m] get_graph_data success
[2026-09-01 06:56:21.722] [info] [[94mControllerAndOtherEventHandler.cpp[0m:[95m239[0m [96moperator()[0m] Accepted new connection
[2026-09-01 06:56:21.722] [info] [[94mHttpSession.cpp[0m:[95m96[0m [96mhandleRequest[0m] Got request: GET /ndt/get_graph_data
[2026-09-01 06:56:21.722] [info] [[94mHttpSession.cpp[0m:[95m531[0m [96mhandleGetGraphData[0m] Handle Get Graph Data
[2026-09-01 06:56:21.741] [info] [[94mHttpSession.cpp[0m:[95m576[0m [96mhandleGetGraphData[0m] get_graph_data success
[2026-09-01 06:56:21.973] [info] [[94mControllerAndOtherEventHandler.cpp[0m:[95m239[0m [96moperator()[0m] Accepted new connection
[2026-09-01 06:56:21.973] [info] [[94mHttpSession.cpp[0m:[95m96[0m [96mhandleRequest[0m] Got request: GET /ndt/get_graph_data
[2026-09-01 06:56:21.973] [info] [[94mHttpSession.cpp[0m:[95m531[0m [96mhandleGetGraphData[0m] Handle Get Graph Data
[2026-09-01 06:56:21.993] [info] [[94mHttpSession.cpp[0m:[95m576[0m [96mhandleGetGraphData[0m] get_graph_data success
[2026-09-01 06:56:22.223] [info] [[94mControllerAndOtherEventHandler.cpp[0m:[95m239[0m [96moperator()[0m] Accepted new connection
[2026-09-01 06:56:22.223] [info] [[94mHttpSession.cpp[0m:[95m96[0m [96mhandleRequest[0m] Got request: GET /ndt/get_graph_data
[2026-09-01 06:56:22.223] [info] [[94mHttpSession.cpp[0m:[95m531[0m [96mhandleGetGraphData[0m] Handle Get Graph Data
[2026-09-01 06:56:22.243] [info] [[94mHttpSession.cpp[0m:[95m576[0m [96mhandleGetGraphData[0m] get_graph_data success
[2026-09-01 06:56:22.472] [info] [[94mControllerAndOtherEventHandler.cpp[0m:[95m239[0m [96moperator()[0m] Accepted new connection
[2026-09-01 06:56:22.473] [info] [[94mHttpSession.cpp[0m:[95m96[0m [96mhandleRequest[0m] Got request: GET /ndt/get_graph_data
[2026-09-01 06:56:22.473] [info] [[94mHttpSession.cpp[0m:[95m531[0m [96mhandleGetGraphData[0m] Handle Get Graph Data
[2026-09-01 06:56:22.494] [info] [[94mHttpSession.cpp[0m:[95m576[0m [96mhandleGetGraphData[0m] get_graph_data success
[2026-09-01 06:56:22.723] [info] [[94mControllerAndOtherEventHandler.cpp[0m:[95m239[0m [96moperator()[0m] Accepted new connection
[2026-09-01 06:56:22.723] [info] [[94mHttpSession.cpp[0m:[95m96[0m [96mhandleRequest[0m] Got request: GET /ndt/get_graph_data
[2026-09-01 06:56:22.723] [info] [[94mHttpSession.cpp[0m:[95m531[0m [96mhandleGetGraphData[0m] Handle Get Graph Data
[2026-09-01 06:56:22.744] [info] [[94mHttpSession.cpp[0m:[95m576[0m [96mhandleGetGraphData[0m] get_graph_data success
[2026-09-01 06:56:22.973] [info] [[94mControllerAndOtherEventHandler.cpp[0m:[95m239[0m [96moperator()[0m] Accepted new connection
[2026-09-01 06:56:22.973] [info] [[94mHttpSession.cpp[0m:[95m96[0m [96mhandleRequest[0m] Got request: GET /ndt/get_graph_data
[2026-09-01 06:56:22.973] [info] [[94mHttpSession.cpp[0m:[95m531[0m [96mhandleGetGraphData[0m] Handle Get Graph Data
[2026-09-01 06:56:22.992] [info] [[94mHttpSession.cpp[0m:[95m576[0m [96mhandleGetGraphData[0m] get_graph_data success
[2026-09-01 06:56:23.223] [info] [[94mControllerAndOtherEventHandler.cpp[0m:[95m239[0m [96moperator()[0m] Accepted new connection
[2026-09-01 06:56:23.223] [info] [[94mHttpSession.cpp[0m:[95m96[0m [96mhandleRequest[0m] Got request: GET /ndt/get_graph_data
[2026-09-01 06:56:23.223] [info] [[94mHttpSession.cpp[0m:[95m531[0m [96mhandleGetGraphData[0m] Handle Get Graph Data
[2026-09-01 06:56:23.236] [info] [[94mHttpSession.cpp[0m:[95m576[0m [96mhandleGetGraphData[0m] get_graph_data success
[2026-09-01 06:56:23.473] [info] [[94mControllerAndOtherEventHandler.cpp[0m:[95m239[0m [96moperator()[0m] Accepted new connection
[2026-09-01 06:56:23.473] [info] [[94mHttpSession.cpp[0m:[95m96[0m [96mhandleRequest[0m] Got request: GET /ndt/get_graph_data
[2026-09-01 06:56:23.473] [info] [[94mHttpSession.cpp[0m:[95m531[0m [96mhandleGetGraphData[0m] Handle Get Graph Data
[2026-09-01 06:56:23.492] [info] [[94mHttpSession.cpp[0m:[95m576[0m [96mhandleGetGraphData[0m] get_graph_data success
[2026-09-01 06:56:23.723] [info] [[94mControllerAndOtherEventHandler.cpp[0m:[95m239[0m [96moperator()[0m] Accepted new connection
[2026-09-01 06:56:23.723] [info] [[94mHttpSession.cpp[0m:[95m96[0m [96mhandleRequest[0m] Got request: GET /ndt/get_graph_data
[2026-09-01 06:56:23.723] [info] [[94mHttpSession.cpp[0m:[95m531[0m [96mhandleGetGraphData[0m] Handle Get Graph Data
[2026-09-01 06:56:23.736] [info] [[94mHttpSession.cpp[0m:[95m576[0m [96mhandleGetGraphData[0m] get_graph_data success
[2026-09-01 06:56:23.973] [info] [[94mControllerAndOtherEventHandler.cpp[0m:[95m239[0m [96moperator()[0m] Accepted new connection
[2026-09-01 06:56:23.973] [info] [[94mHttpSession.cpp[0m:[95m96[0m [96mhandleRequest[0m] Got request: GET /ndt/get_graph_data
[2026-09-01 06:56:23.973] [info] [[94mHttpSession.cpp[0m:[95m531[0m [96mhandleGetGraphData[0m] Handle Get Graph Data
[2026-09-01 06:56:23.984] [info] [[94mHttpSession.cpp[0m:[95m576[0m [96mhandleGetGraphData[0m] get_graph_data success
[2026-09-01 06:56:24.223] [info] [[94mControllerAndOtherEventHandler.cpp[0m:[95m239[0m [96moperator()[0m] Accepted new connection
[2026-09-01 06:56:24.223] [info] [[94mHttpSession.cpp[0m:[95m96[0m [96mhandleRequest[0m] Got request: GET /ndt/get_graph_data
[2026-09-01 06:56:24.223] [info] [[94mHttpSession.cpp[0m:[95m531[0m [96mhandleGetGraphData[0m] Handle Get Graph Data
[2026-09-01 06:56:24.234] [info] [[94mHttpSession.cpp[0m:[95m576[0m [96mhandleGetGraphData[0m] get_graph_data success
[2026-09-01 06:56:24.473] [info] [[94mControllerAndOtherEventHandler.cpp[0m:[95m239[0m [96moperator()[0m] Accepted new connection
[2026-09-01 06:56:24.473] [info] [[94mHttpSession.cpp[0m:[95m96[0m [96mhandleRequest[0m] Got request: GET /ndt/get_graph_data
[2026-09-01 06:56:24.473] [info] [[94mHttpSession.cpp[0m:[95m531[0m [96mhandleGetGraphData[0m] Handle Get Graph Data
[2026-09-01 06:56:24.486] [info] [[94mHttpSession.cpp[0m:[95m576[0m [96mhandleGetGraphData[0m] get_graph_data success
[2026-09-01 06:56:24.723] [info] [[94mControllerAndOtherEventHandler.cpp[0m:[95m239[0m [96moperator()[0m] Accepted new connection
[2026-09-01 06:56:24.723] [info] [[94mHttpSession.cpp[0m:[95m96[0m [96mhandleRequest[0m] Got request: GET /ndt/get_graph_data
[2026-09-01 06:56:24.723] [info] [[94mHttpSession.cpp[0m:[95m531[0m [96mhandleGetGraphData[0m] Handle Get Graph Data
[2026-09-01 06:56:24.736] [info] [[94mHttpSession.cpp[0m:[95m576[0m [96mhandleGetGraphData[0m] get_graph_data success
[2026-09-01 06:56:24.973] [info] [[94mControllerAndOtherEventHandler.cpp[0m:[95m239[0m [96moperator()[0m] Accepted new connection
[2026-09-01 06:56:24.973] [info] [[94mHttpSession.cpp[0m:[95m96[0m [96mhandleRequest[0m] Got request: GET /ndt/get_graph_data
[2026-09-01 06:56:24.973] [info] [[94mHttpSession.cpp[0m:[95m531[0m [96mhandleGetGraphData[0m] Handle Get Graph Data
[2026-09-01 06:56:24.987] [info] [[94mHttpSession.cpp[0m:[95m576[0m [96mhandleGetGraphData[0m] get_graph_data success
[2026-09-01 06:56:25.223] [info] [[94mControllerAndOtherEventHandler.cpp[0m:[95m239[0m [96moperator()[0m] Accepted new connection
[2026-09-01 06:56:25.224] [info] [[94mHttpSession.cpp[0m:[95m96[0m [96mhandleRequest[0m] Got request: GET /ndt/get_graph_data
[2026-09-01 06:56:25.224] [info] [[94mHttpSession.cpp[0m:[95m531[0m [96mhandleGetGraphData[0m] Handle Get Graph Data
[2026-09-01 06:56:25.241] [info] [[94mHttpSession.cpp[0m:[95m576[0m [96mhandleGetGraphData[0m] get_graph_data success
[2026-09-01 06:56:25.473] [info] [[94mControllerAndOtherEventHandler.cpp[0m:[95m239[0m [96moperator()[0m] Accepted new connection
[2026-09-01 06:56:25.473] [info] [[94mHttpSession.cpp[0m:[95m96[0m [96mhandleRequest[0m] Got request: GET /ndt/get_graph_data
[2026-09-01 06:56:25.473] [info] [[94mHttpSession.cpp[0m:[95m531[0m [96mhandleGetGraphData[0m] Handle Get Graph Data
[2026-09-01 06:56:25.488] [info] [[94mHttpSession.cpp[0m:[95m576[0m [96mhandleGetGraphData[0m] get_graph_data success
[2026-09-01 06:56:25.723] [info] [[94mControllerAndOtherEventHandler.cpp[0m:[95m239[0m [96moperator()[0m] Accepted new connection
[2026-09-01 06:56:25.724] [info] [[94mHttpSession.cpp[0m:[95m96[0m [96mhandleRequest[0m] Got request: GET /ndt/get_graph_data
[2026-09-01 06:56:25.724] [info] [[94mHttpSession.cpp[0m:[95m531[0m [96mhandleGetGraphData[0m] Handle Get Graph Data
[2026-09-01 06:56:25.743] [info] [[94mHttpSession.cpp[0m:[95m576[0m [96mhandleGetGraphData[0m] get_graph_data success
[2026-09-01 06:56:25.974] [info] [[94mControllerAndOtherEventHandler.cpp[0m:[95m239[0m [96moperator()[0m] Accepted new connection
[2026-09-01 06:56:25.974] [info] [[94mHttpSession.cpp[0m:[95m96[0m [96mhandleRequest[0m] Got request: GET /ndt/get_graph_data
[2026-09-01 06:56:25.975] [info] [[94mHttpSession.cpp[0m:[95m531[0m [96mhandleGetGraphData[0m] Handle Get Graph Data
[2026-09-01 06:56:25.996] [info] [[94mHttpSession.cpp[0m:[95m576[0m [96mhandleGetGraphData[0m] get_graph_data success
[2026-09-01 06:56:26.224] [info] [[94mControllerAndOtherEventHandler.cpp[0m:[95m239[0m [96moperator()[0m] Accepted new connection
[2026-09-01 06:56:26.224] [info] [[94mHttpSession.cpp[0m:[95m96[0m [96mhandleRequest[0m] Got request: GET /ndt/get_graph_data
[2026-09-01 06:56:26.225] [info] [[94mHttpSession.cpp[0m:[95m531[0m [96mhandleGetGraphData[0m] Handle Get Graph Data
[2026-09-01 06:56:26.245] [info] [[94mHttpSession.cpp[0m:[95m576[0m [96mhandleGetGraphData[0m] get_graph_data success
[2026-09-01 06:56:26.474] [info] [[94mControllerAndOtherEventHandler.cpp[0m:[95m239[0m [96moperator()[0m] Accepted new connection
[2026-09-01 06:56:26.474] [info] [[94mHttpSession.cpp[0m:[95m96[0m [96mhandleRequest[0m] Got request: GET /ndt/get_graph_data
[2026-09-01 06:56:26.474] [info] [[94mHttpSession.cpp[0m:[95m531[0m [96mhandleGetGraphData[0m] Handle Get Graph Data
[2026-09-01 06:56:26.494] [info] [[94mHttpSession.cpp[0m:[95m576[0m [96mhandleGetGraphData[0m] get_graph_data success
[2026-09-01 06:56:26.724] [info] [[94mControllerAndOtherEventHandler.cpp[0m:[95m239[0m [96moperator()[0m] Accepted new connection
[2026-09-01 06:56:26.724] [info] [[94mHttpSession.cpp[0m:[95m96[0m [96mhandleRequest[0m] Got request: GET /ndt/get_graph_data
[2026-09-01 06:56:26.724] [info] [[94mHttpSession.cpp[0m:[95m531[0m [96mhandleGetGraphData[0m] Handle Get Graph Data
[2026-09-01 06:56:26.745] [info] [[94mHttpSession.cpp[0m:[95m576[0m [96mhandleGetGraphData[0m] get_graph_data success
[2026-09-01 06:56:26.974] [info] [[94mControllerAndOtherEventHandler.cpp[0m:[95m239[0m [96moperator()[0m] Accepted new connection
[2026-09-01 06:56:26.975] [info] [[94mHttpSession.cpp[0m:[95m96[0m [96mhandleRequest[0m] Got request: GET /ndt/get_graph_data
[2026-09-01 06:56:26.975] [info] [[94mHttpSession.cpp[0m:[95m531[0m [96mhandleGetGraphData[0m] Handle Get Graph Data
[2026-09-01 06:56:26.993] [info] [[94mHttpSession.cpp[0m:[95m576[0m [96mhandleGetGraphData[0m] get_graph_data success
[2026-09-01 06:56:27.225] [info] [[94mControllerAndOtherEventHandler.cpp[0m:[95m239[0m [96moperator()[0m] Accepted new connection
[2026-09-01 06:56:27.225] [info] [[94mHttpSession.cpp[0m:[95m96[0m [96mhandleRequest[0m] Got request: GET /ndt/get_graph_data
[2026-09-01 06:56:27.225] [info] [[94mHttpSession.cpp[0m:[95m531[0m [96mhandleGetGraphData[0m] Handle Get Graph Data
[2026-09-01 06:56:27.246] [info] [[94mHttpSession.cpp[0m:[95m576[0m [96mhandleGetGraphData[0m] get_graph_data success
[2026-09-01 06:56:27.474] [info] [[94mControllerAndOtherEventHandler.cpp[0m:[95m239[0m [96moperator()[0m] Accepted new connection
[2026-09-01 06:56:27.475] [info] [[94mHttpSession.cpp[0m:[95m96[0m [96mhandleRequest[0m] Got request: GET /ndt/get_graph_data
[2026-09-01 06:56:27.475] [info] [[94mHttpSession.cpp[0m:[95m531[0m [96mhandleGetGraphData[0m] Handle Get Graph Data
[2026-09-01 06:56:27.495] [info] [[94mHttpSession.cpp[0m:[95m576[0m [96mhandleGetGraphData[0m] get_graph_data success
[2026-09-01 06:56:27.724] [info] [[94mControllerAndOtherEventHandler.cpp[0m:[95m239[0m [96moperator()[0m] Accepted new connection
[2026-09-01 06:56:27.724] [info] [[94mHttpSession.cpp[0m:[95m96[0m [96mhandleRequest[0m] Got request: GET /ndt/get_graph_data
[2026-09-01 06:56:27.724] [info] [[94mHttpSession.cpp[0m:[95m531[0m [96mhandleGetGraphData[0m] Handle Get Graph Data
[2026-09-01 06:56:27.737] [info] [[94mHttpSession.cpp[0m:[95m576[0m [96mhandleGetGraphData[0m] get_graph_data success
[2026-09-01 06:56:27.974] [info] [[94mControllerAndOtherEventHandler.cpp[0m:[95m239[0m [96moperator()[0m] Accepted new connection
[2026-09-01 06:56:27.974] [info] [[94mHttpSession.cpp[0m:[95m96[0m [96mhandleRequest[0m] Got request: GET /ndt/get_graph_data
[2026-09-01 06:56:27.974] [info] [[94mHttpSession.cpp[0m:[95m531[0m [96mhandleGetGraphData[0m] Handle Get Graph Data
[2026-09-01 06:56:27.987] [info] [[94mHttpSession.cpp[0m:[95m576[0m [96mhandleGetGraphData[0m] get_graph_data success
[2026-09-01 06:56:28.225] [info] [[94mControllerAndOtherEventHandler.cpp[0m:[95m239[0m [96moperator()[0m] Accepted new connection
[2026-09-01 06:56:28.225] [info] [[94mHttpSession.cpp[0m:[95m96[0m [96mhandleRequest[0m] Got request: GET /ndt/get_graph_data
[2026-09-01 06:56:28.225] [info] [[94mHttpSession.cpp[0m:[95m531[0m [96mhandleGetGraphData[0m] Handle Get Graph Data
[2026-09-01 06:56:28.243] [info] [[94mHttpSession.cpp[0m:[95m576[0m [96mhandleGetGraphData[0m] get_graph_data success
[2026-09-01 06:56:28.474] [info] [[94mControllerAndOtherEventHandler.cpp[0m:[95m239[0m [96moperator()[0m] Accepted new connection
[2026-09-01 06:56:28.474] [info] [[94mHttpSession.cpp[0m:[95m96[0m [96mhandleRequest[0m] Got request: GET /ndt/get_graph_data
[2026-09-01 06:56:28.474] [info] [[94mHttpSession.cpp[0m:[95m531[0m [96mhandleGetGraphData[0m] Handle Get Graph Data
[2026-09-01 06:56:28.492] [info] [[94mHttpSession.cpp[0m:[95m576[0m [96mhandleGetGraphData[0m] get_graph_data success
[2026-09-01 06:56:28.725] [info] [[94mControllerAndOtherEventHandler.cpp[0m:[95m239[0m [96moperator()[0m] Accepted new connection
[2026-09-01 06:56:28.725] [info] [[94mHttpSession.cpp[0m:[95m96[0m [96mhandleRequest[0m] Got request: GET /ndt/get_graph_data
[2026-09-01 06:56:28.725] [info] [[94mHttpSession.cpp[0m:[95m531[0m [96mhandleGetGraphData[0m] Handle Get Graph Data
[2026-09-01 06:56:28.744] [info] [[94mHttpSession.cpp[0m:[95m576[0m [96mhandleGetGraphData[0m] get_graph_data success
[2026-09-01 06:56:28.975] [info] [[94mControllerAndOtherEventHandler.cpp[0m:[95m239[0m [96moperator()[0m] Accepted new connection
[2026-09-01 06:56:28.975] [info] [[94mHttpSession.cpp[0m:[95m96[0m [96mhandleRequest[0m] Got request: GET /ndt/get_graph_data
[2026-09-01 06:56:28.975] [info] [[94mHttpSession.cpp[0m:[95m531[0m [96mhandleGetGraphData[0m] Handle Get Graph Data
[2026-09-01 06:56:28.991] [info] [[94mHttpSession.cpp[0m:[95m576[0m [96mhandleGetGraphData[0m] get_graph_data success
[2026-09-01 06:56:29.225] [info] [[94mControllerAndOtherEventHandler.cpp[0m:[95m239[0m [96moperator()[0m] Accepted new connection
[2026-09-01 06:56:29.225] [info] [[94mHttpSession.cpp[0m:[95m96[0m [96mhandleRequest[0m] Got request: GET /ndt/get_graph_data
[2026-09-01 06:56:29.225] [info] [[94mHttpSession.cpp[0m:[95m531[0m [96mhandleGetGraphData[0m] Handle Get Graph Data
[2026-09-01 06:56:29.239] [info] [[94mHttpSession.cpp[0m:[95m576[0m [96mhandleGetGraphData[0m] get_graph_data success
[2026-09-01 06:56:29.475] [info] [[94mControllerAndOtherEventHandler.cpp[0m:[95m239[0m [96moperator()[0m] Accepted new connection
[2026-09-01 06:56:29.475] [info] [[94mHttpSession.cpp[0m:[95m96[0m [96mhandleRequest[0m] Got request: GET /ndt/get_graph_data
[2026-09-01 06:56:29.475] [info] [[94mHttpSession.cpp[0m:[95m531[0m [96mhandleGetGraphData[0m] Handle Get Graph Data
[2026-09-01 06:56:29.491] [info] [[94mHttpSession.cpp[0m:[95m576[0m [96mhandleGetGraphData[0m] get_graph_data success
[2026-09-01 06:56:29.725] [info] [[94mControllerAndOtherEventHandler.cpp[0m:[95m239[0m [96moperator()[0m] Accepted new connection
[2026-09-01 06:56:29.725] [info] [[94mHttpSession.cpp[0m:[95m96[0m [96mhandleRequest[0m] Got request: GET /ndt/get_graph_data
[2026-09-01 06:56:29.725] [info] [[94mHttpSession.cpp[0m:[95m531[0m [96mhandleGetGraphData[0m] Handle Get Graph Data
[2026-09-01 06:56:29.741] [info] [[94mHttpSession.cpp[0m:[95m576[0m [96mhandleGetGraphData[0m] get_graph_data success
[2026-09-01 06:56:29.975] [info] [[94mControllerAndOtherEventHandler.cpp[0m:[95m239[0m [96moperator()[0m] Accepted new connection
[2026-09-01 06:56:29.975] [info] [[94mHttpSession.cpp[0m:[95m96[0m [96mhandleRequest[0m] Got request: GET /ndt/get_graph_data
[2026-09-01 06:56:29.975] [info] [[94mHttpSession.cpp[0m:[95m531[0m [96mhandleGetGraphData[0m] Handle Get Graph Data
[2026-09-01 06:56:29.995] [info] [[94mHttpSession.cpp[0m:[95m576[0m [96mhandleGetGraphData[0m] get_graph_data success
[2026-09-01 06:56:30.225] [info] [[94mControllerAndOtherEventHandler.cpp[0m:[95m239[0m [96moperator()[0m] Accepted new connection
[2026-09-01 06:56:30.226] [info] [[94mHttpSession.cpp[0m:[95m96[0m [96mhandleRequest[0m] Got request: GET /ndt/get_graph_data
[2026-09-01 06:56:30.226] [info] [[94mHttpSession.cpp[0m:[95m531[0m [96mhandleGetGraphData[0m] Handle Get Graph Data
[2026-09-01 06:56:30.245] [info] [[94mHttpSession.cpp[0m:[95m576[0m [96mhandleGetGraphData[0m] get_graph_data success
[2026-09-01 06:56:30.475] [info] [[94mControllerAndOtherEventHandler.cpp[0m:[95m239[0m [96moperator()[0m] Accepted new connection
[2026-09-01 06:56:30.476] [info] [[94mHttpSession.cpp[0m:[95m96[0m [96mhandleRequest[0m] Got request: GET /ndt/get_graph_data
[2026-09-01 06:56:30.476] [info] [[94mHttpSession.cpp[0m:[95m531[0m [96mhandleGetGraphData[0m] Handle Get Graph Data
[2026-09-01 06:56:30.495] [info] [[94mHttpSession.cpp[0m:[95m576[0m [96mhandleGetGraphData[0m] get_graph_data success
[2026-09-01 06:56:30.725] [info] [[94mControllerAndOtherEventHandler.cpp[0m:[95m239[0m [96moperator()[0m] Accepted new connection
[2026-09-01 06:56:30.725] [info] [[94mHttpSession.cpp[0m:[95m96[0m [96mhandleRequest[0m] Got request: GET /ndt/get_graph_data
[2026-09-01 06:56:30.725] [info] [[94mHttpSession.cpp[0m:[95m531[0m [96mhandleGetGraphData[0m] Handle Get Graph Data
[2026-09-01 06:56:30.745] [info] [[94mHttpSession.cpp[0m:[95m576[0m [96mhandleGetGraphData[0m] get_graph_data success
[2026-09-01 06:56:30.976] [info] [[94mControllerAndOtherEventHandler.cpp[0m:[95m239[0m [96moperator()[0m] Accepted new connection
[2026-09-01 06:56:30.976] [info] [[94mHttpSession.cpp[0m:[95m96[0m [96mhandleRequest[0m] Got request: GET /ndt/get_graph_data
[2026-09-01 06:56:30.976] [info] [[94mHttpSession.cpp[0m:[95m531[0m [96mhandleGetGraphData[0m] Handle Get Graph Data
[2026-09-01 06:56:30.996] [info] [[94mHttpSession.cpp[0m:[95m576[0m [96mhandleGetGraphData[0m] get_graph_data success
[2026-09-01 06:56:31.226] [info] [[94mControllerAndOtherEventHandler.cpp[0m:[95m239[0m [96moperator()[0m] Accepted new connection
[2026-09-01 06:56:31.226] [info] [[94mHttpSession.cpp[0m:[95m96[0m [96mhandleRequest[0m] Got request: GET /ndt/get_graph_data
[2026-09-01 06:56:31.226] [info] [[94mHttpSession.cpp[0m:[95m531[0m [96mhandleGetGraphData[0m] Handle Get Graph Data
[2026-09-01 06:56:31.247] [info] [[94mHttpSession.cpp[0m:[95m576[0m [96mhandleGetGraphData[0m] get_graph_data success
[2026-09-01 06:56:31.476] [info] [[94mControllerAndOtherEventHandler.cpp[0m:[95m239[0m [96moperator()[0m] Accepted new connection
[2026-09-01 06:56:31.476] [info] [[94mHttpSession.cpp[0m:[95m96[0m [96mhandleRequest[0m] Got request: GET /ndt/get_graph_data
[2026-09-01 06:56:31.476] [info] [[94mHttpSession.cpp[0m:[95m531[0m [96mhandleGetGraphData[0m] Handle Get Graph Data
[2026-09-01 06:56:31.491] [info] [[94mHttpSession.cpp[0m:[95m576[0m [96mhandleGetGraphData[0m] get_graph_data success
[2026-09-01 06:56:31.725] [info] [[94mControllerAndOtherEventHandler.cpp[0m:[95m239[0m [96moperator()[0m] Accepted new connection
[2026-09-01 06:56:31.726] [info] [[94mHttpSession.cpp[0m:[95m96[0m [96mhandleRequest[0m] Got request: GET /ndt/get_graph_data
[2026-09-01 06:56:31.726] [info] [[94mHttpSession.cpp[0m:[95m531[0m [96mhandleGetGraphData[0m] Handle Get Graph Data
[2026-09-01 06:56:31.741] [info] [[94mHttpSession.cpp[0m:[95m576[0m [96mhandleGetGraphData[0m] get_graph_data success
[2026-09-01 06:56:31.975] [info] [[94mControllerAndOtherEventHandler.cpp[0m:[95m239[0m [96moperator()[0m] Accepted new connection
[2026-09-01 06:56:31.976] [info] [[94mHttpSession.cpp[0m:[95m96[0m [96mhandleRequest[0m] Got request: GET /ndt/get_graph_data
[2026-09-01 06:56:31.976] [info] [[94mHttpSession.cpp[0m:[95m531[0m [96mhandleGetGraphData[0m] Handle Get Graph Data
[2026-09-01 06:56:31.995] [info] [[94mHttpSession.cpp[0m:[95m576[0m [96mhandleGetGraphData[0m] get_graph_data success
[2026-09-01 06:56:32.225] [info] [[94mControllerAndOtherEventHandler.cpp[0m:[95m239[0m [96moperator()[0m] Accepted new connection
[2026-09-01 06:56:32.226] [info] [[94mHttpSession.cpp[0m:[95m96[0m [96mhandleRequest[0m] Got request: GET /ndt/get_graph_data
[2026-09-01 06:56:32.226] [info] [[94mHttpSession.cpp[0m:[95m531[0m [96mhandleGetGraphData[0m] Handle Get Graph Data
[2026-09-01 06:56:32.241] [info] [[94mHttpSession.cpp[0m:[95m576[0m [96mhandleGetGraphData[0m] get_graph_data success
[2026-09-01 06:56:32.476] [info] [[94mControllerAndOtherEventHandler.cpp[0m:[95m239[0m [96moperator()[0m] Accepted new connection
[2026-09-01 06:56:32.476] [info] [[94mHttpSession.cpp[0m:[95m96[0m [96mhandleRequest[0m] Got request: GET /ndt/get_graph_data
[2026-09-01 06:56:32.476] [info] [[94mHttpSession.cpp[0m:[95m531[0m [96mhandleGetGraphData[0m] Handle Get Graph Data
[2026-09-01 06:56:32.495] [info] [[94mHttpSession.cpp[0m:[95m576[0m [96mhandleGetGraphData[0m] get_graph_data success
[2026-09-01 06:56:32.726] [info] [[94mControllerAndOtherEventHandler.cpp[0m:[95m239[0m [96moperator()[0m] Accepted new connection
[2026-09-01 06:56:32.726] [info] [[94mHttpSession.cpp[0m:[95m96[0m [96mhandleRequest[0m] Got request: GET /ndt/get_graph_data
[2026-09-01 06:56:32.726] [info] [[94mHttpSession.cpp[0m:[95m531[0m [96mhandleGetGraphData[0m] Handle Get Graph Data
[2026-09-01 06:56:32.744] [info] [[94mHttpSession.cpp[0m:[95m576[0m [96mhandleGetGraphData[0m] get_graph_data success
[2026-09-01 06:56:32.976] [info] [[94mControllerAndOtherEventHandler.cpp[0m:[95m239[0m [96moperator()[0m] Accepted new connection
[2026-09-01 06:56:32.976] [info] [[94mHttpSession.cpp[0m:[95m96[0m [96mhandleRequest[0m] Got request: GET /ndt/get_graph_data
[2026-09-01 06:56:32.976] [info] [[94mHttpSession.cpp[0m:[95m531[0m [96mhandleGetGraphData[0m] Handle Get Graph Data
[2026-09-01 06:56:32.995] [info] [[94mHttpSession.cpp[0m:[95m576[0m [96mhandleGetGraphData[0m] get_graph_data success
[2026-09-01 06:56:33.226] [info] [[94mControllerAndOtherEventHandler.cpp[0m:[95m239[0m [96moperator()[0m] Accepted new connection
[2026-09-01 06:56:33.226] [info] [[94mHttpSession.cpp[0m:[95m96[0m [96mhandleRequest[0m] Got request: GET /ndt/get_graph_data
[2026-09-01 06:56:33.227] [info] [[94mHttpSession.cpp[0m:[95m531[0m [96mhandleGetGraphData[0m] Handle Get Graph Data
[2026-09-01 06:56:33.245] [info] [[94mHttpSession.cpp[0m:[95m576[0m [96mhandleGetGraphData[0m] get_graph_data success
[2026-09-01 06:56:33.476] [info] [[94mControllerAndOtherEventHandler.cpp[0m:[95m239[0m [96moperator()[0m] Accepted new connection
[2026-09-01 06:56:33.477] [info] [[94mHttpSession.cpp[0m:[95m96[0m [96mhandleRequest[0m] Got request: GET /ndt/get_graph_data
[2026-09-01 06:56:33.477] [info] [[94mHttpSession.cpp[0m:[95m531[0m [96mhandleGetGraphData[0m] Handle Get Graph Data
[2026-09-01 06:56:33.495] [info] [[94mHttpSession.cpp[0m:[95m576[0m [96mhandleGetGraphData[0m] get_graph_data success
[2026-09-01 06:56:33.727] [info] [[94mControllerAndOtherEventHandler.cpp[0m:[95m239[0m [96moperator()[0m] Accepted new connection
[2026-09-01 06:56:33.727] [info] [[94mHttpSession.cpp[0m:[95m96[0m [96mhandleRequest[0m] Got request: GET /ndt/get_graph_data
[2026-09-01 06:56:33.727] [info] [[94mHttpSession.cpp[0m:[95m531[0m [96mhandleGetGraphData[0m] Handle Get Graph Data
[2026-09-01 06:56:33.743] [info] [[94mHttpSession.cpp[0m:[95m576[0m [96mhandleGetGraphData[0m] get_graph_data success
[2026-09-01 06:56:33.977] [info] [[94mControllerAndOtherEventHandler.cpp[0m:[95m239[0m [96moperator()[0m] Accepted new connection
[2026-09-01 06:56:33.977] [info] [[94mHttpSession.cpp[0m:[95m96[0m [96mhandleRequest[0m] Got request: GET /ndt/get_graph_data
[2026-09-01 06:56:33.977] [info] [[94mHttpSession.cpp[0m:[95m531[0m [96mhandleGetGraphData[0m] Handle Get Graph Data
[2026-09-01 06:56:33.995] [info] [[94mHttpSession.cpp[0m:[95m576[0m [96mhandleGetGraphData[0m] get_graph_data success
[2026-09-01 06:56:34.227] [info] [[94mControllerAndOtherEventHandler.cpp[0m:[95m239[0m [96moperator()[0m] Accepted new connection
[2026-09-01 06:56:34.227] [info] [[94mHttpSession.cpp[0m:[95m96[0m [96mhandleRequest[0m] Got request: GET /ndt/get_graph_data
[2026-09-01 06:56:34.227] [info] [[94mHttpSession.cpp[0m:[95m531[0m [96mhandleGetGraphData[0m] Handle Get Graph Data
[2026-09-01 06:56:34.245] [info] [[94mHttpSession.cpp[0m:[95m576[0m [96mhandleGetGraphData[0m] get_graph_data success
[2026-09-01 06:56:34.477] [info] [[94mControllerAndOtherEventHandler.cpp[0m:[95m239[0m [96moperator()[0m] Accepted new connection
[2026-09-01 06:56:34.477] [info] [[94mHttpSession.cpp[0m:[95m96[0m [96mhandleRequest[0m] Got request: GET /ndt/get_graph_data
[2026-09-01 06:56:34.477] [info] [[94mHttpSession.cpp[0m:[95m531[0m [96mhandleGetGraphData[0m] Handle Get Graph Data
[2026-09-01 06:56:34.496] [info] [[94mHttpSession.cpp[0m:[95m576[0m [96mhandleGetGraphData[0m] get_graph_data success
[2026-09-01 06:56:34.726] [info] [[94mControllerAndOtherEventHandler.cpp[0m:[95m239[0m [96moperator()[0m] Accepted new connection
[2026-09-01 06:56:34.726] [info] [[94mHttpSession.cpp[0m:[95m96[0m [96mhandleRequest[0m] Got request: GET /ndt/get_graph_data
[2026-09-01 06:56:34.726] [info] [[94mHttpSession.cpp[0m:[95m531[0m [96mhandleGetGraphData[0m] Handle Get Graph Data
[2026-09-01 06:56:34.746] [info] [[94mHttpSession.cpp[0m:[95m576[0m [96mhandleGetGraphData[0m] get_graph_data success
[2026-09-01 06:56:34.977] [info] [[94mControllerAndOtherEventHandler.cpp[0m:[95m239[0m [96moperator()[0m] Accepted new connection
[2026-09-01 06:56:34.977] [info] [[94mHttpSession.cpp[0m:[95m96[0m [96mhandleRequest[0m] Got request: GET /ndt/get_graph_data
[2026-09-01 06:56:34.977] [info] [[94mHttpSession.cpp[0m:[95m531[0m [96mhandleGetGraphData[0m] Handle Get Graph Data
[2026-09-01 06:56:34.996] [info] [[94mHttpSession.cpp[0m:[95m576[0m [96mhandleGetGraphData[0m] get_graph_data success
[2026-09-01 06:56:35.227] [info] [[94mControllerAndOtherEventHandler.cpp[0m:[95m239[0m [96moperator()[0m] Accepted new connection
[2026-09-01 06:56:35.227] [info] [[94mHttpSession.cpp[0m:[95m96[0m [96mhandleRequest[0m] Got request: GET /ndt/get_graph_data
[2026-09-01 06:56:35.227] [info] [[94mHttpSession.cpp[0m:[95m531[0m [96mhandleGetGraphData[0m] Handle Get Graph Data
[2026-09-01 06:56:35.248] [info] [[94mHttpSession.cpp[0m:[95m576[0m [96mhandleGetGraphData[0m] get_graph_data success
[2026-09-01 06:56:35.477] [info] [[94mControllerAndOtherEventHandler.cpp[0m:[95m239[0m [96moperator()[0m] Accepted new connection
[2026-09-01 06:56:35.477] [info] [[94mHttpSession.cpp[0m:[95m96[0m [96mhandleRequest[0m] Got request: GET /ndt/get_graph_data
[2026-09-01 06:56:35.477] [info] [[94mHttpSession.cpp[0m:[95m531[0m [96mhandleGetGraphData[0m] Handle Get Graph Data
[2026-09-01 06:56:35.498] [info] [[94mHttpSession.cpp[0m:[95m576[0m [96mhandleGetGraphData[0m] get_graph_data success
[2026-09-01 06:56:35.727] [info] [[94mControllerAndOtherEventHandler.cpp[0m:[95m239[0m [96moperator()[0m] Accepted new connection
[2026-09-01 06:56:35.727] [info] [[94mHttpSession.cpp[0m:[95m96[0m [96mhandleRequest[0m] Got request: GET /ndt/get_graph_data
[2026-09-01 06:56:35.727] [info] [[94mHttpSession.cpp[0m:[95m531[0m [96mhandleGetGraphData[0m] Handle Get Graph Data
[2026-09-01 06:56:35.748] [info] [[94mHttpSession.cpp[0m:[95m576[0m [96mhandleGetGraphData[0m] get_graph_data success
[2026-09-01 06:56:35.977] [info] [[94mControllerAndOtherEventHandler.cpp[0m:[95m239[0m [96moperator()[0m] Accepted new connection
[2026-09-01 06:56:35.978] [info] [[94mHttpSession.cpp[0m:[95m96[0m [96mhandleRequest[0m] Got request: GET /ndt/get_graph_data
[2026-09-01 06:56:35.978] [info] [[94mHttpSession.cpp[0m:[95m531[0m [96mhandleGetGraphData[0m] Handle Get Graph Data
[2026-09-01 06:56:35.998] [info] [[94mHttpSession.cpp[0m:[95m576[0m [96mhandleGetGraphData[0m] get_graph_data success
[2026-09-01 06:56:36.227] [info] [[94mControllerAndOtherEventHandler.cpp[0m:[95m239[0m [96moperator()[0m] Accepted new connection
[2026-09-01 06:56:36.227] [info] [[94mHttpSession.cpp[0m:[95m96[0m [96mhandleRequest[0m] Got request: GET /ndt/get_graph_data
[2026-09-01 06:56:36.227] [info] [[94mHttpSession.cpp[0m:[95m531[0m [96mhandleGetGraphData[0m] Handle Get Graph Data
[2026-09-01 06:56:36.245] [info] [[94mHttpSession.cpp[0m:[95m576[0m [96mhandleGetGraphData[0m] get_graph_data success
[2026-09-01 06:56:36.477] [info] [[94mControllerAndOtherEventHandler.cpp[0m:[95m239[0m [96moperator()[0m] Accepted new connection
[2026-09-01 06:56:36.477] [info] [[94mHttpSession.cpp[0m:[95m96[0m [96mhandleRequest[0m] Got request: GET /ndt/get_graph_data
[2026-09-01 06:56:36.477] [info] [[94mHttpSession.cpp[0m:[95m531[0m [96mhandleGetGraphData[0m] Handle Get Graph Data
[2026-09-01 06:56:36.495] [info] [[94mHttpSession.cpp[0m:[95m576[0m [96mhandleGetGraphData[0m] get_graph_data success
[2026-09-01 06:56:36.727] [info] [[94mControllerAndOtherEventHandler.cpp[0m:[95m239[0m [96moperator()[0m] Accepted new connection
[2026-09-01 06:56:36.727] [info] [[94mHttpSession.cpp[0m:[95m96[0m [96mhandleRequest[0m] Got request: GET /ndt/get_graph_data
[2026-09-01 06:56:36.727] [info] [[94mHttpSession.cpp[0m:[95m531[0m [96mhandleGetGraphData[0m] Handle Get Graph Data
[2026-09-01 06:56:36.742] [info] [[94mHttpSession.cpp[0m:[95m576[0m [96mhandleGetGraphData[0m] get_graph_data success
[2026-09-01 06:56:36.978] [info] [[94mControllerAndOtherEventHandler.cpp[0m:[95m239[0m [96moperator()[0m] Accepted new connection
[2026-09-01 06:56:36.978] [info] [[94mHttpSession.cpp[0m:[95m96[0m [96mhandleRequest[0m] Got request: GET /ndt/get_graph_data
[2026-09-01 06:56:36.978] [info] [[94mHttpSession.cpp[0m:[95m531[0m [96mhandleGetGraphData[0m] Handle Get Graph Data
[2026-09-01 06:56:36.999] [info] [[94mHttpSession.cpp[0m:[95m576[0m [96mhandleGetGraphData[0m] get_graph_data success
[2026-09-01 06:56:37.227] [info] [[94mControllerAndOtherEventHandler.cpp[0m:[95m239[0m [96moperator()[0m] Accepted new connection
[2026-09-01 06:56:37.228] [info] [[94mHttpSession.cpp[0m:[95m96[0m [96mhandleRequest[0m] Got request: GET /ndt/get_graph_data
[2026-09-01 06:56:37.228] [info] [[94mHttpSession.cpp[0m:[95m531[0m [96mhandleGetGraphData[0m] Handle Get Graph Data
[2026-09-01 06:56:37.245] [info] [[94mHttpSession.cpp[0m:[95m576[0m [96mhandleGetGraphData[0m] get_graph_data success
[2026-09-01 06:56:37.305] [info] [[94mFlowLinkUsageCollector.cpp[0m:[95m1807[0m [96mcalAvgFlowSendingRatesPeriodically[0m] rate loop period: last 30 iters mean 1001.5 ms | since start (149 iters) mean 1001.1 ms, min 1000.1, max 1005.5 (flows=1, counters=8) -- the LAST-N figure is the current denominator; the since-start one lags it
[2026-09-01 06:56:37.307] [info] [[94mFlowLinkUsageCollector.cpp[0m:[95m2016[0m [96mcalAvgFlowSendingRatesPeriodically[0m] rate divisor check: measured_interval_s=1.002127 divisor_used_s=1.002127 (ticket Q gate: these must agree to 1%; a negative divisor means no rate has been published yet, which is not a pass)
[2026-09-01 06:56:37.478] [info] [[94mControllerAndOtherEventHandler.cpp[0m:[95m239[0m [96moperator()[0m] Accepted new connection
[2026-09-01 06:56:37.478] [info] [[94mHttpSession.cpp[0m:[95m96[0m [96mhandleRequest[0m] Got request: GET /ndt/get_graph_data
[2026-09-01 06:56:37.478] [info] [[94mHttpSession.cpp[0m:[95m531[0m [96mhandleGetGraphData[0m] Handle Get Graph Data
[2026-09-01 06:56:37.497] [info] [[94mHttpSession.cpp[0m:[95m576[0m [96mhandleGetGraphData[0m] get_graph_data success
[2026-09-01 06:56:37.728] [info] [[94mControllerAndOtherEventHandler.cpp[0m:[95m239[0m [96moperator()[0m] Accepted new connection
[2026-09-01 06:56:37.728] [info] [[94mHttpSession.cpp[0m:[95m96[0m [96mhandleRequest[0m] Got request: GET /ndt/get_graph_data
[2026-09-01 06:56:37.728] [info] [[94mHttpSession.cpp[0m:[95m531[0m [96mhandleGetGraphData[0m] Handle Get Graph Data
[2026-09-01 06:56:37.744] [info] [[94mHttpSession.cpp[0m:[95m576[0m [96mhandleGetGraphData[0m] get_graph_data success
[2026-09-01 06:56:37.978] [info] [[94mControllerAndOtherEventHandler.cpp[0m:[95m239[0m [96moperator()[0m] Accepted new connection
[2026-09-01 06:56:37.978] [info] [[94mHttpSession.cpp[0m:[95m96[0m [96mhandleRequest[0m] Got request: GET /ndt/get_graph_data
[2026-09-01 06:56:37.978] [info] [[94mHttpSession.cpp[0m:[95m531[0m [96mhandleGetGraphData[0m] Handle Get Graph Data
[2026-09-01 06:56:37.997] [info] [[94mHttpSession.cpp[0m:[95m576[0m [96mhandleGetGraphData[0m] get_graph_data success
[2026-09-01 06:56:38.227] [info] [[94mControllerAndOtherEventHandler.cpp[0m:[95m239[0m [96moperator()[0m] Accepted new connection
[2026-09-01 06:56:38.228] [info] [[94mHttpSession.cpp[0m:[95m96[0m [96mhandleRequest[0m] Got request: GET /ndt/get_graph_data
[2026-09-01 06:56:38.228] [info] [[94mHttpSession.cpp[0m:[95m531[0m [96mhandleGetGraphData[0m] Handle Get Graph Data
[2026-09-01 06:56:38.241] [info] [[94mHttpSession.cpp[0m:[95m576[0m [96mhandleGetGraphData[0m] get_graph_data success
[2026-09-01 06:56:38.477] [info] [[94mControllerAndOtherEventHandler.cpp[0m:[95m239[0m [96moperator()[0m] Accepted new connection
[2026-09-01 06:56:38.478] [info] [[94mHttpSession.cpp[0m:[95m96[0m [96mhandleRequest[0m] Got request: GET /ndt/get_graph_data
[2026-09-01 06:56:38.478] [info] [[94mHttpSession.cpp[0m:[95m531[0m [96mhandleGetGraphData[0m] Handle Get Graph Data
[2026-09-01 06:56:38.495] [info] [[94mHttpSession.cpp[0m:[95m576[0m [96mhandleGetGraphData[0m] get_graph_data success
[2026-09-01 06:56:38.728] [info] [[94mControllerAndOtherEventHandler.cpp[0m:[95m239[0m [96moperator()[0m] Accepted new connection
[2026-09-01 06:56:38.728] [info] [[94mHttpSession.cpp[0m:[95m96[0m [96mhandleRequest[0m] Got request: GET /ndt/get_graph_data
[2026-09-01 06:56:38.728] [info] [[94mHttpSession.cpp[0m:[95m531[0m [96mhandleGetGraphData[0m] Handle Get Graph Data
[2026-09-01 06:56:38.743] [info] [[94mHttpSession.cpp[0m:[95m576[0m [96mhandleGetGraphData[0m] get_graph_data success
[2026-09-01 06:56:38.978] [info] [[94mControllerAndOtherEventHandler.cpp[0m:[95m239[0m [96moperator()[0m] Accepted new connection
[2026-09-01 06:56:38.978] [info] [[94mHttpSession.cpp[0m:[95m96[0m [96mhandleRequest[0m] Got request: GET /ndt/get_graph_data
[2026-09-01 06:56:38.978] [info] [[94mHttpSession.cpp[0m:[95m531[0m [96mhandleGetGraphData[0m] Handle Get Graph Data
[2026-09-01 06:56:38.994] [info] [[94mHttpSession.cpp[0m:[95m576[0m [96mhandleGetGraphData[0m] get_graph_data success
[2026-09-01 06:56:39.229] [info] [[94mControllerAndOtherEventHandler.cpp[0m:[95m239[0m [96moperator()[0m] Accepted new connection
[2026-09-01 06:56:39.229] [info] [[94mHttpSession.cpp[0m:[95m96[0m [96mhandleRequest[0m] Got request: GET /ndt/get_graph_data
[2026-09-01 06:56:39.229] [info] [[94mHttpSession.cpp[0m:[95m531[0m [96mhandleGetGraphData[0m] Handle Get Graph Data
[2026-09-01 06:56:39.244] [info] [[94mHttpSession.cpp[0m:[95m576[0m [96mhandleGetGraphData[0m] get_graph_data success
[2026-09-01 06:56:39.479] [info] [[94mControllerAndOtherEventHandler.cpp[0m:[95m239[0m [96moperator()[0m] Accepted new connection
[2026-09-01 06:56:39.479] [info] [[94mHttpSession.cpp[0m:[95m96[0m [96mhandleRequest[0m] Got request: GET /ndt/get_graph_data
[2026-09-01 06:56:39.479] [info] [[94mHttpSession.cpp[0m:[95m531[0m [96mhandleGetGraphData[0m] Handle Get Graph Data
[2026-09-01 06:56:39.494] [info] [[94mHttpSession.cpp[0m:[95m576[0m [96mhandleGetGraphData[0m] get_graph_data success
[2026-09-01 06:56:39.728] [info] [[94mControllerAndOtherEventHandler.cpp[0m:[95m239[0m [96moperator()[0m] Accepted new connection
[2026-09-01 06:56:39.728] [info] [[94mHttpSession.cpp[0m:[95m96[0m [96mhandleRequest[0m] Got request: GET /ndt/get_graph_data
[2026-09-01 06:56:39.728] [info] [[94mHttpSession.cpp[0m:[95m531[0m [96mhandleGetGraphData[0m] Handle Get Graph Data
[2026-09-01 06:56:39.744] [info] [[94mHttpSession.cpp[0m:[95m576[0m [96mhandleGetGraphData[0m] get_graph_data success
[2026-09-01 06:56:39.979] [info] [[94mControllerAndOtherEventHandler.cpp[0m:[95m239[0m [96moperator()[0m] Accepted new connection
[2026-09-01 06:56:39.979] [info] [[94mHttpSession.cpp[0m:[95m96[0m [96mhandleRequest[0m] Got request: GET /ndt/get_graph_data
[2026-09-01 06:56:39.979] [info] [[94mHttpSession.cpp[0m:[95m531[0m [96mhandleGetGraphData[0m] Handle Get Graph Data
[2026-09-01 06:56:39.997] [info] [[94mHttpSession.cpp[0m:[95m576[0m [96mhandleGetGraphData[0m] get_graph_data success
[2026-09-01 06:56:40.229] [info] [[94mControllerAndOtherEventHandler.cpp[0m:[95m239[0m [96moperator()[0m] Accepted new connection
[2026-09-01 06:56:40.229] [info] [[94mHttpSession.cpp[0m:[95m96[0m [96mhandleRequest[0m] Got request: GET /ndt/get_graph_data
[2026-09-01 06:56:40.229] [info] [[94mHttpSession.cpp[0m:[95m531[0m [96mhandleGetGraphData[0m] Handle Get Graph Data
[2026-09-01 06:56:40.249] [info] [[94mHttpSession.cpp[0m:[95m576[0m [96mhandleGetGraphData[0m] get_graph_data success
[2026-09-01 06:56:40.479] [info] [[94mControllerAndOtherEventHandler.cpp[0m:[95m239[0m [96moperator()[0m] Accepted new connection
[2026-09-01 06:56:40.479] [info] [[94mHttpSession.cpp[0m:[95m96[0m [96mhandleRequest[0m] Got request: GET /ndt/get_graph_data
[2026-09-01 06:56:40.479] [info] [[94mHttpSession.cpp[0m:[95m531[0m [96mhandleGetGraphData[0m] Handle Get Graph Data
[2026-09-01 06:56:40.493] [info] [[94mHttpSession.cpp[0m:[95m576[0m [96mhandleGetGraphData[0m] get_graph_data success
[2026-09-01 06:56:40.728] [info] [[94mControllerAndOtherEventHandler.cpp[0m:[95m239[0m [96moperator()[0m] Accepted new connection
[2026-09-01 06:56:40.728] [info] [[94mHttpSession.cpp[0m:[95m96[0m [96mhandleRequest[0m] Got request: GET /ndt/get_graph_data
[2026-09-01 06:56:40.728] [info] [[94mHttpSession.cpp[0m:[95m531[0m [96mhandleGetGraphData[0m] Handle Get Graph Data
[2026-09-01 06:56:40.747] [info] [[94mHttpSession.cpp[0m:[95m576[0m [96mhandleGetGraphData[0m] get_graph_data success
[2026-09-01 06:56:40.979] [info] [[94mControllerAndOtherEventHandler.cpp[0m:[95m239[0m [96moperator()[0m] Accepted new connection
[2026-09-01 06:56:40.979] [info] [[94mHttpSession.cpp[0m:[95m96[0m [96mhandleRequest[0m] Got request: GET /ndt/get_graph_data
[2026-09-01 06:56:40.979] [info] [[94mHttpSession.cpp[0m:[95m531[0m [96mhandleGetGraphData[0m] Handle Get Graph Data
[2026-09-01 06:56:40.999] [info] [[94mHttpSession.cpp[0m:[95m576[0m [96mhandleGetGraphData[0m] get_graph_data success
[2026-09-01 06:56:41.229] [info] [[94mControllerAndOtherEventHandler.cpp[0m:[95m239[0m [96moperator()[0m] Accepted new connection
[2026-09-01 06:56:41.229] [info] [[94mHttpSession.cpp[0m:[95m96[0m [96mhandleRequest[0m] Got request: GET /ndt/get_graph_data
[2026-09-01 06:56:41.229] [info] [[94mHttpSession.cpp[0m:[95m531[0m [96mhandleGetGraphData[0m] Handle Get Graph Data
[2026-09-01 06:56:41.244] [info] [[94mHttpSession.cpp[0m:[95m576[0m [96mhandleGetGraphData[0m] get_graph_data success
[2026-09-01 06:56:41.479] [info] [[94mControllerAndOtherEventHandler.cpp[0m:[95m239[0m [96moperator()[0m] Accepted new connection
[2026-09-01 06:56:41.479] [info] [[94mHttpSession.cpp[0m:[95m96[0m [96mhandleRequest[0m] Got request: GET /ndt/get_graph_data
[2026-09-01 06:56:41.479] [info] [[94mHttpSession.cpp[0m:[95m531[0m [96mhandleGetGraphData[0m] Handle Get Graph Data
[2026-09-01 06:56:41.493] [info] [[94mHttpSession.cpp[0m:[95m576[0m [96mhandleGetGraphData[0m] get_graph_data success
[2026-09-01 06:56:41.728] [info] [[94mControllerAndOtherEventHandler.cpp[0m:[95m239[0m [96moperator()[0m] Accepted new connection
[2026-09-01 06:56:41.729] [info] [[94mHttpSession.cpp[0m:[95m96[0m [96mhandleRequest[0m] Got request: GET /ndt/get_graph_data
[2026-09-01 06:56:41.729] [info] [[94mHttpSession.cpp[0m:[95m531[0m [96mhandleGetGraphData[0m] Handle Get Graph Data
[2026-09-01 06:56:41.743] [info] [[94mHttpSession.cpp[0m:[95m576[0m [96mhandleGetGraphData[0m] get_graph_data success
[2026-09-01 06:56:41.979] [info] [[94mControllerAndOtherEventHandler.cpp[0m:[95m239[0m [96moperator()[0m] Accepted new connection
[2026-09-01 06:56:41.979] [info] [[94mHttpSession.cpp[0m:[95m96[0m [96mhandleRequest[0m] Got request: GET /ndt/get_graph_data
[2026-09-01 06:56:41.979] [info] [[94mHttpSession.cpp[0m:[95m531[0m [96mhandleGetGraphData[0m] Handle Get Graph Data
[2026-09-01 06:56:41.991] [info] [[94mHttpSession.cpp[0m:[95m576[0m [96mhandleGetGraphData[0m] get_graph_data success
[2026-09-01 06:56:42.229] [info] [[94mControllerAndOtherEventHandler.cpp[0m:[95m239[0m [96moperator()[0m] Accepted new connection
[2026-09-01 06:56:42.229] [info] [[94mHttpSession.cpp[0m:[95m96[0m [96mhandleRequest[0m] Got request: GET /ndt/get_graph_data
[2026-09-01 06:56:42.229] [info] [[94mHttpSession.cpp[0m:[95m531[0m [96mhandleGetGraphData[0m] Handle Get Graph Data
[2026-09-01 06:56:42.247] [info] [[94mHttpSession.cpp[0m:[95m576[0m [96mhandleGetGraphData[0m] get_graph_data success
[2026-09-01 06:56:42.479] [info] [[94mControllerAndOtherEventHandler.cpp[0m:[95m239[0m [96moperator()[0m] Accepted new connection
[2026-09-01 06:56:42.479] [info] [[94mHttpSession.cpp[0m:[95m96[0m [96mhandleRequest[0m] Got request: GET /ndt/get_graph_data
[2026-09-01 06:56:42.479] [info] [[94mHttpSession.cpp[0m:[95m531[0m [96mhandleGetGraphData[0m] Handle Get Graph Data
[2026-09-01 06:56:42.498] [info] [[94mHttpSession.cpp[0m:[95m576[0m [96mhandleGetGraphData[0m] get_graph_data success
[2026-09-01 06:56:42.728] [info] [[94mControllerAndOtherEventHandler.cpp[0m:[95m239[0m [96moperator()[0m] Accepted new connection
[2026-09-01 06:56:42.729] [info] [[94mHttpSession.cpp[0m:[95m96[0m [96mhandleRequest[0m] Got request: GET /ndt/get_graph_data
[2026-09-01 06:56:42.729] [info] [[94mHttpSession.cpp[0m:[95m531[0m [96mhandleGetGraphData[0m] Handle Get Graph Data
[2026-09-01 06:56:42.747] [info] [[94mHttpSession.cpp[0m:[95m576[0m [96mhandleGetGraphData[0m] get_graph_data success
[2026-09-01 06:56:42.980] [info] [[94mControllerAndOtherEventHandler.cpp[0m:[95m239[0m [96moperator()[0m] Accepted new connection
[2026-09-01 06:56:42.980] [info] [[94mHttpSession.cpp[0m:[95m96[0m [96mhandleRequest[0m] Got request: GET /ndt/get_graph_data
[2026-09-01 06:56:42.980] [info] [[94mHttpSession.cpp[0m:[95m531[0m [96mhandleGetGraphData[0m] Handle Get Graph Data
[2026-09-01 06:56:43.000] [info] [[94mHttpSession.cpp[0m:[95m576[0m [96mhandleGetGraphData[0m] get_graph_data success
[2026-09-01 06:56:43.229] [info] [[94mControllerAndOtherEventHandler.cpp[0m:[95m239[0m [96moperator()[0m] Accepted new connection
[2026-09-01 06:56:43.229] [info] [[94mHttpSession.cpp[0m:[95m96[0m [96mhandleRequest[0m] Got request: GET /ndt/get_graph_data
[2026-09-01 06:56:43.229] [info] [[94mHttpSession.cpp[0m:[95m531[0m [96mhandleGetGraphData[0m] Handle Get Graph Data
[2026-09-01 06:56:43.244] [info] [[94mHttpSession.cpp[0m:[95m576[0m [96mhandleGetGraphData[0m] get_graph_data success
[2026-09-01 06:56:43.480] [info] [[94mControllerAndOtherEventHandler.cpp[0m:[95m239[0m [96moperator()[0m] Accepted new connection
[2026-09-01 06:56:43.480] [info] [[94mHttpSession.cpp[0m:[95m96[0m [96mhandleRequest[0m] Got request: GET /ndt/get_graph_data
[2026-09-01 06:56:43.480] [info] [[94mHttpSession.cpp[0m:[95m531[0m [96mhandleGetGraphData[0m] Handle Get Graph Data
[2026-09-01 06:56:43.499] [info] [[94mHttpSession.cpp[0m:[95m576[0m [96mhandleGetGraphData[0m] get_graph_data success
[2026-09-01 06:56:43.730] [info] [[94mControllerAndOtherEventHandler.cpp[0m:[95m239[0m [96moperator()[0m] Accepted new connection
[2026-09-01 06:56:43.730] [info] [[94mHttpSession.cpp[0m:[95m96[0m [96mhandleRequest[0m] Got request: GET /ndt/get_graph_data
[2026-09-01 06:56:43.730] [info] [[94mHttpSession.cpp[0m:[95m531[0m [96mhandleGetGraphData[0m] Handle Get Graph Data
[2026-09-01 06:56:43.748] [info] [[94mHttpSession.cpp[0m:[95m576[0m [96mhandleGetGraphData[0m] get_graph_data success
[2026-09-01 06:56:43.979] [info] [[94mControllerAndOtherEventHandler.cpp[0m:[95m239[0m [96moperator()[0m] Accepted new connection
[2026-09-01 06:56:43.979] [info] [[94mHttpSession.cpp[0m:[95m96[0m [96mhandleRequest[0m] Got request: GET /ndt/get_graph_data
[2026-09-01 06:56:43.980] [info] [[94mHttpSession.cpp[0m:[95m531[0m [96mhandleGetGraphData[0m] Handle Get Graph Data
[2026-09-01 06:56:43.998] [info] [[94mHttpSession.cpp[0m:[95m576[0m [96mhandleGetGraphData[0m] get_graph_data success
[2026-09-01 06:56:44.230] [info] [[94mControllerAndOtherEventHandler.cpp[0m:[95m239[0m [96moperator()[0m] Accepted new connection
[2026-09-01 06:56:44.230] [info] [[94mHttpSession.cpp[0m:[95m96[0m [96mhandleRequest[0m] Got request: GET /ndt/get_graph_data
[2026-09-01 06:56:44.230] [info] [[94mHttpSession.cpp[0m:[95m531[0m [96mhandleGetGraphData[0m] Handle Get Graph Data
[2026-09-01 06:56:44.249] [info] [[94mHttpSession.cpp[0m:[95m576[0m [96mhandleGetGraphData[0m] get_graph_data success
[2026-09-01 06:56:44.479] [info] [[94mControllerAndOtherEventHandler.cpp[0m:[95m239[0m [96moperator()[0m] Accepted new connection
[2026-09-01 06:56:44.479] [info] [[94mHttpSession.cpp[0m:[95m96[0m [96mhandleRequest[0m] Got request: GET /ndt/get_graph_data
[2026-09-01 06:56:44.479] [info] [[94mHttpSession.cpp[0m:[95m531[0m [96mhandleGetGraphData[0m] Handle Get Graph Data
[2026-09-01 06:56:44.498] [info] [[94mHttpSession.cpp[0m:[95m576[0m [96mhandleGetGraphData[0m] get_graph_data success
[2026-09-01 06:56:44.729] [info] [[94mControllerAndOtherEventHandler.cpp[0m:[95m239[0m [96moperator()[0m] Accepted new connection
[2026-09-01 06:56:44.730] [info] [[94mHttpSession.cpp[0m:[95m96[0m [96mhandleRequest[0m] Got request: GET /ndt/get_graph_data
[2026-09-01 06:56:44.730] [info] [[94mHttpSession.cpp[0m:[95m531[0m [96mhandleGetGraphData[0m] Handle Get Graph Data
[2026-09-01 06:56:44.744] [info] [[94mHttpSession.cpp[0m:[95m576[0m [96mhandleGetGraphData[0m] get_graph_data success
[2026-09-01 06:56:44.979] [info] [[94mControllerAndOtherEventHandler.cpp[0m:[95m239[0m [96moperator()[0m] Accepted new connection
[2026-09-01 06:56:44.980] [info] [[94mHttpSession.cpp[0m:[95m96[0m [96mhandleRequest[0m] Got request: GET /ndt/get_graph_data
[2026-09-01 06:56:44.980] [info] [[94mHttpSession.cpp[0m:[95m531[0m [96mhandleGetGraphData[0m] Handle Get Graph Data
[2026-09-01 06:56:44.999] [info] [[94mHttpSession.cpp[0m:[95m576[0m [96mhandleGetGraphData[0m] get_graph_data success
[2026-09-01 06:56:45.230] [info] [[94mControllerAndOtherEventHandler.cpp[0m:[95m239[0m [96moperator()[0m] Accepted new connection
[2026-09-01 06:56:45.230] [info] [[94mHttpSession.cpp[0m:[95m96[0m [96mhandleRequest[0m] Got request: GET /ndt/get_graph_data
[2026-09-01 06:56:45.230] [info] [[94mHttpSession.cpp[0m:[95m531[0m [96mhandleGetGraphData[0m] Handle Get Graph Data
[2026-09-01 06:56:45.246] [info] [[94mHttpSession.cpp[0m:[95m576[0m [96mhandleGetGraphData[0m] get_graph_data success
[2026-09-01 06:56:45.480] [info] [[94mControllerAndOtherEventHandler.cpp[0m:[95m239[0m [96moperator()[0m] Accepted new connection
[2026-09-01 06:56:45.480] [info] [[94mHttpSession.cpp[0m:[95m96[0m [96mhandleRequest[0m] Got request: GET /ndt/get_graph_data
[2026-09-01 06:56:45.481] [info] [[94mHttpSession.cpp[0m:[95m531[0m [96mhandleGetGraphData[0m] Handle Get Graph Data
[2026-09-01 06:56:45.498] [info] [[94mHttpSession.cpp[0m:[95m576[0m [96mhandleGetGraphData[0m] get_graph_data success
[2026-09-01 06:56:45.730] [info] [[94mControllerAndOtherEventHandler.cpp[0m:[95m239[0m [96moperator()[0m] Accepted new connection
[2026-09-01 06:56:45.731] [info] [[94mHttpSession.cpp[0m:[95m96[0m [96mhandleRequest[0m] Got request: GET /ndt/get_graph_data
[2026-09-01 06:56:45.731] [info] [[94mHttpSession.cpp[0m:[95m531[0m [96mhandleGetGraphData[0m] Handle Get Graph Data
[2026-09-01 06:56:45.751] [info] [[94mHttpSession.cpp[0m:[95m576[0m [96mhandleGetGraphData[0m] get_graph_data success
[2026-09-01 06:56:45.980] [info] [[94mControllerAndOtherEventHandler.cpp[0m:[95m239[0m [96moperator()[0m] Accepted new connection
[2026-09-01 06:56:45.980] [info] [[94mHttpSession.cpp[0m:[95m96[0m [96mhandleRequest[0m] Got request: GET /ndt/get_graph_data
[2026-09-01 06:56:45.980] [info] [[94mHttpSession.cpp[0m:[95m531[0m [96mhandleGetGraphData[0m] Handle Get Graph Data
[2026-09-01 06:56:45.994] [info] [[94mHttpSession.cpp[0m:[95m576[0m [96mhandleGetGraphData[0m] get_graph_data success
[2026-09-01 06:56:46.230] [info] [[94mControllerAndOtherEventHandler.cpp[0m:[95m239[0m [96moperator()[0m] Accepted new connection
[2026-09-01 06:56:46.231] [info] [[94mHttpSession.cpp[0m:[95m96[0m [96mhandleRequest[0m] Got request: GET /ndt/get_graph_data
[2026-09-01 06:56:46.231] [info] [[94mHttpSession.cpp[0m:[95m531[0m [96mhandleGetGraphData[0m] Handle Get Graph Data
[2026-09-01 06:56:46.250] [info] [[94mHttpSession.cpp[0m:[95m576[0m [96mhandleGetGraphData[0m] get_graph_data success
[2026-09-01 06:56:46.481] [info] [[94mControllerAndOtherEventHandler.cpp[0m:[95m239[0m [96moperator()[0m] Accepted new connection
[2026-09-01 06:56:46.481] [info] [[94mHttpSession.cpp[0m:[95m96[0m [96mhandleRequest[0m] Got request: GET /ndt/get_graph_data
[2026-09-01 06:56:46.481] [info] [[94mHttpSession.cpp[0m:[95m531[0m [96mhandleGetGraphData[0m] Handle Get Graph Data
[2026-09-01 06:56:46.498] [info] [[94mHttpSession.cpp[0m:[95m576[0m [96mhandleGetGraphData[0m] get_graph_data success
[2026-09-01 06:56:46.730] [info] [[94mControllerAndOtherEventHandler.cpp[0m:[95m239[0m [96moperator()[0m] Accepted new connection
[2026-09-01 06:56:46.730] [info] [[94mHttpSession.cpp[0m:[95m96[0m [96mhandleRequest[0m] Got request: GET /ndt/get_graph_data
[2026-09-01 06:56:46.730] [info] [[94mHttpSession.cpp[0m:[95m531[0m [96mhandleGetGraphData[0m] Handle Get Graph Data
[2026-09-01 06:56:46.752] [info] [[94mHttpSession.cpp[0m:[95m576[0m [96mhandleGetGraphData[0m] get_graph_data success
[2026-09-01 06:56:46.980] [info] [[94mControllerAndOtherEventHandler.cpp[0m:[95m239[0m [96moperator()[0m] Accepted new connection
[2026-09-01 06:56:46.981] [info] [[94mHttpSession.cpp[0m:[95m96[0m [96mhandleRequest[0m] Got request: GET /ndt/get_graph_data
[2026-09-01 06:56:46.981] [info] [[94mHttpSession.cpp[0m:[95m531[0m [96mhandleGetGraphData[0m] Handle Get Graph Data
[2026-09-01 06:56:47.001] [info] [[94mHttpSession.cpp[0m:[95m576[0m [96mhandleGetGraphData[0m] get_graph_data success
[2026-09-01 06:56:47.231] [info] [[94mControllerAndOtherEventHandler.cpp[0m:[95m239[0m [96moperator()[0m] Accepted new connection
[2026-09-01 06:56:47.231] [info] [[94mHttpSession.cpp[0m:[95m96[0m [96mhandleRequest[0m] Got request: GET /ndt/get_graph_data
[2026-09-01 06:56:47.231] [info] [[94mHttpSession.cpp[0m:[95m531[0m [96mhandleGetGraphData[0m] Handle Get Graph Data
[2026-09-01 06:56:47.252] [info] [[94mHttpSession.cpp[0m:[95m576[0m [96mhandleGetGraphData[0m] get_graph_data success
[2026-09-01 06:56:47.480] [info] [[94mControllerAndOtherEventHandler.cpp[0m:[95m239[0m [96moperator()[0m] Accepted new connection
[2026-09-01 06:56:47.480] [info] [[94mHttpSession.cpp[0m:[95m96[0m [96mhandleRequest[0m] Got request: GET /ndt/get_graph_data
[2026-09-01 06:56:47.480] [info] [[94mHttpSession.cpp[0m:[95m531[0m [96mhandleGetGraphData[0m] Handle Get Graph Data
[2026-09-01 06:56:47.494] [info] [[94mHttpSession.cpp[0m:[95m576[0m [96mhandleGetGraphData[0m] get_graph_data success
[2026-09-01 06:56:47.730] [info] [[94mControllerAndOtherEventHandler.cpp[0m:[95m239[0m [96moperator()[0m] Accepted new connection
[2026-09-01 06:56:47.730] [info] [[94mHttpSession.cpp[0m:[95m96[0m [96mhandleRequest[0m] Got request: GET /ndt/get_graph_data
[2026-09-01 06:56:47.730] [info] [[94mHttpSession.cpp[0m:[95m531[0m [96mhandleGetGraphData[0m] Handle Get Graph Data
[2026-09-01 06:56:47.742] [info] [[94mHttpSession.cpp[0m:[95m576[0m [96mhandleGetGraphData[0m] get_graph_data success
[2026-09-01 06:56:47.981] [info] [[94mControllerAndOtherEventHandler.cpp[0m:[95m239[0m [96moperator()[0m] Accepted new connection
[2026-09-01 06:56:47.981] [info] [[94mHttpSession.cpp[0m:[95m96[0m [96mhandleRequest[0m] Got request: GET /ndt/get_graph_data
[2026-09-01 06:56:47.981] [info] [[94mHttpSession.cpp[0m:[95m531[0m [96mhandleGetGraphData[0m] Handle Get Graph Data
[2026-09-01 06:56:47.992] [info] [[94mHttpSession.cpp[0m:[95m576[0m [96mhandleGetGraphData[0m] get_graph_data success
[2026-09-01 06:56:48.231] [info] [[94mControllerAndOtherEventHandler.cpp[0m:[95m239[0m [96moperator()[0m] Accepted new connection
[2026-09-01 06:56:48.231] [info] [[94mHttpSession.cpp[0m:[95m96[0m [96mhandleRequest[0m] Got request: GET /ndt/get_graph_data
[2026-09-01 06:56:48.231] [info] [[94mHttpSession.cpp[0m:[95m531[0m [96mhandleGetGraphData[0m] Handle Get Graph Data
[2026-09-01 06:56:48.243] [info] [[94mHttpSession.cpp[0m:[95m576[0m [96mhandleGetGraphData[0m] get_graph_data success
[2026-09-01 06:56:48.481] [info] [[94mControllerAndOtherEventHandler.cpp[0m:[95m239[0m [96moperator()[0m] Accepted new connection
[2026-09-01 06:56:48.481] [info] [[94mHttpSession.cpp[0m:[95m96[0m [96mhandleRequest[0m] Got request: GET /ndt/get_graph_data
[2026-09-01 06:56:48.481] [info] [[94mHttpSession.cpp[0m:[95m531[0m [96mhandleGetGraphData[0m] Handle Get Graph Data
[2026-09-01 06:56:48.492] [info] [[94mHttpSession.cpp[0m:[95m576[0m [96mhandleGetGraphData[0m] get_graph_data success
[2026-09-01 06:56:48.731] [info] [[94mControllerAndOtherEventHandler.cpp[0m:[95m239[0m [96moperator()[0m] Accepted new connection
[2026-09-01 06:56:48.731] [info] [[94mHttpSession.cpp[0m:[95m96[0m [96mhandleRequest[0m] Got request: GET /ndt/get_graph_data
[2026-09-01 06:56:48.731] [info] [[94mHttpSession.cpp[0m:[95m531[0m [96mhandleGetGraphData[0m] Handle Get Graph Data
[2026-09-01 06:56:48.749] [info] [[94mHttpSession.cpp[0m:[95m576[0m [96mhandleGetGraphData[0m] get_graph_data success
[2026-09-01 06:56:48.981] [info] [[94mControllerAndOtherEventHandler.cpp[0m:[95m239[0m [96moperator()[0m] Accepted new connection
[2026-09-01 06:56:48.982] [info] [[94mHttpSession.cpp[0m:[95m96[0m [96mhandleRequest[0m] Got request: GET /ndt/get_graph_data
[2026-09-01 06:56:48.982] [info] [[94mHttpSession.cpp[0m:[95m531[0m [96mhandleGetGraphData[0m] Handle Get Graph Data
[2026-09-01 06:56:49.001] [info] [[94mHttpSession.cpp[0m:[95m576[0m [96mhandleGetGraphData[0m] get_graph_data success
[2026-09-01 06:56:49.231] [info] [[94mControllerAndOtherEventHandler.cpp[0m:[95m239[0m [96moperator()[0m] Accepted new connection
[2026-09-01 06:56:49.231] [info] [[94mHttpSession.cpp[0m:[95m96[0m [96mhandleRequest[0m] Got request: GET /ndt/get_graph_data
[2026-09-01 06:56:49.231] [info] [[94mHttpSession.cpp[0m:[95m531[0m [96mhandleGetGraphData[0m] Handle Get Graph Data
[2026-09-01 06:56:49.246] [info] [[94mHttpSession.cpp[0m:[95m576[0m [96mhandleGetGraphData[0m] get_graph_data success
[2026-09-01 06:56:49.481] [info] [[94mControllerAndOtherEventHandler.cpp[0m:[95m239[0m [96moperator()[0m] Accepted new connection
[2026-09-01 06:56:49.481] [info] [[94mHttpSession.cpp[0m:[95m96[0m [96mhandleRequest[0m] Got request: GET /ndt/get_graph_data
[2026-09-01 06:56:49.481] [info] [[94mHttpSession.cpp[0m:[95m531[0m [96mhandleGetGraphData[0m] Handle Get Graph Data
[2026-09-01 06:56:49.497] [info] [[94mHttpSession.cpp[0m:[95m576[0m [96mhandleGetGraphData[0m] get_graph_data success
[2026-09-01 06:56:49.731] [info] [[94mControllerAndOtherEventHandler.cpp[0m:[95m239[0m [96moperator()[0m] Accepted new connection
[2026-09-01 06:56:49.731] [info] [[94mHttpSession.cpp[0m:[95m96[0m [96mhandleRequest[0m] Got request: GET /ndt/get_graph_data
[2026-09-01 06:56:49.731] [info] [[94mHttpSession.cpp[0m:[95m531[0m [96mhandleGetGraphData[0m] Handle Get Graph Data
[2026-09-01 06:56:49.753] [info] [[94mHttpSession.cpp[0m:[95m576[0m [96mhandleGetGraphData[0m] get_graph_data success
[2026-09-01 06:56:49.982] [info] [[94mControllerAndOtherEventHandler.cpp[0m:[95m239[0m [96moperator()[0m] Accepted new connection
[2026-09-01 06:56:49.982] [info] [[94mHttpSession.cpp[0m:[95m96[0m [96mhandleRequest[0m] Got request: GET /ndt/get_graph_data
[2026-09-01 06:56:49.982] [info] [[94mHttpSession.cpp[0m:[95m531[0m [96mhandleGetGraphData[0m] Handle Get Graph Data
[2026-09-01 06:56:49.999] [info] [[94mHttpSession.cpp[0m:[95m576[0m [96mhandleGetGraphData[0m] get_graph_data success
[2026-09-01 06:56:50.232] [info] [[94mControllerAndOtherEventHandler.cpp[0m:[95m239[0m [96moperator()[0m] Accepted new connection
[2026-09-01 06:56:50.232] [info] [[94mHttpSession.cpp[0m:[95m96[0m [96mhandleRequest[0m] Got request: GET /ndt/get_graph_data
[2026-09-01 06:56:50.232] [info] [[94mHttpSession.cpp[0m:[95m531[0m [96mhandleGetGraphData[0m] Handle Get Graph Data
[2026-09-01 06:56:50.251] [info] [[94mHttpSession.cpp[0m:[95m576[0m [96mhandleGetGraphData[0m] get_graph_data success
[2026-09-01 06:56:50.482] [info] [[94mControllerAndOtherEventHandler.cpp[0m:[95m239[0m [96moperator()[0m] Accepted new connection
[2026-09-01 06:56:50.482] [info] [[94mHttpSession.cpp[0m:[95m96[0m [96mhandleRequest[0m] Got request: GET /ndt/get_graph_data
[2026-09-01 06:56:50.482] [info] [[94mHttpSession.cpp[0m:[95m531[0m [96mhandleGetGraphData[0m] Handle Get Graph Data
[2026-09-01 06:56:50.500] [info] [[94mHttpSession.cpp[0m:[95m576[0m [96mhandleGetGraphData[0m] get_graph_data success
[2026-09-01 06:56:50.732] [info] [[94mControllerAndOtherEventHandler.cpp[0m:[95m239[0m [96moperator()[0m] Accepted new connection
[2026-09-01 06:56:50.732] [info] [[94mHttpSession.cpp[0m:[95m96[0m [96mhandleRequest[0m] Got request: GET /ndt/get_graph_data
[2026-09-01 06:56:50.732] [info] [[94mHttpSession.cpp[0m:[95m531[0m [96mhandleGetGraphData[0m] Handle Get Graph Data
[2026-09-01 06:56:50.747] [info] [[94mHttpSession.cpp[0m:[95m576[0m [96mhandleGetGraphData[0m] get_graph_data success
[2026-09-01 06:56:50.981] [info] [[94mControllerAndOtherEventHandler.cpp[0m:[95m239[0m [96moperator()[0m] Accepted new connection
[2026-09-01 06:56:50.981] [info] [[94mHttpSession.cpp[0m:[95m96[0m [96mhandleRequest[0m] Got request: GET /ndt/get_graph_data
[2026-09-01 06:56:50.981] [info] [[94mHttpSession.cpp[0m:[95m531[0m [96mhandleGetGraphData[0m] Handle Get Graph Data
[2026-09-01 06:56:51.002] [info] [[94mHttpSession.cpp[0m:[95m576[0m [96mhandleGetGraphData[0m] get_graph_data success
[2026-09-01 06:56:51.232] [info] [[94mControllerAndOtherEventHandler.cpp[0m:[95m239[0m [96moperator()[0m] Accepted new connection
[2026-09-01 06:56:51.232] [info] [[94mHttpSession.cpp[0m:[95m96[0m [96mhandleRequest[0m] Got request: GET /ndt/get_graph_data
[2026-09-01 06:56:51.232] [info] [[94mHttpSession.cpp[0m:[95m531[0m [96mhandleGetGraphData[0m] Handle Get Graph Data
[2026-09-01 06:56:51.249] [info] [[94mHttpSession.cpp[0m:[95m576[0m [96mhandleGetGraphData[0m] get_graph_data success
[2026-09-01 06:56:51.482] [info] [[94mControllerAndOtherEventHandler.cpp[0m:[95m239[0m [96moperator()[0m] Accepted new connection
[2026-09-01 06:56:51.482] [info] [[94mHttpSession.cpp[0m:[95m96[0m [96mhandleRequest[0m] Got request: GET /ndt/get_graph_data
[2026-09-01 06:56:51.482] [info] [[94mHttpSession.cpp[0m:[95m531[0m [96mhandleGetGraphData[0m] Handle Get Graph Data
[2026-09-01 06:56:51.498] [info] [[94mHttpSession.cpp[0m:[95m576[0m [96mhandleGetGraphData[0m] get_graph_data success
[2026-09-01 06:56:51.732] [info] [[94mControllerAndOtherEventHandler.cpp[0m:[95m239[0m [96moperator()[0m] Accepted new connection
[2026-09-01 06:56:51.732] [info] [[94mHttpSession.cpp[0m:[95m96[0m [96mhandleRequest[0m] Got request: GET /ndt/get_graph_data
[2026-09-01 06:56:51.732] [info] [[94mHttpSession.cpp[0m:[95m531[0m [96mhandleGetGraphData[0m] Handle Get Graph Data
[2026-09-01 06:56:51.745] [info] [[94mHttpSession.cpp[0m:[95m576[0m [96mhandleGetGraphData[0m] get_graph_data success
[2026-09-01 06:56:51.982] [info] [[94mControllerAndOtherEventHandler.cpp[0m:[95m239[0m [96moperator()[0m] Accepted new connection
[2026-09-01 06:56:51.982] [info] [[94mHttpSession.cpp[0m:[95m96[0m [96mhandleRequest[0m] Got request: GET /ndt/get_graph_data
[2026-09-01 06:56:51.982] [info] [[94mHttpSession.cpp[0m:[95m531[0m [96mhandleGetGraphData[0m] Handle Get Graph Data
[2026-09-01 06:56:51.995] [info] [[94mHttpSession.cpp[0m:[95m576[0m [96mhandleGetGraphData[0m] get_graph_data success
[2026-09-01 06:56:52.232] [info] [[94mControllerAndOtherEventHandler.cpp[0m:[95m239[0m [96moperator()[0m] Accepted new connection
[2026-09-01 06:56:52.232] [info] [[94mHttpSession.cpp[0m:[95m96[0m [96mhandleRequest[0m] Got request: GET /ndt/get_graph_data
[2026-09-01 06:56:52.232] [info] [[94mHttpSession.cpp[0m:[95m531[0m [96mhandleGetGraphData[0m] Handle Get Graph Data
[2026-09-01 06:56:52.244] [info] [[94mHttpSession.cpp[0m:[95m576[0m [96mhandleGetGraphData[0m] get_graph_data success
[2026-09-01 06:56:52.482] [info] [[94mControllerAndOtherEventHandler.cpp[0m:[95m239[0m [96moperator()[0m] Accepted new connection
[2026-09-01 06:56:52.482] [info] [[94mHttpSession.cpp[0m:[95m96[0m [96mhandleRequest[0m] Got request: GET /ndt/get_graph_data
[2026-09-01 06:56:52.482] [info] [[94mHttpSession.cpp[0m:[95m531[0m [96mhandleGetGraphData[0m] Handle Get Graph Data
[2026-09-01 06:56:52.496] [info] [[94mHttpSession.cpp[0m:[95m576[0m [96mhandleGetGraphData[0m] get_graph_data success
[2026-09-01 06:56:52.732] [info] [[94mControllerAndOtherEventHandler.cpp[0m:[95m239[0m [96moperator()[0m] Accepted new connection
[2026-09-01 06:56:52.732] [info] [[94mHttpSession.cpp[0m:[95m96[0m [96mhandleRequest[0m] Got request: GET /ndt/get_graph_data
[2026-09-01 06:56:52.732] [info] [[94mHttpSession.cpp[0m:[95m531[0m [96mhandleGetGraphData[0m] Handle Get Graph Data
[2026-09-01 06:56:52.752] [info] [[94mHttpSession.cpp[0m:[95m576[0m [96mhandleGetGraphData[0m] get_graph_data success
[2026-09-01 06:56:52.893] [info] [[94mControllerAndOtherEventHandler.cpp[0m:[95m239[0m [96moperator()[0m] Accepted new connection
[2026-09-01 06:56:52.893] [info] [[94mHttpSession.cpp[0m:[95m96[0m [96mhandleRequest[0m] Got request: POST /ndt/link_failure_detected
[2026-09-01 06:56:52.893] [info] [[94mHttpSession.cpp[0m:[95m410[0m [96mhandleLinkFailure[0m] Handle Link Failure
[2026-09-01 06:56:52.893] [info] [[94mHttpSession.cpp[0m:[95m419[0m [96mhandleLinkFailure[0m] link failed on 1:1 -> 5:1
[2026-09-01 06:56:52.982] [info] [[94mControllerAndOtherEventHandler.cpp[0m:[95m239[0m [96moperator()[0m] Accepted new connection
[2026-09-01 06:56:52.982] [info] [[94mHttpSession.cpp[0m:[95m96[0m [96mhandleRequest[0m] Got request: GET /ndt/get_graph_data
[2026-09-01 06:56:52.982] [info] [[94mHttpSession.cpp[0m:[95m531[0m [96mhandleGetGraphData[0m] Handle Get Graph Data
[2026-09-01 06:56:53.001] [info] [[94mHttpSession.cpp[0m:[95m576[0m [96mhandleGetGraphData[0m] get_graph_data success
[2026-09-01 06:56:53.232] [info] [[94mControllerAndOtherEventHandler.cpp[0m:[95m239[0m [96moperator()[0m] Accepted new connection
[2026-09-01 06:56:53.232] [info] [[94mHttpSession.cpp[0m:[95m96[0m [96mhandleRequest[0m] Got request: GET /ndt/get_graph_data
[2026-09-01 06:56:53.232] [info] [[94mHttpSession.cpp[0m:[95m531[0m [96mhandleGetGraphData[0m] Handle Get Graph Data
[2026-09-01 06:56:53.246] [info] [[94mHttpSession.cpp[0m:[95m576[0m [96mhandleGetGraphData[0m] get_graph_data success
[2026-09-01 06:56:53.484] [info] [[94mControllerAndOtherEventHandler.cpp[0m:[95m239[0m [96moperator()[0m] Accepted new connection
[2026-09-01 06:56:53.484] [info] [[94mHttpSession.cpp[0m:[95m96[0m [96mhandleRequest[0m] Got request: GET /ndt/get_graph_data
[2026-09-01 06:56:53.484] [info] [[94mHttpSession.cpp[0m:[95m531[0m [96mhandleGetGraphData[0m] Handle Get Graph Data
[2026-09-01 06:56:53.496] [info] [[94mHttpSession.cpp[0m:[95m576[0m [96mhandleGetGraphData[0m] get_graph_data success
[2026-09-01 06:56:53.733] [info] [[94mControllerAndOtherEventHandler.cpp[0m:[95m239[0m [96moperator()[0m] Accepted new connection
[2026-09-01 06:56:53.733] [info] [[94mHttpSession.cpp[0m:[95m96[0m [96mhandleRequest[0m] Got request: GET /ndt/get_graph_data
[2026-09-01 06:56:53.733] [info] [[94mHttpSession.cpp[0m:[95m531[0m [96mhandleGetGraphData[0m] Handle Get Graph Data
[2026-09-01 06:56:53.751] [info] [[94mHttpSession.cpp[0m:[95m576[0m [96mhandleGetGraphData[0m] get_graph_data success
[2026-09-01 06:56:53.983] [info] [[94mControllerAndOtherEventHandler.cpp[0m:[95m239[0m [96moperator()[0m] Accepted new connection
[2026-09-01 06:56:53.983] [info] [[94mHttpSession.cpp[0m:[95m96[0m [96mhandleRequest[0m] Got request: GET /ndt/get_graph_data
[2026-09-01 06:56:53.983] [info] [[94mHttpSession.cpp[0m:[95m531[0m [96mhandleGetGraphData[0m] Handle Get Graph Data
[2026-09-01 06:56:53.995] [info] [[94mHttpSession.cpp[0m:[95m576[0m [96mhandleGetGraphData[0m] get_graph_data success
[2026-09-01 06:56:54.232] [info] [[94mControllerAndOtherEventHandler.cpp[0m:[95m239[0m [96moperator()[0m] Accepted new connection
[2026-09-01 06:56:54.233] [info] [[94mHttpSession.cpp[0m:[95m96[0m [96mhandleRequest[0m] Got request: GET /ndt/get_graph_data
[2026-09-01 06:56:54.233] [info] [[94mHttpSession.cpp[0m:[95m531[0m [96mhandleGetGraphData[0m] Handle Get Graph Data
[2026-09-01 06:56:54.251] [info] [[94mHttpSession.cpp[0m:[95m576[0m [96mhandleGetGraphData[0m] get_graph_data success
[2026-09-01 06:56:54.482] [info] [[94mControllerAndOtherEventHandler.cpp[0m:[95m239[0m [96moperator()[0m] Accepted new connection
[2026-09-01 06:56:54.483] [info] [[94mHttpSession.cpp[0m:[95m96[0m [96mhandleRequest[0m] Got request: GET /ndt/get_graph_data
[2026-09-01 06:56:54.483] [info] [[94mHttpSession.cpp[0m:[95m531[0m [96mhandleGetGraphData[0m] Handle Get Graph Data
[2026-09-01 06:56:54.496] [info] [[94mHttpSession.cpp[0m:[95m576[0m [96mhandleGetGraphData[0m] get_graph_data success
[2026-09-01 06:56:54.733] [info] [[94mControllerAndOtherEventHandler.cpp[0m:[95m239[0m [96moperator()[0m] Accepted new connection
[2026-09-01 06:56:54.733] [info] [[94mHttpSession.cpp[0m:[95m96[0m [96mhandleRequest[0m] Got request: GET /ndt/get_graph_data
[2026-09-01 06:56:54.733] [info] [[94mHttpSession.cpp[0m:[95m531[0m [96mhandleGetGraphData[0m] Handle Get Graph Data
[2026-09-01 06:56:54.745] [info] [[94mHttpSession.cpp[0m:[95m576[0m [96mhandleGetGraphData[0m] get_graph_data success
[2026-09-01 06:56:54.982] [info] [[94mControllerAndOtherEventHandler.cpp[0m:[95m239[0m [96moperator()[0m] Accepted new connection
[2026-09-01 06:56:54.982] [info] [[94mHttpSession.cpp[0m:[95m96[0m [96mhandleRequest[0m] Got request: GET /ndt/get_graph_data
[2026-09-01 06:56:54.982] [info] [[94mHttpSession.cpp[0m:[95m531[0m [96mhandleGetGraphData[0m] Handle Get Graph Data
[2026-09-01 06:56:54.994] [info] [[94mHttpSession.cpp[0m:[95m576[0m [96mhandleGetGraphData[0m] get_graph_data success
[2026-09-01 06:56:55.233] [info] [[94mControllerAndOtherEventHandler.cpp[0m:[95m239[0m [96moperator()[0m] Accepted new connection
[2026-09-01 06:56:55.233] [info] [[94mHttpSession.cpp[0m:[95m96[0m [96mhandleRequest[0m] Got request: GET /ndt/get_graph_data
[2026-09-01 06:56:55.233] [info] [[94mHttpSession.cpp[0m:[95m531[0m [96mhandleGetGraphData[0m] Handle Get Graph Data
[2026-09-01 06:56:55.245] [info] [[94mHttpSession.cpp[0m:[95m576[0m [96mhandleGetGraphData[0m] get_graph_data success
[2026-09-01 06:56:55.483] [info] [[94mControllerAndOtherEventHandler.cpp[0m:[95m239[0m [96moperator()[0m] Accepted new connection
[2026-09-01 06:56:55.484] [info] [[94mHttpSession.cpp[0m:[95m96[0m [96mhandleRequest[0m] Got request: GET /ndt/get_graph_data
[2026-09-01 06:56:55.484] [info] [[94mHttpSession.cpp[0m:[95m531[0m [96mhandleGetGraphData[0m] Handle Get Graph Data
[2026-09-01 06:56:55.501] [info] [[94mHttpSession.cpp[0m:[95m576[0m [96mhandleGetGraphData[0m] get_graph_data success
[2026-09-01 06:56:55.733] [info] [[94mControllerAndOtherEventHandler.cpp[0m:[95m239[0m [96moperator()[0m] Accepted new connection
[2026-09-01 06:56:55.733] [info] [[94mHttpSession.cpp[0m:[95m96[0m [96mhandleRequest[0m] Got request: GET /ndt/get_graph_data
[2026-09-01 06:56:55.733] [info] [[94mHttpSession.cpp[0m:[95m531[0m [96mhandleGetGraphData[0m] Handle Get Graph Data
[2026-09-01 06:56:55.745] [info] [[94mHttpSession.cpp[0m:[95m576[0m [96mhandleGetGraphData[0m] get_graph_data success
[2026-09-01 06:56:55.983] [info] [[94mControllerAndOtherEventHandler.cpp[0m:[95m239[0m [96moperator()[0m] Accepted new connection
[2026-09-01 06:56:55.983] [info] [[94mHttpSession.cpp[0m:[95m96[0m [96mhandleRequest[0m] Got request: GET /ndt/get_graph_data
[2026-09-01 06:56:55.983] [info] [[94mHttpSession.cpp[0m:[95m531[0m [96mhandleGetGraphData[0m] Handle Get Graph Data
[2026-09-01 06:56:55.994] [info] [[94mHttpSession.cpp[0m:[95m576[0m [96mhandleGetGraphData[0m] get_graph_data success
[2026-09-01 06:56:56.233] [info] [[94mControllerAndOtherEventHandler.cpp[0m:[95m239[0m [96moperator()[0m] Accepted new connection
[2026-09-01 06:56:56.233] [info] [[94mHttpSession.cpp[0m:[95m96[0m [96mhandleRequest[0m] Got request: GET /ndt/get_graph_data
[2026-09-01 06:56:56.233] [info] [[94mHttpSession.cpp[0m:[95m531[0m [96mhandleGetGraphData[0m] Handle Get Graph Data
[2026-09-01 06:56:56.251] [info] [[94mHttpSession.cpp[0m:[95m576[0m [96mhandleGetGraphData[0m] get_graph_data success
[2026-09-01 06:56:56.292] [error] [[94mHttpSession.cpp[0m:[95m86[0m [96monRead[0m] Read error: body limit exceeded
[2026-09-01 06:56:56.484] [info] [[94mControllerAndOtherEventHandler.cpp[0m:[95m239[0m [96moperator()[0m] Accepted new connection
[2026-09-01 06:56:56.484] [info] [[94mHttpSession.cpp[0m:[95m96[0m [96mhandleRequest[0m] Got request: GET /ndt/get_graph_data
[2026-09-01 06:56:56.484] [info] [[94mHttpSession.cpp[0m:[95m531[0m [96mhandleGetGraphData[0m] Handle Get Graph Data
[2026-09-01 06:56:56.502] [info] [[94mHttpSession.cpp[0m:[95m576[0m [96mhandleGetGraphData[0m] get_graph_data success
[2026-09-01 06:56:56.733] [info] [[94mControllerAndOtherEventHandler.cpp[0m:[95m239[0m [96moperator()[0m] Accepted new connection
[2026-09-01 06:56:56.733] [info] [[94mHttpSession.cpp[0m:[95m96[0m [96mhandleRequest[0m] Got request: GET /ndt/get_graph_data
[2026-09-01 06:56:56.733] [info] [[94mHttpSession.cpp[0m:[95m531[0m [96mhandleGetGraphData[0m] Handle Get Graph Data
[2026-09-01 06:56:56.752] [info] [[94mHttpSession.cpp[0m:[95m576[0m [96mhandleGetGraphData[0m] get_graph_data success
[2026-09-01 06:56:56.984] [info] [[94mControllerAndOtherEventHandler.cpp[0m:[95m239[0m [96moperator()[0m] Accepted new connection
[2026-09-01 06:56:56.984] [info] [[94mHttpSession.cpp[0m:[95m96[0m [96mhandleRequest[0m] Got request: GET /ndt/get_graph_data
[2026-09-01 06:56:56.984] [info] [[94mHttpSession.cpp[0m:[95m531[0m [96mhandleGetGraphData[0m] Handle Get Graph Data
[2026-09-01 06:56:57.002] [info] [[94mHttpSession.cpp[0m:[95m576[0m [96mhandleGetGraphData[0m] get_graph_data success
[2026-09-01 06:56:57.234] [info] [[94mControllerAndOtherEventHandler.cpp[0m:[95m239[0m [96moperator()[0m] Accepted new connection
[2026-09-01 06:56:57.234] [info] [[94mHttpSession.cpp[0m:[95m96[0m [96mhandleRequest[0m] Got request: GET /ndt/get_graph_data
[2026-09-01 06:56:57.234] [info] [[94mHttpSession.cpp[0m:[95m531[0m [96mhandleGetGraphData[0m] Handle Get Graph Data
[2026-09-01 06:56:57.248] [info] [[94mHttpSession.cpp[0m:[95m576[0m [96mhandleGetGraphData[0m] get_graph_data success
[2026-09-01 06:56:57.484] [info] [[94mControllerAndOtherEventHandler.cpp[0m:[95m239[0m [96moperator()[0m] Accepted new connection
[2026-09-01 06:56:57.484] [info] [[94mHttpSession.cpp[0m:[95m96[0m [96mhandleRequest[0m] Got request: GET /ndt/get_graph_data
[2026-09-01 06:56:57.484] [info] [[94mHttpSession.cpp[0m:[95m531[0m [96mhandleGetGraphData[0m] Handle Get Graph Data
[2026-09-01 06:56:57.502] [info] [[94mHttpSession.cpp[0m:[95m576[0m [96mhandleGetGraphData[0m] get_graph_data success
[2026-09-01 06:56:57.733] [info] [[94mControllerAndOtherEventHandler.cpp[0m:[95m239[0m [96moperator()[0m] Accepted new connection
[2026-09-01 06:56:57.734] [info] [[94mHttpSession.cpp[0m:[95m96[0m [96mhandleRequest[0m] Got request: GET /ndt/get_graph_data
[2026-09-01 06:56:57.734] [info] [[94mHttpSession.cpp[0m:[95m531[0m [96mhandleGetGraphData[0m] Handle Get Graph Data
[2026-09-01 06:56:57.752] [info] [[94mHttpSession.cpp[0m:[95m576[0m [96mhandleGetGraphData[0m] get_graph_data success
[2026-09-01 06:56:57.984] [info] [[94mControllerAndOtherEventHandler.cpp[0m:[95m239[0m [96moperator()[0m] Accepted new connection
[2026-09-01 06:56:57.984] [info] [[94mHttpSession.cpp[0m:[95m96[0m [96mhandleRequest[0m] Got request: GET /ndt/get_graph_data
[2026-09-01 06:56:57.984] [info] [[94mHttpSession.cpp[0m:[95m531[0m [96mhandleGetGraphData[0m] Handle Get Graph Data
[2026-09-01 06:56:58.003] [info] [[94mHttpSession.cpp[0m:[95m576[0m [96mhandleGetGraphData[0m] get_graph_data success
[2026-09-01 06:56:58.234] [info] [[94mControllerAndOtherEventHandler.cpp[0m:[95m239[0m [96moperator()[0m] Accepted new connection
[2026-09-01 06:56:58.234] [info] [[94mHttpSession.cpp[0m:[95m96[0m [96mhandleRequest[0m] Got request: GET /ndt/get_graph_data
[2026-09-01 06:56:58.234] [info] [[94mHttpSession.cpp[0m:[95m531[0m [96mhandleGetGraphData[0m] Handle Get Graph Data
[2026-09-01 06:56:58.250] [info] [[94mHttpSession.cpp[0m:[95m576[0m [96mhandleGetGraphData[0m] get_graph_data success
[2026-09-01 06:56:58.484] [info] [[94mControllerAndOtherEventHandler.cpp[0m:[95m239[0m [96moperator()[0m] Accepted new connection
[2026-09-01 06:56:58.485] [info] [[94mHttpSession.cpp[0m:[95m96[0m [96mhandleRequest[0m] Got request: GET /ndt/get_graph_data
[2026-09-01 06:56:58.485] [info] [[94mHttpSession.cpp[0m:[95m531[0m [96mhandleGetGraphData[0m] Handle Get Graph Data
[2026-09-01 06:56:58.498] [info] [[94mHttpSession.cpp[0m:[95m576[0m [96mhandleGetGraphData[0m] get_graph_data success
[2026-09-01 06:56:58.734] [info] [[94mControllerAndOtherEventHandler.cpp[0m:[95m239[0m [96moperator()[0m] Accepted new connection
[2026-09-01 06:56:58.734] [info] [[94mHttpSession.cpp[0m:[95m96[0m [96mhandleRequest[0m] Got request: GET /ndt/get_graph_data
[2026-09-01 06:56:58.734] [info] [[94mHttpSession.cpp[0m:[95m531[0m [96mhandleGetGraphData[0m] Handle Get Graph Data
[2026-09-01 06:56:58.749] [info] [[94mHttpSession.cpp[0m:[95m576[0m [96mhandleGetGraphData[0m] get_graph_data success
[2026-09-01 06:56:58.984] [info] [[94mControllerAndOtherEventHandler.cpp[0m:[95m239[0m [96moperator()[0m] Accepted new connection
[2026-09-01 06:56:58.984] [info] [[94mHttpSession.cpp[0m:[95m96[0m [96mhandleRequest[0m] Got request: GET /ndt/get_graph_data
[2026-09-01 06:56:58.984] [info] [[94mHttpSession.cpp[0m:[95m531[0m [96mhandleGetGraphData[0m] Handle Get Graph Data
[2026-09-01 06:56:59.003] [info] [[94mHttpSession.cpp[0m:[95m576[0m [96mhandleGetGraphData[0m] get_graph_data success
[2026-09-01 06:56:59.235] [info] [[94mControllerAndOtherEventHandler.cpp[0m:[95m239[0m [96moperator()[0m] Accepted new connection
[2026-09-01 06:56:59.235] [info] [[94mHttpSession.cpp[0m:[95m96[0m [96mhandleRequest[0m] Got request: GET /ndt/get_graph_data
[2026-09-01 06:56:59.235] [info] [[94mHttpSession.cpp[0m:[95m531[0m [96mhandleGetGraphData[0m] Handle Get Graph Data
[2026-09-01 06:56:59.250] [info] [[94mHttpSession.cpp[0m:[95m576[0m [96mhandleGetGraphData[0m] get_graph_data success
[2026-09-01 06:56:59.484] [info] [[94mControllerAndOtherEventHandler.cpp[0m:[95m239[0m [96moperator()[0m] Accepted new connection
[2026-09-01 06:56:59.484] [info] [[94mHttpSession.cpp[0m:[95m96[0m [96mhandleRequest[0m] Got request: GET /ndt/get_graph_data
[2026-09-01 06:56:59.484] [info] [[94mHttpSession.cpp[0m:[95m531[0m [96mhandleGetGraphData[0m] Handle Get Graph Data
[2026-09-01 06:56:59.498] [info] [[94mHttpSession.cpp[0m:[95m576[0m [96mhandleGetGraphData[0m] get_graph_data success
[2026-09-01 06:56:59.734] [info] [[94mControllerAndOtherEventHandler.cpp[0m:[95m239[0m [96moperator()[0m] Accepted new connection
[2026-09-01 06:56:59.734] [info] [[94mHttpSession.cpp[0m:[95m96[0m [96mhandleRequest[0m] Got request: GET /ndt/get_graph_data
[2026-09-01 06:56:59.734] [info] [[94mHttpSession.cpp[0m:[95m531[0m [96mhandleGetGraphData[0m] Handle Get Graph Data
[2026-09-01 06:56:59.749] [info] [[94mHttpSession.cpp[0m:[95m576[0m [96mhandleGetGraphData[0m] get_graph_data success
[2026-09-01 06:56:59.985] [info] [[94mControllerAndOtherEventHandler.cpp[0m:[95m239[0m [96moperator()[0m] Accepted new connection
[2026-09-01 06:56:59.985] [info] [[94mHttpSession.cpp[0m:[95m96[0m [96mhandleRequest[0m] Got request: GET /ndt/get_graph_data
[2026-09-01 06:56:59.985] [info] [[94mHttpSession.cpp[0m:[95m531[0m [96mhandleGetGraphData[0m] Handle Get Graph Data
[2026-09-01 06:57:00.005] [info] [[94mHttpSession.cpp[0m:[95m576[0m [96mhandleGetGraphData[0m] get_graph_data success
[2026-09-01 06:57:00.235] [info] [[94mControllerAndOtherEventHandler.cpp[0m:[95m239[0m [96moperator()[0m] Accepted new connection
[2026-09-01 06:57:00.235] [info] [[94mHttpSession.cpp[0m:[95m96[0m [96mhandleRequest[0m] Got request: GET /ndt/get_graph_data
[2026-09-01 06:57:00.235] [info] [[94mHttpSession.cpp[0m:[95m531[0m [96mhandleGetGraphData[0m] Handle Get Graph Data
[2026-09-01 06:57:00.249] [info] [[94mHttpSession.cpp[0m:[95m576[0m [96mhandleGetGraphData[0m] get_graph_data success
[2026-09-01 06:57:00.484] [info] [[94mControllerAndOtherEventHandler.cpp[0m:[95m239[0m [96moperator()[0m] Accepted new connection
[2026-09-01 06:57:00.485] [info] [[94mHttpSession.cpp[0m:[95m96[0m [96mhandleRequest[0m] Got request: GET /ndt/get_graph_data
[2026-09-01 06:57:00.485] [info] [[94mHttpSession.cpp[0m:[95m531[0m [96mhandleGetGraphData[0m] Handle Get Graph Data
[2026-09-01 06:57:00.503] [info] [[94mHttpSession.cpp[0m:[95m576[0m [96mhandleGetGraphData[0m] get_graph_data success
[2026-09-01 06:57:00.734] [info] [[94mControllerAndOtherEventHandler.cpp[0m:[95m239[0m [96moperator()[0m] Accepted new connection
[2026-09-01 06:57:00.735] [info] [[94mHttpSession.cpp[0m:[95m96[0m [96mhandleRequest[0m] Got request: GET /ndt/get_graph_data
[2026-09-01 06:57:00.735] [info] [[94mHttpSession.cpp[0m:[95m531[0m [96mhandleGetGraphData[0m] Handle Get Graph Data
[2026-09-01 06:57:00.750] [info] [[94mHttpSession.cpp[0m:[95m576[0m [96mhandleGetGraphData[0m] get_graph_data success
[2026-09-01 06:57:00.985] [info] [[94mControllerAndOtherEventHandler.cpp[0m:[95m239[0m [96moperator()[0m] Accepted new connection
[2026-09-01 06:57:00.985] [info] [[94mHttpSession.cpp[0m:[95m96[0m [96mhandleRequest[0m] Got request: GET /ndt/get_graph_data
[2026-09-01 06:57:00.985] [info] [[94mHttpSession.cpp[0m:[95m531[0m [96mhandleGetGraphData[0m] Handle Get Graph Data
[2026-09-01 06:57:01.003] [info] [[94mHttpSession.cpp[0m:[95m576[0m [96mhandleGetGraphData[0m] get_graph_data success
[2026-09-01 06:57:01.235] [info] [[94mControllerAndOtherEventHandler.cpp[0m:[95m239[0m [96moperator()[0m] Accepted new connection
[2026-09-01 06:57:01.235] [info] [[94mHttpSession.cpp[0m:[95m96[0m [96mhandleRequest[0m] Got request: GET /ndt/get_graph_data
[2026-09-01 06:57:01.235] [info] [[94mHttpSession.cpp[0m:[95m531[0m [96mhandleGetGraphData[0m] Handle Get Graph Data
[2026-09-01 06:57:01.252] [info] [[94mHttpSession.cpp[0m:[95m576[0m [96mhandleGetGraphData[0m] get_graph_data success
[2026-09-01 06:57:01.295] [info] [[94mControllerAndOtherEventHandler.cpp[0m:[95m239[0m [96moperator()[0m] Accepted new connection
[2026-09-01 06:57:01.296] [info] [[94mHttpSession.cpp[0m:[95m96[0m [96mhandleRequest[0m] Got request: POST /ndt/link_recovery_detected
[2026-09-01 06:57:01.296] [info] [[94mHttpSession.cpp[0m:[95m471[0m [96mhandleLinkRecovery[0m] Handle Link Recovery
[2026-09-01 06:57:01.296] [info] [[94mHttpSession.cpp[0m:[95m487[0m [96mhandleLinkRecovery[0m] link recovered on 1:1 -> 5:1
[2026-09-01 06:57:01.484] [info] [[94mControllerAndOtherEventHandler.cpp[0m:[95m239[0m [96moperator()[0m] Accepted new connection
[2026-09-01 06:57:01.485] [info] [[94mHttpSession.cpp[0m:[95m96[0m [96mhandleRequest[0m] Got request: GET /ndt/get_graph_data
[2026-09-01 06:57:01.485] [info] [[94mHttpSession.cpp[0m:[95m531[0m [96mhandleGetGraphData[0m] Handle Get Graph Data
[2026-09-01 06:57:01.500] [info] [[94mHttpSession.cpp[0m:[95m576[0m [96mhandleGetGraphData[0m] get_graph_data success
[2026-09-01 06:57:01.735] [info] [[94mControllerAndOtherEventHandler.cpp[0m:[95m239[0m [96moperator()[0m] Accepted new connection
[2026-09-01 06:57:01.735] [info] [[94mHttpSession.cpp[0m:[95m96[0m [96mhandleRequest[0m] Got request: GET /ndt/get_graph_data
[2026-09-01 06:57:01.735] [info] [[94mHttpSession.cpp[0m:[95m531[0m [96mhandleGetGraphData[0m] Handle Get Graph Data
[2026-09-01 06:57:01.749] [info] [[94mHttpSession.cpp[0m:[95m576[0m [96mhandleGetGraphData[0m] get_graph_data success
[2026-09-01 06:57:01.985] [info] [[94mControllerAndOtherEventHandler.cpp[0m:[95m239[0m [96moperator()[0m] Accepted new connection
[2026-09-01 06:57:01.985] [info] [[94mHttpSession.cpp[0m:[95m96[0m [96mhandleRequest[0m] Got request: GET /ndt/get_graph_data
[2026-09-01 06:57:01.985] [info] [[94mHttpSession.cpp[0m:[95m531[0m [96mhandleGetGraphData[0m] Handle Get Graph Data
[2026-09-01 06:57:02.005] [info] [[94mHttpSession.cpp[0m:[95m576[0m [96mhandleGetGraphData[0m] get_graph_data success
[2026-09-01 06:57:02.236] [info] [[94mControllerAndOtherEventHandler.cpp[0m:[95m239[0m [96moperator()[0m] Accepted new connection
[2026-09-01 06:57:02.236] [info] [[94mHttpSession.cpp[0m:[95m96[0m [96mhandleRequest[0m] Got request: GET /ndt/get_graph_data
[2026-09-01 06:57:02.236] [info] [[94mHttpSession.cpp[0m:[95m531[0m [96mhandleGetGraphData[0m] Handle Get Graph Data
[2026-09-01 06:57:02.257] [info] [[94mHttpSession.cpp[0m:[95m576[0m [96mhandleGetGraphData[0m] get_graph_data success
[2026-09-01 06:57:02.485] [info] [[94mControllerAndOtherEventHandler.cpp[0m:[95m239[0m [96moperator()[0m] Accepted new connection
[2026-09-01 06:57:02.485] [info] [[94mHttpSession.cpp[0m:[95m96[0m [96mhandleRequest[0m] Got request: GET /ndt/get_graph_data
[2026-09-01 06:57:02.485] [info] [[94mHttpSession.cpp[0m:[95m531[0m [96mhandleGetGraphData[0m] Handle Get Graph Data
[2026-09-01 06:57:02.506] [info] [[94mHttpSession.cpp[0m:[95m576[0m [96mhandleGetGraphData[0m] get_graph_data success
[2026-09-01 06:57:02.736] [info] [[94mControllerAndOtherEventHandler.cpp[0m:[95m239[0m [96moperator()[0m] Accepted new connection
[2026-09-01 06:57:02.736] [info] [[94mHttpSession.cpp[0m:[95m96[0m [96mhandleRequest[0m] Got request: GET /ndt/get_graph_data
[2026-09-01 06:57:02.736] [info] [[94mHttpSession.cpp[0m:[95m531[0m [96mhandleGetGraphData[0m] Handle Get Graph Data
[2026-09-01 06:57:02.754] [info] [[94mHttpSession.cpp[0m:[95m576[0m [96mhandleGetGraphData[0m] get_graph_data success
[2026-09-01 06:57:02.986] [info] [[94mControllerAndOtherEventHandler.cpp[0m:[95m239[0m [96moperator()[0m] Accepted new connection
[2026-09-01 06:57:02.986] [info] [[94mHttpSession.cpp[0m:[95m96[0m [96mhandleRequest[0m] Got request: GET /ndt/get_graph_data
[2026-09-01 06:57:02.986] [info] [[94mHttpSession.cpp[0m:[95m531[0m [96mhandleGetGraphData[0m] Handle Get Graph Data
[2026-09-01 06:57:03.004] [info] [[94mHttpSession.cpp[0m:[95m576[0m [96mhandleGetGraphData[0m] get_graph_data success
[2026-09-01 06:57:03.236] [info] [[94mControllerAndOtherEventHandler.cpp[0m:[95m239[0m [96moperator()[0m] Accepted new connection
[2026-09-01 06:57:03.236] [info] [[94mHttpSession.cpp[0m:[95m96[0m [96mhandleRequest[0m] Got request: GET /ndt/get_graph_data
[2026-09-01 06:57:03.236] [info] [[94mHttpSession.cpp[0m:[95m531[0m [96mhandleGetGraphData[0m] Handle Get Graph Data
[2026-09-01 06:57:03.256] [info] [[94mHttpSession.cpp[0m:[95m576[0m [96mhandleGetGraphData[0m] get_graph_data success
[2026-09-01 06:57:03.486] [info] [[94mControllerAndOtherEventHandler.cpp[0m:[95m239[0m [96moperator()[0m] Accepted new connection
[2026-09-01 06:57:03.486] [info] [[94mHttpSession.cpp[0m:[95m96[0m [96mhandleRequest[0m] Got request: GET /ndt/get_graph_data
[2026-09-01 06:57:03.486] [info] [[94mHttpSession.cpp[0m:[95m531[0m [96mhandleGetGraphData[0m] Handle Get Graph Data
[2026-09-01 06:57:03.500] [info] [[94mHttpSession.cpp[0m:[95m576[0m [96mhandleGetGraphData[0m] get_graph_data success
[2026-09-01 06:57:03.736] [info] [[94mControllerAndOtherEventHandler.cpp[0m:[95m239[0m [96moperator()[0m] Accepted new connection
[2026-09-01 06:57:03.736] [info] [[94mHttpSession.cpp[0m:[95m96[0m [96mhandleRequest[0m] Got request: GET /ndt/get_graph_data
[2026-09-01 06:57:03.736] [info] [[94mHttpSession.cpp[0m:[95m531[0m [96mhandleGetGraphData[0m] Handle Get Graph Data
[2026-09-01 06:57:03.754] [info] [[94mHttpSession.cpp[0m:[95m576[0m [96mhandleGetGraphData[0m] get_graph_data success
[2026-09-01 06:57:03.986] [info] [[94mControllerAndOtherEventHandler.cpp[0m:[95m239[0m [96moperator()[0m] Accepted new connection
[2026-09-01 06:57:03.986] [info] [[94mHttpSession.cpp[0m:[95m96[0m [96mhandleRequest[0m] Got request: GET /ndt/get_graph_data
[2026-09-01 06:57:03.986] [info] [[94mHttpSession.cpp[0m:[95m531[0m [96mhandleGetGraphData[0m] Handle Get Graph Data
[2026-09-01 06:57:04.004] [info] [[94mHttpSession.cpp[0m:[95m576[0m [96mhandleGetGraphData[0m] get_graph_data success
[2026-09-01 06:57:04.236] [info] [[94mControllerAndOtherEventHandler.cpp[0m:[95m239[0m [96moperator()[0m] Accepted new connection
[2026-09-01 06:57:04.236] [info] [[94mHttpSession.cpp[0m:[95m96[0m [96mhandleRequest[0m] Got request: GET /ndt/get_graph_data
[2026-09-01 06:57:04.236] [info] [[94mHttpSession.cpp[0m:[95m531[0m [96mhandleGetGraphData[0m] Handle Get Graph Data
[2026-09-01 06:57:04.251] [info] [[94mHttpSession.cpp[0m:[95m576[0m [96mhandleGetGraphData[0m] get_graph_data success
[2026-09-01 06:57:04.486] [info] [[94mControllerAndOtherEventHandler.cpp[0m:[95m239[0m [96moperator()[0m] Accepted new connection
[2026-09-01 06:57:04.487] [info] [[94mHttpSession.cpp[0m:[95m96[0m [96mhandleRequest[0m] Got request: GET /ndt/get_graph_data
[2026-09-01 06:57:04.487] [info] [[94mHttpSession.cpp[0m:[95m531[0m [96mhandleGetGraphData[0m] Handle Get Graph Data
[2026-09-01 06:57:04.505] [info] [[94mHttpSession.cpp[0m:[95m576[0m [96mhandleGetGraphData[0m] get_graph_data success
[2026-09-01 06:57:04.737] [info] [[94mControllerAndOtherEventHandler.cpp[0m:[95m239[0m [96moperator()[0m] Accepted new connection
[2026-09-01 06:57:04.737] [info] [[94mHttpSession.cpp[0m:[95m96[0m [96mhandleRequest[0m] Got request: GET /ndt/get_graph_data
[2026-09-01 06:57:04.737] [info] [[94mHttpSession.cpp[0m:[95m531[0m [96mhandleGetGraphData[0m] Handle Get Graph Data
[2026-09-01 06:57:04.750] [info] [[94mHttpSession.cpp[0m:[95m576[0m [96mhandleGetGraphData[0m] get_graph_data success
[2026-09-01 06:57:04.861] [error] [[94mHttpSession.cpp[0m:[95m86[0m [96monRead[0m] Read error: body limit exceeded
[2026-09-01 06:57:04.986] [info] [[94mControllerAndOtherEventHandler.cpp[0m:[95m239[0m [96moperator()[0m] Accepted new connection
[2026-09-01 06:57:04.986] [info] [[94mHttpSession.cpp[0m:[95m96[0m [96mhandleRequest[0m] Got request: GET /ndt/get_graph_data
[2026-09-01 06:57:04.986] [info] [[94mHttpSession.cpp[0m:[95m531[0m [96mhandleGetGraphData[0m] Handle Get Graph Data
[2026-09-01 06:57:04.998] [info] [[94mHttpSession.cpp[0m:[95m576[0m [96mhandleGetGraphData[0m] get_graph_data success
[2026-09-01 06:57:05.237] [info] [[94mControllerAndOtherEventHandler.cpp[0m:[95m239[0m [96moperator()[0m] Accepted new connection
[2026-09-01 06:57:05.237] [info] [[94mHttpSession.cpp[0m:[95m96[0m [96mhandleRequest[0m] Got request: GET /ndt/get_graph_data
[2026-09-01 06:57:05.237] [info] [[94mHttpSession.cpp[0m:[95m531[0m [96mhandleGetGraphData[0m] Handle Get Graph Data
[2026-09-01 06:57:05.255] [info] [[94mHttpSession.cpp[0m:[95m576[0m [96mhandleGetGraphData[0m] get_graph_data success
[2026-09-01 06:57:05.487] [info] [[94mControllerAndOtherEventHandler.cpp[0m:[95m239[0m [96moperator()[0m] Accepted new connection
[2026-09-01 06:57:05.487] [info] [[94mHttpSession.cpp[0m:[95m96[0m [96mhandleRequest[0m] Got request: GET /ndt/get_graph_data
[2026-09-01 06:57:05.487] [info] [[94mHttpSession.cpp[0m:[95m531[0m [96mhandleGetGraphData[0m] Handle Get Graph Data
[2026-09-01 06:57:05.505] [info] [[94mHttpSession.cpp[0m:[95m576[0m [96mhandleGetGraphData[0m] get_graph_data success
[2026-09-01 06:57:05.737] [info] [[94mControllerAndOtherEventHandler.cpp[0m:[95m239[0m [96moperator()[0m] Accepted new connection
[2026-09-01 06:57:05.737] [info] [[94mHttpSession.cpp[0m:[95m96[0m [96mhandleRequest[0m] Got request: GET /ndt/get_graph_data
[2026-09-01 06:57:05.737] [info] [[94mHttpSession.cpp[0m:[95m531[0m [96mhandleGetGraphData[0m] Handle Get Graph Data
[2026-09-01 06:57:05.748] [info] [[94mHttpSession.cpp[0m:[95m576[0m [96mhandleGetGraphData[0m] get_graph_data success
[2026-09-01 06:57:05.987] [info] [[94mControllerAndOtherEventHandler.cpp[0m:[95m239[0m [96moperator()[0m] Accepted new connection
[2026-09-01 06:57:05.987] [info] [[94mHttpSession.cpp[0m:[95m96[0m [96mhandleRequest[0m] Got request: GET /ndt/get_graph_data
[2026-09-01 06:57:05.987] [info] [[94mHttpSession.cpp[0m:[95m531[0m [96mhandleGetGraphData[0m] Handle Get Graph Data
[2026-09-01 06:57:05.998] [info] [[94mHttpSession.cpp[0m:[95m576[0m [96mhandleGetGraphData[0m] get_graph_data success
[2026-09-01 06:57:06.237] [info] [[94mControllerAndOtherEventHandler.cpp[0m:[95m239[0m [96moperator()[0m] Accepted new connection
[2026-09-01 06:57:06.237] [info] [[94mHttpSession.cpp[0m:[95m96[0m [96mhandleRequest[0m] Got request: GET /ndt/get_graph_data
[2026-09-01 06:57:06.237] [info] [[94mHttpSession.cpp[0m:[95m531[0m [96mhandleGetGraphData[0m] Handle Get Graph Data
[2026-09-01 06:57:06.250] [info] [[94mHttpSession.cpp[0m:[95m576[0m [96mhandleGetGraphData[0m] get_graph_data success
[2026-09-01 06:57:06.487] [info] [[94mControllerAndOtherEventHandler.cpp[0m:[95m239[0m [96moperator()[0m] Accepted new connection
[2026-09-01 06:57:06.487] [info] [[94mHttpSession.cpp[0m:[95m96[0m [96mhandleRequest[0m] Got request: GET /ndt/get_graph_data
[2026-09-01 06:57:06.487] [info] [[94mHttpSession.cpp[0m:[95m531[0m [96mhandleGetGraphData[0m] Handle Get Graph Data
[2026-09-01 06:57:06.503] [info] [[94mHttpSession.cpp[0m:[95m576[0m [96mhandleGetGraphData[0m] get_graph_data success
[2026-09-01 06:57:06.737] [info] [[94mControllerAndOtherEventHandler.cpp[0m:[95m239[0m [96moperator()[0m] Accepted new connection
[2026-09-01 06:57:06.737] [info] [[94mHttpSession.cpp[0m:[95m96[0m [96mhandleRequest[0m] Got request: GET /ndt/get_graph_data
[2026-09-01 06:57:06.737] [info] [[94mHttpSession.cpp[0m:[95m531[0m [96mhandleGetGraphData[0m] Handle Get Graph Data
[2026-09-01 06:57:06.757] [info] [[94mHttpSession.cpp[0m:[95m576[0m [96mhandleGetGraphData[0m] get_graph_data success
[2026-09-01 06:57:06.987] [info] [[94mControllerAndOtherEventHandler.cpp[0m:[95m239[0m [96moperator()[0m] Accepted new connection
[2026-09-01 06:57:06.987] [info] [[94mHttpSession.cpp[0m:[95m96[0m [96mhandleRequest[0m] Got request: GET /ndt/get_graph_data
[2026-09-01 06:57:06.987] [info] [[94mHttpSession.cpp[0m:[95m531[0m [96mhandleGetGraphData[0m] Handle Get Graph Data
[2026-09-01 06:57:07.007] [info] [[94mHttpSession.cpp[0m:[95m576[0m [96mhandleGetGraphData[0m] get_graph_data success
[2026-09-01 06:57:07.237] [info] [[94mControllerAndOtherEventHandler.cpp[0m:[95m239[0m [96moperator()[0m] Accepted new connection
[2026-09-01 06:57:07.237] [info] [[94mHttpSession.cpp[0m:[95m96[0m [96mhandleRequest[0m] Got request: GET /ndt/get_graph_data
[2026-09-01 06:57:07.237] [info] [[94mHttpSession.cpp[0m:[95m531[0m [96mhandleGetGraphData[0m] Handle Get Graph Data
[2026-09-01 06:57:07.256] [info] [[94mHttpSession.cpp[0m:[95m576[0m [96mhandleGetGraphData[0m] get_graph_data success
[2026-09-01 06:57:07.349] [info] [[94mFlowLinkUsageCollector.cpp[0m:[95m1807[0m [96mcalAvgFlowSendingRatesPeriodically[0m] rate loop period: last 30 iters mean 1001.4 ms | since start (179 iters) mean 1001.1 ms, min 1000.1, max 1005.5 (flows=1, counters=8) -- the LAST-N figure is the current denominator; the since-start one lags it
[2026-09-01 06:57:07.350] [info] [[94mFlowLinkUsageCollector.cpp[0m:[95m2016[0m [96mcalAvgFlowSendingRatesPeriodically[0m] rate divisor check: measured_interval_s=1.001108 divisor_used_s=1.001108 (ticket Q gate: these must agree to 1%; a negative divisor means no rate has been published yet, which is not a pass)
[2026-09-01 06:57:07.487] [info] [[94mControllerAndOtherEventHandler.cpp[0m:[95m239[0m [96moperator()[0m] Accepted new connection
[2026-09-01 06:57:07.488] [info] [[94mHttpSession.cpp[0m:[95m96[0m [96mhandleRequest[0m] Got request: GET /ndt/get_graph_data
[2026-09-01 06:57:07.488] [info] [[94mHttpSession.cpp[0m:[95m531[0m [96mhandleGetGraphData[0m] Handle Get Graph Data
[2026-09-01 06:57:07.500] [info] [[94mHttpSession.cpp[0m:[95m576[0m [96mhandleGetGraphData[0m] get_graph_data success
[2026-09-01 06:57:07.737] [info] [[94mControllerAndOtherEventHandler.cpp[0m:[95m239[0m [96moperator()[0m] Accepted new connection
[2026-09-01 06:57:07.738] [info] [[94mHttpSession.cpp[0m:[95m96[0m [96mhandleRequest[0m] Got request: GET /ndt/get_graph_data
[2026-09-01 06:57:07.738] [info] [[94mHttpSession.cpp[0m:[95m531[0m [96mhandleGetGraphData[0m] Handle Get Graph Data
[2026-09-01 06:57:07.754] [info] [[94mHttpSession.cpp[0m:[95m576[0m [96mhandleGetGraphData[0m] get_graph_data success
[2026-09-01 06:57:07.987] [info] [[94mControllerAndOtherEventHandler.cpp[0m:[95m239[0m [96moperator()[0m] Accepted new connection
[2026-09-01 06:57:07.987] [info] [[94mHttpSession.cpp[0m:[95m96[0m [96mhandleRequest[0m] Got request: GET /ndt/get_graph_data
[2026-09-01 06:57:07.988] [info] [[94mHttpSession.cpp[0m:[95m531[0m [96mhandleGetGraphData[0m] Handle Get Graph Data
[2026-09-01 06:57:08.003] [info] [[94mHttpSession.cpp[0m:[95m576[0m [96mhandleGetGraphData[0m] get_graph_data success
[2026-09-01 06:57:08.238] [info] [[94mControllerAndOtherEventHandler.cpp[0m:[95m239[0m [96moperator()[0m] Accepted new connection
[2026-09-01 06:57:08.238] [info] [[94mHttpSession.cpp[0m:[95m96[0m [96mhandleRequest[0m] Got request: GET /ndt/get_graph_data
[2026-09-01 06:57:08.238] [info] [[94mHttpSession.cpp[0m:[95m531[0m [96mhandleGetGraphData[0m] Handle Get Graph Data
[2026-09-01 06:57:08.250] [info] [[94mHttpSession.cpp[0m:[95m576[0m [96mhandleGetGraphData[0m] get_graph_data success
[2026-09-01 06:57:08.487] [info] [[94mControllerAndOtherEventHandler.cpp[0m:[95m239[0m [96moperator()[0m] Accepted new connection
[2026-09-01 06:57:08.487] [info] [[94mHttpSession.cpp[0m:[95m96[0m [96mhandleRequest[0m] Got request: GET /ndt/get_graph_data
[2026-09-01 06:57:08.487] [info] [[94mHttpSession.cpp[0m:[95m531[0m [96mhandleGetGraphData[0m] Handle Get Graph Data
[2026-09-01 06:57:08.498] [info] [[94mHttpSession.cpp[0m:[95m576[0m [96mhandleGetGraphData[0m] get_graph_data success
[2026-09-01 06:57:08.738] [info] [[94mControllerAndOtherEventHandler.cpp[0m:[95m239[0m [96moperator()[0m] Accepted new connection
[2026-09-01 06:57:08.738] [info] [[94mHttpSession.cpp[0m:[95m96[0m [96mhandleRequest[0m] Got request: GET /ndt/get_graph_data
[2026-09-01 06:57:08.738] [info] [[94mHttpSession.cpp[0m:[95m531[0m [96mhandleGetGraphData[0m] Handle Get Graph Data
[2026-09-01 06:57:08.752] [info] [[94mHttpSession.cpp[0m:[95m576[0m [96mhandleGetGraphData[0m] get_graph_data success
[2026-09-01 06:57:08.988] [info] [[94mControllerAndOtherEventHandler.cpp[0m:[95m239[0m [96moperator()[0m] Accepted new connection
[2026-09-01 06:57:08.988] [info] [[94mHttpSession.cpp[0m:[95m96[0m [96mhandleRequest[0m] Got request: GET /ndt/get_graph_data
[2026-09-01 06:57:08.988] [info] [[94mHttpSession.cpp[0m:[95m531[0m [96mhandleGetGraphData[0m] Handle Get Graph Data
[2026-09-01 06:57:09.007] [info] [[94mHttpSession.cpp[0m:[95m576[0m [96mhandleGetGraphData[0m] get_graph_data success
[2026-09-01 06:57:09.237] [info] [[94mControllerAndOtherEventHandler.cpp[0m:[95m239[0m [96moperator()[0m] Accepted new connection
[2026-09-01 06:57:09.237] [info] [[94mHttpSession.cpp[0m:[95m96[0m [96mhandleRequest[0m] Got request: GET /ndt/get_graph_data
[2026-09-01 06:57:09.238] [info] [[94mHttpSession.cpp[0m:[95m531[0m [96mhandleGetGraphData[0m] Handle Get Graph Data
[2026-09-01 06:57:09.257] [info] [[94mHttpSession.cpp[0m:[95m576[0m [96mhandleGetGraphData[0m] get_graph_data success
[2026-09-01 06:57:09.487] [info] [[94mControllerAndOtherEventHandler.cpp[0m:[95m239[0m [96moperator()[0m] Accepted new connection
[2026-09-01 06:57:09.488] [info] [[94mHttpSession.cpp[0m:[95m96[0m [96mhandleRequest[0m] Got request: GET /ndt/get_graph_data
[2026-09-01 06:57:09.488] [info] [[94mHttpSession.cpp[0m:[95m531[0m [96mhandleGetGraphData[0m] Handle Get Graph Data
[2026-09-01 06:57:09.509] [info] [[94mHttpSession.cpp[0m:[95m576[0m [96mhandleGetGraphData[0m] get_graph_data success
[2026-09-01 06:57:09.738] [info] [[94mControllerAndOtherEventHandler.cpp[0m:[95m239[0m [96moperator()[0m] Accepted new connection
[2026-09-01 06:57:09.738] [info] [[94mHttpSession.cpp[0m:[95m96[0m [96mhandleRequest[0m] Got request: GET /ndt/get_graph_data
[2026-09-01 06:57:09.738] [info] [[94mHttpSession.cpp[0m:[95m531[0m [96mhandleGetGraphData[0m] Handle Get Graph Data
[2026-09-01 06:57:09.759] [info] [[94mHttpSession.cpp[0m:[95m576[0m [96mhandleGetGraphData[0m] get_graph_data success
[2026-09-01 06:57:09.988] [info] [[94mControllerAndOtherEventHandler.cpp[0m:[95m239[0m [96moperator()[0m] Accepted new connection
[2026-09-01 06:57:09.988] [info] [[94mHttpSession.cpp[0m:[95m96[0m [96mhandleRequest[0m] Got request: GET /ndt/get_graph_data
[2026-09-01 06:57:09.989] [info] [[94mHttpSession.cpp[0m:[95m531[0m [96mhandleGetGraphData[0m] Handle Get Graph Data
[2026-09-01 06:57:10.008] [info] [[94mHttpSession.cpp[0m:[95m576[0m [96mhandleGetGraphData[0m] get_graph_data success
[2026-09-01 06:57:10.238] [info] [[94mControllerAndOtherEventHandler.cpp[0m:[95m239[0m [96moperator()[0m] Accepted new connection
[2026-09-01 06:57:10.238] [info] [[94mHttpSession.cpp[0m:[95m96[0m [96mhandleRequest[0m] Got request: GET /ndt/get_graph_data
[2026-09-01 06:57:10.238] [info] [[94mHttpSession.cpp[0m:[95m531[0m [96mhandleGetGraphData[0m] Handle Get Graph Data
[2026-09-01 06:57:10.258] [info] [[94mHttpSession.cpp[0m:[95m576[0m [96mhandleGetGraphData[0m] get_graph_data success
[2026-09-01 06:57:10.488] [info] [[94mControllerAndOtherEventHandler.cpp[0m:[95m239[0m [96moperator()[0m] Accepted new connection
[2026-09-01 06:57:10.489] [info] [[94mHttpSession.cpp[0m:[95m96[0m [96mhandleRequest[0m] Got request: GET /ndt/get_graph_data
[2026-09-01 06:57:10.489] [info] [[94mHttpSession.cpp[0m:[95m531[0m [96mhandleGetGraphData[0m] Handle Get Graph Data
[2026-09-01 06:57:10.508] [info] [[94mHttpSession.cpp[0m:[95m576[0m [96mhandleGetGraphData[0m] get_graph_data success
[2026-09-01 06:57:10.738] [info] [[94mControllerAndOtherEventHandler.cpp[0m:[95m239[0m [96moperator()[0m] Accepted new connection
[2026-09-01 06:57:10.739] [info] [[94mHttpSession.cpp[0m:[95m96[0m [96mhandleRequest[0m] Got request: GET /ndt/get_graph_data
[2026-09-01 06:57:10.739] [info] [[94mHttpSession.cpp[0m:[95m531[0m [96mhandleGetGraphData[0m] Handle Get Graph Data
[2026-09-01 06:57:10.758] [info] [[94mHttpSession.cpp[0m:[95m576[0m [96mhandleGetGraphData[0m] get_graph_data success
[2026-09-01 06:57:10.988] [info] [[94mControllerAndOtherEventHandler.cpp[0m:[95m239[0m [96moperator()[0m] Accepted new connection
[2026-09-01 06:57:10.988] [info] [[94mHttpSession.cpp[0m:[95m96[0m [96mhandleRequest[0m] Got request: GET /ndt/get_graph_data
[2026-09-01 06:57:10.988] [info] [[94mHttpSession.cpp[0m:[95m531[0m [96mhandleGetGraphData[0m] Handle Get Graph Data
[2026-09-01 06:57:11.003] [info] [[94mHttpSession.cpp[0m:[95m576[0m [96mhandleGetGraphData[0m] get_graph_data success
[2026-09-01 06:57:11.238] [info] [[94mControllerAndOtherEventHandler.cpp[0m:[95m239[0m [96moperator()[0m] Accepted new connection
[2026-09-01 06:57:11.238] [info] [[94mHttpSession.cpp[0m:[95m96[0m [96mhandleRequest[0m] Got request: GET /ndt/get_graph_data
[2026-09-01 06:57:11.238] [info] [[94mHttpSession.cpp[0m:[95m531[0m [96mhandleGetGraphData[0m] Handle Get Graph Data
[2026-09-01 06:57:11.256] [info] [[94mHttpSession.cpp[0m:[95m576[0m [96mhandleGetGraphData[0m] get_graph_data success
[2026-09-01 06:57:11.489] [info] [[94mControllerAndOtherEventHandler.cpp[0m:[95m239[0m [96moperator()[0m] Accepted new connection
[2026-09-01 06:57:11.489] [info] [[94mHttpSession.cpp[0m:[95m96[0m [96mhandleRequest[0m] Got request: GET /ndt/get_graph_data
[2026-09-01 06:57:11.489] [info] [[94mHttpSession.cpp[0m:[95m531[0m [96mhandleGetGraphData[0m] Handle Get Graph Data
[2026-09-01 06:57:11.510] [info] [[94mHttpSession.cpp[0m:[95m576[0m [96mhandleGetGraphData[0m] get_graph_data success
[2026-09-01 06:57:11.739] [info] [[94mControllerAndOtherEventHandler.cpp[0m:[95m239[0m [96moperator()[0m] Accepted new connection
[2026-09-01 06:57:11.739] [info] [[94mHttpSession.cpp[0m:[95m96[0m [96mhandleRequest[0m] Got request: GET /ndt/get_graph_data
[2026-09-01 06:57:11.739] [info] [[94mHttpSession.cpp[0m:[95m531[0m [96mhandleGetGraphData[0m] Handle Get Graph Data
[2026-09-01 06:57:11.754] [info] [[94mHttpSession.cpp[0m:[95m576[0m [96mhandleGetGraphData[0m] get_graph_data success
[2026-09-01 06:57:11.989] [info] [[94mControllerAndOtherEventHandler.cpp[0m:[95m239[0m [96moperator()[0m] Accepted new connection
[2026-09-01 06:57:11.989] [info] [[94mHttpSession.cpp[0m:[95m96[0m [96mhandleRequest[0m] Got request: GET /ndt/get_graph_data
[2026-09-01 06:57:11.989] [info] [[94mHttpSession.cpp[0m:[95m531[0m [96mhandleGetGraphData[0m] Handle Get Graph Data
[2026-09-01 06:57:12.001] [info] [[94mHttpSession.cpp[0m:[95m576[0m [96mhandleGetGraphData[0m] get_graph_data success
[2026-09-01 06:57:12.239] [info] [[94mControllerAndOtherEventHandler.cpp[0m:[95m239[0m [96moperator()[0m] Accepted new connection
[2026-09-01 06:57:12.239] [info] [[94mHttpSession.cpp[0m:[95m96[0m [96mhandleRequest[0m] Got request: GET /ndt/get_graph_data
[2026-09-01 06:57:12.239] [info] [[94mHttpSession.cpp[0m:[95m531[0m [96mhandleGetGraphData[0m] Handle Get Graph Data
[2026-09-01 06:57:12.257] [info] [[94mHttpSession.cpp[0m:[95m576[0m [96mhandleGetGraphData[0m] get_graph_data success
[2026-09-01 06:57:12.488] [info] [[94mControllerAndOtherEventHandler.cpp[0m:[95m239[0m [96moperator()[0m] Accepted new connection
[2026-09-01 06:57:12.489] [info] [[94mHttpSession.cpp[0m:[95m96[0m [96mhandleRequest[0m] Got request: GET /ndt/get_graph_data
[2026-09-01 06:57:12.489] [info] [[94mHttpSession.cpp[0m:[95m531[0m [96mhandleGetGraphData[0m] Handle Get Graph Data
[2026-09-01 06:57:12.507] [info] [[94mHttpSession.cpp[0m:[95m576[0m [96mhandleGetGraphData[0m] get_graph_data success
[2026-09-01 06:57:12.739] [info] [[94mControllerAndOtherEventHandler.cpp[0m:[95m239[0m [96moperator()[0m] Accepted new connection
[2026-09-01 06:57:12.739] [info] [[94mHttpSession.cpp[0m:[95m96[0m [96mhandleRequest[0m] Got request: GET /ndt/get_graph_data
[2026-09-01 06:57:12.739] [info] [[94mHttpSession.cpp[0m:[95m531[0m [96mhandleGetGraphData[0m] Handle Get Graph Data
[2026-09-01 06:57:12.755] [info] [[94mHttpSession.cpp[0m:[95m576[0m [96mhandleGetGraphData[0m] get_graph_data success
[2026-09-01 06:57:12.989] [info] [[94mControllerAndOtherEventHandler.cpp[0m:[95m239[0m [96moperator()[0m] Accepted new connection
[2026-09-01 06:57:12.990] [info] [[94mHttpSession.cpp[0m:[95m96[0m [96mhandleRequest[0m] Got request: GET /ndt/get_graph_data
[2026-09-01 06:57:12.990] [info] [[94mHttpSession.cpp[0m:[95m531[0m [96mhandleGetGraphData[0m] Handle Get Graph Data
[2026-09-01 06:57:13.009] [info] [[94mHttpSession.cpp[0m:[95m576[0m [96mhandleGetGraphData[0m] get_graph_data success
[2026-09-01 06:57:13.239] [info] [[94mControllerAndOtherEventHandler.cpp[0m:[95m239[0m [96moperator()[0m] Accepted new connection
[2026-09-01 06:57:13.240] [info] [[94mHttpSession.cpp[0m:[95m96[0m [96mhandleRequest[0m] Got request: GET /ndt/get_graph_data
[2026-09-01 06:57:13.240] [info] [[94mHttpSession.cpp[0m:[95m531[0m [96mhandleGetGraphData[0m] Handle Get Graph Data
[2026-09-01 06:57:13.259] [info] [[94mHttpSession.cpp[0m:[95m576[0m [96mhandleGetGraphData[0m] get_graph_data success
[2026-09-01 06:57:13.489] [info] [[94mControllerAndOtherEventHandler.cpp[0m:[95m239[0m [96moperator()[0m] Accepted new connection
[2026-09-01 06:57:13.490] [info] [[94mHttpSession.cpp[0m:[95m96[0m [96mhandleRequest[0m] Got request: GET /ndt/get_graph_data
[2026-09-01 06:57:13.490] [info] [[94mHttpSession.cpp[0m:[95m531[0m [96mhandleGetGraphData[0m] Handle Get Graph Data
[2026-09-01 06:57:13.508] [info] [[94mHttpSession.cpp[0m:[95m576[0m [96mhandleGetGraphData[0m] get_graph_data success
[2026-09-01 06:57:13.739] [info] [[94mControllerAndOtherEventHandler.cpp[0m:[95m239[0m [96moperator()[0m] Accepted new connection
[2026-09-01 06:57:13.740] [info] [[94mHttpSession.cpp[0m:[95m96[0m [96mhandleRequest[0m] Got request: GET /ndt/get_graph_data
[2026-09-01 06:57:13.740] [info] [[94mHttpSession.cpp[0m:[95m531[0m [96mhandleGetGraphData[0m] Handle Get Graph Data
[2026-09-01 06:57:13.758] [info] [[94mHttpSession.cpp[0m:[95m576[0m [96mhandleGetGraphData[0m] get_graph_data success
[2026-09-01 06:57:13.990] [info] [[94mControllerAndOtherEventHandler.cpp[0m:[95m239[0m [96moperator()[0m] Accepted new connection
[2026-09-01 06:57:13.990] [info] [[94mHttpSession.cpp[0m:[95m96[0m [96mhandleRequest[0m] Got request: GET /ndt/get_graph_data
[2026-09-01 06:57:13.990] [info] [[94mHttpSession.cpp[0m:[95m531[0m [96mhandleGetGraphData[0m] Handle Get Graph Data
[2026-09-01 06:57:14.001] [info] [[94mHttpSession.cpp[0m:[95m576[0m [96mhandleGetGraphData[0m] get_graph_data success
[2026-09-01 06:57:14.240] [info] [[94mControllerAndOtherEventHandler.cpp[0m:[95m239[0m [96moperator()[0m] Accepted new connection
[2026-09-01 06:57:14.240] [info] [[94mHttpSession.cpp[0m:[95m96[0m [96mhandleRequest[0m] Got request: GET /ndt/get_graph_data
[2026-09-01 06:57:14.240] [info] [[94mHttpSession.cpp[0m:[95m531[0m [96mhandleGetGraphData[0m] Handle Get Graph Data
[2026-09-01 06:57:14.253] [info] [[94mHttpSession.cpp[0m:[95m576[0m [96mhandleGetGraphData[0m] get_graph_data success
[2026-09-01 06:57:14.490] [info] [[94mControllerAndOtherEventHandler.cpp[0m:[95m239[0m [96moperator()[0m] Accepted new connection
[2026-09-01 06:57:14.490] [info] [[94mHttpSession.cpp[0m:[95m96[0m [96mhandleRequest[0m] Got request: GET /ndt/get_graph_data
[2026-09-01 06:57:14.490] [info] [[94mHttpSession.cpp[0m:[95m531[0m [96mhandleGetGraphData[0m] Handle Get Graph Data
[2026-09-01 06:57:14.508] [info] [[94mHttpSession.cpp[0m:[95m576[0m [96mhandleGetGraphData[0m] get_graph_data success
[2026-09-01 06:57:14.739] [info] [[94mControllerAndOtherEventHandler.cpp[0m:[95m239[0m [96moperator()[0m] Accepted new connection
[2026-09-01 06:57:14.739] [info] [[94mHttpSession.cpp[0m:[95m96[0m [96mhandleRequest[0m] Got request: GET /ndt/get_graph_data
[2026-09-01 06:57:14.739] [info] [[94mHttpSession.cpp[0m:[95m531[0m [96mhandleGetGraphData[0m] Handle Get Graph Data
[2026-09-01 06:57:14.753] [info] [[94mHttpSession.cpp[0m:[95m576[0m [96mhandleGetGraphData[0m] get_graph_data success
[2026-09-01 06:57:14.759] [info] [[94mFlowLinkUsageCollector.cpp[0m:[95m2558[0m [96mfetchAllDestinationPaths[0m] Pulled 16256 paths from controller
[2026-09-01 06:57:14.989] [info] [[94mControllerAndOtherEventHandler.cpp[0m:[95m239[0m [96moperator()[0m] Accepted new connection
[2026-09-01 06:57:14.989] [info] [[94mHttpSession.cpp[0m:[95m96[0m [96mhandleRequest[0m] Got request: GET /ndt/get_graph_data
[2026-09-01 06:57:14.989] [info] [[94mHttpSession.cpp[0m:[95m531[0m [96mhandleGetGraphData[0m] Handle Get Graph Data
[2026-09-01 06:57:15.008] [info] [[94mHttpSession.cpp[0m:[95m576[0m [96mhandleGetGraphData[0m] get_graph_data success
[2026-09-01 06:57:15.240] [info] [[94mControllerAndOtherEventHandler.cpp[0m:[95m239[0m [96moperator()[0m] Accepted new connection
[2026-09-01 06:57:15.240] [info] [[94mHttpSession.cpp[0m:[95m96[0m [96mhandleRequest[0m] Got request: GET /ndt/get_graph_data
[2026-09-01 06:57:15.240] [info] [[94mHttpSession.cpp[0m:[95m531[0m [96mhandleGetGraphData[0m] Handle Get Graph Data
[2026-09-01 06:57:15.258] [info] [[94mHttpSession.cpp[0m:[95m576[0m [96mhandleGetGraphData[0m] get_graph_data success
[2026-09-01 06:57:15.489] [info] [[94mControllerAndOtherEventHandler.cpp[0m:[95m239[0m [96moperator()[0m] Accepted new connection
[2026-09-01 06:57:15.490] [info] [[94mHttpSession.cpp[0m:[95m96[0m [96mhandleRequest[0m] Got request: GET /ndt/get_graph_data
[2026-09-01 06:57:15.490] [info] [[94mHttpSession.cpp[0m:[95m531[0m [96mhandleGetGraphData[0m] Handle Get Graph Data
[2026-09-01 06:57:15.506] [info] [[94mHttpSession.cpp[0m:[95m576[0m [96mhandleGetGraphData[0m] get_graph_data success
[2026-09-01 06:57:15.740] [info] [[94mControllerAndOtherEventHandler.cpp[0m:[95m239[0m [96moperator()[0m] Accepted new connection
[2026-09-01 06:57:15.741] [info] [[94mHttpSession.cpp[0m:[95m96[0m [96mhandleRequest[0m] Got request: GET /ndt/get_graph_data
[2026-09-01 06:57:15.741] [info] [[94mHttpSession.cpp[0m:[95m531[0m [96mhandleGetGraphData[0m] Handle Get Graph Data
[2026-09-01 06:57:15.757] [info] [[94mHttpSession.cpp[0m:[95m576[0m [96mhandleGetGraphData[0m] get_graph_data success
[2026-09-01 06:57:15.990] [info] [[94mControllerAndOtherEventHandler.cpp[0m:[95m239[0m [96moperator()[0m] Accepted new connection
[2026-09-01 06:57:15.990] [info] [[94mHttpSession.cpp[0m:[95m96[0m [96mhandleRequest[0m] Got request: GET /ndt/get_graph_data
[2026-09-01 06:57:15.990] [info] [[94mHttpSession.cpp[0m:[95m531[0m [96mhandleGetGraphData[0m] Handle Get Graph Data
[2026-09-01 06:57:16.009] [info] [[94mHttpSession.cpp[0m:[95m576[0m [96mhandleGetGraphData[0m] get_graph_data success
[2026-09-01 06:57:16.240] [info] [[94mControllerAndOtherEventHandler.cpp[0m:[95m239[0m [96moperator()[0m] Accepted new connection
[2026-09-01 06:57:16.240] [info] [[94mHttpSession.cpp[0m:[95m96[0m [96mhandleRequest[0m] Got request: GET /ndt/get_graph_data
[2026-09-01 06:57:16.240] [info] [[94mHttpSession.cpp[0m:[95m531[0m [96mhandleGetGraphData[0m] Handle Get Graph Data
[2026-09-01 06:57:16.254] [info] [[94mHttpSession.cpp[0m:[95m576[0m [96mhandleGetGraphData[0m] get_graph_data success
[2026-09-01 06:57:16.490] [info] [[94mControllerAndOtherEventHandler.cpp[0m:[95m239[0m [96moperator()[0m] Accepted new connection
[2026-09-01 06:57:16.490] [info] [[94mHttpSession.cpp[0m:[95m96[0m [96mhandleRequest[0m] Got request: GET /ndt/get_graph_data
[2026-09-01 06:57:16.490] [info] [[94mHttpSession.cpp[0m:[95m531[0m [96mhandleGetGraphData[0m] Handle Get Graph Data
[2026-09-01 06:57:16.504] [info] [[94mHttpSession.cpp[0m:[95m576[0m [96mhandleGetGraphData[0m] get_graph_data success
[2026-09-01 06:57:16.741] [info] [[94mControllerAndOtherEventHandler.cpp[0m:[95m239[0m [96moperator()[0m] Accepted new connection
[2026-09-01 06:57:16.741] [info] [[94mHttpSession.cpp[0m:[95m96[0m [96mhandleRequest[0m] Got request: GET /ndt/get_graph_data
[2026-09-01 06:57:16.741] [info] [[94mHttpSession.cpp[0m:[95m531[0m [96mhandleGetGraphData[0m] Handle Get Graph Data
[2026-09-01 06:57:16.761] [info] [[94mHttpSession.cpp[0m:[95m576[0m [96mhandleGetGraphData[0m] get_graph_data success
[2026-09-01 06:57:16.991] [info] [[94mControllerAndOtherEventHandler.cpp[0m:[95m239[0m [96moperator()[0m] Accepted new connection
[2026-09-01 06:57:16.991] [info] [[94mHttpSession.cpp[0m:[95m96[0m [96mhandleRequest[0m] Got request: GET /ndt/get_graph_data
[2026-09-01 06:57:16.991] [info] [[94mHttpSession.cpp[0m:[95m531[0m [96mhandleGetGraphData[0m] Handle Get Graph Data
[2026-09-01 06:57:17.011] [info] [[94mHttpSession.cpp[0m:[95m576[0m [96mhandleGetGraphData[0m] get_graph_data success
[2026-09-01 06:57:17.241] [info] [[94mControllerAndOtherEventHandler.cpp[0m:[95m239[0m [96moperator()[0m] Accepted new connection
[2026-09-01 06:57:17.241] [info] [[94mHttpSession.cpp[0m:[95m96[0m [96mhandleRequest[0m] Got request: GET /ndt/get_graph_data
[2026-09-01 06:57:17.241] [info] [[94mHttpSession.cpp[0m:[95m531[0m [96mhandleGetGraphData[0m] Handle Get Graph Data
[2026-09-01 06:57:17.260] [info] [[94mHttpSession.cpp[0m:[95m576[0m [96mhandleGetGraphData[0m] get_graph_data success
[2026-09-01 06:57:17.491] [info] [[94mControllerAndOtherEventHandler.cpp[0m:[95m239[0m [96moperator()[0m] Accepted new connection
[2026-09-01 06:57:17.491] [info] [[94mHttpSession.cpp[0m:[95m96[0m [96mhandleRequest[0m] Got request: GET /ndt/get_graph_data
[2026-09-01 06:57:17.491] [info] [[94mHttpSession.cpp[0m:[95m531[0m [96mhandleGetGraphData[0m] Handle Get Graph Data
[2026-09-01 06:57:17.507] [info] [[94mHttpSession.cpp[0m:[95m576[0m [96mhandleGetGraphData[0m] get_graph_data success
[2026-09-01 06:57:17.740] [info] [[94mControllerAndOtherEventHandler.cpp[0m:[95m239[0m [96moperator()[0m] Accepted new connection
[2026-09-01 06:57:17.740] [info] [[94mHttpSession.cpp[0m:[95m96[0m [96mhandleRequest[0m] Got request: GET /ndt/get_graph_data
[2026-09-01 06:57:17.740] [info] [[94mHttpSession.cpp[0m:[95m531[0m [96mhandleGetGraphData[0m] Handle Get Graph Data
[2026-09-01 06:57:17.759] [info] [[94mHttpSession.cpp[0m:[95m576[0m [96mhandleGetGraphData[0m] get_graph_data success
[2026-09-01 06:57:17.991] [info] [[94mControllerAndOtherEventHandler.cpp[0m:[95m239[0m [96moperator()[0m] Accepted new connection
[2026-09-01 06:57:17.991] [info] [[94mHttpSession.cpp[0m:[95m96[0m [96mhandleRequest[0m] Got request: GET /ndt/get_graph_data
[2026-09-01 06:57:17.991] [info] [[94mHttpSession.cpp[0m:[95m531[0m [96mhandleGetGraphData[0m] Handle Get Graph Data
[2026-09-01 06:57:18.010] [info] [[94mHttpSession.cpp[0m:[95m576[0m [96mhandleGetGraphData[0m] get_graph_data success
[2026-09-01 06:57:18.241] [info] [[94mControllerAndOtherEventHandler.cpp[0m:[95m239[0m [96moperator()[0m] Accepted new connection
[2026-09-01 06:57:18.241] [info] [[94mHttpSession.cpp[0m:[95m96[0m [96mhandleRequest[0m] Got request: GET /ndt/get_graph_data
[2026-09-01 06:57:18.241] [info] [[94mHttpSession.cpp[0m:[95m531[0m [96mhandleGetGraphData[0m] Handle Get Graph Data
[2026-09-01 06:57:18.254] [info] [[94mHttpSession.cpp[0m:[95m576[0m [96mhandleGetGraphData[0m] get_graph_data success
[2026-09-01 06:57:18.491] [info] [[94mControllerAndOtherEventHandler.cpp[0m:[95m239[0m [96moperator()[0m] Accepted new connection
[2026-09-01 06:57:18.491] [info] [[94mHttpSession.cpp[0m:[95m96[0m [96mhandleRequest[0m] Got request: GET /ndt/get_graph_data
[2026-09-01 06:57:18.491] [info] [[94mHttpSession.cpp[0m:[95m531[0m [96mhandleGetGraphData[0m] Handle Get Graph Data
[2026-09-01 06:57:18.503] [info] [[94mHttpSession.cpp[0m:[95m576[0m [96mhandleGetGraphData[0m] get_graph_data success
[2026-09-01 06:57:18.741] [info] [[94mControllerAndOtherEventHandler.cpp[0m:[95m239[0m [96moperator()[0m] Accepted new connection
[2026-09-01 06:57:18.741] [info] [[94mHttpSession.cpp[0m:[95m96[0m [96mhandleRequest[0m] Got request: GET /ndt/get_graph_data
[2026-09-01 06:57:18.741] [info] [[94mHttpSession.cpp[0m:[95m531[0m [96mhandleGetGraphData[0m] Handle Get Graph Data
[2026-09-01 06:57:18.760] [info] [[94mHttpSession.cpp[0m:[95m576[0m [96mhandleGetGraphData[0m] get_graph_data success
[2026-09-01 06:57:18.991] [info] [[94mControllerAndOtherEventHandler.cpp[0m:[95m239[0m [96moperator()[0m] Accepted new connection
[2026-09-01 06:57:18.991] [info] [[94mHttpSession.cpp[0m:[95m96[0m [96mhandleRequest[0m] Got request: GET /ndt/get_graph_data
[2026-09-01 06:57:18.991] [info] [[94mHttpSession.cpp[0m:[95m531[0m [96mhandleGetGraphData[0m] Handle Get Graph Data
[2026-09-01 06:57:19.005] [info] [[94mHttpSession.cpp[0m:[95m576[0m [96mhandleGetGraphData[0m] get_graph_data success
[2026-09-01 06:57:19.241] [info] [[94mControllerAndOtherEventHandler.cpp[0m:[95m239[0m [96moperator()[0m] Accepted new connection
[2026-09-01 06:57:19.241] [info] [[94mHttpSession.cpp[0m:[95m96[0m [96mhandleRequest[0m] Got request: GET /ndt/get_graph_data
[2026-09-01 06:57:19.241] [info] [[94mHttpSession.cpp[0m:[95m531[0m [96mhandleGetGraphData[0m] Handle Get Graph Data
[2026-09-01 06:57:19.255] [info] [[94mHttpSession.cpp[0m:[95m576[0m [96mhandleGetGraphData[0m] get_graph_data success
[2026-09-01 06:57:19.491] [info] [[94mControllerAndOtherEventHandler.cpp[0m:[95m239[0m [96moperator()[0m] Accepted new connection
[2026-09-01 06:57:19.492] [info] [[94mHttpSession.cpp[0m:[95m96[0m [96mhandleRequest[0m] Got request: GET /ndt/get_graph_data
[2026-09-01 06:57:19.492] [info] [[94mHttpSession.cpp[0m:[95m531[0m [96mhandleGetGraphData[0m] Handle Get Graph Data
[2026-09-01 06:57:19.512] [info] [[94mHttpSession.cpp[0m:[95m576[0m [96mhandleGetGraphData[0m] get_graph_data success
[2026-09-01 06:57:19.741] [info] [[94mControllerAndOtherEventHandler.cpp[0m:[95m239[0m [96moperator()[0m] Accepted new connection
[2026-09-01 06:57:19.742] [info] [[94mHttpSession.cpp[0m:[95m96[0m [96mhandleRequest[0m] Got request: GET /ndt/get_graph_data
[2026-09-01 06:57:19.742] [info] [[94mHttpSession.cpp[0m:[95m531[0m [96mhandleGetGraphData[0m] Handle Get Graph Data
[2026-09-01 06:57:19.761] [info] [[94mHttpSession.cpp[0m:[95m576[0m [96mhandleGetGraphData[0m] get_graph_data success
[2026-09-01 06:57:19.991] [info] [[94mControllerAndOtherEventHandler.cpp[0m:[95m239[0m [96moperator()[0m] Accepted new connection
[2026-09-01 06:57:19.991] [info] [[94mHttpSession.cpp[0m:[95m96[0m [96mhandleRequest[0m] Got request: GET /ndt/get_graph_data
[2026-09-01 06:57:19.991] [info] [[94mHttpSession.cpp[0m:[95m531[0m [96mhandleGetGraphData[0m] Handle Get Graph Data
[2026-09-01 06:57:20.004] [info] [[94mHttpSession.cpp[0m:[95m576[0m [96mhandleGetGraphData[0m] get_graph_data success
[2026-09-01 06:57:20.241] [info] [[94mControllerAndOtherEventHandler.cpp[0m:[95m239[0m [96moperator()[0m] Accepted new connection
[2026-09-01 06:57:20.241] [info] [[94mHttpSession.cpp[0m:[95m96[0m [96mhandleRequest[0m] Got request: GET /ndt/get_graph_data
[2026-09-01 06:57:20.241] [info] [[94mHttpSession.cpp[0m:[95m531[0m [96mhandleGetGraphData[0m] Handle Get Graph Data
[2026-09-01 06:57:20.254] [info] [[94mHttpSession.cpp[0m:[95m576[0m [96mhandleGetGraphData[0m] get_graph_data success
[2026-09-01 06:57:20.492] [info] [[94mControllerAndOtherEventHandler.cpp[0m:[95m239[0m [96moperator()[0m] Accepted new connection
[2026-09-01 06:57:20.492] [info] [[94mHttpSession.cpp[0m:[95m96[0m [96mhandleRequest[0m] Got request: GET /ndt/get_graph_data
[2026-09-01 06:57:20.492] [info] [[94mHttpSession.cpp[0m:[95m531[0m [96mhandleGetGraphData[0m] Handle Get Graph Data
[2026-09-01 06:57:20.509] [info] [[94mHttpSession.cpp[0m:[95m576[0m [96mhandleGetGraphData[0m] get_graph_data success
[2026-09-01 06:57:20.741] [info] [[94mControllerAndOtherEventHandler.cpp[0m:[95m239[0m [96moperator()[0m] Accepted new connection
[2026-09-01 06:57:20.741] [info] [[94mHttpSession.cpp[0m:[95m96[0m [96mhandleRequest[0m] Got request: GET /ndt/get_graph_data
[2026-09-01 06:57:20.742] [info] [[94mHttpSession.cpp[0m:[95m531[0m [96mhandleGetGraphData[0m] Handle Get Graph Data
[2026-09-01 06:57:20.759] [info] [[94mHttpSession.cpp[0m:[95m576[0m [96mhandleGetGraphData[0m] get_graph_data success
[2026-09-01 06:57:20.991] [info] [[94mControllerAndOtherEventHandler.cpp[0m:[95m239[0m [96moperator()[0m] Accepted new connection
[2026-09-01 06:57:20.992] [info] [[94mHttpSession.cpp[0m:[95m96[0m [96mhandleRequest[0m] Got request: GET /ndt/get_graph_data
[2026-09-01 06:57:20.992] [info] [[94mHttpSession.cpp[0m:[95m531[0m [96mhandleGetGraphData[0m] Handle Get Graph Data
[2026-09-01 06:57:21.008] [info] [[94mHttpSession.cpp[0m:[95m576[0m [96mhandleGetGraphData[0m] get_graph_data success
[2026-09-01 06:57:21.242] [info] [[94mControllerAndOtherEventHandler.cpp[0m:[95m239[0m [96moperator()[0m] Accepted new connection
[2026-09-01 06:57:21.242] [info] [[94mHttpSession.cpp[0m:[95m96[0m [96mhandleRequest[0m] Got request: GET /ndt/get_graph_data
[2026-09-01 06:57:21.242] [info] [[94mHttpSession.cpp[0m:[95m531[0m [96mhandleGetGraphData[0m] Handle Get Graph Data
[2026-09-01 06:57:21.263] [info] [[94mHttpSession.cpp[0m:[95m576[0m [96mhandleGetGraphData[0m] get_graph_data success
[2026-09-01 06:57:21.491] [info] [[94mControllerAndOtherEventHandler.cpp[0m:[95m239[0m [96moperator()[0m] Accepted new connection
[2026-09-01 06:57:21.492] [info] [[94mHttpSession.cpp[0m:[95m96[0m [96mhandleRequest[0m] Got request: GET /ndt/get_graph_data
[2026-09-01 06:57:21.492] [info] [[94mHttpSession.cpp[0m:[95m531[0m [96mhandleGetGraphData[0m] Handle Get Graph Data
[2026-09-01 06:57:21.512] [info] [[94mHttpSession.cpp[0m:[95m576[0m [96mhandleGetGraphData[0m] get_graph_data success
[2026-09-01 06:57:21.742] [info] [[94mControllerAndOtherEventHandler.cpp[0m:[95m239[0m [96moperator()[0m] Accepted new connection
[2026-09-01 06:57:21.742] [info] [[94mHttpSession.cpp[0m:[95m96[0m [96mhandleRequest[0m] Got request: GET /ndt/get_graph_data
[2026-09-01 06:57:21.742] [info] [[94mHttpSession.cpp[0m:[95m531[0m [96mhandleGetGraphData[0m] Handle Get Graph Data
[2026-09-01 06:57:21.760] [info] [[94mHttpSession.cpp[0m:[95m576[0m [96mhandleGetGraphData[0m] get_graph_data success
[2026-09-01 06:57:21.992] [info] [[94mControllerAndOtherEventHandler.cpp[0m:[95m239[0m [96moperator()[0m] Accepted new connection
[2026-09-01 06:57:21.992] [info] [[94mHttpSession.cpp[0m:[95m96[0m [96mhandleRequest[0m] Got request: GET /ndt/get_graph_data
[2026-09-01 06:57:21.992] [info] [[94mHttpSession.cpp[0m:[95m531[0m [96mhandleGetGraphData[0m] Handle Get Graph Data
[2026-09-01 06:57:22.011] [info] [[94mHttpSession.cpp[0m:[95m576[0m [96mhandleGetGraphData[0m] get_graph_data success
[2026-09-01 06:57:22.242] [info] [[94mControllerAndOtherEventHandler.cpp[0m:[95m239[0m [96moperator()[0m] Accepted new connection
[2026-09-01 06:57:22.242] [info] [[94mHttpSession.cpp[0m:[95m96[0m [96mhandleRequest[0m] Got request: GET /ndt/get_graph_data
[2026-09-01 06:57:22.242] [info] [[94mHttpSession.cpp[0m:[95m531[0m [96mhandleGetGraphData[0m] Handle Get Graph Data
[2026-09-01 06:57:22.260] [info] [[94mHttpSession.cpp[0m:[95m576[0m [96mhandleGetGraphData[0m] get_graph_data success
[2026-09-01 06:57:22.492] [info] [[94mControllerAndOtherEventHandler.cpp[0m:[95m239[0m [96moperator()[0m] Accepted new connection
[2026-09-01 06:57:22.492] [info] [[94mHttpSession.cpp[0m:[95m96[0m [96mhandleRequest[0m] Got request: GET /ndt/get_graph_data
[2026-09-01 06:57:22.492] [info] [[94mHttpSession.cpp[0m:[95m531[0m [96mhandleGetGraphData[0m] Handle Get Graph Data
[2026-09-01 06:57:22.507] [info] [[94mHttpSession.cpp[0m:[95m576[0m [96mhandleGetGraphData[0m] get_graph_data success
[2026-09-01 06:57:22.742] [info] [[94mControllerAndOtherEventHandler.cpp[0m:[95m239[0m [96moperator()[0m] Accepted new connection
[2026-09-01 06:57:22.743] [info] [[94mHttpSession.cpp[0m:[95m96[0m [96mhandleRequest[0m] Got request: GET /ndt/get_graph_data
[2026-09-01 06:57:22.743] [info] [[94mHttpSession.cpp[0m:[95m531[0m [96mhandleGetGraphData[0m] Handle Get Graph Data
[2026-09-01 06:57:22.761] [info] [[94mHttpSession.cpp[0m:[95m576[0m [96mhandleGetGraphData[0m] get_graph_data success
[2026-09-01 06:57:22.993] [info] [[94mControllerAndOtherEventHandler.cpp[0m:[95m239[0m [96moperator()[0m] Accepted new connection
[2026-09-01 06:57:22.993] [info] [[94mHttpSession.cpp[0m:[95m96[0m [96mhandleRequest[0m] Got request: GET /ndt/get_graph_data
[2026-09-01 06:57:22.993] [info] [[94mHttpSession.cpp[0m:[95m531[0m [96mhandleGetGraphData[0m] Handle Get Graph Data
[2026-09-01 06:57:23.012] [info] [[94mHttpSession.cpp[0m:[95m576[0m [96mhandleGetGraphData[0m] get_graph_data success
[2026-09-01 06:57:23.242] [info] [[94mControllerAndOtherEventHandler.cpp[0m:[95m239[0m [96moperator()[0m] Accepted new connection
[2026-09-01 06:57:23.242] [info] [[94mHttpSession.cpp[0m:[95m96[0m [96mhandleRequest[0m] Got request: GET /ndt/get_graph_data
[2026-09-01 06:57:23.243] [info] [[94mHttpSession.cpp[0m:[95m531[0m [96mhandleGetGraphData[0m] Handle Get Graph Data
[2026-09-01 06:57:23.262] [info] [[94mHttpSession.cpp[0m:[95m576[0m [96mhandleGetGraphData[0m] get_graph_data success
[2026-09-01 06:57:23.492] [info] [[94mControllerAndOtherEventHandler.cpp[0m:[95m239[0m [96moperator()[0m] Accepted new connection
[2026-09-01 06:57:23.492] [info] [[94mHttpSession.cpp[0m:[95m96[0m [96mhandleRequest[0m] Got request: GET /ndt/get_graph_data
[2026-09-01 06:57:23.492] [info] [[94mHttpSession.cpp[0m:[95m531[0m [96mhandleGetGraphData[0m] Handle Get Graph Data
[2026-09-01 06:57:23.512] [info] [[94mHttpSession.cpp[0m:[95m576[0m [96mhandleGetGraphData[0m] get_graph_data success
[2026-09-01 06:57:23.743] [info] [[94mControllerAndOtherEventHandler.cpp[0m:[95m239[0m [96moperator()[0m] Accepted new connection
[2026-09-01 06:57:23.743] [info] [[94mHttpSession.cpp[0m:[95m96[0m [96mhandleRequest[0m] Got request: GET /ndt/get_graph_data
[2026-09-01 06:57:23.743] [info] [[94mHttpSession.cpp[0m:[95m531[0m [96mhandleGetGraphData[0m] Handle Get Graph Data
[2026-09-01 06:57:23.764] [info] [[94mHttpSession.cpp[0m:[95m576[0m [96mhandleGetGraphData[0m] get_graph_data success
[2026-09-01 06:57:23.993] [info] [[94mControllerAndOtherEventHandler.cpp[0m:[95m239[0m [96moperator()[0m] Accepted new connection
[2026-09-01 06:57:23.993] [info] [[94mHttpSession.cpp[0m:[95m96[0m [96mhandleRequest[0m] Got request: GET /ndt/get_graph_data
[2026-09-01 06:57:23.993] [info] [[94mHttpSession.cpp[0m:[95m531[0m [96mhandleGetGraphData[0m] Handle Get Graph Data
[2026-09-01 06:57:24.015] [info] [[94mHttpSession.cpp[0m:[95m576[0m [96mhandleGetGraphData[0m] get_graph_data success
[2026-09-01 06:57:24.243] [info] [[94mControllerAndOtherEventHandler.cpp[0m:[95m239[0m [96moperator()[0m] Accepted new connection
[2026-09-01 06:57:24.243] [info] [[94mHttpSession.cpp[0m:[95m96[0m [96mhandleRequest[0m] Got request: GET /ndt/get_graph_data
[2026-09-01 06:57:24.243] [info] [[94mHttpSession.cpp[0m:[95m531[0m [96mhandleGetGraphData[0m] Handle Get Graph Data
[2026-09-01 06:57:24.261] [info] [[94mHttpSession.cpp[0m:[95m576[0m [96mhandleGetGraphData[0m] get_graph_data success
[2026-09-01 06:57:24.493] [info] [[94mControllerAndOtherEventHandler.cpp[0m:[95m239[0m [96moperator()[0m] Accepted new connection
[2026-09-01 06:57:24.493] [info] [[94mHttpSession.cpp[0m:[95m96[0m [96mhandleRequest[0m] Got request: GET /ndt/get_graph_data
[2026-09-01 06:57:24.493] [info] [[94mHttpSession.cpp[0m:[95m531[0m [96mhandleGetGraphData[0m] Handle Get Graph Data
[2026-09-01 06:57:24.505] [info] [[94mHttpSession.cpp[0m:[95m576[0m [96mhandleGetGraphData[0m] get_graph_data success
[2026-09-01 06:57:24.743] [info] [[94mControllerAndOtherEventHandler.cpp[0m:[95m239[0m [96moperator()[0m] Accepted new connection
[2026-09-01 06:57:24.743] [info] [[94mHttpSession.cpp[0m:[95m96[0m [96mhandleRequest[0m] Got request: GET /ndt/get_graph_data
[2026-09-01 06:57:24.743] [info] [[94mHttpSession.cpp[0m:[95m531[0m [96mhandleGetGraphData[0m] Handle Get Graph Data
[2026-09-01 06:57:24.762] [info] [[94mHttpSession.cpp[0m:[95m576[0m [96mhandleGetGraphData[0m] get_graph_data success
[2026-09-01 06:57:24.992] [info] [[94mControllerAndOtherEventHandler.cpp[0m:[95m239[0m [96moperator()[0m] Accepted new connection
[2026-09-01 06:57:24.992] [info] [[94mHttpSession.cpp[0m:[95m96[0m [96mhandleRequest[0m] Got request: GET /ndt/get_graph_data
[2026-09-01 06:57:24.992] [info] [[94mHttpSession.cpp[0m:[95m531[0m [96mhandleGetGraphData[0m] Handle Get Graph Data
[2026-09-01 06:57:25.011] [info] [[94mHttpSession.cpp[0m:[95m576[0m [96mhandleGetGraphData[0m] get_graph_data success
[2026-09-01 06:57:25.243] [info] [[94mControllerAndOtherEventHandler.cpp[0m:[95m239[0m [96moperator()[0m] Accepted new connection
[2026-09-01 06:57:25.243] [info] [[94mHttpSession.cpp[0m:[95m96[0m [96mhandleRequest[0m] Got request: GET /ndt/get_graph_data
[2026-09-01 06:57:25.243] [info] [[94mHttpSession.cpp[0m:[95m531[0m [96mhandleGetGraphData[0m] Handle Get Graph Data
[2026-09-01 06:57:25.257] [info] [[94mHttpSession.cpp[0m:[95m576[0m [96mhandleGetGraphData[0m] get_graph_data success
[2026-09-01 06:57:25.492] [info] [[94mControllerAndOtherEventHandler.cpp[0m:[95m239[0m [96moperator()[0m] Accepted new connection
[2026-09-01 06:57:25.493] [info] [[94mHttpSession.cpp[0m:[95m96[0m [96mhandleRequest[0m] Got request: GET /ndt/get_graph_data
[2026-09-01 06:57:25.493] [info] [[94mHttpSession.cpp[0m:[95m531[0m [96mhandleGetGraphData[0m] Handle Get Graph Data
[2026-09-01 06:57:25.512] [info] [[94mHttpSession.cpp[0m:[95m576[0m [96mhandleGetGraphData[0m] get_graph_data success
[2026-09-01 06:57:25.743] [info] [[94mControllerAndOtherEventHandler.cpp[0m:[95m239[0m [96moperator()[0m] Accepted new connection
[2026-09-01 06:57:25.743] [info] [[94mHttpSession.cpp[0m:[95m96[0m [96mhandleRequest[0m] Got request: GET /ndt/get_graph_data
[2026-09-01 06:57:25.743] [info] [[94mHttpSession.cpp[0m:[95m531[0m [96mhandleGetGraphData[0m] Handle Get Graph Data
[2026-09-01 06:57:25.759] [info] [[94mHttpSession.cpp[0m:[95m576[0m [96mhandleGetGraphData[0m] get_graph_data success
[2026-09-01 06:57:25.993] [info] [[94mControllerAndOtherEventHandler.cpp[0m:[95m239[0m [96moperator()[0m] Accepted new connection
[2026-09-01 06:57:25.993] [info] [[94mHttpSession.cpp[0m:[95m96[0m [96mhandleRequest[0m] Got request: GET /ndt/get_graph_data
[2026-09-01 06:57:25.993] [info] [[94mHttpSession.cpp[0m:[95m531[0m [96mhandleGetGraphData[0m] Handle Get Graph Data
[2026-09-01 06:57:26.012] [info] [[94mHttpSession.cpp[0m:[95m576[0m [96mhandleGetGraphData[0m] get_graph_data success
[2026-09-01 06:57:26.243] [info] [[94mControllerAndOtherEventHandler.cpp[0m:[95m239[0m [96moperator()[0m] Accepted new connection
[2026-09-01 06:57:26.243] [info] [[94mHttpSession.cpp[0m:[95m96[0m [96mhandleRequest[0m] Got request: GET /ndt/get_graph_data
[2026-09-01 06:57:26.243] [info] [[94mHttpSession.cpp[0m:[95m531[0m [96mhandleGetGraphData[0m] Handle Get Graph Data
[2026-09-01 06:57:26.261] [info] [[94mHttpSession.cpp[0m:[95m576[0m [96mhandleGetGraphData[0m] get_graph_data success
[2026-09-01 06:57:26.494] [info] [[94mControllerAndOtherEventHandler.cpp[0m:[95m239[0m [96moperator()[0m] Accepted new connection
[2026-09-01 06:57:26.494] [info] [[94mHttpSession.cpp[0m:[95m96[0m [96mhandleRequest[0m] Got request: GET /ndt/get_graph_data
[2026-09-01 06:57:26.494] [info] [[94mHttpSession.cpp[0m:[95m531[0m [96mhandleGetGraphData[0m] Handle Get Graph Data
[2026-09-01 06:57:26.515] [info] [[94mHttpSession.cpp[0m:[95m576[0m [96mhandleGetGraphData[0m] get_graph_data success
[2026-09-01 06:57:26.744] [info] [[94mControllerAndOtherEventHandler.cpp[0m:[95m239[0m [96moperator()[0m] Accepted new connection
[2026-09-01 06:57:26.744] [info] [[94mHttpSession.cpp[0m:[95m96[0m [96mhandleRequest[0m] Got request: GET /ndt/get_graph_data
[2026-09-01 06:57:26.744] [info] [[94mHttpSession.cpp[0m:[95m531[0m [96mhandleGetGraphData[0m] Handle Get Graph Data
[2026-09-01 06:57:26.763] [info] [[94mHttpSession.cpp[0m:[95m576[0m [96mhandleGetGraphData[0m] get_graph_data success
[2026-09-01 06:57:26.994] [info] [[94mControllerAndOtherEventHandler.cpp[0m:[95m239[0m [96moperator()[0m] Accepted new connection
[2026-09-01 06:57:26.994] [info] [[94mHttpSession.cpp[0m:[95m96[0m [96mhandleRequest[0m] Got request: GET /ndt/get_graph_data
[2026-09-01 06:57:26.994] [info] [[94mHttpSession.cpp[0m:[95m531[0m [96mhandleGetGraphData[0m] Handle Get Graph Data
[2026-09-01 06:57:27.014] [info] [[94mHttpSession.cpp[0m:[95m576[0m [96mhandleGetGraphData[0m] get_graph_data success
[2026-09-01 06:57:27.244] [info] [[94mControllerAndOtherEventHandler.cpp[0m:[95m239[0m [96moperator()[0m] Accepted new connection
[2026-09-01 06:57:27.244] [info] [[94mHttpSession.cpp[0m:[95m96[0m [96mhandleRequest[0m] Got request: GET /ndt/get_graph_data
[2026-09-01 06:57:27.244] [info] [[94mHttpSession.cpp[0m:[95m531[0m [96mhandleGetGraphData[0m] Handle Get Graph Data
[2026-09-01 06:57:27.263] [info] [[94mHttpSession.cpp[0m:[95m576[0m [96mhandleGetGraphData[0m] get_graph_data success
[2026-09-01 06:57:27.494] [info] [[94mControllerAndOtherEventHandler.cpp[0m:[95m239[0m [96moperator()[0m] Accepted new connection
[2026-09-01 06:57:27.494] [info] [[94mHttpSession.cpp[0m:[95m96[0m [96mhandleRequest[0m] Got request: GET /ndt/get_graph_data
[2026-09-01 06:57:27.494] [info] [[94mHttpSession.cpp[0m:[95m531[0m [96mhandleGetGraphData[0m] Handle Get Graph Data
[2026-09-01 06:57:27.512] [info] [[94mHttpSession.cpp[0m:[95m576[0m [96mhandleGetGraphData[0m] get_graph_data success
[2026-09-01 06:57:27.744] [info] [[94mControllerAndOtherEventHandler.cpp[0m:[95m239[0m [96moperator()[0m] Accepted new connection
[2026-09-01 06:57:27.744] [info] [[94mHttpSession.cpp[0m:[95m96[0m [96mhandleRequest[0m] Got request: GET /ndt/get_graph_data
[2026-09-01 06:57:27.744] [info] [[94mHttpSession.cpp[0m:[95m531[0m [96mhandleGetGraphData[0m] Handle Get Graph Data
[2026-09-01 06:57:27.763] [info] [[94mHttpSession.cpp[0m:[95m576[0m [96mhandleGetGraphData[0m] get_graph_data success
[2026-09-01 06:57:27.994] [info] [[94mControllerAndOtherEventHandler.cpp[0m:[95m239[0m [96moperator()[0m] Accepted new connection
[2026-09-01 06:57:27.994] [info] [[94mHttpSession.cpp[0m:[95m96[0m [96mhandleRequest[0m] Got request: GET /ndt/get_graph_data
[2026-09-01 06:57:27.994] [info] [[94mHttpSession.cpp[0m:[95m531[0m [96mhandleGetGraphData[0m] Handle Get Graph Data
[2026-09-01 06:57:28.012] [info] [[94mHttpSession.cpp[0m:[95m576[0m [96mhandleGetGraphData[0m] get_graph_data success
[2026-09-01 06:57:28.244] [info] [[94mControllerAndOtherEventHandler.cpp[0m:[95m239[0m [96moperator()[0m] Accepted new connection
[2026-09-01 06:57:28.244] [info] [[94mHttpSession.cpp[0m:[95m96[0m [96mhandleRequest[0m] Got request: GET /ndt/get_graph_data
[2026-09-01 06:57:28.245] [info] [[94mHttpSession.cpp[0m:[95m531[0m [96mhandleGetGraphData[0m] Handle Get Graph Data
[2026-09-01 06:57:28.263] [info] [[94mHttpSession.cpp[0m:[95m576[0m [96mhandleGetGraphData[0m] get_graph_data success
[2026-09-01 06:57:28.494] [info] [[94mControllerAndOtherEventHandler.cpp[0m:[95m239[0m [96moperator()[0m] Accepted new connection
[2026-09-01 06:57:28.494] [info] [[94mHttpSession.cpp[0m:[95m96[0m [96mhandleRequest[0m] Got request: GET /ndt/get_graph_data
[2026-09-01 06:57:28.494] [info] [[94mHttpSession.cpp[0m:[95m531[0m [96mhandleGetGraphData[0m] Handle Get Graph Data
[2026-09-01 06:57:28.506] [info] [[94mHttpSession.cpp[0m:[95m576[0m [96mhandleGetGraphData[0m] get_graph_data success
[2026-09-01 06:57:28.744] [info] [[94mControllerAndOtherEventHandler.cpp[0m:[95m239[0m [96moperator()[0m] Accepted new connection
[2026-09-01 06:57:28.744] [info] [[94mHttpSession.cpp[0m:[95m96[0m [96mhandleRequest[0m] Got request: GET /ndt/get_graph_data
[2026-09-01 06:57:28.744] [info] [[94mHttpSession.cpp[0m:[95m531[0m [96mhandleGetGraphData[0m] Handle Get Graph Data
[2026-09-01 06:57:28.762] [info] [[94mHttpSession.cpp[0m:[95m576[0m [96mhandleGetGraphData[0m] get_graph_data success
[2026-09-01 06:57:28.994] [info] [[94mControllerAndOtherEventHandler.cpp[0m:[95m239[0m [96moperator()[0m] Accepted new connection
[2026-09-01 06:57:28.994] [info] [[94mHttpSession.cpp[0m:[95m96[0m [96mhandleRequest[0m] Got request: GET /ndt/get_graph_data
[2026-09-01 06:57:28.994] [info] [[94mHttpSession.cpp[0m:[95m531[0m [96mhandleGetGraphData[0m] Handle Get Graph Data
[2026-09-01 06:57:29.012] [info] [[94mHttpSession.cpp[0m:[95m576[0m [96mhandleGetGraphData[0m] get_graph_data success
[2026-09-01 06:57:29.244] [info] [[94mControllerAndOtherEventHandler.cpp[0m:[95m239[0m [96moperator()[0m] Accepted new connection
[2026-09-01 06:57:29.245] [info] [[94mHttpSession.cpp[0m:[95m96[0m [96mhandleRequest[0m] Got request: GET /ndt/get_graph_data
[2026-09-01 06:57:29.245] [info] [[94mHttpSession.cpp[0m:[95m531[0m [96mhandleGetGraphData[0m] Handle Get Graph Data
[2026-09-01 06:57:29.262] [info] [[94mHttpSession.cpp[0m:[95m576[0m [96mhandleGetGraphData[0m] get_graph_data success
[2026-09-01 06:57:29.494] [info] [[94mControllerAndOtherEventHandler.cpp[0m:[95m239[0m [96moperator()[0m] Accepted new connection
[2026-09-01 06:57:29.495] [info] [[94mHttpSession.cpp[0m:[95m96[0m [96mhandleRequest[0m] Got request: GET /ndt/get_graph_data
[2026-09-01 06:57:29.495] [info] [[94mHttpSession.cpp[0m:[95m531[0m [96mhandleGetGraphData[0m] Handle Get Graph Data
[2026-09-01 06:57:29.514] [info] [[94mHttpSession.cpp[0m:[95m576[0m [96mhandleGetGraphData[0m] get_graph_data success
[2026-09-01 06:57:29.745] [info] [[94mControllerAndOtherEventHandler.cpp[0m:[95m239[0m [96moperator()[0m] Accepted new connection
[2026-09-01 06:57:29.745] [info] [[94mHttpSession.cpp[0m:[95m96[0m [96mhandleRequest[0m] Got request: GET /ndt/get_graph_data
[2026-09-01 06:57:29.745] [info] [[94mHttpSession.cpp[0m:[95m531[0m [96mhandleGetGraphData[0m] Handle Get Graph Data
[2026-09-01 06:57:29.761] [info] [[94mHttpSession.cpp[0m:[95m576[0m [96mhandleGetGraphData[0m] get_graph_data success
[2026-09-01 06:57:29.995] [info] [[94mControllerAndOtherEventHandler.cpp[0m:[95m239[0m [96moperator()[0m] Accepted new connection
[2026-09-01 06:57:29.995] [info] [[94mHttpSession.cpp[0m:[95m96[0m [96mhandleRequest[0m] Got request: GET /ndt/get_graph_data
[2026-09-01 06:57:29.995] [info] [[94mHttpSession.cpp[0m:[95m531[0m [96mhandleGetGraphData[0m] Handle Get Graph Data
[2026-09-01 06:57:30.016] [info] [[94mHttpSession.cpp[0m:[95m576[0m [96mhandleGetGraphData[0m] get_graph_data success
[2026-09-01 06:57:30.244] [info] [[94mControllerAndOtherEventHandler.cpp[0m:[95m239[0m [96moperator()[0m] Accepted new connection
[2026-09-01 06:57:30.245] [info] [[94mHttpSession.cpp[0m:[95m96[0m [96mhandleRequest[0m] Got request: GET /ndt/get_graph_data
[2026-09-01 06:57:30.245] [info] [[94mHttpSession.cpp[0m:[95m531[0m [96mhandleGetGraphData[0m] Handle Get Graph Data
[2026-09-01 06:57:30.266] [info] [[94mHttpSession.cpp[0m:[95m576[0m [96mhandleGetGraphData[0m] get_graph_data success
[2026-09-01 06:57:30.495] [info] [[94mControllerAndOtherEventHandler.cpp[0m:[95m239[0m [96moperator()[0m] Accepted new connection
[2026-09-01 06:57:30.495] [info] [[94mHttpSession.cpp[0m:[95m96[0m [96mhandleRequest[0m] Got request: GET /ndt/get_graph_data
[2026-09-01 06:57:30.495] [info] [[94mHttpSession.cpp[0m:[95m531[0m [96mhandleGetGraphData[0m] Handle Get Graph Data
[2026-09-01 06:57:30.514] [info] [[94mHttpSession.cpp[0m:[95m576[0m [96mhandleGetGraphData[0m] get_graph_data success
[2026-09-01 06:57:30.744] [info] [[94mControllerAndOtherEventHandler.cpp[0m:[95m239[0m [96moperator()[0m] Accepted new connection
[2026-09-01 06:57:30.745] [info] [[94mHttpSession.cpp[0m:[95m96[0m [96mhandleRequest[0m] Got request: GET /ndt/get_graph_data
[2026-09-01 06:57:30.745] [info] [[94mHttpSession.cpp[0m:[95m531[0m [96mhandleGetGraphData[0m] Handle Get Graph Data
[2026-09-01 06:57:30.757] [info] [[94mHttpSession.cpp[0m:[95m576[0m [96mhandleGetGraphData[0m] get_graph_data success
[2026-09-01 06:57:30.995] [info] [[94mControllerAndOtherEventHandler.cpp[0m:[95m239[0m [96moperator()[0m] Accepted new connection
[2026-09-01 06:57:30.995] [info] [[94mHttpSession.cpp[0m:[95m96[0m [96mhandleRequest[0m] Got request: GET /ndt/get_graph_data
[2026-09-01 06:57:30.995] [info] [[94mHttpSession.cpp[0m:[95m531[0m [96mhandleGetGraphData[0m] Handle Get Graph Data
[2026-09-01 06:57:31.015] [info] [[94mHttpSession.cpp[0m:[95m576[0m [96mhandleGetGraphData[0m] get_graph_data success
[2026-09-01 06:57:31.245] [info] [[94mControllerAndOtherEventHandler.cpp[0m:[95m239[0m [96moperator()[0m] Accepted new connection
[2026-09-01 06:57:31.246] [info] [[94mHttpSession.cpp[0m:[95m96[0m [96mhandleRequest[0m] Got request: GET /ndt/get_graph_data
[2026-09-01 06:57:31.246] [info] [[94mHttpSession.cpp[0m:[95m531[0m [96mhandleGetGraphData[0m] Handle Get Graph Data
[2026-09-01 06:57:31.265] [info] [[94mHttpSession.cpp[0m:[95m576[0m [96mhandleGetGraphData[0m] get_graph_data success
[2026-09-01 06:57:31.495] [info] [[94mControllerAndOtherEventHandler.cpp[0m:[95m239[0m [96moperator()[0m] Accepted new connection
[2026-09-01 06:57:31.495] [info] [[94mHttpSession.cpp[0m:[95m96[0m [96mhandleRequest[0m] Got request: GET /ndt/get_graph_data
[2026-09-01 06:57:31.495] [info] [[94mHttpSession.cpp[0m:[95m531[0m [96mhandleGetGraphData[0m] Handle Get Graph Data
[2026-09-01 06:57:31.513] [info] [[94mHttpSession.cpp[0m:[95m576[0m [96mhandleGetGraphData[0m] get_graph_data success
[2026-09-01 06:57:31.745] [info] [[94mControllerAndOtherEventHandler.cpp[0m:[95m239[0m [96moperator()[0m] Accepted new connection
[2026-09-01 06:57:31.745] [info] [[94mHttpSession.cpp[0m:[95m96[0m [96mhandleRequest[0m] Got request: GET /ndt/get_graph_data
[2026-09-01 06:57:31.745] [info] [[94mHttpSession.cpp[0m:[95m531[0m [96mhandleGetGraphData[0m] Handle Get Graph Data
[2026-09-01 06:57:31.766] [info] [[94mHttpSession.cpp[0m:[95m576[0m [96mhandleGetGraphData[0m] get_graph_data success
[2026-09-01 06:57:31.995] [info] [[94mControllerAndOtherEventHandler.cpp[0m:[95m239[0m [96moperator()[0m] Accepted new connection
[2026-09-01 06:57:31.996] [info] [[94mHttpSession.cpp[0m:[95m96[0m [96mhandleRequest[0m] Got request: GET /ndt/get_graph_data
[2026-09-01 06:57:31.996] [info] [[94mHttpSession.cpp[0m:[95m531[0m [96mhandleGetGraphData[0m] Handle Get Graph Data
[2026-09-01 06:57:32.013] [info] [[94mHttpSession.cpp[0m:[95m576[0m [96mhandleGetGraphData[0m] get_graph_data success
[2026-09-01 06:57:32.245] [info] [[94mControllerAndOtherEventHandler.cpp[0m:[95m239[0m [96moperator()[0m] Accepted new connection
[2026-09-01 06:57:32.245] [info] [[94mHttpSession.cpp[0m:[95m96[0m [96mhandleRequest[0m] Got request: GET /ndt/get_graph_data
[2026-09-01 06:57:32.245] [info] [[94mHttpSession.cpp[0m:[95m531[0m [96mhandleGetGraphData[0m] Handle Get Graph Data
[2026-09-01 06:57:32.264] [info] [[94mHttpSession.cpp[0m:[95m576[0m [96mhandleGetGraphData[0m] get_graph_data success
[2026-09-01 06:57:32.496] [info] [[94mControllerAndOtherEventHandler.cpp[0m:[95m239[0m [96moperator()[0m] Accepted new connection
[2026-09-01 06:57:32.496] [info] [[94mHttpSession.cpp[0m:[95m96[0m [96mhandleRequest[0m] Got request: GET /ndt/get_graph_data
[2026-09-01 06:57:32.496] [info] [[94mHttpSession.cpp[0m:[95m531[0m [96mhandleGetGraphData[0m] Handle Get Graph Data
[2026-09-01 06:57:32.516] [info] [[94mHttpSession.cpp[0m:[95m576[0m [96mhandleGetGraphData[0m] get_graph_data success
[2026-09-01 06:57:32.745] [info] [[94mControllerAndOtherEventHandler.cpp[0m:[95m239[0m [96moperator()[0m] Accepted new connection
[2026-09-01 06:57:32.745] [info] [[94mHttpSession.cpp[0m:[95m96[0m [96mhandleRequest[0m] Got request: GET /ndt/get_graph_data
[2026-09-01 06:57:32.745] [info] [[94mHttpSession.cpp[0m:[95m531[0m [96mhandleGetGraphData[0m] Handle Get Graph Data
[2026-09-01 06:57:32.763] [info] [[94mHttpSession.cpp[0m:[95m576[0m [96mhandleGetGraphData[0m] get_graph_data success
[2026-09-01 06:57:32.996] [info] [[94mControllerAndOtherEventHandler.cpp[0m:[95m239[0m [96moperator()[0m] Accepted new connection
[2026-09-01 06:57:32.996] [info] [[94mHttpSession.cpp[0m:[95m96[0m [96mhandleRequest[0m] Got request: GET /ndt/get_graph_data
[2026-09-01 06:57:32.996] [info] [[94mHttpSession.cpp[0m:[95m531[0m [96mhandleGetGraphData[0m] Handle Get Graph Data
[2026-09-01 06:57:33.015] [info] [[94mHttpSession.cpp[0m:[95m576[0m [96mhandleGetGraphData[0m] get_graph_data success
[2026-09-01 06:57:33.245] [info] [[94mControllerAndOtherEventHandler.cpp[0m:[95m239[0m [96moperator()[0m] Accepted new connection
[2026-09-01 06:57:33.246] [info] [[94mHttpSession.cpp[0m:[95m96[0m [96mhandleRequest[0m] Got request: GET /ndt/get_graph_data
[2026-09-01 06:57:33.246] [info] [[94mHttpSession.cpp[0m:[95m531[0m [96mhandleGetGraphData[0m] Handle Get Graph Data
[2026-09-01 06:57:33.265] [info] [[94mHttpSession.cpp[0m:[95m576[0m [96mhandleGetGraphData[0m] get_graph_data success
[2026-09-01 06:57:33.495] [info] [[94mControllerAndOtherEventHandler.cpp[0m:[95m239[0m [96moperator()[0m] Accepted new connection
[2026-09-01 06:57:33.496] [info] [[94mHttpSession.cpp[0m:[95m96[0m [96mhandleRequest[0m] Got request: GET /ndt/get_graph_data
[2026-09-01 06:57:33.496] [info] [[94mHttpSession.cpp[0m:[95m531[0m [96mhandleGetGraphData[0m] Handle Get Graph Data
[2026-09-01 06:57:33.513] [info] [[94mHttpSession.cpp[0m:[95m576[0m [96mhandleGetGraphData[0m] get_graph_data success
[2026-09-01 06:57:33.746] [info] [[94mControllerAndOtherEventHandler.cpp[0m:[95m239[0m [96moperator()[0m] Accepted new connection
[2026-09-01 06:57:33.746] [info] [[94mHttpSession.cpp[0m:[95m96[0m [96mhandleRequest[0m] Got request: GET /ndt/get_graph_data
[2026-09-01 06:57:33.746] [info] [[94mHttpSession.cpp[0m:[95m531[0m [96mhandleGetGraphData[0m] Handle Get Graph Data
[2026-09-01 06:57:33.761] [info] [[94mHttpSession.cpp[0m:[95m576[0m [96mhandleGetGraphData[0m] get_graph_data success
[2026-09-01 06:57:33.996] [info] [[94mControllerAndOtherEventHandler.cpp[0m:[95m239[0m [96moperator()[0m] Accepted new connection
[2026-09-01 06:57:33.996] [info] [[94mHttpSession.cpp[0m:[95m96[0m [96mhandleRequest[0m] Got request: GET /ndt/get_graph_data
[2026-09-01 06:57:33.996] [info] [[94mHttpSession.cpp[0m:[95m531[0m [96mhandleGetGraphData[0m] Handle Get Graph Data
[2026-09-01 06:57:34.011] [info] [[94mHttpSession.cpp[0m:[95m576[0m [96mhandleGetGraphData[0m] get_graph_data success
[2026-09-01 06:57:34.246] [info] [[94mControllerAndOtherEventHandler.cpp[0m:[95m239[0m [96moperator()[0m] Accepted new connection
[2026-09-01 06:57:34.246] [info] [[94mHttpSession.cpp[0m:[95m96[0m [96mhandleRequest[0m] Got request: GET /ndt/get_graph_data
[2026-09-01 06:57:34.246] [info] [[94mHttpSession.cpp[0m:[95m531[0m [96mhandleGetGraphData[0m] Handle Get Graph Data
[2026-09-01 06:57:34.263] [info] [[94mHttpSession.cpp[0m:[95m576[0m [96mhandleGetGraphData[0m] get_graph_data success
[2026-09-01 06:57:34.496] [info] [[94mControllerAndOtherEventHandler.cpp[0m:[95m239[0m [96moperator()[0m] Accepted new connection
[2026-09-01 06:57:34.496] [info] [[94mHttpSession.cpp[0m:[95m96[0m [96mhandleRequest[0m] Got request: GET /ndt/get_graph_data
[2026-09-01 06:57:34.496] [info] [[94mHttpSession.cpp[0m:[95m531[0m [96mhandleGetGraphData[0m] Handle Get Graph Data
[2026-09-01 06:57:34.509] [info] [[94mHttpSession.cpp[0m:[95m576[0m [96mhandleGetGraphData[0m] get_graph_data success
[2026-09-01 06:57:34.746] [info] [[94mControllerAndOtherEventHandler.cpp[0m:[95m239[0m [96moperator()[0m] Accepted new connection
[2026-09-01 06:57:34.746] [info] [[94mHttpSession.cpp[0m:[95m96[0m [96mhandleRequest[0m] Got request: GET /ndt/get_graph_data
[2026-09-01 06:57:34.746] [info] [[94mHttpSession.cpp[0m:[95m531[0m [96mhandleGetGraphData[0m] Handle Get Graph Data
[2026-09-01 06:57:34.764] [info] [[94mHttpSession.cpp[0m:[95m576[0m [96mhandleGetGraphData[0m] get_graph_data success
[2026-09-01 06:57:34.997] [info] [[94mControllerAndOtherEventHandler.cpp[0m:[95m239[0m [96moperator()[0m] Accepted new connection
[2026-09-01 06:57:34.997] [info] [[94mHttpSession.cpp[0m:[95m96[0m [96mhandleRequest[0m] Got request: GET /ndt/get_graph_data
[2026-09-01 06:57:34.997] [info] [[94mHttpSession.cpp[0m:[95m531[0m [96mhandleGetGraphData[0m] Handle Get Graph Data
[2026-09-01 06:57:35.014] [info] [[94mHttpSession.cpp[0m:[95m576[0m [96mhandleGetGraphData[0m] get_graph_data success
[2026-09-01 06:57:35.246] [info] [[94mControllerAndOtherEventHandler.cpp[0m:[95m239[0m [96moperator()[0m] Accepted new connection
[2026-09-01 06:57:35.246] [info] [[94mHttpSession.cpp[0m:[95m96[0m [96mhandleRequest[0m] Got request: GET /ndt/get_graph_data
[2026-09-01 06:57:35.246] [info] [[94mHttpSession.cpp[0m:[95m531[0m [96mhandleGetGraphData[0m] Handle Get Graph Data
[2026-09-01 06:57:35.265] [info] [[94mHttpSession.cpp[0m:[95m576[0m [96mhandleGetGraphData[0m] get_graph_data success
[2026-09-01 06:57:35.496] [info] [[94mControllerAndOtherEventHandler.cpp[0m:[95m239[0m [96moperator()[0m] Accepted new connection
[2026-09-01 06:57:35.496] [info] [[94mHttpSession.cpp[0m:[95m96[0m [96mhandleRequest[0m] Got request: GET /ndt/get_graph_data
[2026-09-01 06:57:35.496] [info] [[94mHttpSession.cpp[0m:[95m531[0m [96mhandleGetGraphData[0m] Handle Get Graph Data
[2026-09-01 06:57:35.515] [info] [[94mHttpSession.cpp[0m:[95m576[0m [96mhandleGetGraphData[0m] get_graph_data success
[2026-09-01 06:57:35.746] [info] [[94mControllerAndOtherEventHandler.cpp[0m:[95m239[0m [96moperator()[0m] Accepted new connection
[2026-09-01 06:57:35.746] [info] [[94mHttpSession.cpp[0m:[95m96[0m [96mhandleRequest[0m] Got request: GET /ndt/get_graph_data
[2026-09-01 06:57:35.746] [info] [[94mHttpSession.cpp[0m:[95m531[0m [96mhandleGetGraphData[0m] Handle Get Graph Data
[2026-09-01 06:57:35.760] [info] [[94mHttpSession.cpp[0m:[95m576[0m [96mhandleGetGraphData[0m] get_graph_data success
[2026-09-01 06:57:35.997] [info] [[94mControllerAndOtherEventHandler.cpp[0m:[95m239[0m [96moperator()[0m] Accepted new connection
[2026-09-01 06:57:35.997] [info] [[94mHttpSession.cpp[0m:[95m96[0m [96mhandleRequest[0m] Got request: GET /ndt/get_graph_data
[2026-09-01 06:57:35.997] [info] [[94mHttpSession.cpp[0m:[95m531[0m [96mhandleGetGraphData[0m] Handle Get Graph Data
[2026-09-01 06:57:36.009] [info] [[94mHttpSession.cpp[0m:[95m576[0m [96mhandleGetGraphData[0m] get_graph_data success
[2026-09-01 06:57:36.247] [info] [[94mControllerAndOtherEventHandler.cpp[0m:[95m239[0m [96moperator()[0m] Accepted new connection
[2026-09-01 06:57:36.247] [info] [[94mHttpSession.cpp[0m:[95m96[0m [96mhandleRequest[0m] Got request: GET /ndt/get_graph_data
[2026-09-01 06:57:36.247] [info] [[94mHttpSession.cpp[0m:[95m531[0m [96mhandleGetGraphData[0m] Handle Get Graph Data
[2026-09-01 06:57:36.262] [info] [[94mHttpSession.cpp[0m:[95m576[0m [96mhandleGetGraphData[0m] get_graph_data success
[2026-09-01 06:57:36.497] [info] [[94mControllerAndOtherEventHandler.cpp[0m:[95m239[0m [96moperator()[0m] Accepted new connection
[2026-09-01 06:57:36.497] [info] [[94mHttpSession.cpp[0m:[95m96[0m [96mhandleRequest[0m] Got request: GET /ndt/get_graph_data
[2026-09-01 06:57:36.497] [info] [[94mHttpSession.cpp[0m:[95m531[0m [96mhandleGetGraphData[0m] Handle Get Graph Data
[2026-09-01 06:57:36.512] [info] [[94mHttpSession.cpp[0m:[95m576[0m [96mhandleGetGraphData[0m] get_graph_data success
[2026-09-01 06:57:36.746] [info] [[94mControllerAndOtherEventHandler.cpp[0m:[95m239[0m [96moperator()[0m] Accepted new connection
[2026-09-01 06:57:36.747] [info] [[94mHttpSession.cpp[0m:[95m96[0m [96mhandleRequest[0m] Got request: GET /ndt/get_graph_data
[2026-09-01 06:57:36.747] [info] [[94mHttpSession.cpp[0m:[95m531[0m [96mhandleGetGraphData[0m] Handle Get Graph Data
[2026-09-01 06:57:36.763] [info] [[94mHttpSession.cpp[0m:[95m576[0m [96mhandleGetGraphData[0m] get_graph_data success
[2026-09-01 06:57:36.997] [info] [[94mControllerAndOtherEventHandler.cpp[0m:[95m239[0m [96moperator()[0m] Accepted new connection
[2026-09-01 06:57:36.997] [info] [[94mHttpSession.cpp[0m:[95m96[0m [96mhandleRequest[0m] Got request: GET /ndt/get_graph_data
[2026-09-01 06:57:36.997] [info] [[94mHttpSession.cpp[0m:[95m531[0m [96mhandleGetGraphData[0m] Handle Get Graph Data
[2026-09-01 06:57:37.015] [info] [[94mHttpSession.cpp[0m:[95m576[0m [96mhandleGetGraphData[0m] get_graph_data success
[2026-09-01 06:57:37.247] [info] [[94mControllerAndOtherEventHandler.cpp[0m:[95m239[0m [96moperator()[0m] Accepted new connection
[2026-09-01 06:57:37.247] [info] [[94mHttpSession.cpp[0m:[95m96[0m [96mhandleRequest[0m] Got request: GET /ndt/get_graph_data
[2026-09-01 06:57:37.247] [info] [[94mHttpSession.cpp[0m:[95m531[0m [96mhandleGetGraphData[0m] Handle Get Graph Data
[2026-09-01 06:57:37.260] [info] [[94mHttpSession.cpp[0m:[95m576[0m [96mhandleGetGraphData[0m] get_graph_data success
[2026-09-01 06:57:37.391] [info] [[94mFlowLinkUsageCollector.cpp[0m:[95m1807[0m [96mcalAvgFlowSendingRatesPeriodically[0m] rate loop period: last 30 iters mean 1001.4 ms | since start (209 iters) mean 1001.2 ms, min 1000.1, max 1005.5 (flows=1, counters=8) -- the LAST-N figure is the current denominator; the since-start one lags it
[2026-09-01 06:57:37.392] [info] [[94mFlowLinkUsageCollector.cpp[0m:[95m2016[0m [96mcalAvgFlowSendingRatesPeriodically[0m] rate divisor check: measured_interval_s=1.001471 divisor_used_s=1.001471 (ticket Q gate: these must agree to 1%; a negative divisor means no rate has been published yet, which is not a pass)
[2026-09-01 06:57:37.497] [info] [[94mControllerAndOtherEventHandler.cpp[0m:[95m239[0m [96moperator()[0m] Accepted new connection
[2026-09-01 06:57:37.497] [info] [[94mHttpSession.cpp[0m:[95m96[0m [96mhandleRequest[0m] Got request: GET /ndt/get_graph_data
[2026-09-01 06:57:37.497] [info] [[94mHttpSession.cpp[0m:[95m531[0m [96mhandleGetGraphData[0m] Handle Get Graph Data
[2026-09-01 06:57:37.515] [info] [[94mHttpSession.cpp[0m:[95m576[0m [96mhandleGetGraphData[0m] get_graph_data success
[2026-09-01 06:57:37.747] [info] [[94mControllerAndOtherEventHandler.cpp[0m:[95m239[0m [96moperator()[0m] Accepted new connection
[2026-09-01 06:57:37.747] [info] [[94mHttpSession.cpp[0m:[95m96[0m [96mhandleRequest[0m] Got request: GET /ndt/get_graph_data
[2026-09-01 06:57:37.747] [info] [[94mHttpSession.cpp[0m:[95m531[0m [96mhandleGetGraphData[0m] Handle Get Graph Data
[2026-09-01 06:57:37.758] [info] [[94mHttpSession.cpp[0m:[95m576[0m [96mhandleGetGraphData[0m] get_graph_data success
[2026-09-01 06:57:37.997] [info] [[94mControllerAndOtherEventHandler.cpp[0m:[95m239[0m [96moperator()[0m] Accepted new connection
[2026-09-01 06:57:37.997] [info] [[94mHttpSession.cpp[0m:[95m96[0m [96mhandleRequest[0m] Got request: GET /ndt/get_graph_data
[2026-09-01 06:57:37.997] [info] [[94mHttpSession.cpp[0m:[95m531[0m [96mhandleGetGraphData[0m] Handle Get Graph Data
[2026-09-01 06:57:38.008] [info] [[94mHttpSession.cpp[0m:[95m576[0m [96mhandleGetGraphData[0m] get_graph_data success
[2026-09-01 06:57:38.247] [info] [[94mControllerAndOtherEventHandler.cpp[0m:[95m239[0m [96moperator()[0m] Accepted new connection
[2026-09-01 06:57:38.247] [info] [[94mHttpSession.cpp[0m:[95m96[0m [96mhandleRequest[0m] Got request: GET /ndt/get_graph_data
[2026-09-01 06:57:38.247] [info] [[94mHttpSession.cpp[0m:[95m531[0m [96mhandleGetGraphData[0m] Handle Get Graph Data
[2026-09-01 06:57:38.265] [info] [[94mHttpSession.cpp[0m:[95m576[0m [96mhandleGetGraphData[0m] get_graph_data success
[2026-09-01 06:57:38.497] [info] [[94mControllerAndOtherEventHandler.cpp[0m:[95m239[0m [96moperator()[0m] Accepted new connection
[2026-09-01 06:57:38.497] [info] [[94mHttpSession.cpp[0m:[95m96[0m [96mhandleRequest[0m] Got request: GET /ndt/get_graph_data
[2026-09-01 06:57:38.497] [info] [[94mHttpSession.cpp[0m:[95m531[0m [96mhandleGetGraphData[0m] Handle Get Graph Data
[2026-09-01 06:57:38.516] [info] [[94mHttpSession.cpp[0m:[95m576[0m [96mhandleGetGraphData[0m] get_graph_data success
[2026-09-01 06:57:38.748] [info] [[94mControllerAndOtherEventHandler.cpp[0m:[95m239[0m [96moperator()[0m] Accepted new connection
[2026-09-01 06:57:38.748] [info] [[94mHttpSession.cpp[0m:[95m96[0m [96mhandleRequest[0m] Got request: GET /ndt/get_graph_data
[2026-09-01 06:57:38.748] [info] [[94mHttpSession.cpp[0m:[95m531[0m [96mhandleGetGraphData[0m] Handle Get Graph Data
[2026-09-01 06:57:38.766] [info] [[94mHttpSession.cpp[0m:[95m576[0m [96mhandleGetGraphData[0m] get_graph_data success
[2026-09-01 06:57:38.998] [info] [[94mControllerAndOtherEventHandler.cpp[0m:[95m239[0m [96moperator()[0m] Accepted new connection
[2026-09-01 06:57:38.998] [info] [[94mHttpSession.cpp[0m:[95m96[0m [96mhandleRequest[0m] Got request: GET /ndt/get_graph_data
[2026-09-01 06:57:38.998] [info] [[94mHttpSession.cpp[0m:[95m531[0m [96mhandleGetGraphData[0m] Handle Get Graph Data
[2026-09-01 06:57:39.016] [info] [[94mHttpSession.cpp[0m:[95m576[0m [96mhandleGetGraphData[0m] get_graph_data success
[2026-09-01 06:57:39.248] [info] [[94mControllerAndOtherEventHandler.cpp[0m:[95m239[0m [96moperator()[0m] Accepted new connection
[2026-09-01 06:57:39.248] [info] [[94mHttpSession.cpp[0m:[95m96[0m [96mhandleRequest[0m] Got request: GET /ndt/get_graph_data
[2026-09-01 06:57:39.248] [info] [[94mHttpSession.cpp[0m:[95m531[0m [96mhandleGetGraphData[0m] Handle Get Graph Data
[2026-09-01 06:57:39.267] [info] [[94mHttpSession.cpp[0m:[95m576[0m [96mhandleGetGraphData[0m] get_graph_data success
[2026-09-01 06:57:39.498] [info] [[94mControllerAndOtherEventHandler.cpp[0m:[95m239[0m [96moperator()[0m] Accepted new connection
[2026-09-01 06:57:39.498] [info] [[94mHttpSession.cpp[0m:[95m96[0m [96mhandleRequest[0m] Got request: GET /ndt/get_graph_data
[2026-09-01 06:57:39.498] [info] [[94mHttpSession.cpp[0m:[95m531[0m [96mhandleGetGraphData[0m] Handle Get Graph Data
[2026-09-01 06:57:39.518] [info] [[94mHttpSession.cpp[0m:[95m576[0m [96mhandleGetGraphData[0m] get_graph_data success
[2026-09-01 06:57:39.748] [info] [[94mControllerAndOtherEventHandler.cpp[0m:[95m239[0m [96moperator()[0m] Accepted new connection
[2026-09-01 06:57:39.749] [info] [[94mHttpSession.cpp[0m:[95m96[0m [96mhandleRequest[0m] Got request: GET /ndt/get_graph_data
[2026-09-01 06:57:39.749] [info] [[94mHttpSession.cpp[0m:[95m531[0m [96mhandleGetGraphData[0m] Handle Get Graph Data
[2026-09-01 06:57:39.768] [info] [[94mHttpSession.cpp[0m:[95m576[0m [96mhandleGetGraphData[0m] get_graph_data success
[2026-09-01 06:57:39.998] [info] [[94mControllerAndOtherEventHandler.cpp[0m:[95m239[0m [96moperator()[0m] Accepted new connection
[2026-09-01 06:57:39.998] [info] [[94mHttpSession.cpp[0m:[95m96[0m [96mhandleRequest[0m] Got request: GET /ndt/get_graph_data
[2026-09-01 06:57:39.998] [info] [[94mHttpSession.cpp[0m:[95m531[0m [96mhandleGetGraphData[0m] Handle Get Graph Data
[2026-09-01 06:57:40.015] [info] [[94mHttpSession.cpp[0m:[95m576[0m [96mhandleGetGraphData[0m] get_graph_data success
[2026-09-01 06:57:40.248] [info] [[94mControllerAndOtherEventHandler.cpp[0m:[95m239[0m [96moperator()[0m] Accepted new connection
[2026-09-01 06:57:40.248] [info] [[94mHttpSession.cpp[0m:[95m96[0m [96mhandleRequest[0m] Got request: GET /ndt/get_graph_data
[2026-09-01 06:57:40.248] [info] [[94mHttpSession.cpp[0m:[95m531[0m [96mhandleGetGraphData[0m] Handle Get Graph Data
[2026-09-01 06:57:40.263] [info] [[94mHttpSession.cpp[0m:[95m576[0m [96mhandleGetGraphData[0m] get_graph_data success
[2026-09-01 06:57:40.498] [info] [[94mControllerAndOtherEventHandler.cpp[0m:[95m239[0m [96moperator()[0m] Accepted new connection
[2026-09-01 06:57:40.498] [info] [[94mHttpSession.cpp[0m:[95m96[0m [96mhandleRequest[0m] Got request: GET /ndt/get_graph_data
[2026-09-01 06:57:40.498] [info] [[94mHttpSession.cpp[0m:[95m531[0m [96mhandleGetGraphData[0m] Handle Get Graph Data
[2026-09-01 06:57:40.512] [info] [[94mHttpSession.cpp[0m:[95m576[0m [96mhandleGetGraphData[0m] get_graph_data success
[2026-09-01 06:57:40.748] [info] [[94mControllerAndOtherEventHandler.cpp[0m:[95m239[0m [96moperator()[0m] Accepted new connection
[2026-09-01 06:57:40.749] [info] [[94mHttpSession.cpp[0m:[95m96[0m [96mhandleRequest[0m] Got request: GET /ndt/get_graph_data
[2026-09-01 06:57:40.749] [info] [[94mHttpSession.cpp[0m:[95m531[0m [96mhandleGetGraphData[0m] Handle Get Graph Data
[2026-09-01 06:57:40.764] [info] [[94mHttpSession.cpp[0m:[95m576[0m [96mhandleGetGraphData[0m] get_graph_data success
[2026-09-01 06:57:40.998] [info] [[94mControllerAndOtherEventHandler.cpp[0m:[95m239[0m [96moperator()[0m] Accepted new connection
[2026-09-01 06:57:40.998] [info] [[94mHttpSession.cpp[0m:[95m96[0m [96mhandleRequest[0m] Got request: GET /ndt/get_graph_data
[2026-09-01 06:57:40.998] [info] [[94mHttpSession.cpp[0m:[95m531[0m [96mhandleGetGraphData[0m] Handle Get Graph Data
[2026-09-01 06:57:41.018] [info] [[94mHttpSession.cpp[0m:[95m576[0m [96mhandleGetGraphData[0m] get_graph_data success
[2026-09-01 06:57:41.249] [info] [[94mControllerAndOtherEventHandler.cpp[0m:[95m239[0m [96moperator()[0m] Accepted new connection
[2026-09-01 06:57:41.249] [info] [[94mHttpSession.cpp[0m:[95m96[0m [96mhandleRequest[0m] Got request: GET /ndt/get_graph_data
[2026-09-01 06:57:41.249] [info] [[94mHttpSession.cpp[0m:[95m531[0m [96mhandleGetGraphData[0m] Handle Get Graph Data
[2026-09-01 06:57:41.270] [info] [[94mHttpSession.cpp[0m:[95m576[0m [96mhandleGetGraphData[0m] get_graph_data success
[2026-09-01 06:57:41.499] [info] [[94mControllerAndOtherEventHandler.cpp[0m:[95m239[0m [96moperator()[0m] Accepted new connection
[2026-09-01 06:57:41.499] [info] [[94mHttpSession.cpp[0m:[95m96[0m [96mhandleRequest[0m] Got request: GET /ndt/get_graph_data
[2026-09-01 06:57:41.499] [info] [[94mHttpSession.cpp[0m:[95m531[0m [96mhandleGetGraphData[0m] Handle Get Graph Data
[2026-09-01 06:57:41.514] [info] [[94mHttpSession.cpp[0m:[95m576[0m [96mhandleGetGraphData[0m] get_graph_data success
[2026-09-01 06:57:41.748] [info] [[94mControllerAndOtherEventHandler.cpp[0m:[95m239[0m [96moperator()[0m] Accepted new connection
[2026-09-01 06:57:41.749] [info] [[94mHttpSession.cpp[0m:[95m96[0m [96mhandleRequest[0m] Got request: GET /ndt/get_graph_data
[2026-09-01 06:57:41.749] [info] [[94mHttpSession.cpp[0m:[95m531[0m [96mhandleGetGraphData[0m] Handle Get Graph Data
[2026-09-01 06:57:41.769] [info] [[94mHttpSession.cpp[0m:[95m576[0m [96mhandleGetGraphData[0m] get_graph_data success
[2026-09-01 06:57:41.999] [info] [[94mControllerAndOtherEventHandler.cpp[0m:[95m239[0m [96moperator()[0m] Accepted new connection
[2026-09-01 06:57:41.999] [info] [[94mHttpSession.cpp[0m:[95m96[0m [96mhandleRequest[0m] Got request: GET /ndt/get_graph_data
[2026-09-01 06:57:41.999] [info] [[94mHttpSession.cpp[0m:[95m531[0m [96mhandleGetGraphData[0m] Handle Get Graph Data
[2026-09-01 06:57:42.019] [info] [[94mHttpSession.cpp[0m:[95m576[0m [96mhandleGetGraphData[0m] get_graph_data success
[2026-09-01 06:57:42.249] [info] [[94mControllerAndOtherEventHandler.cpp[0m:[95m239[0m [96moperator()[0m] Accepted new connection
[2026-09-01 06:57:42.249] [info] [[94mHttpSession.cpp[0m:[95m96[0m [96mhandleRequest[0m] Got request: GET /ndt/get_graph_data
[2026-09-01 06:57:42.249] [info] [[94mHttpSession.cpp[0m:[95m531[0m [96mhandleGetGraphData[0m] Handle Get Graph Data
[2026-09-01 06:57:42.267] [info] [[94mHttpSession.cpp[0m:[95m576[0m [96mhandleGetGraphData[0m] get_graph_data success
[2026-09-01 06:57:42.499] [info] [[94mControllerAndOtherEventHandler.cpp[0m:[95m239[0m [96moperator()[0m] Accepted new connection
[2026-09-01 06:57:42.499] [info] [[94mHttpSession.cpp[0m:[95m96[0m [96mhandleRequest[0m] Got request: GET /ndt/get_graph_data
[2026-09-01 06:57:42.499] [info] [[94mHttpSession.cpp[0m:[95m531[0m [96mhandleGetGraphData[0m] Handle Get Graph Data
[2026-09-01 06:57:42.518] [info] [[94mHttpSession.cpp[0m:[95m576[0m [96mhandleGetGraphData[0m] get_graph_data success
[2026-09-01 06:57:42.749] [info] [[94mControllerAndOtherEventHandler.cpp[0m:[95m239[0m [96moperator()[0m] Accepted new connection
[2026-09-01 06:57:42.749] [info] [[94mHttpSession.cpp[0m:[95m96[0m [96mhandleRequest[0m] Got request: GET /ndt/get_graph_data
[2026-09-01 06:57:42.749] [info] [[94mHttpSession.cpp[0m:[95m531[0m [96mhandleGetGraphData[0m] Handle Get Graph Data
[2026-09-01 06:57:42.770] [info] [[94mHttpSession.cpp[0m:[95m576[0m [96mhandleGetGraphData[0m] get_graph_data success
[2026-09-01 06:57:42.999] [info] [[94mControllerAndOtherEventHandler.cpp[0m:[95m239[0m [96moperator()[0m] Accepted new connection
[2026-09-01 06:57:42.999] [info] [[94mHttpSession.cpp[0m:[95m96[0m [96mhandleRequest[0m] Got request: GET /ndt/get_graph_data
[2026-09-01 06:57:42.999] [info] [[94mHttpSession.cpp[0m:[95m531[0m [96mhandleGetGraphData[0m] Handle Get Graph Data
[2026-09-01 06:57:43.018] [info] [[94mHttpSession.cpp[0m:[95m576[0m [96mhandleGetGraphData[0m] get_graph_data success
[2026-09-01 06:57:43.249] [info] [[94mControllerAndOtherEventHandler.cpp[0m:[95m239[0m [96moperator()[0m] Accepted new connection
[2026-09-01 06:57:43.249] [info] [[94mHttpSession.cpp[0m:[95m96[0m [96mhandleRequest[0m] Got request: GET /ndt/get_graph_data
[2026-09-01 06:57:43.249] [info] [[94mHttpSession.cpp[0m:[95m531[0m [96mhandleGetGraphData[0m] Handle Get Graph Data
[2026-09-01 06:57:43.269] [info] [[94mHttpSession.cpp[0m:[95m576[0m [96mhandleGetGraphData[0m] get_graph_data success
[2026-09-01 06:57:43.500] [info] [[94mControllerAndOtherEventHandler.cpp[0m:[95m239[0m [96moperator()[0m] Accepted new connection
[2026-09-01 06:57:43.500] [info] [[94mHttpSession.cpp[0m:[95m96[0m [96mhandleRequest[0m] Got request: GET /ndt/get_graph_data
[2026-09-01 06:57:43.500] [info] [[94mHttpSession.cpp[0m:[95m531[0m [96mhandleGetGraphData[0m] Handle Get Graph Data
[2026-09-01 06:57:43.519] [info] [[94mHttpSession.cpp[0m:[95m576[0m [96mhandleGetGraphData[0m] get_graph_data success
[2026-09-01 06:57:43.750] [info] [[94mControllerAndOtherEventHandler.cpp[0m:[95m239[0m [96moperator()[0m] Accepted new connection
[2026-09-01 06:57:43.750] [info] [[94mHttpSession.cpp[0m:[95m96[0m [96mhandleRequest[0m] Got request: GET /ndt/get_graph_data
[2026-09-01 06:57:43.750] [info] [[94mHttpSession.cpp[0m:[95m531[0m [96mhandleGetGraphData[0m] Handle Get Graph Data
[2026-09-01 06:57:43.768] [info] [[94mHttpSession.cpp[0m:[95m576[0m [96mhandleGetGraphData[0m] get_graph_data success
[2026-09-01 06:57:44.000] [info] [[94mControllerAndOtherEventHandler.cpp[0m:[95m239[0m [96moperator()[0m] Accepted new connection
[2026-09-01 06:57:44.000] [info] [[94mHttpSession.cpp[0m:[95m96[0m [96mhandleRequest[0m] Got request: GET /ndt/get_graph_data
[2026-09-01 06:57:44.000] [info] [[94mHttpSession.cpp[0m:[95m531[0m [96mhandleGetGraphData[0m] Handle Get Graph Data
[2026-09-01 06:57:44.018] [info] [[94mHttpSession.cpp[0m:[95m576[0m [96mhandleGetGraphData[0m] get_graph_data success
[2026-09-01 06:57:44.250] [info] [[94mControllerAndOtherEventHandler.cpp[0m:[95m239[0m [96moperator()[0m] Accepted new connection
[2026-09-01 06:57:44.250] [info] [[94mHttpSession.cpp[0m:[95m96[0m [96mhandleRequest[0m] Got request: GET /ndt/get_graph_data
[2026-09-01 06:57:44.250] [info] [[94mHttpSession.cpp[0m:[95m531[0m [96mhandleGetGraphData[0m] Handle Get Graph Data
[2026-09-01 06:57:44.268] [info] [[94mHttpSession.cpp[0m:[95m576[0m [96mhandleGetGraphData[0m] get_graph_data success
[2026-09-01 06:57:44.500] [info] [[94mControllerAndOtherEventHandler.cpp[0m:[95m239[0m [96moperator()[0m] Accepted new connection
[2026-09-01 06:57:44.500] [info] [[94mHttpSession.cpp[0m:[95m96[0m [96mhandleRequest[0m] Got request: GET /ndt/get_graph_data
[2026-09-01 06:57:44.500] [info] [[94mHttpSession.cpp[0m:[95m531[0m [96mhandleGetGraphData[0m] Handle Get Graph Data
[2026-09-01 06:57:44.518] [info] [[94mHttpSession.cpp[0m:[95m576[0m [96mhandleGetGraphData[0m] get_graph_data success
[2026-09-01 06:57:44.750] [info] [[94mControllerAndOtherEventHandler.cpp[0m:[95m239[0m [96moperator()[0m] Accepted new connection
[2026-09-01 06:57:44.750] [info] [[94mHttpSession.cpp[0m:[95m96[0m [96mhandleRequest[0m] Got request: GET /ndt/get_graph_data
[2026-09-01 06:57:44.750] [info] [[94mHttpSession.cpp[0m:[95m531[0m [96mhandleGetGraphData[0m] Handle Get Graph Data
[2026-09-01 06:57:44.768] [info] [[94mHttpSession.cpp[0m:[95m576[0m [96mhandleGetGraphData[0m] get_graph_data success
[2026-09-01 06:57:44.999] [info] [[94mControllerAndOtherEventHandler.cpp[0m:[95m239[0m [96moperator()[0m] Accepted new connection
[2026-09-01 06:57:45.000] [info] [[94mHttpSession.cpp[0m:[95m96[0m [96mhandleRequest[0m] Got request: GET /ndt/get_graph_data
[2026-09-01 06:57:45.000] [info] [[94mHttpSession.cpp[0m:[95m531[0m [96mhandleGetGraphData[0m] Handle Get Graph Data
[2026-09-01 06:57:45.017] [info] [[94mHttpSession.cpp[0m:[95m576[0m [96mhandleGetGraphData[0m] get_graph_data success
[2026-09-01 06:57:45.250] [info] [[94mControllerAndOtherEventHandler.cpp[0m:[95m239[0m [96moperator()[0m] Accepted new connection
[2026-09-01 06:57:45.250] [info] [[94mHttpSession.cpp[0m:[95m96[0m [96mhandleRequest[0m] Got request: GET /ndt/get_graph_data
[2026-09-01 06:57:45.250] [info] [[94mHttpSession.cpp[0m:[95m531[0m [96mhandleGetGraphData[0m] Handle Get Graph Data
[2026-09-01 06:57:45.266] [info] [[94mHttpSession.cpp[0m:[95m576[0m [96mhandleGetGraphData[0m] get_graph_data success
[2026-09-01 06:57:45.499] [info] [[94mControllerAndOtherEventHandler.cpp[0m:[95m239[0m [96moperator()[0m] Accepted new connection
[2026-09-01 06:57:45.500] [info] [[94mHttpSession.cpp[0m:[95m96[0m [96mhandleRequest[0m] Got request: GET /ndt/get_graph_data
[2026-09-01 06:57:45.500] [info] [[94mHttpSession.cpp[0m:[95m531[0m [96mhandleGetGraphData[0m] Handle Get Graph Data
[2026-09-01 06:57:45.513] [info] [[94mHttpSession.cpp[0m:[95m576[0m [96mhandleGetGraphData[0m] get_graph_data success
[2026-09-01 06:57:45.750] [info] [[94mControllerAndOtherEventHandler.cpp[0m:[95m239[0m [96moperator()[0m] Accepted new connection
[2026-09-01 06:57:45.750] [info] [[94mHttpSession.cpp[0m:[95m96[0m [96mhandleRequest[0m] Got request: GET /ndt/get_graph_data
[2026-09-01 06:57:45.750] [info] [[94mHttpSession.cpp[0m:[95m531[0m [96mhandleGetGraphData[0m] Handle Get Graph Data
[2026-09-01 06:57:45.771] [info] [[94mHttpSession.cpp[0m:[95m576[0m [96mhandleGetGraphData[0m] get_graph_data success
[2026-09-01 06:57:46.000] [info] [[94mControllerAndOtherEventHandler.cpp[0m:[95m239[0m [96moperator()[0m] Accepted new connection
[2026-09-01 06:57:46.000] [info] [[94mHttpSession.cpp[0m:[95m96[0m [96mhandleRequest[0m] Got request: GET /ndt/get_graph_data
[2026-09-01 06:57:46.000] [info] [[94mHttpSession.cpp[0m:[95m531[0m [96mhandleGetGraphData[0m] Handle Get Graph Data
[2026-09-01 06:57:46.017] [info] [[94mHttpSession.cpp[0m:[95m576[0m [96mhandleGetGraphData[0m] get_graph_data success
[2026-09-01 06:57:46.250] [info] [[94mControllerAndOtherEventHandler.cpp[0m:[95m239[0m [96moperator()[0m] Accepted new connection
[2026-09-01 06:57:46.250] [info] [[94mHttpSession.cpp[0m:[95m96[0m [96mhandleRequest[0m] Got request: GET /ndt/get_graph_data
[2026-09-01 06:57:46.250] [info] [[94mHttpSession.cpp[0m:[95m531[0m [96mhandleGetGraphData[0m] Handle Get Graph Data
[2026-09-01 06:57:46.270] [info] [[94mHttpSession.cpp[0m:[95m576[0m [96mhandleGetGraphData[0m] get_graph_data success
[2026-09-01 06:57:46.500] [info] [[94mControllerAndOtherEventHandler.cpp[0m:[95m239[0m [96moperator()[0m] Accepted new connection
[2026-09-01 06:57:46.501] [info] [[94mHttpSession.cpp[0m:[95m96[0m [96mhandleRequest[0m] Got request: GET /ndt/get_graph_data
[2026-09-01 06:57:46.501] [info] [[94mHttpSession.cpp[0m:[95m531[0m [96mhandleGetGraphData[0m] Handle Get Graph Data
[2026-09-01 06:57:46.521] [info] [[94mHttpSession.cpp[0m:[95m576[0m [96mhandleGetGraphData[0m] get_graph_data success
[2026-09-01 06:57:46.750] [info] [[94mControllerAndOtherEventHandler.cpp[0m:[95m239[0m [96moperator()[0m] Accepted new connection
[2026-09-01 06:57:46.750] [info] [[94mHttpSession.cpp[0m:[95m96[0m [96mhandleRequest[0m] Got request: GET /ndt/get_graph_data
[2026-09-01 06:57:46.750] [info] [[94mHttpSession.cpp[0m:[95m531[0m [96mhandleGetGraphData[0m] Handle Get Graph Data
[2026-09-01 06:57:46.771] [info] [[94mHttpSession.cpp[0m:[95m576[0m [96mhandleGetGraphData[0m] get_graph_data success
[2026-09-01 06:57:47.001] [info] [[94mControllerAndOtherEventHandler.cpp[0m:[95m239[0m [96moperator()[0m] Accepted new connection
[2026-09-01 06:57:47.001] [info] [[94mHttpSession.cpp[0m:[95m96[0m [96mhandleRequest[0m] Got request: GET /ndt/get_graph_data
[2026-09-01 06:57:47.001] [info] [[94mHttpSession.cpp[0m:[95m531[0m [96mhandleGetGraphData[0m] Handle Get Graph Data
[2026-09-01 06:57:47.021] [info] [[94mHttpSession.cpp[0m:[95m576[0m [96mhandleGetGraphData[0m] get_graph_data success
[2026-09-01 06:57:47.250] [info] [[94mControllerAndOtherEventHandler.cpp[0m:[95m239[0m [96moperator()[0m] Accepted new connection
[2026-09-01 06:57:47.251] [info] [[94mHttpSession.cpp[0m:[95m96[0m [96mhandleRequest[0m] Got request: GET /ndt/get_graph_data
[2026-09-01 06:57:47.251] [info] [[94mHttpSession.cpp[0m:[95m531[0m [96mhandleGetGraphData[0m] Handle Get Graph Data
[2026-09-01 06:57:47.268] [info] [[94mHttpSession.cpp[0m:[95m576[0m [96mhandleGetGraphData[0m] get_graph_data success
[2026-09-01 06:57:47.500] [info] [[94mControllerAndOtherEventHandler.cpp[0m:[95m239[0m [96moperator()[0m] Accepted new connection
[2026-09-01 06:57:47.501] [info] [[94mHttpSession.cpp[0m:[95m96[0m [96mhandleRequest[0m] Got request: GET /ndt/get_graph_data
[2026-09-01 06:57:47.501] [info] [[94mHttpSession.cpp[0m:[95m531[0m [96mhandleGetGraphData[0m] Handle Get Graph Data
[2026-09-01 06:57:47.521] [info] [[94mHttpSession.cpp[0m:[95m576[0m [96mhandleGetGraphData[0m] get_graph_data success
[2026-09-01 06:57:47.751] [info] [[94mControllerAndOtherEventHandler.cpp[0m:[95m239[0m [96moperator()[0m] Accepted new connection
[2026-09-01 06:57:47.751] [info] [[94mHttpSession.cpp[0m:[95m96[0m [96mhandleRequest[0m] Got request: GET /ndt/get_graph_data
[2026-09-01 06:57:47.751] [info] [[94mHttpSession.cpp[0m:[95m531[0m [96mhandleGetGraphData[0m] Handle Get Graph Data
[2026-09-01 06:57:47.770] [info] [[94mHttpSession.cpp[0m:[95m576[0m [96mhandleGetGraphData[0m] get_graph_data success
[2026-09-01 06:57:48.001] [info] [[94mControllerAndOtherEventHandler.cpp[0m:[95m239[0m [96moperator()[0m] Accepted new connection
[2026-09-01 06:57:48.001] [info] [[94mHttpSession.cpp[0m:[95m96[0m [96mhandleRequest[0m] Got request: GET /ndt/get_graph_data
[2026-09-01 06:57:48.001] [info] [[94mHttpSession.cpp[0m:[95m531[0m [96mhandleGetGraphData[0m] Handle Get Graph Data
[2026-09-01 06:57:48.012] [info] [[94mHttpSession.cpp[0m:[95m576[0m [96mhandleGetGraphData[0m] get_graph_data success
[2026-09-01 06:57:48.251] [info] [[94mControllerAndOtherEventHandler.cpp[0m:[95m239[0m [96moperator()[0m] Accepted new connection
[2026-09-01 06:57:48.251] [info] [[94mHttpSession.cpp[0m:[95m96[0m [96mhandleRequest[0m] Got request: GET /ndt/get_graph_data
[2026-09-01 06:57:48.251] [info] [[94mHttpSession.cpp[0m:[95m531[0m [96mhandleGetGraphData[0m] Handle Get Graph Data
[2026-09-01 06:57:48.269] [info] [[94mHttpSession.cpp[0m:[95m576[0m [96mhandleGetGraphData[0m] get_graph_data success
[2026-09-01 06:57:48.501] [info] [[94mControllerAndOtherEventHandler.cpp[0m:[95m239[0m [96moperator()[0m] Accepted new connection
[2026-09-01 06:57:48.501] [info] [[94mHttpSession.cpp[0m:[95m96[0m [96mhandleRequest[0m] Got request: GET /ndt/get_graph_data
[2026-09-01 06:57:48.501] [info] [[94mHttpSession.cpp[0m:[95m531[0m [96mhandleGetGraphData[0m] Handle Get Graph Data
[2026-09-01 06:57:48.515] [info] [[94mHttpSession.cpp[0m:[95m576[0m [96mhandleGetGraphData[0m] get_graph_data success
[2026-09-01 06:57:48.751] [info] [[94mControllerAndOtherEventHandler.cpp[0m:[95m239[0m [96moperator()[0m] Accepted new connection
[2026-09-01 06:57:48.751] [info] [[94mHttpSession.cpp[0m:[95m96[0m [96mhandleRequest[0m] Got request: GET /ndt/get_graph_data
[2026-09-01 06:57:48.751] [info] [[94mHttpSession.cpp[0m:[95m531[0m [96mhandleGetGraphData[0m] Handle Get Graph Data
[2026-09-01 06:57:48.767] [info] [[94mHttpSession.cpp[0m:[95m576[0m [96mhandleGetGraphData[0m] get_graph_data success
[2026-09-01 06:57:49.001] [info] [[94mControllerAndOtherEventHandler.cpp[0m:[95m239[0m [96moperator()[0m] Accepted new connection
[2026-09-01 06:57:49.002] [info] [[94mHttpSession.cpp[0m:[95m96[0m [96mhandleRequest[0m] Got request: GET /ndt/get_graph_data
[2026-09-01 06:57:49.002] [info] [[94mHttpSession.cpp[0m:[95m531[0m [96mhandleGetGraphData[0m] Handle Get Graph Data
[2026-09-01 06:57:49.019] [info] [[94mHttpSession.cpp[0m:[95m576[0m [96mhandleGetGraphData[0m] get_graph_data success
[2026-09-01 06:57:49.251] [info] [[94mControllerAndOtherEventHandler.cpp[0m:[95m239[0m [96moperator()[0m] Accepted new connection
[2026-09-01 06:57:49.251] [info] [[94mHttpSession.cpp[0m:[95m96[0m [96mhandleRequest[0m] Got request: GET /ndt/get_graph_data
[2026-09-01 06:57:49.251] [info] [[94mHttpSession.cpp[0m:[95m531[0m [96mhandleGetGraphData[0m] Handle Get Graph Data
[2026-09-01 06:57:49.271] [info] [[94mHttpSession.cpp[0m:[95m576[0m [96mhandleGetGraphData[0m] get_graph_data success
[2026-09-01 06:57:49.503] [info] [[94mControllerAndOtherEventHandler.cpp[0m:[95m239[0m [96moperator()[0m] Accepted new connection
[2026-09-01 06:57:49.503] [info] [[94mHttpSession.cpp[0m:[95m96[0m [96mhandleRequest[0m] Got request: GET /ndt/get_graph_data
[2026-09-01 06:57:49.503] [info] [[94mHttpSession.cpp[0m:[95m531[0m [96mhandleGetGraphData[0m] Handle Get Graph Data
[2026-09-01 06:57:49.523] [info] [[94mHttpSession.cpp[0m:[95m576[0m [96mhandleGetGraphData[0m] get_graph_data success
[2026-09-01 06:57:49.752] [info] [[94mControllerAndOtherEventHandler.cpp[0m:[95m239[0m [96moperator()[0m] Accepted new connection
[2026-09-01 06:57:49.752] [info] [[94mHttpSession.cpp[0m:[95m96[0m [96mhandleRequest[0m] Got request: GET /ndt/get_graph_data
[2026-09-01 06:57:49.752] [info] [[94mHttpSession.cpp[0m:[95m531[0m [96mhandleGetGraphData[0m] Handle Get Graph Data
[2026-09-01 06:57:49.770] [info] [[94mHttpSession.cpp[0m:[95m576[0m [96mhandleGetGraphData[0m] get_graph_data success
[2026-09-01 06:57:50.001] [info] [[94mControllerAndOtherEventHandler.cpp[0m:[95m239[0m [96moperator()[0m] Accepted new connection
[2026-09-01 06:57:50.001] [info] [[94mHttpSession.cpp[0m:[95m96[0m [96mhandleRequest[0m] Got request: GET /ndt/get_graph_data
[2026-09-01 06:57:50.001] [info] [[94mHttpSession.cpp[0m:[95m531[0m [96mhandleGetGraphData[0m] Handle Get Graph Data
[2026-09-01 06:57:50.015] [info] [[94mHttpSession.cpp[0m:[95m576[0m [96mhandleGetGraphData[0m] get_graph_data success
[2026-09-01 06:57:50.251] [info] [[94mControllerAndOtherEventHandler.cpp[0m:[95m239[0m [96moperator()[0m] Accepted new connection
[2026-09-01 06:57:50.251] [info] [[94mHttpSession.cpp[0m:[95m96[0m [96mhandleRequest[0m] Got request: GET /ndt/get_graph_data
[2026-09-01 06:57:50.251] [info] [[94mHttpSession.cpp[0m:[95m531[0m [96mhandleGetGraphData[0m] Handle Get Graph Data
[2026-09-01 06:57:50.263] [info] [[94mHttpSession.cpp[0m:[95m576[0m [96mhandleGetGraphData[0m] get_graph_data success
[2026-09-01 06:57:50.501] [info] [[94mControllerAndOtherEventHandler.cpp[0m:[95m239[0m [96moperator()[0m] Accepted new connection
[2026-09-01 06:57:50.501] [info] [[94mHttpSession.cpp[0m:[95m96[0m [96mhandleRequest[0m] Got request: GET /ndt/get_graph_data
[2026-09-01 06:57:50.501] [info] [[94mHttpSession.cpp[0m:[95m531[0m [96mhandleGetGraphData[0m] Handle Get Graph Data
[2026-09-01 06:57:50.514] [info] [[94mHttpSession.cpp[0m:[95m576[0m [96mhandleGetGraphData[0m] get_graph_data success
[2026-09-01 06:57:50.752] [info] [[94mControllerAndOtherEventHandler.cpp[0m:[95m239[0m [96moperator()[0m] Accepted new connection
[2026-09-01 06:57:50.752] [info] [[94mHttpSession.cpp[0m:[95m96[0m [96mhandleRequest[0m] Got request: GET /ndt/get_graph_data
[2026-09-01 06:57:50.752] [info] [[94mHttpSession.cpp[0m:[95m531[0m [96mhandleGetGraphData[0m] Handle Get Graph Data
[2026-09-01 06:57:50.763] [info] [[94mHttpSession.cpp[0m:[95m576[0m [96mhandleGetGraphData[0m] get_graph_data success
[2026-09-01 06:57:51.001] [info] [[94mControllerAndOtherEventHandler.cpp[0m:[95m239[0m [96moperator()[0m] Accepted new connection
[2026-09-01 06:57:51.002] [info] [[94mHttpSession.cpp[0m:[95m96[0m [96mhandleRequest[0m] Got request: GET /ndt/get_graph_data
[2026-09-01 06:57:51.002] [info] [[94mHttpSession.cpp[0m:[95m531[0m [96mhandleGetGraphData[0m] Handle Get Graph Data
[2026-09-01 06:57:51.016] [info] [[94mHttpSession.cpp[0m:[95m576[0m [96mhandleGetGraphData[0m] get_graph_data success
[2026-09-01 06:57:51.251] [info] [[94mControllerAndOtherEventHandler.cpp[0m:[95m239[0m [96moperator()[0m] Accepted new connection
[2026-09-01 06:57:51.251] [info] [[94mHttpSession.cpp[0m:[95m96[0m [96mhandleRequest[0m] Got request: GET /ndt/get_graph_data
[2026-09-01 06:57:51.251] [info] [[94mHttpSession.cpp[0m:[95m531[0m [96mhandleGetGraphData[0m] Handle Get Graph Data
[2026-09-01 06:57:51.265] [info] [[94mHttpSession.cpp[0m:[95m576[0m [96mhandleGetGraphData[0m] get_graph_data success
[2026-09-01 06:57:51.502] [info] [[94mControllerAndOtherEventHandler.cpp[0m:[95m239[0m [96moperator()[0m] Accepted new connection
[2026-09-01 06:57:51.502] [info] [[94mHttpSession.cpp[0m:[95m96[0m [96mhandleRequest[0m] Got request: GET /ndt/get_graph_data
[2026-09-01 06:57:51.502] [info] [[94mHttpSession.cpp[0m:[95m531[0m [96mhandleGetGraphData[0m] Handle Get Graph Data
[2026-09-01 06:57:51.519] [info] [[94mHttpSession.cpp[0m:[95m576[0m [96mhandleGetGraphData[0m] get_graph_data success
[2026-09-01 06:57:51.752] [info] [[94mControllerAndOtherEventHandler.cpp[0m:[95m239[0m [96moperator()[0m] Accepted new connection
[2026-09-01 06:57:51.752] [info] [[94mHttpSession.cpp[0m:[95m96[0m [96mhandleRequest[0m] Got request: GET /ndt/get_graph_data
[2026-09-01 06:57:51.752] [info] [[94mHttpSession.cpp[0m:[95m531[0m [96mhandleGetGraphData[0m] Handle Get Graph Data
[2026-09-01 06:57:51.769] [info] [[94mHttpSession.cpp[0m:[95m576[0m [96mhandleGetGraphData[0m] get_graph_data success
[2026-09-01 06:57:52.002] [info] [[94mControllerAndOtherEventHandler.cpp[0m:[95m239[0m [96moperator()[0m] Accepted new connection
[2026-09-01 06:57:52.003] [info] [[94mHttpSession.cpp[0m:[95m96[0m [96mhandleRequest[0m] Got request: GET /ndt/get_graph_data
[2026-09-01 06:57:52.003] [info] [[94mHttpSession.cpp[0m:[95m531[0m [96mhandleGetGraphData[0m] Handle Get Graph Data
[2026-09-01 06:57:52.023] [info] [[94mHttpSession.cpp[0m:[95m576[0m [96mhandleGetGraphData[0m] get_graph_data success
[2026-09-01 06:57:52.252] [info] [[94mControllerAndOtherEventHandler.cpp[0m:[95m239[0m [96moperator()[0m] Accepted new connection
[2026-09-01 06:57:52.252] [info] [[94mHttpSession.cpp[0m:[95m96[0m [96mhandleRequest[0m] Got request: GET /ndt/get_graph_data
[2026-09-01 06:57:52.252] [info] [[94mHttpSession.cpp[0m:[95m531[0m [96mhandleGetGraphData[0m] Handle Get Graph Data
[2026-09-01 06:57:52.269] [info] [[94mHttpSession.cpp[0m:[95m576[0m [96mhandleGetGraphData[0m] get_graph_data success
[2026-09-01 06:57:52.502] [info] [[94mControllerAndOtherEventHandler.cpp[0m:[95m239[0m [96moperator()[0m] Accepted new connection
[2026-09-01 06:57:52.519] [info] [[94mHttpSession.cpp[0m:[95m96[0m [96mhandleRequest[0m] Got request: GET /ndt/get_graph_data
[2026-09-01 06:57:52.519] [info] [[94mHttpSession.cpp[0m:[95m531[0m [96mhandleGetGraphData[0m] Handle Get Graph Data
[2026-09-01 06:57:52.539] [info] [[94mHttpSession.cpp[0m:[95m576[0m [96mhandleGetGraphData[0m] get_graph_data success
[2026-09-01 06:57:52.753] [info] [[94mControllerAndOtherEventHandler.cpp[0m:[95m239[0m [96moperator()[0m] Accepted new connection
[2026-09-01 06:57:52.753] [info] [[94mHttpSession.cpp[0m:[95m96[0m [96mhandleRequest[0m] Got request: GET /ndt/get_graph_data
[2026-09-01 06:57:52.753] [info] [[94mHttpSession.cpp[0m:[95m531[0m [96mhandleGetGraphData[0m] Handle Get Graph Data
[2026-09-01 06:57:52.774] [info] [[94mHttpSession.cpp[0m:[95m576[0m [96mhandleGetGraphData[0m] get_graph_data success
[2026-09-01 06:57:53.003] [info] [[94mControllerAndOtherEventHandler.cpp[0m:[95m239[0m [96moperator()[0m] Accepted new connection
[2026-09-01 06:57:53.003] [info] [[94mHttpSession.cpp[0m:[95m96[0m [96mhandleRequest[0m] Got request: GET /ndt/get_graph_data
[2026-09-01 06:57:53.003] [info] [[94mHttpSession.cpp[0m:[95m531[0m [96mhandleGetGraphData[0m] Handle Get Graph Data
[2026-09-01 06:57:53.022] [info] [[94mHttpSession.cpp[0m:[95m576[0m [96mhandleGetGraphData[0m] get_graph_data success
[2026-09-01 06:57:53.252] [info] [[94mControllerAndOtherEventHandler.cpp[0m:[95m239[0m [96moperator()[0m] Accepted new connection
[2026-09-01 06:57:53.252] [info] [[94mHttpSession.cpp[0m:[95m96[0m [96mhandleRequest[0m] Got request: GET /ndt/get_graph_data
[2026-09-01 06:57:53.252] [info] [[94mHttpSession.cpp[0m:[95m531[0m [96mhandleGetGraphData[0m] Handle Get Graph Data
[2026-09-01 06:57:53.273] [info] [[94mHttpSession.cpp[0m:[95m576[0m [96mhandleGetGraphData[0m] get_graph_data success
[2026-09-01 06:57:53.502] [info] [[94mControllerAndOtherEventHandler.cpp[0m:[95m239[0m [96moperator()[0m] Accepted new connection
[2026-09-01 06:57:53.502] [info] [[94mHttpSession.cpp[0m:[95m96[0m [96mhandleRequest[0m] Got request: GET /ndt/get_graph_data
[2026-09-01 06:57:53.502] [info] [[94mHttpSession.cpp[0m:[95m531[0m [96mhandleGetGraphData[0m] Handle Get Graph Data
[2026-09-01 06:57:53.522] [info] [[94mHttpSession.cpp[0m:[95m576[0m [96mhandleGetGraphData[0m] get_graph_data success
[2026-09-01 06:57:53.752] [info] [[94mControllerAndOtherEventHandler.cpp[0m:[95m239[0m [96moperator()[0m] Accepted new connection
[2026-09-01 06:57:53.753] [info] [[94mHttpSession.cpp[0m:[95m96[0m [96mhandleRequest[0m] Got request: GET /ndt/get_graph_data
[2026-09-01 06:57:53.753] [info] [[94mHttpSession.cpp[0m:[95m531[0m [96mhandleGetGraphData[0m] Handle Get Graph Data
[2026-09-01 06:57:53.765] [info] [[94mHttpSession.cpp[0m:[95m576[0m [96mhandleGetGraphData[0m] get_graph_data success
[2026-09-01 06:57:54.003] [info] [[94mControllerAndOtherEventHandler.cpp[0m:[95m239[0m [96moperator()[0m] Accepted new connection
[2026-09-01 06:57:54.003] [info] [[94mHttpSession.cpp[0m:[95m96[0m [96mhandleRequest[0m] Got request: GET /ndt/get_graph_data
[2026-09-01 06:57:54.003] [info] [[94mHttpSession.cpp[0m:[95m531[0m [96mhandleGetGraphData[0m] Handle Get Graph Data
[2026-09-01 06:57:54.017] [info] [[94mHttpSession.cpp[0m:[95m576[0m [96mhandleGetGraphData[0m] get_graph_data success
[2026-09-01 06:57:54.252] [info] [[94mControllerAndOtherEventHandler.cpp[0m:[95m239[0m [96moperator()[0m] Accepted new connection
[2026-09-01 06:57:54.253] [info] [[94mHttpSession.cpp[0m:[95m96[0m [96mhandleRequest[0m] Got request: GET /ndt/get_graph_data
[2026-09-01 06:57:54.253] [info] [[94mHttpSession.cpp[0m:[95m531[0m [96mhandleGetGraphData[0m] Handle Get Graph Data
[2026-09-01 06:57:54.270] [info] [[94mHttpSession.cpp[0m:[95m576[0m [96mhandleGetGraphData[0m] get_graph_data success
[2026-09-01 06:57:54.503] [info] [[94mControllerAndOtherEventHandler.cpp[0m:[95m239[0m [96moperator()[0m] Accepted new connection
[2026-09-01 06:57:54.503] [info] [[94mHttpSession.cpp[0m:[95m96[0m [96mhandleRequest[0m] Got request: GET /ndt/get_graph_data
[2026-09-01 06:57:54.503] [info] [[94mHttpSession.cpp[0m:[95m531[0m [96mhandleGetGraphData[0m] Handle Get Graph Data
[2026-09-01 06:57:54.515] [info] [[94mHttpSession.cpp[0m:[95m576[0m [96mhandleGetGraphData[0m] get_graph_data success
[2026-09-01 06:57:54.753] [info] [[94mControllerAndOtherEventHandler.cpp[0m:[95m239[0m [96moperator()[0m] Accepted new connection
[2026-09-01 06:57:54.753] [info] [[94mHttpSession.cpp[0m:[95m96[0m [96mhandleRequest[0m] Got request: GET /ndt/get_graph_data
[2026-09-01 06:57:54.753] [info] [[94mHttpSession.cpp[0m:[95m531[0m [96mhandleGetGraphData[0m] Handle Get Graph Data
[2026-09-01 06:57:54.765] [info] [[94mHttpSession.cpp[0m:[95m576[0m [96mhandleGetGraphData[0m] get_graph_data success
[2026-09-01 06:57:55.003] [info] [[94mControllerAndOtherEventHandler.cpp[0m:[95m239[0m [96moperator()[0m] Accepted new connection
[2026-09-01 06:57:55.003] [info] [[94mHttpSession.cpp[0m:[95m96[0m [96mhandleRequest[0m] Got request: GET /ndt/get_graph_data
[2026-09-01 06:57:55.003] [info] [[94mHttpSession.cpp[0m:[95m531[0m [96mhandleGetGraphData[0m] Handle Get Graph Data
[2026-09-01 06:57:55.022] [info] [[94mHttpSession.cpp[0m:[95m576[0m [96mhandleGetGraphData[0m] get_graph_data success
[2026-09-01 06:57:55.253] [info] [[94mControllerAndOtherEventHandler.cpp[0m:[95m239[0m [96moperator()[0m] Accepted new connection
[2026-09-01 06:57:55.253] [info] [[94mHttpSession.cpp[0m:[95m96[0m [96mhandleRequest[0m] Got request: GET /ndt/get_graph_data
[2026-09-01 06:57:55.253] [info] [[94mHttpSession.cpp[0m:[95m531[0m [96mhandleGetGraphData[0m] Handle Get Graph Data
[2026-09-01 06:57:55.272] [info] [[94mHttpSession.cpp[0m:[95m576[0m [96mhandleGetGraphData[0m] get_graph_data success
[2026-09-01 06:57:55.503] [info] [[94mControllerAndOtherEventHandler.cpp[0m:[95m239[0m [96moperator()[0m] Accepted new connection
[2026-09-01 06:57:55.503] [info] [[94mHttpSession.cpp[0m:[95m96[0m [96mhandleRequest[0m] Got request: GET /ndt/get_graph_data
[2026-09-01 06:57:55.503] [info] [[94mHttpSession.cpp[0m:[95m531[0m [96mhandleGetGraphData[0m] Handle Get Graph Data
[2026-09-01 06:57:55.523] [info] [[94mHttpSession.cpp[0m:[95m576[0m [96mhandleGetGraphData[0m] get_graph_data success
[2026-09-01 06:57:55.754] [info] [[94mControllerAndOtherEventHandler.cpp[0m:[95m239[0m [96moperator()[0m] Accepted new connection
[2026-09-01 06:57:55.754] [info] [[94mHttpSession.cpp[0m:[95m96[0m [96mhandleRequest[0m] Got request: GET /ndt/get_graph_data
[2026-09-01 06:57:55.754] [info] [[94mHttpSession.cpp[0m:[95m531[0m [96mhandleGetGraphData[0m] Handle Get Graph Data
[2026-09-01 06:57:55.772] [info] [[94mHttpSession.cpp[0m:[95m576[0m [96mhandleGetGraphData[0m] get_graph_data success
[2026-09-01 06:57:56.004] [info] [[94mControllerAndOtherEventHandler.cpp[0m:[95m239[0m [96moperator()[0m] Accepted new connection
[2026-09-01 06:57:56.004] [info] [[94mHttpSession.cpp[0m:[95m96[0m [96mhandleRequest[0m] Got request: GET /ndt/get_graph_data
[2026-09-01 06:57:56.004] [info] [[94mHttpSession.cpp[0m:[95m531[0m [96mhandleGetGraphData[0m] Handle Get Graph Data
[2026-09-01 06:57:56.022] [info] [[94mHttpSession.cpp[0m:[95m576[0m [96mhandleGetGraphData[0m] get_graph_data success
[2026-09-01 06:57:56.253] [info] [[94mControllerAndOtherEventHandler.cpp[0m:[95m239[0m [96moperator()[0m] Accepted new connection
[2026-09-01 06:57:56.253] [info] [[94mHttpSession.cpp[0m:[95m96[0m [96mhandleRequest[0m] Got request: GET /ndt/get_graph_data
[2026-09-01 06:57:56.253] [info] [[94mHttpSession.cpp[0m:[95m531[0m [96mhandleGetGraphData[0m] Handle Get Graph Data
[2026-09-01 06:57:56.272] [info] [[94mHttpSession.cpp[0m:[95m576[0m [96mhandleGetGraphData[0m] get_graph_data success
[2026-09-01 06:57:56.503] [info] [[94mControllerAndOtherEventHandler.cpp[0m:[95m239[0m [96moperator()[0m] Accepted new connection
[2026-09-01 06:57:56.503] [info] [[94mHttpSession.cpp[0m:[95m96[0m [96mhandleRequest[0m] Got request: GET /ndt/get_graph_data
[2026-09-01 06:57:56.503] [info] [[94mHttpSession.cpp[0m:[95m531[0m [96mhandleGetGraphData[0m] Handle Get Graph Data
[2026-09-01 06:57:56.522] [info] [[94mHttpSession.cpp[0m:[95m576[0m [96mhandleGetGraphData[0m] get_graph_data success
[2026-09-01 06:57:56.754] [info] [[94mControllerAndOtherEventHandler.cpp[0m:[95m239[0m [96moperator()[0m] Accepted new connection
[2026-09-01 06:57:56.754] [info] [[94mHttpSession.cpp[0m:[95m96[0m [96mhandleRequest[0m] Got request: GET /ndt/get_graph_data
[2026-09-01 06:57:56.754] [info] [[94mHttpSession.cpp[0m:[95m531[0m [96mhandleGetGraphData[0m] Handle Get Graph Data
[2026-09-01 06:57:56.771] [info] [[94mHttpSession.cpp[0m:[95m576[0m [96mhandleGetGraphData[0m] get_graph_data success
[2026-09-01 06:57:57.003] [info] [[94mControllerAndOtherEventHandler.cpp[0m:[95m239[0m [96moperator()[0m] Accepted new connection
[2026-09-01 06:57:57.004] [info] [[94mHttpSession.cpp[0m:[95m96[0m [96mhandleRequest[0m] Got request: GET /ndt/get_graph_data
[2026-09-01 06:57:57.004] [info] [[94mHttpSession.cpp[0m:[95m531[0m [96mhandleGetGraphData[0m] Handle Get Graph Data
[2026-09-01 06:57:57.024] [info] [[94mHttpSession.cpp[0m:[95m576[0m [96mhandleGetGraphData[0m] get_graph_data success
[2026-09-01 06:57:57.253] [info] [[94mControllerAndOtherEventHandler.cpp[0m:[95m239[0m [96moperator()[0m] Accepted new connection
[2026-09-01 06:57:57.253] [info] [[94mHttpSession.cpp[0m:[95m96[0m [96mhandleRequest[0m] Got request: GET /ndt/get_graph_data
[2026-09-01 06:57:57.253] [info] [[94mHttpSession.cpp[0m:[95m531[0m [96mhandleGetGraphData[0m] Handle Get Graph Data
[2026-09-01 06:57:57.272] [info] [[94mHttpSession.cpp[0m:[95m576[0m [96mhandleGetGraphData[0m] get_graph_data success
[2026-09-01 06:57:57.503] [info] [[94mControllerAndOtherEventHandler.cpp[0m:[95m239[0m [96moperator()[0m] Accepted new connection
[2026-09-01 06:57:57.504] [info] [[94mHttpSession.cpp[0m:[95m96[0m [96mhandleRequest[0m] Got request: GET /ndt/get_graph_data
[2026-09-01 06:57:57.504] [info] [[94mHttpSession.cpp[0m:[95m531[0m [96mhandleGetGraphData[0m] Handle Get Graph Data
[2026-09-01 06:57:57.522] [info] [[94mHttpSession.cpp[0m:[95m576[0m [96mhandleGetGraphData[0m] get_graph_data success
[2026-09-01 06:57:57.754] [info] [[94mControllerAndOtherEventHandler.cpp[0m:[95m239[0m [96moperator()[0m] Accepted new connection
[2026-09-01 06:57:57.754] [info] [[94mHttpSession.cpp[0m:[95m96[0m [96mhandleRequest[0m] Got request: GET /ndt/get_graph_data
[2026-09-01 06:57:57.754] [info] [[94mHttpSession.cpp[0m:[95m531[0m [96mhandleGetGraphData[0m] Handle Get Graph Data
[2026-09-01 06:57:57.767] [info] [[94mHttpSession.cpp[0m:[95m576[0m [96mhandleGetGraphData[0m] get_graph_data success
[2026-09-01 06:57:58.004] [info] [[94mControllerAndOtherEventHandler.cpp[0m:[95m239[0m [96moperator()[0m] Accepted new connection
[2026-09-01 06:57:58.004] [info] [[94mHttpSession.cpp[0m:[95m96[0m [96mhandleRequest[0m] Got request: GET /ndt/get_graph_data
[2026-09-01 06:57:58.004] [info] [[94mHttpSession.cpp[0m:[95m531[0m [96mhandleGetGraphData[0m] Handle Get Graph Data
[2026-09-01 06:57:58.023] [info] [[94mHttpSession.cpp[0m:[95m576[0m [96mhandleGetGraphData[0m] get_graph_data success
[2026-09-01 06:57:58.254] [info] [[94mControllerAndOtherEventHandler.cpp[0m:[95m239[0m [96moperator()[0m] Accepted new connection
[2026-09-01 06:57:58.254] [info] [[94mHttpSession.cpp[0m:[95m96[0m [96mhandleRequest[0m] Got request: GET /ndt/get_graph_data
[2026-09-01 06:57:58.254] [info] [[94mHttpSession.cpp[0m:[95m531[0m [96mhandleGetGraphData[0m] Handle Get Graph Data
[2026-09-01 06:57:58.273] [info] [[94mHttpSession.cpp[0m:[95m576[0m [96mhandleGetGraphData[0m] get_graph_data success
[2026-09-01 06:57:58.504] [info] [[94mControllerAndOtherEventHandler.cpp[0m:[95m239[0m [96moperator()[0m] Accepted new connection
[2026-09-01 06:57:58.504] [info] [[94mHttpSession.cpp[0m:[95m96[0m [96mhandleRequest[0m] Got request: GET /ndt/get_graph_data
[2026-09-01 06:57:58.504] [info] [[94mHttpSession.cpp[0m:[95m531[0m [96mhandleGetGraphData[0m] Handle Get Graph Data
[2026-09-01 06:57:58.523] [info] [[94mHttpSession.cpp[0m:[95m576[0m [96mhandleGetGraphData[0m] get_graph_data success
[2026-09-01 06:57:58.754] [info] [[94mControllerAndOtherEventHandler.cpp[0m:[95m239[0m [96moperator()[0m] Accepted new connection
[2026-09-01 06:57:58.755] [info] [[94mHttpSession.cpp[0m:[95m96[0m [96mhandleRequest[0m] Got request: GET /ndt/get_graph_data
[2026-09-01 06:57:58.755] [info] [[94mHttpSession.cpp[0m:[95m531[0m [96mhandleGetGraphData[0m] Handle Get Graph Data
[2026-09-01 06:57:58.773] [info] [[94mHttpSession.cpp[0m:[95m576[0m [96mhandleGetGraphData[0m] get_graph_data success
[2026-09-01 06:57:59.005] [info] [[94mControllerAndOtherEventHandler.cpp[0m:[95m239[0m [96moperator()[0m] Accepted new connection
[2026-09-01 06:57:59.005] [info] [[94mHttpSession.cpp[0m:[95m96[0m [96mhandleRequest[0m] Got request: GET /ndt/get_graph_data
[2026-09-01 06:57:59.005] [info] [[94mHttpSession.cpp[0m:[95m531[0m [96mhandleGetGraphData[0m] Handle Get Graph Data
[2026-09-01 06:57:59.022] [info] [[94mHttpSession.cpp[0m:[95m576[0m [96mhandleGetGraphData[0m] get_graph_data success
[2026-09-01 06:57:59.254] [info] [[94mControllerAndOtherEventHandler.cpp[0m:[95m239[0m [96moperator()[0m] Accepted new connection
[2026-09-01 06:57:59.254] [info] [[94mHttpSession.cpp[0m:[95m96[0m [96mhandleRequest[0m] Got request: GET /ndt/get_graph_data
[2026-09-01 06:57:59.254] [info] [[94mHttpSession.cpp[0m:[95m531[0m [96mhandleGetGraphData[0m] Handle Get Graph Data
[2026-09-01 06:57:59.273] [info] [[94mHttpSession.cpp[0m:[95m576[0m [96mhandleGetGraphData[0m] get_graph_data success
[2026-09-01 06:57:59.505] [info] [[94mControllerAndOtherEventHandler.cpp[0m:[95m239[0m [96moperator()[0m] Accepted new connection
[2026-09-01 06:57:59.505] [info] [[94mHttpSession.cpp[0m:[95m96[0m [96mhandleRequest[0m] Got request: GET /ndt/get_graph_data
[2026-09-01 06:57:59.505] [info] [[94mHttpSession.cpp[0m:[95m531[0m [96mhandleGetGraphData[0m] Handle Get Graph Data
[2026-09-01 06:57:59.521] [info] [[94mHttpSession.cpp[0m:[95m576[0m [96mhandleGetGraphData[0m] get_graph_data success
[2026-09-01 06:57:59.755] [info] [[94mControllerAndOtherEventHandler.cpp[0m:[95m239[0m [96moperator()[0m] Accepted new connection
[2026-09-01 06:57:59.755] [info] [[94mHttpSession.cpp[0m:[95m96[0m [96mhandleRequest[0m] Got request: GET /ndt/get_graph_data
[2026-09-01 06:57:59.755] [info] [[94mHttpSession.cpp[0m:[95m531[0m [96mhandleGetGraphData[0m] Handle Get Graph Data
[2026-09-01 06:57:59.767] [info] [[94mHttpSession.cpp[0m:[95m576[0m [96mhandleGetGraphData[0m] get_graph_data success
[2026-09-01 06:58:00.004] [info] [[94mControllerAndOtherEventHandler.cpp[0m:[95m239[0m [96moperator()[0m] Accepted new connection
[2026-09-01 06:58:00.004] [info] [[94mHttpSession.cpp[0m:[95m96[0m [96mhandleRequest[0m] Got request: GET /ndt/get_graph_data
[2026-09-01 06:58:00.004] [info] [[94mHttpSession.cpp[0m:[95m531[0m [96mhandleGetGraphData[0m] Handle Get Graph Data
[2026-09-01 06:58:00.021] [info] [[94mHttpSession.cpp[0m:[95m576[0m [96mhandleGetGraphData[0m] get_graph_data success
[2026-09-01 06:58:00.254] [info] [[94mControllerAndOtherEventHandler.cpp[0m:[95m239[0m [96moperator()[0m] Accepted new connection
[2026-09-01 06:58:00.255] [info] [[94mHttpSession.cpp[0m:[95m96[0m [96mhandleRequest[0m] Got request: GET /ndt/get_graph_data
[2026-09-01 06:58:00.255] [info] [[94mHttpSession.cpp[0m:[95m531[0m [96mhandleGetGraphData[0m] Handle Get Graph Data
[2026-09-01 06:58:00.272] [info] [[94mHttpSession.cpp[0m:[95m576[0m [96mhandleGetGraphData[0m] get_graph_data success
[2026-09-01 06:58:00.505] [info] [[94mControllerAndOtherEventHandler.cpp[0m:[95m239[0m [96moperator()[0m] Accepted new connection
[2026-09-01 06:58:00.505] [info] [[94mHttpSession.cpp[0m:[95m96[0m [96mhandleRequest[0m] Got request: GET /ndt/get_graph_data
[2026-09-01 06:58:00.505] [info] [[94mHttpSession.cpp[0m:[95m531[0m [96mhandleGetGraphData[0m] Handle Get Graph Data
[2026-09-01 06:58:00.520] [info] [[94mHttpSession.cpp[0m:[95m576[0m [96mhandleGetGraphData[0m] get_graph_data success
[2026-09-01 06:58:00.755] [info] [[94mControllerAndOtherEventHandler.cpp[0m:[95m239[0m [96moperator()[0m] Accepted new connection
[2026-09-01 06:58:00.755] [info] [[94mHttpSession.cpp[0m:[95m96[0m [96mhandleRequest[0m] Got request: GET /ndt/get_graph_data
[2026-09-01 06:58:00.755] [info] [[94mHttpSession.cpp[0m:[95m531[0m [96mhandleGetGraphData[0m] Handle Get Graph Data
[2026-09-01 06:58:00.773] [info] [[94mHttpSession.cpp[0m:[95m576[0m [96mhandleGetGraphData[0m] get_graph_data success
[2026-09-01 06:58:01.005] [info] [[94mControllerAndOtherEventHandler.cpp[0m:[95m239[0m [96moperator()[0m] Accepted new connection
[2026-09-01 06:58:01.005] [info] [[94mHttpSession.cpp[0m:[95m96[0m [96mhandleRequest[0m] Got request: GET /ndt/get_graph_data
[2026-09-01 06:58:01.005] [info] [[94mHttpSession.cpp[0m:[95m531[0m [96mhandleGetGraphData[0m] Handle Get Graph Data
[2026-09-01 06:58:01.019] [info] [[94mHttpSession.cpp[0m:[95m576[0m [96mhandleGetGraphData[0m] get_graph_data success
[2026-09-01 06:58:01.255] [info] [[94mControllerAndOtherEventHandler.cpp[0m:[95m239[0m [96moperator()[0m] Accepted new connection
[2026-09-01 06:58:01.255] [info] [[94mHttpSession.cpp[0m:[95m96[0m [96mhandleRequest[0m] Got request: GET /ndt/get_graph_data
[2026-09-01 06:58:01.255] [info] [[94mHttpSession.cpp[0m:[95m531[0m [96mhandleGetGraphData[0m] Handle Get Graph Data
[2026-09-01 06:58:01.274] [info] [[94mHttpSession.cpp[0m:[95m576[0m [96mhandleGetGraphData[0m] get_graph_data success
[2026-09-01 06:58:01.504] [info] [[94mControllerAndOtherEventHandler.cpp[0m:[95m239[0m [96moperator()[0m] Accepted new connection
[2026-09-01 06:58:01.505] [info] [[94mHttpSession.cpp[0m:[95m96[0m [96mhandleRequest[0m] Got request: GET /ndt/get_graph_data
[2026-09-01 06:58:01.505] [info] [[94mHttpSession.cpp[0m:[95m531[0m [96mhandleGetGraphData[0m] Handle Get Graph Data
[2026-09-01 06:58:01.519] [info] [[94mHttpSession.cpp[0m:[95m576[0m [96mhandleGetGraphData[0m] get_graph_data success
[2026-09-01 06:58:01.755] [info] [[94mControllerAndOtherEventHandler.cpp[0m:[95m239[0m [96moperator()[0m] Accepted new connection
[2026-09-01 06:58:01.756] [info] [[94mHttpSession.cpp[0m:[95m96[0m [96mhandleRequest[0m] Got request: GET /ndt/get_graph_data
[2026-09-01 06:58:01.756] [info] [[94mHttpSession.cpp[0m:[95m531[0m [96mhandleGetGraphData[0m] Handle Get Graph Data
[2026-09-01 06:58:01.774] [info] [[94mHttpSession.cpp[0m:[95m576[0m [96mhandleGetGraphData[0m] get_graph_data success
[2026-09-01 06:58:02.005] [info] [[94mControllerAndOtherEventHandler.cpp[0m:[95m239[0m [96moperator()[0m] Accepted new connection
[2026-09-01 06:58:02.006] [info] [[94mHttpSession.cpp[0m:[95m96[0m [96mhandleRequest[0m] Got request: GET /ndt/get_graph_data
[2026-09-01 06:58:02.006] [info] [[94mHttpSession.cpp[0m:[95m531[0m [96mhandleGetGraphData[0m] Handle Get Graph Data
[2026-09-01 06:58:02.022] [info] [[94mHttpSession.cpp[0m:[95m576[0m [96mhandleGetGraphData[0m] get_graph_data success
[2026-09-01 06:58:02.255] [info] [[94mControllerAndOtherEventHandler.cpp[0m:[95m239[0m [96moperator()[0m] Accepted new connection
[2026-09-01 06:58:02.255] [info] [[94mHttpSession.cpp[0m:[95m96[0m [96mhandleRequest[0m] Got request: GET /ndt/get_graph_data
[2026-09-01 06:58:02.255] [info] [[94mHttpSession.cpp[0m:[95m531[0m [96mhandleGetGraphData[0m] Handle Get Graph Data
[2026-09-01 06:58:02.267] [info] [[94mHttpSession.cpp[0m:[95m576[0m [96mhandleGetGraphData[0m] get_graph_data success
[2026-09-01 06:58:02.506] [info] [[94mControllerAndOtherEventHandler.cpp[0m:[95m239[0m [96moperator()[0m] Accepted new connection
[2026-09-01 06:58:02.506] [info] [[94mHttpSession.cpp[0m:[95m96[0m [96mhandleRequest[0m] Got request: GET /ndt/get_graph_data
[2026-09-01 06:58:02.506] [info] [[94mHttpSession.cpp[0m:[95m531[0m [96mhandleGetGraphData[0m] Handle Get Graph Data
[2026-09-01 06:58:02.523] [info] [[94mHttpSession.cpp[0m:[95m576[0m [96mhandleGetGraphData[0m] get_graph_data success
[2026-09-01 06:58:02.756] [info] [[94mControllerAndOtherEventHandler.cpp[0m:[95m239[0m [96moperator()[0m] Accepted new connection
[2026-09-01 06:58:02.756] [info] [[94mHttpSession.cpp[0m:[95m96[0m [96mhandleRequest[0m] Got request: GET /ndt/get_graph_data
[2026-09-01 06:58:02.756] [info] [[94mHttpSession.cpp[0m:[95m531[0m [96mhandleGetGraphData[0m] Handle Get Graph Data
[2026-09-01 06:58:02.769] [info] [[94mHttpSession.cpp[0m:[95m576[0m [96mhandleGetGraphData[0m] get_graph_data success
[2026-09-01 06:58:03.006] [info] [[94mControllerAndOtherEventHandler.cpp[0m:[95m239[0m [96moperator()[0m] Accepted new connection
[2026-09-01 06:58:03.006] [info] [[94mHttpSession.cpp[0m:[95m96[0m [96mhandleRequest[0m] Got request: GET /ndt/get_graph_data
[2026-09-01 06:58:03.006] [info] [[94mHttpSession.cpp[0m:[95m531[0m [96mhandleGetGraphData[0m] Handle Get Graph Data
[2026-09-01 06:58:03.024] [info] [[94mHttpSession.cpp[0m:[95m576[0m [96mhandleGetGraphData[0m] get_graph_data success
[2026-09-01 06:58:03.256] [info] [[94mControllerAndOtherEventHandler.cpp[0m:[95m239[0m [96moperator()[0m] Accepted new connection
[2026-09-01 06:58:03.256] [info] [[94mHttpSession.cpp[0m:[95m96[0m [96mhandleRequest[0m] Got request: GET /ndt/get_graph_data
[2026-09-01 06:58:03.256] [info] [[94mHttpSession.cpp[0m:[95m531[0m [96mhandleGetGraphData[0m] Handle Get Graph Data
[2026-09-01 06:58:03.274] [info] [[94mHttpSession.cpp[0m:[95m576[0m [96mhandleGetGraphData[0m] get_graph_data success
[2026-09-01 06:58:03.506] [info] [[94mControllerAndOtherEventHandler.cpp[0m:[95m239[0m [96moperator()[0m] Accepted new connection
[2026-09-01 06:58:03.506] [info] [[94mHttpSession.cpp[0m:[95m96[0m [96mhandleRequest[0m] Got request: GET /ndt/get_graph_data
[2026-09-01 06:58:03.506] [info] [[94mHttpSession.cpp[0m:[95m531[0m [96mhandleGetGraphData[0m] Handle Get Graph Data
[2026-09-01 06:58:03.522] [info] [[94mHttpSession.cpp[0m:[95m576[0m [96mhandleGetGraphData[0m] get_graph_data success
[2026-09-01 06:58:03.756] [info] [[94mControllerAndOtherEventHandler.cpp[0m:[95m239[0m [96moperator()[0m] Accepted new connection
[2026-09-01 06:58:03.756] [info] [[94mHttpSession.cpp[0m:[95m96[0m [96mhandleRequest[0m] Got request: GET /ndt/get_graph_data
[2026-09-01 06:58:03.756] [info] [[94mHttpSession.cpp[0m:[95m531[0m [96mhandleGetGraphData[0m] Handle Get Graph Data
[2026-09-01 06:58:03.774] [info] [[94mHttpSession.cpp[0m:[95m576[0m [96mhandleGetGraphData[0m] get_graph_data success
[2026-09-01 06:58:04.006] [info] [[94mControllerAndOtherEventHandler.cpp[0m:[95m239[0m [96moperator()[0m] Accepted new connection
[2026-09-01 06:58:04.006] [info] [[94mHttpSession.cpp[0m:[95m96[0m [96mhandleRequest[0m] Got request: GET /ndt/get_graph_data
[2026-09-01 06:58:04.006] [info] [[94mHttpSession.cpp[0m:[95m531[0m [96mhandleGetGraphData[0m] Handle Get Graph Data
[2026-09-01 06:58:04.020] [info] [[94mHttpSession.cpp[0m:[95m576[0m [96mhandleGetGraphData[0m] get_graph_data success
[2026-09-01 06:58:04.256] [info] [[94mControllerAndOtherEventHandler.cpp[0m:[95m239[0m [96moperator()[0m] Accepted new connection
[2026-09-01 06:58:04.256] [info] [[94mHttpSession.cpp[0m:[95m96[0m [96mhandleRequest[0m] Got request: GET /ndt/get_graph_data
[2026-09-01 06:58:04.256] [info] [[94mHttpSession.cpp[0m:[95m531[0m [96mhandleGetGraphData[0m] Handle Get Graph Data
[2026-09-01 06:58:04.274] [info] [[94mHttpSession.cpp[0m:[95m576[0m [96mhandleGetGraphData[0m] get_graph_data success
[2026-09-01 06:58:04.506] [info] [[94mControllerAndOtherEventHandler.cpp[0m:[95m239[0m [96moperator()[0m] Accepted new connection
[2026-09-01 06:58:04.506] [info] [[94mHttpSession.cpp[0m:[95m96[0m [96mhandleRequest[0m] Got request: GET /ndt/get_graph_data
[2026-09-01 06:58:04.506] [info] [[94mHttpSession.cpp[0m:[95m531[0m [96mhandleGetGraphData[0m] Handle Get Graph Data
[2026-09-01 06:58:04.527] [info] [[94mHttpSession.cpp[0m:[95m576[0m [96mhandleGetGraphData[0m] get_graph_data success
[2026-09-01 06:58:04.756] [info] [[94mControllerAndOtherEventHandler.cpp[0m:[95m239[0m [96moperator()[0m] Accepted new connection
[2026-09-01 06:58:04.756] [info] [[94mHttpSession.cpp[0m:[95m96[0m [96mhandleRequest[0m] Got request: GET /ndt/get_graph_data
[2026-09-01 06:58:04.756] [info] [[94mHttpSession.cpp[0m:[95m531[0m [96mhandleGetGraphData[0m] Handle Get Graph Data
[2026-09-01 06:58:04.774] [info] [[94mHttpSession.cpp[0m:[95m576[0m [96mhandleGetGraphData[0m] get_graph_data success
[2026-09-01 06:58:05.006] [info] [[94mControllerAndOtherEventHandler.cpp[0m:[95m239[0m [96moperator()[0m] Accepted new connection
[2026-09-01 06:58:05.006] [info] [[94mHttpSession.cpp[0m:[95m96[0m [96mhandleRequest[0m] Got request: GET /ndt/get_graph_data
[2026-09-01 06:58:05.006] [info] [[94mHttpSession.cpp[0m:[95m531[0m [96mhandleGetGraphData[0m] Handle Get Graph Data
[2026-09-01 06:58:05.027] [info] [[94mHttpSession.cpp[0m:[95m576[0m [96mhandleGetGraphData[0m] get_graph_data success
[2026-09-01 06:58:05.256] [info] [[94mControllerAndOtherEventHandler.cpp[0m:[95m239[0m [96moperator()[0m] Accepted new connection
[2026-09-01 06:58:05.256] [info] [[94mHttpSession.cpp[0m:[95m96[0m [96mhandleRequest[0m] Got request: GET /ndt/get_graph_data
[2026-09-01 06:58:05.256] [info] [[94mHttpSession.cpp[0m:[95m531[0m [96mhandleGetGraphData[0m] Handle Get Graph Data
[2026-09-01 06:58:05.275] [info] [[94mHttpSession.cpp[0m:[95m576[0m [96mhandleGetGraphData[0m] get_graph_data success
[2026-09-01 06:58:05.507] [info] [[94mControllerAndOtherEventHandler.cpp[0m:[95m239[0m [96moperator()[0m] Accepted new connection
[2026-09-01 06:58:05.507] [info] [[94mHttpSession.cpp[0m:[95m96[0m [96mhandleRequest[0m] Got request: GET /ndt/get_graph_data
[2026-09-01 06:58:05.507] [info] [[94mHttpSession.cpp[0m:[95m531[0m [96mhandleGetGraphData[0m] Handle Get Graph Data
[2026-09-01 06:58:05.528] [info] [[94mHttpSession.cpp[0m:[95m576[0m [96mhandleGetGraphData[0m] get_graph_data success
[2026-09-01 06:58:05.756] [info] [[94mControllerAndOtherEventHandler.cpp[0m:[95m239[0m [96moperator()[0m] Accepted new connection
[2026-09-01 06:58:05.756] [info] [[94mHttpSession.cpp[0m:[95m96[0m [96mhandleRequest[0m] Got request: GET /ndt/get_graph_data
[2026-09-01 06:58:05.756] [info] [[94mHttpSession.cpp[0m:[95m531[0m [96mhandleGetGraphData[0m] Handle Get Graph Data
[2026-09-01 06:58:05.775] [info] [[94mHttpSession.cpp[0m:[95m576[0m [96mhandleGetGraphData[0m] get_graph_data success
[2026-09-01 06:58:06.007] [info] [[94mControllerAndOtherEventHandler.cpp[0m:[95m239[0m [96moperator()[0m] Accepted new connection
[2026-09-01 06:58:06.007] [info] [[94mHttpSession.cpp[0m:[95m96[0m [96mhandleRequest[0m] Got request: GET /ndt/get_graph_data
[2026-09-01 06:58:06.007] [info] [[94mHttpSession.cpp[0m:[95m531[0m [96mhandleGetGraphData[0m] Handle Get Graph Data
[2026-09-01 06:58:06.027] [info] [[94mHttpSession.cpp[0m:[95m576[0m [96mhandleGetGraphData[0m] get_graph_data success
[2026-09-01 06:58:06.256] [info] [[94mControllerAndOtherEventHandler.cpp[0m:[95m239[0m [96moperator()[0m] Accepted new connection
[2026-09-01 06:58:06.257] [info] [[94mHttpSession.cpp[0m:[95m96[0m [96mhandleRequest[0m] Got request: GET /ndt/get_graph_data
[2026-09-01 06:58:06.257] [info] [[94mHttpSession.cpp[0m:[95m531[0m [96mhandleGetGraphData[0m] Handle Get Graph Data
[2026-09-01 06:58:06.273] [info] [[94mHttpSession.cpp[0m:[95m576[0m [96mhandleGetGraphData[0m] get_graph_data success
[2026-09-01 06:58:06.507] [info] [[94mControllerAndOtherEventHandler.cpp[0m:[95m239[0m [96moperator()[0m] Accepted new connection
[2026-09-01 06:58:06.507] [info] [[94mHttpSession.cpp[0m:[95m96[0m [96mhandleRequest[0m] Got request: GET /ndt/get_graph_data
[2026-09-01 06:58:06.507] [info] [[94mHttpSession.cpp[0m:[95m531[0m [96mhandleGetGraphData[0m] Handle Get Graph Data
[2026-09-01 06:58:06.525] [info] [[94mHttpSession.cpp[0m:[95m576[0m [96mhandleGetGraphData[0m] get_graph_data success
[2026-09-01 06:58:06.756] [info] [[94mControllerAndOtherEventHandler.cpp[0m:[95m239[0m [96moperator()[0m] Accepted new connection
[2026-09-01 06:58:06.757] [info] [[94mHttpSession.cpp[0m:[95m96[0m [96mhandleRequest[0m] Got request: GET /ndt/get_graph_data
[2026-09-01 06:58:06.757] [info] [[94mHttpSession.cpp[0m:[95m531[0m [96mhandleGetGraphData[0m] Handle Get Graph Data
[2026-09-01 06:58:06.777] [info] [[94mHttpSession.cpp[0m:[95m576[0m [96mhandleGetGraphData[0m] get_graph_data success
[2026-09-01 06:58:07.007] [info] [[94mControllerAndOtherEventHandler.cpp[0m:[95m239[0m [96moperator()[0m] Accepted new connection
[2026-09-01 06:58:07.007] [info] [[94mHttpSession.cpp[0m:[95m96[0m [96mhandleRequest[0m] Got request: GET /ndt/get_graph_data
[2026-09-01 06:58:07.008] [info] [[94mHttpSession.cpp[0m:[95m531[0m [96mhandleGetGraphData[0m] Handle Get Graph Data
[2026-09-01 06:58:07.028] [info] [[94mHttpSession.cpp[0m:[95m576[0m [96mhandleGetGraphData[0m] get_graph_data success
[2026-09-01 06:58:07.257] [info] [[94mControllerAndOtherEventHandler.cpp[0m:[95m239[0m [96moperator()[0m] Accepted new connection
[2026-09-01 06:58:07.257] [info] [[94mHttpSession.cpp[0m:[95m96[0m [96mhandleRequest[0m] Got request: GET /ndt/get_graph_data
[2026-09-01 06:58:07.257] [info] [[94mHttpSession.cpp[0m:[95m531[0m [96mhandleGetGraphData[0m] Handle Get Graph Data
[2026-09-01 06:58:07.275] [info] [[94mHttpSession.cpp[0m:[95m576[0m [96mhandleGetGraphData[0m] get_graph_data success
[2026-09-01 06:58:07.432] [info] [[94mFlowLinkUsageCollector.cpp[0m:[95m1807[0m [96mcalAvgFlowSendingRatesPeriodically[0m] rate loop period: last 30 iters mean 1001.4 ms | since start (239 iters) mean 1001.2 ms, min 1000.1, max 1005.5 (flows=1, counters=8) -- the LAST-N figure is the current denominator; the since-start one lags it
[2026-09-01 06:58:07.434] [info] [[94mFlowLinkUsageCollector.cpp[0m:[95m2016[0m [96mcalAvgFlowSendingRatesPeriodically[0m] rate divisor check: measured_interval_s=1.001435 divisor_used_s=1.001435 (ticket Q gate: these must agree to 1%; a negative divisor means no rate has been published yet, which is not a pass)
[2026-09-01 06:58:07.507] [info] [[94mControllerAndOtherEventHandler.cpp[0m:[95m239[0m [96moperator()[0m] Accepted new connection
[2026-09-01 06:58:07.507] [info] [[94mHttpSession.cpp[0m:[95m96[0m [96mhandleRequest[0m] Got request: GET /ndt/get_graph_data
[2026-09-01 06:58:07.508] [info] [[94mHttpSession.cpp[0m:[95m531[0m [96mhandleGetGraphData[0m] Handle Get Graph Data
[2026-09-01 06:58:07.521] [info] [[94mHttpSession.cpp[0m:[95m576[0m [96mhandleGetGraphData[0m] get_graph_data success
[2026-09-01 06:58:07.757] [info] [[94mControllerAndOtherEventHandler.cpp[0m:[95m239[0m [96moperator()[0m] Accepted new connection
[2026-09-01 06:58:07.758] [info] [[94mHttpSession.cpp[0m:[95m96[0m [96mhandleRequest[0m] Got request: GET /ndt/get_graph_data
[2026-09-01 06:58:07.758] [info] [[94mHttpSession.cpp[0m:[95m531[0m [96mhandleGetGraphData[0m] Handle Get Graph Data
[2026-09-01 06:58:07.776] [info] [[94mHttpSession.cpp[0m:[95m576[0m [96mhandleGetGraphData[0m] get_graph_data success
[2026-09-01 06:58:08.007] [info] [[94mControllerAndOtherEventHandler.cpp[0m:[95m239[0m [96moperator()[0m] Accepted new connection
[2026-09-01 06:58:08.008] [info] [[94mHttpSession.cpp[0m:[95m96[0m [96mhandleRequest[0m] Got request: GET /ndt/get_graph_data
[2026-09-01 06:58:08.008] [info] [[94mHttpSession.cpp[0m:[95m531[0m [96mhandleGetGraphData[0m] Handle Get Graph Data
[2026-09-01 06:58:08.026] [info] [[94mHttpSession.cpp[0m:[95m576[0m [96mhandleGetGraphData[0m] get_graph_data success
[2026-09-01 06:58:08.257] [info] [[94mControllerAndOtherEventHandler.cpp[0m:[95m239[0m [96moperator()[0m] Accepted new connection
[2026-09-01 06:58:08.257] [info] [[94mHttpSession.cpp[0m:[95m96[0m [96mhandleRequest[0m] Got request: GET /ndt/get_graph_data
[2026-09-01 06:58:08.257] [info] [[94mHttpSession.cpp[0m:[95m531[0m [96mhandleGetGraphData[0m] Handle Get Graph Data
[2026-09-01 06:58:08.274] [info] [[94mHttpSession.cpp[0m:[95m576[0m [96mhandleGetGraphData[0m] get_graph_data success
[2026-09-01 06:58:08.508] [info] [[94mControllerAndOtherEventHandler.cpp[0m:[95m239[0m [96moperator()[0m] Accepted new connection
[2026-09-01 06:58:08.508] [info] [[94mHttpSession.cpp[0m:[95m96[0m [96mhandleRequest[0m] Got request: GET /ndt/get_graph_data
[2026-09-01 06:58:08.508] [info] [[94mHttpSession.cpp[0m:[95m531[0m [96mhandleGetGraphData[0m] Handle Get Graph Data
[2026-09-01 06:58:08.520] [info] [[94mHttpSession.cpp[0m:[95m576[0m [96mhandleGetGraphData[0m] get_graph_data success
[2026-09-01 06:58:08.758] [info] [[94mControllerAndOtherEventHandler.cpp[0m:[95m239[0m [96moperator()[0m] Accepted new connection
[2026-09-01 06:58:08.758] [info] [[94mHttpSession.cpp[0m:[95m96[0m [96mhandleRequest[0m] Got request: GET /ndt/get_graph_data
[2026-09-01 06:58:08.758] [info] [[94mHttpSession.cpp[0m:[95m531[0m [96mhandleGetGraphData[0m] Handle Get Graph Data
[2026-09-01 06:58:08.773] [info] [[94mHttpSession.cpp[0m:[95m576[0m [96mhandleGetGraphData[0m] get_graph_data success
[2026-09-01 06:58:09.007] [info] [[94mControllerAndOtherEventHandler.cpp[0m:[95m239[0m [96moperator()[0m] Accepted new connection
[2026-09-01 06:58:09.007] [info] [[94mHttpSession.cpp[0m:[95m96[0m [96mhandleRequest[0m] Got request: GET /ndt/get_graph_data
[2026-09-01 06:58:09.007] [info] [[94mHttpSession.cpp[0m:[95m531[0m [96mhandleGetGraphData[0m] Handle Get Graph Data
[2026-09-01 06:58:09.025] [info] [[94mHttpSession.cpp[0m:[95m576[0m [96mhandleGetGraphData[0m] get_graph_data success
[2026-09-01 06:58:09.257] [info] [[94mControllerAndOtherEventHandler.cpp[0m:[95m239[0m [96moperator()[0m] Accepted new connection
[2026-09-01 06:58:09.257] [info] [[94mHttpSession.cpp[0m:[95m96[0m [96mhandleRequest[0m] Got request: GET /ndt/get_graph_data
[2026-09-01 06:58:09.257] [info] [[94mHttpSession.cpp[0m:[95m531[0m [96mhandleGetGraphData[0m] Handle Get Graph Data
[2026-09-01 06:58:09.272] [info] [[94mHttpSession.cpp[0m:[95m576[0m [96mhandleGetGraphData[0m] get_graph_data success
[2026-09-01 06:58:09.507] [info] [[94mControllerAndOtherEventHandler.cpp[0m:[95m239[0m [96moperator()[0m] Accepted new connection
[2026-09-01 06:58:09.507] [info] [[94mHttpSession.cpp[0m:[95m96[0m [96mhandleRequest[0m] Got request: GET /ndt/get_graph_data
[2026-09-01 06:58:09.507] [info] [[94mHttpSession.cpp[0m:[95m531[0m [96mhandleGetGraphData[0m] Handle Get Graph Data
[2026-09-01 06:58:09.527] [info] [[94mHttpSession.cpp[0m:[95m576[0m [96mhandleGetGraphData[0m] get_graph_data success
[2026-09-01 06:58:09.758] [info] [[94mControllerAndOtherEventHandler.cpp[0m:[95m239[0m [96moperator()[0m] Accepted new connection
[2026-09-01 06:58:09.758] [info] [[94mHttpSession.cpp[0m:[95m96[0m [96mhandleRequest[0m] Got request: GET /ndt/get_graph_data
[2026-09-01 06:58:09.759] [info] [[94mHttpSession.cpp[0m:[95m531[0m [96mhandleGetGraphData[0m] Handle Get Graph Data
[2026-09-01 06:58:09.773] [info] [[94mHttpSession.cpp[0m:[95m576[0m [96mhandleGetGraphData[0m] get_graph_data success
[2026-09-01 06:58:10.008] [info] [[94mControllerAndOtherEventHandler.cpp[0m:[95m239[0m [96moperator()[0m] Accepted new connection
[2026-09-01 06:58:10.008] [info] [[94mHttpSession.cpp[0m:[95m96[0m [96mhandleRequest[0m] Got request: GET /ndt/get_graph_data
[2026-09-01 06:58:10.008] [info] [[94mHttpSession.cpp[0m:[95m531[0m [96mhandleGetGraphData[0m] Handle Get Graph Data
[2026-09-01 06:58:10.022] [info] [[94mHttpSession.cpp[0m:[95m576[0m [96mhandleGetGraphData[0m] get_graph_data success
[2026-09-01 06:58:10.258] [info] [[94mControllerAndOtherEventHandler.cpp[0m:[95m239[0m [96moperator()[0m] Accepted new connection
[2026-09-01 06:58:10.258] [info] [[94mHttpSession.cpp[0m:[95m96[0m [96mhandleRequest[0m] Got request: GET /ndt/get_graph_data
[2026-09-01 06:58:10.258] [info] [[94mHttpSession.cpp[0m:[95m531[0m [96mhandleGetGraphData[0m] Handle Get Graph Data
[2026-09-01 06:58:10.273] [info] [[94mHttpSession.cpp[0m:[95m576[0m [96mhandleGetGraphData[0m] get_graph_data success
[2026-09-01 06:58:10.508] [info] [[94mControllerAndOtherEventHandler.cpp[0m:[95m239[0m [96moperator()[0m] Accepted new connection
[2026-09-01 06:58:10.508] [info] [[94mHttpSession.cpp[0m:[95m96[0m [96mhandleRequest[0m] Got request: GET /ndt/get_graph_data
[2026-09-01 06:58:10.509] [info] [[94mHttpSession.cpp[0m:[95m531[0m [96mhandleGetGraphData[0m] Handle Get Graph Data
[2026-09-01 06:58:10.524] [info] [[94mHttpSession.cpp[0m:[95m576[0m [96mhandleGetGraphData[0m] get_graph_data success
[2026-09-01 06:58:10.758] [info] [[94mControllerAndOtherEventHandler.cpp[0m:[95m239[0m [96moperator()[0m] Accepted new connection
[2026-09-01 06:58:10.759] [info] [[94mHttpSession.cpp[0m:[95m96[0m [96mhandleRequest[0m] Got request: GET /ndt/get_graph_data
[2026-09-01 06:58:10.759] [info] [[94mHttpSession.cpp[0m:[95m531[0m [96mhandleGetGraphData[0m] Handle Get Graph Data
[2026-09-01 06:58:10.779] [info] [[94mHttpSession.cpp[0m:[95m576[0m [96mhandleGetGraphData[0m] get_graph_data success
[2026-09-01 06:58:11.008] [info] [[94mControllerAndOtherEventHandler.cpp[0m:[95m239[0m [96moperator()[0m] Accepted new connection
[2026-09-01 06:58:11.009] [info] [[94mHttpSession.cpp[0m:[95m96[0m [96mhandleRequest[0m] Got request: GET /ndt/get_graph_data
[2026-09-01 06:58:11.009] [info] [[94mHttpSession.cpp[0m:[95m531[0m [96mhandleGetGraphData[0m] Handle Get Graph Data
[2026-09-01 06:58:11.029] [info] [[94mHttpSession.cpp[0m:[95m576[0m [96mhandleGetGraphData[0m] get_graph_data success
[2026-09-01 06:58:11.258] [info] [[94mControllerAndOtherEventHandler.cpp[0m:[95m239[0m [96moperator()[0m] Accepted new connection
[2026-09-01 06:58:11.258] [info] [[94mHttpSession.cpp[0m:[95m96[0m [96mhandleRequest[0m] Got request: GET /ndt/get_graph_data
[2026-09-01 06:58:11.258] [info] [[94mHttpSession.cpp[0m:[95m531[0m [96mhandleGetGraphData[0m] Handle Get Graph Data
[2026-09-01 06:58:11.280] [info] [[94mHttpSession.cpp[0m:[95m576[0m [96mhandleGetGraphData[0m] get_graph_data success
[2026-09-01 06:58:11.509] [info] [[94mControllerAndOtherEventHandler.cpp[0m:[95m239[0m [96moperator()[0m] Accepted new connection
[2026-09-01 06:58:11.509] [info] [[94mHttpSession.cpp[0m:[95m96[0m [96mhandleRequest[0m] Got request: GET /ndt/get_graph_data
[2026-09-01 06:58:11.509] [info] [[94mHttpSession.cpp[0m:[95m531[0m [96mhandleGetGraphData[0m] Handle Get Graph Data
[2026-09-01 06:58:11.531] [info] [[94mHttpSession.cpp[0m:[95m576[0m [96mhandleGetGraphData[0m] get_graph_data success
[2026-09-01 06:58:11.759] [info] [[94mControllerAndOtherEventHandler.cpp[0m:[95m239[0m [96moperator()[0m] Accepted new connection
[2026-09-01 06:58:11.759] [info] [[94mHttpSession.cpp[0m:[95m96[0m [96mhandleRequest[0m] Got request: GET /ndt/get_graph_data
[2026-09-01 06:58:11.759] [info] [[94mHttpSession.cpp[0m:[95m531[0m [96mhandleGetGraphData[0m] Handle Get Graph Data
[2026-09-01 06:58:11.776] [info] [[94mHttpSession.cpp[0m:[95m576[0m [96mhandleGetGraphData[0m] get_graph_data success
[2026-09-01 06:58:12.008] [info] [[94mControllerAndOtherEventHandler.cpp[0m:[95m239[0m [96moperator()[0m] Accepted new connection
[2026-09-01 06:58:12.009] [info] [[94mHttpSession.cpp[0m:[95m96[0m [96mhandleRequest[0m] Got request: GET /ndt/get_graph_data
[2026-09-01 06:58:12.009] [info] [[94mHttpSession.cpp[0m:[95m531[0m [96mhandleGetGraphData[0m] Handle Get Graph Data
[2026-09-01 06:58:12.029] [info] [[94mHttpSession.cpp[0m:[95m576[0m [96mhandleGetGraphData[0m] get_graph_data success
[2026-09-01 06:58:12.258] [info] [[94mControllerAndOtherEventHandler.cpp[0m:[95m239[0m [96moperator()[0m] Accepted new connection
[2026-09-01 06:58:12.258] [info] [[94mHttpSession.cpp[0m:[95m96[0m [96mhandleRequest[0m] Got request: GET /ndt/get_graph_data
[2026-09-01 06:58:12.258] [info] [[94mHttpSession.cpp[0m:[95m531[0m [96mhandleGetGraphData[0m] Handle Get Graph Data
[2026-09-01 06:58:12.279] [info] [[94mHttpSession.cpp[0m:[95m576[0m [96mhandleGetGraphData[0m] get_graph_data success
[2026-09-01 06:58:12.509] [info] [[94mControllerAndOtherEventHandler.cpp[0m:[95m239[0m [96moperator()[0m] Accepted new connection
[2026-09-01 06:58:12.509] [info] [[94mHttpSession.cpp[0m:[95m96[0m [96mhandleRequest[0m] Got request: GET /ndt/get_graph_data
[2026-09-01 06:58:12.509] [info] [[94mHttpSession.cpp[0m:[95m531[0m [96mhandleGetGraphData[0m] Handle Get Graph Data
[2026-09-01 06:58:12.530] [info] [[94mHttpSession.cpp[0m:[95m576[0m [96mhandleGetGraphData[0m] get_graph_data success
[2026-09-01 06:58:12.759] [info] [[94mControllerAndOtherEventHandler.cpp[0m:[95m239[0m [96moperator()[0m] Accepted new connection
[2026-09-01 06:58:12.759] [info] [[94mHttpSession.cpp[0m:[95m96[0m [96mhandleRequest[0m] Got request: GET /ndt/get_graph_data
[2026-09-01 06:58:12.759] [info] [[94mHttpSession.cpp[0m:[95m531[0m [96mhandleGetGraphData[0m] Handle Get Graph Data
[2026-09-01 06:58:12.778] [info] [[94mHttpSession.cpp[0m:[95m576[0m [96mhandleGetGraphData[0m] get_graph_data success
[2026-09-01 06:58:13.008] [info] [[94mControllerAndOtherEventHandler.cpp[0m:[95m239[0m [96moperator()[0m] Accepted new connection
[2026-09-01 06:58:13.009] [info] [[94mHttpSession.cpp[0m:[95m96[0m [96mhandleRequest[0m] Got request: GET /ndt/get_graph_data
[2026-09-01 06:58:13.009] [info] [[94mHttpSession.cpp[0m:[95m531[0m [96mhandleGetGraphData[0m] Handle Get Graph Data
[2026-09-01 06:58:13.028] [info] [[94mHttpSession.cpp[0m:[95m576[0m [96mhandleGetGraphData[0m] get_graph_data success
[2026-09-01 06:58:13.258] [info] [[94mControllerAndOtherEventHandler.cpp[0m:[95m239[0m [96moperator()[0m] Accepted new connection
[2026-09-01 06:58:13.259] [info] [[94mHttpSession.cpp[0m:[95m96[0m [96mhandleRequest[0m] Got request: GET /ndt/get_graph_data
[2026-09-01 06:58:13.259] [info] [[94mHttpSession.cpp[0m:[95m531[0m [96mhandleGetGraphData[0m] Handle Get Graph Data
[2026-09-01 06:58:13.274] [info] [[94mHttpSession.cpp[0m:[95m576[0m [96mhandleGetGraphData[0m] get_graph_data success
[2026-09-01 06:58:13.509] [info] [[94mControllerAndOtherEventHandler.cpp[0m:[95m239[0m [96moperator()[0m] Accepted new connection
[2026-09-01 06:58:13.509] [info] [[94mHttpSession.cpp[0m:[95m96[0m [96mhandleRequest[0m] Got request: GET /ndt/get_graph_data
[2026-09-01 06:58:13.509] [info] [[94mHttpSession.cpp[0m:[95m531[0m [96mhandleGetGraphData[0m] Handle Get Graph Data
[2026-09-01 06:58:13.523] [info] [[94mHttpSession.cpp[0m:[95m576[0m [96mhandleGetGraphData[0m] get_graph_data success
[2026-09-01 06:58:13.759] [info] [[94mControllerAndOtherEventHandler.cpp[0m:[95m239[0m [96moperator()[0m] Accepted new connection
[2026-09-01 06:58:13.759] [info] [[94mHttpSession.cpp[0m:[95m96[0m [96mhandleRequest[0m] Got request: GET /ndt/get_graph_data
[2026-09-01 06:58:13.759] [info] [[94mHttpSession.cpp[0m:[95m531[0m [96mhandleGetGraphData[0m] Handle Get Graph Data
[2026-09-01 06:58:13.772] [info] [[94mHttpSession.cpp[0m:[95m576[0m [96mhandleGetGraphData[0m] get_graph_data success
[2026-09-01 06:58:14.009] [info] [[94mControllerAndOtherEventHandler.cpp[0m:[95m239[0m [96moperator()[0m] Accepted new connection
[2026-09-01 06:58:14.009] [info] [[94mHttpSession.cpp[0m:[95m96[0m [96mhandleRequest[0m] Got request: GET /ndt/get_graph_data
[2026-09-01 06:58:14.009] [info] [[94mHttpSession.cpp[0m:[95m531[0m [96mhandleGetGraphData[0m] Handle Get Graph Data
[2026-09-01 06:58:14.022] [info] [[94mHttpSession.cpp[0m:[95m576[0m [96mhandleGetGraphData[0m] get_graph_data success
[2026-09-01 06:58:14.259] [info] [[94mControllerAndOtherEventHandler.cpp[0m:[95m239[0m [96moperator()[0m] Accepted new connection
[2026-09-01 06:58:14.260] [info] [[94mHttpSession.cpp[0m:[95m96[0m [96mhandleRequest[0m] Got request: GET /ndt/get_graph_data
[2026-09-01 06:58:14.260] [info] [[94mHttpSession.cpp[0m:[95m531[0m [96mhandleGetGraphData[0m] Handle Get Graph Data
[2026-09-01 06:58:14.278] [info] [[94mHttpSession.cpp[0m:[95m576[0m [96mhandleGetGraphData[0m] get_graph_data success
[2026-09-01 06:58:14.509] [info] [[94mControllerAndOtherEventHandler.cpp[0m:[95m239[0m [96moperator()[0m] Accepted new connection
[2026-09-01 06:58:14.510] [info] [[94mHttpSession.cpp[0m:[95m96[0m [96mhandleRequest[0m] Got request: GET /ndt/get_graph_data
[2026-09-01 06:58:14.510] [info] [[94mHttpSession.cpp[0m:[95m531[0m [96mhandleGetGraphData[0m] Handle Get Graph Data
[2026-09-01 06:58:14.522] [info] [[94mHttpSession.cpp[0m:[95m576[0m [96mhandleGetGraphData[0m] get_graph_data success
[2026-09-01 06:58:14.760] [info] [[94mControllerAndOtherEventHandler.cpp[0m:[95m239[0m [96moperator()[0m] Accepted new connection
[2026-09-01 06:58:14.760] [info] [[94mHttpSession.cpp[0m:[95m96[0m [96mhandleRequest[0m] Got request: GET /ndt/get_graph_data
[2026-09-01 06:58:14.760] [info] [[94mHttpSession.cpp[0m:[95m531[0m [96mhandleGetGraphData[0m] Handle Get Graph Data
[2026-09-01 06:58:14.778] [info] [[94mHttpSession.cpp[0m:[95m576[0m [96mhandleGetGraphData[0m] get_graph_data success
[2026-09-01 06:58:15.010] [info] [[94mControllerAndOtherEventHandler.cpp[0m:[95m239[0m [96moperator()[0m] Accepted new connection
[2026-09-01 06:58:15.010] [info] [[94mHttpSession.cpp[0m:[95m96[0m [96mhandleRequest[0m] Got request: GET /ndt/get_graph_data
[2026-09-01 06:58:15.010] [info] [[94mHttpSession.cpp[0m:[95m531[0m [96mhandleGetGraphData[0m] Handle Get Graph Data
[2026-09-01 06:58:15.029] [info] [[94mHttpSession.cpp[0m:[95m576[0m [96mhandleGetGraphData[0m] get_graph_data success
[2026-09-01 06:58:15.259] [info] [[94mControllerAndOtherEventHandler.cpp[0m:[95m239[0m [96moperator()[0m] Accepted new connection
[2026-09-01 06:58:15.259] [info] [[94mHttpSession.cpp[0m:[95m96[0m [96mhandleRequest[0m] Got request: GET /ndt/get_graph_data
[2026-09-01 06:58:15.259] [info] [[94mHttpSession.cpp[0m:[95m531[0m [96mhandleGetGraphData[0m] Handle Get Graph Data
[2026-09-01 06:58:15.278] [info] [[94mHttpSession.cpp[0m:[95m576[0m [96mhandleGetGraphData[0m] get_graph_data success
[2026-09-01 06:58:15.428] [info] [[94mFlowLinkUsageCollector.cpp[0m:[95m2558[0m [96mfetchAllDestinationPaths[0m] Pulled 16256 paths from controller
[2026-09-01 06:58:15.510] [info] [[94mControllerAndOtherEventHandler.cpp[0m:[95m239[0m [96moperator()[0m] Accepted new connection
[2026-09-01 06:58:15.510] [info] [[94mHttpSession.cpp[0m:[95m96[0m [96mhandleRequest[0m] Got request: GET /ndt/get_graph_data
[2026-09-01 06:58:15.510] [info] [[94mHttpSession.cpp[0m:[95m531[0m [96mhandleGetGraphData[0m] Handle Get Graph Data
[2026-09-01 06:58:15.526] [info] [[94mHttpSession.cpp[0m:[95m576[0m [96mhandleGetGraphData[0m] get_graph_data success
[2026-09-01 06:58:15.760] [info] [[94mControllerAndOtherEventHandler.cpp[0m:[95m239[0m [96moperator()[0m] Accepted new connection
[2026-09-01 06:58:15.760] [info] [[94mHttpSession.cpp[0m:[95m96[0m [96mhandleRequest[0m] Got request: GET /ndt/get_graph_data
[2026-09-01 06:58:15.760] [info] [[94mHttpSession.cpp[0m:[95m531[0m [96mhandleGetGraphData[0m] Handle Get Graph Data
[2026-09-01 06:58:15.781] [info] [[94mHttpSession.cpp[0m:[95m576[0m [96mhandleGetGraphData[0m] get_graph_data success
[2026-09-01 06:58:16.010] [info] [[94mControllerAndOtherEventHandler.cpp[0m:[95m239[0m [96moperator()[0m] Accepted new connection
[2026-09-01 06:58:16.010] [info] [[94mHttpSession.cpp[0m:[95m96[0m [96mhandleRequest[0m] Got request: GET /ndt/get_graph_data
[2026-09-01 06:58:16.010] [info] [[94mHttpSession.cpp[0m:[95m531[0m [96mhandleGetGraphData[0m] Handle Get Graph Data
[2026-09-01 06:58:16.029] [info] [[94mHttpSession.cpp[0m:[95m576[0m [96mhandleGetGraphData[0m] get_graph_data success
[2026-09-01 06:58:16.260] [info] [[94mControllerAndOtherEventHandler.cpp[0m:[95m239[0m [96moperator()[0m] Accepted new connection
[2026-09-01 06:58:16.260] [info] [[94mHttpSession.cpp[0m:[95m96[0m [96mhandleRequest[0m] Got request: GET /ndt/get_graph_data
[2026-09-01 06:58:16.260] [info] [[94mHttpSession.cpp[0m:[95m531[0m [96mhandleGetGraphData[0m] Handle Get Graph Data
[2026-09-01 06:58:16.278] [info] [[94mHttpSession.cpp[0m:[95m576[0m [96mhandleGetGraphData[0m] get_graph_data success
[2026-09-01 06:58:16.510] [info] [[94mControllerAndOtherEventHandler.cpp[0m:[95m239[0m [96moperator()[0m] Accepted new connection
[2026-09-01 06:58:16.511] [info] [[94mHttpSession.cpp[0m:[95m96[0m [96mhandleRequest[0m] Got request: GET /ndt/get_graph_data
[2026-09-01 06:58:16.511] [info] [[94mHttpSession.cpp[0m:[95m531[0m [96mhandleGetGraphData[0m] Handle Get Graph Data
[2026-09-01 06:58:16.530] [info] [[94mHttpSession.cpp[0m:[95m576[0m [96mhandleGetGraphData[0m] get_graph_data success
[2026-09-01 06:58:16.760] [info] [[94mControllerAndOtherEventHandler.cpp[0m:[95m239[0m [96moperator()[0m] Accepted new connection
[2026-09-01 06:58:16.761] [info] [[94mHttpSession.cpp[0m:[95m96[0m [96mhandleRequest[0m] Got request: GET /ndt/get_graph_data
[2026-09-01 06:58:16.761] [info] [[94mHttpSession.cpp[0m:[95m531[0m [96mhandleGetGraphData[0m] Handle Get Graph Data
[2026-09-01 06:58:16.781] [info] [[94mHttpSession.cpp[0m:[95m576[0m [96mhandleGetGraphData[0m] get_graph_data success
[2026-09-01 06:58:17.010] [info] [[94mControllerAndOtherEventHandler.cpp[0m:[95m239[0m [96moperator()[0m] Accepted new connection
[2026-09-01 06:58:17.011] [info] [[94mHttpSession.cpp[0m:[95m96[0m [96mhandleRequest[0m] Got request: GET /ndt/get_graph_data
[2026-09-01 06:58:17.011] [info] [[94mHttpSession.cpp[0m:[95m531[0m [96mhandleGetGraphData[0m] Handle Get Graph Data
[2026-09-01 06:58:17.031] [info] [[94mHttpSession.cpp[0m:[95m576[0m [96mhandleGetGraphData[0m] get_graph_data success
[2026-09-01 06:58:17.260] [info] [[94mControllerAndOtherEventHandler.cpp[0m:[95m239[0m [96moperator()[0m] Accepted new connection
[2026-09-01 06:58:17.260] [info] [[94mHttpSession.cpp[0m:[95m96[0m [96mhandleRequest[0m] Got request: GET /ndt/get_graph_data
[2026-09-01 06:58:17.260] [info] [[94mHttpSession.cpp[0m:[95m531[0m [96mhandleGetGraphData[0m] Handle Get Graph Data
[2026-09-01 06:58:17.280] [info] [[94mHttpSession.cpp[0m:[95m576[0m [96mhandleGetGraphData[0m] get_graph_data success
[2026-09-01 06:58:17.511] [info] [[94mControllerAndOtherEventHandler.cpp[0m:[95m239[0m [96moperator()[0m] Accepted new connection
[2026-09-01 06:58:17.511] [info] [[94mHttpSession.cpp[0m:[95m96[0m [96mhandleRequest[0m] Got request: GET /ndt/get_graph_data
[2026-09-01 06:58:17.511] [info] [[94mHttpSession.cpp[0m:[95m531[0m [96mhandleGetGraphData[0m] Handle Get Graph Data
[2026-09-01 06:58:17.531] [info] [[94mHttpSession.cpp[0m:[95m576[0m [96mhandleGetGraphData[0m] get_graph_data success
[2026-09-01 06:58:17.761] [info] [[94mControllerAndOtherEventHandler.cpp[0m:[95m239[0m [96moperator()[0m] Accepted new connection
[2026-09-01 06:58:17.761] [info] [[94mHttpSession.cpp[0m:[95m96[0m [96mhandleRequest[0m] Got request: GET /ndt/get_graph_data
[2026-09-01 06:58:17.761] [info] [[94mHttpSession.cpp[0m:[95m531[0m [96mhandleGetGraphData[0m] Handle Get Graph Data
[2026-09-01 06:58:17.775] [info] [[94mHttpSession.cpp[0m:[95m576[0m [96mhandleGetGraphData[0m] get_graph_data success
[2026-09-01 06:58:18.010] [info] [[94mControllerAndOtherEventHandler.cpp[0m:[95m239[0m [96moperator()[0m] Accepted new connection
[2026-09-01 06:58:18.010] [info] [[94mHttpSession.cpp[0m:[95m96[0m [96mhandleRequest[0m] Got request: GET /ndt/get_graph_data
[2026-09-01 06:58:18.010] [info] [[94mHttpSession.cpp[0m:[95m531[0m [96mhandleGetGraphData[0m] Handle Get Graph Data
[2026-09-01 06:58:18.029] [info] [[94mHttpSession.cpp[0m:[95m576[0m [96mhandleGetGraphData[0m] get_graph_data success
[2026-09-01 06:58:18.260] [info] [[94mControllerAndOtherEventHandler.cpp[0m:[95m239[0m [96moperator()[0m] Accepted new connection
[2026-09-01 06:58:18.260] [info] [[94mHttpSession.cpp[0m:[95m96[0m [96mhandleRequest[0m] Got request: GET /ndt/get_graph_data
[2026-09-01 06:58:18.260] [info] [[94mHttpSession.cpp[0m:[95m531[0m [96mhandleGetGraphData[0m] Handle Get Graph Data
[2026-09-01 06:58:18.278] [info] [[94mHttpSession.cpp[0m:[95m576[0m [96mhandleGetGraphData[0m] get_graph_data success
[2026-09-01 06:58:18.511] [info] [[94mControllerAndOtherEventHandler.cpp[0m:[95m239[0m [96moperator()[0m] Accepted new connection
[2026-09-01 06:58:18.511] [info] [[94mHttpSession.cpp[0m:[95m96[0m [96mhandleRequest[0m] Got request: GET /ndt/get_graph_data
[2026-09-01 06:58:18.511] [info] [[94mHttpSession.cpp[0m:[95m531[0m [96mhandleGetGraphData[0m] Handle Get Graph Data
[2026-09-01 06:58:18.531] [info] [[94mHttpSession.cpp[0m:[95m576[0m [96mhandleGetGraphData[0m] get_graph_data success
[2026-09-01 06:58:18.761] [info] [[94mControllerAndOtherEventHandler.cpp[0m:[95m239[0m [96moperator()[0m] Accepted new connection
[2026-09-01 06:58:18.761] [info] [[94mHttpSession.cpp[0m:[95m96[0m [96mhandleRequest[0m] Got request: GET /ndt/get_graph_data
[2026-09-01 06:58:18.761] [info] [[94mHttpSession.cpp[0m:[95m531[0m [96mhandleGetGraphData[0m] Handle Get Graph Data
[2026-09-01 06:58:18.780] [info] [[94mHttpSession.cpp[0m:[95m576[0m [96mhandleGetGraphData[0m] get_graph_data success
[2026-09-01 06:58:19.011] [info] [[94mControllerAndOtherEventHandler.cpp[0m:[95m239[0m [96moperator()[0m] Accepted new connection
[2026-09-01 06:58:19.011] [info] [[94mHttpSession.cpp[0m:[95m96[0m [96mhandleRequest[0m] Got request: GET /ndt/get_graph_data
[2026-09-01 06:58:19.011] [info] [[94mHttpSession.cpp[0m:[95m531[0m [96mhandleGetGraphData[0m] Handle Get Graph Data
[2026-09-01 06:58:19.030] [info] [[94mHttpSession.cpp[0m:[95m576[0m [96mhandleGetGraphData[0m] get_graph_data success
[2026-09-01 06:58:19.260] [info] [[94mControllerAndOtherEventHandler.cpp[0m:[95m239[0m [96moperator()[0m] Accepted new connection
[2026-09-01 06:58:19.261] [info] [[94mHttpSession.cpp[0m:[95m96[0m [96mhandleRequest[0m] Got request: GET /ndt/get_graph_data
[2026-09-01 06:58:19.261] [info] [[94mHttpSession.cpp[0m:[95m531[0m [96mhandleGetGraphData[0m] Handle Get Graph Data
[2026-09-01 06:58:19.280] [info] [[94mHttpSession.cpp[0m:[95m576[0m [96mhandleGetGraphData[0m] get_graph_data success
[2026-09-01 06:58:19.511] [info] [[94mControllerAndOtherEventHandler.cpp[0m:[95m239[0m [96moperator()[0m] Accepted new connection
[2026-09-01 06:58:19.511] [info] [[94mHttpSession.cpp[0m:[95m96[0m [96mhandleRequest[0m] Got request: GET /ndt/get_graph_data
[2026-09-01 06:58:19.511] [info] [[94mHttpSession.cpp[0m:[95m531[0m [96mhandleGetGraphData[0m] Handle Get Graph Data
[2026-09-01 06:58:19.529] [info] [[94mHttpSession.cpp[0m:[95m576[0m [96mhandleGetGraphData[0m] get_graph_data success
[2026-09-01 06:58:19.761] [info] [[94mControllerAndOtherEventHandler.cpp[0m:[95m239[0m [96moperator()[0m] Accepted new connection
[2026-09-01 06:58:19.762] [info] [[94mHttpSession.cpp[0m:[95m96[0m [96mhandleRequest[0m] Got request: GET /ndt/get_graph_data
[2026-09-01 06:58:19.762] [info] [[94mHttpSession.cpp[0m:[95m531[0m [96mhandleGetGraphData[0m] Handle Get Graph Data
[2026-09-01 06:58:19.780] [info] [[94mHttpSession.cpp[0m:[95m576[0m [96mhandleGetGraphData[0m] get_graph_data success
[2026-09-01 06:58:20.011] [info] [[94mControllerAndOtherEventHandler.cpp[0m:[95m239[0m [96moperator()[0m] Accepted new connection
[2026-09-01 06:58:20.011] [info] [[94mHttpSession.cpp[0m:[95m96[0m [96mhandleRequest[0m] Got request: GET /ndt/get_graph_data
[2026-09-01 06:58:20.011] [info] [[94mHttpSession.cpp[0m:[95m531[0m [96mhandleGetGraphData[0m] Handle Get Graph Data
[2026-09-01 06:58:20.030] [info] [[94mHttpSession.cpp[0m:[95m576[0m [96mhandleGetGraphData[0m] get_graph_data success
[2026-09-01 06:58:20.261] [info] [[94mControllerAndOtherEventHandler.cpp[0m:[95m239[0m [96moperator()[0m] Accepted new connection
[2026-09-01 06:58:20.261] [info] [[94mHttpSession.cpp[0m:[95m96[0m [96mhandleRequest[0m] Got request: GET /ndt/get_graph_data
[2026-09-01 06:58:20.261] [info] [[94mHttpSession.cpp[0m:[95m531[0m [96mhandleGetGraphData[0m] Handle Get Graph Data
[2026-09-01 06:58:20.279] [info] [[94mHttpSession.cpp[0m:[95m576[0m [96mhandleGetGraphData[0m] get_graph_data success
[2026-09-01 06:58:20.510] [info] [[94mControllerAndOtherEventHandler.cpp[0m:[95m239[0m [96moperator()[0m] Accepted new connection
[2026-09-01 06:58:20.511] [info] [[94mHttpSession.cpp[0m:[95m96[0m [96mhandleRequest[0m] Got request: GET /ndt/get_graph_data
[2026-09-01 06:58:20.511] [info] [[94mHttpSession.cpp[0m:[95m531[0m [96mhandleGetGraphData[0m] Handle Get Graph Data
[2026-09-01 06:58:20.529] [info] [[94mHttpSession.cpp[0m:[95m576[0m [96mhandleGetGraphData[0m] get_graph_data success
[2026-09-01 06:58:20.762] [info] [[94mControllerAndOtherEventHandler.cpp[0m:[95m239[0m [96moperator()[0m] Accepted new connection
[2026-09-01 06:58:20.762] [info] [[94mHttpSession.cpp[0m:[95m96[0m [96mhandleRequest[0m] Got request: GET /ndt/get_graph_data
[2026-09-01 06:58:20.762] [info] [[94mHttpSession.cpp[0m:[95m531[0m [96mhandleGetGraphData[0m] Handle Get Graph Data
[2026-09-01 06:58:20.775] [info] [[94mHttpSession.cpp[0m:[95m576[0m [96mhandleGetGraphData[0m] get_graph_data success
[2026-09-01 06:58:21.012] [info] [[94mControllerAndOtherEventHandler.cpp[0m:[95m239[0m [96moperator()[0m] Accepted new connection
[2026-09-01 06:58:21.012] [info] [[94mHttpSession.cpp[0m:[95m96[0m [96mhandleRequest[0m] Got request: GET /ndt/get_graph_data
[2026-09-01 06:58:21.012] [info] [[94mHttpSession.cpp[0m:[95m531[0m [96mhandleGetGraphData[0m] Handle Get Graph Data
[2026-09-01 06:58:21.024] [info] [[94mHttpSession.cpp[0m:[95m576[0m [96mhandleGetGraphData[0m] get_graph_data success
[2026-09-01 06:58:21.261] [info] [[94mControllerAndOtherEventHandler.cpp[0m:[95m239[0m [96moperator()[0m] Accepted new connection
[2026-09-01 06:58:21.261] [info] [[94mHttpSession.cpp[0m:[95m96[0m [96mhandleRequest[0m] Got request: GET /ndt/get_graph_data
[2026-09-01 06:58:21.261] [info] [[94mHttpSession.cpp[0m:[95m531[0m [96mhandleGetGraphData[0m] Handle Get Graph Data
[2026-09-01 06:58:21.280] [info] [[94mHttpSession.cpp[0m:[95m576[0m [96mhandleGetGraphData[0m] get_graph_data success
[2026-09-01 06:58:21.511] [info] [[94mControllerAndOtherEventHandler.cpp[0m:[95m239[0m [96moperator()[0m] Accepted new connection
[2026-09-01 06:58:21.511] [info] [[94mHttpSession.cpp[0m:[95m96[0m [96mhandleRequest[0m] Got request: GET /ndt/get_graph_data
[2026-09-01 06:58:21.511] [info] [[94mHttpSession.cpp[0m:[95m531[0m [96mhandleGetGraphData[0m] Handle Get Graph Data
[2026-09-01 06:58:21.525] [info] [[94mHttpSession.cpp[0m:[95m576[0m [96mhandleGetGraphData[0m] get_graph_data success
[2026-09-01 06:58:21.762] [info] [[94mControllerAndOtherEventHandler.cpp[0m:[95m239[0m [96moperator()[0m] Accepted new connection
[2026-09-01 06:58:21.762] [info] [[94mHttpSession.cpp[0m:[95m96[0m [96mhandleRequest[0m] Got request: GET /ndt/get_graph_data
[2026-09-01 06:58:21.762] [info] [[94mHttpSession.cpp[0m:[95m531[0m [96mhandleGetGraphData[0m] Handle Get Graph Data
[2026-09-01 06:58:21.778] [info] [[94mHttpSession.cpp[0m:[95m576[0m [96mhandleGetGraphData[0m] get_graph_data success
[2026-09-01 06:58:22.011] [info] [[94mControllerAndOtherEventHandler.cpp[0m:[95m239[0m [96moperator()[0m] Accepted new connection
[2026-09-01 06:58:22.012] [info] [[94mHttpSession.cpp[0m:[95m96[0m [96mhandleRequest[0m] Got request: GET /ndt/get_graph_data
[2026-09-01 06:58:22.012] [info] [[94mHttpSession.cpp[0m:[95m531[0m [96mhandleGetGraphData[0m] Handle Get Graph Data
[2026-09-01 06:58:22.031] [info] [[94mHttpSession.cpp[0m:[95m576[0m [96mhandleGetGraphData[0m] get_graph_data success
[2026-09-01 06:58:22.262] [info] [[94mControllerAndOtherEventHandler.cpp[0m:[95m239[0m [96moperator()[0m] Accepted new connection
[2026-09-01 06:58:22.262] [info] [[94mHttpSession.cpp[0m:[95m96[0m [96mhandleRequest[0m] Got request: GET /ndt/get_graph_data
[2026-09-01 06:58:22.262] [info] [[94mHttpSession.cpp[0m:[95m531[0m [96mhandleGetGraphData[0m] Handle Get Graph Data
[2026-09-01 06:58:22.280] [info] [[94mHttpSession.cpp[0m:[95m576[0m [96mhandleGetGraphData[0m] get_graph_data success
[2026-09-01 06:58:22.511] [info] [[94mControllerAndOtherEventHandler.cpp[0m:[95m239[0m [96moperator()[0m] Accepted new connection
[2026-09-01 06:58:22.511] [info] [[94mHttpSession.cpp[0m:[95m96[0m [96mhandleRequest[0m] Got request: GET /ndt/get_graph_data
[2026-09-01 06:58:22.511] [info] [[94mHttpSession.cpp[0m:[95m531[0m [96mhandleGetGraphData[0m] Handle Get Graph Data
[2026-09-01 06:58:22.524] [info] [[94mHttpSession.cpp[0m:[95m576[0m [96mhandleGetGraphData[0m] get_graph_data success
[2026-09-01 06:58:22.762] [info] [[94mControllerAndOtherEventHandler.cpp[0m:[95m239[0m [96moperator()[0m] Accepted new connection
[2026-09-01 06:58:22.762] [info] [[94mHttpSession.cpp[0m:[95m96[0m [96mhandleRequest[0m] Got request: GET /ndt/get_graph_data
[2026-09-01 06:58:22.796] [info] [[94mHttpSession.cpp[0m:[95m531[0m [96mhandleGetGraphData[0m] Handle Get Graph Data
[2026-09-01 06:58:22.812] [info] [[94mHttpSession.cpp[0m:[95m576[0m [96mhandleGetGraphData[0m] get_graph_data success
[2026-09-01 06:58:23.011] [info] [[94mControllerAndOtherEventHandler.cpp[0m:[95m239[0m [96moperator()[0m] Accepted new connection
[2026-09-01 06:58:23.012] [info] [[94mHttpSession.cpp[0m:[95m96[0m [96mhandleRequest[0m] Got request: GET /ndt/get_graph_data
[2026-09-01 06:58:23.012] [info] [[94mHttpSession.cpp[0m:[95m531[0m [96mhandleGetGraphData[0m] Handle Get Graph Data
[2026-09-01 06:58:23.026] [info] [[94mHttpSession.cpp[0m:[95m576[0m [96mhandleGetGraphData[0m] get_graph_data success
[2026-09-01 06:58:23.262] [info] [[94mControllerAndOtherEventHandler.cpp[0m:[95m239[0m [96moperator()[0m] Accepted new connection
[2026-09-01 06:58:23.262] [info] [[94mHttpSession.cpp[0m:[95m96[0m [96mhandleRequest[0m] Got request: GET /ndt/get_graph_data
[2026-09-01 06:58:23.262] [info] [[94mHttpSession.cpp[0m:[95m531[0m [96mhandleGetGraphData[0m] Handle Get Graph Data
[2026-09-01 06:58:23.281] [info] [[94mHttpSession.cpp[0m:[95m576[0m [96mhandleGetGraphData[0m] get_graph_data success
[2026-09-01 06:58:23.512] [info] [[94mControllerAndOtherEventHandler.cpp[0m:[95m239[0m [96moperator()[0m] Accepted new connection
[2026-09-01 06:58:23.512] [info] [[94mHttpSession.cpp[0m:[95m96[0m [96mhandleRequest[0m] Got request: GET /ndt/get_graph_data
[2026-09-01 06:58:23.512] [info] [[94mHttpSession.cpp[0m:[95m531[0m [96mhandleGetGraphData[0m] Handle Get Graph Data
[2026-09-01 06:58:23.526] [info] [[94mHttpSession.cpp[0m:[95m576[0m [96mhandleGetGraphData[0m] get_graph_data success
[2026-09-01 06:58:23.762] [info] [[94mControllerAndOtherEventHandler.cpp[0m:[95m239[0m [96moperator()[0m] Accepted new connection
[2026-09-01 06:58:23.763] [info] [[94mHttpSession.cpp[0m:[95m96[0m [96mhandleRequest[0m] Got request: GET /ndt/get_graph_data
[2026-09-01 06:58:23.763] [info] [[94mHttpSession.cpp[0m:[95m531[0m [96mhandleGetGraphData[0m] Handle Get Graph Data
[2026-09-01 06:58:23.776] [info] [[94mHttpSession.cpp[0m:[95m576[0m [96mhandleGetGraphData[0m] get_graph_data success
[2026-09-01 06:58:24.013] [info] [[94mControllerAndOtherEventHandler.cpp[0m:[95m239[0m [96moperator()[0m] Accepted new connection
[2026-09-01 06:58:24.013] [info] [[94mHttpSession.cpp[0m:[95m96[0m [96mhandleRequest[0m] Got request: GET /ndt/get_graph_data
[2026-09-01 06:58:24.013] [info] [[94mHttpSession.cpp[0m:[95m531[0m [96mhandleGetGraphData[0m] Handle Get Graph Data
[2026-09-01 06:58:24.026] [info] [[94mHttpSession.cpp[0m:[95m576[0m [96mhandleGetGraphData[0m] get_graph_data success
[2026-09-01 06:58:24.262] [info] [[94mControllerAndOtherEventHandler.cpp[0m:[95m239[0m [96moperator()[0m] Accepted new connection
[2026-09-01 06:58:24.262] [info] [[94mHttpSession.cpp[0m:[95m96[0m [96mhandleRequest[0m] Got request: GET /ndt/get_graph_data
[2026-09-01 06:58:24.262] [info] [[94mHttpSession.cpp[0m:[95m531[0m [96mhandleGetGraphData[0m] Handle Get Graph Data
[2026-09-01 06:58:24.273] [info] [[94mHttpSession.cpp[0m:[95m576[0m [96mhandleGetGraphData[0m] get_graph_data success
[2026-09-01 06:58:24.513] [info] [[94mControllerAndOtherEventHandler.cpp[0m:[95m239[0m [96moperator()[0m] Accepted new connection
[2026-09-01 06:58:24.513] [info] [[94mHttpSession.cpp[0m:[95m96[0m [96mhandleRequest[0m] Got request: GET /ndt/get_graph_data
[2026-09-01 06:58:24.513] [info] [[94mHttpSession.cpp[0m:[95m531[0m [96mhandleGetGraphData[0m] Handle Get Graph Data
[2026-09-01 06:58:24.529] [info] [[94mHttpSession.cpp[0m:[95m576[0m [96mhandleGetGraphData[0m] get_graph_data success
[2026-09-01 06:58:24.763] [info] [[94mControllerAndOtherEventHandler.cpp[0m:[95m239[0m [96moperator()[0m] Accepted new connection
[2026-09-01 06:58:24.763] [info] [[94mHttpSession.cpp[0m:[95m96[0m [96mhandleRequest[0m] Got request: GET /ndt/get_graph_data
[2026-09-01 06:58:24.763] [info] [[94mHttpSession.cpp[0m:[95m531[0m [96mhandleGetGraphData[0m] Handle Get Graph Data
[2026-09-01 06:58:24.778] [info] [[94mHttpSession.cpp[0m:[95m576[0m [96mhandleGetGraphData[0m] get_graph_data success
[2026-09-01 06:58:25.013] [info] [[94mControllerAndOtherEventHandler.cpp[0m:[95m239[0m [96moperator()[0m] Accepted new connection
[2026-09-01 06:58:25.013] [info] [[94mHttpSession.cpp[0m:[95m96[0m [96mhandleRequest[0m] Got request: GET /ndt/get_graph_data
[2026-09-01 06:58:25.013] [info] [[94mHttpSession.cpp[0m:[95m531[0m [96mhandleGetGraphData[0m] Handle Get Graph Data
[2026-09-01 06:58:25.031] [info] [[94mHttpSession.cpp[0m:[95m576[0m [96mhandleGetGraphData[0m] get_graph_data success
[2026-09-01 06:58:25.262] [info] [[94mControllerAndOtherEventHandler.cpp[0m:[95m239[0m [96moperator()[0m] Accepted new connection
[2026-09-01 06:58:25.263] [info] [[94mHttpSession.cpp[0m:[95m96[0m [96mhandleRequest[0m] Got request: GET /ndt/get_graph_data
[2026-09-01 06:58:25.263] [info] [[94mHttpSession.cpp[0m:[95m531[0m [96mhandleGetGraphData[0m] Handle Get Graph Data
[2026-09-01 06:58:25.281] [info] [[94mHttpSession.cpp[0m:[95m576[0m [96mhandleGetGraphData[0m] get_graph_data success
[2026-09-01 06:58:25.513] [info] [[94mControllerAndOtherEventHandler.cpp[0m:[95m239[0m [96moperator()[0m] Accepted new connection
[2026-09-01 06:58:25.513] [info] [[94mHttpSession.cpp[0m:[95m96[0m [96mhandleRequest[0m] Got request: GET /ndt/get_graph_data
[2026-09-01 06:58:25.513] [info] [[94mHttpSession.cpp[0m:[95m531[0m [96mhandleGetGraphData[0m] Handle Get Graph Data
[2026-09-01 06:58:25.533] [info] [[94mHttpSession.cpp[0m:[95m576[0m [96mhandleGetGraphData[0m] get_graph_data success
[2026-09-01 06:58:25.763] [info] [[94mControllerAndOtherEventHandler.cpp[0m:[95m239[0m [96moperator()[0m] Accepted new connection
[2026-09-01 06:58:25.763] [info] [[94mHttpSession.cpp[0m:[95m96[0m [96mhandleRequest[0m] Got request: GET /ndt/get_graph_data
[2026-09-01 06:58:25.764] [info] [[94mHttpSession.cpp[0m:[95m531[0m [96mhandleGetGraphData[0m] Handle Get Graph Data
[2026-09-01 06:58:25.784] [info] [[94mHttpSession.cpp[0m:[95m576[0m [96mhandleGetGraphData[0m] get_graph_data success
[2026-09-01 06:58:26.013] [info] [[94mControllerAndOtherEventHandler.cpp[0m:[95m239[0m [96moperator()[0m] Accepted new connection
[2026-09-01 06:58:26.013] [info] [[94mHttpSession.cpp[0m:[95m96[0m [96mhandleRequest[0m] Got request: GET /ndt/get_graph_data
[2026-09-01 06:58:26.013] [info] [[94mHttpSession.cpp[0m:[95m531[0m [96mhandleGetGraphData[0m] Handle Get Graph Data
[2026-09-01 06:58:26.025] [info] [[94mHttpSession.cpp[0m:[95m576[0m [96mhandleGetGraphData[0m] get_graph_data success
[2026-09-01 06:58:26.262] [info] [[94mControllerAndOtherEventHandler.cpp[0m:[95m239[0m [96moperator()[0m] Accepted new connection
[2026-09-01 06:58:26.262] [info] [[94mHttpSession.cpp[0m:[95m96[0m [96mhandleRequest[0m] Got request: GET /ndt/get_graph_data
[2026-09-01 06:58:26.262] [info] [[94mHttpSession.cpp[0m:[95m531[0m [96mhandleGetGraphData[0m] Handle Get Graph Data
[2026-09-01 06:58:26.276] [info] [[94mHttpSession.cpp[0m:[95m576[0m [96mhandleGetGraphData[0m] get_graph_data success
[2026-09-01 06:58:26.513] [info] [[94mControllerAndOtherEventHandler.cpp[0m:[95m239[0m [96moperator()[0m] Accepted new connection
[2026-09-01 06:58:26.513] [info] [[94mHttpSession.cpp[0m:[95m96[0m [96mhandleRequest[0m] Got request: GET /ndt/get_graph_data
[2026-09-01 06:58:26.513] [info] [[94mHttpSession.cpp[0m:[95m531[0m [96mhandleGetGraphData[0m] Handle Get Graph Data
[2026-09-01 06:58:26.527] [info] [[94mHttpSession.cpp[0m:[95m576[0m [96mhandleGetGraphData[0m] get_graph_data success
[2026-09-01 06:58:26.763] [info] [[94mControllerAndOtherEventHandler.cpp[0m:[95m239[0m [96moperator()[0m] Accepted new connection
[2026-09-01 06:58:26.763] [info] [[94mHttpSession.cpp[0m:[95m96[0m [96mhandleRequest[0m] Got request: GET /ndt/get_graph_data
[2026-09-01 06:58:26.763] [info] [[94mHttpSession.cpp[0m:[95m531[0m [96mhandleGetGraphData[0m] Handle Get Graph Data
[2026-09-01 06:58:26.783] [info] [[94mHttpSession.cpp[0m:[95m576[0m [96mhandleGetGraphData[0m] get_graph_data success
[2026-09-01 06:58:27.014] [info] [[94mControllerAndOtherEventHandler.cpp[0m:[95m239[0m [96moperator()[0m] Accepted new connection
[2026-09-01 06:58:27.014] [info] [[94mHttpSession.cpp[0m:[95m96[0m [96mhandleRequest[0m] Got request: GET /ndt/get_graph_data
[2026-09-01 06:58:27.014] [info] [[94mHttpSession.cpp[0m:[95m531[0m [96mhandleGetGraphData[0m] Handle Get Graph Data
[2026-09-01 06:58:27.031] [info] [[94mHttpSession.cpp[0m:[95m576[0m [96mhandleGetGraphData[0m] get_graph_data success
[2026-09-01 06:58:27.263] [info] [[94mControllerAndOtherEventHandler.cpp[0m:[95m239[0m [96moperator()[0m] Accepted new connection
[2026-09-01 06:58:27.263] [info] [[94mHttpSession.cpp[0m:[95m96[0m [96mhandleRequest[0m] Got request: GET /ndt/get_graph_data
[2026-09-01 06:58:27.263] [info] [[94mHttpSession.cpp[0m:[95m531[0m [96mhandleGetGraphData[0m] Handle Get Graph Data
[2026-09-01 06:58:27.277] [info] [[94mHttpSession.cpp[0m:[95m576[0m [96mhandleGetGraphData[0m] get_graph_data success
[2026-09-01 06:58:27.513] [info] [[94mControllerAndOtherEventHandler.cpp[0m:[95m239[0m [96moperator()[0m] Accepted new connection
[2026-09-01 06:58:27.513] [info] [[94mHttpSession.cpp[0m:[95m96[0m [96mhandleRequest[0m] Got request: GET /ndt/get_graph_data
[2026-09-01 06:58:27.513] [info] [[94mHttpSession.cpp[0m:[95m531[0m [96mhandleGetGraphData[0m] Handle Get Graph Data
[2026-09-01 06:58:27.531] [info] [[94mHttpSession.cpp[0m:[95m576[0m [96mhandleGetGraphData[0m] get_graph_data success
[2026-09-01 06:58:27.763] [info] [[94mControllerAndOtherEventHandler.cpp[0m:[95m239[0m [96moperator()[0m] Accepted new connection
[2026-09-01 06:58:27.763] [info] [[94mHttpSession.cpp[0m:[95m96[0m [96mhandleRequest[0m] Got request: GET /ndt/get_graph_data
[2026-09-01 06:58:27.767] [info] [[94mHttpSession.cpp[0m:[95m531[0m [96mhandleGetGraphData[0m] Handle Get Graph Data
[2026-09-01 06:58:27.787] [info] [[94mHttpSession.cpp[0m:[95m576[0m [96mhandleGetGraphData[0m] get_graph_data success
[2026-09-01 06:58:28.014] [info] [[94mControllerAndOtherEventHandler.cpp[0m:[95m239[0m [96moperator()[0m] Accepted new connection
[2026-09-01 06:58:28.014] [info] [[94mHttpSession.cpp[0m:[95m96[0m [96mhandleRequest[0m] Got request: GET /ndt/get_graph_data
[2026-09-01 06:58:28.014] [info] [[94mHttpSession.cpp[0m:[95m531[0m [96mhandleGetGraphData[0m] Handle Get Graph Data
[2026-09-01 06:58:28.034] [info] [[94mHttpSession.cpp[0m:[95m576[0m [96mhandleGetGraphData[0m] get_graph_data success
[2026-09-01 06:58:28.263] [info] [[94mControllerAndOtherEventHandler.cpp[0m:[95m239[0m [96moperator()[0m] Accepted new connection
[2026-09-01 06:58:28.263] [info] [[94mHttpSession.cpp[0m:[95m96[0m [96mhandleRequest[0m] Got request: GET /ndt/get_graph_data
[2026-09-01 06:58:28.263] [info] [[94mHttpSession.cpp[0m:[95m531[0m [96mhandleGetGraphData[0m] Handle Get Graph Data
[2026-09-01 06:58:28.282] [info] [[94mHttpSession.cpp[0m:[95m576[0m [96mhandleGetGraphData[0m] get_graph_data success
[2026-09-01 06:58:28.514] [info] [[94mControllerAndOtherEventHandler.cpp[0m:[95m239[0m [96moperator()[0m] Accepted new connection
[2026-09-01 06:58:28.514] [info] [[94mHttpSession.cpp[0m:[95m96[0m [96mhandleRequest[0m] Got request: GET /ndt/get_graph_data
[2026-09-01 06:58:28.514] [info] [[94mHttpSession.cpp[0m:[95m531[0m [96mhandleGetGraphData[0m] Handle Get Graph Data
[2026-09-01 06:58:28.532] [info] [[94mHttpSession.cpp[0m:[95m576[0m [96mhandleGetGraphData[0m] get_graph_data success
[2026-09-01 06:58:28.764] [info] [[94mControllerAndOtherEventHandler.cpp[0m:[95m239[0m [96moperator()[0m] Accepted new connection
[2026-09-01 06:58:28.764] [info] [[94mHttpSession.cpp[0m:[95m96[0m [96mhandleRequest[0m] Got request: GET /ndt/get_graph_data
[2026-09-01 06:58:28.764] [info] [[94mHttpSession.cpp[0m:[95m531[0m [96mhandleGetGraphData[0m] Handle Get Graph Data
[2026-09-01 06:58:28.782] [info] [[94mHttpSession.cpp[0m:[95m576[0m [96mhandleGetGraphData[0m] get_graph_data success
[2026-09-01 06:58:29.014] [info] [[94mControllerAndOtherEventHandler.cpp[0m:[95m239[0m [96moperator()[0m] Accepted new connection
[2026-09-01 06:58:29.014] [info] [[94mHttpSession.cpp[0m:[95m96[0m [96mhandleRequest[0m] Got request: GET /ndt/get_graph_data
[2026-09-01 06:58:29.014] [info] [[94mHttpSession.cpp[0m:[95m531[0m [96mhandleGetGraphData[0m] Handle Get Graph Data
[2026-09-01 06:58:29.031] [info] [[94mHttpSession.cpp[0m:[95m576[0m [96mhandleGetGraphData[0m] get_graph_data success
[2026-09-01 06:58:29.264] [info] [[94mControllerAndOtherEventHandler.cpp[0m:[95m239[0m [96moperator()[0m] Accepted new connection
[2026-09-01 06:58:29.264] [info] [[94mHttpSession.cpp[0m:[95m96[0m [96mhandleRequest[0m] Got request: GET /ndt/get_graph_data
[2026-09-01 06:58:29.264] [info] [[94mHttpSession.cpp[0m:[95m531[0m [96mhandleGetGraphData[0m] Handle Get Graph Data
[2026-09-01 06:58:29.282] [info] [[94mHttpSession.cpp[0m:[95m576[0m [96mhandleGetGraphData[0m] get_graph_data success
[2026-09-01 06:58:29.514] [info] [[94mControllerAndOtherEventHandler.cpp[0m:[95m239[0m [96moperator()[0m] Accepted new connection
[2026-09-01 06:58:29.515] [info] [[94mHttpSession.cpp[0m:[95m96[0m [96mhandleRequest[0m] Got request: GET /ndt/get_graph_data
[2026-09-01 06:58:29.515] [info] [[94mHttpSession.cpp[0m:[95m531[0m [96mhandleGetGraphData[0m] Handle Get Graph Data
[2026-09-01 06:58:29.533] [info] [[94mHttpSession.cpp[0m:[95m576[0m [96mhandleGetGraphData[0m] get_graph_data success
[2026-09-01 06:58:29.764] [info] [[94mControllerAndOtherEventHandler.cpp[0m:[95m239[0m [96moperator()[0m] Accepted new connection
[2026-09-01 06:58:29.764] [info] [[94mHttpSession.cpp[0m:[95m96[0m [96mhandleRequest[0m] Got request: GET /ndt/get_graph_data
[2026-09-01 06:58:29.764] [info] [[94mHttpSession.cpp[0m:[95m531[0m [96mhandleGetGraphData[0m] Handle Get Graph Data
[2026-09-01 06:58:29.779] [info] [[94mHttpSession.cpp[0m:[95m576[0m [96mhandleGetGraphData[0m] get_graph_data success
[2026-09-01 06:58:30.014] [info] [[94mControllerAndOtherEventHandler.cpp[0m:[95m239[0m [96moperator()[0m] Accepted new connection
[2026-09-01 06:58:30.014] [info] [[94mHttpSession.cpp[0m:[95m96[0m [96mhandleRequest[0m] Got request: GET /ndt/get_graph_data
[2026-09-01 06:58:30.014] [info] [[94mHttpSession.cpp[0m:[95m531[0m [96mhandleGetGraphData[0m] Handle Get Graph Data
[2026-09-01 06:58:30.033] [info] [[94mHttpSession.cpp[0m:[95m576[0m [96mhandleGetGraphData[0m] get_graph_data success
[2026-09-01 06:58:30.264] [info] [[94mControllerAndOtherEventHandler.cpp[0m:[95m239[0m [96moperator()[0m] Accepted new connection
[2026-09-01 06:58:30.264] [info] [[94mHttpSession.cpp[0m:[95m96[0m [96mhandleRequest[0m] Got request: GET /ndt/get_graph_data
[2026-09-01 06:58:30.264] [info] [[94mHttpSession.cpp[0m:[95m531[0m [96mhandleGetGraphData[0m] Handle Get Graph Data
[2026-09-01 06:58:30.283] [info] [[94mHttpSession.cpp[0m:[95m576[0m [96mhandleGetGraphData[0m] get_graph_data success
[2026-09-01 06:58:30.515] [info] [[94mControllerAndOtherEventHandler.cpp[0m:[95m239[0m [96moperator()[0m] Accepted new connection
[2026-09-01 06:58:30.515] [info] [[94mHttpSession.cpp[0m:[95m96[0m [96mhandleRequest[0m] Got request: GET /ndt/get_graph_data
[2026-09-01 06:58:30.515] [info] [[94mHttpSession.cpp[0m:[95m531[0m [96mhandleGetGraphData[0m] Handle Get Graph Data
[2026-09-01 06:58:30.529] [info] [[94mHttpSession.cpp[0m:[95m576[0m [96mhandleGetGraphData[0m] get_graph_data success
[2026-09-01 06:58:30.765] [info] [[94mControllerAndOtherEventHandler.cpp[0m:[95m239[0m [96moperator()[0m] Accepted new connection
[2026-09-01 06:58:30.765] [info] [[94mHttpSession.cpp[0m:[95m96[0m [96mhandleRequest[0m] Got request: GET /ndt/get_graph_data
[2026-09-01 06:58:30.765] [info] [[94mHttpSession.cpp[0m:[95m531[0m [96mhandleGetGraphData[0m] Handle Get Graph Data
[2026-09-01 06:58:30.784] [info] [[94mHttpSession.cpp[0m:[95m576[0m [96mhandleGetGraphData[0m] get_graph_data success
[2026-09-01 06:58:31.014] [info] [[94mControllerAndOtherEventHandler.cpp[0m:[95m239[0m [96moperator()[0m] Accepted new connection
[2026-09-01 06:58:31.014] [info] [[94mHttpSession.cpp[0m:[95m96[0m [96mhandleRequest[0m] Got request: GET /ndt/get_graph_data
[2026-09-01 06:58:31.014] [info] [[94mHttpSession.cpp[0m:[95m531[0m [96mhandleGetGraphData[0m] Handle Get Graph Data
[2026-09-01 06:58:31.032] [info] [[94mHttpSession.cpp[0m:[95m576[0m [96mhandleGetGraphData[0m] get_graph_data success
[2026-09-01 06:58:31.264] [info] [[94mControllerAndOtherEventHandler.cpp[0m:[95m239[0m [96moperator()[0m] Accepted new connection
[2026-09-01 06:58:31.264] [info] [[94mHttpSession.cpp[0m:[95m96[0m [96mhandleRequest[0m] Got request: GET /ndt/get_graph_data
[2026-09-01 06:58:31.264] [info] [[94mHttpSession.cpp[0m:[95m531[0m [96mhandleGetGraphData[0m] Handle Get Graph Data
[2026-09-01 06:58:31.278] [info] [[94mHttpSession.cpp[0m:[95m576[0m [96mhandleGetGraphData[0m] get_graph_data success
[2026-09-01 06:58:31.515] [info] [[94mControllerAndOtherEventHandler.cpp[0m:[95m239[0m [96moperator()[0m] Accepted new connection
[2026-09-01 06:58:31.515] [info] [[94mHttpSession.cpp[0m:[95m96[0m [96mhandleRequest[0m] Got request: GET /ndt/get_graph_data
[2026-09-01 06:58:31.515] [info] [[94mHttpSession.cpp[0m:[95m531[0m [96mhandleGetGraphData[0m] Handle Get Graph Data
[2026-09-01 06:58:31.531] [info] [[94mHttpSession.cpp[0m:[95m576[0m [96mhandleGetGraphData[0m] get_graph_data success
[2026-09-01 06:58:31.765] [info] [[94mControllerAndOtherEventHandler.cpp[0m:[95m239[0m [96moperator()[0m] Accepted new connection
[2026-09-01 06:58:31.765] [info] [[94mHttpSession.cpp[0m:[95m96[0m [96mhandleRequest[0m] Got request: GET /ndt/get_graph_data
[2026-09-01 06:58:31.765] [info] [[94mHttpSession.cpp[0m:[95m531[0m [96mhandleGetGraphData[0m] Handle Get Graph Data
[2026-09-01 06:58:31.780] [info] [[94mHttpSession.cpp[0m:[95m576[0m [96mhandleGetGraphData[0m] get_graph_data success
[2026-09-01 06:58:32.015] [info] [[94mControllerAndOtherEventHandler.cpp[0m:[95m239[0m [96moperator()[0m] Accepted new connection
[2026-09-01 06:58:32.015] [info] [[94mHttpSession.cpp[0m:[95m96[0m [96mhandleRequest[0m] Got request: GET /ndt/get_graph_data
[2026-09-01 06:58:32.015] [info] [[94mHttpSession.cpp[0m:[95m531[0m [96mhandleGetGraphData[0m] Handle Get Graph Data
[2026-09-01 06:58:32.028] [info] [[94mHttpSession.cpp[0m:[95m576[0m [96mhandleGetGraphData[0m] get_graph_data success
[2026-09-01 06:58:32.265] [info] [[94mControllerAndOtherEventHandler.cpp[0m:[95m239[0m [96moperator()[0m] Accepted new connection
[2026-09-01 06:58:32.265] [info] [[94mHttpSession.cpp[0m:[95m96[0m [96mhandleRequest[0m] Got request: GET /ndt/get_graph_data
[2026-09-01 06:58:32.265] [info] [[94mHttpSession.cpp[0m:[95m531[0m [96mhandleGetGraphData[0m] Handle Get Graph Data
[2026-09-01 06:58:32.280] [info] [[94mHttpSession.cpp[0m:[95m576[0m [96mhandleGetGraphData[0m] get_graph_data success
[2026-09-01 06:58:32.515] [info] [[94mControllerAndOtherEventHandler.cpp[0m:[95m239[0m [96moperator()[0m] Accepted new connection
[2026-09-01 06:58:32.515] [info] [[94mHttpSession.cpp[0m:[95m96[0m [96mhandleRequest[0m] Got request: GET /ndt/get_graph_data
[2026-09-01 06:58:32.515] [info] [[94mHttpSession.cpp[0m:[95m531[0m [96mhandleGetGraphData[0m] Handle Get Graph Data
[2026-09-01 06:58:32.526] [info] [[94mHttpSession.cpp[0m:[95m576[0m [96mhandleGetGraphData[0m] get_graph_data success
[2026-09-01 06:58:32.765] [info] [[94mControllerAndOtherEventHandler.cpp[0m:[95m239[0m [96moperator()[0m] Accepted new connection
[2026-09-01 06:58:32.765] [info] [[94mHttpSession.cpp[0m:[95m96[0m [96mhandleRequest[0m] Got request: GET /ndt/get_graph_data
[2026-09-01 06:58:32.765] [info] [[94mHttpSession.cpp[0m:[95m531[0m [96mhandleGetGraphData[0m] Handle Get Graph Data
[2026-09-01 06:58:32.778] [info] [[94mHttpSession.cpp[0m:[95m576[0m [96mhandleGetGraphData[0m] get_graph_data success
[2026-09-01 06:58:33.015] [info] [[94mControllerAndOtherEventHandler.cpp[0m:[95m239[0m [96moperator()[0m] Accepted new connection
[2026-09-01 06:58:33.015] [info] [[94mHttpSession.cpp[0m:[95m96[0m [96mhandleRequest[0m] Got request: GET /ndt/get_graph_data
[2026-09-01 06:58:33.015] [info] [[94mHttpSession.cpp[0m:[95m531[0m [96mhandleGetGraphData[0m] Handle Get Graph Data
[2026-09-01 06:58:33.027] [info] [[94mHttpSession.cpp[0m:[95m576[0m [96mhandleGetGraphData[0m] get_graph_data success
[2026-09-01 06:58:33.265] [info] [[94mControllerAndOtherEventHandler.cpp[0m:[95m239[0m [96moperator()[0m] Accepted new connection
[2026-09-01 06:58:33.265] [info] [[94mHttpSession.cpp[0m:[95m96[0m [96mhandleRequest[0m] Got request: GET /ndt/get_graph_data
[2026-09-01 06:58:33.265] [info] [[94mHttpSession.cpp[0m:[95m531[0m [96mhandleGetGraphData[0m] Handle Get Graph Data
[2026-09-01 06:58:33.278] [info] [[94mHttpSession.cpp[0m:[95m576[0m [96mhandleGetGraphData[0m] get_graph_data success
[2026-09-01 06:58:33.515] [info] [[94mControllerAndOtherEventHandler.cpp[0m:[95m239[0m [96moperator()[0m] Accepted new connection
[2026-09-01 06:58:33.515] [info] [[94mHttpSession.cpp[0m:[95m96[0m [96mhandleRequest[0m] Got request: GET /ndt/get_graph_data
[2026-09-01 06:58:33.515] [info] [[94mHttpSession.cpp[0m:[95m531[0m [96mhandleGetGraphData[0m] Handle Get Graph Data
[2026-09-01 06:58:33.528] [info] [[94mHttpSession.cpp[0m:[95m576[0m [96mhandleGetGraphData[0m] get_graph_data success
[2026-09-01 06:58:33.766] [info] [[94mControllerAndOtherEventHandler.cpp[0m:[95m239[0m [96moperator()[0m] Accepted new connection
[2026-09-01 06:58:33.766] [info] [[94mHttpSession.cpp[0m:[95m96[0m [96mhandleRequest[0m] Got request: GET /ndt/get_graph_data
[2026-09-01 06:58:33.766] [info] [[94mHttpSession.cpp[0m:[95m531[0m [96mhandleGetGraphData[0m] Handle Get Graph Data
[2026-09-01 06:58:33.785] [info] [[94mHttpSession.cpp[0m:[95m576[0m [96mhandleGetGraphData[0m] get_graph_data success
[2026-09-01 06:58:34.016] [info] [[94mControllerAndOtherEventHandler.cpp[0m:[95m239[0m [96moperator()[0m] Accepted new connection
[2026-09-01 06:58:34.016] [info] [[94mHttpSession.cpp[0m:[95m96[0m [96mhandleRequest[0m] Got request: GET /ndt/get_graph_data
[2026-09-01 06:58:34.016] [info] [[94mHttpSession.cpp[0m:[95m531[0m [96mhandleGetGraphData[0m] Handle Get Graph Data
[2026-09-01 06:58:34.031] [info] [[94mHttpSession.cpp[0m:[95m576[0m [96mhandleGetGraphData[0m] get_graph_data success
[2026-09-01 06:58:34.265] [info] [[94mControllerAndOtherEventHandler.cpp[0m:[95m239[0m [96moperator()[0m] Accepted new connection
[2026-09-01 06:58:34.265] [info] [[94mHttpSession.cpp[0m:[95m96[0m [96mhandleRequest[0m] Got request: GET /ndt/get_graph_data
[2026-09-01 06:58:34.265] [info] [[94mHttpSession.cpp[0m:[95m531[0m [96mhandleGetGraphData[0m] Handle Get Graph Data
[2026-09-01 06:58:34.280] [info] [[94mHttpSession.cpp[0m:[95m576[0m [96mhandleGetGraphData[0m] get_graph_data success
[2026-09-01 06:58:34.515] [info] [[94mControllerAndOtherEventHandler.cpp[0m:[95m239[0m [96moperator()[0m] Accepted new connection
[2026-09-01 06:58:34.516] [info] [[94mHttpSession.cpp[0m:[95m96[0m [96mhandleRequest[0m] Got request: GET /ndt/get_graph_data
[2026-09-01 06:58:34.516] [info] [[94mHttpSession.cpp[0m:[95m531[0m [96mhandleGetGraphData[0m] Handle Get Graph Data
[2026-09-01 06:58:34.536] [info] [[94mHttpSession.cpp[0m:[95m576[0m [96mhandleGetGraphData[0m] get_graph_data success
[2026-09-01 06:58:34.765] [info] [[94mControllerAndOtherEventHandler.cpp[0m:[95m239[0m [96moperator()[0m] Accepted new connection
[2026-09-01 06:58:34.766] [info] [[94mHttpSession.cpp[0m:[95m96[0m [96mhandleRequest[0m] Got request: GET /ndt/get_graph_data
[2026-09-01 06:58:34.766] [info] [[94mHttpSession.cpp[0m:[95m531[0m [96mhandleGetGraphData[0m] Handle Get Graph Data
[2026-09-01 06:58:34.787] [info] [[94mHttpSession.cpp[0m:[95m576[0m [96mhandleGetGraphData[0m] get_graph_data success
[2026-09-01 06:58:35.016] [info] [[94mControllerAndOtherEventHandler.cpp[0m:[95m239[0m [96moperator()[0m] Accepted new connection
[2026-09-01 06:58:35.016] [info] [[94mHttpSession.cpp[0m:[95m96[0m [96mhandleRequest[0m] Got request: GET /ndt/get_graph_data
[2026-09-01 06:58:35.016] [info] [[94mHttpSession.cpp[0m:[95m531[0m [96mhandleGetGraphData[0m] Handle Get Graph Data
[2026-09-01 06:58:35.035] [info] [[94mHttpSession.cpp[0m:[95m576[0m [96mhandleGetGraphData[0m] get_graph_data success
[2026-09-01 06:58:35.265] [info] [[94mControllerAndOtherEventHandler.cpp[0m:[95m239[0m [96moperator()[0m] Accepted new connection
[2026-09-01 06:58:35.266] [info] [[94mHttpSession.cpp[0m:[95m96[0m [96mhandleRequest[0m] Got request: GET /ndt/get_graph_data
[2026-09-01 06:58:35.266] [info] [[94mHttpSession.cpp[0m:[95m531[0m [96mhandleGetGraphData[0m] Handle Get Graph Data
[2026-09-01 06:58:35.284] [info] [[94mHttpSession.cpp[0m:[95m576[0m [96mhandleGetGraphData[0m] get_graph_data success
[2026-09-01 06:58:35.516] [info] [[94mControllerAndOtherEventHandler.cpp[0m:[95m239[0m [96moperator()[0m] Accepted new connection
[2026-09-01 06:58:35.516] [info] [[94mHttpSession.cpp[0m:[95m96[0m [96mhandleRequest[0m] Got request: GET /ndt/get_graph_data
[2026-09-01 06:58:35.516] [info] [[94mHttpSession.cpp[0m:[95m531[0m [96mhandleGetGraphData[0m] Handle Get Graph Data
[2026-09-01 06:58:35.535] [info] [[94mHttpSession.cpp[0m:[95m576[0m [96mhandleGetGraphData[0m] get_graph_data success
[2026-09-01 06:58:35.765] [info] [[94mControllerAndOtherEventHandler.cpp[0m:[95m239[0m [96moperator()[0m] Accepted new connection
[2026-09-01 06:58:35.765] [info] [[94mHttpSession.cpp[0m:[95m96[0m [96mhandleRequest[0m] Got request: GET /ndt/get_graph_data
[2026-09-01 06:58:35.766] [info] [[94mHttpSession.cpp[0m:[95m531[0m [96mhandleGetGraphData[0m] Handle Get Graph Data
[2026-09-01 06:58:35.780] [info] [[94mHttpSession.cpp[0m:[95m576[0m [96mhandleGetGraphData[0m] get_graph_data success
[2026-09-01 06:58:36.016] [info] [[94mControllerAndOtherEventHandler.cpp[0m:[95m239[0m [96moperator()[0m] Accepted new connection
[2026-09-01 06:58:36.017] [info] [[94mHttpSession.cpp[0m:[95m96[0m [96mhandleRequest[0m] Got request: GET /ndt/get_graph_data
[2026-09-01 06:58:36.017] [info] [[94mHttpSession.cpp[0m:[95m531[0m [96mhandleGetGraphData[0m] Handle Get Graph Data
[2026-09-01 06:58:36.037] [info] [[94mHttpSession.cpp[0m:[95m576[0m [96mhandleGetGraphData[0m] get_graph_data success
[2026-09-01 06:58:36.266] [info] [[94mControllerAndOtherEventHandler.cpp[0m:[95m239[0m [96moperator()[0m] Accepted new connection
[2026-09-01 06:58:36.266] [info] [[94mHttpSession.cpp[0m:[95m96[0m [96mhandleRequest[0m] Got request: GET /ndt/get_graph_data
[2026-09-01 06:58:36.266] [info] [[94mHttpSession.cpp[0m:[95m531[0m [96mhandleGetGraphData[0m] Handle Get Graph Data
[2026-09-01 06:58:36.281] [info] [[94mHttpSession.cpp[0m:[95m576[0m [96mhandleGetGraphData[0m] get_graph_data success
[2026-09-01 06:58:36.516] [info] [[94mControllerAndOtherEventHandler.cpp[0m:[95m239[0m [96moperator()[0m] Accepted new connection
[2026-09-01 06:58:36.516] [info] [[94mHttpSession.cpp[0m:[95m96[0m [96mhandleRequest[0m] Got request: GET /ndt/get_graph_data
[2026-09-01 06:58:36.516] [info] [[94mHttpSession.cpp[0m:[95m531[0m [96mhandleGetGraphData[0m] Handle Get Graph Data
[2026-09-01 06:58:36.538] [info] [[94mHttpSession.cpp[0m:[95m576[0m [96mhandleGetGraphData[0m] get_graph_data success
[2026-09-01 06:58:36.766] [info] [[94mControllerAndOtherEventHandler.cpp[0m:[95m239[0m [96moperator()[0m] Accepted new connection
[2026-09-01 06:58:36.766] [info] [[94mHttpSession.cpp[0m:[95m96[0m [96mhandleRequest[0m] Got request: GET /ndt/get_graph_data
[2026-09-01 06:58:36.766] [info] [[94mHttpSession.cpp[0m:[95m531[0m [96mhandleGetGraphData[0m] Handle Get Graph Data
[2026-09-01 06:58:36.787] [info] [[94mHttpSession.cpp[0m:[95m576[0m [96mhandleGetGraphData[0m] get_graph_data success
[2026-09-01 06:58:37.017] [info] [[94mControllerAndOtherEventHandler.cpp[0m:[95m239[0m [96moperator()[0m] Accepted new connection
[2026-09-01 06:58:37.017] [info] [[94mHttpSession.cpp[0m:[95m96[0m [96mhandleRequest[0m] Got request: GET /ndt/get_graph_data
[2026-09-01 06:58:37.017] [info] [[94mHttpSession.cpp[0m:[95m531[0m [96mhandleGetGraphData[0m] Handle Get Graph Data
[2026-09-01 06:58:37.033] [info] [[94mHttpSession.cpp[0m:[95m576[0m [96mhandleGetGraphData[0m] get_graph_data success
[2026-09-01 06:58:37.266] [info] [[94mControllerAndOtherEventHandler.cpp[0m:[95m239[0m [96moperator()[0m] Accepted new connection
[2026-09-01 06:58:37.266] [info] [[94mHttpSession.cpp[0m:[95m96[0m [96mhandleRequest[0m] Got request: GET /ndt/get_graph_data
[2026-09-01 06:58:37.266] [info] [[94mHttpSession.cpp[0m:[95m531[0m [96mhandleGetGraphData[0m] Handle Get Graph Data
[2026-09-01 06:58:37.282] [info] [[94mHttpSession.cpp[0m:[95m576[0m [96mhandleGetGraphData[0m] get_graph_data success
[2026-09-01 06:58:37.473] [info] [[94mFlowLinkUsageCollector.cpp[0m:[95m1807[0m [96mcalAvgFlowSendingRatesPeriodically[0m] rate loop period: last 30 iters mean 1001.3 ms | since start (269 iters) mean 1001.2 ms, min 1000.1, max 1005.5 (flows=1, counters=8) -- the LAST-N figure is the current denominator; the since-start one lags it
[2026-09-01 06:58:37.474] [info] [[94mFlowLinkUsageCollector.cpp[0m:[95m2016[0m [96mcalAvgFlowSendingRatesPeriodically[0m] rate divisor check: measured_interval_s=1.001564 divisor_used_s=1.001564 (ticket Q gate: these must agree to 1%; a negative divisor means no rate has been published yet, which is not a pass)
[2026-09-01 06:58:37.516] [info] [[94mControllerAndOtherEventHandler.cpp[0m:[95m239[0m [96moperator()[0m] Accepted new connection
[2026-09-01 06:58:37.516] [info] [[94mHttpSession.cpp[0m:[95m96[0m [96mhandleRequest[0m] Got request: GET /ndt/get_graph_data
[2026-09-01 06:58:37.516] [info] [[94mHttpSession.cpp[0m:[95m531[0m [96mhandleGetGraphData[0m] Handle Get Graph Data
[2026-09-01 06:58:37.538] [info] [[94mHttpSession.cpp[0m:[95m576[0m [96mhandleGetGraphData[0m] get_graph_data success
[2026-09-01 06:58:37.766] [info] [[94mControllerAndOtherEventHandler.cpp[0m:[95m239[0m [96moperator()[0m] Accepted new connection
[2026-09-01 06:58:37.766] [info] [[94mHttpSession.cpp[0m:[95m96[0m [96mhandleRequest[0m] Got request: GET /ndt/get_graph_data
[2026-09-01 06:58:37.766] [info] [[94mHttpSession.cpp[0m:[95m531[0m [96mhandleGetGraphData[0m] Handle Get Graph Data
[2026-09-01 06:58:37.786] [info] [[94mHttpSession.cpp[0m:[95m576[0m [96mhandleGetGraphData[0m] get_graph_data success
[2026-09-01 06:58:38.016] [info] [[94mControllerAndOtherEventHandler.cpp[0m:[95m239[0m [96moperator()[0m] Accepted new connection
[2026-09-01 06:58:38.017] [info] [[94mHttpSession.cpp[0m:[95m96[0m [96mhandleRequest[0m] Got request: GET /ndt/get_graph_data
[2026-09-01 06:58:38.017] [info] [[94mHttpSession.cpp[0m:[95m531[0m [96mhandleGetGraphData[0m] Handle Get Graph Data
[2026-09-01 06:58:38.036] [info] [[94mHttpSession.cpp[0m:[95m576[0m [96mhandleGetGraphData[0m] get_graph_data success
[2026-09-01 06:58:38.267] [info] [[94mControllerAndOtherEventHandler.cpp[0m:[95m239[0m [96moperator()[0m] Accepted new connection
[2026-09-01 06:58:38.267] [info] [[94mHttpSession.cpp[0m:[95m96[0m [96mhandleRequest[0m] Got request: GET /ndt/get_graph_data
[2026-09-01 06:58:38.267] [info] [[94mHttpSession.cpp[0m:[95m531[0m [96mhandleGetGraphData[0m] Handle Get Graph Data
[2026-09-01 06:58:38.286] [info] [[94mHttpSession.cpp[0m:[95m576[0m [96mhandleGetGraphData[0m] get_graph_data success
[2026-09-01 06:58:38.517] [info] [[94mControllerAndOtherEventHandler.cpp[0m:[95m239[0m [96moperator()[0m] Accepted new connection
[2026-09-01 06:58:38.517] [info] [[94mHttpSession.cpp[0m:[95m96[0m [96mhandleRequest[0m] Got request: GET /ndt/get_graph_data
[2026-09-01 06:58:38.517] [info] [[94mHttpSession.cpp[0m:[95m531[0m [96mhandleGetGraphData[0m] Handle Get Graph Data
[2026-09-01 06:58:38.536] [info] [[94mHttpSession.cpp[0m:[95m576[0m [96mhandleGetGraphData[0m] get_graph_data success
[2026-09-01 06:58:38.767] [info] [[94mControllerAndOtherEventHandler.cpp[0m:[95m239[0m [96moperator()[0m] Accepted new connection
[2026-09-01 06:58:38.767] [info] [[94mHttpSession.cpp[0m:[95m96[0m [96mhandleRequest[0m] Got request: GET /ndt/get_graph_data
[2026-09-01 06:58:38.767] [info] [[94mHttpSession.cpp[0m:[95m531[0m [96mhandleGetGraphData[0m] Handle Get Graph Data
[2026-09-01 06:58:38.785] [info] [[94mHttpSession.cpp[0m:[95m576[0m [96mhandleGetGraphData[0m] get_graph_data success
[2026-09-01 06:58:39.017] [info] [[94mControllerAndOtherEventHandler.cpp[0m:[95m239[0m [96moperator()[0m] Accepted new connection
[2026-09-01 06:58:39.017] [info] [[94mHttpSession.cpp[0m:[95m96[0m [96mhandleRequest[0m] Got request: GET /ndt/get_graph_data
[2026-09-01 06:58:39.018] [info] [[94mHttpSession.cpp[0m:[95m531[0m [96mhandleGetGraphData[0m] Handle Get Graph Data
[2026-09-01 06:58:39.036] [info] [[94mHttpSession.cpp[0m:[95m576[0m [96mhandleGetGraphData[0m] get_graph_data success
[2026-09-01 06:58:39.267] [info] [[94mControllerAndOtherEventHandler.cpp[0m:[95m239[0m [96moperator()[0m] Accepted new connection
[2026-09-01 06:58:39.268] [info] [[94mHttpSession.cpp[0m:[95m96[0m [96mhandleRequest[0m] Got request: GET /ndt/get_graph_data
[2026-09-01 06:58:39.268] [info] [[94mHttpSession.cpp[0m:[95m531[0m [96mhandleGetGraphData[0m] Handle Get Graph Data
[2026-09-01 06:58:39.288] [info] [[94mHttpSession.cpp[0m:[95m576[0m [96mhandleGetGraphData[0m] get_graph_data success
[2026-09-01 06:58:39.517] [info] [[94mControllerAndOtherEventHandler.cpp[0m:[95m239[0m [96moperator()[0m] Accepted new connection
[2026-09-01 06:58:39.517] [info] [[94mHttpSession.cpp[0m:[95m96[0m [96mhandleRequest[0m] Got request: GET /ndt/get_graph_data
[2026-09-01 06:58:39.517] [info] [[94mHttpSession.cpp[0m:[95m531[0m [96mhandleGetGraphData[0m] Handle Get Graph Data
[2026-09-01 06:58:39.536] [info] [[94mHttpSession.cpp[0m:[95m576[0m [96mhandleGetGraphData[0m] get_graph_data success
[2026-09-01 06:58:39.767] [info] [[94mControllerAndOtherEventHandler.cpp[0m:[95m239[0m [96moperator()[0m] Accepted new connection
[2026-09-01 06:58:39.767] [info] [[94mHttpSession.cpp[0m:[95m96[0m [96mhandleRequest[0m] Got request: GET /ndt/get_graph_data
[2026-09-01 06:58:39.767] [info] [[94mHttpSession.cpp[0m:[95m531[0m [96mhandleGetGraphData[0m] Handle Get Graph Data
[2026-09-01 06:58:39.781] [info] [[94mHttpSession.cpp[0m:[95m576[0m [96mhandleGetGraphData[0m] get_graph_data success
[2026-09-01 06:58:40.017] [info] [[94mControllerAndOtherEventHandler.cpp[0m:[95m239[0m [96moperator()[0m] Accepted new connection
[2026-09-01 06:58:40.017] [info] [[94mHttpSession.cpp[0m:[95m96[0m [96mhandleRequest[0m] Got request: GET /ndt/get_graph_data
[2026-09-01 06:58:40.017] [info] [[94mHttpSession.cpp[0m:[95m531[0m [96mhandleGetGraphData[0m] Handle Get Graph Data
[2026-09-01 06:58:40.037] [info] [[94mHttpSession.cpp[0m:[95m576[0m [96mhandleGetGraphData[0m] get_graph_data success
[2026-09-01 06:58:40.267] [info] [[94mControllerAndOtherEventHandler.cpp[0m:[95m239[0m [96moperator()[0m] Accepted new connection
[2026-09-01 06:58:40.267] [info] [[94mHttpSession.cpp[0m:[95m96[0m [96mhandleRequest[0m] Got request: GET /ndt/get_graph_data
[2026-09-01 06:58:40.267] [info] [[94mHttpSession.cpp[0m:[95m531[0m [96mhandleGetGraphData[0m] Handle Get Graph Data
[2026-09-01 06:58:40.287] [info] [[94mHttpSession.cpp[0m:[95m576[0m [96mhandleGetGraphData[0m] get_graph_data success
[2026-09-01 06:58:40.518] [info] [[94mControllerAndOtherEventHandler.cpp[0m:[95m239[0m [96moperator()[0m] Accepted new connection
[2026-09-01 06:58:40.518] [info] [[94mHttpSession.cpp[0m:[95m96[0m [96mhandleRequest[0m] Got request: GET /ndt/get_graph_data
[2026-09-01 06:58:40.518] [info] [[94mHttpSession.cpp[0m:[95m531[0m [96mhandleGetGraphData[0m] Handle Get Graph Data
[2026-09-01 06:58:40.536] [info] [[94mHttpSession.cpp[0m:[95m576[0m [96mhandleGetGraphData[0m] get_graph_data success
[2026-09-01 06:58:40.768] [info] [[94mControllerAndOtherEventHandler.cpp[0m:[95m239[0m [96moperator()[0m] Accepted new connection
[2026-09-01 06:58:40.768] [info] [[94mHttpSession.cpp[0m:[95m96[0m [96mhandleRequest[0m] Got request: GET /ndt/get_graph_data
[2026-09-01 06:58:40.768] [info] [[94mHttpSession.cpp[0m:[95m531[0m [96mhandleGetGraphData[0m] Handle Get Graph Data
[2026-09-01 06:58:40.786] [info] [[94mHttpSession.cpp[0m:[95m576[0m [96mhandleGetGraphData[0m] get_graph_data success
[2026-09-01 06:58:41.018] [info] [[94mControllerAndOtherEventHandler.cpp[0m:[95m239[0m [96moperator()[0m] Accepted new connection
[2026-09-01 06:58:41.018] [info] [[94mHttpSession.cpp[0m:[95m96[0m [96mhandleRequest[0m] Got request: GET /ndt/get_graph_data
[2026-09-01 06:58:41.018] [info] [[94mHttpSession.cpp[0m:[95m531[0m [96mhandleGetGraphData[0m] Handle Get Graph Data
[2026-09-01 06:58:41.036] [info] [[94mHttpSession.cpp[0m:[95m576[0m [96mhandleGetGraphData[0m] get_graph_data success
[2026-09-01 06:58:41.267] [info] [[94mControllerAndOtherEventHandler.cpp[0m:[95m239[0m [96moperator()[0m] Accepted new connection
[2026-09-01 06:58:41.268] [info] [[94mHttpSession.cpp[0m:[95m96[0m [96mhandleRequest[0m] Got request: GET /ndt/get_graph_data
[2026-09-01 06:58:41.268] [info] [[94mHttpSession.cpp[0m:[95m531[0m [96mhandleGetGraphData[0m] Handle Get Graph Data
[2026-09-01 06:58:41.284] [info] [[94mHttpSession.cpp[0m:[95m576[0m [96mhandleGetGraphData[0m] get_graph_data success
[2026-09-01 06:58:41.518] [info] [[94mControllerAndOtherEventHandler.cpp[0m:[95m239[0m [96moperator()[0m] Accepted new connection
[2026-09-01 06:58:41.518] [info] [[94mHttpSession.cpp[0m:[95m96[0m [96mhandleRequest[0m] Got request: GET /ndt/get_graph_data
[2026-09-01 06:58:41.518] [info] [[94mHttpSession.cpp[0m:[95m531[0m [96mhandleGetGraphData[0m] Handle Get Graph Data
[2026-09-01 06:58:41.537] [info] [[94mHttpSession.cpp[0m:[95m576[0m [96mhandleGetGraphData[0m] get_graph_data success
[2026-09-01 06:58:41.768] [info] [[94mControllerAndOtherEventHandler.cpp[0m:[95m239[0m [96moperator()[0m] Accepted new connection
[2026-09-01 06:58:41.768] [info] [[94mHttpSession.cpp[0m:[95m96[0m [96mhandleRequest[0m] Got request: GET /ndt/get_graph_data
[2026-09-01 06:58:41.768] [info] [[94mHttpSession.cpp[0m:[95m531[0m [96mhandleGetGraphData[0m] Handle Get Graph Data
[2026-09-01 06:58:41.783] [info] [[94mHttpSession.cpp[0m:[95m576[0m [96mhandleGetGraphData[0m] get_graph_data success
[2026-09-01 06:58:42.018] [info] [[94mControllerAndOtherEventHandler.cpp[0m:[95m239[0m [96moperator()[0m] Accepted new connection
[2026-09-01 06:58:42.019] [info] [[94mHttpSession.cpp[0m:[95m96[0m [96mhandleRequest[0m] Got request: GET /ndt/get_graph_data
[2026-09-01 06:58:42.019] [info] [[94mHttpSession.cpp[0m:[95m531[0m [96mhandleGetGraphData[0m] Handle Get Graph Data
[2026-09-01 06:58:42.039] [info] [[94mHttpSession.cpp[0m:[95m576[0m [96mhandleGetGraphData[0m] get_graph_data success
[2026-09-01 06:58:42.268] [info] [[94mControllerAndOtherEventHandler.cpp[0m:[95m239[0m [96moperator()[0m] Accepted new connection
[2026-09-01 06:58:42.268] [info] [[94mHttpSession.cpp[0m:[95m96[0m [96mhandleRequest[0m] Got request: GET /ndt/get_graph_data
[2026-09-01 06:58:42.268] [info] [[94mHttpSession.cpp[0m:[95m531[0m [96mhandleGetGraphData[0m] Handle Get Graph Data
[2026-09-01 06:58:42.283] [info] [[94mHttpSession.cpp[0m:[95m576[0m [96mhandleGetGraphData[0m] get_graph_data success
[2026-09-01 06:58:42.518] [info] [[94mControllerAndOtherEventHandler.cpp[0m:[95m239[0m [96moperator()[0m] Accepted new connection
[2026-09-01 06:58:42.518] [info] [[94mHttpSession.cpp[0m:[95m96[0m [96mhandleRequest[0m] Got request: GET /ndt/get_graph_data
[2026-09-01 06:58:42.518] [info] [[94mHttpSession.cpp[0m:[95m531[0m [96mhandleGetGraphData[0m] Handle Get Graph Data
[2026-09-01 06:58:42.539] [info] [[94mHttpSession.cpp[0m:[95m576[0m [96mhandleGetGraphData[0m] get_graph_data success
[2026-09-01 06:58:42.769] [info] [[94mControllerAndOtherEventHandler.cpp[0m:[95m239[0m [96moperator()[0m] Accepted new connection
[2026-09-01 06:58:42.769] [info] [[94mHttpSession.cpp[0m:[95m96[0m [96mhandleRequest[0m] Got request: GET /ndt/get_graph_data
[2026-09-01 06:58:42.769] [info] [[94mHttpSession.cpp[0m:[95m531[0m [96mhandleGetGraphData[0m] Handle Get Graph Data
[2026-09-01 06:58:42.788] [info] [[94mHttpSession.cpp[0m:[95m576[0m [96mhandleGetGraphData[0m] get_graph_data success
[2026-09-01 06:58:43.019] [info] [[94mControllerAndOtherEventHandler.cpp[0m:[95m239[0m [96moperator()[0m] Accepted new connection
[2026-09-01 06:58:43.019] [info] [[94mHttpSession.cpp[0m:[95m96[0m [96mhandleRequest[0m] Got request: GET /ndt/get_graph_data
[2026-09-01 06:58:43.019] [info] [[94mHttpSession.cpp[0m:[95m531[0m [96mhandleGetGraphData[0m] Handle Get Graph Data
[2026-09-01 06:58:43.037] [info] [[94mHttpSession.cpp[0m:[95m576[0m [96mhandleGetGraphData[0m] get_graph_data success
[2026-09-01 06:58:43.268] [info] [[94mControllerAndOtherEventHandler.cpp[0m:[95m239[0m [96moperator()[0m] Accepted new connection
[2026-09-01 06:58:43.268] [info] [[94mHttpSession.cpp[0m:[95m96[0m [96mhandleRequest[0m] Got request: GET /ndt/get_graph_data
[2026-09-01 06:58:43.268] [info] [[94mHttpSession.cpp[0m:[95m531[0m [96mhandleGetGraphData[0m] Handle Get Graph Data
[2026-09-01 06:58:43.283] [info] [[94mHttpSession.cpp[0m:[95m576[0m [96mhandleGetGraphData[0m] get_graph_data success
[2026-09-01 06:58:43.518] [info] [[94mControllerAndOtherEventHandler.cpp[0m:[95m239[0m [96moperator()[0m] Accepted new connection
[2026-09-01 06:58:43.519] [info] [[94mHttpSession.cpp[0m:[95m96[0m [96mhandleRequest[0m] Got request: GET /ndt/get_graph_data
[2026-09-01 06:58:43.519] [info] [[94mHttpSession.cpp[0m:[95m531[0m [96mhandleGetGraphData[0m] Handle Get Graph Data
[2026-09-01 06:58:43.534] [info] [[94mHttpSession.cpp[0m:[95m576[0m [96mhandleGetGraphData[0m] get_graph_data success
[2026-09-01 06:58:43.768] [info] [[94mControllerAndOtherEventHandler.cpp[0m:[95m239[0m [96moperator()[0m] Accepted new connection
[2026-09-01 06:58:43.768] [info] [[94mHttpSession.cpp[0m:[95m96[0m [96mhandleRequest[0m] Got request: GET /ndt/get_graph_data
[2026-09-01 06:58:43.768] [info] [[94mHttpSession.cpp[0m:[95m531[0m [96mhandleGetGraphData[0m] Handle Get Graph Data
[2026-09-01 06:58:43.787] [info] [[94mHttpSession.cpp[0m:[95m576[0m [96mhandleGetGraphData[0m] get_graph_data success
[2026-09-01 06:58:44.018] [info] [[94mControllerAndOtherEventHandler.cpp[0m:[95m239[0m [96moperator()[0m] Accepted new connection
[2026-09-01 06:58:44.019] [info] [[94mHttpSession.cpp[0m:[95m96[0m [96mhandleRequest[0m] Got request: GET /ndt/get_graph_data
[2026-09-01 06:58:44.019] [info] [[94mHttpSession.cpp[0m:[95m531[0m [96mhandleGetGraphData[0m] Handle Get Graph Data
[2026-09-01 06:58:44.035] [info] [[94mHttpSession.cpp[0m:[95m576[0m [96mhandleGetGraphData[0m] get_graph_data success
[2026-09-01 06:58:44.268] [info] [[94mControllerAndOtherEventHandler.cpp[0m:[95m239[0m [96moperator()[0m] Accepted new connection
[2026-09-01 06:58:44.268] [info] [[94mHttpSession.cpp[0m:[95m96[0m [96mhandleRequest[0m] Got request: GET /ndt/get_graph_data
[2026-09-01 06:58:44.268] [info] [[94mHttpSession.cpp[0m:[95m531[0m [96mhandleGetGraphData[0m] Handle Get Graph Data
[2026-09-01 06:58:44.282] [info] [[94mHttpSession.cpp[0m:[95m576[0m [96mhandleGetGraphData[0m] get_graph_data success
[2026-09-01 06:58:44.518] [info] [[94mControllerAndOtherEventHandler.cpp[0m:[95m239[0m [96moperator()[0m] Accepted new connection
[2026-09-01 06:58:44.518] [info] [[94mHttpSession.cpp[0m:[95m96[0m [96mhandleRequest[0m] Got request: GET /ndt/get_graph_data
[2026-09-01 06:58:44.518] [info] [[94mHttpSession.cpp[0m:[95m531[0m [96mhandleGetGraphData[0m] Handle Get Graph Data
[2026-09-01 06:58:44.530] [info] [[94mHttpSession.cpp[0m:[95m576[0m [96mhandleGetGraphData[0m] get_graph_data success
[2026-09-01 06:58:44.768] [info] [[94mControllerAndOtherEventHandler.cpp[0m:[95m239[0m [96moperator()[0m] Accepted new connection
[2026-09-01 06:58:44.769] [info] [[94mHttpSession.cpp[0m:[95m96[0m [96mhandleRequest[0m] Got request: GET /ndt/get_graph_data
[2026-09-01 06:58:44.769] [info] [[94mHttpSession.cpp[0m:[95m531[0m [96mhandleGetGraphData[0m] Handle Get Graph Data
[2026-09-01 06:58:44.784] [info] [[94mHttpSession.cpp[0m:[95m576[0m [96mhandleGetGraphData[0m] get_graph_data success
[2026-09-01 06:58:45.018] [info] [[94mControllerAndOtherEventHandler.cpp[0m:[95m239[0m [96moperator()[0m] Accepted new connection
[2026-09-01 06:58:45.019] [info] [[94mHttpSession.cpp[0m:[95m96[0m [96mhandleRequest[0m] Got request: GET /ndt/get_graph_data
[2026-09-01 06:58:45.019] [info] [[94mHttpSession.cpp[0m:[95m531[0m [96mhandleGetGraphData[0m] Handle Get Graph Data
[2026-09-01 06:58:45.031] [info] [[94mHttpSession.cpp[0m:[95m576[0m [96mhandleGetGraphData[0m] get_graph_data success
[2026-09-01 06:58:45.269] [info] [[94mControllerAndOtherEventHandler.cpp[0m:[95m239[0m [96moperator()[0m] Accepted new connection
[2026-09-01 06:58:45.269] [info] [[94mHttpSession.cpp[0m:[95m96[0m [96mhandleRequest[0m] Got request: GET /ndt/get_graph_data
[2026-09-01 06:58:45.269] [info] [[94mHttpSession.cpp[0m:[95m531[0m [96mhandleGetGraphData[0m] Handle Get Graph Data
[2026-09-01 06:58:45.287] [info] [[94mHttpSession.cpp[0m:[95m576[0m [96mhandleGetGraphData[0m] get_graph_data success
[2026-09-01 06:58:45.519] [info] [[94mControllerAndOtherEventHandler.cpp[0m:[95m239[0m [96moperator()[0m] Accepted new connection
[2026-09-01 06:58:45.519] [info] [[94mHttpSession.cpp[0m:[95m96[0m [96mhandleRequest[0m] Got request: GET /ndt/get_graph_data
[2026-09-01 06:58:45.519] [info] [[94mHttpSession.cpp[0m:[95m531[0m [96mhandleGetGraphData[0m] Handle Get Graph Data
[2026-09-01 06:58:45.534] [info] [[94mHttpSession.cpp[0m:[95m576[0m [96mhandleGetGraphData[0m] get_graph_data success
[2026-09-01 06:58:45.769] [info] [[94mControllerAndOtherEventHandler.cpp[0m:[95m239[0m [96moperator()[0m] Accepted new connection
[2026-09-01 06:58:45.770] [info] [[94mHttpSession.cpp[0m:[95m96[0m [96mhandleRequest[0m] Got request: GET /ndt/get_graph_data
[2026-09-01 06:58:45.770] [info] [[94mHttpSession.cpp[0m:[95m531[0m [96mhandleGetGraphData[0m] Handle Get Graph Data
[2026-09-01 06:58:45.785] [info] [[94mHttpSession.cpp[0m:[95m576[0m [96mhandleGetGraphData[0m] get_graph_data success
[2026-09-01 06:58:46.019] [info] [[94mControllerAndOtherEventHandler.cpp[0m:[95m239[0m [96moperator()[0m] Accepted new connection
[2026-09-01 06:58:46.020] [info] [[94mHttpSession.cpp[0m:[95m96[0m [96mhandleRequest[0m] Got request: GET /ndt/get_graph_data
[2026-09-01 06:58:46.020] [info] [[94mHttpSession.cpp[0m:[95m531[0m [96mhandleGetGraphData[0m] Handle Get Graph Data
[2026-09-01 06:58:46.039] [info] [[94mHttpSession.cpp[0m:[95m576[0m [96mhandleGetGraphData[0m] get_graph_data success
[2026-09-01 06:58:46.269] [info] [[94mControllerAndOtherEventHandler.cpp[0m:[95m239[0m [96moperator()[0m] Accepted new connection
[2026-09-01 06:58:46.269] [info] [[94mHttpSession.cpp[0m:[95m96[0m [96mhandleRequest[0m] Got request: GET /ndt/get_graph_data
[2026-09-01 06:58:46.269] [info] [[94mHttpSession.cpp[0m:[95m531[0m [96mhandleGetGraphData[0m] Handle Get Graph Data
[2026-09-01 06:58:46.289] [info] [[94mHttpSession.cpp[0m:[95m576[0m [96mhandleGetGraphData[0m] get_graph_data success
[2026-09-01 06:58:46.519] [info] [[94mControllerAndOtherEventHandler.cpp[0m:[95m239[0m [96moperator()[0m] Accepted new connection
[2026-09-01 06:58:46.519] [info] [[94mHttpSession.cpp[0m:[95m96[0m [96mhandleRequest[0m] Got request: GET /ndt/get_graph_data
[2026-09-01 06:58:46.519] [info] [[94mHttpSession.cpp[0m:[95m531[0m [96mhandleGetGraphData[0m] Handle Get Graph Data
[2026-09-01 06:58:46.536] [info] [[94mHttpSession.cpp[0m:[95m576[0m [96mhandleGetGraphData[0m] get_graph_data success
[2026-09-01 06:58:46.770] [info] [[94mControllerAndOtherEventHandler.cpp[0m:[95m239[0m [96moperator()[0m] Accepted new connection
[2026-09-01 06:58:46.770] [info] [[94mHttpSession.cpp[0m:[95m96[0m [96mhandleRequest[0m] Got request: GET /ndt/get_graph_data
[2026-09-01 06:58:46.770] [info] [[94mHttpSession.cpp[0m:[95m531[0m [96mhandleGetGraphData[0m] Handle Get Graph Data
[2026-09-01 06:58:46.786] [info] [[94mHttpSession.cpp[0m:[95m576[0m [96mhandleGetGraphData[0m] get_graph_data success
[2026-09-01 06:58:47.019] [info] [[94mControllerAndOtherEventHandler.cpp[0m:[95m239[0m [96moperator()[0m] Accepted new connection
[2026-09-01 06:58:47.019] [info] [[94mHttpSession.cpp[0m:[95m96[0m [96mhandleRequest[0m] Got request: GET /ndt/get_graph_data
[2026-09-01 06:58:47.019] [info] [[94mHttpSession.cpp[0m:[95m531[0m [96mhandleGetGraphData[0m] Handle Get Graph Data
[2026-09-01 06:58:47.036] [info] [[94mHttpSession.cpp[0m:[95m576[0m [96mhandleGetGraphData[0m] get_graph_data success
[2026-09-01 06:58:47.270] [info] [[94mControllerAndOtherEventHandler.cpp[0m:[95m239[0m [96moperator()[0m] Accepted new connection
[2026-09-01 06:58:47.270] [info] [[94mHttpSession.cpp[0m:[95m96[0m [96mhandleRequest[0m] Got request: GET /ndt/get_graph_data
[2026-09-01 06:58:47.270] [info] [[94mHttpSession.cpp[0m:[95m531[0m [96mhandleGetGraphData[0m] Handle Get Graph Data
[2026-09-01 06:58:47.286] [info] [[94mHttpSession.cpp[0m:[95m576[0m [96mhandleGetGraphData[0m] get_graph_data success
[2026-09-01 06:58:47.519] [info] [[94mControllerAndOtherEventHandler.cpp[0m:[95m239[0m [96moperator()[0m] Accepted new connection
[2026-09-01 06:58:47.520] [info] [[94mHttpSession.cpp[0m:[95m96[0m [96mhandleRequest[0m] Got request: GET /ndt/get_graph_data
[2026-09-01 06:58:47.520] [info] [[94mHttpSession.cpp[0m:[95m531[0m [96mhandleGetGraphData[0m] Handle Get Graph Data
[2026-09-01 06:58:47.539] [info] [[94mHttpSession.cpp[0m:[95m576[0m [96mhandleGetGraphData[0m] get_graph_data success
[2026-09-01 06:58:47.770] [info] [[94mControllerAndOtherEventHandler.cpp[0m:[95m239[0m [96moperator()[0m] Accepted new connection
[2026-09-01 06:58:47.770] [info] [[94mHttpSession.cpp[0m:[95m96[0m [96mhandleRequest[0m] Got request: GET /ndt/get_graph_data
[2026-09-01 06:58:47.770] [info] [[94mHttpSession.cpp[0m:[95m531[0m [96mhandleGetGraphData[0m] Handle Get Graph Data
[2026-09-01 06:58:47.791] [info] [[94mHttpSession.cpp[0m:[95m576[0m [96mhandleGetGraphData[0m] get_graph_data success
[2026-09-01 06:58:48.020] [info] [[94mControllerAndOtherEventHandler.cpp[0m:[95m239[0m [96moperator()[0m] Accepted new connection
[2026-09-01 06:58:48.020] [info] [[94mHttpSession.cpp[0m:[95m96[0m [96mhandleRequest[0m] Got request: GET /ndt/get_graph_data
[2026-09-01 06:58:48.020] [info] [[94mHttpSession.cpp[0m:[95m531[0m [96mhandleGetGraphData[0m] Handle Get Graph Data
[2026-09-01 06:58:48.040] [info] [[94mHttpSession.cpp[0m:[95m576[0m [96mhandleGetGraphData[0m] get_graph_data success
[2026-09-01 06:58:48.270] [info] [[94mControllerAndOtherEventHandler.cpp[0m:[95m239[0m [96moperator()[0m] Accepted new connection
[2026-09-01 06:58:48.270] [info] [[94mHttpSession.cpp[0m:[95m96[0m [96mhandleRequest[0m] Got request: GET /ndt/get_graph_data
[2026-09-01 06:58:48.270] [info] [[94mHttpSession.cpp[0m:[95m531[0m [96mhandleGetGraphData[0m] Handle Get Graph Data
[2026-09-01 06:58:48.288] [info] [[94mHttpSession.cpp[0m:[95m576[0m [96mhandleGetGraphData[0m] get_graph_data success
[2026-09-01 06:58:48.520] [info] [[94mControllerAndOtherEventHandler.cpp[0m:[95m239[0m [96moperator()[0m] Accepted new connection
[2026-09-01 06:58:48.520] [info] [[94mHttpSession.cpp[0m:[95m96[0m [96mhandleRequest[0m] Got request: GET /ndt/get_graph_data
[2026-09-01 06:58:48.520] [info] [[94mHttpSession.cpp[0m:[95m531[0m [96mhandleGetGraphData[0m] Handle Get Graph Data
[2026-09-01 06:58:48.539] [info] [[94mHttpSession.cpp[0m:[95m576[0m [96mhandleGetGraphData[0m] get_graph_data success
[2026-09-01 06:58:48.770] [info] [[94mControllerAndOtherEventHandler.cpp[0m:[95m239[0m [96moperator()[0m] Accepted new connection
[2026-09-01 06:58:48.770] [info] [[94mHttpSession.cpp[0m:[95m96[0m [96mhandleRequest[0m] Got request: GET /ndt/get_graph_data
[2026-09-01 06:58:48.770] [info] [[94mHttpSession.cpp[0m:[95m531[0m [96mhandleGetGraphData[0m] Handle Get Graph Data
[2026-09-01 06:58:48.791] [info] [[94mHttpSession.cpp[0m:[95m576[0m [96mhandleGetGraphData[0m] get_graph_data success
[2026-09-01 06:58:49.020] [info] [[94mControllerAndOtherEventHandler.cpp[0m:[95m239[0m [96moperator()[0m] Accepted new connection
[2026-09-01 06:58:49.021] [info] [[94mHttpSession.cpp[0m:[95m96[0m [96mhandleRequest[0m] Got request: GET /ndt/get_graph_data
[2026-09-01 06:58:49.021] [info] [[94mHttpSession.cpp[0m:[95m531[0m [96mhandleGetGraphData[0m] Handle Get Graph Data
[2026-09-01 06:58:49.041] [info] [[94mHttpSession.cpp[0m:[95m576[0m [96mhandleGetGraphData[0m] get_graph_data success
[2026-09-01 06:58:49.270] [info] [[94mControllerAndOtherEventHandler.cpp[0m:[95m239[0m [96moperator()[0m] Accepted new connection
[2026-09-01 06:58:49.271] [info] [[94mHttpSession.cpp[0m:[95m96[0m [96mhandleRequest[0m] Got request: GET /ndt/get_graph_data
[2026-09-01 06:58:49.271] [info] [[94mHttpSession.cpp[0m:[95m531[0m [96mhandleGetGraphData[0m] Handle Get Graph Data
[2026-09-01 06:58:49.289] [info] [[94mHttpSession.cpp[0m:[95m576[0m [96mhandleGetGraphData[0m] get_graph_data success
[2026-09-01 06:58:49.520] [info] [[94mControllerAndOtherEventHandler.cpp[0m:[95m239[0m [96moperator()[0m] Accepted new connection
[2026-09-01 06:58:49.520] [info] [[94mHttpSession.cpp[0m:[95m96[0m [96mhandleRequest[0m] Got request: GET /ndt/get_graph_data
[2026-09-01 06:58:49.520] [info] [[94mHttpSession.cpp[0m:[95m531[0m [96mhandleGetGraphData[0m] Handle Get Graph Data
[2026-09-01 06:58:49.537] [info] [[94mHttpSession.cpp[0m:[95m576[0m [96mhandleGetGraphData[0m] get_graph_data success
[2026-09-01 06:58:49.770] [info] [[94mControllerAndOtherEventHandler.cpp[0m:[95m239[0m [96moperator()[0m] Accepted new connection
[2026-09-01 06:58:49.770] [info] [[94mHttpSession.cpp[0m:[95m96[0m [96mhandleRequest[0m] Got request: GET /ndt/get_graph_data
[2026-09-01 06:58:49.770] [info] [[94mHttpSession.cpp[0m:[95m531[0m [96mhandleGetGraphData[0m] Handle Get Graph Data
[2026-09-01 06:58:49.787] [info] [[94mHttpSession.cpp[0m:[95m576[0m [96mhandleGetGraphData[0m] get_graph_data success
[2026-09-01 06:58:50.020] [info] [[94mControllerAndOtherEventHandler.cpp[0m:[95m239[0m [96moperator()[0m] Accepted new connection
[2026-09-01 06:58:50.020] [info] [[94mHttpSession.cpp[0m:[95m96[0m [96mhandleRequest[0m] Got request: GET /ndt/get_graph_data
[2026-09-01 06:58:50.020] [info] [[94mHttpSession.cpp[0m:[95m531[0m [96mhandleGetGraphData[0m] Handle Get Graph Data
[2026-09-01 06:58:50.040] [info] [[94mHttpSession.cpp[0m:[95m576[0m [96mhandleGetGraphData[0m] get_graph_data success
[2026-09-01 06:58:50.270] [info] [[94mControllerAndOtherEventHandler.cpp[0m:[95m239[0m [96moperator()[0m] Accepted new connection
[2026-09-01 06:58:50.270] [info] [[94mHttpSession.cpp[0m:[95m96[0m [96mhandleRequest[0m] Got request: GET /ndt/get_graph_data
[2026-09-01 06:58:50.270] [info] [[94mHttpSession.cpp[0m:[95m531[0m [96mhandleGetGraphData[0m] Handle Get Graph Data
[2026-09-01 06:58:50.289] [info] [[94mHttpSession.cpp[0m:[95m576[0m [96mhandleGetGraphData[0m] get_graph_data success
[2026-09-01 06:58:50.521] [info] [[94mControllerAndOtherEventHandler.cpp[0m:[95m239[0m [96moperator()[0m] Accepted new connection
[2026-09-01 06:58:50.521] [info] [[94mHttpSession.cpp[0m:[95m96[0m [96mhandleRequest[0m] Got request: GET /ndt/get_graph_data
[2026-09-01 06:58:50.521] [info] [[94mHttpSession.cpp[0m:[95m531[0m [96mhandleGetGraphData[0m] Handle Get Graph Data
[2026-09-01 06:58:50.540] [info] [[94mHttpSession.cpp[0m:[95m576[0m [96mhandleGetGraphData[0m] get_graph_data success
[2026-09-01 06:58:50.771] [info] [[94mControllerAndOtherEventHandler.cpp[0m:[95m239[0m [96moperator()[0m] Accepted new connection
[2026-09-01 06:58:50.771] [info] [[94mHttpSession.cpp[0m:[95m96[0m [96mhandleRequest[0m] Got request: GET /ndt/get_graph_data
[2026-09-01 06:58:50.771] [info] [[94mHttpSession.cpp[0m:[95m531[0m [96mhandleGetGraphData[0m] Handle Get Graph Data
[2026-09-01 06:58:50.789] [info] [[94mHttpSession.cpp[0m:[95m576[0m [96mhandleGetGraphData[0m] get_graph_data success
[2026-09-01 06:58:51.021] [info] [[94mControllerAndOtherEventHandler.cpp[0m:[95m239[0m [96moperator()[0m] Accepted new connection
[2026-09-01 06:58:51.021] [info] [[94mHttpSession.cpp[0m:[95m96[0m [96mhandleRequest[0m] Got request: GET /ndt/get_graph_data
[2026-09-01 06:58:51.021] [info] [[94mHttpSession.cpp[0m:[95m531[0m [96mhandleGetGraphData[0m] Handle Get Graph Data
[2026-09-01 06:58:51.039] [info] [[94mHttpSession.cpp[0m:[95m576[0m [96mhandleGetGraphData[0m] get_graph_data success
[2026-09-01 06:58:51.271] [info] [[94mControllerAndOtherEventHandler.cpp[0m:[95m239[0m [96moperator()[0m] Accepted new connection
[2026-09-01 06:58:51.271] [info] [[94mHttpSession.cpp[0m:[95m96[0m [96mhandleRequest[0m] Got request: GET /ndt/get_graph_data
[2026-09-01 06:58:51.271] [info] [[94mHttpSession.cpp[0m:[95m531[0m [96mhandleGetGraphData[0m] Handle Get Graph Data
[2026-09-01 06:58:51.291] [info] [[94mHttpSession.cpp[0m:[95m576[0m [96mhandleGetGraphData[0m] get_graph_data success
[2026-09-01 06:58:51.521] [info] [[94mControllerAndOtherEventHandler.cpp[0m:[95m239[0m [96moperator()[0m] Accepted new connection
[2026-09-01 06:58:51.521] [info] [[94mHttpSession.cpp[0m:[95m96[0m [96mhandleRequest[0m] Got request: GET /ndt/get_graph_data
[2026-09-01 06:58:51.521] [info] [[94mHttpSession.cpp[0m:[95m531[0m [96mhandleGetGraphData[0m] Handle Get Graph Data
[2026-09-01 06:58:51.541] [info] [[94mHttpSession.cpp[0m:[95m576[0m [96mhandleGetGraphData[0m] get_graph_data success
[2026-09-01 06:58:51.771] [info] [[94mControllerAndOtherEventHandler.cpp[0m:[95m239[0m [96moperator()[0m] Accepted new connection
[2026-09-01 06:58:51.771] [info] [[94mHttpSession.cpp[0m:[95m96[0m [96mhandleRequest[0m] Got request: GET /ndt/get_graph_data
[2026-09-01 06:58:51.771] [info] [[94mHttpSession.cpp[0m:[95m531[0m [96mhandleGetGraphData[0m] Handle Get Graph Data
[2026-09-01 06:58:51.792] [info] [[94mHttpSession.cpp[0m:[95m576[0m [96mhandleGetGraphData[0m] get_graph_data success
[2026-09-01 06:58:52.021] [info] [[94mControllerAndOtherEventHandler.cpp[0m:[95m239[0m [96moperator()[0m] Accepted new connection
[2026-09-01 06:58:52.021] [info] [[94mHttpSession.cpp[0m:[95m96[0m [96mhandleRequest[0m] Got request: GET /ndt/get_graph_data
[2026-09-01 06:58:52.021] [info] [[94mHttpSession.cpp[0m:[95m531[0m [96mhandleGetGraphData[0m] Handle Get Graph Data
[2026-09-01 06:58:52.040] [info] [[94mHttpSession.cpp[0m:[95m576[0m [96mhandleGetGraphData[0m] get_graph_data success
[2026-09-01 06:58:52.270] [info] [[94mControllerAndOtherEventHandler.cpp[0m:[95m239[0m [96moperator()[0m] Accepted new connection
[2026-09-01 06:58:52.271] [info] [[94mHttpSession.cpp[0m:[95m96[0m [96mhandleRequest[0m] Got request: GET /ndt/get_graph_data
[2026-09-01 06:58:52.271] [info] [[94mHttpSession.cpp[0m:[95m531[0m [96mhandleGetGraphData[0m] Handle Get Graph Data
[2026-09-01 06:58:52.285] [info] [[94mHttpSession.cpp[0m:[95m576[0m [96mhandleGetGraphData[0m] get_graph_data success
[2026-09-01 06:58:52.520] [info] [[94mControllerAndOtherEventHandler.cpp[0m:[95m239[0m [96moperator()[0m] Accepted new connection
[2026-09-01 06:58:52.521] [info] [[94mHttpSession.cpp[0m:[95m96[0m [96mhandleRequest[0m] Got request: GET /ndt/get_graph_data
[2026-09-01 06:58:52.521] [info] [[94mHttpSession.cpp[0m:[95m531[0m [96mhandleGetGraphData[0m] Handle Get Graph Data
[2026-09-01 06:58:52.532] [info] [[94mHttpSession.cpp[0m:[95m576[0m [96mhandleGetGraphData[0m] get_graph_data success
[2026-09-01 06:58:52.771] [info] [[94mControllerAndOtherEventHandler.cpp[0m:[95m239[0m [96moperator()[0m] Accepted new connection
[2026-09-01 06:58:52.771] [info] [[94mHttpSession.cpp[0m:[95m96[0m [96mhandleRequest[0m] Got request: GET /ndt/get_graph_data
[2026-09-01 06:58:52.771] [info] [[94mHttpSession.cpp[0m:[95m531[0m [96mhandleGetGraphData[0m] Handle Get Graph Data
[2026-09-01 06:58:52.786] [info] [[94mHttpSession.cpp[0m:[95m576[0m [96mhandleGetGraphData[0m] get_graph_data success
[2026-09-01 06:58:53.021] [info] [[94mControllerAndOtherEventHandler.cpp[0m:[95m239[0m [96moperator()[0m] Accepted new connection
[2026-09-01 06:58:53.021] [info] [[94mHttpSession.cpp[0m:[95m96[0m [96mhandleRequest[0m] Got request: GET /ndt/get_graph_data
[2026-09-01 06:58:53.021] [info] [[94mHttpSession.cpp[0m:[95m531[0m [96mhandleGetGraphData[0m] Handle Get Graph Data
[2026-09-01 06:58:53.038] [info] [[94mHttpSession.cpp[0m:[95m576[0m [96mhandleGetGraphData[0m] get_graph_data success
[2026-09-01 06:58:53.271] [info] [[94mControllerAndOtherEventHandler.cpp[0m:[95m239[0m [96moperator()[0m] Accepted new connection
[2026-09-01 06:58:53.271] [info] [[94mHttpSession.cpp[0m:[95m96[0m [96mhandleRequest[0m] Got request: GET /ndt/get_graph_data
[2026-09-01 06:58:53.271] [info] [[94mHttpSession.cpp[0m:[95m531[0m [96mhandleGetGraphData[0m] Handle Get Graph Data
[2026-09-01 06:58:53.282] [info] [[94mHttpSession.cpp[0m:[95m576[0m [96mhandleGetGraphData[0m] get_graph_data success
[2026-09-01 06:58:53.522] [info] [[94mControllerAndOtherEventHandler.cpp[0m:[95m239[0m [96moperator()[0m] Accepted new connection
[2026-09-01 06:58:53.522] [info] [[94mHttpSession.cpp[0m:[95m96[0m [96mhandleRequest[0m] Got request: GET /ndt/get_graph_data
[2026-09-01 06:58:53.522] [info] [[94mHttpSession.cpp[0m:[95m531[0m [96mhandleGetGraphData[0m] Handle Get Graph Data
[2026-09-01 06:58:53.536] [info] [[94mHttpSession.cpp[0m:[95m576[0m [96mhandleGetGraphData[0m] get_graph_data success
[2026-09-01 06:58:53.772] [info] [[94mControllerAndOtherEventHandler.cpp[0m:[95m239[0m [96moperator()[0m] Accepted new connection
[2026-09-01 06:58:53.772] [info] [[94mHttpSession.cpp[0m:[95m96[0m [96mhandleRequest[0m] Got request: GET /ndt/get_graph_data
[2026-09-01 06:58:53.772] [info] [[94mHttpSession.cpp[0m:[95m531[0m [96mhandleGetGraphData[0m] Handle Get Graph Data
[2026-09-01 06:58:53.791] [info] [[94mHttpSession.cpp[0m:[95m576[0m [96mhandleGetGraphData[0m] get_graph_data success
[2026-09-01 06:58:54.022] [info] [[94mControllerAndOtherEventHandler.cpp[0m:[95m239[0m [96moperator()[0m] Accepted new connection
[2026-09-01 06:58:54.022] [info] [[94mHttpSession.cpp[0m:[95m96[0m [96mhandleRequest[0m] Got request: GET /ndt/get_graph_data
[2026-09-01 06:58:54.022] [info] [[94mHttpSession.cpp[0m:[95m531[0m [96mhandleGetGraphData[0m] Handle Get Graph Data
[2026-09-01 06:58:54.042] [info] [[94mHttpSession.cpp[0m:[95m576[0m [96mhandleGetGraphData[0m] get_graph_data success
[2026-09-01 06:58:54.271] [info] [[94mControllerAndOtherEventHandler.cpp[0m:[95m239[0m [96moperator()[0m] Accepted new connection
[2026-09-01 06:58:54.272] [info] [[94mHttpSession.cpp[0m:[95m96[0m [96mhandleRequest[0m] Got request: GET /ndt/get_graph_data
[2026-09-01 06:58:54.272] [info] [[94mHttpSession.cpp[0m:[95m531[0m [96mhandleGetGraphData[0m] Handle Get Graph Data
[2026-09-01 06:58:54.292] [info] [[94mHttpSession.cpp[0m:[95m576[0m [96mhandleGetGraphData[0m] get_graph_data success
[2026-09-01 06:58:54.522] [info] [[94mControllerAndOtherEventHandler.cpp[0m:[95m239[0m [96moperator()[0m] Accepted new connection
[2026-09-01 06:58:54.522] [info] [[94mHttpSession.cpp[0m:[95m96[0m [96mhandleRequest[0m] Got request: GET /ndt/get_graph_data
[2026-09-01 06:58:54.522] [info] [[94mHttpSession.cpp[0m:[95m531[0m [96mhandleGetGraphData[0m] Handle Get Graph Data
[2026-09-01 06:58:54.541] [info] [[94mHttpSession.cpp[0m:[95m576[0m [96mhandleGetGraphData[0m] get_graph_data success
[2026-09-01 06:58:54.772] [info] [[94mControllerAndOtherEventHandler.cpp[0m:[95m239[0m [96moperator()[0m] Accepted new connection
[2026-09-01 06:58:54.772] [info] [[94mHttpSession.cpp[0m:[95m96[0m [96mhandleRequest[0m] Got request: GET /ndt/get_graph_data
[2026-09-01 06:58:54.772] [info] [[94mHttpSession.cpp[0m:[95m531[0m [96mhandleGetGraphData[0m] Handle Get Graph Data
[2026-09-01 06:58:54.791] [info] [[94mHttpSession.cpp[0m:[95m576[0m [96mhandleGetGraphData[0m] get_graph_data success
[2026-09-01 06:58:55.022] [info] [[94mControllerAndOtherEventHandler.cpp[0m:[95m239[0m [96moperator()[0m] Accepted new connection
[2026-09-01 06:58:55.022] [info] [[94mHttpSession.cpp[0m:[95m96[0m [96mhandleRequest[0m] Got request: GET /ndt/get_graph_data
[2026-09-01 06:58:55.023] [info] [[94mHttpSession.cpp[0m:[95m531[0m [96mhandleGetGraphData[0m] Handle Get Graph Data
[2026-09-01 06:58:55.041] [info] [[94mHttpSession.cpp[0m:[95m576[0m [96mhandleGetGraphData[0m] get_graph_data success
[2026-09-01 06:58:55.272] [info] [[94mControllerAndOtherEventHandler.cpp[0m:[95m239[0m [96moperator()[0m] Accepted new connection
[2026-09-01 06:58:55.272] [info] [[94mHttpSession.cpp[0m:[95m96[0m [96mhandleRequest[0m] Got request: GET /ndt/get_graph_data
[2026-09-01 06:58:55.272] [info] [[94mHttpSession.cpp[0m:[95m531[0m [96mhandleGetGraphData[0m] Handle Get Graph Data
[2026-09-01 06:58:55.291] [info] [[94mHttpSession.cpp[0m:[95m576[0m [96mhandleGetGraphData[0m] get_graph_data success
[2026-09-01 06:58:55.522] [info] [[94mControllerAndOtherEventHandler.cpp[0m:[95m239[0m [96moperator()[0m] Accepted new connection
[2026-09-01 06:58:55.522] [info] [[94mHttpSession.cpp[0m:[95m96[0m [96mhandleRequest[0m] Got request: GET /ndt/get_graph_data
[2026-09-01 06:58:55.522] [info] [[94mHttpSession.cpp[0m:[95m531[0m [96mhandleGetGraphData[0m] Handle Get Graph Data
[2026-09-01 06:58:55.542] [info] [[94mHttpSession.cpp[0m:[95m576[0m [96mhandleGetGraphData[0m] get_graph_data success
[2026-09-01 06:58:55.773] [info] [[94mControllerAndOtherEventHandler.cpp[0m:[95m239[0m [96moperator()[0m] Accepted new connection
[2026-09-01 06:58:55.773] [info] [[94mHttpSession.cpp[0m:[95m96[0m [96mhandleRequest[0m] Got request: GET /ndt/get_graph_data
[2026-09-01 06:58:55.773] [info] [[94mHttpSession.cpp[0m:[95m531[0m [96mhandleGetGraphData[0m] Handle Get Graph Data
[2026-09-01 06:58:55.789] [info] [[94mHttpSession.cpp[0m:[95m576[0m [96mhandleGetGraphData[0m] get_graph_data success
[2026-09-01 06:58:56.023] [info] [[94mControllerAndOtherEventHandler.cpp[0m:[95m239[0m [96moperator()[0m] Accepted new connection
[2026-09-01 06:58:56.023] [info] [[94mHttpSession.cpp[0m:[95m96[0m [96mhandleRequest[0m] Got request: GET /ndt/get_graph_data
[2026-09-01 06:58:56.023] [info] [[94mHttpSession.cpp[0m:[95m531[0m [96mhandleGetGraphData[0m] Handle Get Graph Data
[2026-09-01 06:58:56.041] [info] [[94mHttpSession.cpp[0m:[95m576[0m [96mhandleGetGraphData[0m] get_graph_data success
[2026-09-01 06:58:56.273] [info] [[94mControllerAndOtherEventHandler.cpp[0m:[95m239[0m [96moperator()[0m] Accepted new connection
[2026-09-01 06:58:56.273] [info] [[94mHttpSession.cpp[0m:[95m96[0m [96mhandleRequest[0m] Got request: GET /ndt/get_graph_data
[2026-09-01 06:58:56.273] [info] [[94mHttpSession.cpp[0m:[95m531[0m [96mhandleGetGraphData[0m] Handle Get Graph Data
[2026-09-01 06:58:56.293] [info] [[94mHttpSession.cpp[0m:[95m576[0m [96mhandleGetGraphData[0m] get_graph_data success
[2026-09-01 06:58:56.522] [info] [[94mControllerAndOtherEventHandler.cpp[0m:[95m239[0m [96moperator()[0m] Accepted new connection
[2026-09-01 06:58:56.522] [info] [[94mHttpSession.cpp[0m:[95m96[0m [96mhandleRequest[0m] Got request: GET /ndt/get_graph_data
[2026-09-01 06:58:56.522] [info] [[94mHttpSession.cpp[0m:[95m531[0m [96mhandleGetGraphData[0m] Handle Get Graph Data
[2026-09-01 06:58:56.539] [info] [[94mHttpSession.cpp[0m:[95m576[0m [96mhandleGetGraphData[0m] get_graph_data success
[2026-09-01 06:58:56.773] [info] [[94mControllerAndOtherEventHandler.cpp[0m:[95m239[0m [96moperator()[0m] Accepted new connection
[2026-09-01 06:58:56.773] [info] [[94mHttpSession.cpp[0m:[95m96[0m [96mhandleRequest[0m] Got request: GET /ndt/get_graph_data
[2026-09-01 06:58:56.773] [info] [[94mHttpSession.cpp[0m:[95m531[0m [96mhandleGetGraphData[0m] Handle Get Graph Data
[2026-09-01 06:58:56.791] [info] [[94mHttpSession.cpp[0m:[95m576[0m [96mhandleGetGraphData[0m] get_graph_data success
[2026-09-01 06:58:57.022] [info] [[94mControllerAndOtherEventHandler.cpp[0m:[95m239[0m [96moperator()[0m] Accepted new connection
[2026-09-01 06:58:57.023] [info] [[94mHttpSession.cpp[0m:[95m96[0m [96mhandleRequest[0m] Got request: GET /ndt/get_graph_data
[2026-09-01 06:58:57.023] [info] [[94mHttpSession.cpp[0m:[95m531[0m [96mhandleGetGraphData[0m] Handle Get Graph Data
[2026-09-01 06:58:57.041] [info] [[94mHttpSession.cpp[0m:[95m576[0m [96mhandleGetGraphData[0m] get_graph_data success
[2026-09-01 06:58:57.272] [info] [[94mControllerAndOtherEventHandler.cpp[0m:[95m239[0m [96moperator()[0m] Accepted new connection
[2026-09-01 06:58:57.273] [info] [[94mHttpSession.cpp[0m:[95m96[0m [96mhandleRequest[0m] Got request: GET /ndt/get_graph_data
[2026-09-01 06:58:57.273] [info] [[94mHttpSession.cpp[0m:[95m531[0m [96mhandleGetGraphData[0m] Handle Get Graph Data
[2026-09-01 06:58:57.285] [info] [[94mHttpSession.cpp[0m:[95m576[0m [96mhandleGetGraphData[0m] get_graph_data success
[2026-09-01 06:58:57.522] [info] [[94mControllerAndOtherEventHandler.cpp[0m:[95m239[0m [96moperator()[0m] Accepted new connection
[2026-09-01 06:58:57.524] [info] [[94mHttpSession.cpp[0m:[95m96[0m [96mhandleRequest[0m] Got request: GET /ndt/get_graph_data
[2026-09-01 06:58:57.524] [info] [[94mHttpSession.cpp[0m:[95m531[0m [96mhandleGetGraphData[0m] Handle Get Graph Data
[2026-09-01 06:58:57.544] [info] [[94mHttpSession.cpp[0m:[95m576[0m [96mhandleGetGraphData[0m] get_graph_data success
[2026-09-01 06:58:57.772] [info] [[94mControllerAndOtherEventHandler.cpp[0m:[95m239[0m [96moperator()[0m] Accepted new connection
[2026-09-01 06:58:57.772] [info] [[94mHttpSession.cpp[0m:[95m96[0m [96mhandleRequest[0m] Got request: GET /ndt/get_graph_data
[2026-09-01 06:58:57.772] [info] [[94mHttpSession.cpp[0m:[95m531[0m [96mhandleGetGraphData[0m] Handle Get Graph Data
[2026-09-01 06:58:57.790] [info] [[94mHttpSession.cpp[0m:[95m576[0m [96mhandleGetGraphData[0m] get_graph_data success
[2026-09-01 06:58:58.023] [info] [[94mControllerAndOtherEventHandler.cpp[0m:[95m239[0m [96moperator()[0m] Accepted new connection
[2026-09-01 06:58:58.023] [info] [[94mHttpSession.cpp[0m:[95m96[0m [96mhandleRequest[0m] Got request: GET /ndt/get_graph_data
[2026-09-01 06:58:58.023] [info] [[94mHttpSession.cpp[0m:[95m531[0m [96mhandleGetGraphData[0m] Handle Get Graph Data
[2026-09-01 06:58:58.035] [info] [[94mHttpSession.cpp[0m:[95m576[0m [96mhandleGetGraphData[0m] get_graph_data success
[2026-09-01 06:58:58.272] [info] [[94mControllerAndOtherEventHandler.cpp[0m:[95m239[0m [96moperator()[0m] Accepted new connection
[2026-09-01 06:58:58.272] [info] [[94mHttpSession.cpp[0m:[95m96[0m [96mhandleRequest[0m] Got request: GET /ndt/get_graph_data
[2026-09-01 06:58:58.272] [info] [[94mHttpSession.cpp[0m:[95m531[0m [96mhandleGetGraphData[0m] Handle Get Graph Data
[2026-09-01 06:58:58.284] [info] [[94mHttpSession.cpp[0m:[95m576[0m [96mhandleGetGraphData[0m] get_graph_data success
[2026-09-01 06:58:58.523] [info] [[94mControllerAndOtherEventHandler.cpp[0m:[95m239[0m [96moperator()[0m] Accepted new connection
[2026-09-01 06:58:58.523] [info] [[94mHttpSession.cpp[0m:[95m96[0m [96mhandleRequest[0m] Got request: GET /ndt/get_graph_data
[2026-09-01 06:58:58.523] [info] [[94mHttpSession.cpp[0m:[95m531[0m [96mhandleGetGraphData[0m] Handle Get Graph Data
[2026-09-01 06:58:58.536] [info] [[94mHttpSession.cpp[0m:[95m576[0m [96mhandleGetGraphData[0m] get_graph_data success
[2026-09-01 06:58:58.772] [info] [[94mControllerAndOtherEventHandler.cpp[0m:[95m239[0m [96moperator()[0m] Accepted new connection
[2026-09-01 06:58:58.773] [info] [[94mHttpSession.cpp[0m:[95m96[0m [96mhandleRequest[0m] Got request: GET /ndt/get_graph_data
[2026-09-01 06:58:58.773] [info] [[94mHttpSession.cpp[0m:[95m531[0m [96mhandleGetGraphData[0m] Handle Get Graph Data
[2026-09-01 06:58:58.791] [info] [[94mHttpSession.cpp[0m:[95m576[0m [96mhandleGetGraphData[0m] get_graph_data success
[2026-09-01 06:58:59.023] [info] [[94mControllerAndOtherEventHandler.cpp[0m:[95m239[0m [96moperator()[0m] Accepted new connection
[2026-09-01 06:58:59.023] [info] [[94mHttpSession.cpp[0m:[95m96[0m [96mhandleRequest[0m] Got request: GET /ndt/get_graph_data
[2026-09-01 06:58:59.023] [info] [[94mHttpSession.cpp[0m:[95m531[0m [96mhandleGetGraphData[0m] Handle Get Graph Data
[2026-09-01 06:58:59.042] [info] [[94mHttpSession.cpp[0m:[95m576[0m [96mhandleGetGraphData[0m] get_graph_data success
[2026-09-01 06:58:59.273] [info] [[94mControllerAndOtherEventHandler.cpp[0m:[95m239[0m [96moperator()[0m] Accepted new connection
[2026-09-01 06:58:59.273] [info] [[94mHttpSession.cpp[0m:[95m96[0m [96mhandleRequest[0m] Got request: GET /ndt/get_graph_data
[2026-09-01 06:58:59.273] [info] [[94mHttpSession.cpp[0m:[95m531[0m [96mhandleGetGraphData[0m] Handle Get Graph Data
[2026-09-01 06:58:59.293] [info] [[94mHttpSession.cpp[0m:[95m576[0m [96mhandleGetGraphData[0m] get_graph_data success
[2026-09-01 06:58:59.523] [info] [[94mControllerAndOtherEventHandler.cpp[0m:[95m239[0m [96moperator()[0m] Accepted new connection
[2026-09-01 06:58:59.523] [info] [[94mHttpSession.cpp[0m:[95m96[0m [96mhandleRequest[0m] Got request: GET /ndt/get_graph_data
[2026-09-01 06:58:59.523] [info] [[94mHttpSession.cpp[0m:[95m531[0m [96mhandleGetGraphData[0m] Handle Get Graph Data
[2026-09-01 06:58:59.538] [info] [[94mHttpSession.cpp[0m:[95m576[0m [96mhandleGetGraphData[0m] get_graph_data success
[2026-09-01 06:58:59.774] [info] [[94mControllerAndOtherEventHandler.cpp[0m:[95m239[0m [96moperator()[0m] Accepted new connection
[2026-09-01 06:58:59.774] [info] [[94mHttpSession.cpp[0m:[95m96[0m [96mhandleRequest[0m] Got request: GET /ndt/get_graph_data
[2026-09-01 06:58:59.774] [info] [[94mHttpSession.cpp[0m:[95m531[0m [96mhandleGetGraphData[0m] Handle Get Graph Data
[2026-09-01 06:58:59.795] [info] [[94mHttpSession.cpp[0m:[95m576[0m [96mhandleGetGraphData[0m] get_graph_data success
[2026-09-01 06:59:00.023] [info] [[94mControllerAndOtherEventHandler.cpp[0m:[95m239[0m [96moperator()[0m] Accepted new connection
[2026-09-01 06:59:00.024] [info] [[94mHttpSession.cpp[0m:[95m96[0m [96mhandleRequest[0m] Got request: GET /ndt/get_graph_data
[2026-09-01 06:59:00.024] [info] [[94mHttpSession.cpp[0m:[95m531[0m [96mhandleGetGraphData[0m] Handle Get Graph Data
[2026-09-01 06:59:00.044] [info] [[94mHttpSession.cpp[0m:[95m576[0m [96mhandleGetGraphData[0m] get_graph_data success
[2026-09-01 06:59:00.273] [info] [[94mControllerAndOtherEventHandler.cpp[0m:[95m239[0m [96moperator()[0m] Accepted new connection
[2026-09-01 06:59:00.274] [info] [[94mHttpSession.cpp[0m:[95m96[0m [96mhandleRequest[0m] Got request: GET /ndt/get_graph_data
[2026-09-01 06:59:00.274] [info] [[94mHttpSession.cpp[0m:[95m531[0m [96mhandleGetGraphData[0m] Handle Get Graph Data
[2026-09-01 06:59:00.290] [info] [[94mHttpSession.cpp[0m:[95m576[0m [96mhandleGetGraphData[0m] get_graph_data success
[2026-09-01 06:59:00.524] [info] [[94mControllerAndOtherEventHandler.cpp[0m:[95m239[0m [96moperator()[0m] Accepted new connection
[2026-09-01 06:59:00.524] [info] [[94mHttpSession.cpp[0m:[95m96[0m [96mhandleRequest[0m] Got request: GET /ndt/get_graph_data
[2026-09-01 06:59:00.524] [info] [[94mHttpSession.cpp[0m:[95m531[0m [96mhandleGetGraphData[0m] Handle Get Graph Data
[2026-09-01 06:59:00.542] [info] [[94mHttpSession.cpp[0m:[95m576[0m [96mhandleGetGraphData[0m] get_graph_data success
[2026-09-01 06:59:00.774] [info] [[94mControllerAndOtherEventHandler.cpp[0m:[95m239[0m [96moperator()[0m] Accepted new connection
[2026-09-01 06:59:00.774] [info] [[94mHttpSession.cpp[0m:[95m96[0m [96mhandleRequest[0m] Got request: GET /ndt/get_graph_data
[2026-09-01 06:59:00.774] [info] [[94mHttpSession.cpp[0m:[95m531[0m [96mhandleGetGraphData[0m] Handle Get Graph Data
[2026-09-01 06:59:00.792] [info] [[94mHttpSession.cpp[0m:[95m576[0m [96mhandleGetGraphData[0m] get_graph_data success
[2026-09-01 06:59:01.024] [info] [[94mControllerAndOtherEventHandler.cpp[0m:[95m239[0m [96moperator()[0m] Accepted new connection
[2026-09-01 06:59:01.024] [info] [[94mHttpSession.cpp[0m:[95m96[0m [96mhandleRequest[0m] Got request: GET /ndt/get_graph_data
[2026-09-01 06:59:01.024] [info] [[94mHttpSession.cpp[0m:[95m531[0m [96mhandleGetGraphData[0m] Handle Get Graph Data
[2026-09-01 06:59:01.042] [info] [[94mHttpSession.cpp[0m:[95m576[0m [96mhandleGetGraphData[0m] get_graph_data success
[2026-09-01 06:59:01.274] [info] [[94mControllerAndOtherEventHandler.cpp[0m:[95m239[0m [96moperator()[0m] Accepted new connection
[2026-09-01 06:59:01.274] [info] [[94mHttpSession.cpp[0m:[95m96[0m [96mhandleRequest[0m] Got request: GET /ndt/get_graph_data
[2026-09-01 06:59:01.274] [info] [[94mHttpSession.cpp[0m:[95m531[0m [96mhandleGetGraphData[0m] Handle Get Graph Data
[2026-09-01 06:59:01.293] [info] [[94mHttpSession.cpp[0m:[95m576[0m [96mhandleGetGraphData[0m] get_graph_data success
[2026-09-01 06:59:01.524] [info] [[94mControllerAndOtherEventHandler.cpp[0m:[95m239[0m [96moperator()[0m] Accepted new connection
[2026-09-01 06:59:01.524] [info] [[94mHttpSession.cpp[0m:[95m96[0m [96mhandleRequest[0m] Got request: GET /ndt/get_graph_data
[2026-09-01 06:59:01.525] [info] [[94mHttpSession.cpp[0m:[95m531[0m [96mhandleGetGraphData[0m] Handle Get Graph Data
[2026-09-01 06:59:01.542] [info] [[94mHttpSession.cpp[0m:[95m576[0m [96mhandleGetGraphData[0m] get_graph_data success
[2026-09-01 06:59:01.774] [info] [[94mControllerAndOtherEventHandler.cpp[0m:[95m239[0m [96moperator()[0m] Accepted new connection
[2026-09-01 06:59:01.774] [info] [[94mHttpSession.cpp[0m:[95m96[0m [96mhandleRequest[0m] Got request: GET /ndt/get_graph_data
[2026-09-01 06:59:01.775] [info] [[94mHttpSession.cpp[0m:[95m531[0m [96mhandleGetGraphData[0m] Handle Get Graph Data
[2026-09-01 06:59:01.795] [info] [[94mHttpSession.cpp[0m:[95m576[0m [96mhandleGetGraphData[0m] get_graph_data success
[2026-09-01 06:59:02.024] [info] [[94mControllerAndOtherEventHandler.cpp[0m:[95m239[0m [96moperator()[0m] Accepted new connection
[2026-09-01 06:59:02.025] [info] [[94mHttpSession.cpp[0m:[95m96[0m [96mhandleRequest[0m] Got request: GET /ndt/get_graph_data
[2026-09-01 06:59:02.025] [info] [[94mHttpSession.cpp[0m:[95m531[0m [96mhandleGetGraphData[0m] Handle Get Graph Data
[2026-09-01 06:59:02.039] [info] [[94mHttpSession.cpp[0m:[95m576[0m [96mhandleGetGraphData[0m] get_graph_data success
[2026-09-01 06:59:02.275] [info] [[94mControllerAndOtherEventHandler.cpp[0m:[95m239[0m [96moperator()[0m] Accepted new connection
[2026-09-01 06:59:02.275] [info] [[94mHttpSession.cpp[0m:[95m96[0m [96mhandleRequest[0m] Got request: GET /ndt/get_graph_data
[2026-09-01 06:59:02.275] [info] [[94mHttpSession.cpp[0m:[95m531[0m [96mhandleGetGraphData[0m] Handle Get Graph Data
[2026-09-01 06:59:02.295] [info] [[94mHttpSession.cpp[0m:[95m576[0m [96mhandleGetGraphData[0m] get_graph_data success
[2026-09-01 06:59:02.525] [info] [[94mControllerAndOtherEventHandler.cpp[0m:[95m239[0m [96moperator()[0m] Accepted new connection
[2026-09-01 06:59:02.525] [info] [[94mHttpSession.cpp[0m:[95m96[0m [96mhandleRequest[0m] Got request: GET /ndt/get_graph_data
[2026-09-01 06:59:02.525] [info] [[94mHttpSession.cpp[0m:[95m531[0m [96mhandleGetGraphData[0m] Handle Get Graph Data
[2026-09-01 06:59:02.546] [info] [[94mHttpSession.cpp[0m:[95m576[0m [96mhandleGetGraphData[0m] get_graph_data success
[2026-09-01 06:59:02.774] [info] [[94mControllerAndOtherEventHandler.cpp[0m:[95m239[0m [96moperator()[0m] Accepted new connection
[2026-09-01 06:59:02.774] [info] [[94mHttpSession.cpp[0m:[95m96[0m [96mhandleRequest[0m] Got request: GET /ndt/get_graph_data
[2026-09-01 06:59:02.774] [info] [[94mHttpSession.cpp[0m:[95m531[0m [96mhandleGetGraphData[0m] Handle Get Graph Data
[2026-09-01 06:59:02.789] [info] [[94mHttpSession.cpp[0m:[95m576[0m [96mhandleGetGraphData[0m] get_graph_data success
[2026-09-01 06:59:03.024] [info] [[94mControllerAndOtherEventHandler.cpp[0m:[95m239[0m [96moperator()[0m] Accepted new connection
[2026-09-01 06:59:03.024] [info] [[94mHttpSession.cpp[0m:[95m96[0m [96mhandleRequest[0m] Got request: GET /ndt/get_graph_data
[2026-09-01 06:59:03.024] [info] [[94mHttpSession.cpp[0m:[95m531[0m [96mhandleGetGraphData[0m] Handle Get Graph Data
[2026-09-01 06:59:03.045] [info] [[94mHttpSession.cpp[0m:[95m576[0m [96mhandleGetGraphData[0m] get_graph_data success
[2026-09-01 06:59:03.274] [info] [[94mControllerAndOtherEventHandler.cpp[0m:[95m239[0m [96moperator()[0m] Accepted new connection
[2026-09-01 06:59:03.274] [info] [[94mHttpSession.cpp[0m:[95m96[0m [96mhandleRequest[0m] Got request: GET /ndt/get_graph_data
[2026-09-01 06:59:03.274] [info] [[94mHttpSession.cpp[0m:[95m531[0m [96mhandleGetGraphData[0m] Handle Get Graph Data
[2026-09-01 06:59:03.290] [info] [[94mHttpSession.cpp[0m:[95m576[0m [96mhandleGetGraphData[0m] get_graph_data success
[2026-09-01 06:59:03.525] [info] [[94mControllerAndOtherEventHandler.cpp[0m:[95m239[0m [96moperator()[0m] Accepted new connection
[2026-09-01 06:59:03.525] [info] [[94mHttpSession.cpp[0m:[95m96[0m [96mhandleRequest[0m] Got request: GET /ndt/get_graph_data
[2026-09-01 06:59:03.525] [info] [[94mHttpSession.cpp[0m:[95m531[0m [96mhandleGetGraphData[0m] Handle Get Graph Data
[2026-09-01 06:59:03.540] [info] [[94mHttpSession.cpp[0m:[95m576[0m [96mhandleGetGraphData[0m] get_graph_data success
[2026-09-01 06:59:03.775] [info] [[94mControllerAndOtherEventHandler.cpp[0m:[95m239[0m [96moperator()[0m] Accepted new connection
[2026-09-01 06:59:03.775] [info] [[94mHttpSession.cpp[0m:[95m96[0m [96mhandleRequest[0m] Got request: GET /ndt/get_graph_data
[2026-09-01 06:59:03.775] [info] [[94mHttpSession.cpp[0m:[95m531[0m [96mhandleGetGraphData[0m] Handle Get Graph Data
[2026-09-01 06:59:03.791] [info] [[94mHttpSession.cpp[0m:[95m576[0m [96mhandleGetGraphData[0m] get_graph_data success
[2026-09-01 06:59:04.025] [info] [[94mControllerAndOtherEventHandler.cpp[0m:[95m239[0m [96moperator()[0m] Accepted new connection
[2026-09-01 06:59:04.025] [info] [[94mHttpSession.cpp[0m:[95m96[0m [96mhandleRequest[0m] Got request: GET /ndt/get_graph_data
[2026-09-01 06:59:04.025] [info] [[94mHttpSession.cpp[0m:[95m531[0m [96mhandleGetGraphData[0m] Handle Get Graph Data
[2026-09-01 06:59:04.041] [info] [[94mHttpSession.cpp[0m:[95m576[0m [96mhandleGetGraphData[0m] get_graph_data success
[2026-09-01 06:59:04.274] [info] [[94mControllerAndOtherEventHandler.cpp[0m:[95m239[0m [96moperator()[0m] Accepted new connection
[2026-09-01 06:59:04.274] [info] [[94mHttpSession.cpp[0m:[95m96[0m [96mhandleRequest[0m] Got request: GET /ndt/get_graph_data
[2026-09-01 06:59:04.274] [info] [[94mHttpSession.cpp[0m:[95m531[0m [96mhandleGetGraphData[0m] Handle Get Graph Data
[2026-09-01 06:59:04.290] [info] [[94mHttpSession.cpp[0m:[95m576[0m [96mhandleGetGraphData[0m] get_graph_data success
[2026-09-01 06:59:04.525] [info] [[94mControllerAndOtherEventHandler.cpp[0m:[95m239[0m [96moperator()[0m] Accepted new connection
[2026-09-01 06:59:04.525] [info] [[94mHttpSession.cpp[0m:[95m96[0m [96mhandleRequest[0m] Got request: GET /ndt/get_graph_data
[2026-09-01 06:59:04.525] [info] [[94mHttpSession.cpp[0m:[95m531[0m [96mhandleGetGraphData[0m] Handle Get Graph Data
[2026-09-01 06:59:04.542] [info] [[94mHttpSession.cpp[0m:[95m576[0m [96mhandleGetGraphData[0m] get_graph_data success
[2026-09-01 06:59:04.775] [info] [[94mControllerAndOtherEventHandler.cpp[0m:[95m239[0m [96moperator()[0m] Accepted new connection
[2026-09-01 06:59:04.775] [info] [[94mHttpSession.cpp[0m:[95m96[0m [96mhandleRequest[0m] Got request: GET /ndt/get_graph_data
[2026-09-01 06:59:04.775] [info] [[94mHttpSession.cpp[0m:[95m531[0m [96mhandleGetGraphData[0m] Handle Get Graph Data
[2026-09-01 06:59:04.786] [info] [[94mHttpSession.cpp[0m:[95m576[0m [96mhandleGetGraphData[0m] get_graph_data success
[2026-09-01 06:59:05.025] [info] [[94mControllerAndOtherEventHandler.cpp[0m:[95m239[0m [96moperator()[0m] Accepted new connection
[2026-09-01 06:59:05.025] [info] [[94mHttpSession.cpp[0m:[95m96[0m [96mhandleRequest[0m] Got request: GET /ndt/get_graph_data
[2026-09-01 06:59:05.025] [info] [[94mHttpSession.cpp[0m:[95m531[0m [96mhandleGetGraphData[0m] Handle Get Graph Data
[2026-09-01 06:59:05.037] [info] [[94mHttpSession.cpp[0m:[95m576[0m [96mhandleGetGraphData[0m] get_graph_data success
[2026-09-01 06:59:05.275] [info] [[94mControllerAndOtherEventHandler.cpp[0m:[95m239[0m [96moperator()[0m] Accepted new connection
[2026-09-01 06:59:05.275] [info] [[94mHttpSession.cpp[0m:[95m96[0m [96mhandleRequest[0m] Got request: GET /ndt/get_graph_data
[2026-09-01 06:59:05.275] [info] [[94mHttpSession.cpp[0m:[95m531[0m [96mhandleGetGraphData[0m] Handle Get Graph Data
[2026-09-01 06:59:05.286] [info] [[94mHttpSession.cpp[0m:[95m576[0m [96mhandleGetGraphData[0m] get_graph_data success
[2026-09-01 06:59:05.525] [info] [[94mControllerAndOtherEventHandler.cpp[0m:[95m239[0m [96moperator()[0m] Accepted new connection
[2026-09-01 06:59:05.525] [info] [[94mHttpSession.cpp[0m:[95m96[0m [96mhandleRequest[0m] Got request: GET /ndt/get_graph_data
[2026-09-01 06:59:05.525] [info] [[94mHttpSession.cpp[0m:[95m531[0m [96mhandleGetGraphData[0m] Handle Get Graph Data
[2026-09-01 06:59:05.538] [info] [[94mHttpSession.cpp[0m:[95m576[0m [96mhandleGetGraphData[0m] get_graph_data success
[2026-09-01 06:59:05.776] [info] [[94mControllerAndOtherEventHandler.cpp[0m:[95m239[0m [96moperator()[0m] Accepted new connection
[2026-09-01 06:59:05.776] [info] [[94mHttpSession.cpp[0m:[95m96[0m [96mhandleRequest[0m] Got request: GET /ndt/get_graph_data
[2026-09-01 06:59:05.776] [info] [[94mHttpSession.cpp[0m:[95m531[0m [96mhandleGetGraphData[0m] Handle Get Graph Data
[2026-09-01 06:59:05.790] [info] [[94mHttpSession.cpp[0m:[95m576[0m [96mhandleGetGraphData[0m] get_graph_data success
[2026-09-01 06:59:06.025] [info] [[94mControllerAndOtherEventHandler.cpp[0m:[95m239[0m [96moperator()[0m] Accepted new connection
[2026-09-01 06:59:06.025] [info] [[94mHttpSession.cpp[0m:[95m96[0m [96mhandleRequest[0m] Got request: GET /ndt/get_graph_data
[2026-09-01 06:59:06.025] [info] [[94mHttpSession.cpp[0m:[95m531[0m [96mhandleGetGraphData[0m] Handle Get Graph Data
[2026-09-01 06:59:06.041] [info] [[94mHttpSession.cpp[0m:[95m576[0m [96mhandleGetGraphData[0m] get_graph_data success
[2026-09-01 06:59:06.275] [info] [[94mControllerAndOtherEventHandler.cpp[0m:[95m239[0m [96moperator()[0m] Accepted new connection
[2026-09-01 06:59:06.275] [info] [[94mHttpSession.cpp[0m:[95m96[0m [96mhandleRequest[0m] Got request: GET /ndt/get_graph_data
[2026-09-01 06:59:06.275] [info] [[94mHttpSession.cpp[0m:[95m531[0m [96mhandleGetGraphData[0m] Handle Get Graph Data
[2026-09-01 06:59:06.289] [info] [[94mHttpSession.cpp[0m:[95m576[0m [96mhandleGetGraphData[0m] get_graph_data success
[2026-09-01 06:59:06.526] [info] [[94mControllerAndOtherEventHandler.cpp[0m:[95m239[0m [96moperator()[0m] Accepted new connection
[2026-09-01 06:59:06.526] [info] [[94mHttpSession.cpp[0m:[95m96[0m [96mhandleRequest[0m] Got request: GET /ndt/get_graph_data
[2026-09-01 06:59:06.526] [info] [[94mHttpSession.cpp[0m:[95m531[0m [96mhandleGetGraphData[0m] Handle Get Graph Data
[2026-09-01 06:59:06.543] [info] [[94mHttpSession.cpp[0m:[95m576[0m [96mhandleGetGraphData[0m] get_graph_data success
[2026-09-01 06:59:06.776] [info] [[94mControllerAndOtherEventHandler.cpp[0m:[95m239[0m [96moperator()[0m] Accepted new connection
[2026-09-01 06:59:06.776] [info] [[94mHttpSession.cpp[0m:[95m96[0m [96mhandleRequest[0m] Got request: GET /ndt/get_graph_data
[2026-09-01 06:59:06.776] [info] [[94mHttpSession.cpp[0m:[95m531[0m [96mhandleGetGraphData[0m] Handle Get Graph Data
[2026-09-01 06:59:06.795] [info] [[94mHttpSession.cpp[0m:[95m576[0m [96mhandleGetGraphData[0m] get_graph_data success
[2026-09-01 06:59:07.025] [info] [[94mControllerAndOtherEventHandler.cpp[0m:[95m239[0m [96moperator()[0m] Accepted new connection
[2026-09-01 06:59:07.026] [info] [[94mHttpSession.cpp[0m:[95m96[0m [96mhandleRequest[0m] Got request: GET /ndt/get_graph_data
[2026-09-01 06:59:07.026] [info] [[94mHttpSession.cpp[0m:[95m531[0m [96mhandleGetGraphData[0m] Handle Get Graph Data
[2026-09-01 06:59:07.046] [info] [[94mHttpSession.cpp[0m:[95m576[0m [96mhandleGetGraphData[0m] get_graph_data success
[2026-09-01 06:59:07.276] [info] [[94mControllerAndOtherEventHandler.cpp[0m:[95m239[0m [96moperator()[0m] Accepted new connection
[2026-09-01 06:59:07.276] [info] [[94mHttpSession.cpp[0m:[95m96[0m [96mhandleRequest[0m] Got request: GET /ndt/get_graph_data
[2026-09-01 06:59:07.276] [info] [[94mHttpSession.cpp[0m:[95m531[0m [96mhandleGetGraphData[0m] Handle Get Graph Data
[2026-09-01 06:59:07.294] [info] [[94mHttpSession.cpp[0m:[95m576[0m [96mhandleGetGraphData[0m] get_graph_data success
[2026-09-01 06:59:07.516] [info] [[94mFlowLinkUsageCollector.cpp[0m:[95m1807[0m [96mcalAvgFlowSendingRatesPeriodically[0m] rate loop period: last 30 iters mean 1001.4 ms | since start (299 iters) mean 1001.2 ms, min 1000.1, max 1005.5 (flows=1, counters=8) -- the LAST-N figure is the current denominator; the since-start one lags it
[2026-09-01 06:59:07.517] [info] [[94mFlowLinkUsageCollector.cpp[0m:[95m2016[0m [96mcalAvgFlowSendingRatesPeriodically[0m] rate divisor check: measured_interval_s=1.001197 divisor_used_s=1.001197 (ticket Q gate: these must agree to 1%; a negative divisor means no rate has been published yet, which is not a pass)
[2026-09-01 06:59:07.526] [info] [[94mControllerAndOtherEventHandler.cpp[0m:[95m239[0m [96moperator()[0m] Accepted new connection
[2026-09-01 06:59:07.526] [info] [[94mHttpSession.cpp[0m:[95m96[0m [96mhandleRequest[0m] Got request: GET /ndt/get_graph_data
[2026-09-01 06:59:07.526] [info] [[94mHttpSession.cpp[0m:[95m531[0m [96mhandleGetGraphData[0m] Handle Get Graph Data
[2026-09-01 06:59:07.544] [info] [[94mHttpSession.cpp[0m:[95m576[0m [96mhandleGetGraphData[0m] get_graph_data success
[2026-09-01 06:59:07.776] [info] [[94mControllerAndOtherEventHandler.cpp[0m:[95m239[0m [96moperator()[0m] Accepted new connection
[2026-09-01 06:59:07.776] [info] [[94mHttpSession.cpp[0m:[95m96[0m [96mhandleRequest[0m] Got request: GET /ndt/get_graph_data
[2026-09-01 06:59:07.776] [info] [[94mHttpSession.cpp[0m:[95m531[0m [96mhandleGetGraphData[0m] Handle Get Graph Data
[2026-09-01 06:59:07.792] [info] [[94mHttpSession.cpp[0m:[95m576[0m [96mhandleGetGraphData[0m] get_graph_data success
[2026-09-01 06:59:08.026] [info] [[94mControllerAndOtherEventHandler.cpp[0m:[95m239[0m [96moperator()[0m] Accepted new connection
[2026-09-01 06:59:08.027] [info] [[94mHttpSession.cpp[0m:[95m96[0m [96mhandleRequest[0m] Got request: GET /ndt/get_graph_data
[2026-09-01 06:59:08.027] [info] [[94mHttpSession.cpp[0m:[95m531[0m [96mhandleGetGraphData[0m] Handle Get Graph Data
[2026-09-01 06:59:08.047] [info] [[94mHttpSession.cpp[0m:[95m576[0m [96mhandleGetGraphData[0m] get_graph_data success
[2026-09-01 06:59:08.276] [info] [[94mControllerAndOtherEventHandler.cpp[0m:[95m239[0m [96moperator()[0m] Accepted new connection
[2026-09-01 06:59:08.276] [info] [[94mHttpSession.cpp[0m:[95m96[0m [96mhandleRequest[0m] Got request: GET /ndt/get_graph_data
[2026-09-01 06:59:08.276] [info] [[94mHttpSession.cpp[0m:[95m531[0m [96mhandleGetGraphData[0m] Handle Get Graph Data
[2026-09-01 06:59:08.290] [info] [[94mHttpSession.cpp[0m:[95m576[0m [96mhandleGetGraphData[0m] get_graph_data success
[2026-09-01 06:59:08.526] [info] [[94mControllerAndOtherEventHandler.cpp[0m:[95m239[0m [96moperator()[0m] Accepted new connection
[2026-09-01 06:59:08.526] [info] [[94mHttpSession.cpp[0m:[95m96[0m [96mhandleRequest[0m] Got request: GET /ndt/get_graph_data
[2026-09-01 06:59:08.526] [info] [[94mHttpSession.cpp[0m:[95m531[0m [96mhandleGetGraphData[0m] Handle Get Graph Data
[2026-09-01 06:59:08.544] [info] [[94mHttpSession.cpp[0m:[95m576[0m [96mhandleGetGraphData[0m] get_graph_data success
[2026-09-01 06:59:08.777] [info] [[94mControllerAndOtherEventHandler.cpp[0m:[95m239[0m [96moperator()[0m] Accepted new connection
[2026-09-01 06:59:08.777] [info] [[94mHttpSession.cpp[0m:[95m96[0m [96mhandleRequest[0m] Got request: GET /ndt/get_graph_data
[2026-09-01 06:59:08.777] [info] [[94mHttpSession.cpp[0m:[95m531[0m [96mhandleGetGraphData[0m] Handle Get Graph Data
[2026-09-01 06:59:08.795] [info] [[94mHttpSession.cpp[0m:[95m576[0m [96mhandleGetGraphData[0m] get_graph_data success
[2026-09-01 06:59:09.027] [info] [[94mControllerAndOtherEventHandler.cpp[0m:[95m239[0m [96moperator()[0m] Accepted new connection
[2026-09-01 06:59:09.027] [info] [[94mHttpSession.cpp[0m:[95m96[0m [96mhandleRequest[0m] Got request: GET /ndt/get_graph_data
[2026-09-01 06:59:09.027] [info] [[94mHttpSession.cpp[0m:[95m531[0m [96mhandleGetGraphData[0m] Handle Get Graph Data
[2026-09-01 06:59:09.044] [info] [[94mHttpSession.cpp[0m:[95m576[0m [96mhandleGetGraphData[0m] get_graph_data success
[2026-09-01 06:59:09.277] [info] [[94mControllerAndOtherEventHandler.cpp[0m:[95m239[0m [96moperator()[0m] Accepted new connection
[2026-09-01 06:59:09.277] [info] [[94mHttpSession.cpp[0m:[95m96[0m [96mhandleRequest[0m] Got request: GET /ndt/get_graph_data
[2026-09-01 06:59:09.277] [info] [[94mHttpSession.cpp[0m:[95m531[0m [96mhandleGetGraphData[0m] Handle Get Graph Data
[2026-09-01 06:59:09.295] [info] [[94mHttpSession.cpp[0m:[95m576[0m [96mhandleGetGraphData[0m] get_graph_data success
[2026-09-01 06:59:09.526] [info] [[94mControllerAndOtherEventHandler.cpp[0m:[95m239[0m [96moperator()[0m] Accepted new connection
[2026-09-01 06:59:09.526] [info] [[94mHttpSession.cpp[0m:[95m96[0m [96mhandleRequest[0m] Got request: GET /ndt/get_graph_data
[2026-09-01 06:59:09.526] [info] [[94mHttpSession.cpp[0m:[95m531[0m [96mhandleGetGraphData[0m] Handle Get Graph Data
[2026-09-01 06:59:09.542] [info] [[94mHttpSession.cpp[0m:[95m576[0m [96mhandleGetGraphData[0m] get_graph_data success
[2026-09-01 06:59:09.777] [info] [[94mControllerAndOtherEventHandler.cpp[0m:[95m239[0m [96moperator()[0m] Accepted new connection
[2026-09-01 06:59:09.777] [info] [[94mHttpSession.cpp[0m:[95m96[0m [96mhandleRequest[0m] Got request: GET /ndt/get_graph_data
[2026-09-01 06:59:09.777] [info] [[94mHttpSession.cpp[0m:[95m531[0m [96mhandleGetGraphData[0m] Handle Get Graph Data
[2026-09-01 06:59:09.798] [info] [[94mHttpSession.cpp[0m:[95m576[0m [96mhandleGetGraphData[0m] get_graph_data success
[2026-09-01 06:59:10.027] [info] [[94mControllerAndOtherEventHandler.cpp[0m:[95m239[0m [96moperator()[0m] Accepted new connection
[2026-09-01 06:59:10.027] [info] [[94mHttpSession.cpp[0m:[95m96[0m [96mhandleRequest[0m] Got request: GET /ndt/get_graph_data
[2026-09-01 06:59:10.027] [info] [[94mHttpSession.cpp[0m:[95m531[0m [96mhandleGetGraphData[0m] Handle Get Graph Data
[2026-09-01 06:59:10.049] [info] [[94mHttpSession.cpp[0m:[95m576[0m [96mhandleGetGraphData[0m] get_graph_data success
[2026-09-01 06:59:10.277] [info] [[94mControllerAndOtherEventHandler.cpp[0m:[95m239[0m [96moperator()[0m] Accepted new connection
[2026-09-01 06:59:10.277] [info] [[94mHttpSession.cpp[0m:[95m96[0m [96mhandleRequest[0m] Got request: GET /ndt/get_graph_data
[2026-09-01 06:59:10.278] [info] [[94mHttpSession.cpp[0m:[95m531[0m [96mhandleGetGraphData[0m] Handle Get Graph Data
[2026-09-01 06:59:10.297] [info] [[94mHttpSession.cpp[0m:[95m576[0m [96mhandleGetGraphData[0m] get_graph_data success
[2026-09-01 06:59:10.527] [info] [[94mControllerAndOtherEventHandler.cpp[0m:[95m239[0m [96moperator()[0m] Accepted new connection
[2026-09-01 06:59:10.527] [info] [[94mHttpSession.cpp[0m:[95m96[0m [96mhandleRequest[0m] Got request: GET /ndt/get_graph_data
[2026-09-01 06:59:10.527] [info] [[94mHttpSession.cpp[0m:[95m531[0m [96mhandleGetGraphData[0m] Handle Get Graph Data
[2026-09-01 06:59:10.547] [info] [[94mHttpSession.cpp[0m:[95m576[0m [96mhandleGetGraphData[0m] get_graph_data success
[2026-09-01 06:59:10.777] [info] [[94mControllerAndOtherEventHandler.cpp[0m:[95m239[0m [96moperator()[0m] Accepted new connection
[2026-09-01 06:59:10.778] [info] [[94mHttpSession.cpp[0m:[95m96[0m [96mhandleRequest[0m] Got request: GET /ndt/get_graph_data
[2026-09-01 06:59:10.778] [info] [[94mHttpSession.cpp[0m:[95m531[0m [96mhandleGetGraphData[0m] Handle Get Graph Data
[2026-09-01 06:59:10.797] [info] [[94mHttpSession.cpp[0m:[95m576[0m [96mhandleGetGraphData[0m] get_graph_data success
[2026-09-01 06:59:11.027] [info] [[94mControllerAndOtherEventHandler.cpp[0m:[95m239[0m [96moperator()[0m] Accepted new connection
[2026-09-01 06:59:11.028] [info] [[94mHttpSession.cpp[0m:[95m96[0m [96mhandleRequest[0m] Got request: GET /ndt/get_graph_data
[2026-09-01 06:59:11.028] [info] [[94mHttpSession.cpp[0m:[95m531[0m [96mhandleGetGraphData[0m] Handle Get Graph Data
[2026-09-01 06:59:11.041] [info] [[94mHttpSession.cpp[0m:[95m576[0m [96mhandleGetGraphData[0m] get_graph_data success
[2026-09-01 06:59:11.277] [info] [[94mControllerAndOtherEventHandler.cpp[0m:[95m239[0m [96moperator()[0m] Accepted new connection
[2026-09-01 06:59:11.277] [info] [[94mHttpSession.cpp[0m:[95m96[0m [96mhandleRequest[0m] Got request: GET /ndt/get_graph_data
[2026-09-01 06:59:11.277] [info] [[94mHttpSession.cpp[0m:[95m531[0m [96mhandleGetGraphData[0m] Handle Get Graph Data
[2026-09-01 06:59:11.290] [info] [[94mHttpSession.cpp[0m:[95m576[0m [96mhandleGetGraphData[0m] get_graph_data success
[2026-09-01 06:59:11.528] [info] [[94mControllerAndOtherEventHandler.cpp[0m:[95m239[0m [96moperator()[0m] Accepted new connection
[2026-09-01 06:59:11.528] [info] [[94mHttpSession.cpp[0m:[95m96[0m [96mhandleRequest[0m] Got request: GET /ndt/get_graph_data
[2026-09-01 06:59:11.528] [info] [[94mHttpSession.cpp[0m:[95m531[0m [96mhandleGetGraphData[0m] Handle Get Graph Data
[2026-09-01 06:59:11.547] [info] [[94mHttpSession.cpp[0m:[95m576[0m [96mhandleGetGraphData[0m] get_graph_data success
[2026-09-01 06:59:11.777] [info] [[94mControllerAndOtherEventHandler.cpp[0m:[95m239[0m [96moperator()[0m] Accepted new connection
[2026-09-01 06:59:11.777] [info] [[94mHttpSession.cpp[0m:[95m96[0m [96mhandleRequest[0m] Got request: GET /ndt/get_graph_data
[2026-09-01 06:59:11.777] [info] [[94mHttpSession.cpp[0m:[95m531[0m [96mhandleGetGraphData[0m] Handle Get Graph Data
[2026-09-01 06:59:11.797] [info] [[94mHttpSession.cpp[0m:[95m576[0m [96mhandleGetGraphData[0m] get_graph_data success
[2026-09-01 06:59:12.028] [info] [[94mControllerAndOtherEventHandler.cpp[0m:[95m239[0m [96moperator()[0m] Accepted new connection
[2026-09-01 06:59:12.028] [info] [[94mHttpSession.cpp[0m:[95m96[0m [96mhandleRequest[0m] Got request: GET /ndt/get_graph_data
[2026-09-01 06:59:12.028] [info] [[94mHttpSession.cpp[0m:[95m531[0m [96mhandleGetGraphData[0m] Handle Get Graph Data
[2026-09-01 06:59:12.047] [info] [[94mHttpSession.cpp[0m:[95m576[0m [96mhandleGetGraphData[0m] get_graph_data success
[2026-09-01 06:59:12.278] [info] [[94mControllerAndOtherEventHandler.cpp[0m:[95m239[0m [96moperator()[0m] Accepted new connection
[2026-09-01 06:59:12.278] [info] [[94mHttpSession.cpp[0m:[95m96[0m [96mhandleRequest[0m] Got request: GET /ndt/get_graph_data
[2026-09-01 06:59:12.278] [info] [[94mHttpSession.cpp[0m:[95m531[0m [96mhandleGetGraphData[0m] Handle Get Graph Data
[2026-09-01 06:59:12.293] [info] [[94mHttpSession.cpp[0m:[95m576[0m [96mhandleGetGraphData[0m] get_graph_data success
[2026-09-01 06:59:12.528] [info] [[94mControllerAndOtherEventHandler.cpp[0m:[95m239[0m [96moperator()[0m] Accepted new connection
[2026-09-01 06:59:12.528] [info] [[94mHttpSession.cpp[0m:[95m96[0m [96mhandleRequest[0m] Got request: GET /ndt/get_graph_data
[2026-09-01 06:59:12.528] [info] [[94mHttpSession.cpp[0m:[95m531[0m [96mhandleGetGraphData[0m] Handle Get Graph Data
[2026-09-01 06:59:12.541] [info] [[94mHttpSession.cpp[0m:[95m576[0m [96mhandleGetGraphData[0m] get_graph_data success
[2026-09-01 06:59:12.778] [info] [[94mControllerAndOtherEventHandler.cpp[0m:[95m239[0m [96moperator()[0m] Accepted new connection
[2026-09-01 06:59:12.778] [info] [[94mHttpSession.cpp[0m:[95m96[0m [96mhandleRequest[0m] Got request: GET /ndt/get_graph_data
[2026-09-01 06:59:12.778] [info] [[94mHttpSession.cpp[0m:[95m531[0m [96mhandleGetGraphData[0m] Handle Get Graph Data
[2026-09-01 06:59:12.790] [info] [[94mHttpSession.cpp[0m:[95m576[0m [96mhandleGetGraphData[0m] get_graph_data success
[2026-09-01 06:59:13.028] [info] [[94mControllerAndOtherEventHandler.cpp[0m:[95m239[0m [96moperator()[0m] Accepted new connection
[2026-09-01 06:59:13.028] [info] [[94mHttpSession.cpp[0m:[95m96[0m [96mhandleRequest[0m] Got request: GET /ndt/get_graph_data
[2026-09-01 06:59:13.028] [info] [[94mHttpSession.cpp[0m:[95m531[0m [96mhandleGetGraphData[0m] Handle Get Graph Data
[2026-09-01 06:59:13.039] [info] [[94mHttpSession.cpp[0m:[95m576[0m [96mhandleGetGraphData[0m] get_graph_data success
[2026-09-01 06:59:13.278] [info] [[94mControllerAndOtherEventHandler.cpp[0m:[95m239[0m [96moperator()[0m] Accepted new connection
[2026-09-01 06:59:13.278] [info] [[94mHttpSession.cpp[0m:[95m96[0m [96mhandleRequest[0m] Got request: GET /ndt/get_graph_data
[2026-09-01 06:59:13.278] [info] [[94mHttpSession.cpp[0m:[95m531[0m [96mhandleGetGraphData[0m] Handle Get Graph Data
[2026-09-01 06:59:13.289] [info] [[94mHttpSession.cpp[0m:[95m576[0m [96mhandleGetGraphData[0m] get_graph_data success
[2026-09-01 06:59:13.528] [info] [[94mControllerAndOtherEventHandler.cpp[0m:[95m239[0m [96moperator()[0m] Accepted new connection
[2026-09-01 06:59:13.528] [info] [[94mHttpSession.cpp[0m:[95m96[0m [96mhandleRequest[0m] Got request: GET /ndt/get_graph_data
[2026-09-01 06:59:13.528] [info] [[94mHttpSession.cpp[0m:[95m531[0m [96mhandleGetGraphData[0m] Handle Get Graph Data
[2026-09-01 06:59:13.546] [info] [[94mHttpSession.cpp[0m:[95m576[0m [96mhandleGetGraphData[0m] get_graph_data success
[2026-09-01 06:59:13.778] [info] [[94mControllerAndOtherEventHandler.cpp[0m:[95m239[0m [96moperator()[0m] Accepted new connection
[2026-09-01 06:59:13.779] [info] [[94mHttpSession.cpp[0m:[95m96[0m [96mhandleRequest[0m] Got request: GET /ndt/get_graph_data
[2026-09-01 06:59:13.779] [info] [[94mHttpSession.cpp[0m:[95m531[0m [96mhandleGetGraphData[0m] Handle Get Graph Data
[2026-09-01 06:59:13.795] [info] [[94mHttpSession.cpp[0m:[95m576[0m [96mhandleGetGraphData[0m] get_graph_data success
[2026-09-01 06:59:14.029] [info] [[94mControllerAndOtherEventHandler.cpp[0m:[95m239[0m [96moperator()[0m] Accepted new connection
[2026-09-01 06:59:14.029] [info] [[94mHttpSession.cpp[0m:[95m96[0m [96mhandleRequest[0m] Got request: GET /ndt/get_graph_data
[2026-09-01 06:59:14.029] [info] [[94mHttpSession.cpp[0m:[95m531[0m [96mhandleGetGraphData[0m] Handle Get Graph Data
[2026-09-01 06:59:14.048] [info] [[94mHttpSession.cpp[0m:[95m576[0m [96mhandleGetGraphData[0m] get_graph_data success
[2026-09-01 06:59:14.279] [info] [[94mControllerAndOtherEventHandler.cpp[0m:[95m239[0m [96moperator()[0m] Accepted new connection
[2026-09-01 06:59:14.279] [info] [[94mHttpSession.cpp[0m:[95m96[0m [96mhandleRequest[0m] Got request: GET /ndt/get_graph_data
[2026-09-01 06:59:14.279] [info] [[94mHttpSession.cpp[0m:[95m531[0m [96mhandleGetGraphData[0m] Handle Get Graph Data
[2026-09-01 06:59:14.294] [info] [[94mHttpSession.cpp[0m:[95m576[0m [96mhandleGetGraphData[0m] get_graph_data success
[2026-09-01 06:59:14.529] [info] [[94mControllerAndOtherEventHandler.cpp[0m:[95m239[0m [96moperator()[0m] Accepted new connection
[2026-09-01 06:59:14.529] [info] [[94mHttpSession.cpp[0m:[95m96[0m [96mhandleRequest[0m] Got request: GET /ndt/get_graph_data
[2026-09-01 06:59:14.529] [info] [[94mHttpSession.cpp[0m:[95m531[0m [96mhandleGetGraphData[0m] Handle Get Graph Data
[2026-09-01 06:59:14.549] [info] [[94mHttpSession.cpp[0m:[95m576[0m [96mhandleGetGraphData[0m] get_graph_data success
[2026-09-01 06:59:14.779] [info] [[94mControllerAndOtherEventHandler.cpp[0m:[95m239[0m [96moperator()[0m] Accepted new connection
[2026-09-01 06:59:14.779] [info] [[94mHttpSession.cpp[0m:[95m96[0m [96mhandleRequest[0m] Got request: GET /ndt/get_graph_data
[2026-09-01 06:59:14.779] [info] [[94mHttpSession.cpp[0m:[95m531[0m [96mhandleGetGraphData[0m] Handle Get Graph Data
[2026-09-01 06:59:14.801] [info] [[94mHttpSession.cpp[0m:[95m576[0m [96mhandleGetGraphData[0m] get_graph_data success
[2026-09-01 06:59:15.029] [info] [[94mControllerAndOtherEventHandler.cpp[0m:[95m239[0m [96moperator()[0m] Accepted new connection
[2026-09-01 06:59:15.029] [info] [[94mHttpSession.cpp[0m:[95m96[0m [96mhandleRequest[0m] Got request: GET /ndt/get_graph_data
[2026-09-01 06:59:15.029] [info] [[94mHttpSession.cpp[0m:[95m531[0m [96mhandleGetGraphData[0m] Handle Get Graph Data
[2026-09-01 06:59:15.048] [info] [[94mHttpSession.cpp[0m:[95m576[0m [96mhandleGetGraphData[0m] get_graph_data success
[2026-09-01 06:59:15.279] [info] [[94mControllerAndOtherEventHandler.cpp[0m:[95m239[0m [96moperator()[0m] Accepted new connection
[2026-09-01 06:59:15.279] [info] [[94mHttpSession.cpp[0m:[95m96[0m [96mhandleRequest[0m] Got request: GET /ndt/get_graph_data
[2026-09-01 06:59:15.279] [info] [[94mHttpSession.cpp[0m:[95m531[0m [96mhandleGetGraphData[0m] Handle Get Graph Data
[2026-09-01 06:59:15.298] [info] [[94mHttpSession.cpp[0m:[95m576[0m [96mhandleGetGraphData[0m] get_graph_data success
[2026-09-01 06:59:15.529] [info] [[94mControllerAndOtherEventHandler.cpp[0m:[95m239[0m [96moperator()[0m] Accepted new connection
[2026-09-01 06:59:15.529] [info] [[94mHttpSession.cpp[0m:[95m96[0m [96mhandleRequest[0m] Got request: GET /ndt/get_graph_data
[2026-09-01 06:59:15.529] [info] [[94mHttpSession.cpp[0m:[95m531[0m [96mhandleGetGraphData[0m] Handle Get Graph Data
[2026-09-01 06:59:15.548] [info] [[94mHttpSession.cpp[0m:[95m576[0m [96mhandleGetGraphData[0m] get_graph_data success
[2026-09-01 06:59:15.779] [info] [[94mControllerAndOtherEventHandler.cpp[0m:[95m239[0m [96moperator()[0m] Accepted new connection
[2026-09-01 06:59:15.780] [info] [[94mHttpSession.cpp[0m:[95m96[0m [96mhandleRequest[0m] Got request: GET /ndt/get_graph_data
[2026-09-01 06:59:15.780] [info] [[94mHttpSession.cpp[0m:[95m531[0m [96mhandleGetGraphData[0m] Handle Get Graph Data
[2026-09-01 06:59:15.799] [info] [[94mHttpSession.cpp[0m:[95m576[0m [96mhandleGetGraphData[0m] get_graph_data success
[2026-09-01 06:59:16.029] [info] [[94mControllerAndOtherEventHandler.cpp[0m:[95m239[0m [96moperator()[0m] Accepted new connection
[2026-09-01 06:59:16.030] [info] [[94mHttpSession.cpp[0m:[95m96[0m [96mhandleRequest[0m] Got request: GET /ndt/get_graph_data
[2026-09-01 06:59:16.030] [info] [[94mHttpSession.cpp[0m:[95m531[0m [96mhandleGetGraphData[0m] Handle Get Graph Data
[2026-09-01 06:59:16.046] [info] [[94mHttpSession.cpp[0m:[95m576[0m [96mhandleGetGraphData[0m] get_graph_data success
[2026-09-01 06:59:16.194] [info] [[94mFlowLinkUsageCollector.cpp[0m:[95m2558[0m [96mfetchAllDestinationPaths[0m] Pulled 16256 paths from controller
[2026-09-01 06:59:16.279] [info] [[94mControllerAndOtherEventHandler.cpp[0m:[95m239[0m [96moperator()[0m] Accepted new connection
[2026-09-01 06:59:16.280] [info] [[94mHttpSession.cpp[0m:[95m96[0m [96mhandleRequest[0m] Got request: GET /ndt/get_graph_data
[2026-09-01 06:59:16.280] [info] [[94mHttpSession.cpp[0m:[95m531[0m [96mhandleGetGraphData[0m] Handle Get Graph Data
[2026-09-01 06:59:16.296] [info] [[94mHttpSession.cpp[0m:[95m576[0m [96mhandleGetGraphData[0m] get_graph_data success
[2026-09-01 06:59:16.530] [info] [[94mControllerAndOtherEventHandler.cpp[0m:[95m239[0m [96moperator()[0m] Accepted new connection
[2026-09-01 06:59:16.530] [info] [[94mHttpSession.cpp[0m:[95m96[0m [96mhandleRequest[0m] Got request: GET /ndt/get_graph_data
[2026-09-01 06:59:16.530] [info] [[94mHttpSession.cpp[0m:[95m531[0m [96mhandleGetGraphData[0m] Handle Get Graph Data
[2026-09-01 06:59:16.552] [info] [[94mHttpSession.cpp[0m:[95m576[0m [96mhandleGetGraphData[0m] get_graph_data success
[2026-09-01 06:59:16.780] [info] [[94mControllerAndOtherEventHandler.cpp[0m:[95m239[0m [96moperator()[0m] Accepted new connection
[2026-09-01 06:59:16.780] [info] [[94mHttpSession.cpp[0m:[95m96[0m [96mhandleRequest[0m] Got request: GET /ndt/get_graph_data
[2026-09-01 06:59:16.780] [info] [[94mHttpSession.cpp[0m:[95m531[0m [96mhandleGetGraphData[0m] Handle Get Graph Data
[2026-09-01 06:59:16.800] [info] [[94mHttpSession.cpp[0m:[95m576[0m [96mhandleGetGraphData[0m] get_graph_data success
[2026-09-01 06:59:17.030] [info] [[94mControllerAndOtherEventHandler.cpp[0m:[95m239[0m [96moperator()[0m] Accepted new connection
[2026-09-01 06:59:17.030] [info] [[94mHttpSession.cpp[0m:[95m96[0m [96mhandleRequest[0m] Got request: GET /ndt/get_graph_data
[2026-09-01 06:59:17.030] [info] [[94mHttpSession.cpp[0m:[95m531[0m [96mhandleGetGraphData[0m] Handle Get Graph Data
[2026-09-01 06:59:17.046] [info] [[94mHttpSession.cpp[0m:[95m576[0m [96mhandleGetGraphData[0m] get_graph_data success
[2026-09-01 06:59:17.280] [info] [[94mControllerAndOtherEventHandler.cpp[0m:[95m239[0m [96moperator()[0m] Accepted new connection
[2026-09-01 06:59:17.280] [info] [[94mHttpSession.cpp[0m:[95m96[0m [96mhandleRequest[0m] Got request: GET /ndt/get_graph_data
[2026-09-01 06:59:17.280] [info] [[94mHttpSession.cpp[0m:[95m531[0m [96mhandleGetGraphData[0m] Handle Get Graph Data
[2026-09-01 06:59:17.299] [info] [[94mHttpSession.cpp[0m:[95m576[0m [96mhandleGetGraphData[0m] get_graph_data success
[2026-09-01 06:59:17.529] [info] [[94mControllerAndOtherEventHandler.cpp[0m:[95m239[0m [96moperator()[0m] Accepted new connection
[2026-09-01 06:59:17.530] [info] [[94mHttpSession.cpp[0m:[95m96[0m [96mhandleRequest[0m] Got request: GET /ndt/get_graph_data
[2026-09-01 06:59:17.530] [info] [[94mHttpSession.cpp[0m:[95m531[0m [96mhandleGetGraphData[0m] Handle Get Graph Data
[2026-09-01 06:59:17.548] [info] [[94mHttpSession.cpp[0m:[95m576[0m [96mhandleGetGraphData[0m] get_graph_data success
[2026-09-01 06:59:17.779] [info] [[94mControllerAndOtherEventHandler.cpp[0m:[95m239[0m [96moperator()[0m] Accepted new connection
[2026-09-01 06:59:17.780] [info] [[94mHttpSession.cpp[0m:[95m96[0m [96mhandleRequest[0m] Got request: GET /ndt/get_graph_data
[2026-09-01 06:59:17.780] [info] [[94mHttpSession.cpp[0m:[95m531[0m [96mhandleGetGraphData[0m] Handle Get Graph Data
[2026-09-01 06:59:17.800] [info] [[94mHttpSession.cpp[0m:[95m576[0m [96mhandleGetGraphData[0m] get_graph_data success
[2026-09-01 06:59:18.030] [info] [[94mControllerAndOtherEventHandler.cpp[0m:[95m239[0m [96moperator()[0m] Accepted new connection
[2026-09-01 06:59:18.030] [info] [[94mHttpSession.cpp[0m:[95m96[0m [96mhandleRequest[0m] Got request: GET /ndt/get_graph_data
[2026-09-01 06:59:18.030] [info] [[94mHttpSession.cpp[0m:[95m531[0m [96mhandleGetGraphData[0m] Handle Get Graph Data
[2026-09-01 06:59:18.045] [info] [[94mHttpSession.cpp[0m:[95m576[0m [96mhandleGetGraphData[0m] get_graph_data success
[2026-09-01 06:59:18.280] [info] [[94mControllerAndOtherEventHandler.cpp[0m:[95m239[0m [96moperator()[0m] Accepted new connection
[2026-09-01 06:59:18.280] [info] [[94mHttpSession.cpp[0m:[95m96[0m [96mhandleRequest[0m] Got request: GET /ndt/get_graph_data
[2026-09-01 06:59:18.280] [info] [[94mHttpSession.cpp[0m:[95m531[0m [96mhandleGetGraphData[0m] Handle Get Graph Data
[2026-09-01 06:59:18.295] [info] [[94mHttpSession.cpp[0m:[95m576[0m [96mhandleGetGraphData[0m] get_graph_data success
[2026-09-01 06:59:18.530] [info] [[94mControllerAndOtherEventHandler.cpp[0m:[95m239[0m [96moperator()[0m] Accepted new connection
[2026-09-01 06:59:18.530] [info] [[94mHttpSession.cpp[0m:[95m96[0m [96mhandleRequest[0m] Got request: GET /ndt/get_graph_data
[2026-09-01 06:59:18.530] [info] [[94mHttpSession.cpp[0m:[95m531[0m [96mhandleGetGraphData[0m] Handle Get Graph Data
[2026-09-01 06:59:18.549] [info] [[94mHttpSession.cpp[0m:[95m576[0m [96mhandleGetGraphData[0m] get_graph_data success
[2026-09-01 06:59:18.780] [info] [[94mControllerAndOtherEventHandler.cpp[0m:[95m239[0m [96moperator()[0m] Accepted new connection
[2026-09-01 06:59:18.780] [info] [[94mHttpSession.cpp[0m:[95m96[0m [96mhandleRequest[0m] Got request: GET /ndt/get_graph_data
[2026-09-01 06:59:18.780] [info] [[94mHttpSession.cpp[0m:[95m531[0m [96mhandleGetGraphData[0m] Handle Get Graph Data
[2026-09-01 06:59:18.794] [info] [[94mHttpSession.cpp[0m:[95m576[0m [96mhandleGetGraphData[0m] get_graph_data success
[2026-09-01 06:59:19.030] [info] [[94mControllerAndOtherEventHandler.cpp[0m:[95m239[0m [96moperator()[0m] Accepted new connection
[2026-09-01 06:59:19.031] [info] [[94mHttpSession.cpp[0m:[95m96[0m [96mhandleRequest[0m] Got request: GET /ndt/get_graph_data
[2026-09-01 06:59:19.031] [info] [[94mHttpSession.cpp[0m:[95m531[0m [96mhandleGetGraphData[0m] Handle Get Graph Data
[2026-09-01 06:59:19.046] [info] [[94mHttpSession.cpp[0m:[95m576[0m [96mhandleGetGraphData[0m] get_graph_data success
[2026-09-01 06:59:19.280] [info] [[94mControllerAndOtherEventHandler.cpp[0m:[95m239[0m [96moperator()[0m] Accepted new connection
[2026-09-01 06:59:19.280] [info] [[94mHttpSession.cpp[0m:[95m96[0m [96mhandleRequest[0m] Got request: GET /ndt/get_graph_data
[2026-09-01 06:59:19.280] [info] [[94mHttpSession.cpp[0m:[95m531[0m [96mhandleGetGraphData[0m] Handle Get Graph Data
[2026-09-01 06:59:19.294] [info] [[94mHttpSession.cpp[0m:[95m576[0m [96mhandleGetGraphData[0m] get_graph_data success
[2026-09-01 06:59:19.531] [info] [[94mControllerAndOtherEventHandler.cpp[0m:[95m239[0m [96moperator()[0m] Accepted new connection
[2026-09-01 06:59:19.531] [info] [[94mHttpSession.cpp[0m:[95m96[0m [96mhandleRequest[0m] Got request: GET /ndt/get_graph_data
[2026-09-01 06:59:19.531] [info] [[94mHttpSession.cpp[0m:[95m531[0m [96mhandleGetGraphData[0m] Handle Get Graph Data
[2026-09-01 06:59:19.547] [info] [[94mHttpSession.cpp[0m:[95m576[0m [96mhandleGetGraphData[0m] get_graph_data success
[2026-09-01 06:59:19.781] [info] [[94mControllerAndOtherEventHandler.cpp[0m:[95m239[0m [96moperator()[0m] Accepted new connection
[2026-09-01 06:59:19.781] [info] [[94mHttpSession.cpp[0m:[95m96[0m [96mhandleRequest[0m] Got request: GET /ndt/get_graph_data
[2026-09-01 06:59:19.781] [info] [[94mHttpSession.cpp[0m:[95m531[0m [96mhandleGetGraphData[0m] Handle Get Graph Data
[2026-09-01 06:59:19.800] [info] [[94mHttpSession.cpp[0m:[95m576[0m [96mhandleGetGraphData[0m] get_graph_data success
[2026-09-01 06:59:20.030] [info] [[94mControllerAndOtherEventHandler.cpp[0m:[95m239[0m [96moperator()[0m] Accepted new connection
[2026-09-01 06:59:20.030] [info] [[94mHttpSession.cpp[0m:[95m96[0m [96mhandleRequest[0m] Got request: GET /ndt/get_graph_data
[2026-09-01 06:59:20.030] [info] [[94mHttpSession.cpp[0m:[95m531[0m [96mhandleGetGraphData[0m] Handle Get Graph Data
[2026-09-01 06:59:20.046] [info] [[94mHttpSession.cpp[0m:[95m576[0m [96mhandleGetGraphData[0m] get_graph_data success
[2026-09-01 06:59:20.280] [info] [[94mControllerAndOtherEventHandler.cpp[0m:[95m239[0m [96moperator()[0m] Accepted new connection
[2026-09-01 06:59:20.280] [info] [[94mHttpSession.cpp[0m:[95m96[0m [96mhandleRequest[0m] Got request: GET /ndt/get_graph_data
[2026-09-01 06:59:20.280] [info] [[94mHttpSession.cpp[0m:[95m531[0m [96mhandleGetGraphData[0m] Handle Get Graph Data
[2026-09-01 06:59:20.300] [info] [[94mHttpSession.cpp[0m:[95m576[0m [96mhandleGetGraphData[0m] get_graph_data success
[2026-09-01 06:59:20.531] [info] [[94mControllerAndOtherEventHandler.cpp[0m:[95m239[0m [96moperator()[0m] Accepted new connection
[2026-09-01 06:59:20.531] [info] [[94mHttpSession.cpp[0m:[95m96[0m [96mhandleRequest[0m] Got request: GET /ndt/get_graph_data
[2026-09-01 06:59:20.531] [info] [[94mHttpSession.cpp[0m:[95m531[0m [96mhandleGetGraphData[0m] Handle Get Graph Data
[2026-09-01 06:59:20.551] [info] [[94mHttpSession.cpp[0m:[95m576[0m [96mhandleGetGraphData[0m] get_graph_data success
[2026-09-01 06:59:20.781] [info] [[94mControllerAndOtherEventHandler.cpp[0m:[95m239[0m [96moperator()[0m] Accepted new connection
[2026-09-01 06:59:20.781] [info] [[94mHttpSession.cpp[0m:[95m96[0m [96mhandleRequest[0m] Got request: GET /ndt/get_graph_data
[2026-09-01 06:59:20.781] [info] [[94mHttpSession.cpp[0m:[95m531[0m [96mhandleGetGraphData[0m] Handle Get Graph Data
[2026-09-01 06:59:20.802] [info] [[94mHttpSession.cpp[0m:[95m576[0m [96mhandleGetGraphData[0m] get_graph_data success
[2026-09-01 06:59:21.031] [info] [[94mControllerAndOtherEventHandler.cpp[0m:[95m239[0m [96moperator()[0m] Accepted new connection
[2026-09-01 06:59:21.031] [info] [[94mHttpSession.cpp[0m:[95m96[0m [96mhandleRequest[0m] Got request: GET /ndt/get_graph_data
[2026-09-01 06:59:21.031] [info] [[94mHttpSession.cpp[0m:[95m531[0m [96mhandleGetGraphData[0m] Handle Get Graph Data
[2026-09-01 06:59:21.050] [info] [[94mHttpSession.cpp[0m:[95m576[0m [96mhandleGetGraphData[0m] get_graph_data success
[2026-09-01 06:59:21.281] [info] [[94mControllerAndOtherEventHandler.cpp[0m:[95m239[0m [96moperator()[0m] Accepted new connection
[2026-09-01 06:59:21.281] [info] [[94mHttpSession.cpp[0m:[95m96[0m [96mhandleRequest[0m] Got request: GET /ndt/get_graph_data
[2026-09-01 06:59:21.281] [info] [[94mHttpSession.cpp[0m:[95m531[0m [96mhandleGetGraphData[0m] Handle Get Graph Data
[2026-09-01 06:59:21.302] [info] [[94mHttpSession.cpp[0m:[95m576[0m [96mhandleGetGraphData[0m] get_graph_data success
[2026-09-01 06:59:21.531] [info] [[94mControllerAndOtherEventHandler.cpp[0m:[95m239[0m [96moperator()[0m] Accepted new connection
[2026-09-01 06:59:21.531] [info] [[94mHttpSession.cpp[0m:[95m96[0m [96mhandleRequest[0m] Got request: GET /ndt/get_graph_data
[2026-09-01 06:59:21.531] [info] [[94mHttpSession.cpp[0m:[95m531[0m [96mhandleGetGraphData[0m] Handle Get Graph Data
[2026-09-01 06:59:21.550] [info] [[94mHttpSession.cpp[0m:[95m576[0m [96mhandleGetGraphData[0m] get_graph_data success
[2026-09-01 06:59:21.781] [info] [[94mControllerAndOtherEventHandler.cpp[0m:[95m239[0m [96moperator()[0m] Accepted new connection
[2026-09-01 06:59:21.782] [info] [[94mHttpSession.cpp[0m:[95m96[0m [96mhandleRequest[0m] Got request: GET /ndt/get_graph_data
[2026-09-01 06:59:21.782] [info] [[94mHttpSession.cpp[0m:[95m531[0m [96mhandleGetGraphData[0m] Handle Get Graph Data
[2026-09-01 06:59:21.803] [info] [[94mHttpSession.cpp[0m:[95m576[0m [96mhandleGetGraphData[0m] get_graph_data success
[2026-09-01 06:59:22.031] [info] [[94mControllerAndOtherEventHandler.cpp[0m:[95m239[0m [96moperator()[0m] Accepted new connection
[2026-09-01 06:59:22.031] [info] [[94mHttpSession.cpp[0m:[95m96[0m [96mhandleRequest[0m] Got request: GET /ndt/get_graph_data
[2026-09-01 06:59:22.031] [info] [[94mHttpSession.cpp[0m:[95m531[0m [96mhandleGetGraphData[0m] Handle Get Graph Data
[2026-09-01 06:59:22.047] [info] [[94mHttpSession.cpp[0m:[95m576[0m [96mhandleGetGraphData[0m] get_graph_data success
[2026-09-01 06:59:22.282] [info] [[94mControllerAndOtherEventHandler.cpp[0m:[95m239[0m [96moperator()[0m] Accepted new connection
[2026-09-01 06:59:22.282] [info] [[94mHttpSession.cpp[0m:[95m96[0m [96mhandleRequest[0m] Got request: GET /ndt/get_graph_data
[2026-09-01 06:59:22.282] [info] [[94mHttpSession.cpp[0m:[95m531[0m [96mhandleGetGraphData[0m] Handle Get Graph Data
[2026-09-01 06:59:22.296] [info] [[94mHttpSession.cpp[0m:[95m576[0m [96mhandleGetGraphData[0m] get_graph_data success
[2026-09-01 06:59:22.531] [info] [[94mControllerAndOtherEventHandler.cpp[0m:[95m239[0m [96moperator()[0m] Accepted new connection
[2026-09-01 06:59:22.531] [info] [[94mHttpSession.cpp[0m:[95m96[0m [96mhandleRequest[0m] Got request: GET /ndt/get_graph_data
[2026-09-01 06:59:22.531] [info] [[94mHttpSession.cpp[0m:[95m531[0m [96mhandleGetGraphData[0m] Handle Get Graph Data
[2026-09-01 06:59:22.543] [info] [[94mHttpSession.cpp[0m:[95m576[0m [96mhandleGetGraphData[0m] get_graph_data success
[2026-09-01 06:59:22.781] [info] [[94mControllerAndOtherEventHandler.cpp[0m:[95m239[0m [96moperator()[0m] Accepted new connection
[2026-09-01 06:59:22.781] [info] [[94mHttpSession.cpp[0m:[95m96[0m [96mhandleRequest[0m] Got request: GET /ndt/get_graph_data
[2026-09-01 06:59:22.781] [info] [[94mHttpSession.cpp[0m:[95m531[0m [96mhandleGetGraphData[0m] Handle Get Graph Data
[2026-09-01 06:59:22.794] [info] [[94mHttpSession.cpp[0m:[95m576[0m [96mhandleGetGraphData[0m] get_graph_data success
[2026-09-01 06:59:23.032] [info] [[94mControllerAndOtherEventHandler.cpp[0m:[95m239[0m [96moperator()[0m] Accepted new connection
[2026-09-01 06:59:23.032] [info] [[94mHttpSession.cpp[0m:[95m96[0m [96mhandleRequest[0m] Got request: GET /ndt/get_graph_data
[2026-09-01 06:59:23.032] [info] [[94mHttpSession.cpp[0m:[95m531[0m [96mhandleGetGraphData[0m] Handle Get Graph Data
[2026-09-01 06:59:23.051] [info] [[94mHttpSession.cpp[0m:[95m576[0m [96mhandleGetGraphData[0m] get_graph_data success
[2026-09-01 06:59:23.282] [info] [[94mControllerAndOtherEventHandler.cpp[0m:[95m239[0m [96moperator()[0m] Accepted new connection
[2026-09-01 06:59:23.282] [info] [[94mHttpSession.cpp[0m:[95m96[0m [96mhandleRequest[0m] Got request: GET /ndt/get_graph_data
[2026-09-01 06:59:23.282] [info] [[94mHttpSession.cpp[0m:[95m531[0m [96mhandleGetGraphData[0m] Handle Get Graph Data
[2026-09-01 06:59:23.302] [info] [[94mHttpSession.cpp[0m:[95m576[0m [96mhandleGetGraphData[0m] get_graph_data success
[2026-09-01 06:59:23.531] [info] [[94mControllerAndOtherEventHandler.cpp[0m:[95m239[0m [96moperator()[0m] Accepted new connection
[2026-09-01 06:59:23.531] [info] [[94mHttpSession.cpp[0m:[95m96[0m [96mhandleRequest[0m] Got request: GET /ndt/get_graph_data
[2026-09-01 06:59:23.531] [info] [[94mHttpSession.cpp[0m:[95m531[0m [96mhandleGetGraphData[0m] Handle Get Graph Data
[2026-09-01 06:59:23.551] [info] [[94mHttpSession.cpp[0m:[95m576[0m [96mhandleGetGraphData[0m] get_graph_data success
[2026-09-01 06:59:23.782] [info] [[94mControllerAndOtherEventHandler.cpp[0m:[95m239[0m [96moperator()[0m] Accepted new connection
[2026-09-01 06:59:23.782] [info] [[94mHttpSession.cpp[0m:[95m96[0m [96mhandleRequest[0m] Got request: GET /ndt/get_graph_data
[2026-09-01 06:59:23.782] [info] [[94mHttpSession.cpp[0m:[95m531[0m [96mhandleGetGraphData[0m] Handle Get Graph Data
[2026-09-01 06:59:23.799] [info] [[94mHttpSession.cpp[0m:[95m576[0m [96mhandleGetGraphData[0m] get_graph_data success
[2026-09-01 06:59:24.032] [info] [[94mControllerAndOtherEventHandler.cpp[0m:[95m239[0m [96moperator()[0m] Accepted new connection
[2026-09-01 06:59:24.032] [info] [[94mHttpSession.cpp[0m:[95m96[0m [96mhandleRequest[0m] Got request: GET /ndt/get_graph_data
[2026-09-01 06:59:24.032] [info] [[94mHttpSession.cpp[0m:[95m531[0m [96mhandleGetGraphData[0m] Handle Get Graph Data
[2026-09-01 06:59:24.048] [info] [[94mHttpSession.cpp[0m:[95m576[0m [96mhandleGetGraphData[0m] get_graph_data success
[2026-09-01 06:59:24.281] [info] [[94mControllerAndOtherEventHandler.cpp[0m:[95m239[0m [96moperator()[0m] Accepted new connection
[2026-09-01 06:59:24.281] [info] [[94mHttpSession.cpp[0m:[95m96[0m [96mhandleRequest[0m] Got request: GET /ndt/get_graph_data
[2026-09-01 06:59:24.281] [info] [[94mHttpSession.cpp[0m:[95m531[0m [96mhandleGetGraphData[0m] Handle Get Graph Data
[2026-09-01 06:59:24.295] [info] [[94mHttpSession.cpp[0m:[95m576[0m [96mhandleGetGraphData[0m] get_graph_data success
[2026-09-01 06:59:24.532] [info] [[94mControllerAndOtherEventHandler.cpp[0m:[95m239[0m [96moperator()[0m] Accepted new connection
[2026-09-01 06:59:24.532] [info] [[94mHttpSession.cpp[0m:[95m96[0m [96mhandleRequest[0m] Got request: GET /ndt/get_graph_data
[2026-09-01 06:59:24.532] [info] [[94mHttpSession.cpp[0m:[95m531[0m [96mhandleGetGraphData[0m] Handle Get Graph Data
[2026-09-01 06:59:24.544] [info] [[94mHttpSession.cpp[0m:[95m576[0m [96mhandleGetGraphData[0m] get_graph_data success
[2026-09-01 06:59:24.782] [info] [[94mControllerAndOtherEventHandler.cpp[0m:[95m239[0m [96moperator()[0m] Accepted new connection
[2026-09-01 06:59:24.782] [info] [[94mHttpSession.cpp[0m:[95m96[0m [96mhandleRequest[0m] Got request: GET /ndt/get_graph_data
[2026-09-01 06:59:24.783] [info] [[94mHttpSession.cpp[0m:[95m531[0m [96mhandleGetGraphData[0m] Handle Get Graph Data
[2026-09-01 06:59:24.801] [info] [[94mHttpSession.cpp[0m:[95m576[0m [96mhandleGetGraphData[0m] get_graph_data success
[2026-09-01 06:59:25.032] [info] [[94mControllerAndOtherEventHandler.cpp[0m:[95m239[0m [96moperator()[0m] Accepted new connection
[2026-09-01 06:59:25.033] [info] [[94mHttpSession.cpp[0m:[95m96[0m [96mhandleRequest[0m] Got request: GET /ndt/get_graph_data
[2026-09-01 06:59:25.033] [info] [[94mHttpSession.cpp[0m:[95m531[0m [96mhandleGetGraphData[0m] Handle Get Graph Data
[2026-09-01 06:59:25.051] [info] [[94mHttpSession.cpp[0m:[95m576[0m [96mhandleGetGraphData[0m] get_graph_data success
[2026-09-01 06:59:25.282] [info] [[94mControllerAndOtherEventHandler.cpp[0m:[95m239[0m [96moperator()[0m] Accepted new connection
[2026-09-01 06:59:25.283] [info] [[94mHttpSession.cpp[0m:[95m96[0m [96mhandleRequest[0m] Got request: GET /ndt/get_graph_data
[2026-09-01 06:59:25.283] [info] [[94mHttpSession.cpp[0m:[95m531[0m [96mhandleGetGraphData[0m] Handle Get Graph Data
[2026-09-01 06:59:25.301] [info] [[94mHttpSession.cpp[0m:[95m576[0m [96mhandleGetGraphData[0m] get_graph_data success
[2026-09-01 06:59:25.532] [info] [[94mControllerAndOtherEventHandler.cpp[0m:[95m239[0m [96moperator()[0m] Accepted new connection
[2026-09-01 06:59:25.532] [info] [[94mHttpSession.cpp[0m:[95m96[0m [96mhandleRequest[0m] Got request: GET /ndt/get_graph_data
[2026-09-01 06:59:25.532] [info] [[94mHttpSession.cpp[0m:[95m531[0m [96mhandleGetGraphData[0m] Handle Get Graph Data
[2026-09-01 06:59:25.552] [info] [[94mHttpSession.cpp[0m:[95m576[0m [96mhandleGetGraphData[0m] get_graph_data success
[2026-09-01 06:59:25.783] [info] [[94mControllerAndOtherEventHandler.cpp[0m:[95m239[0m [96moperator()[0m] Accepted new connection
[2026-09-01 06:59:25.783] [info] [[94mHttpSession.cpp[0m:[95m96[0m [96mhandleRequest[0m] Got request: GET /ndt/get_graph_data
[2026-09-01 06:59:25.783] [info] [[94mHttpSession.cpp[0m:[95m531[0m [96mhandleGetGraphData[0m] Handle Get Graph Data
[2026-09-01 06:59:25.801] [info] [[94mHttpSession.cpp[0m:[95m576[0m [96mhandleGetGraphData[0m] get_graph_data success
[2026-09-01 06:59:26.033] [info] [[94mControllerAndOtherEventHandler.cpp[0m:[95m239[0m [96moperator()[0m] Accepted new connection
[2026-09-01 06:59:26.033] [info] [[94mHttpSession.cpp[0m:[95m96[0m [96mhandleRequest[0m] Got request: GET /ndt/get_graph_data
[2026-09-01 06:59:26.033] [info] [[94mHttpSession.cpp[0m:[95m531[0m [96mhandleGetGraphData[0m] Handle Get Graph Data
[2026-09-01 06:59:26.050] [info] [[94mHttpSession.cpp[0m:[95m576[0m [96mhandleGetGraphData[0m] get_graph_data success
[2026-09-01 06:59:26.282] [info] [[94mControllerAndOtherEventHandler.cpp[0m:[95m239[0m [96moperator()[0m] Accepted new connection
[2026-09-01 06:59:26.282] [info] [[94mHttpSession.cpp[0m:[95m96[0m [96mhandleRequest[0m] Got request: GET /ndt/get_graph_data
[2026-09-01 06:59:26.282] [info] [[94mHttpSession.cpp[0m:[95m531[0m [96mhandleGetGraphData[0m] Handle Get Graph Data
[2026-09-01 06:59:26.301] [info] [[94mHttpSession.cpp[0m:[95m576[0m [96mhandleGetGraphData[0m] get_graph_data success
[2026-09-01 06:59:26.532] [info] [[94mControllerAndOtherEventHandler.cpp[0m:[95m239[0m [96moperator()[0m] Accepted new connection
[2026-09-01 06:59:26.532] [info] [[94mHttpSession.cpp[0m:[95m96[0m [96mhandleRequest[0m] Got request: GET /ndt/get_graph_data
[2026-09-01 06:59:26.532] [info] [[94mHttpSession.cpp[0m:[95m531[0m [96mhandleGetGraphData[0m] Handle Get Graph Data
[2026-09-01 06:59:26.552] [info] [[94mHttpSession.cpp[0m:[95m576[0m [96mhandleGetGraphData[0m] get_graph_data success
[2026-09-01 06:59:26.783] [info] [[94mControllerAndOtherEventHandler.cpp[0m:[95m239[0m [96moperator()[0m] Accepted new connection
[2026-09-01 06:59:26.783] [info] [[94mHttpSession.cpp[0m:[95m96[0m [96mhandleRequest[0m] Got request: GET /ndt/get_graph_data
[2026-09-01 06:59:26.783] [info] [[94mHttpSession.cpp[0m:[95m531[0m [96mhandleGetGraphData[0m] Handle Get Graph Data
[2026-09-01 06:59:26.798] [info] [[94mHttpSession.cpp[0m:[95m576[0m [96mhandleGetGraphData[0m] get_graph_data success
[2026-09-01 06:59:27.033] [info] [[94mControllerAndOtherEventHandler.cpp[0m:[95m239[0m [96moperator()[0m] Accepted new connection
[2026-09-01 06:59:27.033] [info] [[94mHttpSession.cpp[0m:[95m96[0m [96mhandleRequest[0m] Got request: GET /ndt/get_graph_data
[2026-09-01 06:59:27.033] [info] [[94mHttpSession.cpp[0m:[95m531[0m [96mhandleGetGraphData[0m] Handle Get Graph Data
[2026-09-01 06:59:27.047] [info] [[94mHttpSession.cpp[0m:[95m576[0m [96mhandleGetGraphData[0m] get_graph_data success
[2026-09-01 06:59:27.283] [info] [[94mControllerAndOtherEventHandler.cpp[0m:[95m239[0m [96moperator()[0m] Accepted new connection
[2026-09-01 06:59:27.283] [info] [[94mHttpSession.cpp[0m:[95m96[0m [96mhandleRequest[0m] Got request: GET /ndt/get_graph_data
[2026-09-01 06:59:27.283] [info] [[94mHttpSession.cpp[0m:[95m531[0m [96mhandleGetGraphData[0m] Handle Get Graph Data
[2026-09-01 06:59:27.304] [info] [[94mHttpSession.cpp[0m:[95m576[0m [96mhandleGetGraphData[0m] get_graph_data success
[2026-09-01 06:59:27.533] [info] [[94mControllerAndOtherEventHandler.cpp[0m:[95m239[0m [96moperator()[0m] Accepted new connection
[2026-09-01 06:59:27.533] [info] [[94mHttpSession.cpp[0m:[95m96[0m [96mhandleRequest[0m] Got request: GET /ndt/get_graph_data
[2026-09-01 06:59:27.533] [info] [[94mHttpSession.cpp[0m:[95m531[0m [96mhandleGetGraphData[0m] Handle Get Graph Data
[2026-09-01 06:59:27.553] [info] [[94mHttpSession.cpp[0m:[95m576[0m [96mhandleGetGraphData[0m] get_graph_data success
[2026-09-01 06:59:27.783] [info] [[94mControllerAndOtherEventHandler.cpp[0m:[95m239[0m [96moperator()[0m] Accepted new connection
[2026-09-01 06:59:27.783] [info] [[94mHttpSession.cpp[0m:[95m96[0m [96mhandleRequest[0m] Got request: GET /ndt/get_graph_data
[2026-09-01 06:59:27.783] [info] [[94mHttpSession.cpp[0m:[95m531[0m [96mhandleGetGraphData[0m] Handle Get Graph Data
[2026-09-01 06:59:27.803] [info] [[94mHttpSession.cpp[0m:[95m576[0m [96mhandleGetGraphData[0m] get_graph_data success
[2026-09-01 06:59:28.033] [info] [[94mControllerAndOtherEventHandler.cpp[0m:[95m239[0m [96moperator()[0m] Accepted new connection
[2026-09-01 06:59:28.034] [info] [[94mHttpSession.cpp[0m:[95m96[0m [96mhandleRequest[0m] Got request: GET /ndt/get_graph_data
[2026-09-01 06:59:28.034] [info] [[94mHttpSession.cpp[0m:[95m531[0m [96mhandleGetGraphData[0m] Handle Get Graph Data
[2026-09-01 06:59:28.054] [info] [[94mHttpSession.cpp[0m:[95m576[0m [96mhandleGetGraphData[0m] get_graph_data success
[2026-09-01 06:59:28.283] [info] [[94mControllerAndOtherEventHandler.cpp[0m:[95m239[0m [96moperator()[0m] Accepted new connection
[2026-09-01 06:59:28.284] [info] [[94mHttpSession.cpp[0m:[95m96[0m [96mhandleRequest[0m] Got request: GET /ndt/get_graph_data
[2026-09-01 06:59:28.284] [info] [[94mHttpSession.cpp[0m:[95m531[0m [96mhandleGetGraphData[0m] Handle Get Graph Data
[2026-09-01 06:59:28.302] [info] [[94mHttpSession.cpp[0m:[95m576[0m [96mhandleGetGraphData[0m] get_graph_data success
[2026-09-01 06:59:28.534] [info] [[94mControllerAndOtherEventHandler.cpp[0m:[95m239[0m [96moperator()[0m] Accepted new connection
[2026-09-01 06:59:28.534] [info] [[94mHttpSession.cpp[0m:[95m96[0m [96mhandleRequest[0m] Got request: GET /ndt/get_graph_data
[2026-09-01 06:59:28.534] [info] [[94mHttpSession.cpp[0m:[95m531[0m [96mhandleGetGraphData[0m] Handle Get Graph Data
[2026-09-01 06:59:28.552] [info] [[94mHttpSession.cpp[0m:[95m576[0m [96mhandleGetGraphData[0m] get_graph_data success
[2026-09-01 06:59:28.784] [info] [[94mControllerAndOtherEventHandler.cpp[0m:[95m239[0m [96moperator()[0m] Accepted new connection
[2026-09-01 06:59:28.784] [info] [[94mHttpSession.cpp[0m:[95m96[0m [96mhandleRequest[0m] Got request: GET /ndt/get_graph_data
[2026-09-01 06:59:28.784] [info] [[94mHttpSession.cpp[0m:[95m531[0m [96mhandleGetGraphData[0m] Handle Get Graph Data
[2026-09-01 06:59:28.797] [info] [[94mHttpSession.cpp[0m:[95m576[0m [96mhandleGetGraphData[0m] get_graph_data success
[2026-09-01 06:59:29.033] [info] [[94mControllerAndOtherEventHandler.cpp[0m:[95m239[0m [96moperator()[0m] Accepted new connection
[2026-09-01 06:59:29.033] [info] [[94mHttpSession.cpp[0m:[95m96[0m [96mhandleRequest[0m] Got request: GET /ndt/get_graph_data
[2026-09-01 06:59:29.033] [info] [[94mHttpSession.cpp[0m:[95m531[0m [96mhandleGetGraphData[0m] Handle Get Graph Data
[2026-09-01 06:59:29.045] [info] [[94mHttpSession.cpp[0m:[95m576[0m [96mhandleGetGraphData[0m] get_graph_data success
[2026-09-01 06:59:29.283] [info] [[94mControllerAndOtherEventHandler.cpp[0m:[95m239[0m [96moperator()[0m] Accepted new connection
[2026-09-01 06:59:29.284] [info] [[94mHttpSession.cpp[0m:[95m96[0m [96mhandleRequest[0m] Got request: GET /ndt/get_graph_data
[2026-09-01 06:59:29.284] [info] [[94mHttpSession.cpp[0m:[95m531[0m [96mhandleGetGraphData[0m] Handle Get Graph Data
[2026-09-01 06:59:29.295] [info] [[94mHttpSession.cpp[0m:[95m576[0m [96mhandleGetGraphData[0m] get_graph_data success
[2026-09-01 06:59:29.533] [info] [[94mControllerAndOtherEventHandler.cpp[0m:[95m239[0m [96moperator()[0m] Accepted new connection
[2026-09-01 06:59:29.534] [info] [[94mHttpSession.cpp[0m:[95m96[0m [96mhandleRequest[0m] Got request: GET /ndt/get_graph_data
[2026-09-01 06:59:29.534] [info] [[94mHttpSession.cpp[0m:[95m531[0m [96mhandleGetGraphData[0m] Handle Get Graph Data
[2026-09-01 06:59:29.552] [info] [[94mHttpSession.cpp[0m:[95m576[0m [96mhandleGetGraphData[0m] get_graph_data success
[2026-09-01 06:59:29.783] [info] [[94mControllerAndOtherEventHandler.cpp[0m:[95m239[0m [96moperator()[0m] Accepted new connection
[2026-09-01 06:59:29.784] [info] [[94mHttpSession.cpp[0m:[95m96[0m [96mhandleRequest[0m] Got request: GET /ndt/get_graph_data
[2026-09-01 06:59:29.784] [info] [[94mHttpSession.cpp[0m:[95m531[0m [96mhandleGetGraphData[0m] Handle Get Graph Data
[2026-09-01 06:59:29.800] [info] [[94mHttpSession.cpp[0m:[95m576[0m [96mhandleGetGraphData[0m] get_graph_data success
[2026-09-01 06:59:30.034] [info] [[94mControllerAndOtherEventHandler.cpp[0m:[95m239[0m [96moperator()[0m] Accepted new connection
[2026-09-01 06:59:30.034] [info] [[94mHttpSession.cpp[0m:[95m96[0m [96mhandleRequest[0m] Got request: GET /ndt/get_graph_data
[2026-09-01 06:59:30.034] [info] [[94mHttpSession.cpp[0m:[95m531[0m [96mhandleGetGraphData[0m] Handle Get Graph Data
[2026-09-01 06:59:30.054] [info] [[94mHttpSession.cpp[0m:[95m576[0m [96mhandleGetGraphData[0m] get_graph_data success
[2026-09-01 06:59:30.284] [info] [[94mControllerAndOtherEventHandler.cpp[0m:[95m239[0m [96moperator()[0m] Accepted new connection
[2026-09-01 06:59:30.284] [info] [[94mHttpSession.cpp[0m:[95m96[0m [96mhandleRequest[0m] Got request: GET /ndt/get_graph_data
[2026-09-01 06:59:30.284] [info] [[94mHttpSession.cpp[0m:[95m531[0m [96mhandleGetGraphData[0m] Handle Get Graph Data
[2026-09-01 06:59:30.305] [info] [[94mHttpSession.cpp[0m:[95m576[0m [96mhandleGetGraphData[0m] get_graph_data success
[2026-09-01 06:59:30.534] [info] [[94mControllerAndOtherEventHandler.cpp[0m:[95m239[0m [96moperator()[0m] Accepted new connection
[2026-09-01 06:59:30.534] [info] [[94mHttpSession.cpp[0m:[95m96[0m [96mhandleRequest[0m] Got request: GET /ndt/get_graph_data
[2026-09-01 06:59:30.534] [info] [[94mHttpSession.cpp[0m:[95m531[0m [96mhandleGetGraphData[0m] Handle Get Graph Data
[2026-09-01 06:59:30.555] [info] [[94mHttpSession.cpp[0m:[95m576[0m [96mhandleGetGraphData[0m] get_graph_data success
[2026-09-01 06:59:30.784] [info] [[94mControllerAndOtherEventHandler.cpp[0m:[95m239[0m [96moperator()[0m] Accepted new connection
[2026-09-01 06:59:30.784] [info] [[94mHttpSession.cpp[0m:[95m96[0m [96mhandleRequest[0m] Got request: GET /ndt/get_graph_data
[2026-09-01 06:59:30.784] [info] [[94mHttpSession.cpp[0m:[95m531[0m [96mhandleGetGraphData[0m] Handle Get Graph Data
[2026-09-01 06:59:30.801] [info] [[94mHttpSession.cpp[0m:[95m576[0m [96mhandleGetGraphData[0m] get_graph_data success
[2026-09-01 06:59:31.035] [info] [[94mControllerAndOtherEventHandler.cpp[0m:[95m239[0m [96moperator()[0m] Accepted new connection
[2026-09-01 06:59:31.035] [info] [[94mHttpSession.cpp[0m:[95m96[0m [96mhandleRequest[0m] Got request: GET /ndt/get_graph_data
[2026-09-01 06:59:31.035] [info] [[94mHttpSession.cpp[0m:[95m531[0m [96mhandleGetGraphData[0m] Handle Get Graph Data
[2026-09-01 06:59:31.051] [info] [[94mHttpSession.cpp[0m:[95m576[0m [96mhandleGetGraphData[0m] get_graph_data success
[2026-09-01 06:59:31.285] [info] [[94mControllerAndOtherEventHandler.cpp[0m:[95m239[0m [96moperator()[0m] Accepted new connection
[2026-09-01 06:59:31.285] [info] [[94mHttpSession.cpp[0m:[95m96[0m [96mhandleRequest[0m] Got request: GET /ndt/get_graph_data
[2026-09-01 06:59:31.285] [info] [[94mHttpSession.cpp[0m:[95m531[0m [96mhandleGetGraphData[0m] Handle Get Graph Data
[2026-09-01 06:59:31.305] [info] [[94mHttpSession.cpp[0m:[95m576[0m [96mhandleGetGraphData[0m] get_graph_data success
[2026-09-01 06:59:31.534] [info] [[94mControllerAndOtherEventHandler.cpp[0m:[95m239[0m [96moperator()[0m] Accepted new connection
[2026-09-01 06:59:31.534] [info] [[94mHttpSession.cpp[0m:[95m96[0m [96mhandleRequest[0m] Got request: GET /ndt/get_graph_data
[2026-09-01 06:59:31.534] [info] [[94mHttpSession.cpp[0m:[95m531[0m [96mhandleGetGraphData[0m] Handle Get Graph Data
[2026-09-01 06:59:31.555] [info] [[94mHttpSession.cpp[0m:[95m576[0m [96mhandleGetGraphData[0m] get_graph_data success
[2026-09-01 06:59:31.785] [info] [[94mControllerAndOtherEventHandler.cpp[0m:[95m239[0m [96moperator()[0m] Accepted new connection
[2026-09-01 06:59:31.785] [info] [[94mHttpSession.cpp[0m:[95m96[0m [96mhandleRequest[0m] Got request: GET /ndt/get_graph_data
[2026-09-01 06:59:31.785] [info] [[94mHttpSession.cpp[0m:[95m531[0m [96mhandleGetGraphData[0m] Handle Get Graph Data
[2026-09-01 06:59:31.806] [info] [[94mHttpSession.cpp[0m:[95m576[0m [96mhandleGetGraphData[0m] get_graph_data success
[2026-09-01 06:59:32.035] [info] [[94mControllerAndOtherEventHandler.cpp[0m:[95m239[0m [96moperator()[0m] Accepted new connection
[2026-09-01 06:59:32.035] [info] [[94mHttpSession.cpp[0m:[95m96[0m [96mhandleRequest[0m] Got request: GET /ndt/get_graph_data
[2026-09-01 06:59:32.035] [info] [[94mHttpSession.cpp[0m:[95m531[0m [96mhandleGetGraphData[0m] Handle Get Graph Data
[2026-09-01 06:59:32.054] [info] [[94mHttpSession.cpp[0m:[95m576[0m [96mhandleGetGraphData[0m] get_graph_data success
[2026-09-01 06:59:32.285] [info] [[94mControllerAndOtherEventHandler.cpp[0m:[95m239[0m [96moperator()[0m] Accepted new connection
[2026-09-01 06:59:32.285] [info] [[94mHttpSession.cpp[0m:[95m96[0m [96mhandleRequest[0m] Got request: GET /ndt/get_graph_data
[2026-09-01 06:59:32.285] [info] [[94mHttpSession.cpp[0m:[95m531[0m [96mhandleGetGraphData[0m] Handle Get Graph Data
[2026-09-01 06:59:32.305] [info] [[94mHttpSession.cpp[0m:[95m576[0m [96mhandleGetGraphData[0m] get_graph_data success
[2026-09-01 06:59:32.535] [info] [[94mControllerAndOtherEventHandler.cpp[0m:[95m239[0m [96moperator()[0m] Accepted new connection
[2026-09-01 06:59:32.535] [info] [[94mHttpSession.cpp[0m:[95m96[0m [96mhandleRequest[0m] Got request: GET /ndt/get_graph_data
[2026-09-01 06:59:32.535] [info] [[94mHttpSession.cpp[0m:[95m531[0m [96mhandleGetGraphData[0m] Handle Get Graph Data
[2026-09-01 06:59:32.553] [info] [[94mHttpSession.cpp[0m:[95m576[0m [96mhandleGetGraphData[0m] get_graph_data success
[2026-09-01 06:59:32.784] [info] [[94mControllerAndOtherEventHandler.cpp[0m:[95m239[0m [96moperator()[0m] Accepted new connection
[2026-09-01 06:59:32.785] [info] [[94mHttpSession.cpp[0m:[95m96[0m [96mhandleRequest[0m] Got request: GET /ndt/get_graph_data
[2026-09-01 06:59:32.785] [info] [[94mHttpSession.cpp[0m:[95m531[0m [96mhandleGetGraphData[0m] Handle Get Graph Data
[2026-09-01 06:59:32.803] [info] [[94mHttpSession.cpp[0m:[95m576[0m [96mhandleGetGraphData[0m] get_graph_data success
