ts	iface	rx_bytes	tx_bytes
1787671084.491518869	s10-eth1	4280	4705
1787671084.491518869	s10-eth2	4553	4299
1787671084.491518869	s10-eth3	4350	2878
1787671084.491518869	s10-eth4	4553	4299
1787671084.491518869	s1-eth1	2859	4483
1787671084.491518869	s1-eth10	1352	4280
1787671084.491518869	s1-eth11	1352	4260
1787671084.491518869	s1-eth12	1352	4260
1787671084.491518869	s1-eth13	1352	4190
1787671084.491518869	s1-eth14	1422	4190
1787671084.491518869	s1-eth15	1422	4190
1787671084.491518869	s1-eth16	1422	4260
1787671084.491518869	s1-eth17	1422	4260
1787671084.491518869	s1-eth18	1422	4190
1787671084.491518869	s1-eth19	1352	4260
1787671084.491518869	s1-eth2	4483	4483
1787671084.491518869	s1-eth20	1422	4260
1787671084.491518869	s1-eth21	1422	4190
1787671084.491518869	s1-eth22	1352	4041
1787671084.491518869	s1-eth23	1422	4260
1787671084.491518869	s1-eth24	1352	4190
1787671084.491518869	s1-eth25	1422	4190
1787671084.491518869	s1-eth26	1352	4190
1787671084.491518869	s1-eth27	1352	4190
1787671084.491518869	s1-eth28	1352	4260
1787671084.491518869	s1-eth29	1352	4260
1787671084.491518869	s1-eth3	1618	4456
1787671084.491518869	s1-eth30	1352	4260
1787671084.491518869	s1-eth31	1352	4365
1787671084.491518869	s1-eth32	1352	4190
1787671084.491518869	s1-eth33	1352	4190
1787671084.491518869	s1-eth34	1352	4260
1787671084.491518869	s1-eth4	1548	4456
1787671084.491518869	s1-eth5	1352	4190
1787671084.491518869	s1-eth6	1422	4190
1787671084.491518869	s1-eth7	1422	4190
1787671084.491518869	s1-eth8	1352	4260
1787671084.491518869	s1-eth9	1422	4190
1787671084.491518869	s2-eth1	4483	4483
1787671084.491518869	s2-eth10	1422	4260
1787671084.491518869	s2-eth11	1352	4190
1787671084.491518869	s2-eth12	1352	4260
1787671084.491518869	s2-eth13	1422	4190
1787671084.491518869	s2-eth14	1422	4190
1787671084.491518869	s2-eth15	1422	4260
1787671084.491518869	s2-eth16	1422	4260
1787671084.491518869	s2-eth17	1422	4190
1787671084.491518869	s2-eth18	1422	4190
1787671084.491518869	s2-eth19	1352	4260
1787671084.491518869	s2-eth2	4413	4510
1787671084.491518869	s2-eth20	1422	4260
1787671084.491518869	s2-eth21	1422	4190
1787671084.491518869	s2-eth22	1352	4190
1787671084.491518869	s2-eth23	1352	4260
1787671084.491518869	s2-eth24	1352	4260
1787671084.491518869	s2-eth25	1352	4190
1787671084.491518869	s2-eth26	1422	4190
1787671084.491518869	s2-eth27	1422	4190
1787671084.491518869	s2-eth28	1352	4260
1787671084.491518869	s2-eth29	1422	4260
1787671084.491518869	s2-eth3	1352	4190
1787671084.491518869	s2-eth30	1422	4260
1787671084.491518869	s2-eth31	1422	4190
1787671084.491518869	s2-eth32	1352	4260
1787671084.491518869	s2-eth33	1422	4190
1787671084.491518869	s2-eth34	1352	4190
1787671084.491518869	s2-eth4	1422	4260
1787671084.491518869	s2-eth5	1422	4260
1787671084.491518869	s2-eth6	1422	4260
1787671084.491518869	s2-eth7	1352	4190
1787671084.491518869	s2-eth8	1422	4260
1787671084.491518869	s2-eth9	1352	4365
1787671084.491518869	s3-eth1	3159	4510
1787671084.491518869	s3-eth10	1352	4260
1787671084.491518869	s3-eth11	1352	4190
1787671084.491518869	s3-eth12	1352	4260
1787671084.491518869	s3-eth13	1422	4190
1787671084.491518869	s3-eth14	1352	4260
1787671084.491518869	s3-eth15	1422	4260
1787671084.491518869	s3-eth16	1352	4210
1787671084.491518869	s3-eth17	1422	4190
1787671084.491518869	s3-eth18	1352	4260
1787671084.491518869	s3-eth19	1352	4260
1787671084.491518869	s3-eth2	4580	4580
1787671084.491518869	s3-eth20	1352	4260
1787671084.491518869	s3-eth21	1352	4190
1787671084.491518869	s3-eth22	1422	4190
1787671084.491518869	s3-eth23	1352	4260
1787671084.491518869	s3-eth24	1352	4190
1787671084.491518869	s3-eth25	1352	4260
1787671084.491518869	s3-eth26	1422	4260
1787671084.491518869	s3-eth27	1352	4260
1787671084.491518869	s3-eth28	1352	4260
1787671084.491518869	s3-eth29	1422	4190
1787671084.491518869	s3-eth3	1352	4190
1787671084.491518869	s3-eth30	1422	4260
1787671084.491518869	s3-eth31	1352	4190
1787671084.491518869	s3-eth32	1352	4260
1787671084.491518869	s3-eth33	1422	4190
1787671084.491518869	s3-eth34	1352	4260
1787671084.491518869	s3-eth4	1352	4190
1787671084.491518869	s3-eth5	1422	4190
1787671084.491518869	s3-eth6	1422	4260
1787671084.491518869	s3-eth7	1352	4190
1787671084.491518869	s3-eth8	1422	4190
1787671084.491518869	s3-eth9	1422	4260
1787671084.491518869	s4-eth1	4580	4510
1787671084.491518869	s4-eth10	1422	4260
1787671084.491518869	s4-eth11	1352	4260
1787671084.491518869	s4-eth12	1352	4100
1787671084.491518869	s4-eth13	1352	4260
1787671084.491518869	s4-eth14	1352	4190
1787671084.491518869	s4-eth15	1352	4260
1787671084.491518869	s4-eth16	1352	4170
1787671084.491518869	s4-eth17	1352	4190
1787671084.491518869	s4-eth18	1422	4260
1787671084.491518869	s4-eth19	1352	4260
1787671084.491518869	s4-eth2	4580	3159
1787671084.491518869	s4-eth20	1352	4057
1787671084.491518869	s4-eth21	1422	4190
1787671084.491518869	s4-eth22	1352	4190
1787671084.491518869	s4-eth23	1422	4260
1787671084.491518869	s4-eth24	1262	4170
1787671084.491518869	s4-eth25	1332	4190
1787671084.491518869	s4-eth26	1352	4260
1787671084.491518869	s4-eth27	1352	4190
1787671084.491518869	s4-eth28	1332	4260
1787671084.491518869	s4-eth29	1352	4057
1787671084.491518869	s4-eth3	1422	4260
1787671084.491518869	s4-eth30	1262	4190
1787671084.491518869	s4-eth31	1352	4170
1787671084.491518869	s4-eth32	1352	4260
1787671084.491518869	s4-eth33	1262	4260
1787671084.491518869	s4-eth34	1422	4100
1787671084.491518869	s4-eth4	1352	4260
1787671084.491518869	s4-eth5	1422	4260
1787671084.491518869	s4-eth6	1422	4190
1787671084.491518869	s4-eth7	1352	4260
1787671084.491518869	s4-eth8	1352	4260
1787671084.491518869	s4-eth9	1352	4190
1787671084.491518869	s5-eth1	4510	2886
1787671084.491518869	s5-eth2	4510	4510
1787671084.491518869	s5-eth3	3159	4510
1787671084.491518869	s5-eth4	4733	4510
1787671084.491518869	s6-eth1	4510	4510
1787671084.491518869	s6-eth2	4510	4440
1787671084.491518869	s6-eth3	4510	4580
1787671084.491518869	s6-eth4	4530	4580
1787671084.491518869	s7-eth1	4510	3159
1787671084.491518869	s7-eth2	4510	4580
1787671084.491518869	s7-eth3	4580	2886
1787671084.491518869	s7-eth4	2906	4580
1787671084.491518869	s8-eth1	4580	4580
1787671084.491518869	s8-eth2	3159	4580
1787671084.491518869	s8-eth3	4580	3089
1787671084.491518869	s8-eth4	4530	4580
1787671084.491518869	s9-eth1	4510	3159
1787671084.491518869	s9-eth2	4580	4510
1787671084.491518869	s9-eth3	2886	4580
1787671084.491518869	s9-eth4	3089	4580
1787671087.180624654	s10-eth1	4510	4733
1787671087.180624654	s10-eth2	4580	4530
1787671087.180624654	s10-eth3	4580	2906
1787671087.180624654	s10-eth4	4580	4530
1787671087.180624654	s1-eth1	2886	4510
1787671087.180624654	s1-eth10	1422	4280
1787671087.180624654	s1-eth11	1352	4260
1787671087.180624654	s1-eth12	1352	4260
1787671087.180624654	s1-eth13	1352	4190
1787671087.180624654	s1-eth14	1422	4190
1787671087.180624654	s1-eth15	1422	4190
1787671087.180624654	s1-eth16	1422	4260
1787671087.180624654	s1-eth17	1422	4260
1787671087.180624654	s1-eth18	1422	4190
1787671087.180624654	s1-eth19	1352	4260
1787671087.180624654	s1-eth2	4510	4580
1787671087.180624654	s1-eth20	1422	4260
1787671087.180624654	s1-eth21	1422	4260
1787671087.180624654	s1-eth22	1352	4041
1787671087.180624654	s1-eth23	1422	4260
1787671087.180624654	s1-eth24	1352	4190
1787671087.180624654	s1-eth25	1422	4190
1787671087.180624654	s1-eth26	1422	4190
1787671087.180624654	s1-eth27	1352	4190
1787671087.180624654	s1-eth28	1352	4260
1787671087.180624654	s1-eth29	1422	4260
1787671087.180624654	s1-eth3	1618	4456
1787671087.180624654	s1-eth30	1352	4260
1787671087.180624654	s1-eth31	1352	4365
1787671087.180624654	s1-eth32	1422	4260
1787671087.180624654	s1-eth33	1352	4190
1787671087.180624654	s1-eth34	1352	4260
1787671087.180624654	s1-eth4	1548	4456
1787671087.180624654	s1-eth5	1422	4260
1787671087.180624654	s1-eth6	1422	4190
1787671087.180624654	s1-eth7	1422	4190
1787671087.180624654	s1-eth8	1352	4260
1787671087.180624654	s1-eth9	1422	4190
1787671087.180624654	s2-eth1	4580	4510
1787671087.180624654	s2-eth10	1422	4260
1787671087.180624654	s2-eth11	1352	4260
1787671087.180624654	s2-eth12	1422	4260
1787671087.180624654	s2-eth13	1422	4190
1787671087.180624654	s2-eth14	1422	4190
1787671087.180624654	s2-eth15	1422	4260
1787671087.180624654	s2-eth16	1422	4260
1787671087.180624654	s2-eth17	1422	4190
1787671087.180624654	s2-eth18	1422	4260
1787671087.180624654	s2-eth19	1352	4260
1787671087.180624654	s2-eth2	4440	4510
1787671087.180624654	s2-eth20	1422	4260
1787671087.180624654	s2-eth21	1422	4260
1787671087.180624654	s2-eth22	1352	4260
1787671087.180624654	s2-eth23	1422	4260
1787671087.180624654	s2-eth24	1352	4260
1787671087.180624654	s2-eth25	1352	4190
1787671087.180624654	s2-eth26	1422	4190
1787671087.180624654	s2-eth27	1422	4260
1787671087.180624654	s2-eth28	1352	4260
1787671087.180624654	s2-eth29	1422	4260
1787671087.180624654	s2-eth3	1352	4260
1787671087.180624654	s2-eth30	1422	4260
1787671087.180624654	s2-eth31	1422	4190
1787671087.180624654	s2-eth32	1422	4260
1787671087.180624654	s2-eth33	1422	4190
1787671087.180624654	s2-eth34	1352	4190
1787671087.180624654	s2-eth4	1422	4260
1787671087.180624654	s2-eth5	1422	4260
1787671087.180624654	s2-eth6	1422	4260
1787671087.180624654	s2-eth7	1352	4190
1787671087.180624654	s2-eth8	1422	4260
1787671087.180624654	s2-eth9	1422	4365
1787671087.180624654	s3-eth1	3159	4510
1787671087.180624654	s3-eth10	1352	4260
1787671087.180624654	s3-eth11	1352	4190
1787671087.180624654	s3-eth12	1352	4260
1787671087.180624654	s3-eth13	1422	4190
1787671087.180624654	s3-eth14	1352	4260
1787671087.180624654	s3-eth15	1422	4260
1787671087.180624654	s3-eth16	1352	4280
1787671087.180624654	s3-eth17	1422	4190
1787671087.180624654	s3-eth18	1352	4260
1787671087.180624654	s3-eth19	1352	4260
1787671087.180624654	s3-eth2	4580	4580
1787671087.180624654	s3-eth20	1352	4260
1787671087.180624654	s3-eth21	1352	4190
1787671087.180624654	s3-eth22	1422	4260
1787671087.180624654	s3-eth23	1352	4260
1787671087.180624654	s3-eth24	1422	4190
1787671087.180624654	s3-eth25	1422	4260
1787671087.180624654	s3-eth26	1422	4260
1787671087.180624654	s3-eth27	1352	4260
1787671087.180624654	s3-eth28	1352	4260
1787671087.180624654	s3-eth29	1422	4190
1787671087.180624654	s3-eth3	1352	4190
1787671087.180624654	s3-eth30	1422	4260
1787671087.180624654	s3-eth31	1352	4190
1787671087.180624654	s3-eth32	1352	4260
1787671087.180624654	s3-eth33	1422	4190
1787671087.180624654	s3-eth34	1352	4260
1787671087.180624654	s3-eth4	1422	4260
1787671087.180624654	s3-eth5	1422	4190
1787671087.180624654	s3-eth6	1422	4260
1787671087.180624654	s3-eth7	1352	4260
1787671087.180624654	s3-eth8	1422	4190
1787671087.180624654	s3-eth9	1422	4260
1787671087.180624654	s4-eth1	4580	4580
1787671087.180624654	s4-eth10	1422	4260
1787671087.180624654	s4-eth11	1352	4260
1787671087.180624654	s4-eth12	1352	4170
1787671087.180624654	s4-eth13	1352	4260
1787671087.180624654	s4-eth14	1352	4260
1787671087.180624654	s4-eth15	1352	4260
1787671087.180624654	s4-eth16	1352	4170
1787671087.180624654	s4-eth17	1352	4190
1787671087.180624654	s4-eth18	1422	4260
1787671087.180624654	s4-eth19	1352	4260
1787671087.180624654	s4-eth2	4580	3159
1787671087.180624654	s4-eth20	1352	4057
1787671087.180624654	s4-eth21	1422	4190
1787671087.180624654	s4-eth22	1352	4190
1787671087.180624654	s4-eth23	1422	4260
1787671087.180624654	s4-eth24	1262	4170
1787671087.180624654	s4-eth25	1332	4260
1787671087.180624654	s4-eth26	1352	4260
1787671087.180624654	s4-eth27	1352	4260
1787671087.180624654	s4-eth28	1332	4260
1787671087.180624654	s4-eth29	1352	4057
1787671087.180624654	s4-eth3	1422	4260
1787671087.180624654	s4-eth30	1262	4190
1787671087.180624654	s4-eth31	1352	4170
1787671087.180624654	s4-eth32	1352	4260
1787671087.180624654	s4-eth33	1332	4260
1787671087.180624654	s4-eth34	1422	4100
1787671087.180624654	s4-eth4	1352	4260
1787671087.180624654	s4-eth5	1422	4260
1787671087.180624654	s4-eth6	1422	4190
1787671087.180624654	s4-eth7	1352	4260
1787671087.180624654	s4-eth8	1352	4260
1787671087.180624654	s4-eth9	1422	4190
1787671087.180624654	s5-eth1	4510	2886
1787671087.180624654	s5-eth2	4510	4580
1787671087.180624654	s5-eth3	3159	4510
1787671087.180624654	s5-eth4	4733	4510
1787671087.180624654	s6-eth1	4580	4510
1787671087.180624654	s6-eth2	4510	4440
1787671087.180624654	s6-eth3	4510	4580
1787671087.180624654	s6-eth4	4530	4580
1787671087.180624654	s7-eth1	4510	3159
1787671087.180624654	s7-eth2	4580	4580
1787671087.180624654	s7-eth3	4580	2886
1787671087.180624654	s7-eth4	2906	4580
1787671087.180624654	s8-eth1	4580	4580
1787671087.180624654	s8-eth2	3159	4580
1787671087.180624654	s8-eth3	4580	3089
1787671087.180624654	s8-eth4	4530	4580
1787671087.180624654	s9-eth1	4510	3159
1787671087.180624654	s9-eth2	4580	4510
1787671087.180624654	s9-eth3	2886	4580
1787671087.180624654	s9-eth4	3089	4580
1787671089.863032794	s10-eth1	4537	4761
1787671089.863032794	s10-eth2	4607	4558
1787671089.863032794	s10-eth3	4607	3004
1787671089.863032794	s10-eth4	4607	4558
1787671089.863032794	s1-eth1	2913	4607
1787671089.863032794	s1-eth10	1422	4280
1787671089.863032794	s1-eth11	1352	4260
1787671089.863032794	s1-eth12	1352	4260
1787671089.863032794	s1-eth13	1422	4260
1787671089.863032794	s1-eth14	1422	4190
1787671089.863032794	s1-eth15	1422	4260
1787671089.863032794	s1-eth16	1422	4260
1787671089.863032794	s1-eth17	1422	4260
1787671089.863032794	s1-eth18	1422	4190
1787671089.863032794	s1-eth19	1352	4260
1787671089.863032794	s1-eth2	4607	4607
1787671089.863032794	s1-eth20	1422	4260
1787671089.863032794	s1-eth21	1422	4260
1787671089.863032794	s1-eth22	1352	4041
1787671089.863032794	s1-eth23	1422	4260
1787671089.863032794	s1-eth24	1352	4190
1787671089.863032794	s1-eth25	1422	4260
1787671089.863032794	s1-eth26	1422	4190
1787671089.863032794	s1-eth27	1352	4190
1787671089.863032794	s1-eth28	1422	4260
1787671089.863032794	s1-eth29	1422	4260
1787671089.863032794	s1-eth3	1618	4456
1787671089.863032794	s1-eth30	1352	4260
1787671089.863032794	s1-eth31	1352	4365
1787671089.863032794	s1-eth32	1422	4260
1787671089.863032794	s1-eth33	1352	4190
1787671089.863032794	s1-eth34	1352	4260
1787671089.863032794	s1-eth4	1618	4456
1787671089.863032794	s1-eth5	1422	4260
1787671089.863032794	s1-eth6	1422	4190
1787671089.863032794	s1-eth7	1422	4190
1787671089.863032794	s1-eth8	1352	4260
1787671089.863032794	s1-eth9	1422	4260
1787671089.863032794	s2-eth1	4607	4607
1787671089.863032794	s2-eth10	1422	4260
1787671089.863032794	s2-eth11	1352	4260
1787671089.863032794	s2-eth12	1422	4260
1787671089.863032794	s2-eth13	1422	4190
1787671089.863032794	s2-eth14	1422	4260
1787671089.863032794	s2-eth15	1422	4260
1787671089.863032794	s2-eth16	1422	4260
1787671089.863032794	s2-eth17	1422	4260
1787671089.863032794	s2-eth18	1422	4260
1787671089.863032794	s2-eth19	1352	4260
1787671089.863032794	s2-eth2	4467	4607
1787671089.863032794	s2-eth20	1422	4260
1787671089.863032794	s2-eth21	1422	4260
1787671089.863032794	s2-eth22	1352	4260
1787671089.863032794	s2-eth23	1422	4260
1787671089.863032794	s2-eth24	1352	4260
1787671089.863032794	s2-eth25	1422	4260
1787671089.863032794	s2-eth26	1422	4260
1787671089.863032794	s2-eth27	1422	4260
1787671089.863032794	s2-eth28	1352	4260
1787671089.863032794	s2-eth29	1422	4260
1787671089.863032794	s2-eth3	1422	4260
1787671089.863032794	s2-eth30	1422	4260
1787671089.863032794	s2-eth31	1422	4260
1787671089.863032794	s2-eth32	1422	4260
1787671089.863032794	s2-eth33	1422	4190
1787671089.863032794	s2-eth34	1352	4190
1787671089.863032794	s2-eth4	1422	4260
1787671089.863032794	s2-eth5	1422	4260
1787671089.863032794	s2-eth6	1422	4260
1787671089.863032794	s2-eth7	1352	4190
1787671089.863032794	s2-eth8	1422	4260
1787671089.863032794	s2-eth9	1422	4365
1787671089.863032794	s3-eth1	3186	4607
1787671089.863032794	s3-eth10	1352	4260
1787671089.863032794	s3-eth11	1352	4190
1787671089.863032794	s3-eth12	1352	4260
1787671089.863032794	s3-eth13	1422	4190
1787671089.863032794	s3-eth14	1352	4260
1787671089.863032794	s3-eth15	1422	4260
1787671089.863032794	s3-eth16	1352	4280
1787671089.863032794	s3-eth17	1422	4260
1787671089.863032794	s3-eth18	1352	4260
1787671089.863032794	s3-eth19	1422	4260
1787671089.863032794	s3-eth2	4607	4607
1787671089.863032794	s3-eth20	1422	4260
1787671089.863032794	s3-eth21	1352	4260
1787671089.863032794	s3-eth22	1422	4260
1787671089.863032794	s3-eth23	1352	4260
1787671089.863032794	s3-eth24	1422	4190
1787671089.863032794	s3-eth25	1422	4260
1787671089.863032794	s3-eth26	1422	4260
1787671089.863032794	s3-eth27	1422	4260
1787671089.863032794	s3-eth28	1352	4260
1787671089.863032794	s3-eth29	1422	4190
1787671089.863032794	s3-eth3	1352	4190
1787671089.863032794	s3-eth30	1422	4260
1787671089.863032794	s3-eth31	1352	4190
1787671089.863032794	s3-eth32	1352	4260
1787671089.863032794	s3-eth33	1422	4260
1787671089.863032794	s3-eth34	1352	4260
1787671089.863032794	s3-eth4	1422	4260
1787671089.863032794	s3-eth5	1422	4190
1787671089.863032794	s3-eth6	1422	4260
1787671089.863032794	s3-eth7	1422	4260
1787671089.863032794	s3-eth8	1422	4260
1787671089.863032794	s3-eth9	1422	4260
1787671089.863032794	s4-eth1	4607	4607
1787671089.863032794	s4-eth10	1422	4260
1787671089.863032794	s4-eth11	1422	4260
1787671089.863032794	s4-eth12	1352	4170
1787671089.863032794	s4-eth13	1352	4260
1787671089.863032794	s4-eth14	1352	4260
1787671089.863032794	s4-eth15	1352	4260
1787671089.863032794	s4-eth16	1352	4170
1787671089.863032794	s4-eth17	1422	4260
1787671089.863032794	s4-eth18	1422	4260
1787671089.863032794	s4-eth19	1352	4260
1787671089.863032794	s4-eth2	4607	3186
1787671089.863032794	s4-eth20	1422	4057
1787671089.863032794	s4-eth21	1422	4190
1787671089.863032794	s4-eth22	1352	4260
1787671089.863032794	s4-eth23	1422	4260
1787671089.863032794	s4-eth24	1332	4170
1787671089.863032794	s4-eth25	1332	4260
1787671089.863032794	s4-eth26	1352	4260
1787671089.863032794	s4-eth27	1422	4260
1787671089.863032794	s4-eth28	1332	4260
1787671089.863032794	s4-eth29	1352	4057
1787671089.863032794	s4-eth3	1422	4260
1787671089.863032794	s4-eth30	1262	4190
1787671089.863032794	s4-eth31	1422	4170
1787671089.863032794	s4-eth32	1422	4260
1787671089.863032794	s4-eth33	1332	4260
1787671089.863032794	s4-eth34	1422	4170
1787671089.863032794	s4-eth4	1422	4260
1787671089.863032794	s4-eth5	1422	4260
1787671089.863032794	s4-eth6	1422	4190
1787671089.863032794	s4-eth7	1352	4260
1787671089.863032794	s4-eth8	1352	4260
1787671089.863032794	s4-eth9	1422	4190
1787671089.863032794	s5-eth1	4607	2913
1787671089.863032794	s5-eth2	4607	4607
1787671089.863032794	s5-eth3	3186	4537
1787671089.863032794	s5-eth4	4761	4537
1787671089.863032794	s6-eth1	4607	4607
1787671089.863032794	s6-eth2	4607	4467
1787671089.863032794	s6-eth3	4607	4607
1787671089.863032794	s6-eth4	4558	4607
1787671089.863032794	s7-eth1	4607	3186
1787671089.863032794	s7-eth2	4607	4607
1787671089.863032794	s7-eth3	4607	2983
1787671089.863032794	s7-eth4	3004	4607
1787671089.863032794	s8-eth1	4607	4607
1787671089.863032794	s8-eth2	3186	4607
1787671089.863032794	s8-eth3	4607	3116
1787671089.863032794	s8-eth4	4558	4607
1787671089.863032794	s9-eth1	4537	3186
1787671089.863032794	s9-eth2	4607	4607
1787671089.863032794	s9-eth3	2983	4607
1787671089.863032794	s9-eth4	3116	4607
1787671092.460357390	s10-eth1	4537	4761
1787671092.460357390	s10-eth2	4607	4558
1787671092.460357390	s10-eth3	4607	3004
1787671092.460357390	s10-eth4	4607	4558
1787671092.460357390	s1-eth1	2913	4607
1787671092.460357390	s1-eth10	1422	4280
1787671092.460357390	s1-eth11	1352	4260
1787671092.460357390	s1-eth12	1352	4260
1787671092.460357390	s1-eth13	1422	4260
1787671092.460357390	s1-eth14	1422	4190
1787671092.460357390	s1-eth15	1422	4260
1787671092.460357390	s1-eth16	1422	4260
1787671092.460357390	s1-eth17	1422	4260
1787671092.460357390	s1-eth18	1422	4190
1787671092.460357390	s1-eth19	1352	4260
1787671092.460357390	s1-eth2	4607	4607
1787671092.460357390	s1-eth20	1422	4260
1787671092.460357390	s1-eth21	1422	4260
1787671092.460357390	s1-eth22	1352	4041
1787671092.460357390	s1-eth23	1422	4260
1787671092.460357390	s1-eth24	1352	4190
1787671092.460357390	s1-eth25	1422	4260
1787671092.460357390	s1-eth26	1422	4190
1787671092.460357390	s1-eth27	1352	4190
1787671092.460357390	s1-eth28	1422	4260
1787671092.460357390	s1-eth29	1422	4260
1787671092.460357390	s1-eth3	1618	4456
1787671092.460357390	s1-eth30	1352	4260
1787671092.460357390	s1-eth31	1352	4365
1787671092.460357390	s1-eth32	1422	4260
1787671092.460357390	s1-eth33	1352	4190
1787671092.460357390	s1-eth34	1352	4260
1787671092.460357390	s1-eth4	1618	4456
1787671092.460357390	s1-eth5	1422	4260
1787671092.460357390	s1-eth6	1422	4190
1787671092.460357390	s1-eth7	1422	4190
1787671092.460357390	s1-eth8	1352	4260
1787671092.460357390	s1-eth9	1422	4260
1787671092.460357390	s2-eth1	4607	4607
1787671092.460357390	s2-eth10	1422	4260
1787671092.460357390	s2-eth11	1352	4260
1787671092.460357390	s2-eth12	1422	4260
1787671092.460357390	s2-eth13	1422	4190
1787671092.460357390	s2-eth14	1422	4260
1787671092.460357390	s2-eth15	1422	4260
1787671092.460357390	s2-eth16	1422	4260
1787671092.460357390	s2-eth17	1422	4260
1787671092.460357390	s2-eth18	1422	4260
1787671092.460357390	s2-eth19	1352	4260
1787671092.460357390	s2-eth2	4467	4607
1787671092.460357390	s2-eth20	1422	4260
1787671092.460357390	s2-eth21	1422	4260
1787671092.460357390	s2-eth22	1352	4260
1787671092.460357390	s2-eth23	1422	4260
1787671092.460357390	s2-eth24	1352	4260
1787671092.460357390	s2-eth25	1422	4260
1787671092.460357390	s2-eth26	1422	4260
1787671092.460357390	s2-eth27	1422	4260
1787671092.460357390	s2-eth28	1352	4260
1787671092.460357390	s2-eth29	1422	4260
1787671092.460357390	s2-eth3	1422	4260
1787671092.460357390	s2-eth30	1422	4260
1787671092.460357390	s2-eth31	1422	4260
1787671092.460357390	s2-eth32	1422	4260
1787671092.460357390	s2-eth33	1422	4190
1787671092.460357390	s2-eth34	1352	4190
1787671092.460357390	s2-eth4	1422	4260
1787671092.460357390	s2-eth5	1422	4260
1787671092.460357390	s2-eth6	1422	4260
1787671092.460357390	s2-eth7	1352	4190
1787671092.460357390	s2-eth8	1422	4260
1787671092.460357390	s2-eth9	1422	4365
1787671092.460357390	s3-eth1	3186	4607
1787671092.460357390	s3-eth10	1352	4260
1787671092.460357390	s3-eth11	1352	4190
1787671092.460357390	s3-eth12	1352	4260
1787671092.460357390	s3-eth13	1422	4190
1787671092.460357390	s3-eth14	1352	4260
1787671092.460357390	s3-eth15	1422	4260
1787671092.460357390	s3-eth16	1352	4280
1787671092.460357390	s3-eth17	1422	4260
1787671092.460357390	s3-eth18	1352	4260
1787671092.460357390	s3-eth19	1422	4260
1787671092.460357390	s3-eth2	4607	4607
1787671092.460357390	s3-eth20	1422	4260
1787671092.460357390	s3-eth21	1352	4260
1787671092.460357390	s3-eth22	1422	4260
1787671092.460357390	s3-eth23	1352	4260
1787671092.460357390	s3-eth24	1422	4190
1787671092.460357390	s3-eth25	1422	4260
1787671092.460357390	s3-eth26	1422	4260
1787671092.460357390	s3-eth27	1422	4260
1787671092.460357390	s3-eth28	1352	4260
1787671092.460357390	s3-eth29	1422	4190
1787671092.460357390	s3-eth3	1352	4190
1787671092.460357390	s3-eth30	1422	4260
1787671092.460357390	s3-eth31	1352	4190
1787671092.460357390	s3-eth32	1352	4260
1787671092.460357390	s3-eth33	1422	4260
1787671092.460357390	s3-eth34	1352	4260
1787671092.460357390	s3-eth4	1422	4260
1787671092.460357390	s3-eth5	1422	4190
1787671092.460357390	s3-eth6	1422	4260
1787671092.460357390	s3-eth7	1422	4260
1787671092.460357390	s3-eth8	1422	4260
1787671092.460357390	s3-eth9	1422	4260
1787671092.460357390	s4-eth1	4607	4607
1787671092.460357390	s4-eth10	1422	4260
1787671092.460357390	s4-eth11	1422	4260
1787671092.460357390	s4-eth12	1352	4170
1787671092.460357390	s4-eth13	1352	4260
1787671092.460357390	s4-eth14	1352	4260
1787671092.460357390	s4-eth15	1352	4260
1787671092.460357390	s4-eth16	1352	4170
1787671092.460357390	s4-eth17	1422	4260
1787671092.460357390	s4-eth18	1422	4260
1787671092.460357390	s4-eth19	1352	4260
1787671092.460357390	s4-eth2	4607	3186
1787671092.460357390	s4-eth20	1422	4057
1787671092.460357390	s4-eth21	1422	4190
1787671092.460357390	s4-eth22	1352	4260
1787671092.460357390	s4-eth23	1422	4260
1787671092.460357390	s4-eth24	1332	4170
1787671092.460357390	s4-eth25	1332	4260
1787671092.460357390	s4-eth26	1352	4260
1787671092.460357390	s4-eth27	1422	4260
1787671092.460357390	s4-eth28	1332	4260
1787671092.460357390	s4-eth29	1352	4057
1787671092.460357390	s4-eth3	1422	4260
1787671092.460357390	s4-eth30	1262	4190
1787671092.460357390	s4-eth31	1422	4170
1787671092.460357390	s4-eth32	1422	4260
1787671092.460357390	s4-eth33	1332	4260
1787671092.460357390	s4-eth34	1422	4170
1787671092.460357390	s4-eth4	1422	4260
1787671092.460357390	s4-eth5	1422	4260
1787671092.460357390	s4-eth6	1422	4190
1787671092.460357390	s4-eth7	1352	4260
1787671092.460357390	s4-eth8	1352	4260
1787671092.460357390	s4-eth9	1422	4190
1787671092.460357390	s5-eth1	4607	2913
1787671092.460357390	s5-eth2	4607	4607
1787671092.460357390	s5-eth3	3186	4537
1787671092.460357390	s5-eth4	4761	4537
1787671092.460357390	s6-eth1	4607	4607
1787671092.460357390	s6-eth2	4607	4467
1787671092.460357390	s6-eth3	4607	4607
1787671092.460357390	s6-eth4	4558	4607
1787671092.460357390	s7-eth1	4607	3186
1787671092.460357390	s7-eth2	4607	4607
1787671092.460357390	s7-eth3	4607	2983
1787671092.460357390	s7-eth4	3004	4607
1787671092.460357390	s8-eth1	4607	4607
1787671092.460357390	s8-eth2	3186	4607
1787671092.460357390	s8-eth3	4607	3116
1787671092.460357390	s8-eth4	4558	4607
1787671092.460357390	s9-eth1	4537	3186
1787671092.460357390	s9-eth2	4607	4607
1787671092.460357390	s9-eth3	2983	4607
1787671092.460357390	s9-eth4	3116	4607
1787671095.151270315	s10-eth1	4634	4789
1787671095.151270315	s10-eth2	4634	4586
1787671095.151270315	s10-eth3	4634	3032
1787671095.151270315	s10-eth4	4634	4586
1787671095.151270315	s1-eth1	2940	4634
1787671095.151270315	s1-eth10	1422	4280
1787671095.151270315	s1-eth11	1422	4260
1787671095.151270315	s1-eth12	1352	4260
1787671095.151270315	s1-eth13	1422	4260
1787671095.151270315	s1-eth14	1422	4190
1787671095.151270315	s1-eth15	1422	4260
1787671095.151270315	s1-eth16	1422	4260
1787671095.151270315	s1-eth17	1422	4260
1787671095.151270315	s1-eth18	1422	4190
1787671095.151270315	s1-eth19	1422	4260
1787671095.151270315	s1-eth2	4634	4634
1787671095.151270315	s1-eth20	1422	4260
1787671095.151270315	s1-eth21	1422	4260
1787671095.151270315	s1-eth22	1422	4041
1787671095.151270315	s1-eth23	1422	4260
1787671095.151270315	s1-eth24	1352	4190
1787671095.151270315	s1-eth25	1422	4260
1787671095.151270315	s1-eth26	1422	4190
1787671095.151270315	s1-eth27	1422	4260
1787671095.151270315	s1-eth28	1422	4260
1787671095.151270315	s1-eth29	1422	4260
1787671095.151270315	s1-eth3	1618	4456
1787671095.151270315	s1-eth30	1422	4260
1787671095.151270315	s1-eth31	1422	4365
1787671095.151270315	s1-eth32	1422	4260
1787671095.151270315	s1-eth33	1352	4260
1787671095.151270315	s1-eth34	1352	4260
1787671095.151270315	s1-eth4	1618	4456
1787671095.151270315	s1-eth5	1422	4260
1787671095.151270315	s1-eth6	1422	4190
1787671095.151270315	s1-eth7	1422	4190
1787671095.151270315	s1-eth8	1422	4260
1787671095.151270315	s1-eth9	1422	4260
1787671095.151270315	s2-eth1	4634	4634
1787671095.151270315	s2-eth10	1422	4260
1787671095.151270315	s2-eth11	1422	4260
1787671095.151270315	s2-eth12	1422	4260
1787671095.151270315	s2-eth13	1422	4190
1787671095.151270315	s2-eth14	1422	4260
1787671095.151270315	s2-eth15	1422	4260
1787671095.151270315	s2-eth16	1422	4260
1787671095.151270315	s2-eth17	1422	4260
1787671095.151270315	s2-eth18	1422	4260
1787671095.151270315	s2-eth19	1422	4260
1787671095.151270315	s2-eth2	4564	4634
1787671095.151270315	s2-eth20	1422	4260
1787671095.151270315	s2-eth21	1422	4260
1787671095.151270315	s2-eth22	1352	4260
1787671095.151270315	s2-eth23	1422	4260
1787671095.151270315	s2-eth24	1422	4260
1787671095.151270315	s2-eth25	1422	4260
1787671095.151270315	s2-eth26	1422	4260
1787671095.151270315	s2-eth27	1422	4260
1787671095.151270315	s2-eth28	1352	4260
1787671095.151270315	s2-eth29	1422	4260
1787671095.151270315	s2-eth3	1422	4260
1787671095.151270315	s2-eth30	1422	4260
1787671095.151270315	s2-eth31	1422	4260
1787671095.151270315	s2-eth32	1422	4260
1787671095.151270315	s2-eth33	1422	4260
1787671095.151270315	s2-eth34	1352	4190
1787671095.151270315	s2-eth4	1422	4260
1787671095.151270315	s2-eth5	1422	4260
1787671095.151270315	s2-eth6	1422	4260
1787671095.151270315	s2-eth7	1352	4260
1787671095.151270315	s2-eth8	1422	4260
1787671095.151270315	s2-eth9	1422	4365
1787671095.151270315	s3-eth1	3213	4634
1787671095.151270315	s3-eth10	1352	4260
1787671095.151270315	s3-eth11	1422	4190
1787671095.151270315	s3-eth12	1352	4260
1787671095.151270315	s3-eth13	1422	4190
1787671095.151270315	s3-eth14	1422	4260
1787671095.151270315	s3-eth15	1422	4260
1787671095.151270315	s3-eth16	1352	4280
1787671095.151270315	s3-eth17	1422	4260
1787671095.151270315	s3-eth18	1422	4260
1787671095.151270315	s3-eth19	1422	4260
1787671095.151270315	s3-eth2	4634	4634
1787671095.151270315	s3-eth20	1422	4260
1787671095.151270315	s3-eth21	1422	4260
1787671095.151270315	s3-eth22	1422	4260
1787671095.151270315	s3-eth23	1352	4260
1787671095.151270315	s3-eth24	1422	4260
1787671095.151270315	s3-eth25	1422	4260
1787671095.151270315	s3-eth26	1422	4260
1787671095.151270315	s3-eth27	1422	4260
1787671095.151270315	s3-eth28	1352	4260
1787671095.151270315	s3-eth29	1422	4190
1787671095.151270315	s3-eth3	1352	4260
1787671095.151270315	s3-eth30	1422	4260
1787671095.151270315	s3-eth31	1422	4190
1787671095.151270315	s3-eth32	1422	4260
1787671095.151270315	s3-eth33	1422	4260
1787671095.151270315	s3-eth34	1422	4260
1787671095.151270315	s3-eth4	1422	4260
1787671095.151270315	s3-eth5	1422	4190
1787671095.151270315	s3-eth6	1422	4260
1787671095.151270315	s3-eth7	1422	4260
1787671095.151270315	s3-eth8	1422	4260
1787671095.151270315	s3-eth9	1422	4260
1787671095.151270315	s4-eth1	4634	4634
1787671095.151270315	s4-eth10	1422	4260
1787671095.151270315	s4-eth11	1422	4260
1787671095.151270315	s4-eth12	1352	4170
1787671095.151270315	s4-eth13	1352	4260
1787671095.151270315	s4-eth14	1352	4260
1787671095.151270315	s4-eth15	1352	4260
1787671095.151270315	s4-eth16	1352	4170
1787671095.151270315	s4-eth17	1422	4260
1787671095.151270315	s4-eth18	1422	4260
1787671095.151270315	s4-eth19	1352	4260
1787671095.151270315	s4-eth2	4634	3213
1787671095.151270315	s4-eth20	1422	4057
1787671095.151270315	s4-eth21	1422	4260
1787671095.151270315	s4-eth22	1352	4260
1787671095.151270315	s4-eth23	1422	4260
1787671095.151270315	s4-eth24	1332	4170
1787671095.151270315	s4-eth25	1332	4260
1787671095.151270315	s4-eth26	1352	4260
1787671095.151270315	s4-eth27	1422	4260
1787671095.151270315	s4-eth28	1332	4260
1787671095.151270315	s4-eth29	1422	4057
1787671095.151270315	s4-eth3	1422	4260
1787671095.151270315	s4-eth30	1332	4260
1787671095.151270315	s4-eth31	1422	4170
1787671095.151270315	s4-eth32	1422	4260
1787671095.151270315	s4-eth33	1332	4260
1787671095.151270315	s4-eth34	1422	4170
1787671095.151270315	s4-eth4	1422	4260
1787671095.151270315	s4-eth5	1422	4260
1787671095.151270315	s4-eth6	1422	4190
1787671095.151270315	s4-eth7	1422	4260
1787671095.151270315	s4-eth8	1422	4260
1787671095.151270315	s4-eth9	1422	4190
1787671095.151270315	s5-eth1	4634	2940
1787671095.151270315	s5-eth2	4634	4634
1787671095.151270315	s5-eth3	3213	4634
1787671095.151270315	s5-eth4	4789	4634
1787671095.151270315	s6-eth1	4634	4634
1787671095.151270315	s6-eth2	4634	4564
1787671095.151270315	s6-eth3	4634	4634
1787671095.151270315	s6-eth4	4586	4634
1787671095.151270315	s7-eth1	4634	3213
1787671095.151270315	s7-eth2	4634	4634
1787671095.151270315	s7-eth3	4634	3010
1787671095.151270315	s7-eth4	3032	4634
1787671095.151270315	s8-eth1	4634	4634
1787671095.151270315	s8-eth2	3213	4634
1787671095.151270315	s8-eth3	4634	3213
1787671095.151270315	s8-eth4	4586	4634
1787671095.151270315	s9-eth1	4634	3213
1787671095.151270315	s9-eth2	4634	4634
1787671095.151270315	s9-eth3	3010	4634
1787671095.151270315	s9-eth4	3213	4634
1787671097.825080421	s10-eth1	4634	4789
1787671097.825080421	s10-eth2	4634	4586
1787671097.825080421	s10-eth3	4634	3032
1787671097.825080421	s10-eth4	4634	4586
1787671097.825080421	s1-eth1	3010	4634
1787671097.825080421	s1-eth10	1422	4280
1787671097.825080421	s1-eth11	1422	4260
1787671097.825080421	s1-eth12	1352	4260
1787671097.825080421	s1-eth13	1422	4260
1787671097.825080421	s1-eth14	1422	4190
1787671097.825080421	s1-eth15	1422	4260
1787671097.825080421	s1-eth16	1422	4260
1787671097.825080421	s1-eth17	1422	4260
1787671097.825080421	s1-eth18	1422	4260
1787671097.825080421	s1-eth19	1422	4260
1787671097.825080421	s1-eth2	4634	4634
1787671097.825080421	s1-eth20	1422	4260
1787671097.825080421	s1-eth21	1422	4260
1787671097.825080421	s1-eth22	1422	4041
1787671097.825080421	s1-eth23	1422	4260
1787671097.825080421	s1-eth24	1422	4190
1787671097.825080421	s1-eth25	1422	4260
1787671097.825080421	s1-eth26	1422	4260
1787671097.825080421	s1-eth27	1422	4260
1787671097.825080421	s1-eth28	1422	4260
1787671097.825080421	s1-eth29	1422	4260
1787671097.825080421	s1-eth3	1618	4456
1787671097.825080421	s1-eth30	1422	4260
1787671097.825080421	s1-eth31	1422	4365
1787671097.825080421	s1-eth32	1422	4260
1787671097.825080421	s1-eth33	1422	4260
1787671097.825080421	s1-eth34	1352	4260
1787671097.825080421	s1-eth4	1618	4456
1787671097.825080421	s1-eth5	1422	4260
1787671097.825080421	s1-eth6	1422	4190
1787671097.825080421	s1-eth7	1422	4190
1787671097.825080421	s1-eth8	1422	4260
1787671097.825080421	s1-eth9	1422	4260
1787671097.825080421	s2-eth1	4634	4634
1787671097.825080421	s2-eth10	1422	4260
1787671097.825080421	s2-eth11	1422	4260
1787671097.825080421	s2-eth12	1422	4260
1787671097.825080421	s2-eth13	1422	4190
1787671097.825080421	s2-eth14	1422	4260
1787671097.825080421	s2-eth15	1422	4260
1787671097.825080421	s2-eth16	1422	4260
1787671097.825080421	s2-eth17	1422	4260
1787671097.825080421	s2-eth18	1422	4260
1787671097.825080421	s2-eth19	1422	4260
1787671097.825080421	s2-eth2	4564	4634
1787671097.825080421	s2-eth20	1422	4260
1787671097.825080421	s2-eth21	1422	4260
1787671097.825080421	s2-eth22	1422	4260
1787671097.825080421	s2-eth23	1422	4260
1787671097.825080421	s2-eth24	1422	4260
1787671097.825080421	s2-eth25	1422	4260
1787671097.825080421	s2-eth26	1422	4260
1787671097.825080421	s2-eth27	1422	4260
1787671097.825080421	s2-eth28	1422	4260
1787671097.825080421	s2-eth29	1422	4260
1787671097.825080421	s2-eth3	1422	4260
1787671097.825080421	s2-eth30	1422	4260
1787671097.825080421	s2-eth31	1422	4260
1787671097.825080421	s2-eth32	1422	4260
1787671097.825080421	s2-eth33	1422	4260
1787671097.825080421	s2-eth34	1352	4260
1787671097.825080421	s2-eth4	1422	4260
1787671097.825080421	s2-eth5	1422	4260
1787671097.825080421	s2-eth6	1422	4260
1787671097.825080421	s2-eth7	1352	4260
1787671097.825080421	s2-eth8	1422	4260
1787671097.825080421	s2-eth9	1422	4365
1787671097.825080421	s3-eth1	3213	4634
1787671097.825080421	s3-eth10	1352	4260
1787671097.825080421	s3-eth11	1422	4260
1787671097.825080421	s3-eth12	1352	4260
1787671097.825080421	s3-eth13	1422	4190
1787671097.825080421	s3-eth14	1422	4260
1787671097.825080421	s3-eth15	1422	4260
1787671097.825080421	s3-eth16	1352	4280
1787671097.825080421	s3-eth17	1422	4260
1787671097.825080421	s3-eth18	1422	4260
1787671097.825080421	s3-eth19	1422	4260
1787671097.825080421	s3-eth2	4634	4634
1787671097.825080421	s3-eth20	1422	4260
1787671097.825080421	s3-eth21	1422	4260
1787671097.825080421	s3-eth22	1422	4260
1787671097.825080421	s3-eth23	1422	4260
1787671097.825080421	s3-eth24	1422	4260
1787671097.825080421	s3-eth25	1422	4260
1787671097.825080421	s3-eth26	1422	4260
1787671097.825080421	s3-eth27	1422	4260
1787671097.825080421	s3-eth28	1422	4260
1787671097.825080421	s3-eth29	1422	4260
1787671097.825080421	s3-eth3	1422	4260
1787671097.825080421	s3-eth30	1422	4260
1787671097.825080421	s3-eth31	1422	4190
1787671097.825080421	s3-eth32	1422	4260
1787671097.825080421	s3-eth33	1422	4260
1787671097.825080421	s3-eth34	1422	4260
1787671097.825080421	s3-eth4	1422	4260
1787671097.825080421	s3-eth5	1422	4190
1787671097.825080421	s3-eth6	1422	4260
1787671097.825080421	s3-eth7	1422	4260
1787671097.825080421	s3-eth8	1422	4260
1787671097.825080421	s3-eth9	1422	4260
1787671097.825080421	s4-eth1	4634	4634
1787671097.825080421	s4-eth10	1422	4260
1787671097.825080421	s4-eth11	1422	4260
1787671097.825080421	s4-eth12	1352	4170
1787671097.825080421	s4-eth13	1352	4260
1787671097.825080421	s4-eth14	1352	4260
1787671097.825080421	s4-eth15	1422	4260
1787671097.825080421	s4-eth16	1422	4170
1787671097.825080421	s4-eth17	1422	4260
1787671097.825080421	s4-eth18	1422	4260
1787671097.825080421	s4-eth19	1352	4260
1787671097.825080421	s4-eth2	4634	3213
1787671097.825080421	s4-eth20	1422	4057
1787671097.825080421	s4-eth21	1422	4260
1787671097.825080421	s4-eth22	1352	4260
1787671097.825080421	s4-eth23	1422	4260
1787671097.825080421	s4-eth24	1332	4170
1787671097.825080421	s4-eth25	1332	4260
1787671097.825080421	s4-eth26	1352	4260
1787671097.825080421	s4-eth27	1422	4260
1787671097.825080421	s4-eth28	1332	4260
1787671097.825080421	s4-eth29	1422	4057
1787671097.825080421	s4-eth3	1422	4260
1787671097.825080421	s4-eth30	1332	4260
1787671097.825080421	s4-eth31	1422	4170
1787671097.825080421	s4-eth32	1422	4260
1787671097.825080421	s4-eth33	1332	4260
1787671097.825080421	s4-eth34	1422	4170
1787671097.825080421	s4-eth4	1422	4260
1787671097.825080421	s4-eth5	1422	4260
1787671097.825080421	s4-eth6	1422	4190
1787671097.825080421	s4-eth7	1422	4260
1787671097.825080421	s4-eth8	1422	4260
1787671097.825080421	s4-eth9	1422	4190
1787671097.825080421	s5-eth1	4634	3010
1787671097.825080421	s5-eth2	4634	4634
1787671097.825080421	s5-eth3	3213	4634
1787671097.825080421	s5-eth4	4789	4634
1787671097.825080421	s6-eth1	4634	4634
1787671097.825080421	s6-eth2	4634	4564
1787671097.825080421	s6-eth3	4634	4634
1787671097.825080421	s6-eth4	4586	4634
1787671097.825080421	s7-eth1	4915	3678
1787671097.825080421	s7-eth2	4856	5437
1787671097.825080421	s7-eth3	4634	4666
1787671097.825080421	s7-eth4	6234	4634
1787671097.825080421	s8-eth1	4634	4634
1787671097.825080421	s8-eth2	3213	4634
1787671097.825080421	s8-eth3	4634	3213
1787671097.825080421	s8-eth4	4586	4634
1787671097.825080421	s9-eth1	4634	7193
1787671097.825080421	s9-eth2	4634	4634
1787671097.825080421	s9-eth3	6990	4634
1787671097.825080421	s9-eth4	3213	4634
1787671100.546395578	s10-eth1	13445020	4817
1787671100.546395578	s10-eth2	4661	4614
1787671100.546395578	s10-eth3	4661	13332253
1787671100.546395578	s10-eth4	4661	4614
1787671100.546395578	s1-eth1	7465	18945741
1787671100.546395578	s1-eth10	1422	4280
1787671100.546395578	s1-eth11	1362072	4847
1787671100.546395578	s1-eth12	1352	4260
1787671100.546395578	s1-eth13	1422	4260
1787671100.546395578	s1-eth14	1422	4190
1787671100.546395578	s1-eth15	1383702	4847
1787671100.546395578	s1-eth16	1422	4260
1787671100.546395578	s1-eth17	1422	4260
1787671100.546395578	s1-eth18	1422	4260
1787671100.546395578	s1-eth19	5551017	4847
1787671100.546395578	s1-eth2	4661	4661
1787671100.546395578	s1-eth20	1422	4260
1787671100.546395578	s1-eth21	1422	4260
1787671100.546395578	s1-eth22	1422	4041
1787671100.546395578	s1-eth23	1409580	4780
1787671100.546395578	s1-eth24	1422	4190
1787671100.546395578	s1-eth25	1422	4260
1787671100.546395578	s1-eth26	1422	4260
1787671100.546395578	s1-eth27	1426818	4780
1787671100.546395578	s1-eth28	1422	4260
1787671100.546395578	s1-eth29	1422	4260
1787671100.546395578	s1-eth3	5803629	5043
1787671100.546395578	s1-eth30	1422	4260
1787671100.546395578	s1-eth31	1462868	4885
1787671100.546395578	s1-eth32	1422	4260
1787671100.546395578	s1-eth33	1422	4260
1787671100.546395578	s1-eth34	1352	4260
1787671100.546395578	s1-eth4	1618	4456
1787671100.546395578	s1-eth5	1422	4260
1787671100.546395578	s1-eth6	1422	4190
1787671100.546395578	s1-eth7	1506128	4710
1787671100.546395578	s1-eth8	1422	4260
1787671100.546395578	s1-eth9	1422	4260
1787671100.546395578	s2-eth1	10033430	4829426
1787671100.546395578	s2-eth10	1422	4260
1787671100.546395578	s2-eth11	1522212	4914
1787671100.546395578	s2-eth12	1422	4260
1787671100.546395578	s2-eth13	1422	4190
1787671100.546395578	s2-eth14	1422	4260
1787671100.546395578	s2-eth15	1503376	4780
1787671100.546395578	s2-eth16	1422	4260
1787671100.546395578	s2-eth17	1422	4260
1787671100.546395578	s2-eth18	1422	4260
1787671100.546395578	s2-eth19	2009	5716801
1787671100.546395578	s2-eth2	4591	4661
1787671100.546395578	s2-eth20	1422	4260
1787671100.546395578	s2-eth21	1422	4260
1787671100.546395578	s2-eth22	1422	4260
1787671100.546395578	s2-eth23	1942	1503264
1787671100.546395578	s2-eth24	1422	4260
1787671100.546395578	s2-eth25	1422	4260
1787671100.546395578	s2-eth26	1422	4260
1787671100.546395578	s2-eth27	1942	1540690
1787671100.546395578	s2-eth28	1422	4260
1787671100.546395578	s2-eth29	1422	4260
1787671100.546395578	s2-eth3	328092	4847
1787671100.546395578	s2-eth30	1422	4260
1787671100.546395578	s2-eth31	1942	1594044
1787671100.546395578	s2-eth32	1422	4260
1787671100.546395578	s2-eth33	1422	4260
1787671100.546395578	s2-eth34	1352	4260
1787671100.546395578	s2-eth4	1422	4260
1787671100.546395578	s2-eth5	1422	4260
1787671100.546395578	s2-eth6	1422	4260
1787671100.546395578	s2-eth7	1715370	4914
1787671100.546395578	s2-eth8	1422	4260
1787671100.546395578	s2-eth9	1422	4365
1787671100.546395578	s3-eth1	11136536	5553156
1787671100.546395578	s3-eth10	1352	4260
1787671100.546395578	s3-eth11	2009	1637382
1787671100.546395578	s3-eth12	1352	4260
1787671100.546395578	s3-eth13	1422	4190
1787671100.546395578	s3-eth14	1422	4260
1787671100.546395578	s3-eth15	2009	1689294
1787671100.546395578	s3-eth16	1352	4280
1787671100.546395578	s3-eth17	1422	4260
1787671100.546395578	s3-eth18	1422	4260
1787671100.546395578	s3-eth19	377120	4847
1787671100.546395578	s3-eth2	4661	4661
1787671100.546395578	s3-eth20	1422	4260
1787671100.546395578	s3-eth21	1422	4260
1787671100.546395578	s3-eth22	1422	4260
1787671100.546395578	s3-eth23	1951706	4780
1787671100.546395578	s3-eth24	1422	4260
1787671100.546395578	s3-eth25	1422	4260
1787671100.546395578	s3-eth26	1422	4260
1787671100.546395578	s3-eth27	2002254	4847
1787671100.546395578	s3-eth28	1422	4260
1787671100.546395578	s3-eth29	1422	4260
1787671100.546395578	s3-eth3	2009	7396731
1787671100.546395578	s3-eth30	1422	4260
1787671100.546395578	s3-eth31	2022574	4777
1787671100.546395578	s3-eth32	1422	4260
1787671100.546395578	s3-eth33	1422	4260
1787671100.546395578	s3-eth34	1422	4260
1787671100.546395578	s3-eth4	1422	4260
1787671100.546395578	s3-eth5	1422	4190
1787671100.546395578	s3-eth6	1422	4260
1787671100.546395578	s3-eth7	1942	1951660
1787671100.546395578	s3-eth8	1422	4260
1787671100.546395578	s3-eth9	1422	4260
1787671100.546395578	s4-eth1	13382515	9424
1787671100.546395578	s4-eth10	1422	4260
1787671100.546395578	s4-eth11	2076	2104590
1787671100.546395578	s4-eth12	1422	4170
1787671100.546395578	s4-eth13	1352	4260
1787671100.546395578	s4-eth14	1352	4260
1787671100.546395578	s4-eth15	2009	2110346
1787671100.546395578	s4-eth16	1422	4170
1787671100.546395578	s4-eth17	1422	4260
1787671100.546395578	s4-eth18	1422	4260
1787671100.546395578	s4-eth19	2009	454942
1787671100.546395578	s4-eth2	4661	3240
1787671100.546395578	s4-eth20	1422	4057
1787671100.546395578	s4-eth21	1422	4260
1787671100.546395578	s4-eth22	1352	4260
1787671100.546395578	s4-eth23	1942	2306392
1787671100.546395578	s4-eth24	1332	4170
1787671100.546395578	s4-eth25	1332	4260
1787671100.546395578	s4-eth26	1422	4260
1787671100.546395578	s4-eth27	2009	2355498
1787671100.546395578	s4-eth28	1332	4260
1787671100.546395578	s4-eth29	1422	4057
1787671100.546395578	s4-eth3	2009	467842
1787671100.546395578	s4-eth30	1332	4260
1787671100.546395578	s4-eth31	2009	2374286
1787671100.546395578	s4-eth32	1422	4260
1787671100.546395578	s4-eth33	1332	4260
1787671100.546395578	s4-eth34	1422	4170
1787671100.546395578	s4-eth4	1422	4260
1787671100.546395578	s4-eth5	1422	4260
1787671100.546395578	s4-eth6	1422	4190
1787671100.546395578	s4-eth7	2076	2416062
1787671100.546395578	s4-eth8	1422	4260
1787671100.546395578	s4-eth9	1422	4190
1787671100.546395578	s5-eth1	34340533	7465
1787671100.546395578	s5-eth2	8037876	17032898
1787671100.546395578	s5-eth3	8003	4661
1787671100.546395578	s5-eth4	4817	25295376
1787671100.546395578	s6-eth1	4661	4661
1787671100.546395578	s6-eth2	4661	4591
1787671100.546395578	s6-eth3	4661	4661
1787671100.546395578	s6-eth4	4614	4661
1787671100.546395578	s7-eth1	8277094	17057388
1787671100.546395578	s7-eth2	9424	16419367
1787671100.546395578	s7-eth3	4661	7800
1787671100.546395578	s7-eth4	25772387	4661
1787671100.546395578	s8-eth1	4661	4661
1787671100.546395578	s8-eth2	3240	4661
1787671100.546395578	s8-eth3	4661	3240
1787671100.546395578	s8-eth4	4684	4661
1787671100.546395578	s9-eth1	4661	8003
1787671100.546395578	s9-eth2	4661	4661
1787671100.546395578	s9-eth3	7800	4661
1787671100.546395578	s9-eth4	3240	4661
1787671104.723913319	s10-eth1	40171075	4845
1787671104.723913319	s10-eth2	4688	4642
1787671104.723913319	s10-eth3	4688	39974673
1787671104.723913319	s10-eth4	4688	4712
1787671104.723913319	s1-eth1	7492	55850874
1787671104.723913319	s1-eth10	1422	4280
1787671104.723913319	s1-eth11	4060054	4847
1787671104.723913319	s1-eth12	1422	4260
1787671104.723913319	s1-eth13	1422	4260
1787671104.723913319	s1-eth14	1422	4260
1787671104.723913319	s1-eth15	4093220	4847
1787671104.723913319	s1-eth16	1422	4260
1787671104.723913319	s1-eth17	1422	4260
1787671104.723913319	s1-eth18	1422	4260
1787671104.723913319	s1-eth19	16393415	4847
1787671104.723913319	s1-eth2	4688	4688
1787671104.723913319	s1-eth20	1422	4260
1787671104.723913319	s1-eth21	1422	4260
1787671104.723913319	s1-eth22	1422	4041
1787671104.723913319	s1-eth23	4129192	4780
1787671104.723913319	s1-eth24	1422	4260
1787671104.723913319	s1-eth25	1422	4260
1787671104.723913319	s1-eth26	1422	4260
1787671104.723913319	s1-eth27	4137778	4780
1787671104.723913319	s1-eth28	1422	4260
1787671104.723913319	s1-eth29	1422	4260
1787671104.723913319	s1-eth3	16647469	5043
1787671104.723913319	s1-eth30	1422	4260
1787671104.723913319	s1-eth31	4166618	4885
1787671104.723913319	s1-eth32	1422	4260
1787671104.723913319	s1-eth33	1422	4260
1787671104.723913319	s1-eth34	1352	4260
1787671104.723913319	s1-eth4	1618	4456
1787671104.723913319	s1-eth5	1422	4260
1787671104.723913319	s1-eth6	1422	4260
1787671104.723913319	s1-eth7	4202668	4710
1787671104.723913319	s1-eth8	1422	4260
1787671104.723913319	s1-eth9	1422	4260
1787671104.723913319	s2-eth1	28697263	13468475
1787671104.723913319	s2-eth10	1422	4260
1787671104.723913319	s2-eth11	4241824	4914
1787671104.723913319	s2-eth12	1422	4260
1787671104.723913319	s2-eth13	1422	4190
1787671104.723913319	s2-eth14	1422	4260
1787671104.723913319	s2-eth15	4259038	4780
1787671104.723913319	s2-eth16	1422	4260
1787671104.723913319	s2-eth17	1422	4260
1787671104.723913319	s2-eth18	1422	4260
1787671104.723913319	s2-eth19	2009	16825969
1787671104.723913319	s2-eth2	4618	4688
1787671104.723913319	s2-eth20	1422	4260
1787671104.723913319	s2-eth21	1422	4260
1787671104.723913319	s2-eth22	1422	4260
1787671104.723913319	s2-eth23	1942	4329584
1787671104.723913319	s2-eth24	1422	4260
1787671104.723913319	s2-eth25	1422	4260
1787671104.723913319	s2-eth26	1422	4260
1787671104.723913319	s2-eth27	1942	4377104
1787671104.723913319	s2-eth28	1422	4260
1787671104.723913319	s2-eth29	1422	4260
1787671104.723913319	s2-eth3	899124	4847
1787671104.723913319	s2-eth30	1422	4260
1787671104.723913319	s2-eth31	1942	4441994
1787671104.723913319	s2-eth32	1422	4260
1787671104.723913319	s2-eth33	1422	4260
1787671104.723913319	s2-eth34	1352	4260
1787671104.723913319	s2-eth4	1422	4260
1787671104.723913319	s2-eth5	1422	4260
1787671104.723913319	s2-eth6	1422	4260
1787671104.723913319	s2-eth7	4583578	4914
1787671104.723913319	s2-eth8	1422	4260
1787671104.723913319	s2-eth9	1422	4365
1787671104.723913319	s3-eth1	31017417	14757469
1787671104.723913319	s3-eth10	1422	4260
1787671104.723913319	s3-eth11	2009	4465144
1787671104.723913319	s3-eth12	1422	4260
1787671104.723913319	s3-eth13	1422	4190
1787671104.723913319	s3-eth14	1422	4260
1787671104.723913319	s3-eth15	2009	4515614
1787671104.723913319	s3-eth16	1422	4280
1787671104.723913319	s3-eth17	1422	4260
1787671104.723913319	s3-eth18	1422	4260
1787671104.723913319	s3-eth19	943826	4847
1787671104.723913319	s3-eth2	4688	4688
1787671104.723913319	s3-eth20	1422	4260
1787671104.723913319	s3-eth21	1422	4260
1787671104.723913319	s3-eth22	1422	4260
1787671104.723913319	s3-eth23	4773700	4780
1787671104.723913319	s3-eth24	1422	4260
1787671104.723913319	s3-eth25	1422	4260
1787671104.723913319	s3-eth26	1422	4260
1787671104.723913319	s3-eth27	4818480	4847
1787671104.723913319	s3-eth28	1422	4260
1787671104.723913319	s3-eth29	1422	4260
1787671104.723913319	s3-eth3	2009	18459755
1787671104.723913319	s3-eth30	1422	4260
1787671104.723913319	s3-eth31	4834474	4847
1787671104.723913319	s3-eth32	1422	4260
1787671104.723913319	s3-eth33	1422	4260
1787671104.723913319	s3-eth34	1422	4260
1787671104.723913319	s3-eth4	1422	4260
1787671104.723913319	s3-eth5	1422	4260
1787671104.723913319	s3-eth6	1422	4260
1787671104.723913319	s3-eth7	1942	4766444
1787671104.723913319	s3-eth8	1422	4260
1787671104.723913319	s3-eth9	1422	4260
1787671104.723913319	s4-eth1	31491178	9451
1787671104.723913319	s4-eth10	1422	4260
1787671104.723913319	s4-eth11	2076	4930910
1787671104.723913319	s4-eth12	1422	4170
1787671104.723913319	s4-eth13	1422	4260
1787671104.723913319	s4-eth14	1352	4260
1787671104.723913319	s4-eth15	2009	4939550
1787671104.723913319	s4-eth16	1422	4170
1787671104.723913319	s4-eth17	1422	4260
1787671104.723913319	s4-eth18	1422	4260
1787671104.723913319	s4-eth19	2009	1018764
1787671104.723913319	s4-eth2	4688	3267
1787671104.723913319	s4-eth20	1422	4057
1787671104.723913319	s4-eth21	1422	4260
1787671104.723913319	s4-eth22	1352	4260
1787671104.723913319	s4-eth23	1942	5128386
1787671104.723913319	s4-eth24	1332	4170
1787671104.723913319	s4-eth25	1332	4260
1787671104.723913319	s4-eth26	1422	4260
1787671104.723913319	s4-eth27	2009	5167398
1787671104.723913319	s4-eth28	1332	4260
1787671104.723913319	s4-eth29	1422	4057
1787671104.723913319	s4-eth3	2009	1025896
1787671104.723913319	s4-eth30	1332	4260
1787671104.723913319	s4-eth31	2009	5181860
1787671104.723913319	s4-eth32	1422	4260
1787671104.723913319	s4-eth33	1332	4260
1787671104.723913319	s4-eth34	1422	4170
1787671104.723913319	s4-eth4	1422	4260
1787671104.723913319	s4-eth5	1422	4260
1787671104.723913319	s4-eth6	1422	4260
1787671104.723913319	s4-eth7	2076	5200564
1787671104.723913319	s4-eth8	1422	4260
1787671104.723913319	s4-eth9	1422	4260
1787671104.723913319	s5-eth1	73359638	7492
1787671104.723913319	s5-eth2	16966767	36383123
1787671104.723913319	s5-eth3	8030	4688
1787671104.723913319	s5-eth4	4845	53539857
1787671104.723913319	s6-eth1	4688	4688
1787671104.723913319	s6-eth2	4688	4618
1787671104.723913319	s6-eth3	4688	4688
1787671104.723913319	s6-eth4	4712	4688
1787671104.723913319	s7-eth1	17175703	36310999
1787671104.723913319	s7-eth2	9451	34216558
1787671104.723913319	s7-eth3	4688	7827
1787671104.723913319	s7-eth4	53977935	4688
1787671104.723913319	s8-eth1	4688	4688
1787671104.723913319	s8-eth2	3267	4688
1787671104.723913319	s8-eth3	4688	3267
1787671104.723913319	s8-eth4	4712	4688
1787671104.723913319	s9-eth1	4688	8030
1787671104.723913319	s9-eth2	4688	4688
1787671104.723913319	s9-eth3	7827	4688
1787671104.723913319	s9-eth4	3267	4688
1787671109.042741114	s10-eth1	68321799	4845
1787671109.042741114	s10-eth2	4688	4712
1787671109.042741114	s10-eth3	4688	68311415
1787671109.042741114	s10-eth4	4688	4712
1787671109.042741114	s1-eth1	7492	94947820
1787671109.042741114	s1-eth10	1422	4280
1787671109.042741114	s1-eth11	6864744	4847
1787671109.042741114	s1-eth12	1422	4260
1787671109.042741114	s1-eth13	1422	4260
1787671109.042741114	s1-eth14	1422	4260
1787671109.042741114	s1-eth15	6902236	4847
1787671109.042741114	s1-eth16	1422	4260
1787671109.042741114	s1-eth17	1422	4260
1787671109.042741114	s1-eth18	1422	4260
1787671109.042741114	s1-eth19	27730419	4847
1787671109.042741114	s1-eth2	4688	4688
1787671109.042741114	s1-eth20	1422	4260
1787671109.042741114	s1-eth21	1422	4260
1787671109.042741114	s1-eth22	1422	4041
1787671109.042741114	s1-eth23	6997330	4780
1787671109.042741114	s1-eth24	1422	4260
1787671109.042741114	s1-eth25	1422	4260
1787671109.042741114	s1-eth26	1422	4260
1787671109.042741114	s1-eth27	7030430	4780
1787671109.042741114	s1-eth28	1422	4260
1787671109.042741114	s1-eth29	1422	4260
1787671109.042741114	s1-eth3	28258453	5043
1787671109.042741114	s1-eth30	1422	4260
1787671109.042741114	s1-eth31	7083784	4885
1787671109.042741114	s1-eth32	1422	4260
1787671109.042741114	s1-eth33	1422	4260
1787671109.042741114	s1-eth34	1422	4260
1787671109.042741114	s1-eth4	1618	4456
1787671109.042741114	s1-eth5	1422	4260
1787671109.042741114	s1-eth6	1422	4260
1787671109.042741114	s1-eth7	7151558	4780
1787671109.042741114	s1-eth8	1422	4260
1787671109.042741114	s1-eth9	1422	4260
1787671109.042741114	s2-eth1	49156359	22932321
1787671109.042741114	s2-eth10	1422	4260
1787671109.042741114	s2-eth11	7189272	4914
1787671109.042741114	s2-eth12	1422	4260
1787671109.042741114	s2-eth13	1422	4260
1787671109.042741114	s2-eth14	1422	4260
1787671109.042741114	s2-eth15	7192066	4780
1787671109.042741114	s2-eth16	1422	4260
1787671109.042741114	s2-eth17	1422	4260
1787671109.042741114	s2-eth18	1422	4260
1787671109.042741114	s2-eth19	2009	28256703
1787671109.042741114	s2-eth2	4645	4715
1787671109.042741114	s2-eth20	1422	4260
1787671109.042741114	s2-eth21	1422	4260
1787671109.042741114	s2-eth22	1422	4260
1787671109.042741114	s2-eth23	1942	7155904
1787671109.042741114	s2-eth24	1422	4260
1787671109.042741114	s2-eth25	1422	4260
1787671109.042741114	s2-eth26	1422	4260
1787671109.042741114	s2-eth27	1942	7160164
1787671109.042741114	s2-eth28	1422	4260
1787671109.042741114	s2-eth29	1422	4260
1787671109.042741114	s2-eth3	1460062	4847
1787671109.042741114	s2-eth30	1422	4260
1787671109.042741114	s2-eth31	1942	7196214
1787671109.042741114	s2-eth32	1422	4260
1787671109.042741114	s2-eth33	1422	4260
1787671109.042741114	s2-eth34	1352	4260
1787671109.042741114	s2-eth4	1422	4260
1787671109.042741114	s2-eth5	1422	4260
1787671109.042741114	s2-eth6	1422	4260
1787671109.042741114	s2-eth7	7330588	4914
1787671109.042741114	s2-eth8	1422	4260
1787671109.042741114	s2-eth9	1422	4365
1787671109.042741114	s3-eth1	49952346	23546486
1787671109.042741114	s3-eth10	1422	4260
1787671109.042741114	s3-eth11	2009	7190524
1787671109.042741114	s3-eth12	1422	4260
1787671109.042741114	s3-eth13	1422	4190
1787671109.042741114	s3-eth14	1422	4260
1787671109.042741114	s3-eth15	2009	7253972
1787671109.042741114	s3-eth16	1422	4280
1787671109.042741114	s3-eth17	1422	4260
1787671109.042741114	s3-eth18	1422	4260
1787671109.042741114	s3-eth19	1498996	4847
1787671109.042741114	s3-eth2	4715	4715
1787671109.042741114	s3-eth20	1422	4260
1787671109.042741114	s3-eth21	1422	4260
1787671109.042741114	s3-eth22	1422	4260
1787671109.042741114	s3-eth23	7549550	4780
1787671109.042741114	s3-eth24	1422	4260
1787671109.042741114	s3-eth25	1422	4260
1787671109.042741114	s3-eth26	1422	4260
1787671109.042741114	s3-eth27	7590004	4847
1787671109.042741114	s3-eth28	1422	4260
1787671109.042741114	s3-eth29	1422	4260
1787671109.042741114	s3-eth3	2009	29328109
1787671109.042741114	s3-eth30	1422	4260
1787671109.042741114	s3-eth31	7587252	4847
1787671109.042741114	s3-eth32	1422	4260
1787671109.042741114	s3-eth33	1422	4260
1787671109.042741114	s3-eth34	1422	4260
1787671109.042741114	s3-eth4	1422	4260
1787671109.042741114	s3-eth5	1422	4260
1787671109.042741114	s3-eth6	1422	4260
1787671109.042741114	s3-eth7	1942	7455774
1787671109.042741114	s3-eth8	1422	4260
1787671109.042741114	s3-eth9	1422	4260
1787671109.042741114	s4-eth1	48933637	9478
1787671109.042741114	s4-eth10	1422	4260
1787671109.042741114	s4-eth11	2076	7640428
1787671109.042741114	s4-eth12	1422	4170
1787671109.042741114	s4-eth13	1422	4260
1787671109.042741114	s4-eth14	1422	4260
1787671109.042741114	s4-eth15	2009	7643300
1787671109.042741114	s4-eth16	1422	4170
1787671109.042741114	s4-eth17	1422	4260
1787671109.042741114	s4-eth18	1422	4260
1787671109.042741114	s4-eth19	2009	1562398
1787671109.042741114	s4-eth2	4715	3294
1787671109.042741114	s4-eth20	1422	4057
1787671109.042741114	s4-eth21	1422	4260
1787671109.042741114	s4-eth22	1422	4260
1787671109.042741114	s4-eth23	1942	7849440
1787671109.042741114	s4-eth24	1332	4170
1787671109.042741114	s4-eth25	1332	4260
1787671109.042741114	s4-eth26	1422	4260
1787671109.042741114	s4-eth27	2009	7882684
1787671109.042741114	s4-eth28	1332	4260
1787671109.042741114	s4-eth29	1422	4057
1787671109.042741114	s4-eth3	2009	1568088
1787671109.042741114	s4-eth30	1332	4260
1787671109.042741114	s4-eth31	2009	7910124
1787671109.042741114	s4-eth32	1422	4260
1787671109.042741114	s4-eth33	1332	4260
1787671109.042741114	s4-eth34	1422	4170
1787671109.042741114	s4-eth4	1422	4260
1787671109.042741114	s4-eth5	1422	4260
1787671109.042741114	s4-eth6	1422	4260
1787671109.042741114	s4-eth7	2076	7961994
1787671109.042741114	s4-eth8	1422	4260
1787671109.042741114	s4-eth9	1422	4260
1787671109.042741114	s5-eth1	112365765	7519
1787671109.042741114	s5-eth2	25894216	55590590
1787671109.042741114	s5-eth3	8057	4715
1787671109.042741114	s5-eth4	4873	81893930
1787671109.042741114	s6-eth1	4715	4715
1787671109.042741114	s6-eth2	4715	4645
1787671109.042741114	s6-eth3	4715	4715
1787671109.042741114	s6-eth4	4740	4715
1787671109.042741114	s7-eth1	26199766	55698716
1787671109.042741114	s7-eth2	9478	52248795
1787671109.042741114	s7-eth3	4715	7854
1787671109.042741114	s7-eth4	82411319	4715
1787671109.042741114	s8-eth1	4715	4715
1787671109.042741114	s8-eth2	3294	4715
1787671109.042741114	s8-eth3	4715	3294
1787671109.042741114	s8-eth4	4740	4715
1787671109.042741114	s9-eth1	4715	8057
1787671109.042741114	s9-eth2	4715	4715
1787671109.042741114	s9-eth3	7854	4715
1787671109.042741114	s9-eth4	3294	4715
1787671113.447375396	s10-eth1	96945526	4873
1787671113.447375396	s10-eth2	4715	4740
1787671113.447375396	s10-eth3	4715	96678467
1787671113.447375396	s10-eth4	4715	4740
1787671113.447375396	s1-eth1	7519	134171689
1787671113.447375396	s1-eth10	1422	4280
1787671113.447375396	s1-eth11	9655014	4847
1787671113.447375396	s1-eth12	1422	4260
1787671113.447375396	s1-eth13	1422	4260
1787671113.447375396	s1-eth14	1422	4260
1787671113.447375396	s1-eth15	9666550	4847
1787671113.447375396	s1-eth16	1422	4260
1787671113.447375396	s1-eth17	1422	4260
1787671113.447375396	s1-eth18	1422	4260
1787671113.447375396	s1-eth19	38673757	4847
1787671113.447375396	s1-eth2	4715	4715
1787671113.447375396	s1-eth20	1422	4260
1787671113.447375396	s1-eth21	1422	4260
1787671113.447375396	s1-eth22	1422	4041
1787671113.447375396	s1-eth23	9715500	4780
1787671113.447375396	s1-eth24	1422	4260
1787671113.447375396	s1-eth25	1422	4260
1787671113.447375396	s1-eth26	1422	4260
1787671113.447375396	s1-eth27	9737064	4780
1787671113.447375396	s1-eth28	1422	4260
1787671113.447375396	s1-eth29	1422	4260
1787671113.447375396	s1-eth3	39079221	5043
1787671113.447375396	s1-eth30	1422	4260
1787671113.447375396	s1-eth31	9788976	4885
1787671113.447375396	s1-eth32	1422	4260
1787671113.447375396	s1-eth33	1422	4260
1787671113.447375396	s1-eth34	1422	4260
1787671113.447375396	s1-eth4	1618	4456
1787671113.447375396	s1-eth5	1422	4260
1787671113.447375396	s1-eth6	1422	4260
1787671113.447375396	s1-eth7	9861076	4780
1787671113.447375396	s1-eth8	1422	4260
1787671113.447375396	s1-eth9	1422	4260
1787671113.447375396	s2-eth1	67882198	31598768
1787671113.447375396	s2-eth10	1422	4260
1787671113.447375396	s2-eth11	9901674	4914
1787671113.447375396	s2-eth12	1422	4260
1787671113.447375396	s2-eth13	1422	4260
1787671113.447375396	s2-eth14	1422	4260
1787671113.447375396	s2-eth15	9917446	4780
1787671113.447375396	s2-eth16	1422	4260
1787671113.447375396	s2-eth17	1422	4260
1787671113.447375396	s2-eth18	1422	4260
1787671113.447375396	s2-eth19	2009	39080355
1787671113.447375396	s2-eth2	4645	4715
1787671113.447375396	s2-eth20	1422	4260
1787671113.447375396	s2-eth21	1422	4260
1787671113.447375396	s2-eth22	1422	4260
1787671113.447375396	s2-eth23	1942	9913008
1787671113.447375396	s2-eth24	1422	4260
1787671113.447375396	s2-eth25	1422	4260
1787671113.447375396	s2-eth26	1422	4260
1787671113.447375396	s2-eth27	1942	9933130
1787671113.447375396	s2-eth28	1422	4260
1787671113.447375396	s2-eth29	1422	4260
1787671113.447375396	s2-eth3	2023884	4847
1787671113.447375396	s2-eth30	1422	4260
1787671113.447375396	s2-eth31	1942	9999462
1787671113.447375396	s2-eth32	1422	4260
1787671113.447375396	s2-eth33	1422	4260
1787671113.447375396	s2-eth34	1422	4260
1787671113.447375396	s2-eth4	1422	4260
1787671113.447375396	s2-eth5	1422	4260
1787671113.447375396	s2-eth6	1422	4260
1787671113.447375396	s2-eth7	10182864	4914
1787671113.447375396	s2-eth8	1422	4260
1787671113.447375396	s2-eth9	1422	4365
1787671113.447375396	s3-eth1	69743796	32697418
1787671113.447375396	s3-eth10	1422	4260
1787671113.447375396	s3-eth11	2009	10013960
1787671113.447375396	s3-eth12	1422	4260
1787671113.447375396	s3-eth13	1422	4260
1787671113.447375396	s3-eth14	1422	4260
1787671113.447375396	s3-eth15	2009	10054336
1787671113.447375396	s3-eth16	1422	4280
1787671113.447375396	s3-eth17	1422	4260
1787671113.447375396	s3-eth18	1422	4260
1787671113.447375396	s3-eth19	2067144	4847
1787671113.447375396	s3-eth2	4715	4715
1787671113.447375396	s3-eth20	1422	4260
1787671113.447375396	s3-eth21	1422	4260
1787671113.447375396	s3-eth22	1422	4260
1787671113.447375396	s3-eth23	10378754	4780
1787671113.447375396	s3-eth24	1422	4260
1787671113.447375396	s3-eth25	1422	4260
1787671113.447375396	s3-eth26	1422	4260
1787671113.447375396	s3-eth27	10410556	4847
1787671113.447375396	s3-eth28	1422	4260
1787671113.447375396	s3-eth29	1422	4260
1787671113.447375396	s3-eth3	2009	40406995
1787671113.447375396	s3-eth30	1422	4260
1787671113.447375396	s3-eth31	10386174	4847
1787671113.447375396	s3-eth32	1422	4260
1787671113.447375396	s3-eth33	1422	4260
1787671113.447375396	s3-eth34	1422	4260
1787671113.447375396	s3-eth4	1422	4260
1787671113.447375396	s3-eth5	1422	4260
1787671113.447375396	s3-eth6	1422	4260
1787671113.447375396	s3-eth7	1942	10286420
1787671113.447375396	s3-eth8	1422	4260
1787671113.447375396	s3-eth9	1422	4260
1787671113.447375396	s4-eth1	67323490	9505
1787671113.447375396	s4-eth10	1422	4260
1787671113.447375396	s4-eth11	2076	10528754
1787671113.447375396	s4-eth12	1422	4170
1787671113.447375396	s4-eth13	1422	4260
1787671113.447375396	s4-eth14	1422	4260
1787671113.447375396	s4-eth15	2009	10557582
1787671113.447375396	s4-eth16	1422	4170
1787671113.447375396	s4-eth17	1422	4260
1787671113.447375396	s4-eth18	1422	4260
1787671113.447375396	s4-eth19	2009	2146408
1787671113.447375396	s4-eth2	4742	3321
1787671113.447375396	s4-eth20	1422	4057
1787671113.447375396	s4-eth21	1422	4260
1787671113.447375396	s4-eth22	1422	4260
1787671113.447375396	s4-eth23	1942	10781026
1787671113.447375396	s4-eth24	1332	4170
1787671113.447375396	s4-eth25	1332	4260
1787671113.447375396	s4-eth26	1422	4260
1787671113.447375396	s4-eth27	2009	10837342
1787671113.447375396	s4-eth28	1332	4260
1787671113.447375396	s4-eth29	1422	4057
1787671113.447375396	s4-eth3	2009	2157866
1787671113.447375396	s4-eth30	1332	4260
1787671113.447375396	s4-eth31	2009	10846036
1787671113.447375396	s4-eth32	1422	4260
1787671113.447375396	s4-eth33	1332	4260
1787671113.447375396	s4-eth34	1422	4170
1787671113.447375396	s4-eth4	1422	4260
1787671113.447375396	s4-eth5	1422	4260
1787671113.447375396	s4-eth6	1422	4260
1787671113.447375396	s4-eth7	2076	10866182
1787671113.447375396	s4-eth8	1422	4260
1787671113.447375396	s4-eth9	1422	4260
1787671113.447375396	s5-eth1	152851384	7546
1787671113.447375396	s5-eth2	35123043	75533477
1787671113.447375396	s5-eth3	8084	4742
1787671113.447375396	s5-eth4	4901	110881041
1787671113.447375396	s6-eth1	4742	4742
1787671113.447375396	s6-eth2	4742	4672
1787671113.447375396	s6-eth3	4742	4742
1787671113.447375396	s6-eth4	4768	4742
1787671113.447375396	s7-eth1	35324769	75412325
1787671113.447375396	s7-eth2	9505	70481470
1787671113.447375396	s7-eth3	4742	7881
1787671113.447375396	s7-eth4	111349403	4742
1787671113.447375396	s8-eth1	4742	4742
1787671113.447375396	s8-eth2	3321	4742
1787671113.447375396	s8-eth3	4742	3321
1787671113.447375396	s8-eth4	4768	4742
1787671113.447375396	s9-eth1	4742	8084
1787671113.447375396	s9-eth2	4742	4742
1787671113.447375396	s9-eth3	7881	4742
1787671113.447375396	s9-eth4	3321	4742
1787671117.896548036	s10-eth1	126045113	4901
1787671117.896548036	s10-eth2	4742	4768
1787671117.896548036	s10-eth3	4742	125995797
1787671117.896548036	s10-eth4	4742	4768
1787671117.896548036	s1-eth1	7546	174647214
1787671117.896548036	s1-eth10	1422	4280
1787671117.896548036	s1-eth11	12550550	4847
1787671117.896548036	s1-eth12	1422	4260
1787671117.896548036	s1-eth13	1422	4260
1787671117.896548036	s1-eth14	1422	4260
1787671117.896548036	s1-eth15	12573622	4847
1787671117.896548036	s1-eth16	1422	4260
1787671117.896548036	s1-eth17	1422	4260
1787671117.896548036	s1-eth18	1422	4260
1787671117.896548036	s1-eth19	50349631	4847
1787671117.896548036	s1-eth2	4742	4742
1787671117.896548036	s1-eth20	1422	4260
1787671117.896548036	s1-eth21	1422	4260
1787671117.896548036	s1-eth22	1422	4041
1787671117.896548036	s1-eth23	12631224	4780
1787671117.896548036	s1-eth24	1422	4260
1787671117.896548036	s1-eth25	1422	4260
1787671117.896548036	s1-eth26	1422	4260
1787671117.896548036	s1-eth27	12641252	4780
1787671117.896548036	s1-eth28	1422	4260
1787671117.896548036	s1-eth29	1422	4260
1787671117.896548036	s1-eth3	50646945	5043
1787671117.896548036	s1-eth30	1422	4260
1787671117.896548036	s1-eth31	12670092	4885
1787671117.896548036	s1-eth32	1422	4260
1787671117.896548036	s1-eth33	1422	4260
1787671117.896548036	s1-eth34	1422	4260
1787671117.896548036	s1-eth4	1618	4456
1787671117.896548036	s1-eth5	1422	4260
1787671117.896548036	s1-eth6	1422	4260
1787671117.896548036	s1-eth7	12711910	4780
1787671117.896548036	s1-eth8	1422	4260
1787671117.896548036	s1-eth9	1422	4260
1787671117.896548036	s2-eth1	87608785	40684837
1787671117.896548036	s2-eth10	1422	4260
1787671117.896548036	s2-eth11	12730878	4914
1787671117.896548036	s2-eth12	1422	4260
1787671117.896548036	s2-eth13	1422	4260
1787671117.896548036	s2-eth14	1422	4260
1787671117.896548036	s2-eth15	12716368	4780
1787671117.896548036	s2-eth16	1422	4260
1787671117.896548036	s2-eth17	1422	4260
1787671117.896548036	s2-eth18	1422	4260
1787671117.896548036	s2-eth19	2009	50090025
1787671117.896548036	s2-eth2	4672	4742
1787671117.896548036	s2-eth20	1422	4260
1787671117.896548036	s2-eth21	1422	4260
1787671117.896548036	s2-eth22	1422	4260
1787671117.896548036	s2-eth23	1942	12651366
1787671117.896548036	s2-eth24	1422	4260
1787671117.896548036	s2-eth25	1422	4260
1787671117.896548036	s2-eth26	1422	4260
1787671117.896548036	s2-eth27	1942	12657068
1787671117.896548036	s2-eth28	1422	4260
1787671117.896548036	s2-eth29	1422	4260
1787671117.896548036	s2-eth3	2570402	4847
1787671117.896548036	s2-eth30	1422	4260
1787671117.896548036	s2-eth31	1942	12706096
1787671117.896548036	s2-eth32	1422	4260
1787671117.896548036	s2-eth33	1422	4260
1787671117.896548036	s2-eth34	1422	4260
1787671117.896548036	s2-eth4	1422	4260
1787671117.896548036	s2-eth5	1422	4260
1787671117.896548036	s2-eth6	1422	4260
1787671117.896548036	s2-eth7	12885172	4914
1787671117.896548036	s2-eth8	1422	4260
1787671117.896548036	s2-eth9	1422	4365
1787671117.896548036	s3-eth1	88300921	41258599
1787671117.896548036	s3-eth10	1422	4260
1787671117.896548036	s3-eth11	2009	12665798
1787671117.896548036	s3-eth12	1422	4260
1787671117.896548036	s3-eth13	1422	4260
1787671117.896548036	s3-eth14	1422	4260
1787671117.896548036	s3-eth15	2009	12660030
1787671117.896548036	s3-eth16	1422	4280
1787671117.896548036	s3-eth17	1422	4260
1787671117.896548036	s3-eth18	1422	4260
1787671117.896548036	s3-eth19	2592032	4847
1787671117.896548036	s3-eth2	4742	4742
1787671117.896548036	s3-eth20	1422	4260
1787671117.896548036	s3-eth21	1422	4260
1787671117.896548036	s3-eth22	1422	4260
1787671117.896548036	s3-eth23	12983006	4780
1787671117.896548036	s3-eth24	1422	4260
1787671117.896548036	s3-eth25	1422	4260
1787671117.896548036	s3-eth26	1422	4260
1787671117.896548036	s3-eth27	13004714	4847
1787671117.896548036	s3-eth28	1422	4260
1787671117.896548036	s3-eth29	1422	4260
1787671117.896548036	s3-eth3	2009	50701433
1787671117.896548036	s3-eth30	1422	4260
1787671117.896548036	s3-eth31	13000520	4847
1787671117.896548036	s3-eth32	1422	4260
1787671117.896548036	s3-eth33	1422	4260
1787671117.896548036	s3-eth34	1422	4260
1787671117.896548036	s3-eth4	1422	4260
1787671117.896548036	s3-eth5	1422	4260
1787671117.896548036	s3-eth6	1422	4260
1787671117.896548036	s3-eth7	1942	12815688
1787671117.896548036	s3-eth8	1422	4260
1787671117.896548036	s3-eth9	1422	4260
1787671117.896548036	s4-eth1	83475332	9505
1787671117.896548036	s4-eth10	1422	4260
1787671117.896548036	s4-eth11	2076	13040718
1787671117.896548036	s4-eth12	1422	4170
1787671117.896548036	s4-eth13	1422	4260
1787671117.896548036	s4-eth14	1422	4260
1787671117.896548036	s4-eth15	2009	13045032
1787671117.896548036	s4-eth16	1422	4170
1787671117.896548036	s4-eth17	1422	4260
1787671117.896548036	s4-eth18	1422	4260
1787671117.896548036	s4-eth19	2009	2643898
1787671117.896548036	s4-eth2	4742	3321
1787671117.896548036	s4-eth20	1422	4057
1787671117.896548036	s4-eth21	1422	4260
1787671117.896548036	s4-eth22	1422	4260
1787671117.896548036	s4-eth23	1942	13254056
1787671117.896548036	s4-eth24	1332	4170
1787671117.896548036	s4-eth25	1332	4260
1787671117.896548036	s4-eth26	1422	4260
1787671117.896548036	s4-eth27	2009	13268554
1787671117.896548036	s4-eth28	1332	4260
1787671117.896548036	s4-eth29	1422	4057
1787671117.896548036	s4-eth3	2009	2640936
1787671117.896548036	s4-eth30	1332	4260
1787671117.896548036	s4-eth31	2009	13254176
1787671117.896548036	s4-eth32	1422	4260
1787671117.896548036	s4-eth33	1332	4260
1787671117.896548036	s4-eth34	1422	4170
1787671117.896548036	s4-eth4	1422	4260
1787671117.896548036	s4-eth5	1422	4260
1787671117.896548036	s4-eth6	1422	4260
1787671117.896548036	s4-eth7	2076	13228178
1787671117.896548036	s4-eth8	1422	4260
1787671117.896548036	s4-eth9	1422	4260
1787671117.896548036	s5-eth1	185737636	7546
1787671117.896548036	s5-eth2	42634421	91903061
1787671117.896548036	s5-eth3	8084	4742
1787671117.896548036	s5-eth4	4901	134596173
1787671117.896548036	s6-eth1	4742	4742
1787671117.896548036	s6-eth2	4742	4672
1787671117.896548036	s6-eth3	4742	4742
1787671117.896548036	s6-eth4	4768	4742
1787671117.896548036	s7-eth1	42735207	91467553
1787671117.896548036	s7-eth2	9505	85240340
1787671117.896548036	s7-eth3	4742	7881
1787671117.896548036	s7-eth4	134600211	4742
1787671117.896548036	s8-eth1	4742	4742
1787671117.896548036	s8-eth2	3321	4742
1787671117.896548036	s8-eth3	4742	3321
1787671117.896548036	s8-eth4	4768	4742
1787671117.896548036	s9-eth1	4742	8084
1787671117.896548036	s9-eth2	4742	4742
1787671117.896548036	s9-eth3	7881	4742
1787671117.896548036	s9-eth4	3321	4742
1787671121.357873666	s10-eth1	148567738	4929
1787671121.357873666	s10-eth2	4769	4796
1787671121.357873666	s10-eth3	4769	148328079
1787671121.357873666	s10-eth4	4769	4796
1787671121.357873666	s1-eth1	7573	205462781
1787671121.357873666	s1-eth10	1422	4280
1787671121.357873666	s1-eth11	14749600	4847
1787671121.357873666	s1-eth12	1422	4260
1787671121.357873666	s1-eth13	1422	4260
1787671121.357873666	s1-eth14	1422	4260
1787671121.357873666	s1-eth15	14776998	4847
1787671121.357873666	s1-eth16	1422	4260
1787671121.357873666	s1-eth17	1422	4260
1787671121.357873666	s1-eth18	1422	4260
1787671121.357873666	s1-eth19	59150157	4847
1787671121.357873666	s1-eth2	4769	4769
1787671121.357873666	s1-eth20	1422	4260
1787671121.357873666	s1-eth21	1422	4260
1787671121.357873666	s1-eth22	1422	4041
1787671121.357873666	s1-eth23	14856230	4780
1787671121.357873666	s1-eth24	1422	4260
1787671121.357873666	s1-eth25	1422	4260
1787671121.357873666	s1-eth26	1422	4260
1787671121.357873666	s1-eth27	14876352	4780
1787671121.357873666	s1-eth28	1422	4260
1787671121.357873666	s1-eth29	1422	4260
1787671121.357873666	s1-eth3	59627721	5043
1787671121.357873666	s1-eth30	1422	4260
1787671121.357873666	s1-eth31	14922496	4885
1787671121.357873666	s1-eth32	1422	4260
1787671121.357873666	s1-eth33	1422	4260
1787671121.357873666	s1-eth34	1422	4260
1787671121.357873666	s1-eth4	1618	4456
1787671121.357873666	s1-eth5	1422	4260
1787671121.357873666	s1-eth6	1422	4260
1787671121.357873666	s1-eth7	14988828	4780
1787671121.357873666	s1-eth8	1422	4260
1787671121.357873666	s1-eth9	1422	4260
1787671121.357873666	s2-eth1	103551564	48000130
1787671121.357873666	s2-eth10	1422	4260
1787671121.357873666	s2-eth11	15026542	4914
1787671121.357873666	s2-eth12	1422	4260
1787671121.357873666	s2-eth13	1422	4260
1787671121.357873666	s2-eth14	1422	4260
1787671121.357873666	s2-eth15	15032220	4780
1787671121.357873666	s2-eth16	1422	4260
1787671121.357873666	s2-eth17	1422	4260
1787671121.357873666	s2-eth18	1422	4260
1787671121.357873666	s2-eth19	2009	59346223
1787671121.357873666	s2-eth2	4699	4769
1787671121.357873666	s2-eth20	1422	4260
1787671121.357873666	s2-eth21	1422	4260
1787671121.357873666	s2-eth22	1422	4260
1787671121.357873666	s2-eth23	1942	14998942
1787671121.357873666	s2-eth24	1422	4260
1787671121.357873666	s2-eth25	1422	4260
1787671121.357873666	s2-eth26	1422	4260
1787671121.357873666	s2-eth27	1942	15032042
1787671121.357873666	s2-eth28	1422	4260
1787671121.357873666	s2-eth29	1422	4260
1787671121.357873666	s2-eth3	3049146	4847
1787671121.357873666	s2-eth30	1422	4260
1787671121.357873666	s2-eth31	1942	15102700
1787671121.357873666	s2-eth32	1422	4260
1787671121.357873666	s2-eth33	1422	4260
1787671121.357873666	s2-eth34	1422	4260
1787671121.357873666	s2-eth4	1422	4260
1787671121.357873666	s2-eth5	1422	4260
1787671121.357873666	s2-eth6	1422	4260
1787671121.357873666	s2-eth7	15326478	4914
1787671121.357873666	s2-eth8	1422	4260
1787671121.357873666	s2-eth9	1422	4365
1787671121.357873666	s3-eth1	105065640	49090128
1787671121.357873666	s3-eth10	1422	4260
1787671121.357873666	s3-eth11	2009	15082590
1787671121.357873666	s3-eth12	1422	4260
1787671121.357873666	s3-eth13	1422	4260
1787671121.357873666	s3-eth14	1422	4260
1787671121.357873666	s3-eth15	2009	15098452
1787671121.357873666	s3-eth16	1422	4280
1787671121.357873666	s3-eth17	1422	4260
1787671121.357873666	s3-eth18	1422	4260
1787671121.357873666	s3-eth19	3089522	4847
1787671121.357873666	s3-eth2	4769	4769
1787671121.357873666	s3-eth20	1422	4260
1787671121.357873666	s3-eth21	1422	4260
1787671121.357873666	s3-eth22	1422	4260
1787671121.357873666	s3-eth23	15490644	4780
1787671121.357873666	s3-eth24	1422	4260
1787671121.357873666	s3-eth25	1422	4260
1787671121.357873666	s3-eth26	1422	4260
1787671121.357873666	s3-eth27	15526772	4847
1787671121.357873666	s3-eth28	1422	4260
1787671121.357873666	s3-eth29	1422	4260
1787671121.357873666	s3-eth3	2009	60583459
1787671121.357873666	s3-eth30	1422	4260
1787671121.357873666	s3-eth31	15535556	4847
1787671121.357873666	s3-eth32	1422	4260
1787671121.357873666	s3-eth33	1422	4260
1787671121.357873666	s3-eth34	1422	4260
1787671121.357873666	s3-eth4	1422	4260
1787671121.357873666	s3-eth5	1422	4260
1787671121.357873666	s3-eth6	1422	4260
1787671121.357873666	s3-eth7	1942	15337746
1787671121.357873666	s3-eth8	1422	4260
1787671121.357873666	s3-eth9	1422	4260
1787671121.357873666	s4-eth1	99829081	9532
1787671121.357873666	s4-eth10	1422	4260
1787671121.357873666	s4-eth11	2076	15593058
1787671121.357873666	s4-eth12	1422	4170
1787671121.357873666	s4-eth13	1422	4260
1787671121.357873666	s4-eth14	1422	4260
1787671121.357873666	s4-eth15	2009	15590162
1787671121.357873666	s4-eth16	1422	4170
1787671121.357873666	s4-eth17	1422	4260
1787671121.357873666	s4-eth18	1422	4260
1787671121.357873666	s4-eth19	2009	3151482
1787671121.357873666	s4-eth2	4769	3348
1787671121.357873666	s4-eth20	1422	4057
1787671121.357873666	s4-eth21	1422	4260
1787671121.357873666	s4-eth22	1422	4260
1787671121.357873666	s4-eth23	1942	15781882
1787671121.357873666	s4-eth24	1332	4170
1787671121.357873666	s4-eth25	1332	4260
1787671121.357873666	s4-eth26	1422	4260
1787671121.357873666	s4-eth27	2009	15815126
1787671121.357873666	s4-eth28	1332	4260
1787671121.357873666	s4-eth29	1422	4057
1787671121.357873666	s4-eth3	2009	3148520
1787671121.357873666	s4-eth30	1332	4260
1787671121.357873666	s4-eth31	2009	15810842
1787671121.357873666	s4-eth32	1422	4260
1787671121.357873666	s4-eth33	1332	4260
1787671121.357873666	s4-eth34	1422	4170
1787671121.357873666	s4-eth4	1422	4260
1787671121.357873666	s4-eth5	1422	4260
1787671121.357873666	s4-eth6	1422	4260
1787671121.357873666	s4-eth7	2076	15818010
1787671121.357873666	s4-eth8	1422	4260
1787671121.357873666	s4-eth9	1422	4260
1787671121.357873666	s5-eth1	222315435	7573
1787671121.357873666	s5-eth2	51048518	110222256
1787671121.357873666	s5-eth3	8111	4769
1787671121.357873666	s5-eth4	4929	161630816
1787671121.357873666	s6-eth1	4769	4769
1787671121.357873666	s6-eth2	4769	4699
1787671121.357873666	s6-eth3	4769	4769
1787671121.357873666	s6-eth4	4796	4769
1787671121.357873666	s7-eth1	51437704	110199160
1787671121.357873666	s7-eth2	9532	102639539
1787671121.357873666	s7-eth3	4769	7908
1787671121.357873666	s7-eth4	162198677	4769
1787671121.357873666	s8-eth1	4769	4769
1787671121.357873666	s8-eth2	3348	4769
1787671121.357873666	s8-eth3	4769	3348
1787671121.357873666	s8-eth4	4796	4769
1787671121.357873666	s9-eth1	4769	8111
1787671121.357873666	s9-eth2	4769	4769
1787671121.357873666	s9-eth3	7908	4769
1787671121.357873666	s9-eth4	3348	4769
1787671125.613038004	s10-eth1	176324823	4957
1787671125.613038004	s10-eth2	4796	4824
1787671125.613038004	s10-eth3	4796	176070745
1787671125.613038004	s10-eth4	4796	4824
1787671125.613038004	s1-eth1	7600	244160320
1787671125.613038004	s1-eth10	1422	4280
1787671125.613038004	s1-eth11	17524008	4847
1787671125.613038004	s1-eth12	1422	4260
1787671125.613038004	s1-eth13	1422	4260
1787671125.613038004	s1-eth14	1422	4260
1787671125.613038004	s1-eth15	17557174	4847
1787671125.613038004	s1-eth16	1422	4260
1787671125.613038004	s1-eth17	1422	4260
1787671125.613038004	s1-eth18	1422	4260
1787671125.613038004	s1-eth19	70318447	4847
1787671125.613038004	s1-eth2	4796	4796
1787671125.613038004	s1-eth20	1422	4260
1787671125.613038004	s1-eth21	1422	4260
1787671125.613038004	s1-eth22	1422	4041
1787671125.613038004	s1-eth23	17647942	4780
1787671125.613038004	s1-eth24	1422	4260
1787671125.613038004	s1-eth25	1422	4260
1787671125.613038004	s1-eth26	1422	4260
1787671125.613038004	s1-eth27	17681042	4780
1787671125.613038004	s1-eth28	1422	4260
1787671125.613038004	s1-eth29	1422	4260
1787671125.613038004	s1-eth3	70895509	5043
1787671125.613038004	s1-eth30	1422	4260
1787671125.613038004	s1-eth31	17738722	4885
1787671125.613038004	s1-eth32	1422	4260
1787671125.613038004	s1-eth33	1422	4260
1787671125.613038004	s1-eth34	1422	4260
1787671125.613038004	s1-eth4	1618	4456
1787671125.613038004	s1-eth5	1422	4260
1787671125.613038004	s1-eth6	1422	4260
1787671125.613038004	s1-eth7	17799286	4780
1787671125.613038004	s1-eth8	1422	4260
1787671125.613038004	s1-eth9	1422	4260
1787671125.613038004	s2-eth1	122939281	57001121
1787671125.613038004	s2-eth10	1422	4260
1787671125.613038004	s2-eth11	17845652	4914
1787671125.613038004	s2-eth12	1422	4260
1787671125.613038004	s2-eth13	1422	4260
1787671125.613038004	s2-eth14	1422	4260
1787671125.613038004	s2-eth15	17859982	4780
1787671125.613038004	s2-eth16	1422	4260
1787671125.613038004	s2-eth17	1422	4260
1787671125.613038004	s2-eth18	1422	4260
1787671125.613038004	s2-eth19	2009	70484231
1787671125.613038004	s2-eth2	4726	4796
1787671125.613038004	s2-eth20	1422	4260
1787671125.613038004	s2-eth21	1422	4260
1787671125.613038004	s2-eth22	1422	4260
1787671125.613038004	s2-eth23	1942	17780560
1787671125.613038004	s2-eth24	1422	4260
1787671125.613038004	s2-eth25	1422	4260
1787671125.613038004	s2-eth26	1422	4260
1787671125.613038004	s2-eth27	1942	17807892
1787671125.613038004	s2-eth28	1422	4260
1787671125.613038004	s2-eth29	1422	4260
1787671125.613038004	s2-eth3	3608642	4847
1787671125.613038004	s2-eth30	1422	4260
1787671125.613038004	s2-eth31	1942	17846826
1787671125.613038004	s2-eth32	1422	4260
1787671125.613038004	s2-eth33	1422	4260
1787671125.613038004	s2-eth34	1422	4260
1787671125.613038004	s2-eth4	1422	4260
1787671125.613038004	s2-eth5	1422	4260
1787671125.613038004	s2-eth6	1422	4260
1787671125.613038004	s2-eth7	18067720	4914
1787671125.613038004	s2-eth8	1422	4260
1787671125.613038004	s2-eth9	1422	4365
1787671125.613038004	s3-eth1	123968845	57843095
1787671125.613038004	s3-eth10	1422	4260
1787671125.613038004	s3-eth11	2009	17792108
1787671125.613038004	s3-eth12	1422	4260
1787671125.613038004	s3-eth13	1422	4260
1787671125.613038004	s3-eth14	1422	4260
1787671125.613038004	s3-eth15	2009	17794992
1787671125.613038004	s3-eth16	1422	4280
1787671125.613038004	s3-eth17	1422	4260
1787671125.613038004	s3-eth18	1422	4260
1787671125.613038004	s3-eth19	3634598	4847
1787671125.613038004	s3-eth2	4796	4796
1787671125.613038004	s3-eth20	1422	4260
1787671125.613038004	s3-eth21	1422	4260
1787671125.613038004	s3-eth22	1422	4260
1787671125.613038004	s3-eth23	18223234	4780
1787671125.613038004	s3-eth24	1422	4260
1787671125.613038004	s3-eth25	1422	4260
1787671125.613038004	s3-eth26	1422	4260
1787671125.613038004	s3-eth27	18257920	4847
1787671125.613038004	s3-eth28	1422	4260
1787671125.613038004	s3-eth29	1422	4260
1787671125.613038004	s3-eth3	2009	71297519
1787671125.613038004	s3-eth30	1422	4260
1787671125.613038004	s3-eth31	18262378	4847
1787671125.613038004	s3-eth32	1422	4260
1787671125.613038004	s3-eth33	1422	4260
1787671125.613038004	s3-eth34	1422	4260
1787671125.613038004	s3-eth4	1422	4260
1787671125.613038004	s3-eth5	1422	4260
1787671125.613038004	s3-eth6	1422	4260
1787671125.613038004	s3-eth7	1942	18018424
1787671125.613038004	s3-eth8	1422	4260
1787671125.613038004	s3-eth9	1422	4260
1787671125.613038004	s4-eth1	117173484	9559
1787671125.613038004	s4-eth10	1422	4260
1787671125.613038004	s4-eth11	2076	18288156
1787671125.613038004	s4-eth12	1422	4170
1787671125.613038004	s4-eth13	1422	4260
1787671125.613038004	s4-eth14	1422	4260
1787671125.613038004	s4-eth15	2009	18285260
1787671125.613038004	s4-eth16	1422	4170
1787671125.613038004	s4-eth17	1422	4260
1787671125.613038004	s4-eth18	1422	4260
1787671125.613038004	s4-eth19	2009	3695116
1787671125.613038004	s4-eth2	4796	3375
1787671125.613038004	s4-eth20	1422	4057
1787671125.613038004	s4-eth21	1422	4260
1787671125.613038004	s4-eth22	1422	4260
1787671125.613038004	s4-eth23	1942	18521682
1787671125.613038004	s4-eth24	1332	4170
1787671125.613038004	s4-eth25	1332	4260
1787671125.613038004	s4-eth26	1422	4260
1787671125.613038004	s4-eth27	2009	18556368
1787671125.613038004	s4-eth28	1332	4260
1787671125.613038004	s4-eth29	1422	4057
1787671125.613038004	s4-eth3	2009	3700806
1787671125.613038004	s4-eth30	1332	4260
1787671125.613038004	s4-eth31	2009	18572272
1787671125.613038004	s4-eth32	1422	4260
1787671125.613038004	s4-eth33	1332	4260
1787671125.613038004	s4-eth34	1422	4170
1787671125.613038004	s4-eth4	1422	4260
1787671125.613038004	s4-eth5	1422	4260
1787671125.613038004	s4-eth6	1422	4260
1787671125.613038004	s4-eth7	2076	18544832
1787671125.613038004	s4-eth8	1422	4260
1787671125.613038004	s4-eth9	1422	4260
1787671125.613038004	s5-eth1	260749088	7600
1787671125.613038004	s5-eth2	59797159	129125461
1787671125.613038004	s5-eth3	8138	4796
1787671125.613038004	s5-eth4	4957	189056241
1787671125.613038004	s6-eth1	4796	4796
1787671125.613038004	s6-eth2	4796	4726
1787671125.613038004	s6-eth3	4796	4796
1787671125.613038004	s6-eth4	4824	4796
1787671125.613038004	s7-eth1	60020515	128757727
1787671125.613038004	s7-eth2	9559	119774852
1787671125.613038004	s7-eth3	4796	7935
1787671125.613038004	s7-eth4	189384731	4796
1787671125.613038004	s8-eth1	4796	4796
1787671125.613038004	s8-eth2	3375	4796
1787671125.613038004	s8-eth3	4796	3375
1787671125.613038004	s8-eth4	4824	4796
1787671125.613038004	s9-eth1	4796	8138
1787671125.613038004	s9-eth2	4796	4796
1787671125.613038004	s9-eth3	7935	4796
1787671125.613038004	s9-eth4	3375	4796
1787671129.857676569	s10-eth1	204125168	4985
1787671129.857676569	s10-eth2	4823	4852
1787671129.857676569	s10-eth3	4823	203969147
1787671129.857676569	s10-eth4	4823	4852
1787671129.857676569	s1-eth1	7627	282449773
1787671129.857676569	s1-eth10	1422	4280
1787671129.857676569	s1-eth11	20275344	4847
1787671129.857676569	s1-eth12	1422	4260
1787671129.857676569	s1-eth13	1422	4260
1787671129.857676569	s1-eth14	1422	4260
1787671129.857676569	s1-eth15	20335908	4847
1787671129.857676569	s1-eth16	1422	4260
1787671129.857676569	s1-eth17	1422	4260
1787671129.857676569	s1-eth18	1422	4260
1787671129.857676569	s1-eth19	81491063	4847
1787671129.857676569	s1-eth2	4823	4823
1787671129.857676569	s1-eth20	1422	4260
1787671129.857676569	s1-eth21	1422	4260
1787671129.857676569	s1-eth22	1422	4041
1787671129.857676569	s1-eth23	20448306	4780
1787671129.857676569	s1-eth24	1422	4260
1787671129.857676569	s1-eth25	1422	4260
1787671129.857676569	s1-eth26	1422	4260
1787671129.857676569	s1-eth27	20497268	4780
1787671129.857676569	s1-eth28	1422	4260
1787671129.857676569	s1-eth29	1422	4260
1787671129.857676569	s1-eth3	82153203	5043
1787671129.857676569	s1-eth30	1422	4260
1787671129.857676569	s1-eth31	20563600	4885
1787671129.857676569	s1-eth32	1422	4260
1787671129.857676569	s1-eth33	1422	4260
1787671129.857676569	s1-eth34	1422	4260
1787671129.857676569	s1-eth4	1618	4456
1787671129.857676569	s1-eth5	1422	4260
1787671129.857676569	s1-eth6	1422	4260
1787671129.857676569	s1-eth7	20667424	4780
1787671129.857676569	s1-eth8	1422	4260
1787671129.857676569	s1-eth9	1422	4260
1787671129.857676569	s2-eth1	142988876	66238600
1787671129.857676569	s2-eth10	1422	4260
1787671129.857676569	s2-eth11	20735420	4914
1787671129.857676569	s2-eth12	1422	4260
1787671129.857676569	s2-eth13	1422	4260
1787671129.857676569	s2-eth14	1422	4260
1787671129.857676569	s2-eth15	20758402	4780
1787671129.857676569	s2-eth16	1422	4260
1787671129.857676569	s2-eth17	1422	4260
1787671129.857676569	s2-eth18	1422	4260
1787671129.857676569	s2-eth19	2009	82008695
1787671129.857676569	s2-eth2	4753	4823
1787671129.857676569	s2-eth20	1422	4260
1787671129.857676569	s2-eth21	1422	4260
1787671129.857676569	s2-eth22	1422	4260
1787671129.857676569	s2-eth23	1942	20658792
1787671129.857676569	s2-eth24	1422	4260
1787671129.857676569	s2-eth25	1422	4260
1787671129.857676569	s2-eth26	1422	4260
1787671129.857676569	s2-eth27	1942	20697660
1787671129.857676569	s2-eth28	1422	4260
1787671129.857676569	s2-eth29	1422	4260
1787671129.857676569	s2-eth3	4191210	4847
1787671129.857676569	s2-eth30	1422	4260
1787671129.857676569	s2-eth31	1942	20765434
1787671129.857676569	s2-eth32	1422	4260
1787671129.857676569	s2-eth33	1422	4260
1787671129.857676569	s2-eth34	1422	4260
1787671129.857676569	s2-eth4	1422	4260
1787671129.857676569	s2-eth5	1422	4260
1787671129.857676569	s2-eth6	1422	4260
1787671129.857676569	s2-eth7	21003632	4914
1787671129.857676569	s2-eth8	1422	4260
1787671129.857676569	s2-eth9	1422	4365
1787671129.857676569	s3-eth1	144309724	67283896
1787671129.857676569	s3-eth10	1422	4260
1787671129.857676569	s3-eth11	2009	20703506
1787671129.857676569	s3-eth12	1422	4260
1787671129.857676569	s3-eth13	1422	4260
1787671129.857676569	s3-eth14	1422	4260
1787671129.857676569	s3-eth15	2009	20696296
1787671129.857676569	s3-eth16	1422	4280
1787671129.857676569	s3-eth17	1422	4260
1787671129.857676569	s3-eth18	1422	4260
1787671129.857676569	s3-eth19	4220050	4847
1787671129.857676569	s3-eth2	4823	4823
1787671129.857676569	s3-eth20	1422	4260
1787671129.857676569	s3-eth21	1422	4260
1787671129.857676569	s3-eth22	1422	4260
1787671129.857676569	s3-eth23	21151936	4780
1787671129.857676569	s3-eth24	1422	4260
1787671129.857676569	s3-eth25	1422	4260
1787671129.857676569	s3-eth26	1422	4260
1787671129.857676569	s3-eth27	21205368	4847
1787671129.857676569	s3-eth28	1422	4260
1787671129.857676569	s3-eth29	1422	4260
1787671129.857676569	s3-eth3	2009	82987813
1787671129.857676569	s3-eth30	1422	4260
1787671129.857676569	s3-eth31	21231456	4847
1787671129.857676569	s3-eth32	1422	4260
1787671129.857676569	s3-eth33	1422	4260
1787671129.857676569	s3-eth34	1422	4260
1787671129.857676569	s3-eth4	1422	4260
1787671129.857676569	s3-eth5	1422	4260
1787671129.857676569	s3-eth6	1422	4260
1787671129.857676569	s3-eth7	1942	20983176
1787671129.857676569	s3-eth8	1422	4260
1787671129.857676569	s3-eth9	1422	4260
1787671129.857676569	s4-eth1	136437189	9586
1787671129.857676569	s4-eth10	1422	4260
1787671129.857676569	s4-eth11	2076	21306262
1787671129.857676569	s4-eth12	1422	4170
1787671129.857676569	s4-eth13	1422	4260
1787671129.857676569	s4-eth14	1422	4260
1787671129.857676569	s4-eth15	2009	21335090
1787671129.857676569	s4-eth16	1422	4170
1787671129.857676569	s4-eth17	1422	4260
1787671129.857676569	s4-eth18	1422	4260
1787671129.857676569	s4-eth19	2009	4307966
1787671129.857676569	s4-eth2	4823	3402
1787671129.857676569	s4-eth20	1422	4057
1787671129.857676569	s4-eth21	1422	4260
1787671129.857676569	s4-eth22	1422	4260
1787671129.857676569	s4-eth23	1942	21580164
1787671129.857676569	s4-eth24	1332	4170
1787671129.857676569	s4-eth25	1332	4260
1787671129.857676569	s4-eth26	1422	4260
1787671129.857676569	s4-eth27	2009	21591778
1787671129.857676569	s4-eth28	1332	4260
1787671129.857676569	s4-eth29	1422	4057
1787671129.857676569	s4-eth3	2009	4302120
1787671129.857676569	s4-eth30	1332	4260
1787671129.857676569	s4-eth31	2009	21578842
1787671129.857676569	s4-eth32	1422	4260
1787671129.857676569	s4-eth33	1332	4260
1787671129.857676569	s4-eth34	1422	4170
1787671129.857676569	s4-eth4	1422	4260
1787671129.857676569	s4-eth5	1422	4260
1787671129.857676569	s4-eth6	1422	4260
1787671129.857676569	s4-eth7	2076	21509584
1787671129.857676569	s4-eth8	1422	4260
1787671129.857676569	s4-eth9	1422	4260
1787671129.857676569	s5-eth1	302202289	7627
1787671129.857676569	s5-eth2	69263916	149573048
1787671129.857676569	s5-eth3	8165	4823
1787671129.857676569	s5-eth4	4985	218977768
1787671129.857676569	s6-eth1	4823	4823
1787671129.857676569	s6-eth2	4823	4753
1787671129.857676569	s6-eth3	4823	4823
1787671129.857676569	s6-eth4	4852	4823
1787671129.857676569	s7-eth1	69364702	148901052
1787671129.857676569	s7-eth2	9586	138347839
1787671129.857676569	s7-eth3	4823	7962
1787671129.857676569	s7-eth4	218875101	4823
1787671129.857676569	s8-eth1	4823	4823
1787671129.857676569	s8-eth2	3402	4823
1787671129.857676569	s8-eth3	4823	3402
1787671129.857676569	s8-eth4	4852	4823
1787671129.857676569	s9-eth1	4823	8165
1787671129.857676569	s9-eth2	4823	4823
1787671129.857676569	s9-eth3	7962	4823
1787671129.857676569	s9-eth4	3402	4823
1787671134.275507434	s10-eth1	232852692	4985
1787671134.275507434	s10-eth2	4823	4852
1787671134.275507434	s10-eth3	4823	232638991
1787671134.275507434	s10-eth4	4823	4852
1787671134.275507434	s1-eth1	7627	322221575
1787671134.275507434	s1-eth10	1422	4280
1787671134.275507434	s1-eth11	23107432	4847
1787671134.275507434	s1-eth12	1422	4260
1787671134.275507434	s1-eth13	1422	4260
1787671134.275507434	s1-eth14	1422	4260
1787671134.275507434	s1-eth15	23160786	4847
1787671134.275507434	s1-eth16	1422	4260
1787671134.275507434	s1-eth17	1422	4260
1787671134.275507434	s1-eth18	1422	4260
1787671134.275507434	s1-eth19	92771829	4847
1787671134.275507434	s1-eth2	4823	4823
1787671134.275507434	s1-eth20	1422	4260
1787671134.275507434	s1-eth21	1422	4260
1787671134.275507434	s1-eth22	1422	4041
1787671134.275507434	s1-eth23	23255880	4780
1787671134.275507434	s1-eth24	1422	4260
1787671134.275507434	s1-eth25	1422	4260
1787671134.275507434	s1-eth26	1422	4260
1787671134.275507434	s1-eth27	23286096	4780
1787671134.275507434	s1-eth28	1422	4260
1787671134.275507434	s1-eth29	1422	4260
1787671134.275507434	s1-eth3	93265255	5043
1787671134.275507434	s1-eth30	1422	4260
1787671134.275507434	s1-eth31	23330798	4885
1787671134.275507434	s1-eth32	1422	4260
1787671134.275507434	s1-eth33	1422	4260
1787671134.275507434	s1-eth34	1422	4260
1787671134.275507434	s1-eth4	1618	4456
1787671134.275507434	s1-eth5	1422	4260
1787671134.275507434	s1-eth6	1422	4260
1787671134.275507434	s1-eth7	23379826	4780
1787671134.275507434	s1-eth8	1422	4260
1787671134.275507434	s1-eth9	1422	4260
1787671134.275507434	s2-eth1	161546001	74811317
1787671134.275507434	s2-eth10	1422	4260
1787671134.275507434	s2-eth11	23406004	4914
1787671134.275507434	s2-eth12	1422	4260
1787671134.275507434	s2-eth13	1422	4260
1787671134.275507434	s2-eth14	1422	4260
1787671134.275507434	s2-eth15	23398704	4780
1787671134.275507434	s2-eth16	1422	4260
1787671134.275507434	s2-eth17	1422	4260
1787671134.275507434	s2-eth18	1422	4260
1787671134.275507434	s2-eth19	2009	92307459
1787671134.275507434	s2-eth2	4780	4850
1787671134.275507434	s2-eth20	1422	4260
1787671134.275507434	s2-eth21	1422	4260
1787671134.275507434	s2-eth22	1422	4260
1787671134.275507434	s2-eth23	1942	23273138
1787671134.275507434	s2-eth24	1422	4260
1787671134.275507434	s2-eth25	1422	4260
1787671134.275507434	s2-eth26	1422	4260
1787671134.275507434	s2-eth27	1942	23300470
1787671134.275507434	s2-eth28	1422	4260
1787671134.275507434	s2-eth29	1422	4260
1787671134.275507434	s2-eth3	4716098	4847
1787671134.275507434	s2-eth30	1422	4260
1787671134.275507434	s2-eth31	1942	23342288
1787671134.275507434	s2-eth32	1422	4260
1787671134.275507434	s2-eth33	1422	4260
1787671134.275507434	s2-eth34	1422	4260
1787671134.275507434	s2-eth4	1422	4260
1787671134.275507434	s2-eth5	1422	4260
1787671134.275507434	s2-eth6	1422	4260
1787671134.275507434	s2-eth7	23642492	4914
1787671134.275507434	s2-eth8	1422	4260
1787671134.275507434	s2-eth9	1422	4365
1787671134.275507434	s3-eth1	162428481	75677805
1787671134.275507434	s3-eth10	1422	4260
1787671134.275507434	s3-eth11	2009	23294780
1787671134.275507434	s3-eth12	1422	4260
1787671134.275507434	s3-eth13	1422	4260
1787671134.275507434	s3-eth14	1422	4260
1787671134.275507434	s3-eth15	2009	23366880
1787671134.275507434	s3-eth16	1422	4280
1787671134.275507434	s3-eth17	1422	4260
1787671134.275507434	s3-eth18	1422	4260
1787671134.275507434	s3-eth19	4759358	4847
1787671134.275507434	s3-eth2	4850	4850
1787671134.275507434	s3-eth20	1422	4260
1787671134.275507434	s3-eth21	1422	4260
1787671134.275507434	s3-eth22	1422	4260
1787671134.275507434	s3-eth23	23872990	4780
1787671134.275507434	s3-eth24	1422	4260
1787671134.275507434	s3-eth25	1422	4260
1787671134.275507434	s3-eth26	1422	4260
1787671134.275507434	s3-eth27	23886046	4847
1787671134.275507434	s3-eth28	1422	4260
1787671134.275507434	s3-eth29	1422	4260
1787671134.275507434	s3-eth3	2009	93412031
1787671134.275507434	s3-eth30	1422	4260
1787671134.275507434	s3-eth31	23863106	4847
1787671134.275507434	s3-eth32	1422	4260
1787671134.275507434	s3-eth33	1422	4260
1787671134.275507434	s3-eth34	1422	4260
1787671134.275507434	s3-eth4	1422	4260
1787671134.275507434	s3-eth5	1422	4260
1787671134.275507434	s3-eth6	1422	4260
1787671134.275507434	s3-eth7	1942	23511002
1787671134.275507434	s3-eth8	1422	4260
1787671134.275507434	s3-eth9	1422	4260
1787671134.275507434	s4-eth1	152642412	9613
1787671134.275507434	s4-eth10	1422	4260
1787671134.275507434	s4-eth11	2076	23854276
1787671134.275507434	s4-eth12	1422	4170
1787671134.275507434	s4-eth13	1422	4260
1787671134.275507434	s4-eth14	1422	4260
1787671134.275507434	s4-eth15	2009	23822540
1787671134.275507434	s4-eth16	1422	4170
1787671134.275507434	s4-eth17	1422	4260
1787671134.275507434	s4-eth18	1422	4260
1787671134.275507434	s4-eth19	2009	4822760
1787671134.275507434	s4-eth2	4850	3429
1787671134.275507434	s4-eth20	1422	4057
1787671134.275507434	s4-eth21	1422	4260
1787671134.275507434	s4-eth22	1422	4260
1787671134.275507434	s4-eth23	1942	24161344
1787671134.275507434	s4-eth24	1332	4170
1787671134.275507434	s4-eth25	1332	4260
1787671134.275507434	s4-eth26	1422	4260
1787671134.275507434	s4-eth27	2009	24197472
1787671134.275507434	s4-eth28	1332	4260
1787671134.275507434	s4-eth29	1422	4057
1787671134.275507434	s4-eth3	2009	4824124
1787671134.275507434	s4-eth30	1332	4260
1787671134.275507434	s4-eth31	2009	24190304
1787671134.275507434	s4-eth32	1422	4260
1787671134.275507434	s4-eth33	1332	4260
1787671134.275507434	s4-eth34	1422	4170
1787671134.275507434	s4-eth4	1422	4260
1787671134.275507434	s4-eth5	1422	4260
1787671134.275507434	s4-eth6	1422	4260
1787671134.275507434	s4-eth7	2076	24180168
1787671134.275507434	s4-eth8	1422	4260
1787671134.275507434	s4-eth9	1422	4260
1787671134.275507434	s5-eth1	339798140	7654
1787671134.275507434	s5-eth2	77855379	168167665
1787671134.275507434	s5-eth3	8192	4850
1787671134.275507434	s5-eth4	5013	246313789
1787671134.275507434	s6-eth1	4850	4850
1787671134.275507434	s6-eth2	4850	4780
1787671134.275507434	s6-eth3	4850	4850
1787671134.275507434	s6-eth4	4880	4850
1787671134.275507434	s7-eth1	78084503	167706201
1787671134.275507434	s7-eth2	9613	155788856
1787671134.275507434	s7-eth3	4850	7989
1787671134.275507434	s7-eth4	246557203	4850
1787671134.275507434	s8-eth1	4850	4850
1787671134.275507434	s8-eth2	3429	4850
1787671134.275507434	s8-eth3	4850	3429
1787671134.275507434	s8-eth4	4880	4850
1787671134.275507434	s9-eth1	4850	8192
1787671134.275507434	s9-eth2	4850	4850
1787671134.275507434	s9-eth3	7989	4850
1787671134.275507434	s9-eth4	3429	4850
1787671138.620595082	s10-eth1	261025073	5013
1787671138.620595082	s10-eth2	4850	4880
1787671138.620595082	s10-eth3	4850	260659963
1787671138.620595082	s10-eth4	4850	4880
1787671138.620595082	s1-eth1	7654	361475726
1787671138.620595082	s1-eth10	1422	4280
1787671138.620595082	s1-eth11	25906354	4847
1787671138.620595082	s1-eth12	1422	4260
1787671138.620595082	s1-eth13	1422	4260
1787671138.620595082	s1-eth14	1422	4260
1787671138.620595082	s1-eth15	25942404	4847
1787671138.620595082	s1-eth16	1422	4260
1787671138.620595082	s1-eth17	1422	4260
1787671138.620595082	s1-eth18	1422	4260
1787671138.620595082	s1-eth19	103888207	4847
1787671138.620595082	s1-eth2	4850	4850
1787671138.620595082	s1-eth20	1422	4260
1787671138.620595082	s1-eth21	1422	4260
1787671138.620595082	s1-eth22	1422	4041
1787671138.620595082	s1-eth23	26023078	4780
1787671138.620595082	s1-eth24	1422	4260
1787671138.620595082	s1-eth25	1422	4260
1787671138.620595082	s1-eth26	1422	4260
1787671138.620595082	s1-eth27	26051852	4780
1787671138.620595082	s1-eth28	1422	4260
1787671138.620595082	s1-eth29	1422	4260
1787671138.620595082	s1-eth3	104341257	5043
1787671138.620595082	s1-eth30	1422	4260
1787671138.620595082	s1-eth31	26097996	4885
1787671138.620595082	s1-eth32	1422	4260
1787671138.620595082	s1-eth33	1422	4260
1787671138.620595082	s1-eth34	1422	4260
1787671138.620595082	s1-eth4	1618	4456
1787671138.620595082	s1-eth5	1422	4260
1787671138.620595082	s1-eth6	1422	4260
1787671138.620595082	s1-eth7	26171538	4780
1787671138.620595082	s1-eth8	1422	4260
1787671138.620595082	s1-eth9	1422	4260
1787671138.620595082	s2-eth1	180861591	83818049
1787671138.620595082	s2-eth10	1422	4260
1787671138.620595082	s2-eth11	26229440	4914
1787671138.620595082	s2-eth12	1422	4260
1787671138.620595082	s2-eth13	1422	4260
1787671138.620595082	s2-eth14	1422	4260
1787671138.620595082	s2-eth15	26230792	4780
1787671138.620595082	s2-eth16	1422	4260
1787671138.620595082	s2-eth17	1422	4260
1787671138.620595082	s2-eth18	1422	4260
1787671138.620595082	s2-eth19	2009	103392113
1787671138.620595082	s2-eth2	4780	4850
1787671138.620595082	s2-eth20	1422	4260
1787671138.620595082	s2-eth21	1422	4260
1787671138.620595082	s2-eth22	1422	4260
1787671138.620595082	s2-eth23	1942	26053314
1787671138.620595082	s2-eth24	1422	4260
1787671138.620595082	s2-eth25	1422	4260
1787671138.620595082	s2-eth26	1422	4260
1787671138.620595082	s2-eth27	1942	26041712
1787671138.620595082	s2-eth28	1422	4260
1787671138.620595082	s2-eth29	1422	4260
1787671138.620595082	s2-eth3	5277036	4847
1787671138.620595082	s2-eth30	1422	4260
1787671138.620595082	s2-eth31	1942	26089298
1787671138.620595082	s2-eth32	1422	4260
1787671138.620595082	s2-eth33	1422	4260
1787671138.620595082	s2-eth34	1422	4260
1787671138.620595082	s2-eth4	1422	4260
1787671138.620595082	s2-eth5	1422	4260
1787671138.620595082	s2-eth6	1422	4260
1787671138.620595082	s2-eth7	26419784	4914
1787671138.620595082	s2-eth8	1422	4260
1787671138.620595082	s2-eth9	1422	4365
1787671138.620595082	s3-eth1	181459997	84567735
1787671138.620595082	s3-eth10	1422	4260
1787671138.620595082	s3-eth11	2009	25956712
1787671138.620595082	s3-eth12	1422	4260
1787671138.620595082	s3-eth13	1422	4260
1787671138.620595082	s3-eth14	1422	4260
1787671138.620595082	s3-eth15	2009	25965364
1787671138.620595082	s3-eth16	1422	4280
1787671138.620595082	s3-eth17	1422	4260
1787671138.620595082	s3-eth18	1422	4260
1787671138.620595082	s3-eth19	5297224	4847
1787671138.620595082	s3-eth2	4850	4850
1787671138.620595082	s3-eth20	1422	4260
1787671138.620595082	s3-eth21	1422	4260
1787671138.620595082	s3-eth22	1422	4260
1787671138.620595082	s3-eth23	26513292	4780
1787671138.620595082	s3-eth24	1422	4260
1787671138.620595082	s3-eth25	1422	4260
1787671138.620595082	s3-eth26	1422	4260
1787671138.620595082	s3-eth27	26532116	4847
1787671138.620595082	s3-eth28	1422	4260
1787671138.620595082	s3-eth29	1422	4260
1787671138.620595082	s3-eth3	2009	103622833
1787671138.620595082	s3-eth30	1422	4260
1787671138.620595082	s3-eth31	26506292	4847
1787671138.620595082	s3-eth32	1422	4260
1787671138.620595082	s3-eth33	1422	4260
1787671138.620595082	s3-eth34	1422	4260
1787671138.620595082	s3-eth4	1422	4260
1787671138.620595082	s3-eth5	1422	4260
1787671138.620595082	s3-eth6	1422	4260
1787671138.620595082	s3-eth7	1942	26115254
1787671138.620595082	s3-eth8	1422	4260
1787671138.620595082	s3-eth9	1422	4260
1787671138.620595082	s4-eth1	169730139	9640
1787671138.620595082	s4-eth10	1422	4260
1787671138.620595082	s4-eth11	2076	26480158
1787671138.620595082	s4-eth12	1422	4170
1787671138.620595082	s4-eth13	1422	4260
1787671138.620595082	s4-eth14	1422	4260
1787671138.620595082	s4-eth15	2009	26428234
1787671138.620595082	s4-eth16	1422	4170
1787671138.620595082	s4-eth17	1422	4260
1787671138.620595082	s4-eth18	1422	4260
1787671138.620595082	s4-eth19	2009	5331786
1787671138.620595082	s4-eth2	4877	3456
1787671138.620595082	s4-eth20	1422	4057
1787671138.620595082	s4-eth21	1422	4260
1787671138.620595082	s4-eth22	1422	4260
1787671138.620595082	s4-eth23	1942	26666098
1787671138.620595082	s4-eth24	1332	4170
1787671138.620595082	s4-eth25	1332	4260
1787671138.620595082	s4-eth26	1422	4260
1787671138.620595082	s4-eth27	2009	26684922
1787671138.620595082	s4-eth28	1332	4260
1787671138.620595082	s4-eth29	1422	4057
1787671138.620595082	s4-eth3	2009	5323056
1787671138.620595082	s4-eth30	1332	4260
1787671138.620595082	s4-eth31	2009	26677754
1787671138.620595082	s4-eth32	1422	4260
1787671138.620595082	s4-eth33	1332	4260
1787671138.620595082	s4-eth34	1422	4170
1787671138.620595082	s4-eth4	1422	4260
1787671138.620595082	s4-eth5	1422	4260
1787671138.620595082	s4-eth6	1422	4260
1787671138.620595082	s4-eth7	2076	26640220
1787671138.620595082	s4-eth8	1422	4260
1787671138.620595082	s4-eth9	1422	4260
1787671138.620595082	s5-eth1	374298017	7681
1787671138.620595082	s5-eth2	85731610	185041976
1787671138.620595082	s5-eth3	8219	4877
1787671138.620595082	s5-eth4	5041	271018160
1787671138.620595082	s6-eth1	4877	4877
1787671138.620595082	s6-eth2	4877	4807
1787671138.620595082	s6-eth3	4877	4877
1787671138.620595082	s6-eth4	4908	4877
1787671138.620595082	s7-eth1	85872772	184300764
1787671138.620595082	s7-eth2	9640	171237029
1787671138.620595082	s7-eth3	4877	8016
1787671138.620595082	s7-eth4	270788599	4877
1787671138.620595082	s8-eth1	4877	4877
1787671138.620595082	s8-eth2	3456	4877
1787671138.620595082	s8-eth3	4877	3456
1787671138.620595082	s8-eth4	4908	4877
1787671138.620595082	s9-eth1	4877	8219
1787671138.620595082	s9-eth2	4877	4877
1787671138.620595082	s9-eth3	8016	4877
1787671138.620595082	s9-eth4	3456	4877
1787671142.303243740	s10-eth1	285038726	5041
1787671142.303243740	s10-eth2	4877	4908
1787671142.303243740	s10-eth3	4877	284585655
1787671142.303243740	s10-eth4	4877	4908
1787671142.303243740	s1-eth1	7681	394305767
1787671142.303243740	s1-eth10	1422	4280
1787671142.303243740	s1-eth11	28251046	4847
1787671142.303243740	s1-eth12	1422	4260
1787671142.303243740	s1-eth13	1422	4260
1787671142.303243740	s1-eth14	1422	4260
1787671142.303243740	s1-eth15	28295748	4847
1787671142.303243740	s1-eth16	1422	4260
1787671142.303243740	s1-eth17	1422	4260
1787671142.303243740	s1-eth18	1422	4260
1787671142.303243740	s1-eth19	113297257	4847
1787671142.303243740	s1-eth2	4877	4877
1787671142.303243740	s1-eth20	1422	4260
1787671142.303243740	s1-eth21	1422	4260
1787671142.303243740	s1-eth22	1422	4041
1787671142.303243740	s1-eth23	28396610	4780
1787671142.303243740	s1-eth24	1422	4260
1787671142.303243740	s1-eth25	1422	4260
1787671142.303243740	s1-eth26	1422	4260
1787671142.303243740	s1-eth27	28418174	4780
1787671142.303243740	s1-eth28	1422	4260
1787671142.303243740	s1-eth29	1422	4260
1787671142.303243740	s1-eth3	113753191	5043
1787671142.303243740	s1-eth30	1422	4260
1787671142.303243740	s1-eth31	28445572	4885
1787671142.303243740	s1-eth32	1422	4260
1787671142.303243740	s1-eth33	1422	4260
1787671142.303243740	s1-eth34	1422	4260
1787671142.303243740	s1-eth4	1618	4456
1787671142.303243740	s1-eth5	1422	4260
1787671142.303243740	s1-eth6	1422	4260
1787671142.303243740	s1-eth7	28487390	4780
1787671142.303243740	s1-eth8	1422	4260
1787671142.303243740	s1-eth9	1422	4260
1787671142.303243740	s2-eth1	196821674	91166508
1787671142.303243740	s2-eth10	1422	4260
1787671142.303243740	s2-eth11	28519336	4914
1787671142.303243740	s2-eth12	1422	4260
1787671142.303243740	s2-eth13	1422	4260
1787671142.303243740	s2-eth14	1422	4260
1787671142.303243740	s2-eth15	28519246	4780
1787671142.303243740	s2-eth16	1422	4260
1787671142.303243740	s2-eth17	1422	4260
1787671142.303243740	s2-eth18	1422	4260
1787671142.303243740	s2-eth19	2009	112382983
1787671142.303243740	s2-eth2	4807	4877
1787671142.303243740	s2-eth20	1422	4260
1787671142.303243740	s2-eth21	1422	4260
1787671142.303243740	s2-eth22	1422	4260
1787671142.303243740	s2-eth23	1942	28292740
1787671142.303243740	s2-eth24	1422	4260
1787671142.303243740	s2-eth25	1422	4260
1787671142.303243740	s2-eth26	1422	4260
1787671142.303243740	s2-eth27	1942	28269602
1787671142.303243740	s2-eth28	1422	4260
1787671142.303243740	s2-eth29	1422	4260
1787671142.303243740	s2-eth3	5728382	4847
1787671142.303243740	s2-eth30	1422	4260
1787671142.303243740	s2-eth31	1942	28331608
1787671142.303243740	s2-eth32	1422	4260
1787671142.303243740	s2-eth33	1422	4260
1787671142.303243740	s2-eth34	1422	4260
1787671142.303243740	s2-eth4	1422	4260
1787671142.303243740	s2-eth5	1422	4260
1787671142.303243740	s2-eth6	1422	4260
1787671142.303243740	s2-eth7	28714006	4914
1787671142.303243740	s2-eth8	1422	4260
1787671142.303243740	s2-eth9	1422	4365
1787671142.303243740	s3-eth1	197440268	91953686
1787671142.303243740	s3-eth10	1422	4260
1787671142.303243740	s3-eth11	2009	28288426
1787671142.303243740	s3-eth12	1422	4260
1787671142.303243740	s3-eth13	1422	4260
1787671142.303243740	s3-eth14	1422	4260
1787671142.303243740	s3-eth15	2009	28301404
1787671142.303243740	s3-eth16	1422	4280
1787671142.303243740	s3-eth17	1422	4260
1787671142.303243740	s3-eth18	1422	4260
1787671142.303243740	s3-eth19	5773084	4847
1787671142.303243740	s3-eth2	4877	4877
1787671142.303243740	s3-eth20	1422	4260
1787671142.303243740	s3-eth21	1422	4260
1787671142.303243740	s3-eth22	1422	4260
1787671142.303243740	s3-eth23	28907012	4780
1787671142.303243740	s3-eth24	1422	4260
1787671142.303243740	s3-eth25	1422	4260
1787671142.303243740	s3-eth26	1422	4260
1787671142.303243740	s3-eth27	28935930	4847
1787671142.303243740	s3-eth28	1422	4260
1787671142.303243740	s3-eth29	1422	4260
1787671142.303243740	s3-eth3	2009	113191945
1787671142.303243740	s3-eth30	1422	4260
1787671142.303243740	s3-eth31	28943272	4847
1787671142.303243740	s3-eth32	1422	4260
1787671142.303243740	s3-eth33	1422	4260
1787671142.303243740	s3-eth34	1422	4260
1787671142.303243740	s3-eth4	1422	4260
1787671142.303243740	s3-eth5	1422	4260
1787671142.303243740	s3-eth6	1422	4260
1787671142.303243740	s3-eth7	1942	28527720
1787671142.303243740	s3-eth8	1422	4260
1787671142.303243740	s3-eth9	1422	4260
1787671142.303243740	s4-eth1	185380165	9640
1787671142.303243740	s4-eth10	1422	4260
1787671142.303243740	s4-eth11	2076	28937326
1787671142.303243740	s4-eth12	1422	4170
1787671142.303243740	s4-eth13	1422	4260
1787671142.303243740	s4-eth14	1422	4260
1787671142.303243740	s4-eth15	2009	28904148
1787671142.303243740	s4-eth16	1422	4170
1787671142.303243740	s4-eth17	1422	4260
1787671142.303243740	s4-eth18	1422	4260
1787671142.303243740	s4-eth19	2009	5832160
1787671142.303243740	s4-eth2	4877	3456
1787671142.303243740	s4-eth20	1422	4057
1787671142.303243740	s4-eth21	1422	4260
1787671142.303243740	s4-eth22	1422	4260
1787671142.303243740	s4-eth23	1942	29193924
1787671142.303243740	s4-eth24	1332	4170
1787671142.303243740	s4-eth25	1332	4260
1787671142.303243740	s4-eth26	1422	4260
1787671142.303243740	s4-eth27	2009	29235820
1787671142.303243740	s4-eth28	1332	4260
1787671142.303243740	s4-eth29	1422	4057
1787671142.303243740	s4-eth3	2009	5834966
1787671142.303243740	s4-eth30	1332	4260
1787671142.303243740	s4-eth31	2009	29238746
1787671142.303243740	s4-eth32	1422	4260
1787671142.303243740	s4-eth33	1332	4260
1787671142.303243740	s4-eth34	1422	4170
1787671142.303243740	s4-eth4	1422	4260
1787671142.303243740	s4-eth5	1422	4260
1787671142.303243740	s4-eth6	1422	4260
1787671142.303243740	s4-eth7	2076	29247356
1787671142.303243740	s4-eth8	1422	4260
1787671142.303243740	s4-eth9	1422	4260
1787671142.303243740	s5-eth1	411071901	7681
1787671142.303243740	s5-eth2	94167310	203441896
1787671142.303243740	s5-eth3	8219	4877
1787671142.303243740	s5-eth4	5041	297946068
1787671142.303243740	s6-eth1	4877	4877
1787671142.303243740	s6-eth2	4877	4807
1787671142.303243740	s6-eth3	4877	4877
1787671142.303243740	s6-eth4	4908	4877
1787671142.303243740	s7-eth1	94439694	202850652
1787671142.303243740	s7-eth2	9640	188431437
1787671142.303243740	s7-eth3	4877	8016
1787671142.303243740	s7-eth4	298192367	4877
1787671142.303243740	s8-eth1	4877	4877
1787671142.303243740	s8-eth2	3456	4877
1787671142.303243740	s8-eth3	4877	3456
1787671142.303243740	s8-eth4	4908	4877
1787671142.303243740	s9-eth1	4877	8219
1787671142.303243740	s9-eth2	4877	4877
1787671142.303243740	s9-eth3	8016	4877
1787671142.303243740	s9-eth4	3456	4877
1787671146.579143423	s10-eth1	312999133	5069
1787671146.579143423	s10-eth2	4904	4936
1787671146.579143423	s10-eth3	4904	312478289
1787671146.579143423	s10-eth4	4904	4936
1787671146.579143423	s1-eth1	7708	433234026
1787671146.579143423	s1-eth10	1422	4280
1787671146.579143423	s1-eth11	31041316	4847
1787671146.579143423	s1-eth12	1422	4260
1787671146.579143423	s1-eth13	1422	4260
1787671146.579143423	s1-eth14	1422	4260
1787671146.579143423	s1-eth15	31113416	4847
1787671146.579143423	s1-eth16	1422	4260
1787671146.579143423	s1-eth17	1422	4260
1787671146.579143423	s1-eth18	1422	4260
1787671146.579143423	s1-eth19	124632819	4847
1787671146.579143423	s1-eth2	4904	4904
1787671146.579143423	s1-eth20	1422	4260
1787671146.579143423	s1-eth21	1422	4260
1787671146.579143423	s1-eth22	1422	4041
1787671146.579143423	s1-eth23	31246002	4780
1787671146.579143423	s1-eth24	1422	4260
1787671146.579143423	s1-eth25	1422	4260
1787671146.579143423	s1-eth26	1422	4260
1787671146.579143423	s1-eth27	31307942	4780
1787671146.579143423	s1-eth28	1422	4260
1787671146.579143423	s1-eth29	1422	4260
1787671146.579143423	s1-eth3	125359849	5043
1787671146.579143423	s1-eth30	1422	4260
1787671146.579143423	s1-eth31	31364180	4885
1787671146.579143423	s1-eth32	1422	4260
1787671146.579143423	s1-eth33	1422	4260
1787671146.579143423	s1-eth34	1422	4260
1787671146.579143423	s1-eth4	1618	4456
1787671146.579143423	s1-eth5	1422	4260
1787671146.579143423	s1-eth6	1422	4260
1787671146.579143423	s1-eth7	31475214	4780
1787671146.579143423	s1-eth8	1422	4260
1787671146.579143423	s1-eth9	1422	4260
1787671146.579143423	s2-eth1	217357223	100738531
1787671146.579143423	s2-eth10	1422	4260
1787671146.579143423	s2-eth11	31536000	4914
1787671146.579143423	s2-eth12	1422	4260
1787671146.579143423	s2-eth13	1422	4260
1787671146.579143423	s2-eth14	1422	4260
1787671146.579143423	s2-eth15	31608010	4780
1787671146.579143423	s2-eth16	1422	4260
1787671146.579143423	s2-eth17	1422	4260
1787671146.579143423	s2-eth18	1422	4260
1787671146.579143423	s2-eth19	2009	124381865
1787671146.579143423	s2-eth2	4834	4904
1787671146.579143423	s2-eth20	1422	4260
1787671146.579143423	s2-eth21	1422	4260
1787671146.579143423	s2-eth22	1422	4260
1787671146.579143423	s2-eth23	1942	31381504
1787671146.579143423	s2-eth24	1422	4260
1787671146.579143423	s2-eth25	1422	4260
1787671146.579143423	s2-eth26	1422	4260
1787671146.579143423	s2-eth27	1942	31379996
1787671146.579143423	s2-eth28	1422	4260
1787671146.579143423	s2-eth29	1422	4260
1787671146.579143423	s2-eth3	6385934	4847
1787671146.579143423	s2-eth30	1422	4260
1787671146.579143423	s2-eth31	1942	31431908
1787671146.579143423	s2-eth32	1422	4260
1787671146.579143423	s2-eth33	1422	4260
1787671146.579143423	s2-eth34	1422	4260
1787671146.579143423	s2-eth4	1422	4260
1787671146.579143423	s2-eth5	1422	4260
1787671146.579143423	s2-eth6	1422	4260
1787671146.579143423	s2-eth7	32033490	4914
1787671146.579143423	s2-eth8	1422	4260
1787671146.579143423	s2-eth9	1422	4365
1787671146.579143423	s3-eth1	218864089	102597115
1787671146.579143423	s3-eth10	1422	4260
1787671146.579143423	s3-eth11	2009	31309416
1787671146.579143423	s3-eth12	1422	4260
1787671146.579143423	s3-eth13	1422	4260
1787671146.579143423	s3-eth14	1422	4260
1787671146.579143423	s3-eth15	2009	31319510
1787671146.579143423	s3-eth16	1422	4280
1787671146.579143423	s3-eth17	1422	4260
1787671146.579143423	s3-eth18	1422	4260
1787671146.579143423	s3-eth19	6433520	4847
1787671146.579143423	s3-eth2	4904	4904
1787671146.579143423	s3-eth20	1422	4260
1787671146.579143423	s3-eth21	1422	4260
1787671146.579143423	s3-eth22	1422	4260
1787671146.579143423	s3-eth23	32183236	4780
1787671146.579143423	s3-eth24	1422	4260
1787671146.579143423	s3-eth25	1422	4260
1787671146.579143423	s3-eth26	1422	4260
1787671146.579143423	s3-eth27	32197734	4847
1787671146.579143423	s3-eth28	1422	4260
1787671146.579143423	s3-eth29	1422	4260
1787671146.579143423	s3-eth3	2009	124821675
1787671146.579143423	s3-eth30	1422	4260
1787671146.579143423	s3-eth31	32180562	4847
1787671146.579143423	s3-eth32	1422	4260
1787671146.579143423	s3-eth33	1422	4260
1787671146.579143423	s3-eth34	1422	4260
1787671146.579143423	s3-eth4	1422	4260
1787671146.579143423	s3-eth5	1422	4260
1787671146.579143423	s3-eth6	1422	4260
1787671146.579143423	s3-eth7	1942	31444886
1787671146.579143423	s3-eth8	1422	4260
1787671146.579143423	s3-eth9	1422	4260
1787671146.579143423	s4-eth1	205576844	9667
1787671146.579143423	s4-eth10	1422	4260
1787671146.579143423	s4-eth11	2076	32030416
1787671146.579143423	s4-eth12	1422	4170
1787671146.579143423	s4-eth13	1422	4260
1787671146.579143423	s4-eth14	1422	4260
1787671146.579143423	s4-eth15	2009	31979934
1787671146.579143423	s4-eth16	1422	4170
1787671146.579143423	s4-eth17	1422	4260
1787671146.579143423	s4-eth18	1422	4260
1787671146.579143423	s4-eth19	2009	6460872
1787671146.579143423	s4-eth2	4904	3483
1787671146.579143423	s4-eth20	1422	4057
1787671146.579143423	s4-eth21	1422	4260
1787671146.579143423	s4-eth22	1422	4260
1787671146.579143423	s4-eth23	1942	32324506
1787671146.579143423	s4-eth24	1332	4170
1787671146.579143423	s4-eth25	1332	4260
1787671146.579143423	s4-eth26	1422	4260
1787671146.579143423	s4-eth27	2009	32339004
1787671146.579143423	s4-eth28	1332	4260
1787671146.579143423	s4-eth29	1422	4057
1787671146.579143423	s4-eth3	2009	6439164
1787671146.579143423	s4-eth30	1332	4260
1787671146.579143423	s4-eth31	2009	32339046
1787671146.579143423	s4-eth32	1422	4260
1787671146.579143423	s4-eth33	1332	4260
1787671146.579143423	s4-eth34	1422	4170
1787671146.579143423	s4-eth4	1422	4260
1787671146.579143423	s4-eth5	1422	4260
1787671146.579143423	s4-eth6	1422	4260
1787671146.579143423	s4-eth7	2076	32268346
1787671146.579143423	s4-eth8	1422	4260
1787671146.579143423	s4-eth9	1422	4260
1787671146.579143423	s5-eth1	453259080	7708
1787671146.579143423	s5-eth2	104034943	223256445
1787671146.579143423	s5-eth3	8246	4904
1787671146.579143423	s5-eth4	5069	327603709
1787671146.579143423	s6-eth1	4904	4904
1787671146.579143423	s6-eth2	4904	4834
1787671146.579143423	s6-eth3	4904	4904
1787671146.579143423	s6-eth4	4936	4904
1787671146.579143423	s7-eth1	104261183	222007649
1787671146.579143423	s7-eth2	9667	207830690
1787671146.579143423	s7-eth3	4904	8043
1787671146.579143423	s7-eth4	327395779	4904
1787671146.579143423	s8-eth1	4904	4904
1787671146.579143423	s8-eth2	3483	4904
1787671146.579143423	s8-eth3	4904	3483
1787671146.579143423	s8-eth4	4936	4904
1787671146.579143423	s9-eth1	4904	8246
1787671146.579143423	s9-eth2	4904	4904
1787671146.579143423	s9-eth3	8043	4904
1787671146.579143423	s9-eth4	3483	4904
1787671151.351836194	s10-eth1	342251572	5097
1787671151.351836194	s10-eth2	4931	4964
1787671151.351836194	s10-eth3	4931	341662955
1787671151.351836194	s10-eth4	4931	4964
1787671151.351836194	s1-eth1	7735	475612991
1787671151.351836194	s1-eth10	1422	4280
1787671151.351836194	s1-eth11	34153152	4847
1787671151.351836194	s1-eth12	1422	4260
1787671151.351836194	s1-eth13	1422	4260
1787671151.351836194	s1-eth14	1422	4260
1787671151.351836194	s1-eth15	34238230	4847
1787671151.351836194	s1-eth16	1422	4260
1787671151.351836194	s1-eth17	1422	4260
1787671151.351836194	s1-eth18	1422	4260
1787671151.351836194	s1-eth19	137270507	4847
1787671151.351836194	s1-eth2	4931	4931
1787671151.351836194	s1-eth20	1422	4260
1787671151.351836194	s1-eth21	1422	4260
1787671151.351836194	s1-eth22	1422	4041
1787671151.351836194	s1-eth23	34451568	4780
1787671151.351836194	s1-eth24	1422	4260
1787671151.351836194	s1-eth25	1422	4260
1787671151.351836194	s1-eth26	1422	4260
1787671151.351836194	s1-eth27	34535138	4780
1787671151.351836194	s1-eth28	1422	4260
1787671151.351836194	s1-eth29	1422	4260
1787671151.351836194	s1-eth3	138414275	5043
1787671151.351836194	s1-eth30	1422	4260
1787671151.351836194	s1-eth31	34649056	4885
1787671151.351836194	s1-eth32	1422	4260
1787671151.351836194	s1-eth33	1422	4260
1787671151.351836194	s1-eth34	1422	4260
1787671151.351836194	s1-eth4	1618	4456
1787671151.351836194	s1-eth5	1422	4260
1787671151.351836194	s1-eth6	1422	4260
1787671151.351836194	s1-eth7	34794698	4780
1787671151.351836194	s1-eth8	1422	4260
1787671151.351836194	s1-eth9	1422	4260
1787671151.351836194	s2-eth1	237767318	111302650
1787671151.351836194	s2-eth10	1422	4260
1787671151.351836194	s2-eth11	34805014	4914
1787671151.351836194	s2-eth12	1422	4260
1787671151.351836194	s2-eth13	1422	4260
1787671151.351836194	s2-eth14	1422	4260
1787671151.351836194	s2-eth15	34802040	4780
1787671151.351836194	s2-eth16	1422	4260
1787671151.351836194	s2-eth17	1422	4260
1787671151.351836194	s2-eth18	1422	4260
1787671151.351836194	s2-eth19	2009	135662631
1787671151.351836194	s2-eth2	4861	4931
1787671151.351836194	s2-eth20	1422	4260
1787671151.351836194	s2-eth21	1422	4260
1787671151.351836194	s2-eth22	1422	4260
1787671151.351836194	s2-eth23	1942	34228012
1787671151.351836194	s2-eth24	1422	4260
1787671151.351836194	s2-eth25	1422	4260
1787671151.351836194	s2-eth26	1422	4260
1787671151.351836194	s2-eth27	1942	34207758
1787671151.351836194	s2-eth28	1422	4260
1787671151.351836194	s2-eth29	1422	4260
1787671151.351836194	s2-eth3	6994458	4847
1787671151.351836194	s2-eth30	1422	4260
1787671151.351836194	s2-eth31	1942	34226504
1787671151.351836194	s2-eth32	1422	4260
1787671151.351836194	s2-eth33	1422	4260
1787671151.351836194	s2-eth34	1422	4260
1787671151.351836194	s2-eth4	1422	4260
1787671151.351836194	s2-eth5	1422	4260
1787671151.351836194	s2-eth6	1422	4260
1787671151.351836194	s2-eth7	35042944	4914
1787671151.351836194	s2-eth8	1422	4260
1787671151.351836194	s2-eth9	1422	4365
1787671151.351836194	s3-eth1	237419772	112170580
1787671151.351836194	s3-eth10	1422	4260
1787671151.351836194	s3-eth11	2009	33964138
1787671151.351836194	s3-eth12	1422	4260
1787671151.351836194	s3-eth13	1422	4260
1787671151.351836194	s3-eth14	1422	4260
1787671151.351836194	s3-eth15	2009	33969906
1787671151.351836194	s3-eth16	1422	4280
1787671151.351836194	s3-eth17	1422	4260
1787671151.351836194	s3-eth18	1422	4260
1787671151.351836194	s3-eth19	7024740	4847
1787671151.351836194	s3-eth2	4931	4931
1787671151.351836194	s3-eth20	1422	4260
1787671151.351836194	s3-eth21	1422	4260
1787671151.351836194	s3-eth22	1422	4260
1787671151.351836194	s3-eth23	35147988	4780
1787671151.351836194	s3-eth24	1422	4260
1787671151.351836194	s3-eth25	1422	4260
1787671151.351836194	s3-eth26	1422	4260
1787671151.351836194	s3-eth27	35172580	4847
1787671151.351836194	s3-eth28	1422	4260
1787671151.351836194	s3-eth29	1422	4260
1787671151.351836194	s3-eth3	2009	135374231
1787671151.351836194	s3-eth30	1422	4260
1787671151.351836194	s3-eth31	35166944	4847
1787671151.351836194	s3-eth32	1422	4260
1787671151.351836194	s3-eth33	1422	4260
1787671151.351836194	s3-eth34	1422	4260
1787671151.351836194	s3-eth4	1422	4260
1787671151.351836194	s3-eth5	1422	4260
1787671151.351836194	s3-eth6	1422	4260
1787671151.351836194	s3-eth7	1942	34161614
1787671151.351836194	s3-eth8	1422	4260
1787671151.351836194	s3-eth9	1422	4260
1787671151.351836194	s4-eth1	224536287	9694
1787671151.351836194	s4-eth10	1422	4260
1787671151.351836194	s4-eth11	2076	34947582
1787671151.351836194	s4-eth12	1422	4170
1787671151.351836194	s4-eth13	1422	4260
1787671151.351836194	s4-eth14	1422	4260
1787671151.351836194	s4-eth15	2009	34888448
1787671151.351836194	s4-eth16	1422	4170
1787671151.351836194	s4-eth17	1422	4260
1787671151.351836194	s4-eth18	1422	4260
1787671151.351836194	s4-eth19	2009	7059302
1787671151.351836194	s4-eth2	4931	3510
1787671151.351836194	s4-eth20	1422	4057
1787671151.351836194	s4-eth21	1422	4260
1787671151.351836194	s4-eth22	1422	4260
1787671151.351836194	s4-eth23	1942	35308004
1787671151.351836194	s4-eth24	1332	4170
1787671151.351836194	s4-eth25	1332	4260
1787671151.351836194	s4-eth26	1422	4260
1787671151.351836194	s4-eth27	2009	35342690
1787671151.351836194	s4-eth28	1332	4260
1787671151.351836194	s4-eth29	1422	4057
1787671151.351836194	s4-eth3	2009	7033268
1787671151.351836194	s4-eth30	1332	4260
1787671151.351836194	s4-eth31	2009	35387434
1787671151.351836194	s4-eth32	1422	4260
1787671151.351836194	s4-eth33	1332	4260
1787671151.351836194	s4-eth34	1422	4170
1787671151.351836194	s4-eth4	1422	4260
1787671151.351836194	s4-eth5	1422	4260
1787671151.351836194	s4-eth6	1422	4260
1787671151.351836194	s4-eth7	2076	35188396
1787671151.351836194	s4-eth8	1422	4260
1787671151.351836194	s4-eth9	1422	4260
1787671151.351836194	s5-eth1	494728143	7735
1787671151.351836194	s5-eth2	113674740	242952750
1787671151.351836194	s5-eth3	8273	4931
1787671151.351836194	s5-eth4	5097	356893640
1787671151.351836194	s6-eth1	4931	4931
1787671151.351836194	s6-eth2	4931	4861
1787671151.351836194	s6-eth3	4931	4931
1787671151.351836194	s6-eth4	4964	4931
1787671151.351836194	s7-eth1	113997594	241474676
1787671151.351836194	s7-eth2	9694	227100163
1787671151.351836194	s7-eth3	4931	8070
1787671151.351836194	s7-eth4	356925083	4931
1787671151.351836194	s8-eth1	4931	4931
1787671151.351836194	s8-eth2	3510	4931
1787671151.351836194	s8-eth3	4931	3510
1787671151.351836194	s8-eth4	4964	4931
1787671151.351836194	s9-eth1	4931	8273
1787671151.351836194	s9-eth2	4931	4931
1787671151.351836194	s9-eth3	8070	4931
1787671151.351836194	s9-eth4	3510	4931
1787671156.257818088	s10-eth1	373277671	5125
1787671156.257818088	s10-eth2	4958	4992
1787671156.257818088	s10-eth3	4958	372022851
1787671156.257818088	s10-eth4	4958	4992
1787671156.257818088	s1-eth1	7762	518997030
1787671156.257818088	s1-eth10	1422	4280
1787671156.257818088	s1-eth11	37393326	4847
1787671156.257818088	s1-eth12	1422	4260
1787671156.257818088	s1-eth13	1422	4260
1787671156.257818088	s1-eth14	1422	4260
1787671156.257818088	s1-eth15	37521664	4847
1787671156.257818088	s1-eth16	1422	4260
1787671156.257818088	s1-eth17	1422	4260
1787671156.257818088	s1-eth18	1422	4260
1787671156.257818088	s1-eth19	150336469	4847
1787671156.257818088	s1-eth2	4958	4958
1787671156.257818088	s1-eth20	1422	4260
1787671156.257818088	s1-eth21	1422	4260
1787671156.257818088	s1-eth22	1422	4041
1787671156.257818088	s1-eth23	37768168	4780
1787671156.257818088	s1-eth24	1422	4260
1787671156.257818088	s1-eth25	1422	4260
1787671156.257818088	s1-eth26	1422	4260
1787671156.257818088	s1-eth27	37863274	4780
1787671156.257818088	s1-eth28	1422	4260
1787671156.257818088	s1-eth29	1422	4260
1787671156.257818088	s1-eth3	151673465	5043
1787671156.257818088	s1-eth30	1422	4260
1787671156.257818088	s1-eth31	37946910	4885
1787671156.257818088	s1-eth32	1422	4260
1787671156.257818088	s1-eth33	1422	4260
1787671156.257818088	s1-eth34	1422	4260
1787671156.257818088	s1-eth4	1618	4456
1787671156.257818088	s1-eth5	1422	4260
1787671156.257818088	s1-eth6	1422	4260
1787671156.257818088	s1-eth7	38130044	4780
1787671156.257818088	s1-eth8	1422	4260
1787671156.257818088	s1-eth9	1422	4260
1787671156.257818088	s2-eth1	258302867	122220059
1787671156.257818088	s2-eth10	1422	4260
1787671156.257818088	s2-eth11	38255720	4914
1787671156.257818088	s2-eth12	1422	4260
1787671156.257818088	s2-eth13	1422	4260
1787671156.257818088	s2-eth14	1422	4260
1787671156.257818088	s2-eth15	38294564	4780
1787671156.257818088	s2-eth16	1422	4260
1787671156.257818088	s2-eth17	1422	4260
1787671156.257818088	s2-eth18	1422	4260
1787671156.257818088	s2-eth19	2009	147383207
1787671156.257818088	s2-eth2	4888	4958
1787671156.257818088	s2-eth20	1422	4260
1787671156.257818088	s2-eth21	1422	4260
1787671156.257818088	s2-eth22	1422	4260
1787671156.257818088	s2-eth23	1942	37381666
1787671156.257818088	s2-eth24	1422	4260
1787671156.257818088	s2-eth25	1422	4260
1787671156.257818088	s2-eth26	1422	4260
1787671156.257818088	s2-eth27	1942	37439280
1787671156.257818088	s2-eth28	1422	4260
1787671156.257818088	s2-eth29	1422	4260
1787671156.257818088	s2-eth3	7742856	4847
1787671156.257818088	s2-eth30	1422	4260
1787671156.257818088	s2-eth31	1942	37488308
1787671156.257818088	s2-eth32	1422	4260
1787671156.257818088	s2-eth33	1422	4260
1787671156.257818088	s2-eth34	1422	4260
1787671156.257818088	s2-eth4	1422	4260
1787671156.257818088	s2-eth5	1422	4260
1787671156.257818088	s2-eth6	1422	4260
1787671156.257818088	s2-eth7	38848382	4914
1787671156.257818088	s2-eth8	1422	4260
1787671156.257818088	s2-eth9	1422	4365
1787671156.257818088	s3-eth1	259367039	124473751
1787671156.257818088	s3-eth10	1422	4260
1787671156.257818088	s3-eth11	2009	37246130
1787671156.257818088	s3-eth12	1422	4260
1787671156.257818088	s3-eth13	1422	4260
1787671156.257818088	s3-eth14	1422	4260
1787671156.257818088	s3-eth15	2009	37293716
1787671156.257818088	s3-eth16	1422	4280
1787671156.257818088	s3-eth17	1422	4260
1787671156.257818088	s3-eth18	1422	4260
1787671156.257818088	s3-eth19	7822166	4847
1787671156.257818088	s3-eth2	4958	4958
1787671156.257818088	s3-eth20	1422	4260
1787671156.257818088	s3-eth21	1422	4260
1787671156.257818088	s3-eth22	1422	4260
1787671156.257818088	s3-eth23	39175494	4780
1787671156.257818088	s3-eth24	1422	4260
1787671156.257818088	s3-eth25	1422	4260
1787671156.257818088	s3-eth26	1422	4260
1787671156.257818088	s3-eth27	39185666	4847
1787671156.257818088	s3-eth28	1422	4260
1787671156.257818088	s3-eth29	1422	4260
1787671156.257818088	s3-eth3	2009	147923957
1787671156.257818088	s3-eth30	1422	4260
1787671156.257818088	s3-eth31	39181472	4847
1787671156.257818088	s3-eth32	1422	4260
1787671156.257818088	s3-eth33	1422	4260
1787671156.257818088	s3-eth34	1422	4260
1787671156.257818088	s3-eth4	1422	4260
1787671156.257818088	s3-eth5	1422	4260
1787671156.257818088	s3-eth6	1422	4260
1787671156.257818088	s3-eth7	1942	37488308
1787671156.257818088	s3-eth8	1422	4260
1787671156.257818088	s3-eth9	1422	4260
1787671156.257818088	s4-eth1	249937144	9721
1787671156.257818088	s4-eth10	1422	4260
1787671156.257818088	s4-eth11	2076	38907314
1787671156.257818088	s4-eth12	1422	4170
1787671156.257818088	s4-eth13	1422	4260
1787671156.257818088	s4-eth14	1422	4260
1787671156.257818088	s4-eth15	2009	38874136
1787671156.257818088	s4-eth16	1422	4170
1787671156.257818088	s4-eth17	1422	4260
1787671156.257818088	s4-eth18	1422	4260
1787671156.257818088	s4-eth19	2009	7875474
1787671156.257818088	s4-eth2	4985	3564
1787671156.257818088	s4-eth20	1422	4057
1787671156.257818088	s4-eth21	1422	4260
1787671156.257818088	s4-eth22	1422	4260
1787671156.257818088	s4-eth23	1942	39435008
1787671156.257818088	s4-eth24	1332	4170
1787671156.257818088	s4-eth25	1332	4260
1787671156.257818088	s4-eth26	1422	4260
1787671156.257818088	s4-eth27	2009	39489882
1787671156.257818088	s4-eth28	1332	4260
1787671156.257818088	s4-eth29	1422	4057
1787671156.257818088	s4-eth3	2009	7843672
1787671156.257818088	s4-eth30	1332	4260
1787671156.257818088	s4-eth31	2009	39492808
1787671156.257818088	s4-eth32	1422	4260
1787671156.257818088	s4-eth33	1332	4260
1787671156.257818088	s4-eth34	1422	4170
1787671156.257818088	s4-eth4	1422	4260
1787671156.257818088	s4-eth5	1422	4260
1787671156.257818088	s4-eth6	1422	4260
1787671156.257818088	s4-eth7	2076	39262046
1787671156.257818088	s4-eth8	1422	4260
1787671156.257818088	s4-eth9	1422	4260
1787671156.257818088	s5-eth1	548693605	7789
1787671156.257818088	s5-eth2	127128654	267413450
1787671156.257818088	s5-eth3	8327	4985
1787671156.257818088	s5-eth4	5153	394852902
1787671156.257818088	s6-eth1	4985	4985
1787671156.257818088	s6-eth2	4985	4915
1787671156.257818088	s6-eth3	4985	4985
1787671156.257818088	s6-eth4	5020	4985
1787671156.257818088	s7-eth1	127305866	264914440
1787671156.257818088	s7-eth2	9748	253289821
1787671156.257818088	s7-eth3	4985	8124
1787671156.257818088	s7-eth4	393514447	4985
1787671156.257818088	s8-eth1	4985	4985
1787671156.257818088	s8-eth2	3564	4985
1787671156.257818088	s8-eth3	4985	3564
1787671156.257818088	s8-eth4	5020	4985
1787671156.257818088	s9-eth1	4985	8327
1787671156.257818088	s9-eth2	4985	4985
1787671156.257818088	s9-eth3	8124	4985
1787671156.257818088	s9-eth4	3564	4985
1787671162.437028081	s10-eth1	409019110	5153
1787671162.437028081	s10-eth2	4985	5020
1787671162.437028081	s10-eth3	4985	407498963
1787671162.437028081	s10-eth4	4985	5020
1787671162.437028081	s1-eth1	7789	569449753
1787671162.437028081	s1-eth10	1422	4280
1787671162.437028081	s1-eth11	41239140	4847
1787671162.437028081	s1-eth12	1422	4260
1787671162.437028081	s1-eth13	1422	4260
1787671162.437028081	s1-eth14	1422	4260
1787671162.437028081	s1-eth15	41280958	4847
1787671162.437028081	s1-eth16	1422	4260
1787671162.437028081	s1-eth17	1422	4260
1787671162.437028081	s1-eth18	1422	4260
1787671162.437028081	s1-eth19	165245307	4847
1787671162.437028081	s1-eth2	4985	4985
1787671162.437028081	s1-eth20	1422	4260
1787671162.437028081	s1-eth21	1422	4260
1787671162.437028081	s1-eth22	1422	4041
1787671162.437028081	s1-eth23	41352980	4780
1787671162.437028081	s1-eth24	1422	4260
1787671162.437028081	s1-eth25	1422	4260
1787671162.437028081	s1-eth26	1422	4260
1787671162.437028081	s1-eth27	41383196	4780
1787671162.437028081	s1-eth28	1422	4260
1787671162.437028081	s1-eth29	1422	4260
1787671162.437028081	s1-eth3	165666633	5043
1787671162.437028081	s1-eth30	1422	4260
1787671162.437028081	s1-eth31	41430782	4885
1787671162.437028081	s1-eth32	1422	4260
1787671162.437028081	s1-eth33	1422	4260
1787671162.437028081	s1-eth34	1422	4260
1787671162.437028081	s1-eth4	1618	4456
1787671162.437028081	s1-eth5	1422	4260
1787671162.437028081	s1-eth6	1422	4260
1787671162.437028081	s1-eth7	41505766	4780
1787671162.437028081	s1-eth8	1422	4260
1787671162.437028081	s1-eth9	1422	4260
1787671162.437028081	s2-eth1	279710826	132841858
1787671162.437028081	s2-eth10	1422	4260
1787671162.437028081	s2-eth11	41544922	4914
1787671162.437028081	s2-eth12	1422	4260
1787671162.437028081	s2-eth13	1422	4260
1787671162.437028081	s2-eth14	1422	4260
1787671162.437028081	s2-eth15	41556368	4780
1787671162.437028081	s2-eth16	1422	4260
1787671162.437028081	s2-eth17	1422	4260
1787671162.437028081	s2-eth18	1422	4260
1787671162.437028081	s2-eth19	2009	159309989
1787671162.437028081	s2-eth2	4915	4985
1787671162.437028081	s2-eth20	1422	4260
1787671162.437028081	s2-eth21	1422	4260
1787671162.437028081	s2-eth22	1422	4260
1787671162.437028081	s2-eth23	1942	40336324
1787671162.437028081	s2-eth24	1422	4260
1787671162.437028081	s2-eth25	1422	4260
1787671162.437028081	s2-eth26	1422	4260
1787671162.437028081	s2-eth27	1942	40392496
1787671162.437028081	s2-eth28	1422	4260
1787671162.437028081	s2-eth29	1422	4260
1787671162.437028081	s2-eth3	8352822	4847
1787671162.437028081	s2-eth30	1422	4260
1787671162.437028081	s2-eth31	1942	40375192
1787671162.437028081	s2-eth32	1422	4260
1787671162.437028081	s2-eth33	1422	4260
1787671162.437028081	s2-eth34	1422	4260
1787671162.437028081	s2-eth4	1422	4260
1787671162.437028081	s2-eth5	1422	4260
1787671162.437028081	s2-eth6	1422	4260
1787671162.437028081	s2-eth7	41840532	4914
1787671162.437028081	s2-eth8	1422	4260
1787671162.437028081	s2-eth9	1422	4365
1787671162.437028081	s3-eth1	279294064	134042890
1787671162.437028081	s3-eth10	1422	4260
1787671162.437028081	s3-eth11	2009	40096964
1787671162.437028081	s3-eth12	1422	4260
1787671162.437028081	s3-eth13	1422	4260
1787671162.437028081	s3-eth14	1422	4260
1787671162.437028081	s3-eth15	2009	40115710
1787671162.437028081	s3-eth16	1422	4280
1787671162.437028081	s3-eth17	1422	4260
1787671162.437028081	s3-eth18	1422	4260
1787671162.437028081	s3-eth19	8404734	4847
1787671162.437028081	s3-eth2	4985	4985
1787671162.437028081	s3-eth20	1422	4260
1787671162.437028081	s3-eth21	1422	4260
1787671162.437028081	s3-eth22	1422	4260
1787671162.437028081	s3-eth23	42081124	4780
1787671162.437028081	s3-eth24	1422	4260
1787671162.437028081	s3-eth25	1422	4260
1787671162.437028081	s3-eth26	1422	4260
1787671162.437028081	s3-eth27	42118694	4847
1787671162.437028081	s3-eth28	1422	4260
1787671162.437028081	s3-eth29	1422	4260
1787671162.437028081	s3-eth3	2009	159526289
1787671162.437028081	s3-eth30	1422	4260
1787671162.437028081	s3-eth31	42164970	4847
1787671162.437028081	s3-eth32	1422	4260
1787671162.437028081	s3-eth33	1422	4260
1787671162.437028081	s3-eth34	1422	4260
1787671162.437028081	s3-eth4	1422	4260
1787671162.437028081	s3-eth5	1422	4260
1787671162.437028081	s3-eth6	1422	4260
1787671162.437028081	s3-eth7	1942	40454502
1787671162.437028081	s3-eth8	1422	4260
1787671162.437028081	s3-eth9	1422	4260
1787671162.437028081	s4-eth1	269268623	9748
1787671162.437028081	s4-eth10	1422	4260
1787671162.437028081	s4-eth11	2076	41921094
1787671162.437028081	s4-eth12	1422	4170
1787671162.437028081	s4-eth13	1422	4260
1787671162.437028081	s4-eth14	1422	4260
1787671162.437028081	s4-eth15	2009	41898010
1787671162.437028081	s4-eth16	1422	4170
1787671162.437028081	s4-eth17	1422	4260
1787671162.437028081	s4-eth18	1422	4260
1787671162.437028081	s4-eth19	2009	8483998
1787671162.437028081	s4-eth2	4985	3564
1787671162.437028081	s4-eth20	1422	4057
1787671162.437028081	s4-eth21	1422	4260
1787671162.437028081	s4-eth22	1422	4260
1787671162.437028081	s4-eth23	1942	42467534
1787671162.437028081	s4-eth24	1332	4170
1787671162.437028081	s4-eth25	1332	4260
1787671162.437028081	s4-eth26	1422	4260
1787671162.437028081	s4-eth27	2009	42502220
1787671162.437028081	s4-eth28	1332	4260
1787671162.437028081	s4-eth29	1422	4057
1787671162.437028081	s4-eth3	2009	8440660
1787671162.437028081	s4-eth30	1332	4260
1787671162.437028081	s4-eth31	2009	42459002
1787671162.437028081	s4-eth32	1422	4260
1787671162.437028081	s4-eth33	1332	4260
1787671162.437028081	s4-eth34	1422	4170
1787671162.437028081	s4-eth4	1422	4260
1787671162.437028081	s4-eth5	1422	4260
1787671162.437028081	s4-eth6	1422	4260
1787671162.437028081	s4-eth7	2076	42154698
1787671162.437028081	s4-eth8	1422	4260
1787671162.437028081	s4-eth9	1422	4260
1787671162.437028081	s5-eth1	589235435	7789
1787671162.437028081	s5-eth2	136390620	287337564
1787671162.437028081	s5-eth3	8327	4985
1787671162.437028081	s5-eth4	5153	424062081
1787671162.437028081	s6-eth1	5012	5012
1787671162.437028081	s6-eth2	5012	4942
1787671162.437028081	s6-eth3	5012	5012
1787671162.437028081	s6-eth4	5048	5012
1787671162.437028081	s7-eth1	136657263	284894819
1787671162.437028081	s7-eth2	9775	272009892
1787671162.437028081	s7-eth3	5012	8151
1787671162.437028081	s7-eth4	423036541	5012
1787671162.437028081	s8-eth1	5012	5012
1787671162.437028081	s8-eth2	3591	5012
1787671162.437028081	s8-eth3	5012	3591
1787671162.437028081	s8-eth4	5048	5012
1787671162.437028081	s9-eth1	5012	8354
1787671162.437028081	s9-eth2	5012	5012
1787671162.437028081	s9-eth3	8151	5012
1787671162.437028081	s9-eth4	3591	5012
1787671167.044104205	s10-eth1	438198007	5181
1787671167.044104205	s10-eth2	5012	5048
1787671167.044104205	s10-eth3	5012	435548775
1787671167.044104205	s10-eth4	5012	5048
1787671167.044104205	s1-eth1	7816	611952730
1787671167.044104205	s1-eth10	1422	4280
1787671167.044104205	s1-eth11	44283202	4847
1787671167.044104205	s1-eth12	1422	4260
1787671167.044104205	s1-eth13	1422	4260
1787671167.044104205	s1-eth14	1422	4260
1787671167.044104205	s1-eth15	44307716	4847
1787671167.044104205	s1-eth16	1422	4260
1787671167.044104205	s1-eth17	1422	4260
1787671167.044104205	s1-eth18	1422	4260
1787671167.044104205	s1-eth19	177391273	4847
1787671167.044104205	s1-eth2	5012	5012
1787671167.044104205	s1-eth20	1422	4260
1787671167.044104205	s1-eth21	1422	4260
1787671167.044104205	s1-eth22	1422	4041
1787671167.044104205	s1-eth23	44463374	4850
1787671167.044104205	s1-eth24	1422	4260
1787671167.044104205	s1-eth25	1422	4260
1787671167.044104205	s1-eth26	1422	4260
1787671167.044104205	s1-eth27	44545502	4780
1787671167.044104205	s1-eth28	1422	4260
1787671167.044104205	s1-eth29	1422	4260
1787671167.044104205	s1-eth3	178530715	5043
1787671167.044104205	s1-eth30	1422	4330
1787671167.044104205	s1-eth31	44679608	4885
1787671167.044104205	s1-eth32	1422	4260
1787671167.044104205	s1-eth33	1422	4260
1787671167.044104205	s1-eth34	1422	4260
1787671167.044104205	s1-eth4	1618	4456
1787671167.044104205	s1-eth5	1422	4260
1787671167.044104205	s1-eth6	1422	4260
1787671167.044104205	s1-eth7	44855532	4780
1787671167.044104205	s1-eth8	1422	4260
1787671167.044104205	s1-eth9	1422	4260
1787671167.044104205	s2-eth1	301800851	143652559
1787671167.044104205	s2-eth10	1422	4260
1787671167.044104205	s2-eth11	44953810	4914
1787671167.044104205	s2-eth12	1422	4260
1787671167.044104205	s2-eth13	1422	4260
1787671167.044104205	s2-eth14	1422	4260
1787671167.044104205	s2-eth15	45028704	4780
1787671167.044104205	s2-eth16	1422	4260
1787671167.044104205	s2-eth17	1422	4260
1787671167.044104205	s2-eth18	1422	4260
1787671167.044104205	s2-eth19	2009	171490563
1787671167.044104205	s2-eth2	4942	5012
1787671167.044104205	s2-eth20	1422	4260
1787671167.044104205	s2-eth21	1422	4260
1787671167.044104205	s2-eth22	1422	4260
1787671167.044104205	s2-eth23	1942	43396248
1787671167.044104205	s2-eth24	1422	4260
1787671167.044104205	s2-eth25	1422	4260
1787671167.044104205	s2-eth26	1422	4260
1787671167.044104205	s2-eth27	1942	43453862
1787671167.044104205	s2-eth28	1422	4260
1787671167.044104205	s2-eth29	1422	4260
1787671167.044104205	s2-eth3	9023352	4847
1787671167.044104205	s2-eth30	1422	4260
1787671167.044104205	s2-eth31	1942	43326966
1787671167.044104205	s2-eth32	1422	4260
1787671167.044104205	s2-eth33	1422	4260
1787671167.044104205	s2-eth34	1422	4260
1787671167.044104205	s2-eth4	1422	4260
1787671167.044104205	s2-eth5	1422	4260
1787671167.044104205	s2-eth6	1422	4260
1787671167.044104205	s2-eth7	45113872	4914
1787671167.044104205	s2-eth8	1422	4260
1787671167.044104205	s2-eth9	1422	4365
1787671167.044104205	s3-eth1	298129495	144341681
1787671167.044104205	s3-eth10	1422	4260
1787671167.044104205	s3-eth11	2009	42802156
1787671167.044104205	s3-eth12	1422	4260
1787671167.044104205	s3-eth13	1422	4260
1787671167.044104205	s3-eth14	1422	4260
1787671167.044104205	s3-eth15	2009	42757454
1787671167.044104205	s3-eth16	1422	4280
1787671167.044104205	s3-eth17	1422	4260
1787671167.044104205	s3-eth18	1422	4260
1787671167.044104205	s3-eth19	9030562	4847
1787671167.044104205	s3-eth2	5012	5012
1787671167.044104205	s3-eth20	1422	4260
1787671167.044104205	s3-eth21	1422	4260
1787671167.044104205	s3-eth22	1422	4260
1787671167.044104205	s3-eth23	45190076	4780
1787671167.044104205	s3-eth24	1422	4260
1787671167.044104205	s3-eth25	1422	4260
1787671167.044104205	s3-eth26	1422	4260
1787671167.044104205	s3-eth27	45304072	4847
1787671167.044104205	s3-eth28	1422	4260
1787671167.044104205	s3-eth29	1422	4260
1787671167.044104205	s3-eth3	2009	169497719
1787671167.044104205	s3-eth30	1422	4260
1787671167.044104205	s3-eth31	45320066	4847
1787671167.044104205	s3-eth32	1422	4260
1787671167.044104205	s3-eth33	1422	4260
1787671167.044104205	s3-eth34	1422	4260
1787671167.044104205	s3-eth4	1422	4260
1787671167.044104205	s3-eth5	1422	4260
1787671167.044104205	s3-eth6	1422	4260
1787671167.044104205	s3-eth7	1942	42952046
1787671167.044104205	s3-eth8	1422	4260
1787671167.044104205	s3-eth9	1422	4260
1787671167.044104205	s4-eth1	288098286	9775
1787671167.044104205	s4-eth10	1422	4260
1787671167.044104205	s4-eth11	2076	44668104
1787671167.044104205	s4-eth12	1422	4170
1787671167.044104205	s4-eth13	1422	4260
1787671167.044104205	s4-eth14	1422	4260
1787671167.044104205	s4-eth15	2009	44619064
1787671167.044104205	s4-eth16	1422	4170
1787671167.044104205	s4-eth17	1422	4260
1787671167.044104205	s4-eth18	1422	4260
1787671167.044104205	s4-eth19	2009	9092522
1787671167.044104205	s4-eth2	5012	3591
1787671167.044104205	s4-eth20	1422	4057
1787671167.044104205	s4-eth21	1422	4260
1787671167.044104205	s4-eth22	1422	4260
1787671167.044104205	s4-eth23	1942	45481314
1787671167.044104205	s4-eth24	1332	4170
1787671167.044104205	s4-eth25	1332	4260
1787671167.044104205	s4-eth26	1422	4260
1787671167.044104205	s4-eth27	2009	45540514
1787671167.044104205	s4-eth28	1332	4260
1787671167.044104205	s4-eth29	1422	4057
1787671167.044104205	s4-eth3	2009	8984294
1787671167.044104205	s4-eth30	1332	4260
1787671167.044104205	s4-eth31	2009	45513158
1787671167.044104205	s4-eth32	1422	4260
1787671167.044104205	s4-eth33	1332	4260
1787671167.044104205	s4-eth34	1422	4170
1787671167.044104205	s4-eth4	1422	4260
1787671167.044104205	s4-eth5	1422	4260
1787671167.044104205	s4-eth6	1422	4260
1787671167.044104205	s4-eth7	2076	44908918
1787671167.044104205	s4-eth8	1422	4260
1787671167.044104205	s4-eth9	1422	4260
1787671167.044104205	s5-eth1	629571086	7816
1787671167.044104205	s5-eth2	146225087	305762025
1787671167.044104205	s5-eth3	8354	5012
1787671167.044104205	s5-eth4	5181	451868167
1787671167.044104205	s6-eth1	5012	5012
1787671167.044104205	s6-eth2	5012	4942
1787671167.044104205	s6-eth3	5012	5012
1787671167.044104205	s6-eth4	5048	5012
1787671167.044104205	s7-eth1	146409509	300929859
1787671167.044104205	s7-eth2	9775	290516520
1787671167.044104205	s7-eth3	5012	8151
1787671167.044104205	s7-eth4	448619063	5012
1787671167.044104205	s8-eth1	5012	5012
1787671167.044104205	s8-eth2	3591	5012
1787671167.044104205	s8-eth3	5012	3591
1787671167.044104205	s8-eth4	5048	5012
1787671167.044104205	s9-eth1	5039	8381
1787671167.044104205	s9-eth2	5039	5039
1787671167.044104205	s9-eth3	8178	5039
1787671167.044104205	s9-eth4	3618	5039
1787671171.928774578	s10-eth1	466964492	5209
1787671171.928774578	s10-eth2	5039	5076
1787671171.928774578	s10-eth3	5039	463317397
1787671171.928774578	s10-eth4	5039	5076
1787671171.928774578	s1-eth1	7843	652540731
1787671171.928774578	s1-eth10	1422	4280
1787671171.928774578	s1-eth11	47457044	4847
1787671171.928774578	s1-eth12	1422	4260
1787671171.928774578	s1-eth13	1422	4260
1787671171.928774578	s1-eth14	1422	4260
1787671171.928774578	s1-eth15	47521934	4847
1787671171.928774578	s1-eth16	1422	4260
1787671171.928774578	s1-eth17	1422	4260
1787671171.928774578	s1-eth18	1422	4260
1787671171.928774578	s1-eth19	190370715	4847
1787671171.928774578	s1-eth2	5039	5039
1787671171.928774578	s1-eth20	1422	4260
1787671171.928774578	s1-eth21	1422	4260
1787671171.928774578	s1-eth22	1422	4041
1787671171.928774578	s1-eth23	47658846	4850
1787671171.928774578	s1-eth24	1422	4260
1787671171.928774578	s1-eth25	1422	4260
1787671171.928774578	s1-eth26	1422	4260
1787671171.928774578	s1-eth27	47735206	4780
1787671171.928774578	s1-eth28	1422	4260
1787671171.928774578	s1-eth29	1422	4260
1787671171.928774578	s1-eth3	191191475	5043
1787671171.928774578	s1-eth30	1422	4330
1787671171.928774578	s1-eth31	47820284	4885
1787671171.928774578	s1-eth32	1422	4260
1787671171.928774578	s1-eth33	1422	4260
1787671171.928774578	s1-eth34	1422	4260
1787671171.928774578	s1-eth4	1618	4456
1787671171.928774578	s1-eth5	1422	4260
1787671171.928774578	s1-eth6	1422	4260
1787671171.928774578	s1-eth7	47915456	4780
1787671171.928774578	s1-eth8	1422	4260
1787671171.928774578	s1-eth9	1422	4260
1787671171.928774578	s2-eth1	319671584	153423578
1787671171.928774578	s2-eth10	1422	4260
1787671171.928774578	s2-eth11	47990662	4914
1787671171.928774578	s2-eth12	1422	4260
1787671171.928774578	s2-eth13	1422	4260
1787671171.928774578	s2-eth14	1422	4260
1787671171.928774578	s2-eth15	48002108	4780
1787671171.928774578	s2-eth16	1422	4260
1787671171.928774578	s2-eth17	1422	4260
1787671171.928774578	s2-eth18	1422	4260
1787671171.928774578	s2-eth19	2009	181467761
1787671171.928774578	s2-eth2	4969	5039
1787671171.928774578	s2-eth20	1422	4260
1787671171.928774578	s2-eth21	1422	4260
1787671171.928774578	s2-eth22	1422	4260
1787671171.928774578	s2-eth23	1942	46095672
1787671171.928774578	s2-eth24	1422	4260
1787671171.928774578	s2-eth25	1422	4260
1787671171.928774578	s2-eth26	1422	4260
1787671171.928774578	s2-eth27	2012	46216734
1787671171.928774578	s2-eth28	1422	4260
1787671171.928774578	s2-eth29	1422	4260
1787671171.928774578	s2-eth3	9688114	4847
1787671171.928774578	s2-eth30	1492	4260
1787671171.928774578	s2-eth31	1942	46216734
1787671171.928774578	s2-eth32	1422	4330
1787671171.928774578	s2-eth33	1422	4260
1787671171.928774578	s2-eth34	1422	4260
1787671171.928774578	s2-eth4	1422	4260
1787671171.928774578	s2-eth5	1422	4260
1787671171.928774578	s2-eth6	1422	4260
1787671171.928774578	s2-eth7	48682822	4914
1787671171.928774578	s2-eth8	1422	4260
1787671171.928774578	s2-eth9	1422	4365
1787671171.928774578	s3-eth1	317566240	156024792
1787671171.928774578	s3-eth10	1422	4260
1787671171.928774578	s3-eth11	2009	45800074
1787671171.928774578	s3-eth12	1422	4260
1787671171.928774578	s3-eth13	1422	4260
1787671171.928774578	s3-eth14	1422	4260
1787671171.928774578	s3-eth15	2009	45782770
1787671171.928774578	s3-eth16	1422	4280
1787671171.928774578	s3-eth17	1422	4260
1787671171.928774578	s3-eth18	1422	4260
1787671171.928774578	s3-eth19	9781844	4917
1787671171.928774578	s3-eth2	5039	5039
1787671171.928774578	s3-eth20	1422	4260
1787671171.928774578	s3-eth21	1422	4260
1787671171.928774578	s3-eth22	1422	4260
1787671171.928774578	s3-eth23	48940718	4780
1787671171.928774578	s3-eth24	1422	4260
1787671171.928774578	s3-eth25	1422	4260
1787671171.928774578	s3-eth26	1422	4260
1787671171.928774578	s3-eth27	48965310	4847
1787671171.928774578	s3-eth28	1422	4260
1787671171.928774578	s3-eth29	1422	4260
1787671171.928774578	s3-eth3	2009	180181497
1787671171.928774578	s3-eth30	1422	4260
1787671171.928774578	s3-eth31	48966884	4847
1787671171.928774578	s3-eth32	1422	4260
1787671171.928774578	s3-eth33	1422	4260
1787671171.928774578	s3-eth34	1422	4260
1787671171.928774578	s3-eth4	1422	4260
1787671171.928774578	s3-eth5	1422	4260
1787671171.928774578	s3-eth6	1422	4260
1787671171.928774578	s3-eth7	1942	46039368
1787671171.928774578	s3-eth8	1422	4260
1787671171.928774578	s3-eth9	1422	4260
1787671171.928774578	s4-eth1	311343353	9829
1787671171.928774578	s4-eth10	1422	4260
1787671171.928774578	s4-eth11	2076	48260126
1787671171.928774578	s4-eth12	1422	4170
1787671171.928774578	s4-eth13	1422	4260
1787671171.928774578	s4-eth14	1422	4260
1787671171.928774578	s4-eth15	2009	48190898
1787671171.928774578	s4-eth16	1422	4170
1787671171.928774578	s4-eth17	1422	4260
1787671171.928774578	s4-eth18	1422	4260
1787671171.928774578	s4-eth19	2009	9835152
1787671171.928774578	s4-eth2	5066	3645
1787671171.928774578	s4-eth20	1422	4057
1787671171.928774578	s4-eth21	1422	4260
1787671171.928774578	s4-eth22	1422	4260
1787671171.928774578	s4-eth23	1942	49195906
1787671171.928774578	s4-eth24	1332	4170
1787671171.928774578	s4-eth25	1332	4260
1787671171.928774578	s4-eth26	1422	4260
1787671171.928774578	s4-eth27	2009	49217614
1787671171.928774578	s4-eth28	1332	4260
1787671171.928774578	s4-eth29	1422	4057
1787671171.928774578	s4-eth3	2009	9689432
1787671171.928774578	s4-eth30	1332	4260
1787671171.928774578	s4-eth31	2009	49180164
1787671171.928774578	s4-eth32	1422	4260
1787671171.928774578	s4-eth33	1332	4260
1787671171.928774578	s4-eth34	1422	4170
1787671171.928774578	s4-eth4	1422	4260
1787671171.928774578	s4-eth5	1422	4260
1787671171.928774578	s4-eth6	1422	4260
1787671171.928774578	s4-eth7	2076	48508150
1787671171.928774578	s4-eth8	1422	4260
1787671171.928774578	s4-eth9	1422	4260
1787671171.928774578	s5-eth1	677735382	7870
1787671171.928774578	s5-eth2	158255747	327892453
1787671171.928774578	s5-eth3	8408	5066
1787671171.928774578	s5-eth4	5237	486236849
1787671171.928774578	s6-eth1	5066	5066
1787671171.928774578	s6-eth2	5066	4996
1787671171.928774578	s6-eth3	5066	5066
1787671171.928774578	s6-eth4	5104	5066
1787671171.928774578	s7-eth1	158597347	322362359
1787671171.928774578	s7-eth2	9829	314486940
1787671171.928774578	s7-eth3	5066	8205
1787671171.928774578	s7-eth4	482382107	5066
1787671171.928774578	s8-eth1	5066	5066
1787671171.928774578	s8-eth2	3645	5066
1787671171.928774578	s8-eth3	5066	3645
1787671171.928774578	s8-eth4	5104	5066
1787671171.928774578	s9-eth1	5066	8408
1787671171.928774578	s9-eth2	5066	5066
1787671171.928774578	s9-eth3	8205	5066
1787671171.928774578	s9-eth4	3645	5066
1787671177.702167154	s10-eth1	500662617	5237
1787671177.702167154	s10-eth2	5066	5104
1787671177.702167154	s10-eth3	5066	495916719
1787671177.702167154	s10-eth4	5066	5104
1787671177.702167154	s1-eth1	7870	700067636
1787671177.702167154	s1-eth10	1422	4280
1787671177.702167154	s1-eth11	51069254	4917
1787671177.702167154	s1-eth12	1422	4260
1787671177.702167154	s1-eth13	1422	4260
1787671177.702167154	s1-eth14	1422	4260
1787671177.702167154	s1-eth15	51085116	4847
1787671177.702167154	s1-eth16	1422	4260
1787671177.702167154	s1-eth17	1422	4260
1787671177.702167154	s1-eth18	1422	4260
1787671177.702167154	s1-eth19	204483569	4847
1787671177.702167154	s1-eth2	5066	5066
1787671177.702167154	s1-eth20	1422	4260
1787671177.702167154	s1-eth21	1422	4260
1787671177.702167154	s1-eth22	1422	4041
1787671177.702167154	s1-eth23	51190304	4850
1787671177.702167154	s1-eth24	1422	4260
1787671177.702167154	s1-eth25	1422	4260
1787671177.702167154	s1-eth26	1422	4260
1787671177.702167154	s1-eth27	51243592	4780
1787671177.702167154	s1-eth28	1422	4260
1787671177.702167154	s1-eth29	1422	4260
1787671177.702167154	s1-eth3	205250975	5043
1787671177.702167154	s1-eth30	1422	4330
1787671177.702167154	s1-eth31	51350300	4885
1787671177.702167154	s1-eth32	1422	4260
1787671177.702167154	s1-eth33	1422	4260
1787671177.702167154	s1-eth34	1422	4260
1787671177.702167154	s1-eth4	1618	4456
1787671177.702167154	s1-eth5	1422	4260
1787671177.702167154	s1-eth6	1422	4260
1787671177.702167154	s1-eth7	51506036	4780
1787671177.702167154	s1-eth8	1422	4260
1787671177.702167154	s1-eth9	1422	4260
1787671177.702167154	s2-eth1	341659227	164978351
1787671177.702167154	s2-eth10	1422	4260
1787671177.702167154	s2-eth11	51608640	4914
1787671177.702167154	s2-eth12	1422	4260
1787671177.702167154	s2-eth13	1422	4260
1787671177.702167154	s2-eth14	1422	4260
1787671177.702167154	s2-eth15	51638832	4780
1787671177.702167154	s2-eth16	1422	4260
1787671177.702167154	s2-eth17	1422	4260
1787671177.702167154	s2-eth18	1422	4260
1787671177.702167154	s2-eth19	2009	193519997
1787671177.702167154	s2-eth2	4996	5066
1787671177.702167154	s2-eth20	1422	4260
1787671177.702167154	s2-eth21	1422	4260
1787671177.702167154	s2-eth22	1422	4260
1787671177.702167154	s2-eth23	1942	49356034
1787671177.702167154	s2-eth24	1422	4260
1787671177.702167154	s2-eth25	1422	4260
1787671177.702167154	s2-eth26	1422	4260
1787671177.702167154	s2-eth27	2012	49410764
1787671177.702167154	s2-eth28	1422	4260
1787671177.702167154	s2-eth29	1422	4260
1787671177.702167154	s2-eth3	10370180	4847
1787671177.702167154	s2-eth30	1492	4260
1787671177.702167154	s2-eth31	1942	49325686
1787671177.702167154	s2-eth32	1422	4330
1787671177.702167154	s2-eth33	1422	4260
1787671177.702167154	s2-eth34	1422	4260
1787671177.702167154	s2-eth4	1422	4260
1787671177.702167154	s2-eth5	1422	4260
1787671177.702167154	s2-eth6	1422	4260
1787671177.702167154	s2-eth7	51891272	4914
1787671177.702167154	s2-eth8	1422	4260
1787671177.702167154	s2-eth9	1422	4365
1787671177.702167154	s3-eth1	337004427	166085653
1787671177.702167154	s3-eth10	1422	4260
1787671177.702167154	s3-eth11	2009	48591786
1787671177.702167154	s3-eth12	1422	4260
1787671177.702167154	s3-eth13	1422	4260
1787671177.702167154	s3-eth14	1422	4260
1787671177.702167154	s3-eth15	2009	48495172
1787671177.702167154	s3-eth16	1422	4280
1787671177.702167154	s3-eth17	1422	4260
1787671177.702167154	s3-eth18	1422	4260
1787671177.702167154	s3-eth19	10394694	4917
1787671177.702167154	s3-eth2	5066	5066
1787671177.702167154	s3-eth20	1422	4260
1787671177.702167154	s3-eth21	1422	4260
1787671177.702167154	s3-eth22	1422	4260
1787671177.702167154	s3-eth23	51999200	4780
1787671177.702167154	s3-eth24	1422	4260
1787671177.702167154	s3-eth25	1422	4260
1787671177.702167154	s3-eth26	1492	4260
1787671177.702167154	s3-eth27	52023792	4847
1787671177.702167154	s3-eth28	1422	4260
1787671177.702167154	s3-eth29	1422	4260
1787671177.702167154	s3-eth3	2009	190859507
1787671177.702167154	s3-eth30	1422	4260
1787671177.702167154	s3-eth31	52018156	4847
1787671177.702167154	s3-eth32	1422	4260
1787671177.702167154	s3-eth33	1422	4260
1787671177.702167154	s3-eth34	1422	4260
1787671177.702167154	s3-eth4	1422	4260
1787671177.702167154	s3-eth5	1422	4260
1787671177.702167154	s3-eth6	1422	4260
1787671177.702167154	s3-eth7	1942	48701300
1787671177.702167154	s3-eth8	1422	4260
1787671177.702167154	s3-eth9	1422	4260
1787671177.702167154	s4-eth1	330191762	9829
1787671177.702167154	s4-eth10	1422	4260
1787671177.702167154	s4-eth11	2076	51100866
1787671177.702167154	s4-eth12	1422	4170
1787671177.702167154	s4-eth13	1422	4260
1787671177.702167154	s4-eth14	1422	4260
1787671177.702167154	s4-eth15	2009	51005682
1787671177.702167154	s4-eth16	1422	4170
1787671177.702167154	s4-eth17	1422	4260
1787671177.702167154	s4-eth18	1422	4260
1787671177.702167154	s4-eth19	2009	10419162
1787671177.702167154	s4-eth2	5066	3645
1787671177.702167154	s4-eth20	1422	4057
1787671177.702167154	s4-eth21	1422	4260
1787671177.702167154	s4-eth22	1422	4260
1787671177.702167154	s4-eth23	1942	52085674
1787671177.702167154	s4-eth24	1332	4170
1787671177.702167154	s4-eth25	1332	4260
1787671177.702167154	s4-eth26	1422	4260
1787671177.702167154	s4-eth27	2009	52118918
1787671177.702167154	s4-eth28	1332	4260
1787671177.702167154	s4-eth29	1422	4057
1787671177.702167154	s4-eth3	2009	10248928
1787671177.702167154	s4-eth30	1332	4260
1787671177.702167154	s4-eth31	2009	52087236
1787671177.702167154	s4-eth32	1422	4260
1787671177.702167154	s4-eth33	1332	4260
1787671177.702167154	s4-eth34	1422	4170
1787671177.702167154	s4-eth4	1422	4330
1787671177.702167154	s4-eth5	1422	4260
1787671177.702167154	s4-eth6	1422	4260
1787671177.702167154	s4-eth7	2076	51236414
1787671177.702167154	s4-eth8	1422	4260
1787671177.702167154	s4-eth9	1422	4260
1787671177.702167154	s5-eth1	716119980	7870
1787671177.702167154	s5-eth2	167321601	345905917
1787671177.702167154	s5-eth3	8435	5093
1787671177.702167154	s5-eth4	5265	513009048
1787671177.702167154	s6-eth1	5066	5093
1787671177.702167154	s6-eth2	5093	5023
1787671177.702167154	s6-eth3	5093	5093
1787671177.702167154	s6-eth4	5132	5093
1787671177.702167154	s7-eth1	167562288	339340494
1787671177.702167154	s7-eth2	9856	331989963
1787671177.702167154	s7-eth3	5093	8232
1787671177.702167154	s7-eth4	508162211	5093
1787671177.702167154	s8-eth1	5093	5093
1787671177.702167154	s8-eth2	3672	5093
1787671177.702167154	s8-eth3	5093	3672
1787671177.702167154	s8-eth4	5132	5093
1787671177.702167154	s9-eth1	5093	8435
1787671177.702167154	s9-eth2	5093	5093
1787671177.702167154	s9-eth3	8232	5093
1787671177.702167154	s9-eth4	3672	5093
1787671182.027157440	s10-eth1	526473002	5265
1787671182.027157440	s10-eth2	5093	5132
1787671182.027157440	s10-eth3	5093	520957077
1787671182.027157440	s10-eth4	5093	5132
1787671182.027157440	s1-eth1	7897	737343363
1787671182.027157440	s1-eth10	1422	4280
1787671182.027157440	s1-eth11	53859524	4917
1787671182.027157440	s1-eth12	1422	4260
1787671182.027157440	s1-eth13	1422	4260
1787671182.027157440	s1-eth14	1422	4260
1787671182.027157440	s1-eth15	53898458	4847
1787671182.027157440	s1-eth16	1422	4260
1787671182.027157440	s1-eth17	1422	4330
1787671182.027157440	s1-eth18	1492	4260
1787671182.027157440	s1-eth19	215723959	4847
1787671182.027157440	s1-eth2	5093	5093
1787671182.027157440	s1-eth20	1422	4260
1787671182.027157440	s1-eth21	1422	4260
1787671182.027157440	s1-eth22	1422	4041
1787671182.027157440	s1-eth23	53996436	4850
1787671182.027157440	s1-eth24	1422	4260
1787671182.027157440	s1-eth25	1422	4260
1787671182.027157440	s1-eth26	1422	4260
1787671182.027157440	s1-eth27	54032420	4780
1787671182.027157440	s1-eth28	1422	4260
1787671182.027157440	s1-eth29	1422	4260
1787671182.027157440	s1-eth3	216272181	5043
1787671182.027157440	s1-eth30	1422	4330
1787671182.027157440	s1-eth31	54088658	4885
1787671182.027157440	s1-eth32	1422	4260
1787671182.027157440	s1-eth33	1422	4260
1787671182.027157440	s1-eth34	1422	4260
1787671182.027157440	s1-eth4	1618	4456
1787671182.027157440	s1-eth5	1422	4260
1787671182.027157440	s1-eth6	1422	4260
1787671182.027157440	s1-eth7	54170852	4780
1787671182.027157440	s1-eth8	1422	4260
1787671182.027157440	s1-eth9	1422	4260
1787671182.027157440	s2-eth1	358051910	173386680
1787671182.027157440	s2-eth10	1422	4260
1787671182.027157440	s2-eth11	54220102	4914
1787671182.027157440	s2-eth12	1422	4260
1787671182.027157440	s2-eth13	1422	4260
1787671182.027157440	s2-eth14	1422	4260
1787671182.027157440	s2-eth15	54230106	4780
1787671182.027157440	s2-eth16	1422	4260
1787671182.027157440	s2-eth17	1422	4260
1787671182.027157440	s2-eth18	1422	4260
1787671182.027157440	s2-eth19	2009	202235445
1787671182.027157440	s2-eth2	5023	5093
1787671182.027157440	s2-eth20	1422	4260
1787671182.027157440	s2-eth21	1422	4260
1787671182.027157440	s2-eth22	1422	4260
1787671182.027157440	s2-eth23	1942	51671956
1787671182.027157440	s2-eth24	1422	4260
1787671182.027157440	s2-eth25	1422	4260
1787671182.027157440	s2-eth26	1422	4260
1787671182.027157440	s2-eth27	2012	51749688
1787671182.027157440	s2-eth28	1422	4260
1787671182.027157440	s2-eth29	1422	4260
1787671182.027157440	s2-eth3	10892184	4847
1787671182.027157440	s2-eth30	1492	4260
1787671182.027157440	s2-eth31	1942	51693450
1787671182.027157440	s2-eth32	1422	4330
1787671182.027157440	s2-eth33	1422	4260
1787671182.027157440	s2-eth34	1422	4260
1787671182.027157440	s2-eth4	1422	4330
1787671182.027157440	s2-eth5	1422	4260
1787671182.027157440	s2-eth6	1422	4260
1787671182.027157440	s2-eth7	54566182	4914
1787671182.027157440	s2-eth8	1422	4260
1787671182.027157440	s2-eth9	1422	4365
1787671182.027157440	s3-eth1	352446832	174713166
1787671182.027157440	s3-eth10	1422	4330
1787671182.027157440	s3-eth11	2009	50864378
1787671182.027157440	s3-eth12	1422	4260
1787671182.027157440	s3-eth13	1422	4260
1787671182.027157440	s3-eth14	1422	4260
1787671182.027157440	s3-eth15	2009	50785068
1787671182.027157440	s3-eth16	1422	4280
1787671182.027157440	s3-eth17	1422	4260
1787671182.027157440	s3-eth18	1422	4260
1787671182.027157440	s3-eth19	10948422	4917
1787671182.027157440	s3-eth2	5093	5093
1787671182.027157440	s3-eth20	1422	4260
1787671182.027157440	s3-eth21	1422	4260
1787671182.027157440	s3-eth22	1422	4260
1787671182.027157440	s3-eth23	54795238	4850
1787671182.027157440	s3-eth24	1422	4260
1787671182.027157440	s3-eth25	1422	4260
1787671182.027157440	s3-eth26	1492	4260
1787671182.027157440	s3-eth27	54844344	4847
1787671182.027157440	s3-eth28	1422	4260
1787671182.027157440	s3-eth29	1422	4260
1787671182.027157440	s3-eth3	2009	200034953
1787671182.027157440	s3-eth30	1422	4260
1787671182.027157440	s3-eth31	54868990	4847
1787671182.027157440	s3-eth32	1422	4260
1787671182.027157440	s3-eth33	1422	4260
1787671182.027157440	s3-eth34	1422	4260
1787671182.027157440	s3-eth4	1422	4260
1787671182.027157440	s3-eth5	1422	4260
1787671182.027157440	s3-eth6	1422	4260
1787671182.027157440	s3-eth7	1942	51122418
1787671182.027157440	s3-eth8	1422	4260
1787671182.027157440	s3-eth9	1422	4260
1787671182.027157440	s4-eth1	348244187	9856
1787671182.027157440	s4-eth10	1422	4260
1787671182.027157440	s4-eth11	2076	53791638
1787671182.027157440	s4-eth12	1422	4170
1787671182.027157440	s4-eth13	1422	4260
1787671182.027157440	s4-eth14	1422	4260
1787671182.027157440	s4-eth15	2009	53715200
1787671182.027157440	s4-eth16	1422	4170
1787671182.027157440	s4-eth17	1422	4260
1787671182.027157440	s4-eth18	1422	4260
1787671182.027157440	s4-eth19	2009	11020476
1787671182.027157440	s4-eth2	5093	3672
1787671182.027157440	s4-eth20	1422	4057
1787671182.027157440	s4-eth21	1492	4260
1787671182.027157440	s4-eth22	1422	4260
1787671182.027157440	s4-eth23	1942	55171554
1787671182.027157440	s4-eth24	1332	4170
1787671182.027157440	s4-eth25	1332	4260
1787671182.027157440	s4-eth26	1422	4260
1787671182.027157440	s4-eth27	2009	55243732
1787671182.027157440	s4-eth28	1402	4260
1787671182.027157440	s4-eth29	1422	4057
1787671182.027157440	s4-eth3	2009	10837264
1787671182.027157440	s4-eth30	1332	4260
1787671182.027157440	s4-eth31	2009	55302896
1787671182.027157440	s4-eth32	1422	4260
1787671182.027157440	s4-eth33	1332	4260
1787671182.027157440	s4-eth34	1422	4170
1787671182.027157440	s4-eth4	1422	4330
1787671182.027157440	s4-eth5	1422	4260
1787671182.027157440	s4-eth6	1422	4260
1787671182.027157440	s4-eth7	2076	54338156
1787671182.027157440	s4-eth8	1422	4260
1787671182.027157440	s4-eth9	1422	4260
1787671182.027157440	s5-eth1	763303716	7924
1787671182.027157440	s5-eth2	178443801	368140169
1787671182.027157440	s5-eth3	8462	5120
1787671182.027157440	s5-eth4	5293	546193821
1787671182.027157440	s6-eth1	5120	5120
1787671182.027157440	s6-eth2	5120	5050
1787671182.027157440	s6-eth3	5120	5120
1787671182.027157440	s6-eth4	5160	5120
1787671182.027157440	s7-eth1	179143017	360413909
1787671182.027157440	s7-eth2	9883	354375598
1787671182.027157440	s7-eth3	5120	8259
1787671182.027157440	s7-eth4	541120591	5190
1787671182.027157440	s8-eth1	5120	5120
1787671182.027157440	s8-eth2	3699	5120
1787671182.027157440	s8-eth3	5120	3699
1787671182.027157440	s8-eth4	5160	5120
1787671182.027157440	s9-eth1	5120	8462
1787671182.027157440	s9-eth2	5120	5120
1787671182.027157440	s9-eth3	8259	5120
1787671182.027157440	s9-eth4	3699	5120
1787671188.094541020	s10-eth1	562479769	5293
1787671188.094541020	s10-eth2	5120	5160
1787671188.094541020	s10-eth3	5190	556167861
1787671188.094541020	s10-eth4	5120	5160
1787671188.094541020	s1-eth1	7924	789056394
1787671188.094541020	s1-eth10	1422	4280
1787671188.094541020	s1-eth11	57806278	4917
1787671188.094541020	s1-eth12	1422	4260
1787671188.094541020	s1-eth13	1422	4260
1787671188.094541020	s1-eth14	1422	4260
1787671188.094541020	s1-eth15	57849608	4847
1787671188.094541020	s1-eth16	1492	4260
1787671188.094541020	s1-eth17	1422	4330
1787671188.094541020	s1-eth18	1492	4260
1787671188.094541020	s1-eth19	231557119	4847
1787671188.094541020	s1-eth2	5120	5120
1787671188.094541020	s1-eth20	1422	4330
1787671188.094541020	s1-eth21	1422	4260
1787671188.094541020	s1-eth22	1422	4111
1787671188.094541020	s1-eth23	57996544	4850
1787671188.094541020	s1-eth24	1422	4260
1787671188.094541020	s1-eth25	1422	4260
1787671188.094541020	s1-eth26	1422	4260
1787671188.094541020	s1-eth27	58070020	4780
1787671188.094541020	s1-eth28	1422	4260
1787671188.094541020	s1-eth29	1422	4260
1787671188.094541020	s1-eth3	232504845	5043
1787671188.094541020	s1-eth30	1422	4330
1787671188.094541020	s1-eth31	58168076	4955
1787671188.094541020	s1-eth32	1422	4260
1787671188.094541020	s1-eth33	1422	4260
1787671188.094541020	s1-eth34	1422	4260
1787671188.094541020	s1-eth4	1618	4456
1787671188.094541020	s1-eth5	1422	4260
1787671188.094541020	s1-eth6	1422	4260
1787671188.094541020	s1-eth7	58313718	4780
1787671188.094541020	s1-eth8	1422	4260
1787671188.094541020	s1-eth9	1492	4260
1787671188.094541020	s2-eth1	383785869	186772793
1787671188.094541020	s2-eth10	1422	4260
1787671188.094541020	s2-eth11	58414880	4914
1787671188.094541020	s2-eth12	1422	4260
1787671188.094541020	s2-eth13	1422	4260
1787671188.094541020	s2-eth14	1492	4260
1787671188.094541020	s2-eth15	58450840	4780
1787671188.094541020	s2-eth16	1422	4260
1787671188.094541020	s2-eth17	1422	4260
1787671188.094541020	s2-eth18	1422	4260
1787671188.094541020	s2-eth19	2009	217024597
1787671188.094541020	s2-eth2	5050	5120
1787671188.094541020	s2-eth20	1422	4260
1787671188.094541020	s2-eth21	1422	4260
1787671188.094541020	s2-eth22	1422	4260
1787671188.094541020	s2-eth23	1942	55585544
1787671188.094541020	s2-eth24	1422	4260
1787671188.094541020	s2-eth25	1422	4260
1787671188.094541020	s2-eth26	1422	4260
1787671188.094541020	s2-eth27	2012	55689232
1787671188.094541020	s2-eth28	1422	4260
1787671188.094541020	s2-eth29	1422	4330
1787671188.094541020	s2-eth3	11781898	4847
1787671188.094541020	s2-eth30	1492	4260
1787671188.094541020	s2-eth31	1942	55627226
1787671188.094541020	s2-eth32	1422	4330
1787671188.094541020	s2-eth33	1422	4260
1787671188.094541020	s2-eth34	1422	4260
1787671188.094541020	s2-eth4	1422	4330
1787671188.094541020	s2-eth5	1422	4260
1787671188.094541020	s2-eth6	1422	4260
1787671188.094541020	s2-eth7	59047918	4914
1787671188.094541020	s2-eth8	1422	4260
1787671188.094541020	s2-eth9	1422	4365
1787671188.094541020	s3-eth1	378966708	189212530
1787671188.094541020	s3-eth10	1422	4330
1787671188.094541020	s3-eth11	2009	54726054
1787671188.094541020	s3-eth12	1422	4330
1787671188.094541020	s3-eth13	1422	4260
1787671188.094541020	s3-eth14	1422	4260
1787671188.094541020	s3-eth15	2009	54688562
1787671188.094541020	s3-eth16	1422	4280
1787671188.094541020	s3-eth17	1422	4260
1787671188.094541020	s3-eth18	1422	4260
1787671188.094541020	s3-eth19	11868418	4917
1787671188.094541020	s3-eth2	5217	5147
1787671188.094541020	s3-eth20	1422	4260
1787671188.094541020	s3-eth21	1422	4260
1787671188.094541020	s3-eth22	1492	4260
1787671188.094541020	s3-eth23	59444246	4850
1787671188.094541020	s3-eth24	1422	4260
1787671188.094541020	s3-eth25	1422	4330
1787671188.094541020	s3-eth26	1492	4330
1787671188.094541020	s3-eth27	59525076	4847
1787671188.094541020	s3-eth28	1422	4260
1787671188.094541020	s3-eth29	1422	4260
1787671188.094541020	s3-eth3	2009	215772941
1787671188.094541020	s3-eth30	1422	4260
1787671188.094541020	s3-eth31	59558374	4847
1787671188.094541020	s3-eth32	1422	4260
1787671188.094541020	s3-eth33	1422	4260
1787671188.094541020	s3-eth34	1422	4260
1787671188.094541020	s3-eth4	1422	4260
1787671188.094541020	s3-eth5	1422	4260
1787671188.094541020	s3-eth6	1422	4260
1787671188.094541020	s3-eth7	1942	55213372
1787671188.094541020	s3-eth8	1492	4260
1787671188.094541020	s3-eth9	1422	4330
1787671188.094541020	s4-eth1	377916345	9910
1787671188.094541020	s4-eth10	1422	4330
1787671188.094541020	s4-eth11	2076	58369988
1787671188.094541020	s4-eth12	1422	4170
1787671188.094541020	s4-eth13	1422	4260
1787671188.094541020	s4-eth14	1422	4260
1787671188.094541020	s4-eth15	2009	58276246
1787671188.094541020	s4-eth16	1422	4170
1787671188.094541020	s4-eth17	1422	4260
1787671188.094541020	s4-eth18	1422	4260
1787671188.094541020	s4-eth19	2009	11960660
1787671188.094541020	s4-eth2	5217	3726
1787671188.094541020	s4-eth20	1422	4127
1787671188.094541020	s4-eth21	1492	4260
1787671188.094541020	s4-eth22	1422	4260
1787671188.094541020	s4-eth23	1942	59829214
1787671188.094541020	s4-eth24	1332	4170
1787671188.094541020	s4-eth25	1332	4260
1787671188.094541020	s4-eth26	1422	4260
1787671188.094541020	s4-eth27	2009	59908602
1787671188.094541020	s4-eth28	1402	4260
1787671188.094541020	s4-eth29	1422	4057
1787671188.094541020	s4-eth3	2009	11744282
1787671188.094541020	s4-eth30	1332	4260
1787671188.094541020	s4-eth31	2009	59937554
1787671188.094541020	s4-eth32	1422	4260
1787671188.094541020	s4-eth33	1332	4260
1787671188.094541020	s4-eth34	1422	4170
1787671188.094541020	s4-eth4	1422	4330
1787671188.094541020	s4-eth5	1422	4260
1787671188.094541020	s4-eth6	1492	4260
1787671188.094541020	s4-eth7	2076	58809798
1787671188.094541020	s4-eth8	1422	4260
1787671188.094541020	s4-eth9	1422	4260
1787671188.094541020	s5-eth1	823576459	7951
1787671188.094541020	s5-eth2	192928718	396717752
1787671188.094541020	s5-eth3	8489	5147
1787671188.094541020	s5-eth4	5321	588813600
1787671188.094541020	s6-eth1	5147	5147
1787671188.094541020	s6-eth2	5147	5077
1787671188.094541020	s6-eth3	5147	5217
1787671188.094541020	s6-eth4	5188	5147
1787671188.094541020	s7-eth1	193304926	388287796
1787671188.094541020	s7-eth2	9910	382473065
1787671188.094541020	s7-eth3	5147	8286
1787671188.094541020	s7-eth4	583193853	5217
1787671188.094541020	s8-eth1	5147	5217
1787671188.094541020	s8-eth2	3726	5217
1787671188.094541020	s8-eth3	5147	3726
1787671188.094541020	s8-eth4	5188	5147
1787671188.094541020	s9-eth1	5147	8489
1787671188.094541020	s9-eth2	5217	5147
1787671188.094541020	s9-eth3	8286	5147
1787671188.094541020	s9-eth4	3726	5147
1787671194.745881711	s10-eth1	605108200	5349
1787671194.745881711	s10-eth2	5174	5216
1787671194.745881711	s10-eth3	5244	598741525
1787671194.745881711	s10-eth4	5174	5216
1787671194.745881711	s1-eth1	7978	848748038
1787671194.745881711	s1-eth10	1422	4280
1787671194.745881711	s1-eth11	62135162	4917
1787671194.745881711	s1-eth12	1422	4260
1787671194.745881711	s1-eth13	1422	4260
1787671194.745881711	s1-eth14	1422	4260
1787671194.745881711	s1-eth15	62228962	4847
1787671194.745881711	s1-eth16	1492	4260
1787671194.745881711	s1-eth17	1422	4330
1787671194.745881711	s1-eth18	1492	4260
1787671194.745881711	s1-eth19	249221619	4917
1787671194.745881711	s1-eth2	5174	5174
1787671194.745881711	s1-eth20	1422	4330
1787671194.745881711	s1-eth21	1422	4260
1787671194.745881711	s1-eth22	1422	4111
1787671194.745881711	s1-eth23	62429252	4850
1787671194.745881711	s1-eth24	1422	4260
1787671194.745881711	s1-eth25	1422	4260
1787671194.745881711	s1-eth26	1422	4260
1787671194.745881711	s1-eth27	62498402	4780
1787671194.745881711	s1-eth28	1422	4330
1787671194.745881711	s1-eth29	1422	4260
1787671194.745881711	s1-eth3	250277495	5043
1787671194.745881711	s1-eth30	1422	4330
1787671194.745881711	s1-eth31	62628182	4955
1787671194.745881711	s1-eth32	1422	4260
1787671194.745881711	s1-eth33	1422	4260
1787671194.745881711	s1-eth34	1422	4260
1787671194.745881711	s1-eth4	1618	4456
1787671194.745881711	s1-eth5	1422	4260
1787671194.745881711	s1-eth6	1422	4260
1787671194.745881711	s1-eth7	62841668	4780
1787671194.745881711	s1-eth8	1422	4260
1787671194.745881711	s1-eth9	1492	4260
1787671194.745881711	s2-eth1	414653375	201361561
1787671194.745881711	s2-eth10	1422	4330
1787671194.745881711	s2-eth11	63017744	4914
1787671194.745881711	s2-eth12	1422	4260
1787671194.745881711	s2-eth13	1492	4260
1787671194.745881711	s2-eth14	1492	4260
1787671194.745881711	s2-eth15	63076776	4780
1787671194.745881711	s2-eth16	1492	4260
1787671194.745881711	s2-eth17	1422	4260
1787671194.745881711	s2-eth18	1492	4260
1787671194.745881711	s2-eth19	2009	234931423
1787671194.745881711	s2-eth2	5104	5174
1787671194.745881711	s2-eth20	1492	4260
1787671194.745881711	s2-eth21	1422	4260
1787671194.745881711	s2-eth22	1422	4260
1787671194.745881711	s2-eth23	1942	60130728
1787671194.745881711	s2-eth24	1422	4330
1787671194.745881711	s2-eth25	1422	4260
1787671194.745881711	s2-eth26	1422	4260
1787671194.745881711	s2-eth27	2012	60336798
1787671194.745881711	s2-eth28	1422	4260
1787671194.745881711	s2-eth29	1492	4330
1787671194.745881711	s2-eth3	12730734	4847
1787671194.745881711	s2-eth30	1492	4260
1787671194.745881711	s2-eth31	2012	60338240
1787671194.745881711	s2-eth32	1422	4330
1787671194.745881711	s2-eth33	1422	4260
1787671194.745881711	s2-eth34	1422	4260
1787671194.745881711	s2-eth4	1422	4330
1787671194.745881711	s2-eth5	1422	4260
1787671194.745881711	s2-eth6	1422	4260
1787671194.745881711	s2-eth7	63998304	4914
1787671194.745881711	s2-eth8	1492	4260
1787671194.745881711	s2-eth9	1422	4435
1787671194.745881711	s3-eth1	411394431	205184149
1787671194.745881711	s3-eth10	1422	4330
1787671194.745881711	s3-eth11	2009	59362084
1787671194.745881711	s3-eth12	1422	4330
1787671194.745881711	s3-eth13	1492	4260
1787671194.745881711	s3-eth14	1422	4260
1787671194.745881711	s3-eth15	2009	59421206
1787671194.745881711	s3-eth16	1422	4280
1787671194.745881711	s3-eth17	1422	4260
1787671194.745881711	s3-eth18	1422	4330
1787671194.745881711	s3-eth19	12899448	4917
1787671194.745881711	s3-eth2	5244	5244
1787671194.745881711	s3-eth20	1422	4330
1787671194.745881711	s3-eth21	1422	4260
1787671194.745881711	s3-eth22	1492	4260
1787671194.745881711	s3-eth23	64716198	4850
1787671194.745881711	s3-eth24	1422	4260
1787671194.745881711	s3-eth25	1422	4330
1787671194.745881711	s3-eth26	1492	4330
1787671194.745881711	s3-eth27	64867686	4917
1787671194.745881711	s3-eth28	1422	4330
1787671194.745881711	s3-eth29	1492	4260
1787671194.745881711	s3-eth3	2009	235107277
1787671194.745881711	s3-eth30	1422	4260
1787671194.745881711	s3-eth31	64984620	4847
1787671194.745881711	s3-eth32	1422	4330
1787671194.745881711	s3-eth33	1422	4260
1787671194.745881711	s3-eth34	1422	4260
1787671194.745881711	s3-eth4	1422	4260
1787671194.745881711	s3-eth5	1422	4260
1787671194.745881711	s3-eth6	1492	4260
1787671194.745881711	s3-eth7	1942	60287770
1787671194.745881711	s3-eth8	1492	4260
1787671194.745881711	s3-eth9	1422	4330
1787671194.745881711	s4-eth1	412512863	9964
1787671194.745881711	s4-eth10	1422	4330
1787671194.745881711	s4-eth11	2076	63594424
1787671194.745881711	s4-eth12	1422	4170
1787671194.745881711	s4-eth13	1422	4330
1787671194.745881711	s4-eth14	1422	4260
1787671194.745881711	s4-eth15	2009	63564060
1787671194.745881711	s4-eth16	1422	4240
1787671194.745881711	s4-eth17	1422	4260
1787671194.745881711	s4-eth18	1422	4260
1787671194.745881711	s4-eth19	2009	13084048
1787671194.745881711	s4-eth2	5271	3850
1787671194.745881711	s4-eth20	1422	4127
1787671194.745881711	s4-eth21	1492	4260
1787671194.745881711	s4-eth22	1422	4260
1787671194.745881711	s4-eth23	1942	65419918
1787671194.745881711	s4-eth24	1332	4170
1787671194.745881711	s4-eth25	1332	4260
1787671194.745881711	s4-eth26	1422	4330
1787671194.745881711	s4-eth27	2009	65528076
1787671194.745881711	s4-eth28	1402	4330
1787671194.745881711	s4-eth29	1422	4127
1787671194.745881711	s4-eth3	2009	12807036
1787671194.745881711	s4-eth30	1332	4260
1787671194.745881711	s4-eth31	2009	65608940
1787671194.745881711	s4-eth32	1422	4330
1787671194.745881711	s4-eth33	1332	4260
1787671194.745881711	s4-eth34	1422	4170
1787671194.745881711	s4-eth4	1422	4330
1787671194.745881711	s4-eth5	1422	4330
1787671194.745881711	s4-eth6	1492	4260
1787671194.745881711	s4-eth7	2076	64221694
1787671194.745881711	s4-eth8	1422	4330
1787671194.745881711	s4-eth9	1422	4260
1787671194.745881711	s5-eth1	904410707	8005
1787671194.745881711	s5-eth2	211497406	435868106
1787671194.745881711	s5-eth3	8613	5201
1787671194.745881711	s5-eth4	5377	646459046
1787671194.745881711	s6-eth1	5201	5201
1787671194.745881711	s6-eth2	5201	5131
1787671194.745881711	s6-eth3	5201	5271
1787671194.745881711	s6-eth4	5244	5271
1787671194.745881711	s7-eth1	211866404	425206004
1787671194.745881711	s7-eth2	9964	418502931
1787671194.745881711	s7-eth3	5201	8340
1787671194.745881711	s7-eth4	639845763	5271
1787671194.745881711	s8-eth1	5271	5271
1787671194.745881711	s8-eth2	3850	5271
1787671194.745881711	s8-eth3	5271	3780
1787671194.745881711	s8-eth4	5244	5201
1787671194.745881711	s9-eth1	5201	8613
1787671194.745881711	s9-eth2	5271	5201
1787671194.745881711	s9-eth3	8340	5201
1787671194.745881711	s9-eth4	3780	5271
1787671203.754655117	s10-eth1	663088190	5377
1787671203.754655117	s10-eth2	5271	5244
1787671203.754655117	s10-eth3	5271	655220367
1787671203.754655117	s10-eth4	5201	5244
1787671203.754655117	s1-eth1	8005	929231853
1787671203.754655117	s1-eth10	1422	4350
1787671203.754655117	s1-eth11	67913256	4917
1787671203.754655117	s1-eth12	1422	4260
1787671203.754655117	s1-eth13	1422	4260
1787671203.754655117	s1-eth14	1492	4260
1787671203.754655117	s1-eth15	68008498	4847
1787671203.754655117	s1-eth16	1492	4330
1787671203.754655117	s1-eth17	1492	4330
1787671203.754655117	s1-eth18	1492	4260
1787671203.754655117	s1-eth19	272421957	4917
1787671203.754655117	s1-eth2	5201	5201
1787671203.754655117	s1-eth20	1492	4330
1787671203.754655117	s1-eth21	1492	4260
1787671203.754655117	s1-eth22	1422	4111
1787671203.754655117	s1-eth23	68247722	4850
1787671203.754655117	s1-eth24	1422	4260
1787671203.754655117	s1-eth25	1492	4260
1787671203.754655117	s1-eth26	1422	4260
1787671203.754655117	s1-eth27	68322640	4780
1787671203.754655117	s1-eth28	1422	4330
1787671203.754655117	s1-eth29	1422	4330
1787671203.754655117	s1-eth3	273404291	5043
1787671203.754655117	s1-eth30	1422	4330
1787671203.754655117	s1-eth31	68361574	4955
1787671203.754655117	s1-eth32	1422	4260
1787671203.754655117	s1-eth33	1422	4260
1787671203.754655117	s1-eth34	1422	4330
1787671203.754655117	s1-eth4	1618	4526
1787671203.754655117	s1-eth5	1422	4260
1787671203.754655117	s1-eth6	1492	4260
1787671203.754655117	s1-eth7	68472678	4780
1787671203.754655117	s1-eth8	1422	4330
1787671203.754655117	s1-eth9	1492	4260
1787671203.754655117	s2-eth1	452922667	219392383
1787671203.754655117	s2-eth10	1492	4330
1787671203.754655117	s2-eth11	68630008	4914
1787671203.754655117	s2-eth12	1422	4260
1787671203.754655117	s2-eth13	1492	4260
1787671203.754655117	s2-eth14	1492	4260
1787671203.754655117	s2-eth15	68720764	4780
1787671203.754655117	s2-eth16	1492	4260
1787671203.754655117	s2-eth17	1492	4260
1787671203.754655117	s2-eth18	1492	4260
1787671203.754655117	s2-eth19	2009	255740925
1787671203.754655117	s2-eth2	5158	5228
1787671203.754655117	s2-eth20	1492	4260
1787671203.754655117	s2-eth21	1492	4260
1787671203.754655117	s2-eth22	1422	4260
1787671203.754655117	s2-eth23	1942	65232524
1787671203.754655117	s2-eth24	1422	4330
1787671203.754655117	s2-eth25	1422	4260
1787671203.754655117	s2-eth26	1492	4260
1787671203.754655117	s2-eth27	2012	65255460
1787671203.754655117	s2-eth28	1422	4260
1787671203.754655117	s2-eth29	1492	4330
1787671203.754655117	s2-eth3	13779068	4847
1787671203.754655117	s2-eth30	1492	4330
1787671203.754655117	s2-eth31	2012	65194896
1787671203.754655117	s2-eth32	1422	4330
1787671203.754655117	s2-eth33	1492	4260
1787671203.754655117	s2-eth34	1422	4260
1787671203.754655117	s2-eth4	1492	4330
1787671203.754655117	s2-eth5	1422	4260
1787671203.754655117	s2-eth6	1422	4260
1787671203.754655117	s2-eth7	69090006	4914
1787671203.754655117	s2-eth8	1492	4260
1787671203.754655117	s2-eth9	1422	4435
1787671203.754655117	s3-eth1	445621867	221370653
1787671203.754655117	s3-eth10	1422	4330
1787671203.754655117	s3-eth11	2009	64204320
1787671203.754655117	s3-eth12	1422	4330
1787671203.754655117	s3-eth13	1492	4260
1787671203.754655117	s3-eth14	1422	4330
1787671203.754655117	s3-eth15	2079	64254790
1787671203.754655117	s3-eth16	1422	4280
1787671203.754655117	s3-eth17	1492	4260
1787671203.754655117	s3-eth18	1422	4330
1787671203.754655117	s3-eth19	13903080	4917
1787671203.754655117	s3-eth2	5298	5298
1787671203.754655117	s3-eth20	1422	4330
1787671203.754655117	s3-eth21	1422	4260
1787671203.754655117	s3-eth22	1492	4260
1787671203.754655117	s3-eth23	69662258	4850
1787671203.754655117	s3-eth24	1422	4260
1787671203.754655117	s3-eth25	1422	4330
1787671203.754655117	s3-eth26	1492	4330
1787671203.754655117	s3-eth27	69776254	4917
1787671203.754655117	s3-eth28	1422	4330
1787671203.754655117	s3-eth29	1492	4260
1787671203.754655117	s3-eth3	2009	254271457
1787671203.754655117	s3-eth30	1492	4260
1787671203.754655117	s3-eth31	69883094	4847
1787671203.754655117	s3-eth32	1422	4330
1787671203.754655117	s3-eth33	1422	4260
1787671203.754655117	s3-eth34	1422	4330
1787671203.754655117	s3-eth4	1422	4260
1787671203.754655117	s3-eth5	1422	4260
1787671203.754655117	s3-eth6	1492	4260
1787671203.754655117	s3-eth7	1942	64978596
1787671203.754655117	s3-eth8	1492	4260
1787671203.754655117	s3-eth9	1492	4330
1787671203.754655117	s4-eth1	443188556	9991
1787671203.754655117	s4-eth10	1492	4330
1787671203.754655117	s4-eth11	2076	68351582
1787671203.754655117	s4-eth12	1422	4170
1787671203.754655117	s4-eth13	1422	4330
1787671203.754655117	s4-eth14	1422	4260
1787671203.754655117	s4-eth15	2009	68213068
1787671203.754655117	s4-eth16	1422	4240
1787671203.754655117	s4-eth17	1422	4260
1787671203.754655117	s4-eth18	1422	4330
1787671203.754655117	s4-eth19	2009	14015580
1787671203.754655117	s4-eth2	5298	3877
1787671203.754655117	s4-eth20	1422	4127
1787671203.754655117	s4-eth21	1492	4260
1787671203.754655117	s4-eth22	1422	4260
1787671203.754655117	s4-eth23	1942	70040086
1787671203.754655117	s4-eth24	1332	4170
1787671203.754655117	s4-eth25	1332	4260
1787671203.754655117	s4-eth26	1422	4330
1787671203.754655117	s4-eth27	2009	70094890
1787671203.754655117	s4-eth28	1402	4330
1787671203.754655117	s4-eth29	1422	4127
1787671203.754655117	s4-eth3	2079	13705472
1787671203.754655117	s4-eth30	1332	4260
1787671203.754655117	s4-eth31	2009	70058952
1787671203.754655117	s4-eth32	1422	4330
1787671203.754655117	s4-eth33	1332	4330
1787671203.754655117	s4-eth34	1492	4170
1787671203.754655117	s4-eth4	1422	4330
1787671203.754655117	s4-eth5	1422	4330
1787671203.754655117	s4-eth6	1492	4260
1787671203.754655117	s4-eth7	2076	68557788
1787671203.754655117	s4-eth8	1422	4330
1787671203.754655117	s4-eth9	1422	4260
1787671203.754655117	s5-eth1	965700060	8032
1787671203.754655117	s5-eth2	225552607	466457279
1787671203.754655117	s5-eth3	8640	5228
1787671203.754655117	s5-eth4	5405	691380257
1787671203.754655117	s6-eth1	5228	5228
1787671203.754655117	s6-eth2	5228	5158
1787671203.754655117	s6-eth3	5228	5298
1787671203.754655117	s6-eth4	5272	5298
1787671203.754655117	s7-eth1	226178281	456035991
1787671203.754655117	s7-eth2	9991	447019950
1787671203.754655117	s7-eth3	5298	8367
1787671203.754655117	s7-eth4	684974623	5298
1787671203.754655117	s8-eth1	5298	5298
1787671203.754655117	s8-eth2	3877	5298
1787671203.754655117	s8-eth3	5298	3807
1787671203.754655117	s8-eth4	5272	5298
1787671203.754655117	s9-eth1	5228	8640
1787671203.754655117	s9-eth2	5298	5228
1787671203.754655117	s9-eth3	8367	5298
1787671203.754655117	s9-eth4	3807	5298
1787671210.843860779	s10-eth1	709455754	5433
1787671210.843860779	s10-eth2	5325	5300
1787671210.843860779	s10-eth3	5325	700843861
1787671210.843860779	s10-eth4	5325	5300
1787671210.843860779	s1-eth1	8059	991881039
1787671210.843860779	s1-eth10	1422	4553
1787671210.843860779	s1-eth11	72367594	5120
1787671210.843860779	s1-eth12	1422	4463
1787671210.843860779	s1-eth13	1422	4463
1787671210.843860779	s1-eth14	1492	4463
1787671210.843860779	s1-eth15	72423902	5050
1787671210.843860779	s1-eth16	1492	4533
1787671210.843860779	s1-eth17	1492	4533
1787671210.843860779	s1-eth18	1492	4463
1787671210.843860779	s1-eth19	289973981	5120
1787671210.843860779	s1-eth2	5255	5255
1787671210.843860779	s1-eth20	1492	4533
1787671210.843860779	s1-eth21	1492	4463
1787671210.843860779	s1-eth22	1422	4314
1787671210.843860779	s1-eth23	72608400	5053
1787671210.843860779	s1-eth24	1422	4463
1787671210.843860779	s1-eth25	1492	4463
1787671210.843860779	s1-eth26	1422	4463
1787671210.843860779	s1-eth27	72676038	4983
1787671210.843860779	s1-eth28	1422	4533
1787671210.843860779	s1-eth29	1422	4533
1787671210.843860779	s1-eth3	291081769	5316
1787671210.843860779	s1-eth30	1422	4533
1787671210.843860779	s1-eth31	72815912	5158
1787671210.843860779	s1-eth32	1422	4533
1787671210.843860779	s1-eth33	1422	4463
1787671210.843860779	s1-eth34	1422	4533
1787671210.843860779	s1-eth4	1618	4729
1787671210.843860779	s1-eth5	1422	4463
1787671210.843860779	s1-eth6	1492	4463
1787671210.843860779	s1-eth7	72980370	4983
1787671210.843860779	s1-eth8	1422	4533
1787671210.843860779	s1-eth9	1492	4463
1787671210.843860779	s2-eth1	484083075	233711470
1787671210.843860779	s2-eth10	1492	4533
1787671210.843860779	s2-eth11	73085788	5117
1787671210.843860779	s2-eth12	1422	4463
1787671210.843860779	s2-eth13	1492	4463
1787671210.843860779	s2-eth14	1492	4463
1787671210.843860779	s2-eth15	73131912	4983
1787671210.843860779	s2-eth16	1492	4533
1787671210.843860779	s2-eth17	1492	4463
1787671210.843860779	s2-eth18	1492	4463
1787671210.843860779	s2-eth19	2009	273199422
1787671210.843860779	s2-eth2	5388	5255
1787671210.843860779	s2-eth20	1492	4533
1787671210.843860779	s2-eth21	1492	4463
1787671210.843860779	s2-eth22	1422	4463
1787671210.843860779	s2-eth23	1942	69661109
1787671210.843860779	s2-eth24	1422	4533
1787671210.843860779	s2-eth25	1422	4463
1787671210.843860779	s2-eth26	1492	4463
1787671210.843860779	s2-eth27	2012	69748935
1787671210.843860779	s2-eth28	1422	4463
1787671210.843860779	s2-eth29	1492	4533
1787671210.843860779	s2-eth3	14693296	5050
1787671210.843860779	s2-eth30	1492	4533
1787671210.843860779	s2-eth31	2012	69737399
1787671210.843860779	s2-eth32	1422	4533
1787671210.843860779	s2-eth33	1492	4463
1787671210.843860779	s2-eth34	1422	4463
1787671210.843860779	s2-eth4	1492	4533
1787671210.843860779	s2-eth5	1492	4533
1787671210.843860779	s2-eth6	1422	4533
1787671210.843860779	s2-eth7	73622212	5117
1787671210.843860779	s2-eth8	1492	4463
1787671210.843860779	s2-eth9	1422	4638
1787671210.843860779	s3-eth1	476460506	235772137
1787671210.843860779	s3-eth10	1422	4533
1787671210.843860779	s3-eth11	2009	68592529
1787671210.843860779	s3-eth12	1422	4533
1787671210.843860779	s3-eth13	1492	4463
1787671210.843860779	s3-eth14	1422	4533
1787671210.843860779	s3-eth15	2079	68586831
1787671210.843860779	s3-eth16	1422	4483
1787671210.843860779	s3-eth17	1492	4463
1787671210.843860779	s3-eth18	1422	4533
1787671210.843860779	s3-eth19	14772606	5120
1787671210.843860779	s3-eth2	5528	5528
1787671210.843860779	s3-eth20	1422	4533
1787671210.843860779	s3-eth21	1422	4463
1787671210.843860779	s3-eth22	1492	4463
1787671210.843860779	s3-eth23	73934904	5053
1787671210.843860779	s3-eth24	1422	4463
1787671210.843860779	s3-eth25	1422	4533
1787671210.843860779	s3-eth26	1492	4533
1787671210.843860779	s3-eth27	74001314	5120
1787671210.843860779	s3-eth28	1422	4533
1787671210.843860779	s3-eth29	1492	4463
1787671210.843860779	s3-eth3	2009	270714786
1787671210.843860779	s3-eth30	1492	4533
1787671210.843860779	s3-eth31	74086524	5050
1787671210.843860779	s3-eth32	1422	4533
1787671210.843860779	s3-eth33	1492	4463
1787671210.843860779	s3-eth34	1422	4533
1787671210.843860779	s3-eth4	1492	4463
1787671210.843860779	s3-eth5	1492	4463
1787671210.843860779	s3-eth6	1492	4533
1787671210.843860779	s3-eth7	1942	69138969
1787671210.843860779	s3-eth8	1492	4463
1787671210.843860779	s3-eth9	1492	4533
1787671210.843860779	s4-eth1	470324342	10291
1787671210.843860779	s4-eth10	1492	4533
1787671210.843860779	s4-eth11	2076	72585497
1787671210.843860779	s4-eth12	1422	4443
1787671210.843860779	s4-eth13	1422	4533
1787671210.843860779	s4-eth14	1422	4463
1787671210.843860779	s4-eth15	2009	72461473
1787671210.843860779	s4-eth16	1422	4443
1787671210.843860779	s4-eth17	1422	4463
1787671210.843860779	s4-eth18	1422	4533
1787671210.843860779	s4-eth19	2009	14892519
1787671210.843860779	s4-eth2	5528	3904
1787671210.843860779	s4-eth20	1422	4330
1787671210.843860779	s4-eth21	1492	4463
1787671210.843860779	s4-eth22	1422	4463
1787671210.843860779	s4-eth23	2012	74520583
1787671210.843860779	s4-eth24	1332	4443
1787671210.843860779	s4-eth25	1402	4533
1787671210.843860779	s4-eth26	1422	4533
1787671210.843860779	s4-eth27	2009	74595575
1787671210.843860779	s4-eth28	1402	4533
1787671210.843860779	s4-eth29	1422	4330
1787671210.843860779	s4-eth3	2079	14598273
1787671210.843860779	s4-eth30	1332	4463
1787671210.843860779	s4-eth31	2009	74608665
1787671210.843860779	s4-eth32	1422	4533
1787671210.843860779	s4-eth33	1402	4533
1787671210.843860779	s4-eth34	1492	4373
1787671210.843860779	s4-eth4	1422	4533
1787671210.843860779	s4-eth5	1492	4533
1787671210.843860779	s4-eth6	1492	4463
1787671210.843860779	s4-eth7	2076	73002235
1787671210.843860779	s4-eth8	1422	4533
1787671210.843860779	s4-eth9	1492	4463
1787671210.843860779	s5-eth1	1028124497	8086
1787671210.843860779	s5-eth2	239796940	497554266
1787671210.843860779	s5-eth3	8694	5485
1787671210.843860779	s5-eth4	5734	736607402
1787671210.843860779	s6-eth1	5485	5485
1787671210.843860779	s6-eth2	5555	5415
1787671210.843860779	s6-eth3	5485	5555
1787671210.843860779	s6-eth4	5531	5555
1787671210.843860779	s7-eth1	240194778	486153657
1787671210.843860779	s7-eth2	10318	474608551
1787671210.843860779	s7-eth3	5555	8421
1787671210.843860779	s7-eth4	728652859	5555
1787671210.843860779	s8-eth1	5555	5555
1787671210.843860779	s8-eth2	3931	5555
1787671210.843860779	s8-eth3	5555	3861
1787671210.843860779	s8-eth4	5531	5555
1787671210.843860779	s9-eth1	5485	8694
1787671210.843860779	s9-eth2	5555	5485
1787671210.843860779	s9-eth3	8421	5555
1787671210.843860779	s9-eth4	3861	5555
1787671217.339211238	s10-eth1	752035360	5734
1787671217.339211238	s10-eth2	5555	5531
1787671217.339211238	s10-eth3	5555	743592049
1787671217.339211238	s10-eth4	5555	5531
1787671217.339211238	s1-eth1	8086	1051606025
1787671217.339211238	s1-eth10	1492	4553
1787671217.339211238	s1-eth11	76658986	5120
1787671217.339211238	s1-eth12	1422	4463
1787671217.339211238	s1-eth13	1422	4463
1787671217.339211238	s1-eth14	1492	4463
1787671217.339211238	s1-eth15	76742692	5050
1787671217.339211238	s1-eth16	1492	4533
1787671217.339211238	s1-eth17	1492	4533
1787671217.339211238	s1-eth18	1492	4463
1787671217.339211238	s1-eth19	307429391	5120
1787671217.339211238	s1-eth2	5485	5555
1787671217.339211238	s1-eth20	1492	4533
1787671217.339211238	s1-eth21	1492	4533
1787671217.339211238	s1-eth22	1422	4314
1787671217.339211238	s1-eth23	77006500	5053
1787671217.339211238	s1-eth24	1422	4463
1787671217.339211238	s1-eth25	1492	4463
1787671217.339211238	s1-eth26	1492	4463
1787671217.339211238	s1-eth27	77078464	4983
1787671217.339211238	s1-eth28	1422	4533
1787671217.339211238	s1-eth29	1492	4533
1787671217.339211238	s1-eth3	308407399	5316
1787671217.339211238	s1-eth30	1422	4533
1787671217.339211238	s1-eth31	77126050	5158
1787671217.339211238	s1-eth32	1422	4533
1787671217.339211238	s1-eth33	1422	4463
1787671217.339211238	s1-eth34	1422	4533
1787671217.339211238	s1-eth4	1618	4729
1787671217.339211238	s1-eth5	1492	4533
1787671217.339211238	s1-eth6	1492	4463
1787671217.339211238	s1-eth7	77342420	4983
1787671217.339211238	s1-eth8	1422	4533
1787671217.339211238	s1-eth9	1492	4463
1787671217.339211238	s2-eth1	511883420	247440982
1787671217.339211238	s2-eth10	1492	4533
1787671217.339211238	s2-eth11	77345456	5187
1787671217.339211238	s2-eth12	1422	4533
1787671217.339211238	s2-eth13	1492	4463
1787671217.339211238	s2-eth14	1492	4463
1787671217.339211238	s2-eth15	77316596	5053
1787671217.339211238	s2-eth16	1492	4533
1787671217.339211238	s2-eth17	1492	4463
1787671217.339211238	s2-eth18	1492	4533
1787671217.339211238	s2-eth19	2009	288112586
1787671217.339211238	s2-eth2	5415	5555
1787671217.339211238	s2-eth20	1492	4533
1787671217.339211238	s2-eth21	1492	4463
1787671217.339211238	s2-eth22	1422	4533
1787671217.339211238	s2-eth23	2012	73525669
1787671217.339211238	s2-eth24	1422	4533
1787671217.339211238	s2-eth25	1492	4463
1787671217.339211238	s2-eth26	1492	4463
1787671217.339211238	s2-eth27	2012	73689991
1787671217.339211238	s2-eth28	1422	4463
1787671217.339211238	s2-eth29	1492	4533
1787671217.339211238	s2-eth3	15532610	5050
1787671217.339211238	s2-eth30	1492	4533
1787671217.339211238	s2-eth31	2012	73710109
1787671217.339211238	s2-eth32	1422	4533
1787671217.339211238	s2-eth33	1492	4463
1787671217.339211238	s2-eth34	1422	4463
1787671217.339211238	s2-eth4	1492	4533
1787671217.339211238	s2-eth5	1492	4533
1787671217.339211238	s2-eth6	1492	4533
1787671217.339211238	s2-eth7	77910720	5117
1787671217.339211238	s2-eth8	1492	4463
1787671217.339211238	s2-eth9	1422	4638
1787671217.339211238	s3-eth1	502471329	249593804
1787671217.339211238	s3-eth10	1422	4533
1787671217.339211238	s3-eth11	2009	72621477
1787671217.339211238	s3-eth12	1422	4533
1787671217.339211238	s3-eth13	1492	4463
1787671217.339211238	s3-eth14	1422	4533
1787671217.339211238	s3-eth15	2079	72563867
1787671217.339211238	s3-eth16	1422	4483
1787671217.339211238	s3-eth17	1492	4463
1787671217.339211238	s3-eth18	1422	4533
1787671217.339211238	s3-eth19	15624828	5120
1787671217.339211238	s3-eth2	5582	5582
1787671217.339211238	s3-eth20	1422	4533
1787671217.339211238	s3-eth21	1422	4463
1787671217.339211238	s3-eth22	1492	4533
1787671217.339211238	s3-eth23	78224854	5053
1787671217.339211238	s3-eth24	1492	4463
1787671217.339211238	s3-eth25	1422	4533
1787671217.339211238	s3-eth26	1492	4533
1787671217.339211238	s3-eth27	78311522	5120
1787671217.339211238	s3-eth28	1422	4533
1787671217.339211238	s3-eth29	1492	4463
1787671217.339211238	s3-eth3	2009	283639432
1787671217.339211238	s3-eth30	1492	4533
1787671217.339211238	s3-eth31	78346192	5050
1787671217.339211238	s3-eth32	1422	4533
1787671217.339211238	s3-eth33	1492	4463
1787671217.339211238	s3-eth34	1422	4533
1787671217.339211238	s3-eth4	1492	4533
1787671217.339211238	s3-eth5	1492	4463
1787671217.339211238	s3-eth6	1492	4533
1787671217.339211238	s3-eth7	1942	73103097
1787671217.339211238	s3-eth8	1492	4533
1787671217.339211238	s3-eth9	1492	4533
1787671217.339211238	s4-eth1	497422460	10345
1787671217.339211238	s4-eth10	1492	4533
1787671217.339211238	s4-eth11	2146	76786043
1787671217.339211238	s4-eth12	1422	4443
1787671217.339211238	s4-eth13	1422	4533
1787671217.339211238	s4-eth14	1422	4533
1787671217.339211238	s4-eth15	2009	76767285
1787671217.339211238	s4-eth16	1422	4443
1787671217.339211238	s4-eth17	1492	4463
1787671217.339211238	s4-eth18	1492	4533
1787671217.339211238	s4-eth19	2009	15776465
1787671217.339211238	s4-eth2	5582	3958
1787671217.339211238	s4-eth20	1422	4330
1787671217.339211238	s4-eth21	1492	4463
1787671217.339211238	s4-eth22	1422	4533
1787671217.339211238	s4-eth23	2012	78992225
1787671217.339211238	s4-eth24	1332	4443
1787671217.339211238	s4-eth25	1402	4533
1787671217.339211238	s4-eth26	1422	4533
1787671217.339211238	s4-eth27	2079	79132177
1787671217.339211238	s4-eth28	1402	4533
1787671217.339211238	s4-eth29	1422	4330
1787671217.339211238	s4-eth3	2079	15509617
1787671217.339211238	s4-eth30	1332	4463
1787671217.339211238	s4-eth31	2079	79227391
1787671217.339211238	s4-eth32	1492	4533
1787671217.339211238	s4-eth33	1402	4533
1787671217.339211238	s4-eth34	1492	4443
1787671217.339211238	s4-eth4	1422	4533
1787671217.339211238	s4-eth5	1492	4533
1787671217.339211238	s4-eth6	1492	4463
1787671217.339211238	s4-eth7	2076	77638265
1787671217.339211238	s4-eth8	1422	4533
1787671217.339211238	s4-eth9	1492	4463
1787671217.339211238	s5-eth1	1078646436	8113
1787671217.339211238	s5-eth2	255034581	521200279
1787671217.339211238	s5-eth3	8721	5512
1787671217.339211238	s5-eth4	5762	775669767
1787671217.339211238	s6-eth1	5582	5512
1787671217.339211238	s6-eth2	5582	5442
1787671217.339211238	s6-eth3	5512	5582
1787671217.339211238	s6-eth4	5559	5582
1787671217.339211238	s7-eth1	255875183	509769318
1787671217.339211238	s7-eth2	10345	506130698
1787671217.339211238	s7-eth3	5582	8448
1787671217.339211238	s7-eth4	768537235	5582
1787671217.339211238	s8-eth1	5582	5582
1787671217.339211238	s8-eth2	3958	5582
1787671217.339211238	s8-eth3	5582	3888
1787671217.339211238	s8-eth4	5559	5582
1787671217.339211238	s9-eth1	5512	8721
1787671217.339211238	s9-eth2	5582	5512
1787671217.339211238	s9-eth3	8448	5582
1787671217.339211238	s9-eth4	3888	5582
1787671225.322102504	s10-eth1	793031544	5790
1787671225.322102504	s10-eth2	5609	5587
1787671225.322102504	s10-eth3	5609	784242085
1787671225.322102504	s10-eth4	5609	5587
1787671225.322102504	s1-eth1	8140	1104236265
1787671225.322102504	s1-eth10	1492	4553
1787671225.322102504	s1-eth11	81775202	5120
1787671225.322102504	s1-eth12	1422	4533
1787671225.322102504	s1-eth13	1492	4463
1787671225.322102504	s1-eth14	1492	4463
1787671225.322102504	s1-eth15	81847372	5120
1787671225.322102504	s1-eth16	1492	4533
1787671225.322102504	s1-eth17	1492	4533
1787671225.322102504	s1-eth18	1492	4463
1787671225.322102504	s1-eth19	327636137	5120
1787671225.322102504	s1-eth2	5609	5609
1787671225.322102504	s1-eth20	1492	4533
1787671225.322102504	s1-eth21	1492	4533
1787671225.322102504	s1-eth22	1492	4314
1787671225.322102504	s1-eth23	82037638	5053
1787671225.322102504	s1-eth24	1422	4463
1787671225.322102504	s1-eth25	1492	4463
1787671225.322102504	s1-eth26	1492	4463
1787671225.322102504	s1-eth27	82119766	4983
1787671225.322102504	s1-eth28	1492	4533
1787671225.322102504	s1-eth29	1492	4533
1787671225.322102504	s1-eth3	328878031	5316
1787671225.322102504	s1-eth30	1422	4533
1787671225.322102504	s1-eth31	82242266	5158
1787671225.322102504	s1-eth32	1492	4533
1787671225.322102504	s1-eth33	1422	4463
1787671225.322102504	s1-eth34	1422	4533
1787671225.322102504	s1-eth4	1688	4729
1787671225.322102504	s1-eth5	1492	4533
1787671225.322102504	s1-eth6	1492	4463
1787671225.322102504	s1-eth7	82452868	4983
1787671225.322102504	s1-eth8	1422	4533
1787671225.322102504	s1-eth9	1492	4463
1787671225.322102504	s2-eth1	537928948	264217264
1787671225.322102504	s2-eth10	1492	4533
1787671225.322102504	s2-eth11	82659226	5187
1787671225.322102504	s2-eth12	1492	4533
1787671225.322102504	s2-eth13	1492	4463
1787671225.322102504	s2-eth14	1492	4463
1787671225.322102504	s2-eth15	82737074	5053
1787671225.322102504	s2-eth16	1492	4533
1787671225.322102504	s2-eth17	1492	4463
1787671225.322102504	s2-eth18	1492	4533
1787671225.322102504	s2-eth19	2009	300839678
1787671225.322102504	s2-eth2	5539	5609
1787671225.322102504	s2-eth20	1492	4533
1787671225.322102504	s2-eth21	1492	4533
1787671225.322102504	s2-eth22	1422	4533
1787671225.322102504	s2-eth23	2012	78496243
1787671225.322102504	s2-eth24	1422	4533
1787671225.322102504	s2-eth25	1492	4463
1787671225.322102504	s2-eth26	1492	4463
1787671225.322102504	s2-eth27	2012	78693731
1787671225.322102504	s2-eth28	1422	4533
1787671225.322102504	s2-eth29	1492	4533
1787671225.322102504	s2-eth3	16663138	5120
1787671225.322102504	s2-eth30	1492	4533
1787671225.322102504	s2-eth31	2012	78666333
1787671225.322102504	s2-eth32	1492	4533
1787671225.322102504	s2-eth33	1492	4463
1787671225.322102504	s2-eth34	1422	4463
1787671225.322102504	s2-eth4	1492	4533
1787671225.322102504	s2-eth5	1492	4533
1787671225.322102504	s2-eth6	1492	4533
1787671225.322102504	s2-eth7	83422044	5117
1787671225.322102504	s2-eth8	1492	4533
1787671225.322102504	s2-eth9	1492	4638
1787671225.322102504	s3-eth1	529431015	266649834
1787671225.322102504	s3-eth10	1422	4533
1787671225.322102504	s3-eth11	2009	77120517
1787671225.322102504	s3-eth12	1422	4533
1787671225.322102504	s3-eth13	1492	4463
1787671225.322102504	s3-eth14	1422	4533
1787671225.322102504	s3-eth15	2079	77047045
1787671225.322102504	s3-eth16	1422	4553
1787671225.322102504	s3-eth17	1492	4463
1787671225.322102504	s3-eth18	1492	4533
1787671225.322102504	s3-eth19	16719376	5120
1787671225.322102504	s3-eth2	5609	5609
1787671225.322102504	s3-eth20	1492	4533
1787671225.322102504	s3-eth21	1422	4533
1787671225.322102504	s3-eth22	1492	4533
1787671225.322102504	s3-eth23	83802510	5053
1787671225.322102504	s3-eth24	1492	4463
1787671225.322102504	s3-eth25	1492	4533
1787671225.322102504	s3-eth26	1492	4533
1787671225.322102504	s3-eth27	83913692	5120
1787671225.322102504	s3-eth28	1422	4533
1787671225.322102504	s3-eth29	1492	4463
1787671225.322102504	s3-eth3	2009	296656366
1787671225.322102504	s3-eth30	1492	4533
1787671225.322102504	s3-eth31	84010368	5050
1787671225.322102504	s3-eth32	1422	4533
1787671225.322102504	s3-eth33	1492	4533
1787671225.322102504	s3-eth34	1492	4533
1787671225.322102504	s3-eth4	1492	4533
1787671225.322102504	s3-eth5	1492	4463
1787671225.322102504	s3-eth6	1492	4533
1787671225.322102504	s3-eth7	2012	77871791
1787671225.322102504	s3-eth8	1492	4533
1787671225.322102504	s3-eth9	1492	4533
1787671225.322102504	s4-eth1	533306657	10372
1787671225.322102504	s4-eth10	1492	4533
1787671225.322102504	s4-eth11	2146	82353605
1787671225.322102504	s4-eth12	1422	4443
1787671225.322102504	s4-eth13	1422	4533
1787671225.322102504	s4-eth14	1422	4533
1787671225.322102504	s4-eth15	2009	82318985
1787671225.322102504	s4-eth16	1422	4443
1787671225.322102504	s4-eth17	1492	4533
1787671225.322102504	s4-eth18	1492	4533
1787671225.322102504	s4-eth19	2009	16914203
1787671225.322102504	s4-eth2	5636	4012
1787671225.322102504	s4-eth20	1492	4330
1787671225.322102504	s4-eth21	1492	4463
1787671225.322102504	s4-eth22	1422	4533
1787671225.322102504	s4-eth23	2012	84672263
1787671225.322102504	s4-eth24	1402	4443
1787671225.322102504	s4-eth25	1402	4533
1787671225.322102504	s4-eth26	1422	4533
1787671225.322102504	s4-eth27	2079	84793469
1787671225.322102504	s4-eth28	1402	4533
1787671225.322102504	s4-eth29	1422	4330
1787671225.322102504	s4-eth3	2079	16609863
1787671225.322102504	s4-eth30	1332	4533
1787671225.322102504	s4-eth31	2079	84812257
1787671225.322102504	s4-eth32	1492	4533
1787671225.322102504	s4-eth33	1402	4533
1787671225.322102504	s4-eth34	1492	4443
1787671225.322102504	s4-eth4	1492	4533
1787671225.322102504	s4-eth5	1492	4533
1787671225.322102504	s4-eth6	1492	4463
1787671225.322102504	s4-eth7	2146	83166893
1787671225.322102504	s4-eth8	1422	4533
1787671225.322102504	s4-eth9	1492	4463
1787671225.322102504	s5-eth1	1143837938	8167
1787671225.322102504	s5-eth2	273480769	552905587
1787671225.322102504	s5-eth3	8775	5636
1787671225.322102504	s5-eth4	5818	825942337
1787671225.322102504	s6-eth1	5636	5636
1787671225.322102504	s6-eth2	5636	5566
1787671225.322102504	s6-eth3	5636	5636
1787671225.322102504	s6-eth4	5615	5636
1787671225.322102504	s7-eth1	273872839	540172500
1787671225.322102504	s7-eth2	10399	541129534
1787671225.322102504	s7-eth3	5636	8572
1787671225.322102504	s7-eth4	816858711	5636
1787671225.322102504	s8-eth1	5636	5636
1787671225.322102504	s8-eth2	4012	5636
1787671225.322102504	s8-eth3	5636	3942
1787671225.322102504	s8-eth4	5615	5636
1787671225.322102504	s9-eth1	5636	8775
1787671225.322102504	s9-eth2	5636	5636
1787671225.322102504	s9-eth3	8572	5636
1787671225.322102504	s9-eth4	3942	5636
1787671233.806128439	s10-eth1	841945653	5818
1787671233.806128439	s10-eth2	5636	5615
1787671233.806128439	s10-eth3	5636	832254945
1787671233.806128439	s10-eth4	5636	5615
1787671233.806128439	s1-eth1	8237	1168798958
1787671233.806128439	s1-eth10	1492	4553
1787671233.806128439	s1-eth11	87280828	5120
1787671233.806128439	s1-eth12	1422	4533
1787671233.806128439	s1-eth13	1492	4533
1787671233.806128439	s1-eth14	1492	4463
1787671233.806128439	s1-eth15	87363022	5120
1787671233.806128439	s1-eth16	1492	4533
1787671233.806128439	s1-eth17	1492	4533
1787671233.806128439	s1-eth18	1492	4463
1787671233.806128439	s1-eth19	349798305	5120
1787671233.806128439	s1-eth2	5636	5636
1787671233.806128439	s1-eth20	1492	4533
1787671233.806128439	s1-eth21	1492	4533
1787671233.806128439	s1-eth22	1492	4314
1787671233.806128439	s1-eth23	87557614	5053
1787671233.806128439	s1-eth24	1422	4463
1787671233.806128439	s1-eth25	1492	4533
1787671233.806128439	s1-eth26	1492	4463
1787671233.806128439	s1-eth27	87570526	4983
1787671233.806128439	s1-eth28	1492	4533
1787671233.806128439	s1-eth29	1492	4533
1787671233.806128439	s1-eth3	350437373	5316
1787671233.806128439	s1-eth30	1422	4533
1787671233.806128439	s1-eth31	87619554	5158
1787671233.806128439	s1-eth32	1492	4533
1787671233.806128439	s1-eth33	1422	4463
1787671233.806128439	s1-eth34	1422	4533
1787671233.806128439	s1-eth4	1688	4729
1787671233.806128439	s1-eth5	1492	4533
1787671233.806128439	s1-eth6	1492	4463
1787671233.806128439	s1-eth7	87648394	4983
1787671233.806128439	s1-eth8	1492	4533
1787671233.806128439	s1-eth9	1492	4463
1787671233.806128439	s2-eth1	567823077	280452839
1787671233.806128439	s2-eth10	1492	4533
1787671233.806128439	s2-eth11	87664478	5187
1787671233.806128439	s2-eth12	1492	4533
1787671233.806128439	s2-eth13	1492	4463
1787671233.806128439	s2-eth14	1492	4533
1787671233.806128439	s2-eth15	87649968	5053
1787671233.806128439	s2-eth16	1492	4533
1787671233.806128439	s2-eth17	1492	4533
1787671233.806128439	s2-eth18	1492	4533
1787671233.806128439	s2-eth19	2009	314909272
1787671233.806128439	s2-eth2	5566	5636
1787671233.806128439	s2-eth20	1492	4533
1787671233.806128439	s2-eth21	1492	4533
1787671233.806128439	s2-eth22	1492	4533
1787671233.806128439	s2-eth23	2012	83168323
1787671233.806128439	s2-eth24	1422	4533
1787671233.806128439	s2-eth25	1492	4533
1787671233.806128439	s2-eth26	1492	4533
1787671233.806128439	s2-eth27	2012	83243241
1787671233.806128439	s2-eth28	1422	4533
1787671233.806128439	s2-eth29	1492	4533
1787671233.806128439	s2-eth3	17586018	5120
1787671233.806128439	s2-eth30	1492	4533
1787671233.806128439	s2-eth31	2012	83187003
1787671233.806128439	s2-eth32	1492	4533
1787671233.806128439	s2-eth33	1492	4533
1787671233.806128439	s2-eth34	1422	4463
1787671233.806128439	s2-eth4	1492	4533
1787671233.806128439	s2-eth5	1492	4533
1787671233.806128439	s2-eth6	1492	4533
1787671233.806128439	s2-eth7	88076820	5187
1787671233.806128439	s2-eth8	1492	4533
1787671233.806128439	s2-eth9	1492	4638
1787671233.806128439	s3-eth1	557368377	281959602
1787671233.806128439	s3-eth10	1422	4533
1787671233.806128439	s3-eth11	2079	81805575
1787671233.806128439	s3-eth12	1422	4533
1787671233.806128439	s3-eth13	1492	4463
1787671233.806128439	s3-eth14	1492	4533
1787671233.806128439	s3-eth15	2079	81759501
1787671233.806128439	s3-eth16	1422	4553
1787671233.806128439	s3-eth17	1492	4533
1787671233.806128439	s3-eth18	1492	4533
1787671233.806128439	s3-eth19	17661002	5120
1787671233.806128439	s3-eth2	5663	5663
1787671233.806128439	s3-eth20	1492	4533
1787671233.806128439	s3-eth21	1492	4533
1787671233.806128439	s3-eth22	1492	4533
1787671233.806128439	s3-eth23	88369394	5053
1787671233.806128439	s3-eth24	1492	4533
1787671233.806128439	s3-eth25	1492	4533
1787671233.806128439	s3-eth26	1492	4533
1787671233.806128439	s3-eth27	88398312	5120
1787671233.806128439	s3-eth28	1422	4533
1787671233.806128439	s3-eth29	1492	4463
1787671233.806128439	s3-eth3	2079	311383512
1787671233.806128439	s3-eth30	1492	4533
1787671233.806128439	s3-eth31	88409980	5050
1787671233.806128439	s3-eth32	1422	4533
1787671233.806128439	s3-eth33	1492	4533
1787671233.806128439	s3-eth34	1492	4533
1787671233.806128439	s3-eth4	1492	4533
1787671233.806128439	s3-eth5	1492	4463
1787671233.806128439	s3-eth6	1492	4533
1787671233.806128439	s3-eth7	2012	82115597
1787671233.806128439	s3-eth8	1492	4533
1787671233.806128439	s3-eth9	1492	4533
1787671233.806128439	s4-eth1	559843837	10426
1787671233.806128439	s4-eth10	1492	4533
1787671233.806128439	s4-eth11	2146	86418603
1787671233.806128439	s4-eth12	1422	4443
1787671233.806128439	s4-eth13	1422	4533
1787671233.806128439	s4-eth14	1422	4533
1787671233.806128439	s4-eth15	2009	86347933
1787671233.806128439	s4-eth16	1422	4443
1787671233.806128439	s4-eth17	1492	4533
1787671233.806128439	s4-eth18	1492	4533
1787671233.806128439	s4-eth19	2009	17701535
1787671233.806128439	s4-eth2	5663	4039
1787671233.806128439	s4-eth20	1492	4330
1787671233.806128439	s4-eth21	1492	4533
1787671233.806128439	s4-eth22	1422	4533
1787671233.806128439	s4-eth23	2012	88496447
1787671233.806128439	s4-eth24	1402	4443
1787671233.806128439	s4-eth25	1402	4533
1787671233.806128439	s4-eth26	1422	4533
1787671233.806128439	s4-eth27	2079	88542669
1787671233.806128439	s4-eth28	1402	4533
1787671233.806128439	s4-eth29	1492	4330
1787671233.806128439	s4-eth3	2079	17343841
1787671233.806128439	s4-eth30	1332	4533
1787671233.806128439	s4-eth31	2079	88505219
1787671233.806128439	s4-eth32	1492	4533
1787671233.806128439	s4-eth33	1402	4533
1787671233.806128439	s4-eth34	1492	4443
1787671233.806128439	s4-eth4	1492	4533
1787671233.806128439	s4-eth5	1492	4533
1787671233.806128439	s4-eth6	1492	4463
1787671233.806128439	s4-eth7	2146	86647881
1787671233.806128439	s4-eth8	1422	4533
1787671233.806128439	s4-eth9	1492	4463
1787671233.806128439	s5-eth1	1192175247	8264
1787671233.806128439	s5-eth2	284484698	576707266
1787671233.806128439	s5-eth3	8802	5663
1787671233.806128439	s5-eth4	5846	860615254
1787671233.806128439	s6-eth1	5663	5663
1787671233.806128439	s6-eth2	5663	5593
1787671233.806128439	s6-eth3	5663	5663
1787671233.806128439	s6-eth4	5643	5663
1787671233.806128439	s7-eth1	284879652	563864587
1787671233.806128439	s7-eth2	10426	563098431
1787671233.806128439	s7-eth3	5663	8599
1787671233.806128439	s7-eth4	851791189	5663
1787671233.806128439	s8-eth1	5663	5663
1787671233.806128439	s8-eth2	4039	5663
1787671233.806128439	s8-eth3	5663	4039
1787671233.806128439	s8-eth4	5643	5663
1787671233.806128439	s9-eth1	5663	8802
1787671233.806128439	s9-eth2	5663	5663
1787671233.806128439	s9-eth3	8599	5663
1787671233.806128439	s9-eth4	4039	5663
1787671239.168502799	s10-eth1	876892550	5846
1787671239.168502799	s10-eth2	5663	5643
1787671239.168502799	s10-eth3	5663	867141279
1787671239.168502799	s10-eth4	5663	5643
1787671239.168502799	s1-eth1	8264	1216591191
1787671239.168502799	s1-eth10	1492	4553
1787671239.168502799	s1-eth11	90676738	5120
1787671239.168502799	s1-eth12	1422	4533
1787671239.168502799	s1-eth13	1492	4533
1787671239.168502799	s1-eth14	1492	4463
1787671239.168502799	s1-eth15	90741628	5120
1787671239.168502799	s1-eth16	1492	4533
1787671239.168502799	s1-eth17	1492	4533
1787671239.168502799	s1-eth18	1492	4463
1787671239.168502799	s1-eth19	363195927	5120
1787671239.168502799	s1-eth2	5663	5663
1787671239.168502799	s1-eth20	1492	4533
1787671239.168502799	s1-eth21	1492	4533
1787671239.168502799	s1-eth22	1492	4314
1787671239.168502799	s1-eth23	90882866	5053
1787671239.168502799	s1-eth24	1422	4463
1787671239.168502799	s1-eth25	1492	4533
1787671239.168502799	s1-eth26	1492	4463
1787671239.168502799	s1-eth27	90933270	5053
1787671239.168502799	s1-eth28	1492	4533
1787671239.168502799	s1-eth29	1492	4533
1787671239.168502799	s1-eth3	363914305	5316
1787671239.168502799	s1-eth30	1492	4533
1787671239.168502799	s1-eth31	91001044	5158
1787671239.168502799	s1-eth32	1492	4533
1787671239.168502799	s1-eth33	1422	4463
1787671239.168502799	s1-eth34	1422	4533
1787671239.168502799	s1-eth4	1688	4729
1787671239.168502799	s1-eth5	1492	4533
1787671239.168502799	s1-eth6	1492	4463
1787671239.168502799	s1-eth7	91106310	4983
1787671239.168502799	s1-eth8	1492	4533
1787671239.168502799	s1-eth9	1492	4533
1787671239.168502799	s2-eth1	592181395	291622625
1787671239.168502799	s2-eth10	1492	4533
1787671239.168502799	s2-eth11	91172864	5187
1787671239.168502799	s2-eth12	1492	4533
1787671239.168502799	s2-eth13	1492	4463
1787671239.168502799	s2-eth14	1492	4533
1787671239.168502799	s2-eth15	91197288	5053
1787671239.168502799	s2-eth16	1492	4533
1787671239.168502799	s2-eth17	1492	4533
1787671239.168502799	s2-eth18	1492	4533
1787671239.168502799	s2-eth19	2079	329236984
1787671239.168502799	s2-eth2	5620	5690
1787671239.168502799	s2-eth20	1492	4533
1787671239.168502799	s2-eth21	1492	4533
1787671239.168502799	s2-eth22	1492	4533
1787671239.168502799	s2-eth23	2012	86777649
1787671239.168502799	s2-eth24	1492	4533
1787671239.168502799	s2-eth25	1492	4533
1787671239.168502799	s2-eth26	1492	4533
1787671239.168502799	s2-eth27	2012	86846799
1787671239.168502799	s2-eth28	1422	4533
1787671239.168502799	s2-eth29	1492	4533
1787671239.168502799	s2-eth3	18302692	5120
1787671239.168502799	s2-eth30	1492	4533
1787671239.168502799	s2-eth31	2012	86760279
1787671239.168502799	s2-eth32	1492	4533
1787671239.168502799	s2-eth33	1492	4533
1787671239.168502799	s2-eth34	1422	4463
1787671239.168502799	s2-eth4	1492	4533
1787671239.168502799	s2-eth5	1492	4533
1787671239.168502799	s2-eth6	1492	4533
1787671239.168502799	s2-eth7	91609720	5187
1787671239.168502799	s2-eth8	1492	4533
1787671239.168502799	s2-eth9	1492	4638
1787671239.168502799	s3-eth1	581741088	293139455
1787671239.168502799	s3-eth10	1422	4533
1787671239.168502799	s3-eth11	2079	85257723
1787671239.168502799	s3-eth12	1422	4533
1787671239.168502799	s3-eth13	1492	4463
1787671239.168502799	s3-eth14	1492	4533
1787671239.168502799	s3-eth15	2079	85162621
1787671239.168502799	s3-eth16	1422	4553
1787671239.168502799	s3-eth17	1492	4533
1787671239.168502799	s3-eth18	1492	4533
1787671239.168502799	s3-eth19	18334416	5120
1787671239.168502799	s3-eth2	5690	5690
1787671239.168502799	s3-eth20	1492	4533
1787671239.168502799	s3-eth21	1492	4533
1787671239.168502799	s3-eth22	1492	4533
1787671239.168502799	s3-eth23	91688878	5053
1787671239.168502799	s3-eth24	1492	4533
1787671239.168502799	s3-eth25	1492	4533
1787671239.168502799	s3-eth26	1492	4533
1787671239.168502799	s3-eth27	91696166	5120
1787671239.168502799	s3-eth28	1422	4533
1787671239.168502799	s3-eth29	1492	4463
1787671239.168502799	s3-eth3	2079	324579324
1787671239.168502799	s3-eth30	1492	4533
1787671239.168502799	s3-eth31	91729464	5050
1787671239.168502799	s3-eth32	1492	4533
1787671239.168502799	s3-eth33	1492	4533
1787671239.168502799	s3-eth34	1492	4533
1787671239.168502799	s3-eth4	1492	4533
1787671239.168502799	s3-eth5	1492	4463
1787671239.168502799	s3-eth6	1492	4533
1787671239.168502799	s3-eth7	2012	85450943
1787671239.168502799	s3-eth8	1492	4533
1787671239.168502799	s3-eth9	1492	4533
1787671239.168502799	s4-eth1	581189790	10453
1787671239.168502799	s4-eth10	1492	4533
1787671239.168502799	s4-eth11	2146	89752507
1787671239.168502799	s4-eth12	1492	4443
1787671239.168502799	s4-eth13	1422	4533
1787671239.168502799	s4-eth14	1422	4533
1787671239.168502799	s4-eth15	2079	89727981
1787671239.168502799	s4-eth16	1492	4443
1787671239.168502799	s4-eth17	1492	4533
1787671239.168502799	s4-eth18	1492	4533
1787671239.168502799	s4-eth19	2009	18389369
1787671239.168502799	s4-eth2	5690	4066
1787671239.168502799	s4-eth20	1492	4330
1787671239.168502799	s4-eth21	1492	4533
1787671239.168502799	s4-eth22	1422	4533
1787671239.168502799	s4-eth23	2012	92003391
1787671239.168502799	s4-eth24	1402	4443
1787671239.168502799	s4-eth25	1402	4533
1787671239.168502799	s4-eth26	1422	4533
1787671239.168502799	s4-eth27	2079	92100083
1787671239.168502799	s4-eth28	1402	4533
1787671239.168502799	s4-eth29	1492	4330
1787671239.168502799	s4-eth3	2079	18059073
1787671239.168502799	s4-eth30	1402	4533
1787671239.168502799	s4-eth31	2079	92090031
1787671239.168502799	s4-eth32	1492	4533
1787671239.168502799	s4-eth33	1402	4533
1787671239.168502799	s4-eth34	1492	4443
1787671239.168502799	s4-eth4	1492	4533
1787671239.168502799	s4-eth5	1492	4533
1787671239.168502799	s4-eth6	1492	4463
1787671239.168502799	s4-eth7	2146	90254323
1787671239.168502799	s4-eth8	1492	4533
1787671239.168502799	s4-eth9	1492	4463
1787671239.168502799	s5-eth1	1242754866	8291
1787671239.168502799	s5-eth2	296025051	601854331
1787671239.168502799	s5-eth3	8829	5690
1787671239.168502799	s5-eth4	5874	897131047
1787671239.168502799	s6-eth1	5690	5690
1787671239.168502799	s6-eth2	5690	5620
1787671239.168502799	s6-eth3	5690	5690
1787671239.168502799	s6-eth4	5671	5690
1787671239.168502799	s7-eth1	296210915	588545886
1787671239.168502799	s7-eth2	10453	585720554
1787671239.168502799	s7-eth3	5690	8626
1787671239.168502799	s7-eth4	887875825	5690
1787671239.168502799	s8-eth1	5690	5690
1787671239.168502799	s8-eth2	4066	5690
1787671239.168502799	s8-eth3	5690	4066
1787671239.168502799	s8-eth4	5671	5690
1787671239.168502799	s9-eth1	5690	8829
1787671239.168502799	s9-eth2	5690	5690
1787671239.168502799	s9-eth3	8626	5690
1787671239.168502799	s9-eth4	4066	5690
1787671244.802858280	s10-eth1	912044211	5874
1787671244.802858280	s10-eth2	5690	5671
1787671244.802858280	s10-eth3	5690	901939651
1787671244.802858280	s10-eth4	5690	5699
1787671244.802858280	s1-eth1	8318	1266700745
1787671244.802858280	s1-eth10	1492	4553
1787671244.802858280	s1-eth11	94365374	5120
1787671244.802858280	s1-eth12	1492	4533
1787671244.802858280	s1-eth13	1492	4533
1787671244.802858280	s1-eth14	1492	4463
1787671244.802858280	s1-eth15	94492270	5120
1787671244.802858280	s1-eth16	1492	4533
1787671244.802858280	s1-eth17	1492	4533
1787671244.802858280	s1-eth18	1492	4463
1787671244.802858280	s1-eth19	378326833	5120
1787671244.802858280	s1-eth2	5717	5717
1787671244.802858280	s1-eth20	1492	4533
1787671244.802858280	s1-eth21	1492	4533
1787671244.802858280	s1-eth22	1492	4314
1787671244.802858280	s1-eth23	94646486	5053
1787671244.802858280	s1-eth24	1492	4463
1787671244.802858280	s1-eth25	1492	4533
1787671244.802858280	s1-eth26	1492	4533
1787671244.802858280	s1-eth27	94663724	5053
1787671244.802858280	s1-eth28	1492	4533
1787671244.802858280	s1-eth29	1492	4533
1787671244.802858280	s1-eth3	378735181	5316
1787671244.802858280	s1-eth30	1492	4533
1787671244.802858280	s1-eth31	94704100	5158
1787671244.802858280	s1-eth32	1492	4533
1787671244.802858280	s1-eth33	1492	4533
1787671244.802858280	s1-eth34	1422	4533
1787671244.802858280	s1-eth4	1688	4729
1787671244.802858280	s1-eth5	1492	4533
1787671244.802858280	s1-eth6	1492	4463
1787671244.802858280	s1-eth7	94766106	4983
1787671244.802858280	s1-eth8	1492	4533
1787671244.802858280	s1-eth9	1492	4533
1787671244.802858280	s2-eth1	615404832	303226426
1787671244.802858280	s2-eth10	1492	4533
1787671244.802858280	s2-eth11	94785074	5187
1787671244.802858280	s2-eth12	1492	4533
1787671244.802858280	s2-eth13	1492	4463
1787671244.802858280	s2-eth14	1492	4533
1787671244.802858280	s2-eth15	94805172	5053
1787671244.802858280	s2-eth16	1492	4533
1787671244.802858280	s2-eth17	1492	4533
1787671244.802858280	s2-eth18	1492	4533
1787671244.802858280	s2-eth19	2079	341948214
1787671244.802858280	s2-eth2	5647	5717
1787671244.802858280	s2-eth20	1492	4533
1787671244.802858280	s2-eth21	1492	4533
1787671244.802858280	s2-eth22	1492	4533
1787671244.802858280	s2-eth23	2012	90130299
1787671244.802858280	s2-eth24	1492	4533
1787671244.802858280	s2-eth25	1492	4533
1787671244.802858280	s2-eth26	1492	4533
1787671244.802858280	s2-eth27	2012	90252803
1787671244.802858280	s2-eth28	1492	4533
1787671244.802858280	s2-eth29	1492	4533
1787671244.802858280	s2-eth3	19048206	5120
1787671244.802858280	s2-eth30	1492	4533
1787671244.802858280	s2-eth31	2012	90223963
1787671244.802858280	s2-eth32	1492	4533
1787671244.802858280	s2-eth33	1492	4533
1787671244.802858280	s2-eth34	1422	4533
1787671244.802858280	s2-eth4	1492	4533
1787671244.802858280	s2-eth5	1492	4533
1787671244.802858280	s2-eth6	1492	4533
1787671244.802858280	s2-eth7	95480118	5187
1787671244.802858280	s2-eth8	1492	4533
1787671244.802858280	s2-eth9	1492	4638
1787671244.802858280	s3-eth1	605577375	305693534
1787671244.802858280	s3-eth10	1422	4533
1787671244.802858280	s3-eth11	2079	88761853
1787671244.802858280	s3-eth12	1422	4533
1787671244.802858280	s3-eth13	1492	4463
1787671244.802858280	s3-eth14	1492	4533
1787671244.802858280	s3-eth15	2079	88738781
1787671244.802858280	s3-eth16	1422	4553
1787671244.802858280	s3-eth17	1492	4533
1787671244.802858280	s3-eth18	1492	4533
1787671244.802858280	s3-eth19	19152030	5120
1787671244.802858280	s3-eth2	5717	5717
1787671244.802858280	s3-eth20	1492	4533
1787671244.802858280	s3-eth21	1492	4533
1787671244.802858280	s3-eth22	1492	4533
1787671244.802858280	s3-eth23	95849048	5053
1787671244.802858280	s3-eth24	1492	4533
1787671244.802858280	s3-eth25	1492	4533
1787671244.802858280	s3-eth26	1492	4533
1787671244.802858280	s3-eth27	95935646	5120
1787671244.802858280	s3-eth28	1492	4533
1787671244.802858280	s3-eth29	1492	4533
1787671244.802858280	s3-eth3	2079	338996440
1787671244.802858280	s3-eth30	1492	4533
1787671244.802858280	s3-eth31	96006436	5050
1787671244.802858280	s3-eth32	1492	4533
1787671244.802858280	s3-eth33	1492	4533
1787671244.802858280	s3-eth34	1492	4533
1787671244.802858280	s3-eth4	1492	4533
1787671244.802858280	s3-eth5	1492	4463
1787671244.802858280	s3-eth6	1492	4533
1787671244.802858280	s3-eth7	2012	89234751
1787671244.802858280	s3-eth8	1492	4533
1787671244.802858280	s3-eth9	1492	4533
1787671244.802858280	s4-eth1	608150891	10480
1787671244.802858280	s4-eth10	1492	4533
1787671244.802858280	s4-eth11	2146	93847787
1787671244.802858280	s4-eth12	1492	4443
1787671244.802858280	s4-eth13	1422	4533
1787671244.802858280	s4-eth14	1422	4533
1787671244.802858280	s4-eth15	2079	93749719
1787671244.802858280	s4-eth16	1492	4443
1787671244.802858280	s4-eth17	1492	4533
1787671244.802858280	s4-eth18	1492	4533
1787671244.802858280	s4-eth19	2079	19237265
1787671244.802858280	s4-eth2	5717	4093
1787671244.802858280	s4-eth20	1492	4330
1787671244.802858280	s4-eth21	1492	4533
1787671244.802858280	s4-eth22	1422	4533
1787671244.802858280	s4-eth23	2012	96202495
1787671244.802858280	s4-eth24	1402	4443
1787671244.802858280	s4-eth25	1402	4533
1787671244.802858280	s4-eth26	1492	4533
1787671244.802858280	s4-eth27	2079	96294861
1787671244.802858280	s4-eth28	1402	4533
1787671244.802858280	s4-eth29	1492	4330
1787671244.802858280	s4-eth3	2079	18846405
1787671244.802858280	s4-eth30	1402	4533
1787671244.802858280	s4-eth31	2079	96274715
1787671244.802858280	s4-eth32	1492	4533
1787671244.802858280	s4-eth33	1402	4533
1787671244.802858280	s4-eth34	1492	4443
1787671244.802858280	s4-eth4	1492	4533
1787671244.802858280	s4-eth5	1492	4533
1787671244.802858280	s4-eth6	1492	4463
1787671244.802858280	s4-eth7	2146	94273177
1787671244.802858280	s4-eth8	1492	4533
1787671244.802858280	s4-eth9	1492	4463
1787671244.802858280	s5-eth1	1301535139	8318
1787671244.802858280	s5-eth2	309885582	629315806
1787671244.802858280	s5-eth3	8856	5717
1787671244.802858280	s5-eth4	5902	938202118
1787671244.802858280	s6-eth1	5717	5717
1787671244.802858280	s6-eth2	5717	5647
1787671244.802858280	s6-eth3	5717	5717
1787671244.802858280	s6-eth4	5699	5717
1787671244.802858280	s7-eth1	310391570	615160907
1787671244.802858280	s7-eth2	10480	613308925
1787671244.802858280	s7-eth3	5717	8653
1787671244.802858280	s7-eth4	928391727	5717
1787671244.802858280	s8-eth1	5717	5717
1787671244.802858280	s8-eth2	4093	5717
1787671244.802858280	s8-eth3	5717	4093
1787671244.802858280	s8-eth4	5699	5717
1787671244.802858280	s9-eth1	5717	8856
1787671244.802858280	s9-eth2	5717	5717
1787671244.802858280	s9-eth3	8653	5717
1787671244.802858280	s9-eth4	4093	5717
1787671251.495165801	s10-eth1	954042515	5930
1787671251.495165801	s10-eth2	5744	5727
1787671251.495165801	s10-eth3	5744	943319339
1787671251.495165801	s10-eth4	5744	5727
1787671251.495165801	s1-eth1	8345	1325713180
1787671251.495165801	s1-eth10	1492	4553
1787671251.495165801	s1-eth11	98625042	5120
1787671251.495165801	s1-eth12	1492	4533
1787671251.495165801	s1-eth13	1492	4533
1787671251.495165801	s1-eth14	1492	4463
1787671251.495165801	s1-eth15	98646672	5120
1787671251.495165801	s1-eth16	1492	4533
1787671251.495165801	s1-eth17	1492	4533
1787671251.495165801	s1-eth18	1492	4533
1787671251.495165801	s1-eth19	394608455	5120
1787671251.495165801	s1-eth2	5744	5744
1787671251.495165801	s1-eth20	1492	4533
1787671251.495165801	s1-eth21	1492	4533
1787671251.495165801	s1-eth22	1492	4314
1787671251.495165801	s1-eth23	98733114	5053
1787671251.495165801	s1-eth24	1492	4463
1787671251.495165801	s1-eth25	1492	4533
1787671251.495165801	s1-eth26	1492	4533
1787671251.495165801	s1-eth27	98782076	5053
1787671251.495165801	s1-eth28	1492	4533
1787671251.495165801	s1-eth29	1492	4533
1787671251.495165801	s1-eth3	395352789	5316
1787671251.495165801	s1-eth30	1492	4533
1787671251.495165801	s1-eth31	98881574	5158
1787671251.495165801	s1-eth32	1492	4533
1787671251.495165801	s1-eth33	1492	4533
1787671251.495165801	s1-eth34	1422	4533
1787671251.495165801	s1-eth4	1688	4729
1787671251.495165801	s1-eth5	1492	4533
1787671251.495165801	s1-eth6	1492	4533
1787671251.495165801	s1-eth7	99007028	4983
1787671251.495165801	s1-eth8	1492	4533
1787671251.495165801	s1-eth9	1492	4533
1787671251.495165801	s2-eth1	644210251	317023509
1787671251.495165801	s2-eth10	1492	4533
1787671251.495165801	s2-eth11	99121168	5187
1787671251.495165801	s2-eth12	1492	4533
1787671251.495165801	s2-eth13	1492	4463
1787671251.495165801	s2-eth14	1492	4533
1787671251.495165801	s2-eth15	99164338	5053
1787671251.495165801	s2-eth16	1492	4533
1787671251.495165801	s2-eth17	1492	4533
1787671251.495165801	s2-eth18	1492	4533
1787671251.495165801	s2-eth19	2079	358218300
1787671251.495165801	s2-eth2	5674	5744
1787671251.495165801	s2-eth20	1492	4533
1787671251.495165801	s2-eth21	1492	4533
1787671251.495165801	s2-eth22	1492	4533
1787671251.495165801	s2-eth23	2012	94167899
1787671251.495165801	s2-eth24	1492	4533
1787671251.495165801	s2-eth25	1492	4533
1787671251.495165801	s2-eth26	1492	4533
1787671251.495165801	s2-eth27	2012	94196673
1787671251.495165801	s2-eth28	1492	4533
1787671251.495165801	s2-eth29	1492	4533
1787671251.495165801	s2-eth3	19848516	5120
1787671251.495165801	s2-eth30	1492	4533
1787671251.495165801	s2-eth31	2012	94027959
1787671251.495165801	s2-eth32	1492	4533
1787671251.495165801	s2-eth33	1492	4533
1787671251.495165801	s2-eth34	1422	4533
1787671251.495165801	s2-eth4	1492	4533
1787671251.495165801	s2-eth5	1492	4533
1787671251.495165801	s2-eth6	1492	4533
1787671251.495165801	s2-eth7	99336026	5187
1787671251.495165801	s2-eth8	1492	4533
1787671251.495165801	s2-eth9	1492	4638
1787671251.495165801	s3-eth1	631283936	318034197
1787671251.495165801	s3-eth10	1492	4533
1787671251.495165801	s3-eth11	2079	92437511
1787671251.495165801	s3-eth12	1492	4533
1787671251.495165801	s3-eth13	1492	4463
1787671251.495165801	s3-eth14	1492	4533
1787671251.495165801	s3-eth15	2079	92391367
1787671251.495165801	s3-eth16	1422	4553
1787671251.495165801	s3-eth17	1492	4533
1787671251.495165801	s3-eth18	1492	4533
1787671251.495165801	s3-eth19	19920616	5120
1787671251.495165801	s3-eth2	5744	5744
1787671251.495165801	s3-eth20	1492	4533
1787671251.495165801	s3-eth21	1492	4533
1787671251.495165801	s3-eth22	1492	4533
1787671251.495165801	s3-eth23	99726586	5053
1787671251.495165801	s3-eth24	1492	4533
1787671251.495165801	s3-eth25	1492	4533
1787671251.495165801	s3-eth26	1492	4533
1787671251.495165801	s3-eth27	99830488	5120
1787671251.495165801	s3-eth28	1492	4533
1787671251.495165801	s3-eth29	1492	4533
1787671251.495165801	s3-eth3	2079	353602458
1787671251.495165801	s3-eth30	1492	4533
1787671251.495165801	s3-eth31	99935886	5050
1787671251.495165801	s3-eth32	1492	4533
1787671251.495165801	s3-eth33	1492	4533
1787671251.495165801	s3-eth34	1492	4533
1787671251.495165801	s3-eth4	1492	4533
1787671251.495165801	s3-eth5	1492	4533
1787671251.495165801	s3-eth6	1492	4533
1787671251.495165801	s3-eth7	2012	92914735
1787671251.495165801	s3-eth8	1492	4533
1787671251.495165801	s3-eth9	1492	4533
1787671251.495165801	s4-eth1	633411874	10507
1787671251.495165801	s4-eth10	1492	4533
1787671251.495165801	s4-eth11	2146	97728209
1787671251.495165801	s4-eth12	1492	4443
1787671251.495165801	s4-eth13	1422	4533
1787671251.495165801	s4-eth14	1422	4533
1787671251.495165801	s4-eth15	2079	97622931
1787671251.495165801	s4-eth16	1492	4443
1787671251.495165801	s4-eth17	1492	4533
1787671251.495165801	s4-eth18	1492	4533
1787671251.495165801	s4-eth19	2079	20024597
1787671251.495165801	s4-eth2	5744	4120
1787671251.495165801	s4-eth20	1492	4330
1787671251.495165801	s4-eth21	1492	4533
1787671251.495165801	s4-eth22	1422	4533
1787671251.495165801	s4-eth23	2012	100179531
1787671251.495165801	s4-eth24	1402	4443
1787671251.495165801	s4-eth25	1402	4533
1787671251.495165801	s4-eth26	1492	4533
1787671251.495165801	s4-eth27	2079	100258919
1787671251.495165801	s4-eth28	1402	4533
1787671251.495165801	s4-eth29	1492	4330
1787671251.495165801	s4-eth3	2079	19626527
1787671251.495165801	s4-eth30	1402	4533
1787671251.495165801	s4-eth31	2079	100264729
1787671251.495165801	s4-eth32	1492	4533
1787671251.495165801	s4-eth33	1402	4533
1787671251.495165801	s4-eth34	1492	4443
1787671251.495165801	s4-eth4	1492	4533
1787671251.495165801	s4-eth5	1492	4533
1787671251.495165801	s4-eth6	1492	4463
1787671251.495165801	s4-eth7	2146	98156483
1787671251.495165801	s4-eth8	1492	4533
1787671251.495165801	s4-eth9	1492	4463
1787671251.495165801	s5-eth1	1355564049	8372
1787671251.495165801	s5-eth2	322524766	655212738
1787671251.495165801	s5-eth3	8910	5771
1787671251.495165801	s5-eth4	5958	976601190
1787671251.495165801	s6-eth1	5771	5771
1787671251.495165801	s6-eth2	5771	5701
1787671251.495165801	s6-eth3	5771	5771
1787671251.495165801	s6-eth4	5755	5771
1787671251.495165801	s7-eth1	322759658	640212827
1787671251.495165801	s7-eth2	10534	637773951
1787671251.495165801	s7-eth3	5771	8707
1787671251.495165801	s7-eth4	966012121	5771
1787671251.495165801	s8-eth1	5771	5771
1787671251.495165801	s8-eth2	4147	5771
1787671251.495165801	s8-eth3	5771	4147
1787671251.495165801	s8-eth4	5825	5771
1787671251.495165801	s9-eth1	5771	8910
1787671251.495165801	s9-eth2	5771	5771
1787671251.495165801	s9-eth3	8707	5771
1787671251.495165801	s9-eth4	4147	5771
1787671257.483283861	s10-eth1	991595106	5958
1787671257.483283861	s10-eth2	5771	5755
1787671257.483283861	s10-eth3	5771	979751497
1787671257.483283861	s10-eth4	5771	5825
1787671257.483283861	s1-eth1	8372	1377589157
1787671257.483283861	s1-eth10	1492	4553
1787671257.483283861	s1-eth11	102404524	5120
1787671257.483283861	s1-eth12	1492	4533
1787671257.483283861	s1-eth13	1492	4533
1787671257.483283861	s1-eth14	1492	4533
1787671257.483283861	s1-eth15	102449226	5120
1787671257.483283861	s1-eth16	1492	4533
1787671257.483283861	s1-eth17	1492	4533
1787671257.483283861	s1-eth18	1492	4533
1787671257.483283861	s1-eth19	409850395	5120
1787671257.483283861	s1-eth2	5771	5771
1787671257.483283861	s1-eth20	1492	4533
1787671257.483283861	s1-eth21	1492	4533
1787671257.483283861	s1-eth22	1492	4314
1787671257.483283861	s1-eth23	102518364	5053
1787671257.483283861	s1-eth24	1492	4533
1787671257.483283861	s1-eth25	1492	4533
1787671257.483283861	s1-eth26	1492	4533
1787671257.483283861	s1-eth27	102555790	5053
1787671257.483283861	s1-eth28	1492	4533
1787671257.483283861	s1-eth29	1492	4533
1787671257.483283861	s1-eth3	410329401	5316
1787671257.483283861	s1-eth30	1492	4533
1787671257.483283861	s1-eth31	102587514	5158
1787671257.483283861	s1-eth32	1492	4533
1787671257.483283861	s1-eth33	1492	4533
1787671257.483283861	s1-eth34	1422	4533
1787671257.483283861	s1-eth4	1688	4729
1787671257.483283861	s1-eth5	1492	4533
1787671257.483283861	s1-eth6	1492	4533
1787671257.483283861	s1-eth7	102627890	5053
1787671257.483283861	s1-eth8	1492	4533
1787671257.483283861	s1-eth9	1492	4533
1787671257.483283861	s2-eth1	667674502	328584050
1787671257.483283861	s2-eth10	1492	4533
1787671257.483283861	s2-eth11	102726168	5187
1787671257.483283861	s2-eth12	1492	4533
1787671257.483283861	s2-eth13	1492	4463
1787671257.483283861	s2-eth14	1492	4533
1787671257.483283861	s2-eth15	102753476	5053
1787671257.483283861	s2-eth16	1492	4533
1787671257.483283861	s2-eth17	1492	4533
1787671257.483283861	s2-eth18	1492	4533
1787671257.483283861	s2-eth19	2079	371510656
1787671257.483283861	s2-eth2	5701	5771
1787671257.483283861	s2-eth20	1492	4533
1787671257.483283861	s2-eth21	1492	4533
1787671257.483283861	s2-eth22	1492	4533
1787671257.483283861	s2-eth23	2012	97598417
1787671257.483283861	s2-eth24	1492	4533
1787671257.483283861	s2-eth25	1492	4533
1787671257.483283861	s2-eth26	1492	4533
1787671257.483283861	s2-eth27	2012	97677661
1787671257.483283861	s2-eth28	1492	4533
1787671257.483283861	s2-eth29	1492	4533
1787671257.483283861	s2-eth3	20599798	5120
1787671257.483283861	s2-eth30	1492	4533
1787671257.483283861	s2-eth31	2012	97493085
1787671257.483283861	s2-eth32	1492	4533
1787671257.483283861	s2-eth33	1492	4533
1787671257.483283861	s2-eth34	1422	4533
1787671257.483283861	s2-eth4	1492	4533
1787671257.483283861	s2-eth5	1492	4533
1787671257.483283861	s2-eth6	1492	4533
1787671257.483283861	s2-eth7	103073690	5187
1787671257.483283861	s2-eth8	1492	4533
1787671257.483283861	s2-eth9	1492	4638
1787671257.483283861	s3-eth1	653718599	330064830
1787671257.483283861	s3-eth10	1492	4533
1787671257.483283861	s3-eth11	2079	95604143
1787671257.483283861	s3-eth12	1492	4533
1787671257.483283861	s3-eth13	1492	4463
1787671257.483283861	s3-eth14	1492	4533
1787671257.483283861	s3-eth15	2079	95586839
1787671257.483283861	s3-eth16	1492	4553
1787671257.483283861	s3-eth17	1492	4533
1787671257.483283861	s3-eth18	1492	4533
1787671257.483283861	s3-eth19	20669014	5120
1787671257.483283861	s3-eth2	5771	5771
1787671257.483283861	s3-eth20	1492	4533
1787671257.483283861	s3-eth21	1492	4533
1787671257.483283861	s3-eth22	1492	4533
1787671257.483283861	s3-eth23	103446946	5053
1787671257.483283861	s3-eth24	1492	4533
1787671257.483283861	s3-eth25	1492	4533
1787671257.483283861	s3-eth26	1492	4533
1787671257.483283861	s3-eth27	103485958	5120
1787671257.483283861	s3-eth28	1492	4533
1787671257.483283861	s3-eth29	1492	4533
1787671257.483283861	s3-eth3	2079	365340338
1787671257.483283861	s3-eth30	1492	4533
1787671257.483283861	s3-eth31	103499068	5120
1787671257.483283861	s3-eth32	1492	4533
1787671257.483283861	s3-eth33	1492	4533
1787671257.483283861	s3-eth34	1492	4533
1787671257.483283861	s3-eth4	1492	4533
1787671257.483283861	s3-eth5	1492	4533
1787671257.483283861	s3-eth6	1492	4533
1787671257.483283861	s3-eth7	2012	95883813
1787671257.483283861	s3-eth8	1492	4533
1787671257.483283861	s3-eth9	1492	4533
1787671257.483283861	s4-eth1	654687169	10534
1787671257.483283861	s4-eth10	1492	4533
1787671257.483283861	s4-eth11	2146	100930891
1787671257.483283861	s4-eth12	1492	4443
1787671257.483283861	s4-eth13	1422	4533
1787671257.483283861	s4-eth14	1422	4533
1787671257.483283861	s4-eth15	2079	100743419
1787671257.483283861	s4-eth16	1492	4443
1787671257.483283861	s4-eth17	1492	4533
1787671257.483283861	s4-eth18	1492	4533
1787671257.483283861	s4-eth19	2079	20677823
1787671257.483283861	s4-eth2	5771	4147
1787671257.483283861	s4-eth20	1492	4330
1787671257.483283861	s4-eth21	1492	4533
1787671257.483283861	s4-eth22	1422	4533
1787671257.483283861	s4-eth23	2012	103467291
1787671257.483283861	s4-eth24	1402	4443
1787671257.483283861	s4-eth25	1402	4533
1787671257.483283861	s4-eth26	1492	4533
1787671257.483283861	s4-eth27	2079	103592823
1787671257.483283861	s4-eth28	1402	4533
1787671257.483283861	s4-eth29	1492	4330
1787671257.483283861	s4-eth3	2079	20268217
1787671257.483283861	s4-eth30	1402	4533
1787671257.483283861	s4-eth31	2079	103634683
1787671257.483283861	s4-eth32	1492	4533
1787671257.483283861	s4-eth33	1402	4533
1787671257.483283861	s4-eth34	1492	4443
1787671257.483283861	s4-eth4	1492	4533
1787671257.483283861	s4-eth5	1492	4533
1787671257.483283861	s4-eth6	1492	4533
1787671257.483283861	s4-eth7	2146	101411077
1787671257.483283861	s4-eth8	1492	4533
1787671257.483283861	s4-eth9	1492	4533
1787671257.483283861	s5-eth1	1400864506	8399
1787671257.483283861	s5-eth2	333840167	676475055
1787671257.483283861	s5-eth3	8937	5798
1787671257.483283861	s5-eth4	5986	1009165903
1787671257.483283861	s6-eth1	5798	5798
1787671257.483283861	s6-eth2	5798	5728
1787671257.483283861	s6-eth3	5798	5798
1787671257.483283861	s6-eth4	5783	5798
1787671257.483283861	s7-eth1	334320199	660162924
1787671257.483283861	s7-eth2	10561	660179774
1787671257.483283861	s7-eth3	5798	8734
1787671257.483283861	s7-eth4	998207683	5798
1787671257.483283861	s8-eth1	5798	5798
1787671257.483283861	s8-eth2	4174	5798
1787671257.483283861	s8-eth3	5798	4174
1787671257.483283861	s8-eth4	5853	5798
1787671257.483283861	s9-eth1	5798	8937
1787671257.483283861	s9-eth2	5798	5798
1787671257.483283861	s9-eth3	8734	5798
1787671257.483283861	s9-eth4	4174	5798
1787671263.210921269	s10-eth1	1024602513	5986
1787671263.210921269	s10-eth2	5798	5853
1787671263.210921269	s10-eth3	5798	1011921103
1787671263.210921269	s10-eth4	5798	5853
1787671263.210921269	s1-eth1	8399	1425668348
1787671263.210921269	s1-eth10	1492	4553
1787671263.210921269	s1-eth11	106075856	5120
1787671263.210921269	s1-eth12	1492	4533
1787671263.210921269	s1-eth13	1492	4533
1787671263.210921269	s1-eth14	1492	4533
1787671263.210921269	s1-eth15	106098928	5120
1787671263.210921269	s1-eth16	1492	4533
1787671263.210921269	s1-eth17	1492	4533
1787671263.210921269	s1-eth18	1492	4533
1787671263.210921269	s1-eth19	424483811	5120
1787671263.210921269	s1-eth2	5798	5798
1787671263.210921269	s1-eth20	1492	4533
1787671263.210921269	s1-eth21	1492	4533
1787671263.210921269	s1-eth22	1492	4314
1787671263.210921269	s1-eth23	106168066	5053
1787671263.210921269	s1-eth24	1492	4533
1787671263.210921269	s1-eth25	1492	4533
1787671263.210921269	s1-eth26	1492	4533
1787671263.210921269	s1-eth27	106195398	5053
1787671263.210921269	s1-eth28	1492	4533
1787671263.210921269	s1-eth29	1492	4533
1787671263.210921269	s1-eth3	424870529	5316
1787671263.210921269	s1-eth30	1492	4533
1787671263.210921269	s1-eth31	106238658	5158
1787671263.210921269	s1-eth32	1492	4533
1787671263.210921269	s1-eth33	1492	4533
1787671263.210921269	s1-eth34	1492	4533
1787671263.210921269	s1-eth4	1688	4729
1787671263.210921269	s1-eth5	1492	4533
1787671263.210921269	s1-eth6	1492	4533
1787671263.210921269	s1-eth7	106328062	5053
1787671263.210921269	s1-eth8	1492	4533
1787671263.210921269	s1-eth9	1492	4533
1787671263.210921269	s2-eth1	689016129	340261393
1787671263.210921269	s2-eth10	1492	4533
1787671263.210921269	s2-eth11	106358566	5187
1787671263.210921269	s2-eth12	1492	4533
1787671263.210921269	s2-eth13	1492	4533
1787671263.210921269	s2-eth14	1492	4533
1787671263.210921269	s2-eth15	106351266	5053
1787671263.210921269	s2-eth16	1492	4533
1787671263.210921269	s2-eth17	1492	4533
1787671263.210921269	s2-eth18	1492	4533
1787671263.210921269	s2-eth19	2079	383085590
1787671263.210921269	s2-eth2	5728	5798
1787671263.210921269	s2-eth20	1492	4533
1787671263.210921269	s2-eth21	1492	4533
1787671263.210921269	s2-eth22	1492	4533
1787671263.210921269	s2-eth23	2012	100616523
1787671263.210921269	s2-eth24	1492	4533
1787671263.210921269	s2-eth25	1492	4533
1787671263.210921269	s2-eth26	1492	4533
1787671263.210921269	s2-eth27	2012	100689999
1787671263.210921269	s2-eth28	1492	4533
1787671263.210921269	s2-eth29	1492	4533
1787671263.210921269	s2-eth3	21312146	5120
1787671263.210921269	s2-eth30	1492	4533
1787671263.210921269	s2-eth31	2012	100554451
1787671263.210921269	s2-eth32	1492	4533
1787671263.210921269	s2-eth33	1492	4533
1787671263.210921269	s2-eth34	1422	4533
1787671263.210921269	s2-eth4	1492	4533
1787671263.210921269	s2-eth5	1492	4533
1787671263.210921269	s2-eth6	1492	4533
1787671263.210921269	s2-eth7	106683016	5187
1787671263.210921269	s2-eth8	1492	4533
1787671263.210921269	s2-eth9	1492	4638
1787671263.210921269	s3-eth1	673543242	341468193
1787671263.210921269	s3-eth10	1492	4533
1787671263.210921269	s3-eth11	2079	98476607
1787671263.210921269	s3-eth12	1492	4533
1787671263.210921269	s3-eth13	1492	4463
1787671263.210921269	s3-eth14	1492	4533
1787671263.210921269	s3-eth15	2079	98441999
1787671263.210921269	s3-eth16	1492	4553
1787671263.210921269	s3-eth17	1492	4533
1787671263.210921269	s3-eth18	1492	4533
1787671263.210921269	s3-eth19	21371268	5120
1787671263.210921269	s3-eth2	5798	5798
1787671263.210921269	s3-eth20	1492	4533
1787671263.210921269	s3-eth21	1492	4533
1787671263.210921269	s3-eth22	1492	4533
1787671263.210921269	s3-eth23	106955332	5053
1787671263.210921269	s3-eth24	1492	4533
1787671263.210921269	s3-eth25	1492	4533
1787671263.210921269	s3-eth26	1492	4533
1787671263.210921269	s3-eth27	107028952	5120
1787671263.210921269	s3-eth28	1492	4533
1787671263.210921269	s3-eth29	1492	4533
1787671263.210921269	s3-eth3	2079	376514396
1787671263.210921269	s3-eth30	1492	4533
1787671263.210921269	s3-eth31	107073786	5120
1787671263.210921269	s3-eth32	1492	4533
1787671263.210921269	s3-eth33	1492	4533
1787671263.210921269	s3-eth34	1492	4533
1787671263.210921269	s3-eth4	1492	4533
1787671263.210921269	s3-eth5	1492	4533
1787671263.210921269	s3-eth6	1492	4533
1787671263.210921269	s3-eth7	2012	98762045
1787671263.210921269	s3-eth8	1492	4533
1787671263.210921269	s3-eth9	1492	4533
1787671263.210921269	s4-eth1	677633769	10588
1787671263.210921269	s4-eth10	1492	4533
1787671263.210921269	s4-eth11	2146	104408995
1787671263.210921269	s4-eth12	1492	4443
1787671263.210921269	s4-eth13	1492	4533
1787671263.210921269	s4-eth14	1492	4533
1787671263.210921269	s4-eth15	2079	104282087
1787671263.210921269	s4-eth16	1492	4443
1787671263.210921269	s4-eth17	1492	4533
1787671263.210921269	s4-eth18	1492	4533
1787671263.210921269	s4-eth19	2079	21427663
1787671263.210921269	s4-eth2	5825	4201
1787671263.210921269	s4-eth20	1492	4330
1787671263.210921269	s4-eth21	1492	4533
1787671263.210921269	s4-eth22	1422	4533
1787671263.210921269	s4-eth23	2012	107222259
1787671263.210921269	s4-eth24	1402	4443
1787671263.210921269	s4-eth25	1402	4533
1787671263.210921269	s4-eth26	1492	4533
1787671263.210921269	s4-eth27	2079	107297321
1787671263.210921269	s4-eth28	1402	4533
1787671263.210921269	s4-eth29	1492	4330
1787671263.210921269	s4-eth3	2079	20960377
1787671263.210921269	s4-eth30	1402	4533
1787671263.210921269	s4-eth31	2079	107333413
1787671263.210921269	s4-eth32	1492	4533
1787671263.210921269	s4-eth33	1402	4533
1787671263.210921269	s4-eth34	1492	4443
1787671263.210921269	s4-eth4	1492	4533
1787671263.210921269	s4-eth5	1492	4533
1787671263.210921269	s4-eth6	1492	4533
1787671263.210921269	s4-eth7	2146	104755075
1787671263.210921269	s4-eth8	1492	4533
1787671263.210921269	s4-eth9	1492	4533
1787671263.210921269	s5-eth1	1448678369	8426
1787671263.210921269	s5-eth2	345066164	697611918
1787671263.210921269	s5-eth3	8964	5825
1787671263.210921269	s5-eth4	6014	1041331155
1787671263.210921269	s6-eth1	5825	5825
1787671263.210921269	s6-eth2	5825	5755
1787671263.210921269	s6-eth3	5825	5825
1787671263.210921269	s6-eth4	5881	5825
1787671263.210921269	s7-eth1	345478422	679784245
1787671263.210921269	s7-eth2	10588	682008797
1787671263.210921269	s7-eth3	5825	8761
1787671263.210921269	s7-eth4	1029414033	5825
1787671263.210921269	s8-eth1	5825	5825
1787671263.210921269	s8-eth2	4201	5825
1787671263.210921269	s8-eth3	5825	4201
1787671263.210921269	s8-eth4	5881	5825
1787671263.210921269	s9-eth1	5825	8964
1787671263.210921269	s9-eth2	5825	5825
1787671263.210921269	s9-eth3	8761	5825
1787671263.210921269	s9-eth4	4201	5825
1787671268.729358289	s10-eth1	1057852149	6014
1787671268.729358289	s10-eth2	5825	5881
1787671268.729358289	s10-eth3	5825	1044782869
1787671268.729358289	s10-eth4	5825	5881
1787671268.729358289	s1-eth1	8426	1473764843
1787671268.729358289	s1-eth10	1492	4553
1787671268.729358289	s1-eth11	109732768	5120
1787671268.729358289	s1-eth12	1492	4533
1787671268.729358289	s1-eth13	1492	4533
1787671268.729358289	s1-eth14	1492	4533
1787671268.729358289	s1-eth15	109826498	5120
1787671268.729358289	s1-eth16	1492	4533
1787671268.729358289	s1-eth17	1492	4533
1787671268.729358289	s1-eth18	1492	4533
1787671268.729358289	s1-eth19	439575783	5120
1787671268.729358289	s1-eth2	5825	5825
1787671268.729358289	s1-eth20	1492	4533
1787671268.729358289	s1-eth21	1492	4533
1787671268.729358289	s1-eth22	1492	4314
1787671268.729358289	s1-eth23	110013880	5053
1787671268.729358289	s1-eth24	1492	4533
1787671268.729358289	s1-eth25	1492	4533
1787671268.729358289	s1-eth26	1492	4533
1787671268.729358289	s1-eth27	110085914	5053
1787671268.729358289	s1-eth28	1492	4533
1787671268.729358289	s1-eth29	1492	4533
1787671268.729358289	s1-eth3	440562373	5316
1787671268.729358289	s1-eth30	1492	4533
1787671268.729358289	s1-eth31	110156572	5158
1787671268.729358289	s1-eth32	1492	4533
1787671268.729358289	s1-eth33	1492	4533
1787671268.729358289	s1-eth34	1492	4533
1787671268.729358289	s1-eth4	1688	4729
1787671268.729358289	s1-eth5	1492	4533
1787671268.729358289	s1-eth6	1492	4533
1787671268.729358289	s1-eth7	110303656	5053
1787671268.729358289	s1-eth8	1492	4533
1787671268.729358289	s1-eth9	1492	4533
1787671268.729358289	s2-eth1	714016110	353141364
1787671268.729358289	s2-eth10	1492	4533
1787671268.729358289	s2-eth11	110407702	5187
1787671268.729358289	s2-eth12	1492	4533
1787671268.729358289	s2-eth13	1492	4533
1787671268.729358289	s2-eth14	1492	4533
1787671268.729358289	s2-eth15	110458082	5053
1787671268.729358289	s2-eth16	1492	4533
1787671268.729358289	s2-eth17	1492	4533
1787671268.729358289	s2-eth18	1492	4533
1787671268.729358289	s2-eth19	2079	397706028
1787671268.729358289	s2-eth2	5782	5852
1787671268.729358289	s2-eth20	1492	4533
1787671268.729358289	s2-eth21	1492	4533
1787671268.729358289	s2-eth22	1492	4533
1787671268.729358289	s2-eth23	2012	104414751
1787671268.729358289	s2-eth24	1492	4533
1787671268.729358289	s2-eth25	1492	4533
1787671268.729358289	s2-eth26	1492	4533
1787671268.729358289	s2-eth27	2012	104517067
1787671268.729358289	s2-eth28	1492	4533
1787671268.729358289	s2-eth29	1492	4533
1787671268.729358289	s2-eth3	22171578	5120
1787671268.729358289	s2-eth30	1492	4533
1787671268.729358289	s2-eth31	2012	104419011
1787671268.729358289	s2-eth32	1492	4533
1787671268.729358289	s2-eth33	1492	4533
1787671268.729358289	s2-eth34	1422	4533
1787671268.729358289	s2-eth4	1492	4533
1787671268.729358289	s2-eth5	1492	4533
1787671268.729358289	s2-eth6	1492	4533
1787671268.729358289	s2-eth7	111060928	5187
1787671268.729358289	s2-eth8	1492	4533
1787671268.729358289	s2-eth9	1492	4638
1787671268.729358289	s3-eth1	700178478	355585427
1787671268.729358289	s3-eth10	1492	4533
1787671268.729358289	s3-eth11	2079	102344051
1787671268.729358289	s3-eth12	1492	4533
1787671268.729358289	s3-eth13	1492	4463
1787671268.729358289	s3-eth14	1492	4533
1787671268.729358289	s3-eth15	2079	102346935
1787671268.729358289	s3-eth16	1492	4553
1787671268.729358289	s3-eth17	1492	4533
1787671268.729358289	s3-eth18	1492	4533
1787671268.729358289	s3-eth19	22268192	5120
1787671268.729358289	s3-eth2	5852	5852
1787671268.729358289	s3-eth20	1492	4533
1787671268.729358289	s3-eth21	1492	4533
1787671268.729358289	s3-eth22	1492	4533
1787671268.729358289	s3-eth23	111406786	5053
1787671268.729358289	s3-eth24	1492	4533
1787671268.729358289	s3-eth25	1492	4533
1787671268.729358289	s3-eth26	1492	4533
1787671268.729358289	s3-eth27	111493384	5120
1787671268.729358289	s3-eth28	1492	4533
1787671268.729358289	s3-eth29	1492	4533
1787671268.729358289	s3-eth3	2079	391805364
1787671268.729358289	s3-eth30	1492	4533
1787671268.729358289	s3-eth31	111581478	5120
1787671268.729358289	s3-eth32	1492	4533
1787671268.729358289	s3-eth33	1492	4533
1787671268.729358289	s3-eth34	1492	4533
1787671268.729358289	s3-eth4	1492	4533
1787671268.729358289	s3-eth5	1492	4533
1787671268.729358289	s3-eth6	1492	4533
1787671268.729358289	s3-eth7	2012	102854441
1787671268.729358289	s3-eth8	1492	4533
1787671268.729358289	s3-eth9	1492	4533
1787671268.729358289	s4-eth1	706589156	10615
1787671268.729358289	s4-eth10	1492	4533
1787671268.729358289	s4-eth11	2146	108850355
1787671268.729358289	s4-eth12	1492	4443
1787671268.729358289	s4-eth13	1492	4533
1787671268.729358289	s4-eth14	1492	4533
1787671268.729358289	s4-eth15	2079	108730657
1787671268.729358289	s4-eth16	1492	4443
1787671268.729358289	s4-eth17	1492	4533
1787671268.729358289	s4-eth18	1492	4533
1787671268.729358289	s4-eth19	2079	22354869
1787671268.729358289	s4-eth2	5852	4228
1787671268.729358289	s4-eth20	1492	4330
1787671268.729358289	s4-eth21	1492	4533
1787671268.729358289	s4-eth22	1492	4533
1787671268.729358289	s4-eth23	2012	111815029
1787671268.729358289	s4-eth24	1402	4443
1787671268.729358289	s4-eth25	1402	4533
1787671268.729358289	s4-eth26	1492	4533
1787671268.729358289	s4-eth27	2079	111879997
1787671268.729358289	s4-eth28	1402	4533
1787671268.729358289	s4-eth29	1492	4330
1787671268.729358289	s4-eth3	2079	21837113
1787671268.729358289	s4-eth30	1402	4533
1787671268.729358289	s4-eth31	2079	111890133
1787671268.729358289	s4-eth32	1492	4533
1787671268.729358289	s4-eth33	1402	4533
1787671268.729358289	s4-eth34	1492	4443
1787671268.729358289	s4-eth4	1492	4533
1787671268.729358289	s4-eth5	1492	4533
1787671268.729358289	s4-eth6	1492	4533
1787671268.729358289	s4-eth7	2146	109131545
1787671268.729358289	s4-eth8	1492	4533
1787671268.729358289	s4-eth9	1492	4533
1787671268.729358289	s5-eth1	1509527912	8453
1787671268.729358289	s5-eth2	359696723	726883103
1787671268.729358289	s5-eth3	8991	5852
1787671268.729358289	s5-eth4	6042	1084943030
1787671268.729358289	s6-eth1	5852	5852
1787671268.729358289	s6-eth2	5852	5782
1787671268.729358289	s6-eth3	5852	5852
1787671268.729358289	s6-eth4	5909	5852
1787671268.729358289	s7-eth1	359800393	707231300
1787671268.729358289	s7-eth2	10615	709959110
1787671268.729358289	s7-eth3	5852	8788
1787671268.729358289	s7-eth4	1070862909	5852
1787671268.729358289	s8-eth1	5852	5852
1787671268.729358289	s8-eth2	4228	5852
1787671268.729358289	s8-eth3	5852	4228
1787671268.729358289	s8-eth4	5909	5852
1787671268.729358289	s9-eth1	5852	8991
1787671268.729358289	s9-eth2	5852	5852
1787671268.729358289	s9-eth3	8788	5852
1787671268.729358289	s9-eth4	4228	5852
1787671275.242396114	s10-eth1	1098665129	6070
1787671275.242396114	s10-eth2	5879	5937
1787671275.242396114	s10-eth3	5879	1084876293
1787671275.242396114	s10-eth4	5879	5937
1787671275.242396114	s1-eth1	8480	1529979825
1787671275.242396114	s1-eth10	1492	4553
1787671275.242396114	s1-eth11	113877076	5120
1787671275.242396114	s1-eth12	1492	4533
1787671275.242396114	s1-eth13	1492	4533
1787671275.242396114	s1-eth14	1492	4533
1787671275.242396114	s1-eth15	113903032	5120
1787671275.242396114	s1-eth16	1492	4533
1787671275.242396114	s1-eth17	1492	4533
1787671275.242396114	s1-eth18	1492	4533
1787671275.242396114	s1-eth19	455654083	5120
1787671275.242396114	s1-eth2	5879	5879
1787671275.242396114	s1-eth20	1492	4533
1787671275.242396114	s1-eth21	1492	4533
1787671275.242396114	s1-eth22	1492	4314
1787671275.242396114	s1-eth23	114003894	5053
1787671275.242396114	s1-eth24	1492	4533
1787671275.242396114	s1-eth25	1492	4533
1787671275.242396114	s1-eth26	1492	4533
1787671275.242396114	s1-eth27	114067276	5053
1787671275.242396114	s1-eth28	1492	4533
1787671275.242396114	s1-eth29	1492	4533
1787671275.242396114	s1-eth3	456466191	5316
1787671275.242396114	s1-eth30	1492	4533
1787671275.242396114	s1-eth31	114149470	5158
1787671275.242396114	s1-eth32	1492	4533
1787671275.242396114	s1-eth33	1492	4533
1787671275.242396114	s1-eth34	1492	4533
1787671275.242396114	s1-eth4	1688	4729
1787671275.242396114	s1-eth5	1492	4533
1787671275.242396114	s1-eth6	1492	4533
1787671275.242396114	s1-eth7	114267714	5053
1787671275.242396114	s1-eth8	1492	4533
1787671275.242396114	s1-eth9	1492	4533
1787671275.242396114	s2-eth1	739927462	365748824
1787671275.242396114	s2-eth10	1492	4533
1787671275.242396114	s2-eth11	114337152	5187
1787671275.242396114	s2-eth12	1492	4533
1787671275.242396114	s2-eth13	1492	4533
1787671275.242396114	s2-eth14	1492	4533
1787671275.242396114	s2-eth15	114365902	5053
1787671275.242396114	s2-eth16	1492	4533
1787671275.242396114	s2-eth17	1492	4533
1787671275.242396114	s2-eth18	1492	4533
1787671275.242396114	s2-eth19	2079	412078442
1787671275.242396114	s2-eth2	5809	5879
1787671275.242396114	s2-eth20	1492	4533
1787671275.242396114	s2-eth21	1492	4533
1787671275.242396114	s2-eth22	1492	4533
1787671275.242396114	s2-eth23	2012	108107713
1787671275.242396114	s2-eth24	1492	4533
1787671275.242396114	s2-eth25	1492	4533
1787671275.242396114	s2-eth26	1492	4533
1787671275.242396114	s2-eth27	2012	108220123
1787671275.242396114	s2-eth28	1492	4533
1787671275.242396114	s2-eth29	1492	4533
1787671275.242396114	s2-eth3	22941606	5120
1787671275.242396114	s2-eth30	1492	4533
1787671275.242396114	s2-eth31	2012	108071597
1787671275.242396114	s2-eth32	1492	4533
1787671275.242396114	s2-eth33	1492	4533
1787671275.242396114	s2-eth34	1492	4533
1787671275.242396114	s2-eth4	1492	4533
1787671275.242396114	s2-eth5	1492	4533
1787671275.242396114	s2-eth6	1492	4533
1787671275.242396114	s2-eth7	114853388	5187
1787671275.242396114	s2-eth8	1492	4533
1787671275.242396114	s2-eth9	1492	4638
1787671275.242396114	s3-eth1	724219529	367665088
1787671275.242396114	s3-eth10	1492	4533
1787671275.242396114	s3-eth11	2079	105842343
1787671275.242396114	s3-eth12	1492	4533
1787671275.242396114	s3-eth13	1492	4533
1787671275.242396114	s3-eth14	1492	4533
1787671275.242396114	s3-eth15	2079	105832249
1787671275.242396114	s3-eth16	1492	4553
1787671275.242396114	s3-eth17	1492	4533
1787671275.242396114	s3-eth18	1492	4533
1787671275.242396114	s3-eth19	23019474	5120
1787671275.242396114	s3-eth2	5879	5879
1787671275.242396114	s3-eth20	1492	4533
1787671275.242396114	s3-eth21	1492	4533
1787671275.242396114	s3-eth22	1492	4533
1787671275.242396114	s3-eth23	115177616	5053
1787671275.242396114	s3-eth24	1492	4533
1787671275.242396114	s3-eth25	1492	4533
1787671275.242396114	s3-eth26	1492	4533
1787671275.242396114	s3-eth27	115252678	5120
1787671275.242396114	s3-eth28	1492	4533
1787671275.242396114	s3-eth29	1492	4533
1787671275.242396114	s3-eth3	2079	405404866
1787671275.242396114	s3-eth30	1492	4533
1787671275.242396114	s3-eth31	115260020	5120
1787671275.242396114	s3-eth32	1492	4533
1787671275.242396114	s3-eth33	1492	4533
1787671275.242396114	s3-eth34	1492	4533
1787671275.242396114	s3-eth4	1492	4533
1787671275.242396114	s3-eth5	1492	4533
1787671275.242396114	s3-eth6	1492	4533
1787671275.242396114	s3-eth7	2012	106296495
1787671275.242396114	s3-eth8	1492	4533
1787671275.242396114	s3-eth9	1492	4533
1787671275.242396114	s4-eth1	729208395	10642
1787671275.242396114	s4-eth10	1492	4533
1787671275.242396114	s4-eth11	2146	112352973
1787671275.242396114	s4-eth12	1492	4443
1787671275.242396114	s4-eth13	1492	4533
1787671275.242396114	s4-eth14	1492	4533
1787671275.242396114	s4-eth15	2079	112220297
1787671275.242396114	s4-eth16	1492	4443
1787671275.242396114	s4-eth17	1492	4533
1787671275.242396114	s4-eth18	1492	4533
1787671275.242396114	s4-eth19	2079	23067217
1787671275.242396114	s4-eth2	5879	4255
1787671275.242396114	s4-eth20	1492	4330
1787671275.242396114	s4-eth21	1492	4533
1787671275.242396114	s4-eth22	1492	4533
1787671275.242396114	s4-eth23	2012	115391189
1787671275.242396114	s4-eth24	1402	4443
1787671275.242396114	s4-eth25	1402	4533
1787671275.242396114	s4-eth26	1492	4533
1787671275.242396114	s4-eth27	2079	115510953
1787671275.242396114	s4-eth28	1402	4533
1787671275.242396114	s4-eth29	1492	4330
1787671275.242396114	s4-eth3	2079	22556671
1787671275.242396114	s4-eth30	1402	4533
1787671275.242396114	s4-eth31	2079	115534067
1787671275.242396114	s4-eth32	1492	4533
1787671275.242396114	s4-eth33	1402	4533
1787671275.242396114	s4-eth34	1492	4443
1787671275.242396114	s4-eth4	1492	4533
1787671275.242396114	s4-eth5	1492	4533
1787671275.242396114	s4-eth6	1492	4533
1787671275.242396114	s4-eth7	2146	112761059
1787671275.242396114	s4-eth8	1492	4533
1787671275.242396114	s4-eth9	1492	4533
1787671275.242396114	s5-eth1	1561813417	8480
1787671275.242396114	s5-eth2	371627858	752780008
1787671275.242396114	s5-eth3	9018	5879
1787671275.242396114	s5-eth4	6070	1122864773
1787671275.242396114	s6-eth1	5879	5879
1787671275.242396114	s6-eth2	5879	5809
1787671275.242396114	s6-eth3	5879	5879
1787671275.242396114	s6-eth4	5937	5879
1787671275.242396114	s7-eth1	371983878	733485821
1787671275.242396114	s7-eth2	10642	734380849
1787671275.242396114	s7-eth3	5879	8815
1787671275.242396114	s7-eth4	1110076685	5879
1787671275.242396114	s8-eth1	5879	5879
1787671275.242396114	s8-eth2	4255	5879
1787671275.242396114	s8-eth3	5879	4255
1787671275.242396114	s8-eth4	5937	5879
1787671275.242396114	s9-eth1	5879	9018
1787671275.242396114	s9-eth2	5879	5879
1787671275.242396114	s9-eth3	8815	5879
1787671275.242396114	s9-eth4	4255	5879
1787671281.441048813	s10-eth1	1138901282	6098
1787671281.441048813	s10-eth2	5906	5965
1787671281.441048813	s10-eth3	5906	1124826931
1787671281.441048813	s10-eth4	5906	5965
1787671281.441048813	s1-eth1	8507	1586044812
1787671281.441048813	s1-eth10	1492	4553
1787671281.441048813	s1-eth11	117911792	5120
1787671281.441048813	s1-eth12	1492	4533
1787671281.441048813	s1-eth13	1492	4533
1787671281.441048813	s1-eth14	1492	4533
1787671281.441048813	s1-eth15	118008406	5120
1787671281.441048813	s1-eth16	1492	4533
1787671281.441048813	s1-eth17	1492	4533
1787671281.441048813	s1-eth18	1492	4533
1787671281.441048813	s1-eth19	472400029	5120
1787671281.441048813	s1-eth2	5906	5906
1787671281.441048813	s1-eth20	1492	4533
1787671281.441048813	s1-eth21	1492	4533
1787671281.441048813	s1-eth22	1492	4314
1787671281.441048813	s1-eth23	118247700	5053
1787671281.441048813	s1-eth24	1492	4533
1787671281.441048813	s1-eth25	1492	4533
1787671281.441048813	s1-eth26	1492	4533
1787671281.441048813	s1-eth27	118334154	5053
1787671281.441048813	s1-eth28	1492	4533
1787671281.441048813	s1-eth29	1492	4533
1787671281.441048813	s1-eth3	473574079	5316
1787671281.441048813	s1-eth30	1492	4533
1787671281.441048813	s1-eth31	118430768	5158
1787671281.441048813	s1-eth32	1492	4533
1787671281.441048813	s1-eth33	1492	4533
1787671281.441048813	s1-eth34	1492	4533
1787671281.441048813	s1-eth4	1688	4729
1787671281.441048813	s1-eth5	1492	4533
1787671281.441048813	s1-eth6	1492	4533
1787671281.441048813	s1-eth7	118572084	5053
1787671281.441048813	s1-eth8	1492	4533
1787671281.441048813	s1-eth9	1492	4533
1787671281.441048813	s2-eth1	769737955	379616565
1787671281.441048813	s2-eth10	1492	4533
1787671281.441048813	s2-eth11	118687666	5187
1787671281.441048813	s2-eth12	1492	4533
1787671281.441048813	s2-eth13	1492	4533
1787671281.441048813	s2-eth14	1492	4533
1787671281.441048813	s2-eth15	118748140	5053
1787671281.441048813	s2-eth16	1492	4533
1787671281.441048813	s2-eth17	1492	4533
1787671281.441048813	s2-eth18	1492	4533
1787671281.441048813	s2-eth19	2079	429209402
1787671281.441048813	s2-eth2	5836	5906
1787671281.441048813	s2-eth20	1492	4533
1787671281.441048813	s2-eth21	1492	4533
1787671281.441048813	s2-eth22	1492	4533
1787671281.441048813	s2-eth23	2012	112401989
1787671281.441048813	s2-eth24	1492	4533
1787671281.441048813	s2-eth25	1492	4533
1787671281.441048813	s2-eth26	1492	4533
1787671281.441048813	s2-eth27	2012	112534587
1787671281.441048813	s2-eth28	1492	4533
1787671281.441048813	s2-eth29	1492	4533
1787671281.441048813	s2-eth3	23822668	5120
1787671281.441048813	s2-eth30	1492	4533
1787671281.441048813	s2-eth31	2012	112410575
1787671281.441048813	s2-eth32	1492	4533
1787671281.441048813	s2-eth33	1492	4533
1787671281.441048813	s2-eth34	1492	4533
1787671281.441048813	s2-eth4	1492	4533
1787671281.441048813	s2-eth5	1492	4533
1787671281.441048813	s2-eth6	1492	4533
1787671281.441048813	s2-eth7	119280328	5187
1787671281.441048813	s2-eth8	1492	4533
1787671281.441048813	s2-eth9	1492	4638
1787671281.441048813	s3-eth1	753796418	381855837
1787671281.441048813	s3-eth10	1492	4533
1787671281.441048813	s3-eth11	2079	110061635
1787671281.441048813	s3-eth12	1492	4533
1787671281.441048813	s3-eth13	1492	4533
1787671281.441048813	s3-eth14	1492	4533
1787671281.441048813	s3-eth15	2079	110068845
1787671281.441048813	s3-eth16	1492	4553
1787671281.441048813	s3-eth17	1492	4533
1787671281.441048813	s3-eth18	1492	4533
1787671281.441048813	s3-eth19	23900536	5120
1787671281.441048813	s3-eth2	5906	5906
1787671281.441048813	s3-eth20	1492	4533
1787671281.441048813	s3-eth21	1492	4533
1787671281.441048813	s3-eth22	1492	4533
1787671281.441048813	s3-eth23	119555528	5053
1787671281.441048813	s3-eth24	1492	4533
1787671281.441048813	s3-eth25	1492	4533
1787671281.441048813	s3-eth26	1492	4533
1787671281.441048813	s3-eth27	119593098	5120
1787671281.441048813	s3-eth28	1492	4533
1787671281.441048813	s3-eth29	1492	4533
1787671281.441048813	s3-eth3	2079	421997960
1787671281.441048813	s3-eth30	1492	4533
1787671281.441048813	s3-eth31	119637932	5120
1787671281.441048813	s3-eth32	1492	4533
1787671281.441048813	s3-eth33	1492	4533
1787671281.441048813	s3-eth34	1492	4533
1787671281.441048813	s3-eth4	1492	4533
1787671281.441048813	s3-eth5	1492	4533
1787671281.441048813	s3-eth6	1492	4533
1787671281.441048813	s3-eth7	2012	110450897
1787671281.441048813	s3-eth8	1492	4533
1787671281.441048813	s3-eth9	1492	4533
1787671281.441048813	s4-eth1	756628052	10669
1787671281.441048813	s4-eth10	1492	4533
1787671281.441048813	s4-eth11	2146	116580917
1787671281.441048813	s4-eth12	1492	4443
1787671281.441048813	s4-eth13	1492	4533
1787671281.441048813	s4-eth14	1492	4533
1787671281.441048813	s4-eth15	2079	116448241
1787671281.441048813	s4-eth16	1492	4443
1787671281.441048813	s4-eth17	1492	4533
1787671281.441048813	s4-eth18	1492	4533
1787671281.441048813	s4-eth19	2079	23942511
1787671281.441048813	s4-eth2	5906	4282
1787671281.441048813	s4-eth20	1492	4330
1787671281.441048813	s4-eth21	1492	4533
1787671281.441048813	s4-eth22	1492	4533
1787671281.441048813	s4-eth23	2012	119735935
1787671281.441048813	s4-eth24	1402	4443
1787671281.441048813	s4-eth25	1402	4533
1787671281.441048813	s4-eth26	1492	4533
1787671281.441048813	s4-eth27	2079	119816765
1787671281.441048813	s4-eth28	1402	4533
1787671281.441048813	s4-eth29	1492	4330
1787671281.441048813	s4-eth3	2079	23390147
1787671281.441048813	s4-eth30	1402	4533
1787671281.441048813	s4-eth31	2079	119819691
1787671281.441048813	s4-eth32	1492	4533
1787671281.441048813	s4-eth33	1402	4533
1787671281.441048813	s4-eth34	1492	4443
1787671281.441048813	s4-eth4	1492	4533
1787671281.441048813	s4-eth5	1492	4533
1787671281.441048813	s4-eth6	1492	4533
1787671281.441048813	s4-eth7	2146	116911135
1787671281.441048813	s4-eth8	1492	4533
1787671281.441048813	s4-eth9	1492	4533
1787671281.441048813	s5-eth1	1621213777	8534
1787671281.441048813	s5-eth2	385256254	782100248
1787671281.441048813	s5-eth3	9072	5933
1787671281.441048813	s5-eth4	6126	1165625895
1787671281.441048813	s6-eth1	5933	5933
1787671281.441048813	s6-eth2	5933	5863
1787671281.441048813	s6-eth3	5933	5933
1787671281.441048813	s6-eth4	5993	5933
1787671281.441048813	s7-eth1	385567572	761893275
1787671281.441048813	s7-eth2	10696	761065113
1787671281.441048813	s7-eth3	5933	8869
1787671281.441048813	s7-eth4	1152007217	5933
1787671281.441048813	s8-eth1	5933	5933
1787671281.441048813	s8-eth2	4309	5933
1787671281.441048813	s8-eth3	5933	4309
1787671281.441048813	s8-eth4	5993	5933
1787671281.441048813	s9-eth1	5933	9072
1787671281.441048813	s9-eth2	5933	5933
1787671281.441048813	s9-eth3	8869	5933
1787671281.441048813	s9-eth4	4309	5933
1787671288.090912831	s10-eth1	1181728709	6126
1787671288.090912831	s10-eth2	5933	5993
1787671288.090912831	s10-eth3	5933	1167249157
1787671288.090912831	s10-eth4	5933	5993
1787671288.090912831	s1-eth1	8534	1645202889
1787671288.090912831	s1-eth10	1492	4553
1787671288.090912831	s1-eth11	122181554	5120
1787671288.090912831	s1-eth12	1492	4533
1787671288.090912831	s1-eth13	1492	4533
1787671288.090912831	s1-eth14	1492	4533
1787671288.090912831	s1-eth15	122240676	5120
1787671288.090912831	s1-eth16	1492	4533
1787671288.090912831	s1-eth17	1492	4533
1787671288.090912831	s1-eth18	1492	4533
1787671288.090912831	s1-eth19	489151743	5120
1787671288.090912831	s1-eth2	5933	5933
1787671288.090912831	s1-eth20	1492	4533
1787671288.090912831	s1-eth21	1492	4533
1787671288.090912831	s1-eth22	1492	4314
1787671288.090912831	s1-eth23	122345864	5053
1787671288.090912831	s1-eth24	1492	4533
1787671288.090912831	s1-eth25	1492	4533
1787671288.090912831	s1-eth26	1492	4533
1787671288.090912831	s1-eth27	122413572	5053
1787671288.090912831	s1-eth28	1492	4533
1787671288.090912831	s1-eth29	1492	4533
1787671288.090912831	s1-eth3	489883099	5316
1787671288.090912831	s1-eth30	1492	4533
1787671288.090912831	s1-eth31	122504418	5158
1787671288.090912831	s1-eth32	1492	4533
1787671288.090912831	s1-eth33	1492	4533
1787671288.090912831	s1-eth34	1492	4533
1787671288.090912831	s1-eth4	1688	4729
1787671288.090912831	s1-eth5	1492	4533
1787671288.090912831	s1-eth6	1492	4533
1787671288.090912831	s1-eth7	122632756	5053
1787671288.090912831	s1-eth8	1492	4533
1787671288.090912831	s1-eth9	1492	4533
1787671288.090912831	s2-eth1	797656544	392645062
1787671288.090912831	s2-eth10	1492	4533
1787671288.090912831	s2-eth11	122765642	5187
1787671288.090912831	s2-eth12	1492	4533
1787671288.090912831	s2-eth13	1492	4533
1787671288.090912831	s2-eth14	1492	4533
1787671288.090912831	s2-eth15	122831884	5053
1787671288.090912831	s2-eth16	1492	4533
1787671288.090912831	s2-eth17	1492	4533
1787671288.090912831	s2-eth18	1492	4533
1787671288.090912831	s2-eth19	2079	445359802
1787671288.090912831	s2-eth2	5863	5933
1787671288.090912831	s2-eth20	1492	4533
1787671288.090912831	s2-eth21	1492	4533
1787671288.090912831	s2-eth22	1492	4533
1787671288.090912831	s2-eth23	2012	116477081
1787671288.090912831	s2-eth24	1492	4533
1787671288.090912831	s2-eth25	1492	4533
1787671288.090912831	s2-eth26	1492	4533
1787671288.090912831	s2-eth27	2012	116616889
1787671288.090912831	s2-eth28	1492	4533
1787671288.090912831	s2-eth29	1492	4533
1787671288.090912831	s2-eth3	24656144	5120
1787671288.090912831	s2-eth30	1492	4533
1787671288.090912831	s2-eth31	2012	116485667
1787671288.090912831	s2-eth32	1492	4533
1787671288.090912831	s2-eth33	1492	4533
1787671288.090912831	s2-eth34	1492	4533
1787671288.090912831	s2-eth4	1492	4533
1787671288.090912831	s2-eth5	1492	4533
1787671288.090912831	s2-eth6	1492	4533
1787671288.090912831	s2-eth7	123467896	5187
1787671288.090912831	s2-eth8	1492	4533
1787671288.090912831	s2-eth9	1492	4638
1787671288.090912831	s3-eth1	782317790	395272259
1787671288.090912831	s3-eth10	1492	4533
1787671288.090912831	s3-eth11	2079	114143937
1787671288.090912831	s3-eth12	1492	4533
1787671288.090912831	s3-eth13	1492	4533
1787671288.090912831	s3-eth14	1492	4533
1787671288.090912831	s3-eth15	2079	114207385
1787671288.090912831	s3-eth16	1492	4553
1787671288.090912831	s3-eth17	1492	4533
1787671288.090912831	s3-eth18	1492	4533
1787671288.090912831	s3-eth19	24758526	5120
1787671288.090912831	s3-eth2	5960	5960
1787671288.090912831	s3-eth20	1492	4533
1787671288.090912831	s3-eth21	1492	4533
1787671288.090912831	s3-eth22	1492	4533
1787671288.090912831	s3-eth23	123903158	5053
1787671288.090912831	s3-eth24	1492	4533
1787671288.090912831	s3-eth25	1492	4533
1787671288.090912831	s3-eth26	1492	4533
1787671288.090912831	s3-eth27	124007060	5120
1787671288.090912831	s3-eth28	1492	4533
1787671288.090912831	s3-eth29	1492	4533
1787671288.090912831	s3-eth3	2079	439232744
1787671288.090912831	s3-eth30	1492	4533
1787671288.090912831	s3-eth31	124138414	5120
1787671288.090912831	s3-eth32	1492	4533
1787671288.090912831	s3-eth33	1492	4533
1787671288.090912831	s3-eth34	1492	4533
1787671288.090912831	s3-eth4	1492	4533
1787671288.090912831	s3-eth5	1492	4533
1787671288.090912831	s3-eth6	1492	4533
1787671288.090912831	s3-eth7	2012	114781223
1787671288.090912831	s3-eth8	1492	4533
1787671288.090912831	s3-eth9	1492	4533
1787671288.090912831	s4-eth1	785238828	10723
1787671288.090912831	s4-eth10	1492	4533
1787671288.090912831	s4-eth11	2146	120997763
1787671288.090912831	s4-eth12	1492	4443
1787671288.090912831	s4-eth13	1492	4533
1787671288.090912831	s4-eth14	1492	4533
1787671288.090912831	s4-eth15	2079	120814617
1787671288.090912831	s4-eth16	1492	4443
1787671288.090912831	s4-eth17	1492	4533
1787671288.090912831	s4-eth18	1492	4533
1787671288.090912831	s4-eth19	2079	24817805
1787671288.090912831	s4-eth2	5960	4336
1787671288.090912831	s4-eth20	1492	4330
1787671288.090912831	s4-eth21	1492	4533
1787671288.090912831	s4-eth22	1492	4533
1787671288.090912831	s4-eth23	2012	124064819
1787671288.090912831	s4-eth24	1402	4443
1787671288.090912831	s4-eth25	1402	4533
1787671288.090912831	s4-eth26	1492	4533
1787671288.090912831	s4-eth27	2079	124213423
1787671288.090912831	s4-eth28	1402	4533
1787671288.090912831	s4-eth29	1492	4330
1787671288.090912831	s4-eth3	2079	24265441
1787671288.090912831	s4-eth30	1402	4533
1787671288.090912831	s4-eth31	2079	124207697
1787671288.090912831	s4-eth32	1492	4533
1787671288.090912831	s4-eth33	1402	4533
1787671288.090912831	s4-eth34	1492	4443
1787671288.090912831	s4-eth4	1492	4533
1787671288.090912831	s4-eth5	1492	4533
1787671288.090912831	s4-eth6	1492	4533
1787671288.090912831	s4-eth7	2146	121310677
1787671288.090912831	s4-eth8	1492	4533
1787671288.090912831	s4-eth9	1492	4533
1787671288.090912831	s5-eth1	1681665328	8561
1787671288.090912831	s5-eth2	399599855	811763657
1787671288.090912831	s5-eth3	9099	5960
1787671288.090912831	s5-eth4	6154	1209788614
1787671288.090912831	s6-eth1	5960	5960
1787671288.090912831	s6-eth2	5960	5890
1787671288.090912831	s6-eth3	5960	5960
1787671288.090912831	s6-eth4	6021	5960
1787671288.090912831	s7-eth1	400030859	791413926
1787671288.090912831	s7-eth2	10723	790052224
1787671288.090912831	s7-eth3	5960	8896
1787671288.090912831	s7-eth4	1196142539	5960
1787671288.090912831	s8-eth1	5960	5960
1787671288.090912831	s8-eth2	4336	5960
1787671288.090912831	s8-eth3	5960	4336
1787671288.090912831	s8-eth4	6021	5960
1787671288.090912831	s9-eth1	5960	9099
1787671288.090912831	s9-eth2	5960	5960
1787671288.090912831	s9-eth3	8896	5960
1787671288.090912831	s9-eth4	4336	5960
1787671295.318001669	s10-eth1	1224730645	6182
1787671295.318001669	s10-eth2	5987	6049
1787671295.318001669	s10-eth3	5987	1210191973
1787671295.318001669	s10-eth4	5987	6049
1787671295.318001669	s1-eth1	8588	1704363877
1787671295.318001669	s1-eth10	1492	4553
1787671295.318001669	s1-eth11	126912756	5120
1787671295.318001669	s1-eth12	1492	4533
1787671295.318001669	s1-eth13	1492	4533
1787671295.318001669	s1-eth14	1492	4533
1787671295.318001669	s1-eth15	126922850	5120
1787671295.318001669	s1-eth16	1492	4533
1787671295.318001669	s1-eth17	1492	4533
1787671295.318001669	s1-eth18	1492	4533
1787671295.318001669	s1-eth19	507680001	5120
1787671295.318001669	s1-eth2	5987	5987
1787671295.318001669	s1-eth20	1492	4533
1787671295.318001669	s1-eth21	1492	4533
1787671295.318001669	s1-eth22	1492	4314
1787671295.318001669	s1-eth23	126945844	5053
1787671295.318001669	s1-eth24	1492	4533
1787671295.318001669	s1-eth25	1492	4533
1787671295.318001669	s1-eth26	1492	4533
1787671295.318001669	s1-eth27	126941452	5053
1787671295.318001669	s1-eth28	1492	4533
1787671295.318001669	s1-eth29	1492	4533
1787671295.318001669	s1-eth3	507841767	5316
1787671295.318001669	s1-eth30	1492	4533
1787671295.318001669	s1-eth31	127007784	5158
1787671295.318001669	s1-eth32	1492	4533
1787671295.318001669	s1-eth33	1492	4533
1787671295.318001669	s1-eth34	1492	4533
1787671295.318001669	s1-eth4	1688	4729
1787671295.318001669	s1-eth5	1492	4533
1787671295.318001669	s1-eth6	1492	4533
1787671295.318001669	s1-eth7	127247156	5053
1787671295.318001669	s1-eth8	1492	4533
1787671295.318001669	s1-eth9	1492	4533
1787671295.318001669	s2-eth1	824082690	407343422
1787671295.318001669	s2-eth10	1492	4533
1787671295.318001669	s2-eth11	127368506	5187
1787671295.318001669	s2-eth12	1492	4533
1787671295.318001669	s2-eth13	1492	4533
1787671295.318001669	s2-eth14	1492	4533
1787671295.318001669	s2-eth15	127437632	5053
1787671295.318001669	s2-eth16	1492	4533
1787671295.318001669	s2-eth17	1492	4533
1787671295.318001669	s2-eth18	1492	4533
1787671295.318001669	s2-eth19	2079	459755288
1787671295.318001669	s2-eth2	5917	5987
1787671295.318001669	s2-eth20	1492	4533
1787671295.318001669	s2-eth21	1492	4533
1787671295.318001669	s2-eth22	1492	4533
1787671295.318001669	s2-eth23	2012	120425277
1787671295.318001669	s2-eth24	1492	4533
1787671295.318001669	s2-eth25	1492	4533
1787671295.318001669	s2-eth26	1492	4533
1787671295.318001669	s2-eth27	2012	120533361
1787671295.318001669	s2-eth28	1492	4533
1787671295.318001669	s2-eth29	1492	4533
1787671295.318001669	s2-eth3	25612190	5120
1787671295.318001669	s2-eth30	1492	4533
1787671295.318001669	s2-eth31	2012	120371857
1787671295.318001669	s2-eth32	1492	4533
1787671295.318001669	s2-eth33	1492	4533
1787671295.318001669	s2-eth34	1492	4533
1787671295.318001669	s2-eth4	1492	4533
1787671295.318001669	s2-eth5	1492	4533
1787671295.318001669	s2-eth6	1492	4533
1787671295.318001669	s2-eth7	128388000	5187
1787671295.318001669	s2-eth8	1492	4533
1787671295.318001669	s2-eth9	1492	4638
1787671295.318001669	s3-eth1	807059653	411181872
1787671295.318001669	s3-eth10	1492	4533
1787671295.318001669	s3-eth11	2079	117963795
1787671295.318001669	s3-eth12	1492	4533
1787671295.318001669	s3-eth13	1492	4533
1787671295.318001669	s3-eth14	1492	4533
1787671295.318001669	s3-eth15	2079	118021475
1787671295.318001669	s3-eth16	1492	4553
1787671295.318001669	s3-eth17	1492	4533
1787671295.318001669	s3-eth18	1492	4533
1787671295.318001669	s3-eth19	25759274	5120
1787671295.318001669	s3-eth2	5987	5987
1787671295.318001669	s3-eth20	1492	4533
1787671295.318001669	s3-eth21	1492	4533
1787671295.318001669	s3-eth22	1492	4533
1787671295.318001669	s3-eth23	128974672	5053
1787671295.318001669	s3-eth24	1492	4533
1787671295.318001669	s3-eth25	1492	4533
1787671295.318001669	s3-eth26	1492	4533
1787671295.318001669	s3-eth27	129100204	5120
1787671295.318001669	s3-eth28	1492	4533
1787671295.318001669	s3-eth29	1492	4533
1787671295.318001669	s3-eth3	2079	451029746
1787671295.318001669	s3-eth30	1492	4533
1787671295.318001669	s3-eth31	129191182	5120
1787671295.318001669	s3-eth32	1492	4533
1787671295.318001669	s3-eth33	1492	4533
1787671295.318001669	s3-eth34	1492	4533
1787671295.318001669	s3-eth4	1492	4533
1787671295.318001669	s3-eth5	1492	4533
1787671295.318001669	s3-eth6	1492	4533
1787671295.318001669	s3-eth7	2012	118644341
1787671295.318001669	s3-eth8	1492	4533
1787671295.318001669	s3-eth9	1492	4533
1787671295.318001669	s4-eth1	817823729	10750
1787671295.318001669	s4-eth10	1492	4533
1787671295.318001669	s4-eth11	2146	126057741
1787671295.318001669	s4-eth12	1492	4443
1787671295.318001669	s4-eth13	1492	4533
1787671295.318001669	s4-eth14	1492	4533
1787671295.318001669	s4-eth15	2079	125946695
1787671295.318001669	s4-eth16	1492	4443
1787671295.318001669	s4-eth17	1492	4533
1787671295.318001669	s4-eth18	1492	4533
1787671295.318001669	s4-eth19	2079	25867581
1787671295.318001669	s4-eth2	5987	4363
1787671295.318001669	s4-eth20	1492	4330
1787671295.318001669	s4-eth21	1492	4533
1787671295.318001669	s4-eth22	1492	4533
1787671295.318001669	s4-eth23	2012	129375705
1787671295.318001669	s4-eth24	1402	4443
1787671295.318001669	s4-eth25	1402	4533
1787671295.318001669	s4-eth26	1492	4533
1787671295.318001669	s4-eth27	2079	129491143
1787671295.318001669	s4-eth28	1402	4533
1787671295.318001669	s4-eth29	1492	4330
1787671295.318001669	s4-eth3	2079	25305123
1787671295.318001669	s4-eth30	1402	4533
1787671295.318001669	s4-eth31	2079	129522909
1787671295.318001669	s4-eth32	1492	4533
1787671295.318001669	s4-eth33	1402	4533
1787671295.318001669	s4-eth34	1492	4443
1787671295.318001669	s4-eth4	1492	4533
1787671295.318001669	s4-eth5	1492	4533
1787671295.318001669	s4-eth6	1492	4533
1787671295.318001669	s4-eth7	2146	126510529
1787671295.318001669	s4-eth8	1492	4533
1787671295.318001669	s4-eth9	1492	4533
1787671295.318001669	s5-eth1	1742907122	8615
1787671295.318001669	s5-eth2	416618393	836804041
1787671295.318001669	s5-eth3	9153	6014
1787671295.318001669	s5-eth4	6210	1251861902
1787671295.318001669	s6-eth1	6014	6014
1787671295.318001669	s6-eth2	6014	5944
1787671295.318001669	s6-eth3	6014	6014
1787671295.318001669	s6-eth4	6077	6014
1787671295.318001669	s7-eth1	417099867	816318762
1787671295.318001669	s7-eth2	10777	823460534
1787671295.318001669	s7-eth3	6014	8950
1787671295.318001669	s7-eth4	1237718339	6014
1787671295.318001669	s8-eth1	6014	6014
1787671295.318001669	s8-eth2	4390	6014
1787671295.318001669	s8-eth3	6014	4390
1787671295.318001669	s8-eth4	6077	6014
1787671295.318001669	s9-eth1	6014	9153
1787671295.318001669	s9-eth2	6014	6014
1787671295.318001669	s9-eth3	8950	6014
1787671295.318001669	s9-eth4	4390	6014
1787671303.435917354	s10-eth1	1269393738	6210
1787671303.435917354	s10-eth2	6014	6077
1787671303.435917354	s10-eth3	6014	1254223471
1787671303.435917354	s10-eth4	6014	6077
1787671303.435917354	s1-eth1	8615	1768705944
1787671303.435917354	s1-eth10	1492	4553
1787671303.435917354	s1-eth11	132072232	5120
1787671303.435917354	s1-eth12	1492	4533
1787671303.435917354	s1-eth13	1492	4533
1787671303.435917354	s1-eth14	1492	4533
1787671303.435917354	s1-eth15	132164520	5120
1787671303.435917354	s1-eth16	1492	4533
1787671303.435917354	s1-eth17	1492	4533
1787671303.435917354	s1-eth18	1492	4533
1787671303.435917354	s1-eth19	528887495	5120
1787671303.435917354	s1-eth2	6014	6014
1787671303.435917354	s1-eth20	1492	4533
1787671303.435917354	s1-eth21	1492	4533
1787671303.435917354	s1-eth22	1492	4314
1787671303.435917354	s1-eth23	132271150	5053
1787671303.435917354	s1-eth24	1492	4533
1787671303.435917354	s1-eth25	1492	4533
1787671303.435917354	s1-eth26	1492	4533
1787671303.435917354	s1-eth27	132351836	5053
1787671303.435917354	s1-eth28	1492	4533
1787671303.435917354	s1-eth29	1492	4533
1787671303.435917354	s1-eth3	529657785	5316
1787671303.435917354	s1-eth30	1492	4533
1787671303.435917354	s1-eth31	132447008	5158
1787671303.435917354	s1-eth32	1492	4533
1787671303.435917354	s1-eth33	1492	4533
1787671303.435917354	s1-eth34	1492	4533
1787671303.435917354	s1-eth4	1688	4729
1787671303.435917354	s1-eth5	1492	4533
1787671303.435917354	s1-eth6	1492	4533
1787671303.435917354	s1-eth7	132604186	5053
1787671303.435917354	s1-eth8	1492	4533
1787671303.435917354	s1-eth9	1492	4533
1787671303.435917354	s2-eth1	853834061	424526321
1787671303.435917354	s2-eth10	1492	4533
1787671303.435917354	s2-eth11	132709674	5187
1787671303.435917354	s2-eth12	1492	4533
1787671303.435917354	s2-eth13	1492	4533
1787671303.435917354	s2-eth14	1492	4533
1787671303.435917354	s2-eth15	132748518	5053
1787671303.435917354	s2-eth16	1492	4533
1787671303.435917354	s2-eth17	1492	4533
1787671303.435917354	s2-eth18	1492	4533
1787671303.435917354	s2-eth19	2079	475519232
1787671303.435917354	s2-eth2	5944	6014
1787671303.435917354	s2-eth20	1492	4533
1787671303.435917354	s2-eth21	1492	4533
1787671303.435917354	s2-eth22	1492	4533
1787671303.435917354	s2-eth23	2012	124886825
1787671303.435917354	s2-eth24	1492	4533
1787671303.435917354	s2-eth25	1492	4533
1787671303.435917354	s2-eth26	1492	4533
1787671303.435917354	s2-eth27	2012	125028075
1787671303.435917354	s2-eth28	1492	4533
1787671303.435917354	s2-eth29	1492	4533
1787671303.435917354	s2-eth3	26627358	5120
1787671303.435917354	s2-eth30	1492	4533
1787671303.435917354	s2-eth31	2012	124891085
1787671303.435917354	s2-eth32	1492	4533
1787671303.435917354	s2-eth33	1492	4533
1787671303.435917354	s2-eth34	1492	4533
1787671303.435917354	s2-eth4	1492	4533
1787671303.435917354	s2-eth5	1492	4533
1787671303.435917354	s2-eth6	1492	4533
1787671303.435917354	s2-eth7	133362900	5187
1787671303.435917354	s2-eth8	1492	4533
1787671303.435917354	s2-eth9	1492	4638
1787671303.435917354	s3-eth1	836712995	426938660
1787671303.435917354	s3-eth10	1492	4533
1787671303.435917354	s3-eth11	2079	122380641
1787671303.435917354	s3-eth12	1492	4533
1787671303.435917354	s3-eth13	1492	4533
1787671303.435917354	s3-eth14	1492	4533
1787671303.435917354	s3-eth15	2079	122413807
1787671303.435917354	s3-eth16	1492	4553
1787671303.435917354	s3-eth17	1492	4533
1787671303.435917354	s3-eth18	1492	4533
1787671303.435917354	s3-eth19	26729740	5120
1787671303.435917354	s3-eth2	6041	6041
1787671303.435917354	s3-eth20	1492	4533
1787671303.435917354	s3-eth21	1492	4533
1787671303.435917354	s3-eth22	1492	4533
1787671303.435917354	s3-eth23	133754902	5053
1787671303.435917354	s3-eth24	1492	4533
1787671303.435917354	s3-eth25	1492	4533
1787671303.435917354	s3-eth26	1492	4533
1787671303.435917354	s3-eth27	133845826	5120
1787671303.435917354	s3-eth28	1492	4533
1787671303.435917354	s3-eth29	1492	4533
1787671303.435917354	s3-eth3	2079	468330862
1787671303.435917354	s3-eth30	1492	4533
1787671303.435917354	s3-eth31	133933920	5120
1787671303.435917354	s3-eth32	1492	4533
1787671303.435917354	s3-eth33	1492	4533
1787671303.435917354	s3-eth34	1492	4533
1787671303.435917354	s3-eth4	1492	4533
1787671303.435917354	s3-eth5	1492	4533
1787671303.435917354	s3-eth6	1492	4533
1787671303.435917354	s3-eth7	2012	122986203
1787671303.435917354	s3-eth8	1492	4533
1787671303.435917354	s3-eth9	1492	4533
1787671303.435917354	s4-eth1	847370363	10804
1787671303.435917354	s4-eth10	1492	4533
1787671303.435917354	s4-eth11	2146	130595715
1787671303.435917354	s4-eth12	1492	4443
1787671303.435917354	s4-eth13	1492	4533
1787671303.435917354	s4-eth14	1492	4533
1787671303.435917354	s4-eth15	2079	130416895
1787671303.435917354	s4-eth16	1492	4443
1787671303.435917354	s4-eth17	1492	4533
1787671303.435917354	s4-eth18	1492	4533
1787671303.435917354	s4-eth19	2079	26757295
1787671303.435917354	s4-eth2	6041	4417
1787671303.435917354	s4-eth20	1492	4330
1787671303.435917354	s4-eth21	1492	4533
1787671303.435917354	s4-eth22	1492	4533
1787671303.435917354	s4-eth23	2012	133752175
1787671303.435917354	s4-eth24	1402	4443
1787671303.435917354	s4-eth25	1402	4533
1787671303.435917354	s4-eth26	1492	4533
1787671303.435917354	s4-eth27	2079	133786861
1787671303.435917354	s4-eth28	1402	4533
1787671303.435917354	s4-eth29	1492	4330
1787671303.435917354	s4-eth3	2079	26144367
1787671303.435917354	s4-eth30	1402	4533
1787671303.435917354	s4-eth31	2079	133704709
1787671303.435917354	s4-eth32	1492	4533
1787671303.435917354	s4-eth33	1402	4533
1787671303.435917354	s4-eth34	1492	4443
1787671303.435917354	s4-eth4	1492	4533
1787671303.435917354	s4-eth5	1492	4533
1787671303.435917354	s4-eth6	1492	4533
1787671303.435917354	s4-eth7	2146	130525057
1787671303.435917354	s4-eth8	1492	4533
1787671303.435917354	s4-eth9	1492	4533
1787671303.435917354	s5-eth1	1798005969	8642
1787671303.435917354	s5-eth2	429375794	863525770
1787671303.435917354	s5-eth3	9180	6041
1787671303.435917354	s5-eth4	6238	1291183827
1787671303.435917354	s6-eth1	6041	6041
1787671303.435917354	s6-eth2	6041	5971
1787671303.435917354	s6-eth3	6041	6041
1787671303.435917354	s6-eth4	6105	6041
1787671303.435917354	s7-eth1	429397270	841963317
1787671303.435917354	s7-eth2	10804	847973119
1787671303.435917354	s7-eth3	6041	8977
1787671303.435917354	s7-eth4	1275691995	6041
1787671303.435917354	s8-eth1	6041	6041
1787671303.435917354	s8-eth2	4417	6041
1787671303.435917354	s8-eth3	6041	4417
1787671303.435917354	s8-eth4	6105	6041
1787671303.435917354	s9-eth1	6041	9180
1787671303.435917354	s9-eth2	6041	6041
1787671303.435917354	s9-eth3	8977	6041
1787671303.435917354	s9-eth4	4417	6041
1787671309.209730562	s10-eth1	1305869155	6238
1787671309.209730562	s10-eth2	6041	6105
1787671309.209730562	s10-eth3	6041	1290871929
1787671309.209730562	s10-eth4	6041	6105
1787671309.209730562	s1-eth1	8642	1819871015
1787671309.209730562	s1-eth10	1492	4553
1787671309.209730562	s1-eth11	135808454	5120
1787671309.209730562	s1-eth12	1492	4533
1787671309.209730562	s1-eth13	1492	4533
1787671309.209730562	s1-eth14	1492	4533
1787671309.209730562	s1-eth15	135894974	5120
1787671309.209730562	s1-eth16	1492	4533
1787671309.209730562	s1-eth17	1492	4533
1787671309.209730562	s1-eth18	1492	4533
1787671309.209730562	s1-eth19	543916019	5120
1787671309.209730562	s1-eth2	6041	6041
1787671309.209730562	s1-eth20	1492	4533
1787671309.209730562	s1-eth21	1492	4533
1787671309.209730562	s1-eth22	1492	4314
1787671309.209730562	s1-eth23	136122732	5053
1787671309.209730562	s1-eth24	1492	4533
1787671309.209730562	s1-eth25	1492	4533
1787671309.209730562	s1-eth26	1492	4533
1787671309.209730562	s1-eth27	136214954	5053
1787671309.209730562	s1-eth28	1492	4533
1787671309.209730562	s1-eth29	1492	4533
1787671309.209730562	s1-eth3	545193893	5316
1787671309.209730562	s1-eth30	1492	4533
1787671309.209730562	s1-eth31	136351944	5158
1787671309.209730562	s1-eth32	1492	4533
1787671309.209730562	s1-eth33	1492	4533
1787671309.209730562	s1-eth34	1492	4533
1787671309.209730562	s1-eth4	1688	4729
1787671309.209730562	s1-eth5	1492	4533
1787671309.209730562	s1-eth6	1492	4533
1787671309.209730562	s1-eth7	136517774	5053
1787671309.209730562	s1-eth8	1492	4533
1787671309.209730562	s1-eth9	1492	4533
1787671309.209730562	s2-eth1	878776389	437055913
1787671309.209730562	s2-eth10	1492	4533
1787671309.209730562	s2-eth11	136633356	5187
1787671309.209730562	s2-eth12	1492	4533
1787671309.209730562	s2-eth13	1492	4533
1787671309.209730562	s2-eth14	1492	4533
1787671309.209730562	s2-eth15	136680852	5053
1787671309.209730562	s2-eth16	1492	4533
1787671309.209730562	s2-eth17	1492	4533
1787671309.209730562	s2-eth18	1492	4533
1787671309.209730562	s2-eth19	2079	489865690
1787671309.209730562	s2-eth2	5998	6068
1787671309.209730562	s2-eth20	1492	4533
1787671309.209730562	s2-eth21	1492	4533
1787671309.209730562	s2-eth22	1492	4533
1787671309.209730562	s2-eth23	2012	128471637
1787671309.209730562	s2-eth24	1492	4533
1787671309.209730562	s2-eth25	1492	4533
1787671309.209730562	s2-eth26	1492	4533
1787671309.209730562	s2-eth27	2012	128543671
1787671309.209730562	s2-eth28	1492	4533
1787671309.209730562	s2-eth29	1492	4533
1787671309.209730562	s2-eth3	27381524	5120
1787671309.209730562	s2-eth30	1492	4533
1787671309.209730562	s2-eth31	2012	128271133
1787671309.209730562	s2-eth32	1492	4533
1787671309.209730562	s2-eth33	1492	4533
1787671309.209730562	s2-eth34	1492	4533
1787671309.209730562	s2-eth4	1492	4533
1787671309.209730562	s2-eth5	1492	4533
1787671309.209730562	s2-eth6	1492	4533
1787671309.209730562	s2-eth7	136911662	5187
1787671309.209730562	s2-eth8	1492	4533
1787671309.209730562	s2-eth9	1492	4638
1787671309.209730562	s3-eth1	859394240	438122839
1787671309.209730562	s3-eth10	1492	4533
1787671309.209730562	s3-eth11	2079	125658307
1787671309.209730562	s3-eth12	1492	4533
1787671309.209730562	s3-eth13	1492	4533
1787671309.209730562	s3-eth14	1492	4533
1787671309.209730562	s3-eth15	2079	125708777
1787671309.209730562	s3-eth16	1492	4553
1787671309.209730562	s3-eth17	1492	4533
1787671309.209730562	s3-eth18	1492	4533
1787671309.209730562	s3-eth19	27434878	5120
1787671309.209730562	s3-eth2	6068	6068
1787671309.209730562	s3-eth20	1492	4533
1787671309.209730562	s3-eth21	1492	4533
1787671309.209730562	s3-eth22	1492	4533
1787671309.209730562	s3-eth23	137297896	5053
1787671309.209730562	s3-eth24	1492	4533
1787671309.209730562	s3-eth25	1492	4533
1787671309.209730562	s3-eth26	1492	4533
1787671309.209730562	s3-eth27	137381610	5120
1787671309.209730562	s3-eth28	1492	4533
1787671309.209730562	s3-eth29	1492	4533
1787671309.209730562	s3-eth3	2079	481171872
1787671309.209730562	s3-eth30	1492	4533
1787671309.209730562	s3-eth31	137456726	5120
1787671309.209730562	s3-eth32	1492	4533
1787671309.209730562	s3-eth33	1492	4533
1787671309.209730562	s3-eth34	1492	4533
1787671309.209730562	s3-eth4	1492	4533
1787671309.209730562	s3-eth5	1492	4533
1787671309.209730562	s3-eth6	1492	4533
1787671309.209730562	s3-eth7	2012	126305687
1787671309.209730562	s3-eth8	1492	4533
1787671309.209730562	s3-eth9	1492	4533
1787671309.209730562	s4-eth1	870684646	10831
1787671309.209730562	s4-eth10	1492	4533
1787671309.209730562	s4-eth11	2146	134261279
1787671309.209730562	s4-eth12	1492	4443
1787671309.209730562	s4-eth13	1492	4533
1787671309.209730562	s4-eth14	1492	4533
1787671309.209730562	s4-eth15	2079	134174747
1787671309.209730562	s4-eth16	1492	4443
1787671309.209730562	s4-eth17	1492	4533
1787671309.209730562	s4-eth18	1492	4533
1787671309.209730562	s4-eth19	2079	27534533
1787671309.209730562	s4-eth2	6068	4444
1787671309.209730562	s4-eth20	1492	4330
1787671309.209730562	s4-eth21	1492	4533
1787671309.209730562	s4-eth22	1492	4533
1787671309.209730562	s4-eth23	2012	137743631
1787671309.209730562	s4-eth24	1402	4443
1787671309.209730562	s4-eth25	1402	4533
1787671309.209730562	s4-eth26	1492	4533
1787671309.209730562	s4-eth27	2079	137843207
1787671309.209730562	s4-eth28	1402	4533
1787671309.209730562	s4-eth29	1492	4330
1787671309.209730562	s4-eth3	2079	26961981
1787671309.209730562	s4-eth30	1402	4533
1787671309.209730562	s4-eth31	2079	137874973
1787671309.209730562	s4-eth32	1492	4533
1787671309.209730562	s4-eth33	1402	4533
1787671309.209730562	s4-eth34	1492	4443
1787671309.209730562	s4-eth4	1492	4533
1787671309.209730562	s4-eth5	1492	4533
1787671309.209730562	s4-eth6	1492	4533
1787671309.209730562	s4-eth7	2146	134753001
1787671309.209730562	s4-eth8	1492	4533
1787671309.209730562	s4-eth9	1492	4533
1787671309.209730562	s5-eth1	1857277964	8669
1787671309.209730562	s5-eth2	443345917	892006739
1787671309.209730562	s5-eth3	9207	6068
1787671309.209730562	s5-eth4	6266	1334030000
1787671309.209730562	s6-eth1	6068	6068
1787671309.209730562	s6-eth2	6068	5998
1787671309.209730562	s6-eth3	6068	6068
1787671309.209730562	s6-eth4	6133	6068
1787671309.209730562	s7-eth1	443717799	870402468
1787671309.209730562	s7-eth2	10831	876433900
1787671309.209730562	s7-eth3	6068	9004
1787671309.209730562	s7-eth4	1318626131	6068
1787671309.209730562	s8-eth1	6068	6068
1787671309.209730562	s8-eth2	4444	6068
1787671309.209730562	s8-eth3	6068	4444
1787671309.209730562	s8-eth4	6133	6068
1787671309.209730562	s9-eth1	6068	9207
1787671309.209730562	s9-eth2	6068	6068
1787671309.209730562	s9-eth3	9004	6068
1787671309.209730562	s9-eth4	4444	6068
1787671316.150733364	s10-eth1	1349178237	6294
1787671316.150733364	s10-eth2	6095	6161
1787671316.150733364	s10-eth3	6095	1333393681
1787671316.150733364	s10-eth4	6095	6161
1787671316.150733364	s1-eth1	8696	1880495633
1787671316.150733364	s1-eth10	1492	4553
1787671316.150733364	s1-eth11	140288748	5120
1787671316.150733364	s1-eth12	1492	4533
1787671316.150733364	s1-eth13	1492	4533
1787671316.150733364	s1-eth14	1492	4533
1787671316.150733364	s1-eth15	140332008	5120
1787671316.150733364	s1-eth16	1492	4533
1787671316.150733364	s1-eth17	1492	4533
1787671316.150733364	s1-eth18	1492	4533
1787671316.150733364	s1-eth19	561463717	5120
1787671316.150733364	s1-eth2	6095	6095
1787671316.150733364	s1-eth20	1492	4533
1787671316.150733364	s1-eth21	1492	4533
1787671316.150733364	s1-eth22	1492	4314
1787671316.150733364	s1-eth23	140491992	5053
1787671316.150733364	s1-eth24	1492	4533
1787671316.150733364	s1-eth25	1492	4533
1787671316.150733364	s1-eth26	1492	4533
1787671316.150733364	s1-eth27	140564026	5053
1787671316.150733364	s1-eth28	1492	4533
1787671316.150733364	s1-eth29	1492	4533
1787671316.150733364	s1-eth3	562526733	5316
1787671316.150733364	s1-eth30	1492	4533
1787671316.150733364	s1-eth31	140670734	5158
1787671316.150733364	s1-eth32	1492	4533
1787671316.150733364	s1-eth33	1492	4533
1787671316.150733364	s1-eth34	1492	4533
1787671316.150733364	s1-eth4	1688	4729
1787671316.150733364	s1-eth5	1492	4533
1787671316.150733364	s1-eth6	1492	4533
1787671316.150733364	s1-eth7	140845216	5053
1787671316.150733364	s1-eth8	1492	4533
1787671316.150733364	s1-eth9	1492	4533
1787671316.150733364	s2-eth1	907880302	450874626
1787671316.150733364	s2-eth10	1492	4533
1787671316.150733364	s2-eth11	140950704	5187
1787671316.150733364	s2-eth12	1492	4533
1787671316.150733364	s2-eth13	1492	4533
1787671316.150733364	s2-eth14	1492	4533
1787671316.150733364	s2-eth15	141002526	5053
1787671316.150733364	s2-eth16	1492	4533
1787671316.150733364	s2-eth17	1492	4533
1787671316.150733364	s2-eth18	1492	4533
1787671316.150733364	s2-eth19	2079	506264114
1787671316.150733364	s2-eth2	6025	6095
1787671316.150733364	s2-eth20	1492	4533
1787671316.150733364	s2-eth21	1492	4533
1787671316.150733364	s2-eth22	1492	4533
1787671316.150733364	s2-eth23	2012	132676509
1787671316.150733364	s2-eth24	1492	4533
1787671316.150733364	s2-eth25	1492	4533
1787671316.150733364	s2-eth26	1492	4533
1787671316.150733364	s2-eth27	2012	132858135
1787671316.150733364	s2-eth28	1492	4533
1787671316.150733364	s2-eth29	1492	4533
1787671316.150733364	s2-eth3	28281332	5120
1787671316.150733364	s2-eth30	1492	4533
1787671316.150733364	s2-eth31	2012	132699515
1787671316.150733364	s2-eth32	1492	4533
1787671316.150733364	s2-eth33	1492	4533
1787671316.150733364	s2-eth34	1492	4533
1787671316.150733364	s2-eth4	1492	4533
1787671316.150733364	s2-eth5	1492	4533
1787671316.150733364	s2-eth6	1492	4533
1787671316.150733364	s2-eth7	141590952	5187
1787671316.150733364	s2-eth8	1492	4533
1787671316.150733364	s2-eth9	1492	4638
1787671316.150733364	s3-eth1	890665479	453286938
1787671316.150733364	s3-eth10	1492	4533
1787671316.150733364	s3-eth11	2079	130091015
1787671316.150733364	s3-eth12	1492	4533
1787671316.150733364	s3-eth13	1492	4533
1787671316.150733364	s3-eth14	1492	4533
1787671316.150733364	s3-eth15	2079	130163115
1787671316.150733364	s3-eth16	1492	4553
1787671316.150733364	s3-eth17	1492	4533
1787671316.150733364	s3-eth18	1492	4533
1787671316.150733364	s3-eth19	28382272	5120
1787671316.150733364	s3-eth2	6095	6095
1787671316.150733364	s3-eth20	1492	4533
1787671316.150733364	s3-eth21	1492	4533
1787671316.150733364	s3-eth22	1492	4533
1787671316.150733364	s3-eth23	142078126	5053
1787671316.150733364	s3-eth24	1492	4533
1787671316.150733364	s3-eth25	1492	4533
1787671316.150733364	s3-eth26	1492	4533
1787671316.150733364	s3-eth27	142196448	5120
1787671316.150733364	s3-eth28	1492	4533
1787671316.150733364	s3-eth29	1492	4533
1787671316.150733364	s3-eth3	2079	499323768
1787671316.150733364	s3-eth30	1492	4533
1787671316.150733364	s3-eth31	142301846	5120
1787671316.150733364	s3-eth32	1492	4533
1787671316.150733364	s3-eth33	1492	4533
1787671316.150733364	s3-eth34	1492	4533
1787671316.150733364	s3-eth4	1492	4533
1787671316.150733364	s3-eth5	1492	4533
1787671316.150733364	s3-eth6	1492	4533
1787671316.150733364	s3-eth7	2012	130884037
1787671316.150733364	s3-eth8	1492	4533
1787671316.150733364	s3-eth9	1492	4533
1787671316.150733364	s4-eth1	901168553	10858
1787671316.150733364	s4-eth10	1492	4533
1787671316.150733364	s4-eth11	2146	138972293
1787671316.150733364	s4-eth12	1492	4443
1787671316.150733364	s4-eth13	1492	4533
1787671316.150733364	s4-eth14	1492	4533
1787671316.150733364	s4-eth15	2079	138865573
1787671316.150733364	s4-eth16	1492	4443
1787671316.150733364	s4-eth17	1492	4533
1787671316.150733364	s4-eth18	1492	4533
1787671316.150733364	s4-eth19	2079	28493463
1787671316.150733364	s4-eth2	6122	4498
1787671316.150733364	s4-eth20	1492	4330
1787671316.150733364	s4-eth21	1492	4533
1787671316.150733364	s4-eth22	1492	4533
1787671316.150733364	s4-eth23	2012	142558469
1787671316.150733364	s4-eth24	1402	4443
1787671316.150733364	s4-eth25	1402	4533
1787671316.150733364	s4-eth26	1492	4533
1787671316.150733364	s4-eth27	2079	142623437
1787671316.150733364	s4-eth28	1402	4533
1787671316.150733364	s4-eth29	1492	4330
1787671316.150733364	s4-eth3	2079	27903607
1787671316.150733364	s4-eth30	1402	4533
1787671316.150733364	s4-eth31	2079	142653761
1787671316.150733364	s4-eth32	1492	4533
1787671316.150733364	s4-eth33	1402	4533
1787671316.150733364	s4-eth34	1492	4443
1787671316.150733364	s4-eth4	1492	4533
1787671316.150733364	s4-eth5	1492	4533
1787671316.150733364	s4-eth6	1492	4533
1787671316.150733364	s4-eth7	2146	139472667
1787671316.150733364	s4-eth8	1492	4533
1787671316.150733364	s4-eth9	1492	4533
1787671316.150733364	s5-eth1	1923937352	8723
1787671316.150733364	s5-eth2	458713365	925017057
1787671316.150733364	s5-eth3	9261	6122
1787671316.150733364	s5-eth4	6322	1382429342
1787671316.150733364	s6-eth1	6122	6122
1787671316.150733364	s6-eth2	6122	6052
1787671316.150733364	s6-eth3	6122	6122
1787671316.150733364	s6-eth4	6189	6122
1787671316.150733364	s7-eth1	458982865	902833102
1787671316.150733364	s7-eth2	10885	906713070
1787671316.150733364	s7-eth3	6122	9058
1787671316.150733364	s7-eth4	1366388111	6122
1787671316.150733364	s8-eth1	6122	6122
1787671316.150733364	s8-eth2	4498	6122
1787671316.150733364	s8-eth3	6122	4498
1787671316.150733364	s8-eth4	6189	6122
1787671316.150733364	s9-eth1	6122	9261
1787671316.150733364	s9-eth2	6122	6122
1787671316.150733364	s9-eth3	9058	6122
1787671316.150733364	s9-eth4	4498	6122
1787671323.541967049	s10-eth1	1397361252	6322
1787671323.541967049	s10-eth2	6122	6189
1787671323.541967049	s10-eth3	6122	1381275319
1787671323.541967049	s10-eth4	6122	6189
1787671323.541967049	s1-eth1	8723	1946677692
1787671323.541967049	s1-eth10	1492	4553
1787671323.541967049	s1-eth11	144995436	5120
1787671323.541967049	s1-eth12	1492	4533
1787671323.541967049	s1-eth13	1492	4533
1787671323.541967049	s1-eth14	1492	4533
1787671323.541967049	s1-eth15	145066094	5120
1787671323.541967049	s1-eth16	1492	4533
1787671323.541967049	s1-eth17	1492	4533
1787671323.541967049	s1-eth18	1492	4533
1787671323.541967049	s1-eth19	580516863	5120
1787671323.541967049	s1-eth2	6122	6122
1787671323.541967049	s1-eth20	1492	4533
1787671323.541967049	s1-eth21	1492	4533
1787671323.541967049	s1-eth22	1492	4314
1787671323.541967049	s1-eth23	145188586	5053
1787671323.541967049	s1-eth24	1492	4533
1787671323.541967049	s1-eth25	1492	4533
1787671323.541967049	s1-eth26	1492	4533
1787671323.541967049	s1-eth27	145257736	5053
1787671323.541967049	s1-eth28	1492	4533
1787671323.541967049	s1-eth29	1492	4533
1787671323.541967049	s1-eth3	581262639	5316
1787671323.541967049	s1-eth30	1492	4533
1787671323.541967049	s1-eth31	145351466	5158
1787671323.541967049	s1-eth32	1492	4533
1787671323.541967049	s1-eth33	1492	4533
1787671323.541967049	s1-eth34	1492	4533
1787671323.541967049	s1-eth4	1688	4729
1787671323.541967049	s1-eth5	1492	4533
1787671323.541967049	s1-eth6	1492	4533
1787671323.541967049	s1-eth7	145466826	5053
1787671323.541967049	s1-eth8	1492	4533
1787671323.541967049	s1-eth9	1492	4533
1787671323.541967049	s2-eth1	939863889	465598915
1787671323.541967049	s2-eth10	1492	4533
1787671323.541967049	s2-eth11	145540590	5187
1787671323.541967049	s2-eth12	1492	4533
1787671323.541967049	s2-eth13	1492	4533
1787671323.541967049	s2-eth14	1492	4533
1787671323.541967049	s2-eth15	145553478	5053
1787671323.541967049	s2-eth16	1492	4533
1787671323.541967049	s2-eth17	1492	4533
1787671323.541967049	s2-eth18	1492	4533
1787671323.541967049	s2-eth19	2079	524276136
1787671323.541967049	s2-eth2	6052	6122
1787671323.541967049	s2-eth20	1492	4533
1787671323.541967049	s2-eth21	1492	4533
1787671323.541967049	s2-eth22	1492	4533
1787671323.541967049	s2-eth23	2012	137136615
1787671323.541967049	s2-eth24	1492	4533
1787671323.541967049	s2-eth25	1492	4533
1787671323.541967049	s2-eth26	1492	4533
1787671323.541967049	s2-eth27	2012	137312473
1787671323.541967049	s2-eth28	1492	4533
1787671323.541967049	s2-eth29	1492	4533
1787671323.541967049	s2-eth3	29181140	5120
1787671323.541967049	s2-eth30	1492	4533
1787671323.541967049	s2-eth31	2012	137142317
1787671323.541967049	s2-eth32	1492	4533
1787671323.541967049	s2-eth33	1492	4533
1787671323.541967049	s2-eth34	1492	4533
1787671323.541967049	s2-eth4	1492	4533
1787671323.541967049	s2-eth5	1492	4533
1787671323.541967049	s2-eth6	1492	4533
1787671323.541967049	s2-eth7	146058268	5187
1787671323.541967049	s2-eth8	1492	4533
1787671323.541967049	s2-eth9	1492	4638
1787671323.541967049	s3-eth1	920999445	467450316
1787671323.541967049	s3-eth10	1492	4533
1787671323.541967049	s3-eth11	2079	134388175
1787671323.541967049	s3-eth12	1492	4533
1787671323.541967049	s3-eth13	1492	4533
1787671323.541967049	s3-eth14	1492	4533
1787671323.541967049	s3-eth15	2079	134424225
1787671323.541967049	s3-eth16	1492	4553
1787671323.541967049	s3-eth17	1492	4533
1787671323.541967049	s3-eth18	1492	4533
1787671323.541967049	s3-eth19	29250356	5120
1787671323.541967049	s3-eth2	6149	6149
1787671323.541967049	s3-eth20	1492	4533
1787671323.541967049	s3-eth21	1492	4533
1787671323.541967049	s3-eth22	1492	4533
1787671323.541967049	s3-eth23	146333468	5053
1787671323.541967049	s3-eth24	1492	4533
1787671323.541967049	s3-eth25	1492	4533
1787671323.541967049	s3-eth26	1492	4533
1787671323.541967049	s3-eth27	146405646	5120
1787671323.541967049	s3-eth28	1492	4533
1787671323.541967049	s3-eth29	1492	4533
1787671323.541967049	s3-eth3	2079	515696236
1787671323.541967049	s3-eth30	1492	4533
1787671323.541967049	s3-eth31	146456248	5120
1787671323.541967049	s3-eth32	1492	4533
1787671323.541967049	s3-eth33	1492	4533
1787671323.541967049	s3-eth34	1492	4533
1787671323.541967049	s3-eth4	1492	4533
1787671323.541967049	s3-eth5	1492	4533
1787671323.541967049	s3-eth6	1492	4533
1787671323.541967049	s3-eth7	2012	134910101
1787671323.541967049	s3-eth8	1492	4533
1787671323.541967049	s3-eth9	1492	4533
1787671323.541967049	s4-eth1	926937147	10912
1787671323.541967049	s4-eth10	1492	4533
1787671323.541967049	s4-eth11	2146	142957981
1787671323.541967049	s4-eth12	1492	4443
1787671323.541967049	s4-eth13	1492	4533
1787671323.541967049	s4-eth14	1492	4533
1787671323.541967049	s4-eth15	2079	142820979
1787671323.541967049	s4-eth16	1492	4443
1787671323.541967049	s4-eth17	1492	4533
1787671323.541967049	s4-eth18	1492	4533
1787671323.541967049	s4-eth19	2079	29280795
1787671323.541967049	s4-eth2	6149	4525
1787671323.541967049	s4-eth20	1492	4330
1787671323.541967049	s4-eth21	1492	4533
1787671323.541967049	s4-eth22	1492	4533
1787671323.541967049	s4-eth23	2012	146420145
1787671323.541967049	s4-eth24	1402	4443
1787671323.541967049	s4-eth25	1402	4533
1787671323.541967049	s4-eth26	1492	4533
1787671323.541967049	s4-eth27	2079	146493765
1787671323.541967049	s4-eth28	1402	4533
1787671323.541967049	s4-eth29	1492	4330
1787671323.541967049	s4-eth3	2079	28666425
1787671323.541967049	s4-eth30	1402	4533
1787671323.541967049	s4-eth31	2079	146464967
1787671323.541967049	s4-eth32	1492	4533
1787671323.541967049	s4-eth33	1402	4533
1787671323.541967049	s4-eth34	1492	4443
1787671323.541967049	s4-eth4	1492	4533
1787671323.541967049	s4-eth5	1492	4533
1787671323.541967049	s4-eth6	1492	4533
1787671323.541967049	s4-eth7	2146	143203121
1787671323.541967049	s4-eth8	1492	4533
1787671323.541967049	s4-eth9	1492	4533
1787671323.541967049	s5-eth1	1975788815	8750
1787671323.541967049	s5-eth2	470510394	950638540
1787671323.541967049	s5-eth3	9288	6149
1787671323.541967049	s5-eth4	6350	1419517609
1787671323.541967049	s6-eth1	6149	6149
1787671323.541967049	s6-eth2	6149	6079
1787671323.541967049	s6-eth3	6149	6149
1787671323.541967049	s6-eth4	6217	6149
1787671323.541967049	s7-eth1	470622716	928004681
1787671323.541967049	s7-eth2	10912	929959579
1787671323.541967049	s7-eth3	6149	9085
1787671323.541967049	s7-eth4	1403291803	6149
1787671323.541967049	s8-eth1	6149	6149
1787671323.541967049	s8-eth2	4525	6149
1787671323.541967049	s8-eth3	6149	4525
1787671323.541967049	s8-eth4	6217	6149
1787671323.541967049	s9-eth1	6149	9288
1787671323.541967049	s9-eth2	6149	6149
1787671323.541967049	s9-eth3	9085	6149
1787671323.541967049	s9-eth4	4525	6149
1787671329.121360473	s10-eth1	1433871277	6350
1787671329.121360473	s10-eth2	6149	6217
1787671329.121360473	s10-eth3	6149	1417677195
1787671329.121360473	s10-eth4	6149	6217
1787671329.121360473	s1-eth1	8750	1996937187
1787671329.121360473	s1-eth10	1492	4553
1787671329.121360473	s1-eth11	148581690	5120
1787671329.121360473	s1-eth12	1492	4533
1787671329.121360473	s1-eth13	1492	4533
1787671329.121360473	s1-eth14	1492	4533
1787671329.121360473	s1-eth15	148620624	5120
1787671329.121360473	s1-eth16	1492	4533
1787671329.121360473	s1-eth17	1492	4533
1787671329.121360473	s1-eth18	1492	4533
1787671329.121360473	s1-eth19	594730657	5120
1787671329.121360473	s1-eth2	6149	6149
1787671329.121360473	s1-eth20	1492	4533
1787671329.121360473	s1-eth21	1492	4533
1787671329.121360473	s1-eth22	1492	4314
1787671329.121360473	s1-eth23	148771956	5053
1787671329.121360473	s1-eth24	1492	4533
1787671329.121360473	s1-eth25	1492	4533
1787671329.121360473	s1-eth26	1492	4533
1787671329.121360473	s1-eth27	148832454	5053
1787671329.121360473	s1-eth28	1492	4533
1787671329.121360473	s1-eth29	1492	4533
1787671329.121360473	s1-eth3	595596119	5316
1787671329.121360473	s1-eth30	1492	4533
1787671329.121360473	s1-eth31	148950698	5158
1787671329.121360473	s1-eth32	1492	4533
1787671329.121360473	s1-eth33	1492	4533
1787671329.121360473	s1-eth34	1492	4533
1787671329.121360473	s1-eth4	1688	4729
1787671329.121360473	s1-eth5	1492	4533
1787671329.121360473	s1-eth6	1492	4533
1787671329.121360473	s1-eth7	149158346	5053
1787671329.121360473	s1-eth8	1492	4533
1787671329.121360473	s1-eth9	1492	4533
1787671329.121360473	s2-eth1	965736307	477472397
1787671329.121360473	s2-eth10	1492	4533
1787671329.121360473	s2-eth11	149259508	5187
1787671329.121360473	s2-eth12	1492	4533
1787671329.121360473	s2-eth13	1492	4533
1787671329.121360473	s2-eth14	1492	4533
1787671329.121360473	s2-eth15	149278164	5053
1787671329.121360473	s2-eth16	1492	4533
1787671329.121360473	s2-eth17	1492	4533
1787671329.121360473	s2-eth18	1492	4533
1787671329.121360473	s2-eth19	2079	538954254
1787671329.121360473	s2-eth2	6106	6176
1787671329.121360473	s2-eth20	1492	4533
1787671329.121360473	s2-eth21	1492	4533
1787671329.121360473	s2-eth22	1492	4533
1787671329.121360473	s2-eth23	2012	140799295
1787671329.121360473	s2-eth24	1492	4533
1787671329.121360473	s2-eth25	1492	4533
1787671329.121360473	s2-eth26	1492	4533
1787671329.121360473	s2-eth27	2012	140943429
1787671329.121360473	s2-eth28	1492	4533
1787671329.121360473	s2-eth29	1492	4533
1787671329.121360473	s2-eth3	29909350	5120
1787671329.121360473	s2-eth30	1492	4533
1787671329.121360473	s2-eth31	2012	140770389
1787671329.121360473	s2-eth32	1492	4533
1787671329.121360473	s2-eth33	1492	4533
1787671329.121360473	s2-eth34	1492	4533
1787671329.121360473	s2-eth4	1492	4533
1787671329.121360473	s2-eth5	1492	4533
1787671329.121360473	s2-eth6	1492	4533
1787671329.121360473	s2-eth7	149707970	5187
1787671329.121360473	s2-eth8	1492	4533
1787671329.121360473	s2-eth9	1492	4638
1787671329.121360473	s3-eth1	946159488	479306467
1787671329.121360473	s3-eth10	1492	4533
1787671329.121360473	s3-eth11	2079	138001827
1787671329.121360473	s3-eth12	1492	4533
1787671329.121360473	s3-eth13	1492	4533
1787671329.121360473	s3-eth14	1492	4533
1787671329.121360473	s3-eth15	2079	138023457
1787671329.121360473	s3-eth16	1492	4553
1787671329.121360473	s3-eth17	1492	4533
1787671329.121360473	s3-eth18	1492	4533
1787671329.121360473	s3-eth19	30005964	5120
1787671329.121360473	s3-eth2	6176	6176
1787671329.121360473	s3-eth20	1492	4533
1787671329.121360473	s3-eth21	1492	4533
1787671329.121360473	s3-eth22	1492	4533
1787671329.121360473	s3-eth23	150059596	5053
1787671329.121360473	s3-eth24	1492	4533
1787671329.121360473	s3-eth25	1492	4533
1787671329.121360473	s3-eth26	1492	4533
1787671329.121360473	s3-eth27	150078420	5120
1787671329.121360473	s3-eth28	1492	4533
1787671329.121360473	s3-eth29	1492	4533
1787671329.121360473	s3-eth3	2079	529522132
1787671329.121360473	s3-eth30	1492	4533
1787671329.121360473	s3-eth31	150064132	5120
1787671329.121360473	s3-eth32	1492	4533
1787671329.121360473	s3-eth33	1492	4533
1787671329.121360473	s3-eth34	1492	4533
1787671329.121360473	s3-eth4	1492	4533
1787671329.121360473	s3-eth5	1492	4533
1787671329.121360473	s3-eth6	1492	4533
1787671329.121360473	s3-eth7	2012	138261309
1787671329.121360473	s3-eth8	1492	4533
1787671329.121360473	s3-eth9	1492	4533
1787671329.121360473	s4-eth1	948932000	10939
1787671329.121360473	s4-eth10	1492	4533
1787671329.121360473	s4-eth11	2146	146300537
1787671329.121360473	s4-eth12	1492	4443
1787671329.121360473	s4-eth13	1492	4533
1787671329.121360473	s4-eth14	1492	4533
1787671329.121360473	s4-eth15	2079	146130369
1787671329.121360473	s4-eth16	1492	4443
1787671329.121360473	s4-eth17	1492	4533
1787671329.121360473	s4-eth18	1492	4533
1787671329.121360473	s4-eth19	2079	29983049
1787671329.121360473	s4-eth2	6176	4552
1787671329.121360473	s4-eth20	1492	4330
1787671329.121360473	s4-eth21	1492	4533
1787671329.121360473	s4-eth22	1492	4533
1787671329.121360473	s4-eth23	2012	149963139
1787671329.121360473	s4-eth24	1402	4443
1787671329.121360473	s4-eth25	1402	4533
1787671329.121360473	s4-eth26	1492	4533
1787671329.121360473	s4-eth27	2079	150054063
1787671329.121360473	s4-eth28	1402	4533
1787671329.121360473	s4-eth29	1492	4330
1787671329.121360473	s4-eth3	2079	29354259
1787671329.121360473	s4-eth30	1402	4533
1787671329.121360473	s4-eth31	2079	150075735
1787671329.121360473	s4-eth32	1492	4533
1787671329.121360473	s4-eth33	1402	4533
1787671329.121360473	s4-eth34	1492	4443
1787671329.121360473	s4-eth4	1492	4533
1787671329.121360473	s4-eth5	1492	4533
1787671329.121360473	s4-eth6	1492	4533
1787671329.121360473	s4-eth7	2146	146678341
1787671329.121360473	s4-eth8	1492	4533
1787671329.121360473	s4-eth9	1492	4533
1787671329.121360473	s5-eth1	2027272568	8777
1787671329.121360473	s5-eth2	482317517	975155451
1787671329.121360473	s5-eth3	9315	6176
1787671329.121360473	s5-eth4	6378	1455853152
1787671329.121360473	s6-eth1	6176	6176
1787671329.121360473	s6-eth2	6176	6106
1787671329.121360473	s6-eth3	6176	6176
1787671329.121360473	s6-eth4	6245	6176
1787671329.121360473	s7-eth1	482729775	952484100
1787671329.121360473	s7-eth2	10939	953764142
1787671329.121360473	s7-eth3	6176	9112
1787671329.121360473	s7-eth4	1440287783	6176
1787671329.121360473	s8-eth1	6176	6176
1787671329.121360473	s8-eth2	4552	6176
1787671329.121360473	s8-eth3	6176	4552
1787671329.121360473	s8-eth4	6245	6176
1787671329.121360473	s9-eth1	6176	9315
1787671329.121360473	s9-eth2	6176	6176
1787671329.121360473	s9-eth3	9112	6176
1787671329.121360473	s9-eth4	4552	6176
1787671335.252560807	s10-eth1	1472863011	6406
1787671335.252560807	s10-eth2	6203	6273
1787671335.252560807	s10-eth3	6203	1456028683
1787671335.252560807	s10-eth4	6203	6273
1787671335.252560807	s1-eth1	8804	2052164399
1787671335.252560807	s1-eth10	1492	4553
1787671335.252560807	s1-eth11	152544306	5120
1787671335.252560807	s1-eth12	1492	4533
1787671335.252560807	s1-eth13	1492	4533
1787671335.252560807	s1-eth14	1492	4533
1787671335.252560807	s1-eth15	152614964	5120
1787671335.252560807	s1-eth16	1492	4533
1787671335.252560807	s1-eth17	1492	4533
1787671335.252560807	s1-eth18	1492	4533
1787671335.252560807	s1-eth19	610605635	5120
1787671335.252560807	s1-eth2	6203	6203
1787671335.252560807	s1-eth20	1492	4533
1787671335.252560807	s1-eth21	1492	4533
1787671335.252560807	s1-eth22	1492	4314
1787671335.252560807	s1-eth23	152773506	5053
1787671335.252560807	s1-eth24	1492	4533
1787671335.252560807	s1-eth25	1492	4533
1787671335.252560807	s1-eth26	1492	4533
1787671335.252560807	s1-eth27	152849866	5053
1787671335.252560807	s1-eth28	1492	4533
1787671335.252560807	s1-eth29	1492	4533
1787671335.252560807	s1-eth3	611619623	5316
1787671335.252560807	s1-eth30	1492	4533
1787671335.252560807	s1-eth31	152937828	5158
1787671335.252560807	s1-eth32	1492	4533
1787671335.252560807	s1-eth33	1492	4533
1787671335.252560807	s1-eth34	1492	4533
1787671335.252560807	s1-eth4	1688	4729
1787671335.252560807	s1-eth5	1492	4533
1787671335.252560807	s1-eth6	1492	4533
1787671335.252560807	s1-eth7	153057514	5053
1787671335.252560807	s1-eth8	1492	4533
1787671335.252560807	s1-eth9	1492	4533
1787671335.252560807	s2-eth1	991650516	489896696
1787671335.252560807	s2-eth10	1492	4533
1787671335.252560807	s2-eth11	153141372	5187
1787671335.252560807	s2-eth12	1492	4533
1787671335.252560807	s2-eth13	1492	4533
1787671335.252560807	s2-eth14	1492	4533
1787671335.252560807	s2-eth15	153170122	5053
1787671335.252560807	s2-eth16	1492	4533
1787671335.252560807	s2-eth17	1492	4533
1787671335.252560807	s2-eth18	1492	4533
1787671335.252560807	s2-eth19	2079	553753500
1787671335.252560807	s2-eth2	6133	6203
1787671335.252560807	s2-eth20	1492	4533
1787671335.252560807	s2-eth21	1492	4533
1787671335.252560807	s2-eth22	1492	4533
1787671335.252560807	s2-eth23	2012	144577335
1787671335.252560807	s2-eth24	1492	4533
1787671335.252560807	s2-eth25	1492	4533
1787671335.252560807	s2-eth26	1492	4533
1787671335.252560807	s2-eth27	2012	144773381
1787671335.252560807	s2-eth28	1492	4533
1787671335.252560807	s2-eth29	1492	4533
1787671335.252560807	s2-eth3	30725522	5120
1787671335.252560807	s2-eth30	1492	4533
1787671335.252560807	s2-eth31	2012	144567175
1787671335.252560807	s2-eth32	1492	4533
1787671335.252560807	s2-eth33	1492	4533
1787671335.252560807	s2-eth34	1492	4533
1787671335.252560807	s2-eth4	1492	4533
1787671335.252560807	s2-eth5	1492	4533
1787671335.252560807	s2-eth6	1492	4533
1787671335.252560807	s2-eth7	153839300	5187
1787671335.252560807	s2-eth8	1492	4533
1787671335.252560807	s2-eth9	1492	4638
1787671335.252560807	s3-eth1	971283481	492376782
1787671335.252560807	s3-eth10	1492	4533
1787671335.252560807	s3-eth11	2079	141588081
1787671335.252560807	s3-eth12	1492	4533
1787671335.252560807	s3-eth13	1492	4533
1787671335.252560807	s3-eth14	1492	4533
1787671335.252560807	s3-eth15	2079	141601059
1787671335.252560807	s3-eth16	1492	4553
1787671335.252560807	s3-eth17	1492	4533
1787671335.252560807	s3-eth18	1492	4533
1787671335.252560807	s3-eth19	30801948	5120
1787671335.252560807	s3-eth2	6203	6203
1787671335.252560807	s3-eth20	1492	4533
1787671335.252560807	s3-eth21	1492	4533
1787671335.252560807	s3-eth22	1492	4533
1787671335.252560807	s3-eth23	154056820	5053
1787671335.252560807	s3-eth24	1492	4533
1787671335.252560807	s3-eth25	1492	4533
1787671335.252560807	s3-eth26	1492	4533
1787671335.252560807	s3-eth27	154094390	5120
1787671335.252560807	s3-eth28	1492	4533
1787671335.252560807	s3-eth29	1492	4533
1787671335.252560807	s3-eth3	2079	543681130
1787671335.252560807	s3-eth30	1492	4533
1787671335.252560807	s3-eth31	154101732	5120
1787671335.252560807	s3-eth32	1492	4533
1787671335.252560807	s3-eth33	1492	4533
1787671335.252560807	s3-eth34	1492	4533
1787671335.252560807	s3-eth4	1492	4533
1787671335.252560807	s3-eth5	1492	4533
1787671335.252560807	s3-eth6	1492	4533
1787671335.252560807	s3-eth7	2012	141925431
1787671335.252560807	s3-eth8	1492	4533
1787671335.252560807	s3-eth9	1492	4533
1787671335.252560807	s4-eth1	974984641	10966
1787671335.252560807	s4-eth10	1492	4533
1787671335.252560807	s4-eth11	2146	150366977
1787671335.252560807	s4-eth12	1492	4443
1787671335.252560807	s4-eth13	1492	4533
1787671335.252560807	s4-eth14	1492	4533
1787671335.252560807	s4-eth15	2079	150280445
1787671335.252560807	s4-eth16	1492	4443
1787671335.252560807	s4-eth17	1492	4533
1787671335.252560807	s4-eth18	1492	4533
1787671335.252560807	s4-eth19	2079	30833829
1787671335.252560807	s4-eth2	6203	4579
1787671335.252560807	s4-eth20	1492	4330
1787671335.252560807	s4-eth21	1492	4533
1787671335.252560807	s4-eth22	1492	4533
1787671335.252560807	s4-eth23	2012	154248763
1787671335.252560807	s4-eth24	1402	4443
1787671335.252560807	s4-eth25	1402	4533
1787671335.252560807	s4-eth26	1492	4533
1787671335.252560807	s4-eth27	2079	154349781
1787671335.252560807	s4-eth28	1402	4533
1787671335.252560807	s4-eth29	1492	4330
1787671335.252560807	s4-eth3	2079	30199271
1787671335.252560807	s4-eth30	1402	4533
1787671335.252560807	s4-eth31	2079	154401735
1787671335.252560807	s4-eth32	1492	4533
1787671335.252560807	s4-eth33	1402	4533
1787671335.252560807	s4-eth34	1492	4443
1787671335.252560807	s4-eth4	1492	4533
1787671335.252560807	s4-eth5	1492	4533
1787671335.252560807	s4-eth6	1492	4533
1787671335.252560807	s4-eth7	2146	150868793
1787671335.252560807	s4-eth8	1492	4533
1787671335.252560807	s4-eth9	1492	4533
1787671335.252560807	s5-eth1	2086000929	8804
1787671335.252560807	s5-eth2	496121810	1003624884
1787671335.252560807	s5-eth3	9342	6203
1787671335.252560807	s5-eth4	6406	1498191741
1787671335.252560807	s6-eth1	6203	6203
1787671335.252560807	s6-eth2	6203	6133
1787671335.252560807	s6-eth3	6203	6203
1787671335.252560807	s6-eth4	6273	6203
1787671335.252560807	s7-eth1	496474946	979188525
1787671335.252560807	s7-eth2	10966	980788691
1787671335.252560807	s7-eth3	6203	9139
1787671335.252560807	s7-eth4	1481292523	6203
1787671335.252560807	s8-eth1	6203	6203
1787671335.252560807	s8-eth2	4579	6203
1787671335.252560807	s8-eth3	6203	4579
1787671335.252560807	s8-eth4	6273	6203
1787671335.252560807	s9-eth1	6203	9342
1787671335.252560807	s9-eth2	6203	6203
1787671335.252560807	s9-eth3	9139	6203
1787671335.252560807	s9-eth4	4579	6203
1787671341.832000420	s10-eth1	1513788440	6434
1787671341.832000420	s10-eth2	6230	6301
1787671341.832000420	s10-eth3	6230	1496019697
1787671341.832000420	s10-eth4	6230	6301
1787671341.832000420	s1-eth1	8831	2109590634
1787671341.832000420	s1-eth10	1492	4553
1787671341.832000420	s1-eth11	156780902	5120
1787671341.832000420	s1-eth12	1492	4533
1787671341.832000420	s1-eth13	1492	4533
1787671341.832000420	s1-eth14	1492	4533
1787671341.832000420	s1-eth15	156854444	5120
1787671341.832000420	s1-eth16	1492	4533
1787671341.832000420	s1-eth17	1492	4533
1787671341.832000420	s1-eth18	1492	4533
1787671341.832000420	s1-eth19	627449637	5120
1787671341.832000420	s1-eth2	6230	6230
1787671341.832000420	s1-eth20	1492	4533
1787671341.832000420	s1-eth21	1492	4533
1787671341.832000420	s1-eth22	1492	4314
1787671341.832000420	s1-eth23	156962516	5053
1787671341.832000420	s1-eth24	1492	4533
1787671341.832000420	s1-eth25	1492	4533
1787671341.832000420	s1-eth26	1492	4533
1787671341.832000420	s1-eth27	157038876	5053
1787671341.832000420	s1-eth28	1492	4533
1787671341.832000420	s1-eth29	1492	4533
1787671341.832000420	s1-eth3	628540051	5316
1787671341.832000420	s1-eth30	1492	4533
1787671341.832000420	s1-eth31	157183076	5158
1787671341.832000420	s1-eth32	1492	4533
1787671341.832000420	s1-eth33	1492	4533
1787671341.832000420	s1-eth34	1492	4533
1787671341.832000420	s1-eth4	1688	4729
1787671341.832000420	s1-eth5	1492	4533
1787671341.832000420	s1-eth6	1492	4533
1787671341.832000420	s1-eth7	157312856	5053
1787671341.832000420	s1-eth8	1492	4533
1787671341.832000420	s1-eth9	1492	4533
1787671341.832000420	s2-eth1	1018382339	503543811
1787671341.832000420	s2-eth10	1492	4533
1787671341.832000420	s2-eth11	157409692	5187
1787671341.832000420	s2-eth12	1492	4533
1787671341.832000420	s2-eth13	1492	4533
1787671341.832000420	s2-eth14	1492	4533
1787671341.832000420	s2-eth15	157435558	5053
1787671341.832000420	s2-eth16	1492	4533
1787671341.832000420	s2-eth17	1492	4533
1787671341.832000420	s2-eth18	1492	4533
1787671341.832000420	s2-eth19	2079	568921898
1787671341.832000420	s2-eth2	6160	6230
1787671341.832000420	s2-eth20	1492	4533
1787671341.832000420	s2-eth21	1492	4533
1787671341.832000420	s2-eth22	1492	4533
1787671341.832000420	s2-eth23	2012	148392867
1787671341.832000420	s2-eth24	1492	4533
1787671341.832000420	s2-eth25	1492	4533
1787671341.832000420	s2-eth26	1492	4533
1787671341.832000420	s2-eth27	2012	148561515
1787671341.832000420	s2-eth28	1492	4533
1787671341.832000420	s2-eth29	1492	4533
1787671341.832000420	s2-eth3	31543136	5120
1787671341.832000420	s2-eth30	1492	4533
1787671341.832000420	s2-eth31	2012	148300513
1787671341.832000420	s2-eth32	1492	4533
1787671341.832000420	s2-eth33	1492	4533
1787671341.832000420	s2-eth34	1492	4533
1787671341.832000420	s2-eth4	1492	4533
1787671341.832000420	s2-eth5	1492	4533
1787671341.832000420	s2-eth6	1492	4533
1787671341.832000420	s2-eth7	157856712	5187
1787671341.832000420	s2-eth8	1492	4533
1787671341.832000420	s2-eth9	1492	4638
1787671341.832000420	s3-eth1	996556000	505274057
1787671341.832000420	s3-eth10	1492	4533
1787671341.832000420	s3-eth11	2079	145152705
1787671341.832000420	s3-eth12	1492	4533
1787671341.832000420	s3-eth13	1492	4533
1787671341.832000420	s3-eth14	1492	4533
1787671341.832000420	s3-eth15	2079	145177219
1787671341.832000420	s3-eth16	1492	4553
1787671341.832000420	s3-eth17	1492	4533
1787671341.832000420	s3-eth18	1492	4533
1787671341.832000420	s3-eth19	31615236	5120
1787671341.832000420	s3-eth2	6230	6230
1787671341.832000420	s3-eth20	1492	4533
1787671341.832000420	s3-eth21	1492	4533
1787671341.832000420	s3-eth22	1492	4533
1787671341.832000420	s3-eth23	158208338	5053
1787671341.832000420	s3-eth24	1492	4533
1787671341.832000420	s3-eth25	1492	4533
1787671341.832000420	s3-eth26	1492	4533
1787671341.832000420	s3-eth27	158332428	5120
1787671341.832000420	s3-eth28	1492	4533
1787671341.832000420	s3-eth29	1492	4533
1787671341.832000420	s3-eth3	2079	558346270
1787671341.832000420	s3-eth30	1492	4533
1787671341.832000420	s3-eth31	158414754	5120
1787671341.832000420	s3-eth32	1492	4533
1787671341.832000420	s3-eth33	1492	4533
1787671341.832000420	s3-eth34	1492	4533
1787671341.832000420	s3-eth4	1492	4533
1787671341.832000420	s3-eth5	1492	4533
1787671341.832000420	s3-eth6	1492	4533
1787671341.832000420	s3-eth7	2012	145665979
1787671341.832000420	s3-eth8	1492	4533
1787671341.832000420	s3-eth9	1492	4533
1787671341.832000420	s4-eth1	1002410066	10993
1787671341.832000420	s4-eth10	1492	4533
1787671341.832000420	s4-eth11	2146	154567523
1787671341.832000420	s4-eth12	1492	4443
1787671341.832000420	s4-eth13	1492	4533
1787671341.832000420	s4-eth14	1492	4533
1787671341.832000420	s4-eth15	2079	154403123
1787671341.832000420	s4-eth16	1492	4443
1787671341.832000420	s4-eth17	1492	4533
1787671341.832000420	s4-eth18	1492	4533
1787671341.832000420	s4-eth19	2079	31670189
1787671341.832000420	s4-eth2	6257	4633
1787671341.832000420	s4-eth20	1492	4330
1787671341.832000420	s4-eth21	1492	4533
1787671341.832000420	s4-eth22	1492	4533
1787671341.832000420	s4-eth23	2012	158390187
1787671341.832000420	s4-eth24	1402	4443
1787671341.832000420	s4-eth25	1402	4533
1787671341.832000420	s4-eth26	1492	4533
1787671341.832000420	s4-eth27	2079	158468133
1787671341.832000420	s4-eth28	1402	4533
1787671341.832000420	s4-eth29	1492	4330
1787671341.832000420	s4-eth3	2079	31001023
1787671341.832000420	s4-eth30	1402	4533
1787671341.832000420	s4-eth31	2079	158486921
1787671341.832000420	s4-eth32	1492	4533
1787671341.832000420	s4-eth33	1402	4533
1787671341.832000420	s4-eth34	1492	4443
1787671341.832000420	s4-eth4	1492	4533
1787671341.832000420	s4-eth5	1492	4533
1787671341.832000420	s4-eth6	1492	4533
1787671341.832000420	s4-eth7	2146	154943885
1787671341.832000420	s4-eth8	1492	4533
1787671341.832000420	s4-eth9	1492	4533
1787671341.832000420	s5-eth1	2141789079	8858
1787671341.832000420	s5-eth2	509424314	1029673226
1787671341.832000420	s5-eth3	9396	6257
1787671341.832000420	s5-eth4	6462	1537680965
1787671341.832000420	s6-eth1	6257	6257
1787671341.832000420	s6-eth2	6257	6187
1787671341.832000420	s6-eth3	6257	6257
1787671341.832000420	s6-eth4	6329	6257
1787671341.832000420	s7-eth1	509797638	1004791289
1787671341.832000420	s7-eth2	11020	1007237909
1787671341.832000420	s7-eth3	6257	9193
1787671341.832000420	s7-eth4	1520412597	6257
1787671341.832000420	s8-eth1	6257	6257
1787671341.832000420	s8-eth2	4633	6257
1787671341.832000420	s8-eth3	6257	4633
1787671341.832000420	s8-eth4	6329	6257
1787671341.832000420	s9-eth1	6257	9396
1787671341.832000420	s9-eth2	6257	6257
1787671341.832000420	s9-eth3	9193	6257
1787671341.832000420	s9-eth4	4633	6257
1787671348.342107360	s10-eth1	1553194001	6462
1787671348.342107360	s10-eth2	6257	6329
1787671348.342107360	s10-eth3	6257	1535132533
1787671348.342107360	s10-eth4	6257	6329
1787671348.342107360	s1-eth1	8858	2165884899
1787671348.342107360	s1-eth10	1492	4553
1787671348.342107360	s1-eth11	160948282	5120
1787671348.342107360	s1-eth12	1492	4533
1787671348.342107360	s1-eth13	1492	4533
1787671348.342107360	s1-eth14	1492	4533
1787671348.342107360	s1-eth15	160992984	5120
1787671348.342107360	s1-eth16	1492	4533
1787671348.342107360	s1-eth17	1492	4533
1787671348.342107360	s1-eth18	1492	4533
1787671348.342107360	s1-eth19	644313827	5120
1787671348.342107360	s1-eth2	6257	6257
1787671348.342107360	s1-eth20	1492	4533
1787671348.342107360	s1-eth21	1492	4533
1787671348.342107360	s1-eth22	1492	4314
1787671348.342107360	s1-eth23	161220742	5053
1787671348.342107360	s1-eth24	1492	4533
1787671348.342107360	s1-eth25	1492	4533
1787671348.342107360	s1-eth26	1492	4533
1787671348.342107360	s1-eth27	161301428	5053
1787671348.342107360	s1-eth28	1492	4533
1787671348.342107360	s1-eth29	1492	4533
1787671348.342107360	s1-eth3	645529695	5316
1787671348.342107360	s1-eth30	1492	4533
1787671348.342107360	s1-eth31	161422556	5158
1787671348.342107360	s1-eth32	1492	4533
1787671348.342107360	s1-eth33	1492	4533
1787671348.342107360	s1-eth34	1492	4533
1787671348.342107360	s1-eth4	1688	4729
1787671348.342107360	s1-eth5	1492	4533
1787671348.342107360	s1-eth6	1492	4533
1787671348.342107360	s1-eth7	161589828	5053
1787671348.342107360	s1-eth8	1492	4533
1787671348.342107360	s1-eth9	1492	4533
1787671348.342107360	s2-eth1	1044310968	517271678
1787671348.342107360	s2-eth10	1492	4533
1787671348.342107360	s2-eth11	161699642	5187
1787671348.342107360	s2-eth12	1492	4533
1787671348.342107360	s2-eth13	1492	4533
1787671348.342107360	s2-eth14	1492	4533
1787671348.342107360	s2-eth15	161763000	5053
1787671348.342107360	s2-eth16	1492	4533
1787671348.342107360	s2-eth17	1492	4533
1787671348.342107360	s2-eth18	1492	4533
1787671348.342107360	s2-eth19	2079	583747100
1787671348.342107360	s2-eth2	6187	6257
1787671348.342107360	s2-eth20	1492	4533
1787671348.342107360	s2-eth21	1492	4533
1787671348.342107360	s2-eth22	1492	4533
1787671348.342107360	s2-eth23	2012	152212725
1787671348.342107360	s2-eth24	1492	4533
1787671348.342107360	s2-eth25	1492	4533
1787671348.342107360	s2-eth26	1492	4533
1787671348.342107360	s2-eth27	2012	152388583
1787671348.342107360	s2-eth28	1492	4533
1787671348.342107360	s2-eth29	1492	4533
1787671348.342107360	s2-eth3	32431408	5120
1787671348.342107360	s2-eth30	1492	4533
1787671348.342107360	s2-eth31	2012	152131907
1787671348.342107360	s2-eth32	1492	4533
1787671348.342107360	s2-eth33	1492	4533
1787671348.342107360	s2-eth34	1492	4533
1787671348.342107360	s2-eth4	1492	4533
1787671348.342107360	s2-eth5	1492	4533
1787671348.342107360	s2-eth6	1492	4533
1787671348.342107360	s2-eth7	162338448	5187
1787671348.342107360	s2-eth8	1492	4533
1787671348.342107360	s2-eth9	1492	4638
1787671348.342107360	s3-eth1	1022096758	519668155
1787671348.342107360	s3-eth10	1492	4533
1787671348.342107360	s3-eth11	2079	148920651
1787671348.342107360	s3-eth12	1492	4533
1787671348.342107360	s3-eth13	1492	4533
1787671348.342107360	s3-eth14	1492	4533
1787671348.342107360	s3-eth15	2079	148927861
1787671348.342107360	s3-eth16	1492	4553
1787671348.342107360	s3-eth17	1492	4533
1787671348.342107360	s3-eth18	1492	4533
1787671348.342107360	s3-eth19	32519370	5120
1787671348.342107360	s3-eth2	6284	6284
1787671348.342107360	s3-eth20	1492	4533
1787671348.342107360	s3-eth21	1492	4533
1787671348.342107360	s3-eth22	1492	4533
1787671348.342107360	s3-eth23	162739102	5053
1787671348.342107360	s3-eth24	1492	4533
1787671348.342107360	s3-eth25	1492	4533
1787671348.342107360	s3-eth26	1492	4533
1787671348.342107360	s3-eth27	162883380	5120
1787671348.342107360	s3-eth28	1492	4533
1787671348.342107360	s3-eth29	1492	4533
1787671348.342107360	s3-eth3	2079	572880188
1787671348.342107360	s3-eth30	1492	4533
1787671348.342107360	s3-eth31	162952728	5120
1787671348.342107360	s3-eth32	1492	4533
1787671348.342107360	s3-eth33	1492	4533
1787671348.342107360	s3-eth34	1492	4533
1787671348.342107360	s3-eth4	1492	4533
1787671348.342107360	s3-eth5	1492	4533
1787671348.342107360	s3-eth6	1492	4533
1787671348.342107360	s3-eth7	2012	149305587
1787671348.342107360	s3-eth8	1492	4533
1787671348.342107360	s3-eth9	1492	4533
1787671348.342107360	s4-eth1	1030057586	11047
1787671348.342107360	s4-eth10	1492	4533
1787671348.342107360	s4-eth11	2146	158757975
1787671348.342107360	s4-eth12	1492	4443
1787671348.342107360	s4-eth13	1492	4533
1787671348.342107360	s4-eth14	1492	4533
1787671348.342107360	s4-eth15	2079	158557525
1787671348.342107360	s4-eth16	1492	4443
1787671348.342107360	s4-eth17	1492	4533
1787671348.342107360	s4-eth18	1492	4533
1787671348.342107360	s4-eth19	2079	32529621
1787671348.342107360	s4-eth2	6284	4660
1787671348.342107360	s4-eth20	1492	4330
1787671348.342107360	s4-eth21	1492	4533
1787671348.342107360	s4-eth22	1492	4533
1787671348.342107360	s4-eth23	2012	162635435
1787671348.342107360	s4-eth24	1402	4443
1787671348.342107360	s4-eth25	1402	4533
1787671348.342107360	s4-eth26	1492	4533
1787671348.342107360	s4-eth27	2079	162674447
1787671348.342107360	s4-eth28	1402	4533
1787671348.342107360	s4-eth29	1492	4330
1787671348.342107360	s4-eth3	2079	31820079
1787671348.342107360	s4-eth30	1402	4533
1787671348.342107360	s4-eth31	2079	162761009
1787671348.342107360	s4-eth32	1492	4533
1787671348.342107360	s4-eth33	1402	4533
1787671348.342107360	s4-eth34	1492	4443
1787671348.342107360	s4-eth4	1492	4533
1787671348.342107360	s4-eth5	1492	4533
1787671348.342107360	s4-eth6	1492	4533
1787671348.342107360	s4-eth7	2146	159076657
1787671348.342107360	s4-eth8	1492	4533
1787671348.342107360	s4-eth9	1492	4533
1787671348.342107360	s5-eth1	2195293074	8885
1787671348.342107360	s5-eth2	523296381	1054526123
1787671348.342107360	s5-eth3	9423	6284
1787671348.342107360	s5-eth4	6490	1576049728
1787671348.342107360	s6-eth1	6284	6284
1787671348.342107360	s6-eth2	6284	6214
1787671348.342107360	s6-eth3	6284	6284
1787671348.342107360	s6-eth4	6357	6284
1787671348.342107360	s7-eth1	523754783	1028791964
1787671348.342107360	s7-eth2	11047	1034712362
1787671348.342107360	s7-eth3	6284	9220
1787671348.342107360	s7-eth4	1558344435	6284
1787671348.342107360	s8-eth1	6284	6284
1787671348.342107360	s8-eth2	4660	6284
1787671348.342107360	s8-eth3	6284	4660
1787671348.342107360	s8-eth4	6357	6284
1787671348.342107360	s9-eth1	6284	9423
1787671348.342107360	s9-eth2	6284	6284
1787671348.342107360	s9-eth3	9220	6284
1787671348.342107360	s9-eth4	4660	6284
1787671355.115638923	s10-eth1	1592381820	6490
1787671355.115638923	s10-eth2	6284	6357
1787671355.115638923	s10-eth3	6284	1573315279
1787671355.115638923	s10-eth4	6284	6357
1787671355.115638923	s1-eth1	8885	2219494160
1787671355.115638923	s1-eth10	1492	4553
1787671355.115638923	s1-eth11	165275724	5120
1787671355.115638923	s1-eth12	1492	4533
1787671355.115638923	s1-eth13	1492	4533
1787671355.115638923	s1-eth14	1492	4533
1787671355.115638923	s1-eth15	165318984	5120
1787671355.115638923	s1-eth16	1492	4533
1787671355.115638923	s1-eth17	1492	4533
1787671355.115638923	s1-eth18	1492	4533
1787671355.115638923	s1-eth19	661421715	5120
1787671355.115638923	s1-eth2	6284	6284
1787671355.115638923	s1-eth20	1492	4533
1787671355.115638923	s1-eth21	1492	4533
1787671355.115638923	s1-eth22	1492	4314
1787671355.115638923	s1-eth23	165419846	5053
1787671355.115638923	s1-eth24	1492	4533
1787671355.115638923	s1-eth25	1492	4533
1787671355.115638923	s1-eth26	1492	4533
1787671355.115638923	s1-eth27	165467366	5053
1787671355.115638923	s1-eth28	1492	4533
1787671355.115638923	s1-eth29	1492	4533
1787671355.115638923	s1-eth3	662063667	5316
1787671355.115638923	s1-eth30	1492	4533
1787671355.115638923	s1-eth31	165542350	5158
1787671355.115638923	s1-eth32	1492	4533
1787671355.115638923	s1-eth33	1492	4533
1787671355.115638923	s1-eth34	1492	4533
1787671355.115638923	s1-eth4	1688	4729
1787671355.115638923	s1-eth5	1492	4533
1787671355.115638923	s1-eth6	1492	4533
1787671355.115638923	s1-eth7	165651942	5053
1787671355.115638923	s1-eth8	1492	4533
1787671355.115638923	s1-eth9	1492	4533
1787671355.115638923	s2-eth1	1069303766	530143024
1787671355.115638923	s2-eth10	1492	4533
1787671355.115638923	s2-eth11	165704076	5187
1787671355.115638923	s2-eth12	1492	4533
1787671355.115638923	s2-eth13	1492	4533
1787671355.115638923	s2-eth14	1492	4533
1787671355.115638923	s2-eth15	165737152	5053
1787671355.115638923	s2-eth16	1492	4533
1787671355.115638923	s2-eth17	1492	4533
1787671355.115638923	s2-eth18	1492	4533
1787671355.115638923	s2-eth19	2079	597202402
1787671355.115638923	s2-eth2	6241	6311
1787671355.115638923	s2-eth20	1492	4533
1787671355.115638923	s2-eth21	1492	4533
1787671355.115638923	s2-eth22	1492	4533
1787671355.115638923	s2-eth23	2012	155888383
1787671355.115638923	s2-eth24	1492	4533
1787671355.115638923	s2-eth25	1492	4533
1787671355.115638923	s2-eth26	1492	4533
1787671355.115638923	s2-eth27	2012	156077219
1787671355.115638923	s2-eth28	1492	4533
1787671355.115638923	s2-eth29	1492	4533
1787671355.115638923	s2-eth3	33220182	5120
1787671355.115638923	s2-eth30	1492	4533
1787671355.115638923	s2-eth31	2012	155788819
1787671355.115638923	s2-eth32	1492	4533
1787671355.115638923	s2-eth33	1492	4533
1787671355.115638923	s2-eth34	1492	4533
1787671355.115638923	s2-eth4	1492	4533
1787671355.115638923	s2-eth5	1492	4533
1787671355.115638923	s2-eth6	1492	4533
1787671355.115638923	s2-eth7	166361628	5187
1787671355.115638923	s2-eth8	1492	4533
1787671355.115638923	s2-eth9	1492	4638
1787671355.115638923	s3-eth1	1045850851	532439976
1787671355.115638923	s3-eth10	1492	4533
1787671355.115638923	s3-eth11	2079	152491043
1787671355.115638923	s3-eth12	1492	4533
1787671355.115638923	s3-eth13	1492	4533
1787671355.115638923	s3-eth14	1492	4533
1787671355.115638923	s3-eth15	2079	152554491
1787671355.115638923	s3-eth16	1492	4553
1787671355.115638923	s3-eth17	1492	4533
1787671355.115638923	s3-eth18	1492	4533
1787671355.115638923	s3-eth19	33334100	5120
1787671355.115638923	s3-eth2	6311	6311
1787671355.115638923	s3-eth20	1492	4533
1787671355.115638923	s3-eth21	1492	4533
1787671355.115638923	s3-eth22	1492	4533
1787671355.115638923	s3-eth23	166827172	5053
1787671355.115638923	s3-eth24	1492	4533
1787671355.115638923	s3-eth25	1492	4533
1787671355.115638923	s3-eth26	1492	4533
1787671355.115638923	s3-eth27	166933958	5120
1787671355.115638923	s3-eth28	1492	4533
1787671355.115638923	s3-eth29	1492	4533
1787671355.115638923	s3-eth3	2079	585838000
1787671355.115638923	s3-eth30	1492	4533
1787671355.115638923	s3-eth31	167046566	5120
1787671355.115638923	s3-eth32	1492	4533
1787671355.115638923	s3-eth33	1492	4533
1787671355.115638923	s3-eth34	1492	4533
1787671355.115638923	s3-eth4	1492	4533
1787671355.115638923	s3-eth5	1492	4533
1787671355.115638923	s3-eth6	1492	4533
1787671355.115638923	s3-eth7	2012	153282623
1787671355.115638923	s3-eth8	1492	4533
1787671355.115638923	s3-eth9	1492	4533
1787671355.115638923	s4-eth1	1058218431	11074
1787671355.115638923	s4-eth10	1492	4533
1787671355.115638923	s4-eth11	2146	163207987
1787671355.115638923	s4-eth12	1492	4443
1787671355.115638923	s4-eth13	1492	4533
1787671355.115638923	s4-eth14	1492	4533
1787671355.115638923	s4-eth15	2079	163128665
1787671355.115638923	s4-eth16	1492	4443
1787671355.115638923	s4-eth17	1492	4533
1787671355.115638923	s4-eth18	1492	4533
1787671355.115638923	s4-eth19	2079	33468363
1787671355.115638923	s4-eth2	6311	4687
1787671355.115638923	s4-eth20	1492	4330
1787671355.115638923	s4-eth21	1492	4533
1787671355.115638923	s4-eth22	1492	4533
1787671355.115638923	s4-eth23	2012	167474787
1787671355.115638923	s4-eth24	1402	4443
1787671355.115638923	s4-eth25	1402	4533
1787671355.115638923	s4-eth26	1492	4533
1787671355.115638923	s4-eth27	2079	167617623
1787671355.115638923	s4-eth28	1402	4533
1787671355.115638923	s4-eth29	1492	4330
1787671355.115638923	s4-eth3	2079	32802081
1787671355.115638923	s4-eth30	1402	4533
1787671355.115638923	s4-eth31	2079	167727257
1787671355.115638923	s4-eth32	1492	4533
1787671355.115638923	s4-eth33	1402	4533
1787671355.115638923	s4-eth34	1492	4443
1787671355.115638923	s4-eth4	1492	4533
1787671355.115638923	s4-eth5	1492	4533
1787671355.115638923	s4-eth6	1492	4533
1787671355.115638923	s4-eth7	2146	164052999
1787671355.115638923	s4-eth8	1492	4533
1787671355.115638923	s4-eth9	1492	4533
1787671355.115638923	s5-eth1	2256232021	8912
1787671355.115638923	s5-eth2	539494421	1083245049
1787671355.115638923	s5-eth3	9477	6338
1787671355.115638923	s5-eth4	6546	1621007016
1787671355.115638923	s6-eth1	6338	6338
1787671355.115638923	s6-eth2	6338	6268
1787671355.115638923	s6-eth3	6338	6338
1787671355.115638923	s6-eth4	6413	6338
1787671355.115638923	s7-eth1	539808623	1056456788
1787671355.115638923	s7-eth2	11101	1066416228
1787671355.115638923	s7-eth3	6338	9274
1787671355.115638923	s7-eth4	1601849631	6338
1787671355.115638923	s8-eth1	6338	6338
1787671355.115638923	s8-eth2	4714	6338
1787671355.115638923	s8-eth3	6338	4714
1787671355.115638923	s8-eth4	6413	6338
1787671355.115638923	s9-eth1	6338	9477
1787671355.115638923	s9-eth2	6338	6338
1787671355.115638923	s9-eth3	9274	6338
1787671355.115638923	s9-eth4	4714	6338
1787671362.894839081	s10-eth1	1636817104	6546
1787671362.894839081	s10-eth2	6338	6413
1787671362.894839081	s10-eth3	6338	1617535707
1787671362.894839081	s10-eth4	6338	6413
1787671362.894839081	s1-eth1	8939	2280187994
1787671362.894839081	s1-eth10	1492	4553
1787671362.894839081	s1-eth11	170331376	5120
1787671362.894839081	s1-eth12	1492	4533
1787671362.894839081	s1-eth13	1492	4533
1787671362.894839081	s1-eth14	1492	4533
1787671362.894839081	s1-eth15	170393382	5120
1787671362.894839081	s1-eth16	1492	4533
1787671362.894839081	s1-eth17	1492	4533
1787671362.894839081	s1-eth18	1492	4533
1787671362.894839081	s1-eth19	681815921	5120
1787671362.894839081	s1-eth2	6338	6338
1787671362.894839081	s1-eth20	1492	4533
1787671362.894839081	s1-eth21	1492	4533
1787671362.894839081	s1-eth22	1492	4314
1787671362.894839081	s1-eth23	170563460	5053
1787671362.894839081	s1-eth24	1492	4533
1787671362.894839081	s1-eth25	1492	4533
1787671362.894839081	s1-eth26	1492	4533
1787671362.894839081	s1-eth27	170635494	5053
1787671362.894839081	s1-eth28	1492	4533
1787671362.894839081	s1-eth29	1492	4533
1787671362.894839081	s1-eth3	682756367	5316
1787671362.894839081	s1-eth30	1492	4533
1787671362.894839081	s1-eth31	170729224	5158
1787671362.894839081	s1-eth32	1492	4533
1787671362.894839081	s1-eth33	1492	4533
1787671362.894839081	s1-eth34	1492	4533
1787671362.894839081	s1-eth4	1688	4729
1787671362.894839081	s1-eth5	1492	4533
1787671362.894839081	s1-eth6	1492	4533
1787671362.894839081	s1-eth7	170900822	5053
1787671362.894839081	s1-eth8	1492	4533
1787671362.894839081	s1-eth9	1492	4533
1787671362.894839081	s2-eth1	1099528113	547066363
1787671362.894839081	s2-eth10	1492	4533
1787671362.894839081	s2-eth11	171013520	5187
1787671362.894839081	s2-eth12	1492	4533
1787671362.894839081	s2-eth13	1492	4533
1787671362.894839081	s2-eth14	1492	4533
1787671362.894839081	s2-eth15	171063900	5053
1787671362.894839081	s2-eth16	1492	4533
1787671362.894839081	s2-eth17	1492	4533
1787671362.894839081	s2-eth18	1492	4533
1787671362.894839081	s2-eth19	2079	613119198
1787671362.894839081	s2-eth2	6268	6338
1787671362.894839081	s2-eth20	1492	4533
1787671362.894839081	s2-eth21	1492	4533
1787671362.894839081	s2-eth22	1492	4533
1787671362.894839081	s2-eth23	2012	160765227
1787671362.894839081	s2-eth24	1492	4533
1787671362.894839081	s2-eth25	1492	4533
1787671362.894839081	s2-eth26	1492	4533
1787671362.894839081	s2-eth27	2012	160995881
1787671362.894839081	s2-eth28	1492	4533
1787671362.894839081	s2-eth29	1492	4533
1787671362.894839081	s2-eth3	34297356	5120
1787671362.894839081	s2-eth30	1492	4533
1787671362.894839081	s2-eth31	2012	160765161
1787671362.894839081	s2-eth32	1492	4533
1787671362.894839081	s2-eth33	1492	4533
1787671362.894839081	s2-eth34	1492	4533
1787671362.894839081	s2-eth4	1492	4533
1787671362.894839081	s2-eth5	1492	4533
1787671362.894839081	s2-eth6	1492	4533
1787671362.894839081	s2-eth7	171724426	5187
1787671362.894839081	s2-eth8	1492	4533
1787671362.894839081	s2-eth9	1492	4638
1787671362.894839081	s3-eth1	1077632558	549746887
1787671362.894839081	s3-eth10	1492	4533
1787671362.894839081	s3-eth11	2079	157473153
1787671362.894839081	s3-eth12	1492	4533
1787671362.894839081	s3-eth13	1492	4533
1787671362.894839081	s3-eth14	1492	4533
1787671362.894839081	s3-eth15	2079	157480363
1787671362.894839081	s3-eth16	1492	4553
1787671362.894839081	s3-eth17	1492	4533
1787671362.894839081	s3-eth18	1492	4533
1787671362.894839081	s3-eth19	34396854	5120
1787671362.894839081	s3-eth2	6365	6365
1787671362.894839081	s3-eth20	1492	4533
1787671362.894839081	s3-eth21	1492	4533
1787671362.894839081	s3-eth22	1492	4533
1787671362.894839081	s3-eth23	172067400	5053
1787671362.894839081	s3-eth24	1492	4533
1787671362.894839081	s3-eth25	1492	4533
1787671362.894839081	s3-eth26	1492	4533
1787671362.894839081	s3-eth27	172158324	5120
1787671362.894839081	s3-eth28	1492	4533
1787671362.894839081	s3-eth29	1492	4533
1787671362.894839081	s3-eth3	2079	602790152
1787671362.894839081	s3-eth30	1492	4533
1787671362.894839081	s3-eth31	172243534	5120
1787671362.894839081	s3-eth32	1492	4533
1787671362.894839081	s3-eth33	1492	4533
1787671362.894839081	s3-eth34	1492	4533
1787671362.894839081	s3-eth4	1492	4533
1787671362.894839081	s3-eth5	1492	4533
1787671362.894839081	s3-eth6	1492	4533
1787671362.894839081	s3-eth7	2012	158068621
1787671362.894839081	s3-eth8	1492	4533
1787671362.894839081	s3-eth9	1492	4533
1787671362.894839081	s4-eth1	1089688693	11128
1787671362.894839081	s4-eth10	1492	4533
1787671362.894839081	s4-eth11	2146	168001195
1787671362.894839081	s4-eth12	1492	4443
1787671362.894839081	s4-eth13	1492	4533
1787671362.894839081	s4-eth14	1492	4533
1787671362.894839081	s4-eth15	2079	167852657
1787671362.894839081	s4-eth16	1492	4443
1787671362.894839081	s4-eth17	1492	4533
1787671362.894839081	s4-eth18	1492	4533
1787671362.894839081	s4-eth19	2079	34414315
1787671362.894839081	s4-eth2	6365	4741
1787671362.894839081	s4-eth20	1492	4330
1787671362.894839081	s4-eth21	1492	4533
1787671362.894839081	s4-eth22	1492	4533
1787671362.894839081	s4-eth23	2012	172103607
1787671362.894839081	s4-eth24	1402	4443
1787671362.894839081	s4-eth25	1402	4533
1787671362.894839081	s4-eth26	1492	4533
1787671362.894839081	s4-eth27	2079	172167133
1787671362.894839081	s4-eth28	1402	4533
1787671362.894839081	s4-eth29	1492	4330
1787671362.894839081	s4-eth3	2079	33680259
1787671362.894839081	s4-eth30	1402	4533
1787671362.894839081	s4-eth31	2079	172177269
1787671362.894839081	s4-eth32	1492	4533
1787671362.894839081	s4-eth33	1402	4533
1787671362.894839081	s4-eth34	1492	4443
1787671362.894839081	s4-eth4	1492	4533
1787671362.894839081	s4-eth5	1492	4533
1787671362.894839081	s4-eth6	1492	4533
1787671362.894839081	s4-eth7	2146	168319877
1787671362.894839081	s4-eth8	1492	4533
1787671362.894839081	s4-eth9	1492	4533
1787671362.894839081	s5-eth1	2316734069	8966
1787671362.894839081	s5-eth2	553314576	1113286262
1787671362.894839081	s5-eth3	9504	6365
1787671362.894839081	s5-eth4	6574	1664652057
1787671362.894839081	s6-eth1	6365	6365
1787671362.894839081	s6-eth2	6365	6295
1787671362.894839081	s6-eth3	6365	6365
1787671362.894839081	s6-eth4	6441	6365
1787671362.894839081	s7-eth1	553732602	1086529725
1787671362.894839081	s7-eth2	11128	1094349237
1787671362.894839081	s7-eth3	6365	9301
1787671362.894839081	s7-eth4	1646501189	6365
1787671362.894839081	s8-eth1	6365	6365
1787671362.894839081	s8-eth2	4741	6365
1787671362.894839081	s8-eth3	6365	4741
1787671362.894839081	s8-eth4	6441	6365
1787671362.894839081	s9-eth1	6365	9504
1787671362.894839081	s9-eth2	6365	6365
1787671362.894839081	s9-eth3	9301	6365
1787671362.894839081	s9-eth4	4741	6365
1787671369.742476451	s10-eth1	1681500385	6574
1787671369.742476451	s10-eth2	6365	6441
1787671369.742476451	s10-eth3	6365	1662175729
1787671369.742476451	s10-eth4	6365	6441
1787671369.742476451	s1-eth1	8966	2342385807
1787671369.742476451	s1-eth10	1492	4553
1787671369.742476451	s1-eth11	174768410	5120
1787671369.742476451	s1-eth12	1492	4533
1787671369.742476451	s1-eth13	1492	4533
1787671369.742476451	s1-eth14	1492	4533
1787671369.742476451	s1-eth15	174844836	5120
1787671369.742476451	s1-eth16	1492	4533
1787671369.742476451	s1-eth17	1492	4533
1787671369.742476451	s1-eth18	1492	4533
1787671369.742476451	s1-eth19	699605875	5120
1787671369.742476451	s1-eth2	6365	6365
1787671369.742476451	s1-eth20	1492	4533
1787671369.742476451	s1-eth21	1492	4533
1787671369.742476451	s1-eth22	1492	4314
1787671369.742476451	s1-eth23	175023566	5123
1787671369.742476451	s1-eth24	1492	4533
1787671369.742476451	s1-eth25	1492	4533
1787671369.742476451	s1-eth26	1492	4533
1787671369.742476451	s1-eth27	175068202	5053
1787671369.742476451	s1-eth28	1492	4533
1787671369.742476451	s1-eth29	1492	4533
1787671369.742476451	s1-eth3	700429519	5316
1787671369.742476451	s1-eth30	1492	4603
1787671369.742476451	s1-eth31	175190772	5158
1787671369.742476451	s1-eth32	1492	4533
1787671369.742476451	s1-eth33	1492	4533
1787671369.742476451	s1-eth34	1492	4533
1787671369.742476451	s1-eth4	1688	4729
1787671369.742476451	s1-eth5	1492	4533
1787671369.742476451	s1-eth6	1492	4533
1787671369.742476451	s1-eth7	175334972	5053
1787671369.742476451	s1-eth8	1492	4533
1787671369.742476451	s1-eth9	1492	4533
1787671369.742476451	s2-eth1	1129709227	561265791
1787671369.742476451	s2-eth10	1492	4533
1787671369.742476451	s2-eth11	175444786	5187
1787671369.742476451	s2-eth12	1492	4533
1787671369.742476451	s2-eth13	1492	4533
1787671369.742476451	s2-eth14	1492	4533
1787671369.742476451	s2-eth15	175522564	5053
1787671369.742476451	s2-eth16	1492	4533
1787671369.742476451	s2-eth17	1492	4533
1787671369.742476451	s2-eth18	1492	4533
1787671369.742476451	s2-eth19	2079	630045394
1787671369.742476451	s2-eth2	6322	6392
1787671369.742476451	s2-eth20	1492	4533
1787671369.742476451	s2-eth21	1492	4533
1787671369.742476451	s2-eth22	1492	4533
1787671369.742476451	s2-eth23	2012	165114299
1787671369.742476451	s2-eth24	1492	4533
1787671369.742476451	s2-eth25	1492	4533
1787671369.742476451	s2-eth26	1492	4533
1787671369.742476451	s2-eth27	2012	165300251
1787671369.742476451	s2-eth28	1492	4533
1787671369.742476451	s2-eth29	1492	4533
1787671369.742476451	s2-eth3	35184186	5120
1787671369.742476451	s2-eth30	1492	4533
1787671369.742476451	s2-eth31	2012	164985895
1787671369.742476451	s2-eth32	1492	4533
1787671369.742476451	s2-eth33	1492	4533
1787671369.742476451	s2-eth34	1492	4533
1787671369.742476451	s2-eth4	1492	4533
1787671369.742476451	s2-eth5	1492	4533
1787671369.742476451	s2-eth6	1492	4533
1787671369.742476451	s2-eth7	176142714	5187
1787671369.742476451	s2-eth8	1492	4533
1787671369.742476451	s2-eth9	1492	4638
1787671369.742476451	s3-eth1	1105151740	563735783
1787671369.742476451	s3-eth10	1492	4533
1787671369.742476451	s3-eth11	2079	161519405
1787671369.742476451	s3-eth12	1492	4533
1787671369.742476451	s3-eth13	1492	4533
1787671369.742476451	s3-eth14	1492	4533
1787671369.742476451	s3-eth15	2079	161555455
1787671369.742476451	s3-eth16	1492	4553
1787671369.742476451	s3-eth17	1492	4533
1787671369.742476451	s3-eth18	1492	4533
1787671369.742476451	s3-eth19	35296662	5120
1787671369.742476451	s3-eth2	6392	6392
1787671369.742476451	s3-eth20	1492	4533
1787671369.742476451	s3-eth21	1492	4533
1787671369.742476451	s3-eth22	1492	4533
1787671369.742476451	s3-eth23	176602490	5053
1787671369.742476451	s3-eth24	1492	4533
1787671369.742476451	s3-eth25	1492	4533
1787671369.742476451	s3-eth26	1492	4533
1787671369.742476451	s3-eth27	176635734	5120
1787671369.742476451	s3-eth28	1492	4533
1787671369.742476451	s3-eth29	1492	4533
1787671369.742476451	s3-eth3	2079	617228898
1787671369.742476451	s3-eth30	1492	4533
1787671369.742476451	s3-eth31	176648844	5120
1787671369.742476451	s3-eth32	1492	4533
1787671369.742476451	s3-eth33	1492	4533
1787671369.742476451	s3-eth34	1492	4533
1787671369.742476451	s3-eth4	1492	4533
1787671369.742476451	s3-eth5	1492	4533
1787671369.742476451	s3-eth6	1492	4533
1787671369.742476451	s3-eth7	2012	161915877
1787671369.742476451	s3-eth8	1492	4533
1787671369.742476451	s3-eth9	1492	4533
1787671369.742476451	s4-eth1	1117545276	11155
1787671369.742476451	s4-eth10	1492	4533
1787671369.742476451	s4-eth11	2146	172232023
1787671369.742476451	s4-eth12	1492	4443
1787671369.742476451	s4-eth13	1492	4533
1787671369.742476451	s4-eth14	1492	4533
1787671369.742476451	s4-eth15	2079	172109441
1787671369.742476451	s4-eth16	1492	4443
1787671369.742476451	s4-eth17	1492	4533
1787671369.742476451	s4-eth18	1492	4533
1787671369.742476451	s4-eth19	2079	35340079
1787671369.742476451	s4-eth2	6392	4768
1787671369.742476451	s4-eth20	1492	4330
1787671369.742476451	s4-eth21	1492	4533
1787671369.742476451	s4-eth22	1492	4533
1787671369.742476451	s4-eth23	2012	176854997
1787671369.742476451	s4-eth24	1402	4443
1787671369.742476451	s4-eth25	1402	4533
1787671369.742476451	s4-eth26	1492	4533
1787671369.742476451	s4-eth27	2079	176983413
1787671369.742476451	s4-eth28	1402	4533
1787671369.742476451	s4-eth29	1492	4330
1787671369.742476451	s4-eth3	2079	34595929
1787671369.742476451	s4-eth30	1402	4533
1787671369.742476451	s4-eth31	2079	177044019
1787671369.742476451	s4-eth32	1492	4533
1787671369.742476451	s4-eth33	1402	4533
1787671369.742476451	s4-eth34	1492	4443
1787671369.742476451	s4-eth4	1492	4533
1787671369.742476451	s4-eth5	1492	4533
1787671369.742476451	s4-eth6	1492	4533
1787671369.742476451	s4-eth7	2146	172850641
1787671369.742476451	s4-eth8	1492	4533
1787671369.742476451	s4-eth9	1492	4533
1787671369.742476451	s5-eth1	2383154058	8993
1787671369.742476451	s5-eth2	569064127	1140005107
1787671369.742476451	s5-eth3	9531	6392
1787671369.742476451	s5-eth4	6602	1706850772
1787671369.742476451	s6-eth1	6392	6392
1787671369.742476451	s6-eth2	6392	6322
1787671369.742476451	s6-eth3	6392	6392
1787671369.742476451	s6-eth4	6469	6392
1787671369.742476451	s7-eth1	569523971	1112764058
1787671369.742476451	s7-eth2	11155	1124997532
1787671369.742476451	s7-eth3	6392	9328
1787671369.742476451	s7-eth4	1688470627	6392
1787671369.742476451	s8-eth1	6392	6392
1787671369.742476451	s8-eth2	4768	6392
1787671369.742476451	s8-eth3	6392	4768
1787671369.742476451	s8-eth4	6469	6392
1787671369.742476451	s9-eth1	6392	9531
1787671369.742476451	s9-eth2	6392	6392
1787671369.742476451	s9-eth3	9328	6392
1787671369.742476451	s9-eth4	4768	6392
1787671377.326214091	s10-eth1	1723768343	6630
1787671377.326214091	s10-eth2	6419	6497
1787671377.326214091	s10-eth3	6419	1703565511
1787671377.326214091	s10-eth4	6419	6497
1787671377.326214091	s1-eth1	9020	2408117989
1787671377.326214091	s1-eth10	1492	4553
1787671377.326214091	s1-eth11	179687072	5120
1787671377.326214091	s1-eth12	1492	4533
1787671377.326214091	s1-eth13	1492	4533
1787671377.326214091	s1-eth14	1492	4533
1787671377.326214091	s1-eth15	179816852	5120
1787671377.326214091	s1-eth16	1492	4533
1787671377.326214091	s1-eth17	1492	4533
1787671377.326214091	s1-eth18	1492	4533
1787671377.326214091	s1-eth19	719679957	5120
1787671377.326214091	s1-eth2	6419	6419
1787671377.326214091	s1-eth20	1492	4533
1787671377.326214091	s1-eth21	1492	4533
1787671377.326214091	s1-eth22	1492	4314
1787671377.326214091	s1-eth23	180084986	5123
1787671377.326214091	s1-eth24	1492	4533
1787671377.326214091	s1-eth25	1492	4533
1787671377.326214091	s1-eth26	1492	4533
1787671377.326214091	s1-eth27	180207490	5053
1787671377.326214091	s1-eth28	1492	4533
1787671377.326214091	s1-eth29	1492	4533
1787671377.326214091	s1-eth3	721306795	5316
1787671377.326214091	s1-eth30	1492	4603
1787671377.326214091	s1-eth31	180394950	5158
1787671377.326214091	s1-eth32	1492	4533
1787671377.326214091	s1-eth33	1492	4533
1787671377.326214091	s1-eth34	1492	4533
1787671377.326214091	s1-eth4	1688	4729
1787671377.326214091	s1-eth5	1492	4533
1787671377.326214091	s1-eth6	1492	4533
1787671377.326214091	s1-eth7	180598272	5053
1787671377.326214091	s1-eth8	1492	4533
1787671377.326214091	s1-eth9	1492	4533
1787671377.326214091	s2-eth1	1159428874	578207876
1787671377.326214091	s2-eth10	1492	4533
1787671377.326214091	s2-eth11	180758556	5187
1787671377.326214091	s2-eth12	1492	4533
1787671377.326214091	s2-eth13	1492	4533
1787671377.326214091	s2-eth14	1492	4533
1787671377.326214091	s2-eth15	180850754	5053
1787671377.326214091	s2-eth16	1492	4533
1787671377.326214091	s2-eth17	1492	4533
1787671377.326214091	s2-eth18	1492	4533
1787671377.326214091	s2-eth19	2079	646357298
1787671377.326214091	s2-eth2	6349	6419
1787671377.326214091	s2-eth20	1492	4533
1787671377.326214091	s2-eth21	1492	4533
1787671377.326214091	s2-eth22	1492	4533
1787671377.326214091	s2-eth23	2012	169655157
1787671377.326214091	s2-eth24	1492	4533
1787671377.326214091	s2-eth25	1492	4533
1787671377.326214091	s2-eth26	1492	4533
1787671377.326214091	s2-eth27	2012	169839667
1787671377.326214091	s2-eth28	1492	4533
1787671377.326214091	s2-eth29	1492	4533
1787671377.326214091	s2-eth3	36238288	5120
1787671377.326214091	s2-eth30	1562	4533
1787671377.326214091	s2-eth31	2012	169554151
1787671377.326214091	s2-eth32	1492	4533
1787671377.326214091	s2-eth33	1492	4533
1787671377.326214091	s2-eth34	1492	4533
1787671377.326214091	s2-eth4	1492	4533
1787671377.326214091	s2-eth5	1492	4533
1787671377.326214091	s2-eth6	1492	4533
1787671377.326214091	s2-eth7	181395920	5187
1787671377.326214091	s2-eth8	1492	4533
1787671377.326214091	s2-eth9	1492	4638
1787671377.326214091	s3-eth1	1135475585	580605768
1787671377.326214091	s3-eth10	1492	4533
1787671377.326214091	s3-eth11	2079	166021329
1787671377.326214091	s3-eth12	1492	4533
1787671377.326214091	s3-eth13	1492	4533
1787671377.326214091	s3-eth14	1492	4533
1787671377.326214091	s3-eth15	2079	166054495
1787671377.326214091	s3-eth16	1492	4553
1787671377.326214091	s3-eth17	1492	4533
1787671377.326214091	s3-eth18	1492	4533
1787671377.326214091	s3-eth19	36333460	5190
1787671377.326214091	s3-eth2	6446	6446
1787671377.326214091	s3-eth20	1492	4533
1787671377.326214091	s3-eth21	1492	4533
1787671377.326214091	s3-eth22	1492	4533
1787671377.326214091	s3-eth23	181823972	5053
1787671377.326214091	s3-eth24	1492	4533
1787671377.326214091	s3-eth25	1492	4533
1787671377.326214091	s3-eth26	1492	4533
1787671377.326214091	s3-eth27	181935084	5120
1787671377.326214091	s3-eth28	1492	4533
1787671377.326214091	s3-eth29	1492	4533
1787671377.326214091	s3-eth3	2079	634537224
1787671377.326214091	s3-eth30	1492	4533
1787671377.326214091	s3-eth31	182018852	5120
1787671377.326214091	s3-eth32	1492	4533
1787671377.326214091	s3-eth33	1492	4533
1787671377.326214091	s3-eth34	1492	4533
1787671377.326214091	s3-eth4	1492	4533
1787671377.326214091	s3-eth5	1492	4533
1787671377.326214091	s3-eth6	1492	4533
1787671377.326214091	s3-eth7	2012	166879241
1787671377.326214091	s3-eth8	1492	4533
1787671377.326214091	s3-eth9	1492	4533
1787671377.326214091	s4-eth1	1152068252	11209
1787671377.326214091	s4-eth10	1492	4533
1787671377.326214091	s4-eth11	2146	177538583
1787671377.326214091	s4-eth12	1492	4443
1787671377.326214091	s4-eth13	1492	4533
1787671377.326214091	s4-eth14	1492	4533
1787671377.326214091	s4-eth15	2079	177352553
1787671377.326214091	s4-eth16	1492	4443
1787671377.326214091	s4-eth17	1492	4533
1787671377.326214091	s4-eth18	1492	4533
1787671377.326214091	s4-eth19	2079	36381203
1787671377.326214091	s4-eth2	6446	4822
1787671377.326214091	s4-eth20	1492	4330
1787671377.326214091	s4-eth21	1492	4533
1787671377.326214091	s4-eth22	1492	4533
1787671377.326214091	s4-eth23	2012	181907765
1787671377.326214091	s4-eth24	1402	4443
1787671377.326214091	s4-eth25	1402	4533
1787671377.326214091	s4-eth26	1492	4533
1787671377.326214091	s4-eth27	2079	181987153
1787671377.326214091	s4-eth28	1402	4533
1787671377.326214091	s4-eth29	1492	4330
1787671377.326214091	s4-eth3	2079	35589467
1787671377.326214091	s4-eth30	1402	4533
1787671377.326214091	s4-eth31	2079	182017477
1787671377.326214091	s4-eth32	1492	4533
1787671377.326214091	s4-eth33	1402	4533
1787671377.326214091	s4-eth34	1492	4443
1787671377.326214091	s4-eth4	1492	4533
1787671377.326214091	s4-eth5	1492	4533
1787671377.326214091	s4-eth6	1492	4533
1787671377.326214091	s4-eth7	2146	177808237
1787671377.326214091	s4-eth8	1492	4533
1787671377.326214091	s4-eth9	1492	4533
1787671377.326214091	s5-eth1	2450825730	9047
1787671377.326214091	s5-eth2	585177089	1174042129
1787671377.326214091	s5-eth3	9585	6446
1787671377.326214091	s5-eth4	6658	1757238632
1787671377.326214091	s6-eth1	6446	6446
1787671377.326214091	s6-eth2	6446	6376
1787671377.326214091	s6-eth3	6446	6446
1787671377.326214091	s6-eth4	6525	6446
1787671377.326214091	s7-eth1	585863327	1146211302
1787671377.326214091	s7-eth2	11209	1157426724
1787671377.326214091	s7-eth3	6446	9382
1787671377.326214091	s7-eth4	1738580183	6446
1787671377.326214091	s8-eth1	6446	6446
1787671377.326214091	s8-eth2	4822	6446
1787671377.326214091	s8-eth3	6446	4822
1787671377.326214091	s8-eth4	6525	6446
1787671377.326214091	s9-eth1	6446	9585
1787671377.326214091	s9-eth2	6446	6446
1787671377.326214091	s9-eth3	9382	6446
1787671377.326214091	s9-eth4	4822	6446
1787671385.523446959	s10-eth1	1774936325	6686
1787671385.523446959	s10-eth2	6473	6553
1787671385.523446959	s10-eth3	6473	1754316757
1787671385.523446959	s10-eth4	6473	6553
1787671385.523446959	s1-eth1	9074	2478813535
1787671385.523446959	s1-eth10	1492	4553
1787671385.523446959	s1-eth11	184970560	5190
1787671385.523446959	s1-eth12	1492	4533
1787671385.523446959	s1-eth13	1492	4533
1787671385.523446959	s1-eth14	1492	4533
1787671385.523446959	s1-eth15	185061406	5120
1787671385.523446959	s1-eth16	1492	4533
1787671385.523446959	s1-eth17	1492	4533
1787671385.523446959	s1-eth18	1492	4533
1787671385.523446959	s1-eth19	740691339	5120
1787671385.523446959	s1-eth2	6473	6473
1787671385.523446959	s1-eth20	1492	4533
1787671385.523446959	s1-eth21	1492	4533
1787671385.523446959	s1-eth22	1492	4314
1787671385.523446959	s1-eth23	185318004	5123
1787671385.523446959	s1-eth24	1492	4533
1787671385.523446959	s1-eth25	1492	4533
1787671385.523446959	s1-eth26	1492	4533
1787671385.523446959	s1-eth27	185400132	5053
1787671385.523446959	s1-eth28	1492	4533
1787671385.523446959	s1-eth29	1492	4533
1787671385.523446959	s1-eth3	742116297	5316
1787671385.523446959	s1-eth30	1492	4603
1787671385.523446959	s1-eth31	185599128	5158
1787671385.523446959	s1-eth32	1492	4533
1787671385.523446959	s1-eth33	1492	4533
1787671385.523446959	s1-eth34	1492	4533
1787671385.523446959	s1-eth4	1688	4729
1787671385.523446959	s1-eth5	1492	4533
1787671385.523446959	s1-eth6	1492	4533
1787671385.523446959	s1-eth7	185936556	5053
1787671385.523446959	s1-eth8	1492	4533
1787671385.523446959	s1-eth9	1492	4533
1787671385.523446959	s2-eth1	1192991478	595400896
1787671385.523446959	s2-eth10	1492	4533
1787671385.523446959	s2-eth11	186226620	5187
1787671385.523446959	s2-eth12	1492	4533
1787671385.523446959	s2-eth13	1492	4533
1787671385.523446959	s2-eth14	1492	4533
1787671385.523446959	s2-eth15	186406780	5053
1787671385.523446959	s2-eth16	1492	4533
1787671385.523446959	s2-eth17	1492	4533
1787671385.523446959	s2-eth18	1492	4533
1787671385.523446959	s2-eth19	2079	663160924
1787671385.523446959	s2-eth2	6403	6473
1787671385.523446959	s2-eth20	1492	4533
1787671385.523446959	s2-eth21	1492	4533
1787671385.523446959	s2-eth22	1492	4533
1787671385.523446959	s2-eth23	2012	174804539
1787671385.523446959	s2-eth24	1492	4533
1787671385.523446959	s2-eth25	1492	4533
1787671385.523446959	s2-eth26	1492	4533
1787671385.523446959	s2-eth27	2082	174971745
1787671385.523446959	s2-eth28	1492	4533
1787671385.523446959	s2-eth29	1492	4533
1787671385.523446959	s2-eth3	37391888	5120
1787671385.523446959	s2-eth30	1562	4533
1787671385.523446959	s2-eth31	2012	174631433
1787671385.523446959	s2-eth32	1492	4533
1787671385.523446959	s2-eth33	1492	4533
1787671385.523446959	s2-eth34	1492	4533
1787671385.523446959	s2-eth4	1492	4533
1787671385.523446959	s2-eth5	1492	4533
1787671385.523446959	s2-eth6	1492	4533
1787671385.523446959	s2-eth7	187035582	5187
1787671385.523446959	s2-eth8	1492	4533
1787671385.523446959	s2-eth9	1492	4638
1787671385.523446959	s3-eth1	1166715127	598508252
1787671385.523446959	s3-eth10	1492	4533
1787671385.523446959	s3-eth11	2079	171019301
1787671385.523446959	s3-eth12	1492	4533
1787671385.523446959	s3-eth13	1492	4533
1787671385.523446959	s3-eth14	1492	4533
1787671385.523446959	s3-eth15	2079	170987577
1787671385.523446959	s3-eth16	1492	4553
1787671385.523446959	s3-eth17	1492	4533
1787671385.523446959	s3-eth18	1492	4533
1787671385.523446959	s3-eth19	37425054	5190
1787671385.523446959	s3-eth2	6473	6473
1787671385.523446959	s3-eth20	1492	4533
1787671385.523446959	s3-eth21	1492	4533
1787671385.523446959	s3-eth22	1492	4533
1787671385.523446959	s3-eth23	187152162	5053
1787671385.523446959	s3-eth24	1492	4533
1787671385.523446959	s3-eth25	1492	4533
1787671385.523446959	s3-eth26	1492	4533
1787671385.523446959	s3-eth27	187189732	5120
1787671385.523446959	s3-eth28	1492	4533
1787671385.523446959	s3-eth29	1492	4533
1787671385.523446959	s3-eth3	2079	649672456
1787671385.523446959	s3-eth30	1492	4533
1787671385.523446959	s3-eth31	187225914	5120
1787671385.523446959	s3-eth32	1492	4533
1787671385.523446959	s3-eth33	1492	4533
1787671385.523446959	s3-eth34	1492	4533
1787671385.523446959	s3-eth4	1492	4533
1787671385.523446959	s3-eth5	1492	4533
1787671385.523446959	s3-eth6	1492	4533
1787671385.523446959	s3-eth7	2012	171414331
1787671385.523446959	s3-eth8	1492	4533
1787671385.523446959	s3-eth9	1492	4533
1787671385.523446959	s4-eth1	1183444757	11236
1787671385.523446959	s4-eth10	1492	4533
1787671385.523446959	s4-eth11	2146	182308719
1787671385.523446959	s4-eth12	1492	4443
1787671385.523446959	s4-eth13	1492	4533
1787671385.523446959	s4-eth14	1492	4533
1787671385.523446959	s4-eth15	2079	182122689
1787671385.523446959	s4-eth16	1492	4443
1787671385.523446959	s4-eth17	1492	4533
1787671385.523446959	s4-eth18	1492	4533
1787671385.523446959	s4-eth19	2079	37380509
1787671385.523446959	s4-eth2	6473	4849
1787671385.523446959	s4-eth20	1492	4330
1787671385.523446959	s4-eth21	1492	4533
1787671385.523446959	s4-eth22	1492	4533
1787671385.523446959	s4-eth23	2012	186882665
1787671385.523446959	s4-eth24	1402	4443
1787671385.523446959	s4-eth25	1402	4533
1787671385.523446959	s4-eth26	1492	4533
1787671385.523446959	s4-eth27	2079	186921677
1787671385.523446959	s4-eth28	1402	4533
1787671385.523446959	s4-eth29	1492	4330
1787671385.523446959	s4-eth3	2079	36522441
1787671385.523446959	s4-eth30	1402	4533
1787671385.523446959	s4-eth31	2079	186856829
1787671385.523446959	s4-eth32	1492	4533
1787671385.523446959	s4-eth33	1402	4533
1787671385.523446959	s4-eth34	1492	4443
1787671385.523446959	s4-eth4	1492	4533
1787671385.523446959	s4-eth5	1492	4533
1787671385.523446959	s4-eth6	1492	4533
1787671385.523446959	s4-eth7	2146	182321697
1787671385.523446959	s4-eth8	1492	4533
1787671385.523446959	s4-eth9	1492	4533
1787671385.523446959	s5-eth1	2506488399	9074
1787671385.523446959	s5-eth2	600145076	1200368750
1787671385.523446959	s5-eth3	9612	6473
1787671385.523446959	s5-eth4	6686	1798129453
1787671385.523446959	s6-eth1	6473	6473
1787671385.523446959	s6-eth2	6473	6403
1787671385.523446959	s6-eth3	6473	6473
1787671385.523446959	s6-eth4	6553	6473
1787671385.523446959	s7-eth1	600355454	1170475863
1787671385.523446959	s7-eth2	11236	1185418855
1787671385.523446959	s7-eth3	6473	9409
1787671385.523446959	s7-eth4	1776954715	6473
1787671385.523446959	s8-eth1	6473	6473
1787671385.523446959	s8-eth2	4849	6473
1787671385.523446959	s8-eth3	6473	4849
1787671385.523446959	s8-eth4	6553	6473
1787671385.523446959	s9-eth1	6473	9612
1787671385.523446959	s9-eth2	6473	6473
1787671385.523446959	s9-eth3	9409	6473
1787671385.523446959	s9-eth4	4849	6473
1787671392.162254987	s10-eth1	1812429794	6714
1787671392.162254987	s10-eth2	6500	6581
1787671392.162254987	s10-eth3	6500	1790932049
1787671392.162254987	s10-eth4	6500	6581
1787671392.162254987	s1-eth1	9101	2528181874
1787671392.162254987	s1-eth10	1492	4553
1787671392.162254987	s1-eth11	189158128	5190
1787671392.162254987	s1-eth12	1492	4533
1787671392.162254987	s1-eth13	1492	4533
1787671392.162254987	s1-eth14	1492	4533
1787671392.162254987	s1-eth15	189215808	5120
1787671392.162254987	s1-eth16	1492	4533
1787671392.162254987	s1-eth17	1492	4533
1787671392.162254987	s1-eth18	1492	4533
1787671392.162254987	s1-eth19	757019105	5120
1787671392.162254987	s1-eth2	6500	6500
1787671392.162254987	s1-eth20	1492	4533
1787671392.162254987	s1-eth21	1492	4533
1787671392.162254987	s1-eth22	1492	4314
1787671392.162254987	s1-eth23	189344068	5123
1787671392.162254987	s1-eth24	1492	4533
1787671392.162254987	s1-eth25	1492	4533
1787671392.162254987	s1-eth26	1492	4533
1787671392.162254987	s1-eth27	189394472	5053
1787671392.162254987	s1-eth28	1492	4533
1787671392.162254987	s1-eth29	1492	4533
1787671392.162254987	s1-eth3	757808141	5316
1787671392.162254987	s1-eth30	1492	4603
1787671392.162254987	s1-eth31	189475224	5158
1787671392.162254987	s1-eth32	1492	4533
1787671392.162254987	s1-eth33	1492	4533
1787671392.162254987	s1-eth34	1492	4533
1787671392.162254987	s1-eth4	1688	4729
1787671392.162254987	s1-eth5	1492	4533
1787671392.162254987	s1-eth6	1492	4533
1787671392.162254987	s1-eth7	189571838	5053
1787671392.162254987	s1-eth8	1492	4533
1787671392.162254987	s1-eth9	1492	4533
1787671392.162254987	s2-eth1	1213873107	606746579
1787671392.162254987	s2-eth10	1492	4533
1787671392.162254987	s2-eth11	189651370	5187
1787671392.162254987	s2-eth12	1492	4533
1787671392.162254987	s2-eth13	1492	4533
1787671392.162254987	s2-eth14	1492	4533
1787671392.162254987	s2-eth15	189670026	5053
1787671392.162254987	s2-eth16	1492	4533
1787671392.162254987	s2-eth17	1492	4533
1787671392.162254987	s2-eth18	1492	4533
1787671392.162254987	s2-eth19	2079	674590216
1787671392.162254987	s2-eth2	6430	6500
1787671392.162254987	s2-eth20	1492	4533
1787671392.162254987	s2-eth21	1492	4533
1787671392.162254987	s2-eth22	1492	4533
1787671392.162254987	s2-eth23	2012	177770733
1787671392.162254987	s2-eth24	1492	4533
1787671392.162254987	s2-eth25	1492	4533
1787671392.162254987	s2-eth26	1492	4533
1787671392.162254987	s2-eth27	2082	177935055
1787671392.162254987	s2-eth28	1492	4533
1787671392.162254987	s2-eth29	1492	4533
1787671392.162254987	s2-eth3	37996086	5120
1787671392.162254987	s2-eth30	1562	4533
1787671392.162254987	s2-eth31	2012	177544273
1787671392.162254987	s2-eth32	1492	4533
1787671392.162254987	s2-eth33	1492	4533
1787671392.162254987	s2-eth34	1492	4533
1787671392.162254987	s2-eth4	1492	4533
1787671392.162254987	s2-eth5	1492	4533
1787671392.162254987	s2-eth6	1492	4533
1787671392.162254987	s2-eth7	190083970	5187
1787671392.162254987	s2-eth8	1492	4533
1787671392.162254987	s2-eth9	1492	4638
1787671392.162254987	s3-eth1	1186601776	608296575
1787671392.162254987	s3-eth10	1492	4533
1787671392.162254987	s3-eth11	2079	173887439
1787671392.162254987	s3-eth12	1492	4533
1787671392.162254987	s3-eth13	1492	4533
1787671392.162254987	s3-eth14	1492	4533
1787671392.162254987	s3-eth15	2079	173930699
1787671392.162254987	s3-eth16	1492	4553
1787671392.162254987	s3-eth17	1492	4533
1787671392.162254987	s3-eth18	1492	4533
1787671392.162254987	s3-eth19	38050882	5190
1787671392.162254987	s3-eth2	6500	6500
1787671392.162254987	s3-eth20	1492	4533
1787671392.162254987	s3-eth21	1492	4533
1787671392.162254987	s3-eth22	1492	4533
1787671392.162254987	s3-eth23	190350518	5053
1787671392.162254987	s3-eth24	1492	4533
1787671392.162254987	s3-eth25	1492	4533
1787671392.162254987	s3-eth26	1492	4533
1787671392.162254987	s3-eth27	190448652	5120
1787671392.162254987	s3-eth28	1492	4533
1787671392.162254987	s3-eth29	1492	4533
1787671392.162254987	s3-eth3	2079	661665570
1787671392.162254987	s3-eth30	1492	4533
1787671392.162254987	s3-eth31	190559818	5120
1787671392.162254987	s3-eth32	1492	4533
1787671392.162254987	s3-eth33	1492	4533
1787671392.162254987	s3-eth34	1492	4533
1787671392.162254987	s3-eth4	1492	4533
1787671392.162254987	s3-eth5	1492	4533
1787671392.162254987	s3-eth6	1492	4533
1787671392.162254987	s3-eth7	2012	174556449
1787671392.162254987	s3-eth8	1492	4533
1787671392.162254987	s3-eth9	1492	4533
1787671392.162254987	s4-eth1	1205014220	11263
1787671392.162254987	s4-eth10	1492	4533
1787671392.162254987	s4-eth11	2146	185582059
1787671392.162254987	s4-eth12	1492	4443
1787671392.162254987	s4-eth13	1492	4533
1787671392.162254987	s4-eth14	1492	4533
1787671392.162254987	s4-eth15	2079	185436405
1787671392.162254987	s4-eth16	1492	4443
1787671392.162254987	s4-eth17	1492	4533
1787671392.162254987	s4-eth18	1492	4533
1787671392.162254987	s4-eth19	2079	38101509
1787671392.162254987	s4-eth2	6500	4876
1787671392.162254987	s4-eth20	1492	4330
1787671392.162254987	s4-eth21	1492	4533
1787671392.162254987	s4-eth22	1492	4533
1787671392.162254987	s4-eth23	2012	190559765
1787671392.162254987	s4-eth24	1402	4443
1787671392.162254987	s4-eth25	1402	4533
1787671392.162254987	s4-eth26	1492	4533
1787671392.162254987	s4-eth27	2079	190656457
1787671392.162254987	s4-eth28	1402	4533
1787671392.162254987	s4-eth29	1492	4330
1787671392.162254987	s4-eth3	2079	37234789
1787671392.162254987	s4-eth30	1402	4533
1787671392.162254987	s4-eth31	2079	190675245
1787671392.162254987	s4-eth32	1492	4533
1787671392.162254987	s4-eth33	1402	4533
1787671392.162254987	s4-eth34	1492	4443
1787671392.162254987	s4-eth4	1492	4533
1787671392.162254987	s4-eth5	1492	4533
1787671392.162254987	s4-eth6	1492	4533
1787671392.162254987	s4-eth7	2146	186134345
1787671392.162254987	s4-eth8	1492	4533
1787671392.162254987	s4-eth9	1492	4533
1787671392.162254987	s5-eth1	2561431537	9128
1787671392.162254987	s5-eth2	612785702	1224734278
1787671392.162254987	s5-eth3	9666	6527
1787671392.162254987	s5-eth4	6742	1835105271
1787671392.162254987	s6-eth1	6527	6527
1787671392.162254987	s6-eth2	6527	6457
1787671392.162254987	s6-eth3	6527	6527
1787671392.162254987	s6-eth4	6609	6527
1787671392.162254987	s7-eth1	612984544	1194094435
1787671392.162254987	s7-eth2	11290	1210304945
1787671392.162254987	s7-eth3	6527	9463
1787671392.162254987	s7-eth4	1813593107	6527
1787671392.162254987	s8-eth1	6527	6527
1787671392.162254987	s8-eth2	4903	6527
1787671392.162254987	s8-eth3	6527	4903
1787671392.162254987	s8-eth4	6609	6527
1787671392.162254987	s9-eth1	6527	9666
1787671392.162254987	s9-eth2	6527	6527
1787671392.162254987	s9-eth3	9463	6527
1787671392.162254987	s9-eth4	4903	6527
1787671398.558857057	s10-eth1	1851127333	6742
1787671398.558857057	s10-eth2	6527	6609
1787671398.558857057	s10-eth3	6527	1829492599
1787671398.558857057	s10-eth4	6527	6609
1787671398.558857057	s1-eth1	9128	2587364465
1787671398.558857057	s1-eth10	1492	4553
1787671398.558857057	s1-eth11	193413470	5190
1787671398.558857057	s1-eth12	1492	4533
1787671398.558857057	s1-eth13	1492	4533
1787671398.558857057	s1-eth14	1492	4533
1787671398.558857057	s1-eth15	193481244	5120
1787671398.558857057	s1-eth16	1492	4533
1787671398.558857057	s1-eth17	1492	4533
1787671398.558857057	s1-eth18	1492	4533
1787671398.558857057	s1-eth19	774213513	5120
1787671398.558857057	s1-eth2	6527	6527
1787671398.558857057	s1-eth20	1492	4533
1787671398.558857057	s1-eth21	1492	4533
1787671398.558857057	s1-eth22	1492	4314
1787671398.558857057	s1-eth23	193655648	5123
1787671398.558857057	s1-eth24	1492	4533
1787671398.558857057	s1-eth25	1492	4533
1787671398.558857057	s1-eth26	1492	4533
1787671398.558857057	s1-eth27	193737776	5053
1787671398.558857057	s1-eth28	1492	4533
1787671398.558857057	s1-eth29	1492	4533
1787671398.558857057	s1-eth3	775234711	5316
1787671398.558857057	s1-eth30	1492	4603
1787671398.558857057	s1-eth31	193831506	5158
1787671398.558857057	s1-eth32	1492	4533
1787671398.558857057	s1-eth33	1492	4533
1787671398.558857057	s1-eth34	1492	4533
1787671398.558857057	s1-eth4	1688	4729
1787671398.558857057	s1-eth5	1492	4533
1787671398.558857057	s1-eth6	1492	4533
1787671398.558857057	s1-eth7	193903606	5053
1787671398.558857057	s1-eth8	1492	4533
1787671398.558857057	s1-eth9	1492	4533
1787671398.558857057	s2-eth1	1240985618	620445606
1787671398.558857057	s2-eth10	1492	4533
1787671398.558857057	s2-eth11	193916806	5187
1787671398.558857057	s2-eth12	1492	4533
1787671398.558857057	s2-eth13	1492	4533
1787671398.558857057	s2-eth14	1492	4533
1787671398.558857057	s2-eth15	193971512	5053
1787671398.558857057	s2-eth16	1492	4533
1787671398.558857057	s2-eth17	1492	4533
1787671398.558857057	s2-eth18	1492	4533
1787671398.558857057	s2-eth19	2079	690346950
1787671398.558857057	s2-eth2	6457	6527
1787671398.558857057	s2-eth20	1492	4533
1787671398.558857057	s2-eth21	1492	4533
1787671398.558857057	s2-eth22	1492	4533
1787671398.558857057	s2-eth23	2012	181767957
1787671398.558857057	s2-eth24	1492	4533
1787671398.558857057	s2-eth25	1492	4533
1787671398.558857057	s2-eth26	1492	4533
1787671398.558857057	s2-eth27	2082	181975539
1787671398.558857057	s2-eth28	1492	4533
1787671398.558857057	s2-eth29	1492	4533
1787671398.558857057	s2-eth3	38901662	5120
1787671398.558857057	s2-eth30	1562	4533
1787671398.558857057	s2-eth31	2012	181711653
1787671398.558857057	s2-eth32	1492	4603
1787671398.558857057	s2-eth33	1492	4533
1787671398.558857057	s2-eth34	1492	4533
1787671398.558857057	s2-eth4	1492	4533
1787671398.558857057	s2-eth5	1492	4533
1787671398.558857057	s2-eth6	1492	4533
1787671398.558857057	s2-eth7	194745956	5187
1787671398.558857057	s2-eth8	1492	4533
1787671398.558857057	s2-eth9	1492	4638
1787671398.558857057	s3-eth1	1215538444	623531359
1787671398.558857057	s3-eth10	1492	4603
1787671398.558857057	s3-eth11	2079	178092311
1787671398.558857057	s3-eth12	1492	4533
1787671398.558857057	s3-eth13	1492	4533
1787671398.558857057	s3-eth14	1492	4533
1787671398.558857057	s3-eth15	2079	178139897
1787671398.558857057	s3-eth16	1492	4553
1787671398.558857057	s3-eth17	1492	4533
1787671398.558857057	s3-eth18	1492	4533
1787671398.558857057	s3-eth19	39031442	5190
1787671398.558857057	s3-eth2	6554	6554
1787671398.558857057	s3-eth20	1492	4533
1787671398.558857057	s3-eth21	1492	4533
1787671398.558857057	s3-eth22	1492	4533
1787671398.558857057	s3-eth23	195279274	5123
1787671398.558857057	s3-eth24	1492	4533
1787671398.558857057	s3-eth25	1492	4533
1787671398.558857057	s3-eth26	1562	4533
1787671398.558857057	s3-eth27	195368756	5120
1787671398.558857057	s3-eth28	1492	4533
1787671398.558857057	s3-eth29	1492	4533
1787671398.558857057	s3-eth3	2079	678711452
1787671398.558857057	s3-eth30	1492	4533
1787671398.558857057	s3-eth31	195451082	5120
1787671398.558857057	s3-eth32	1492	4533
1787671398.558857057	s3-eth33	1492	4533
1787671398.558857057	s3-eth34	1492	4533
1787671398.558857057	s3-eth4	1492	4533
1787671398.558857057	s3-eth5	1492	4533
1787671398.558857057	s3-eth6	1492	4533
1787671398.558857057	s3-eth7	2012	178958875
1787671398.558857057	s3-eth8	1492	4533
1787671398.558857057	s3-eth9	1492	4533
1787671398.558857057	s4-eth1	1236487366	11317
1787671398.558857057	s4-eth10	1492	4533
1787671398.558857057	s4-eth11	2146	190493511
1787671398.558857057	s4-eth12	1492	4443
1787671398.558857057	s4-eth13	1492	4533
1787671398.558857057	s4-eth14	1492	4533
1787671398.558857057	s4-eth15	2079	190404095
1787671398.558857057	s4-eth16	1492	4443
1787671398.558857057	s4-eth17	1492	4533
1787671398.558857057	s4-eth18	1492	4533
1787671398.558857057	s4-eth19	2079	39102257
1787671398.558857057	s4-eth2	6554	4930
1787671398.558857057	s4-eth20	1492	4330
1787671398.558857057	s4-eth21	1562	4533
1787671398.558857057	s4-eth22	1492	4533
1787671398.558857057	s4-eth23	2012	195585135
1787671398.558857057	s4-eth24	1402	4443
1787671398.558857057	s4-eth25	1402	4533
1787671398.558857057	s4-eth26	1492	4533
1787671398.558857057	s4-eth27	2079	195709225
1787671398.558857057	s4-eth28	1472	4533
1787671398.558857057	s4-eth29	1492	4330
1787671398.558857057	s4-eth3	2079	38226885
1787671398.558857057	s4-eth30	1402	4533
1787671398.558857057	s4-eth31	2079	195703499
1787671398.558857057	s4-eth32	1492	4533
1787671398.558857057	s4-eth33	1402	4533
1787671398.558857057	s4-eth34	1492	4443
1787671398.558857057	s4-eth4	1492	4533
1787671398.558857057	s4-eth5	1492	4533
1787671398.558857057	s4-eth6	1492	4533
1787671398.558857057	s4-eth7	2146	190986675
1787671398.558857057	s4-eth8	1492	4533
1787671398.558857057	s4-eth9	1492	4533
1787671398.558857057	s5-eth1	2631680036	9155
1787671398.558857057	s5-eth2	629078887	1259029391
1787671398.558857057	s5-eth3	9693	6554
1787671398.558857057	s5-eth4	6770	1885615674
1787671398.558857057	s6-eth1	6554	6554
1787671398.558857057	s6-eth2	6554	6484
1787671398.558857057	s6-eth3	6554	6554
1787671398.558857057	s6-eth4	6637	6554
1787671398.558857057	s7-eth1	629662743	1228170364
1787671398.558857057	s7-eth2	11317	1243318120
1787671398.558857057	s7-eth3	6554	9490
1787671398.558857057	s7-eth4	1864381817	6624
1787671398.558857057	s8-eth1	6554	6554
1787671398.558857057	s8-eth2	4930	6554
1787671398.558857057	s8-eth3	6554	4930
1787671398.558857057	s8-eth4	6637	6554
1787671398.558857057	s9-eth1	6554	9693
1787671398.558857057	s9-eth2	6554	6554
1787671398.558857057	s9-eth3	9490	6554
1787671398.558857057	s9-eth4	4930	6554
1787671406.586279668	s10-eth1	1902550549	6798
1787671406.586279668	s10-eth2	6581	6665
1787671406.586279668	s10-eth3	6651	1880238077
1787671406.586279668	s10-eth4	6581	6665
1787671406.586279668	s1-eth1	9182	2658248913
1787671406.586279668	s1-eth10	1492	4553
1787671406.586279668	s1-eth11	198529686	5190
1787671406.586279668	s1-eth12	1492	4533
1787671406.586279668	s1-eth13	1492	4533
1787671406.586279668	s1-eth14	1492	4533
1787671406.586279668	s1-eth15	198608996	5120
1787671406.586279668	s1-eth16	1492	4533
1787671406.586279668	s1-eth17	1492	4603
1787671406.586279668	s1-eth18	1562	4533
1787671406.586279668	s1-eth19	794691355	5120
1787671406.586279668	s1-eth2	6581	6581
1787671406.586279668	s1-eth20	1492	4533
1787671406.586279668	s1-eth21	1492	4533
1787671406.586279668	s1-eth22	1492	4314
1787671406.586279668	s1-eth23	198826660	5123
1787671406.586279668	s1-eth24	1492	4533
1787671406.586279668	s1-eth25	1492	4533
1787671406.586279668	s1-eth26	1492	4533
1787671406.586279668	s1-eth27	198901578	5053
1787671406.586279668	s1-eth28	1492	4533
1787671406.586279668	s1-eth29	1492	4533
1787671406.586279668	s1-eth3	795887035	5316
1787671406.586279668	s1-eth30	1492	4603
1787671406.586279668	s1-eth31	199064524	5158
1787671406.586279668	s1-eth32	1492	4533
1787671406.586279668	s1-eth33	1492	4533
1787671406.586279668	s1-eth34	1492	4533
1787671406.586279668	s1-eth4	1688	4729
1787671406.586279668	s1-eth5	1492	4533
1787671406.586279668	s1-eth6	1492	4533
1787671406.586279668	s1-eth7	199339946	5053
1787671406.586279668	s1-eth8	1492	4533
1787671406.586279668	s1-eth9	1492	4533
1787671406.586279668	s2-eth1	1278027768	638245708
1787671406.586279668	s2-eth10	1492	4533
1787671406.586279668	s2-eth11	199510324	5187
1787671406.586279668	s2-eth12	1492	4533
1787671406.586279668	s2-eth13	1492	4533
1787671406.586279668	s2-eth14	1562	4533
1787671406.586279668	s2-eth15	199631362	5053
1787671406.586279668	s2-eth16	1492	4533
1787671406.586279668	s2-eth17	1492	4533
1787671406.586279668	s2-eth18	1492	4533
1787671406.586279668	s2-eth19	2079	711016578
1787671406.586279668	s2-eth2	6511	6581
1787671406.586279668	s2-eth20	1492	4533
1787671406.586279668	s2-eth21	1492	4533
1787671406.586279668	s2-eth22	1492	4533
1787671406.586279668	s2-eth23	2012	187181295
1787671406.586279668	s2-eth24	1492	4533
1787671406.586279668	s2-eth25	1492	4533
1787671406.586279668	s2-eth26	1492	4533
1787671406.586279668	s2-eth27	2082	187413321
1787671406.586279668	s2-eth28	1492	4533
1787671406.586279668	s2-eth29	1492	4603
1787671406.586279668	s2-eth3	40029306	5120
1787671406.586279668	s2-eth30	1562	4533
1787671406.586279668	s2-eth31	2012	187139341
1787671406.586279668	s2-eth32	1492	4603
1787671406.586279668	s2-eth33	1492	4533
1787671406.586279668	s2-eth34	1492	4533
1787671406.586279668	s2-eth4	1492	4603
1787671406.586279668	s2-eth5	1492	4533
1787671406.586279668	s2-eth6	1492	4533
1787671406.586279668	s2-eth7	200405806	5187
1787671406.586279668	s2-eth8	1492	4533
1787671406.586279668	s2-eth9	1492	4638
1787671406.586279668	s3-eth1	1251800445	641517452
1787671406.586279668	s3-eth10	1492	4603
1787671406.586279668	s3-eth11	2079	183310909
1787671406.586279668	s3-eth12	1492	4533
1787671406.586279668	s3-eth13	1492	4533
1787671406.586279668	s3-eth14	1492	4533
1787671406.586279668	s3-eth15	2079	183295047
1787671406.586279668	s3-eth16	1492	4553
1787671406.586279668	s3-eth17	1492	4533
1787671406.586279668	s3-eth18	1492	4533
1787671406.586279668	s3-eth19	40125920	5190
1787671406.586279668	s3-eth2	6581	6581
1787671406.586279668	s3-eth20	1492	4533
1787671406.586279668	s3-eth21	1492	4533
1787671406.586279668	s3-eth22	1492	4533
1787671406.586279668	s3-eth23	200633420	5123
1787671406.586279668	s3-eth24	1492	4533
1787671406.586279668	s3-eth25	1492	4533
1787671406.586279668	s3-eth26	1562	4533
1787671406.586279668	s3-eth27	200637824	5120
1787671406.586279668	s3-eth28	1492	4533
1787671406.586279668	s3-eth29	1492	4533
1787671406.586279668	s3-eth3	2079	697258456
1787671406.586279668	s3-eth30	1492	4533
1787671406.586279668	s3-eth31	200622094	5120
1787671406.586279668	s3-eth32	1492	4533
1787671406.586279668	s3-eth33	1492	4533
1787671406.586279668	s3-eth34	1492	4533
1787671406.586279668	s3-eth4	1492	4533
1787671406.586279668	s3-eth5	1492	4533
1787671406.586279668	s3-eth6	1492	4533
1787671406.586279668	s3-eth7	2012	183581927
1787671406.586279668	s3-eth8	1562	4533
1787671406.586279668	s3-eth9	1492	4533
1787671406.586279668	s4-eth1	1267755721	11344
1787671406.586279668	s4-eth10	1492	4533
1787671406.586279668	s4-eth11	2146	195233365
1787671406.586279668	s4-eth12	1492	4443
1787671406.586279668	s4-eth13	1492	4533
1787671406.586279668	s4-eth14	1492	4533
1787671406.586279668	s4-eth15	2079	195066081
1787671406.586279668	s4-eth16	1492	4443
1787671406.586279668	s4-eth17	1492	4533
1787671406.586279668	s4-eth18	1492	4533
1787671406.586279668	s4-eth19	2079	40058303
1787671406.586279668	s4-eth2	6608	4984
1787671406.586279668	s4-eth20	1492	4330
1787671406.586279668	s4-eth21	1562	4533
1787671406.586279668	s4-eth22	1492	4533
1787671406.586279668	s4-eth23	2012	200386995
1787671406.586279668	s4-eth24	1402	4443
1787671406.586279668	s4-eth25	1402	4533
1787671406.586279668	s4-eth26	1492	4533
1787671406.586279668	s4-eth27	2079	200506759
1787671406.586279668	s4-eth28	1472	4533
1787671406.586279668	s4-eth29	1492	4330
1787671406.586279668	s4-eth3	2079	39182931
1787671406.586279668	s4-eth30	1402	4533
1787671406.586279668	s4-eth31	2079	200534199
1787671406.586279668	s4-eth32	1492	4533
1787671406.586279668	s4-eth33	1402	4533
1787671406.586279668	s4-eth34	1492	4443
1787671406.586279668	s4-eth4	1492	4603
1787671406.586279668	s4-eth5	1492	4533
1787671406.586279668	s4-eth6	1492	4533
1787671406.586279668	s4-eth7	2146	195791419
1787671406.586279668	s4-eth8	1492	4533
1787671406.586279668	s4-eth9	1492	4533
1787671406.586279668	s5-eth1	2694506588	9209
1787671406.586279668	s5-eth2	644540065	1289384987
1787671406.586279668	s5-eth3	9747	6608
1787671406.586279668	s5-eth4	6826	1931008446
1787671406.586279668	s6-eth1	6608	6608
1787671406.586279668	s6-eth2	6608	6538
1787671406.586279668	s6-eth3	6608	6608
1787671406.586279668	s6-eth4	6693	6608
1787671406.586279668	s7-eth1	644818217	1257024838
1787671406.586279668	s7-eth2	11371	1273306006
1787671406.586279668	s7-eth3	6608	9544
1787671406.586279668	s7-eth4	1908577731	6678
1787671406.586279668	s8-eth1	6608	6608
1787671406.586279668	s8-eth2	4984	6608
1787671406.586279668	s8-eth3	6608	4984
1787671406.586279668	s8-eth4	6693	6608
1787671406.586279668	s9-eth1	6608	9747
1787671406.586279668	s9-eth2	6608	6608
1787671406.586279668	s9-eth3	9544	6608
1787671406.586279668	s9-eth4	4984	6608
1787671413.937182459	s10-eth1	1947395334	6826
1787671413.937182459	s10-eth2	6608	6693
1787671413.937182459	s10-eth3	6678	1924253713
1787671413.937182459	s10-eth4	6608	6693
1787671413.937182459	s1-eth1	9209	2719171998
1787671413.937182459	s1-eth10	1492	4553
1787671413.937182459	s1-eth11	203211860	5190
1787671413.937182459	s1-eth12	1492	4533
1787671413.937182459	s1-eth13	1492	4533
1787671413.937182459	s1-eth14	1492	4533
1787671413.937182459	s1-eth15	203301334	5120
1787671413.937182459	s1-eth16	1562	4533
1787671413.937182459	s1-eth17	1492	4603
1787671413.937182459	s1-eth18	1562	4533
1787671413.937182459	s1-eth19	813482057	5120
1787671413.937182459	s1-eth2	6608	6608
1787671413.937182459	s1-eth20	1492	4533
1787671413.937182459	s1-eth21	1492	4533
1787671413.937182459	s1-eth22	1492	4314
1787671413.937182459	s1-eth23	203468458	5123
1787671413.937182459	s1-eth24	1492	4533
1787671413.937182459	s1-eth25	1492	4533
1787671413.937182459	s1-eth26	1492	4533
1787671413.937182459	s1-eth27	203536166	5053
1787671413.937182459	s1-eth28	1492	4533
1787671413.937182459	s1-eth29	1492	4533
1787671413.937182459	s1-eth3	814386453	5316
1787671413.937182459	s1-eth30	1492	4603
1787671413.937182459	s1-eth31	203661620	5158
1787671413.937182459	s1-eth32	1492	4533
1787671413.937182459	s1-eth33	1492	4533
1787671413.937182459	s1-eth34	1492	4533
1787671413.937182459	s1-eth4	1688	4729
1787671413.937182459	s1-eth5	1492	4533
1787671413.937182459	s1-eth6	1492	4533
1787671413.937182459	s1-eth7	203883688	5053
1787671413.937182459	s1-eth8	1492	4533
1787671413.937182459	s1-eth9	1492	4533
1787671413.937182459	s2-eth1	1306203033	652541723
1787671413.937182459	s2-eth10	1492	4533
1787671413.937182459	s2-eth11	204023784	5187
1787671413.937182459	s2-eth12	1492	4533
1787671413.937182459	s2-eth13	1492	4533
1787671413.937182459	s2-eth14	1562	4533
1787671413.937182459	s2-eth15	204115982	5053
1787671413.937182459	s2-eth16	1492	4533
1787671413.937182459	s2-eth17	1492	4533
1787671413.937182459	s2-eth18	1492	4533
1787671413.937182459	s2-eth19	2079	725883598
1787671413.937182459	s2-eth2	6565	6635
1787671413.937182459	s2-eth20	1492	4533
1787671413.937182459	s2-eth21	1492	4533
1787671413.937182459	s2-eth22	1492	4533
1787671413.937182459	s2-eth23	2012	191518831
1787671413.937182459	s2-eth24	1492	4533
1787671413.937182459	s2-eth25	1492	4533
1787671413.937182459	s2-eth26	1492	4533
1787671413.937182459	s2-eth27	2082	191727785
1787671413.937182459	s2-eth28	1492	4533
1787671413.937182459	s2-eth29	1492	4603
1787671413.937182459	s2-eth3	40939208	5120
1787671413.937182459	s2-eth30	1562	4533
1787671413.937182459	s2-eth31	2012	191367285
1787671413.937182459	s2-eth32	1492	4603
1787671413.937182459	s2-eth33	1492	4533
1787671413.937182459	s2-eth34	1492	4533
1787671413.937182459	s2-eth4	1492	4603
1787671413.937182459	s2-eth5	1492	4533
1787671413.937182459	s2-eth6	1492	4533
1787671413.937182459	s2-eth7	204896194	5187
1787671413.937182459	s2-eth8	1492	4533
1787671413.937182459	s2-eth9	1492	4638
1787671413.937182459	s3-eth1	1276879763	655699576
1787671413.937182459	s3-eth10	1492	4603
1787671413.937182459	s3-eth11	2079	187260547
1787671413.937182459	s3-eth12	1492	4533
1787671413.937182459	s3-eth13	1492	4533
1787671413.937182459	s3-eth14	1492	4533
1787671413.937182459	s3-eth15	2079	187197099
1787671413.937182459	s3-eth16	1492	4553
1787671413.937182459	s3-eth17	1492	4533
1787671413.937182459	s3-eth18	1492	4533
1787671413.937182459	s3-eth19	40998330	5190
1787671413.937182459	s3-eth2	6635	6635
1787671413.937182459	s3-eth20	1492	4533
1787671413.937182459	s3-eth21	1492	4533
1787671413.937182459	s3-eth22	1562	4533
1787671413.937182459	s3-eth23	204994028	5123
1787671413.937182459	s3-eth24	1492	4533
1787671413.937182459	s3-eth25	1492	4533
1787671413.937182459	s3-eth26	1562	4533
1787671413.937182459	s3-eth27	204998432	5120
1787671413.937182459	s3-eth28	1492	4533
1787671413.937182459	s3-eth29	1492	4533
1787671413.937182459	s3-eth3	2079	710017272
1787671413.937182459	s3-eth30	1492	4533
1787671413.937182459	s3-eth31	204956746	5120
1787671413.937182459	s3-eth32	1492	4533
1787671413.937182459	s3-eth33	1492	4533
1787671413.937182459	s3-eth34	1492	4533
1787671413.937182459	s3-eth4	1492	4533
1787671413.937182459	s3-eth5	1492	4533
1787671413.937182459	s3-eth6	1492	4533
1787671413.937182459	s3-eth7	2012	187460907
1787671413.937182459	s3-eth8	1562	4533
1787671413.937182459	s3-eth9	1492	4603
1787671413.937182459	s4-eth1	1294882679	11398
1787671413.937182459	s4-eth10	1492	4533
1787671413.937182459	s4-eth11	2146	199435353
1787671413.937182459	s4-eth12	1492	4443
1787671413.937182459	s4-eth13	1492	4533
1787671413.937182459	s4-eth14	1492	4533
1787671413.937182459	s4-eth15	2079	199193085
1787671413.937182459	s4-eth16	1492	4443
1787671413.937182459	s4-eth17	1492	4533
1787671413.937182459	s4-eth18	1492	4533
1787671413.937182459	s4-eth19	2079	40890337
1787671413.937182459	s4-eth2	6635	5011
1787671413.937182459	s4-eth20	1492	4330
1787671413.937182459	s4-eth21	1562	4533
1787671413.937182459	s4-eth22	1492	4533
1787671413.937182459	s4-eth23	2012	204388545
1787671413.937182459	s4-eth24	1402	4443
1787671413.937182459	s4-eth25	1402	4533
1787671413.937182459	s4-eth26	1492	4533
1787671413.937182459	s4-eth27	2079	204407369
1787671413.937182459	s4-eth28	1472	4533
1787671413.937182459	s4-eth29	1492	4330
1787671413.937182459	s4-eth3	2079	39922677
1787671413.937182459	s4-eth30	1402	4533
1787671413.937182459	s4-eth31	2079	204313681
1787671413.937182459	s4-eth32	1492	4533
1787671413.937182459	s4-eth33	1402	4533
1787671413.937182459	s4-eth34	1492	4443
1787671413.937182459	s4-eth4	1492	4603
1787671413.937182459	s4-eth5	1492	4533
1787671413.937182459	s4-eth6	1492	4533
1787671413.937182459	s4-eth7	2146	199283943
1787671413.937182459	s4-eth8	1492	4533
1787671413.937182459	s4-eth9	1492	4533
1787671413.937182459	s5-eth1	2740109865	9236
1787671413.937182459	s5-eth2	656145308	1311007804
1787671413.937182459	s5-eth3	9774	6635
1787671413.937182459	s5-eth4	6854	1964020179
1787671413.937182459	s6-eth1	6635	6635
1787671413.937182459	s6-eth2	6635	6565
1787671413.937182459	s6-eth3	6635	6635
1787671413.937182459	s6-eth4	6721	6635
1787671413.937182459	s7-eth1	656189856	1277507033
1787671413.937182459	s7-eth2	11398	1295608005
1787671413.937182459	s7-eth3	6635	9571
1787671413.937182459	s7-eth4	1940577181	6705
1787671413.937182459	s8-eth1	6635	6635
1787671413.937182459	s8-eth2	5011	6705
1787671413.937182459	s8-eth3	6635	5011
1787671413.937182459	s8-eth4	6721	6635
1787671413.937182459	s9-eth1	6635	9774
1787671413.937182459	s9-eth2	6635	6635
1787671413.937182459	s9-eth3	9571	6635
1787671413.937182459	s9-eth4	5011	6635
1787671419.803525513	s10-eth1	1977988833	6854
1787671419.803525513	s10-eth2	6635	6721
1787671419.803525513	s10-eth3	6705	1954703013
1787671419.803525513	s10-eth4	6635	6721
1787671419.803525513	s1-eth1	9236	2758923639
1787671419.803525513	s1-eth10	1492	4553
1787671419.803525513	s1-eth11	207092282	5190
1787671419.803525513	s1-eth12	1492	4533
1787671419.803525513	s1-eth13	1492	4533
1787671419.803525513	s1-eth14	1492	4533
1787671419.803525513	s1-eth15	207268276	5120
1787671419.803525513	s1-eth16	1562	4533
1787671419.803525513	s1-eth17	1492	4603
1787671419.803525513	s1-eth18	1562	4533
1787671419.803525513	s1-eth19	829757911	5120
1787671419.803525513	s1-eth2	6662	6662
1787671419.803525513	s1-eth20	1492	4533
1787671419.803525513	s1-eth21	1492	4533
1787671419.803525513	s1-eth22	1492	4384
1787671419.803525513	s1-eth23	207604114	5123
1787671419.803525513	s1-eth24	1492	4533
1787671419.803525513	s1-eth25	1492	4533
1787671419.803525513	s1-eth26	1492	4533
1787671419.803525513	s1-eth27	207615584	5053
1787671419.803525513	s1-eth28	1492	4533
1787671419.803525513	s1-eth29	1492	4533
1787671419.803525513	s1-eth3	830510897	5316
1787671419.803525513	s1-eth30	1492	4603
1787671419.803525513	s1-eth31	207647308	5158
1787671419.803525513	s1-eth32	1492	4533
1787671419.803525513	s1-eth33	1492	4533
1787671419.803525513	s1-eth34	1492	4533
1787671419.803525513	s1-eth4	1688	4729
1787671419.803525513	s1-eth5	1492	4533
1787671419.803525513	s1-eth6	1492	4533
1787671419.803525513	s1-eth7	207699220	5053
1787671419.803525513	s1-eth8	1492	4533
1787671419.803525513	s1-eth9	1492	4533
1787671419.803525513	s2-eth1	1321323899	664674765
1787671419.803525513	s2-eth10	1492	4533
1787671419.803525513	s2-eth11	207735492	5187
1787671419.803525513	s2-eth12	1492	4533
1787671419.803525513	s2-eth13	1492	4533
1787671419.803525513	s2-eth14	1562	4533
1787671419.803525513	s2-eth15	207770010	5053
1787671419.803525513	s2-eth16	1492	4533
1787671419.803525513	s2-eth17	1492	4533
1787671419.803525513	s2-eth18	1492	4533
1787671419.803525513	s2-eth19	2079	731723768
1787671419.803525513	s2-eth2	6592	6662
1787671419.803525513	s2-eth20	1492	4533
1787671419.803525513	s2-eth21	1492	4533
1787671419.803525513	s2-eth22	1492	4533
1787671419.803525513	s2-eth23	2012	193932739
1787671419.803525513	s2-eth24	1492	4533
1787671419.803525513	s2-eth25	1492	4533
1787671419.803525513	s2-eth26	1492	4533
1787671419.803525513	s2-eth27	2082	194072477
1787671419.803525513	s2-eth28	1492	4533
1787671419.803525513	s2-eth29	1492	4603
1787671419.803525513	s2-eth3	41590992	5120
1787671419.803525513	s2-eth30	1562	4533
1787671419.803525513	s2-eth31	2012	193687463
1787671419.803525513	s2-eth32	1492	4603
1787671419.803525513	s2-eth33	1492	4533
1787671419.803525513	s2-eth34	1492	4533
1787671419.803525513	s2-eth4	1492	4603
1787671419.803525513	s2-eth5	1492	4533
1787671419.803525513	s2-eth6	1492	4533
1787671419.803525513	s2-eth7	208010914	5187
1787671419.803525513	s2-eth8	1492	4533
1787671419.803525513	s2-eth9	1492	4638
1787671419.803525513	s3-eth1	1289034408	665881565
1787671419.803525513	s3-eth10	1492	4603
1787671419.803525513	s3-eth11	2079	189631195
1787671419.803525513	s3-eth12	1492	4533
1787671419.803525513	s3-eth13	1492	4533
1787671419.803525513	s3-eth14	1492	4533
1787671419.803525513	s3-eth15	2079	189616775
1787671419.803525513	s3-eth16	1492	4553
1787671419.803525513	s3-eth17	1492	4533
1787671419.803525513	s3-eth18	1492	4533
1787671419.803525513	s3-eth19	41678954	5190
1787671419.803525513	s3-eth2	6732	6662
1787671419.803525513	s3-eth20	1492	4533
1787671419.803525513	s3-eth21	1492	4533
1787671419.803525513	s3-eth22	1562	4533
1787671419.803525513	s3-eth23	208485110	5123
1787671419.803525513	s3-eth24	1492	4533
1787671419.803525513	s3-eth25	1492	4533
1787671419.803525513	s3-eth26	1562	4603
1787671419.803525513	s3-eth27	208560172	5190
1787671419.803525513	s3-eth28	1492	4533
1787671419.803525513	s3-eth29	1492	4533
1787671419.803525513	s3-eth3	2079	715876118
1787671419.803525513	s3-eth30	1492	4533
1787671419.803525513	s3-eth31	208629520	5120
1787671419.803525513	s3-eth32	1492	4533
1787671419.803525513	s3-eth33	1492	4533
1787671419.803525513	s3-eth34	1492	4533
1787671419.803525513	s3-eth4	1492	4533
1787671419.803525513	s3-eth5	1492	4533
1787671419.803525513	s3-eth6	1492	4533
1787671419.803525513	s3-eth7	2012	190206475
1787671419.803525513	s3-eth8	1562	4533
1787671419.803525513	s3-eth9	1492	4603
1787671419.803525513	s4-eth1	1319079466	11425
1787671419.803525513	s4-eth10	1492	4533
1787671419.803525513	s4-eth11	2146	203164365
1787671419.803525513	s4-eth12	1492	4443
1787671419.803525513	s4-eth13	1492	4603
1787671419.803525513	s4-eth14	1492	4533
1787671419.803525513	s4-eth15	2079	203018711
1787671419.803525513	s4-eth16	1492	4443
1787671419.803525513	s4-eth17	1492	4533
1787671419.803525513	s4-eth18	1492	4533
1787671419.803525513	s4-eth19	2079	41700741
1787671419.803525513	s4-eth2	6732	5038
1787671419.803525513	s4-eth20	1492	4400
1787671419.803525513	s4-eth21	1562	4533
1787671419.803525513	s4-eth22	1492	4533
1787671419.803525513	s4-eth23	2012	208564577
1787671419.803525513	s4-eth24	1402	4443
1787671419.803525513	s4-eth25	1402	4533
1787671419.803525513	s4-eth26	1492	4533
1787671419.803525513	s4-eth27	2079	208692993
1787671419.803525513	s4-eth28	1472	4533
1787671419.803525513	s4-eth29	1492	4330
1787671419.803525513	s4-eth3	2079	40751827
1787671419.803525513	s4-eth30	1402	4533
1787671419.803525513	s4-eth31	2079	208727713
1787671419.803525513	s4-eth32	1492	4533
1787671419.803525513	s4-eth33	1402	4533
1787671419.803525513	s4-eth34	1492	4443
1787671419.803525513	s4-eth4	1492	4603
1787671419.803525513	s4-eth5	1492	4533
1787671419.803525513	s4-eth6	1492	4533
1787671419.803525513	s4-eth7	2146	203686369
1787671419.803525513	s4-eth8	1492	4533
1787671419.803525513	s4-eth9	1492	4533
1787671419.803525513	s5-eth1	2790166038	9263
1787671419.803525513	s5-eth2	671044079	1330157591
1787671419.803525513	s5-eth3	9801	6662
1787671419.803525513	s5-eth4	6882	1998204258
1787671419.803525513	s6-eth1	6662	6662
1787671419.803525513	s6-eth2	6662	6592
1787671419.803525513	s6-eth3	6662	6662
1787671419.803525513	s6-eth4	6749	6662
1787671419.803525513	s7-eth1	671685615	1296906286
1787671419.803525513	s7-eth2	11425	1326342820
1787671419.803525513	s7-eth3	6662	9598
1787671419.803525513	s7-eth4	1975580317	6732
1787671419.803525513	s8-eth1	6662	6732
1787671419.803525513	s8-eth2	5038	6732
1787671419.803525513	s8-eth3	6662	5038
1787671419.803525513	s8-eth4	6749	6662
1787671419.803525513	s9-eth1	6662	9801
1787671419.803525513	s9-eth2	6662	6662
1787671419.803525513	s9-eth3	9598	6662
1787671419.803525513	s9-eth4	5038	6662
1787671426.932925205	s10-eth1	2014715185	6910
1787671426.932925205	s10-eth2	6689	6777
1787671426.932925205	s10-eth3	6759	1990492067
1787671426.932925205	s10-eth4	6689	6777
1787671426.932925205	s1-eth1	9290	2815617365
1787671426.932925205	s1-eth10	1492	4553
1787671426.932925205	s1-eth11	211493266	5190
1787671426.932925205	s1-eth12	1492	4533
1787671426.932925205	s1-eth13	1492	4533
1787671426.932925205	s1-eth14	1492	4533
1787671426.932925205	s1-eth15	211539480	5120
1787671426.932925205	s1-eth16	1562	4533
1787671426.932925205	s1-eth17	1492	4603
1787671426.932925205	s1-eth18	1562	4533
1787671426.932925205	s1-eth19	846496647	5120
1787671426.932925205	s1-eth2	6689	6689
1787671426.932925205	s1-eth20	1492	4603
1787671426.932925205	s1-eth21	1492	4533
1787671426.932925205	s1-eth22	1492	4384
1787671426.932925205	s1-eth23	211761400	5123
1787671426.932925205	s1-eth24	1492	4533
1787671426.932925205	s1-eth25	1492	4533
1787671426.932925205	s1-eth26	1492	4533
1787671426.932925205	s1-eth27	211852180	5053
1787671426.932925205	s1-eth28	1492	4533
1787671426.932925205	s1-eth29	1492	4533
1787671426.932925205	s1-eth3	847693839	5316
1787671426.932925205	s1-eth30	1492	4603
1787671426.932925205	s1-eth31	211977634	5228
1787671426.932925205	s1-eth32	1492	4533
1787671426.932925205	s1-eth33	1492	4533
1787671426.932925205	s1-eth34	1492	4533
1787671426.932925205	s1-eth4	1688	4729
1787671426.932925205	s1-eth5	1492	4533
1787671426.932925205	s1-eth6	1492	4533
1787671426.932925205	s1-eth7	212163652	5053
1787671426.932925205	s1-eth8	1492	4533
1787671426.932925205	s1-eth9	1492	4533
1787671426.932925205	s2-eth1	1345649024	679133726
1787671426.932925205	s2-eth10	1492	4533
1787671426.932925205	s2-eth11	212285002	5187
1787671426.932925205	s2-eth12	1492	4533
1787671426.932925205	s2-eth13	1562	4533
1787671426.932925205	s2-eth14	1562	4533
1787671426.932925205	s2-eth15	212318078	5053
1787671426.932925205	s2-eth16	1492	4533
1787671426.932925205	s2-eth17	1492	4533
1787671426.932925205	s2-eth18	1492	4533
1787671426.932925205	s2-eth19	2079	744972864
1787671426.932925205	s2-eth2	6619	6689
1787671426.932925205	s2-eth20	1492	4533
1787671426.932925205	s2-eth21	1492	4533
1787671426.932925205	s2-eth22	1492	4533
1787671426.932925205	s2-eth23	2012	197703569
1787671426.932925205	s2-eth24	1492	4533
1787671426.932925205	s2-eth25	1492	4533
1787671426.932925205	s2-eth26	1492	4533
1787671426.932925205	s2-eth27	2082	197791395
1787671426.932925205	s2-eth28	1492	4533
1787671426.932925205	s2-eth29	1492	4603
1787671426.932925205	s2-eth3	42498010	5120
1787671426.932925205	s2-eth30	1562	4533
1787671426.932925205	s2-eth31	2012	197478481
1787671426.932925205	s2-eth32	1492	4603
1787671426.932925205	s2-eth33	1492	4533
1787671426.932925205	s2-eth34	1492	4533
1787671426.932925205	s2-eth4	1492	4603
1787671426.932925205	s2-eth5	1492	4533
1787671426.932925205	s2-eth6	1492	4533
1787671426.932925205	s2-eth7	212714718	5187
1787671426.932925205	s2-eth8	1492	4533
1787671426.932925205	s2-eth9	1492	4638
1787671426.932925205	s3-eth1	1313857023	680907232
1787671426.932925205	s3-eth10	1492	4603
1787671426.932925205	s3-eth11	2079	193430865
1787671426.932925205	s3-eth12	1492	4603
1787671426.932925205	s3-eth13	1492	4533
1787671426.932925205	s3-eth14	1492	4533
1787671426.932925205	s3-eth15	2079	193417887
1787671426.932925205	s3-eth16	1492	4553
1787671426.932925205	s3-eth17	1492	4533
1787671426.932925205	s3-eth18	1492	4603
1787671426.932925205	s3-eth19	42591740	5190
1787671426.932925205	s3-eth2	6759	6689
1787671426.932925205	s3-eth20	1492	4533
1787671426.932925205	s3-eth21	1492	4533
1787671426.932925205	s3-eth22	1562	4533
1787671426.932925205	s3-eth23	213086532	5123
1787671426.932925205	s3-eth24	1492	4533
1787671426.932925205	s3-eth25	1492	4603
1787671426.932925205	s3-eth26	1562	4603
1787671426.932925205	s3-eth27	213209180	5190
1787671426.932925205	s3-eth28	1492	4603
1787671426.932925205	s3-eth29	1562	4533
1787671426.932925205	s3-eth3	2079	729710666
1787671426.932925205	s3-eth30	1492	4533
1787671426.932925205	s3-eth31	213277086	5120
1787671426.932925205	s3-eth32	1492	4533
1787671426.932925205	s3-eth33	1492	4533
1787671426.932925205	s3-eth34	1492	4533
1787671426.932925205	s3-eth4	1492	4533
1787671426.932925205	s3-eth5	1492	4533
1787671426.932925205	s3-eth6	1492	4533
1787671426.932925205	s3-eth7	2012	194133041
1787671426.932925205	s3-eth8	1562	4533
1787671426.932925205	s3-eth9	1492	4603
1787671426.932925205	s4-eth1	1349123633	11452
1787671426.932925205	s4-eth10	1562	4603
1787671426.932925205	s4-eth11	2146	207806233
1787671426.932925205	s4-eth12	1492	4443
1787671426.932925205	s4-eth13	1492	4603
1787671426.932925205	s4-eth14	1492	4533
1787671426.932925205	s4-eth15	2079	207625901
1787671426.932925205	s4-eth16	1492	4443
1787671426.932925205	s4-eth17	1492	4533
1787671426.932925205	s4-eth18	1492	4533
1787671426.932925205	s4-eth19	2079	42643809
1787671426.932925205	s4-eth2	6786	5092
1787671426.932925205	s4-eth20	1492	4400
1787671426.932925205	s4-eth21	1562	4533
1787671426.932925205	s4-eth22	1492	4533
1787671426.932925205	s4-eth23	2012	213278475
1787671426.932925205	s4-eth24	1402	4443
1787671426.932925205	s4-eth25	1402	4533
1787671426.932925205	s4-eth26	1492	4533
1787671426.932925205	s4-eth27	2079	213415543
1787671426.932925205	s4-eth28	1472	4533
1787671426.932925205	s4-eth29	1492	4330
1787671426.932925205	s4-eth3	2079	41674707
1787671426.932925205	s4-eth30	1402	4533
1787671426.932925205	s4-eth31	2079	213422865
1787671426.932925205	s4-eth32	1492	4603
1787671426.932925205	s4-eth33	1402	4533
1787671426.932925205	s4-eth34	1492	4443
1787671426.932925205	s4-eth4	1492	4603
1787671426.932925205	s4-eth5	1492	4533
1787671426.932925205	s4-eth6	1492	4533
1787671426.932925205	s4-eth7	2146	208188293
1787671426.932925205	s4-eth8	1492	4533
1787671426.932925205	s4-eth9	1492	4533
1787671426.932925205	s5-eth1	2855882358	9317
1787671426.932925205	s5-eth2	685947203	1357461915
1787671426.932925205	s5-eth3	9855	6716
1787671426.932925205	s5-eth4	6938	2040235728
1787671426.932925205	s6-eth1	6716	6716
1787671426.932925205	s6-eth2	6716	6646
1787671426.932925205	s6-eth3	6716	6786
1787671426.932925205	s6-eth4	6805	6716
1787671426.932925205	s7-eth1	686561341	1323762148
1787671426.932925205	s7-eth2	11479	1355331470
1787671426.932925205	s7-eth3	6716	9652
1787671426.932925205	s7-eth4	2016994613	6786
1787671426.932925205	s8-eth1	6716	6786
1787671426.932925205	s8-eth2	5092	6786
1787671426.932925205	s8-eth3	6716	5092
1787671426.932925205	s8-eth4	6805	6716
1787671426.932925205	s9-eth1	6716	9855
1787671426.932925205	s9-eth2	6786	6716
1787671426.932925205	s9-eth3	9652	6716
1787671426.932925205	s9-eth4	5092	6716
1787671434.280005382	s10-eth1	2057688254	6938
1787671434.280005382	s10-eth2	6716	6805
1787671434.280005382	s10-eth3	6786	2033599243
1787671434.280005382	s10-eth4	6716	6805
1787671434.280005382	s1-eth1	9317	2883100108
1787671434.280005382	s1-eth10	1492	4553
1787671434.280005382	s1-eth11	216338386	5190
1787671434.280005382	s1-eth12	1492	4533
1787671434.280005382	s1-eth13	1492	4533
1787671434.280005382	s1-eth14	1562	4533
1787671434.280005382	s1-eth15	216364412	5120
1787671434.280005382	s1-eth16	1562	4533
1787671434.280005382	s1-eth17	1562	4603
1787671434.280005382	s1-eth18	1562	4533
1787671434.280005382	s1-eth19	865653617	5190
1787671434.280005382	s1-eth2	6716	6716
1787671434.280005382	s1-eth20	1562	4603
1787671434.280005382	s1-eth21	1492	4533
1787671434.280005382	s1-eth22	1492	4384
1787671434.280005382	s1-eth23	216475298	5123
1787671434.280005382	s1-eth24	1492	4533
1787671434.280005382	s1-eth25	1492	4533
1787671434.280005382	s1-eth26	1492	4533
1787671434.280005382	s1-eth27	216551658	5053
1787671434.280005382	s1-eth28	1492	4533
1787671434.280005382	s1-eth29	1492	4533
1787671434.280005382	s1-eth3	866473005	5316
1787671434.280005382	s1-eth30	1492	4603
1787671434.280005382	s1-eth31	216662692	5228
1787671434.280005382	s1-eth32	1492	4533
1787671434.280005382	s1-eth33	1492	4533
1787671434.280005382	s1-eth34	1492	4533
1787671434.280005382	s1-eth4	1688	4799
1787671434.280005382	s1-eth5	1492	4533
1787671434.280005382	s1-eth6	1492	4533
1787671434.280005382	s1-eth7	216814172	5053
1787671434.280005382	s1-eth8	1492	4533
1787671434.280005382	s1-eth9	1562	4533
1787671434.280005382	s2-eth1	1374088175	693953187
1787671434.280005382	s2-eth10	1492	4603
1787671434.280005382	s2-eth11	216913822	5187
1787671434.280005382	s2-eth12	1492	4533
1787671434.280005382	s2-eth13	1562	4533
1787671434.280005382	s2-eth14	1562	4533
1787671434.280005382	s2-eth15	216942572	5053
1787671434.280005382	s2-eth16	1562	4533
1787671434.280005382	s2-eth17	1492	4533
1787671434.280005382	s2-eth18	1492	4533
1787671434.280005382	s2-eth19	2079	761509720
1787671434.280005382	s2-eth2	6673	6743
1787671434.280005382	s2-eth20	1562	4533
1787671434.280005382	s2-eth21	1492	4533
1787671434.280005382	s2-eth22	1492	4533
1787671434.280005382	s2-eth23	2012	202026685
1787671434.280005382	s2-eth24	1492	4603
1787671434.280005382	s2-eth25	1492	4533
1787671434.280005382	s2-eth26	1492	4533
1787671434.280005382	s2-eth27	2082	202134699
1787671434.280005382	s2-eth28	1492	4533
1787671434.280005382	s2-eth29	1492	4603
1787671434.280005382	s2-eth3	43464150	5120
1787671434.280005382	s2-eth30	1562	4533
1787671434.280005382	s2-eth31	2012	201805923
1787671434.280005382	s2-eth32	1492	4603
1787671434.280005382	s2-eth33	1492	4533
1787671434.280005382	s2-eth34	1492	4533
1787671434.280005382	s2-eth4	1492	4603
1787671434.280005382	s2-eth5	1492	4533
1787671434.280005382	s2-eth6	1492	4533
1787671434.280005382	s2-eth7	217464666	5187
1787671434.280005382	s2-eth8	1562	4533
1787671434.280005382	s2-eth9	1492	4638
1787671434.280005382	s3-eth1	1343673311	696023772
1787671434.280005382	s3-eth10	1492	4603
1787671434.280005382	s3-eth11	2079	197739561
1787671434.280005382	s3-eth12	1492	4603
1787671434.280005382	s3-eth13	1492	4533
1787671434.280005382	s3-eth14	1492	4533
1787671434.280005382	s3-eth15	2079	197729467
1787671434.280005382	s3-eth16	1492	4553
1787671434.280005382	s3-eth17	1492	4533
1787671434.280005382	s3-eth18	1492	4603
1787671434.280005382	s3-eth19	43557880	5190
1787671434.280005382	s3-eth2	6813	6813
1787671434.280005382	s3-eth20	1492	4603
1787671434.280005382	s3-eth21	1492	4533
1787671434.280005382	s3-eth22	1562	4533
1787671434.280005382	s3-eth23	217917232	5123
1787671434.280005382	s3-eth24	1492	4533
1787671434.280005382	s3-eth25	1492	4603
1787671434.280005382	s3-eth26	1562	4603
1787671434.280005382	s3-eth27	217999504	5190
1787671434.280005382	s3-eth28	1492	4603
1787671434.280005382	s3-eth29	1562	4533
1787671434.280005382	s3-eth3	2079	747553974
1787671434.280005382	s3-eth30	1492	4533
1787671434.280005382	s3-eth31	218042896	5120
1787671434.280005382	s3-eth32	1492	4533
1787671434.280005382	s3-eth33	1492	4533
1787671434.280005382	s3-eth34	1492	4533
1787671434.280005382	s3-eth4	1492	4533
1787671434.280005382	s3-eth5	1492	4533
1787671434.280005382	s3-eth6	1562	4533
1787671434.280005382	s3-eth7	2012	198557097
1787671434.280005382	s3-eth8	1562	4533
1787671434.280005382	s3-eth9	1492	4603
1787671434.280005382	s4-eth1	1379068259	11506
1787671434.280005382	s4-eth10	1562	4603
1787671434.280005382	s4-eth11	2146	212448031
1787671434.280005382	s4-eth12	1492	4443
1787671434.280005382	s4-eth13	1492	4603
1787671434.280005382	s4-eth14	1492	4533
1787671434.280005382	s4-eth15	2079	212283561
1787671434.280005382	s4-eth16	1492	4513
1787671434.280005382	s4-eth17	1492	4533
1787671434.280005382	s4-eth18	1492	4533
1787671434.280005382	s4-eth19	2079	43583993
1787671434.280005382	s4-eth2	6813	5119
1787671434.280005382	s4-eth20	1492	4400
1787671434.280005382	s4-eth21	1562	4533
1787671434.280005382	s4-eth22	1492	4533
1787671434.280005382	s4-eth23	2012	217986605
1787671434.280005382	s4-eth24	1402	4443
1787671434.280005382	s4-eth25	1402	4533
1787671434.280005382	s4-eth26	1492	4533
1787671434.280005382	s4-eth27	2079	218177027
1787671434.280005382	s4-eth28	1472	4603
1787671434.280005382	s4-eth29	1492	4400
1787671434.280005382	s4-eth3	2079	42630753
1787671434.280005382	s4-eth30	1402	4533
1787671434.280005382	s4-eth31	2079	218180023
1787671434.280005382	s4-eth32	1492	4603
1787671434.280005382	s4-eth33	1402	4533
1787671434.280005382	s4-eth34	1492	4443
1787671434.280005382	s4-eth4	1492	4603
1787671434.280005382	s4-eth5	1492	4603
1787671434.280005382	s4-eth6	1562	4533
1787671434.280005382	s4-eth7	2879	212820839
1787671434.280005382	s4-eth8	1492	4533
1787671434.280005382	s4-eth9	1492	4533
1787671434.280005382	s5-eth1	2917450486	9344
1787671434.280005382	s5-eth2	700392219	1387095082
1787671434.280005382	s5-eth3	12806	6743
1787671434.280005382	s5-eth4	6966	2084162434
1787671434.280005382	s6-eth1	6743	6743
1787671434.280005382	s6-eth2	6743	6673
1787671434.280005382	s6-eth3	6743	6813
1787671434.280005382	s6-eth4	6833	6813
1787671434.280005382	s7-eth1	700382733	1352130965
1787671434.280005382	s7-eth2	17638	1382954719
1787671434.280005382	s7-eth3	6743	12603
1787671434.280005382	s7-eth4	2059160638	6813
1787671434.280005382	s8-eth1	6813	6813
1787671434.280005382	s8-eth2	5119	6813
1787671434.280005382	s8-eth3	6813	5119
1787671434.280005382	s8-eth4	6833	6743
1787671434.280005382	s9-eth1	6743	12806
1787671434.280005382	s9-eth2	6813	6743
1787671434.280005382	s9-eth3	12603	6743
1787671434.280005382	s9-eth4	5119	6813
1787671440.665721532	s10-eth1	2084165753	6994
1787671440.665721532	s10-eth2	6840	6861
1787671440.665721532	s10-eth3	6840	2059163958
1787671440.665721532	s10-eth4	6770	6861
1787671440.665721532	s1-eth1	15238	2917457033
1787671440.665721532	s1-eth10	1492	4553
1787671440.665721532	s1-eth11	218878654	5922
1787671440.665721532	s1-eth12	1492	4533
1787671440.665721532	s1-eth13	1492	4533
1787671440.665721532	s1-eth14	1562	4533
1787671440.665721532	s1-eth15	218878725	5855
1787671440.665721532	s1-eth16	1562	4533
1787671440.665721532	s1-eth17	1562	4603
1787671440.665721532	s1-eth18	1562	4533
1787671440.665721532	s1-eth19	875501942	5923
1787671440.665721532	s1-eth2	6770	6770
1787671440.665721532	s1-eth20	1562	4603
1787671440.665721532	s1-eth21	1492	4533
1787671440.665721532	s1-eth22	1492	4384
1787671440.665721532	s1-eth23	218878579	5858
1787671440.665721532	s1-eth24	1492	4533
1787671440.665721532	s1-eth25	1562	4533
1787671440.665721532	s1-eth26	1492	4533
1787671440.665721532	s1-eth27	218875561	5786
1787671440.665721532	s1-eth28	1492	4603
1787671440.665721532	s1-eth29	1492	4603
1787671440.665721532	s1-eth3	875489294	6048
1787671440.665721532	s1-eth30	1492	4603
1787671440.665721532	s1-eth31	218878443	5960
1787671440.665721532	s1-eth32	1492	4533
1787671440.665721532	s1-eth33	1492	4533
1787671440.665721532	s1-eth34	1492	4533
1787671440.665721532	s1-eth4	1688	4799
1787671440.665721532	s1-eth5	1492	4533
1787671440.665721532	s1-eth6	1492	4533
1787671440.665721532	s1-eth7	218878516	5788
1787671440.665721532	s1-eth8	1492	4533
1787671440.665721532	s1-eth9	1562	4533
1787671440.665721532	s2-eth1	1387098337	700395179
1787671440.665721532	s2-eth10	1492	4603
1787671440.665721532	s2-eth11	218878664	5917
1787671440.665721532	s2-eth12	1492	4533
1787671440.665721532	s2-eth13	1562	4533
1787671440.665721532	s2-eth14	1562	4533
1787671440.665721532	s2-eth15	218878576	5785
1787671440.665721532	s2-eth16	1562	4533
1787671440.665721532	s2-eth17	1492	4533
1787671440.665721532	s2-eth18	1562	4533
1787671440.665721532	s2-eth19	2812	767888526
1787671440.665721532	s2-eth2	6700	6770
1787671440.665721532	s2-eth20	1562	4533
1787671440.665721532	s2-eth21	1492	4533
1787671440.665721532	s2-eth22	1492	4533
1787671440.665721532	s2-eth23	2747	203628147
1787671440.665721532	s2-eth24	1492	4603
1787671440.665721532	s2-eth25	1492	4533
1787671440.665721532	s2-eth26	1492	4533
1787671440.665721532	s2-eth27	2815	203663993
1787671440.665721532	s2-eth28	1492	4533
1787671440.665721532	s2-eth29	1562	4603
1787671440.665721532	s2-eth3	43779345	5849
1787671440.665721532	s2-eth30	1562	4603
1787671440.665721532	s2-eth31	2814	203250137
1787671440.665721532	s2-eth32	1492	4603
1787671440.665721532	s2-eth33	1492	4533
1787671440.665721532	s2-eth34	1492	4533
1787671440.665721532	s2-eth4	1492	4603
1787671440.665721532	s2-eth5	1492	4533
1787671440.665721532	s2-eth6	1492	4533
1787671440.665721532	s2-eth7	218877226	5920
1787671440.665721532	s2-eth8	1562	4533
1787671440.665721532	s2-eth9	1492	4638
1787671440.665721532	s3-eth1	1352134284	700385694
1787671440.665721532	s3-eth10	1492	4603
1787671440.665721532	s3-eth11	2811	198951680
1787671440.665721532	s3-eth12	1492	4603
1787671440.665721532	s3-eth13	1492	4533
1787671440.665721532	s3-eth14	1492	4533
1787671440.665721532	s3-eth15	2814	198834879
1787671440.665721532	s3-eth16	1492	4553
1787671440.665721532	s3-eth17	1492	4533
1787671440.665721532	s3-eth18	1492	4603
1787671440.665721532	s3-eth19	43777903	5918
1787671440.665721532	s3-eth2	6840	6840
1787671440.665721532	s3-eth20	1492	4603
1787671440.665721532	s3-eth21	1492	4533
1787671440.665721532	s3-eth22	1562	4533
1787671440.665721532	s3-eth23	218878754	5997
1787671440.665721532	s3-eth24	1492	4533
1787671440.665721532	s3-eth25	1492	4603
1787671440.665721532	s3-eth26	1562	4603
1787671440.665721532	s3-eth27	218878972	6065
1787671440.665721532	s3-eth28	1492	4603
1787671440.665721532	s3-eth29	1562	4533
1787671440.665721532	s3-eth3	2811	749970162
1787671440.665721532	s3-eth30	1492	4533
1787671440.665721532	s3-eth31	218878656	5851
1787671440.665721532	s3-eth32	1492	4533
1787671440.665721532	s3-eth33	1492	4533
1787671440.665721532	s3-eth34	1492	4533
1787671440.665721532	s3-eth4	1492	4533
1787671440.665721532	s3-eth5	1492	4533
1787671440.665721532	s3-eth6	1562	4533
1787671440.665721532	s3-eth7	2747	199124578
1787671440.665721532	s3-eth8	1562	4533
1787671440.665721532	s3-eth9	1562	4603
1787671440.665721532	s4-eth1	1382954746	17665
1787671440.665721532	s4-eth10	1562	4603
1787671440.665721532	s4-eth11	2876	212989619
1787671440.665721532	s4-eth12	1492	4443
1787671440.665721532	s4-eth13	1492	4603
1787671440.665721532	s4-eth14	1492	4533
1787671440.665721532	s4-eth15	2811	212777565
1787671440.665721532	s4-eth16	1492	4513
1787671440.665721532	s4-eth17	1492	4533
1787671440.665721532	s4-eth18	1492	4533
1787671440.665721532	s4-eth19	2807	43661258
1787671440.665721532	s4-eth2	6840	5146
1787671440.665721532	s4-eth20	1492	4400
1787671440.665721532	s4-eth21	1562	4533
1787671440.665721532	s4-eth22	1492	4533
1787671440.665721532	s4-eth23	2886	218248757
1787671440.665721532	s4-eth24	1402	4443
1787671440.665721532	s4-eth25	1402	4533
1787671440.665721532	s4-eth26	1492	4533
1787671440.665721532	s4-eth27	2954	218283583
1787671440.665721532	s4-eth28	1472	4603
1787671440.665721532	s4-eth29	1492	4400
1787671440.665721532	s4-eth3	2808	42634476
1787671440.665721532	s4-eth30	1402	4533
1787671440.665721532	s4-eth31	2810	218206821
1787671440.665721532	s4-eth32	1492	4603
1787671440.665721532	s4-eth33	1402	4533
1787671440.665721532	s4-eth34	1492	4443
1787671440.665721532	s4-eth4	1492	4603
1787671440.665721532	s4-eth5	1492	4603
1787671440.665721532	s4-eth6	1562	4533
1787671440.665721532	s4-eth7	2879	212820839
1787671440.665721532	s4-eth8	1492	4533
1787671440.665721532	s4-eth9	1492	4533
1787671440.665721532	s5-eth1	2917457033	15238
1787671440.665721532	s5-eth2	700395179	1387098337
1787671440.665721532	s5-eth3	15767	6770
1787671440.665721532	s5-eth4	6994	2084165753
1787671440.665721532	s6-eth1	6770	6770
1787671440.665721532	s6-eth2	6770	6700
1787671440.665721532	s6-eth3	6770	6840
1787671440.665721532	s6-eth4	6861	6840
1787671440.665721532	s7-eth1	700385694	1352134284
1787671440.665721532	s7-eth2	17665	1382954746
1787671440.665721532	s7-eth3	6770	15564
1787671440.665721532	s7-eth4	2059163958	6840
1787671440.665721532	s8-eth1	6840	6840
1787671440.665721532	s8-eth2	5146	6840
1787671440.665721532	s8-eth3	6840	5146
1787671440.665721532	s8-eth4	6861	6770
1787671440.665721532	s9-eth1	6770	15767
1787671440.665721532	s9-eth2	6840	6770
1787671440.665721532	s9-eth3	15564	6770
1787671440.665721532	s9-eth4	5146	6840
1787671443.303390188	s10-eth1	2084165753	6994
1787671443.303390188	s10-eth2	6840	6861
1787671443.303390188	s10-eth3	6840	2059163958
1787671443.303390188	s10-eth4	6770	6861
1787671443.303390188	s1-eth1	15238	2917457033
1787671443.303390188	s1-eth10	1492	4553
1787671443.303390188	s1-eth11	218878654	5922
1787671443.303390188	s1-eth12	1492	4533
1787671443.303390188	s1-eth13	1492	4533
1787671443.303390188	s1-eth14	1562	4533
1787671443.303390188	s1-eth15	218878725	5855
1787671443.303390188	s1-eth16	1562	4533
1787671443.303390188	s1-eth17	1562	4603
1787671443.303390188	s1-eth18	1562	4533
1787671443.303390188	s1-eth19	875501942	5923
1787671443.303390188	s1-eth2	6770	6770
1787671443.303390188	s1-eth20	1562	4603
1787671443.303390188	s1-eth21	1492	4533
1787671443.303390188	s1-eth22	1492	4384
1787671443.303390188	s1-eth23	218878579	5858
1787671443.303390188	s1-eth24	1492	4533
1787671443.303390188	s1-eth25	1562	4533
1787671443.303390188	s1-eth26	1492	4533
1787671443.303390188	s1-eth27	218875561	5786
1787671443.303390188	s1-eth28	1492	4603
1787671443.303390188	s1-eth29	1492	4603
1787671443.303390188	s1-eth3	875489294	6048
1787671443.303390188	s1-eth30	1492	4603
1787671443.303390188	s1-eth31	218878443	5960
1787671443.303390188	s1-eth32	1492	4533
1787671443.303390188	s1-eth33	1492	4533
1787671443.303390188	s1-eth34	1492	4603
1787671443.303390188	s1-eth4	1688	4799
1787671443.303390188	s1-eth5	1492	4533
1787671443.303390188	s1-eth6	1492	4533
1787671443.303390188	s1-eth7	218878516	5788
1787671443.303390188	s1-eth8	1492	4603
1787671443.303390188	s1-eth9	1562	4533
1787671443.303390188	s2-eth1	1387098337	700395179
1787671443.303390188	s2-eth10	1492	4603
1787671443.303390188	s2-eth11	218878664	5917
1787671443.303390188	s2-eth12	1492	4533
1787671443.303390188	s2-eth13	1562	4533
1787671443.303390188	s2-eth14	1562	4533
1787671443.303390188	s2-eth15	218878576	5785
1787671443.303390188	s2-eth16	1562	4533
1787671443.303390188	s2-eth17	1562	4533
1787671443.303390188	s2-eth18	1562	4533
1787671443.303390188	s2-eth19	2812	767888526
1787671443.303390188	s2-eth2	6700	6770
1787671443.303390188	s2-eth20	1562	4533
1787671443.303390188	s2-eth21	1492	4533
1787671443.303390188	s2-eth22	1492	4533
1787671443.303390188	s2-eth23	2747	203628147
1787671443.303390188	s2-eth24	1492	4603
1787671443.303390188	s2-eth25	1492	4533
1787671443.303390188	s2-eth26	1492	4533
1787671443.303390188	s2-eth27	2815	203663993
1787671443.303390188	s2-eth28	1492	4533
1787671443.303390188	s2-eth29	1562	4603
1787671443.303390188	s2-eth3	43779345	5849
1787671443.303390188	s2-eth30	1562	4603
1787671443.303390188	s2-eth31	2814	203250137
1787671443.303390188	s2-eth32	1492	4603
1787671443.303390188	s2-eth33	1492	4533
1787671443.303390188	s2-eth34	1492	4533
1787671443.303390188	s2-eth4	1492	4603
1787671443.303390188	s2-eth5	1492	4533
1787671443.303390188	s2-eth6	1492	4533
1787671443.303390188	s2-eth7	218877226	5920
1787671443.303390188	s2-eth8	1562	4533
1787671443.303390188	s2-eth9	1492	4708
1787671443.303390188	s3-eth1	1352134354	700385694
1787671443.303390188	s3-eth10	1492	4603
1787671443.303390188	s3-eth11	2811	198951680
1787671443.303390188	s3-eth12	1492	4603
1787671443.303390188	s3-eth13	1492	4533
1787671443.303390188	s3-eth14	1492	4603
1787671443.303390188	s3-eth15	2814	198834879
1787671443.303390188	s3-eth16	1492	4553
1787671443.303390188	s3-eth17	1562	4533
1787671443.303390188	s3-eth18	1492	4603
1787671443.303390188	s3-eth19	43777903	5918
1787671443.303390188	s3-eth2	6840	6840
1787671443.303390188	s3-eth20	1492	4603
1787671443.303390188	s3-eth21	1492	4533
1787671443.303390188	s3-eth22	1562	4533
1787671443.303390188	s3-eth23	218878754	5997
1787671443.303390188	s3-eth24	1492	4533
1787671443.303390188	s3-eth25	1492	4603
1787671443.303390188	s3-eth26	1562	4603
1787671443.303390188	s3-eth27	218878972	6065
1787671443.303390188	s3-eth28	1492	4603
1787671443.303390188	s3-eth29	1562	4533
1787671443.303390188	s3-eth3	2811	749970162
1787671443.303390188	s3-eth30	1492	4533
1787671443.303390188	s3-eth31	218878656	5851
1787671443.303390188	s3-eth32	1492	4603
1787671443.303390188	s3-eth33	1492	4533
1787671443.303390188	s3-eth34	1492	4533
1787671443.303390188	s3-eth4	1492	4533
1787671443.303390188	s3-eth5	1492	4533
1787671443.303390188	s3-eth6	1562	4533
1787671443.303390188	s3-eth7	2747	199124578
1787671443.303390188	s3-eth8	1562	4533
1787671443.303390188	s3-eth9	1562	4603
1787671443.303390188	s4-eth1	1382954746	17665
1787671443.303390188	s4-eth10	1562	4603
1787671443.303390188	s4-eth11	2876	212989619
1787671443.303390188	s4-eth12	1492	4443
1787671443.303390188	s4-eth13	1492	4603
1787671443.303390188	s4-eth14	1492	4533
1787671443.303390188	s4-eth15	2811	212777565
1787671443.303390188	s4-eth16	1492	4513
1787671443.303390188	s4-eth17	1492	4533
1787671443.303390188	s4-eth18	1492	4533
1787671443.303390188	s4-eth19	2807	43661258
1787671443.303390188	s4-eth2	6840	5146
1787671443.303390188	s4-eth20	1492	4400
1787671443.303390188	s4-eth21	1562	4533
1787671443.303390188	s4-eth22	1492	4533
1787671443.303390188	s4-eth23	2886	218248827
1787671443.303390188	s4-eth24	1402	4443
1787671443.303390188	s4-eth25	1402	4533
1787671443.303390188	s4-eth26	1492	4603
1787671443.303390188	s4-eth27	2954	218283583
1787671443.303390188	s4-eth28	1472	4603
1787671443.303390188	s4-eth29	1492	4400
1787671443.303390188	s4-eth3	2808	42634476
1787671443.303390188	s4-eth30	1402	4533
1787671443.303390188	s4-eth31	2810	218206821
1787671443.303390188	s4-eth32	1492	4603
1787671443.303390188	s4-eth33	1402	4533
1787671443.303390188	s4-eth34	1562	4443
1787671443.303390188	s4-eth4	1492	4603
1787671443.303390188	s4-eth5	1492	4603
1787671443.303390188	s4-eth6	1562	4533
1787671443.303390188	s4-eth7	2879	212820839
1787671443.303390188	s4-eth8	1492	4533
1787671443.303390188	s4-eth9	1492	4533
1787671443.303390188	s5-eth1	2917457033	15238
1787671443.303390188	s5-eth2	700395179	1387098337
1787671443.303390188	s5-eth3	15767	6770
1787671443.303390188	s5-eth4	6994	2084165753
1787671443.303390188	s6-eth1	6770	6770
1787671443.303390188	s6-eth2	6770	6700
1787671443.303390188	s6-eth3	6770	6840
1787671443.303390188	s6-eth4	6861	6840
1787671443.303390188	s7-eth1	700385694	1352134354
1787671443.303390188	s7-eth2	17665	1382954746
1787671443.303390188	s7-eth3	6770	15564
1787671443.303390188	s7-eth4	2059163958	6840
1787671443.303390188	s8-eth1	6840	6840
1787671443.303390188	s8-eth2	5146	6840
1787671443.303390188	s8-eth3	6840	5146
1787671443.303390188	s8-eth4	6861	6770
1787671443.303390188	s9-eth1	6770	15767
1787671443.303390188	s9-eth2	6840	6770
1787671443.303390188	s9-eth3	15564	6770
1787671443.303390188	s9-eth4	5146	6840
1787671445.950312375	s10-eth1	2084165780	7022
1787671445.950312375	s10-eth2	6867	6889
1787671445.950312375	s10-eth3	6867	2059163986
1787671445.950312375	s10-eth4	6797	6889
1787671445.950312375	s1-eth1	15265	2917457060
1787671445.950312375	s1-eth10	1492	4553
1787671445.950312375	s1-eth11	218878654	5922
1787671445.950312375	s1-eth12	1492	4533
1787671445.950312375	s1-eth13	1492	4533
1787671445.950312375	s1-eth14	1562	4533
1787671445.950312375	s1-eth15	218878725	5855
1787671445.950312375	s1-eth16	1562	4533
1787671445.950312375	s1-eth17	1562	4603
1787671445.950312375	s1-eth18	1562	4533
1787671445.950312375	s1-eth19	875501942	5923
1787671445.950312375	s1-eth2	6797	6797
1787671445.950312375	s1-eth20	1562	4603
1787671445.950312375	s1-eth21	1492	4533
1787671445.950312375	s1-eth22	1492	4384
1787671445.950312375	s1-eth23	218878579	5858
1787671445.950312375	s1-eth24	1492	4533
1787671445.950312375	s1-eth25	1562	4533
1787671445.950312375	s1-eth26	1492	4533
1787671445.950312375	s1-eth27	218875561	5786
1787671445.950312375	s1-eth28	1492	4603
1787671445.950312375	s1-eth29	1492	4603
1787671445.950312375	s1-eth3	875489294	6048
1787671445.950312375	s1-eth30	1492	4603
1787671445.950312375	s1-eth31	218878443	5960
1787671445.950312375	s1-eth32	1492	4603
1787671445.950312375	s1-eth33	1492	4533
1787671445.950312375	s1-eth34	1492	4603
1787671445.950312375	s1-eth4	1688	4799
1787671445.950312375	s1-eth5	1492	4533
1787671445.950312375	s1-eth6	1562	4533
1787671445.950312375	s1-eth7	218878516	5788
1787671445.950312375	s1-eth8	1492	4603
1787671445.950312375	s1-eth9	1562	4533
1787671445.950312375	s2-eth1	1387098364	700395206
1787671445.950312375	s2-eth10	1562	4603
1787671445.950312375	s2-eth11	218878664	5917
1787671445.950312375	s2-eth12	1492	4533
1787671445.950312375	s2-eth13	1562	4533
1787671445.950312375	s2-eth14	1562	4533
1787671445.950312375	s2-eth15	218878576	5785
1787671445.950312375	s2-eth16	1562	4533
1787671445.950312375	s2-eth17	1562	4533
1787671445.950312375	s2-eth18	1562	4533
1787671445.950312375	s2-eth19	2812	767888526
1787671445.950312375	s2-eth2	6727	6797
1787671445.950312375	s2-eth20	1562	4533
1787671445.950312375	s2-eth21	1562	4533
1787671445.950312375	s2-eth22	1492	4533
1787671445.950312375	s2-eth23	2747	203628147
1787671445.950312375	s2-eth24	1492	4603
1787671445.950312375	s2-eth25	1492	4533
1787671445.950312375	s2-eth26	1492	4533
1787671445.950312375	s2-eth27	2815	203663993
1787671445.950312375	s2-eth28	1492	4533
1787671445.950312375	s2-eth29	1562	4603
1787671445.950312375	s2-eth3	43779345	5849
1787671445.950312375	s2-eth30	1562	4603
1787671445.950312375	s2-eth31	2814	203250137
1787671445.950312375	s2-eth32	1492	4603
1787671445.950312375	s2-eth33	1492	4533
1787671445.950312375	s2-eth34	1492	4533
1787671445.950312375	s2-eth4	1492	4603
1787671445.950312375	s2-eth5	1492	4533
1787671445.950312375	s2-eth6	1492	4533
1787671445.950312375	s2-eth7	218877226	5920
1787671445.950312375	s2-eth8	1562	4533
1787671445.950312375	s2-eth9	1492	4708
1787671445.950312375	s3-eth1	1352134381	700385721
1787671445.950312375	s3-eth10	1492	4603
1787671445.950312375	s3-eth11	2811	198951680
1787671445.950312375	s3-eth12	1492	4603
1787671445.950312375	s3-eth13	1562	4533
1787671445.950312375	s3-eth14	1492	4603
1787671445.950312375	s3-eth15	2814	198834879
1787671445.950312375	s3-eth16	1492	4553
1787671445.950312375	s3-eth17	1562	4533
1787671445.950312375	s3-eth18	1492	4603
1787671445.950312375	s3-eth19	43777903	5918
1787671445.950312375	s3-eth2	6867	6867
1787671445.950312375	s3-eth20	1492	4603
1787671445.950312375	s3-eth21	1492	4533
1787671445.950312375	s3-eth22	1562	4533
1787671445.950312375	s3-eth23	218878754	5997
1787671445.950312375	s3-eth24	1492	4533
1787671445.950312375	s3-eth25	1492	4603
1787671445.950312375	s3-eth26	1562	4603
1787671445.950312375	s3-eth27	218878972	6065
1787671445.950312375	s3-eth28	1492	4603
1787671445.950312375	s3-eth29	1562	4533
1787671445.950312375	s3-eth3	2811	749970162
1787671445.950312375	s3-eth30	1492	4533
1787671445.950312375	s3-eth31	218878656	5851
1787671445.950312375	s3-eth32	1492	4603
1787671445.950312375	s3-eth33	1492	4533
1787671445.950312375	s3-eth34	1492	4533
1787671445.950312375	s3-eth4	1492	4533
1787671445.950312375	s3-eth5	1492	4533
1787671445.950312375	s3-eth6	1562	4533
1787671445.950312375	s3-eth7	2747	199124578
1787671445.950312375	s3-eth8	1562	4533
1787671445.950312375	s3-eth9	1562	4603
1787671445.950312375	s4-eth1	1382954773	17692
1787671445.950312375	s4-eth10	1562	4603
1787671445.950312375	s4-eth11	2876	212989619
1787671445.950312375	s4-eth12	1492	4443
1787671445.950312375	s4-eth13	1492	4603
1787671445.950312375	s4-eth14	1492	4533
1787671445.950312375	s4-eth15	2811	212777565
1787671445.950312375	s4-eth16	1492	4513
1787671445.950312375	s4-eth17	1492	4533
1787671445.950312375	s4-eth18	1492	4533
1787671445.950312375	s4-eth19	2807	43661258
1787671445.950312375	s4-eth2	6867	5243
1787671445.950312375	s4-eth20	1492	4400
1787671445.950312375	s4-eth21	1562	4533
1787671445.950312375	s4-eth22	1492	4533
1787671445.950312375	s4-eth23	2886	218248827
1787671445.950312375	s4-eth24	1402	4443
1787671445.950312375	s4-eth25	1402	4533
1787671445.950312375	s4-eth26	1492	4603
1787671445.950312375	s4-eth27	2954	218283583
1787671445.950312375	s4-eth28	1472	4603
1787671445.950312375	s4-eth29	1492	4400
1787671445.950312375	s4-eth3	2808	42634476
1787671445.950312375	s4-eth30	1402	4533
1787671445.950312375	s4-eth31	2810	218206821
1787671445.950312375	s4-eth32	1492	4603
1787671445.950312375	s4-eth33	1402	4533
1787671445.950312375	s4-eth34	1562	4443
1787671445.950312375	s4-eth4	1492	4603
1787671445.950312375	s4-eth5	1492	4603
1787671445.950312375	s4-eth6	1562	4533
1787671445.950312375	s4-eth7	2879	212820839
1787671445.950312375	s4-eth8	1492	4533
1787671445.950312375	s4-eth9	1492	4533
1787671445.950312375	s5-eth1	2917457060	15265
1787671445.950312375	s5-eth2	700395206	1387098364
1787671445.950312375	s5-eth3	15794	6797
1787671445.950312375	s5-eth4	7022	2084165780
1787671445.950312375	s6-eth1	6797	6797
1787671445.950312375	s6-eth2	6797	6727
1787671445.950312375	s6-eth3	6797	6867
1787671445.950312375	s6-eth4	6889	6867
1787671445.950312375	s7-eth1	700385721	1352134381
1787671445.950312375	s7-eth2	17692	1382954773
1787671445.950312375	s7-eth3	6797	15591
1787671445.950312375	s7-eth4	2059163986	6867
1787671445.950312375	s8-eth1	6867	6867
1787671445.950312375	s8-eth2	5243	6867
1787671445.950312375	s8-eth3	6867	5173
1787671445.950312375	s8-eth4	6889	6797
1787671445.950312375	s9-eth1	6797	15794
1787671445.950312375	s9-eth2	6867	6797
1787671445.950312375	s9-eth3	15591	6797
1787671445.950312375	s9-eth4	5173	6867
1787671448.625942413	s10-eth1	2084165780	7022
1787671448.625942413	s10-eth2	6867	6889
1787671448.625942413	s10-eth3	6867	2059163986
1787671448.625942413	s10-eth4	6797	6889
1787671448.625942413	s1-eth1	15265	2917457060
1787671448.625942413	s1-eth10	1492	4553
1787671448.625942413	s1-eth11	218878654	5922
1787671448.625942413	s1-eth12	1492	4533
1787671448.625942413	s1-eth13	1492	4533
1787671448.625942413	s1-eth14	1562	4533
1787671448.625942413	s1-eth15	218878725	5855
1787671448.625942413	s1-eth16	1562	4533
1787671448.625942413	s1-eth17	1562	4603
1787671448.625942413	s1-eth18	1562	4533
1787671448.625942413	s1-eth19	875501942	5923
1787671448.625942413	s1-eth2	6797	6797
1787671448.625942413	s1-eth20	1562	4603
1787671448.625942413	s1-eth21	1492	4533
1787671448.625942413	s1-eth22	1492	4384
1787671448.625942413	s1-eth23	218878579	5858
1787671448.625942413	s1-eth24	1492	4533
1787671448.625942413	s1-eth25	1562	4533
1787671448.625942413	s1-eth26	1492	4533
1787671448.625942413	s1-eth27	218875561	5786
1787671448.625942413	s1-eth28	1492	4603
1787671448.625942413	s1-eth29	1492	4603
1787671448.625942413	s1-eth3	875489294	6048
1787671448.625942413	s1-eth30	1492	4603
1787671448.625942413	s1-eth31	218878443	5960
1787671448.625942413	s1-eth32	1492	4603
1787671448.625942413	s1-eth33	1492	4533
1787671448.625942413	s1-eth34	1492	4603
1787671448.625942413	s1-eth4	1688	4799
1787671448.625942413	s1-eth5	1492	4533
1787671448.625942413	s1-eth6	1562	4533
1787671448.625942413	s1-eth7	218878516	5788
1787671448.625942413	s1-eth8	1492	4603
1787671448.625942413	s1-eth9	1562	4533
1787671448.625942413	s2-eth1	1387098364	700395206
1787671448.625942413	s2-eth10	1562	4603
1787671448.625942413	s2-eth11	218878664	5917
1787671448.625942413	s2-eth12	1492	4533
1787671448.625942413	s2-eth13	1562	4533
1787671448.625942413	s2-eth14	1562	4533
1787671448.625942413	s2-eth15	218878576	5785
1787671448.625942413	s2-eth16	1562	4533
1787671448.625942413	s2-eth17	1562	4533
1787671448.625942413	s2-eth18	1562	4533
1787671448.625942413	s2-eth19	2812	767888526
1787671448.625942413	s2-eth2	6727	6797
1787671448.625942413	s2-eth20	1562	4533
1787671448.625942413	s2-eth21	1562	4533
1787671448.625942413	s2-eth22	1492	4533
1787671448.625942413	s2-eth23	2747	203628147
1787671448.625942413	s2-eth24	1492	4603
1787671448.625942413	s2-eth25	1492	4533
1787671448.625942413	s2-eth26	1492	4533
1787671448.625942413	s2-eth27	2815	203663993
1787671448.625942413	s2-eth28	1492	4533
1787671448.625942413	s2-eth29	1562	4603
1787671448.625942413	s2-eth3	43779345	5849
1787671448.625942413	s2-eth30	1562	4603
1787671448.625942413	s2-eth31	2814	203250137
1787671448.625942413	s2-eth32	1492	4603
1787671448.625942413	s2-eth33	1492	4533
1787671448.625942413	s2-eth34	1492	4533
1787671448.625942413	s2-eth4	1492	4603
1787671448.625942413	s2-eth5	1492	4533
1787671448.625942413	s2-eth6	1492	4533
1787671448.625942413	s2-eth7	218877226	5920
1787671448.625942413	s2-eth8	1562	4533
1787671448.625942413	s2-eth9	1492	4708
1787671448.625942413	s3-eth1	1352134381	700385721
1787671448.625942413	s3-eth10	1492	4603
1787671448.625942413	s3-eth11	2811	198951680
1787671448.625942413	s3-eth12	1492	4603
1787671448.625942413	s3-eth13	1562	4533
1787671448.625942413	s3-eth14	1492	4603
1787671448.625942413	s3-eth15	2814	198834879
1787671448.625942413	s3-eth16	1492	4553
1787671448.625942413	s3-eth17	1562	4533
1787671448.625942413	s3-eth18	1492	4603
1787671448.625942413	s3-eth19	43777903	5918
1787671448.625942413	s3-eth2	6867	6867
1787671448.625942413	s3-eth20	1492	4603
1787671448.625942413	s3-eth21	1492	4533
1787671448.625942413	s3-eth22	1562	4533
1787671448.625942413	s3-eth23	218878754	5997
1787671448.625942413	s3-eth24	1492	4533
1787671448.625942413	s3-eth25	1492	4603
1787671448.625942413	s3-eth26	1562	4603
1787671448.625942413	s3-eth27	218878972	6065
1787671448.625942413	s3-eth28	1492	4603
1787671448.625942413	s3-eth29	1562	4533
1787671448.625942413	s3-eth3	2811	749970162
1787671448.625942413	s3-eth30	1492	4533
1787671448.625942413	s3-eth31	218878656	5851
1787671448.625942413	s3-eth32	1492	4603
1787671448.625942413	s3-eth33	1492	4533
1787671448.625942413	s3-eth34	1492	4533
1787671448.625942413	s3-eth4	1492	4533
1787671448.625942413	s3-eth5	1492	4533
1787671448.625942413	s3-eth6	1562	4533
1787671448.625942413	s3-eth7	2747	199124578
1787671448.625942413	s3-eth8	1562	4533
1787671448.625942413	s3-eth9	1562	4603
1787671448.625942413	s4-eth1	1382954773	17692
1787671448.625942413	s4-eth10	1562	4603
1787671448.625942413	s4-eth11	2876	212989619
1787671448.625942413	s4-eth12	1492	4443
1787671448.625942413	s4-eth13	1492	4603
1787671448.625942413	s4-eth14	1492	4533
1787671448.625942413	s4-eth15	2811	212777565
1787671448.625942413	s4-eth16	1492	4513
1787671448.625942413	s4-eth17	1492	4533
1787671448.625942413	s4-eth18	1492	4533
1787671448.625942413	s4-eth19	2807	43661258
1787671448.625942413	s4-eth2	6867	5243
1787671448.625942413	s4-eth20	1492	4400
1787671448.625942413	s4-eth21	1562	4533
1787671448.625942413	s4-eth22	1492	4533
1787671448.625942413	s4-eth23	2886	218248827
1787671448.625942413	s4-eth24	1402	4443
1787671448.625942413	s4-eth25	1402	4533
1787671448.625942413	s4-eth26	1492	4603
1787671448.625942413	s4-eth27	2954	218283583
1787671448.625942413	s4-eth28	1472	4603
1787671448.625942413	s4-eth29	1492	4400
1787671448.625942413	s4-eth3	2808	42634476
1787671448.625942413	s4-eth30	1402	4533
1787671448.625942413	s4-eth31	2810	218206821
1787671448.625942413	s4-eth32	1492	4603
1787671448.625942413	s4-eth33	1402	4533
1787671448.625942413	s4-eth34	1562	4443
1787671448.625942413	s4-eth4	1492	4603
1787671448.625942413	s4-eth5	1492	4603
1787671448.625942413	s4-eth6	1562	4533
1787671448.625942413	s4-eth7	2879	212820839
1787671448.625942413	s4-eth8	1492	4533
1787671448.625942413	s4-eth9	1492	4533
1787671448.625942413	s5-eth1	2917457060	15265
1787671448.625942413	s5-eth2	700395206	1387098364
1787671448.625942413	s5-eth3	15794	6797
1787671448.625942413	s5-eth4	7022	2084165780
1787671448.625942413	s6-eth1	6797	6797
1787671448.625942413	s6-eth2	6797	6727
1787671448.625942413	s6-eth3	6797	6867
1787671448.625942413	s6-eth4	6889	6867
1787671448.625942413	s7-eth1	700385721	1352134381
1787671448.625942413	s7-eth2	17692	1382954773
1787671448.625942413	s7-eth3	6797	15591
1787671448.625942413	s7-eth4	2059163986	6867
1787671448.625942413	s8-eth1	6867	6867
1787671448.625942413	s8-eth2	5243	6867
1787671448.625942413	s8-eth3	6867	5173
1787671448.625942413	s8-eth4	6889	6797
1787671448.625942413	s9-eth1	6797	15794
1787671448.625942413	s9-eth2	6867	6797
1787671448.625942413	s9-eth3	15591	6797
1787671448.625942413	s9-eth4	5173	6867
1787671451.275460655	s10-eth1	2084165807	7050
1787671451.275460655	s10-eth2	6894	6917
1787671451.275460655	s10-eth3	6894	2059164014
1787671451.275460655	s10-eth4	6824	6917
1787671451.275460655	s1-eth1	15292	2917457087
1787671451.275460655	s1-eth10	1492	4623
1787671451.275460655	s1-eth11	218878654	5922
1787671451.275460655	s1-eth12	1492	4533
1787671451.275460655	s1-eth13	1492	4533
1787671451.275460655	s1-eth14	1562	4533
1787671451.275460655	s1-eth15	218878725	5855
1787671451.275460655	s1-eth16	1562	4603
1787671451.275460655	s1-eth17	1562	4603
1787671451.275460655	s1-eth18	1562	4533
1787671451.275460655	s1-eth19	875501942	5923
1787671451.275460655	s1-eth2	6824	6824
1787671451.275460655	s1-eth20	1562	4603
1787671451.275460655	s1-eth21	1492	4533
1787671451.275460655	s1-eth22	1492	4384
1787671451.275460655	s1-eth23	218878579	5858
1787671451.275460655	s1-eth24	1492	4533
1787671451.275460655	s1-eth25	1562	4533
1787671451.275460655	s1-eth26	1492	4533
1787671451.275460655	s1-eth27	218875561	5786
1787671451.275460655	s1-eth28	1492	4603
1787671451.275460655	s1-eth29	1492	4603
1787671451.275460655	s1-eth3	875489294	6048
1787671451.275460655	s1-eth30	1492	4603
1787671451.275460655	s1-eth31	218878443	5960
1787671451.275460655	s1-eth32	1492	4603
1787671451.275460655	s1-eth33	1492	4533
1787671451.275460655	s1-eth34	1492	4603
1787671451.275460655	s1-eth4	1688	4799
1787671451.275460655	s1-eth5	1492	4533
1787671451.275460655	s1-eth6	1562	4533
1787671451.275460655	s1-eth7	218878516	5788
1787671451.275460655	s1-eth8	1492	4603
1787671451.275460655	s1-eth9	1562	4533
1787671451.275460655	s2-eth1	1387098391	700395233
1787671451.275460655	s2-eth10	1562	4603
1787671451.275460655	s2-eth11	218878664	5917
1787671451.275460655	s2-eth12	1492	4533
1787671451.275460655	s2-eth13	1562	4533
1787671451.275460655	s2-eth14	1562	4533
1787671451.275460655	s2-eth15	218878576	5785
1787671451.275460655	s2-eth16	1562	4533
1787671451.275460655	s2-eth17	1562	4533
1787671451.275460655	s2-eth18	1562	4533
1787671451.275460655	s2-eth19	2812	767888526
1787671451.275460655	s2-eth2	6754	6824
1787671451.275460655	s2-eth20	1562	4533
1787671451.275460655	s2-eth21	1562	4533
1787671451.275460655	s2-eth22	1492	4533
1787671451.275460655	s2-eth23	2747	203628147
1787671451.275460655	s2-eth24	1492	4603
1787671451.275460655	s2-eth25	1492	4533
1787671451.275460655	s2-eth26	1492	4533
1787671451.275460655	s2-eth27	2815	203663993
1787671451.275460655	s2-eth28	1492	4533
1787671451.275460655	s2-eth29	1562	4603
1787671451.275460655	s2-eth3	43779345	5849
1787671451.275460655	s2-eth30	1562	4603
1787671451.275460655	s2-eth31	2814	203250137
1787671451.275460655	s2-eth32	1492	4603
1787671451.275460655	s2-eth33	1492	4533
1787671451.275460655	s2-eth34	1492	4533
1787671451.275460655	s2-eth4	1562	4603
1787671451.275460655	s2-eth5	1492	4533
1787671451.275460655	s2-eth6	1492	4533
1787671451.275460655	s2-eth7	218877226	5920
1787671451.275460655	s2-eth8	1562	4533
1787671451.275460655	s2-eth9	1492	4708
1787671451.275460655	s3-eth1	1352134408	700385748
1787671451.275460655	s3-eth10	1492	4603
1787671451.275460655	s3-eth11	2811	198951680
1787671451.275460655	s3-eth12	1492	4603
1787671451.275460655	s3-eth13	1562	4533
1787671451.275460655	s3-eth14	1492	4603
1787671451.275460655	s3-eth15	2884	198834879
1787671451.275460655	s3-eth16	1492	4553
1787671451.275460655	s3-eth17	1562	4533
1787671451.275460655	s3-eth18	1492	4603
1787671451.275460655	s3-eth19	43777903	5918
1787671451.275460655	s3-eth2	6894	6894
1787671451.275460655	s3-eth20	1492	4603
1787671451.275460655	s3-eth21	1492	4533
1787671451.275460655	s3-eth22	1562	4533
1787671451.275460655	s3-eth23	218878754	5997
1787671451.275460655	s3-eth24	1492	4533
1787671451.275460655	s3-eth25	1492	4603
1787671451.275460655	s3-eth26	1562	4603
1787671451.275460655	s3-eth27	218878972	6065
1787671451.275460655	s3-eth28	1492	4603
1787671451.275460655	s3-eth29	1562	4533
1787671451.275460655	s3-eth3	2811	749970162
1787671451.275460655	s3-eth30	1492	4533
1787671451.275460655	s3-eth31	218878656	5851
1787671451.275460655	s3-eth32	1492	4603
1787671451.275460655	s3-eth33	1562	4533
1787671451.275460655	s3-eth34	1492	4533
1787671451.275460655	s3-eth4	1492	4533
1787671451.275460655	s3-eth5	1492	4533
1787671451.275460655	s3-eth6	1562	4533
1787671451.275460655	s3-eth7	2747	199124578
1787671451.275460655	s3-eth8	1562	4533
1787671451.275460655	s3-eth9	1562	4603
1787671451.275460655	s4-eth1	1382954800	17719
1787671451.275460655	s4-eth10	1562	4603
1787671451.275460655	s4-eth11	2876	212989619
1787671451.275460655	s4-eth12	1492	4443
1787671451.275460655	s4-eth13	1492	4603
1787671451.275460655	s4-eth14	1492	4533
1787671451.275460655	s4-eth15	2811	212777565
1787671451.275460655	s4-eth16	1492	4513
1787671451.275460655	s4-eth17	1492	4533
1787671451.275460655	s4-eth18	1492	4603
1787671451.275460655	s4-eth19	2807	43661258
1787671451.275460655	s4-eth2	6894	5270
1787671451.275460655	s4-eth20	1492	4400
1787671451.275460655	s4-eth21	1562	4533
1787671451.275460655	s4-eth22	1492	4533
1787671451.275460655	s4-eth23	2886	218248827
1787671451.275460655	s4-eth24	1402	4443
1787671451.275460655	s4-eth25	1402	4603
1787671451.275460655	s4-eth26	1492	4603
1787671451.275460655	s4-eth27	2954	218283583
1787671451.275460655	s4-eth28	1472	4603
1787671451.275460655	s4-eth29	1492	4400
1787671451.275460655	s4-eth3	2808	42634476
1787671451.275460655	s4-eth30	1402	4533
1787671451.275460655	s4-eth31	2810	218206821
1787671451.275460655	s4-eth32	1492	4603
1787671451.275460655	s4-eth33	1402	4533
1787671451.275460655	s4-eth34	1562	4443
1787671451.275460655	s4-eth4	1492	4603
1787671451.275460655	s4-eth5	1492	4603
1787671451.275460655	s4-eth6	1562	4533
1787671451.275460655	s4-eth7	2879	212820839
1787671451.275460655	s4-eth8	1492	4603
1787671451.275460655	s4-eth9	1492	4533
1787671451.275460655	s5-eth1	2917457087	15292
1787671451.275460655	s5-eth2	700395233	1387098391
1787671451.275460655	s5-eth3	15821	6824
1787671451.275460655	s5-eth4	7050	2084165807
1787671451.275460655	s6-eth1	6824	6824
1787671451.275460655	s6-eth2	6824	6754
1787671451.275460655	s6-eth3	6824	6894
1787671451.275460655	s6-eth4	6917	6894
1787671451.275460655	s7-eth1	700385748	1352134408
1787671451.275460655	s7-eth2	17719	1382954800
1787671451.275460655	s7-eth3	6824	15618
1787671451.275460655	s7-eth4	2059164014	6894
1787671451.275460655	s8-eth1	6894	6894
1787671451.275460655	s8-eth2	5270	6894
1787671451.275460655	s8-eth3	6894	5200
1787671451.275460655	s8-eth4	6917	6824
1787671451.275460655	s9-eth1	6824	15821
1787671451.275460655	s9-eth2	6894	6824
1787671451.275460655	s9-eth3	15618	6824
1787671451.275460655	s9-eth4	5200	6894
1787671453.940213051	s10-eth1	2084165807	7050
1787671453.940213051	s10-eth2	6894	6917
1787671453.940213051	s10-eth3	6894	2059164014
1787671453.940213051	s10-eth4	6824	6917
1787671453.940213051	s1-eth1	15292	2917457087
1787671453.940213051	s1-eth10	1492	4623
1787671453.940213051	s1-eth11	218878654	5922
1787671453.940213051	s1-eth12	1492	4533
1787671453.940213051	s1-eth13	1492	4533
1787671453.940213051	s1-eth14	1562	4533
1787671453.940213051	s1-eth15	218878725	5855
1787671453.940213051	s1-eth16	1562	4603
1787671453.940213051	s1-eth17	1562	4603
1787671453.940213051	s1-eth18	1562	4533
1787671453.940213051	s1-eth19	875501942	5923
1787671453.940213051	s1-eth2	6824	6824
1787671453.940213051	s1-eth20	1562	4603
1787671453.940213051	s1-eth21	1492	4533
1787671453.940213051	s1-eth22	1492	4384
1787671453.940213051	s1-eth23	218878579	5858
1787671453.940213051	s1-eth24	1492	4533
1787671453.940213051	s1-eth25	1562	4533
1787671453.940213051	s1-eth26	1492	4533
1787671453.940213051	s1-eth27	218875561	5786
1787671453.940213051	s1-eth28	1492	4603
1787671453.940213051	s1-eth29	1492	4603
1787671453.940213051	s1-eth3	875489294	6048
1787671453.940213051	s1-eth30	1492	4603
1787671453.940213051	s1-eth31	218878443	5960
1787671453.940213051	s1-eth32	1492	4603
1787671453.940213051	s1-eth33	1492	4533
1787671453.940213051	s1-eth34	1492	4603
1787671453.940213051	s1-eth4	1688	4799
1787671453.940213051	s1-eth5	1492	4533
1787671453.940213051	s1-eth6	1562	4533
1787671453.940213051	s1-eth7	218878516	5788
1787671453.940213051	s1-eth8	1492	4603
1787671453.940213051	s1-eth9	1562	4533
1787671453.940213051	s2-eth1	1387098391	700395233
1787671453.940213051	s2-eth10	1562	4603
1787671453.940213051	s2-eth11	218878664	5917
1787671453.940213051	s2-eth12	1492	4533
1787671453.940213051	s2-eth13	1562	4533
1787671453.940213051	s2-eth14	1562	4533
1787671453.940213051	s2-eth15	218878576	5785
1787671453.940213051	s2-eth16	1562	4533
1787671453.940213051	s2-eth17	1562	4533
1787671453.940213051	s2-eth18	1562	4533
1787671453.940213051	s2-eth19	2812	767888526
1787671453.940213051	s2-eth2	6754	6824
1787671453.940213051	s2-eth20	1562	4533
1787671453.940213051	s2-eth21	1562	4533
1787671453.940213051	s2-eth22	1492	4533
1787671453.940213051	s2-eth23	2747	203628147
1787671453.940213051	s2-eth24	1492	4603
1787671453.940213051	s2-eth25	1492	4533
1787671453.940213051	s2-eth26	1492	4533
1787671453.940213051	s2-eth27	2815	203663993
1787671453.940213051	s2-eth28	1492	4533
1787671453.940213051	s2-eth29	1562	4603
1787671453.940213051	s2-eth3	43779345	5849
1787671453.940213051	s2-eth30	1562	4603
1787671453.940213051	s2-eth31	2814	203250137
1787671453.940213051	s2-eth32	1492	4603
1787671453.940213051	s2-eth33	1562	4533
1787671453.940213051	s2-eth34	1492	4533
1787671453.940213051	s2-eth4	1562	4603
1787671453.940213051	s2-eth5	1492	4533
1787671453.940213051	s2-eth6	1492	4603
1787671453.940213051	s2-eth7	218877226	5920
1787671453.940213051	s2-eth8	1562	4533
1787671453.940213051	s2-eth9	1492	4708
1787671453.940213051	s3-eth1	1352134408	700385748
1787671453.940213051	s3-eth10	1492	4603
1787671453.940213051	s3-eth11	2811	198951680
1787671453.940213051	s3-eth12	1492	4603
1787671453.940213051	s3-eth13	1562	4533
1787671453.940213051	s3-eth14	1492	4603
1787671453.940213051	s3-eth15	2884	198834879
1787671453.940213051	s3-eth16	1492	4553
1787671453.940213051	s3-eth17	1562	4533
1787671453.940213051	s3-eth18	1492	4603
1787671453.940213051	s3-eth19	43777903	5918
1787671453.940213051	s3-eth2	6894	6894
1787671453.940213051	s3-eth20	1492	4603
1787671453.940213051	s3-eth21	1492	4533
1787671453.940213051	s3-eth22	1562	4533
1787671453.940213051	s3-eth23	218878754	5997
1787671453.940213051	s3-eth24	1492	4533
1787671453.940213051	s3-eth25	1492	4603
1787671453.940213051	s3-eth26	1562	4603
1787671453.940213051	s3-eth27	218878972	6065
1787671453.940213051	s3-eth28	1492	4603
1787671453.940213051	s3-eth29	1562	4533
1787671453.940213051	s3-eth3	2811	749970162
1787671453.940213051	s3-eth30	1562	4603
1787671453.940213051	s3-eth31	218878656	5851
1787671453.940213051	s3-eth32	1492	4603
1787671453.940213051	s3-eth33	1562	4533
1787671453.940213051	s3-eth34	1492	4603
1787671453.940213051	s3-eth4	1492	4533
1787671453.940213051	s3-eth5	1492	4533
1787671453.940213051	s3-eth6	1562	4533
1787671453.940213051	s3-eth7	2747	199124578
1787671453.940213051	s3-eth8	1562	4533
1787671453.940213051	s3-eth9	1562	4603
1787671453.940213051	s4-eth1	1382954800	17719
1787671453.940213051	s4-eth10	1562	4603
1787671453.940213051	s4-eth11	2876	212989619
1787671453.940213051	s4-eth12	1492	4443
1787671453.940213051	s4-eth13	1492	4603
1787671453.940213051	s4-eth14	1492	4533
1787671453.940213051	s4-eth15	2811	212777565
1787671453.940213051	s4-eth16	1492	4513
1787671453.940213051	s4-eth17	1492	4533
1787671453.940213051	s4-eth18	1492	4603
1787671453.940213051	s4-eth19	2807	43661328
1787671453.940213051	s4-eth2	6894	5270
1787671453.940213051	s4-eth20	1492	4400
1787671453.940213051	s4-eth21	1562	4533
1787671453.940213051	s4-eth22	1492	4533
1787671453.940213051	s4-eth23	2886	218248827
1787671453.940213051	s4-eth24	1402	4443
1787671453.940213051	s4-eth25	1402	4603
1787671453.940213051	s4-eth26	1492	4603
1787671453.940213051	s4-eth27	2954	218283583
1787671453.940213051	s4-eth28	1472	4603
1787671453.940213051	s4-eth29	1492	4400
1787671453.940213051	s4-eth3	2808	42634476
1787671453.940213051	s4-eth30	1402	4533
1787671453.940213051	s4-eth31	2810	218206821
1787671453.940213051	s4-eth32	1492	4603
1787671453.940213051	s4-eth33	1402	4533
1787671453.940213051	s4-eth34	1562	4443
1787671453.940213051	s4-eth4	1492	4603
1787671453.940213051	s4-eth5	1492	4603
1787671453.940213051	s4-eth6	1562	4533
1787671453.940213051	s4-eth7	2879	212820909
1787671453.940213051	s4-eth8	1492	4603
1787671453.940213051	s4-eth9	1492	4533
1787671453.940213051	s5-eth1	2917457087	15292
1787671453.940213051	s5-eth2	700395233	1387098391
1787671453.940213051	s5-eth3	15891	6824
1787671453.940213051	s5-eth4	7050	2084165807
1787671453.940213051	s6-eth1	6824	6824
1787671453.940213051	s6-eth2	6824	6754
1787671453.940213051	s6-eth3	6824	6894
1787671453.940213051	s6-eth4	6917	6894
1787671453.940213051	s7-eth1	700385748	1352134408
1787671453.940213051	s7-eth2	17719	1382954800
1787671453.940213051	s7-eth3	6894	15618
1787671453.940213051	s7-eth4	2059164014	6894
1787671453.940213051	s8-eth1	6894	6894
1787671453.940213051	s8-eth2	5270	6894
1787671453.940213051	s8-eth3	6894	5200
1787671453.940213051	s8-eth4	6917	6824
1787671453.940213051	s9-eth1	6824	15891
1787671453.940213051	s9-eth2	6894	6824
1787671453.940213051	s9-eth3	15618	6894
1787671453.940213051	s9-eth4	5200	6894
1787671456.568733596	s10-eth1	2084165834	7078
1787671456.568733596	s10-eth2	6921	6945
1787671456.568733596	s10-eth3	6921	2059164042
1787671456.568733596	s10-eth4	6851	6945
1787671456.568733596	s1-eth1	15319	2917457114
1787671456.568733596	s1-eth10	1492	4623
1787671456.568733596	s1-eth11	218878654	5922
1787671456.568733596	s1-eth12	1492	4533
1787671456.568733596	s1-eth13	1492	4533
1787671456.568733596	s1-eth14	1562	4533
1787671456.568733596	s1-eth15	218878725	5855
1787671456.568733596	s1-eth16	1562	4603
1787671456.568733596	s1-eth17	1562	4603
1787671456.568733596	s1-eth18	1562	4533
1787671456.568733596	s1-eth19	875501942	5923
1787671456.568733596	s1-eth2	6851	6851
1787671456.568733596	s1-eth20	1562	4603
1787671456.568733596	s1-eth21	1562	4533
1787671456.568733596	s1-eth22	1492	4384
1787671456.568733596	s1-eth23	218878579	5858
1787671456.568733596	s1-eth24	1492	4533
1787671456.568733596	s1-eth25	1562	4533
1787671456.568733596	s1-eth26	1492	4533
1787671456.568733596	s1-eth27	218875561	5786
1787671456.568733596	s1-eth28	1492	4603
1787671456.568733596	s1-eth29	1492	4603
1787671456.568733596	s1-eth3	875489294	6048
1787671456.568733596	s1-eth30	1492	4603
1787671456.568733596	s1-eth31	218878443	5960
1787671456.568733596	s1-eth32	1492	4603
1787671456.568733596	s1-eth33	1492	4533
1787671456.568733596	s1-eth34	1492	4603
1787671456.568733596	s1-eth4	1688	4799
1787671456.568733596	s1-eth5	1492	4533
1787671456.568733596	s1-eth6	1562	4533
1787671456.568733596	s1-eth7	218878516	5788
1787671456.568733596	s1-eth8	1492	4603
1787671456.568733596	s1-eth9	1562	4533
1787671456.568733596	s2-eth1	1387098418	700395260
1787671456.568733596	s2-eth10	1562	4603
1787671456.568733596	s2-eth11	218878664	5917
1787671456.568733596	s2-eth12	1492	4533
1787671456.568733596	s2-eth13	1562	4533
1787671456.568733596	s2-eth14	1562	4533
1787671456.568733596	s2-eth15	218878576	5785
1787671456.568733596	s2-eth16	1562	4533
1787671456.568733596	s2-eth17	1562	4533
1787671456.568733596	s2-eth18	1562	4533
1787671456.568733596	s2-eth19	2812	767888526
1787671456.568733596	s2-eth2	6781	6851
1787671456.568733596	s2-eth20	1562	4533
1787671456.568733596	s2-eth21	1562	4533
1787671456.568733596	s2-eth22	1492	4533
1787671456.568733596	s2-eth23	2747	203628147
1787671456.568733596	s2-eth24	1492	4603
1787671456.568733596	s2-eth25	1492	4533
1787671456.568733596	s2-eth26	1492	4533
1787671456.568733596	s2-eth27	2815	203663993
1787671456.568733596	s2-eth28	1492	4533
1787671456.568733596	s2-eth29	1562	4603
1787671456.568733596	s2-eth3	43779345	5849
1787671456.568733596	s2-eth30	1562	4603
1787671456.568733596	s2-eth31	2814	203250137
1787671456.568733596	s2-eth32	1492	4603
1787671456.568733596	s2-eth33	1562	4533
1787671456.568733596	s2-eth34	1492	4533
1787671456.568733596	s2-eth4	1562	4603
1787671456.568733596	s2-eth5	1492	4533
1787671456.568733596	s2-eth6	1492	4603
1787671456.568733596	s2-eth7	218877226	5920
1787671456.568733596	s2-eth8	1562	4533
1787671456.568733596	s2-eth9	1492	4708
1787671456.568733596	s3-eth1	1352134435	700385775
1787671456.568733596	s3-eth10	1492	4603
1787671456.568733596	s3-eth11	2811	198951680
1787671456.568733596	s3-eth12	1492	4603
1787671456.568733596	s3-eth13	1562	4533
1787671456.568733596	s3-eth14	1492	4603
1787671456.568733596	s3-eth15	2884	198834879
1787671456.568733596	s3-eth16	1492	4553
1787671456.568733596	s3-eth17	1562	4533
1787671456.568733596	s3-eth18	1492	4603
1787671456.568733596	s3-eth19	43777903	5918
1787671456.568733596	s3-eth2	6921	6921
1787671456.568733596	s3-eth20	1492	4603
1787671456.568733596	s3-eth21	1492	4533
1787671456.568733596	s3-eth22	1562	4533
1787671456.568733596	s3-eth23	218878754	5997
1787671456.568733596	s3-eth24	1492	4533
1787671456.568733596	s3-eth25	1492	4603
1787671456.568733596	s3-eth26	1562	4603
1787671456.568733596	s3-eth27	218878972	6065
1787671456.568733596	s3-eth28	1492	4603
1787671456.568733596	s3-eth29	1562	4533
1787671456.568733596	s3-eth3	2811	749970162
1787671456.568733596	s3-eth30	1562	4603
1787671456.568733596	s3-eth31	218878656	5851
1787671456.568733596	s3-eth32	1492	4603
1787671456.568733596	s3-eth33	1562	4533
1787671456.568733596	s3-eth34	1492	4603
1787671456.568733596	s3-eth4	1492	4533
1787671456.568733596	s3-eth5	1492	4533
1787671456.568733596	s3-eth6	1562	4533
1787671456.568733596	s3-eth7	2747	199124578
1787671456.568733596	s3-eth8	1562	4533
1787671456.568733596	s3-eth9	1562	4603
1787671456.568733596	s4-eth1	1382954827	17746
1787671456.568733596	s4-eth10	1562	4603
1787671456.568733596	s4-eth11	2876	212989619
1787671456.568733596	s4-eth12	1492	4443
1787671456.568733596	s4-eth13	1492	4603
1787671456.568733596	s4-eth14	1492	4533
1787671456.568733596	s4-eth15	2811	212777565
1787671456.568733596	s4-eth16	1492	4513
1787671456.568733596	s4-eth17	1492	4533
1787671456.568733596	s4-eth18	1492	4603
1787671456.568733596	s4-eth19	2807	43661328
1787671456.568733596	s4-eth2	6921	5297
1787671456.568733596	s4-eth20	1492	4400
1787671456.568733596	s4-eth21	1562	4533
1787671456.568733596	s4-eth22	1492	4533
1787671456.568733596	s4-eth23	2886	218248827
1787671456.568733596	s4-eth24	1402	4443
1787671456.568733596	s4-eth25	1402	4603
1787671456.568733596	s4-eth26	1492	4603
1787671456.568733596	s4-eth27	2954	218283583
1787671456.568733596	s4-eth28	1472	4603
1787671456.568733596	s4-eth29	1492	4400
1787671456.568733596	s4-eth3	2808	42634476
1787671456.568733596	s4-eth30	1402	4533
1787671456.568733596	s4-eth31	2810	218206821
1787671456.568733596	s4-eth32	1492	4603
1787671456.568733596	s4-eth33	1402	4533
1787671456.568733596	s4-eth34	1562	4443
1787671456.568733596	s4-eth4	1492	4603
1787671456.568733596	s4-eth5	1492	4603
1787671456.568733596	s4-eth6	1562	4533
1787671456.568733596	s4-eth7	2879	212820909
1787671456.568733596	s4-eth8	1492	4603
1787671456.568733596	s4-eth9	1492	4533
1787671456.568733596	s5-eth1	2917457114	15319
1787671456.568733596	s5-eth2	700395260	1387098418
1787671456.568733596	s5-eth3	15918	6851
1787671456.568733596	s5-eth4	7078	2084165834
1787671456.568733596	s6-eth1	6851	6851
1787671456.568733596	s6-eth2	6851	6781
1787671456.568733596	s6-eth3	6851	6921
1787671456.568733596	s6-eth4	6945	6921
1787671456.568733596	s7-eth1	700385775	1352134435
1787671456.568733596	s7-eth2	17746	1382954827
1787671456.568733596	s7-eth3	6921	15645
1787671456.568733596	s7-eth4	2059164042	6921
1787671456.568733596	s8-eth1	6921	6921
1787671456.568733596	s8-eth2	5297	6921
1787671456.568733596	s8-eth3	6921	5227
1787671456.568733596	s8-eth4	6945	6851
1787671456.568733596	s9-eth1	6851	15918
1787671456.568733596	s9-eth2	6921	6851
1787671456.568733596	s9-eth3	15645	6921
1787671456.568733596	s9-eth4	5227	6921
1787671459.241671614	s10-eth1	2084165834	7078
1787671459.241671614	s10-eth2	6921	6945
1787671459.241671614	s10-eth3	6921	2059164042
1787671459.241671614	s10-eth4	6921	6945
1787671459.241671614	s1-eth1	15319	2917457114
1787671459.241671614	s1-eth10	1562	4623
1787671459.241671614	s1-eth11	218878654	5922
1787671459.241671614	s1-eth12	1492	4533
1787671459.241671614	s1-eth13	1492	4533
1787671459.241671614	s1-eth14	1562	4533
1787671459.241671614	s1-eth15	218878725	5855
1787671459.241671614	s1-eth16	1562	4603
1787671459.241671614	s1-eth17	1562	4603
1787671459.241671614	s1-eth18	1562	4533
1787671459.241671614	s1-eth19	875501942	5923
1787671459.241671614	s1-eth2	6851	6851
1787671459.241671614	s1-eth20	1562	4603
1787671459.241671614	s1-eth21	1562	4533
1787671459.241671614	s1-eth22	1492	4384
1787671459.241671614	s1-eth23	218878579	5858
1787671459.241671614	s1-eth24	1492	4533
1787671459.241671614	s1-eth25	1562	4533
1787671459.241671614	s1-eth26	1562	4533
1787671459.241671614	s1-eth27	218875561	5786
1787671459.241671614	s1-eth28	1492	4603
1787671459.241671614	s1-eth29	1492	4603
1787671459.241671614	s1-eth3	875489294	6048
1787671459.241671614	s1-eth30	1492	4603
1787671459.241671614	s1-eth31	218878443	5960
1787671459.241671614	s1-eth32	1492	4603
1787671459.241671614	s1-eth33	1492	4533
1787671459.241671614	s1-eth34	1492	4603
1787671459.241671614	s1-eth4	1688	4799
1787671459.241671614	s1-eth5	1492	4533
1787671459.241671614	s1-eth6	1562	4533
1787671459.241671614	s1-eth7	218878516	5788
1787671459.241671614	s1-eth8	1492	4603
1787671459.241671614	s1-eth9	1562	4533
1787671459.241671614	s2-eth1	1387098418	700395260
1787671459.241671614	s2-eth10	1562	4603
1787671459.241671614	s2-eth11	218878664	5917
1787671459.241671614	s2-eth12	1492	4533
1787671459.241671614	s2-eth13	1562	4533
1787671459.241671614	s2-eth14	1562	4533
1787671459.241671614	s2-eth15	218878576	5785
1787671459.241671614	s2-eth16	1562	4533
1787671459.241671614	s2-eth17	1562	4533
1787671459.241671614	s2-eth18	1562	4533
1787671459.241671614	s2-eth19	2812	767888526
1787671459.241671614	s2-eth2	6781	6921
1787671459.241671614	s2-eth20	1562	4533
1787671459.241671614	s2-eth21	1562	4533
1787671459.241671614	s2-eth22	1492	4533
1787671459.241671614	s2-eth23	2747	203628147
1787671459.241671614	s2-eth24	1492	4603
1787671459.241671614	s2-eth25	1562	4533
1787671459.241671614	s2-eth26	1492	4533
1787671459.241671614	s2-eth27	2815	203663993
1787671459.241671614	s2-eth28	1492	4533
1787671459.241671614	s2-eth29	1562	4603
1787671459.241671614	s2-eth3	43779345	5849
1787671459.241671614	s2-eth30	1562	4603
1787671459.241671614	s2-eth31	2814	203250137
1787671459.241671614	s2-eth32	1492	4603
1787671459.241671614	s2-eth33	1562	4533
1787671459.241671614	s2-eth34	1492	4533
1787671459.241671614	s2-eth4	1562	4603
1787671459.241671614	s2-eth5	1492	4533
1787671459.241671614	s2-eth6	1492	4603
1787671459.241671614	s2-eth7	218877226	5920
1787671459.241671614	s2-eth8	1562	4533
1787671459.241671614	s2-eth9	1492	4708
1787671459.241671614	s3-eth1	1352134435	700385775
1787671459.241671614	s3-eth10	1492	4603
1787671459.241671614	s3-eth11	2811	198951680
1787671459.241671614	s3-eth12	1492	4603
1787671459.241671614	s3-eth13	1562	4533
1787671459.241671614	s3-eth14	1492	4603
1787671459.241671614	s3-eth15	2884	198834949
1787671459.241671614	s3-eth16	1492	4553
1787671459.241671614	s3-eth17	1562	4533
1787671459.241671614	s3-eth18	1492	4603
1787671459.241671614	s3-eth19	43777903	5918
1787671459.241671614	s3-eth2	6921	6921
1787671459.241671614	s3-eth20	1492	4603
1787671459.241671614	s3-eth21	1492	4533
1787671459.241671614	s3-eth22	1562	4533
1787671459.241671614	s3-eth23	218878754	5997
1787671459.241671614	s3-eth24	1492	4533
1787671459.241671614	s3-eth25	1492	4603
1787671459.241671614	s3-eth26	1562	4603
1787671459.241671614	s3-eth27	218879042	6065
1787671459.241671614	s3-eth28	1492	4603
1787671459.241671614	s3-eth29	1562	4533
1787671459.241671614	s3-eth3	2811	749970162
1787671459.241671614	s3-eth30	1562	4603
1787671459.241671614	s3-eth31	218878656	5851
1787671459.241671614	s3-eth32	1492	4603
1787671459.241671614	s3-eth33	1562	4533
1787671459.241671614	s3-eth34	1492	4603
1787671459.241671614	s3-eth4	1492	4533
1787671459.241671614	s3-eth5	1562	4533
1787671459.241671614	s3-eth6	1562	4533
1787671459.241671614	s3-eth7	2747	199124578
1787671459.241671614	s3-eth8	1562	4533
1787671459.241671614	s3-eth9	1562	4603
1787671459.241671614	s4-eth1	1382954827	17746
1787671459.241671614	s4-eth10	1562	4603
1787671459.241671614	s4-eth11	2876	212989619
1787671459.241671614	s4-eth12	1492	4443
1787671459.241671614	s4-eth13	1492	4603
1787671459.241671614	s4-eth14	1492	4533
1787671459.241671614	s4-eth15	2811	212777565
1787671459.241671614	s4-eth16	1492	4513
1787671459.241671614	s4-eth17	1492	4533
1787671459.241671614	s4-eth18	1492	4603
1787671459.241671614	s4-eth19	2807	43661328
1787671459.241671614	s4-eth2	6921	5297
1787671459.241671614	s4-eth20	1492	4400
1787671459.241671614	s4-eth21	1562	4533
1787671459.241671614	s4-eth22	1492	4533
1787671459.241671614	s4-eth23	2956	218248827
1787671459.241671614	s4-eth24	1402	4443
1787671459.241671614	s4-eth25	1402	4603
1787671459.241671614	s4-eth26	1492	4603
1787671459.241671614	s4-eth27	2954	218283583
1787671459.241671614	s4-eth28	1472	4603
1787671459.241671614	s4-eth29	1492	4400
1787671459.241671614	s4-eth3	2808	42634546
1787671459.241671614	s4-eth30	1402	4533
1787671459.241671614	s4-eth31	2810	218206821
1787671459.241671614	s4-eth32	1492	4603
1787671459.241671614	s4-eth33	1402	4533
1787671459.241671614	s4-eth34	1562	4443
1787671459.241671614	s4-eth4	1492	4603
1787671459.241671614	s4-eth5	1492	4603
1787671459.241671614	s4-eth6	1562	4533
1787671459.241671614	s4-eth7	2879	212820909
1787671459.241671614	s4-eth8	1492	4603
1787671459.241671614	s4-eth9	1492	4533
1787671459.241671614	s5-eth1	2917457114	15319
1787671459.241671614	s5-eth2	700395260	1387098418
1787671459.241671614	s5-eth3	15918	6851
1787671459.241671614	s5-eth4	7078	2084165834
1787671459.241671614	s6-eth1	6851	6851
1787671459.241671614	s6-eth2	6921	6781
1787671459.241671614	s6-eth3	6851	6921
1787671459.241671614	s6-eth4	6945	6921
1787671459.241671614	s7-eth1	700385775	1352134435
1787671459.241671614	s7-eth2	17746	1382954827
1787671459.241671614	s7-eth3	6921	15645
1787671459.241671614	s7-eth4	2059164042	6921
1787671459.241671614	s8-eth1	6921	6921
1787671459.241671614	s8-eth2	5297	6921
1787671459.241671614	s8-eth3	6921	5227
1787671459.241671614	s8-eth4	6945	6921
1787671459.241671614	s9-eth1	6851	15918
1787671459.241671614	s9-eth2	6921	6851
1787671459.241671614	s9-eth3	15645	6921
1787671459.241671614	s9-eth4	5227	6921
1787671461.912264401	s10-eth1	2084165861	7106
1787671461.912264401	s10-eth2	6948	6973
1787671461.912264401	s10-eth3	6948	2059164070
1787671461.912264401	s10-eth4	6948	6973
1787671461.912264401	s1-eth1	15346	2917457141
1787671461.912264401	s1-eth10	1562	4623
1787671461.912264401	s1-eth11	218878654	5922
1787671461.912264401	s1-eth12	1492	4533
1787671461.912264401	s1-eth13	1492	4533
1787671461.912264401	s1-eth14	1562	4533
1787671461.912264401	s1-eth15	218878725	5855
1787671461.912264401	s1-eth16	1562	4603
1787671461.912264401	s1-eth17	1562	4603
1787671461.912264401	s1-eth18	1562	4533
1787671461.912264401	s1-eth19	875501942	5923
1787671461.912264401	s1-eth2	6878	6878
1787671461.912264401	s1-eth20	1562	4603
1787671461.912264401	s1-eth21	1562	4533
1787671461.912264401	s1-eth22	1492	4384
1787671461.912264401	s1-eth23	218878579	5858
1787671461.912264401	s1-eth24	1492	4533
1787671461.912264401	s1-eth25	1562	4533
1787671461.912264401	s1-eth26	1562	4533
1787671461.912264401	s1-eth27	218875561	5786
1787671461.912264401	s1-eth28	1492	4603
1787671461.912264401	s1-eth29	1492	4603
1787671461.912264401	s1-eth3	875489294	6048
1787671461.912264401	s1-eth30	1492	4603
1787671461.912264401	s1-eth31	218878443	5960
1787671461.912264401	s1-eth32	1492	4603
1787671461.912264401	s1-eth33	1492	4533
1787671461.912264401	s1-eth34	1492	4603
1787671461.912264401	s1-eth4	1688	4799
1787671461.912264401	s1-eth5	1492	4533
1787671461.912264401	s1-eth6	1562	4533
1787671461.912264401	s1-eth7	218878516	5788
1787671461.912264401	s1-eth8	1492	4603
1787671461.912264401	s1-eth9	1562	4533
1787671461.912264401	s2-eth1	1387098445	700395287
1787671461.912264401	s2-eth10	1562	4603
1787671461.912264401	s2-eth11	218878664	5917
1787671461.912264401	s2-eth12	1492	4533
1787671461.912264401	s2-eth13	1562	4533
1787671461.912264401	s2-eth14	1562	4533
1787671461.912264401	s2-eth15	218878576	5785
1787671461.912264401	s2-eth16	1562	4533
1787671461.912264401	s2-eth17	1562	4533
1787671461.912264401	s2-eth18	1562	4533
1787671461.912264401	s2-eth19	2812	767888526
1787671461.912264401	s2-eth2	6808	6948
1787671461.912264401	s2-eth20	1562	4533
1787671461.912264401	s2-eth21	1562	4533
1787671461.912264401	s2-eth22	1492	4533
1787671461.912264401	s2-eth23	2747	203628147
1787671461.912264401	s2-eth24	1492	4603
1787671461.912264401	s2-eth25	1562	4533
1787671461.912264401	s2-eth26	1492	4533
1787671461.912264401	s2-eth27	2815	203663993
1787671461.912264401	s2-eth28	1492	4533
1787671461.912264401	s2-eth29	1562	4603
1787671461.912264401	s2-eth3	43779345	5849
1787671461.912264401	s2-eth30	1562	4603
1787671461.912264401	s2-eth31	2814	203250137
1787671461.912264401	s2-eth32	1492	4603
1787671461.912264401	s2-eth33	1562	4533
1787671461.912264401	s2-eth34	1492	4533
1787671461.912264401	s2-eth4	1562	4603
1787671461.912264401	s2-eth5	1492	4533
1787671461.912264401	s2-eth6	1492	4603
1787671461.912264401	s2-eth7	218877226	5920
1787671461.912264401	s2-eth8	1562	4533
1787671461.912264401	s2-eth9	1492	4708
1787671461.912264401	s3-eth1	1352134462	700385802
1787671461.912264401	s3-eth10	1492	4603
1787671461.912264401	s3-eth11	2811	198951680
1787671461.912264401	s3-eth12	1492	4603
1787671461.912264401	s3-eth13	1562	4533
1787671461.912264401	s3-eth14	1492	4603
1787671461.912264401	s3-eth15	2884	198834949
1787671461.912264401	s3-eth16	1492	4553
1787671461.912264401	s3-eth17	1562	4533
1787671461.912264401	s3-eth18	1492	4603
1787671461.912264401	s3-eth19	43777903	5918
1787671461.912264401	s3-eth2	6948	6948
1787671461.912264401	s3-eth20	1492	4603
1787671461.912264401	s3-eth21	1492	4533
1787671461.912264401	s3-eth22	1562	4533
1787671461.912264401	s3-eth23	218878754	5997
1787671461.912264401	s3-eth24	1492	4533
1787671461.912264401	s3-eth25	1492	4603
1787671461.912264401	s3-eth26	1562	4603
1787671461.912264401	s3-eth27	218879042	6065
1787671461.912264401	s3-eth28	1492	4603
1787671461.912264401	s3-eth29	1562	4533
1787671461.912264401	s3-eth3	2811	749970162
1787671461.912264401	s3-eth30	1562	4603
1787671461.912264401	s3-eth31	218878656	5851
1787671461.912264401	s3-eth32	1492	4603
1787671461.912264401	s3-eth33	1562	4533
1787671461.912264401	s3-eth34	1492	4603
1787671461.912264401	s3-eth4	1562	4533
1787671461.912264401	s3-eth5	1562	4533
1787671461.912264401	s3-eth6	1562	4533
1787671461.912264401	s3-eth7	2747	199124578
1787671461.912264401	s3-eth8	1562	4533
1787671461.912264401	s3-eth9	1562	4603
1787671461.912264401	s4-eth1	1382954854	17843
1787671461.912264401	s4-eth10	1562	4603
1787671461.912264401	s4-eth11	2876	212989619
1787671461.912264401	s4-eth12	1492	4443
1787671461.912264401	s4-eth13	1492	4603
1787671461.912264401	s4-eth14	1492	4533
1787671461.912264401	s4-eth15	2811	212777565
1787671461.912264401	s4-eth16	1492	4513
1787671461.912264401	s4-eth17	1492	4533
1787671461.912264401	s4-eth18	1492	4603
1787671461.912264401	s4-eth19	2807	43661328
1787671461.912264401	s4-eth2	6948	5324
1787671461.912264401	s4-eth20	1492	4400
1787671461.912264401	s4-eth21	1562	4533
1787671461.912264401	s4-eth22	1492	4533
1787671461.912264401	s4-eth23	2956	218248827
1787671461.912264401	s4-eth24	1402	4443
1787671461.912264401	s4-eth25	1402	4603
1787671461.912264401	s4-eth26	1492	4603
1787671461.912264401	s4-eth27	2954	218283583
1787671461.912264401	s4-eth28	1472	4603
1787671461.912264401	s4-eth29	1492	4400
1787671461.912264401	s4-eth3	2878	42634546
1787671461.912264401	s4-eth30	1402	4533
1787671461.912264401	s4-eth31	2810	218206821
1787671461.912264401	s4-eth32	1492	4603
1787671461.912264401	s4-eth33	1402	4603
1787671461.912264401	s4-eth34	1562	4443
1787671461.912264401	s4-eth4	1492	4603
1787671461.912264401	s4-eth5	1562	4603
1787671461.912264401	s4-eth6	1562	4533
1787671461.912264401	s4-eth7	2879	212820909
1787671461.912264401	s4-eth8	1492	4603
1787671461.912264401	s4-eth9	1492	4533
1787671461.912264401	s5-eth1	2917457141	15346
1787671461.912264401	s5-eth2	700395287	1387098445
1787671461.912264401	s5-eth3	15945	6878
1787671461.912264401	s5-eth4	7106	2084165861
1787671461.912264401	s6-eth1	6878	6878
1787671461.912264401	s6-eth2	6948	6808
1787671461.912264401	s6-eth3	6878	6948
1787671461.912264401	s6-eth4	6973	6948
1787671461.912264401	s7-eth1	700385802	1352134462
1787671461.912264401	s7-eth2	17843	1382954854
1787671461.912264401	s7-eth3	6948	15672
1787671461.912264401	s7-eth4	2059164070	6948
1787671461.912264401	s8-eth1	6948	6948
1787671461.912264401	s8-eth2	5324	6948
1787671461.912264401	s8-eth3	6948	5254
1787671461.912264401	s8-eth4	6973	6948
1787671461.912264401	s9-eth1	6878	15945
1787671461.912264401	s9-eth2	6948	6878
1787671461.912264401	s9-eth3	15672	6948
1787671461.912264401	s9-eth4	5254	6948
