ts	iface	rx_bytes	tx_bytes
1787820368.762337341	s10-eth1	6269	8226
1787820368.762337341	s10-eth2	8096	8351
1787820368.762337341	s10-eth3	8096	8128
1787820368.762337341	s10-eth4	8096	8226
1787820368.762337341	s1-eth1	3793371	3333442520
1787820368.762337341	s1-eth10	1562	4806
1787820368.762337341	s1-eth11	238189090	7607
1787820368.762337341	s1-eth12	1472	4806
1787820368.762337341	s1-eth13	1472	4806
1787820368.762337341	s1-eth14	1562	4806
1787820368.762337341	s1-eth15	238193245	7463
1787820368.762337341	s1-eth16	1472	4826
1787820368.762337341	s1-eth17	1562	4806
1787820368.762337341	s1-eth18	1562	4716
1787820368.762337341	s1-eth19	952752990	7447
1787820368.762337341	s1-eth2	8096	8096
1787820368.762337341	s1-eth20	1472	4806
1787820368.762337341	s1-eth21	1562	4806
1787820368.762337341	s1-eth22	1562	4806
1787820368.762337341	s1-eth23	238192754	7306
1787820368.762337341	s1-eth24	1472	4806
1787820368.762337341	s1-eth25	1562	4806
1787820368.762337341	s1-eth26	1562	4716
1787820368.762337341	s1-eth27	238185611	7521
1787820368.762337341	s1-eth28	1562	4806
1787820368.762337341	s1-eth29	1472	4716
1787820368.762337341	s1-eth3	1163438061	3771672
1787820368.762337341	s1-eth30	1562	4716
1787820368.762337341	s1-eth31	238194124	7375
1787820368.762337341	s1-eth32	1562	4716
1787820368.762337341	s1-eth33	1562	4716
1787820368.762337341	s1-eth34	1562	4716
1787820368.762337341	s1-eth4	1758	5002
1787820368.762337341	s1-eth5	1562	4716
1787820368.762337341	s1-eth6	1562	4806
1787820368.762337341	s1-eth7	238193264	7438
1787820368.762337341	s1-eth8	1562	4716
1787820368.762337341	s1-eth9	1472	4716
1787820368.762337341	s2-eth1	1458023859	762216637
1787820368.762337341	s2-eth10	1472	4806
1787820368.762337341	s2-eth11	238193546	7660
1787820368.762337341	s2-eth12	1472	4806
1787820368.762337341	s2-eth13	1472	4806
1787820368.762337341	s2-eth14	1562	4806
1787820368.762337341	s2-eth15	238189031	7663
1787820368.762337341	s2-eth16	1562	4806
1787820368.762337341	s2-eth17	1562	4806
1787820368.762337341	s2-eth18	1562	4806
1787820368.762337341	s2-eth19	4113	801860601
1787820368.762337341	s2-eth2	7998	8096
1787820368.762337341	s2-eth20	1562	4806
1787820368.762337341	s2-eth21	1472	4716
1787820368.762337341	s2-eth22	1562	4806
1787820368.762337341	s2-eth23	4062	214955284
1787820368.762337341	s2-eth24	1472	4806
1787820368.762337341	s2-eth25	1562	4806
1787820368.762337341	s2-eth26	1472	4806
1787820368.762337341	s2-eth27	4187	215047729
1787820368.762337341	s2-eth28	1562	4806
1787820368.762337341	s2-eth29	1472	4806
1787820368.762337341	s2-eth3	47644595	7724
1787820368.762337341	s2-eth30	1472	4911
1787820368.762337341	s2-eth31	4131	214868782
1787820368.762337341	s2-eth32	1472	4716
1787820368.762337341	s2-eth33	1562	4806
1787820368.762337341	s2-eth34	1562	4716
1787820368.762337341	s2-eth4	1562	4806
1787820368.762337341	s2-eth5	1472	4806
1787820368.762337341	s2-eth6	1562	4716
1787820368.762337341	s2-eth7	238177102	7525
1787820368.762337341	s2-eth8	1562	4716
1787820368.762337341	s2-eth9	1472	4806
1787820368.762337341	s3-eth1	1620146177	765999717
1787820368.762337341	s3-eth10	1472	4806
1787820368.762337341	s3-eth11	4113	209480605
1787820368.762337341	s3-eth12	1312	4716
1787820368.762337341	s3-eth13	1472	4806
1787820368.762337341	s3-eth14	1562	4716
1787820368.762337341	s3-eth15	4129	208863180
1787820368.762337341	s3-eth16	1472	4716
1787820368.762337341	s3-eth17	1472	4716
1787820368.762337341	s3-eth18	1312	4806
1787820368.762337341	s3-eth19	47644122	7480
1787820368.762337341	s3-eth2	8096	8096
1787820368.762337341	s3-eth20	1562	4696
1787820368.762337341	s3-eth21	1472	4696
1787820368.762337341	s3-eth22	1312	4716
1787820368.762337341	s3-eth23	238193490	7581
1787820368.762337341	s3-eth24	1312	4716
1787820368.762337341	s3-eth25	1562	4716
1787820368.762337341	s3-eth26	1312	4716
1787820368.762337341	s3-eth27	238192624	7280
1787820368.762337341	s3-eth28	1472	4806
1787820368.762337341	s3-eth29	1562	4736
1787820368.762337341	s3-eth3	3768142	985622389
1787820368.762337341	s3-eth30	1472	4806
1787820368.762337341	s3-eth31	238192603	7360
1787820368.762337341	s3-eth32	1312	4716
1787820368.762337341	s3-eth33	1472	4696
1787820368.762337341	s3-eth34	1562	4806
1787820368.762337341	s3-eth4	1472	4716
1787820368.762337341	s3-eth5	1562	4806
1787820368.762337341	s3-eth6	1562	4806
1787820368.762337341	s3-eth7	4194	209468917
1787820368.762337341	s3-eth8	1562	4575
1787820368.762337341	s3-eth9	1562	4806
1787820368.762337341	s4-eth1	1502347405	30458
1787820368.762337341	s4-eth10	1562	4696
1787820368.762337341	s4-eth11	4416	230544096
1787820368.762337341	s4-eth12	1472	4716
1787820368.762337341	s4-eth13	1312	4696
1787820368.762337341	s4-eth14	1312	4716
1787820368.762337341	s4-eth15	4419	230491905
1787820368.762337341	s4-eth16	1312	4716
1787820368.762337341	s4-eth17	1472	4696
1787820368.762337341	s4-eth18	1312	4766
1787820368.762337341	s4-eth19	4256	47543562
1787820368.762337341	s4-eth2	8096	6066
1787820368.762337341	s4-eth20	1562	4716
1787820368.762337341	s4-eth21	1472	4716
1787820368.762337341	s4-eth22	1472	4696
1787820368.762337341	s4-eth23	4177	237583884
1787820368.762337341	s4-eth24	1472	4716
1787820368.762337341	s4-eth25	1472	4716
1787820368.762337341	s4-eth26	1312	4766
1787820368.762337341	s4-eth27	3876	237649260
1787820368.762337341	s4-eth28	1472	4806
1787820368.762337341	s4-eth29	1312	4716
1787820368.762337341	s4-eth3	4230	46191329
1787820368.762337341	s4-eth30	1312	4716
1787820368.762337341	s4-eth31	4183	237639215
1787820368.762337341	s4-eth32	1312	4716
1787820368.762337341	s4-eth33	1312	4766
1787820368.762337341	s4-eth34	1472	4696
1787820368.762337341	s4-eth4	1472	4696
1787820368.762337341	s4-eth5	1312	4696
1787820368.762337341	s4-eth6	1312	4806
1787820368.762337341	s4-eth7	4191	230709234
1787820368.762337341	s4-eth8	1312	4716
1787820368.762337341	s4-eth9	1312	4766
1787820368.762337341	s5-eth1	3333442520	3793371
1787820368.762337341	s5-eth2	762216637	1458023859
1787820368.762337341	s5-eth3	3794384	2424488223
1787820368.762337341	s5-eth4	8226	6269
1787820368.762337341	s6-eth1	8096	8096
1787820368.762337341	s6-eth2	8096	7998
1787820368.762337341	s6-eth3	8096	6269
1787820368.762337341	s6-eth4	8351	8096
1787820368.762337341	s7-eth1	765999717	1620146177
1787820368.762337341	s7-eth2	30458	1502347405
1787820368.762337341	s7-eth3	2388035547	3792354
1787820368.762337341	s7-eth4	8128	8096
1787820368.762337341	s8-eth1	8096	8096
1787820368.762337341	s8-eth2	6066	8096
1787820368.762337341	s8-eth3	8096	6269
1787820368.762337341	s8-eth4	8226	8096
1787820368.762337341	s9-eth1	2424488223	3794384
1787820368.762337341	s9-eth2	6269	8096
1787820368.762337341	s9-eth3	3792354	2388035547
1787820368.762337341	s9-eth4	6269	8096
1787820372.958537414	s10-eth1	6296	8254
1787820372.958537414	s10-eth2	8123	8379
1787820372.958537414	s10-eth3	8123	8156
1787820372.958537414	s10-eth4	8123	8254
1787820372.958537414	s1-eth1	3793398	3333442547
1787820372.958537414	s1-eth10	1562	4806
1787820372.958537414	s1-eth11	238189090	7607
1787820372.958537414	s1-eth12	1472	4806
1787820372.958537414	s1-eth13	1472	4806
1787820372.958537414	s1-eth14	1562	4806
1787820372.958537414	s1-eth15	238193245	7463
1787820372.958537414	s1-eth16	1472	4826
1787820372.958537414	s1-eth17	1562	4806
1787820372.958537414	s1-eth18	1562	4716
1787820372.958537414	s1-eth19	952752990	7447
1787820372.958537414	s1-eth2	8123	8123
1787820372.958537414	s1-eth20	1472	4806
1787820372.958537414	s1-eth21	1562	4806
1787820372.958537414	s1-eth22	1562	4806
1787820372.958537414	s1-eth23	238192754	7306
1787820372.958537414	s1-eth24	1472	4806
1787820372.958537414	s1-eth25	1562	4806
1787820372.958537414	s1-eth26	1562	4716
1787820372.958537414	s1-eth27	238185611	7521
1787820372.958537414	s1-eth28	1562	4806
1787820372.958537414	s1-eth29	1472	4716
1787820372.958537414	s1-eth3	1163438061	3771672
1787820372.958537414	s1-eth30	1562	4716
1787820372.958537414	s1-eth31	238194124	7375
1787820372.958537414	s1-eth32	1562	4716
1787820372.958537414	s1-eth33	1562	4716
1787820372.958537414	s1-eth34	1562	4716
1787820372.958537414	s1-eth4	1758	5002
1787820372.958537414	s1-eth5	1562	4716
1787820372.958537414	s1-eth6	1562	4806
1787820372.958537414	s1-eth7	238193264	7438
1787820372.958537414	s1-eth8	1562	4716
1787820372.958537414	s1-eth9	1472	4716
1787820372.958537414	s2-eth1	1458023886	762216664
1787820372.958537414	s2-eth10	1472	4806
1787820372.958537414	s2-eth11	238193546	7660
1787820372.958537414	s2-eth12	1472	4806
1787820372.958537414	s2-eth13	1472	4806
1787820372.958537414	s2-eth14	1562	4806
1787820372.958537414	s2-eth15	238189031	7663
1787820372.958537414	s2-eth16	1562	4806
1787820372.958537414	s2-eth17	1562	4806
1787820372.958537414	s2-eth18	1562	4806
1787820372.958537414	s2-eth19	4113	801860601
1787820372.958537414	s2-eth2	8025	8123
1787820372.958537414	s2-eth20	1562	4806
1787820372.958537414	s2-eth21	1472	4716
1787820372.958537414	s2-eth22	1562	4806
1787820372.958537414	s2-eth23	4062	214955284
1787820372.958537414	s2-eth24	1472	4806
1787820372.958537414	s2-eth25	1562	4806
1787820372.958537414	s2-eth26	1472	4806
1787820372.958537414	s2-eth27	4187	215047729
1787820372.958537414	s2-eth28	1562	4806
1787820372.958537414	s2-eth29	1472	4806
1787820372.958537414	s2-eth3	47644595	7724
1787820372.958537414	s2-eth30	1472	4911
1787820372.958537414	s2-eth31	4131	214868782
1787820372.958537414	s2-eth32	1472	4716
1787820372.958537414	s2-eth33	1562	4806
1787820372.958537414	s2-eth34	1562	4716
1787820372.958537414	s2-eth4	1562	4806
1787820372.958537414	s2-eth5	1472	4806
1787820372.958537414	s2-eth6	1562	4716
1787820372.958537414	s2-eth7	238177102	7525
1787820372.958537414	s2-eth8	1562	4716
1787820372.958537414	s2-eth9	1472	4806
1787820372.958537414	s3-eth1	1620146204	765999744
1787820372.958537414	s3-eth10	1472	4806
1787820372.958537414	s3-eth11	4113	209480605
1787820372.958537414	s3-eth12	1312	4716
1787820372.958537414	s3-eth13	1472	4806
1787820372.958537414	s3-eth14	1562	4716
1787820372.958537414	s3-eth15	4129	208863180
1787820372.958537414	s3-eth16	1472	4716
1787820372.958537414	s3-eth17	1472	4716
1787820372.958537414	s3-eth18	1312	4806
1787820372.958537414	s3-eth19	47644122	7480
1787820372.958537414	s3-eth2	8123	8123
1787820372.958537414	s3-eth20	1562	4696
1787820372.958537414	s3-eth21	1472	4696
1787820372.958537414	s3-eth22	1312	4716
1787820372.958537414	s3-eth23	238193490	7581
1787820372.958537414	s3-eth24	1312	4716
1787820372.958537414	s3-eth25	1562	4716
1787820372.958537414	s3-eth26	1312	4716
1787820372.958537414	s3-eth27	238192624	7280
1787820372.958537414	s3-eth28	1472	4806
1787820372.958537414	s3-eth29	1562	4736
1787820372.958537414	s3-eth3	3768142	985622389
1787820372.958537414	s3-eth30	1472	4806
1787820372.958537414	s3-eth31	238192603	7360
1787820372.958537414	s3-eth32	1312	4716
1787820372.958537414	s3-eth33	1472	4696
1787820372.958537414	s3-eth34	1562	4806
1787820372.958537414	s3-eth4	1472	4716
1787820372.958537414	s3-eth5	1562	4806
1787820372.958537414	s3-eth6	1562	4806
1787820372.958537414	s3-eth7	4194	209468917
1787820372.958537414	s3-eth8	1562	4575
1787820372.958537414	s3-eth9	1562	4806
1787820372.958537414	s4-eth1	1502347432	30485
1787820372.958537414	s4-eth10	1562	4696
1787820372.958537414	s4-eth11	4416	230544096
1787820372.958537414	s4-eth12	1472	4716
1787820372.958537414	s4-eth13	1312	4696
1787820372.958537414	s4-eth14	1312	4716
1787820372.958537414	s4-eth15	4419	230491905
1787820372.958537414	s4-eth16	1312	4716
1787820372.958537414	s4-eth17	1472	4696
1787820372.958537414	s4-eth18	1312	4766
1787820372.958537414	s4-eth19	4256	47543562
1787820372.958537414	s4-eth2	8123	6093
1787820372.958537414	s4-eth20	1562	4716
1787820372.958537414	s4-eth21	1472	4716
1787820372.958537414	s4-eth22	1472	4696
1787820372.958537414	s4-eth23	4177	237583884
1787820372.958537414	s4-eth24	1472	4716
1787820372.958537414	s4-eth25	1472	4716
1787820372.958537414	s4-eth26	1312	4766
1787820372.958537414	s4-eth27	3876	237649260
1787820372.958537414	s4-eth28	1472	4806
1787820372.958537414	s4-eth29	1312	4716
1787820372.958537414	s4-eth3	4230	46191329
1787820372.958537414	s4-eth30	1312	4716
1787820372.958537414	s4-eth31	4183	237639215
1787820372.958537414	s4-eth32	1312	4716
1787820372.958537414	s4-eth33	1312	4766
1787820372.958537414	s4-eth34	1472	4696
1787820372.958537414	s4-eth4	1472	4696
1787820372.958537414	s4-eth5	1312	4696
1787820372.958537414	s4-eth6	1312	4806
1787820372.958537414	s4-eth7	4191	230709234
1787820372.958537414	s4-eth8	1312	4716
1787820372.958537414	s4-eth9	1312	4766
1787820372.958537414	s5-eth1	3333442547	3793398
1787820372.958537414	s5-eth2	762216664	1458023886
1787820372.958537414	s5-eth3	3794411	2424488250
1787820372.958537414	s5-eth4	8254	6296
1787820372.958537414	s6-eth1	8123	8123
1787820372.958537414	s6-eth2	8123	8025
1787820372.958537414	s6-eth3	8123	6296
1787820372.958537414	s6-eth4	8379	8123
1787820372.958537414	s7-eth1	765999744	1620146204
1787820372.958537414	s7-eth2	30485	1502347432
1787820372.958537414	s7-eth3	2388035574	3792381
1787820372.958537414	s7-eth4	8156	8123
1787820372.958537414	s8-eth1	8123	8123
1787820372.958537414	s8-eth2	6093	8123
1787820372.958537414	s8-eth3	8123	6296
1787820372.958537414	s8-eth4	8254	8123
1787820372.958537414	s9-eth1	2424488250	3794411
1787820372.958537414	s9-eth2	6296	8123
1787820372.958537414	s9-eth3	3792381	2388035574
1787820372.958537414	s9-eth4	6296	8123
1787820378.205620836	s10-eth1	6323	8282
1787820378.205620836	s10-eth2	8150	8407
1787820378.205620836	s10-eth3	8150	8184
1787820378.205620836	s10-eth4	8150	8282
1787820378.205620836	s1-eth1	3793425	3333442574
1787820378.205620836	s1-eth10	1562	4806
1787820378.205620836	s1-eth11	238189090	7607
1787820378.205620836	s1-eth12	1472	4806
1787820378.205620836	s1-eth13	1472	4806
1787820378.205620836	s1-eth14	1562	4806
1787820378.205620836	s1-eth15	238193245	7463
1787820378.205620836	s1-eth16	1472	4826
1787820378.205620836	s1-eth17	1562	4806
1787820378.205620836	s1-eth18	1562	4716
1787820378.205620836	s1-eth19	952752990	7447
1787820378.205620836	s1-eth2	8150	8150
1787820378.205620836	s1-eth20	1472	4806
1787820378.205620836	s1-eth21	1562	4806
1787820378.205620836	s1-eth22	1562	4806
1787820378.205620836	s1-eth23	238192754	7306
1787820378.205620836	s1-eth24	1472	4806
1787820378.205620836	s1-eth25	1562	4806
1787820378.205620836	s1-eth26	1562	4716
1787820378.205620836	s1-eth27	238185611	7521
1787820378.205620836	s1-eth28	1562	4806
1787820378.205620836	s1-eth29	1472	4716
1787820378.205620836	s1-eth3	1163438061	3771672
1787820378.205620836	s1-eth30	1562	4716
1787820378.205620836	s1-eth31	238194124	7375
1787820378.205620836	s1-eth32	1562	4716
1787820378.205620836	s1-eth33	1562	4716
1787820378.205620836	s1-eth34	1562	4716
1787820378.205620836	s1-eth4	1758	5002
1787820378.205620836	s1-eth5	1562	4716
1787820378.205620836	s1-eth6	1562	4806
1787820378.205620836	s1-eth7	238193264	7438
1787820378.205620836	s1-eth8	1562	4716
1787820378.205620836	s1-eth9	1472	4716
1787820378.205620836	s2-eth1	1458023913	762216691
1787820378.205620836	s2-eth10	1472	4806
1787820378.205620836	s2-eth11	238193546	7660
1787820378.205620836	s2-eth12	1472	4806
1787820378.205620836	s2-eth13	1472	4806
1787820378.205620836	s2-eth14	1562	4806
1787820378.205620836	s2-eth15	238189031	7663
1787820378.205620836	s2-eth16	1562	4806
1787820378.205620836	s2-eth17	1562	4806
1787820378.205620836	s2-eth18	1562	4806
1787820378.205620836	s2-eth19	4113	801860601
1787820378.205620836	s2-eth2	8052	8150
1787820378.205620836	s2-eth20	1562	4806
1787820378.205620836	s2-eth21	1472	4716
1787820378.205620836	s2-eth22	1562	4806
1787820378.205620836	s2-eth23	4062	214955284
1787820378.205620836	s2-eth24	1472	4806
1787820378.205620836	s2-eth25	1562	4806
1787820378.205620836	s2-eth26	1472	4806
1787820378.205620836	s2-eth27	4187	215047729
1787820378.205620836	s2-eth28	1562	4806
1787820378.205620836	s2-eth29	1472	4806
1787820378.205620836	s2-eth3	47644595	7724
1787820378.205620836	s2-eth30	1472	4911
1787820378.205620836	s2-eth31	4131	214868782
1787820378.205620836	s2-eth32	1472	4716
1787820378.205620836	s2-eth33	1562	4806
1787820378.205620836	s2-eth34	1562	4716
1787820378.205620836	s2-eth4	1562	4806
1787820378.205620836	s2-eth5	1472	4806
1787820378.205620836	s2-eth6	1562	4716
1787820378.205620836	s2-eth7	238177102	7525
1787820378.205620836	s2-eth8	1562	4716
1787820378.205620836	s2-eth9	1472	4806
1787820378.205620836	s3-eth1	1620146231	765999771
1787820378.205620836	s3-eth10	1472	4806
1787820378.205620836	s3-eth11	4113	209480605
1787820378.205620836	s3-eth12	1312	4716
1787820378.205620836	s3-eth13	1472	4806
1787820378.205620836	s3-eth14	1562	4716
1787820378.205620836	s3-eth15	4129	208863180
1787820378.205620836	s3-eth16	1472	4716
1787820378.205620836	s3-eth17	1472	4716
1787820378.205620836	s3-eth18	1312	4806
1787820378.205620836	s3-eth19	47644122	7480
1787820378.205620836	s3-eth2	8150	8150
1787820378.205620836	s3-eth20	1562	4696
1787820378.205620836	s3-eth21	1472	4696
1787820378.205620836	s3-eth22	1312	4716
1787820378.205620836	s3-eth23	238193490	7581
1787820378.205620836	s3-eth24	1312	4716
1787820378.205620836	s3-eth25	1562	4716
1787820378.205620836	s3-eth26	1312	4716
1787820378.205620836	s3-eth27	238192624	7280
1787820378.205620836	s3-eth28	1472	4806
1787820378.205620836	s3-eth29	1562	4736
1787820378.205620836	s3-eth3	3768142	985622389
1787820378.205620836	s3-eth30	1472	4806
1787820378.205620836	s3-eth31	238192603	7360
1787820378.205620836	s3-eth32	1312	4716
1787820378.205620836	s3-eth33	1472	4696
1787820378.205620836	s3-eth34	1562	4806
1787820378.205620836	s3-eth4	1472	4716
1787820378.205620836	s3-eth5	1562	4806
1787820378.205620836	s3-eth6	1562	4806
1787820378.205620836	s3-eth7	4194	209468917
1787820378.205620836	s3-eth8	1562	4575
1787820378.205620836	s3-eth9	1562	4806
1787820378.205620836	s4-eth1	1502347459	30512
1787820378.205620836	s4-eth10	1562	4696
1787820378.205620836	s4-eth11	4416	230544096
1787820378.205620836	s4-eth12	1472	4716
1787820378.205620836	s4-eth13	1312	4696
1787820378.205620836	s4-eth14	1312	4716
1787820378.205620836	s4-eth15	4419	230491905
1787820378.205620836	s4-eth16	1312	4716
1787820378.205620836	s4-eth17	1472	4696
1787820378.205620836	s4-eth18	1312	4766
1787820378.205620836	s4-eth19	4256	47543562
1787820378.205620836	s4-eth2	8150	6120
1787820378.205620836	s4-eth20	1562	4716
1787820378.205620836	s4-eth21	1472	4716
1787820378.205620836	s4-eth22	1472	4696
1787820378.205620836	s4-eth23	4177	237583884
1787820378.205620836	s4-eth24	1472	4716
1787820378.205620836	s4-eth25	1472	4716
1787820378.205620836	s4-eth26	1312	4766
1787820378.205620836	s4-eth27	3876	237649260
1787820378.205620836	s4-eth28	1472	4806
1787820378.205620836	s4-eth29	1312	4716
1787820378.205620836	s4-eth3	4230	46191329
1787820378.205620836	s4-eth30	1312	4716
1787820378.205620836	s4-eth31	4183	237639215
1787820378.205620836	s4-eth32	1312	4716
1787820378.205620836	s4-eth33	1312	4766
1787820378.205620836	s4-eth34	1472	4696
1787820378.205620836	s4-eth4	1472	4696
1787820378.205620836	s4-eth5	1312	4696
1787820378.205620836	s4-eth6	1312	4806
1787820378.205620836	s4-eth7	4191	230709234
1787820378.205620836	s4-eth8	1312	4716
1787820378.205620836	s4-eth9	1312	4766
1787820378.205620836	s5-eth1	3333442574	3793425
1787820378.205620836	s5-eth2	762216691	1458023913
1787820378.205620836	s5-eth3	3794438	2424488277
1787820378.205620836	s5-eth4	8282	6323
1787820378.205620836	s6-eth1	8150	8150
1787820378.205620836	s6-eth2	8150	8052
1787820378.205620836	s6-eth3	8150	6323
1787820378.205620836	s6-eth4	8407	8150
1787820378.205620836	s7-eth1	765999771	1620146231
1787820378.205620836	s7-eth2	30512	1502347459
1787820378.205620836	s7-eth3	2388035601	3792408
1787820378.205620836	s7-eth4	8184	8150
1787820378.205620836	s8-eth1	8150	8150
1787820378.205620836	s8-eth2	6120	8150
1787820378.205620836	s8-eth3	8150	6323
1787820378.205620836	s8-eth4	8282	8150
1787820378.205620836	s9-eth1	2424488277	3794438
1787820378.205620836	s9-eth2	6323	8150
1787820378.205620836	s9-eth3	3792408	2388035601
1787820378.205620836	s9-eth4	6323	8150
1787820382.930163074	s10-eth1	6350	8310
1787820382.930163074	s10-eth2	8177	8435
1787820382.930163074	s10-eth3	8177	8212
1787820382.930163074	s10-eth4	8177	8310
1787820382.930163074	s1-eth1	3793452	3333442601
1787820382.930163074	s1-eth10	1562	4806
1787820382.930163074	s1-eth11	238189090	7607
1787820382.930163074	s1-eth12	1472	4806
1787820382.930163074	s1-eth13	1472	4806
1787820382.930163074	s1-eth14	1562	4806
1787820382.930163074	s1-eth15	238193245	7463
1787820382.930163074	s1-eth16	1472	4826
1787820382.930163074	s1-eth17	1562	4806
1787820382.930163074	s1-eth18	1562	4716
1787820382.930163074	s1-eth19	952752990	7447
1787820382.930163074	s1-eth2	8177	8177
1787820382.930163074	s1-eth20	1472	4806
1787820382.930163074	s1-eth21	1562	4806
1787820382.930163074	s1-eth22	1562	4806
1787820382.930163074	s1-eth23	238192754	7306
1787820382.930163074	s1-eth24	1472	4806
1787820382.930163074	s1-eth25	1562	4806
1787820382.930163074	s1-eth26	1562	4716
1787820382.930163074	s1-eth27	238185611	7521
1787820382.930163074	s1-eth28	1562	4806
1787820382.930163074	s1-eth29	1472	4716
1787820382.930163074	s1-eth3	1163438061	3771672
1787820382.930163074	s1-eth30	1562	4716
1787820382.930163074	s1-eth31	238194124	7375
1787820382.930163074	s1-eth32	1562	4716
1787820382.930163074	s1-eth33	1562	4716
1787820382.930163074	s1-eth34	1562	4716
1787820382.930163074	s1-eth4	1758	5002
1787820382.930163074	s1-eth5	1562	4716
1787820382.930163074	s1-eth6	1562	4806
1787820382.930163074	s1-eth7	238193264	7438
1787820382.930163074	s1-eth8	1562	4716
1787820382.930163074	s1-eth9	1472	4716
1787820382.930163074	s2-eth1	1458023940	762216718
1787820382.930163074	s2-eth10	1472	4806
1787820382.930163074	s2-eth11	238193546	7660
1787820382.930163074	s2-eth12	1472	4806
1787820382.930163074	s2-eth13	1472	4806
1787820382.930163074	s2-eth14	1562	4806
1787820382.930163074	s2-eth15	238189031	7663
1787820382.930163074	s2-eth16	1562	4806
1787820382.930163074	s2-eth17	1562	4806
1787820382.930163074	s2-eth18	1562	4806
1787820382.930163074	s2-eth19	4113	801860601
1787820382.930163074	s2-eth2	8079	8177
1787820382.930163074	s2-eth20	1562	4806
1787820382.930163074	s2-eth21	1472	4716
1787820382.930163074	s2-eth22	1562	4806
1787820382.930163074	s2-eth23	4062	214955284
1787820382.930163074	s2-eth24	1472	4806
1787820382.930163074	s2-eth25	1562	4806
1787820382.930163074	s2-eth26	1472	4806
1787820382.930163074	s2-eth27	4187	215047729
1787820382.930163074	s2-eth28	1562	4806
1787820382.930163074	s2-eth29	1472	4806
1787820382.930163074	s2-eth3	47644595	7724
1787820382.930163074	s2-eth30	1472	4911
1787820382.930163074	s2-eth31	4131	214868782
1787820382.930163074	s2-eth32	1472	4716
1787820382.930163074	s2-eth33	1562	4806
1787820382.930163074	s2-eth34	1562	4716
1787820382.930163074	s2-eth4	1562	4806
1787820382.930163074	s2-eth5	1472	4806
1787820382.930163074	s2-eth6	1562	4716
1787820382.930163074	s2-eth7	238177102	7525
1787820382.930163074	s2-eth8	1562	4716
1787820382.930163074	s2-eth9	1472	4806
1787820382.930163074	s3-eth1	1620146258	765999798
1787820382.930163074	s3-eth10	1472	4806
1787820382.930163074	s3-eth11	4113	209480605
1787820382.930163074	s3-eth12	1312	4716
1787820382.930163074	s3-eth13	1472	4806
1787820382.930163074	s3-eth14	1562	4716
1787820382.930163074	s3-eth15	4129	208863180
1787820382.930163074	s3-eth16	1472	4716
1787820382.930163074	s3-eth17	1472	4716
1787820382.930163074	s3-eth18	1312	4806
1787820382.930163074	s3-eth19	47644122	7480
1787820382.930163074	s3-eth2	8177	8177
1787820382.930163074	s3-eth20	1562	4696
1787820382.930163074	s3-eth21	1472	4696
1787820382.930163074	s3-eth22	1312	4716
1787820382.930163074	s3-eth23	238193490	7581
1787820382.930163074	s3-eth24	1312	4716
1787820382.930163074	s3-eth25	1562	4716
1787820382.930163074	s3-eth26	1312	4716
1787820382.930163074	s3-eth27	238192624	7280
1787820382.930163074	s3-eth28	1472	4806
1787820382.930163074	s3-eth29	1562	4736
1787820382.930163074	s3-eth3	3768142	985622389
1787820382.930163074	s3-eth30	1472	4806
1787820382.930163074	s3-eth31	238192603	7360
1787820382.930163074	s3-eth32	1312	4716
1787820382.930163074	s3-eth33	1472	4696
1787820382.930163074	s3-eth34	1562	4806
1787820382.930163074	s3-eth4	1472	4716
1787820382.930163074	s3-eth5	1562	4806
1787820382.930163074	s3-eth6	1562	4806
1787820382.930163074	s3-eth7	4194	209468917
1787820382.930163074	s3-eth8	1562	4575
1787820382.930163074	s3-eth9	1562	4806
1787820382.930163074	s4-eth1	1502347486	30539
1787820382.930163074	s4-eth10	1562	4696
1787820382.930163074	s4-eth11	4416	230544096
1787820382.930163074	s4-eth12	1472	4716
1787820382.930163074	s4-eth13	1312	4696
1787820382.930163074	s4-eth14	1312	4716
1787820382.930163074	s4-eth15	4419	230491905
1787820382.930163074	s4-eth16	1312	4716
1787820382.930163074	s4-eth17	1472	4696
1787820382.930163074	s4-eth18	1312	4766
1787820382.930163074	s4-eth19	4256	47543562
1787820382.930163074	s4-eth2	8177	6147
1787820382.930163074	s4-eth20	1562	4716
1787820382.930163074	s4-eth21	1472	4716
1787820382.930163074	s4-eth22	1472	4696
1787820382.930163074	s4-eth23	4177	237583884
1787820382.930163074	s4-eth24	1472	4716
1787820382.930163074	s4-eth25	1472	4716
1787820382.930163074	s4-eth26	1312	4766
1787820382.930163074	s4-eth27	3876	237649260
1787820382.930163074	s4-eth28	1472	4806
1787820382.930163074	s4-eth29	1312	4716
1787820382.930163074	s4-eth3	4230	46191329
1787820382.930163074	s4-eth30	1312	4716
1787820382.930163074	s4-eth31	4183	237639215
1787820382.930163074	s4-eth32	1312	4716
1787820382.930163074	s4-eth33	1312	4766
1787820382.930163074	s4-eth34	1472	4696
1787820382.930163074	s4-eth4	1472	4696
1787820382.930163074	s4-eth5	1312	4696
1787820382.930163074	s4-eth6	1312	4806
1787820382.930163074	s4-eth7	4191	230709234
1787820382.930163074	s4-eth8	1312	4716
1787820382.930163074	s4-eth9	1312	4766
1787820382.930163074	s5-eth1	3333442601	3793452
1787820382.930163074	s5-eth2	762216718	1458023940
1787820382.930163074	s5-eth3	3794465	2424488304
1787820382.930163074	s5-eth4	8310	6350
1787820382.930163074	s6-eth1	8177	8177
1787820382.930163074	s6-eth2	8177	8079
1787820382.930163074	s6-eth3	8177	6350
1787820382.930163074	s6-eth4	8435	8177
1787820382.930163074	s7-eth1	765999798	1620146258
1787820382.930163074	s7-eth2	30539	1502347486
1787820382.930163074	s7-eth3	2388035628	3792435
1787820382.930163074	s7-eth4	8212	8177
1787820382.930163074	s8-eth1	8177	8177
1787820382.930163074	s8-eth2	6147	8177
1787820382.930163074	s8-eth3	8177	6350
1787820382.930163074	s8-eth4	8310	8177
1787820382.930163074	s9-eth1	2424488304	3794465
1787820382.930163074	s9-eth2	6350	8177
1787820382.930163074	s9-eth3	3792435	2388035628
1787820382.930163074	s9-eth4	6350	8177
1787820387.699977287	s10-eth1	6377	8338
1787820387.699977287	s10-eth2	8204	8463
1787820387.699977287	s10-eth3	8204	8240
1787820387.699977287	s10-eth4	8204	8338
1787820387.699977287	s1-eth1	3793479	3333442628
1787820387.699977287	s1-eth10	1562	4806
1787820387.699977287	s1-eth11	238189090	7607
1787820387.699977287	s1-eth12	1472	4806
1787820387.699977287	s1-eth13	1472	4806
1787820387.699977287	s1-eth14	1562	4806
1787820387.699977287	s1-eth15	238193245	7463
1787820387.699977287	s1-eth16	1472	4826
1787820387.699977287	s1-eth17	1562	4806
1787820387.699977287	s1-eth18	1562	4716
1787820387.699977287	s1-eth19	952752990	7447
1787820387.699977287	s1-eth2	8204	8204
1787820387.699977287	s1-eth20	1472	4806
1787820387.699977287	s1-eth21	1562	4806
1787820387.699977287	s1-eth22	1562	4806
1787820387.699977287	s1-eth23	238192754	7306
1787820387.699977287	s1-eth24	1472	4806
1787820387.699977287	s1-eth25	1562	4806
1787820387.699977287	s1-eth26	1562	4716
1787820387.699977287	s1-eth27	238185611	7521
1787820387.699977287	s1-eth28	1562	4806
1787820387.699977287	s1-eth29	1472	4716
1787820387.699977287	s1-eth3	1163438061	3771672
1787820387.699977287	s1-eth30	1562	4716
1787820387.699977287	s1-eth31	238194124	7375
1787820387.699977287	s1-eth32	1562	4716
1787820387.699977287	s1-eth33	1562	4716
1787820387.699977287	s1-eth34	1562	4716
1787820387.699977287	s1-eth4	1758	5002
1787820387.699977287	s1-eth5	1562	4716
1787820387.699977287	s1-eth6	1562	4806
1787820387.699977287	s1-eth7	238193264	7438
1787820387.699977287	s1-eth8	1562	4716
1787820387.699977287	s1-eth9	1472	4716
1787820387.699977287	s2-eth1	1458023967	762216745
1787820387.699977287	s2-eth10	1472	4806
1787820387.699977287	s2-eth11	238193546	7660
1787820387.699977287	s2-eth12	1472	4806
1787820387.699977287	s2-eth13	1472	4806
1787820387.699977287	s2-eth14	1562	4806
1787820387.699977287	s2-eth15	238189031	7663
1787820387.699977287	s2-eth16	1562	4806
1787820387.699977287	s2-eth17	1562	4806
1787820387.699977287	s2-eth18	1562	4806
1787820387.699977287	s2-eth19	4113	801860601
1787820387.699977287	s2-eth2	8106	8204
1787820387.699977287	s2-eth20	1562	4806
1787820387.699977287	s2-eth21	1472	4716
1787820387.699977287	s2-eth22	1562	4806
1787820387.699977287	s2-eth23	4062	214955284
1787820387.699977287	s2-eth24	1472	4806
1787820387.699977287	s2-eth25	1562	4806
1787820387.699977287	s2-eth26	1472	4806
1787820387.699977287	s2-eth27	4187	215047729
1787820387.699977287	s2-eth28	1562	4806
1787820387.699977287	s2-eth29	1472	4806
1787820387.699977287	s2-eth3	47644595	7724
1787820387.699977287	s2-eth30	1472	4911
1787820387.699977287	s2-eth31	4131	214868782
1787820387.699977287	s2-eth32	1472	4716
1787820387.699977287	s2-eth33	1562	4806
1787820387.699977287	s2-eth34	1562	4716
1787820387.699977287	s2-eth4	1562	4806
1787820387.699977287	s2-eth5	1472	4806
1787820387.699977287	s2-eth6	1562	4716
1787820387.699977287	s2-eth7	238177102	7525
1787820387.699977287	s2-eth8	1562	4716
1787820387.699977287	s2-eth9	1472	4806
1787820387.699977287	s3-eth1	1620146285	765999825
1787820387.699977287	s3-eth10	1472	4806
1787820387.699977287	s3-eth11	4113	209480605
1787820387.699977287	s3-eth12	1312	4716
1787820387.699977287	s3-eth13	1472	4806
1787820387.699977287	s3-eth14	1562	4716
1787820387.699977287	s3-eth15	4129	208863180
1787820387.699977287	s3-eth16	1472	4716
1787820387.699977287	s3-eth17	1472	4716
1787820387.699977287	s3-eth18	1312	4806
1787820387.699977287	s3-eth19	47644122	7480
1787820387.699977287	s3-eth2	8204	8204
1787820387.699977287	s3-eth20	1562	4696
1787820387.699977287	s3-eth21	1472	4696
1787820387.699977287	s3-eth22	1312	4716
1787820387.699977287	s3-eth23	238193490	7581
1787820387.699977287	s3-eth24	1312	4716
1787820387.699977287	s3-eth25	1562	4716
1787820387.699977287	s3-eth26	1312	4716
1787820387.699977287	s3-eth27	238192624	7280
1787820387.699977287	s3-eth28	1472	4806
1787820387.699977287	s3-eth29	1562	4736
1787820387.699977287	s3-eth3	3768142	985622389
1787820387.699977287	s3-eth30	1472	4806
1787820387.699977287	s3-eth31	238192603	7360
1787820387.699977287	s3-eth32	1312	4716
1787820387.699977287	s3-eth33	1472	4696
1787820387.699977287	s3-eth34	1562	4806
1787820387.699977287	s3-eth4	1472	4716
1787820387.699977287	s3-eth5	1562	4806
1787820387.699977287	s3-eth6	1562	4806
1787820387.699977287	s3-eth7	4194	209468917
1787820387.699977287	s3-eth8	1562	4575
1787820387.699977287	s3-eth9	1562	4806
1787820387.699977287	s4-eth1	1502347513	30566
1787820387.699977287	s4-eth10	1562	4696
1787820387.699977287	s4-eth11	4416	230544096
1787820387.699977287	s4-eth12	1472	4716
1787820387.699977287	s4-eth13	1312	4696
1787820387.699977287	s4-eth14	1312	4716
1787820387.699977287	s4-eth15	4419	230491905
1787820387.699977287	s4-eth16	1312	4716
1787820387.699977287	s4-eth17	1472	4696
1787820387.699977287	s4-eth18	1312	4766
1787820387.699977287	s4-eth19	4256	47543562
1787820387.699977287	s4-eth2	8204	6174
1787820387.699977287	s4-eth20	1562	4716
1787820387.699977287	s4-eth21	1472	4716
1787820387.699977287	s4-eth22	1472	4696
1787820387.699977287	s4-eth23	4177	237583884
1787820387.699977287	s4-eth24	1472	4716
1787820387.699977287	s4-eth25	1472	4716
1787820387.699977287	s4-eth26	1312	4766
1787820387.699977287	s4-eth27	3876	237649260
1787820387.699977287	s4-eth28	1472	4806
1787820387.699977287	s4-eth29	1312	4716
1787820387.699977287	s4-eth3	4230	46191329
1787820387.699977287	s4-eth30	1312	4716
1787820387.699977287	s4-eth31	4183	237639215
1787820387.699977287	s4-eth32	1312	4716
1787820387.699977287	s4-eth33	1312	4766
1787820387.699977287	s4-eth34	1472	4696
1787820387.699977287	s4-eth4	1472	4696
1787820387.699977287	s4-eth5	1312	4696
1787820387.699977287	s4-eth6	1312	4806
1787820387.699977287	s4-eth7	4191	230709234
1787820387.699977287	s4-eth8	1312	4716
1787820387.699977287	s4-eth9	1312	4766
1787820387.699977287	s5-eth1	3333442628	3793479
1787820387.699977287	s5-eth2	762216745	1458023967
1787820387.699977287	s5-eth3	3794492	2424488331
1787820387.699977287	s5-eth4	8338	6377
1787820387.699977287	s6-eth1	8204	8204
1787820387.699977287	s6-eth2	8204	8106
1787820387.699977287	s6-eth3	8204	6377
1787820387.699977287	s6-eth4	8463	8204
1787820387.699977287	s7-eth1	765999825	1620146285
1787820387.699977287	s7-eth2	30566	1502347513
1787820387.699977287	s7-eth3	2388035655	3792462
1787820387.699977287	s7-eth4	8240	8204
1787820387.699977287	s8-eth1	8204	8204
1787820387.699977287	s8-eth2	6174	8204
1787820387.699977287	s8-eth3	8204	6377
1787820387.699977287	s8-eth4	8338	8204
1787820387.699977287	s9-eth1	2424488331	3794492
1787820387.699977287	s9-eth2	6377	8204
1787820387.699977287	s9-eth3	3792462	2388035655
1787820387.699977287	s9-eth4	6377	8204
1787820391.758951925	s10-eth1	6377	8338
1787820391.758951925	s10-eth2	8204	8463
1787820391.758951925	s10-eth3	8204	8240
1787820391.758951925	s10-eth4	8204	8338
1787820391.758951925	s1-eth1	3793479	3333442628
1787820391.758951925	s1-eth10	1562	4806
1787820391.758951925	s1-eth11	238189090	7607
1787820391.758951925	s1-eth12	1472	4806
1787820391.758951925	s1-eth13	1472	4806
1787820391.758951925	s1-eth14	1562	4806
1787820391.758951925	s1-eth15	238193245	7463
1787820391.758951925	s1-eth16	1472	4826
1787820391.758951925	s1-eth17	1562	4806
1787820391.758951925	s1-eth18	1562	4716
1787820391.758951925	s1-eth19	952752990	7447
1787820391.758951925	s1-eth2	8204	8204
1787820391.758951925	s1-eth20	1472	4806
1787820391.758951925	s1-eth21	1562	4806
1787820391.758951925	s1-eth22	1562	4806
1787820391.758951925	s1-eth23	238192754	7306
1787820391.758951925	s1-eth24	1472	4806
1787820391.758951925	s1-eth25	1562	4806
1787820391.758951925	s1-eth26	1562	4716
1787820391.758951925	s1-eth27	238185611	7521
1787820391.758951925	s1-eth28	1562	4806
1787820391.758951925	s1-eth29	1472	4716
1787820391.758951925	s1-eth3	1163438061	3771672
1787820391.758951925	s1-eth30	1562	4716
1787820391.758951925	s1-eth31	238194124	7375
1787820391.758951925	s1-eth32	1562	4716
1787820391.758951925	s1-eth33	1562	4716
1787820391.758951925	s1-eth34	1562	4716
1787820391.758951925	s1-eth4	1758	5002
1787820391.758951925	s1-eth5	1562	4716
1787820391.758951925	s1-eth6	1562	4806
1787820391.758951925	s1-eth7	238193264	7438
1787820391.758951925	s1-eth8	1562	4716
1787820391.758951925	s1-eth9	1472	4716
1787820391.758951925	s2-eth1	1458023994	762216772
1787820391.758951925	s2-eth10	1472	4806
1787820391.758951925	s2-eth11	238193546	7660
1787820391.758951925	s2-eth12	1472	4806
1787820391.758951925	s2-eth13	1472	4806
1787820391.758951925	s2-eth14	1562	4806
1787820391.758951925	s2-eth15	238189031	7663
1787820391.758951925	s2-eth16	1562	4806
1787820391.758951925	s2-eth17	1562	4806
1787820391.758951925	s2-eth18	1562	4806
1787820391.758951925	s2-eth19	4113	801860601
1787820391.758951925	s2-eth2	8133	8231
1787820391.758951925	s2-eth20	1562	4806
1787820391.758951925	s2-eth21	1472	4716
1787820391.758951925	s2-eth22	1562	4806
1787820391.758951925	s2-eth23	4062	214955284
1787820391.758951925	s2-eth24	1472	4806
1787820391.758951925	s2-eth25	1562	4806
1787820391.758951925	s2-eth26	1472	4806
1787820391.758951925	s2-eth27	4187	215047729
1787820391.758951925	s2-eth28	1562	4806
1787820391.758951925	s2-eth29	1472	4806
1787820391.758951925	s2-eth3	47644595	7724
1787820391.758951925	s2-eth30	1472	4911
1787820391.758951925	s2-eth31	4131	214868782
1787820391.758951925	s2-eth32	1472	4716
1787820391.758951925	s2-eth33	1562	4806
1787820391.758951925	s2-eth34	1562	4716
1787820391.758951925	s2-eth4	1562	4806
1787820391.758951925	s2-eth5	1472	4806
1787820391.758951925	s2-eth6	1562	4716
1787820391.758951925	s2-eth7	238177102	7525
1787820391.758951925	s2-eth8	1562	4716
1787820391.758951925	s2-eth9	1472	4806
1787820391.758951925	s3-eth1	1620146312	765999852
1787820391.758951925	s3-eth10	1472	4806
1787820391.758951925	s3-eth11	4113	209480605
1787820391.758951925	s3-eth12	1312	4716
1787820391.758951925	s3-eth13	1472	4806
1787820391.758951925	s3-eth14	1562	4716
1787820391.758951925	s3-eth15	4129	208863180
1787820391.758951925	s3-eth16	1472	4716
1787820391.758951925	s3-eth17	1472	4716
1787820391.758951925	s3-eth18	1312	4806
1787820391.758951925	s3-eth19	47644122	7480
1787820391.758951925	s3-eth2	8231	8231
1787820391.758951925	s3-eth20	1562	4696
1787820391.758951925	s3-eth21	1472	4696
1787820391.758951925	s3-eth22	1312	4716
1787820391.758951925	s3-eth23	238193490	7581
1787820391.758951925	s3-eth24	1312	4716
1787820391.758951925	s3-eth25	1562	4716
1787820391.758951925	s3-eth26	1312	4716
1787820391.758951925	s3-eth27	238192624	7280
1787820391.758951925	s3-eth28	1472	4806
1787820391.758951925	s3-eth29	1562	4736
1787820391.758951925	s3-eth3	3768142	985622389
1787820391.758951925	s3-eth30	1472	4806
1787820391.758951925	s3-eth31	238192603	7360
1787820391.758951925	s3-eth32	1312	4716
1787820391.758951925	s3-eth33	1472	4696
1787820391.758951925	s3-eth34	1562	4806
1787820391.758951925	s3-eth4	1472	4716
1787820391.758951925	s3-eth5	1562	4806
1787820391.758951925	s3-eth6	1562	4806
1787820391.758951925	s3-eth7	4194	209468917
1787820391.758951925	s3-eth8	1562	4575
1787820391.758951925	s3-eth9	1562	4806
1787820391.758951925	s4-eth1	1502347540	30593
1787820391.758951925	s4-eth10	1562	4696
1787820391.758951925	s4-eth11	4416	230544096
1787820391.758951925	s4-eth12	1472	4716
1787820391.758951925	s4-eth13	1312	4696
1787820391.758951925	s4-eth14	1312	4716
1787820391.758951925	s4-eth15	4419	230491905
1787820391.758951925	s4-eth16	1312	4716
1787820391.758951925	s4-eth17	1472	4696
1787820391.758951925	s4-eth18	1312	4766
1787820391.758951925	s4-eth19	4256	47543562
1787820391.758951925	s4-eth2	8231	6201
1787820391.758951925	s4-eth20	1562	4716
1787820391.758951925	s4-eth21	1472	4716
1787820391.758951925	s4-eth22	1472	4696
1787820391.758951925	s4-eth23	4177	237583884
1787820391.758951925	s4-eth24	1472	4716
1787820391.758951925	s4-eth25	1472	4716
1787820391.758951925	s4-eth26	1312	4766
1787820391.758951925	s4-eth27	3876	237649260
1787820391.758951925	s4-eth28	1472	4806
1787820391.758951925	s4-eth29	1312	4716
1787820391.758951925	s4-eth3	4230	46191329
1787820391.758951925	s4-eth30	1312	4716
1787820391.758951925	s4-eth31	4183	237639215
1787820391.758951925	s4-eth32	1312	4716
1787820391.758951925	s4-eth33	1312	4766
1787820391.758951925	s4-eth34	1472	4696
1787820391.758951925	s4-eth4	1472	4696
1787820391.758951925	s4-eth5	1312	4696
1787820391.758951925	s4-eth6	1312	4806
1787820391.758951925	s4-eth7	4191	230709234
1787820391.758951925	s4-eth8	1312	4716
1787820391.758951925	s4-eth9	1312	4766
1787820391.758951925	s5-eth1	3333442655	3793506
1787820391.758951925	s5-eth2	762216772	1458023994
1787820391.758951925	s5-eth3	3794519	2424488358
1787820391.758951925	s5-eth4	8366	6404
1787820391.758951925	s6-eth1	8231	8231
1787820391.758951925	s6-eth2	8231	8133
1787820391.758951925	s6-eth3	8231	6404
1787820391.758951925	s6-eth4	8491	8231
1787820391.758951925	s7-eth1	765999852	1620146312
1787820391.758951925	s7-eth2	30593	1502347540
1787820391.758951925	s7-eth3	2388035682	3792489
1787820391.758951925	s7-eth4	8268	8231
1787820391.758951925	s8-eth1	8231	8231
1787820391.758951925	s8-eth2	6201	8231
1787820391.758951925	s8-eth3	8231	6404
1787820391.758951925	s8-eth4	8366	8231
1787820391.758951925	s9-eth1	2424488358	3794519
1787820391.758951925	s9-eth2	6404	8231
1787820391.758951925	s9-eth3	3792489	2388035682
1787820391.758951925	s9-eth4	6404	8231
1787820397.100096461	s10-eth1	6404	8366
1787820397.100096461	s10-eth2	8231	8491
1787820397.100096461	s10-eth3	8258	8296
1787820397.100096461	s10-eth4	8258	8394
1787820397.100096461	s1-eth1	3797307	3337997720
1787820397.100096461	s1-eth10	1562	4806
1787820397.100096461	s1-eth11	238772424	8127
1787820397.100096461	s1-eth12	1472	4806
1787820397.100096461	s1-eth13	1472	4806
1787820397.100096461	s1-eth14	1562	4806
1787820397.100096461	s1-eth15	238193319	7537
1787820397.100096461	s1-eth16	1472	4826
1787820397.100096461	s1-eth17	1562	4806
1787820397.100096461	s1-eth18	1562	4716
1787820397.100096461	s1-eth19	955665089	7967
1787820397.100096461	s1-eth2	8258	8258
1787820397.100096461	s1-eth20	1472	4806
1787820397.100096461	s1-eth21	1562	4806
1787820397.100096461	s1-eth22	1562	4806
1787820397.100096461	s1-eth23	239149710	7893
1787820397.100096461	s1-eth24	1472	4806
1787820397.100096461	s1-eth25	1562	4806
1787820397.100096461	s1-eth26	1562	4716
1787820397.100096461	s1-eth27	239295209	8041
1787820397.100096461	s1-eth28	1562	4806
1787820397.100096461	s1-eth29	1472	4716
1787820397.100096461	s1-eth3	1168957296	3772192
1787820397.100096461	s1-eth30	1562	4716
1787820397.100096461	s1-eth31	239521530	7895
1787820397.100096461	s1-eth32	1562	4716
1787820397.100096461	s1-eth33	1562	4716
1787820397.100096461	s1-eth34	1562	4716
1787820397.100096461	s1-eth4	1758	5002
1787820397.100096461	s1-eth5	1562	4716
1787820397.100096461	s1-eth6	1562	4806
1787820397.100096461	s1-eth7	239709716	8025
1787820397.100096461	s1-eth8	1562	4716
1787820397.100096461	s1-eth9	1472	4716
1787820397.100096461	s2-eth1	1465919834	765966985
1787820397.100096461	s2-eth10	1472	4806
1787820397.100096461	s2-eth11	239943679	8325
1787820397.100096461	s2-eth12	1472	4806
1787820397.100096461	s2-eth13	1472	4806
1787820397.100096461	s2-eth14	1562	4806
1787820397.100096461	s2-eth15	238189731	8003
1787820397.100096461	s2-eth16	1562	4806
1787820397.100096461	s2-eth17	1562	4806
1787820397.100096461	s2-eth18	1562	4806
1787820397.100096461	s2-eth19	4633	806311314
1787820397.100096461	s2-eth2	8160	8258
1787820397.100096461	s2-eth20	1562	4806
1787820397.100096461	s2-eth21	1472	4716
1787820397.100096461	s2-eth22	1562	4806
1787820397.100096461	s2-eth23	4649	216820700
1787820397.100096461	s2-eth24	1472	4806
1787820397.100096461	s2-eth25	1562	4806
1787820397.100096461	s2-eth26	1472	4806
1787820397.100096461	s2-eth27	4707	216972057
1787820397.100096461	s2-eth28	1562	4806
1787820397.100096461	s2-eth29	1472	4806
1787820397.100096461	s2-eth3	48184603	8244
1787820397.100096461	s2-eth30	1472	4911
1787820397.100096461	s2-eth31	4651	216927282
1787820397.100096461	s2-eth32	1472	4716
1787820397.100096461	s2-eth33	1562	4806
1787820397.100096461	s2-eth34	1562	4716
1787820397.100096461	s2-eth4	1562	4806
1787820397.100096461	s2-eth5	1472	4806
1787820397.100096461	s2-eth6	1562	4716
1787820397.100096461	s2-eth7	241181566	8112
1787820397.100096461	s2-eth8	1562	4716
1787820397.100096461	s2-eth9	1472	4806
1787820397.100096461	s3-eth1	1630915969	776041308
1787820397.100096461	s3-eth10	1472	4806
1787820397.100096461	s3-eth11	4633	212010639
1787820397.100096461	s3-eth12	1312	4716
1787820397.100096461	s3-eth13	1472	4806
1787820397.100096461	s3-eth14	1562	4716
1787820397.100096461	s3-eth15	4469	208863834
1787820397.100096461	s3-eth16	1472	4716
1787820397.100096461	s3-eth17	1472	4716
1787820397.100096461	s3-eth18	1312	4806
1787820397.100096461	s3-eth19	48364446	8000
1787820397.100096461	s3-eth2	8285	8285
1787820397.100096461	s3-eth20	1562	4696
1787820397.100096461	s3-eth21	1472	4696
1787820397.100096461	s3-eth22	1312	4716
1787820397.100096461	s3-eth23	242016998	8101
1787820397.100096461	s3-eth24	1312	4716
1787820397.100096461	s3-eth25	1562	4716
1787820397.100096461	s3-eth26	1312	4716
1787820397.100096461	s3-eth27	242145912	7800
1787820397.100096461	s3-eth28	1472	4806
1787820397.100096461	s3-eth29	1562	4736
1787820397.100096461	s3-eth3	3768662	993737224
1787820397.100096461	s3-eth30	1472	4806
1787820397.100096461	s3-eth31	242326219	7947
1787820397.100096461	s3-eth32	1312	4716
1787820397.100096461	s3-eth33	1472	4696
1787820397.100096461	s3-eth34	1562	4806
1787820397.100096461	s3-eth4	1472	4716
1787820397.100096461	s3-eth5	1562	4806
1787820397.100096461	s3-eth6	1562	4806
1787820397.100096461	s3-eth7	4781	212906035
1787820397.100096461	s3-eth8	1562	4575
1787820397.100096461	s3-eth9	1562	4806
1787820397.100096461	s4-eth1	1526833247	34906
1787820397.100096461	s4-eth10	1562	4696
1787820397.100096461	s4-eth11	5081	235171019
1787820397.100096461	s4-eth12	1472	4716
1787820397.100096461	s4-eth13	1312	4696
1787820397.100096461	s4-eth14	1312	4716
1787820397.100096461	s4-eth15	4759	230492559
1787820397.100096461	s4-eth16	1312	4716
1787820397.100096461	s4-eth17	1472	4696
1787820397.100096461	s4-eth18	1312	4766
1787820397.100096461	s4-eth19	4776	48530656
1787820397.100096461	s4-eth2	8285	6255
1787820397.100096461	s4-eth20	1562	4716
1787820397.100096461	s4-eth21	1472	4716
1787820397.100096461	s4-eth22	1472	4696
1787820397.100096461	s4-eth23	4697	242533594
1787820397.100096461	s4-eth24	1472	4716
1787820397.100096461	s4-eth25	1472	4716
1787820397.100096461	s4-eth26	1312	4766
1787820397.100096461	s4-eth27	4396	242604738
1787820397.100096461	s4-eth28	1472	4806
1787820397.100096461	s4-eth29	1312	4716
1787820397.100096461	s4-eth3	4750	47215849
1787820397.100096461	s4-eth30	1312	4716
1787820397.100096461	s4-eth31	4770	242698529
1787820397.100096461	s4-eth32	1312	4716
1787820397.100096461	s4-eth33	1312	4766
1787820397.100096461	s4-eth34	1472	4696
1787820397.100096461	s4-eth4	1472	4696
1787820397.100096461	s4-eth5	1312	4696
1787820397.100096461	s4-eth6	1312	4806
1787820397.100096461	s4-eth7	4778	236104534
1787820397.100096461	s4-eth8	1312	4716
1787820397.100096461	s4-eth9	1312	4766
1787820397.100096461	s5-eth1	3385839681	3797674
1787820397.100096461	s5-eth2	774683902	1483554079
1787820397.100096461	s5-eth3	3798652	2458390260
1787820397.100096461	s5-eth4	8422	6458
1787820397.100096461	s6-eth1	8285	8285
1787820397.100096461	s6-eth2	8285	8187
1787820397.100096461	s6-eth3	8285	6458
1787820397.100096461	s6-eth4	8547	8285
1787820397.100096461	s7-eth1	784957221	1641940086
1787820397.100096461	s7-eth2	34906	1534377791
1787820397.100096461	s7-eth3	2423187752	3796622
1787820397.100096461	s7-eth4	8324	8285
1787820397.100096461	s8-eth1	8285	8285
1787820397.100096461	s8-eth2	6255	8285
1787820397.100096461	s8-eth3	8285	6458
1787820397.100096461	s8-eth4	8422	8285
1787820397.100096461	s9-eth1	2460247556	3798652
1787820397.100096461	s9-eth2	6458	8285
1787820397.100096461	s9-eth3	3796622	2423366560
1787820397.100096461	s9-eth4	6458	8285
1787820408.244923991	s10-eth1	6485	8450
1787820408.244923991	s10-eth2	8312	8575
1787820408.244923991	s10-eth3	8312	8352
1787820408.244923991	s10-eth4	8312	8450
1787820408.244923991	s1-eth1	3797701	3409788444
1787820408.244923991	s1-eth10	1562	4806
1787820408.244923991	s1-eth11	245983866	8127
1787820408.244923991	s1-eth12	1472	4806
1787820408.244923991	s1-eth13	1472	4806
1787820408.244923991	s1-eth14	1562	4806
1787820408.244923991	s1-eth15	238194019	7803
1787820408.244923991	s1-eth16	1472	4826
1787820408.244923991	s1-eth17	1562	4806
1787820408.244923991	s1-eth18	1562	4716
1787820408.244923991	s1-eth19	984976623	7967
1787820408.244923991	s1-eth2	8312	8312
1787820408.244923991	s1-eth20	1472	4806
1787820408.244923991	s1-eth21	1562	4806
1787820408.244923991	s1-eth22	1562	4806
1787820408.244923991	s1-eth23	246391434	7893
1787820408.244923991	s1-eth24	1472	4806
1787820408.244923991	s1-eth25	1562	4806
1787820408.244923991	s1-eth26	1562	4716
1787820408.244923991	s1-eth27	246376871	8041
1787820408.244923991	s1-eth28	1562	4806
1787820408.244923991	s1-eth29	1472	4716
1787820408.244923991	s1-eth3	1197180120	3772192
1787820408.244923991	s1-eth30	1562	4716
1787820408.244923991	s1-eth31	246571468	7895
1787820408.244923991	s1-eth32	1562	4716
1787820408.244923991	s1-eth33	1562	4716
1787820408.244923991	s1-eth34	1562	4716
1787820408.244923991	s1-eth4	1758	5002
1787820408.244923991	s1-eth5	1562	4716
1787820408.244923991	s1-eth6	1562	4806
1787820408.244923991	s1-eth7	246742350	8025
1787820408.244923991	s1-eth8	1562	4716
1787820408.244923991	s1-eth9	1472	4716
1787820408.244923991	s2-eth1	1501612272	781455561
1787820408.244923991	s2-eth10	1472	4806
1787820408.244923991	s2-eth11	246915749	8325
1787820408.244923991	s2-eth12	1472	4806
1787820408.244923991	s2-eth13	1472	4806
1787820408.244923991	s2-eth14	1562	4806
1787820408.244923991	s2-eth15	238189731	8003
1787820408.244923991	s2-eth16	1562	4806
1787820408.244923991	s2-eth17	1562	4806
1787820408.244923991	s2-eth18	1562	4806
1787820408.244923991	s2-eth19	4633	823381710
1787820408.244923991	s2-eth2	8214	8312
1787820408.244923991	s2-eth20	1562	4806
1787820408.244923991	s2-eth21	1472	4716
1787820408.244923991	s2-eth22	1562	4806
1787820408.244923991	s2-eth23	4649	222696850
1787820408.244923991	s2-eth24	1472	4806
1787820408.244923991	s2-eth25	1562	4806
1787820408.244923991	s2-eth26	1472	4806
1787820408.244923991	s2-eth27	4707	222988081
1787820408.244923991	s2-eth28	1562	4806
1787820408.244923991	s2-eth29	1472	4806
1787820408.244923991	s2-eth3	49636697	8244
1787820408.244923991	s2-eth30	1472	4911
1787820408.244923991	s2-eth31	4651	222982240
1787820408.244923991	s2-eth32	1472	4716
1787820408.244923991	s2-eth33	1562	4806
1787820408.244923991	s2-eth34	1562	4716
1787820408.244923991	s2-eth4	1562	4806
1787820408.244923991	s2-eth5	1472	4806
1787820408.244923991	s2-eth6	1562	4716
1787820408.244923991	s2-eth7	248176708	8112
1787820408.244923991	s2-eth8	1562	4716
1787820408.244923991	s2-eth9	1472	4806
1787820408.244923991	s3-eth1	1659519562	798135713
1787820408.244923991	s3-eth10	1472	4806
1787820408.244923991	s3-eth11	4633	217901209
1787820408.244923991	s3-eth12	1312	4716
1787820408.244923991	s3-eth13	1472	4806
1787820408.244923991	s3-eth14	1562	4716
1787820408.244923991	s3-eth15	4469	208863834
1787820408.244923991	s3-eth16	1472	4716
1787820408.244923991	s3-eth17	1472	4716
1787820408.244923991	s3-eth18	1312	4806
1787820408.244923991	s3-eth19	49757418	8000
1787820408.244923991	s3-eth2	8339	8339
1787820408.244923991	s3-eth20	1562	4696
1787820408.244923991	s3-eth21	1472	4696
1787820408.244923991	s3-eth22	1312	4716
1787820408.244923991	s3-eth23	249036654	8101
1787820408.244923991	s3-eth24	1312	4716
1787820408.244923991	s3-eth25	1562	4716
1787820408.244923991	s3-eth26	1312	4716
1787820408.244923991	s3-eth27	249241994	7800
1787820408.244923991	s3-eth28	1472	4806
1787820408.244923991	s3-eth29	1562	4736
1787820408.244923991	s3-eth3	3768662	1009838596
1787820408.244923991	s3-eth30	1472	4806
1787820408.244923991	s3-eth31	249487191	7947
1787820408.244923991	s3-eth32	1312	4716
1787820408.244923991	s3-eth33	1472	4696
1787820408.244923991	s3-eth34	1562	4806
1787820408.244923991	s3-eth4	1472	4716
1787820408.244923991	s3-eth5	1562	4806
1787820408.244923991	s3-eth6	1562	4806
1787820408.244923991	s3-eth7	4781	219181619
1787820408.244923991	s3-eth8	1562	4575
1787820408.244923991	s3-eth9	1562	4806
1787820408.244923991	s4-eth1	1564708873	34960
1787820408.244923991	s4-eth10	1562	4696
1787820408.244923991	s4-eth11	5081	241964281
1787820408.244923991	s4-eth12	1472	4716
1787820408.244923991	s4-eth13	1312	4696
1787820408.244923991	s4-eth14	1312	4716
1787820408.244923991	s4-eth15	4759	230492559
1787820408.244923991	s4-eth16	1312	4716
1787820408.244923991	s4-eth17	1472	4696
1787820408.244923991	s4-eth18	1312	4766
1787820408.244923991	s4-eth19	4776	49870274
1787820408.244923991	s4-eth2	8339	6309
1787820408.244923991	s4-eth20	1562	4716
1787820408.244923991	s4-eth21	1472	4716
1787820408.244923991	s4-eth22	1472	4696
1787820408.244923991	s4-eth23	4697	249243220
1787820408.244923991	s4-eth24	1472	4716
1787820408.244923991	s4-eth25	1472	4716
1787820408.244923991	s4-eth26	1312	4766
1787820408.244923991	s4-eth27	4396	249421072
1787820408.244923991	s4-eth28	1472	4806
1787820408.244923991	s4-eth29	1312	4716
1787820408.244923991	s4-eth3	4750	48597285
1787820408.244923991	s4-eth30	1312	4716
1787820408.244923991	s4-eth31	4770	249725395
1787820408.244923991	s4-eth32	1312	4716
1787820408.244923991	s4-eth33	1312	4766
1787820408.244923991	s4-eth34	1472	4696
1787820408.244923991	s4-eth4	1472	4696
1787820408.244923991	s4-eth5	1312	4696
1787820408.244923991	s4-eth6	1312	4806
1787820408.244923991	s4-eth7	4778	242948266
1787820408.244923991	s4-eth8	1312	4716
1787820408.244923991	s4-eth9	1312	4766
1787820408.244923991	s5-eth1	3451713179	3797728
1787820408.244923991	s5-eth2	789973482	1516898941
1787820408.244923991	s5-eth3	3798706	2500873076
1787820408.244923991	s5-eth4	8478	6512
1787820408.244923991	s6-eth1	8339	8339
1787820408.244923991	s6-eth2	8339	8241
1787820408.244923991	s6-eth3	8339	6512
1787820408.244923991	s6-eth4	8603	8339
1787820408.244923991	s7-eth1	806448843	1667883162
1787820408.244923991	s7-eth2	34960	1570596559
1787820408.244923991	s7-eth3	2464586184	3796676
1787820408.244923991	s7-eth4	8380	8339
1787820408.244923991	s8-eth1	8339	8339
1787820408.244923991	s8-eth2	6309	8339
1787820408.244923991	s8-eth3	8339	6512
1787820408.244923991	s8-eth4	8478	8339
1787820408.244923991	s9-eth1	2503914254	3798706
1787820408.244923991	s9-eth2	6512	8339
1787820408.244923991	s9-eth3	3796676	2467594223
1787820408.244923991	s9-eth4	6539	8366
1787820419.468414083	s10-eth1	6539	8506
1787820419.468414083	s10-eth2	8366	8631
1787820419.468414083	s10-eth3	8366	8408
1787820419.468414083	s10-eth4	8366	8506
1787820419.468414083	s1-eth1	3797755	3469746858
1787820419.468414083	s1-eth10	1562	4806
1787820419.468414083	s1-eth11	253182330	8127
1787820419.468414083	s1-eth12	1472	4806
1787820419.468414083	s1-eth13	1472	4806
1787820419.468414083	s1-eth14	1562	4806
1787820419.468414083	s1-eth15	238194019	7803
1787820419.468414083	s1-eth16	1472	4826
1787820419.468414083	s1-eth17	1562	4806
1787820419.468414083	s1-eth18	1562	4716
1787820419.468414083	s1-eth19	1013405653	7967
1787820419.468414083	s1-eth2	8366	8366
1787820419.468414083	s1-eth20	1472	4806
1787820419.468414083	s1-eth21	1562	4806
1787820419.468414083	s1-eth22	1562	4806
1787820419.468414083	s1-eth23	253569710	7893
1787820419.468414083	s1-eth24	1472	4806
1787820419.468414083	s1-eth25	1562	4806
1787820419.468414083	s1-eth26	1562	4716
1787820419.468414083	s1-eth27	253748375	8041
1787820419.468414083	s1-eth28	1562	4806
1787820419.468414083	s1-eth29	1472	4716
1787820419.468414083	s1-eth3	1226259492	3772192
1787820419.468414083	s1-eth30	1562	4716
1787820419.468414083	s1-eth31	253839148	7895
1787820419.468414083	s1-eth32	1562	4716
1787820419.468414083	s1-eth33	1562	4716
1787820419.468414083	s1-eth34	1562	4716
1787820419.468414083	s1-eth4	1758	5002
1787820419.468414083	s1-eth5	1562	4716
1787820419.468414083	s1-eth6	1562	4806
1787820419.468414083	s1-eth7	254187396	8025
1787820419.468414083	s1-eth8	1562	4716
1787820419.468414083	s1-eth9	1472	4716
1787820419.468414083	s2-eth1	1529646248	798090527
1787820419.468414083	s2-eth10	1472	4806
1787820419.468414083	s2-eth11	254571327	8325
1787820419.468414083	s2-eth12	1472	4806
1787820419.468414083	s2-eth13	1472	4806
1787820419.468414083	s2-eth14	1562	4806
1787820419.468414083	s2-eth15	238189731	8003
1787820419.468414083	s2-eth16	1562	4806
1787820419.468414083	s2-eth17	1562	4806
1787820419.468414083	s2-eth18	1562	4806
1787820419.468414083	s2-eth19	4633	833805928
1787820419.468414083	s2-eth2	8295	8393
1787820419.468414083	s2-eth20	1562	4806
1787820419.468414083	s2-eth21	1472	4716
1787820419.468414083	s2-eth22	1562	4806
1787820419.468414083	s2-eth23	4649	228374004
1787820419.468414083	s2-eth24	1472	4806
1787820419.468414083	s2-eth25	1562	4806
1787820419.468414083	s2-eth26	1472	4806
1787820419.468414083	s2-eth27	4707	228461913
1787820419.468414083	s2-eth28	1562	4806
1787820419.468414083	s2-eth29	1472	4806
1787820419.468414083	s2-eth3	51113305	8244
1787820419.468414083	s2-eth30	1472	4911
1787820419.468414083	s2-eth31	4651	228427232
1787820419.468414083	s2-eth32	1472	4716
1787820419.468414083	s2-eth33	1562	4806
1787820419.468414083	s2-eth34	1562	4716
1787820419.468414083	s2-eth4	1562	4806
1787820419.468414083	s2-eth5	1472	4806
1787820419.468414083	s2-eth6	1562	4716
1787820419.468414083	s2-eth7	255784700	8112
1787820419.468414083	s2-eth8	1562	4716
1787820419.468414083	s2-eth9	1472	4806
1787820419.468414083	s3-eth1	1679397586	822149393
1787820419.468414083	s3-eth10	1472	4806
1787820419.468414083	s3-eth11	4633	223037613
1787820419.468414083	s3-eth12	1312	4716
1787820419.468414083	s3-eth13	1472	4806
1787820419.468414083	s3-eth14	1562	4716
1787820419.468414083	s3-eth15	4469	208863834
1787820419.468414083	s3-eth16	1472	4716
1787820419.468414083	s3-eth17	1472	4716
1787820419.468414083	s3-eth18	1312	4806
1787820419.468414083	s3-eth19	51169136	8000
1787820419.468414083	s3-eth2	8393	8393
1787820419.468414083	s3-eth20	1562	4696
1787820419.468414083	s3-eth21	1472	4696
1787820419.468414083	s3-eth22	1312	4716
1787820419.468414083	s3-eth23	255838568	8101
1787820419.468414083	s3-eth24	1312	4716
1787820419.468414083	s3-eth25	1562	4716
1787820419.468414083	s3-eth26	1312	4716
1787820419.468414083	s3-eth27	256065538	7800
1787820419.468414083	s3-eth28	1472	4806
1787820419.468414083	s3-eth29	1562	4736
1787820419.468414083	s3-eth3	3768662	1017727778
1787820419.468414083	s3-eth30	1472	4806
1787820419.468414083	s3-eth31	256219889	7947
1787820419.468414083	s3-eth32	1312	4716
1787820419.468414083	s3-eth33	1472	4696
1787820419.468414083	s3-eth34	1562	4806
1787820419.468414083	s3-eth4	1472	4716
1787820419.468414083	s3-eth5	1562	4806
1787820419.468414083	s3-eth6	1562	4806
1787820419.468414083	s3-eth7	4781	223464359
1787820419.468414083	s3-eth8	1562	4575
1787820419.468414083	s3-eth9	1562	4806
1787820419.468414083	s4-eth1	1600320559	35014
1787820419.468414083	s4-eth10	1562	4696
1787820419.468414083	s4-eth11	5081	248306197
1787820419.468414083	s4-eth12	1472	4716
1787820419.468414083	s4-eth13	1312	4696
1787820419.468414083	s4-eth14	1312	4716
1787820419.468414083	s4-eth15	4759	230492559
1787820419.468414083	s4-eth16	1312	4716
1787820419.468414083	s4-eth17	1472	4696
1787820419.468414083	s4-eth18	1312	4766
1787820419.468414083	s4-eth19	4776	51221428
1787820419.468414083	s4-eth2	8393	6363
1787820419.468414083	s4-eth20	1562	4716
1787820419.468414083	s4-eth21	1472	4716
1787820419.468414083	s4-eth22	1472	4696
1787820419.468414083	s4-eth23	4697	256160494
1787820419.468414083	s4-eth24	1472	4716
1787820419.468414083	s4-eth25	1472	4716
1787820419.468414083	s4-eth26	1312	4766
1787820419.468414083	s4-eth27	4396	256394584
1787820419.468414083	s4-eth28	1472	4806
1787820419.468414083	s4-eth29	1312	4716
1787820419.468414083	s4-eth3	4750	49886433
1787820419.468414083	s4-eth30	1312	4716
1787820419.468414083	s4-eth31	4770	256433579
1787820419.468414083	s4-eth32	1312	4716
1787820419.468414083	s4-eth33	1312	4766
1787820419.468414083	s4-eth34	1472	4696
1787820419.468414083	s4-eth4	1472	4696
1787820419.468414083	s4-eth5	1312	4696
1787820419.468414083	s4-eth6	1312	4806
1787820419.468414083	s4-eth7	4778	249238270
1787820419.468414083	s4-eth8	1312	4716
1787820419.468414083	s4-eth9	1312	4766
1787820419.468414083	s5-eth1	3506701019	3797782
1787820419.468414083	s5-eth2	804967651	1539639401
1787820419.468414083	s5-eth3	3798826	2533164035
1787820419.468414083	s5-eth4	8534	6566
1787820419.468414083	s6-eth1	8393	8393
1787820419.468414083	s6-eth2	8393	8322
1787820419.468414083	s6-eth3	8420	6593
1787820419.468414083	s6-eth4	8687	8420
1787820419.468414083	s7-eth1	829065252	1685687617
1787820419.468414083	s7-eth2	35107	1607891285
1787820419.468414083	s7-eth3	2497572214	3796823
1787820419.468414083	s7-eth4	8464	8420
1787820419.468414083	s8-eth1	8420	8420
1787820419.468414083	s8-eth2	6390	8420
1787820419.468414083	s8-eth3	8420	6593
1787820419.468414083	s8-eth4	8562	8420
1787820419.468414083	s9-eth1	2538176653	3798985
1787820419.468414083	s9-eth2	6593	8420
1787820419.468414083	s9-eth3	3796955	2500550143
1787820419.468414083	s9-eth4	6593	8420
1787820430.370011674	s10-eth1	6593	8562
1787820430.370011674	s10-eth2	8420	8687
1787820430.370011674	s10-eth3	8420	8464
1787820430.370011674	s10-eth4	8420	8562
1787820430.370011674	s1-eth1	3797941	3533581567
1787820430.370011674	s1-eth10	1562	4806
1787820430.370011674	s1-eth11	260194776	8127
1787820430.370011674	s1-eth12	1472	4806
1787820430.370011674	s1-eth13	1472	4806
1787820430.370011674	s1-eth14	1562	4806
1787820430.370011674	s1-eth15	238194218	7935
1787820430.370011674	s1-eth16	1472	4826
1787820430.370011674	s1-eth17	1562	4806
1787820430.370011674	s1-eth18	1562	4716
1787820430.370011674	s1-eth19	1041530421	7967
1787820430.370011674	s1-eth2	8420	8420
1787820430.370011674	s1-eth20	1472	4806
1787820430.370011674	s1-eth21	1562	4806
1787820430.370011674	s1-eth22	1562	4806
1787820430.370011674	s1-eth23	260566294	7893
1787820430.370011674	s1-eth24	1472	4806
1787820430.370011674	s1-eth25	1562	4806
1787820430.370011674	s1-eth26	1562	4716
1787820430.370011674	s1-eth27	260566151	8041
1787820430.370011674	s1-eth28	1562	4806
1787820430.370011674	s1-eth29	1472	4716
1787820430.370011674	s1-eth3	1253608464	3772192
1787820430.370011674	s1-eth30	1562	4716
1787820430.370011674	s1-eth31	260612222	7895
1787820430.370011674	s1-eth32	1562	4716
1787820430.370011674	s1-eth33	1562	4716
1787820430.370011674	s1-eth34	1562	4716
1787820430.370011674	s1-eth4	1758	5002
1787820430.370011674	s1-eth5	1562	4716
1787820430.370011674	s1-eth6	1562	4806
1787820430.370011674	s1-eth7	260793198	8025
1787820430.370011674	s1-eth8	1562	4716
1787820430.370011674	s1-eth9	1472	4716
1787820430.370011674	s2-eth1	1556144560	812303132
1787820430.370011674	s2-eth10	1472	4806
1787820430.370011674	s2-eth11	261008415	8325
1787820430.370011674	s2-eth12	1472	4806
1787820430.370011674	s2-eth13	1472	4806
1787820430.370011674	s2-eth14	1562	4806
1787820430.370011674	s2-eth15	238189930	8069
1787820430.370011674	s2-eth16	1562	4806
1787820430.370011674	s2-eth17	1562	4806
1787820430.370011674	s2-eth18	1562	4806
1787820430.370011674	s2-eth19	4633	846009574
1787820430.370011674	s2-eth2	8349	8447
1787820430.370011674	s2-eth20	1562	4806
1787820430.370011674	s2-eth21	1472	4716
1787820430.370011674	s2-eth22	1562	4806
1787820430.370011674	s2-eth23	4649	233304202
1787820430.370011674	s2-eth24	1472	4806
1787820430.370011674	s2-eth25	1562	4806
1787820430.370011674	s2-eth26	1472	4806
1787820430.370011674	s2-eth27	4707	233556499
1787820430.370011674	s2-eth28	1562	4806
1787820430.370011674	s2-eth29	1472	4806
1787820430.370011674	s2-eth3	52399569	8244
1787820430.370011674	s2-eth30	1472	4911
1787820430.370011674	s2-eth31	4651	233344452
1787820430.370011674	s2-eth32	1472	4716
1787820430.370011674	s2-eth33	1562	4806
1787820430.370011674	s2-eth34	1562	4716
1787820430.370011674	s2-eth4	1562	4806
1787820430.370011674	s2-eth5	1472	4806
1787820430.370011674	s2-eth6	1562	4716
1787820430.370011674	s2-eth7	262296772	8112
1787820430.370011674	s2-eth8	1562	4716
1787820430.370011674	s2-eth9	1472	4806
1787820430.370011674	s3-eth1	1701737303	843345537
1787820430.370011674	s3-eth10	1472	4806
1787820430.370011674	s3-eth11	4633	227848125
1787820430.370011674	s3-eth12	1312	4716
1787820430.370011674	s3-eth13	1472	4806
1787820430.370011674	s3-eth14	1562	4716
1787820430.370011674	s3-eth15	4601	208864033
1787820430.370011674	s3-eth16	1472	4716
1787820430.370011674	s3-eth17	1472	4716
1787820430.370011674	s3-eth18	1312	4806
1787820430.370011674	s3-eth19	52576528	8000
1787820430.370011674	s3-eth2	8447	8447
1787820430.370011674	s3-eth20	1562	4696
1787820430.370011674	s3-eth21	1472	4696
1787820430.370011674	s3-eth22	1312	4716
1787820430.370011674	s3-eth23	263149508	8101
1787820430.370011674	s3-eth24	1312	4716
1787820430.370011674	s3-eth25	1562	4716
1787820430.370011674	s3-eth26	1312	4716
1787820430.370011674	s3-eth27	263227952	7800
1787820430.370011674	s3-eth28	1472	4806
1787820430.370011674	s3-eth29	1562	4736
1787820430.370011674	s3-eth3	3768662	1029625720
1787820430.370011674	s3-eth30	1472	4806
1787820430.370011674	s3-eth31	263343369	7947
1787820430.370011674	s3-eth32	1312	4716
1787820430.370011674	s3-eth33	1472	4696
1787820430.370011674	s3-eth34	1562	4806
1787820430.370011674	s3-eth4	1472	4716
1787820430.370011674	s3-eth5	1562	4806
1787820430.370011674	s3-eth6	1562	4806
1787820430.370011674	s3-eth7	4781	228693051
1787820430.370011674	s3-eth8	1562	4575
1787820430.370011674	s3-eth9	1562	4806
1787820430.370011674	s4-eth1	1638562652	35134
1787820430.370011674	s4-eth10	1562	4696
1787820430.370011674	s4-eth11	5081	255444097
1787820430.370011674	s4-eth12	1472	4716
1787820430.370011674	s4-eth13	1312	4696
1787820430.370011674	s4-eth14	1312	4716
1787820430.370011674	s4-eth15	4825	230492758
1787820430.370011674	s4-eth16	1312	4716
1787820430.370011674	s4-eth17	1472	4696
1787820430.370011674	s4-eth18	1312	4766
1787820430.370011674	s4-eth19	4776	52735528
1787820430.370011674	s4-eth2	8474	6444
1787820430.370011674	s4-eth20	1562	4716
1787820430.370011674	s4-eth21	1472	4716
1787820430.370011674	s4-eth22	1472	4696
1787820430.370011674	s4-eth23	4697	263746856
1787820430.370011674	s4-eth24	1472	4716
1787820430.370011674	s4-eth25	1472	4716
1787820430.370011674	s4-eth26	1312	4766
1787820430.370011674	s4-eth27	4396	263926150
1787820430.370011674	s4-eth28	1472	4806
1787820430.370011674	s4-eth29	1312	4716
1787820430.370011674	s4-eth3	4750	51403417
1787820430.370011674	s4-eth30	1312	4716
1787820430.370011674	s4-eth31	4770	264093483
1787820430.370011674	s4-eth32	1312	4716
1787820430.370011674	s4-eth33	1312	4766
1787820430.370011674	s4-eth34	1472	4696
1787820430.370011674	s4-eth4	1472	4696
1787820430.370011674	s4-eth5	1312	4696
1787820430.370011674	s4-eth6	1312	4806
1787820430.370011674	s4-eth7	4778	256573724
1787820430.370011674	s4-eth8	1312	4716
1787820430.370011674	s4-eth9	1312	4766
1787820430.370011674	s5-eth1	3570581899	3797995
1787820430.370011674	s5-eth2	820999888	1569697972
1787820430.370011674	s5-eth3	3799039	2573760941
1787820430.370011674	s5-eth4	8618	6647
1787820430.370011674	s6-eth1	8474	8474
1787820430.370011674	s6-eth2	8474	8376
1787820430.370011674	s6-eth3	8474	6647
1787820430.370011674	s6-eth4	8743	8474
1787820430.370011674	s7-eth1	851824524	1708823318
1787820430.370011674	s7-eth2	35161	1645794309
1787820430.370011674	s7-eth3	2536053679	3797009
1787820430.370011674	s7-eth4	8520	8474
1787820430.370011674	s8-eth1	8474	8474
1787820430.370011674	s8-eth2	6444	8474
1787820430.370011674	s8-eth3	8474	6647
1787820430.370011674	s8-eth4	8618	8474
1787820430.370011674	s9-eth1	2574549715	3799039
1787820430.370011674	s9-eth2	6647	8474
1787820430.370011674	s9-eth3	3797009	2536257001
1787820430.370011674	s9-eth4	6647	8474
1787820440.673988268	s10-eth1	6647	8618
1787820440.673988268	s10-eth2	8474	8743
1787820440.673988268	s10-eth3	8474	8520
1787820440.673988268	s10-eth4	8474	8618
1787820440.673988268	s1-eth1	3797995	3591190963
1787820440.673988268	s1-eth10	1562	4806
1787820440.673988268	s1-eth11	266693870	8127
1787820440.673988268	s1-eth12	1472	4806
1787820440.673988268	s1-eth13	1472	4806
1787820440.673988268	s1-eth14	1562	4806
1787820440.673988268	s1-eth15	238194218	7935
1787820440.673988268	s1-eth16	1472	4826
1787820440.673988268	s1-eth17	1562	4806
1787820440.673988268	s1-eth18	1562	4716
1787820440.673988268	s1-eth19	1066427993	7967
1787820440.673988268	s1-eth2	8474	8474
1787820440.673988268	s1-eth20	1472	4806
1787820440.673988268	s1-eth21	1562	4806
1787820440.673988268	s1-eth22	1562	4806
1787820440.673988268	s1-eth23	266681816	7893
1787820440.673988268	s1-eth24	1472	4806
1787820440.673988268	s1-eth25	1562	4806
1787820440.673988268	s1-eth26	1562	4716
1787820440.673988268	s1-eth27	266673021	8041
1787820440.673988268	s1-eth28	1562	4806
1787820440.673988268	s1-eth29	1472	4716
1787820440.673988268	s1-eth3	1277994126	3772192
1787820440.673988268	s1-eth30	1562	4716
1787820440.673988268	s1-eth31	266698904	7895
1787820440.673988268	s1-eth32	1562	4716
1787820440.673988268	s1-eth33	1562	4716
1787820440.673988268	s1-eth34	1562	4716
1787820440.673988268	s1-eth4	1758	5002
1787820440.673988268	s1-eth5	1562	4716
1787820440.673988268	s1-eth6	1562	4806
1787820440.673988268	s1-eth7	266767404	8025
1787820440.673988268	s1-eth8	1562	4716
1787820440.673988268	s1-eth9	1472	4716
1787820440.673988268	s2-eth1	1580958550	825214854
1787820440.673988268	s2-eth10	1472	4806
1787820440.673988268	s2-eth11	266822559	8325
1787820440.673988268	s2-eth12	1472	4806
1787820440.673988268	s2-eth13	1472	4806
1787820440.673988268	s2-eth14	1562	4806
1787820440.673988268	s2-eth15	238189930	8069
1787820440.673988268	s2-eth16	1562	4806
1787820440.673988268	s2-eth17	1562	4806
1787820440.673988268	s2-eth18	1562	4806
1787820440.673988268	s2-eth19	4633	856601064
1787820440.673988268	s2-eth2	8376	8474
1787820440.673988268	s2-eth20	1562	4806
1787820440.673988268	s2-eth21	1472	4716
1787820440.673988268	s2-eth22	1562	4806
1787820440.673988268	s2-eth23	4649	237106756
1787820440.673988268	s2-eth24	1472	4806
1787820440.673988268	s2-eth25	1562	4806
1787820440.673988268	s2-eth26	1472	4806
1787820440.673988268	s2-eth27	4707	237399429
1787820440.673988268	s2-eth28	1562	4806
1787820440.673988268	s2-eth29	1472	4806
1787820440.673988268	s2-eth3	53459439	8244
1787820440.673988268	s2-eth30	1472	4911
1787820440.673988268	s2-eth31	4651	237210454
1787820440.673988268	s2-eth32	1472	4716
1787820440.673988268	s2-eth33	1562	4806
1787820440.673988268	s2-eth34	1562	4716
1787820440.673988268	s2-eth4	1562	4806
1787820440.673988268	s2-eth5	1472	4806
1787820440.673988268	s2-eth6	1562	4716
1787820440.673988268	s2-eth7	267453364	8112
1787820440.673988268	s2-eth8	1562	4716
1787820440.673988268	s2-eth9	1472	4806
1787820440.673988268	s3-eth1	1721015455	859875237
1787820440.673988268	s3-eth10	1472	4806
1787820440.673988268	s3-eth11	4633	231771807
1787820440.673988268	s3-eth12	1312	4716
1787820440.673988268	s3-eth13	1472	4806
1787820440.673988268	s3-eth14	1562	4716
1787820440.673988268	s3-eth15	4601	208864033
1787820440.673988268	s3-eth16	1472	4716
1787820440.673988268	s3-eth17	1472	4716
1787820440.673988268	s3-eth18	1312	4806
1787820440.673988268	s3-eth19	53584486	8000
1787820440.673988268	s3-eth2	8501	8501
1787820440.673988268	s3-eth20	1562	4696
1787820440.673988268	s3-eth21	1472	4696
1787820440.673988268	s3-eth22	1312	4716
1787820440.673988268	s3-eth23	268060960	8101
1787820440.673988268	s3-eth24	1312	4716
1787820440.673988268	s3-eth25	1562	4716
1787820440.673988268	s3-eth26	1312	4716
1787820440.673988268	s3-eth27	268321096	7800
1787820440.673988268	s3-eth28	1472	4806
1787820440.673988268	s3-eth29	1562	4736
1787820440.673988268	s3-eth3	3768662	1041850996
1787820440.673988268	s3-eth30	1472	4806
1787820440.673988268	s3-eth31	268410557	7947
1787820440.673988268	s3-eth32	1312	4716
1787820440.673988268	s3-eth33	1472	4696
1787820440.673988268	s3-eth34	1562	4806
1787820440.673988268	s3-eth4	1472	4716
1787820440.673988268	s3-eth5	1562	4806
1787820440.673988268	s3-eth6	1562	4806
1787820440.673988268	s3-eth7	4781	232587893
1787820440.673988268	s3-eth8	1562	4575
1787820440.673988268	s3-eth9	1562	4806
1787820440.673988268	s4-eth1	1665538200	35188
1787820440.673988268	s4-eth10	1562	4696
1787820440.673988268	s4-eth11	5081	260218559
1787820440.673988268	s4-eth12	1472	4716
1787820440.673988268	s4-eth13	1312	4696
1787820440.673988268	s4-eth14	1312	4716
1787820440.673988268	s4-eth15	4825	230492758
1787820440.673988268	s4-eth16	1312	4716
1787820440.673988268	s4-eth17	1472	4696
1787820440.673988268	s4-eth18	1312	4766
1787820440.673988268	s4-eth19	4776	53645430
1787820440.673988268	s4-eth2	8501	6471
1787820440.673988268	s4-eth20	1562	4716
1787820440.673988268	s4-eth21	1472	4716
1787820440.673988268	s4-eth22	1472	4696
1787820440.673988268	s4-eth23	4697	268143514
1787820440.673988268	s4-eth24	1472	4716
1787820440.673988268	s4-eth25	1472	4716
1787820440.673988268	s4-eth26	1312	4766
1787820440.673988268	s4-eth27	4396	268298294
1787820440.673988268	s4-eth28	1472	4806
1787820440.673988268	s4-eth29	1312	4716
1787820440.673988268	s4-eth3	4750	52223915
1787820440.673988268	s4-eth30	1312	4716
1787820440.673988268	s4-eth31	4770	268406505
1787820440.673988268	s4-eth32	1312	4716
1787820440.673988268	s4-eth33	1312	4766
1787820440.673988268	s4-eth34	1472	4696
1787820440.673988268	s4-eth4	1472	4696
1787820440.673988268	s4-eth5	1312	4696
1787820440.673988268	s4-eth6	1312	4806
1787820440.673988268	s4-eth7	4778	260692076
1787820440.673988268	s4-eth8	1312	4716
1787820440.673988268	s4-eth9	1312	4766
1787820440.673988268	s5-eth1	3620886096	3798022
1787820440.673988268	s5-eth2	830636801	1592423919
1787820440.673988268	s5-eth3	3799066	2602394762
1787820440.673988268	s5-eth4	8646	6674
1787820440.673988268	s6-eth1	8501	8501
1787820440.673988268	s6-eth2	8501	8403
1787820440.673988268	s6-eth3	8501	6674
1787820440.673988268	s6-eth4	8771	8501
1787820440.673988268	s7-eth1	865602861	1727334299
1787820440.673988268	s7-eth2	35188	1668701948
1787820440.673988268	s7-eth3	2564515902	3797036
1787820440.673988268	s7-eth4	8548	8501
1787820440.673988268	s8-eth1	8501	8501
1787820440.673988268	s8-eth2	6471	8501
1787820440.673988268	s8-eth3	8501	6674
1787820440.673988268	s8-eth4	8646	8501
1787820440.673988268	s9-eth1	2604700520	3799066
1787820440.673988268	s9-eth2	6674	8501
1787820440.673988268	s9-eth3	3797036	2565728624
1787820440.673988268	s9-eth4	6674	8501
1787820447.632965405	s10-eth1	6701	8674
1787820447.632965405	s10-eth2	8528	8799
1787820447.632965405	s10-eth3	8528	8576
1787820447.632965405	s10-eth4	8528	8674
1787820447.632965405	s1-eth1	3798049	3642501703
1787820447.632965405	s1-eth10	1562	4806
1787820447.632965405	s1-eth11	271090528	8127
1787820447.632965405	s1-eth12	1472	4806
1787820447.632965405	s1-eth13	1472	4806
1787820447.632965405	s1-eth14	1562	4806
1787820447.632965405	s1-eth15	238194218	7935
1787820447.632965405	s1-eth16	1472	4826
1787820447.632965405	s1-eth17	1562	4806
1787820447.632965405	s1-eth18	1562	4716
1787820447.632965405	s1-eth19	1084098261	7967
1787820447.632965405	s1-eth2	8528	8528
1787820447.632965405	s1-eth20	1472	4806
1787820447.632965405	s1-eth21	1562	4806
1787820447.632965405	s1-eth22	1562	4806
1787820447.632965405	s1-eth23	271091452	7893
1787820447.632965405	s1-eth24	1472	4806
1787820447.632965405	s1-eth25	1562	4806
1787820447.632965405	s1-eth26	1562	4716
1787820447.632965405	s1-eth27	271159083	8041
1787820447.632965405	s1-eth28	1562	4806
1787820447.632965405	s1-eth29	1472	4716
1787820447.632965405	s1-eth3	1296356554	3772192
1787820447.632965405	s1-eth30	1562	4716
1787820447.632965405	s1-eth31	271310420	7895
1787820447.632965405	s1-eth32	1562	4716
1787820447.632965405	s1-eth33	1562	4716
1787820447.632965405	s1-eth34	1562	4716
1787820447.632965405	s1-eth4	1758	5002
1787820447.632965405	s1-eth5	1562	4716
1787820447.632965405	s1-eth6	1562	4806
1787820447.632965405	s1-eth7	271471208	8025
1787820447.632965405	s1-eth8	1562	4716
1787820447.632965405	s1-eth9	1472	4716
1787820447.632965405	s2-eth1	1606088338	835682386
1787820447.632965405	s2-eth10	1472	4806
1787820447.632965405	s2-eth11	271586927	8325
1787820447.632965405	s2-eth12	1472	4806
1787820447.632965405	s2-eth13	1472	4806
1787820447.632965405	s2-eth14	1562	4806
1787820447.632965405	s2-eth15	238189930	8069
1787820447.632965405	s2-eth16	1562	4806
1787820447.632965405	s2-eth17	1562	4806
1787820447.632965405	s2-eth18	1562	4806
1787820447.632965405	s2-eth19	4633	870777366
1787820447.632965405	s2-eth2	8430	8528
1787820447.632965405	s2-eth20	1562	4806
1787820447.632965405	s2-eth21	1472	4716
1787820447.632965405	s2-eth22	1562	4806
1787820447.632965405	s2-eth23	4649	241153008
1787820447.632965405	s2-eth24	1472	4806
1787820447.632965405	s2-eth25	1562	4806
1787820447.632965405	s2-eth26	1472	4806
1787820447.632965405	s2-eth27	4707	241490383
1787820447.632965405	s2-eth28	1562	4806
1787820447.632965405	s2-eth29	1472	4806
1787820447.632965405	s2-eth3	54489027	8244
1787820447.632965405	s2-eth30	1472	4911
1787820447.632965405	s2-eth31	4651	241380718
1787820447.632965405	s2-eth32	1472	4716
1787820447.632965405	s2-eth33	1562	4806
1787820447.632965405	s2-eth34	1562	4716
1787820447.632965405	s2-eth4	1562	4806
1787820447.632965405	s2-eth5	1472	4806
1787820447.632965405	s2-eth6	1562	4716
1787820447.632965405	s2-eth7	272671962	8112
1787820447.632965405	s2-eth8	1562	4716
1787820447.632965405	s2-eth9	1472	4806
1787820447.632965405	s3-eth1	1744099018	876443844
1787820447.632965405	s3-eth10	1472	4806
1787820447.632965405	s3-eth11	4633	235825269
1787820447.632965405	s3-eth12	1312	4716
1787820447.632965405	s3-eth13	1472	4806
1787820447.632965405	s3-eth14	1562	4716
1787820447.632965405	s3-eth15	4601	208864033
1787820447.632965405	s3-eth16	1472	4716
1787820447.632965405	s3-eth17	1472	4716
1787820447.632965405	s3-eth18	1312	4806
1787820447.632965405	s3-eth19	54565046	8000
1787820447.632965405	s3-eth2	8528	8528
1787820447.632965405	s3-eth20	1562	4696
1787820447.632965405	s3-eth21	1472	4696
1787820447.632965405	s3-eth22	1312	4716
1787820447.632965405	s3-eth23	272815234	8101
1787820447.632965405	s3-eth24	1312	4716
1787820447.632965405	s3-eth25	1562	4716
1787820447.632965405	s3-eth26	1312	4716
1787820447.632965405	s3-eth27	272840324	7800
1787820447.632965405	s3-eth28	1472	4806
1787820447.632965405	s3-eth29	1562	4736
1787820447.632965405	s3-eth3	3768662	1055584604
1787820447.632965405	s3-eth30	1472	4806
1787820447.632965405	s3-eth31	272867779	7947
1787820447.632965405	s3-eth32	1312	4716
1787820447.632965405	s3-eth33	1472	4696
1787820447.632965405	s3-eth34	1562	4806
1787820447.632965405	s3-eth4	1472	4716
1787820447.632965405	s3-eth5	1562	4806
1787820447.632965405	s3-eth6	1562	4806
1787820447.632965405	s3-eth7	4781	236200103
1787820447.632965405	s3-eth8	1562	4575
1787820447.632965405	s3-eth9	1562	4806
1787820447.632965405	s4-eth1	1687845967	35215
1787820447.632965405	s4-eth10	1562	4696
1787820447.632965405	s4-eth11	5081	264186943
1787820447.632965405	s4-eth12	1472	4716
1787820447.632965405	s4-eth13	1312	4696
1787820447.632965405	s4-eth14	1312	4716
1787820447.632965405	s4-eth15	4825	230492758
1787820447.632965405	s4-eth16	1312	4716
1787820447.632965405	s4-eth17	1472	4696
1787820447.632965405	s4-eth18	1312	4766
1787820447.632965405	s4-eth19	4776	54496210
1787820447.632965405	s4-eth2	8528	6498
1787820447.632965405	s4-eth20	1562	4716
1787820447.632965405	s4-eth21	1472	4716
1787820447.632965405	s4-eth22	1472	4696
1787820447.632965405	s4-eth23	4697	272346944
1787820447.632965405	s4-eth24	1472	4716
1787820447.632965405	s4-eth25	1472	4716
1787820447.632965405	s4-eth26	1312	4766
1787820447.632965405	s4-eth27	4396	272393574
1787820447.632965405	s4-eth28	1472	4806
1787820447.632965405	s4-eth29	1312	4716
1787820447.632965405	s4-eth3	4750	53019899
1787820447.632965405	s4-eth30	1312	4716
1787820447.632965405	s4-eth31	4770	272573885
1787820447.632965405	s4-eth32	1312	4716
1787820447.632965405	s4-eth33	1312	4766
1787820447.632965405	s4-eth34	1472	4696
1787820447.632965405	s4-eth4	1472	4696
1787820447.632965405	s4-eth5	1312	4696
1787820447.632965405	s4-eth6	1312	4806
1787820447.632965405	s4-eth7	4778	264904158
1787820447.632965405	s4-eth8	1312	4716
1787820447.632965405	s4-eth9	1312	4766
1787820447.632965405	s5-eth1	3674440561	3798049
1787820447.632965405	s5-eth2	840579418	1617879572
1787820447.632965405	s5-eth3	3799093	2633709261
1787820447.632965405	s5-eth4	8674	6701
1787820447.632965405	s6-eth1	8528	8528
1787820447.632965405	s6-eth2	8528	8430
1787820447.632965405	s6-eth3	8528	6701
1787820447.632965405	s6-eth4	8827	8555
1787820447.632965405	s7-eth1	880368995	1747783355
1787820447.632965405	s7-eth2	35242	1693380390
1787820447.632965405	s7-eth3	2595353126	3797090
1787820447.632965405	s7-eth4	8604	8555
1787820447.632965405	s8-eth1	8555	8555
1787820447.632965405	s8-eth2	6525	8555
1787820447.632965405	s8-eth3	8555	6728
1787820447.632965405	s8-eth4	8702	8555
1787820447.632965405	s9-eth1	2636143384	3799120
1787820447.632965405	s9-eth2	6728	8555
1787820447.632965405	s9-eth3	3797090	2597034498
1787820447.632965405	s9-eth4	6728	8555
1787820455.404108227	s10-eth1	6728	8702
1787820455.404108227	s10-eth2	8555	8827
1787820455.404108227	s10-eth3	8555	8604
1787820455.404108227	s10-eth4	8555	8702
1787820455.404108227	s1-eth1	3798076	3695107332
1787820455.404108227	s1-eth10	1562	4806
1787820455.404108227	s1-eth11	276381226	8127
1787820455.404108227	s1-eth12	1472	4806
1787820455.404108227	s1-eth13	1472	4806
1787820455.404108227	s1-eth14	1562	4806
1787820455.404108227	s1-eth15	238194218	7935
1787820455.404108227	s1-eth16	1472	4826
1787820455.404108227	s1-eth17	1562	4806
1787820455.404108227	s1-eth18	1562	4716
1787820455.404108227	s1-eth19	1106899165	7967
1787820455.404108227	s1-eth2	8555	8555
1787820455.404108227	s1-eth20	1472	4806
1787820455.404108227	s1-eth21	1562	4806
1787820455.404108227	s1-eth22	1562	4806
1787820455.404108227	s1-eth23	276882524	7893
1787820455.404108227	s1-eth24	1472	4806
1787820455.404108227	s1-eth25	1562	4806
1787820455.404108227	s1-eth26	1562	4716
1787820455.404108227	s1-eth27	277039559	8041
1787820455.404108227	s1-eth28	1562	4806
1787820455.404108227	s1-eth29	1472	4716
1787820455.404108227	s1-eth3	1320060150	3772192
1787820455.404108227	s1-eth30	1562	4716
1787820455.404108227	s1-eth31	277320676	7895
1787820455.404108227	s1-eth32	1562	4716
1787820455.404108227	s1-eth33	1562	4716
1787820455.404108227	s1-eth34	1562	4716
1787820455.404108227	s1-eth4	1758	5002
1787820455.404108227	s1-eth5	1562	4716
1787820455.404108227	s1-eth6	1562	4806
1787820455.404108227	s1-eth7	277732372	8025
1787820455.404108227	s1-eth8	1562	4716
1787820455.404108227	s1-eth9	1472	4716
1787820455.404108227	s2-eth1	1631482012	849638116
1787820455.404108227	s2-eth10	1472	4806
1787820455.404108227	s2-eth11	278018247	8325
1787820455.404108227	s2-eth12	1472	4806
1787820455.404108227	s2-eth13	1472	4806
1787820455.404108227	s2-eth14	1562	4806
1787820455.404108227	s2-eth15	238189930	8069
1787820455.404108227	s2-eth16	1562	4806
1787820455.404108227	s2-eth17	1562	4806
1787820455.404108227	s2-eth18	1562	4806
1787820455.404108227	s2-eth19	4633	881945656
1787820455.404108227	s2-eth2	8484	8582
1787820455.404108227	s2-eth20	1562	4806
1787820455.404108227	s2-eth21	1472	4716
1787820455.404108227	s2-eth22	1562	4806
1787820455.404108227	s2-eth23	4649	245794806
1787820455.404108227	s2-eth24	1472	4806
1787820455.404108227	s2-eth25	1562	4806
1787820455.404108227	s2-eth26	1472	4806
1787820455.404108227	s2-eth27	4707	246168231
1787820455.404108227	s2-eth28	1562	4806
1787820455.404108227	s2-eth29	1472	4806
1787820455.404108227	s2-eth3	55828645	8244
1787820455.404108227	s2-eth30	1472	4911
1787820455.404108227	s2-eth31	4651	245866780
1787820455.404108227	s2-eth32	1472	4716
1787820455.404108227	s2-eth33	1562	4806
1787820455.404108227	s2-eth34	1562	4716
1787820455.404108227	s2-eth4	1562	4806
1787820455.404108227	s2-eth5	1472	4806
1787820455.404108227	s2-eth6	1562	4716
1787820455.404108227	s2-eth7	279149426	8112
1787820455.404108227	s2-eth8	1562	4716
1787820455.404108227	s2-eth9	1472	4806
1787820455.404108227	s3-eth1	1761566018	897334152
1787820455.404108227	s3-eth10	1472	4806
1787820455.404108227	s3-eth11	4633	240216159
1787820455.404108227	s3-eth12	1312	4716
1787820455.404108227	s3-eth13	1472	4806
1787820455.404108227	s3-eth14	1562	4716
1787820455.404108227	s3-eth15	4601	208864033
1787820455.404108227	s3-eth16	1472	4716
1787820455.404108227	s3-eth17	1472	4716
1787820455.404108227	s3-eth18	1312	4806
1787820455.404108227	s3-eth19	55926294	8000
1787820455.404108227	s3-eth2	8582	8582
1787820455.404108227	s3-eth20	1562	4696
1787820455.404108227	s3-eth21	1472	4696
1787820455.404108227	s3-eth22	1312	4716
1787820455.404108227	s3-eth23	279765674	8101
1787820455.404108227	s3-eth24	1312	4716
1787820455.404108227	s3-eth25	1562	4716
1787820455.404108227	s3-eth26	1312	4716
1787820455.404108227	s3-eth27	279910450	7800
1787820455.404108227	s3-eth28	1472	4806
1787820455.404108227	s3-eth29	1562	4736
1787820455.404108227	s3-eth3	3768662	1066758662
1787820455.404108227	s3-eth30	1472	4806
1787820455.404108227	s3-eth31	280113829	7947
1787820455.404108227	s3-eth32	1312	4716
1787820455.404108227	s3-eth33	1472	4696
1787820455.404108227	s3-eth34	1562	4806
1787820455.404108227	s3-eth4	1472	4716
1787820455.404108227	s3-eth5	1562	4806
1787820455.404108227	s3-eth6	1562	4806
1787820455.404108227	s3-eth7	4781	241402839
1787820455.404108227	s3-eth8	1562	4575
1787820455.404108227	s3-eth9	1562	4806
1787820455.404108227	s4-eth1	1728762798	35296
1787820455.404108227	s4-eth10	1562	4696
1787820455.404108227	s4-eth11	5081	271740139
1787820455.404108227	s4-eth12	1472	4716
1787820455.404108227	s4-eth13	1312	4696
1787820455.404108227	s4-eth14	1312	4716
1787820455.404108227	s4-eth15	4825	230492758
1787820455.404108227	s4-eth16	1312	4716
1787820455.404108227	s4-eth17	1472	4696
1787820455.404108227	s4-eth18	1312	4766
1787820455.404108227	s4-eth19	4776	56046360
1787820455.404108227	s4-eth2	8609	6579
1787820455.404108227	s4-eth20	1562	4716
1787820455.404108227	s4-eth21	1472	4716
1787820455.404108227	s4-eth22	1472	4696
1787820455.404108227	s4-eth23	4697	280195750
1787820455.404108227	s4-eth24	1472	4716
1787820455.404108227	s4-eth25	1472	4716
1787820455.404108227	s4-eth26	1312	4766
1787820455.404108227	s4-eth27	4396	280297176
1787820455.404108227	s4-eth28	1472	4806
1787820455.404108227	s4-eth29	1312	4716
1787820455.404108227	s4-eth3	4750	54585911
1787820455.404108227	s4-eth30	1312	4716
1787820455.404108227	s4-eth31	4770	280415481
1787820455.404108227	s4-eth32	1312	4716
1787820455.404108227	s4-eth33	1312	4766
1787820455.404108227	s4-eth34	1472	4696
1787820455.404108227	s4-eth4	1472	4696
1787820455.404108227	s4-eth5	1312	4696
1787820455.404108227	s4-eth6	1312	4806
1787820455.404108227	s4-eth7	4778	272434282
1787820455.404108227	s4-eth8	1312	4716
1787820455.404108227	s4-eth9	1312	4766
1787820455.404108227	s5-eth1	3739728607	3798130
1787820455.404108227	s5-eth2	857524441	1646183229
1787820455.404108227	s5-eth3	3799174	2674125718
1787820455.404108227	s5-eth4	8758	6782
1787820455.404108227	s6-eth1	8609	8609
1787820455.404108227	s6-eth2	8609	8511
1787820455.404108227	s6-eth3	8609	6782
1787820455.404108227	s6-eth4	8883	8609
1787820455.404108227	s7-eth1	905139725	1770588639
1787820455.404108227	s7-eth2	35296	1735003774
1787820455.404108227	s7-eth3	2635687362	3797144
1787820455.404108227	s7-eth4	8660	8609
1787820455.404108227	s8-eth1	8609	8609
1787820455.404108227	s8-eth2	6579	8609
1787820455.404108227	s8-eth3	8609	6782
1787820455.404108227	s8-eth4	8758	8609
1787820455.404108227	s9-eth1	2677897990	3799174
1787820455.404108227	s9-eth2	6782	8609
1787820455.404108227	s9-eth3	3797144	2638070988
1787820455.404108227	s9-eth4	6782	8609
1787820467.088046480	s10-eth1	6782	8758
1787820467.088046480	s10-eth2	8609	8883
1787820467.088046480	s10-eth3	8609	8660
1787820467.088046480	s10-eth4	8609	8758
1787820467.088046480	s1-eth1	3798157	3763502888
1787820467.088046480	s1-eth10	1562	4806
1787820467.088046480	s1-eth11	283810410	8127
1787820467.088046480	s1-eth12	1472	4806
1787820467.088046480	s1-eth13	1472	4806
1787820467.088046480	s1-eth14	1562	4806
1787820467.088046480	s1-eth15	238194218	7935
1787820467.088046480	s1-eth16	1472	4826
1787820467.088046480	s1-eth17	1562	4806
1787820467.088046480	s1-eth18	1562	4716
1787820467.088046480	s1-eth19	1136050637	7967
1787820467.088046480	s1-eth2	8636	8636
1787820467.088046480	s1-eth20	1472	4806
1787820467.088046480	s1-eth21	1562	4806
1787820467.088046480	s1-eth22	1562	4806
1787820467.088046480	s1-eth23	284145878	7893
1787820467.088046480	s1-eth24	1472	4806
1787820467.088046480	s1-eth25	1562	4806
1787820467.088046480	s1-eth26	1562	4716
1787820467.088046480	s1-eth27	284272631	8041
1787820467.088046480	s1-eth28	1562	4806
1787820467.088046480	s1-eth29	1472	4716
1787820467.088046480	s1-eth3	1348832376	3772192
1787820467.088046480	s1-eth30	1562	4716
1787820467.088046480	s1-eth31	284494626	7895
1787820467.088046480	s1-eth32	1562	4716
1787820467.088046480	s1-eth33	1562	4716
1787820467.088046480	s1-eth34	1562	4716
1787820467.088046480	s1-eth4	1758	5002
1787820467.088046480	s1-eth5	1562	4716
1787820467.088046480	s1-eth6	1562	4806
1787820467.088046480	s1-eth7	284675602	8025
1787820467.088046480	s1-eth8	1562	4716
1787820467.088046480	s1-eth9	1472	4716
1787820467.088046480	s2-eth1	1661811652	864695534
1787820467.088046480	s2-eth10	1472	4806
1787820467.088046480	s2-eth11	284776901	8325
1787820467.088046480	s2-eth12	1472	4806
1787820467.088046480	s2-eth13	1472	4806
1787820467.088046480	s2-eth14	1562	4806
1787820467.088046480	s2-eth15	238189930	8069
1787820467.088046480	s2-eth16	1562	4806
1787820467.088046480	s2-eth17	1562	4806
1787820467.088046480	s2-eth18	1562	4806
1787820467.088046480	s2-eth19	4633	896299324
1787820467.088046480	s2-eth2	8538	8636
1787820467.088046480	s2-eth20	1562	4806
1787820467.088046480	s2-eth21	1472	4716
1787820467.088046480	s2-eth22	1562	4806
1787820467.088046480	s2-eth23	4649	250390460
1787820467.088046480	s2-eth24	1472	4806
1787820467.088046480	s2-eth25	1562	4806
1787820467.088046480	s2-eth26	1472	4806
1787820467.088046480	s2-eth27	4707	250931157
1787820467.088046480	s2-eth28	1562	4806
1787820467.088046480	s2-eth29	1472	4806
1787820467.088046480	s2-eth3	57175473	8244
1787820467.088046480	s2-eth30	1472	4911
1787820467.088046480	s2-eth31	4651	250567700
1787820467.088046480	s2-eth32	1472	4716
1787820467.088046480	s2-eth33	1562	4806
1787820467.088046480	s2-eth34	1562	4716
1787820467.088046480	s2-eth4	1562	4806
1787820467.088046480	s2-eth5	1472	4806
1787820467.088046480	s2-eth6	1562	4716
1787820467.088046480	s2-eth7	286186386	8112
1787820467.088046480	s2-eth8	1562	4716
1787820467.088046480	s2-eth9	1472	4806
1787820467.088046480	s3-eth1	1784851488	919657808
1787820467.088046480	s3-eth10	1472	4806
1787820467.088046480	s3-eth11	4633	244886797
1787820467.088046480	s3-eth12	1312	4716
1787820467.088046480	s3-eth13	1472	4806
1787820467.088046480	s3-eth14	1562	4716
1787820467.088046480	s3-eth15	4601	208864033
1787820467.088046480	s3-eth16	1472	4716
1787820467.088046480	s3-eth17	1472	4716
1787820467.088046480	s3-eth18	1312	4806
1787820467.088046480	s3-eth19	57306288	8000
1787820467.088046480	s3-eth2	8636	8636
1787820467.088046480	s3-eth20	1562	4696
1787820467.088046480	s3-eth21	1472	4696
1787820467.088046480	s3-eth22	1312	4716
1787820467.088046480	s3-eth23	286618058	8101
1787820467.088046480	s3-eth24	1312	4716
1787820467.088046480	s3-eth25	1562	4716
1787820467.088046480	s3-eth26	1312	4716
1787820467.088046480	s3-eth27	286628728	7800
1787820467.088046480	s3-eth28	1472	4806
1787820467.088046480	s3-eth29	1562	4736
1787820467.088046480	s3-eth3	3768662	1077815918
1787820467.088046480	s3-eth30	1472	4806
1787820467.088046480	s3-eth31	286627343	7947
1787820467.088046480	s3-eth32	1312	4716
1787820467.088046480	s3-eth33	1472	4696
1787820467.088046480	s3-eth34	1562	4806
1787820467.088046480	s3-eth4	1472	4716
1787820467.088046480	s3-eth5	1562	4806
1787820467.088046480	s3-eth6	1562	4806
1787820467.088046480	s3-eth7	4781	245590407
1787820467.088046480	s3-eth8	1562	4575
1787820467.088046480	s3-eth9	1562	4806
1787820467.088046480	s4-eth1	1761445755	35323
1787820467.088046480	s4-eth10	1562	4696
1787820467.088046480	s4-eth11	5081	277619173
1787820467.088046480	s4-eth12	1472	4716
1787820467.088046480	s4-eth13	1312	4696
1787820467.088046480	s4-eth14	1312	4716
1787820467.088046480	s4-eth15	4825	230492758
1787820467.088046480	s4-eth16	1312	4716
1787820467.088046480	s4-eth17	1472	4696
1787820467.088046480	s4-eth18	1312	4766
1787820467.088046480	s4-eth19	4776	57231684
1787820467.088046480	s4-eth2	8663	6633
1787820467.088046480	s4-eth20	1562	4716
1787820467.088046480	s4-eth21	1472	4716
1787820467.088046480	s4-eth22	1472	4696
1787820467.088046480	s4-eth23	4697	286018546
1787820467.088046480	s4-eth24	1472	4716
1787820467.088046480	s4-eth25	1472	4716
1787820467.088046480	s4-eth26	1312	4766
1787820467.088046480	s4-eth27	4396	286226680
1787820467.088046480	s4-eth28	1472	4806
1787820467.088046480	s4-eth29	1312	4716
1787820467.088046480	s4-eth3	4750	55752489
1787820467.088046480	s4-eth30	1312	4716
1787820467.088046480	s4-eth31	4770	286336333
1787820467.088046480	s4-eth32	1312	4716
1787820467.088046480	s4-eth33	1312	4766
1787820467.088046480	s4-eth34	1472	4696
1787820467.088046480	s4-eth4	1472	4696
1787820467.088046480	s4-eth5	1312	4696
1787820467.088046480	s4-eth6	1312	4806
1787820467.088046480	s4-eth7	4778	278135950
1787820467.088046480	s4-eth8	1312	4716
1787820467.088046480	s4-eth9	1312	4766
1787820467.088046480	s5-eth1	3792063167	3798184
1787820467.088046480	s5-eth2	870511147	1669882553
1787820467.088046480	s5-eth3	3799228	2706048768
1787820467.088046480	s5-eth4	8814	6836
1787820467.088046480	s6-eth1	8663	8663
1787820467.088046480	s6-eth2	8663	8565
1787820467.088046480	s6-eth3	8663	6836
1787820467.088046480	s6-eth4	8939	8663
1787820467.088046480	s7-eth1	924413551	1788656953
1787820467.088046480	s7-eth2	35350	1766850398
1787820467.088046480	s7-eth3	2666732234	3797198
1787820467.088046480	s7-eth4	8716	8663
1787820467.088046480	s8-eth1	8663	8663
1787820467.088046480	s8-eth2	6633	8663
1787820467.088046480	s8-eth3	8663	6836
1787820467.088046480	s8-eth4	8814	8663
1787820467.088046480	s9-eth1	2709528314	3799228
1787820467.088046480	s9-eth2	6836	8663
1787820467.088046480	s9-eth3	3797198	2669388398
1787820467.088046480	s9-eth4	6836	8663
1787820476.544948040	s10-eth1	6836	8814
1787820476.544948040	s10-eth2	8663	8939
1787820476.544948040	s10-eth3	8663	8716
1787820476.544948040	s10-eth4	8663	8814
1787820476.544948040	s1-eth1	3798184	3812093989
1787820476.544948040	s1-eth10	1562	4806
1787820476.544948040	s1-eth11	289886998	8127
1787820476.544948040	s1-eth12	1472	4806
1787820476.544948040	s1-eth13	1472	4806
1787820476.544948040	s1-eth14	1562	4806
1787820476.544948040	s1-eth15	238194218	7935
1787820476.544948040	s1-eth16	1472	4826
1787820476.544948040	s1-eth17	1562	4806
1787820476.544948040	s1-eth18	1562	4716
1787820476.544948040	s1-eth19	1159240881	7967
1787820476.544948040	s1-eth2	8663	8663
1787820476.544948040	s1-eth20	1472	4806
1787820476.544948040	s1-eth21	1562	4806
1787820476.544948040	s1-eth22	1562	4806
1787820476.544948040	s1-eth23	289857640	7893
1787820476.544948040	s1-eth24	1472	4806
1787820476.544948040	s1-eth25	1562	4806
1787820476.544948040	s1-eth26	1562	4716
1787820476.544948040	s1-eth27	289830099	8041
1787820476.544948040	s1-eth28	1562	4806
1787820476.544948040	s1-eth29	1472	4716
1787820476.544948040	s1-eth3	1370623880	3772192
1787820476.544948040	s1-eth30	1562	4716
1787820476.544948040	s1-eth31	289851656	7895
1787820476.544948040	s1-eth32	1562	4716
1787820476.544948040	s1-eth33	1562	4716
1787820476.544948040	s1-eth34	1562	4716
1787820476.544948040	s1-eth4	1758	5002
1787820476.544948040	s1-eth5	1562	4716
1787820476.544948040	s1-eth6	1562	4806
1787820476.544948040	s1-eth7	290019654	8025
1787820476.544948040	s1-eth8	1562	4716
1787820476.544948040	s1-eth9	1472	4716
1787820476.544948040	s2-eth1	1681505100	876659862
1787820476.544948040	s2-eth10	1472	4806
1787820476.544948040	s2-eth11	290253617	8325
1787820476.544948040	s2-eth12	1472	4806
1787820476.544948040	s2-eth13	1472	4806
1787820476.544948040	s2-eth14	1562	4806
1787820476.544948040	s2-eth15	238189930	8069
1787820476.544948040	s2-eth16	1562	4806
1787820476.544948040	s2-eth17	1562	4806
1787820476.544948040	s2-eth18	1562	4806
1787820476.544948040	s2-eth19	4633	904136594
1787820476.544948040	s2-eth2	8592	8690
1787820476.544948040	s2-eth20	1562	4806
1787820476.544948040	s2-eth21	1472	4716
1787820476.544948040	s2-eth22	1562	4806
1787820476.544948040	s2-eth23	4649	254503044
1787820476.544948040	s2-eth24	1472	4806
1787820476.544948040	s2-eth25	1562	4806
1787820476.544948040	s2-eth26	1472	4806
1787820476.544948040	s2-eth27	4707	255120167
1787820476.544948040	s2-eth28	1562	4806
1787820476.544948040	s2-eth29	1472	4806
1787820476.544948040	s2-eth3	58226691	8244
1787820476.544948040	s2-eth30	1472	4911
1787820476.544948040	s2-eth31	4651	254753826
1787820476.544948040	s2-eth32	1472	4716
1787820476.544948040	s2-eth33	1562	4806
1787820476.544948040	s2-eth34	1562	4716
1787820476.544948040	s2-eth4	1562	4806
1787820476.544948040	s2-eth5	1472	4806
1787820476.544948040	s2-eth6	1562	4716
1787820476.544948040	s2-eth7	291337210	8112
1787820476.544948040	s2-eth8	1562	4716
1787820476.544948040	s2-eth9	1472	4806
1787820476.544948040	s3-eth1	1801810904	936349012
1787820476.544948040	s3-eth10	1472	4806
1787820476.544948040	s3-eth11	4633	249235869
1787820476.544948040	s3-eth12	1312	4716
1787820476.544948040	s3-eth13	1472	4806
1787820476.544948040	s3-eth14	1562	4716
1787820476.544948040	s3-eth15	4601	208864033
1787820476.544948040	s3-eth16	1472	4716
1787820476.544948040	s3-eth17	1472	4716
1787820476.544948040	s3-eth18	1312	4806
1787820476.544948040	s3-eth19	58387788	8000
1787820476.544948040	s3-eth2	8690	8690
1787820476.544948040	s3-eth20	1562	4696
1787820476.544948040	s3-eth21	1472	4696
1787820476.544948040	s3-eth22	1312	4716
1787820476.544948040	s3-eth23	292156780	8101
1787820476.544948040	s3-eth24	1312	4716
1787820476.544948040	s3-eth25	1562	4716
1787820476.544948040	s3-eth26	1312	4716
1787820476.544948040	s3-eth27	292366446	7800
1787820476.544948040	s3-eth28	1472	4806
1787820476.544948040	s3-eth29	1562	4736
1787820476.544948040	s3-eth3	3768662	1087360516
1787820476.544948040	s3-eth30	1472	4806
1787820476.544948040	s3-eth31	292579919	7947
1787820476.544948040	s3-eth32	1312	4716
1787820476.544948040	s3-eth33	1472	4696
1787820476.544948040	s3-eth34	1562	4806
1787820476.544948040	s3-eth4	1472	4716
1787820476.544948040	s3-eth5	1562	4806
1787820476.544948040	s3-eth6	1562	4806
1787820476.544948040	s3-eth7	4781	250511953
1787820476.544948040	s3-eth8	1562	4575
1787820476.544948040	s3-eth9	1562	4806
1787820476.544948040	s4-eth1	1794197955	35377
1787820476.544948040	s4-eth10	1562	4696
1787820476.544948040	s4-eth11	5081	283653943
1787820476.544948040	s4-eth12	1472	4716
1787820476.544948040	s4-eth13	1312	4696
1787820476.544948040	s4-eth14	1312	4716
1787820476.544948040	s4-eth15	4825	230492758
1787820476.544948040	s4-eth16	1312	4716
1787820476.544948040	s4-eth17	1472	4696
1787820476.544948040	s4-eth18	1312	4766
1787820476.544948040	s4-eth19	4776	58512180
1787820476.544948040	s4-eth2	8717	6687
1787820476.544948040	s4-eth20	1562	4716
1787820476.544948040	s4-eth21	1472	4716
1787820476.544948040	s4-eth22	1472	4696
1787820476.544948040	s4-eth23	4697	292612812
1787820476.544948040	s4-eth24	1472	4716
1787820476.544948040	s4-eth25	1472	4716
1787820476.544948040	s4-eth26	1312	4766
1787820476.544948040	s4-eth27	4396	292833924
1787820476.544948040	s4-eth28	1472	4806
1787820476.544948040	s4-eth29	1312	4716
1787820476.544948040	s4-eth3	4750	57040195
1787820476.544948040	s4-eth30	1312	4716
1787820476.544948040	s4-eth31	4770	292844079
1787820476.544948040	s4-eth32	1312	4716
1787820476.544948040	s4-eth33	1312	4766
1787820476.544948040	s4-eth34	1472	4696
1787820476.544948040	s4-eth4	1472	4696
1787820476.544948040	s4-eth5	1312	4696
1787820476.544948040	s4-eth6	1312	4806
1787820476.544948040	s4-eth7	4778	284613414
1787820476.544948040	s4-eth8	1312	4716
1787820476.544948040	s4-eth9	1312	4766
1787820476.544948040	s5-eth1	3849708613	3798238
1787820476.544948040	s5-eth2	884921107	1697455089
1787820476.544948040	s5-eth3	3799282	2742766468
1787820476.544948040	s5-eth4	8870	6890
1787820476.544948040	s6-eth1	8717	8717
1787820476.544948040	s6-eth2	8717	8619
1787820476.544948040	s6-eth3	8717	6890
1787820476.544948040	s6-eth4	8995	8717
1787820476.544948040	s7-eth1	944530947	1810275471
1787820476.544948040	s7-eth2	35404	1800997012
1787820476.544948040	s7-eth3	2702809686	3797252
1787820476.544948040	s7-eth4	8772	8717
1787820476.544948040	s8-eth1	8717	8717
1787820476.544948040	s8-eth2	6687	8717
1787820476.544948040	s8-eth3	8717	6890
1787820476.544948040	s8-eth4	8870	8717
1787820476.544948040	s9-eth1	2745396676	3799282
1787820476.544948040	s9-eth2	6890	8717
1787820476.544948040	s9-eth3	3797252	2705188986
1787820476.544948040	s9-eth4	6890	8717
1787820486.659310578	s10-eth1	6890	8870
1787820486.659310578	s10-eth2	8717	8995
1787820486.659310578	s10-eth3	8717	8772
1787820486.659310578	s10-eth4	8717	8870
1787820486.659310578	s1-eth1	3798238	3870030719
1787820486.659310578	s1-eth10	1562	4806
1787820486.659310578	s1-eth11	296479822	8127
1787820486.659310578	s1-eth12	1472	4806
1787820486.659310578	s1-eth13	1472	4806
1787820486.659310578	s1-eth14	1562	4806
1787820486.659310578	s1-eth15	238194218	7935
1787820486.659310578	s1-eth16	1472	4826
1787820486.659310578	s1-eth17	1562	4806
1787820486.659310578	s1-eth18	1562	4716
1787820486.659310578	s1-eth19	1187093111	7967
1787820486.659310578	s1-eth2	8744	8744
1787820486.659310578	s1-eth20	1472	4806
1787820486.659310578	s1-eth21	1562	4806
1787820486.659310578	s1-eth22	1562	4806
1787820486.659310578	s1-eth23	297093596	7893
1787820486.659310578	s1-eth24	1472	4806
1787820486.659310578	s1-eth25	1562	4806
1787820486.659310578	s1-eth26	1562	4716
1787820486.659310578	s1-eth27	297328499	8041
1787820486.659310578	s1-eth28	1562	4806
1787820486.659310578	s1-eth29	1472	4716
1787820486.659310578	s1-eth3	1401485564	3772192
1787820486.659310578	s1-eth30	1562	4716
1787820486.659310578	s1-eth31	297675948	7895
1787820486.659310578	s1-eth32	1562	4716
1787820486.659310578	s1-eth33	1562	4716
1787820486.659310578	s1-eth34	1562	4716
1787820486.659310578	s1-eth4	1758	5002
1787820486.659310578	s1-eth5	1562	4716
1787820486.659310578	s1-eth6	1562	4806
1787820486.659310578	s1-eth7	297750216	8025
1787820486.659310578	s1-eth8	1562	4716
1787820486.659310578	s1-eth9	1472	4716
1787820486.659310578	s2-eth1	1710281706	893417398
1787820486.659310578	s2-eth10	1472	4806
1787820486.659310578	s2-eth11	297829885	8325
1787820486.659310578	s2-eth12	1472	4806
1787820486.659310578	s2-eth13	1472	4806
1787820486.659310578	s2-eth14	1562	4806
1787820486.659310578	s2-eth15	238189930	8069
1787820486.659310578	s2-eth16	1562	4806
1787820486.659310578	s2-eth17	1562	4806
1787820486.659310578	s2-eth18	1562	4806
1787820486.659310578	s2-eth19	4633	915333724
1787820486.659310578	s2-eth2	8646	8744
1787820486.659310578	s2-eth20	1562	4806
1787820486.659310578	s2-eth21	1472	4716
1787820486.659310578	s2-eth22	1562	4806
1787820486.659310578	s2-eth23	4649	260217690
1787820486.659310578	s2-eth24	1472	4806
1787820486.659310578	s2-eth25	1562	4806
1787820486.659310578	s2-eth26	1472	4806
1787820486.659310578	s2-eth27	4707	260816067
1787820486.659310578	s2-eth28	1562	4806
1787820486.659310578	s2-eth29	1472	4806
1787820486.659310578	s2-eth3	59825869	8244
1787820486.659310578	s2-eth30	1472	4911
1787820486.659310578	s2-eth31	4651	260549224
1787820486.659310578	s2-eth32	1472	4716
1787820486.659310578	s2-eth33	1562	4806
1787820486.659310578	s2-eth34	1562	4716
1787820486.659310578	s2-eth4	1562	4806
1787820486.659310578	s2-eth5	1472	4806
1787820486.659310578	s2-eth6	1562	4716
1787820486.659310578	s2-eth7	299413852	8112
1787820486.659310578	s2-eth8	1562	4716
1787820486.659310578	s2-eth9	1472	4806
1787820486.659310578	s3-eth1	1825445338	962339674
1787820486.659310578	s3-eth10	1472	4806
1787820486.659310578	s3-eth11	4633	255084621
1787820486.659310578	s3-eth12	1312	4716
1787820486.659310578	s3-eth13	1472	4806
1787820486.659310578	s3-eth14	1562	4716
1787820486.659310578	s3-eth15	4601	208864033
1787820486.659310578	s3-eth16	1472	4716
1787820486.659310578	s3-eth17	1472	4716
1787820486.659310578	s3-eth18	1312	4806
1787820486.659310578	s3-eth19	60041762	8000
1787820486.659310578	s3-eth2	8771	8771
1787820486.659310578	s3-eth20	1562	4696
1787820486.659310578	s3-eth21	1472	4696
1787820486.659310578	s3-eth22	1312	4716
1787820486.659310578	s3-eth23	300544894	8101
1787820486.659310578	s3-eth24	1312	4716
1787820486.659310578	s3-eth25	1562	4716
1787820486.659310578	s3-eth26	1312	4716
1787820486.659310578	s3-eth27	300803588	7800
1787820486.659310578	s3-eth28	1472	4806
1787820486.659310578	s3-eth29	1562	4736
1787820486.659310578	s3-eth3	3768662	1098247616
1787820486.659310578	s3-eth30	1472	4806
1787820486.659310578	s3-eth31	301155493	7947
1787820486.659310578	s3-eth32	1312	4716
1787820486.659310578	s3-eth33	1472	4696
1787820486.659310578	s3-eth34	1562	4806
1787820486.659310578	s3-eth4	1472	4716
1787820486.659310578	s3-eth5	1562	4806
1787820486.659310578	s3-eth6	1562	4806
1787820486.659310578	s3-eth7	4781	256474623
1787820486.659310578	s3-eth8	1562	4575
1787820486.659310578	s3-eth9	1562	4806
1787820486.659310578	s4-eth1	1842724220	35458
1787820486.659310578	s4-eth10	1562	4696
1787820486.659310578	s4-eth11	5081	292634719
1787820486.659310578	s4-eth12	1472	4716
1787820486.659310578	s4-eth13	1312	4696
1787820486.659310578	s4-eth14	1312	4716
1787820486.659310578	s4-eth15	4825	230492758
1787820486.659310578	s4-eth16	1312	4716
1787820486.659310578	s4-eth17	1472	4696
1787820486.659310578	s4-eth18	1312	4766
1787820486.659310578	s4-eth19	4776	60281514
1787820486.659310578	s4-eth2	8771	6741
1787820486.659310578	s4-eth20	1562	4716
1787820486.659310578	s4-eth21	1472	4716
1787820486.659310578	s4-eth22	1472	4696
1787820486.659310578	s4-eth23	4697	301341238
1787820486.659310578	s4-eth24	1472	4716
1787820486.659310578	s4-eth25	1472	4716
1787820486.659310578	s4-eth26	1312	4766
1787820486.659310578	s4-eth27	4396	301351818
1787820486.659310578	s4-eth28	1472	4806
1787820486.659310578	s4-eth29	1312	4716
1787820486.659310578	s4-eth3	4750	58774921
1787820486.659310578	s4-eth30	1312	4716
1787820486.659310578	s4-eth31	4770	301398023
1787820486.659310578	s4-eth32	1312	4716
1787820486.659310578	s4-eth33	1312	4766
1787820486.659310578	s4-eth34	1472	4696
1787820486.659310578	s4-eth4	1472	4696
1787820486.659310578	s4-eth5	1312	4696
1787820486.659310578	s4-eth6	1312	4806
1787820486.659310578	s4-eth7	4778	293431244
1787820486.659310578	s4-eth8	1312	4716
1787820486.659310578	s4-eth9	1312	4766
1787820486.659310578	s5-eth1	3918734323	3798292
1787820486.659310578	s5-eth2	904740036	1729216662
1787820486.659310578	s5-eth3	3799363	2787826165
1787820486.659310578	s5-eth4	8954	6971
1787820486.659310578	s6-eth1	8798	8798
1787820486.659310578	s6-eth2	8798	8700
1787820486.659310578	s6-eth3	8798	6971
1787820486.659310578	s6-eth4	9079	8798
1787820486.659310578	s7-eth1	973745948	1835174566
1787820486.659310578	s7-eth2	35485	1849843401
1787820486.659310578	s7-eth3	2747935715	3797333
1787820486.659310578	s7-eth4	8856	8798
1787820486.659310578	s8-eth1	8798	8798
1787820486.659310578	s8-eth2	6768	8798
1787820486.659310578	s8-eth3	8798	6971
1787820486.659310578	s8-eth4	8954	8798
1787820486.659310578	s9-eth1	2790212675	3799363
1787820486.659310578	s9-eth2	6971	8798
1787820486.659310578	s9-eth3	3797333	2749350317
1787820486.659310578	s9-eth4	6971	8798
1787820500.400235692	s10-eth1	6971	8954
1787820500.400235692	s10-eth2	8798	9079
1787820500.400235692	s10-eth3	8798	8856
1787820500.400235692	s10-eth4	8798	8954
1787820500.400235692	s1-eth1	3798319	3943147410
1787820500.400235692	s1-eth10	1562	4806
1787820500.400235692	s1-eth11	305156336	8127
1787820500.400235692	s1-eth12	1472	4806
1787820500.400235692	s1-eth13	1472	4806
1787820500.400235692	s1-eth14	1562	4806
1787820500.400235692	s1-eth15	238194218	7935
1787820500.400235692	s1-eth16	1472	4826
1787820500.400235692	s1-eth17	1562	4806
1787820500.400235692	s1-eth18	1562	4716
1787820500.400235692	s1-eth19	1221187759	7967
1787820500.400235692	s1-eth2	8798	8798
1787820500.400235692	s1-eth20	1472	4806
1787820500.400235692	s1-eth21	1562	4806
1787820500.400235692	s1-eth22	1562	4806
1787820500.400235692	s1-eth23	305517760	7893
1787820500.400235692	s1-eth24	1472	4806
1787820500.400235692	s1-eth25	1562	4806
1787820500.400235692	s1-eth26	1562	4716
1787820500.400235692	s1-eth27	305628651	8041
1787820500.400235692	s1-eth28	1562	4806
1787820500.400235692	s1-eth29	1472	4716
1787820500.400235692	s1-eth3	1434441032	3772192
1787820500.400235692	s1-eth30	1562	4716
1787820500.400235692	s1-eth31	305836226	7895
1787820500.400235692	s1-eth32	1562	4716
1787820500.400235692	s1-eth33	1562	4716
1787820500.400235692	s1-eth34	1562	4716
1787820500.400235692	s1-eth4	1758	5002
1787820500.400235692	s1-eth5	1562	4716
1787820500.400235692	s1-eth6	1562	4806
1787820500.400235692	s1-eth7	306059020	8025
1787820500.400235692	s1-eth8	1562	4716
1787820500.400235692	s1-eth9	1472	4716
1787820500.400235692	s2-eth1	1745703048	911674614
1787820500.400235692	s2-eth10	1472	4806
1787820500.400235692	s2-eth11	306112733	8325
1787820500.400235692	s2-eth12	1472	4806
1787820500.400235692	s2-eth13	1472	4806
1787820500.400235692	s2-eth14	1562	4806
1787820500.400235692	s2-eth15	238189930	8069
1787820500.400235692	s2-eth16	1562	4806
1787820500.400235692	s2-eth17	1562	4806
1787820500.400235692	s2-eth18	1562	4806
1787820500.400235692	s2-eth19	4633	931952774
1787820500.400235692	s2-eth2	8727	8825
1787820500.400235692	s2-eth20	1562	4806
1787820500.400235692	s2-eth21	1472	4716
1787820500.400235692	s2-eth22	1562	4806
1787820500.400235692	s2-eth23	4649	266302930
1787820500.400235692	s2-eth24	1472	4806
1787820500.400235692	s2-eth25	1562	4806
1787820500.400235692	s2-eth26	1472	4806
1787820500.400235692	s2-eth27	4707	266869583
1787820500.400235692	s2-eth28	1562	4806
1787820500.400235692	s2-eth29	1472	4806
1787820500.400235692	s2-eth3	61417837	8244
1787820500.400235692	s2-eth30	1472	4911
1787820500.400235692	s2-eth31	4651	266494590
1787820500.400235692	s2-eth32	1472	4716
1787820500.400235692	s2-eth33	1562	4806
1787820500.400235692	s2-eth34	1562	4716
1787820500.400235692	s2-eth4	1562	4806
1787820500.400235692	s2-eth5	1472	4806
1787820500.400235692	s2-eth6	1562	4716
1787820500.400235692	s2-eth7	307341968	8112
1787820500.400235692	s2-eth8	1562	4716
1787820500.400235692	s2-eth9	1472	4806
1787820500.400235692	s3-eth1	1850921233	987506981
1787820500.400235692	s3-eth10	1472	4806
1787820500.400235692	s3-eth11	4633	260195069
1787820500.400235692	s3-eth12	1312	4716
1787820500.400235692	s3-eth13	1472	4806
1787820500.400235692	s3-eth14	1562	4716
1787820500.400235692	s3-eth15	4601	208864033
1787820500.400235692	s3-eth16	1472	4716
1787820500.400235692	s3-eth17	1472	4716
1787820500.400235692	s3-eth18	1312	4806
1787820500.400235692	s3-eth19	61514044	8000
1787820500.400235692	s3-eth2	8825	8825
1787820500.400235692	s3-eth20	1562	4696
1787820500.400235692	s3-eth21	1472	4696
1787820500.400235692	s3-eth22	1312	4716
1787820500.400235692	s3-eth23	307554456	8101
1787820500.400235692	s3-eth24	1312	4716
1787820500.400235692	s3-eth25	1562	4716
1787820500.400235692	s3-eth26	1312	4716
1787820500.400235692	s3-eth27	307569452	7800
1787820500.400235692	s3-eth28	1472	4806
1787820500.400235692	s3-eth29	1562	4736
1787820500.400235692	s3-eth3	3768662	1109614902
1787820500.400235692	s3-eth30	1472	4806
1787820500.400235692	s3-eth31	307595465	7947
1787820500.400235692	s3-eth32	1312	4716
1787820500.400235692	s3-eth33	1472	4696
1787820500.400235692	s3-eth34	1562	4806
1787820500.400235692	s3-eth4	1472	4716
1787820500.400235692	s3-eth5	1562	4806
1787820500.400235692	s3-eth6	1562	4806
1787820500.400235692	s3-eth7	4781	260892911
1787820500.400235692	s3-eth8	1562	4575
1787820500.400235692	s3-eth9	1562	4806
1787820500.400235692	s4-eth1	1874938554	35512
1787820500.400235692	s4-eth10	1562	4696
1787820500.400235692	s4-eth11	5081	298392625
1787820500.400235692	s4-eth12	1472	4716
1787820500.400235692	s4-eth13	1312	4696
1787820500.400235692	s4-eth14	1312	4716
1787820500.400235692	s4-eth15	4825	230492758
1787820500.400235692	s4-eth16	1312	4716
1787820500.400235692	s4-eth17	1472	4696
1787820500.400235692	s4-eth18	1312	4766
1787820500.400235692	s4-eth19	4776	61469722
1787820500.400235692	s4-eth2	8825	6795
1787820500.400235692	s4-eth20	1562	4716
1787820500.400235692	s4-eth21	1472	4716
1787820500.400235692	s4-eth22	1472	4696
1787820500.400235692	s4-eth23	4697	307211620
1787820500.400235692	s4-eth24	1472	4716
1787820500.400235692	s4-eth25	1472	4716
1787820500.400235692	s4-eth26	1312	4766
1787820500.400235692	s4-eth27	4396	307226526
1787820500.400235692	s4-eth28	1472	4806
1787820500.400235692	s4-eth29	1312	4716
1787820500.400235692	s4-eth3	4750	59899681
1787820500.400235692	s4-eth30	1312	4716
1787820500.400235692	s4-eth31	4770	307206399
1787820500.400235692	s4-eth32	1312	4716
1787820500.400235692	s4-eth33	1312	4766
1787820500.400235692	s4-eth34	1472	4696
1787820500.400235692	s4-eth4	1472	4696
1787820500.400235692	s4-eth5	1312	4696
1787820500.400235692	s4-eth6	1312	4806
1787820500.400235692	s4-eth7	4778	298967082
1787820500.400235692	s4-eth8	1312	4716
1787820500.400235692	s4-eth9	1312	4766
1787820500.400235692	s5-eth1	3978914805	3798346
1787820500.400235692	s5-eth2	917739693	1755994629
1787820500.400235692	s5-eth3	3799390	2821818458
1787820500.400235692	s5-eth4	8982	6998
1787820500.400235692	s6-eth1	8825	8825
1787820500.400235692	s6-eth2	8825	8727
1787820500.400235692	s6-eth3	8825	6998
1787820500.400235692	s6-eth4	9107	8825
1787820500.400235692	s7-eth1	992399687	1855085729
1787820500.400235692	s7-eth2	35512	1880350380
1787820500.400235692	s7-eth3	2780494660	3797360
1787820500.400235692	s7-eth4	8884	8825
1787820500.400235692	s8-eth1	8825	8825
1787820500.400235692	s8-eth2	6795	8825
1787820500.400235692	s8-eth3	8825	6998
1787820500.400235692	s8-eth4	8982	8825
1787820500.400235692	s9-eth1	2823065788	3799390
1787820500.400235692	s9-eth2	6998	8825
1787820500.400235692	s9-eth3	3797360	2781002244
1787820500.400235692	s9-eth4	6998	8825
1787820509.179669971	s10-eth1	7025	9010
1787820509.179669971	s10-eth2	8852	9135
1787820509.179669971	s10-eth3	8852	8912
1787820509.179669971	s10-eth4	8852	9010
1787820509.179669971	s1-eth1	3798373	3995714132
1787820509.179669971	s1-eth10	1562	4806
1787820509.179669971	s1-eth11	310710920	8127
1787820509.179669971	s1-eth12	1472	4806
1787820509.179669971	s1-eth13	1472	4806
1787820509.179669971	s1-eth14	1562	4806
1787820509.179669971	s1-eth15	238194218	7935
1787820509.179669971	s1-eth16	1472	4826
1787820509.179669971	s1-eth17	1562	4806
1787820509.179669971	s1-eth18	1562	4716
1787820509.179669971	s1-eth19	1243485405	7967
1787820509.179669971	s1-eth2	8852	8852
1787820509.179669971	s1-eth20	1472	4806
1787820509.179669971	s1-eth21	1562	4806
1787820509.179669971	s1-eth22	1562	4806
1787820509.179669971	s1-eth23	311190588	7893
1787820509.179669971	s1-eth24	1472	4806
1787820509.179669971	s1-eth25	1562	4806
1787820509.179669971	s1-eth26	1562	4716
1787820509.179669971	s1-eth27	311398093	8041
1787820509.179669971	s1-eth28	1562	4806
1787820509.179669971	s1-eth29	1472	4716
1787820509.179669971	s1-eth3	1457031404	3772192
1787820509.179669971	s1-eth30	1562	4716
1787820509.179669971	s1-eth31	311444164	7895
1787820509.179669971	s1-eth32	1562	4716
1787820509.179669971	s1-eth33	1562	4716
1787820509.179669971	s1-eth34	1562	4716
1787820509.179669971	s1-eth4	1758	5002
1787820509.179669971	s1-eth5	1562	4716
1787820509.179669971	s1-eth6	1562	4806
1787820509.179669971	s1-eth7	311522758	8025
1787820509.179669971	s1-eth8	1562	4716
1787820509.179669971	s1-eth9	1472	4716
1787820509.179669971	s2-eth1	1763729544	923698064
1787820509.179669971	s2-eth10	1472	4806
1787820509.179669971	s2-eth11	311609637	8325
1787820509.179669971	s2-eth12	1472	4806
1787820509.179669971	s2-eth13	1472	4806
1787820509.179669971	s2-eth14	1562	4806
1787820509.179669971	s2-eth15	238189930	8069
1787820509.179669971	s2-eth16	1562	4806
1787820509.179669971	s2-eth17	1562	4806
1787820509.179669971	s2-eth18	1562	4806
1787820509.179669971	s2-eth19	4633	939941454
1787820509.179669971	s2-eth2	8754	8852
1787820509.179669971	s2-eth20	1562	4806
1787820509.179669971	s2-eth21	1472	4716
1787820509.179669971	s2-eth22	1562	4806
1787820509.179669971	s2-eth23	4649	269544546
1787820509.179669971	s2-eth24	1472	4806
1787820509.179669971	s2-eth25	1562	4806
1787820509.179669971	s2-eth26	1472	4806
1787820509.179669971	s2-eth27	4707	270229443
1787820509.179669971	s2-eth28	1562	4806
1787820509.179669971	s2-eth29	1472	4806
1787820509.179669971	s2-eth3	62519525	8244
1787820509.179669971	s2-eth30	1472	4911
1787820509.179669971	s2-eth31	4651	269847240
1787820509.179669971	s2-eth32	1472	4716
1787820509.179669971	s2-eth33	1562	4806
1787820509.179669971	s2-eth34	1562	4716
1787820509.179669971	s2-eth4	1562	4806
1787820509.179669971	s2-eth5	1472	4806
1787820509.179669971	s2-eth6	1562	4716
1787820509.179669971	s2-eth7	312510096	8112
1787820509.179669971	s2-eth8	1562	4716
1787820509.179669971	s2-eth9	1472	4806
1787820509.179669971	s3-eth1	1864708222	1003641546
1787820509.179669971	s3-eth10	1472	4806
1787820509.179669971	s3-eth11	4633	263120887
1787820509.179669971	s3-eth12	1312	4716
1787820509.179669971	s3-eth13	1472	4806
1787820509.179669971	s3-eth14	1562	4716
1787820509.179669971	s3-eth15	4601	208864033
1787820509.179669971	s3-eth16	1472	4716
1787820509.179669971	s3-eth17	1472	4716
1787820509.179669971	s3-eth18	1312	4806
1787820509.179669971	s3-eth19	62516234	8000
1787820509.179669971	s3-eth2	8852	8852
1787820509.179669971	s3-eth20	1562	4696
1787820509.179669971	s3-eth21	1472	4696
1787820509.179669971	s3-eth22	1312	4716
1787820509.179669971	s3-eth23	312578384	8101
1787820509.179669971	s3-eth24	1312	4716
1787820509.179669971	s3-eth25	1562	4716
1787820509.179669971	s3-eth26	1312	4716
1787820509.179669971	s3-eth27	312603474	7800
1787820509.179669971	s3-eth28	1472	4806
1787820509.179669971	s3-eth29	1562	4736
1787820509.179669971	s3-eth3	3768662	1117501200
1787820509.179669971	s3-eth30	1472	4806
1787820509.179669971	s3-eth31	312599205	7947
1787820509.179669971	s3-eth32	1312	4716
1787820509.179669971	s3-eth33	1472	4696
1787820509.179669971	s3-eth34	1562	4806
1787820509.179669971	s3-eth4	1472	4716
1787820509.179669971	s3-eth5	1562	4806
1787820509.179669971	s3-eth6	1562	4806
1787820509.179669971	s3-eth7	4781	263699043
1787820509.179669971	s3-eth8	1562	4575
1787820509.179669971	s3-eth9	1562	4806
1787820509.179669971	s4-eth1	1899524708	35566
1787820509.179669971	s4-eth10	1562	4696
1787820509.179669971	s4-eth11	5081	302529723
1787820509.179669971	s4-eth12	1472	4716
1787820509.179669971	s4-eth13	1312	4696
1787820509.179669971	s4-eth14	1312	4716
1787820509.179669971	s4-eth15	4825	230492758
1787820509.179669971	s4-eth16	1312	4716
1787820509.179669971	s4-eth17	1472	4696
1787820509.179669971	s4-eth18	1312	4766
1787820509.179669971	s4-eth19	4776	62366646
1787820509.179669971	s4-eth2	8879	6849
1787820509.179669971	s4-eth20	1562	4716
1787820509.179669971	s4-eth21	1472	4716
1787820509.179669971	s4-eth22	1472	4696
1787820509.179669971	s4-eth23	4697	311707776
1787820509.179669971	s4-eth24	1472	4716
1787820509.179669971	s4-eth25	1472	4716
1787820509.179669971	s4-eth26	1312	4766
1787820509.179669971	s4-eth27	4396	311669328
1787820509.179669971	s4-eth28	1472	4806
1787820509.179669971	s4-eth29	1312	4716
1787820509.179669971	s4-eth3	4750	60694223
1787820509.179669971	s4-eth30	1312	4716
1787820509.179669971	s4-eth31	4770	311663621
1787820509.179669971	s4-eth32	1312	4716
1787820509.179669971	s4-eth33	1312	4766
1787820509.179669971	s4-eth34	1472	4696
1787820509.179669971	s4-eth4	1472	4696
1787820509.179669971	s4-eth5	1312	4696
1787820509.179669971	s4-eth6	1312	4806
1787820509.179669971	s4-eth7	4778	302830200
1787820509.179669971	s4-eth8	1312	4716
1787820509.179669971	s4-eth9	1312	4766
1787820509.179669971	s5-eth1	4023603881	3798400
1787820509.179669971	s5-eth2	926834441	1771685085
1787820509.179669971	s5-eth3	3799444	2844003682
1787820509.179669971	s5-eth4	9038	7052
1787820509.179669971	s6-eth1	8879	8879
1787820509.179669971	s6-eth2	8879	8781
1787820509.179669971	s6-eth3	8879	7052
1787820509.179669971	s6-eth4	9163	8879
1787820509.179669971	s7-eth1	1005285453	1866944791
1787820509.179669971	s7-eth2	35566	1901289716
1787820509.179669971	s7-eth3	2801307100	3797414
1787820509.179669971	s7-eth4	8940	8879
1787820509.179669971	s8-eth1	8879	8879
1787820509.179669971	s8-eth2	6849	8879
1787820509.179669971	s8-eth3	8879	7052
1787820509.179669971	s8-eth4	9038	8879
1787820509.179669971	s9-eth1	2845242360	3799444
1787820509.179669971	s9-eth2	7052	8879
1787820509.179669971	s9-eth3	3797414	2802524148
1787820509.179669971	s9-eth4	7052	8879
1787820515.523173734	s10-eth1	7052	9038
1787820515.523173734	s10-eth2	8879	9163
1787820515.523173734	s10-eth3	8879	8940
1787820515.523173734	s10-eth4	8879	9038
1787820515.523173734	s1-eth1	3798400	4037497551
1787820515.523173734	s1-eth10	1562	4806
1787820515.523173734	s1-eth11	315160932	8127
1787820515.523173734	s1-eth12	1472	4806
1787820515.523173734	s1-eth13	1472	4806
1787820515.523173734	s1-eth14	1562	4806
1787820515.523173734	s1-eth15	238194218	7935
1787820515.523173734	s1-eth16	1472	4826
1787820515.523173734	s1-eth17	1562	4806
1787820515.523173734	s1-eth18	1562	4716
1787820515.523173734	s1-eth19	1261645953	7967
1787820515.523173734	s1-eth2	8879	8879
1787820515.523173734	s1-eth20	1472	4806
1787820515.523173734	s1-eth21	1562	4806
1787820515.523173734	s1-eth22	1562	4806
1787820515.523173734	s1-eth23	315732888	7893
1787820515.523173734	s1-eth24	1472	4806
1787820515.523173734	s1-eth25	1562	4806
1787820515.523173734	s1-eth26	1562	4716
1787820515.523173734	s1-eth27	315941835	8041
1787820515.523173734	s1-eth28	1562	4806
1787820515.523173734	s1-eth29	1472	4716
1787820515.523173734	s1-eth3	1475644740	3772192
1787820515.523173734	s1-eth30	1562	4716
1787820515.523173734	s1-eth31	316238814	7895
1787820515.523173734	s1-eth32	1562	4716
1787820515.523173734	s1-eth33	1562	4716
1787820515.523173734	s1-eth34	1562	4716
1787820515.523173734	s1-eth4	1758	5002
1787820515.523173734	s1-eth5	1562	4716
1787820515.523173734	s1-eth6	1562	4806
1787820515.523173734	s1-eth7	316416906	8025
1787820515.523173734	s1-eth8	1562	4716
1787820515.523173734	s1-eth9	1472	4716
1787820515.523173734	s2-eth1	1782237668	934443902
1787820515.523173734	s2-eth10	1472	4806
1787820515.523173734	s2-eth11	316467735	8325
1787820515.523173734	s2-eth12	1472	4806
1787820515.523173734	s2-eth13	1472	4806
1787820515.523173734	s2-eth14	1562	4806
1787820515.523173734	s2-eth15	238189930	8069
1787820515.523173734	s2-eth16	1562	4806
1787820515.523173734	s2-eth17	1562	4806
1787820515.523173734	s2-eth18	1562	4806
1787820515.523173734	s2-eth19	4633	947457158
1787820515.523173734	s2-eth2	8808	8906
1787820515.523173734	s2-eth20	1562	4806
1787820515.523173734	s2-eth21	1472	4716
1787820515.523173734	s2-eth22	1562	4806
1787820515.523173734	s2-eth23	4649	272582840
1787820515.523173734	s2-eth24	1472	4806
1787820515.523173734	s2-eth25	1562	4806
1787820515.523173734	s2-eth26	1472	4806
1787820515.523173734	s2-eth27	4707	273126421
1787820515.523173734	s2-eth28	1562	4806
1787820515.523173734	s2-eth29	1472	4806
1787820515.523173734	s2-eth3	63413565	8244
1787820515.523173734	s2-eth30	1472	4911
1787820515.523173734	s2-eth31	4651	272767290
1787820515.523173734	s2-eth32	1472	4716
1787820515.523173734	s2-eth33	1562	4806
1787820515.523173734	s2-eth34	1562	4716
1787820515.523173734	s2-eth4	1562	4806
1787820515.523173734	s2-eth5	1472	4806
1787820515.523173734	s2-eth6	1562	4716
1787820515.523173734	s2-eth7	317058164	8112
1787820515.523173734	s2-eth8	1562	4716
1787820515.523173734	s2-eth9	1472	4806
1787820515.523173734	s3-eth1	1876774932	1018850374
1787820515.523173734	s3-eth10	1472	4806
1787820515.523173734	s3-eth11	4633	266192347
1787820515.523173734	s3-eth12	1312	4716
1787820515.523173734	s3-eth13	1472	4806
1787820515.523173734	s3-eth14	1562	4716
1787820515.523173734	s3-eth15	4601	208864033
1787820515.523173734	s3-eth16	1472	4716
1787820515.523173734	s3-eth17	1472	4716
1787820515.523173734	s3-eth18	1312	4806
1787820515.523173734	s3-eth19	63558800	8000
1787820515.523173734	s3-eth2	8906	8906
1787820515.523173734	s3-eth20	1562	4696
1787820515.523173734	s3-eth21	1472	4696
1787820515.523173734	s3-eth22	1312	4716
1787820515.523173734	s3-eth23	318065194	8101
1787820515.523173734	s3-eth24	1312	4716
1787820515.523173734	s3-eth25	1562	4716
1787820515.523173734	s3-eth26	1312	4716
1787820515.523173734	s3-eth27	318299374	7800
1787820515.523173734	s3-eth28	1472	4806
1787820515.523173734	s3-eth29	1562	4736
1787820515.523173734	s3-eth3	3768662	1123776784
1787820515.523173734	s3-eth30	1472	4806
1787820515.523173734	s3-eth31	318605135	7947
1787820515.523173734	s3-eth32	1312	4716
1787820515.523173734	s3-eth33	1472	4696
1787820515.523173734	s3-eth34	1562	4806
1787820515.523173734	s3-eth4	1472	4716
1787820515.523173734	s3-eth5	1562	4806
1787820515.523173734	s3-eth6	1562	4806
1787820515.523173734	s3-eth7	4781	267591001
1787820515.523173734	s3-eth8	1562	4575
1787820515.523173734	s3-eth9	1562	4806
1787820515.523173734	s4-eth1	1935410374	35620
1787820515.523173734	s4-eth10	1562	4696
1787820515.523173734	s4-eth11	5081	309245117
1787820515.523173734	s4-eth12	1472	4716
1787820515.523173734	s4-eth13	1312	4696
1787820515.523173734	s4-eth14	1312	4716
1787820515.523173734	s4-eth15	4825	230492758
1787820515.523173734	s4-eth16	1312	4716
1787820515.523173734	s4-eth17	1472	4696
1787820515.523173734	s4-eth18	1312	4766
1787820515.523173734	s4-eth19	4776	63799994
1787820515.523173734	s4-eth2	8933	6903
1787820515.523173734	s4-eth20	1562	4716
1787820515.523173734	s4-eth21	1472	4716
1787820515.523173734	s4-eth22	1472	4696
1787820515.523173734	s4-eth23	4697	318888936
1787820515.523173734	s4-eth24	1472	4716
1787820515.523173734	s4-eth25	1472	4716
1787820515.523173734	s4-eth26	1312	4766
1787820515.523173734	s4-eth27	4396	319052368
1787820515.523173734	s4-eth28	1472	4806
1787820515.523173734	s4-eth29	1312	4716
1787820515.523173734	s4-eth3	4750	62191019
1787820515.523173734	s4-eth30	1312	4716
1787820515.523173734	s4-eth31	4770	319333619
1787820515.523173734	s4-eth32	1312	4716
1787820515.523173734	s4-eth33	1312	4766
1787820515.523173734	s4-eth34	1472	4696
1787820515.523173734	s4-eth4	1472	4696
1787820515.523173734	s4-eth5	1312	4696
1787820515.523173734	s4-eth6	1312	4806
1787820515.523173734	s4-eth7	4778	310694868
1787820515.523173734	s4-eth8	1312	4716
1787820515.523173734	s4-eth9	1312	4766
1787820515.523173734	s5-eth1	4066251085	3798454
1787820515.523173734	s5-eth2	944970529	1792954639
1787820515.523173734	s5-eth3	3799498	2878763146
1787820515.523173734	s5-eth4	9094	7106
1787820515.523173734	s6-eth1	8933	8933
1787820515.523173734	s6-eth2	8933	8835
1787820515.523173734	s6-eth3	8933	7106
1787820515.523173734	s6-eth4	9219	8933
1787820515.523173734	s7-eth1	1031730345	1882949603
1787820515.523173734	s7-eth2	35620	1944986696
1787820515.523173734	s7-eth3	2835579168	3797468
1787820515.523173734	s7-eth4	8996	8933
1787820515.523173734	s8-eth1	8933	8933
1787820515.523173734	s8-eth2	6903	8933
1787820515.523173734	s8-eth3	8933	7106
1787820515.523173734	s8-eth4	9094	8933
1787820515.523173734	s9-eth1	2879230354	3799498
1787820515.523173734	s9-eth2	7106	8933
1787820515.523173734	s9-eth3	3797468	2835978602
1787820515.523173734	s9-eth4	7106	8933
1787820528.086674594	s10-eth1	7133	9122
1787820528.086674594	s10-eth2	8960	9247
1787820528.086674594	s10-eth3	8960	9024
1787820528.086674594	s10-eth4	8960	9122
1787820528.086674594	s1-eth1	3798481	4087075034
1787820528.086674594	s1-eth10	1562	4806
1787820528.086674594	s1-eth11	323221712	8127
1787820528.086674594	s1-eth12	1472	4806
1787820528.086674594	s1-eth13	1472	4806
1787820528.086674594	s1-eth14	1562	4806
1787820528.086674594	s1-eth15	238194218	7935
1787820528.086674594	s1-eth16	1472	4826
1787820528.086674594	s1-eth17	1562	4806
1787820528.086674594	s1-eth18	1562	4716
1787820528.086674594	s1-eth19	1294349071	7967
1787820528.086674594	s1-eth2	8960	8960
1787820528.086674594	s1-eth20	1472	4806
1787820528.086674594	s1-eth21	1562	4806
1787820528.086674594	s1-eth22	1562	4806
1787820528.086674594	s1-eth23	323914796	7893
1787820528.086674594	s1-eth24	1472	4806
1787820528.086674594	s1-eth25	1562	4806
1787820528.086674594	s1-eth26	1562	4716
1787820528.086674594	s1-eth27	324038665	8041
1787820528.086674594	s1-eth28	1562	4806
1787820528.086674594	s1-eth29	1472	4716
1787820528.086674594	s1-eth3	1507427862	3772192
1787820528.086674594	s1-eth30	1562	4716
1787820528.086674594	s1-eth31	324074642	7895
1787820528.086674594	s1-eth32	1562	4716
1787820528.086674594	s1-eth33	1562	4716
1787820528.086674594	s1-eth34	1562	4716
1787820528.086674594	s1-eth4	1758	5002
1787820528.086674594	s1-eth5	1562	4716
1787820528.086674594	s1-eth6	1562	4806
1787820528.086674594	s1-eth7	324161888	8025
1787820528.086674594	s1-eth8	1562	4716
1787820528.086674594	s1-eth9	1472	4716
1787820528.086674594	s2-eth1	1805690410	951499932
1787820528.086674594	s2-eth10	1472	4806
1787820528.086674594	s2-eth11	324217043	8325
1787820528.086674594	s2-eth12	1472	4806
1787820528.086674594	s2-eth13	1472	4806
1787820528.086674594	s2-eth14	1562	4806
1787820528.086674594	s2-eth15	238189930	8069
1787820528.086674594	s2-eth16	1562	4806
1787820528.086674594	s2-eth17	1562	4806
1787820528.086674594	s2-eth18	1562	4806
1787820528.086674594	s2-eth19	4633	955869786
1787820528.086674594	s2-eth2	8862	8960
1787820528.086674594	s2-eth20	1562	4806
1787820528.086674594	s2-eth21	1472	4716
1787820528.086674594	s2-eth22	1562	4806
1787820528.086674594	s2-eth23	4649	277632724
1787820528.086674594	s2-eth24	1472	4806
1787820528.086674594	s2-eth25	1562	4806
1787820528.086674594	s2-eth26	1472	4806
1787820528.086674594	s2-eth27	4707	278144581
1787820528.086674594	s2-eth28	1562	4806
1787820528.086674594	s2-eth29	1472	4806
1787820528.086674594	s2-eth3	64937759	8244
1787820528.086674594	s2-eth30	1472	4911
1787820528.086674594	s2-eth31	4651	277672974
1787820528.086674594	s2-eth32	1472	4716
1787820528.086674594	s2-eth33	1562	4806
1787820528.086674594	s2-eth34	1562	4716
1787820528.086674594	s2-eth4	1562	4806
1787820528.086674594	s2-eth5	1472	4806
1787820528.086674594	s2-eth6	1562	4716
1787820528.086674594	s2-eth7	324625780	8112
1787820528.086674594	s2-eth8	1562	4716
1787820528.086674594	s2-eth9	1472	4806
1787820528.086674594	s3-eth1	1895590202	1042611704
1787820528.086674594	s3-eth10	1472	4806
1787820528.086674594	s3-eth11	4633	270961041
1787820528.086674594	s3-eth12	1312	4716
1787820528.086674594	s3-eth13	1472	4806
1787820528.086674594	s3-eth14	1562	4716
1787820528.086674594	s3-eth15	4601	208864033
1787820528.086674594	s3-eth16	1472	4716
1787820528.086674594	s3-eth17	1472	4716
1787820528.086674594	s3-eth18	1312	4806
1787820528.086674594	s3-eth19	64986380	8000
1787820528.086674594	s3-eth2	8960	8960
1787820528.086674594	s3-eth20	1562	4696
1787820528.086674594	s3-eth21	1472	4696
1787820528.086674594	s3-eth22	1312	4716
1787820528.086674594	s3-eth23	325002656	8101
1787820528.086674594	s3-eth24	1312	4716
1787820528.086674594	s3-eth25	1562	4716
1787820528.086674594	s3-eth26	1312	4716
1787820528.086674594	s3-eth27	325023420	7800
1787820528.086674594	s3-eth28	1472	4806
1787820528.086674594	s3-eth29	1562	4736
1787820528.086674594	s3-eth3	3768662	1133279564
1787820528.086674594	s3-eth30	1472	4806
1787820528.086674594	s3-eth31	325036455	7947
1787820528.086674594	s3-eth32	1312	4716
1787820528.086674594	s3-eth33	1472	4696
1787820528.086674594	s3-eth34	1562	4806
1787820528.086674594	s3-eth4	1472	4716
1787820528.086674594	s3-eth5	1562	4806
1787820528.086674594	s3-eth6	1562	4806
1787820528.086674594	s3-eth7	4781	271741077
1787820528.086674594	s3-eth8	1562	4575
1787820528.086674594	s3-eth9	1562	4806
1787820528.086674594	s4-eth1	1966782553	35647
1787820528.086674594	s4-eth10	1562	4696
1787820528.086674594	s4-eth11	5081	314593495
1787820528.086674594	s4-eth12	1472	4716
1787820528.086674594	s4-eth13	1312	4696
1787820528.086674594	s4-eth14	1312	4716
1787820528.086674594	s4-eth15	4825	230492758
1787820528.086674594	s4-eth16	1312	4716
1787820528.086674594	s4-eth17	1472	4696
1787820528.086674594	s4-eth18	1312	4766
1787820528.086674594	s4-eth19	4776	64887262
1787820528.086674594	s4-eth2	8987	6957
1787820528.086674594	s4-eth20	1562	4716
1787820528.086674594	s4-eth21	1472	4716
1787820528.086674594	s4-eth22	1472	4696
1787820528.086674594	s4-eth23	4697	324355558
1787820528.086674594	s4-eth24	1472	4716
1787820528.086674594	s4-eth25	1472	4716
1787820528.086674594	s4-eth26	1312	4766
1787820528.086674594	s4-eth27	4396	324369022
1787820528.086674594	s4-eth28	1472	4806
1787820528.086674594	s4-eth29	1312	4716
1787820528.086674594	s4-eth3	4750	63178789
1787820528.086674594	s4-eth30	1312	4716
1787820528.086674594	s4-eth31	4770	324596919
1787820528.086674594	s4-eth32	1312	4716
1787820528.086674594	s4-eth33	1312	4766
1787820528.086674594	s4-eth34	1472	4696
1787820528.086674594	s4-eth4	1472	4696
1787820528.086674594	s4-eth5	1312	4696
1787820528.086674594	s4-eth6	1312	4806
1787820528.086674594	s4-eth7	4778	315576038
1787820528.086674594	s4-eth8	1312	4716
1787820528.086674594	s4-eth9	1312	4766
1787820528.086674594	s5-eth1	4114768671	3798508
1787820528.086674594	s5-eth2	956753165	1815702243
1787820528.086674594	s5-eth3	3799552	2909845510
1787820528.086674594	s5-eth4	9150	7160
1787820528.086674594	s6-eth1	8987	8987
1787820528.086674594	s6-eth2	8987	8889
1787820528.086674594	s6-eth3	8987	7160
1787820528.086674594	s6-eth4	9275	8987
1787820528.086674594	s7-eth1	1049841919	1901984057
1787820528.086674594	s7-eth2	35674	1975688372
1787820528.086674594	s7-eth3	2867215260	3797522
1787820528.086674594	s7-eth4	9052	8987
1787820528.086674594	s8-eth1	8987	8987
1787820528.086674594	s8-eth2	6957	8987
1787820528.086674594	s8-eth3	8987	7160
1787820528.086674594	s8-eth4	9150	8987
1787820528.086674594	s9-eth1	2914152764	3799552
1787820528.086674594	s9-eth2	7160	8987
1787820528.086674594	s9-eth3	3797522	2870462644
1787820528.086674594	s9-eth4	7160	8987
1787820537.935505054	s10-eth1	7187	9178
1787820537.935505054	s10-eth2	9014	9303
1787820537.935505054	s10-eth3	9014	9080
1787820537.935505054	s10-eth4	9014	9178
1787820537.935505054	s1-eth1	3798535	4134405854
1787820537.935505054	s1-eth10	1562	4806
1787820537.935505054	s1-eth11	329439616	8127
1787820537.935505054	s1-eth12	1472	4806
1787820537.935505054	s1-eth13	1472	4806
1787820537.935505054	s1-eth14	1562	4806
1787820537.935505054	s1-eth15	238194218	7935
1787820537.935505054	s1-eth16	1472	4826
1787820537.935505054	s1-eth17	1562	4806
1787820537.935505054	s1-eth18	1562	4716
1787820537.935505054	s1-eth19	1317837809	7967
1787820537.935505054	s1-eth2	9014	9014
1787820537.935505054	s1-eth20	1472	4806
1787820537.935505054	s1-eth21	1562	4806
1787820537.935505054	s1-eth22	1562	4806
1787820537.935505054	s1-eth23	329643862	7893
1787820537.935505054	s1-eth24	1472	4806
1787820537.935505054	s1-eth25	1562	4806
1787820537.935505054	s1-eth26	1562	4716
1787820537.935505054	s1-eth27	329668233	8041
1787820537.935505054	s1-eth28	1562	4806
1787820537.935505054	s1-eth29	1472	4716
1787820537.935505054	s1-eth3	1530002372	3772192
1787820537.935505054	s1-eth30	1562	4716
1787820537.935505054	s1-eth31	329704210	7895
1787820537.935505054	s1-eth32	1562	4716
1787820537.935505054	s1-eth33	1562	4716
1787820537.935505054	s1-eth34	1562	4716
1787820537.935505054	s1-eth4	1758	5002
1787820537.935505054	s1-eth5	1562	4716
1787820537.935505054	s1-eth6	1562	4806
1787820537.935505054	s1-eth7	329756848	8025
1787820537.935505054	s1-eth8	1562	4716
1787820537.935505054	s1-eth9	1472	4716
1787820537.935505054	s2-eth1	1827911684	963846390
1787820537.935505054	s2-eth10	1472	4806
1787820537.935505054	s2-eth11	329826423	8325
1787820537.935505054	s2-eth12	1472	4806
1787820537.935505054	s2-eth13	1472	4806
1787820537.935505054	s2-eth14	1562	4806
1787820537.935505054	s2-eth15	238189930	8069
1787820537.935505054	s2-eth16	1562	4806
1787820537.935505054	s2-eth17	1562	4806
1787820537.935505054	s2-eth18	1562	4806
1787820537.935505054	s2-eth19	4633	964115142
1787820537.935505054	s2-eth2	8916	9014
1787820537.935505054	s2-eth20	1562	4806
1787820537.935505054	s2-eth21	1472	4716
1787820537.935505054	s2-eth22	1562	4806
1787820537.935505054	s2-eth23	4649	281980354
1787820537.935505054	s2-eth24	1472	4806
1787820537.935505054	s2-eth25	1562	4806
1787820537.935505054	s2-eth26	1472	4806
1787820537.935505054	s2-eth27	4707	282519609
1787820537.935505054	s2-eth28	1562	4806
1787820537.935505054	s2-eth29	1472	4806
1787820537.935505054	s2-eth3	66040889	8244
1787820537.935505054	s2-eth30	1472	4911
1787820537.935505054	s2-eth31	4651	281967250
1787820537.935505054	s2-eth32	1472	4716
1787820537.935505054	s2-eth33	1562	4806
1787820537.935505054	s2-eth34	1562	4716
1787820537.935505054	s2-eth4	1562	4806
1787820537.935505054	s2-eth5	1472	4806
1787820537.935505054	s2-eth6	1562	4716
1787820537.935505054	s2-eth7	330173154	8112
1787820537.935505054	s2-eth8	1562	4716
1787820537.935505054	s2-eth9	1472	4806
1787820537.935505054	s3-eth1	1912317456	1060400270
1787820537.935505054	s3-eth10	1472	4806
1787820537.935505054	s3-eth11	4633	275184659
1787820537.935505054	s3-eth12	1312	4716
1787820537.935505054	s3-eth13	1472	4806
1787820537.935505054	s3-eth14	1562	4716
1787820537.935505054	s3-eth15	4601	208864033
1787820537.935505054	s3-eth16	1472	4716
1787820537.935505054	s3-eth17	1472	4716
1787820537.935505054	s3-eth18	1312	4806
1787820537.935505054	s3-eth19	66116908	8000
1787820537.935505054	s3-eth2	9014	9014
1787820537.935505054	s3-eth20	1562	4696
1787820537.935505054	s3-eth21	1472	4696
1787820537.935505054	s3-eth22	1312	4716
1787820537.935505054	s3-eth23	330662506	8101
1787820537.935505054	s3-eth24	1312	4716
1787820537.935505054	s3-eth25	1562	4716
1787820537.935505054	s3-eth26	1312	4716
1787820537.935505054	s3-eth27	330778442	7800
1787820537.935505054	s3-eth28	1472	4806
1787820537.935505054	s3-eth29	1562	4736
1787820537.935505054	s3-eth3	3768662	1142615072
1787820537.935505054	s3-eth30	1472	4806
1787820537.935505054	s3-eth31	330915489	7947
1787820537.935505054	s3-eth32	1312	4716
1787820537.935505054	s3-eth33	1472	4696
1787820537.935505054	s3-eth34	1562	4806
1787820537.935505054	s3-eth4	1472	4716
1787820537.935505054	s3-eth5	1562	4806
1787820537.935505054	s3-eth6	1562	4806
1787820537.935505054	s3-eth7	4781	276452091
1787820537.935505054	s3-eth8	1562	4575
1787820537.935505054	s3-eth9	1562	4806
1787820537.935505054	s4-eth1	1998872875	35701
1787820537.935505054	s4-eth10	1562	4696
1787820537.935505054	s4-eth11	5081	320397545
1787820537.935505054	s4-eth12	1472	4716
1787820537.935505054	s4-eth13	1312	4696
1787820537.935505054	s4-eth14	1312	4716
1787820537.935505054	s4-eth15	4825	230492758
1787820537.935505054	s4-eth16	1312	4716
1787820537.935505054	s4-eth17	1472	4696
1787820537.935505054	s4-eth18	1312	4766
1787820537.935505054	s4-eth19	4776	66059608
1787820537.935505054	s4-eth2	9014	6984
1787820537.935505054	s4-eth20	1562	4716
1787820537.935505054	s4-eth21	1472	4716
1787820537.935505054	s4-eth22	1472	4696
1787820537.935505054	s4-eth23	4697	330370140
1787820537.935505054	s4-eth24	1472	4716
1787820537.935505054	s4-eth25	1472	4716
1787820537.935505054	s4-eth26	1312	4766
1787820537.935505054	s4-eth27	4396	330589810
1787820537.935505054	s4-eth28	1472	4806
1787820537.935505054	s4-eth29	1312	4716
1787820537.935505054	s4-eth3	4750	64387185
1787820537.935505054	s4-eth30	1312	4716
1787820537.935505054	s4-eth31	4770	330706673
1787820537.935505054	s4-eth32	1312	4716
1787820537.935505054	s4-eth33	1312	4766
1787820537.935505054	s4-eth34	1472	4696
1787820537.935505054	s4-eth4	1472	4696
1787820537.935505054	s4-eth5	1312	4696
1787820537.935505054	s4-eth6	1312	4806
1787820537.935505054	s4-eth7	4778	321237330
1787820537.935505054	s4-eth8	1312	4716
1787820537.935505054	s4-eth9	1312	4766
1787820537.935505054	s5-eth1	4173169725	3798562
1787820537.935505054	s5-eth2	969607207	1843587693
1787820537.935505054	s5-eth3	3799606	2945093812
1787820537.935505054	s5-eth4	9206	7214
1787820537.935505054	s6-eth1	9041	9041
1787820537.935505054	s6-eth2	9041	8943
1787820537.935505054	s6-eth3	9041	7214
1787820537.935505054	s6-eth4	9331	9041
1787820537.935505054	s7-eth1	1067670861	1923020007
1787820537.935505054	s7-eth2	35728	2004701466
1787820537.935505054	s7-eth3	2900449088	3797576
1787820537.935505054	s7-eth4	9108	9041
1787820537.935505054	s8-eth1	9041	9041
1787820537.935505054	s8-eth2	7011	9041
1787820537.935505054	s8-eth3	9041	7214
1787820537.935505054	s8-eth4	9206	9041
1787820537.935505054	s9-eth1	2946023902	3799606
1787820537.935505054	s9-eth2	7214	9041
1787820537.935505054	s9-eth3	3797576	2900633664
1787820537.935505054	s9-eth4	7214	9041
1787820545.589880560	s10-eth1	7214	9206
1787820545.589880560	s10-eth2	9041	9331
1787820545.589880560	s10-eth3	9041	9108
1787820545.589880560	s10-eth4	9041	9206
1787820545.589880560	s1-eth1	3798562	4192387259
1787820545.589880560	s1-eth10	1562	4806
1787820545.589880560	s1-eth11	334349626	8127
1787820545.589880560	s1-eth12	1472	4806
1787820545.589880560	s1-eth13	1472	4806
1787820545.589880560	s1-eth14	1562	4806
1787820545.589880560	s1-eth15	238194218	7935
1787820545.589880560	s1-eth16	1472	4826
1787820545.589880560	s1-eth17	1562	4806
1787820545.589880560	s1-eth18	1562	4716
1787820545.589880560	s1-eth19	1337979665	7967
1787820545.589880560	s1-eth2	9041	9041
1787820545.589880560	s1-eth20	1472	4806
1787820545.589880560	s1-eth21	1562	4806
1787820545.589880560	s1-eth22	1562	4806
1787820545.589880560	s1-eth23	334796128	7893
1787820545.589880560	s1-eth24	1472	4806
1787820545.589880560	s1-eth25	1562	4806
1787820545.589880560	s1-eth26	1562	4716
1787820545.589880560	s1-eth27	334983445	8041
1787820545.589880560	s1-eth28	1562	4806
1787820545.589880560	s1-eth29	1472	4716
1787820545.589880560	s1-eth3	1552066414	3772192
1787820545.589880560	s1-eth30	1562	4716
1787820545.589880560	s1-eth31	335325126	7895
1787820545.589880560	s1-eth32	1562	4716
1787820545.589880560	s1-eth33	1562	4716
1787820545.589880560	s1-eth34	1562	4716
1787820545.589880560	s1-eth4	1758	5002
1787820545.589880560	s1-eth5	1562	4716
1787820545.589880560	s1-eth6	1562	4806
1787820545.589880560	s1-eth7	335702214	8025
1787820545.589880560	s1-eth8	1562	4716
1787820545.589880560	s1-eth9	1472	4716
1787820545.589880560	s2-eth1	1857208852	977272906
1787820545.589880560	s2-eth10	1472	4806
1787820545.589880560	s2-eth11	335995299	8325
1787820545.589880560	s2-eth12	1472	4806
1787820545.589880560	s2-eth13	1472	4806
1787820545.589880560	s2-eth14	1562	4806
1787820545.589880560	s2-eth15	238189930	8069
1787820545.589880560	s2-eth16	1562	4806
1787820545.589880560	s2-eth17	1562	4806
1787820545.589880560	s2-eth18	1562	4806
1787820545.589880560	s2-eth19	4633	978724044
1787820545.589880560	s2-eth2	8970	9068
1787820545.589880560	s2-eth20	1562	4806
1787820545.589880560	s2-eth21	1472	4716
1787820545.589880560	s2-eth22	1562	4806
1787820545.589880560	s2-eth23	4649	287020144
1787820545.589880560	s2-eth24	1472	4806
1787820545.589880560	s2-eth25	1562	4806
1787820545.589880560	s2-eth26	1472	4806
1787820545.589880560	s2-eth27	4707	287431061
1787820545.589880560	s2-eth28	1562	4806
1787820545.589880560	s2-eth29	1472	4806
1787820545.589880560	s2-eth3	67405021	8244
1787820545.589880560	s2-eth30	1472	4911
1787820545.589880560	s2-eth31	4651	286881586
1787820545.589880560	s2-eth32	1472	4716
1787820545.589880560	s2-eth33	1562	4806
1787820545.589880560	s2-eth34	1562	4716
1787820545.589880560	s2-eth4	1562	4806
1787820545.589880560	s2-eth5	1472	4806
1787820545.589880560	s2-eth6	1562	4716
1787820545.589880560	s2-eth7	337321148	8112
1787820545.589880560	s2-eth8	1562	4716
1787820545.589880560	s2-eth9	1472	4806
1787820545.589880560	s3-eth1	1935532268	1083554518
1787820545.589880560	s3-eth10	1472	4806
1787820545.589880560	s3-eth11	4633	279613041
1787820545.589880560	s3-eth12	1312	4716
1787820545.589880560	s3-eth13	1472	4806
1787820545.589880560	s3-eth14	1562	4716
1787820545.589880560	s3-eth15	4671	208864033
1787820545.589880560	s3-eth16	1472	4716
1787820545.589880560	s3-eth17	1472	4716
1787820545.589880560	s3-eth18	1312	4806
1787820545.589880560	s3-eth19	67612262	8000
1787820545.589880560	s3-eth2	9068	9068
1787820545.589880560	s3-eth20	1562	4696
1787820545.589880560	s3-eth21	1472	4696
1787820545.589880560	s3-eth22	1312	4716
1787820545.589880560	s3-eth23	338205608	8101
1787820545.589880560	s3-eth24	1312	4716
1787820545.589880560	s3-eth25	1562	4716
1787820545.589880560	s3-eth26	1312	4716
1787820545.589880560	s3-eth27	338230698	7800
1787820545.589880560	s3-eth28	1472	4806
1787820545.589880560	s3-eth29	1562	4736
1787820545.589880560	s3-eth3	3768662	1152921046
1787820545.589880560	s3-eth30	1472	4876
1787820545.589880560	s3-eth31	338337463	7947
1787820545.589880560	s3-eth32	1312	4716
1787820545.589880560	s3-eth33	1472	4696
1787820545.589880560	s3-eth34	1562	4806
1787820545.589880560	s3-eth4	1472	4716
1787820545.589880560	s3-eth5	1562	4806
1787820545.589880560	s3-eth6	1562	4806
1787820545.589880560	s3-eth7	4781	280600725
1787820545.589880560	s3-eth8	1562	4575
1787820545.589880560	s3-eth9	1562	4806
1787820545.589880560	s4-eth1	2037566142	35782
1787820545.589880560	s4-eth10	1562	4696
1787820545.589880560	s4-eth11	5081	327495069
1787820545.589880560	s4-eth12	1472	4716
1787820545.589880560	s4-eth13	1312	4696
1787820545.589880560	s4-eth14	1312	4716
1787820545.589880560	s4-eth15	4825	230492758
1787820545.589880560	s4-eth16	1312	4716
1787820545.589880560	s4-eth17	1472	4696
1787820545.589880560	s4-eth18	1312	4766
1787820545.589880560	s4-eth19	4776	67582360
1787820545.589880560	s4-eth2	9095	7065
1787820545.589880560	s4-eth20	1562	4716
1787820545.589880560	s4-eth21	1472	4716
1787820545.589880560	s4-eth22	1472	4696
1787820545.589880560	s4-eth23	4697	337913242
1787820545.589880560	s4-eth24	1472	4716
1787820545.589880560	s4-eth25	1472	4716
1787820545.589880560	s4-eth26	1312	4766
1787820545.589880560	s4-eth27	4396	338050718
1787820545.589880560	s4-eth28	1472	4806
1787820545.589880560	s4-eth29	1312	4716
1787820545.589880560	s4-eth3	4750	65829185
1787820545.589880560	s4-eth30	1312	4716
1787820545.589880560	s4-eth31	4770	337954165
1787820545.589880560	s4-eth32	1312	4716
1787820545.589880560	s4-eth33	1312	4766
1787820545.589880560	s4-eth34	1472	4696
1787820545.589880560	s4-eth4	1472	4696
1787820545.589880560	s4-eth5	1312	4696
1787820545.589880560	s4-eth6	1312	4806
1787820545.589880560	s4-eth7	4778	328588646
1787820545.589880560	s4-eth8	1312	4716
1787820545.589880560	s4-eth9	1312	4766
1787820545.589880560	s5-eth1	4221766621	3798616
1787820545.589880560	s5-eth2	986507501	1865347527
1787820545.589880560	s5-eth3	3799660	2979257730
1787820545.589880560	s5-eth4	9262	7268
1787820545.589880560	s6-eth1	9095	9095
1787820545.589880560	s6-eth2	9095	8997
1787820545.589880560	s6-eth3	9095	7268
1787820545.589880560	s6-eth4	9387	9095
1787820545.589880560	s7-eth1	1092298833	1939741493
1787820545.589880560	s7-eth2	35782	2045716326
1787820545.589880560	s7-eth3	2933848746	3797630
1787820545.589880560	s7-eth4	9164	9095
1787820545.589880560	s8-eth1	9095	9095
1787820545.589880560	s8-eth2	7065	9095
1787820545.589880560	s8-eth3	9095	7268
1787820545.589880560	s8-eth4	9262	9095
1787820545.589880560	s9-eth1	2980425750	3799660
1787820545.589880560	s9-eth2	7268	9095
1787820545.589880560	s9-eth3	3797630	2934520718
1787820545.589880560	s9-eth4	7268	9095
1787820557.705353993	s10-eth1	7295	9290
1787820557.705353993	s10-eth2	9122	9415
1787820557.705353993	s10-eth3	9122	9192
1787820557.705353993	s10-eth4	9122	9290
1787820557.705353993	s1-eth1	3798643	4231057454
1787820557.705353993	s1-eth10	1562	4806
1787820557.705353993	s1-eth11	342085956	8127
1787820557.705353993	s1-eth12	1472	4806
1787820557.705353993	s1-eth13	1472	4806
1787820557.705353993	s1-eth14	1562	4806
1787820557.705353993	s1-eth15	238194218	7935
1787820557.705353993	s1-eth16	1472	4826
1787820557.705353993	s1-eth17	1562	4806
1787820557.705353993	s1-eth18	1562	4716
1787820557.705353993	s1-eth19	1369250877	7967
1787820557.705353993	s1-eth2	9122	9122
1787820557.705353993	s1-eth20	1472	4806
1787820557.705353993	s1-eth21	1562	4806
1787820557.705353993	s1-eth22	1562	4806
1787820557.705353993	s1-eth23	342417098	7893
1787820557.705353993	s1-eth24	1472	4806
1787820557.705353993	s1-eth25	1562	4806
1787820557.705353993	s1-eth26	1562	4716
1787820557.705353993	s1-eth27	342399651	8041
1787820557.705353993	s1-eth28	1562	4806
1787820557.705353993	s1-eth29	1472	4716
1787820557.705353993	s1-eth3	1580984282	3772192
1787820557.705353993	s1-eth30	1562	4716
1787820557.705353993	s1-eth31	342488982	7895
1787820557.705353993	s1-eth32	1562	4716
1787820557.705353993	s1-eth33	1562	4716
1787820557.705353993	s1-eth34	1562	4716
1787820557.705353993	s1-eth4	1758	5002
1787820557.705353993	s1-eth5	1562	4716
1787820557.705353993	s1-eth6	1562	4806
1787820557.705353993	s1-eth7	342805506	8025
1787820557.705353993	s1-eth8	1562	4716
1787820557.705353993	s1-eth9	1472	4716
1787820557.705353993	s2-eth1	1875960674	992716780
1787820557.705353993	s2-eth10	1472	4806
1787820557.705353993	s2-eth11	343016397	8325
1787820557.705353993	s2-eth12	1472	4806
1787820557.705353993	s2-eth13	1472	4806
1787820557.705353993	s2-eth14	1562	4806
1787820557.705353993	s2-eth15	238189930	8069
1787820557.705353993	s2-eth16	1562	4806
1787820557.705353993	s2-eth17	1562	4806
1787820557.705353993	s2-eth18	1562	4806
1787820557.705353993	s2-eth19	4633	985807148
1787820557.705353993	s2-eth2	9024	9122
1787820557.705353993	s2-eth20	1562	4806
1787820557.705353993	s2-eth21	1472	4716
1787820557.705353993	s2-eth22	1562	4806
1787820557.705353993	s2-eth23	4649	290648216
1787820557.705353993	s2-eth24	1472	4806
1787820557.705353993	s2-eth25	1562	4806
1787820557.705353993	s2-eth26	1472	4806
1787820557.705353993	s2-eth27	4707	290995685
1787820557.705353993	s2-eth28	1562	4806
1787820557.705353993	s2-eth29	1472	4806
1787820557.705353993	s2-eth3	68666771	8244
1787820557.705353993	s2-eth30	1472	4911
1787820557.705353993	s2-eth31	4651	290449094
1787820557.705353993	s2-eth32	1472	4716
1787820557.705353993	s2-eth33	1562	4806
1787820557.705353993	s2-eth34	1562	4716
1787820557.705353993	s2-eth4	1562	4806
1787820557.705353993	s2-eth5	1472	4806
1787820557.705353993	s2-eth6	1562	4716
1787820557.705353993	s2-eth7	343390526	8112
1787820557.705353993	s2-eth8	1562	4716
1787820557.705353993	s2-eth9	1472	4806
1787820557.705353993	s3-eth1	1949766304	1102632232
1787820557.705353993	s3-eth10	1472	4806
1787820557.705353993	s3-eth11	4633	283153151
1787820557.705353993	s3-eth12	1312	4716
1787820557.705353993	s3-eth13	1472	4806
1787820557.705353993	s3-eth14	1562	4716
1787820557.705353993	s3-eth15	4671	208864033
1787820557.705353993	s3-eth16	1472	4716
1787820557.705353993	s3-eth17	1472	4716
1787820557.705353993	s3-eth18	1312	4806
1787820557.705353993	s3-eth19	68731254	8000
1787820557.705353993	s3-eth2	9122	9122
1787820557.705353993	s3-eth20	1562	4696
1787820557.705353993	s3-eth21	1472	4696
1787820557.705353993	s3-eth22	1312	4716
1787820557.705353993	s3-eth23	343763076	8101
1787820557.705353993	s3-eth24	1312	4716
1787820557.705353993	s3-eth25	1562	4716
1787820557.705353993	s3-eth26	1312	4716
1787820557.705353993	s3-eth27	343932366	7800
1787820557.705353993	s3-eth28	1472	4806
1787820557.705353993	s3-eth29	1562	4736
1787820557.705353993	s3-eth3	3768662	1161499504
1787820557.705353993	s3-eth30	1472	4876
1787820557.705353993	s3-eth31	343946843	7947
1787820557.705353993	s3-eth32	1312	4716
1787820557.705353993	s3-eth33	1472	4696
1787820557.705353993	s3-eth34	1562	4806
1787820557.705353993	s3-eth4	1472	4716
1787820557.705353993	s3-eth5	1562	4806
1787820557.705353993	s3-eth6	1562	4806
1787820557.705353993	s3-eth7	4781	284437887
1787820557.705353993	s3-eth8	1562	4575
1787820557.705353993	s3-eth9	1562	4806
1787820557.705353993	s4-eth1	2067797699	35809
1787820557.705353993	s4-eth10	1562	4696
1787820557.705353993	s4-eth11	5081	332961691
1787820557.705353993	s4-eth12	1472	4716
1787820557.705353993	s4-eth13	1312	4696
1787820557.705353993	s4-eth14	1312	4716
1787820557.705353993	s4-eth15	4825	230492758
1787820557.705353993	s4-eth16	1312	4716
1787820557.705353993	s4-eth17	1472	4696
1787820557.705353993	s4-eth18	1312	4766
1787820557.705353993	s4-eth19	4776	68663860
1787820557.705353993	s4-eth2	9122	7092
1787820557.705353993	s4-eth20	1562	4716
1787820557.705353993	s4-eth21	1472	4716
1787820557.705353993	s4-eth22	1472	4696
1787820557.705353993	s4-eth23	4697	343195288
1787820557.705353993	s4-eth24	1472	4716
1787820557.705353993	s4-eth25	1472	4716
1787820557.705353993	s4-eth26	1312	4766
1787820557.705353993	s4-eth27	4396	343285178
1787820557.705353993	s4-eth28	1472	4806
1787820557.705353993	s4-eth29	1312	4716
1787820557.705353993	s4-eth3	4750	66884729
1787820557.705353993	s4-eth30	1312	4716
1787820557.705353993	s4-eth31	4770	343365991
1787820557.705353993	s4-eth32	1312	4716
1787820557.705353993	s4-eth33	1312	4766
1787820557.705353993	s4-eth34	1472	4696
1787820557.705353993	s4-eth4	1472	4696
1787820557.705353993	s4-eth5	1312	4696
1787820557.705353993	s4-eth6	1312	4806
1787820557.705353993	s4-eth7	4778	333987494
1787820557.705353993	s4-eth8	1312	4716
1787820557.705353993	s4-eth9	1312	4766
1787820557.705353993	s5-eth1	4274326133	3798670
1787820557.705353993	s5-eth2	998633333	1890090859
1787820557.705353993	s5-eth3	3799714	3012490116
1787820557.705353993	s5-eth4	9318	7322
1787820557.705353993	s6-eth1	9149	9149
1787820557.705353993	s6-eth2	9149	9051
1787820557.705353993	s6-eth3	9149	7322
1787820557.705353993	s6-eth4	9443	9149
1787820557.705353993	s7-eth1	1109969155	1960026161
1787820557.705353993	s7-eth2	35836	2075339386
1787820557.705353993	s7-eth3	2966553360	3797684
1787820557.705353993	s7-eth4	9220	9149
1787820557.705353993	s8-eth1	9149	9149
1787820557.705353993	s8-eth2	7119	9149
1787820557.705353993	s8-eth3	9149	7322
1787820557.705353993	s8-eth4	9318	9149
1787820557.705353993	s9-eth1	3013023656	3799714
1787820557.705353993	s9-eth2	7322	9149
1787820557.705353993	s9-eth3	3797684	2966821572
1787820557.705353993	s9-eth4	7322	9149
1787820566.034740932	s10-eth1	7322	9318
1787820566.034740932	s10-eth2	9149	9443
1787820566.034740932	s10-eth3	9149	9220
1787820566.034740932	s10-eth4	9149	9318
1787820566.034740932	s1-eth1	3798670	4292371321
1787820566.034740932	s1-eth10	1562	4806
1787820566.034740932	s1-eth11	347444428	8127
1787820566.034740932	s1-eth12	1472	4806
1787820566.034740932	s1-eth13	1472	4806
1787820566.034740932	s1-eth14	1562	4806
1787820566.034740932	s1-eth15	238194218	7935
1787820566.034740932	s1-eth16	1472	4826
1787820566.034740932	s1-eth17	1562	4806
1787820566.034740932	s1-eth18	1562	4716
1787820566.034740932	s1-eth19	1390592477	7967
1787820566.034740932	s1-eth2	9149	9149
1787820566.034740932	s1-eth20	1472	4806
1787820566.034740932	s1-eth21	1562	4806
1787820566.034740932	s1-eth22	1562	4806
1787820566.034740932	s1-eth23	347834692	7893
1787820566.034740932	s1-eth24	1472	4806
1787820566.034740932	s1-eth25	1562	4806
1787820566.034740932	s1-eth26	1562	4716
1787820566.034740932	s1-eth27	347967213	8041
1787820566.034740932	s1-eth28	1562	4806
1787820566.034740932	s1-eth29	1472	4716
1787820566.034740932	s1-eth3	1603454968	3772192
1787820566.034740932	s1-eth30	1562	4716
1787820566.034740932	s1-eth31	348119992	7895
1787820566.034740932	s1-eth32	1562	4716
1787820566.034740932	s1-eth33	1562	4716
1787820566.034740932	s1-eth34	1562	4716
1787820566.034740932	s1-eth4	1758	5002
1787820566.034740932	s1-eth5	1562	4716
1787820566.034740932	s1-eth6	1562	4806
1787820566.034740932	s1-eth7	348378836	8025
1787820566.034740932	s1-eth8	1562	4716
1787820566.034740932	s1-eth9	1472	4716
1787820566.034740932	s2-eth1	1904212392	1005067564
1787820566.034740932	s2-eth10	1472	4806
1787820566.034740932	s2-eth11	348628661	8325
1787820566.034740932	s2-eth12	1472	4806
1787820566.034740932	s2-eth13	1472	4806
1787820566.034740932	s2-eth14	1562	4806
1787820566.034740932	s2-eth15	238189930	8069
1787820566.034740932	s2-eth16	1562	4806
1787820566.034740932	s2-eth17	1562	4806
1787820566.034740932	s2-eth18	1562	4806
1787820566.034740932	s2-eth19	4633	1000005080
1787820566.034740932	s2-eth2	9078	9176
1787820566.034740932	s2-eth20	1562	4806
1787820566.034740932	s2-eth21	1472	4716
1787820566.034740932	s2-eth22	1562	4806
1787820566.034740932	s2-eth23	4649	295713962
1787820566.034740932	s2-eth24	1472	4806
1787820566.034740932	s2-eth25	1562	4806
1787820566.034740932	s2-eth26	1472	4806
1787820566.034740932	s2-eth27	4707	295859551
1787820566.034740932	s2-eth28	1562	4806
1787820566.034740932	s2-eth29	1472	4806
1787820566.034740932	s2-eth3	69865073	8244
1787820566.034740932	s2-eth30	1472	4911
1787820566.034740932	s2-eth31	4651	295542238
1787820566.034740932	s2-eth32	1472	4716
1787820566.034740932	s2-eth33	1562	4806
1787820566.034740932	s2-eth34	1562	4716
1787820566.034740932	s2-eth4	1562	4806
1787820566.034740932	s2-eth5	1472	4806
1787820566.034740932	s2-eth6	1562	4716
1787820566.034740932	s2-eth7	349529120	8112
1787820566.034740932	s2-eth8	1562	4716
1787820566.034740932	s2-eth9	1472	4806
1787820566.034740932	s3-eth1	1976600536	1122505930
1787820566.034740932	s3-eth10	1472	4806
1787820566.034740932	s3-eth11	4633	288500087
1787820566.034740932	s3-eth12	1312	4716
1787820566.034740932	s3-eth13	1472	4806
1787820566.034740932	s3-eth14	1562	4716
1787820566.034740932	s3-eth15	4671	208864033
1787820566.034740932	s3-eth16	1472	4716
1787820566.034740932	s3-eth17	1472	4716
1787820566.034740932	s3-eth18	1312	4806
1787820566.034740932	s3-eth19	70023286	8000
1787820566.034740932	s3-eth2	9176	9176
1787820566.034740932	s3-eth20	1562	4696
1787820566.034740932	s3-eth21	1472	4696
1787820566.034740932	s3-eth22	1312	4716
1787820566.034740932	s3-eth23	350253518	8101
1787820566.034740932	s3-eth24	1312	4716
1787820566.034740932	s3-eth25	1562	4716
1787820566.034740932	s3-eth26	1312	4716
1787820566.034740932	s3-eth27	350402620	7800
1787820566.034740932	s3-eth28	1472	4806
1787820566.034740932	s3-eth29	1562	4736
1787820566.034740932	s3-eth3	3768662	1176820754
1787820566.034740932	s3-eth30	1472	4876
1787820566.034740932	s3-eth31	350536783	7947
1787820566.034740932	s3-eth32	1312	4716
1787820566.034740932	s3-eth33	1472	4696
1787820566.034740932	s3-eth34	1562	4806
1787820566.034740932	s3-eth4	1472	4716
1787820566.034740932	s3-eth5	1562	4806
1787820566.034740932	s3-eth6	1562	4806
1787820566.034740932	s3-eth7	4781	289784823
1787820566.034740932	s3-eth8	1562	4575
1787820566.034740932	s3-eth9	1562	4806
1787820566.034740932	s4-eth1	2102662429	35863
1787820566.034740932	s4-eth10	1562	4696
1787820566.034740932	s4-eth11	5081	339264673
1787820566.034740932	s4-eth12	1472	4716
1787820566.034740932	s4-eth13	1312	4696
1787820566.034740932	s4-eth14	1312	4716
1787820566.034740932	s4-eth15	4825	230492758
1787820566.034740932	s4-eth16	1312	4716
1787820566.034740932	s4-eth17	1472	4696
1787820566.034740932	s4-eth18	1312	4766
1787820566.034740932	s4-eth19	4776	69908306
1787820566.034740932	s4-eth2	9176	7146
1787820566.034740932	s4-eth20	1562	4716
1787820566.034740932	s4-eth21	1472	4716
1787820566.034740932	s4-eth22	1472	4696
1787820566.034740932	s4-eth23	4697	349349744
1787820566.034740932	s4-eth24	1472	4716
1787820566.034740932	s4-eth25	1472	4716
1787820566.034740932	s4-eth26	1312	4766
1787820566.034740932	s4-eth27	4396	349312738
1787820566.034740932	s4-eth28	1472	4806
1787820566.034740932	s4-eth29	1312	4716
1787820566.034740932	s4-eth3	4750	68059959
1787820566.034740932	s4-eth30	1312	4716
1787820566.034740932	s4-eth31	4770	349266655
1787820566.034740932	s4-eth32	1312	4716
1787820566.034740932	s4-eth33	1312	4766
1787820566.034740932	s4-eth34	1472	4696
1787820566.034740932	s4-eth4	1472	4696
1787820566.034740932	s4-eth5	1312	4696
1787820566.034740932	s4-eth6	1312	4806
1787820566.034740932	s4-eth7	4778	339533426
1787820566.034740932	s4-eth8	1312	4716
1787820566.034740932	s4-eth9	1312	4766
1787820566.034740932	s5-eth1	4328827992	3798697
1787820566.034740932	s5-eth2	1010721646	1916054096
1787820566.034740932	s5-eth3	3799741	3046064229
1787820566.034740932	s5-eth4	9346	7349
1787820566.034740932	s6-eth1	9176	9176
1787820566.034740932	s6-eth2	9176	9078
1787820566.034740932	s6-eth3	9176	7349
1787820566.034740932	s6-eth4	9471	9176
1787820566.034740932	s7-eth1	1127211176	1981243776
1787820566.034740932	s7-eth2	35863	2104263049
1787820566.034740932	s7-eth3	2999816001	3797711
1787820566.034740932	s7-eth4	9248	9176
1787820566.034740932	s8-eth1	9176	9176
1787820566.034740932	s8-eth2	7146	9203
1787820566.034740932	s8-eth3	9203	7376
1787820566.034740932	s8-eth4	9374	9203
1787820566.034740932	s9-eth1	3047653340	3799768
1787820566.034740932	s9-eth2	7376	9203
1787820566.034740932	s9-eth3	3797738	3001402228
1787820566.034740932	s9-eth4	7376	9203
1787820574.711917883	s10-eth1	7376	9374
1787820574.711917883	s10-eth2	9203	9499
1787820574.711917883	s10-eth3	9203	9276
1787820574.711917883	s10-eth4	9203	9374
1787820574.711917883	s1-eth1	3798724	4344055539
1787820574.711917883	s1-eth10	1562	4806
1787820574.711917883	s1-eth11	353118698	8127
1787820574.711917883	s1-eth12	1472	4806
1787820574.711917883	s1-eth13	1472	4806
1787820574.711917883	s1-eth14	1562	4806
1787820574.711917883	s1-eth15	238194218	7935
1787820574.711917883	s1-eth16	1472	4826
1787820574.711917883	s1-eth17	1562	4806
1787820574.711917883	s1-eth18	1562	4716
1787820574.711917883	s1-eth19	1413575073	7967
1787820574.711917883	s1-eth2	9273	9203
1787820574.711917883	s1-eth20	1472	4806
1787820574.711917883	s1-eth21	1562	4806
1787820574.711917883	s1-eth22	1562	4806
1787820574.711917883	s1-eth23	353712284	7893
1787820574.711917883	s1-eth24	1472	4806
1787820574.711917883	s1-eth25	1562	4806
1787820574.711917883	s1-eth26	1562	4716
1787820574.711917883	s1-eth27	353883739	8041
1787820574.711917883	s1-eth28	1562	4806
1787820574.711917883	s1-eth29	1472	4716
1787820574.711917883	s1-eth3	1627256620	3772192
1787820574.711917883	s1-eth30	1562	4716
1787820574.711917883	s1-eth31	354105734	7895
1787820574.711917883	s1-eth32	1562	4716
1787820574.711917883	s1-eth33	1562	4716
1787820574.711917883	s1-eth34	1562	4716
1787820574.711917883	s1-eth4	1758	5002
1787820574.711917883	s1-eth5	1562	4716
1787820574.711917883	s1-eth6	1562	4806
1787820574.711917883	s1-eth7	354474170	8025
1787820574.711917883	s1-eth8	1562	4716
1787820574.711917883	s1-eth9	1472	4716
1787820574.711917883	s2-eth1	1930240546	1018582042
1787820574.711917883	s2-eth10	1472	4806
1787820574.711917883	s2-eth11	354784559	8325
1787820574.711917883	s2-eth12	1472	4806
1787820574.711917883	s2-eth13	1472	4806
1787820574.711917883	s2-eth14	1562	4806
1787820574.711917883	s2-eth15	238189930	8069
1787820574.711917883	s2-eth16	1562	4806
1787820574.711917883	s2-eth17	1562	4806
1787820574.711917883	s2-eth18	1562	4806
1787820574.711917883	s2-eth19	4633	1011019076
1787820574.711917883	s2-eth2	9132	9230
1787820574.711917883	s2-eth20	1562	4806
1787820574.711917883	s2-eth21	1472	4716
1787820574.711917883	s2-eth22	1562	4806
1787820574.711917883	s2-eth23	4719	300889300
1787820574.711917883	s2-eth24	1472	4806
1787820574.711917883	s2-eth25	1562	4806
1787820574.711917883	s2-eth26	1472	4806
1787820574.711917883	s2-eth27	4707	301036331
1787820574.711917883	s2-eth28	1562	4806
1787820574.711917883	s2-eth29	1472	4806
1787820574.711917883	s2-eth3	71204691	8244
1787820574.711917883	s2-eth30	1472	4911
1787820574.711917883	s2-eth31	4651	300721902
1787820574.711917883	s2-eth32	1472	4716
1787820574.711917883	s2-eth33	1562	4806
1787820574.711917883	s2-eth34	1562	4716
1787820574.711917883	s2-eth4	1562	4806
1787820574.711917883	s2-eth5	1472	4806
1787820574.711917883	s2-eth6	1562	4716
1787820574.711917883	s2-eth7	356420438	8112
1787820574.711917883	s2-eth8	1562	4716
1787820574.711917883	s2-eth9	1472	4806
1787820574.711917883	s3-eth1	1997218306	1144767580
1787820574.711917883	s3-eth10	1542	4806
1787820574.711917883	s3-eth11	4633	293658121
1787820574.711917883	s3-eth12	1312	4716
1787820574.711917883	s3-eth13	1472	4806
1787820574.711917883	s3-eth14	1562	4716
1787820574.711917883	s3-eth15	4671	208864033
1787820574.711917883	s3-eth16	1472	4716
1787820574.711917883	s3-eth17	1472	4716
1787820574.711917883	s3-eth18	1312	4806
1787820574.711917883	s3-eth19	71429236	8000
1787820574.711917883	s3-eth2	9230	9230
1787820574.711917883	s3-eth20	1562	4696
1787820574.711917883	s3-eth21	1472	4696
1787820574.711917883	s3-eth22	1312	4716
1787820574.711917883	s3-eth23	357304898	8101
1787820574.711917883	s3-eth24	1312	4716
1787820574.711917883	s3-eth25	1562	4716
1787820574.711917883	s3-eth26	1312	4716
1787820574.711917883	s3-eth27	357442464	7800
1787820574.711917883	s3-eth28	1472	4806
1787820574.711917883	s3-eth29	1562	4736
1787820574.711917883	s3-eth3	3768662	1187018578
1787820574.711917883	s3-eth30	1472	4876
1787820574.711917883	s3-eth31	357565091	7947
1787820574.711917883	s3-eth32	1312	4716
1787820574.711917883	s3-eth33	1472	4696
1787820574.711917883	s3-eth34	1562	4806
1787820574.711917883	s3-eth4	1472	4786
1787820574.711917883	s3-eth5	1562	4806
1787820574.711917883	s3-eth6	1562	4806
1787820574.711917883	s3-eth7	4781	295052449
1787820574.711917883	s3-eth8	1562	4575
1787820574.711917883	s3-eth9	1562	4806
1787820574.711917883	s4-eth1	2141293690	35944
1787820574.711917883	s4-eth10	1562	4696
1787820574.711917883	s4-eth11	5081	346376617
1787820574.711917883	s4-eth12	1472	4716
1787820574.711917883	s4-eth13	1312	4696
1787820574.711917883	s4-eth14	1312	4716
1787820574.711917883	s4-eth15	4825	230492758
1787820574.711917883	s4-eth16	1312	4716
1787820574.711917883	s4-eth17	1472	4696
1787820574.711917883	s4-eth18	1312	4836
1787820574.711917883	s4-eth19	4776	71366168
1787820574.711917883	s4-eth2	9257	7227
1787820574.711917883	s4-eth20	1562	4716
1787820574.711917883	s4-eth21	1472	4716
1787820574.711917883	s4-eth22	1472	4696
1787820574.711917883	s4-eth23	4697	356608772
1787820574.711917883	s4-eth24	1472	4716
1787820574.711917883	s4-eth25	1472	4716
1787820574.711917883	s4-eth26	1312	4766
1787820574.711917883	s4-eth27	4396	356653960
1787820574.711917883	s4-eth28	1472	4806
1787820574.711917883	s4-eth29	1312	4716
1787820574.711917883	s4-eth3	4750	69525031
1787820574.711917883	s4-eth30	1312	4716
1787820574.711917883	s4-eth31	4770	356815525
1787820574.711917883	s4-eth32	1312	4716
1787820574.711917883	s4-eth33	1312	4766
1787820574.711917883	s4-eth34	1472	4696
1787820574.711917883	s4-eth4	1472	4696
1787820574.711917883	s4-eth5	1312	4696
1787820574.711917883	s4-eth6	1312	4806
1787820574.711917883	s4-eth7	4778	347245242
1787820574.711917883	s4-eth8	1312	4716
1787820574.711917883	s4-eth9	1312	4836
1787820574.711917883	s5-eth1	4388147627	3798778
1787820574.711917883	s5-eth2	1028484283	1945531541
1787820574.711917883	s5-eth3	3799822	3087650148
1787820574.711917883	s5-eth4	9430	7430
1787820574.711917883	s6-eth1	9257	9327
1787820574.711917883	s6-eth2	9257	9159
1787820574.711917883	s6-eth3	9257	7430
1787820574.711917883	s6-eth4	9555	9257
1787820574.711917883	s7-eth1	1154139165	2004800369
1787820574.711917883	s7-eth2	35944	2149794280
1787820574.711917883	s7-eth3	3042454580	3797792
1787820574.711917883	s7-eth4	9332	9257
1787820574.711917883	s8-eth1	9257	9257
1787820574.711917883	s8-eth2	7227	9257
1787820574.711917883	s8-eth3	9257	7430
1787820574.711917883	s8-eth4	9430	9257
1787820574.711917883	s9-eth1	3091588250	3799822
1787820574.711917883	s9-eth2	7430	9257
1787820574.711917883	s9-eth3	3797792	3045458266
1787820574.711917883	s9-eth4	7430	9257
1787820588.710706654	s10-eth1	7457	9458
1787820588.710706654	s10-eth2	9284	9583
1787820588.710706654	s10-eth3	9284	9360
1787820588.710706654	s10-eth4	9284	9458
1787820588.710706654	s1-eth1	3798805	4409944926
1787820588.710706654	s1-eth10	1562	4806
1787820588.710706654	s1-eth11	362252326	8127
1787820588.710706654	s1-eth12	1472	4806
1787820588.710706654	s1-eth13	1472	4806
1787820588.710706654	s1-eth14	1562	4806
1787820588.710706654	s1-eth15	238194218	7935
1787820588.710706654	s1-eth16	1472	4826
1787820588.710706654	s1-eth17	1562	4806
1787820588.710706654	s1-eth18	1562	4716
1787820588.710706654	s1-eth19	1449038179	7967
1787820588.710706654	s1-eth2	9354	9284
1787820588.710706654	s1-eth20	1472	4806
1787820588.710706654	s1-eth21	1562	4806
1787820588.710706654	s1-eth22	1562	4806
1787820588.710706654	s1-eth23	362371494	7893
1787820588.710706654	s1-eth24	1472	4806
1787820588.710706654	s1-eth25	1562	4806
1787820588.710706654	s1-eth26	1562	4716
1787820588.710706654	s1-eth27	362574673	8041
1787820588.710706654	s1-eth28	1562	4806
1787820588.710706654	s1-eth29	1472	4716
1787820588.710706654	s1-eth3	1662271264	3772192
1787820588.710706654	s1-eth30	1562	4716
1787820588.710706654	s1-eth31	362890398	7895
1787820588.710706654	s1-eth32	1562	4716
1787820588.710706654	s1-eth33	1562	4716
1787820588.710706654	s1-eth34	1562	4716
1787820588.710706654	s1-eth4	1758	5002
1787820588.710706654	s1-eth5	1562	4716
1787820588.710706654	s1-eth6	1562	4806
1787820588.710706654	s1-eth7	363103098	8025
1787820588.710706654	s1-eth8	1562	4716
1787820588.710706654	s1-eth9	1472	4716
1787820588.710706654	s2-eth1	1958976776	1037404522
1787820588.710706654	s2-eth10	1472	4806
1787820588.710706654	s2-eth11	363312547	8325
1787820588.710706654	s2-eth12	1472	4806
1787820588.710706654	s2-eth13	1472	4806
1787820588.710706654	s2-eth14	1562	4806
1787820588.710706654	s2-eth15	238189930	8069
1787820588.710706654	s2-eth16	1562	4806
1787820588.710706654	s2-eth17	1562	4806
1787820588.710706654	s2-eth18	1562	4806
1787820588.710706654	s2-eth19	4633	1019764806
1787820588.710706654	s2-eth2	9186	9284
1787820588.710706654	s2-eth20	1562	4806
1787820588.710706654	s2-eth21	1472	4716
1787820588.710706654	s2-eth22	1562	4806
1787820588.710706654	s2-eth23	4719	306350154
1787820588.710706654	s2-eth24	1472	4806
1787820588.710706654	s2-eth25	1562	4806
1787820588.710706654	s2-eth26	1472	4806
1787820588.710706654	s2-eth27	4707	306585147
1787820588.710706654	s2-eth28	1562	4806
1787820588.710706654	s2-eth29	1472	4806
1787820588.710706654	s2-eth3	72850013	8244
1787820588.710706654	s2-eth30	1472	4911
1787820588.710706654	s2-eth31	4651	306391846
1787820588.710706654	s2-eth32	1472	4716
1787820588.710706654	s2-eth33	1562	4806
1787820588.710706654	s2-eth34	1562	4716
1787820588.710706654	s2-eth4	1562	4806
1787820588.710706654	s2-eth5	1472	4806
1787820588.710706654	s2-eth6	1562	4716
1787820588.710706654	s2-eth7	364621092	8112
1787820588.710706654	s2-eth8	1562	4716
1787820588.710706654	s2-eth9	1472	4806
1787820588.710706654	s3-eth1	2018875785	1170973127
1787820588.710706654	s3-eth10	1542	4806
1787820588.710706654	s3-eth11	4633	299542923
1787820588.710706654	s3-eth12	1312	4716
1787820588.710706654	s3-eth13	1472	4806
1787820588.710706654	s3-eth14	1562	4716
1787820588.710706654	s3-eth15	4671	208864033
1787820588.710706654	s3-eth16	1472	4716
1787820588.710706654	s3-eth17	1472	4716
1787820588.710706654	s3-eth18	1312	4806
1787820588.710706654	s3-eth19	73055812	8000
1787820588.710706654	s3-eth2	9311	9311
1787820588.710706654	s3-eth20	1562	4696
1787820588.710706654	s3-eth21	1472	4696
1787820588.710706654	s3-eth22	1312	4716
1787820588.710706654	s3-eth23	365420474	8101
1787820588.710706654	s3-eth24	1312	4716
1787820588.710706654	s3-eth25	1562	4716
1787820588.710706654	s3-eth26	1312	4716
1787820588.710706654	s3-eth27	365612836	7800
1787820588.710706654	s3-eth28	1472	4806
1787820588.710706654	s3-eth29	1562	4736
1787820588.710706654	s3-eth3	3768662	1196085874
1787820588.710706654	s3-eth30	1472	4876
1787820588.710706654	s3-eth31	365765745	7947
1787820588.710706654	s3-eth32	1312	4716
1787820588.710706654	s3-eth33	1472	4696
1787820588.710706654	s3-eth34	1562	4806
1787820588.710706654	s3-eth4	1472	4786
1787820588.710706654	s3-eth5	1562	4806
1787820588.710706654	s3-eth6	1562	4806
1787820588.710706654	s3-eth7	4781	301059821
1787820588.710706654	s3-eth8	1562	4575
1787820588.710706654	s3-eth9	1562	4806
1787820588.710706654	s4-eth1	2185707344	35998
1787820588.710706654	s4-eth10	1562	4696
1787820588.710706654	s4-eth11	5081	354476331
1787820588.710706654	s4-eth12	1472	4716
1787820588.710706654	s4-eth13	1312	4696
1787820588.710706654	s4-eth14	1312	4716
1787820588.710706654	s4-eth15	4825	230492758
1787820588.710706654	s4-eth16	1312	4716
1787820588.710706654	s4-eth17	1472	4696
1787820588.710706654	s4-eth18	1312	4836
1787820588.710706654	s4-eth19	4776	73142712
1787820588.710706654	s4-eth2	9311	7281
1787820588.710706654	s4-eth20	1562	4716
1787820588.710706654	s4-eth21	1472	4716
1787820588.710706654	s4-eth22	1472	4696
1787820588.710706654	s4-eth23	4697	365702024
1787820588.710706654	s4-eth24	1472	4716
1787820588.710706654	s4-eth25	1472	4716
1787820588.710706654	s4-eth26	1312	4766
1787820588.710706654	s4-eth27	4396	365846710
1787820588.710706654	s4-eth28	1472	4806
1787820588.710706654	s4-eth29	1312	4716
1787820588.710706654	s4-eth3	4750	71334741
1787820588.710706654	s4-eth30	1312	4716
1787820588.710706654	s4-eth31	4770	366073165
1787820588.710706654	s4-eth32	1312	4716
1787820588.710706654	s4-eth33	1312	4766
1787820588.710706654	s4-eth34	1472	4696
1787820588.710706654	s4-eth4	1472	4696
1787820588.710706654	s4-eth5	1312	4696
1787820588.710706654	s4-eth6	1312	4806
1787820588.710706654	s4-eth7	4778	356355798
1787820588.710706654	s4-eth8	1312	4716
1787820588.710706654	s4-eth9	1312	4836
1787820588.710706654	s5-eth1	4449343304	3798859
1787820588.710706654	s5-eth2	1049024212	1975760268
1787820588.710706654	s5-eth3	3799903	3131621135
1787820588.710706654	s5-eth4	9514	7511
1787820588.710706654	s6-eth1	9338	9408
1787820588.710706654	s6-eth2	9338	9240
1787820588.710706654	s6-eth3	9338	7511
1787820588.710706654	s6-eth4	9639	9338
1787820588.710706654	s7-eth1	1183825700	2027550884
1787820588.710706654	s7-eth2	36025	2198903113
1787820588.710706654	s7-eth3	3085204193	3797873
1787820588.710706654	s7-eth4	9416	9338
1787820588.710706654	s8-eth1	9338	9338
1787820588.710706654	s8-eth2	7308	9338
1787820588.710706654	s8-eth3	9338	7511
1787820588.710706654	s8-eth4	9514	9338
1787820588.710706654	s9-eth1	3133194357	3799903
1787820588.710706654	s9-eth2	7511	9338
1787820588.710706654	s9-eth3	3797873	3086246759
1787820588.710706654	s9-eth4	7511	9338
1787820602.187241236	s10-eth1	7511	9514
1787820602.187241236	s10-eth2	9338	9639
1787820602.187241236	s10-eth3	9338	9416
1787820602.187241236	s10-eth4	9338	9514
1787820602.187241236	s1-eth1	3798859	4462387636
1787820602.187241236	s1-eth10	1562	4806
1787820602.187241236	s1-eth11	370803386	8127
1787820602.187241236	s1-eth12	1472	4806
1787820602.187241236	s1-eth13	1472	4806
1787820602.187241236	s1-eth14	1562	4806
1787820602.187241236	s1-eth15	238194218	7935
1787820602.187241236	s1-eth16	1472	4826
1787820602.187241236	s1-eth17	1562	4806
1787820602.187241236	s1-eth18	1562	4716
1787820602.187241236	s1-eth19	1484462351	7967
1787820602.187241236	s1-eth2	9435	9365
1787820602.187241236	s1-eth20	1472	4806
1787820602.187241236	s1-eth21	1562	4806
1787820602.187241236	s1-eth22	1562	4806
1787820602.187241236	s1-eth23	371479166	7893
1787820602.187241236	s1-eth24	1472	4806
1787820602.187241236	s1-eth25	1562	4806
1787820602.187241236	s1-eth26	1562	4716
1787820602.187241236	s1-eth27	371679461	8041
1787820602.187241236	s1-eth28	1562	4806
1787820602.187241236	s1-eth29	1472	4716
1787820602.187241236	s1-eth3	1698354430	3772192
1787820602.187241236	s1-eth30	1562	4716
1787820602.187241236	s1-eth31	371933180	7895
1787820602.187241236	s1-eth32	1562	4716
1787820602.187241236	s1-eth33	1562	4716
1787820602.187241236	s1-eth34	1562	4716
1787820602.187241236	s1-eth4	1758	5002
1787820602.187241236	s1-eth5	1562	4716
1787820602.187241236	s1-eth6	1562	4806
1787820602.187241236	s1-eth7	372189140	8025
1787820602.187241236	s1-eth8	1562	4716
1787820602.187241236	s1-eth9	1472	4716
1787820602.187241236	s2-eth1	1985754797	1057462823
1787820602.187241236	s2-eth10	1472	4806
1787820602.187241236	s2-eth11	372483667	8325
1787820602.187241236	s2-eth12	1472	4806
1787820602.187241236	s2-eth13	1472	4806
1787820602.187241236	s2-eth14	1562	4806
1787820602.187241236	s2-eth15	238189930	8069
1787820602.187241236	s2-eth16	1562	4806
1787820602.187241236	s2-eth17	1562	4806
1787820602.187241236	s2-eth18	1562	4806
1787820602.187241236	s2-eth19	4633	1027655430
1787820602.187241236	s2-eth2	9267	9365
1787820602.187241236	s2-eth20	1562	4806
1787820602.187241236	s2-eth21	1472	4716
1787820602.187241236	s2-eth22	1562	4806
1787820602.187241236	s2-eth23	4719	312627180
1787820602.187241236	s2-eth24	1472	4806
1787820602.187241236	s2-eth25	1562	4806
1787820602.187241236	s2-eth26	1472	4806
1787820602.187241236	s2-eth27	4707	312611265
1787820602.187241236	s2-eth28	1562	4806
1787820602.187241236	s2-eth29	1472	4806
1787820602.187241236	s2-eth3	74643861	8244
1787820602.187241236	s2-eth30	1472	4911
1787820602.187241236	s2-eth31	4651	312175708
1787820602.187241236	s2-eth32	1472	4716
1787820602.187241236	s2-eth33	1562	4806
1787820602.187241236	s2-eth34	1562	4716
1787820602.187241236	s2-eth4	1562	4806
1787820602.187241236	s2-eth5	1472	4806
1787820602.187241236	s2-eth6	1562	4716
1787820602.187241236	s2-eth7	373092842	8112
1787820602.187241236	s2-eth8	1562	4716
1787820602.187241236	s2-eth9	1472	4806
1787820602.187241236	s3-eth1	2036352879	1197459837
1787820602.187241236	s3-eth10	1542	4806
1787820602.187241236	s3-eth11	4633	304878323
1787820602.187241236	s3-eth12	1312	4716
1787820602.187241236	s3-eth13	1472	4806
1787820602.187241236	s3-eth14	1562	4716
1787820602.187241236	s3-eth15	4671	208864033
1787820602.187241236	s3-eth16	1472	4716
1787820602.187241236	s3-eth17	1472	4716
1787820602.187241236	s3-eth18	1312	4806
1787820602.187241236	s3-eth19	74630476	8000
1787820602.187241236	s3-eth2	9365	9365
1787820602.187241236	s3-eth20	1562	4696
1787820602.187241236	s3-eth21	1472	4696
1787820602.187241236	s3-eth22	1312	4716
1787820602.187241236	s3-eth23	373133732	8101
1787820602.187241236	s3-eth24	1312	4716
1787820602.187241236	s3-eth25	1562	4716
1787820602.187241236	s3-eth26	1312	4716
1787820602.187241236	s3-eth27	373158822	7800
1787820602.187241236	s3-eth28	1472	4806
1787820602.187241236	s3-eth29	1562	4736
1787820602.187241236	s3-eth3	3768662	1201644784
1787820602.187241236	s3-eth30	1472	4876
1787820602.187241236	s3-eth31	373164647	7947
1787820602.187241236	s3-eth32	1312	4716
1787820602.187241236	s3-eth33	1472	4696
1787820602.187241236	s3-eth34	1562	4806
1787820602.187241236	s3-eth4	1472	4786
1787820602.187241236	s3-eth5	1562	4806
1787820602.187241236	s3-eth6	1562	4806
1787820602.187241236	s3-eth7	4781	305812653
1787820602.187241236	s3-eth8	1562	4575
1787820602.187241236	s3-eth9	1562	4806
1787820602.187241236	s4-eth1	2224378954	36052
1787820602.187241236	s4-eth10	1562	4696
1787820602.187241236	s4-eth11	5081	361511849
1787820602.187241236	s4-eth12	1472	4716
1787820602.187241236	s4-eth13	1312	4696
1787820602.187241236	s4-eth14	1312	4716
1787820602.187241236	s4-eth15	4825	230492758
1787820602.187241236	s4-eth16	1312	4716
1787820602.187241236	s4-eth17	1472	4696
1787820602.187241236	s4-eth18	1312	4836
1787820602.187241236	s4-eth19	4776	74465026
1787820602.187241236	s4-eth2	9365	7335
1787820602.187241236	s4-eth20	1562	4716
1787820602.187241236	s4-eth21	1472	4716
1787820602.187241236	s4-eth22	1472	4696
1787820602.187241236	s4-eth23	4697	372071338
1787820602.187241236	s4-eth24	1472	4716
1787820602.187241236	s4-eth25	1472	4716
1787820602.187241236	s4-eth26	1312	4766
1787820602.187241236	s4-eth27	4396	372002608
1787820602.187241236	s4-eth28	1472	4806
1787820602.187241236	s4-eth29	1312	4716
1787820602.187241236	s4-eth3	4750	72525833
1787820602.187241236	s4-eth30	1312	4716
1787820602.187241236	s4-eth31	4770	371953641
1787820602.187241236	s4-eth32	1312	4716
1787820602.187241236	s4-eth33	1382	4766
1787820602.187241236	s4-eth34	1472	4696
1787820602.187241236	s4-eth4	1472	4766
1787820602.187241236	s4-eth5	1312	4696
1787820602.187241236	s4-eth6	1312	4806
1787820602.187241236	s4-eth7	4778	361895962
1787820602.187241236	s4-eth8	1312	4716
1787820602.187241236	s4-eth9	1312	4836
1787820602.187241236	s5-eth1	4481586478	3798913
1787820602.187241236	s5-eth2	1060991424	1991844390
1787820602.187241236	s5-eth3	3799957	3155797761
1787820602.187241236	s5-eth4	9570	7565
1787820602.187241236	s6-eth1	9392	9462
1787820602.187241236	s6-eth2	9392	9294
1787820602.187241236	s6-eth3	9392	7635
1787820602.187241236	s6-eth4	9695	9392
1787820602.187241236	s7-eth1	1200325118	2039398410
1787820602.187241236	s7-eth2	36079	2226664551
1787820602.187241236	s7-eth3	3108453613	3797927
1787820602.187241236	s7-eth4	9472	9392
1787820602.187241236	s8-eth1	9392	9462
1787820602.187241236	s8-eth2	7362	9392
1787820602.187241236	s8-eth3	9392	7565
1787820602.187241236	s8-eth4	9570	9392
1787820602.187241236	s9-eth1	3156285157	3799957
1787820602.187241236	s9-eth2	7635	9392
1787820602.187241236	s9-eth3	3797927	3108903517
1787820602.187241236	s9-eth4	7565	9392
1787820609.910949750	s10-eth1	7565	9570
1787820609.910949750	s10-eth2	9392	9695
1787820609.910949750	s10-eth3	9392	9472
1787820609.910949750	s10-eth4	9392	9570
1787820609.910949750	s1-eth1	3798913	4501574040
1787820609.910949750	s1-eth10	1562	4806
1787820609.910949750	s1-eth11	375612456	8127
1787820609.910949750	s1-eth12	1472	4806
1787820609.910949750	s1-eth13	1472	4806
1787820609.910949750	s1-eth14	1562	4806
1787820609.910949750	s1-eth15	238194218	7935
1787820609.910949750	s1-eth16	1472	4826
1787820609.910949750	s1-eth17	1632	4806
1787820609.910949750	s1-eth18	1562	4716
1787820609.910949750	s1-eth19	1502216255	7967
1787820609.910949750	s1-eth2	9462	9392
1787820609.910949750	s1-eth20	1472	4806
1787820609.910949750	s1-eth21	1562	4806
1787820609.910949750	s1-eth22	1562	4806
1787820609.910949750	s1-eth23	375603286	7893
1787820609.910949750	s1-eth24	1472	4806
1787820609.910949750	s1-eth25	1562	4806
1787820609.910949750	s1-eth26	1562	4716
1787820609.910949750	s1-eth27	375580071	8041
1787820609.910949750	s1-eth28	1562	4806
1787820609.910949750	s1-eth29	1472	4716
1787820609.910949750	s1-eth3	1713659818	3772192
1787820609.910949750	s1-eth30	1562	4716
1787820609.910949750	s1-eth31	375613164	7895
1787820609.910949750	s1-eth32	1562	4716
1787820609.910949750	s1-eth33	1562	4716
1787820609.910949750	s1-eth34	1562	4716
1787820609.910949750	s1-eth4	1758	5002
1787820609.910949750	s1-eth5	1562	4716
1787820609.910949750	s1-eth6	1562	4806
1787820609.910949750	s1-eth7	375671570	8025
1787820609.910949750	s1-eth8	1562	4716
1787820609.910949750	s1-eth9	1472	4716
1787820609.910949750	s2-eth1	2003145344	1064828586
1787820609.910949750	s2-eth10	1542	4806
1787820609.910949750	s2-eth11	375738261	8325
1787820609.910949750	s2-eth12	1472	4806
1787820609.910949750	s2-eth13	1472	4806
1787820609.910949750	s2-eth14	1562	4806
1787820609.910949750	s2-eth15	238189930	8069
1787820609.910949750	s2-eth16	1562	4806
1787820609.910949750	s2-eth17	1562	4806
1787820609.910949750	s2-eth18	1562	4806
1787820609.910949750	s2-eth19	4633	1035521540
1787820609.910949750	s2-eth2	9294	9392
1787820609.910949750	s2-eth20	1562	4806
1787820609.910949750	s2-eth21	1542	4716
1787820609.910949750	s2-eth22	1562	4806
1787820609.910949750	s2-eth23	4719	315453500
1787820609.910949750	s2-eth24	1472	4806
1787820609.910949750	s2-eth25	1562	4806
1787820609.910949750	s2-eth26	1472	4806
1787820609.910949750	s2-eth27	4707	315427491
1787820609.910949750	s2-eth28	1562	4806
1787820609.910949750	s2-eth29	1472	4806
1787820609.910949750	s2-eth3	75269689	8244
1787820609.910949750	s2-eth30	1472	4911
1787820609.910949750	s2-eth31	4651	315102968
1787820609.910949750	s2-eth32	1472	4716
1787820609.910949750	s2-eth33	1562	4806
1787820609.910949750	s2-eth34	1562	4716
1787820609.910949750	s2-eth4	1562	4806
1787820609.910949750	s2-eth5	1472	4806
1787820609.910949750	s2-eth6	1562	4716
1787820609.910949750	s2-eth7	376425304	8182
1787820609.910949750	s2-eth8	1562	4716
1787820609.910949750	s2-eth9	1472	4806
1787820609.910949750	s3-eth1	2052116850	1208371478
1787820609.910949750	s3-eth10	1542	4806
1787820609.910949750	s3-eth11	4633	308063701
1787820609.910949750	s3-eth12	1312	4716
1787820609.910949750	s3-eth13	1472	4806
1787820609.910949750	s3-eth14	1632	4716
1787820609.910949750	s3-eth15	4671	208864033
1787820609.910949750	s3-eth16	1472	4716
1787820609.910949750	s3-eth17	1472	4716
1787820609.910949750	s3-eth18	1312	4806
1787820609.910949750	s3-eth19	75360128	8000
1787820609.910949750	s3-eth2	9462	9392
1787820609.910949750	s3-eth20	1562	4696
1787820609.910949750	s3-eth21	1472	4696
1787820609.910949750	s3-eth22	1312	4716
1787820609.910949750	s3-eth23	376937728	8101
1787820609.910949750	s3-eth24	1312	4716
1787820609.910949750	s3-eth25	1562	4716
1787820609.910949750	s3-eth26	1312	4716
1787820609.910949750	s3-eth27	376968586	7800
1787820609.910949750	s3-eth28	1472	4806
1787820609.910949750	s3-eth29	1562	4736
1787820609.910949750	s3-eth3	3768662	1211953642
1787820609.910949750	s3-eth30	1472	4876
1787820609.910949750	s3-eth31	376971527	7947
1787820609.910949750	s3-eth32	1312	4716
1787820609.910949750	s3-eth33	1472	4696
1787820609.910949750	s3-eth34	1632	4806
1787820609.910949750	s3-eth4	1472	4786
1787820609.910949750	s3-eth5	1562	4806
1787820609.910949750	s3-eth6	1562	4806
1787820609.910949750	s3-eth7	4781	309202795
1787820609.910949750	s3-eth8	1562	4575
1787820609.910949750	s3-eth9	1562	4806
1787820609.910949750	s4-eth1	2244153154	36106
1787820609.910949750	s4-eth10	1562	4696
1787820609.910949750	s4-eth11	5081	364936669
1787820609.910949750	s4-eth12	1472	4716
1787820609.910949750	s4-eth13	1312	4696
1787820609.910949750	s4-eth14	1312	4716
1787820609.910949750	s4-eth15	4825	230492758
1787820609.910949750	s4-eth16	1382	4716
1787820609.910949750	s4-eth17	1472	4696
1787820609.910949750	s4-eth18	1312	4836
1787820609.910949750	s4-eth19	4776	75197562
1787820609.910949750	s4-eth2	9419	7389
1787820609.910949750	s4-eth20	1562	4786
1787820609.910949750	s4-eth21	1472	4716
1787820609.910949750	s4-eth22	1542	4696
1787820609.910949750	s4-eth23	4697	375840726
1787820609.910949750	s4-eth24	1472	4716
1787820609.910949750	s4-eth25	1472	4716
1787820609.910949750	s4-eth26	1312	4766
1787820609.910949750	s4-eth27	4396	375900334
1787820609.910949750	s4-eth28	1472	4806
1787820609.910949750	s4-eth29	1382	4716
1787820609.910949750	s4-eth3	4750	73291535
1787820609.910949750	s4-eth30	1312	4716
1787820609.910949750	s4-eth31	4770	375816759
1787820609.910949750	s4-eth32	1312	4716
1787820609.910949750	s4-eth33	1382	4766
1787820609.910949750	s4-eth34	1472	4696
1787820609.910949750	s4-eth4	1472	4766
1787820609.910949750	s4-eth5	1312	4696
1787820609.910949750	s4-eth6	1312	4806
1787820609.910949750	s4-eth7	4778	365720146
1787820609.910949750	s4-eth8	1312	4716
1787820609.910949750	s4-eth9	1312	4836
1787820609.910949750	s5-eth1	4531397511	3798940
1787820609.910949750	s5-eth2	1070249091	2015470145
1787820609.910949750	s5-eth3	3799984	3185195842
1787820609.910949750	s5-eth4	9598	7592
1787820609.910949750	s6-eth1	9419	9489
1787820609.910949750	s6-eth2	9419	9321
1787820609.910949750	s6-eth3	9419	7662
1787820609.910949750	s6-eth4	9723	9419
1787820609.910949750	s7-eth1	1214649973	2059783991
1787820609.910949750	s7-eth2	36106	2250871432
1787820609.910949750	s7-eth3	3139218710	3797954
1787820609.910949750	s7-eth4	9500	9419
1787820609.910949750	s8-eth1	9419	9489
1787820609.910949750	s8-eth2	7389	9419
1787820609.910949750	s8-eth3	9419	7592
1787820609.910949750	s8-eth4	9598	9419
1787820609.910949750	s9-eth1	3188079842	3799984
1787820609.910949750	s9-eth2	7662	9419
1787820609.910949750	s9-eth3	3797954	3140611682
1787820609.910949750	s9-eth4	7592	9419
1787820617.552991907	s10-eth1	7619	9626
1787820617.552991907	s10-eth2	9446	9751
1787820617.552991907	s10-eth3	9446	9528
1787820617.552991907	s10-eth4	9446	9626
1787820617.552991907	s1-eth1	3798967	4547348915
1787820617.552991907	s1-eth10	1562	4806
1787820617.552991907	s1-eth11	380796446	8127
1787820617.552991907	s1-eth12	1472	4806
1787820617.552991907	s1-eth13	1472	4806
1787820617.552991907	s1-eth14	1562	4806
1787820617.552991907	s1-eth15	238194218	7935
1787820617.552991907	s1-eth16	1472	4826
1787820617.552991907	s1-eth17	1632	4806
1787820617.552991907	s1-eth18	1562	4716
1787820617.552991907	s1-eth19	1524270203	7967
1787820617.552991907	s1-eth2	9516	9446
1787820617.552991907	s1-eth20	1472	4806
1787820617.552991907	s1-eth21	1562	4806
1787820617.552991907	s1-eth22	1562	4806
1787820617.552991907	s1-eth23	381121820	7893
1787820617.552991907	s1-eth24	1472	4806
1787820617.552991907	s1-eth25	1562	4806
1787820617.552991907	s1-eth26	1562	4716
1787820617.552991907	s1-eth27	381088511	8041
1787820617.552991907	s1-eth28	1562	4806
1787820617.552991907	s1-eth29	1472	4716
1787820617.552991907	s1-eth3	1735712324	3772192
1787820617.552991907	s1-eth30	1562	4716
1787820617.552991907	s1-eth31	381172074	7895
1787820617.552991907	s1-eth32	1562	4716
1787820617.552991907	s1-eth33	1562	4716
1787820617.552991907	s1-eth34	1562	4716
1787820617.552991907	s1-eth4	1758	5002
1787820617.552991907	s1-eth5	1562	4716
1787820617.552991907	s1-eth6	1562	4806
1787820617.552991907	s1-eth7	381517438	8025
1787820617.552991907	s1-eth8	1562	4716
1787820617.552991907	s1-eth9	1472	4716
1787820617.552991907	s2-eth1	2025316148	1078064758
1787820617.552991907	s2-eth10	1542	4806
1787820617.552991907	s2-eth11	381777357	8325
1787820617.552991907	s2-eth12	1472	4806
1787820617.552991907	s2-eth13	1472	4806
1787820617.552991907	s2-eth14	1562	4806
1787820617.552991907	s2-eth15	238189930	8069
1787820617.552991907	s2-eth16	1562	4806
1787820617.552991907	s2-eth17	1562	4806
1787820617.552991907	s2-eth18	1562	4806
1787820617.552991907	s2-eth19	4633	1044640748
1787820617.552991907	s2-eth2	9348	9446
1787820617.552991907	s2-eth20	1562	4806
1787820617.552991907	s2-eth21	1542	4716
1787820617.552991907	s2-eth22	1562	4806
1787820617.552991907	s2-eth23	4719	319584830
1787820617.552991907	s2-eth24	1472	4806
1787820617.552991907	s2-eth25	1562	4806
1787820617.552991907	s2-eth26	1472	4806
1787820617.552991907	s2-eth27	4707	319408853
1787820617.552991907	s2-eth28	1562	4806
1787820617.552991907	s2-eth29	1472	4806
1787820617.552991907	s2-eth3	76408869	8244
1787820617.552991907	s2-eth30	1472	4911
1787820617.552991907	s2-eth31	4651	318940130
1787820617.552991907	s2-eth32	1472	4716
1787820617.552991907	s2-eth33	1562	4806
1787820617.552991907	s2-eth34	1562	4716
1787820617.552991907	s2-eth4	1562	4806
1787820617.552991907	s2-eth5	1472	4806
1787820617.552991907	s2-eth6	1562	4716
1787820617.552991907	s2-eth7	381868854	8182
1787820617.552991907	s2-eth8	1562	4716
1787820617.552991907	s2-eth9	1472	4806
1787820617.552991907	s3-eth1	2066349444	1225521238
1787820617.552991907	s3-eth10	1542	4806
1787820617.552991907	s3-eth11	4633	311537479
1787820617.552991907	s3-eth12	1312	4716
1787820617.552991907	s3-eth13	1472	4806
1787820617.552991907	s3-eth14	1632	4716
1787820617.552991907	s3-eth15	4671	208864033
1787820617.552991907	s3-eth16	1472	4716
1787820617.552991907	s3-eth17	1472	4716
1787820617.552991907	s3-eth18	1312	4806
1787820617.552991907	s3-eth19	76396926	8000
1787820617.552991907	s3-eth2	9516	9446
1787820617.552991907	s3-eth20	1562	4696
1787820617.552991907	s3-eth21	1472	4696
1787820617.552991907	s3-eth22	1312	4716
1787820617.552991907	s3-eth23	382143348	8101
1787820617.552991907	s3-eth24	1312	4716
1787820617.552991907	s3-eth25	1562	4716
1787820617.552991907	s3-eth26	1312	4716
1787820617.552991907	s3-eth27	382316964	7800
1787820617.552991907	s3-eth28	1472	4806
1787820617.552991907	s3-eth29	1562	4736
1787820617.552991907	s3-eth3	3768662	1218181640
1787820617.552991907	s3-eth30	1472	4876
1787820617.552991907	s3-eth31	382373259	7947
1787820617.552991907	s3-eth32	1312	4716
1787820617.552991907	s3-eth33	1472	4696
1787820617.552991907	s3-eth34	1632	4806
1787820617.552991907	s3-eth4	1472	4786
1787820617.552991907	s3-eth5	1562	4806
1787820617.552991907	s3-eth6	1562	4806
1787820617.552991907	s3-eth7	4781	312685225
1787820617.552991907	s3-eth8	1562	4575
1787820617.552991907	s3-eth9	1562	4806
1787820617.552991907	s4-eth1	2274119383	36133
1787820617.552991907	s4-eth10	1562	4696
1787820617.552991907	s4-eth11	5081	370207179
1787820617.552991907	s4-eth12	1472	4716
1787820617.552991907	s4-eth13	1312	4696
1787820617.552991907	s4-eth14	1312	4716
1787820617.552991907	s4-eth15	4825	230492758
1787820617.552991907	s4-eth16	1382	4716
1787820617.552991907	s4-eth17	1472	4696
1787820617.552991907	s4-eth18	1312	4836
1787820617.552991907	s4-eth19	4776	76247338
1787820617.552991907	s4-eth2	9446	7416
1787820617.552991907	s4-eth20	1562	4786
1787820617.552991907	s4-eth21	1472	4716
1787820617.552991907	s4-eth22	1542	4696
1787820617.552991907	s4-eth23	4697	381197756
1787820617.552991907	s4-eth24	1472	4716
1787820617.552991907	s4-eth25	1472	4716
1787820617.552991907	s4-eth26	1312	4766
1787820617.552991907	s4-eth27	4396	381303508
1787820617.552991907	s4-eth28	1472	4806
1787820617.552991907	s4-eth29	1382	4716
1787820617.552991907	s4-eth3	4750	74383129
1787820617.552991907	s4-eth30	1312	4716
1787820617.552991907	s4-eth31	4770	381391531
1787820617.552991907	s4-eth32	1312	4716
1787820617.552991907	s4-eth33	1382	4766
1787820617.552991907	s4-eth34	1472	4696
1787820617.552991907	s4-eth4	1472	4766
1787820617.552991907	s4-eth5	1312	4696
1787820617.552991907	s4-eth6	1312	4806
1787820617.552991907	s4-eth7	4778	371245890
1787820617.552991907	s4-eth8	1312	4716
1787820617.552991907	s4-eth9	1312	4836
1787820617.552991907	s5-eth1	4564221784	3798994
1787820617.552991907	s5-eth2	1082618621	2031237027
1787820617.552991907	s5-eth3	3800038	3209734410
1787820617.552991907	s5-eth4	9654	7646
1787820617.552991907	s6-eth1	9473	9543
1787820617.552991907	s6-eth2	9473	9375
1787820617.552991907	s6-eth3	9473	7716
1787820617.552991907	s6-eth4	9779	9473
1787820617.552991907	s7-eth1	1232754337	2071193149
1787820617.552991907	s7-eth2	36160	2281287592
1787820617.552991907	s7-eth3	3163259788	3798008
1787820617.552991907	s7-eth4	9556	9473
1787820617.552991907	s8-eth1	9473	9543
1787820617.552991907	s8-eth2	7443	9473
1787820617.552991907	s8-eth3	9473	7646
1787820617.552991907	s8-eth4	9654	9473
1787820617.552991907	s9-eth1	3212435276	3800038
1787820617.552991907	s9-eth2	7716	9473
1787820617.552991907	s9-eth3	3798008	3164628246
1787820617.552991907	s9-eth4	7646	9473
1787820626.279048936	s10-eth1	7646	9654
1787820626.279048936	s10-eth2	9473	9779
1787820626.279048936	s10-eth3	9473	9556
1787820626.279048936	s10-eth4	9473	9654
1787820626.279048936	s1-eth1	3798994	4576152892
1787820626.279048936	s1-eth10	1562	4806
1787820626.279048936	s1-eth11	386075608	8127
1787820626.279048936	s1-eth12	1472	4806
1787820626.279048936	s1-eth13	1472	4806
1787820626.279048936	s1-eth14	1562	4806
1787820626.279048936	s1-eth15	238194218	7935
1787820626.279048936	s1-eth16	1472	4826
1787820626.279048936	s1-eth17	1632	4806
1787820626.279048936	s1-eth18	1562	4716
1787820626.279048936	s1-eth19	1544844659	7967
1787820626.279048936	s1-eth2	9543	9473
1787820626.279048936	s1-eth20	1472	4806
1787820626.279048936	s1-eth21	1562	4806
1787820626.279048936	s1-eth22	1562	4806
1787820626.279048936	s1-eth23	386523552	7893
1787820626.279048936	s1-eth24	1472	4806
1787820626.279048936	s1-eth25	1562	4806
1787820626.279048936	s1-eth26	1562	4716
1787820626.279048936	s1-eth27	386710869	8041
1787820626.279048936	s1-eth28	1562	4806
1787820626.279048936	s1-eth29	1472	4716
1787820626.279048936	s1-eth3	1758358934	3772192
1787820626.279048936	s1-eth30	1562	4716
1787820626.279048936	s1-eth31	386788664	7895
1787820626.279048936	s1-eth32	1562	4716
1787820626.279048936	s1-eth33	1562	4716
1787820626.279048936	s1-eth34	1562	4716
1787820626.279048936	s1-eth4	1758	5002
1787820626.279048936	s1-eth5	1562	4716
1787820626.279048936	s1-eth6	1562	4806
1787820626.279048936	s1-eth7	386839860	8025
1787820626.279048936	s1-eth8	1562	4716
1787820626.279048936	s1-eth9	1472	4716
1787820626.279048936	s2-eth1	2038651818	1089365766
1787820626.279048936	s2-eth10	1542	4806
1787820626.279048936	s2-eth11	386874827	8325
1787820626.279048936	s2-eth12	1472	4806
1787820626.279048936	s2-eth13	1472	4806
1787820626.279048936	s2-eth14	1562	4806
1787820626.279048936	s2-eth15	238189930	8069
1787820626.279048936	s2-eth16	1562	4806
1787820626.279048936	s2-eth17	1562	4806
1787820626.279048936	s2-eth18	1562	4806
1787820626.279048936	s2-eth19	4633	1048180858
1787820626.279048936	s2-eth2	9402	9500
1787820626.279048936	s2-eth20	1562	4806
1787820626.279048936	s2-eth21	1542	4716
1787820626.279048936	s2-eth22	1562	4806
1787820626.279048936	s2-eth23	4719	322995160
1787820626.279048936	s2-eth24	1472	4806
1787820626.279048936	s2-eth25	1562	4806
1787820626.279048936	s2-eth26	1472	4806
1787820626.279048936	s2-eth27	4707	323026831
1787820626.279048936	s2-eth28	1562	4806
1787820626.279048936	s2-eth29	1472	4806
1787820626.279048936	s2-eth3	77558143	8244
1787820626.279048936	s2-eth30	1472	4911
1787820626.279048936	s2-eth31	4651	322832088
1787820626.279048936	s2-eth32	1472	4716
1787820626.279048936	s2-eth33	1562	4806
1787820626.279048936	s2-eth34	1562	4716
1787820626.279048936	s2-eth4	1562	4806
1787820626.279048936	s2-eth5	1472	4806
1787820626.279048936	s2-eth6	1562	4716
1787820626.279048936	s2-eth7	388042056	8182
1787820626.279048936	s2-eth8	1562	4716
1787820626.279048936	s2-eth9	1472	4806
1787820626.279048936	s3-eth1	2081566924	1245661706
1787820626.279048936	s3-eth10	1542	4806
1787820626.279048936	s3-eth11	4633	315690439
1787820626.279048936	s3-eth12	1312	4716
1787820626.279048936	s3-eth13	1472	4806
1787820626.279048936	s3-eth14	1632	4716
1787820626.279048936	s3-eth15	4671	208864033
1787820626.279048936	s3-eth16	1472	4716
1787820626.279048936	s3-eth17	1472	4716
1787820626.279048936	s3-eth18	1312	4806
1787820626.279048936	s3-eth19	77714914	8000
1787820626.279048936	s3-eth2	9570	9500
1787820626.279048936	s3-eth20	1562	4696
1787820626.279048936	s3-eth21	1472	4696
1787820626.279048936	s3-eth22	1312	4716
1787820626.279048936	s3-eth23	388819808	8101
1787820626.279048936	s3-eth24	1312	4716
1787820626.279048936	s3-eth25	1562	4716
1787820626.279048936	s3-eth26	1312	4716
1787820626.279048936	s3-eth27	389069850	7800
1787820626.279048936	s3-eth28	1472	4806
1787820626.279048936	s3-eth29	1562	4736
1787820626.279048936	s3-eth3	3768662	1226085242
1787820626.279048936	s3-eth30	1472	4876
1787820626.279048936	s3-eth31	389306395	7947
1787820626.279048936	s3-eth32	1312	4716
1787820626.279048936	s3-eth33	1472	4696
1787820626.279048936	s3-eth34	1632	4806
1787820626.279048936	s3-eth4	1472	4786
1787820626.279048936	s3-eth5	1562	4806
1787820626.279048936	s3-eth6	1562	4806
1787820626.279048936	s3-eth7	4781	317737993
1787820626.279048936	s3-eth8	1562	4575
1787820626.279048936	s3-eth9	1562	4806
1787820626.279048936	s4-eth1	2311533569	36187
1787820626.279048936	s4-eth10	1562	4696
1787820626.279048936	s4-eth11	5081	377197995
1787820626.279048936	s4-eth12	1472	4716
1787820626.279048936	s4-eth13	1312	4696
1787820626.279048936	s4-eth14	1312	4716
1787820626.279048936	s4-eth15	4825	230492758
1787820626.279048936	s4-eth16	1382	4716
1787820626.279048936	s4-eth17	1472	4696
1787820626.279048936	s4-eth18	1312	4836
1787820626.279048936	s4-eth19	4776	77713852
1787820626.279048936	s4-eth2	9527	7497
1787820626.279048936	s4-eth20	1562	4786
1787820626.279048936	s4-eth21	1472	4716
1787820626.279048936	s4-eth22	1542	4696
1787820626.279048936	s4-eth23	4697	388546188
1787820626.279048936	s4-eth24	1472	4716
1787820626.279048936	s4-eth25	1472	4716
1787820626.279048936	s4-eth26	1312	4766
1787820626.279048936	s4-eth27	4396	388499088
1787820626.279048936	s4-eth28	1472	4806
1787820626.279048936	s4-eth29	1382	4716
1787820626.279048936	s4-eth3	4750	75796289
1787820626.279048936	s4-eth30	1312	4716
1787820626.279048936	s4-eth31	4770	388502033
1787820626.279048936	s4-eth32	1312	4716
1787820626.279048936	s4-eth33	1382	4766
1787820626.279048936	s4-eth34	1472	4696
1787820626.279048936	s4-eth4	1472	4766
1787820626.279048936	s4-eth5	1312	4696
1787820626.279048936	s4-eth6	1312	4806
1787820626.279048936	s4-eth7	4778	378278524
1787820626.279048936	s4-eth8	1312	4716
1787820626.279048936	s4-eth9	1312	4836
1787820626.279048936	s5-eth1	4618367469	3799048
1787820626.279048936	s5-eth2	1098163435	2057704991
1787820626.279048936	s5-eth3	3800092	3244943778
1787820626.279048936	s5-eth4	9710	7700
1787820626.279048936	s6-eth1	9527	9597
1787820626.279048936	s6-eth2	9527	9429
1787820626.279048936	s6-eth3	9527	7770
1787820626.279048936	s6-eth4	9835	9527
1787820626.279048936	s7-eth1	1254656929	2090391991
1787820626.279048936	s7-eth2	36214	2317957706
1787820626.279048936	s7-eth3	3197439568	3798062
1787820626.279048936	s7-eth4	9612	9527
1787820626.279048936	s8-eth1	9527	9597
1787820626.279048936	s8-eth2	7497	9527
1787820626.279048936	s8-eth3	9527	7700
1787820626.279048936	s8-eth4	9710	9527
1787820626.279048936	s9-eth1	3247115430	3800092
1787820626.279048936	s9-eth2	7770	9527
1787820626.279048936	s9-eth3	3798062	3199247836
1787820626.279048936	s9-eth4	7700	9527
1787820636.902230863	s10-eth1	7700	9710
1787820636.902230863	s10-eth2	9527	9835
1787820636.902230863	s10-eth3	9527	9612
1787820636.902230863	s10-eth4	9527	9710
1787820636.902230863	s1-eth1	3799048	4638207947
1787820636.902230863	s1-eth10	1562	4806
1787820636.902230863	s1-eth11	393220718	8127
1787820636.902230863	s1-eth12	1472	4806
1787820636.902230863	s1-eth13	1472	4806
1787820636.902230863	s1-eth14	1562	4806
1787820636.902230863	s1-eth15	238194218	7935
1787820636.902230863	s1-eth16	1472	4826
1787820636.902230863	s1-eth17	1632	4806
1787820636.902230863	s1-eth18	1562	4716
1787820636.902230863	s1-eth19	1573864909	7967
1787820636.902230863	s1-eth2	9624	9554
1787820636.902230863	s1-eth20	1472	4806
1787820636.902230863	s1-eth21	1562	4806
1787820636.902230863	s1-eth22	1562	4806
1787820636.902230863	s1-eth23	393703270	7893
1787820636.902230863	s1-eth24	1472	4806
1787820636.902230863	s1-eth25	1562	4806
1787820636.902230863	s1-eth26	1562	4716
1787820636.902230863	s1-eth27	393819929	8041
1787820636.902230863	s1-eth28	1562	4806
1787820636.902230863	s1-eth29	1472	4716
1787820636.902230863	s1-eth3	1786787964	3772192
1787820636.902230863	s1-eth30	1562	4716
1787820636.902230863	s1-eth31	393926564	7895
1787820636.902230863	s1-eth32	1562	4716
1787820636.902230863	s1-eth33	1562	4716
1787820636.902230863	s1-eth34	1562	4716
1787820636.902230863	s1-eth4	1758	5002
1787820636.902230863	s1-eth5	1562	4716
1787820636.902230863	s1-eth6	1562	4806
1787820636.902230863	s1-eth7	394002274	8025
1787820636.902230863	s1-eth8	1562	4716
1787820636.902230863	s1-eth9	1472	4716
1787820636.902230863	s2-eth1	2071294426	1105297036
1787820636.902230863	s2-eth10	1542	4806
1787820636.902230863	s2-eth11	394128087	8325
1787820636.902230863	s2-eth12	1472	4806
1787820636.902230863	s2-eth13	1472	4806
1787820636.902230863	s2-eth14	1562	4806
1787820636.902230863	s2-eth15	238189930	8069
1787820636.902230863	s2-eth16	1562	4806
1787820636.902230863	s2-eth17	1562	4806
1787820636.902230863	s2-eth18	1562	4806
1787820636.902230863	s2-eth19	4633	1062423492
1787820636.902230863	s2-eth2	9456	9554
1787820636.902230863	s2-eth20	1562	4806
1787820636.902230863	s2-eth21	1542	4716
1787820636.902230863	s2-eth22	1562	4806
1787820636.902230863	s2-eth23	4719	329142406
1787820636.902230863	s2-eth24	1472	4806
1787820636.902230863	s2-eth25	1562	4806
1787820636.902230863	s2-eth26	1472	4806
1787820636.902230863	s2-eth27	4707	329021225
1787820636.902230863	s2-eth28	1562	4806
1787820636.902230863	s2-eth29	1472	4806
1787820636.902230863	s2-eth3	78966977	8244
1787820636.902230863	s2-eth30	1472	4911
1787820636.902230863	s2-eth31	4651	328577016
1787820636.902230863	s2-eth32	1472	4716
1787820636.902230863	s2-eth33	1562	4806
1787820636.902230863	s2-eth34	1562	4716
1787820636.902230863	s2-eth4	1562	4806
1787820636.902230863	s2-eth5	1472	4806
1787820636.902230863	s2-eth6	1562	4716
1787820636.902230863	s2-eth7	394924722	8182
1787820636.902230863	s2-eth8	1562	4716
1787820636.902230863	s2-eth9	1472	4806
1787820636.902230863	s3-eth1	2105031202	1267828184
1787820636.902230863	s3-eth10	1542	4806
1787820636.902230863	s3-eth11	4633	321490163
1787820636.902230863	s3-eth12	1312	4716
1787820636.902230863	s3-eth13	1472	4806
1787820636.902230863	s3-eth14	1632	4716
1787820636.902230863	s3-eth15	4671	208864103
1787820636.902230863	s3-eth16	1472	4716
1787820636.902230863	s3-eth17	1472	4716
1787820636.902230863	s3-eth18	1312	4806
1787820636.902230863	s3-eth19	79100676	8000
1787820636.902230863	s3-eth2	9624	9554
1787820636.902230863	s3-eth20	1632	4696
1787820636.902230863	s3-eth21	1472	4696
1787820636.902230863	s3-eth22	1382	4716
1787820636.902230863	s3-eth23	395535202	8101
1787820636.902230863	s3-eth24	1312	4716
1787820636.902230863	s3-eth25	1562	4716
1787820636.902230863	s3-eth26	1312	4716
1787820636.902230863	s3-eth27	395635276	7800
1787820636.902230863	s3-eth28	1472	4806
1787820636.902230863	s3-eth29	1562	4736
1787820636.902230863	s3-eth3	3768662	1237298234
1787820636.902230863	s3-eth30	1472	4876
1787820636.902230863	s3-eth31	395825677	7947
1787820636.902230863	s3-eth32	1382	4716
1787820636.902230863	s3-eth33	1472	4696
1787820636.902230863	s3-eth34	1632	4806
1787820636.902230863	s3-eth4	1472	4786
1787820636.902230863	s3-eth5	1562	4806
1787820636.902230863	s3-eth6	1562	4806
1787820636.902230863	s3-eth7	4781	322884561
1787820636.902230863	s3-eth8	1562	4575
1787820636.902230863	s3-eth9	1562	4806
1787820636.902230863	s4-eth1	2345492723	36241
1787820636.902230863	s4-eth10	1562	4696
1787820636.902230863	s4-eth11	5081	383317843
1787820636.902230863	s4-eth12	1472	4786
1787820636.902230863	s4-eth13	1312	4696
1787820636.902230863	s4-eth14	1312	4716
1787820636.902230863	s4-eth15	4825	230492758
1787820636.902230863	s4-eth16	1382	4716
1787820636.902230863	s4-eth17	1472	4766
1787820636.902230863	s4-eth18	1312	4836
1787820636.902230863	s4-eth19	4776	78870336
1787820636.902230863	s4-eth2	9554	7524
1787820636.902230863	s4-eth20	1562	4786
1787820636.902230863	s4-eth21	1542	4786
1787820636.902230863	s4-eth22	1542	4696
1787820636.902230863	s4-eth23	4697	394169988
1787820636.902230863	s4-eth24	1472	4716
1787820636.902230863	s4-eth25	1472	4716
1787820636.902230863	s4-eth26	1312	4766
1787820636.902230863	s4-eth27	4396	394236806
1787820636.902230863	s4-eth28	1472	4876
1787820636.902230863	s4-eth29	1382	4716
1787820636.902230863	s4-eth3	4750	76945633
1787820636.902230863	s4-eth30	1382	4716
1787820636.902230863	s4-eth31	4770	394327713
1787820636.902230863	s4-eth32	1382	4716
1787820636.902230863	s4-eth33	1382	4766
1787820636.902230863	s4-eth34	1472	4696
1787820636.902230863	s4-eth4	1472	4766
1787820636.902230863	s4-eth5	1382	4696
1787820636.902230863	s4-eth6	1312	4806
1787820636.902230863	s4-eth7	4778	384010474
1787820636.902230863	s4-eth8	1312	4716
1787820636.902230863	s4-eth9	1312	4836
1787820636.902230863	s5-eth1	4676157115	3799172
1787820636.902230863	s5-eth2	1111514967	2085023735
1787820636.902230863	s5-eth3	3800216	3280753018
1787820636.902230863	s5-eth4	9766	7824
1787820636.902230863	s6-eth1	9581	9651
1787820636.902230863	s6-eth2	9581	9483
1787820636.902230863	s6-eth3	9581	7824
1787820636.902230863	s6-eth4	9891	9581
1787820636.902230863	s7-eth1	1274728181	2112953577
1787820636.902230863	s7-eth2	36268	2351639996
1787820636.902230863	s7-eth3	3234327424	3798186
1787820636.902230863	s7-eth4	9668	9581
1787820636.902230863	s8-eth1	9581	9651
1787820636.902230863	s8-eth2	7551	9581
1787820636.902230863	s8-eth3	9581	7754
1787820636.902230863	s8-eth4	9766	9581
1787820636.902230863	s9-eth1	3285792808	3800216
1787820636.902230863	s9-eth2	7824	9581
1787820636.902230863	s9-eth3	3798186	3237616626
1787820636.902230863	s9-eth4	7754	9581
1787820646.837587225	s10-eth1	7824	9766
1787820646.837587225	s10-eth2	9581	9891
1787820646.837587225	s10-eth3	9581	9668
1787820646.837587225	s10-eth4	9581	9766
1787820646.837587225	s1-eth1	3799172	4708465125
1787820646.837587225	s1-eth10	1562	4876
1787820646.837587225	s1-eth11	399597242	8127
1787820646.837587225	s1-eth12	1472	4806
1787820646.837587225	s1-eth13	1472	4806
1787820646.837587225	s1-eth14	1562	4806
1787820646.837587225	s1-eth15	238194288	7935
1787820646.837587225	s1-eth16	1472	4826
1787820646.837587225	s1-eth17	1632	4806
1787820646.837587225	s1-eth18	1562	4716
1787820646.837587225	s1-eth19	1599112887	7967
1787820646.837587225	s1-eth2	9678	9608
1787820646.837587225	s1-eth20	1472	4806
1787820646.837587225	s1-eth21	1562	4806
1787820646.837587225	s1-eth22	1562	4806
1787820646.837587225	s1-eth23	399864936	7893
1787820646.837587225	s1-eth24	1472	4876
1787820646.837587225	s1-eth25	1562	4806
1787820646.837587225	s1-eth26	1562	4716
1787820646.837587225	s1-eth27	399847489	8111
1787820646.837587225	s1-eth28	1562	4806
1787820646.837587225	s1-eth29	1472	4716
1787820646.837587225	s1-eth3	1810833314	3772262
1787820646.837587225	s1-eth30	1562	4716
1787820646.837587225	s1-eth31	399902212	7895
1787820646.837587225	s1-eth32	1562	4716
1787820646.837587225	s1-eth33	1562	4716
1787820646.837587225	s1-eth34	1562	4716
1787820646.837587225	s1-eth4	1758	5072
1787820646.837587225	s1-eth5	1562	4716
1787820646.837587225	s1-eth6	1632	4806
1787820646.837587225	s1-eth7	400099050	8025
1787820646.837587225	s1-eth8	1562	4716
1787820646.837587225	s1-eth9	1472	4716
1787820646.837587225	s2-eth1	2105314144	1118563490
1787820646.837587225	s2-eth10	1542	4876
1787820646.837587225	s2-eth11	400152763	8325
1787820646.837587225	s2-eth12	1472	4806
1787820646.837587225	s2-eth13	1472	4806
1787820646.837587225	s2-eth14	1562	4806
1787820646.837587225	s2-eth15	238190000	8069
1787820646.837587225	s2-eth16	1562	4806
1787820646.837587225	s2-eth17	1562	4806
1787820646.837587225	s2-eth18	1562	4806
1787820646.837587225	s2-eth19	4633	1079945234
1787820646.837587225	s2-eth2	9510	9608
1787820646.837587225	s2-eth20	1562	4806
1787820646.837587225	s2-eth21	1542	4716
1787820646.837587225	s2-eth22	1562	4876
1787820646.837587225	s2-eth23	4719	334160566
1787820646.837587225	s2-eth24	1542	4806
1787820646.837587225	s2-eth25	1562	4806
1787820646.837587225	s2-eth26	1472	4806
1787820646.837587225	s2-eth27	4707	334075435
1787820646.837587225	s2-eth28	1562	4806
1787820646.837587225	s2-eth29	1472	4806
1787820646.837587225	s2-eth3	80160953	8244
1787820646.837587225	s2-eth30	1472	4911
1787820646.837587225	s2-eth31	4721	333547590
1787820646.837587225	s2-eth32	1472	4716
1787820646.837587225	s2-eth33	1562	4806
1787820646.837587225	s2-eth34	1562	4716
1787820646.837587225	s2-eth4	1562	4806
1787820646.837587225	s2-eth5	1472	4806
1787820646.837587225	s2-eth6	1562	4716
1787820646.837587225	s2-eth7	400747518	8182
1787820646.837587225	s2-eth8	1632	4716
1787820646.837587225	s2-eth9	1472	4806
1787820646.837587225	s3-eth1	2131166064	1285931106
1787820646.837587225	s3-eth10	1542	4806
1787820646.837587225	s3-eth11	4633	326136287
1787820646.837587225	s3-eth12	1312	4716
1787820646.837587225	s3-eth13	1472	4806
1787820646.837587225	s3-eth14	1632	4716
1787820646.837587225	s3-eth15	4671	208864103
1787820646.837587225	s3-eth16	1472	4716
1787820646.837587225	s3-eth17	1472	4716
1787820646.837587225	s3-eth18	1312	4806
1787820646.837587225	s3-eth19	80163430	8000
1787820646.837587225	s3-eth2	9678	9608
1787820646.837587225	s3-eth20	1632	4696
1787820646.837587225	s3-eth21	1472	4696
1787820646.837587225	s3-eth22	1382	4716
1787820646.837587225	s3-eth23	400955680	8101
1787820646.837587225	s3-eth24	1312	4716
1787820646.837587225	s3-eth25	1562	4716
1787820646.837587225	s3-eth26	1312	4716
1787820646.837587225	s3-eth27	401057196	7800
1787820646.837587225	s3-eth28	1472	4806
1787820646.837587225	s3-eth29	1562	4736
1787820646.837587225	s3-eth3	3768662	1254440730
1787820646.837587225	s3-eth30	1472	4876
1787820646.837587225	s3-eth31	401159635	7947
1787820646.837587225	s3-eth32	1382	4716
1787820646.837587225	s3-eth33	1472	4696
1787820646.837587225	s3-eth34	1632	4806
1787820646.837587225	s3-eth4	1472	4786
1787820646.837587225	s3-eth5	1562	4806
1787820646.837587225	s3-eth6	1562	4806
1787820646.837587225	s3-eth7	4781	327588365
1787820646.837587225	s3-eth8	1562	4575
1787820646.837587225	s3-eth9	1562	4806
1787820646.837587225	s4-eth1	2373440179	36295
1787820646.837587225	s4-eth10	1562	4696
1787820646.837587225	s4-eth11	5081	388419639
1787820646.837587225	s4-eth12	1472	4786
1787820646.837587225	s4-eth13	1312	4696
1787820646.837587225	s4-eth14	1312	4716
1787820646.837587225	s4-eth15	4825	230492758
1787820646.837587225	s4-eth16	1382	4716
1787820646.837587225	s4-eth17	1472	4766
1787820646.837587225	s4-eth18	1312	4836
1787820646.837587225	s4-eth19	4776	79950394
1787820646.837587225	s4-eth2	9608	7578
1787820646.837587225	s4-eth20	1562	4786
1787820646.837587225	s4-eth21	1542	4786
1787820646.837587225	s4-eth22	1542	4696
1787820646.837587225	s4-eth23	4697	399452034
1787820646.837587225	s4-eth24	1472	4716
1787820646.837587225	s4-eth25	1472	4716
1787820646.837587225	s4-eth26	1312	4766
1787820646.837587225	s4-eth27	4396	399383304
1787820646.837587225	s4-eth28	1472	4876
1787820646.837587225	s4-eth29	1382	4716
1787820646.837587225	s4-eth3	4750	77926193
1787820646.837587225	s4-eth30	1382	4716
1787820646.837587225	s4-eth31	4770	399298287
1787820646.837587225	s4-eth32	1382	4716
1787820646.837587225	s4-eth33	1382	4766
1787820646.837587225	s4-eth34	1472	4696
1787820646.837587225	s4-eth4	1472	4766
1787820646.837587225	s4-eth5	1382	4696
1787820646.837587225	s4-eth6	1312	4806
1787820646.837587225	s4-eth7	4778	388991142
1787820646.837587225	s4-eth8	1312	4716
1787820646.837587225	s4-eth9	1312	4836
1787820646.837587225	s5-eth1	4739762320	3799199
1787820646.837587225	s5-eth2	1122729428	2116904940
1787820646.837587225	s5-eth3	3800243	3318680529
1787820646.837587225	s5-eth4	9794	7851
1787820646.837587225	s6-eth1	9608	9678
1787820646.837587225	s6-eth2	9608	9510
1787820646.837587225	s6-eth3	9608	7851
1787820646.837587225	s6-eth4	9919	9608
1787820646.837587225	s7-eth1	1290554158	2138203024
1787820646.837587225	s7-eth2	36295	2377787809
1787820646.837587225	s7-eth3	3270442341	3798213
1787820646.837587225	s7-eth4	9696	9608
1787820646.837587225	s8-eth1	9608	9678
1787820646.837587225	s8-eth2	7578	9608
1787820646.837587225	s8-eth3	9608	7781
1787820646.837587225	s8-eth4	9794	9608
1787820646.837587225	s9-eth1	3321284781	3800243
1787820646.837587225	s9-eth2	7851	9608
1787820646.837587225	s9-eth3	3798213	3272596689
1787820646.837587225	s9-eth4	7781	9608
1787820654.192836240	s10-eth1	7878	9822
1787820654.192836240	s10-eth2	9635	9947
1787820654.192836240	s10-eth3	9635	9724
1787820654.192836240	s10-eth4	9635	9822
1787820654.192836240	s1-eth1	3799226	4763245317
1787820654.192836240	s1-eth10	1562	4876
1787820654.192836240	s1-eth11	404044370	8127
1787820654.192836240	s1-eth12	1472	4806
1787820654.192836240	s1-eth13	1472	4806
1787820654.192836240	s1-eth14	1562	4806
1787820654.192836240	s1-eth15	238194288	7935
1787820654.192836240	s1-eth16	1472	4826
1787820654.192836240	s1-eth17	1632	4806
1787820654.192836240	s1-eth18	1562	4716
1787820654.192836240	s1-eth19	1616141465	7967
1787820654.192836240	s1-eth2	9705	9635
1787820654.192836240	s1-eth20	1472	4806
1787820654.192836240	s1-eth21	1562	4806
1787820654.192836240	s1-eth22	1562	4806
1787820654.192836240	s1-eth23	404159212	7893
1787820654.192836240	s1-eth24	1472	4876
1787820654.192836240	s1-eth25	1562	4806
1787820654.192836240	s1-eth26	1562	4716
1787820654.192836240	s1-eth27	404190793	8111
1787820654.192836240	s1-eth28	1562	4806
1787820654.192836240	s1-eth29	1472	4716
1787820654.192836240	s1-eth3	1828366592	3772262
1787820654.192836240	s1-eth30	1562	4716
1787820654.192836240	s1-eth31	404326268	7895
1787820654.192836240	s1-eth32	1562	4716
1787820654.192836240	s1-eth33	1562	4716
1787820654.192836240	s1-eth34	1562	4716
1787820654.192836240	s1-eth4	1758	5072
1787820654.192836240	s1-eth5	1562	4716
1787820654.192836240	s1-eth6	1632	4806
1787820654.192836240	s1-eth7	404518780	8025
1787820654.192836240	s1-eth8	1562	4716
1787820654.192836240	s1-eth9	1472	4716
1787820654.192836240	s2-eth1	2133064019	1128426797
1787820654.192836240	s2-eth10	1542	4876
1787820654.192836240	s2-eth11	404657571	8325
1787820654.192836240	s2-eth12	1472	4806
1787820654.192836240	s2-eth13	1472	4806
1787820654.192836240	s2-eth14	1562	4806
1787820654.192836240	s2-eth15	238190000	8069
1787820654.192836240	s2-eth16	1562	4806
1787820654.192836240	s2-eth17	1562	4806
1787820654.192836240	s2-eth18	1562	4806
1787820654.192836240	s2-eth19	4633	1095054510
1787820654.192836240	s2-eth2	9537	9635
1787820654.192836240	s2-eth20	1562	4806
1787820654.192836240	s2-eth21	1542	4716
1787820654.192836240	s2-eth22	1562	4876
1787820654.192836240	s2-eth23	4719	338391394
1787820654.192836240	s2-eth24	1542	4806
1787820654.192836240	s2-eth25	1562	4806
1787820654.192836240	s2-eth26	1472	4806
1787820654.192836240	s2-eth27	4707	338322125
1787820654.192836240	s2-eth28	1562	4806
1787820654.192836240	s2-eth29	1472	4806
1787820654.192836240	s2-eth3	81070855	8244
1787820654.192836240	s2-eth30	1472	4911
1787820654.192836240	s2-eth31	4721	337853402
1787820654.192836240	s2-eth32	1472	4716
1787820654.192836240	s2-eth33	1562	4806
1787820654.192836240	s2-eth34	1562	4716
1787820654.192836240	s2-eth4	1562	4806
1787820654.192836240	s2-eth5	1472	4806
1787820654.192836240	s2-eth6	1562	4716
1787820654.192836240	s2-eth7	405372012	8182
1787820654.192836240	s2-eth8	1632	4716
1787820654.192836240	s2-eth9	1472	4806
1787820654.192836240	s3-eth1	2154845173	1300805363
1787820654.192836240	s3-eth10	1542	4806
1787820654.192836240	s3-eth11	4633	330502663
1787820654.192836240	s3-eth12	1312	4716
1787820654.192836240	s3-eth13	1472	4806
1787820654.192836240	s3-eth14	1632	4716
1787820654.192836240	s3-eth15	4671	208864103
1787820654.192836240	s3-eth16	1472	4716
1787820654.192836240	s3-eth17	1472	4716
1787820654.192836240	s3-eth18	1312	4806
1787820654.192836240	s3-eth19	81103614	8000
1787820654.192836240	s3-eth2	9705	9635
1787820654.192836240	s3-eth20	1632	4696
1787820654.192836240	s3-eth21	1472	4696
1787820654.192836240	s3-eth22	1382	4716
1787820654.192836240	s3-eth23	405571522	8101
1787820654.192836240	s3-eth24	1312	4716
1787820654.192836240	s3-eth25	1562	4716
1787820654.192836240	s3-eth26	1312	4716
1787820654.192836240	s3-eth27	405684574	7800
1787820654.192836240	s3-eth28	1472	4806
1787820654.192836240	s3-eth29	1562	4736
1787820654.192836240	s3-eth3	3768662	1268617032
1787820654.192836240	s3-eth30	1472	4876
1787820654.192836240	s3-eth31	405717797	7947
1787820654.192836240	s3-eth32	1382	4716
1787820654.192836240	s3-eth33	1472	4696
1787820654.192836240	s3-eth34	1632	4806
1787820654.192836240	s3-eth4	1472	4786
1787820654.192836240	s3-eth5	1562	4806
1787820654.192836240	s3-eth6	1562	4806
1787820654.192836240	s3-eth7	4781	331624523
1787820654.192836240	s3-eth8	1562	4575
1787820654.192836240	s3-eth9	1562	4806
1787820654.192836240	s4-eth1	2397011138	36322
1787820654.192836240	s4-eth10	1562	4696
1787820654.192836240	s4-eth11	5081	392604323
1787820654.192836240	s4-eth12	1472	4786
1787820654.192836240	s4-eth13	1312	4696
1787820654.192836240	s4-eth14	1312	4716
1787820654.192836240	s4-eth15	4825	230492758
1787820654.192836240	s4-eth16	1382	4716
1787820654.192836240	s4-eth17	1472	4766
1787820654.192836240	s4-eth18	1312	4836
1787820654.192836240	s4-eth19	4776	80802616
1787820654.192836240	s4-eth2	9635	7605
1787820654.192836240	s4-eth20	1562	4786
1787820654.192836240	s4-eth21	1542	4786
1787820654.192836240	s4-eth22	1542	4696
1787820654.192836240	s4-eth23	4697	403703050
1787820654.192836240	s4-eth24	1472	4716
1787820654.192836240	s4-eth25	1472	4716
1787820654.192836240	s4-eth26	1312	4766
1787820654.192836240	s4-eth27	4396	403622784
1787820654.192836240	s4-eth28	1472	4876
1787820654.192836240	s4-eth29	1382	4716
1787820654.192836240	s4-eth3	4750	78749575
1787820654.192836240	s4-eth30	1382	4716
1787820654.192836240	s4-eth31	4770	403573817
1787820654.192836240	s4-eth32	1382	4716
1787820654.192836240	s4-eth33	1382	4766
1787820654.192836240	s4-eth34	1472	4696
1787820654.192836240	s4-eth4	1472	4766
1787820654.192836240	s4-eth5	1382	4696
1787820654.192836240	s4-eth6	1312	4806
1787820654.192836240	s4-eth7	4778	393223412
1787820654.192836240	s4-eth8	1312	4716
1787820654.192836240	s4-eth9	1312	4836
1787820654.192836240	s5-eth1	4795711974	3799253
1787820654.192836240	s5-eth2	1132512010	2144990828
1787820654.192836240	s5-eth3	3800297	3351959059
1787820654.192836240	s5-eth4	9850	7905
1787820654.192836240	s6-eth1	9662	9732
1787820654.192836240	s6-eth2	9662	9564
1787820654.192836240	s6-eth3	9662	7905
1787820654.192836240	s6-eth4	9975	9662
1787820654.192836240	s7-eth1	1304476722	2160663670
1787820654.192836240	s7-eth2	36349	2400906007
1787820654.192836240	s7-eth3	3302697051	3798267
1787820654.192836240	s7-eth4	9752	9662
1787820654.192836240	s8-eth1	9662	9732
1787820654.192836240	s8-eth2	7632	9662
1787820654.192836240	s8-eth3	9662	7835
1787820654.192836240	s8-eth4	9850	9662
1787820654.192836240	s9-eth1	3353623127	3800297
1787820654.192836240	s9-eth2	7905	9662
1787820654.192836240	s9-eth3	3798267	3304619237
1787820654.192836240	s9-eth4	7835	9662
1787820660.896231236	s10-eth1	7905	9850
1787820660.896231236	s10-eth2	9662	9975
1787820660.896231236	s10-eth3	9662	9752
1787820660.896231236	s10-eth4	9662	9850
1787820660.896231236	s1-eth1	3799253	4821032052
1787820660.896231236	s1-eth10	1562	4876
1787820660.896231236	s1-eth11	408759710	8127
1787820660.896231236	s1-eth12	1472	4806
1787820660.896231236	s1-eth13	1472	4806
1787820660.896231236	s1-eth14	1562	4806
1787820660.896231236	s1-eth15	238194288	7935
1787820660.896231236	s1-eth16	1472	4826
1787820660.896231236	s1-eth17	1632	4806
1787820660.896231236	s1-eth18	1562	4716
1787820660.896231236	s1-eth19	1634998499	7967
1787820660.896231236	s1-eth2	9732	9662
1787820660.896231236	s1-eth20	1472	4806
1787820660.896231236	s1-eth21	1562	4806
1787820660.896231236	s1-eth22	1562	4806
1787820660.896231236	s1-eth23	409020194	7893
1787820660.896231236	s1-eth24	1472	4876
1787820660.896231236	s1-eth25	1562	4806
1787820660.896231236	s1-eth26	1562	4716
1787820660.896231236	s1-eth27	409234909	8111
1787820660.896231236	s1-eth28	1562	4806
1787820660.896231236	s1-eth29	1472	4716
1787820660.896231236	s1-eth3	1848773776	3772262
1787820660.896231236	s1-eth30	1562	4716
1787820660.896231236	s1-eth31	409504490	7895
1787820660.896231236	s1-eth32	1562	4716
1787820660.896231236	s1-eth33	1562	4716
1787820660.896231236	s1-eth34	1562	4716
1787820660.896231236	s1-eth4	1758	5072
1787820660.896231236	s1-eth5	1562	4716
1787820660.896231236	s1-eth6	1632	4806
1787820660.896231236	s1-eth7	409919070	8025
1787820660.896231236	s1-eth8	1562	4716
1787820660.896231236	s1-eth9	1472	4716
1787820660.896231236	s2-eth1	2160919187	1140497833
1787820660.896231236	s2-eth10	1542	4876
1787820660.896231236	s2-eth11	410204945	8325
1787820660.896231236	s2-eth12	1472	4806
1787820660.896231236	s2-eth13	1472	4806
1787820660.896231236	s2-eth14	1562	4806
1787820660.896231236	s2-eth15	238190000	8069
1787820660.896231236	s2-eth16	1562	4806
1787820660.896231236	s2-eth17	1562	4806
1787820660.896231236	s2-eth18	1562	4806
1787820660.896231236	s2-eth19	4633	1109201972
1787820660.896231236	s2-eth2	9591	9689
1787820660.896231236	s2-eth20	1562	4806
1787820660.896231236	s2-eth21	1542	4716
1787820660.896231236	s2-eth22	1562	4876
1787820660.896231236	s2-eth23	4719	343142784
1787820660.896231236	s2-eth24	1542	4806
1787820660.896231236	s2-eth25	1562	4806
1787820660.896231236	s2-eth26	1472	4806
1787820660.896231236	s2-eth27	4707	343282605
1787820660.896231236	s2-eth28	1562	4806
1787820660.896231236	s2-eth29	1472	4806
1787820660.896231236	s2-eth3	82308091	8244
1787820660.896231236	s2-eth30	1472	4911
1787820660.896231236	s2-eth31	4721	343035950
1787820660.896231236	s2-eth32	1472	4716
1787820660.896231236	s2-eth33	1562	4806
1787820660.896231236	s2-eth34	1562	4716
1787820660.896231236	s2-eth4	1562	4806
1787820660.896231236	s2-eth5	1472	4806
1787820660.896231236	s2-eth6	1562	4716
1787820660.896231236	s2-eth7	411985024	8182
1787820660.896231236	s2-eth8	1632	4716
1787820660.896231236	s2-eth9	1472	4806
1787820660.896231236	s3-eth1	2178658415	1322644507
1787820660.896231236	s3-eth10	1542	4806
1787820660.896231236	s3-eth11	4633	335823643
1787820660.896231236	s3-eth12	1312	4716
1787820660.896231236	s3-eth13	1472	4806
1787820660.896231236	s3-eth14	1632	4716
1787820660.896231236	s3-eth15	4671	208864103
1787820660.896231236	s3-eth16	1472	4716
1787820660.896231236	s3-eth17	1472	4716
1787820660.896231236	s3-eth18	1312	4806
1787820660.896231236	s3-eth19	82508122	8000
1787820660.896231236	s3-eth2	9786	9716
1787820660.896231236	s3-eth20	1632	4696
1787820660.896231236	s3-eth21	1472	4696
1787820660.896231236	s3-eth22	1382	4716
1787820660.896231236	s3-eth23	412803152	8101
1787820660.896231236	s3-eth24	1312	4716
1787820660.896231236	s3-eth25	1562	4716
1787820660.896231236	s3-eth26	1312	4716
1787820660.896231236	s3-eth27	413106548	7800
1787820660.896231236	s3-eth28	1472	4806
1787820660.896231236	s3-eth29	1562	4736
1787820660.896231236	s3-eth3	3768662	1281546004
1787820660.896231236	s3-eth30	1472	4876
1787820660.896231236	s3-eth31	413357513	7947
1787820660.896231236	s3-eth32	1382	4716
1787820660.896231236	s3-eth33	1472	4696
1787820660.896231236	s3-eth34	1632	4806
1787820660.896231236	s3-eth4	1472	4786
1787820660.896231236	s3-eth5	1562	4806
1787820660.896231236	s3-eth6	1562	4806
1787820660.896231236	s3-eth7	4781	337497789
1787820660.896231236	s3-eth8	1562	4575
1787820660.896231236	s3-eth9	1562	4806
1787820660.896231236	s4-eth1	2438917181	36403
1787820660.896231236	s4-eth10	1562	4696
1787820660.896231236	s4-eth11	5081	400218083
1787820660.896231236	s4-eth12	1472	4786
1787820660.896231236	s4-eth13	1312	4696
1787820660.896231236	s4-eth14	1312	4716
1787820660.896231236	s4-eth15	4825	230492758
1787820660.896231236	s4-eth16	1382	4716
1787820660.896231236	s4-eth17	1472	4766
1787820660.896231236	s4-eth18	1312	4836
1787820660.896231236	s4-eth19	4776	82479662
1787820660.896231236	s4-eth2	9716	7686
1787820660.896231236	s4-eth20	1562	4786
1787820660.896231236	s4-eth21	1542	4786
1787820660.896231236	s4-eth22	1542	4696
1787820660.896231236	s4-eth23	4697	412418498
1787820660.896231236	s4-eth24	1472	4716
1787820660.896231236	s4-eth25	1472	4716
1787820660.896231236	s4-eth26	1312	4766
1787820660.896231236	s4-eth27	4396	412612212
1787820660.896231236	s4-eth28	1472	4876
1787820660.896231236	s4-eth29	1382	4716
1787820660.896231236	s4-eth3	4750	80495837
1787820660.896231236	s4-eth30	1382	4716
1787820660.896231236	s4-eth31	4770	412746379
1787820660.896231236	s4-eth32	1382	4716
1787820660.896231236	s4-eth33	1382	4766
1787820660.896231236	s4-eth34	1472	4696
1787820660.896231236	s4-eth4	1472	4766
1787820660.896231236	s4-eth5	1382	4696
1787820660.896231236	s4-eth6	1312	4806
1787820660.896231236	s4-eth7	4778	401865318
1787820660.896231236	s4-eth8	1312	4716
1787820660.896231236	s4-eth9	1312	4836
1787820660.896231236	s5-eth1	4866283508	3799307
1787820660.896231236	s5-eth2	1151927152	2178393370
1787820660.896231236	s5-eth3	3800351	3398061295
1787820660.896231236	s5-eth4	9906	7959
1787820660.896231236	s6-eth1	9716	9813
1787820660.896231236	s6-eth2	9716	9645
1787820660.896231236	s6-eth3	9743	7986
1787820660.896231236	s6-eth4	10059	9743
1787820660.896231236	s7-eth1	1334176235	2186660127
1787820660.896231236	s7-eth2	36430	2449528886
1787820660.896231236	s7-eth3	3348343642	3798348
1787820660.896231236	s7-eth4	9836	9743
1787820660.896231236	s8-eth1	9743	9813
1787820660.896231236	s8-eth2	7713	9813
1787820660.896231236	s8-eth3	9743	7916
1787820660.896231236	s8-eth4	9934	9743
1787820660.896231236	s9-eth1	3401102570	3800378
1787820660.896231236	s9-eth2	7986	9743
1787820660.896231236	s9-eth3	3798348	3351158426
1787820660.896231236	s9-eth4	7916	9743
1787820675.830231531	s10-eth1	7986	10004
1787820675.830231531	s10-eth2	9813	10059
1787820675.830231531	s10-eth3	9743	9906
1787820675.830231531	s10-eth4	9743	9934
1787820675.830231531	s1-eth1	3799334	4887874601
1787820675.830231531	s1-eth10	1562	4876
1787820675.830231531	s1-eth11	418229324	8127
1787820675.830231531	s1-eth12	1472	4806
1787820675.830231531	s1-eth13	1472	4806
1787820675.830231531	s1-eth14	1632	4806
1787820675.830231531	s1-eth15	238194288	7935
1787820675.830231531	s1-eth16	1472	4826
1787820675.830231531	s1-eth17	1632	4806
1787820675.830231531	s1-eth18	1562	4716
1787820675.830231531	s1-eth19	1674392497	8037
1787820675.830231531	s1-eth2	9813	9743
1787820675.830231531	s1-eth20	1472	4806
1787820675.830231531	s1-eth21	1562	4806
1787820675.830231531	s1-eth22	1562	4806
1787820675.830231531	s1-eth23	418951248	7893
1787820675.830231531	s1-eth24	1472	4876
1787820675.830231531	s1-eth25	1562	4806
1787820675.830231531	s1-eth26	1562	4716
1787820675.830231531	s1-eth27	419140007	8111
1787820675.830231531	s1-eth28	1562	4876
1787820675.830231531	s1-eth29	1542	4716
1787820675.830231531	s1-eth3	1888502318	3772262
1787820675.830231531	s1-eth30	1562	4716
1787820675.830231531	s1-eth31	419428334	7895
1787820675.830231531	s1-eth32	1562	4716
1787820675.830231531	s1-eth33	1562	4716
1787820675.830231531	s1-eth34	1562	4716
1787820675.830231531	s1-eth4	1828	5072
1787820675.830231531	s1-eth5	1562	4716
1787820675.830231531	s1-eth6	1632	4806
1787820675.830231531	s1-eth7	419811190	8025
1787820675.830231531	s1-eth8	1562	4716
1787820675.830231531	s1-eth9	1542	4716
1787820675.830231531	s2-eth1	2191969854	1161940454
1787820675.830231531	s2-eth10	1542	4876
1787820675.830231531	s2-eth11	419876439	8395
1787820675.830231531	s2-eth12	1472	4806
1787820675.830231531	s2-eth13	1542	4876
1787820675.830231531	s2-eth14	1562	4806
1787820675.830231531	s2-eth15	238190000	8069
1787820675.830231531	s2-eth16	1562	4806
1787820675.830231531	s2-eth17	1632	4806
1787820675.830231531	s2-eth18	1562	4806
1787820675.830231531	s2-eth19	4633	1118513036
1787820675.830231531	s2-eth2	9742	9770
1787820675.830231531	s2-eth20	1632	4806
1787820675.830231531	s2-eth21	1542	4716
1787820675.830231531	s2-eth22	1562	4876
1787820675.830231531	s2-eth23	4719	349053542
1787820675.830231531	s2-eth24	1542	4806
1787820675.830231531	s2-eth25	1562	4806
1787820675.830231531	s2-eth26	1472	4806
1787820675.830231531	s2-eth27	4707	348997251
1787820675.830231531	s2-eth28	1562	4806
1787820675.830231531	s2-eth29	1472	4806
1787820675.830231531	s2-eth3	84099055	8244
1787820675.830231531	s2-eth30	1472	4911
1787820675.830231531	s2-eth31	4721	348459312
1787820675.830231531	s2-eth32	1472	4716
1787820675.830231531	s2-eth33	1632	4806
1787820675.830231531	s2-eth34	1562	4716
1787820675.830231531	s2-eth4	1562	4806
1787820675.830231531	s2-eth5	1472	4806
1787820675.830231531	s2-eth6	1562	4786
1787820675.830231531	s2-eth7	420399094	8182
1787820675.830231531	s2-eth8	1632	4786
1787820675.830231531	s2-eth9	1472	4806
1787820675.830231531	s3-eth1	2196187448	1349439902
1787820675.830231531	s3-eth10	1542	4876
1787820675.830231531	s3-eth11	4633	340898041
1787820675.830231531	s3-eth12	1312	4716
1787820675.830231531	s3-eth13	1472	4876
1787820675.830231531	s3-eth14	1632	4716
1787820675.830231531	s3-eth15	4671	208864103
1787820675.830231531	s3-eth16	1542	4716
1787820675.830231531	s3-eth17	1472	4716
1787820675.830231531	s3-eth18	1312	4806
1787820675.830231531	s3-eth19	84231312	8000
1787820675.830231531	s3-eth2	9840	9770
1787820675.830231531	s3-eth20	1632	4696
1787820675.830231531	s3-eth21	1542	4696
1787820675.830231531	s3-eth22	1382	4716
1787820675.830231531	s3-eth23	421403310	8101
1787820675.830231531	s3-eth24	1312	4716
1787820675.830231531	s3-eth25	1562	4716
1787820675.830231531	s3-eth26	1382	4716
1787820675.830231531	s3-eth27	421634536	7800
1787820675.830231531	s3-eth28	1472	4876
1787820675.830231531	s3-eth29	1562	4736
1787820675.830231531	s3-eth3	3768732	1288580080
1787820675.830231531	s3-eth30	1472	4876
1787820675.830231531	s3-eth31	421935971	8017
1787820675.830231531	s3-eth32	1382	4716
1787820675.830231531	s3-eth33	1542	4696
1787820675.830231531	s3-eth34	1632	4876
1787820675.830231531	s3-eth4	1472	4786
1787820675.830231531	s3-eth5	1562	4806
1787820675.830231531	s3-eth6	1632	4806
1787820675.830231531	s3-eth7	4781	342589491
1787820675.830231531	s3-eth8	1562	4575
1787820675.830231531	s3-eth9	1632	4806
1787820675.830231531	s4-eth1	2481366858	36484
1787820675.830231531	s4-eth10	1562	4696
1787820675.830231531	s4-eth11	5081	407203131
1787820675.830231531	s4-eth12	1542	4786
1787820675.830231531	s4-eth13	1382	4766
1787820675.830231531	s4-eth14	1312	4786
1787820675.830231531	s4-eth15	4825	230492758
1787820675.830231531	s4-eth16	1382	4716
1787820675.830231531	s4-eth17	1472	4766
1787820675.830231531	s4-eth18	1312	4836
1787820675.830231531	s4-eth19	4776	83920290
1787820675.830231531	s4-eth2	9867	7767
1787820675.830231531	s4-eth20	1562	4786
1787820675.830231531	s4-eth21	1542	4786
1787820675.830231531	s4-eth22	1542	4696
1787820675.830231531	s4-eth23	4767	419213202
1787820675.830231531	s4-eth24	1472	4716
1787820675.830231531	s4-eth25	1472	4716
1787820675.830231531	s4-eth26	1312	4766
1787820675.830231531	s4-eth27	4396	419398264
1787820675.830231531	s4-eth28	1472	4876
1787820675.830231531	s4-eth29	1382	4786
1787820675.830231531	s4-eth3	4750	81776333
1787820675.830231531	s4-eth30	1382	4716
1787820675.830231531	s4-eth31	4840	419457517
1787820675.830231531	s4-eth32	1382	4786
1787820675.830231531	s4-eth33	1382	4766
1787820675.830231531	s4-eth34	1472	4766
1787820675.830231531	s4-eth4	1472	4766
1787820675.830231531	s4-eth5	1382	4696
1787820675.830231531	s4-eth6	1382	4806
1787820675.830231531	s4-eth7	4778	407904414
1787820675.830231531	s4-eth8	1312	4716
1787820675.830231531	s4-eth9	1312	4836
1787820675.830231531	s5-eth1	4919160287	3799388
1787820675.830231531	s5-eth2	1169613363	2203250647
1787820675.830231531	s5-eth3	3800432	3434507996
1787820675.830231531	s5-eth4	10060	8040
1787820675.830231531	s6-eth1	9797	9867
1787820675.830231531	s6-eth2	9797	9769
1787820675.830231531	s6-eth3	9797	8040
1787820675.830231531	s6-eth4	10115	9867
1787820675.830231531	s7-eth1	1359402707	2203988695
1787820675.830231531	s7-eth2	36484	2488748456
1787820675.830231531	s7-eth3	3385326670	3798402
1787820675.830231531	s7-eth4	9962	9797
1787820675.830231531	s8-eth1	9797	9867
1787820675.830231531	s8-eth2	7767	9867
1787820675.830231531	s8-eth3	9797	7970
1787820675.830231531	s8-eth4	9990	9797
1787820675.830231531	s9-eth1	3438137510	3800432
1787820675.830231531	s9-eth2	8040	9797
1787820675.830231531	s9-eth3	3798402	3387046976
1787820675.830231531	s9-eth4	7970	9797
1787820687.992170514	s10-eth1	8067	10088
1787820687.992170514	s10-eth2	9894	10143
1787820687.992170514	s10-eth3	9824	9990
1787820687.992170514	s10-eth4	9824	10018
1787820687.992170514	s1-eth1	3799415	4939835710
1787820687.992170514	s1-eth10	1562	4876
1787820687.992170514	s1-eth11	426127158	8127
1787820687.992170514	s1-eth12	1472	4806
1787820687.992170514	s1-eth13	1472	4806
1787820687.992170514	s1-eth14	1632	4806
1787820687.992170514	s1-eth15	238194288	7935
1787820687.992170514	s1-eth16	1472	4826
1787820687.992170514	s1-eth17	1632	4806
1787820687.992170514	s1-eth18	1562	4716
1787820687.992170514	s1-eth19	1705748787	8037
1787820687.992170514	s1-eth2	9894	9824
1787820687.992170514	s1-eth20	1472	4806
1787820687.992170514	s1-eth21	1562	4806
1787820687.992170514	s1-eth22	1562	4806
1787820687.992170514	s1-eth23	426739490	7893
1787820687.992170514	s1-eth24	1472	4876
1787820687.992170514	s1-eth25	1562	4806
1787820687.992170514	s1-eth26	1562	4716
1787820687.992170514	s1-eth27	426913829	8111
1787820687.992170514	s1-eth28	1562	4876
1787820687.992170514	s1-eth29	1542	4716
1787820687.992170514	s1-eth3	1919137608	3772262
1787820687.992170514	s1-eth30	1562	4716
1787820687.992170514	s1-eth31	427000276	7895
1787820687.992170514	s1-eth32	1562	4716
1787820687.992170514	s1-eth33	1562	4716
1787820687.992170514	s1-eth34	1562	4716
1787820687.992170514	s1-eth4	1828	5072
1787820687.992170514	s1-eth5	1562	4716
1787820687.992170514	s1-eth6	1632	4806
1787820687.992170514	s1-eth7	427045704	8025
1787820687.992170514	s1-eth8	1562	4716
1787820687.992170514	s1-eth9	1542	4716
1787820687.992170514	s2-eth1	2215938832	1177925078
1787820687.992170514	s2-eth10	1542	4876
1787820687.992170514	s2-eth11	427158539	8395
1787820687.992170514	s2-eth12	1472	4806
1787820687.992170514	s2-eth13	1542	4876
1787820687.992170514	s2-eth14	1562	4806
1787820687.992170514	s2-eth15	238190000	8069
1787820687.992170514	s2-eth16	1562	4806
1787820687.992170514	s2-eth17	1632	4806
1787820687.992170514	s2-eth18	1562	4806
1787820687.992170514	s2-eth19	4633	1126697828
1787820687.992170514	s2-eth2	9796	9824
1787820687.992170514	s2-eth20	1632	4806
1787820687.992170514	s2-eth21	1542	4716
1787820687.992170514	s2-eth22	1562	4876
1787820687.992170514	s2-eth23	4719	354337030
1787820687.992170514	s2-eth24	1542	4806
1787820687.992170514	s2-eth25	1562	4806
1787820687.992170514	s2-eth26	1472	4806
1787820687.992170514	s2-eth27	4707	354533089
1787820687.992170514	s2-eth28	1562	4806
1787820687.992170514	s2-eth29	1472	4806
1787820687.992170514	s2-eth3	85649205	8244
1787820687.992170514	s2-eth30	1472	4911
1787820687.992170514	s2-eth31	4721	354051388
1787820687.992170514	s2-eth32	1472	4716
1787820687.992170514	s2-eth33	1632	4806
1787820687.992170514	s2-eth34	1562	4716
1787820687.992170514	s2-eth4	1562	4806
1787820687.992170514	s2-eth5	1472	4806
1787820687.992170514	s2-eth6	1562	4786
1787820687.992170514	s2-eth7	428480062	8182
1787820687.992170514	s2-eth8	1632	4786
1787820687.992170514	s2-eth9	1472	4806
1787820687.992170514	s3-eth1	2215934250	1374972008
1787820687.992170514	s3-eth10	1542	4876
1787820687.992170514	s3-eth11	4633	346226231
1787820687.992170514	s3-eth12	1312	4716
1787820687.992170514	s3-eth13	1472	4876
1787820687.992170514	s3-eth14	1632	4716
1787820687.992170514	s3-eth15	4671	208864103
1787820687.992170514	s3-eth16	1542	4716
1787820687.992170514	s3-eth17	1472	4716
1787820687.992170514	s3-eth18	1312	4806
1787820687.992170514	s3-eth19	85785788	8000
1787820687.992170514	s3-eth2	9921	9851
1787820687.992170514	s3-eth20	1632	4696
1787820687.992170514	s3-eth21	1542	4696
1787820687.992170514	s3-eth22	1382	4716
1787820687.992170514	s3-eth23	429129546	8101
1787820687.992170514	s3-eth24	1312	4716
1787820687.992170514	s3-eth25	1562	4716
1787820687.992170514	s3-eth26	1382	4716
1787820687.992170514	s3-eth27	429370866	7800
1787820687.992170514	s3-eth28	1472	4876
1787820687.992170514	s3-eth29	1562	4736
1787820687.992170514	s3-eth3	3768732	1299693574
1787820687.992170514	s3-eth30	1472	4876
1787820687.992170514	s3-eth31	429675185	8017
1787820687.992170514	s3-eth32	1382	4716
1787820687.992170514	s3-eth33	1542	4696
1787820687.992170514	s3-eth34	1632	4876
1787820687.992170514	s3-eth4	1472	4786
1787820687.992170514	s3-eth5	1562	4806
1787820687.992170514	s3-eth6	1632	4806
1787820687.992170514	s3-eth7	4781	348436801
1787820687.992170514	s3-eth8	1562	4575
1787820687.992170514	s3-eth9	1632	4806
1787820687.992170514	s4-eth1	2523941962	36538
1787820687.992170514	s4-eth10	1562	4696
1787820687.992170514	s4-eth11	5081	414945229
1787820687.992170514	s4-eth12	1542	4786
1787820687.992170514	s4-eth13	1382	4766
1787820687.992170514	s4-eth14	1312	4786
1787820687.992170514	s4-eth15	4825	230492758
1787820687.992170514	s4-eth16	1382	4716
1787820687.992170514	s4-eth17	1472	4766
1787820687.992170514	s4-eth18	1312	4836
1787820687.992170514	s4-eth19	4776	85483418
1787820687.992170514	s4-eth2	9921	7821
1787820687.992170514	s4-eth20	1562	4786
1787820687.992170514	s4-eth21	1542	4786
1787820687.992170514	s4-eth22	1542	4696
1787820687.992170514	s4-eth23	4767	426851476
1787820687.992170514	s4-eth24	1472	4716
1787820687.992170514	s4-eth25	1472	4716
1787820687.992170514	s4-eth26	1312	4766
1787820687.992170514	s4-eth27	4396	427206694
1787820687.992170514	s4-eth28	1472	4876
1787820687.992170514	s4-eth29	1382	4786
1787820687.992170514	s4-eth3	4750	83301969
1787820687.992170514	s4-eth30	1382	4716
1787820687.992170514	s4-eth31	4840	427056857
1787820687.992170514	s4-eth32	1382	4786
1787820687.992170514	s4-eth33	1382	4766
1787820687.992170514	s4-eth34	1472	4766
1787820687.992170514	s4-eth4	1472	4766
1787820687.992170514	s4-eth5	1382	4696
1787820687.992170514	s4-eth6	1382	4806
1787820687.992170514	s4-eth7	4778	415205260
1787820687.992170514	s4-eth8	1312	4716
1787820687.992170514	s4-eth9	1312	4836
1787820687.992170514	s5-eth1	4979666661	3799442
1787820687.992170514	s5-eth2	1185753723	2230057481
1787820687.992170514	s5-eth3	3800486	3471981304
1787820687.992170514	s5-eth4	10116	8094
1787820687.992170514	s6-eth1	9851	9921
1787820687.992170514	s6-eth2	9851	9823
1787820687.992170514	s6-eth3	9851	8094
1787820687.992170514	s6-eth4	10171	9921
1787820687.992170514	s7-eth1	1383038583	2224228661
1787820687.992170514	s7-eth2	36538	2528451096
1787820687.992170514	s7-eth3	3421793462	3798456
1787820687.992170514	s7-eth4	10018	9851
1787820687.992170514	s8-eth1	9851	9921
1787820687.992170514	s8-eth2	7821	9921
1787820687.992170514	s8-eth3	9851	8024
1787820687.992170514	s8-eth4	10046	9851
1787820687.992170514	s9-eth1	3473946750	3800486
1787820687.992170514	s9-eth2	8094	9851
1787820687.992170514	s9-eth3	3798456	3422187128
1787820687.992170514	s9-eth4	8024	9851
1787820698.861083946	s10-eth1	8121	10144
1787820698.861083946	s10-eth2	9948	10199
1787820698.861083946	s10-eth3	9878	10046
1787820698.861083946	s10-eth4	9878	10074
1787820698.861083946	s1-eth1	3799469	4994961982
1787820698.861083946	s1-eth10	1562	4876
1787820698.861083946	s1-eth11	433012708	8127
1787820698.861083946	s1-eth12	1472	4806
1787820698.861083946	s1-eth13	1472	4806
1787820698.861083946	s1-eth14	1632	4806
1787820698.861083946	s1-eth15	238194288	7935
1787820698.861083946	s1-eth16	1472	4826
1787820698.861083946	s1-eth17	1632	4806
1787820698.861083946	s1-eth18	1562	4716
1787820698.861083946	s1-eth19	1733214561	8037
1787820698.861083946	s1-eth2	9948	9878
1787820698.861083946	s1-eth20	1472	4806
1787820698.861083946	s1-eth21	1562	4806
1787820698.861083946	s1-eth22	1562	4806
1787820698.861083946	s1-eth23	433596200	7893
1787820698.861083946	s1-eth24	1472	4876
1787820698.861083946	s1-eth25	1562	4806
1787820698.861083946	s1-eth26	1562	4716
1787820698.861083946	s1-eth27	433757561	8111
1787820698.861083946	s1-eth28	1562	4876
1787820698.861083946	s1-eth29	1542	4716
1787820698.861083946	s1-eth3	1946798052	3772262
1787820698.861083946	s1-eth30	1562	4716
1787820698.861083946	s1-eth31	433993976	7895
1787820698.861083946	s1-eth32	1562	4716
1787820698.861083946	s1-eth33	1562	4716
1787820698.861083946	s1-eth34	1562	4716
1787820698.861083946	s1-eth4	1828	5072
1787820698.861083946	s1-eth5	1562	4716
1787820698.861083946	s1-eth6	1632	4806
1787820698.861083946	s1-eth7	434278776	8025
1787820698.861083946	s1-eth8	1562	4716
1787820698.861083946	s1-eth9	1542	4716
1787820698.861083946	s2-eth1	2245367222	1194026504
1787820698.861083946	s2-eth10	1542	4876
1787820698.861083946	s2-eth11	434530043	8395
1787820698.861083946	s2-eth12	1472	4806
1787820698.861083946	s2-eth13	1542	4876
1787820698.861083946	s2-eth14	1562	4806
1787820698.861083946	s2-eth15	238190000	8069
1787820698.861083946	s2-eth16	1562	4806
1787820698.861083946	s2-eth17	1632	4806
1787820698.861083946	s2-eth18	1562	4806
1787820698.861083946	s2-eth19	4633	1139606612
1787820698.861083946	s2-eth2	9850	9878
1787820698.861083946	s2-eth20	1632	4806
1787820698.861083946	s2-eth21	1542	4716
1787820698.861083946	s2-eth22	1562	4876
1787820698.861083946	s2-eth23	4719	359993996
1787820698.861083946	s2-eth24	1542	4806
1787820698.861083946	s2-eth25	1562	4806
1787820698.861083946	s2-eth26	1472	4806
1787820698.861083946	s2-eth27	4707	360275133
1787820698.861083946	s2-eth28	1562	4806
1787820698.861083946	s2-eth29	1472	4806
1787820698.861083946	s2-eth3	87104183	8244
1787820698.861083946	s2-eth30	1472	4911
1787820698.861083946	s2-eth31	4721	359776128
1787820698.861083946	s2-eth32	1472	4716
1787820698.861083946	s2-eth33	1632	4806
1787820698.861083946	s2-eth34	1562	4716
1787820698.861083946	s2-eth4	1562	4806
1787820698.861083946	s2-eth5	1472	4806
1787820698.861083946	s2-eth6	1562	4786
1787820698.861083946	s2-eth7	435765046	8182
1787820698.861083946	s2-eth8	1632	4786
1787820698.861083946	s2-eth9	1472	4806
1787820698.861083946	s3-eth1	2240144069	1398456501
1787820698.861083946	s3-eth10	1542	4876
1787820698.861083946	s3-eth11	4633	351992789
1787820698.861083946	s3-eth12	1312	4716
1787820698.861083946	s3-eth13	1472	4876
1787820698.861083946	s3-eth14	1632	4716
1787820698.861083946	s3-eth15	4671	208864103
1787820698.861083946	s3-eth16	1542	4716
1787820698.861083946	s3-eth17	1472	4716
1787820698.861083946	s3-eth18	1312	4806
1787820698.861083946	s3-eth19	87263838	8000
1787820698.861083946	s3-eth2	9975	9905
1787820698.861083946	s3-eth20	1632	4696
1787820698.861083946	s3-eth21	1542	4696
1787820698.861083946	s3-eth22	1382	4716
1787820698.861083946	s3-eth23	436452022	8101
1787820698.861083946	s3-eth24	1312	4716
1787820698.861083946	s3-eth25	1562	4716
1787820698.861083946	s3-eth26	1382	4716
1787820698.861083946	s3-eth27	436676038	7800
1787820698.861083946	s3-eth28	1472	4876
1787820698.861083946	s3-eth29	1562	4736
1787820698.861083946	s3-eth3	3768732	1310662868
1787820698.861083946	s3-eth30	1472	4876
1787820698.861083946	s3-eth31	436888069	8017
1787820698.861083946	s3-eth32	1382	4716
1787820698.861083946	s3-eth33	1542	4696
1787820698.861083946	s3-eth34	1632	4876
1787820698.861083946	s3-eth4	1472	4786
1787820698.861083946	s3-eth5	1562	4806
1787820698.861083946	s3-eth6	1632	4806
1787820698.861083946	s3-eth7	4781	354013015
1787820698.861083946	s3-eth8	1562	4575
1787820698.861083946	s3-eth9	1632	4806
1787820698.861083946	s4-eth1	2562217022	36662
1787820698.861083946	s4-eth10	1562	4696
1787820698.861083946	s4-eth11	5081	422070151
1787820698.861083946	s4-eth12	1542	4786
1787820698.861083946	s4-eth13	1382	4766
1787820698.861083946	s4-eth14	1312	4786
1787820698.861083946	s4-eth15	4825	230492758
1787820698.861083946	s4-eth16	1382	4716
1787820698.861083946	s4-eth17	1472	4766
1787820698.861083946	s4-eth18	1312	4836
1787820698.861083946	s4-eth19	4776	86973004
1787820698.861083946	s4-eth2	9975	7945
1787820698.861083946	s4-eth20	1562	4786
1787820698.861083946	s4-eth21	1542	4786
1787820698.861083946	s4-eth22	1542	4696
1787820698.861083946	s4-eth23	4767	434336968
1787820698.861083946	s4-eth24	1472	4786
1787820698.861083946	s4-eth25	1472	4716
1787820698.861083946	s4-eth26	1312	4836
1787820698.861083946	s4-eth27	4396	434507540
1787820698.861083946	s4-eth28	1472	4876
1787820698.861083946	s4-eth29	1382	4786
1787820698.861083946	s4-eth3	4750	84723781
1787820698.861083946	s4-eth30	1382	4716
1787820698.861083946	s4-eth31	4840	434338957
1787820698.861083946	s4-eth32	1382	4786
1787820698.861083946	s4-eth33	1382	4836
1787820698.861083946	s4-eth34	1472	4766
1787820698.861083946	s4-eth4	1472	4766
1787820698.861083946	s4-eth5	1382	4766
1787820698.861083946	s4-eth6	1382	4806
1787820698.861083946	s4-eth7	4778	422285480
1787820698.861083946	s4-eth8	1312	4716
1787820698.861083946	s4-eth9	1312	4836
1787820698.861083946	s5-eth1	5041681367	3799496
1787820698.861083946	s5-eth2	1201898409	2259275409
1787820698.861083946	s5-eth3	3800540	3510912474
1787820698.861083946	s5-eth4	10172	8148
1787820698.861083946	s6-eth1	9975	9975
1787820698.861083946	s6-eth2	9975	9877
1787820698.861083946	s6-eth3	9975	8148
1787820698.861083946	s6-eth4	10297	9975
1787820698.861083946	s7-eth1	1405568445	2246496149
1787820698.861083946	s7-eth2	36662	2565376444
1787820698.861083946	s7-eth3	3458762070	3798510
1787820698.861083946	s7-eth4	10074	9905
1787820698.861083946	s8-eth1	9905	9975
1787820698.861083946	s8-eth2	7945	9975
1787820698.861083946	s8-eth3	9905	8078
1787820698.861083946	s8-eth4	10172	9905
1787820698.861083946	s9-eth1	3511327770	3800540
1787820698.861083946	s9-eth2	8148	9975
1787820698.861083946	s9-eth3	3798510	3458912038
1787820698.861083946	s9-eth4	8078	9905
1787820709.532345576	s10-eth1	8175	10200
1787820709.532345576	s10-eth2	10002	10325
1787820709.532345576	s10-eth3	9932	10102
1787820709.532345576	s10-eth4	9932	10200
1787820709.532345576	s1-eth1	3799523	5057960132
1787820709.532345576	s1-eth10	1562	4876
1787820709.532345576	s1-eth11	440062646	8127
1787820709.532345576	s1-eth12	1472	4806
1787820709.532345576	s1-eth13	1472	4806
1787820709.532345576	s1-eth14	1632	4806
1787820709.532345576	s1-eth15	238194288	7935
1787820709.532345576	s1-eth16	1542	4826
1787820709.532345576	s1-eth17	1632	4806
1787820709.532345576	s1-eth18	1562	4716
1787820709.532345576	s1-eth19	1759953567	8037
1787820709.532345576	s1-eth2	10002	10002
1787820709.532345576	s1-eth20	1472	4876
1787820709.532345576	s1-eth21	1632	4876
1787820709.532345576	s1-eth22	1562	4806
1787820709.532345576	s1-eth23	440050592	7893
1787820709.532345576	s1-eth24	1472	4876
1787820709.532345576	s1-eth25	1562	4806
1787820709.532345576	s1-eth26	1632	4716
1787820709.532345576	s1-eth27	440230769	8111
1787820709.532345576	s1-eth28	1562	4876
1787820709.532345576	s1-eth29	1542	4716
1787820709.532345576	s1-eth3	1972875180	3772262
1787820709.532345576	s1-eth30	1562	4716
1787820709.532345576	s1-eth31	440506048	7895
1787820709.532345576	s1-eth32	1562	4716
1787820709.532345576	s1-eth33	1562	4716
1787820709.532345576	s1-eth34	1562	4786
1787820709.532345576	s1-eth4	1828	5072
1787820709.532345576	s1-eth5	1562	4716
1787820709.532345576	s1-eth6	1632	4806
1787820709.532345576	s1-eth7	440916302	8025
1787820709.532345576	s1-eth8	1562	4716
1787820709.532345576	s1-eth9	1542	4716
1787820709.532345576	s2-eth1	2269682350	1208644112
1787820709.532345576	s2-eth10	1542	4876
1787820709.532345576	s2-eth11	441109889	8395
1787820709.532345576	s2-eth12	1472	4806
1787820709.532345576	s2-eth13	1542	4876
1787820709.532345576	s2-eth14	1562	4876
1787820709.532345576	s2-eth15	238190000	8069
1787820709.532345576	s2-eth16	1562	4806
1787820709.532345576	s2-eth17	1632	4806
1787820709.532345576	s2-eth18	1632	4806
1787820709.532345576	s2-eth19	4633	1148610460
1787820709.532345576	s2-eth2	9904	10002
1787820709.532345576	s2-eth20	1632	4806
1787820709.532345576	s2-eth21	1542	4716
1787820709.532345576	s2-eth22	1562	4876
1787820709.532345576	s2-eth23	4719	364425262
1787820709.532345576	s2-eth24	1542	4806
1787820709.532345576	s2-eth25	1562	4806
1787820709.532345576	s2-eth26	1542	4806
1787820709.532345576	s2-eth27	4707	364651603
1787820709.532345576	s2-eth28	1562	4806
1787820709.532345576	s2-eth29	1472	4806
1787820709.532345576	s2-eth3	88373213	8244
1787820709.532345576	s2-eth30	1472	4911
1787820709.532345576	s2-eth31	4721	364195858
1787820709.532345576	s2-eth32	1472	4786
1787820709.532345576	s2-eth33	1632	4806
1787820709.532345576	s2-eth34	1562	4716
1787820709.532345576	s2-eth4	1562	4806
1787820709.532345576	s2-eth5	1472	4806
1787820709.532345576	s2-eth6	1562	4786
1787820709.532345576	s2-eth7	441834424	8182
1787820709.532345576	s2-eth8	1632	4786
1787820709.532345576	s2-eth9	1472	4806
1787820709.532345576	s3-eth1	2256130205	1417414529
1787820709.532345576	s3-eth10	1542	4876
1787820709.532345576	s3-eth11	4633	355994339
1787820709.532345576	s3-eth12	1312	4716
1787820709.532345576	s3-eth13	1472	4876
1787820709.532345576	s3-eth14	1632	4716
1787820709.532345576	s3-eth15	4671	208864103
1787820709.532345576	s3-eth16	1542	4716
1787820709.532345576	s3-eth17	1472	4716
1787820709.532345576	s3-eth18	1312	4876
1787820709.532345576	s3-eth19	88372736	8000
1787820709.532345576	s3-eth2	10029	9959
1787820709.532345576	s3-eth20	1632	4696
1787820709.532345576	s3-eth21	1542	4696
1787820709.532345576	s3-eth22	1382	4716
1787820709.532345576	s3-eth23	441835008	8101
1787820709.532345576	s3-eth24	1312	4716
1787820709.532345576	s3-eth25	1562	4716
1787820709.532345576	s3-eth26	1382	4716
1787820709.532345576	s3-eth27	441849934	7870
1787820709.532345576	s3-eth28	1472	4876
1787820709.532345576	s3-eth29	1562	4736
1787820709.532345576	s3-eth3	3768732	1316942848
1787820709.532345576	s3-eth30	1472	4876
1787820709.532345576	s3-eth31	441842781	8017
1787820709.532345576	s3-eth32	1382	4716
1787820709.532345576	s3-eth33	1542	4696
1787820709.532345576	s3-eth34	1632	4876
1787820709.532345576	s3-eth4	1542	4786
1787820709.532345576	s3-eth5	1562	4806
1787820709.532345576	s3-eth6	1632	4806
1787820709.532345576	s3-eth7	4781	357012375
1787820709.532345576	s3-eth8	1562	4575
1787820709.532345576	s3-eth9	1632	4806
1787820709.532345576	s4-eth1	2586449886	36716
1787820709.532345576	s4-eth10	1562	4696
1787820709.532345576	s4-eth11	5081	426342797
1787820709.532345576	s4-eth12	1542	4786
1787820709.532345576	s4-eth13	1382	4766
1787820709.532345576	s4-eth14	1312	4786
1787820709.532345576	s4-eth15	4825	230492758
1787820709.532345576	s4-eth16	1382	4716
1787820709.532345576	s4-eth17	1472	4766
1787820709.532345576	s4-eth18	1312	4836
1787820709.532345576	s4-eth19	4776	87825226
1787820709.532345576	s4-eth2	10029	7999
1787820709.532345576	s4-eth20	1562	4786
1787820709.532345576	s4-eth21	1542	4786
1787820709.532345576	s4-eth22	1542	4696
1787820709.532345576	s4-eth23	4767	438784096
1787820709.532345576	s4-eth24	1472	4786
1787820709.532345576	s4-eth25	1472	4716
1787820709.532345576	s4-eth26	1312	4836
1787820709.532345576	s4-eth27	4396	439085890
1787820709.532345576	s4-eth28	1472	4876
1787820709.532345576	s4-eth29	1382	4786
1787820709.532345576	s4-eth3	4750	85663965
1787820709.532345576	s4-eth30	1382	4716
1787820709.532345576	s4-eth31	4840	439083137
1787820709.532345576	s4-eth32	1382	4786
1787820709.532345576	s4-eth33	1382	4836
1787820709.532345576	s4-eth34	1472	4766
1787820709.532345576	s4-eth4	1472	4766
1787820709.532345576	s4-eth5	1382	4766
1787820709.532345576	s4-eth6	1382	4806
1787820709.532345576	s4-eth7	4778	427270474
1787820709.532345576	s4-eth8	1312	4716
1787820709.532345576	s4-eth9	1312	4836
1787820709.532345576	s5-eth1	5078847529	3799550
1787820709.532345576	s5-eth2	1213092709	2277213943
1787820709.532345576	s5-eth3	3800594	3536921882
1787820709.532345576	s5-eth4	10228	8202
1787820709.532345576	s6-eth1	10029	10029
1787820709.532345576	s6-eth2	10029	9931
1787820709.532345576	s6-eth3	10029	8202
1787820709.532345576	s6-eth4	10353	10029
1787820709.532345576	s7-eth1	1422344727	2261157017
1787820709.532345576	s7-eth2	36716	2594098254
1787820709.532345576	s7-eth3	3485861630	3798564
1787820709.532345576	s7-eth4	10130	9959
1787820709.532345576	s8-eth1	9959	10029
1787820709.532345576	s8-eth2	7999	10029
1787820709.532345576	s8-eth3	9959	8132
1787820709.532345576	s8-eth4	10228	9959
1787820709.532345576	s9-eth1	3539579488	3800594
1787820709.532345576	s9-eth2	8202	10029
1787820709.532345576	s9-eth3	3798564	3487176734
1787820709.532345576	s9-eth4	8132	9959
1787820718.122344667	s10-eth1	8229	10256
1787820718.122344667	s10-eth2	10056	10381
1787820718.122344667	s10-eth3	9986	10158
1787820718.122344667	s10-eth4	9986	10256
1787820718.122344667	s1-eth1	3799577	5102329084
1787820718.122344667	s1-eth10	1562	4876
1787820718.122344667	s1-eth11	445424002	8127
1787820718.122344667	s1-eth12	1472	4806
1787820718.122344667	s1-eth13	1472	4806
1787820718.122344667	s1-eth14	1632	4806
1787820718.122344667	s1-eth15	238194288	7935
1787820718.122344667	s1-eth16	1542	4826
1787820718.122344667	s1-eth17	1632	4806
1787820718.122344667	s1-eth18	1562	4716
1787820718.122344667	s1-eth19	1782826571	8037
1787820718.122344667	s1-eth2	10056	10056
1787820718.122344667	s1-eth20	1472	4876
1787820718.122344667	s1-eth21	1632	4876
1787820718.122344667	s1-eth22	1562	4806
1787820718.122344667	s1-eth23	445991632	7893
1787820718.122344667	s1-eth24	1472	4876
1787820718.122344667	s1-eth25	1562	4806
1787820718.122344667	s1-eth26	1632	4716
1787820718.122344667	s1-eth27	446082405	8111
1787820718.122344667	s1-eth28	1562	4876
1787820718.122344667	s1-eth29	1542	4716
1787820718.122344667	s1-eth3	1996173574	3772262
1787820718.122344667	s1-eth30	1562	4716
1787820718.122344667	s1-eth31	446321634	7895
1787820718.122344667	s1-eth32	1562	4716
1787820718.122344667	s1-eth33	1562	4716
1787820718.122344667	s1-eth34	1562	4786
1787820718.122344667	s1-eth4	1828	5072
1787820718.122344667	s1-eth5	1562	4716
1787820718.122344667	s1-eth6	1632	4806
1787820718.122344667	s1-eth7	446607876	8025
1787820718.122344667	s1-eth8	1562	4716
1787820718.122344667	s1-eth9	1542	4716
1787820718.122344667	s2-eth1	2297575010	1221077090
1787820718.122344667	s2-eth10	1542	4876
1787820718.122344667	s2-eth11	446811557	8395
1787820718.122344667	s2-eth12	1472	4806
1787820718.122344667	s2-eth13	1542	4876
1787820718.122344667	s2-eth14	1562	4876
1787820718.122344667	s2-eth15	238190000	8069
1787820718.122344667	s2-eth16	1562	4806
1787820718.122344667	s2-eth17	1632	4806
1787820718.122344667	s2-eth18	1632	4806
1787820718.122344667	s2-eth19	4633	1162746386
1787820718.122344667	s2-eth2	9958	10056
1787820718.122344667	s2-eth20	1632	4806
1787820718.122344667	s2-eth21	1542	4716
1787820718.122344667	s2-eth22	1562	4876
1787820718.122344667	s2-eth23	4719	369084364
1787820718.122344667	s2-eth24	1542	4806
1787820718.122344667	s2-eth25	1562	4806
1787820718.122344667	s2-eth26	1542	4806
1787820718.122344667	s2-eth27	4707	369407319
1787820718.122344667	s2-eth28	1562	4806
1787820718.122344667	s2-eth29	1472	4806
1787820718.122344667	s2-eth3	89528255	8244
1787820718.122344667	s2-eth30	1472	4911
1787820718.122344667	s2-eth31	4721	368856402
1787820718.122344667	s2-eth32	1472	4786
1787820718.122344667	s2-eth33	1632	4806
1787820718.122344667	s2-eth34	1562	4716
1787820718.122344667	s2-eth4	1562	4806
1787820718.122344667	s2-eth5	1472	4806
1787820718.122344667	s2-eth6	1562	4786
1787820718.122344667	s2-eth7	447902360	8182
1787820718.122344667	s2-eth8	1632	4786
1787820718.122344667	s2-eth9	1472	4806
1787820718.122344667	s3-eth1	2279644953	1437537693
1787820718.122344667	s3-eth10	1542	4876
1787820718.122344667	s3-eth11	4633	360669303
1787820718.122344667	s3-eth12	1312	4716
1787820718.122344667	s3-eth13	1472	4876
1787820718.122344667	s3-eth14	1632	4716
1787820718.122344667	s3-eth15	4671	208864103
1787820718.122344667	s3-eth16	1542	4716
1787820718.122344667	s3-eth17	1472	4716
1787820718.122344667	s3-eth18	1312	4876
1787820718.122344667	s3-eth19	89736868	8000
1787820718.122344667	s3-eth2	10083	10013
1787820718.122344667	s3-eth20	1632	4696
1787820718.122344667	s3-eth21	1542	4696
1787820718.122344667	s3-eth22	1382	4716
1787820718.122344667	s3-eth23	448968582	8101
1787820718.122344667	s3-eth24	1312	4716
1787820718.122344667	s3-eth25	1562	4716
1787820718.122344667	s3-eth26	1382	4716
1787820718.122344667	s3-eth27	449282002	7870
1787820718.122344667	s3-eth28	1472	4876
1787820718.122344667	s3-eth29	1562	4736
1787820718.122344667	s3-eth3	3768732	1331915134
1787820718.122344667	s3-eth30	1472	4876
1787820718.122344667	s3-eth31	449460867	8017
1787820718.122344667	s3-eth32	1382	4716
1787820718.122344667	s3-eth33	1542	4696
1787820718.122344667	s3-eth34	1632	4876
1787820718.122344667	s3-eth4	1542	4786
1787820718.122344667	s3-eth5	1562	4806
1787820718.122344667	s3-eth6	1632	4806
1787820718.122344667	s3-eth7	4781	362370847
1787820718.122344667	s3-eth8	1562	4575
1787820718.122344667	s3-eth9	1632	4806
1787820718.122344667	s4-eth1	2626416412	36770
1787820718.122344667	s4-eth10	1562	4696
1787820718.122344667	s4-eth11	5081	433402829
1787820718.122344667	s4-eth12	1542	4786
1787820718.122344667	s4-eth13	1382	4766
1787820718.122344667	s4-eth14	1312	4786
1787820718.122344667	s4-eth15	4825	230492758
1787820718.122344667	s4-eth16	1382	4716
1787820718.122344667	s4-eth17	1472	4766
1787820718.122344667	s4-eth18	1312	4836
1787820718.122344667	s4-eth19	4776	89320580
1787820718.122344667	s4-eth2	10083	8053
1787820718.122344667	s4-eth20	1562	4786
1787820718.122344667	s4-eth21	1542	4786
1787820718.122344667	s4-eth22	1542	4696
1787820718.122344667	s4-eth23	4767	446158484
1787820718.122344667	s4-eth24	1472	4786
1787820718.122344667	s4-eth25	1472	4716
1787820718.122344667	s4-eth26	1312	4836
1787820718.122344667	s4-eth27	4396	446535262
1787820718.122344667	s4-eth28	1472	4876
1787820718.122344667	s4-eth29	1382	4786
1787820718.122344667	s4-eth3	4750	87072799
1787820718.122344667	s4-eth30	1382	4716
1787820718.122344667	s4-eth31	4840	446562791
1787820718.122344667	s4-eth32	1382	4786
1787820718.122344667	s4-eth33	1382	4836
1787820718.122344667	s4-eth34	1472	4766
1787820718.122344667	s4-eth4	1472	4766
1787820718.122344667	s4-eth5	1382	4766
1787820718.122344667	s4-eth6	1382	4806
1787820718.122344667	s4-eth7	4778	434076714
1787820718.122344667	s4-eth8	1312	4716
1787820718.122344667	s4-eth9	1312	4836
1787820718.122344667	s5-eth1	5146053435	3799604
1787820718.122344667	s5-eth2	1228920155	2309686395
1787820718.122344667	s5-eth3	3800648	3579466704
1787820718.122344667	s5-eth4	10284	8256
1787820718.122344667	s6-eth1	10083	10083
1787820718.122344667	s6-eth2	10083	9985
1787820718.122344667	s6-eth3	10083	8256
1787820718.122344667	s6-eth4	10409	10083
1787820718.122344667	s7-eth1	1444502553	2285029381
1787820718.122344667	s7-eth2	36770	2630233386
1787820718.122344667	s7-eth3	3525747404	3798618
1787820718.122344667	s7-eth4	10186	10013
1787820718.122344667	s8-eth1	10013	10083
1787820718.122344667	s8-eth2	8053	10083
1787820718.122344667	s8-eth3	10013	8186
1787820718.122344667	s8-eth4	10284	10013
1787820718.122344667	s9-eth1	3579605136	3800648
1787820718.122344667	s9-eth2	8256	10083
1787820718.122344667	s9-eth3	3798618	3525792106
1787820718.122344667	s9-eth4	8186	10013
1787820728.373159965	s10-eth1	8283	10312
1787820728.373159965	s10-eth2	10110	10437
1787820728.373159965	s10-eth3	10040	10214
1787820728.373159965	s10-eth4	10040	10312
1787820728.373159965	s1-eth1	3799631	5165715132
1787820728.373159965	s1-eth10	1562	5079
1787820728.373159965	s1-eth11	452008174	8330
1787820728.373159965	s1-eth12	1472	4806
1787820728.373159965	s1-eth13	1472	5009
1787820728.373159965	s1-eth14	1632	4806
1787820728.373159965	s1-eth15	238194288	8138
1787820728.373159965	s1-eth16	1542	5029
1787820728.373159965	s1-eth17	1632	5009
1787820728.373159965	s1-eth18	1562	4919
1787820728.373159965	s1-eth19	1808910909	8240
1787820728.373159965	s1-eth2	10110	10110
1787820728.373159965	s1-eth20	1472	5079
1787820728.373159965	s1-eth21	1632	5079
1787820728.373159965	s1-eth22	1562	5009
1787820728.373159965	s1-eth23	452557058	8096
1787820728.373159965	s1-eth24	1472	5079
1787820728.373159965	s1-eth25	1562	5009
1787820728.373159965	s1-eth26	1632	4919
1787820728.373159965	s1-eth27	452802125	8314
1787820728.373159965	s1-eth28	1562	5079
1787820728.373159965	s1-eth29	1542	4919
1787820728.373159965	s1-eth3	2023457656	3772465
1787820728.373159965	s1-eth30	1562	4919
1787820728.373159965	s1-eth31	453189880	8098
1787820728.373159965	s1-eth32	1562	4919
1787820728.373159965	s1-eth33	1562	4919
1787820728.373159965	s1-eth34	1562	4989
1787820728.373159965	s1-eth4	1828	5275
1787820728.373159965	s1-eth5	1562	4919
1787820728.373159965	s1-eth6	1632	5009
1787820728.373159965	s1-eth7	453591482	8228
1787820728.373159965	s1-eth8	1562	4919
1787820728.373159965	s1-eth9	1542	4919
1787820728.373159965	s2-eth1	2332712481	1236672577
1787820728.373159965	s2-eth10	1542	5079
1787820728.373159965	s2-eth11	453900429	8598
1787820728.373159965	s2-eth12	1472	5009
1787820728.373159965	s2-eth13	1542	5079
1787820728.373159965	s2-eth14	1562	5079
1787820728.373159965	s2-eth15	238190000	8272
1787820728.373159965	s2-eth16	1562	5009
1787820728.373159965	s2-eth17	1632	5009
1787820728.373159965	s2-eth18	1632	5009
1787820728.373159965	s2-eth19	4633	1177103141
1787820728.373159965	s2-eth2	10215	10340
1787820728.373159965	s2-eth20	1632	5009
1787820728.373159965	s2-eth21	1542	4919
1787820728.373159965	s2-eth22	1562	5079
1787820728.373159965	s2-eth23	4719	374008997
1787820728.373159965	s2-eth24	1542	5009
1787820728.373159965	s2-eth25	1562	5009
1787820728.373159965	s2-eth26	1542	5009
1787820728.373159965	s2-eth27	4707	374477594
1787820728.373159965	s2-eth28	1562	5009
1787820728.373159965	s2-eth29	1472	5009
1787820728.373159965	s2-eth3	91036587	8447
1787820728.373159965	s2-eth30	1472	5114
1787820728.373159965	s2-eth31	4721	374020407
1787820728.373159965	s2-eth32	1472	4989
1787820728.373159965	s2-eth33	1632	5009
1787820728.373159965	s2-eth34	1562	4919
1787820728.373159965	s2-eth4	1562	5009
1787820728.373159965	s2-eth5	1472	5009
1787820728.373159965	s2-eth6	1562	4989
1787820728.373159965	s2-eth7	455256560	8385
1787820728.373159965	s2-eth8	1632	4989
1787820728.373159965	s2-eth9	1472	5009
1787820728.373159965	s3-eth1	2305843466	1459723120
1787820728.373159965	s3-eth10	1542	5079
1787820728.373159965	s3-eth11	4633	365530488
1787820728.373159965	s3-eth12	1312	4919
1787820728.373159965	s3-eth13	1472	5079
1787820728.373159965	s3-eth14	1632	4919
1787820728.373159965	s3-eth15	4671	208864306
1787820728.373159965	s3-eth16	1542	4919
1787820728.373159965	s3-eth17	1472	4919
1787820728.373159965	s3-eth18	1312	5079
1787820728.373159965	s3-eth19	91145702	8203
1787820728.373159965	s3-eth2	10340	10270
1787820728.373159965	s3-eth20	1632	4899
1787820728.373159965	s3-eth21	1542	4899
1787820728.373159965	s3-eth22	1382	4919
1787820728.373159965	s3-eth23	455815198	8304
1787820728.373159965	s3-eth24	1312	4919
1787820728.373159965	s3-eth25	1562	4919
1787820728.373159965	s3-eth26	1382	4919
1787820728.373159965	s3-eth27	456039214	8073
1787820728.373159965	s3-eth28	1472	5079
1787820728.373159965	s3-eth29	1562	4939
1787820728.373159965	s3-eth3	3768732	1344248763
1787820728.373159965	s3-eth30	1472	5079
1787820728.373159965	s3-eth31	456282969	8220
1787820728.373159965	s3-eth32	1382	4919
1787820728.373159965	s3-eth33	1542	4899
1787820728.373159965	s3-eth34	1632	5079
1787820728.373159965	s3-eth4	1542	4989
1787820728.373159965	s3-eth5	1562	5009
1787820728.373159965	s3-eth6	1632	5009
1787820728.373159965	s3-eth7	4781	367207518
1787820728.373159965	s3-eth8	1562	4778
1787820728.373159965	s3-eth9	1632	5009
1787820728.373159965	s4-eth1	2665393847	38115
1787820728.373159965	s4-eth10	1562	4899
1787820728.373159965	s4-eth11	5815	440681646
1787820728.373159965	s4-eth12	1542	4989
1787820728.373159965	s4-eth13	1382	4969
1787820728.373159965	s4-eth14	1312	4989
1787820728.373159965	s4-eth15	4825	230492961
1787820728.373159965	s4-eth16	1382	4919
1787820728.373159965	s4-eth17	1472	4969
1787820728.373159965	s4-eth18	1312	5039
1787820728.373159965	s4-eth19	4776	90728175
1787820728.373159965	s4-eth2	10340	8107
1787820728.373159965	s4-eth20	1562	4989
1787820728.373159965	s4-eth21	1542	4989
1787820728.373159965	s4-eth22	1542	4899
1787820728.373159965	s4-eth23	4767	453223045
1787820728.373159965	s4-eth24	1472	4989
1787820728.373159965	s4-eth25	1472	4919
1787820728.373159965	s4-eth26	1312	5039
1787820728.373159965	s4-eth27	5194	453416089
1787820728.373159965	s4-eth28	1472	5079
1787820728.373159965	s4-eth29	1382	4989
1787820728.373159965	s4-eth3	5771	88394792
1787820728.373159965	s4-eth30	1382	4919
1787820728.373159965	s4-eth31	5574	453230200
1787820728.373159965	s4-eth32	1382	4989
1787820728.373159965	s4-eth33	1382	5039
1787820728.373159965	s4-eth34	1472	4969
1787820728.373159965	s4-eth4	1472	4969
1787820728.373159965	s4-eth5	1382	4969
1787820728.373159965	s4-eth6	1382	5009
1787820728.373159965	s4-eth7	5512	440682119
1787820728.373159965	s4-eth8	1312	4919
1787820728.373159965	s4-eth9	1312	5039
1787820728.373159965	s5-eth1	5207021987	3805423
1787820728.373159965	s5-eth2	1243750289	2341735189
1787820728.373159965	s5-eth3	3805881	3619387299
1787820728.373159965	s5-eth4	10543	8310
1787820728.373159965	s6-eth1	10340	10340
1787820728.373159965	s6-eth2	10340	10242
1787820728.373159965	s6-eth3	10340	8310
1787820728.373159965	s6-eth4	10668	10340
1787820728.373159965	s7-eth1	1466301738	2309651889
1787820728.373159965	s7-eth2	42649	2666334842
1787820728.373159965	s7-eth3	3565431538	3803675
1787820728.373159965	s7-eth4	10473	10297
1787820728.373159965	s8-eth1	10297	10367
1787820728.373159965	s8-eth2	8134	10367
1787820728.373159965	s8-eth3	10297	8267
1787820728.373159965	s8-eth4	10571	10297
1787820728.373159965	s9-eth1	3619387326	3805908
1787820728.373159965	s9-eth2	8337	10367
1787820728.373159965	s9-eth3	3803675	3565431538
1787820728.373159965	s9-eth4	8267	10297
1787820739.886917501	s10-eth1	8337	10571
1787820739.886917501	s10-eth2	10367	10696
1787820739.886917501	s10-eth3	10297	10473
1787820739.886917501	s10-eth4	10367	10571
1787820739.886917501	s1-eth1	3805450	5207022084
1787820739.886917501	s1-eth10	1562	5079
1787820739.886917501	s1-eth11	457064800	9353
1787820739.886917501	s1-eth12	1472	5009
1787820739.886917501	s1-eth13	1542	5079
1787820739.886917501	s1-eth14	1632	5009
1787820739.886917501	s1-eth15	238194288	8208
1787820739.886917501	s1-eth16	1542	5029
1787820739.886917501	s1-eth17	1632	5009
1787820739.886917501	s1-eth18	1632	4919
1787820739.886917501	s1-eth19	1828248971	8974
1787820739.886917501	s1-eth2	10367	10367
1787820739.886917501	s1-eth20	1472	5079
1787820739.886917501	s1-eth21	1632	5079
1787820739.886917501	s1-eth22	1562	5009
1787820739.886917501	s1-eth23	457069984	8828
1787820739.886917501	s1-eth24	1472	5079
1787820739.886917501	s1-eth25	1562	5009
1787820739.886917501	s1-eth26	1632	4919
1787820739.886917501	s1-eth27	457062634	9192
1787820739.886917501	s1-eth28	1562	5079
1787820739.886917501	s1-eth29	1542	4919
1787820739.886917501	s1-eth3	2038939955	3773266
1787820739.886917501	s1-eth30	1562	4919
1787820739.886917501	s1-eth31	457069769	8829
1787820739.886917501	s1-eth32	1562	4919
1787820739.886917501	s1-eth33	1562	4989
1787820739.886917501	s1-eth34	1562	4989
1787820739.886917501	s1-eth4	1828	5275
1787820739.886917501	s1-eth5	1562	4989
1787820739.886917501	s1-eth6	1632	5009
1787820739.886917501	s1-eth7	457066236	8961
1787820739.886917501	s1-eth8	1632	4919
1787820739.886917501	s1-eth9	1542	4919
1787820739.886917501	s2-eth1	2341735216	1243750316
1787820739.886917501	s2-eth10	1542	5079
1787820739.886917501	s2-eth11	457070785	9332
1787820739.886917501	s2-eth12	1472	5009
1787820739.886917501	s2-eth13	1542	5079
1787820739.886917501	s2-eth14	1632	5079
1787820739.886917501	s2-eth15	238190000	8272
1787820739.886917501	s2-eth16	1562	5009
1787820739.886917501	s2-eth17	1632	5009
1787820739.886917501	s2-eth18	1632	5079
1787820739.886917501	s2-eth19	5367	1179030428
1787820739.886917501	s2-eth2	10269	10367
1787820739.886917501	s2-eth20	1632	5079
1787820739.886917501	s2-eth21	1542	4919
1787820739.886917501	s2-eth22	1562	5079
1787820739.886917501	s2-eth23	5451	375746006
1787820739.886917501	s2-eth24	1542	5009
1787820739.886917501	s2-eth25	1562	5009
1787820739.886917501	s2-eth26	1542	5009
1787820739.886917501	s2-eth27	5585	376110849
1787820739.886917501	s2-eth28	1562	5009
1787820739.886917501	s2-eth29	1472	5009
1787820739.886917501	s2-eth3	91422961	9468
1787820739.886917501	s2-eth30	1472	5114
1787820739.886917501	s2-eth31	5452	375479111
1787820739.886917501	s2-eth32	1472	4989
1787820739.886917501	s2-eth33	1632	5009
1787820739.886917501	s2-eth34	1562	4919
1787820739.886917501	s2-eth4	1562	5009
1787820739.886917501	s2-eth5	1472	5009
1787820739.886917501	s2-eth6	1632	4989
1787820739.886917501	s2-eth7	457051250	9119
1787820739.886917501	s2-eth8	1632	4989
1787820739.886917501	s2-eth9	1472	5009
1787820739.886917501	s3-eth1	2309651916	1466301765
1787820739.886917501	s3-eth10	1542	5079
1787820739.886917501	s3-eth11	5656	366579796
1787820739.886917501	s3-eth12	1312	4919
1787820739.886917501	s3-eth13	1472	5079
1787820739.886917501	s3-eth14	1632	4919
1787820739.886917501	s3-eth15	4671	208864306
1787820739.886917501	s3-eth16	1542	4989
1787820739.886917501	s3-eth17	1542	4919
1787820739.886917501	s3-eth18	1312	5079
1787820739.886917501	s3-eth19	91422028	9076
1787820739.886917501	s3-eth2	10367	10297
1787820739.886917501	s3-eth20	1632	4969
1787820739.886917501	s3-eth21	1542	4899
1787820739.886917501	s3-eth22	1382	4919
1787820739.886917501	s3-eth23	457067696	9032
1787820739.886917501	s3-eth24	1312	4919
1787820739.886917501	s3-eth25	1562	4989
1787820739.886917501	s3-eth26	1382	4919
1787820739.886917501	s3-eth27	457069781	8871
1787820739.886917501	s3-eth28	1472	5079
1787820739.886917501	s3-eth29	1562	5009
1787820739.886917501	s3-eth3	3769533	1344936008
1787820739.886917501	s3-eth30	1472	5079
1787820739.886917501	s3-eth31	457068327	8954
1787820739.886917501	s3-eth32	1382	4919
1787820739.886917501	s3-eth33	1542	4899
1787820739.886917501	s3-eth34	1632	5079
1787820739.886917501	s3-eth4	1542	4989
1787820739.886917501	s3-eth5	1562	5009
1787820739.886917501	s3-eth6	1632	5009
1787820739.886917501	s3-eth7	5584	367568860
1787820739.886917501	s3-eth8	1562	4778
1787820739.886917501	s3-eth9	1632	5079
1787820739.886917501	s4-eth1	2666334842	42676
1787820739.886917501	s4-eth10	1562	4899
1787820739.886917501	s4-eth11	5815	440681646
1787820739.886917501	s4-eth12	1542	4989
1787820739.886917501	s4-eth13	1382	4969
1787820739.886917501	s4-eth14	1312	4989
1787820739.886917501	s4-eth15	4825	230492961
1787820739.886917501	s4-eth16	1382	4989
1787820739.886917501	s4-eth17	1472	4969
1787820739.886917501	s4-eth18	1312	5039
1787820739.886917501	s4-eth19	5649	90757919
1787820739.886917501	s4-eth2	10367	8134
1787820739.886917501	s4-eth20	1632	4989
1787820739.886917501	s4-eth21	1542	4989
1787820739.886917501	s4-eth22	1542	4899
1787820739.886917501	s4-eth23	5495	453245517
1787820739.886917501	s4-eth24	1542	4989
1787820739.886917501	s4-eth25	1472	4989
1787820739.886917501	s4-eth26	1312	5039
1787820739.886917501	s4-eth27	5194	453416089
1787820739.886917501	s4-eth28	1472	5079
1787820739.886917501	s4-eth29	1382	4989
1787820739.886917501	s4-eth3	5771	88394792
1787820739.886917501	s4-eth30	1382	4919
1787820739.886917501	s4-eth31	5574	453230200
1787820739.886917501	s4-eth32	1382	4989
1787820739.886917501	s4-eth33	1382	5039
1787820739.886917501	s4-eth34	1472	4969
1787820739.886917501	s4-eth4	1542	4969
1787820739.886917501	s4-eth5	1382	4969
1787820739.886917501	s4-eth6	1382	5009
1787820739.886917501	s4-eth7	5512	440682119
1787820739.886917501	s4-eth8	1312	4919
1787820739.886917501	s4-eth9	1312	5039
1787820739.886917501	s5-eth1	5207022111	3805477
1787820739.886917501	s5-eth2	1243750343	2341735243
1787820739.886917501	s5-eth3	3805935	3619387353
1787820739.886917501	s5-eth4	10599	8364
1787820739.886917501	s6-eth1	10394	10394
1787820739.886917501	s6-eth2	10394	10296
1787820739.886917501	s6-eth3	10394	8364
1787820739.886917501	s6-eth4	10724	10394
1787820739.886917501	s7-eth1	1466301792	2309651943
1787820739.886917501	s7-eth2	42703	2666334869
1787820739.886917501	s7-eth3	3565431565	3803702
1787820739.886917501	s7-eth4	10501	10324
1787820739.886917501	s8-eth1	10324	10394
1787820739.886917501	s8-eth2	8161	10394
1787820739.886917501	s8-eth3	10324	8294
1787820739.886917501	s8-eth4	10599	10394
1787820739.886917501	s9-eth1	3619387353	3805935
1787820739.886917501	s9-eth2	8364	10394
1787820739.886917501	s9-eth3	3803702	3565431565
1787820739.886917501	s9-eth4	8294	10324
1787820745.453963859	s10-eth1	8364	10599
1787820745.453963859	s10-eth2	10394	10724
1787820745.453963859	s10-eth3	10324	10501
1787820745.453963859	s10-eth4	10394	10599
1787820745.453963859	s1-eth1	3805477	5207022111
1787820745.453963859	s1-eth10	1562	5079
1787820745.453963859	s1-eth11	457064800	9353
1787820745.453963859	s1-eth12	1472	5009
1787820745.453963859	s1-eth13	1542	5079
1787820745.453963859	s1-eth14	1632	5009
1787820745.453963859	s1-eth15	238194288	8208
1787820745.453963859	s1-eth16	1542	5029
1787820745.453963859	s1-eth17	1632	5009
1787820745.453963859	s1-eth18	1632	4919
1787820745.453963859	s1-eth19	1828248971	8974
1787820745.453963859	s1-eth2	10394	10394
1787820745.453963859	s1-eth20	1472	5079
1787820745.453963859	s1-eth21	1632	5079
1787820745.453963859	s1-eth22	1562	5009
1787820745.453963859	s1-eth23	457069984	8828
1787820745.453963859	s1-eth24	1472	5079
1787820745.453963859	s1-eth25	1562	5009
1787820745.453963859	s1-eth26	1632	4919
1787820745.453963859	s1-eth27	457062634	9192
1787820745.453963859	s1-eth28	1562	5079
1787820745.453963859	s1-eth29	1542	4919
1787820745.453963859	s1-eth3	2038939955	3773266
1787820745.453963859	s1-eth30	1562	4919
1787820745.453963859	s1-eth31	457069769	8829
1787820745.453963859	s1-eth32	1562	4919
1787820745.453963859	s1-eth33	1562	4989
1787820745.453963859	s1-eth34	1562	4989
1787820745.453963859	s1-eth4	1828	5275
1787820745.453963859	s1-eth5	1562	4989
1787820745.453963859	s1-eth6	1632	5009
1787820745.453963859	s1-eth7	457066236	8961
1787820745.453963859	s1-eth8	1632	4919
1787820745.453963859	s1-eth9	1542	4919
1787820745.453963859	s2-eth1	2341735243	1243750343
1787820745.453963859	s2-eth10	1542	5079
1787820745.453963859	s2-eth11	457070785	9332
1787820745.453963859	s2-eth12	1472	5009
1787820745.453963859	s2-eth13	1542	5079
1787820745.453963859	s2-eth14	1632	5079
1787820745.453963859	s2-eth15	238190000	8272
1787820745.453963859	s2-eth16	1562	5009
1787820745.453963859	s2-eth17	1632	5009
1787820745.453963859	s2-eth18	1632	5079
1787820745.453963859	s2-eth19	5367	1179030428
1787820745.453963859	s2-eth2	10296	10394
1787820745.453963859	s2-eth20	1632	5079
1787820745.453963859	s2-eth21	1542	4919
1787820745.453963859	s2-eth22	1562	5079
1787820745.453963859	s2-eth23	5451	375746006
1787820745.453963859	s2-eth24	1542	5009
1787820745.453963859	s2-eth25	1562	5009
1787820745.453963859	s2-eth26	1542	5009
1787820745.453963859	s2-eth27	5585	376110849
1787820745.453963859	s2-eth28	1562	5009
1787820745.453963859	s2-eth29	1472	5009
1787820745.453963859	s2-eth3	91422961	9468
1787820745.453963859	s2-eth30	1472	5114
1787820745.453963859	s2-eth31	5452	375479111
1787820745.453963859	s2-eth32	1472	4989
1787820745.453963859	s2-eth33	1632	5009
1787820745.453963859	s2-eth34	1562	4919
1787820745.453963859	s2-eth4	1562	5009
1787820745.453963859	s2-eth5	1472	5009
1787820745.453963859	s2-eth6	1632	4989
1787820745.453963859	s2-eth7	457051250	9119
1787820745.453963859	s2-eth8	1632	4989
1787820745.453963859	s2-eth9	1472	5009
1787820745.453963859	s3-eth1	2309651943	1466301792
1787820745.453963859	s3-eth10	1542	5079
1787820745.453963859	s3-eth11	5656	366579796
1787820745.453963859	s3-eth12	1312	4919
1787820745.453963859	s3-eth13	1472	5079
1787820745.453963859	s3-eth14	1632	4919
1787820745.453963859	s3-eth15	4671	208864306
1787820745.453963859	s3-eth16	1542	4989
1787820745.453963859	s3-eth17	1542	4919
1787820745.453963859	s3-eth18	1312	5079
1787820745.453963859	s3-eth19	91422028	9076
1787820745.453963859	s3-eth2	10394	10324
1787820745.453963859	s3-eth20	1632	4969
1787820745.453963859	s3-eth21	1542	4899
1787820745.453963859	s3-eth22	1382	4919
1787820745.453963859	s3-eth23	457067696	9032
1787820745.453963859	s3-eth24	1312	4919
1787820745.453963859	s3-eth25	1562	4989
1787820745.453963859	s3-eth26	1382	4919
1787820745.453963859	s3-eth27	457069781	8871
1787820745.453963859	s3-eth28	1472	5079
1787820745.453963859	s3-eth29	1562	5009
1787820745.453963859	s3-eth3	3769533	1344936008
1787820745.453963859	s3-eth30	1472	5079
1787820745.453963859	s3-eth31	457068327	8954
1787820745.453963859	s3-eth32	1382	4919
1787820745.453963859	s3-eth33	1542	4899
1787820745.453963859	s3-eth34	1632	5079
1787820745.453963859	s3-eth4	1542	4989
1787820745.453963859	s3-eth5	1562	5009
1787820745.453963859	s3-eth6	1632	5009
1787820745.453963859	s3-eth7	5584	367568860
1787820745.453963859	s3-eth8	1562	4778
1787820745.453963859	s3-eth9	1632	5079
1787820745.453963859	s4-eth1	2666334896	42730
1787820745.453963859	s4-eth10	1562	4899
1787820745.453963859	s4-eth11	5815	440681646
1787820745.453963859	s4-eth12	1542	4989
1787820745.453963859	s4-eth13	1382	4969
1787820745.453963859	s4-eth14	1312	4989
1787820745.453963859	s4-eth15	4825	230492961
1787820745.453963859	s4-eth16	1382	4989
1787820745.453963859	s4-eth17	1472	4969
1787820745.453963859	s4-eth18	1312	5039
1787820745.453963859	s4-eth19	5649	90757919
1787820745.453963859	s4-eth2	10421	8188
1787820745.453963859	s4-eth20	1632	4989
1787820745.453963859	s4-eth21	1542	4989
1787820745.453963859	s4-eth22	1542	4899
1787820745.453963859	s4-eth23	5495	453245517
1787820745.453963859	s4-eth24	1542	4989
1787820745.453963859	s4-eth25	1472	4989
1787820745.453963859	s4-eth26	1312	5039
1787820745.453963859	s4-eth27	5194	453416089
1787820745.453963859	s4-eth28	1472	5079
1787820745.453963859	s4-eth29	1382	4989
1787820745.453963859	s4-eth3	5771	88394792
1787820745.453963859	s4-eth30	1382	4919
1787820745.453963859	s4-eth31	5574	453230200
1787820745.453963859	s4-eth32	1382	4989
1787820745.453963859	s4-eth33	1382	5039
1787820745.453963859	s4-eth34	1472	4969
1787820745.453963859	s4-eth4	1542	4969
1787820745.453963859	s4-eth5	1382	4969
1787820745.453963859	s4-eth6	1382	5009
1787820745.453963859	s4-eth7	5512	440682119
1787820745.453963859	s4-eth8	1312	4919
1787820745.453963859	s4-eth9	1312	5039
1787820745.453963859	s5-eth1	5207022138	3805504
1787820745.453963859	s5-eth2	1243750370	2341735270
1787820745.453963859	s5-eth3	3805962	3619387380
1787820745.453963859	s5-eth4	10627	8391
1787820745.453963859	s6-eth1	10421	10421
1787820745.453963859	s6-eth2	10421	10323
1787820745.453963859	s6-eth3	10421	8391
1787820745.453963859	s6-eth4	10752	10421
1787820745.453963859	s7-eth1	1466301819	2309651970
1787820745.453963859	s7-eth2	42730	2666334896
1787820745.453963859	s7-eth3	3565431592	3803729
1787820745.453963859	s7-eth4	10529	10351
1787820745.453963859	s8-eth1	10351	10421
1787820745.453963859	s8-eth2	8188	10421
1787820745.453963859	s8-eth3	10351	8321
1787820745.453963859	s8-eth4	10627	10421
1787820745.453963859	s9-eth1	3619387380	3805962
1787820745.453963859	s9-eth2	8391	10421
1787820745.453963859	s9-eth3	3803729	3565431592
1787820745.453963859	s9-eth4	8321	10351
