ts	iface	rx_bytes	tx_bytes
1787819956.709031349	s10-eth1	3985	5454
1787819956.709031349	s10-eth2	5406	5579
1787819956.709031349	s10-eth3	5336	5356
1787819956.709031349	s10-eth4	5336	5384
1787819956.709031349	s1-eth1	3779862	470312138
1787819956.709031349	s1-eth10	1422	4330
1787819956.709031349	s1-eth11	19315667	5509
1787819956.709031349	s1-eth12	1332	4260
1787819956.709031349	s1-eth13	1332	4330
1787819956.709031349	s1-eth14	1492	4260
1787819956.709031349	s1-eth15	19316076	5669
1787819956.709031349	s1-eth16	1402	4280
1787819956.709031349	s1-eth17	1492	4260
1787819956.709031349	s1-eth18	1422	4170
1787819956.709031349	s1-eth19	77252476	5642
1787819956.709031349	s1-eth2	5406	5406
1787819956.709031349	s1-eth20	1332	4330
1787819956.709031349	s1-eth21	1422	4330
1787819956.709031349	s1-eth22	1422	4260
1787819956.709031349	s1-eth23	19315727	5507
1787819956.709031349	s1-eth24	1402	4330
1787819956.709031349	s1-eth25	1422	4260
1787819956.709031349	s1-eth26	1422	4170
1787819956.709031349	s1-eth27	19308300	5581
1787819956.709031349	s1-eth28	1422	4330
1787819956.709031349	s1-eth29	1402	4170
1787819956.709031349	s1-eth3	287950593	3769941
1787819956.709031349	s1-eth30	1422	4170
1787819956.709031349	s1-eth31	19315510	5510
1787819956.709031349	s1-eth32	1422	4170
1787819956.709031349	s1-eth33	1422	4170
1787819956.709031349	s1-eth34	1492	4240
1787819956.709031349	s1-eth4	1688	4526
1787819956.709031349	s1-eth5	1422	4170
1787819956.709031349	s1-eth6	1492	4260
1787819956.709031349	s1-eth7	19315971	5563
1787819956.709031349	s1-eth8	1422	4170
1787819956.709031349	s1-eth9	1402	4170
1787819956.709031349	s2-eth1	123967344	61799258
1787819956.709031349	s2-eth10	1402	4330
1787819956.709031349	s2-eth11	19316377	5785
1787819956.709031349	s2-eth12	1332	4330
1787819956.709031349	s2-eth13	1402	4330
1787819956.709031349	s2-eth14	1422	4260
1787819956.709031349	s2-eth15	19311699	5718
1787819956.709031349	s2-eth16	1422	4260
1787819956.709031349	s2-eth17	1492	4260
1787819956.709031349	s2-eth18	1422	4330
1787819956.709031349	s2-eth19	2644	68663588
1787819956.709031349	s2-eth2	5238	5406
1787819956.709031349	s2-eth20	1492	4330
1787819956.709031349	s2-eth21	1402	4170
1787819956.709031349	s2-eth22	1422	4330
1787819956.709031349	s2-eth23	2739	18061141
1787819956.709031349	s2-eth24	1402	4260
1787819956.709031349	s2-eth25	1422	4260
1787819956.709031349	s2-eth26	1332	4260
1787819956.709031349	s2-eth27	2583	18019266
1787819956.709031349	s2-eth28	1422	4260
1787819956.709031349	s2-eth29	1332	4330
1787819956.709031349	s2-eth3	3866523	5728
1787819956.709031349	s2-eth30	1332	4365
1787819956.709031349	s2-eth31	2742	18001892
1787819956.709031349	s2-eth32	1332	4170
1787819956.709031349	s2-eth33	1492	4260
1787819956.709031349	s2-eth34	1422	4170
1787819956.709031349	s2-eth4	1422	4260
1787819956.709031349	s2-eth5	1332	4260
1787819956.709031349	s2-eth6	1492	4240
1787819956.709031349	s2-eth7	19299931	5655
1787819956.709031349	s2-eth8	1492	4240
1787819956.709031349	s2-eth9	1332	4260
1787819956.709031349	s3-eth1	328758299	65582645
1787819956.709031349	s3-eth10	1402	4330
1787819956.709031349	s3-eth11	2491	17530358
1787819956.709031349	s3-eth12	1172	4170
1787819956.709031349	s3-eth13	1332	4330
1787819956.709031349	s3-eth14	1492	4170
1787819956.709031349	s3-eth15	2741	17507762
1787819956.709031349	s3-eth16	1402	4170
1787819956.709031349	s3-eth17	1332	4170
1787819956.709031349	s3-eth18	1172	4330
1787819956.709031349	s3-eth19	3866064	5541
1787819956.709031349	s3-eth2	5406	5336
1787819956.709031349	s3-eth20	1492	4220
1787819956.709031349	s3-eth21	1402	4150
1787819956.709031349	s3-eth22	1242	4170
1787819956.709031349	s3-eth23	19316181	5639
1787819956.709031349	s3-eth24	1172	4170
1787819956.709031349	s3-eth25	1422	4170
1787819956.709031349	s3-eth26	1242	4170
1787819956.709031349	s3-eth27	19315599	5482
1787819956.709031349	s3-eth28	1332	4330
1787819956.709031349	s3-eth29	1422	4190
1787819956.709031349	s3-eth3	3766817	275576684
1787819956.709031349	s3-eth30	1332	4330
1787819956.709031349	s3-eth31	19315647	5631
1787819956.709031349	s3-eth32	1242	4170
1787819956.709031349	s3-eth33	1402	4150
1787819956.709031349	s3-eth34	1492	4330
1787819956.709031349	s3-eth4	1332	4240
1787819956.709031349	s3-eth5	1422	4260
1787819956.709031349	s3-eth6	1492	4260
1787819956.709031349	s3-eth7	2725	17323151
1787819956.709031349	s3-eth8	1422	4029
1787819956.709031349	s3-eth9	1492	4260
1787819956.709031349	s4-eth1	121926437	16762
1787819956.709031349	s4-eth10	1422	4150
1787819956.709031349	s4-eth11	2877	18749695
1787819956.709031349	s4-eth12	1402	4240
1787819956.709031349	s4-eth13	1242	4220
1787819956.709031349	s4-eth14	1172	4240
1787819956.709031349	s4-eth15	2880	18714505
1787819956.709031349	s4-eth16	1242	4170
1787819956.709031349	s4-eth17	1332	4220
1787819956.709031349	s4-eth18	1172	4290
1787819956.709031349	s4-eth19	2723	3863224
1787819956.709031349	s4-eth2	5406	3712
1787819956.709031349	s4-eth20	1492	4240
1787819956.709031349	s4-eth21	1402	4240
1787819956.709031349	s4-eth22	1402	4150
1787819956.709031349	s4-eth23	2711	19290179
1787819956.709031349	s4-eth24	1332	4170
1787819956.709031349	s4-eth25	1332	4170
1787819956.709031349	s4-eth26	1172	4220
1787819956.709031349	s4-eth27	2484	19283739
1787819956.709031349	s4-eth28	1332	4330
1787819956.709031349	s4-eth29	1242	4170
1787819956.709031349	s4-eth3	2710	3756865
1787819956.709031349	s4-eth30	1242	4170
1787819956.709031349	s4-eth31	2860	19266553
1787819956.709031349	s4-eth32	1242	4240
1787819956.709031349	s4-eth33	1242	4290
1787819956.709031349	s4-eth34	1332	4220
1787819956.709031349	s4-eth4	1332	4220
1787819956.709031349	s4-eth5	1242	4220
1787819956.709031349	s4-eth6	1242	4260
1787819956.709031349	s4-eth7	2657	18790749
1787819956.709031349	s4-eth8	1172	4170
1787819956.709031349	s4-eth9	1172	4290
1787819956.709031349	s5-eth1	470312138	3779862
1787819956.709031349	s5-eth2	61799258	123967344
1787819956.709031349	s5-eth3	3780598	394503495
1787819956.709031349	s5-eth4	5454	3985
1787819956.709031349	s6-eth1	5406	5406
1787819956.709031349	s6-eth2	5406	5238
1787819956.709031349	s6-eth3	5406	3985
1787819956.709031349	s6-eth4	5579	5406
1787819956.709031349	s7-eth1	65582645	328758299
1787819956.709031349	s7-eth2	16762	121926437
1787819956.709031349	s7-eth3	391215307	3778974
1787819956.709031349	s7-eth4	5356	5336
1787819956.709031349	s8-eth1	5336	5406
1787819956.709031349	s8-eth2	3712	5406
1787819956.709031349	s8-eth3	5336	3915
1787819956.709031349	s8-eth4	5384	5336
1787819956.709031349	s9-eth1	394503495	3780598
1787819956.709031349	s9-eth2	3985	5406
1787819956.709031349	s9-eth3	3778974	391215307
1787819956.709031349	s9-eth4	3915	5336
1787819959.000008860	s10-eth1	3985	5454
1787819959.000008860	s10-eth2	5406	5579
1787819959.000008860	s10-eth3	5336	5356
1787819959.000008860	s10-eth4	5336	5384
1787819959.000008860	s1-eth1	3779862	470312138
1787819959.000008860	s1-eth10	1422	4330
1787819959.000008860	s1-eth11	19315667	5509
1787819959.000008860	s1-eth12	1332	4260
1787819959.000008860	s1-eth13	1332	4330
1787819959.000008860	s1-eth14	1492	4260
1787819959.000008860	s1-eth15	19316076	5669
1787819959.000008860	s1-eth16	1402	4280
1787819959.000008860	s1-eth17	1492	4260
1787819959.000008860	s1-eth18	1422	4170
1787819959.000008860	s1-eth19	77252476	5642
1787819959.000008860	s1-eth2	5406	5406
1787819959.000008860	s1-eth20	1332	4330
1787819959.000008860	s1-eth21	1422	4330
1787819959.000008860	s1-eth22	1422	4260
1787819959.000008860	s1-eth23	19315727	5507
1787819959.000008860	s1-eth24	1402	4330
1787819959.000008860	s1-eth25	1422	4260
1787819959.000008860	s1-eth26	1422	4170
1787819959.000008860	s1-eth27	19308300	5581
1787819959.000008860	s1-eth28	1422	4330
1787819959.000008860	s1-eth29	1402	4170
1787819959.000008860	s1-eth3	287950593	3769941
1787819959.000008860	s1-eth30	1422	4170
1787819959.000008860	s1-eth31	19315510	5510
1787819959.000008860	s1-eth32	1422	4170
1787819959.000008860	s1-eth33	1422	4170
1787819959.000008860	s1-eth34	1492	4240
1787819959.000008860	s1-eth4	1688	4526
1787819959.000008860	s1-eth5	1422	4170
1787819959.000008860	s1-eth6	1492	4260
1787819959.000008860	s1-eth7	19315971	5563
1787819959.000008860	s1-eth8	1422	4170
1787819959.000008860	s1-eth9	1402	4170
1787819959.000008860	s2-eth1	123967344	61799258
1787819959.000008860	s2-eth10	1402	4330
1787819959.000008860	s2-eth11	19316377	5785
1787819959.000008860	s2-eth12	1332	4330
1787819959.000008860	s2-eth13	1402	4330
1787819959.000008860	s2-eth14	1422	4260
1787819959.000008860	s2-eth15	19311699	5718
1787819959.000008860	s2-eth16	1422	4260
1787819959.000008860	s2-eth17	1492	4260
1787819959.000008860	s2-eth18	1422	4330
1787819959.000008860	s2-eth19	2644	68663588
1787819959.000008860	s2-eth2	5238	5406
1787819959.000008860	s2-eth20	1492	4330
1787819959.000008860	s2-eth21	1402	4170
1787819959.000008860	s2-eth22	1422	4330
1787819959.000008860	s2-eth23	2739	18061141
1787819959.000008860	s2-eth24	1402	4260
1787819959.000008860	s2-eth25	1422	4260
1787819959.000008860	s2-eth26	1332	4260
1787819959.000008860	s2-eth27	2583	18019266
1787819959.000008860	s2-eth28	1422	4260
1787819959.000008860	s2-eth29	1332	4330
1787819959.000008860	s2-eth3	3866523	5728
1787819959.000008860	s2-eth30	1332	4365
1787819959.000008860	s2-eth31	2742	18001892
1787819959.000008860	s2-eth32	1332	4170
1787819959.000008860	s2-eth33	1492	4260
1787819959.000008860	s2-eth34	1422	4170
1787819959.000008860	s2-eth4	1422	4260
1787819959.000008860	s2-eth5	1332	4260
1787819959.000008860	s2-eth6	1492	4240
1787819959.000008860	s2-eth7	19299931	5655
1787819959.000008860	s2-eth8	1492	4240
1787819959.000008860	s2-eth9	1332	4260
1787819959.000008860	s3-eth1	328758299	65582645
1787819959.000008860	s3-eth10	1402	4330
1787819959.000008860	s3-eth11	2491	17530358
1787819959.000008860	s3-eth12	1172	4170
1787819959.000008860	s3-eth13	1332	4330
1787819959.000008860	s3-eth14	1492	4170
1787819959.000008860	s3-eth15	2741	17507762
1787819959.000008860	s3-eth16	1402	4170
1787819959.000008860	s3-eth17	1332	4170
1787819959.000008860	s3-eth18	1172	4330
1787819959.000008860	s3-eth19	3866064	5541
1787819959.000008860	s3-eth2	5406	5336
1787819959.000008860	s3-eth20	1492	4220
1787819959.000008860	s3-eth21	1402	4150
1787819959.000008860	s3-eth22	1242	4170
1787819959.000008860	s3-eth23	19316181	5639
1787819959.000008860	s3-eth24	1172	4170
1787819959.000008860	s3-eth25	1422	4170
1787819959.000008860	s3-eth26	1242	4170
1787819959.000008860	s3-eth27	19315599	5482
1787819959.000008860	s3-eth28	1332	4330
1787819959.000008860	s3-eth29	1422	4190
1787819959.000008860	s3-eth3	3766817	275576684
1787819959.000008860	s3-eth30	1332	4330
1787819959.000008860	s3-eth31	19315647	5631
1787819959.000008860	s3-eth32	1242	4170
1787819959.000008860	s3-eth33	1402	4150
1787819959.000008860	s3-eth34	1492	4330
1787819959.000008860	s3-eth4	1332	4240
1787819959.000008860	s3-eth5	1422	4260
1787819959.000008860	s3-eth6	1492	4260
1787819959.000008860	s3-eth7	2725	17323151
1787819959.000008860	s3-eth8	1422	4029
1787819959.000008860	s3-eth9	1492	4260
1787819959.000008860	s4-eth1	121926437	16762
1787819959.000008860	s4-eth10	1422	4150
1787819959.000008860	s4-eth11	2877	18749695
1787819959.000008860	s4-eth12	1402	4240
1787819959.000008860	s4-eth13	1242	4220
1787819959.000008860	s4-eth14	1172	4240
1787819959.000008860	s4-eth15	2880	18714505
1787819959.000008860	s4-eth16	1242	4170
1787819959.000008860	s4-eth17	1332	4220
1787819959.000008860	s4-eth18	1172	4290
1787819959.000008860	s4-eth19	2723	3863224
1787819959.000008860	s4-eth2	5406	3712
1787819959.000008860	s4-eth20	1492	4240
1787819959.000008860	s4-eth21	1402	4240
1787819959.000008860	s4-eth22	1402	4150
1787819959.000008860	s4-eth23	2711	19290179
1787819959.000008860	s4-eth24	1332	4170
1787819959.000008860	s4-eth25	1332	4170
1787819959.000008860	s4-eth26	1172	4220
1787819959.000008860	s4-eth27	2484	19283739
1787819959.000008860	s4-eth28	1332	4330
1787819959.000008860	s4-eth29	1242	4170
1787819959.000008860	s4-eth3	2710	3756865
1787819959.000008860	s4-eth30	1242	4170
1787819959.000008860	s4-eth31	2860	19266553
1787819959.000008860	s4-eth32	1242	4240
1787819959.000008860	s4-eth33	1242	4290
1787819959.000008860	s4-eth34	1332	4220
1787819959.000008860	s4-eth4	1332	4220
1787819959.000008860	s4-eth5	1242	4220
1787819959.000008860	s4-eth6	1242	4260
1787819959.000008860	s4-eth7	2657	18790749
1787819959.000008860	s4-eth8	1172	4170
1787819959.000008860	s4-eth9	1172	4290
1787819959.000008860	s5-eth1	470312138	3779862
1787819959.000008860	s5-eth2	61799258	123967344
1787819959.000008860	s5-eth3	3780598	394503495
1787819959.000008860	s5-eth4	5454	3985
1787819959.000008860	s6-eth1	5406	5406
1787819959.000008860	s6-eth2	5406	5238
1787819959.000008860	s6-eth3	5406	3985
1787819959.000008860	s6-eth4	5579	5406
1787819959.000008860	s7-eth1	65582645	328758299
1787819959.000008860	s7-eth2	16762	121926437
1787819959.000008860	s7-eth3	391215307	3778974
1787819959.000008860	s7-eth4	5356	5336
1787819959.000008860	s8-eth1	5336	5406
1787819959.000008860	s8-eth2	3712	5406
1787819959.000008860	s8-eth3	5336	3915
1787819959.000008860	s8-eth4	5384	5336
1787819959.000008860	s9-eth1	394503495	3780598
1787819959.000008860	s9-eth2	3985	5406
1787819959.000008860	s9-eth3	3778974	391215307
1787819959.000008860	s9-eth4	3915	5336
1787819961.305743386	s10-eth1	3985	5454
1787819961.305743386	s10-eth2	5406	5579
1787819961.305743386	s10-eth3	5336	5356
1787819961.305743386	s10-eth4	5406	5454
1787819961.305743386	s1-eth1	3779862	470312208
1787819961.305743386	s1-eth10	1422	4533
1787819961.305743386	s1-eth11	19315737	5782
1787819961.305743386	s1-eth12	1332	4533
1787819961.305743386	s1-eth13	1402	4533
1787819961.305743386	s1-eth14	1492	4463
1787819961.305743386	s1-eth15	19316076	5872
1787819961.305743386	s1-eth16	1402	4553
1787819961.305743386	s1-eth17	1492	4463
1787819961.305743386	s1-eth18	1492	4373
1787819961.305743386	s1-eth19	77252476	5845
1787819961.305743386	s1-eth2	5406	5406
1787819961.305743386	s1-eth20	1332	4533
1787819961.305743386	s1-eth21	1422	4533
1787819961.305743386	s1-eth22	1422	4463
1787819961.305743386	s1-eth23	19315727	5710
1787819961.305743386	s1-eth24	1402	4533
1787819961.305743386	s1-eth25	1422	4463
1787819961.305743386	s1-eth26	1422	4373
1787819961.305743386	s1-eth27	19308370	5784
1787819961.305743386	s1-eth28	1422	4533
1787819961.305743386	s1-eth29	1402	4373
1787819961.305743386	s1-eth3	287950593	3770144
1787819961.305743386	s1-eth30	1422	4373
1787819961.305743386	s1-eth31	19315510	5713
1787819961.305743386	s1-eth32	1422	4373
1787819961.305743386	s1-eth33	1422	4373
1787819961.305743386	s1-eth34	1492	4240
1787819961.305743386	s1-eth4	1688	4729
1787819961.305743386	s1-eth5	1422	4443
1787819961.305743386	s1-eth6	1492	4463
1787819961.305743386	s1-eth7	19316041	5766
1787819961.305743386	s1-eth8	1422	4373
1787819961.305743386	s1-eth9	1402	4373
1787819961.305743386	s2-eth1	123967344	61799258
1787819961.305743386	s2-eth10	1402	4533
1787819961.305743386	s2-eth11	19316377	5785
1787819961.305743386	s2-eth12	1332	4533
1787819961.305743386	s2-eth13	1402	4533
1787819961.305743386	s2-eth14	1492	4533
1787819961.305743386	s2-eth15	19311699	5921
1787819961.305743386	s2-eth16	1492	4463
1787819961.305743386	s2-eth17	1492	4463
1787819961.305743386	s2-eth18	1492	4533
1787819961.305743386	s2-eth19	2644	68663588
1787819961.305743386	s2-eth2	5308	5406
1787819961.305743386	s2-eth20	1492	4533
1787819961.305743386	s2-eth21	1402	4170
1787819961.305743386	s2-eth22	1422	4533
1787819961.305743386	s2-eth23	2739	18061141
1787819961.305743386	s2-eth24	1402	4533
1787819961.305743386	s2-eth25	1422	4533
1787819961.305743386	s2-eth26	1402	4463
1787819961.305743386	s2-eth27	2583	18019469
1787819961.305743386	s2-eth28	1422	4463
1787819961.305743386	s2-eth29	1332	4330
1787819961.305743386	s2-eth3	3866593	5931
1787819961.305743386	s2-eth30	1332	4568
1787819961.305743386	s2-eth31	2742	18001892
1787819961.305743386	s2-eth32	1332	4240
1787819961.305743386	s2-eth33	1492	4260
1787819961.305743386	s2-eth34	1422	4170
1787819961.305743386	s2-eth4	1422	4463
1787819961.305743386	s2-eth5	1332	4463
1787819961.305743386	s2-eth6	1492	4443
1787819961.305743386	s2-eth7	19299931	5858
1787819961.305743386	s2-eth8	1492	4240
1787819961.305743386	s2-eth9	1332	4463
1787819961.305743386	s3-eth1	328758299	65582645
1787819961.305743386	s3-eth10	1402	4330
1787819961.305743386	s3-eth11	2491	17530358
1787819961.305743386	s3-eth12	1172	4373
1787819961.305743386	s3-eth13	1332	4330
1787819961.305743386	s3-eth14	1492	4170
1787819961.305743386	s3-eth15	2741	17507965
1787819961.305743386	s3-eth16	1402	4170
1787819961.305743386	s3-eth17	1332	4240
1787819961.305743386	s3-eth18	1172	4330
1787819961.305743386	s3-eth19	3866064	5541
1787819961.305743386	s3-eth2	5406	5336
1787819961.305743386	s3-eth20	1492	4220
1787819961.305743386	s3-eth21	1402	4150
1787819961.305743386	s3-eth22	1242	4170
1787819961.305743386	s3-eth23	19316181	5639
1787819961.305743386	s3-eth24	1172	4170
1787819961.305743386	s3-eth25	1422	4170
1787819961.305743386	s3-eth26	1242	4170
1787819961.305743386	s3-eth27	19315669	5482
1787819961.305743386	s3-eth28	1332	4330
1787819961.305743386	s3-eth29	1422	4190
1787819961.305743386	s3-eth3	3766817	275576684
1787819961.305743386	s3-eth30	1332	4330
1787819961.305743386	s3-eth31	19315647	5631
1787819961.305743386	s3-eth32	1242	4170
1787819961.305743386	s3-eth33	1402	4150
1787819961.305743386	s3-eth34	1492	4330
1787819961.305743386	s3-eth4	1332	4443
1787819961.305743386	s3-eth5	1422	4463
1787819961.305743386	s3-eth6	1492	4260
1787819961.305743386	s3-eth7	2795	17323354
1787819961.305743386	s3-eth8	1422	4029
1787819961.305743386	s3-eth9	1492	4463
1787819961.305743386	s4-eth1	121926437	16832
1787819961.305743386	s4-eth10	1422	4150
1787819961.305743386	s4-eth11	2877	18749695
1787819961.305743386	s4-eth12	1402	4240
1787819961.305743386	s4-eth13	1242	4220
1787819961.305743386	s4-eth14	1172	4240
1787819961.305743386	s4-eth15	2880	18714505
1787819961.305743386	s4-eth16	1242	4170
1787819961.305743386	s4-eth17	1332	4220
1787819961.305743386	s4-eth18	1172	4290
1787819961.305743386	s4-eth19	2723	3863224
1787819961.305743386	s4-eth2	5406	3782
1787819961.305743386	s4-eth20	1492	4240
1787819961.305743386	s4-eth21	1402	4240
1787819961.305743386	s4-eth22	1402	4150
1787819961.305743386	s4-eth23	2711	19290179
1787819961.305743386	s4-eth24	1332	4170
1787819961.305743386	s4-eth25	1332	4240
1787819961.305743386	s4-eth26	1172	4220
1787819961.305743386	s4-eth27	2484	19283739
1787819961.305743386	s4-eth28	1402	4330
1787819961.305743386	s4-eth29	1242	4240
1787819961.305743386	s4-eth3	2710	3756865
1787819961.305743386	s4-eth30	1242	4170
1787819961.305743386	s4-eth31	2860	19266553
1787819961.305743386	s4-eth32	1242	4240
1787819961.305743386	s4-eth33	1242	4290
1787819961.305743386	s4-eth34	1332	4220
1787819961.305743386	s4-eth4	1332	4220
1787819961.305743386	s4-eth5	1242	4220
1787819961.305743386	s4-eth6	1242	4260
1787819961.305743386	s4-eth7	2657	18790749
1787819961.305743386	s4-eth8	1172	4170
1787819961.305743386	s4-eth9	1172	4290
1787819961.305743386	s5-eth1	470312208	3779862
1787819961.305743386	s5-eth2	61799258	123967344
1787819961.305743386	s5-eth3	3780598	394503495
1787819961.305743386	s5-eth4	5454	3985
1787819961.305743386	s6-eth1	5406	5406
1787819961.305743386	s6-eth2	5406	5308
1787819961.305743386	s6-eth3	5406	3985
1787819961.305743386	s6-eth4	5579	5406
1787819961.305743386	s7-eth1	65582645	328758299
1787819961.305743386	s7-eth2	16832	121926437
1787819961.305743386	s7-eth3	391215307	3778974
1787819961.305743386	s7-eth4	5356	5336
1787819961.305743386	s8-eth1	5336	5406
1787819961.305743386	s8-eth2	3782	5406
1787819961.305743386	s8-eth3	5336	3915
1787819961.305743386	s8-eth4	5454	5406
1787819961.305743386	s9-eth1	394503495	3780598
1787819961.305743386	s9-eth2	3985	5406
1787819961.305743386	s9-eth3	3778974	391215307
1787819961.305743386	s9-eth4	3915	5336
1787819963.592940469	s10-eth1	4012	5685
1787819963.592940469	s10-eth2	5636	5810
1787819963.592940469	s10-eth3	5566	5587
1787819963.592940469	s10-eth4	5636	5685
1787819963.592940469	s1-eth1	3780092	470312438
1787819963.592940469	s1-eth10	1422	4533
1787819963.592940469	s1-eth11	19315737	5782
1787819963.592940469	s1-eth12	1332	4533
1787819963.592940469	s1-eth13	1402	4533
1787819963.592940469	s1-eth14	1492	4463
1787819963.592940469	s1-eth15	19316076	5872
1787819963.592940469	s1-eth16	1402	4553
1787819963.592940469	s1-eth17	1492	4463
1787819963.592940469	s1-eth18	1492	4373
1787819963.592940469	s1-eth19	77252476	5845
1787819963.592940469	s1-eth2	5636	5636
1787819963.592940469	s1-eth20	1332	4533
1787819963.592940469	s1-eth21	1422	4533
1787819963.592940469	s1-eth22	1422	4463
1787819963.592940469	s1-eth23	19315727	5710
1787819963.592940469	s1-eth24	1402	4533
1787819963.592940469	s1-eth25	1422	4463
1787819963.592940469	s1-eth26	1422	4373
1787819963.592940469	s1-eth27	19308370	5784
1787819963.592940469	s1-eth28	1422	4533
1787819963.592940469	s1-eth29	1402	4373
1787819963.592940469	s1-eth3	287950593	3770144
1787819963.592940469	s1-eth30	1422	4373
1787819963.592940469	s1-eth31	19315510	5713
1787819963.592940469	s1-eth32	1422	4373
1787819963.592940469	s1-eth33	1422	4373
1787819963.592940469	s1-eth34	1492	4443
1787819963.592940469	s1-eth4	1688	4729
1787819963.592940469	s1-eth5	1422	4443
1787819963.592940469	s1-eth6	1492	4463
1787819963.592940469	s1-eth7	19316041	5766
1787819963.592940469	s1-eth8	1422	4373
1787819963.592940469	s1-eth9	1402	4373
1787819963.592940469	s2-eth1	123967574	61799488
1787819963.592940469	s2-eth10	1402	4533
1787819963.592940469	s2-eth11	19316377	5988
1787819963.592940469	s2-eth12	1332	4533
1787819963.592940469	s2-eth13	1402	4533
1787819963.592940469	s2-eth14	1492	4533
1787819963.592940469	s2-eth15	19311699	5921
1787819963.592940469	s2-eth16	1492	4463
1787819963.592940469	s2-eth17	1492	4463
1787819963.592940469	s2-eth18	1492	4533
1787819963.592940469	s2-eth19	2644	68663791
1787819963.592940469	s2-eth2	5538	5636
1787819963.592940469	s2-eth20	1492	4533
1787819963.592940469	s2-eth21	1402	4373
1787819963.592940469	s2-eth22	1422	4533
1787819963.592940469	s2-eth23	2739	18061344
1787819963.592940469	s2-eth24	1402	4533
1787819963.592940469	s2-eth25	1422	4533
1787819963.592940469	s2-eth26	1402	4463
1787819963.592940469	s2-eth27	2583	18019469
1787819963.592940469	s2-eth28	1422	4463
1787819963.592940469	s2-eth29	1332	4533
1787819963.592940469	s2-eth3	3866593	5931
1787819963.592940469	s2-eth30	1332	4568
1787819963.592940469	s2-eth31	2742	18002095
1787819963.592940469	s2-eth32	1332	4443
1787819963.592940469	s2-eth33	1492	4463
1787819963.592940469	s2-eth34	1422	4373
1787819963.592940469	s2-eth4	1422	4463
1787819963.592940469	s2-eth5	1332	4463
1787819963.592940469	s2-eth6	1492	4443
1787819963.592940469	s2-eth7	19299931	5858
1787819963.592940469	s2-eth8	1492	4443
1787819963.592940469	s2-eth9	1332	4463
1787819963.592940469	s3-eth1	328758529	65582875
1787819963.592940469	s3-eth10	1402	4533
1787819963.592940469	s3-eth11	2491	17530561
1787819963.592940469	s3-eth12	1172	4373
1787819963.592940469	s3-eth13	1332	4533
1787819963.592940469	s3-eth14	1492	4373
1787819963.592940469	s3-eth15	2741	17507965
1787819963.592940469	s3-eth16	1402	4373
1787819963.592940469	s3-eth17	1332	4443
1787819963.592940469	s3-eth18	1172	4533
1787819963.592940469	s3-eth19	3866064	5744
1787819963.592940469	s3-eth2	5636	5566
1787819963.592940469	s3-eth20	1492	4423
1787819963.592940469	s3-eth21	1402	4353
1787819963.592940469	s3-eth22	1242	4373
1787819963.592940469	s3-eth23	19316181	5842
1787819963.592940469	s3-eth24	1172	4373
1787819963.592940469	s3-eth25	1422	4373
1787819963.592940469	s3-eth26	1242	4373
1787819963.592940469	s3-eth27	19315669	5685
1787819963.592940469	s3-eth28	1332	4533
1787819963.592940469	s3-eth29	1422	4393
1787819963.592940469	s3-eth3	3766817	275576887
1787819963.592940469	s3-eth30	1332	4533
1787819963.592940469	s3-eth31	19315647	5834
1787819963.592940469	s3-eth32	1242	4373
1787819963.592940469	s3-eth33	1402	4353
1787819963.592940469	s3-eth34	1492	4533
1787819963.592940469	s3-eth4	1332	4443
1787819963.592940469	s3-eth5	1422	4463
1787819963.592940469	s3-eth6	1492	4463
1787819963.592940469	s3-eth7	2795	17323354
1787819963.592940469	s3-eth8	1422	4232
1787819963.592940469	s3-eth9	1492	4463
1787819963.592940469	s4-eth1	121926667	17062
1787819963.592940469	s4-eth10	1422	4353
1787819963.592940469	s4-eth11	2877	18749898
1787819963.592940469	s4-eth12	1402	4443
1787819963.592940469	s4-eth13	1242	4423
1787819963.592940469	s4-eth14	1172	4443
1787819963.592940469	s4-eth15	2880	18714708
1787819963.592940469	s4-eth16	1242	4373
1787819963.592940469	s4-eth17	1332	4423
1787819963.592940469	s4-eth18	1172	4493
1787819963.592940469	s4-eth19	2723	3863427
1787819963.592940469	s4-eth2	5636	3809
1787819963.592940469	s4-eth20	1492	4443
1787819963.592940469	s4-eth21	1402	4443
1787819963.592940469	s4-eth22	1402	4353
1787819963.592940469	s4-eth23	2711	19290382
1787819963.592940469	s4-eth24	1332	4373
1787819963.592940469	s4-eth25	1332	4443
1787819963.592940469	s4-eth26	1172	4423
1787819963.592940469	s4-eth27	2484	19283942
1787819963.592940469	s4-eth28	1402	4533
1787819963.592940469	s4-eth29	1242	4443
1787819963.592940469	s4-eth3	2710	3757068
1787819963.592940469	s4-eth30	1242	4373
1787819963.592940469	s4-eth31	2860	19266756
1787819963.592940469	s4-eth32	1242	4443
1787819963.592940469	s4-eth33	1242	4493
1787819963.592940469	s4-eth34	1332	4423
1787819963.592940469	s4-eth4	1332	4423
1787819963.592940469	s4-eth5	1242	4423
1787819963.592940469	s4-eth6	1242	4463
1787819963.592940469	s4-eth7	2657	18790952
1787819963.592940469	s4-eth8	1172	4373
1787819963.592940469	s4-eth9	1172	4493
1787819963.592940469	s5-eth1	470312438	3780092
1787819963.592940469	s5-eth2	61799488	123967574
1787819963.592940469	s5-eth3	3780828	394503725
1787819963.592940469	s5-eth4	5685	4012
1787819963.592940469	s6-eth1	5636	5636
1787819963.592940469	s6-eth2	5636	5538
1787819963.592940469	s6-eth3	5636	4012
1787819963.592940469	s6-eth4	5810	5636
1787819963.592940469	s7-eth1	65582875	328758529
1787819963.592940469	s7-eth2	17062	121926667
1787819963.592940469	s7-eth3	391215537	3779001
1787819963.592940469	s7-eth4	5587	5566
1787819963.592940469	s8-eth1	5566	5636
1787819963.592940469	s8-eth2	3809	5636
1787819963.592940469	s8-eth3	5566	3942
1787819963.592940469	s8-eth4	5685	5636
1787819963.592940469	s9-eth1	394503725	3780828
1787819963.592940469	s9-eth2	4012	5636
1787819963.592940469	s9-eth3	3779001	391215537
1787819963.592940469	s9-eth4	3942	5566
1787819965.889297363	s10-eth1	4012	5685
1787819965.889297363	s10-eth2	5636	5810
1787819965.889297363	s10-eth3	5636	5587
1787819965.889297363	s10-eth4	5636	5685
1787819965.889297363	s1-eth1	3780092	470312438
1787819965.889297363	s1-eth10	1422	4533
1787819965.889297363	s1-eth11	19315737	5782
1787819965.889297363	s1-eth12	1332	4533
1787819965.889297363	s1-eth13	1402	4533
1787819965.889297363	s1-eth14	1492	4533
1787819965.889297363	s1-eth15	19316076	5872
1787819965.889297363	s1-eth16	1402	4553
1787819965.889297363	s1-eth17	1492	4463
1787819965.889297363	s1-eth18	1492	4373
1787819965.889297363	s1-eth19	77252476	5845
1787819965.889297363	s1-eth2	5636	5636
1787819965.889297363	s1-eth20	1332	4533
1787819965.889297363	s1-eth21	1492	4533
1787819965.889297363	s1-eth22	1422	4463
1787819965.889297363	s1-eth23	19315727	5710
1787819965.889297363	s1-eth24	1402	4533
1787819965.889297363	s1-eth25	1422	4463
1787819965.889297363	s1-eth26	1492	4373
1787819965.889297363	s1-eth27	19308370	5784
1787819965.889297363	s1-eth28	1422	4533
1787819965.889297363	s1-eth29	1402	4373
1787819965.889297363	s1-eth3	287950593	3770144
1787819965.889297363	s1-eth30	1422	4373
1787819965.889297363	s1-eth31	19315580	5713
1787819965.889297363	s1-eth32	1422	4373
1787819965.889297363	s1-eth33	1422	4443
1787819965.889297363	s1-eth34	1492	4443
1787819965.889297363	s1-eth4	1688	4729
1787819965.889297363	s1-eth5	1422	4443
1787819965.889297363	s1-eth6	1492	4463
1787819965.889297363	s1-eth7	19316041	5766
1787819965.889297363	s1-eth8	1492	4373
1787819965.889297363	s1-eth9	1402	4373
1787819965.889297363	s2-eth1	123967574	61799488
1787819965.889297363	s2-eth10	1402	4533
1787819965.889297363	s2-eth11	19316377	5988
1787819965.889297363	s2-eth12	1332	4533
1787819965.889297363	s2-eth13	1402	4533
1787819965.889297363	s2-eth14	1492	4533
1787819965.889297363	s2-eth15	19311699	5921
1787819965.889297363	s2-eth16	1492	4463
1787819965.889297363	s2-eth17	1492	4463
1787819965.889297363	s2-eth18	1492	4533
1787819965.889297363	s2-eth19	2644	68663791
1787819965.889297363	s2-eth2	5538	5636
1787819965.889297363	s2-eth20	1492	4533
1787819965.889297363	s2-eth21	1402	4373
1787819965.889297363	s2-eth22	1422	4533
1787819965.889297363	s2-eth23	2739	18061344
1787819965.889297363	s2-eth24	1402	4533
1787819965.889297363	s2-eth25	1422	4533
1787819965.889297363	s2-eth26	1402	4463
1787819965.889297363	s2-eth27	2583	18019469
1787819965.889297363	s2-eth28	1422	4463
1787819965.889297363	s2-eth29	1332	4533
1787819965.889297363	s2-eth3	3866593	6001
1787819965.889297363	s2-eth30	1402	4568
1787819965.889297363	s2-eth31	2742	18002095
1787819965.889297363	s2-eth32	1332	4443
1787819965.889297363	s2-eth33	1492	4463
1787819965.889297363	s2-eth34	1422	4373
1787819965.889297363	s2-eth4	1422	4463
1787819965.889297363	s2-eth5	1332	4463
1787819965.889297363	s2-eth6	1492	4443
1787819965.889297363	s2-eth7	19299931	5858
1787819965.889297363	s2-eth8	1492	4443
1787819965.889297363	s2-eth9	1332	4463
1787819965.889297363	s3-eth1	328758529	65582875
1787819965.889297363	s3-eth10	1402	4533
1787819965.889297363	s3-eth11	2491	17530561
1787819965.889297363	s3-eth12	1242	4373
1787819965.889297363	s3-eth13	1332	4533
1787819965.889297363	s3-eth14	1492	4373
1787819965.889297363	s3-eth15	2741	17507965
1787819965.889297363	s3-eth16	1402	4443
1787819965.889297363	s3-eth17	1332	4443
1787819965.889297363	s3-eth18	1172	4533
1787819965.889297363	s3-eth19	3866064	5744
1787819965.889297363	s3-eth2	5636	5566
1787819965.889297363	s3-eth20	1492	4423
1787819965.889297363	s3-eth21	1402	4353
1787819965.889297363	s3-eth22	1242	4373
1787819965.889297363	s3-eth23	19316181	5912
1787819965.889297363	s3-eth24	1172	4373
1787819965.889297363	s3-eth25	1492	4443
1787819965.889297363	s3-eth26	1242	4373
1787819965.889297363	s3-eth27	19315669	5755
1787819965.889297363	s3-eth28	1332	4533
1787819965.889297363	s3-eth29	1422	4393
1787819965.889297363	s3-eth3	3766817	275576957
1787819965.889297363	s3-eth30	1402	4533
1787819965.889297363	s3-eth31	19315647	5834
1787819965.889297363	s3-eth32	1242	4373
1787819965.889297363	s3-eth33	1402	4353
1787819965.889297363	s3-eth34	1492	4533
1787819965.889297363	s3-eth4	1402	4443
1787819965.889297363	s3-eth5	1422	4463
1787819965.889297363	s3-eth6	1492	4463
1787819965.889297363	s3-eth7	2795	17323354
1787819965.889297363	s3-eth8	1492	4232
1787819965.889297363	s3-eth9	1492	4463
1787819965.889297363	s4-eth1	121926667	17062
1787819965.889297363	s4-eth10	1422	4353
1787819965.889297363	s4-eth11	2877	18749898
1787819965.889297363	s4-eth12	1402	4443
1787819965.889297363	s4-eth13	1242	4423
1787819965.889297363	s4-eth14	1172	4443
1787819965.889297363	s4-eth15	2880	18714708
1787819965.889297363	s4-eth16	1242	4373
1787819965.889297363	s4-eth17	1332	4423
1787819965.889297363	s4-eth18	1172	4493
1787819965.889297363	s4-eth19	2723	3863427
1787819965.889297363	s4-eth2	5636	3809
1787819965.889297363	s4-eth20	1492	4443
1787819965.889297363	s4-eth21	1402	4443
1787819965.889297363	s4-eth22	1402	4353
1787819965.889297363	s4-eth23	2711	19290382
1787819965.889297363	s4-eth24	1332	4443
1787819965.889297363	s4-eth25	1332	4443
1787819965.889297363	s4-eth26	1172	4493
1787819965.889297363	s4-eth27	2484	19283942
1787819965.889297363	s4-eth28	1402	4533
1787819965.889297363	s4-eth29	1242	4443
1787819965.889297363	s4-eth3	2710	3757068
1787819965.889297363	s4-eth30	1242	4373
1787819965.889297363	s4-eth31	2860	19266756
1787819965.889297363	s4-eth32	1242	4443
1787819965.889297363	s4-eth33	1242	4493
1787819965.889297363	s4-eth34	1332	4423
1787819965.889297363	s4-eth4	1332	4423
1787819965.889297363	s4-eth5	1242	4423
1787819965.889297363	s4-eth6	1242	4463
1787819965.889297363	s4-eth7	2657	18791022
1787819965.889297363	s4-eth8	1172	4373
1787819965.889297363	s4-eth9	1172	4493
1787819965.889297363	s5-eth1	470312438	3780092
1787819965.889297363	s5-eth2	61799488	123967574
1787819965.889297363	s5-eth3	3780828	394503725
1787819965.889297363	s5-eth4	5685	4012
1787819965.889297363	s6-eth1	5636	5636
1787819965.889297363	s6-eth2	5636	5538
1787819965.889297363	s6-eth3	5636	4012
1787819965.889297363	s6-eth4	5810	5636
1787819965.889297363	s7-eth1	65582875	328758529
1787819965.889297363	s7-eth2	17062	121926667
1787819965.889297363	s7-eth3	391215537	3779001
1787819965.889297363	s7-eth4	5587	5636
1787819965.889297363	s8-eth1	5566	5636
1787819965.889297363	s8-eth2	3809	5636
1787819965.889297363	s8-eth3	5566	3942
1787819965.889297363	s8-eth4	5685	5636
1787819965.889297363	s9-eth1	394503725	3780828
1787819965.889297363	s9-eth2	4012	5636
1787819965.889297363	s9-eth3	3779001	391215537
1787819965.889297363	s9-eth4	3942	5566
1787819968.210527830	s10-eth1	4039	5713
1787819968.210527830	s10-eth2	5663	5838
1787819968.210527830	s10-eth3	5663	5615
1787819968.210527830	s10-eth4	5663	5713
1787819968.210527830	s1-eth1	3784558	472279696
1787819968.210527830	s1-eth10	1422	4533
1787819968.210527830	s1-eth11	19476708	6380
1787819968.210527830	s1-eth12	1332	4533
1787819968.210527830	s1-eth13	1402	4533
1787819968.210527830	s1-eth14	1492	4533
1787819968.210527830	s1-eth15	19520176	6459
1787819968.210527830	s1-eth16	1402	4553
1787819968.210527830	s1-eth17	1492	4463
1787819968.210527830	s1-eth18	1492	4373
1787819968.210527830	s1-eth19	78252483	6365
1787819968.210527830	s1-eth2	5663	5663
1787819968.210527830	s1-eth20	1332	4533
1787819968.210527830	s1-eth21	1492	4533
1787819968.210527830	s1-eth22	1422	4463
1787819968.210527830	s1-eth23	19642319	6230
1787819968.210527830	s1-eth24	1402	4533
1787819968.210527830	s1-eth25	1492	4463
1787819968.210527830	s1-eth26	1492	4373
1787819968.210527830	s1-eth27	19695604	6371
1787819968.210527830	s1-eth28	1422	4533
1787819968.210527830	s1-eth29	1402	4373
1787819968.210527830	s1-eth3	289742258	3770664
1787819968.210527830	s1-eth30	1422	4373
1787819968.210527830	s1-eth31	19780682	6300
1787819968.210527830	s1-eth32	1422	4373
1787819968.210527830	s1-eth33	1422	4443
1787819968.210527830	s1-eth34	1492	4443
1787819968.210527830	s1-eth4	1688	4729
1787819968.210527830	s1-eth5	1422	4443
1787819968.210527830	s1-eth6	1492	4463
1787819968.210527830	s1-eth7	19933983	6286
1787819968.210527830	s1-eth8	1492	4373
1787819968.210527830	s1-eth9	1402	4373
1787819968.210527830	s2-eth1	128767355	64022403
1787819968.210527830	s2-eth10	1402	4533
1787819968.210527830	s2-eth11	20056823	6508
1787819968.210527830	s2-eth12	1332	4533
1787819968.210527830	s2-eth13	1402	4533
1787819968.210527830	s2-eth14	1492	4533
1787819968.210527830	s2-eth15	20115593	6441
1787819968.210527830	s2-eth16	1492	4463
1787819968.210527830	s2-eth17	1492	4463
1787819968.210527830	s2-eth18	1492	4533
1787819968.210527830	s2-eth19	3164	72056076
1787819968.210527830	s2-eth2	5565	5663
1787819968.210527830	s2-eth20	1492	4533
1787819968.210527830	s2-eth21	1402	4373
1787819968.210527830	s2-eth22	1492	4533
1787819968.210527830	s2-eth23	3259	18989320
1787819968.210527830	s2-eth24	1402	4533
1787819968.210527830	s2-eth25	1492	4533
1787819968.210527830	s2-eth26	1402	4463
1787819968.210527830	s2-eth27	3170	19010901
1787819968.210527830	s2-eth28	1492	4463
1787819968.210527830	s2-eth29	1402	4533
1787819968.210527830	s2-eth3	4077903	6588
1787819968.210527830	s2-eth30	1402	4568
1787819968.210527830	s2-eth31	3329	19084373
1787819968.210527830	s2-eth32	1332	4443
1787819968.210527830	s2-eth33	1492	4463
1787819968.210527830	s2-eth34	1422	4373
1787819968.210527830	s2-eth4	1422	4463
1787819968.210527830	s2-eth5	1332	4463
1787819968.210527830	s2-eth6	1492	4443
1787819968.210527830	s2-eth7	20509027	6378
1787819968.210527830	s2-eth8	1492	4443
1787819968.210527830	s2-eth9	1332	4463
1787819968.210527830	s3-eth1	337502444	69546582
1787819968.210527830	s3-eth10	1402	4533
1787819968.210527830	s3-eth11	3089	18820688
1787819968.210527830	s3-eth12	1242	4373
1787819968.210527830	s3-eth13	1332	4533
1787819968.210527830	s3-eth14	1492	4373
1787819968.210527830	s3-eth15	3328	18869913
1787819968.210527830	s3-eth16	1402	4443
1787819968.210527830	s3-eth17	1402	4443
1787819968.210527830	s3-eth18	1172	4533
1787819968.210527830	s3-eth19	4153800	6331
1787819968.210527830	s3-eth2	5663	5593
1787819968.210527830	s3-eth20	1492	4423
1787819968.210527830	s3-eth21	1402	4353
1787819968.210527830	s3-eth22	1242	4373
1787819968.210527830	s3-eth23	20837036	6577
1787819968.210527830	s3-eth24	1172	4373
1787819968.210527830	s3-eth25	1492	4443
1787819968.210527830	s3-eth26	1242	4373
1787819968.210527830	s3-eth27	20891033	6275
1787819968.210527830	s3-eth28	1332	4533
1787819968.210527830	s3-eth29	1422	4463
1787819968.210527830	s3-eth3	3767337	282177692
1787819968.210527830	s3-eth30	1402	4533
1787819968.210527830	s3-eth31	20978973	6354
1787819968.210527830	s3-eth32	1242	4373
1787819968.210527830	s3-eth33	1402	4353
1787819968.210527830	s3-eth34	1492	4533
1787819968.210527830	s3-eth4	1402	4443
1787819968.210527830	s3-eth5	1422	4533
1787819968.210527830	s3-eth6	1492	4463
1787819968.210527830	s3-eth7	3315	19132388
1787819968.210527830	s3-eth8	1492	4232
1787819968.210527830	s3-eth9	1492	4463
1787819968.210527830	s4-eth1	133705225	21528
1787819968.210527830	s4-eth10	1422	4353
1787819968.210527830	s4-eth11	3397	20629524
1787819968.210527830	s4-eth12	1402	4443
1787819968.210527830	s4-eth13	1242	4423
1787819968.210527830	s4-eth14	1172	4443
1787819968.210527830	s4-eth15	3400	20624616
1787819968.210527830	s4-eth16	1242	4443
1787819968.210527830	s4-eth17	1332	4423
1787819968.210527830	s4-eth18	1172	4493
1787819968.210527830	s4-eth19	3310	4252103
1787819968.210527830	s4-eth2	5663	3836
1787819968.210527830	s4-eth20	1492	4443
1787819968.210527830	s4-eth21	1402	4443
1787819968.210527830	s4-eth22	1402	4353
1787819968.210527830	s4-eth23	3376	21275561
1787819968.210527830	s4-eth24	1332	4443
1787819968.210527830	s4-eth25	1332	4443
1787819968.210527830	s4-eth26	1172	4493
1787819968.210527830	s4-eth27	3004	21310652
1787819968.210527830	s4-eth28	1402	4533
1787819968.210527830	s4-eth29	1242	4443
1787819968.210527830	s4-eth3	3297	4176026
1787819968.210527830	s4-eth30	1242	4373
1787819968.210527830	s4-eth31	3380	21379986
1787819968.210527830	s4-eth32	1242	4443
1787819968.210527830	s4-eth33	1242	4493
1787819968.210527830	s4-eth34	1332	4423
1787819968.210527830	s4-eth4	1332	4423
1787819968.210527830	s4-eth5	1242	4423
1787819968.210527830	s4-eth6	1242	4463
1787819968.210527830	s4-eth7	3177	21100364
1787819968.210527830	s4-eth8	1172	4373
1787819968.210527830	s4-eth9	1172	4493
1787819968.210527830	s5-eth1	503475951	3784585
1787819968.210527830	s5-eth2	69422720	140643694
1787819968.210527830	s5-eth3	3785254	419071397
1787819968.210527830	s5-eth4	5741	4066
1787819968.210527830	s6-eth1	5690	5690
1787819968.210527830	s6-eth2	5690	5592
1787819968.210527830	s6-eth3	5690	4066
1787819968.210527830	s6-eth4	5866	5690
1787819968.210527830	s7-eth1	73607281	346442871
1787819968.210527830	s7-eth2	21555	138217270
1787819968.210527830	s7-eth3	417496305	3783427
1787819968.210527830	s7-eth4	5643	5690
1787819968.210527830	s8-eth1	5620	5690
1787819968.210527830	s8-eth2	3863	5690
1787819968.210527830	s8-eth3	5620	3996
1787819968.210527830	s8-eth4	5741	5690
1787819968.210527830	s9-eth1	421946745	3785254
1787819968.210527830	s9-eth2	4066	5690
1787819968.210527830	s9-eth3	3783427	418854669
1787819968.210527830	s9-eth4	3996	5620
1787819974.381991522	s10-eth1	4066	5741
1787819974.381991522	s10-eth2	5690	5866
1787819974.381991522	s10-eth3	5690	5643
1787819974.381991522	s10-eth4	5690	5741
1787819974.381991522	s1-eth1	3784585	527682805
1787819974.381991522	s1-eth10	1422	4533
1787819974.381991522	s1-eth11	23445092	6380
1787819974.381991522	s1-eth12	1332	4533
1787819974.381991522	s1-eth13	1402	4533
1787819974.381991522	s1-eth14	1492	4533
1787819974.381991522	s1-eth15	23487118	6459
1787819974.381991522	s1-eth16	1402	4553
1787819974.381991522	s1-eth17	1492	4463
1787819974.381991522	s1-eth18	1492	4373
1787819974.381991522	s1-eth19	94138997	6365
1787819974.381991522	s1-eth2	5690	5690
1787819974.381991522	s1-eth20	1332	4533
1787819974.381991522	s1-eth21	1492	4533
1787819974.381991522	s1-eth22	1422	4533
1787819974.381991522	s1-eth23	23603493	6300
1787819974.381991522	s1-eth24	1402	4533
1787819974.381991522	s1-eth25	1492	4463
1787819974.381991522	s1-eth26	1492	4443
1787819974.381991522	s1-eth27	23649568	6371
1787819974.381991522	s1-eth28	1422	4533
1787819974.381991522	s1-eth29	1402	4443
1787819974.381991522	s1-eth3	305533600	3770664
1787819974.381991522	s1-eth30	1492	4443
1787819974.381991522	s1-eth31	23725994	6300
1787819974.381991522	s1-eth32	1492	4373
1787819974.381991522	s1-eth33	1422	4443
1787819974.381991522	s1-eth34	1492	4443
1787819974.381991522	s1-eth4	1688	4729
1787819974.381991522	s1-eth5	1422	4443
1787819974.381991522	s1-eth6	1492	4533
1787819974.381991522	s1-eth7	23846129	6286
1787819974.381991522	s1-eth8	1492	4443
1787819974.381991522	s1-eth9	1402	4373
1787819974.381991522	s2-eth1	155827954	76500056
1787819974.381991522	s2-eth10	1402	4533
1787819974.381991522	s2-eth11	23944455	6508
1787819974.381991522	s2-eth12	1332	4533
1787819974.381991522	s2-eth13	1402	4533
1787819974.381991522	s2-eth14	1492	4533
1787819974.381991522	s2-eth15	23988805	6441
1787819974.381991522	s2-eth16	1492	4463
1787819974.381991522	s2-eth17	1492	4463
1787819974.381991522	s2-eth18	1492	4533
1787819974.381991522	s2-eth19	3234	87502780
1787819974.381991522	s2-eth2	5592	5690
1787819974.381991522	s2-eth20	1492	4533
1787819974.381991522	s2-eth21	1402	4373
1787819974.381991522	s2-eth22	1492	4533
1787819974.381991522	s2-eth23	3259	22850996
1787819974.381991522	s2-eth24	1402	4533
1787819974.381991522	s2-eth25	1492	4533
1787819974.381991522	s2-eth26	1402	4463
1787819974.381991522	s2-eth27	3240	22861041
1787819974.381991522	s2-eth28	1492	4533
1787819974.381991522	s2-eth29	1402	4533
1787819974.381991522	s2-eth3	4850815	6588
1787819974.381991522	s2-eth30	1402	4568
1787819974.381991522	s2-eth31	3329	22918721
1787819974.381991522	s2-eth32	1332	4443
1787819974.381991522	s2-eth33	1492	4463
1787819974.381991522	s2-eth34	1422	4373
1787819974.381991522	s2-eth4	1422	4533
1787819974.381991522	s2-eth5	1332	4463
1787819974.381991522	s2-eth6	1492	4443
1787819974.381991522	s2-eth7	24366377	6378
1787819974.381991522	s2-eth8	1492	4443
1787819974.381991522	s2-eth9	1332	4463
1787819974.381991522	s3-eth1	364052575	81877151
1787819974.381991522	s3-eth10	1402	4533
1787819974.381991522	s3-eth11	3089	22623242
1787819974.381991522	s3-eth12	1242	4373
1787819974.381991522	s3-eth13	1332	4533
1787819974.381991522	s3-eth14	1492	4373
1787819974.381991522	s3-eth15	3328	22672467
1787819974.381991522	s3-eth16	1402	4443
1787819974.381991522	s3-eth17	1402	4443
1787819974.381991522	s3-eth18	1172	4533
1787819974.381991522	s3-eth19	4929596	6331
1787819974.381991522	s3-eth2	5690	5620
1787819974.381991522	s3-eth20	1492	4423
1787819974.381991522	s3-eth21	1402	4353
1787819974.381991522	s3-eth22	1242	4373
1787819974.381991522	s3-eth23	24713132	6577
1787819974.381991522	s3-eth24	1172	4443
1787819974.381991522	s3-eth25	1492	4443
1787819974.381991522	s3-eth26	1242	4373
1787819974.381991522	s3-eth27	24780107	6275
1787819974.381991522	s3-eth28	1332	4533
1787819974.381991522	s3-eth29	1422	4463
1787819974.381991522	s3-eth3	3767337	297490290
1787819974.381991522	s3-eth30	1402	4533
1787819974.381991522	s3-eth31	24879583	6354
1787819974.381991522	s3-eth32	1242	4373
1787819974.381991522	s3-eth33	1402	4423
1787819974.381991522	s3-eth34	1492	4533
1787819974.381991522	s3-eth4	1402	4443
1787819974.381991522	s3-eth5	1422	4533
1787819974.381991522	s3-eth6	1492	4533
1787819974.381991522	s3-eth7	3315	22986854
1787819974.381991522	s3-eth8	1492	4302
1787819974.381991522	s3-eth9	1492	4533
1787819974.381991522	s4-eth1	158953257	21582
1787819974.381991522	s4-eth10	1422	4353
1787819974.381991522	s4-eth11	3397	24571952
1787819974.381991522	s4-eth12	1402	4443
1787819974.381991522	s4-eth13	1242	4423
1787819974.381991522	s4-eth14	1172	4443
1787819974.381991522	s4-eth15	3400	24582976
1787819974.381991522	s4-eth16	1242	4443
1787819974.381991522	s4-eth17	1332	4423
1787819974.381991522	s4-eth18	1172	4493
1787819974.381991522	s4-eth19	3380	5062507
1787819974.381991522	s4-eth2	5717	3890
1787819974.381991522	s4-eth20	1492	4443
1787819974.381991522	s4-eth21	1402	4443
1787819974.381991522	s4-eth22	1402	4353
1787819974.381991522	s4-eth23	3376	25356421
1787819974.381991522	s4-eth24	1402	4443
1787819974.381991522	s4-eth25	1332	4443
1787819974.381991522	s4-eth26	1172	4493
1787819974.381991522	s4-eth27	3004	25410258
1787819974.381991522	s4-eth28	1402	4533
1787819974.381991522	s4-eth29	1242	4443
1787819974.381991522	s4-eth3	3297	4992198
1787819974.381991522	s4-eth30	1242	4373
1787819974.381991522	s4-eth31	3380	25478150
1787819974.381991522	s4-eth32	1242	4443
1787819974.381991522	s4-eth33	1242	4493
1787819974.381991522	s4-eth34	1402	4423
1787819974.381991522	s4-eth4	1332	4423
1787819974.381991522	s4-eth5	1242	4423
1787819974.381991522	s4-eth6	1242	4463
1787819974.381991522	s4-eth7	3177	25123544
1787819974.381991522	s4-eth8	1172	4373
1787819974.381991522	s4-eth9	1242	4493
1787819974.381991522	s5-eth1	560576294	3784612
1787819974.381991522	s5-eth2	82536295	169133315
1787819974.381991522	s5-eth3	3785281	460743782
1787819974.381991522	s5-eth4	5769	4093
1787819974.381991522	s6-eth1	5717	5717
1787819974.381991522	s6-eth2	5717	5619
1787819974.381991522	s6-eth3	5717	4093
1787819974.381991522	s6-eth4	5894	5717
1787819974.381991522	s7-eth1	86777094	374644092
1787819974.381991522	s7-eth2	21582	164366525
1787819974.381991522	s7-eth3	458893268	3783454
1787819974.381991522	s7-eth4	5671	5717
1787819974.381991522	s8-eth1	5647	5717
1787819974.381991522	s8-eth2	3890	5717
1787819974.381991522	s8-eth3	5647	4023
1787819974.381991522	s8-eth4	5769	5717
1787819974.381991522	s9-eth1	463763330	3785281
1787819974.381991522	s9-eth2	4093	5717
1787819974.381991522	s9-eth3	3783454	460453512
1787819974.381991522	s9-eth4	4023	5647
1787819980.815935027	s10-eth1	4093	5769
1787819980.815935027	s10-eth2	5717	5894
1787819980.815935027	s10-eth3	5717	5671
1787819980.815935027	s10-eth4	5717	5769
1787819980.815935027	s1-eth1	3784612	585834366
1787819980.815935027	s1-eth10	1422	4533
1787819980.815935027	s1-eth11	27616798	6380
1787819980.815935027	s1-eth12	1402	4533
1787819980.815935027	s1-eth13	1402	4533
1787819980.815935027	s1-eth14	1492	4533
1787819980.815935027	s1-eth15	27713620	6459
1787819980.815935027	s1-eth16	1402	4553
1787819980.815935027	s1-eth17	1492	4533
1787819980.815935027	s1-eth18	1492	4373
1787819980.815935027	s1-eth19	111261305	6365
1787819980.815935027	s1-eth2	5717	5717
1787819980.815935027	s1-eth20	1332	4533
1787819980.815935027	s1-eth21	1492	4533
1787819980.815935027	s1-eth22	1422	4533
1787819980.815935027	s1-eth23	27958403	6300
1787819980.815935027	s1-eth24	1402	4533
1787819980.815935027	s1-eth25	1492	4533
1787819980.815935027	s1-eth26	1492	4443
1787819980.815935027	s1-eth27	28005850	6371
1787819980.815935027	s1-eth28	1422	4533
1787819980.815935027	s1-eth29	1402	4443
1787819980.815935027	s1-eth3	322968822	3770664
1787819980.815935027	s1-eth30	1492	4443
1787819980.815935027	s1-eth31	28105348	6300
1787819980.815935027	s1-eth32	1492	4443
1787819980.815935027	s1-eth33	1422	4443
1787819980.815935027	s1-eth34	1492	4443
1787819980.815935027	s1-eth4	1688	4729
1787819980.815935027	s1-eth5	1422	4443
1787819980.815935027	s1-eth6	1492	4533
1787819980.815935027	s1-eth7	28219715	6286
1787819980.815935027	s1-eth8	1492	4443
1787819980.815935027	s1-eth9	1402	4373
1787819980.815935027	s2-eth1	186339286	90537980
1787819980.815935027	s2-eth10	1402	4533
1787819980.815935027	s2-eth11	28331089	6508
1787819980.815935027	s2-eth12	1332	4533
1787819980.815935027	s2-eth13	1402	4533
1787819980.815935027	s2-eth14	1492	4533
1787819980.815935027	s2-eth15	28376811	6511
1787819980.815935027	s2-eth16	1492	4463
1787819980.815935027	s2-eth17	1492	4463
1787819980.815935027	s2-eth18	1492	4533
1787819980.815935027	s2-eth19	3234	104834178
1787819980.815935027	s2-eth2	5646	5744
1787819980.815935027	s2-eth20	1492	4533
1787819980.815935027	s2-eth21	1402	4373
1787819980.815935027	s2-eth22	1492	4533
1787819980.815935027	s2-eth23	3259	27213046
1787819980.815935027	s2-eth24	1402	4533
1787819980.815935027	s2-eth25	1492	4533
1787819980.815935027	s2-eth26	1402	4463
1787819980.815935027	s2-eth27	3240	27204345
1787819980.815935027	s2-eth28	1492	4533
1787819980.815935027	s2-eth29	1402	4533
1787819980.815935027	s2-eth3	5730435	6588
1787819980.815935027	s2-eth30	1402	4638
1787819980.815935027	s2-eth31	3329	27244721
1787819980.815935027	s2-eth32	1402	4443
1787819980.815935027	s2-eth33	1492	4463
1787819980.815935027	s2-eth34	1422	4373
1787819980.815935027	s2-eth4	1422	4533
1787819980.815935027	s2-eth5	1332	4463
1787819980.815935027	s2-eth6	1492	4443
1787819980.815935027	s2-eth7	28765919	6378
1787819980.815935027	s2-eth8	1492	4443
1787819980.815935027	s2-eth9	1402	4463
1787819980.815935027	s3-eth1	394359143	96010247
1787819980.815935027	s3-eth10	1402	4533
1787819980.815935027	s3-eth11	3089	26934822
1787819980.815935027	s3-eth12	1242	4373
1787819980.815935027	s3-eth13	1332	4533
1787819980.815935027	s3-eth14	1492	4443
1787819980.815935027	s3-eth15	3328	26981163
1787819980.815935027	s3-eth16	1402	4443
1787819980.815935027	s3-eth17	1402	4443
1787819980.815935027	s3-eth18	1242	4533
1787819980.815935027	s3-eth19	5810728	6331
1787819980.815935027	s3-eth2	5744	5674
1787819980.815935027	s3-eth20	1492	4423
1787819980.815935027	s3-eth21	1402	4353
1787819980.815935027	s3-eth22	1242	4373
1787819980.815935027	s3-eth23	29141514	6577
1787819980.815935027	s3-eth24	1172	4443
1787819980.815935027	s3-eth25	1492	4443
1787819980.815935027	s3-eth26	1242	4373
1787819980.815935027	s3-eth27	29188301	6275
1787819980.815935027	s3-eth28	1332	4533
1787819980.815935027	s3-eth29	1422	4463
1787819980.815935027	s3-eth3	3767337	314517426
1787819980.815935027	s3-eth30	1402	4533
1787819980.815935027	s3-eth31	29205583	6354
1787819980.815935027	s3-eth32	1242	4443
1787819980.815935027	s3-eth33	1402	4423
1787819980.815935027	s3-eth34	1492	4533
1787819980.815935027	s3-eth4	1402	4443
1787819980.815935027	s3-eth5	1422	4533
1787819980.815935027	s3-eth6	1492	4533
1787819980.815935027	s3-eth7	3315	27149908
1787819980.815935027	s3-eth8	1492	4302
1787819980.815935027	s3-eth9	1492	4533
1787819980.815935027	s4-eth1	185719758	21609
1787819980.815935027	s4-eth10	1422	4353
1787819980.815935027	s4-eth11	3397	28722028
1787819980.815935027	s4-eth12	1402	4443
1787819980.815935027	s4-eth13	1242	4423
1787819980.815935027	s4-eth14	1172	4443
1787819980.815935027	s4-eth15	3400	28751798
1787819980.815935027	s4-eth16	1242	4443
1787819980.815935027	s4-eth17	1332	4423
1787819980.815935027	s4-eth18	1172	4493
1787819980.815935027	s4-eth19	3380	5914729
1787819980.815935027	s4-eth2	5744	3917
1787819980.815935027	s4-eth20	1492	4443
1787819980.815935027	s4-eth21	1402	4443
1787819980.815935027	s4-eth22	1402	4353
1787819980.815935027	s4-eth23	3376	29623299
1787819980.815935027	s4-eth24	1402	4443
1787819980.815935027	s4-eth25	1332	4443
1787819980.815935027	s4-eth26	1172	4493
1787819980.815935027	s4-eth27	3004	29641086
1787819980.815935027	s4-eth28	1402	4533
1787819980.815935027	s4-eth29	1242	4443
1787819980.815935027	s4-eth3	3297	5817022
1787819980.815935027	s4-eth30	1242	4373
1787819980.815935027	s4-eth31	3380	29681580
1787819980.815935027	s4-eth32	1242	4443
1787819980.815935027	s4-eth33	1242	4493
1787819980.815935027	s4-eth34	1402	4423
1787819980.815935027	s4-eth4	1402	4423
1787819980.815935027	s4-eth5	1242	4423
1787819980.815935027	s4-eth6	1242	4463
1787819980.815935027	s4-eth7	3247	29262084
1787819980.815935027	s4-eth8	1172	4373
1787819980.815935027	s4-eth9	1242	4493
1787819980.815935027	s5-eth1	619236881	3784639
1787819980.815935027	s5-eth2	95954132	198208388
1787819980.815935027	s5-eth3	3785308	503177543
1787819980.815935027	s5-eth4	5797	4120
1787819980.815935027	s6-eth1	5744	5744
1787819980.815935027	s6-eth2	5744	5646
1787819980.815935027	s6-eth3	5744	4120
1787819980.815935027	s6-eth4	5922	5744
1787819980.815935027	s7-eth1	100101201	403279355
1787819980.815935027	s7-eth2	21609	190834532
1787819980.815935027	s7-eth3	500927595	3783481
1787819980.815935027	s7-eth4	5699	5744
1787819980.815935027	s8-eth1	5674	5744
1787819980.815935027	s8-eth2	3917	5744
1787819980.815935027	s8-eth3	5674	4120
1787819980.815935027	s8-eth4	5797	5744
1787819980.815935027	s9-eth1	506365805	3785308
1787819980.815935027	s9-eth2	4120	5744
1787819980.815935027	s9-eth3	3783481	503184325
1787819980.815935027	s9-eth4	4120	5674
1787819987.402639542	s10-eth1	4147	5825
1787819987.402639542	s10-eth2	5771	5950
1787819987.402639542	s10-eth3	5771	5727
1787819987.402639542	s10-eth4	5771	5825
1787819987.402639542	s1-eth1	3784666	646042246
1787819987.402639542	s1-eth10	1492	4533
1787819987.402639542	s1-eth11	31929820	6380
1787819987.402639542	s1-eth12	1402	4533
1787819987.402639542	s1-eth13	1402	4533
1787819987.402639542	s1-eth14	1492	4533
1787819987.402639542	s1-eth15	32055482	6459
1787819987.402639542	s1-eth16	1402	4553
1787819987.402639542	s1-eth17	1492	4533
1787819987.402639542	s1-eth18	1492	4373
1787819987.402639542	s1-eth19	128506183	6365
1787819987.402639542	s1-eth2	5771	5771
1787819987.402639542	s1-eth20	1332	4533
1787819987.402639542	s1-eth21	1492	4533
1787819987.402639542	s1-eth22	1422	4533
1787819987.402639542	s1-eth23	32219513	6300
1787819987.402639542	s1-eth24	1402	4533
1787819987.402639542	s1-eth25	1492	4533
1787819987.402639542	s1-eth26	1492	4443
1787819987.402639542	s1-eth27	32341944	6371
1787819987.402639542	s1-eth28	1422	4533
1787819987.402639542	s1-eth29	1402	4443
1787819987.402639542	s1-eth3	340490564	3770664
1787819987.402639542	s1-eth30	1492	4443
1787819987.402639542	s1-eth31	32478934	6370
1787819987.402639542	s1-eth32	1492	4443
1787819987.402639542	s1-eth33	1422	4443
1787819987.402639542	s1-eth34	1492	4443
1787819987.402639542	s1-eth4	1688	4729
1787819987.402639542	s1-eth5	1422	4443
1787819987.402639542	s1-eth6	1492	4533
1787819987.402639542	s1-eth7	32723081	6286
1787819987.402639542	s1-eth8	1492	4443
1787819987.402639542	s1-eth9	1402	4373
1787819987.402639542	s2-eth1	217877295	105034433
1787819987.402639542	s2-eth10	1402	4533
1787819987.402639542	s2-eth11	32867621	6508
1787819987.402639542	s2-eth12	1402	4533
1787819987.402639542	s2-eth13	1402	4533
1787819987.402639542	s2-eth14	1492	4533
1787819987.402639542	s2-eth15	32960929	6511
1787819987.402639542	s2-eth16	1492	4463
1787819987.402639542	s2-eth17	1492	4463
1787819987.402639542	s2-eth18	1492	4533
1787819987.402639542	s2-eth19	3234	122813034
1787819987.402639542	s2-eth2	5673	5771
1787819987.402639542	s2-eth20	1492	4533
1787819987.402639542	s2-eth21	1402	4443
1787819987.402639542	s2-eth22	1492	4533
1787819987.402639542	s2-eth23	3259	31787070
1787819987.402639542	s2-eth24	1402	4533
1787819987.402639542	s2-eth25	1492	4533
1787819987.402639542	s2-eth26	1402	4533
1787819987.402639542	s2-eth27	3240	31864889
1787819987.402639542	s2-eth28	1492	4533
1787819987.402639542	s2-eth29	1402	4533
1787819987.402639542	s2-eth3	6672061	6588
1787819987.402639542	s2-eth30	1402	4638
1787819987.402639542	s2-eth31	3329	32024951
1787819987.402639542	s2-eth32	1402	4443
1787819987.402639542	s2-eth33	1492	4533
1787819987.402639542	s2-eth34	1422	4373
1787819987.402639542	s2-eth4	1492	4533
1787819987.402639542	s2-eth5	1332	4533
1787819987.402639542	s2-eth6	1492	4443
1787819987.402639542	s2-eth7	33642763	6378
1787819987.402639542	s2-eth8	1492	4443
1787819987.402639542	s2-eth9	1402	4463
1787819987.402639542	s3-eth1	427835200	111676162
1787819987.402639542	s3-eth10	1402	4533
1787819987.402639542	s3-eth11	3089	31720820
1787819987.402639542	s3-eth12	1242	4443
1787819987.402639542	s3-eth13	1402	4533
1787819987.402639542	s3-eth14	1492	4443
1787819987.402639542	s3-eth15	3328	31671989
1787819987.402639542	s3-eth16	1402	4443
1787819987.402639542	s3-eth17	1402	4443
1787819987.402639542	s3-eth18	1242	4533
1787819987.402639542	s3-eth19	6776868	6331
1787819987.402639542	s3-eth2	5771	5701
1787819987.402639542	s3-eth20	1492	4423
1787819987.402639542	s3-eth21	1402	4353
1787819987.402639542	s3-eth22	1242	4443
1787819987.402639542	s3-eth23	33943374	6577
1787819987.402639542	s3-eth24	1242	4443
1787819987.402639542	s3-eth25	1492	4443
1787819987.402639542	s3-eth26	1242	4443
1787819987.402639542	s3-eth27	34036305	6275
1787819987.402639542	s3-eth28	1402	4533
1787819987.402639542	s3-eth29	1422	4463
1787819987.402639542	s3-eth3	3767337	333661418
1787819987.402639542	s3-eth30	1402	4533
1787819987.402639542	s3-eth31	34200671	6354
1787819987.402639542	s3-eth32	1242	4443
1787819987.402639542	s3-eth33	1402	4423
1787819987.402639542	s3-eth34	1492	4533
1787819987.402639542	s3-eth4	1402	4443
1787819987.402639542	s3-eth5	1422	4533
1787819987.402639542	s3-eth6	1492	4533
1787819987.402639542	s3-eth7	3315	32152206
1787819987.402639542	s3-eth8	1492	4302
1787819987.402639542	s3-eth9	1492	4533
1787819987.402639542	s4-eth1	218173464	21663
1787819987.402639542	s4-eth10	1422	4423
1787819987.402639542	s4-eth11	3467	33715674
1787819987.402639542	s4-eth12	1402	4443
1787819987.402639542	s4-eth13	1242	4423
1787819987.402639542	s4-eth14	1242	4443
1787819987.402639542	s4-eth15	3400	33681996
1787819987.402639542	s4-eth16	1242	4443
1787819987.402639542	s4-eth17	1402	4423
1787819987.402639542	s4-eth18	1242	4493
1787819987.402639542	s4-eth19	3380	6929897
1787819987.402639542	s4-eth2	5798	3971
1787819987.402639542	s4-eth20	1492	4443
1787819987.402639542	s4-eth21	1402	4443
1787819987.402639542	s4-eth22	1402	4353
1787819987.402639542	s4-eth23	3376	34745283
1787819987.402639542	s4-eth24	1402	4443
1787819987.402639542	s4-eth25	1402	4443
1787819987.402639542	s4-eth26	1172	4493
1787819987.402639542	s4-eth27	3074	34835170
1787819987.402639542	s4-eth28	1402	4533
1787819987.402639542	s4-eth29	1242	4443
1787819987.402639542	s4-eth3	3297	6837958
1787819987.402639542	s4-eth30	1242	4373
1787819987.402639542	s4-eth31	3380	34891526
1787819987.402639542	s4-eth32	1242	4443
1787819987.402639542	s4-eth33	1242	4493
1787819987.402639542	s4-eth34	1402	4423
1787819987.402639542	s4-eth4	1402	4423
1787819987.402639542	s4-eth5	1242	4423
1787819987.402639542	s4-eth6	1242	4463
1787819987.402639542	s4-eth7	3247	34337924
1787819987.402639542	s4-eth8	1172	4443
1787819987.402639542	s4-eth9	1242	4493
1787819987.402639542	s5-eth1	692235301	3784693
1787819987.402639542	s5-eth2	112692922	234618942
1787819987.402639542	s5-eth3	3785362	556509967
1787819987.402639542	s5-eth4	5853	4174
1787819987.402639542	s6-eth1	5798	5798
1787819987.402639542	s6-eth2	5798	5700
1787819987.402639542	s6-eth3	5798	4174
1787819987.402639542	s6-eth4	5978	5798
1787819987.402639542	s7-eth1	117026009	439440443
1787819987.402639542	s7-eth2	21663	224423092
1787819987.402639542	s7-eth3	554531115	3783535
1787819987.402639542	s7-eth4	5755	5798
1787819987.402639542	s8-eth1	5728	5798
1787819987.402639542	s8-eth2	3971	5798
1787819987.402639542	s8-eth3	5728	4174
1787819987.402639542	s8-eth4	5853	5798
1787819987.402639542	s9-eth1	560292333	3785362
1787819987.402639542	s9-eth2	4174	5798
1787819987.402639542	s9-eth3	3783535	556613363
1787819987.402639542	s9-eth4	4174	5728
1787819995.692270730	s10-eth1	4174	5853
1787819995.692270730	s10-eth2	5798	5978
1787819995.692270730	s10-eth3	5798	5755
1787819995.692270730	s10-eth4	5798	5853
1787819995.692270730	s1-eth1	3784693	719431421
1787819995.692270730	s1-eth10	1492	4533
1787819995.692270730	s1-eth11	37146976	6380
1787819995.692270730	s1-eth12	1402	4533
1787819995.692270730	s1-eth13	1402	4533
1787819995.692270730	s1-eth14	1492	4533
1787819995.692270730	s1-eth15	37201980	6459
1787819995.692270730	s1-eth16	1402	4553
1787819995.692270730	s1-eth17	1492	4533
1787819995.692270730	s1-eth18	1492	4373
1787819995.692270730	s1-eth19	149348921	6365
1787819995.692270730	s1-eth2	5798	5798
1787819995.692270730	s1-eth20	1402	4533
1787819995.692270730	s1-eth21	1492	4533
1787819995.692270730	s1-eth22	1422	4533
1787819995.692270730	s1-eth23	37517421	6300
1787819995.692270730	s1-eth24	1402	4533
1787819995.692270730	s1-eth25	1492	4533
1787819995.692270730	s1-eth26	1492	4443
1787819995.692270730	s1-eth27	37598034	6371
1787819995.692270730	s1-eth28	1422	4533
1787819995.692270730	s1-eth29	1402	4443
1787819995.692270730	s1-eth3	361471664	3770664
1787819995.692270730	s1-eth30	1492	4443
1787819995.692270730	s1-eth31	37765306	6370
1787819995.692270730	s1-eth32	1492	4443
1787819995.692270730	s1-eth33	1492	4443
1787819995.692270730	s1-eth34	1492	4443
1787819995.692270730	s1-eth4	1688	4729
1787819995.692270730	s1-eth5	1422	4443
1787819995.692270730	s1-eth6	1492	4533
1787819995.692270730	s1-eth7	38020989	6286
1787819995.692270730	s1-eth8	1492	4443
1787819995.692270730	s1-eth9	1402	4373
1787819995.692270730	s2-eth1	253109735	121842509
1787819995.692270730	s2-eth10	1402	4533
1787819995.692270730	s2-eth11	38115059	6508
1787819995.692270730	s2-eth12	1402	4533
1787819995.692270730	s2-eth13	1402	4533
1787819995.692270730	s2-eth14	1492	4533
1787819995.692270730	s2-eth15	38234323	6511
1787819995.692270730	s2-eth16	1492	4463
1787819995.692270730	s2-eth17	1492	4533
1787819995.692270730	s2-eth18	1492	4533
1787819995.692270730	s2-eth19	3234	142853950
1787819995.692270730	s2-eth2	5727	5825
1787819995.692270730	s2-eth20	1492	4533
1787819995.692270730	s2-eth21	1402	4443
1787819995.692270730	s2-eth22	1492	4533
1787819995.692270730	s2-eth23	3259	37005668
1787819995.692270730	s2-eth24	1402	4533
1787819995.692270730	s2-eth25	1492	4533
1787819995.692270730	s2-eth26	1402	4533
1787819995.692270730	s2-eth27	3240	37079161
1787819995.692270730	s2-eth28	1492	4533
1787819995.692270730	s2-eth29	1402	4533
1787819995.692270730	s2-eth3	7744909	6588
1787819995.692270730	s2-eth30	1402	4638
1787819995.692270730	s2-eth31	3329	37131073
1787819995.692270730	s2-eth32	1402	4443
1787819995.692270730	s2-eth33	1492	4533
1787819995.692270730	s2-eth34	1492	4373
1787819995.692270730	s2-eth4	1492	4533
1787819995.692270730	s2-eth5	1402	4533
1787819995.692270730	s2-eth6	1492	4443
1787819995.692270730	s2-eth7	38920553	6378
1787819995.692270730	s2-eth8	1492	4443
1787819995.692270730	s2-eth9	1402	4533
1787819995.692270730	s3-eth1	461531910	128536080
1787819995.692270730	s3-eth10	1402	4533
1787819995.692270730	s3-eth11	3089	36702930
1787819995.692270730	s3-eth12	1242	4443
1787819995.692270730	s3-eth13	1402	4533
1787819995.692270730	s3-eth14	1492	4443
1787819995.692270730	s3-eth15	3328	36730525
1787819995.692270730	s3-eth16	1402	4443
1787819995.692270730	s3-eth17	1402	4443
1787819995.692270730	s3-eth18	1242	4533
1787819995.692270730	s3-eth19	7856926	6401
1787819995.692270730	s3-eth2	5825	5825
1787819995.692270730	s3-eth20	1492	4423
1787819995.692270730	s3-eth21	1402	4423
1787819995.692270730	s3-eth22	1242	4443
1787819995.692270730	s3-eth23	39385482	6577
1787819995.692270730	s3-eth24	1242	4443
1787819995.692270730	s3-eth25	1492	4443
1787819995.692270730	s3-eth26	1242	4443
1787819995.692270730	s3-eth27	39404871	6275
1787819995.692270730	s3-eth28	1402	4533
1787819995.692270730	s3-eth29	1492	4463
1787819995.692270730	s3-eth3	3767337	352504032
1787819995.692270730	s3-eth30	1402	4533
1787819995.692270730	s3-eth31	39469739	6354
1787819995.692270730	s3-eth32	1242	4443
1787819995.692270730	s3-eth33	1402	4423
1787819995.692270730	s3-eth34	1492	4533
1787819995.692270730	s3-eth4	1402	4443
1787819995.692270730	s3-eth5	1492	4533
1787819995.692270730	s3-eth6	1492	4533
1787819995.692270730	s3-eth7	3315	37013188
1787819995.692270730	s3-eth8	1492	4302
1787819995.692270730	s3-eth9	1492	4533
1787819995.692270730	s4-eth1	250717989	21690
1787819995.692270730	s4-eth10	1422	4423
1787819995.692270730	s4-eth11	3467	38689132
1787819995.692270730	s4-eth12	1402	4443
1787819995.692270730	s4-eth13	1242	4423
1787819995.692270730	s4-eth14	1242	4443
1787819995.692270730	s4-eth15	3400	38704482
1787819995.692270730	s4-eth16	1242	4443
1787819995.692270730	s4-eth17	1402	4423
1787819995.692270730	s4-eth18	1242	4493
1787819995.692270730	s4-eth19	3380	7956601
1787819995.692270730	s4-eth2	5825	3998
1787819995.692270730	s4-eth20	1492	4443
1787819995.692270730	s4-eth21	1402	4443
1787819995.692270730	s4-eth22	1402	4353
1787819995.692270730	s4-eth23	3376	39806703
1787819995.692270730	s4-eth24	1402	4443
1787819995.692270730	s4-eth25	1402	4443
1787819995.692270730	s4-eth26	1242	4493
1787819995.692270730	s4-eth27	3074	39836096
1787819995.692270730	s4-eth28	1402	4533
1787819995.692270730	s4-eth29	1242	4443
1787819995.692270730	s4-eth3	3297	7788236
1787819995.692270730	s4-eth30	1242	4443
1787819995.692270730	s4-eth31	3380	39834702
1787819995.692270730	s4-eth32	1242	4443
1787819995.692270730	s4-eth33	1242	4493
1787819995.692270730	s4-eth34	1402	4423
1787819995.692270730	s4-eth4	1402	4423
1787819995.692270730	s4-eth5	1242	4423
1787819995.692270730	s4-eth6	1242	4463
1787819995.692270730	s4-eth7	3247	39051822
1787819995.692270730	s4-eth8	1242	4443
1787819995.692270730	s4-eth9	1242	4493
1787819995.692270730	s5-eth1	758560118	3784720
1787819995.692270730	s5-eth2	128174331	265893065
1787819995.692270730	s5-eth3	3785389	602579010
1787819995.692270730	s5-eth4	5881	4201
1787819995.692270730	s6-eth1	5825	5825
1787819995.692270730	s6-eth2	5825	5727
1787819995.692270730	s6-eth3	5825	4201
1787819995.692270730	s6-eth4	6006	5825
1787819995.692270730	s7-eth1	132080516	468798148
1787819995.692270730	s7-eth2	21690	253792333
1787819995.692270730	s7-eth3	598363616	3783562
1787819995.692270730	s7-eth4	5783	5825
1787819995.692270730	s8-eth1	5825	5825
1787819995.692270730	s8-eth2	3998	5825
1787819995.692270730	s8-eth3	5825	4201
1787819995.692270730	s8-eth4	5881	5825
1787819995.692270730	s9-eth1	603927280	3785389
1787819995.692270730	s9-eth2	4201	5825
1787819995.692270730	s9-eth3	3783562	599148064
1787819995.692270730	s9-eth4	4201	5825
1787820002.701671434	s10-eth1	4228	5909
1787820002.701671434	s10-eth2	5852	6034
1787820002.701671434	s10-eth3	5852	5811
1787820002.701671434	s10-eth4	5852	5909
1787820002.701671434	s1-eth1	3784747	781329325
1787820002.701671434	s1-eth10	1492	4533
1787820002.701671434	s1-eth11	41772912	6380
1787820002.701671434	s1-eth12	1402	4533
1787820002.701671434	s1-eth13	1402	4533
1787820002.701671434	s1-eth14	1492	4533
1787820002.701671434	s1-eth15	41791866	6459
1787820002.701671434	s1-eth16	1402	4553
1787820002.701671434	s1-eth17	1492	4533
1787820002.701671434	s1-eth18	1492	4443
1787820002.701671434	s1-eth19	167239815	6365
1787820002.701671434	s1-eth2	5852	5852
1787820002.701671434	s1-eth20	1402	4533
1787820002.701671434	s1-eth21	1492	4533
1787820002.701671434	s1-eth22	1492	4533
1787820002.701671434	s1-eth23	41830443	6300
1787820002.701671434	s1-eth24	1402	4533
1787820002.701671434	s1-eth25	1492	4533
1787820002.701671434	s1-eth26	1492	4443
1787820002.701671434	s1-eth27	41838956	6371
1787820002.701671434	s1-eth28	1492	4533
1787820002.701671434	s1-eth29	1402	4443
1787820002.701671434	s1-eth3	378178676	3770664
1787820002.701671434	s1-eth30	1492	4443
1787820002.701671434	s1-eth31	41866354	6370
1787820002.701671434	s1-eth32	1492	4443
1787820002.701671434	s1-eth33	1492	4443
1787820002.701671434	s1-eth34	1492	4443
1787820002.701671434	s1-eth4	1688	4729
1787820002.701671434	s1-eth5	1422	4443
1787820002.701671434	s1-eth6	1492	4533
1787820002.701671434	s1-eth7	41924483	6356
1787820002.701671434	s1-eth8	1492	4443
1787820002.701671434	s1-eth9	1402	4373
1787820002.701671434	s2-eth1	277584828	134227874
1787820002.701671434	s2-eth10	1402	4533
1787820002.701671434	s2-eth11	41957989	6508
1787820002.701671434	s2-eth12	1402	4533
1787820002.701671434	s2-eth13	1402	4533
1787820002.701671434	s2-eth14	1492	4533
1787820002.701671434	s2-eth15	42077253	6511
1787820002.701671434	s2-eth16	1492	4463
1787820002.701671434	s2-eth17	1492	4533
1787820002.701671434	s2-eth18	1492	4533
1787820002.701671434	s2-eth19	3234	155855022
1787820002.701671434	s2-eth2	5754	5852
1787820002.701671434	s2-eth20	1492	4533
1787820002.701671434	s2-eth21	1402	4443
1787820002.701671434	s2-eth22	1492	4533
1787820002.701671434	s2-eth23	3259	40664022
1787820002.701671434	s2-eth24	1402	4533
1787820002.701671434	s2-eth25	1492	4533
1787820002.701671434	s2-eth26	1402	4533
1787820002.701671434	s2-eth27	3240	40704349
1787820002.701671434	s2-eth28	1492	4533
1787820002.701671434	s2-eth29	1402	4533
1787820002.701671434	s2-eth3	8519263	6588
1787820002.701671434	s2-eth30	1402	4638
1787820002.701671434	s2-eth31	3329	40700023
1787820002.701671434	s2-eth32	1402	4443
1787820002.701671434	s2-eth33	1492	4533
1787820002.701671434	s2-eth34	1492	4443
1787820002.701671434	s2-eth4	1492	4533
1787820002.701671434	s2-eth5	1402	4533
1787820002.701671434	s2-eth6	1492	4443
1787820002.701671434	s2-eth7	42808185	6378
1787820002.701671434	s2-eth8	1492	4443
1787820002.701671434	s2-eth9	1402	4533
1787820002.701671434	s3-eth1	484572213	141022385
1787820002.701671434	s3-eth10	1402	4533
1787820002.701671434	s3-eth11	3089	40279090
1787820002.701671434	s3-eth12	1242	4443
1787820002.701671434	s3-eth13	1402	4533
1787820002.701671434	s3-eth14	1492	4443
1787820002.701671434	s3-eth15	3328	40274961
1787820002.701671434	s3-eth16	1402	4443
1787820002.701671434	s3-eth17	1402	4443
1787820002.701671434	s3-eth18	1242	4533
1787820002.701671434	s3-eth19	8634164	6401
1787820002.701671434	s3-eth2	5852	5852
1787820002.701671434	s3-eth20	1492	4423
1787820002.701671434	s3-eth21	1402	4423
1787820002.701671434	s3-eth22	1242	4443
1787820002.701671434	s3-eth23	43257252	6577
1787820002.701671434	s3-eth24	1242	4443
1787820002.701671434	s3-eth25	1492	4443
1787820002.701671434	s3-eth26	1242	4443
1787820002.701671434	s3-eth27	43321343	6275
1787820002.701671434	s3-eth28	1402	4533
1787820002.701671434	s3-eth29	1492	4463
1787820002.701671434	s3-eth3	3767337	365066736
1787820002.701671434	s3-eth30	1402	4533
1787820002.701671434	s3-eth31	43412167	6354
1787820002.701671434	s3-eth32	1242	4443
1787820002.701671434	s3-eth33	1402	4423
1787820002.701671434	s3-eth34	1492	4533
1787820002.701671434	s3-eth4	1402	4443
1787820002.701671434	s3-eth5	1492	4533
1787820002.701671434	s3-eth6	1492	4533
1787820002.701671434	s3-eth7	3315	40694614
1787820002.701671434	s3-eth8	1492	4302
1787820002.701671434	s3-eth9	1492	4533
1787820002.701671434	s4-eth1	276353892	21717
1787820002.701671434	s4-eth10	1492	4423
1787820002.701671434	s4-eth11	3467	42726732
1787820002.701671434	s4-eth12	1402	4443
1787820002.701671434	s4-eth13	1242	4423
1787820002.701671434	s4-eth14	1242	4443
1787820002.701671434	s4-eth15	3470	42792552
1787820002.701671434	s4-eth16	1242	4443
1787820002.701671434	s4-eth17	1402	4423
1787820002.701671434	s4-eth18	1242	4493
1787820002.701671434	s4-eth19	3380	8774215
1787820002.701671434	s4-eth2	5852	4025
1787820002.701671434	s4-eth20	1492	4443
1787820002.701671434	s4-eth21	1402	4443
1787820002.701671434	s4-eth22	1402	4423
1787820002.701671434	s4-eth23	3376	43868817
1787820002.701671434	s4-eth24	1402	4443
1787820002.701671434	s4-eth25	1402	4443
1787820002.701671434	s4-eth26	1242	4493
1787820002.701671434	s4-eth27	3074	43867928
1787820002.701671434	s4-eth28	1402	4533
1787820002.701671434	s4-eth29	1242	4443
1787820002.701671434	s4-eth3	3297	8595756
1787820002.701671434	s4-eth30	1242	4443
1787820002.701671434	s4-eth31	3380	43961706
1787820002.701671434	s4-eth32	1242	4443
1787820002.701671434	s4-eth33	1242	4493
1787820002.701671434	s4-eth34	1402	4423
1787820002.701671434	s4-eth4	1402	4423
1787820002.701671434	s4-eth5	1242	4423
1787820002.701671434	s4-eth6	1242	4533
1787820002.701671434	s4-eth7	3247	43317258
1787820002.701671434	s4-eth8	1242	4443
1787820002.701671434	s4-eth9	1242	4493
1787820002.701671434	s5-eth1	814045448	3784774
1787820002.701671434	s5-eth2	142184857	292244227
1787820002.701671434	s5-eth3	3785443	643051678
1787820002.701671434	s5-eth4	5937	4255
1787820002.701671434	s6-eth1	5879	5879
1787820002.701671434	s6-eth2	5879	5781
1787820002.701671434	s6-eth3	5879	4255
1787820002.701671434	s6-eth4	6062	5879
1787820002.701671434	s7-eth1	146553924	495446362
1787820002.701671434	s7-eth2	21744	282854455
1787820002.701671434	s7-eth3	640004304	3783616
1787820002.701671434	s7-eth4	5839	5879
1787820002.701671434	s8-eth1	5879	5879
1787820002.701671434	s8-eth2	4052	5879
1787820002.701671434	s8-eth3	5879	4255
1787820002.701671434	s8-eth4	5937	5879
1787820002.701671434	s9-eth1	646613418	3785443
1787820002.701671434	s9-eth2	4255	5879
1787820002.701671434	s9-eth3	3783616	641824108
1787820002.701671434	s9-eth4	4255	5879
1787820009.979632937	s10-eth1	4255	5937
1787820009.979632937	s10-eth2	5879	6062
1787820009.979632937	s10-eth3	5879	5839
1787820009.979632937	s10-eth4	5879	5937
1787820009.979632937	s1-eth1	3784774	840354738
1787820009.979632937	s1-eth10	1492	4533
1787820009.979632937	s1-eth11	46357030	6380
1787820009.979632937	s1-eth12	1402	4533
1787820009.979632937	s1-eth13	1402	4533
1787820009.979632937	s1-eth14	1492	4533
1787820009.979632937	s1-eth15	46507206	6459
1787820009.979632937	s1-eth16	1402	4553
1787820009.979632937	s1-eth17	1492	4533
1787820009.979632937	s1-eth18	1492	4443
1787820009.979632937	s1-eth19	186618853	6365
1787820009.979632937	s1-eth2	5879	5879
1787820009.979632937	s1-eth20	1402	4533
1787820009.979632937	s1-eth21	1492	4533
1787820009.979632937	s1-eth22	1492	4533
1787820009.979632937	s1-eth23	46782271	6300
1787820009.979632937	s1-eth24	1402	4533
1787820009.979632937	s1-eth25	1492	4533
1787820009.979632937	s1-eth26	1492	4443
1787820009.979632937	s1-eth27	46943636	6371
1787820009.979632937	s1-eth28	1492	4533
1787820009.979632937	s1-eth29	1402	4443
1787820009.979632937	s1-eth3	399002668	3770664
1787820009.979632937	s1-eth30	1492	4443
1787820009.979632937	s1-eth31	47139748	6370
1787820009.979632937	s1-eth32	1492	4443
1787820009.979632937	s1-eth33	1492	4443
1787820009.979632937	s1-eth34	1492	4443
1787820009.979632937	s1-eth4	1688	4729
1787820009.979632937	s1-eth5	1492	4443
1787820009.979632937	s1-eth6	1492	4533
1787820009.979632937	s1-eth7	47381011	6356
1787820009.979632937	s1-eth8	1492	4443
1787820009.979632937	s1-eth9	1402	4443
1787820009.979632937	s2-eth1	309538160	151919826
1787820009.979632937	s2-eth10	1402	4533
1787820009.979632937	s2-eth11	47522667	6508
1787820009.979632937	s2-eth12	1402	4533
1787820009.979632937	s2-eth13	1402	4533
1787820009.979632937	s2-eth14	1492	4533
1787820009.979632937	s2-eth15	47601555	6511
1787820009.979632937	s2-eth16	1492	4533
1787820009.979632937	s2-eth17	1492	4533
1787820009.979632937	s2-eth18	1492	4533
1787820009.979632937	s2-eth19	3234	173349366
1787820009.979632937	s2-eth2	5808	5906
1787820009.979632937	s2-eth20	1492	4533
1787820009.979632937	s2-eth21	1402	4443
1787820009.979632937	s2-eth22	1492	4533
1787820009.979632937	s2-eth23	3259	45624502
1787820009.979632937	s2-eth24	1402	4533
1787820009.979632937	s2-eth25	1492	4533
1787820009.979632937	s2-eth26	1402	4533
1787820009.979632937	s2-eth27	3240	45723951
1787820009.979632937	s2-eth28	1492	4533
1787820009.979632937	s2-eth29	1402	4533
1787820009.979632937	s2-eth3	9609415	6588
1787820009.979632937	s2-eth30	1402	4638
1787820009.979632937	s2-eth31	3329	45690785
1787820009.979632937	s2-eth32	1402	4443
1787820009.979632937	s2-eth33	1492	4533
1787820009.979632937	s2-eth34	1492	4443
1787820009.979632937	s2-eth4	1492	4533
1787820009.979632937	s2-eth5	1402	4533
1787820009.979632937	s2-eth6	1492	4443
1787820009.979632937	s2-eth7	48159447	6378
1787820009.979632937	s2-eth8	1492	4443
1787820009.979632937	s2-eth9	1402	4533
1787820009.979632937	s3-eth1	516681281	158121675
1787820009.979632937	s3-eth10	1402	4533
1787820009.979632937	s3-eth11	3089	45138630
1787820009.979632937	s3-eth12	1242	4443
1787820009.979632937	s3-eth13	1402	4533
1787820009.979632937	s3-eth14	1492	4443
1787820009.979632937	s3-eth15	3328	45082589
1787820009.979632937	s3-eth16	1402	4443
1787820009.979632937	s3-eth17	1402	4443
1787820009.979632937	s3-eth18	1242	4533
1787820009.979632937	s3-eth19	9714222	6401
1787820009.979632937	s3-eth2	5906	5906
1787820009.979632937	s3-eth20	1492	4423
1787820009.979632937	s3-eth21	1402	4423
1787820009.979632937	s3-eth22	1242	4443
1787820009.979632937	s3-eth23	48684940	6577
1787820009.979632937	s3-eth24	1242	4443
1787820009.979632937	s3-eth25	1492	4443
1787820009.979632937	s3-eth26	1242	4443
1787820009.979632937	s3-eth27	48756241	6275
1787820009.979632937	s3-eth28	1402	4533
1787820009.979632937	s3-eth29	1492	4463
1787820009.979632937	s3-eth3	3767337	382099640
1787820009.979632937	s3-eth30	1402	4533
1787820009.979632937	s3-eth31	48864369	6354
1787820009.979632937	s3-eth32	1242	4443
1787820009.979632937	s3-eth33	1402	4423
1787820009.979632937	s3-eth34	1492	4533
1787820009.979632937	s3-eth4	1402	4443
1787820009.979632937	s3-eth5	1492	4533
1787820009.979632937	s3-eth6	1492	4533
1787820009.979632937	s3-eth7	3315	45538292
1787820009.979632937	s3-eth8	1492	4302
1787820009.979632937	s3-eth9	1492	4533
1787820009.979632937	s4-eth1	311287838	21771
1787820009.979632937	s4-eth10	1492	4423
1787820009.979632937	s4-eth11	3467	48050596
1787820009.979632937	s4-eth12	1402	4443
1787820009.979632937	s4-eth13	1242	4423
1787820009.979632937	s4-eth14	1242	4443
1787820009.979632937	s4-eth15	3470	48129394
1787820009.979632937	s4-eth16	1242	4443
1787820009.979632937	s4-eth17	1402	4423
1787820009.979632937	s4-eth18	1242	4493
1787820009.979632937	s4-eth19	3380	9877345
1787820009.979632937	s4-eth2	5906	4079
1787820009.979632937	s4-eth20	1492	4443
1787820009.979632937	s4-eth21	1402	4443
1787820009.979632937	s4-eth22	1402	4423
1787820009.979632937	s4-eth23	3376	49486849
1787820009.979632937	s4-eth24	1402	4443
1787820009.979632937	s4-eth25	1402	4443
1787820009.979632937	s4-eth26	1242	4493
1787820009.979632937	s4-eth27	3074	49607088
1787820009.979632937	s4-eth28	1402	4533
1787820009.979632937	s4-eth29	1242	4443
1787820009.979632937	s4-eth3	3297	9743588
1787820009.979632937	s4-eth30	1242	4443
1787820009.979632937	s4-eth31	3380	49726822
1787820009.979632937	s4-eth32	1242	4443
1787820009.979632937	s4-eth33	1242	4493
1787820009.979632937	s4-eth34	1402	4423
1787820009.979632937	s4-eth4	1402	4423
1787820009.979632937	s4-eth5	1242	4423
1787820009.979632937	s4-eth6	1242	4533
1787820009.979632937	s4-eth7	3247	48868958
1787820009.979632937	s4-eth8	1242	4443
1787820009.979632937	s4-eth9	1242	4493
1787820009.979632937	s5-eth1	887234185	3784801
1787820009.979632937	s5-eth2	160439162	325551570
1787820009.979632937	s5-eth3	3785470	694799317
1787820009.979632937	s5-eth4	5965	4282
1787820009.979632937	s6-eth1	5906	5906
1787820009.979632937	s6-eth2	5906	5808
1787820009.979632937	s6-eth3	5906	4282
1787820009.979632937	s6-eth4	6090	5906
1787820009.979632937	s7-eth1	164886097	528124993
1787820009.979632937	s7-eth2	21771	319060218
1787820009.979632937	s7-eth3	691274641	3783643
1787820009.979632937	s7-eth4	5867	5906
1787820009.979632937	s8-eth1	5906	5906
1787820009.979632937	s8-eth2	4079	5906
1787820009.979632937	s8-eth3	5906	4282
1787820009.979632937	s8-eth4	5993	5933
1787820009.979632937	s9-eth1	698549986	3785497
1787820009.979632937	s9-eth2	4309	5933
1787820009.979632937	s9-eth3	3783670	693447762
1787820009.979632937	s9-eth4	4309	5933
1787820018.920830577	s10-eth1	4309	5993
1787820018.920830577	s10-eth2	5933	6118
1787820018.920830577	s10-eth3	5933	5895
1787820018.920830577	s10-eth4	5933	5993
1787820018.920830577	s1-eth1	3784828	912509588
1787820018.920830577	s1-eth10	1492	4533
1787820018.920830577	s1-eth11	52152428	6380
1787820018.920830577	s1-eth12	1402	4533
1787820018.920830577	s1-eth13	1402	4533
1787820018.920830577	s1-eth14	1492	4533
1787820018.920830577	s1-eth15	52178592	6459
1787820018.920830577	s1-eth16	1402	4553
1787820018.920830577	s1-eth17	1492	4533
1787820018.920830577	s1-eth18	1492	4443
1787820018.920830577	s1-eth19	208801139	6365
1787820018.920830577	s1-eth2	5933	5933
1787820018.920830577	s1-eth20	1402	4533
1787820018.920830577	s1-eth21	1492	4533
1787820018.920830577	s1-eth22	1492	4533
1787820018.920830577	s1-eth23	52218611	6300
1787820018.920830577	s1-eth24	1402	4533
1787820018.920830577	s1-eth25	1492	4533
1787820018.920830577	s1-eth26	1492	4443
1787820018.920830577	s1-eth27	52214146	6371
1787820018.920830577	s1-eth28	1492	4533
1787820018.920830577	s1-eth29	1402	4443
1787820018.920830577	s1-eth3	419764584	3770664
1787820018.920830577	s1-eth30	1492	4443
1787820018.920830577	s1-eth31	52281920	6370
1787820018.920830577	s1-eth32	1492	4443
1787820018.920830577	s1-eth33	1492	4443
1787820018.920830577	s1-eth34	1492	4443
1787820018.920830577	s1-eth4	1688	4729
1787820018.920830577	s1-eth5	1492	4443
1787820018.920830577	s1-eth6	1492	4533
1787820018.920830577	s1-eth7	52334281	6356
1787820018.920830577	s1-eth8	1492	4443
1787820018.920830577	s1-eth9	1402	4443
1787820018.920830577	s2-eth1	338957871	167665051
1787820018.920830577	s2-eth10	1402	4533
1787820018.920830577	s2-eth11	52441329	6508
1787820018.920830577	s2-eth12	1402	4533
1787820018.920830577	s2-eth13	1402	4533
1787820018.920830577	s2-eth14	1492	4533
1787820018.920830577	s2-eth15	52504355	6511
1787820018.920830577	s2-eth16	1492	4533
1787820018.920830577	s2-eth17	1492	4533
1787820018.920830577	s2-eth18	1492	4533
1787820018.920830577	s2-eth19	3234	188992182
1787820018.920830577	s2-eth2	5835	5933
1787820018.920830577	s2-eth20	1492	4533
1787820018.920830577	s2-eth21	1402	4443
1787820018.920830577	s2-eth22	1492	4533
1787820018.920830577	s2-eth23	3259	49829374
1787820018.920830577	s2-eth24	1402	4533
1787820018.920830577	s2-eth25	1492	4533
1787820018.920830577	s2-eth26	1402	4533
1787820018.920830577	s2-eth27	3240	49918729
1787820018.920830577	s2-eth28	1492	4533
1787820018.920830577	s2-eth29	1402	4533
1787820018.920830577	s2-eth3	10571229	6588
1787820018.920830577	s2-eth30	1402	4638
1787820018.920830577	s2-eth31	3329	49920171
1787820018.920830577	s2-eth32	1402	4443
1787820018.920830577	s2-eth33	1492	4533
1787820018.920830577	s2-eth34	1492	4443
1787820018.920830577	s2-eth4	1492	4533
1787820018.920830577	s2-eth5	1402	4533
1787820018.920830577	s2-eth6	1492	4443
1787820018.920830577	s2-eth7	52941119	6378
1787820018.920830577	s2-eth8	1492	4443
1787820018.920830577	s2-eth9	1402	4533
1787820018.920830577	s3-eth1	544037490	173383830
1787820018.920830577	s3-eth10	1402	4533
1787820018.920830577	s3-eth11	3089	49173346
1787820018.920830577	s3-eth12	1242	4443
1787820018.920830577	s3-eth13	1402	4533
1787820018.920830577	s3-eth14	1492	4443
1787820018.920830577	s3-eth15	3328	49130283
1787820018.920830577	s3-eth16	1402	4443
1787820018.920830577	s3-eth17	1402	4443
1787820018.920830577	s3-eth18	1242	4533
1787820018.920830577	s3-eth19	10648638	6401
1787820018.920830577	s3-eth2	5933	5933
1787820018.920830577	s3-eth20	1492	4423
1787820018.920830577	s3-eth21	1402	4423
1787820018.920830577	s3-eth22	1242	4443
1787820018.920830577	s3-eth23	53315202	6577
1787820018.920830577	s3-eth24	1242	4443
1787820018.920830577	s3-eth25	1492	4443
1787820018.920830577	s3-eth26	1242	4443
1787820018.920830577	s3-eth27	53383619	6275
1787820018.920830577	s3-eth28	1402	4533
1787820018.920830577	s3-eth29	1492	4463
1787820018.920830577	s3-eth3	3767337	396949356
1787820018.920830577	s3-eth30	1402	4533
1787820018.920830577	s3-eth31	53478769	6354
1787820018.920830577	s3-eth32	1242	4443
1787820018.920830577	s3-eth33	1402	4423
1787820018.920830577	s3-eth34	1492	4533
1787820018.920830577	s3-eth4	1402	4443
1787820018.920830577	s3-eth5	1492	4533
1787820018.920830577	s3-eth6	1492	4533
1787820018.920830577	s3-eth7	3315	49417272
1787820018.920830577	s3-eth8	1492	4302
1787820018.920830577	s3-eth9	1492	4533
1787820018.920830577	s4-eth1	339529435	21798
1787820018.920830577	s4-eth10	1492	4423
1787820018.920830577	s4-eth11	3467	52375154
1787820018.920830577	s4-eth12	1402	4443
1787820018.920830577	s4-eth13	1242	4423
1787820018.920830577	s4-eth14	1242	4443
1787820018.920830577	s4-eth15	3470	52378968
1787820018.920830577	s4-eth16	1242	4443
1787820018.920830577	s4-eth17	1402	4423
1787820018.920830577	s4-eth18	1242	4493
1787820018.920830577	s4-eth19	3380	10755523
1787820018.920830577	s4-eth2	5960	4133
1787820018.920830577	s4-eth20	1492	4443
1787820018.920830577	s4-eth21	1402	4443
1787820018.920830577	s4-eth22	1402	4423
1787820018.920830577	s4-eth23	3376	53809965
1787820018.920830577	s4-eth24	1402	4443
1787820018.920830577	s4-eth25	1402	4443
1787820018.920830577	s4-eth26	1242	4493
1787820018.920830577	s4-eth27	3074	53885502
1787820018.920830577	s4-eth28	1402	4533
1787820018.920830577	s4-eth29	1242	4443
1787820018.920830577	s4-eth3	3297	10565528
1787820018.920830577	s4-eth30	1242	4443
1787820018.920830577	s4-eth31	3380	54008120
1787820018.920830577	s4-eth32	1242	4443
1787820018.920830577	s4-eth33	1242	4493
1787820018.920830577	s4-eth34	1402	4423
1787820018.920830577	s4-eth4	1402	4423
1787820018.920830577	s4-eth5	1242	4423
1787820018.920830577	s4-eth6	1242	4533
1787820018.920830577	s4-eth7	3247	53010382
1787820018.920830577	s4-eth8	1242	4443
1787820018.920830577	s4-eth9	1242	4493
1787820018.920830577	s5-eth1	943720263	3784855
1787820018.920830577	s5-eth2	174061790	351945992
1787820018.920830577	s5-eth3	3785524	734546659
1787820018.920830577	s5-eth4	6021	4336
1787820018.920830577	s6-eth1	5960	5960
1787820018.920830577	s6-eth2	5960	5862
1787820018.920830577	s6-eth3	5960	4336
1787820018.920830577	s6-eth4	6146	5960
1787820018.920830577	s7-eth1	178177065	553148073
1787820018.920830577	s7-eth2	21825	345102792
1787820018.920830577	s7-eth3	729362311	3783697
1787820018.920830577	s7-eth4	5923	5960
1787820018.920830577	s8-eth1	5960	5960
1787820018.920830577	s8-eth2	4133	5960
1787820018.920830577	s8-eth3	5960	4336
1787820018.920830577	s8-eth4	6021	5960
1787820018.920830577	s9-eth1	736910097	3785524
1787820018.920830577	s9-eth2	4336	5960
1787820018.920830577	s9-eth3	3783697	730772587
1787820018.920830577	s9-eth4	4336	5960
1787820025.136366719	s10-eth1	4336	6021
1787820025.136366719	s10-eth2	5960	6146
1787820025.136366719	s10-eth3	5960	5923
1787820025.136366719	s10-eth4	5960	6021
1787820025.136366719	s1-eth1	3784855	968218401
1787820025.136366719	s1-eth10	1492	4533
1787820025.136366719	s1-eth11	56165514	6380
1787820025.136366719	s1-eth12	1402	4533
1787820025.136366719	s1-eth13	1402	4533
1787820025.136366719	s1-eth14	1492	4533
1787820025.136366719	s1-eth15	56221960	6459
1787820025.136366719	s1-eth16	1402	4553
1787820025.136366719	s1-eth17	1492	4533
1787820025.136366719	s1-eth18	1492	4443
1787820025.136366719	s1-eth19	225120253	6365
1787820025.136366719	s1-eth2	5960	5960
1787820025.136366719	s1-eth20	1402	4533
1787820025.136366719	s1-eth21	1492	4533
1787820025.136366719	s1-eth22	1492	4533
1787820025.136366719	s1-eth23	56387433	6300
1787820025.136366719	s1-eth24	1402	4533
1787820025.136366719	s1-eth25	1492	4533
1787820025.136366719	s1-eth26	1492	4443
1787820025.136366719	s1-eth27	56452184	6371
1787820025.136366719	s1-eth28	1492	4533
1787820025.136366719	s1-eth29	1402	4443
1787820025.136366719	s1-eth3	436927268	3770664
1787820025.136366719	s1-eth30	1492	4443
1787820025.136366719	s1-eth31	56599268	6370
1787820025.136366719	s1-eth32	1492	4443
1787820025.136366719	s1-eth33	1492	4443
1787820025.136366719	s1-eth34	1492	4443
1787820025.136366719	s1-eth4	1688	4729
1787820025.136366719	s1-eth5	1492	4443
1787820025.136366719	s1-eth6	1492	4533
1787820025.136366719	s1-eth7	56689121	6356
1787820025.136366719	s1-eth8	1492	4443
1787820025.136366719	s1-eth9	1402	4443
1787820025.136366719	s2-eth1	367725798	181452040
1787820025.136366719	s2-eth10	1402	4533
1787820025.136366719	s2-eth11	56747141	6508
1787820025.136366719	s2-eth12	1402	4533
1787820025.136366719	s2-eth13	1402	4533
1787820025.136366719	s2-eth14	1492	4533
1787820025.136366719	s2-eth15	56839007	6511
1787820025.136366719	s2-eth16	1492	4533
1787820025.136366719	s2-eth17	1492	4533
1787820025.136366719	s2-eth18	1492	4533
1787820025.136366719	s2-eth19	3234	205485778
1787820025.136366719	s2-eth2	5862	5960
1787820025.136366719	s2-eth20	1492	4533
1787820025.136366719	s2-eth21	1402	4443
1787820025.136366719	s2-eth22	1492	4533
1787820025.136366719	s2-eth23	3259	54009732
1787820025.136366719	s2-eth24	1402	4533
1787820025.136366719	s2-eth25	1492	4533
1787820025.136366719	s2-eth26	1402	4533
1787820025.136366719	s2-eth27	3240	54099087
1787820025.136366719	s2-eth28	1492	4533
1787820025.136366719	s2-eth29	1402	4533
1787820025.136366719	s2-eth3	11450849	6588
1787820025.136366719	s2-eth30	1402	4638
1787820025.136366719	s2-eth31	3329	54127927
1787820025.136366719	s2-eth32	1402	4443
1787820025.136366719	s2-eth33	1492	4533
1787820025.136366719	s2-eth34	1492	4443
1787820025.136366719	s2-eth4	1492	4533
1787820025.136366719	s2-eth5	1402	4533
1787820025.136366719	s2-eth6	1492	4443
1787820025.136366719	s2-eth7	57418529	6378
1787820025.136366719	s2-eth8	1492	4443
1787820025.136366719	s2-eth9	1402	4533
1787820025.136366719	s3-eth1	573291398	187824072
1787820025.136366719	s3-eth10	1402	4533
1787820025.136366719	s3-eth11	3089	53396964
1787820025.136366719	s3-eth12	1242	4443
1787820025.136366719	s3-eth13	1402	4533
1787820025.136366719	s3-eth14	1492	4443
1787820025.136366719	s3-eth15	3328	53401487
1787820025.136366719	s3-eth16	1402	4443
1787820025.136366719	s3-eth17	1402	4443
1787820025.136366719	s3-eth18	1242	4533
1787820025.136366719	s3-eth19	11567192	6401
1787820025.136366719	s3-eth2	5987	5987
1787820025.136366719	s3-eth20	1492	4423
1787820025.136366719	s3-eth21	1402	4423
1787820025.136366719	s3-eth22	1242	4443
1787820025.136366719	s3-eth23	57957000	6577
1787820025.136366719	s3-eth24	1242	4443
1787820025.136366719	s3-eth25	1492	4443
1787820025.136366719	s3-eth26	1242	4443
1787820025.136366719	s3-eth27	57989367	6275
1787820025.136366719	s3-eth28	1402	4533
1787820025.136366719	s3-eth29	1492	4463
1787820025.136366719	s3-eth3	3767337	413807778
1787820025.136366719	s3-eth30	1402	4533
1787820025.136366719	s3-eth31	58031163	6354
1787820025.136366719	s3-eth32	1242	4443
1787820025.136366719	s3-eth33	1402	4423
1787820025.136366719	s3-eth34	1492	4533
1787820025.136366719	s3-eth4	1402	4443
1787820025.136366719	s3-eth5	1492	4533
1787820025.136366719	s3-eth6	1492	4533
1787820025.136366719	s3-eth7	3315	53695686
1787820025.136366719	s3-eth8	1492	4302
1787820025.136366719	s3-eth9	1492	4533
1787820025.136366719	s4-eth1	368063785	21852
1787820025.136366719	s4-eth10	1492	4423
1787820025.136366719	s4-eth11	3467	56740088
1787820025.136366719	s4-eth12	1402	4443
1787820025.136366719	s4-eth13	1242	4423
1787820025.136366719	s4-eth14	1242	4443
1787820025.136366719	s4-eth15	3470	56807350
1787820025.136366719	s4-eth16	1242	4443
1787820025.136366719	s4-eth17	1402	4423
1787820025.136366719	s4-eth18	1242	4493
1787820025.136366719	s4-eth19	3380	11672635
1787820025.136366719	s4-eth2	5987	4160
1787820025.136366719	s4-eth20	1492	4443
1787820025.136366719	s4-eth21	1402	4443
1787820025.136366719	s4-eth22	1402	4423
1787820025.136366719	s4-eth23	3376	58420039
1787820025.136366719	s4-eth24	1402	4443
1787820025.136366719	s4-eth25	1402	4443
1787820025.136366719	s4-eth26	1242	4493
1787820025.136366719	s4-eth27	3074	58509996
1787820025.136366719	s4-eth28	1402	4533
1787820025.136366719	s4-eth29	1242	4443
1787820025.136366719	s4-eth3	3297	11466778
1787820025.136366719	s4-eth30	1242	4443
1787820025.136366719	s4-eth31	3380	58631172
1787820025.136366719	s4-eth32	1242	4443
1787820025.136366719	s4-eth33	1242	4493
1787820025.136366719	s4-eth34	1402	4423
1787820025.136366719	s4-eth4	1402	4423
1787820025.136366719	s4-eth5	1242	4423
1787820025.136366719	s4-eth6	1242	4533
1787820025.136366719	s4-eth7	3247	57519516
1787820025.136366719	s4-eth8	1242	4443
1787820025.136366719	s4-eth9	1242	4493
1787820025.136366719	s5-eth1	1007084654	3784882
1787820025.136366719	s5-eth2	189012473	383019677
1787820025.136366719	s5-eth3	3785551	780661846
1787820025.136366719	s5-eth4	6049	4363
1787820025.136366719	s6-eth1	5987	5987
1787820025.136366719	s6-eth2	5987	5889
1787820025.136366719	s6-eth3	5987	4363
1787820025.136366719	s6-eth4	6174	5987
1787820025.136366719	s7-eth1	193309440	583646400
1787820025.136366719	s7-eth2	21852	375089209
1787820025.136366719	s7-eth3	775499128	3783724
1787820025.136366719	s7-eth4	5951	5987
1787820025.136366719	s8-eth1	5987	5987
1787820025.136366719	s8-eth2	4160	5987
1787820025.136366719	s8-eth3	5987	4363
1787820025.136366719	s8-eth4	6049	5987
1787820025.136366719	s9-eth1	783532868	3785551
1787820025.136366719	s9-eth2	4363	5987
1787820025.136366719	s9-eth3	3783724	777282882
1787820025.136366719	s9-eth4	4363	5987
1787820032.597419578	s10-eth1	4390	6077
1787820032.597419578	s10-eth2	6014	6202
1787820032.597419578	s10-eth3	6014	5979
1787820032.597419578	s10-eth4	6014	6077
1787820032.597419578	s1-eth1	3784909	1032985885
1787820032.597419578	s1-eth10	1492	4533
1787820032.597419578	s1-eth11	60980352	6380
1787820032.597419578	s1-eth12	1402	4533
1787820032.597419578	s1-eth13	1402	4533
1787820032.597419578	s1-eth14	1492	4533
1787820032.597419578	s1-eth15	61054102	6459
1787820032.597419578	s1-eth16	1402	4553
1787820032.597419578	s1-eth17	1492	4533
1787820032.597419578	s1-eth18	1492	4443
1787820032.597419578	s1-eth19	244655027	6365
1787820032.597419578	s1-eth2	6014	6014
1787820032.597419578	s1-eth20	1402	4533
1787820032.597419578	s1-eth21	1492	4533
1787820032.597419578	s1-eth22	1492	4533
1787820032.597419578	s1-eth23	61264277	6300
1787820032.597419578	s1-eth24	1402	4533
1787820032.597419578	s1-eth25	1492	4533
1787820032.597419578	s1-eth26	1492	4443
1787820032.597419578	s1-eth27	61346332	6371
1787820032.597419578	s1-eth28	1492	4533
1787820032.597419578	s1-eth29	1402	4443
1787820032.597419578	s1-eth3	456627872	3770664
1787820032.597419578	s1-eth30	1492	4443
1787820032.597419578	s1-eth31	61536676	6370
1787820032.597419578	s1-eth32	1492	4443
1787820032.597419578	s1-eth33	1492	4443
1787820032.597419578	s1-eth34	1492	4443
1787820032.597419578	s1-eth4	1688	4729
1787820032.597419578	s1-eth5	1492	4443
1787820032.597419578	s1-eth6	1492	4533
1787820032.597419578	s1-eth7	61772171	6356
1787820032.597419578	s1-eth8	1492	4443
1787820032.597419578	s1-eth9	1402	4443
1787820032.597419578	s2-eth1	401239374	197942806
1787820032.597419578	s2-eth10	1402	4533
1787820032.597419578	s2-eth11	61916711	6508
1787820032.597419578	s2-eth12	1402	4533
1787820032.597419578	s2-eth13	1402	4533
1787820032.597419578	s2-eth14	1492	4533
1787820032.597419578	s2-eth15	62027323	6511
1787820032.597419578	s2-eth16	1492	4533
1787820032.597419578	s2-eth17	1492	4533
1787820032.597419578	s2-eth18	1492	4533
1787820032.597419578	s2-eth19	3234	223787642
1787820032.597419578	s2-eth2	5916	6014
1787820032.597419578	s2-eth20	1492	4533
1787820032.597419578	s2-eth21	1402	4443
1787820032.597419578	s2-eth22	1492	4533
1787820032.597419578	s2-eth23	3259	58991842
1787820032.597419578	s2-eth24	1402	4533
1787820032.597419578	s2-eth25	1492	4533
1787820032.597419578	s2-eth26	1402	4533
1787820032.597419578	s2-eth27	3240	59000445
1787820032.597419578	s2-eth28	1492	4533
1787820032.597419578	s2-eth29	1402	4533
1787820032.597419578	s2-eth3	12493415	6588
1787820032.597419578	s2-eth30	1402	4638
1787820032.597419578	s2-eth31	3329	59023517
1787820032.597419578	s2-eth32	1402	4443
1787820032.597419578	s2-eth33	1492	4533
1787820032.597419578	s2-eth34	1492	4443
1787820032.597419578	s2-eth4	1492	4533
1787820032.597419578	s2-eth5	1402	4533
1787820032.597419578	s2-eth6	1492	4443
1787820032.597419578	s2-eth7	62596751	6378
1787820032.597419578	s2-eth8	1492	4443
1787820032.597419578	s2-eth9	1402	4533
1787820032.597419578	s3-eth1	604298751	204241269
1787820032.597419578	s3-eth10	1402	4533
1787820032.597419578	s3-eth11	3089	58004154
1787820032.597419578	s3-eth12	1242	4443
1787820032.597419578	s3-eth13	1402	4533
1787820032.597419578	s3-eth14	1492	4443
1787820032.597419578	s3-eth15	3328	57943787
1787820032.597419578	s3-eth16	1402	4443
1787820032.597419578	s3-eth17	1402	4443
1787820032.597419578	s3-eth18	1242	4533
1787820032.597419578	s3-eth19	12575150	6401
1787820032.597419578	s3-eth2	6014	6014
1787820032.597419578	s3-eth20	1492	4423
1787820032.597419578	s3-eth21	1402	4423
1787820032.597419578	s3-eth22	1242	4443
1787820032.597419578	s3-eth23	62998232	6577
1787820032.597419578	s3-eth24	1242	4443
1787820032.597419578	s3-eth25	1492	4443
1787820032.597419578	s3-eth26	1242	4443
1787820032.597419578	s3-eth27	63083953	6275
1787820032.597419578	s3-eth28	1402	4533
1787820032.597419578	s3-eth29	1492	4463
1787820032.597419578	s3-eth3	3767337	430625824
1787820032.597419578	s3-eth30	1402	4533
1787820032.597419578	s3-eth31	63210827	6354
1787820032.597419578	s3-eth32	1242	4443
1787820032.597419578	s3-eth33	1402	4423
1787820032.597419578	s3-eth34	1492	4533
1787820032.597419578	s3-eth4	1402	4443
1787820032.597419578	s3-eth5	1492	4533
1787820032.597419578	s3-eth6	1492	4533
1787820032.597419578	s3-eth7	3315	58517734
1787820032.597419578	s3-eth8	1492	4302
1787820032.597419578	s3-eth9	1492	4533
1787820032.597419578	s4-eth1	402195979	21906
1787820032.597419578	s4-eth10	1492	4423
1787820032.597419578	s4-eth11	3467	61991852
1787820032.597419578	s4-eth12	1402	4443
1787820032.597419578	s4-eth13	1242	4423
1787820032.597419578	s4-eth14	1242	4443
1787820032.597419578	s4-eth15	3470	62051904
1787820032.597419578	s4-eth16	1242	4443
1787820032.597419578	s4-eth17	1402	4423
1787820032.597419578	s4-eth18	1242	4493
1787820032.597419578	s4-eth19	3380	12778649
1787820032.597419578	s4-eth2	6041	4214
1787820032.597419578	s4-eth20	1492	4443
1787820032.597419578	s4-eth21	1402	4443
1787820032.597419578	s4-eth22	1402	4423
1787820032.597419578	s4-eth23	3376	63957319
1787820032.597419578	s4-eth24	1402	4443
1787820032.597419578	s4-eth25	1402	4443
1787820032.597419578	s4-eth26	1242	4493
1787820032.597419578	s4-eth27	3074	64050160
1787820032.597419578	s4-eth28	1402	4533
1787820032.597419578	s4-eth29	1242	4443
1787820032.597419578	s4-eth3	3297	12541068
1787820032.597419578	s4-eth30	1242	4443
1787820032.597419578	s4-eth31	3380	64205944
1787820032.597419578	s4-eth32	1242	4443
1787820032.597419578	s4-eth33	1242	4493
1787820032.597419578	s4-eth34	1402	4423
1787820032.597419578	s4-eth4	1402	4423
1787820032.597419578	s4-eth5	1242	4423
1787820032.597419578	s4-eth6	1242	4533
1787820032.597419578	s4-eth7	3247	62867894
1787820032.597419578	s4-eth8	1242	4443
1787820032.597419578	s4-eth9	1242	4493
1787820032.597419578	s5-eth1	1078245966	3784936
1787820032.597419578	s5-eth2	206718845	415291691
1787820032.597419578	s5-eth3	3785605	830517608
1787820032.597419578	s5-eth4	6105	4417
1787820032.597419578	s6-eth1	6041	6041
1787820032.597419578	s6-eth2	6041	5943
1787820032.597419578	s6-eth3	6041	4417
1787820032.597419578	s6-eth4	6230	6041
1787820032.597419578	s7-eth1	210904778	614956600
1787820032.597419578	s7-eth2	21906	409584787
1787820032.597419578	s7-eth3	824297904	3783778
1787820032.597419578	s7-eth4	6007	6041
1787820032.597419578	s8-eth1	6041	6041
1787820032.597419578	s8-eth2	4214	6041
1787820032.597419578	s8-eth3	6041	4417
1787820032.597419578	s8-eth4	6105	6041
1787820032.597419578	s9-eth1	833555902	3785605
1787820032.597419578	s9-eth2	4417	6041
1787820032.597419578	s9-eth3	3783778	826093194
1787820032.597419578	s9-eth4	4417	6041
1787820041.181834624	s10-eth1	4417	6105
1787820041.181834624	s10-eth2	6041	6230
1787820041.181834624	s10-eth3	6041	6007
1787820041.181834624	s10-eth4	6041	6105
1787820041.181834624	s1-eth1	3784936	1102351880
1787820041.181834624	s1-eth10	1492	4533
1787820041.181834624	s1-eth11	66478698	6380
1787820041.181834624	s1-eth12	1402	4533
1787820041.181834624	s1-eth13	1402	4533
1787820041.181834624	s1-eth14	1492	4533
1787820041.181834624	s1-eth15	66503420	6459
1787820041.181834624	s1-eth16	1402	4553
1787820041.181834624	s1-eth17	1492	4533
1787820041.181834624	s1-eth18	1492	4443
1787820041.181834624	s1-eth19	266403271	6365
1787820041.181834624	s1-eth2	6041	6041
1787820041.181834624	s1-eth20	1402	4533
1787820041.181834624	s1-eth21	1492	4533
1787820041.181834624	s1-eth22	1492	4533
1787820041.181834624	s1-eth23	66699175	6300
1787820041.181834624	s1-eth24	1402	4533
1787820041.181834624	s1-eth25	1492	4533
1787820041.181834624	s1-eth26	1492	4443
1787820041.181834624	s1-eth27	66791324	6371
1787820041.181834624	s1-eth28	1492	4533
1787820041.181834624	s1-eth29	1402	4443
1787820041.181834624	s1-eth3	478327088	3770664
1787820041.181834624	s1-eth30	1492	4443
1787820041.181834624	s1-eth31	66945618	6370
1787820041.181834624	s1-eth32	1492	4443
1787820041.181834624	s1-eth33	1492	4443
1787820041.181834624	s1-eth34	1492	4443
1787820041.181834624	s1-eth4	1688	4729
1787820041.181834624	s1-eth5	1492	4443
1787820041.181834624	s1-eth6	1492	4533
1787820041.181834624	s1-eth7	67109013	6356
1787820041.181834624	s1-eth8	1492	4443
1787820041.181834624	s1-eth9	1402	4443
1787820041.181834624	s2-eth1	430843688	214961344
1787820041.181834624	s2-eth10	1402	4533
1787820041.181834624	s2-eth11	67208851	6508
1787820041.181834624	s2-eth12	1402	4533
1787820041.181834624	s2-eth13	1402	4533
1787820041.181834624	s2-eth14	1492	4533
1787820041.181834624	s2-eth15	67267551	6511
1787820041.181834624	s2-eth16	1492	4533
1787820041.181834624	s2-eth17	1492	4533
1787820041.181834624	s2-eth18	1492	4533
1787820041.181834624	s2-eth19	3234	239106008
1787820041.181834624	s2-eth2	5970	6068
1787820041.181834624	s2-eth20	1492	4533
1787820041.181834624	s2-eth21	1402	4443
1787820041.181834624	s2-eth22	1492	4533
1787820041.181834624	s2-eth23	3259	63281792
1787820041.181834624	s2-eth24	1402	4533
1787820041.181834624	s2-eth25	1492	4533
1787820041.181834624	s2-eth26	1402	4533
1787820041.181834624	s2-eth27	3240	63258671
1787820041.181834624	s2-eth28	1492	4533
1787820041.181834624	s2-eth29	1402	4533
1787820041.181834624	s2-eth3	13485511	6588
1787820041.181834624	s2-eth30	1402	4638
1787820041.181834624	s2-eth31	3329	63313467
1787820041.181834624	s2-eth32	1402	4443
1787820041.181834624	s2-eth33	1492	4533
1787820041.181834624	s2-eth34	1492	4443
1787820041.181834624	s2-eth4	1492	4533
1787820041.181834624	s2-eth5	1402	4533
1787820041.181834624	s2-eth6	1492	4443
1787820041.181834624	s2-eth7	67623563	6378
1787820041.181834624	s2-eth8	1492	4443
1787820041.181834624	s2-eth9	1402	4533
1787820041.181834624	s3-eth1	631673733	220328275
1787820041.181834624	s3-eth10	1402	4533
1787820041.181834624	s3-eth11	3089	62175860
1787820041.181834624	s3-eth12	1242	4443
1787820041.181834624	s3-eth13	1402	4533
1787820041.181834624	s3-eth14	1492	4443
1787820041.181834624	s3-eth15	3328	62114051
1787820041.181834624	s3-eth16	1402	4443
1787820041.181834624	s3-eth17	1402	4443
1787820041.181834624	s3-eth18	1242	4533
1787820041.181834624	s3-eth19	13573014	6401
1787820041.181834624	s3-eth2	6068	6068
1787820041.181834624	s3-eth20	1492	4423
1787820041.181834624	s3-eth21	1402	4423
1787820041.181834624	s3-eth22	1242	4443
1787820041.181834624	s3-eth23	67924104	6577
1787820041.181834624	s3-eth24	1242	4443
1787820041.181834624	s3-eth25	1492	4443
1787820041.181834624	s3-eth26	1242	4443
1787820041.181834624	s3-eth27	67969449	6275
1787820041.181834624	s3-eth28	1402	4533
1787820041.181834624	s3-eth29	1492	4463
1787820041.181834624	s3-eth3	3767337	445080432
1787820041.181834624	s3-eth30	1402	4533
1787820041.181834624	s3-eth31	68057389	6354
1787820041.181834624	s3-eth32	1242	4443
1787820041.181834624	s3-eth33	1402	4423
1787820041.181834624	s3-eth34	1492	4533
1787820041.181834624	s3-eth4	1402	4443
1787820041.181834624	s3-eth5	1492	4533
1787820041.181834624	s3-eth6	1492	4533
1787820041.181834624	s3-eth7	3315	62527936
1787820041.181834624	s3-eth8	1492	4302
1787820041.181834624	s3-eth9	1492	4533
1787820041.181834624	s4-eth1	431820454	21933
1787820041.181834624	s4-eth10	1492	4423
1787820041.181834624	s4-eth11	3467	66513964
1787820041.181834624	s4-eth12	1402	4443
1787820041.181834624	s4-eth13	1242	4423
1787820041.181834624	s4-eth14	1242	4443
1787820041.181834624	s4-eth15	3470	66559596
1787820041.181834624	s4-eth16	1242	4443
1787820041.181834624	s4-eth17	1402	4423
1787820041.181834624	s4-eth18	1242	4493
1787820041.181834624	s4-eth19	3380	13694319
1787820041.181834624	s4-eth2	6068	4241
1787820041.181834624	s4-eth20	1492	4443
1787820041.181834624	s4-eth21	1402	4443
1787820041.181834624	s4-eth22	1402	4423
1787820041.181834624	s4-eth23	3376	68516923
1787820041.181834624	s4-eth24	1402	4443
1787820041.181834624	s4-eth25	1402	4443
1787820041.181834624	s4-eth26	1242	4493
1787820041.181834624	s4-eth27	3074	68641488
1787820041.181834624	s4-eth28	1402	4533
1787820041.181834624	s4-eth29	1242	4443
1787820041.181834624	s4-eth3	3297	13420688
1787820041.181834624	s4-eth30	1242	4443
1787820041.181834624	s4-eth31	3380	68788620
1787820041.181834624	s4-eth32	1242	4443
1787820041.181834624	s4-eth33	1242	4493
1787820041.181834624	s4-eth34	1402	4423
1787820041.181834624	s4-eth4	1402	4423
1787820041.181834624	s4-eth5	1242	4423
1787820041.181834624	s4-eth6	1242	4533
1787820041.181834624	s4-eth7	3247	67312138
1787820041.181834624	s4-eth8	1242	4443
1787820041.181834624	s4-eth9	1242	4493
1787820041.181834624	s5-eth1	1139133001	3784963
1787820041.181834624	s5-eth2	221591660	443745262
1787820041.181834624	s5-eth3	3785632	873509423
1787820041.181834624	s5-eth4	6133	4444
1787820041.181834624	s6-eth1	6068	6068
1787820041.181834624	s6-eth2	6068	5970
1787820041.181834624	s6-eth3	6068	4444
1787820041.181834624	s6-eth4	6258	6068
1787820041.181834624	s7-eth1	225702609	641650931
1787820041.181834624	s7-eth2	21933	438597854
1787820041.181834624	s7-eth3	865836183	3783805
1787820041.181834624	s7-eth4	6035	6068
1787820041.181834624	s8-eth1	6068	6068
1787820041.181834624	s8-eth2	4241	6068
1787820041.181834624	s8-eth3	6068	4444
1787820041.181834624	s8-eth4	6133	6068
1787820041.181834624	s9-eth1	876133863	3785632
1787820041.181834624	s9-eth2	4444	6068
1787820041.181834624	s9-eth3	3783805	867888149
1787820041.181834624	s9-eth4	4444	6068
1787820048.345164876	s10-eth1	4471	6161
1787820048.345164876	s10-eth2	6095	6286
1787820048.345164876	s10-eth3	6095	6063
1787820048.345164876	s10-eth4	6095	6161
1787820048.345164876	s1-eth1	3784990	1165113542
1787820048.345164876	s1-eth10	1492	4533
1787820048.345164876	s1-eth11	71132032	6380
1787820048.345164876	s1-eth12	1402	4533
1787820048.345164876	s1-eth13	1402	4533
1787820048.345164876	s1-eth14	1492	4533
1787820048.345164876	s1-eth15	71276440	6459
1787820048.345164876	s1-eth16	1402	4553
1787820048.345164876	s1-eth17	1492	4533
1787820048.345164876	s1-eth18	1492	4443
1787820048.345164876	s1-eth19	285736165	6365
1787820048.345164876	s1-eth2	6095	6095
1787820048.345164876	s1-eth20	1402	4533
1787820048.345164876	s1-eth21	1492	4533
1787820048.345164876	s1-eth22	1492	4533
1787820048.345164876	s1-eth23	71584671	6300
1787820048.345164876	s1-eth24	1402	4533
1787820048.345164876	s1-eth25	1492	4533
1787820048.345164876	s1-eth26	1492	4443
1787820048.345164876	s1-eth27	71688356	6371
1787820048.345164876	s1-eth28	1492	4533
1787820048.345164876	s1-eth29	1402	4443
1787820048.345164876	s1-eth3	497833022	3770664
1787820048.345164876	s1-eth30	1492	4443
1787820048.345164876	s1-eth31	71833998	6370
1787820048.345164876	s1-eth32	1492	4443
1787820048.345164876	s1-eth33	1492	4443
1787820048.345164876	s1-eth34	1492	4443
1787820048.345164876	s1-eth4	1688	4729
1787820048.345164876	s1-eth5	1492	4443
1787820048.345164876	s1-eth6	1492	4533
1787820048.345164876	s1-eth7	71981531	6356
1787820048.345164876	s1-eth8	1492	4443
1787820048.345164876	s1-eth9	1402	4443
1787820048.345164876	s2-eth1	460684463	230459987
1787820048.345164876	s2-eth10	1402	4533
1787820048.345164876	s2-eth11	72042435	6508
1787820048.345164876	s2-eth12	1402	4533
1787820048.345164876	s2-eth13	1402	4533
1787820048.345164876	s2-eth14	1492	4533
1787820048.345164876	s2-eth15	72118439	6511
1787820048.345164876	s2-eth16	1492	4533
1787820048.345164876	s2-eth17	1492	4533
1787820048.345164876	s2-eth18	1492	4533
1787820048.345164876	s2-eth19	3234	255890888
1787820048.345164876	s2-eth2	5997	6095
1787820048.345164876	s2-eth20	1492	4533
1787820048.345164876	s2-eth21	1402	4443
1787820048.345164876	s2-eth22	1492	4533
1787820048.345164876	s2-eth23	3259	67916380
1787820048.345164876	s2-eth24	1402	4533
1787820048.345164876	s2-eth25	1492	4533
1787820048.345164876	s2-eth26	1402	4533
1787820048.345164876	s2-eth27	3240	67896143
1787820048.345164876	s2-eth28	1492	4533
1787820048.345164876	s2-eth29	1402	4533
1787820048.345164876	s2-eth3	14506447	6588
1787820048.345164876	s2-eth30	1402	4638
1787820048.345164876	s2-eth31	3329	67984105
1787820048.345164876	s2-eth32	1402	4443
1787820048.345164876	s2-eth33	1492	4533
1787820048.345164876	s2-eth34	1492	4443
1787820048.345164876	s2-eth4	1492	4533
1787820048.345164876	s2-eth5	1402	4533
1787820048.345164876	s2-eth6	1492	4443
1787820048.345164876	s2-eth7	72751315	6378
1787820048.345164876	s2-eth8	1492	4443
1787820048.345164876	s2-eth9	1402	4533
1787820048.345164876	s3-eth1	662228298	236816130
1787820048.345164876	s3-eth10	1402	4533
1787820048.345164876	s3-eth11	3089	66757094
1787820048.345164876	s3-eth12	1242	4443
1787820048.345164876	s3-eth13	1402	4533
1787820048.345164876	s3-eth14	1492	4443
1787820048.345164876	s3-eth15	3328	66690959
1787820048.345164876	s3-eth16	1402	4443
1787820048.345164876	s3-eth17	1402	4443
1787820048.345164876	s3-eth18	1242	4533
1787820048.345164876	s3-eth19	14619906	6401
1787820048.345164876	s3-eth2	6095	6095
1787820048.345164876	s3-eth20	1492	4423
1787820048.345164876	s3-eth21	1402	4423
1787820048.345164876	s3-eth22	1242	4443
1787820048.345164876	s3-eth23	73207592	6577
1787820048.345164876	s3-eth24	1242	4443
1787820048.345164876	s3-eth25	1492	4443
1787820048.345164876	s3-eth26	1242	4443
1787820048.345164876	s3-eth27	73267357	6275
1787820048.345164876	s3-eth28	1402	4533
1787820048.345164876	s3-eth29	1492	4463
1787820048.345164876	s3-eth3	3767337	462087380
1787820048.345164876	s3-eth30	1402	4533
1787820048.345164876	s3-eth31	73320689	6354
1787820048.345164876	s3-eth32	1242	4443
1787820048.345164876	s3-eth33	1402	4423
1787820048.345164876	s3-eth34	1492	4533
1787820048.345164876	s3-eth4	1402	4443
1787820048.345164876	s3-eth5	1492	4533
1787820048.345164876	s3-eth6	1492	4533
1787820048.345164876	s3-eth7	3315	67220204
1787820048.345164876	s3-eth8	1492	4302
1787820048.345164876	s3-eth9	1492	4533
1787820048.345164876	s4-eth1	465279234	21987
1787820048.345164876	s4-eth10	1492	4423
1787820048.345164876	s4-eth11	3467	71674882
1787820048.345164876	s4-eth12	1402	4443
1787820048.345164876	s4-eth13	1242	4423
1787820048.345164876	s4-eth14	1242	4443
1787820048.345164876	s4-eth15	3470	71768100
1787820048.345164876	s4-eth16	1242	4443
1787820048.345164876	s4-eth17	1402	4423
1787820048.345164876	s4-eth18	1242	4493
1787820048.345164876	s4-eth19	3380	14749863
1787820048.345164876	s4-eth2	6122	4295
1787820048.345164876	s4-eth20	1492	4443
1787820048.345164876	s4-eth21	1402	4443
1787820048.345164876	s4-eth22	1402	4423
1787820048.345164876	s4-eth23	3376	73833577
1787820048.345164876	s4-eth24	1402	4443
1787820048.345164876	s4-eth25	1402	4443
1787820048.345164876	s4-eth26	1242	4493
1787820048.345164876	s4-eth27	3074	73959584
1787820048.345164876	s4-eth28	1402	4533
1787820048.345164876	s4-eth29	1242	4443
1787820048.345164876	s4-eth3	3297	14464696
1787820048.345164876	s4-eth30	1242	4443
1787820048.345164876	s4-eth31	3380	74079318
1787820048.345164876	s4-eth32	1242	4443
1787820048.345164876	s4-eth33	1242	4493
1787820048.345164876	s4-eth34	1402	4423
1787820048.345164876	s4-eth4	1402	4423
1787820048.345164876	s4-eth5	1242	4423
1787820048.345164876	s4-eth6	1242	4533
1787820048.345164876	s4-eth7	3247	72497570
1787820048.345164876	s4-eth8	1242	4443
1787820048.345164876	s4-eth9	1242	4493
1787820048.345164876	s5-eth1	1210579829	3785017
1787820048.345164876	s5-eth2	238641922	476588308
1787820048.345164876	s5-eth3	3785686	923222427
1787820048.345164876	s5-eth4	6189	4498
1787820048.345164876	s6-eth1	6122	6122
1787820048.345164876	s6-eth2	6122	6024
1787820048.345164876	s6-eth3	6122	4498
1787820048.345164876	s6-eth4	6314	6122
1787820048.345164876	s7-eth1	242510615	672974109
1787820048.345164876	s7-eth2	21987	471850428
1787820048.345164876	s7-eth3	914252829	3783859
1787820048.345164876	s7-eth4	6091	6122
1787820048.345164876	s8-eth1	6122	6122
1787820048.345164876	s8-eth2	4295	6122
1787820048.345164876	s8-eth3	6122	4498
1787820048.345164876	s8-eth4	6189	6122
1787820048.345164876	s9-eth1	925140287	3785686
1787820048.345164876	s9-eth2	4498	6122
1787820048.345164876	s9-eth3	3783859	916467741
1787820048.345164876	s9-eth4	4498	6122
1787820056.508972342	s10-eth1	4498	6189
1787820056.508972342	s10-eth2	6122	6314
1787820056.508972342	s10-eth3	6122	6091
1787820056.508972342	s10-eth4	6122	6189
1787820056.508972342	s1-eth1	3785017	1234331011
1787820056.508972342	s1-eth10	1492	4533
1787820056.508972342	s1-eth11	76333326	6380
1787820056.508972342	s1-eth12	1402	4533
1787820056.508972342	s1-eth13	1402	4533
1787820056.508972342	s1-eth14	1492	4533
1787820056.508972342	s1-eth15	76408518	6459
1787820056.508972342	s1-eth16	1402	4553
1787820056.508972342	s1-eth17	1492	4533
1787820056.508972342	s1-eth18	1492	4443
1787820056.508972342	s1-eth19	305893883	6365
1787820056.508972342	s1-eth2	6122	6122
1787820056.508972342	s1-eth20	1402	4533
1787820056.508972342	s1-eth21	1492	4533
1787820056.508972342	s1-eth22	1492	4533
1787820056.508972342	s1-eth23	76537941	6300
1787820056.508972342	s1-eth24	1402	4533
1787820056.508972342	s1-eth25	1492	4533
1787820056.508972342	s1-eth26	1492	4443
1787820056.508972342	s1-eth27	76599808	6371
1787820056.508972342	s1-eth28	1492	4533
1787820056.508972342	s1-eth29	1402	4443
1787820056.508972342	s1-eth3	517372122	3770664
1787820056.508972342	s1-eth30	1492	4443
1787820056.508972342	s1-eth31	76689212	6370
1787820056.508972342	s1-eth32	1492	4443
1787820056.508972342	s1-eth33	1492	4443
1787820056.508972342	s1-eth34	1492	4443
1787820056.508972342	s1-eth4	1688	4729
1787820056.508972342	s1-eth5	1492	4443
1787820056.508972342	s1-eth6	1492	4533
1787820056.508972342	s1-eth7	76781949	6356
1787820056.508972342	s1-eth8	1492	4443
1787820056.508972342	s1-eth9	1402	4443
1787820056.508972342	s2-eth1	490722819	245706307
1787820056.508972342	s2-eth10	1402	4533
1787820056.508972342	s2-eth11	76809687	6508
1787820056.508972342	s2-eth12	1402	4533
1787820056.508972342	s2-eth13	1402	4533
1787820056.508972342	s2-eth14	1492	4533
1787820056.508972342	s2-eth15	76877039	6511
1787820056.508972342	s2-eth16	1492	4533
1787820056.508972342	s2-eth17	1492	4533
1787820056.508972342	s2-eth18	1492	4533
1787820056.508972342	s2-eth19	3234	272396020
1787820056.508972342	s2-eth2	6051	6149
1787820056.508972342	s2-eth20	1492	4533
1787820056.508972342	s2-eth21	1402	4443
1787820056.508972342	s2-eth22	1492	4533
1787820056.508972342	s2-eth23	3259	72307270
1787820056.508972342	s2-eth24	1402	4533
1787820056.508972342	s2-eth25	1492	4533
1787820056.508972342	s2-eth26	1402	4533
1787820056.508972342	s2-eth27	3240	72291359
1787820056.508972342	s2-eth28	1492	4533
1787820056.508972342	s2-eth29	1402	4533
1787820056.508972342	s2-eth3	15472587	6588
1787820056.508972342	s2-eth30	1402	4638
1787820056.508972342	s2-eth31	3329	72310105
1787820056.508972342	s2-eth32	1402	4443
1787820056.508972342	s2-eth33	1492	4533
1787820056.508972342	s2-eth34	1492	4443
1787820056.508972342	s2-eth4	1492	4533
1787820056.508972342	s2-eth5	1402	4533
1787820056.508972342	s2-eth6	1492	4443
1787820056.508972342	s2-eth7	77548849	6378
1787820056.508972342	s2-eth8	1492	4443
1787820056.508972342	s2-eth9	1402	4533
1787820056.508972342	s3-eth1	690146914	252013422
1787820056.508972342	s3-eth10	1402	4533
1787820056.508972342	s3-eth11	3089	70959082
1787820056.508972342	s3-eth12	1242	4443
1787820056.508972342	s3-eth13	1402	4533
1787820056.508972342	s3-eth14	1492	4443
1787820056.508972342	s3-eth15	3328	70858339
1787820056.508972342	s3-eth16	1402	4443
1787820056.508972342	s3-eth17	1402	4443
1787820056.508972342	s3-eth18	1242	4533
1787820056.508972342	s3-eth19	15586046	6401
1787820056.508972342	s3-eth2	6149	6149
1787820056.508972342	s3-eth20	1492	4423
1787820056.508972342	s3-eth21	1402	4423
1787820056.508972342	s3-eth22	1242	4443
1787820056.508972342	s3-eth23	78055596	6577
1787820056.508972342	s3-eth24	1242	4443
1787820056.508972342	s3-eth25	1492	4443
1787820056.508972342	s3-eth26	1242	4443
1787820056.508972342	s3-eth27	78173041	6275
1787820056.508972342	s3-eth28	1402	4533
1787820056.508972342	s3-eth29	1492	4463
1787820056.508972342	s3-eth3	3767337	477368254
1787820056.508972342	s3-eth30	1402	4533
1787820056.508972342	s3-eth31	78348943	6354
1787820056.508972342	s3-eth32	1242	4443
1787820056.508972342	s3-eth33	1402	4423
1787820056.508972342	s3-eth34	1492	4533
1787820056.508972342	s3-eth4	1402	4443
1787820056.508972342	s3-eth5	1492	4533
1787820056.508972342	s3-eth6	1492	4533
1787820056.508972342	s3-eth7	3315	71588022
1787820056.508972342	s3-eth8	1492	4302
1787820056.508972342	s3-eth9	1492	4533
1787820056.508972342	s4-eth1	497310407	22014
1787820056.508972342	s4-eth10	1492	4423
1787820056.508972342	s4-eth11	3467	76649782
1787820056.508972342	s4-eth12	1402	4443
1787820056.508972342	s4-eth13	1242	4423
1787820056.508972342	s4-eth14	1242	4443
1787820056.508972342	s4-eth15	3470	76708392
1787820056.508972342	s4-eth16	1242	4443
1787820056.508972342	s4-eth17	1402	4423
1787820056.508972342	s4-eth18	1242	4493
1787820056.508972342	s4-eth19	3380	15740517
1787820056.508972342	s4-eth2	6149	4322
1787820056.508972342	s4-eth20	1492	4443
1787820056.508972342	s4-eth21	1402	4443
1787820056.508972342	s4-eth22	1402	4423
1787820056.508972342	s4-eth23	3376	78799825
1787820056.508972342	s4-eth24	1402	4443
1787820056.508972342	s4-eth25	1402	4443
1787820056.508972342	s4-eth26	1242	4493
1787820056.508972342	s4-eth27	3074	78918622
1787820056.508972342	s4-eth28	1402	4533
1787820056.508972342	s4-eth29	1242	4443
1787820056.508972342	s4-eth3	3297	15442372
1787820056.508972342	s4-eth30	1242	4443
1787820056.508972342	s4-eth31	3380	78980676
1787820056.508972342	s4-eth32	1242	4443
1787820056.508972342	s4-eth33	1242	4493
1787820056.508972342	s4-eth34	1402	4423
1787820056.508972342	s4-eth4	1402	4423
1787820056.508972342	s4-eth5	1242	4423
1787820056.508972342	s4-eth6	1242	4533
1787820056.508972342	s4-eth7	3247	77378740
1787820056.508972342	s4-eth8	1242	4443
1787820056.508972342	s4-eth9	1242	4493
1787820056.508972342	s5-eth1	1272311876	3785044
1787820056.508972342	s5-eth2	254502507	505086581
1787820056.508972342	s5-eth3	3785713	968107588
1787820056.508972342	s5-eth4	6217	4525
1787820056.508972342	s6-eth1	6149	6149
1787820056.508972342	s6-eth2	6149	6051
1787820056.508972342	s6-eth3	6149	4525
1787820056.508972342	s6-eth4	6342	6176
1787820056.508972342	s7-eth1	258910535	702569771
1787820056.508972342	s7-eth2	22041	504681938
1787820056.508972342	s7-eth3	960985219	3783913
1787820056.508972342	s7-eth4	6147	6176
1787820056.508972342	s8-eth1	6176	6176
1787820056.508972342	s8-eth2	4349	6176
1787820056.508972342	s8-eth3	6176	4552
1787820056.508972342	s8-eth4	6245	6176
1787820056.508972342	s9-eth1	972338443	3785740
1787820056.508972342	s9-eth2	4552	6176
1787820056.508972342	s9-eth3	3783913	963570725
1787820056.508972342	s9-eth4	4552	6176
1787820064.618625615	s10-eth1	4552	6245
1787820064.618625615	s10-eth2	6176	6370
1787820064.618625615	s10-eth3	6176	6147
1787820064.618625615	s10-eth4	6176	6245
1787820064.618625615	s1-eth1	3785071	1297904519
1787820064.618625615	s1-eth10	1492	4533
1787820064.618625615	s1-eth11	81609604	6380
1787820064.618625615	s1-eth12	1402	4533
1787820064.618625615	s1-eth13	1402	4533
1787820064.618625615	s1-eth14	1492	4533
1787820064.618625615	s1-eth15	81612696	6459
1787820064.618625615	s1-eth16	1402	4553
1787820064.618625615	s1-eth17	1492	4533
1787820064.618625615	s1-eth18	1492	4443
1787820064.618625615	s1-eth19	326472665	6365
1787820064.618625615	s1-eth2	6176	6176
1787820064.618625615	s1-eth20	1402	4533
1787820064.618625615	s1-eth21	1492	4533
1787820064.618625615	s1-eth22	1492	4533
1787820064.618625615	s1-eth23	81623875	6300
1787820064.618625615	s1-eth24	1402	4533
1787820064.618625615	s1-eth25	1492	4533
1787820064.618625615	s1-eth26	1492	4443
1787820064.618625615	s1-eth27	81628062	6371
1787820064.618625615	s1-eth28	1492	4533
1787820064.618625615	s1-eth29	1402	4443
1787820064.618625615	s1-eth3	537612034	3770664
1787820064.618625615	s1-eth30	1492	4443
1787820064.618625615	s1-eth31	81798218	6370
1787820064.618625615	s1-eth32	1492	4443
1787820064.618625615	s1-eth33	1492	4443
1787820064.618625615	s1-eth34	1492	4443
1787820064.618625615	s1-eth4	1688	4729
1787820064.618625615	s1-eth5	1492	4443
1787820064.618625615	s1-eth6	1492	4533
1787820064.618625615	s1-eth7	82004873	6356
1787820064.618625615	s1-eth8	1492	4443
1787820064.618625615	s1-eth9	1402	4443
1787820064.618625615	s2-eth1	519035074	262723376
1787820064.618625615	s2-eth10	1402	4533
1787820064.618625615	s2-eth11	82130667	6508
1787820064.618625615	s2-eth12	1402	4533
1787820064.618625615	s2-eth13	1402	4533
1787820064.618625615	s2-eth14	1492	4533
1787820064.618625615	s2-eth15	82209555	6511
1787820064.618625615	s2-eth16	1492	4533
1787820064.618625615	s2-eth17	1492	4533
1787820064.618625615	s2-eth18	1492	4533
1787820064.618625615	s2-eth19	3234	287397146
1787820064.618625615	s2-eth2	6078	6176
1787820064.618625615	s2-eth20	1492	4533
1787820064.618625615	s2-eth21	1402	4443
1787820064.618625615	s2-eth22	1492	4533
1787820064.618625615	s2-eth23	3259	76881294
1787820064.618625615	s2-eth24	1402	4533
1787820064.618625615	s2-eth25	1492	4533
1787820064.618625615	s2-eth26	1402	4533
1787820064.618625615	s2-eth27	3240	76842311
1787820064.618625615	s2-eth28	1492	4533
1787820064.618625615	s2-eth29	1402	4533
1787820064.618625615	s2-eth3	16535341	6588
1787820064.618625615	s2-eth30	1402	4638
1787820064.618625615	s2-eth31	3329	76940367
1787820064.618625615	s2-eth32	1402	4443
1787820064.618625615	s2-eth33	1492	4533
1787820064.618625615	s2-eth34	1492	4443
1787820064.618625615	s2-eth4	1492	4533
1787820064.618625615	s2-eth5	1402	4533
1787820064.618625615	s2-eth6	1492	4443
1787820064.618625615	s2-eth7	82914531	6378
1787820064.618625615	s2-eth8	1492	4443
1787820064.618625615	s2-eth9	1402	4533
1787820064.618625615	s3-eth1	720465018	269308824
1787820064.618625615	s3-eth10	1402	4533
1787820064.618625615	s3-eth11	3089	75605206
1787820064.618625615	s3-eth12	1242	4443
1787820064.618625615	s3-eth13	1402	4533
1787820064.618625615	s3-eth14	1492	4443
1787820064.618625615	s3-eth15	3328	75433805
1787820064.618625615	s3-eth16	1402	4443
1787820064.618625615	s3-eth17	1402	4443
1787820064.618625615	s3-eth18	1242	4533
1787820064.618625615	s3-eth19	16622844	6401
1787820064.618625615	s3-eth2	6203	6203
1787820064.618625615	s3-eth20	1492	4423
1787820064.618625615	s3-eth21	1402	4423
1787820064.618625615	s3-eth22	1242	4443
1787820064.618625615	s3-eth23	83163160	6577
1787820064.618625615	s3-eth24	1242	4443
1787820064.618625615	s3-eth25	1492	4443
1787820064.618625615	s3-eth26	1242	4443
1787820064.618625615	s3-eth27	83233019	6275
1787820064.618625615	s3-eth28	1402	4533
1787820064.618625615	s3-eth29	1492	4463
1787820064.618625615	s3-eth3	3767337	492921666
1787820064.618625615	s3-eth30	1402	4533
1787820064.618625615	s3-eth31	83349799	6354
1787820064.618625615	s3-eth32	1242	4443
1787820064.618625615	s3-eth33	1402	4423
1787820064.618625615	s3-eth34	1492	4533
1787820064.618625615	s3-eth4	1402	4443
1787820064.618625615	s3-eth5	1492	4533
1787820064.618625615	s3-eth6	1492	4533
1787820064.618625615	s3-eth7	3315	75973144
1787820064.618625615	s3-eth8	1492	4302
1787820064.618625615	s3-eth9	1492	4533
1787820064.618625615	s4-eth1	529335839	22068
1787820064.618625615	s4-eth10	1492	4423
1787820064.618625615	s4-eth11	3467	81640544
1787820064.618625615	s4-eth12	1402	4443
1787820064.618625615	s4-eth13	1242	4423
1787820064.618625615	s4-eth14	1242	4443
1787820064.618625615	s4-eth15	3470	81704922
1787820064.618625615	s4-eth16	1242	4443
1787820064.618625615	s4-eth17	1402	4423
1787820064.618625615	s4-eth18	1242	4493
1787820064.618625615	s4-eth19	3380	16755685
1787820064.618625615	s4-eth2	6203	4376
1787820064.618625615	s4-eth20	1492	4443
1787820064.618625615	s4-eth21	1402	4443
1787820064.618625615	s4-eth22	1402	4423
1787820064.618625615	s4-eth23	3376	83842499
1787820064.618625615	s4-eth24	1402	4443
1787820064.618625615	s4-eth25	1402	4443
1787820064.618625615	s4-eth26	1242	4493
1787820064.618625615	s4-eth27	3074	83935340
1787820064.618625615	s4-eth28	1402	4533
1787820064.618625615	s4-eth29	1242	4443
1787820064.618625615	s4-eth3	3297	16430142
1787820064.618625615	s4-eth30	1242	4443
1787820064.618625615	s4-eth31	3380	83995952
1787820064.618625615	s4-eth32	1242	4443
1787820064.618625615	s4-eth33	1242	4493
1787820064.618625615	s4-eth34	1402	4423
1787820064.618625615	s4-eth4	1402	4423
1787820064.618625615	s4-eth5	1242	4423
1787820064.618625615	s4-eth6	1242	4533
1787820064.618625615	s4-eth7	3247	82284424
1787820064.618625615	s4-eth8	1242	4443
1787820064.618625615	s4-eth9	1242	4493
1787820064.618625615	s5-eth1	1334845702	3785098
1787820064.618625615	s5-eth2	270161239	533915099
1787820064.618625615	s5-eth3	3785767	1013135534
1787820064.618625615	s5-eth4	6273	4579
1787820064.618625615	s6-eth1	6203	6203
1787820064.618625615	s6-eth2	6203	6105
1787820064.618625615	s6-eth3	6203	4579
1787820064.618625615	s6-eth4	6398	6203
1787820064.618625615	s7-eth1	274354382	730903656
1787820064.618625615	s7-eth2	22068	535344653
1787820064.618625615	s7-eth3	1004683614	3783940
1787820064.618625615	s7-eth4	6175	6203
1787820064.618625615	s8-eth1	6203	6203
1787820064.618625615	s8-eth2	4376	6203
1787820064.618625615	s8-eth3	6203	4579
1787820064.618625615	s8-eth4	6273	6203
1787820064.618625615	s9-eth1	1016178154	3785767
1787820064.618625615	s9-eth2	4579	6203
1787820064.618625615	s9-eth3	3783940	1006986488
1787820064.618625615	s9-eth4	4579	6203
1787820072.140911549	s10-eth1	4606	6301
1787820072.140911549	s10-eth2	6230	6426
1787820072.140911549	s10-eth3	6230	6203
1787820072.140911549	s10-eth4	6230	6301
1787820072.140911549	s1-eth1	3785125	1360703673
1787820072.140911549	s1-eth10	1492	4533
1787820072.140911549	s1-eth11	86496542	6380
1787820072.140911549	s1-eth12	1402	4533
1787820072.140911549	s1-eth13	1402	4533
1787820072.140911549	s1-eth14	1492	4533
1787820072.140911549	s1-eth15	86636624	6459
1787820072.140911549	s1-eth16	1402	4553
1787820072.140911549	s1-eth17	1492	4533
1787820072.140911549	s1-eth18	1492	4443
1787820072.140911549	s1-eth19	346761605	6365
1787820072.140911549	s1-eth2	6230	6230
1787820072.140911549	s1-eth20	1402	4533
1787820072.140911549	s1-eth21	1492	4533
1787820072.140911549	s1-eth22	1492	4533
1787820072.140911549	s1-eth23	86859777	6300
1787820072.140911549	s1-eth24	1402	4533
1787820072.140911549	s1-eth25	1492	4533
1787820072.140911549	s1-eth26	1492	4443
1787820072.140911549	s1-eth27	86972114	6371
1787820072.140911549	s1-eth28	1492	4533
1787820072.140911549	s1-eth29	1402	4443
1787820072.140911549	s1-eth3	559025734	3770664
1787820072.140911549	s1-eth30	1492	4443
1787820072.140911549	s1-eth31	87097568	6370
1787820072.140911549	s1-eth32	1492	4443
1787820072.140911549	s1-eth33	1492	4443
1787820072.140911549	s1-eth34	1492	4443
1787820072.140911549	s1-eth4	1688	4729
1787820072.140911549	s1-eth5	1492	4443
1787820072.140911549	s1-eth6	1492	4533
1787820072.140911549	s1-eth7	87243659	6356
1787820072.140911549	s1-eth8	1492	4443
1787820072.140911549	s1-eth9	1402	4443
1787820072.140911549	s2-eth1	549125342	279189628
1787820072.140911549	s2-eth10	1402	4533
1787820072.140911549	s2-eth11	87284375	6508
1787820072.140911549	s2-eth12	1402	4533
1787820072.140911549	s2-eth13	1402	4533
1787820072.140911549	s2-eth14	1492	4533
1787820072.140911549	s2-eth15	87407965	6511
1787820072.140911549	s2-eth16	1492	4533
1787820072.140911549	s2-eth17	1492	4533
1787820072.140911549	s2-eth18	1492	4533
1787820072.140911549	s2-eth19	3234	303932560
1787820072.140911549	s2-eth2	6132	6230
1787820072.140911549	s2-eth20	1492	4533
1787820072.140911549	s2-eth21	1402	4443
1787820072.140911549	s2-eth22	1492	4533
1787820072.140911549	s2-eth23	3259	81314002
1787820072.140911549	s2-eth24	1402	4533
1787820072.140911549	s2-eth25	1492	4533
1787820072.140911549	s2-eth26	1402	4533
1787820072.140911549	s2-eth27	3240	81230317
1787820072.140911549	s2-eth28	1492	4533
1787820072.140911549	s2-eth29	1402	4533
1787820072.140911549	s2-eth3	17567813	6588
1787820072.140911549	s2-eth30	1402	4638
1787820072.140911549	s2-eth31	3329	81246179
1787820072.140911549	s2-eth32	1402	4443
1787820072.140911549	s2-eth33	1492	4533
1787820072.140911549	s2-eth34	1492	4443
1787820072.140911549	s2-eth4	1492	4533
1787820072.140911549	s2-eth5	1402	4533
1787820072.140911549	s2-eth6	1492	4443
1787820072.140911549	s2-eth7	87908177	6378
1787820072.140911549	s2-eth8	1492	4443
1787820072.140911549	s2-eth9	1402	4533
1787820072.140911549	s3-eth1	748334579	285307841
1787820072.140911549	s3-eth10	1402	4533
1787820072.140911549	s3-eth11	3089	79719232
1787820072.140911549	s3-eth12	1242	4443
1787820072.140911549	s3-eth13	1402	4533
1787820072.140911549	s3-eth14	1492	4443
1787820072.140911549	s3-eth15	3328	79539179
1787820072.140911549	s3-eth16	1402	4443
1787820072.140911549	s3-eth17	1402	4443
1787820072.140911549	s3-eth18	1242	4533
1787820072.140911549	s3-eth19	17648106	6401
1787820072.140911549	s3-eth2	6230	6230
1787820072.140911549	s3-eth20	1492	4423
1787820072.140911549	s3-eth21	1402	4423
1787820072.140911549	s3-eth22	1242	4443
1787820072.140911549	s3-eth23	88364454	6577
1787820072.140911549	s3-eth24	1242	4443
1787820072.140911549	s3-eth25	1492	4443
1787820072.140911549	s3-eth26	1242	4443
1787820072.140911549	s3-eth27	88466037	6275
1787820072.140911549	s3-eth28	1402	4533
1787820072.140911549	s3-eth29	1492	4463
1787820072.140911549	s3-eth3	3767337	509054762
1787820072.140911549	s3-eth30	1402	4533
1787820072.140911549	s3-eth31	88592911	6354
1787820072.140911549	s3-eth32	1242	4443
1787820072.140911549	s3-eth33	1402	4423
1787820072.140911549	s3-eth34	1492	4533
1787820072.140911549	s3-eth4	1402	4443
1787820072.140911549	s3-eth5	1492	4533
1787820072.140911549	s3-eth6	1492	4533
1787820072.140911549	s3-eth7	3315	80170806
1787820072.140911549	s3-eth8	1492	4302
1787820072.140911549	s3-eth9	1492	4533
1787820072.140911549	s4-eth1	562098106	22095
1787820072.140911549	s4-eth10	1492	4423
1787820072.140911549	s4-eth11	3467	86651494
1787820072.140911549	s4-eth12	1402	4443
1787820072.140911549	s4-eth13	1242	4423
1787820072.140911549	s4-eth14	1242	4443
1787820072.140911549	s4-eth15	3470	86749038
1787820072.140911549	s4-eth16	1242	4443
1787820072.140911549	s4-eth17	1402	4423
1787820072.140911549	s4-eth18	1242	4493
1787820072.140911549	s4-eth19	3380	17793925
1787820072.140911549	s4-eth2	6230	4403
1787820072.140911549	s4-eth20	1492	4443
1787820072.140911549	s4-eth21	1402	4443
1787820072.140911549	s4-eth22	1402	4423
1787820072.140911549	s4-eth23	3376	89053887
1787820072.140911549	s4-eth24	1402	4443
1787820072.140911549	s4-eth25	1402	4443
1787820072.140911549	s4-eth26	1242	4493
1787820072.140911549	s4-eth27	3074	89122214
1787820072.140911549	s4-eth28	1402	4533
1787820072.140911549	s4-eth29	1242	4443
1787820072.140911549	s4-eth3	3297	17436658
1787820072.140911549	s4-eth30	1242	4443
1787820072.140911549	s4-eth31	3380	89148218
1787820072.140911549	s4-eth32	1242	4443
1787820072.140911549	s4-eth33	1242	4493
1787820072.140911549	s4-eth34	1402	4423
1787820072.140911549	s4-eth4	1402	4423
1787820072.140911549	s4-eth5	1242	4423
1787820072.140911549	s4-eth6	1242	4533
1787820072.140911549	s4-eth7	3247	87364590
1787820072.140911549	s4-eth8	1242	4443
1787820072.140911549	s4-eth9	1242	4493
1787820072.140911549	s5-eth1	1398435072	3785152
1787820072.140911549	s5-eth2	287123539	562580671
1787820072.140911549	s5-eth3	3785821	1058446112
1787820072.140911549	s5-eth4	6329	4633
1787820072.140911549	s6-eth1	6257	6257
1787820072.140911549	s6-eth2	6257	6159
1787820072.140911549	s6-eth3	6257	4633
1787820072.140911549	s6-eth4	6454	6257
1787820072.140911549	s7-eth1	291499816	758190676
1787820072.140911549	s7-eth2	22122	569274967
1787820072.140911549	s7-eth3	1049410182	3783994
1787820072.140911549	s7-eth4	6231	6257
1787820072.140911549	s8-eth1	6257	6257
1787820072.140911549	s8-eth2	4430	6257
1787820072.140911549	s8-eth3	6257	4633
1787820072.140911549	s8-eth4	6329	6257
1787820072.140911549	s9-eth1	1061681960	3785821
1787820072.140911549	s9-eth2	4633	6257
1787820072.140911549	s9-eth3	3783994	1051281898
1787820072.140911549	s9-eth4	4633	6257
1787820080.387322402	s10-eth1	4633	6329
1787820080.387322402	s10-eth2	6257	6454
1787820080.387322402	s10-eth3	6257	6231
1787820080.387322402	s10-eth4	6257	6329
1787820080.387322402	s1-eth1	3785152	1424546808
1787820080.387322402	s1-eth10	1492	4533
1787820080.387322402	s1-eth11	91781472	6380
1787820080.387322402	s1-eth12	1402	4533
1787820080.387322402	s1-eth13	1402	4533
1787820080.387322402	s1-eth14	1492	4533
1787820080.387322402	s1-eth15	91862432	6459
1787820080.387322402	s1-eth16	1402	4553
1787820080.387322402	s1-eth17	1492	4533
1787820080.387322402	s1-eth18	1492	4443
1787820080.387322402	s1-eth19	367907093	6365
1787820080.387322402	s1-eth2	6257	6257
1787820080.387322402	s1-eth20	1402	4533
1787820080.387322402	s1-eth21	1492	4533
1787820080.387322402	s1-eth22	1492	4533
1787820080.387322402	s1-eth23	92134613	6300
1787820080.387322402	s1-eth24	1402	4533
1787820080.387322402	s1-eth25	1492	4533
1787820080.387322402	s1-eth26	1492	4443
1787820080.387322402	s1-eth27	92244066	6371
1787820080.387322402	s1-eth28	1492	4533
1787820080.387322402	s1-eth29	1402	4443
1787820080.387322402	s1-eth3	580184200	3770664
1787820080.387322402	s1-eth30	1492	4443
1787820080.387322402	s1-eth31	92418548	6370
1787820080.387322402	s1-eth32	1492	4443
1787820080.387322402	s1-eth33	1492	4443
1787820080.387322402	s1-eth34	1492	4443
1787820080.387322402	s1-eth4	1688	4729
1787820080.387322402	s1-eth5	1492	4443
1787820080.387322402	s1-eth6	1492	4533
1787820080.387322402	s1-eth7	92623761	6356
1787820080.387322402	s1-eth8	1492	4443
1787820080.387322402	s1-eth9	1402	4443
1787820080.387322402	s2-eth1	581567512	296705656
1787820080.387322402	s2-eth10	1402	4533
1787820080.387322402	s2-eth11	92765417	6508
1787820080.387322402	s2-eth12	1402	4533
1787820080.387322402	s2-eth13	1402	4533
1787820080.387322402	s2-eth14	1492	4533
1787820080.387322402	s2-eth15	92891891	6511
1787820080.387322402	s2-eth16	1492	4533
1787820080.387322402	s2-eth17	1492	4533
1787820080.387322402	s2-eth18	1492	4533
1787820080.387322402	s2-eth19	3234	321703768
1787820080.387322402	s2-eth2	6186	6284
1787820080.387322402	s2-eth20	1492	4533
1787820080.387322402	s2-eth21	1402	4443
1787820080.387322402	s2-eth22	1492	4533
1787820080.387322402	s2-eth23	3259	86231222
1787820080.387322402	s2-eth24	1402	4533
1787820080.387322402	s2-eth25	1492	4533
1787820080.387322402	s2-eth26	1402	4533
1787820080.387322402	s2-eth27	3240	86161957
1787820080.387322402	s2-eth28	1492	4533
1787820080.387322402	s2-eth29	1402	4533
1787820080.387322402	s2-eth3	18665175	6588
1787820080.387322402	s2-eth30	1402	4638
1787820080.387322402	s2-eth31	3329	86320577
1787820080.387322402	s2-eth32	1402	4443
1787820080.387322402	s2-eth33	1492	4533
1787820080.387322402	s2-eth34	1492	4443
1787820080.387322402	s2-eth4	1492	4533
1787820080.387322402	s2-eth5	1402	4533
1787820080.387322402	s2-eth6	1492	4443
1787820080.387322402	s2-eth7	93544955	6378
1787820080.387322402	s2-eth8	1492	4443
1787820080.387322402	s2-eth9	1402	4533
1787820080.387322402	s3-eth1	781881321	303136783
1787820080.387322402	s3-eth10	1402	4533
1787820080.387322402	s3-eth11	3089	84825354
1787820080.387322402	s3-eth12	1242	4443
1787820080.387322402	s3-eth13	1402	4533
1787820080.387322402	s3-eth14	1492	4443
1787820080.387322402	s3-eth15	3328	84642417
1787820080.387322402	s3-eth16	1402	4443
1787820080.387322402	s3-eth17	1402	4443
1787820080.387322402	s3-eth18	1242	4533
1787820080.387322402	s3-eth19	18771424	6401
1787820080.387322402	s3-eth2	6284	6284
1787820080.387322402	s3-eth20	1492	4423
1787820080.387322402	s3-eth21	1402	4423
1787820080.387322402	s3-eth22	1242	4443
1787820080.387322402	s3-eth23	94056028	6577
1787820080.387322402	s3-eth24	1242	4443
1787820080.387322402	s3-eth25	1492	4443
1787820080.387322402	s3-eth26	1242	4443
1787820080.387322402	s3-eth27	94110025	6275
1787820080.387322402	s3-eth28	1402	4533
1787820080.387322402	s3-eth29	1492	4463
1787820080.387322402	s3-eth3	3767337	526481332
1787820080.387322402	s3-eth30	1402	4533
1787820080.387322402	s3-eth31	94225363	6354
1787820080.387322402	s3-eth32	1242	4443
1787820080.387322402	s3-eth33	1402	4423
1787820080.387322402	s3-eth34	1492	4533
1787820080.387322402	s3-eth4	1402	4443
1787820080.387322402	s3-eth5	1492	4533
1787820080.387322402	s3-eth6	1492	4533
1787820080.387322402	s3-eth7	3315	85239436
1787820080.387322402	s3-eth8	1492	4302
1787820080.387322402	s3-eth9	1492	4533
1787820080.387322402	s4-eth1	598070292	22149
1787820080.387322402	s4-eth10	1492	4423
1787820080.387322402	s4-eth11	3467	92268084
1787820080.387322402	s4-eth12	1402	4443
1787820080.387322402	s4-eth13	1242	4423
1787820080.387322402	s4-eth14	1242	4443
1787820080.387322402	s4-eth15	3470	92381490
1787820080.387322402	s4-eth16	1242	4443
1787820080.387322402	s4-eth17	1402	4423
1787820080.387322402	s4-eth18	1242	4493
1787820080.387322402	s4-eth19	3380	18948967
1787820080.387322402	s4-eth2	6284	4457
1787820080.387322402	s4-eth20	1492	4443
1787820080.387322402	s4-eth21	1402	4443
1787820080.387322402	s4-eth22	1402	4423
1787820080.387322402	s4-eth23	3376	94930037
1787820080.387322402	s4-eth24	1402	4443
1787820080.387322402	s4-eth25	1402	4443
1787820080.387322402	s4-eth26	1242	4493
1787820080.387322402	s4-eth27	3074	95093536
1787820080.387322402	s4-eth28	1402	4533
1787820080.387322402	s4-eth29	1242	4443
1787820080.387322402	s4-eth3	3297	18626308
1787820080.387322402	s4-eth30	1242	4443
1787820080.387322402	s4-eth31	3380	95257972
1787820080.387322402	s4-eth32	1242	4443
1787820080.387322402	s4-eth33	1242	4493
1787820080.387322402	s4-eth34	1402	4423
1787820080.387322402	s4-eth4	1402	4423
1787820080.387322402	s4-eth5	1242	4423
1787820080.387322402	s4-eth6	1242	4533
1787820080.387322402	s4-eth7	3247	93242182
1787820080.387322402	s4-eth8	1242	4443
1787820080.387322402	s4-eth9	1242	4493
1787820080.387322402	s5-eth1	1468561001	3785179
1787820080.387322402	s5-eth2	306133452	596118734
1787820080.387322402	s5-eth3	3785848	1110818137
1787820080.387322402	s5-eth4	6357	4660
1787820080.387322402	s6-eth1	6284	6284
1787820080.387322402	s6-eth2	6311	6213
1787820080.387322402	s6-eth3	6311	4687
1787820080.387322402	s6-eth4	6510	6311
1787820080.387322402	s7-eth1	310717404	790885196
1787820080.387322402	s7-eth2	22176	607488021
1787820080.387322402	s7-eth3	1101489508	3784048
1787820080.387322402	s7-eth4	6287	6311
1787820080.387322402	s8-eth1	6311	6311
1787820080.387322402	s8-eth2	4484	6311
1787820080.387322402	s8-eth3	6311	4687
1787820080.387322402	s8-eth4	6385	6311
1787820080.387322402	s9-eth1	1114009310	3785875
1787820080.387322402	s9-eth2	4687	6311
1787820080.387322402	s9-eth3	3784048	1103071382
1787820080.387322402	s9-eth4	4687	6311
1787820089.601597017	s10-eth1	4687	6385
1787820089.601597017	s10-eth2	6311	6510
1787820089.601597017	s10-eth3	6311	6287
1787820089.601597017	s10-eth4	6311	6385
1787820089.601597017	s1-eth1	3785206	1493017348
1787820089.601597017	s1-eth10	1492	4533
1787820089.601597017	s1-eth11	97696556	6380
1787820089.601597017	s1-eth12	1402	4533
1787820089.601597017	s1-eth13	1402	4533
1787820089.601597017	s1-eth14	1492	4533
1787820089.601597017	s1-eth15	97777516	6459
1787820089.601597017	s1-eth16	1402	4553
1787820089.601597017	s1-eth17	1492	4533
1787820089.601597017	s1-eth18	1492	4443
1787820089.601597017	s1-eth19	391465047	6365
1787820089.601597017	s1-eth2	6311	6311
1787820089.601597017	s1-eth20	1402	4533
1787820089.601597017	s1-eth21	1492	4533
1787820089.601597017	s1-eth22	1492	4533
1787820089.601597017	s1-eth23	97992017	6300
1787820089.601597017	s1-eth24	1402	4533
1787820089.601597017	s1-eth25	1492	4533
1787820089.601597017	s1-eth26	1492	4443
1787820089.601597017	s1-eth27	98056768	6371
1787820089.601597017	s1-eth28	1492	4533
1787820089.601597017	s1-eth29	1402	4443
1787820089.601597017	s1-eth3	603171122	3770664
1787820089.601597017	s1-eth30	1492	4443
1787820089.601597017	s1-eth31	98134636	6370
1787820089.601597017	s1-eth32	1492	4443
1787820089.601597017	s1-eth33	1492	4443
1787820089.601597017	s1-eth34	1492	4443
1787820089.601597017	s1-eth4	1688	4729
1787820089.601597017	s1-eth5	1492	4443
1787820089.601597017	s1-eth6	1492	4533
1787820089.601597017	s1-eth7	98282169	6356
1787820089.601597017	s1-eth8	1492	4443
1787820089.601597017	s1-eth9	1402	4443
1787820089.601597017	s2-eth1	610228731	314753755
1787820089.601597017	s2-eth10	1402	4533
1787820089.601597017	s2-eth11	98387775	6508
1787820089.601597017	s2-eth12	1402	4533
1787820089.601597017	s2-eth13	1402	4533
1787820089.601597017	s2-eth14	1492	4533
1787820089.601597017	s2-eth15	98447917	6511
1787820089.601597017	s2-eth16	1492	4533
1787820089.601597017	s2-eth17	1492	4533
1787820089.601597017	s2-eth18	1492	4533
1787820089.601597017	s2-eth19	3234	335280198
1787820089.601597017	s2-eth2	6213	6311
1787820089.601597017	s2-eth20	1492	4533
1787820089.601597017	s2-eth21	1402	4443
1787820089.601597017	s2-eth22	1492	4533
1787820089.601597017	s2-eth23	3259	90774964
1787820089.601597017	s2-eth24	1402	4533
1787820089.601597017	s2-eth25	1492	4533
1787820089.601597017	s2-eth26	1402	4533
1787820089.601597017	s2-eth27	3240	90735981
1787820089.601597017	s2-eth28	1492	4533
1787820089.601597017	s2-eth29	1402	4533
1787820089.601597017	s2-eth3	19759653	6588
1787820089.601597017	s2-eth30	1402	4638
1787820089.601597017	s2-eth31	3329	90835479
1787820089.601597017	s2-eth32	1402	4443
1787820089.601597017	s2-eth33	1492	4533
1787820089.601597017	s2-eth34	1492	4443
1787820089.601597017	s2-eth4	1492	4533
1787820089.601597017	s2-eth5	1402	4533
1787820089.601597017	s2-eth6	1492	4443
1787820089.601597017	s2-eth7	98995715	6378
1787820089.601597017	s2-eth8	1492	4443
1787820089.601597017	s2-eth9	1402	4533
1787820089.601597017	s3-eth1	808401197	320781149
1787820089.601597017	s3-eth10	1402	4533
1787820089.601597017	s3-eth11	3089	89201824
1787820089.601597017	s3-eth12	1242	4443
1787820089.601597017	s3-eth13	1402	4533
1787820089.601597017	s3-eth14	1492	4443
1787820089.601597017	s3-eth15	3328	89062147
1787820089.601597017	s3-eth16	1402	4443
1787820089.601597017	s3-eth17	1402	4443
1787820089.601597017	s3-eth18	1242	4533
1787820089.601597017	s3-eth19	19873112	6401
1787820089.601597017	s3-eth2	6338	6338
1787820089.601597017	s3-eth20	1492	4423
1787820089.601597017	s3-eth21	1402	4423
1787820089.601597017	s3-eth22	1242	4443
1787820089.601597017	s3-eth23	99477948	6577
1787820089.601597017	s3-eth24	1242	4443
1787820089.601597017	s3-eth25	1492	4443
1787820089.601597017	s3-eth26	1242	4443
1787820089.601597017	s3-eth27	99553575	6275
1787820089.601597017	s3-eth28	1402	4533
1787820089.601597017	s3-eth29	1492	4463
1787820089.601597017	s3-eth3	3767337	539912120
1787820089.601597017	s3-eth30	1402	4533
1787820089.601597017	s3-eth31	99755433	6354
1787820089.601597017	s3-eth32	1242	4443
1787820089.601597017	s3-eth33	1402	4423
1787820089.601597017	s3-eth34	1492	4533
1787820089.601597017	s3-eth4	1402	4443
1787820089.601597017	s3-eth5	1492	4533
1787820089.601597017	s3-eth6	1492	4533
1787820089.601597017	s3-eth7	3315	89705310
1787820089.601597017	s3-eth8	1492	4302
1787820089.601597017	s3-eth9	1492	4533
1787820089.601597017	s4-eth1	633606994	22203
1787820089.601597017	s4-eth10	1492	4423
1787820089.601597017	s4-eth11	3467	97707308
1787820089.601597017	s4-eth12	1402	4443
1787820089.601597017	s4-eth13	1242	4423
1787820089.601597017	s4-eth14	1242	4443
1787820089.601597017	s4-eth15	3470	97777454
1787820089.601597017	s4-eth16	1242	4443
1787820089.601597017	s4-eth17	1402	4423
1787820089.601597017	s4-eth18	1242	4493
1787820089.601597017	s4-eth19	3380	20046329
1787820089.601597017	s4-eth2	6338	4511
1787820089.601597017	s4-eth20	1492	4443
1787820089.601597017	s4-eth21	1402	4443
1787820089.601597017	s4-eth22	1402	4423
1787820089.601597017	s4-eth23	3376	100287067
1787820089.601597017	s4-eth24	1402	4443
1787820089.601597017	s4-eth25	1402	4443
1787820089.601597017	s4-eth26	1242	4493
1787820089.601597017	s4-eth27	3074	100398654
1787820089.601597017	s4-eth28	1402	4533
1787820089.601597017	s4-eth29	1242	4443
1787820089.601597017	s4-eth3	3297	19644360
1787820089.601597017	s4-eth30	1242	4443
1787820089.601597017	s4-eth31	3380	100424658
1787820089.601597017	s4-eth32	1242	4443
1787820089.601597017	s4-eth33	1242	4493
1787820089.601597017	s4-eth34	1402	4423
1787820089.601597017	s4-eth4	1402	4423
1787820089.601597017	s4-eth5	1242	4423
1787820089.601597017	s4-eth6	1242	4533
1787820089.601597017	s4-eth7	3247	98316580
1787820089.601597017	s4-eth8	1242	4443
1787820089.601597017	s4-eth9	1242	4493
1787820089.601597017	s5-eth1	1529765303	3785233
1787820089.601597017	s5-eth2	322889546	622399238
1787820089.601597017	s5-eth3	3785902	1154180573
1787820089.601597017	s5-eth4	6413	4714
1787820089.601597017	s6-eth1	6338	6338
1787820089.601597017	s6-eth2	6338	6240
1787820089.601597017	s6-eth3	6338	4714
1787820089.601597017	s6-eth4	6538	6338
1787820089.601597017	s7-eth1	327275917	816710001
1787820089.601597017	s7-eth2	22203	639944584
1787820089.601597017	s7-eth3	1143816561	3784075
1787820089.601597017	s7-eth4	6315	6338
1787820089.601597017	s8-eth1	6338	6338
1787820089.601597017	s8-eth2	4511	6338
1787820089.601597017	s8-eth3	6338	4714
1787820089.601597017	s8-eth4	6413	6338
1787820089.601597017	s9-eth1	1156816549	3785902
1787820089.601597017	s9-eth2	4714	6338
1787820089.601597017	s9-eth3	3784075	1145360943
1787820089.601597017	s9-eth4	4714	6338
1787820097.646919048	s10-eth1	4741	6441
1787820097.646919048	s10-eth2	6365	6566
1787820097.646919048	s10-eth3	6365	6343
1787820097.646919048	s10-eth4	6365	6441
1787820097.646919048	s1-eth1	3785260	1554461022
1787820097.646919048	s1-eth10	1492	4533
1787820097.646919048	s1-eth11	102843054	6380
1787820097.646919048	s1-eth12	1402	4533
1787820097.646919048	s1-eth13	1402	4533
1787820097.646919048	s1-eth14	1492	4533
1787820097.646919048	s1-eth15	102921130	6459
1787820097.646919048	s1-eth16	1402	4553
1787820097.646919048	s1-eth17	1492	4533
1787820097.646919048	s1-eth18	1492	4443
1787820097.646919048	s1-eth19	412053923	6365
1787820097.646919048	s1-eth2	6365	6365
1787820097.646919048	s1-eth20	1402	4533
1787820097.646919048	s1-eth21	1492	4533
1787820097.646919048	s1-eth22	1492	4533
1787820097.646919048	s1-eth23	103139957	6300
1787820097.646919048	s1-eth24	1402	4533
1787820097.646919048	s1-eth25	1492	4533
1787820097.646919048	s1-eth26	1492	4443
1787820097.646919048	s1-eth27	103239316	6371
1787820097.646919048	s1-eth28	1492	4533
1787820097.646919048	s1-eth29	1402	4443
1787820097.646919048	s1-eth3	624057050	3770664
1787820097.646919048	s1-eth30	1492	4443
1787820097.646919048	s1-eth31	103397936	6370
1787820097.646919048	s1-eth32	1492	4443
1787820097.646919048	s1-eth33	1492	4443
1787820097.646919048	s1-eth34	1492	4443
1787820097.646919048	s1-eth4	1688	4729
1787820097.646919048	s1-eth5	1492	4443
1787820097.646919048	s1-eth6	1492	4533
1787820097.646919048	s1-eth7	103557005	6356
1787820097.646919048	s1-eth8	1492	4443
1787820097.646919048	s1-eth9	1402	4443
1787820097.646919048	s2-eth1	637351363	331543015
1787820097.646919048	s2-eth10	1402	4533
1787820097.646919048	s2-eth11	103617909	6508
1787820097.646919048	s2-eth12	1402	4533
1787820097.646919048	s2-eth13	1402	4533
1787820097.646919048	s2-eth14	1492	4533
1787820097.646919048	s2-eth15	103630465	6511
1787820097.646919048	s2-eth16	1492	4533
1787820097.646919048	s2-eth17	1492	4533
1787820097.646919048	s2-eth18	1492	4533
1787820097.646919048	s2-eth19	3234	349416124
1787820097.646919048	s2-eth2	6267	6365
1787820097.646919048	s2-eth20	1492	4533
1787820097.646919048	s2-eth21	1402	4443
1787820097.646919048	s2-eth22	1492	4533
1787820097.646919048	s2-eth23	3259	94705856
1787820097.646919048	s2-eth24	1402	4533
1787820097.646919048	s2-eth25	1492	4533
1787820097.646919048	s2-eth26	1402	4533
1787820097.646919048	s2-eth27	3240	94750509
1787820097.646919048	s2-eth28	1492	4533
1787820097.646919048	s2-eth29	1402	4533
1787820097.646919048	s2-eth3	20809429	6588
1787820097.646919048	s2-eth30	1402	4638
1787820097.646919048	s2-eth31	3329	94770697
1787820097.646919048	s2-eth32	1402	4443
1787820097.646919048	s2-eth33	1492	4533
1787820097.646919048	s2-eth34	1492	4443
1787820097.646919048	s2-eth4	1492	4533
1787820097.646919048	s2-eth5	1402	4533
1787820097.646919048	s2-eth6	1492	4443
1787820097.646919048	s2-eth7	104247479	6378
1787820097.646919048	s2-eth8	1492	4443
1787820097.646919048	s2-eth9	1402	4533
1787820097.646919048	s3-eth1	833714092	337564614
1787820097.646919048	s3-eth10	1402	4533
1787820097.646919048	s3-eth11	3089	93015914
1787820097.646919048	s3-eth12	1242	4443
1787820097.646919048	s3-eth13	1402	4533
1787820097.646919048	s3-eth14	1492	4443
1787820097.646919048	s3-eth15	3328	92856049
1787820097.646919048	s3-eth16	1402	4443
1787820097.646919048	s3-eth17	1402	4443
1787820097.646919048	s3-eth18	1242	4533
1787820097.646919048	s3-eth19	20904142	6401
1787820097.646919048	s3-eth2	6365	6365
1787820097.646919048	s3-eth20	1492	4423
1787820097.646919048	s3-eth21	1402	4423
1787820097.646919048	s3-eth22	1242	4443
1787820097.646919048	s3-eth23	104529274	6577
1787820097.646919048	s3-eth24	1242	4443
1787820097.646919048	s3-eth25	1492	4443
1787820097.646919048	s3-eth26	1242	4443
1787820097.646919048	s3-eth27	104599133	6275
1787820097.646919048	s3-eth28	1402	4533
1787820097.646919048	s3-eth29	1492	4463
1787820097.646919048	s3-eth3	3767337	553154006
1787820097.646919048	s3-eth30	1402	4533
1787820097.646919048	s3-eth31	104701493	6354
1787820097.646919048	s3-eth32	1242	4443
1787820097.646919048	s3-eth33	1402	4423
1787820097.646919048	s3-eth34	1492	4533
1787820097.646919048	s3-eth4	1402	4443
1787820097.646919048	s3-eth5	1492	4533
1787820097.646919048	s3-eth6	1492	4533
1787820097.646919048	s3-eth7	3315	93372316
1787820097.646919048	s3-eth8	1492	4302
1787820097.646919048	s3-eth9	1492	4533
1787820097.646919048	s4-eth1	663653975	22230
1787820097.646919048	s4-eth10	1492	4423
1787820097.646919048	s4-eth11	3467	102268354
1787820097.646919048	s4-eth12	1402	4443
1787820097.646919048	s4-eth13	1242	4423
1787820097.646919048	s4-eth14	1242	4443
1787820097.646919048	s4-eth15	3470	102313986
1787820097.646919048	s4-eth16	1242	4443
1787820097.646919048	s4-eth17	1402	4423
1787820097.646919048	s4-eth18	1242	4493
1787820097.646919048	s4-eth19	3380	20963441
1787820097.646919048	s4-eth2	6365	4538
1787820097.646919048	s4-eth20	1492	4443
1787820097.646919048	s4-eth21	1402	4443
1787820097.646919048	s4-eth22	1402	4423
1787820097.646919048	s4-eth23	3376	104846671
1787820097.646919048	s4-eth24	1402	4443
1787820097.646919048	s4-eth25	1402	4443
1787820097.646919048	s4-eth26	1242	4493
1787820097.646919048	s4-eth27	3074	104940954
1787820097.646919048	s4-eth28	1402	4533
1787820097.646919048	s4-eth29	1242	4443
1787820097.646919048	s4-eth3	3297	20542726
1787820097.646919048	s4-eth30	1242	4443
1787820097.646919048	s4-eth31	3380	105066456
1787820097.646919048	s4-eth32	1242	4443
1787820097.646919048	s4-eth33	1242	4493
1787820097.646919048	s4-eth34	1402	4423
1787820097.646919048	s4-eth4	1402	4423
1787820097.646919048	s4-eth5	1242	4423
1787820097.646919048	s4-eth6	1242	4533
1787820097.646919048	s4-eth7	3247	102795432
1787820097.646919048	s4-eth8	1242	4443
1787820097.646919048	s4-eth9	1242	4493
1787820097.646919048	s5-eth1	1587285268	3785260
1787820097.646919048	s5-eth2	337518663	648538399
1787820097.646919048	s5-eth3	3785929	1194943056
1787820097.646919048	s5-eth4	6469	4768
1787820097.646919048	s6-eth1	6392	6392
1787820097.646919048	s6-eth2	6392	6294
1787820097.646919048	s6-eth3	6392	4768
1787820097.646919048	s6-eth4	6594	6392
1787820097.646919048	s7-eth1	341700297	842360351
1787820097.646919048	s7-eth2	22257	668535172
1787820097.646919048	s7-eth3	1184320953	3784129
1787820097.646919048	s7-eth4	6371	6392
1787820097.646919048	s8-eth1	6392	6392
1787820097.646919048	s8-eth2	4565	6392
1787820097.646919048	s8-eth3	6392	4768
1787820097.646919048	s8-eth4	6469	6392
1787820097.646919048	s9-eth1	1198222191	3785956
1787820097.646919048	s9-eth2	4768	6392
1787820097.646919048	s9-eth3	3784129	1186701695
1787820097.646919048	s9-eth4	4768	6392
1787820104.712882196	s10-eth1	4768	6469
1787820104.712882196	s10-eth2	6392	6594
1787820104.712882196	s10-eth3	6392	6371
1787820104.712882196	s10-eth4	6392	6469
1787820104.712882196	s1-eth1	3785287	1613323489
1787820104.712882196	s1-eth10	1492	4533
1787820104.712882196	s1-eth11	107356514	6380
1787820104.712882196	s1-eth12	1402	4533
1787820104.712882196	s1-eth13	1402	4533
1787820104.712882196	s1-eth14	1492	4533
1787820104.712882196	s1-eth15	107441800	6459
1787820104.712882196	s1-eth16	1402	4553
1787820104.712882196	s1-eth17	1492	4533
1787820104.712882196	s1-eth18	1492	4443
1787820104.712882196	s1-eth19	430122183	6365
1787820104.712882196	s1-eth2	6392	6392
1787820104.712882196	s1-eth20	1402	4533
1787820104.712882196	s1-eth21	1492	4533
1787820104.712882196	s1-eth22	1492	4533
1787820104.712882196	s1-eth23	107644765	6300
1787820104.712882196	s1-eth24	1402	4533
1787820104.712882196	s1-eth25	1492	4533
1787820104.712882196	s1-eth26	1492	4443
1787820104.712882196	s1-eth27	107726820	6371
1787820104.712882196	s1-eth28	1492	4533
1787820104.712882196	s1-eth29	1402	4443
1787820104.712882196	s1-eth3	642024370	3770664
1787820104.712882196	s1-eth30	1492	4443
1787820104.712882196	s1-eth31	107878230	6370
1787820104.712882196	s1-eth32	1492	4443
1787820104.712882196	s1-eth33	1492	4443
1787820104.712882196	s1-eth34	1492	4443
1787820104.712882196	s1-eth4	1688	4729
1787820104.712882196	s1-eth5	1492	4443
1787820104.712882196	s1-eth6	1492	4533
1787820104.712882196	s1-eth7	108090653	6356
1787820104.712882196	s1-eth8	1492	4443
1787820104.712882196	s1-eth9	1402	4443
1787820104.712882196	s2-eth1	666228882	346111568
1787820104.712882196	s2-eth10	1402	4533
1787820104.712882196	s2-eth11	108204911	6508
1787820104.712882196	s2-eth12	1402	4533
1787820104.712882196	s2-eth13	1402	4533
1787820104.712882196	s2-eth14	1492	4533
1787820104.712882196	s2-eth15	108315523	6511
1787820104.712882196	s2-eth16	1492	4533
1787820104.712882196	s2-eth17	1492	4533
1787820104.712882196	s2-eth18	1492	4533
1787820104.712882196	s2-eth19	3234	366045268
1787820104.712882196	s2-eth2	6294	6392
1787820104.712882196	s2-eth20	1492	4533
1787820104.712882196	s2-eth21	1402	4443
1787820104.712882196	s2-eth22	1492	4533
1787820104.712882196	s2-eth23	3259	98979944
1787820104.712882196	s2-eth24	1402	4533
1787820104.712882196	s2-eth25	1492	4533
1787820104.712882196	s2-eth26	1402	4533
1787820104.712882196	s2-eth27	3240	99030365
1787820104.712882196	s2-eth28	1492	4533
1787820104.712882196	s2-eth29	1402	4533
1787820104.712882196	s2-eth3	21709237	6588
1787820104.712882196	s2-eth30	1402	4638
1787820104.712882196	s2-eth31	3329	99015945
1787820104.712882196	s2-eth32	1402	4443
1787820104.712882196	s2-eth33	1492	4533
1787820104.712882196	s2-eth34	1492	4443
1787820104.712882196	s2-eth4	1492	4533
1787820104.712882196	s2-eth5	1402	4533
1787820104.712882196	s2-eth6	1492	4443
1787820104.712882196	s2-eth7	108685955	6378
1787820104.712882196	s2-eth8	1492	4443
1787820104.712882196	s2-eth9	1402	4533
1787820104.712882196	s3-eth1	861344308	351775578
1787820104.712882196	s3-eth10	1402	4533
1787820104.712882196	s3-eth11	3089	97114078
1787820104.712882196	s3-eth12	1242	4443
1787820104.712882196	s3-eth13	1402	4533
1787820104.712882196	s3-eth14	1492	4443
1787820104.712882196	s3-eth15	3328	96993147
1787820104.712882196	s3-eth16	1402	4443
1787820104.712882196	s3-eth17	1402	4443
1787820104.712882196	s3-eth18	1242	4533
1787820104.712882196	s3-eth19	21806834	6401
1787820104.712882196	s3-eth2	6419	6419
1787820104.712882196	s3-eth20	1492	4423
1787820104.712882196	s3-eth21	1402	4423
1787820104.712882196	s3-eth22	1242	4443
1787820104.712882196	s3-eth23	109113392	6577
1787820104.712882196	s3-eth24	1242	4443
1787820104.712882196	s3-eth25	1492	4443
1787820104.712882196	s3-eth26	1242	4443
1787820104.712882196	s3-eth27	109177483	6275
1787820104.712882196	s3-eth28	1402	4533
1787820104.712882196	s3-eth29	1492	4463
1787820104.712882196	s3-eth3	3767337	568958326
1787820104.712882196	s3-eth30	1402	4533
1787820104.712882196	s3-eth31	109289937	6354
1787820104.712882196	s3-eth32	1242	4443
1787820104.712882196	s3-eth33	1402	4423
1787820104.712882196	s3-eth34	1492	4533
1787820104.712882196	s3-eth4	1402	4443
1787820104.712882196	s3-eth5	1492	4533
1787820104.712882196	s3-eth6	1492	4533
1787820104.712882196	s3-eth7	3315	97604586
1787820104.712882196	s3-eth8	1492	4302
1787820104.712882196	s3-eth9	1492	4533
1787820104.712882196	s4-eth1	693184747	22284
1787820104.712882196	s4-eth10	1492	4423
1787820104.712882196	s4-eth11	3467	106835168
1787820104.712882196	s4-eth12	1402	4443
1787820104.712882196	s4-eth13	1242	4423
1787820104.712882196	s4-eth14	1242	4443
1787820104.712882196	s4-eth15	3470	106958668
1787820104.712882196	s4-eth16	1242	4443
1787820104.712882196	s4-eth17	1402	4423
1787820104.712882196	s4-eth18	1242	4493
1787820104.712882196	s4-eth19	3380	21919487
1787820104.712882196	s4-eth2	6419	4592
1787820104.712882196	s4-eth20	1492	4443
1787820104.712882196	s4-eth21	1402	4443
1787820104.712882196	s4-eth22	1402	4423
1787820104.712882196	s4-eth23	3376	109701885
1787820104.712882196	s4-eth24	1402	4443
1787820104.712882196	s4-eth25	1402	4443
1787820104.712882196	s4-eth26	1242	4493
1787820104.712882196	s4-eth27	3074	109816356
1787820104.712882196	s4-eth28	1402	4533
1787820104.712882196	s4-eth29	1242	4443
1787820104.712882196	s4-eth3	3297	21482910
1787820104.712882196	s4-eth30	1242	4443
1787820104.712882196	s4-eth31	3380	109957720
1787820104.712882196	s4-eth32	1242	4443
1787820104.712882196	s4-eth33	1242	4493
1787820104.712882196	s4-eth34	1402	4423
1787820104.712882196	s4-eth4	1402	4423
1787820104.712882196	s4-eth5	1242	4423
1787820104.712882196	s4-eth6	1242	4533
1787820104.712882196	s4-eth7	3247	107620364
1787820104.712882196	s4-eth8	1242	4443
1787820104.712882196	s4-eth9	1242	4493
1787820104.712882196	s5-eth1	1654455124	3785314
1787820104.712882196	s5-eth2	353527801	680223519
1787820104.712882196	s5-eth3	3785983	1242113814
1787820104.712882196	s5-eth4	6497	4795
1787820104.712882196	s6-eth1	6419	6419
1787820104.712882196	s6-eth2	6419	6321
1787820104.712882196	s6-eth3	6419	4795
1787820104.712882196	s6-eth4	6622	6419
1787820104.712882196	s7-eth1	357800254	872353978
1787820104.712882196	s7-eth2	22284	700251989
1787820104.712882196	s7-eth3	1230477958	3784156
1787820104.712882196	s7-eth4	6399	6419
1787820104.712882196	s8-eth1	6419	6419
1787820104.712882196	s8-eth2	4592	6419
1787820104.712882196	s8-eth3	6419	4795
1787820104.712882196	s8-eth4	6497	6419
1787820104.712882196	s9-eth1	1245167970	3785983
1787820104.712882196	s9-eth2	4795	6419
1787820104.712882196	s9-eth3	3784156	1232287668
1787820104.712882196	s9-eth4	4795	6419
1787820112.581121755	s10-eth1	4822	6525
1787820112.581121755	s10-eth2	6446	6650
1787820112.581121755	s10-eth3	6446	6427
1787820112.581121755	s10-eth4	6446	6525
1787820112.581121755	s1-eth1	3785341	1681054283
1787820112.581121755	s1-eth10	1492	4533
1787820112.581121755	s1-eth11	112474172	6380
1787820112.581121755	s1-eth12	1402	4533
1787820112.581121755	s1-eth13	1402	4533
1787820112.581121755	s1-eth14	1492	4533
1787820112.581121755	s1-eth15	112611370	6459
1787820112.581121755	s1-eth16	1402	4553
1787820112.581121755	s1-eth17	1492	4533
1787820112.581121755	s1-eth18	1492	4443
1787820112.581121755	s1-eth19	450999459	6365
1787820112.581121755	s1-eth2	6446	6446
1787820112.581121755	s1-eth20	1402	4533
1787820112.581121755	s1-eth21	1492	4533
1787820112.581121755	s1-eth22	1492	4533
1787820112.581121755	s1-eth23	112872015	6300
1787820112.581121755	s1-eth24	1402	4533
1787820112.581121755	s1-eth25	1492	4533
1787820112.581121755	s1-eth26	1492	4443
1787820112.581121755	s1-eth27	112899274	6371
1787820112.581121755	s1-eth28	1492	4533
1787820112.581121755	s1-eth29	1402	4443
1787820112.581121755	s1-eth3	662528168	3770664
1787820112.581121755	s1-eth30	1492	4443
1787820112.581121755	s1-eth31	112974258	6370
1787820112.581121755	s1-eth32	1492	4443
1787820112.581121755	s1-eth33	1492	4443
1787820112.581121755	s1-eth34	1492	4443
1787820112.581121755	s1-eth4	1688	4729
1787820112.581121755	s1-eth5	1492	4443
1787820112.581121755	s1-eth6	1492	4533
1787820112.581121755	s1-eth7	113211195	6356
1787820112.581121755	s1-eth8	1492	4443
1787820112.581121755	s1-eth9	1402	4443
1787820112.581121755	s2-eth1	696744540	362583588
1787820112.581121755	s2-eth10	1402	4533
1787820112.581121755	s2-eth11	113354293	6508
1787820112.581121755	s2-eth12	1402	4533
1787820112.581121755	s2-eth13	1402	4533
1787820112.581121755	s2-eth14	1492	4533
1787820112.581121755	s2-eth15	113464905	6511
1787820112.581121755	s2-eth16	1492	4533
1787820112.581121755	s2-eth17	1492	4533
1787820112.581121755	s2-eth18	1492	4533
1787820112.581121755	s2-eth19	3234	383078172
1787820112.581121755	s2-eth2	6348	6446
1787820112.581121755	s2-eth20	1492	4533
1787820112.581121755	s2-eth21	1402	4443
1787820112.581121755	s2-eth22	1492	4533
1787820112.581121755	s2-eth23	3259	103516476
1787820112.581121755	s2-eth24	1402	4533
1787820112.581121755	s2-eth25	1492	4533
1787820112.581121755	s2-eth26	1402	4533
1787820112.581121755	s2-eth27	3240	103644765
1787820112.581121755	s2-eth28	1492	4533
1787820112.581121755	s2-eth29	1402	4533
1787820112.581121755	s2-eth3	22780643	6588
1787820112.581121755	s2-eth30	1402	4638
1787820112.581121755	s2-eth31	3329	103670721
1787820112.581121755	s2-eth32	1402	4443
1787820112.581121755	s2-eth33	1492	4533
1787820112.581121755	s2-eth34	1492	4443
1787820112.581121755	s2-eth4	1492	4533
1787820112.581121755	s2-eth5	1402	4533
1787820112.581121755	s2-eth6	1492	4443
1787820112.581121755	s2-eth7	114053079	6378
1787820112.581121755	s2-eth8	1492	4443
1787820112.581121755	s2-eth9	1402	4533
1787820112.581121755	s3-eth1	891388405	368929637
1787820112.581121755	s3-eth10	1402	4533
1787820112.581121755	s3-eth11	3089	101600140
1787820112.581121755	s3-eth12	1242	4443
1787820112.581121755	s3-eth13	1402	4533
1787820112.581121755	s3-eth14	1492	4443
1787820112.581121755	s3-eth15	3328	101430181
1787820112.581121755	s3-eth16	1402	4443
1787820112.581121755	s3-eth17	1402	4443
1787820112.581121755	s3-eth18	1242	4533
1787820112.581121755	s3-eth19	22881124	6401
1787820112.581121755	s3-eth2	6446	6446
1787820112.581121755	s3-eth20	1492	4423
1787820112.581121755	s3-eth21	1402	4423
1787820112.581121755	s3-eth22	1242	4443
1787820112.581121755	s3-eth23	114454560	6577
1787820112.581121755	s3-eth24	1242	4443
1787820112.581121755	s3-eth25	1492	4443
1787820112.581121755	s3-eth26	1242	4443
1787820112.581121755	s3-eth27	114507115	6275
1787820112.581121755	s3-eth28	1402	4533
1787820112.581121755	s3-eth29	1492	4463
1787820112.581121755	s3-eth3	3767337	585139008
1787820112.581121755	s3-eth30	1402	4533
1787820112.581121755	s3-eth31	114613801	6354
1787820112.581121755	s3-eth32	1242	4443
1787820112.581121755	s3-eth33	1402	4423
1787820112.581121755	s3-eth34	1492	4533
1787820112.581121755	s3-eth4	1402	4443
1787820112.581121755	s3-eth5	1492	4533
1787820112.581121755	s3-eth6	1492	4533
1787820112.581121755	s3-eth7	3315	101998360
1787820112.581121755	s3-eth8	1492	4302
1787820112.581121755	s3-eth9	1492	4533
1787820112.581121755	s4-eth1	726405570	22311
1787820112.581121755	s4-eth10	1492	4423
1787820112.581121755	s4-eth11	3467	111948500
1787820112.581121755	s4-eth12	1402	4443
1787820112.581121755	s4-eth13	1242	4423
1787820112.581121755	s4-eth14	1242	4443
1787820112.581121755	s4-eth15	3470	112002784
1787820112.581121755	s4-eth16	1242	4443
1787820112.581121755	s4-eth17	1402	4423
1787820112.581121755	s4-eth18	1242	4493
1787820112.581121755	s4-eth19	3380	22972147
1787820112.581121755	s4-eth2	6446	4619
1787820112.581121755	s4-eth20	1492	4443
1787820112.581121755	s4-eth21	1402	4443
1787820112.581121755	s4-eth22	1402	4423
1787820112.581121755	s4-eth23	3376	114861361
1787820112.581121755	s4-eth24	1402	4443
1787820112.581121755	s4-eth25	1402	4443
1787820112.581121755	s4-eth26	1242	4493
1787820112.581121755	s4-eth27	3074	114866240
1787820112.581121755	s4-eth28	1402	4533
1787820112.581121755	s4-eth29	1242	4443
1787820112.581121755	s4-eth3	3297	22454818
1787820112.581121755	s4-eth30	1242	4443
1787820112.581121755	s4-eth31	3380	114863404
1787820112.581121755	s4-eth32	1242	4443
1787820112.581121755	s4-eth33	1242	4493
1787820112.581121755	s4-eth34	1402	4423
1787820112.581121755	s4-eth4	1402	4423
1787820112.581121755	s4-eth5	1242	4423
1787820112.581121755	s4-eth6	1242	4533
1787820112.581121755	s4-eth7	3247	112243416
1787820112.581121755	s4-eth8	1242	4443
1787820112.581121755	s4-eth9	1242	4493
1787820112.581121755	s5-eth1	1714798525	3785341
1787820112.581121755	s5-eth2	368455412	706886126
1787820112.581121755	s5-eth3	3786010	1283313223
1787820112.581121755	s5-eth4	6525	4822
1787820112.581121755	s6-eth1	6446	6446
1787820112.581121755	s6-eth2	6446	6348
1787820112.581121755	s6-eth3	6446	4822
1787820112.581121755	s6-eth4	6650	6446
1787820112.581121755	s7-eth1	372178463	897039603
1787820112.581121755	s7-eth2	22311	728371016
1787820112.581121755	s7-eth3	1269241829	3784183
1787820112.581121755	s7-eth4	6427	6446
1787820112.581121755	s8-eth1	6473	6473
1787820112.581121755	s8-eth2	4646	6473
1787820112.581121755	s8-eth3	6473	4849
1787820112.581121755	s8-eth4	6553	6473
1787820112.581121755	s9-eth1	1284102024	3786037
1787820112.581121755	s9-eth2	4849	6473
1787820112.581121755	s9-eth3	3784210	1270509374
1787820112.581121755	s9-eth4	4849	6473
1787820119.401083358	s10-eth1	4849	6553
1787820119.401083358	s10-eth2	6473	6678
1787820119.401083358	s10-eth3	6473	6455
1787820119.401083358	s10-eth4	6473	6553
1787820119.401083358	s1-eth1	3785368	1737308172
1787820119.401083358	s1-eth10	1492	4533
1787820119.401083358	s1-eth11	116820360	6380
1787820119.401083358	s1-eth12	1402	4533
1787820119.401083358	s1-eth13	1402	4533
1787820119.401083358	s1-eth14	1492	4533
1787820119.401083358	s1-eth15	116881132	6459
1787820119.401083358	s1-eth16	1402	4553
1787820119.401083358	s1-eth17	1492	4533
1787820119.401083358	s1-eth18	1492	4443
1787820119.401083358	s1-eth19	467787223	6365
1787820119.401083358	s1-eth2	6473	6473
1787820119.401083358	s1-eth20	1402	4533
1787820119.401083358	s1-eth21	1492	4533
1787820119.401083358	s1-eth22	1492	4533
1787820119.401083358	s1-eth23	117059583	6300
1787820119.401083358	s1-eth24	1402	4533
1787820119.401083358	s1-eth25	1492	4533
1787820119.401083358	s1-eth26	1492	4443
1787820119.401083358	s1-eth27	117105588	6371
1787820119.401083358	s1-eth28	1492	4533
1787820119.401083358	s1-eth29	1402	4443
1787820119.401083358	s1-eth3	679434176	3770664
1787820119.401083358	s1-eth30	1492	4443
1787820119.401083358	s1-eth31	117210854	6370
1787820119.401083358	s1-eth32	1492	4443
1787820119.401083358	s1-eth33	1492	4443
1787820119.401083358	s1-eth34	1492	4443
1787820119.401083358	s1-eth4	1688	4729
1787820119.401083358	s1-eth5	1492	4443
1787820119.401083358	s1-eth6	1492	4533
1787820119.401083358	s1-eth7	117377133	6356
1787820119.401083358	s1-eth8	1492	4443
1787820119.401083358	s1-eth9	1402	4443
1787820119.401083358	s2-eth1	722130977	375860109
1787820119.401083358	s2-eth10	1402	4533
1787820119.401083358	s2-eth11	117500043	6508
1787820119.401083358	s2-eth12	1402	4533
1787820119.401083358	s2-eth13	1402	4533
1787820119.401083358	s2-eth14	1492	4533
1787820119.401083358	s2-eth15	117593351	6511
1787820119.401083358	s2-eth16	1492	4533
1787820119.401083358	s2-eth17	1492	4533
1787820119.401083358	s2-eth18	1492	4533
1787820119.401083358	s2-eth19	3234	397551526
1787820119.401083358	s2-eth2	6375	6473
1787820119.401083358	s2-eth20	1492	4533
1787820119.401083358	s2-eth21	1402	4443
1787820119.401083358	s2-eth22	1492	4533
1787820119.401083358	s2-eth23	3259	107272886
1787820119.401083358	s2-eth24	1402	4533
1787820119.401083358	s2-eth25	1492	4533
1787820119.401083358	s2-eth26	1402	4533
1787820119.401083358	s2-eth27	3240	107434341
1787820119.401083358	s2-eth28	1492	4533
1787820119.401083358	s2-eth29	1402	4533
1787820119.401083358	s2-eth3	23614119	6588
1787820119.401083358	s2-eth30	1402	4638
1787820119.401083358	s2-eth31	3329	107517977
1787820119.401083358	s2-eth32	1402	4443
1787820119.401083358	s2-eth33	1492	4533
1787820119.401083358	s2-eth34	1492	4443
1787820119.401083358	s2-eth4	1492	4533
1787820119.401083358	s2-eth5	1402	4533
1787820119.401083358	s2-eth6	1492	4443
1787820119.401083358	s2-eth7	118276697	6378
1787820119.401083358	s2-eth8	1492	4443
1787820119.401083358	s2-eth9	1402	4533
1787820119.401083358	s3-eth1	917794336	382524867
1787820119.401083358	s3-eth10	1402	4533
1787820119.401083358	s3-eth11	3089	105451722
1787820119.401083358	s3-eth12	1242	4443
1787820119.401083358	s3-eth13	1402	4533
1787820119.401083358	s3-eth14	1492	4443
1787820119.401083358	s3-eth15	3328	105310603
1787820119.401083358	s3-eth16	1402	4443
1787820119.401083358	s3-eth17	1402	4443
1787820119.401083358	s3-eth18	1242	4533
1787820119.401083358	s3-eth19	23723252	6401
1787820119.401083358	s3-eth2	6500	6500
1787820119.401083358	s3-eth20	1492	4423
1787820119.401083358	s3-eth21	1402	4423
1787820119.401083358	s3-eth22	1242	4443
1787820119.401083358	s3-eth23	118691156	6577
1787820119.401083358	s3-eth24	1242	4443
1787820119.401083358	s3-eth25	1492	4443
1787820119.401083358	s3-eth26	1242	4443
1787820119.401083358	s3-eth27	118736501	6275
1787820119.401083358	s3-eth28	1402	4533
1787820119.401083358	s3-eth29	1492	4463
1787820119.401083358	s3-eth3	3767337	600453048
1787820119.401083358	s3-eth30	1402	4533
1787820119.401083358	s3-eth31	118841745	6354
1787820119.401083358	s3-eth32	1242	4443
1787820119.401083358	s3-eth33	1402	4423
1787820119.401083358	s3-eth34	1492	4533
1787820119.401083358	s3-eth4	1402	4443
1787820119.401083358	s3-eth5	1492	4533
1787820119.401083358	s3-eth6	1492	4533
1787820119.401083358	s3-eth7	3315	105973954
1787820119.401083358	s3-eth8	1492	4302
1787820119.401083358	s3-eth9	1492	4533
1787820119.401083358	s4-eth1	753199426	22365
1787820119.401083358	s4-eth10	1492	4423
1787820119.401083358	s4-eth11	3467	116045222
1787820119.401083358	s4-eth12	1402	4443
1787820119.401083358	s4-eth13	1242	4423
1787820119.401083358	s4-eth14	1242	4443
1787820119.401083358	s4-eth15	3470	116118252
1787820119.401083358	s4-eth16	1242	4443
1787820119.401083358	s4-eth17	1402	4423
1787820119.401083358	s4-eth18	1242	4493
1787820119.401083358	s4-eth19	3380	23827253
1787820119.401083358	s4-eth2	6500	4673
1787820119.401083358	s4-eth20	1492	4443
1787820119.401083358	s4-eth21	1402	4443
1787820119.401083358	s4-eth22	1402	4423
1787820119.401083358	s4-eth23	3376	119249367
1787820119.401083358	s4-eth24	1402	4443
1787820119.401083358	s4-eth25	1402	4443
1787820119.401083358	s4-eth26	1242	4493
1787820119.401083358	s4-eth27	3074	119381142
1787820119.401083358	s4-eth28	1402	4533
1787820119.401083358	s4-eth29	1242	4443
1787820119.401083358	s4-eth3	3297	23344532
1787820119.401083358	s4-eth30	1242	4443
1787820119.401083358	s4-eth31	3380	119541252
1787820119.401083358	s4-eth32	1242	4443
1787820119.401083358	s4-eth33	1242	4493
1787820119.401083358	s4-eth34	1402	4423
1787820119.401083358	s4-eth4	1402	4423
1787820119.401083358	s4-eth5	1242	4423
1787820119.401083358	s4-eth6	1242	4533
1787820119.401083358	s4-eth7	3247	117004900
1787820119.401083358	s4-eth8	1242	4443
1787820119.401083358	s4-eth9	1242	4493
1787820119.401083358	s5-eth1	1780692211	3785395
1787820119.401083358	s5-eth2	384515020	739054316
1787820119.401083358	s5-eth3	3786064	1331894257
1787820119.401083358	s5-eth4	6581	4876
1787820119.401083358	s6-eth1	6500	6500
1787820119.401083358	s6-eth2	6500	6402
1787820119.401083358	s6-eth3	6500	4876
1787820119.401083358	s6-eth4	6706	6500
1787820119.401083358	s7-eth1	389096061	929193373
1787820119.401083358	s7-eth2	22365	762090798
1787820119.401083358	s7-eth3	1319029817	3784237
1787820119.401083358	s7-eth4	6483	6500
1787820119.401083358	s8-eth1	6500	6500
1787820119.401083358	s8-eth2	4673	6500
1787820119.401083358	s8-eth3	6500	4876
1787820119.401083358	s8-eth4	6581	6500
1787820119.401083358	s9-eth1	1335473301	3786064
1787820119.401083358	s9-eth2	4876	6500
1787820119.401083358	s9-eth3	3784237	1321324039
1787820119.401083358	s9-eth4	4876	6500
1787820127.879769294	s10-eth1	4903	6609
1787820127.879769294	s10-eth2	6527	6734
1787820127.879769294	s10-eth3	6527	6511
1787820127.879769294	s10-eth4	6527	6609
1787820127.879769294	s1-eth1	3785422	1806952500
1787820127.879769294	s1-eth10	1492	4533
1787820127.879769294	s1-eth11	122367734	6380
1787820127.879769294	s1-eth12	1402	4533
1787820127.879769294	s1-eth13	1402	4533
1787820127.879769294	s1-eth14	1492	4533
1787820127.879769294	s1-eth15	122438600	6459
1787820127.879769294	s1-eth16	1402	4553
1787820127.879769294	s1-eth17	1492	4533
1787820127.879769294	s1-eth18	1492	4443
1787820127.879769294	s1-eth19	489884431	6365
1787820127.879769294	s1-eth2	6527	6527
1787820127.879769294	s1-eth20	1402	4533
1787820127.879769294	s1-eth21	1492	4533
1787820127.879769294	s1-eth22	1492	4533
1787820127.879769294	s1-eth23	122637239	6300
1787820127.879769294	s1-eth24	1402	4533
1787820127.879769294	s1-eth25	1492	4533
1787820127.879769294	s1-eth26	1492	4443
1787820127.879769294	s1-eth27	122776974	6371
1787820127.879769294	s1-eth28	1492	4533
1787820127.879769294	s1-eth29	1402	4443
1787820127.879769294	s1-eth3	702213450	3770664
1787820127.879769294	s1-eth30	1492	4443
1787820127.879769294	s1-eth31	122925500	6370
1787820127.879769294	s1-eth32	1492	4443
1787820127.879769294	s1-eth33	1492	4443
1787820127.879769294	s1-eth34	1492	4443
1787820127.879769294	s1-eth4	1688	4729
1787820127.879769294	s1-eth5	1492	4443
1787820127.879769294	s1-eth6	1492	4533
1787820127.879769294	s1-eth7	123114851	6356
1787820127.879769294	s1-eth8	1492	4443
1787820127.879769294	s1-eth9	1402	4443
1787820127.879769294	s2-eth1	754874525	394124535
1787820127.879769294	s2-eth10	1402	4533
1787820127.879769294	s2-eth11	123187291	6508
1787820127.879769294	s2-eth12	1402	4533
1787820127.879769294	s2-eth13	1402	4533
1787820127.879769294	s2-eth14	1492	4533
1787820127.879769294	s2-eth15	123247433	6511
1787820127.879769294	s2-eth16	1492	4533
1787820127.879769294	s2-eth17	1492	4533
1787820127.879769294	s2-eth18	1492	4533
1787820127.879769294	s2-eth19	3234	414727188
1787820127.879769294	s2-eth2	6429	6527
1787820127.879769294	s2-eth20	1492	4533
1787820127.879769294	s2-eth21	1402	4443
1787820127.879769294	s2-eth22	1492	4533
1787820127.879769294	s2-eth23	3259	112181454
1787820127.879769294	s2-eth24	1402	4533
1787820127.879769294	s2-eth25	1492	4533
1787820127.879769294	s2-eth26	1402	4533
1787820127.879769294	s2-eth27	3240	112348677
1787820127.879769294	s2-eth28	1492	4533
1787820127.879769294	s2-eth29	1402	4533
1787820127.879769294	s2-eth3	24705713	6588
1787820127.879769294	s2-eth30	1402	4638
1787820127.879769294	s2-eth31	3329	112322721
1787820127.879769294	s2-eth32	1402	4443
1787820127.879769294	s2-eth33	1492	4533
1787820127.879769294	s2-eth34	1492	4443
1787820127.879769294	s2-eth4	1492	4533
1787820127.879769294	s2-eth5	1402	4533
1787820127.879769294	s2-eth6	1492	4443
1787820127.879769294	s2-eth7	123617865	6378
1787820127.879769294	s2-eth8	1492	4443
1787820127.879769294	s2-eth9	1402	4533
1787820127.879769294	s3-eth1	947241472	399478488
1787820127.879769294	s3-eth10	1402	4533
1787820127.879769294	s3-eth11	3089	110024304
1787820127.879769294	s3-eth12	1242	4443
1787820127.879769294	s3-eth13	1402	4533
1787820127.879769294	s3-eth14	1492	4443
1787820127.879769294	s3-eth15	3398	109884627
1787820127.879769294	s3-eth16	1402	4443
1787820127.879769294	s3-eth17	1402	4443
1787820127.879769294	s3-eth18	1242	4533
1787820127.879769294	s3-eth19	24774470	6401
1787820127.879769294	s3-eth2	6527	6527
1787820127.879769294	s3-eth20	1492	4423
1787820127.879769294	s3-eth21	1402	4423
1787820127.879769294	s3-eth22	1242	4443
1787820127.879769294	s3-eth23	123964550	6577
1787820127.879769294	s3-eth24	1242	4443
1787820127.879769294	s3-eth25	1492	4443
1787820127.879769294	s3-eth26	1242	4443
1787820127.879769294	s3-eth27	124019989	6275
1787820127.879769294	s3-eth28	1402	4533
1787820127.879769294	s3-eth29	1492	4463
1787820127.879769294	s3-eth3	3767337	615881006
1787820127.879769294	s3-eth30	1402	4533
1787820127.879769294	s3-eth31	124129559	6354
1787820127.879769294	s3-eth32	1242	4443
1787820127.879769294	s3-eth33	1402	4423
1787820127.879769294	s3-eth34	1492	4533
1787820127.879769294	s3-eth4	1402	4443
1787820127.879769294	s3-eth5	1492	4533
1787820127.879769294	s3-eth6	1492	4533
1787820127.879769294	s3-eth7	3315	110581144
1787820127.879769294	s3-eth8	1492	4302
1787820127.879769294	s3-eth9	1492	4533
1787820127.879769294	s4-eth1	787122503	22392
1787820127.879769294	s4-eth10	1492	4423
1787820127.879769294	s4-eth11	3467	121307080
1787820127.879769294	s4-eth12	1402	4443
1787820127.879769294	s4-eth13	1242	4423
1787820127.879769294	s4-eth14	1242	4443
1787820127.879769294	s4-eth15	3470	121345502
1787820127.879769294	s4-eth16	1242	4443
1787820127.879769294	s4-eth17	1402	4423
1787820127.879769294	s4-eth18	1242	4493
1787820127.879769294	s4-eth19	3380	24890007
1787820127.879769294	s4-eth2	6527	4700
1787820127.879769294	s4-eth20	1492	4443
1787820127.879769294	s4-eth21	1402	4443
1787820127.879769294	s4-eth22	1402	4423
1787820127.879769294	s4-eth23	3376	124561695
1787820127.879769294	s4-eth24	1402	4443
1787820127.879769294	s4-eth25	1402	4443
1787820127.879769294	s4-eth26	1242	4493
1787820127.879769294	s4-eth27	3074	124694912
1787820127.879769294	s4-eth28	1402	4533
1787820127.879769294	s4-eth29	1242	4443
1787820127.879769294	s4-eth3	3297	24391424
1787820127.879769294	s4-eth30	1242	4443
1787820127.879769294	s4-eth31	3380	124830508
1787820127.879769294	s4-eth32	1242	4443
1787820127.879769294	s4-eth33	1242	4493
1787820127.879769294	s4-eth34	1402	4423
1787820127.879769294	s4-eth4	1402	4423
1787820127.879769294	s4-eth5	1242	4423
1787820127.879769294	s4-eth6	1242	4533
1787820127.879769294	s4-eth7	3247	122135536
1787820127.879769294	s4-eth8	1242	4443
1787820127.879769294	s4-eth9	1242	4493
1787820127.879769294	s5-eth1	1846450349	3785449
1787820127.879769294	s5-eth2	401310048	769313298
1787820127.879769294	s5-eth3	3786118	1378711725
1787820127.879769294	s5-eth4	6637	4930
1787820127.879769294	s6-eth1	6554	6554
1787820127.879769294	s6-eth2	6554	6456
1787820127.879769294	s6-eth3	6554	4930
1787820127.879769294	s6-eth4	6762	6554
1787820127.879769294	s7-eth1	405209023	957768099
1787820127.879769294	s7-eth2	22419	793762940
1787820127.879769294	s7-eth3	1363760711	3784291
1787820127.879769294	s7-eth4	6539	6554
1787820127.879769294	s8-eth1	6554	6554
1787820127.879769294	s8-eth2	4727	6554
1787820127.879769294	s8-eth3	6554	4930
1787820127.879769294	s8-eth4	6637	6554
1787820127.879769294	s9-eth1	1380778111	3786118
1787820127.879769294	s9-eth2	4930	6554
1787820127.879769294	s9-eth3	3784291	1365864589
1787820127.879769294	s9-eth4	4930	6554
1787820135.671673006	s10-eth1	4930	6637
1787820135.671673006	s10-eth2	6554	6762
1787820135.671673006	s10-eth3	6554	6539
1787820135.671673006	s10-eth4	6554	6637
1787820135.671673006	s1-eth1	3785449	1871293125
1787820135.671673006	s1-eth10	1492	4533
1787820135.671673006	s1-eth11	127359938	6380
1787820135.671673006	s1-eth12	1402	4533
1787820135.671673006	s1-eth13	1402	4533
1787820135.671673006	s1-eth14	1492	4533
1787820135.671673006	s1-eth15	127440898	6459
1787820135.671673006	s1-eth16	1402	4553
1787820135.671673006	s1-eth17	1492	4533
1787820135.671673006	s1-eth18	1492	4443
1787820135.671673006	s1-eth19	510226725	6365
1787820135.671673006	s1-eth2	6554	6554
1787820135.671673006	s1-eth20	1402	4533
1787820135.671673006	s1-eth21	1492	4533
1787820135.671673006	s1-eth22	1492	4533
1787820135.671673006	s1-eth23	127697217	6300
1787820135.671673006	s1-eth24	1402	4533
1787820135.671673006	s1-eth25	1492	4533
1787820135.671673006	s1-eth26	1492	4443
1787820135.671673006	s1-eth27	127812438	6371
1787820135.671673006	s1-eth28	1492	4533
1787820135.671673006	s1-eth29	1402	4443
1787820135.671673006	s1-eth3	722343770	3770664
1787820135.671673006	s1-eth30	1492	4443
1787820135.671673006	s1-eth31	127960964	6370
1787820135.671673006	s1-eth32	1492	4443
1787820135.671673006	s1-eth33	1492	4443
1787820135.671673006	s1-eth34	1492	4443
1787820135.671673006	s1-eth4	1688	4729
1787820135.671673006	s1-eth5	1492	4443
1787820135.671673006	s1-eth6	1492	4533
1787820135.671673006	s1-eth7	128151757	6356
1787820135.671673006	s1-eth8	1492	4443
1787820135.671673006	s1-eth9	1402	4443
1787820135.671673006	s2-eth1	786996571	410270663
1787820135.671673006	s2-eth10	1402	4533
1787820135.671673006	s2-eth11	128235733	6508
1787820135.671673006	s2-eth12	1402	4533
1787820135.671673006	s2-eth13	1402	4533
1787820135.671673006	s2-eth14	1492	4533
1787820135.671673006	s2-eth15	128287223	6511
1787820135.671673006	s2-eth16	1492	4533
1787820135.671673006	s2-eth17	1492	4533
1787820135.671673006	s2-eth18	1492	4533
1787820135.671673006	s2-eth19	3234	431605798
1787820135.671673006	s2-eth2	6483	6581
1787820135.671673006	s2-eth20	1492	4533
1787820135.671673006	s2-eth21	1402	4443
1787820135.671673006	s2-eth22	1492	4533
1787820135.671673006	s2-eth23	3259	116872280
1787820135.671673006	s2-eth24	1402	4533
1787820135.671673006	s2-eth25	1492	4533
1787820135.671673006	s2-eth26	1402	4533
1787820135.671673006	s2-eth27	3240	117097183
1787820135.671673006	s2-eth28	1492	4533
1787820135.671673006	s2-eth29	1402	4533
1787820135.671673006	s2-eth3	25723765	6588
1787820135.671673006	s2-eth30	1402	4638
1787820135.671673006	s2-eth31	3329	117091415
1787820135.671673006	s2-eth32	1402	4443
1787820135.671673006	s2-eth33	1492	4533
1787820135.671673006	s2-eth34	1492	4443
1787820135.671673006	s2-eth4	1492	4533
1787820135.671673006	s2-eth5	1402	4533
1787820135.671673006	s2-eth6	1492	4443
1787820135.671673006	s2-eth7	128765805	6378
1787820135.671673006	s2-eth8	1492	4443
1787820135.671673006	s2-eth9	1402	4533
1787820135.671673006	s3-eth1	978049856	415944740
1787820135.671673006	s3-eth10	1402	4533
1787820135.671673006	s3-eth11	3089	114694942
1787820135.671673006	s3-eth12	1242	4443
1787820135.671673006	s3-eth13	1402	4533
1787820135.671673006	s3-eth14	1492	4443
1787820135.671673006	s3-eth15	3398	114514889
1787820135.671673006	s3-eth16	1402	4443
1787820135.671673006	s3-eth17	1402	4443
1787820135.671673006	s3-eth18	1242	4533
1787820135.671673006	s3-eth19	25806942	6401
1787820135.671673006	s3-eth2	6581	6581
1787820135.671673006	s3-eth20	1492	4423
1787820135.671673006	s3-eth21	1402	4423
1787820135.671673006	s3-eth22	1242	4443
1787820135.671673006	s3-eth23	129096628	6577
1787820135.671673006	s3-eth24	1242	4443
1787820135.671673006	s3-eth25	1492	4443
1787820135.671673006	s3-eth26	1242	4443
1787820135.671673006	s3-eth27	129152067	6275
1787820135.671673006	s3-eth28	1402	4533
1787820135.671673006	s3-eth29	1492	4463
1787820135.671673006	s3-eth3	3767337	632616858
1787820135.671673006	s3-eth30	1402	4603
1787820135.671673006	s3-eth31	129276057	6354
1787820135.671673006	s3-eth32	1242	4443
1787820135.671673006	s3-eth33	1402	4423
1787820135.671673006	s3-eth34	1492	4533
1787820135.671673006	s3-eth4	1402	4443
1787820135.671673006	s3-eth5	1492	4533
1787820135.671673006	s3-eth6	1492	4533
1787820135.671673006	s3-eth7	3315	115113350
1787820135.671673006	s3-eth8	1492	4302
1787820135.671673006	s3-eth9	1492	4533
1787820135.671673006	s4-eth1	818852325	22446
1787820135.671673006	s4-eth10	1492	4423
1787820135.671673006	s4-eth11	3467	126146432
1787820135.671673006	s4-eth12	1402	4443
1787820135.671673006	s4-eth13	1242	4423
1787820135.671673006	s4-eth14	1242	4443
1787820135.671673006	s4-eth15	3470	126171876
1787820135.671673006	s4-eth16	1242	4443
1787820135.671673006	s4-eth17	1402	4423
1787820135.671673006	s4-eth18	1242	4493
1787820135.671673006	s4-eth19	3380	25903733
1787820135.671673006	s4-eth2	6581	4754
1787820135.671673006	s4-eth20	1492	4443
1787820135.671673006	s4-eth21	1402	4443
1787820135.671673006	s4-eth22	1402	4423
1787820135.671673006	s4-eth23	3376	129636093
1787820135.671673006	s4-eth24	1402	4443
1787820135.671673006	s4-eth25	1402	4443
1787820135.671673006	s4-eth26	1242	4493
1787820135.671673006	s4-eth27	3074	129759216
1787820135.671673006	s4-eth28	1402	4533
1787820135.671673006	s4-eth29	1242	4443
1787820135.671673006	s4-eth3	3297	25335934
1787820135.671673006	s4-eth30	1242	4443
1787820135.671673006	s4-eth31	3380	129788104
1787820135.671673006	s4-eth32	1242	4443
1787820135.671673006	s4-eth33	1242	4493
1787820135.671673006	s4-eth34	1402	4423
1787820135.671673006	s4-eth4	1402	4423
1787820135.671673006	s4-eth5	1242	4423
1787820135.671673006	s4-eth6	1242	4533
1787820135.671673006	s4-eth7	3247	126784544
1787820135.671673006	s4-eth8	1242	4443
1787820135.671673006	s4-eth9	1242	4563
1787820135.671673006	s5-eth1	1911464388	3785476
1787820135.671673006	s5-eth2	417372513	800066859
1787820135.671673006	s5-eth3	3786145	1424924968
1787820135.671673006	s5-eth4	6665	4957
1787820135.671673006	s6-eth1	6581	6581
1787820135.671673006	s6-eth2	6581	6483
1787820135.671673006	s6-eth3	6581	4957
1787820135.671673006	s6-eth4	6790	6581
1787820135.671673006	s7-eth1	421565656	987369502
1787820135.671673006	s7-eth2	22446	825293739
1787820135.671673006	s7-eth3	1409508188	3784318
1787820135.671673006	s7-eth4	6567	6581
1787820135.671673006	s8-eth1	6581	6651
1787820135.671673006	s8-eth2	4754	6581
1787820135.671673006	s8-eth3	6581	4957
1787820135.671673006	s8-eth4	6665	6581
1787820135.671673006	s9-eth1	1428479498	3786145
1787820135.671673006	s9-eth2	4957	6581
1787820135.671673006	s9-eth3	3784318	1411799526
1787820135.671673006	s9-eth4	4957	6581
1787820143.395912629	s10-eth1	4984	6693
1787820143.395912629	s10-eth2	6608	6818
1787820143.395912629	s10-eth3	6608	6595
1787820143.395912629	s10-eth4	6608	6693
1787820143.395912629	s1-eth1	3785503	1936742675
1787820143.395912629	s1-eth10	1492	4533
1787820143.395912629	s1-eth11	132293020	6380
1787820143.395912629	s1-eth12	1402	4533
1787820143.395912629	s1-eth13	1402	4533
1787820143.395912629	s1-eth14	1492	4533
1787820143.395912629	s1-eth15	132378306	6459
1787820143.395912629	s1-eth16	1402	4553
1787820143.395912629	s1-eth17	1492	4533
1787820143.395912629	s1-eth18	1492	4443
1787820143.395912629	s1-eth19	530021059	6365
1787820143.395912629	s1-eth2	6608	6608
1787820143.395912629	s1-eth20	1402	4533
1787820143.395912629	s1-eth21	1492	4533
1787820143.395912629	s1-eth22	1492	4533
1787820143.395912629	s1-eth23	132682211	6300
1787820143.395912629	s1-eth24	1402	4533
1787820143.395912629	s1-eth25	1492	4533
1787820143.395912629	s1-eth26	1492	4443
1787820143.395912629	s1-eth27	132764266	6371
1787820143.395912629	s1-eth28	1492	4533
1787820143.395912629	s1-eth29	1402	4443
1787820143.395912629	s1-eth3	742120800	3770664
1787820143.395912629	s1-eth30	1492	4443
1787820143.395912629	s1-eth31	132920002	6370
1787820143.395912629	s1-eth32	1492	4443
1787820143.395912629	s1-eth33	1492	4443
1787820143.395912629	s1-eth34	1492	4443
1787820143.395912629	s1-eth4	1688	4729
1787820143.395912629	s1-eth5	1492	4443
1787820143.395912629	s1-eth6	1492	4533
1787820143.395912629	s1-eth7	133143961	6356
1787820143.395912629	s1-eth8	1492	4443
1787820143.395912629	s1-eth9	1402	4443
1787820143.395912629	s2-eth1	815359296	426485980
1787820143.395912629	s2-eth10	1402	4533
1787820143.395912629	s2-eth11	133311573	6508
1787820143.395912629	s2-eth12	1402	4533
1787820143.395912629	s2-eth13	1402	4533
1787820143.395912629	s2-eth14	1492	4533
1787820143.395912629	s2-eth15	133345759	6511
1787820143.395912629	s2-eth16	1492	4533
1787820143.395912629	s2-eth17	1492	4533
1787820143.395912629	s2-eth18	1492	4533
1787820143.395912629	s2-eth19	3234	447224100
1787820143.395912629	s2-eth2	6510	6608
1787820143.395912629	s2-eth20	1492	4533
1787820143.395912629	s2-eth21	1402	4443
1787820143.395912629	s2-eth22	1492	4533
1787820143.395912629	s2-eth23	3259	121139158
1787820143.395912629	s2-eth24	1402	4533
1787820143.395912629	s2-eth25	1492	4533
1787820143.395912629	s2-eth26	1402	4533
1787820143.395912629	s2-eth27	3240	121411647
1787820143.395912629	s2-eth28	1492	4533
1787820143.395912629	s2-eth29	1402	4533
1787820143.395912629	s2-eth3	26766331	6588
1787820143.395912629	s2-eth30	1402	4638
1787820143.395912629	s2-eth31	3329	121466443
1787820143.395912629	s2-eth32	1402	4443
1787820143.395912629	s2-eth33	1492	4533
1787820143.395912629	s2-eth34	1492	4443
1787820143.395912629	s2-eth4	1492	4533
1787820143.395912629	s2-eth5	1402	4533
1787820143.395912629	s2-eth6	1492	4443
1787820143.395912629	s2-eth7	134027663	6378
1787820143.395912629	s2-eth8	1492	4443
1787820143.395912629	s2-eth9	1402	4533
1787820143.395912629	s3-eth1	1006102551	432919991
1787820143.395912629	s3-eth10	1402	4533
1787820143.395912629	s3-eth11	3089	118945958
1787820143.395912629	s3-eth12	1242	4443
1787820143.395912629	s3-eth13	1402	4533
1787820143.395912629	s3-eth14	1492	4443
1787820143.395912629	s3-eth15	3398	118786093
1787820143.395912629	s3-eth16	1402	4443
1787820143.395912629	s3-eth17	1402	4443
1787820143.395912629	s3-eth18	1242	4533
1787820143.395912629	s3-eth19	26874022	6401
1787820143.395912629	s3-eth2	6678	6608
1787820143.395912629	s3-eth20	1492	4423
1787820143.395912629	s3-eth21	1402	4423
1787820143.395912629	s3-eth22	1242	4443
1787820143.395912629	s3-eth23	134483940	6577
1787820143.395912629	s3-eth24	1242	4443
1787820143.395912629	s3-eth25	1492	4443
1787820143.395912629	s3-eth26	1242	4443
1787820143.395912629	s3-eth27	134576871	6275
1787820143.395912629	s3-eth28	1402	4533
1787820143.395912629	s3-eth29	1492	4463
1787820143.395912629	s3-eth3	3767337	647701620
1787820143.395912629	s3-eth30	1402	4603
1787820143.395912629	s3-eth31	134738353	6354
1787820143.395912629	s3-eth32	1242	4443
1787820143.395912629	s3-eth33	1402	4423
1787820143.395912629	s3-eth34	1492	4533
1787820143.395912629	s3-eth4	1402	4513
1787820143.395912629	s3-eth5	1492	4533
1787820143.395912629	s3-eth6	1492	4533
1787820143.395912629	s3-eth7	3315	119462422
1787820143.395912629	s3-eth8	1492	4302
1787820143.395912629	s3-eth9	1492	4533
1787820143.395912629	s4-eth1	853303201	22500
1787820143.395912629	s4-eth10	1492	4423
1787820143.395912629	s4-eth11	3467	131375124
1787820143.395912629	s4-eth12	1402	4443
1787820143.395912629	s4-eth13	1242	4423
1787820143.395912629	s4-eth14	1242	4443
1787820143.395912629	s4-eth15	3470	131412104
1787820143.395912629	s4-eth16	1242	4443
1787820143.395912629	s4-eth17	1402	4423
1787820143.395912629	s4-eth18	1242	4493
1787820143.395912629	s4-eth19	3380	27018399
1787820143.395912629	s4-eth2	6635	4808
1787820143.395912629	s4-eth20	1492	4443
1787820143.395912629	s4-eth21	1402	4443
1787820143.395912629	s4-eth22	1402	4423
1787820143.395912629	s4-eth23	3376	135207981
1787820143.395912629	s4-eth24	1402	4443
1787820143.395912629	s4-eth25	1402	4443
1787820143.395912629	s4-eth26	1242	4493
1787820143.395912629	s4-eth27	3074	135318126
1787820143.395912629	s4-eth28	1402	4533
1787820143.395912629	s4-eth29	1312	4443
1787820143.395912629	s4-eth3	3297	26408782
1787820143.395912629	s4-eth30	1242	4443
1787820143.395912629	s4-eth31	3380	135468142
1787820143.395912629	s4-eth32	1242	4443
1787820143.395912629	s4-eth33	1242	4493
1787820143.395912629	s4-eth34	1402	4423
1787820143.395912629	s4-eth4	1402	4423
1787820143.395912629	s4-eth5	1242	4423
1787820143.395912629	s4-eth6	1242	4533
1787820143.395912629	s4-eth7	3247	132183392
1787820143.395912629	s4-eth8	1242	4443
1787820143.395912629	s4-eth9	1242	4563
1787820143.395912629	s5-eth1	1982175796	3785530
1787820143.395912629	s5-eth2	435339887	831646713
1787820143.395912629	s5-eth3	3786199	1474839852
1787820143.395912629	s5-eth4	6721	5011
1787820143.395912629	s6-eth1	6635	6635
1787820143.395912629	s6-eth2	6635	6537
1787820143.395912629	s6-eth3	6635	5011
1787820143.395912629	s6-eth4	6846	6635
1787820143.395912629	s7-eth1	439543124	1017253564
1787820143.395912629	s7-eth2	22500	860668937
1787820143.395912629	s7-eth3	1457854176	3784372
1787820143.395912629	s7-eth4	6623	6635
1787820143.395912629	s8-eth1	6635	6705
1787820143.395912629	s8-eth2	4808	6635
1787820143.395912629	s8-eth3	6635	5011
1787820143.395912629	s8-eth4	6721	6635
1787820143.395912629	s9-eth1	1477906986	3786199
1787820143.395912629	s9-eth2	5011	6635
1787820143.395912629	s9-eth3	3784372	1459521128
1787820143.395912629	s9-eth4	5011	6635
1787820152.115344928	s10-eth1	5038	6749
1787820152.115344928	s10-eth2	6662	6874
1787820152.115344928	s10-eth3	6662	6651
1787820152.115344928	s10-eth4	6662	6749
1787820152.115344928	s1-eth1	3785557	2007664615
1787820152.115344928	s1-eth10	1492	4533
1787820152.115344928	s1-eth11	137991804	6380
1787820152.115344928	s1-eth12	1402	4533
1787820152.115344928	s1-eth13	1402	4533
1787820152.115344928	s1-eth14	1492	4533
1787820152.115344928	s1-eth15	138061228	6459
1787820152.115344928	s1-eth16	1402	4553
1787820152.115344928	s1-eth17	1492	4533
1787820152.115344928	s1-eth18	1492	4443
1787820152.115344928	s1-eth19	552509049	6365
1787820152.115344928	s1-eth2	6662	6662
1787820152.115344928	s1-eth20	1402	4533
1787820152.115344928	s1-eth21	1492	4533
1787820152.115344928	s1-eth22	1492	4533
1787820152.115344928	s1-eth23	138249773	6300
1787820152.115344928	s1-eth24	1402	4533
1787820152.115344928	s1-eth25	1492	4533
1787820152.115344928	s1-eth26	1492	4443
1787820152.115344928	s1-eth27	138359226	6371
1787820152.115344928	s1-eth28	1492	4533
1787820152.115344928	s1-eth29	1402	4443
1787820152.115344928	s1-eth3	764522270	3770664
1787820152.115344928	s1-eth30	1492	4443
1787820152.115344928	s1-eth31	138487564	6370
1787820152.115344928	s1-eth32	1492	4443
1787820152.115344928	s1-eth33	1492	4443
1787820152.115344928	s1-eth34	1492	4443
1787820152.115344928	s1-eth4	1688	4729
1787820152.115344928	s1-eth5	1492	4443
1787820152.115344928	s1-eth6	1492	4533
1787820152.115344928	s1-eth7	138678357	6356
1787820152.115344928	s1-eth8	1492	4443
1787820152.115344928	s1-eth9	1402	4443
1787820152.115344928	s2-eth1	848297514	444189468
1787820152.115344928	s2-eth10	1472	4533
1787820152.115344928	s2-eth11	138851737	6508
1787820152.115344928	s2-eth12	1402	4533
1787820152.115344928	s2-eth13	1402	4533
1787820152.115344928	s2-eth14	1492	4533
1787820152.115344928	s2-eth15	138930625	6511
1787820152.115344928	s2-eth16	1492	4533
1787820152.115344928	s2-eth17	1492	4533
1787820152.115344928	s2-eth18	1492	4533
1787820152.115344928	s2-eth19	3234	464617504
1787820152.115344928	s2-eth2	6564	6662
1787820152.115344928	s2-eth20	1492	4533
1787820152.115344928	s2-eth21	1402	4443
1787820152.115344928	s2-eth22	1492	4533
1787820152.115344928	s2-eth23	3329	125834310
1787820152.115344928	s2-eth24	1402	4533
1787820152.115344928	s2-eth25	1492	4533
1787820152.115344928	s2-eth26	1402	4533
1787820152.115344928	s2-eth27	3240	125994323
1787820152.115344928	s2-eth28	1492	4533
1787820152.115344928	s2-eth29	1402	4533
1787820152.115344928	s2-eth3	27823317	6588
1787820152.115344928	s2-eth30	1402	4638
1787820152.115344928	s2-eth31	3329	126064981
1787820152.115344928	s2-eth32	1402	4443
1787820152.115344928	s2-eth33	1492	4533
1787820152.115344928	s2-eth34	1492	4443
1787820152.115344928	s2-eth4	1492	4533
1787820152.115344928	s2-eth5	1402	4533
1787820152.115344928	s2-eth6	1492	4443
1787820152.115344928	s2-eth7	139335665	6378
1787820152.115344928	s2-eth8	1492	4443
1787820152.115344928	s2-eth9	1402	4533
1787820152.115344928	s3-eth1	1034478281	449805865
1787820152.115344928	s3-eth10	1472	4533
1787820152.115344928	s3-eth11	3089	123195532
1787820152.115344928	s3-eth12	1242	4443
1787820152.115344928	s3-eth13	1402	4533
1787820152.115344928	s3-eth14	1492	4443
1787820152.115344928	s3-eth15	3398	123044319
1787820152.115344928	s3-eth16	1402	4443
1787820152.115344928	s3-eth17	1402	4443
1787820152.115344928	s3-eth18	1242	4533
1787820152.115344928	s3-eth19	27951196	6401
1787820152.115344928	s3-eth2	6732	6662
1787820152.115344928	s3-eth20	1492	4423
1787820152.115344928	s3-eth21	1402	4423
1787820152.115344928	s3-eth22	1242	4443
1787820152.115344928	s3-eth23	139875578	6577
1787820152.115344928	s3-eth24	1242	4443
1787820152.115344928	s3-eth25	1492	4443
1787820152.115344928	s3-eth26	1242	4443
1787820152.115344928	s3-eth27	139954089	6275
1787820152.115344928	s3-eth28	1402	4533
1787820152.115344928	s3-eth29	1492	4463
1787820152.115344928	s3-eth3	3767337	663399232
1787820152.115344928	s3-eth30	1402	4603
1787820152.115344928	s3-eth31	140148737	6354
1787820152.115344928	s3-eth32	1242	4443
1787820152.115344928	s3-eth33	1402	4423
1787820152.115344928	s3-eth34	1492	4533
1787820152.115344928	s3-eth4	1402	4513
1787820152.115344928	s3-eth5	1492	4533
1787820152.115344928	s3-eth6	1492	4533
1787820152.115344928	s3-eth7	3315	123861964
1787820152.115344928	s3-eth8	1492	4302
1787820152.115344928	s3-eth9	1492	4533
1787820152.115344928	s4-eth1	887040260	22527
1787820152.115344928	s4-eth10	1492	4423
1787820152.115344928	s4-eth11	3467	136497108
1787820152.115344928	s4-eth12	1402	4443
1787820152.115344928	s4-eth13	1242	4423
1787820152.115344928	s4-eth14	1242	4443
1787820152.115344928	s4-eth15	3470	136547066
1787820152.115344928	s4-eth16	1242	4443
1787820152.115344928	s4-eth17	1402	4423
1787820152.115344928	s4-eth18	1242	4563
1787820152.115344928	s4-eth19	3380	28114319
1787820152.115344928	s4-eth2	6662	4835
1787820152.115344928	s4-eth20	1492	4513
1787820152.115344928	s4-eth21	1402	4443
1787820152.115344928	s4-eth22	1472	4423
1787820152.115344928	s4-eth23	3376	140706327
1787820152.115344928	s4-eth24	1402	4443
1787820152.115344928	s4-eth25	1402	4443
1787820152.115344928	s4-eth26	1242	4493
1787820152.115344928	s4-eth27	3074	140737162
1787820152.115344928	s4-eth28	1402	4603
1787820152.115344928	s4-eth29	1312	4443
1787820152.115344928	s4-eth3	3297	27436928
1787820152.115344928	s4-eth30	1242	4443
1787820152.115344928	s4-eth31	3380	140849686
1787820152.115344928	s4-eth32	1242	4443
1787820152.115344928	s4-eth33	1312	4493
1787820152.115344928	s4-eth34	1402	4423
1787820152.115344928	s4-eth4	1402	4423
1787820152.115344928	s4-eth5	1242	4423
1787820152.115344928	s4-eth6	1242	4533
1787820152.115344928	s4-eth7	3247	137318354
1787820152.115344928	s4-eth8	1242	4443
1787820152.115344928	s4-eth9	1242	4563
1787820152.115344928	s5-eth1	2049903706	3785654
1787820152.115344928	s5-eth2	452736229	862188327
1787820152.115344928	s5-eth3	3786253	1522327850
1787820152.115344928	s5-eth4	6777	5065
1787820152.115344928	s6-eth1	6689	6759
1787820152.115344928	s6-eth2	6689	6591
1787820152.115344928	s6-eth3	6689	5135
1787820152.115344928	s6-eth4	6902	6689
1787820152.115344928	s7-eth1	456948118	1045496630
1787820152.115344928	s7-eth2	22554	894620881
1787820152.115344928	s7-eth3	1503352214	3784426
1787820152.115344928	s7-eth4	6679	6689
1787820152.115344928	s8-eth1	6689	6759
1787820152.115344928	s8-eth2	4862	6689
1787820152.115344928	s8-eth3	6689	5065
1787820152.115344928	s8-eth4	6777	6689
1787820152.115344928	s9-eth1	1524933544	3786253
1787820152.115344928	s9-eth2	5135	6689
1787820152.115344928	s9-eth3	3784426	1505029260
1787820152.115344928	s9-eth4	5065	6689
1787820160.615217596	s10-eth1	5065	6777
1787820160.615217596	s10-eth2	6689	6902
1787820160.615217596	s10-eth3	6689	6679
1787820160.615217596	s10-eth4	6689	6777
1787820160.615217596	s1-eth1	3785654	2075365100
1787820160.615217596	s1-eth10	1492	4533
1787820160.615217596	s1-eth11	143390652	6380
1787820160.615217596	s1-eth12	1402	4533
1787820160.615217596	s1-eth13	1402	4533
1787820160.615217596	s1-eth14	1492	4533
1787820160.615217596	s1-eth15	143445656	6459
1787820160.615217596	s1-eth16	1402	4553
1787820160.615217596	s1-eth17	1562	4533
1787820160.615217596	s1-eth18	1492	4443
1787820160.615217596	s1-eth19	574195287	6365
1787820160.615217596	s1-eth2	6759	6689
1787820160.615217596	s1-eth20	1402	4533
1787820160.615217596	s1-eth21	1492	4533
1787820160.615217596	s1-eth22	1492	4533
1787820160.615217596	s1-eth23	143665925	6300
1787820160.615217596	s1-eth24	1402	4603
1787820160.615217596	s1-eth25	1492	4533
1787820160.615217596	s1-eth26	1492	4443
1787820160.615217596	s1-eth27	143746538	6371
1787820160.615217596	s1-eth28	1492	4533
1787820160.615217596	s1-eth29	1402	4443
1787820160.615217596	s1-eth3	786016722	3770664
1787820160.615217596	s1-eth30	1492	4443
1787820160.615217596	s1-eth31	143880644	6370
1787820160.615217596	s1-eth32	1492	4443
1787820160.615217596	s1-eth33	1492	4443
1787820160.615217596	s1-eth34	1492	4443
1787820160.615217596	s1-eth4	1688	4729
1787820160.615217596	s1-eth5	1492	4443
1787820160.615217596	s1-eth6	1492	4533
1787820160.615217596	s1-eth7	144088741	6356
1787820160.615217596	s1-eth8	1492	4443
1787820160.615217596	s1-eth9	1402	4443
1787820160.615217596	s2-eth1	878181576	461401234
1787820160.615217596	s2-eth10	1472	4533
1787820160.615217596	s2-eth11	144239049	6508
1787820160.615217596	s2-eth12	1402	4533
1787820160.615217596	s2-eth13	1402	4533
1787820160.615217596	s2-eth14	1492	4533
1787820160.615217596	s2-eth15	144401573	6511
1787820160.615217596	s2-eth16	1492	4533
1787820160.615217596	s2-eth17	1492	4533
1787820160.615217596	s2-eth18	1492	4533
1787820160.615217596	s2-eth19	3234	480782324
1787820160.615217596	s2-eth2	6618	6716
1787820160.615217596	s2-eth20	1492	4533
1787820160.615217596	s2-eth21	1402	4443
1787820160.615217596	s2-eth22	1492	4603
1787820160.615217596	s2-eth23	3329	130517926
1787820160.615217596	s2-eth24	1402	4533
1787820160.615217596	s2-eth25	1492	4533
1787820160.615217596	s2-eth26	1402	4533
1787820160.615217596	s2-eth27	3240	130718315
1787820160.615217596	s2-eth28	1492	4533
1787820160.615217596	s2-eth29	1402	4533
1787820160.615217596	s2-eth3	28952403	6588
1787820160.615217596	s2-eth30	1402	4638
1787820160.615217596	s2-eth31	3329	130739945
1787820160.615217596	s2-eth32	1402	4443
1787820160.615217596	s2-eth33	1492	4533
1787820160.615217596	s2-eth34	1492	4443
1787820160.615217596	s2-eth4	1492	4533
1787820160.615217596	s2-eth5	1402	4533
1787820160.615217596	s2-eth6	1492	4443
1787820160.615217596	s2-eth7	144965233	6378
1787820160.615217596	s2-eth8	1492	4443
1787820160.615217596	s2-eth9	1402	4533
1787820160.615217596	s3-eth1	1064053755	467877063
1787820160.615217596	s3-eth10	1472	4533
1787820160.615217596	s3-eth11	3089	127804164
1787820160.615217596	s3-eth12	1242	4443
1787820160.615217596	s3-eth13	1402	4533
1787820160.615217596	s3-eth14	1492	4443
1787820160.615217596	s3-eth15	3398	127668813
1787820160.615217596	s3-eth16	1402	4443
1787820160.615217596	s3-eth17	1402	4443
1787820160.615217596	s3-eth18	1242	4533
1787820160.615217596	s3-eth19	29073072	6401
1787820160.615217596	s3-eth2	6786	6716
1787820160.615217596	s3-eth20	1492	4423
1787820160.615217596	s3-eth21	1402	4423
1787820160.615217596	s3-eth22	1242	4443
1787820160.615217596	s3-eth23	145480632	6577
1787820160.615217596	s3-eth24	1242	4443
1787820160.615217596	s3-eth25	1492	4443
1787820160.615217596	s3-eth26	1242	4443
1787820160.615217596	s3-eth27	145537513	6275
1787820160.615217596	s3-eth28	1402	4533
1787820160.615217596	s3-eth29	1492	4463
1787820160.615217596	s3-eth3	3767337	679125684
1787820160.615217596	s3-eth30	1402	4603
1787820160.615217596	s3-eth31	145616801	6354
1787820160.615217596	s3-eth32	1312	4443
1787820160.615217596	s3-eth33	1402	4423
1787820160.615217596	s3-eth34	1562	4533
1787820160.615217596	s3-eth4	1402	4513
1787820160.615217596	s3-eth5	1492	4533
1787820160.615217596	s3-eth6	1492	4533
1787820160.615217596	s3-eth7	3315	128296114
1787820160.615217596	s3-eth8	1492	4302
1787820160.615217596	s3-eth9	1492	4533
1787820160.615217596	s4-eth1	920986436	22581
1787820160.615217596	s4-eth10	1492	4423
1787820160.615217596	s4-eth11	3467	141666678
1787820160.615217596	s4-eth12	1402	4443
1787820160.615217596	s4-eth13	1242	4423
1787820160.615217596	s4-eth14	1242	4443
1787820160.615217596	s4-eth15	3470	141671934
1787820160.615217596	s4-eth16	1242	4443
1787820160.615217596	s4-eth17	1402	4423
1787820160.615217596	s4-eth18	1242	4563
1787820160.615217596	s4-eth19	3380	29142465
1787820160.615217596	s4-eth2	6716	4889
1787820160.615217596	s4-eth20	1492	4513
1787820160.615217596	s4-eth21	1402	4443
1787820160.615217596	s4-eth22	1472	4423
1787820160.615217596	s4-eth23	3376	145803797
1787820160.615217596	s4-eth24	1402	4443
1787820160.615217596	s4-eth25	1402	4443
1787820160.615217596	s4-eth26	1242	4493
1787820160.615217596	s4-eth27	3074	145900964
1787820160.615217596	s4-eth28	1402	4603
1787820160.615217596	s4-eth29	1312	4443
1787820160.615217596	s4-eth3	3297	28433350
1787820160.615217596	s4-eth30	1312	4443
1787820160.615217596	s4-eth31	3380	145993300
1787820160.615217596	s4-eth32	1242	4443
1787820160.615217596	s4-eth33	1312	4493
1787820160.615217596	s4-eth34	1402	4423
1787820160.615217596	s4-eth4	1402	4493
1787820160.615217596	s4-eth5	1242	4423
1787820160.615217596	s4-eth6	1242	4533
1787820160.615217596	s4-eth7	3247	142286044
1787820160.615217596	s4-eth8	1242	4443
1787820160.615217596	s4-eth9	1242	4563
1787820160.615217596	s5-eth1	2117656103	3785681
1787820160.615217596	s5-eth2	469100072	893528782
1787820160.615217596	s5-eth3	3786280	1569305353
1787820160.615217596	s5-eth4	6805	5092
1787820160.615217596	s6-eth1	6716	6786
1787820160.615217596	s6-eth2	6716	6618
1787820160.615217596	s6-eth3	6716	5162
1787820160.615217596	s6-eth4	6930	6716
1787820160.615217596	s7-eth1	473310589	1074935087
1787820160.615217596	s7-eth2	22581	926917382
1787820160.615217596	s7-eth3	1549548153	3784453
1787820160.615217596	s7-eth4	6707	6716
1787820160.615217596	s8-eth1	6716	6786
1787820160.615217596	s8-eth2	4889	6716
1787820160.615217596	s8-eth3	6716	5092
1787820160.615217596	s8-eth4	6805	6716
1787820160.615217596	s9-eth1	1571713493	3786280
1787820160.615217596	s9-eth2	5162	6716
1787820160.615217596	s9-eth3	3784453	1550351347
1787820160.615217596	s9-eth4	5092	6716
1787820168.353240976	s10-eth1	5119	6833
1787820168.353240976	s10-eth2	6743	6958
1787820168.353240976	s10-eth3	6743	6735
1787820168.353240976	s10-eth4	6743	6833
1787820168.353240976	s1-eth1	3785708	2142012952
1787820168.353240976	s1-eth10	1492	4533
1787820168.353240976	s1-eth11	148349690	6380
1787820168.353240976	s1-eth12	1402	4533
1787820168.353240976	s1-eth13	1402	4533
1787820168.353240976	s1-eth14	1492	4533
1787820168.353240976	s1-eth15	148413416	6459
1787820168.353240976	s1-eth16	1402	4553
1787820168.353240976	s1-eth17	1562	4533
1787820168.353240976	s1-eth18	1492	4443
1787820168.353240976	s1-eth19	594021345	6365
1787820168.353240976	s1-eth2	6813	6743
1787820168.353240976	s1-eth20	1402	4533
1787820168.353240976	s1-eth21	1492	4533
1787820168.353240976	s1-eth22	1492	4533
1787820168.353240976	s1-eth23	148610543	6300
1787820168.353240976	s1-eth24	1402	4603
1787820168.353240976	s1-eth25	1492	4533
1787820168.353240976	s1-eth26	1492	4443
1787820168.353240976	s1-eth27	148688272	6441
1787820168.353240976	s1-eth28	1492	4533
1787820168.353240976	s1-eth29	1402	4443
1787820168.353240976	s1-eth3	805815382	3770664
1787820168.353240976	s1-eth30	1492	4443
1787820168.353240976	s1-eth31	148807958	6370
1787820168.353240976	s1-eth32	1492	4443
1787820168.353240976	s1-eth33	1492	4443
1787820168.353240976	s1-eth34	1492	4443
1787820168.353240976	s1-eth4	1688	4729
1787820168.353240976	s1-eth5	1492	4443
1787820168.353240976	s1-eth6	1562	4533
1787820168.353240976	s1-eth7	148990099	6356
1787820168.353240976	s1-eth8	1492	4443
1787820168.353240976	s1-eth9	1402	4443
1787820168.353240976	s2-eth1	910453563	477072917
1787820168.353240976	s2-eth10	1472	4603
1787820168.353240976	s2-eth11	149133197	6508
1787820168.353240976	s2-eth12	1402	4533
1787820168.353240976	s2-eth13	1402	4533
1787820168.353240976	s2-eth14	1492	4533
1787820168.353240976	s2-eth15	149225063	6511
1787820168.353240976	s2-eth16	1492	4533
1787820168.353240976	s2-eth17	1492	4533
1787820168.353240976	s2-eth18	1492	4533
1787820168.353240976	s2-eth19	3234	499205316
1787820168.353240976	s2-eth2	6645	6743
1787820168.353240976	s2-eth20	1492	4533
1787820168.353240976	s2-eth21	1472	4443
1787820168.353240976	s2-eth22	1492	4603
1787820168.353240976	s2-eth23	3329	135226056
1787820168.353240976	s2-eth24	1402	4533
1787820168.353240976	s2-eth25	1492	4533
1787820168.353240976	s2-eth26	1402	4533
1787820168.353240976	s2-eth27	3240	135456727
1787820168.353240976	s2-eth28	1492	4533
1787820168.353240976	s2-eth29	1402	4533
1787820168.353240976	s2-eth3	29937289	6588
1787820168.353240976	s2-eth30	1402	4638
1787820168.353240976	s2-eth31	3329	135419235
1787820168.353240976	s2-eth32	1402	4443
1787820168.353240976	s2-eth33	1562	4533
1787820168.353240976	s2-eth34	1492	4443
1787820168.353240976	s2-eth4	1492	4533
1787820168.353240976	s2-eth5	1402	4533
1787820168.353240976	s2-eth6	1492	4443
1787820168.353240976	s2-eth7	149931481	6448
1787820168.353240976	s2-eth8	1492	4513
1787820168.353240976	s2-eth9	1402	4533
1787820168.353240976	s3-eth1	1095026500	483889128
1787820168.353240976	s3-eth10	1472	4533
1787820168.353240976	s3-eth11	3089	132365210
1787820168.353240976	s3-eth12	1242	4443
1787820168.353240976	s3-eth13	1402	4533
1787820168.353240976	s3-eth14	1562	4443
1787820168.353240976	s3-eth15	3398	132167853
1787820168.353240976	s3-eth16	1402	4443
1787820168.353240976	s3-eth17	1402	4443
1787820168.353240976	s3-eth18	1242	4533
1787820168.353240976	s3-eth19	30056516	6401
1787820168.353240976	s3-eth2	6813	6743
1787820168.353240976	s3-eth20	1492	4423
1787820168.353240976	s3-eth21	1402	4423
1787820168.353240976	s3-eth22	1242	4443
1787820168.353240976	s3-eth23	150377664	6577
1787820168.353240976	s3-eth24	1242	4443
1787820168.353240976	s3-eth25	1492	4443
1787820168.353240976	s3-eth26	1242	4443
1787820168.353240976	s3-eth27	150437429	6275
1787820168.353240976	s3-eth28	1402	4533
1787820168.353240976	s3-eth29	1492	4463
1787820168.353240976	s3-eth3	3767337	695779342
1787820168.353240976	s3-eth30	1402	4603
1787820168.353240976	s3-eth31	150564303	6354
1787820168.353240976	s3-eth32	1312	4443
1787820168.353240976	s3-eth33	1402	4423
1787820168.353240976	s3-eth34	1562	4533
1787820168.353240976	s3-eth4	1402	4513
1787820168.353240976	s3-eth5	1492	4533
1787820168.353240976	s3-eth6	1492	4533
1787820168.353240976	s3-eth7	3315	132852834
1787820168.353240976	s3-eth8	1492	4302
1787820168.353240976	s3-eth9	1492	4533
1787820168.353240976	s4-eth1	952370178	22635
1787820168.353240976	s4-eth10	1492	4423
1787820168.353240976	s4-eth11	3467	146472934
1787820168.353240976	s4-eth12	1402	4513
1787820168.353240976	s4-eth13	1242	4423
1787820168.353240976	s4-eth14	1242	4443
1787820168.353240976	s4-eth15	3470	146491098
1787820168.353240976	s4-eth16	1312	4443
1787820168.353240976	s4-eth17	1402	4493
1787820168.353240976	s4-eth18	1242	4563
1787820168.353240976	s4-eth19	3380	30150423
1787820168.353240976	s4-eth2	6770	4943
1787820168.353240976	s4-eth20	1492	4513
1787820168.353240976	s4-eth21	1402	4443
1787820168.353240976	s4-eth22	1472	4423
1787820168.353240976	s4-eth23	3376	150846471
1787820168.353240976	s4-eth24	1402	4443
1787820168.353240976	s4-eth25	1402	4443
1787820168.353240976	s4-eth26	1242	4493
1787820168.353240976	s4-eth27	3074	150959500
1787820168.353240976	s4-eth28	1402	4603
1787820168.353240976	s4-eth29	1312	4443
1787820168.353240976	s4-eth3	3297	29421190
1787820168.353240976	s4-eth30	1312	4443
1787820168.353240976	s4-eth31	3380	151076350
1787820168.353240976	s4-eth32	1242	4443
1787820168.353240976	s4-eth33	1312	4493
1787820168.353240976	s4-eth34	1402	4493
1787820168.353240976	s4-eth4	1402	4493
1787820168.353240976	s4-eth5	1312	4423
1787820168.353240976	s4-eth6	1312	4533
1787820168.353240976	s4-eth7	3247	147187402
1787820168.353240976	s4-eth8	1242	4443
1787820168.353240976	s4-eth9	1242	4563
1787820168.353240976	s5-eth1	2186430905	3785735
1787820168.353240976	s5-eth2	485238990	925780608
1787820168.353240976	s5-eth3	3786404	1617201437
1787820168.353240976	s5-eth4	6861	5216
1787820168.353240976	s6-eth1	6770	6840
1787820168.353240976	s6-eth2	6770	6672
1787820168.353240976	s6-eth3	6770	5216
1787820168.353240976	s6-eth4	6986	6770
1787820168.353240976	s7-eth1	489463927	1105757891
1787820168.353240976	s7-eth2	22635	958706326
1787820168.353240976	s7-eth3	1596632391	3784507
1787820168.353240976	s7-eth4	6833	6770
1787820168.353240976	s8-eth1	6770	6840
1787820168.353240976	s8-eth2	4943	6770
1787820168.353240976	s8-eth3	6770	5146
1787820168.353240976	s8-eth4	6861	6770
1787820168.353240976	s9-eth1	1620618977	3786404
1787820168.353240976	s9-eth2	5216	6770
1787820168.353240976	s9-eth3	3784507	1598916519
1787820168.353240976	s9-eth4	5146	6770
1787820176.449098704	s10-eth1	5216	6861
1787820176.449098704	s10-eth2	6770	6986
1787820176.449098704	s10-eth3	6770	6833
1787820176.449098704	s10-eth4	6770	6861
1787820176.449098704	s1-eth1	3785735	2212329225
1787820176.449098704	s1-eth10	1492	4533
1787820176.449098704	s1-eth11	153483210	6380
1787820176.449098704	s1-eth12	1402	4533
1787820176.449098704	s1-eth13	1402	4533
1787820176.449098704	s1-eth14	1492	4533
1787820176.449098704	s1-eth15	153575776	6459
1787820176.449098704	s1-eth16	1402	4553
1787820176.449098704	s1-eth17	1562	4533
1787820176.449098704	s1-eth18	1492	4443
1787820176.449098704	s1-eth19	614701067	6365
1787820176.449098704	s1-eth2	6840	6770
1787820176.449098704	s1-eth20	1402	4533
1787820176.449098704	s1-eth21	1492	4533
1787820176.449098704	s1-eth22	1492	4533
1787820176.449098704	s1-eth23	153736853	6300
1787820176.449098704	s1-eth24	1402	4603
1787820176.449098704	s1-eth25	1492	4533
1787820176.449098704	s1-eth26	1492	4443
1787820176.449098704	s1-eth27	153834770	6441
1787820176.449098704	s1-eth28	1492	4533
1787820176.449098704	s1-eth29	1402	4443
1787820176.449098704	s1-eth3	826360998	3770664
1787820176.449098704	s1-eth30	1492	4443
1787820176.449098704	s1-eth31	153937152	6370
1787820176.449098704	s1-eth32	1492	4443
1787820176.449098704	s1-eth33	1492	4443
1787820176.449098704	s1-eth34	1492	4443
1787820176.449098704	s1-eth4	1758	4799
1787820176.449098704	s1-eth5	1492	4443
1787820176.449098704	s1-eth6	1562	4533
1787820176.449098704	s1-eth7	154060171	6356
1787820176.449098704	s1-eth8	1492	4443
1787820176.449098704	s1-eth9	1402	4443
1787820176.449098704	s2-eth1	942369403	493126757
1787820176.449098704	s2-eth10	1472	4603
1787820176.449098704	s2-eth11	154126843	6508
1787820176.449098704	s2-eth12	1402	4533
1787820176.449098704	s2-eth13	1402	4533
1787820176.449098704	s2-eth14	1492	4533
1787820176.449098704	s2-eth15	154175519	6511
1787820176.449098704	s2-eth16	1492	4533
1787820176.449098704	s2-eth17	1492	4533
1787820176.449098704	s2-eth18	1492	4533
1787820176.449098704	s2-eth19	3234	516483360
1787820176.449098704	s2-eth2	6699	6797
1787820176.449098704	s2-eth20	1492	4533
1787820176.449098704	s2-eth21	1472	4443
1787820176.449098704	s2-eth22	1492	4603
1787820176.449098704	s2-eth23	3329	139717886
1787820176.449098704	s2-eth24	1402	4533
1787820176.449098704	s2-eth25	1492	4533
1787820176.449098704	s2-eth26	1402	4533
1787820176.449098704	s2-eth27	3240	139906739
1787820176.449098704	s2-eth28	1492	4533
1787820176.449098704	s2-eth29	1402	4533
1787820176.449098704	s2-eth3	30891893	6588
1787820176.449098704	s2-eth30	1402	4638
1787820176.449098704	s2-eth31	3399	139928369
1787820176.449098704	s2-eth32	1402	4443
1787820176.449098704	s2-eth33	1562	4533
1787820176.449098704	s2-eth34	1492	4443
1787820176.449098704	s2-eth4	1492	4533
1787820176.449098704	s2-eth5	1402	4533
1787820176.449098704	s2-eth6	1492	4443
1787820176.449098704	s2-eth7	154626633	6448
1787820176.449098704	s2-eth8	1492	4513
1787820176.449098704	s2-eth9	1402	4533
1787820176.449098704	s3-eth1	1124802412	498776390
1787820176.449098704	s3-eth10	1472	4533
1787820176.449098704	s3-eth11	3089	136773404
1787820176.449098704	s3-eth12	1242	4443
1787820176.449098704	s3-eth13	1402	4533
1787820176.449098704	s3-eth14	1562	4443
1787820176.449098704	s3-eth15	3398	136542951
1787820176.449098704	s3-eth16	1402	4443
1787820176.449098704	s3-eth17	1402	4443
1787820176.449098704	s3-eth18	1242	4533
1787820176.449098704	s3-eth19	30990932	6401
1787820176.449098704	s3-eth2	6867	6797
1787820176.449098704	s3-eth20	1492	4423
1787820176.449098704	s3-eth21	1402	4423
1787820176.449098704	s3-eth22	1242	4443
1787820176.449098704	s3-eth23	155100284	6577
1787820176.449098704	s3-eth24	1242	4443
1787820176.449098704	s3-eth25	1492	4443
1787820176.449098704	s3-eth26	1242	4443
1787820176.449098704	s3-eth27	155209007	6275
1787820176.449098704	s3-eth28	1402	4603
1787820176.449098704	s3-eth29	1492	4463
1787820176.449098704	s3-eth3	3767337	713342902
1787820176.449098704	s3-eth30	1402	4603
1787820176.449098704	s3-eth31	155275317	6354
1787820176.449098704	s3-eth32	1312	4443
1787820176.449098704	s3-eth33	1402	4423
1787820176.449098704	s3-eth34	1562	4533
1787820176.449098704	s3-eth4	1402	4513
1787820176.449098704	s3-eth5	1492	4533
1787820176.449098704	s3-eth6	1562	4533
1787820176.449098704	s3-eth7	3315	137312940
1787820176.449098704	s3-eth8	1492	4302
1787820176.449098704	s3-eth9	1492	4533
1787820176.449098704	s4-eth1	981606755	22662
1787820176.449098704	s4-eth10	1492	4423
1787820176.449098704	s4-eth11	3467	150967648
1787820176.449098704	s4-eth12	1402	4513
1787820176.449098704	s4-eth13	1312	4423
1787820176.449098704	s4-eth14	1242	4443
1787820176.449098704	s4-eth15	3470	150995906
1787820176.449098704	s4-eth16	1312	4443
1787820176.449098704	s4-eth17	1402	4493
1787820176.449098704	s4-eth18	1242	4563
1787820176.449098704	s4-eth19	3380	31076187
1787820176.449098704	s4-eth2	6797	4970
1787820176.449098704	s4-eth20	1492	4513
1787820176.449098704	s4-eth21	1402	4513
1787820176.449098704	s4-eth22	1472	4423
1787820176.449098704	s4-eth23	3376	155512783
1787820176.449098704	s4-eth24	1402	4443
1787820176.449098704	s4-eth25	1402	4443
1787820176.449098704	s4-eth26	1242	4493
1787820176.449098704	s4-eth27	3074	155596972
1787820176.449098704	s4-eth28	1402	4603
1787820176.449098704	s4-eth29	1312	4443
1787820176.449098704	s4-eth3	3297	30336860
1787820176.449098704	s4-eth30	1312	4443
1787820176.449098704	s4-eth31	3380	155692192
1787820176.449098704	s4-eth32	1312	4443
1787820176.449098704	s4-eth33	1312	4493
1787820176.449098704	s4-eth34	1402	4493
1787820176.449098704	s4-eth4	1402	4493
1787820176.449098704	s4-eth5	1312	4423
1787820176.449098704	s4-eth6	1312	4533
1787820176.449098704	s4-eth7	3247	151719608
1787820176.449098704	s4-eth8	1242	4443
1787820176.449098704	s4-eth9	1242	4563
1787820176.449098704	s5-eth1	2250794602	3785762
1787820176.449098704	s5-eth2	500150739	957432535
1787820176.449098704	s5-eth3	3786431	1663532924
1787820176.449098704	s5-eth4	6889	5243
1787820176.449098704	s6-eth1	6797	6867
1787820176.449098704	s6-eth2	6797	6699
1787820176.449098704	s6-eth3	6797	5243
1787820176.449098704	s6-eth4	7014	6797
1787820176.449098704	s7-eth1	504356930	1136494148
1787820176.449098704	s7-eth2	22662	988219767
1787820176.449098704	s7-eth3	1642400056	3784534
1787820176.449098704	s7-eth4	6861	6797
1787820176.449098704	s8-eth1	6797	6867
1787820176.449098704	s8-eth2	4970	6797
1787820176.449098704	s8-eth3	6797	5173
1787820176.449098704	s8-eth4	6889	6797
1787820176.449098704	s9-eth1	1666088148	3786431
1787820176.449098704	s9-eth2	5243	6797
1787820176.449098704	s9-eth3	3784534	1643860802
1787820176.449098704	s9-eth4	5173	6797
1787820183.508988627	s10-eth1	5270	6917
1787820183.508988627	s10-eth2	6894	7042
1787820183.508988627	s10-eth3	6824	6889
1787820183.508988627	s10-eth4	6824	6917
1787820183.508988627	s1-eth1	3785789	2275950319
1787820183.508988627	s1-eth10	1492	4603
1787820183.508988627	s1-eth11	158163942	6380
1787820183.508988627	s1-eth12	1402	4533
1787820183.508988627	s1-eth13	1402	4533
1787820183.508988627	s1-eth14	1562	4533
1787820183.508988627	s1-eth15	158270928	6459
1787820183.508988627	s1-eth16	1402	4553
1787820183.508988627	s1-eth17	1562	4533
1787820183.508988627	s1-eth18	1492	4443
1787820183.508988627	s1-eth19	633513399	6435
1787820183.508988627	s1-eth2	6894	6824
1787820183.508988627	s1-eth20	1402	4533
1787820183.508988627	s1-eth21	1492	4533
1787820183.508988627	s1-eth22	1492	4533
1787820183.508988627	s1-eth23	158485359	6300
1787820183.508988627	s1-eth24	1402	4603
1787820183.508988627	s1-eth25	1492	4533
1787820183.508988627	s1-eth26	1492	4443
1787820183.508988627	s1-eth27	158576066	6441
1787820183.508988627	s1-eth28	1492	4603
1787820183.508988627	s1-eth29	1402	4443
1787820183.508988627	s1-eth3	845398282	3770734
1787820183.508988627	s1-eth30	1492	4443
1787820183.508988627	s1-eth31	158715940	6370
1787820183.508988627	s1-eth32	1492	4443
1787820183.508988627	s1-eth33	1492	4443
1787820183.508988627	s1-eth34	1492	4443
1787820183.508988627	s1-eth4	1758	4799
1787820183.508988627	s1-eth5	1492	4443
1787820183.508988627	s1-eth6	1562	4533
1787820183.508988627	s1-eth7	158960087	6356
1787820183.508988627	s1-eth8	1492	4443
1787820183.508988627	s1-eth9	1472	4443
1787820183.508988627	s2-eth1	975362390	509029160
1787820183.508988627	s2-eth10	1472	4603
1787820183.508988627	s2-eth11	159127699	6508
1787820183.508988627	s2-eth12	1402	4533
1787820183.508988627	s2-eth13	1402	4603
1787820183.508988627	s2-eth14	1492	4533
1787820183.508988627	s2-eth15	159241265	6511
1787820183.508988627	s2-eth16	1492	4533
1787820183.508988627	s2-eth17	1492	4533
1787820183.508988627	s2-eth18	1492	4533
1787820183.508988627	s2-eth19	3234	535369234
1787820183.508988627	s2-eth2	6726	6824
1787820183.508988627	s2-eth20	1562	4533
1787820183.508988627	s2-eth21	1472	4443
1787820183.508988627	s2-eth22	1492	4603
1787820183.508988627	s2-eth23	3329	144640874
1787820183.508988627	s2-eth24	1472	4533
1787820183.508988627	s2-eth25	1492	4533
1787820183.508988627	s2-eth26	1402	4533
1787820183.508988627	s2-eth27	3240	144808097
1787820183.508988627	s2-eth28	1492	4533
1787820183.508988627	s2-eth29	1402	4533
1787820183.508988627	s2-eth3	31931575	6588
1787820183.508988627	s2-eth30	1402	4638
1787820183.508988627	s2-eth31	3399	144795119
1787820183.508988627	s2-eth32	1402	4443
1787820183.508988627	s2-eth33	1562	4533
1787820183.508988627	s2-eth34	1492	4443
1787820183.508988627	s2-eth4	1492	4533
1787820183.508988627	s2-eth5	1402	4533
1787820183.508988627	s2-eth6	1492	4443
1787820183.508988627	s2-eth7	159791877	6448
1787820183.508988627	s2-eth8	1562	4513
1787820183.508988627	s2-eth9	1402	4533
1787820183.508988627	s3-eth1	1157491137	515280107
1787820183.508988627	s3-eth10	1472	4603
1787820183.508988627	s3-eth11	3089	141569496
1787820183.508988627	s3-eth12	1242	4443
1787820183.508988627	s3-eth13	1402	4533
1787820183.508988627	s3-eth14	1562	4443
1787820183.508988627	s3-eth15	3398	141346253
1787820183.508988627	s3-eth16	1472	4443
1787820183.508988627	s3-eth17	1402	4443
1787820183.508988627	s3-eth18	1242	4533
1787820183.508988627	s3-eth19	32013310	6401
1787820183.508988627	s3-eth2	6894	6824
1787820183.508988627	s3-eth20	1562	4423
1787820183.508988627	s3-eth21	1472	4423
1787820183.508988627	s3-eth22	1312	4443
1787820183.508988627	s3-eth23	160129980	6577
1787820183.508988627	s3-eth24	1242	4443
1787820183.508988627	s3-eth25	1492	4443
1787820183.508988627	s3-eth26	1242	4443
1787820183.508988627	s3-eth27	160181023	6275
1787820183.508988627	s3-eth28	1402	4603
1787820183.508988627	s3-eth29	1492	4463
1787820183.508988627	s3-eth3	3767407	730841572
1787820183.508988627	s3-eth30	1402	4603
1787820183.508988627	s3-eth31	160287709	6354
1787820183.508988627	s3-eth32	1312	4443
1787820183.508988627	s3-eth33	1402	4423
1787820183.508988627	s3-eth34	1562	4533
1787820183.508988627	s3-eth4	1402	4513
1787820183.508988627	s3-eth5	1492	4533
1787820183.508988627	s3-eth6	1562	4533
1787820183.508988627	s3-eth7	3315	141986532
1787820183.508988627	s3-eth8	1492	4302
1787820183.508988627	s3-eth9	1562	4533
1787820183.508988627	s4-eth1	1013935007	22716
1787820183.508988627	s4-eth10	1492	4423
1787820183.508988627	s4-eth11	3467	156042046
1787820183.508988627	s4-eth12	1402	4513
1787820183.508988627	s4-eth13	1312	4423
1787820183.508988627	s4-eth14	1242	4513
1787820183.508988627	s4-eth15	3470	156065978
1787820183.508988627	s4-eth16	1312	4443
1787820183.508988627	s4-eth17	1402	4493
1787820183.508988627	s4-eth18	1242	4563
1787820183.508988627	s4-eth19	3380	32102961
1787820183.508988627	s4-eth2	6921	5024
1787820183.508988627	s4-eth20	1492	4513
1787820183.508988627	s4-eth21	1472	4513
1787820183.508988627	s4-eth22	1472	4423
1787820183.508988627	s4-eth23	3376	160666491
1787820183.508988627	s4-eth24	1402	4443
1787820183.508988627	s4-eth25	1402	4443
1787820183.508988627	s4-eth26	1242	4493
1787820183.508988627	s4-eth27	3074	160844410
1787820183.508988627	s4-eth28	1402	4603
1787820183.508988627	s4-eth29	1312	4443
1787820183.508988627	s4-eth3	3297	31383752
1787820183.508988627	s4-eth30	1312	4443
1787820183.508988627	s4-eth31	3450	161031988
1787820183.508988627	s4-eth32	1312	4443
1787820183.508988627	s4-eth33	1312	4563
1787820183.508988627	s4-eth34	1402	4493
1787820183.508988627	s4-eth4	1402	4493
1787820183.508988627	s4-eth5	1312	4423
1787820183.508988627	s4-eth6	1312	4533
1787820183.508988627	s4-eth7	3247	157086732
1787820183.508988627	s4-eth8	1242	4443
1787820183.508988627	s4-eth9	1242	4563
1787820183.508988627	s5-eth1	2319517492	3785816
1787820183.508988627	s5-eth2	517617739	990262603
1787820183.508988627	s5-eth3	3786485	1713485300
1787820183.508988627	s5-eth4	6945	5297
1787820183.508988627	s6-eth1	6851	6921
1787820183.508988627	s6-eth2	6851	6753
1787820183.508988627	s6-eth3	6851	5297
1787820183.508988627	s6-eth4	7070	6921
1787820183.508988627	s7-eth1	521829698	1168695504
1787820183.508988627	s7-eth2	22716	1022859545
1787820183.508988627	s7-eth3	1692247166	3784658
1787820183.508988627	s7-eth4	6917	6851
1787820183.508988627	s8-eth1	6851	6921
1787820183.508988627	s8-eth2	5024	6921
1787820183.508988627	s8-eth3	6851	5227
1787820183.508988627	s8-eth4	6945	6851
1787820183.508988627	s9-eth1	1716490428	3786485
1787820183.508988627	s9-eth2	5297	6851
1787820183.508988627	s9-eth3	3784658	1694025152
1787820183.508988627	s9-eth4	5227	6851
1787820192.079132784	s10-eth1	5324	7043
1787820192.079132784	s10-eth2	6948	7098
1787820192.079132784	s10-eth3	6878	6945
1787820192.079132784	s10-eth4	6878	6973
1787820192.079132784	s1-eth1	3785843	2345526873
1787820192.079132784	s1-eth10	1492	4603
1787820192.079132784	s1-eth11	163633448	6380
1787820192.079132784	s1-eth12	1402	4533
1787820192.079132784	s1-eth13	1402	4533
1787820192.079132784	s1-eth14	1562	4533
1787820192.079132784	s1-eth15	163731782	6459
1787820192.079132784	s1-eth16	1402	4553
1787820192.079132784	s1-eth17	1562	4533
1787820192.079132784	s1-eth18	1492	4443
1787820192.079132784	s1-eth19	655366909	6435
1787820192.079132784	s1-eth2	6948	6878
1787820192.079132784	s1-eth20	1402	4603
1787820192.079132784	s1-eth21	1492	4533
1787820192.079132784	s1-eth22	1492	4533
1787820192.079132784	s1-eth23	163950539	6300
1787820192.079132784	s1-eth24	1402	4603
1787820192.079132784	s1-eth25	1492	4533
1787820192.079132784	s1-eth26	1492	4443
1787820192.079132784	s1-eth27	164016732	6441
1787820192.079132784	s1-eth28	1492	4603
1787820192.079132784	s1-eth29	1402	4443
1787820192.079132784	s1-eth3	867155178	3770734
1787820192.079132784	s1-eth30	1492	4443
1787820192.079132784	s1-eth31	164155164	6370
1787820192.079132784	s1-eth32	1492	4443
1787820192.079132784	s1-eth33	1492	4443
1787820192.079132784	s1-eth34	1492	4443
1787820192.079132784	s1-eth4	1758	4799
1787820192.079132784	s1-eth5	1492	4443
1787820192.079132784	s1-eth6	1562	4533
1787820192.079132784	s1-eth7	164318559	6356
1787820192.079132784	s1-eth8	1492	4443
1787820192.079132784	s1-eth9	1472	4443
1787820192.079132784	s2-eth1	1007826190	526069328
1787820192.079132784	s2-eth10	1472	4603
1787820192.079132784	s2-eth11	164434259	6578
1787820192.079132784	s2-eth12	1402	4533
1787820192.079132784	s2-eth13	1402	4603
1787820192.079132784	s2-eth14	1492	4533
1787820192.079132784	s2-eth15	164520427	6511
1787820192.079132784	s2-eth16	1492	4533
1787820192.079132784	s2-eth17	1492	4533
1787820192.079132784	s2-eth18	1492	4533
1787820192.079132784	s2-eth19	3234	553430284
1787820192.079132784	s2-eth2	6780	6878
1787820192.079132784	s2-eth20	1562	4533
1787820192.079132784	s2-eth21	1472	4443
1787820192.079132784	s2-eth22	1492	4603
1787820192.079132784	s2-eth23	3329	149467248
1787820192.079132784	s2-eth24	1472	4533
1787820192.079132784	s2-eth25	1492	4533
1787820192.079132784	s2-eth26	1402	4533
1787820192.079132784	s2-eth27	3240	149723875
1787820192.079132784	s2-eth28	1492	4533
1787820192.079132784	s2-eth29	1402	4533
1787820192.079132784	s2-eth3	32988561	6588
1787820192.079132784	s2-eth30	1402	4638
1787820192.079132784	s2-eth31	3399	149759925
1787820192.079132784	s2-eth32	1402	4443
1787820192.079132784	s2-eth33	1562	4533
1787820192.079132784	s2-eth34	1492	4443
1787820192.079132784	s2-eth4	1492	4533
1787820192.079132784	s2-eth5	1402	4533
1787820192.079132784	s2-eth6	1492	4443
1787820192.079132784	s2-eth7	165114299	6448
1787820192.079132784	s2-eth8	1562	4513
1787820192.079132784	s2-eth9	1402	4533
1787820192.079132784	s3-eth1	1190511549	532337579
1787820192.079132784	s3-eth10	1472	4603
1787820192.079132784	s3-eth11	3089	146453550
1787820192.079132784	s3-eth12	1242	4443
1787820192.079132784	s3-eth13	1402	4603
1787820192.079132784	s3-eth14	1562	4443
1787820192.079132784	s3-eth15	3398	146230307
1787820192.079132784	s3-eth16	1472	4443
1787820192.079132784	s3-eth17	1402	4443
1787820192.079132784	s3-eth18	1242	4603
1787820192.079132784	s3-eth19	33090484	6401
1787820192.079132784	s3-eth2	6948	6878
1787820192.079132784	s3-eth20	1562	4423
1787820192.079132784	s3-eth21	1472	4423
1787820192.079132784	s3-eth22	1312	4443
1787820192.079132784	s3-eth23	165533154	6577
1787820192.079132784	s3-eth24	1242	4443
1787820192.079132784	s3-eth25	1492	4443
1787820192.079132784	s3-eth26	1312	4443
1787820192.079132784	s3-eth27	165556799	6275
1787820192.079132784	s3-eth28	1402	4603
1787820192.079132784	s3-eth29	1492	4463
1787820192.079132784	s3-eth3	3767407	749218420
1787820192.079132784	s3-eth30	1402	4603
1787820192.079132784	s3-eth31	165650507	6354
1787820192.079132784	s3-eth32	1312	4443
1787820192.079132784	s3-eth33	1472	4423
1787820192.079132784	s3-eth34	1562	4603
1787820192.079132784	s3-eth4	1402	4513
1787820192.079132784	s3-eth5	1492	4533
1787820192.079132784	s3-eth6	1562	4533
1787820192.079132784	s3-eth7	3315	146864818
1787820192.079132784	s3-eth8	1492	4302
1787820192.079132784	s3-eth9	1562	4533
1787820192.079132784	s4-eth1	1047983538	22743
1787820192.079132784	s4-eth10	1492	4423
1787820192.079132784	s4-eth11	3467	161285158
1787820192.079132784	s4-eth12	1472	4513
1787820192.079132784	s4-eth13	1312	4493
1787820192.079132784	s4-eth14	1242	4513
1787820192.079132784	s4-eth15	3470	161284576
1787820192.079132784	s4-eth16	1312	4443
1787820192.079132784	s4-eth17	1402	4493
1787820192.079132784	s4-eth18	1242	4563
1787820192.079132784	s4-eth19	3380	33154179
1787820192.079132784	s4-eth2	6948	5051
1787820192.079132784	s4-eth20	1492	4513
1787820192.079132784	s4-eth21	1472	4513
1787820192.079132784	s4-eth22	1472	4423
1787820192.079132784	s4-eth23	3446	165929861
1787820192.079132784	s4-eth24	1402	4443
1787820192.079132784	s4-eth25	1402	4443
1787820192.079132784	s4-eth26	1242	4493
1787820192.079132784	s4-eth27	3074	166068776
1787820192.079132784	s4-eth28	1402	4603
1787820192.079132784	s4-eth29	1312	4443
1787820192.079132784	s4-eth3	3297	32420550
1787820192.079132784	s4-eth30	1312	4443
1787820192.079132784	s4-eth31	3450	166234724
1787820192.079132784	s4-eth32	1312	4513
1787820192.079132784	s4-eth33	1312	4563
1787820192.079132784	s4-eth34	1402	4493
1787820192.079132784	s4-eth4	1402	4493
1787820192.079132784	s4-eth5	1312	4423
1787820192.079132784	s4-eth6	1312	4533
1787820192.079132784	s4-eth7	3247	162197180
1787820192.079132784	s4-eth8	1242	4443
1787820192.079132784	s4-eth9	1242	4563
1787820192.079132784	s5-eth1	2386965627	3785870
1787820192.079132784	s5-eth2	533893647	1022798503
1787820192.079132784	s5-eth3	3786539	1762379248
1787820192.079132784	s5-eth4	7071	5351
1787820192.079132784	s6-eth1	6975	6975
1787820192.079132784	s6-eth2	6905	6807
1787820192.079132784	s6-eth3	6905	5351
1787820192.079132784	s6-eth4	7126	6975
1787820192.079132784	s7-eth1	538274320	1200925700
1787820192.079132784	s7-eth2	22770	1055548297
1787820192.079132784	s7-eth3	1740809454	3784712
1787820192.079132784	s7-eth4	6973	6905
1787820192.079132784	s8-eth1	6905	6975
1787820192.079132784	s8-eth2	5078	6975
1787820192.079132784	s8-eth3	6905	5281
1787820192.079132784	s8-eth4	7001	6905
1787820192.079132784	s9-eth1	1765261806	3786539
1787820192.079132784	s9-eth2	5351	6905
1787820192.079132784	s9-eth3	3784712	1742254338
1787820192.079132784	s9-eth4	5281	6905
1787820200.033663304	s10-eth1	5351	7071
1787820200.033663304	s10-eth2	6975	7196
1787820200.033663304	s10-eth3	6905	6973
1787820200.033663304	s10-eth4	6905	7001
1787820200.033663304	s1-eth1	3785870	2410057815
1787820200.033663304	s1-eth10	1492	4603
1787820200.033663304	s1-eth11	168654492	6380
1787820200.033663304	s1-eth12	1402	4533
1787820200.033663304	s1-eth13	1402	4533
1787820200.033663304	s1-eth14	1562	4533
1787820200.033663304	s1-eth15	168794644	6459
1787820200.033663304	s1-eth16	1472	4553
1787820200.033663304	s1-eth17	1562	4533
1787820200.033663304	s1-eth18	1492	4443
1787820200.033663304	s1-eth19	675504439	6435
1787820200.033663304	s1-eth2	6975	6975
1787820200.033663304	s1-eth20	1402	4603
1787820200.033663304	s1-eth21	1492	4533
1787820200.033663304	s1-eth22	1492	4533
1787820200.033663304	s1-eth23	169022053	6300
1787820200.033663304	s1-eth24	1402	4603
1787820200.033663304	s1-eth25	1492	4533
1787820200.033663304	s1-eth26	1492	4443
1787820200.033663304	s1-eth27	169124296	6441
1787820200.033663304	s1-eth28	1492	4603
1787820200.033663304	s1-eth29	1472	4443
1787820200.033663304	s1-eth3	887667628	3770734
1787820200.033663304	s1-eth30	1492	4443
1787820200.033663304	s1-eth31	169242540	6370
1787820200.033663304	s1-eth32	1492	4443
1787820200.033663304	s1-eth33	1492	4443
1787820200.033663304	s1-eth34	1492	4513
1787820200.033663304	s1-eth4	1758	4799
1787820200.033663304	s1-eth5	1492	4443
1787820200.033663304	s1-eth6	1562	4533
1787820200.033663304	s1-eth7	169378537	6356
1787820200.033663304	s1-eth8	1492	4443
1787820200.033663304	s1-eth9	1472	4443
1787820200.033663304	s2-eth1	1038647525	542232733
1787820200.033663304	s2-eth10	1472	4603
1787820200.033663304	s2-eth11	169494237	6578
1787820200.033663304	s2-eth12	1402	4533
1787820200.033663304	s2-eth13	1402	4603
1787820200.033663304	s2-eth14	1492	4533
1787820200.033663304	s2-eth15	169581847	6511
1787820200.033663304	s2-eth16	1492	4533
1787820200.033663304	s2-eth17	1562	4533
1787820200.033663304	s2-eth18	1492	4533
1787820200.033663304	s2-eth19	3234	569974420
1787820200.033663304	s2-eth2	6877	6905
1787820200.033663304	s2-eth20	1562	4533
1787820200.033663304	s2-eth21	1472	4443
1787820200.033663304	s2-eth22	1492	4603
1787820200.033663304	s2-eth23	3329	153917260
1787820200.033663304	s2-eth24	1472	4533
1787820200.033663304	s2-eth25	1492	4533
1787820200.033663304	s2-eth26	1402	4533
1787820200.033663304	s2-eth27	3240	154136465
1787820200.033663304	s2-eth28	1492	4533
1787820200.033663304	s2-eth29	1402	4533
1787820200.033663304	s2-eth3	33998031	6588
1787820200.033663304	s2-eth30	1402	4638
1787820200.033663304	s2-eth31	3399	154134953
1787820200.033663304	s2-eth32	1402	4443
1787820200.033663304	s2-eth33	1562	4533
1787820200.033663304	s2-eth34	1492	4443
1787820200.033663304	s2-eth4	1492	4533
1787820200.033663304	s2-eth5	1402	4533
1787820200.033663304	s2-eth6	1492	4513
1787820200.033663304	s2-eth7	170126691	6448
1787820200.033663304	s2-eth8	1562	4513
1787820200.033663304	s2-eth9	1402	4533
1787820200.033663304	s3-eth1	1219674681	548289037
1787820200.033663304	s3-eth10	1472	4603
1787820200.033663304	s3-eth11	3089	150821368
1787820200.033663304	s3-eth12	1242	4443
1787820200.033663304	s3-eth13	1402	4603
1787820200.033663304	s3-eth14	1562	4443
1787820200.033663304	s3-eth15	3398	150590915
1787820200.033663304	s3-eth16	1472	4443
1787820200.033663304	s3-eth17	1402	4443
1787820200.033663304	s3-eth18	1242	4603
1787820200.033663304	s3-eth19	34072486	6401
1787820200.033663304	s3-eth2	7002	6932
1787820200.033663304	s3-eth20	1562	4423
1787820200.033663304	s3-eth21	1472	4423
1787820200.033663304	s3-eth22	1312	4443
1787820200.033663304	s3-eth23	170386926	6577
1787820200.033663304	s3-eth24	1242	4443
1787820200.033663304	s3-eth25	1492	4443
1787820200.033663304	s3-eth26	1312	4443
1787820200.033663304	s3-eth27	170422107	6275
1787820200.033663304	s3-eth28	1402	4603
1787820200.033663304	s3-eth29	1492	4463
1787820200.033663304	s3-eth3	3767407	764767506
1787820200.033663304	s3-eth30	1402	4603
1787820200.033663304	s3-eth31	170498511	6424
1787820200.033663304	s3-eth32	1312	4443
1787820200.033663304	s3-eth33	1472	4423
1787820200.033663304	s3-eth34	1562	4603
1787820200.033663304	s3-eth4	1402	4513
1787820200.033663304	s3-eth5	1492	4533
1787820200.033663304	s3-eth6	1562	4533
1787820200.033663304	s3-eth7	3315	151040850
1787820200.033663304	s3-eth8	1492	4302
1787820200.033663304	s3-eth9	1562	4533
1787820200.033663304	s4-eth1	1078324714	22867
1787820200.033663304	s4-eth10	1492	4423
1787820200.033663304	s4-eth11	3467	165986078
1787820200.033663304	s4-eth12	1472	4513
1787820200.033663304	s4-eth13	1312	4493
1787820200.033663304	s4-eth14	1242	4513
1787820200.033663304	s4-eth15	3470	165973960
1787820200.033663304	s4-eth16	1312	4443
1787820200.033663304	s4-eth17	1402	4493
1787820200.033663304	s4-eth18	1242	4563
1787820200.033663304	s4-eth19	3380	34100131
1787820200.033663304	s4-eth2	7002	5175
1787820200.033663304	s4-eth20	1492	4513
1787820200.033663304	s4-eth21	1472	4513
1787820200.033663304	s4-eth22	1472	4423
1787820200.033663304	s4-eth23	3446	170541377
1787820200.033663304	s4-eth24	1402	4443
1787820200.033663304	s4-eth25	1402	4443
1787820200.033663304	s4-eth26	1242	4493
1787820200.033663304	s4-eth27	3074	170624054
1787820200.033663304	s4-eth28	1402	4603
1787820200.033663304	s4-eth29	1312	4513
1787820200.033663304	s4-eth3	3297	33300170
1787820200.033663304	s4-eth30	1312	4443
1787820200.033663304	s4-eth31	3450	170691946
1787820200.033663304	s4-eth32	1312	4513
1787820200.033663304	s4-eth33	1312	4563
1787820200.033663304	s4-eth34	1402	4493
1787820200.033663304	s4-eth4	1402	4493
1787820200.033663304	s4-eth5	1312	4493
1787820200.033663304	s4-eth6	1312	4533
1787820200.033663304	s4-eth7	3247	166505876
1787820200.033663304	s4-eth8	1242	4443
1787820200.033663304	s4-eth9	1242	4563
1787820200.033663304	s5-eth1	2446756742	3785897
1787820200.033663304	s5-eth2	548094490	1050597476
1787820200.033663304	s5-eth3	3786566	1804126687
1787820200.033663304	s5-eth4	7099	5378
1787820200.033663304	s6-eth1	7002	7002
1787820200.033663304	s6-eth2	7002	6904
1787820200.033663304	s6-eth3	7002	5378
1787820200.033663304	s6-eth4	7224	7002
1787820200.033663304	s7-eth1	552260305	1227908501
1787820200.033663304	s7-eth2	22867	1083142436
1787820200.033663304	s7-eth3	1781752187	3784739
1787820200.033663304	s7-eth4	7001	6932
1787820200.033663304	s8-eth1	6932	7002
1787820200.033663304	s8-eth2	5175	7002
1787820200.033663304	s8-eth3	6932	5308
1787820200.033663304	s8-eth4	7029	6932
1787820200.033663304	s9-eth1	1806071945	3786566
1787820200.033663304	s9-eth2	5378	7002
1787820200.033663304	s9-eth3	3784739	1782925975
1787820200.033663304	s9-eth4	5308	6932
1787820206.965532691	s10-eth1	5378	7099
1787820206.965532691	s10-eth2	7002	7224
1787820206.965532691	s10-eth3	6959	7029
1787820206.965532691	s10-eth4	6959	7057
1787820206.965532691	s1-eth1	3785924	2474045177
1787820206.965532691	s1-eth10	1492	4603
1787820206.965532691	s1-eth11	173248704	6380
1787820206.965532691	s1-eth12	1402	4533
1787820206.965532691	s1-eth13	1472	4603
1787820206.965532691	s1-eth14	1562	4533
1787820206.965532691	s1-eth15	173341270	6529
1787820206.965532691	s1-eth16	1472	4553
1787820206.965532691	s1-eth17	1562	4533
1787820206.965532691	s1-eth18	1492	4443
1787820206.965532691	s1-eth19	693549627	6435
1787820206.965532691	s1-eth2	7029	7029
1787820206.965532691	s1-eth20	1402	4603
1787820206.965532691	s1-eth21	1492	4603
1787820206.965532691	s1-eth22	1492	4533
1787820206.965532691	s1-eth23	173434573	6300
1787820206.965532691	s1-eth24	1402	4603
1787820206.965532691	s1-eth25	1492	4533
1787820206.965532691	s1-eth26	1562	4443
1787820206.965532691	s1-eth27	173473438	6441
1787820206.965532691	s1-eth28	1492	4603
1787820206.965532691	s1-eth29	1472	4443
1787820206.965532691	s1-eth3	904863478	3770734
1787820206.965532691	s1-eth30	1492	4443
1787820206.965532691	s1-eth31	173554120	6370
1787820206.965532691	s1-eth32	1492	4443
1787820206.965532691	s1-eth33	1492	4443
1787820206.965532691	s1-eth34	1492	4513
1787820206.965532691	s1-eth4	1758	4799
1787820206.965532691	s1-eth5	1492	4443
1787820206.965532691	s1-eth6	1562	4533
1787820206.965532691	s1-eth7	173694443	6356
1787820206.965532691	s1-eth8	1492	4443
1787820206.965532691	s1-eth9	1472	4443
1787820206.965532691	s2-eth1	1063865345	556025517
1787820206.965532691	s2-eth10	1472	4603
1787820206.965532691	s2-eth11	173795723	6578
1787820206.965532691	s2-eth12	1402	4533
1787820206.965532691	s2-eth13	1472	4603
1787820206.965532691	s2-eth14	1492	4533
1787820206.965532691	s2-eth15	173880449	6511
1787820206.965532691	s2-eth16	1492	4533
1787820206.965532691	s2-eth17	1562	4533
1787820206.965532691	s2-eth18	1492	4603
1787820206.965532691	s2-eth19	3234	584491034
1787820206.965532691	s2-eth2	6931	7029
1787820206.965532691	s2-eth20	1562	4533
1787820206.965532691	s2-eth21	1472	4443
1787820206.965532691	s2-eth22	1492	4603
1787820206.965532691	s2-eth23	3329	157588592
1787820206.965532691	s2-eth24	1472	4533
1787820206.965532691	s2-eth25	1492	4533
1787820206.965532691	s2-eth26	1402	4533
1787820206.965532691	s2-eth27	3240	157914505
1787820206.965532691	s2-eth28	1492	4533
1787820206.965532691	s2-eth29	1402	4533
1787820206.965532691	s2-eth3	34853137	6588
1787820206.965532691	s2-eth30	1402	4638
1787820206.965532691	s2-eth31	3399	157822147
1787820206.965532691	s2-eth32	1402	4443
1787820206.965532691	s2-eth33	1562	4533
1787820206.965532691	s2-eth34	1492	4443
1787820206.965532691	s2-eth4	1492	4533
1787820206.965532691	s2-eth5	1402	4533
1787820206.965532691	s2-eth6	1562	4513
1787820206.965532691	s2-eth7	174390685	6448
1787820206.965532691	s2-eth8	1562	4513
1787820206.965532691	s2-eth9	1402	4533
1787820206.965532691	s3-eth1	1244451152	561923174
1787820206.965532691	s3-eth10	1472	4603
1787820206.965532691	s3-eth11	3089	154436462
1787820206.965532691	s3-eth12	1242	4443
1787820206.965532691	s3-eth13	1402	4603
1787820206.965532691	s3-eth14	1562	4443
1787820206.965532691	s3-eth15	3398	154093533
1787820206.965532691	s3-eth16	1472	4443
1787820206.965532691	s3-eth17	1402	4443
1787820206.965532691	s3-eth18	1242	4603
1787820206.965532691	s3-eth19	34926150	6401
1787820206.965532691	s3-eth2	7029	6959
1787820206.965532691	s3-eth20	1562	4423
1787820206.965532691	s3-eth21	1472	4423
1787820206.965532691	s3-eth22	1312	4443
1787820206.965532691	s3-eth23	174668224	6577
1787820206.965532691	s3-eth24	1242	4443
1787820206.965532691	s3-eth25	1492	4443
1787820206.965532691	s3-eth26	1312	4443
1787820206.965532691	s3-eth27	174722151	6275
1787820206.965532691	s3-eth28	1402	4603
1787820206.965532691	s3-eth29	1492	4463
1787820206.965532691	s3-eth3	3767407	778750650
1787820206.965532691	s3-eth30	1402	4603
1787820206.965532691	s3-eth31	174836047	6424
1787820206.965532691	s3-eth32	1312	4443
1787820206.965532691	s3-eth33	1472	4423
1787820206.965532691	s3-eth34	1562	4603
1787820206.965532691	s3-eth4	1402	4513
1787820206.965532691	s3-eth5	1492	4533
1787820206.965532691	s3-eth6	1562	4533
1787820206.965532691	s3-eth7	3315	154778514
1787820206.965532691	s3-eth8	1492	4302
1787820206.965532691	s3-eth9	1562	4533
1787820206.965532691	s4-eth1	1105809261	22894
1787820206.965532691	s4-eth10	1492	4423
1787820206.965532691	s4-eth11	3467	170177972
1787820206.965532691	s4-eth12	1472	4513
1787820206.965532691	s4-eth13	1312	4493
1787820206.965532691	s4-eth14	1242	4513
1787820206.965532691	s4-eth15	3470	170092312
1787820206.965532691	s4-eth16	1312	4443
1787820206.965532691	s4-eth17	1402	4493
1787820206.965532691	s4-eth18	1242	4563
1787820206.965532691	s4-eth19	3380	34937933
1787820206.965532691	s4-eth2	7029	5202
1787820206.965532691	s4-eth20	1492	4513
1787820206.965532691	s4-eth21	1472	4513
1787820206.965532691	s4-eth22	1472	4423
1787820206.965532691	s4-eth23	3446	174665497
1787820206.965532691	s4-eth24	1402	4443
1787820206.965532691	s4-eth25	1402	4443
1787820206.965532691	s4-eth26	1242	4493
1787820206.965532691	s4-eth27	3074	174677516
1787820206.965532691	s4-eth28	1402	4603
1787820206.965532691	s4-eth29	1312	4513
1787820206.965532691	s4-eth3	3297	34101922
1787820206.965532691	s4-eth30	1312	4443
1787820206.965532691	s4-eth31	3450	174767038
1787820206.965532691	s4-eth32	1312	4513
1787820206.965532691	s4-eth33	1312	4563
1787820206.965532691	s4-eth34	1402	4493
1787820206.965532691	s4-eth4	1402	4493
1787820206.965532691	s4-eth5	1312	4493
1787820206.965532691	s4-eth6	1312	4533
1787820206.965532691	s4-eth7	3247	170469934
1787820206.965532691	s4-eth8	1242	4443
1787820206.965532691	s4-eth9	1242	4563
1787820206.965532691	s5-eth1	2503522541	3785924
1787820206.965532691	s5-eth2	561037909	1074879341
1787820206.965532691	s5-eth3	3786593	1840972698
1787820206.965532691	s5-eth4	7127	5405
1787820206.965532691	s6-eth1	7029	7029
1787820206.965532691	s6-eth2	7029	6931
1787820206.965532691	s6-eth3	7029	5405
1787820206.965532691	s6-eth4	7252	7029
1787820206.965532691	s7-eth1	565105668	1251388614
1787820206.965532691	s7-eth2	22894	1108735079
1787820206.965532691	s7-eth3	1818195880	3784766
1787820206.965532691	s7-eth4	7029	6959
1787820206.965532691	s8-eth1	6959	7029
1787820206.965532691	s8-eth2	5202	7029
1787820206.965532691	s8-eth3	6959	5335
1787820206.965532691	s8-eth4	7057	7029
1787820206.965532691	s9-eth1	1843628862	3786593
1787820206.965532691	s9-eth2	5405	7029
1787820206.965532691	s9-eth3	3784766	1820325714
1787820206.965532691	s9-eth4	5335	6959
1787820213.158609072	s10-eth1	5432	7155
1787820213.158609072	s10-eth2	7056	7280
1787820213.158609072	s10-eth3	6986	7057
1787820213.158609072	s10-eth4	7056	7085
1787820213.158609072	s1-eth1	3785951	2529523270
1787820213.158609072	s1-eth10	1492	4603
1787820213.158609072	s1-eth11	177218530	6380
1787820213.158609072	s1-eth12	1402	4533
1787820213.158609072	s1-eth13	1472	4603
1787820213.158609072	s1-eth14	1562	4533
1787820213.158609072	s1-eth15	177324074	6529
1787820213.158609072	s1-eth16	1472	4553
1787820213.158609072	s1-eth17	1562	4533
1787820213.158609072	s1-eth18	1492	4443
1787820213.158609072	s1-eth19	709707237	6435
1787820213.158609072	s1-eth2	7056	7056
1787820213.158609072	s1-eth20	1402	4603
1787820213.158609072	s1-eth21	1562	4603
1787820213.158609072	s1-eth22	1492	4533
1787820213.158609072	s1-eth23	177493803	6300
1787820213.158609072	s1-eth24	1402	4603
1787820213.158609072	s1-eth25	1492	4533
1787820213.158609072	s1-eth26	1562	4443
1787820213.158609072	s1-eth27	177531226	6441
1787820213.158609072	s1-eth28	1492	4603
1787820213.158609072	s1-eth29	1472	4443
1787820213.158609072	s1-eth3	921104724	3770734
1787820213.158609072	s1-eth30	1492	4443
1787820213.158609072	s1-eth31	177619118	6370
1787820213.158609072	s1-eth32	1492	4443
1787820213.158609072	s1-eth33	1492	4443
1787820213.158609072	s1-eth34	1492	4513
1787820213.158609072	s1-eth4	1758	4799
1787820213.158609072	s1-eth5	1492	4443
1787820213.158609072	s1-eth6	1562	4533
1787820213.158609072	s1-eth7	177694551	6356
1787820213.158609072	s1-eth8	1492	4443
1787820213.158609072	s1-eth9	1472	4443
1787820213.158609072	s2-eth1	1090445758	568615646
1787820213.158609072	s2-eth10	1472	4603
1787820213.158609072	s2-eth11	177703543	6578
1787820213.158609072	s2-eth12	1402	4533
1787820213.158609072	s2-eth13	1472	4603
1787820213.158609072	s2-eth14	1492	4603
1787820213.158609072	s2-eth15	177698865	6511
1787820213.158609072	s2-eth16	1492	4533
1787820213.158609072	s2-eth17	1562	4533
1787820213.158609072	s2-eth18	1492	4603
1787820213.158609072	s2-eth19	3234	598841818
1787820213.158609072	s2-eth2	6958	7056
1787820213.158609072	s2-eth20	1562	4533
1787820213.158609072	s2-eth21	1472	4443
1787820213.158609072	s2-eth22	1492	4603
1787820213.158609072	s2-eth23	3329	161158984
1787820213.158609072	s2-eth24	1472	4533
1787820213.158609072	s2-eth25	1492	4533
1787820213.158609072	s2-eth26	1472	4533
1787820213.158609072	s2-eth27	3240	161456057
1787820213.158609072	s2-eth28	1492	4533
1787820213.158609072	s2-eth29	1402	4603
1787820213.158609072	s2-eth3	35597209	6588
1787820213.158609072	s2-eth30	1402	4638
1787820213.158609072	s2-eth31	3399	161340627
1787820213.158609072	s2-eth32	1402	4513
1787820213.158609072	s2-eth33	1562	4533
1787820213.158609072	s2-eth34	1492	4443
1787820213.158609072	s2-eth4	1492	4533
1787820213.158609072	s2-eth5	1402	4533
1787820213.158609072	s2-eth6	1562	4513
1787820213.158609072	s2-eth7	178012989	6448
1787820213.158609072	s2-eth8	1562	4513
1787820213.158609072	s2-eth9	1402	4533
1787820213.158609072	s3-eth1	1268088443	573439013
1787820213.158609072	s3-eth10	1472	4603
1787820213.158609072	s3-eth11	3159	157790554
1787820213.158609072	s3-eth12	1242	4443
1787820213.158609072	s3-eth13	1402	4603
1787820213.158609072	s3-eth14	1562	4443
1787820213.158609072	s3-eth15	3398	157405807
1787820213.158609072	s3-eth16	1472	4443
1787820213.158609072	s3-eth17	1472	4443
1787820213.158609072	s3-eth18	1242	4603
1787820213.158609072	s3-eth19	35626962	6401
1787820213.158609072	s3-eth2	7056	6986
1787820213.158609072	s3-eth20	1562	4493
1787820213.158609072	s3-eth21	1472	4423
1787820213.158609072	s3-eth22	1312	4443
1787820213.158609072	s3-eth23	178133350	6577
1787820213.158609072	s3-eth24	1242	4443
1787820213.158609072	s3-eth25	1492	4443
1787820213.158609072	s3-eth26	1312	4443
1787820213.158609072	s3-eth27	178128225	6345
1787820213.158609072	s3-eth28	1402	4603
1787820213.158609072	s3-eth29	1492	4463
1787820213.158609072	s3-eth3	3767407	791285956
1787820213.158609072	s3-eth30	1402	4603
1787820213.158609072	s3-eth31	178171463	6424
1787820213.158609072	s3-eth32	1312	4443
1787820213.158609072	s3-eth33	1472	4423
1787820213.158609072	s3-eth34	1562	4603
1787820213.158609072	s3-eth4	1472	4513
1787820213.158609072	s3-eth5	1492	4533
1787820213.158609072	s3-eth6	1562	4533
1787820213.158609072	s3-eth7	3385	157838438
1787820213.158609072	s3-eth8	1492	4302
1787820213.158609072	s3-eth9	1562	4533
1787820213.158609072	s4-eth1	1126285688	22921
1787820213.158609072	s4-eth10	1492	4423
1787820213.158609072	s4-eth11	3467	173324416
1787820213.158609072	s4-eth12	1472	4513
1787820213.158609072	s4-eth13	1312	4493
1787820213.158609072	s4-eth14	1242	4513
1787820213.158609072	s4-eth15	3470	173260386
1787820213.158609072	s4-eth16	1312	4443
1787820213.158609072	s4-eth17	1402	4493
1787820213.158609072	s4-eth18	1242	4563
1787820213.158609072	s4-eth19	3380	35602695
1787820213.158609072	s4-eth2	7056	5229
1787820213.158609072	s4-eth20	1562	4513
1787820213.158609072	s4-eth21	1472	4513
1787820213.158609072	s4-eth22	1472	4423
1787820213.158609072	s4-eth23	3446	178022473
1787820213.158609072	s4-eth24	1402	4513
1787820213.158609072	s4-eth25	1402	4443
1787820213.158609072	s4-eth26	1242	4563
1787820213.158609072	s4-eth27	3074	178054680
1787820213.158609072	s4-eth28	1402	4603
1787820213.158609072	s4-eth29	1312	4513
1787820213.158609072	s4-eth3	3297	34742170
1787820213.158609072	s4-eth30	1312	4443
1787820213.158609072	s4-eth31	3450	178083638
1787820213.158609072	s4-eth32	1312	4513
1787820213.158609072	s4-eth33	1312	4563
1787820213.158609072	s4-eth34	1402	4493
1787820213.158609072	s4-eth4	1402	4493
1787820213.158609072	s4-eth5	1312	4493
1787820213.158609072	s4-eth6	1312	4533
1787820213.158609072	s4-eth7	3247	173622146
1787820213.158609072	s4-eth8	1242	4443
1787820213.158609072	s4-eth9	1242	4563
1787820213.158609072	s5-eth1	2549239806	3785951
1787820213.158609072	s5-eth2	571485226	1096706922
1787820213.158609072	s5-eth3	3786620	1873094717
1787820213.158609072	s5-eth4	7155	5432
1787820213.158609072	s6-eth1	7056	7056
1787820213.158609072	s6-eth2	7056	6958
1787820213.158609072	s6-eth3	7056	5432
1787820213.158609072	s6-eth4	7280	7056
1787820213.158609072	s7-eth1	575410227	1272365415
1787820213.158609072	s7-eth2	22921	1128897150
1787820213.158609072	s7-eth3	1849201791	3784793
1787820213.158609072	s7-eth4	7057	6986
1787820213.158609072	s8-eth1	6986	7056
1787820213.158609072	s8-eth2	5229	7056
1787820213.158609072	s8-eth3	6986	5362
1787820213.158609072	s8-eth4	7155	7056
1787820213.158609072	s9-eth1	1874473269	3786620
1787820213.158609072	s9-eth2	5432	7056
1787820213.158609072	s9-eth3	3784793	1850055455
1787820213.158609072	s9-eth4	5362	6986
1787820217.882124619	s10-eth1	5459	7183
1787820217.882124619	s10-eth2	7083	7308
1787820217.882124619	s10-eth3	7013	7085
1787820217.882124619	s10-eth4	7083	7183
1787820217.882124619	s1-eth1	3785978	2571732149
1787820217.882124619	s1-eth10	1492	4806
1787820217.882124619	s1-eth11	180215006	6653
1787820217.882124619	s1-eth12	1402	4736
1787820217.882124619	s1-eth13	1472	4806
1787820217.882124619	s1-eth14	1562	4736
1787820217.882124619	s1-eth15	180270080	6732
1787820217.882124619	s1-eth16	1472	4756
1787820217.882124619	s1-eth17	1562	4736
1787820217.882124619	s1-eth18	1562	4646
1787820217.882124619	s1-eth19	721492703	6638
1787820217.882124619	s1-eth2	7083	7083
1787820217.882124619	s1-eth20	1402	4806
1787820217.882124619	s1-eth21	1562	4806
1787820217.882124619	s1-eth22	1492	4736
1787820217.882124619	s1-eth23	180496047	6503
1787820217.882124619	s1-eth24	1402	4806
1787820217.882124619	s1-eth25	1492	4736
1787820217.882124619	s1-eth26	1562	4646
1787820217.882124619	s1-eth27	180578172	6644
1787820217.882124619	s1-eth28	1492	4806
1787820217.882124619	s1-eth29	1472	4646
1787820217.882124619	s1-eth3	933412194	3770937
1787820217.882124619	s1-eth30	1492	4646
1787820217.882124619	s1-eth31	180716534	6573
1787820217.882124619	s1-eth32	1492	4646
1787820217.882124619	s1-eth33	1492	4716
1787820217.882124619	s1-eth34	1492	4716
1787820217.882124619	s1-eth4	1758	5002
1787820217.882124619	s1-eth5	1492	4716
1787820217.882124619	s1-eth6	1562	4736
1787820217.882124619	s1-eth7	180901629	6559
1787820217.882124619	s1-eth8	1492	4646
1787820217.882124619	s1-eth9	1472	4646
1787820217.882124619	s2-eth1	1113089714	579204482
1787820217.882124619	s2-eth10	1472	4806
1787820217.882124619	s2-eth11	181033121	6781
1787820217.882124619	s2-eth12	1402	4736
1787820217.882124619	s2-eth13	1472	4806
1787820217.882124619	s2-eth14	1562	4806
1787820217.882124619	s2-eth15	181109195	6714
1787820217.882124619	s2-eth16	1562	4736
1787820217.882124619	s2-eth17	1562	4736
1787820217.882124619	s2-eth18	1562	4806
1787820217.882124619	s2-eth19	3234	612444407
1787820217.882124619	s2-eth2	7188	7286
1787820217.882124619	s2-eth20	1562	4806
1787820217.882124619	s2-eth21	1472	4646
1787820217.882124619	s2-eth22	1492	4806
1787820217.882124619	s2-eth23	3329	164612777
1787820217.882124619	s2-eth24	1472	4736
1787820217.882124619	s2-eth25	1492	4736
1787820217.882124619	s2-eth26	1472	4736
1787820217.882124619	s2-eth27	3240	164857938
1787820217.882124619	s2-eth28	1492	4736
1787820217.882124619	s2-eth29	1402	4806
1787820217.882124619	s2-eth3	36274949	6791
1787820217.882124619	s2-eth30	1402	4841
1787820217.882124619	s2-eth31	3399	164667524
1787820217.882124619	s2-eth32	1402	4716
1787820217.882124619	s2-eth33	1562	4736
1787820217.882124619	s2-eth34	1492	4646
1787820217.882124619	s2-eth4	1492	4736
1787820217.882124619	s2-eth5	1402	4736
1787820217.882124619	s2-eth6	1562	4716
1787820217.882124619	s2-eth7	181355545	6651
1787820217.882124619	s2-eth8	1562	4716
1787820217.882124619	s2-eth9	1402	4736
1787820217.882124619	s3-eth1	1290883809	584084087
1787820217.882124619	s3-eth10	1472	4806
1787820217.882124619	s3-eth11	3159	161051119
1787820217.882124619	s3-eth12	1242	4646
1787820217.882124619	s3-eth13	1402	4806
1787820217.882124619	s3-eth14	1562	4646
1787820217.882124619	s3-eth15	3398	160627438
1787820217.882124619	s3-eth16	1472	4716
1787820217.882124619	s3-eth17	1472	4646
1787820217.882124619	s3-eth18	1242	4806
1787820217.882124619	s3-eth19	36284514	6604
1787820217.882124619	s3-eth2	7286	7216
1787820217.882124619	s3-eth20	1562	4696
1787820217.882124619	s3-eth21	1472	4626
1787820217.882124619	s3-eth22	1312	4646
1787820217.882124619	s3-eth23	181533586	6780
1787820217.882124619	s3-eth24	1242	4646
1787820217.882124619	s3-eth25	1492	4716
1787820217.882124619	s3-eth26	1312	4646
1787820217.882124619	s3-eth27	181626517	6548
1787820217.882124619	s3-eth28	1402	4806
1787820217.882124619	s3-eth29	1492	4666
1787820217.882124619	s3-eth3	3767407	804926037
1787820217.882124619	s3-eth30	1402	4806
1787820217.882124619	s3-eth31	181723109	6627
1787820217.882124619	s3-eth32	1312	4646
1787820217.882124619	s3-eth33	1472	4626
1787820217.882124619	s3-eth34	1562	4806
1787820217.882124619	s3-eth4	1472	4716
1787820217.882124619	s3-eth5	1492	4736
1787820217.882124619	s3-eth6	1562	4736
1787820217.882124619	s3-eth7	3385	161370099
1787820217.882124619	s3-eth8	1492	4505
1787820217.882124619	s3-eth9	1562	4736
1787820217.882124619	s4-eth1	1150381738	23151
1787820217.882124619	s4-eth10	1492	4626
1787820217.882124619	s4-eth11	3467	177135825
1787820217.882124619	s4-eth12	1472	4716
1787820217.882124619	s4-eth13	1312	4696
1787820217.882124619	s4-eth14	1242	4716
1787820217.882124619	s4-eth15	3470	177063143
1787820217.882124619	s4-eth16	1312	4646
1787820217.882124619	s4-eth17	1402	4696
1787820217.882124619	s4-eth18	1242	4766
1787820217.882124619	s4-eth19	3380	36371484
1787820217.882124619	s4-eth2	7286	5256
1787820217.882124619	s4-eth20	1562	4716
1787820217.882124619	s4-eth21	1472	4716
1787820217.882124619	s4-eth22	1472	4626
1787820217.882124619	s4-eth23	3446	181895888
1787820217.882124619	s4-eth24	1402	4716
1787820217.882124619	s4-eth25	1402	4716
1787820217.882124619	s4-eth26	1242	4766
1787820217.882124619	s4-eth27	3074	181971355
1787820217.882124619	s4-eth28	1402	4806
1787820217.882124619	s4-eth29	1312	4716
1787820217.882124619	s4-eth3	3297	35522495
1787820217.882124619	s4-eth30	1312	4646
1787820217.882124619	s4-eth31	3450	182006081
1787820217.882124619	s4-eth32	1312	4716
1787820217.882124619	s4-eth33	1312	4766
1787820217.882124619	s4-eth34	1402	4696
1787820217.882124619	s4-eth4	1402	4696
1787820217.882124619	s4-eth5	1312	4696
1787820217.882124619	s4-eth6	1312	4736
1787820217.882124619	s4-eth7	3247	177589291
1787820217.882124619	s4-eth8	1242	4646
1787820217.882124619	s4-eth9	1242	4766
1787820217.882124619	s5-eth1	2603786570	3786181
1787820217.882124619	s5-eth2	584412986	1123309168
1787820217.882124619	s5-eth3	3786850	1912748505
1787820217.882124619	s5-eth4	7386	5459
1787820217.882124619	s6-eth1	7286	7286
1787820217.882124619	s6-eth2	7286	7188
1787820217.882124619	s6-eth3	7286	5459
1787820217.882124619	s6-eth4	7511	7286
1787820217.882124619	s7-eth1	588532657	1299241641
1787820217.882124619	s7-eth2	23151	1155104288
1787820217.882124619	s7-eth3	1889329997	3784820
1787820217.882124619	s7-eth4	7316	7243
1787820217.882124619	s8-eth1	7243	7313
1787820217.882124619	s8-eth2	5283	7313
1787820217.882124619	s8-eth3	7243	5416
1787820217.882124619	s8-eth4	7414	7313
1787820217.882124619	s9-eth1	1915292220	3786877
1787820217.882124619	s9-eth2	5486	7313
1787820217.882124619	s9-eth3	3784847	1891465626
1787820217.882124619	s9-eth4	5416	7243
1787820224.536858941	s10-eth1	5486	7414
1787820224.536858941	s10-eth2	7313	7539
1787820224.536858941	s10-eth3	7243	7316
1787820224.536858941	s10-eth4	7313	7414
1787820224.536858941	s1-eth1	3786208	2630170844
1787820224.536858941	s1-eth10	1492	4806
1787820224.536858941	s1-eth11	184600128	6653
1787820224.536858941	s1-eth12	1402	4736
1787820224.536858941	s1-eth13	1472	4806
1787820224.536858941	s1-eth14	1562	4736
1787820224.536858941	s1-eth15	184686926	6732
1787820224.536858941	s1-eth16	1472	4756
1787820224.536858941	s1-eth17	1562	4736
1787820224.536858941	s1-eth18	1562	4646
1787820224.536858941	s1-eth19	739145667	6638
1787820224.536858941	s1-eth2	7313	7313
1787820224.536858941	s1-eth20	1402	4806
1787820224.536858941	s1-eth21	1562	4806
1787820224.536858941	s1-eth22	1492	4736
1787820224.536858941	s1-eth23	184924429	6503
1787820224.536858941	s1-eth24	1402	4806
1787820224.536858941	s1-eth25	1492	4736
1787820224.536858941	s1-eth26	1562	4646
1787820224.536858941	s1-eth27	184992134	6644
1787820224.536858941	s1-eth28	1492	4806
1787820224.536858941	s1-eth29	1472	4646
1787820224.536858941	s1-eth3	950817134	3770937
1787820224.536858941	s1-eth30	1492	4646
1787820224.536858941	s1-eth31	185029556	6573
1787820224.536858941	s1-eth32	1492	4646
1787820224.536858941	s1-eth33	1492	4716
1787820224.536858941	s1-eth34	1492	4716
1787820224.536858941	s1-eth4	1758	5002
1787820224.536858941	s1-eth5	1492	4716
1787820224.536858941	s1-eth6	1562	4736
1787820224.536858941	s1-eth7	185169949	6559
1787820224.536858941	s1-eth8	1562	4646
1787820224.536858941	s1-eth9	1472	4646
1787820224.536858941	s2-eth1	1139935455	592812663
1787820224.536858941	s2-eth10	1472	4806
1787820224.536858941	s2-eth11	185320187	6781
1787820224.536858941	s2-eth12	1402	4736
1787820224.536858941	s2-eth13	1472	4806
1787820224.536858941	s2-eth14	1562	4806
1787820224.536858941	s2-eth15	185440963	6714
1787820224.536858941	s2-eth16	1562	4736
1787820224.536858941	s2-eth17	1562	4736
1787820224.536858941	s2-eth18	1562	4806
1787820224.536858941	s2-eth19	3234	627409483
1787820224.536858941	s2-eth2	7215	7313
1787820224.536858941	s2-eth20	1562	4806
1787820224.536858941	s2-eth21	1472	4646
1787820224.536858941	s2-eth22	1492	4806
1787820224.536858941	s2-eth23	3329	168669123
1787820224.536858941	s2-eth24	1472	4736
1787820224.536858941	s2-eth25	1492	4736
1787820224.536858941	s2-eth26	1472	4736
1787820224.536858941	s2-eth27	3240	168859488
1787820224.536858941	s2-eth28	1492	4736
1787820224.536858941	s2-eth29	1402	4806
1787820224.536858941	s2-eth3	37158895	6791
1787820224.536858941	s2-eth30	1472	4841
1787820224.536858941	s2-eth31	3399	168729638
1787820224.536858941	s2-eth32	1402	4716
1787820224.536858941	s2-eth33	1562	4736
1787820224.536858941	s2-eth34	1492	4646
1787820224.536858941	s2-eth4	1492	4806
1787820224.536858941	s2-eth5	1402	4736
1787820224.536858941	s2-eth6	1562	4716
1787820224.536858941	s2-eth7	185910823	6651
1787820224.536858941	s2-eth8	1562	4716
1787820224.536858941	s2-eth9	1402	4736
1787820224.536858941	s3-eth1	1318749044	598788188
1787820224.536858941	s3-eth10	1472	4806
1787820224.536858941	s3-eth11	3159	165159377
1787820224.536858941	s3-eth12	1242	4646
1787820224.536858941	s3-eth13	1402	4806
1787820224.536858941	s3-eth14	1562	4646
1787820224.536858941	s3-eth15	3398	164793376
1787820224.536858941	s3-eth16	1472	4716
1787820224.536858941	s3-eth17	1472	4646
1787820224.536858941	s3-eth18	1242	4806
1787820224.536858941	s3-eth19	37218930	6604
1787820224.536858941	s3-eth2	7340	7270
1787820224.536858941	s3-eth20	1562	4696
1787820224.536858941	s3-eth21	1472	4626
1787820224.536858941	s3-eth22	1312	4646
1787820224.536858941	s3-eth23	186140776	6780
1787820224.536858941	s3-eth24	1242	4646
1787820224.536858941	s3-eth25	1492	4716
1787820224.536858941	s3-eth26	1312	4646
1787820224.536858941	s3-eth27	186163049	6548
1787820224.536858941	s3-eth28	1402	4806
1787820224.536858941	s3-eth29	1492	4736
1787820224.536858941	s3-eth3	3767407	820009357
1787820224.536858941	s3-eth30	1402	4806
1787820224.536858941	s3-eth31	186229359	6627
1787820224.536858941	s3-eth32	1312	4646
1787820224.536858941	s3-eth33	1472	4626
1787820224.536858941	s3-eth34	1562	4806
1787820224.536858941	s3-eth4	1472	4716
1787820224.536858941	s3-eth5	1492	4736
1787820224.536858941	s3-eth6	1562	4736
1787820224.536858941	s3-eth7	3385	165370207
1787820224.536858941	s3-eth8	1492	4505
1787820224.536858941	s3-eth9	1562	4806
1787820224.536858941	s4-eth1	1177657222	23205
1787820224.536858941	s4-eth10	1492	4626
1787820224.536858941	s4-eth11	3467	181321951
1787820224.536858941	s4-eth12	1472	4716
1787820224.536858941	s4-eth13	1312	4696
1787820224.536858941	s4-eth14	1242	4716
1787820224.536858941	s4-eth15	3470	181302623
1787820224.536858941	s4-eth16	1312	4716
1787820224.536858941	s4-eth17	1402	4696
1787820224.536858941	s4-eth18	1242	4766
1787820224.536858941	s4-eth19	3380	37241010
1787820224.536858941	s4-eth2	7340	5310
1787820224.536858941	s4-eth20	1562	4716
1787820224.536858941	s4-eth21	1472	4716
1787820224.536858941	s4-eth22	1472	4626
1787820224.536858941	s4-eth23	3446	186292546
1787820224.536858941	s4-eth24	1402	4716
1787820224.536858941	s4-eth25	1402	4716
1787820224.536858941	s4-eth26	1242	4766
1787820224.536858941	s4-eth27	3074	186383875
1787820224.536858941	s4-eth28	1402	4806
1787820224.536858941	s4-eth29	1312	4716
1787820224.536858941	s4-eth3	3297	36389137
1787820224.536858941	s4-eth30	1312	4646
1787820224.536858941	s4-eth31	3450	186417159
1787820224.536858941	s4-eth32	1312	4716
1787820224.536858941	s4-eth33	1312	4766
1787820224.536858941	s4-eth34	1402	4696
1787820224.536858941	s4-eth4	1402	4696
1787820224.536858941	s4-eth5	1312	4696
1787820224.536858941	s4-eth6	1312	4736
1787820224.536858941	s4-eth7	3247	181967203
1787820224.536858941	s4-eth8	1242	4646
1787820224.536858941	s4-eth9	1242	4766
1787820224.536858941	s5-eth1	2662389477	3786235
1787820224.536858941	s5-eth2	598482634	1150981202
1787820224.536858941	s5-eth3	3786904	1954324303
1787820224.536858941	s5-eth4	7442	5513
1787820224.536858941	s6-eth1	7340	7340
1787820224.536858941	s6-eth2	7340	7242
1787820224.536858941	s6-eth3	7340	5513
1787820224.536858941	s6-eth4	7567	7340
1787820224.536858941	s7-eth1	602404751	1326119133
1787820224.536858941	s7-eth2	23205	1182695570
1787820224.536858941	s7-eth3	1930347741	3784874
1787820224.536858941	s7-eth4	7344	7270
1787820224.536858941	s8-eth1	7270	7340
1787820224.536858941	s8-eth2	5310	7340
1787820224.536858941	s8-eth3	7270	5443
1787820224.536858941	s8-eth4	7442	7340
1787820224.536858941	s9-eth1	1956731001	3786904
1787820224.536858941	s9-eth2	5513	7340
1787820224.536858941	s9-eth3	3784874	1932170429
1787820224.536858941	s9-eth4	5443	7270
1787820231.210235321	s10-eth1	5513	7442
1787820231.210235321	s10-eth2	7340	7567
1787820231.210235321	s10-eth3	7270	7344
1787820231.210235321	s10-eth4	7340	7442
1787820231.210235321	s1-eth1	3786235	2681410899
1787820231.210235321	s1-eth10	1492	4806
1787820231.210235321	s1-eth11	188871332	6653
1787820231.210235321	s1-eth12	1402	4736
1787820231.210235321	s1-eth13	1472	4806
1787820231.210235321	s1-eth14	1562	4736
1787820231.210235321	s1-eth15	188984086	6732
1787820231.210235321	s1-eth16	1472	4756
1787820231.210235321	s1-eth17	1562	4736
1787820231.210235321	s1-eth18	1562	4646
1787820231.210235321	s1-eth19	756299699	6638
1787820231.210235321	s1-eth2	7340	7340
1787820231.210235321	s1-eth20	1402	4806
1787820231.210235321	s1-eth21	1562	4806
1787820231.210235321	s1-eth22	1492	4736
1787820231.210235321	s1-eth23	189198517	6503
1787820231.210235321	s1-eth24	1402	4806
1787820231.210235321	s1-eth25	1492	4736
1787820231.210235321	s1-eth26	1562	4716
1787820231.210235321	s1-eth27	189261896	6644
1787820231.210235321	s1-eth28	1492	4806
1787820231.210235321	s1-eth29	1472	4646
1787820231.210235321	s1-eth3	967965398	3770937
1787820231.210235321	s1-eth30	1492	4646
1787820231.210235321	s1-eth31	189335368	6573
1787820231.210235321	s1-eth32	1492	4646
1787820231.210235321	s1-eth33	1492	4716
1787820231.210235321	s1-eth34	1492	4716
1787820231.210235321	s1-eth4	1758	5002
1787820231.210235321	s1-eth5	1492	4716
1787820231.210235321	s1-eth6	1562	4736
1787820231.210235321	s1-eth7	189477203	6559
1787820231.210235321	s1-eth8	1562	4646
1787820231.210235321	s1-eth9	1472	4646
1787820231.210235321	s2-eth1	1161512155	606570839
1787820231.210235321	s2-eth10	1472	4806
1787820231.210235321	s2-eth11	189571203	6781
1787820231.210235321	s2-eth12	1402	4736
1787820231.210235321	s2-eth13	1472	4806
1787820231.210235321	s2-eth14	1562	4806
1787820231.210235321	s2-eth15	189604017	6714
1787820231.210235321	s2-eth16	1562	4736
1787820231.210235321	s2-eth17	1562	4736
1787820231.210235321	s2-eth18	1562	4806
1787820231.210235321	s2-eth19	3304	638299467
1787820231.210235321	s2-eth2	7269	7367
1787820231.210235321	s2-eth20	1562	4806
1787820231.210235321	s2-eth21	1472	4646
1787820231.210235321	s2-eth22	1492	4806
1787820231.210235321	s2-eth23	3329	171789611
1787820231.210235321	s2-eth24	1472	4736
1787820231.210235321	s2-eth25	1492	4736
1787820231.210235321	s2-eth26	1472	4736
1787820231.210235321	s2-eth27	3310	171959788
1787820231.210235321	s2-eth28	1492	4736
1787820231.210235321	s2-eth29	1402	4806
1787820231.210235321	s2-eth3	37986603	6791
1787820231.210235321	s2-eth30	1472	4841
1787820231.210235321	s2-eth31	3399	171870314
1787820231.210235321	s2-eth32	1402	4716
1787820231.210235321	s2-eth33	1562	4736
1787820231.210235321	s2-eth34	1492	4646
1787820231.210235321	s2-eth4	1492	4806
1787820231.210235321	s2-eth5	1402	4736
1787820231.210235321	s2-eth6	1562	4716
1787820231.210235321	s2-eth7	190066667	6651
1787820231.210235321	s2-eth8	1562	4716
1787820231.210235321	s2-eth9	1402	4736
1787820231.210235321	s3-eth1	1338836158	612100786
1787820231.210235321	s3-eth10	1472	4806
1787820231.210235321	s3-eth11	3159	168177483
1787820231.210235321	s3-eth12	1242	4646
1787820231.210235321	s3-eth13	1402	4806
1787820231.210235321	s3-eth14	1562	4646
1787820231.210235321	s3-eth15	3398	167765338
1787820231.210235321	s3-eth16	1472	4716
1787820231.210235321	s3-eth17	1472	4646
1787820231.210235321	s3-eth18	1242	4806
1787820231.210235321	s3-eth19	38059616	6604
1787820231.210235321	s3-eth2	7367	7297
1787820231.210235321	s3-eth20	1562	4696
1787820231.210235321	s3-eth21	1472	4626
1787820231.210235321	s3-eth22	1312	4646
1787820231.210235321	s3-eth23	190393234	6780
1787820231.210235321	s3-eth24	1242	4646
1787820231.210235321	s3-eth25	1492	4716
1787820231.210235321	s3-eth26	1312	4646
1787820231.210235321	s3-eth27	190471745	6548
1787820231.210235321	s3-eth28	1402	4806
1787820231.210235321	s3-eth29	1492	4736
1787820231.210235321	s3-eth3	3767407	831383853
1787820231.210235321	s3-eth30	1402	4806
1787820231.210235321	s3-eth31	190516425	6627
1787820231.210235321	s3-eth32	1312	4646
1787820231.210235321	s3-eth33	1472	4626
1787820231.210235321	s3-eth34	1562	4806
1787820231.210235321	s3-eth4	1472	4716
1787820231.210235321	s3-eth5	1492	4736
1787820231.210235321	s3-eth6	1562	4736
1787820231.210235321	s3-eth7	3385	168601729
1787820231.210235321	s3-eth8	1492	4505
1787820231.210235321	s3-eth9	1562	4806
1787820231.210235321	s4-eth1	1205477755	23232
1787820231.210235321	s4-eth10	1492	4626
1787820231.210235321	s4-eth11	3467	185604691
1787820231.210235321	s4-eth12	1472	4716
1787820231.210235321	s4-eth13	1312	4696
1787820231.210235321	s4-eth14	1242	4716
1787820231.210235321	s4-eth15	3470	185553639
1787820231.210235321	s4-eth16	1312	4716
1787820231.210235321	s4-eth17	1402	4696
1787820231.210235321	s4-eth18	1242	4766
1787820231.210235321	s4-eth19	3380	38117746
1787820231.210235321	s4-eth2	7367	5337
1787820231.210235321	s4-eth20	1562	4716
1787820231.210235321	s4-eth21	1472	4716
1787820231.210235321	s4-eth22	1472	4626
1787820231.210235321	s4-eth23	3446	190631524
1787820231.210235321	s4-eth24	1472	4716
1787820231.210235321	s4-eth25	1402	4716
1787820231.210235321	s4-eth26	1242	4766
1787820231.210235321	s4-eth27	3074	190724295
1787820231.210235321	s4-eth28	1402	4806
1787820231.210235321	s4-eth29	1312	4716
1787820231.210235321	s4-eth3	3297	37242801
1787820231.210235321	s4-eth30	1312	4646
1787820231.210235321	s4-eth31	3450	190797955
1787820231.210235321	s4-eth32	1312	4716
1787820231.210235321	s4-eth33	1312	4766
1787820231.210235321	s4-eth34	1472	4696
1787820231.210235321	s4-eth4	1402	4696
1787820231.210235321	s4-eth5	1312	4696
1787820231.210235321	s4-eth6	1312	4736
1787820231.210235321	s4-eth7	3247	186198031
1787820231.210235321	s4-eth8	1242	4646
1787820231.210235321	s4-eth9	1242	4766
1787820231.210235321	s5-eth1	2712007282	3786262
1787820231.210235321	s5-eth2	612566675	1173441821
1787820231.210235321	s5-eth3	3786931	1991513510
1787820231.210235321	s5-eth4	7470	5540
1787820231.210235321	s6-eth1	7367	7367
1787820231.210235321	s6-eth2	7367	7269
1787820231.210235321	s6-eth3	7367	5540
1787820231.210235321	s6-eth4	7595	7367
1787820231.210235321	s7-eth1	616487350	1347891918
1787820231.210235321	s7-eth2	23232	1210232029
1787820231.210235321	s7-eth3	1966087738	3784901
1787820231.210235321	s7-eth4	7372	7297
1787820231.210235321	s8-eth1	7297	7367
1787820231.210235321	s8-eth2	5337	7367
1787820231.210235321	s8-eth3	7297	5470
1787820231.210235321	s8-eth4	7470	7367
1787820231.210235321	s9-eth1	1993316010	3786931
1787820231.210235321	s9-eth2	5540	7367
1787820231.210235321	s9-eth3	3784901	1967846978
1787820231.210235321	s9-eth4	5470	7297
1787820238.026088001	s10-eth1	5567	7498
1787820238.026088001	s10-eth2	7394	7623
1787820238.026088001	s10-eth3	7324	7400
1787820238.026088001	s10-eth4	7394	7498
1787820238.026088001	s1-eth1	3786289	2734861567
1787820238.026088001	s1-eth10	1492	4806
1787820238.026088001	s1-eth11	193214636	6653
1787820238.026088001	s1-eth12	1402	4736
1787820238.026088001	s1-eth13	1472	4806
1787820238.026088001	s1-eth14	1562	4736
1787820238.026088001	s1-eth15	193271152	6732
1787820238.026088001	s1-eth16	1472	4756
1787820238.026088001	s1-eth17	1562	4736
1787820238.026088001	s1-eth18	1562	4646
1787820238.026088001	s1-eth19	773246083	6638
1787820238.026088001	s1-eth2	7394	7394
1787820238.026088001	s1-eth20	1402	4806
1787820238.026088001	s1-eth21	1562	4806
1787820238.026088001	s1-eth22	1492	4736
1787820238.026088001	s1-eth23	193384643	6503
1787820238.026088001	s1-eth24	1402	4806
1787820238.026088001	s1-eth25	1492	4736
1787820238.026088001	s1-eth26	1562	4716
1787820238.026088001	s1-eth27	193406204	6644
1787820238.026088001	s1-eth28	1492	4806
1787820238.026088001	s1-eth29	1472	4646
1787820238.026088001	s1-eth3	984521000	3770937
1787820238.026088001	s1-eth30	1492	4646
1787820238.026088001	s1-eth31	193471024	6573
1787820238.026088001	s1-eth32	1492	4646
1787820238.026088001	s1-eth33	1492	4716
1787820238.026088001	s1-eth34	1492	4716
1787820238.026088001	s1-eth4	1758	5002
1787820238.026088001	s1-eth5	1492	4716
1787820238.026088001	s1-eth6	1562	4736
1787820238.026088001	s1-eth7	193579693	6559
1787820238.026088001	s1-eth8	1562	4646
1787820238.026088001	s1-eth9	1472	4646
1787820238.026088001	s2-eth1	1186649126	619528678
1787820238.026088001	s2-eth10	1472	4806
1787820238.026088001	s2-eth11	193618897	6781
1787820238.026088001	s2-eth12	1402	4736
1787820238.026088001	s2-eth13	1472	4806
1787820238.026088001	s2-eth14	1562	4806
1787820238.026088001	s2-eth15	193658921	6714
1787820238.026088001	s2-eth16	1562	4736
1787820238.026088001	s2-eth17	1562	4736
1787820238.026088001	s2-eth18	1562	4806
1787820238.026088001	s2-eth19	3304	652409437
1787820238.026088001	s2-eth2	7296	7394
1787820238.026088001	s2-eth20	1562	4806
1787820238.026088001	s2-eth21	1472	4646
1787820238.026088001	s2-eth22	1492	4806
1787820238.026088001	s2-eth23	3329	175394611
1787820238.026088001	s2-eth24	1472	4736
1787820238.026088001	s2-eth25	1492	4736
1787820238.026088001	s2-eth26	1472	4736
1787820238.026088001	s2-eth27	3310	175499898
1787820238.026088001	s2-eth28	1492	4736
1787820238.026088001	s2-eth29	1402	4806
1787820238.026088001	s2-eth3	38758073	6791
1787820238.026088001	s2-eth30	1472	4841
1787820238.026088001	s2-eth31	3399	175381584
1787820238.026088001	s2-eth32	1402	4716
1787820238.026088001	s2-eth33	1562	4736
1787820238.026088001	s2-eth34	1492	4646
1787820238.026088001	s2-eth4	1492	4806
1787820238.026088001	s2-eth5	1402	4736
1787820238.026088001	s2-eth6	1562	4716
1787820238.026088001	s2-eth7	193846149	6651
1787820238.026088001	s2-eth8	1562	4716
1787820238.026088001	s2-eth9	1402	4736
1787820238.026088001	s3-eth1	1362176397	624150165
1787820238.026088001	s3-eth10	1472	4806
1787820238.026088001	s3-eth11	3159	171524365
1787820238.026088001	s3-eth12	1242	4646
1787820238.026088001	s3-eth13	1402	4806
1787820238.026088001	s3-eth14	1562	4646
1787820238.026088001	s3-eth15	3398	171117988
1787820238.026088001	s3-eth16	1472	4716
1787820238.026088001	s3-eth17	1472	4646
1787820238.026088001	s3-eth18	1242	4806
1787820238.026088001	s3-eth19	38825388	6604
1787820238.026088001	s3-eth2	7394	7324
1787820238.026088001	s3-eth20	1562	4696
1787820238.026088001	s3-eth21	1472	4626
1787820238.026088001	s3-eth22	1312	4646
1787820238.026088001	s3-eth23	194178484	6780
1787820238.026088001	s3-eth24	1242	4646
1787820238.026088001	s3-eth25	1492	4716
1787820238.026088001	s3-eth26	1312	4646
1787820238.026088001	s3-eth27	194228155	6548
1787820238.026088001	s3-eth28	1402	4806
1787820238.026088001	s3-eth29	1492	4736
1787820238.026088001	s3-eth3	3767407	844508937
1787820238.026088001	s3-eth30	1402	4806
1787820238.026088001	s3-eth31	194308885	6627
1787820238.026088001	s3-eth32	1312	4646
1787820238.026088001	s3-eth33	1472	4696
1787820238.026088001	s3-eth34	1562	4806
1787820238.026088001	s3-eth4	1472	4716
1787820238.026088001	s3-eth5	1492	4736
1787820238.026088001	s3-eth6	1562	4736
1787820238.026088001	s3-eth7	3385	171916887
1787820238.026088001	s3-eth8	1492	4505
1787820238.026088001	s3-eth9	1562	4806
1787820238.026088001	s4-eth1	1228730032	23259
1787820238.026088001	s4-eth10	1492	4626
1787820238.026088001	s4-eth11	3467	189144801
1787820238.026088001	s4-eth12	1472	4716
1787820238.026088001	s4-eth13	1312	4696
1787820238.026088001	s4-eth14	1242	4716
1787820238.026088001	s4-eth15	3470	189067793
1787820238.026088001	s4-eth16	1312	4716
1787820238.026088001	s4-eth17	1402	4696
1787820238.026088001	s4-eth18	1242	4766
1787820238.026088001	s4-eth19	3380	38847398
1787820238.026088001	s4-eth2	7394	5364
1787820238.026088001	s4-eth20	1562	4716
1787820238.026088001	s4-eth21	1472	4716
1787820238.026088001	s4-eth22	1472	4626
1787820238.026088001	s4-eth23	3446	194310066
1787820238.026088001	s4-eth24	1472	4716
1787820238.026088001	s4-eth25	1402	4716
1787820238.026088001	s4-eth26	1242	4766
1787820238.026088001	s4-eth27	3074	194385533
1787820238.026088001	s4-eth28	1402	4806
1787820238.026088001	s4-eth29	1312	4716
1787820238.026088001	s4-eth3	3297	37943613
1787820238.026088001	s4-eth30	1312	4646
1787820238.026088001	s4-eth31	3450	194395745
1787820238.026088001	s4-eth32	1312	4716
1787820238.026088001	s4-eth33	1312	4766
1787820238.026088001	s4-eth34	1472	4696
1787820238.026088001	s4-eth4	1472	4696
1787820238.026088001	s4-eth5	1312	4696
1787820238.026088001	s4-eth6	1312	4736
1787820238.026088001	s4-eth7	3247	189578079
1787820238.026088001	s4-eth8	1242	4646
1787820238.026088001	s4-eth9	1242	4766
1787820238.026088001	s5-eth1	2758312813	3786289
1787820238.026088001	s5-eth2	623559068	1194815172
1787820238.026088001	s5-eth3	3786958	2023540357
1787820238.026088001	s5-eth4	7498	5567
1787820238.026088001	s6-eth1	7394	7394
1787820238.026088001	s6-eth2	7394	7296
1787820238.026088001	s6-eth3	7394	5567
1787820238.026088001	s6-eth4	7623	7394
1787820238.026088001	s7-eth1	627521561	1368524081
1787820238.026088001	s7-eth2	23259	1231964438
1787820238.026088001	s7-eth3	1997811765	3784928
1787820238.026088001	s7-eth4	7400	7324
1787820238.026088001	s8-eth1	7324	7394
1787820238.026088001	s8-eth2	5364	7394
1787820238.026088001	s8-eth3	7324	5497
1787820238.026088001	s8-eth4	7498	7394
1787820238.026088001	s9-eth1	2024575713	3786958
1787820238.026088001	s9-eth2	5567	7394
1787820238.026088001	s9-eth3	3784928	1998211199
1787820238.026088001	s9-eth4	5497	7324
1787820243.047899934	s10-eth1	5594	7526
1787820243.047899934	s10-eth2	7421	7651
1787820243.047899934	s10-eth3	7351	7428
1787820243.047899934	s10-eth4	7421	7526
1787820243.047899934	s1-eth1	3786316	2779265100
1787820243.047899934	s1-eth10	1492	4806
1787820243.047899934	s1-eth11	196391362	6653
1787820243.047899934	s1-eth12	1402	4736
1787820243.047899934	s1-eth13	1472	4806
1787820243.047899934	s1-eth14	1562	4736
1787820243.047899934	s1-eth15	196424806	6732
1787820243.047899934	s1-eth16	1472	4756
1787820243.047899934	s1-eth17	1562	4736
1787820243.047899934	s1-eth18	1562	4646
1787820243.047899934	s1-eth19	785807345	6638
1787820243.047899934	s1-eth2	7421	7421
1787820243.047899934	s1-eth20	1402	4806
1787820243.047899934	s1-eth21	1562	4806
1787820243.047899934	s1-eth22	1492	4736
1787820243.047899934	s1-eth23	196541181	6503
1787820243.047899934	s1-eth24	1402	4806
1787820243.047899934	s1-eth25	1492	4736
1787820243.047899934	s1-eth26	1562	4716
1787820243.047899934	s1-eth27	196606002	6644
1787820243.047899934	s1-eth28	1492	4806
1787820243.047899934	s1-eth29	1472	4646
1787820243.047899934	s1-eth3	997496116	3770937
1787820243.047899934	s1-eth30	1492	4646
1787820243.047899934	s1-eth31	196735712	6573
1787820243.047899934	s1-eth32	1492	4646
1787820243.047899934	s1-eth33	1492	4716
1787820243.047899934	s1-eth34	1492	4716
1787820243.047899934	s1-eth4	1758	5002
1787820243.047899934	s1-eth5	1492	4716
1787820243.047899934	s1-eth6	1562	4736
1787820243.047899934	s1-eth7	196854475	6559
1787820243.047899934	s1-eth8	1562	4646
1787820243.047899934	s1-eth9	1472	4646
1787820243.047899934	s2-eth1	1208280595	630076935
1787820243.047899934	s2-eth10	1472	4806
1787820243.047899934	s2-eth11	196941265	6781
1787820243.047899934	s2-eth12	1402	4736
1787820243.047899934	s2-eth13	1472	4806
1787820243.047899934	s2-eth14	1562	4806
1787820243.047899934	s2-eth15	196997151	6714
1787820243.047899934	s2-eth16	1562	4736
1787820243.047899934	s2-eth17	1562	4736
1787820243.047899934	s2-eth18	1562	4806
1787820243.047899934	s2-eth19	3304	664927439
1787820243.047899934	s2-eth2	7323	7421
1787820243.047899934	s2-eth20	1562	4806
1787820243.047899934	s2-eth21	1472	4646
1787820243.047899934	s2-eth22	1492	4806
1787820243.047899934	s2-eth23	3329	178639111
1787820243.047899934	s2-eth24	1472	4736
1787820243.047899934	s2-eth25	1492	4736
1787820243.047899934	s2-eth26	1472	4736
1787820243.047899934	s2-eth27	3310	178828034
1787820243.047899934	s2-eth28	1492	4736
1787820243.047899934	s2-eth29	1402	4806
1787820243.047899934	s2-eth3	39458885	6791
1787820243.047899934	s2-eth30	1472	4841
1787820243.047899934	s2-eth31	3399	178728466
1787820243.047899934	s2-eth32	1402	4716
1787820243.047899934	s2-eth33	1562	4736
1787820243.047899934	s2-eth34	1492	4646
1787820243.047899934	s2-eth4	1492	4806
1787820243.047899934	s2-eth5	1402	4736
1787820243.047899934	s2-eth6	1562	4716
1787820243.047899934	s2-eth7	197406447	6651
1787820243.047899934	s2-eth8	1562	4716
1787820243.047899934	s2-eth9	1402	4736
1787820243.047899934	s3-eth1	1384794194	635556412
1787820243.047899934	s3-eth10	1472	4806
1787820243.047899934	s3-eth11	3159	174848175
1787820243.047899934	s3-eth12	1242	4646
1787820243.047899934	s3-eth13	1402	4806
1787820243.047899934	s3-eth14	1562	4646
1787820243.047899934	s3-eth15	3398	174382676
1787820243.047899934	s3-eth16	1472	4716
1787820243.047899934	s3-eth17	1472	4646
1787820243.047899934	s3-eth18	1242	4806
1787820243.047899934	s3-eth19	39520432	6604
1787820243.047899934	s3-eth2	7421	7351
1787820243.047899934	s3-eth20	1562	4696
1787820243.047899934	s3-eth21	1472	4626
1787820243.047899934	s3-eth22	1312	4646
1787820243.047899934	s3-eth23	197640726	6780
1787820243.047899934	s3-eth24	1242	4646
1787820243.047899934	s3-eth25	1492	4716
1787820243.047899934	s3-eth26	1312	4646
1787820243.047899934	s3-eth27	197668767	6548
1787820243.047899934	s3-eth28	1402	4806
1787820243.047899934	s3-eth29	1492	4736
1787820243.047899934	s3-eth3	3767407	856794777
1787820243.047899934	s3-eth30	1402	4806
1787820243.047899934	s3-eth31	197735077	6627
1787820243.047899934	s3-eth32	1312	4646
1787820243.047899934	s3-eth33	1472	4696
1787820243.047899934	s3-eth34	1562	4806
1787820243.047899934	s3-eth4	1472	4716
1787820243.047899934	s3-eth5	1492	4736
1787820243.047899934	s3-eth6	1562	4736
1787820243.047899934	s3-eth7	3385	175170039
1787820243.047899934	s3-eth8	1492	4505
1787820243.047899934	s3-eth9	1562	4806
1787820243.047899934	s4-eth1	1251021937	23286
1787820243.047899934	s4-eth10	1492	4626
1787820243.047899934	s4-eth11	3467	192594065
1787820243.047899934	s4-eth12	1472	4716
1787820243.047899934	s4-eth13	1312	4696
1787820243.047899934	s4-eth14	1242	4716
1787820243.047899934	s4-eth15	3470	192541571
1787820243.047899934	s4-eth16	1312	4716
1787820243.047899934	s4-eth17	1402	4696
1787820243.047899934	s4-eth18	1242	4766
1787820243.047899934	s4-eth19	3380	39549652
1787820243.047899934	s4-eth2	7421	5391
1787820243.047899934	s4-eth20	1562	4716
1787820243.047899934	s4-eth21	1472	4716
1787820243.047899934	s4-eth22	1472	4626
1787820243.047899934	s4-eth23	3446	197782402
1787820243.047899934	s4-eth24	1472	4716
1787820243.047899934	s4-eth25	1402	4716
1787820243.047899934	s4-eth26	1242	4766
1787820243.047899934	s4-eth27	3074	197896803
1787820243.047899934	s4-eth28	1402	4806
1787820243.047899934	s4-eth29	1312	4716
1787820243.047899934	s4-eth3	3297	38642983
1787820243.047899934	s4-eth30	1312	4646
1787820243.047899934	s4-eth31	3450	198019491
1787820243.047899934	s4-eth32	1312	4716
1787820243.047899934	s4-eth33	1312	4766
1787820243.047899934	s4-eth34	1472	4696
1787820243.047899934	s4-eth4	1472	4696
1787820243.047899934	s4-eth5	1312	4696
1787820243.047899934	s4-eth6	1312	4736
1787820243.047899934	s4-eth7	3247	193314301
1787820243.047899934	s4-eth8	1242	4646
1787820243.047899934	s4-eth9	1242	4766
1787820243.047899934	s5-eth1	2811583204	3786316
1787820243.047899934	s5-eth2	635806001	1220557783
1787820243.047899934	s5-eth3	3786985	2061600532
1787820243.047899934	s5-eth4	7526	5594
1787820243.047899934	s6-eth1	7421	7421
1787820243.047899934	s6-eth2	7421	7323
1787820243.047899934	s6-eth3	7421	5594
1787820243.047899934	s6-eth4	7651	7421
1787820243.047899934	s7-eth1	640042474	1394250830
1787820243.047899934	s7-eth2	23286	1257014889
1787820243.047899934	s7-eth3	2036654946	3784982
1787820243.047899934	s7-eth4	7456	7448
1787820243.047899934	s8-eth1	7378	7448
1787820243.047899934	s8-eth2	5418	7448
1787820243.047899934	s8-eth3	7378	5551
1787820243.047899934	s8-eth4	7554	7448
1787820243.047899934	s9-eth1	2064486001	3787012
1787820243.047899934	s9-eth2	5621	7448
1787820243.047899934	s9-eth3	3784982	2037797037
1787820243.047899934	s9-eth4	5551	7378
1787820249.318967316	s10-eth1	5621	7554
1787820249.318967316	s10-eth2	7448	7679
1787820249.318967316	s10-eth3	7448	7456
1787820249.318967316	s10-eth4	7448	7554
1787820249.318967316	s1-eth1	3786343	2836152027
1787820249.318967316	s1-eth10	1492	4806
1787820249.318967316	s1-eth11	200439126	6653
1787820249.318967316	s1-eth12	1402	4806
1787820249.318967316	s1-eth13	1472	4806
1787820249.318967316	s1-eth14	1562	4806
1787820249.318967316	s1-eth15	200501340	6732
1787820249.318967316	s1-eth16	1472	4826
1787820249.318967316	s1-eth17	1562	4736
1787820249.318967316	s1-eth18	1562	4646
1787820249.318967316	s1-eth19	802256239	6638
1787820249.318967316	s1-eth2	7448	7448
1787820249.318967316	s1-eth20	1402	4806
1787820249.318967316	s1-eth21	1562	4806
1787820249.318967316	s1-eth22	1492	4736
1787820249.318967316	s1-eth23	200671069	6573
1787820249.318967316	s1-eth24	1472	4806
1787820249.318967316	s1-eth25	1562	4736
1787820249.318967316	s1-eth26	1562	4716
1787820249.318967316	s1-eth27	200712818	6644
1787820249.318967316	s1-eth28	1492	4806
1787820249.318967316	s1-eth29	1472	4716
1787820249.318967316	s1-eth3	1013839744	3770937
1787820249.318967316	s1-eth30	1562	4646
1787820249.318967316	s1-eth31	200815200	6573
1787820249.318967316	s1-eth32	1562	4716
1787820249.318967316	s1-eth33	1492	4716
1787820249.318967316	s1-eth34	1562	4716
1787820249.318967316	s1-eth4	1758	5002
1787820249.318967316	s1-eth5	1492	4716
1787820249.318967316	s1-eth6	1562	4736
1787820249.318967316	s1-eth7	201018971	6559
1787820249.318967316	s1-eth8	1562	4716
1787820249.318967316	s1-eth9	1472	4646
1787820249.318967316	s2-eth1	1236871156	643455838
1787820249.318967316	s2-eth10	1472	4806
1787820249.318967316	s2-eth11	201134601	6781
1787820249.318967316	s2-eth12	1402	4806
1787820249.318967316	s2-eth13	1472	4806
1787820249.318967316	s2-eth14	1562	4806
1787820249.318967316	s2-eth15	201191929	6784
1787820249.318967316	s2-eth16	1562	4736
1787820249.318967316	s2-eth17	1562	4736
1787820249.318967316	s2-eth18	1562	4806
1787820249.318967316	s2-eth19	3304	681118215
1787820249.318967316	s2-eth2	7350	7448
1787820249.318967316	s2-eth20	1562	4806
1787820249.318967316	s2-eth21	1472	4646
1787820249.318967316	s2-eth22	1562	4806
1787820249.318967316	s2-eth23	3329	182694085
1787820249.318967316	s2-eth24	1472	4806
1787820249.318967316	s2-eth25	1562	4806
1787820249.318967316	s2-eth26	1472	4736
1787820249.318967316	s2-eth27	3310	182803628
1787820249.318967316	s2-eth28	1562	4806
1787820249.318967316	s2-eth29	1472	4806
1787820249.318967316	s2-eth3	40269289	6861
1787820249.318967316	s2-eth30	1472	4841
1787820249.318967316	s2-eth31	3399	182652148
1787820249.318967316	s2-eth32	1472	4716
1787820249.318967316	s2-eth33	1562	4736
1787820249.318967316	s2-eth34	1492	4646
1787820249.318967316	s2-eth4	1492	4806
1787820249.318967316	s2-eth5	1402	4736
1787820249.318967316	s2-eth6	1562	4716
1787820249.318967316	s2-eth7	201386367	6651
1787820249.318967316	s2-eth8	1562	4716
1787820249.318967316	s2-eth9	1402	4736
1787820249.318967316	s3-eth1	1411386143	648299393
1787820249.318967316	s3-eth10	1472	4806
1787820249.318967316	s3-eth11	3159	178634937
1787820249.318967316	s3-eth12	1312	4646
1787820249.318967316	s3-eth13	1402	4806
1787820249.318967316	s3-eth14	1562	4716
1787820249.318967316	s3-eth15	3398	178141970
1787820249.318967316	s3-eth16	1472	4716
1787820249.318967316	s3-eth17	1472	4716
1787820249.318967316	s3-eth18	1242	4806
1787820249.318967316	s3-eth19	40316416	6604
1787820249.318967316	s3-eth2	7448	7378
1787820249.318967316	s3-eth20	1562	4696
1787820249.318967316	s3-eth21	1472	4626
1787820249.318967316	s3-eth22	1312	4646
1787820249.318967316	s3-eth23	201639392	6850
1787820249.318967316	s3-eth24	1242	4716
1787820249.318967316	s3-eth25	1562	4716
1787820249.318967316	s3-eth26	1312	4646
1787820249.318967316	s3-eth27	201719345	6548
1787820249.318967316	s3-eth28	1402	4806
1787820249.318967316	s3-eth29	1492	4736
1787820249.318967316	s3-eth3	3767407	871644493
1787820249.318967316	s3-eth30	1472	4806
1787820249.318967316	s3-eth31	201761141	6627
1787820249.318967316	s3-eth32	1312	4646
1787820249.318967316	s3-eth33	1472	4696
1787820249.318967316	s3-eth34	1562	4806
1787820249.318967316	s3-eth4	1472	4716
1787820249.318967316	s3-eth5	1492	4806
1787820249.318967316	s3-eth6	1562	4806
1787820249.318967316	s3-eth7	3385	178795227
1787820249.318967316	s3-eth8	1562	4505
1787820249.318967316	s3-eth9	1562	4806
1787820249.318967316	s4-eth1	1275646998	23313
1787820249.318967316	s4-eth10	1492	4626
1787820249.318967316	s4-eth11	3467	196333171
1787820249.318967316	s4-eth12	1472	4716
1787820249.318967316	s4-eth13	1312	4696
1787820249.318967316	s4-eth14	1242	4716
1787820249.318967316	s4-eth15	3470	196280677
1787820249.318967316	s4-eth16	1312	4716
1787820249.318967316	s4-eth17	1402	4696
1787820249.318967316	s4-eth18	1242	4766
1787820249.318967316	s4-eth19	3450	40331216
1787820249.318967316	s4-eth2	7448	5418
1787820249.318967316	s4-eth20	1562	4716
1787820249.318967316	s4-eth21	1472	4716
1787820249.318967316	s4-eth22	1472	4626
1787820249.318967316	s4-eth23	3446	201687338
1787820249.318967316	s4-eth24	1472	4716
1787820249.318967316	s4-eth25	1402	4716
1787820249.318967316	s4-eth26	1242	4766
1787820249.318967316	s4-eth27	3074	201765689
1787820249.318967316	s4-eth28	1472	4806
1787820249.318967316	s4-eth29	1312	4716
1787820249.318967316	s4-eth3	3367	39382729
1787820249.318967316	s4-eth30	1312	4646
1787820249.318967316	s4-eth31	3450	201875399
1787820249.318967316	s4-eth32	1312	4716
1787820249.318967316	s4-eth33	1312	4766
1787820249.318967316	s4-eth34	1472	4696
1787820249.318967316	s4-eth4	1472	4696
1787820249.318967316	s4-eth5	1312	4696
1787820249.318967316	s4-eth6	1312	4736
1787820249.318967316	s4-eth7	3247	196834293
1787820249.318967316	s4-eth8	1242	4646
1787820249.318967316	s4-eth9	1312	4766
1787820249.318967316	s5-eth1	2862885292	3786370
1787820249.318967316	s5-eth2	647562681	1244708453
1787820249.318967316	s5-eth3	3787039	2097239616
1787820249.318967316	s5-eth4	7582	5648
1787820249.318967316	s6-eth1	7475	7475
1787820249.318967316	s6-eth2	7475	7377
1787820249.318967316	s6-eth3	7475	5648
1787820249.318967316	s6-eth4	7707	7475
1787820249.318967316	s7-eth1	651741474	1417034484
1787820249.318967316	s7-eth2	23340	1279763935
1787820249.318967316	s7-eth3	2071404316	3785009
1787820249.318967316	s7-eth4	7484	7475
1787820249.318967316	s8-eth1	7405	7475
1787820249.318967316	s8-eth2	5445	7475
1787820249.318967316	s8-eth3	7405	5578
1787820249.318967316	s8-eth4	7582	7475
1787820249.318967316	s9-eth1	2100458160	3787039
1787820249.318967316	s9-eth2	5648	7475
1787820249.318967316	s9-eth3	3785009	2073323618
1787820249.318967316	s9-eth4	5578	7405
1787820255.198447368	s10-eth1	5648	7582
1787820255.198447368	s10-eth2	7475	7707
1787820255.198447368	s10-eth3	7475	7484
1787820255.198447368	s10-eth4	7475	7582
1787820255.198447368	s1-eth1	3786370	2889239284
1787820255.198447368	s1-eth10	1492	4806
1787820255.198447368	s1-eth11	204328200	6653
1787820255.198447368	s1-eth12	1402	4806
1787820255.198447368	s1-eth13	1472	4806
1787820255.198447368	s1-eth14	1562	4806
1787820255.198447368	s1-eth15	204492796	6732
1787820255.198447368	s1-eth16	1472	4826
1787820255.198447368	s1-eth17	1562	4736
1787820255.198447368	s1-eth18	1562	4646
1787820255.198447368	s1-eth19	818569585	6638
1787820255.198447368	s1-eth2	7475	7475
1787820255.198447368	s1-eth20	1402	4806
1787820255.198447368	s1-eth21	1562	4806
1787820255.198447368	s1-eth22	1492	4736
1787820255.198447368	s1-eth23	204730299	6573
1787820255.198447368	s1-eth24	1472	4806
1787820255.198447368	s1-eth25	1562	4736
1787820255.198447368	s1-eth26	1562	4716
1787820255.198447368	s1-eth27	204753302	6644
1787820255.198447368	s1-eth28	1492	4806
1787820255.198447368	s1-eth29	1472	4716
1787820255.198447368	s1-eth3	1030066570	3770937
1787820255.198447368	s1-eth30	1562	4646
1787820255.198447368	s1-eth31	204906154	6573
1787820255.198447368	s1-eth32	1562	4716
1787820255.198447368	s1-eth33	1492	4716
1787820255.198447368	s1-eth34	1562	4716
1787820255.198447368	s1-eth4	1758	5002
1787820255.198447368	s1-eth5	1492	4716
1787820255.198447368	s1-eth6	1562	4736
1787820255.198447368	s1-eth7	205130113	6559
1787820255.198447368	s1-eth8	1562	4716
1787820255.198447368	s1-eth9	1472	4646
1787820255.198447368	s2-eth1	1261327503	656694867
1787820255.198447368	s2-eth10	1472	4806
1787820255.198447368	s2-eth11	205271699	6781
1787820255.198447368	s2-eth12	1402	4806
1787820255.198447368	s2-eth13	1472	4806
1787820255.198447368	s2-eth14	1562	4806
1787820255.198447368	s2-eth15	205352099	6784
1787820255.198447368	s2-eth16	1562	4736
1787820255.198447368	s2-eth17	1562	4736
1787820255.198447368	s2-eth18	1562	4806
1787820255.198447368	s2-eth19	3304	694642733
1787820255.198447368	s2-eth2	7404	7502
1787820255.198447368	s2-eth20	1562	4806
1787820255.198447368	s2-eth21	1472	4646
1787820255.198447368	s2-eth22	1562	4806
1787820255.198447368	s2-eth23	3329	186486545
1787820255.198447368	s2-eth24	1472	4806
1787820255.198447368	s2-eth25	1562	4806
1787820255.198447368	s2-eth26	1472	4736
1787820255.198447368	s2-eth27	3310	186639348
1787820255.198447368	s2-eth28	1562	4806
1787820255.198447368	s2-eth29	1472	4806
1787820255.198447368	s2-eth3	41141699	6861
1787820255.198447368	s2-eth30	1472	4841
1787820255.198447368	s2-eth31	3399	186482100
1787820255.198447368	s2-eth32	1472	4716
1787820255.198447368	s2-eth33	1562	4736
1787820255.198447368	s2-eth34	1492	4646
1787820255.198447368	s2-eth4	1492	4806
1787820255.198447368	s2-eth5	1402	4736
1787820255.198447368	s2-eth6	1562	4716
1787820255.198447368	s2-eth7	205842147	6651
1787820255.198447368	s2-eth8	1562	4716
1787820255.198447368	s2-eth9	1402	4736
1787820255.198447368	s3-eth1	1436967277	662668977
1787820255.198447368	s3-eth10	1472	4806
1787820255.198447368	s3-eth11	3159	182411535
1787820255.198447368	s3-eth12	1312	4646
1787820255.198447368	s3-eth13	1402	4806
1787820255.198447368	s3-eth14	1562	4716
1787820255.198447368	s3-eth15	3398	182023834
1787820255.198447368	s3-eth16	1472	4716
1787820255.198447368	s3-eth17	1472	4716
1787820255.198447368	s3-eth18	1242	4806
1787820255.198447368	s3-eth19	41227760	6604
1787820255.198447368	s3-eth2	7502	7432
1787820255.198447368	s3-eth20	1562	4696
1787820255.198447368	s3-eth21	1472	4626
1787820255.198447368	s3-eth22	1312	4646
1787820255.198447368	s3-eth23	206142758	6850
1787820255.198447368	s3-eth24	1242	4716
1787820255.198447368	s3-eth25	1562	4716
1787820255.198447368	s3-eth26	1312	4646
1787820255.198447368	s3-eth27	206205407	6548
1787820255.198447368	s3-eth28	1402	4806
1787820255.198447368	s3-eth29	1492	4736
1787820255.198447368	s3-eth3	3767407	886355777
1787820255.198447368	s3-eth30	1472	4806
1787820255.198447368	s3-eth31	206369773	6627
1787820255.198447368	s3-eth32	1312	4646
1787820255.198447368	s3-eth33	1472	4696
1787820255.198447368	s3-eth34	1562	4806
1787820255.198447368	s3-eth4	1472	4716
1787820255.198447368	s3-eth5	1492	4806
1787820255.198447368	s3-eth6	1562	4806
1787820255.198447368	s3-eth7	3385	182990005
1787820255.198447368	s3-eth8	1562	4505
1787820255.198447368	s3-eth9	1562	4806
1787820255.198447368	s4-eth1	1305469054	23367
1787820255.198447368	s4-eth10	1492	4626
1787820255.198447368	s4-eth11	3467	200891333
1787820255.198447368	s4-eth12	1472	4716
1787820255.198447368	s4-eth13	1312	4696
1787820255.198447368	s4-eth14	1242	4716
1787820255.198447368	s4-eth15	3470	200918149
1787820255.198447368	s4-eth16	1312	4716
1787820255.198447368	s4-eth17	1402	4696
1787820255.198447368	s4-eth18	1242	4766
1787820255.198447368	s4-eth19	3450	41308892
1787820255.198447368	s4-eth2	7502	5472
1787820255.198447368	s4-eth20	1562	4716
1787820255.198447368	s4-eth21	1472	4716
1787820255.198447368	s4-eth22	1472	4626
1787820255.198447368	s4-eth23	3446	206568508
1787820255.198447368	s4-eth24	1472	4716
1787820255.198447368	s4-eth25	1402	4716
1787820255.198447368	s4-eth26	1242	4766
1787820255.198447368	s4-eth27	3074	206688677
1787820255.198447368	s4-eth28	1472	4806
1787820255.198447368	s4-eth29	1312	4716
1787820255.198447368	s4-eth3	3367	40322913
1787820255.198447368	s4-eth30	1312	4646
1787820255.198447368	s4-eth31	3450	206824343
1787820255.198447368	s4-eth32	1312	4716
1787820255.198447368	s4-eth33	1312	4766
1787820255.198447368	s4-eth34	1472	4696
1787820255.198447368	s4-eth4	1472	4696
1787820255.198447368	s4-eth5	1312	4696
1787820255.198447368	s4-eth6	1312	4736
1787820255.198447368	s4-eth7	3247	201777469
1787820255.198447368	s4-eth8	1242	4646
1787820255.198447368	s4-eth9	1312	4766
1787820255.198447368	s5-eth1	2932803573	3786397
1787820255.198447368	s5-eth2	664220692	1277724512
1787820255.198447368	s5-eth3	3787066	2147210711
1787820255.198447368	s5-eth4	7610	5675
1787820255.198447368	s6-eth1	7502	7502
1787820255.198447368	s6-eth2	7502	7404
1787820255.198447368	s6-eth3	7502	5675
1787820255.198447368	s6-eth4	7735	7502
1787820255.198447368	s7-eth1	668558105	1449645341
1787820255.198447368	s7-eth2	23367	1312856420
1787820255.198447368	s7-eth3	2120947137	3785036
1787820255.198447368	s7-eth4	7512	7502
1787820255.198447368	s8-eth1	7432	7502
1787820255.198447368	s8-eth2	5472	7502
1787820255.198447368	s8-eth3	7432	5605
1787820255.198447368	s8-eth4	7610	7502
1787820255.198447368	s9-eth1	2151487683	3787066
1787820255.198447368	s9-eth2	5675	7502
1787820255.198447368	s9-eth3	3785036	2123681169
1787820255.198447368	s9-eth4	5605	7432
1787820263.488054521	s10-eth1	5702	7638
1787820263.488054521	s10-eth2	7529	7763
1787820263.488054521	s10-eth3	7529	7540
1787820263.488054521	s10-eth4	7529	7638
1787820263.488054521	s1-eth1	3786424	2959632010
1787820263.488054521	s1-eth10	1492	4806
1787820263.488054521	s1-eth11	209494886	6653
1787820263.488054521	s1-eth12	1402	4806
1787820263.488054521	s1-eth13	1472	4806
1787820263.488054521	s1-eth14	1562	4806
1787820263.488054521	s1-eth15	209502304	6732
1787820263.488054521	s1-eth16	1472	4826
1787820263.488054521	s1-eth17	1562	4736
1787820263.488054521	s1-eth18	1562	4646
1787820263.488054521	s1-eth19	838087055	6638
1787820263.488054521	s1-eth2	7529	7529
1787820263.488054521	s1-eth20	1402	4806
1787820263.488054521	s1-eth21	1562	4806
1787820263.488054521	s1-eth22	1492	4736
1787820263.488054521	s1-eth23	209558115	6573
1787820263.488054521	s1-eth24	1472	4806
1787820263.488054521	s1-eth25	1562	4736
1787820263.488054521	s1-eth26	1562	4716
1787820263.488054521	s1-eth27	209631588	6644
1787820263.488054521	s1-eth28	1492	4806
1787820263.488054521	s1-eth29	1472	4716
1787820263.488054521	s1-eth3	1049703726	3770937
1787820263.488054521	s1-eth30	1562	4646
1787820263.488054521	s1-eth31	209798860	6573
1787820263.488054521	s1-eth32	1562	4716
1787820263.488054521	s1-eth33	1492	4716
1787820263.488054521	s1-eth34	1562	4716
1787820263.488054521	s1-eth4	1758	5002
1787820263.488054521	s1-eth5	1492	4716
1787820263.488054521	s1-eth6	1562	4736
1787820263.488054521	s1-eth7	210002631	6559
1787820263.488054521	s1-eth8	1562	4716
1787820263.488054521	s1-eth9	1472	4646
1787820263.488054521	s2-eth1	1294241207	672307455
1787820263.488054521	s2-eth10	1472	4806
1787820263.488054521	s2-eth11	210112493	6781
1787820263.488054521	s2-eth12	1402	4806
1787820263.488054521	s2-eth13	1472	4806
1787820263.488054521	s2-eth14	1562	4806
1787820263.488054521	s2-eth15	210218849	6784
1787820263.488054521	s2-eth16	1562	4736
1787820263.488054521	s2-eth17	1562	4736
1787820263.488054521	s2-eth18	1562	4806
1787820263.488054521	s2-eth19	3304	712778767
1787820263.488054521	s2-eth2	7431	7529
1787820263.488054521	s2-eth20	1562	4806
1787820263.488054521	s2-eth21	1472	4646
1787820263.488054521	s2-eth22	1562	4806
1787820263.488054521	s2-eth23	3329	191040381
1787820263.488054521	s2-eth24	1472	4806
1787820263.488054521	s2-eth25	1562	4806
1787820263.488054521	s2-eth26	1472	4736
1787820263.488054521	s2-eth27	3310	191197510
1787820263.488054521	s2-eth28	1562	4806
1787820263.488054521	s2-eth29	1472	4806
1787820263.488054521	s2-eth3	42110723	6861
1787820263.488054521	s2-eth30	1472	4841
1787820263.488054521	s2-eth31	3399	191051798
1787820263.488054521	s2-eth32	1472	4716
1787820263.488054521	s2-eth33	1562	4736
1787820263.488054521	s2-eth34	1492	4646
1787820263.488054521	s2-eth4	1492	4806
1787820263.488054521	s2-eth5	1402	4736
1787820263.488054521	s2-eth6	1562	4716
1787820263.488054521	s2-eth7	210573349	6651
1787820263.488054521	s2-eth8	1562	4716
1787820263.488054521	s2-eth9	1402	4736
1787820263.488054521	s3-eth1	1466867174	677625428
1787820263.488054521	s3-eth10	1472	4806
1787820263.488054521	s3-eth11	3159	186697159
1787820263.488054521	s3-eth12	1312	4646
1787820263.488054521	s3-eth13	1402	4806
1787820263.488054521	s3-eth14	1562	4716
1787820263.488054521	s3-eth15	3398	186238800
1787820263.488054521	s3-eth16	1472	4716
1787820263.488054521	s3-eth17	1472	4716
1787820263.488054521	s3-eth18	1242	4806
1787820263.488054521	s3-eth19	42147756	6604
1787820263.488054521	s3-eth2	7529	7459
1787820263.488054521	s3-eth20	1562	4696
1787820263.488054521	s3-eth21	1472	4626
1787820263.488054521	s3-eth22	1312	4646
1787820263.488054521	s3-eth23	210767252	6850
1787820263.488054521	s3-eth24	1242	4716
1787820263.488054521	s3-eth25	1562	4716
1787820263.488054521	s3-eth26	1312	4646
1787820263.488054521	s3-eth27	210801061	6548
1787820263.488054521	s3-eth28	1402	4806
1787820263.488054521	s3-eth29	1492	4736
1787820263.488054521	s3-eth3	3767407	902586929
1787820263.488054521	s3-eth30	1472	4806
1787820263.488054521	s3-eth31	210867371	6627
1787820263.488054521	s3-eth32	1312	4646
1787820263.488054521	s3-eth33	1472	4696
1787820263.488054521	s3-eth34	1562	4806
1787820263.488054521	s3-eth4	1472	4716
1787820263.488054521	s3-eth5	1492	4806
1787820263.488054521	s3-eth6	1562	4806
1787820263.488054521	s3-eth7	3385	186995881
1787820263.488054521	s3-eth8	1562	4505
1787820263.488054521	s3-eth9	1562	4806
1787820263.488054521	s4-eth1	1332812285	23394
1787820263.488054521	s4-eth10	1492	4626
1787820263.488054521	s4-eth11	3467	205029873
1787820263.488054521	s4-eth12	1472	4716
1787820263.488054521	s4-eth13	1312	4696
1787820263.488054521	s4-eth14	1242	4716
1787820263.488054521	s4-eth15	3470	204991799
1787820263.488054521	s4-eth16	1312	4716
1787820263.488054521	s4-eth17	1402	4696
1787820263.488054521	s4-eth18	1242	4766
1787820263.488054521	s4-eth19	3450	42149578
1787820263.488054521	s4-eth2	7529	5499
1787820263.488054521	s4-eth20	1562	4716
1787820263.488054521	s4-eth21	1472	4716
1787820263.488054521	s4-eth22	1472	4626
1787820263.488054521	s4-eth23	3446	210722910
1787820263.488054521	s4-eth24	1472	4716
1787820263.488054521	s4-eth25	1402	4716
1787820263.488054521	s4-eth26	1242	4766
1787820263.488054521	s4-eth27	3074	210756559
1787820263.488054521	s4-eth28	1472	4806
1787820263.488054521	s4-eth29	1312	4716
1787820263.488054521	s4-eth3	3367	41087173
1787820263.488054521	s4-eth30	1312	4646
1787820263.488054521	s4-eth31	3450	210798495
1787820263.488054521	s4-eth32	1312	4716
1787820263.488054521	s4-eth33	1312	4766
1787820263.488054521	s4-eth34	1472	4696
1787820263.488054521	s4-eth4	1472	4696
1787820263.488054521	s4-eth5	1312	4696
1787820263.488054521	s4-eth6	1312	4736
1787820263.488054521	s4-eth7	3247	205376701
1787820263.488054521	s4-eth8	1242	4646
1787820263.488054521	s4-eth9	1312	4766
1787820263.488054521	s5-eth1	2985577916	3786424
1787820263.488054521	s5-eth2	676332077	1302375529
1787820263.488054521	s5-eth3	3787093	2183766880
1787820263.488054521	s5-eth4	7638	5702
1787820263.488054521	s6-eth1	7529	7529
1787820263.488054521	s6-eth2	7529	7431
1787820263.488054521	s6-eth3	7529	5702
1787820263.488054521	s6-eth4	7763	7529
1787820263.488054521	s7-eth1	680522406	1473144200
1787820263.488054521	s7-eth2	23394	1336097161
1787820263.488054521	s7-eth3	2156397292	3785063
1787820263.488054521	s7-eth4	7540	7529
1787820263.488054521	s8-eth1	7459	7529
1787820263.488054521	s8-eth2	5499	7529
1787820263.488054521	s8-eth3	7459	5632
1787820263.488054521	s8-eth4	7638	7529
1787820263.488054521	s9-eth1	2186394204	3787093
1787820263.488054521	s9-eth2	5702	7529
1787820263.488054521	s9-eth3	3785063	2157346128
1787820263.488054521	s9-eth4	5632	7459
1787820269.035520209	s10-eth1	5729	7666
1787820269.035520209	s10-eth2	7556	7791
1787820269.035520209	s10-eth3	7556	7568
1787820269.035520209	s10-eth4	7556	7666
1787820269.035520209	s1-eth1	3786451	3009640597
1787820269.035520209	s1-eth10	1492	4806
1787820269.035520209	s1-eth11	213076814	6653
1787820269.035520209	s1-eth12	1402	4806
1787820269.035520209	s1-eth13	1472	4806
1787820269.035520209	s1-eth14	1562	4806
1787820269.035520209	s1-eth15	213127492	6732
1787820269.035520209	s1-eth16	1472	4826
1787820269.035520209	s1-eth17	1562	4736
1787820269.035520209	s1-eth18	1562	4646
1787820269.035520209	s1-eth19	852684421	6638
1787820269.035520209	s1-eth2	7556	7556
1787820269.035520209	s1-eth20	1402	4806
1787820269.035520209	s1-eth21	1562	4806
1787820269.035520209	s1-eth22	1492	4736
1787820269.035520209	s1-eth23	213249635	6573
1787820269.035520209	s1-eth24	1472	4806
1787820269.035520209	s1-eth25	1562	4736
1787820269.035520209	s1-eth26	1562	4716
1787820269.035520209	s1-eth27	213308688	6644
1787820269.035520209	s1-eth28	1492	4806
1787820269.035520209	s1-eth29	1472	4716
1787820269.035520209	s1-eth3	1064116516	3770937
1787820269.035520209	s1-eth30	1562	4646
1787820269.035520209	s1-eth31	213356274	6573
1787820269.035520209	s1-eth32	1562	4716
1787820269.035520209	s1-eth33	1492	4716
1787820269.035520209	s1-eth34	1562	4716
1787820269.035520209	s1-eth4	1758	5002
1787820269.035520209	s1-eth5	1492	4716
1787820269.035520209	s1-eth6	1562	4736
1787820269.035520209	s1-eth7	213431707	6559
1787820269.035520209	s1-eth8	1562	4716
1787820269.035520209	s1-eth9	1472	4646
1787820269.035520209	s2-eth1	1316365840	683046056
1787820269.035520209	s2-eth10	1472	4806
1787820269.035520209	s2-eth11	213463701	6781
1787820269.035520209	s2-eth12	1402	4806
1787820269.035520209	s2-eth13	1472	4806
1787820269.035520209	s2-eth14	1562	4806
1787820269.035520209	s2-eth15	213532565	6784
1787820269.035520209	s2-eth16	1562	4736
1787820269.035520209	s2-eth17	1562	4736
1787820269.035520209	s2-eth18	1562	4806
1787820269.035520209	s2-eth19	3304	725406361
1787820269.035520209	s2-eth2	7458	7556
1787820269.035520209	s2-eth20	1562	4806
1787820269.035520209	s2-eth21	1472	4646
1787820269.035520209	s2-eth22	1562	4806
1787820269.035520209	s2-eth23	3329	194179615
1787820269.035520209	s2-eth24	1472	4806
1787820269.035520209	s2-eth25	1562	4806
1787820269.035520209	s2-eth26	1472	4736
1787820269.035520209	s2-eth27	3310	194287716
1787820269.035520209	s2-eth28	1562	4806
1787820269.035520209	s2-eth29	1472	4806
1787820269.035520209	s2-eth3	42729341	6861
1787820269.035520209	s2-eth30	1472	4841
1787820269.035520209	s2-eth31	3399	194062694
1787820269.035520209	s2-eth32	1472	4716
1787820269.035520209	s2-eth33	1562	4736
1787820269.035520209	s2-eth34	1492	4646
1787820269.035520209	s2-eth4	1492	4806
1787820269.035520209	s2-eth5	1402	4736
1787820269.035520209	s2-eth6	1562	4716
1787820269.035520209	s2-eth7	213652019	6651
1787820269.035520209	s2-eth8	1562	4716
1787820269.035520209	s2-eth9	1402	4736
1787820269.035520209	s3-eth1	1487483475	687559393
1787820269.035520209	s3-eth10	1472	4806
1787820269.035520209	s3-eth11	3159	189635955
1787820269.035520209	s3-eth12	1312	4646
1787820269.035520209	s3-eth13	1402	4806
1787820269.035520209	s3-eth14	1562	4716
1787820269.035520209	s3-eth15	3398	189199226
1787820269.035520209	s3-eth16	1472	4716
1787820269.035520209	s3-eth17	1472	4716
1787820269.035520209	s3-eth18	1242	4806
1787820269.035520209	s3-eth19	42773584	6604
1787820269.035520209	s3-eth2	7556	7486
1787820269.035520209	s3-eth20	1562	4696
1787820269.035520209	s3-eth21	1472	4626
1787820269.035520209	s3-eth22	1312	4646
1787820269.035520209	s3-eth23	213897834	6850
1787820269.035520209	s3-eth24	1242	4716
1787820269.035520209	s3-eth25	1562	4716
1787820269.035520209	s3-eth26	1312	4646
1787820269.035520209	s3-eth27	213886941	6548
1787820269.035520209	s3-eth28	1402	4806
1787820269.035520209	s3-eth29	1492	4736
1787820269.035520209	s3-eth3	3767407	914190703
1787820269.035520209	s3-eth30	1472	4806
1787820269.035520209	s3-eth31	213921527	6627
1787820269.035520209	s3-eth32	1312	4646
1787820269.035520209	s3-eth33	1472	4696
1787820269.035520209	s3-eth34	1562	4806
1787820269.035520209	s3-eth4	1472	4716
1787820269.035520209	s3-eth5	1492	4806
1787820269.035520209	s3-eth6	1562	4806
1787820269.035520209	s3-eth7	3385	189905837
1787820269.035520209	s3-eth8	1562	4505
1787820269.035520209	s3-eth9	1562	4806
1787820269.035520209	s4-eth1	1352012542	23421
1787820269.035520209	s4-eth10	1492	4626
1787820269.035520209	s4-eth11	3467	207994625
1787820269.035520209	s4-eth12	1472	4716
1787820269.035520209	s4-eth13	1312	4696
1787820269.035520209	s4-eth14	1242	4716
1787820269.035520209	s4-eth15	3470	207965203
1787820269.035520209	s4-eth16	1312	4716
1787820269.035520209	s4-eth17	1402	4696
1787820269.035520209	s4-eth18	1242	4766
1787820269.035520209	s4-eth19	3450	42765312
1787820269.035520209	s4-eth2	7556	5526
1787820269.035520209	s4-eth20	1562	4716
1787820269.035520209	s4-eth21	1472	4716
1787820269.035520209	s4-eth22	1472	4626
1787820269.035520209	s4-eth23	3446	213860702
1787820269.035520209	s4-eth24	1472	4716
1787820269.035520209	s4-eth25	1402	4716
1787820269.035520209	s4-eth26	1242	4766
1787820269.035520209	s4-eth27	3074	213937611
1787820269.035520209	s4-eth28	1472	4806
1787820269.035520209	s4-eth29	1312	4716
1787820269.035520209	s4-eth3	3367	41720211
1787820269.035520209	s4-eth30	1312	4646
1787820269.035520209	s4-eth31	3450	214005503
1787820269.035520209	s4-eth32	1312	4716
1787820269.035520209	s4-eth33	1312	4766
1787820269.035520209	s4-eth34	1472	4696
1787820269.035520209	s4-eth4	1472	4696
1787820269.035520209	s4-eth5	1312	4696
1787820269.035520209	s4-eth6	1312	4736
1787820269.035520209	s4-eth7	3247	208562079
1787820269.035520209	s4-eth8	1242	4646
1787820269.035520209	s4-eth9	1312	4766
1787820269.035520209	s5-eth1	3030450099	3786451
1787820269.035520209	s5-eth2	686564536	1324257906
1787820269.035520209	s5-eth3	3787120	2216054729
1787820269.035520209	s5-eth4	7666	5729
1787820269.035520209	s6-eth1	7556	7556
1787820269.035520209	s6-eth2	7556	7458
1787820269.035520209	s6-eth3	7556	5729
1787820269.035520209	s6-eth4	7791	7556
1787820269.035520209	s7-eth1	690651041	1494309903
1787820269.035520209	s7-eth2	23421	1356145314
1787820269.035520209	s7-eth3	2187782449	3785090
1787820269.035520209	s7-eth4	7568	7556
1787820269.035520209	s8-eth1	7486	7556
1787820269.035520209	s8-eth2	5526	7556
1787820269.035520209	s8-eth3	7486	5659
1787820269.035520209	s8-eth4	7666	7556
1787820269.035520209	s9-eth1	2218559483	3787120
1787820269.035520209	s9-eth2	5729	7556
1787820269.035520209	s9-eth3	3785090	2189184073
1787820269.035520209	s9-eth4	5659	7486
1787820273.909137219	s10-eth1	5756	7694
1787820273.909137219	s10-eth2	7583	7819
1787820273.909137219	s10-eth3	7583	7596
1787820273.909137219	s10-eth4	7583	7694
1787820273.909137219	s1-eth1	3786478	3054087390
1787820273.909137219	s1-eth10	1492	4806
1787820273.909137219	s1-eth11	216260750	6653
1787820273.909137219	s1-eth12	1402	4806
1787820273.909137219	s1-eth13	1472	4806
1787820273.909137219	s1-eth14	1562	4806
1787820273.909137219	s1-eth15	216320080	6732
1787820273.909137219	s1-eth16	1472	4826
1787820273.909137219	s1-eth17	1562	4736
1787820273.909137219	s1-eth18	1562	4646
1787820273.909137219	s1-eth19	865401419	6638
1787820273.909137219	s1-eth2	7583	7583
1787820273.909137219	s1-eth20	1402	4806
1787820273.909137219	s1-eth21	1562	4806
1787820273.909137219	s1-eth22	1492	4736
1787820273.909137219	s1-eth23	216462411	6573
1787820273.909137219	s1-eth24	1472	4806
1787820273.909137219	s1-eth25	1562	4736
1787820273.909137219	s1-eth26	1562	4716
1787820273.909137219	s1-eth27	216534442	6644
1787820273.909137219	s1-eth28	1492	4806
1787820273.909137219	s1-eth29	1472	4716
1787820273.909137219	s1-eth3	1077129124	3770937
1787820273.909137219	s1-eth30	1562	4646
1787820273.909137219	s1-eth31	216641150	6573
1787820273.909137219	s1-eth32	1562	4716
1787820273.909137219	s1-eth33	1492	4716
1787820273.909137219	s1-eth34	1562	4716
1787820273.909137219	s1-eth4	1758	5002
1787820273.909137219	s1-eth5	1492	4716
1787820273.909137219	s1-eth6	1562	4736
1787820273.909137219	s1-eth7	216756959	6559
1787820273.909137219	s1-eth8	1562	4716
1787820273.909137219	s1-eth9	1472	4646
1787820273.909137219	s2-eth1	1338209283	693763027
1787820273.909137219	s2-eth10	1472	4806
1787820273.909137219	s2-eth11	216822119	6781
1787820273.909137219	s2-eth12	1402	4806
1787820273.909137219	s2-eth13	1472	4806
1787820273.909137219	s2-eth14	1562	4806
1787820273.909137219	s2-eth15	216872237	6784
1787820273.909137219	s2-eth16	1562	4736
1787820273.909137219	s2-eth17	1562	4736
1787820273.909137219	s2-eth18	1562	4806
1787820273.909137219	s2-eth19	3304	737872451
1787820273.909137219	s2-eth2	7485	7583
1787820273.909137219	s2-eth20	1562	4806
1787820273.909137219	s2-eth21	1472	4646
1787820273.909137219	s2-eth22	1562	4806
1787820273.909137219	s2-eth23	3329	197373645
1787820273.909137219	s2-eth24	1472	4806
1787820273.909137219	s2-eth25	1562	4806
1787820273.909137219	s2-eth26	1472	4736
1787820273.909137219	s2-eth27	3310	197457232
1787820273.909137219	s2-eth28	1562	4806
1787820273.909137219	s2-eth29	1472	4806
1787820273.909137219	s2-eth3	43434479	6861
1787820273.909137219	s2-eth30	1472	4841
1787820273.909137219	s2-eth31	3399	197274028
1787820273.909137219	s2-eth32	1472	4716
1787820273.909137219	s2-eth33	1562	4736
1787820273.909137219	s2-eth34	1492	4646
1787820273.909137219	s2-eth4	1492	4806
1787820273.909137219	s2-eth5	1402	4736
1787820273.909137219	s2-eth6	1562	4716
1787820273.909137219	s2-eth7	217264229	6651
1787820273.909137219	s2-eth8	1562	4716
1787820273.909137219	s2-eth9	1402	4736
1787820273.909137219	s3-eth1	1509482654	699216548
1787820273.909137219	s3-eth10	1472	4806
1787820273.909137219	s3-eth11	3159	192767979
1787820273.909137219	s3-eth12	1312	4646
1787820273.909137219	s3-eth13	1402	4806
1787820273.909137219	s3-eth14	1562	4716
1787820273.909137219	s3-eth15	3398	192351438
1787820273.909137219	s3-eth16	1472	4716
1787820273.909137219	s3-eth17	1472	4716
1787820273.909137219	s3-eth18	1242	4806
1787820273.909137219	s3-eth19	43500352	6604
1787820273.909137219	s3-eth2	7583	7513
1787820273.909137219	s3-eth20	1562	4696
1787820273.909137219	s3-eth21	1472	4626
1787820273.909137219	s3-eth22	1312	4646
1787820273.909137219	s3-eth23	217531674	6850
1787820273.909137219	s3-eth24	1242	4716
1787820273.909137219	s3-eth25	1562	4716
1787820273.909137219	s3-eth26	1312	4646
1787820273.909137219	s3-eth27	217568367	6548
1787820273.909137219	s3-eth28	1402	4806
1787820273.909137219	s3-eth29	1492	4736
1787820273.909137219	s3-eth3	3767407	926557295
1787820273.909137219	s3-eth30	1472	4806
1787820273.909137219	s3-eth31	217742827	6627
1787820273.909137219	s3-eth32	1312	4646
1787820273.909137219	s3-eth33	1472	4696
1787820273.909137219	s3-eth34	1562	4806
1787820273.909137219	s3-eth4	1472	4716
1787820273.909137219	s3-eth5	1492	4806
1787820273.909137219	s3-eth6	1562	4806
1787820273.909137219	s3-eth7	3385	193036419
1787820273.909137219	s3-eth8	1562	4505
1787820273.909137219	s3-eth9	1562	4806
1787820273.909137219	s4-eth1	1375492655	23448
1787820273.909137219	s4-eth10	1492	4626
1787820273.909137219	s4-eth11	3467	211402071
1787820273.909137219	s4-eth12	1472	4716
1787820273.909137219	s4-eth13	1312	4696
1787820273.909137219	s4-eth14	1242	4716
1787820273.909137219	s4-eth15	3470	211400047
1787820273.909137219	s4-eth16	1312	4716
1787820273.909137219	s4-eth17	1402	4696
1787820273.909137219	s4-eth18	1242	4766
1787820273.909137219	s4-eth19	3450	43523804
1787820273.909137219	s4-eth2	7583	5553
1787820273.909137219	s4-eth20	1562	4716
1787820273.909137219	s4-eth21	1472	4716
1787820273.909137219	s4-eth22	1472	4626
1787820273.909137219	s4-eth23	3446	217588272
1787820273.909137219	s4-eth24	1472	4716
1787820273.909137219	s4-eth25	1402	4716
1787820273.909137219	s4-eth26	1242	4766
1787820273.909137219	s4-eth27	3074	217643551
1787820273.909137219	s4-eth28	1472	4806
1787820273.909137219	s4-eth29	1312	4716
1787820273.909137219	s4-eth3	3367	42400835
1787820273.909137219	s4-eth30	1312	4646
1787820273.909137219	s4-eth31	3450	217725863
1787820273.909137219	s4-eth32	1312	4716
1787820273.909137219	s4-eth33	1312	4766
1787820273.909137219	s4-eth34	1472	4696
1787820273.909137219	s4-eth4	1472	4696
1787820273.909137219	s4-eth5	1312	4696
1787820273.909137219	s4-eth6	1312	4736
1787820273.909137219	s4-eth7	3247	211998365
1787820273.909137219	s4-eth8	1242	4646
1787820273.909137219	s4-eth9	1312	4766
1787820273.909137219	s5-eth1	3083133623	3786505
1787820273.909137219	s5-eth2	698781214	1346833912
1787820273.909137219	s5-eth3	3787174	2250952625
1787820273.909137219	s5-eth4	7722	5783
1787820273.909137219	s6-eth1	7610	7610
1787820273.909137219	s6-eth2	7610	7512
1787820273.909137219	s6-eth3	7610	5783
1787820273.909137219	s6-eth4	7847	7610
1787820273.909137219	s7-eth1	702921073	1515944283
1787820273.909137219	s7-eth2	23475	1379684576
1787820273.909137219	s7-eth3	2221316213	3785144
1787820273.909137219	s7-eth4	7624	7610
1787820273.909137219	s8-eth1	7540	7610
1787820273.909137219	s8-eth2	5580	7610
1787820273.909137219	s8-eth3	7540	5713
1787820273.909137219	s8-eth4	7722	7610
1787820273.909137219	s9-eth1	2253960637	3787174
1787820273.909137219	s9-eth2	5783	7610
1787820273.909137219	s9-eth3	3785144	2223376831
1787820273.909137219	s9-eth4	5713	7540
1787820280.049952259	s10-eth1	5783	7722
1787820280.049952259	s10-eth2	7610	7847
1787820280.049952259	s10-eth3	7610	7624
1787820280.049952259	s10-eth4	7610	7722
1787820280.049952259	s1-eth1	3786505	3106793959
1787820280.049952259	s1-eth10	1562	4806
1787820280.049952259	s1-eth11	220302676	6653
1787820280.049952259	s1-eth12	1472	4806
1787820280.049952259	s1-eth13	1472	4806
1787820280.049952259	s1-eth14	1562	4806
1787820280.049952259	s1-eth15	220395172	6732
1787820280.049952259	s1-eth16	1472	4826
1787820280.049952259	s1-eth17	1562	4806
1787820280.049952259	s1-eth18	1562	4646
1787820280.049952259	s1-eth19	881928251	6638
1787820280.049952259	s1-eth2	7610	7610
1787820280.049952259	s1-eth20	1472	4806
1787820280.049952259	s1-eth21	1562	4806
1787820280.049952259	s1-eth22	1492	4806
1787820280.049952259	s1-eth23	220575065	6573
1787820280.049952259	s1-eth24	1472	4806
1787820280.049952259	s1-eth25	1562	4806
1787820280.049952259	s1-eth26	1562	4716
1787820280.049952259	s1-eth27	220639816	6644
1787820280.049952259	s1-eth28	1492	4806
1787820280.049952259	s1-eth29	1472	4716
1787820280.049952259	s1-eth3	1093559272	3770937
1787820280.049952259	s1-eth30	1562	4716
1787820280.049952259	s1-eth31	220745082	6643
1787820280.049952259	s1-eth32	1562	4716
1787820280.049952259	s1-eth33	1562	4716
1787820280.049952259	s1-eth34	1562	4716
1787820280.049952259	s1-eth4	1758	5002
1787820280.049952259	s1-eth5	1492	4716
1787820280.049952259	s1-eth6	1562	4806
1787820280.049952259	s1-eth7	220958947	6559
1787820280.049952259	s1-eth8	1562	4716
1787820280.049952259	s1-eth9	1472	4646
1787820280.049952259	s2-eth1	1361660556	707316412
1787820280.049952259	s2-eth10	1472	4806
1787820280.049952259	s2-eth11	221061669	6781
1787820280.049952259	s2-eth12	1472	4806
1787820280.049952259	s2-eth13	1472	4806
1787820280.049952259	s2-eth14	1562	4806
1787820280.049952259	s2-eth15	221146325	6784
1787820280.049952259	s2-eth16	1562	4736
1787820280.049952259	s2-eth17	1562	4736
1787820280.049952259	s2-eth18	1562	4806
1787820280.049952259	s2-eth19	3304	750739417
1787820280.049952259	s2-eth2	7512	7610
1787820280.049952259	s2-eth20	1562	4806
1787820280.049952259	s2-eth21	1472	4716
1787820280.049952259	s2-eth22	1562	4806
1787820280.049952259	s2-eth23	3329	200830119
1787820280.049952259	s2-eth24	1472	4806
1787820280.049952259	s2-eth25	1562	4806
1787820280.049952259	s2-eth26	1472	4806
1787820280.049952259	s2-eth27	3310	200928126
1787820280.049952259	s2-eth28	1562	4806
1787820280.049952259	s2-eth29	1472	4806
1787820280.049952259	s2-eth3	44288143	6861
1787820280.049952259	s2-eth30	1472	4911
1787820280.049952259	s2-eth31	3399	200776716
1787820280.049952259	s2-eth32	1472	4716
1787820280.049952259	s2-eth33	1562	4806
1787820280.049952259	s2-eth34	1562	4646
1787820280.049952259	s2-eth4	1562	4806
1787820280.049952259	s2-eth5	1472	4806
1787820280.049952259	s2-eth6	1562	4716
1787820280.049952259	s2-eth7	221581577	6651
1787820280.049952259	s2-eth8	1562	4716
1787820280.049952259	s2-eth9	1472	4736
1787820280.049952259	s3-eth1	1532985866	713035288
1787820280.049952259	s3-eth10	1472	4806
1787820280.049952259	s3-eth11	3159	196269155
1787820280.049952259	s3-eth12	1312	4716
1787820280.049952259	s3-eth13	1472	4806
1787820280.049952259	s3-eth14	1562	4716
1787820280.049952259	s3-eth15	3398	195751674
1787820280.049952259	s3-eth16	1472	4716
1787820280.049952259	s3-eth17	1472	4716
1787820280.049952259	s3-eth18	1312	4806
1787820280.049952259	s3-eth19	44401602	6674
1787820280.049952259	s3-eth2	7637	7637
1787820280.049952259	s3-eth20	1562	4696
1787820280.049952259	s3-eth21	1472	4696
1787820280.049952259	s3-eth22	1312	4716
1787820280.049952259	s3-eth23	222003316	6850
1787820280.049952259	s3-eth24	1312	4716
1787820280.049952259	s3-eth25	1562	4716
1787820280.049952259	s3-eth26	1312	4716
1787820280.049952259	s3-eth27	222012611	6548
1787820280.049952259	s3-eth28	1472	4806
1787820280.049952259	s3-eth29	1562	4736
1787820280.049952259	s3-eth3	3767407	939499245
1787820280.049952259	s3-eth30	1472	4806
1787820280.049952259	s3-eth31	222091899	6627
1787820280.049952259	s3-eth32	1312	4716
1787820280.049952259	s3-eth33	1472	4696
1787820280.049952259	s3-eth34	1562	4806
1787820280.049952259	s3-eth4	1472	4716
1787820280.049952259	s3-eth5	1492	4806
1787820280.049952259	s3-eth6	1562	4806
1787820280.049952259	s3-eth7	3385	196543363
1787820280.049952259	s3-eth8	1562	4575
1787820280.049952259	s3-eth9	1562	4806
1787820280.049952259	s4-eth1	1402704761	23502
1787820280.049952259	s4-eth10	1492	4696
1787820280.049952259	s4-eth11	3537	215602617
1787820280.049952259	s4-eth12	1472	4716
1787820280.049952259	s4-eth13	1312	4696
1787820280.049952259	s4-eth14	1312	4716
1787820280.049952259	s4-eth15	3470	215550193
1787820280.049952259	s4-eth16	1312	4716
1787820280.049952259	s4-eth17	1472	4696
1787820280.049952259	s4-eth18	1312	4766
1787820280.049952259	s4-eth19	3450	44374584
1787820280.049952259	s4-eth2	7637	5607
1787820280.049952259	s4-eth20	1562	4716
1787820280.049952259	s4-eth21	1472	4716
1787820280.049952259	s4-eth22	1472	4626
1787820280.049952259	s4-eth23	3446	221858034
1787820280.049952259	s4-eth24	1472	4716
1787820280.049952259	s4-eth25	1472	4716
1787820280.049952259	s4-eth26	1312	4766
1787820280.049952259	s4-eth27	3144	221943595
1787820280.049952259	s4-eth28	1472	4806
1787820280.049952259	s4-eth29	1312	4716
1787820280.049952259	s4-eth3	3367	43237195
1787820280.049952259	s4-eth30	1312	4646
1787820280.049952259	s4-eth31	3450	222027349
1787820280.049952259	s4-eth32	1312	4716
1787820280.049952259	s4-eth33	1312	4766
1787820280.049952259	s4-eth34	1472	4696
1787820280.049952259	s4-eth4	1472	4696
1787820280.049952259	s4-eth5	1312	4696
1787820280.049952259	s4-eth6	1312	4736
1787820280.049952259	s4-eth7	3317	216132579
1787820280.049952259	s4-eth8	1312	4716
1787820280.049952259	s4-eth9	1312	4766
1787820280.049952259	s5-eth1	3137347082	3786532
1787820280.049952259	s5-eth2	712546573	1370697597
1787820280.049952259	s5-eth3	3787201	2288629228
1787820280.049952259	s5-eth4	7750	5810
1787820280.049952259	s6-eth1	7637	7637
1787820280.049952259	s6-eth2	7637	7539
1787820280.049952259	s6-eth3	7637	5810
1787820280.049952259	s6-eth4	7875	7637
1787820280.049952259	s7-eth1	716667686	1538521704
1787820280.049952259	s7-eth2	23502	1406665935
1787820280.049952259	s7-eth3	2257751254	3785171
1787820280.049952259	s7-eth4	7652	7637
1787820280.049952259	s8-eth1	7637	7637
1787820280.049952259	s8-eth2	5607	7637
1787820280.049952259	s8-eth3	7567	5810
1787820280.049952259	s8-eth4	7750	7637
1787820280.049952259	s9-eth1	2290697056	3787201
1787820280.049952259	s9-eth2	5810	7637
1787820280.049952259	s9-eth3	3785171	2258953882
1787820280.049952259	s9-eth4	5810	7567
1787820286.573300082	s10-eth1	5810	7750
1787820286.573300082	s10-eth2	7637	7875
1787820286.573300082	s10-eth3	7637	7652
1787820286.573300082	s10-eth4	7637	7750
1787820286.573300082	s1-eth1	3786532	3160453690
1787820286.573300082	s1-eth10	1562	4806
1787820286.573300082	s1-eth11	224426796	6653
1787820286.573300082	s1-eth12	1472	4806
1787820286.573300082	s1-eth13	1472	4806
1787820286.573300082	s1-eth14	1562	4806
1787820286.573300082	s1-eth15	224523618	6732
1787820286.573300082	s1-eth16	1472	4826
1787820286.573300082	s1-eth17	1562	4806
1787820286.573300082	s1-eth18	1562	4646
1787820286.573300082	s1-eth19	898501157	6638
1787820286.573300082	s1-eth2	7637	7637
1787820286.573300082	s1-eth20	1472	4806
1787820286.573300082	s1-eth21	1562	4806
1787820286.573300082	s1-eth22	1492	4806
1787820286.573300082	s1-eth23	224712163	6573
1787820286.573300082	s1-eth24	1472	4806
1787820286.573300082	s1-eth25	1562	4806
1787820286.573300082	s1-eth26	1562	4716
1787820286.573300082	s1-eth27	224763936	6644
1787820286.573300082	s1-eth28	1492	4806
1787820286.573300082	s1-eth29	1472	4716
1787820286.573300082	s1-eth3	1110113432	3770937
1787820286.573300082	s1-eth30	1562	4716
1787820286.573300082	s1-eth31	224877854	6643
1787820286.573300082	s1-eth32	1562	4716
1787820286.573300082	s1-eth33	1562	4716
1787820286.573300082	s1-eth34	1562	4716
1787820286.573300082	s1-eth4	1758	5002
1787820286.573300082	s1-eth5	1492	4716
1787820286.573300082	s1-eth6	1562	4806
1787820286.573300082	s1-eth7	225009525	6559
1787820286.573300082	s1-eth8	1562	4716
1787820286.573300082	s1-eth9	1472	4646
1787820286.573300082	s2-eth1	1384814804	720340610
1787820286.573300082	s2-eth10	1472	4806
1787820286.573300082	s2-eth11	225143971	6781
1787820286.573300082	s2-eth12	1472	4806
1787820286.573300082	s2-eth13	1472	4806
1787820286.573300082	s2-eth14	1562	4806
1787820286.573300082	s2-eth15	225215649	6784
1787820286.573300082	s2-eth16	1562	4736
1787820286.573300082	s2-eth17	1562	4736
1787820286.573300082	s2-eth18	1562	4806
1787820286.573300082	s2-eth19	3304	763483813
1787820286.573300082	s2-eth2	7566	7664
1787820286.573300082	s2-eth20	1562	4806
1787820286.573300082	s2-eth21	1472	4716
1787820286.573300082	s2-eth22	1562	4806
1787820286.573300082	s2-eth23	3329	204174117
1787820286.573300082	s2-eth24	1472	4806
1787820286.573300082	s2-eth25	1562	4806
1787820286.573300082	s2-eth26	1472	4806
1787820286.573300082	s2-eth27	3310	204334130
1787820286.573300082	s2-eth28	1562	4806
1787820286.573300082	s2-eth29	1472	4806
1787820286.573300082	s2-eth3	45105757	6861
1787820286.573300082	s2-eth30	1472	4911
1787820286.573300082	s2-eth31	3399	204220212
1787820286.573300082	s2-eth32	1472	4716
1787820286.573300082	s2-eth33	1562	4806
1787820286.573300082	s2-eth34	1562	4646
1787820286.573300082	s2-eth4	1562	4806
1787820286.573300082	s2-eth5	1472	4806
1787820286.573300082	s2-eth6	1562	4716
1787820286.573300082	s2-eth7	225730211	6651
1787820286.573300082	s2-eth8	1562	4716
1787820286.573300082	s2-eth9	1472	4736
1787820286.573300082	s3-eth1	1555276329	726428611
1787820286.573300082	s3-eth10	1472	4806
1787820286.573300082	s3-eth11	3159	199574219
1787820286.573300082	s3-eth12	1312	4716
1787820286.573300082	s3-eth13	1472	4806
1787820286.573300082	s3-eth14	1562	4716
1787820286.573300082	s3-eth15	3398	198990406
1787820286.573300082	s3-eth16	1472	4716
1787820286.573300082	s3-eth17	1472	4716
1787820286.573300082	s3-eth18	1312	4806
1787820286.573300082	s3-eth19	45223542	6674
1787820286.573300082	s3-eth2	7664	7664
1787820286.573300082	s3-eth20	1562	4696
1787820286.573300082	s3-eth21	1472	4696
1787820286.573300082	s3-eth22	1312	4716
1787820286.573300082	s3-eth23	226182232	6850
1787820286.573300082	s3-eth24	1312	4716
1787820286.573300082	s3-eth25	1562	4716
1787820286.573300082	s3-eth26	1312	4716
1787820286.573300082	s3-eth27	226198737	6548
1787820286.573300082	s3-eth28	1472	4806
1787820286.573300082	s3-eth29	1562	4736
1787820286.573300082	s3-eth3	3767407	952249409
1787820286.573300082	s3-eth30	1472	4806
1787820286.573300082	s3-eth31	226345799	6627
1787820286.573300082	s3-eth32	1312	4716
1787820286.573300082	s3-eth33	1472	4696
1787820286.573300082	s3-eth34	1562	4806
1787820286.573300082	s3-eth4	1472	4716
1787820286.573300082	s3-eth5	1492	4806
1787820286.573300082	s3-eth6	1562	4806
1787820286.573300082	s3-eth7	3385	199923411
1787820286.573300082	s3-eth8	1562	4575
1787820286.573300082	s3-eth9	1562	4806
1787820286.573300082	s4-eth1	1429231820	23529
1787820286.573300082	s4-eth10	1492	4696
1787820286.573300082	s4-eth11	3537	219605609
1787820286.573300082	s4-eth12	1472	4716
1787820286.573300082	s4-eth13	1312	4696
1787820286.573300082	s4-eth14	1312	4716
1787820286.573300082	s4-eth15	3470	219563279
1787820286.573300082	s4-eth16	1312	4716
1787820286.573300082	s4-eth17	1472	4696
1787820286.573300082	s4-eth18	1312	4766
1787820286.573300082	s4-eth19	3450	45213828
1787820286.573300082	s4-eth2	7664	5634
1787820286.573300082	s4-eth20	1562	4716
1787820286.573300082	s4-eth21	1472	4716
1787820286.573300082	s4-eth22	1472	4626
1787820286.573300082	s4-eth23	3446	226002342
1787820286.573300082	s4-eth24	1472	4716
1787820286.573300082	s4-eth25	1472	4716
1787820286.573300082	s4-eth26	1312	4766
1787820286.573300082	s4-eth27	3144	226024455
1787820286.573300082	s4-eth28	1472	4806
1787820286.573300082	s4-eth29	1312	4716
1787820286.573300082	s4-eth3	3367	44001455
1787820286.573300082	s4-eth30	1312	4646
1787820286.573300082	s4-eth31	3450	226033225
1787820286.573300082	s4-eth32	1312	4716
1787820286.573300082	s4-eth33	1312	4766
1787820286.573300082	s4-eth34	1472	4696
1787820286.573300082	s4-eth4	1472	4696
1787820286.573300082	s4-eth5	1312	4696
1787820286.573300082	s4-eth6	1312	4736
1787820286.573300082	s4-eth7	3317	219811121
1787820286.573300082	s4-eth8	1312	4716
1787820286.573300082	s4-eth9	1312	4766
1787820286.573300082	s5-eth1	3188438611	3786559
1787820286.573300082	s5-eth2	724983850	1392538156
1787820286.573300082	s5-eth3	3787228	2322395127
1787820286.573300082	s5-eth4	7778	5837
1787820286.573300082	s6-eth1	7664	7664
1787820286.573300082	s6-eth2	7664	7566
1787820286.573300082	s6-eth3	7664	5837
1787820286.573300082	s6-eth4	7903	7664
1787820286.573300082	s7-eth1	728719949	1558340579
1787820286.573300082	s7-eth2	23529	1429799968
1787820286.573300082	s7-eth3	2289246003	3785198
1787820286.573300082	s7-eth4	7680	7664
1787820286.573300082	s8-eth1	7664	7664
1787820286.573300082	s8-eth2	5634	7664
1787820286.573300082	s8-eth3	7594	5837
1787820286.573300082	s8-eth4	7778	7664
1787820286.573300082	s9-eth1	2322475879	3787228
1787820286.573300082	s9-eth2	5837	7664
1787820286.573300082	s9-eth3	3785198	2289313777
1787820286.573300082	s9-eth4	5837	7594
1787820292.115027508	s10-eth1	5837	7778
1787820292.115027508	s10-eth2	7664	7903
1787820292.115027508	s10-eth3	7664	7680
1787820292.115027508	s10-eth4	7664	7806
1787820292.115027508	s1-eth1	3786586	3207115422
1787820292.115027508	s1-eth10	1562	4806
1787820292.115027508	s1-eth11	227958254	6653
1787820292.115027508	s1-eth12	1472	4806
1787820292.115027508	s1-eth13	1472	4806
1787820292.115027508	s1-eth14	1562	4806
1787820292.115027508	s1-eth15	228001722	6732
1787820292.115027508	s1-eth16	1472	4826
1787820292.115027508	s1-eth17	1562	4806
1787820292.115027508	s1-eth18	1562	4646
1787820292.115027508	s1-eth19	912175643	6638
1787820292.115027508	s1-eth2	7691	7691
1787820292.115027508	s1-eth20	1472	4806
1787820292.115027508	s1-eth21	1562	4806
1787820292.115027508	s1-eth22	1492	4806
1787820292.115027508	s1-eth23	228099421	6573
1787820292.115027508	s1-eth24	1472	4806
1787820292.115027508	s1-eth25	1562	4806
1787820292.115027508	s1-eth26	1562	4716
1787820292.115027508	s1-eth27	228122354	6644
1787820292.115027508	s1-eth28	1492	4806
1787820292.115027508	s1-eth29	1472	4716
1787820292.115027508	s1-eth3	1123389926	3770937
1787820292.115027508	s1-eth30	1562	4716
1787820292.115027508	s1-eth31	228185802	6643
1787820292.115027508	s1-eth32	1562	4716
1787820292.115027508	s1-eth33	1562	4716
1787820292.115027508	s1-eth34	1562	4716
1787820292.115027508	s1-eth4	1758	5002
1787820292.115027508	s1-eth5	1492	4716
1787820292.115027508	s1-eth6	1562	4806
1787820292.115027508	s1-eth7	228230953	6559
1787820292.115027508	s1-eth8	1562	4716
1787820292.115027508	s1-eth9	1472	4646
1787820292.115027508	s2-eth1	1402640835	730356769
1787820292.115027508	s2-eth10	1472	4806
1787820292.115027508	s2-eth11	228248597	6781
1787820292.115027508	s2-eth12	1472	4806
1787820292.115027508	s2-eth13	1472	4806
1787820292.115027508	s2-eth14	1562	4806
1787820292.115027508	s2-eth15	228282783	6784
1787820292.115027508	s2-eth16	1562	4736
1787820292.115027508	s2-eth17	1562	4736
1787820292.115027508	s2-eth18	1562	4806
1787820292.115027508	s2-eth19	3304	772907283
1787820292.115027508	s2-eth2	7593	7691
1787820292.115027508	s2-eth20	1562	4806
1787820292.115027508	s2-eth21	1472	4716
1787820292.115027508	s2-eth22	1562	4806
1787820292.115027508	s2-eth23	3329	206618307
1787820292.115027508	s2-eth24	1472	4806
1787820292.115027508	s2-eth25	1562	4806
1787820292.115027508	s2-eth26	1472	4806
1787820292.115027508	s2-eth27	3310	206750922
1787820292.115027508	s2-eth28	1562	4806
1787820292.115027508	s2-eth29	1472	4806
1787820292.115027508	s2-eth3	45702745	6861
1787820292.115027508	s2-eth30	1472	4911
1787820292.115027508	s2-eth31	3399	206587976
1787820292.115027508	s2-eth32	1472	4716
1787820292.115027508	s2-eth33	1562	4806
1787820292.115027508	s2-eth34	1562	4646
1787820292.115027508	s2-eth4	1562	4806
1787820292.115027508	s2-eth5	1472	4806
1787820292.115027508	s2-eth6	1562	4716
1787820292.115027508	s2-eth7	228568067	6651
1787820292.115027508	s2-eth8	1562	4716
1787820292.115027508	s2-eth9	1472	4736
1787820292.115027508	s3-eth1	1569384884	735224838
1787820292.115027508	s3-eth10	1472	4806
1787820292.115027508	s3-eth11	3159	201642047
1787820292.115027508	s3-eth12	1312	4716
1787820292.115027508	s3-eth13	1472	4806
1787820292.115027508	s3-eth14	1562	4716
1787820292.115027508	s3-eth15	3398	201025068
1787820292.115027508	s3-eth16	1472	4716
1787820292.115027508	s3-eth17	1472	4716
1787820292.115027508	s3-eth18	1312	4806
1787820292.115027508	s3-eth19	45738336	6674
1787820292.115027508	s3-eth2	7691	7691
1787820292.115027508	s3-eth20	1562	4696
1787820292.115027508	s3-eth21	1472	4696
1787820292.115027508	s3-eth22	1312	4716
1787820292.115027508	s3-eth23	228701406	6850
1787820292.115027508	s3-eth24	1312	4716
1787820292.115027508	s3-eth25	1562	4716
1787820292.115027508	s3-eth26	1312	4716
1787820292.115027508	s3-eth27	228712143	6548
1787820292.115027508	s3-eth28	1472	4806
1787820292.115027508	s3-eth29	1562	4736
1787820292.115027508	s3-eth3	3767407	959508437
1787820292.115027508	s3-eth30	1472	4806
1787820292.115027508	s3-eth31	228769801	6627
1787820292.115027508	s3-eth32	1312	4716
1787820292.115027508	s3-eth33	1472	4696
1787820292.115027508	s3-eth34	1562	4806
1787820292.115027508	s3-eth4	1472	4716
1787820292.115027508	s3-eth5	1492	4806
1787820292.115027508	s3-eth6	1562	4806
1787820292.115027508	s3-eth7	3385	201829735
1787820292.115027508	s3-eth8	1562	4575
1787820292.115027508	s3-eth9	1562	4806
1787820292.115027508	s4-eth1	1444287769	23556
1787820292.115027508	s4-eth10	1492	4696
1787820292.115027508	s4-eth11	3537	221796007
1787820292.115027508	s4-eth12	1472	4716
1787820292.115027508	s4-eth13	1312	4696
1787820292.115027508	s4-eth14	1312	4716
1787820292.115027508	s4-eth15	3470	221791169
1787820292.115027508	s4-eth16	1312	4716
1787820292.115027508	s4-eth17	1472	4696
1787820292.115027508	s4-eth18	1312	4766
1787820292.115027508	s4-eth19	3450	45725738
1787820292.115027508	s4-eth2	7691	5661
1787820292.115027508	s4-eth20	1562	4716
1787820292.115027508	s4-eth21	1472	4716
1787820292.115027508	s4-eth22	1472	4626
1787820292.115027508	s4-eth23	3446	228551798
1787820292.115027508	s4-eth24	1472	4716
1787820292.115027508	s4-eth25	1472	4716
1787820292.115027508	s4-eth26	1312	4766
1787820292.115027508	s4-eth27	3144	228650337
1787820292.115027508	s4-eth28	1472	4806
1787820292.115027508	s4-eth29	1312	4716
1787820292.115027508	s4-eth3	3367	44487409
1787820292.115027508	s4-eth30	1312	4646
1787820292.115027508	s4-eth31	3450	228747069
1787820292.115027508	s4-eth32	1312	4716
1787820292.115027508	s4-eth33	1312	4766
1787820292.115027508	s4-eth34	1472	4696
1787820292.115027508	s4-eth4	1472	4696
1787820292.115027508	s4-eth5	1312	4696
1787820292.115027508	s4-eth6	1312	4736
1787820292.115027508	s4-eth7	3317	222340389
1787820292.115027508	s4-eth8	1312	4716
1787820292.115027508	s4-eth9	1312	4766
1787820292.115027508	s5-eth1	3228373386	3786586
1787820292.115027508	s5-eth2	734385717	1410651145
1787820292.115027508	s5-eth3	3787255	2349833530
1787820292.115027508	s5-eth4	7806	5864
1787820292.115027508	s6-eth1	7691	7691
1787820292.115027508	s6-eth2	7691	7593
1787820292.115027508	s6-eth3	7691	5864
1787820292.115027508	s6-eth4	7931	7691
1787820292.115027508	s7-eth1	738387144	1575445610
1787820292.115027508	s7-eth2	23556	1448432077
1787820292.115027508	s7-eth3	2316192684	3785225
1787820292.115027508	s7-eth4	7708	7691
1787820292.115027508	s8-eth1	7691	7691
1787820292.115027508	s8-eth2	5661	7691
1787820292.115027508	s8-eth3	7621	5864
1787820292.115027508	s8-eth4	7806	7691
1787820292.115027508	s9-eth1	2351780230	3787255
1787820292.115027508	s9-eth2	5864	7691
1787820292.115027508	s9-eth3	3785225	2317418384
1787820292.115027508	s9-eth4	5864	7621
1787820297.057951981	s10-eth1	5864	7806
1787820297.057951981	s10-eth2	7691	7931
1787820297.057951981	s10-eth3	7691	7708
1787820297.057951981	s10-eth4	7718	7834
1787820297.057951981	s1-eth1	3786613	3252260143
1787820297.057951981	s1-eth10	1562	4806
1787820297.057951981	s1-eth11	231240246	6653
1787820297.057951981	s1-eth12	1472	4806
1787820297.057951981	s1-eth13	1472	4806
1787820297.057951981	s1-eth14	1562	4806
1787820297.057951981	s1-eth15	231334184	6732
1787820297.057951981	s1-eth16	1472	4826
1787820297.057951981	s1-eth17	1562	4806
1787820297.057951981	s1-eth18	1562	4646
1787820297.057951981	s1-eth19	925731885	6638
1787820297.057951981	s1-eth2	7718	7718
1787820297.057951981	s1-eth20	1472	4806
1787820297.057951981	s1-eth21	1562	4806
1787820297.057951981	s1-eth22	1492	4806
1787820297.057951981	s1-eth23	231508309	6573
1787820297.057951981	s1-eth24	1472	4806
1787820297.057951981	s1-eth25	1562	4806
1787820297.057951981	s1-eth26	1562	4716
1787820297.057951981	s1-eth27	231594690	6644
1787820297.057951981	s1-eth28	1492	4806
1787820297.057951981	s1-eth29	1472	4716
1787820297.057951981	s1-eth3	1137460962	3770937
1787820297.057951981	s1-eth30	1562	4716
1787820297.057951981	s1-eth31	231721586	6643
1787820297.057951981	s1-eth32	1562	4716
1787820297.057951981	s1-eth33	1562	4716
1787820297.057951981	s1-eth34	1562	4716
1787820297.057951981	s1-eth4	1758	5002
1787820297.057951981	s1-eth5	1492	4716
1787820297.057951981	s1-eth6	1562	4806
1787820297.057951981	s1-eth7	231884981	6559
1787820297.057951981	s1-eth8	1562	4716
1787820297.057951981	s1-eth9	1472	4646
1787820297.057951981	s2-eth1	1426354552	742342700
1787820297.057951981	s2-eth10	1472	4806
1787820297.057951981	s2-eth11	231996355	6781
1787820297.057951981	s2-eth12	1472	4806
1787820297.057951981	s2-eth13	1472	4806
1787820297.057951981	s2-eth14	1562	4806
1787820297.057951981	s2-eth15	232089663	6784
1787820297.057951981	s2-eth16	1562	4736
1787820297.057951981	s2-eth17	1562	4736
1787820297.057951981	s2-eth18	1562	4806
1787820297.057951981	s2-eth19	3304	786463525
1787820297.057951981	s2-eth2	7620	7718
1787820297.057951981	s2-eth20	1562	4806
1787820297.057951981	s2-eth21	1472	4716
1787820297.057951981	s2-eth22	1562	4806
1787820297.057951981	s2-eth23	3329	210178605
1787820297.057951981	s2-eth24	1472	4806
1787820297.057951981	s2-eth25	1562	4806
1787820297.057951981	s2-eth26	1472	4806
1787820297.057951981	s2-eth27	3310	210335734
1787820297.057951981	s2-eth28	1562	4806
1787820297.057951981	s2-eth29	1472	4806
1787820297.057951981	s2-eth3	46495845	6861
1787820297.057951981	s2-eth30	1472	4911
1787820297.057951981	s2-eth31	3399	210253540
1787820297.057951981	s2-eth32	1472	4716
1787820297.057951981	s2-eth33	1562	4806
1787820297.057951981	s2-eth34	1562	4646
1787820297.057951981	s2-eth4	1562	4806
1787820297.057951981	s2-eth5	1472	4806
1787820297.057951981	s2-eth6	1562	4716
1787820297.057951981	s2-eth7	232627297	6651
1787820297.057951981	s2-eth8	1562	4716
1787820297.057951981	s2-eth9	1472	4736
1787820297.057951981	s3-eth1	1594347373	748344181
1787820297.057951981	s3-eth10	1472	4806
1787820297.057951981	s3-eth11	3159	205258583
1787820297.057951981	s3-eth12	1312	4716
1787820297.057951981	s3-eth13	1472	4806
1787820297.057951981	s3-eth14	1562	4716
1787820297.057951981	s3-eth15	3398	204648814
1787820297.057951981	s3-eth16	1472	4716
1787820297.057951981	s3-eth17	1472	4716
1787820297.057951981	s3-eth18	1312	4806
1787820297.057951981	s3-eth19	46561718	6674
1787820297.057951981	s3-eth2	7718	7718
1787820297.057951981	s3-eth20	1562	4696
1787820297.057951981	s3-eth21	1472	4696
1787820297.057951981	s3-eth22	1312	4716
1787820297.057951981	s3-eth23	232857250	6850
1787820297.057951981	s3-eth24	1312	4716
1787820297.057951981	s3-eth25	1562	4716
1787820297.057951981	s3-eth26	1312	4716
1787820297.057951981	s3-eth27	232924225	6548
1787820297.057951981	s3-eth28	1472	4806
1787820297.057951981	s3-eth29	1562	4736
1787820297.057951981	s3-eth3	3767407	974113013
1787820297.057951981	s3-eth30	1472	4806
1787820297.057951981	s3-eth31	233068403	6627
1787820297.057951981	s3-eth32	1312	4716
1787820297.057951981	s3-eth33	1472	4696
1787820297.057951981	s3-eth34	1562	4806
1787820297.057951981	s3-eth4	1472	4716
1787820297.057951981	s3-eth5	1492	4806
1787820297.057951981	s3-eth6	1562	4806
1787820297.057951981	s3-eth7	3385	205687085
1787820297.057951981	s3-eth8	1562	4575
1787820297.057951981	s3-eth9	1562	4806
1787820297.057951981	s4-eth1	1471502662	23583
1787820297.057951981	s4-eth10	1492	4696
1787820297.057951981	s4-eth11	3537	225960503
1787820297.057951981	s4-eth12	1472	4716
1787820297.057951981	s4-eth13	1312	4696
1787820297.057951981	s4-eth14	1312	4716
1787820297.057951981	s4-eth15	3470	226000367
1787820297.057951981	s4-eth16	1312	4716
1787820297.057951981	s4-eth17	1472	4696
1787820297.057951981	s4-eth18	1312	4766
1787820297.057951981	s4-eth19	3450	46602474
1787820297.057951981	s4-eth2	7718	5688
1787820297.057951981	s4-eth20	1562	4716
1787820297.057951981	s4-eth21	1472	4716
1787820297.057951981	s4-eth22	1472	4626
1787820297.057951981	s4-eth23	3446	233026324
1787820297.057951981	s4-eth24	1472	4716
1787820297.057951981	s4-eth25	1472	4716
1787820297.057951981	s4-eth26	1312	4766
1787820297.057951981	s4-eth27	3144	233159471
1787820297.057951981	s4-eth28	1472	4806
1787820297.057951981	s4-eth29	1312	4716
1787820297.057951981	s4-eth3	3367	45375681
1787820297.057951981	s4-eth30	1312	4646
1787820297.057951981	s4-eth31	3450	233280717
1787820297.057951981	s4-eth32	1312	4716
1787820297.057951981	s4-eth33	1312	4766
1787820297.057951981	s4-eth34	1472	4696
1787820297.057951981	s4-eth4	1472	4696
1787820297.057951981	s4-eth5	1312	4696
1787820297.057951981	s4-eth6	1312	4736
1787820297.057951981	s4-eth7	3317	226856733
1787820297.057951981	s4-eth8	1312	4716
1787820297.057951981	s4-eth9	1312	4766
1787820297.057951981	s5-eth1	3289397411	3786613
1787820297.057951981	s5-eth2	749477716	1439407536
1787820297.057951981	s5-eth3	3787282	2393957315
1787820297.057951981	s5-eth4	7834	5891
1787820297.057951981	s6-eth1	7718	7718
1787820297.057951981	s6-eth2	7718	7620
1787820297.057951981	s6-eth3	7718	5891
1787820297.057951981	s6-eth4	7959	7718
1787820297.057951981	s7-eth1	753707006	1603553128
1787820297.057951981	s7-eth2	23610	1478773253
1787820297.057951981	s7-eth3	2359893990	3785279
1787820297.057951981	s7-eth4	7764	7745
1787820297.057951981	s8-eth1	7745	7745
1787820297.057951981	s8-eth2	5715	7745
1787820297.057951981	s8-eth3	7675	5918
1787820297.057951981	s8-eth4	7862	7745
1787820297.057951981	s9-eth1	2396578898	3787309
1787820297.057951981	s9-eth2	5918	7745
1787820297.057951981	s9-eth3	3785279	2361852226
1787820297.057951981	s9-eth4	5918	7675
1787820304.831645588	s10-eth1	5918	7862
1787820304.831645588	s10-eth2	7745	7987
1787820304.831645588	s10-eth3	7745	7764
1787820304.831645588	s10-eth4	7745	7862
1787820304.831645588	s1-eth1	3786640	3313734045
1787820304.831645588	s1-eth10	1562	4806
1787820304.831645588	s1-eth11	236254080	6653
1787820304.831645588	s1-eth12	1472	4806
1787820304.831645588	s1-eth13	1472	4806
1787820304.831645588	s1-eth14	1562	4806
1787820304.831645588	s1-eth15	236373974	6732
1787820304.831645588	s1-eth16	1472	4826
1787820304.831645588	s1-eth17	1562	4806
1787820304.831645588	s1-eth18	1562	4646
1787820304.831645588	s1-eth19	945904023	6638
1787820304.831645588	s1-eth2	7745	7745
1787820304.831645588	s1-eth20	1472	4806
1787820304.831645588	s1-eth21	1562	4806
1787820304.831645588	s1-eth22	1492	4806
1787820304.831645588	s1-eth23	236640387	6573
1787820304.831645588	s1-eth24	1472	4806
1787820304.831645588	s1-eth25	1562	4806
1787820304.831645588	s1-eth26	1562	4716
1787820304.831645588	s1-eth27	236634480	6644
1787820304.831645588	s1-eth28	1492	4806
1787820304.831645588	s1-eth29	1472	4716
1787820304.831645588	s1-eth3	1157370656	3770937
1787820304.831645588	s1-eth30	1562	4716
1787820304.831645588	s1-eth31	236670530	6643
1787820304.831645588	s1-eth32	1562	4716
1787820304.831645588	s1-eth33	1562	4716
1787820304.831645588	s1-eth34	1562	4716
1787820304.831645588	s1-eth4	1758	5002
1787820304.831645588	s1-eth5	1492	4716
1787820304.831645588	s1-eth6	1562	4806
1787820304.831645588	s1-eth7	236802201	6559
1787820304.831645588	s1-eth8	1562	4716
1787820304.831645588	s1-eth9	1472	4646
1787820304.831645588	s2-eth1	1452855655	758005731
1787820304.831645588	s2-eth10	1472	4806
1787820304.831645588	s2-eth11	236920785	6781
1787820304.831645588	s2-eth12	1472	4806
1787820304.831645588	s2-eth13	1472	4806
1787820304.831645588	s2-eth14	1562	4806
1787820304.831645588	s2-eth15	236960739	6784
1787820304.831645588	s2-eth16	1562	4736
1787820304.831645588	s2-eth17	1562	4736
1787820304.831645588	s2-eth18	1562	4806
1787820304.831645588	s2-eth19	3304	799703969
1787820304.831645588	s2-eth2	7647	7745
1787820304.831645588	s2-eth20	1562	4806
1787820304.831645588	s2-eth21	1472	4716
1787820304.831645588	s2-eth22	1562	4806
1787820304.831645588	s2-eth23	3329	214370499
1787820304.831645588	s2-eth24	1472	4806
1787820304.831645588	s2-eth25	1562	4806
1787820304.831645588	s2-eth26	1472	4806
1787820304.831645588	s2-eth27	3310	214490136
1787820304.831645588	s2-eth28	1562	4806
1787820304.831645588	s2-eth29	1472	4806
1787820304.831645588	s2-eth3	47443239	6861
1787820304.831645588	s2-eth30	1472	4911
1787820304.831645588	s2-eth31	3399	214308444
1787820304.831645588	s2-eth32	1472	4716
1787820304.831645588	s2-eth33	1562	4806
1787820304.831645588	s2-eth34	1562	4646
1787820304.831645588	s2-eth4	1562	4806
1787820304.831645588	s2-eth5	1472	4806
1787820304.831645588	s2-eth6	1562	4716
1787820304.831645588	s2-eth7	237196995	6651
1787820304.831645588	s2-eth8	1562	4716
1787820304.831645588	s2-eth9	1472	4736
1787820304.831645588	s3-eth1	1617174260	762778628
1787820304.831645588	s3-eth10	1472	4806
1787820304.831645588	s3-eth11	3159	208944335
1787820304.831645588	s3-eth12	1312	4716
1787820304.831645588	s3-eth13	1472	4806
1787820304.831645588	s3-eth14	1562	4716
1787820304.831645588	s3-eth15	3398	208318704
1787820304.831645588	s3-eth16	1472	4716
1787820304.831645588	s3-eth17	1472	4716
1787820304.831645588	s3-eth18	1312	4806
1787820304.831645588	s3-eth19	47449990	6674
1787820304.831645588	s3-eth2	7745	7745
1787820304.831645588	s3-eth20	1562	4696
1787820304.831645588	s3-eth21	1472	4696
1787820304.831645588	s3-eth22	1312	4716
1787820304.831645588	s3-eth23	237226510	6850
1787820304.831645588	s3-eth24	1312	4716
1787820304.831645588	s3-eth25	1562	4716
1787820304.831645588	s3-eth26	1312	4716
1787820304.831645588	s3-eth27	237206965	6548
1787820304.831645588	s3-eth28	1472	4806
1787820304.831645588	s3-eth29	1562	4736
1787820304.831645588	s3-eth3	3767407	984320931
1787820304.831645588	s3-eth30	1472	4806
1787820304.831645588	s3-eth31	237214153	6627
1787820304.831645588	s3-eth32	1312	4716
1787820304.831645588	s3-eth33	1472	4696
1787820304.831645588	s3-eth34	1562	4806
1787820304.831645588	s3-eth4	1472	4716
1787820304.831645588	s3-eth5	1492	4806
1787820304.831645588	s3-eth6	1562	4806
1787820304.831645588	s3-eth7	3385	208967635
1787820304.831645588	s3-eth8	1562	4575
1787820304.831645588	s3-eth9	1562	4806
1787820304.831645588	s4-eth1	1496381515	23610
1787820304.831645588	s4-eth10	1492	4696
1787820304.831645588	s4-eth11	3537	229646255
1787820304.831645588	s4-eth12	1472	4716
1787820304.831645588	s4-eth13	1312	4696
1787820304.831645588	s4-eth14	1312	4716
1787820304.831645588	s4-eth15	3470	229626997
1787820304.831645588	s4-eth16	1312	4716
1787820304.831645588	s4-eth17	1472	4696
1787820304.831645588	s4-eth18	1312	4766
1787820304.831645588	s4-eth19	3450	47382596
1787820304.831645588	s4-eth2	7745	5715
1787820304.831645588	s4-eth20	1562	4716
1787820304.831645588	s4-eth21	1472	4716
1787820304.831645588	s4-eth22	1472	4626
1787820304.831645588	s4-eth23	3446	236811574
1787820304.831645588	s4-eth24	1472	4716
1787820304.831645588	s4-eth25	1472	4716
1787820304.831645588	s4-eth26	1312	4766
1787820304.831645588	s4-eth27	3144	236876947
1787820304.831645588	s4-eth28	1472	4806
1787820304.831645588	s4-eth29	1312	4716
1787820304.831645588	s4-eth3	3367	46053421
1787820304.831645588	s4-eth30	1312	4646
1787820304.831645588	s4-eth31	3450	236913115
1787820304.831645588	s4-eth32	1312	4716
1787820304.831645588	s4-eth33	1312	4766
1787820304.831645588	s4-eth34	1472	4696
1787820304.831645588	s4-eth4	1472	4696
1787820304.831645588	s4-eth5	1312	4696
1787820304.831645588	s4-eth6	1312	4736
1787820304.831645588	s4-eth7	3317	230344931
1787820304.831645588	s4-eth8	1312	4716
1787820304.831645588	s4-eth9	1312	4766
1787820304.831645588	s5-eth1	3330807352	3786667
1787820304.831645588	s5-eth2	761517028	1457008642
1787820304.831645588	s5-eth3	3787336	2423016553
1787820304.831645588	s5-eth4	7890	5945
1787820304.831645588	s6-eth1	7772	7772
1787820304.831645588	s6-eth2	7772	7674
1787820304.831645588	s6-eth3	7772	5945
1787820304.831645588	s6-eth4	8015	7772
1787820304.831645588	s7-eth1	765669865	1619768445
1787820304.831645588	s7-eth2	23637	1501825092
1787820304.831645588	s7-eth3	2387462173	3785306
1787820304.831645588	s7-eth4	7792	7772
1787820304.831645588	s8-eth1	7772	7772
1787820304.831645588	s8-eth2	5742	7772
1787820304.831645588	s8-eth3	7702	5945
1787820304.831645588	s8-eth4	7890	7772
1787820304.831645588	s9-eth1	2424484955	3791376
1787820304.831645588	s9-eth2	5945	7772
1787820304.831645588	s9-eth3	3789755	2388032629
1787820304.831645588	s9-eth4	5945	7702
1787820310.201770908	s10-eth1	5945	7890
1787820310.201770908	s10-eth2	7772	8015
1787820310.201770908	s10-eth3	7772	7792
1787820310.201770908	s10-eth4	7772	7890
1787820310.201770908	s1-eth1	3793047	3333442196
1787820310.201770908	s1-eth10	1562	4806
1787820310.201770908	s1-eth11	238189090	7607
1787820310.201770908	s1-eth12	1472	4806
1787820310.201770908	s1-eth13	1472	4806
1787820310.201770908	s1-eth14	1562	4806
1787820310.201770908	s1-eth15	238193245	7463
1787820310.201770908	s1-eth16	1472	4826
1787820310.201770908	s1-eth17	1562	4806
1787820310.201770908	s1-eth18	1562	4646
1787820310.201770908	s1-eth19	952752990	7447
1787820310.201770908	s1-eth2	7772	7772
1787820310.201770908	s1-eth20	1472	4806
1787820310.201770908	s1-eth21	1562	4806
1787820310.201770908	s1-eth22	1492	4806
1787820310.201770908	s1-eth23	238192754	7306
1787820310.201770908	s1-eth24	1472	4806
1787820310.201770908	s1-eth25	1562	4806
1787820310.201770908	s1-eth26	1562	4716
1787820310.201770908	s1-eth27	238185611	7521
1787820310.201770908	s1-eth28	1492	4806
1787820310.201770908	s1-eth29	1472	4716
1787820310.201770908	s1-eth3	1163437991	3771672
1787820310.201770908	s1-eth30	1562	4716
1787820310.201770908	s1-eth31	238194124	7375
1787820310.201770908	s1-eth32	1562	4716
1787820310.201770908	s1-eth33	1562	4716
1787820310.201770908	s1-eth34	1562	4716
1787820310.201770908	s1-eth4	1758	5002
1787820310.201770908	s1-eth5	1492	4716
1787820310.201770908	s1-eth6	1562	4806
1787820310.201770908	s1-eth7	238193264	7368
1787820310.201770908	s1-eth8	1562	4716
1787820310.201770908	s1-eth9	1472	4646
1787820310.201770908	s2-eth1	1458023535	762216243
1787820310.201770908	s2-eth10	1472	4806
1787820310.201770908	s2-eth11	238193546	7660
1787820310.201770908	s2-eth12	1472	4806
1787820310.201770908	s2-eth13	1472	4806
1787820310.201770908	s2-eth14	1562	4806
1787820310.201770908	s2-eth15	238189031	7663
1787820310.201770908	s2-eth16	1562	4736
1787820310.201770908	s2-eth17	1562	4736
1787820310.201770908	s2-eth18	1562	4806
1787820310.201770908	s2-eth19	4113	801860601
1787820310.201770908	s2-eth2	7674	7772
1787820310.201770908	s2-eth20	1562	4806
1787820310.201770908	s2-eth21	1472	4716
1787820310.201770908	s2-eth22	1562	4806
1787820310.201770908	s2-eth23	4062	214955284
1787820310.201770908	s2-eth24	1472	4806
1787820310.201770908	s2-eth25	1562	4806
1787820310.201770908	s2-eth26	1472	4806
1787820310.201770908	s2-eth27	4187	215047729
1787820310.201770908	s2-eth28	1562	4806
1787820310.201770908	s2-eth29	1472	4806
1787820310.201770908	s2-eth3	47644595	7724
1787820310.201770908	s2-eth30	1472	4911
1787820310.201770908	s2-eth31	4131	214868782
1787820310.201770908	s2-eth32	1472	4716
1787820310.201770908	s2-eth33	1562	4806
1787820310.201770908	s2-eth34	1562	4646
1787820310.201770908	s2-eth4	1562	4806
1787820310.201770908	s2-eth5	1472	4806
1787820310.201770908	s2-eth6	1562	4716
1787820310.201770908	s2-eth7	238177032	7525
1787820310.201770908	s2-eth8	1562	4716
1787820310.201770908	s2-eth9	1472	4736
1787820310.201770908	s3-eth1	1620145853	765999393
1787820310.201770908	s3-eth10	1472	4806
1787820310.201770908	s3-eth11	4113	209480605
1787820310.201770908	s3-eth12	1312	4716
1787820310.201770908	s3-eth13	1472	4806
1787820310.201770908	s3-eth14	1562	4716
1787820310.201770908	s3-eth15	4129	208863180
1787820310.201770908	s3-eth16	1472	4716
1787820310.201770908	s3-eth17	1472	4716
1787820310.201770908	s3-eth18	1312	4806
1787820310.201770908	s3-eth19	47644122	7480
1787820310.201770908	s3-eth2	7772	7772
1787820310.201770908	s3-eth20	1562	4696
1787820310.201770908	s3-eth21	1472	4696
1787820310.201770908	s3-eth22	1312	4716
1787820310.201770908	s3-eth23	238193490	7581
1787820310.201770908	s3-eth24	1312	4716
1787820310.201770908	s3-eth25	1562	4716
1787820310.201770908	s3-eth26	1312	4716
1787820310.201770908	s3-eth27	238192624	7280
1787820310.201770908	s3-eth28	1472	4806
1787820310.201770908	s3-eth29	1562	4736
1787820310.201770908	s3-eth3	3768142	985622389
1787820310.201770908	s3-eth30	1472	4806
1787820310.201770908	s3-eth31	238192603	7360
1787820310.201770908	s3-eth32	1312	4716
1787820310.201770908	s3-eth33	1472	4696
1787820310.201770908	s3-eth34	1562	4806
1787820310.201770908	s3-eth4	1472	4716
1787820310.201770908	s3-eth5	1492	4806
1787820310.201770908	s3-eth6	1562	4806
1787820310.201770908	s3-eth7	4194	209468917
1787820310.201770908	s3-eth8	1562	4575
1787820310.201770908	s3-eth9	1562	4806
1787820310.201770908	s4-eth1	1502347081	30134
1787820310.201770908	s4-eth10	1492	4696
1787820310.201770908	s4-eth11	4416	230544096
1787820310.201770908	s4-eth12	1472	4716
1787820310.201770908	s4-eth13	1312	4696
1787820310.201770908	s4-eth14	1312	4716
1787820310.201770908	s4-eth15	4349	230491905
1787820310.201770908	s4-eth16	1312	4716
1787820310.201770908	s4-eth17	1472	4696
1787820310.201770908	s4-eth18	1312	4766
1787820310.201770908	s4-eth19	4256	47543562
1787820310.201770908	s4-eth2	7772	5742
1787820310.201770908	s4-eth20	1562	4716
1787820310.201770908	s4-eth21	1472	4716
1787820310.201770908	s4-eth22	1472	4626
1787820310.201770908	s4-eth23	4177	237583884
1787820310.201770908	s4-eth24	1472	4716
1787820310.201770908	s4-eth25	1472	4716
1787820310.201770908	s4-eth26	1312	4766
1787820310.201770908	s4-eth27	3876	237649190
1787820310.201770908	s4-eth28	1472	4806
1787820310.201770908	s4-eth29	1312	4716
1787820310.201770908	s4-eth3	4230	46191329
1787820310.201770908	s4-eth30	1312	4646
1787820310.201770908	s4-eth31	4183	237639215
1787820310.201770908	s4-eth32	1312	4716
1787820310.201770908	s4-eth33	1312	4766
1787820310.201770908	s4-eth34	1472	4696
1787820310.201770908	s4-eth4	1472	4696
1787820310.201770908	s4-eth5	1312	4696
1787820310.201770908	s4-eth6	1312	4736
1787820310.201770908	s4-eth7	4191	230709234
1787820310.201770908	s4-eth8	1312	4716
1787820310.201770908	s4-eth9	1312	4766
1787820310.201770908	s5-eth1	3333442196	3793047
1787820310.201770908	s5-eth2	762216243	1458023535
1787820310.201770908	s5-eth3	3794060	2424487899
1787820310.201770908	s5-eth4	7890	5945
1787820310.201770908	s6-eth1	7772	7772
1787820310.201770908	s6-eth2	7772	7674
1787820310.201770908	s6-eth3	7772	5945
1787820310.201770908	s6-eth4	8015	7772
1787820310.201770908	s7-eth1	765999393	1620145853
1787820310.201770908	s7-eth2	30134	1502347081
1787820310.201770908	s7-eth3	2388035153	3792030
1787820310.201770908	s7-eth4	7792	7772
1787820310.201770908	s8-eth1	7772	7772
1787820310.201770908	s8-eth2	5742	7772
1787820310.201770908	s8-eth3	7702	5945
1787820310.201770908	s8-eth4	7890	7772
1787820310.201770908	s9-eth1	2424487899	3794060
1787820310.201770908	s9-eth2	5945	7772
1787820310.201770908	s9-eth3	3792030	2388035153
1787820310.201770908	s9-eth4	5945	7702
1787820312.514169440	s10-eth1	5972	7918
1787820312.514169440	s10-eth2	7799	8043
1787820312.514169440	s10-eth3	7799	7820
1787820312.514169440	s10-eth4	7799	7918
1787820312.514169440	s1-eth1	3793074	3333442223
1787820312.514169440	s1-eth10	1562	4806
1787820312.514169440	s1-eth11	238189090	7607
1787820312.514169440	s1-eth12	1472	4806
1787820312.514169440	s1-eth13	1472	4806
1787820312.514169440	s1-eth14	1562	4806
1787820312.514169440	s1-eth15	238193245	7463
1787820312.514169440	s1-eth16	1472	4826
1787820312.514169440	s1-eth17	1562	4806
1787820312.514169440	s1-eth18	1562	4646
1787820312.514169440	s1-eth19	952752990	7447
1787820312.514169440	s1-eth2	7799	7799
1787820312.514169440	s1-eth20	1472	4806
1787820312.514169440	s1-eth21	1562	4806
1787820312.514169440	s1-eth22	1492	4806
1787820312.514169440	s1-eth23	238192754	7306
1787820312.514169440	s1-eth24	1472	4806
1787820312.514169440	s1-eth25	1562	4806
1787820312.514169440	s1-eth26	1562	4716
1787820312.514169440	s1-eth27	238185611	7521
1787820312.514169440	s1-eth28	1492	4806
1787820312.514169440	s1-eth29	1472	4716
1787820312.514169440	s1-eth3	1163437991	3771672
1787820312.514169440	s1-eth30	1562	4716
1787820312.514169440	s1-eth31	238194124	7375
1787820312.514169440	s1-eth32	1562	4716
1787820312.514169440	s1-eth33	1562	4716
1787820312.514169440	s1-eth34	1562	4716
1787820312.514169440	s1-eth4	1758	5002
1787820312.514169440	s1-eth5	1492	4716
1787820312.514169440	s1-eth6	1562	4806
1787820312.514169440	s1-eth7	238193264	7368
1787820312.514169440	s1-eth8	1562	4716
1787820312.514169440	s1-eth9	1472	4646
1787820312.514169440	s2-eth1	1458023562	762216270
1787820312.514169440	s2-eth10	1472	4806
1787820312.514169440	s2-eth11	238193546	7660
1787820312.514169440	s2-eth12	1472	4806
1787820312.514169440	s2-eth13	1472	4806
1787820312.514169440	s2-eth14	1562	4806
1787820312.514169440	s2-eth15	238189031	7663
1787820312.514169440	s2-eth16	1562	4736
1787820312.514169440	s2-eth17	1562	4736
1787820312.514169440	s2-eth18	1562	4806
1787820312.514169440	s2-eth19	4113	801860601
1787820312.514169440	s2-eth2	7701	7799
1787820312.514169440	s2-eth20	1562	4806
1787820312.514169440	s2-eth21	1472	4716
1787820312.514169440	s2-eth22	1562	4806
1787820312.514169440	s2-eth23	4062	214955284
1787820312.514169440	s2-eth24	1472	4806
1787820312.514169440	s2-eth25	1562	4806
1787820312.514169440	s2-eth26	1472	4806
1787820312.514169440	s2-eth27	4187	215047729
1787820312.514169440	s2-eth28	1562	4806
1787820312.514169440	s2-eth29	1472	4806
1787820312.514169440	s2-eth3	47644595	7724
1787820312.514169440	s2-eth30	1472	4911
1787820312.514169440	s2-eth31	4131	214868782
1787820312.514169440	s2-eth32	1472	4716
1787820312.514169440	s2-eth33	1562	4806
1787820312.514169440	s2-eth34	1562	4646
1787820312.514169440	s2-eth4	1562	4806
1787820312.514169440	s2-eth5	1472	4806
1787820312.514169440	s2-eth6	1562	4716
1787820312.514169440	s2-eth7	238177032	7525
1787820312.514169440	s2-eth8	1562	4716
1787820312.514169440	s2-eth9	1472	4736
1787820312.514169440	s3-eth1	1620145880	765999420
1787820312.514169440	s3-eth10	1472	4806
1787820312.514169440	s3-eth11	4113	209480605
1787820312.514169440	s3-eth12	1312	4716
1787820312.514169440	s3-eth13	1472	4806
1787820312.514169440	s3-eth14	1562	4716
1787820312.514169440	s3-eth15	4129	208863180
1787820312.514169440	s3-eth16	1472	4716
1787820312.514169440	s3-eth17	1472	4716
1787820312.514169440	s3-eth18	1312	4806
1787820312.514169440	s3-eth19	47644122	7480
1787820312.514169440	s3-eth2	7799	7799
1787820312.514169440	s3-eth20	1562	4696
1787820312.514169440	s3-eth21	1472	4696
1787820312.514169440	s3-eth22	1312	4716
1787820312.514169440	s3-eth23	238193490	7581
1787820312.514169440	s3-eth24	1312	4716
1787820312.514169440	s3-eth25	1562	4716
1787820312.514169440	s3-eth26	1312	4716
1787820312.514169440	s3-eth27	238192624	7280
1787820312.514169440	s3-eth28	1472	4806
1787820312.514169440	s3-eth29	1562	4736
1787820312.514169440	s3-eth3	3768142	985622389
1787820312.514169440	s3-eth30	1472	4806
1787820312.514169440	s3-eth31	238192603	7360
1787820312.514169440	s3-eth32	1312	4716
1787820312.514169440	s3-eth33	1472	4696
1787820312.514169440	s3-eth34	1562	4806
1787820312.514169440	s3-eth4	1472	4716
1787820312.514169440	s3-eth5	1562	4806
1787820312.514169440	s3-eth6	1562	4806
1787820312.514169440	s3-eth7	4194	209468917
1787820312.514169440	s3-eth8	1562	4575
1787820312.514169440	s3-eth9	1562	4806
1787820312.514169440	s4-eth1	1502347108	30161
1787820312.514169440	s4-eth10	1562	4696
1787820312.514169440	s4-eth11	4416	230544096
1787820312.514169440	s4-eth12	1472	4716
1787820312.514169440	s4-eth13	1312	4696
1787820312.514169440	s4-eth14	1312	4716
1787820312.514169440	s4-eth15	4419	230491905
1787820312.514169440	s4-eth16	1312	4716
1787820312.514169440	s4-eth17	1472	4696
1787820312.514169440	s4-eth18	1312	4766
1787820312.514169440	s4-eth19	4256	47543562
1787820312.514169440	s4-eth2	7799	5769
1787820312.514169440	s4-eth20	1562	4716
1787820312.514169440	s4-eth21	1472	4716
1787820312.514169440	s4-eth22	1472	4696
1787820312.514169440	s4-eth23	4177	237583884
1787820312.514169440	s4-eth24	1472	4716
1787820312.514169440	s4-eth25	1472	4716
1787820312.514169440	s4-eth26	1312	4766
1787820312.514169440	s4-eth27	3876	237649260
1787820312.514169440	s4-eth28	1472	4806
1787820312.514169440	s4-eth29	1312	4716
1787820312.514169440	s4-eth3	4230	46191329
1787820312.514169440	s4-eth30	1312	4716
1787820312.514169440	s4-eth31	4183	237639215
1787820312.514169440	s4-eth32	1312	4716
1787820312.514169440	s4-eth33	1312	4766
1787820312.514169440	s4-eth34	1472	4696
1787820312.514169440	s4-eth4	1472	4696
1787820312.514169440	s4-eth5	1312	4696
1787820312.514169440	s4-eth6	1312	4736
1787820312.514169440	s4-eth7	4191	230709234
1787820312.514169440	s4-eth8	1312	4716
1787820312.514169440	s4-eth9	1312	4766
1787820312.514169440	s5-eth1	3333442223	3793074
1787820312.514169440	s5-eth2	762216340	1458023562
1787820312.514169440	s5-eth3	3794087	2424487926
1787820312.514169440	s5-eth4	7918	5972
1787820312.514169440	s6-eth1	7799	7799
1787820312.514169440	s6-eth2	7799	7701
1787820312.514169440	s6-eth3	7799	5972
1787820312.514169440	s6-eth4	8043	7799
1787820312.514169440	s7-eth1	765999420	1620145880
1787820312.514169440	s7-eth2	30161	1502347108
1787820312.514169440	s7-eth3	2388035180	3792057
1787820312.514169440	s7-eth4	7820	7799
1787820312.514169440	s8-eth1	7799	7799
1787820312.514169440	s8-eth2	5769	7799
1787820312.514169440	s8-eth3	7799	5972
1787820312.514169440	s8-eth4	7918	7799
1787820312.514169440	s9-eth1	2424487926	3794087
1787820312.514169440	s9-eth2	5972	7799
1787820312.514169440	s9-eth3	3792057	2388035180
1787820312.514169440	s9-eth4	5972	7799
1787820314.800347002	s10-eth1	5972	7918
1787820314.800347002	s10-eth2	7799	8043
1787820314.800347002	s10-eth3	7799	7820
1787820314.800347002	s10-eth4	7799	7918
1787820314.800347002	s1-eth1	3793074	3333442223
1787820314.800347002	s1-eth10	1562	4806
1787820314.800347002	s1-eth11	238189090	7607
1787820314.800347002	s1-eth12	1472	4806
1787820314.800347002	s1-eth13	1472	4806
1787820314.800347002	s1-eth14	1562	4806
1787820314.800347002	s1-eth15	238193245	7463
1787820314.800347002	s1-eth16	1472	4826
1787820314.800347002	s1-eth17	1562	4806
1787820314.800347002	s1-eth18	1562	4716
1787820314.800347002	s1-eth19	952752990	7447
1787820314.800347002	s1-eth2	7799	7799
1787820314.800347002	s1-eth20	1472	4806
1787820314.800347002	s1-eth21	1562	4806
1787820314.800347002	s1-eth22	1562	4806
1787820314.800347002	s1-eth23	238192754	7306
1787820314.800347002	s1-eth24	1472	4806
1787820314.800347002	s1-eth25	1562	4806
1787820314.800347002	s1-eth26	1562	4716
1787820314.800347002	s1-eth27	238185611	7521
1787820314.800347002	s1-eth28	1562	4806
1787820314.800347002	s1-eth29	1472	4716
1787820314.800347002	s1-eth3	1163438061	3771672
1787820314.800347002	s1-eth30	1562	4716
1787820314.800347002	s1-eth31	238194124	7375
1787820314.800347002	s1-eth32	1562	4716
1787820314.800347002	s1-eth33	1562	4716
1787820314.800347002	s1-eth34	1562	4716
1787820314.800347002	s1-eth4	1758	5002
1787820314.800347002	s1-eth5	1492	4716
1787820314.800347002	s1-eth6	1562	4806
1787820314.800347002	s1-eth7	238193264	7438
1787820314.800347002	s1-eth8	1562	4716
1787820314.800347002	s1-eth9	1472	4716
1787820314.800347002	s2-eth1	1458023562	762216340
1787820314.800347002	s2-eth10	1472	4806
1787820314.800347002	s2-eth11	238193546	7660
1787820314.800347002	s2-eth12	1472	4806
1787820314.800347002	s2-eth13	1472	4806
1787820314.800347002	s2-eth14	1562	4806
1787820314.800347002	s2-eth15	238189031	7663
1787820314.800347002	s2-eth16	1562	4806
1787820314.800347002	s2-eth17	1562	4806
1787820314.800347002	s2-eth18	1562	4806
1787820314.800347002	s2-eth19	4113	801860601
1787820314.800347002	s2-eth2	7701	7799
1787820314.800347002	s2-eth20	1562	4806
1787820314.800347002	s2-eth21	1472	4716
1787820314.800347002	s2-eth22	1562	4806
1787820314.800347002	s2-eth23	4062	214955284
1787820314.800347002	s2-eth24	1472	4806
1787820314.800347002	s2-eth25	1562	4806
1787820314.800347002	s2-eth26	1472	4806
1787820314.800347002	s2-eth27	4187	215047729
1787820314.800347002	s2-eth28	1562	4806
1787820314.800347002	s2-eth29	1472	4806
1787820314.800347002	s2-eth3	47644595	7724
1787820314.800347002	s2-eth30	1472	4911
1787820314.800347002	s2-eth31	4131	214868782
1787820314.800347002	s2-eth32	1472	4716
1787820314.800347002	s2-eth33	1562	4806
1787820314.800347002	s2-eth34	1562	4716
1787820314.800347002	s2-eth4	1562	4806
1787820314.800347002	s2-eth5	1472	4806
1787820314.800347002	s2-eth6	1562	4716
1787820314.800347002	s2-eth7	238177102	7525
1787820314.800347002	s2-eth8	1562	4716
1787820314.800347002	s2-eth9	1472	4806
1787820314.800347002	s3-eth1	1620145880	765999420
1787820314.800347002	s3-eth10	1472	4806
1787820314.800347002	s3-eth11	4113	209480605
1787820314.800347002	s3-eth12	1312	4716
1787820314.800347002	s3-eth13	1472	4806
1787820314.800347002	s3-eth14	1562	4716
1787820314.800347002	s3-eth15	4129	208863180
1787820314.800347002	s3-eth16	1472	4716
1787820314.800347002	s3-eth17	1472	4716
1787820314.800347002	s3-eth18	1312	4806
1787820314.800347002	s3-eth19	47644122	7480
1787820314.800347002	s3-eth2	7799	7799
1787820314.800347002	s3-eth20	1562	4696
1787820314.800347002	s3-eth21	1472	4696
1787820314.800347002	s3-eth22	1312	4716
1787820314.800347002	s3-eth23	238193490	7581
1787820314.800347002	s3-eth24	1312	4716
1787820314.800347002	s3-eth25	1562	4716
1787820314.800347002	s3-eth26	1312	4716
1787820314.800347002	s3-eth27	238192624	7280
1787820314.800347002	s3-eth28	1472	4806
1787820314.800347002	s3-eth29	1562	4736
1787820314.800347002	s3-eth3	3768142	985622389
1787820314.800347002	s3-eth30	1472	4806
1787820314.800347002	s3-eth31	238192603	7360
1787820314.800347002	s3-eth32	1312	4716
1787820314.800347002	s3-eth33	1472	4696
1787820314.800347002	s3-eth34	1562	4806
1787820314.800347002	s3-eth4	1472	4716
1787820314.800347002	s3-eth5	1562	4806
1787820314.800347002	s3-eth6	1562	4806
1787820314.800347002	s3-eth7	4194	209468917
1787820314.800347002	s3-eth8	1562	4575
1787820314.800347002	s3-eth9	1562	4806
1787820314.800347002	s4-eth1	1502347108	30161
1787820314.800347002	s4-eth10	1562	4696
1787820314.800347002	s4-eth11	4416	230544096
1787820314.800347002	s4-eth12	1472	4716
1787820314.800347002	s4-eth13	1312	4696
1787820314.800347002	s4-eth14	1312	4716
1787820314.800347002	s4-eth15	4419	230491905
1787820314.800347002	s4-eth16	1312	4716
1787820314.800347002	s4-eth17	1472	4696
1787820314.800347002	s4-eth18	1312	4766
1787820314.800347002	s4-eth19	4256	47543562
1787820314.800347002	s4-eth2	7799	5769
1787820314.800347002	s4-eth20	1562	4716
1787820314.800347002	s4-eth21	1472	4716
1787820314.800347002	s4-eth22	1472	4696
1787820314.800347002	s4-eth23	4177	237583884
1787820314.800347002	s4-eth24	1472	4716
1787820314.800347002	s4-eth25	1472	4716
1787820314.800347002	s4-eth26	1312	4766
1787820314.800347002	s4-eth27	3876	237649260
1787820314.800347002	s4-eth28	1472	4806
1787820314.800347002	s4-eth29	1312	4716
1787820314.800347002	s4-eth3	4230	46191329
1787820314.800347002	s4-eth30	1312	4716
1787820314.800347002	s4-eth31	4183	237639215
1787820314.800347002	s4-eth32	1312	4716
1787820314.800347002	s4-eth33	1312	4766
1787820314.800347002	s4-eth34	1472	4696
1787820314.800347002	s4-eth4	1472	4696
1787820314.800347002	s4-eth5	1312	4696
1787820314.800347002	s4-eth6	1312	4736
1787820314.800347002	s4-eth7	4191	230709234
1787820314.800347002	s4-eth8	1312	4716
1787820314.800347002	s4-eth9	1312	4766
1787820314.800347002	s5-eth1	3333442223	3793074
1787820314.800347002	s5-eth2	762216340	1458023562
1787820314.800347002	s5-eth3	3794087	2424487926
1787820314.800347002	s5-eth4	7918	5972
1787820314.800347002	s6-eth1	7799	7799
1787820314.800347002	s6-eth2	7799	7701
1787820314.800347002	s6-eth3	7799	5972
1787820314.800347002	s6-eth4	8043	7799
1787820314.800347002	s7-eth1	765999420	1620145880
1787820314.800347002	s7-eth2	30161	1502347108
1787820314.800347002	s7-eth3	2388035180	3792057
1787820314.800347002	s7-eth4	7820	7799
1787820314.800347002	s8-eth1	7799	7799
1787820314.800347002	s8-eth2	5769	7799
1787820314.800347002	s8-eth3	7799	5972
1787820314.800347002	s8-eth4	7918	7799
1787820314.800347002	s9-eth1	2424487926	3794087
1787820314.800347002	s9-eth2	5972	7799
1787820314.800347002	s9-eth3	3792057	2388035180
1787820314.800347002	s9-eth4	5972	7799
1787820317.087695188	s10-eth1	5972	7918
1787820317.087695188	s10-eth2	7799	8043
1787820317.087695188	s10-eth3	7799	7820
1787820317.087695188	s10-eth4	7799	7918
1787820317.087695188	s1-eth1	3793074	3333442223
1787820317.087695188	s1-eth10	1562	4806
1787820317.087695188	s1-eth11	238189090	7607
1787820317.087695188	s1-eth12	1472	4806
1787820317.087695188	s1-eth13	1472	4806
1787820317.087695188	s1-eth14	1562	4806
1787820317.087695188	s1-eth15	238193245	7463
1787820317.087695188	s1-eth16	1472	4826
1787820317.087695188	s1-eth17	1562	4806
1787820317.087695188	s1-eth18	1562	4716
1787820317.087695188	s1-eth19	952752990	7447
1787820317.087695188	s1-eth2	7799	7799
1787820317.087695188	s1-eth20	1472	4806
1787820317.087695188	s1-eth21	1562	4806
1787820317.087695188	s1-eth22	1562	4806
1787820317.087695188	s1-eth23	238192754	7306
1787820317.087695188	s1-eth24	1472	4806
1787820317.087695188	s1-eth25	1562	4806
1787820317.087695188	s1-eth26	1562	4716
1787820317.087695188	s1-eth27	238185611	7521
1787820317.087695188	s1-eth28	1562	4806
1787820317.087695188	s1-eth29	1472	4716
1787820317.087695188	s1-eth3	1163438061	3771672
1787820317.087695188	s1-eth30	1562	4716
1787820317.087695188	s1-eth31	238194124	7375
1787820317.087695188	s1-eth32	1562	4716
1787820317.087695188	s1-eth33	1562	4716
1787820317.087695188	s1-eth34	1562	4716
1787820317.087695188	s1-eth4	1758	5002
1787820317.087695188	s1-eth5	1492	4716
1787820317.087695188	s1-eth6	1562	4806
1787820317.087695188	s1-eth7	238193264	7438
1787820317.087695188	s1-eth8	1562	4716
1787820317.087695188	s1-eth9	1472	4716
1787820317.087695188	s2-eth1	1458023562	762216340
1787820317.087695188	s2-eth10	1472	4806
1787820317.087695188	s2-eth11	238193546	7660
1787820317.087695188	s2-eth12	1472	4806
1787820317.087695188	s2-eth13	1472	4806
1787820317.087695188	s2-eth14	1562	4806
1787820317.087695188	s2-eth15	238189031	7663
1787820317.087695188	s2-eth16	1562	4806
1787820317.087695188	s2-eth17	1562	4806
1787820317.087695188	s2-eth18	1562	4806
1787820317.087695188	s2-eth19	4113	801860601
1787820317.087695188	s2-eth2	7701	7799
1787820317.087695188	s2-eth20	1562	4806
1787820317.087695188	s2-eth21	1472	4716
1787820317.087695188	s2-eth22	1562	4806
1787820317.087695188	s2-eth23	4062	214955284
1787820317.087695188	s2-eth24	1472	4806
1787820317.087695188	s2-eth25	1562	4806
1787820317.087695188	s2-eth26	1472	4806
1787820317.087695188	s2-eth27	4187	215047729
1787820317.087695188	s2-eth28	1562	4806
1787820317.087695188	s2-eth29	1472	4806
1787820317.087695188	s2-eth3	47644595	7724
1787820317.087695188	s2-eth30	1472	4911
1787820317.087695188	s2-eth31	4131	214868782
1787820317.087695188	s2-eth32	1472	4716
1787820317.087695188	s2-eth33	1562	4806
1787820317.087695188	s2-eth34	1562	4716
1787820317.087695188	s2-eth4	1562	4806
1787820317.087695188	s2-eth5	1472	4806
1787820317.087695188	s2-eth6	1562	4716
1787820317.087695188	s2-eth7	238177102	7525
1787820317.087695188	s2-eth8	1562	4716
1787820317.087695188	s2-eth9	1472	4806
1787820317.087695188	s3-eth1	1620145907	765999447
1787820317.087695188	s3-eth10	1472	4806
1787820317.087695188	s3-eth11	4113	209480605
1787820317.087695188	s3-eth12	1312	4716
1787820317.087695188	s3-eth13	1472	4806
1787820317.087695188	s3-eth14	1562	4716
1787820317.087695188	s3-eth15	4129	208863180
1787820317.087695188	s3-eth16	1472	4716
1787820317.087695188	s3-eth17	1472	4716
1787820317.087695188	s3-eth18	1312	4806
1787820317.087695188	s3-eth19	47644122	7480
1787820317.087695188	s3-eth2	7826	7826
1787820317.087695188	s3-eth20	1562	4696
1787820317.087695188	s3-eth21	1472	4696
1787820317.087695188	s3-eth22	1312	4716
1787820317.087695188	s3-eth23	238193490	7581
1787820317.087695188	s3-eth24	1312	4716
1787820317.087695188	s3-eth25	1562	4716
1787820317.087695188	s3-eth26	1312	4716
1787820317.087695188	s3-eth27	238192624	7280
1787820317.087695188	s3-eth28	1472	4806
1787820317.087695188	s3-eth29	1562	4736
1787820317.087695188	s3-eth3	3768142	985622389
1787820317.087695188	s3-eth30	1472	4806
1787820317.087695188	s3-eth31	238192603	7360
1787820317.087695188	s3-eth32	1312	4716
1787820317.087695188	s3-eth33	1472	4696
1787820317.087695188	s3-eth34	1562	4806
1787820317.087695188	s3-eth4	1472	4716
1787820317.087695188	s3-eth5	1562	4806
1787820317.087695188	s3-eth6	1562	4806
1787820317.087695188	s3-eth7	4194	209468917
1787820317.087695188	s3-eth8	1562	4575
1787820317.087695188	s3-eth9	1562	4806
1787820317.087695188	s4-eth1	1502347135	30188
1787820317.087695188	s4-eth10	1562	4696
1787820317.087695188	s4-eth11	4416	230544096
1787820317.087695188	s4-eth12	1472	4716
1787820317.087695188	s4-eth13	1312	4696
1787820317.087695188	s4-eth14	1312	4716
1787820317.087695188	s4-eth15	4419	230491905
1787820317.087695188	s4-eth16	1312	4716
1787820317.087695188	s4-eth17	1472	4696
1787820317.087695188	s4-eth18	1312	4766
1787820317.087695188	s4-eth19	4256	47543562
1787820317.087695188	s4-eth2	7826	5796
1787820317.087695188	s4-eth20	1562	4716
1787820317.087695188	s4-eth21	1472	4716
1787820317.087695188	s4-eth22	1472	4696
1787820317.087695188	s4-eth23	4177	237583884
1787820317.087695188	s4-eth24	1472	4716
1787820317.087695188	s4-eth25	1472	4716
1787820317.087695188	s4-eth26	1312	4766
1787820317.087695188	s4-eth27	3876	237649260
1787820317.087695188	s4-eth28	1472	4806
1787820317.087695188	s4-eth29	1312	4716
1787820317.087695188	s4-eth3	4230	46191329
1787820317.087695188	s4-eth30	1312	4716
1787820317.087695188	s4-eth31	4183	237639215
1787820317.087695188	s4-eth32	1312	4716
1787820317.087695188	s4-eth33	1312	4766
1787820317.087695188	s4-eth34	1472	4696
1787820317.087695188	s4-eth4	1472	4696
1787820317.087695188	s4-eth5	1312	4696
1787820317.087695188	s4-eth6	1312	4736
1787820317.087695188	s4-eth7	4191	230709234
1787820317.087695188	s4-eth8	1312	4716
1787820317.087695188	s4-eth9	1312	4766
1787820317.087695188	s5-eth1	3333442250	3793101
1787820317.087695188	s5-eth2	762216367	1458023589
1787820317.087695188	s5-eth3	3794114	2424487953
1787820317.087695188	s5-eth4	7946	5999
1787820317.087695188	s6-eth1	7826	7826
1787820317.087695188	s6-eth2	7826	7728
1787820317.087695188	s6-eth3	7826	5999
1787820317.087695188	s6-eth4	8071	7826
1787820317.087695188	s7-eth1	765999447	1620145907
1787820317.087695188	s7-eth2	30188	1502347135
1787820317.087695188	s7-eth3	2388035207	3792084
1787820317.087695188	s7-eth4	7848	7826
1787820317.087695188	s8-eth1	7826	7826
1787820317.087695188	s8-eth2	5796	7826
1787820317.087695188	s8-eth3	7826	5999
1787820317.087695188	s8-eth4	7946	7826
1787820317.087695188	s9-eth1	2424487953	3794114
1787820317.087695188	s9-eth2	5999	7826
1787820317.087695188	s9-eth3	3792084	2388035207
1787820317.087695188	s9-eth4	5999	7826
1787820319.442240635	s10-eth1	5999	7946
1787820319.442240635	s10-eth2	7826	8071
1787820319.442240635	s10-eth3	7826	7848
1787820319.442240635	s10-eth4	7826	7946
1787820319.442240635	s1-eth1	3793101	3333442250
1787820319.442240635	s1-eth10	1562	4806
1787820319.442240635	s1-eth11	238189090	7607
1787820319.442240635	s1-eth12	1472	4806
1787820319.442240635	s1-eth13	1472	4806
1787820319.442240635	s1-eth14	1562	4806
1787820319.442240635	s1-eth15	238193245	7463
1787820319.442240635	s1-eth16	1472	4826
1787820319.442240635	s1-eth17	1562	4806
1787820319.442240635	s1-eth18	1562	4716
1787820319.442240635	s1-eth19	952752990	7447
1787820319.442240635	s1-eth2	7826	7826
1787820319.442240635	s1-eth20	1472	4806
1787820319.442240635	s1-eth21	1562	4806
1787820319.442240635	s1-eth22	1562	4806
1787820319.442240635	s1-eth23	238192754	7306
1787820319.442240635	s1-eth24	1472	4806
1787820319.442240635	s1-eth25	1562	4806
1787820319.442240635	s1-eth26	1562	4716
1787820319.442240635	s1-eth27	238185611	7521
1787820319.442240635	s1-eth28	1562	4806
1787820319.442240635	s1-eth29	1472	4716
1787820319.442240635	s1-eth3	1163438061	3771672
1787820319.442240635	s1-eth30	1562	4716
1787820319.442240635	s1-eth31	238194124	7375
1787820319.442240635	s1-eth32	1562	4716
1787820319.442240635	s1-eth33	1562	4716
1787820319.442240635	s1-eth34	1562	4716
1787820319.442240635	s1-eth4	1758	5002
1787820319.442240635	s1-eth5	1492	4716
1787820319.442240635	s1-eth6	1562	4806
1787820319.442240635	s1-eth7	238193264	7438
1787820319.442240635	s1-eth8	1562	4716
1787820319.442240635	s1-eth9	1472	4716
1787820319.442240635	s2-eth1	1458023589	762216367
1787820319.442240635	s2-eth10	1472	4806
1787820319.442240635	s2-eth11	238193546	7660
1787820319.442240635	s2-eth12	1472	4806
1787820319.442240635	s2-eth13	1472	4806
1787820319.442240635	s2-eth14	1562	4806
1787820319.442240635	s2-eth15	238189031	7663
1787820319.442240635	s2-eth16	1562	4806
1787820319.442240635	s2-eth17	1562	4806
1787820319.442240635	s2-eth18	1562	4806
1787820319.442240635	s2-eth19	4113	801860601
1787820319.442240635	s2-eth2	7728	7826
1787820319.442240635	s2-eth20	1562	4806
1787820319.442240635	s2-eth21	1472	4716
1787820319.442240635	s2-eth22	1562	4806
1787820319.442240635	s2-eth23	4062	214955284
1787820319.442240635	s2-eth24	1472	4806
1787820319.442240635	s2-eth25	1562	4806
1787820319.442240635	s2-eth26	1472	4806
1787820319.442240635	s2-eth27	4187	215047729
1787820319.442240635	s2-eth28	1562	4806
1787820319.442240635	s2-eth29	1472	4806
1787820319.442240635	s2-eth3	47644595	7724
1787820319.442240635	s2-eth30	1472	4911
1787820319.442240635	s2-eth31	4131	214868782
1787820319.442240635	s2-eth32	1472	4716
1787820319.442240635	s2-eth33	1562	4806
1787820319.442240635	s2-eth34	1562	4716
1787820319.442240635	s2-eth4	1562	4806
1787820319.442240635	s2-eth5	1472	4806
1787820319.442240635	s2-eth6	1562	4716
1787820319.442240635	s2-eth7	238177102	7525
1787820319.442240635	s2-eth8	1562	4716
1787820319.442240635	s2-eth9	1472	4806
1787820319.442240635	s3-eth1	1620145907	765999447
1787820319.442240635	s3-eth10	1472	4806
1787820319.442240635	s3-eth11	4113	209480605
1787820319.442240635	s3-eth12	1312	4716
1787820319.442240635	s3-eth13	1472	4806
1787820319.442240635	s3-eth14	1562	4716
1787820319.442240635	s3-eth15	4129	208863180
1787820319.442240635	s3-eth16	1472	4716
1787820319.442240635	s3-eth17	1472	4716
1787820319.442240635	s3-eth18	1312	4806
1787820319.442240635	s3-eth19	47644122	7480
1787820319.442240635	s3-eth2	7826	7826
1787820319.442240635	s3-eth20	1562	4696
1787820319.442240635	s3-eth21	1472	4696
1787820319.442240635	s3-eth22	1312	4716
1787820319.442240635	s3-eth23	238193490	7581
1787820319.442240635	s3-eth24	1312	4716
1787820319.442240635	s3-eth25	1562	4716
1787820319.442240635	s3-eth26	1312	4716
1787820319.442240635	s3-eth27	238192624	7280
1787820319.442240635	s3-eth28	1472	4806
1787820319.442240635	s3-eth29	1562	4736
1787820319.442240635	s3-eth3	3768142	985622389
1787820319.442240635	s3-eth30	1472	4806
1787820319.442240635	s3-eth31	238192603	7360
1787820319.442240635	s3-eth32	1312	4716
1787820319.442240635	s3-eth33	1472	4696
1787820319.442240635	s3-eth34	1562	4806
1787820319.442240635	s3-eth4	1472	4716
1787820319.442240635	s3-eth5	1562	4806
1787820319.442240635	s3-eth6	1562	4806
1787820319.442240635	s3-eth7	4194	209468917
1787820319.442240635	s3-eth8	1562	4575
1787820319.442240635	s3-eth9	1562	4806
1787820319.442240635	s4-eth1	1502347135	30188
1787820319.442240635	s4-eth10	1562	4696
1787820319.442240635	s4-eth11	4416	230544096
1787820319.442240635	s4-eth12	1472	4716
1787820319.442240635	s4-eth13	1312	4696
1787820319.442240635	s4-eth14	1312	4716
1787820319.442240635	s4-eth15	4419	230491905
1787820319.442240635	s4-eth16	1312	4716
1787820319.442240635	s4-eth17	1472	4696
1787820319.442240635	s4-eth18	1312	4766
1787820319.442240635	s4-eth19	4256	47543562
1787820319.442240635	s4-eth2	7826	5796
1787820319.442240635	s4-eth20	1562	4716
1787820319.442240635	s4-eth21	1472	4716
1787820319.442240635	s4-eth22	1472	4696
1787820319.442240635	s4-eth23	4177	237583884
1787820319.442240635	s4-eth24	1472	4716
1787820319.442240635	s4-eth25	1472	4716
1787820319.442240635	s4-eth26	1312	4766
1787820319.442240635	s4-eth27	3876	237649260
1787820319.442240635	s4-eth28	1472	4806
1787820319.442240635	s4-eth29	1312	4716
1787820319.442240635	s4-eth3	4230	46191329
1787820319.442240635	s4-eth30	1312	4716
1787820319.442240635	s4-eth31	4183	237639215
1787820319.442240635	s4-eth32	1312	4716
1787820319.442240635	s4-eth33	1312	4766
1787820319.442240635	s4-eth34	1472	4696
1787820319.442240635	s4-eth4	1472	4696
1787820319.442240635	s4-eth5	1312	4696
1787820319.442240635	s4-eth6	1312	4736
1787820319.442240635	s4-eth7	4191	230709234
1787820319.442240635	s4-eth8	1312	4716
1787820319.442240635	s4-eth9	1312	4766
1787820319.442240635	s5-eth1	3333442250	3793101
1787820319.442240635	s5-eth2	762216367	1458023589
1787820319.442240635	s5-eth3	3794114	2424487953
1787820319.442240635	s5-eth4	7946	5999
1787820319.442240635	s6-eth1	7826	7826
1787820319.442240635	s6-eth2	7826	7728
1787820319.442240635	s6-eth3	7826	5999
1787820319.442240635	s6-eth4	8071	7826
1787820319.442240635	s7-eth1	765999447	1620145907
1787820319.442240635	s7-eth2	30188	1502347135
1787820319.442240635	s7-eth3	2388035207	3792084
1787820319.442240635	s7-eth4	7848	7826
1787820319.442240635	s8-eth1	7826	7826
1787820319.442240635	s8-eth2	5796	7826
1787820319.442240635	s8-eth3	7826	5999
1787820319.442240635	s8-eth4	7946	7826
1787820319.442240635	s9-eth1	2424487953	3794114
1787820319.442240635	s9-eth2	5999	7826
1787820319.442240635	s9-eth3	3792084	2388035207
1787820319.442240635	s9-eth4	5999	7826
1787820321.764343079	s10-eth1	5999	7946
1787820321.764343079	s10-eth2	7826	8071
1787820321.764343079	s10-eth3	7826	7848
1787820321.764343079	s10-eth4	7826	7946
1787820321.764343079	s1-eth1	3793101	3333442250
1787820321.764343079	s1-eth10	1562	4806
1787820321.764343079	s1-eth11	238189090	7607
1787820321.764343079	s1-eth12	1472	4806
1787820321.764343079	s1-eth13	1472	4806
1787820321.764343079	s1-eth14	1562	4806
1787820321.764343079	s1-eth15	238193245	7463
1787820321.764343079	s1-eth16	1472	4826
1787820321.764343079	s1-eth17	1562	4806
1787820321.764343079	s1-eth18	1562	4716
1787820321.764343079	s1-eth19	952752990	7447
1787820321.764343079	s1-eth2	7826	7826
1787820321.764343079	s1-eth20	1472	4806
1787820321.764343079	s1-eth21	1562	4806
1787820321.764343079	s1-eth22	1562	4806
1787820321.764343079	s1-eth23	238192754	7306
1787820321.764343079	s1-eth24	1472	4806
1787820321.764343079	s1-eth25	1562	4806
1787820321.764343079	s1-eth26	1562	4716
1787820321.764343079	s1-eth27	238185611	7521
1787820321.764343079	s1-eth28	1562	4806
1787820321.764343079	s1-eth29	1472	4716
1787820321.764343079	s1-eth3	1163438061	3771672
1787820321.764343079	s1-eth30	1562	4716
1787820321.764343079	s1-eth31	238194124	7375
1787820321.764343079	s1-eth32	1562	4716
1787820321.764343079	s1-eth33	1562	4716
1787820321.764343079	s1-eth34	1562	4716
1787820321.764343079	s1-eth4	1758	5002
1787820321.764343079	s1-eth5	1492	4716
1787820321.764343079	s1-eth6	1562	4806
1787820321.764343079	s1-eth7	238193264	7438
1787820321.764343079	s1-eth8	1562	4716
1787820321.764343079	s1-eth9	1472	4716
1787820321.764343079	s2-eth1	1458023589	762216367
1787820321.764343079	s2-eth10	1472	4806
1787820321.764343079	s2-eth11	238193546	7660
1787820321.764343079	s2-eth12	1472	4806
1787820321.764343079	s2-eth13	1472	4806
1787820321.764343079	s2-eth14	1562	4806
1787820321.764343079	s2-eth15	238189031	7663
1787820321.764343079	s2-eth16	1562	4806
1787820321.764343079	s2-eth17	1562	4806
1787820321.764343079	s2-eth18	1562	4806
1787820321.764343079	s2-eth19	4113	801860601
1787820321.764343079	s2-eth2	7728	7826
1787820321.764343079	s2-eth20	1562	4806
1787820321.764343079	s2-eth21	1472	4716
1787820321.764343079	s2-eth22	1562	4806
1787820321.764343079	s2-eth23	4062	214955284
1787820321.764343079	s2-eth24	1472	4806
1787820321.764343079	s2-eth25	1562	4806
1787820321.764343079	s2-eth26	1472	4806
1787820321.764343079	s2-eth27	4187	215047729
1787820321.764343079	s2-eth28	1562	4806
1787820321.764343079	s2-eth29	1472	4806
1787820321.764343079	s2-eth3	47644595	7724
1787820321.764343079	s2-eth30	1472	4911
1787820321.764343079	s2-eth31	4131	214868782
1787820321.764343079	s2-eth32	1472	4716
1787820321.764343079	s2-eth33	1562	4806
1787820321.764343079	s2-eth34	1562	4716
1787820321.764343079	s2-eth4	1562	4806
1787820321.764343079	s2-eth5	1472	4806
1787820321.764343079	s2-eth6	1562	4716
1787820321.764343079	s2-eth7	238177102	7525
1787820321.764343079	s2-eth8	1562	4716
1787820321.764343079	s2-eth9	1472	4806
1787820321.764343079	s3-eth1	1620145907	765999447
1787820321.764343079	s3-eth10	1472	4806
1787820321.764343079	s3-eth11	4113	209480605
1787820321.764343079	s3-eth12	1312	4716
1787820321.764343079	s3-eth13	1472	4806
1787820321.764343079	s3-eth14	1562	4716
1787820321.764343079	s3-eth15	4129	208863180
1787820321.764343079	s3-eth16	1472	4716
1787820321.764343079	s3-eth17	1472	4716
1787820321.764343079	s3-eth18	1312	4806
1787820321.764343079	s3-eth19	47644122	7480
1787820321.764343079	s3-eth2	7826	7826
1787820321.764343079	s3-eth20	1562	4696
1787820321.764343079	s3-eth21	1472	4696
1787820321.764343079	s3-eth22	1312	4716
1787820321.764343079	s3-eth23	238193490	7581
1787820321.764343079	s3-eth24	1312	4716
1787820321.764343079	s3-eth25	1562	4716
1787820321.764343079	s3-eth26	1312	4716
1787820321.764343079	s3-eth27	238192624	7280
1787820321.764343079	s3-eth28	1472	4806
1787820321.764343079	s3-eth29	1562	4736
1787820321.764343079	s3-eth3	3768142	985622389
1787820321.764343079	s3-eth30	1472	4806
1787820321.764343079	s3-eth31	238192603	7360
1787820321.764343079	s3-eth32	1312	4716
1787820321.764343079	s3-eth33	1472	4696
1787820321.764343079	s3-eth34	1562	4806
1787820321.764343079	s3-eth4	1472	4716
1787820321.764343079	s3-eth5	1562	4806
1787820321.764343079	s3-eth6	1562	4806
1787820321.764343079	s3-eth7	4194	209468917
1787820321.764343079	s3-eth8	1562	4575
1787820321.764343079	s3-eth9	1562	4806
1787820321.764343079	s4-eth1	1502347135	30188
1787820321.764343079	s4-eth10	1562	4696
1787820321.764343079	s4-eth11	4416	230544096
1787820321.764343079	s4-eth12	1472	4716
1787820321.764343079	s4-eth13	1312	4696
1787820321.764343079	s4-eth14	1312	4716
1787820321.764343079	s4-eth15	4419	230491905
1787820321.764343079	s4-eth16	1312	4716
1787820321.764343079	s4-eth17	1472	4696
1787820321.764343079	s4-eth18	1312	4766
1787820321.764343079	s4-eth19	4256	47543562
1787820321.764343079	s4-eth2	7826	5796
1787820321.764343079	s4-eth20	1562	4716
1787820321.764343079	s4-eth21	1472	4716
1787820321.764343079	s4-eth22	1472	4696
1787820321.764343079	s4-eth23	4177	237583884
1787820321.764343079	s4-eth24	1472	4716
1787820321.764343079	s4-eth25	1472	4716
1787820321.764343079	s4-eth26	1312	4766
1787820321.764343079	s4-eth27	3876	237649260
1787820321.764343079	s4-eth28	1472	4806
1787820321.764343079	s4-eth29	1312	4716
1787820321.764343079	s4-eth3	4230	46191329
1787820321.764343079	s4-eth30	1312	4716
1787820321.764343079	s4-eth31	4183	237639215
1787820321.764343079	s4-eth32	1312	4716
1787820321.764343079	s4-eth33	1312	4766
1787820321.764343079	s4-eth34	1472	4696
1787820321.764343079	s4-eth4	1472	4696
1787820321.764343079	s4-eth5	1312	4696
1787820321.764343079	s4-eth6	1312	4736
1787820321.764343079	s4-eth7	4191	230709234
1787820321.764343079	s4-eth8	1312	4716
1787820321.764343079	s4-eth9	1312	4766
1787820321.764343079	s5-eth1	3333442250	3793101
1787820321.764343079	s5-eth2	762216367	1458023589
1787820321.764343079	s5-eth3	3794114	2424487953
1787820321.764343079	s5-eth4	7946	5999
1787820321.764343079	s6-eth1	7826	7826
1787820321.764343079	s6-eth2	7826	7728
1787820321.764343079	s6-eth3	7826	5999
1787820321.764343079	s6-eth4	8071	7826
1787820321.764343079	s7-eth1	765999447	1620145907
1787820321.764343079	s7-eth2	30188	1502347135
1787820321.764343079	s7-eth3	2388035207	3792084
1787820321.764343079	s7-eth4	7848	7826
1787820321.764343079	s8-eth1	7826	7826
1787820321.764343079	s8-eth2	5796	7826
1787820321.764343079	s8-eth3	7826	5999
1787820321.764343079	s8-eth4	7946	7826
1787820321.764343079	s9-eth1	2424487953	3794114
1787820321.764343079	s9-eth2	5999	7826
1787820321.764343079	s9-eth3	3792084	2388035207
1787820321.764343079	s9-eth4	5999	7826
1787820324.056507022	s10-eth1	6026	7974
1787820324.056507022	s10-eth2	7853	8099
1787820324.056507022	s10-eth3	7853	7876
1787820324.056507022	s10-eth4	7853	7974
1787820324.056507022	s1-eth1	3793128	3333442277
1787820324.056507022	s1-eth10	1562	4806
1787820324.056507022	s1-eth11	238189090	7607
1787820324.056507022	s1-eth12	1472	4806
1787820324.056507022	s1-eth13	1472	4806
1787820324.056507022	s1-eth14	1562	4806
1787820324.056507022	s1-eth15	238193245	7463
1787820324.056507022	s1-eth16	1472	4826
1787820324.056507022	s1-eth17	1562	4806
1787820324.056507022	s1-eth18	1562	4716
1787820324.056507022	s1-eth19	952752990	7447
1787820324.056507022	s1-eth2	7853	7853
1787820324.056507022	s1-eth20	1472	4806
1787820324.056507022	s1-eth21	1562	4806
1787820324.056507022	s1-eth22	1562	4806
1787820324.056507022	s1-eth23	238192754	7306
1787820324.056507022	s1-eth24	1472	4806
1787820324.056507022	s1-eth25	1562	4806
1787820324.056507022	s1-eth26	1562	4716
1787820324.056507022	s1-eth27	238185611	7521
1787820324.056507022	s1-eth28	1562	4806
1787820324.056507022	s1-eth29	1472	4716
1787820324.056507022	s1-eth3	1163438061	3771672
1787820324.056507022	s1-eth30	1562	4716
1787820324.056507022	s1-eth31	238194124	7375
1787820324.056507022	s1-eth32	1562	4716
1787820324.056507022	s1-eth33	1562	4716
1787820324.056507022	s1-eth34	1562	4716
1787820324.056507022	s1-eth4	1758	5002
1787820324.056507022	s1-eth5	1492	4716
1787820324.056507022	s1-eth6	1562	4806
1787820324.056507022	s1-eth7	238193264	7438
1787820324.056507022	s1-eth8	1562	4716
1787820324.056507022	s1-eth9	1472	4716
1787820324.056507022	s2-eth1	1458023616	762216394
1787820324.056507022	s2-eth10	1472	4806
1787820324.056507022	s2-eth11	238193546	7660
1787820324.056507022	s2-eth12	1472	4806
1787820324.056507022	s2-eth13	1472	4806
1787820324.056507022	s2-eth14	1562	4806
1787820324.056507022	s2-eth15	238189031	7663
1787820324.056507022	s2-eth16	1562	4806
1787820324.056507022	s2-eth17	1562	4806
1787820324.056507022	s2-eth18	1562	4806
1787820324.056507022	s2-eth19	4113	801860601
1787820324.056507022	s2-eth2	7755	7853
1787820324.056507022	s2-eth20	1562	4806
1787820324.056507022	s2-eth21	1472	4716
1787820324.056507022	s2-eth22	1562	4806
1787820324.056507022	s2-eth23	4062	214955284
1787820324.056507022	s2-eth24	1472	4806
1787820324.056507022	s2-eth25	1562	4806
1787820324.056507022	s2-eth26	1472	4806
1787820324.056507022	s2-eth27	4187	215047729
1787820324.056507022	s2-eth28	1562	4806
1787820324.056507022	s2-eth29	1472	4806
1787820324.056507022	s2-eth3	47644595	7724
1787820324.056507022	s2-eth30	1472	4911
1787820324.056507022	s2-eth31	4131	214868782
1787820324.056507022	s2-eth32	1472	4716
1787820324.056507022	s2-eth33	1562	4806
1787820324.056507022	s2-eth34	1562	4716
1787820324.056507022	s2-eth4	1562	4806
1787820324.056507022	s2-eth5	1472	4806
1787820324.056507022	s2-eth6	1562	4716
1787820324.056507022	s2-eth7	238177102	7525
1787820324.056507022	s2-eth8	1562	4716
1787820324.056507022	s2-eth9	1472	4806
1787820324.056507022	s3-eth1	1620145934	765999474
1787820324.056507022	s3-eth10	1472	4806
1787820324.056507022	s3-eth11	4113	209480605
1787820324.056507022	s3-eth12	1312	4716
1787820324.056507022	s3-eth13	1472	4806
1787820324.056507022	s3-eth14	1562	4716
1787820324.056507022	s3-eth15	4129	208863180
1787820324.056507022	s3-eth16	1472	4716
1787820324.056507022	s3-eth17	1472	4716
1787820324.056507022	s3-eth18	1312	4806
1787820324.056507022	s3-eth19	47644122	7480
1787820324.056507022	s3-eth2	7853	7853
1787820324.056507022	s3-eth20	1562	4696
1787820324.056507022	s3-eth21	1472	4696
1787820324.056507022	s3-eth22	1312	4716
1787820324.056507022	s3-eth23	238193490	7581
1787820324.056507022	s3-eth24	1312	4716
1787820324.056507022	s3-eth25	1562	4716
1787820324.056507022	s3-eth26	1312	4716
1787820324.056507022	s3-eth27	238192624	7280
1787820324.056507022	s3-eth28	1472	4806
1787820324.056507022	s3-eth29	1562	4736
1787820324.056507022	s3-eth3	3768142	985622389
1787820324.056507022	s3-eth30	1472	4806
1787820324.056507022	s3-eth31	238192603	7360
1787820324.056507022	s3-eth32	1312	4716
1787820324.056507022	s3-eth33	1472	4696
1787820324.056507022	s3-eth34	1562	4806
1787820324.056507022	s3-eth4	1472	4716
1787820324.056507022	s3-eth5	1562	4806
1787820324.056507022	s3-eth6	1562	4806
1787820324.056507022	s3-eth7	4194	209468917
1787820324.056507022	s3-eth8	1562	4575
1787820324.056507022	s3-eth9	1562	4806
1787820324.056507022	s4-eth1	1502347162	30215
1787820324.056507022	s4-eth10	1562	4696
1787820324.056507022	s4-eth11	4416	230544096
1787820324.056507022	s4-eth12	1472	4716
1787820324.056507022	s4-eth13	1312	4696
1787820324.056507022	s4-eth14	1312	4716
1787820324.056507022	s4-eth15	4419	230491905
1787820324.056507022	s4-eth16	1312	4716
1787820324.056507022	s4-eth17	1472	4696
1787820324.056507022	s4-eth18	1312	4766
1787820324.056507022	s4-eth19	4256	47543562
1787820324.056507022	s4-eth2	7853	5823
1787820324.056507022	s4-eth20	1562	4716
1787820324.056507022	s4-eth21	1472	4716
1787820324.056507022	s4-eth22	1472	4696
1787820324.056507022	s4-eth23	4177	237583884
1787820324.056507022	s4-eth24	1472	4716
1787820324.056507022	s4-eth25	1472	4716
1787820324.056507022	s4-eth26	1312	4766
1787820324.056507022	s4-eth27	3876	237649260
1787820324.056507022	s4-eth28	1472	4806
1787820324.056507022	s4-eth29	1312	4716
1787820324.056507022	s4-eth3	4230	46191329
1787820324.056507022	s4-eth30	1312	4716
1787820324.056507022	s4-eth31	4183	237639215
1787820324.056507022	s4-eth32	1312	4716
1787820324.056507022	s4-eth33	1312	4766
1787820324.056507022	s4-eth34	1472	4696
1787820324.056507022	s4-eth4	1472	4696
1787820324.056507022	s4-eth5	1312	4696
1787820324.056507022	s4-eth6	1312	4736
1787820324.056507022	s4-eth7	4191	230709234
1787820324.056507022	s4-eth8	1312	4716
1787820324.056507022	s4-eth9	1312	4766
1787820324.056507022	s5-eth1	3333442277	3793128
1787820324.056507022	s5-eth2	762216394	1458023616
1787820324.056507022	s5-eth3	3794141	2424487980
1787820324.056507022	s5-eth4	7974	6026
1787820324.056507022	s6-eth1	7853	7853
1787820324.056507022	s6-eth2	7853	7755
1787820324.056507022	s6-eth3	7853	6026
1787820324.056507022	s6-eth4	8099	7853
1787820324.056507022	s7-eth1	765999474	1620145934
1787820324.056507022	s7-eth2	30215	1502347162
1787820324.056507022	s7-eth3	2388035234	3792111
1787820324.056507022	s7-eth4	7876	7853
1787820324.056507022	s8-eth1	7853	7853
1787820324.056507022	s8-eth2	5823	7853
1787820324.056507022	s8-eth3	7853	6026
1787820324.056507022	s8-eth4	7974	7853
1787820324.056507022	s9-eth1	2424487980	3794141
1787820324.056507022	s9-eth2	6026	7853
1787820324.056507022	s9-eth3	3792111	2388035234
1787820324.056507022	s9-eth4	6026	7853
1787820326.349016735	s10-eth1	6026	7974
1787820326.349016735	s10-eth2	7853	8099
1787820326.349016735	s10-eth3	7853	7876
1787820326.349016735	s10-eth4	7853	7974
1787820326.349016735	s1-eth1	3793128	3333442277
1787820326.349016735	s1-eth10	1562	4806
1787820326.349016735	s1-eth11	238189090	7607
1787820326.349016735	s1-eth12	1472	4806
1787820326.349016735	s1-eth13	1472	4806
1787820326.349016735	s1-eth14	1562	4806
1787820326.349016735	s1-eth15	238193245	7463
1787820326.349016735	s1-eth16	1472	4826
1787820326.349016735	s1-eth17	1562	4806
1787820326.349016735	s1-eth18	1562	4716
1787820326.349016735	s1-eth19	952752990	7447
1787820326.349016735	s1-eth2	7853	7853
1787820326.349016735	s1-eth20	1472	4806
1787820326.349016735	s1-eth21	1562	4806
1787820326.349016735	s1-eth22	1562	4806
1787820326.349016735	s1-eth23	238192754	7306
1787820326.349016735	s1-eth24	1472	4806
1787820326.349016735	s1-eth25	1562	4806
1787820326.349016735	s1-eth26	1562	4716
1787820326.349016735	s1-eth27	238185611	7521
1787820326.349016735	s1-eth28	1562	4806
1787820326.349016735	s1-eth29	1472	4716
1787820326.349016735	s1-eth3	1163438061	3771672
1787820326.349016735	s1-eth30	1562	4716
1787820326.349016735	s1-eth31	238194124	7375
1787820326.349016735	s1-eth32	1562	4716
1787820326.349016735	s1-eth33	1562	4716
1787820326.349016735	s1-eth34	1562	4716
1787820326.349016735	s1-eth4	1758	5002
1787820326.349016735	s1-eth5	1492	4716
1787820326.349016735	s1-eth6	1562	4806
1787820326.349016735	s1-eth7	238193264	7438
1787820326.349016735	s1-eth8	1562	4716
1787820326.349016735	s1-eth9	1472	4716
1787820326.349016735	s2-eth1	1458023616	762216394
1787820326.349016735	s2-eth10	1472	4806
1787820326.349016735	s2-eth11	238193546	7660
1787820326.349016735	s2-eth12	1472	4806
1787820326.349016735	s2-eth13	1472	4806
1787820326.349016735	s2-eth14	1562	4806
1787820326.349016735	s2-eth15	238189031	7663
1787820326.349016735	s2-eth16	1562	4806
1787820326.349016735	s2-eth17	1562	4806
1787820326.349016735	s2-eth18	1562	4806
1787820326.349016735	s2-eth19	4113	801860601
1787820326.349016735	s2-eth2	7755	7853
1787820326.349016735	s2-eth20	1562	4806
1787820326.349016735	s2-eth21	1472	4716
1787820326.349016735	s2-eth22	1562	4806
1787820326.349016735	s2-eth23	4062	214955284
1787820326.349016735	s2-eth24	1472	4806
1787820326.349016735	s2-eth25	1562	4806
1787820326.349016735	s2-eth26	1472	4806
1787820326.349016735	s2-eth27	4187	215047729
1787820326.349016735	s2-eth28	1562	4806
1787820326.349016735	s2-eth29	1472	4806
1787820326.349016735	s2-eth3	47644595	7724
1787820326.349016735	s2-eth30	1472	4911
1787820326.349016735	s2-eth31	4131	214868782
1787820326.349016735	s2-eth32	1472	4716
1787820326.349016735	s2-eth33	1562	4806
1787820326.349016735	s2-eth34	1562	4716
1787820326.349016735	s2-eth4	1562	4806
1787820326.349016735	s2-eth5	1472	4806
1787820326.349016735	s2-eth6	1562	4716
1787820326.349016735	s2-eth7	238177102	7525
1787820326.349016735	s2-eth8	1562	4716
1787820326.349016735	s2-eth9	1472	4806
1787820326.349016735	s3-eth1	1620145934	765999474
1787820326.349016735	s3-eth10	1472	4806
1787820326.349016735	s3-eth11	4113	209480605
1787820326.349016735	s3-eth12	1312	4716
1787820326.349016735	s3-eth13	1472	4806
1787820326.349016735	s3-eth14	1562	4716
1787820326.349016735	s3-eth15	4129	208863180
1787820326.349016735	s3-eth16	1472	4716
1787820326.349016735	s3-eth17	1472	4716
1787820326.349016735	s3-eth18	1312	4806
1787820326.349016735	s3-eth19	47644122	7480
1787820326.349016735	s3-eth2	7853	7853
1787820326.349016735	s3-eth20	1562	4696
1787820326.349016735	s3-eth21	1472	4696
1787820326.349016735	s3-eth22	1312	4716
1787820326.349016735	s3-eth23	238193490	7581
1787820326.349016735	s3-eth24	1312	4716
1787820326.349016735	s3-eth25	1562	4716
1787820326.349016735	s3-eth26	1312	4716
1787820326.349016735	s3-eth27	238192624	7280
1787820326.349016735	s3-eth28	1472	4806
1787820326.349016735	s3-eth29	1562	4736
1787820326.349016735	s3-eth3	3768142	985622389
1787820326.349016735	s3-eth30	1472	4806
1787820326.349016735	s3-eth31	238192603	7360
1787820326.349016735	s3-eth32	1312	4716
1787820326.349016735	s3-eth33	1472	4696
1787820326.349016735	s3-eth34	1562	4806
1787820326.349016735	s3-eth4	1472	4716
1787820326.349016735	s3-eth5	1562	4806
1787820326.349016735	s3-eth6	1562	4806
1787820326.349016735	s3-eth7	4194	209468917
1787820326.349016735	s3-eth8	1562	4575
1787820326.349016735	s3-eth9	1562	4806
1787820326.349016735	s4-eth1	1502347162	30215
1787820326.349016735	s4-eth10	1562	4696
1787820326.349016735	s4-eth11	4416	230544096
1787820326.349016735	s4-eth12	1472	4716
1787820326.349016735	s4-eth13	1312	4696
1787820326.349016735	s4-eth14	1312	4716
1787820326.349016735	s4-eth15	4419	230491905
1787820326.349016735	s4-eth16	1312	4716
1787820326.349016735	s4-eth17	1472	4696
1787820326.349016735	s4-eth18	1312	4766
1787820326.349016735	s4-eth19	4256	47543562
1787820326.349016735	s4-eth2	7853	5823
1787820326.349016735	s4-eth20	1562	4716
1787820326.349016735	s4-eth21	1472	4716
1787820326.349016735	s4-eth22	1472	4696
1787820326.349016735	s4-eth23	4177	237583884
1787820326.349016735	s4-eth24	1472	4716
1787820326.349016735	s4-eth25	1472	4716
1787820326.349016735	s4-eth26	1312	4766
1787820326.349016735	s4-eth27	3876	237649260
1787820326.349016735	s4-eth28	1472	4806
1787820326.349016735	s4-eth29	1312	4716
1787820326.349016735	s4-eth3	4230	46191329
1787820326.349016735	s4-eth30	1312	4716
1787820326.349016735	s4-eth31	4183	237639215
1787820326.349016735	s4-eth32	1312	4716
1787820326.349016735	s4-eth33	1312	4766
1787820326.349016735	s4-eth34	1472	4696
1787820326.349016735	s4-eth4	1472	4696
1787820326.349016735	s4-eth5	1312	4696
1787820326.349016735	s4-eth6	1312	4736
1787820326.349016735	s4-eth7	4191	230709234
1787820326.349016735	s4-eth8	1312	4716
1787820326.349016735	s4-eth9	1312	4766
1787820326.349016735	s5-eth1	3333442277	3793128
1787820326.349016735	s5-eth2	762216394	1458023616
1787820326.349016735	s5-eth3	3794141	2424487980
1787820326.349016735	s5-eth4	7974	6026
1787820326.349016735	s6-eth1	7853	7853
1787820326.349016735	s6-eth2	7853	7755
1787820326.349016735	s6-eth3	7853	6026
1787820326.349016735	s6-eth4	8099	7853
1787820326.349016735	s7-eth1	765999474	1620145934
1787820326.349016735	s7-eth2	30215	1502347162
1787820326.349016735	s7-eth3	2388035234	3792111
1787820326.349016735	s7-eth4	7876	7853
1787820326.349016735	s8-eth1	7853	7853
1787820326.349016735	s8-eth2	5823	7853
1787820326.349016735	s8-eth3	7853	6026
1787820326.349016735	s8-eth4	7974	7853
1787820326.349016735	s9-eth1	2424487980	3794141
1787820326.349016735	s9-eth2	6026	7853
1787820326.349016735	s9-eth3	3792111	2388035234
1787820326.349016735	s9-eth4	6026	7853
1787820328.644271005	s10-eth1	6053	8002
1787820328.644271005	s10-eth2	7880	8127
1787820328.644271005	s10-eth3	7880	7904
1787820328.644271005	s10-eth4	7880	8002
1787820328.644271005	s1-eth1	3793155	3333442304
1787820328.644271005	s1-eth10	1562	4806
1787820328.644271005	s1-eth11	238189090	7607
1787820328.644271005	s1-eth12	1472	4806
1787820328.644271005	s1-eth13	1472	4806
1787820328.644271005	s1-eth14	1562	4806
1787820328.644271005	s1-eth15	238193245	7463
1787820328.644271005	s1-eth16	1472	4826
1787820328.644271005	s1-eth17	1562	4806
1787820328.644271005	s1-eth18	1562	4716
1787820328.644271005	s1-eth19	952752990	7447
1787820328.644271005	s1-eth2	7880	7880
1787820328.644271005	s1-eth20	1472	4806
1787820328.644271005	s1-eth21	1562	4806
1787820328.644271005	s1-eth22	1562	4806
1787820328.644271005	s1-eth23	238192754	7306
1787820328.644271005	s1-eth24	1472	4806
1787820328.644271005	s1-eth25	1562	4806
1787820328.644271005	s1-eth26	1562	4716
1787820328.644271005	s1-eth27	238185611	7521
1787820328.644271005	s1-eth28	1562	4806
1787820328.644271005	s1-eth29	1472	4716
1787820328.644271005	s1-eth3	1163438061	3771672
1787820328.644271005	s1-eth30	1562	4716
1787820328.644271005	s1-eth31	238194124	7375
1787820328.644271005	s1-eth32	1562	4716
1787820328.644271005	s1-eth33	1562	4716
1787820328.644271005	s1-eth34	1562	4716
1787820328.644271005	s1-eth4	1758	5002
1787820328.644271005	s1-eth5	1492	4716
1787820328.644271005	s1-eth6	1562	4806
1787820328.644271005	s1-eth7	238193264	7438
1787820328.644271005	s1-eth8	1562	4716
1787820328.644271005	s1-eth9	1472	4716
1787820328.644271005	s2-eth1	1458023643	762216421
1787820328.644271005	s2-eth10	1472	4806
1787820328.644271005	s2-eth11	238193546	7660
1787820328.644271005	s2-eth12	1472	4806
1787820328.644271005	s2-eth13	1472	4806
1787820328.644271005	s2-eth14	1562	4806
1787820328.644271005	s2-eth15	238189031	7663
1787820328.644271005	s2-eth16	1562	4806
1787820328.644271005	s2-eth17	1562	4806
1787820328.644271005	s2-eth18	1562	4806
1787820328.644271005	s2-eth19	4113	801860601
1787820328.644271005	s2-eth2	7782	7880
1787820328.644271005	s2-eth20	1562	4806
1787820328.644271005	s2-eth21	1472	4716
1787820328.644271005	s2-eth22	1562	4806
1787820328.644271005	s2-eth23	4062	214955284
1787820328.644271005	s2-eth24	1472	4806
1787820328.644271005	s2-eth25	1562	4806
1787820328.644271005	s2-eth26	1472	4806
1787820328.644271005	s2-eth27	4187	215047729
1787820328.644271005	s2-eth28	1562	4806
1787820328.644271005	s2-eth29	1472	4806
1787820328.644271005	s2-eth3	47644595	7724
1787820328.644271005	s2-eth30	1472	4911
1787820328.644271005	s2-eth31	4131	214868782
1787820328.644271005	s2-eth32	1472	4716
1787820328.644271005	s2-eth33	1562	4806
1787820328.644271005	s2-eth34	1562	4716
1787820328.644271005	s2-eth4	1562	4806
1787820328.644271005	s2-eth5	1472	4806
1787820328.644271005	s2-eth6	1562	4716
1787820328.644271005	s2-eth7	238177102	7525
1787820328.644271005	s2-eth8	1562	4716
1787820328.644271005	s2-eth9	1472	4806
1787820328.644271005	s3-eth1	1620145961	765999501
1787820328.644271005	s3-eth10	1472	4806
1787820328.644271005	s3-eth11	4113	209480605
1787820328.644271005	s3-eth12	1312	4716
1787820328.644271005	s3-eth13	1472	4806
1787820328.644271005	s3-eth14	1562	4716
1787820328.644271005	s3-eth15	4129	208863180
1787820328.644271005	s3-eth16	1472	4716
1787820328.644271005	s3-eth17	1472	4716
1787820328.644271005	s3-eth18	1312	4806
1787820328.644271005	s3-eth19	47644122	7480
1787820328.644271005	s3-eth2	7880	7880
1787820328.644271005	s3-eth20	1562	4696
1787820328.644271005	s3-eth21	1472	4696
1787820328.644271005	s3-eth22	1312	4716
1787820328.644271005	s3-eth23	238193490	7581
1787820328.644271005	s3-eth24	1312	4716
1787820328.644271005	s3-eth25	1562	4716
1787820328.644271005	s3-eth26	1312	4716
1787820328.644271005	s3-eth27	238192624	7280
1787820328.644271005	s3-eth28	1472	4806
1787820328.644271005	s3-eth29	1562	4736
1787820328.644271005	s3-eth3	3768142	985622389
1787820328.644271005	s3-eth30	1472	4806
1787820328.644271005	s3-eth31	238192603	7360
1787820328.644271005	s3-eth32	1312	4716
1787820328.644271005	s3-eth33	1472	4696
1787820328.644271005	s3-eth34	1562	4806
1787820328.644271005	s3-eth4	1472	4716
1787820328.644271005	s3-eth5	1562	4806
1787820328.644271005	s3-eth6	1562	4806
1787820328.644271005	s3-eth7	4194	209468917
1787820328.644271005	s3-eth8	1562	4575
1787820328.644271005	s3-eth9	1562	4806
1787820328.644271005	s4-eth1	1502347189	30242
1787820328.644271005	s4-eth10	1562	4696
1787820328.644271005	s4-eth11	4416	230544096
1787820328.644271005	s4-eth12	1472	4716
1787820328.644271005	s4-eth13	1312	4696
1787820328.644271005	s4-eth14	1312	4716
1787820328.644271005	s4-eth15	4419	230491905
1787820328.644271005	s4-eth16	1312	4716
1787820328.644271005	s4-eth17	1472	4696
1787820328.644271005	s4-eth18	1312	4766
1787820328.644271005	s4-eth19	4256	47543562
1787820328.644271005	s4-eth2	7880	5850
1787820328.644271005	s4-eth20	1562	4716
1787820328.644271005	s4-eth21	1472	4716
1787820328.644271005	s4-eth22	1472	4696
1787820328.644271005	s4-eth23	4177	237583884
1787820328.644271005	s4-eth24	1472	4716
1787820328.644271005	s4-eth25	1472	4716
1787820328.644271005	s4-eth26	1312	4766
1787820328.644271005	s4-eth27	3876	237649260
1787820328.644271005	s4-eth28	1472	4806
1787820328.644271005	s4-eth29	1312	4716
1787820328.644271005	s4-eth3	4230	46191329
1787820328.644271005	s4-eth30	1312	4716
1787820328.644271005	s4-eth31	4183	237639215
1787820328.644271005	s4-eth32	1312	4716
1787820328.644271005	s4-eth33	1312	4766
1787820328.644271005	s4-eth34	1472	4696
1787820328.644271005	s4-eth4	1472	4696
1787820328.644271005	s4-eth5	1312	4696
1787820328.644271005	s4-eth6	1312	4736
1787820328.644271005	s4-eth7	4191	230709234
1787820328.644271005	s4-eth8	1312	4716
1787820328.644271005	s4-eth9	1312	4766
1787820328.644271005	s5-eth1	3333442304	3793155
1787820328.644271005	s5-eth2	762216421	1458023643
1787820328.644271005	s5-eth3	3794168	2424488007
1787820328.644271005	s5-eth4	8002	6053
1787820328.644271005	s6-eth1	7880	7880
1787820328.644271005	s6-eth2	7880	7782
1787820328.644271005	s6-eth3	7880	6053
1787820328.644271005	s6-eth4	8127	7880
1787820328.644271005	s7-eth1	765999501	1620145961
1787820328.644271005	s7-eth2	30242	1502347189
1787820328.644271005	s7-eth3	2388035261	3792138
1787820328.644271005	s7-eth4	7904	7880
1787820328.644271005	s8-eth1	7880	7880
1787820328.644271005	s8-eth2	5850	7880
1787820328.644271005	s8-eth3	7880	6053
1787820328.644271005	s8-eth4	8002	7880
1787820328.644271005	s9-eth1	2424488007	3794168
1787820328.644271005	s9-eth2	6053	7880
1787820328.644271005	s9-eth3	3792138	2388035261
1787820328.644271005	s9-eth4	6053	7880
1787820330.943779548	s10-eth1	6053	8002
1787820330.943779548	s10-eth2	7880	8127
1787820330.943779548	s10-eth3	7880	7904
1787820330.943779548	s10-eth4	7880	8002
1787820330.943779548	s1-eth1	3793155	3333442304
1787820330.943779548	s1-eth10	1562	4806
1787820330.943779548	s1-eth11	238189090	7607
1787820330.943779548	s1-eth12	1472	4806
1787820330.943779548	s1-eth13	1472	4806
1787820330.943779548	s1-eth14	1562	4806
1787820330.943779548	s1-eth15	238193245	7463
1787820330.943779548	s1-eth16	1472	4826
1787820330.943779548	s1-eth17	1562	4806
1787820330.943779548	s1-eth18	1562	4716
1787820330.943779548	s1-eth19	952752990	7447
1787820330.943779548	s1-eth2	7880	7880
1787820330.943779548	s1-eth20	1472	4806
1787820330.943779548	s1-eth21	1562	4806
1787820330.943779548	s1-eth22	1562	4806
1787820330.943779548	s1-eth23	238192754	7306
1787820330.943779548	s1-eth24	1472	4806
1787820330.943779548	s1-eth25	1562	4806
1787820330.943779548	s1-eth26	1562	4716
1787820330.943779548	s1-eth27	238185611	7521
1787820330.943779548	s1-eth28	1562	4806
1787820330.943779548	s1-eth29	1472	4716
1787820330.943779548	s1-eth3	1163438061	3771672
1787820330.943779548	s1-eth30	1562	4716
1787820330.943779548	s1-eth31	238194124	7375
1787820330.943779548	s1-eth32	1562	4716
1787820330.943779548	s1-eth33	1562	4716
1787820330.943779548	s1-eth34	1562	4716
1787820330.943779548	s1-eth4	1758	5002
1787820330.943779548	s1-eth5	1492	4716
1787820330.943779548	s1-eth6	1562	4806
1787820330.943779548	s1-eth7	238193264	7438
1787820330.943779548	s1-eth8	1562	4716
1787820330.943779548	s1-eth9	1472	4716
1787820330.943779548	s2-eth1	1458023643	762216421
1787820330.943779548	s2-eth10	1472	4806
1787820330.943779548	s2-eth11	238193546	7660
1787820330.943779548	s2-eth12	1472	4806
1787820330.943779548	s2-eth13	1472	4806
1787820330.943779548	s2-eth14	1562	4806
1787820330.943779548	s2-eth15	238189031	7663
1787820330.943779548	s2-eth16	1562	4806
1787820330.943779548	s2-eth17	1562	4806
1787820330.943779548	s2-eth18	1562	4806
1787820330.943779548	s2-eth19	4113	801860601
1787820330.943779548	s2-eth2	7782	7880
1787820330.943779548	s2-eth20	1562	4806
1787820330.943779548	s2-eth21	1472	4716
1787820330.943779548	s2-eth22	1562	4806
1787820330.943779548	s2-eth23	4062	214955284
1787820330.943779548	s2-eth24	1472	4806
1787820330.943779548	s2-eth25	1562	4806
1787820330.943779548	s2-eth26	1472	4806
1787820330.943779548	s2-eth27	4187	215047729
1787820330.943779548	s2-eth28	1562	4806
1787820330.943779548	s2-eth29	1472	4806
1787820330.943779548	s2-eth3	47644595	7724
1787820330.943779548	s2-eth30	1472	4911
1787820330.943779548	s2-eth31	4131	214868782
1787820330.943779548	s2-eth32	1472	4716
1787820330.943779548	s2-eth33	1562	4806
1787820330.943779548	s2-eth34	1562	4716
1787820330.943779548	s2-eth4	1562	4806
1787820330.943779548	s2-eth5	1472	4806
1787820330.943779548	s2-eth6	1562	4716
1787820330.943779548	s2-eth7	238177102	7525
1787820330.943779548	s2-eth8	1562	4716
1787820330.943779548	s2-eth9	1472	4806
1787820330.943779548	s3-eth1	1620145961	765999501
1787820330.943779548	s3-eth10	1472	4806
1787820330.943779548	s3-eth11	4113	209480605
1787820330.943779548	s3-eth12	1312	4716
1787820330.943779548	s3-eth13	1472	4806
1787820330.943779548	s3-eth14	1562	4716
1787820330.943779548	s3-eth15	4129	208863180
1787820330.943779548	s3-eth16	1472	4716
1787820330.943779548	s3-eth17	1472	4716
1787820330.943779548	s3-eth18	1312	4806
1787820330.943779548	s3-eth19	47644122	7480
1787820330.943779548	s3-eth2	7880	7880
1787820330.943779548	s3-eth20	1562	4696
1787820330.943779548	s3-eth21	1472	4696
1787820330.943779548	s3-eth22	1312	4716
1787820330.943779548	s3-eth23	238193490	7581
1787820330.943779548	s3-eth24	1312	4716
1787820330.943779548	s3-eth25	1562	4716
1787820330.943779548	s3-eth26	1312	4716
1787820330.943779548	s3-eth27	238192624	7280
1787820330.943779548	s3-eth28	1472	4806
1787820330.943779548	s3-eth29	1562	4736
1787820330.943779548	s3-eth3	3768142	985622389
1787820330.943779548	s3-eth30	1472	4806
1787820330.943779548	s3-eth31	238192603	7360
1787820330.943779548	s3-eth32	1312	4716
1787820330.943779548	s3-eth33	1472	4696
1787820330.943779548	s3-eth34	1562	4806
1787820330.943779548	s3-eth4	1472	4716
1787820330.943779548	s3-eth5	1562	4806
1787820330.943779548	s3-eth6	1562	4806
1787820330.943779548	s3-eth7	4194	209468917
1787820330.943779548	s3-eth8	1562	4575
1787820330.943779548	s3-eth9	1562	4806
1787820330.943779548	s4-eth1	1502347189	30242
1787820330.943779548	s4-eth10	1562	4696
1787820330.943779548	s4-eth11	4416	230544096
1787820330.943779548	s4-eth12	1472	4716
1787820330.943779548	s4-eth13	1312	4696
1787820330.943779548	s4-eth14	1312	4716
1787820330.943779548	s4-eth15	4419	230491905
1787820330.943779548	s4-eth16	1312	4716
1787820330.943779548	s4-eth17	1472	4696
1787820330.943779548	s4-eth18	1312	4766
1787820330.943779548	s4-eth19	4256	47543562
1787820330.943779548	s4-eth2	7880	5850
1787820330.943779548	s4-eth20	1562	4716
1787820330.943779548	s4-eth21	1472	4716
1787820330.943779548	s4-eth22	1472	4696
1787820330.943779548	s4-eth23	4177	237583884
1787820330.943779548	s4-eth24	1472	4716
1787820330.943779548	s4-eth25	1472	4716
1787820330.943779548	s4-eth26	1312	4766
1787820330.943779548	s4-eth27	3876	237649260
1787820330.943779548	s4-eth28	1472	4806
1787820330.943779548	s4-eth29	1312	4716
1787820330.943779548	s4-eth3	4230	46191329
1787820330.943779548	s4-eth30	1312	4716
1787820330.943779548	s4-eth31	4183	237639215
1787820330.943779548	s4-eth32	1312	4716
1787820330.943779548	s4-eth33	1312	4766
1787820330.943779548	s4-eth34	1472	4696
1787820330.943779548	s4-eth4	1472	4696
1787820330.943779548	s4-eth5	1312	4696
1787820330.943779548	s4-eth6	1312	4736
1787820330.943779548	s4-eth7	4191	230709234
1787820330.943779548	s4-eth8	1312	4716
1787820330.943779548	s4-eth9	1312	4766
1787820330.943779548	s5-eth1	3333442304	3793155
1787820330.943779548	s5-eth2	762216421	1458023643
1787820330.943779548	s5-eth3	3794168	2424488007
1787820330.943779548	s5-eth4	8002	6053
1787820330.943779548	s6-eth1	7880	7880
1787820330.943779548	s6-eth2	7880	7782
1787820330.943779548	s6-eth3	7880	6053
1787820330.943779548	s6-eth4	8127	7880
1787820330.943779548	s7-eth1	765999501	1620145961
1787820330.943779548	s7-eth2	30242	1502347189
1787820330.943779548	s7-eth3	2388035261	3792138
1787820330.943779548	s7-eth4	7904	7880
1787820330.943779548	s8-eth1	7880	7880
1787820330.943779548	s8-eth2	5850	7880
1787820330.943779548	s8-eth3	7880	6053
1787820330.943779548	s8-eth4	8002	7880
1787820330.943779548	s9-eth1	2424488007	3794168
1787820330.943779548	s9-eth2	6053	7880
1787820330.943779548	s9-eth3	3792138	2388035261
1787820330.943779548	s9-eth4	6053	7880
1787820333.236584456	s10-eth1	6080	8030
1787820333.236584456	s10-eth2	7907	8155
1787820333.236584456	s10-eth3	7907	7932
1787820333.236584456	s10-eth4	7907	8030
1787820333.236584456	s1-eth1	3793182	3333442331
1787820333.236584456	s1-eth10	1562	4806
1787820333.236584456	s1-eth11	238189090	7607
1787820333.236584456	s1-eth12	1472	4806
1787820333.236584456	s1-eth13	1472	4806
1787820333.236584456	s1-eth14	1562	4806
1787820333.236584456	s1-eth15	238193245	7463
1787820333.236584456	s1-eth16	1472	4826
1787820333.236584456	s1-eth17	1562	4806
1787820333.236584456	s1-eth18	1562	4716
1787820333.236584456	s1-eth19	952752990	7447
1787820333.236584456	s1-eth2	7907	7907
1787820333.236584456	s1-eth20	1472	4806
1787820333.236584456	s1-eth21	1562	4806
1787820333.236584456	s1-eth22	1562	4806
1787820333.236584456	s1-eth23	238192754	7306
1787820333.236584456	s1-eth24	1472	4806
1787820333.236584456	s1-eth25	1562	4806
1787820333.236584456	s1-eth26	1562	4716
1787820333.236584456	s1-eth27	238185611	7521
1787820333.236584456	s1-eth28	1562	4806
1787820333.236584456	s1-eth29	1472	4716
1787820333.236584456	s1-eth3	1163438061	3771672
1787820333.236584456	s1-eth30	1562	4716
1787820333.236584456	s1-eth31	238194124	7375
1787820333.236584456	s1-eth32	1562	4716
1787820333.236584456	s1-eth33	1562	4716
1787820333.236584456	s1-eth34	1562	4716
1787820333.236584456	s1-eth4	1758	5002
1787820333.236584456	s1-eth5	1492	4716
1787820333.236584456	s1-eth6	1562	4806
1787820333.236584456	s1-eth7	238193264	7438
1787820333.236584456	s1-eth8	1562	4716
1787820333.236584456	s1-eth9	1472	4716
1787820333.236584456	s2-eth1	1458023670	762216448
1787820333.236584456	s2-eth10	1472	4806
1787820333.236584456	s2-eth11	238193546	7660
1787820333.236584456	s2-eth12	1472	4806
1787820333.236584456	s2-eth13	1472	4806
1787820333.236584456	s2-eth14	1562	4806
1787820333.236584456	s2-eth15	238189031	7663
1787820333.236584456	s2-eth16	1562	4806
1787820333.236584456	s2-eth17	1562	4806
1787820333.236584456	s2-eth18	1562	4806
1787820333.236584456	s2-eth19	4113	801860601
1787820333.236584456	s2-eth2	7809	7907
1787820333.236584456	s2-eth20	1562	4806
1787820333.236584456	s2-eth21	1472	4716
1787820333.236584456	s2-eth22	1562	4806
1787820333.236584456	s2-eth23	4062	214955284
1787820333.236584456	s2-eth24	1472	4806
1787820333.236584456	s2-eth25	1562	4806
1787820333.236584456	s2-eth26	1472	4806
1787820333.236584456	s2-eth27	4187	215047729
1787820333.236584456	s2-eth28	1562	4806
1787820333.236584456	s2-eth29	1472	4806
1787820333.236584456	s2-eth3	47644595	7724
1787820333.236584456	s2-eth30	1472	4911
1787820333.236584456	s2-eth31	4131	214868782
1787820333.236584456	s2-eth32	1472	4716
1787820333.236584456	s2-eth33	1562	4806
1787820333.236584456	s2-eth34	1562	4716
1787820333.236584456	s2-eth4	1562	4806
1787820333.236584456	s2-eth5	1472	4806
1787820333.236584456	s2-eth6	1562	4716
1787820333.236584456	s2-eth7	238177102	7525
1787820333.236584456	s2-eth8	1562	4716
1787820333.236584456	s2-eth9	1472	4806
1787820333.236584456	s3-eth1	1620145988	765999528
1787820333.236584456	s3-eth10	1472	4806
1787820333.236584456	s3-eth11	4113	209480605
1787820333.236584456	s3-eth12	1312	4716
1787820333.236584456	s3-eth13	1472	4806
1787820333.236584456	s3-eth14	1562	4716
1787820333.236584456	s3-eth15	4129	208863180
1787820333.236584456	s3-eth16	1472	4716
1787820333.236584456	s3-eth17	1472	4716
1787820333.236584456	s3-eth18	1312	4806
1787820333.236584456	s3-eth19	47644122	7480
1787820333.236584456	s3-eth2	7907	7907
1787820333.236584456	s3-eth20	1562	4696
1787820333.236584456	s3-eth21	1472	4696
1787820333.236584456	s3-eth22	1312	4716
1787820333.236584456	s3-eth23	238193490	7581
1787820333.236584456	s3-eth24	1312	4716
1787820333.236584456	s3-eth25	1562	4716
1787820333.236584456	s3-eth26	1312	4716
1787820333.236584456	s3-eth27	238192624	7280
1787820333.236584456	s3-eth28	1472	4806
1787820333.236584456	s3-eth29	1562	4736
1787820333.236584456	s3-eth3	3768142	985622389
1787820333.236584456	s3-eth30	1472	4806
1787820333.236584456	s3-eth31	238192603	7360
1787820333.236584456	s3-eth32	1312	4716
1787820333.236584456	s3-eth33	1472	4696
1787820333.236584456	s3-eth34	1562	4806
1787820333.236584456	s3-eth4	1472	4716
1787820333.236584456	s3-eth5	1562	4806
1787820333.236584456	s3-eth6	1562	4806
1787820333.236584456	s3-eth7	4194	209468917
1787820333.236584456	s3-eth8	1562	4575
1787820333.236584456	s3-eth9	1562	4806
1787820333.236584456	s4-eth1	1502347216	30269
1787820333.236584456	s4-eth10	1562	4696
1787820333.236584456	s4-eth11	4416	230544096
1787820333.236584456	s4-eth12	1472	4716
1787820333.236584456	s4-eth13	1312	4696
1787820333.236584456	s4-eth14	1312	4716
1787820333.236584456	s4-eth15	4419	230491905
1787820333.236584456	s4-eth16	1312	4716
1787820333.236584456	s4-eth17	1472	4696
1787820333.236584456	s4-eth18	1312	4766
1787820333.236584456	s4-eth19	4256	47543562
1787820333.236584456	s4-eth2	7907	5877
1787820333.236584456	s4-eth20	1562	4716
1787820333.236584456	s4-eth21	1472	4716
1787820333.236584456	s4-eth22	1472	4696
1787820333.236584456	s4-eth23	4177	237583884
1787820333.236584456	s4-eth24	1472	4716
1787820333.236584456	s4-eth25	1472	4716
1787820333.236584456	s4-eth26	1312	4766
1787820333.236584456	s4-eth27	3876	237649260
1787820333.236584456	s4-eth28	1472	4806
1787820333.236584456	s4-eth29	1312	4716
1787820333.236584456	s4-eth3	4230	46191329
1787820333.236584456	s4-eth30	1312	4716
1787820333.236584456	s4-eth31	4183	237639215
1787820333.236584456	s4-eth32	1312	4716
1787820333.236584456	s4-eth33	1312	4766
1787820333.236584456	s4-eth34	1472	4696
1787820333.236584456	s4-eth4	1472	4696
1787820333.236584456	s4-eth5	1312	4696
1787820333.236584456	s4-eth6	1312	4736
1787820333.236584456	s4-eth7	4191	230709234
1787820333.236584456	s4-eth8	1312	4716
1787820333.236584456	s4-eth9	1312	4766
1787820333.236584456	s5-eth1	3333442331	3793182
1787820333.236584456	s5-eth2	762216448	1458023670
1787820333.236584456	s5-eth3	3794195	2424488034
1787820333.236584456	s5-eth4	8030	6080
1787820333.236584456	s6-eth1	7907	7907
1787820333.236584456	s6-eth2	7907	7809
1787820333.236584456	s6-eth3	7907	6080
1787820333.236584456	s6-eth4	8155	7907
1787820333.236584456	s7-eth1	765999528	1620145988
1787820333.236584456	s7-eth2	30269	1502347216
1787820333.236584456	s7-eth3	2388035288	3792165
1787820333.236584456	s7-eth4	7932	7907
1787820333.236584456	s8-eth1	7907	7907
1787820333.236584456	s8-eth2	5877	7907
1787820333.236584456	s8-eth3	7907	6080
1787820333.236584456	s8-eth4	8030	7907
1787820333.236584456	s9-eth1	2424488034	3794195
1787820333.236584456	s9-eth2	6080	7907
1787820333.236584456	s9-eth3	3792165	2388035288
1787820333.236584456	s9-eth4	6080	7907
1787820335.531770192	s10-eth1	6080	8030
1787820335.531770192	s10-eth2	7907	8155
1787820335.531770192	s10-eth3	7907	7932
1787820335.531770192	s10-eth4	7907	8030
1787820335.531770192	s1-eth1	3793182	3333442331
1787820335.531770192	s1-eth10	1562	4806
1787820335.531770192	s1-eth11	238189090	7607
1787820335.531770192	s1-eth12	1472	4806
1787820335.531770192	s1-eth13	1472	4806
1787820335.531770192	s1-eth14	1562	4806
1787820335.531770192	s1-eth15	238193245	7463
1787820335.531770192	s1-eth16	1472	4826
1787820335.531770192	s1-eth17	1562	4806
1787820335.531770192	s1-eth18	1562	4716
1787820335.531770192	s1-eth19	952752990	7447
1787820335.531770192	s1-eth2	7907	7907
1787820335.531770192	s1-eth20	1472	4806
1787820335.531770192	s1-eth21	1562	4806
1787820335.531770192	s1-eth22	1562	4806
1787820335.531770192	s1-eth23	238192754	7306
1787820335.531770192	s1-eth24	1472	4806
1787820335.531770192	s1-eth25	1562	4806
1787820335.531770192	s1-eth26	1562	4716
1787820335.531770192	s1-eth27	238185611	7521
1787820335.531770192	s1-eth28	1562	4806
1787820335.531770192	s1-eth29	1472	4716
1787820335.531770192	s1-eth3	1163438061	3771672
1787820335.531770192	s1-eth30	1562	4716
1787820335.531770192	s1-eth31	238194124	7375
1787820335.531770192	s1-eth32	1562	4716
1787820335.531770192	s1-eth33	1562	4716
1787820335.531770192	s1-eth34	1562	4716
1787820335.531770192	s1-eth4	1758	5002
1787820335.531770192	s1-eth5	1492	4716
1787820335.531770192	s1-eth6	1562	4806
1787820335.531770192	s1-eth7	238193264	7438
1787820335.531770192	s1-eth8	1562	4716
1787820335.531770192	s1-eth9	1472	4716
1787820335.531770192	s2-eth1	1458023670	762216448
1787820335.531770192	s2-eth10	1472	4806
1787820335.531770192	s2-eth11	238193546	7660
1787820335.531770192	s2-eth12	1472	4806
1787820335.531770192	s2-eth13	1472	4806
1787820335.531770192	s2-eth14	1562	4806
1787820335.531770192	s2-eth15	238189031	7663
1787820335.531770192	s2-eth16	1562	4806
1787820335.531770192	s2-eth17	1562	4806
1787820335.531770192	s2-eth18	1562	4806
1787820335.531770192	s2-eth19	4113	801860601
1787820335.531770192	s2-eth2	7809	7907
1787820335.531770192	s2-eth20	1562	4806
1787820335.531770192	s2-eth21	1472	4716
1787820335.531770192	s2-eth22	1562	4806
1787820335.531770192	s2-eth23	4062	214955284
1787820335.531770192	s2-eth24	1472	4806
1787820335.531770192	s2-eth25	1562	4806
1787820335.531770192	s2-eth26	1472	4806
1787820335.531770192	s2-eth27	4187	215047729
1787820335.531770192	s2-eth28	1562	4806
1787820335.531770192	s2-eth29	1472	4806
1787820335.531770192	s2-eth3	47644595	7724
1787820335.531770192	s2-eth30	1472	4911
1787820335.531770192	s2-eth31	4131	214868782
1787820335.531770192	s2-eth32	1472	4716
1787820335.531770192	s2-eth33	1562	4806
1787820335.531770192	s2-eth34	1562	4716
1787820335.531770192	s2-eth4	1562	4806
1787820335.531770192	s2-eth5	1472	4806
1787820335.531770192	s2-eth6	1562	4716
1787820335.531770192	s2-eth7	238177102	7525
1787820335.531770192	s2-eth8	1562	4716
1787820335.531770192	s2-eth9	1472	4806
1787820335.531770192	s3-eth1	1620145988	765999528
1787820335.531770192	s3-eth10	1472	4806
1787820335.531770192	s3-eth11	4113	209480605
1787820335.531770192	s3-eth12	1312	4716
1787820335.531770192	s3-eth13	1472	4806
1787820335.531770192	s3-eth14	1562	4716
1787820335.531770192	s3-eth15	4129	208863180
1787820335.531770192	s3-eth16	1472	4716
1787820335.531770192	s3-eth17	1472	4716
1787820335.531770192	s3-eth18	1312	4806
1787820335.531770192	s3-eth19	47644122	7480
1787820335.531770192	s3-eth2	7907	7907
1787820335.531770192	s3-eth20	1562	4696
1787820335.531770192	s3-eth21	1472	4696
1787820335.531770192	s3-eth22	1312	4716
1787820335.531770192	s3-eth23	238193490	7581
1787820335.531770192	s3-eth24	1312	4716
1787820335.531770192	s3-eth25	1562	4716
1787820335.531770192	s3-eth26	1312	4716
1787820335.531770192	s3-eth27	238192624	7280
1787820335.531770192	s3-eth28	1472	4806
1787820335.531770192	s3-eth29	1562	4736
1787820335.531770192	s3-eth3	3768142	985622389
1787820335.531770192	s3-eth30	1472	4806
1787820335.531770192	s3-eth31	238192603	7360
1787820335.531770192	s3-eth32	1312	4716
1787820335.531770192	s3-eth33	1472	4696
1787820335.531770192	s3-eth34	1562	4806
1787820335.531770192	s3-eth4	1472	4716
1787820335.531770192	s3-eth5	1562	4806
1787820335.531770192	s3-eth6	1562	4806
1787820335.531770192	s3-eth7	4194	209468917
1787820335.531770192	s3-eth8	1562	4575
1787820335.531770192	s3-eth9	1562	4806
1787820335.531770192	s4-eth1	1502347216	30269
1787820335.531770192	s4-eth10	1562	4696
1787820335.531770192	s4-eth11	4416	230544096
1787820335.531770192	s4-eth12	1472	4716
1787820335.531770192	s4-eth13	1312	4696
1787820335.531770192	s4-eth14	1312	4716
1787820335.531770192	s4-eth15	4419	230491905
1787820335.531770192	s4-eth16	1312	4716
1787820335.531770192	s4-eth17	1472	4696
1787820335.531770192	s4-eth18	1312	4766
1787820335.531770192	s4-eth19	4256	47543562
1787820335.531770192	s4-eth2	7907	5877
1787820335.531770192	s4-eth20	1562	4716
1787820335.531770192	s4-eth21	1472	4716
1787820335.531770192	s4-eth22	1472	4696
1787820335.531770192	s4-eth23	4177	237583884
1787820335.531770192	s4-eth24	1472	4716
1787820335.531770192	s4-eth25	1472	4716
1787820335.531770192	s4-eth26	1312	4766
1787820335.531770192	s4-eth27	3876	237649260
1787820335.531770192	s4-eth28	1472	4806
1787820335.531770192	s4-eth29	1312	4716
1787820335.531770192	s4-eth3	4230	46191329
1787820335.531770192	s4-eth30	1312	4716
1787820335.531770192	s4-eth31	4183	237639215
1787820335.531770192	s4-eth32	1312	4716
1787820335.531770192	s4-eth33	1312	4766
1787820335.531770192	s4-eth34	1472	4696
1787820335.531770192	s4-eth4	1472	4696
1787820335.531770192	s4-eth5	1312	4696
1787820335.531770192	s4-eth6	1312	4736
1787820335.531770192	s4-eth7	4191	230709234
1787820335.531770192	s4-eth8	1312	4716
1787820335.531770192	s4-eth9	1312	4766
1787820335.531770192	s5-eth1	3333442331	3793182
1787820335.531770192	s5-eth2	762216448	1458023670
1787820335.531770192	s5-eth3	3794195	2424488034
1787820335.531770192	s5-eth4	8030	6080
1787820335.531770192	s6-eth1	7907	7907
1787820335.531770192	s6-eth2	7907	7809
1787820335.531770192	s6-eth3	7907	6080
1787820335.531770192	s6-eth4	8155	7907
1787820335.531770192	s7-eth1	765999528	1620145988
1787820335.531770192	s7-eth2	30269	1502347216
1787820335.531770192	s7-eth3	2388035288	3792165
1787820335.531770192	s7-eth4	7932	7907
1787820335.531770192	s8-eth1	7907	7907
1787820335.531770192	s8-eth2	5877	7907
1787820335.531770192	s8-eth3	7907	6080
1787820335.531770192	s8-eth4	8030	7907
1787820335.531770192	s9-eth1	2424488034	3794195
1787820335.531770192	s9-eth2	6080	7907
1787820335.531770192	s9-eth3	3792165	2388035288
1787820335.531770192	s9-eth4	6080	7907
