2026-09-27T15:52:56.0023678Z Current runner version: '2.337.0'
2026-09-27T15:52:56.0051080Z ##[group]Runner Image Provisioner
2026-09-27T15:52:56.0052256Z Hosted Compute Agent
2026-09-27T15:52:56.0052868Z Version: 20260828.587
2026-09-27T15:52:56.0053500Z Commit: abac92662cab4cc7352de4f9f9d2e2419aad9c29
2026-09-27T15:52:56.0054345Z Build Date: 2026-08-28T16:44:25Z
2026-09-27T15:52:56.0055037Z Worker ID: {13f367b2-5917-47ef-986e-f139f36d1b41}
2026-09-27T15:52:56.0055802Z Azure Region: northcentralus
2026-09-27T15:52:56.0056439Z ##[endgroup]
2026-09-27T15:52:56.0058001Z ##[group]Operating System
2026-09-27T15:52:56.0058806Z Ubuntu
2026-09-27T15:52:56.0059335Z 24.04.5
2026-09-27T15:52:56.0059896Z LTS
2026-09-27T15:52:56.0060477Z ##[endgroup]
2026-09-27T15:52:56.0061040Z ##[group]Runner Image
2026-09-27T15:52:56.0062084Z Image: ubuntu-24.04
2026-09-27T15:52:56.0062722Z Version: 20260920.314.1
2026-09-27T15:52:56.0064432Z Included Software: https://github.com/actions/runner-images/blob/ubuntu24/20260920.314/images/ubuntu/Ubuntu2404-Readme.md
2026-09-27T15:52:56.0066035Z Image Release: https://github.com/actions/runner-images/releases/tag/ubuntu24%2F20260920.314
2026-09-27T15:52:56.0067088Z ##[endgroup]
2026-09-27T15:52:56.0068310Z ##[group]GITHUB_TOKEN Permissions
2026-09-27T15:52:56.0070644Z Contents: read
2026-09-27T15:52:56.0071265Z Metadata: read
2026-09-27T15:52:56.0072234Z Packages: read
2026-09-27T15:52:56.0073018Z ##[endgroup]
2026-09-27T15:52:56.0075690Z Secret source: Actions
2026-09-27T15:52:56.0076766Z Cache mode: write
2026-09-27T15:52:56.0077662Z Prepare workflow directory
2026-09-27T15:52:56.0501022Z Prepare all required actions
2026-09-27T15:52:56.0553103Z Getting action download info
2026-09-27T15:52:56.3157606Z Download action repository 'actions/checkout@v4' (SHA:11d5960a326750d5838078e36cf38b85af677262)
2026-09-27T15:52:56.4159631Z Download action repository 'actions/setup-python@v5' (SHA:a26af69be951a213d495a4c3e4e4022e16d87065)
2026-09-27T15:52:56.6107401Z Complete job name: Build and unit tests (GCC)
2026-09-27T15:52:56.6938023Z ##[group]Run actions/checkout@v4
2026-09-27T15:52:56.6938924Z with:
2026-09-27T15:52:56.6939400Z   repository: Adam010341/NDTwin-Kernel-P4
2026-09-27T15:52:56.6943436Z   token: ***
2026-09-27T15:52:56.6943876Z   ssh-strict: true
2026-09-27T15:52:56.6944321Z   ssh-user: git
2026-09-27T15:52:56.6944775Z   persist-credentials: true
2026-09-27T15:52:56.6945272Z   clean: true
2026-09-27T15:52:56.6945720Z   sparse-checkout-cone-mode: true
2026-09-27T15:52:56.6946244Z   fetch-depth: 1
2026-09-27T15:52:56.6946681Z   fetch-tags: false
2026-09-27T15:52:56.6947130Z   show-progress: true
2026-09-27T15:52:56.6947588Z   lfs: false
2026-09-27T15:52:56.6948036Z   submodules: false
2026-09-27T15:52:56.6948501Z   set-safe-directory: true
2026-09-27T15:52:56.6949010Z   allow-unsafe-pr-checkout: false
2026-09-27T15:52:56.6949786Z env:
2026-09-27T15:52:56.6950564Z   APT_PACKAGES: g++ cmake ninja-build libboost-system-dev libboost-url-dev libssl-dev libssh-dev
2026-09-27T15:52:56.6951441Z ##[endgroup]
2026-09-27T15:52:56.7991066Z Syncing repository: Adam010341/NDTwin-Kernel-P4
2026-09-27T15:52:56.7994269Z ##[group]Getting Git version info
2026-09-27T15:52:56.7995153Z Working directory is '/home/runner/work/NDTwin-Kernel-P4/NDTwin-Kernel-P4'
2026-09-27T15:52:56.7996767Z [command]/usr/bin/git version
2026-09-27T15:52:56.8080840Z git version 2.55.0
2026-09-27T15:52:56.8145551Z ##[endgroup]
2026-09-27T15:52:56.8162768Z Temporarily overriding HOME='/home/runner/work/_temp/e2f06c50-2140-4412-ab40-832784916ee2' before making global git config changes
2026-09-27T15:52:56.8164680Z Adding repository directory to the temporary git global config as a safe directory
2026-09-27T15:52:56.8168892Z [command]/usr/bin/git config --global --add safe.directory /home/runner/work/NDTwin-Kernel-P4/NDTwin-Kernel-P4
2026-09-27T15:52:56.8228351Z Deleting the contents of '/home/runner/work/NDTwin-Kernel-P4/NDTwin-Kernel-P4'
2026-09-27T15:52:56.8233862Z ##[group]Initializing the repository
2026-09-27T15:52:56.8239969Z [command]/usr/bin/git init /home/runner/work/NDTwin-Kernel-P4/NDTwin-Kernel-P4
2026-09-27T15:52:56.8383501Z hint: Using 'master' as the name for the initial branch. This default branch name
2026-09-27T15:52:56.8384790Z hint: will change to "main" in Git 3.0. To configure the initial branch name
2026-09-27T15:52:56.8385775Z hint: to use in all of your new repositories, which will suppress this warning,
2026-09-27T15:52:56.8386542Z hint: call:
2026-09-27T15:52:56.8386963Z hint:
2026-09-27T15:52:56.8387510Z hint: 	git config --global init.defaultBranch <name>
2026-09-27T15:52:56.8388177Z hint:
2026-09-27T15:52:56.8388785Z hint: Names commonly chosen instead of 'master' are 'main', 'trunk' and
2026-09-27T15:52:56.8389750Z hint: 'development'. The just-created branch can be renamed via this command:
2026-09-27T15:52:56.8390517Z hint:
2026-09-27T15:52:56.8390953Z hint: 	git branch -m <name>
2026-09-27T15:52:56.8391456Z hint:
2026-09-27T15:52:56.8392454Z hint: Disable this message with "git config set advice.defaultBranchName false"
2026-09-27T15:52:56.8398628Z Initialized empty Git repository in /home/runner/work/NDTwin-Kernel-P4/NDTwin-Kernel-P4/.git/
2026-09-27T15:52:56.8419634Z [command]/usr/bin/git remote add origin https://github.com/Adam010341/NDTwin-Kernel-P4
2026-09-27T15:52:56.8488333Z ##[endgroup]
2026-09-27T15:52:56.8489687Z ##[group]Disabling automatic garbage collection
2026-09-27T15:52:56.8497041Z [command]/usr/bin/git config --local gc.auto 0
2026-09-27T15:52:56.8538904Z ##[endgroup]
2026-09-27T15:52:56.8540279Z ##[group]Setting up auth
2026-09-27T15:52:56.8548471Z [command]/usr/bin/git config --local --name-only --get-regexp core\.sshCommand
2026-09-27T15:52:56.8585689Z [command]/usr/bin/git submodule foreach --recursive sh -c "git config --local --name-only --get-regexp 'core\.sshCommand' && git config --local --unset-all 'core.sshCommand' || :"
2026-09-27T15:52:56.8987070Z [command]/usr/bin/git config --local --name-only --get-regexp http\.https\:\/\/github\.com\/\.extraheader
2026-09-27T15:52:56.9027087Z [command]/usr/bin/git submodule foreach --recursive sh -c "git config --local --name-only --get-regexp 'http\.https\:\/\/github\.com\/\.extraheader' && git config --local --unset-all 'http.https://github.com/.extraheader' || :"
2026-09-27T15:52:56.9261529Z [command]/usr/bin/git config --local --name-only --get-regexp ^includeIf\.gitdir:
2026-09-27T15:52:56.9300386Z [command]/usr/bin/git submodule foreach --recursive git config --local --show-origin --name-only --get-regexp remote.origin.url
2026-09-27T15:52:56.9538156Z [command]/usr/bin/git config --local http.https://github.com/.extraheader AUTHORIZATION: basic ***
2026-09-27T15:52:56.9585510Z ##[endgroup]
2026-09-27T15:52:56.9586439Z ##[group]Fetching the repository
2026-09-27T15:52:56.9596354Z [command]/usr/bin/git -c protocol.version=2 fetch --no-tags --prune --no-recurse-submodules --depth=1 origin +ef3aec3fca520a6609a43c61c8dfeadfbd429740:refs/remotes/origin/pr/ndt-serve-claim-note
2026-09-27T15:52:58.4988769Z From https://github.com/Adam010341/NDTwin-Kernel-P4
2026-09-27T15:52:58.4990313Z  * [new ref]         ef3aec3fca520a6609a43c61c8dfeadfbd429740 -> origin/pr/ndt-serve-claim-note
2026-09-27T15:52:58.5003874Z ##[endgroup]
2026-09-27T15:52:58.5005321Z ##[group]Determining the checkout info
2026-09-27T15:52:58.5007228Z ##[endgroup]
2026-09-27T15:52:58.5008698Z [command]/usr/bin/git sparse-checkout disable
2026-09-27T15:52:58.5078317Z [command]/usr/bin/git config --local --unset-all extensions.worktreeConfig
2026-09-27T15:52:58.5120156Z ##[group]Checking out the ref
2026-09-27T15:52:58.5127707Z [command]/usr/bin/git checkout --progress --force -B pr/ndt-serve-claim-note refs/remotes/origin/pr/ndt-serve-claim-note
2026-09-27T15:52:58.8586721Z Switched to a new branch 'pr/ndt-serve-claim-note'
2026-09-27T15:52:58.8591056Z branch 'pr/ndt-serve-claim-note' set up to track 'origin/pr/ndt-serve-claim-note'.
2026-09-27T15:52:58.8605928Z ##[endgroup]
2026-09-27T15:52:58.8665083Z [command]/usr/bin/git log -1 --format=%H
2026-09-27T15:52:58.8696866Z ef3aec3fca520a6609a43c61c8dfeadfbd429740
2026-09-27T15:52:58.8939461Z ##[group]Run sudo apt-get update -qq
2026-09-27T15:52:58.8939969Z [36;1msudo apt-get update -qq[0m
2026-09-27T15:52:58.8940581Z [36;1msudo apt-get install -y -qq g++ cmake ninja-build libboost-system-dev libboost-url-dev libssl-dev libssh-dev[0m
2026-09-27T15:52:58.9222486Z shell: /usr/bin/bash -e {0}
2026-09-27T15:52:58.9222996Z env:
2026-09-27T15:52:58.9223640Z   APT_PACKAGES: g++ cmake ninja-build libboost-system-dev libboost-url-dev libssl-dev libssh-dev
2026-09-27T15:52:58.9224386Z ##[endgroup]
2026-09-27T15:53:06.2013004Z Selecting previously unselected package libjsoncpp25:amd64.
2026-09-27T15:53:06.2281041Z (Reading database ... 
2026-09-27T15:53:06.2281433Z (Reading database ... 5%
2026-09-27T15:53:06.2282111Z (Reading database ... 10%
2026-09-27T15:53:06.2282540Z (Reading database ... 15%
2026-09-27T15:53:06.2283013Z (Reading database ... 20%
2026-09-27T15:53:06.2283394Z (Reading database ... 25%
2026-09-27T15:53:06.2283872Z (Reading database ... 30%
2026-09-27T15:53:06.2284487Z (Reading database ... 35%
2026-09-27T15:53:06.2284955Z (Reading database ... 40%
2026-09-27T15:53:06.2285348Z (Reading database ... 45%
2026-09-27T15:53:06.2286563Z (Reading database ... 50%
2026-09-27T15:53:06.2333028Z (Reading database ... 55%
2026-09-27T15:53:06.3218103Z (Reading database ... 60%
2026-09-27T15:53:06.5243997Z (Reading database ... 65%
2026-09-27T15:53:06.7132883Z (Reading database ... 70%
2026-09-27T15:53:06.9159719Z (Reading database ... 75%
2026-09-27T15:53:07.0268871Z (Reading database ... 80%
2026-09-27T15:53:07.2133868Z (Reading database ... 85%
2026-09-27T15:53:07.3238576Z (Reading database ... 90%
2026-09-27T15:53:07.4795170Z (Reading database ... 95%
2026-09-27T15:53:07.4795840Z (Reading database ... 100%
2026-09-27T15:53:07.4796553Z (Reading database ... 202190 files and directories currently installed.)
2026-09-27T15:53:07.4844361Z Preparing to unpack .../00-libjsoncpp25_1.9.5-6build1_amd64.deb ...
2026-09-27T15:53:07.4884986Z Unpacking libjsoncpp25:amd64 (1.9.5-6build1) ...
2026-09-27T15:53:07.5121246Z Selecting previously unselected package librhash0:amd64.
2026-09-27T15:53:07.5255898Z Preparing to unpack .../01-librhash0_1.4.3-3build1_amd64.deb ...
2026-09-27T15:53:07.5265116Z Unpacking librhash0:amd64 (1.4.3-3build1) ...
2026-09-27T15:53:07.5512939Z Selecting previously unselected package cmake-data.
2026-09-27T15:53:07.5649015Z Preparing to unpack .../02-cmake-data_3.28.3-1build7_all.deb ...
2026-09-27T15:53:07.5732702Z Unpacking cmake-data (3.28.3-1build7) ...
2026-09-27T15:53:08.1251978Z Selecting previously unselected package cmake.
2026-09-27T15:53:08.1400066Z Preparing to unpack .../03-cmake_3.28.3-1build7_amd64.deb ...
2026-09-27T15:53:08.1408947Z Unpacking cmake (3.28.3-1build7) ...
2026-09-27T15:53:08.3134357Z Selecting previously unselected package libboost1.83-dev:amd64.
2026-09-27T15:53:08.3266009Z Preparing to unpack .../04-libboost1.83-dev_1.83.0-2.1ubuntu3.2_amd64.deb ...
2026-09-27T15:53:08.3275245Z Unpacking libboost1.83-dev:amd64 (1.83.0-2.1ubuntu3.2) ...
2026-09-27T15:53:10.9009485Z Selecting previously unselected package libboost-system1.83.0:amd64.
2026-09-27T15:53:10.9215001Z Preparing to unpack .../05-libboost-system1.83.0_1.83.0-2.1ubuntu3.2_amd64.deb ...
2026-09-27T15:53:10.9223620Z Unpacking libboost-system1.83.0:amd64 (1.83.0-2.1ubuntu3.2) ...
2026-09-27T15:53:10.9494313Z Selecting previously unselected package libboost-system1.83-dev:amd64.
2026-09-27T15:53:10.9642501Z Preparing to unpack .../06-libboost-system1.83-dev_1.83.0-2.1ubuntu3.2_amd64.deb ...
2026-09-27T15:53:10.9651790Z Unpacking libboost-system1.83-dev:amd64 (1.83.0-2.1ubuntu3.2) ...
2026-09-27T15:53:10.9939689Z Selecting previously unselected package libboost-system-dev:amd64.
2026-09-27T15:53:11.0085017Z Preparing to unpack .../07-libboost-system-dev_1.83.0.1ubuntu2_amd64.deb ...
2026-09-27T15:53:11.0093161Z Unpacking libboost-system-dev:amd64 (1.83.0.1ubuntu2) ...
2026-09-27T15:53:11.0308301Z Selecting previously unselected package libboost-url1.83.0:amd64.
2026-09-27T15:53:11.0455307Z Preparing to unpack .../08-libboost-url1.83.0_1.83.0-2.1ubuntu3.2_amd64.deb ...
2026-09-27T15:53:11.0464214Z Unpacking libboost-url1.83.0:amd64 (1.83.0-2.1ubuntu3.2) ...
2026-09-27T15:53:11.0768482Z Selecting previously unselected package libboost-url1.83-dev:amd64.
2026-09-27T15:53:11.0916135Z Preparing to unpack .../09-libboost-url1.83-dev_1.83.0-2.1ubuntu3.2_amd64.deb ...
2026-09-27T15:53:11.0932171Z Unpacking libboost-url1.83-dev:amd64 (1.83.0-2.1ubuntu3.2) ...
2026-09-27T15:53:11.1284419Z Selecting previously unselected package libboost-url-dev:amd64.
2026-09-27T15:53:11.1432346Z Preparing to unpack .../10-libboost-url-dev_1.83.0.1ubuntu2_amd64.deb ...
2026-09-27T15:53:11.1439782Z Unpacking libboost-url-dev:amd64 (1.83.0.1ubuntu2) ...
2026-09-27T15:53:11.1645036Z Selecting previously unselected package libssh-dev:amd64.
2026-09-27T15:53:11.1790917Z Preparing to unpack .../11-libssh-dev_0.10.6-2ubuntu0.5_amd64.deb ...
2026-09-27T15:53:11.1799281Z Unpacking libssh-dev:amd64 (0.10.6-2ubuntu0.5) ...
2026-09-27T15:53:11.2089583Z Selecting previously unselected package ninja-build.
2026-09-27T15:53:11.2235077Z Preparing to unpack .../12-ninja-build_1.11.1-2_amd64.deb ...
2026-09-27T15:53:11.2242693Z Unpacking ninja-build (1.11.1-2) ...
2026-09-27T15:53:11.2789567Z Setting up libboost1.83-dev:amd64 (1.83.0-2.1ubuntu3.2) ...
2026-09-27T15:53:11.2814079Z Setting up libboost-system1.83.0:amd64 (1.83.0-2.1ubuntu3.2) ...
2026-09-27T15:53:11.2830472Z Setting up libboost-url1.83.0:amd64 (1.83.0-2.1ubuntu3.2) ...
2026-09-27T15:53:11.2847375Z Setting up ninja-build (1.11.1-2) ...
2026-09-27T15:53:11.2864413Z Setting up libssh-dev:amd64 (0.10.6-2ubuntu0.5) ...
2026-09-27T15:53:11.2882047Z Setting up libjsoncpp25:amd64 (1.9.5-6build1) ...
2026-09-27T15:53:11.2898939Z Setting up librhash0:amd64 (1.4.3-3build1) ...
2026-09-27T15:53:11.2918347Z Setting up cmake-data (3.28.3-1build7) ...
2026-09-27T15:53:11.2986993Z Setting up libboost-system1.83-dev:amd64 (1.83.0-2.1ubuntu3.2) ...
2026-09-27T15:53:11.3005016Z Setting up libboost-system-dev:amd64 (1.83.0.1ubuntu2) ...
2026-09-27T15:53:11.3023135Z Setting up libboost-url1.83-dev:amd64 (1.83.0-2.1ubuntu3.2) ...
2026-09-27T15:53:11.3040977Z Setting up cmake (3.28.3-1build7) ...
2026-09-27T15:53:11.3059594Z Setting up libboost-url-dev:amd64 (1.83.0.1ubuntu2) ...
2026-09-27T15:53:11.3085465Z Processing triggers for man-db (2.12.0-4build2) ...
2026-09-27T15:53:11.3108272Z Not building database; man-db/auto-update is not 'true'.
2026-09-27T15:53:11.3121840Z Processing triggers for libc-bin (2.39-0ubuntu8.9) ...
2026-09-27T15:53:11.9935618Z 
2026-09-27T15:53:11.9936425Z Running kernel seems to be up-to-date.
2026-09-27T15:53:11.9936847Z 
2026-09-27T15:53:11.9937017Z No services need to be restarted.
2026-09-27T15:53:11.9937314Z 
2026-09-27T15:53:11.9937489Z No containers need to be restarted.
2026-09-27T15:53:11.9937797Z 
2026-09-27T15:53:11.9937989Z No user sessions are running outdated binaries.
2026-09-27T15:53:11.9938350Z 
2026-09-27T15:53:11.9938708Z No VM guests are running outdated hypervisor (qemu) binaries on this host.
2026-09-27T15:53:13.0869286Z ##[group]Run cmake -S . -B build -DCMAKE_BUILD_TYPE=Debug
2026-09-27T15:53:13.0869728Z [36;1mcmake -S . -B build -DCMAKE_BUILD_TYPE=Debug[0m
2026-09-27T15:53:13.0936806Z shell: /usr/bin/bash -e {0}
2026-09-27T15:53:13.0937074Z env:
2026-09-27T15:53:13.0937498Z   APT_PACKAGES: g++ cmake ninja-build libboost-system-dev libboost-url-dev libssl-dev libssh-dev
2026-09-27T15:53:13.0937977Z ##[endgroup]
2026-09-27T15:53:13.3013423Z -- The CXX compiler identification is GNU 13.3.0
2026-09-27T15:53:13.3190045Z -- Detecting CXX compiler ABI info
2026-09-27T15:53:13.4056202Z -- Detecting CXX compiler ABI info - done
2026-09-27T15:53:13.4237053Z -- Check for working CXX compiler: /usr/bin/c++ - skipped
2026-09-27T15:53:13.4244367Z -- Detecting CXX compile features
2026-09-27T15:53:13.4254237Z -- Detecting CXX compile features - done
2026-09-27T15:53:13.4343407Z -- -------------------------------------------------------
2026-09-27T15:53:13.4344729Z --  [Config] Local config not found: /home/runner/work/NDTwin-Kernel-P4/NDTwin-Kernel-P4/setting/AppConfig.hpp
2026-09-27T15:53:13.4346060Z --  [Config] Creating specific config from example template...
2026-09-27T15:53:13.4346736Z --  [Config] Done. You can now edit setting/AppConfig.hpp
2026-09-27T15:53:13.4347334Z -- -------------------------------------------------------
2026-09-27T15:53:13.5136970Z -- Found OpenSSL: /usr/lib/x86_64-linux-gnu/libcrypto.so (found version "3.0.13")
2026-09-27T15:53:13.5141048Z CMake Warning (dev) at CMakeLists.txt:47 (find_package):
2026-09-27T15:53:13.5141563Z   Policy CMP0167 is not set: The FindBoost module is removed.  Run "cmake
2026-09-27T15:53:13.5142270Z   --help-policy CMP0167" for policy details.  Use the cmake_policy command to
2026-09-27T15:53:13.5142751Z   set the policy and suppress this warning.
2026-09-27T15:53:13.5142978Z 
2026-09-27T15:53:13.5143241Z This warning is for project developers.  Use -Wno-dev to suppress it.
2026-09-27T15:53:13.5143566Z 
2026-09-27T15:53:13.5401859Z -- Found Boost: /usr/lib/x86_64-linux-gnu/cmake/Boost-1.83.0/BoostConfig.cmake (found suitable version "1.83.0", minimum required is "1.83") found components: url system
2026-09-27T15:53:13.5703032Z CMake Warning (dev) at /usr/local/share/cmake-3.31/Modules/FetchContent.cmake:1373 (message):
2026-09-27T15:53:13.5703817Z   The DOWNLOAD_EXTRACT_TIMESTAMP option was not given and policy CMP0135 is
2026-09-27T15:53:13.5704433Z   not set.  The policy's OLD behavior will be used.  When using a URL
2026-09-27T15:53:13.5705023Z   download, the timestamps of extracted files should preferably be that of
2026-09-27T15:53:13.5705603Z   the time of extraction, otherwise code that depends on the extracted
2026-09-27T15:53:13.5706170Z   contents might not be rebuilt if the URL changes.  The OLD behavior
2026-09-27T15:53:13.5706776Z   preserves the timestamps from the archive instead, but this is usually not
2026-09-27T15:53:13.5707375Z   what you want.  Update your project to the NEW behavior or specify the
2026-09-27T15:53:13.5707977Z   DOWNLOAD_EXTRACT_TIMESTAMP option with a value of true to avoid this
2026-09-27T15:53:13.5708424Z   robustness issue.
2026-09-27T15:53:13.5708697Z Call Stack (most recent call first):
2026-09-27T15:53:13.5709047Z   CMakeLists.txt:126 (FetchContent_Declare)
2026-09-27T15:53:13.5709556Z This warning is for project developers.  Use -Wno-dev to suppress it.
2026-09-27T15:53:13.5709898Z 
2026-09-27T15:53:14.2863677Z CMake Deprecation Warning at build/_deps/googletest-src/CMakeLists.txt:4 (cmake_minimum_required):
2026-09-27T15:53:14.2864881Z   Compatibility with CMake < 3.10 will be removed from a future version of
2026-09-27T15:53:14.2865537Z   CMake.
2026-09-27T15:53:14.2865721Z 
2026-09-27T15:53:14.2865967Z   Update the VERSION argument <min> value.  Or, use the <min>...<max> syntax
2026-09-27T15:53:14.2866472Z   to tell CMake that the project requires at least <min> but has been updated
2026-09-27T15:53:14.2866894Z   to work with policies introduced by <max> or earlier.
2026-09-27T15:53:14.2867149Z 
2026-09-27T15:53:14.2867494Z 
2026-09-27T15:53:14.3920354Z -- The C compiler identification is GNU 13.3.0
2026-09-27T15:53:14.4012851Z -- Detecting C compiler ABI info
2026-09-27T15:53:14.4580417Z -- Detecting C compiler ABI info - done
2026-09-27T15:53:14.4758458Z -- Check for working C compiler: /usr/bin/cc - skipped
2026-09-27T15:53:14.4761996Z -- Detecting C compile features
2026-09-27T15:53:14.4766986Z -- Detecting C compile features - done
2026-09-27T15:53:14.4952115Z CMake Deprecation Warning at build/_deps/googletest-src/googlemock/CMakeLists.txt:39 (cmake_minimum_required):
2026-09-27T15:53:14.4953376Z   Compatibility with CMake < 3.10 will be removed from a future version of
2026-09-27T15:53:14.4954037Z   CMake.
2026-09-27T15:53:14.4954213Z 
2026-09-27T15:53:14.4954558Z   Update the VERSION argument <min> value.  Or, use the <min>...<max> syntax
2026-09-27T15:53:14.4955401Z   to tell CMake that the project requires at least <min> but has been updated
2026-09-27T15:53:14.4956125Z   to work with policies introduced by <max> or earlier.
2026-09-27T15:53:14.4956681Z 
2026-09-27T15:53:14.4956685Z 
2026-09-27T15:53:14.4961052Z CMake Deprecation Warning at build/_deps/googletest-src/googletest/CMakeLists.txt:49 (cmake_minimum_required):
2026-09-27T15:53:14.4962382Z   Compatibility with CMake < 3.10 will be removed from a future version of
2026-09-27T15:53:14.4963027Z   CMake.
2026-09-27T15:53:14.4963212Z 
2026-09-27T15:53:14.4963555Z   Update the VERSION argument <min> value.  Or, use the <min>...<max> syntax
2026-09-27T15:53:14.4964389Z   to tell CMake that the project requires at least <min> but has been updated
2026-09-27T15:53:14.4965114Z   to work with policies introduced by <max> or earlier.
2026-09-27T15:53:14.4965364Z 
2026-09-27T15:53:14.4965373Z 
2026-09-27T15:53:14.6725199Z -- Found Python: /usr/bin/python3.12 (found version "3.12.3") found components: Interpreter
2026-09-27T15:53:14.6900508Z -- Performing Test CMAKE_HAVE_LIBC_PTHREAD
2026-09-27T15:53:14.7757802Z -- Performing Test CMAKE_HAVE_LIBC_PTHREAD - Success
2026-09-27T15:53:14.7768868Z -- Found Threads: TRUE
2026-09-27T15:53:14.8113512Z -- Configuring done (1.7s)
2026-09-27T15:53:14.8723752Z -- Generating done (0.1s)
2026-09-27T15:53:14.8729150Z -- Build files have been written to: /home/runner/work/NDTwin-Kernel-P4/NDTwin-Kernel-P4/build
2026-09-27T15:53:14.8845049Z ##[group]Run cmake --build build -j"$(nproc)"
2026-09-27T15:53:14.8845432Z [36;1mcmake --build build -j"$(nproc)"[0m
2026-09-27T15:53:14.8911575Z shell: /usr/bin/bash -e {0}
2026-09-27T15:53:14.8912073Z env:
2026-09-27T15:53:14.8912485Z   APT_PACKAGES: g++ cmake ninja-build libboost-system-dev libboost-url-dev libssl-dev libssh-dev
2026-09-27T15:53:14.8912959Z ##[endgroup]
2026-09-27T15:53:14.9233515Z [  1%] Building CXX object src/utils/CMakeFiles/UtilsLib.dir/Logger.cpp.o
2026-09-27T15:53:14.9236214Z [  2%] Building CXX object src/ndt_core/event_handling/CMakeFiles/NdtCore_EventHandlingLib.dir/ControllerAndOtherEventHandler.cpp.o
2026-09-27T15:53:14.9238452Z [  3%] Building CXX object src/ndt_core/collection/CMakeFiles/NdtCore_CollectionLib.dir/FlowLinkUsageCollector.cpp.o
2026-09-27T15:53:14.9240054Z [  3%] Building CXX object src/event_system/CMakeFiles/EventSystemLib.dir/EventBus.cpp.o
2026-09-27T15:53:15.5110722Z [  4%] Linking CXX static library ../../lib/libEventSystemLib.a
2026-09-27T15:53:16.3415099Z [  4%] Built target EventSystemLib
2026-09-27T15:53:16.3533475Z [  4%] Building CXX object src/ndt_core/routing_management/CMakeFiles/NdtCore_RoutingManagementLib.dir/FlowRoutingManager.cpp.o
2026-09-27T15:53:25.4593378Z [  5%] Building CXX object src/utils/CMakeFiles/UtilsLib.dir/FdHygiene.cpp.o
2026-09-27T15:53:26.5833173Z [  6%] Linking CXX static library ../../lib/libUtilsLib.a
2026-09-27T15:53:26.8102652Z [  6%] Built target UtilsLib
2026-09-27T15:53:26.8152561Z [  7%] Building CXX object src/ndt_core/collection/CMakeFiles/NdtCore_CollectionLib.dir/TopologyAndFlowMonitor.cpp.o
2026-09-27T15:53:35.9073085Z [  8%] Linking CXX static library ../../../lib/libNdtCore_EventHandlingLib.a
2026-09-27T15:53:36.0053431Z [  9%] Building CXX object src/ndt_core/routing_management/CMakeFiles/NdtCore_RoutingManagementLib.dir/Controller.cpp.o
2026-09-27T15:53:36.1612896Z [  9%] Built target NdtCore_EventHandlingLib
2026-09-27T15:53:36.1703197Z [  9%] Building CXX object src/ndt_core/data_management/CMakeFiles/NdtCore_DataManagementLib.dir/HistoricalDataManager.cpp.o
2026-09-27T15:53:42.0630151Z [ 10%] Building CXX object src/ndt_core/routing_management/CMakeFiles/NdtCore_RoutingManagementLib.dir/FlowDispatcher.cpp.o
2026-09-27T15:53:48.5882535Z [ 11%] Building CXX object src/ndt_core/power_management/CMakeFiles/NdtCore_PowerManagementLib.dir/DeviceConfigurationAndPowerManager.cpp.o
2026-09-27T15:53:53.7023435Z [ 12%] Building CXX object src/ndt_core/routing_management/CMakeFiles/NdtCore_RoutingManagementLib.dir/HttpRoutingStrategyBase.cpp.o
2026-09-27T15:53:55.2575928Z [ 13%] Linking CXX static library ../../../lib/libNdtCore_DataManagementLib.a
2026-09-27T15:53:55.4969509Z [ 13%] Built target NdtCore_DataManagementLib
2026-09-27T15:53:55.5022966Z [ 14%] Building CXX object src/ndt_core/collection/CMakeFiles/NdtCore_CollectionLib.dir/Classifier.cpp.o
2026-09-27T15:53:57.7673483Z [ 15%] Building CXX object src/ndt_core/power_management/CMakeFiles/NdtCore_PowerManagementLib.dir/OVSPowerStrategy.cpp.o
2026-09-27T15:54:11.4103266Z [ 16%] Building CXX object src/ndt_core/routing_management/CMakeFiles/NdtCore_RoutingManagementLib.dir/P4RoutingStrategy.cpp.o
2026-09-27T15:54:13.0410978Z [ 17%] Linking CXX static library ../../../lib/libNdtCore_CollectionLib.a
2026-09-27T15:54:13.6522689Z [ 17%] Built target NdtCore_CollectionLib
2026-09-27T15:54:13.6642578Z [ 18%] Building CXX object src/ndt_core/application_management/CMakeFiles/NdtCore_ApplicationLib.dir/ApplicationManager.cpp.o
2026-09-27T15:54:15.4573386Z [ 19%] Building CXX object src/ndt_core/application_management/CMakeFiles/NdtCore_ApplicationLib.dir/SimulationRequestManager.cpp.o
2026-09-27T15:54:16.8126517Z [ 20%] Building CXX object src/ndt_core/power_management/CMakeFiles/NdtCore_PowerManagementLib.dir/P4PowerStrategy.cpp.o
2026-09-27T15:54:26.7583093Z [ 20%] Linking CXX static library ../../../lib/libNdtCore_RoutingManagementLib.a
2026-09-27T15:54:27.2978297Z [ 20%] Built target NdtCore_RoutingManagementLib
2026-09-27T15:54:27.3093739Z [ 21%] Building CXX object src/ndt_core/intent_translator/CMakeFiles/NdtCore_IntentTranslatorLib.dir/IntentTranslator.cpp.o
2026-09-27T15:54:31.3675593Z [ 22%] Building CXX object src/ndt_core/intent_translator/CMakeFiles/NdtCore_IntentTranslatorLib.dir/LLMAgent.cpp.o
2026-09-27T15:54:32.5549528Z [ 22%] Linking CXX static library ../../../lib/libNdtCore_ApplicationLib.a
2026-09-27T15:54:32.9182751Z [ 22%] Built target NdtCore_ApplicationLib
2026-09-27T15:54:32.9273024Z [ 23%] Building CXX object _deps/googletest-build/googletest/CMakeFiles/gtest.dir/src/gtest-all.cc.o
2026-09-27T15:54:35.6073164Z [ 24%] Linking CXX static library ../../../lib/libNdtCore_PowerManagementLib.a
2026-09-27T15:54:36.1012825Z [ 24%] Built target NdtCore_PowerManagementLib
2026-09-27T15:54:36.1132912Z [ 25%] Building CXX object src/ndt_core/http/CMakeFiles/NdtCore_HttpLib.dir/HttpSession.cpp.o
2026-09-27T15:54:40.4520286Z [ 25%] Linking CXX static library ../../../lib/libgtest.a
2026-09-27T15:54:40.6292846Z [ 25%] Built target gtest
2026-09-27T15:54:40.6323058Z [ 25%] Building CXX object src/ndt_core/http/CMakeFiles/NdtCore_HttpLib.dir/OpenflowCapacityReport.cpp.o
2026-09-27T15:54:46.5637111Z [ 25%] Building CXX object _deps/googletest-build/googlemock/CMakeFiles/gmock.dir/src/gmock-all.cc.o
2026-09-27T15:54:50.2592984Z [ 26%] Linking CXX static library ../../../lib/libgmock.a
2026-09-27T15:54:50.3942759Z [ 26%] Built target gmock
2026-09-27T15:54:50.4042987Z [ 27%] Building CXX object _deps/googletest-build/googletest/CMakeFiles/gtest_main.dir/src/gtest_main.cc.o
2026-09-27T15:54:52.0052954Z [ 28%] Linking CXX static library ../../../lib/libgtest_main.a
2026-09-27T15:54:52.1005603Z [ 28%] Built target gtest_main
2026-09-27T15:54:52.1099832Z [ 29%] Building CXX object _deps/googletest-build/googlemock/CMakeFiles/gmock_main.dir/src/gmock_main.cc.o
2026-09-27T15:54:52.1134241Z [ 30%] Building CXX object tests/CMakeFiles/test_update_hosts_race.dir/test_UpdateHostsRace.cpp.o
2026-09-27T15:54:54.1793225Z [ 31%] Linking CXX static library ../../../lib/libgmock_main.a
2026-09-27T15:54:54.3082933Z [ 31%] Built target gmock_main
2026-09-27T15:55:02.3572898Z [ 31%] Linking CXX static library ../../../lib/libNdtCore_IntentTranslatorLib.a
2026-09-27T15:55:02.9040669Z [ 31%] Built target NdtCore_IntentTranslatorLib
2026-09-27T15:55:06.8872616Z [ 32%] Linking CXX executable ../bin/test_update_hosts_race
2026-09-27T15:55:07.4400869Z [ 32%] Built target test_update_hosts_race
2026-09-27T15:55:09.3833556Z [ 33%] Linking CXX static library ../../../lib/libNdtCore_HttpLib.a
2026-09-27T15:55:09.7020520Z [ 33%] Built target NdtCore_HttpLib
2026-09-27T15:55:09.7095438Z [ 34%] Building CXX object CMakeFiles/ndtwin_kernel.dir/src/main.cpp.o
2026-09-27T15:55:09.7142246Z [ 34%] Building CXX object tests/CMakeFiles/test_routing_strategy.dir/test_LoggerEnvironment.cpp.o
2026-09-27T15:55:09.7145372Z [ 35%] Building CXX object tests/CMakeFiles/test_routing_strategy.dir/test_LoggerCliArgs.cpp.o
2026-09-27T15:55:09.7146802Z [ 36%] Building CXX object tests/CMakeFiles/test_routing_strategy.dir/test_RoutingStrategies.cpp.o
2026-09-27T15:55:19.6748685Z [ 37%] Building CXX object tests/CMakeFiles/test_routing_strategy.dir/test_EstimatedRates.cpp.o
2026-09-27T15:55:21.0943239Z [ 38%] Building CXX object tests/CMakeFiles/test_routing_strategy.dir/test_RateDenominator.cpp.o
2026-09-27T15:55:28.5892472Z [ 38%] Building CXX object tests/CMakeFiles/test_routing_strategy.dir/test_LeftBandwidthCapacity.cpp.o
2026-09-27T15:55:32.6226646Z [ 39%] Linking CXX executable bin/ndtwin_kernel
2026-09-27T15:55:35.8512817Z [ 39%] Built target ndtwin_kernel
2026-09-27T15:55:35.8542906Z [ 40%] Building CXX object tests/CMakeFiles/test_routing_strategy.dir/test_FlowPathRecomputeInterval.cpp.o
2026-09-27T15:55:38.9963246Z [ 41%] Building CXX object tests/CMakeFiles/test_routing_strategy.dir/test_SwitchKindDispatch.cpp.o
2026-09-27T15:55:41.6237033Z [ 42%] Building CXX object tests/CMakeFiles/test_routing_strategy.dir/test_SFlowParsing.cpp.o
2026-09-27T15:55:48.3064045Z [ 42%] Building CXX object tests/CMakeFiles/test_routing_strategy.dir/test_GoldenFixture.cpp.o
2026-09-27T15:55:54.8003240Z [ 43%] Building CXX object tests/CMakeFiles/test_routing_strategy.dir/test_SFlowEmitterRoundtrip.cpp.o
2026-09-27T15:55:59.2933080Z [ 44%] Building CXX object tests/CMakeFiles/test_routing_strategy.dir/test_FlowKeyFamilies.cpp.o
2026-09-27T15:56:02.6075807Z [ 45%] Building CXX object tests/CMakeFiles/test_routing_strategy.dir/test_ClassifierDropRule.cpp.o
2026-09-27T15:56:08.7447132Z [ 46%] Building CXX object tests/CMakeFiles/test_routing_strategy.dir/test_EventBus.cpp.o
2026-09-27T15:56:13.1498900Z [ 46%] Building CXX object tests/CMakeFiles/test_routing_strategy.dir/test_P4FlowStatsToClassifier.cpp.o
2026-09-27T15:56:15.2586048Z [ 47%] Building CXX object tests/CMakeFiles/test_routing_strategy.dir/test_OvsLiveness.cpp.o
2026-09-27T15:56:16.9074029Z [ 48%] Building CXX object tests/CMakeFiles/test_routing_strategy.dir/test_SyntheticPower.cpp.o
2026-09-27T15:56:21.6790175Z [ 49%] Building CXX object tests/CMakeFiles/test_routing_strategy.dir/test_SimulatedDeviceMetrics.cpp.o
2026-09-27T15:56:26.3996348Z [ 50%] Building CXX object tests/CMakeFiles/test_routing_strategy.dir/test_KeyedFailureLog.cpp.o
2026-09-27T15:56:29.6685159Z [ 50%] Building CXX object tests/CMakeFiles/test_routing_strategy.dir/test_IpToString.cpp.o
2026-09-27T15:56:34.2643363Z [ 51%] Building CXX object tests/CMakeFiles/test_routing_strategy.dir/test_FlowDispatcher.cpp.o
2026-09-27T15:56:35.7530607Z [ 52%] Building CXX object tests/CMakeFiles/test_routing_strategy.dir/test_DispatchOutcomeLog.cpp.o
2026-09-27T15:56:39.8443167Z [ 53%] Building CXX object tests/CMakeFiles/test_routing_strategy.dir/test_PendingEntryFilter.cpp.o
2026-09-27T15:56:42.0683206Z [ 53%] Building CXX object tests/CMakeFiles/test_routing_strategy.dir/test_Controller.cpp.o
2026-09-27T15:56:42.8563390Z [ 54%] Building CXX object tests/CMakeFiles/test_routing_strategy.dir/test_ParamParsing.cpp.o
2026-09-27T15:56:45.1096747Z [ 55%] Building CXX object tests/CMakeFiles/test_routing_strategy.dir/test_ExecArgv.cpp.o
2026-09-27T15:56:47.6757041Z [ 56%] Building CXX object tests/CMakeFiles/test_routing_strategy.dir/test_SimulationRequestValidation.cpp.o
2026-09-27T15:56:56.7979303Z [ 57%] Building CXX object tests/CMakeFiles/test_routing_strategy.dir/test_OvsPowerStrategy.cpp.o
2026-09-27T15:56:58.1913004Z [ 57%] Building CXX object tests/CMakeFiles/test_routing_strategy.dir/test_P4PowerStrategy.cpp.o
2026-09-27T15:57:00.4112974Z [ 58%] Building CXX object tests/CMakeFiles/test_routing_strategy.dir/test_P4Liveness.cpp.o
2026-09-27T15:57:05.7322154Z [ 59%] Building CXX object tests/CMakeFiles/test_routing_strategy.dir/test_RelayResponse.cpp.o
2026-09-27T15:57:17.5283107Z [ 60%] Building CXX object tests/CMakeFiles/test_routing_strategy.dir/test_RequestDeadlines.cpp.o
2026-09-27T15:57:17.8853391Z [ 61%] Building CXX object tests/CMakeFiles/test_routing_strategy.dir/test_FlowTableCacheOptionalFields.cpp.o
2026-09-27T15:57:20.6930167Z [ 61%] Building CXX object tests/CMakeFiles/test_routing_strategy.dir/test_ReverseEdgeLookup.cpp.o
2026-09-27T15:57:24.3363114Z [ 62%] Building CXX object tests/CMakeFiles/test_routing_strategy.dir/test_LastHopAttribution.cpp.o
2026-09-27T15:57:36.2543236Z [ 63%] Building CXX object tests/CMakeFiles/test_routing_strategy.dir/test_AllDestinationPaths.cpp.o
2026-09-27T15:57:38.3683197Z [ 64%] Building CXX object tests/CMakeFiles/test_routing_strategy.dir/test_HttpSessionRouting.cpp.o
2026-09-27T15:57:41.1833455Z [ 64%] Building CXX object tests/CMakeFiles/test_routing_strategy.dir/test_LLMResponseParsing.cpp.o
2026-09-27T15:57:44.9023464Z [ 65%] Building CXX object tests/CMakeFiles/test_routing_strategy.dir/test_LockManager.cpp.o
2026-09-27T15:57:55.2043324Z [ 66%] Building CXX object tests/CMakeFiles/test_routing_strategy.dir/test_LockLeaseExpiry.cpp.o
2026-09-27T15:57:55.8391479Z [ 67%] Building CXX object tests/CMakeFiles/test_routing_strategy.dir/test_LockOwnership.cpp.o
2026-09-27T15:57:58.8813620Z [ 68%] Building CXX object tests/CMakeFiles/test_routing_strategy.dir/test_ClassifierActionForms.cpp.o
2026-09-27T15:58:04.5753117Z [ 68%] Building CXX object tests/CMakeFiles/test_routing_strategy.dir/test_FlowStatsTimeout.cpp.o
2026-09-27T15:58:06.2443166Z [ 69%] Building CXX object tests/CMakeFiles/test_routing_strategy.dir/test_StaleTableCarryForward.cpp.o
2026-09-27T15:58:07.0523200Z [ 70%] Building CXX object tests/CMakeFiles/test_routing_strategy.dir/test_FlowTableConcurrency.cpp.o
2026-09-27T15:58:07.5863661Z [ 71%] Building CXX object tests/CMakeFiles/test_routing_strategy.dir/test_TopKFlowInfoLocking.cpp.o
2026-09-27T15:58:23.9733159Z [ 72%] Building CXX object tests/CMakeFiles/test_routing_strategy.dir/test_FlowLiveness.cpp.o
2026-09-27T15:58:27.2363249Z [ 72%] Building CXX object tests/CMakeFiles/test_routing_strategy.dir/test_FlowBatchPartition.cpp.o
2026-09-27T15:58:28.1090448Z [ 73%] Building CXX object tests/CMakeFiles/test_routing_strategy.dir/test_TopologyAndFlowMonitor.cpp.o
2026-09-27T15:58:28.4560580Z [ 74%] Building CXX object tests/CMakeFiles/test_routing_strategy.dir/test_TopologyAndFlowMonitor_mininet.cpp.o
2026-09-27T15:58:32.3393346Z [ 75%] Building CXX object tests/CMakeFiles/test_routing_strategy.dir/test_TopologyPollRound.cpp.o
2026-09-27T15:58:44.9223090Z [ 76%] Building CXX object tests/CMakeFiles/test_routing_strategy.dir/test_AdministrativeDisable.cpp.o
2026-09-27T15:58:47.8116247Z [ 76%] Building CXX object tests/CMakeFiles/test_routing_strategy.dir/test_AdminDisableConsumers.cpp.o
2026-09-27T15:58:48.3895615Z [ 77%] Building CXX object tests/CMakeFiles/test_routing_strategy.dir/test_OptimisticTopologyReporting.cpp.o
2026-09-27T15:58:53.0123260Z [ 78%] Building CXX object tests/CMakeFiles/test_routing_strategy.dir/test_ApiKeyNotLogged.cpp.o
2026-09-27T15:59:05.6087084Z [ 79%] Building CXX object tests/CMakeFiles/test_routing_strategy.dir/test_IntentTaskOutcomes.cpp.o
2026-09-27T15:59:07.8303362Z [ 79%] Building CXX object tests/CMakeFiles/test_routing_strategy.dir/test_HttpSessionStatusCodes.cpp.o
2026-09-27T15:59:08.5443501Z [ 80%] Building CXX object tests/CMakeFiles/test_routing_strategy.dir/test_GroupMeterExistence.cpp.o
2026-09-27T15:59:13.9215232Z [ 81%] Building CXX object tests/CMakeFiles/test_routing_strategy.dir/test_HistoricalLogging.cpp.o
2026-09-27T15:59:29.3483288Z [ 82%] Building CXX object tests/CMakeFiles/test_routing_strategy.dir/test_CommandFailure.cpp.o
2026-09-27T15:59:31.3783121Z [ 83%] Building CXX object tests/CMakeFiles/test_routing_strategy.dir/test_TopologyUrlAndPathJson.cpp.o
2026-09-27T15:59:32.2533247Z [ 83%] Building CXX object tests/CMakeFiles/test_routing_strategy.dir/test_SmartPlugFields.cpp.o
2026-09-27T15:59:32.5302967Z [ 84%] Building CXX object tests/CMakeFiles/test_routing_strategy.dir/test_PathNodeParsing.cpp.o
2026-09-27T15:59:37.0817900Z [ 85%] Building CXX object tests/CMakeFiles/test_routing_strategy.dir/test_ApplicationManager.cpp.o
2026-09-27T15:59:50.2395095Z [ 86%] Building CXX object tests/CMakeFiles/test_routing_strategy.dir/test_PowerManagerShutdown.cpp.o
2026-09-27T15:59:52.0423088Z [ 87%] Building CXX object tests/CMakeFiles/test_routing_strategy.dir/test_DataPlaneKindOrdering.cpp.o
2026-09-27T15:59:52.4493226Z [ 87%] Building CXX object tests/CMakeFiles/test_routing_strategy.dir/test_TelemetryHealth.cpp.o
2026-09-27T15:59:52.7233046Z [ 88%] Building CXX object tests/CMakeFiles/test_routing_strategy.dir/test_CloseOnExecSockets.cpp.o
2026-09-27T16:00:09.3183195Z [ 89%] Building CXX object tests/CMakeFiles/test_routing_strategy.dir/test_PollDoesNotResurrect.cpp.o
2026-09-27T16:00:10.7383345Z [ 90%] Building CXX object tests/CMakeFiles/test_routing_strategy.dir/test_TopologyInputValidation.cpp.o
2026-09-27T16:00:11.3753215Z [ 90%] Building CXX object tests/CMakeFiles/test_routing_strategy.dir/test_RefusedIsNotTimeout.cpp.o
2026-09-27T16:00:12.8854710Z [ 91%] Building CXX object tests/CMakeFiles/test_routing_strategy.dir/test_KernelStopIsBounded.cpp.o
2026-09-27T16:00:16.8203243Z [ 92%] Building CXX object tests/CMakeFiles/test_routing_strategy.dir/test_IsUpSplit.cpp.o
2026-09-27T16:00:31.9569333Z [ 93%] Building CXX object tests/CMakeFiles/test_routing_strategy.dir/test_CpuReportNoIpSwitch.cpp.o
2026-09-27T16:00:33.8767393Z [ 94%] Building CXX object tests/CMakeFiles/test_routing_strategy.dir/test_PhantomFilterCoversOvs.cpp.o
2026-09-27T16:00:35.1913321Z [ 94%] Building CXX object tests/CMakeFiles/test_routing_strategy.dir/test_NicknameOverlay.cpp.o
2026-09-27T16:00:39.5863145Z [ 95%] Building CXX object tests/CMakeFiles/test_routing_strategy.dir/test_AddresslessNodeReplies.cpp.o
2026-09-27T16:00:53.6073318Z [ 96%] Building CXX object tests/CMakeFiles/test_routing_strategy.dir/test_AddresslessAttachmentSwitch.cpp.o
2026-09-27T16:00:56.7062988Z [ 97%] Building CXX object tests/CMakeFiles/test_routing_strategy.dir/test_NetemLinkFault.cpp.o
2026-09-27T16:00:56.9473364Z [ 98%] Building CXX object tests/CMakeFiles/test_routing_strategy.dir/test_ExemptSwitchIsNotDialled.cpp.o
2026-09-27T16:01:06.4033422Z [ 98%] Building CXX object tests/CMakeFiles/test_routing_strategy.dir/test_OpenflowCapacityReport.cpp.o
2026-09-27T16:01:13.8897465Z [ 99%] Building CXX object tests/CMakeFiles/test_routing_strategy.dir/test_TopologyLoadedModelReported.cpp.o
2026-09-27T16:01:31.7604701Z [100%] Linking CXX executable ../bin/test_routing_strategy
2026-09-27T16:01:39.5885018Z [100%] Built target test_routing_strategy
2026-09-27T16:01:39.6059150Z ##[group]Run ./build/bin/test_routing_strategy
2026-09-27T16:01:39.6059549Z [36;1m./build/bin/test_routing_strategy[0m
2026-09-27T16:01:39.6124301Z shell: /usr/bin/bash -e {0}
2026-09-27T16:01:39.6124573Z env:
2026-09-27T16:01:39.6124981Z   APT_PACKAGES: g++ cmake ninja-build libboost-system-dev libboost-url-dev libssl-dev libssh-dev
2026-09-27T16:01:39.6125452Z ##[endgroup]
2026-09-27T16:01:39.6321488Z Running main() from /home/runner/work/NDTwin-Kernel-P4/NDTwin-Kernel-P4/build/_deps/googletest-src/googletest/src/gtest_main.cc
2026-09-27T16:01:39.6323229Z [==========] Running 1366 tests from 156 test suites.
2026-09-27T16:01:39.6323904Z [----------] Global test environment set-up.
2026-09-27T16:01:39.6324614Z [----------] 12 tests from LoggerCliArgsDeathTest
2026-09-27T16:01:39.6325793Z [ RUN      ] LoggerCliArgsDeathTest.AMistypedLevelIsRefusedRatherThanSilentlyDisablingLogging
2026-09-27T16:01:39.6428411Z Running main() from /home/runner/work/NDTwin-Kernel-P4/NDTwin-Kernel-P4/build/_deps/googletest-src/googletest/src/gtest_main.cc
2026-09-27T16:01:39.6444837Z [       OK ] LoggerCliArgsDeathTest.AMistypedLevelIsRefusedRatherThanSilentlyDisablingLogging (12 ms)
2026-09-27T16:01:39.6445711Z [ RUN      ] LoggerCliArgsDeathTest.LogfileWithNoPathIsRefusedRatherThanDefaulted
2026-09-27T16:01:39.6550680Z Running main() from /home/runner/work/NDTwin-Kernel-P4/NDTwin-Kernel-P4/build/_deps/googletest-src/googletest/src/gtest_main.cc
2026-09-27T16:01:39.6567286Z [       OK ] LoggerCliArgsDeathTest.LogfileWithNoPathIsRefusedRatherThanDefaulted (12 ms)
2026-09-27T16:01:39.6568144Z [ RUN      ] LoggerCliArgsDeathTest.LogfileFollowedByAnotherOptionIsRefused
2026-09-27T16:01:39.6674598Z Running main() from /home/runner/work/NDTwin-Kernel-P4/NDTwin-Kernel-P4/build/_deps/googletest-src/googletest/src/gtest_main.cc
2026-09-27T16:01:39.6690646Z [       OK ] LoggerCliArgsDeathTest.LogfileFollowedByAnotherOptionIsRefused (12 ms)
2026-09-27T16:01:39.6691539Z [ RUN      ] LoggerCliArgsDeathTest.LoglevelWithNoValueIsRefusedRatherThanIgnored
2026-09-27T16:01:39.6797531Z Running main() from /home/runner/work/NDTwin-Kernel-P4/NDTwin-Kernel-P4/build/_deps/googletest-src/googletest/src/gtest_main.cc
2026-09-27T16:01:39.6814593Z [       OK ] LoggerCliArgsDeathTest.LoglevelWithNoValueIsRefusedRatherThanIgnored (12 ms)
2026-09-27T16:01:39.6815295Z [ RUN      ] LoggerCliArgsDeathTest.LoglevelFollowedByAnotherOptionIsRefused
2026-09-27T16:01:39.6918374Z Running main() from /home/runner/work/NDTwin-Kernel-P4/NDTwin-Kernel-P4/build/_deps/googletest-src/googletest/src/gtest_main.cc
2026-09-27T16:01:39.6934548Z [       OK ] LoggerCliArgsDeathTest.LoglevelFollowedByAnotherOptionIsRefused (12 ms)
2026-09-27T16:01:39.6935338Z [ RUN      ] LoggerCliArgsDeathTest.AnUnknownOptionIsRefusedRatherThanSilentlyIgnored
2026-09-27T16:01:39.7039319Z Running main() from /home/runner/work/NDTwin-Kernel-P4/NDTwin-Kernel-P4/build/_deps/googletest-src/googletest/src/gtest_main.cc
2026-09-27T16:01:39.7055879Z [       OK ] LoggerCliArgsDeathTest.AnUnknownOptionIsRefusedRatherThanSilentlyIgnored (12 ms)
2026-09-27T16:01:39.7056821Z [ RUN      ] LoggerCliArgsDeathTest.TheRefusalNamesTheOptionsThatWouldHaveBeenAccepted
2026-09-27T16:01:39.7161158Z Running main() from /home/runner/work/NDTwin-Kernel-P4/NDTwin-Kernel-P4/build/_deps/googletest-src/googletest/src/gtest_main.cc
2026-09-27T16:01:39.7177658Z [       OK ] LoggerCliArgsDeathTest.TheRefusalNamesTheOptionsThatWouldHaveBeenAccepted (12 ms)
2026-09-27T16:01:39.7178434Z [ RUN      ] LoggerCliArgsDeathTest.AMistypedShortOptionIsRefusedToo
2026-09-27T16:01:39.7284639Z Running main() from /home/runner/work/NDTwin-Kernel-P4/NDTwin-Kernel-P4/build/_deps/googletest-src/googletest/src/gtest_main.cc
2026-09-27T16:01:39.7301890Z [       OK ] LoggerCliArgsDeathTest.AMistypedShortOptionIsRefusedToo (12 ms)
2026-09-27T16:01:39.7303116Z [ RUN      ] LoggerCliArgsDeathTest.TheEqualsFormIsRefusedBecauseNeitherParserHonoursIt
2026-09-27T16:01:39.7409652Z Running main() from /home/runner/work/NDTwin-Kernel-P4/NDTwin-Kernel-P4/build/_deps/googletest-src/googletest/src/gtest_main.cc
2026-09-27T16:01:39.7426562Z [       OK ] LoggerCliArgsDeathTest.TheEqualsFormIsRefusedBecauseNeitherParserHonoursIt (12 ms)
2026-09-27T16:01:39.7427552Z [ RUN      ] LoggerCliArgsDeathTest.AFlagTheCallerDidNotDeclareIsUnknownEvenThoughTheKernelOwnsIt
2026-09-27T16:01:39.7532668Z Running main() from /home/runner/work/NDTwin-Kernel-P4/NDTwin-Kernel-P4/build/_deps/googletest-src/googletest/src/gtest_main.cc
2026-09-27T16:01:39.7549475Z [       OK ] LoggerCliArgsDeathTest.AFlagTheCallerDidNotDeclareIsUnknownEvenThoughTheKernelOwnsIt (12 ms)
2026-09-27T16:01:39.7550535Z [ RUN      ] LoggerCliArgsDeathTest.TheHelpBranchOfTheLoggingParserRunsAndPrintsTheOptionBlock
2026-09-27T16:01:39.7664705Z Running main() from /home/runner/work/NDTwin-Kernel-P4/NDTwin-Kernel-P4/build/_deps/googletest-src/googletest/src/gtest_main.cc
2026-09-27T16:01:39.7672521Z [       OK ] LoggerCliArgsDeathTest.TheHelpBranchOfTheLoggingParserRunsAndPrintsTheOptionBlock (12 ms)
2026-09-27T16:01:39.7673466Z [ RUN      ] LoggerCliArgsDeathTest.TheShortHelpBranchRunsToo
2026-09-27T16:01:39.7787757Z Running main() from /home/runner/work/NDTwin-Kernel-P4/NDTwin-Kernel-P4/build/_deps/googletest-src/googletest/src/gtest_main.cc
2026-09-27T16:01:39.7795177Z [       OK ] LoggerCliArgsDeathTest.TheShortHelpBranchRunsToo (12 ms)
2026-09-27T16:01:39.7796027Z [----------] 12 tests from LoggerCliArgsDeathTest (147 ms total)
2026-09-27T16:01:39.7796683Z 
2026-09-27T16:01:39.7796848Z [----------] 1 test from LoggerFileSinkDeathTest
2026-09-27T16:01:39.7797436Z [ RUN      ] LoggerFileSinkDeathTest.ALogFileThatCannotBeOpenedEndsTheRun
2026-09-27T16:01:39.8409926Z Running main() from /home/runner/work/NDTwin-Kernel-P4/NDTwin-Kernel-P4/build/_deps/googletest-src/googletest/src/gtest_main.cc
2026-09-27T16:01:39.8427362Z [       OK ] LoggerFileSinkDeathTest.ALogFileThatCannotBeOpenedEndsTheRun (63 ms)
2026-09-27T16:01:39.8427969Z [----------] 1 test from LoggerFileSinkDeathTest (63 ms total)
2026-09-27T16:01:39.8428261Z 
2026-09-27T16:01:39.8428513Z [----------] 3 tests from PowerManagerShutdownDeathTest
2026-09-27T16:01:39.8429462Z [ RUN      ] PowerManagerShutdownDeathTest.DestroyingAJoinableThreadIsVisibleToThisHarness
2026-09-27T16:01:39.9852895Z [       OK ] PowerManagerShutdownDeathTest.DestroyingAJoinableThreadIsVisibleToThisHarness (139 ms)
2026-09-27T16:01:39.9854746Z [ RUN      ] PowerManagerShutdownDeathTest.AStoppedManagerIsDestroyedWithoutAborting
2026-09-27T16:01:40.0052048Z Running main() from /home/runner/work/NDTwin-Kernel-P4/NDTwin-Kernel-P4/build/_deps/googletest-src/googletest/src/gtest_main.cc
2026-09-27T16:01:40.0053643Z [       OK ] PowerManagerShutdownDeathTest.AStoppedManagerIsDestroyedWithoutAborting (21 ms)
2026-09-27T16:01:40.0075360Z [ RUN      ] PowerManagerShutdownDeathTest.AManagerNeverStoppedIsDestroyedWithoutAborting
2026-09-27T16:01:40.0191520Z Running main() from /home/runner/work/NDTwin-Kernel-P4/NDTwin-Kernel-P4/build/_deps/googletest-src/googletest/src/gtest_main.cc
2026-09-27T16:01:40.0202506Z [       OK ] PowerManagerShutdownDeathTest.AManagerNeverStoppedIsDestroyedWithoutAborting (16 ms)
2026-09-27T16:01:40.0204027Z [----------] 3 tests from PowerManagerShutdownDeathTest (177 ms total)
2026-09-27T16:01:40.0204821Z 
2026-09-27T16:01:40.0205291Z [----------] 14 tests from LoggerCliArgsTest
2026-09-27T16:01:40.0206427Z [ RUN      ] LoggerCliArgsTest.LogfileConsumesThePathThatFollowsIt
2026-09-27T16:01:40.0207369Z [       OK ] LoggerCliArgsTest.LogfileConsumesThePathThatFollowsIt (0 ms)
2026-09-27T16:01:40.0208050Z [ RUN      ] LoggerCliArgsTest.TheShortFormConsumesAPathToo
2026-09-27T16:01:40.0208735Z [       OK ] LoggerCliArgsTest.TheShortFormConsumesAPathToo (0 ms)
2026-09-27T16:01:40.0209712Z [ RUN      ] LoggerCliArgsTest.TheOptionAfterTheLogfilePathIsStillParsed
2026-09-27T16:01:40.0210991Z [       OK ] LoggerCliArgsTest.TheOptionAfterTheLogfilePathIsStillParsed (0 ms)
2026-09-27T16:01:40.0212645Z [ RUN      ] LoggerCliArgsTest.LoglevelStillTakesItsValue
2026-09-27T16:01:40.0213954Z [       OK ] LoggerCliArgsTest.LoglevelStillTakesItsValue (0 ms)
2026-09-27T16:01:40.0215075Z [ RUN      ] LoggerCliArgsTest.WithoutTheFlagNoFileIsRequestedAtAll
2026-09-27T16:01:40.0216214Z [       OK ] LoggerCliArgsTest.WithoutTheFlagNoFileIsRequestedAtAll (0 ms)
2026-09-27T16:01:40.0217430Z [ RUN      ] LoggerCliArgsTest.ATopologyPathIsNotMistakenForALogPath
2026-09-27T16:01:40.0218657Z [       OK ] LoggerCliArgsTest.ATopologyPathIsNotMistakenForALogPath (0 ms)
2026-09-27T16:01:40.0219926Z [ RUN      ] LoggerCliArgsTest.EveryLevelNameTheHelpAdvertisesIsAccepted
2026-09-27T16:01:40.0221177Z [       OK ] LoggerCliArgsTest.EveryLevelNameTheHelpAdvertisesIsAccepted (0 ms)
2026-09-27T16:01:40.0222741Z [ RUN      ] LoggerCliArgsTest.AskingForOffIsARequestAndNotATypo
2026-09-27T16:01:40.0223864Z [       OK ] LoggerCliArgsTest.AskingForOffIsARequestAndNotATypo (0 ms)
2026-09-27T16:01:40.0225098Z [ RUN      ] LoggerCliArgsTest.EveryFlagTheLoggingParserOwnsSurvivesTheCheck
2026-09-27T16:01:40.0226499Z [       OK ] LoggerCliArgsTest.EveryFlagTheLoggingParserOwnsSurvivesTheCheck (0 ms)
2026-09-27T16:01:40.0227890Z [ RUN      ] LoggerCliArgsTest.EveryFlagTheCallerDeclaresSurvivesTheCheck
2026-09-27T16:01:40.0229139Z [       OK ] LoggerCliArgsTest.EveryFlagTheCallerDeclaresSurvivesTheCheck (0 ms)
2026-09-27T16:01:40.0230467Z [ RUN      ] LoggerCliArgsTest.ACommandLineUsingBothParsersFlagsIsAccepted
2026-09-27T16:01:40.0232506Z [       OK ] LoggerCliArgsTest.ACommandLineUsingBothParsersFlagsIsAccepted (0 ms)
2026-09-27T16:01:40.0233858Z [ RUN      ] LoggerCliArgsTest.TheValueOfAValueTakingFlagIsNotScannedAsAnOption
2026-09-27T16:01:40.0235275Z [       OK ] LoggerCliArgsTest.TheValueOfAValueTakingFlagIsNotScannedAsAnOption (0 ms)
2026-09-27T16:01:40.0236616Z [ RUN      ] LoggerCliArgsTest.APositionalAndABareDashAreNotOptions
2026-09-27T16:01:40.0237815Z [       OK ] LoggerCliArgsTest.APositionalAndABareDashAreNotOptions (0 ms)
2026-09-27T16:01:40.0239146Z [ RUN      ] LoggerCliArgsTest.EveryValueTakingFlagInTheTableIsHonouredByTheParser
2026-09-27T16:01:40.0240628Z [       OK ] LoggerCliArgsTest.EveryValueTakingFlagInTheTableIsHonouredByTheParser (0 ms)
2026-09-27T16:01:40.0242225Z [----------] 14 tests from LoggerCliArgsTest (0 ms total)
2026-09-27T16:01:40.0242877Z 
2026-09-27T16:01:40.0243274Z [----------] 2 tests from LoggerFileSinkTest
2026-09-27T16:01:40.0244319Z [ RUN      ] LoggerFileSinkTest.InitWritesToThePathTheConfigNamesAndToNoOther
2026-09-27T16:01:40.0246405Z [2026-09-27 16:01:40.021] [info] [[94mtest_LoggerCliArgs.cpp[0m:[95m481[0m [96mTestBody[0m] MARKER-ndtwin-logfile-takes-a-path
2026-09-27T16:01:40.0247994Z [       OK ] LoggerFileSinkTest.InitWritesToThePathTheConfigNamesAndToNoOther (1 ms)
2026-09-27T16:01:40.0249122Z [ RUN      ] LoggerFileSinkTest.AnEmptyPathOpensNoFile
2026-09-27T16:01:40.0250616Z [2026-09-27 16:01:40.021] [info] [[94mtest_LoggerCliArgs.cpp[0m:[95m501[0m [96mTestBody[0m] MARKER-no-file-was-requested
2026-09-27T16:01:40.0252496Z [       OK ] LoggerFileSinkTest.AnEmptyPathOpensNoFile (0 ms)
2026-09-27T16:01:40.0253577Z [----------] 2 tests from LoggerFileSinkTest (1 ms total)
2026-09-27T16:01:40.0253969Z 
2026-09-27T16:01:40.0254162Z [----------] 4 tests from LoggerUsageTextTest
2026-09-27T16:01:40.0254797Z [ RUN      ] LoggerUsageTextTest.TheUsageShowsLogfileTakingAPath
2026-09-27T16:01:40.0255444Z [       OK ] LoggerUsageTextTest.TheUsageShowsLogfileTakingAPath (0 ms)
2026-09-27T16:01:40.0255998Z [ RUN      ] LoggerUsageTextTest.TheUsageNoLongerPromisesAHardCodedFilename
2026-09-27T16:01:40.0256579Z [       OK ] LoggerUsageTextTest.TheUsageNoLongerPromisesAHardCodedFilename (0 ms)
2026-09-27T16:01:40.0257114Z [ RUN      ] LoggerUsageTextTest.TheUsageShowsLoglevelTakingAValue
2026-09-27T16:01:40.0257591Z [       OK ] LoggerUsageTextTest.TheUsageShowsLoglevelTakingAValue (0 ms)
2026-09-27T16:01:40.0258185Z [ RUN      ] LoggerUsageTextTest.EveryLevelNameTheUsageActuallyPrintsIsAcceptedByTheParser
2026-09-27T16:01:40.0259167Z [       OK ] LoggerUsageTextTest.EveryLevelNameTheUsageActuallyPrintsIsAcceptedByTheParser (0 ms)
2026-09-27T16:01:40.0259731Z [----------] 4 tests from LoggerUsageTextTest (0 ms total)
2026-09-27T16:01:40.0259955Z 
2026-09-27T16:01:40.0260075Z [----------] 24 tests from RoutingStrategyFixture
2026-09-27T16:01:40.0260448Z [ RUN      ] RoutingStrategyFixture.InstallTargetsTheRyuAddRoute
2026-09-27T16:01:40.0260910Z [       OK ] RoutingStrategyFixture.InstallTargetsTheRyuAddRoute (0 ms)
2026-09-27T16:01:40.0261506Z [ RUN      ] RoutingStrategyFixture.EveryRequestAsksForTheStatusCodeAndBoundsItsTime
2026-09-27T16:01:40.0262847Z [       OK ] RoutingStrategyFixture.EveryRequestAsksForTheStatusCodeAndBoundsItsTime (0 ms)
2026-09-27T16:01:40.0263535Z [ RUN      ] RoutingStrategyFixture.DeleteWithoutPriorityUsesTheNonStrictRoute
2026-09-27T16:01:40.0264129Z [       OK ] RoutingStrategyFixture.DeleteWithoutPriorityUsesTheNonStrictRoute (0 ms)
2026-09-27T16:01:40.0264684Z [ RUN      ] RoutingStrategyFixture.DeleteWithPriorityUsesTheStrictRoute
2026-09-27T16:01:40.0265221Z [       OK ] RoutingStrategyFixture.DeleteWithPriorityUsesTheStrictRoute (0 ms)
2026-09-27T16:01:40.0265869Z [ RUN      ] RoutingStrategyFixture.ModifyWithPriorityUsesTheStrictRouteSoItCanOnlyHitThatEntry
2026-09-27T16:01:40.0266638Z [       OK ] RoutingStrategyFixture.ModifyWithPriorityUsesTheStrictRouteSoItCanOnlyHitThatEntry (0 ms)
2026-09-27T16:01:40.0267338Z [ RUN      ] RoutingStrategyFixture.ModifyWithoutAPriorityStaysOnTheNonStrictRoute
2026-09-27T16:01:40.0268132Z [       OK ] RoutingStrategyFixture.ModifyWithoutAPriorityStaysOnTheNonStrictRoute (0 ms)
2026-09-27T16:01:40.0268801Z [ RUN      ] RoutingStrategyFixture.ModifyOnTheP4ProxyKeepsTheRouteTheProxyActuallyServes
2026-09-27T16:01:40.0269507Z [       OK ] RoutingStrategyFixture.ModifyOnTheP4ProxyKeepsTheRouteTheProxyActuallyServes (0 ms)
2026-09-27T16:01:40.0270152Z [ RUN      ] RoutingStrategyFixture.ModifyAndDeleteAgreeOnWhatAPriorityMeans
2026-09-27T16:01:40.0270735Z [       OK ] RoutingStrategyFixture.ModifyAndDeleteAgreeOnWhatAPriorityMeans (0 ms)
2026-09-27T16:01:40.0271301Z [ RUN      ] RoutingStrategyFixture.IdleTimeoutIsOmittedForBothSentinels
2026-09-27T16:01:40.0272220Z [       OK ] RoutingStrategyFixture.IdleTimeoutIsOmittedForBothSentinels (0 ms)
2026-09-27T16:01:40.0272753Z [ RUN      ] RoutingStrategyFixture.P4StrategyTargetsTheProxyNotRyu
2026-09-27T16:01:40.0273251Z [       OK ] RoutingStrategyFixture.P4StrategyTargetsTheProxyNotRyu (0 ms)
2026-09-27T16:01:40.0273769Z [ RUN      ] RoutingStrategyFixture.ReportsFailureWhenNothingAnswers
2026-09-27T16:01:40.0274264Z [       OK ] RoutingStrategyFixture.ReportsFailureWhenNothingAnswers (0 ms)
2026-09-27T16:01:40.0274759Z [ RUN      ] RoutingStrategyFixture.ReportsFailureOnHttpErrorStatus
2026-09-27T16:01:40.0275234Z [       OK ] RoutingStrategyFixture.ReportsFailureOnHttpErrorStatus (0 ms)
2026-09-27T16:01:40.0275714Z [ RUN      ] RoutingStrategyFixture.TreatsAnErrorBodyInA200AsFailure
2026-09-27T16:01:40.0276208Z [       OK ] RoutingStrategyFixture.TreatsAnErrorBodyInA200AsFailure (0 ms)
2026-09-27T16:01:40.0276703Z [ RUN      ] RoutingStrategyFixture.AcceptsASuccessBodyAndANonJsonBody
2026-09-27T16:01:40.0277216Z [       OK ] RoutingStrategyFixture.AcceptsASuccessBodyAndANonJsonBody (0 ms)
2026-09-27T16:01:40.0277710Z [ RUN      ] RoutingStrategyFixture.HandlesOutputWithNoStatusLine
2026-09-27T16:01:40.0278171Z [       OK ] RoutingStrategyFixture.HandlesOutputWithNoStatusLine (0 ms)
2026-09-27T16:01:40.0278772Z [ RUN      ] RoutingStrategyFixture.AQuoteInAMatchValueIsSentAsDataAndDoesNotBreakTheRequest
2026-09-27T16:01:40.0279512Z [       OK ] RoutingStrategyFixture.AQuoteInAMatchValueIsSentAsDataAndDoesNotBreakTheRequest (0 ms)
2026-09-27T16:01:40.0280656Z [ RUN      ] RoutingStrategyFixture.ARequestThatNeverRanDoesNotAccuseTheController
2026-09-27T16:01:40.0282192Z [       OK ] RoutingStrategyFixture.ARequestThatNeverRanDoesNotAccuseTheController (0 ms)
2026-09-27T16:01:40.0283414Z [ RUN      ] RoutingStrategyFixture.P4RefusesGroupAndMeterEntriesWithoutSendingAnything
2026-09-27T16:01:40.0284664Z [       OK ] RoutingStrategyFixture.P4RefusesGroupAndMeterEntriesWithoutSendingAnything (0 ms)
2026-09-27T16:01:40.0285327Z [ RUN      ] RoutingStrategyFixture.OpenFlowStillSupportsGroupAndMeterEntries
2026-09-27T16:01:40.0285918Z [       OK ] RoutingStrategyFixture.OpenFlowStillSupportsGroupAndMeterEntries (0 ms)
2026-09-27T16:01:40.0286457Z [ RUN      ] RoutingStrategyFixture.StrategiesNameThemselvesForLogs
2026-09-27T16:01:40.0286948Z [       OK ] RoutingStrategyFixture.StrategiesNameThemselvesForLogs (0 ms)
2026-09-27T16:01:40.0287457Z [ RUN      ] RoutingStrategyFixture.AProxyRefusalIsAVerdictAboutTheSwitch
2026-09-27T16:01:40.0287999Z [       OK ] RoutingStrategyFixture.AProxyRefusalIsAVerdictAboutTheSwitch (0 ms)
2026-09-27T16:01:40.0288577Z [ RUN      ] RoutingStrategyFixture.AProxyErrorStatusIsAlsoAVerdictAboutTheSwitch
2026-09-27T16:01:40.0289198Z [       OK ] RoutingStrategyFixture.AProxyErrorStatusIsAlsoAVerdictAboutTheSwitch (0 ms)
2026-09-27T16:01:40.0289802Z [ RUN      ] RoutingStrategyFixture.ARyuRejectionIsNotAVerdictAboutTheSwitch
2026-09-27T16:01:40.0290368Z [       OK ] RoutingStrategyFixture.ARyuRejectionIsNotAVerdictAboutTheSwitch (0 ms)
2026-09-27T16:01:40.0290953Z [ RUN      ] RoutingStrategyFixture.AnUnansweredRequestIsNoVerdictOnEitherPlane
2026-09-27T16:01:40.0291546Z [       OK ] RoutingStrategyFixture.AnUnansweredRequestIsNoVerdictOnEitherPlane (0 ms)
2026-09-27T16:01:40.0292569Z [----------] 24 tests from RoutingStrategyFixture (2 ms total)
2026-09-27T16:01:40.0292810Z 
2026-09-27T16:01:40.0292936Z [----------] 8 tests from ComputeEstimatedRatesTest
2026-09-27T16:01:40.0293406Z [ RUN      ] ComputeEstimatedRatesTest.ZeroHopsReportsNoActiveHopsInsteadOfDividing
2026-09-27T16:01:40.0294057Z [       OK ] ComputeEstimatedRatesTest.ZeroHopsReportsNoActiveHopsInsteadOfDividing (0 ms)
2026-09-27T16:01:40.0294659Z [ RUN      ] ComputeEstimatedRatesTest.NegativeHopsIsTreatedAsNoActiveHops
2026-09-27T16:01:40.0295224Z [       OK ] ComputeEstimatedRatesTest.NegativeHopsIsTreatedAsNoActiveHops (0 ms)
2026-09-27T16:01:40.0295813Z [ RUN      ] ComputeEstimatedRatesTest.SingleHopReturnsAccumulatedTotalsUnchanged
2026-09-27T16:01:40.0296433Z [       OK ] ComputeEstimatedRatesTest.SingleHopReturnsAccumulatedTotalsUnchanged (0 ms)
2026-09-27T16:01:40.0297034Z [ RUN      ] ComputeEstimatedRatesTest.AveragesAcrossHopsThatObservedTraffic
2026-09-27T16:01:40.0297601Z [       OK ] ComputeEstimatedRatesTest.AveragesAcrossHopsThatObservedTraffic (0 ms)
2026-09-27T16:01:40.0298163Z [ RUN      ] ComputeEstimatedRatesTest.IntegerDivisionTruncatesTowardZero
2026-09-27T16:01:40.0298726Z [       OK ] ComputeEstimatedRatesTest.IntegerDivisionTruncatesTowardZero (0 ms)
2026-09-27T16:01:40.0299314Z [ RUN      ] ComputeEstimatedRatesTest.ZeroTotalsAcrossActiveHopsStillCountsAsActive
2026-09-27T16:01:40.0299961Z [       OK ] ComputeEstimatedRatesTest.ZeroTotalsAcrossActiveHopsStillCountsAsActive (0 ms)
2026-09-27T16:01:40.0300662Z [ RUN      ] ComputeEstimatedRatesTest.FlowAndPacketRatesAreDerivedFromSeparateAccumulators
2026-09-27T16:01:40.0301397Z [       OK ] ComputeEstimatedRatesTest.FlowAndPacketRatesAreDerivedFromSeparateAccumulators (0 ms)
2026-09-27T16:01:40.0302302Z [ RUN      ] ComputeEstimatedRatesTest.HandlesLargeAccumulatedTotalsWithoutOverflow
2026-09-27T16:01:40.0302936Z [       OK ] ComputeEstimatedRatesTest.HandlesLargeAccumulatedTotalsWithoutOverflow (0 ms)
2026-09-27T16:01:40.0303470Z [----------] 8 tests from ComputeEstimatedRatesTest (0 ms total)
2026-09-27T16:01:40.0303724Z 
2026-09-27T16:01:40.0303830Z [----------] 6 tests from CounterDeltaTest
2026-09-27T16:01:40.0304210Z [ RUN      ] CounterDeltaTest.TheOrdinaryForwardCaseIsPlainSubtraction
2026-09-27T16:01:40.0304731Z [       OK ] CounterDeltaTest.TheOrdinaryForwardCaseIsPlainSubtraction (0 ms)
2026-09-27T16:01:40.0305262Z [ RUN      ] CounterDeltaTest.NoTrafficSinceTheLastReadingIsZeroNotAnError
2026-09-27T16:01:40.0305862Z [       OK ] CounterDeltaTest.NoTrafficSinceTheLastReadingIsZeroNotAnError (0 ms)
2026-09-27T16:01:40.0306626Z [ RUN      ] CounterDeltaTest.ACounterThatWentBackwardsYieldsZeroRatherThanWrappingTo18Exa
2026-09-27T16:01:40.0307345Z [       OK ] CounterDeltaTest.ACounterThatWentBackwardsYieldsZeroRatherThanWrappingTo18Exa (0 ms)
2026-09-27T16:01:40.0308025Z [ RUN      ] CounterDeltaTest.TheWrappedValueWouldHaveBeenReportedAsAnElephantFlow
2026-09-27T16:01:40.0308656Z [       OK ] CounterDeltaTest.TheWrappedValueWouldHaveBeenReportedAsAnElephantFlow (0 ms)
2026-09-27T16:01:40.0309274Z [ RUN      ] CounterDeltaTest.ARealCounterResetToZeroIsTheCommonBackwardsCase
2026-09-27T16:01:40.0309853Z [       OK ] CounterDeltaTest.ARealCounterResetToZeroIsTheCommonBackwardsCase (0 ms)
2026-09-27T16:01:40.0310369Z [ RUN      ] CounterDeltaTest.LargeForwardDeltasAreNotClamped
2026-09-27T16:01:40.0310797Z [       OK ] CounterDeltaTest.LargeForwardDeltasAreNotClamped (0 ms)
2026-09-27T16:01:40.0311191Z [----------] 6 tests from CounterDeltaTest (0 ms total)
2026-09-27T16:01:40.0311407Z 
2026-09-27T16:01:40.0311507Z [----------] 7 tests from RateDenominator
2026-09-27T16:01:40.0312054Z [ RUN      ] RateDenominator.SameBytesOverTwoSecondsIsHalfTheRate
2026-09-27T16:01:40.0312515Z [       OK ] RateDenominator.SameBytesOverTwoSecondsIsHalfTheRate (0 ms)
2026-09-27T16:01:40.0312992Z [ RUN      ] RateDenominator.TheIntervalActuallyUsedIsTheOneSupplied
2026-09-27T16:01:40.0313483Z [       OK ] RateDenominator.TheIntervalActuallyUsedIsTheOneSupplied (0 ms)
2026-09-27T16:01:40.0314175Z [ RUN      ] RateDenominator.ARealisticLoopPeriodOverstatesByExactlyThatPeriod
2026-09-27T16:01:40.0314766Z [       OK ] RateDenominator.ARealisticLoopPeriodOverstatesByExactlyThatPeriod (0 ms)
2026-09-27T16:01:40.0315268Z [ RUN      ] RateDenominator.ZeroIntervalPublishesNothing
2026-09-27T16:01:40.0315664Z [       OK ] RateDenominator.ZeroIntervalPublishesNothing (0 ms)
2026-09-27T16:01:40.0316074Z [ RUN      ] RateDenominator.NegativeIntervalPublishesNothing
2026-09-27T16:01:40.0316494Z [       OK ] RateDenominator.NegativeIntervalPublishesNothing (0 ms)
2026-09-27T16:01:40.0316928Z [ RUN      ] RateDenominator.ZeroIntervalDoesNotRecordADivisor
2026-09-27T16:01:40.0317369Z [       OK ] RateDenominator.ZeroIntervalDoesNotRecordADivisor (0 ms)
2026-09-27T16:01:40.0317794Z [ RUN      ] RateDenominator.DivisorStartsAtASentinelNotZero
2026-09-27T16:01:40.0318217Z [       OK ] RateDenominator.DivisorStartsAtASentinelNotZero (0 ms)
2026-09-27T16:01:40.0318602Z [----------] 7 tests from RateDenominator (0 ms total)
2026-09-27T16:01:40.0318816Z 
2026-09-27T16:01:40.0318929Z [----------] 10 tests from FlowRateDenominator
2026-09-27T16:01:40.0319331Z [ RUN      ] FlowRateDenominator.FlowSameBytesOverTwoSecondsIsHalfTheRate
2026-09-27T16:01:40.0319871Z [       OK ] FlowRateDenominator.FlowSameBytesOverTwoSecondsIsHalfTheRate (0 ms)
2026-09-27T16:01:40.0320360Z [ RUN      ] FlowRateDenominator.FlowPacketRateIsPerSecondToo
2026-09-27T16:01:40.0320781Z [       OK ] FlowRateDenominator.FlowPacketRateIsPerSecondToo (0 ms)
2026-09-27T16:01:40.0321322Z [ RUN      ] FlowRateDenominator.ARealisticLoopPeriodOverstatesTheFlowRateByThatPeriod
2026-09-27T16:01:40.0322447Z [       OK ] FlowRateDenominator.ARealisticLoopPeriodOverstatesTheFlowRateByThatPeriod (0 ms)
2026-09-27T16:01:40.0323035Z [ RUN      ] FlowRateDenominator.AnElephantIsDecidedOnTheDividedRate
2026-09-27T16:01:40.0323522Z [       OK ] FlowRateDenominator.AnElephantIsDecidedOnTheDividedRate (0 ms)
2026-09-27T16:01:40.0324034Z [ RUN      ] FlowRateDenominator.OneDivisorForEveryFlowSoTheOrderSurvives
2026-09-27T16:01:40.0324577Z [       OK ] FlowRateDenominator.OneDivisorForEveryFlowSoTheOrderSurvives (0 ms)
2026-09-27T16:01:40.0325099Z [ RUN      ] FlowRateDenominator.ZeroIntervalLeavesTheFlowAlone
2026-09-27T16:01:40.0325545Z [       OK ] FlowRateDenominator.ZeroIntervalLeavesTheFlowAlone (0 ms)
2026-09-27T16:01:40.0326007Z [ RUN      ] FlowRateDenominator.NegativeIntervalLeavesTheFlowAlone
2026-09-27T16:01:40.0326476Z [       OK ] FlowRateDenominator.NegativeIntervalLeavesTheFlowAlone (0 ms)
2026-09-27T16:01:40.0327171Z [ RUN      ] FlowRateDenominator.CountersAreDrainedSoTheNextIntervalStartsFromHere
2026-09-27T16:01:40.0327805Z [       OK ] FlowRateDenominator.CountersAreDrainedSoTheNextIntervalStartsFromHere (0 ms)
2026-09-27T16:01:40.0328367Z [ RUN      ] FlowRateDenominator.TheFlowDivisorIsMeasuredNotAssumed
2026-09-27T16:01:40.3256918Z [       OK ] FlowRateDenominator.TheFlowDivisorIsMeasuredNotAssumed (300 ms)
2026-09-27T16:01:40.3257889Z [ RUN      ] FlowRateDenominator.TheFlowDivisorStartsAtASentinelNotZero
2026-09-27T16:01:40.3258753Z [       OK ] FlowRateDenominator.TheFlowDivisorStartsAtASentinelNotZero (0 ms)
2026-09-27T16:01:40.3259489Z [----------] 10 tests from FlowRateDenominator (300 ms total)
2026-09-27T16:01:40.3260070Z 
2026-09-27T16:01:40.3260273Z [----------] 5 tests from LeftBandwidthCapacityTest
2026-09-27T16:01:40.3261300Z [ RUN      ] LeftBandwidthCapacityTest.ADeclaredTenGigabitLinkAdvertisesTenGigabitsBeforeAnySample
2026-09-27T16:01:40.3277553Z [       OK ] LeftBandwidthCapacityTest.ADeclaredTenGigabitLinkAdvertisesTenGigabitsBeforeAnySample (2 ms)
2026-09-27T16:01:40.3278544Z [ RUN      ] LeftBandwidthCapacityTest.ADeclaredOneGigabitLinkIsRightForARecordedReason
2026-09-27T16:01:40.3285060Z [       OK ] LeftBandwidthCapacityTest.ADeclaredOneGigabitLinkIsRightForARecordedReason (0 ms)
2026-09-27T16:01:40.3285909Z [ RUN      ] LeftBandwidthCapacityTest.AnUnsampledEdgeIsNotReportedAsMeasured
2026-09-27T16:01:40.3292218Z [       OK ] LeftBandwidthCapacityTest.AnUnsampledEdgeIsNotReportedAsMeasured (0 ms)
2026-09-27T16:01:40.3293157Z [ RUN      ] LeftBandwidthCapacityTest.TheFirstFlowSampleTurnsDeclaredIntoMeasured
2026-09-27T16:01:40.3299774Z [       OK ] LeftBandwidthCapacityTest.TheFirstFlowSampleTurnsDeclaredIntoMeasured (0 ms)
2026-09-27T16:01:40.3300806Z [ RUN      ] LeftBandwidthCapacityTest.AnIdleMeasuredEdgeAndAnUnsampledEdgeShareANumberAndDifferInProvenance
2026-09-27T16:01:40.3308336Z [       OK ] LeftBandwidthCapacityTest.AnIdleMeasuredEdgeAndAnUnsampledEdgeShareANumberAndDifferInProvenance (0 ms)
2026-09-27T16:01:40.3309474Z [----------] 5 tests from LeftBandwidthCapacityTest (5 ms total)
2026-09-27T16:01:40.3309803Z 
2026-09-27T16:01:40.3310019Z [----------] 3 tests from LeftBandwidthDefaultTest
2026-09-27T16:01:40.3310861Z [ RUN      ] LeftBandwidthDefaultTest.ADefaultConstructedEdgeDoesNotAdvertiseAGigabitOfHeadroom
2026-09-27T16:01:40.3312201Z [       OK ] LeftBandwidthDefaultTest.ADefaultConstructedEdgeDoesNotAdvertiseAGigabitOfHeadroom (0 ms)
2026-09-27T16:01:40.3313209Z [ RUN      ] LeftBandwidthDefaultTest.AnUnrecognisedProvenanceReadsBackAsUnknownNotAsCapacity
2026-09-27T16:01:40.3314138Z [       OK ] LeftBandwidthDefaultTest.AnUnrecognisedProvenanceReadsBackAsUnknownNotAsCapacity (0 ms)
2026-09-27T16:01:40.3314963Z [ RUN      ] LeftBandwidthDefaultTest.TheWireVocabularyIsExactlyThreeWords
2026-09-27T16:01:40.3315764Z [       OK ] LeftBandwidthDefaultTest.TheWireVocabularyIsExactlyThreeWords (0 ms)
2026-09-27T16:01:40.3316340Z [----------] 3 tests from LeftBandwidthDefaultTest (0 ms total)
2026-09-27T16:01:40.3316614Z 
2026-09-27T16:01:40.3316753Z [----------] 3 tests from FlowPathRecomputeInterval
2026-09-27T16:01:40.3317208Z [ RUN      ] FlowPathRecomputeInterval.IsOneSecondNotOneMillisecond
2026-09-27T16:01:40.3317769Z [       OK ] FlowPathRecomputeInterval.IsOneSecondNotOneMillisecond (0 ms)
2026-09-27T16:01:40.3318486Z [ RUN      ] FlowPathRecomputeInterval.AFlowSurvivingToTheIdleTimeoutGetsManyChancesAtAPath
2026-09-27T16:01:40.3319558Z [       OK ] FlowPathRecomputeInterval.AFlowSurvivingToTheIdleTimeoutGetsManyChancesAtAPath (0 ms)
2026-09-27T16:01:40.3320410Z [ RUN      ] FlowPathRecomputeInterval.ShortFlowsCanDieWithoutAPathAndThatIsTheKnownCost
2026-09-27T16:01:40.3321232Z [       OK ] FlowPathRecomputeInterval.ShortFlowsCanDieWithoutAPathAndThatIsTheKnownCost (0 ms)
2026-09-27T16:01:40.3322014Z [----------] 3 tests from FlowPathRecomputeInterval (0 ms total)
2026-09-27T16:01:40.3322290Z 
2026-09-27T16:01:40.3322505Z [----------] 6 tests from SwitchKindMappingTest
2026-09-27T16:01:40.3323232Z [ RUN      ] SwitchKindMappingTest.MapsKnownBrandNames
2026-09-27T16:01:40.3323648Z [       OK ] SwitchKindMappingTest.MapsKnownBrandNames (0 ms)
2026-09-27T16:01:40.3324045Z [ RUN      ] SwitchKindMappingTest.UnknownBrandNameIsHardware
2026-09-27T16:01:40.3324467Z [       OK ] SwitchKindMappingTest.UnknownBrandNameIsHardware (0 ms)
2026-09-27T16:01:40.3324962Z [ RUN      ] SwitchKindMappingTest.BrandNameMappingIsCaseSensitiveByDesign
2026-09-27T16:01:40.3325522Z [       OK ] SwitchKindMappingTest.BrandNameMappingIsCaseSensitiveByDesign (0 ms)
2026-09-27T16:01:40.3326378Z [ RUN      ] SwitchKindMappingTest.ExplicitKindStringIsCaseInsensitiveAndAcceptsP4Alias
2026-09-27T16:01:40.3327085Z [       OK ] SwitchKindMappingTest.ExplicitKindStringIsCaseInsensitiveAndAcceptsP4Alias (0 ms)
2026-09-27T16:01:40.3327702Z [ RUN      ] SwitchKindMappingTest.GarbageKindThrowsRatherThanDefaulting
2026-09-27T16:01:40.3328240Z [       OK ] SwitchKindMappingTest.GarbageKindThrowsRatherThanDefaulting (0 ms)
2026-09-27T16:01:40.3328731Z [ RUN      ] SwitchKindMappingTest.ToStringCoversEveryKind
2026-09-27T16:01:40.3329546Z [       OK ] SwitchKindMappingTest.ToStringCoversEveryKind (0 ms)
2026-09-27T16:01:40.3330184Z [----------] 6 tests from SwitchKindMappingTest (0 ms total)
2026-09-27T16:01:40.3330529Z 
2026-09-27T16:01:40.3330695Z [----------] 19 tests from SwitchKindFixture
2026-09-27T16:01:40.3331345Z [ RUN      ] SwitchKindFixture.DerivesKindFromBrandNameWhenSwitchKindAbsent
2026-09-27T16:01:40.3332740Z [       OK ] SwitchKindFixture.DerivesKindFromBrandNameWhenSwitchKindAbsent (0 ms)
2026-09-27T16:01:40.3333510Z [ RUN      ] SwitchKindFixture.DerivesOvsFromBrandName
2026-09-27T16:01:40.3334113Z [       OK ] SwitchKindFixture.DerivesOvsFromBrandName (0 ms)
2026-09-27T16:01:40.3334793Z [ RUN      ] SwitchKindFixture.ExplicitSwitchKindOverridesBrandName
2026-09-27T16:01:40.3335718Z [       OK ] SwitchKindFixture.ExplicitSwitchKindOverridesBrandName (0 ms)
2026-09-27T16:01:40.3336433Z [ RUN      ] SwitchKindFixture.UnknownDpidHasNoKind
2026-09-27T16:01:40.3337012Z [       OK ] SwitchKindFixture.UnknownDpidHasNoKind (0 ms)
2026-09-27T16:01:40.3337607Z [ RUN      ] SwitchKindFixture.GroupsSwitchesByKind
2026-09-27T16:01:40.3338232Z [       OK ] SwitchKindFixture.GroupsSwitchesByKind (0 ms)
2026-09-27T16:01:40.3338890Z [ RUN      ] SwitchKindFixture.HomogeneousTopologyValidates
2026-09-27T16:01:40.3339334Z [       OK ] SwitchKindFixture.HomogeneousTopologyValidates (0 ms)
2026-09-27T16:01:40.3339798Z [ RUN      ] SwitchKindFixture.MixedTopologyIsRejectedByDefault
2026-09-27T16:01:40.3342771Z [       OK ] SwitchKindFixture.MixedTopologyIsRejectedByDefault (0 ms)
2026-09-27T16:01:40.3343578Z [ RUN      ] SwitchKindFixture.MixedTopologyIsAllowedWhenOptedIn
2026-09-27T16:01:40.3347321Z [       OK ] SwitchKindFixture.MixedTopologyIsAllowedWhenOptedIn (0 ms)
2026-09-27T16:01:40.3348104Z [ RUN      ] SwitchKindFixture.EmptyTopologyFailsValidation
2026-09-27T16:01:40.3348554Z [       OK ] SwitchKindFixture.EmptyTopologyFailsValidation (0 ms)
2026-09-27T16:01:40.3349010Z [ RUN      ] SwitchKindFixture.AnEmptyTopologyFileIsRefusedAtLoad
2026-09-27T16:01:40.3349832Z [       OK ] SwitchKindFixture.AnEmptyTopologyFileIsRefusedAtLoad (0 ms)
2026-09-27T16:01:40.3350672Z [ RUN      ] SwitchKindFixture.TopologyOverrideAppliesInMininetMode
2026-09-27T16:01:40.3351373Z [       OK ] SwitchKindFixture.TopologyOverrideAppliesInMininetMode (0 ms)
2026-09-27T16:01:40.3352013Z [ RUN      ] SwitchKindFixture.TopologyOverrideAlsoAppliesInTestbedMode
2026-09-27T16:01:40.3352544Z [       OK ] SwitchKindFixture.TopologyOverrideAlsoAppliesInTestbedMode (0 ms)
2026-09-27T16:01:40.3353024Z [ RUN      ] SwitchKindFixture.EmptyOverrideCountsAsUnset
2026-09-27T16:01:40.3353421Z [       OK ] SwitchKindFixture.EmptyOverrideCountsAsUnset (0 ms)
2026-09-27T16:01:40.3353904Z [ RUN      ] SwitchKindFixture.FallsBackToModeDefaultWithoutOverride
2026-09-27T16:01:40.3354782Z [       OK ] SwitchKindFixture.FallsBackToModeDefaultWithoutOverride (0 ms)
2026-09-27T16:01:40.3355666Z [ RUN      ] SwitchKindFixture.Bmv2DpidSelectsTheP4Strategy
2026-09-27T16:01:40.3356109Z [       OK ] SwitchKindFixture.Bmv2DpidSelectsTheP4Strategy (0 ms)
2026-09-27T16:01:40.3356532Z [ RUN      ] SwitchKindFixture.OvsDpidSelectsTheOpenFlowStrategy
2026-09-27T16:01:40.3357699Z [       OK ] SwitchKindFixture.OvsDpidSelectsTheOpenFlowStrategy (0 ms)
2026-09-27T16:01:40.3358529Z [ RUN      ] SwitchKindFixture.HardwareDpidSelectsTheOpenFlowStrategy
2026-09-27T16:01:40.3361292Z [       OK ] SwitchKindFixture.HardwareDpidSelectsTheOpenFlowStrategy (0 ms)
2026-09-27T16:01:40.3362305Z [ RUN      ] SwitchKindFixture.UnknownDpidReturnsNullptrRatherThanFallingBackToOvs
2026-09-27T16:01:40.3365176Z [       OK ] SwitchKindFixture.UnknownDpidReturnsNullptrRatherThanFallingBackToOvs (0 ms)
2026-09-27T16:01:40.3365993Z [ RUN      ] SwitchKindFixture.MixedTopologyDispatchesPerDpid
2026-09-27T16:01:40.3369415Z [       OK ] SwitchKindFixture.MixedTopologyDispatchesPerDpid (0 ms)
2026-09-27T16:01:40.3370130Z [----------] 19 tests from SwitchKindFixture (5 ms total)
2026-09-27T16:01:40.3370507Z 
2026-09-27T16:01:40.3370719Z [----------] 4 tests from TopologyIpValidationTest
2026-09-27T16:01:40.3371236Z [ RUN      ] TopologyIpValidationTest.ASwitchWithAnEmptyIpArrayIsRejectedAtLoad
2026-09-27T16:01:40.3373656Z [       OK ] TopologyIpValidationTest.ASwitchWithAnEmptyIpArrayIsRejectedAtLoad (0 ms)
2026-09-27T16:01:40.3374480Z [ RUN      ] TopologyIpValidationTest.ASwitchWithAnAddressStillLoads
2026-09-27T16:01:40.3376844Z [       OK ] TopologyIpValidationTest.ASwitchWithAnAddressStillLoads (0 ms)
2026-09-27T16:01:40.3377678Z [ RUN      ] TopologyIpValidationTest.AHostWithNoAddressIsRefusedAtLoad
2026-09-27T16:01:40.3380416Z [       OK ] TopologyIpValidationTest.AHostWithNoAddressIsRefusedAtLoad (0 ms)
2026-09-27T16:01:40.3381217Z [ RUN      ] TopologyIpValidationTest.AHostWithAnAddressStillLoads
2026-09-27T16:01:40.3385021Z [       OK ] TopologyIpValidationTest.AHostWithAnAddressStillLoads (0 ms)
2026-09-27T16:01:40.3385832Z [----------] 4 tests from TopologyIpValidationTest (1 ms total)
2026-09-27T16:01:40.3386249Z 
2026-09-27T16:01:40.3386434Z [----------] 23 tests from SFlowParsingFixture
2026-09-27T16:01:40.3386982Z [ RUN      ] SFlowParsingFixture.RejectsNullBuffer
2026-09-27T16:01:40.3387615Z [       OK ] SFlowParsingFixture.RejectsNullBuffer (0 ms)
2026-09-27T16:01:40.3388044Z [ RUN      ] SFlowParsingFixture.RejectsDatagramShorterThanTheHeader
2026-09-27T16:01:40.3388559Z [       OK ] SFlowParsingFixture.RejectsDatagramShorterThanTheHeader (0 ms)
2026-09-27T16:01:40.3389010Z [ RUN      ] SFlowParsingFixture.RejectsUnalignedLength
2026-09-27T16:01:40.3389391Z [       OK ] SFlowParsingFixture.RejectsUnalignedLength (0 ms)
2026-09-27T16:01:40.3389813Z [ RUN      ] SFlowParsingFixture.ExtractsFlowsWhenTheVersionIsFive
2026-09-27T16:01:40.3444068Z sudo: ovs-vsctl: command not found
2026-09-27T16:01:40.3451859Z [       OK ] SFlowParsingFixture.ExtractsFlowsWhenTheVersionIsFive (6 ms)
2026-09-27T16:01:40.3452617Z [ RUN      ] SFlowParsingFixture.IgnoresUnsupportedVersion
2026-09-27T16:01:40.3453741Z [       OK ] SFlowParsingFixture.IgnoresUnsupportedVersion (0 ms)
2026-09-27T16:01:40.3454670Z [ RUN      ] SFlowParsingFixture.HandlesHeaderThatPromisesASampleWithNoBodyAtAll
2026-09-27T16:01:40.3455343Z [       OK ] SFlowParsingFixture.HandlesHeaderThatPromisesASampleWithNoBodyAtAll (0 ms)
2026-09-27T16:01:40.3455923Z [ RUN      ] SFlowParsingFixture.HandlesEveryTruncationOfACounterSample
2026-09-27T16:01:40.3456920Z [       OK ] SFlowParsingFixture.HandlesEveryTruncationOfACounterSample (0 ms)
2026-09-27T16:01:40.3457562Z [ RUN      ] SFlowParsingFixture.HandlesEveryTruncationOfAFlowSample
2026-09-27T16:01:40.3510553Z sudo: ovs-vsctl: command not found
2026-09-27T16:01:40.3518887Z [       OK ] SFlowParsingFixture.HandlesEveryTruncationOfAFlowSample (6 ms)
2026-09-27T16:01:40.3519739Z [ RUN      ] SFlowParsingFixture.RejectsAnImpossibleSampleCount
2026-09-27T16:01:40.3520561Z [       OK ] SFlowParsingFixture.RejectsAnImpossibleSampleCount (0 ms)
2026-09-27T16:01:40.3521076Z [ RUN      ] SFlowParsingFixture.TerminatesWhenSampleLengthIsZero
2026-09-27T16:01:40.3571246Z sudo: ovs-vsctl: command not found
2026-09-27T16:01:40.3578708Z [       OK ] SFlowParsingFixture.TerminatesWhenSampleLengthIsZero (5 ms)
2026-09-27T16:01:40.3579757Z [ RUN      ] SFlowParsingFixture.TerminatesWhenFlowDataLengthExceedsSampleLength
2026-09-27T16:01:40.3580866Z [       OK ] SFlowParsingFixture.TerminatesWhenFlowDataLengthExceedsSampleLength (0 ms)
2026-09-27T16:01:40.3581520Z [ RUN      ] SFlowParsingFixture.HandlesSampleLengthLargerThanTheDatagram
2026-09-27T16:01:40.3582405Z [       OK ] SFlowParsingFixture.HandlesSampleLengthLargerThanTheDatagram (0 ms)
2026-09-27T16:01:40.3582932Z [ RUN      ] SFlowParsingFixture.HandlesUnknownSampleTypes
2026-09-27T16:01:40.3583366Z [       OK ] SFlowParsingFixture.HandlesUnknownSampleTypes (0 ms)
2026-09-27T16:01:40.3583821Z [ RUN      ] SFlowParsingFixture.HandlesManySamplesWithinOneDatagram
2026-09-27T16:01:40.3584336Z [       OK ] SFlowParsingFixture.HandlesManySamplesWithinOneDatagram (0 ms)
2026-09-27T16:01:40.3584791Z [ RUN      ] SFlowParsingFixture.HandlesNonIpv4EtherType
2026-09-27T16:01:40.3633592Z sudo: ovs-vsctl: command not found
2026-09-27T16:01:40.3640716Z [       OK ] SFlowParsingFixture.HandlesNonIpv4EtherType (5 ms)
2026-09-27T16:01:40.3641510Z [ RUN      ] SFlowParsingFixture.SurvivesStructuredGarbage
2026-09-27T16:01:40.3656133Z [       OK ] SFlowParsingFixture.SurvivesStructuredGarbage (1 ms)
2026-09-27T16:01:40.3656943Z [ RUN      ] SFlowParsingFixture.SurvivesTruncationSweepOverGarbage
2026-09-27T16:01:40.3660051Z [       OK ] SFlowParsingFixture.SurvivesTruncationSweepOverGarbage (0 ms)
2026-09-27T16:01:40.3661006Z [ RUN      ] SFlowParsingFixture.CountsEveryMalformedDatagramEvenThoughLoggingIsRateLimited
2026-09-27T16:01:40.3664380Z [       OK ] SFlowParsingFixture.CountsEveryMalformedDatagramEvenThoughLoggingIsRateLimited (0 ms)
2026-09-27T16:01:40.3665151Z [ RUN      ] SFlowParsingFixture.HandlesEveryTruncationOfAnIpv6ExtensionHeaderChain
2026-09-27T16:01:40.3721261Z sudo: ovs-vsctl: command not found
2026-09-27T16:01:40.3780187Z sudo: ovs-vsctl: command not found
2026-09-27T16:01:40.3839102Z sudo: ovs-vsctl: command not found
2026-09-27T16:01:40.3898698Z sudo: ovs-vsctl: command not found
2026-09-27T16:01:40.3959697Z sudo: ovs-vsctl: command not found
2026-09-27T16:01:40.4020879Z sudo: ovs-vsctl: command not found
2026-09-27T16:01:40.4081426Z sudo: ovs-vsctl: command not found
2026-09-27T16:01:40.4141261Z sudo: ovs-vsctl: command not found
2026-09-27T16:01:40.4201581Z sudo: ovs-vsctl: command not found
2026-09-27T16:01:40.4262541Z sudo: ovs-vsctl: command not found
2026-09-27T16:01:40.4323000Z sudo: ovs-vsctl: command not found
2026-09-27T16:01:40.4382276Z sudo: ovs-vsctl: command not found
2026-09-27T16:01:40.4441903Z sudo: ovs-vsctl: command not found
2026-09-27T16:01:40.4499471Z sudo: ovs-vsctl: command not found
2026-09-27T16:01:40.4558654Z sudo: ovs-vsctl: command not found
2026-09-27T16:01:40.4619336Z sudo: ovs-vsctl: command not found
2026-09-27T16:01:40.4678149Z sudo: ovs-vsctl: command not found
2026-09-27T16:01:40.4737700Z sudo: ovs-vsctl: command not found
2026-09-27T16:01:40.4796580Z sudo: ovs-vsctl: command not found
2026-09-27T16:01:40.4856906Z sudo: ovs-vsctl: command not found
2026-09-27T16:01:40.4918265Z sudo: ovs-vsctl: command not found
2026-09-27T16:01:40.4978672Z sudo: ovs-vsctl: command not found
2026-09-27T16:01:40.5036512Z sudo: ovs-vsctl: command not found
2026-09-27T16:01:40.5043340Z [       OK ] SFlowParsingFixture.HandlesEveryTruncationOfAnIpv6ExtensionHeaderChain (137 ms)
2026-09-27T16:01:40.5044605Z [ RUN      ] SFlowParsingFixture.AFullIpv6ExtensionChainResolvesToTheUpperLayerPorts
2026-09-27T16:01:40.5096697Z sudo: ovs-vsctl: command not found
2026-09-27T16:01:40.5104269Z [       OK ] SFlowParsingFixture.AFullIpv6ExtensionChainResolvesToTheUpperLayerPorts (6 ms)
2026-09-27T16:01:40.5105515Z [ RUN      ] SFlowParsingFixture.AnOpaqueIpv6ExtensionHeaderFallsBackToTheL2Identity
2026-09-27T16:01:40.5157999Z sudo: ovs-vsctl: command not found
2026-09-27T16:01:40.5166563Z [       OK ] SFlowParsingFixture.AnOpaqueIpv6ExtensionHeaderFallsBackToTheL2Identity (6 ms)
2026-09-27T16:01:40.5167959Z [ RUN      ] SFlowParsingFixture.AChainCutOffInsideTheCapturedHeaderDoesNotInventPorts
2026-09-27T16:01:40.5222103Z sudo: ovs-vsctl: command not found
2026-09-27T16:01:40.5230932Z [       OK ] SFlowParsingFixture.AChainCutOffInsideTheCapturedHeaderDoesNotInventPorts (6 ms)
2026-09-27T16:01:40.5232733Z [ RUN      ] SFlowParsingFixture.AChainWithinTheBoundResolvesAndOneBeyondItDoesNot
2026-09-27T16:01:40.5285668Z sudo: ovs-vsctl: command not found
2026-09-27T16:01:40.5348161Z sudo: ovs-vsctl: command not found
2026-09-27T16:01:40.5357149Z [       OK ] SFlowParsingFixture.AChainWithinTheBoundResolvesAndOneBeyondItDoesNot (12 ms)
2026-09-27T16:01:40.5358303Z [----------] 23 tests from SFlowParsingFixture (197 ms total)
2026-09-27T16:01:40.5358750Z 
2026-09-27T16:01:40.5358984Z [----------] 4 tests from BoundedWordsTest
2026-09-27T16:01:40.5359622Z [ RUN      ] BoundedWordsTest.ReadsInRangeWordsUnchanged
2026-09-27T16:01:40.5360338Z [       OK ] BoundedWordsTest.ReadsInRangeWordsUnchanged (0 ms)
2026-09-27T16:01:40.5361056Z [ RUN      ] BoundedWordsTest.ThrowsPastTheEnd
2026-09-27T16:01:40.5361978Z [       OK ] BoundedWordsTest.ThrowsPastTheEnd (0 ms)
2026-09-27T16:01:40.5362666Z [ RUN      ] BoundedWordsTest.ReportsTheOffendingOffset
2026-09-27T16:01:40.5363858Z [       OK ] BoundedWordsTest.ReportsTheOffendingOffset (0 ms)
2026-09-27T16:01:40.5364621Z [ RUN      ] BoundedWordsTest.EmptyViewThrowsOnAnyAccess
2026-09-27T16:01:40.5365370Z [       OK ] BoundedWordsTest.EmptyViewThrowsOnAnyAccess (0 ms)
2026-09-27T16:01:40.5366082Z [----------] 4 tests from BoundedWordsTest (0 ms total)
2026-09-27T16:01:40.5366486Z 
2026-09-27T16:01:40.5366684Z [----------] 8 tests from TelemetrySilenceTest
2026-09-27T16:01:40.5367594Z [ RUN      ] TelemetrySilenceTest.AnAgentThatHasNeverReportedIsUnknownRatherThanSilent
2026-09-27T16:01:40.5368948Z [       OK ] TelemetrySilenceTest.AnAgentThatHasNeverReportedIsUnknownRatherThanSilent (0 ms)
2026-09-27T16:01:40.5370096Z [ RUN      ] TelemetrySilenceTest.ARecentSampleOnThisPortIsLive
2026-09-27T16:01:40.5370986Z [       OK ] TelemetrySilenceTest.ARecentSampleOnThisPortIsLive (0 ms)
2026-09-27T16:01:40.5372426Z [ RUN      ] TelemetrySilenceTest.AnAgentStillReportingElsewhereMakesThisLinksZeroAMeasurement
2026-09-27T16:01:40.5373975Z [       OK ] TelemetrySilenceTest.AnAgentStillReportingElsewhereMakesThisLinksZeroAMeasurement (0 ms)
2026-09-27T16:01:40.5375364Z [ RUN      ] TelemetrySilenceTest.AnAgentReportingNowhereMakesThisLinksZeroAnAbsence
2026-09-27T16:01:40.5376644Z [       OK ] TelemetrySilenceTest.AnAgentReportingNowhereMakesThisLinksZeroAnAbsence (0 ms)
2026-09-27T16:01:40.5377880Z [ RUN      ] TelemetrySilenceTest.APortNeverSeenUnderALiveAgentIsIdleNotUnknown
2026-09-27T16:01:40.5379052Z [       OK ] TelemetrySilenceTest.APortNeverSeenUnderALiveAgentIsIdleNotUnknown (0 ms)
2026-09-27T16:01:40.5380174Z [ RUN      ] TelemetrySilenceTest.TheWindowBoundaryIsInclusiveOnBothSides
2026-09-27T16:01:40.5381240Z [       OK ] TelemetrySilenceTest.TheWindowBoundaryIsInclusiveOnBothSides (0 ms)
2026-09-27T16:01:40.5382979Z [ RUN      ] TelemetrySilenceTest.TheWindowIsConsultedRatherThanHardcoded
2026-09-27T16:01:40.5383988Z [       OK ] TelemetrySilenceTest.TheWindowIsConsultedRatherThanHardcoded (0 ms)
2026-09-27T16:01:40.5385052Z [ RUN      ] TelemetrySilenceTest.TheRawAgesAreReportedAlongsideEveryVerdict
2026-09-27T16:01:40.5386110Z [       OK ] TelemetrySilenceTest.TheRawAgesAreReportedAlongsideEveryVerdict (0 ms)
2026-09-27T16:01:40.5386985Z [----------] 8 tests from TelemetrySilenceTest (0 ms total)
2026-09-27T16:01:40.5388098Z 
2026-09-27T16:01:40.5388280Z [----------] 7 tests from GoldenFixtureTest
2026-09-27T16:01:40.5388980Z [ RUN      ] GoldenFixtureTest.TheFixtureSetIsCapturedTrafficOnly
2026-09-27T16:01:40.5390225Z [       OK ] GoldenFixtureTest.TheFixtureSetIsCapturedTrafficOnly (2 ms)
2026-09-27T16:01:40.5391064Z [ RUN      ] GoldenFixtureTest.FixturesArePresentAndWellFormed
2026-09-27T16:01:40.5410336Z [       OK ] GoldenFixtureTest.FixturesArePresentAndWellFormed (2 ms)
2026-09-27T16:01:40.5411996Z [ RUN      ] GoldenFixtureTest.ParsesRealOvsDatagramsIntoFlows
2026-09-27T16:01:40.5489555Z sudo: ovs-vsctl: command not found
2026-09-27T16:01:40.5502857Z [       OK ] GoldenFixtureTest.ParsesRealOvsDatagramsIntoFlows (9 ms)
2026-09-27T16:01:40.5503830Z [ RUN      ] GoldenFixtureTest.ExtractsTheCapturedIperfFlowExactly
2026-09-27T16:01:40.5584394Z sudo: ovs-vsctl: command not found
2026-09-27T16:01:40.5597735Z [       OK ] GoldenFixtureTest.ExtractsTheCapturedIperfFlowExactly (9 ms)
2026-09-27T16:01:40.5598780Z [ RUN      ] GoldenFixtureTest.ExtractsAllThreeProtocolPathsFromRealTraffic
2026-09-27T16:01:40.5677380Z sudo: ovs-vsctl: command not found
2026-09-27T16:01:40.5690292Z [       OK ] GoldenFixtureTest.ExtractsAllThreeProtocolPathsFromRealTraffic (9 ms)
2026-09-27T16:01:40.5691279Z [ RUN      ] GoldenFixtureTest.IgnoresNonIpv4Frames
2026-09-27T16:01:40.5769509Z sudo: ovs-vsctl: command not found
2026-09-27T16:01:40.5782409Z [       OK ] GoldenFixtureTest.IgnoresNonIpv4Frames (9 ms)
2026-09-27T16:01:40.5783371Z [ RUN      ] GoldenFixtureTest.RequiresExtendedSwitchRecordBeforeTheRawHeader
2026-09-27T16:01:40.5805715Z [       OK ] GoldenFixtureTest.RequiresExtendedSwitchRecordBeforeTheRawHeader (2 ms)
2026-09-27T16:01:40.5807261Z [----------] 7 tests from GoldenFixtureTest (44 ms total)
2026-09-27T16:01:40.5807569Z 
2026-09-27T16:01:40.5807701Z [----------] 9 tests from EmitterRoundtripTest
2026-09-27T16:01:40.5808179Z [ RUN      ] EmitterRoundtripTest.ParsesEmittedTcpSampleIntoTheExactFiveTuple
2026-09-27T16:01:40.5866652Z sudo: ovs-vsctl: command not found
2026-09-27T16:01:40.5875546Z [       OK ] EmitterRoundtripTest.ParsesEmittedTcpSampleIntoTheExactFiveTuple (6 ms)
2026-09-27T16:01:40.5876562Z [ RUN      ] EmitterRoundtripTest.ParsesEmittedUdpSample
2026-09-27T16:01:40.5930797Z sudo: ovs-vsctl: command not found
2026-09-27T16:01:40.5938429Z [       OK ] EmitterRoundtripTest.ParsesEmittedUdpSample (6 ms)
2026-09-27T16:01:40.5939382Z [ RUN      ] EmitterRoundtripTest.ParsesEmittedIcmpSampleWithTypeAndCodeInThePortFields
2026-09-27T16:01:40.5994442Z sudo: ovs-vsctl: command not found
2026-09-27T16:01:40.6002052Z [       OK ] EmitterRoundtripTest.ParsesEmittedIcmpSampleWithTypeAndCodeInThePortFields (6 ms)
2026-09-27T16:01:40.6003301Z [ RUN      ] EmitterRoundtripTest.ParsesIcmpWithBothTypeAndCodeNonZero
2026-09-27T16:01:40.6057190Z sudo: ovs-vsctl: command not found
2026-09-27T16:01:40.6064296Z [       OK ] EmitterRoundtripTest.ParsesIcmpWithBothTypeAndCodeNonZero (6 ms)
2026-09-27T16:01:40.6065236Z [ RUN      ] EmitterRoundtripTest.IgnoresEmittedArpWithoutInventingAFlow
2026-09-27T16:01:40.6119189Z sudo: ovs-vsctl: command not found
2026-09-27T16:01:40.6126688Z [       OK ] EmitterRoundtripTest.IgnoresEmittedArpWithoutInventingAFlow (6 ms)
2026-09-27T16:01:40.6127511Z [ RUN      ] EmitterRoundtripTest.ParsesATruncatedFrameAndReportsTheOriginalLength
2026-09-27T16:01:40.6182275Z sudo: ovs-vsctl: command not found
2026-09-27T16:01:40.6189807Z [       OK ] EmitterRoundtripTest.ParsesATruncatedFrameAndReportsTheOriginalLength (6 ms)
2026-09-27T16:01:40.6190814Z [ RUN      ] EmitterRoundtripTest.WalksEverySampleInAMultiSampleDatagram
2026-09-27T16:01:40.6245090Z sudo: ovs-vsctl: command not found
2026-09-27T16:01:40.6253045Z [       OK ] EmitterRoundtripTest.WalksEverySampleInAMultiSampleDatagram (6 ms)
2026-09-27T16:01:40.6254094Z [ RUN      ] EmitterRoundtripTest.BatchedSamplesBankEverySampleBytes
2026-09-27T16:01:40.6307579Z sudo: ovs-vsctl: command not found
2026-09-27T16:01:40.6368573Z sudo: ovs-vsctl: command not found
2026-09-27T16:01:40.6428336Z sudo: ovs-vsctl: command not found
2026-09-27T16:01:40.6488121Z sudo: ovs-vsctl: command not found
2026-09-27T16:01:40.6496021Z [       OK ] EmitterRoundtripTest.BatchedSamplesBankEverySampleBytes (24 ms)
2026-09-27T16:01:40.6497356Z [ RUN      ] EmitterRoundtripTest.EmittedAndCapturedDatagramsAgreeOnStructure
2026-09-27T16:01:40.6549949Z sudo: ovs-vsctl: command not found
2026-09-27T16:01:40.6558352Z [       OK ] EmitterRoundtripTest.EmittedAndCapturedDatagramsAgreeOnStructure (6 ms)
2026-09-27T16:01:40.6559244Z [----------] 9 tests from EmitterRoundtripTest (75 ms total)
2026-09-27T16:01:40.6559574Z 
2026-09-27T16:01:40.6559761Z [----------] 5 tests from IdentityPortMappingTest
2026-09-27T16:01:40.6560337Z [ RUN      ] IdentityPortMappingTest.AnAllBmv2TopologySkipsOvsVsctl
2026-09-27T16:01:40.6561013Z [       OK ] IdentityPortMappingTest.AnAllBmv2TopologySkipsOvsVsctl (0 ms)
2026-09-27T16:01:40.6561940Z [ RUN      ] IdentityPortMappingTest.AnAllOvsTopologyStillTranslates
2026-09-27T16:01:40.6562691Z [       OK ] IdentityPortMappingTest.AnAllOvsTopologyStillTranslates (0 ms)
2026-09-27T16:01:40.6563459Z [ RUN      ] IdentityPortMappingTest.AnEmptyTopologyKeepsTheExistingBehaviour
2026-09-27T16:01:40.6564287Z [       OK ] IdentityPortMappingTest.AnEmptyTopologyKeepsTheExistingBehaviour (0 ms)
2026-09-27T16:01:40.6565053Z [ RUN      ] IdentityPortMappingTest.AMixedTopologyDoesNotUseIdentity
2026-09-27T16:01:40.6565745Z [       OK ] IdentityPortMappingTest.AMixedTopologyDoesNotUseIdentity (0 ms)
2026-09-27T16:01:40.6566410Z [ RUN      ] IdentityPortMappingTest.HardwareSwitchesTranslate
2026-09-27T16:01:40.6567010Z [       OK ] IdentityPortMappingTest.HardwareSwitchesTranslate (0 ms)
2026-09-27T16:01:40.6568219Z [----------] 5 tests from IdentityPortMappingTest (0 ms total)
2026-09-27T16:01:40.6568627Z 
2026-09-27T16:01:40.6568778Z [----------] 4 tests from LateTopologyFixture
2026-09-27T16:01:40.6569480Z [ RUN      ] LateTopologyFixture.IdentityMappingIsChosenEvenWhenTheTopologyLoadsAfterStartup
2026-09-27T16:01:40.6570352Z [       OK ] LateTopologyFixture.IdentityMappingIsChosenEvenWhenTheTopologyLoadsAfterStartup (0 ms)
2026-09-27T16:01:40.6570991Z [ RUN      ] LateTopologyFixture.TheDecisionIsMadeOnceAndSticks
2026-09-27T16:01:40.6576048Z [       OK ] LateTopologyFixture.TheDecisionIsMadeOnceAndSticks (0 ms)
2026-09-27T16:01:40.6576701Z [ RUN      ] LateTopologyFixture.AnOvsTopologyStillGoesThroughTheMap
2026-09-27T16:01:40.6637105Z sudo: ovs-vsctl: command not found
2026-09-27T16:01:40.6644794Z [       OK ] LateTopologyFixture.AnOvsTopologyStillGoesThroughTheMap (6 ms)
2026-09-27T16:01:40.6645837Z [ RUN      ] LateTopologyFixture.ConcurrentFirstLookupsAgreeOnOneDecision
2026-09-27T16:01:40.6654515Z [       OK ] LateTopologyFixture.ConcurrentFirstLookupsAgreeOnOneDecision (0 ms)
2026-09-27T16:01:40.6655363Z [----------] 4 tests from LateTopologyFixture (9 ms total)
2026-09-27T16:01:40.6655684Z 
2026-09-27T16:01:40.6655830Z [----------] 26 tests from FlowKeyFamiliesTest
2026-09-27T16:01:40.6656472Z [ RUN      ] FlowKeyFamiliesTest.Ipv4KeyHashIsBitIdenticalToThePreFamilyExpression
2026-09-27T16:01:40.6659214Z [       OK ] FlowKeyFamiliesTest.Ipv4KeyHashIsBitIdenticalToThePreFamilyExpression (0 ms)
2026-09-27T16:01:40.6660153Z [ RUN      ] FlowKeyFamiliesTest.TwoL2KeysDifferingOnlyInTheirMacsHashDifferently
2026-09-27T16:01:40.6663096Z [       OK ] FlowKeyFamiliesTest.TwoL2KeysDifferingOnlyInTheirMacsHashDifferently (0 ms)
2026-09-27T16:01:40.6663906Z [ RUN      ] FlowKeyFamiliesTest.OrderingAmongIpv4KeysStillFollowsTheFiveTuple
2026-09-27T16:01:40.6666576Z [       OK ] FlowKeyFamiliesTest.OrderingAmongIpv4KeysStillFollowsTheFiveTuple (0 ms)
2026-09-27T16:01:40.6667550Z [ RUN      ] FlowKeyFamiliesTest.AnIpv4SampleIsStillAnIpv4FlowWithTheSameFiveTuple
2026-09-27T16:01:40.6672817Z [       OK ] FlowKeyFamiliesTest.AnIpv4SampleIsStillAnIpv4FlowWithTheSameFiveTuple (0 ms)
2026-09-27T16:01:40.6673734Z [ RUN      ] FlowKeyFamiliesTest.AnArpSampleBanksItsLinkBytesAndIsObservedAsL2
2026-09-27T16:01:40.6678822Z [       OK ] FlowKeyFamiliesTest.AnArpSampleBanksItsLinkBytesAndIsObservedAsL2 (0 ms)
2026-09-27T16:01:40.6679695Z [ RUN      ] FlowKeyFamiliesTest.ACustomEtherTypeSampleBanksItsLinkBytesAndIsObservedAsL2
2026-09-27T16:01:40.6684473Z [       OK ] FlowKeyFamiliesTest.ACustomEtherTypeSampleBanksItsLinkBytesAndIsObservedAsL2 (0 ms)
2026-09-27T16:01:40.6741089Z [ RUN      ] FlowKeyFamiliesTest.AnIpv6UdpSampleIsObservedWithItsAddressesAndPorts
2026-09-27T16:01:40.6742500Z [       OK ] FlowKeyFamiliesTest.AnIpv6UdpSampleIsObservedWithItsAddressesAndPorts (0 ms)
2026-09-27T16:01:40.6743178Z [ RUN      ] FlowKeyFamiliesTest.Ipv4OptionsMoveThePortsAndTheParserFollowsThem
2026-09-27T16:01:40.6744292Z [       OK ] FlowKeyFamiliesTest.Ipv4OptionsMoveThePortsAndTheParserFollowsThem (0 ms)
2026-09-27T16:01:40.6745144Z [ RUN      ] FlowKeyFamiliesTest.AVlanTaggedIpv4SampleIsIdentifiedAsIpv4AfterOneTagIsStripped
2026-09-27T16:01:40.6745924Z [       OK ] FlowKeyFamiliesTest.AVlanTaggedIpv4SampleIsIdentifiedAsIpv4AfterOneTagIsStripped (0 ms)
2026-09-27T16:01:40.6746712Z [ RUN      ] FlowKeyFamiliesTest.AnIhlBelowFiveIsCountedAndRecordedAsNoFlowButStillBanksItsBytes
2026-09-27T16:01:40.6747513Z [       OK ] FlowKeyFamiliesTest.AnIhlBelowFiveIsCountedAndRecordedAsNoFlowButStillBanksItsBytes (0 ms)
2026-09-27T16:01:40.6748643Z [ RUN      ] FlowKeyFamiliesTest.AnEgressOnlySampleCreditsTheEgressBankAndOnlyThat
2026-09-27T16:01:40.6749445Z [       OK ] FlowKeyFamiliesTest.AnEgressOnlySampleCreditsTheEgressBankAndOnlyThat (0 ms)
2026-09-27T16:01:40.6750109Z [ RUN      ] FlowKeyFamiliesTest.TheTwoHalvesOfADualPortSampleAreTheTwoOneSidedSamples
2026-09-27T16:01:40.6750789Z [       OK ] FlowKeyFamiliesTest.TheTwoHalvesOfADualPortSampleAreTheTwoOneSidedSamples (0 ms)
2026-09-27T16:01:40.6752017Z [ RUN      ] FlowKeyFamiliesTest.TheStatsObjectCarriesEveryFamilyAndTheNonIpv4Identities
2026-09-27T16:01:40.6752735Z [       OK ] FlowKeyFamiliesTest.TheStatsObjectCarriesEveryFamilyAndTheNonIpv4Identities (0 ms)
2026-09-27T16:01:40.6753398Z [ RUN      ] FlowKeyFamiliesTest.RepeatedFramesOfOneIdentityAccumulateOnOneRow
2026-09-27T16:01:40.6754009Z [       OK ] FlowKeyFamiliesTest.RepeatedFramesOfOneIdentityAccumulateOnOneRow (0 ms)
2026-09-27T16:01:40.6754637Z [ RUN      ] FlowKeyFamiliesTest.OneIpv4FlowStaysOneRowWhenTheMacsChangeAtEveryHop
2026-09-27T16:01:40.6755273Z [       OK ] FlowKeyFamiliesTest.OneIpv4FlowStaysOneRowWhenTheMacsChangeAtEveryHop (0 ms)
2026-09-27T16:01:40.6755858Z [ RUN      ] FlowKeyFamiliesTest.TheParsersOwnIpv4KeyCarriesNoL2Fields
2026-09-27T16:01:40.6756384Z [       OK ] FlowKeyFamiliesTest.TheParsersOwnIpv4KeyCarriesNoL2Fields (0 ms)
2026-09-27T16:01:40.6756888Z [ RUN      ] FlowKeyFamiliesTest.AnIpv6KeyCarriesNoL2FieldsEither
2026-09-27T16:01:40.6757363Z [       OK ] FlowKeyFamiliesTest.AnIpv6KeyCarriesNoL2FieldsEither (0 ms)
2026-09-27T16:01:40.6757941Z [ RUN      ] FlowKeyFamiliesTest.ANonFirstFragmentBanksItsBytesAndDoesNotEndTheDatagram
2026-09-27T16:01:40.6758658Z [       OK ] FlowKeyFamiliesTest.ANonFirstFragmentBanksItsBytesAndDoesNotEndTheDatagram (0 ms)
2026-09-27T16:01:40.6759320Z [ RUN      ] FlowKeyFamiliesTest.AnHpeSampleIsReadFromWhereTheBranchSaysTheFrameIs
2026-09-27T16:01:40.6759958Z [       OK ] FlowKeyFamiliesTest.AnHpeSampleIsReadFromWhereTheBranchSaysTheFrameIs (0 ms)
2026-09-27T16:01:40.6760661Z [ RUN      ] FlowKeyFamiliesTest.TheSideTableEvictsItsOldestIdentityRatherThanRefusingNewOnes
2026-09-27T16:01:40.7240561Z [       OK ] FlowKeyFamiliesTest.TheSideTableEvictsItsOldestIdentityRatherThanRefusingNewOnes (48 ms)
2026-09-27T16:01:40.7242347Z [ RUN      ] FlowKeyFamiliesTest.AnArpOnlySwitchCountsAsASwitchThatIsSampling
2026-09-27T16:01:40.7245458Z [       OK ] FlowKeyFamiliesTest.AnArpOnlySwitchCountsAsASwitchThatIsSampling (0 ms)
2026-09-27T16:01:40.7246891Z [ RUN      ] FlowKeyFamiliesTest.TheSideTableEvictsTheLeastRecentlySeenIdentityAndAHitCountsAsSeen
2026-09-27T16:01:40.7571540Z [       OK ] FlowKeyFamiliesTest.TheSideTableEvictsTheLeastRecentlySeenIdentityAndAHitCountsAsSeen (32 ms)
2026-09-27T16:01:40.7573469Z [ RUN      ] FlowKeyFamiliesTest.AnIcmpv6SampleCarriesItsTypeAndItsWholeCodeInThePortFields
2026-09-27T16:01:40.7576995Z [       OK ] FlowKeyFamiliesTest.AnIcmpv6SampleCarriesItsTypeAndItsWholeCodeInThePortFields (0 ms)
2026-09-27T16:01:40.7579064Z [ RUN      ] FlowKeyFamiliesTest.AnIpv4SampleOfAnotherProtocolBanksItsBytesAndIsCountedWithoutBeingAFlow
2026-09-27T16:01:40.7582571Z [       OK ] FlowKeyFamiliesTest.AnIpv4SampleOfAnotherProtocolBanksItsBytesAndIsCountedWithoutBeingAFlow (0 ms)
2026-09-27T16:01:40.7583868Z [ RUN      ] FlowKeyFamiliesTest.AnHpeIcmpSampleCarriesTheRealIcmpTypeRatherThanAConstantZero
2026-09-27T16:01:40.7586744Z [       OK ] FlowKeyFamiliesTest.AnHpeIcmpSampleCarriesTheRealIcmpTypeRatherThanAConstantZero (0 ms)
2026-09-27T16:01:40.7587950Z [ RUN      ] FlowKeyFamiliesTest.AVlanTaggedIpv6SampleIsIdentifiedAsIpv6AfterOneTagIsStripped
2026-09-27T16:01:40.7592366Z [       OK ] FlowKeyFamiliesTest.AVlanTaggedIpv6SampleIsIdentifiedAsIpv6AfterOneTagIsStripped (0 ms)
2026-09-27T16:01:40.7593365Z [----------] 26 tests from FlowKeyFamiliesTest (93 ms total)
2026-09-27T16:01:40.7593650Z 
2026-09-27T16:01:40.7593879Z [----------] 7 tests from ClassifierDropRule
2026-09-27T16:01:40.7594652Z [ RUN      ] ClassifierDropRule.IngestingARuleWithNoActionsDoesNotCrash
2026-09-27T16:01:40.7595339Z [       OK ] ClassifierDropRule.IngestingARuleWithNoActionsDoesNotCrash (0 ms)
2026-09-27T16:01:40.7595949Z [ RUN      ] ClassifierDropRule.ADropRuleAmongNormalOnesDoesNotCrash
2026-09-27T16:01:40.7599167Z [       OK ] ClassifierDropRule.ADropRuleAmongNormalOnesDoesNotCrash (0 ms)
2026-09-27T16:01:40.7600016Z [ RUN      ] ClassifierDropRule.AnUnparseableOutputTargetAlsoYieldsNoOutputPort
2026-09-27T16:01:40.7601267Z [       OK ] ClassifierDropRule.AnUnparseableOutputTargetAlsoYieldsNoOutputPort (0 ms)
2026-09-27T16:01:40.7602416Z [ RUN      ] ClassifierDropRule.LookupOnATableWhoseOnlyRuleDropsDoesNotCrash
2026-09-27T16:01:40.7603091Z [       OK ] ClassifierDropRule.LookupOnATableWhoseOnlyRuleDropsDoesNotCrash (0 ms)
2026-09-27T16:01:40.7603659Z [ RUN      ] ClassifierDropRule.ANegativePriorityDoesNotCrashTheLookup
2026-09-27T16:01:40.7604412Z [       OK ] ClassifierDropRule.ANegativePriorityDoesNotCrashTheLookup (0 ms)
2026-09-27T16:01:40.7605014Z [ RUN      ] ClassifierDropRule.TheHighestPriorityRuleStillWinsAcrossSubtables
2026-09-27T16:01:40.7606135Z [       OK ] ClassifierDropRule.TheHighestPriorityRuleStillWinsAcrossSubtables (0 ms)
2026-09-27T16:01:40.7606924Z [ RUN      ] ClassifierDropRule.ANormalRuleStillReportsItsOutputPort
2026-09-27T16:01:40.7607833Z [       OK ] ClassifierDropRule.ANormalRuleStillReportsItsOutputPort (0 ms)
2026-09-27T16:01:40.7608625Z [----------] 7 tests from ClassifierDropRule (1 ms total)
2026-09-27T16:01:40.7609021Z 
2026-09-27T16:01:40.7609186Z [----------] 8 tests from EventBusTest
2026-09-27T16:01:40.7609739Z [ RUN      ] EventBusTest.EmitWithNoHandlersDoesNothing
2026-09-27T16:01:40.7610263Z [       OK ] EventBusTest.EmitWithNoHandlersDoesNothing (0 ms)
2026-09-27T16:01:40.7610860Z [ RUN      ] EventBusTest.DeliversToEveryHandlerForThatType
2026-09-27T16:01:40.7611789Z [       OK ] EventBusTest.DeliversToEveryHandlerForThatType (0 ms)
2026-09-27T16:01:40.7612554Z [ RUN      ] EventBusTest.DoesNotDeliverToHandlersForOtherTypes
2026-09-27T16:01:40.7613410Z [       OK ] EventBusTest.DoesNotDeliverToHandlersForOtherTypes (0 ms)
2026-09-27T16:01:40.7614154Z [ RUN      ] EventBusTest.HandlerCarriesThePayload
2026-09-27T16:01:40.7614905Z [       OK ] EventBusTest.HandlerCarriesThePayload (0 ms)
2026-09-27T16:01:40.7615714Z [ RUN      ] EventBusTest.AHandlerMayRegisterAnotherHandler
2026-09-27T16:01:40.7616577Z [       OK ] EventBusTest.AHandlerMayRegisterAnotherHandler (0 ms)
2026-09-27T16:01:40.7617392Z [ RUN      ] EventBusTest.AHandlerMayEmitAnotherEvent
2026-09-27T16:01:40.7618137Z [       OK ] EventBusTest.AHandlerMayEmitAnotherEvent (0 ms)
2026-09-27T16:01:40.7619167Z [ RUN      ] EventBusTest.AHandlerMayEmitTheSameEventTypeWithoutInfiniteRecursion
2026-09-27T16:01:40.7620424Z [       OK ] EventBusTest.AHandlerMayEmitTheSameEventTypeWithoutInfiniteRecursion (0 ms)
2026-09-27T16:01:40.7621573Z [ RUN      ] EventBusTest.ConcurrentEmitAndRegisterDoNotDeadlock
2026-09-27T16:01:40.7653616Z [       OK ] EventBusTest.ConcurrentEmitAndRegisterDoNotDeadlock (4 ms)
2026-09-27T16:01:40.7654422Z [----------] 8 tests from EventBusTest (4 ms total)
2026-09-27T16:01:40.7654661Z 
2026-09-27T16:01:40.7654790Z [----------] 11 tests from P4FlowStatsToClassifier
2026-09-27T16:01:40.7655231Z [ RUN      ] P4FlowStatsToClassifier.AnEmptyTableClearsTheRulesItReplaces
2026-09-27T16:01:40.7657029Z [       OK ] P4FlowStatsToClassifier.AnEmptyTableClearsTheRulesItReplaces (0 ms)
2026-09-27T16:01:40.7657940Z [ RUN      ] P4FlowStatsToClassifier.AnEmptyTableStillCountsAsHavingHeardFromTheSwitch
2026-09-27T16:01:40.7658631Z [       OK ] P4FlowStatsToClassifier.AnEmptyTableStillCountsAsHavingHeardFromTheSwitch (0 ms)
2026-09-27T16:01:40.7659460Z [ RUN      ] P4FlowStatsToClassifier.AMalformedTableLeavesTheExistingRulesAlone
2026-09-27T16:01:40.7660390Z [       OK ] P4FlowStatsToClassifier.AMalformedTableLeavesTheExistingRulesAlone (0 ms)
2026-09-27T16:01:40.7660957Z [ RUN      ] P4FlowStatsToClassifier.TheProxyResponseIsIngestedAtAll
2026-09-27T16:01:40.7661998Z [       OK ] P4FlowStatsToClassifier.TheProxyResponseIsIngestedAtAll (0 ms)
2026-09-27T16:01:40.7662918Z [ RUN      ] P4FlowStatsToClassifier.ALookupYieldsANonEmptyOutputPort
2026-09-27T16:01:40.7664648Z [       OK ] P4FlowStatsToClassifier.ALookupYieldsANonEmptyOutputPort (0 ms)
2026-09-27T16:01:40.7665432Z [ RUN      ] P4FlowStatsToClassifier.TheHigherPriorityFiveTupleRuleWins
2026-09-27T16:01:40.7666729Z [       OK ] P4FlowStatsToClassifier.TheHigherPriorityFiveTupleRuleWins (0 ms)
2026-09-27T16:01:40.7667799Z [ RUN      ] P4FlowStatsToClassifier.TrafficNotCoveredByTheFiveTupleRuleFallsBackToTheLpmRoute
2026-09-27T16:01:40.7669174Z [       OK ] P4FlowStatsToClassifier.TrafficNotCoveredByTheFiveTupleRuleFallsBackToTheLpmRoute (0 ms)
2026-09-27T16:01:40.7670020Z [ RUN      ] P4FlowStatsToClassifier.AnObjectFormActionWouldNotHaveWorked
2026-09-27T16:01:40.7671909Z [       OK ] P4FlowStatsToClassifier.AnObjectFormActionWouldNotHaveWorked (0 ms)
2026-09-27T16:01:40.7672837Z [ RUN      ] P4FlowStatsToClassifier.AnEmptyFlowListIsHandledCleanly
2026-09-27T16:01:40.7673348Z [       OK ] P4FlowStatsToClassifier.AnEmptyFlowListIsHandledCleanly (0 ms)
2026-09-27T16:01:40.7674436Z [ RUN      ] P4FlowStatsToClassifier.AVlanMatchIsIngestedRatherThanPoisoningEveryLaterPoll
2026-09-27T16:01:40.7675184Z [       OK ] P4FlowStatsToClassifier.AVlanMatchIsIngestedRatherThanPoisoningEveryLaterPoll (0 ms)
2026-09-27T16:01:40.7675862Z [ RUN      ] P4FlowStatsToClassifier.AVlanRuleDoesNotStopTheSwitchesPolledAfterIt
2026-09-27T16:01:40.7677102Z [       OK ] P4FlowStatsToClassifier.AVlanRuleDoesNotStopTheSwitchesPolledAfterIt (0 ms)
2026-09-27T16:01:40.7678051Z [----------] 11 tests from P4FlowStatsToClassifier (2 ms total)
2026-09-27T16:01:40.7678466Z 
2026-09-27T16:01:40.7678638Z [----------] 7 tests from OvsLivenessTest
2026-09-27T16:01:40.7679155Z [ RUN      ] OvsLivenessTest.APresentBridgeIsUp
2026-09-27T16:01:40.7679739Z [       OK ] OvsLivenessTest.APresentBridgeIsUp (0 ms)
2026-09-27T16:01:40.7680334Z [ RUN      ] OvsLivenessTest.AnAbsentBridgeIsDown
2026-09-27T16:01:40.7680931Z [       OK ] OvsLivenessTest.AnAbsentBridgeIsDown (0 ms)
2026-09-27T16:01:40.7681806Z [ RUN      ] OvsLivenessTest.AFailedQueryIsUnknownRatherThanDown
2026-09-27T16:01:40.7682618Z [       OK ] OvsLivenessTest.AFailedQueryIsUnknownRatherThanDown (0 ms)
2026-09-27T16:01:40.7683452Z [ RUN      ] OvsLivenessTest.AnEmptyButSuccessfulQueryStillMeansDown
2026-09-27T16:01:40.7684129Z [       OK ] OvsLivenessTest.AnEmptyButSuccessfulQueryStillMeansDown (0 ms)
2026-09-27T16:01:40.7685030Z [ RUN      ] OvsLivenessTest.TheDecisionIsSymmetricSoASwitchCanRecover
2026-09-27T16:01:40.7685976Z [       OK ] OvsLivenessTest.TheDecisionIsSymmetricSoASwitchCanRecover (0 ms)
2026-09-27T16:01:40.7686983Z [ RUN      ] OvsLivenessTest.MatchingIsExactSoSimilarNamesDoNotSatisfyEachOther
2026-09-27T16:01:40.7688067Z [       OK ] OvsLivenessTest.MatchingIsExactSoSimilarNamesDoNotSatisfyEachOther (0 ms)
2026-09-27T16:01:40.7689340Z [ RUN      ] OvsLivenessTest.AnEmptyBridgeNameIsNotMatchedByAccident
2026-09-27T16:01:40.7690028Z [       OK ] OvsLivenessTest.AnEmptyBridgeNameIsNotMatchedByAccident (0 ms)
2026-09-27T16:01:40.7690798Z [----------] 7 tests from OvsLivenessTest (0 ms total)
2026-09-27T16:01:40.7691030Z 
2026-09-27T16:01:40.7691185Z [----------] 4 tests from FailureRunTest
2026-09-27T16:01:40.7692173Z [ RUN      ] FailureRunTest.OnlyTheFirstFailureOfARunReports
2026-09-27T16:01:40.7692755Z [       OK ] FailureRunTest.OnlyTheFirstFailureOfARunReports (0 ms)
2026-09-27T16:01:40.7693459Z [ RUN      ] FailureRunTest.SuccessWithNoOpenRunSaysNothing
2026-09-27T16:01:40.7694118Z [       OK ] FailureRunTest.SuccessWithNoOpenRunSaysNothing (0 ms)
2026-09-27T16:01:40.7694566Z [ RUN      ] FailureRunTest.RecoveryReportsTheRunLengthExactlyOnce
2026-09-27T16:01:40.7695033Z [       OK ] FailureRunTest.RecoveryReportsTheRunLengthExactlyOnce (0 ms)
2026-09-27T16:01:40.7695571Z [ RUN      ] FailureRunTest.ASecondRunReportsAgainRatherThanStayingQuietForever
2026-09-27T16:01:40.7696168Z [       OK ] FailureRunTest.ASecondRunReportsAgainRatherThanStayingQuietForever (0 ms)
2026-09-27T16:01:40.7696649Z [----------] 4 tests from FailureRunTest (0 ms total)
2026-09-27T16:01:40.7696857Z 
2026-09-27T16:01:40.7696960Z [----------] 12 tests from CommandStatusTest
2026-09-27T16:01:40.7697378Z [ RUN      ] CommandStatusTest.AnExitCodeIsReportedAsAnExitCodeNotAWaitStatus
2026-09-27T16:01:40.7697955Z [       OK ] CommandStatusTest.AnExitCodeIsReportedAsAnExitCodeNotAWaitStatus (0 ms)
2026-09-27T16:01:40.7698765Z [ RUN      ] CommandStatusTest.TheTwoStatusesThisCommandActuallyProducesAreExplained
2026-09-27T16:01:40.7699412Z [       OK ] CommandStatusTest.TheTwoStatusesThisCommandActuallyProducesAreExplained (0 ms)
2026-09-27T16:01:40.7700046Z [ RUN      ] CommandStatusTest.ASignalledCommandIsNotReportedAsAnExitCode
2026-09-27T16:01:40.7700609Z [       OK ] CommandStatusTest.ASignalledCommandIsNotReportedAsAnExitCode (0 ms)
2026-09-27T16:01:40.7701218Z [ RUN      ] CommandStatusTest.MinusOneIsReportedAsAFailureToReapRatherThanAsSuccess
2026-09-27T16:01:40.7702186Z [       OK ] CommandStatusTest.MinusOneIsReportedAsAFailureToReapRatherThanAsSuccess (0 ms)
2026-09-27T16:01:40.7702782Z [ RUN      ] CommandStatusTest.DecodesAWaitStatusRatherThanPrintingIt
2026-09-27T16:01:40.7703295Z [       OK ] CommandStatusTest.DecodesAWaitStatusRatherThanPrintingIt (0 ms)
2026-09-27T16:01:40.7703828Z [ RUN      ] CommandStatusTest.NamesTheTwoCasesThatSendAnOperatorElsewhere
2026-09-27T16:01:40.7704386Z [       OK ] CommandStatusTest.NamesTheTwoCasesThatSendAnOperatorElsewhere (0 ms)
2026-09-27T16:01:40.7704888Z [ RUN      ] CommandStatusTest.NamesTheToolTheCommandActuallyRan
2026-09-27T16:01:40.7705340Z [       OK ] CommandStatusTest.NamesTheToolTheCommandActuallyRan (0 ms)
2026-09-27T16:01:40.7705834Z [ RUN      ] CommandStatusTest.DoesNotBlameOvsVsctlForAnotherToolsFailure
2026-09-27T16:01:40.7706369Z [       OK ] CommandStatusTest.DoesNotBlameOvsVsctlForAnotherToolsFailure (0 ms)
2026-09-27T16:01:40.7706888Z [ RUN      ] CommandStatusTest.TheSudoHintOnlyAppliesWhenSudoWasUsed
2026-09-27T16:01:40.7707380Z [       OK ] CommandStatusTest.TheSudoHintOnlyAppliesWhenSudoWasUsed (0 ms)
2026-09-27T16:01:40.7707881Z [ RUN      ] CommandStatusTest.SaysSomethingUsefulWithNoCommandAtAll
2026-09-27T16:01:40.7708371Z [       OK ] CommandStatusTest.SaysSomethingUsefulWithNoCommandAtAll (0 ms)
2026-09-27T16:01:40.7708846Z [ RUN      ] CommandStatusTest.ReportsSignalsAndUnreapedChildren
2026-09-27T16:01:40.7709306Z [       OK ] CommandStatusTest.ReportsSignalsAndUnreapedChildren (0 ms)
2026-09-27T16:01:40.7709917Z [ RUN      ] CommandStatusTest.TheNumberInTheMessageIsNeverTheRawStatus
2026-09-27T16:01:40.7710859Z [       OK ] CommandStatusTest.TheNumberInTheMessageIsNeverTheRawStatus (0 ms)
2026-09-27T16:01:40.7711834Z [----------] 12 tests from CommandStatusTest (0 ms total)
2026-09-27T16:01:40.7712221Z 
2026-09-27T16:01:40.7712401Z [----------] 5 tests from SyntheticPowerTest
2026-09-27T16:01:40.7713361Z [ RUN      ] SyntheticPowerTest.IsAPlausibleWattageForEveryTopologySwitch
2026-09-27T16:01:40.7714345Z [       OK ] SyntheticPowerTest.IsAPlausibleWattageForEveryTopologySwitch (0 ms)
2026-09-27T16:01:40.7715161Z [ RUN      ] SyntheticPowerTest.NeverReportsAnAstronomicalValue
2026-09-27T16:01:40.7715617Z [       OK ] SyntheticPowerTest.NeverReportsAnAstronomicalValue (0 ms)
2026-09-27T16:01:40.7716081Z [ RUN      ] SyntheticPowerTest.IsStableAcrossPollsForTheSameSwitch
2026-09-27T16:01:40.7716564Z [       OK ] SyntheticPowerTest.IsStableAcrossPollsForTheSameSwitch (0 ms)
2026-09-27T16:01:40.7717107Z [ RUN      ] SyntheticPowerTest.SwitchesAreSpreadAcrossTheBandNotBunchedAtOneEnd
2026-09-27T16:01:40.7717716Z [       OK ] SyntheticPowerTest.SwitchesAreSpreadAcrossTheBandNotBunchedAtOneEnd (0 ms)
2026-09-27T16:01:40.7718343Z [ RUN      ] SyntheticPowerTest.AnUnexpectedDpidStillYieldsSomethingPlausible
2026-09-27T16:01:40.7718925Z [       OK ] SyntheticPowerTest.AnUnexpectedDpidStillYieldsSomethingPlausible (0 ms)
2026-09-27T16:01:40.7719417Z [----------] 5 tests from SyntheticPowerTest (0 ms total)
2026-09-27T16:01:40.7719632Z 
2026-09-27T16:01:40.7719760Z [----------] 9 tests from SimulatedDeviceMetricsTest
2026-09-27T16:01:40.7720188Z [ RUN      ] SimulatedDeviceMetricsTest.CpuReportsUnavailableForEverySwitch
2026-09-27T16:01:40.7720748Z [       OK ] SimulatedDeviceMetricsTest.CpuReportsUnavailableForEverySwitch (0 ms)
2026-09-27T16:01:40.7721327Z [ RUN      ] SimulatedDeviceMetricsTest.MemoryReportsUnavailableForEverySwitch
2026-09-27T16:01:40.7722364Z [       OK ] SimulatedDeviceMetricsTest.MemoryReportsUnavailableForEverySwitch (0 ms)
2026-09-27T16:01:40.7722983Z [ RUN      ] SimulatedDeviceMetricsTest.TemperatureReportsUnavailableForEverySwitch
2026-09-27T16:01:40.7723628Z [       OK ] SimulatedDeviceMetricsTest.TemperatureReportsUnavailableForEverySwitch (0 ms)
2026-09-27T16:01:40.7724266Z [ RUN      ] SimulatedDeviceMetricsTest.CpuAndMemoryNoLongerDifferOnlyByAccident
2026-09-27T16:01:40.7724871Z [       OK ] SimulatedDeviceMetricsTest.CpuAndMemoryNoLongerDifferOnlyByAccident (0 ms)
2026-09-27T16:01:40.7725458Z [ RUN      ] SimulatedDeviceMetricsTest.NoTwoSwitchesShareAFabricatedNumber
2026-09-27T16:01:40.7726014Z [       OK ] SimulatedDeviceMetricsTest.NoTwoSwitchesShareAFabricatedNumber (0 ms)
2026-09-27T16:01:40.7726643Z [ RUN      ] SimulatedDeviceMetricsTest.TheIntentTranslatorsPerDeviceQueryAgreesWithTheMap
2026-09-27T16:01:40.7727368Z [       OK ] SimulatedDeviceMetricsTest.TheIntentTranslatorsPerDeviceQueryAgreesWithTheMap (0 ms)
2026-09-27T16:01:40.7728035Z [ RUN      ] SimulatedDeviceMetricsTest.ADownSwitchStillReportsTheSameSentinel
2026-09-27T16:01:40.7728652Z [       OK ] SimulatedDeviceMetricsTest.ADownSwitchStillReportsTheSameSentinel (0 ms)
2026-09-27T16:01:40.7729279Z [ RUN      ] SimulatedDeviceMetricsTest.AVertexWithNoIpIsSkippedRatherThanDereferenced
2026-09-27T16:01:40.7729955Z [       OK ] SimulatedDeviceMetricsTest.AVertexWithNoIpIsSkippedRatherThanDereferenced (0 ms)
2026-09-27T16:01:40.7730577Z [ RUN      ] SimulatedDeviceMetricsTest.HostsAreStillOmittedFromEveryReport
2026-09-27T16:01:40.7731132Z [       OK ] SimulatedDeviceMetricsTest.HostsAreStillOmittedFromEveryReport (0 ms)
2026-09-27T16:01:40.7731879Z [----------] 9 tests from SimulatedDeviceMetricsTest (1 ms total)
2026-09-27T16:01:40.7732202Z 
2026-09-27T16:01:40.7732312Z [----------] 7 tests from KeyedFailureLogTest
2026-09-27T16:01:40.7732702Z [ RUN      ] KeyedFailureLogTest.AFailureIsReportedOnceThenStaysQuiet
2026-09-27T16:01:40.7733213Z [       OK ] KeyedFailureLogTest.AFailureIsReportedOnceThenStaysQuiet (1 ms)
2026-09-27T16:01:40.7733723Z [ RUN      ] KeyedFailureLogTest.RecoveryIsReportedWithHowLongItLasted
2026-09-27T16:01:40.7734229Z [       OK ] KeyedFailureLogTest.RecoveryIsReportedWithHowLongItLasted (0 ms)
2026-09-27T16:01:40.7734696Z [ RUN      ] KeyedFailureLogTest.RecoveryIsReportedOnlyOnce
2026-09-27T16:01:40.7735107Z [       OK ] KeyedFailureLogTest.RecoveryIsReportedOnlyOnce (0 ms)
2026-09-27T16:01:40.7735707Z [ RUN      ] KeyedFailureLogTest.AFailureThatReturnsIsReportedAgain
2026-09-27T16:01:40.7736189Z [       OK ] KeyedFailureLogTest.AFailureThatReturnsIsReportedAgain (0 ms)
2026-09-27T16:01:40.7736698Z [ RUN      ] KeyedFailureLogTest.DistinctFailuresAreTrackedIndependently
2026-09-27T16:01:40.7737233Z [       OK ] KeyedFailureLogTest.DistinctFailuresAreTrackedIndependently (0 ms)
2026-09-27T16:01:40.7737726Z [ RUN      ] KeyedFailureLogTest.RepeatsWithinOnePassCountAsOne
2026-09-27T16:01:40.7738176Z [       OK ] KeyedFailureLogTest.RepeatsWithinOnePassCountAsOne (0 ms)
2026-09-27T16:01:40.7738618Z [ RUN      ] KeyedFailureLogTest.AQuietLoopReportsNothingAtAll
2026-09-27T16:01:40.7739059Z [       OK ] KeyedFailureLogTest.AQuietLoopReportsNothingAtAll (0 ms)
2026-09-27T16:01:40.7739466Z [----------] 7 tests from KeyedFailureLogTest (1 ms total)
2026-09-27T16:01:40.7739689Z 
2026-09-27T16:01:40.7739810Z [----------] 5 tests from KeyedFailureLogHoldOffTest
2026-09-27T16:01:40.7740283Z [ RUN      ] KeyedFailureLogHoldOffTest.AFailureShorterThanTheHoldOffIsNeverReported
2026-09-27T16:01:40.7740942Z [       OK ] KeyedFailureLogHoldOffTest.AFailureShorterThanTheHoldOffIsNeverReported (0 ms)
2026-09-27T16:01:40.7741598Z [ RUN      ] KeyedFailureLogHoldOffTest.AFailureThatOutlastsTheHoldOffIsReportedOnce
2026-09-27T16:01:40.7742763Z [       OK ] KeyedFailureLogHoldOffTest.AFailureThatOutlastsTheHoldOffIsReportedOnce (0 ms)
2026-09-27T16:01:40.7743444Z [ RUN      ] KeyedFailureLogHoldOffTest.RecoveryIsReportedOnlyForAFailureThatWasReported
2026-09-27T16:01:40.7744323Z [       OK ] KeyedFailureLogHoldOffTest.RecoveryIsReportedOnlyForAFailureThatWasReported (0 ms)
2026-09-27T16:01:40.7744924Z [ RUN      ] KeyedFailureLogHoldOffTest.TheHoldOffIsPerKeyNotGlobal
2026-09-27T16:01:40.7745402Z [       OK ] KeyedFailureLogHoldOffTest.TheHoldOffIsPerKeyNotGlobal (0 ms)
2026-09-27T16:01:40.7745941Z [ RUN      ] KeyedFailureLogHoldOffTest.ZeroHoldOffKeepsTheImmediateBehaviour
2026-09-27T16:01:40.7746515Z [       OK ] KeyedFailureLogHoldOffTest.ZeroHoldOffKeepsTheImmediateBehaviour (0 ms)
2026-09-27T16:01:40.7747022Z [----------] 5 tests from KeyedFailureLogHoldOffTest (0 ms total)
2026-09-27T16:01:40.7747266Z 
2026-09-27T16:01:40.7747406Z [----------] 7 tests from KeyedFailureLogForgetWindowTest
2026-09-27T16:01:40.7747916Z [ RUN      ] KeyedFailureLogForgetWindowTest.ARepeatedlyInterruptedFailureIsStillReported
2026-09-27T16:01:40.8577055Z [       OK ] KeyedFailureLogForgetWindowTest.ARepeatedlyInterruptedFailureIsStillReported (85 ms)
2026-09-27T16:01:40.8579842Z [ RUN      ] KeyedFailureLogForgetWindowTest.AFlappingFailureAccumulatesTowardsTheHoldOff
2026-09-27T16:01:40.8582942Z [       OK ] KeyedFailureLogForgetWindowTest.AFlappingFailureAccumulatesTowardsTheHoldOff (0 ms)
2026-09-27T16:01:40.8585595Z [ RUN      ] KeyedFailureLogForgetWindowTest.AGapLongerThanTheForgetWindowDoesRestartTheHoldOff
2026-09-27T16:01:40.8588429Z [       OK ] KeyedFailureLogForgetWindowTest.AGapLongerThanTheForgetWindowDoesRestartTheHoldOff (0 ms)
2026-09-27T16:01:40.8590940Z [ RUN      ] KeyedFailureLogForgetWindowTest.TheForgetWindowCanBeSetIndependently
2026-09-27T16:01:40.8593302Z [       OK ] KeyedFailureLogForgetWindowTest.TheForgetWindowCanBeSetIndependently (0 ms)
2026-09-27T16:01:40.8595175Z [ RUN      ] KeyedFailureLogForgetWindowTest.AStaleEntryIsForgottenEvenIfNoPassRanDuringTheGap
2026-09-27T16:01:40.8662634Z [       OK ] KeyedFailureLogForgetWindowTest.AStaleEntryIsForgottenEvenIfNoPassRanDuringTheGap (0 ms)
2026-09-27T16:01:40.8664490Z [ RUN      ] KeyedFailureLogForgetWindowTest.AReportedFailureThatVanishesWithNoFurtherPassesStillRecovers
2026-09-27T16:01:40.8666381Z [       OK ] KeyedFailureLogForgetWindowTest.AReportedFailureThatVanishesWithNoFurtherPassesStillRecovers (0 ms)
2026-09-27T16:01:40.8667921Z [ RUN      ] KeyedFailureLogForgetWindowTest.AZeroHoldOffForgetsImmediatelyAsBefore
2026-09-27T16:01:40.8669214Z [       OK ] KeyedFailureLogForgetWindowTest.AZeroHoldOffForgetsImmediatelyAsBefore (0 ms)
2026-09-27T16:01:40.8677974Z [----------] 7 tests from KeyedFailureLogForgetWindowTest (86 ms total)
2026-09-27T16:01:40.8679000Z 
2026-09-27T16:01:40.8679264Z [----------] 4 tests from IpToStringTest
2026-09-27T16:01:40.8712239Z [ RUN      ] IpToStringTest.ConvertsKnownAddresses
2026-09-27T16:01:40.8712937Z [       OK ] IpToStringTest.ConvertsKnownAddresses (0 ms)
2026-09-27T16:01:40.8740725Z [ RUN      ] IpToStringTest.ConcurrentCallersEachGetTheirOwnAnswer
2026-09-27T16:01:40.8780736Z [       OK ] IpToStringTest.ConcurrentCallersEachGetTheirOwnAnswer (20 ms)
2026-09-27T16:01:40.8782043Z [ RUN      ] IpToStringTest.TheVectorOverloadIsAlsoSafeAndPreservesOrder
2026-09-27T16:01:40.8954101Z [       OK ] IpToStringTest.TheVectorOverloadIsAlsoSafeAndPreservesOrder (17 ms)
2026-09-27T16:01:40.8955022Z [ RUN      ] IpToStringTest.RoundTripsThroughIpStringToUint32
2026-09-27T16:01:40.8955597Z [       OK ] IpToStringTest.RoundTripsThroughIpStringToUint32 (0 ms)
2026-09-27T16:01:40.8956137Z [----------] 4 tests from IpToStringTest (37 ms total)
2026-09-27T16:01:40.8956524Z 
2026-09-27T16:01:40.8956730Z [----------] 7 tests from TryMacToUint64Test
2026-09-27T16:01:40.8957067Z [ RUN      ] TryMacToUint64Test.AWellFormedMacParses
2026-09-27T16:01:40.8957437Z [       OK ] TryMacToUint64Test.AWellFormedMacParses (0 ms)
2026-09-27T16:01:40.8957837Z [ RUN      ] TryMacToUint64Test.TheDashSeparatorIsAcceptedToo
2026-09-27T16:01:40.8958260Z [       OK ] TryMacToUint64Test.TheDashSeparatorIsAcceptedToo (0 ms)
2026-09-27T16:01:40.8959208Z [ RUN      ] TryMacToUint64Test.AMacOneDigitShortIsRefusedRatherThanSilentlyWrong
2026-09-27T16:01:40.8959832Z [       OK ] TryMacToUint64Test.AMacOneDigitShortIsRefusedRatherThanSilentlyWrong (0 ms)
2026-09-27T16:01:40.8960472Z [ RUN      ] TryMacToUint64Test.AnythingThatIsNotExactlySeventeenCharactersIsRefused
2026-09-27T16:01:40.8961116Z [       OK ] TryMacToUint64Test.AnythingThatIsNotExactlySeventeenCharactersIsRefused (0 ms)
2026-09-27T16:01:40.8962106Z [ RUN      ] TryMacToUint64Test.TheSeparatorsMustActuallyBeSeparators
2026-09-27T16:01:40.8962743Z [       OK ] TryMacToUint64Test.TheSeparatorsMustActuallyBeSeparators (0 ms)
2026-09-27T16:01:40.8963203Z [ RUN      ] TryMacToUint64Test.NonHexDigitsAreRefused
2026-09-27T16:01:40.8963577Z [       OK ] TryMacToUint64Test.NonHexDigitsAreRefused (0 ms)
2026-09-27T16:01:40.8964061Z [ RUN      ] TryMacToUint64Test.TheThrowingWrapperStillThrowsAndOnTheSameInputs
2026-09-27T16:01:40.8964665Z [       OK ] TryMacToUint64Test.TheThrowingWrapperStillThrowsAndOnTheSameInputs (0 ms)
2026-09-27T16:01:40.8965165Z [----------] 7 tests from TryMacToUint64Test (0 ms total)
2026-09-27T16:01:40.8965386Z 
2026-09-27T16:01:40.8965497Z [----------] 9 tests from FlowDispatcherTest
2026-09-27T16:01:40.8965832Z [ RUN      ] FlowDispatcherTest.DeliversWhatWasEnqueued
2026-09-27T16:01:40.8978715Z [       OK ] FlowDispatcherTest.DeliversWhatWasEnqueued (2 ms)
2026-09-27T16:01:40.8979431Z [ RUN      ] FlowDispatcherTest.StopReturnsRatherThanDeadlockingOnAnIdleWorker
2026-09-27T16:01:40.9001900Z [       OK ] FlowDispatcherTest.StopReturnsRatherThanDeadlockingOnAnIdleWorker (2 ms)
2026-09-27T16:01:40.9002693Z [ RUN      ] FlowDispatcherTest.StopIsSafeWhileJobsAreStillArriving
2026-09-27T16:01:40.9026773Z [       OK ] FlowDispatcherTest.StopIsSafeWhileJobsAreStillArriving (2 ms)
2026-09-27T16:01:40.9027712Z [ RUN      ] FlowDispatcherTest.EnqueueAfterStopIsDroppedRatherThanSpawningAnUnownedThread
2026-09-27T16:01:40.9550987Z [       OK ] FlowDispatcherTest.EnqueueAfterStopIsDroppedRatherThanSpawningAnUnownedThread (52 ms)
2026-09-27T16:01:40.9552752Z [ RUN      ] FlowDispatcherTest.StopIsIdempotentBecauseTheDestructorCallsItToo
2026-09-27T16:01:40.9572360Z [       OK ] FlowDispatcherTest.StopIsIdempotentBecauseTheDestructorCallsItToo (2 ms)
2026-09-27T16:01:40.9573484Z [ RUN      ] FlowDispatcherTest.EnqueueBeforeStartDoesNotRunWork
2026-09-27T16:01:41.0096372Z [       OK ] FlowDispatcherTest.EnqueueBeforeStartDoesNotRunWork (52 ms)
2026-09-27T16:01:41.0097370Z [ RUN      ] FlowDispatcherTest.DeterministicNoLostWakeupWhenEnqueueRacesWithWorkerSleep
2026-09-27T16:01:41.0160501Z [       OK ] FlowDispatcherTest.DeterministicNoLostWakeupWhenEnqueueRacesWithWorkerSleep (6 ms)
2026-09-27T16:01:41.0161540Z [ RUN      ] FlowDispatcherTest.JobsDroppedAfterStopAreCountedAndNotSilent
2026-09-27T16:01:41.0182065Z [       OK ] FlowDispatcherTest.JobsDroppedAfterStopAreCountedAndNotSilent (2 ms)
2026-09-27T16:01:41.0183024Z [ RUN      ] FlowDispatcherTest.RunningTellsAZeroDropCountApartFromAStoppedQueue
2026-09-27T16:01:41.0184361Z [       OK ] FlowDispatcherTest.RunningTellsAZeroDropCountApartFromAStoppedQueue (0 ms)
2026-09-27T16:01:41.0185253Z [----------] 9 tests from FlowDispatcherTest (122 ms total)
2026-09-27T16:01:41.0185595Z 
2026-09-27T16:01:41.0185769Z [----------] 22 tests from DispatchOutcomeLogTest
2026-09-27T16:01:41.0186354Z [ RUN      ] DispatchOutcomeLogTest.SuccessesAreCountedButNotStored
2026-09-27T16:01:41.0187111Z [       OK ] DispatchOutcomeLogTest.SuccessesAreCountedButNotStored (0 ms)
2026-09-27T16:01:41.0187889Z [ RUN      ] DispatchOutcomeLogTest.AFailureKeepsEnoughIdentityToActOn
2026-09-27T16:01:41.0188675Z [       OK ] DispatchOutcomeLogTest.AFailureKeepsEnoughIdentityToActOn (0 ms)
2026-09-27T16:01:41.0189579Z [ RUN      ] DispatchOutcomeLogTest.UnreachableControllerIsDistinguishableFromRefusal
2026-09-27T16:01:41.0190608Z [       OK ] DispatchOutcomeLogTest.UnreachableControllerIsDistinguishableFromRefusal (0 ms)
2026-09-27T16:01:41.0191582Z [ RUN      ] DispatchOutcomeLogTest.ASuccessBurstDoesNotEvictAnEarlierFailure
2026-09-27T16:01:41.0211593Z [       OK ] DispatchOutcomeLogTest.ASuccessBurstDoesNotEvictAnEarlierFailure (2 ms)
2026-09-27T16:01:41.0212644Z [ RUN      ] DispatchOutcomeLogTest.OverflowDropsTheOldestAndSaysHowMany
2026-09-27T16:01:41.0213495Z [       OK ] DispatchOutcomeLogTest.OverflowDropsTheOldestAndSaysHowMany (0 ms)
2026-09-27T16:01:41.0214585Z [ RUN      ] DispatchOutcomeLogTest.SeqIsGlobalSoGapsBetweenFailuresAreVisible
2026-09-27T16:01:41.0215859Z [       OK ] DispatchOutcomeLogTest.SeqIsGlobalSoGapsBetweenFailuresAreVisible (0 ms)
2026-09-27T16:01:41.0217002Z [ RUN      ] DispatchOutcomeLogTest.ConcurrentRecordersLoseNothing
2026-09-27T16:01:41.0281287Z [       OK ] DispatchOutcomeLogTest.ConcurrentRecordersLoseNothing (6 ms)
2026-09-27T16:01:41.0282488Z [ RUN      ] DispatchOutcomeLogTest.EveryOpHasAName
2026-09-27T16:01:41.0283197Z [       OK ] DispatchOutcomeLogTest.EveryOpHasAName (0 ms)
2026-09-27T16:01:41.0284169Z [ RUN      ] DispatchOutcomeLogTest.ZeroCapacityStillKeepsOneRatherThanDividingByZero
2026-09-27T16:01:41.0285519Z [       OK ] DispatchOutcomeLogTest.ZeroCapacityStillKeepsOneRatherThanDividingByZero (0 ms)
2026-09-27T16:01:41.0286872Z [ RUN      ] DispatchOutcomeLogTest.TheSameMatchDispatchedTwentyTimesCountsTwentyDispatches
2026-09-27T16:01:41.0288306Z [       OK ] DispatchOutcomeLogTest.TheSameMatchDispatchedTwentyTimesCountsTwentyDispatches (0 ms)
2026-09-27T16:01:41.0289648Z [ RUN      ] DispatchOutcomeLogTest.AnOvsDispatchIsUnknownAtTheSwitchAndNotAnAcceptance
2026-09-27T16:01:41.0293532Z [       OK ] DispatchOutcomeLogTest.AnOvsDispatchIsUnknownAtTheSwitchAndNotAnAcceptance (0 ms)
2026-09-27T16:01:41.0294840Z [ RUN      ] DispatchOutcomeLogTest.AConfirmedP4DispatchIsAnAcceptanceBySwitch
2026-09-27T16:01:41.0296016Z [       OK ] DispatchOutcomeLogTest.AConfirmedP4DispatchIsAnAcceptanceBySwitch (0 ms)
2026-09-27T16:01:41.0297087Z [ RUN      ] DispatchOutcomeLogTest.ANoOpDeleteIsNotAnAcceptanceBySwitch
2026-09-27T16:01:41.0298103Z [       OK ] DispatchOutcomeLogTest.ANoOpDeleteIsNotAnAcceptanceBySwitch (0 ms)
2026-09-27T16:01:41.0299195Z [ RUN      ] DispatchOutcomeLogTest.TheSwitchSideGroupClosesAgainstDispatched
2026-09-27T16:01:41.0300284Z [       OK ] DispatchOutcomeLogTest.TheSwitchSideGroupClosesAgainstDispatched (0 ms)
2026-09-27T16:01:41.0301312Z [ RUN      ] DispatchOutcomeLogTest.AnUnansweredRequestBlamesNoSwitch
2026-09-27T16:01:41.0302487Z [       OK ] DispatchOutcomeLogTest.AnUnansweredRequestBlamesNoSwitch (0 ms)
2026-09-27T16:01:41.0303460Z [ RUN      ] DispatchOutcomeLogTest.TheTwoSwitchSideBitsAreNeverBothSet
2026-09-27T16:01:41.0304945Z [       OK ] DispatchOutcomeLogTest.TheTwoSwitchSideBitsAreNeverBothSet (0 ms)
2026-09-27T16:01:41.0305899Z [ RUN      ] DispatchOutcomeLogTest.TwoRequestsDoNotPolluteEachOther
2026-09-27T16:01:41.0306824Z [       OK ] DispatchOutcomeLogTest.TwoRequestsDoNotPolluteEachOther (0 ms)
2026-09-27T16:01:41.0307953Z [ RUN      ] DispatchOutcomeLogTest.ARequestStillDrainingSaysSoRatherThanLookingFinished
2026-09-27T16:01:41.0309296Z [       OK ] DispatchOutcomeLogTest.ARequestStillDrainingSaysSoRatherThanLookingFinished (0 ms)
2026-09-27T16:01:41.0310448Z [ RUN      ] DispatchOutcomeLogTest.AnUnregisteredRequestIsNotInvented
2026-09-27T16:01:41.0311404Z [       OK ] DispatchOutcomeLogTest.AnUnregisteredRequestIsNotInvented (0 ms)
2026-09-27T16:01:41.0312669Z [ RUN      ] DispatchOutcomeLogTest.ReRegisteringAnIdDoesNotResetItsCounts
2026-09-27T16:01:41.0313715Z [       OK ] DispatchOutcomeLogTest.ReRegisteringAnIdDoesNotResetItsCounts (0 ms)
2026-09-27T16:01:41.0314816Z [ RUN      ] DispatchOutcomeLogTest.TheOldestRequestAgesOutAndTheLogSaysHowMany
2026-09-27T16:01:41.0315947Z [       OK ] DispatchOutcomeLogTest.TheOldestRequestAgesOutAndTheLogSaysHowMany (0 ms)
2026-09-27T16:01:41.0317076Z [ RUN      ] DispatchOutcomeLogTest.TheFailureRingIsAsLargeAsADispatcherBurst
2026-09-27T16:01:41.0318163Z [       OK ] DispatchOutcomeLogTest.TheFailureRingIsAsLargeAsADispatcherBurst (0 ms)
2026-09-27T16:01:41.0319091Z [----------] 22 tests from DispatchOutcomeLogTest (10 ms total)
2026-09-27T16:01:41.0319782Z 
2026-09-27T16:01:41.0319992Z [----------] 6 tests from PendingEntryFilterTest
2026-09-27T16:01:41.0320798Z [ RUN      ] PendingEntryFilterTest.APendingEntryIsWithheldUntilConfirmed
2026-09-27T16:01:41.0322177Z [       OK ] PendingEntryFilterTest.APendingEntryIsWithheldUntilConfirmed (0 ms)
2026-09-27T16:01:41.0323228Z [ RUN      ] PendingEntryFilterTest.AConfirmedEntryIsServedAndLosesItsStamp
2026-09-27T16:01:41.0324297Z [       OK ] PendingEntryFilterTest.AConfirmedEntryIsServedAndLosesItsStamp (0 ms)
2026-09-27T16:01:41.0325533Z [ RUN      ] PendingEntryFilterTest.PolledEntriesAreNeverTouchedEvenWhenNothingIsConfirmed
2026-09-27T16:01:41.0326986Z [       OK ] PendingEntryFilterTest.PolledEntriesAreNeverTouchedEvenWhenNothingIsConfirmed (0 ms)
2026-09-27T16:01:41.0328335Z [ RUN      ] PendingEntryFilterTest.TheFilterIsKeyedOnProvenanceNotOnLookingLikeARequest
2026-09-27T16:01:41.0329669Z [       OK ] PendingEntryFilterTest.TheFilterIsKeyedOnProvenanceNotOnLookingLikeARequest (0 ms)
2026-09-27T16:01:41.0331038Z [ RUN      ] PendingEntryFilterTest.AnUnwiredPredicateWithholdsRatherThanRestoresThePhantom
2026-09-27T16:01:41.0332640Z [       OK ] PendingEntryFilterTest.AnUnwiredPredicateWithholdsRatherThanRestoresThePhantom (0 ms)
2026-09-27T16:01:41.0333941Z [ RUN      ] PendingEntryFilterTest.MalformedShapesAreLeftAloneRatherThanThrowing
2026-09-27T16:01:41.0335145Z [       OK ] PendingEntryFilterTest.MalformedShapesAreLeftAloneRatherThanThrowing (0 ms)
2026-09-27T16:01:41.0336126Z [----------] 6 tests from PendingEntryFilterTest (0 ms total)
2026-09-27T16:01:41.0336552Z 
2026-09-27T16:01:41.0336745Z [----------] 2 tests from ProgrammedTokenTest
2026-09-27T16:01:41.0337575Z [ RUN      ] ProgrammedTokenTest.OnlyAnAdjudicatingSouthboundSuccessConfirmsAToken
2026-09-27T16:01:41.0338771Z [       OK ] ProgrammedTokenTest.OnlyAnAdjudicatingSouthboundSuccessConfirmsAToken (0 ms)
2026-09-27T16:01:41.0340041Z [ RUN      ] ProgrammedTokenTest.ForgettingATokenHidesARealEntryRatherThanShowingAPhantom
2026-09-27T16:01:41.0371033Z [       OK ] ProgrammedTokenTest.ForgettingATokenHidesARealEntryRatherThanShowingAPhantom (7 ms)
2026-09-27T16:01:41.0372368Z [----------] 2 tests from ProgrammedTokenTest (7 ms total)
2026-09-27T16:01:41.0372756Z 
2026-09-27T16:01:41.0372933Z [----------] 11 tests from ControllerTest
2026-09-27T16:01:41.0373595Z [ RUN      ] ControllerTest.EachFlowOpReachesItsOwnManagerMethod
2026-09-27T16:01:41.0397321Z [       OK ] ControllerTest.EachFlowOpReachesItsOwnManagerMethod (2 ms)
2026-09-27T16:01:41.0398268Z [ RUN      ] ControllerTest.TheJobsFieldsArePassedThroughRatherThanDefaulted
2026-09-27T16:01:41.0419101Z [       OK ] ControllerTest.TheJobsFieldsArePassedThroughRatherThanDefaulted (2 ms)
2026-09-27T16:01:41.0419864Z [ RUN      ] ControllerTest.ADeleteKeepsItsPriorityIncludingTheNonStrictDefault
2026-09-27T16:01:41.0441015Z [       OK ] ControllerTest.ADeleteKeepsItsPriorityIncludingTheNonStrictDefault (2 ms)
2026-09-27T16:01:41.0442175Z [ RUN      ] ControllerTest.AFailedResultDoesNotStopTheRestOfTheBatch
2026-09-27T16:01:41.0467182Z [       OK ] ControllerTest.AFailedResultDoesNotStopTheRestOfTheBatch (2 ms)
2026-09-27T16:01:41.0467961Z [ RUN      ] ControllerTest.ASuccessfulResultIsAlsoFineAndNothingIsRetried
2026-09-27T16:01:41.1492767Z [       OK ] ControllerTest.ASuccessfulResultIsAlsoFineAndNothingIsRetried (102 ms)
2026-09-27T16:01:41.1493758Z [ RUN      ] ControllerTest.AFailedDispatchIsReportedWithTheDpidAndTheControllersReply
2026-09-27T16:01:41.1514068Z [       OK ] ControllerTest.AFailedDispatchIsReportedWithTheDpidAndTheControllersReply (2 ms)
2026-09-27T16:01:41.1514996Z [ RUN      ] ControllerTest.EachOperationNamesItselfWhenItFails
2026-09-27T16:01:41.1581171Z [       OK ] ControllerTest.EachOperationNamesItselfWhenItFails (6 ms)
2026-09-27T16:01:41.1582367Z [ RUN      ] ControllerTest.ASuccessfulDispatchReportsNothing
2026-09-27T16:01:41.2407174Z [       OK ] ControllerTest.ASuccessfulDispatchReportsNothing (82 ms)
2026-09-27T16:01:41.2408733Z [ RUN      ] ControllerTest.AFailedDispatchReachesTheDispatchOutcomeLog
2026-09-27T16:01:41.2429652Z [       OK ] ControllerTest.AFailedDispatchReachesTheDispatchOutcomeLog (2 ms)
2026-09-27T16:01:41.2430711Z [ RUN      ] ControllerTest.ASuccessfulDispatchIsCountedEvenThoughNothingIsStored
2026-09-27T16:01:41.2452885Z [       OK ] ControllerTest.ASuccessfulDispatchIsCountedEvenThoughNothingIsStored (2 ms)
2026-09-27T16:01:41.2454756Z [ RUN      ] ControllerTest.EveryOperationsFailureIsRecordedNotJustInstalls
2026-09-27T16:01:41.2521991Z [       OK ] ControllerTest.EveryOperationsFailureIsRecordedNotJustInstalls (6 ms)
2026-09-27T16:01:41.2523263Z [----------] 11 tests from ControllerTest (214 ms total)
2026-09-27T16:01:41.2523727Z 
2026-09-27T16:01:41.2523930Z [----------] 5 tests from TryIpStringToUint32Test
2026-09-27T16:01:41.2524518Z [ RUN      ] TryIpStringToUint32Test.ParsesDottedQuads
2026-09-27T16:01:41.2525173Z [       OK ] TryIpStringToUint32Test.ParsesDottedQuads (0 ms)
2026-09-27T16:01:41.2525988Z [ RUN      ] TryIpStringToUint32Test.RejectsTheStringThatUsedToProduceA500
2026-09-27T16:01:41.2526939Z [       OK ] TryIpStringToUint32Test.RejectsTheStringThatUsedToProduceA500 (0 ms)
2026-09-27T16:01:41.2528631Z [ RUN      ] TryIpStringToUint32Test.RejectsEmptyRatherThanTreatingItAsZero
2026-09-27T16:01:41.2529597Z [       OK ] TryIpStringToUint32Test.RejectsEmptyRatherThanTreatingItAsZero (0 ms)
2026-09-27T16:01:41.2530838Z [ RUN      ] TryIpStringToUint32Test.RejectsOutOfRangeOctetsAndGarbage
2026-09-27T16:01:41.2532373Z [       OK ] TryIpStringToUint32Test.RejectsOutOfRangeOctetsAndGarbage (0 ms)
2026-09-27T16:01:41.2533909Z [ RUN      ] TryIpStringToUint32Test.TheShortFormsInetAtonAcceptsAreDocumentedNotAssumed
2026-09-27T16:01:41.2535420Z [       OK ] TryIpStringToUint32Test.TheShortFormsInetAtonAcceptsAreDocumentedNotAssumed (0 ms)
2026-09-27T16:01:41.2536764Z [----------] 5 tests from TryIpStringToUint32Test (0 ms total)
2026-09-27T16:01:41.2537322Z 
2026-09-27T16:01:41.2537630Z [----------] 6 tests from TryParseUint64Test
2026-09-27T16:01:41.2538616Z [ RUN      ] TryParseUint64Test.ParsesPlainDigits
2026-09-27T16:01:41.2539407Z [       OK ] TryParseUint64Test.ParsesPlainDigits (0 ms)
2026-09-27T16:01:41.2540029Z [ RUN      ] TryParseUint64Test.RejectsTheStringThatUsedToProduceA500
2026-09-27T16:01:41.2540782Z [       OK ] TryParseUint64Test.RejectsTheStringThatUsedToProduceA500 (0 ms)
2026-09-27T16:01:41.2541337Z [ RUN      ] TryParseUint64Test.IsStricterThanStoullSoAMistypedDpidIsRefused
2026-09-27T16:01:41.2542576Z [       OK ] TryParseUint64Test.IsStricterThanStoullSoAMistypedDpidIsRefused (0 ms)
2026-09-27T16:01:41.2543173Z [ RUN      ] TryParseUint64Test.RefusesSomethingTooLargeRatherThanWrapping
2026-09-27T16:01:41.2543742Z [       OK ] TryParseUint64Test.RefusesSomethingTooLargeRatherThanWrapping (0 ms)
2026-09-27T16:01:41.2544211Z [ RUN      ] TryParseUint64Test.RejectsEmpty
2026-09-27T16:01:41.2544544Z [       OK ] TryParseUint64Test.RejectsEmpty (0 ms)
2026-09-27T16:01:41.2544955Z [ RUN      ] TryParseUint64Test.DoesNotThrowOnAnythingItRejects
2026-09-27T16:01:41.2545428Z [       OK ] TryParseUint64Test.DoesNotThrowOnAnythingItRejects (0 ms)
2026-09-27T16:01:41.2545856Z [----------] 6 tests from TryParseUint64Test (1 ms total)
2026-09-27T16:01:41.2546080Z 
2026-09-27T16:01:41.2546179Z [----------] 9 tests from QueryParamTest
2026-09-27T16:01:41.2546479Z [ RUN      ] QueryParamTest.ReadsAValueByName
2026-09-27T16:01:41.2546817Z [       OK ] QueryParamTest.ReadsAValueByName (0 ms)
2026-09-27T16:01:41.2547224Z [ RUN      ] QueryParamTest.ReadsAValueThatIsNotTheFirstOrTheLast
2026-09-27T16:01:41.2547705Z [       OK ] QueryParamTest.ReadsAValueThatIsNotTheFirstOrTheLast (0 ms)
2026-09-27T16:01:41.2548233Z [ RUN      ] QueryParamTest.AnAbsentKeyAndAnAbsentQueryStringBothGiveEmpty
2026-09-27T16:01:41.2548812Z [       OK ] QueryParamTest.AnAbsentKeyAndAnAbsentQueryStringBothGiveEmpty (0 ms)
2026-09-27T16:01:41.2549381Z [ RUN      ] QueryParamTest.AnEmptyValueIsIndistinguishableFromAMissingOne
2026-09-27T16:01:41.2550109Z [       OK ] QueryParamTest.AnEmptyValueIsIndistinguishableFromAMissingOne (0 ms)
2026-09-27T16:01:41.2550876Z [ RUN      ] QueryParamTest.TheValueStopsAtTheNextAmpersand
2026-09-27T16:01:41.2551383Z [       OK ] QueryParamTest.TheValueStopsAtTheNextAmpersand (0 ms)
2026-09-27T16:01:41.2552428Z [ RUN      ] QueryParamTest.KeysAreComparedExactlyAndPrefixesDoNotMatch
2026-09-27T16:01:41.2553390Z [       OK ] QueryParamTest.KeysAreComparedExactlyAndPrefixesDoNotMatch (0 ms)
2026-09-27T16:01:41.2554601Z [ RUN      ] QueryParamTest.APairWithNoEqualsIsSkippedAndOnlyStopsTheScanWhenNoEqualsRemains
2026-09-27T16:01:41.2556026Z [       OK ] QueryParamTest.APairWithNoEqualsIsSkippedAndOnlyStopsTheScanWhenNoEqualsRemains (0 ms)
2026-09-27T16:01:41.2556640Z [ RUN      ] QueryParamTest.NoPercentDecodingAndNoPlusAsSpace
2026-09-27T16:01:41.2557076Z [       OK ] QueryParamTest.NoPercentDecodingAndNoPlusAsSpace (0 ms)
2026-09-27T16:01:41.2557564Z [ RUN      ] QueryParamTest.AQuestionMarkInsideAValueDoesNotRestartParsing
2026-09-27T16:01:41.2558127Z [       OK ] QueryParamTest.AQuestionMarkInsideAValueDoesNotRestartParsing (0 ms)
2026-09-27T16:01:41.2558587Z [----------] 9 tests from QueryParamTest (0 ms total)
2026-09-27T16:01:41.2558794Z 
2026-09-27T16:01:41.2558913Z [----------] 4 tests from TryParseHexUint64Test
2026-09-27T16:01:41.2559275Z [ RUN      ] TryParseHexUint64Test.ParsesHexDigitsInEitherCase
2026-09-27T16:01:41.2559726Z [       OK ] TryParseHexUint64Test.ParsesHexDigitsInEitherCase (0 ms)
2026-09-27T16:01:41.2560256Z [ RUN      ] TryParseHexUint64Test.RejectsTheStringsThatUsedToTerminateTheKernel
2026-09-27T16:01:41.2560864Z [       OK ] TryParseHexUint64Test.RejectsTheStringsThatUsedToTerminateTheKernel (0 ms)
2026-09-27T16:01:41.2561471Z [ RUN      ] TryParseHexUint64Test.IsStricterThanStoullSoAMistypedDpidIsRefused
2026-09-27T16:01:41.2562561Z [       OK ] TryParseHexUint64Test.IsStricterThanStoullSoAMistypedDpidIsRefused (0 ms)
2026-09-27T16:01:41.2563133Z [ RUN      ] TryParseHexUint64Test.RefusesRatherThanWrappingOnOverflow
2026-09-27T16:01:41.2563647Z [       OK ] TryParseHexUint64Test.RefusesRatherThanWrappingOnOverflow (0 ms)
2026-09-27T16:01:41.2564105Z [----------] 4 tests from TryParseHexUint64Test (0 ms total)
2026-09-27T16:01:41.2564341Z 
2026-09-27T16:01:41.2564435Z [----------] 8 tests from ExecArgvTest
2026-09-27T16:01:41.2565020Z [ RUN      ] ExecArgvTest.PassesAnArgumentThroughUnchangedNoMatterWhatIsInIt
2026-09-27T16:01:41.2565622Z [       OK ] ExecArgvTest.PassesAnArgumentThroughUnchangedNoMatterWhatIsInIt (1 ms)
2026-09-27T16:01:41.2566958Z [ RUN      ] ExecArgvTest.KeepsArgumentsSeparateEvenWhenTheyContainSpacesAndQuotes
2026-09-27T16:01:41.2568144Z [       OK ] ExecArgvTest.KeepsArgumentsSeparateEvenWhenTheyContainSpacesAndQuotes (1 ms)
2026-09-27T16:01:41.2569523Z [ RUN      ] ExecArgvTest.DoesNotInterpretShellMetacharactersInAnyPosition
2026-09-27T16:01:41.2668228Z [       OK ] ExecArgvTest.DoesNotInterpretShellMetacharactersInAnyPosition (9 ms)
2026-09-27T16:01:41.2669558Z [ RUN      ] ExecArgvTest.ReportsThatItRanEvenWhenTheProgramFailed
2026-09-27T16:01:41.2684971Z Command failed (exit code 1): /bin/false
2026-09-27T16:01:41.2685705Z [       OK ] ExecArgvTest.ReportsThatItRanEvenWhenTheProgramFailed (1 ms)
2026-09-27T16:01:41.2686675Z [ RUN      ] ExecArgvTest.ReportsExitOneTwentySevenWhenTheProgramIsNotThere
2026-09-27T16:01:41.2691912Z Command failed (exit code 127 (command not found -- is ndtwin-no-such-program-a6f9 installed?)): /nonexistent/ndtwin-no-such-program-a6f9
2026-09-27T16:01:41.2693460Z [       OK ] ExecArgvTest.ReportsExitOneTwentySevenWhenTheProgramIsNotThere (0 ms)
2026-09-27T16:01:41.2694354Z [ RUN      ] ExecArgvTest.RefusesAnEmptyArgv
2026-09-27T16:01:41.2694998Z [       OK ] ExecArgvTest.RefusesAnEmptyArgv (0 ms)
2026-09-27T16:01:41.2695825Z [ RUN      ] ExecArgvTest.CapturesLargeOutputWithoutTruncatingOrDeadlocking
2026-09-27T16:01:41.2720044Z [       OK ] ExecArgvTest.CapturesLargeOutputWithoutTruncatingOrDeadlocking (2 ms)
2026-09-27T16:01:41.2721914Z [ RUN      ] ExecArgvTest.RunsAShellOnlyWhenTheCallerNamesOneAsTheProgram
2026-09-27T16:01:41.2731977Z [       OK ] ExecArgvTest.RunsAShellOnlyWhenTheCallerNamesOneAsTheProgram (1 ms)
2026-09-27T16:01:41.2732977Z [----------] 8 tests from ExecArgvTest (19 ms total)
2026-09-27T16:01:41.2733377Z 
2026-09-27T16:01:41.2733811Z [----------] 1 test from DescribeArgvTest
2026-09-27T16:01:41.2734471Z [ RUN      ] DescribeArgvTest.RendersForHumansAndIsNotAShellQuoter
2026-09-27T16:01:41.2735409Z [       OK ] DescribeArgvTest.RendersForHumansAndIsNotAShellQuoter (0 ms)
2026-09-27T16:01:41.2736218Z [----------] 1 test from DescribeArgvTest (0 ms total)
2026-09-27T16:01:41.2736612Z 
2026-09-27T16:01:41.2736883Z [----------] 12 tests from SimulationRequestValidationTest
2026-09-27T16:01:41.2737769Z [ RUN      ] SimulationRequestValidationTest.AcceptsTheBodyTheRealCallerSends
2026-09-27T16:01:41.2738925Z [       OK ] SimulationRequestValidationTest.AcceptsTheBodyTheRealCallerSends (0 ms)
2026-09-27T16:01:41.2740122Z [ RUN      ] SimulationRequestValidationTest.RejectsTheBodyThatUsedToReturn202
2026-09-27T16:01:41.2741302Z [       OK ] SimulationRequestValidationTest.RejectsTheBodyThatUsedToReturn202 (0 ms)
2026-09-27T16:01:41.2742877Z [ RUN      ] SimulationRequestValidationTest.TheRequiredFieldListIsExactlyWhatTheSimulatorNeeds
2026-09-27T16:01:41.2744431Z [       OK ] SimulationRequestValidationTest.TheRequiredFieldListIsExactlyWhatTheSimulatorNeeds (0 ms)
2026-09-27T16:01:41.2745943Z [ RUN      ] SimulationRequestValidationTest.RejectsAnEmptyObjectAndNamesEveryMissingField
2026-09-27T16:01:41.2747407Z [       OK ] SimulationRequestValidationTest.RejectsAnEmptyObjectAndNamesEveryMissingField (0 ms)
2026-09-27T16:01:41.2748797Z [ RUN      ] SimulationRequestValidationTest.EachRequiredFieldIsIndividuallyRequired
2026-09-27T16:01:41.2750120Z [       OK ] SimulationRequestValidationTest.EachRequiredFieldIsIndividuallyRequired (0 ms)
2026-09-27T16:01:41.2751551Z [ RUN      ] SimulationRequestValidationTest.RejectsNullAsAbsentRatherThanForwardingTheWordNull
2026-09-27T16:01:41.2753292Z [       OK ] SimulationRequestValidationTest.RejectsNullAsAbsentRatherThanForwardingTheWordNull (0 ms)
2026-09-27T16:01:41.2754694Z [ RUN      ] SimulationRequestValidationTest.RejectsAFieldOfTheWrongTypeAndSaysWhatItGot
2026-09-27T16:01:41.2756018Z [       OK ] SimulationRequestValidationTest.RejectsAFieldOfTheWrongTypeAndSaysWhatItGot (0 ms)
2026-09-27T16:01:41.2757348Z [ RUN      ] SimulationRequestValidationTest.ReportsMissingAndWrongTypedFieldsTogether
2026-09-27T16:01:41.2758987Z [       OK ] SimulationRequestValidationTest.ReportsMissingAndWrongTypedFieldsTogether (0 ms)
2026-09-27T16:01:41.2760276Z [ RUN      ] SimulationRequestValidationTest.RejectsValidJsonThatIsNotAnObject
2026-09-27T16:01:41.2761428Z [       OK ] SimulationRequestValidationTest.RejectsValidJsonThatIsNotAnObject (0 ms)
2026-09-27T16:01:41.2762672Z [ RUN      ] SimulationRequestValidationTest.IgnoresExtraFields
2026-09-27T16:01:41.2763532Z [       OK ] SimulationRequestValidationTest.IgnoresExtraFields (0 ms)
2026-09-27T16:01:41.2764498Z [ RUN      ] SimulationRequestValidationTest.NeverThrowsWhateverItIsGiven
2026-09-27T16:01:41.2765530Z [       OK ] SimulationRequestValidationTest.NeverThrowsWhateverItIsGiven (1 ms)
2026-09-27T16:01:41.2766817Z [ RUN      ] SimulationRequestValidationTest.ShapeCheckIsStillNotASanitiserAndNoLongerNeedsToBe
2026-09-27T16:01:41.2768334Z [       OK ] SimulationRequestValidationTest.ShapeCheckIsStillNotASanitiserAndNoLongerNeedsToBe (0 ms)
2026-09-27T16:01:41.2769553Z [----------] 12 tests from SimulationRequestValidationTest (2 ms total)
2026-09-27T16:01:41.2770063Z 
2026-09-27T16:01:41.2770309Z [----------] 4 tests from SimulationCompletedAppIdTest
2026-09-27T16:01:41.2771141Z [ RUN      ] SimulationCompletedAppIdTest.RejectsWhatStoiWouldHaveThrownOn
2026-09-27T16:01:41.2772462Z [       OK ] SimulationCompletedAppIdTest.RejectsWhatStoiWouldHaveThrownOn (0 ms)
2026-09-27T16:01:41.2773517Z [ RUN      ] SimulationCompletedAppIdTest.RejectsWhatStoiWouldHaveSilentlyTruncated
2026-09-27T16:01:41.2774495Z [       OK ] SimulationCompletedAppIdTest.RejectsWhatStoiWouldHaveSilentlyTruncated (0 ms)
2026-09-27T16:01:41.2775082Z [ RUN      ] SimulationCompletedAppIdTest.AcceptsTheDocumentedForm
2026-09-27T16:01:41.2775828Z [       OK ] SimulationCompletedAppIdTest.AcceptsTheDocumentedForm (0 ms)
2026-09-27T16:01:41.2776504Z [ RUN      ] SimulationCompletedAppIdTest.SomethingTooBigForIntParsesSoTheRangeCheckIsWhatMustRejectIt
2026-09-27T16:01:41.2777380Z [       OK ] SimulationCompletedAppIdTest.SomethingTooBigForIntParsesSoTheRangeCheckIsWhatMustRejectIt (0 ms)
2026-09-27T16:01:41.2778040Z [----------] 4 tests from SimulationCompletedAppIdTest (0 ms total)
2026-09-27T16:01:41.2778298Z 
2026-09-27T16:01:41.2778440Z [----------] 32 tests from OvsPowerStrategyTest
2026-09-27T16:01:41.2778867Z [ RUN      ] OvsPowerStrategyTest.PowerOffSavesThePortsThenDeletesTheBridge
2026-09-27T16:01:41.2779437Z [       OK ] OvsPowerStrategyTest.PowerOffSavesThePortsThenDeletesTheBridge (0 ms)
2026-09-27T16:01:41.2780005Z [ RUN      ] OvsPowerStrategyTest.PowerOffRefusesWhenItCannotReadThePorts
2026-09-27T16:01:41.2780546Z [       OK ] OvsPowerStrategyTest.PowerOffRefusesWhenItCannotReadThePorts (0 ms)
2026-09-27T16:01:41.2781180Z [ RUN      ] OvsPowerStrategyTest.PowerOffDistinguishesABridgeWithNoPortsFromAFailedQuery
2026-09-27T16:01:41.2782309Z [       OK ] OvsPowerStrategyTest.PowerOffDistinguishesABridgeWithNoPortsFromAFailedQuery (0 ms)
2026-09-27T16:01:41.2782974Z [ RUN      ] OvsPowerStrategyTest.PowerOffLeavesTheVertexUpWhenACommandFails
2026-09-27T16:01:41.2783549Z [       OK ] OvsPowerStrategyTest.PowerOffLeavesTheVertexUpWhenACommandFails (0 ms)
2026-09-27T16:01:41.2784196Z [ RUN      ] OvsPowerStrategyTest.PowerOffTearsDownABridgeThatExistsThoughTheGraphSaysDown
2026-09-27T16:01:41.2784929Z [       OK ] OvsPowerStrategyTest.PowerOffTearsDownABridgeThatExistsThoughTheGraphSaysDown (0 ms)
2026-09-27T16:01:41.2785781Z [ RUN      ] OvsPowerStrategyTest.PowerOffOnAnAbsentBridgeSucceedsWithoutDeletingAnythingAndStillRecordsTheCommand
2026-09-27T16:01:41.2786784Z [       OK ] OvsPowerStrategyTest.PowerOffOnAnAbsentBridgeSucceedsWithoutDeletingAnythingAndStillRecordsTheCommand (0 ms)
2026-09-27T16:01:41.2787665Z [ RUN      ] OvsPowerStrategyTest.ASecondPowerOffOnAStillRunningSwitchIsNotSwallowedByTheFirst
2026-09-27T16:01:41.2788429Z [       OK ] OvsPowerStrategyTest.ASecondPowerOffOnAStillRunningSwitchIsNotSwallowedByTheFirst (0 ms)
2026-09-27T16:01:41.2789394Z [ RUN      ] OvsPowerStrategyTest.PowerOffAttemptsTheTeardownWhenItCannotAskWhetherTheBridgeExists
2026-09-27T16:01:41.2790261Z [       OK ] OvsPowerStrategyTest.PowerOffAttemptsTheTeardownWhenItCannotAskWhetherTheBridgeExists (0 ms)
2026-09-27T16:01:41.2791487Z [ RUN      ] OvsPowerStrategyTest.PowerOffStillRefusesWhenTheBridgeIsThereButItsPortsCannotBeRead
2026-09-27T16:01:41.2792674Z [       OK ] OvsPowerStrategyTest.PowerOffStillRefusesWhenTheBridgeIsThereButItsPortsCannotBeRead (0 ms)
2026-09-27T16:01:41.2793660Z [ RUN      ] OvsPowerStrategyTest.PowerOnRecreatesTheBridgeWithTheSavedPorts
2026-09-27T16:01:41.2794251Z [       OK ] OvsPowerStrategyTest.PowerOnRecreatesTheBridgeWithTheSavedPorts (0 ms)
2026-09-27T16:01:41.2794822Z [ RUN      ] OvsPowerStrategyTest.PowerOnSetsTheDatapathIdAsSixteenHexDigits
2026-09-27T16:01:41.2795392Z [       OK ] OvsPowerStrategyTest.PowerOnSetsTheDatapathIdAsSixteenHexDigits (0 ms)
2026-09-27T16:01:41.2795939Z [ RUN      ] OvsPowerStrategyTest.PowerOnDoesNotMarkUpWhenACommandFails
2026-09-27T16:01:41.2796476Z [       OK ] OvsPowerStrategyTest.PowerOnDoesNotMarkUpWhenACommandFails (0 ms)
2026-09-27T16:01:41.2797012Z [ RUN      ] OvsPowerStrategyTest.AFailedPortCommandFailsTheWholeOperation
2026-09-27T16:01:41.2797565Z [       OK ] OvsPowerStrategyTest.AFailedPortCommandFailsTheWholeOperation (0 ms)
2026-09-27T16:01:41.2798102Z [ RUN      ] OvsPowerStrategyTest.PowerOnOnAnAlreadyUpSwitchDoesNothing
2026-09-27T16:01:41.2798631Z [       OK ] OvsPowerStrategyTest.PowerOnOnAnAlreadyUpSwitchDoesNothing (0 ms)
2026-09-27T16:01:41.2799442Z [ RUN      ] OvsPowerStrategyTest.PowerOnDoesNotBlindAddBrWhenTheBridgeIsAlreadyThere
2026-09-27T16:01:41.2800115Z [       OK ] OvsPowerStrategyTest.PowerOnDoesNotBlindAddBrWhenTheBridgeIsAlreadyThere (0 ms)
2026-09-27T16:01:41.2800835Z [ RUN      ] OvsPowerStrategyTest.PowerOnOnAnExistingBridgeWithdrawsAStandingPowerOffCommand
2026-09-27T16:01:41.2801587Z [       OK ] OvsPowerStrategyTest.PowerOnOnAnExistingBridgeWithdrawsAStandingPowerOffCommand (0 ms)
2026-09-27T16:01:41.2802699Z [ RUN      ] OvsPowerStrategyTest.PowerOnBuildsTheBridgeWhenTheMachineSaysItIsNotThere
2026-09-27T16:01:41.2803467Z [       OK ] OvsPowerStrategyTest.PowerOnBuildsTheBridgeWhenTheMachineSaysItIsNotThere (0 ms)
2026-09-27T16:01:41.2804523Z [ RUN      ] OvsPowerStrategyTest.PowerOnWithNoSavedPortsStillReportsSuccessButBuildsAnEmptyBridge
2026-09-27T16:01:41.2805593Z [       OK ] OvsPowerStrategyTest.PowerOnWithNoSavedPortsStillReportsSuccessButBuildsAnEmptyBridge (0 ms)
2026-09-27T16:01:41.2806353Z [ RUN      ] OvsPowerStrategyTest.PowerOffReadsTheSflowRecordBeforeItDeletesTheBridge
2026-09-27T16:01:41.2807029Z [       OK ] OvsPowerStrategyTest.PowerOffReadsTheSflowRecordBeforeItDeletesTheBridge (0 ms)
2026-09-27T16:01:41.2807739Z [ RUN      ] OvsPowerStrategyTest.PowerOffRecordsAnUnreadableSflowAsUnknownRatherThanAsAbsent
2026-09-27T16:01:41.2808494Z [       OK ] OvsPowerStrategyTest.PowerOffRecordsAnUnreadableSflowAsUnknownRatherThanAsAbsent (0 ms)
2026-09-27T16:01:41.2809211Z [ RUN      ] OvsPowerStrategyTest.PowerOffLeavesNothingPendingForABridgeThatHadNoSflow
2026-09-27T16:01:41.2809886Z [       OK ] OvsPowerStrategyTest.PowerOffLeavesNothingPendingForABridgeThatHadNoSflow (0 ms)
2026-09-27T16:01:41.2810549Z [ RUN      ] OvsPowerStrategyTest.PowerOnRestoresTheAgentAddressAndTheSflowRecord
2026-09-27T16:01:41.2811170Z [       OK ] OvsPowerStrategyTest.PowerOnRestoresTheAgentAddressAndTheSflowRecord (0 ms)
2026-09-27T16:01:41.2812028Z [ RUN      ] OvsPowerStrategyTest.PowerOnRestoresTheSflowAfterTheBridgeExists
2026-09-27T16:01:41.2812626Z [       OK ] OvsPowerStrategyTest.PowerOnRestoresTheSflowAfterTheBridgeExists (0 ms)
2026-09-27T16:01:41.2813258Z [ RUN      ] OvsPowerStrategyTest.PowerOnReportsFailureWhenTheSflowRecordDoesNotComeBack
2026-09-27T16:01:41.2813958Z [       OK ] OvsPowerStrategyTest.PowerOnReportsFailureWhenTheSflowRecordDoesNotComeBack (0 ms)
2026-09-27T16:01:41.2814657Z [ RUN      ] OvsPowerStrategyTest.PowerOnReportsFailureWhenTheAgentInterfaceHasNoAddress
2026-09-27T16:01:41.2816010Z [       OK ] OvsPowerStrategyTest.PowerOnReportsFailureWhenTheAgentInterfaceHasNoAddress (0 ms)
2026-09-27T16:01:41.2817358Z [ RUN      ] OvsPowerStrategyTest.PowerOnTreatsAnUnreadableReadBackAsFailureNotAsSuccess
2026-09-27T16:01:41.2818723Z [       OK ] OvsPowerStrategyTest.PowerOnTreatsAnUnreadableReadBackAsFailureNotAsSuccess (0 ms)
2026-09-27T16:01:41.2820053Z [ RUN      ] OvsPowerStrategyTest.PowerOnSaysSoWhenPowerOffNeverManagedToReadTheRecord
2026-09-27T16:01:41.2821381Z [       OK ] OvsPowerStrategyTest.PowerOnSaysSoWhenPowerOffNeverManagedToReadTheRecord (0 ms)
2026-09-27T16:01:41.2822904Z [ RUN      ] OvsPowerStrategyTest.ARetriedPowerOnReAttemptsTheSflowRestore
2026-09-27T16:01:41.2823984Z [       OK ] OvsPowerStrategyTest.ARetriedPowerOnReAttemptsTheSflowRestore (0 ms)
2026-09-27T16:01:41.2825137Z [ RUN      ] OvsPowerStrategyTest.AnAlreadyUpSwitchWithNothingOwedStillRunsNoCommands
2026-09-27T16:01:41.2825828Z [       OK ] OvsPowerStrategyTest.AnAlreadyUpSwitchWithNothingOwedStillRunsNoCommands (0 ms)
2026-09-27T16:01:41.2826783Z [ RUN      ] OvsPowerStrategyTest.TheRealShellSeamRunsTheCommandAndReportsItsExitStatus
2026-09-27T16:01:41.2827508Z [       OK ] OvsPowerStrategyTest.TheRealShellSeamRunsTheCommandAndReportsItsExitStatus (4 ms)
2026-09-27T16:01:41.2828227Z [ RUN      ] OvsPowerStrategyTest.BrExistsTreatsExitTwoAsAnAnswerAndEveryOtherFailureAsUnknown
2026-09-27T16:01:41.2828985Z [       OK ] OvsPowerStrategyTest.BrExistsTreatsExitTwoAsAnAnswerAndEveryOtherFailureAsUnknown (0 ms)
2026-09-27T16:01:41.2829802Z [ RUN      ] OvsPowerStrategyTest.DescribesItselfForLogsAndErrors
2026-09-27T16:01:41.2830276Z [       OK ] OvsPowerStrategyTest.DescribesItselfForLogsAndErrors (0 ms)
2026-09-27T16:01:41.2830714Z [----------] 32 tests from OvsPowerStrategyTest (5 ms total)
2026-09-27T16:01:41.2830943Z 
2026-09-27T16:01:41.2831055Z [----------] 2 tests from CommandToolNameTest
2026-09-27T16:01:41.2831415Z [ RUN      ] CommandToolNameTest.PicksTheToolOutOfACommandLine
2026-09-27T16:01:41.2832243Z [       OK ] CommandToolNameTest.PicksTheToolOutOfACommandLine (0 ms)
2026-09-27T16:01:41.2832708Z [ RUN      ] CommandToolNameTest.ReturnsNothingRatherThanGuessing
2026-09-27T16:01:41.2833171Z [       OK ] CommandToolNameTest.ReturnsNothingRatherThanGuessing (0 ms)
2026-09-27T16:01:41.2833597Z [----------] 2 tests from CommandToolNameTest (0 ms total)
2026-09-27T16:01:41.2833823Z 
2026-09-27T16:01:41.2833966Z [----------] 1 test from OvsPowerStrategyConcurrencyTest
2026-09-27T16:01:41.2834530Z [ RUN      ] OvsPowerStrategyConcurrencyTest.AFailedRequestDoesNotMakeAConcurrentOneReportFailure
2026-09-27T16:01:41.2835333Z [       OK ] OvsPowerStrategyConcurrencyTest.AFailedRequestDoesNotMakeAConcurrentOneReportFailure (0 ms)
2026-09-27T16:01:41.2835962Z [----------] 1 test from OvsPowerStrategyConcurrencyTest (0 ms total)
2026-09-27T16:01:41.2836226Z 
2026-09-27T16:01:41.2836335Z [----------] 1 test from CurlFlagHelpersTest
2026-09-27T16:01:41.2836709Z [ RUN      ] CurlFlagHelpersTest.BundledShortOptionsCarryTheFailFlag
2026-09-27T16:01:41.2837201Z [       OK ] CurlFlagHelpersTest.BundledShortOptionsCarryTheFailFlag (0 ms)
2026-09-27T16:01:41.2837638Z [----------] 1 test from CurlFlagHelpersTest (0 ms total)
2026-09-27T16:01:41.2837858Z 
2026-09-27T16:01:41.2837969Z [----------] 16 tests from P4PowerStrategyTest
2026-09-27T16:01:41.2838418Z [ RUN      ] P4PowerStrategyTest.PowerOffRunsTheHelperOnceAgainstExactlyThatSwitch
2026-09-27T16:01:41.2839049Z [       OK ] P4PowerStrategyTest.PowerOffRunsTheHelperOnceAgainstExactlyThatSwitch (0 ms)
2026-09-27T16:01:41.2839811Z [ RUN      ] P4PowerStrategyTest.PowerOffFailureLeavesTheVertexUp
2026-09-27T16:01:41.2840628Z [       OK ] P4PowerStrategyTest.PowerOffFailureLeavesTheVertexUp (0 ms)
2026-09-27T16:01:41.2841184Z [ RUN      ] P4PowerStrategyTest.PowerOffOnAnAlreadyDownSwitchStillAsksTheHelper
2026-09-27T16:01:41.2842191Z [       OK ] P4PowerStrategyTest.PowerOffOnAnAlreadyDownSwitchStillAsksTheHelper (0 ms)
2026-09-27T16:01:41.2842789Z [ RUN      ] P4PowerStrategyTest.PowerOnRunsHelperThenReadoptInThatOrder
2026-09-27T16:01:41.2843573Z [       OK ] P4PowerStrategyTest.PowerOnRunsHelperThenReadoptInThatOrder (0 ms)
2026-09-27T16:01:41.2844154Z [ RUN      ] P4PowerStrategyTest.TheReadoptCurlKeepsTheProxysAccountOfWhatBroke
2026-09-27T16:01:41.2844754Z [       OK ] P4PowerStrategyTest.TheReadoptCurlKeepsTheProxysAccountOfWhatBroke (0 ms)
2026-09-27T16:01:41.2845351Z [ RUN      ] P4PowerStrategyTest.PowerOnHelperFailureIsA500AndReadoptNeverRuns
2026-09-27T16:01:41.2845945Z [       OK ] P4PowerStrategyTest.PowerOnHelperFailureIsA500AndReadoptNeverRuns (0 ms)
2026-09-27T16:01:41.2846521Z [ RUN      ] P4PowerStrategyTest.PowerOnReadoptFailureIsA502AndDoesNotMarkUp
2026-09-27T16:01:41.2847087Z [       OK ] P4PowerStrategyTest.PowerOnReadoptFailureIsA502AndDoesNotMarkUp (0 ms)
2026-09-27T16:01:41.2847630Z [ RUN      ] P4PowerStrategyTest.PowerOnOnAnAlreadyUpSwitchRunsNothing
2026-09-27T16:01:41.2848143Z [       OK ] P4PowerStrategyTest.PowerOnOnAnAlreadyUpSwitchRunsNothing (0 ms)
2026-09-27T16:01:41.2848808Z [ RUN      ] P4PowerStrategyTest.PowerOnActsWhenTheGraphSaysUpButThisStrategyJustStoppedTheSwitch
2026-09-27T16:01:41.2849613Z [       OK ] P4PowerStrategyTest.PowerOnActsWhenTheGraphSaysUpButThisStrategyJustStoppedTheSwitch (0 ms)
2026-09-27T16:01:41.2850374Z [ RUN      ] P4PowerStrategyTest.PowerOnActsPastTheWindowWhileThePowerOffStandsUnwithdrawn
2026-09-27T16:01:41.2851097Z [       OK ] P4PowerStrategyTest.PowerOnActsPastTheWindowWhileThePowerOffStandsUnwithdrawn (0 ms)
2026-09-27T16:01:41.2852859Z [ RUN      ] P4PowerStrategyTest.ASuccessfulPowerOnClosesTheWindowSoAnImmediateRepeatIsStillANoOp
2026-09-27T16:01:41.2854093Z [       OK ] P4PowerStrategyTest.ASuccessfulPowerOnClosesTheWindowSoAnImmediateRepeatIsStillANoOp (0 ms)
2026-09-27T16:01:41.2854795Z [ RUN      ] P4PowerStrategyTest.AFailedPowerOffDoesNotOpenTheDistrustWindow
2026-09-27T16:01:41.2855373Z [       OK ] P4PowerStrategyTest.AFailedPowerOffDoesNotOpenTheDistrustWindow (0 ms)
2026-09-27T16:01:41.2855946Z [ RUN      ] P4PowerStrategyTest.TheDistrustWindowIsPerSwitchNotFabricWide
2026-09-27T16:01:41.2856499Z [       OK ] P4PowerStrategyTest.TheDistrustWindowIsPerSwitchNotFabricWide (0 ms)
2026-09-27T16:01:41.2857089Z [ RUN      ] P4PowerStrategyTest.TheReadoptFailureNamesARecoveryThatCanActuallyRun
2026-09-27T16:01:41.2857724Z [       OK ] P4PowerStrategyTest.TheReadoptFailureNamesARecoveryThatCanActuallyRun (0 ms)
2026-09-27T16:01:41.2858372Z [ RUN      ] P4PowerStrategyTest.TheRealShellSeamRunsTheCommandAndReportsItsExitStatus
2026-09-27T16:01:41.2864974Z [       OK ] P4PowerStrategyTest.TheRealShellSeamRunsTheCommandAndReportsItsExitStatus (3 ms)
2026-09-27T16:01:41.2866110Z [ RUN      ] P4PowerStrategyTest.DescribesItselfForLogsAndErrors
2026-09-27T16:01:41.2866980Z [       OK ] P4PowerStrategyTest.DescribesItselfForLogsAndErrors (0 ms)
2026-09-27T16:01:41.2867771Z [----------] 16 tests from P4PowerStrategyTest (4 ms total)
2026-09-27T16:01:41.2868191Z 
2026-09-27T16:01:41.2868370Z [----------] 17 tests from P4LivenessTest
2026-09-27T16:01:41.2868990Z [ RUN      ] P4LivenessTest.ASwitchThatAnsweredAProbeIsUp
2026-09-27T16:01:41.2869736Z [       OK ] P4LivenessTest.ASwitchThatAnsweredAProbeIsUp (0 ms)
2026-09-27T16:01:41.2870681Z [ RUN      ] P4LivenessTest.AFreshSuccessfulProbeOutweighsSilenceOnTheDataPlane
2026-09-27T16:01:41.2872060Z [       OK ] P4LivenessTest.AFreshSuccessfulProbeOutweighsSilenceOnTheDataPlane (0 ms)
2026-09-27T16:01:41.2873114Z [ RUN      ] P4LivenessTest.AFailedProbeWithNoRecentBeaconIsDown
2026-09-27T16:01:41.2873997Z [       OK ] P4LivenessTest.AFailedProbeWithNoRecentBeaconIsDown (0 ms)
2026-09-27T16:01:41.2875021Z [ RUN      ] P4LivenessTest.AFailedProbeForASwitchThatWasNeverSeenForwardingIsDown
2026-09-27T16:01:41.2876226Z [       OK ] P4LivenessTest.AFailedProbeForASwitchThatWasNeverSeenForwardingIsDown (0 ms)
2026-09-27T16:01:41.2877321Z [ RUN      ] P4LivenessTest.AnUnreachableProxyLeavesEveryStateUnknown
2026-09-27T16:01:41.2878262Z [       OK ] P4LivenessTest.AnUnreachableProxyLeavesEveryStateUnknown (0 ms)
2026-09-27T16:01:41.2879469Z [ RUN      ] P4LivenessTest.ASwitchTheProxyHasNeverHeardOfIsUnknown
2026-09-27T16:01:41.2880413Z [       OK ] P4LivenessTest.ASwitchTheProxyHasNeverHeardOfIsUnknown (0 ms)
2026-09-27T16:01:41.2881356Z [ RUN      ] P4LivenessTest.ASwitchNotYetProbedIsUnknownRatherThanDown
2026-09-27T16:01:41.2882569Z [       OK ] P4LivenessTest.ASwitchNotYetProbedIsUnknownRatherThanDown (0 ms)
2026-09-27T16:01:41.2883750Z [ RUN      ] P4LivenessTest.AStaleFailedProbeIsUnknownBecauseItDescribesTheProxyNotTheSwitch
2026-09-27T16:01:41.2885196Z [       OK ] P4LivenessTest.AStaleFailedProbeIsUnknownBecauseItDescribesTheProxyNotTheSwitch (0 ms)
2026-09-27T16:01:41.2886435Z [ RUN      ] P4LivenessTest.ConflictingEvidenceIsUnknownRatherThanADecision
2026-09-27T16:01:41.2887493Z [       OK ] P4LivenessTest.ConflictingEvidenceIsUnknownRatherThanADecision (0 ms)
2026-09-27T16:01:41.2888673Z [ RUN      ] P4LivenessTest.TheBeaconFreshnessBoundaryIsWhereTheDocumentedThresholdSays
2026-09-27T16:01:41.2889992Z [       OK ] P4LivenessTest.TheBeaconFreshnessBoundaryIsWhereTheDocumentedThresholdSays (0 ms)
2026-09-27T16:01:41.2891112Z [ RUN      ] P4LivenessTest.APayloadWithoutASwitchesObjectIsUnknown
2026-09-27T16:01:41.2892468Z [       OK ] P4LivenessTest.APayloadWithoutASwitchesObjectIsUnknown (0 ms)
2026-09-27T16:01:41.2893406Z [ RUN      ] P4LivenessTest.AnEntryOfTheWrongShapeIsUnknown
2026-09-27T16:01:41.2894180Z [       OK ] P4LivenessTest.AnEntryOfTheWrongShapeIsUnknown (0 ms)
2026-09-27T16:01:41.2895325Z [ RUN      ] P4LivenessTest.ANonBooleanProbeOkIsUnknownRatherThanTruthy
2026-09-27T16:01:41.2896305Z [       OK ] P4LivenessTest.ANonBooleanProbeOkIsUnknownRatherThanTruthy (0 ms)
2026-09-27T16:01:41.2897166Z [ RUN      ] P4LivenessTest.MissingAgesDoNotPreventAVerdict
2026-09-27T16:01:41.2897889Z [       OK ] P4LivenessTest.MissingAgesDoNotPreventAVerdict (0 ms)
2026-09-27T16:01:41.2898692Z [ RUN      ] P4LivenessTest.AMalformedAgeIsUnknownWhileAnAbsentOneIsNot
2026-09-27T16:01:41.2899642Z [       OK ] P4LivenessTest.AMalformedAgeIsUnknownWhileAnAbsentOneIsNot (0 ms)
2026-09-27T16:01:41.2900552Z [ RUN      ] P4LivenessTest.NeverThrowsOnAnythingTheProxyCouldSend
2026-09-27T16:01:41.2901435Z [       OK ] P4LivenessTest.NeverThrowsOnAnythingTheProxyCouldSend (0 ms)
2026-09-27T16:01:41.2902604Z [ RUN      ] P4LivenessTest.ADpidBeyondThirtyTwoBitsIsLookedUpCorrectly
2026-09-27T16:01:41.2903555Z [       OK ] P4LivenessTest.ADpidBeyondThirtyTwoBitsIsLookedUpCorrectly (0 ms)
2026-09-27T16:01:41.2904373Z [----------] 17 tests from P4LivenessTest (3 ms total)
2026-09-27T16:01:41.2904734Z 
2026-09-27T16:01:41.2904935Z [----------] 12 tests from RelayResponseTest
2026-09-27T16:01:41.2905680Z [ RUN      ] RelayResponseTest.A200IsAcceptedAndTheStatusTextIsReported
2026-09-27T16:01:41.2923230Z [       OK ] RelayResponseTest.A200IsAcceptedAndTheStatusTextIsReported (0 ms)
2026-09-27T16:01:41.2924179Z [ RUN      ] RelayResponseTest.AnyTwoHundredSeriesStatusIsAccepted
2026-09-27T16:01:41.2925084Z [       OK ] RelayResponseTest.AnyTwoHundredSeriesStatusIsAccepted (0 ms)
2026-09-27T16:01:41.2926123Z [ RUN      ] RelayResponseTest.NoResponseAtAllIsRefusedRatherThanTreatedAsSuccess
2026-09-27T16:01:41.2927287Z [       OK ] RelayResponseTest.NoResponseAtAllIsRefusedRatherThanTreatedAsSuccess (0 ms)
2026-09-27T16:01:41.2928348Z [ RUN      ] RelayResponseTest.CurlsOwnNoResponseCodeIsRefused
2026-09-27T16:01:41.2929176Z [       OK ] RelayResponseTest.CurlsOwnNoResponseCodeIsRefused (0 ms)
2026-09-27T16:01:41.2930012Z [ RUN      ] RelayResponseTest.AnErrorStatusIsRefusedAndNamed
2026-09-27T16:01:41.2930799Z [       OK ] RelayResponseTest.AnErrorStatusIsRefusedAndNamed (0 ms)
2026-09-27T16:01:41.2931587Z [ RUN      ] RelayResponseTest.AThreeHundredIsNotSuccess
2026-09-27T16:01:41.2932593Z [       OK ] RelayResponseTest.AThreeHundredIsNotSuccess (0 ms)
2026-09-27T16:01:41.2933403Z [ RUN      ] RelayResponseTest.AResponseWithNoStatusLineIsRefused
2026-09-27T16:01:41.2934271Z [       OK ] RelayResponseTest.AResponseWithNoStatusLineIsRefused (0 ms)
2026-09-27T16:01:41.2935422Z [ RUN      ] RelayResponseTest.AnEmptyBodyWithA200IsStillAccepted
2026-09-27T16:01:41.2936346Z [       OK ] RelayResponseTest.AnEmptyBodyWithA200IsStillAccepted (0 ms)
2026-09-27T16:01:41.2937433Z [ RUN      ] RelayResponseTest.HtmlWithoutTheExpectedShapeStillSucceedsWithTheWholeBody
2026-09-27T16:01:41.2938763Z [       OK ] RelayResponseTest.HtmlWithoutTheExpectedShapeStillSucceedsWithTheWholeBody (0 ms)
2026-09-27T16:01:41.2939940Z [ RUN      ] RelayResponseTest.AMultiLineBodyKeepsItsStatusAtTheEnd
2026-09-27T16:01:41.2940886Z [       OK ] RelayResponseTest.AMultiLineBodyKeepsItsStatusAtTheEnd (0 ms)
2026-09-27T16:01:41.2942024Z [ RUN      ] RelayResponseTest.ANonNumericStatusIsRefused
2026-09-27T16:01:41.2942808Z [       OK ] RelayResponseTest.ANonNumericStatusIsRefused (0 ms)
2026-09-27T16:01:41.2943667Z [ RUN      ] RelayResponseTest.NeverThrowsOnAnythingTheGatewayCouldSend
2026-09-27T16:01:41.2944707Z [       OK ] RelayResponseTest.NeverThrowsOnAnythingTheGatewayCouldSend (0 ms)
2026-09-27T16:01:41.2945560Z [----------] 12 tests from RelayResponseTest (0 ms total)
2026-09-27T16:01:41.2945972Z 
2026-09-27T16:01:41.2946176Z [----------] 5 tests from RelayPowerCommandTest
2026-09-27T16:01:41.2947080Z [ RUN      ] RelayPowerCommandTest.CarriesTheThreeParametersTheGatewayIsKnownToAccept
2026-09-27T16:01:41.2948397Z [       OK ] RelayPowerCommandTest.CarriesTheThreeParametersTheGatewayIsKnownToAccept (0 ms)
2026-09-27T16:01:41.2949960Z [ RUN      ] RelayPowerCommandTest.AHostileActionValueStaysInsideOneArgument
2026-09-27T16:01:41.2951069Z [       OK ] RelayPowerCommandTest.AHostileActionValueStaysInsideOneArgument (0 ms)
2026-09-27T16:01:41.2952637Z [ RUN      ] RelayPowerCommandTest.AsksForTheHttpStatusInterpretRelayResponseReadsItsVerdictFrom
2026-09-27T16:01:41.2954224Z [       OK ] RelayPowerCommandTest.AsksForTheHttpStatusInterpretRelayResponseReadsItsVerdictFrom (0 ms)
2026-09-27T16:01:41.2955685Z [ RUN      ] RelayPowerCommandTest.IsBoundedInTimeBecauseItRunsInsideARequestHandler
2026-09-27T16:01:41.2957045Z [       OK ] RelayPowerCommandTest.IsBoundedInTimeBecauseItRunsInsideARequestHandler (0 ms)
2026-09-27T16:01:41.2958304Z [ RUN      ] RelayPowerCommandTest.TheStatusLineSurvivesTheRoundTripIntoAVerdict
2026-09-27T16:01:41.2959478Z [       OK ] RelayPowerCommandTest.TheStatusLineSurvivesTheRoundTripIntoAVerdict (0 ms)
2026-09-27T16:01:41.2960473Z [----------] 5 tests from RelayPowerCommandTest (0 ms total)
2026-09-27T16:01:41.2960929Z 
2026-09-27T16:01:41.2961115Z [----------] 12 tests from RequestDeadlines
2026-09-27T16:01:41.2962015Z [ RUN      ] RequestDeadlines.TheFlowTableRequestIsBounded
2026-09-27T16:01:41.2962793Z [       OK ] RequestDeadlines.TheFlowTableRequestIsBounded (0 ms)
2026-09-27T16:01:41.2963581Z [ RUN      ] RequestDeadlines.TheLivenessRequestIsBounded
2026-09-27T16:01:41.2964352Z [       OK ] RequestDeadlines.TheLivenessRequestIsBounded (0 ms)
2026-09-27T16:01:41.2965103Z [ RUN      ] RequestDeadlines.TheRelayRequestIsBounded
2026-09-27T16:01:41.2965798Z [       OK ] RequestDeadlines.TheRelayRequestIsBounded (0 ms)
2026-09-27T16:01:41.2966736Z [ RUN      ] RequestDeadlines.TheFlowTableDeadlineOutlivesTheProxysOwnGrpcDeadline
2026-09-27T16:01:41.2967950Z [       OK ] RequestDeadlines.TheFlowTableDeadlineOutlivesTheProxysOwnGrpcDeadline (0 ms)
2026-09-27T16:01:41.2969148Z [ RUN      ] RequestDeadlines.TheLivenessDeadlineFitsInsideItsOwnPollInterval
2026-09-27T16:01:41.2970281Z [       OK ] RequestDeadlines.TheLivenessDeadlineFitsInsideItsOwnPollInterval (0 ms)
2026-09-27T16:01:41.2971481Z [ RUN      ] RequestDeadlines.TheFlowTableRequestStillAddressesTheRightSwitch
2026-09-27T16:01:41.2972869Z [       OK ] RequestDeadlines.TheFlowTableRequestStillAddressesTheRightSwitch (0 ms)
2026-09-27T16:01:41.2973942Z [ RUN      ] RequestDeadlines.TheLivenessRequestStillAsksForTheStatusLine
2026-09-27T16:01:41.2974973Z [       OK ] RequestDeadlines.TheLivenessRequestStillAsksForTheStatusLine (0 ms)
2026-09-27T16:01:41.2975882Z [ RUN      ] RequestDeadlines.TheTopologyPollIsBounded
2026-09-27T16:01:41.2976857Z [       OK ] RequestDeadlines.TheTopologyPollIsBounded (0 ms)
2026-09-27T16:01:41.2977850Z [ RUN      ] RequestDeadlines.TheTopologyPollBoundsTheConnectAndNotJustTheTransfer
2026-09-27T16:01:41.2979094Z [       OK ] RequestDeadlines.TheTopologyPollBoundsTheConnectAndNotJustTheTransfer (0 ms)
2026-09-27T16:01:41.2980326Z [ RUN      ] RequestDeadlines.TheWholeTopologyPassFitsInsideItsOwnPollInterval
2026-09-27T16:01:41.2981556Z [       OK ] RequestDeadlines.TheWholeTopologyPassFitsInsideItsOwnPollInterval (0 ms)
2026-09-27T16:01:41.2982946Z [ RUN      ] RequestDeadlines.TheTopologyRequestStillFetchesTheUrlItWasGiven
2026-09-27T16:01:41.2984034Z [       OK ] RequestDeadlines.TheTopologyRequestStillFetchesTheUrlItWasGiven (0 ms)
2026-09-27T16:01:41.2985158Z [ RUN      ] RequestDeadlines.TheTopologyRequestKeepsCurlsOwnDiagnosisOnStderr
2026-09-27T16:01:41.2986300Z [       OK ] RequestDeadlines.TheTopologyRequestKeepsCurlsOwnDiagnosisOnStderr (0 ms)
2026-09-27T16:01:41.2987153Z [----------] 12 tests from RequestDeadlines (0 ms total)
2026-09-27T16:01:41.2987529Z 
2026-09-27T16:01:41.2987766Z [----------] 6 tests from FlowTableCacheOptionalFields
2026-09-27T16:01:41.2988608Z [ RUN      ] FlowTableCacheOptionalFields.AnInstallWithoutPriorityDoesNotThrow
2026-09-27T16:01:41.2989791Z [       OK ] FlowTableCacheOptionalFields.AnInstallWithoutPriorityDoesNotThrow (0 ms)
2026-09-27T16:01:41.2991224Z [ RUN      ] FlowTableCacheOptionalFields.AnInstallWithoutPriorityIsCachedAtMakeInstallJobsDefault
2026-09-27T16:01:41.2993599Z [       OK ] FlowTableCacheOptionalFields.AnInstallWithoutPriorityIsCachedAtMakeInstallJobsDefault (0 ms)
2026-09-27T16:01:41.2995045Z [ RUN      ] FlowTableCacheOptionalFields.AnInstallWithoutActionsDoesNotThrowEither
2026-09-27T16:01:41.2996313Z [       OK ] FlowTableCacheOptionalFields.AnInstallWithoutActionsDoesNotThrowEither (0 ms)
2026-09-27T16:01:41.2997520Z [ RUN      ] FlowTableCacheOptionalFields.AModifyWithoutPriorityDoesNotThrow
2026-09-27T16:01:41.2998658Z [       OK ] FlowTableCacheOptionalFields.AModifyWithoutPriorityDoesNotThrow (0 ms)
2026-09-27T16:01:41.2999787Z [ RUN      ] FlowTableCacheOptionalFields.AModifyWithoutAMatchDoesNotThrow
2026-09-27T16:01:41.3000863Z [       OK ] FlowTableCacheOptionalFields.AModifyWithoutAMatchDoesNotThrow (0 ms)
2026-09-27T16:01:41.3002189Z [ RUN      ] FlowTableCacheOptionalFields.ADeleteWithoutAMatchDoesNotThrow
2026-09-27T16:01:41.3003279Z [       OK ] FlowTableCacheOptionalFields.ADeleteWithoutAMatchDoesNotThrow (0 ms)
2026-09-27T16:01:41.3004265Z [----------] 6 tests from FlowTableCacheOptionalFields (1 ms total)
2026-09-27T16:01:41.3004748Z 
2026-09-27T16:01:41.3004961Z [----------] 6 tests from ReverseEdgeLookupTest
2026-09-27T16:01:41.3005759Z [ RUN      ] ReverseEdgeLookupTest.AMissingReverseEdgeIsReportedAsNotFound
2026-09-27T16:01:41.3006844Z [       OK ] ReverseEdgeLookupTest.AMissingReverseEdgeIsReportedAsNotFound (0 ms)
2026-09-27T16:01:41.3008083Z [ RUN      ] ReverseEdgeLookupTest.AMissingReverseEdgeIsReportedAsNotFoundByTheNoLockTwin
2026-09-27T16:01:41.3009500Z [       OK ] ReverseEdgeLookupTest.AMissingReverseEdgeIsReportedAsNotFoundByTheNoLockTwin (0 ms)
2026-09-27T16:01:41.3010711Z [ RUN      ] ReverseEdgeLookupTest.ThePresentReverseEdgeIsStillFound
2026-09-27T16:01:41.3011905Z [       OK ] ReverseEdgeLookupTest.ThePresentReverseEdgeIsStillFound (0 ms)
2026-09-27T16:01:41.3012939Z [ RUN      ] ReverseEdgeLookupTest.AnAgentKeyThatMatchesNoEdgeIsNotFound
2026-09-27T16:01:41.3013970Z [       OK ] ReverseEdgeLookupTest.AnAgentKeyThatMatchesNoEdgeIsNotFound (0 ms)
2026-09-27T16:01:41.3015177Z [ RUN      ] ReverseEdgeLookupTest.ALinkWithOnlyOneDirectionIsReportedAsSuchNotAnswered
2026-09-27T16:01:41.3016548Z [       OK ] ReverseEdgeLookupTest.ALinkWithOnlyOneDirectionIsReportedAsSuchNotAnswered (0 ms)
2026-09-27T16:01:41.3017782Z [ RUN      ] ReverseEdgeLookupTest.ALinkWithBothDirectionsIsStillReported
2026-09-27T16:01:41.3018855Z [       OK ] ReverseEdgeLookupTest.ALinkWithBothDirectionsIsStillReported (0 ms)
2026-09-27T16:01:41.3020034Z [----------] 6 tests from ReverseEdgeLookupTest (0 ms total)
2026-09-27T16:01:41.3020500Z 
2026-09-27T16:01:41.3020719Z [----------] 8 tests from LastHopAttributionTest
2026-09-27T16:01:41.3021540Z [ RUN      ] LastHopAttributionTest.FindEdgeToHostReturnsTheHostBoundEdgeOnly
2026-09-27T16:01:41.3022924Z [       OK ] LastHopAttributionTest.FindEdgeToHostReturnsTheHostBoundEdgeOnly (0 ms)
2026-09-27T16:01:41.3024091Z [ RUN      ] LastHopAttributionTest.TheHostBoundSiteDividesByTheIntervalItWasGiven
2026-09-27T16:01:41.3025309Z [       OK ] LastHopAttributionTest.TheHostBoundSiteDividesByTheIntervalItWasGiven (0 ms)
2026-09-27T16:01:41.3026623Z [ RUN      ] LastHopAttributionTest.OneSampleCreditsTheLastHopEdgeWithSampledBytesTimesRate
2026-09-27T16:01:41.3027989Z [       OK ] LastHopAttributionTest.OneSampleCreditsTheLastHopEdgeWithSampledBytesTimesRate (0 ms)
2026-09-27T16:01:41.3029299Z [ RUN      ] LastHopAttributionTest.SwitchToSwitchEgressEntriesAreDroppedNotWritten
2026-09-27T16:01:41.3030567Z [       OK ] LastHopAttributionTest.SwitchToSwitchEgressEntriesAreDroppedNotWritten (0 ms)
2026-09-27T16:01:41.3031925Z [ RUN      ] LastHopAttributionTest.TheCreditDecaysToZeroWhenTrafficStops
2026-09-27T16:01:41.3032957Z [       OK ] LastHopAttributionTest.TheCreditDecaysToZeroWhenTrafficStops (0 ms)
2026-09-27T16:01:41.3033905Z [ RUN      ] LastHopAttributionTest.TwoSamplesInOneSecondAccumulate
2026-09-27T16:01:41.3034792Z [       OK ] LastHopAttributionTest.TwoSamplesInOneSecondAccumulate (0 ms)
2026-09-27T16:01:41.3036128Z [ RUN      ] LastHopAttributionTest.AnIngressLessSampleIsBankedOnceAndOnTheEgressSide
2026-09-27T16:01:41.3037373Z [       OK ] LastHopAttributionTest.AnIngressLessSampleIsBankedOnceAndOnTheEgressSide (0 ms)
2026-09-27T16:01:41.3038607Z [ RUN      ] LastHopAttributionTest.TheLastHopEdgeJoinsTheFlowSetOnceThePathIsKnown
2026-09-27T16:01:41.3039812Z [       OK ] LastHopAttributionTest.TheLastHopEdgeJoinsTheFlowSetOnceThePathIsKnown (0 ms)
2026-09-27T16:01:41.3040796Z [----------] 8 tests from LastHopAttributionTest (5 ms total)
2026-09-27T16:01:41.3041223Z 
2026-09-27T16:01:41.3041419Z [----------] 9 tests from AllDestinationPaths
2026-09-27T16:01:41.3042286Z [ RUN      ] AllDestinationPaths.ASnapshotIsStored
2026-09-27T16:01:41.3042922Z [       OK ] AllDestinationPaths.ASnapshotIsStored (0 ms)
2026-09-27T16:01:41.3043729Z [ RUN      ] AllDestinationPaths.ALaterSnapshotReplacesRatherThanMerges
2026-09-27T16:01:41.3044775Z [       OK ] AllDestinationPaths.ALaterSnapshotReplacesRatherThanMerges (0 ms)
2026-09-27T16:01:41.3045755Z [ RUN      ] AllDestinationPaths.ThePairThatSurvivesGetsItsNewCount
2026-09-27T16:01:41.3046660Z [       OK ] AllDestinationPaths.ThePairThatSurvivesGetsItsNewCount (0 ms)
2026-09-27T16:01:41.3047634Z [ RUN      ] AllDestinationPaths.AnEmptySnapshotDoesNotWipeAPopulatedMap
2026-09-27T16:01:41.3048628Z [       OK ] AllDestinationPaths.AnEmptySnapshotDoesNotWipeAPopulatedMap (0 ms)
2026-09-27T16:01:41.3049614Z [ RUN      ] AllDestinationPaths.AnEmptySnapshotOnAnEmptyMapIsHarmless
2026-09-27T16:01:41.3050577Z [       OK ] AllDestinationPaths.AnEmptySnapshotOnAnEmptyMapIsHarmless (0 ms)
2026-09-27T16:01:41.3051484Z [ RUN      ] AllDestinationPaths.RepeatingTheSameSnapshotIsStable
2026-09-27T16:01:41.3052613Z [       OK ] AllDestinationPaths.RepeatingTheSameSnapshotIsStable (0 ms)
2026-09-27T16:01:41.3053701Z [ RUN      ] AllDestinationPaths.AnEmptyPathInASnapshotIsSkippedRatherThanDereferenced
2026-09-27T16:01:41.3055080Z [       OK ] AllDestinationPaths.AnEmptyPathInASnapshotIsSkippedRatherThanDereferenced (0 ms)
2026-09-27T16:01:41.3056367Z [ RUN      ] AllDestinationPaths.TheUsablePathsInAMixedSnapshotAreStillStored
2026-09-27T16:01:41.3057522Z [       OK ] AllDestinationPaths.TheUsablePathsInAMixedSnapshotAreStillStored (0 ms)
2026-09-27T16:01:41.3058664Z [ RUN      ] AllDestinationPaths.AnEmptyPathDoesNotPreventTheReplacementOfEarlierData
2026-09-27T16:01:41.3059870Z [       OK ] AllDestinationPaths.AnEmptyPathDoesNotPreventTheReplacementOfEarlierData (0 ms)
2026-09-27T16:01:41.3060659Z [----------] 9 tests from AllDestinationPaths (0 ms total)
2026-09-27T16:01:41.3060891Z 
2026-09-27T16:01:41.3061009Z [----------] 22 tests from HttpSessionRoutingTest
2026-09-27T16:01:41.3061464Z [ RUN      ] HttpSessionRoutingTest.ANonNumericAppIdIsAClientErrorNotAServerError
2026-09-27T16:01:41.3062430Z [       OK ] HttpSessionRoutingTest.ANonNumericAppIdIsAClientErrorNotAServerError (0 ms)
2026-09-27T16:01:41.3063139Z [ RUN      ] HttpSessionRoutingTest.AnAppIdWithTrailingGarbageIsRejectedRatherThanTruncated
2026-09-27T16:01:41.3063880Z [       OK ] HttpSessionRoutingTest.AnAppIdWithTrailingGarbageIsRejectedRatherThanTruncated (0 ms)
2026-09-27T16:01:41.3064577Z [ RUN      ] HttpSessionRoutingTest.ANegativeAppIdIsRejectedRatherThanWrappedAround
2026-09-27T16:01:41.3065227Z [       OK ] HttpSessionRoutingTest.ANegativeAppIdIsRejectedRatherThanWrappedAround (0 ms)
2026-09-27T16:01:41.3065794Z [ RUN      ] HttpSessionRoutingTest.AnAppIdTooWideForIntIsRejected
2026-09-27T16:01:41.3066271Z [       OK ] HttpSessionRoutingTest.AnAppIdTooWideForIntIsRejected (0 ms)
2026-09-27T16:01:41.3066767Z [ RUN      ] HttpSessionRoutingTest.AnAppIdTooWideForUint64IsRejected
2026-09-27T16:01:41.3067270Z [       OK ] HttpSessionRoutingTest.AnAppIdTooWideForUint64IsRejected (0 ms)
2026-09-27T16:01:41.3067786Z [ RUN      ] HttpSessionRoutingTest.AnAppIdSentAsANumberIsAClientError
2026-09-27T16:01:41.3068294Z [       OK ] HttpSessionRoutingTest.AnAppIdSentAsANumberIsAClientError (0 ms)
2026-09-27T16:01:41.3068948Z [ RUN      ] HttpSessionRoutingTest.AMissingAppIdIsAClientError
2026-09-27T16:01:41.3069393Z [       OK ] HttpSessionRoutingTest.AMissingAppIdIsAClientError (0 ms)
2026-09-27T16:01:41.3069927Z [ RUN      ] HttpSessionRoutingTest.ANonNumericDpidIsAClientErrorNotAServerError
2026-09-27T16:01:41.3070540Z [       OK ] HttpSessionRoutingTest.ANonNumericDpidIsAClientErrorNotAServerError (0 ms)
2026-09-27T16:01:41.3071200Z [ RUN      ] HttpSessionRoutingTest.ADpidWithTrailingGarbageIsRejectedRatherThanTruncated
2026-09-27T16:01:41.3072266Z [       OK ] HttpSessionRoutingTest.ADpidWithTrailingGarbageIsRejectedRatherThanTruncated (0 ms)
2026-09-27T16:01:41.3072990Z [ RUN      ] HttpSessionRoutingTest.AnAbsentDpidParameterIsReportedAsMissingNotAsMalformed
2026-09-27T16:01:41.3073711Z [       OK ] HttpSessionRoutingTest.AnAbsentDpidParameterIsReportedAsMissingNotAsMalformed (0 ms)
2026-09-27T16:01:41.3074421Z [ RUN      ] HttpSessionRoutingTest.AnEmptyDpidParameterIsReportedAsMissingNotAsMalformed
2026-09-27T16:01:41.3075136Z [       OK ] HttpSessionRoutingTest.AnEmptyDpidParameterIsReportedAsMissingNotAsMalformed (0 ms)
2026-09-27T16:01:41.3075740Z [ RUN      ] HttpSessionRoutingTest.AnUnparseableBodyIsAClientError
2026-09-27T16:01:41.3076223Z [       OK ] HttpSessionRoutingTest.AnUnparseableBodyIsAClientError (0 ms)
2026-09-27T16:01:41.3076799Z [ RUN      ] HttpSessionRoutingTest.AParseableBodyMissingItsRequiredKeyIsAClientError
2026-09-27T16:01:41.3077487Z [       OK ] HttpSessionRoutingTest.AParseableBodyMissingItsRequiredKeyIsAClientError (0 ms)
2026-09-27T16:01:41.3078134Z [ RUN      ] HttpSessionRoutingTest.AClientErrorStillCarriesADiagnosticBody
2026-09-27T16:01:41.3078703Z [       OK ] HttpSessionRoutingTest.AClientErrorStillCarriesADiagnosticBody (0 ms)
2026-09-27T16:01:41.3079214Z [ RUN      ] HttpSessionRoutingTest.AnUnknownEndpointIsNotFound
2026-09-27T16:01:41.3079658Z [       OK ] HttpSessionRoutingTest.AnUnknownEndpointIsNotFound (0 ms)
2026-09-27T16:01:41.3080107Z [ RUN      ] HttpSessionRoutingTest.TheMethodIsPartOfTheRoute
2026-09-27T16:01:41.3080758Z [       OK ] HttpSessionRoutingTest.TheMethodIsPartOfTheRoute (0 ms)
2026-09-27T16:01:41.3081972Z [ RUN      ] HttpSessionRoutingTest.APreflightIsAnsweredWithoutRunningAHandler
2026-09-27T16:01:41.3083088Z [       OK ] HttpSessionRoutingTest.APreflightIsAnsweredWithoutRunningAHandler (0 ms)
2026-09-27T16:01:41.3084147Z [ RUN      ] HttpSessionRoutingTest.CorsHeadersAreSetEvenOnAFailedRequest
2026-09-27T16:01:41.3085398Z [       OK ] HttpSessionRoutingTest.CorsHeadersAreSetEvenOnAFailedRequest (0 ms)
2026-09-27T16:01:41.3086557Z [ RUN      ] HttpSessionRoutingTest.AQueryStringOnGetDetectedFlowDataStillReachesItsRoute
2026-09-27T16:01:41.3087893Z [       OK ] HttpSessionRoutingTest.AQueryStringOnGetDetectedFlowDataStillReachesItsRoute (0 ms)
2026-09-27T16:01:41.3089297Z [ RUN      ] HttpSessionRoutingTest.AnUnrecognisedLivenessValueIsRefusedRatherThanQuietlyDefaulted
2026-09-27T16:01:41.3090142Z [       OK ] HttpSessionRoutingTest.AnUnrecognisedLivenessValueIsRefusedRatherThanQuietlyDefaulted (0 ms)
2026-09-27T16:01:41.3090963Z [ RUN      ] HttpSessionRoutingTest.TopKRefusesAnUnrecognisedLivenessValueBeforeTouchingTheCollector
2026-09-27T16:01:41.3092077Z [       OK ] HttpSessionRoutingTest.TopKRefusesAnUnrecognisedLivenessValueBeforeTouchingTheCollector (0 ms)
2026-09-27T16:01:41.3092847Z [ RUN      ] HttpSessionRoutingTest.AMistypedFlowDataEndpointIsNotFoundRatherThanServed
2026-09-27T16:01:41.3093583Z [       OK ] HttpSessionRoutingTest.AMistypedFlowDataEndpointIsNotFoundRatherThanServed (0 ms)
2026-09-27T16:01:41.3094161Z [----------] 22 tests from HttpSessionRoutingTest (2 ms total)
2026-09-27T16:01:41.3094399Z 
2026-09-27T16:01:41.3094536Z [----------] 4 tests from LinkTransitionEndpointsTest
2026-09-27T16:01:41.3095109Z [ RUN      ] LinkTransitionEndpointsTest.AFailureWithBothDirectionsPresentTakesBothDownAndAnswers200
2026-09-27T16:01:41.3095947Z [       OK ] LinkTransitionEndpointsTest.AFailureWithBothDirectionsPresentTakesBothDownAndAnswers200 (0 ms)
2026-09-27T16:01:41.3096977Z [ RUN      ] LinkTransitionEndpointsTest.AFailureWhoseReverseEdgeIsMissingIsNotReportedAsSuccess
2026-09-27T16:01:41.3097763Z [       OK ] LinkTransitionEndpointsTest.AFailureWhoseReverseEdgeIsMissingIsNotReportedAsSuccess (0 ms)
2026-09-27T16:01:41.3098572Z [ RUN      ] LinkTransitionEndpointsTest.ARecoveryWithBothDirectionsPresentBringsBothUpAndAnswers200
2026-09-27T16:01:41.3099401Z [       OK ] LinkTransitionEndpointsTest.ARecoveryWithBothDirectionsPresentBringsBothUpAndAnswers200 (0 ms)
2026-09-27T16:01:41.3100217Z [ RUN      ] LinkTransitionEndpointsTest.ARecoveryWhoseReverseEdgeIsMissingIsNotReportedAsSuccess
2026-09-27T16:01:41.3101021Z [       OK ] LinkTransitionEndpointsTest.ARecoveryWhoseReverseEdgeIsMissingIsNotReportedAsSuccess (0 ms)
2026-09-27T16:01:41.3101778Z [----------] 4 tests from LinkTransitionEndpointsTest (0 ms total)
2026-09-27T16:01:41.3102045Z 
2026-09-27T16:01:41.3102159Z [----------] 2 tests from GraphDataHeadroomTest
2026-09-27T16:01:41.3102585Z [ RUN      ] GraphDataHeadroomTest.TheHeadroomFigureCarriesItsProvenance
2026-09-27T16:01:41.3103168Z [       OK ] GraphDataHeadroomTest.TheHeadroomFigureCarriesItsProvenance (2 ms)
2026-09-27T16:01:41.3103727Z [ RUN      ] GraphDataHeadroomTest.TheExistingHeadroomKeyKeepsItsNameAndType
2026-09-27T16:01:41.3104303Z [       OK ] GraphDataHeadroomTest.TheExistingHeadroomKeyKeepsItsNameAndType (0 ms)
2026-09-27T16:01:41.3104791Z [----------] 2 tests from GraphDataHeadroomTest (3 ms total)
2026-09-27T16:01:41.3105016Z 
2026-09-27T16:01:41.3105142Z [----------] 3 tests from InformSwitchEnteredTest
2026-09-27T16:01:41.3105665Z [ RUN      ] InformSwitchEnteredTest.ASwitchEnteredPushDoesNotClearAStandingCommandedPowerOff
2026-09-27T16:01:41.3106421Z [       OK ] InformSwitchEnteredTest.ASwitchEnteredPushDoesNotClearAStandingCommandedPowerOff (0 ms)
2026-09-27T16:01:41.3107087Z [ RUN      ] InformSwitchEnteredTest.ASwitchEnteredPushMayStillLiftReachable
2026-09-27T16:01:41.3107670Z [       OK ] InformSwitchEnteredTest.ASwitchEnteredPushMayStillLiftReachable (0 ms)
2026-09-27T16:01:41.3108351Z [ RUN      ] InformSwitchEnteredTest.TheResultingVertexReportsTheDisagreementRatherThanPickingOne
2026-09-27T16:01:41.3109143Z [       OK ] InformSwitchEnteredTest.TheResultingVertexReportsTheDisagreementRatherThanPickingOne (0 ms)
2026-09-27T16:01:41.3110012Z [----------] 3 tests from InformSwitchEnteredTest (0 ms total)
2026-09-27T16:01:41.3110464Z 
2026-09-27T16:01:41.3110683Z [----------] 7 tests from DispatchStatusEndpointTest
2026-09-27T16:01:41.3111977Z [ RUN      ] DispatchStatusEndpointTest.TheCountersAreNamedForWhatTheyCount
2026-09-27T16:01:41.3113092Z [       OK ] DispatchStatusEndpointTest.TheCountersAreNamedForWhatTheyCount (2 ms)
2026-09-27T16:01:41.3114262Z [ RUN      ] DispatchStatusEndpointTest.AnOvsFabricReportsUnknownAtTheSwitchAndSaysWhy
2026-09-27T16:01:41.3118202Z [       OK ] DispatchStatusEndpointTest.AnOvsFabricReportsUnknownAtTheSwitchAndSaysWhy (2 ms)
2026-09-27T16:01:41.3119357Z [ RUN      ] DispatchStatusEndpointTest.AConfirmingPlaneReportsAnAcceptanceBySwitch
2026-09-27T16:01:41.3145193Z [       OK ] DispatchStatusEndpointTest.AConfirmingPlaneReportsAnAcceptanceBySwitch (2 ms)
2026-09-27T16:01:41.3145889Z [ RUN      ] DispatchStatusEndpointTest.ARequestIdAnswersForThatBatchAlone
2026-09-27T16:01:41.3196112Z [       OK ] DispatchStatusEndpointTest.ARequestIdAnswersForThatBatchAlone (5 ms)
2026-09-27T16:01:41.3197193Z [ RUN      ] DispatchStatusEndpointTest.AnUnknownRequestIdIsNotAnswered200
2026-09-27T16:01:41.3198337Z [       OK ] DispatchStatusEndpointTest.AnUnknownRequestIdIsNotAnswered200 (0 ms)
2026-09-27T16:01:41.3199611Z [ RUN      ] DispatchStatusEndpointTest.ANonNumericRequestIdIsAClientErrorNotAServerError
2026-09-27T16:01:41.3201011Z [       OK ] DispatchStatusEndpointTest.ANonNumericRequestIdIsAClientErrorNotAServerError (0 ms)
2026-09-27T16:01:41.3202463Z [ RUN      ] DispatchStatusEndpointTest.TheRouteAcceptsAQueryStringAtAll
2026-09-27T16:01:41.3204095Z [       OK ] DispatchStatusEndpointTest.TheRouteAcceptsAQueryStringAtAll (0 ms)
2026-09-27T16:01:41.3205007Z [----------] 7 tests from DispatchStatusEndpointTest (14 ms total)
2026-09-27T16:01:41.3205463Z 
2026-09-27T16:01:41.3205702Z [----------] 22 tests from DeclaredLinkFailureWireTest
2026-09-27T16:01:41.3206677Z [ RUN      ] DeclaredLinkFailureWireTest.ADeclaredLinkFailureIsStillDownAfterAPollAndSaysWhy
2026-09-27T16:01:41.3244354Z [       OK ] DeclaredLinkFailureWireTest.ADeclaredLinkFailureIsStillDownAfterAPollAndSaysWhy (4 ms)
2026-09-27T16:01:41.3245965Z [ RUN      ] DeclaredLinkFailureWireTest.ARecoveryWithdrawsTheDeclarationAndTheNextPollRaisesTheLink
2026-09-27T16:01:41.3285109Z [       OK ] DeclaredLinkFailureWireTest.ARecoveryWithdrawsTheDeclarationAndTheNextPollRaisesTheLink (4 ms)
2026-09-27T16:01:41.3286670Z [ RUN      ] DeclaredLinkFailureWireTest.InjectOutsideMininetDeclaresAndSaysTheCutWasSkipped
2026-09-27T16:01:41.3314032Z [       OK ] DeclaredLinkFailureWireTest.InjectOutsideMininetDeclaresAndSaysTheCutWasSkipped (2 ms)
2026-09-27T16:01:41.3315562Z [ RUN      ] DeclaredLinkFailureWireTest.InjectRecoveryOutsideMininetWithdrawsTheDeclaration
2026-09-27T16:01:41.3332046Z [       OK ] DeclaredLinkFailureWireTest.InjectRecoveryOutsideMininetWithdrawsTheDeclaration (1 ms)
2026-09-27T16:01:41.3333390Z [ RUN      ] DeclaredLinkFailureWireTest.InjectWithNoSuchEdgeChangesNothing
2026-09-27T16:01:41.3347114Z [       OK ] DeclaredLinkFailureWireTest.InjectWithNoSuchEdgeChangesNothing (1 ms)
2026-09-27T16:01:41.3348251Z [ RUN      ] DeclaredLinkFailureWireTest.InjectWithAnInvalidPayloadIsRejected
2026-09-27T16:01:41.3350202Z [       OK ] DeclaredLinkFailureWireTest.InjectWithAnInvalidPayloadIsRejected (0 ms)
2026-09-27T16:01:41.3351485Z [ RUN      ] DeclaredLinkFailureWireTest.ARyuRestartDoesNotWithdrawAnInjectedLinkFailure
2026-09-27T16:01:41.3392905Z [       OK ] DeclaredLinkFailureWireTest.ARyuRestartDoesNotWithdrawAnInjectedLinkFailure (4 ms)
2026-09-27T16:01:41.3394380Z [ RUN      ] DeclaredLinkFailureWireTest.AReportedFailureIsStillWithdrawnByItsOwnRecovery
2026-09-27T16:01:41.3419930Z [       OK ] DeclaredLinkFailureWireTest.AReportedFailureIsStillWithdrawnByItsOwnRecovery (2 ms)
2026-09-27T16:01:41.3421483Z [ RUN      ] DeclaredLinkFailureWireTest.InjectRecoveryStillWithdrawsAfterARefusedRediscovery
2026-09-27T16:01:41.3449942Z [       OK ] DeclaredLinkFailureWireTest.InjectRecoveryStillWithdrawsAfterARefusedRediscovery (2 ms)
2026-09-27T16:01:41.3451308Z [ RUN      ] DeclaredLinkFailureWireTest.ADeclinedRecoveryIsNotLoggedAsARecovery
2026-09-27T16:01:41.3466934Z [       OK ] DeclaredLinkFailureWireTest.ADeclinedRecoveryIsNotLoggedAsARecovery (1 ms)
2026-09-27T16:01:41.3468313Z [ RUN      ] DeclaredLinkFailureWireTest.AnAppliedRecoveryLogsThatTheDeclarationWentAway
2026-09-27T16:01:41.3482165Z [       OK ] DeclaredLinkFailureWireTest.AnAppliedRecoveryLogsThatTheDeclarationWentAway (1 ms)
2026-09-27T16:01:41.3483929Z [ RUN      ] DeclaredLinkFailureWireTest.ARecoveryForAnEdgeTheGraphDoesNotHoldSaysThatInstead
2026-09-27T16:01:41.3485482Z [       OK ] DeclaredLinkFailureWireTest.ARecoveryForAnEdgeTheGraphDoesNotHoldSaysThatInstead (0 ms)
2026-09-27T16:01:41.3486972Z [ RUN      ] DeclaredLinkFailureWireTest.EveryLinkEndpointRefusesAHostEdgeAddressedByDpidZero
2026-09-27T16:01:41.3492677Z [       OK ] DeclaredLinkFailureWireTest.EveryLinkEndpointRefusesAHostEdgeAddressedByDpidZero (0 ms)
2026-09-27T16:01:41.3494127Z [ RUN      ] DeclaredLinkFailureWireTest.ARefusedHostEdgeRequestLeavesTheHostEdgeAlone
2026-09-27T16:01:41.3532160Z [       OK ] DeclaredLinkFailureWireTest.ARefusedHostEdgeRequestLeavesTheHostEdgeAlone (3 ms)
2026-09-27T16:01:41.3533755Z [ RUN      ] DeclaredLinkFailureWireTest.TheDpidZeroRefusalDoesNotTouchOrdinarySwitchToSwitchLinks
2026-09-27T16:01:41.3537570Z [       OK ] DeclaredLinkFailureWireTest.TheDpidZeroRefusalDoesNotTouchOrdinarySwitchToSwitchLinks (0 ms)
2026-09-27T16:01:41.3539212Z [ RUN      ] DeclaredLinkFailureWireTest.AnUndeclaredLinkWhoseNetemIsSomebodyElsesIsRefusedWith409
2026-09-27T16:01:41.3567608Z [       OK ] DeclaredLinkFailureWireTest.AnUndeclaredLinkWhoseNetemIsSomebodyElsesIsRefusedWith409 (2 ms)
2026-09-27T16:01:41.3569164Z [ RUN      ] DeclaredLinkFailureWireTest.TheRefusalNamesTheInterfaceAndSaysWhoseNetemItIsNot
2026-09-27T16:01:41.3573330Z [       OK ] DeclaredLinkFailureWireTest.TheRefusalNamesTheInterfaceAndSaysWhoseNetemItIsNot (0 ms)
2026-09-27T16:01:41.3574864Z [ RUN      ] DeclaredLinkFailureWireTest.AnInjectionThisKernelMadeIsWithdrawnAndItsNetemRemoved
2026-09-27T16:01:41.3610274Z [       OK ] DeclaredLinkFailureWireTest.AnInjectionThisKernelMadeIsWithdrawnAndItsNetemRemoved (3 ms)
2026-09-27T16:01:41.3612064Z [ RUN      ] DeclaredLinkFailureWireTest.ASecondInjectRecoveryIsStillAnIdempotentNoop
2026-09-27T16:01:41.3625443Z [       OK ] DeclaredLinkFailureWireTest.ASecondInjectRecoveryIsStillAnIdempotentNoop (1 ms)
2026-09-27T16:01:41.3627006Z [ RUN      ] DeclaredLinkFailureWireTest.ANetemSwappedUnderAStandingDeclarationIsLeftStandingAndSaidSo
2026-09-27T16:01:41.3650998Z [       OK ] DeclaredLinkFailureWireTest.ANetemSwappedUnderAStandingDeclarationIsLeftStandingAndSaidSo (2 ms)
2026-09-27T16:01:41.3652910Z [ RUN      ] DeclaredLinkFailureWireTest.AnInjectionRefusedAtOneEndAttachesNothingAtTheOther
2026-09-27T16:01:41.3658570Z [       OK ] DeclaredLinkFailureWireTest.AnInjectionRefusedAtOneEndAttachesNothingAtTheOther (0 ms)
2026-09-27T16:01:41.3659963Z [ RUN      ] DeclaredLinkFailureWireTest.AHalfDoneInjectionNeverAnswersInjected
2026-09-27T16:01:41.3667196Z [       OK ] DeclaredLinkFailureWireTest.AHalfDoneInjectionNeverAnswersInjected (0 ms)
2026-09-27T16:01:41.3668145Z [----------] 22 tests from DeclaredLinkFailureWireTest (46 ms total)
2026-09-27T16:01:41.3668621Z 
2026-09-27T16:01:41.3668859Z [----------] 6 tests from LabClaimOnWriteRepliesTest
2026-09-27T16:01:41.3669891Z [ RUN      ] LabClaimOnWriteRepliesTest.EveryWriteEndpointCarriesTheClaimAndTheNotificationDoesNot
2026-09-27T16:01:41.3694951Z [       OK ] LabClaimOnWriteRepliesTest.EveryWriteEndpointCarriesTheClaimAndTheNotificationDoesNot (2 ms)
2026-09-27T16:01:41.3696345Z [ RUN      ] LabClaimOnWriteRepliesTest.NoClaimFileIsStateNoneAndNotAnError
2026-09-27T16:01:41.3700929Z [       OK ] LabClaimOnWriteRepliesTest.NoClaimFileIsStateNoneAndNotAnError (0 ms)
2026-09-27T16:01:41.3702702Z [ RUN      ] LabClaimOnWriteRepliesTest.AClaimThatHasRunOutIsExpiredAndStillNamesItsOwner
2026-09-27T16:01:41.3706921Z [       OK ] LabClaimOnWriteRepliesTest.AClaimThatHasRunOutIsExpiredAndStillNamesItsOwner (0 ms)
2026-09-27T16:01:41.3708611Z [ RUN      ] LabClaimOnWriteRepliesTest.AClaimWithNoReadableExpiryIsNotReportedAsActive
2026-09-27T16:01:41.3712571Z [       OK ] LabClaimOnWriteRepliesTest.AClaimWithNoReadableExpiryIsNotReportedAsActive (0 ms)
2026-09-27T16:01:41.3713931Z [ RUN      ] LabClaimOnWriteRepliesTest.ANoteContainingAnEqualsSignSurvivesTheParse
2026-09-27T16:01:41.3718595Z [       OK ] LabClaimOnWriteRepliesTest.ANoteContainingAnEqualsSignSurvivesTheParse (0 ms)
2026-09-27T16:01:41.3720069Z [ RUN      ] LabClaimOnWriteRepliesTest.TheClaimChangingHandsIsLoggedOncePerChangeAndRefusesNothing
2026-09-27T16:01:43.7744913Z [       OK ] LabClaimOnWriteRepliesTest.TheClaimChangingHandsIsLoggedOncePerChangeAndRefusesNothing (2402 ms)
2026-09-27T16:01:43.7746588Z [----------] 6 tests from LabClaimOnWriteRepliesTest (2407 ms total)
2026-09-27T16:01:43.7747212Z 
2026-09-27T16:01:43.7747464Z [----------] 5 tests from LLMResponseEnumsTest
2026-09-27T16:01:43.7748577Z [ RUN      ] LLMResponseEnumsTest.EveryTaskTypeSurvivesARoundTripThroughItsWireName
2026-09-27T16:01:43.7749968Z [       OK ] LLMResponseEnumsTest.EveryTaskTypeSurvivesARoundTripThroughItsWireName (0 ms)
2026-09-27T16:01:43.7751499Z [ RUN      ] LLMResponseEnumsTest.AnUnmappedTaskTypeIsNamedRatherThanRenderedAsAnInteger
2026-09-27T16:01:43.7753358Z [       OK ] LLMResponseEnumsTest.AnUnmappedTaskTypeIsNamedRatherThanRenderedAsAnInteger (0 ms)
2026-09-27T16:01:43.7754928Z [ RUN      ] LLMResponseEnumsTest.AnUnknownTaskNameIsRejectedRatherThanDefaultingToATask
2026-09-27T16:01:43.7756904Z [       OK ] LLMResponseEnumsTest.AnUnknownTaskNameIsRejectedRatherThanDefaultingToATask (0 ms)
2026-09-27T16:01:43.7758408Z [ RUN      ] LLMResponseEnumsTest.TaskNamesAreCaseSensitiveSoNearMissesAreRejected
2026-09-27T16:01:43.7759652Z [       OK ] LLMResponseEnumsTest.TaskNamesAreCaseSensitiveSoNearMissesAreRejected (0 ms)
2026-09-27T16:01:43.7760935Z [ RUN      ] LLMResponseEnumsTest.EveryStateSurvivesARoundTripAndUnknownOnesAreRejected
2026-09-27T16:01:43.7762529Z [       OK ] LLMResponseEnumsTest.EveryStateSurvivesARoundTripAndUnknownOnesAreRejected (0 ms)
2026-09-27T16:01:43.7763577Z [----------] 5 tests from LLMResponseEnumsTest (0 ms total)
2026-09-27T16:01:43.7763997Z 
2026-09-27T16:01:43.7764216Z [----------] 38 tests from LLMResponseParsingTest
2026-09-27T16:01:43.7765134Z [ RUN      ] LLMResponseParsingTest.ADiscussionReplyBecomesADiscussionCarryingItsPrompt
2026-09-27T16:01:43.7766465Z [       OK ] LLMResponseParsingTest.ADiscussionReplyBecomesADiscussionCarryingItsPrompt (0 ms)
2026-09-27T16:01:43.7767875Z [ RUN      ] LLMResponseParsingTest.AValidationReplyCarriesItsErrorMessageFromTheErrorField
2026-09-27T16:01:43.7769304Z [       OK ] LLMResponseParsingTest.AValidationReplyCarriesItsErrorMessageFromTheErrorField (0 ms)
2026-09-27T16:01:43.7770739Z [ RUN      ] LLMResponseParsingTest.AReplyWithNoStateIsRejectedRatherThanAssumedToBeAnAnswer
2026-09-27T16:01:43.7772452Z [       OK ] LLMResponseParsingTest.AReplyWithNoStateIsRejectedRatherThanAssumedToBeAnAnswer (0 ms)
2026-09-27T16:01:43.7773981Z [ RUN      ] LLMResponseParsingTest.ANullResponsePointerSerialisesToJsonNullRatherThanAnEmptyObject
2026-09-27T16:01:43.7775616Z [       OK ] LLMResponseParsingTest.ANullResponsePointerSerialisesToJsonNullRatherThanAnEmptyObject (0 ms)
2026-09-27T16:01:43.7777170Z [ RUN      ] LLMResponseParsingTest.ANullTaskPointerSerialisesToJsonNullRatherThanAnEmptyObject
2026-09-27T16:01:43.7778682Z [       OK ] LLMResponseParsingTest.ANullTaskPointerSerialisesToJsonNullRatherThanAnEmptyObject (0 ms)
2026-09-27T16:01:43.7780125Z [ RUN      ] LLMResponseParsingTest.AnAnswerMarkedInvalidDiscardsTheTasksItStillCarries
2026-09-27T16:01:43.7781460Z [       OK ] LLMResponseParsingTest.AnAnswerMarkedInvalidDiscardsTheTasksItStillCarries (0 ms)
2026-09-27T16:01:43.7782982Z [ RUN      ] LLMResponseParsingTest.ValidIsReadNumericallySoOneAndZeroBothWork
2026-09-27T16:01:43.7784110Z [       OK ] LLMResponseParsingTest.ValidIsReadNumericallySoOneAndZeroBothWork (0 ms)
2026-09-27T16:01:43.7785693Z [ RUN      ] LLMResponseParsingTest.AStringlyTypedValidIsRejectedRatherThanReadAsTruthy
2026-09-27T16:01:43.7787087Z [       OK ] LLMResponseParsingTest.AStringlyTypedValidIsRejectedRatherThanReadAsTruthy (0 ms)
2026-09-27T16:01:43.7788373Z [ RUN      ] LLMResponseParsingTest.AnEmptyTaskListIsAcceptedButAMissingOneIsNot
2026-09-27T16:01:43.7789580Z [       OK ] LLMResponseParsingTest.AnEmptyTaskListIsAcceptedButAMissingOneIsNot (0 ms)
2026-09-27T16:01:43.7790723Z [ RUN      ] LLMResponseParsingTest.EachTaskNameProducesItsOwnConcreteType
2026-09-27T16:01:43.7792056Z [       OK ] LLMResponseParsingTest.EachTaskNameProducesItsOwnConcreteType (0 ms)
2026-09-27T16:01:43.7793376Z [ RUN      ] LLMResponseParsingTest.ATaskWithNoOrderIsRejectedBecauseTheOrderDecidesWhatRunsFirst
2026-09-27T16:01:43.7794999Z [       OK ] LLMResponseParsingTest.ATaskWithNoOrderIsRejectedBecauseTheOrderDecidesWhatRunsFirst (0 ms)
2026-09-27T16:01:43.7796395Z [ RUN      ] LLMResponseParsingTest.OrderIsCarriedThroughForValuesBeyondASingleByte
2026-09-27T16:01:43.7797631Z [       OK ] LLMResponseParsingTest.OrderIsCarriedThroughForValuesBeyondASingleByte (0 ms)
2026-09-27T16:01:43.7799016Z [ RUN      ] LLMResponseParsingTest.ANegativeOrderWrapsToItsUnsignedValueDocumentsCurrentBehaviour
2026-09-27T16:01:43.7800556Z [       OK ] LLMResponseParsingTest.ANegativeOrderWrapsToItsUnsignedValueDocumentsCurrentBehaviour (0 ms)
2026-09-27T16:01:43.7802223Z [ RUN      ] LLMResponseParsingTest.AResultSuppliedByTheModelIsDiscardedRatherThanTrusted
2026-09-27T16:01:43.7803887Z [       OK ] LLMResponseParsingTest.AResultSuppliedByTheModelIsDiscardedRatherThanTrusted (0 ms)
2026-09-27T16:01:43.7805278Z [ RUN      ] LLMResponseParsingTest.ATaskThatTakesNoParametersDoesNotRequireAParametersObject
2026-09-27T16:01:43.7806729Z [       OK ] LLMResponseParsingTest.ATaskThatTakesNoParametersDoesNotRequireAParametersObject (0 ms)
2026-09-27T16:01:43.7808050Z [ RUN      ] LLMResponseParsingTest.ATaskThatNeedsAParameterIsRejectedWhenItIsMissingOrNull
2026-09-27T16:01:43.7809418Z [       OK ] LLMResponseParsingTest.ATaskThatNeedsAParameterIsRejectedWhenItIsMissingOrNull (0 ms)
2026-09-27T16:01:43.7811027Z [ RUN      ] LLMResponseParsingTest.ADeviceNameGivenAsANumberIsRejectedRatherThanStringified
2026-09-27T16:01:43.7812645Z [       OK ] LLMResponseParsingTest.ADeviceNameGivenAsANumberIsRejectedRatherThanStringified (0 ms)
2026-09-27T16:01:43.7814144Z [ RUN      ] LLMResponseParsingTest.AnInstallFlowEntryCarriesItsDeviceMatchPriorityAndAction
2026-09-27T16:01:43.7815767Z [       OK ] LLMResponseParsingTest.AnInstallFlowEntryCarriesItsDeviceMatchPriorityAndAction (0 ms)
2026-09-27T16:01:43.7816818Z [ RUN      ] LLMResponseParsingTest.AnEmptyActionsArrayMeansDropAndIsSignalledByPortMinusOne
2026-09-27T16:01:43.7817595Z [       OK ] LLMResponseParsingTest.AnEmptyActionsArrayMeansDropAndIsSignalledByPortMinusOne (0 ms)
2026-09-27T16:01:43.7818335Z [ RUN      ] LLMResponseParsingTest.OnlyTheFirstActionIsReadAndTheRestAreSilentlyIgnored
2026-09-27T16:01:43.7819063Z [       OK ] LLMResponseParsingTest.OnlyTheFirstActionIsReadAndTheRestAreSilentlyIgnored (0 ms)
2026-09-27T16:01:43.7819841Z [ RUN      ] LLMResponseParsingTest.TheStringActionFormRyuUsesIsRejectedHereDocumentsCurrentBehaviour
2026-09-27T16:01:43.7820689Z [       OK ] LLMResponseParsingTest.TheStringActionFormRyuUsesIsRejectedHereDocumentsCurrentBehaviour (0 ms)
2026-09-27T16:01:43.7821539Z [ RUN      ] LLMResponseParsingTest.AnActionMissingItsPortIsRejectedRatherThanDefaultingToZero
2026-09-27T16:01:43.7823055Z [       OK ] LLMResponseParsingTest.AnActionMissingItsPortIsRejectedRatherThanDefaultingToZero (0 ms)
2026-09-27T16:01:43.7824117Z [ RUN      ] LLMResponseParsingTest.APriorityAboveSixteenBitsWrapsDocumentsCurrentBehaviour
2026-09-27T16:01:43.7825255Z [       OK ] LLMResponseParsingTest.APriorityAboveSixteenBitsWrapsDocumentsCurrentBehaviour (0 ms)
2026-09-27T16:01:43.7825968Z [ RUN      ] LLMResponseParsingTest.AMatchIsCarriedThroughVerbatimWithoutBeingValidated
2026-09-27T16:01:43.7826883Z [       OK ] LLMResponseParsingTest.AMatchIsCarriedThroughVerbatimWithoutBeingValidated (0 ms)
2026-09-27T16:01:43.7827589Z [ RUN      ] LLMResponseParsingTest.ARerouteCarriesEveryHopInTheOrderTheModelGaveThem
2026-09-27T16:01:43.7828260Z [       OK ] LLMResponseParsingTest.ARerouteCarriesEveryHopInTheOrderTheModelGaveThem (0 ms)
2026-09-27T16:01:43.7828989Z [ RUN      ] LLMResponseParsingTest.ARerouteWithANonStringHopIsRejectedRatherThanPartiallyParsed
2026-09-27T16:01:43.7829785Z [       OK ] LLMResponseParsingTest.ARerouteWithANonStringHopIsRejectedRatherThanPartiallyParsed (0 ms)
2026-09-27T16:01:43.7830504Z [ RUN      ] LLMResponseParsingTest.AGroupEntrysBucketsAreCarriedThroughVerbatim
2026-09-27T16:01:43.7831121Z [       OK ] LLMResponseParsingTest.AGroupEntrysBucketsAreCarriedThroughVerbatim (0 ms)
2026-09-27T16:01:43.7832066Z [ RUN      ] LLMResponseParsingTest.AMeterEntrysFlagsListIsCarriedThroughInOrder
2026-09-27T16:01:43.7832705Z [       OK ] LLMResponseParsingTest.AMeterEntrysFlagsListIsCarriedThroughInOrder (0 ms)
2026-09-27T16:01:43.7833381Z [ RUN      ] LLMResponseParsingTest.AKGivenAsAStringIsRejectedRatherThanParsedOutOfTheText
2026-09-27T16:01:43.7834112Z [       OK ] LLMResponseParsingTest.AKGivenAsAStringIsRejectedRatherThanParsedOutOfTheText (0 ms)
2026-09-27T16:01:43.7834800Z [ RUN      ] LLMResponseParsingTest.ANegativeKIsCarriedThroughForTheCallerToDealWith
2026-09-27T16:01:43.7835464Z [       OK ] LLMResponseParsingTest.ANegativeKIsCarriedThroughForTheCallerToDealWith (0 ms)
2026-09-27T16:01:43.7836316Z [ RUN      ] LLMResponseParsingTest.SeveralTasksArriveInTheOrderTheyWereListed
2026-09-27T16:01:43.7836918Z [       OK ] LLMResponseParsingTest.SeveralTasksArriveInTheOrderTheyWereListed (0 ms)
2026-09-27T16:01:43.7837595Z [ RUN      ] LLMResponseParsingTest.OneUnparseableTaskRejectsTheWholeReplyRatherThanPartOfIt
2026-09-27T16:01:43.7838346Z [       OK ] LLMResponseParsingTest.OneUnparseableTaskRejectsTheWholeReplyRatherThanPartOfIt (0 ms)
2026-09-27T16:01:43.7839017Z [ RUN      ] LLMResponseParsingTest.ATasksEntryThatIsNotATaskObjectIsRejected
2026-09-27T16:01:43.7839604Z [       OK ] LLMResponseParsingTest.ATasksEntryThatIsNotATaskObjectIsRejected (0 ms)
2026-09-27T16:01:43.7840223Z [ RUN      ] LLMResponseParsingTest.AnAnswerRoundTripsThroughJsonWithItsTasksIntact
2026-09-27T16:01:43.7840866Z [       OK ] LLMResponseParsingTest.AnAnswerRoundTripsThroughJsonWithItsTasksIntact (0 ms)
2026-09-27T16:01:43.7841556Z [ RUN      ] LLMResponseParsingTest.NothingAModelCouldSendCausesAnythingWorseThanAnException
2026-09-27T16:01:43.7842620Z [       OK ] LLMResponseParsingTest.NothingAModelCouldSendCausesAnythingWorseThanAnException (0 ms)
2026-09-27T16:01:43.7843318Z [ RUN      ] LLMResponseParsingTest.AModifyFlowEntryTaskConstructsItselfAsAModify
2026-09-27T16:01:43.7843941Z [       OK ] LLMResponseParsingTest.AModifyFlowEntryTaskConstructsItselfAsAModify (0 ms)
2026-09-27T16:01:43.7844552Z [ RUN      ] LLMResponseParsingTest.DeserialisingAnAnswerReplacesExistingTasks
2026-09-27T16:01:43.7845148Z [       OK ] LLMResponseParsingTest.DeserialisingAnAnswerReplacesExistingTasks (0 ms)
2026-09-27T16:01:43.7845760Z [ RUN      ] LLMResponseParsingTest.AnAnswerClaimingValidWithNullTasksIsRejected
2026-09-27T16:01:43.7846366Z [       OK ] LLMResponseParsingTest.AnAnswerClaimingValidWithNullTasksIsRejected (0 ms)
2026-09-27T16:01:43.7846881Z [----------] 38 tests from LLMResponseParsingTest (6 ms total)
2026-09-27T16:01:43.7847115Z 
2026-09-27T16:01:43.7847219Z [----------] 18 tests from LockManagerTest
2026-09-27T16:01:43.7847648Z [ RUN      ] LockManagerTest.TheThreeDocumentedLockNamesAreValidAndNothingElseIs
2026-09-27T16:01:43.7848257Z [       OK ] LockManagerTest.TheThreeDocumentedLockNamesAreValidAndNothingElseIs (0 ms)
2026-09-27T16:01:43.7848887Z [ RUN      ] LockManagerTest.TheDefaultLockNameConstantIsOneTheManagerActuallyAccepts
2026-09-27T16:01:43.7849549Z [       OK ] LockManagerTest.TheDefaultLockNameConstantIsOneTheManagerActuallyAccepts (0 ms)
2026-09-27T16:01:43.7850196Z [ RUN      ] LockManagerTest.AnUnknownLockNameIsRefusedRatherThanCreatingAFourthLock
2026-09-27T16:01:43.7850991Z [       OK ] LockManagerTest.AnUnknownLockNameIsRefusedRatherThanCreatingAFourthLock (0 ms)
2026-09-27T16:01:43.7851555Z [ RUN      ] LockManagerTest.ASecondAcquireOfAHeldLockIsRefused
2026-09-27T16:01:43.7852424Z [       OK ] LockManagerTest.ASecondAcquireOfAHeldLockIsRefused (0 ms)
2026-09-27T16:01:43.7853255Z [ RUN      ] LockManagerTest.TheThreeLocksAreIndependentOfEachOther
2026-09-27T16:01:43.7853863Z [       OK ] LockManagerTest.TheThreeLocksAreIndependentOfEachOther (0 ms)
2026-09-27T16:01:43.7854475Z [ RUN      ] LockManagerTest.UnlockingMakesTheLockAvailableAgain
2026-09-27T16:01:43.7855289Z [       OK ] LockManagerTest.UnlockingMakesTheLockAvailableAgain (0 ms)
2026-09-27T16:01:43.7855854Z [ RUN      ] LockManagerTest.UnlockingIsIdempotentAndSafeOnALockNobodyEverTook
2026-09-27T16:01:43.7856447Z [       OK ] LockManagerTest.UnlockingIsIdempotentAndSafeOnALockNobodyEverTook (0 ms)
2026-09-27T16:01:43.7857304Z [ RUN      ] LockManagerTest.UnlockingAnUnknownNameDoesNotReleaseARealLock
2026-09-27T16:01:43.7858086Z [       OK ] LockManagerTest.UnlockingAnUnknownNameDoesNotReleaseARealLock (0 ms)
2026-09-27T16:01:43.7858768Z [ RUN      ] LockManagerTest.AZeroTtlLockIsAlreadyExpiredWhenTheNextCallerAsks
2026-09-27T16:01:43.7859753Z [       OK ] LockManagerTest.AZeroTtlLockIsAlreadyExpiredWhenTheNextCallerAsks (0 ms)
2026-09-27T16:01:43.7860380Z [ RUN      ] LockManagerTest.ANegativeTtlIsTreatedAsAlreadyExpiredRatherThanAsForever
2026-09-27T16:01:43.7861212Z [       OK ] LockManagerTest.ANegativeTtlIsTreatedAsAlreadyExpiredRatherThanAsForever (0 ms)
2026-09-27T16:01:43.7862184Z [ RUN      ] LockManagerTest.APositiveTtlStillHoldsTheLockWhileItHasTimeLeft
2026-09-27T16:01:43.7862762Z [       OK ] LockManagerTest.APositiveTtlStillHoldsTheLockWhileItHasTimeLeft (0 ms)
2026-09-27T16:01:43.7863399Z [ RUN      ] LockManagerTest.RenewingALockThatIsStillInForceRewritesItsDeadline
2026-09-27T16:01:43.7864480Z [       OK ] LockManagerTest.RenewingALockThatIsStillInForceRewritesItsDeadline (0 ms)
2026-09-27T16:01:43.7865126Z [ RUN      ] LockManagerTest.RenewingAnExpiredLeaseIsRefusedRatherThanResurrectingIt
2026-09-27T16:01:43.7865779Z [       OK ] LockManagerTest.RenewingAnExpiredLeaseIsRefusedRatherThanResurrectingIt (0 ms)
2026-09-27T16:01:43.7866426Z [ RUN      ] LockManagerTest.ANonHolderCannotKeepADeadLeaseAliveAndLockEverybodyOut
2026-09-27T16:01:43.7867069Z [       OK ] LockManagerTest.ANonHolderCannotKeepADeadLeaseAliveAndLockEverybodyOut (0 ms)
2026-09-27T16:01:43.7867703Z [ RUN      ] LockManagerTest.RenewIsRefusedOnAnExpiredLockForEachOfTheThreeLocks
2026-09-27T16:01:43.7868318Z [       OK ] LockManagerTest.RenewIsRefusedOnAnExpiredLockForEachOfTheThreeLocks (0 ms)
2026-09-27T16:01:43.7868851Z [ RUN      ] LockManagerTest.RenewingALockNobodyHoldsIsRefused
2026-09-27T16:01:43.7869288Z [       OK ] LockManagerTest.RenewingALockNobodyHoldsIsRefused (0 ms)
2026-09-27T16:01:43.7869733Z [ RUN      ] LockManagerTest.RenewingOneLockDoesNotExtendAnother
2026-09-27T16:01:43.7870192Z [       OK ] LockManagerTest.RenewingOneLockDoesNotExtendAnother (0 ms)
2026-09-27T16:01:43.7870660Z [ RUN      ] LockManagerTest.ExactlyOneOfManyConcurrentAcquiresWins
2026-09-27T16:01:43.7871198Z [       OK ] LockManagerTest.ExactlyOneOfManyConcurrentAcquiresWins (1 ms)
2026-09-27T16:01:43.7871843Z [----------] 18 tests from LockManagerTest (1 ms total)
2026-09-27T16:01:43.7872202Z 
2026-09-27T16:01:43.7872386Z [----------] 11 tests from LockRequestParsing
2026-09-27T16:01:43.7872808Z [ RUN      ] LockRequestParsing.MalformedBodyIsRefusedRatherThanDefaulted
2026-09-27T16:01:43.7873357Z [       OK ] LockRequestParsing.MalformedBodyIsRefusedRatherThanDefaulted (0 ms)
2026-09-27T16:01:43.7873898Z [ RUN      ] LockRequestParsing.MissingTypeIsRefusedRatherThanSubstituted
2026-09-27T16:01:43.7874436Z [       OK ] LockRequestParsing.MissingTypeIsRefusedRatherThanSubstituted (0 ms)
2026-09-27T16:01:43.7874974Z [ RUN      ] LockRequestParsing.InvalidTypeIsDistinguishedFromMissingType
2026-09-27T16:01:43.7875684Z [       OK ] LockRequestParsing.InvalidTypeIsDistinguishedFromMissingType (0 ms)
2026-09-27T16:01:43.7876179Z [ RUN      ] LockRequestParsing.AllThreeRealLocksAreAccepted
2026-09-27T16:01:43.7876614Z [       OK ] LockRequestParsing.AllThreeRealLocksAreAccepted (0 ms)
2026-09-27T16:01:43.7877020Z [ RUN      ] LockRequestParsing.ExplicitTtlIsHonoured
2026-09-27T16:01:43.7877393Z [       OK ] LockRequestParsing.ExplicitTtlIsHonoured (0 ms)
2026-09-27T16:01:43.7877839Z [ RUN      ] LockRequestParsing.TheShapeBothSiblingAppsSendStillWorks
2026-09-27T16:01:43.7878345Z [       OK ] LockRequestParsing.TheShapeBothSiblingAppsSendStillWorks (0 ms)
2026-09-27T16:01:43.7878811Z [ RUN      ] LockRequestParsing.AnAbsentBodyNamesNoLockAtAll
2026-09-27T16:01:43.7879226Z [       OK ] LockRequestParsing.AnAbsentBodyNamesNoLockAtAll (0 ms)
2026-09-27T16:01:43.7879778Z [ RUN      ] LockRequestParsing.AWhitespaceOnlyBodyIsTreatedAsAbsentRatherThanAsMalformed
2026-09-27T16:01:43.7880493Z [       OK ] LockRequestParsing.AWhitespaceOnlyBodyIsTreatedAsAbsentRatherThanAsMalformed (0 ms)
2026-09-27T16:01:43.7881138Z [ RUN      ] LockRequestParsing.ANonStringTypeIsDistinguishedFromAMissingOne
2026-09-27T16:01:43.7881978Z [       OK ] LockRequestParsing.ANonStringTypeIsDistinguishedFromAMissingOne (0 ms)
2026-09-27T16:01:43.7883153Z [ RUN      ] LockRequestParsing.TheExactBodiesTheReleaseAndRenewCallersSendAreAccepted
2026-09-27T16:01:43.7883945Z [       OK ] LockRequestParsing.TheExactBodiesTheReleaseAndRenewCallersSendAreAccepted (0 ms)
2026-09-27T16:01:43.7884814Z [ RUN      ] LockRequestParsing.EachRefusalReasonProducesADistinctMessageQuotingTheCaller
2026-09-27T16:01:43.7885531Z [       OK ] LockRequestParsing.EachRefusalReasonProducesADistinctMessageQuotingTheCaller (0 ms)
2026-09-27T16:01:43.7886079Z [----------] 11 tests from LockRequestParsing (0 ms total)
2026-09-27T16:01:43.7886305Z 
2026-09-27T16:01:43.7886413Z [----------] 18 tests from LockLeaseExpiryTest
2026-09-27T16:01:43.7886904Z [ RUN      ] LockLeaseExpiryTest.ReleasingAnExpiredLeaseIsReportedAsExpiredNotAsReleased
2026-09-27T16:01:43.7887609Z [       OK ] LockLeaseExpiryTest.ReleasingAnExpiredLeaseIsReportedAsExpiredNotAsReleased (0 ms)
2026-09-27T16:01:43.7888216Z [ RUN      ] LockLeaseExpiryTest.ALiveLeaseIsStillReleasedNormally
2026-09-27T16:01:43.7888690Z [       OK ] LockLeaseExpiryTest.ALiveLeaseIsStillReleasedNormally (0 ms)
2026-09-27T16:01:43.7889192Z [ RUN      ] LockLeaseExpiryTest.ExpiredAndNeverHeldAreDifferentAnswers
2026-09-27T16:01:43.7889718Z [       OK ] LockLeaseExpiryTest.ExpiredAndNeverHeldAreDifferentAnswers (0 ms)
2026-09-27T16:01:43.7890267Z [ RUN      ] LockLeaseExpiryTest.AnUnknownLockNameIsNotHeldRatherThanExpired
2026-09-27T16:01:43.7890838Z [       OK ] LockLeaseExpiryTest.AnUnknownLockNameIsNotHeldRatherThanExpired (0 ms)
2026-09-27T16:01:43.7891503Z [ RUN      ] LockLeaseExpiryTest.ALateReleaseNamingItsOwnLeaseCannotFreeTheLeaseThatReplacedIt
2026-09-27T16:01:43.7892515Z [       OK ] LockLeaseExpiryTest.ALateReleaseNamingItsOwnLeaseCannotFreeTheLeaseThatReplacedIt (0 ms)
2026-09-27T16:01:43.7893253Z [ RUN      ] LockLeaseExpiryTest.ALateReleaseThatNamesNoLeaseStillFreesTheNewHoldersLock
2026-09-27T16:01:43.7893955Z [       OK ] LockLeaseExpiryTest.ALateReleaseThatNamesNoLeaseStillFreesTheNewHoldersLock (0 ms)
2026-09-27T16:01:43.7894666Z [ RUN      ] LockLeaseExpiryTest.LeaseIdZeroMeansUnnamedAndKeepsTheOldBehaviourExactly
2026-09-27T16:01:43.7895341Z [       OK ] LockLeaseExpiryTest.LeaseIdZeroMeansUnnamedAndKeepsTheOldBehaviourExactly (0 ms)
2026-09-27T16:01:43.7895996Z [ RUN      ] LockLeaseExpiryTest.TheCurrentLeaseIdIsAcceptedAndAnyOtherIsRefused
2026-09-27T16:01:43.7896607Z [       OK ] LockLeaseExpiryTest.TheCurrentLeaseIdIsAcceptedAndAnyOtherIsRefused (0 ms)
2026-09-27T16:01:43.7897233Z [ RUN      ] LockLeaseExpiryTest.LeaseIdsAreNeverReusedAcrossAcquiresOrAcrossLocks
2026-09-27T16:01:43.7897867Z [       OK ] LockLeaseExpiryTest.LeaseIdsAreNeverReusedAcrossAcquiresOrAcrossLocks (0 ms)
2026-09-27T16:01:43.7898662Z [ RUN      ] LockLeaseExpiryTest.AReclaimedLeaseIsCountedAndNamedSoItCanBeSeenAfterwards
2026-09-27T16:01:43.7899359Z [       OK ] LockLeaseExpiryTest.AReclaimedLeaseIsCountedAndNamedSoItCanBeSeenAfterwards (0 ms)
2026-09-27T16:01:43.7900038Z [ RUN      ] LockLeaseExpiryTest.SnapshotAnswersWhoHoldsItAndForHowLongWithoutTakingIt
2026-09-27T16:01:43.7900710Z [       OK ] LockLeaseExpiryTest.SnapshotAnswersWhoHoldsItAndForHowLongWithoutTakingIt (0 ms)
2026-09-27T16:01:43.7901320Z [ RUN      ] LockLeaseExpiryTest.SnapshotDoesNotReapTheLeaseItIsReporting
2026-09-27T16:01:43.7902242Z [       OK ] LockLeaseExpiryTest.SnapshotDoesNotReapTheLeaseItIsReporting (0 ms)
2026-09-27T16:01:43.7903240Z [ RUN      ] LockLeaseExpiryTest.AnAcquireThatTakesOverADeadLeaseSaysSo
2026-09-27T16:01:43.7903809Z [       OK ] LockLeaseExpiryTest.AnAcquireThatTakesOverADeadLeaseSaysSo (0 ms)
2026-09-27T16:01:43.7904404Z [ RUN      ] LockLeaseExpiryTest.ARefusedAcquireIsToldWhichLeaseBlocksItAndForHowLong
2026-09-27T16:01:43.7905081Z [       OK ] LockLeaseExpiryTest.ARefusedAcquireIsToldWhichLeaseBlocksItAndForHowLong (0 ms)
2026-09-27T16:01:43.7905808Z [ RUN      ] LockLeaseExpiryTest.RenewingAnExpiredLeaseSaysExpiredAndRenewingNothingSaysNotHeld
2026-09-27T16:01:43.7906587Z [       OK ] LockLeaseExpiryTest.RenewingAnExpiredLeaseSaysExpiredAndRenewingNothingSaysNotHeld (0 ms)
2026-09-27T16:01:43.7907332Z [ RUN      ] LockLeaseExpiryTest.RenewingALiveLeaseStillSucceedsAndAWrongLeaseIdIsRefused
2026-09-27T16:01:43.7908197Z [       OK ] LockLeaseExpiryTest.RenewingALiveLeaseStillSucceedsAndAWrongLeaseIdIsRefused (0 ms)
2026-09-27T16:01:43.7908819Z [ RUN      ] LockLeaseExpiryTest.RenewingOneLockDoesNotReapAnother
2026-09-27T16:01:43.7909294Z [       OK ] LockLeaseExpiryTest.RenewingOneLockDoesNotReapAnother (0 ms)
2026-09-27T16:01:43.7909768Z [ RUN      ] LockLeaseExpiryTest.TheThreeLocksExpireIndependently
2026-09-27T16:01:43.7910234Z [       OK ] LockLeaseExpiryTest.TheThreeLocksExpireIndependently (0 ms)
2026-09-27T16:01:43.7910665Z [----------] 18 tests from LockLeaseExpiryTest (0 ms total)
2026-09-27T16:01:43.7910923Z 
2026-09-27T16:01:43.7911030Z [----------] 13 tests from LockOwnershipTest
2026-09-27T16:01:43.7911516Z [ RUN      ] LockOwnershipTest.AnyCallerCanStillReleaseAnyCallersLiveLockWhenNoLeaseIsNamed
2026-09-27T16:01:43.7912676Z [       OK ] LockOwnershipTest.AnyCallerCanStillReleaseAnyCallersLiveLockWhenNoLeaseIsNamed (0 ms)
2026-09-27T16:01:43.7913312Z [ RUN      ] LockOwnershipTest.AnyCallerCanStillRenewAnyCallersLiveLease
2026-09-27T16:01:43.7913861Z [       OK ] LockOwnershipTest.AnyCallerCanStillRenewAnyCallersLiveLease (0 ms)
2026-09-27T16:01:43.7914457Z [ RUN      ] LockOwnershipTest.AnUnattributableReleaseIsCountedEvenThoughItIsAllowed
2026-09-27T16:01:43.7915111Z [       OK ] LockOwnershipTest.AnUnattributableReleaseIsCountedEvenThoughItIsAllowed (0 ms)
2026-09-27T16:01:43.7915734Z [ RUN      ] LockOwnershipTest.AnAttributedActionIsNotCountedAsUnattributable
2026-09-27T16:01:43.7916317Z [       OK ] LockOwnershipTest.AnAttributedActionIsNotCountedAsUnattributable (0 ms)
2026-09-27T16:01:43.7916903Z [ RUN      ] LockOwnershipTest.ARefusedActionIsNotCountedAsOneThatHappened
2026-09-27T16:01:43.7917464Z [       OK ] LockOwnershipTest.ARefusedActionIsNotCountedAsOneThatHappened (0 ms)
2026-09-27T16:01:43.7917958Z [ RUN      ] LockOwnershipTest.EnforcementIsOffByDefault
2026-09-27T16:01:43.7918348Z [       OK ] LockOwnershipTest.EnforcementIsOffByDefault (0 ms)
2026-09-27T16:01:43.7918933Z [ RUN      ] LockOwnershipTest.WithEnforcementOnAReleaseNamingNoLeaseIsRefusedAndTheLockStaysHeld
2026-09-27T16:01:43.7919735Z [       OK ] LockOwnershipTest.WithEnforcementOnAReleaseNamingNoLeaseIsRefusedAndTheLockStaysHeld (0 ms)
2026-09-27T16:01:43.7920527Z [ RUN      ] LockOwnershipTest.WithEnforcementOnARenewNamingNoLeaseIsRefusedAndNothingIsExtended
2026-09-27T16:01:43.7921310Z [       OK ] LockOwnershipTest.WithEnforcementOnARenewNamingNoLeaseIsRefusedAndNothingIsExtended (0 ms)
2026-09-27T16:01:43.7922389Z [ RUN      ] LockOwnershipTest.WithEnforcementOnTheHolderNamingItsOwnLeaseIsStillServed
2026-09-27T16:01:43.7923241Z [       OK ] LockOwnershipTest.WithEnforcementOnTheHolderNamingItsOwnLeaseIsStillServed (0 ms)
2026-09-27T16:01:43.7923981Z [ RUN      ] LockOwnershipTest.WithEnforcementOnAWrongLeaseIsStillAMismatchNotALeaseRequirement
2026-09-27T16:01:43.7924760Z [       OK ] LockOwnershipTest.WithEnforcementOnAWrongLeaseIsStillAMismatchNotALeaseRequirement (0 ms)
2026-09-27T16:01:43.7925504Z [ RUN      ] LockOwnershipTest.EnforcementDoesNotTurnNotHeldOrExpiredIntoALeaseRequirement
2026-09-27T16:01:43.7926225Z [       OK ] LockOwnershipTest.EnforcementDoesNotTurnNotHeldOrExpiredIntoALeaseRequirement (0 ms)
2026-09-27T16:01:43.7926807Z [ RUN      ] LockOwnershipTest.EnforcementDoesNotAffectAcquire
2026-09-27T16:01:43.7927248Z [       OK ] LockOwnershipTest.EnforcementDoesNotAffectAcquire (0 ms)
2026-09-27T16:01:43.7927844Z [ RUN      ] LockOwnershipTest.TheTwoValuedUnlockWrapperReportsAnEnforcementRefusalAsFailure
2026-09-27T16:01:43.7928593Z [       OK ] LockOwnershipTest.TheTwoValuedUnlockWrapperReportsAnEnforcementRefusalAsFailure (0 ms)
2026-09-27T16:01:43.7929159Z [----------] 13 tests from LockOwnershipTest (0 ms total)
2026-09-27T16:01:43.7929373Z 
2026-09-27T16:01:43.7929502Z [----------] 16 tests from ClassifierActionFormsTest
2026-09-27T16:01:43.7929948Z [ RUN      ] ClassifierActionFormsTest.TheStringOutputFormYieldsThePortItNames
2026-09-27T16:01:43.7930542Z [       OK ] ClassifierActionFormsTest.TheStringOutputFormYieldsThePortItNames (0 ms)
2026-09-27T16:01:43.7931350Z [ RUN      ] ClassifierActionFormsTest.TheActionKindIsMatchedCaseInsensitivelyButThePortIsNot
2026-09-27T16:01:43.7932405Z [       OK ] ClassifierActionFormsTest.TheActionKindIsMatchedCaseInsensitivelyButThePortIsNot (0 ms)
2026-09-27T16:01:43.7933161Z [ RUN      ] ClassifierActionFormsTest.SeveralOutputActionsAllArriveInTheOrderTheyWereListed
2026-09-27T16:01:43.7933920Z [       OK ] ClassifierActionFormsTest.SeveralOutputActionsAllArriveInTheOrderTheyWereListed (0 ms)
2026-09-27T16:01:43.7934645Z [ RUN      ] ClassifierActionFormsTest.AGroupActionIsRecordedSeparatelyFromOutputPorts
2026-09-27T16:01:43.7935326Z [       OK ] ClassifierActionFormsTest.AGroupActionIsRecordedSeparatelyFromOutputPorts (0 ms)
2026-09-27T16:01:43.7936032Z [ RUN      ] ClassifierActionFormsTest.AnUnparseableGroupIdLeavesTheGroupUnsetRatherThanZero
2026-09-27T16:01:43.7936774Z [       OK ] ClassifierActionFormsTest.AnUnparseableGroupIdLeavesTheGroupUnsetRatherThanZero (0 ms)
2026-09-27T16:01:43.7937543Z [ RUN      ] ClassifierActionFormsTest.AGotoTableInstructionIsPickedUpFromTheInstructionsArray
2026-09-27T16:01:43.7938305Z [       OK ] ClassifierActionFormsTest.AGotoTableInstructionIsPickedUpFromTheInstructionsArray (0 ms)
2026-09-27T16:01:43.7939018Z [ RUN      ] ClassifierActionFormsTest.ActionsNestedInsideAnInstructionAreAlsoParsed
2026-09-27T16:01:43.7939676Z [       OK ] ClassifierActionFormsTest.ActionsNestedInsideAnInstructionAreAlsoParsed (0 ms)
2026-09-27T16:01:43.7940429Z [ RUN      ] ClassifierActionFormsTest.TheObjectActionFormIsIgnoredEntirelyDocumentsCurrentBehaviour
2026-09-27T16:01:43.7941264Z [       OK ] ClassifierActionFormsTest.TheObjectActionFormIsIgnoredEntirelyDocumentsCurrentBehaviour (0 ms)
2026-09-27T16:01:43.7942308Z [ RUN      ] ClassifierActionFormsTest.AnObjectGroupActionIsIgnoredTheSameWay
2026-09-27T16:01:43.7942903Z [       OK ] ClassifierActionFormsTest.AnObjectGroupActionIsIgnoredTheSameWay (0 ms)
2026-09-27T16:01:43.7943571Z [ RUN      ] ClassifierActionFormsTest.AnActionsValueThatIsNotAnArrayIsIgnoredWithoutThrowing
2026-09-27T16:01:43.7944326Z [       OK ] ClassifierActionFormsTest.AnActionsValueThatIsNotAnArrayIsIgnoredWithoutThrowing (0 ms)
2026-09-27T16:01:43.7945111Z [ RUN      ] ClassifierActionFormsTest.AnActionKindTheParserDoesNotKnowIsSkippedButOthersStillApply
2026-09-27T16:01:43.7945939Z [       OK ] ClassifierActionFormsTest.AnActionKindTheParserDoesNotKnowIsSkippedButOthersStillApply (0 ms)
2026-09-27T16:01:43.7946730Z [ RUN      ] ClassifierActionFormsTest.AnOutputWithNoTargetIsSkippedRatherThanBecomingPortZero
2026-09-27T16:01:43.7947641Z [       OK ] ClassifierActionFormsTest.AnOutputWithNoTargetIsSkippedRatherThanBecomingPortZero (0 ms)
2026-09-27T16:01:43.7948401Z [ RUN      ] ClassifierActionFormsTest.LeadingWhitespaceAndAPlusSignAreAcceptedInAPortNumber
2026-09-27T16:01:43.7949156Z [       OK ] ClassifierActionFormsTest.LeadingWhitespaceAndAPlusSignAreAcceptedInAPortNumber (0 ms)
2026-09-27T16:01:43.7949923Z [ RUN      ] ClassifierActionFormsTest.AnOutputPortTooLargeForThirtyTwoBitsIsRefusedNotTruncated
2026-09-27T16:01:43.7950718Z [       OK ] ClassifierActionFormsTest.AnOutputPortTooLargeForThirtyTwoBitsIsRefusedNotTruncated (0 ms)
2026-09-27T16:01:43.7951511Z [ RUN      ] ClassifierActionFormsTest.AReservedTargetWithATrailingPortNumberUsesTheReservedValue
2026-09-27T16:01:43.7952454Z [       OK ] ClassifierActionFormsTest.AReservedTargetWithATrailingPortNumberUsesTheReservedValue (0 ms)
2026-09-27T16:01:43.7953277Z [ RUN      ] ClassifierActionFormsTest.TheFourReservedOutputTargetsMapToDistinctOpenFlow13PortNumbers
2026-09-27T16:01:43.7954127Z [       OK ] ClassifierActionFormsTest.TheFourReservedOutputTargetsMapToDistinctOpenFlow13PortNumbers (0 ms)
2026-09-27T16:01:43.7954780Z [----------] 16 tests from ClassifierActionFormsTest (3 ms total)
2026-09-27T16:01:43.7955024Z 
2026-09-27T16:01:43.7955143Z [----------] 15 tests from FlowStatsTimeoutTest
2026-09-27T16:01:43.7955602Z [ RUN      ] FlowStatsTimeoutTest.AnEmptyTableThatTookRyusFullTimeoutIsNotBelieved
2026-09-27T16:01:43.7956499Z [       OK ] FlowStatsTimeoutTest.AnEmptyTableThatTookRyusFullTimeoutIsNotBelieved (0 ms)
2026-09-27T16:01:43.7957125Z [ RUN      ] FlowStatsTimeoutTest.AnEmptyTableThatCameBackImmediatelyIsBelieved
2026-09-27T16:01:43.7957733Z [       OK ] FlowStatsTimeoutTest.AnEmptyTableThatCameBackImmediatelyIsBelieved (0 ms)
2026-09-27T16:01:43.7958368Z [ RUN      ] FlowStatsTimeoutTest.TheWholeHealthyLatencyRangeIsBelievedForAnEmptyTable
2026-09-27T16:01:43.7959046Z [       OK ] FlowStatsTimeoutTest.TheWholeHealthyLatencyRangeIsBelievedForAnEmptyTable (0 ms)
2026-09-27T16:01:43.7959708Z [ RUN      ] FlowStatsTimeoutTest.TheWholeWedgedLatencyRangeIsRefusedForAnEmptyTable
2026-09-27T16:01:43.7960746Z [       OK ] FlowStatsTimeoutTest.TheWholeWedgedLatencyRangeIsRefusedForAnEmptyTable (0 ms)
2026-09-27T16:01:43.7962128Z [ RUN      ] FlowStatsTimeoutTest.ATableWithEntriesIsAlwaysBelievedNoMatterHowSlow
2026-09-27T16:01:43.7962810Z [       OK ] FlowStatsTimeoutTest.ATableWithEntriesIsAlwaysBelievedNoMatterHowSlow (0 ms)
2026-09-27T16:01:43.7963408Z [ RUN      ] FlowStatsTimeoutTest.EntriesInAnyTableCountNotJustTheFirst
2026-09-27T16:01:43.7963941Z [       OK ] FlowStatsTimeoutTest.EntriesInAnyTableCountNotJustTheFirst (0 ms)
2026-09-27T16:01:43.7964553Z [ RUN      ] FlowStatsTimeoutTest.AnObjectWithNoTablesAtAllIsTreatedTheSameAsEmptyTables
2026-09-27T16:01:43.7965249Z [       OK ] FlowStatsTimeoutTest.AnObjectWithNoTablesAtAllIsTreatedTheSameAsEmptyTables (0 ms)
2026-09-27T16:01:43.7965851Z [ RUN      ] FlowStatsTimeoutTest.TheP4ProxyArrayShapeIsHandledToo
2026-09-27T16:01:43.7966328Z [       OK ] FlowStatsTimeoutTest.TheP4ProxyArrayShapeIsHandledToo (0 ms)
2026-09-27T16:01:43.7966914Z [ RUN      ] FlowStatsTimeoutTest.AShapeTheParserShouldNeverProduceIsNotTakenAsEvidence
2026-09-27T16:01:43.7967614Z [       OK ] FlowStatsTimeoutTest.AShapeTheParserShouldNeverProduceIsNotTakenAsEvidence (0 ms)
2026-09-27T16:01:43.7968330Z [ RUN      ] FlowStatsTimeoutTest.TheThresholdIsInclusiveAndSitsBetweenTheTwoMeasuredRanges
2026-09-27T16:01:43.7969072Z [       OK ] FlowStatsTimeoutTest.TheThresholdIsInclusiveAndSitsBetweenTheTwoMeasuredRanges (0 ms)
2026-09-27T16:01:43.7969839Z [ RUN      ] FlowStatsTimeoutTest.AFastEmptyTableIsUsableWhichIsWhyAFailedParseMustNotLookLikeOne
2026-09-27T16:01:43.7970643Z [       OK ] FlowStatsTimeoutTest.AFastEmptyTableIsUsableWhichIsWhyAFailedParseMustNotLookLikeOne (0 ms)
2026-09-27T16:01:43.7971387Z [ RUN      ] FlowStatsTimeoutTest.AnErrorBodyIsAReportedFailureNoMatterHowFastItArrived
2026-09-27T16:01:43.7972677Z [       OK ] FlowStatsTimeoutTest.AnErrorBodyIsAReportedFailureNoMatterHowFastItArrived (0 ms)
2026-09-27T16:01:43.7973320Z [ RUN      ] FlowStatsTimeoutTest.AnErrorBodyIsAReportedFailureEvenWhenSlow
2026-09-27T16:01:43.7973888Z [       OK ] FlowStatsTimeoutTest.AnErrorBodyIsAReportedFailureEvenWhenSlow (0 ms)
2026-09-27T16:01:43.7974452Z [ RUN      ] FlowStatsTimeoutTest.AFastApiDetailBodyIsAlsoAReportedFailure
2026-09-27T16:01:43.7975013Z [       OK ] FlowStatsTimeoutTest.AFastApiDetailBodyIsAlsoAReportedFailure (0 ms)
2026-09-27T16:01:43.7975578Z [ RUN      ] FlowStatsTimeoutTest.ARealTableIsNeverMistakenForAFailureReport
2026-09-27T16:01:43.7976155Z [       OK ] FlowStatsTimeoutTest.ARealTableIsNeverMistakenForAFailureReport (0 ms)
2026-09-27T16:01:43.7976651Z [----------] 15 tests from FlowStatsTimeoutTest (0 ms total)
2026-09-27T16:01:43.7976888Z 
2026-09-27T16:01:43.7976986Z [----------] 4 tests from PollPolicy
2026-09-27T16:01:43.7977384Z [ RUN      ] PollPolicy.AnUpSwitchIsPolledAndMayThereforeBeCarriedForward
2026-09-27T16:01:43.7977959Z [       OK ] PollPolicy.AnUpSwitchIsPolledAndMayThereforeBeCarriedForward (0 ms)
2026-09-27T16:01:43.7978552Z [ RUN      ] PollPolicy.ADownSwitchIsNeverPolledSoItCanNeverEnterTheUnreadList
2026-09-27T16:01:43.7979151Z [       OK ] PollPolicy.ADownSwitchIsNeverPolledSoItCanNeverEnterTheUnreadList (0 ms)
2026-09-27T16:01:43.7979667Z [ RUN      ] PollPolicy.AHostIsNeverPolledEvenWhenItIsUp
2026-09-27T16:01:43.7980321Z [       OK ] PollPolicy.AHostIsNeverPolledEvenWhenItIsUp (0 ms)
2026-09-27T16:01:43.7980709Z [ RUN      ] PollPolicy.ADownHostIsNeverPolledEither
2026-09-27T16:01:43.7981075Z [       OK ] PollPolicy.ADownHostIsNeverPolledEither (0 ms)
2026-09-27T16:01:43.7981428Z [----------] 4 tests from PollPolicy (0 ms total)
2026-09-27T16:01:43.7981784Z 
2026-09-27T16:01:43.7981903Z [----------] 13 tests from StaleTableCarryForward
2026-09-27T16:01:43.7982312Z [ RUN      ] StaleTableCarryForward.AnUnreadSwitchKeepsItsPreviousTable
2026-09-27T16:01:43.7982845Z [       OK ] StaleTableCarryForward.AnUnreadSwitchKeepsItsPreviousTable (0 ms)
2026-09-27T16:01:43.7983369Z [ RUN      ] StaleTableCarryForward.TheCarriedTableSaysItIsStaleAndWhy
2026-09-27T16:01:43.7983881Z [       OK ] StaleTableCarryForward.TheCarriedTableSaysItIsStaleAndWhy (0 ms)
2026-09-27T16:01:43.7984468Z [ RUN      ] StaleTableCarryForward.EveryReadFailureModeCarriesTheTableAndNamesItself
2026-09-27T16:01:43.7985136Z [       OK ] StaleTableCarryForward.EveryReadFailureModeCarriesTheTableAndNamesItself (0 ms)
2026-09-27T16:01:43.7985795Z [ RUN      ] StaleTableCarryForward.StaleSinceNamesTheFirstFailedPollNotTheLatest
2026-09-27T16:01:43.7986420Z [       OK ] StaleTableCarryForward.StaleSinceNamesTheFirstFailedPollNotTheLatest (0 ms)
2026-09-27T16:01:43.7987043Z [ RUN      ] StaleTableCarryForward.LastErrorReportsTheLatestReasonNotTheFirst
2026-09-27T16:01:43.7987627Z [       OK ] StaleTableCarryForward.LastErrorReportsTheLatestReasonNotTheFirst (0 ms)
2026-09-27T16:01:43.7988253Z [ RUN      ] StaleTableCarryForward.ASwitchThatWasNeverAttemptedIsNotCarriedForward
2026-09-27T16:01:43.7988901Z [       OK ] StaleTableCarryForward.ASwitchThatWasNeverAttemptedIsNotCarriedForward (0 ms)
2026-09-27T16:01:43.7989541Z [ RUN      ] StaleTableCarryForward.ASwitchReadSuccessfullyCarriesNoStaleMarkers
2026-09-27T16:01:43.7990147Z [       OK ] StaleTableCarryForward.ASwitchReadSuccessfullyCarriesNoStaleMarkers (0 ms)
2026-09-27T16:01:43.7990741Z [ RUN      ] StaleTableCarryForward.AFreshReadIsNeverOverwrittenByAStaleCopy
2026-09-27T16:01:43.7991322Z [       OK ] StaleTableCarryForward.AFreshReadIsNeverOverwrittenByAStaleCopy (0 ms)
2026-09-27T16:01:43.7992164Z [ RUN      ] StaleTableCarryForward.ASwitchNeverReadIsStillListedAndSaysSo
2026-09-27T16:01:43.7992724Z [       OK ] StaleTableCarryForward.ASwitchNeverReadIsStillListedAndSaysSo (0 ms)
2026-09-27T16:01:43.7993397Z [ RUN      ] StaleTableCarryForward.ASwitchThatStaysUnreadSinceBootKeepsCountingAndStaysFlagged
2026-09-27T16:01:43.7994309Z [       OK ] StaleTableCarryForward.ASwitchThatStaysUnreadSinceBootKeepsCountingAndStaysFlagged (0 ms)
2026-09-27T16:01:43.7995058Z [ RUN      ] StaleTableCarryForward.TheStaleMarkersSurviveTheT11PendingEntryFilter
2026-09-27T16:01:43.7995682Z [       OK ] StaleTableCarryForward.TheStaleMarkersSurviveTheT11PendingEntryFilter (0 ms)
2026-09-27T16:01:43.7996356Z [ RUN      ] StaleTableCarryForward.AMalformedPreviousCacheIsTreatedAsHavingNothingToCarry
2026-09-27T16:01:43.7997087Z [       OK ] StaleTableCarryForward.AMalformedPreviousCacheIsTreatedAsHavingNothingToCarry (0 ms)
2026-09-27T16:01:43.7997834Z [ RUN      ] StaleTableCarryForward.MalformedEntriesInThePreviousCacheAreSkippedNotDereferenced
2026-09-27T16:01:43.7998610Z [       OK ] StaleTableCarryForward.MalformedEntriesInThePreviousCacheAreSkippedNotDereferenced (0 ms)
2026-09-27T16:01:43.7999216Z [----------] 13 tests from StaleTableCarryForward (1 ms total)
2026-09-27T16:01:43.7999456Z 
2026-09-27T16:01:43.7999584Z [----------] 3 tests from StaleTableCarryForwardWiring
2026-09-27T16:01:43.8000066Z [ RUN      ] StaleTableCarryForwardWiring.TheServedCacheKeepsASwitchWhoseReadFailed
2026-09-27T16:01:43.8000713Z [       OK ] StaleTableCarryForwardWiring.TheServedCacheKeepsASwitchWhoseReadFailed (0 ms)
2026-09-27T16:01:43.8001435Z [ RUN      ] StaleTableCarryForwardWiring.TheServedCacheDropsTheMarkersOnceTheSwitchAnswersAgain
2026-09-27T16:01:43.8002362Z [       OK ] StaleTableCarryForwardWiring.TheServedCacheDropsTheMarkersOnceTheSwitchAnswersAgain (0 ms)
2026-09-27T16:01:43.8003249Z [ RUN      ] StaleTableCarryForwardWiring.ConsecutiveFailedPollsAccumulateInTheServedCache
2026-09-27T16:01:43.8003967Z [       OK ] StaleTableCarryForwardWiring.ConsecutiveFailedPollsAccumulateInTheServedCache (0 ms)
2026-09-27T16:01:43.8004546Z [----------] 3 tests from StaleTableCarryForwardWiring (0 ms total)
2026-09-27T16:01:43.8004800Z 
2026-09-27T16:01:43.8004925Z [----------] 2 tests from FlowTableConcurrencyFixture
2026-09-27T16:01:43.8005499Z [ RUN      ] FlowTableConcurrencyFixture.TheAccumulatedTotalsDoNotDependOnHowManyThreadsDeliveredThem
2026-09-27T16:01:43.8006089Z sudo: ovs-vsctl: command not found
2026-09-27T16:01:43.9438619Z sudo: ovs-vsctl: command not found
2026-09-27T16:01:44.1547145Z [       OK ] FlowTableConcurrencyFixture.TheAccumulatedTotalsDoNotDependOnHowManyThreadsDeliveredThem (366 ms)
2026-09-27T16:01:44.1548117Z [ RUN      ] FlowTableConcurrencyFixture.ConcurrentDeliveryOfTheSameFlowNeitherCrashesNorLosesPackets
2026-09-27T16:01:44.1625960Z sudo: ovs-vsctl: command not found
2026-09-27T16:01:44.1689141Z sudo: ovs-vsctl: command not found
2026-09-27T16:01:44.1720004Z [       OK ] FlowTableConcurrencyFixture.ConcurrentDeliveryOfTheSameFlowNeitherCrashesNorLosesPackets (17 ms)
2026-09-27T16:01:44.1720739Z [----------] 2 tests from FlowTableConcurrencyFixture (383 ms total)
2026-09-27T16:01:44.1721005Z 
2026-09-27T16:01:44.1721115Z [----------] 5 tests from TopKFlowInfoTest
2026-09-27T16:01:44.1721502Z [ RUN      ] TopKFlowInfoTest.TheSortKeyIsAFieldTheRowsActuallyCarry
2026-09-27T16:01:44.1807231Z sudo: ovs-vsctl: command not found
2026-09-27T16:01:44.1818951Z [       OK ] TopKFlowInfoTest.TheSortKeyIsAFieldTheRowsActuallyCarry (9 ms)
2026-09-27T16:01:44.1819774Z [ RUN      ] TopKFlowInfoTest.TopKReturnsKRowsAndEveryOneOfThemIsARowOfTheTable
2026-09-27T16:01:44.1899943Z sudo: ovs-vsctl: command not found
2026-09-27T16:01:44.1921438Z [       OK ] TopKFlowInfoTest.TopKReturnsKRowsAndEveryOneOfThemIsARowOfTheTable (10 ms)
2026-09-27T16:01:44.1922959Z [ RUN      ] TopKFlowInfoTest.AskingForMoreRowsThanExistReturnsTheTableRatherThanReadingPastTheEnd
2026-09-27T16:01:44.1998990Z sudo: ovs-vsctl: command not found
2026-09-27T16:01:44.2020798Z [       OK ] TopKFlowInfoTest.AskingForMoreRowsThanExistReturnsTheTableRatherThanReadingPastTheEnd (9 ms)
2026-09-27T16:01:44.2022219Z [ RUN      ] TopKFlowInfoTest.AKOfZeroOrLessIsAnEmptyArrayRatherThanTheWholeTable
2026-09-27T16:01:44.2098414Z sudo: ovs-vsctl: command not found
2026-09-27T16:01:44.2123398Z [       OK ] TopKFlowInfoTest.AKOfZeroOrLessIsAnEmptyArrayRatherThanTheWholeTable (10 ms)
2026-09-27T16:01:44.2124421Z [ RUN      ] TopKFlowInfoTest.TopKKeepsAnsweringWhileAWriterIsFeedingTheTable
2026-09-27T16:01:44.2199123Z sudo: ovs-vsctl: command not found
2026-09-27T16:01:44.2712793Z [       OK ] TopKFlowInfoTest.TopKKeepsAnsweringWhileAWriterIsFeedingTheTable (58 ms)
2026-09-27T16:01:44.2713874Z [----------] 5 tests from TopKFlowInfoTest (99 ms total)
2026-09-27T16:01:44.2714207Z 
2026-09-27T16:01:44.2714361Z [----------] 16 tests from FlowLivenessTest
2026-09-27T16:01:44.2714720Z [ RUN      ] FlowLivenessTest.AFlowSampledJustNowIsActive
2026-09-27T16:01:44.2715152Z [       OK ] FlowLivenessTest.AFlowSampledJustNowIsActive (0 ms)
2026-09-27T16:01:44.2715692Z [ RUN      ] FlowLivenessTest.TheActiveWindowIsHalfOpenSoItsUpperBoundIsAlreadyIdle
2026-09-27T16:01:44.2716352Z [       OK ] FlowLivenessTest.TheActiveWindowIsHalfOpenSoItsUpperBoundIsAlreadyIdle (0 ms)
2026-09-27T16:01:44.2716994Z [ RUN      ] FlowLivenessTest.TheWholeRetentionTailIsIdleRatherThanActiveOrEnded
2026-09-27T16:01:44.2717627Z [       OK ] FlowLivenessTest.TheWholeRetentionTailIsIdleRatherThanActiveOrEnded (0 ms)
2026-09-27T16:01:44.2718276Z [ RUN      ] FlowLivenessTest.EndedBeginsExactlyWherePurgeIdleFlowsWouldRemoveTheRow
2026-09-27T16:01:44.2718938Z [       OK ] FlowLivenessTest.EndedBeginsExactlyWherePurgeIdleFlowsWouldRemoveTheRow (0 ms)
2026-09-27T16:01:44.2719627Z [ RUN      ] FlowLivenessTest.ASampleStampedInTheFutureIsActiveBecauseThePurgeAlsoSkipsIt
2026-09-27T16:01:44.2720707Z [       OK ] FlowLivenessTest.ASampleStampedInTheFutureIsActiveBecauseThePurgeAlsoSkipsIt (0 ms)
2026-09-27T16:01:44.2721293Z [ RUN      ] FlowLivenessTest.ActiveOnlyAdmitsNothingButActive
2026-09-27T16:01:44.2722021Z [       OK ] FlowLivenessTest.ActiveOnlyAdmitsNothingButActive (0 ms)
2026-09-27T16:01:44.2722541Z [ RUN      ] FlowLivenessTest.RetainedKeepsIdleAndIsThereforeNotTheDefault
2026-09-27T16:01:44.2723110Z [       OK ] FlowLivenessTest.RetainedKeepsIdleAndIsThereforeNotTheDefault (0 ms)
2026-09-27T16:01:44.2723594Z [ RUN      ] FlowLivenessTest.AllAdmitsEveryClass
2026-09-27T16:01:44.2723940Z [       OK ] FlowLivenessTest.AllAdmitsEveryClass (0 ms)
2026-09-27T16:01:44.2724443Z [ RUN      ] FlowLivenessTest.TheActiveWindowSitsBetweenARateLoopPeriodAndTheIdleTimeout
2026-09-27T16:01:44.2725147Z [       OK ] FlowLivenessTest.TheActiveWindowSitsBetweenARateLoopPeriodAndTheIdleTimeout (0 ms)
2026-09-27T16:01:44.2725821Z [ RUN      ] FlowLivenessTest.TheEndpointDefaultIsActiveOnlyRatherThanTheWholeTable
2026-09-27T16:01:44.2726478Z [       OK ] FlowLivenessTest.TheEndpointDefaultIsActiveOnlyRatherThanTheWholeTable (0 ms)
2026-09-27T16:01:44.2727080Z [ RUN      ] FlowLivenessTest.EndedAtIsExactlyOneTimeoutAfterTheLastSample
2026-09-27T16:01:44.2727624Z [       OK ] FlowLivenessTest.EndedAtIsExactlyOneTimeoutAfterTheLastSample (0 ms)
2026-09-27T16:01:44.2728164Z [ RUN      ] FlowLivenessTest.TheThreeAcceptedValuesParseToTheirFilters
2026-09-27T16:01:44.2728715Z [       OK ] FlowLivenessTest.TheThreeAcceptedValuesParseToTheirFilters (0 ms)
2026-09-27T16:01:44.2729234Z [ RUN      ] FlowLivenessTest.AnAbsentValueLeavesTheCallersDefaultAlone
2026-09-27T16:01:44.2729746Z [       OK ] FlowLivenessTest.AnAbsentValueLeavesTheCallersDefaultAlone (0 ms)
2026-09-27T16:01:44.2730374Z [ RUN      ] FlowLivenessTest.AnUnrecognisedValueIsRejectedRatherThanFallingBackToTheDefault
2026-09-27T16:01:44.2731113Z [       OK ] FlowLivenessTest.AnUnrecognisedValueIsRejectedRatherThanFallingBackToTheDefault (0 ms)
2026-09-27T16:01:44.2732018Z [ RUN      ] FlowLivenessTest.PathIsAcceptsTheBarePathAndTheSamePathWithAQuery
2026-09-27T16:01:44.2732617Z [       OK ] FlowLivenessTest.PathIsAcceptsTheBarePathAndTheSamePathWithAQuery (0 ms)
2026-09-27T16:01:44.2733156Z [ RUN      ] FlowLivenessTest.PathIsRejectsASuffixThatIsNotAQuery
2026-09-27T16:01:44.2733618Z [       OK ] FlowLivenessTest.PathIsRejectsASuffixThatIsNotAQuery (0 ms)
2026-09-27T16:01:44.2734038Z [----------] 16 tests from FlowLivenessTest (0 ms total)
2026-09-27T16:01:44.2734259Z 
2026-09-27T16:01:44.2734567Z [----------] 5 tests from FlowLivenessTableTest
2026-09-27T16:01:44.2735099Z [ RUN      ] FlowLivenessTableTest.EveryRowCarriesTheThreeFieldsThatSayWhetherItIsStillSending
2026-09-27T16:01:44.2793274Z sudo: ovs-vsctl: command not found
2026-09-27T16:01:44.2812323Z [       OK ] FlowLivenessTableTest.EveryRowCarriesTheThreeFieldsThatSayWhetherItIsStillSending (9 ms)
2026-09-27T16:01:44.2813222Z [ RUN      ] FlowLivenessTableTest.RowsJustReplayedAreActiveAndSurviveTheDefaultFilter
2026-09-27T16:01:44.2889374Z sudo: ovs-vsctl: command not found
2026-09-27T16:01:44.2911121Z [       OK ] FlowLivenessTableTest.RowsJustReplayedAreActiveAndSurviveTheDefaultFilter (9 ms)
2026-09-27T16:01:44.2912981Z [ RUN      ] FlowLivenessTableTest.AStoppedFlowIsGoneFromTheDefaultViewAndStillThereUnderAll
2026-09-27T16:01:44.2988175Z sudo: ovs-vsctl: command not found
2026-09-27T16:01:44.3012665Z [       OK ] FlowLivenessTableTest.AStoppedFlowIsGoneFromTheDefaultViewAndStillThereUnderAll (10 ms)
2026-09-27T16:01:44.3013917Z [ RUN      ] FlowLivenessTableTest.TopKFiltersBeforeItTruncatesRatherThanAfter
2026-09-27T16:01:44.3091319Z sudo: ovs-vsctl: command not found
2026-09-27T16:01:44.3111021Z [       OK ] FlowLivenessTableTest.TopKFiltersBeforeItTruncatesRatherThanAfter (9 ms)
2026-09-27T16:01:44.3112309Z [ RUN      ] FlowLivenessTableTest.TheCountsAddUpToTheWholeTableAndMoveTogether
2026-09-27T16:01:44.3188099Z sudo: ovs-vsctl: command not found
2026-09-27T16:01:44.3204781Z [       OK ] FlowLivenessTableTest.TheCountsAddUpToTheWholeTableAndMoveTogether (9 ms)
2026-09-27T16:01:44.3205830Z [----------] 5 tests from FlowLivenessTableTest (49 ms total)
2026-09-27T16:01:44.3206286Z 
2026-09-27T16:01:44.3206500Z [----------] 8 tests from FlowBatchPartitionTest
2026-09-27T16:01:44.3207307Z [ RUN      ] FlowBatchPartitionTest.ABatchOfKnownDpidsIsAcceptedWhole
2026-09-27T16:01:44.3208459Z [       OK ] FlowBatchPartitionTest.ABatchOfKnownDpidsIsAcceptedWhole (0 ms)
2026-09-27T16:01:44.3209678Z [ RUN      ] FlowBatchPartitionTest.AnUnknownDpidIsDroppedAndTheRestSurvive
2026-09-27T16:01:44.3210957Z [       OK ] FlowBatchPartitionTest.AnUnknownDpidIsDroppedAndTheRestSurvive (0 ms)
2026-09-27T16:01:44.3212388Z [ RUN      ] FlowBatchPartitionTest.ABatchWhereNothingIsKnownAcceptsNothing
2026-09-27T16:01:44.3213555Z [       OK ] FlowBatchPartitionTest.ABatchWhereNothingIsKnownAcceptsNothing (0 ms)
2026-09-27T16:01:44.3214816Z [ RUN      ] FlowBatchPartitionTest.EntriesAreCountedButDpidsAreDeduplicated
2026-09-27T16:01:44.3215630Z [       OK ] FlowBatchPartitionTest.EntriesAreCountedButDpidsAreDeduplicated (0 ms)
2026-09-27T16:01:44.3216422Z [ RUN      ] FlowBatchPartitionTest.UnknownDpidsAreReportedInAscendingOrder
2026-09-27T16:01:44.3217213Z [       OK ] FlowBatchPartitionTest.UnknownDpidsAreReportedInAscendingOrder (0 ms)
2026-09-27T16:01:44.3217959Z [ RUN      ] FlowBatchPartitionTest.AcceptedEntriesKeepTheirRequestedOrder
2026-09-27T16:01:44.3218542Z [       OK ] FlowBatchPartitionTest.AcceptedEntriesKeepTheirRequestedOrder (0 ms)
2026-09-27T16:01:44.3219068Z [ RUN      ] FlowBatchPartitionTest.AnEmptyBatchIsNotAnError
2026-09-27T16:01:44.3219496Z [       OK ] FlowBatchPartitionTest.AnEmptyBatchIsNotAnError (0 ms)
2026-09-27T16:01:44.3220001Z [ RUN      ] FlowBatchPartitionTest.ThePayloadOfAnAcceptedEntrySurvivesTheMove
2026-09-27T16:01:44.3220593Z [       OK ] FlowBatchPartitionTest.ThePayloadOfAnAcceptedEntrySurvivesTheMove (0 ms)
2026-09-27T16:01:44.3221103Z [----------] 8 tests from FlowBatchPartitionTest (0 ms total)
2026-09-27T16:01:44.3221341Z 
2026-09-27T16:01:44.3221445Z [----------] 9 tests from FlowEntryShapeTest
2026-09-27T16:01:44.3222172Z [ RUN      ] FlowEntryShapeTest.TheBodyThatStartedThisIsRejected
2026-09-27T16:01:44.3222634Z [       OK ] FlowEntryShapeTest.TheBodyThatStartedThisIsRejected (0 ms)
2026-09-27T16:01:44.3223188Z [ RUN      ] FlowEntryShapeTest.AnExplicitlyEmptyActionListIsADropRuleAndStaysLegal
2026-09-27T16:01:44.3223850Z [       OK ] FlowEntryShapeTest.AnExplicitlyEmptyActionListIsADropRuleAndStaysLegal (0 ms)
2026-09-27T16:01:44.3224804Z [ RUN      ] FlowEntryShapeTest.AbsentMatchAndPriorityAreAcceptedBecauseTheyMeanSomething
2026-09-27T16:01:44.3225530Z [       OK ] FlowEntryShapeTest.AbsentMatchAndPriorityAreAcceptedBecauseTheyMeanSomething (0 ms)
2026-09-27T16:01:44.3226085Z [ RUN      ] FlowEntryShapeTest.DeleteNeedsOnlyADpid
2026-09-27T16:01:44.3226461Z [       OK ] FlowEntryShapeTest.DeleteNeedsOnlyADpid (0 ms)
2026-09-27T16:01:44.3226898Z [ RUN      ] FlowEntryShapeTest.ModifyIsHeldToTheSameBarAsInstall
2026-09-27T16:01:44.3227377Z [       OK ] FlowEntryShapeTest.ModifyIsHeldToTheSameBarAsInstall (0 ms)
2026-09-27T16:01:44.3227856Z [ RUN      ] FlowEntryShapeTest.AMissingDpidIsNamedRatherThanThrown
2026-09-27T16:01:44.3228334Z [       OK ] FlowEntryShapeTest.AMissingDpidIsNamedRatherThanThrown (0 ms)
2026-09-27T16:01:44.3228859Z [ RUN      ] FlowEntryShapeTest.ADpidThatIsNotANonNegativeIntegerIsRejected
2026-09-27T16:01:44.3229429Z [       OK ] FlowEntryShapeTest.ADpidThatIsNotANonNegativeIntegerIsRejected (0 ms)
2026-09-27T16:01:44.3230007Z [ RUN      ] FlowEntryShapeTest.ANonObjectEntryIsRejectedBeforeAnyFieldLookup
2026-09-27T16:01:44.3230598Z [       OK ] FlowEntryShapeTest.ANonObjectEntryIsRejectedBeforeAnyFieldLookup (0 ms)
2026-09-27T16:01:44.3231123Z [ RUN      ] FlowEntryShapeTest.AWellFormedEntryReportsNoProblem
2026-09-27T16:01:44.3231579Z [       OK ] FlowEntryShapeTest.AWellFormedEntryReportsNoProblem (0 ms)
2026-09-27T16:01:44.3232321Z [----------] 9 tests from FlowEntryShapeTest (0 ms total)
2026-09-27T16:01:44.3232546Z 
2026-09-27T16:01:44.3232675Z [----------] 5 tests from TopologyAndFlowMonitorTest
2026-09-27T16:01:44.3233206Z [ RUN      ] TopologyAndFlowMonitorTest.LoadingTheP4TopologyProducesTheCorrectNumberOfVertices
2026-09-27T16:01:44.3276205Z [       OK ] TopologyAndFlowMonitorTest.LoadingTheP4TopologyProducesTheCorrectNumberOfVertices (6 ms)
2026-09-27T16:01:44.3277206Z [ RUN      ] TopologyAndFlowMonitorTest.LoadingTheP4TopologyProducesTheCorrectNumberOfEdges
2026-09-27T16:01:44.3337486Z [       OK ] TopologyAndFlowMonitorTest.LoadingTheP4TopologyProducesTheCorrectNumberOfEdges (6 ms)
2026-09-27T16:01:44.3338472Z [ RUN      ] TopologyAndFlowMonitorTest.SwitchVerticesHaveVertexTypeZeroHostsHaveVertexTypeOne
2026-09-27T16:01:44.3399766Z [       OK ] TopologyAndFlowMonitorTest.SwitchVerticesHaveVertexTypeZeroHostsHaveVertexTypeOne (6 ms)
2026-09-27T16:01:44.3400761Z [ RUN      ] TopologyAndFlowMonitorTest.HostEdgesHaveDpidZeroOnTheHostSide
2026-09-27T16:01:44.3460964Z [       OK ] TopologyAndFlowMonitorTest.HostEdgesHaveDpidZeroOnTheHostSide (6 ms)
2026-09-27T16:01:44.3462339Z [ RUN      ] TopologyAndFlowMonitorTest.EveryVertexHasTheFieldsRequiredByTheApiSpec
2026-09-27T16:01:44.3522618Z [       OK ] TopologyAndFlowMonitorTest.EveryVertexHasTheFieldsRequiredByTheApiSpec (6 ms)
2026-09-27T16:01:44.3523579Z [----------] 5 tests from TopologyAndFlowMonitorTest (30 ms total)
2026-09-27T16:01:44.3523961Z 
2026-09-27T16:01:44.3524173Z [----------] 14 tests from ControlPlaneReplyRobustnessTest
2026-09-27T16:01:44.3525052Z [ RUN      ] ControlPlaneReplyRobustnessTest.ASwitchesEntryWithNoDpidDoesNotTerminateTheProcess
2026-09-27T16:01:44.3584423Z [       OK ] ControlPlaneReplyRobustnessTest.ASwitchesEntryWithNoDpidDoesNotTerminateTheProcess (6 ms)
2026-09-27T16:01:44.3585703Z [ RUN      ] ControlPlaneReplyRobustnessTest.ASwitchesEntryWithANonHexDpidDoesNotTerminateTheProcess
2026-09-27T16:01:44.3647026Z [       OK ] ControlPlaneReplyRobustnessTest.ASwitchesEntryWithANonHexDpidDoesNotTerminateTheProcess (6 ms)
2026-09-27T16:01:44.3648460Z [ RUN      ] ControlPlaneReplyRobustnessTest.OneBadSwitchesEntryDoesNotCostTheEntriesAfterIt
2026-09-27T16:01:44.3708035Z [       OK ] ControlPlaneReplyRobustnessTest.OneBadSwitchesEntryDoesNotCostTheEntriesAfterIt (6 ms)
2026-09-27T16:01:44.3709650Z [ RUN      ] ControlPlaneReplyRobustnessTest.AHostsEntryWithAMalformedMacDoesNotTerminateTheProcess
2026-09-27T16:01:44.3770057Z [       OK ] ControlPlaneReplyRobustnessTest.AHostsEntryWithAMalformedMacDoesNotTerminateTheProcess (6 ms)
2026-09-27T16:01:44.3771451Z [ RUN      ] ControlPlaneReplyRobustnessTest.OneBadHostsEntryDoesNotCostTheEntriesAfterIt
2026-09-27T16:01:44.3832175Z [       OK ] ControlPlaneReplyRobustnessTest.OneBadHostsEntryDoesNotCostTheEntriesAfterIt (6 ms)
2026-09-27T16:01:44.3833763Z [ RUN      ] ControlPlaneReplyRobustnessTest.ALinksEntryWithMissingEndpointsDoesNotTerminateTheProcess
2026-09-27T16:01:44.3892992Z [       OK ] ControlPlaneReplyRobustnessTest.ALinksEntryWithMissingEndpointsDoesNotTerminateTheProcess (6 ms)
2026-09-27T16:01:44.3894424Z [ RUN      ] ControlPlaneReplyRobustnessTest.ALinksEntryWithANonHexDpidDoesNotTerminateTheProcess
2026-09-27T16:01:44.3955017Z [       OK ] ControlPlaneReplyRobustnessTest.ALinksEntryWithANonHexDpidDoesNotTerminateTheProcess (6 ms)
2026-09-27T16:01:44.3956546Z [ RUN      ] ControlPlaneReplyRobustnessTest.AHostsEntryWithNoAttachmentPortDoesNotTerminateTheProcess
2026-09-27T16:01:44.4018850Z [       OK ] ControlPlaneReplyRobustnessTest.AHostsEntryWithNoAttachmentPortDoesNotTerminateTheProcess (6 ms)
2026-09-27T16:01:44.4020177Z [ RUN      ] ControlPlaneReplyRobustnessTest.AHostsEntryWithANonHexAttachmentDpidDoesNotTerminateTheProcess
2026-09-27T16:01:44.4081210Z [       OK ] ControlPlaneReplyRobustnessTest.AHostsEntryWithANonHexAttachmentDpidDoesNotTerminateTheProcess (6 ms)
2026-09-27T16:01:44.4082961Z [ RUN      ] ControlPlaneReplyRobustnessTest.AHostsEntryWithAnUnparseableIpDoesNotTerminateTheProcess
2026-09-27T16:01:44.4142951Z [       OK ] ControlPlaneReplyRobustnessTest.AHostsEntryWithAnUnparseableIpDoesNotTerminateTheProcess (6 ms)
2026-09-27T16:01:44.4144443Z [ RUN      ] ControlPlaneReplyRobustnessTest.OneBadLinksEntryDoesNotCostTheEntriesAfterIt
2026-09-27T16:01:44.4204572Z [       OK ] ControlPlaneReplyRobustnessTest.OneBadLinksEntryDoesNotCostTheEntriesAfterIt (6 ms)
2026-09-27T16:01:44.4205828Z [ RUN      ] ControlPlaneReplyRobustnessTest.OneBadHostIpDoesNotCostTheEntriesAfterIt
2026-09-27T16:01:44.4266663Z [       OK ] ControlPlaneReplyRobustnessTest.OneBadHostIpDoesNotCostTheEntriesAfterIt (6 ms)
2026-09-27T16:01:44.4268048Z [ RUN      ] ControlPlaneReplyRobustnessTest.AHostIpOfTheWrongTypeDoesNotCostTheEntriesAfterIt
2026-09-27T16:01:44.4328939Z [       OK ] ControlPlaneReplyRobustnessTest.AHostIpOfTheWrongTypeDoesNotCostTheEntriesAfterIt (6 ms)
2026-09-27T16:01:44.4330540Z [ RUN      ] ControlPlaneReplyRobustnessTest.AKnownHexDpidThatIsNotInTheTopologyDoesNotCostTheRest
2026-09-27T16:01:44.4391159Z [       OK ] ControlPlaneReplyRobustnessTest.AKnownHexDpidThatIsNotInTheTopologyDoesNotCostTheRest (6 ms)
2026-09-27T16:01:44.4392659Z [----------] 14 tests from ControlPlaneReplyRobustnessTest (86 ms total)
2026-09-27T16:01:44.4393132Z 
2026-09-27T16:01:44.4393315Z [----------] 11 tests from MininetTopologyTest
2026-09-27T16:01:44.4394095Z [ RUN      ] MininetTopologyTest.AfterLoadingTopologyAllVerticesAndEdgesAreDisabled
2026-09-27T16:01:44.4813048Z [       OK ] MininetTopologyTest.AfterLoadingTopologyAllVerticesAndEdgesAreDisabled (42 ms)
2026-09-27T16:01:44.4814474Z [ RUN      ] MininetTopologyTest.EnableSwitchAndEdgesEnablesSwitchAndAllItsAdjacentEdgesButNotOtherSwitches
2026-09-27T16:01:44.5229828Z [       OK ] MininetTopologyTest.EnableSwitchAndEdgesEnablesSwitchAndAllItsAdjacentEdgesButNotOtherSwitches (41 ms)
2026-09-27T16:01:44.5231257Z [ RUN      ] MininetTopologyTest.SetVertexEnableOnlyEnablesThatVertexNotItsEdges
2026-09-27T16:01:44.5644000Z [       OK ] MininetTopologyTest.SetVertexEnableOnlyEnablesThatVertexNotItsEdges (41 ms)
2026-09-27T16:01:44.5645275Z [ RUN      ] MininetTopologyTest.FindEdgeBySrcAndDstDpidFindsCorrectEdgeAndDistinguishesDirection
2026-09-27T16:01:44.6060135Z [       OK ] MininetTopologyTest.FindEdgeBySrcAndDstDpidFindsCorrectEdgeAndDistinguishesDirection (41 ms)
2026-09-27T16:01:44.6062605Z [ RUN      ] MininetTopologyTest.SetEdgeDownAffectsOnlyTargetEdgeNotReverseAndIsIdempotent
2026-09-27T16:01:44.6477291Z [       OK ] MininetTopologyTest.SetEdgeDownAffectsOnlyTargetEdgeNotReverseAndIsIdempotent (41 ms)
2026-09-27T16:01:44.6478878Z [ RUN      ] MininetTopologyTest.MininetTopologyHasCorrectVertexAndEdgeCounts
2026-09-27T16:01:44.6890668Z [       OK ] MininetTopologyTest.MininetTopologyHasCorrectVertexAndEdgeCounts (41 ms)
2026-09-27T16:01:44.6892037Z [ RUN      ] MininetTopologyTest.MininetTopologyHasExactly10SwitchesWithDpid1Through10
2026-09-27T16:01:44.7308068Z [       OK ] MininetTopologyTest.MininetTopologyHasExactly10SwitchesWithDpid1Through10 (41 ms)
2026-09-27T16:01:44.7309105Z [ RUN      ] MininetTopologyTest.EveryHostHasAtLeastOneIpv4Address
2026-09-27T16:01:44.7721550Z [       OK ] MininetTopologyTest.EveryHostHasAtLeastOneIpv4Address (41 ms)
2026-09-27T16:01:44.7722742Z [ RUN      ] MininetTopologyTest.SwitchToSwitchEdgesCountIsExactly32
2026-09-27T16:01:44.8135227Z [       OK ] MininetTopologyTest.SwitchToSwitchEdgesCountIsExactly32 (41 ms)
2026-09-27T16:01:44.8136347Z [ RUN      ] MininetTopologyTest.TouchEdgeFlowAccumulatesEntriesCurrentBehavior
2026-09-27T16:01:44.8548110Z [       OK ] MininetTopologyTest.TouchEdgeFlowAccumulatesEntriesCurrentBehavior (41 ms)
2026-09-27T16:01:44.8549251Z [ RUN      ] MininetTopologyTest.GetSwitchKindReturnsOvsForKnownDpidsAndNulloptForUnknown
2026-09-27T16:01:44.8962834Z [       OK ] MininetTopologyTest.GetSwitchKindReturnsOvsForKnownDpidsAndNulloptForUnknown (41 ms)
2026-09-27T16:01:44.8964065Z [----------] 11 tests from MininetTopologyTest (457 ms total)
2026-09-27T16:01:44.8964514Z 
2026-09-27T16:01:44.8965341Z [----------] 7 tests from TopologyPollRound
2026-09-27T16:01:44.8966002Z [ RUN      ] TopologyPollRound.AllThreeAnsweredIsComplete
2026-09-27T16:01:44.8966778Z [       OK ] TopologyPollRound.AllThreeAnsweredIsComplete (0 ms)
2026-09-27T16:01:44.8967515Z [ RUN      ] TopologyPollRound.NoneAnsweredIsSilent
2026-09-27T16:01:44.8968202Z [       OK ] TopologyPollRound.NoneAnsweredIsSilent (0 ms)
2026-09-27T16:01:44.8968895Z [ RUN      ] TopologyPollRound.OneSilentEndpointIsPartial
2026-09-27T16:01:44.8969620Z [       OK ] TopologyPollRound.OneSilentEndpointIsPartial (0 ms)
2026-09-27T16:01:44.8970414Z [ RUN      ] TopologyPollRound.OnlyOneAnsweredIsStillPartial
2026-09-27T16:01:44.8971202Z [       OK ] TopologyPollRound.OnlyOneAnsweredIsStillPartial (0 ms)
2026-09-27T16:01:44.8972351Z [ RUN      ] TopologyPollRound.TheStableTokenIsTheOneTheRunbookGreps
2026-09-27T16:01:44.8973306Z [       OK ] TopologyPollRound.TheStableTokenIsTheOneTheRunbookGreps (0 ms)
2026-09-27T16:01:44.8974369Z [ RUN      ] TopologyPollRound.APartialRoundIsAnnouncedOnlyWhenItBecomesPartial
2026-09-27T16:01:44.8975520Z [       OK ] TopologyPollRound.APartialRoundIsAnnouncedOnlyWhenItBecomesPartial (0 ms)
2026-09-27T16:01:44.8976491Z [ RUN      ] TopologyPollRound.NoRoundOtherThanPartialIsAnnounced
2026-09-27T16:01:44.8977332Z [       OK ] TopologyPollRound.NoRoundOtherThanPartialIsAnnounced (0 ms)
2026-09-27T16:01:44.8978089Z [----------] 7 tests from TopologyPollRound (0 ms total)
2026-09-27T16:01:44.8978477Z 
2026-09-27T16:01:44.8978684Z [----------] 4 tests from TopologyPollRoundWiring
2026-09-27T16:01:44.8979410Z [ RUN      ] TopologyPollRoundWiring.TheRoundKindIsRecordedForReading
2026-09-27T16:01:44.8980324Z [       OK ] TopologyPollRoundWiring.TheRoundKindIsRecordedForReading (0 ms)
2026-09-27T16:01:44.8981260Z [ RUN      ] TopologyPollRoundWiring.AnEmptyJsonListIsAnAnswerNotSilence
2026-09-27T16:01:44.8982437Z [       OK ] TopologyPollRoundWiring.AnEmptyJsonListIsAnAnswerNotSilence (0 ms)
2026-09-27T16:01:44.8983517Z [ RUN      ] TopologyPollRoundWiring.APartialRoundWritesTheStableTokenOncePerEpisode
2026-09-27T16:01:44.8984775Z [       OK ] TopologyPollRoundWiring.APartialRoundWritesTheStableTokenOncePerEpisode (0 ms)
2026-09-27T16:01:44.8985901Z [ RUN      ] TopologyPollRoundWiring.ASilentRoundDoesNotWriteThePartialToken
2026-09-27T16:01:44.8986949Z [       OK ] TopologyPollRoundWiring.ASilentRoundDoesNotWriteThePartialToken (0 ms)
2026-09-27T16:01:44.8987836Z [----------] 4 tests from TopologyPollRoundWiring (0 ms total)
2026-09-27T16:01:44.8988253Z 
2026-09-27T16:01:44.8988819Z [----------] 8 tests from TopologyRoundReadsStatus
2026-09-27T16:01:44.8989493Z [ RUN      ] TopologyRoundReadsStatus.AnErrorStatusIsNotAnAnswer
2026-09-27T16:01:44.8990309Z [       OK ] TopologyRoundReadsStatus.AnErrorStatusIsNotAnAnswer (0 ms)
2026-09-27T16:01:44.8991298Z [ RUN      ] TopologyRoundReadsStatus.TwoHundredCarryingTheWrongShapeIsNotAnAnswer
2026-09-27T16:01:44.8992655Z [       OK ] TopologyRoundReadsStatus.TwoHundredCarryingTheWrongShapeIsNotAnAnswer (0 ms)
2026-09-27T16:01:44.8993789Z [ RUN      ] TopologyRoundReadsStatus.TwoHundredCarryingPlainTextIsNotAnAnswer
2026-09-27T16:01:44.8994863Z [       OK ] TopologyRoundReadsStatus.TwoHundredCarryingPlainTextIsNotAnAnswer (0 ms)
2026-09-27T16:01:44.8995846Z [ RUN      ] TopologyRoundReadsStatus.AHealthyAnswerIsStillAnAnswer
2026-09-27T16:01:44.8996729Z [       OK ] TopologyRoundReadsStatus.AHealthyAnswerIsStillAnAnswer (0 ms)
2026-09-27T16:01:44.8997730Z [ RUN      ] TopologyRoundReadsStatus.AnEmptyBodyIsStillTheCaseThatAlreadyWorked
2026-09-27T16:01:44.8998871Z [       OK ] TopologyRoundReadsStatus.AnEmptyBodyIsStillTheCaseThatAlreadyWorked (0 ms)
2026-09-27T16:01:44.9000000Z [ RUN      ] TopologyRoundReadsStatus.AllFourShapesReachTheRoundVerdictAndTheApi
2026-09-27T16:01:44.9001122Z [       OK ] TopologyRoundReadsStatus.AllFourShapesReachTheRoundVerdictAndTheApi (0 ms)
2026-09-27T16:01:44.9002280Z [ RUN      ] TopologyRoundReadsStatus.AnUnreadRoundIsNeverComplete
2026-09-27T16:01:44.9003348Z [       OK ] TopologyRoundReadsStatus.AnUnreadRoundIsNeverComplete (0 ms)
2026-09-27T16:01:44.9004190Z [ RUN      ] TopologyRoundReadsStatus.TheCommandAsksForTheStatus
2026-09-27T16:01:44.9005009Z [       OK ] TopologyRoundReadsStatus.TheCommandAsksForTheStatus (0 ms)
2026-09-27T16:01:44.9005781Z [----------] 8 tests from TopologyRoundReadsStatus (0 ms total)
2026-09-27T16:01:44.9006209Z 
2026-09-27T16:01:44.9006413Z [----------] 6 tests from AdministrativeDisableTest
2026-09-27T16:01:44.9007287Z [ RUN      ] AdministrativeDisableTest.ADisableSurvivesTheTopologyPollThatUsedToUndoIt
2026-09-27T16:01:44.9405606Z [       OK ] AdministrativeDisableTest.ADisableSurvivesTheTopologyPollThatUsedToUndoIt (42 ms)
2026-09-27T16:01:44.9406911Z [ RUN      ] AdministrativeDisableTest.TheDisabledSwitchsEdgesAlsoSurviveALinkPoll
2026-09-27T16:01:44.9825255Z [       OK ] AdministrativeDisableTest.TheDisabledSwitchsEdgesAlsoSurviveALinkPoll (41 ms)
2026-09-27T16:01:44.9826200Z [ RUN      ] AdministrativeDisableTest.AnAdministrativeEnableClearsIt
2026-09-27T16:01:45.0239817Z [       OK ] AdministrativeDisableTest.AnAdministrativeEnableClearsIt (41 ms)
2026-09-27T16:01:45.0240884Z [ RUN      ] AdministrativeDisableTest.DiscoveryStillEnablesEverythingElse
2026-09-27T16:01:45.0654708Z [       OK ] AdministrativeDisableTest.DiscoveryStillEnablesEverythingElse (41 ms)
2026-09-27T16:01:45.0655877Z [ RUN      ] AdministrativeDisableTest.IsUsableNeedsAllThreeFlags
2026-09-27T16:01:45.0656755Z [       OK ] AdministrativeDisableTest.IsUsableNeedsAllThreeFlags (0 ms)
2026-09-27T16:01:45.0657872Z [ RUN      ] AdministrativeDisableTest.TheEmittedIsEnabledFoldsInTheAdministrativeDisable
2026-09-27T16:01:45.0659195Z [       OK ] AdministrativeDisableTest.TheEmittedIsEnabledFoldsInTheAdministrativeDisable (0 ms)
2026-09-27T16:01:45.0660238Z [----------] 6 tests from AdministrativeDisableTest (167 ms total)
2026-09-27T16:01:45.0660696Z 
2026-09-27T16:01:45.0660903Z [----------] 6 tests from AdminDisableConsumersTest
2026-09-27T16:01:45.0661986Z [ RUN      ] AdminDisableConsumersTest.BfsShortestPathDoesNotUseAdminDisabledEdge
2026-09-27T16:01:45.1098966Z [       OK ] AdminDisableConsumersTest.BfsShortestPathDoesNotUseAdminDisabledEdge (44 ms)
2026-09-27T16:01:45.1100251Z [ RUN      ] AdminDisableConsumersTest.BfsShortestPathDoesNotUseAdminDisabledVertex
2026-09-27T16:01:45.1544526Z [       OK ] AdminDisableConsumersTest.BfsShortestPathDoesNotUseAdminDisabledVertex (44 ms)
2026-09-27T16:01:45.1545727Z [ RUN      ] AdminDisableConsumersTest.AllPathsDepthFirstSearchDoesNotUseAdminDisabledEdge
2026-09-27T16:01:45.2006359Z [       OK ] AdminDisableConsumersTest.AllPathsDepthFirstSearchDoesNotUseAdminDisabledEdge (46 ms)
2026-09-27T16:01:45.2007759Z [ RUN      ] AdminDisableConsumersTest.LinkBandwidthStatusHonorsAdminDisabled
2026-09-27T16:01:45.2421526Z [       OK ] AdminDisableConsumersTest.LinkBandwidthStatusHonorsAdminDisabled (41 ms)
2026-09-27T16:01:45.2425986Z [ RUN      ] AdminDisableConsumersTest.TopKCongestedLinksOmitsLinkWhenOneDirectionAdminDisabled
2026-09-27T16:01:45.3020169Z [       OK ] AdminDisableConsumersTest.TopKCongestedLinksOmitsLinkWhenOneDirectionAdminDisabled (59 ms)
2026-09-27T16:01:45.3021558Z [ RUN      ] AdminDisableConsumersTest.AvgLinkUsageExcludesAdminDisabledLink
2026-09-27T16:01:45.3436907Z [       OK ] AdminDisableConsumersTest.AvgLinkUsageExcludesAdminDisabledLink (41 ms)
2026-09-27T16:01:45.3437925Z [----------] 6 tests from AdminDisableConsumersTest (278 ms total)
2026-09-27T16:01:45.3438381Z 
2026-09-27T16:01:45.3438627Z [----------] 9 tests from OptimisticTopologyReportingTest
2026-09-27T16:01:45.3439666Z [ RUN      ] OptimisticTopologyReportingTest.ASwitchLearnedAsAHostDoesNotResurrectASwitchLink
2026-09-27T16:01:45.3855594Z [       OK ] OptimisticTopologyReportingTest.ASwitchLearnedAsAHostDoesNotResurrectASwitchLink (41 ms)
2026-09-27T16:01:45.3857057Z [ RUN      ] OptimisticTopologyReportingTest.ARealHostEntryStillRaisesItsOwnTwoEdges
2026-09-27T16:01:45.4274435Z [       OK ] OptimisticTopologyReportingTest.ARealHostEntryStillRaisesItsOwnTwoEdges (41 ms)
2026-09-27T16:01:45.4276195Z [ RUN      ] OptimisticTopologyReportingTest.HostFacingEdgesOfAnUnreachableSwitchGoDownWithAReason
2026-09-27T16:01:45.4690874Z [       OK ] OptimisticTopologyReportingTest.HostFacingEdgesOfAnUnreachableSwitchGoDownWithAReason (41 ms)
2026-09-27T16:01:45.4692354Z [ RUN      ] OptimisticTopologyReportingTest.AHostBehindAnUnreachableSwitchIsMarkedDownWithAReason
2026-09-27T16:01:45.5109990Z [       OK ] OptimisticTopologyReportingTest.AHostBehindAnUnreachableSwitchIsMarkedDownWithAReason (41 ms)
2026-09-27T16:01:45.5111230Z [ RUN      ] OptimisticTopologyReportingTest.AHostWhoseSwitchIsHealthyStaysUp
2026-09-27T16:01:45.5528537Z [       OK ] OptimisticTopologyReportingTest.AHostWhoseSwitchIsHealthyStaysUp (41 ms)
2026-09-27T16:01:45.5529534Z [ RUN      ] OptimisticTopologyReportingTest.OneMissedPollDoesNotIsolateAnything
2026-09-27T16:01:45.5944099Z [       OK ] OptimisticTopologyReportingTest.OneMissedPollDoesNotIsolateAnything (41 ms)
2026-09-27T16:01:45.5945481Z [ RUN      ] OptimisticTopologyReportingTest.RecoveryClearsTheReasonWithoutRaisingAnything
2026-09-27T16:01:45.6366336Z [       OK ] OptimisticTopologyReportingTest.RecoveryClearsTheReasonWithoutRaisingAnything (42 ms)
2026-09-27T16:01:45.6367901Z [ RUN      ] OptimisticTopologyReportingTest.TheDerivationRunsAsPartOfAPollNotOnlyWhenCalledDirectly
2026-09-27T16:01:45.6806577Z [       OK ] OptimisticTopologyReportingTest.TheDerivationRunsAsPartOfAPollNotOnlyWhenCalledDirectly (43 ms)
2026-09-27T16:01:45.6808267Z [ RUN      ] OptimisticTopologyReportingTest.AHostsEntryWithAnUnknownMacIsStillAppliedByItsAddress
2026-09-27T16:01:45.7224248Z [       OK ] OptimisticTopologyReportingTest.AHostsEntryWithAnUnknownMacIsStillAppliedByItsAddress (41 ms)
2026-09-27T16:01:45.7225637Z [----------] 9 tests from OptimisticTopologyReportingTest (378 ms total)
2026-09-27T16:01:45.7226179Z 
2026-09-27T16:01:45.7226393Z [----------] 3 tests from ApiKeyNotLoggedTest
2026-09-27T16:01:45.7227205Z [ RUN      ] ApiKeyNotLoggedTest.ConstructingAnLLMAgentDoesNotWriteTheKeyToAnySink
2026-09-27T16:01:45.7228447Z [       OK ] ApiKeyNotLoggedTest.ConstructingAnLLMAgentDoesNotWriteTheKeyToAnySink (0 ms)
2026-09-27T16:01:45.7229648Z [ RUN      ] ApiKeyNotLoggedTest.TheCaptureRigActuallyRecordsTheConstructorsOwnLogging
2026-09-27T16:01:45.7230958Z [       OK ] ApiKeyNotLoggedTest.TheCaptureRigActuallyRecordsTheConstructorsOwnLogging (0 ms)
2026-09-27T16:01:45.7232579Z [ RUN      ] ApiKeyNotLoggedTest.AMissingKeyThrowsRatherThanFormattingANullPointer
2026-09-27T16:01:45.7234174Z [       OK ] ApiKeyNotLoggedTest.AMissingKeyThrowsRatherThanFormattingANullPointer (0 ms)
2026-09-27T16:01:45.7235190Z [----------] 3 tests from ApiKeyNotLoggedTest (0 ms total)
2026-09-27T16:01:45.7235595Z 
2026-09-27T16:01:45.7235805Z [----------] 9 tests from IntentTaskOutcomesTest
2026-09-27T16:01:45.7236699Z [ RUN      ] IntentTaskOutcomesTest.PowerOffOnAnUnknownDeviceReportsAnErrorRatherThanOk
2026-09-27T16:01:45.7238190Z [       OK ] IntentTaskOutcomesTest.PowerOffOnAnUnknownDeviceReportsAnErrorRatherThanOk (0 ms)
2026-09-27T16:01:45.7239045Z [ RUN      ] IntentTaskOutcomesTest.PowerOffThatFailsReportsTheFailureRatherThanOk
2026-09-27T16:01:45.7244805Z [       OK ] IntentTaskOutcomesTest.PowerOffThatFailsReportsTheFailureRatherThanOk (0 ms)
2026-09-27T16:01:45.7245706Z [ RUN      ] IntentTaskOutcomesTest.PowerOnOnAnUnknownDeviceReportsAnErrorRatherThanOk
2026-09-27T16:01:45.7250963Z [       OK ] IntentTaskOutcomesTest.PowerOnOnAnUnknownDeviceReportsAnErrorRatherThanOk (0 ms)
2026-09-27T16:01:45.7252052Z [ RUN      ] IntentTaskOutcomesTest.PowerOnThatFailsReportsTheFailureRatherThanOk
2026-09-27T16:01:45.7257471Z [       OK ] IntentTaskOutcomesTest.PowerOnThatFailsReportsTheFailureRatherThanOk (0 ms)
2026-09-27T16:01:45.7258347Z [ RUN      ] IntentTaskOutcomesTest.AFailedInstallReportsTheControllersVerdictRatherThanOk
2026-09-27T16:01:45.7265055Z [       OK ] IntentTaskOutcomesTest.AFailedInstallReportsTheControllersVerdictRatherThanOk (0 ms)
2026-09-27T16:01:45.7266292Z [ RUN      ] IntentTaskOutcomesTest.ASuccessfulInstallIsStillReportedAsSuccess
2026-09-27T16:01:45.7272267Z [       OK ] IntentTaskOutcomesTest.ASuccessfulInstallIsStillReportedAsSuccess (0 ms)
2026-09-27T16:01:45.7273349Z [ RUN      ] IntentTaskOutcomesTest.AFailedDeleteReportsTheFailureRatherThanOk
2026-09-27T16:01:45.7278710Z [       OK ] IntentTaskOutcomesTest.AFailedDeleteReportsTheFailureRatherThanOk (0 ms)
2026-09-27T16:01:45.7279792Z [ RUN      ] IntentTaskOutcomesTest.AnUnknownDeviceOnAFlowInstallIsRefusedBeforeTheControllerIsCalled
2026-09-27T16:01:45.7285298Z [       OK ] IntentTaskOutcomesTest.AnUnknownDeviceOnAFlowInstallIsRefusedBeforeTheControllerIsCalled (0 ms)
2026-09-27T16:01:45.7286347Z [ RUN      ] IntentTaskOutcomesTest.ADeviceNameContainingAQuoteCannotInjectKeysIntoADisableReply
2026-09-27T16:01:45.7291200Z [       OK ] IntentTaskOutcomesTest.ADeviceNameContainingAQuoteCannotInjectKeysIntoADisableReply (0 ms)
2026-09-27T16:01:45.7292433Z [----------] 9 tests from IntentTaskOutcomesTest (6 ms total)
2026-09-27T16:01:45.7292819Z 
2026-09-27T16:01:45.7293010Z [----------] 4 tests from IntentReplyRenderingTest
2026-09-27T16:01:45.7293624Z [ RUN      ] IntentReplyRenderingTest.SwitchNotFoundNamesTheDevice
2026-09-27T16:01:45.7294396Z [       OK ] IntentReplyRenderingTest.SwitchNotFoundNamesTheDevice (0 ms)
2026-09-27T16:01:45.7295381Z [ RUN      ] IntentReplyRenderingTest.PowerReplyDistinguishesSuccessFromFailure
2026-09-27T16:01:45.7296488Z [       OK ] IntentReplyRenderingTest.PowerReplyDistinguishesSuccessFromFailure (0 ms)
2026-09-27T16:01:45.7297638Z [ RUN      ] IntentReplyRenderingTest.FlowReplyCarriesTheHttpStatusAndDetail
2026-09-27T16:01:45.7298346Z [       OK ] IntentReplyRenderingTest.FlowReplyCarriesTheHttpStatusAndDetail (0 ms)
2026-09-27T16:01:45.7299072Z [ RUN      ] IntentReplyRenderingTest.ADeviceNameContainingAQuoteStillProducesParseableJson
2026-09-27T16:01:45.7299887Z [       OK ] IntentReplyRenderingTest.ADeviceNameContainingAQuoteStillProducesParseableJson (0 ms)
2026-09-27T16:01:45.7300530Z [----------] 4 tests from IntentReplyRenderingTest (0 ms total)
2026-09-27T16:01:45.7300797Z 
2026-09-27T16:01:45.7300922Z [----------] 1 test from LaunchLayoutIsolationTest
2026-09-27T16:01:45.7301448Z [ RUN      ] LaunchLayoutIsolationTest.TwoRigsInDifferentProcessesDoNotShareADirectory
2026-09-27T16:01:45.7318198Z [       OK ] LaunchLayoutIsolationTest.TwoRigsInDifferentProcessesDoNotShareADirectory (2 ms)
2026-09-27T16:01:45.7319214Z [----------] 1 test from LaunchLayoutIsolationTest (2 ms total)
2026-09-27T16:01:45.7319633Z 
2026-09-27T16:01:45.7320123Z [----------] 26 tests from LockEndpointTest
2026-09-27T16:01:45.7321025Z [ RUN      ] LockEndpointTest.ReleasingALockNobodyHoldsIsRefusedRatherThanReportedAsReleased
2026-09-27T16:01:45.7322606Z [       OK ] LockEndpointTest.ReleasingALockNobodyHoldsIsRefusedRatherThanReportedAsReleased (0 ms)
2026-09-27T16:01:45.7323867Z [ RUN      ] LockEndpointTest.ReleasingAnUnknownLockTypeIsARequestErrorNotAStateError
2026-09-27T16:01:45.7325107Z [       OK ] LockEndpointTest.ReleasingAnUnknownLockTypeIsARequestErrorNotAStateError (0 ms)
2026-09-27T16:01:45.7326328Z [ RUN      ] LockEndpointTest.AMalformedBodyIsRejectedRatherThanReleasingTheDefaultLock
2026-09-27T16:01:45.7327566Z [       OK ] LockEndpointTest.AMalformedBodyIsRejectedRatherThanReleasingTheDefaultLock (0 ms)
2026-09-27T16:01:45.7328679Z [ RUN      ] LockEndpointTest.ATypeFieldOfTheWrongJsonTypeIsAClientErrorNotAServerError
2026-09-27T16:01:45.7329807Z [       OK ] LockEndpointTest.ATypeFieldOfTheWrongJsonTypeIsAClientErrorNotAServerError (0 ms)
2026-09-27T16:01:45.7330544Z [ RUN      ] LockEndpointTest.ReleasingAHeldLockSucceeds
2026-09-27T16:01:45.7331236Z [       OK ] LockEndpointTest.ReleasingAHeldLockSucceeds (0 ms)
2026-09-27T16:01:45.7332003Z [ RUN      ] LockEndpointTest.AReleasedLockIsAcquirableAgain
2026-09-27T16:01:45.7332748Z [       OK ] LockEndpointTest.AReleasedLockIsAcquirableAgain (0 ms)
2026-09-27T16:01:45.7333530Z [ RUN      ] LockEndpointTest.AnAbsentBodyIsRefusedRatherThanReleasingTheDefaultLock
2026-09-27T16:01:45.7335031Z [       OK ] LockEndpointTest.AnAbsentBodyIsRefusedRatherThanReleasingTheDefaultLock (0 ms)
2026-09-27T16:01:45.7336076Z [ RUN      ] LockEndpointTest.ABodylessReleaseDoesNotReleaseSomebodyElsesRoutingLock
2026-09-27T16:01:45.7337136Z [       OK ] LockEndpointTest.ABodylessReleaseDoesNotReleaseSomebodyElsesRoutingLock (0 ms)
2026-09-27T16:01:45.7338216Z [ RUN      ] LockEndpointTest.ARenewWithAMalformedBodyDoesNotExtendTheDefaultLock
2026-09-27T16:01:45.7338959Z [       OK ] LockEndpointTest.ARenewWithAMalformedBodyDoesNotExtendTheDefaultLock (0 ms)
2026-09-27T16:01:45.7339686Z [ RUN      ] LockEndpointTest.ARenewWithNoTypeFieldDoesNotExtendTheDefaultLock
2026-09-27T16:01:45.7340707Z [       OK ] LockEndpointTest.ARenewWithNoTypeFieldDoesNotExtendTheDefaultLock (0 ms)
2026-09-27T16:01:45.7341832Z [ RUN      ] LockEndpointTest.ABodylessRenewDoesNotExtendSomebodyElsesRoutingLock
2026-09-27T16:01:45.7342571Z [       OK ] LockEndpointTest.ABodylessRenewDoesNotExtendSomebodyElsesRoutingLock (0 ms)
2026-09-27T16:01:45.7343789Z [ RUN      ] LockEndpointTest.ARenewNamingAnUnknownLockTypeIsARequestErrorNotAStateError
2026-09-27T16:01:45.7344877Z [       OK ] LockEndpointTest.ARenewNamingAnUnknownLockTypeIsARequestErrorNotAStateError (0 ms)
2026-09-27T16:01:45.7345729Z [ RUN      ] LockEndpointTest.RenewingAnExpiredLeaseIs412AndLeavesTheLockAcquirable
2026-09-27T16:01:45.7346803Z [       OK ] LockEndpointTest.RenewingAnExpiredLeaseIs412AndLeavesTheLockAcquirable (0 ms)
2026-09-27T16:01:45.7347761Z [ RUN      ] LockEndpointTest.ARenewNamingItsOwnLockSucceedsAndKeepsItsReplyShape
2026-09-27T16:01:45.7348710Z [       OK ] LockEndpointTest.ARenewNamingItsOwnLockSucceedsAndKeepsItsReplyShape (0 ms)
2026-09-27T16:01:45.7349836Z [ RUN      ] LockEndpointTest.RenewingAValidLockNobodyHoldsIsStill412NotA400
2026-09-27T16:01:45.7350872Z [       OK ] LockEndpointTest.RenewingAValidLockNobodyHoldsIsStill412NotA400 (0 ms)
2026-09-27T16:01:45.7352221Z [ RUN      ] LockEndpointTest.ReleasingAnExpiredLeaseIs412AndSaysExpiredRatherThan200Released
2026-09-27T16:01:45.7352991Z [       OK ] LockEndpointTest.ReleasingAnExpiredLeaseIs412AndSaysExpiredRatherThan200Released (0 ms)
2026-09-27T16:01:45.7354024Z [ RUN      ] LockEndpointTest.ReleasingALiveLockIsStill200AndStillSaysReleased
2026-09-27T16:01:45.7354826Z [       OK ] LockEndpointTest.ReleasingALiveLockIsStill200AndStillSaysReleased (0 ms)
2026-09-27T16:01:45.7355783Z [ RUN      ] LockEndpointTest.AnAcquireHandsBackALeaseIdAndSaysWhenItTookOverADeadOne
2026-09-27T16:01:45.7356963Z [       OK ] LockEndpointTest.AnAcquireHandsBackALeaseIdAndSaysWhenItTookOverADeadOne (0 ms)
2026-09-27T16:01:45.7358095Z [ RUN      ] LockEndpointTest.WithEnforcementOnAReleaseNamingNoLeaseIs400AndReleasesNothing
2026-09-27T16:01:45.7359355Z [       OK ] LockEndpointTest.WithEnforcementOnAReleaseNamingNoLeaseIs400AndReleasesNothing (0 ms)
2026-09-27T16:01:45.7360190Z [ RUN      ] LockEndpointTest.WithEnforcementOnAReleaseNamingItsOwnLeaseStillSucceeds
2026-09-27T16:01:45.7360871Z [       OK ] LockEndpointTest.WithEnforcementOnAReleaseNamingItsOwnLeaseStillSucceeds (0 ms)
2026-09-27T16:01:45.7361526Z [ RUN      ] LockEndpointTest.TotalInputTrafficLoadWithoutADpidIsABadRequestNotA200
2026-09-27T16:01:45.7362532Z [       OK ] LockEndpointTest.TotalInputTrafficLoadWithoutADpidIsABadRequestNotA200 (0 ms)
2026-09-27T16:01:45.7363130Z [ RUN      ] LockEndpointTest.NumOfFlowsWithoutADpidIsABadRequestNotA200
2026-09-27T16:01:45.7363693Z [       OK ] LockEndpointTest.NumOfFlowsWithoutADpidIsABadRequestNotA200 (0 ms)
2026-09-27T16:01:45.7364279Z [ RUN      ] LockEndpointTest.TotalInputTrafficLoadForAnUnknownDpidIsA404NotAZero
2026-09-27T16:01:45.7364900Z [       OK ] LockEndpointTest.TotalInputTrafficLoadForAnUnknownDpidIsA404NotAZero (0 ms)
2026-09-27T16:01:45.7365470Z [ RUN      ] LockEndpointTest.NumOfFlowsForAnUnknownDpidIsA404NotAZero
2026-09-27T16:01:45.7365984Z [       OK ] LockEndpointTest.NumOfFlowsForAnUnknownDpidIsA404NotAZero (0 ms)
2026-09-27T16:01:45.7366802Z [ RUN      ] LockEndpointTest.APathHopWithOnlyOneElementIsRejectedRatherThanReadPastTheEnd
2026-09-27T16:01:45.7367520Z [       OK ] LockEndpointTest.APathHopWithOnlyOneElementIsRejectedRatherThanReadPastTheEnd (0 ms)
2026-09-27T16:01:45.7368230Z [ RUN      ] LockEndpointTest.APathInterfaceThatIsNotANumberIsAClientErrorNotAServerError
2026-09-27T16:01:45.7368933Z [       OK ] LockEndpointTest.APathInterfaceThatIsNotANumberIsAClientErrorNotAServerError (0 ms)
2026-09-27T16:01:45.7369479Z [----------] 26 tests from LockEndpointTest (4 ms total)
2026-09-27T16:01:45.7369692Z 
2026-09-27T16:01:45.7369816Z [----------] 1 test from LockManagerUnlockTest
2026-09-27T16:01:45.7370260Z [ RUN      ] LockManagerUnlockTest.UnlockDistinguishesHeldFromNotHeldFromInvalid
2026-09-27T16:01:45.7370871Z [       OK ] LockManagerUnlockTest.UnlockDistinguishesHeldFromNotHeldFromInvalid (0 ms)
2026-09-27T16:01:45.7371376Z [----------] 1 test from LockManagerUnlockTest (0 ms total)
2026-09-27T16:01:45.7371760Z 
2026-09-27T16:01:45.7371893Z [----------] 1 test from KnownSwitchEndpointTest
2026-09-27T16:01:45.7372299Z [ RUN      ] KnownSwitchEndpointTest.AKnownButIdleSwitchStillAnswersZero
2026-09-27T16:01:45.7428781Z [       OK ] KnownSwitchEndpointTest.AKnownButIdleSwitchStillAnswersZero (6 ms)
2026-09-27T16:01:45.7429630Z [----------] 1 test from KnownSwitchEndpointTest (6 ms total)
2026-09-27T16:01:45.7430065Z 
2026-09-27T16:01:45.7430273Z [----------] 4 tests from PowerStateEndpointTest
2026-09-27T16:01:45.7431059Z [ RUN      ] PowerStateEndpointTest.SetSwitchesPowerStateWithAnUnknownIpIsA404NotA500
2026-09-27T16:01:45.7432376Z [       OK ] PowerStateEndpointTest.SetSwitchesPowerStateWithAnUnknownIpIsA404NotA500 (0 ms)
2026-09-27T16:01:45.7433538Z [ RUN      ] PowerStateEndpointTest.SetSwitchesPowerStateWithAKnownIpStillReachesTheManager
2026-09-27T16:01:45.7434941Z [       OK ] PowerStateEndpointTest.SetSwitchesPowerStateWithAKnownIpStillReachesTheManager (0 ms)
2026-09-27T16:01:45.7435997Z [ RUN      ] PowerStateEndpointTest.ARealPowerFailureIsStillA500
2026-09-27T16:01:45.7436508Z [       OK ] PowerStateEndpointTest.ARealPowerFailureIsStillA500 (0 ms)
2026-09-27T16:01:45.7437408Z [ RUN      ] PowerStateEndpointTest.SetSwitchesPowerStateWithABadActionIsStillA400
2026-09-27T16:01:45.7438372Z [       OK ] PowerStateEndpointTest.SetSwitchesPowerStateWithABadActionIsStillA400 (0 ms)
2026-09-27T16:01:45.7439291Z [----------] 4 tests from PowerStateEndpointTest (0 ms total)
2026-09-27T16:01:45.7439634Z 
2026-09-27T16:01:45.7439816Z [----------] 32 tests from GroupMeterFixture
2026-09-27T16:01:45.7441051Z [ RUN      ] GroupMeterFixture.DeletingAGroupThatIsNotThereIsRefusedRatherThanReportedDeleted
2026-09-27T16:01:45.7442658Z [       OK ] GroupMeterFixture.DeletingAGroupThatIsNotThereIsRefusedRatherThanReportedDeleted (0 ms)
2026-09-27T16:01:45.7443752Z [ RUN      ] GroupMeterFixture.ModifyingAGroupThatIsNotThereIsRefusedRatherThanReportedModified
2026-09-27T16:01:45.7444769Z [       OK ] GroupMeterFixture.ModifyingAGroupThatIsNotThereIsRefusedRatherThanReportedModified (0 ms)
2026-09-27T16:01:45.7445928Z [ RUN      ] GroupMeterFixture.AddingAGroupThatAlreadyExistsIsAConflictNotAnInstall
2026-09-27T16:01:45.7446674Z [       OK ] GroupMeterFixture.AddingAGroupThatAlreadyExistsIsAConflictNotAnInstall (0 ms)
2026-09-27T16:01:45.7447673Z [ RUN      ] GroupMeterFixture.DeletingAMeterThatIsNotThereIsRefused
2026-09-27T16:01:45.7448264Z [       OK ] GroupMeterFixture.DeletingAMeterThatIsNotThereIsRefused (0 ms)
2026-09-27T16:01:45.7448762Z [ RUN      ] GroupMeterFixture.ModifyingAMeterThatIsNotThereIsRefused
2026-09-27T16:01:45.7449551Z [       OK ] GroupMeterFixture.ModifyingAMeterThatIsNotThereIsRefused (0 ms)
2026-09-27T16:01:45.7450301Z [ RUN      ] GroupMeterFixture.AddingAMeterThatAlreadyExistsIsAConflict
2026-09-27T16:01:45.7450826Z [       OK ] GroupMeterFixture.AddingAMeterThatAlreadyExistsIsAConflict (0 ms)
2026-09-27T16:01:45.7451430Z [ RUN      ] GroupMeterFixture.DeletingAGroupThatIsThereGoesThroughAndSaysItWasDeleted
2026-09-27T16:01:45.7452448Z [       OK ] GroupMeterFixture.DeletingAGroupThatIsThereGoesThroughAndSaysItWasDeleted (0 ms)
2026-09-27T16:01:45.7453043Z [ RUN      ] GroupMeterFixture.ModifyingAGroupThatIsThereGoesThrough
2026-09-27T16:01:45.7453608Z [       OK ] GroupMeterFixture.ModifyingAGroupThatIsThereGoesThrough (0 ms)
2026-09-27T16:01:45.7454494Z [ RUN      ] GroupMeterFixture.AddingAGroupThatIsNotThereGoesThrough
2026-09-27T16:01:45.7455092Z [       OK ] GroupMeterFixture.AddingAGroupThatIsNotThereGoesThrough (0 ms)
2026-09-27T16:01:45.7455565Z [ RUN      ] GroupMeterFixture.TheMeterAcceptPathsGoThrough
2026-09-27T16:01:45.7456141Z [       OK ] GroupMeterFixture.TheMeterAcceptPathsGoThrough (0 ms)
2026-09-27T16:01:45.7457070Z [ RUN      ] GroupMeterFixture.AGroupTheSwitchStillHasAfterTheDeleteIsNotReportedAsDeleted
2026-09-27T16:01:45.7457795Z [       OK ] GroupMeterFixture.AGroupTheSwitchStillHasAfterTheDeleteIsNotReportedAsDeleted (0 ms)
2026-09-27T16:01:45.7458765Z [ RUN      ] GroupMeterFixture.AMeterTheSwitchStillHasAfterTheDeleteIsNotReportedAsDeleted
2026-09-27T16:01:45.7459784Z [       OK ] GroupMeterFixture.AMeterTheSwitchStillHasAfterTheDeleteIsNotReportedAsDeleted (0 ms)
2026-09-27T16:01:45.7460454Z [ RUN      ] GroupMeterFixture.AGroupIdCanBeInstalledAgainAfterAVerifiedDelete
2026-09-27T16:01:45.7461821Z [       OK ] GroupMeterFixture.AGroupIdCanBeInstalledAgainAfterAVerifiedDelete (0 ms)
2026-09-27T16:01:45.7462660Z [ RUN      ] GroupMeterFixture.ADeleteNamesTheEntryAndDoesNotCarryADefinitionOfIt
2026-09-27T16:01:45.7463866Z [       OK ] GroupMeterFixture.ADeleteNamesTheEntryAndDoesNotCarryADefinitionOfIt (0 ms)
2026-09-27T16:01:45.7464778Z [ RUN      ] GroupMeterFixture.ADeleteThatCannotBeReadBackIsUnverifiedRatherThanFailed
2026-09-27T16:01:45.7465922Z [       OK ] GroupMeterFixture.ADeleteThatCannotBeReadBackIsUnverifiedRatherThanFailed (0 ms)
2026-09-27T16:01:45.7466562Z [ RUN      ] GroupMeterFixture.TheDeleteReCheckIsRetriedAndBounded
2026-09-27T16:01:45.7469111Z [       OK ] GroupMeterFixture.TheDeleteReCheckIsRetriedAndBounded (0 ms)
2026-09-27T16:01:45.7470138Z [ RUN      ] GroupMeterFixture.AnUnreachableControllerDoesNotTurnEveryGroupIntoA404
2026-09-27T16:01:45.7471260Z [       OK ] GroupMeterFixture.AnUnreachableControllerDoesNotTurnEveryGroupIntoA404 (0 ms)
2026-09-27T16:01:45.7472284Z [ RUN      ] GroupMeterFixture.AStatsReplyInAnUnexpectedShapeIsUnknownNotAbsent
2026-09-27T16:01:45.7473411Z [       OK ] GroupMeterFixture.AStatsReplyInAnUnexpectedShapeIsUnknownNotAbsent (0 ms)
2026-09-27T16:01:45.7474634Z [ RUN      ] GroupMeterFixture.AnUnparseableStatsReplyIsUnknownNotAbsent
2026-09-27T16:01:45.7475187Z [       OK ] GroupMeterFixture.AnUnparseableStatsReplyIsUnknownNotAbsent (0 ms)
2026-09-27T16:01:45.7475901Z [ RUN      ] GroupMeterFixture.ANonNumericGroupIdIsUnknownRatherThanRefused
2026-09-27T16:01:45.7476867Z [       OK ] GroupMeterFixture.ANonNumericGroupIdIsUnknownRatherThanRefused (0 ms)
2026-09-27T16:01:45.7477522Z [ RUN      ] GroupMeterFixture.TheGroupCheckAsksForTheWholeListBecauseRyuIgnoresTheIdOnOf13
2026-09-27T16:01:45.7478401Z [       OK ] GroupMeterFixture.TheGroupCheckAsksForTheWholeListBecauseRyuIgnoresTheIdOnOf13 (0 ms)
2026-09-27T16:01:45.7479432Z [ RUN      ] GroupMeterFixture.TheMeterCheckNamesTheMeterItIsAskingAbout
2026-09-27T16:01:45.7479971Z [       OK ] GroupMeterFixture.TheMeterCheckNamesTheMeterItIsAskingAbout (0 ms)
2026-09-27T16:01:45.7480485Z [ RUN      ] GroupMeterFixture.TheCheckHappensBeforeTheModNotAfterIt
2026-09-27T16:01:45.7481383Z [       OK ] GroupMeterFixture.TheCheckHappensBeforeTheModNotAfterIt (0 ms)
2026-09-27T16:01:45.7482288Z [ RUN      ] GroupMeterFixture.TheExistenceCheckAsksForTheStatusCodeAndBoundsItsTime
2026-09-27T16:01:45.7484037Z [       OK ] GroupMeterFixture.TheExistenceCheckAsksForTheStatusCodeAndBoundsItsTime (0 ms)
2026-09-27T16:01:45.7484909Z [ RUN      ] GroupMeterFixture.AControllerRefusalOfTheModIsStillReported
2026-09-27T16:01:45.7485742Z [       OK ] GroupMeterFixture.AControllerRefusalOfTheModIsStillReported (0 ms)
2026-09-27T16:01:45.7486692Z [ RUN      ] GroupMeterFixture.AGroupTheSwitchNeverTookIsNotReportedAsInstalled
2026-09-27T16:01:45.7487705Z [       OK ] GroupMeterFixture.AGroupTheSwitchNeverTookIsNotReportedAsInstalled (0 ms)
2026-09-27T16:01:45.7488435Z [ RUN      ] GroupMeterFixture.AMeterTheSwitchNeverTookIsNotReportedAsInstalled
2026-09-27T16:01:45.7489425Z [       OK ] GroupMeterFixture.AMeterTheSwitchNeverTookIsNotReportedAsInstalled (0 ms)
2026-09-27T16:01:45.7490136Z [ RUN      ] GroupMeterFixture.AGroupTheSwitchDidTakeIsReportedAsInstalled
2026-09-27T16:01:45.7491051Z [       OK ] GroupMeterFixture.AGroupTheSwitchDidTakeIsReportedAsInstalled (0 ms)
2026-09-27T16:01:45.7492005Z [ RUN      ] GroupMeterFixture.AModifyThatCannotBeReadBackIsUnverifiedRatherThanFailed
2026-09-27T16:01:45.7493160Z [       OK ] GroupMeterFixture.AModifyThatCannotBeReadBackIsUnverifiedRatherThanFailed (0 ms)
2026-09-27T16:01:45.7493757Z [ RUN      ] GroupMeterFixture.TheInstallReadBackIsRetriedAndBounded
2026-09-27T16:01:45.7495162Z [       OK ] GroupMeterFixture.TheInstallReadBackIsRetriedAndBounded (0 ms)
2026-09-27T16:01:45.7496023Z [ RUN      ] GroupMeterFixture.AnInstallReadBackHappensAfterThePostNotBeforeIt
2026-09-27T16:01:45.7496938Z [       OK ] GroupMeterFixture.AnInstallReadBackHappensAfterThePostNotBeforeIt (0 ms)
2026-09-27T16:01:45.7497772Z [ RUN      ] GroupMeterFixture.AModifyIsNotClaimedVerifiedWhenOnlyExistenceWasChecked
2026-09-27T16:01:45.7498741Z [       OK ] GroupMeterFixture.AModifyIsNotClaimedVerifiedWhenOnlyExistenceWasChecked (0 ms)
2026-09-27T16:01:45.7499675Z [----------] 32 tests from GroupMeterFixture (6 ms total)
2026-09-27T16:01:45.7500043Z 
2026-09-27T16:01:45.7500170Z [----------] 12 tests from GroupMeterEndpointTest
2026-09-27T16:01:45.7500675Z [ RUN      ] GroupMeterEndpointTest.DeleteGroupRelaysA404WithAnOutcomeNamingWhatWasNotFound
2026-09-27T16:01:45.7503417Z [       OK ] GroupMeterEndpointTest.DeleteGroupRelaysA404WithAnOutcomeNamingWhatWasNotFound (0 ms)
2026-09-27T16:01:45.7504234Z [ RUN      ] GroupMeterEndpointTest.ModifyGroupRelaysA404WithItsOutcome
2026-09-27T16:01:45.7505489Z [       OK ] GroupMeterEndpointTest.ModifyGroupRelaysA404WithItsOutcome (0 ms)
2026-09-27T16:01:45.7506278Z [ RUN      ] GroupMeterEndpointTest.InstallGroupRelaysA409WithItsOutcome
2026-09-27T16:01:45.7508113Z [       OK ] GroupMeterEndpointTest.InstallGroupRelaysA409WithItsOutcome (0 ms)
2026-09-27T16:01:45.7508890Z [ RUN      ] GroupMeterEndpointTest.DeleteMeterRelaysA404WithItsOutcome
2026-09-27T16:01:45.7510353Z [       OK ] GroupMeterEndpointTest.DeleteMeterRelaysA404WithItsOutcome (0 ms)
2026-09-27T16:01:45.7511348Z [ RUN      ] GroupMeterEndpointTest.ModifyMeterRelaysA404WithItsOutcome
2026-09-27T16:01:45.7512991Z [       OK ] GroupMeterEndpointTest.ModifyMeterRelaysA404WithItsOutcome (0 ms)
2026-09-27T16:01:45.7513855Z [ RUN      ] GroupMeterEndpointTest.InstallMeterRelaysA409WithItsOutcome
2026-09-27T16:01:45.7515513Z [       OK ] GroupMeterEndpointTest.InstallMeterRelaysA409WithItsOutcome (0 ms)
2026-09-27T16:01:45.7516457Z [ RUN      ] GroupMeterEndpointTest.EachEndpointKeepsItsOwnSuccessSentenceAndCarriesTheOutcome
2026-09-27T16:01:45.7523508Z [       OK ] GroupMeterEndpointTest.EachEndpointKeepsItsOwnSuccessSentenceAndCarriesTheOutcome (0 ms)
2026-09-27T16:01:45.7524325Z [ RUN      ] GroupMeterEndpointTest.AnUnverifiedSuccessSaysSoRatherThanClaimingItWasDeleted
2026-09-27T16:01:45.7525363Z [       OK ] GroupMeterEndpointTest.AnUnverifiedSuccessSaysSoRatherThanClaimingItWasDeleted (0 ms)
2026-09-27T16:01:45.7526171Z [ RUN      ] GroupMeterEndpointTest.AResultWithNoOutcomeStillAnswersTheOriginalThreeFieldFailureBody
2026-09-27T16:01:45.7527446Z [       OK ] GroupMeterEndpointTest.AResultWithNoOutcomeStillAnswersTheOriginalThreeFieldFailureBody (0 ms)
2026-09-27T16:01:45.7528137Z [ RUN      ] GroupMeterEndpointTest.AP4RefusalIsStill501AndNamesItself
2026-09-27T16:01:45.7529558Z [       OK ] GroupMeterEndpointTest.AP4RefusalIsStill501AndNamesItself (0 ms)
2026-09-27T16:01:45.7530157Z [ RUN      ] GroupMeterEndpointTest.TheTwoDifferentNotFoundsAreDistinguishableInTheBody
2026-09-27T16:01:45.7533814Z [       OK ] GroupMeterEndpointTest.TheTwoDifferentNotFoundsAreDistinguishableInTheBody (0 ms)
2026-09-27T16:01:45.7534498Z [ RUN      ] GroupMeterEndpointTest.InstallGroupRelaysA502WhenTheSwitchDidNotTakeIt
2026-09-27T16:01:45.7536819Z [       OK ] GroupMeterEndpointTest.InstallGroupRelaysA502WhenTheSwitchDidNotTakeIt (0 ms)
2026-09-27T16:01:45.7537624Z [----------] 12 tests from GroupMeterEndpointTest (3 ms total)
2026-09-27T16:01:45.7537948Z 
2026-09-27T16:01:45.7538086Z [----------] 1 test from HistoricalLoggingWiringTest
2026-09-27T16:01:45.7538627Z [ RUN      ] HistoricalLoggingWiringTest.TheEventHandlerStoresTheHistoricalDataManagerItIsGiven
2026-09-27T16:01:45.7539406Z [       OK ] HistoricalLoggingWiringTest.TheEventHandlerStoresTheHistoricalDataManagerItIsGiven (0 ms)
2026-09-27T16:01:45.7540281Z [----------] 1 test from HistoricalLoggingWiringTest (0 ms total)
2026-09-27T16:01:45.7540746Z 
2026-09-27T16:01:45.7540920Z [----------] 7 tests from HistoricalLoggingTest
2026-09-27T16:01:45.7541334Z [ RUN      ] HistoricalLoggingTest.DisablingLoggingStopsRowsBeingWritten
2026-09-27T16:01:45.7542068Z [       OK ] HistoricalLoggingTest.DisablingLoggingStopsRowsBeingWritten (0 ms)
2026-09-27T16:01:45.7542588Z [ RUN      ] HistoricalLoggingTest.LoggingEnabledWritesOneRowPerEdge
2026-09-27T16:01:45.7544520Z [       OK ] HistoricalLoggingTest.LoggingEnabledWritesOneRowPerEdge (0 ms)
2026-09-27T16:01:45.7545015Z [ RUN      ] HistoricalLoggingTest.ReEnablingLoggingResumesWriting
2026-09-27T16:01:45.7547121Z [       OK ] HistoricalLoggingTest.ReEnablingLoggingResumesWriting (0 ms)
2026-09-27T16:01:45.7547663Z [ RUN      ] HistoricalLoggingTest.TheWrittenRowCarriesTheEdgesBandwidthFigures
2026-09-27T16:01:45.7550250Z [       OK ] HistoricalLoggingTest.TheWrittenRowCarriesTheEdgesBandwidthFigures (0 ms)
2026-09-27T16:01:45.7551135Z [ RUN      ] HistoricalLoggingTest.AnUnwritableDirectoryIsReportedRatherThanSilentlyLosingData
2026-09-27T16:01:45.7553205Z [       OK ] HistoricalLoggingTest.AnUnwritableDirectoryIsReportedRatherThanSilentlyLosingData (0 ms)
2026-09-27T16:01:45.7553955Z [ RUN      ] HistoricalLoggingTest.RepeatedFailuresAreReportedOnceNotOncePerInterval
2026-09-27T16:01:45.7555904Z [       OK ] HistoricalLoggingTest.RepeatedFailuresAreReportedOnceNotOncePerInterval (0 ms)
2026-09-27T16:01:45.7556531Z [ RUN      ] HistoricalLoggingTest.AFailureAfterARecoveryIsReportedAgain
2026-09-27T16:01:45.7559165Z [       OK ] HistoricalLoggingTest.AFailureAfterARecoveryIsReportedAgain (0 ms)
2026-09-27T16:01:45.7560310Z [----------] 7 tests from HistoricalLoggingTest (2 ms total)
2026-09-27T16:01:45.7560571Z 
2026-09-27T16:01:45.7560702Z [----------] 1 test from HistoricalLoggingStartupTest
2026-09-27T16:01:45.7561469Z [ RUN      ] HistoricalLoggingStartupTest.ConstructionDoesNotThrowWhenTheOutputDirectoryCannotBeMade
2026-09-27T16:01:45.7562842Z [       OK ] HistoricalLoggingStartupTest.ConstructionDoesNotThrowWhenTheOutputDirectoryCannotBeMade (0 ms)
2026-09-27T16:01:45.7563516Z [----------] 1 test from HistoricalLoggingStartupTest (0 ms total)
2026-09-27T16:01:45.7563769Z 
2026-09-27T16:01:45.7563905Z [----------] 1 test from HistoricalLoggingModeGateTest
2026-09-27T16:01:45.7564794Z [ RUN      ] HistoricalLoggingModeGateTest.MininetReportsThatItCannotRecordRatherThanImplyingItDid
2026-09-27T16:01:45.7565621Z [       OK ] HistoricalLoggingModeGateTest.MininetReportsThatItCannotRecordRatherThanImplyingItDid (0 ms)
2026-09-27T16:01:45.7566459Z [----------] 1 test from HistoricalLoggingModeGateTest (0 ms total)
2026-09-27T16:01:45.7566732Z 
2026-09-27T16:01:45.7566858Z [----------] 5 tests from HistoricalLoggingReplyTest
2026-09-27T16:01:45.7567425Z [ RUN      ] HistoricalLoggingReplyTest.MininetEnableIsNotAnsweredWithTheSameStatusFieldAsARealEnable
2026-09-27T16:01:45.7568490Z [       OK ] HistoricalLoggingReplyTest.MininetEnableIsNotAnsweredWithTheSameStatusFieldAsARealEnable (0 ms)
2026-09-27T16:01:45.7569505Z [ RUN      ] HistoricalLoggingReplyTest.TheEnableReplyNamesTheReasonInAMachineReadableField
2026-09-27T16:01:45.7570784Z [       OK ] HistoricalLoggingReplyTest.TheEnableReplyNamesTheReasonInAMachineReadableField (0 ms)
2026-09-27T16:01:45.7572239Z [ RUN      ] HistoricalLoggingReplyTest.AnUnstartedRecorderIsNotReportedAsRecordingEither
2026-09-27T16:01:45.7572971Z [       OK ] HistoricalLoggingReplyTest.AnUnstartedRecorderIsNotReportedAsRecordingEither (0 ms)
2026-09-27T16:01:45.7574114Z [ RUN      ] HistoricalLoggingReplyTest.DisablingIsStillAPlainSuccess
2026-09-27T16:01:45.7574642Z [       OK ] HistoricalLoggingReplyTest.DisablingIsStillAPlainSuccess (0 ms)
2026-09-27T16:01:45.7575335Z [ RUN      ] HistoricalLoggingReplyTest.AnInvalidStateIsStillRejectedBeforeTheAvailabilityCheck
2026-09-27T16:01:45.7576112Z [       OK ] HistoricalLoggingReplyTest.AnInvalidStateIsStillRejectedBeforeTheAvailabilityCheck (0 ms)
2026-09-27T16:01:45.7576716Z [----------] 5 tests from HistoricalLoggingReplyTest (0 ms total)
2026-09-27T16:01:45.7576958Z 
2026-09-27T16:01:45.7577095Z [----------] 3 tests from HistoricalLoggingStateTest
2026-09-27T16:01:45.7577605Z [ RUN      ] HistoricalLoggingStateTest.StartInMininetLeavesTheObjectNotClaimingToBeRunning
2026-09-27T16:01:45.7578331Z [       OK ] HistoricalLoggingStateTest.StartInMininetLeavesTheObjectNotClaimingToBeRunning (0 ms)
2026-09-27T16:01:45.7579059Z [ RUN      ] HistoricalLoggingStateTest.StartOutsideMininetIsStillTheThingThatMakesItRun
2026-09-27T16:01:45.7579782Z [       OK ] HistoricalLoggingStateTest.StartOutsideMininetIsStillTheThingThatMakesItRun (0 ms)
2026-09-27T16:01:45.7580497Z [ RUN      ] HistoricalLoggingStateTest.TheReportedStateDistinguishesTheFourReachableCauses
2026-09-27T16:01:45.7581220Z [       OK ] HistoricalLoggingStateTest.TheReportedStateDistinguishesTheFourReachableCauses (0 ms)
2026-09-27T16:01:45.7582118Z [----------] 3 tests from HistoricalLoggingStateTest (0 ms total)
2026-09-27T16:01:45.7582365Z 
2026-09-27T16:01:45.7582470Z [----------] 6 tests from CommandFailureTest
2026-09-27T16:01:45.7582866Z [ RUN      ] CommandFailureTest.ACommandThatSucceedsIsReportedAsSuccess
2026-09-27T16:01:45.7588475Z [       OK ] CommandFailureTest.ACommandThatSucceedsIsReportedAsSuccess (1 ms)
2026-09-27T16:01:45.7589489Z [ RUN      ] CommandFailureTest.ACommandThatFailsIsReportedAsAFailure
2026-09-27T16:01:45.7602700Z [       OK ] CommandFailureTest.ACommandThatFailsIsReportedAsAFailure (1 ms)
2026-09-27T16:01:45.7603785Z [ RUN      ] CommandFailureTest.TheExitCodeIsDecodedFromTheWaitStatusNotPrintedRaw
2026-09-27T16:01:45.7617141Z [       OK ] CommandFailureTest.TheExitCodeIsDecodedFromTheWaitStatusNotPrintedRaw (1 ms)
2026-09-27T16:01:45.7618376Z [ RUN      ] CommandFailureTest.ACommandTheShellCannotRunIsNamedAsSuch
2026-09-27T16:01:45.7622952Z sh: 1: /nonexistent/definitely-not-a-real-command-8f2a1c: not found
2026-09-27T16:01:45.7624401Z [       OK ] CommandFailureTest.ACommandTheShellCannotRunIsNamedAsSuch (0 ms)
2026-09-27T16:01:45.7625294Z [ RUN      ] CommandFailureTest.AChildThatCouldNotBeCreatedIsDistinguishedFromANonZeroExit
2026-09-27T16:01:45.7626080Z [       OK ] CommandFailureTest.AChildThatCouldNotBeCreatedIsDistinguishedFromANonZeroExit (0 ms)
2026-09-27T16:01:45.7626821Z [ RUN      ] CommandFailureTest.ASignalledCommandIsReportedAsSignalledRatherThanAsAnExitCode
2026-09-27T16:01:45.7631570Z [       OK ] CommandFailureTest.ASignalledCommandIsReportedAsSignalledRatherThanAsAnExitCode (0 ms)
2026-09-27T16:01:45.7632779Z [----------] 6 tests from CommandFailureTest (5 ms total)
2026-09-27T16:01:45.7633162Z 
2026-09-27T16:01:45.7633364Z [----------] 4 tests from TopologyApiUrlTest
2026-09-27T16:01:45.7634190Z [ RUN      ] TopologyApiUrlTest.TheDefaultPollFollowsAppConfigRatherThanAHardCodedHost
2026-09-27T16:01:45.7635352Z [       OK ] TopologyApiUrlTest.TheDefaultPollFollowsAppConfigRatherThanAHardCodedHost (0 ms)
2026-09-27T16:01:45.7636600Z [ RUN      ] TopologyApiUrlTest.TheDefaultPollIsTheAppConfigAddressWithTheTopologyPathAppended
2026-09-27T16:01:45.7637983Z [       OK ] TopologyApiUrlTest.TheDefaultPollIsTheAppConfigAddressWithTheTopologyPathAppended (0 ms)
2026-09-27T16:01:45.7638951Z [ RUN      ] TopologyApiUrlTest.ConfigureLeavesTheRyuDefaultAloneForANonBmv2Topology
2026-09-27T16:01:45.7639605Z [       OK ] TopologyApiUrlTest.ConfigureLeavesTheRyuDefaultAloneForANonBmv2Topology (0 ms)
2026-09-27T16:01:45.7640220Z [ RUN      ] TopologyApiUrlTest.SetTopologyApiUrlsOverridesAllThreeEndpoints
2026-09-27T16:01:45.7640796Z [       OK ] TopologyApiUrlTest.SetTopologyApiUrlsOverridesAllThreeEndpoints (0 ms)
2026-09-27T16:01:45.7641287Z [----------] 4 tests from TopologyApiUrlTest (0 ms total)
2026-09-27T16:01:45.7641505Z 
2026-09-27T16:01:45.7641607Z [----------] 5 tests from PathJsonTest
2026-09-27T16:01:45.7642394Z [ RUN      ] PathJsonTest.AMissingHostYieldsAnObjectNotAJsonStringValue
2026-09-27T16:01:45.7642940Z [       OK ] PathJsonTest.AMissingHostYieldsAnObjectNotAJsonStringValue (0 ms)
2026-09-27T16:01:45.7643517Z [ RUN      ] PathJsonTest.TheIntentTranslatorsRoundTripLeavesAnErrorClientReadable
2026-09-27T16:01:45.7644154Z [       OK ] PathJsonTest.TheIntentTranslatorsRoundTripLeavesAnErrorClientReadable (0 ms)
2026-09-27T16:01:45.7644720Z [ RUN      ] PathJsonTest.TwoKnownHostsWithNoPathAlsoYieldAnObject
2026-09-27T16:01:45.7645192Z [       OK ] PathJsonTest.TwoKnownHostsWithNoPathAlsoYieldAnObject (0 ms)
2026-09-27T16:01:45.7645701Z [ RUN      ] PathJsonTest.TheNoPathErrorSurvivesTheCallersDumpAndReparse
2026-09-27T16:01:45.7646233Z [       OK ] PathJsonTest.TheNoPathErrorSurvivesTheCallersDumpAndReparse (0 ms)
2026-09-27T16:01:45.7646694Z [ RUN      ] PathJsonTest.OnlyTheMissingHostIsNamed
2026-09-27T16:01:45.7647054Z [       OK ] PathJsonTest.OnlyTheMissingHostIsNamed (0 ms)
2026-09-27T16:01:45.7647437Z [----------] 5 tests from PathJsonTest (0 ms total)
2026-09-27T16:01:45.7647643Z 
2026-09-27T16:01:45.7647752Z [----------] 3 tests from SmartPlugFieldsTest
2026-09-27T16:01:45.7648146Z [ RUN      ] SmartPlugFieldsTest.EachSwitchIsServedItsOwnPlugAssignment
2026-09-27T16:01:45.7855839Z [       OK ] SmartPlugFieldsTest.EachSwitchIsServedItsOwnPlugAssignment (21 ms)
2026-09-27T16:01:45.7856771Z [ RUN      ] SmartPlugFieldsTest.TheSwitchesDoNotAllShareOnePlug
2026-09-27T16:01:45.8062752Z [       OK ] SmartPlugFieldsTest.TheSwitchesDoNotAllShareOnePlug (20 ms)
2026-09-27T16:01:45.8064057Z [ RUN      ] SmartPlugFieldsTest.ASwitchWithNoAssignmentIsServedAnEmptyOneRatherThanSomeoneElses
2026-09-27T16:01:45.8610888Z [       OK ] SmartPlugFieldsTest.ASwitchWithNoAssignmentIsServedAnEmptyOneRatherThanSomeoneElses (54 ms)
2026-09-27T16:01:45.8613161Z [----------] 3 tests from SmartPlugFieldsTest (97 ms total)
2026-09-27T16:01:45.8613691Z 
2026-09-27T16:01:45.8613938Z [----------] 12 tests from PathNodeParsingTest
2026-09-27T16:01:45.8615093Z [ RUN      ] PathNodeParsingTest.AHopWithOnlyOneElementIsRefusedRatherThanReadPastTheEnd
2026-09-27T16:01:45.8616817Z [       OK ] PathNodeParsingTest.AHopWithOnlyOneElementIsRefusedRatherThanReadPastTheEnd (0 ms)
2026-09-27T16:01:45.8617682Z [ RUN      ] PathNodeParsingTest.AnEmptyHopIsRefused
2026-09-27T16:01:45.8618205Z [       OK ] PathNodeParsingTest.AnEmptyHopIsRefused (0 ms)
2026-09-27T16:01:45.8618753Z [ RUN      ] PathNodeParsingTest.AHopThatIsNotAnArrayIsRefused
2026-09-27T16:01:45.8619354Z [       OK ] PathNodeParsingTest.AHopThatIsNotAnArrayIsRefused (0 ms)
2026-09-27T16:01:45.8620033Z [ RUN      ] PathNodeParsingTest.AHostHopCarriesADottedAddress
2026-09-27T16:01:45.8620744Z [       OK ] PathNodeParsingTest.AHostHopCarriesADottedAddress (0 ms)
2026-09-27T16:01:45.8621465Z [ RUN      ] PathNodeParsingTest.ASwitchHopCarriesANumericId
2026-09-27T16:01:45.8622402Z [       OK ] PathNodeParsingTest.ASwitchHopCarriesANumericId (0 ms)
2026-09-27T16:01:45.8623049Z [ RUN      ] PathNodeParsingTest.AnInterfaceMayArriveAsAStringOrANumber
2026-09-27T16:01:45.8623772Z [       OK ] PathNodeParsingTest.AnInterfaceMayArriveAsAStringOrANumber (0 ms)
2026-09-27T16:01:45.8624515Z [ RUN      ] PathNodeParsingTest.ExtraElementsBeyondTheFirstTwoAreIgnored
2026-09-27T16:01:45.8625473Z [       OK ] PathNodeParsingTest.ExtraElementsBeyondTheFirstTwoAreIgnored (0 ms)
2026-09-27T16:01:45.8626309Z [ RUN      ] PathNodeParsingTest.AnAddressThatIsNotAnAddressIsRefusedRatherThanThrown
2026-09-27T16:01:45.8627246Z [       OK ] PathNodeParsingTest.AnAddressThatIsNotAnAddressIsRefusedRatherThanThrown (0 ms)
2026-09-27T16:01:45.8628031Z [ RUN      ] PathNodeParsingTest.AnInterfaceStringThatIsNotANumberIsRefusedRatherThanThrown
2026-09-27T16:01:45.8628764Z [       OK ] PathNodeParsingTest.AnInterfaceStringThatIsNotANumberIsRefusedRatherThanThrown (0 ms)
2026-09-27T16:01:45.8629428Z [ RUN      ] PathNodeParsingTest.AnInterfaceStringWithTrailingJunkIsRefused
2026-09-27T16:01:45.8629994Z [       OK ] PathNodeParsingTest.AnInterfaceStringWithTrailingJunkIsRefused (0 ms)
2026-09-27T16:01:45.8630593Z [ RUN      ] PathNodeParsingTest.NegativeIdentifiersAreRefusedRatherThanWrapped
2026-09-27T16:01:45.8631208Z [       OK ] PathNodeParsingTest.NegativeIdentifiersAreRefusedRatherThanWrapped (0 ms)
2026-09-27T16:01:45.8631930Z [ RUN      ] PathNodeParsingTest.AHopFieldOfTheWrongTypeIsRefused
2026-09-27T16:01:45.8632421Z [       OK ] PathNodeParsingTest.AHopFieldOfTheWrongTypeIsRefused (0 ms)
2026-09-27T16:01:45.8632866Z [----------] 12 tests from PathNodeParsingTest (0 ms total)
2026-09-27T16:01:45.8633098Z 
2026-09-27T16:01:45.8633220Z [----------] 5 tests from DescribeCommandFailure
2026-09-27T16:01:45.8633581Z [ RUN      ] DescribeCommandFailure.SuccessIsTheEmptyString
2026-09-27T16:01:45.8634003Z [       OK ] DescribeCommandFailure.SuccessIsTheEmptyString (0 ms)
2026-09-27T16:01:45.8634488Z [ RUN      ] DescribeCommandFailure.MinusOneMeansTheChildWasNeverCreated
2026-09-27T16:01:45.8635024Z [       OK ] DescribeCommandFailure.MinusOneMeansTheChildWasNeverCreated (0 ms)
2026-09-27T16:01:45.8635529Z [ RUN      ] DescribeCommandFailure.AWaitStatusIsDecodedNotEchoed
2026-09-27T16:01:45.8635996Z [       OK ] DescribeCommandFailure.AWaitStatusIsDecodedNotEchoed (0 ms)
2026-09-27T16:01:45.8636492Z [ RUN      ] DescribeCommandFailure.OneTwoSevenNamesTheShellNotTheCommand
2026-09-27T16:01:45.8637066Z [       OK ] DescribeCommandFailure.OneTwoSevenNamesTheShellNotTheCommand (0 ms)
2026-09-27T16:01:45.8637567Z [ RUN      ] DescribeCommandFailure.ASignalIsReportedAsASignal
2026-09-27T16:01:45.8638007Z [       OK ] DescribeCommandFailure.ASignalIsReportedAsASignal (0 ms)
2026-09-27T16:01:45.8638420Z [----------] 5 tests from DescribeCommandFailure (0 ms total)
2026-09-27T16:01:45.8638653Z 
2026-09-27T16:01:45.8638752Z [----------] 2 tests from UnexportCommand
2026-09-27T16:01:45.8639231Z [ RUN      ] UnexportCommand.NamesExportfsAndTheFolder
2026-09-27T16:01:45.8639624Z [       OK ] UnexportCommand.NamesExportfsAndTheFolder (0 ms)
2026-09-27T16:01:45.8640048Z [ RUN      ] UnexportCommand.AFolderContainingASpaceStaysOneArgument
2026-09-27T16:01:45.8640542Z [       OK ] UnexportCommand.AFolderContainingASpaceStaysOneArgument (0 ms)
2026-09-27T16:01:45.8640970Z [----------] 2 tests from UnexportCommand (0 ms total)
2026-09-27T16:01:45.8641194Z 
2026-09-27T16:01:45.8641288Z [----------] 1 test from ExportsLine
2026-09-27T16:01:45.8641594Z [ RUN      ] ExportsLine.StartsWithTheDirectoryAndASpace
2026-09-27T16:01:45.8642123Z [       OK ] ExportsLine.StartsWithTheDirectoryAndASpace (0 ms)
2026-09-27T16:01:45.8642483Z [----------] 1 test from ExportsLine (0 ms total)
2026-09-27T16:01:45.8642689Z 
2026-09-27T16:01:45.8642791Z [----------] 4 tests from ExportsPurge
2026-09-27T16:01:45.8643242Z [ RUN      ] ExportsPurge.RemovesExactlyTheLineTheWriterWrote
2026-09-27T16:01:45.8643997Z [       OK ] ExportsPurge.RemovesExactlyTheLineTheWriterWrote (2 ms)
2026-09-27T16:01:45.8644682Z [ RUN      ] ExportsPurge.APrefixSiblingSurvives
2026-09-27T16:01:45.8668626Z [       OK ] ExportsPurge.APrefixSiblingSurvives (2 ms)
2026-09-27T16:01:45.8669331Z [ RUN      ] ExportsPurge.ADotInTheExportRootIsNotAWildcard
2026-09-27T16:01:45.8691538Z [       OK ] ExportsPurge.ADotInTheExportRootIsNotAWildcard (2 ms)
2026-09-27T16:01:45.8692461Z [ RUN      ] ExportsPurge.AMidlineMentionOfTheFolderIsNotItsLine
2026-09-27T16:01:45.8715736Z [       OK ] ExportsPurge.AMidlineMentionOfTheFolderIsNotItsLine (2 ms)
2026-09-27T16:01:45.8716471Z [----------] 4 tests from ExportsPurge (9 ms total)
2026-09-27T16:01:45.8716826Z 
2026-09-27T16:01:45.8717019Z [----------] 4 tests from ExportsFileHasEntry
2026-09-27T16:01:45.8717702Z [ RUN      ] ExportsFileHasEntry.FindsExactlyTheFoldersOwnLine
2026-09-27T16:01:45.8718490Z [       OK ] ExportsFileHasEntry.FindsExactlyTheFoldersOwnLine (0 ms)
2026-09-27T16:01:45.8719315Z [ RUN      ] ExportsFileHasEntry.AMidlineMentionIsNotTheFoldersLine
2026-09-27T16:01:45.8719990Z [       OK ] ExportsFileHasEntry.AMidlineMentionIsNotTheFoldersLine (0 ms)
2026-09-27T16:01:45.8720764Z [ RUN      ] ExportsFileHasEntry.AFolderWhoseIdExtendsTheQueriedOneIsNotAMatch
2026-09-27T16:01:45.8722027Z [       OK ] ExportsFileHasEntry.AFolderWhoseIdExtendsTheQueriedOneIsNotAMatch (0 ms)
2026-09-27T16:01:45.8722634Z [ RUN      ] ExportsFileHasEntry.AnUnreadableFileMeansAttemptCleanupAnyway
2026-09-27T16:01:45.8723221Z [       OK ] ExportsFileHasEntry.AnUnreadableFileMeansAttemptCleanupAnyway (0 ms)
2026-09-27T16:01:45.8723703Z [----------] 4 tests from ExportsFileHasEntry (0 ms total)
2026-09-27T16:01:45.8723934Z 
2026-09-27T16:01:45.8724055Z [----------] 2 tests from OpenUpAppDirPermissions
2026-09-27T16:01:45.8724513Z [ RUN      ] OpenUpAppDirPermissions.MakesTheDirectoryWritableForSquashedClients
2026-09-27T16:01:45.8725127Z [       OK ] OpenUpAppDirPermissions.MakesTheDirectoryWritableForSquashedClients (0 ms)
2026-09-27T16:01:45.8725721Z [ RUN      ] OpenUpAppDirPermissions.AMissingPathReportsFalseNotSuccess
2026-09-27T16:01:45.8734526Z [       OK ] OpenUpAppDirPermissions.AMissingPathReportsFalseNotSuccess (0 ms)
2026-09-27T16:01:45.8735251Z [----------] 2 tests from OpenUpAppDirPermissions (0 ms total)
2026-09-27T16:01:45.8735521Z 
2026-09-27T16:01:45.8735633Z [----------] 1 test from NonRootLifecycle
2026-09-27T16:01:45.8736087Z [ RUN      ] NonRootLifecycle.RegistrationProvisionsAWritableWorkspaceWithoutRoot
2026-09-27T16:01:45.8780440Z sudo: exportfs: command not found
2026-09-27T16:01:45.8786572Z Command failed (exit code 1 (exportfs refused; a sudo password prompt does this on a process with no controlling terminal)): sudo exportfs -u /tmp/appmgr_lifecycle_export/1
2026-09-27T16:01:45.8866013Z sed: can't read /etc/exports: No such file or directory
2026-09-27T16:01:45.8877388Z Command failed (exit code 2): sudo sed -i /^\/tmp\/appmgr_lifecycle_export\/1 /d /etc/exports
2026-09-27T16:01:45.8932242Z sudo: exportfs: command not found
2026-09-27T16:01:45.8939219Z Command failed (exit code 1 (exportfs refused; a sudo password prompt does this on a process with no controlling terminal)): sudo exportfs -u /tmp/appmgr_lifecycle_export/2
2026-09-27T16:01:45.9016564Z sed: can't read /etc/exports: No such file or directory
2026-09-27T16:01:45.9026863Z Command failed (exit code 2): sudo sed -i /^\/tmp\/appmgr_lifecycle_export\/2 /d /etc/exports
2026-09-27T16:01:45.9081198Z sudo: exportfs: command not found
2026-09-27T16:01:45.9089294Z [       OK ] NonRootLifecycle.RegistrationProvisionsAWritableWorkspaceWithoutRoot (36 ms)
2026-09-27T16:01:45.9089893Z [----------] 1 test from NonRootLifecycle (36 ms total)
2026-09-27T16:01:45.9090134Z 
2026-09-27T16:01:45.9090249Z [----------] 3 tests from SetupNFSForApp
2026-09-27T16:01:45.9090746Z [ RUN      ] SetupNFSForApp.AnAlreadyExistingDirectoryIsReusedAndItsPermissionsReapplied
2026-09-27T16:01:45.9094209Z [       OK ] SetupNFSForApp.AnAlreadyExistingDirectoryIsReusedAndItsPermissionsReapplied (0 ms)
2026-09-27T16:01:45.9094908Z [ RUN      ] SetupNFSForApp.AFreshDirectoryIsStillCreatedAndOpenedUp
2026-09-27T16:01:45.9098412Z [       OK ] SetupNFSForApp.AFreshDirectoryIsStillCreatedAndOpenedUp (0 ms)
2026-09-27T16:01:45.9099004Z [ RUN      ] SetupNFSForApp.APathBlockedByARegularFileStillReportsFailure
2026-09-27T16:01:45.9103245Z [       OK ] SetupNFSForApp.APathBlockedByARegularFileStillReportsFailure (0 ms)
2026-09-27T16:01:45.9104337Z [----------] 3 tests from SetupNFSForApp (1 ms total)
2026-09-27T16:01:45.9104575Z 
2026-09-27T16:01:45.9104732Z [----------] 6 tests from SquashedClientContentFailure
2026-09-27T16:01:45.9105479Z [ RUN      ] SquashedClientContentFailure.TheRealObservedFailureIsRecognised
2026-09-27T16:01:45.9106096Z [       OK ] SquashedClientContentFailure.TheRealObservedFailureIsRecognised (0 ms)
2026-09-27T16:01:45.9106711Z [ RUN      ] SquashedClientContentFailure.DeniedOnTheFolderItselfStaysAnError
2026-09-27T16:01:45.9107337Z [       OK ] SquashedClientContentFailure.DeniedOnTheFolderItselfStaysAnError (0 ms)
2026-09-27T16:01:45.9108000Z [ RUN      ] SquashedClientContentFailure.AnotherAppsFolderIsNotThisOnesContents
2026-09-27T16:01:45.9108673Z [       OK ] SquashedClientContentFailure.AnotherAppsFolderIsNotThisOnesContents (0 ms)
2026-09-27T16:01:45.9109362Z [ RUN      ] SquashedClientContentFailure.ADifferentErrorOnTheSamePathIsNotExcused
2026-09-27T16:01:45.9110139Z [       OK ] SquashedClientContentFailure.ADifferentErrorOnTheSamePathIsNotExcused (0 ms)
2026-09-27T16:01:45.9110986Z [ RUN      ] SquashedClientContentFailure.AnEmptySecondPathIsNotEnoughToExcuseIt
2026-09-27T16:01:45.9111806Z [       OK ] SquashedClientContentFailure.AnEmptySecondPathIsNotEnoughToExcuseIt (0 ms)
2026-09-27T16:01:45.9112505Z [ RUN      ] SquashedClientContentFailure.TrailingSlashesAndDotsDoNotChangeTheAnswer
2026-09-27T16:01:45.9113711Z [       OK ] SquashedClientContentFailure.TrailingSlashesAndDotsDoNotChangeTheAnswer (0 ms)
2026-09-27T16:01:45.9115107Z [----------] 6 tests from SquashedClientContentFailure (0 ms total)
2026-09-27T16:01:45.9115651Z 
2026-09-27T16:01:45.9116011Z [----------] 4 tests from DataPlaneKindOrderingTest
2026-09-27T16:01:45.9117116Z [ RUN      ] DataPlaneKindOrderingTest.StartLoadsTheStaticTopologyBeforeItReturns
2026-09-27T16:01:45.9124798Z [       OK ] DataPlaneKindOrderingTest.StartLoadsTheStaticTopologyBeforeItReturns (1 ms)
2026-09-27T16:01:45.9126136Z [ RUN      ] DataPlaneKindOrderingTest.TheLoadRunsOnTheCallersThreadNotOnTheSpawnedPollThread
2026-09-27T16:01:45.9143826Z [       OK ] DataPlaneKindOrderingTest.TheLoadRunsOnTheCallersThreadNotOnTheSpawnedPollThread (1 ms)
2026-09-27T16:01:45.9145289Z [ RUN      ] DataPlaneKindOrderingTest.AVerdictTakenBeforeTheTopologyExistsIsNotCached
2026-09-27T16:01:45.9163692Z [       OK ] DataPlaneKindOrderingTest.AVerdictTakenBeforeTheTopologyExistsIsNotCached (2 ms)
2026-09-27T16:01:45.9165205Z [ RUN      ] DataPlaneKindOrderingTest.TheStartupSequenceMainUsesYieldsABmv2Verdict
2026-09-27T16:01:45.9179683Z [       OK ] DataPlaneKindOrderingTest.TheStartupSequenceMainUsesYieldsABmv2Verdict (1 ms)
2026-09-27T16:01:45.9180777Z [----------] 4 tests from DataPlaneKindOrderingTest (7 ms total)
2026-09-27T16:01:45.9181139Z 
2026-09-27T16:01:45.9181251Z [----------] 10 tests from TelemetryHealth
2026-09-27T16:01:45.9182107Z [ RUN      ] TelemetryHealth.BeforeTheFirstWindowClosesTheAnswerIsUnknownNotOk
2026-09-27T16:01:45.9182759Z [       OK ] TelemetryHealth.BeforeTheFirstWindowClosesTheAnswerIsUnknownNotOk (0 ms)
2026-09-27T16:01:45.9183502Z [ RUN      ] TelemetryHealth.AClosedWindowWithNoSamplesIsNotOk
2026-09-27T16:01:45.9184046Z [       OK ] TelemetryHealth.AClosedWindowWithNoSamplesIsNotOk (0 ms)
2026-09-27T16:01:45.9184468Z [ RUN      ] TelemetryHealth.SamplesWithNoDropsIsOk
2026-09-27T16:01:45.9184841Z [       OK ] TelemetryHealth.SamplesWithNoDropsIsOk (0 ms)
2026-09-27T16:01:45.9185284Z [ RUN      ] TelemetryHealth.TheDenominatorIsSamplesPlusBothKindsOfDrop
2026-09-27T16:01:45.9185835Z [       OK ] TelemetryHealth.TheDenominatorIsSamplesPlusBothKindsOfDrop (0 ms)
2026-09-27T16:01:45.9186312Z [ RUN      ] TelemetryHealth.AppDropsAloneMoveTheVerdict
2026-09-27T16:01:45.9186713Z [       OK ] TelemetryHealth.AppDropsAloneMoveTheVerdict (0 ms)
2026-09-27T16:01:45.9187132Z [ RUN      ] TelemetryHealth.SmallLossIsReportedAsLossNotOk
2026-09-27T16:01:45.9187549Z [       OK ] TelemetryHealth.SmallLossIsReportedAsLossNotOk (0 ms)
2026-09-27T16:01:45.9187974Z [ RUN      ] TelemetryHealth.OneLostSampleIsEnoughToLeaveOk
2026-09-27T16:01:45.9188662Z [       OK ] TelemetryHealth.OneLostSampleIsEnoughToLeaveOk (0 ms)
2026-09-27T16:01:45.9189103Z [ RUN      ] TelemetryHealth.TheMeasuredSevereLossCellReadsSevere
2026-09-27T16:01:45.9189572Z [       OK ] TelemetryHealth.TheMeasuredSevereLossCellReadsSevere (0 ms)
2026-09-27T16:01:45.9190018Z [ RUN      ] TelemetryHealth.TheBandsAreOrderedAndDistinct
2026-09-27T16:01:45.9190422Z [       OK ] TelemetryHealth.TheBandsAreOrderedAndDistinct (0 ms)
2026-09-27T16:01:45.9190845Z [ RUN      ] TelemetryHealth.TheWindowLengthIsCarriedThrough
2026-09-27T16:01:45.9191270Z [       OK ] TelemetryHealth.TheWindowLengthIsCarriedThrough (0 ms)
2026-09-27T16:01:45.9192065Z [----------] 10 tests from TelemetryHealth (0 ms total)
2026-09-27T16:01:45.9192395Z 
2026-09-27T16:01:45.9192521Z [----------] 10 tests from CloseOnExecSocketsTest
2026-09-27T16:01:45.9192950Z [ RUN      ] CloseOnExecSocketsTest.TheSflowReceiveSocketIsCloseOnExec
2026-09-27T16:01:45.9193485Z [       OK ] CloseOnExecSocketsTest.TheSflowReceiveSocketIsCloseOnExec (0 ms)
2026-09-27T16:01:45.9194019Z [ RUN      ] CloseOnExecSocketsTest.AChildCannotSeeTheSflowReceiveSocket
2026-09-27T16:01:45.9205015Z [       OK ] CloseOnExecSocketsTest.AChildCannotSeeTheSflowReceiveSocket (2 ms)
2026-09-27T16:01:45.9206021Z [ RUN      ] CloseOnExecSocketsTest.TheProbeSeesASocketThatWasNotMarked
2026-09-27T16:01:45.9227966Z [       OK ] CloseOnExecSocketsTest.TheProbeSeesASocketThatWasNotMarked (2 ms)
2026-09-27T16:01:45.9228926Z [ RUN      ] CloseOnExecSocketsTest.TheApiAcceptorIsCloseOnExec
2026-09-27T16:01:45.9229751Z [       OK ] CloseOnExecSocketsTest.TheApiAcceptorIsCloseOnExec (0 ms)
2026-09-27T16:01:45.9230298Z [ RUN      ] CloseOnExecSocketsTest.AChildCannotSeeTheApiAcceptor
2026-09-27T16:01:45.9250438Z [       OK ] CloseOnExecSocketsTest.AChildCannotSeeTheApiAcceptor (2 ms)
2026-09-27T16:01:45.9251383Z [ RUN      ] CloseOnExecSocketsTest.AnAcceptedConnectionIsMarkedCloseOnExec
2026-09-27T16:01:45.9253063Z [       OK ] CloseOnExecSocketsTest.AnAcceptedConnectionIsMarkedCloseOnExec (0 ms)
2026-09-27T16:01:45.9254104Z [ RUN      ] CloseOnExecSocketsTest.AStartedServerHasACloseOnExecAcceptor
2026-09-27T16:01:45.9278782Z [       OK ] CloseOnExecSocketsTest.AStartedServerHasACloseOnExecAcceptor (2 ms)
2026-09-27T16:01:45.9279957Z [ RUN      ] CloseOnExecSocketsTest.AConnectionAcceptedByTheRunningServerIsCloseOnExec
2026-09-27T16:01:45.9284187Z [       OK ] CloseOnExecSocketsTest.AConnectionAcceptedByTheRunningServerIsCloseOnExec (0 ms)
2026-09-27T16:01:45.9285363Z [ RUN      ] CloseOnExecSocketsTest.ExecArgvChildDoesNotInheritAnUnmarkedDescriptor
2026-09-27T16:01:45.9311888Z [       OK ] CloseOnExecSocketsTest.ExecArgvChildDoesNotInheritAnUnmarkedDescriptor (2 ms)
2026-09-27T16:01:45.9312721Z [ RUN      ] CloseOnExecSocketsTest.ExecArgvChildKeepsTheDescriptorsItNeeds
2026-09-27T16:01:45.9324828Z [       OK ] CloseOnExecSocketsTest.ExecArgvChildKeepsTheDescriptorsItNeeds (1 ms)
2026-09-27T16:01:45.9325729Z [----------] 10 tests from CloseOnExecSocketsTest (14 ms total)
2026-09-27T16:01:45.9326116Z 
2026-09-27T16:01:45.9326270Z [----------] 6 tests from PortOwnershipMessageTest
2026-09-27T16:01:45.9326797Z [ RUN      ] PortOwnershipMessageTest.OrphanedChildrenAreNotReportedAsAnotherKernel
2026-09-27T16:01:45.9327515Z [       OK ] PortOwnershipMessageTest.OrphanedChildrenAreNotReportedAsAnotherKernel (0 ms)
2026-09-27T16:01:45.9328267Z [ RUN      ] PortOwnershipMessageTest.AnotherKernelIsNamedWhenOneIsActuallyHoldingThePort
2026-09-27T16:01:45.9329057Z [       OK ] PortOwnershipMessageTest.AnotherKernelIsNamedWhenOneIsActuallyHoldingThePort (0 ms)
2026-09-27T16:01:45.9329783Z [ RUN      ] PortOwnershipMessageTest.AnUnattributableHolderIsNotCalledAKernel
2026-09-27T16:01:45.9330431Z [       OK ] PortOwnershipMessageTest.AnUnattributableHolderIsNotCalledAKernel (0 ms)
2026-09-27T16:01:45.9331101Z [ RUN      ] PortOwnershipMessageTest.NoSocketFoundSaysSoInsteadOfInventingAHolder
2026-09-27T16:01:45.9332106Z [       OK ] PortOwnershipMessageTest.NoSocketFoundSaysSoInsteadOfInventingAHolder (0 ms)
2026-09-27T16:01:45.9333145Z [ RUN      ] PortOwnershipMessageTest.TheProcScanFindsThisProcessHoldingItsOwnPort
2026-09-27T16:01:45.9453484Z [       OK ] PortOwnershipMessageTest.TheProcScanFindsThisProcessHoldingItsOwnPort (12 ms)
2026-09-27T16:01:45.9454438Z [ RUN      ] PortOwnershipMessageTest.TheSflowBindFailureNamesTheRealHolderRatherThanBlamingAKernel
2026-09-27T16:01:45.9475906Z [       OK ] PortOwnershipMessageTest.TheSflowBindFailureNamesTheRealHolderRatherThanBlamingAKernel (2 ms)
2026-09-27T16:01:45.9477069Z [----------] 6 tests from PortOwnershipMessageTest (15 ms total)
2026-09-27T16:01:45.9477393Z 
2026-09-27T16:01:45.9477556Z [----------] 12 tests from PollDoesNotResurrectTest
2026-09-27T16:01:45.9478269Z [ RUN      ] PollDoesNotResurrectTest.ACommandedPowerOffSurvivesTheNextPollThatStillListsTheSwitch
2026-09-27T16:01:45.9496462Z [       OK ] PollDoesNotResurrectTest.ACommandedPowerOffSurvivesTheNextPollThatStillListsTheSwitch (1 ms)
2026-09-27T16:01:45.9497279Z [ RUN      ] PollDoesNotResurrectTest.EveryLaterPollDeclinesToo
2026-09-27T16:01:45.9519644Z [       OK ] PollDoesNotResurrectTest.EveryLaterPollDeclinesToo (2 ms)
2026-09-27T16:01:45.9520682Z [ RUN      ] PollDoesNotResurrectTest.DiscoveryStillEnablesACommandedOffSwitch
2026-09-27T16:01:45.9535832Z [       OK ] PollDoesNotResurrectTest.DiscoveryStillEnablesACommandedOffSwitch (1 ms)
2026-09-27T16:01:45.9536529Z [ RUN      ] PollDoesNotResurrectTest.DiscoveryStillMarksAnUncommandedSwitchUp
2026-09-27T16:01:45.9550387Z [       OK ] PollDoesNotResurrectTest.DiscoveryStillMarksAnUncommandedSwitchUp (1 ms)
2026-09-27T16:01:45.9551097Z [ RUN      ] PollDoesNotResurrectTest.APowerOnLetsDiscoveryLiftTheSwitchAgain
2026-09-27T16:01:45.9565585Z [       OK ] PollDoesNotResurrectTest.APowerOnLetsDiscoveryLiftTheSwitchAgain (1 ms)
2026-09-27T16:01:45.9566306Z [ RUN      ] PollDoesNotResurrectTest.TheLivenessWorkersUpDoesNotWithdrawTheCommand
2026-09-27T16:01:45.9580211Z [       OK ] PollDoesNotResurrectTest.TheLivenessWorkersUpDoesNotWithdrawTheCommand (1 ms)
2026-09-27T16:01:45.9580982Z [ RUN      ] PollDoesNotResurrectTest.PowerOffActuatesEvenWhenTheGraphAlreadySaysDown
2026-09-27T16:01:45.9595824Z [       OK ] PollDoesNotResurrectTest.PowerOffActuatesEvenWhenTheGraphAlreadySaysDown (1 ms)
2026-09-27T16:01:45.9596615Z [ RUN      ] PollDoesNotResurrectTest.PowerOnActuatesWhenACommandedOffIsStillStanding
2026-09-27T16:01:45.9617490Z [       OK ] PollDoesNotResurrectTest.PowerOnActuatesWhenACommandedOffIsStillStanding (2 ms)
2026-09-27T16:01:45.9618522Z [ RUN      ] PollDoesNotResurrectTest.AnAlreadyUpUncommandedPowerOnStillRunsNoCommands
2026-09-27T16:01:45.9632505Z [       OK ] PollDoesNotResurrectTest.AnAlreadyUpUncommandedPowerOnStillRunsNoCommands (1 ms)
2026-09-27T16:01:45.9633191Z [ RUN      ] PollDoesNotResurrectTest.AnOvsPowerOffAlsoSurvivesThePoll
2026-09-27T16:01:45.9655632Z [       OK ] PollDoesNotResurrectTest.AnOvsPowerOffAlsoSurvivesThePoll (2 ms)
2026-09-27T16:01:45.9656495Z [ RUN      ] PollDoesNotResurrectTest.ARedundantOvsPowerOffIsStillRecordedAsACommand
2026-09-27T16:01:45.9675499Z [       OK ] PollDoesNotResurrectTest.ARedundantOvsPowerOffIsStillRecordedAsACommand (1 ms)
2026-09-27T16:01:45.9676400Z [ RUN      ] PollDoesNotResurrectTest.TheEmittedVertexShapeCarriesAdminStateAndReachable
2026-09-27T16:01:45.9690775Z [       OK ] PollDoesNotResurrectTest.TheEmittedVertexShapeCarriesAdminStateAndReachable (1 ms)
2026-09-27T16:01:45.9692034Z [----------] 12 tests from PollDoesNotResurrectTest (21 ms total)
2026-09-27T16:01:45.9692479Z 
2026-09-27T16:01:45.9692630Z [----------] 19 tests from DeclaredLinkFailureTest
2026-09-27T16:01:45.9693499Z [ RUN      ] DeclaredLinkFailureTest.ADeclaredLinkFailureSurvivesATopologyPoll
2026-09-27T16:01:46.0119582Z [       OK ] DeclaredLinkFailureTest.ADeclaredLinkFailureSurvivesATopologyPoll (42 ms)
2026-09-27T16:01:46.0120881Z [ RUN      ] DeclaredLinkFailureTest.EveryLaterPollDeclinesTheDeclaredLinkToo
2026-09-27T16:01:46.0546732Z [       OK ] DeclaredLinkFailureTest.EveryLaterPollDeclinesTheDeclaredLinkToo (42 ms)
2026-09-27T16:01:46.0548015Z [ RUN      ] DeclaredLinkFailureTest.APollStillRaisesALinkNobodyDeclaredDown
2026-09-27T16:01:46.0963431Z [       OK ] DeclaredLinkFailureTest.APollStillRaisesALinkNobodyDeclaredDown (41 ms)
2026-09-27T16:01:46.0964736Z [ RUN      ] DeclaredLinkFailureTest.ALinkThatCameBackInRyuIsRaisedAgainAfterRecovery
2026-09-27T16:01:46.1383326Z [       OK ] DeclaredLinkFailureTest.ALinkThatCameBackInRyuIsRaisedAgainAfterRecovery (41 ms)
2026-09-27T16:01:46.1384796Z [ RUN      ] DeclaredLinkFailureTest.ADeclaredRecoveryLetsThePollRaiseTheEdgeAgain
2026-09-27T16:01:46.1803086Z [       OK ] DeclaredLinkFailureTest.ADeclaredRecoveryLetsThePollRaiseTheEdgeAgain (41 ms)
2026-09-27T16:01:46.1804694Z [ RUN      ] DeclaredLinkFailureTest.ADeclaredDownEdgeIsStillAdministrativelyEnabled
2026-09-27T16:01:46.2219119Z [       OK ] DeclaredLinkFailureTest.ADeclaredDownEdgeIsStillAdministrativelyEnabled (41 ms)
2026-09-27T16:01:46.2220355Z [ RUN      ] DeclaredLinkFailureTest.ADerivedDownEdgeIsStillRaisedWhenTheSwitchComesBack
2026-09-27T16:01:46.2640546Z [       OK ] DeclaredLinkFailureTest.ADerivedDownEdgeIsStillRaisedWhenTheSwitchComesBack (42 ms)
2026-09-27T16:01:46.2642719Z [ RUN      ] DeclaredLinkFailureTest.ObservationWritersNeitherSetNorClearTheDeclaration
2026-09-27T16:01:46.3055053Z [       OK ] DeclaredLinkFailureTest.ObservationWritersNeitherSetNorClearTheDeclaration (41 ms)
2026-09-27T16:01:46.3056228Z [ RUN      ] DeclaredLinkFailureTest.ADeclaredEdgeBehindADeadSwitchStillReadsDeclared
2026-09-27T16:01:46.3474944Z [       OK ] DeclaredLinkFailureTest.ADeclaredEdgeBehindADeadSwitchStillReadsDeclared (41 ms)
2026-09-27T16:01:46.3476132Z [ RUN      ] DeclaredLinkFailureTest.ARediscoveryDoesNotWithdrawADeclarationNothingReportedBroken
2026-09-27T16:01:46.3889830Z [       OK ] DeclaredLinkFailureTest.ARediscoveryDoesNotWithdrawADeclarationNothingReportedBroken (41 ms)
2026-09-27T16:01:46.3890989Z [ RUN      ] DeclaredLinkFailureTest.AReportedFailureIsWithdrawnByItsMatchingRecovery
2026-09-27T16:01:46.4307887Z [       OK ] DeclaredLinkFailureTest.AReportedFailureIsWithdrawnByItsMatchingRecovery (41 ms)
2026-09-27T16:01:46.4309049Z [ RUN      ] DeclaredLinkFailureTest.ARecoveryReportIsSpentAndDoesNotWithdrawTheNextDeclaration
2026-09-27T16:01:46.4723686Z [       OK ] DeclaredLinkFailureTest.ARecoveryReportIsSpentAndDoesNotWithdrawTheNextDeclaration (41 ms)
2026-09-27T16:01:46.4725176Z [ RUN      ] DeclaredLinkFailureTest.ARecoveryStillRaisesAnEdgeNobodyDeclaredDown
2026-09-27T16:01:46.5141883Z [       OK ] DeclaredLinkFailureTest.ARecoveryStillRaisesAnEdgeNobodyDeclaredDown (41 ms)
2026-09-27T16:01:46.5143296Z [ RUN      ] DeclaredLinkFailureTest.TheInjectionWithdrawalNeedsNoReportToPairWith
2026-09-27T16:01:46.5558172Z [       OK ] DeclaredLinkFailureTest.TheInjectionWithdrawalNeedsNoReportToPairWith (41 ms)
2026-09-27T16:01:46.5559466Z [ RUN      ] DeclaredLinkFailureTest.TheInjectionWithdrawalAlsoSpendsAStandingReport
2026-09-27T16:01:46.5974307Z [       OK ] DeclaredLinkFailureTest.TheInjectionWithdrawalAlsoSpendsAStandingReport (41 ms)
2026-09-27T16:01:46.5975699Z [ RUN      ] DeclaredLinkFailureTest.ObservationWritersNeitherSetNorClearTheFailureReport
2026-09-27T16:01:46.6395534Z [       OK ] DeclaredLinkFailureTest.ObservationWritersNeitherSetNorClearTheFailureReport (42 ms)
2026-09-27T16:01:46.6396893Z [ RUN      ] DeclaredLinkFailureTest.AReportedFailureStillSurvivesATopologyPoll
2026-09-27T16:01:46.6813110Z [       OK ] DeclaredLinkFailureTest.AReportedFailureStillSurvivesATopologyPoll (41 ms)
2026-09-27T16:01:46.6814494Z [ RUN      ] DeclaredLinkFailureTest.ThePollPointsAnInjectedDeclarationAtTheInjectionEndpoint
2026-09-27T16:01:46.7234068Z [       OK ] DeclaredLinkFailureTest.ThePollPointsAnInjectedDeclarationAtTheInjectionEndpoint (42 ms)
2026-09-27T16:01:46.7235604Z [ RUN      ] DeclaredLinkFailureTest.ThePollStillPointsAReportedFailureAtTheNotificationEndpoint
2026-09-27T16:01:46.7652581Z [       OK ] DeclaredLinkFailureTest.ThePollStillPointsAReportedFailureAtTheNotificationEndpoint (41 ms)
2026-09-27T16:01:46.7654425Z [----------] 19 tests from DeclaredLinkFailureTest (795 ms total)
2026-09-27T16:01:46.7654890Z 
2026-09-27T16:01:46.7655123Z [----------] 70 tests from TopologyInputValidationTest
2026-09-27T16:01:46.7655964Z [ RUN      ] TopologyInputValidationTest.AnEdgeNamingADpidNoSwitchHasIsRefused
2026-09-27T16:01:46.7722045Z [       OK ] TopologyInputValidationTest.AnEdgeNamingADpidNoSwitchHasIsRefused (6 ms)
2026-09-27T16:01:46.7723326Z [ RUN      ] TopologyInputValidationTest.TheRefusalNamesTheDpidThatMatchedNothing
2026-09-27T16:01:46.7789609Z [       OK ] TopologyInputValidationTest.TheRefusalNamesTheDpidThatMatchedNothing (6 ms)
2026-09-27T16:01:46.7790890Z [ RUN      ] TopologyInputValidationTest.AGhostDpidEdgeLeavesNoPartiallyLoadedGraph
2026-09-27T16:01:46.7858040Z [       OK ] TopologyInputValidationTest.AGhostDpidEdgeLeavesNoPartiallyLoadedGraph (6 ms)
2026-09-27T16:01:46.7859341Z [ RUN      ] TopologyInputValidationTest.AHostEdgeWhoseAddressMatchesNoNodeIsRefused
2026-09-27T16:01:46.7925102Z [       OK ] TopologyInputValidationTest.AHostEdgeWhoseAddressMatchesNoNodeIsRefused (6 ms)
2026-09-27T16:01:46.7925994Z [ RUN      ] TopologyInputValidationTest.AZeroInterfaceOnTheSwitchSideIsRefused
2026-09-27T16:01:46.7983589Z [       OK ] TopologyInputValidationTest.AZeroInterfaceOnTheSwitchSideIsRefused (5 ms)
2026-09-27T16:01:46.7984379Z [ RUN      ] TopologyInputValidationTest.ASixDigitInterfaceIsRefused
2026-09-27T16:01:46.8041915Z [       OK ] TopologyInputValidationTest.ASixDigitInterfaceIsRefused (5 ms)
2026-09-27T16:01:46.8042969Z [ RUN      ] TopologyInputValidationTest.TheRefusalNamesTheInterfaceThatWasOutOfRange
2026-09-27T16:01:46.8100761Z [       OK ] TopologyInputValidationTest.TheRefusalNamesTheInterfaceThatWasOutOfRange (5 ms)
2026-09-27T16:01:46.8101555Z [ RUN      ] TopologyInputValidationTest.ADestinationInterfaceIsCheckedToo
2026-09-27T16:01:46.8159401Z [       OK ] TopologyInputValidationTest.ADestinationInterfaceIsCheckedToo (5 ms)
2026-09-27T16:01:46.8160134Z [ RUN      ] TopologyInputValidationTest.TheLargestInRangeInterfaceIsAccepted
2026-09-27T16:01:46.8239764Z [       OK ] TopologyInputValidationTest.TheLargestInRangeInterfaceIsAccepted (7 ms)
2026-09-27T16:01:46.8240497Z [ RUN      ] TopologyInputValidationTest.OneAboveTheLargestInRangeInterfaceIsRefused
2026-09-27T16:01:46.8299859Z [       OK ] TopologyInputValidationTest.OneAboveTheLargestInRangeInterfaceIsRefused (5 ms)
2026-09-27T16:01:46.8301514Z [ RUN      ] TopologyInputValidationTest.TheSmallestInRangeSwitchInterfaceIsAccepted
2026-09-27T16:01:46.8381325Z [       OK ] TopologyInputValidationTest.TheSmallestInRangeSwitchInterfaceIsAccepted (8 ms)
2026-09-27T16:01:46.8382917Z [ RUN      ] TopologyInputValidationTest.AZeroInterfaceOnTheHostSideIsStillAccepted
2026-09-27T16:01:46.8462767Z [       OK ] TopologyInputValidationTest.AZeroInterfaceOnTheHostSideIsStillAccepted (8 ms)
2026-09-27T16:01:46.8464152Z [ RUN      ] TopologyInputValidationTest.EveryShippedTopologyStillLoadsWithNothingDropped
2026-09-27T16:01:47.1837637Z [       OK ] TopologyInputValidationTest.EveryShippedTopologyStillLoadsWithNothingDropped (337 ms)
2026-09-27T16:01:47.1839192Z [ RUN      ] TopologyInputValidationTest.TheTwoMininetCapableTopologiesStillLoadInMininetMode
2026-09-27T16:01:47.2015370Z [       OK ] TopologyInputValidationTest.TheTwoMininetCapableTopologiesStillLoadInMininetMode (17 ms)
2026-09-27T16:01:47.2016904Z [ RUN      ] TopologyInputValidationTest.AMalformedSwitchKindLeavesNoPartiallyLoadedGraph
2026-09-27T16:01:47.2075371Z [       OK ] TopologyInputValidationTest.AMalformedSwitchKindLeavesNoPartiallyLoadedGraph (6 ms)
2026-09-27T16:01:47.2076798Z [ RUN      ] TopologyInputValidationTest.AnAddresslessSwitchLeavesNoPartiallyLoadedGraph
2026-09-27T16:01:47.2134230Z [       OK ] TopologyInputValidationTest.AnAddresslessSwitchLeavesNoPartiallyLoadedGraph (5 ms)
2026-09-27T16:01:47.2135729Z [ RUN      ] TopologyInputValidationTest.AMissingBridgeNameInMininetLeavesNoPartiallyLoadedGraph
2026-09-27T16:01:47.2193310Z [       OK ] TopologyInputValidationTest.AMissingBridgeNameInMininetLeavesNoPartiallyLoadedGraph (5 ms)
2026-09-27T16:01:47.2194751Z [ RUN      ] TopologyInputValidationTest.AMissingBridgeNameIsNotCheckedInTestbedMode
2026-09-27T16:01:47.2274500Z [       OK ] TopologyInputValidationTest.AMissingBridgeNameIsNotCheckedInTestbedMode (8 ms)
2026-09-27T16:01:47.2275808Z [ RUN      ] TopologyInputValidationTest.AnOutOfRangeEcmpPortIdIsRefusedAtLoad
2026-09-27T16:01:47.2334071Z [       OK ] TopologyInputValidationTest.AnOutOfRangeEcmpPortIdIsRefusedAtLoad (5 ms)
2026-09-27T16:01:47.2335203Z [ RUN      ] TopologyInputValidationTest.AZeroEcmpPortIdIsRefusedAtLoad
2026-09-27T16:01:47.2392990Z [       OK ] TopologyInputValidationTest.AZeroEcmpPortIdIsRefusedAtLoad (5 ms)
2026-09-27T16:01:47.2394091Z [ RUN      ] TopologyInputValidationTest.ANegativeEcmpPortIdIsRefusedAtLoad
2026-09-27T16:01:47.2454455Z [       OK ] TopologyInputValidationTest.ANegativeEcmpPortIdIsRefusedAtLoad (5 ms)
2026-09-27T16:01:47.2455696Z [ RUN      ] TopologyInputValidationTest.TheLargestInRangeEcmpPortIdIsAccepted
2026-09-27T16:01:47.2535525Z [       OK ] TopologyInputValidationTest.TheLargestInRangeEcmpPortIdIsAccepted (8 ms)
2026-09-27T16:01:47.2536660Z [ RUN      ] TopologyInputValidationTest.FromJsonHasNoProductionCallers
2026-09-27T16:01:47.2617421Z [       OK ] TopologyInputValidationTest.FromJsonHasNoProductionCallers (8 ms)
2026-09-27T16:01:47.2618623Z [ RUN      ] TopologyInputValidationTest.AnAddresslessHostLeavesNoPartiallyLoadedGraph
2026-09-27T16:01:47.2678615Z [       OK ] TopologyInputValidationTest.AnAddresslessHostLeavesNoPartiallyLoadedGraph (6 ms)
2026-09-27T16:01:47.2679531Z [ RUN      ] TopologyInputValidationTest.TheAddresslessHostRefusalNamesTheHost
2026-09-27T16:01:47.2737479Z [       OK ] TopologyInputValidationTest.TheAddresslessHostRefusalNamesTheHost (5 ms)
2026-09-27T16:01:47.2738421Z [ RUN      ] TopologyInputValidationTest.AnExistingHostLosingItsAddressNowNamesTheHostNotTheEdge
2026-09-27T16:01:47.2796091Z [       OK ] TopologyInputValidationTest.AnExistingHostLosingItsAddressNowNamesTheHostNotTheEdge (5 ms)
2026-09-27T16:01:47.2797082Z [ RUN      ] TopologyInputValidationTest.AHostWithNoIpKeyAtAllIsRefusedInPlainLanguage
2026-09-27T16:01:47.2854038Z [       OK ] TopologyInputValidationTest.AHostWithNoIpKeyAtAllIsRefusedInPlainLanguage (5 ms)
2026-09-27T16:01:47.2854985Z [ RUN      ] TopologyInputValidationTest.AHostWhoseIpIsNotAnArrayIsRefusedInPlainLanguage
2026-09-27T16:01:47.2912471Z [       OK ] TopologyInputValidationTest.AHostWhoseIpIsNotAnArrayIsRefusedInPlainLanguage (5 ms)
2026-09-27T16:01:47.2913422Z [ RUN      ] TopologyInputValidationTest.AnUnknownBrandNameLeavesNoPartiallyLoadedGraph
2026-09-27T16:01:47.2969993Z [       OK ] TopologyInputValidationTest.AnUnknownBrandNameLeavesNoPartiallyLoadedGraph (5 ms)
2026-09-27T16:01:47.2970918Z [ RUN      ] TopologyInputValidationTest.AFabricEntirelyOfAnUnknownBrandIsStillRefused
2026-09-27T16:01:47.3025776Z [       OK ] TopologyInputValidationTest.AFabricEntirelyOfAnUnknownBrandIsStillRefused (5 ms)
2026-09-27T16:01:47.3026657Z [ RUN      ] TopologyInputValidationTest.TheUnknownBrandRefusalNamesTheBrandAndTheAcceptedOnes
2026-09-27T16:01:47.3083847Z [       OK ] TopologyInputValidationTest.TheUnknownBrandRefusalNamesTheBrandAndTheAcceptedOnes (5 ms)
2026-09-27T16:01:47.3084925Z [ RUN      ] TopologyInputValidationTest.TheUnknownBrandRefusalDoesNotSuggestAllowingMixedDataPlanes
2026-09-27T16:01:47.3141121Z [       OK ] TopologyInputValidationTest.TheUnknownBrandRefusalDoesNotSuggestAllowingMixedDataPlanes (5 ms)
2026-09-27T16:01:47.3142336Z [ RUN      ] TopologyInputValidationTest.ASwitchWithNoBrandNameIsRefusedInPlainLanguage
2026-09-27T16:01:47.3198535Z [       OK ] TopologyInputValidationTest.ASwitchWithNoBrandNameIsRefusedInPlainLanguage (5 ms)
2026-09-27T16:01:47.3199544Z [ RUN      ] TopologyInputValidationTest.EveryBrandTheShippedFleetNamesIsAccepted
2026-09-27T16:01:47.5316400Z [       OK ] TopologyInputValidationTest.EveryBrandTheShippedFleetNamesIsAccepted (211 ms)
2026-09-27T16:01:47.5318092Z [ RUN      ] TopologyInputValidationTest.AHostBrandNameIsNotChecked
2026-09-27T16:01:47.5397465Z [       OK ] TopologyInputValidationTest.AHostBrandNameIsNotChecked (8 ms)
2026-09-27T16:01:47.5398736Z [ RUN      ] TopologyInputValidationTest.TheAcceptedBrandListCoversEveryBrandTheCodeBranchesOn
2026-09-27T16:01:47.5420276Z [       OK ] TopologyInputValidationTest.TheAcceptedBrandListCoversEveryBrandTheCodeBranchesOn (2 ms)
2026-09-27T16:01:47.5421325Z [ RUN      ] TopologyInputValidationTest.AnUnknownBrandWithAnExplicitSwitchKindIsAccepted
2026-09-27T16:01:47.5503410Z [       OK ] TopologyInputValidationTest.AnUnknownBrandWithAnExplicitSwitchKindIsAccepted (8 ms)
2026-09-27T16:01:47.5504931Z [ RUN      ] TopologyInputValidationTest.TheExemptedSwitchIsMarkedAsHavingNoPowerOrTelemetryPath
2026-09-27T16:01:47.5586553Z [       OK ] TopologyInputValidationTest.TheExemptedSwitchIsMarkedAsHavingNoPowerOrTelemetryPath (8 ms)
2026-09-27T16:01:47.5588118Z [ RUN      ] TopologyInputValidationTest.TheExemptionIsPerNodeAndDoesNotUnmarkItsNeighbours
2026-09-27T16:01:47.5668409Z [       OK ] TopologyInputValidationTest.TheExemptionIsPerNodeAndDoesNotUnmarkItsNeighbours (8 ms)
2026-09-27T16:01:47.5669865Z [ RUN      ] TopologyInputValidationTest.EveryAcceptedBrandCarriesAPowerPathThatIsNotNone
2026-09-27T16:01:47.6067556Z [       OK ] TopologyInputValidationTest.EveryAcceptedBrandCarriesAPowerPathThatIsNotNone (39 ms)
2026-09-27T16:01:47.6069065Z [ RUN      ] TopologyInputValidationTest.TheStaticTopologyEndpointPublishesTheUnmanagedMark
2026-09-27T16:01:47.6168556Z [       OK ] TopologyInputValidationTest.TheStaticTopologyEndpointPublishesTheUnmanagedMark (10 ms)
2026-09-27T16:01:47.6170088Z [ RUN      ] TopologyInputValidationTest.TheUnknownBrandRefusalSaysHowToModelAnUnsupportedSwitch
2026-09-27T16:01:47.6228795Z [       OK ] TopologyInputValidationTest.TheUnknownBrandRefusalSaysHowToModelAnUnsupportedSwitch (5 ms)
2026-09-27T16:01:47.6230280Z [ RUN      ] TopologyInputValidationTest.ASwitchWithASwitchKindStillNeedsABrandName
2026-09-27T16:01:47.6287831Z [       OK ] TopologyInputValidationTest.ASwitchWithASwitchKindStillNeedsABrandName (5 ms)
2026-09-27T16:01:47.6289220Z [ RUN      ] TopologyInputValidationTest.AnUnknownBrandWithAMalformedSwitchKindIsStillRefused
2026-09-27T16:01:47.6348165Z [       OK ] TopologyInputValidationTest.AnUnknownBrandWithAMalformedSwitchKindIsStillRefused (5 ms)
2026-09-27T16:01:47.6349557Z [ RUN      ] TopologyInputValidationTest.AMixedDataPlaneTopologyIsRefusedAtLoad
2026-09-27T16:01:47.6408922Z [       OK ] TopologyInputValidationTest.AMixedDataPlaneTopologyIsRefusedAtLoad (6 ms)
2026-09-27T16:01:47.6410350Z [ RUN      ] TopologyInputValidationTest.TheMixedDataPlaneRefusalNamesBothPlanesAndTheirDpids
2026-09-27T16:01:47.6469556Z [       OK ] TopologyInputValidationTest.TheMixedDataPlaneRefusalNamesBothPlanesAndTheirDpids (6 ms)
2026-09-27T16:01:47.6470985Z [ RUN      ] TopologyInputValidationTest.AMixedDataPlaneTopologyLoadsWhenTheFlagIsSet
2026-09-27T16:01:47.6551071Z [       OK ] TopologyInputValidationTest.AMixedDataPlaneTopologyLoadsWhenTheFlagIsSet (8 ms)
2026-09-27T16:01:47.6552655Z [ RUN      ] TopologyInputValidationTest.ASwitchlessTopologyIsRefusedAtLoad
2026-09-27T16:01:47.6581071Z [       OK ] TopologyInputValidationTest.ASwitchlessTopologyIsRefusedAtLoad (3 ms)
2026-09-27T16:01:47.6582581Z [ RUN      ] TopologyInputValidationTest.TheSwitchlessRefusalNamesTheFileAndWhatIsMissing
2026-09-27T16:01:47.6610696Z [       OK ] TopologyInputValidationTest.TheSwitchlessRefusalNamesTheFileAndWhatIsMissing (2 ms)
2026-09-27T16:01:47.6612426Z [ RUN      ] TopologyInputValidationTest.ASwitchlessTopologyIsRefusedEvenWithTheMixedPlaneOptIn
2026-09-27T16:01:47.6640397Z [       OK ] TopologyInputValidationTest.ASwitchlessTopologyIsRefusedEvenWithTheMixedPlaneOptIn (2 ms)
2026-09-27T16:01:47.6642080Z [ RUN      ] TopologyInputValidationTest.AHostWithMoreThanOneAddressStillLoads
2026-09-27T16:01:47.6721990Z [       OK ] TopologyInputValidationTest.AHostWithMoreThanOneAddressStillLoads (8 ms)
2026-09-27T16:01:47.6723540Z [ RUN      ] TopologyInputValidationTest.AZeroLinkBandwidthIsRefusedAtLoad
2026-09-27T16:01:47.6790638Z [       OK ] TopologyInputValidationTest.AZeroLinkBandwidthIsRefusedAtLoad (6 ms)
2026-09-27T16:01:47.6792351Z [ RUN      ] TopologyInputValidationTest.TheZeroBandwidthRefusalNamesTheFieldAndIsNotAnExceptionClass
2026-09-27T16:01:47.6860759Z [       OK ] TopologyInputValidationTest.TheZeroBandwidthRefusalNamesTheFieldAndIsNotAnExceptionClass (6 ms)
2026-09-27T16:01:47.6862621Z [ RUN      ] TopologyInputValidationTest.ANegativeLinkBandwidthIsRefusedAtLoad
2026-09-27T16:01:47.6930339Z [       OK ] TopologyInputValidationTest.ANegativeLinkBandwidthIsRefusedAtLoad (6 ms)
2026-09-27T16:01:47.6931607Z [ RUN      ] TopologyInputValidationTest.AMissingLinkBandwidthIsRefusedInPlainLanguage
2026-09-27T16:01:47.6999553Z [       OK ] TopologyInputValidationTest.AMissingLinkBandwidthIsRefusedInPlainLanguage (6 ms)
2026-09-27T16:01:47.7001057Z [ RUN      ] TopologyInputValidationTest.ALinkBandwidthWrittenAsAStringIsRefusedInPlainLanguage
2026-09-27T16:01:47.7068951Z [       OK ] TopologyInputValidationTest.ALinkBandwidthWrittenAsAStringIsRefusedInPlainLanguage (6 ms)
2026-09-27T16:01:47.7070372Z [ RUN      ] TopologyInputValidationTest.TheSmallestPositiveLinkBandwidthIsAccepted
2026-09-27T16:01:47.7151137Z [       OK ] TopologyInputValidationTest.TheSmallestPositiveLinkBandwidthIsAccepted (8 ms)
2026-09-27T16:01:47.7152633Z [ RUN      ] TopologyInputValidationTest.AVertexTypeOutsideTheEnumIsRefusedAtLoad
2026-09-27T16:01:47.7329595Z [       OK ] TopologyInputValidationTest.AVertexTypeOutsideTheEnumIsRefusedAtLoad (17 ms)
2026-09-27T16:01:47.7330700Z [ RUN      ] TopologyInputValidationTest.TheVertexTypeRefusalUsesTheSameSentenceAsTheApi
2026-09-27T16:01:47.7388918Z [       OK ] TopologyInputValidationTest.TheVertexTypeRefusalUsesTheSameSentenceAsTheApi (5 ms)
2026-09-27T16:01:47.7390062Z [ RUN      ] TopologyInputValidationTest.AMissingVertexTypeIsRefusedInPlainLanguage
2026-09-27T16:01:47.7446724Z [       OK ] TopologyInputValidationTest.AMissingVertexTypeIsRefusedInPlainLanguage (5 ms)
2026-09-27T16:01:47.7447968Z [ RUN      ] TopologyInputValidationTest.AVertexTypeWrittenAsAStringIsRefusedInPlainLanguage
2026-09-27T16:01:47.7505132Z [       OK ] TopologyInputValidationTest.AVertexTypeWrittenAsAStringIsRefusedInPlainLanguage (5 ms)
2026-09-27T16:01:47.7506407Z [ RUN      ] TopologyInputValidationTest.ASwitchWithNoIpKeyAtAllIsRefusedInPlainLanguage
2026-09-27T16:01:47.7562767Z [       OK ] TopologyInputValidationTest.ASwitchWithNoIpKeyAtAllIsRefusedInPlainLanguage (5 ms)
2026-09-27T16:01:47.7563906Z [ RUN      ] TopologyInputValidationTest.AHostWithNoIpKeyIsStillNamedAsAHost
2026-09-27T16:01:47.7620451Z [       OK ] TopologyInputValidationTest.AHostWithNoIpKeyIsStillNamedAsAHost (5 ms)
2026-09-27T16:01:47.7622066Z [ RUN      ] TopologyInputValidationTest.ASwitchWhoseIpIsNotAnArrayIsRefusedInPlainLanguage
2026-09-27T16:01:47.7678766Z [       OK ] TopologyInputValidationTest.ASwitchWhoseIpIsNotAnArrayIsRefusedInPlainLanguage (5 ms)
2026-09-27T16:01:47.7679987Z [ RUN      ] TopologyInputValidationTest.ASecondNodeClaimingAnExistingAddressIsRefused
2026-09-27T16:01:47.7738367Z [       OK ] TopologyInputValidationTest.ASecondNodeClaimingAnExistingAddressIsRefused (5 ms)
2026-09-27T16:01:47.7739633Z [ RUN      ] TopologyInputValidationTest.TheDuplicateAddressRefusalNamesBothNodes
2026-09-27T16:01:47.7797281Z [       OK ] TopologyInputValidationTest.TheDuplicateAddressRefusalNamesBothNodes (5 ms)
2026-09-27T16:01:47.7798549Z [ RUN      ] TopologyInputValidationTest.ANodeAddressThatIsNotADottedQuadIsRefused
2026-09-27T16:01:47.7856864Z [       OK ] TopologyInputValidationTest.ANodeAddressThatIsNotADottedQuadIsRefused (5 ms)
2026-09-27T16:01:47.7858056Z [ RUN      ] TopologyInputValidationTest.TheLooseAddressRefusalNamesBothSpellings
2026-09-27T16:01:47.7915896Z [       OK ] TopologyInputValidationTest.TheLooseAddressRefusalNamesBothSpellings (5 ms)
2026-09-27T16:01:47.7917120Z [ RUN      ] TopologyInputValidationTest.TheMeasuredLooseFormCollisionIsRefused
2026-09-27T16:01:47.7975847Z [       OK ] TopologyInputValidationTest.TheMeasuredLooseFormCollisionIsRefused (5 ms)
2026-09-27T16:01:47.7977352Z [ RUN      ] TopologyInputValidationTest.AnEdgeAddressThatIsNotADottedQuadIsRefused
2026-09-27T16:01:47.8035417Z [       OK ] TopologyInputValidationTest.AnEdgeAddressThatIsNotADottedQuadIsRefused (5 ms)
2026-09-27T16:01:47.8036763Z [----------] 70 tests from TopologyInputValidationTest (1038 ms total)
2026-09-27T16:01:47.8037430Z 
2026-09-27T16:01:47.8037752Z [----------] 5 tests from RefusedIsNotTimeoutTest
2026-09-27T16:01:47.8039090Z [ RUN      ] RefusedIsNotTimeoutTest.ARefusalIsNotDescribedAsATimeout
2026-09-27T16:01:47.8135086Z Command failed (exit code 7): curl -s -w \n%{http_code} --max-time 2 -X POST http://127.0.0.1:38553/submit -H Content-Type: application/json -d {"simulator":"MySimulator","version":"1.0.0","app_id":"1","case_id":"case_123","inputfile":"/srv/nfs/sim/1/case_123.json"}
2026-09-27T16:01:47.8137400Z     502 details would read: connection refused after 0.010s: nothing accepted a connection at http://127.0.0.1:38553/submit (curl exit 7)
2026-09-27T16:01:47.8139139Z [       OK ] RefusedIsNotTimeoutTest.ARefusalIsNotDescribedAsATimeout (9 ms)
2026-09-27T16:01:47.8139768Z [ RUN      ] RefusedIsNotTimeoutTest.AHangIsStillDescribedAsATimeout
2026-09-27T16:01:49.8230751Z Command failed (exit code 28): curl -s -w \n%{http_code} --max-time 2 -X POST http://127.0.0.1:52777/submit -H Content-Type: application/json -d {"simulator":"MySimulator","version":"1.0.0","app_id":"1","case_id":"case_123","inputfile":"/srv/nfs/sim/1/case_123.json"}
2026-09-27T16:01:49.8233449Z     502 details would read: timed out after 2.009s: no reply from http://127.0.0.1:52777/submit within the 2s deadline (curl exit 28)
2026-09-27T16:01:49.8234788Z [       OK ] RefusedIsNotTimeoutTest.AHangIsStillDescribedAsATimeout (2009 ms)
2026-09-27T16:01:49.8235418Z [ RUN      ] RefusedIsNotTimeoutTest.TheTwoFailuresDoNotProduceTheSameSentence
2026-09-27T16:01:49.8297475Z Command failed (exit code 7): curl -s -w \n%{http_code} --max-time 2 -X POST http://127.0.0.1:47675/submit -H Content-Type: application/json -d {"simulator":"MySimulator","version":"1.0.0","app_id":"1","case_id":"case_123","inputfile":"/srv/nfs/sim/1/case_123.json"}
2026-09-27T16:01:49.8299002Z     502 details would read: connection refused after 0.006s: nothing accepted a connection at http://127.0.0.1:47675/submit (curl exit 7)
2026-09-27T16:01:51.8390105Z Command failed (exit code 28): curl -s -w \n%{http_code} --max-time 2 -X POST http://127.0.0.1:48647/submit -H Content-Type: application/json -d {"simulator":"MySimulator","version":"1.0.0","app_id":"1","case_id":"case_123","inputfile":"/srv/nfs/sim/1/case_123.json"}
2026-09-27T16:01:51.8391974Z     502 details would read: timed out after 2.009s: no reply from http://127.0.0.1:48647/submit within the 2s deadline (curl exit 28)
2026-09-27T16:01:51.8394519Z [       OK ] RefusedIsNotTimeoutTest.TheTwoFailuresDoNotProduceTheSameSentence (2016 ms)
2026-09-27T16:01:51.8395325Z [ RUN      ] RefusedIsNotTimeoutTest.TheRefusalCarriesTheDurationThatWasActuallyMeasured
2026-09-27T16:01:51.8463378Z Command failed (exit code 7): curl -s -w \n%{http_code} --max-time 2 -X POST http://127.0.0.1:57577/submit -H Content-Type: application/json -d {"simulator":"MySimulator","version":"1.0.0","app_id":"1","case_id":"case_123","inputfile":"/srv/nfs/sim/1/case_123.json"}
2026-09-27T16:01:51.8464756Z     502 details would read: connection refused after 0.007s: nothing accepted a connection at http://127.0.0.1:57577/submit (curl exit 7)
2026-09-27T16:01:51.8469102Z [       OK ] RefusedIsNotTimeoutTest.TheRefusalCarriesTheDurationThatWasActuallyMeasured (7 ms)
2026-09-27T16:01:51.8469996Z [ RUN      ] RefusedIsNotTimeoutTest.ADroppedConnectionIsNeitherOfTheTwo
2026-09-27T16:01:51.9986908Z Command failed (exit code 56): curl -s -w \n%{http_code} --max-time 2 -X POST http://127.0.0.1:34385/submit -H Content-Type: application/json -d {"simulator":"MySimulator","version":"1.0.0","app_id":"1","case_id":"case_123","inputfile":"/srv/nfs/sim/1/case_123.json"}
2026-09-27T16:01:51.9991176Z     502 details would read: connection reset after 0.152s by http://127.0.0.1:34385/submit (curl exit 56)
2026-09-27T16:01:51.9992576Z [       OK ] RefusedIsNotTimeoutTest.ADroppedConnectionIsNeitherOfTheTwo (151 ms)
2026-09-27T16:01:51.9993468Z [----------] 5 tests from RefusedIsNotTimeoutTest (4195 ms total)
2026-09-27T16:01:51.9993907Z 
2026-09-27T16:01:51.9994147Z [----------] 7 tests from KernelStopIsBoundedTest
2026-09-27T16:01:51.9994854Z [ RUN      ] KernelStopIsBoundedTest.TheInstrumentReallyWedgesACurl
2026-09-27T16:01:53.0072912Z Command failed (exit code 28): curl -s --max-time 1 http://127.0.0.1:43253/v1.0/topology/switches
2026-09-27T16:01:53.0073777Z [       OK ] KernelStopIsBoundedTest.TheInstrumentReallyWedgesACurl (1008 ms)
2026-09-27T16:01:53.0074541Z [ RUN      ] KernelStopIsBoundedTest.AFlowTablePollCaughtMidRoundStopsWithinTheBound
2026-09-27T16:01:53.0288178Z [       OK ] KernelStopIsBoundedTest.AFlowTablePollCaughtMidRoundStopsWithinTheBound (21 ms)
2026-09-27T16:01:53.0289607Z [ RUN      ] KernelStopIsBoundedTest.ATopologyPollBlockedInItsHttpCallReturnsWithinTheBound
2026-09-27T16:01:53.0502401Z [       OK ] KernelStopIsBoundedTest.ATopologyPollBlockedInItsHttpCallReturnsWithinTheBound (21 ms)
2026-09-27T16:01:53.0503947Z [ RUN      ] KernelStopIsBoundedTest.TheOverBoundReportNamesTheWorkerAndTheSubsystem
2026-09-27T16:01:53.0504965Z [       OK ] KernelStopIsBoundedTest.TheOverBoundReportNamesTheWorkerAndTheSubsystem (0 ms)
2026-09-27T16:01:53.0506471Z [ RUN      ] KernelStopIsBoundedTest.TheMonitorsOverBoundReportNamesItsOwnWorker
2026-09-27T16:01:53.0507610Z [       OK ] KernelStopIsBoundedTest.TheMonitorsOverBoundReportNamesItsOwnWorker (0 ms)
2026-09-27T16:01:53.0508926Z [ RUN      ] KernelStopIsBoundedTest.TheReportSaysNothingWhenEveryWorkerHasAlreadyFinished
2026-09-27T16:01:53.0510200Z [       OK ] KernelStopIsBoundedTest.TheReportSaysNothingWhenEveryWorkerHasAlreadyFinished (0 ms)
2026-09-27T16:01:53.0511129Z [ RUN      ] KernelStopIsBoundedTest.StoppingTwiceAndStoppingWhatNeverRanAreBothImmediate
2026-09-27T16:01:53.0520843Z [       OK ] KernelStopIsBoundedTest.StoppingTwiceAndStoppingWhatNeverRanAreBothImmediate (1 ms)
2026-09-27T16:01:53.0522137Z [----------] 7 tests from KernelStopIsBoundedTest (1053 ms total)
2026-09-27T16:01:53.0522585Z 
2026-09-27T16:01:53.0522762Z [----------] 20 tests from IsUpSplitTest
2026-09-27T16:01:53.0523952Z [ RUN      ] IsUpSplitTest.AVertexCarriesAdminStateReachableAndTheIsUpAlias
2026-09-27T16:01:53.0525051Z [       OK ] IsUpSplitTest.AVertexCarriesAdminStateReachableAndTheIsUpAlias (0 ms)
2026-09-27T16:01:53.0526114Z [ RUN      ] IsUpSplitTest.TheIsUpAliasEqualsReachableInBothDirections
2026-09-27T16:01:53.0527087Z [       OK ] IsUpSplitTest.TheIsUpAliasEqualsReachableInBothDirections (0 ms)
2026-09-27T16:01:53.0528289Z [ RUN      ] IsUpSplitTest.ACommandedOffSwitchAndACrashedSwitchAreDistinguishableOnTheWire
2026-09-27T16:01:53.0529688Z [       OK ] IsUpSplitTest.ACommandedOffSwitchAndACrashedSwitchAreDistinguishableOnTheWire (0 ms)
2026-09-27T16:01:53.0531027Z [ RUN      ] IsUpSplitTest.ACommandedOffSwitchThatIsReachableAgainReportsBothHonestly
2026-09-27T16:01:53.0532660Z [       OK ] IsUpSplitTest.ACommandedOffSwitchThatIsReachableAgainReportsBothHonestly (0 ms)
2026-09-27T16:01:53.0533851Z [ RUN      ] IsUpSplitTest.FromJsonAcceptsAnOldPayloadThatCarriesOnlyIsUp
2026-09-27T16:01:53.0534967Z [       OK ] IsUpSplitTest.FromJsonAcceptsAnOldPayloadThatCarriesOnlyIsUp (0 ms)
2026-09-27T16:01:53.0536085Z [ RUN      ] IsUpSplitTest.FromJsonReadsReachableAndAdminStateWhenBothArePresent
2026-09-27T16:01:53.0537295Z [       OK ] IsUpSplitTest.FromJsonReadsReachableAndAdminStateWhenBothArePresent (0 ms)
2026-09-27T16:01:53.0538599Z [ RUN      ] IsUpSplitTest.PowerStateEndpointReportsAdminStateAndReachableForEverySwitch
2026-09-27T16:01:53.0539987Z [       OK ] IsUpSplitTest.PowerStateEndpointReportsAdminStateAndReachableForEverySwitch (0 ms)
2026-09-27T16:01:53.0541601Z [ RUN      ] IsUpSplitTest.PowerStateEndpointForOneIpCarriesBothFieldsToo
2026-09-27T16:01:53.0542829Z [       OK ] IsUpSplitTest.PowerStateEndpointForOneIpCarriesBothFieldsToo (0 ms)
2026-09-27T16:01:53.0543809Z [ RUN      ] IsUpSplitTest.TheDistrustWindowDoesNotCloseOnTimeAlone
2026-09-27T16:01:53.0544689Z [       OK ] IsUpSplitTest.TheDistrustWindowDoesNotCloseOnTimeAlone (0 ms)
2026-09-27T16:01:53.0545518Z [ RUN      ] IsUpSplitTest.AProbeTakenAfterTheKillClosesTheWindow
2026-09-27T16:01:53.0546361Z [       OK ] IsUpSplitTest.AProbeTakenAfterTheKillClosesTheWindow (0 ms)
2026-09-27T16:01:53.0547389Z [ RUN      ] IsUpSplitTest.AProbeTakenBeforeTheKillIsNotEvidenceAndDoesNotCloseTheWindow
2026-09-27T16:01:53.0548993Z [       OK ] IsUpSplitTest.AProbeTakenBeforeTheKillIsNotEvidenceAndDoesNotCloseTheWindow (0 ms)
2026-09-27T16:01:53.0549640Z [ RUN      ] IsUpSplitTest.AnUpWithNoProbeTimestampIsNotEvidence
2026-09-27T16:01:53.0550152Z [       OK ] IsUpSplitTest.AnUpWithNoProbeTimestampIsNotEvidence (0 ms)
2026-09-27T16:01:53.0550643Z [ RUN      ] IsUpSplitTest.AnUncommandedSwitchAcceptsEveryLivenessUp
2026-09-27T16:01:53.0551155Z [       OK ] IsUpSplitTest.AnUncommandedSwitchAcceptsEveryLivenessUp (0 ms)
2026-09-27T16:01:53.0551922Z [ RUN      ] IsUpSplitTest.EvidenceIsPerSwitchNotFabricWide
2026-09-27T16:01:53.0552389Z [       OK ] IsUpSplitTest.EvidenceIsPerSwitchNotFabricWide (0 ms)
2026-09-27T16:01:53.0552936Z [ RUN      ] IsUpSplitTest.TheProbeAgeIsReadFromThePayloadAndIsNulloptWhenItCannotBe
2026-09-27T16:01:53.0553596Z [       OK ] IsUpSplitTest.TheProbeAgeIsReadFromThePayloadAndIsNulloptWhenItCannotBe (0 ms)
2026-09-27T16:01:53.0554204Z [ RUN      ] IsUpSplitTest.TheWorkerDeclinesAnUpWhoseProbePredatesTheKill
2026-09-27T16:01:53.0554747Z [       OK ] IsUpSplitTest.TheWorkerDeclinesAnUpWhoseProbePredatesTheKill (0 ms)
2026-09-27T16:01:53.0555285Z [ RUN      ] IsUpSplitTest.TheWorkerAcceptsAFreshUpAndItClosesTheWindow
2026-09-27T16:01:53.0555812Z [       OK ] IsUpSplitTest.TheWorkerAcceptsAFreshUpAndItClosesTheWindow (0 ms)
2026-09-27T16:01:53.0556350Z [ RUN      ] IsUpSplitTest.AStaleUpBecomesUnknownSoTheWorkerWritesNothing
2026-09-27T16:01:53.0556902Z [       OK ] IsUpSplitTest.AStaleUpBecomesUnknownSoTheWorkerWritesNothing (0 ms)
2026-09-27T16:01:53.0557410Z [ RUN      ] IsUpSplitTest.ADownVerdictIsPassedThroughUntouched
2026-09-27T16:01:53.0557861Z [       OK ] IsUpSplitTest.ADownVerdictIsPassedThroughUntouched (0 ms)
2026-09-27T16:01:53.0558587Z [ RUN      ] IsUpSplitTest.TheWorkerAcceptsEveryUpForASwitchItNeverStopped
2026-09-27T16:01:53.0559157Z [       OK ] IsUpSplitTest.TheWorkerAcceptsEveryUpForASwitchItNeverStopped (0 ms)
2026-09-27T16:01:53.0559620Z [----------] 20 tests from IsUpSplitTest (2 ms total)
2026-09-27T16:01:53.0559833Z 
2026-09-27T16:01:53.0559931Z [----------] 14 tests from NoIpSwitchTest
2026-09-27T16:01:53.0560409Z [ RUN      ] NoIpSwitchTest.UpdateSwitchesInventsNoVertexForADpidTheTopologyDoesNotDeclare
2026-09-27T16:01:53.0561148Z [       OK ] NoIpSwitchTest.UpdateSwitchesInventsNoVertexForADpidTheTopologyDoesNotDeclare (0 ms)
2026-09-27T16:01:53.0562114Z [ RUN      ] NoIpSwitchTest.AStatusRoundOverASwitchWithNoAddressDoesNotKillTheProcess
2026-09-27T16:01:53.0664631Z Running main() from /home/runner/work/NDTwin-Kernel-P4/NDTwin-Kernel-P4/build/_deps/googletest-src/googletest/src/gtest_main.cc
2026-09-27T16:01:53.0672807Z [       OK ] NoIpSwitchTest.AStatusRoundOverASwitchWithNoAddressDoesNotKillTheProcess (12 ms)
2026-09-27T16:01:53.0674082Z [ RUN      ] NoIpSwitchTest.ATestbedStatusRoundOverASwitchWithNoAddressDoesNotKillTheProcess
2026-09-27T16:01:53.0792575Z Running main() from /home/runner/work/NDTwin-Kernel-P4/NDTwin-Kernel-P4/build/_deps/googletest-src/googletest/src/gtest_main.cc
2026-09-27T16:01:53.0799830Z [       OK ] NoIpSwitchTest.ATestbedStatusRoundOverASwitchWithNoAddressDoesNotKillTheProcess (12 ms)
2026-09-27T16:01:53.0800840Z [ RUN      ] NoIpSwitchTest.TheAddresslessSwitchKeepsAKeyAtTheDocumentedSentinel
2026-09-27T16:01:53.0802399Z [       OK ] NoIpSwitchTest.TheAddresslessSwitchKeepsAKeyAtTheDocumentedSentinel (0 ms)
2026-09-27T16:01:53.0803062Z [ RUN      ] NoIpSwitchTest.TheSentinelIsNotSomethingAReaderWouldTakeForAMeasurement
2026-09-27T16:01:53.0803743Z [       OK ] NoIpSwitchTest.TheSentinelIsNotSomethingAReaderWouldTakeForAMeasurement (0 ms)
2026-09-27T16:01:53.0804866Z [ RUN      ] NoIpSwitchTest.TheMissingAddressWarnsOncePerEpisodeAndNamesTheDpid
2026-09-27T16:01:53.0805684Z [       OK ] NoIpSwitchTest.TheMissingAddressWarnsOncePerEpisodeAndNamesTheDpid (0 ms)
2026-09-27T16:01:53.0806234Z [ RUN      ] NoIpSwitchTest.ANewEpisodeWarnsAgain
2026-09-27T16:01:53.0806667Z [       OK ] NoIpSwitchTest.ANewEpisodeWarnsAgain (0 ms)
2026-09-27T16:01:53.0807359Z [ RUN      ] NoIpSwitchTest.TestbedPowerReportsTheSentinelForAnAddresslessSwitch
2026-09-27T16:01:53.0808028Z [       OK ] NoIpSwitchTest.TestbedPowerReportsTheSentinelForAnAddresslessSwitch (0 ms)
2026-09-27T16:01:53.0808673Z [ RUN      ] NoIpSwitchTest.MininetPowerStillReportsARealFigureForAnAddresslessSwitch
2026-09-27T16:01:53.0809336Z [       OK ] NoIpSwitchTest.MininetPowerStillReportsARealFigureForAnAddresslessSwitch (0 ms)
2026-09-27T16:01:53.0810307Z [ RUN      ] NoIpSwitchTest.AnAddresslessSwitchDoesNotMatchEveryIpLookup
2026-09-27T16:01:53.0810914Z [       OK ] NoIpSwitchTest.AnAddresslessSwitchDoesNotMatchEveryIpLookup (0 ms)
2026-09-27T16:01:53.0811432Z [ RUN      ] NoIpSwitchTest.AnAddresslessHostDoesNotEndTheTopKReport
2026-09-27T16:01:53.0812363Z [       OK ] NoIpSwitchTest.AnAddresslessHostDoesNotEndTheTopKReport (0 ms)
2026-09-27T16:01:53.0813052Z [ RUN      ] NoIpSwitchTest.ALinkWithAddressesOnBothEndsStillRanks
2026-09-27T16:01:53.0813730Z [       OK ] NoIpSwitchTest.ALinkWithAddressesOnBothEndsStillRanks (0 ms)
2026-09-27T16:01:53.0814303Z [ RUN      ] NoIpSwitchTest.AnEdgeWithNoSourceAddressDoesNotBreakTheWholeScan
2026-09-27T16:01:53.0815154Z [       OK ] NoIpSwitchTest.AnEdgeWithNoSourceAddressDoesNotBreakTheWholeScan (0 ms)
2026-09-27T16:01:53.0816079Z [ RUN      ] NoIpSwitchTest.TheSingleSwitchCpuReportStillMatchesOnTheAddressItHas
2026-09-27T16:01:53.0816844Z [       OK ] NoIpSwitchTest.TheSingleSwitchCpuReportStillMatchesOnTheAddressItHas (0 ms)
2026-09-27T16:01:53.0817349Z [----------] 14 tests from NoIpSwitchTest (27 ms total)
2026-09-27T16:01:53.0817745Z 
2026-09-27T16:01:53.0817864Z [----------] 12 tests from PhantomOvsFixture
2026-09-27T16:01:53.0818291Z [ RUN      ] PhantomOvsFixture.ARyuAcceptanceIsSuccessfulButConfirmsNothing
2026-09-27T16:01:53.0819253Z [       OK ] PhantomOvsFixture.ARyuAcceptanceIsSuccessfulButConfirmsNothing (0 ms)
2026-09-27T16:01:53.0820088Z [ RUN      ] PhantomOvsFixture.AProxySuccessStillConfirmsTheEntry
2026-09-27T16:01:53.0820665Z [       OK ] PhantomOvsFixture.AProxySuccessStillConfirmsTheEntry (0 ms)
2026-09-27T16:01:53.0821158Z [ RUN      ] PhantomOvsFixture.AProxyRefusalConfirmsNothingEither
2026-09-27T16:01:53.0821871Z [       OK ] PhantomOvsFixture.AProxyRefusalConfirmsNothingEither (0 ms)
2026-09-27T16:01:53.0822374Z [ RUN      ] PhantomOvsFixture.TheCountersStillMeanWhatA7SaysTheyMean
2026-09-27T16:01:53.0822878Z [       OK ] PhantomOvsFixture.TheCountersStillMeanWhatA7SaysTheyMean (0 ms)
2026-09-27T16:01:53.0823418Z [ RUN      ] PhantomOvsFixture.AnOvsInstallIsNotServedBeforeAPollObservesIt
2026-09-27T16:01:53.0824322Z [       OK ] PhantomOvsFixture.AnOvsInstallIsNotServedBeforeAPollObservesIt (0 ms)
2026-09-27T16:01:53.0824999Z [ RUN      ] PhantomOvsFixture.TheLegitimateOvsRuleIsWithheldTooBecauseTheRowIsACacheArtefact
2026-09-27T16:01:53.0827546Z [       OK ] PhantomOvsFixture.TheLegitimateOvsRuleIsWithheldTooBecauseTheRowIsACacheArtefact (0 ms)
2026-09-27T16:01:53.0828234Z [ RUN      ] PhantomOvsFixture.AConfirmedP4InstallIsStillServedImmediately
2026-09-27T16:01:53.0830204Z [       OK ] PhantomOvsFixture.AConfirmedP4InstallIsStillServedImmediately (0 ms)
2026-09-27T16:01:53.0830710Z [ RUN      ] PhantomOvsFixture.AP4RefusalIsStillWithheld
2026-09-27T16:01:53.0833280Z [       OK ] PhantomOvsFixture.AP4RefusalIsStillWithheld (0 ms)
2026-09-27T16:01:53.0833753Z [ RUN      ] PhantomOvsFixture.PolledRowsAreNeverWithheldOnEitherPlane
2026-09-27T16:01:53.0834774Z [       OK ] PhantomOvsFixture.PolledRowsAreNeverWithheldOnEitherPlane (0 ms)
2026-09-27T16:01:53.0835272Z [ RUN      ] PhantomOvsFixture.TheViewSaysItIsWithholdingRows
2026-09-27T16:01:53.0837589Z [       OK ] PhantomOvsFixture.TheViewSaysItIsWithholdingRows (0 ms)
2026-09-27T16:01:53.0838096Z [ RUN      ] PhantomOvsFixture.TheViewDoesNotClaimToWithholdWhatItServed
2026-09-27T16:01:53.0840606Z [       OK ] PhantomOvsFixture.TheViewDoesNotClaimToWithholdWhatItServed (0 ms)
2026-09-27T16:01:53.0841299Z [ RUN      ] PhantomOvsFixture.TheDispatchSaysWhyAnAcceptedEntryIsStillWithheld
2026-09-27T16:01:53.0864044Z [       OK ] PhantomOvsFixture.TheDispatchSaysWhyAnAcceptedEntryIsStillWithheld (2 ms)
2026-09-27T16:01:53.0864670Z [----------] 12 tests from PhantomOvsFixture (4 ms total)
2026-09-27T16:01:53.0864924Z 
2026-09-27T16:01:53.0865057Z [----------] 17 tests from NicknamePersistenceTest
2026-09-27T16:01:53.0865549Z [ RUN      ] NicknamePersistenceTest.AModifyNicknameLeavesTheTopologyFileByteIdentical
2026-09-27T16:01:53.0930618Z [       OK ] NicknamePersistenceTest.AModifyNicknameLeavesTheTopologyFileByteIdentical (6 ms)
2026-09-27T16:01:53.0931384Z [ RUN      ] NicknamePersistenceTest.AModifyDeviceNameLeavesTheTopologyFileByteIdenticalToo
2026-09-27T16:01:53.0995757Z [       OK ] NicknamePersistenceTest.AModifyDeviceNameLeavesTheTopologyFileByteIdenticalToo (6 ms)
2026-09-27T16:01:53.0996639Z [ RUN      ] NicknamePersistenceTest.TheMininetTopologyKeepsItsBytesToo
2026-09-27T16:01:53.1416944Z [       OK ] NicknamePersistenceTest.TheMininetTopologyKeepsItsBytesToo (42 ms)
2026-09-27T16:01:53.1417786Z [ RUN      ] NicknamePersistenceTest.EveryShippedTopologySurvivesARenameByteForByte
2026-09-27T16:01:53.3986326Z [       OK ] NicknamePersistenceTest.EveryShippedTopologySurvivesARenameByteForByte (256 ms)
2026-09-27T16:01:53.3987526Z [ RUN      ] NicknamePersistenceTest.TheNicknameIsWrittenToTheOverlayUnderTheSwitchsDpid
2026-09-27T16:01:53.4051354Z [       OK ] NicknamePersistenceTest.TheNicknameIsWrittenToTheOverlayUnderTheSwitchsDpid (6 ms)
2026-09-27T16:01:53.4052538Z [ RUN      ] NicknamePersistenceTest.TheDeviceNameGoesToTheSameEntryAndDoesNotEvictTheNickname
2026-09-27T16:01:53.4119207Z [       OK ] NicknamePersistenceTest.TheDeviceNameGoesToTheSameEntryAndDoesNotEvictTheNickname (6 ms)
2026-09-27T16:01:53.4120399Z [ RUN      ] NicknamePersistenceTest.AHostIsKeyedByItsMacAndNotByItsDpid
2026-09-27T16:01:53.4189740Z [       OK ] NicknamePersistenceTest.AHostIsKeyedByItsMacAndNotByItsDpid (7 ms)
2026-09-27T16:01:53.4190525Z [ RUN      ] NicknamePersistenceTest.AFreshLoadPicksTheNicknameBackUp
2026-09-27T16:01:53.4319029Z [       OK ] NicknamePersistenceTest.AFreshLoadPicksTheNicknameBackUp (12 ms)
2026-09-27T16:01:53.4319922Z [ RUN      ] NicknamePersistenceTest.AFreshLoadPicksAHostsNicknameBackUpUnderItsMac
2026-09-27T16:01:53.4456670Z [       OK ] NicknamePersistenceTest.AFreshLoadPicksAHostsNicknameBackUpUnderItsMac (13 ms)
2026-09-27T16:01:53.4457531Z [ RUN      ] NicknamePersistenceTest.AnOverlayOnlyTouchesTheDeviceItNames
2026-09-27T16:01:53.4595145Z [       OK ] NicknamePersistenceTest.AnOverlayOnlyTouchesTheDeviceItNames (13 ms)
2026-09-27T16:01:53.4596296Z [ RUN      ] NicknamePersistenceTest.ANicknameChangeStillReachesTheGraph
2026-09-27T16:01:53.4659581Z [       OK ] NicknamePersistenceTest.ANicknameChangeStillReachesTheGraph (6 ms)
2026-09-27T16:01:53.4660569Z [ RUN      ] NicknamePersistenceTest.ADeviceNameChangeStillReachesTheGraph
2026-09-27T16:01:53.4723387Z [       OK ] NicknamePersistenceTest.ADeviceNameChangeStillReachesTheGraph (6 ms)
2026-09-27T16:01:53.4724593Z [ RUN      ] NicknamePersistenceTest.AnUnreadableOverlayDoesNotStopTheTopologyFromLoading
2026-09-27T16:01:53.4786402Z [       OK ] NicknamePersistenceTest.AnUnreadableOverlayDoesNotStopTheTopologyFromLoading (6 ms)
2026-09-27T16:01:53.4787972Z [ RUN      ] NicknamePersistenceTest.AnOverlayEntryForAnAbsentDeviceIsIgnoredRatherThanMisapplied
2026-09-27T16:01:53.4850817Z [       OK ] NicknamePersistenceTest.AnOverlayEntryForAnAbsentDeviceIsIgnoredRatherThanMisapplied (6 ms)
2026-09-27T16:01:53.4852430Z [ RUN      ] NicknamePersistenceTest.TheDefaultOverlayPathIsOutsideSettingAndNamedAfterTheModel
2026-09-27T16:01:53.4853797Z [       OK ] NicknamePersistenceTest.TheDefaultOverlayPathIsOutsideSettingAndNamedAfterTheModel (0 ms)
2026-09-27T16:01:53.4855393Z [ RUN      ] NicknamePersistenceTest.TheOverlayIsAnchoredToTheCheckoutNotTheProcessWorkingDirectory
2026-09-27T16:01:53.4856543Z [       OK ] NicknamePersistenceTest.TheOverlayIsAnchoredToTheCheckoutNotTheProcessWorkingDirectory (0 ms)
2026-09-27T16:01:53.4857524Z [ RUN      ] NicknamePersistenceTest.TheOverlayPathFollowsTheActiveTopology
2026-09-27T16:01:53.4858294Z [       OK ] NicknamePersistenceTest.TheOverlayPathFollowsTheActiveTopology (0 ms)
2026-09-27T16:01:53.4858967Z [----------] 17 tests from NicknamePersistenceTest (399 ms total)
2026-09-27T16:01:53.4859401Z 
2026-09-27T16:01:53.4859554Z [----------] 15 tests from AddresslessNodeTest
2026-09-27T16:01:53.4860246Z [ RUN      ] AddresslessNodeTest.TheTopologyReplyOverAnAddresslessHostDoesNotKillTheProcess
2026-09-27T16:01:53.4897493Z [       OK ] AddresslessNodeTest.TheTopologyReplyOverAnAddresslessHostDoesNotKillTheProcess (4 ms)
2026-09-27T16:01:53.4898694Z [ RUN      ] AddresslessNodeTest.TheHostListingOverAnAddresslessHostDoesNotKillTheProcess
2026-09-27T16:01:53.4934548Z [       OK ] AddresslessNodeTest.TheHostListingOverAnAddresslessHostDoesNotKillTheProcess (3 ms)
2026-09-27T16:01:53.4935503Z [ RUN      ] AddresslessNodeTest.APathQueryFromAnAddresslessHostDoesNotKillTheProcess
2026-09-27T16:01:53.4968346Z [       OK ] AddresslessNodeTest.APathQueryFromAnAddresslessHostDoesNotKillTheProcess (3 ms)
2026-09-27T16:01:53.4969263Z [ RUN      ] AddresslessNodeTest.APathQueryToAnAddresslessHostDoesNotKillTheProcess
2026-09-27T16:01:53.5002319Z [       OK ] AddresslessNodeTest.APathQueryToAnAddresslessHostDoesNotKillTheProcess (3 ms)
2026-09-27T16:01:53.5003264Z [ RUN      ] AddresslessNodeTest.ResolvingAnAddresslessSwitchByNameDoesNotKillTheProcess
2026-09-27T16:01:53.5035991Z [       OK ] AddresslessNodeTest.ResolvingAnAddresslessSwitchByNameDoesNotKillTheProcess (3 ms)
2026-09-27T16:01:53.5036938Z [ RUN      ] AddresslessNodeTest.TheTopologyReplyOverAnAddresslessSwitchDoesNotKillTheProcess
2026-09-27T16:01:53.5073172Z [       OK ] AddresslessNodeTest.TheTopologyReplyOverAnAddresslessSwitchDoesNotKillTheProcess (3 ms)
2026-09-27T16:01:53.5074023Z [ RUN      ] AddresslessNodeTest.TheTopologyReplyStillNamesEveryHostAndSwitch
2026-09-27T16:01:53.5081111Z [       OK ] AddresslessNodeTest.TheTopologyReplyStillNamesEveryHostAndSwitch (0 ms)
2026-09-27T16:01:53.5082386Z [ RUN      ] AddresslessNodeTest.TheTopologyReplyGivesTheAddresslessNodesNullAndNotAnAddress
2026-09-27T16:01:53.5089532Z [       OK ] AddresslessNodeTest.TheTopologyReplyGivesTheAddresslessNodesNullAndNotAnAddress (0 ms)
2026-09-27T16:01:53.5090568Z [ RUN      ] AddresslessNodeTest.TheTopologyReplyStillCarriesTheAddressesItDoesHave
2026-09-27T16:01:53.5097790Z [       OK ] AddresslessNodeTest.TheTopologyReplyStillCarriesTheAddressesItDoesHave (0 ms)
2026-09-27T16:01:53.5098784Z [ RUN      ] AddresslessNodeTest.TheHostListingKeepsTheAddresslessHostWithANullAddress
2026-09-27T16:01:53.5105172Z [       OK ] AddresslessNodeTest.TheHostListingKeepsTheAddresslessHostWithANullAddress (0 ms)
2026-09-27T16:01:53.5106180Z [ RUN      ] AddresslessNodeTest.APathQueryFromAnAddresslessHostIsRefusedAndSaysWhich
2026-09-27T16:01:53.5111290Z [       OK ] AddresslessNodeTest.APathQueryFromAnAddresslessHostIsRefusedAndSaysWhich (0 ms)
2026-09-27T16:01:53.5112522Z [ RUN      ] AddresslessNodeTest.APathQueryToAnAddresslessHostIsRefusedAndSaysWhich
2026-09-27T16:01:53.5117672Z [       OK ] AddresslessNodeTest.APathQueryToAnAddresslessHostIsRefusedAndSaysWhich (0 ms)
2026-09-27T16:01:53.5118770Z [ RUN      ] AddresslessNodeTest.APathBetweenTwoAddressedHostsStillAnswers
2026-09-27T16:01:53.5124097Z [       OK ] AddresslessNodeTest.APathBetweenTwoAddressedHostsStillAnswers (0 ms)
2026-09-27T16:01:53.5125048Z [ RUN      ] AddresslessNodeTest.AnAddresslessSwitchIsNotResolvedToAnAddress
2026-09-27T16:01:53.5130111Z [       OK ] AddresslessNodeTest.AnAddresslessSwitchIsNotResolvedToAnAddress (0 ms)
2026-09-27T16:01:53.5131018Z [ RUN      ] AddresslessNodeTest.ASwitchWithAnAddressStillResolves
2026-09-27T16:01:53.5136529Z [       OK ] AddresslessNodeTest.ASwitchWithAnAddressStillResolves (0 ms)
2026-09-27T16:01:53.5137399Z [----------] 15 tests from AddresslessNodeTest (28 ms total)
2026-09-27T16:01:53.5137743Z 
2026-09-27T16:01:53.5137898Z [----------] 3 tests from AddresslessHostLoadTest
2026-09-27T16:01:53.5138353Z [ RUN      ] AddresslessHostLoadTest.TheShippedTopologyLoads
2026-09-27T16:01:53.5224931Z [       OK ] AddresslessHostLoadTest.TheShippedTopologyLoads (8 ms)
2026-09-27T16:01:53.5226048Z [ RUN      ] AddresslessHostLoadTest.AHostDeclaringAnEmptyIpArrayIsRefusedAtLoad
2026-09-27T16:01:53.5344227Z [       OK ] AddresslessHostLoadTest.AHostDeclaringAnEmptyIpArrayIsRefusedAtLoad (11 ms)
2026-09-27T16:01:53.5345264Z [ RUN      ] AddresslessHostLoadTest.TheSameEditOnASwitchIsRefused
2026-09-27T16:01:53.5401473Z [       OK ] AddresslessHostLoadTest.TheSameEditOnASwitchIsRefused (5 ms)
2026-09-27T16:01:53.5402711Z [----------] 3 tests from AddresslessHostLoadTest (26 ms total)
2026-09-27T16:01:53.5403092Z 
2026-09-27T16:01:53.5403280Z [----------] 6 tests from AddresslessAttachmentSwitchTest
2026-09-27T16:01:53.5404071Z [ RUN      ] AddresslessAttachmentSwitchTest.AnAddresslessAttachmentSwitchDoesNotKillTheProcess
2026-09-27T16:01:53.5440170Z [       OK ] AddresslessAttachmentSwitchTest.AnAddresslessAttachmentSwitchDoesNotKillTheProcess (3 ms)
2026-09-27T16:01:53.5442343Z [ RUN      ] AddresslessAttachmentSwitchTest.TheHostOnAnAddresslessAttachmentSwitchIsStillMarkedUp
2026-09-27T16:01:53.5444163Z [       OK ] AddresslessAttachmentSwitchTest.TheHostOnAnAddresslessAttachmentSwitchIsStillMarkedUp (0 ms)
2026-09-27T16:01:53.5446157Z [ RUN      ] AddresslessAttachmentSwitchTest.TheHostSideEdgeIsStillRaisedWhenTheAttachmentSwitchHasNoAddress
2026-09-27T16:01:53.5448262Z [       OK ] AddresslessAttachmentSwitchTest.TheHostSideEdgeIsStillRaisedWhenTheAttachmentSwitchHasNoAddress (0 ms)
2026-09-27T16:01:53.5450253Z [ RUN      ] AddresslessAttachmentSwitchTest.TheWarningNamesTheHostAndTheSwitchAndNotTheTopologyFile
2026-09-27T16:01:53.5452533Z [       OK ] AddresslessAttachmentSwitchTest.TheWarningNamesTheHostAndTheSwitchAndNotTheTopologyFile (0 ms)
2026-09-27T16:01:53.5454092Z [ RUN      ] AddresslessAttachmentSwitchTest.TheReverseEdgeOfAnAddressedAttachmentSwitchIsStillRaised
2026-09-27T16:01:53.5455672Z [       OK ] AddresslessAttachmentSwitchTest.TheReverseEdgeOfAnAddressedAttachmentSwitchIsStillRaised (0 ms)
2026-09-27T16:01:53.5457167Z [ RUN      ] AddresslessAttachmentSwitchTest.TheOtherHostAndItsEdgeAreUntouchedByTheGuardedEntry
2026-09-27T16:01:53.5458625Z [       OK ] AddresslessAttachmentSwitchTest.TheOtherHostAndItsEdgeAreUntouchedByTheGuardedEntry (0 ms)
2026-09-27T16:01:53.5459759Z [----------] 6 tests from AddresslessAttachmentSwitchTest (5 ms total)
2026-09-27T16:01:53.5460228Z 
2026-09-27T16:01:53.5460409Z [----------] 20 tests from NetemLinkFaultTest
2026-09-27T16:01:53.5461153Z [ RUN      ] NetemLinkFaultTest.AShapedInterfaceIsCutUnderTheShaperNotOverIt
2026-09-27T16:01:53.5462386Z [       OK ] NetemLinkFaultTest.AShapedInterfaceIsCutUnderTheShaperNotOverIt (0 ms)
2026-09-27T16:01:53.5463338Z [ RUN      ] NetemLinkFaultTest.AnUnshapedInterfaceIsCutAtTheRoot
2026-09-27T16:01:53.5464168Z [       OK ] NetemLinkFaultTest.AnUnshapedInterfaceIsCutAtTheRoot (0 ms)
2026-09-27T16:01:53.5465094Z [ RUN      ] NetemLinkFaultTest.AnInterfaceThatAlreadyCarriesNetemIsRefused
2026-09-27T16:01:53.5466109Z [       OK ] NetemLinkFaultTest.AnInterfaceThatAlreadyCarriesNetemIsRefused (0 ms)
2026-09-27T16:01:53.5467112Z [ RUN      ] NetemLinkFaultTest.AnUnreadableTreeIsRefusedRatherThanGuessed
2026-09-27T16:01:53.5468334Z [       OK ] NetemLinkFaultTest.AnUnreadableTreeIsRefusedRatherThanGuessed (0 ms)
2026-09-27T16:01:53.5469247Z [ RUN      ] NetemLinkFaultTest.ShapedWithNoDefaultClassIsRefused
2026-09-27T16:01:53.5470077Z [       OK ] NetemLinkFaultTest.ShapedWithNoDefaultClassIsRefused (0 ms)
2026-09-27T16:01:53.5470925Z [ RUN      ] NetemLinkFaultTest.TheNetemToRemoveIsFoundAtItsParent
2026-09-27T16:01:53.5471966Z [       OK ] NetemLinkFaultTest.TheNetemToRemoveIsFoundAtItsParent (0 ms)
2026-09-27T16:01:53.5472844Z [ RUN      ] NetemLinkFaultTest.ARootNetemIsFoundAtTheRoot
2026-09-27T16:01:53.5473555Z [       OK ] NetemLinkFaultTest.ARootNetemIsFoundAtTheRoot (0 ms)
2026-09-27T16:01:53.5474281Z [ RUN      ] NetemLinkFaultTest.ACleanTreeHasNoNetemToRemove
2026-09-27T16:01:53.5475020Z [       OK ] NetemLinkFaultTest.ACleanTreeHasNoNetemToRemove (0 ms)
2026-09-27T16:01:53.5475872Z [ RUN      ] NetemLinkFaultTest.OnlyMininetSwitchInterfaceNamesAreAccepted
2026-09-27T16:01:53.5476883Z [       OK ] NetemLinkFaultTest.OnlyMininetSwitchInterfaceNamesAreAccepted (0 ms)
2026-09-27T16:01:53.5477826Z [ RUN      ] NetemLinkFaultTest.TheInterfaceNameIsTheBridgeAndThePort
2026-09-27T16:01:53.5478724Z [       OK ] NetemLinkFaultTest.TheInterfaceNameIsTheBridgeAndThePort (0 ms)
2026-09-27T16:01:53.5479665Z [ RUN      ] NetemLinkFaultTest.CuttingAShapedInterfaceIssuesTheParentForm
2026-09-27T16:01:53.5480678Z [       OK ] NetemLinkFaultTest.CuttingAShapedInterfaceIssuesTheParentForm (0 ms)
2026-09-27T16:01:53.5481828Z [ RUN      ] NetemLinkFaultTest.CuttingARefusedInterfaceRunsNoCommandAtAll
2026-09-27T16:01:53.5482813Z [       OK ] NetemLinkFaultTest.CuttingARefusedInterfaceRunsNoCommandAtAll (0 ms)
2026-09-27T16:01:53.5483721Z [ RUN      ] NetemLinkFaultTest.ABadInterfaceNameNeverReachesTc
2026-09-27T16:01:53.5484510Z [       OK ] NetemLinkFaultTest.ABadInterfaceNameNeverReachesTc (0 ms)
2026-09-27T16:01:53.5485279Z [ RUN      ] NetemLinkFaultTest.AnUnreadableTreeStopsTheCut
2026-09-27T16:01:53.5486019Z [       OK ] NetemLinkFaultTest.AnUnreadableTreeStopsTheCut (0 ms)
2026-09-27T16:01:53.5486854Z [ RUN      ] NetemLinkFaultTest.RestoringDeletesTheNetemWhereItActuallyIs
2026-09-27T16:01:53.5487822Z [       OK ] NetemLinkFaultTest.RestoringDeletesTheNetemWhereItActuallyIs (0 ms)
2026-09-27T16:01:53.5488787Z [ RUN      ] NetemLinkFaultTest.RestoringACleanInterfaceIsANoopNotAnError
2026-09-27T16:01:53.5489753Z [       OK ] NetemLinkFaultTest.RestoringACleanInterfaceIsANoopNotAnError (0 ms)
2026-09-27T16:01:53.5491013Z [ RUN      ] NetemLinkFaultTest.ARestoreThatLeftNetemBehindIsReportedAsAFailure
2026-09-27T16:01:53.5492294Z [       OK ] NetemLinkFaultTest.ARestoreThatLeftNetemBehindIsReportedAsAFailure (0 ms)
2026-09-27T16:01:53.5493414Z [ RUN      ] NetemLinkFaultTest.TheWholeMachineTreeNamesTheInterfaceInsideEachLine
2026-09-27T16:01:53.5494571Z [       OK ] NetemLinkFaultTest.TheWholeMachineTreeNamesTheInterfaceInsideEachLine (0 ms)
2026-09-27T16:01:53.5495632Z [ RUN      ] NetemLinkFaultTest.AnInterfaceCarryingTwoNetemsIsNamedOnce
2026-09-27T16:01:53.5496568Z [       OK ] NetemLinkFaultTest.AnInterfaceCarryingTwoNetemsIsNamedOnce (0 ms)
2026-09-27T16:01:53.5497633Z [ RUN      ] NetemLinkFaultTest.TheFakesPerDeviceViewIsTheFormRestoreInterfaceCanRead
2026-09-27T16:01:53.5498842Z [       OK ] NetemLinkFaultTest.TheFakesPerDeviceViewIsTheFormRestoreInterfaceCanRead (0 ms)
2026-09-27T16:01:53.5499798Z [----------] 20 tests from NetemLinkFaultTest (1 ms total)
2026-09-27T16:01:53.5500178Z 
2026-09-27T16:01:53.5500390Z [----------] 14 tests from ResidualNetemSweepTest
2026-09-27T16:01:53.5501365Z [ RUN      ] ResidualNetemSweepTest.TheSweepCoversBothEndsOfEverySwitchToSwitchLinkAndNothingElse
2026-09-27T16:01:53.5503078Z [       OK ] ResidualNetemSweepTest.TheSweepCoversBothEndsOfEverySwitchToSwitchLinkAndNothingElse (0 ms)
2026-09-27T16:01:53.5504338Z [ RUN      ] ResidualNetemSweepTest.TheHostFacingSetIsEveryPortAHostHangsOff
2026-09-27T16:01:53.5505597Z [       OK ] ResidualNetemSweepTest.TheHostFacingSetIsEveryPortAHostHangsOff (0 ms)
2026-09-27T16:01:53.5506605Z [ RUN      ] ResidualNetemSweepTest.TheSweepReadsTheWholeMachineInOneCall
2026-09-27T16:01:53.5507582Z [       OK ] ResidualNetemSweepTest.TheSweepReadsTheWholeMachineInOneCall (0 ms)
2026-09-27T16:01:53.5508604Z [ RUN      ] ResidualNetemSweepTest.ResidualNetemIsNamedInOneWarningAtStartup
2026-09-27T16:01:53.5509655Z [       OK ] ResidualNetemSweepTest.ResidualNetemIsNamedInOneWarningAtStartup (0 ms)
2026-09-27T16:01:53.5510814Z [ RUN      ] ResidualNetemSweepTest.NetemOnAHostFacingPortIsFoundAndSaidToBeHostFacing
2026-09-27T16:01:53.5512238Z [       OK ] ResidualNetemSweepTest.NetemOnAHostFacingPortIsFoundAndSaidToBeHostFacing (0 ms)
2026-09-27T16:01:53.5513578Z [ RUN      ] ResidualNetemSweepTest.NetemOnAnInterfaceThisTopologyDoesNotNameIsReportedAsUnknown
2026-09-27T16:01:53.5515027Z [       OK ] ResidualNetemSweepTest.NetemOnAnInterfaceThisTopologyDoesNotNameIsReportedAsUnknown (0 ms)
2026-09-27T16:01:53.5516332Z [ RUN      ] ResidualNetemSweepTest.TheWarningSeparatesTheThreeKindsAndCountsThem
2026-09-27T16:01:53.5517403Z [       OK ] ResidualNetemSweepTest.TheWarningSeparatesTheThreeKindsAndCountsThem (0 ms)
2026-09-27T16:01:53.5518577Z [ RUN      ] ResidualNetemSweepTest.NetemOutsideThisFabricsInterfaceShapeIsNotReported
2026-09-27T16:01:53.5519685Z [       OK ] ResidualNetemSweepTest.NetemOutsideThisFabricsInterfaceShapeIsNotReported (0 ms)
2026-09-27T16:01:53.5520864Z [ RUN      ] ResidualNetemSweepTest.TheSweepNeverRunsACommandThatChangesTheTree
2026-09-27T16:01:53.5522199Z [       OK ] ResidualNetemSweepTest.TheSweepNeverRunsACommandThatChangesTheTree (0 ms)
2026-09-27T16:01:53.5522801Z [ RUN      ] ResidualNetemSweepTest.TheSweepDoesNotDeclareTheLinkDown
2026-09-27T16:01:53.5523591Z [       OK ] ResidualNetemSweepTest.TheSweepDoesNotDeclareTheLinkDown (0 ms)
2026-09-27T16:01:53.5524182Z [ RUN      ] ResidualNetemSweepTest.ACleanFabricProducesNoWarning
2026-09-27T16:01:53.5524954Z [       OK ] ResidualNetemSweepTest.ACleanFabricProducesNoWarning (0 ms)
2026-09-27T16:01:53.5525841Z [ RUN      ] ResidualNetemSweepTest.TCLinkShapingOnItsOwnIsNotResidue
2026-09-27T16:01:53.5537199Z [       OK ] ResidualNetemSweepTest.TCLinkShapingOnItsOwnIsNotResidue (0 ms)
2026-09-27T16:01:53.5538295Z [ RUN      ] ResidualNetemSweepTest.AnUnreadableQdiscTreeIsReportedAsUnreadNotAsClean
2026-09-27T16:01:53.5539530Z [       OK ] ResidualNetemSweepTest.AnUnreadableQdiscTreeIsReportedAsUnreadNotAsClean (0 ms)
2026-09-27T16:01:53.5540589Z [ RUN      ] ResidualNetemSweepTest.ATestbedDeploymentRunsNoTcAtAll
2026-09-27T16:01:53.5541952Z [       OK ] ResidualNetemSweepTest.ATestbedDeploymentRunsNoTcAtAll (0 ms)
2026-09-27T16:01:53.5542771Z [----------] 14 tests from ResidualNetemSweepTest (2 ms total)
2026-09-27T16:01:53.5543157Z 
2026-09-27T16:01:53.5543299Z [----------] 7 tests from InjectedNetemProvenanceTest
2026-09-27T16:01:53.5543721Z [ RUN      ] InjectedNetemProvenanceTest.ANetemNothingRecordedIsForeign
2026-09-27T16:01:53.5544282Z [       OK ] InjectedNetemProvenanceTest.ANetemNothingRecordedIsForeign (0 ms)
2026-09-27T16:01:53.5544899Z [ RUN      ] InjectedNetemProvenanceTest.TheHandleThisKernelWroteDownIsWhatMakesItOurs
2026-09-27T16:01:53.5545579Z [       OK ] InjectedNetemProvenanceTest.TheHandleThisKernelWroteDownIsWhatMakesItOurs (0 ms)
2026-09-27T16:01:53.5546219Z [ RUN      ] InjectedNetemProvenanceTest.ANetemSwappedForOursIsNotOursAnyMore
2026-09-27T16:01:53.5546798Z [       OK ] InjectedNetemProvenanceTest.ANetemSwappedForOursIsNotOursAnyMore (0 ms)
2026-09-27T16:01:53.5547391Z [ RUN      ] InjectedNetemProvenanceTest.AnEntryWithNoHandleCannotBeClaimed
2026-09-27T16:01:53.5547982Z [       OK ] InjectedNetemProvenanceTest.AnEntryWithNoHandleCannotBeClaimed (0 ms)
2026-09-27T16:01:53.5548579Z [ RUN      ] InjectedNetemProvenanceTest.ACleanInterfaceIsStillTheIdempotentNoop
2026-09-27T16:01:53.5549190Z [       OK ] InjectedNetemProvenanceTest.ACleanInterfaceIsStillTheIdempotentNoop (0 ms)
2026-09-27T16:01:53.5549973Z [ RUN      ] InjectedNetemProvenanceTest.RestoringAForeignNetemRunsNoCommandAtAll
2026-09-27T16:01:53.5550590Z [       OK ] InjectedNetemProvenanceTest.RestoringAForeignNetemRunsNoCommandAtAll (0 ms)
2026-09-27T16:01:53.5551222Z [ RUN      ] InjectedNetemProvenanceTest.RestoringOurOwnNetemDeletesItAndForgetsIt
2026-09-27T16:01:53.5551984Z [       OK ] InjectedNetemProvenanceTest.RestoringOurOwnNetemDeletesItAndForgetsIt (0 ms)
2026-09-27T16:01:53.5552523Z [----------] 7 tests from InjectedNetemProvenanceTest (0 ms total)
2026-09-27T16:01:53.5552780Z 
2026-09-27T16:01:53.5552897Z [----------] 4 tests from AllOrNothingCutTest
2026-09-27T16:01:53.5553249Z [ RUN      ] AllOrNothingCutTest.BothEndsCutAreBothRecorded
2026-09-27T16:01:53.5553659Z [       OK ] AllOrNothingCutTest.BothEndsCutAreBothRecorded (0 ms)
2026-09-27T16:01:53.5554196Z [ RUN      ] AllOrNothingCutTest.AnEndAlreadyCarryingSomebodyElsesNetemStopsTheWholeCut
2026-09-27T16:01:53.5554877Z [       OK ] AllOrNothingCutTest.AnEndAlreadyCarryingSomebodyElsesNetemStopsTheWholeCut (0 ms)
2026-09-27T16:01:53.5555919Z [ RUN      ] AllOrNothingCutTest.ASecondAttachThatFailsRollsBackTheFirst
2026-09-27T16:01:53.5556461Z [       OK ] AllOrNothingCutTest.ASecondAttachThatFailsRollsBackTheFirst (0 ms)
2026-09-27T16:01:53.5556989Z [ RUN      ] AllOrNothingCutTest.AnEndTheGraphCannotNameStopsTheCutToo
2026-09-27T16:01:53.5557507Z [       OK ] AllOrNothingCutTest.AnEndTheGraphCannotNameStopsTheCutToo (0 ms)
2026-09-27T16:01:53.5557952Z [----------] 4 tests from AllOrNothingCutTest (0 ms total)
2026-09-27T16:01:53.5558173Z 
2026-09-27T16:01:53.5558287Z [----------] 21 tests from ExemptSwitchTest
2026-09-27T16:01:53.5559541Z [ RUN      ] ExemptSwitchTest.TheMarkIsWhatTellsTheTwoSwitchesApart
2026-09-27T16:01:53.5560492Z [       OK ] ExemptSwitchTest.TheMarkIsWhatTellsTheTwoSwitchesApart (0 ms)
2026-09-27T16:01:53.5561435Z [ RUN      ] ExemptSwitchTest.TheTestbedPowerReportDoesNotSshTheExemptSwitch
2026-09-27T16:01:53.5562193Z [       OK ] ExemptSwitchTest.TheTestbedPowerReportDoesNotSshTheExemptSwitch (0 ms)
2026-09-27T16:01:53.5562756Z [ RUN      ] ExemptSwitchTest.TheCpuReportDoesNotSnmpTheExemptSwitch
2026-09-27T16:01:53.5563273Z [       OK ] ExemptSwitchTest.TheCpuReportDoesNotSnmpTheExemptSwitch (0 ms)
2026-09-27T16:01:53.5563811Z [ RUN      ] ExemptSwitchTest.TheMemoryReportDoesNotSnmpTheExemptSwitch
2026-09-27T16:01:53.5564342Z [       OK ] ExemptSwitchTest.TheMemoryReportDoesNotSnmpTheExemptSwitch (0 ms)
2026-09-27T16:01:53.5564979Z [ RUN      ] ExemptSwitchTest.TheTemperatureReportAnswersTheSentinelRatherThanTheHpeSentence
2026-09-27T16:01:53.5565901Z [       OK ] ExemptSwitchTest.TheTemperatureReportAnswersTheSentinelRatherThanTheHpeSentence (0 ms)
2026-09-27T16:01:53.5566612Z [ RUN      ] ExemptSwitchTest.TheSingleSwitchPowerReportSaysExemptRatherThanFailing
2026-09-27T16:01:53.5567272Z [       OK ] ExemptSwitchTest.TheSingleSwitchPowerReportSaysExemptRatherThanFailing (0 ms)
2026-09-27T16:01:53.5567919Z [ RUN      ] ExemptSwitchTest.TheSingleSwitchPowerReportStillSshesANonExemptSwitch
2026-09-27T16:01:53.5568553Z [       OK ] ExemptSwitchTest.TheSingleSwitchPowerReportStillSshesANonExemptSwitch (0 ms)
2026-09-27T16:01:53.5569191Z [ RUN      ] ExemptSwitchTest.TheSingleSwitchCpuReportSaysExemptRatherThanFailing
2026-09-27T16:01:53.5569818Z [       OK ] ExemptSwitchTest.TheSingleSwitchCpuReportSaysExemptRatherThanFailing (0 ms)
2026-09-27T16:01:53.5570445Z [ RUN      ] ExemptSwitchTest.TheSingleSwitchCpuReportStillSnmpsANonExemptSwitch
2026-09-27T16:01:53.5571104Z [       OK ] ExemptSwitchTest.TheSingleSwitchCpuReportStillSnmpsANonExemptSwitch (0 ms)
2026-09-27T16:01:53.5571912Z [ RUN      ] ExemptSwitchTest.MininetStillGivesTheExemptSwitchItsSyntheticPowerFigure
2026-09-27T16:01:53.5572623Z [       OK ] ExemptSwitchTest.MininetStillGivesTheExemptSwitchItsSyntheticPowerFigure (0 ms)
2026-09-27T16:01:53.5573379Z [ RUN      ] ExemptSwitchTest.MininetStillGivesTheExemptSwitchTheSameSyntheticFigureThroughBothPaths
2026-09-27T16:01:53.5574219Z [       OK ] ExemptSwitchTest.MininetStillGivesTheExemptSwitchTheSameSyntheticFigureThroughBothPaths (0 ms)
2026-09-27T16:01:53.5575106Z [ RUN      ] ExemptSwitchTest.TheExemptionIsLoggedOncePerEpisodeAndNotOncePerRound
2026-09-27T16:01:53.5575740Z [       OK ] ExemptSwitchTest.TheExemptionIsLoggedOncePerEpisodeAndNotOncePerRound (0 ms)
2026-09-27T16:01:53.5576390Z [ RUN      ] ExemptSwitchTest.GetGraphDataCarriesBothMarksOnASwitchAndNeitherOnAHost
2026-09-27T16:01:53.5577045Z [       OK ] ExemptSwitchTest.GetGraphDataCarriesBothMarksOnASwitchAndNeitherOnAHost (0 ms)
2026-09-27T16:01:53.5577644Z [ RUN      ] ExemptSwitchTest.TheLoadedExemptSwitchIsMarkedAndAnnounced
2026-09-27T16:01:53.5622007Z [       OK ] ExemptSwitchTest.TheLoadedExemptSwitchIsMarkedAndAnnounced (8 ms)
2026-09-27T16:01:53.5623020Z [ RUN      ] ExemptSwitchTest.AFleetWithNoExemptSwitchSaysNothingAtAll
2026-09-27T16:01:53.5704220Z [       OK ] ExemptSwitchTest.AFleetWithNoExemptSwitchSaysNothingAtAll (8 ms)
2026-09-27T16:01:53.5705530Z [ RUN      ] ExemptSwitchTest.ThePowerReportSaysWhichPathEachFigureCameFrom
2026-09-27T16:01:53.5706852Z [       OK ] ExemptSwitchTest.ThePowerReportSaysWhichPathEachFigureCameFrom (0 ms)
2026-09-27T16:01:53.5708364Z [ RUN      ] ExemptSwitchTest.TheTestbedPowerReportSaysWhetherItsMinusOneIsUnaskedOrUnanswered
2026-09-27T16:01:53.5710123Z [       OK ] ExemptSwitchTest.TheTestbedPowerReportSaysWhetherItsMinusOneIsUnaskedOrUnanswered (0 ms)
2026-09-27T16:01:53.5711525Z [ RUN      ] ExemptSwitchTest.EveryExitOfThePowerReportCarriesThePath
2026-09-27T16:01:53.5712714Z [       OK ] ExemptSwitchTest.EveryExitOfThePowerReportCarriesThePath (0 ms)
2026-09-27T16:01:53.5713800Z [ RUN      ] ExemptSwitchTest.TheSingleSwitchPowerReportSaysWhichPathItsFigureCameFrom
2026-09-27T16:01:53.5715062Z [       OK ] ExemptSwitchTest.TheSingleSwitchPowerReportSaysWhichPathItsFigureCameFrom (0 ms)
2026-09-27T16:01:53.5716450Z [ RUN      ] ExemptSwitchTest.TheTestbedSingleSwitchReplySaysWhetherItsMinusOneIsUnaskedOrUnanswered
2026-09-27T16:01:53.5717985Z [       OK ] ExemptSwitchTest.TheTestbedSingleSwitchReplySaysWhetherItsMinusOneIsUnaskedOrUnanswered (0 ms)
2026-09-27T16:01:53.5719314Z [ RUN      ] ExemptSwitchTest.BothPowerCopiesAgreeAboutThePathAsWellAsTheFigure
2026-09-27T16:01:53.5720405Z [       OK ] ExemptSwitchTest.BothPowerCopiesAgreeAboutThePathAsWellAsTheFigure (0 ms)
2026-09-27T16:01:53.5721299Z [----------] 21 tests from ExemptSwitchTest (20 ms total)
2026-09-27T16:01:53.5721841Z 
2026-09-27T16:01:53.5722041Z [----------] 7 tests from OpenflowCapacityTest
2026-09-27T16:01:53.5723213Z [ RUN      ] OpenflowCapacityTest.TheCeilingIsWhateverTheRunningPipelineSays
2026-09-27T16:01:53.5724281Z [       OK ] OpenflowCapacityTest.TheCeilingIsWhateverTheRunningPipelineSays (0 ms)
2026-09-27T16:01:53.5725275Z [ RUN      ] OpenflowCapacityTest.BothWritableTablesCarryTheirOwnCeiling
2026-09-27T16:01:53.5726231Z [       OK ] OpenflowCapacityTest.BothWritableTablesCarryTheirOwnCeiling (0 ms)
2026-09-27T16:01:53.5727151Z [ RUN      ] OpenflowCapacityTest.AnUnreadableArtifactRefusesToGuess
2026-09-27T16:01:53.5728044Z [       OK ] OpenflowCapacityTest.AnUnreadableArtifactRefusesToGuess (0 ms)
2026-09-27T16:01:53.5728748Z [ RUN      ] OpenflowCapacityTest.AvailableIsTheCeilingMinusWhatTheSwitchReports
2026-09-27T16:01:53.5729356Z [       OK ] OpenflowCapacityTest.AvailableIsTheCeilingMinusWhatTheSwitchReports (0 ms)
2026-09-27T16:01:53.5729958Z [ RUN      ] OpenflowCapacityTest.ASwitchNothingHasPolledYetIsUnknownNotEmpty
2026-09-27T16:01:53.5730546Z [       OK ] OpenflowCapacityTest.ASwitchNothingHasPolledYetIsUnknownNotEmpty (0 ms)
2026-09-27T16:01:53.5731136Z [ RUN      ] OpenflowCapacityTest.RowsAreCountedAcrossEveryTableTheViewLists
2026-09-27T16:01:53.5731996Z [       OK ] OpenflowCapacityTest.RowsAreCountedAcrossEveryTableTheViewLists (0 ms)
2026-09-27T16:01:53.5733086Z [ RUN      ] OpenflowCapacityTest.AMalformedViewCountsNothingRatherThanThrowing
2026-09-27T16:01:53.5733751Z [       OK ] OpenflowCapacityTest.AMalformedViewCountsNothingRatherThanThrowing (0 ms)
2026-09-27T16:01:53.5734456Z [----------] 7 tests from OpenflowCapacityTest (1 ms total)
2026-09-27T16:01:53.5734685Z 
2026-09-27T16:01:53.5734814Z [----------] 5 tests from OpenflowCapacityArgvTest
2026-09-27T16:01:53.5735311Z [ RUN      ] OpenflowCapacityArgvTest.ThePipelineIsFoundEvenThoughItIsNotTheLastArgument
2026-09-27T16:01:53.5736012Z [       OK ] OpenflowCapacityArgvTest.ThePipelineIsFoundEvenThoughItIsNotTheLastArgument (0 ms)
2026-09-27T16:01:53.5736704Z [ RUN      ] OpenflowCapacityArgvTest.TheLastJsonWinsWhenAnOptionValueIsAlsoAJsonFile
2026-09-27T16:01:53.5737399Z [       OK ] OpenflowCapacityArgvTest.TheLastJsonWinsWhenAnOptionValueIsAlsoAJsonFile (0 ms)
2026-09-27T16:01:53.5738060Z [ RUN      ] OpenflowCapacityArgvTest.APlainSimpleSwitchCountsAndSoDoesALocalBuild
2026-09-27T16:01:53.5738890Z [       OK ] OpenflowCapacityArgvTest.APlainSimpleSwitchCountsAndSoDoesALocalBuild (0 ms)
2026-09-27T16:01:53.5740027Z [ RUN      ] OpenflowCapacityArgvTest.AProcessThatMerelyNamesTheArtifactIsNotASwitch
2026-09-27T16:01:53.5740700Z [       OK ] OpenflowCapacityArgvTest.AProcessThatMerelyNamesTheArtifactIsNotASwitch (0 ms)
2026-09-27T16:01:53.5741363Z [ RUN      ] OpenflowCapacityArgvTest.ArgvIsSplitOnNulAndTrailingNulsAreNotArguments
2026-09-27T16:01:53.5742163Z [       OK ] OpenflowCapacityArgvTest.ArgvIsSplitOnNulAndTrailingNulsAreNotArguments (0 ms)
2026-09-27T16:01:53.5742701Z [----------] 5 tests from OpenflowCapacityArgvTest (0 ms total)
2026-09-27T16:01:53.5743153Z 
2026-09-27T16:01:53.5743364Z [----------] 4 tests from OpenflowCapacityProcTest
2026-09-27T16:01:53.5744102Z [ RUN      ] OpenflowCapacityProcTest.TheArtifactIsTheOneARunningSwitchHasLoaded
2026-09-27T16:01:53.5744723Z [       OK ] OpenflowCapacityProcTest.TheArtifactIsTheOneARunningSwitchHasLoaded (0 ms)
2026-09-27T16:01:53.5745383Z [ RUN      ] OpenflowCapacityProcTest.WithNothingRunningTheBuildArtifactIsUsedAndLabelled
2026-09-27T16:01:53.5746098Z [       OK ] OpenflowCapacityProcTest.WithNothingRunningTheBuildArtifactIsUsedAndLabelled (0 ms)
2026-09-27T16:01:53.5746811Z [ RUN      ] OpenflowCapacityProcTest.WithNothingRunningAndNoBuildArtifactNothingIsClaimed
2026-09-27T16:01:53.5747528Z [       OK ] OpenflowCapacityProcTest.WithNothingRunningAndNoBuildArtifactNothingIsClaimed (0 ms)
2026-09-27T16:01:53.5748260Z [ RUN      ] OpenflowCapacityProcTest.SwitchesOnDifferentPipelinesAreReportedAsADisagreement
2026-09-27T16:01:53.5749404Z [       OK ] OpenflowCapacityProcTest.SwitchesOnDifferentPipelinesAreReportedAsADisagreement (0 ms)
2026-09-27T16:01:53.5750233Z [----------] 4 tests from OpenflowCapacityProcTest (2 ms total)
2026-09-27T16:01:53.5750665Z 
2026-09-27T16:01:53.5750802Z [----------] 3 tests from OpenflowCapacityReportTest
2026-09-27T16:01:53.5751324Z [ RUN      ] OpenflowCapacityReportTest.TheVendorRowsSayTheyAreACatalogueAndKeepTheirNumbers
2026-09-27T16:01:53.5753194Z [       OK ] OpenflowCapacityReportTest.TheVendorRowsSayTheyAreACatalogueAndKeepTheirNumbers (0 ms)
2026-09-27T16:01:53.5754188Z [ RUN      ] OpenflowCapacityReportTest.TheBmv2BlockAppearsOnlyWhenTheTopologyHasBmv2Switches
2026-09-27T16:01:53.5756982Z [       OK ] OpenflowCapacityReportTest.TheBmv2BlockAppearsOnlyWhenTheTopologyHasBmv2Switches (0 ms)
2026-09-27T16:01:53.5758017Z [ RUN      ] OpenflowCapacityReportTest.TheSourceNamesTheFileTheNumberWasReadFrom
2026-09-27T16:01:53.5759172Z [       OK ] OpenflowCapacityReportTest.TheSourceNamesTheFileTheNumberWasReadFrom (0 ms)
2026-09-27T16:01:53.5759716Z [----------] 3 tests from OpenflowCapacityReportTest (0 ms total)
2026-09-27T16:01:53.5759964Z 
2026-09-27T16:01:53.5760088Z [----------] 2 tests from OpenflowCapacityReadTest
2026-09-27T16:01:53.5760626Z [ RUN      ] OpenflowCapacityReadTest.TheReportIsAssembledFromTheFilesTheSourcesNameAndNoOthers
2026-09-27T16:01:53.5780437Z [       OK ] OpenflowCapacityReadTest.TheReportIsAssembledFromTheFilesTheSourcesNameAndNoOthers (2 ms)
2026-09-27T16:01:53.5781415Z [ RUN      ] OpenflowCapacityReadTest.AMissingCatalogueStillLeavesTheBmv2PlaneAnswerable
2026-09-27T16:01:53.5788492Z [       OK ] OpenflowCapacityReadTest.AMissingCatalogueStillLeavesTheBmv2PlaneAnswerable (0 ms)
2026-09-27T16:01:53.5789723Z [----------] 2 tests from OpenflowCapacityReadTest (2 ms total)
2026-09-27T16:01:53.5790032Z 
2026-09-27T16:01:53.5790682Z [----------] 2 tests from CapacityEndpointTest
2026-09-27T16:01:53.5791989Z [ RUN      ] CapacityEndpointTest.TheEndpointReportsTheRunningPipelineAndNotJustTheCatalogue
2026-09-27T16:01:53.5808732Z [       OK ] CapacityEndpointTest.TheEndpointReportsTheRunningPipelineAndNotJustTheCatalogue (1 ms)
2026-09-27T16:01:53.5809610Z [ RUN      ] CapacityEndpointTest.AnOvsOnlyTopologyGetsNoBmv2Plane
2026-09-27T16:01:53.5819755Z [       OK ] CapacityEndpointTest.AnOvsOnlyTopologyGetsNoBmv2Plane (1 ms)
2026-09-27T16:01:53.5820531Z [----------] 2 tests from CapacityEndpointTest (3 ms total)
2026-09-27T16:01:53.5820837Z 
2026-09-27T16:01:53.5820956Z [----------] 5 tests from TopologyLoadedModel
2026-09-27T16:01:53.5821392Z [ RUN      ] TopologyLoadedModel.TheTestsOwnHasherMatchesThePublishedVector
2026-09-27T16:01:53.5822159Z [       OK ] TopologyLoadedModel.TheTestsOwnHasherMatchesThePublishedVector (0 ms)
2026-09-27T16:01:53.5822728Z [ RUN      ] TopologyLoadedModel.ThePathTheHashAndTheTimeAreRecordedAtLoad
2026-09-27T16:01:53.5893057Z [       OK ] TopologyLoadedModel.ThePathTheHashAndTheTimeAreRecordedAtLoad (7 ms)
2026-09-27T16:01:53.5894053Z [ RUN      ] TopologyLoadedModel.TheHashIsOfTheFileBytesNotOfItsPath
2026-09-27T16:01:53.5964710Z [       OK ] TopologyLoadedModel.TheHashIsOfTheFileBytesNotOfItsPath (7 ms)
2026-09-27T16:01:53.5965782Z [ RUN      ] TopologyLoadedModel.TheRecordDoesNotFollowTheFileAfterTheLoad
2026-09-27T16:01:53.6046816Z [       OK ] TopologyLoadedModel.TheRecordDoesNotFollowTheFileAfterTheLoad (8 ms)
2026-09-27T16:01:53.6047972Z [ RUN      ] TopologyLoadedModel.AMonitorThatHasLoadedNothingSaysNothing
2026-09-27T16:01:53.6048763Z [       OK ] TopologyLoadedModel.AMonitorThatHasLoadedNothingSaysNothing (0 ms)
2026-09-27T16:01:53.6049434Z [----------] 5 tests from TopologyLoadedModel (22 ms total)
2026-09-27T16:01:53.6049782Z 
2026-09-27T16:01:53.6049950Z [----------] 2 tests from TopologyLoadedModelWire
2026-09-27T16:01:53.6050538Z [ RUN      ] TopologyLoadedModelWire.TheThreeKeysAreServedByGetGraphData
2026-09-27T16:01:53.6212556Z [       OK ] TopologyLoadedModelWire.TheThreeKeysAreServedByGetGraphData (16 ms)
2026-09-27T16:01:53.6213686Z [ RUN      ] TopologyLoadedModelWire.AKernelWithNoTopologyServesTheBaselineShape
2026-09-27T16:01:53.6215417Z [       OK ] TopologyLoadedModelWire.AKernelWithNoTopologyServesTheBaselineShape (0 ms)
2026-09-27T16:01:53.6216746Z [----------] 2 tests from TopologyLoadedModelWire (16 ms total)
2026-09-27T16:01:53.6217067Z 
2026-09-27T16:01:53.6217205Z [----------] Global test environment tear-down
2026-09-27T16:01:53.6221698Z [==========] 1366 tests from 156 test suites ran. (13989 ms total)
2026-09-27T16:01:53.6222560Z [  PASSED  ] 1366 tests.
2026-09-27T16:01:53.6285309Z ##[group]Run ctest --test-dir build --output-on-failure
2026-09-27T16:01:53.6285750Z [36;1mctest --test-dir build --output-on-failure[0m
2026-09-27T16:01:53.6349175Z shell: /usr/bin/bash -e {0}
2026-09-27T16:01:53.6349445Z env:
2026-09-27T16:01:53.6349841Z   APT_PACKAGES: g++ cmake ninja-build libboost-system-dev libboost-url-dev libssl-dev libssh-dev
2026-09-27T16:01:53.6350311Z ##[endgroup]
2026-09-27T16:01:54.0953368Z Internal ctest changing into directory: /home/runner/work/NDTwin-Kernel-P4/NDTwin-Kernel-P4/build
2026-09-27T16:01:54.1760093Z Test project /home/runner/work/NDTwin-Kernel-P4/NDTwin-Kernel-P4/build
2026-09-27T16:01:54.2664971Z           Start    1: LoggerCliArgsDeathTest.AMistypedLevelIsRefusedRatherThanSilentlyDisablingLogging
2026-09-27T16:01:54.2979958Z    1/1366 Test    #1: LoggerCliArgsDeathTest.AMistypedLevelIsRefusedRatherThanSilentlyDisablingLogging ........................   Passed    0.02 sec
2026-09-27T16:01:54.3055928Z           Start    2: LoggerCliArgsDeathTest.LogfileWithNoPathIsRefusedRatherThanDefaulted
2026-09-27T16:01:54.3306350Z    2/1366 Test    #2: LoggerCliArgsDeathTest.LogfileWithNoPathIsRefusedRatherThanDefaulted ....................................   Passed    0.02 sec
2026-09-27T16:01:54.3311336Z           Start    3: LoggerCliArgsDeathTest.LogfileFollowedByAnotherOptionIsRefused
2026-09-27T16:01:54.3560402Z    3/1366 Test    #3: LoggerCliArgsDeathTest.LogfileFollowedByAnotherOptionIsRefused ..........................................   Passed    0.02 sec
2026-09-27T16:01:54.3565604Z           Start    4: LoggerCliArgsDeathTest.LoglevelWithNoValueIsRefusedRatherThanIgnored
2026-09-27T16:01:54.3812661Z    4/1366 Test    #4: LoggerCliArgsDeathTest.LoglevelWithNoValueIsRefusedRatherThanIgnored ....................................   Passed    0.02 sec
2026-09-27T16:01:54.3817328Z           Start    5: LoggerCliArgsDeathTest.LoglevelFollowedByAnotherOptionIsRefused
2026-09-27T16:01:54.4067881Z    5/1366 Test    #5: LoggerCliArgsDeathTest.LoglevelFollowedByAnotherOptionIsRefused .........................................   Passed    0.02 sec
2026-09-27T16:01:54.4073164Z           Start    6: LoggerCliArgsDeathTest.AnUnknownOptionIsRefusedRatherThanSilentlyIgnored
2026-09-27T16:01:54.4338590Z    6/1366 Test    #6: LoggerCliArgsDeathTest.AnUnknownOptionIsRefusedRatherThanSilentlyIgnored ................................   Passed    0.03 sec
2026-09-27T16:01:54.4343973Z           Start    7: LoggerCliArgsDeathTest.TheRefusalNamesTheOptionsThatWouldHaveBeenAccepted
2026-09-27T16:01:54.4594380Z    7/1366 Test    #7: LoggerCliArgsDeathTest.TheRefusalNamesTheOptionsThatWouldHaveBeenAccepted ...............................   Passed    0.02 sec
2026-09-27T16:01:54.4599389Z           Start    8: LoggerCliArgsDeathTest.AMistypedShortOptionIsRefusedToo
2026-09-27T16:01:54.4855786Z    8/1366 Test    #8: LoggerCliArgsDeathTest.AMistypedShortOptionIsRefusedToo .................................................   Passed    0.03 sec
2026-09-27T16:01:54.4861471Z           Start    9: LoggerCliArgsDeathTest.TheEqualsFormIsRefusedBecauseNeitherParserHonoursIt
2026-09-27T16:01:54.5112933Z    9/1366 Test    #9: LoggerCliArgsDeathTest.TheEqualsFormIsRefusedBecauseNeitherParserHonoursIt ..............................   Passed    0.02 sec
2026-09-27T16:01:54.5117834Z           Start   10: LoggerCliArgsDeathTest.AFlagTheCallerDidNotDeclareIsUnknownEvenThoughTheKernelOwnsIt
2026-09-27T16:01:54.5371252Z   10/1366 Test   #10: LoggerCliArgsDeathTest.AFlagTheCallerDidNotDeclareIsUnknownEvenThoughTheKernelOwnsIt ....................   Passed    0.03 sec
2026-09-27T16:01:54.5376603Z           Start   11: LoggerCliArgsDeathTest.TheHelpBranchOfTheLoggingParserRunsAndPrintsTheOptionBlock
2026-09-27T16:01:54.5626913Z   11/1366 Test   #11: LoggerCliArgsDeathTest.TheHelpBranchOfTheLoggingParserRunsAndPrintsTheOptionBlock .......................   Passed    0.02 sec
2026-09-27T16:01:54.5632858Z           Start   12: LoggerCliArgsDeathTest.TheShortHelpBranchRunsToo
2026-09-27T16:01:54.5886314Z   12/1366 Test   #12: LoggerCliArgsDeathTest.TheShortHelpBranchRunsToo ........................................................   Passed    0.03 sec
2026-09-27T16:01:54.5892062Z           Start   13: LoggerFileSinkDeathTest.ALogFileThatCannotBeOpenedEndsTheRun
2026-09-27T16:01:54.6662267Z   13/1366 Test   #13: LoggerFileSinkDeathTest.ALogFileThatCannotBeOpenedEndsTheRun ............................................   Passed    0.08 sec
2026-09-27T16:01:54.6666901Z           Start   14: PowerManagerShutdownDeathTest.DestroyingAJoinableThreadIsVisibleToThisHarness
2026-09-27T16:01:54.7998280Z   14/1366 Test   #14: PowerManagerShutdownDeathTest.DestroyingAJoinableThreadIsVisibleToThisHarness ...........................   Passed    0.13 sec
2026-09-27T16:01:54.8004345Z           Start   15: PowerManagerShutdownDeathTest.AStoppedManagerIsDestroyedWithoutAborting
2026-09-27T16:01:54.8339593Z   15/1366 Test   #15: PowerManagerShutdownDeathTest.AStoppedManagerIsDestroyedWithoutAborting .................................   Passed    0.03 sec
2026-09-27T16:01:54.8345019Z           Start   16: PowerManagerShutdownDeathTest.AManagerNeverStoppedIsDestroyedWithoutAborting
2026-09-27T16:01:54.8608234Z   16/1366 Test   #16: PowerManagerShutdownDeathTest.AManagerNeverStoppedIsDestroyedWithoutAborting ............................   Passed    0.03 sec
2026-09-27T16:01:54.8613014Z           Start   17: LoggerCliArgsTest.LogfileConsumesThePathThatFollowsIt
2026-09-27T16:01:54.8747851Z   17/1366 Test   #17: LoggerCliArgsTest.LogfileConsumesThePathThatFollowsIt ...................................................   Passed    0.01 sec
2026-09-27T16:01:54.8753882Z           Start   18: LoggerCliArgsTest.TheShortFormConsumesAPathToo
2026-09-27T16:01:54.8888278Z   18/1366 Test   #18: LoggerCliArgsTest.TheShortFormConsumesAPathToo ..........................................................   Passed    0.01 sec
2026-09-27T16:01:54.8894307Z           Start   19: LoggerCliArgsTest.TheOptionAfterTheLogfilePathIsStillParsed
2026-09-27T16:01:54.9028827Z   19/1366 Test   #19: LoggerCliArgsTest.TheOptionAfterTheLogfilePathIsStillParsed .............................................   Passed    0.01 sec
2026-09-27T16:01:54.9034464Z           Start   20: LoggerCliArgsTest.LoglevelStillTakesItsValue
2026-09-27T16:01:54.9169721Z   20/1366 Test   #20: LoggerCliArgsTest.LoglevelStillTakesItsValue ............................................................   Passed    0.01 sec
2026-09-27T16:01:54.9176003Z           Start   21: LoggerCliArgsTest.WithoutTheFlagNoFileIsRequestedAtAll
2026-09-27T16:01:54.9311234Z   21/1366 Test   #21: LoggerCliArgsTest.WithoutTheFlagNoFileIsRequestedAtAll ..................................................   Passed    0.01 sec
2026-09-27T16:01:54.9317214Z           Start   22: LoggerCliArgsTest.ATopologyPathIsNotMistakenForALogPath
2026-09-27T16:01:54.9450130Z   22/1366 Test   #22: LoggerCliArgsTest.ATopologyPathIsNotMistakenForALogPath .................................................   Passed    0.01 sec
2026-09-27T16:01:54.9456291Z           Start   23: LoggerCliArgsTest.EveryLevelNameTheHelpAdvertisesIsAccepted
2026-09-27T16:01:54.9589243Z   23/1366 Test   #23: LoggerCliArgsTest.EveryLevelNameTheHelpAdvertisesIsAccepted .............................................   Passed    0.01 sec
2026-09-27T16:01:54.9594853Z           Start   24: LoggerCliArgsTest.AskingForOffIsARequestAndNotATypo
2026-09-27T16:01:54.9732848Z   24/1366 Test   #24: LoggerCliArgsTest.AskingForOffIsARequestAndNotATypo .....................................................   Passed    0.01 sec
2026-09-27T16:01:54.9739176Z           Start   25: LoggerCliArgsTest.EveryFlagTheLoggingParserOwnsSurvivesTheCheck
2026-09-27T16:01:54.9877912Z   25/1366 Test   #25: LoggerCliArgsTest.EveryFlagTheLoggingParserOwnsSurvivesTheCheck .........................................   Passed    0.01 sec
2026-09-27T16:01:54.9884193Z           Start   26: LoggerCliArgsTest.EveryFlagTheCallerDeclaresSurvivesTheCheck
2026-09-27T16:01:55.0021572Z   26/1366 Test   #26: LoggerCliArgsTest.EveryFlagTheCallerDeclaresSurvivesTheCheck ............................................   Passed    0.01 sec
2026-09-27T16:01:55.0026402Z           Start   27: LoggerCliArgsTest.ACommandLineUsingBothParsersFlagsIsAccepted
2026-09-27T16:01:55.0154448Z   27/1366 Test   #27: LoggerCliArgsTest.ACommandLineUsingBothParsersFlagsIsAccepted ...........................................   Passed    0.01 sec
2026-09-27T16:01:55.0159528Z           Start   28: LoggerCliArgsTest.TheValueOfAValueTakingFlagIsNotScannedAsAnOption
2026-09-27T16:01:55.0285862Z   28/1366 Test   #28: LoggerCliArgsTest.TheValueOfAValueTakingFlagIsNotScannedAsAnOption ......................................   Passed    0.01 sec
2026-09-27T16:01:55.0290773Z           Start   29: LoggerCliArgsTest.APositionalAndABareDashAreNotOptions
2026-09-27T16:01:55.0418249Z   29/1366 Test   #29: LoggerCliArgsTest.APositionalAndABareDashAreNotOptions ..................................................   Passed    0.01 sec
2026-09-27T16:01:55.0423226Z           Start   30: LoggerCliArgsTest.EveryValueTakingFlagInTheTableIsHonouredByTheParser
2026-09-27T16:01:55.0550529Z   30/1366 Test   #30: LoggerCliArgsTest.EveryValueTakingFlagInTheTableIsHonouredByTheParser ...................................   Passed    0.01 sec
2026-09-27T16:01:55.0555870Z           Start   31: LoggerFileSinkTest.InitWritesToThePathTheConfigNamesAndToNoOther
2026-09-27T16:01:55.0692680Z   31/1366 Test   #31: LoggerFileSinkTest.InitWritesToThePathTheConfigNamesAndToNoOther ........................................   Passed    0.01 sec
2026-09-27T16:01:55.0697263Z           Start   32: LoggerFileSinkTest.AnEmptyPathOpensNoFile
2026-09-27T16:01:55.0830162Z   32/1366 Test   #32: LoggerFileSinkTest.AnEmptyPathOpensNoFile ...............................................................   Passed    0.01 sec
2026-09-27T16:01:55.0835109Z           Start   33: LoggerUsageTextTest.TheUsageShowsLogfileTakingAPath
2026-09-27T16:01:55.0966708Z   33/1366 Test   #33: LoggerUsageTextTest.TheUsageShowsLogfileTakingAPath .....................................................   Passed    0.01 sec
2026-09-27T16:01:55.0971820Z           Start   34: LoggerUsageTextTest.TheUsageNoLongerPromisesAHardCodedFilename
2026-09-27T16:01:55.1104618Z   34/1366 Test   #34: LoggerUsageTextTest.TheUsageNoLongerPromisesAHardCodedFilename ..........................................   Passed    0.01 sec
2026-09-27T16:01:55.1110142Z           Start   35: LoggerUsageTextTest.TheUsageShowsLoglevelTakingAValue
2026-09-27T16:01:55.1243522Z   35/1366 Test   #35: LoggerUsageTextTest.TheUsageShowsLoglevelTakingAValue ...................................................   Passed    0.01 sec
2026-09-27T16:01:55.1249720Z           Start   36: LoggerUsageTextTest.EveryLevelNameTheUsageActuallyPrintsIsAcceptedByTheParser
2026-09-27T16:01:55.1383077Z   36/1366 Test   #36: LoggerUsageTextTest.EveryLevelNameTheUsageActuallyPrintsIsAcceptedByTheParser ...........................   Passed    0.01 sec
2026-09-27T16:01:55.1388379Z           Start   37: RoutingStrategyFixture.InstallTargetsTheRyuAddRoute
2026-09-27T16:01:55.1521434Z   37/1366 Test   #37: RoutingStrategyFixture.InstallTargetsTheRyuAddRoute .....................................................   Passed    0.01 sec
2026-09-27T16:01:55.1527376Z           Start   38: RoutingStrategyFixture.EveryRequestAsksForTheStatusCodeAndBoundsItsTime
2026-09-27T16:01:55.1660794Z   38/1366 Test   #38: RoutingStrategyFixture.EveryRequestAsksForTheStatusCodeAndBoundsItsTime .................................   Passed    0.01 sec
2026-09-27T16:01:55.1666751Z           Start   39: RoutingStrategyFixture.DeleteWithoutPriorityUsesTheNonStrictRoute
2026-09-27T16:01:55.1800931Z   39/1366 Test   #39: RoutingStrategyFixture.DeleteWithoutPriorityUsesTheNonStrictRoute .......................................   Passed    0.01 sec
2026-09-27T16:01:55.1806812Z           Start   40: RoutingStrategyFixture.DeleteWithPriorityUsesTheStrictRoute
2026-09-27T16:01:55.1939174Z   40/1366 Test   #40: RoutingStrategyFixture.DeleteWithPriorityUsesTheStrictRoute .............................................   Passed    0.01 sec
2026-09-27T16:01:55.1945183Z           Start   41: RoutingStrategyFixture.ModifyWithPriorityUsesTheStrictRouteSoItCanOnlyHitThatEntry
2026-09-27T16:01:55.2078257Z   41/1366 Test   #41: RoutingStrategyFixture.ModifyWithPriorityUsesTheStrictRouteSoItCanOnlyHitThatEntry ......................   Passed    0.01 sec
2026-09-27T16:01:55.2083945Z           Start   42: RoutingStrategyFixture.ModifyWithoutAPriorityStaysOnTheNonStrictRoute
2026-09-27T16:01:55.2218886Z   42/1366 Test   #42: RoutingStrategyFixture.ModifyWithoutAPriorityStaysOnTheNonStrictRoute ...................................   Passed    0.01 sec
2026-09-27T16:01:55.2224249Z           Start   43: RoutingStrategyFixture.ModifyOnTheP4ProxyKeepsTheRouteTheProxyActuallyServes
2026-09-27T16:01:55.2356602Z   43/1366 Test   #43: RoutingStrategyFixture.ModifyOnTheP4ProxyKeepsTheRouteTheProxyActuallyServes ............................   Passed    0.01 sec
2026-09-27T16:01:55.2361349Z           Start   44: RoutingStrategyFixture.ModifyAndDeleteAgreeOnWhatAPriorityMeans
2026-09-27T16:01:55.2492860Z   44/1366 Test   #44: RoutingStrategyFixture.ModifyAndDeleteAgreeOnWhatAPriorityMeans .........................................   Passed    0.01 sec
2026-09-27T16:01:55.2497436Z           Start   45: RoutingStrategyFixture.IdleTimeoutIsOmittedForBothSentinels
2026-09-27T16:01:55.2627220Z   45/1366 Test   #45: RoutingStrategyFixture.IdleTimeoutIsOmittedForBothSentinels .............................................   Passed    0.01 sec
2026-09-27T16:01:55.2632121Z           Start   46: RoutingStrategyFixture.P4StrategyTargetsTheProxyNotRyu
2026-09-27T16:01:55.2763425Z   46/1366 Test   #46: RoutingStrategyFixture.P4StrategyTargetsTheProxyNotRyu ..................................................   Passed    0.01 sec
2026-09-27T16:01:55.2768202Z           Start   47: RoutingStrategyFixture.ReportsFailureWhenNothingAnswers
2026-09-27T16:01:55.2900851Z   47/1366 Test   #47: RoutingStrategyFixture.ReportsFailureWhenNothingAnswers .................................................   Passed    0.01 sec
2026-09-27T16:01:55.2906256Z           Start   48: RoutingStrategyFixture.ReportsFailureOnHttpErrorStatus
2026-09-27T16:01:55.3038957Z   48/1366 Test   #48: RoutingStrategyFixture.ReportsFailureOnHttpErrorStatus ..................................................   Passed    0.01 sec
2026-09-27T16:01:55.3043955Z           Start   49: RoutingStrategyFixture.TreatsAnErrorBodyInA200AsFailure
2026-09-27T16:01:55.3176215Z   49/1366 Test   #49: RoutingStrategyFixture.TreatsAnErrorBodyInA200AsFailure .................................................   Passed    0.01 sec
2026-09-27T16:01:55.3181052Z           Start   50: RoutingStrategyFixture.AcceptsASuccessBodyAndANonJsonBody
2026-09-27T16:01:55.3313816Z   50/1366 Test   #50: RoutingStrategyFixture.AcceptsASuccessBodyAndANonJsonBody ...............................................   Passed    0.01 sec
2026-09-27T16:01:55.3318683Z           Start   51: RoutingStrategyFixture.HandlesOutputWithNoStatusLine
2026-09-27T16:01:55.3449857Z   51/1366 Test   #51: RoutingStrategyFixture.HandlesOutputWithNoStatusLine ....................................................   Passed    0.01 sec
2026-09-27T16:01:55.3454903Z           Start   52: RoutingStrategyFixture.AQuoteInAMatchValueIsSentAsDataAndDoesNotBreakTheRequest
2026-09-27T16:01:55.3588229Z   52/1366 Test   #52: RoutingStrategyFixture.AQuoteInAMatchValueIsSentAsDataAndDoesNotBreakTheRequest .........................   Passed    0.01 sec
2026-09-27T16:01:55.3593130Z           Start   53: RoutingStrategyFixture.ARequestThatNeverRanDoesNotAccuseTheController
2026-09-27T16:01:55.3724853Z   53/1366 Test   #53: RoutingStrategyFixture.ARequestThatNeverRanDoesNotAccuseTheController ...................................   Passed    0.01 sec
2026-09-27T16:01:55.3729747Z           Start   54: RoutingStrategyFixture.P4RefusesGroupAndMeterEntriesWithoutSendingAnything
2026-09-27T16:01:55.3863198Z   54/1366 Test   #54: RoutingStrategyFixture.P4RefusesGroupAndMeterEntriesWithoutSendingAnything ..............................   Passed    0.01 sec
2026-09-27T16:01:55.3868040Z           Start   55: RoutingStrategyFixture.OpenFlowStillSupportsGroupAndMeterEntries
2026-09-27T16:01:55.3999879Z   55/1366 Test   #55: RoutingStrategyFixture.OpenFlowStillSupportsGroupAndMeterEntries ........................................   Passed    0.01 sec
2026-09-27T16:01:55.4004823Z           Start   56: RoutingStrategyFixture.StrategiesNameThemselvesForLogs
2026-09-27T16:01:55.4135165Z   56/1366 Test   #56: RoutingStrategyFixture.StrategiesNameThemselvesForLogs ..................................................   Passed    0.01 sec
2026-09-27T16:01:55.4139914Z           Start   57: RoutingStrategyFixture.AProxyRefusalIsAVerdictAboutTheSwitch
2026-09-27T16:01:55.4273512Z   57/1366 Test   #57: RoutingStrategyFixture.AProxyRefusalIsAVerdictAboutTheSwitch ............................................   Passed    0.01 sec
2026-09-27T16:01:55.4278591Z           Start   58: RoutingStrategyFixture.AProxyErrorStatusIsAlsoAVerdictAboutTheSwitch
2026-09-27T16:01:55.4409392Z   58/1366 Test   #58: RoutingStrategyFixture.AProxyErrorStatusIsAlsoAVerdictAboutTheSwitch ....................................   Passed    0.01 sec
2026-09-27T16:01:55.4414347Z           Start   59: RoutingStrategyFixture.ARyuRejectionIsNotAVerdictAboutTheSwitch
2026-09-27T16:01:55.4545255Z   59/1366 Test   #59: RoutingStrategyFixture.ARyuRejectionIsNotAVerdictAboutTheSwitch .........................................   Passed    0.01 sec
2026-09-27T16:01:55.4549970Z           Start   60: RoutingStrategyFixture.AnUnansweredRequestIsNoVerdictOnEitherPlane
2026-09-27T16:01:55.4680437Z   60/1366 Test   #60: RoutingStrategyFixture.AnUnansweredRequestIsNoVerdictOnEitherPlane ......................................   Passed    0.01 sec
2026-09-27T16:01:55.4686370Z           Start   61: ComputeEstimatedRatesTest.ZeroHopsReportsNoActiveHopsInsteadOfDividing
2026-09-27T16:01:55.4818922Z   61/1366 Test   #61: ComputeEstimatedRatesTest.ZeroHopsReportsNoActiveHopsInsteadOfDividing ..................................   Passed    0.01 sec
2026-09-27T16:01:55.4824092Z           Start   62: ComputeEstimatedRatesTest.NegativeHopsIsTreatedAsNoActiveHops
2026-09-27T16:01:55.4953738Z   62/1366 Test   #62: ComputeEstimatedRatesTest.NegativeHopsIsTreatedAsNoActiveHops ...........................................   Passed    0.01 sec
2026-09-27T16:01:55.4958751Z           Start   63: ComputeEstimatedRatesTest.SingleHopReturnsAccumulatedTotalsUnchanged
2026-09-27T16:01:55.5088756Z   63/1366 Test   #63: ComputeEstimatedRatesTest.SingleHopReturnsAccumulatedTotalsUnchanged ....................................   Passed    0.01 sec
2026-09-27T16:01:55.5094039Z           Start   64: ComputeEstimatedRatesTest.AveragesAcrossHopsThatObservedTraffic
2026-09-27T16:01:55.5223145Z   64/1366 Test   #64: ComputeEstimatedRatesTest.AveragesAcrossHopsThatObservedTraffic .........................................   Passed    0.01 sec
2026-09-27T16:01:55.5227833Z           Start   65: ComputeEstimatedRatesTest.IntegerDivisionTruncatesTowardZero
2026-09-27T16:01:55.5356484Z   65/1366 Test   #65: ComputeEstimatedRatesTest.IntegerDivisionTruncatesTowardZero ............................................   Passed    0.01 sec
2026-09-27T16:01:55.5361247Z           Start   66: ComputeEstimatedRatesTest.ZeroTotalsAcrossActiveHopsStillCountsAsActive
2026-09-27T16:01:55.5489989Z   66/1366 Test   #66: ComputeEstimatedRatesTest.ZeroTotalsAcrossActiveHopsStillCountsAsActive .................................   Passed    0.01 sec
2026-09-27T16:01:55.5495843Z           Start   67: ComputeEstimatedRatesTest.FlowAndPacketRatesAreDerivedFromSeparateAccumulators
2026-09-27T16:01:55.5628336Z   67/1366 Test   #67: ComputeEstimatedRatesTest.FlowAndPacketRatesAreDerivedFromSeparateAccumulators ..........................   Passed    0.01 sec
2026-09-27T16:01:55.5633817Z           Start   68: ComputeEstimatedRatesTest.HandlesLargeAccumulatedTotalsWithoutOverflow
2026-09-27T16:01:55.5765222Z   68/1366 Test   #68: ComputeEstimatedRatesTest.HandlesLargeAccumulatedTotalsWithoutOverflow ..................................   Passed    0.01 sec
2026-09-27T16:01:55.5770202Z           Start   69: CounterDeltaTest.TheOrdinaryForwardCaseIsPlainSubtraction
2026-09-27T16:01:55.5901287Z   69/1366 Test   #69: CounterDeltaTest.TheOrdinaryForwardCaseIsPlainSubtraction ...............................................   Passed    0.01 sec
2026-09-27T16:01:55.5906640Z           Start   70: CounterDeltaTest.NoTrafficSinceTheLastReadingIsZeroNotAnError
2026-09-27T16:01:55.6039755Z   70/1366 Test   #70: CounterDeltaTest.NoTrafficSinceTheLastReadingIsZeroNotAnError ...........................................   Passed    0.01 sec
2026-09-27T16:01:55.6045195Z           Start   71: CounterDeltaTest.ACounterThatWentBackwardsYieldsZeroRatherThanWrappingTo18Exa
2026-09-27T16:01:55.6175897Z   71/1366 Test   #71: CounterDeltaTest.ACounterThatWentBackwardsYieldsZeroRatherThanWrappingTo18Exa ...........................   Passed    0.01 sec
2026-09-27T16:01:55.6180830Z           Start   72: CounterDeltaTest.TheWrappedValueWouldHaveBeenReportedAsAnElephantFlow
2026-09-27T16:01:55.6312825Z   72/1366 Test   #72: CounterDeltaTest.TheWrappedValueWouldHaveBeenReportedAsAnElephantFlow ...................................   Passed    0.01 sec
2026-09-27T16:01:55.6317831Z           Start   73: CounterDeltaTest.ARealCounterResetToZeroIsTheCommonBackwardsCase
2026-09-27T16:01:55.6447710Z   73/1366 Test   #73: CounterDeltaTest.ARealCounterResetToZeroIsTheCommonBackwardsCase ........................................   Passed    0.01 sec
2026-09-27T16:01:55.6452456Z           Start   74: CounterDeltaTest.LargeForwardDeltasAreNotClamped
2026-09-27T16:01:55.6581410Z   74/1366 Test   #74: CounterDeltaTest.LargeForwardDeltasAreNotClamped ........................................................   Passed    0.01 sec
2026-09-27T16:01:55.6586239Z           Start   75: RateDenominator.SameBytesOverTwoSecondsIsHalfTheRate
2026-09-27T16:01:55.6717193Z   75/1366 Test   #75: RateDenominator.SameBytesOverTwoSecondsIsHalfTheRate ....................................................   Passed    0.01 sec
2026-09-27T16:01:55.6722349Z           Start   76: RateDenominator.TheIntervalActuallyUsedIsTheOneSupplied
2026-09-27T16:01:55.6850488Z   76/1366 Test   #76: RateDenominator.TheIntervalActuallyUsedIsTheOneSupplied .................................................   Passed    0.01 sec
2026-09-27T16:01:55.6855486Z           Start   77: RateDenominator.ARealisticLoopPeriodOverstatesByExactlyThatPeriod
2026-09-27T16:01:55.6986688Z   77/1366 Test   #77: RateDenominator.ARealisticLoopPeriodOverstatesByExactlyThatPeriod .......................................   Passed    0.01 sec
2026-09-27T16:01:55.6991342Z           Start   78: RateDenominator.ZeroIntervalPublishesNothing
2026-09-27T16:01:55.7120707Z   78/1366 Test   #78: RateDenominator.ZeroIntervalPublishesNothing ............................................................   Passed    0.01 sec
2026-09-27T16:01:55.7125795Z           Start   79: RateDenominator.NegativeIntervalPublishesNothing
2026-09-27T16:01:55.7254640Z   79/1366 Test   #79: RateDenominator.NegativeIntervalPublishesNothing ........................................................   Passed    0.01 sec
2026-09-27T16:01:55.7259445Z           Start   80: RateDenominator.ZeroIntervalDoesNotRecordADivisor
2026-09-27T16:01:55.7389750Z   80/1366 Test   #80: RateDenominator.ZeroIntervalDoesNotRecordADivisor .......................................................   Passed    0.01 sec
2026-09-27T16:01:55.7394625Z           Start   81: RateDenominator.DivisorStartsAtASentinelNotZero
2026-09-27T16:01:55.7524716Z   81/1366 Test   #81: RateDenominator.DivisorStartsAtASentinelNotZero .........................................................   Passed    0.01 sec
2026-09-27T16:01:55.7529585Z           Start   82: FlowRateDenominator.FlowSameBytesOverTwoSecondsIsHalfTheRate
2026-09-27T16:01:55.7659750Z   82/1366 Test   #82: FlowRateDenominator.FlowSameBytesOverTwoSecondsIsHalfTheRate ............................................   Passed    0.01 sec
2026-09-27T16:01:55.7664462Z           Start   83: FlowRateDenominator.FlowPacketRateIsPerSecondToo
2026-09-27T16:01:55.7790694Z   83/1366 Test   #83: FlowRateDenominator.FlowPacketRateIsPerSecondToo ........................................................   Passed    0.01 sec
2026-09-27T16:01:55.7795557Z           Start   84: FlowRateDenominator.ARealisticLoopPeriodOverstatesTheFlowRateByThatPeriod
2026-09-27T16:01:55.7920748Z   84/1366 Test   #84: FlowRateDenominator.ARealisticLoopPeriodOverstatesTheFlowRateByThatPeriod ...............................   Passed    0.01 sec
2026-09-27T16:01:55.7925624Z           Start   85: FlowRateDenominator.AnElephantIsDecidedOnTheDividedRate
2026-09-27T16:01:55.8053921Z   85/1366 Test   #85: FlowRateDenominator.AnElephantIsDecidedOnTheDividedRate .................................................   Passed    0.01 sec
2026-09-27T16:01:55.8058399Z           Start   86: FlowRateDenominator.OneDivisorForEveryFlowSoTheOrderSurvives
2026-09-27T16:01:55.8186980Z   86/1366 Test   #86: FlowRateDenominator.OneDivisorForEveryFlowSoTheOrderSurvives ............................................   Passed    0.01 sec
2026-09-27T16:01:55.8191554Z           Start   87: FlowRateDenominator.ZeroIntervalLeavesTheFlowAlone
2026-09-27T16:01:55.8320180Z   87/1366 Test   #87: FlowRateDenominator.ZeroIntervalLeavesTheFlowAlone ......................................................   Passed    0.01 sec
2026-09-27T16:01:55.8325576Z           Start   88: FlowRateDenominator.NegativeIntervalLeavesTheFlowAlone
2026-09-27T16:01:55.8454072Z   88/1366 Test   #88: FlowRateDenominator.NegativeIntervalLeavesTheFlowAlone ..................................................   Passed    0.01 sec
2026-09-27T16:01:55.8458904Z           Start   89: FlowRateDenominator.CountersAreDrainedSoTheNextIntervalStartsFromHere
2026-09-27T16:01:55.8587671Z   89/1366 Test   #89: FlowRateDenominator.CountersAreDrainedSoTheNextIntervalStartsFromHere ...................................   Passed    0.01 sec
2026-09-27T16:01:55.8592420Z           Start   90: FlowRateDenominator.TheFlowDivisorIsMeasuredNotAssumed
2026-09-27T16:01:56.1727545Z   90/1366 Test   #90: FlowRateDenominator.TheFlowDivisorIsMeasuredNotAssumed ..................................................   Passed    0.31 sec
2026-09-27T16:01:56.1732458Z           Start   91: FlowRateDenominator.TheFlowDivisorStartsAtASentinelNotZero
2026-09-27T16:01:56.1861404Z   91/1366 Test   #91: FlowRateDenominator.TheFlowDivisorStartsAtASentinelNotZero ..............................................   Passed    0.01 sec
2026-09-27T16:01:56.1866594Z           Start   92: LeftBandwidthCapacityTest.ADeclaredTenGigabitLinkAdvertisesTenGigabitsBeforeAnySample
2026-09-27T16:01:56.2012264Z   92/1366 Test   #92: LeftBandwidthCapacityTest.ADeclaredTenGigabitLinkAdvertisesTenGigabitsBeforeAnySample ...................   Passed    0.01 sec
2026-09-27T16:01:56.2017159Z           Start   93: LeftBandwidthCapacityTest.ADeclaredOneGigabitLinkIsRightForARecordedReason
2026-09-27T16:01:56.2163691Z   93/1366 Test   #93: LeftBandwidthCapacityTest.ADeclaredOneGigabitLinkIsRightForARecordedReason ..............................   Passed    0.01 sec
2026-09-27T16:01:56.2168443Z           Start   94: LeftBandwidthCapacityTest.AnUnsampledEdgeIsNotReportedAsMeasured
2026-09-27T16:01:56.2313606Z   94/1366 Test   #94: LeftBandwidthCapacityTest.AnUnsampledEdgeIsNotReportedAsMeasured ........................................   Passed    0.01 sec
2026-09-27T16:01:56.2319479Z           Start   95: LeftBandwidthCapacityTest.TheFirstFlowSampleTurnsDeclaredIntoMeasured
2026-09-27T16:01:56.2467619Z   95/1366 Test   #95: LeftBandwidthCapacityTest.TheFirstFlowSampleTurnsDeclaredIntoMeasured ...................................   Passed    0.01 sec
2026-09-27T16:01:56.2473357Z           Start   96: LeftBandwidthCapacityTest.AnIdleMeasuredEdgeAndAnUnsampledEdgeShareANumberAndDifferInProvenance
2026-09-27T16:01:56.2619507Z   96/1366 Test   #96: LeftBandwidthCapacityTest.AnIdleMeasuredEdgeAndAnUnsampledEdgeShareANumberAndDifferInProvenance .........   Passed    0.01 sec
2026-09-27T16:01:56.2624027Z           Start   97: LeftBandwidthDefaultTest.ADefaultConstructedEdgeDoesNotAdvertiseAGigabitOfHeadroom
2026-09-27T16:01:56.2748423Z   97/1366 Test   #97: LeftBandwidthDefaultTest.ADefaultConstructedEdgeDoesNotAdvertiseAGigabitOfHeadroom ......................   Passed    0.01 sec
2026-09-27T16:01:56.2753049Z           Start   98: LeftBandwidthDefaultTest.AnUnrecognisedProvenanceReadsBackAsUnknownNotAsCapacity
2026-09-27T16:01:56.2878057Z   98/1366 Test   #98: LeftBandwidthDefaultTest.AnUnrecognisedProvenanceReadsBackAsUnknownNotAsCapacity ........................   Passed    0.01 sec
2026-09-27T16:01:56.2883002Z           Start   99: LeftBandwidthDefaultTest.TheWireVocabularyIsExactlyThreeWords
2026-09-27T16:01:56.3009533Z   99/1366 Test   #99: LeftBandwidthDefaultTest.TheWireVocabularyIsExactlyThreeWords ...........................................   Passed    0.01 sec
2026-09-27T16:01:56.3014744Z           Start  100: FlowPathRecomputeInterval.IsOneSecondNotOneMillisecond
2026-09-27T16:01:56.3142704Z  100/1366 Test  #100: FlowPathRecomputeInterval.IsOneSecondNotOneMillisecond ..................................................   Passed    0.01 sec
2026-09-27T16:01:56.3147508Z           Start  101: FlowPathRecomputeInterval.AFlowSurvivingToTheIdleTimeoutGetsManyChancesAtAPath
2026-09-27T16:01:56.3274907Z  101/1366 Test  #101: FlowPathRecomputeInterval.AFlowSurvivingToTheIdleTimeoutGetsManyChancesAtAPath ..........................   Passed    0.01 sec
2026-09-27T16:01:56.3279514Z           Start  102: FlowPathRecomputeInterval.ShortFlowsCanDieWithoutAPathAndThatIsTheKnownCost
2026-09-27T16:01:56.3406852Z  102/1366 Test  #102: FlowPathRecomputeInterval.ShortFlowsCanDieWithoutAPathAndThatIsTheKnownCost .............................   Passed    0.01 sec
2026-09-27T16:01:56.3411223Z           Start  103: SwitchKindMappingTest.MapsKnownBrandNames
2026-09-27T16:01:56.3539089Z  103/1366 Test  #103: SwitchKindMappingTest.MapsKnownBrandNames ...............................................................   Passed    0.01 sec
2026-09-27T16:01:56.3544148Z           Start  104: SwitchKindMappingTest.UnknownBrandNameIsHardware
2026-09-27T16:01:56.3673578Z  104/1366 Test  #104: SwitchKindMappingTest.UnknownBrandNameIsHardware ........................................................   Passed    0.01 sec
2026-09-27T16:01:56.3678360Z           Start  105: SwitchKindMappingTest.BrandNameMappingIsCaseSensitiveByDesign
2026-09-27T16:01:56.3807256Z  105/1366 Test  #105: SwitchKindMappingTest.BrandNameMappingIsCaseSensitiveByDesign ...........................................   Passed    0.01 sec
2026-09-27T16:01:56.3812340Z           Start  106: SwitchKindMappingTest.ExplicitKindStringIsCaseInsensitiveAndAcceptsP4Alias
2026-09-27T16:01:56.3940502Z  106/1366 Test  #106: SwitchKindMappingTest.ExplicitKindStringIsCaseInsensitiveAndAcceptsP4Alias ..............................   Passed    0.01 sec
2026-09-27T16:01:56.3945556Z           Start  107: SwitchKindMappingTest.GarbageKindThrowsRatherThanDefaulting
2026-09-27T16:01:56.4075972Z  107/1366 Test  #107: SwitchKindMappingTest.GarbageKindThrowsRatherThanDefaulting .............................................   Passed    0.01 sec
2026-09-27T16:01:56.4080524Z           Start  108: SwitchKindMappingTest.ToStringCoversEveryKind
2026-09-27T16:01:56.4210063Z  108/1366 Test  #108: SwitchKindMappingTest.ToStringCoversEveryKind ...........................................................   Passed    0.01 sec
2026-09-27T16:01:56.4214938Z           Start  109: SwitchKindFixture.DerivesKindFromBrandNameWhenSwitchKindAbsent
2026-09-27T16:01:56.4362286Z  109/1366 Test  #109: SwitchKindFixture.DerivesKindFromBrandNameWhenSwitchKindAbsent ..........................................   Passed    0.01 sec
2026-09-27T16:01:56.4366708Z           Start  110: SwitchKindFixture.DerivesOvsFromBrandName
2026-09-27T16:01:56.4512319Z  110/1366 Test  #110: SwitchKindFixture.DerivesOvsFromBrandName ...............................................................   Passed    0.01 sec
2026-09-27T16:01:56.4516692Z           Start  111: SwitchKindFixture.ExplicitSwitchKindOverridesBrandName
2026-09-27T16:01:56.4664240Z  111/1366 Test  #111: SwitchKindFixture.ExplicitSwitchKindOverridesBrandName ..................................................   Passed    0.01 sec
2026-09-27T16:01:56.4669460Z           Start  112: SwitchKindFixture.UnknownDpidHasNoKind
2026-09-27T16:01:56.4818823Z  112/1366 Test  #112: SwitchKindFixture.UnknownDpidHasNoKind ..................................................................   Passed    0.01 sec
2026-09-27T16:01:56.4823901Z           Start  113: SwitchKindFixture.GroupsSwitchesByKind
2026-09-27T16:01:56.4973868Z  113/1366 Test  #113: SwitchKindFixture.GroupsSwitchesByKind ..................................................................   Passed    0.01 sec
2026-09-27T16:01:56.4978517Z           Start  114: SwitchKindFixture.HomogeneousTopologyValidates
2026-09-27T16:01:56.5125360Z  114/1366 Test  #114: SwitchKindFixture.HomogeneousTopologyValidates ..........................................................   Passed    0.01 sec
2026-09-27T16:01:56.5130011Z           Start  115: SwitchKindFixture.MixedTopologyIsRejectedByDefault
2026-09-27T16:01:56.5276218Z  115/1366 Test  #115: SwitchKindFixture.MixedTopologyIsRejectedByDefault ......................................................   Passed    0.01 sec
2026-09-27T16:01:56.5280867Z           Start  116: SwitchKindFixture.MixedTopologyIsAllowedWhenOptedIn
2026-09-27T16:01:56.5428458Z  116/1366 Test  #116: SwitchKindFixture.MixedTopologyIsAllowedWhenOptedIn .....................................................   Passed    0.01 sec
2026-09-27T16:01:56.5433440Z           Start  117: SwitchKindFixture.EmptyTopologyFailsValidation
2026-09-27T16:01:56.5561998Z  117/1366 Test  #117: SwitchKindFixture.EmptyTopologyFailsValidation ..........................................................   Passed    0.01 sec
2026-09-27T16:01:56.5566923Z           Start  118: SwitchKindFixture.AnEmptyTopologyFileIsRefusedAtLoad
2026-09-27T16:01:56.5709651Z  118/1366 Test  #118: SwitchKindFixture.AnEmptyTopologyFileIsRefusedAtLoad ....................................................   Passed    0.01 sec
2026-09-27T16:01:56.5714716Z           Start  119: SwitchKindFixture.TopologyOverrideAppliesInMininetMode
2026-09-27T16:01:56.5841851Z  119/1366 Test  #119: SwitchKindFixture.TopologyOverrideAppliesInMininetMode ..................................................   Passed    0.01 sec
2026-09-27T16:01:56.5846601Z           Start  120: SwitchKindFixture.TopologyOverrideAlsoAppliesInTestbedMode
2026-09-27T16:01:56.5975242Z  120/1366 Test  #120: SwitchKindFixture.TopologyOverrideAlsoAppliesInTestbedMode ..............................................   Passed    0.01 sec
2026-09-27T16:01:56.5980222Z           Start  121: SwitchKindFixture.EmptyOverrideCountsAsUnset
2026-09-27T16:01:56.6109285Z  121/1366 Test  #121: SwitchKindFixture.EmptyOverrideCountsAsUnset ............................................................   Passed    0.01 sec
2026-09-27T16:01:56.6114475Z           Start  122: SwitchKindFixture.FallsBackToModeDefaultWithoutOverride
2026-09-27T16:01:56.6246165Z  122/1366 Test  #122: SwitchKindFixture.FallsBackToModeDefaultWithoutOverride .................................................   Passed    0.01 sec
2026-09-27T16:01:56.6251261Z           Start  123: SwitchKindFixture.Bmv2DpidSelectsTheP4Strategy
2026-09-27T16:01:56.6397558Z  123/1366 Test  #123: SwitchKindFixture.Bmv2DpidSelectsTheP4Strategy ..........................................................   Passed    0.01 sec
2026-09-27T16:01:56.6402881Z           Start  124: SwitchKindFixture.OvsDpidSelectsTheOpenFlowStrategy
2026-09-27T16:01:56.6547519Z  124/1366 Test  #124: SwitchKindFixture.OvsDpidSelectsTheOpenFlowStrategy .....................................................   Passed    0.01 sec
2026-09-27T16:01:56.6552197Z           Start  125: SwitchKindFixture.HardwareDpidSelectsTheOpenFlowStrategy
2026-09-27T16:01:56.6698368Z  125/1366 Test  #125: SwitchKindFixture.HardwareDpidSelectsTheOpenFlowStrategy ................................................   Passed    0.01 sec
2026-09-27T16:01:56.6703235Z           Start  126: SwitchKindFixture.UnknownDpidReturnsNullptrRatherThanFallingBackToOvs
2026-09-27T16:01:56.6848722Z  126/1366 Test  #126: SwitchKindFixture.UnknownDpidReturnsNullptrRatherThanFallingBackToOvs ...................................   Passed    0.01 sec
2026-09-27T16:01:56.6853605Z           Start  127: SwitchKindFixture.MixedTopologyDispatchesPerDpid
2026-09-27T16:01:56.7002950Z  127/1366 Test  #127: SwitchKindFixture.MixedTopologyDispatchesPerDpid ........................................................   Passed    0.01 sec
2026-09-27T16:01:56.7007739Z           Start  128: TopologyIpValidationTest.ASwitchWithAnEmptyIpArrayIsRejectedAtLoad
2026-09-27T16:01:56.7157224Z  128/1366 Test  #128: TopologyIpValidationTest.ASwitchWithAnEmptyIpArrayIsRejectedAtLoad ......................................   Passed    0.01 sec
2026-09-27T16:01:56.7162062Z           Start  129: TopologyIpValidationTest.ASwitchWithAnAddressStillLoads
2026-09-27T16:01:56.7307163Z  129/1366 Test  #129: TopologyIpValidationTest.ASwitchWithAnAddressStillLoads .................................................   Passed    0.01 sec
2026-09-27T16:01:56.7312169Z           Start  130: TopologyIpValidationTest.AHostWithNoAddressIsRefusedAtLoad
2026-09-27T16:01:56.7457565Z  130/1366 Test  #130: TopologyIpValidationTest.AHostWithNoAddressIsRefusedAtLoad ..............................................   Passed    0.01 sec
2026-09-27T16:01:56.7462132Z           Start  131: TopologyIpValidationTest.AHostWithAnAddressStillLoads
2026-09-27T16:01:56.7609148Z  131/1366 Test  #131: TopologyIpValidationTest.AHostWithAnAddressStillLoads ...................................................   Passed    0.01 sec
2026-09-27T16:01:56.7613447Z           Start  132: SFlowParsingFixture.RejectsNullBuffer
2026-09-27T16:01:56.7740526Z  132/1366 Test  #132: SFlowParsingFixture.RejectsNullBuffer ...................................................................   Passed    0.01 sec
2026-09-27T16:01:56.7745635Z           Start  133: SFlowParsingFixture.RejectsDatagramShorterThanTheHeader
2026-09-27T16:01:56.7871230Z  133/1366 Test  #133: SFlowParsingFixture.RejectsDatagramShorterThanTheHeader .................................................   Passed    0.01 sec
2026-09-27T16:01:56.7876002Z           Start  134: SFlowParsingFixture.RejectsUnalignedLength
2026-09-27T16:01:56.8004880Z  134/1366 Test  #134: SFlowParsingFixture.RejectsUnalignedLength ..............................................................   Passed    0.01 sec
2026-09-27T16:01:56.8009516Z           Start  135: SFlowParsingFixture.ExtractsFlowsWhenTheVersionIsFive
2026-09-27T16:01:56.8201566Z  135/1366 Test  #135: SFlowParsingFixture.ExtractsFlowsWhenTheVersionIsFive ...................................................   Passed    0.02 sec
2026-09-27T16:01:56.8206426Z           Start  136: SFlowParsingFixture.IgnoresUnsupportedVersion
2026-09-27T16:01:56.8335265Z  136/1366 Test  #136: SFlowParsingFixture.IgnoresUnsupportedVersion ...........................................................   Passed    0.01 sec
2026-09-27T16:01:56.8340046Z           Start  137: SFlowParsingFixture.HandlesHeaderThatPromisesASampleWithNoBodyAtAll
2026-09-27T16:01:56.8469991Z  137/1366 Test  #137: SFlowParsingFixture.HandlesHeaderThatPromisesASampleWithNoBodyAtAll .....................................   Passed    0.01 sec
2026-09-27T16:01:56.8475010Z           Start  138: SFlowParsingFixture.HandlesEveryTruncationOfACounterSample
2026-09-27T16:01:56.8607500Z  138/1366 Test  #138: SFlowParsingFixture.HandlesEveryTruncationOfACounterSample ..............................................   Passed    0.01 sec
2026-09-27T16:01:56.8612423Z           Start  139: SFlowParsingFixture.HandlesEveryTruncationOfAFlowSample
2026-09-27T16:01:56.8807893Z  139/1366 Test  #139: SFlowParsingFixture.HandlesEveryTruncationOfAFlowSample .................................................   Passed    0.02 sec
2026-09-27T16:01:56.8812299Z           Start  140: SFlowParsingFixture.RejectsAnImpossibleSampleCount
2026-09-27T16:01:56.8943359Z  140/1366 Test  #140: SFlowParsingFixture.RejectsAnImpossibleSampleCount ......................................................   Passed    0.01 sec
2026-09-27T16:01:56.8948249Z           Start  141: SFlowParsingFixture.TerminatesWhenSampleLengthIsZero
2026-09-27T16:01:56.9145142Z  141/1366 Test  #141: SFlowParsingFixture.TerminatesWhenSampleLengthIsZero ....................................................   Passed    0.02 sec
2026-09-27T16:01:56.9149861Z           Start  142: SFlowParsingFixture.TerminatesWhenFlowDataLengthExceedsSampleLength
2026-09-27T16:01:56.9282193Z  142/1366 Test  #142: SFlowParsingFixture.TerminatesWhenFlowDataLengthExceedsSampleLength .....................................   Passed    0.01 sec
2026-09-27T16:01:56.9287325Z           Start  143: SFlowParsingFixture.HandlesSampleLengthLargerThanTheDatagram
2026-09-27T16:01:56.9418358Z  143/1366 Test  #143: SFlowParsingFixture.HandlesSampleLengthLargerThanTheDatagram ............................................   Passed    0.01 sec
2026-09-27T16:01:56.9423407Z           Start  144: SFlowParsingFixture.HandlesUnknownSampleTypes
2026-09-27T16:01:56.9554138Z  144/1366 Test  #144: SFlowParsingFixture.HandlesUnknownSampleTypes ...........................................................   Passed    0.01 sec
2026-09-27T16:01:56.9558916Z           Start  145: SFlowParsingFixture.HandlesManySamplesWithinOneDatagram
2026-09-27T16:01:56.9689563Z  145/1366 Test  #145: SFlowParsingFixture.HandlesManySamplesWithinOneDatagram .................................................   Passed    0.01 sec
2026-09-27T16:01:56.9694591Z           Start  146: SFlowParsingFixture.HandlesNonIpv4EtherType
2026-09-27T16:01:56.9888780Z  146/1366 Test  #146: SFlowParsingFixture.HandlesNonIpv4EtherType .............................................................   Passed    0.02 sec
2026-09-27T16:01:56.9893675Z           Start  147: SFlowParsingFixture.SurvivesStructuredGarbage
2026-09-27T16:01:57.0037788Z  147/1366 Test  #147: SFlowParsingFixture.SurvivesStructuredGarbage ...........................................................   Passed    0.01 sec
2026-09-27T16:01:57.0042472Z           Start  148: SFlowParsingFixture.SurvivesTruncationSweepOverGarbage
2026-09-27T16:01:57.0176135Z  148/1366 Test  #148: SFlowParsingFixture.SurvivesTruncationSweepOverGarbage ..................................................   Passed    0.01 sec
2026-09-27T16:01:57.0180989Z           Start  149: SFlowParsingFixture.CountsEveryMalformedDatagramEvenThoughLoggingIsRateLimited
2026-09-27T16:01:57.0313592Z  149/1366 Test  #149: SFlowParsingFixture.CountsEveryMalformedDatagramEvenThoughLoggingIsRateLimited ..........................   Passed    0.01 sec
2026-09-27T16:01:57.0318517Z           Start  150: SFlowParsingFixture.HandlesEveryTruncationOfAnIpv6ExtensionHeaderChain
2026-09-27T16:01:57.1806456Z  150/1366 Test  #150: SFlowParsingFixture.HandlesEveryTruncationOfAnIpv6ExtensionHeaderChain ..................................   Passed    0.15 sec
2026-09-27T16:01:57.1936094Z           Start  151: SFlowParsingFixture.AFullIpv6ExtensionChainResolvesToTheUpperLayerPorts
2026-09-27T16:01:57.2135609Z  151/1366 Test  #151: SFlowParsingFixture.AFullIpv6ExtensionChainResolvesToTheUpperLayerPorts .................................   Passed    0.02 sec
2026-09-27T16:01:57.2140522Z           Start  152: SFlowParsingFixture.AnOpaqueIpv6ExtensionHeaderFallsBackToTheL2Identity
2026-09-27T16:01:57.2337779Z  152/1366 Test  #152: SFlowParsingFixture.AnOpaqueIpv6ExtensionHeaderFallsBackToTheL2Identity .................................   Passed    0.02 sec
2026-09-27T16:01:57.2342859Z           Start  153: SFlowParsingFixture.AChainCutOffInsideTheCapturedHeaderDoesNotInventPorts
2026-09-27T16:01:57.2538861Z  153/1366 Test  #153: SFlowParsingFixture.AChainCutOffInsideTheCapturedHeaderDoesNotInventPorts ...............................   Passed    0.02 sec
2026-09-27T16:01:57.2543485Z           Start  154: SFlowParsingFixture.AChainWithinTheBoundResolvesAndOneBeyondItDoesNot
2026-09-27T16:01:57.2796919Z  154/1366 Test  #154: SFlowParsingFixture.AChainWithinTheBoundResolvesAndOneBeyondItDoesNot ...................................   Passed    0.03 sec
2026-09-27T16:01:57.2801441Z           Start  155: BoundedWordsTest.ReadsInRangeWordsUnchanged
2026-09-27T16:01:57.2929450Z  155/1366 Test  #155: BoundedWordsTest.ReadsInRangeWordsUnchanged .............................................................   Passed    0.01 sec
2026-09-27T16:01:57.2934827Z           Start  156: BoundedWordsTest.ThrowsPastTheEnd
2026-09-27T16:01:57.3081131Z  156/1366 Test  #156: BoundedWordsTest.ThrowsPastTheEnd .......................................................................   Passed    0.01 sec
2026-09-27T16:01:57.3086592Z           Start  157: BoundedWordsTest.ReportsTheOffendingOffset
2026-09-27T16:01:57.3219714Z  157/1366 Test  #157: BoundedWordsTest.ReportsTheOffendingOffset ..............................................................   Passed    0.01 sec
2026-09-27T16:01:57.3225395Z           Start  158: BoundedWordsTest.EmptyViewThrowsOnAnyAccess
2026-09-27T16:01:57.3355164Z  158/1366 Test  #158: BoundedWordsTest.EmptyViewThrowsOnAnyAccess .............................................................   Passed    0.01 sec
2026-09-27T16:01:57.3360665Z           Start  159: TelemetrySilenceTest.AnAgentThatHasNeverReportedIsUnknownRatherThanSilent
2026-09-27T16:01:57.3492335Z  159/1366 Test  #159: TelemetrySilenceTest.AnAgentThatHasNeverReportedIsUnknownRatherThanSilent ...............................   Passed    0.01 sec
2026-09-27T16:01:57.3497442Z           Start  160: TelemetrySilenceTest.ARecentSampleOnThisPortIsLive
2026-09-27T16:01:57.3628775Z  160/1366 Test  #160: TelemetrySilenceTest.ARecentSampleOnThisPortIsLive ......................................................   Passed    0.01 sec
2026-09-27T16:01:57.3634650Z           Start  161: TelemetrySilenceTest.AnAgentStillReportingElsewhereMakesThisLinksZeroAMeasurement
2026-09-27T16:01:57.3767102Z  161/1366 Test  #161: TelemetrySilenceTest.AnAgentStillReportingElsewhereMakesThisLinksZeroAMeasurement .......................   Passed    0.01 sec
2026-09-27T16:01:57.3773703Z           Start  162: TelemetrySilenceTest.AnAgentReportingNowhereMakesThisLinksZeroAnAbsence
2026-09-27T16:01:57.3906407Z  162/1366 Test  #162: TelemetrySilenceTest.AnAgentReportingNowhereMakesThisLinksZeroAnAbsence .................................   Passed    0.01 sec
2026-09-27T16:01:57.3912317Z           Start  163: TelemetrySilenceTest.APortNeverSeenUnderALiveAgentIsIdleNotUnknown
2026-09-27T16:01:57.4043473Z  163/1366 Test  #163: TelemetrySilenceTest.APortNeverSeenUnderALiveAgentIsIdleNotUnknown ......................................   Passed    0.01 sec
2026-09-27T16:01:57.4048991Z           Start  164: TelemetrySilenceTest.TheWindowBoundaryIsInclusiveOnBothSides
2026-09-27T16:01:57.4181455Z  164/1366 Test  #164: TelemetrySilenceTest.TheWindowBoundaryIsInclusiveOnBothSides ............................................   Passed    0.01 sec
2026-09-27T16:01:57.4186999Z           Start  165: TelemetrySilenceTest.TheWindowIsConsultedRatherThanHardcoded
2026-09-27T16:01:57.4317805Z  165/1366 Test  #165: TelemetrySilenceTest.TheWindowIsConsultedRatherThanHardcoded ............................................   Passed    0.01 sec
2026-09-27T16:01:57.4323703Z           Start  166: TelemetrySilenceTest.TheRawAgesAreReportedAlongsideEveryVerdict
2026-09-27T16:01:57.4455852Z  166/1366 Test  #166: TelemetrySilenceTest.TheRawAgesAreReportedAlongsideEveryVerdict .........................................   Passed    0.01 sec
2026-09-27T16:01:57.4461202Z           Start  167: GoldenFixtureTest.TheFixtureSetIsCapturedTrafficOnly
2026-09-27T16:01:57.4618457Z  167/1366 Test  #167: GoldenFixtureTest.TheFixtureSetIsCapturedTrafficOnly ....................................................   Passed    0.02 sec
2026-09-27T16:01:57.4624615Z           Start  168: GoldenFixtureTest.FixturesArePresentAndWellFormed
2026-09-27T16:01:57.4779758Z  168/1366 Test  #168: GoldenFixtureTest.FixturesArePresentAndWellFormed .......................................................   Passed    0.02 sec
2026-09-27T16:01:57.4784901Z           Start  169: GoldenFixtureTest.ParsesRealOvsDatagramsIntoFlows
2026-09-27T16:01:57.5011172Z  169/1366 Test  #169: GoldenFixtureTest.ParsesRealOvsDatagramsIntoFlows .......................................................   Passed    0.02 sec
2026-09-27T16:01:57.5016236Z           Start  170: GoldenFixtureTest.ExtractsTheCapturedIperfFlowExactly
2026-09-27T16:01:57.5243163Z  170/1366 Test  #170: GoldenFixtureTest.ExtractsTheCapturedIperfFlowExactly ...................................................   Passed    0.02 sec
2026-09-27T16:01:57.5247271Z           Start  171: GoldenFixtureTest.ExtractsAllThreeProtocolPathsFromRealTraffic
2026-09-27T16:01:57.5474770Z  171/1366 Test  #171: GoldenFixtureTest.ExtractsAllThreeProtocolPathsFromRealTraffic ..........................................   Passed    0.02 sec
2026-09-27T16:01:57.5479659Z           Start  172: GoldenFixtureTest.IgnoresNonIpv4Frames
2026-09-27T16:01:57.5702400Z  172/1366 Test  #172: GoldenFixtureTest.IgnoresNonIpv4Frames ..................................................................   Passed    0.02 sec
2026-09-27T16:01:57.5707073Z           Start  173: GoldenFixtureTest.RequiresExtendedSwitchRecordBeforeTheRawHeader
2026-09-27T16:01:57.5862925Z  173/1366 Test  #173: GoldenFixtureTest.RequiresExtendedSwitchRecordBeforeTheRawHeader ........................................   Passed    0.02 sec
2026-09-27T16:01:57.5867838Z           Start  174: EmitterRoundtripTest.ParsesEmittedTcpSampleIntoTheExactFiveTuple
2026-09-27T16:01:57.6066738Z  174/1366 Test  #174: EmitterRoundtripTest.ParsesEmittedTcpSampleIntoTheExactFiveTuple ........................................   Passed    0.02 sec
2026-09-27T16:01:57.6071892Z           Start  175: EmitterRoundtripTest.ParsesEmittedUdpSample
2026-09-27T16:01:57.6268884Z  175/1366 Test  #175: EmitterRoundtripTest.ParsesEmittedUdpSample .............................................................   Passed    0.02 sec
2026-09-27T16:01:57.6275070Z           Start  176: EmitterRoundtripTest.ParsesEmittedIcmpSampleWithTypeAndCodeInThePortFields
2026-09-27T16:01:57.6469142Z  176/1366 Test  #176: EmitterRoundtripTest.ParsesEmittedIcmpSampleWithTypeAndCodeInThePortFields ..............................   Passed    0.02 sec
2026-09-27T16:01:57.6474465Z           Start  177: EmitterRoundtripTest.ParsesIcmpWithBothTypeAndCodeNonZero
2026-09-27T16:01:57.6672956Z  177/1366 Test  #177: EmitterRoundtripTest.ParsesIcmpWithBothTypeAndCodeNonZero ...............................................   Passed    0.02 sec
2026-09-27T16:01:57.6678253Z           Start  178: EmitterRoundtripTest.IgnoresEmittedArpWithoutInventingAFlow
2026-09-27T16:01:57.6877882Z  178/1366 Test  #178: EmitterRoundtripTest.IgnoresEmittedArpWithoutInventingAFlow .............................................   Passed    0.02 sec
2026-09-27T16:01:57.6883539Z           Start  179: EmitterRoundtripTest.ParsesATruncatedFrameAndReportsTheOriginalLength
2026-09-27T16:01:57.7081933Z  179/1366 Test  #179: EmitterRoundtripTest.ParsesATruncatedFrameAndReportsTheOriginalLength ...................................   Passed    0.02 sec
2026-09-27T16:01:57.7087183Z           Start  180: EmitterRoundtripTest.WalksEverySampleInAMultiSampleDatagram
2026-09-27T16:01:57.7286180Z  180/1366 Test  #180: EmitterRoundtripTest.WalksEverySampleInAMultiSampleDatagram .............................................   Passed    0.02 sec
2026-09-27T16:01:57.7291545Z           Start  181: EmitterRoundtripTest.BatchedSamplesBankEverySampleBytes
2026-09-27T16:01:57.7674437Z  181/1366 Test  #181: EmitterRoundtripTest.BatchedSamplesBankEverySampleBytes .................................................   Passed    0.04 sec
2026-09-27T16:01:57.7679921Z           Start  182: EmitterRoundtripTest.EmittedAndCapturedDatagramsAgreeOnStructure
2026-09-27T16:01:57.7886397Z  182/1366 Test  #182: EmitterRoundtripTest.EmittedAndCapturedDatagramsAgreeOnStructure ........................................   Passed    0.02 sec
2026-09-27T16:01:57.7898060Z           Start  183: IdentityPortMappingTest.AnAllBmv2TopologySkipsOvsVsctl
2026-09-27T16:01:57.8024137Z  183/1366 Test  #183: IdentityPortMappingTest.AnAllBmv2TopologySkipsOvsVsctl ..................................................   Passed    0.01 sec
2026-09-27T16:01:57.8029634Z           Start  184: IdentityPortMappingTest.AnAllOvsTopologyStillTranslates
2026-09-27T16:01:57.8163650Z  184/1366 Test  #184: IdentityPortMappingTest.AnAllOvsTopologyStillTranslates .................................................   Passed    0.01 sec
2026-09-27T16:01:57.8169335Z           Start  185: IdentityPortMappingTest.AnEmptyTopologyKeepsTheExistingBehaviour
2026-09-27T16:01:57.8303195Z  185/1366 Test  #185: IdentityPortMappingTest.AnEmptyTopologyKeepsTheExistingBehaviour ........................................   Passed    0.01 sec
2026-09-27T16:01:57.8308534Z           Start  186: IdentityPortMappingTest.AMixedTopologyDoesNotUseIdentity
2026-09-27T16:01:57.8442293Z  186/1366 Test  #186: IdentityPortMappingTest.AMixedTopologyDoesNotUseIdentity ................................................   Passed    0.01 sec
2026-09-27T16:01:57.8447533Z           Start  187: IdentityPortMappingTest.HardwareSwitchesTranslate
2026-09-27T16:01:57.8579974Z  187/1366 Test  #187: IdentityPortMappingTest.HardwareSwitchesTranslate .......................................................   Passed    0.01 sec
2026-09-27T16:01:57.8585972Z           Start  188: LateTopologyFixture.IdentityMappingIsChosenEvenWhenTheTopologyLoadsAfterStartup
2026-09-27T16:01:57.8739455Z  188/1366 Test  #188: LateTopologyFixture.IdentityMappingIsChosenEvenWhenTheTopologyLoadsAfterStartup .........................   Passed    0.02 sec
2026-09-27T16:01:57.8744658Z           Start  189: LateTopologyFixture.TheDecisionIsMadeOnceAndSticks
2026-09-27T16:01:57.8897584Z  189/1366 Test  #189: LateTopologyFixture.TheDecisionIsMadeOnceAndSticks ......................................................   Passed    0.02 sec
2026-09-27T16:01:57.8903253Z           Start  190: LateTopologyFixture.AnOvsTopologyStillGoesThroughTheMap
2026-09-27T16:01:57.9116490Z  190/1366 Test  #190: LateTopologyFixture.AnOvsTopologyStillGoesThroughTheMap .................................................   Passed    0.02 sec
2026-09-27T16:01:57.9122001Z           Start  191: LateTopologyFixture.ConcurrentFirstLookupsAgreeOnOneDecision
2026-09-27T16:01:57.9274440Z  191/1366 Test  #191: LateTopologyFixture.ConcurrentFirstLookupsAgreeOnOneDecision ............................................   Passed    0.01 sec
2026-09-27T16:01:57.9279670Z           Start  192: FlowKeyFamiliesTest.Ipv4KeyHashIsBitIdenticalToThePreFamilyExpression
2026-09-27T16:01:57.9428222Z  192/1366 Test  #192: FlowKeyFamiliesTest.Ipv4KeyHashIsBitIdenticalToThePreFamilyExpression ...................................   Passed    0.01 sec
2026-09-27T16:01:57.9433890Z           Start  193: FlowKeyFamiliesTest.TwoL2KeysDifferingOnlyInTheirMacsHashDifferently
2026-09-27T16:01:57.9582081Z  193/1366 Test  #193: FlowKeyFamiliesTest.TwoL2KeysDifferingOnlyInTheirMacsHashDifferently ....................................   Passed    0.01 sec
2026-09-27T16:01:57.9587452Z           Start  194: FlowKeyFamiliesTest.OrderingAmongIpv4KeysStillFollowsTheFiveTuple
2026-09-27T16:01:57.9736644Z  194/1366 Test  #194: FlowKeyFamiliesTest.OrderingAmongIpv4KeysStillFollowsTheFiveTuple .......................................   Passed    0.01 sec
2026-09-27T16:01:57.9742184Z           Start  195: FlowKeyFamiliesTest.AnIpv4SampleIsStillAnIpv4FlowWithTheSameFiveTuple
2026-09-27T16:01:57.9892160Z  195/1366 Test  #195: FlowKeyFamiliesTest.AnIpv4SampleIsStillAnIpv4FlowWithTheSameFiveTuple ...................................   Passed    0.01 sec
2026-09-27T16:01:57.9897484Z           Start  196: FlowKeyFamiliesTest.AnArpSampleBanksItsLinkBytesAndIsObservedAsL2
2026-09-27T16:01:58.0047906Z  196/1366 Test  #196: FlowKeyFamiliesTest.AnArpSampleBanksItsLinkBytesAndIsObservedAsL2 .......................................   Passed    0.01 sec
2026-09-27T16:01:58.0053346Z           Start  197: FlowKeyFamiliesTest.ACustomEtherTypeSampleBanksItsLinkBytesAndIsObservedAsL2
2026-09-27T16:01:58.0204767Z  197/1366 Test  #197: FlowKeyFamiliesTest.ACustomEtherTypeSampleBanksItsLinkBytesAndIsObservedAsL2 ............................   Passed    0.01 sec
2026-09-27T16:01:58.0210050Z           Start  198: FlowKeyFamiliesTest.AnIpv6UdpSampleIsObservedWithItsAddressesAndPorts
2026-09-27T16:01:58.0363955Z  198/1366 Test  #198: FlowKeyFamiliesTest.AnIpv6UdpSampleIsObservedWithItsAddressesAndPorts ...................................   Passed    0.02 sec
2026-09-27T16:01:58.0369687Z           Start  199: FlowKeyFamiliesTest.Ipv4OptionsMoveThePortsAndTheParserFollowsThem
2026-09-27T16:01:58.0520821Z  199/1366 Test  #199: FlowKeyFamiliesTest.Ipv4OptionsMoveThePortsAndTheParserFollowsThem ......................................   Passed    0.01 sec
2026-09-27T16:01:58.0526558Z           Start  200: FlowKeyFamiliesTest.AVlanTaggedIpv4SampleIsIdentifiedAsIpv4AfterOneTagIsStripped
2026-09-27T16:01:58.0679796Z  200/1366 Test  #200: FlowKeyFamiliesTest.AVlanTaggedIpv4SampleIsIdentifiedAsIpv4AfterOneTagIsStripped ........................   Passed    0.02 sec
2026-09-27T16:01:58.0685690Z           Start  201: FlowKeyFamiliesTest.AnIhlBelowFiveIsCountedAndRecordedAsNoFlowButStillBanksItsBytes
2026-09-27T16:01:58.0838808Z  201/1366 Test  #201: FlowKeyFamiliesTest.AnIhlBelowFiveIsCountedAndRecordedAsNoFlowButStillBanksItsBytes .....................   Passed    0.02 sec
2026-09-27T16:01:58.0844330Z           Start  202: FlowKeyFamiliesTest.AnEgressOnlySampleCreditsTheEgressBankAndOnlyThat
2026-09-27T16:01:58.0996420Z  202/1366 Test  #202: FlowKeyFamiliesTest.AnEgressOnlySampleCreditsTheEgressBankAndOnlyThat ...................................   Passed    0.01 sec
2026-09-27T16:01:58.1002161Z           Start  203: FlowKeyFamiliesTest.TheTwoHalvesOfADualPortSampleAreTheTwoOneSidedSamples
2026-09-27T16:01:58.1158328Z  203/1366 Test  #203: FlowKeyFamiliesTest.TheTwoHalvesOfADualPortSampleAreTheTwoOneSidedSamples ...............................   Passed    0.02 sec
2026-09-27T16:01:58.1163970Z           Start  204: FlowKeyFamiliesTest.TheStatsObjectCarriesEveryFamilyAndTheNonIpv4Identities
2026-09-27T16:01:58.1318279Z  204/1366 Test  #204: FlowKeyFamiliesTest.TheStatsObjectCarriesEveryFamilyAndTheNonIpv4Identities .............................   Passed    0.02 sec
2026-09-27T16:01:58.1323897Z           Start  205: FlowKeyFamiliesTest.RepeatedFramesOfOneIdentityAccumulateOnOneRow
2026-09-27T16:01:58.1478448Z  205/1366 Test  #205: FlowKeyFamiliesTest.RepeatedFramesOfOneIdentityAccumulateOnOneRow .......................................   Passed    0.02 sec
2026-09-27T16:01:58.1484367Z           Start  206: FlowKeyFamiliesTest.OneIpv4FlowStaysOneRowWhenTheMacsChangeAtEveryHop
2026-09-27T16:01:58.1635163Z  206/1366 Test  #206: FlowKeyFamiliesTest.OneIpv4FlowStaysOneRowWhenTheMacsChangeAtEveryHop ...................................   Passed    0.01 sec
2026-09-27T16:01:58.1640338Z           Start  207: FlowKeyFamiliesTest.TheParsersOwnIpv4KeyCarriesNoL2Fields
2026-09-27T16:01:58.1792261Z  207/1366 Test  #207: FlowKeyFamiliesTest.TheParsersOwnIpv4KeyCarriesNoL2Fields ...............................................   Passed    0.01 sec
2026-09-27T16:01:58.1797552Z           Start  208: FlowKeyFamiliesTest.AnIpv6KeyCarriesNoL2FieldsEither
2026-09-27T16:01:58.1950202Z  208/1366 Test  #208: FlowKeyFamiliesTest.AnIpv6KeyCarriesNoL2FieldsEither ....................................................   Passed    0.02 sec
2026-09-27T16:01:58.1955898Z           Start  209: FlowKeyFamiliesTest.ANonFirstFragmentBanksItsBytesAndDoesNotEndTheDatagram
2026-09-27T16:01:58.2112683Z  209/1366 Test  #209: FlowKeyFamiliesTest.ANonFirstFragmentBanksItsBytesAndDoesNotEndTheDatagram ..............................   Passed    0.02 sec
2026-09-27T16:01:58.2118346Z           Start  210: FlowKeyFamiliesTest.AnHpeSampleIsReadFromWhereTheBranchSaysTheFrameIs
2026-09-27T16:01:58.2271014Z  210/1366 Test  #210: FlowKeyFamiliesTest.AnHpeSampleIsReadFromWhereTheBranchSaysTheFrameIs ...................................   Passed    0.02 sec
2026-09-27T16:01:58.2276874Z           Start  211: FlowKeyFamiliesTest.TheSideTableEvictsItsOldestIdentityRatherThanRefusingNewOnes
2026-09-27T16:01:58.2919177Z  211/1366 Test  #211: FlowKeyFamiliesTest.TheSideTableEvictsItsOldestIdentityRatherThanRefusingNewOnes ........................   Passed    0.06 sec
2026-09-27T16:01:58.2924501Z           Start  212: FlowKeyFamiliesTest.AnArpOnlySwitchCountsAsASwitchThatIsSampling
2026-09-27T16:01:58.3074824Z  212/1366 Test  #212: FlowKeyFamiliesTest.AnArpOnlySwitchCountsAsASwitchThatIsSampling ........................................   Passed    0.01 sec
2026-09-27T16:01:58.3080166Z           Start  213: FlowKeyFamiliesTest.TheSideTableEvictsTheLeastRecentlySeenIdentityAndAHitCountsAsSeen
2026-09-27T16:01:58.3553261Z  213/1366 Test  #213: FlowKeyFamiliesTest.TheSideTableEvictsTheLeastRecentlySeenIdentityAndAHitCountsAsSeen ...................   Passed    0.05 sec
2026-09-27T16:01:58.3559347Z           Start  214: FlowKeyFamiliesTest.AnIcmpv6SampleCarriesItsTypeAndItsWholeCodeInThePortFields
2026-09-27T16:01:58.3709259Z  214/1366 Test  #214: FlowKeyFamiliesTest.AnIcmpv6SampleCarriesItsTypeAndItsWholeCodeInThePortFields ..........................   Passed    0.01 sec
2026-09-27T16:01:58.3714615Z           Start  215: FlowKeyFamiliesTest.AnIpv4SampleOfAnotherProtocolBanksItsBytesAndIsCountedWithoutBeingAFlow
2026-09-27T16:01:58.3865446Z  215/1366 Test  #215: FlowKeyFamiliesTest.AnIpv4SampleOfAnotherProtocolBanksItsBytesAndIsCountedWithoutBeingAFlow .............   Passed    0.01 sec
2026-09-27T16:01:58.3870476Z           Start  216: FlowKeyFamiliesTest.AnHpeIcmpSampleCarriesTheRealIcmpTypeRatherThanAConstantZero
2026-09-27T16:01:58.4021236Z  216/1366 Test  #216: FlowKeyFamiliesTest.AnHpeIcmpSampleCarriesTheRealIcmpTypeRatherThanAConstantZero ........................   Passed    0.01 sec
2026-09-27T16:01:58.4026506Z           Start  217: FlowKeyFamiliesTest.AVlanTaggedIpv6SampleIsIdentifiedAsIpv6AfterOneTagIsStripped
2026-09-27T16:01:58.4178686Z  217/1366 Test  #217: FlowKeyFamiliesTest.AVlanTaggedIpv6SampleIsIdentifiedAsIpv6AfterOneTagIsStripped ........................   Passed    0.01 sec
2026-09-27T16:01:58.4184026Z           Start  218: ClassifierDropRule.IngestingARuleWithNoActionsDoesNotCrash
2026-09-27T16:01:58.4313341Z  218/1366 Test  #218: ClassifierDropRule.IngestingARuleWithNoActionsDoesNotCrash ..............................................   Passed    0.01 sec
2026-09-27T16:01:58.4318446Z           Start  219: ClassifierDropRule.ADropRuleAmongNormalOnesDoesNotCrash
2026-09-27T16:01:58.4453241Z  219/1366 Test  #219: ClassifierDropRule.ADropRuleAmongNormalOnesDoesNotCrash .................................................   Passed    0.01 sec
2026-09-27T16:01:58.4458314Z           Start  220: ClassifierDropRule.AnUnparseableOutputTargetAlsoYieldsNoOutputPort
2026-09-27T16:01:58.4588577Z  220/1366 Test  #220: ClassifierDropRule.AnUnparseableOutputTargetAlsoYieldsNoOutputPort ......................................   Passed    0.01 sec
2026-09-27T16:01:58.4593683Z           Start  221: ClassifierDropRule.LookupOnATableWhoseOnlyRuleDropsDoesNotCrash
2026-09-27T16:01:58.4723276Z  221/1366 Test  #221: ClassifierDropRule.LookupOnATableWhoseOnlyRuleDropsDoesNotCrash .........................................   Passed    0.01 sec
2026-09-27T16:01:58.4728594Z           Start  222: ClassifierDropRule.ANegativePriorityDoesNotCrashTheLookup
2026-09-27T16:01:58.4859509Z  222/1366 Test  #222: ClassifierDropRule.ANegativePriorityDoesNotCrashTheLookup ...............................................   Passed    0.01 sec
2026-09-27T16:01:58.4864772Z           Start  223: ClassifierDropRule.TheHighestPriorityRuleStillWinsAcrossSubtables
2026-09-27T16:01:58.4996726Z  223/1366 Test  #223: ClassifierDropRule.TheHighestPriorityRuleStillWinsAcrossSubtables .......................................   Passed    0.01 sec
2026-09-27T16:01:58.5001418Z           Start  224: ClassifierDropRule.ANormalRuleStillReportsItsOutputPort
2026-09-27T16:01:58.5134261Z  224/1366 Test  #224: ClassifierDropRule.ANormalRuleStillReportsItsOutputPort .................................................   Passed    0.01 sec
2026-09-27T16:01:58.5139185Z           Start  225: EventBusTest.EmitWithNoHandlersDoesNothing
2026-09-27T16:01:58.5270989Z  225/1366 Test  #225: EventBusTest.EmitWithNoHandlersDoesNothing ..............................................................   Passed    0.01 sec
2026-09-27T16:01:58.5276158Z           Start  226: EventBusTest.DeliversToEveryHandlerForThatType
2026-09-27T16:01:58.5405090Z  226/1366 Test  #226: EventBusTest.DeliversToEveryHandlerForThatType ..........................................................   Passed    0.01 sec
2026-09-27T16:01:58.5410154Z           Start  227: EventBusTest.DoesNotDeliverToHandlersForOtherTypes
2026-09-27T16:01:58.5541458Z  227/1366 Test  #227: EventBusTest.DoesNotDeliverToHandlersForOtherTypes ......................................................   Passed    0.01 sec
2026-09-27T16:01:58.5546816Z           Start  228: EventBusTest.HandlerCarriesThePayload
2026-09-27T16:01:58.5675354Z  228/1366 Test  #228: EventBusTest.HandlerCarriesThePayload ...................................................................   Passed    0.01 sec
2026-09-27T16:01:58.5680283Z           Start  229: EventBusTest.AHandlerMayRegisterAnotherHandler
2026-09-27T16:01:58.5812037Z  229/1366 Test  #229: EventBusTest.AHandlerMayRegisterAnotherHandler ..........................................................   Passed    0.01 sec
2026-09-27T16:01:58.5816503Z           Start  230: EventBusTest.AHandlerMayEmitAnotherEvent
2026-09-27T16:01:58.5945970Z  230/1366 Test  #230: EventBusTest.AHandlerMayEmitAnotherEvent ................................................................   Passed    0.01 sec
2026-09-27T16:01:58.5951040Z           Start  231: EventBusTest.AHandlerMayEmitTheSameEventTypeWithoutInfiniteRecursion
2026-09-27T16:01:58.6082137Z  231/1366 Test  #231: EventBusTest.AHandlerMayEmitTheSameEventTypeWithoutInfiniteRecursion ....................................   Passed    0.01 sec
2026-09-27T16:01:58.6086824Z           Start  232: EventBusTest.ConcurrentEmitAndRegisterDoNotDeadlock
2026-09-27T16:01:58.6228784Z  232/1366 Test  #232: EventBusTest.ConcurrentEmitAndRegisterDoNotDeadlock .....................................................   Passed    0.01 sec
2026-09-27T16:01:58.6234409Z           Start  233: P4FlowStatsToClassifier.AnEmptyTableClearsTheRulesItReplaces
2026-09-27T16:01:58.6366295Z  233/1366 Test  #233: P4FlowStatsToClassifier.AnEmptyTableClearsTheRulesItReplaces ............................................   Passed    0.01 sec
2026-09-27T16:01:58.6371338Z           Start  234: P4FlowStatsToClassifier.AnEmptyTableStillCountsAsHavingHeardFromTheSwitch
2026-09-27T16:01:58.6501221Z  234/1366 Test  #234: P4FlowStatsToClassifier.AnEmptyTableStillCountsAsHavingHeardFromTheSwitch ...............................   Passed    0.01 sec
2026-09-27T16:01:58.6506032Z           Start  235: P4FlowStatsToClassifier.AMalformedTableLeavesTheExistingRulesAlone
2026-09-27T16:01:58.6637309Z  235/1366 Test  #235: P4FlowStatsToClassifier.AMalformedTableLeavesTheExistingRulesAlone ......................................   Passed    0.01 sec
2026-09-27T16:01:58.6642037Z           Start  236: P4FlowStatsToClassifier.TheProxyResponseIsIngestedAtAll
2026-09-27T16:01:58.6774786Z  236/1366 Test  #236: P4FlowStatsToClassifier.TheProxyResponseIsIngestedAtAll .................................................   Passed    0.01 sec
2026-09-27T16:01:58.6779428Z           Start  237: P4FlowStatsToClassifier.ALookupYieldsANonEmptyOutputPort
2026-09-27T16:01:58.6914752Z  237/1366 Test  #237: P4FlowStatsToClassifier.ALookupYieldsANonEmptyOutputPort ................................................   Passed    0.01 sec
2026-09-27T16:01:58.6919905Z           Start  238: P4FlowStatsToClassifier.TheHigherPriorityFiveTupleRuleWins
2026-09-27T16:01:58.7055307Z  238/1366 Test  #238: P4FlowStatsToClassifier.TheHigherPriorityFiveTupleRuleWins ..............................................   Passed    0.01 sec
2026-09-27T16:01:58.7060142Z           Start  239: P4FlowStatsToClassifier.TrafficNotCoveredByTheFiveTupleRuleFallsBackToTheLpmRoute
2026-09-27T16:01:58.7194407Z  239/1366 Test  #239: P4FlowStatsToClassifier.TrafficNotCoveredByTheFiveTupleRuleFallsBackToTheLpmRoute .......................   Passed    0.01 sec
2026-09-27T16:01:58.7199072Z           Start  240: P4FlowStatsToClassifier.AnObjectFormActionWouldNotHaveWorked
2026-09-27T16:01:58.7332106Z  240/1366 Test  #240: P4FlowStatsToClassifier.AnObjectFormActionWouldNotHaveWorked ............................................   Passed    0.01 sec
2026-09-27T16:01:58.7336850Z           Start  241: P4FlowStatsToClassifier.AnEmptyFlowListIsHandledCleanly
2026-09-27T16:01:58.7468876Z  241/1366 Test  #241: P4FlowStatsToClassifier.AnEmptyFlowListIsHandledCleanly .................................................   Passed    0.01 sec
2026-09-27T16:01:58.7473945Z           Start  242: P4FlowStatsToClassifier.AVlanMatchIsIngestedRatherThanPoisoningEveryLaterPoll
2026-09-27T16:01:58.7605733Z  242/1366 Test  #242: P4FlowStatsToClassifier.AVlanMatchIsIngestedRatherThanPoisoningEveryLaterPoll ...........................   Passed    0.01 sec
2026-09-27T16:01:58.7610464Z           Start  243: P4FlowStatsToClassifier.AVlanRuleDoesNotStopTheSwitchesPolledAfterIt
2026-09-27T16:01:58.7744045Z  243/1366 Test  #243: P4FlowStatsToClassifier.AVlanRuleDoesNotStopTheSwitchesPolledAfterIt ....................................   Passed    0.01 sec
2026-09-27T16:01:58.7748692Z           Start  244: OvsLivenessTest.APresentBridgeIsUp
2026-09-27T16:01:58.7880463Z  244/1366 Test  #244: OvsLivenessTest.APresentBridgeIsUp ......................................................................   Passed    0.01 sec
2026-09-27T16:01:58.7885522Z           Start  245: OvsLivenessTest.AnAbsentBridgeIsDown
2026-09-27T16:01:58.8016039Z  245/1366 Test  #245: OvsLivenessTest.AnAbsentBridgeIsDown ....................................................................   Passed    0.01 sec
2026-09-27T16:01:58.8020632Z           Start  246: OvsLivenessTest.AFailedQueryIsUnknownRatherThanDown
2026-09-27T16:01:58.8150095Z  246/1366 Test  #246: OvsLivenessTest.AFailedQueryIsUnknownRatherThanDown .....................................................   Passed    0.01 sec
2026-09-27T16:01:58.8154850Z           Start  247: OvsLivenessTest.AnEmptyButSuccessfulQueryStillMeansDown
2026-09-27T16:01:58.8283284Z  247/1366 Test  #247: OvsLivenessTest.AnEmptyButSuccessfulQueryStillMeansDown .................................................   Passed    0.01 sec
2026-09-27T16:01:58.8287940Z           Start  248: OvsLivenessTest.TheDecisionIsSymmetricSoASwitchCanRecover
2026-09-27T16:01:58.8415996Z  248/1366 Test  #248: OvsLivenessTest.TheDecisionIsSymmetricSoASwitchCanRecover ...............................................   Passed    0.01 sec
2026-09-27T16:01:58.8420888Z           Start  249: OvsLivenessTest.MatchingIsExactSoSimilarNamesDoNotSatisfyEachOther
2026-09-27T16:01:58.8550542Z  249/1366 Test  #249: OvsLivenessTest.MatchingIsExactSoSimilarNamesDoNotSatisfyEachOther ......................................   Passed    0.01 sec
2026-09-27T16:01:58.8555608Z           Start  250: OvsLivenessTest.AnEmptyBridgeNameIsNotMatchedByAccident
2026-09-27T16:01:58.8687128Z  250/1366 Test  #250: OvsLivenessTest.AnEmptyBridgeNameIsNotMatchedByAccident .................................................   Passed    0.01 sec
2026-09-27T16:01:58.8692330Z           Start  251: FailureRunTest.OnlyTheFirstFailureOfARunReports
2026-09-27T16:01:58.8822088Z  251/1366 Test  #251: FailureRunTest.OnlyTheFirstFailureOfARunReports .........................................................   Passed    0.01 sec
2026-09-27T16:01:58.8826931Z           Start  252: FailureRunTest.SuccessWithNoOpenRunSaysNothing
2026-09-27T16:01:58.8956853Z  252/1366 Test  #252: FailureRunTest.SuccessWithNoOpenRunSaysNothing ..........................................................   Passed    0.01 sec
2026-09-27T16:01:58.8961344Z           Start  253: FailureRunTest.RecoveryReportsTheRunLengthExactlyOnce
2026-09-27T16:01:58.9093765Z  253/1366 Test  #253: FailureRunTest.RecoveryReportsTheRunLengthExactlyOnce ...................................................   Passed    0.01 sec
2026-09-27T16:01:58.9098902Z           Start  254: FailureRunTest.ASecondRunReportsAgainRatherThanStayingQuietForever
2026-09-27T16:01:58.9230026Z  254/1366 Test  #254: FailureRunTest.ASecondRunReportsAgainRatherThanStayingQuietForever ......................................   Passed    0.01 sec
2026-09-27T16:01:58.9234808Z           Start  255: CommandStatusTest.AnExitCodeIsReportedAsAnExitCodeNotAWaitStatus
2026-09-27T16:01:58.9365833Z  255/1366 Test  #255: CommandStatusTest.AnExitCodeIsReportedAsAnExitCodeNotAWaitStatus ........................................   Passed    0.01 sec
2026-09-27T16:01:58.9370799Z           Start  256: CommandStatusTest.TheTwoStatusesThisCommandActuallyProducesAreExplained
2026-09-27T16:01:58.9500706Z  256/1366 Test  #256: CommandStatusTest.TheTwoStatusesThisCommandActuallyProducesAreExplained .................................   Passed    0.01 sec
2026-09-27T16:01:58.9505812Z           Start  257: CommandStatusTest.ASignalledCommandIsNotReportedAsAnExitCode
2026-09-27T16:01:58.9635883Z  257/1366 Test  #257: CommandStatusTest.ASignalledCommandIsNotReportedAsAnExitCode ............................................   Passed    0.01 sec
2026-09-27T16:01:58.9640690Z           Start  258: CommandStatusTest.MinusOneIsReportedAsAFailureToReapRatherThanAsSuccess
2026-09-27T16:01:58.9772037Z  258/1366 Test  #258: CommandStatusTest.MinusOneIsReportedAsAFailureToReapRatherThanAsSuccess .................................   Passed    0.01 sec
2026-09-27T16:01:58.9776723Z           Start  259: CommandStatusTest.DecodesAWaitStatusRatherThanPrintingIt
2026-09-27T16:01:58.9908027Z  259/1366 Test  #259: CommandStatusTest.DecodesAWaitStatusRatherThanPrintingIt ................................................   Passed    0.01 sec
2026-09-27T16:01:58.9912843Z           Start  260: CommandStatusTest.NamesTheTwoCasesThatSendAnOperatorElsewhere
2026-09-27T16:01:59.0045186Z  260/1366 Test  #260: CommandStatusTest.NamesTheTwoCasesThatSendAnOperatorElsewhere ...........................................   Passed    0.01 sec
2026-09-27T16:01:59.0049887Z           Start  261: CommandStatusTest.NamesTheToolTheCommandActuallyRan
2026-09-27T16:01:59.0178863Z  261/1366 Test  #261: CommandStatusTest.NamesTheToolTheCommandActuallyRan .....................................................   Passed    0.01 sec
2026-09-27T16:01:59.0183949Z           Start  262: CommandStatusTest.DoesNotBlameOvsVsctlForAnotherToolsFailure
2026-09-27T16:01:59.0315853Z  262/1366 Test  #262: CommandStatusTest.DoesNotBlameOvsVsctlForAnotherToolsFailure ............................................   Passed    0.01 sec
2026-09-27T16:01:59.0320524Z           Start  263: CommandStatusTest.TheSudoHintOnlyAppliesWhenSudoWasUsed
2026-09-27T16:01:59.0451511Z  263/1366 Test  #263: CommandStatusTest.TheSudoHintOnlyAppliesWhenSudoWasUsed .................................................   Passed    0.01 sec
2026-09-27T16:01:59.0456585Z           Start  264: CommandStatusTest.SaysSomethingUsefulWithNoCommandAtAll
2026-09-27T16:01:59.0589290Z  264/1366 Test  #264: CommandStatusTest.SaysSomethingUsefulWithNoCommandAtAll .................................................   Passed    0.01 sec
2026-09-27T16:01:59.0594434Z           Start  265: CommandStatusTest.ReportsSignalsAndUnreapedChildren
2026-09-27T16:01:59.0728431Z  265/1366 Test  #265: CommandStatusTest.ReportsSignalsAndUnreapedChildren .....................................................   Passed    0.01 sec
2026-09-27T16:01:59.0733202Z           Start  266: CommandStatusTest.TheNumberInTheMessageIsNeverTheRawStatus
2026-09-27T16:01:59.0864902Z  266/1366 Test  #266: CommandStatusTest.TheNumberInTheMessageIsNeverTheRawStatus ..............................................   Passed    0.01 sec
2026-09-27T16:01:59.0869566Z           Start  267: SyntheticPowerTest.IsAPlausibleWattageForEveryTopologySwitch
2026-09-27T16:01:59.1002323Z  267/1366 Test  #267: SyntheticPowerTest.IsAPlausibleWattageForEveryTopologySwitch ............................................   Passed    0.01 sec
2026-09-27T16:01:59.1007041Z           Start  268: SyntheticPowerTest.NeverReportsAnAstronomicalValue
2026-09-27T16:01:59.1139746Z  268/1366 Test  #268: SyntheticPowerTest.NeverReportsAnAstronomicalValue ......................................................   Passed    0.01 sec
2026-09-27T16:01:59.1144917Z           Start  269: SyntheticPowerTest.IsStableAcrossPollsForTheSameSwitch
2026-09-27T16:01:59.1277030Z  269/1366 Test  #269: SyntheticPowerTest.IsStableAcrossPollsForTheSameSwitch ..................................................   Passed    0.01 sec
2026-09-27T16:01:59.1282192Z           Start  270: SyntheticPowerTest.SwitchesAreSpreadAcrossTheBandNotBunchedAtOneEnd
2026-09-27T16:01:59.1412168Z  270/1366 Test  #270: SyntheticPowerTest.SwitchesAreSpreadAcrossTheBandNotBunchedAtOneEnd .....................................   Passed    0.01 sec
2026-09-27T16:01:59.1416919Z           Start  271: SyntheticPowerTest.AnUnexpectedDpidStillYieldsSomethingPlausible
2026-09-27T16:01:59.1546110Z  271/1366 Test  #271: SyntheticPowerTest.AnUnexpectedDpidStillYieldsSomethingPlausible ........................................   Passed    0.01 sec
2026-09-27T16:01:59.1550869Z           Start  272: SimulatedDeviceMetricsTest.CpuReportsUnavailableForEverySwitch
2026-09-27T16:01:59.1685948Z  272/1366 Test  #272: SimulatedDeviceMetricsTest.CpuReportsUnavailableForEverySwitch ..........................................   Passed    0.01 sec
2026-09-27T16:01:59.1690603Z           Start  273: SimulatedDeviceMetricsTest.MemoryReportsUnavailableForEverySwitch
2026-09-27T16:01:59.1826320Z  273/1366 Test  #273: SimulatedDeviceMetricsTest.MemoryReportsUnavailableForEverySwitch .......................................   Passed    0.01 sec
2026-09-27T16:01:59.1831366Z           Start  274: SimulatedDeviceMetricsTest.TemperatureReportsUnavailableForEverySwitch
2026-09-27T16:01:59.1964327Z  274/1366 Test  #274: SimulatedDeviceMetricsTest.TemperatureReportsUnavailableForEverySwitch ..................................   Passed    0.01 sec
2026-09-27T16:01:59.1968974Z           Start  275: SimulatedDeviceMetricsTest.CpuAndMemoryNoLongerDifferOnlyByAccident
2026-09-27T16:01:59.2100386Z  275/1366 Test  #275: SimulatedDeviceMetricsTest.CpuAndMemoryNoLongerDifferOnlyByAccident .....................................   Passed    0.01 sec
2026-09-27T16:01:59.2105470Z           Start  276: SimulatedDeviceMetricsTest.NoTwoSwitchesShareAFabricatedNumber
2026-09-27T16:01:59.2239294Z  276/1366 Test  #276: SimulatedDeviceMetricsTest.NoTwoSwitchesShareAFabricatedNumber ..........................................   Passed    0.01 sec
2026-09-27T16:01:59.2244294Z           Start  277: SimulatedDeviceMetricsTest.TheIntentTranslatorsPerDeviceQueryAgreesWithTheMap
2026-09-27T16:01:59.2377158Z  277/1366 Test  #277: SimulatedDeviceMetricsTest.TheIntentTranslatorsPerDeviceQueryAgreesWithTheMap ...........................   Passed    0.01 sec
2026-09-27T16:01:59.2382059Z           Start  278: SimulatedDeviceMetricsTest.ADownSwitchStillReportsTheSameSentinel
2026-09-27T16:01:59.2516269Z  278/1366 Test  #278: SimulatedDeviceMetricsTest.ADownSwitchStillReportsTheSameSentinel .......................................   Passed    0.01 sec
2026-09-27T16:01:59.2521094Z           Start  279: SimulatedDeviceMetricsTest.AVertexWithNoIpIsSkippedRatherThanDereferenced
2026-09-27T16:01:59.2655207Z  279/1366 Test  #279: SimulatedDeviceMetricsTest.AVertexWithNoIpIsSkippedRatherThanDereferenced ...............................   Passed    0.01 sec
2026-09-27T16:01:59.2659697Z           Start  280: SimulatedDeviceMetricsTest.HostsAreStillOmittedFromEveryReport
2026-09-27T16:01:59.2790657Z  280/1366 Test  #280: SimulatedDeviceMetricsTest.HostsAreStillOmittedFromEveryReport ..........................................   Passed    0.01 sec
2026-09-27T16:01:59.2795158Z           Start  281: KeyedFailureLogTest.AFailureIsReportedOnceThenStaysQuiet
2026-09-27T16:01:59.2942523Z  281/1366 Test  #281: KeyedFailureLogTest.AFailureIsReportedOnceThenStaysQuiet ................................................   Passed    0.01 sec
2026-09-27T16:01:59.2947056Z           Start  282: KeyedFailureLogTest.RecoveryIsReportedWithHowLongItLasted
2026-09-27T16:01:59.3075307Z  282/1366 Test  #282: KeyedFailureLogTest.RecoveryIsReportedWithHowLongItLasted ...............................................   Passed    0.01 sec
2026-09-27T16:01:59.3079819Z           Start  283: KeyedFailureLogTest.RecoveryIsReportedOnlyOnce
2026-09-27T16:01:59.3208297Z  283/1366 Test  #283: KeyedFailureLogTest.RecoveryIsReportedOnlyOnce ..........................................................   Passed    0.01 sec
2026-09-27T16:01:59.3213168Z           Start  284: KeyedFailureLogTest.AFailureThatReturnsIsReportedAgain
2026-09-27T16:01:59.3343014Z  284/1366 Test  #284: KeyedFailureLogTest.AFailureThatReturnsIsReportedAgain ..................................................   Passed    0.01 sec
2026-09-27T16:01:59.3347266Z           Start  285: KeyedFailureLogTest.DistinctFailuresAreTrackedIndependently
2026-09-27T16:01:59.3473798Z  285/1366 Test  #285: KeyedFailureLogTest.DistinctFailuresAreTrackedIndependently .............................................   Passed    0.01 sec
2026-09-27T16:01:59.3478263Z           Start  286: KeyedFailureLogTest.RepeatsWithinOnePassCountAsOne
2026-09-27T16:01:59.3606078Z  286/1366 Test  #286: KeyedFailureLogTest.RepeatsWithinOnePassCountAsOne ......................................................   Passed    0.01 sec
2026-09-27T16:01:59.3610669Z           Start  287: KeyedFailureLogTest.AQuietLoopReportsNothingAtAll
2026-09-27T16:01:59.3740107Z  287/1366 Test  #287: KeyedFailureLogTest.AQuietLoopReportsNothingAtAll .......................................................   Passed    0.01 sec
2026-09-27T16:01:59.3744896Z           Start  288: KeyedFailureLogHoldOffTest.AFailureShorterThanTheHoldOffIsNeverReported
2026-09-27T16:01:59.3874380Z  288/1366 Test  #288: KeyedFailureLogHoldOffTest.AFailureShorterThanTheHoldOffIsNeverReported .................................   Passed    0.01 sec
2026-09-27T16:01:59.3878976Z           Start  289: KeyedFailureLogHoldOffTest.AFailureThatOutlastsTheHoldOffIsReportedOnce
2026-09-27T16:01:59.4007897Z  289/1366 Test  #289: KeyedFailureLogHoldOffTest.AFailureThatOutlastsTheHoldOffIsReportedOnce .................................   Passed    0.01 sec
2026-09-27T16:01:59.4012635Z           Start  290: KeyedFailureLogHoldOffTest.RecoveryIsReportedOnlyForAFailureThatWasReported
2026-09-27T16:01:59.4143433Z  290/1366 Test  #290: KeyedFailureLogHoldOffTest.RecoveryIsReportedOnlyForAFailureThatWasReported .............................   Passed    0.01 sec
2026-09-27T16:01:59.4147940Z           Start  291: KeyedFailureLogHoldOffTest.TheHoldOffIsPerKeyNotGlobal
2026-09-27T16:01:59.4275099Z  291/1366 Test  #291: KeyedFailureLogHoldOffTest.TheHoldOffIsPerKeyNotGlobal ..................................................   Passed    0.01 sec
2026-09-27T16:01:59.4279619Z           Start  292: KeyedFailureLogHoldOffTest.ZeroHoldOffKeepsTheImmediateBehaviour
2026-09-27T16:01:59.4407131Z  292/1366 Test  #292: KeyedFailureLogHoldOffTest.ZeroHoldOffKeepsTheImmediateBehaviour ........................................   Passed    0.01 sec
2026-09-27T16:01:59.4412124Z           Start  293: KeyedFailureLogForgetWindowTest.ARepeatedlyInterruptedFailureIsStillReported
2026-09-27T16:01:59.5416821Z  293/1366 Test  #293: KeyedFailureLogForgetWindowTest.ARepeatedlyInterruptedFailureIsStillReported ............................   Passed    0.10 sec
2026-09-27T16:01:59.5422597Z           Start  294: KeyedFailureLogForgetWindowTest.AFlappingFailureAccumulatesTowardsTheHoldOff
2026-09-27T16:01:59.5552353Z  294/1366 Test  #294: KeyedFailureLogForgetWindowTest.AFlappingFailureAccumulatesTowardsTheHoldOff ............................   Passed    0.01 sec
2026-09-27T16:01:59.5556395Z           Start  295: KeyedFailureLogForgetWindowTest.AGapLongerThanTheForgetWindowDoesRestartTheHoldOff
2026-09-27T16:01:59.5683072Z  295/1366 Test  #295: KeyedFailureLogForgetWindowTest.AGapLongerThanTheForgetWindowDoesRestartTheHoldOff ......................   Passed    0.01 sec
2026-09-27T16:01:59.5687444Z           Start  296: KeyedFailureLogForgetWindowTest.TheForgetWindowCanBeSetIndependently
2026-09-27T16:01:59.5814633Z  296/1366 Test  #296: KeyedFailureLogForgetWindowTest.TheForgetWindowCanBeSetIndependently ....................................   Passed    0.01 sec
2026-09-27T16:01:59.5819194Z           Start  297: KeyedFailureLogForgetWindowTest.AStaleEntryIsForgottenEvenIfNoPassRanDuringTheGap
2026-09-27T16:01:59.5949468Z  297/1366 Test  #297: KeyedFailureLogForgetWindowTest.AStaleEntryIsForgottenEvenIfNoPassRanDuringTheGap .......................   Passed    0.01 sec
2026-09-27T16:01:59.5954708Z           Start  298: KeyedFailureLogForgetWindowTest.AReportedFailureThatVanishesWithNoFurtherPassesStillRecovers
2026-09-27T16:01:59.6084195Z  298/1366 Test  #298: KeyedFailureLogForgetWindowTest.AReportedFailureThatVanishesWithNoFurtherPassesStillRecovers ............   Passed    0.01 sec
2026-09-27T16:01:59.6088947Z           Start  299: KeyedFailureLogForgetWindowTest.AZeroHoldOffForgetsImmediatelyAsBefore
2026-09-27T16:01:59.6219636Z  299/1366 Test  #299: KeyedFailureLogForgetWindowTest.AZeroHoldOffForgetsImmediatelyAsBefore ..................................   Passed    0.01 sec
2026-09-27T16:01:59.6224131Z           Start  300: IpToStringTest.ConvertsKnownAddresses
2026-09-27T16:01:59.6355075Z  300/1366 Test  #300: IpToStringTest.ConvertsKnownAddresses ...................................................................   Passed    0.01 sec
2026-09-27T16:01:59.6359810Z           Start  301: IpToStringTest.ConcurrentCallersEachGetTheirOwnAnswer
2026-09-27T16:01:59.6674719Z  301/1366 Test  #301: IpToStringTest.ConcurrentCallersEachGetTheirOwnAnswer ...................................................   Passed    0.03 sec
2026-09-27T16:01:59.6679265Z           Start  302: IpToStringTest.TheVectorOverloadIsAlsoSafeAndPreservesOrder
2026-09-27T16:01:59.6933230Z  302/1366 Test  #302: IpToStringTest.TheVectorOverloadIsAlsoSafeAndPreservesOrder .............................................   Passed    0.03 sec
2026-09-27T16:01:59.6937865Z           Start  303: IpToStringTest.RoundTripsThroughIpStringToUint32
2026-09-27T16:01:59.7067047Z  303/1366 Test  #303: IpToStringTest.RoundTripsThroughIpStringToUint32 ........................................................   Passed    0.01 sec
2026-09-27T16:01:59.7071390Z           Start  304: TryMacToUint64Test.AWellFormedMacParses
2026-09-27T16:01:59.7201227Z  304/1366 Test  #304: TryMacToUint64Test.AWellFormedMacParses .................................................................   Passed    0.01 sec
2026-09-27T16:01:59.7205992Z           Start  305: TryMacToUint64Test.TheDashSeparatorIsAcceptedToo
2026-09-27T16:01:59.7333671Z  305/1366 Test  #305: TryMacToUint64Test.TheDashSeparatorIsAcceptedToo ........................................................   Passed    0.01 sec
2026-09-27T16:01:59.7338415Z           Start  306: TryMacToUint64Test.AMacOneDigitShortIsRefusedRatherThanSilentlyWrong
2026-09-27T16:01:59.7465567Z  306/1366 Test  #306: TryMacToUint64Test.AMacOneDigitShortIsRefusedRatherThanSilentlyWrong ....................................   Passed    0.01 sec
2026-09-27T16:01:59.7469980Z           Start  307: TryMacToUint64Test.AnythingThatIsNotExactlySeventeenCharactersIsRefused
2026-09-27T16:01:59.7598079Z  307/1366 Test  #307: TryMacToUint64Test.AnythingThatIsNotExactlySeventeenCharactersIsRefused .................................   Passed    0.01 sec
2026-09-27T16:01:59.7603033Z           Start  308: TryMacToUint64Test.TheSeparatorsMustActuallyBeSeparators
2026-09-27T16:01:59.7732706Z  308/1366 Test  #308: TryMacToUint64Test.TheSeparatorsMustActuallyBeSeparators ................................................   Passed    0.01 sec
2026-09-27T16:01:59.7736834Z           Start  309: TryMacToUint64Test.NonHexDigitsAreRefused
2026-09-27T16:01:59.7865893Z  309/1366 Test  #309: TryMacToUint64Test.NonHexDigitsAreRefused ...............................................................   Passed    0.01 sec
2026-09-27T16:01:59.7870605Z           Start  310: TryMacToUint64Test.TheThrowingWrapperStillThrowsAndOnTheSameInputs
2026-09-27T16:01:59.7999737Z  310/1366 Test  #310: TryMacToUint64Test.TheThrowingWrapperStillThrowsAndOnTheSameInputs ......................................   Passed    0.01 sec
2026-09-27T16:01:59.8004315Z           Start  311: FlowDispatcherTest.DeliversWhatWasEnqueued
2026-09-27T16:01:59.8159502Z  311/1366 Test  #311: FlowDispatcherTest.DeliversWhatWasEnqueued ..............................................................   Passed    0.02 sec
2026-09-27T16:01:59.8164542Z           Start  312: FlowDispatcherTest.StopReturnsRatherThanDeadlockingOnAnIdleWorker
2026-09-27T16:01:59.8317248Z  312/1366 Test  #312: FlowDispatcherTest.StopReturnsRatherThanDeadlockingOnAnIdleWorker .......................................   Passed    0.02 sec
2026-09-27T16:01:59.8322104Z           Start  313: FlowDispatcherTest.StopIsSafeWhileJobsAreStillArriving
2026-09-27T16:01:59.8484002Z  313/1366 Test  #313: FlowDispatcherTest.StopIsSafeWhileJobsAreStillArriving ..................................................   Passed    0.02 sec
2026-09-27T16:01:59.8488705Z           Start  314: FlowDispatcherTest.EnqueueAfterStopIsDroppedRatherThanSpawningAnUnownedThread
2026-09-27T16:01:59.9145318Z  314/1366 Test  #314: FlowDispatcherTest.EnqueueAfterStopIsDroppedRatherThanSpawningAnUnownedThread ...........................   Passed    0.07 sec
2026-09-27T16:01:59.9149972Z           Start  315: FlowDispatcherTest.StopIsIdempotentBecauseTheDestructorCallsItToo
2026-09-27T16:01:59.9303048Z  315/1366 Test  #315: FlowDispatcherTest.StopIsIdempotentBecauseTheDestructorCallsItToo .......................................   Passed    0.02 sec
2026-09-27T16:01:59.9307230Z           Start  316: FlowDispatcherTest.EnqueueBeforeStartDoesNotRunWork
2026-09-27T16:01:59.9962878Z  316/1366 Test  #316: FlowDispatcherTest.EnqueueBeforeStartDoesNotRunWork .....................................................   Passed    0.07 sec
2026-09-27T16:01:59.9967552Z           Start  317: FlowDispatcherTest.DeterministicNoLostWakeupWhenEnqueueRacesWithWorkerSleep
2026-09-27T16:02:00.0163883Z  317/1366 Test  #317: FlowDispatcherTest.DeterministicNoLostWakeupWhenEnqueueRacesWithWorkerSleep .............................   Passed    0.02 sec
2026-09-27T16:02:00.0168532Z           Start  318: FlowDispatcherTest.JobsDroppedAfterStopAreCountedAndNotSilent
2026-09-27T16:02:00.0322255Z  318/1366 Test  #318: FlowDispatcherTest.JobsDroppedAfterStopAreCountedAndNotSilent ...........................................   Passed    0.02 sec
2026-09-27T16:02:00.0326791Z           Start  319: FlowDispatcherTest.RunningTellsAZeroDropCountApartFromAStoppedQueue
2026-09-27T16:02:00.0456055Z  319/1366 Test  #319: FlowDispatcherTest.RunningTellsAZeroDropCountApartFromAStoppedQueue .....................................   Passed    0.01 sec
2026-09-27T16:02:00.0460719Z           Start  320: DispatchOutcomeLogTest.SuccessesAreCountedButNotStored
2026-09-27T16:02:00.0590592Z  320/1366 Test  #320: DispatchOutcomeLogTest.SuccessesAreCountedButNotStored ..................................................   Passed    0.01 sec
2026-09-27T16:02:00.0595736Z           Start  321: DispatchOutcomeLogTest.AFailureKeepsEnoughIdentityToActOn
2026-09-27T16:02:00.0725429Z  321/1366 Test  #321: DispatchOutcomeLogTest.AFailureKeepsEnoughIdentityToActOn ...............................................   Passed    0.01 sec
2026-09-27T16:02:00.0730064Z           Start  322: DispatchOutcomeLogTest.UnreachableControllerIsDistinguishableFromRefusal
2026-09-27T16:02:00.0860775Z  322/1366 Test  #322: DispatchOutcomeLogTest.UnreachableControllerIsDistinguishableFromRefusal ................................   Passed    0.01 sec
2026-09-27T16:02:00.0865190Z           Start  323: DispatchOutcomeLogTest.ASuccessBurstDoesNotEvictAnEarlierFailure
2026-09-27T16:02:00.1021864Z  323/1366 Test  #323: DispatchOutcomeLogTest.ASuccessBurstDoesNotEvictAnEarlierFailure ........................................   Passed    0.02 sec
2026-09-27T16:02:00.1026362Z           Start  324: DispatchOutcomeLogTest.OverflowDropsTheOldestAndSaysHowMany
2026-09-27T16:02:00.1156736Z  324/1366 Test  #324: DispatchOutcomeLogTest.OverflowDropsTheOldestAndSaysHowMany .............................................   Passed    0.01 sec
2026-09-27T16:02:00.1161231Z           Start  325: DispatchOutcomeLogTest.SeqIsGlobalSoGapsBetweenFailuresAreVisible
2026-09-27T16:02:00.1295217Z  325/1366 Test  #325: DispatchOutcomeLogTest.SeqIsGlobalSoGapsBetweenFailuresAreVisible .......................................   Passed    0.01 sec
2026-09-27T16:02:00.1300061Z           Start  326: DispatchOutcomeLogTest.ConcurrentRecordersLoseNothing
2026-09-27T16:02:00.1494969Z  326/1366 Test  #326: DispatchOutcomeLogTest.ConcurrentRecordersLoseNothing ...................................................   Passed    0.02 sec
2026-09-27T16:02:00.1500102Z           Start  327: DispatchOutcomeLogTest.EveryOpHasAName
2026-09-27T16:02:00.1630678Z  327/1366 Test  #327: DispatchOutcomeLogTest.EveryOpHasAName ..................................................................   Passed    0.01 sec
2026-09-27T16:02:00.1636100Z           Start  328: DispatchOutcomeLogTest.ZeroCapacityStillKeepsOneRatherThanDividingByZero
2026-09-27T16:02:00.1766863Z  328/1366 Test  #328: DispatchOutcomeLogTest.ZeroCapacityStillKeepsOneRatherThanDividingByZero ................................   Passed    0.01 sec
2026-09-27T16:02:00.1771825Z           Start  329: DispatchOutcomeLogTest.TheSameMatchDispatchedTwentyTimesCountsTwentyDispatches
2026-09-27T16:02:00.1902910Z  329/1366 Test  #329: DispatchOutcomeLogTest.TheSameMatchDispatchedTwentyTimesCountsTwentyDispatches ..........................   Passed    0.01 sec
2026-09-27T16:02:00.1906785Z           Start  330: DispatchOutcomeLogTest.AnOvsDispatchIsUnknownAtTheSwitchAndNotAnAcceptance
2026-09-27T16:02:00.2036668Z  330/1366 Test  #330: DispatchOutcomeLogTest.AnOvsDispatchIsUnknownAtTheSwitchAndNotAnAcceptance ..............................   Passed    0.01 sec
2026-09-27T16:02:00.2041537Z           Start  331: DispatchOutcomeLogTest.AConfirmedP4DispatchIsAnAcceptanceBySwitch
2026-09-27T16:02:00.2170228Z  331/1366 Test  #331: DispatchOutcomeLogTest.AConfirmedP4DispatchIsAnAcceptanceBySwitch .......................................   Passed    0.01 sec
2026-09-27T16:02:00.2175297Z           Start  332: DispatchOutcomeLogTest.ANoOpDeleteIsNotAnAcceptanceBySwitch
2026-09-27T16:02:00.2304322Z  332/1366 Test  #332: DispatchOutcomeLogTest.ANoOpDeleteIsNotAnAcceptanceBySwitch .............................................   Passed    0.01 sec
2026-09-27T16:02:00.2309384Z           Start  333: DispatchOutcomeLogTest.TheSwitchSideGroupClosesAgainstDispatched
2026-09-27T16:02:00.2438593Z  333/1366 Test  #333: DispatchOutcomeLogTest.TheSwitchSideGroupClosesAgainstDispatched ........................................   Passed    0.01 sec
2026-09-27T16:02:00.2443433Z           Start  334: DispatchOutcomeLogTest.AnUnansweredRequestBlamesNoSwitch
2026-09-27T16:02:00.2572346Z  334/1366 Test  #334: DispatchOutcomeLogTest.AnUnansweredRequestBlamesNoSwitch ................................................   Passed    0.01 sec
2026-09-27T16:02:00.2577438Z           Start  335: DispatchOutcomeLogTest.TheTwoSwitchSideBitsAreNeverBothSet
2026-09-27T16:02:00.2706260Z  335/1366 Test  #335: DispatchOutcomeLogTest.TheTwoSwitchSideBitsAreNeverBothSet ..............................................   Passed    0.01 sec
2026-09-27T16:02:00.2710916Z           Start  336: DispatchOutcomeLogTest.TwoRequestsDoNotPolluteEachOther
2026-09-27T16:02:00.2840415Z  336/1366 Test  #336: DispatchOutcomeLogTest.TwoRequestsDoNotPolluteEachOther .................................................   Passed    0.01 sec
2026-09-27T16:02:00.2845215Z           Start  337: DispatchOutcomeLogTest.ARequestStillDrainingSaysSoRatherThanLookingFinished
2026-09-27T16:02:00.2974890Z  337/1366 Test  #337: DispatchOutcomeLogTest.ARequestStillDrainingSaysSoRatherThanLookingFinished .............................   Passed    0.01 sec
2026-09-27T16:02:00.2979681Z           Start  338: DispatchOutcomeLogTest.AnUnregisteredRequestIsNotInvented
2026-09-27T16:02:00.3107625Z  338/1366 Test  #338: DispatchOutcomeLogTest.AnUnregisteredRequestIsNotInvented ...............................................   Passed    0.01 sec
2026-09-27T16:02:00.3112512Z           Start  339: DispatchOutcomeLogTest.ReRegisteringAnIdDoesNotResetItsCounts
2026-09-27T16:02:00.3243041Z  339/1366 Test  #339: DispatchOutcomeLogTest.ReRegisteringAnIdDoesNotResetItsCounts ...........................................   Passed    0.01 sec
2026-09-27T16:02:00.3247900Z           Start  340: DispatchOutcomeLogTest.TheOldestRequestAgesOutAndTheLogSaysHowMany
2026-09-27T16:02:00.3379716Z  340/1366 Test  #340: DispatchOutcomeLogTest.TheOldestRequestAgesOutAndTheLogSaysHowMany ......................................   Passed    0.01 sec
2026-09-27T16:02:00.3384837Z           Start  341: DispatchOutcomeLogTest.TheFailureRingIsAsLargeAsADispatcherBurst
2026-09-27T16:02:00.3515705Z  341/1366 Test  #341: DispatchOutcomeLogTest.TheFailureRingIsAsLargeAsADispatcherBurst ........................................   Passed    0.01 sec
2026-09-27T16:02:00.3520564Z           Start  342: PendingEntryFilterTest.APendingEntryIsWithheldUntilConfirmed
2026-09-27T16:02:00.3652744Z  342/1366 Test  #342: PendingEntryFilterTest.APendingEntryIsWithheldUntilConfirmed ............................................   Passed    0.01 sec
2026-09-27T16:02:00.3657484Z           Start  343: PendingEntryFilterTest.AConfirmedEntryIsServedAndLosesItsStamp
2026-09-27T16:02:00.3788859Z  343/1366 Test  #343: PendingEntryFilterTest.AConfirmedEntryIsServedAndLosesItsStamp ..........................................   Passed    0.01 sec
2026-09-27T16:02:00.3793902Z           Start  344: PendingEntryFilterTest.PolledEntriesAreNeverTouchedEvenWhenNothingIsConfirmed
2026-09-27T16:02:00.3924236Z  344/1366 Test  #344: PendingEntryFilterTest.PolledEntriesAreNeverTouchedEvenWhenNothingIsConfirmed ...........................   Passed    0.01 sec
2026-09-27T16:02:00.3928989Z           Start  345: PendingEntryFilterTest.TheFilterIsKeyedOnProvenanceNotOnLookingLikeARequest
2026-09-27T16:02:00.4058643Z  345/1366 Test  #345: PendingEntryFilterTest.TheFilterIsKeyedOnProvenanceNotOnLookingLikeARequest .............................   Passed    0.01 sec
2026-09-27T16:02:00.4063597Z           Start  346: PendingEntryFilterTest.AnUnwiredPredicateWithholdsRatherThanRestoresThePhantom
2026-09-27T16:02:00.4193468Z  346/1366 Test  #346: PendingEntryFilterTest.AnUnwiredPredicateWithholdsRatherThanRestoresThePhantom ..........................   Passed    0.01 sec
2026-09-27T16:02:00.4198286Z           Start  347: PendingEntryFilterTest.MalformedShapesAreLeftAloneRatherThanThrowing
2026-09-27T16:02:00.4326712Z  347/1366 Test  #347: PendingEntryFilterTest.MalformedShapesAreLeftAloneRatherThanThrowing ....................................   Passed    0.01 sec
2026-09-27T16:02:00.4331465Z           Start  348: ProgrammedTokenTest.OnlyAnAdjudicatingSouthboundSuccessConfirmsAToken
2026-09-27T16:02:00.4460124Z  348/1366 Test  #348: ProgrammedTokenTest.OnlyAnAdjudicatingSouthboundSuccessConfirmsAToken ...................................   Passed    0.01 sec
2026-09-27T16:02:00.4465079Z           Start  349: ProgrammedTokenTest.ForgettingATokenHidesARealEntryRatherThanShowingAPhantom
2026-09-27T16:02:00.4656496Z  349/1366 Test  #349: ProgrammedTokenTest.ForgettingATokenHidesARealEntryRatherThanShowingAPhantom ............................   Passed    0.02 sec
2026-09-27T16:02:00.4661333Z           Start  350: ControllerTest.EachFlowOpReachesItsOwnManagerMethod
2026-09-27T16:02:00.4819700Z  350/1366 Test  #350: ControllerTest.EachFlowOpReachesItsOwnManagerMethod .....................................................   Passed    0.02 sec
2026-09-27T16:02:00.4824844Z           Start  351: ControllerTest.TheJobsFieldsArePassedThroughRatherThanDefaulted
2026-09-27T16:02:00.4980225Z  351/1366 Test  #351: ControllerTest.TheJobsFieldsArePassedThroughRatherThanDefaulted .........................................   Passed    0.02 sec
2026-09-27T16:02:00.4985558Z           Start  352: ControllerTest.ADeleteKeepsItsPriorityIncludingTheNonStrictDefault
2026-09-27T16:02:00.5137487Z  352/1366 Test  #352: ControllerTest.ADeleteKeepsItsPriorityIncludingTheNonStrictDefault ......................................   Passed    0.01 sec
2026-09-27T16:02:00.5142193Z           Start  353: ControllerTest.AFailedResultDoesNotStopTheRestOfTheBatch
2026-09-27T16:02:00.5302038Z  353/1366 Test  #353: ControllerTest.AFailedResultDoesNotStopTheRestOfTheBatch ................................................   Passed    0.02 sec
2026-09-27T16:02:00.5307140Z           Start  354: ControllerTest.ASuccessfulResultIsAlsoFineAndNothingIsRetried
2026-09-27T16:02:00.6466352Z  354/1366 Test  #354: ControllerTest.ASuccessfulResultIsAlsoFineAndNothingIsRetried ...........................................   Passed    0.12 sec
2026-09-27T16:02:00.6471476Z           Start  355: ControllerTest.AFailedDispatchIsReportedWithTheDpidAndTheControllersReply
2026-09-27T16:02:00.6625365Z  355/1366 Test  #355: ControllerTest.AFailedDispatchIsReportedWithTheDpidAndTheControllersReply ...............................   Passed    0.02 sec
2026-09-27T16:02:00.6629983Z           Start  356: ControllerTest.EachOperationNamesItselfWhenItFails
2026-09-27T16:02:00.6831886Z  356/1366 Test  #356: ControllerTest.EachOperationNamesItselfWhenItFails ......................................................   Passed    0.02 sec
2026-09-27T16:02:00.6836279Z           Start  357: ControllerTest.ASuccessfulDispatchReportsNothing
2026-09-27T16:02:00.7791223Z  357/1366 Test  #357: ControllerTest.ASuccessfulDispatchReportsNothing ........................................................   Passed    0.10 sec
2026-09-27T16:02:00.7795830Z           Start  358: ControllerTest.AFailedDispatchReachesTheDispatchOutcomeLog
2026-09-27T16:02:00.7943280Z  358/1366 Test  #358: ControllerTest.AFailedDispatchReachesTheDispatchOutcomeLog ..............................................   Passed    0.01 sec
2026-09-27T16:02:00.7948143Z           Start  359: ControllerTest.ASuccessfulDispatchIsCountedEvenThoughNothingIsStored
2026-09-27T16:02:00.8101876Z  359/1366 Test  #359: ControllerTest.ASuccessfulDispatchIsCountedEvenThoughNothingIsStored ....................................   Passed    0.02 sec
2026-09-27T16:02:00.8107005Z           Start  360: ControllerTest.EveryOperationsFailureIsRecordedNotJustInstalls
2026-09-27T16:02:00.8304375Z  360/1366 Test  #360: ControllerTest.EveryOperationsFailureIsRecordedNotJustInstalls ..........................................   Passed    0.02 sec
2026-09-27T16:02:00.8308499Z           Start  361: TryIpStringToUint32Test.ParsesDottedQuads
2026-09-27T16:02:00.8436471Z  361/1366 Test  #361: TryIpStringToUint32Test.ParsesDottedQuads ...............................................................   Passed    0.01 sec
2026-09-27T16:02:00.8440836Z           Start  362: TryIpStringToUint32Test.RejectsTheStringThatUsedToProduceA500
2026-09-27T16:02:00.8567633Z  362/1366 Test  #362: TryIpStringToUint32Test.RejectsTheStringThatUsedToProduceA500 ...........................................   Passed    0.01 sec
2026-09-27T16:02:00.8572054Z           Start  363: TryIpStringToUint32Test.RejectsEmptyRatherThanTreatingItAsZero
2026-09-27T16:02:00.8699341Z  363/1366 Test  #363: TryIpStringToUint32Test.RejectsEmptyRatherThanTreatingItAsZero ..........................................   Passed    0.01 sec
2026-09-27T16:02:00.8703920Z           Start  364: TryIpStringToUint32Test.RejectsOutOfRangeOctetsAndGarbage
2026-09-27T16:02:00.8832790Z  364/1366 Test  #364: TryIpStringToUint32Test.RejectsOutOfRangeOctetsAndGarbage ...............................................   Passed    0.01 sec
2026-09-27T16:02:00.8837116Z           Start  365: TryIpStringToUint32Test.TheShortFormsInetAtonAcceptsAreDocumentedNotAssumed
2026-09-27T16:02:00.8965998Z  365/1366 Test  #365: TryIpStringToUint32Test.TheShortFormsInetAtonAcceptsAreDocumentedNotAssumed .............................   Passed    0.01 sec
2026-09-27T16:02:00.8969948Z           Start  366: TryParseUint64Test.ParsesPlainDigits
2026-09-27T16:02:00.9098799Z  366/1366 Test  #366: TryParseUint64Test.ParsesPlainDigits ....................................................................   Passed    0.01 sec
2026-09-27T16:02:00.9103918Z           Start  367: TryParseUint64Test.RejectsTheStringThatUsedToProduceA500
2026-09-27T16:02:00.9232449Z  367/1366 Test  #367: TryParseUint64Test.RejectsTheStringThatUsedToProduceA500 ................................................   Passed    0.01 sec
2026-09-27T16:02:00.9236741Z           Start  368: TryParseUint64Test.IsStricterThanStoullSoAMistypedDpidIsRefused
2026-09-27T16:02:00.9364693Z  368/1366 Test  #368: TryParseUint64Test.IsStricterThanStoullSoAMistypedDpidIsRefused .........................................   Passed    0.01 sec
2026-09-27T16:02:00.9369229Z           Start  369: TryParseUint64Test.RefusesSomethingTooLargeRatherThanWrapping
2026-09-27T16:02:00.9498874Z  369/1366 Test  #369: TryParseUint64Test.RefusesSomethingTooLargeRatherThanWrapping ...........................................   Passed    0.01 sec
2026-09-27T16:02:00.9503790Z           Start  370: TryParseUint64Test.RejectsEmpty
2026-09-27T16:02:00.9632870Z  370/1366 Test  #370: TryParseUint64Test.RejectsEmpty .........................................................................   Passed    0.01 sec
2026-09-27T16:02:00.9637228Z           Start  371: TryParseUint64Test.DoesNotThrowOnAnythingItRejects
2026-09-27T16:02:00.9764462Z  371/1366 Test  #371: TryParseUint64Test.DoesNotThrowOnAnythingItRejects ......................................................   Passed    0.01 sec
2026-09-27T16:02:00.9768652Z           Start  372: QueryParamTest.ReadsAValueByName
2026-09-27T16:02:00.9898299Z  372/1366 Test  #372: QueryParamTest.ReadsAValueByName ........................................................................   Passed    0.01 sec
2026-09-27T16:02:00.9902980Z           Start  373: QueryParamTest.ReadsAValueThatIsNotTheFirstOrTheLast
2026-09-27T16:02:01.0030829Z  373/1366 Test  #373: QueryParamTest.ReadsAValueThatIsNotTheFirstOrTheLast ....................................................   Passed    0.01 sec
2026-09-27T16:02:01.0035334Z           Start  374: QueryParamTest.AnAbsentKeyAndAnAbsentQueryStringBothGiveEmpty
2026-09-27T16:02:01.0163916Z  374/1366 Test  #374: QueryParamTest.AnAbsentKeyAndAnAbsentQueryStringBothGiveEmpty ...........................................   Passed    0.01 sec
2026-09-27T16:02:01.0168700Z           Start  375: QueryParamTest.AnEmptyValueIsIndistinguishableFromAMissingOne
2026-09-27T16:02:01.0296399Z  375/1366 Test  #375: QueryParamTest.AnEmptyValueIsIndistinguishableFromAMissingOne ...........................................   Passed    0.01 sec
2026-09-27T16:02:01.0300708Z           Start  376: QueryParamTest.TheValueStopsAtTheNextAmpersand
2026-09-27T16:02:01.0430248Z  376/1366 Test  #376: QueryParamTest.TheValueStopsAtTheNextAmpersand ..........................................................   Passed    0.01 sec
2026-09-27T16:02:01.0434820Z           Start  377: QueryParamTest.KeysAreComparedExactlyAndPrefixesDoNotMatch
2026-09-27T16:02:01.0563206Z  377/1366 Test  #377: QueryParamTest.KeysAreComparedExactlyAndPrefixesDoNotMatch ..............................................   Passed    0.01 sec
2026-09-27T16:02:01.0567472Z           Start  378: QueryParamTest.APairWithNoEqualsIsSkippedAndOnlyStopsTheScanWhenNoEqualsRemains
2026-09-27T16:02:01.0697250Z  378/1366 Test  #378: QueryParamTest.APairWithNoEqualsIsSkippedAndOnlyStopsTheScanWhenNoEqualsRemains .........................   Passed    0.01 sec
2026-09-27T16:02:01.0702066Z           Start  379: QueryParamTest.NoPercentDecodingAndNoPlusAsSpace
2026-09-27T16:02:01.0830308Z  379/1366 Test  #379: QueryParamTest.NoPercentDecodingAndNoPlusAsSpace ........................................................   Passed    0.01 sec
2026-09-27T16:02:01.0835076Z           Start  380: QueryParamTest.AQuestionMarkInsideAValueDoesNotRestartParsing
2026-09-27T16:02:01.0962682Z  380/1366 Test  #380: QueryParamTest.AQuestionMarkInsideAValueDoesNotRestartParsing ...........................................   Passed    0.01 sec
2026-09-27T16:02:01.0966970Z           Start  381: TryParseHexUint64Test.ParsesHexDigitsInEitherCase
2026-09-27T16:02:01.1097080Z  381/1366 Test  #381: TryParseHexUint64Test.ParsesHexDigitsInEitherCase .......................................................   Passed    0.01 sec
2026-09-27T16:02:01.1102155Z           Start  382: TryParseHexUint64Test.RejectsTheStringsThatUsedToTerminateTheKernel
2026-09-27T16:02:01.1231920Z  382/1366 Test  #382: TryParseHexUint64Test.RejectsTheStringsThatUsedToTerminateTheKernel .....................................   Passed    0.01 sec
2026-09-27T16:02:01.1236920Z           Start  383: TryParseHexUint64Test.IsStricterThanStoullSoAMistypedDpidIsRefused
2026-09-27T16:02:01.1365773Z  383/1366 Test  #383: TryParseHexUint64Test.IsStricterThanStoullSoAMistypedDpidIsRefused ......................................   Passed    0.01 sec
2026-09-27T16:02:01.1370790Z           Start  384: TryParseHexUint64Test.RefusesRatherThanWrappingOnOverflow
2026-09-27T16:02:01.1501567Z  384/1366 Test  #384: TryParseHexUint64Test.RefusesRatherThanWrappingOnOverflow ...............................................   Passed    0.01 sec
2026-09-27T16:02:01.1506766Z           Start  385: ExecArgvTest.PassesAnArgumentThroughUnchangedNoMatterWhatIsInIt
2026-09-27T16:02:01.1653532Z  385/1366 Test  #385: ExecArgvTest.PassesAnArgumentThroughUnchangedNoMatterWhatIsInIt .........................................   Passed    0.01 sec
2026-09-27T16:02:01.1658493Z           Start  386: ExecArgvTest.KeepsArgumentsSeparateEvenWhenTheyContainSpacesAndQuotes
2026-09-27T16:02:01.1803541Z  386/1366 Test  #386: ExecArgvTest.KeepsArgumentsSeparateEvenWhenTheyContainSpacesAndQuotes ...................................   Passed    0.01 sec
2026-09-27T16:02:01.1808501Z           Start  387: ExecArgvTest.DoesNotInterpretShellMetacharactersInAnyPosition
2026-09-27T16:02:01.2028879Z  387/1366 Test  #387: ExecArgvTest.DoesNotInterpretShellMetacharactersInAnyPosition ...........................................   Passed    0.02 sec
2026-09-27T16:02:01.2033960Z           Start  388: ExecArgvTest.ReportsThatItRanEvenWhenTheProgramFailed
2026-09-27T16:02:01.2173278Z  388/1366 Test  #388: ExecArgvTest.ReportsThatItRanEvenWhenTheProgramFailed ...................................................   Passed    0.01 sec
2026-09-27T16:02:01.2178138Z           Start  389: ExecArgvTest.ReportsExitOneTwentySevenWhenTheProgramIsNotThere
2026-09-27T16:02:01.2313391Z  389/1366 Test  #389: ExecArgvTest.ReportsExitOneTwentySevenWhenTheProgramIsNotThere ..........................................   Passed    0.01 sec
2026-09-27T16:02:01.2318113Z           Start  390: ExecArgvTest.RefusesAnEmptyArgv
2026-09-27T16:02:01.2448295Z  390/1366 Test  #390: ExecArgvTest.RefusesAnEmptyArgv .........................................................................   Passed    0.01 sec
2026-09-27T16:02:01.2453573Z           Start  391: ExecArgvTest.CapturesLargeOutputWithoutTruncatingOrDeadlocking
2026-09-27T16:02:01.2611087Z  391/1366 Test  #391: ExecArgvTest.CapturesLargeOutputWithoutTruncatingOrDeadlocking ..........................................   Passed    0.02 sec
2026-09-27T16:02:01.2616216Z           Start  392: ExecArgvTest.RunsAShellOnlyWhenTheCallerNamesOneAsTheProgram
2026-09-27T16:02:01.2758960Z  392/1366 Test  #392: ExecArgvTest.RunsAShellOnlyWhenTheCallerNamesOneAsTheProgram ............................................   Passed    0.01 sec
2026-09-27T16:02:01.2764414Z           Start  393: DescribeArgvTest.RendersForHumansAndIsNotAShellQuoter
2026-09-27T16:02:01.2893178Z  393/1366 Test  #393: DescribeArgvTest.RendersForHumansAndIsNotAShellQuoter ...................................................   Passed    0.01 sec
2026-09-27T16:02:01.2897927Z           Start  394: SimulationRequestValidationTest.AcceptsTheBodyTheRealCallerSends
2026-09-27T16:02:01.3028032Z  394/1366 Test  #394: SimulationRequestValidationTest.AcceptsTheBodyTheRealCallerSends ........................................   Passed    0.01 sec
2026-09-27T16:02:01.3033115Z           Start  395: SimulationRequestValidationTest.RejectsTheBodyThatUsedToReturn202
2026-09-27T16:02:01.3163662Z  395/1366 Test  #395: SimulationRequestValidationTest.RejectsTheBodyThatUsedToReturn202 .......................................   Passed    0.01 sec
2026-09-27T16:02:01.3168791Z           Start  396: SimulationRequestValidationTest.TheRequiredFieldListIsExactlyWhatTheSimulatorNeeds
2026-09-27T16:02:01.3297859Z  396/1366 Test  #396: SimulationRequestValidationTest.TheRequiredFieldListIsExactlyWhatTheSimulatorNeeds ......................   Passed    0.01 sec
2026-09-27T16:02:01.3303229Z           Start  397: SimulationRequestValidationTest.RejectsAnEmptyObjectAndNamesEveryMissingField
2026-09-27T16:02:01.3434372Z  397/1366 Test  #397: SimulationRequestValidationTest.RejectsAnEmptyObjectAndNamesEveryMissingField ...........................   Passed    0.01 sec
2026-09-27T16:02:01.3439444Z           Start  398: SimulationRequestValidationTest.EachRequiredFieldIsIndividuallyRequired
2026-09-27T16:02:01.3576210Z  398/1366 Test  #398: SimulationRequestValidationTest.EachRequiredFieldIsIndividuallyRequired .................................   Passed    0.01 sec
2026-09-27T16:02:01.3581010Z           Start  399: SimulationRequestValidationTest.RejectsNullAsAbsentRatherThanForwardingTheWordNull
2026-09-27T16:02:01.3712243Z  399/1366 Test  #399: SimulationRequestValidationTest.RejectsNullAsAbsentRatherThanForwardingTheWordNull ......................   Passed    0.01 sec
2026-09-27T16:02:01.3716520Z           Start  400: SimulationRequestValidationTest.RejectsAFieldOfTheWrongTypeAndSaysWhatItGot
2026-09-27T16:02:01.3849867Z  400/1366 Test  #400: SimulationRequestValidationTest.RejectsAFieldOfTheWrongTypeAndSaysWhatItGot .............................   Passed    0.01 sec
2026-09-27T16:02:01.3854544Z           Start  401: SimulationRequestValidationTest.ReportsMissingAndWrongTypedFieldsTogether
2026-09-27T16:02:01.3984232Z  401/1366 Test  #401: SimulationRequestValidationTest.ReportsMissingAndWrongTypedFieldsTogether ...............................   Passed    0.01 sec
2026-09-27T16:02:01.3988632Z           Start  402: SimulationRequestValidationTest.RejectsValidJsonThatIsNotAnObject
2026-09-27T16:02:01.4120012Z  402/1366 Test  #402: SimulationRequestValidationTest.RejectsValidJsonThatIsNotAnObject .......................................   Passed    0.01 sec
2026-09-27T16:02:01.4124484Z           Start  403: SimulationRequestValidationTest.IgnoresExtraFields
2026-09-27T16:02:01.4256770Z  403/1366 Test  #403: SimulationRequestValidationTest.IgnoresExtraFields ......................................................   Passed    0.01 sec
2026-09-27T16:02:01.4261094Z           Start  404: SimulationRequestValidationTest.NeverThrowsWhateverItIsGiven
2026-09-27T16:02:01.4403188Z  404/1366 Test  #404: SimulationRequestValidationTest.NeverThrowsWhateverItIsGiven ............................................   Passed    0.01 sec
2026-09-27T16:02:01.4407802Z           Start  405: SimulationRequestValidationTest.ShapeCheckIsStillNotASanitiserAndNoLongerNeedsToBe
2026-09-27T16:02:01.4538839Z  405/1366 Test  #405: SimulationRequestValidationTest.ShapeCheckIsStillNotASanitiserAndNoLongerNeedsToBe ......................   Passed    0.01 sec
2026-09-27T16:02:01.4543275Z           Start  406: SimulationCompletedAppIdTest.RejectsWhatStoiWouldHaveThrownOn
2026-09-27T16:02:01.4673460Z  406/1366 Test  #406: SimulationCompletedAppIdTest.RejectsWhatStoiWouldHaveThrownOn ...........................................   Passed    0.01 sec
2026-09-27T16:02:01.4678885Z           Start  407: SimulationCompletedAppIdTest.RejectsWhatStoiWouldHaveSilentlyTruncated
2026-09-27T16:02:01.4808595Z  407/1366 Test  #407: SimulationCompletedAppIdTest.RejectsWhatStoiWouldHaveSilentlyTruncated ..................................   Passed    0.01 sec
2026-09-27T16:02:01.4813461Z           Start  408: SimulationCompletedAppIdTest.AcceptsTheDocumentedForm
2026-09-27T16:02:01.4943694Z  408/1366 Test  #408: SimulationCompletedAppIdTest.AcceptsTheDocumentedForm ...................................................   Passed    0.01 sec
2026-09-27T16:02:01.4948901Z           Start  409: SimulationCompletedAppIdTest.SomethingTooBigForIntParsesSoTheRangeCheckIsWhatMustRejectIt
2026-09-27T16:02:01.5076603Z  409/1366 Test  #409: SimulationCompletedAppIdTest.SomethingTooBigForIntParsesSoTheRangeCheckIsWhatMustRejectIt ...............   Passed    0.01 sec
2026-09-27T16:02:01.5081221Z           Start  410: OvsPowerStrategyTest.PowerOffSavesThePortsThenDeletesTheBridge
2026-09-27T16:02:01.5211986Z  410/1366 Test  #410: OvsPowerStrategyTest.PowerOffSavesThePortsThenDeletesTheBridge ..........................................   Passed    0.01 sec
2026-09-27T16:02:01.5216874Z           Start  411: OvsPowerStrategyTest.PowerOffRefusesWhenItCannotReadThePorts
2026-09-27T16:02:01.5347588Z  411/1366 Test  #411: OvsPowerStrategyTest.PowerOffRefusesWhenItCannotReadThePorts ............................................   Passed    0.01 sec
2026-09-27T16:02:01.5352446Z           Start  412: OvsPowerStrategyTest.PowerOffDistinguishesABridgeWithNoPortsFromAFailedQuery
2026-09-27T16:02:01.5482281Z  412/1366 Test  #412: OvsPowerStrategyTest.PowerOffDistinguishesABridgeWithNoPortsFromAFailedQuery ............................   Passed    0.01 sec
2026-09-27T16:02:01.5486903Z           Start  413: OvsPowerStrategyTest.PowerOffLeavesTheVertexUpWhenACommandFails
2026-09-27T16:02:01.5614582Z  413/1366 Test  #413: OvsPowerStrategyTest.PowerOffLeavesTheVertexUpWhenACommandFails .........................................   Passed    0.01 sec
2026-09-27T16:02:01.5619604Z           Start  414: OvsPowerStrategyTest.PowerOffTearsDownABridgeThatExistsThoughTheGraphSaysDown
2026-09-27T16:02:01.5749318Z  414/1366 Test  #414: OvsPowerStrategyTest.PowerOffTearsDownABridgeThatExistsThoughTheGraphSaysDown ...........................   Passed    0.01 sec
2026-09-27T16:02:01.5754760Z           Start  415: OvsPowerStrategyTest.PowerOffOnAnAbsentBridgeSucceedsWithoutDeletingAnythingAndStillRecordsTheCommand
2026-09-27T16:02:01.5886082Z  415/1366 Test  #415: OvsPowerStrategyTest.PowerOffOnAnAbsentBridgeSucceedsWithoutDeletingAnythingAndStillRecordsTheCommand ...   Passed    0.01 sec
2026-09-27T16:02:01.5891045Z           Start  416: OvsPowerStrategyTest.ASecondPowerOffOnAStillRunningSwitchIsNotSwallowedByTheFirst
2026-09-27T16:02:01.6023511Z  416/1366 Test  #416: OvsPowerStrategyTest.ASecondPowerOffOnAStillRunningSwitchIsNotSwallowedByTheFirst .......................   Passed    0.01 sec
2026-09-27T16:02:01.6028299Z           Start  417: OvsPowerStrategyTest.PowerOffAttemptsTheTeardownWhenItCannotAskWhetherTheBridgeExists
2026-09-27T16:02:01.6157122Z  417/1366 Test  #417: OvsPowerStrategyTest.PowerOffAttemptsTheTeardownWhenItCannotAskWhetherTheBridgeExists ...................   Passed    0.01 sec
2026-09-27T16:02:01.6161362Z           Start  418: OvsPowerStrategyTest.PowerOffStillRefusesWhenTheBridgeIsThereButItsPortsCannotBeRead
2026-09-27T16:02:01.6291595Z  418/1366 Test  #418: OvsPowerStrategyTest.PowerOffStillRefusesWhenTheBridgeIsThereButItsPortsCannotBeRead ....................   Passed    0.01 sec
2026-09-27T16:02:01.6296623Z           Start  419: OvsPowerStrategyTest.PowerOnRecreatesTheBridgeWithTheSavedPorts
2026-09-27T16:02:01.6425969Z  419/1366 Test  #419: OvsPowerStrategyTest.PowerOnRecreatesTheBridgeWithTheSavedPorts .........................................   Passed    0.01 sec
2026-09-27T16:02:01.6430330Z           Start  420: OvsPowerStrategyTest.PowerOnSetsTheDatapathIdAsSixteenHexDigits
2026-09-27T16:02:01.6560476Z  420/1366 Test  #420: OvsPowerStrategyTest.PowerOnSetsTheDatapathIdAsSixteenHexDigits .........................................   Passed    0.01 sec
2026-09-27T16:02:01.6564747Z           Start  421: OvsPowerStrategyTest.PowerOnDoesNotMarkUpWhenACommandFails
2026-09-27T16:02:01.6695694Z  421/1366 Test  #421: OvsPowerStrategyTest.PowerOnDoesNotMarkUpWhenACommandFails ..............................................   Passed    0.01 sec
2026-09-27T16:02:01.6699984Z           Start  422: OvsPowerStrategyTest.AFailedPortCommandFailsTheWholeOperation
2026-09-27T16:02:01.6827791Z  422/1366 Test  #422: OvsPowerStrategyTest.AFailedPortCommandFailsTheWholeOperation ...........................................   Passed    0.01 sec
2026-09-27T16:02:01.6832547Z           Start  423: OvsPowerStrategyTest.PowerOnOnAnAlreadyUpSwitchDoesNothing
2026-09-27T16:02:01.6960972Z  423/1366 Test  #423: OvsPowerStrategyTest.PowerOnOnAnAlreadyUpSwitchDoesNothing ..............................................   Passed    0.01 sec
2026-09-27T16:02:01.6965406Z           Start  424: OvsPowerStrategyTest.PowerOnDoesNotBlindAddBrWhenTheBridgeIsAlreadyThere
2026-09-27T16:02:01.7091583Z  424/1366 Test  #424: OvsPowerStrategyTest.PowerOnDoesNotBlindAddBrWhenTheBridgeIsAlreadyThere ................................   Passed    0.01 sec
2026-09-27T16:02:01.7096056Z           Start  425: OvsPowerStrategyTest.PowerOnOnAnExistingBridgeWithdrawsAStandingPowerOffCommand
2026-09-27T16:02:01.7223998Z  425/1366 Test  #425: OvsPowerStrategyTest.PowerOnOnAnExistingBridgeWithdrawsAStandingPowerOffCommand .........................   Passed    0.01 sec
2026-09-27T16:02:01.7228552Z           Start  426: OvsPowerStrategyTest.PowerOnBuildsTheBridgeWhenTheMachineSaysItIsNotThere
2026-09-27T16:02:01.7357784Z  426/1366 Test  #426: OvsPowerStrategyTest.PowerOnBuildsTheBridgeWhenTheMachineSaysItIsNotThere ...............................   Passed    0.01 sec
2026-09-27T16:02:01.7362296Z           Start  427: OvsPowerStrategyTest.PowerOnWithNoSavedPortsStillReportsSuccessButBuildsAnEmptyBridge
2026-09-27T16:02:01.7492917Z  427/1366 Test  #427: OvsPowerStrategyTest.PowerOnWithNoSavedPortsStillReportsSuccessButBuildsAnEmptyBridge ...................   Passed    0.01 sec
2026-09-27T16:02:01.7497346Z           Start  428: OvsPowerStrategyTest.PowerOffReadsTheSflowRecordBeforeItDeletesTheBridge
2026-09-27T16:02:01.7628262Z  428/1366 Test  #428: OvsPowerStrategyTest.PowerOffReadsTheSflowRecordBeforeItDeletesTheBridge ................................   Passed    0.01 sec
2026-09-27T16:02:01.7632897Z           Start  429: OvsPowerStrategyTest.PowerOffRecordsAnUnreadableSflowAsUnknownRatherThanAsAbsent
2026-09-27T16:02:01.7761941Z  429/1366 Test  #429: OvsPowerStrategyTest.PowerOffRecordsAnUnreadableSflowAsUnknownRatherThanAsAbsent ........................   Passed    0.01 sec
2026-09-27T16:02:01.7766574Z           Start  430: OvsPowerStrategyTest.PowerOffLeavesNothingPendingForABridgeThatHadNoSflow
2026-09-27T16:02:01.7895805Z  430/1366 Test  #430: OvsPowerStrategyTest.PowerOffLeavesNothingPendingForABridgeThatHadNoSflow ...............................   Passed    0.01 sec
2026-09-27T16:02:01.7900102Z           Start  431: OvsPowerStrategyTest.PowerOnRestoresTheAgentAddressAndTheSflowRecord
2026-09-27T16:02:01.8031207Z  431/1366 Test  #431: OvsPowerStrategyTest.PowerOnRestoresTheAgentAddressAndTheSflowRecord ....................................   Passed    0.01 sec
2026-09-27T16:02:01.8035989Z           Start  432: OvsPowerStrategyTest.PowerOnRestoresTheSflowAfterTheBridgeExists
2026-09-27T16:02:01.8167014Z  432/1366 Test  #432: OvsPowerStrategyTest.PowerOnRestoresTheSflowAfterTheBridgeExists ........................................   Passed    0.01 sec
2026-09-27T16:02:01.8171357Z           Start  433: OvsPowerStrategyTest.PowerOnReportsFailureWhenTheSflowRecordDoesNotComeBack
2026-09-27T16:02:01.8302559Z  433/1366 Test  #433: OvsPowerStrategyTest.PowerOnReportsFailureWhenTheSflowRecordDoesNotComeBack .............................   Passed    0.01 sec
2026-09-27T16:02:01.8307170Z           Start  434: OvsPowerStrategyTest.PowerOnReportsFailureWhenTheAgentInterfaceHasNoAddress
2026-09-27T16:02:01.8436664Z  434/1366 Test  #434: OvsPowerStrategyTest.PowerOnReportsFailureWhenTheAgentInterfaceHasNoAddress .............................   Passed    0.01 sec
2026-09-27T16:02:01.8441001Z           Start  435: OvsPowerStrategyTest.PowerOnTreatsAnUnreadableReadBackAsFailureNotAsSuccess
2026-09-27T16:02:01.8572596Z  435/1366 Test  #435: OvsPowerStrategyTest.PowerOnTreatsAnUnreadableReadBackAsFailureNotAsSuccess .............................   Passed    0.01 sec
2026-09-27T16:02:01.8576761Z           Start  436: OvsPowerStrategyTest.PowerOnSaysSoWhenPowerOffNeverManagedToReadTheRecord
2026-09-27T16:02:01.8706343Z  436/1366 Test  #436: OvsPowerStrategyTest.PowerOnSaysSoWhenPowerOffNeverManagedToReadTheRecord ...............................   Passed    0.01 sec
2026-09-27T16:02:01.8710699Z           Start  437: OvsPowerStrategyTest.ARetriedPowerOnReAttemptsTheSflowRestore
2026-09-27T16:02:01.8839538Z  437/1366 Test  #437: OvsPowerStrategyTest.ARetriedPowerOnReAttemptsTheSflowRestore ...........................................   Passed    0.01 sec
2026-09-27T16:02:01.8844250Z           Start  438: OvsPowerStrategyTest.AnAlreadyUpSwitchWithNothingOwedStillRunsNoCommands
2026-09-27T16:02:01.8972734Z  438/1366 Test  #438: OvsPowerStrategyTest.AnAlreadyUpSwitchWithNothingOwedStillRunsNoCommands ................................   Passed    0.01 sec
2026-09-27T16:02:01.8976976Z           Start  439: OvsPowerStrategyTest.TheRealShellSeamRunsTheCommandAndReportsItsExitStatus
2026-09-27T16:02:01.9149763Z  439/1366 Test  #439: OvsPowerStrategyTest.TheRealShellSeamRunsTheCommandAndReportsItsExitStatus ..............................   Passed    0.02 sec
2026-09-27T16:02:01.9154601Z           Start  440: OvsPowerStrategyTest.BrExistsTreatsExitTwoAsAnAnswerAndEveryOtherFailureAsUnknown
2026-09-27T16:02:01.9283556Z  440/1366 Test  #440: OvsPowerStrategyTest.BrExistsTreatsExitTwoAsAnAnswerAndEveryOtherFailureAsUnknown .......................   Passed    0.01 sec
2026-09-27T16:02:01.9287896Z           Start  441: OvsPowerStrategyTest.DescribesItselfForLogsAndErrors
2026-09-27T16:02:01.9417598Z  441/1366 Test  #441: OvsPowerStrategyTest.DescribesItselfForLogsAndErrors ....................................................   Passed    0.01 sec
2026-09-27T16:02:01.9421378Z           Start  442: CommandToolNameTest.PicksTheToolOutOfACommandLine
2026-09-27T16:02:01.9548930Z  442/1366 Test  #442: CommandToolNameTest.PicksTheToolOutOfACommandLine .......................................................   Passed    0.01 sec
2026-09-27T16:02:01.9553552Z           Start  443: CommandToolNameTest.ReturnsNothingRatherThanGuessing
2026-09-27T16:02:01.9682308Z  443/1366 Test  #443: CommandToolNameTest.ReturnsNothingRatherThanGuessing ....................................................   Passed    0.01 sec
2026-09-27T16:02:01.9686779Z           Start  444: OvsPowerStrategyConcurrencyTest.AFailedRequestDoesNotMakeAConcurrentOneReportFailure
2026-09-27T16:02:01.9819514Z  444/1366 Test  #444: OvsPowerStrategyConcurrencyTest.AFailedRequestDoesNotMakeAConcurrentOneReportFailure ....................   Passed    0.01 sec
2026-09-27T16:02:01.9824727Z           Start  445: CurlFlagHelpersTest.BundledShortOptionsCarryTheFailFlag
2026-09-27T16:02:01.9953443Z  445/1366 Test  #445: CurlFlagHelpersTest.BundledShortOptionsCarryTheFailFlag .................................................   Passed    0.01 sec
2026-09-27T16:02:01.9957986Z           Start  446: P4PowerStrategyTest.PowerOffRunsTheHelperOnceAgainstExactlyThatSwitch
2026-09-27T16:02:02.0087031Z  446/1366 Test  #446: P4PowerStrategyTest.PowerOffRunsTheHelperOnceAgainstExactlyThatSwitch ...................................   Passed    0.01 sec
2026-09-27T16:02:02.0091011Z           Start  447: P4PowerStrategyTest.PowerOffFailureLeavesTheVertexUp
2026-09-27T16:02:02.0218627Z  447/1366 Test  #447: P4PowerStrategyTest.PowerOffFailureLeavesTheVertexUp ....................................................   Passed    0.01 sec
2026-09-27T16:02:02.0223377Z           Start  448: P4PowerStrategyTest.PowerOffOnAnAlreadyDownSwitchStillAsksTheHelper
2026-09-27T16:02:02.0352978Z  448/1366 Test  #448: P4PowerStrategyTest.PowerOffOnAnAlreadyDownSwitchStillAsksTheHelper .....................................   Passed    0.01 sec
2026-09-27T16:02:02.0357012Z           Start  449: P4PowerStrategyTest.PowerOnRunsHelperThenReadoptInThatOrder
2026-09-27T16:02:02.0485869Z  449/1366 Test  #449: P4PowerStrategyTest.PowerOnRunsHelperThenReadoptInThatOrder .............................................   Passed    0.01 sec
2026-09-27T16:02:02.0490090Z           Start  450: P4PowerStrategyTest.TheReadoptCurlKeepsTheProxysAccountOfWhatBroke
2026-09-27T16:02:02.0618651Z  450/1366 Test  #450: P4PowerStrategyTest.TheReadoptCurlKeepsTheProxysAccountOfWhatBroke ......................................   Passed    0.01 sec
2026-09-27T16:02:02.0622974Z           Start  451: P4PowerStrategyTest.PowerOnHelperFailureIsA500AndReadoptNeverRuns
2026-09-27T16:02:02.0749491Z  451/1366 Test  #451: P4PowerStrategyTest.PowerOnHelperFailureIsA500AndReadoptNeverRuns .......................................   Passed    0.01 sec
2026-09-27T16:02:02.0754112Z           Start  452: P4PowerStrategyTest.PowerOnReadoptFailureIsA502AndDoesNotMarkUp
2026-09-27T16:02:02.0880951Z  452/1366 Test  #452: P4PowerStrategyTest.PowerOnReadoptFailureIsA502AndDoesNotMarkUp .........................................   Passed    0.01 sec
2026-09-27T16:02:02.0885896Z           Start  453: P4PowerStrategyTest.PowerOnOnAnAlreadyUpSwitchRunsNothing
2026-09-27T16:02:02.1013191Z  453/1366 Test  #453: P4PowerStrategyTest.PowerOnOnAnAlreadyUpSwitchRunsNothing ...............................................   Passed    0.01 sec
2026-09-27T16:02:02.1017753Z           Start  454: P4PowerStrategyTest.PowerOnActsWhenTheGraphSaysUpButThisStrategyJustStoppedTheSwitch
2026-09-27T16:02:02.1146752Z  454/1366 Test  #454: P4PowerStrategyTest.PowerOnActsWhenTheGraphSaysUpButThisStrategyJustStoppedTheSwitch ....................   Passed    0.01 sec
2026-09-27T16:02:02.1151550Z           Start  455: P4PowerStrategyTest.PowerOnActsPastTheWindowWhileThePowerOffStandsUnwithdrawn
2026-09-27T16:02:02.1282018Z  455/1366 Test  #455: P4PowerStrategyTest.PowerOnActsPastTheWindowWhileThePowerOffStandsUnwithdrawn ...........................   Passed    0.01 sec
2026-09-27T16:02:02.1286063Z           Start  456: P4PowerStrategyTest.ASuccessfulPowerOnClosesTheWindowSoAnImmediateRepeatIsStillANoOp
2026-09-27T16:02:02.1415988Z  456/1366 Test  #456: P4PowerStrategyTest.ASuccessfulPowerOnClosesTheWindowSoAnImmediateRepeatIsStillANoOp ....................   Passed    0.01 sec
2026-09-27T16:02:02.1419649Z           Start  457: P4PowerStrategyTest.AFailedPowerOffDoesNotOpenTheDistrustWindow
2026-09-27T16:02:02.1550075Z  457/1366 Test  #457: P4PowerStrategyTest.AFailedPowerOffDoesNotOpenTheDistrustWindow .........................................   Passed    0.01 sec
2026-09-27T16:02:02.1554616Z           Start  458: P4PowerStrategyTest.TheDistrustWindowIsPerSwitchNotFabricWide
2026-09-27T16:02:02.1684785Z  458/1366 Test  #458: P4PowerStrategyTest.TheDistrustWindowIsPerSwitchNotFabricWide ...........................................   Passed    0.01 sec
2026-09-27T16:02:02.1688928Z           Start  459: P4PowerStrategyTest.TheReadoptFailureNamesARecoveryThatCanActuallyRun
2026-09-27T16:02:02.1821603Z  459/1366 Test  #459: P4PowerStrategyTest.TheReadoptFailureNamesARecoveryThatCanActuallyRun ...................................   Passed    0.01 sec
2026-09-27T16:02:02.1826029Z           Start  460: P4PowerStrategyTest.TheRealShellSeamRunsTheCommandAndReportsItsExitStatus
2026-09-27T16:02:02.2001941Z  460/1366 Test  #460: P4PowerStrategyTest.TheRealShellSeamRunsTheCommandAndReportsItsExitStatus ...............................   Passed    0.02 sec
2026-09-27T16:02:02.2006201Z           Start  461: P4PowerStrategyTest.DescribesItselfForLogsAndErrors
2026-09-27T16:02:02.2134158Z  461/1366 Test  #461: P4PowerStrategyTest.DescribesItselfForLogsAndErrors .....................................................   Passed    0.01 sec
2026-09-27T16:02:02.2137977Z           Start  462: P4LivenessTest.ASwitchThatAnsweredAProbeIsUp
2026-09-27T16:02:02.2266848Z  462/1366 Test  #462: P4LivenessTest.ASwitchThatAnsweredAProbeIsUp ............................................................   Passed    0.01 sec
2026-09-27T16:02:02.2271045Z           Start  463: P4LivenessTest.AFreshSuccessfulProbeOutweighsSilenceOnTheDataPlane
2026-09-27T16:02:02.2400780Z  463/1366 Test  #463: P4LivenessTest.AFreshSuccessfulProbeOutweighsSilenceOnTheDataPlane ......................................   Passed    0.01 sec
2026-09-27T16:02:02.2404996Z           Start  464: P4LivenessTest.AFailedProbeWithNoRecentBeaconIsDown
2026-09-27T16:02:02.2532957Z  464/1366 Test  #464: P4LivenessTest.AFailedProbeWithNoRecentBeaconIsDown .....................................................   Passed    0.01 sec
2026-09-27T16:02:02.2537339Z           Start  465: P4LivenessTest.AFailedProbeForASwitchThatWasNeverSeenForwardingIsDown
2026-09-27T16:02:02.2666003Z  465/1366 Test  #465: P4LivenessTest.AFailedProbeForASwitchThatWasNeverSeenForwardingIsDown ...................................   Passed    0.01 sec
2026-09-27T16:02:02.2669956Z           Start  466: P4LivenessTest.AnUnreachableProxyLeavesEveryStateUnknown
2026-09-27T16:02:02.2797232Z  466/1366 Test  #466: P4LivenessTest.AnUnreachableProxyLeavesEveryStateUnknown ................................................   Passed    0.01 sec
2026-09-27T16:02:02.2801147Z           Start  467: P4LivenessTest.ASwitchTheProxyHasNeverHeardOfIsUnknown
2026-09-27T16:02:02.2931211Z  467/1366 Test  #467: P4LivenessTest.ASwitchTheProxyHasNeverHeardOfIsUnknown ..................................................   Passed    0.01 sec
2026-09-27T16:02:02.2935469Z           Start  468: P4LivenessTest.ASwitchNotYetProbedIsUnknownRatherThanDown
2026-09-27T16:02:02.3063242Z  468/1366 Test  #468: P4LivenessTest.ASwitchNotYetProbedIsUnknownRatherThanDown ...............................................   Passed    0.01 sec
2026-09-27T16:02:02.3067702Z           Start  469: P4LivenessTest.AStaleFailedProbeIsUnknownBecauseItDescribesTheProxyNotTheSwitch
2026-09-27T16:02:02.3196789Z  469/1366 Test  #469: P4LivenessTest.AStaleFailedProbeIsUnknownBecauseItDescribesTheProxyNotTheSwitch .........................   Passed    0.01 sec
2026-09-27T16:02:02.3200725Z           Start  470: P4LivenessTest.ConflictingEvidenceIsUnknownRatherThanADecision
2026-09-27T16:02:02.3330068Z  470/1366 Test  #470: P4LivenessTest.ConflictingEvidenceIsUnknownRatherThanADecision ..........................................   Passed    0.01 sec
2026-09-27T16:02:02.3334632Z           Start  471: P4LivenessTest.TheBeaconFreshnessBoundaryIsWhereTheDocumentedThresholdSays
2026-09-27T16:02:02.3464596Z  471/1366 Test  #471: P4LivenessTest.TheBeaconFreshnessBoundaryIsWhereTheDocumentedThresholdSays ..............................   Passed    0.01 sec
2026-09-27T16:02:02.3468679Z           Start  472: P4LivenessTest.APayloadWithoutASwitchesObjectIsUnknown
2026-09-27T16:02:02.3598330Z  472/1366 Test  #472: P4LivenessTest.APayloadWithoutASwitchesObjectIsUnknown ..................................................   Passed    0.01 sec
2026-09-27T16:02:02.3602243Z           Start  473: P4LivenessTest.AnEntryOfTheWrongShapeIsUnknown
2026-09-27T16:02:02.3731248Z  473/1366 Test  #473: P4LivenessTest.AnEntryOfTheWrongShapeIsUnknown ..........................................................   Passed    0.01 sec
2026-09-27T16:02:02.3735645Z           Start  474: P4LivenessTest.ANonBooleanProbeOkIsUnknownRatherThanTruthy
2026-09-27T16:02:02.3867711Z  474/1366 Test  #474: P4LivenessTest.ANonBooleanProbeOkIsUnknownRatherThanTruthy ..............................................   Passed    0.01 sec
2026-09-27T16:02:02.3871946Z           Start  475: P4LivenessTest.MissingAgesDoNotPreventAVerdict
2026-09-27T16:02:02.4002240Z  475/1366 Test  #475: P4LivenessTest.MissingAgesDoNotPreventAVerdict ..........................................................   Passed    0.01 sec
2026-09-27T16:02:02.4006765Z           Start  476: P4LivenessTest.AMalformedAgeIsUnknownWhileAnAbsentOneIsNot
2026-09-27T16:02:02.4143571Z  476/1366 Test  #476: P4LivenessTest.AMalformedAgeIsUnknownWhileAnAbsentOneIsNot ..............................................   Passed    0.01 sec
2026-09-27T16:02:02.4147558Z           Start  477: P4LivenessTest.NeverThrowsOnAnythingTheProxyCouldSend
2026-09-27T16:02:02.4276546Z  477/1366 Test  #477: P4LivenessTest.NeverThrowsOnAnythingTheProxyCouldSend ...................................................   Passed    0.01 sec
2026-09-27T16:02:02.4280586Z           Start  478: P4LivenessTest.ADpidBeyondThirtyTwoBitsIsLookedUpCorrectly
2026-09-27T16:02:02.4410605Z  478/1366 Test  #478: P4LivenessTest.ADpidBeyondThirtyTwoBitsIsLookedUpCorrectly ..............................................   Passed    0.01 sec
2026-09-27T16:02:02.4414980Z           Start  479: RelayResponseTest.A200IsAcceptedAndTheStatusTextIsReported
2026-09-27T16:02:02.4543697Z  479/1366 Test  #479: RelayResponseTest.A200IsAcceptedAndTheStatusTextIsReported ..............................................   Passed    0.01 sec
2026-09-27T16:02:02.4547978Z           Start  480: RelayResponseTest.AnyTwoHundredSeriesStatusIsAccepted
2026-09-27T16:02:02.4677483Z  480/1366 Test  #480: RelayResponseTest.AnyTwoHundredSeriesStatusIsAccepted ...................................................   Passed    0.01 sec
2026-09-27T16:02:02.4682226Z           Start  481: RelayResponseTest.NoResponseAtAllIsRefusedRatherThanTreatedAsSuccess
2026-09-27T16:02:02.4812018Z  481/1366 Test  #481: RelayResponseTest.NoResponseAtAllIsRefusedRatherThanTreatedAsSuccess ....................................   Passed    0.01 sec
2026-09-27T16:02:02.4815896Z           Start  482: RelayResponseTest.CurlsOwnNoResponseCodeIsRefused
2026-09-27T16:02:02.4944263Z  482/1366 Test  #482: RelayResponseTest.CurlsOwnNoResponseCodeIsRefused .......................................................   Passed    0.01 sec
2026-09-27T16:02:02.4948322Z           Start  483: RelayResponseTest.AnErrorStatusIsRefusedAndNamed
2026-09-27T16:02:02.5075681Z  483/1366 Test  #483: RelayResponseTest.AnErrorStatusIsRefusedAndNamed ........................................................   Passed    0.01 sec
2026-09-27T16:02:02.5079377Z           Start  484: RelayResponseTest.AThreeHundredIsNotSuccess
2026-09-27T16:02:02.5205875Z  484/1366 Test  #484: RelayResponseTest.AThreeHundredIsNotSuccess .............................................................   Passed    0.01 sec
2026-09-27T16:02:02.5217733Z           Start  485: RelayResponseTest.AResponseWithNoStatusLineIsRefused
2026-09-27T16:02:02.5343030Z  485/1366 Test  #485: RelayResponseTest.AResponseWithNoStatusLineIsRefused ....................................................   Passed    0.01 sec
2026-09-27T16:02:02.5347287Z           Start  486: RelayResponseTest.AnEmptyBodyWithA200IsStillAccepted
2026-09-27T16:02:02.5478754Z  486/1366 Test  #486: RelayResponseTest.AnEmptyBodyWithA200IsStillAccepted ....................................................   Passed    0.01 sec
2026-09-27T16:02:02.5483192Z           Start  487: RelayResponseTest.HtmlWithoutTheExpectedShapeStillSucceedsWithTheWholeBody
2026-09-27T16:02:02.5613151Z  487/1366 Test  #487: RelayResponseTest.HtmlWithoutTheExpectedShapeStillSucceedsWithTheWholeBody ..............................   Passed    0.01 sec
2026-09-27T16:02:02.5617225Z           Start  488: RelayResponseTest.AMultiLineBodyKeepsItsStatusAtTheEnd
2026-09-27T16:02:02.5746624Z  488/1366 Test  #488: RelayResponseTest.AMultiLineBodyKeepsItsStatusAtTheEnd ..................................................   Passed    0.01 sec
2026-09-27T16:02:02.5750499Z           Start  489: RelayResponseTest.ANonNumericStatusIsRefused
2026-09-27T16:02:02.5878159Z  489/1366 Test  #489: RelayResponseTest.ANonNumericStatusIsRefused ............................................................   Passed    0.01 sec
2026-09-27T16:02:02.5882521Z           Start  490: RelayResponseTest.NeverThrowsOnAnythingTheGatewayCouldSend
2026-09-27T16:02:02.6013709Z  490/1366 Test  #490: RelayResponseTest.NeverThrowsOnAnythingTheGatewayCouldSend ..............................................   Passed    0.01 sec
2026-09-27T16:02:02.6021331Z           Start  491: RelayPowerCommandTest.CarriesTheThreeParametersTheGatewayIsKnownToAccept
2026-09-27T16:02:02.6150810Z  491/1366 Test  #491: RelayPowerCommandTest.CarriesTheThreeParametersTheGatewayIsKnownToAccept ................................   Passed    0.01 sec
2026-09-27T16:02:02.6155406Z           Start  492: RelayPowerCommandTest.AHostileActionValueStaysInsideOneArgument
2026-09-27T16:02:02.6283442Z  492/1366 Test  #492: RelayPowerCommandTest.AHostileActionValueStaysInsideOneArgument .........................................   Passed    0.01 sec
2026-09-27T16:02:02.6287810Z           Start  493: RelayPowerCommandTest.AsksForTheHttpStatusInterpretRelayResponseReadsItsVerdictFrom
2026-09-27T16:02:02.6415481Z  493/1366 Test  #493: RelayPowerCommandTest.AsksForTheHttpStatusInterpretRelayResponseReadsItsVerdictFrom .....................   Passed    0.01 sec
2026-09-27T16:02:02.6419456Z           Start  494: RelayPowerCommandTest.IsBoundedInTimeBecauseItRunsInsideARequestHandler
2026-09-27T16:02:02.6548974Z  494/1366 Test  #494: RelayPowerCommandTest.IsBoundedInTimeBecauseItRunsInsideARequestHandler .................................   Passed    0.01 sec
2026-09-27T16:02:02.6553857Z           Start  495: RelayPowerCommandTest.TheStatusLineSurvivesTheRoundTripIntoAVerdict
2026-09-27T16:02:02.6686141Z  495/1366 Test  #495: RelayPowerCommandTest.TheStatusLineSurvivesTheRoundTripIntoAVerdict .....................................   Passed    0.01 sec
2026-09-27T16:02:02.6690729Z           Start  496: RequestDeadlines.TheFlowTableRequestIsBounded
2026-09-27T16:02:02.6819659Z  496/1366 Test  #496: RequestDeadlines.TheFlowTableRequestIsBounded ...........................................................   Passed    0.01 sec
2026-09-27T16:02:02.6824525Z           Start  497: RequestDeadlines.TheLivenessRequestIsBounded
2026-09-27T16:02:02.6952600Z  497/1366 Test  #497: RequestDeadlines.TheLivenessRequestIsBounded ............................................................   Passed    0.01 sec
2026-09-27T16:02:02.6957011Z           Start  498: RequestDeadlines.TheRelayRequestIsBounded
2026-09-27T16:02:02.7084116Z  498/1366 Test  #498: RequestDeadlines.TheRelayRequestIsBounded ...............................................................   Passed    0.01 sec
2026-09-27T16:02:02.7088809Z           Start  499: RequestDeadlines.TheFlowTableDeadlineOutlivesTheProxysOwnGrpcDeadline
2026-09-27T16:02:02.7217323Z  499/1366 Test  #499: RequestDeadlines.TheFlowTableDeadlineOutlivesTheProxysOwnGrpcDeadline ...................................   Passed    0.01 sec
2026-09-27T16:02:02.7221964Z           Start  500: RequestDeadlines.TheLivenessDeadlineFitsInsideItsOwnPollInterval
2026-09-27T16:02:02.7350147Z  500/1366 Test  #500: RequestDeadlines.TheLivenessDeadlineFitsInsideItsOwnPollInterval ........................................   Passed    0.01 sec
2026-09-27T16:02:02.7355016Z           Start  501: RequestDeadlines.TheFlowTableRequestStillAddressesTheRightSwitch
2026-09-27T16:02:02.7485792Z  501/1366 Test  #501: RequestDeadlines.TheFlowTableRequestStillAddressesTheRightSwitch ........................................   Passed    0.01 sec
2026-09-27T16:02:02.7490340Z           Start  502: RequestDeadlines.TheLivenessRequestStillAsksForTheStatusLine
2026-09-27T16:02:02.7618459Z  502/1366 Test  #502: RequestDeadlines.TheLivenessRequestStillAsksForTheStatusLine ............................................   Passed    0.01 sec
2026-09-27T16:02:02.7623026Z           Start  503: RequestDeadlines.TheTopologyPollIsBounded
2026-09-27T16:02:02.7750132Z  503/1366 Test  #503: RequestDeadlines.TheTopologyPollIsBounded ...............................................................   Passed    0.01 sec
2026-09-27T16:02:02.7755051Z           Start  504: RequestDeadlines.TheTopologyPollBoundsTheConnectAndNotJustTheTransfer
2026-09-27T16:02:02.7884720Z  504/1366 Test  #504: RequestDeadlines.TheTopologyPollBoundsTheConnectAndNotJustTheTransfer ...................................   Passed    0.01 sec
2026-09-27T16:02:02.7888940Z           Start  505: RequestDeadlines.TheWholeTopologyPassFitsInsideItsOwnPollInterval
2026-09-27T16:02:02.8016593Z  505/1366 Test  #505: RequestDeadlines.TheWholeTopologyPassFitsInsideItsOwnPollInterval .......................................   Passed    0.01 sec
2026-09-27T16:02:02.8021452Z           Start  506: RequestDeadlines.TheTopologyRequestStillFetchesTheUrlItWasGiven
2026-09-27T16:02:02.8151991Z  506/1366 Test  #506: RequestDeadlines.TheTopologyRequestStillFetchesTheUrlItWasGiven .........................................   Passed    0.01 sec
2026-09-27T16:02:02.8156730Z           Start  507: RequestDeadlines.TheTopologyRequestKeepsCurlsOwnDiagnosisOnStderr
2026-09-27T16:02:02.8288370Z  507/1366 Test  #507: RequestDeadlines.TheTopologyRequestKeepsCurlsOwnDiagnosisOnStderr .......................................   Passed    0.01 sec
2026-09-27T16:02:02.8293069Z           Start  508: FlowTableCacheOptionalFields.AnInstallWithoutPriorityDoesNotThrow
2026-09-27T16:02:02.8424308Z  508/1366 Test  #508: FlowTableCacheOptionalFields.AnInstallWithoutPriorityDoesNotThrow .......................................   Passed    0.01 sec
2026-09-27T16:02:02.8429047Z           Start  509: FlowTableCacheOptionalFields.AnInstallWithoutPriorityIsCachedAtMakeInstallJobsDefault
2026-09-27T16:02:02.8564170Z  509/1366 Test  #509: FlowTableCacheOptionalFields.AnInstallWithoutPriorityIsCachedAtMakeInstallJobsDefault ...................   Passed    0.01 sec
2026-09-27T16:02:02.8568769Z           Start  510: FlowTableCacheOptionalFields.AnInstallWithoutActionsDoesNotThrowEither
2026-09-27T16:02:02.8700597Z  510/1366 Test  #510: FlowTableCacheOptionalFields.AnInstallWithoutActionsDoesNotThrowEither ..................................   Passed    0.01 sec
2026-09-27T16:02:02.8705381Z           Start  511: FlowTableCacheOptionalFields.AModifyWithoutPriorityDoesNotThrow
2026-09-27T16:02:02.8838283Z  511/1366 Test  #511: FlowTableCacheOptionalFields.AModifyWithoutPriorityDoesNotThrow .........................................   Passed    0.01 sec
2026-09-27T16:02:02.8843534Z           Start  512: FlowTableCacheOptionalFields.AModifyWithoutAMatchDoesNotThrow
2026-09-27T16:02:02.8976038Z  512/1366 Test  #512: FlowTableCacheOptionalFields.AModifyWithoutAMatchDoesNotThrow ...........................................   Passed    0.01 sec
2026-09-27T16:02:02.8980952Z           Start  513: FlowTableCacheOptionalFields.ADeleteWithoutAMatchDoesNotThrow
2026-09-27T16:02:02.9110996Z  513/1366 Test  #513: FlowTableCacheOptionalFields.ADeleteWithoutAMatchDoesNotThrow ...........................................   Passed    0.01 sec
2026-09-27T16:02:02.9116482Z           Start  514: ReverseEdgeLookupTest.AMissingReverseEdgeIsReportedAsNotFound
2026-09-27T16:02:02.9249049Z  514/1366 Test  #514: ReverseEdgeLookupTest.AMissingReverseEdgeIsReportedAsNotFound ...........................................   Passed    0.01 sec
2026-09-27T16:02:02.9253910Z           Start  515: ReverseEdgeLookupTest.AMissingReverseEdgeIsReportedAsNotFoundByTheNoLockTwin
2026-09-27T16:02:02.9386412Z  515/1366 Test  #515: ReverseEdgeLookupTest.AMissingReverseEdgeIsReportedAsNotFoundByTheNoLockTwin ............................   Passed    0.01 sec
2026-09-27T16:02:02.9390891Z           Start  516: ReverseEdgeLookupTest.ThePresentReverseEdgeIsStillFound
2026-09-27T16:02:02.9521390Z  516/1366 Test  #516: ReverseEdgeLookupTest.ThePresentReverseEdgeIsStillFound .................................................   Passed    0.01 sec
2026-09-27T16:02:02.9526183Z           Start  517: ReverseEdgeLookupTest.AnAgentKeyThatMatchesNoEdgeIsNotFound
2026-09-27T16:02:02.9656795Z  517/1366 Test  #517: ReverseEdgeLookupTest.AnAgentKeyThatMatchesNoEdgeIsNotFound .............................................   Passed    0.01 sec
2026-09-27T16:02:02.9661525Z           Start  518: ReverseEdgeLookupTest.ALinkWithOnlyOneDirectionIsReportedAsSuchNotAnswered
2026-09-27T16:02:02.9791265Z  518/1366 Test  #518: ReverseEdgeLookupTest.ALinkWithOnlyOneDirectionIsReportedAsSuchNotAnswered ..............................   Passed    0.01 sec
2026-09-27T16:02:02.9795667Z           Start  519: ReverseEdgeLookupTest.ALinkWithBothDirectionsIsStillReported
2026-09-27T16:02:02.9928918Z  519/1366 Test  #519: ReverseEdgeLookupTest.ALinkWithBothDirectionsIsStillReported ............................................   Passed    0.01 sec
2026-09-27T16:02:02.9933717Z           Start  520: LastHopAttributionTest.FindEdgeToHostReturnsTheHostBoundEdgeOnly
2026-09-27T16:02:03.0083474Z  520/1366 Test  #520: LastHopAttributionTest.FindEdgeToHostReturnsTheHostBoundEdgeOnly ........................................   Passed    0.01 sec
2026-09-27T16:02:03.0087754Z           Start  521: LastHopAttributionTest.TheHostBoundSiteDividesByTheIntervalItWasGiven
2026-09-27T16:02:03.0236940Z  521/1366 Test  #521: LastHopAttributionTest.TheHostBoundSiteDividesByTheIntervalItWasGiven ...................................   Passed    0.01 sec
2026-09-27T16:02:03.0241025Z           Start  522: LastHopAttributionTest.OneSampleCreditsTheLastHopEdgeWithSampledBytesTimesRate
2026-09-27T16:02:03.0390323Z  522/1366 Test  #522: LastHopAttributionTest.OneSampleCreditsTheLastHopEdgeWithSampledBytesTimesRate ..........................   Passed    0.01 sec
2026-09-27T16:02:03.0394588Z           Start  523: LastHopAttributionTest.SwitchToSwitchEgressEntriesAreDroppedNotWritten
2026-09-27T16:02:03.0543825Z  523/1366 Test  #523: LastHopAttributionTest.SwitchToSwitchEgressEntriesAreDroppedNotWritten ..................................   Passed    0.01 sec
2026-09-27T16:02:03.0547707Z           Start  524: LastHopAttributionTest.TheCreditDecaysToZeroWhenTrafficStops
2026-09-27T16:02:03.0700213Z  524/1366 Test  #524: LastHopAttributionTest.TheCreditDecaysToZeroWhenTrafficStops ............................................   Passed    0.02 sec
2026-09-27T16:02:03.0704522Z           Start  525: LastHopAttributionTest.TwoSamplesInOneSecondAccumulate
2026-09-27T16:02:03.0858002Z  525/1366 Test  #525: LastHopAttributionTest.TwoSamplesInOneSecondAccumulate ..................................................   Passed    0.02 sec
2026-09-27T16:02:03.0862250Z           Start  526: LastHopAttributionTest.AnIngressLessSampleIsBankedOnceAndOnTheEgressSide
2026-09-27T16:02:03.1012895Z  526/1366 Test  #526: LastHopAttributionTest.AnIngressLessSampleIsBankedOnceAndOnTheEgressSide ................................   Passed    0.01 sec
2026-09-27T16:02:03.1016502Z           Start  527: LastHopAttributionTest.TheLastHopEdgeJoinsTheFlowSetOnceThePathIsKnown
2026-09-27T16:02:03.1169245Z  527/1366 Test  #527: LastHopAttributionTest.TheLastHopEdgeJoinsTheFlowSetOnceThePathIsKnown ..................................   Passed    0.01 sec
2026-09-27T16:02:03.1173850Z           Start  528: AllDestinationPaths.ASnapshotIsStored
2026-09-27T16:02:03.1305382Z  528/1366 Test  #528: AllDestinationPaths.ASnapshotIsStored ...................................................................   Passed    0.01 sec
2026-09-27T16:02:03.1310196Z           Start  529: AllDestinationPaths.ALaterSnapshotReplacesRatherThanMerges
2026-09-27T16:02:03.1442022Z  529/1366 Test  #529: AllDestinationPaths.ALaterSnapshotReplacesRatherThanMerges ..............................................   Passed    0.01 sec
2026-09-27T16:02:03.1445871Z           Start  530: AllDestinationPaths.ThePairThatSurvivesGetsItsNewCount
2026-09-27T16:02:03.1577424Z  530/1366 Test  #530: AllDestinationPaths.ThePairThatSurvivesGetsItsNewCount ..................................................   Passed    0.01 sec
2026-09-27T16:02:03.1581397Z           Start  531: AllDestinationPaths.AnEmptySnapshotDoesNotWipeAPopulatedMap
2026-09-27T16:02:03.1713220Z  531/1366 Test  #531: AllDestinationPaths.AnEmptySnapshotDoesNotWipeAPopulatedMap .............................................   Passed    0.01 sec
2026-09-27T16:02:03.1717578Z           Start  532: AllDestinationPaths.AnEmptySnapshotOnAnEmptyMapIsHarmless
2026-09-27T16:02:03.1845460Z  532/1366 Test  #532: AllDestinationPaths.AnEmptySnapshotOnAnEmptyMapIsHarmless ...............................................   Passed    0.01 sec
2026-09-27T16:02:03.1848895Z           Start  533: AllDestinationPaths.RepeatingTheSameSnapshotIsStable
2026-09-27T16:02:03.1982289Z  533/1366 Test  #533: AllDestinationPaths.RepeatingTheSameSnapshotIsStable ....................................................   Passed    0.01 sec
2026-09-27T16:02:03.1986506Z           Start  534: AllDestinationPaths.AnEmptyPathInASnapshotIsSkippedRatherThanDereferenced
2026-09-27T16:02:03.2115568Z  534/1366 Test  #534: AllDestinationPaths.AnEmptyPathInASnapshotIsSkippedRatherThanDereferenced ...............................   Passed    0.01 sec
2026-09-27T16:02:03.2119492Z           Start  535: AllDestinationPaths.TheUsablePathsInAMixedSnapshotAreStillStored
2026-09-27T16:02:03.2248346Z  535/1366 Test  #535: AllDestinationPaths.TheUsablePathsInAMixedSnapshotAreStillStored ........................................   Passed    0.01 sec
2026-09-27T16:02:03.2252577Z           Start  536: AllDestinationPaths.AnEmptyPathDoesNotPreventTheReplacementOfEarlierData
2026-09-27T16:02:03.2382872Z  536/1366 Test  #536: AllDestinationPaths.AnEmptyPathDoesNotPreventTheReplacementOfEarlierData ................................   Passed    0.01 sec
2026-09-27T16:02:03.2386952Z           Start  537: HttpSessionRoutingTest.ANonNumericAppIdIsAClientErrorNotAServerError
2026-09-27T16:02:03.2517453Z  537/1366 Test  #537: HttpSessionRoutingTest.ANonNumericAppIdIsAClientErrorNotAServerError ....................................   Passed    0.01 sec
2026-09-27T16:02:03.2521591Z           Start  538: HttpSessionRoutingTest.AnAppIdWithTrailingGarbageIsRejectedRatherThanTruncated
2026-09-27T16:02:03.2652087Z  538/1366 Test  #538: HttpSessionRoutingTest.AnAppIdWithTrailingGarbageIsRejectedRatherThanTruncated ..........................   Passed    0.01 sec
2026-09-27T16:02:03.2655998Z           Start  539: HttpSessionRoutingTest.ANegativeAppIdIsRejectedRatherThanWrappedAround
2026-09-27T16:02:03.2786873Z  539/1366 Test  #539: HttpSessionRoutingTest.ANegativeAppIdIsRejectedRatherThanWrappedAround ..................................   Passed    0.01 sec
2026-09-27T16:02:03.2790517Z           Start  540: HttpSessionRoutingTest.AnAppIdTooWideForIntIsRejected
2026-09-27T16:02:03.2922840Z  540/1366 Test  #540: HttpSessionRoutingTest.AnAppIdTooWideForIntIsRejected ...................................................   Passed    0.01 sec
2026-09-27T16:02:03.2926747Z           Start  541: HttpSessionRoutingTest.AnAppIdTooWideForUint64IsRejected
2026-09-27T16:02:03.3059998Z  541/1366 Test  #541: HttpSessionRoutingTest.AnAppIdTooWideForUint64IsRejected ................................................   Passed    0.01 sec
2026-09-27T16:02:03.3064020Z           Start  542: HttpSessionRoutingTest.AnAppIdSentAsANumberIsAClientError
2026-09-27T16:02:03.3202971Z  542/1366 Test  #542: HttpSessionRoutingTest.AnAppIdSentAsANumberIsAClientError ...............................................   Passed    0.01 sec
2026-09-27T16:02:03.3206760Z           Start  543: HttpSessionRoutingTest.AMissingAppIdIsAClientError
2026-09-27T16:02:03.3341003Z  543/1366 Test  #543: HttpSessionRoutingTest.AMissingAppIdIsAClientError ......................................................   Passed    0.01 sec
2026-09-27T16:02:03.3345225Z           Start  544: HttpSessionRoutingTest.ANonNumericDpidIsAClientErrorNotAServerError
2026-09-27T16:02:03.3477281Z  544/1366 Test  #544: HttpSessionRoutingTest.ANonNumericDpidIsAClientErrorNotAServerError .....................................   Passed    0.01 sec
2026-09-27T16:02:03.3481278Z           Start  545: HttpSessionRoutingTest.ADpidWithTrailingGarbageIsRejectedRatherThanTruncated
2026-09-27T16:02:03.3611502Z  545/1366 Test  #545: HttpSessionRoutingTest.ADpidWithTrailingGarbageIsRejectedRatherThanTruncated ............................   Passed    0.01 sec
2026-09-27T16:02:03.3616328Z           Start  546: HttpSessionRoutingTest.AnAbsentDpidParameterIsReportedAsMissingNotAsMalformed
2026-09-27T16:02:03.3749139Z  546/1366 Test  #546: HttpSessionRoutingTest.AnAbsentDpidParameterIsReportedAsMissingNotAsMalformed ...........................   Passed    0.01 sec
2026-09-27T16:02:03.3753155Z           Start  547: HttpSessionRoutingTest.AnEmptyDpidParameterIsReportedAsMissingNotAsMalformed
2026-09-27T16:02:03.3883703Z  547/1366 Test  #547: HttpSessionRoutingTest.AnEmptyDpidParameterIsReportedAsMissingNotAsMalformed ............................   Passed    0.01 sec
2026-09-27T16:02:03.3887796Z           Start  548: HttpSessionRoutingTest.AnUnparseableBodyIsAClientError
2026-09-27T16:02:03.4019354Z  548/1366 Test  #548: HttpSessionRoutingTest.AnUnparseableBodyIsAClientError ..................................................   Passed    0.01 sec
2026-09-27T16:02:03.4023643Z           Start  549: HttpSessionRoutingTest.AParseableBodyMissingItsRequiredKeyIsAClientError
2026-09-27T16:02:03.4156921Z  549/1366 Test  #549: HttpSessionRoutingTest.AParseableBodyMissingItsRequiredKeyIsAClientError ................................   Passed    0.01 sec
2026-09-27T16:02:03.4160752Z           Start  550: HttpSessionRoutingTest.AClientErrorStillCarriesADiagnosticBody
2026-09-27T16:02:03.4294275Z  550/1366 Test  #550: HttpSessionRoutingTest.AClientErrorStillCarriesADiagnosticBody ..........................................   Passed    0.01 sec
2026-09-27T16:02:03.4297907Z           Start  551: HttpSessionRoutingTest.AnUnknownEndpointIsNotFound
2026-09-27T16:02:03.4430743Z  551/1366 Test  #551: HttpSessionRoutingTest.AnUnknownEndpointIsNotFound ......................................................   Passed    0.01 sec
2026-09-27T16:02:03.4435228Z           Start  552: HttpSessionRoutingTest.TheMethodIsPartOfTheRoute
2026-09-27T16:02:03.4569609Z  552/1366 Test  #552: HttpSessionRoutingTest.TheMethodIsPartOfTheRoute ........................................................   Passed    0.01 sec
2026-09-27T16:02:03.4574206Z           Start  553: HttpSessionRoutingTest.APreflightIsAnsweredWithoutRunningAHandler
2026-09-27T16:02:03.4707886Z  553/1366 Test  #553: HttpSessionRoutingTest.APreflightIsAnsweredWithoutRunningAHandler .......................................   Passed    0.01 sec
2026-09-27T16:02:03.4711910Z           Start  554: HttpSessionRoutingTest.CorsHeadersAreSetEvenOnAFailedRequest
2026-09-27T16:02:03.4844569Z  554/1366 Test  #554: HttpSessionRoutingTest.CorsHeadersAreSetEvenOnAFailedRequest ............................................   Passed    0.01 sec
2026-09-27T16:02:03.4848937Z           Start  555: HttpSessionRoutingTest.AQueryStringOnGetDetectedFlowDataStillReachesItsRoute
2026-09-27T16:02:03.4979713Z  555/1366 Test  #555: HttpSessionRoutingTest.AQueryStringOnGetDetectedFlowDataStillReachesItsRoute ............................   Passed    0.01 sec
2026-09-27T16:02:03.4983872Z           Start  556: HttpSessionRoutingTest.AnUnrecognisedLivenessValueIsRefusedRatherThanQuietlyDefaulted
2026-09-27T16:02:03.5114267Z  556/1366 Test  #556: HttpSessionRoutingTest.AnUnrecognisedLivenessValueIsRefusedRatherThanQuietlyDefaulted ...................   Passed    0.01 sec
2026-09-27T16:02:03.5118434Z           Start  557: HttpSessionRoutingTest.TopKRefusesAnUnrecognisedLivenessValueBeforeTouchingTheCollector
2026-09-27T16:02:03.5251768Z  557/1366 Test  #557: HttpSessionRoutingTest.TopKRefusesAnUnrecognisedLivenessValueBeforeTouchingTheCollector .................   Passed    0.01 sec
2026-09-27T16:02:03.5255738Z           Start  558: HttpSessionRoutingTest.AMistypedFlowDataEndpointIsNotFoundRatherThanServed
2026-09-27T16:02:03.5387280Z  558/1366 Test  #558: HttpSessionRoutingTest.AMistypedFlowDataEndpointIsNotFoundRatherThanServed ..............................   Passed    0.01 sec
2026-09-27T16:02:03.5391492Z           Start  559: LinkTransitionEndpointsTest.AFailureWithBothDirectionsPresentTakesBothDownAndAnswers200
2026-09-27T16:02:03.5526012Z  559/1366 Test  #559: LinkTransitionEndpointsTest.AFailureWithBothDirectionsPresentTakesBothDownAndAnswers200 .................   Passed    0.01 sec
2026-09-27T16:02:03.5530439Z           Start  560: LinkTransitionEndpointsTest.AFailureWhoseReverseEdgeIsMissingIsNotReportedAsSuccess
2026-09-27T16:02:03.5662875Z  560/1366 Test  #560: LinkTransitionEndpointsTest.AFailureWhoseReverseEdgeIsMissingIsNotReportedAsSuccess .....................   Passed    0.01 sec
2026-09-27T16:02:03.5667056Z           Start  561: LinkTransitionEndpointsTest.ARecoveryWithBothDirectionsPresentBringsBothUpAndAnswers200
2026-09-27T16:02:03.5801341Z  561/1366 Test  #561: LinkTransitionEndpointsTest.ARecoveryWithBothDirectionsPresentBringsBothUpAndAnswers200 .................   Passed    0.01 sec
2026-09-27T16:02:03.5805555Z           Start  562: LinkTransitionEndpointsTest.ARecoveryWhoseReverseEdgeIsMissingIsNotReportedAsSuccess
2026-09-27T16:02:03.5938968Z  562/1366 Test  #562: LinkTransitionEndpointsTest.ARecoveryWhoseReverseEdgeIsMissingIsNotReportedAsSuccess ....................   Passed    0.01 sec
2026-09-27T16:02:03.5943420Z           Start  563: GraphDataHeadroomTest.TheHeadroomFigureCarriesItsProvenance
2026-09-27T16:02:03.6094077Z  563/1366 Test  #563: GraphDataHeadroomTest.TheHeadroomFigureCarriesItsProvenance .............................................   Passed    0.01 sec
2026-09-27T16:02:03.6098083Z           Start  564: GraphDataHeadroomTest.TheExistingHeadroomKeyKeepsItsNameAndType
2026-09-27T16:02:03.6240218Z  564/1366 Test  #564: GraphDataHeadroomTest.TheExistingHeadroomKeyKeepsItsNameAndType .........................................   Passed    0.01 sec
2026-09-27T16:02:03.6244778Z           Start  565: InformSwitchEnteredTest.ASwitchEnteredPushDoesNotClearAStandingCommandedPowerOff
2026-09-27T16:02:03.6380610Z  565/1366 Test  #565: InformSwitchEnteredTest.ASwitchEnteredPushDoesNotClearAStandingCommandedPowerOff ........................   Passed    0.01 sec
2026-09-27T16:02:03.6385094Z           Start  566: InformSwitchEnteredTest.ASwitchEnteredPushMayStillLiftReachable
2026-09-27T16:02:03.6521495Z  566/1366 Test  #566: InformSwitchEnteredTest.ASwitchEnteredPushMayStillLiftReachable .........................................   Passed    0.01 sec
2026-09-27T16:02:03.6525860Z           Start  567: InformSwitchEnteredTest.TheResultingVertexReportsTheDisagreementRatherThanPickingOne
2026-09-27T16:02:03.6660538Z  567/1366 Test  #567: InformSwitchEnteredTest.TheResultingVertexReportsTheDisagreementRatherThanPickingOne ....................   Passed    0.01 sec
2026-09-27T16:02:03.6664728Z           Start  568: DispatchStatusEndpointTest.TheCountersAreNamedForWhatTheyCount
2026-09-27T16:02:03.6825731Z  568/1366 Test  #568: DispatchStatusEndpointTest.TheCountersAreNamedForWhatTheyCount ..........................................   Passed    0.02 sec
2026-09-27T16:02:03.6829895Z           Start  569: DispatchStatusEndpointTest.AnOvsFabricReportsUnknownAtTheSwitchAndSaysWhy
2026-09-27T16:02:03.6991254Z  569/1366 Test  #569: DispatchStatusEndpointTest.AnOvsFabricReportsUnknownAtTheSwitchAndSaysWhy ...............................   Passed    0.02 sec
2026-09-27T16:02:03.6995517Z           Start  570: DispatchStatusEndpointTest.AConfirmingPlaneReportsAnAcceptanceBySwitch
2026-09-27T16:02:03.7156602Z  570/1366 Test  #570: DispatchStatusEndpointTest.AConfirmingPlaneReportsAnAcceptanceBySwitch ..................................   Passed    0.02 sec
2026-09-27T16:02:03.7160348Z           Start  571: DispatchStatusEndpointTest.ARequestIdAnswersForThatBatchAlone
2026-09-27T16:02:03.7342260Z  571/1366 Test  #571: DispatchStatusEndpointTest.ARequestIdAnswersForThatBatchAlone ...........................................   Passed    0.02 sec
2026-09-27T16:02:03.7346321Z           Start  572: DispatchStatusEndpointTest.AnUnknownRequestIdIsNotAnswered200
2026-09-27T16:02:03.7475874Z  572/1366 Test  #572: DispatchStatusEndpointTest.AnUnknownRequestIdIsNotAnswered200 ...........................................   Passed    0.01 sec
2026-09-27T16:02:03.7480159Z           Start  573: DispatchStatusEndpointTest.ANonNumericRequestIdIsAClientErrorNotAServerError
2026-09-27T16:02:03.7610775Z  573/1366 Test  #573: DispatchStatusEndpointTest.ANonNumericRequestIdIsAClientErrorNotAServerError ............................   Passed    0.01 sec
2026-09-27T16:02:03.7614489Z           Start  574: DispatchStatusEndpointTest.TheRouteAcceptsAQueryStringAtAll
2026-09-27T16:02:03.7750589Z  574/1366 Test  #574: DispatchStatusEndpointTest.TheRouteAcceptsAQueryStringAtAll .............................................   Passed    0.01 sec
2026-09-27T16:02:03.7755504Z           Start  575: DeclaredLinkFailureWireTest.ADeclaredLinkFailureIsStillDownAfterAPollAndSaysWhy
2026-09-27T16:02:03.7930728Z  575/1366 Test  #575: DeclaredLinkFailureWireTest.ADeclaredLinkFailureIsStillDownAfterAPollAndSaysWhy .........................   Passed    0.02 sec
2026-09-27T16:02:03.7935262Z           Start  576: DeclaredLinkFailureWireTest.ARecoveryWithdrawsTheDeclarationAndTheNextPollRaisesTheLink
2026-09-27T16:02:03.8109462Z  576/1366 Test  #576: DeclaredLinkFailureWireTest.ARecoveryWithdrawsTheDeclarationAndTheNextPollRaisesTheLink .................   Passed    0.02 sec
2026-09-27T16:02:03.8113669Z           Start  577: DeclaredLinkFailureWireTest.InjectOutsideMininetDeclaresAndSaysTheCutWasSkipped
2026-09-27T16:02:03.8276557Z  577/1366 Test  #577: DeclaredLinkFailureWireTest.InjectOutsideMininetDeclaresAndSaysTheCutWasSkipped .........................   Passed    0.02 sec
2026-09-27T16:02:03.8280430Z           Start  578: DeclaredLinkFailureWireTest.InjectRecoveryOutsideMininetWithdrawsTheDeclaration
2026-09-27T16:02:03.8429760Z  578/1366 Test  #578: DeclaredLinkFailureWireTest.InjectRecoveryOutsideMininetWithdrawsTheDeclaration .........................   Passed    0.01 sec
2026-09-27T16:02:03.8433757Z           Start  579: DeclaredLinkFailureWireTest.InjectWithNoSuchEdgeChangesNothing
2026-09-27T16:02:03.8580046Z  579/1366 Test  #579: DeclaredLinkFailureWireTest.InjectWithNoSuchEdgeChangesNothing ..........................................   Passed    0.01 sec
2026-09-27T16:02:03.8584173Z           Start  580: DeclaredLinkFailureWireTest.InjectWithAnInvalidPayloadIsRejected
2026-09-27T16:02:03.8715092Z  580/1366 Test  #580: DeclaredLinkFailureWireTest.InjectWithAnInvalidPayloadIsRejected ........................................   Passed    0.01 sec
2026-09-27T16:02:03.8719183Z           Start  581: DeclaredLinkFailureWireTest.ARyuRestartDoesNotWithdrawAnInjectedLinkFailure
2026-09-27T16:02:03.8889333Z  581/1366 Test  #581: DeclaredLinkFailureWireTest.ARyuRestartDoesNotWithdrawAnInjectedLinkFailure .............................   Passed    0.02 sec
2026-09-27T16:02:03.8893443Z           Start  582: DeclaredLinkFailureWireTest.AReportedFailureIsStillWithdrawnByItsOwnRecovery
2026-09-27T16:02:03.9057093Z  582/1366 Test  #582: DeclaredLinkFailureWireTest.AReportedFailureIsStillWithdrawnByItsOwnRecovery ............................   Passed    0.02 sec
2026-09-27T16:02:03.9061030Z           Start  583: DeclaredLinkFailureWireTest.InjectRecoveryStillWithdrawsAfterARefusedRediscovery
2026-09-27T16:02:03.9223870Z  583/1366 Test  #583: DeclaredLinkFailureWireTest.InjectRecoveryStillWithdrawsAfterARefusedRediscovery ........................   Passed    0.02 sec
2026-09-27T16:02:03.9228025Z           Start  584: DeclaredLinkFailureWireTest.ADeclinedRecoveryIsNotLoggedAsARecovery
2026-09-27T16:02:03.9378253Z  584/1366 Test  #584: DeclaredLinkFailureWireTest.ADeclinedRecoveryIsNotLoggedAsARecovery .....................................   Passed    0.01 sec
2026-09-27T16:02:03.9382216Z           Start  585: DeclaredLinkFailureWireTest.AnAppliedRecoveryLogsThatTheDeclarationWentAway
2026-09-27T16:02:03.9526868Z  585/1366 Test  #585: DeclaredLinkFailureWireTest.AnAppliedRecoveryLogsThatTheDeclarationWentAway .............................   Passed    0.01 sec
2026-09-27T16:02:03.9530732Z           Start  586: DeclaredLinkFailureWireTest.ARecoveryForAnEdgeTheGraphDoesNotHoldSaysThatInstead
2026-09-27T16:02:03.9661274Z  586/1366 Test  #586: DeclaredLinkFailureWireTest.ARecoveryForAnEdgeTheGraphDoesNotHoldSaysThatInstead ........................   Passed    0.01 sec
2026-09-27T16:02:03.9665756Z           Start  587: DeclaredLinkFailureWireTest.EveryLinkEndpointRefusesAHostEdgeAddressedByDpidZero
2026-09-27T16:02:03.9801860Z  587/1366 Test  #587: DeclaredLinkFailureWireTest.EveryLinkEndpointRefusesAHostEdgeAddressedByDpidZero ........................   Passed    0.01 sec
2026-09-27T16:02:03.9805752Z           Start  588: DeclaredLinkFailureWireTest.ARefusedHostEdgeRequestLeavesTheHostEdgeAlone
2026-09-27T16:02:03.9979671Z  588/1366 Test  #588: DeclaredLinkFailureWireTest.ARefusedHostEdgeRequestLeavesTheHostEdgeAlone ...............................   Passed    0.02 sec
2026-09-27T16:02:03.9984103Z           Start  589: DeclaredLinkFailureWireTest.TheDpidZeroRefusalDoesNotTouchOrdinarySwitchToSwitchLinks
2026-09-27T16:02:04.0118145Z  589/1366 Test  #589: DeclaredLinkFailureWireTest.TheDpidZeroRefusalDoesNotTouchOrdinarySwitchToSwitchLinks ...................   Passed    0.01 sec
2026-09-27T16:02:04.0122356Z           Start  590: DeclaredLinkFailureWireTest.AnUndeclaredLinkWhoseNetemIsSomebodyElsesIsRefusedWith409
2026-09-27T16:02:04.0280259Z  590/1366 Test  #590: DeclaredLinkFailureWireTest.AnUndeclaredLinkWhoseNetemIsSomebodyElsesIsRefusedWith409 ...................   Passed    0.02 sec
2026-09-27T16:02:04.0285025Z           Start  591: DeclaredLinkFailureWireTest.TheRefusalNamesTheInterfaceAndSaysWhoseNetemItIsNot
2026-09-27T16:02:04.0421915Z  591/1366 Test  #591: DeclaredLinkFailureWireTest.TheRefusalNamesTheInterfaceAndSaysWhoseNetemItIsNot .........................   Passed    0.01 sec
2026-09-27T16:02:04.0426821Z           Start  592: DeclaredLinkFailureWireTest.AnInjectionThisKernelMadeIsWithdrawnAndItsNetemRemoved
2026-09-27T16:02:04.0596151Z  592/1366 Test  #592: DeclaredLinkFailureWireTest.AnInjectionThisKernelMadeIsWithdrawnAndItsNetemRemoved ......................   Passed    0.02 sec
2026-09-27T16:02:04.0600918Z           Start  593: DeclaredLinkFailureWireTest.ASecondInjectRecoveryIsStillAnIdempotentNoop
2026-09-27T16:02:04.0749973Z  593/1366 Test  #593: DeclaredLinkFailureWireTest.ASecondInjectRecoveryIsStillAnIdempotentNoop ................................   Passed    0.01 sec
2026-09-27T16:02:04.0755267Z           Start  594: DeclaredLinkFailureWireTest.ANetemSwappedUnderAStandingDeclarationIsLeftStandingAndSaidSo
2026-09-27T16:02:04.0913754Z  594/1366 Test  #594: DeclaredLinkFailureWireTest.ANetemSwappedUnderAStandingDeclarationIsLeftStandingAndSaidSo ...............   Passed    0.02 sec
2026-09-27T16:02:04.0918606Z           Start  595: DeclaredLinkFailureWireTest.AnInjectionRefusedAtOneEndAttachesNothingAtTheOther
2026-09-27T16:02:04.1058328Z  595/1366 Test  #595: DeclaredLinkFailureWireTest.AnInjectionRefusedAtOneEndAttachesNothingAtTheOther .........................   Passed    0.01 sec
2026-09-27T16:02:04.1063295Z           Start  596: DeclaredLinkFailureWireTest.AHalfDoneInjectionNeverAnswersInjected
2026-09-27T16:02:04.1200697Z  596/1366 Test  #596: DeclaredLinkFailureWireTest.AHalfDoneInjectionNeverAnswersInjected ......................................   Passed    0.01 sec
2026-09-27T16:02:04.1205950Z           Start  597: LabClaimOnWriteRepliesTest.EveryWriteEndpointCarriesTheClaimAndTheNotificationDoesNot
2026-09-27T16:02:04.1364735Z  597/1366 Test  #597: LabClaimOnWriteRepliesTest.EveryWriteEndpointCarriesTheClaimAndTheNotificationDoesNot ...................   Passed    0.02 sec
2026-09-27T16:02:04.1369568Z           Start  598: LabClaimOnWriteRepliesTest.NoClaimFileIsStateNoneAndNotAnError
2026-09-27T16:02:04.1508359Z  598/1366 Test  #598: LabClaimOnWriteRepliesTest.NoClaimFileIsStateNoneAndNotAnError ..........................................   Passed    0.01 sec
2026-09-27T16:02:04.1513125Z           Start  599: LabClaimOnWriteRepliesTest.AClaimThatHasRunOutIsExpiredAndStillNamesItsOwner
2026-09-27T16:02:04.1655314Z  599/1366 Test  #599: LabClaimOnWriteRepliesTest.AClaimThatHasRunOutIsExpiredAndStillNamesItsOwner ............................   Passed    0.01 sec
2026-09-27T16:02:04.1660051Z           Start  600: LabClaimOnWriteRepliesTest.AClaimWithNoReadableExpiryIsNotReportedAsActive
2026-09-27T16:02:04.1799962Z  600/1366 Test  #600: LabClaimOnWriteRepliesTest.AClaimWithNoReadableExpiryIsNotReportedAsActive ..............................   Passed    0.01 sec
2026-09-27T16:02:04.1804920Z           Start  601: LabClaimOnWriteRepliesTest.ANoteContainingAnEqualsSignSurvivesTheParse
2026-09-27T16:02:04.1946534Z  601/1366 Test  #601: LabClaimOnWriteRepliesTest.ANoteContainingAnEqualsSignSurvivesTheParse ..................................   Passed    0.01 sec
2026-09-27T16:02:04.1951338Z           Start  602: LabClaimOnWriteRepliesTest.TheClaimChangingHandsIsLoggedOncePerChangeAndRefusesNothing
2026-09-27T16:02:06.6111122Z  602/1366 Test  #602: LabClaimOnWriteRepliesTest.TheClaimChangingHandsIsLoggedOncePerChangeAndRefusesNothing ..................   Passed    2.42 sec
2026-09-27T16:02:06.6115785Z           Start  603: LLMResponseEnumsTest.EveryTaskTypeSurvivesARoundTripThroughItsWireName
2026-09-27T16:02:06.6243008Z  603/1366 Test  #603: LLMResponseEnumsTest.EveryTaskTypeSurvivesARoundTripThroughItsWireName ..................................   Passed    0.01 sec
2026-09-27T16:02:06.6247298Z           Start  604: LLMResponseEnumsTest.AnUnmappedTaskTypeIsNamedRatherThanRenderedAsAnInteger
2026-09-27T16:02:06.6373452Z  604/1366 Test  #604: LLMResponseEnumsTest.AnUnmappedTaskTypeIsNamedRatherThanRenderedAsAnInteger .............................   Passed    0.01 sec
2026-09-27T16:02:06.6378482Z           Start  605: LLMResponseEnumsTest.AnUnknownTaskNameIsRejectedRatherThanDefaultingToATask
2026-09-27T16:02:06.6510014Z  605/1366 Test  #605: LLMResponseEnumsTest.AnUnknownTaskNameIsRejectedRatherThanDefaultingToATask .............................   Passed    0.01 sec
2026-09-27T16:02:06.6514798Z           Start  606: LLMResponseEnumsTest.TaskNamesAreCaseSensitiveSoNearMissesAreRejected
2026-09-27T16:02:06.6645729Z  606/1366 Test  #606: LLMResponseEnumsTest.TaskNamesAreCaseSensitiveSoNearMissesAreRejected ...................................   Passed    0.01 sec
2026-09-27T16:02:06.6650183Z           Start  607: LLMResponseEnumsTest.EveryStateSurvivesARoundTripAndUnknownOnesAreRejected
2026-09-27T16:02:06.6780176Z  607/1366 Test  #607: LLMResponseEnumsTest.EveryStateSurvivesARoundTripAndUnknownOnesAreRejected ..............................   Passed    0.01 sec
2026-09-27T16:02:06.6784697Z           Start  608: LLMResponseParsingTest.ADiscussionReplyBecomesADiscussionCarryingItsPrompt
2026-09-27T16:02:06.6912540Z  608/1366 Test  #608: LLMResponseParsingTest.ADiscussionReplyBecomesADiscussionCarryingItsPrompt ..............................   Passed    0.01 sec
2026-09-27T16:02:06.6917540Z           Start  609: LLMResponseParsingTest.AValidationReplyCarriesItsErrorMessageFromTheErrorField
2026-09-27T16:02:06.7046754Z  609/1366 Test  #609: LLMResponseParsingTest.AValidationReplyCarriesItsErrorMessageFromTheErrorField ..........................   Passed    0.01 sec
2026-09-27T16:02:06.7050925Z           Start  610: LLMResponseParsingTest.AReplyWithNoStateIsRejectedRatherThanAssumedToBeAnAnswer
2026-09-27T16:02:06.7181594Z  610/1366 Test  #610: LLMResponseParsingTest.AReplyWithNoStateIsRejectedRatherThanAssumedToBeAnAnswer .........................   Passed    0.01 sec
2026-09-27T16:02:06.7185675Z           Start  611: LLMResponseParsingTest.ANullResponsePointerSerialisesToJsonNullRatherThanAnEmptyObject
2026-09-27T16:02:06.7312779Z  611/1366 Test  #611: LLMResponseParsingTest.ANullResponsePointerSerialisesToJsonNullRatherThanAnEmptyObject ..................   Passed    0.01 sec
2026-09-27T16:02:06.7316951Z           Start  612: LLMResponseParsingTest.ANullTaskPointerSerialisesToJsonNullRatherThanAnEmptyObject
2026-09-27T16:02:06.7443294Z  612/1366 Test  #612: LLMResponseParsingTest.ANullTaskPointerSerialisesToJsonNullRatherThanAnEmptyObject ......................   Passed    0.01 sec
2026-09-27T16:02:06.7447245Z           Start  613: LLMResponseParsingTest.AnAnswerMarkedInvalidDiscardsTheTasksItStillCarries
2026-09-27T16:02:06.7577606Z  613/1366 Test  #613: LLMResponseParsingTest.AnAnswerMarkedInvalidDiscardsTheTasksItStillCarries ..............................   Passed    0.01 sec
2026-09-27T16:02:06.7581222Z           Start  614: LLMResponseParsingTest.ValidIsReadNumericallySoOneAndZeroBothWork
2026-09-27T16:02:06.7712554Z  614/1366 Test  #614: LLMResponseParsingTest.ValidIsReadNumericallySoOneAndZeroBothWork .......................................   Passed    0.01 sec
2026-09-27T16:02:06.7716638Z           Start  615: LLMResponseParsingTest.AStringlyTypedValidIsRejectedRatherThanReadAsTruthy
2026-09-27T16:02:06.7847335Z  615/1366 Test  #615: LLMResponseParsingTest.AStringlyTypedValidIsRejectedRatherThanReadAsTruthy ..............................   Passed    0.01 sec
2026-09-27T16:02:06.7851100Z           Start  616: LLMResponseParsingTest.AnEmptyTaskListIsAcceptedButAMissingOneIsNot
2026-09-27T16:02:06.7983354Z  616/1366 Test  #616: LLMResponseParsingTest.AnEmptyTaskListIsAcceptedButAMissingOneIsNot .....................................   Passed    0.01 sec
2026-09-27T16:02:06.7987723Z           Start  617: LLMResponseParsingTest.EachTaskNameProducesItsOwnConcreteType
2026-09-27T16:02:06.8120484Z  617/1366 Test  #617: LLMResponseParsingTest.EachTaskNameProducesItsOwnConcreteType ...........................................   Passed    0.01 sec
2026-09-27T16:02:06.8124880Z           Start  618: LLMResponseParsingTest.ATaskWithNoOrderIsRejectedBecauseTheOrderDecidesWhatRunsFirst
2026-09-27T16:02:06.8255230Z  618/1366 Test  #618: LLMResponseParsingTest.ATaskWithNoOrderIsRejectedBecauseTheOrderDecidesWhatRunsFirst ....................   Passed    0.01 sec
2026-09-27T16:02:06.8258956Z           Start  619: LLMResponseParsingTest.OrderIsCarriedThroughForValuesBeyondASingleByte
2026-09-27T16:02:06.8388068Z  619/1366 Test  #619: LLMResponseParsingTest.OrderIsCarriedThroughForValuesBeyondASingleByte ..................................   Passed    0.01 sec
2026-09-27T16:02:06.8392099Z           Start  620: LLMResponseParsingTest.ANegativeOrderWrapsToItsUnsignedValueDocumentsCurrentBehaviour
2026-09-27T16:02:06.8523714Z  620/1366 Test  #620: LLMResponseParsingTest.ANegativeOrderWrapsToItsUnsignedValueDocumentsCurrentBehaviour ...................   Passed    0.01 sec
2026-09-27T16:02:06.8527561Z           Start  621: LLMResponseParsingTest.AResultSuppliedByTheModelIsDiscardedRatherThanTrusted
2026-09-27T16:02:06.8657498Z  621/1366 Test  #621: LLMResponseParsingTest.AResultSuppliedByTheModelIsDiscardedRatherThanTrusted ............................   Passed    0.01 sec
2026-09-27T16:02:06.8661455Z           Start  622: LLMResponseParsingTest.ATaskThatTakesNoParametersDoesNotRequireAParametersObject
2026-09-27T16:02:06.8791923Z  622/1366 Test  #622: LLMResponseParsingTest.ATaskThatTakesNoParametersDoesNotRequireAParametersObject ........................   Passed    0.01 sec
2026-09-27T16:02:06.8795837Z           Start  623: LLMResponseParsingTest.ATaskThatNeedsAParameterIsRejectedWhenItIsMissingOrNull
2026-09-27T16:02:06.8930098Z  623/1366 Test  #623: LLMResponseParsingTest.ATaskThatNeedsAParameterIsRejectedWhenItIsMissingOrNull ..........................   Passed    0.01 sec
2026-09-27T16:02:06.8934159Z           Start  624: LLMResponseParsingTest.ADeviceNameGivenAsANumberIsRejectedRatherThanStringified
2026-09-27T16:02:06.9069584Z  624/1366 Test  #624: LLMResponseParsingTest.ADeviceNameGivenAsANumberIsRejectedRatherThanStringified .........................   Passed    0.01 sec
2026-09-27T16:02:06.9073815Z           Start  625: LLMResponseParsingTest.AnInstallFlowEntryCarriesItsDeviceMatchPriorityAndAction
2026-09-27T16:02:06.9207879Z  625/1366 Test  #625: LLMResponseParsingTest.AnInstallFlowEntryCarriesItsDeviceMatchPriorityAndAction .........................   Passed    0.01 sec
2026-09-27T16:02:06.9211935Z           Start  626: LLMResponseParsingTest.AnEmptyActionsArrayMeansDropAndIsSignalledByPortMinusOne
2026-09-27T16:02:06.9344804Z  626/1366 Test  #626: LLMResponseParsingTest.AnEmptyActionsArrayMeansDropAndIsSignalledByPortMinusOne .........................   Passed    0.01 sec
2026-09-27T16:02:06.9348908Z           Start  627: LLMResponseParsingTest.OnlyTheFirstActionIsReadAndTheRestAreSilentlyIgnored
2026-09-27T16:02:06.9482068Z  627/1366 Test  #627: LLMResponseParsingTest.OnlyTheFirstActionIsReadAndTheRestAreSilentlyIgnored .............................   Passed    0.01 sec
2026-09-27T16:02:06.9486099Z           Start  628: LLMResponseParsingTest.TheStringActionFormRyuUsesIsRejectedHereDocumentsCurrentBehaviour
2026-09-27T16:02:06.9616401Z  628/1366 Test  #628: LLMResponseParsingTest.TheStringActionFormRyuUsesIsRejectedHereDocumentsCurrentBehaviour ................   Passed    0.01 sec
2026-09-27T16:02:06.9620179Z           Start  629: LLMResponseParsingTest.AnActionMissingItsPortIsRejectedRatherThanDefaultingToZero
2026-09-27T16:02:06.9753452Z  629/1366 Test  #629: LLMResponseParsingTest.AnActionMissingItsPortIsRejectedRatherThanDefaultingToZero .......................   Passed    0.01 sec
2026-09-27T16:02:06.9757332Z           Start  630: LLMResponseParsingTest.APriorityAboveSixteenBitsWrapsDocumentsCurrentBehaviour
2026-09-27T16:02:06.9889546Z  630/1366 Test  #630: LLMResponseParsingTest.APriorityAboveSixteenBitsWrapsDocumentsCurrentBehaviour ..........................   Passed    0.01 sec
2026-09-27T16:02:06.9893523Z           Start  631: LLMResponseParsingTest.AMatchIsCarriedThroughVerbatimWithoutBeingValidated
2026-09-27T16:02:07.0023609Z  631/1366 Test  #631: LLMResponseParsingTest.AMatchIsCarriedThroughVerbatimWithoutBeingValidated ..............................   Passed    0.01 sec
2026-09-27T16:02:07.0027436Z           Start  632: LLMResponseParsingTest.ARerouteCarriesEveryHopInTheOrderTheModelGaveThem
2026-09-27T16:02:07.0156438Z  632/1366 Test  #632: LLMResponseParsingTest.ARerouteCarriesEveryHopInTheOrderTheModelGaveThem ................................   Passed    0.01 sec
2026-09-27T16:02:07.0160353Z           Start  633: LLMResponseParsingTest.ARerouteWithANonStringHopIsRejectedRatherThanPartiallyParsed
2026-09-27T16:02:07.0291850Z  633/1366 Test  #633: LLMResponseParsingTest.ARerouteWithANonStringHopIsRejectedRatherThanPartiallyParsed .....................   Passed    0.01 sec
2026-09-27T16:02:07.0295556Z           Start  634: LLMResponseParsingTest.AGroupEntrysBucketsAreCarriedThroughVerbatim
2026-09-27T16:02:07.0427426Z  634/1366 Test  #634: LLMResponseParsingTest.AGroupEntrysBucketsAreCarriedThroughVerbatim .....................................   Passed    0.01 sec
2026-09-27T16:02:07.0431211Z           Start  635: LLMResponseParsingTest.AMeterEntrysFlagsListIsCarriedThroughInOrder
2026-09-27T16:02:07.0563563Z  635/1366 Test  #635: LLMResponseParsingTest.AMeterEntrysFlagsListIsCarriedThroughInOrder .....................................   Passed    0.01 sec
2026-09-27T16:02:07.0567393Z           Start  636: LLMResponseParsingTest.AKGivenAsAStringIsRejectedRatherThanParsedOutOfTheText
2026-09-27T16:02:07.0699980Z  636/1366 Test  #636: LLMResponseParsingTest.AKGivenAsAStringIsRejectedRatherThanParsedOutOfTheText ...........................   Passed    0.01 sec
2026-09-27T16:02:07.0704314Z           Start  637: LLMResponseParsingTest.ANegativeKIsCarriedThroughForTheCallerToDealWith
2026-09-27T16:02:07.0835124Z  637/1366 Test  #637: LLMResponseParsingTest.ANegativeKIsCarriedThroughForTheCallerToDealWith .................................   Passed    0.01 sec
2026-09-27T16:02:07.0838854Z           Start  638: LLMResponseParsingTest.SeveralTasksArriveInTheOrderTheyWereListed
2026-09-27T16:02:07.0969693Z  638/1366 Test  #638: LLMResponseParsingTest.SeveralTasksArriveInTheOrderTheyWereListed .......................................   Passed    0.01 sec
2026-09-27T16:02:07.0973843Z           Start  639: LLMResponseParsingTest.OneUnparseableTaskRejectsTheWholeReplyRatherThanPartOfIt
2026-09-27T16:02:07.1104951Z  639/1366 Test  #639: LLMResponseParsingTest.OneUnparseableTaskRejectsTheWholeReplyRatherThanPartOfIt .........................   Passed    0.01 sec
2026-09-27T16:02:07.1108699Z           Start  640: LLMResponseParsingTest.ATasksEntryThatIsNotATaskObjectIsRejected
2026-09-27T16:02:07.1242488Z  640/1366 Test  #640: LLMResponseParsingTest.ATasksEntryThatIsNotATaskObjectIsRejected ........................................   Passed    0.01 sec
2026-09-27T16:02:07.1246017Z           Start  641: LLMResponseParsingTest.AnAnswerRoundTripsThroughJsonWithItsTasksIntact
2026-09-27T16:02:07.1378811Z  641/1366 Test  #641: LLMResponseParsingTest.AnAnswerRoundTripsThroughJsonWithItsTasksIntact ..................................   Passed    0.01 sec
2026-09-27T16:02:07.1383474Z           Start  642: LLMResponseParsingTest.NothingAModelCouldSendCausesAnythingWorseThanAnException
2026-09-27T16:02:07.1523769Z  642/1366 Test  #642: LLMResponseParsingTest.NothingAModelCouldSendCausesAnythingWorseThanAnException .........................   Passed    0.01 sec
2026-09-27T16:02:07.1527591Z           Start  643: LLMResponseParsingTest.AModifyFlowEntryTaskConstructsItselfAsAModify
2026-09-27T16:02:07.1657607Z  643/1366 Test  #643: LLMResponseParsingTest.AModifyFlowEntryTaskConstructsItselfAsAModify ....................................   Passed    0.01 sec
2026-09-27T16:02:07.1661445Z           Start  644: LLMResponseParsingTest.DeserialisingAnAnswerReplacesExistingTasks
2026-09-27T16:02:07.1791564Z  644/1366 Test  #644: LLMResponseParsingTest.DeserialisingAnAnswerReplacesExistingTasks .......................................   Passed    0.01 sec
2026-09-27T16:02:07.1795668Z           Start  645: LLMResponseParsingTest.AnAnswerClaimingValidWithNullTasksIsRejected
2026-09-27T16:02:07.1927602Z  645/1366 Test  #645: LLMResponseParsingTest.AnAnswerClaimingValidWithNullTasksIsRejected .....................................   Passed    0.01 sec
2026-09-27T16:02:07.1931891Z           Start  646: LockManagerTest.TheThreeDocumentedLockNamesAreValidAndNothingElseIs
2026-09-27T16:02:07.2060855Z  646/1366 Test  #646: LockManagerTest.TheThreeDocumentedLockNamesAreValidAndNothingElseIs .....................................   Passed    0.01 sec
2026-09-27T16:02:07.2064811Z           Start  647: LockManagerTest.TheDefaultLockNameConstantIsOneTheManagerActuallyAccepts
2026-09-27T16:02:07.2193530Z  647/1366 Test  #647: LockManagerTest.TheDefaultLockNameConstantIsOneTheManagerActuallyAccepts ................................   Passed    0.01 sec
2026-09-27T16:02:07.2197373Z           Start  648: LockManagerTest.AnUnknownLockNameIsRefusedRatherThanCreatingAFourthLock
2026-09-27T16:02:07.2327964Z  648/1366 Test  #648: LockManagerTest.AnUnknownLockNameIsRefusedRatherThanCreatingAFourthLock .................................   Passed    0.01 sec
2026-09-27T16:02:07.2331956Z           Start  649: LockManagerTest.ASecondAcquireOfAHeldLockIsRefused
2026-09-27T16:02:07.2461541Z  649/1366 Test  #649: LockManagerTest.ASecondAcquireOfAHeldLockIsRefused ......................................................   Passed    0.01 sec
2026-09-27T16:02:07.2465562Z           Start  650: LockManagerTest.TheThreeLocksAreIndependentOfEachOther
2026-09-27T16:02:07.2595886Z  650/1366 Test  #650: LockManagerTest.TheThreeLocksAreIndependentOfEachOther ..................................................   Passed    0.01 sec
2026-09-27T16:02:07.2599461Z           Start  651: LockManagerTest.UnlockingMakesTheLockAvailableAgain
2026-09-27T16:02:07.2729956Z  651/1366 Test  #651: LockManagerTest.UnlockingMakesTheLockAvailableAgain .....................................................   Passed    0.01 sec
2026-09-27T16:02:07.2734140Z           Start  652: LockManagerTest.UnlockingIsIdempotentAndSafeOnALockNobodyEverTook
2026-09-27T16:02:07.2863645Z  652/1366 Test  #652: LockManagerTest.UnlockingIsIdempotentAndSafeOnALockNobodyEverTook .......................................   Passed    0.01 sec
2026-09-27T16:02:07.2867618Z           Start  653: LockManagerTest.UnlockingAnUnknownNameDoesNotReleaseARealLock
2026-09-27T16:02:07.2998312Z  653/1366 Test  #653: LockManagerTest.UnlockingAnUnknownNameDoesNotReleaseARealLock ...........................................   Passed    0.01 sec
2026-09-27T16:02:07.3002183Z           Start  654: LockManagerTest.AZeroTtlLockIsAlreadyExpiredWhenTheNextCallerAsks
2026-09-27T16:02:07.3132562Z  654/1366 Test  #654: LockManagerTest.AZeroTtlLockIsAlreadyExpiredWhenTheNextCallerAsks .......................................   Passed    0.01 sec
2026-09-27T16:02:07.3136559Z           Start  655: LockManagerTest.ANegativeTtlIsTreatedAsAlreadyExpiredRatherThanAsForever
2026-09-27T16:02:07.3266529Z  655/1366 Test  #655: LockManagerTest.ANegativeTtlIsTreatedAsAlreadyExpiredRatherThanAsForever ................................   Passed    0.01 sec
2026-09-27T16:02:07.3270231Z           Start  656: LockManagerTest.APositiveTtlStillHoldsTheLockWhileItHasTimeLeft
2026-09-27T16:02:07.3402824Z  656/1366 Test  #656: LockManagerTest.APositiveTtlStillHoldsTheLockWhileItHasTimeLeft .........................................   Passed    0.01 sec
2026-09-27T16:02:07.3406763Z           Start  657: LockManagerTest.RenewingALockThatIsStillInForceRewritesItsDeadline
2026-09-27T16:02:07.3538729Z  657/1366 Test  #657: LockManagerTest.RenewingALockThatIsStillInForceRewritesItsDeadline ......................................   Passed    0.01 sec
2026-09-27T16:02:07.3542935Z           Start  658: LockManagerTest.RenewingAnExpiredLeaseIsRefusedRatherThanResurrectingIt
2026-09-27T16:02:07.3674548Z  658/1366 Test  #658: LockManagerTest.RenewingAnExpiredLeaseIsRefusedRatherThanResurrectingIt .................................   Passed    0.01 sec
2026-09-27T16:02:07.3678465Z           Start  659: LockManagerTest.ANonHolderCannotKeepADeadLeaseAliveAndLockEverybodyOut
2026-09-27T16:02:07.3808188Z  659/1366 Test  #659: LockManagerTest.ANonHolderCannotKeepADeadLeaseAliveAndLockEverybodyOut ..................................   Passed    0.01 sec
2026-09-27T16:02:07.3812224Z           Start  660: LockManagerTest.RenewIsRefusedOnAnExpiredLockForEachOfTheThreeLocks
2026-09-27T16:02:07.3943963Z  660/1366 Test  #660: LockManagerTest.RenewIsRefusedOnAnExpiredLockForEachOfTheThreeLocks .....................................   Passed    0.01 sec
2026-09-27T16:02:07.3947449Z           Start  661: LockManagerTest.RenewingALockNobodyHoldsIsRefused
2026-09-27T16:02:07.4077306Z  661/1366 Test  #661: LockManagerTest.RenewingALockNobodyHoldsIsRefused .......................................................   Passed    0.01 sec
2026-09-27T16:02:07.4081025Z           Start  662: LockManagerTest.RenewingOneLockDoesNotExtendAnother
2026-09-27T16:02:07.4211934Z  662/1366 Test  #662: LockManagerTest.RenewingOneLockDoesNotExtendAnother .....................................................   Passed    0.01 sec
2026-09-27T16:02:07.4215584Z           Start  663: LockManagerTest.ExactlyOneOfManyConcurrentAcquiresWins
2026-09-27T16:02:07.4356358Z  663/1366 Test  #663: LockManagerTest.ExactlyOneOfManyConcurrentAcquiresWins ..................................................   Passed    0.01 sec
2026-09-27T16:02:07.4360037Z           Start  664: LockRequestParsing.MalformedBodyIsRefusedRatherThanDefaulted
2026-09-27T16:02:07.4492313Z  664/1366 Test  #664: LockRequestParsing.MalformedBodyIsRefusedRatherThanDefaulted ............................................   Passed    0.01 sec
2026-09-27T16:02:07.4496881Z           Start  665: LockRequestParsing.MissingTypeIsRefusedRatherThanSubstituted
2026-09-27T16:02:07.4626834Z  665/1366 Test  #665: LockRequestParsing.MissingTypeIsRefusedRatherThanSubstituted ............................................   Passed    0.01 sec
2026-09-27T16:02:07.4631043Z           Start  666: LockRequestParsing.InvalidTypeIsDistinguishedFromMissingType
2026-09-27T16:02:07.4762627Z  666/1366 Test  #666: LockRequestParsing.InvalidTypeIsDistinguishedFromMissingType ............................................   Passed    0.01 sec
2026-09-27T16:02:07.4766624Z           Start  667: LockRequestParsing.AllThreeRealLocksAreAccepted
2026-09-27T16:02:07.4897443Z  667/1366 Test  #667: LockRequestParsing.AllThreeRealLocksAreAccepted .........................................................   Passed    0.01 sec
2026-09-27T16:02:07.4901062Z           Start  668: LockRequestParsing.ExplicitTtlIsHonoured
2026-09-27T16:02:07.5033138Z  668/1366 Test  #668: LockRequestParsing.ExplicitTtlIsHonoured ................................................................   Passed    0.01 sec
2026-09-27T16:02:07.5036581Z           Start  669: LockRequestParsing.TheShapeBothSiblingAppsSendStillWorks
2026-09-27T16:02:07.5168345Z  669/1366 Test  #669: LockRequestParsing.TheShapeBothSiblingAppsSendStillWorks ................................................   Passed    0.01 sec
2026-09-27T16:02:07.5172217Z           Start  670: LockRequestParsing.AnAbsentBodyNamesNoLockAtAll
2026-09-27T16:02:07.5302049Z  670/1366 Test  #670: LockRequestParsing.AnAbsentBodyNamesNoLockAtAll .........................................................   Passed    0.01 sec
2026-09-27T16:02:07.5306004Z           Start  671: LockRequestParsing.AWhitespaceOnlyBodyIsTreatedAsAbsentRatherThanAsMalformed
2026-09-27T16:02:07.5436228Z  671/1366 Test  #671: LockRequestParsing.AWhitespaceOnlyBodyIsTreatedAsAbsentRatherThanAsMalformed ............................   Passed    0.01 sec
2026-09-27T16:02:07.5439834Z           Start  672: LockRequestParsing.ANonStringTypeIsDistinguishedFromAMissingOne
2026-09-27T16:02:07.5569798Z  672/1366 Test  #672: LockRequestParsing.ANonStringTypeIsDistinguishedFromAMissingOne .........................................   Passed    0.01 sec
2026-09-27T16:02:07.5573947Z           Start  673: LockRequestParsing.TheExactBodiesTheReleaseAndRenewCallersSendAreAccepted
2026-09-27T16:02:07.5706732Z  673/1366 Test  #673: LockRequestParsing.TheExactBodiesTheReleaseAndRenewCallersSendAreAccepted ...............................   Passed    0.01 sec
2026-09-27T16:02:07.5710671Z           Start  674: LockRequestParsing.EachRefusalReasonProducesADistinctMessageQuotingTheCaller
2026-09-27T16:02:07.5843925Z  674/1366 Test  #674: LockRequestParsing.EachRefusalReasonProducesADistinctMessageQuotingTheCaller ............................   Passed    0.01 sec
2026-09-27T16:02:07.5847754Z           Start  675: LockLeaseExpiryTest.ReleasingAnExpiredLeaseIsReportedAsExpiredNotAsReleased
2026-09-27T16:02:07.5980914Z  675/1366 Test  #675: LockLeaseExpiryTest.ReleasingAnExpiredLeaseIsReportedAsExpiredNotAsReleased .............................   Passed    0.01 sec
2026-09-27T16:02:07.5984943Z           Start  676: LockLeaseExpiryTest.ALiveLeaseIsStillReleasedNormally
2026-09-27T16:02:07.6117462Z  676/1366 Test  #676: LockLeaseExpiryTest.ALiveLeaseIsStillReleasedNormally ...................................................   Passed    0.01 sec
2026-09-27T16:02:07.6121127Z           Start  677: LockLeaseExpiryTest.ExpiredAndNeverHeldAreDifferentAnswers
2026-09-27T16:02:07.6253389Z  677/1366 Test  #677: LockLeaseExpiryTest.ExpiredAndNeverHeldAreDifferentAnswers ..............................................   Passed    0.01 sec
2026-09-27T16:02:07.6256999Z           Start  678: LockLeaseExpiryTest.AnUnknownLockNameIsNotHeldRatherThanExpired
2026-09-27T16:02:07.6391442Z  678/1366 Test  #678: LockLeaseExpiryTest.AnUnknownLockNameIsNotHeldRatherThanExpired .........................................   Passed    0.01 sec
2026-09-27T16:02:07.6395986Z           Start  679: LockLeaseExpiryTest.ALateReleaseNamingItsOwnLeaseCannotFreeTheLeaseThatReplacedIt
2026-09-27T16:02:07.6526849Z  679/1366 Test  #679: LockLeaseExpiryTest.ALateReleaseNamingItsOwnLeaseCannotFreeTheLeaseThatReplacedIt .......................   Passed    0.01 sec
2026-09-27T16:02:07.6530666Z           Start  680: LockLeaseExpiryTest.ALateReleaseThatNamesNoLeaseStillFreesTheNewHoldersLock
2026-09-27T16:02:07.6661020Z  680/1366 Test  #680: LockLeaseExpiryTest.ALateReleaseThatNamesNoLeaseStillFreesTheNewHoldersLock .............................   Passed    0.01 sec
2026-09-27T16:02:07.6665726Z           Start  681: LockLeaseExpiryTest.LeaseIdZeroMeansUnnamedAndKeepsTheOldBehaviourExactly
2026-09-27T16:02:07.6796148Z  681/1366 Test  #681: LockLeaseExpiryTest.LeaseIdZeroMeansUnnamedAndKeepsTheOldBehaviourExactly ...............................   Passed    0.01 sec
2026-09-27T16:02:07.6799877Z           Start  682: LockLeaseExpiryTest.TheCurrentLeaseIdIsAcceptedAndAnyOtherIsRefused
2026-09-27T16:02:07.6929880Z  682/1366 Test  #682: LockLeaseExpiryTest.TheCurrentLeaseIdIsAcceptedAndAnyOtherIsRefused .....................................   Passed    0.01 sec
2026-09-27T16:02:07.6933598Z           Start  683: LockLeaseExpiryTest.LeaseIdsAreNeverReusedAcrossAcquiresOrAcrossLocks
2026-09-27T16:02:07.7063822Z  683/1366 Test  #683: LockLeaseExpiryTest.LeaseIdsAreNeverReusedAcrossAcquiresOrAcrossLocks ...................................   Passed    0.01 sec
2026-09-27T16:02:07.7067501Z           Start  684: LockLeaseExpiryTest.AReclaimedLeaseIsCountedAndNamedSoItCanBeSeenAfterwards
2026-09-27T16:02:07.7194349Z  684/1366 Test  #684: LockLeaseExpiryTest.AReclaimedLeaseIsCountedAndNamedSoItCanBeSeenAfterwards .............................   Passed    0.01 sec
2026-09-27T16:02:07.7198036Z           Start  685: LockLeaseExpiryTest.SnapshotAnswersWhoHoldsItAndForHowLongWithoutTakingIt
2026-09-27T16:02:07.7327115Z  685/1366 Test  #685: LockLeaseExpiryTest.SnapshotAnswersWhoHoldsItAndForHowLongWithoutTakingIt ...............................   Passed    0.01 sec
2026-09-27T16:02:07.7330687Z           Start  686: LockLeaseExpiryTest.SnapshotDoesNotReapTheLeaseItIsReporting
2026-09-27T16:02:07.7460757Z  686/1366 Test  #686: LockLeaseExpiryTest.SnapshotDoesNotReapTheLeaseItIsReporting ............................................   Passed    0.01 sec
2026-09-27T16:02:07.7464796Z           Start  687: LockLeaseExpiryTest.AnAcquireThatTakesOverADeadLeaseSaysSo
2026-09-27T16:02:07.7595503Z  687/1366 Test  #687: LockLeaseExpiryTest.AnAcquireThatTakesOverADeadLeaseSaysSo ..............................................   Passed    0.01 sec
2026-09-27T16:02:07.7599383Z           Start  688: LockLeaseExpiryTest.ARefusedAcquireIsToldWhichLeaseBlocksItAndForHowLong
2026-09-27T16:02:07.7728641Z  688/1366 Test  #688: LockLeaseExpiryTest.ARefusedAcquireIsToldWhichLeaseBlocksItAndForHowLong ................................   Passed    0.01 sec
2026-09-27T16:02:07.7732721Z           Start  689: LockLeaseExpiryTest.RenewingAnExpiredLeaseSaysExpiredAndRenewingNothingSaysNotHeld
2026-09-27T16:02:07.7864466Z  689/1366 Test  #689: LockLeaseExpiryTest.RenewingAnExpiredLeaseSaysExpiredAndRenewingNothingSaysNotHeld ......................   Passed    0.01 sec
2026-09-27T16:02:07.7868241Z           Start  690: LockLeaseExpiryTest.RenewingALiveLeaseStillSucceedsAndAWrongLeaseIdIsRefused
2026-09-27T16:02:07.8000287Z  690/1366 Test  #690: LockLeaseExpiryTest.RenewingALiveLeaseStillSucceedsAndAWrongLeaseIdIsRefused ............................   Passed    0.01 sec
2026-09-27T16:02:07.8004237Z           Start  691: LockLeaseExpiryTest.RenewingOneLockDoesNotReapAnother
2026-09-27T16:02:07.8134979Z  691/1366 Test  #691: LockLeaseExpiryTest.RenewingOneLockDoesNotReapAnother ...................................................   Passed    0.01 sec
2026-09-27T16:02:07.8138857Z           Start  692: LockLeaseExpiryTest.TheThreeLocksExpireIndependently
2026-09-27T16:02:07.8270439Z  692/1366 Test  #692: LockLeaseExpiryTest.TheThreeLocksExpireIndependently ....................................................   Passed    0.01 sec
2026-09-27T16:02:07.8274400Z           Start  693: LockOwnershipTest.AnyCallerCanStillReleaseAnyCallersLiveLockWhenNoLeaseIsNamed
2026-09-27T16:02:07.8403345Z  693/1366 Test  #693: LockOwnershipTest.AnyCallerCanStillReleaseAnyCallersLiveLockWhenNoLeaseIsNamed ..........................   Passed    0.01 sec
2026-09-27T16:02:07.8407004Z           Start  694: LockOwnershipTest.AnyCallerCanStillRenewAnyCallersLiveLease
2026-09-27T16:02:07.8534485Z  694/1366 Test  #694: LockOwnershipTest.AnyCallerCanStillRenewAnyCallersLiveLease .............................................   Passed    0.01 sec
2026-09-27T16:02:07.8538182Z           Start  695: LockOwnershipTest.AnUnattributableReleaseIsCountedEvenThoughItIsAllowed
2026-09-27T16:02:07.8666858Z  695/1366 Test  #695: LockOwnershipTest.AnUnattributableReleaseIsCountedEvenThoughItIsAllowed .................................   Passed    0.01 sec
2026-09-27T16:02:07.8670809Z           Start  696: LockOwnershipTest.AnAttributedActionIsNotCountedAsUnattributable
2026-09-27T16:02:07.8798636Z  696/1366 Test  #696: LockOwnershipTest.AnAttributedActionIsNotCountedAsUnattributable ........................................   Passed    0.01 sec
2026-09-27T16:02:07.8802573Z           Start  697: LockOwnershipTest.ARefusedActionIsNotCountedAsOneThatHappened
2026-09-27T16:02:07.8929707Z  697/1366 Test  #697: LockOwnershipTest.ARefusedActionIsNotCountedAsOneThatHappened ...........................................   Passed    0.01 sec
2026-09-27T16:02:07.8933672Z           Start  698: LockOwnershipTest.EnforcementIsOffByDefault
2026-09-27T16:02:07.9062355Z  698/1366 Test  #698: LockOwnershipTest.EnforcementIsOffByDefault .............................................................   Passed    0.01 sec
2026-09-27T16:02:07.9066390Z           Start  699: LockOwnershipTest.WithEnforcementOnAReleaseNamingNoLeaseIsRefusedAndTheLockStaysHeld
2026-09-27T16:02:07.9196818Z  699/1366 Test  #699: LockOwnershipTest.WithEnforcementOnAReleaseNamingNoLeaseIsRefusedAndTheLockStaysHeld ....................   Passed    0.01 sec
2026-09-27T16:02:07.9200935Z           Start  700: LockOwnershipTest.WithEnforcementOnARenewNamingNoLeaseIsRefusedAndNothingIsExtended
2026-09-27T16:02:07.9330643Z  700/1366 Test  #700: LockOwnershipTest.WithEnforcementOnARenewNamingNoLeaseIsRefusedAndNothingIsExtended .....................   Passed    0.01 sec
2026-09-27T16:02:07.9334528Z           Start  701: LockOwnershipTest.WithEnforcementOnTheHolderNamingItsOwnLeaseIsStillServed
2026-09-27T16:02:07.9465078Z  701/1366 Test  #701: LockOwnershipTest.WithEnforcementOnTheHolderNamingItsOwnLeaseIsStillServed ..............................   Passed    0.01 sec
2026-09-27T16:02:07.9469177Z           Start  702: LockOwnershipTest.WithEnforcementOnAWrongLeaseIsStillAMismatchNotALeaseRequirement
2026-09-27T16:02:07.9600281Z  702/1366 Test  #702: LockOwnershipTest.WithEnforcementOnAWrongLeaseIsStillAMismatchNotALeaseRequirement ......................   Passed    0.01 sec
2026-09-27T16:02:07.9604929Z           Start  703: LockOwnershipTest.EnforcementDoesNotTurnNotHeldOrExpiredIntoALeaseRequirement
2026-09-27T16:02:07.9735496Z  703/1366 Test  #703: LockOwnershipTest.EnforcementDoesNotTurnNotHeldOrExpiredIntoALeaseRequirement ...........................   Passed    0.01 sec
2026-09-27T16:02:07.9739165Z           Start  704: LockOwnershipTest.EnforcementDoesNotAffectAcquire
2026-09-27T16:02:07.9869187Z  704/1366 Test  #704: LockOwnershipTest.EnforcementDoesNotAffectAcquire .......................................................   Passed    0.01 sec
2026-09-27T16:02:07.9873661Z           Start  705: LockOwnershipTest.TheTwoValuedUnlockWrapperReportsAnEnforcementRefusalAsFailure
2026-09-27T16:02:08.0002290Z  705/1366 Test  #705: LockOwnershipTest.TheTwoValuedUnlockWrapperReportsAnEnforcementRefusalAsFailure .........................   Passed    0.01 sec
2026-09-27T16:02:08.0005663Z           Start  706: ClassifierActionFormsTest.TheStringOutputFormYieldsThePortItNames
2026-09-27T16:02:08.0137222Z  706/1366 Test  #706: ClassifierActionFormsTest.TheStringOutputFormYieldsThePortItNames .......................................   Passed    0.01 sec
2026-09-27T16:02:08.0141038Z           Start  707: ClassifierActionFormsTest.TheActionKindIsMatchedCaseInsensitivelyButThePortIsNot
2026-09-27T16:02:08.0277185Z  707/1366 Test  #707: ClassifierActionFormsTest.TheActionKindIsMatchedCaseInsensitivelyButThePortIsNot ........................   Passed    0.01 sec
2026-09-27T16:02:08.0281004Z           Start  708: ClassifierActionFormsTest.SeveralOutputActionsAllArriveInTheOrderTheyWereListed
2026-09-27T16:02:08.0414800Z  708/1366 Test  #708: ClassifierActionFormsTest.SeveralOutputActionsAllArriveInTheOrderTheyWereListed .........................   Passed    0.01 sec
2026-09-27T16:02:08.0418838Z           Start  709: ClassifierActionFormsTest.AGroupActionIsRecordedSeparatelyFromOutputPorts
2026-09-27T16:02:08.0552566Z  709/1366 Test  #709: ClassifierActionFormsTest.AGroupActionIsRecordedSeparatelyFromOutputPorts ...............................   Passed    0.01 sec
2026-09-27T16:02:08.0555834Z           Start  710: ClassifierActionFormsTest.AnUnparseableGroupIdLeavesTheGroupUnsetRatherThanZero
2026-09-27T16:02:08.0691031Z  710/1366 Test  #710: ClassifierActionFormsTest.AnUnparseableGroupIdLeavesTheGroupUnsetRatherThanZero .........................   Passed    0.01 sec
2026-09-27T16:02:08.0694826Z           Start  711: ClassifierActionFormsTest.AGotoTableInstructionIsPickedUpFromTheInstructionsArray
2026-09-27T16:02:08.0828182Z  711/1366 Test  #711: ClassifierActionFormsTest.AGotoTableInstructionIsPickedUpFromTheInstructionsArray .......................   Passed    0.01 sec
2026-09-27T16:02:08.0832304Z           Start  712: ClassifierActionFormsTest.ActionsNestedInsideAnInstructionAreAlsoParsed
2026-09-27T16:02:08.0965665Z  712/1366 Test  #712: ClassifierActionFormsTest.ActionsNestedInsideAnInstructionAreAlsoParsed .................................   Passed    0.01 sec
2026-09-27T16:02:08.0969249Z           Start  713: ClassifierActionFormsTest.TheObjectActionFormIsIgnoredEntirelyDocumentsCurrentBehaviour
2026-09-27T16:02:08.1100681Z  713/1366 Test  #713: ClassifierActionFormsTest.TheObjectActionFormIsIgnoredEntirelyDocumentsCurrentBehaviour .................   Passed    0.01 sec
2026-09-27T16:02:08.1104701Z           Start  714: ClassifierActionFormsTest.AnObjectGroupActionIsIgnoredTheSameWay
2026-09-27T16:02:08.1236568Z  714/1366 Test  #714: ClassifierActionFormsTest.AnObjectGroupActionIsIgnoredTheSameWay ........................................   Passed    0.01 sec
2026-09-27T16:02:08.1240562Z           Start  715: ClassifierActionFormsTest.AnActionsValueThatIsNotAnArrayIsIgnoredWithoutThrowing
2026-09-27T16:02:08.1375684Z  715/1366 Test  #715: ClassifierActionFormsTest.AnActionsValueThatIsNotAnArrayIsIgnoredWithoutThrowing ........................   Passed    0.01 sec
2026-09-27T16:02:08.1380148Z           Start  716: ClassifierActionFormsTest.AnActionKindTheParserDoesNotKnowIsSkippedButOthersStillApply
2026-09-27T16:02:08.1514455Z  716/1366 Test  #716: ClassifierActionFormsTest.AnActionKindTheParserDoesNotKnowIsSkippedButOthersStillApply ..................   Passed    0.01 sec
2026-09-27T16:02:08.1518453Z           Start  717: ClassifierActionFormsTest.AnOutputWithNoTargetIsSkippedRatherThanBecomingPortZero
2026-09-27T16:02:08.1657855Z  717/1366 Test  #717: ClassifierActionFormsTest.AnOutputWithNoTargetIsSkippedRatherThanBecomingPortZero .......................   Passed    0.01 sec
2026-09-27T16:02:08.1662808Z           Start  718: ClassifierActionFormsTest.LeadingWhitespaceAndAPlusSignAreAcceptedInAPortNumber
2026-09-27T16:02:08.1798314Z  718/1366 Test  #718: ClassifierActionFormsTest.LeadingWhitespaceAndAPlusSignAreAcceptedInAPortNumber .........................   Passed    0.01 sec
2026-09-27T16:02:08.1802476Z           Start  719: ClassifierActionFormsTest.AnOutputPortTooLargeForThirtyTwoBitsIsRefusedNotTruncated
2026-09-27T16:02:08.1936026Z  719/1366 Test  #719: ClassifierActionFormsTest.AnOutputPortTooLargeForThirtyTwoBitsIsRefusedNotTruncated .....................   Passed    0.01 sec
2026-09-27T16:02:08.1939755Z           Start  720: ClassifierActionFormsTest.AReservedTargetWithATrailingPortNumberUsesTheReservedValue
2026-09-27T16:02:08.2071570Z  720/1366 Test  #720: ClassifierActionFormsTest.AReservedTargetWithATrailingPortNumberUsesTheReservedValue ....................   Passed    0.01 sec
2026-09-27T16:02:08.2075377Z           Start  721: ClassifierActionFormsTest.TheFourReservedOutputTargetsMapToDistinctOpenFlow13PortNumbers
2026-09-27T16:02:08.2209938Z  721/1366 Test  #721: ClassifierActionFormsTest.TheFourReservedOutputTargetsMapToDistinctOpenFlow13PortNumbers ................   Passed    0.01 sec
2026-09-27T16:02:08.2213792Z           Start  722: FlowStatsTimeoutTest.AnEmptyTableThatTookRyusFullTimeoutIsNotBelieved
2026-09-27T16:02:08.2343331Z  722/1366 Test  #722: FlowStatsTimeoutTest.AnEmptyTableThatTookRyusFullTimeoutIsNotBelieved ...................................   Passed    0.01 sec
2026-09-27T16:02:08.2347182Z           Start  723: FlowStatsTimeoutTest.AnEmptyTableThatCameBackImmediatelyIsBelieved
2026-09-27T16:02:08.2478223Z  723/1366 Test  #723: FlowStatsTimeoutTest.AnEmptyTableThatCameBackImmediatelyIsBelieved ......................................   Passed    0.01 sec
2026-09-27T16:02:08.2482132Z           Start  724: FlowStatsTimeoutTest.TheWholeHealthyLatencyRangeIsBelievedForAnEmptyTable
2026-09-27T16:02:08.2613481Z  724/1366 Test  #724: FlowStatsTimeoutTest.TheWholeHealthyLatencyRangeIsBelievedForAnEmptyTable ...............................   Passed    0.01 sec
2026-09-27T16:02:08.2617207Z           Start  725: FlowStatsTimeoutTest.TheWholeWedgedLatencyRangeIsRefusedForAnEmptyTable
2026-09-27T16:02:08.2748272Z  725/1366 Test  #725: FlowStatsTimeoutTest.TheWholeWedgedLatencyRangeIsRefusedForAnEmptyTable .................................   Passed    0.01 sec
2026-09-27T16:02:08.2752493Z           Start  726: FlowStatsTimeoutTest.ATableWithEntriesIsAlwaysBelievedNoMatterHowSlow
2026-09-27T16:02:08.2885579Z  726/1366 Test  #726: FlowStatsTimeoutTest.ATableWithEntriesIsAlwaysBelievedNoMatterHowSlow ...................................   Passed    0.01 sec
2026-09-27T16:02:08.2889386Z           Start  727: FlowStatsTimeoutTest.EntriesInAnyTableCountNotJustTheFirst
2026-09-27T16:02:08.3023485Z  727/1366 Test  #727: FlowStatsTimeoutTest.EntriesInAnyTableCountNotJustTheFirst ..............................................   Passed    0.01 sec
2026-09-27T16:02:08.3027788Z           Start  728: FlowStatsTimeoutTest.AnObjectWithNoTablesAtAllIsTreatedTheSameAsEmptyTables
2026-09-27T16:02:08.3163406Z  728/1366 Test  #728: FlowStatsTimeoutTest.AnObjectWithNoTablesAtAllIsTreatedTheSameAsEmptyTables .............................   Passed    0.01 sec
2026-09-27T16:02:08.3167142Z           Start  729: FlowStatsTimeoutTest.TheP4ProxyArrayShapeIsHandledToo
2026-09-27T16:02:08.3298629Z  729/1366 Test  #729: FlowStatsTimeoutTest.TheP4ProxyArrayShapeIsHandledToo ...................................................   Passed    0.01 sec
2026-09-27T16:02:08.3302719Z           Start  730: FlowStatsTimeoutTest.AShapeTheParserShouldNeverProduceIsNotTakenAsEvidence
2026-09-27T16:02:08.3432500Z  730/1366 Test  #730: FlowStatsTimeoutTest.AShapeTheParserShouldNeverProduceIsNotTakenAsEvidence ..............................   Passed    0.01 sec
2026-09-27T16:02:08.3436398Z           Start  731: FlowStatsTimeoutTest.TheThresholdIsInclusiveAndSitsBetweenTheTwoMeasuredRanges
2026-09-27T16:02:08.3567054Z  731/1366 Test  #731: FlowStatsTimeoutTest.TheThresholdIsInclusiveAndSitsBetweenTheTwoMeasuredRanges ..........................   Passed    0.01 sec
2026-09-27T16:02:08.3570880Z           Start  732: FlowStatsTimeoutTest.AFastEmptyTableIsUsableWhichIsWhyAFailedParseMustNotLookLikeOne
2026-09-27T16:02:08.3702413Z  732/1366 Test  #732: FlowStatsTimeoutTest.AFastEmptyTableIsUsableWhichIsWhyAFailedParseMustNotLookLikeOne ....................   Passed    0.01 sec
2026-09-27T16:02:08.3706091Z           Start  733: FlowStatsTimeoutTest.AnErrorBodyIsAReportedFailureNoMatterHowFastItArrived
2026-09-27T16:02:08.3837940Z  733/1366 Test  #733: FlowStatsTimeoutTest.AnErrorBodyIsAReportedFailureNoMatterHowFastItArrived ..............................   Passed    0.01 sec
2026-09-27T16:02:08.3842038Z           Start  734: FlowStatsTimeoutTest.AnErrorBodyIsAReportedFailureEvenWhenSlow
2026-09-27T16:02:08.3973954Z  734/1366 Test  #734: FlowStatsTimeoutTest.AnErrorBodyIsAReportedFailureEvenWhenSlow ..........................................   Passed    0.01 sec
2026-09-27T16:02:08.3977773Z           Start  735: FlowStatsTimeoutTest.AFastApiDetailBodyIsAlsoAReportedFailure
2026-09-27T16:02:08.4110013Z  735/1366 Test  #735: FlowStatsTimeoutTest.AFastApiDetailBodyIsAlsoAReportedFailure ...........................................   Passed    0.01 sec
2026-09-27T16:02:08.4114215Z           Start  736: FlowStatsTimeoutTest.ARealTableIsNeverMistakenForAFailureReport
2026-09-27T16:02:08.4247487Z  736/1366 Test  #736: FlowStatsTimeoutTest.ARealTableIsNeverMistakenForAFailureReport .........................................   Passed    0.01 sec
2026-09-27T16:02:08.4251155Z           Start  737: PollPolicy.AnUpSwitchIsPolledAndMayThereforeBeCarriedForward
2026-09-27T16:02:08.4383480Z  737/1366 Test  #737: PollPolicy.AnUpSwitchIsPolledAndMayThereforeBeCarriedForward ............................................   Passed    0.01 sec
2026-09-27T16:02:08.4387628Z           Start  738: PollPolicy.ADownSwitchIsNeverPolledSoItCanNeverEnterTheUnreadList
2026-09-27T16:02:08.4519992Z  738/1366 Test  #738: PollPolicy.ADownSwitchIsNeverPolledSoItCanNeverEnterTheUnreadList .......................................   Passed    0.01 sec
2026-09-27T16:02:08.4523911Z           Start  739: PollPolicy.AHostIsNeverPolledEvenWhenItIsUp
2026-09-27T16:02:08.4656531Z  739/1366 Test  #739: PollPolicy.AHostIsNeverPolledEvenWhenItIsUp .............................................................   Passed    0.01 sec
2026-09-27T16:02:08.4660668Z           Start  740: PollPolicy.ADownHostIsNeverPolledEither
2026-09-27T16:02:08.4794886Z  740/1366 Test  #740: PollPolicy.ADownHostIsNeverPolledEither .................................................................   Passed    0.01 sec
2026-09-27T16:02:08.4798737Z           Start  741: StaleTableCarryForward.AnUnreadSwitchKeepsItsPreviousTable
2026-09-27T16:02:08.4934581Z  741/1366 Test  #741: StaleTableCarryForward.AnUnreadSwitchKeepsItsPreviousTable ..............................................   Passed    0.01 sec
2026-09-27T16:02:08.4938428Z           Start  742: StaleTableCarryForward.TheCarriedTableSaysItIsStaleAndWhy
2026-09-27T16:02:08.5073248Z  742/1366 Test  #742: StaleTableCarryForward.TheCarriedTableSaysItIsStaleAndWhy ...............................................   Passed    0.01 sec
2026-09-27T16:02:08.5077178Z           Start  743: StaleTableCarryForward.EveryReadFailureModeCarriesTheTableAndNamesItself
2026-09-27T16:02:08.5211534Z  743/1366 Test  #743: StaleTableCarryForward.EveryReadFailureModeCarriesTheTableAndNamesItself ................................   Passed    0.01 sec
2026-09-27T16:02:08.5215611Z           Start  744: StaleTableCarryForward.StaleSinceNamesTheFirstFailedPollNotTheLatest
2026-09-27T16:02:08.5348907Z  744/1366 Test  #744: StaleTableCarryForward.StaleSinceNamesTheFirstFailedPollNotTheLatest ....................................   Passed    0.01 sec
2026-09-27T16:02:08.5353258Z           Start  745: StaleTableCarryForward.LastErrorReportsTheLatestReasonNotTheFirst
2026-09-27T16:02:08.5486307Z  745/1366 Test  #745: StaleTableCarryForward.LastErrorReportsTheLatestReasonNotTheFirst .......................................   Passed    0.01 sec
2026-09-27T16:02:08.5490239Z           Start  746: StaleTableCarryForward.ASwitchThatWasNeverAttemptedIsNotCarriedForward
2026-09-27T16:02:08.5621451Z  746/1366 Test  #746: StaleTableCarryForward.ASwitchThatWasNeverAttemptedIsNotCarriedForward ..................................   Passed    0.01 sec
2026-09-27T16:02:08.5625399Z           Start  747: StaleTableCarryForward.ASwitchReadSuccessfullyCarriesNoStaleMarkers
2026-09-27T16:02:08.5757477Z  747/1366 Test  #747: StaleTableCarryForward.ASwitchReadSuccessfullyCarriesNoStaleMarkers .....................................   Passed    0.01 sec
2026-09-27T16:02:08.5761226Z           Start  748: StaleTableCarryForward.AFreshReadIsNeverOverwrittenByAStaleCopy
2026-09-27T16:02:08.5890861Z  748/1366 Test  #748: StaleTableCarryForward.AFreshReadIsNeverOverwrittenByAStaleCopy .........................................   Passed    0.01 sec
2026-09-27T16:02:08.5894949Z           Start  749: StaleTableCarryForward.ASwitchNeverReadIsStillListedAndSaysSo
2026-09-27T16:02:08.6025217Z  749/1366 Test  #749: StaleTableCarryForward.ASwitchNeverReadIsStillListedAndSaysSo ...........................................   Passed    0.01 sec
2026-09-27T16:02:08.6029341Z           Start  750: StaleTableCarryForward.ASwitchThatStaysUnreadSinceBootKeepsCountingAndStaysFlagged
2026-09-27T16:02:08.6159890Z  750/1366 Test  #750: StaleTableCarryForward.ASwitchThatStaysUnreadSinceBootKeepsCountingAndStaysFlagged ......................   Passed    0.01 sec
2026-09-27T16:02:08.6163749Z           Start  751: StaleTableCarryForward.TheStaleMarkersSurviveTheT11PendingEntryFilter
2026-09-27T16:02:08.6294717Z  751/1366 Test  #751: StaleTableCarryForward.TheStaleMarkersSurviveTheT11PendingEntryFilter ...................................   Passed    0.01 sec
2026-09-27T16:02:08.6298892Z           Start  752: StaleTableCarryForward.AMalformedPreviousCacheIsTreatedAsHavingNothingToCarry
2026-09-27T16:02:08.6432543Z  752/1366 Test  #752: StaleTableCarryForward.AMalformedPreviousCacheIsTreatedAsHavingNothingToCarry ...........................   Passed    0.01 sec
2026-09-27T16:02:08.6436831Z           Start  753: StaleTableCarryForward.MalformedEntriesInThePreviousCacheAreSkippedNotDereferenced
2026-09-27T16:02:08.6569712Z  753/1366 Test  #753: StaleTableCarryForward.MalformedEntriesInThePreviousCacheAreSkippedNotDereferenced ......................   Passed    0.01 sec
2026-09-27T16:02:08.6574092Z           Start  754: StaleTableCarryForwardWiring.TheServedCacheKeepsASwitchWhoseReadFailed
2026-09-27T16:02:08.6706446Z  754/1366 Test  #754: StaleTableCarryForwardWiring.TheServedCacheKeepsASwitchWhoseReadFailed ..................................   Passed    0.01 sec
2026-09-27T16:02:08.6710638Z           Start  755: StaleTableCarryForwardWiring.TheServedCacheDropsTheMarkersOnceTheSwitchAnswersAgain
2026-09-27T16:02:08.6843641Z  755/1366 Test  #755: StaleTableCarryForwardWiring.TheServedCacheDropsTheMarkersOnceTheSwitchAnswersAgain .....................   Passed    0.01 sec
2026-09-27T16:02:08.6847329Z           Start  756: StaleTableCarryForwardWiring.ConsecutiveFailedPollsAccumulateInTheServedCache
2026-09-27T16:02:08.6981537Z  756/1366 Test  #756: StaleTableCarryForwardWiring.ConsecutiveFailedPollsAccumulateInTheServedCache ...........................   Passed    0.01 sec
2026-09-27T16:02:08.6985566Z           Start  757: FlowTableConcurrencyFixture.TheAccumulatedTotalsDoNotDependOnHowManyThreadsDeliveredThem
2026-09-27T16:02:09.0778522Z  757/1366 Test  #757: FlowTableConcurrencyFixture.TheAccumulatedTotalsDoNotDependOnHowManyThreadsDeliveredThem ................   Passed    0.38 sec
2026-09-27T16:02:09.0782878Z           Start  758: FlowTableConcurrencyFixture.ConcurrentDeliveryOfTheSameFlowNeitherCrashesNorLosesPackets
2026-09-27T16:02:09.1094099Z  758/1366 Test  #758: FlowTableConcurrencyFixture.ConcurrentDeliveryOfTheSameFlowNeitherCrashesNorLosesPackets ................   Passed    0.03 sec
2026-09-27T16:02:09.1097832Z           Start  759: TopKFlowInfoTest.TheSortKeyIsAFieldTheRowsActuallyCarry
2026-09-27T16:02:09.1332896Z  759/1366 Test  #759: TopKFlowInfoTest.TheSortKeyIsAFieldTheRowsActuallyCarry .................................................   Passed    0.02 sec
2026-09-27T16:02:09.1336622Z           Start  760: TopKFlowInfoTest.TopKReturnsKRowsAndEveryOneOfThemIsARowOfTheTable
2026-09-27T16:02:09.1574185Z  760/1366 Test  #760: TopKFlowInfoTest.TopKReturnsKRowsAndEveryOneOfThemIsARowOfTheTable ......................................   Passed    0.02 sec
2026-09-27T16:02:09.1577838Z           Start  761: TopKFlowInfoTest.AskingForMoreRowsThanExistReturnsTheTableRatherThanReadingPastTheEnd
2026-09-27T16:02:09.1813973Z  761/1366 Test  #761: TopKFlowInfoTest.AskingForMoreRowsThanExistReturnsTheTableRatherThanReadingPastTheEnd ...................   Passed    0.02 sec
2026-09-27T16:02:09.1817759Z           Start  762: TopKFlowInfoTest.AKOfZeroOrLessIsAnEmptyArrayRatherThanTheWholeTable
2026-09-27T16:02:09.2056263Z  762/1366 Test  #762: TopKFlowInfoTest.AKOfZeroOrLessIsAnEmptyArrayRatherThanTheWholeTable ....................................   Passed    0.02 sec
2026-09-27T16:02:09.2059777Z           Start  763: TopKFlowInfoTest.TopKKeepsAnsweringWhileAWriterIsFeedingTheTable
2026-09-27T16:02:09.2772383Z  763/1366 Test  #763: TopKFlowInfoTest.TopKKeepsAnsweringWhileAWriterIsFeedingTheTable ........................................   Passed    0.07 sec
2026-09-27T16:02:09.2776163Z           Start  764: FlowLivenessTest.AFlowSampledJustNowIsActive
2026-09-27T16:02:09.2908732Z  764/1366 Test  #764: FlowLivenessTest.AFlowSampledJustNowIsActive ............................................................   Passed    0.01 sec
2026-09-27T16:02:09.2912281Z           Start  765: FlowLivenessTest.TheActiveWindowIsHalfOpenSoItsUpperBoundIsAlreadyIdle
2026-09-27T16:02:09.3042457Z  765/1366 Test  #765: FlowLivenessTest.TheActiveWindowIsHalfOpenSoItsUpperBoundIsAlreadyIdle ..................................   Passed    0.01 sec
2026-09-27T16:02:09.3046437Z           Start  766: FlowLivenessTest.TheWholeRetentionTailIsIdleRatherThanActiveOrEnded
2026-09-27T16:02:09.3180917Z  766/1366 Test  #766: FlowLivenessTest.TheWholeRetentionTailIsIdleRatherThanActiveOrEnded .....................................   Passed    0.01 sec
2026-09-27T16:02:09.3184764Z           Start  767: FlowLivenessTest.EndedBeginsExactlyWherePurgeIdleFlowsWouldRemoveTheRow
2026-09-27T16:02:09.3318025Z  767/1366 Test  #767: FlowLivenessTest.EndedBeginsExactlyWherePurgeIdleFlowsWouldRemoveTheRow .................................   Passed    0.01 sec
2026-09-27T16:02:09.3321832Z           Start  768: FlowLivenessTest.ASampleStampedInTheFutureIsActiveBecauseThePurgeAlsoSkipsIt
2026-09-27T16:02:09.3454312Z  768/1366 Test  #768: FlowLivenessTest.ASampleStampedInTheFutureIsActiveBecauseThePurgeAlsoSkipsIt ............................   Passed    0.01 sec
2026-09-27T16:02:09.3458021Z           Start  769: FlowLivenessTest.ActiveOnlyAdmitsNothingButActive
2026-09-27T16:02:09.3589496Z  769/1366 Test  #769: FlowLivenessTest.ActiveOnlyAdmitsNothingButActive .......................................................   Passed    0.01 sec
2026-09-27T16:02:09.3593455Z           Start  770: FlowLivenessTest.RetainedKeepsIdleAndIsThereforeNotTheDefault
2026-09-27T16:02:09.3723222Z  770/1366 Test  #770: FlowLivenessTest.RetainedKeepsIdleAndIsThereforeNotTheDefault ...........................................   Passed    0.01 sec
2026-09-27T16:02:09.3726575Z           Start  771: FlowLivenessTest.AllAdmitsEveryClass
2026-09-27T16:02:09.3855986Z  771/1366 Test  #771: FlowLivenessTest.AllAdmitsEveryClass ....................................................................   Passed    0.01 sec
2026-09-27T16:02:09.3859668Z           Start  772: FlowLivenessTest.TheActiveWindowSitsBetweenARateLoopPeriodAndTheIdleTimeout
2026-09-27T16:02:09.3992643Z  772/1366 Test  #772: FlowLivenessTest.TheActiveWindowSitsBetweenARateLoopPeriodAndTheIdleTimeout .............................   Passed    0.01 sec
2026-09-27T16:02:09.3996148Z           Start  773: FlowLivenessTest.TheEndpointDefaultIsActiveOnlyRatherThanTheWholeTable
2026-09-27T16:02:09.4127623Z  773/1366 Test  #773: FlowLivenessTest.TheEndpointDefaultIsActiveOnlyRatherThanTheWholeTable ..................................   Passed    0.01 sec
2026-09-27T16:02:09.4131370Z           Start  774: FlowLivenessTest.EndedAtIsExactlyOneTimeoutAfterTheLastSample
2026-09-27T16:02:09.4262657Z  774/1366 Test  #774: FlowLivenessTest.EndedAtIsExactlyOneTimeoutAfterTheLastSample ...........................................   Passed    0.01 sec
2026-09-27T16:02:09.4266171Z           Start  775: FlowLivenessTest.TheThreeAcceptedValuesParseToTheirFilters
2026-09-27T16:02:09.4396883Z  775/1366 Test  #775: FlowLivenessTest.TheThreeAcceptedValuesParseToTheirFilters ..............................................   Passed    0.01 sec
2026-09-27T16:02:09.4400525Z           Start  776: FlowLivenessTest.AnAbsentValueLeavesTheCallersDefaultAlone
2026-09-27T16:02:09.4530443Z  776/1366 Test  #776: FlowLivenessTest.AnAbsentValueLeavesTheCallersDefaultAlone ..............................................   Passed    0.01 sec
2026-09-27T16:02:09.4534448Z           Start  777: FlowLivenessTest.AnUnrecognisedValueIsRejectedRatherThanFallingBackToTheDefault
2026-09-27T16:02:09.4665066Z  777/1366 Test  #777: FlowLivenessTest.AnUnrecognisedValueIsRejectedRatherThanFallingBackToTheDefault .........................   Passed    0.01 sec
2026-09-27T16:02:09.4669044Z           Start  778: FlowLivenessTest.PathIsAcceptsTheBarePathAndTheSamePathWithAQuery
2026-09-27T16:02:09.4802314Z  778/1366 Test  #778: FlowLivenessTest.PathIsAcceptsTheBarePathAndTheSamePathWithAQuery .......................................   Passed    0.01 sec
2026-09-27T16:02:09.4805859Z           Start  779: FlowLivenessTest.PathIsRejectsASuffixThatIsNotAQuery
2026-09-27T16:02:09.4936668Z  779/1366 Test  #779: FlowLivenessTest.PathIsRejectsASuffixThatIsNotAQuery ....................................................   Passed    0.01 sec
2026-09-27T16:02:09.4940303Z           Start  780: FlowLivenessTableTest.EveryRowCarriesTheThreeFieldsThatSayWhetherItIsStillSending
2026-09-27T16:02:09.5174089Z  780/1366 Test  #780: FlowLivenessTableTest.EveryRowCarriesTheThreeFieldsThatSayWhetherItIsStillSending .......................   Passed    0.02 sec
2026-09-27T16:02:09.5177660Z           Start  781: FlowLivenessTableTest.RowsJustReplayedAreActiveAndSurviveTheDefaultFilter
2026-09-27T16:02:09.5416564Z  781/1366 Test  #781: FlowLivenessTableTest.RowsJustReplayedAreActiveAndSurviveTheDefaultFilter ...............................   Passed    0.02 sec
2026-09-27T16:02:09.5418773Z           Start  782: FlowLivenessTableTest.AStoppedFlowIsGoneFromTheDefaultViewAndStillThereUnderAll
2026-09-27T16:02:09.5658469Z  782/1366 Test  #782: FlowLivenessTableTest.AStoppedFlowIsGoneFromTheDefaultViewAndStillThereUnderAll .........................   Passed    0.02 sec
2026-09-27T16:02:09.5662167Z           Start  783: FlowLivenessTableTest.TopKFiltersBeforeItTruncatesRatherThanAfter
2026-09-27T16:02:09.5902277Z  783/1366 Test  #783: FlowLivenessTableTest.TopKFiltersBeforeItTruncatesRatherThanAfter .......................................   Passed    0.02 sec
2026-09-27T16:02:09.5903819Z           Start  784: FlowLivenessTableTest.TheCountsAddUpToTheWholeTableAndMoveTogether
2026-09-27T16:02:09.6122925Z  784/1366 Test  #784: FlowLivenessTableTest.TheCountsAddUpToTheWholeTableAndMoveTogether ......................................   Passed    0.02 sec
2026-09-27T16:02:09.6126418Z           Start  785: FlowBatchPartitionTest.ABatchOfKnownDpidsIsAcceptedWhole
2026-09-27T16:02:09.6256623Z  785/1366 Test  #785: FlowBatchPartitionTest.ABatchOfKnownDpidsIsAcceptedWhole ................................................   Passed    0.01 sec
2026-09-27T16:02:09.6260239Z           Start  786: FlowBatchPartitionTest.AnUnknownDpidIsDroppedAndTheRestSurvive
2026-09-27T16:02:09.6388323Z  786/1366 Test  #786: FlowBatchPartitionTest.AnUnknownDpidIsDroppedAndTheRestSurvive ..........................................   Passed    0.01 sec
2026-09-27T16:02:09.6393466Z           Start  787: FlowBatchPartitionTest.ABatchWhereNothingIsKnownAcceptsNothing
2026-09-27T16:02:09.6523353Z  787/1366 Test  #787: FlowBatchPartitionTest.ABatchWhereNothingIsKnownAcceptsNothing ..........................................   Passed    0.01 sec
2026-09-27T16:02:09.6527456Z           Start  788: FlowBatchPartitionTest.EntriesAreCountedButDpidsAreDeduplicated
2026-09-27T16:02:09.6659844Z  788/1366 Test  #788: FlowBatchPartitionTest.EntriesAreCountedButDpidsAreDeduplicated .........................................   Passed    0.01 sec
2026-09-27T16:02:09.6664233Z           Start  789: FlowBatchPartitionTest.UnknownDpidsAreReportedInAscendingOrder
2026-09-27T16:02:09.6793658Z  789/1366 Test  #789: FlowBatchPartitionTest.UnknownDpidsAreReportedInAscendingOrder ..........................................   Passed    0.01 sec
2026-09-27T16:02:09.6797874Z           Start  790: FlowBatchPartitionTest.AcceptedEntriesKeepTheirRequestedOrder
2026-09-27T16:02:09.6927751Z  790/1366 Test  #790: FlowBatchPartitionTest.AcceptedEntriesKeepTheirRequestedOrder ...........................................   Passed    0.01 sec
2026-09-27T16:02:09.6931908Z           Start  791: FlowBatchPartitionTest.AnEmptyBatchIsNotAnError
2026-09-27T16:02:09.7062571Z  791/1366 Test  #791: FlowBatchPartitionTest.AnEmptyBatchIsNotAnError .........................................................   Passed    0.01 sec
2026-09-27T16:02:09.7066986Z           Start  792: FlowBatchPartitionTest.ThePayloadOfAnAcceptedEntrySurvivesTheMove
2026-09-27T16:02:09.7195800Z  792/1366 Test  #792: FlowBatchPartitionTest.ThePayloadOfAnAcceptedEntrySurvivesTheMove .......................................   Passed    0.01 sec
2026-09-27T16:02:09.7199687Z           Start  793: FlowEntryShapeTest.TheBodyThatStartedThisIsRejected
2026-09-27T16:02:09.7330789Z  793/1366 Test  #793: FlowEntryShapeTest.TheBodyThatStartedThisIsRejected .....................................................   Passed    0.01 sec
2026-09-27T16:02:09.7335152Z           Start  794: FlowEntryShapeTest.AnExplicitlyEmptyActionListIsADropRuleAndStaysLegal
2026-09-27T16:02:09.7465709Z  794/1366 Test  #794: FlowEntryShapeTest.AnExplicitlyEmptyActionListIsADropRuleAndStaysLegal ..................................   Passed    0.01 sec
2026-09-27T16:02:09.7469815Z           Start  795: FlowEntryShapeTest.AbsentMatchAndPriorityAreAcceptedBecauseTheyMeanSomething
2026-09-27T16:02:09.7600576Z  795/1366 Test  #795: FlowEntryShapeTest.AbsentMatchAndPriorityAreAcceptedBecauseTheyMeanSomething ............................   Passed    0.01 sec
2026-09-27T16:02:09.7604645Z           Start  796: FlowEntryShapeTest.DeleteNeedsOnlyADpid
2026-09-27T16:02:09.7734416Z  796/1366 Test  #796: FlowEntryShapeTest.DeleteNeedsOnlyADpid .................................................................   Passed    0.01 sec
2026-09-27T16:02:09.7738400Z           Start  797: FlowEntryShapeTest.ModifyIsHeldToTheSameBarAsInstall
2026-09-27T16:02:09.7868536Z  797/1366 Test  #797: FlowEntryShapeTest.ModifyIsHeldToTheSameBarAsInstall ....................................................   Passed    0.01 sec
2026-09-27T16:02:09.7872588Z           Start  798: FlowEntryShapeTest.AMissingDpidIsNamedRatherThanThrown
2026-09-27T16:02:09.8003244Z  798/1366 Test  #798: FlowEntryShapeTest.AMissingDpidIsNamedRatherThanThrown ..................................................   Passed    0.01 sec
2026-09-27T16:02:09.8007325Z           Start  799: FlowEntryShapeTest.ADpidThatIsNotANonNegativeIntegerIsRejected
2026-09-27T16:02:09.8136463Z  799/1366 Test  #799: FlowEntryShapeTest.ADpidThatIsNotANonNegativeIntegerIsRejected ..........................................   Passed    0.01 sec
2026-09-27T16:02:09.8140659Z           Start  800: FlowEntryShapeTest.ANonObjectEntryIsRejectedBeforeAnyFieldLookup
2026-09-27T16:02:09.8273345Z  800/1366 Test  #800: FlowEntryShapeTest.ANonObjectEntryIsRejectedBeforeAnyFieldLookup ........................................   Passed    0.01 sec
2026-09-27T16:02:09.8277410Z           Start  801: FlowEntryShapeTest.AWellFormedEntryReportsNoProblem
2026-09-27T16:02:09.8406822Z  801/1366 Test  #801: FlowEntryShapeTest.AWellFormedEntryReportsNoProblem .....................................................   Passed    0.01 sec
2026-09-27T16:02:09.8410973Z           Start  802: TopologyAndFlowMonitorTest.LoadingTheP4TopologyProducesTheCorrectNumberOfVertices
2026-09-27T16:02:09.8620043Z  802/1366 Test  #802: TopologyAndFlowMonitorTest.LoadingTheP4TopologyProducesTheCorrectNumberOfVertices .......................   Passed    0.02 sec
2026-09-27T16:02:09.8624044Z           Start  803: TopologyAndFlowMonitorTest.LoadingTheP4TopologyProducesTheCorrectNumberOfEdges
2026-09-27T16:02:09.8832073Z  803/1366 Test  #803: TopologyAndFlowMonitorTest.LoadingTheP4TopologyProducesTheCorrectNumberOfEdges ..........................   Passed    0.02 sec
2026-09-27T16:02:09.8836190Z           Start  804: TopologyAndFlowMonitorTest.SwitchVerticesHaveVertexTypeZeroHostsHaveVertexTypeOne
2026-09-27T16:02:09.9045550Z  804/1366 Test  #804: TopologyAndFlowMonitorTest.SwitchVerticesHaveVertexTypeZeroHostsHaveVertexTypeOne .......................   Passed    0.02 sec
2026-09-27T16:02:09.9049371Z           Start  805: TopologyAndFlowMonitorTest.HostEdgesHaveDpidZeroOnTheHostSide
2026-09-27T16:02:09.9259008Z  805/1366 Test  #805: TopologyAndFlowMonitorTest.HostEdgesHaveDpidZeroOnTheHostSide ...........................................   Passed    0.02 sec
2026-09-27T16:02:09.9263535Z           Start  806: TopologyAndFlowMonitorTest.EveryVertexHasTheFieldsRequiredByTheApiSpec
2026-09-27T16:02:09.9470635Z  806/1366 Test  #806: TopologyAndFlowMonitorTest.EveryVertexHasTheFieldsRequiredByTheApiSpec ..................................   Passed    0.02 sec
2026-09-27T16:02:09.9474983Z           Start  807: ControlPlaneReplyRobustnessTest.ASwitchesEntryWithNoDpidDoesNotTerminateTheProcess
2026-09-27T16:02:09.9684473Z  807/1366 Test  #807: ControlPlaneReplyRobustnessTest.ASwitchesEntryWithNoDpidDoesNotTerminateTheProcess ......................   Passed    0.02 sec
2026-09-27T16:02:09.9688731Z           Start  808: ControlPlaneReplyRobustnessTest.ASwitchesEntryWithANonHexDpidDoesNotTerminateTheProcess
2026-09-27T16:02:09.9898819Z  808/1366 Test  #808: ControlPlaneReplyRobustnessTest.ASwitchesEntryWithANonHexDpidDoesNotTerminateTheProcess .................   Passed    0.02 sec
2026-09-27T16:02:09.9903023Z           Start  809: ControlPlaneReplyRobustnessTest.OneBadSwitchesEntryDoesNotCostTheEntriesAfterIt
2026-09-27T16:02:10.0112492Z  809/1366 Test  #809: ControlPlaneReplyRobustnessTest.OneBadSwitchesEntryDoesNotCostTheEntriesAfterIt .........................   Passed    0.02 sec
2026-09-27T16:02:10.0116635Z           Start  810: ControlPlaneReplyRobustnessTest.AHostsEntryWithAMalformedMacDoesNotTerminateTheProcess
2026-09-27T16:02:10.0325632Z  810/1366 Test  #810: ControlPlaneReplyRobustnessTest.AHostsEntryWithAMalformedMacDoesNotTerminateTheProcess ..................   Passed    0.02 sec
2026-09-27T16:02:10.0329543Z           Start  811: ControlPlaneReplyRobustnessTest.OneBadHostsEntryDoesNotCostTheEntriesAfterIt
2026-09-27T16:02:10.0539386Z  811/1366 Test  #811: ControlPlaneReplyRobustnessTest.OneBadHostsEntryDoesNotCostTheEntriesAfterIt ............................   Passed    0.02 sec
2026-09-27T16:02:10.0543795Z           Start  812: ControlPlaneReplyRobustnessTest.ALinksEntryWithMissingEndpointsDoesNotTerminateTheProcess
2026-09-27T16:02:10.0752427Z  812/1366 Test  #812: ControlPlaneReplyRobustnessTest.ALinksEntryWithMissingEndpointsDoesNotTerminateTheProcess ...............   Passed    0.02 sec
2026-09-27T16:02:10.0756675Z           Start  813: ControlPlaneReplyRobustnessTest.ALinksEntryWithANonHexDpidDoesNotTerminateTheProcess
2026-09-27T16:02:10.0965086Z  813/1366 Test  #813: ControlPlaneReplyRobustnessTest.ALinksEntryWithANonHexDpidDoesNotTerminateTheProcess ....................   Passed    0.02 sec
2026-09-27T16:02:10.0969066Z           Start  814: ControlPlaneReplyRobustnessTest.AHostsEntryWithNoAttachmentPortDoesNotTerminateTheProcess
2026-09-27T16:02:10.1178991Z  814/1366 Test  #814: ControlPlaneReplyRobustnessTest.AHostsEntryWithNoAttachmentPortDoesNotTerminateTheProcess ...............   Passed    0.02 sec
2026-09-27T16:02:10.1182906Z           Start  815: ControlPlaneReplyRobustnessTest.AHostsEntryWithANonHexAttachmentDpidDoesNotTerminateTheProcess
2026-09-27T16:02:10.1393211Z  815/1366 Test  #815: ControlPlaneReplyRobustnessTest.AHostsEntryWithANonHexAttachmentDpidDoesNotTerminateTheProcess ..........   Passed    0.02 sec
2026-09-27T16:02:10.1397630Z           Start  816: ControlPlaneReplyRobustnessTest.AHostsEntryWithAnUnparseableIpDoesNotTerminateTheProcess
2026-09-27T16:02:10.1606674Z  816/1366 Test  #816: ControlPlaneReplyRobustnessTest.AHostsEntryWithAnUnparseableIpDoesNotTerminateTheProcess ................   Passed    0.02 sec
2026-09-27T16:02:10.1610175Z           Start  817: ControlPlaneReplyRobustnessTest.OneBadLinksEntryDoesNotCostTheEntriesAfterIt
2026-09-27T16:02:10.1819812Z  817/1366 Test  #817: ControlPlaneReplyRobustnessTest.OneBadLinksEntryDoesNotCostTheEntriesAfterIt ............................   Passed    0.02 sec
2026-09-27T16:02:10.1823767Z           Start  818: ControlPlaneReplyRobustnessTest.OneBadHostIpDoesNotCostTheEntriesAfterIt
2026-09-27T16:02:10.2033719Z  818/1366 Test  #818: ControlPlaneReplyRobustnessTest.OneBadHostIpDoesNotCostTheEntriesAfterIt ................................   Passed    0.02 sec
2026-09-27T16:02:10.2037757Z           Start  819: ControlPlaneReplyRobustnessTest.AHostIpOfTheWrongTypeDoesNotCostTheEntriesAfterIt
2026-09-27T16:02:10.2245432Z  819/1366 Test  #819: ControlPlaneReplyRobustnessTest.AHostIpOfTheWrongTypeDoesNotCostTheEntriesAfterIt .......................   Passed    0.02 sec
2026-09-27T16:02:10.2249344Z           Start  820: ControlPlaneReplyRobustnessTest.AKnownHexDpidThatIsNotInTheTopologyDoesNotCostTheRest
2026-09-27T16:02:10.2458618Z  820/1366 Test  #820: ControlPlaneReplyRobustnessTest.AKnownHexDpidThatIsNotInTheTopologyDoesNotCostTheRest ...................   Passed    0.02 sec
2026-09-27T16:02:10.2462223Z           Start  821: MininetTopologyTest.AfterLoadingTopologyAllVerticesAndEdgesAreDisabled
2026-09-27T16:02:10.3028849Z  821/1366 Test  #821: MininetTopologyTest.AfterLoadingTopologyAllVerticesAndEdgesAreDisabled ..................................   Passed    0.06 sec
2026-09-27T16:02:10.3032836Z           Start  822: MininetTopologyTest.EnableSwitchAndEdgesEnablesSwitchAndAllItsAdjacentEdgesButNotOtherSwitches
2026-09-27T16:02:10.3598930Z  822/1366 Test  #822: MininetTopologyTest.EnableSwitchAndEdgesEnablesSwitchAndAllItsAdjacentEdgesButNotOtherSwitches ..........   Passed    0.06 sec
2026-09-27T16:02:10.3602323Z           Start  823: MininetTopologyTest.SetVertexEnableOnlyEnablesThatVertexNotItsEdges
2026-09-27T16:02:10.4172873Z  823/1366 Test  #823: MininetTopologyTest.SetVertexEnableOnlyEnablesThatVertexNotItsEdges .....................................   Passed    0.06 sec
2026-09-27T16:02:10.4175706Z           Start  824: MininetTopologyTest.FindEdgeBySrcAndDstDpidFindsCorrectEdgeAndDistinguishesDirection
2026-09-27T16:02:10.4745173Z  824/1366 Test  #824: MininetTopologyTest.FindEdgeBySrcAndDstDpidFindsCorrectEdgeAndDistinguishesDirection ....................   Passed    0.06 sec
2026-09-27T16:02:10.4749050Z           Start  825: MininetTopologyTest.SetEdgeDownAffectsOnlyTargetEdgeNotReverseAndIsIdempotent
2026-09-27T16:02:10.5315992Z  825/1366 Test  #825: MininetTopologyTest.SetEdgeDownAffectsOnlyTargetEdgeNotReverseAndIsIdempotent ...........................   Passed    0.06 sec
2026-09-27T16:02:10.5319651Z           Start  826: MininetTopologyTest.MininetTopologyHasCorrectVertexAndEdgeCounts
2026-09-27T16:02:10.5886887Z  826/1366 Test  #826: MininetTopologyTest.MininetTopologyHasCorrectVertexAndEdgeCounts ........................................   Passed    0.06 sec
2026-09-27T16:02:10.5891491Z           Start  827: MininetTopologyTest.MininetTopologyHasExactly10SwitchesWithDpid1Through10
2026-09-27T16:02:10.6463222Z  827/1366 Test  #827: MininetTopologyTest.MininetTopologyHasExactly10SwitchesWithDpid1Through10 ...............................   Passed    0.06 sec
2026-09-27T16:02:10.6467678Z           Start  828: MininetTopologyTest.EveryHostHasAtLeastOneIpv4Address
2026-09-27T16:02:10.7036413Z  828/1366 Test  #828: MininetTopologyTest.EveryHostHasAtLeastOneIpv4Address ...................................................   Passed    0.06 sec
2026-09-27T16:02:10.7040645Z           Start  829: MininetTopologyTest.SwitchToSwitchEdgesCountIsExactly32
2026-09-27T16:02:10.7607323Z  829/1366 Test  #829: MininetTopologyTest.SwitchToSwitchEdgesCountIsExactly32 .................................................   Passed    0.06 sec
2026-09-27T16:02:10.7610614Z           Start  830: MininetTopologyTest.TouchEdgeFlowAccumulatesEntriesCurrentBehavior
2026-09-27T16:02:10.8177345Z  830/1366 Test  #830: MininetTopologyTest.TouchEdgeFlowAccumulatesEntriesCurrentBehavior ......................................   Passed    0.06 sec
2026-09-27T16:02:10.8181264Z           Start  831: MininetTopologyTest.GetSwitchKindReturnsOvsForKnownDpidsAndNulloptForUnknown
2026-09-27T16:02:10.8747532Z  831/1366 Test  #831: MininetTopologyTest.GetSwitchKindReturnsOvsForKnownDpidsAndNulloptForUnknown ............................   Passed    0.06 sec
2026-09-27T16:02:10.8751190Z           Start  832: TopologyPollRound.AllThreeAnsweredIsComplete
2026-09-27T16:02:10.8879530Z  832/1366 Test  #832: TopologyPollRound.AllThreeAnsweredIsComplete ............................................................   Passed    0.01 sec
2026-09-27T16:02:10.8883021Z           Start  833: TopologyPollRound.NoneAnsweredIsSilent
2026-09-27T16:02:10.9010635Z  833/1366 Test  #833: TopologyPollRound.NoneAnsweredIsSilent ..................................................................   Passed    0.01 sec
2026-09-27T16:02:10.9013868Z           Start  834: TopologyPollRound.OneSilentEndpointIsPartial
2026-09-27T16:02:10.9140004Z  834/1366 Test  #834: TopologyPollRound.OneSilentEndpointIsPartial ............................................................   Passed    0.01 sec
2026-09-27T16:02:10.9143538Z           Start  835: TopologyPollRound.OnlyOneAnsweredIsStillPartial
2026-09-27T16:02:10.9272367Z  835/1366 Test  #835: TopologyPollRound.OnlyOneAnsweredIsStillPartial .........................................................   Passed    0.01 sec
2026-09-27T16:02:10.9275671Z           Start  836: TopologyPollRound.TheStableTokenIsTheOneTheRunbookGreps
2026-09-27T16:02:10.9404280Z  836/1366 Test  #836: TopologyPollRound.TheStableTokenIsTheOneTheRunbookGreps .................................................   Passed    0.01 sec
2026-09-27T16:02:10.9408098Z           Start  837: TopologyPollRound.APartialRoundIsAnnouncedOnlyWhenItBecomesPartial
2026-09-27T16:02:10.9537976Z  837/1366 Test  #837: TopologyPollRound.APartialRoundIsAnnouncedOnlyWhenItBecomesPartial ......................................   Passed    0.01 sec
2026-09-27T16:02:10.9541726Z           Start  838: TopologyPollRound.NoRoundOtherThanPartialIsAnnounced
2026-09-27T16:02:10.9670904Z  838/1366 Test  #838: TopologyPollRound.NoRoundOtherThanPartialIsAnnounced ....................................................   Passed    0.01 sec
2026-09-27T16:02:10.9674673Z           Start  839: TopologyPollRoundWiring.TheRoundKindIsRecordedForReading
2026-09-27T16:02:10.9805514Z  839/1366 Test  #839: TopologyPollRoundWiring.TheRoundKindIsRecordedForReading ................................................   Passed    0.01 sec
2026-09-27T16:02:10.9808703Z           Start  840: TopologyPollRoundWiring.AnEmptyJsonListIsAnAnswerNotSilence
2026-09-27T16:02:10.9941035Z  840/1366 Test  #840: TopologyPollRoundWiring.AnEmptyJsonListIsAnAnswerNotSilence .............................................   Passed    0.01 sec
2026-09-27T16:02:10.9944421Z           Start  841: TopologyPollRoundWiring.APartialRoundWritesTheStableTokenOncePerEpisode
2026-09-27T16:02:11.0076831Z  841/1366 Test  #841: TopologyPollRoundWiring.APartialRoundWritesTheStableTokenOncePerEpisode .................................   Passed    0.01 sec
2026-09-27T16:02:11.0079608Z           Start  842: TopologyPollRoundWiring.ASilentRoundDoesNotWriteThePartialToken
2026-09-27T16:02:11.0212419Z  842/1366 Test  #842: TopologyPollRoundWiring.ASilentRoundDoesNotWriteThePartialToken .........................................   Passed    0.01 sec
2026-09-27T16:02:11.0215524Z           Start  843: TopologyRoundReadsStatus.AnErrorStatusIsNotAnAnswer
2026-09-27T16:02:11.0345881Z  843/1366 Test  #843: TopologyRoundReadsStatus.AnErrorStatusIsNotAnAnswer .....................................................   Passed    0.01 sec
2026-09-27T16:02:11.0349058Z           Start  844: TopologyRoundReadsStatus.TwoHundredCarryingTheWrongShapeIsNotAnAnswer
2026-09-27T16:02:11.0480487Z  844/1366 Test  #844: TopologyRoundReadsStatus.TwoHundredCarryingTheWrongShapeIsNotAnAnswer ...................................   Passed    0.01 sec
2026-09-27T16:02:11.0483806Z           Start  845: TopologyRoundReadsStatus.TwoHundredCarryingPlainTextIsNotAnAnswer
2026-09-27T16:02:11.0613211Z  845/1366 Test  #845: TopologyRoundReadsStatus.TwoHundredCarryingPlainTextIsNotAnAnswer .......................................   Passed    0.01 sec
2026-09-27T16:02:11.0616882Z           Start  846: TopologyRoundReadsStatus.AHealthyAnswerIsStillAnAnswer
2026-09-27T16:02:11.0744226Z  846/1366 Test  #846: TopologyRoundReadsStatus.AHealthyAnswerIsStillAnAnswer ..................................................   Passed    0.01 sec
2026-09-27T16:02:11.0747867Z           Start  847: TopologyRoundReadsStatus.AnEmptyBodyIsStillTheCaseThatAlreadyWorked
2026-09-27T16:02:11.0877073Z  847/1366 Test  #847: TopologyRoundReadsStatus.AnEmptyBodyIsStillTheCaseThatAlreadyWorked .....................................   Passed    0.01 sec
2026-09-27T16:02:11.0880116Z           Start  848: TopologyRoundReadsStatus.AllFourShapesReachTheRoundVerdictAndTheApi
2026-09-27T16:02:11.1013534Z  848/1366 Test  #848: TopologyRoundReadsStatus.AllFourShapesReachTheRoundVerdictAndTheApi .....................................   Passed    0.01 sec
2026-09-27T16:02:11.1016429Z           Start  849: TopologyRoundReadsStatus.AnUnreadRoundIsNeverComplete
2026-09-27T16:02:11.1143124Z  849/1366 Test  #849: TopologyRoundReadsStatus.AnUnreadRoundIsNeverComplete ...................................................   Passed    0.01 sec
2026-09-27T16:02:11.1146409Z           Start  850: TopologyRoundReadsStatus.TheCommandAsksForTheStatus
2026-09-27T16:02:11.1274127Z  850/1366 Test  #850: TopologyRoundReadsStatus.TheCommandAsksForTheStatus .....................................................   Passed    0.01 sec
2026-09-27T16:02:11.1277512Z           Start  851: AdministrativeDisableTest.ADisableSurvivesTheTopologyPollThatUsedToUndoIt
2026-09-27T16:02:11.1847755Z  851/1366 Test  #851: AdministrativeDisableTest.ADisableSurvivesTheTopologyPollThatUsedToUndoIt ...............................   Passed    0.06 sec
2026-09-27T16:02:11.1851430Z           Start  852: AdministrativeDisableTest.TheDisabledSwitchsEdgesAlsoSurviveALinkPoll
2026-09-27T16:02:11.2423177Z  852/1366 Test  #852: AdministrativeDisableTest.TheDisabledSwitchsEdgesAlsoSurviveALinkPoll ...................................   Passed    0.06 sec
2026-09-27T16:02:11.2426732Z           Start  853: AdministrativeDisableTest.AnAdministrativeEnableClearsIt
2026-09-27T16:02:11.2997349Z  853/1366 Test  #853: AdministrativeDisableTest.AnAdministrativeEnableClearsIt ................................................   Passed    0.06 sec
2026-09-27T16:02:11.3001320Z           Start  854: AdministrativeDisableTest.DiscoveryStillEnablesEverythingElse
2026-09-27T16:02:11.3567693Z  854/1366 Test  #854: AdministrativeDisableTest.DiscoveryStillEnablesEverythingElse ...........................................   Passed    0.06 sec
2026-09-27T16:02:11.3571386Z           Start  855: AdministrativeDisableTest.IsUsableNeedsAllThreeFlags
2026-09-27T16:02:11.3699330Z  855/1366 Test  #855: AdministrativeDisableTest.IsUsableNeedsAllThreeFlags ....................................................   Passed    0.01 sec
2026-09-27T16:02:11.3702775Z           Start  856: AdministrativeDisableTest.TheEmittedIsEnabledFoldsInTheAdministrativeDisable
2026-09-27T16:02:11.3832556Z  856/1366 Test  #856: AdministrativeDisableTest.TheEmittedIsEnabledFoldsInTheAdministrativeDisable ............................   Passed    0.01 sec
2026-09-27T16:02:11.3835608Z           Start  857: AdminDisableConsumersTest.BfsShortestPathDoesNotUseAdminDisabledEdge
2026-09-27T16:02:11.4428855Z  857/1366 Test  #857: AdminDisableConsumersTest.BfsShortestPathDoesNotUseAdminDisabledEdge ....................................   Passed    0.06 sec
2026-09-27T16:02:11.4432727Z           Start  858: AdminDisableConsumersTest.BfsShortestPathDoesNotUseAdminDisabledVertex
2026-09-27T16:02:11.5026516Z  858/1366 Test  #858: AdminDisableConsumersTest.BfsShortestPathDoesNotUseAdminDisabledVertex ..................................   Passed    0.06 sec
2026-09-27T16:02:11.5029865Z           Start  859: AdminDisableConsumersTest.AllPathsDepthFirstSearchDoesNotUseAdminDisabledEdge
2026-09-27T16:02:11.5642028Z  859/1366 Test  #859: AdminDisableConsumersTest.AllPathsDepthFirstSearchDoesNotUseAdminDisabledEdge ...........................   Passed    0.06 sec
2026-09-27T16:02:11.5645926Z           Start  860: AdminDisableConsumersTest.LinkBandwidthStatusHonorsAdminDisabled
2026-09-27T16:02:11.6216886Z  860/1366 Test  #860: AdminDisableConsumersTest.LinkBandwidthStatusHonorsAdminDisabled ........................................   Passed    0.06 sec
2026-09-27T16:02:11.6221156Z           Start  861: AdminDisableConsumersTest.TopKCongestedLinksOmitsLinkWhenOneDirectionAdminDisabled
2026-09-27T16:02:11.6949214Z  861/1366 Test  #861: AdminDisableConsumersTest.TopKCongestedLinksOmitsLinkWhenOneDirectionAdminDisabled ......................   Passed    0.07 sec
2026-09-27T16:02:11.6952934Z           Start  862: AdminDisableConsumersTest.AvgLinkUsageExcludesAdminDisabledLink
2026-09-27T16:02:11.7523000Z  862/1366 Test  #862: AdminDisableConsumersTest.AvgLinkUsageExcludesAdminDisabledLink .........................................   Passed    0.06 sec
2026-09-27T16:02:11.7526883Z           Start  863: OptimisticTopologyReportingTest.ASwitchLearnedAsAHostDoesNotResurrectASwitchLink
2026-09-27T16:02:11.8098268Z  863/1366 Test  #863: OptimisticTopologyReportingTest.ASwitchLearnedAsAHostDoesNotResurrectASwitchLink ........................   Passed    0.06 sec
2026-09-27T16:02:11.8102871Z           Start  864: OptimisticTopologyReportingTest.ARealHostEntryStillRaisesItsOwnTwoEdges
2026-09-27T16:02:11.8679722Z  864/1366 Test  #864: OptimisticTopologyReportingTest.ARealHostEntryStillRaisesItsOwnTwoEdges .................................   Passed    0.06 sec
2026-09-27T16:02:11.8684053Z           Start  865: OptimisticTopologyReportingTest.HostFacingEdgesOfAnUnreachableSwitchGoDownWithAReason
2026-09-27T16:02:11.9267187Z  865/1366 Test  #865: OptimisticTopologyReportingTest.HostFacingEdgesOfAnUnreachableSwitchGoDownWithAReason ...................   Passed    0.06 sec
2026-09-27T16:02:11.9270620Z           Start  866: OptimisticTopologyReportingTest.AHostBehindAnUnreachableSwitchIsMarkedDownWithAReason
2026-09-27T16:02:11.9843018Z  866/1366 Test  #866: OptimisticTopologyReportingTest.AHostBehindAnUnreachableSwitchIsMarkedDownWithAReason ...................   Passed    0.06 sec
2026-09-27T16:02:11.9846592Z           Start  867: OptimisticTopologyReportingTest.AHostWhoseSwitchIsHealthyStaysUp
2026-09-27T16:02:12.0419481Z  867/1366 Test  #867: OptimisticTopologyReportingTest.AHostWhoseSwitchIsHealthyStaysUp ........................................   Passed    0.06 sec
2026-09-27T16:02:12.0422852Z           Start  868: OptimisticTopologyReportingTest.OneMissedPollDoesNotIsolateAnything
2026-09-27T16:02:12.0993726Z  868/1366 Test  #868: OptimisticTopologyReportingTest.OneMissedPollDoesNotIsolateAnything .....................................   Passed    0.06 sec
2026-09-27T16:02:12.0997853Z           Start  869: OptimisticTopologyReportingTest.RecoveryClearsTheReasonWithoutRaisingAnything
2026-09-27T16:02:12.1569640Z  869/1366 Test  #869: OptimisticTopologyReportingTest.RecoveryClearsTheReasonWithoutRaisingAnything ...........................   Passed    0.06 sec
2026-09-27T16:02:12.1574284Z           Start  870: OptimisticTopologyReportingTest.TheDerivationRunsAsPartOfAPollNotOnlyWhenCalledDirectly
2026-09-27T16:02:12.2174110Z  870/1366 Test  #870: OptimisticTopologyReportingTest.TheDerivationRunsAsPartOfAPollNotOnlyWhenCalledDirectly .................   Passed    0.06 sec
2026-09-27T16:02:12.2178751Z           Start  871: OptimisticTopologyReportingTest.AHostsEntryWithAnUnknownMacIsStillAppliedByItsAddress
2026-09-27T16:02:12.2748566Z  871/1366 Test  #871: OptimisticTopologyReportingTest.AHostsEntryWithAnUnknownMacIsStillAppliedByItsAddress ...................   Passed    0.06 sec
2026-09-27T16:02:12.2752703Z           Start  872: ApiKeyNotLoggedTest.ConstructingAnLLMAgentDoesNotWriteTheKeyToAnySink
2026-09-27T16:02:12.2883684Z  872/1366 Test  #872: ApiKeyNotLoggedTest.ConstructingAnLLMAgentDoesNotWriteTheKeyToAnySink ...................................   Passed    0.01 sec
2026-09-27T16:02:12.2887201Z           Start  873: ApiKeyNotLoggedTest.TheCaptureRigActuallyRecordsTheConstructorsOwnLogging
2026-09-27T16:02:12.3018375Z  873/1366 Test  #873: ApiKeyNotLoggedTest.TheCaptureRigActuallyRecordsTheConstructorsOwnLogging ...............................   Passed    0.01 sec
2026-09-27T16:02:12.3021706Z           Start  874: ApiKeyNotLoggedTest.AMissingKeyThrowsRatherThanFormattingANullPointer
2026-09-27T16:02:12.3153150Z  874/1366 Test  #874: ApiKeyNotLoggedTest.AMissingKeyThrowsRatherThanFormattingANullPointer ...................................   Passed    0.01 sec
2026-09-27T16:02:12.3156645Z           Start  875: IntentTaskOutcomesTest.PowerOffOnAnUnknownDeviceReportsAnErrorRatherThanOk
2026-09-27T16:02:12.3293527Z  875/1366 Test  #875: IntentTaskOutcomesTest.PowerOffOnAnUnknownDeviceReportsAnErrorRatherThanOk ..............................   Passed    0.01 sec
2026-09-27T16:02:12.3296867Z           Start  876: IntentTaskOutcomesTest.PowerOffThatFailsReportsTheFailureRatherThanOk
2026-09-27T16:02:12.3430481Z  876/1366 Test  #876: IntentTaskOutcomesTest.PowerOffThatFailsReportsTheFailureRatherThanOk ...................................   Passed    0.01 sec
2026-09-27T16:02:12.3434001Z           Start  877: IntentTaskOutcomesTest.PowerOnOnAnUnknownDeviceReportsAnErrorRatherThanOk
2026-09-27T16:02:12.3567657Z  877/1366 Test  #877: IntentTaskOutcomesTest.PowerOnOnAnUnknownDeviceReportsAnErrorRatherThanOk ...............................   Passed    0.01 sec
2026-09-27T16:02:12.3571167Z           Start  878: IntentTaskOutcomesTest.PowerOnThatFailsReportsTheFailureRatherThanOk
2026-09-27T16:02:12.3705417Z  878/1366 Test  #878: IntentTaskOutcomesTest.PowerOnThatFailsReportsTheFailureRatherThanOk ....................................   Passed    0.01 sec
2026-09-27T16:02:12.3708779Z           Start  879: IntentTaskOutcomesTest.AFailedInstallReportsTheControllersVerdictRatherThanOk
2026-09-27T16:02:12.3846104Z  879/1366 Test  #879: IntentTaskOutcomesTest.AFailedInstallReportsTheControllersVerdictRatherThanOk ...........................   Passed    0.01 sec
2026-09-27T16:02:12.3849312Z           Start  880: IntentTaskOutcomesTest.ASuccessfulInstallIsStillReportedAsSuccess
2026-09-27T16:02:12.3986116Z  880/1366 Test  #880: IntentTaskOutcomesTest.ASuccessfulInstallIsStillReportedAsSuccess .......................................   Passed    0.01 sec
2026-09-27T16:02:12.3989408Z           Start  881: IntentTaskOutcomesTest.AFailedDeleteReportsTheFailureRatherThanOk
2026-09-27T16:02:12.4128412Z  881/1366 Test  #881: IntentTaskOutcomesTest.AFailedDeleteReportsTheFailureRatherThanOk .......................................   Passed    0.01 sec
2026-09-27T16:02:12.4132105Z           Start  882: IntentTaskOutcomesTest.AnUnknownDeviceOnAFlowInstallIsRefusedBeforeTheControllerIsCalled
2026-09-27T16:02:12.4269034Z  882/1366 Test  #882: IntentTaskOutcomesTest.AnUnknownDeviceOnAFlowInstallIsRefusedBeforeTheControllerIsCalled ................   Passed    0.01 sec
2026-09-27T16:02:12.4272338Z           Start  883: IntentTaskOutcomesTest.ADeviceNameContainingAQuoteCannotInjectKeysIntoADisableReply
2026-09-27T16:02:12.4410318Z  883/1366 Test  #883: IntentTaskOutcomesTest.ADeviceNameContainingAQuoteCannotInjectKeysIntoADisableReply .....................   Passed    0.01 sec
2026-09-27T16:02:12.4413485Z           Start  884: IntentReplyRenderingTest.SwitchNotFoundNamesTheDevice
2026-09-27T16:02:12.4542590Z  884/1366 Test  #884: IntentReplyRenderingTest.SwitchNotFoundNamesTheDevice ...................................................   Passed    0.01 sec
2026-09-27T16:02:12.4545849Z           Start  885: IntentReplyRenderingTest.PowerReplyDistinguishesSuccessFromFailure
2026-09-27T16:02:12.4676736Z  885/1366 Test  #885: IntentReplyRenderingTest.PowerReplyDistinguishesSuccessFromFailure ......................................   Passed    0.01 sec
2026-09-27T16:02:12.4680275Z           Start  886: IntentReplyRenderingTest.FlowReplyCarriesTheHttpStatusAndDetail
2026-09-27T16:02:12.4811200Z  886/1366 Test  #886: IntentReplyRenderingTest.FlowReplyCarriesTheHttpStatusAndDetail .........................................   Passed    0.01 sec
2026-09-27T16:02:12.4814933Z           Start  887: IntentReplyRenderingTest.ADeviceNameContainingAQuoteStillProducesParseableJson
2026-09-27T16:02:12.4945381Z  887/1366 Test  #887: IntentReplyRenderingTest.ADeviceNameContainingAQuoteStillProducesParseableJson ..........................   Passed    0.01 sec
2026-09-27T16:02:12.4949337Z           Start  888: LaunchLayoutIsolationTest.TwoRigsInDifferentProcessesDoNotShareADirectory
2026-09-27T16:02:12.5101034Z  888/1366 Test  #888: LaunchLayoutIsolationTest.TwoRigsInDifferentProcessesDoNotShareADirectory ...............................   Passed    0.01 sec
2026-09-27T16:02:12.5104760Z           Start  889: LockEndpointTest.ReleasingALockNobodyHoldsIsRefusedRatherThanReportedAsReleased
2026-09-27T16:02:12.5237761Z  889/1366 Test  #889: LockEndpointTest.ReleasingALockNobodyHoldsIsRefusedRatherThanReportedAsReleased .........................   Passed    0.01 sec
2026-09-27T16:02:12.5241383Z           Start  890: LockEndpointTest.ReleasingAnUnknownLockTypeIsARequestErrorNotAStateError
2026-09-27T16:02:12.5373594Z  890/1366 Test  #890: LockEndpointTest.ReleasingAnUnknownLockTypeIsARequestErrorNotAStateError ................................   Passed    0.01 sec
2026-09-27T16:02:12.5377389Z           Start  891: LockEndpointTest.AMalformedBodyIsRejectedRatherThanReleasingTheDefaultLock
2026-09-27T16:02:12.5510709Z  891/1366 Test  #891: LockEndpointTest.AMalformedBodyIsRejectedRatherThanReleasingTheDefaultLock ..............................   Passed    0.01 sec
2026-09-27T16:02:12.5514008Z           Start  892: LockEndpointTest.ATypeFieldOfTheWrongJsonTypeIsAClientErrorNotAServerError
2026-09-27T16:02:12.5646436Z  892/1366 Test  #892: LockEndpointTest.ATypeFieldOfTheWrongJsonTypeIsAClientErrorNotAServerError ..............................   Passed    0.01 sec
2026-09-27T16:02:12.5649680Z           Start  893: LockEndpointTest.ReleasingAHeldLockSucceeds
2026-09-27T16:02:12.5782785Z  893/1366 Test  #893: LockEndpointTest.ReleasingAHeldLockSucceeds .............................................................   Passed    0.01 sec
2026-09-27T16:02:12.5786376Z           Start  894: LockEndpointTest.AReleasedLockIsAcquirableAgain
2026-09-27T16:02:12.5919245Z  894/1366 Test  #894: LockEndpointTest.AReleasedLockIsAcquirableAgain .........................................................   Passed    0.01 sec
2026-09-27T16:02:12.5923655Z           Start  895: LockEndpointTest.AnAbsentBodyIsRefusedRatherThanReleasingTheDefaultLock
2026-09-27T16:02:12.6058281Z  895/1366 Test  #895: LockEndpointTest.AnAbsentBodyIsRefusedRatherThanReleasingTheDefaultLock .................................   Passed    0.01 sec
2026-09-27T16:02:12.6061863Z           Start  896: LockEndpointTest.ABodylessReleaseDoesNotReleaseSomebodyElsesRoutingLock
2026-09-27T16:02:12.6194113Z  896/1366 Test  #896: LockEndpointTest.ABodylessReleaseDoesNotReleaseSomebodyElsesRoutingLock .................................   Passed    0.01 sec
2026-09-27T16:02:12.6197394Z           Start  897: LockEndpointTest.ARenewWithAMalformedBodyDoesNotExtendTheDefaultLock
2026-09-27T16:02:12.6329460Z  897/1366 Test  #897: LockEndpointTest.ARenewWithAMalformedBodyDoesNotExtendTheDefaultLock ....................................   Passed    0.01 sec
2026-09-27T16:02:12.6333305Z           Start  898: LockEndpointTest.ARenewWithNoTypeFieldDoesNotExtendTheDefaultLock
2026-09-27T16:02:12.6468792Z  898/1366 Test  #898: LockEndpointTest.ARenewWithNoTypeFieldDoesNotExtendTheDefaultLock .......................................   Passed    0.01 sec
2026-09-27T16:02:12.6472391Z           Start  899: LockEndpointTest.ABodylessRenewDoesNotExtendSomebodyElsesRoutingLock
2026-09-27T16:02:12.6604375Z  899/1366 Test  #899: LockEndpointTest.ABodylessRenewDoesNotExtendSomebodyElsesRoutingLock ....................................   Passed    0.01 sec
2026-09-27T16:02:12.6608054Z           Start  900: LockEndpointTest.ARenewNamingAnUnknownLockTypeIsARequestErrorNotAStateError
2026-09-27T16:02:12.6740755Z  900/1366 Test  #900: LockEndpointTest.ARenewNamingAnUnknownLockTypeIsARequestErrorNotAStateError .............................   Passed    0.01 sec
2026-09-27T16:02:12.6744168Z           Start  901: LockEndpointTest.RenewingAnExpiredLeaseIs412AndLeavesTheLockAcquirable
2026-09-27T16:02:12.6873833Z  901/1366 Test  #901: LockEndpointTest.RenewingAnExpiredLeaseIs412AndLeavesTheLockAcquirable ..................................   Passed    0.01 sec
2026-09-27T16:02:12.6876786Z           Start  902: LockEndpointTest.ARenewNamingItsOwnLockSucceedsAndKeepsItsReplyShape
2026-09-27T16:02:12.7007780Z  902/1366 Test  #902: LockEndpointTest.ARenewNamingItsOwnLockSucceedsAndKeepsItsReplyShape ....................................   Passed    0.01 sec
2026-09-27T16:02:12.7011146Z           Start  903: LockEndpointTest.RenewingAValidLockNobodyHoldsIsStill412NotA400
2026-09-27T16:02:12.7141934Z  903/1366 Test  #903: LockEndpointTest.RenewingAValidLockNobodyHoldsIsStill412NotA400 .........................................   Passed    0.01 sec
2026-09-27T16:02:12.7145266Z           Start  904: LockEndpointTest.ReleasingAnExpiredLeaseIs412AndSaysExpiredRatherThan200Released
2026-09-27T16:02:12.7275040Z  904/1366 Test  #904: LockEndpointTest.ReleasingAnExpiredLeaseIs412AndSaysExpiredRatherThan200Released ........................   Passed    0.01 sec
2026-09-27T16:02:12.7278089Z           Start  905: LockEndpointTest.ReleasingALiveLockIsStill200AndStillSaysReleased
2026-09-27T16:02:12.7408911Z  905/1366 Test  #905: LockEndpointTest.ReleasingALiveLockIsStill200AndStillSaysReleased .......................................   Passed    0.01 sec
2026-09-27T16:02:12.7412223Z           Start  906: LockEndpointTest.AnAcquireHandsBackALeaseIdAndSaysWhenItTookOverADeadOne
2026-09-27T16:02:12.7543097Z  906/1366 Test  #906: LockEndpointTest.AnAcquireHandsBackALeaseIdAndSaysWhenItTookOverADeadOne ................................   Passed    0.01 sec
2026-09-27T16:02:12.7546178Z           Start  907: LockEndpointTest.WithEnforcementOnAReleaseNamingNoLeaseIs400AndReleasesNothing
2026-09-27T16:02:12.7679569Z  907/1366 Test  #907: LockEndpointTest.WithEnforcementOnAReleaseNamingNoLeaseIs400AndReleasesNothing ..........................   Passed    0.01 sec
2026-09-27T16:02:12.7682916Z           Start  908: LockEndpointTest.WithEnforcementOnAReleaseNamingItsOwnLeaseStillSucceeds
2026-09-27T16:02:12.7813345Z  908/1366 Test  #908: LockEndpointTest.WithEnforcementOnAReleaseNamingItsOwnLeaseStillSucceeds ................................   Passed    0.01 sec
2026-09-27T16:02:12.7816411Z           Start  909: LockEndpointTest.TotalInputTrafficLoadWithoutADpidIsABadRequestNotA200
2026-09-27T16:02:12.7945731Z  909/1366 Test  #909: LockEndpointTest.TotalInputTrafficLoadWithoutADpidIsABadRequestNotA200 ..................................   Passed    0.01 sec
2026-09-27T16:02:12.7948886Z           Start  910: LockEndpointTest.NumOfFlowsWithoutADpidIsABadRequestNotA200
2026-09-27T16:02:12.8078159Z  910/1366 Test  #910: LockEndpointTest.NumOfFlowsWithoutADpidIsABadRequestNotA200 .............................................   Passed    0.01 sec
2026-09-27T16:02:12.8081261Z           Start  911: LockEndpointTest.TotalInputTrafficLoadForAnUnknownDpidIsA404NotAZero
2026-09-27T16:02:12.8212058Z  911/1366 Test  #911: LockEndpointTest.TotalInputTrafficLoadForAnUnknownDpidIsA404NotAZero ....................................   Passed    0.01 sec
2026-09-27T16:02:12.8215187Z           Start  912: LockEndpointTest.NumOfFlowsForAnUnknownDpidIsA404NotAZero
2026-09-27T16:02:12.8345876Z  912/1366 Test  #912: LockEndpointTest.NumOfFlowsForAnUnknownDpidIsA404NotAZero ...............................................   Passed    0.01 sec
2026-09-27T16:02:12.8349519Z           Start  913: LockEndpointTest.APathHopWithOnlyOneElementIsRejectedRatherThanReadPastTheEnd
2026-09-27T16:02:12.8479919Z  913/1366 Test  #913: LockEndpointTest.APathHopWithOnlyOneElementIsRejectedRatherThanReadPastTheEnd ...........................   Passed    0.01 sec
2026-09-27T16:02:12.8483356Z           Start  914: LockEndpointTest.APathInterfaceThatIsNotANumberIsAClientErrorNotAServerError
2026-09-27T16:02:12.8613255Z  914/1366 Test  #914: LockEndpointTest.APathInterfaceThatIsNotANumberIsAClientErrorNotAServerError ............................   Passed    0.01 sec
2026-09-27T16:02:12.8616654Z           Start  915: LockManagerUnlockTest.UnlockDistinguishesHeldFromNotHeldFromInvalid
2026-09-27T16:02:12.8743461Z  915/1366 Test  #915: LockManagerUnlockTest.UnlockDistinguishesHeldFromNotHeldFromInvalid .....................................   Passed    0.01 sec
2026-09-27T16:02:12.8746218Z           Start  916: KnownSwitchEndpointTest.AKnownButIdleSwitchStillAnswersZero
2026-09-27T16:02:12.8958239Z  916/1366 Test  #916: KnownSwitchEndpointTest.AKnownButIdleSwitchStillAnswersZero .............................................   Passed    0.02 sec
2026-09-27T16:02:12.8961451Z           Start  917: PowerStateEndpointTest.SetSwitchesPowerStateWithAnUnknownIpIsA404NotA500
2026-09-27T16:02:12.9094320Z  917/1366 Test  #917: PowerStateEndpointTest.SetSwitchesPowerStateWithAnUnknownIpIsA404NotA500 ................................   Passed    0.01 sec
2026-09-27T16:02:12.9097661Z           Start  918: PowerStateEndpointTest.SetSwitchesPowerStateWithAKnownIpStillReachesTheManager
2026-09-27T16:02:12.9230356Z  918/1366 Test  #918: PowerStateEndpointTest.SetSwitchesPowerStateWithAKnownIpStillReachesTheManager ..........................   Passed    0.01 sec
2026-09-27T16:02:12.9233753Z           Start  919: PowerStateEndpointTest.ARealPowerFailureIsStillA500
2026-09-27T16:02:12.9366319Z  919/1366 Test  #919: PowerStateEndpointTest.ARealPowerFailureIsStillA500 .....................................................   Passed    0.01 sec
2026-09-27T16:02:12.9369743Z           Start  920: PowerStateEndpointTest.SetSwitchesPowerStateWithABadActionIsStillA400
2026-09-27T16:02:12.9501048Z  920/1366 Test  #920: PowerStateEndpointTest.SetSwitchesPowerStateWithABadActionIsStillA400 ...................................   Passed    0.01 sec
2026-09-27T16:02:12.9504497Z           Start  921: GroupMeterFixture.DeletingAGroupThatIsNotThereIsRefusedRatherThanReportedDeleted
2026-09-27T16:02:12.9635757Z  921/1366 Test  #921: GroupMeterFixture.DeletingAGroupThatIsNotThereIsRefusedRatherThanReportedDeleted ........................   Passed    0.01 sec
2026-09-27T16:02:12.9639044Z           Start  922: GroupMeterFixture.ModifyingAGroupThatIsNotThereIsRefusedRatherThanReportedModified
2026-09-27T16:02:12.9769565Z  922/1366 Test  #922: GroupMeterFixture.ModifyingAGroupThatIsNotThereIsRefusedRatherThanReportedModified ......................   Passed    0.01 sec
2026-09-27T16:02:12.9773423Z           Start  923: GroupMeterFixture.AddingAGroupThatAlreadyExistsIsAConflictNotAnInstall
2026-09-27T16:02:12.9902208Z  923/1366 Test  #923: GroupMeterFixture.AddingAGroupThatAlreadyExistsIsAConflictNotAnInstall ..................................   Passed    0.01 sec
2026-09-27T16:02:12.9905426Z           Start  924: GroupMeterFixture.DeletingAMeterThatIsNotThereIsRefused
2026-09-27T16:02:13.0041520Z  924/1366 Test  #924: GroupMeterFixture.DeletingAMeterThatIsNotThereIsRefused .................................................   Passed    0.01 sec
2026-09-27T16:02:13.0045109Z           Start  925: GroupMeterFixture.ModifyingAMeterThatIsNotThereIsRefused
2026-09-27T16:02:13.0175691Z  925/1366 Test  #925: GroupMeterFixture.ModifyingAMeterThatIsNotThereIsRefused ................................................   Passed    0.01 sec
2026-09-27T16:02:13.0178949Z           Start  926: GroupMeterFixture.AddingAMeterThatAlreadyExistsIsAConflict
2026-09-27T16:02:13.0308985Z  926/1366 Test  #926: GroupMeterFixture.AddingAMeterThatAlreadyExistsIsAConflict ..............................................   Passed    0.01 sec
2026-09-27T16:02:13.0312685Z           Start  927: GroupMeterFixture.DeletingAGroupThatIsThereGoesThroughAndSaysItWasDeleted
2026-09-27T16:02:13.0447184Z  927/1366 Test  #927: GroupMeterFixture.DeletingAGroupThatIsThereGoesThroughAndSaysItWasDeleted ...............................   Passed    0.01 sec
2026-09-27T16:02:13.0450254Z           Start  928: GroupMeterFixture.ModifyingAGroupThatIsThereGoesThrough
2026-09-27T16:02:13.0582188Z  928/1366 Test  #928: GroupMeterFixture.ModifyingAGroupThatIsThereGoesThrough .................................................   Passed    0.01 sec
2026-09-27T16:02:13.0585520Z           Start  929: GroupMeterFixture.AddingAGroupThatIsNotThereGoesThrough
2026-09-27T16:02:13.0717981Z  929/1366 Test  #929: GroupMeterFixture.AddingAGroupThatIsNotThereGoesThrough .................................................   Passed    0.01 sec
2026-09-27T16:02:13.0720805Z           Start  930: GroupMeterFixture.TheMeterAcceptPathsGoThrough
2026-09-27T16:02:13.0853378Z  930/1366 Test  #930: GroupMeterFixture.TheMeterAcceptPathsGoThrough ..........................................................   Passed    0.01 sec
2026-09-27T16:02:13.0856980Z           Start  931: GroupMeterFixture.AGroupTheSwitchStillHasAfterTheDeleteIsNotReportedAsDeleted
2026-09-27T16:02:13.0988703Z  931/1366 Test  #931: GroupMeterFixture.AGroupTheSwitchStillHasAfterTheDeleteIsNotReportedAsDeleted ...........................   Passed    0.01 sec
2026-09-27T16:02:13.0992269Z           Start  932: GroupMeterFixture.AMeterTheSwitchStillHasAfterTheDeleteIsNotReportedAsDeleted
2026-09-27T16:02:13.1122106Z  932/1366 Test  #932: GroupMeterFixture.AMeterTheSwitchStillHasAfterTheDeleteIsNotReportedAsDeleted ...........................   Passed    0.01 sec
2026-09-27T16:02:13.1125304Z           Start  933: GroupMeterFixture.AGroupIdCanBeInstalledAgainAfterAVerifiedDelete
2026-09-27T16:02:13.1257171Z  933/1366 Test  #933: GroupMeterFixture.AGroupIdCanBeInstalledAgainAfterAVerifiedDelete .......................................   Passed    0.01 sec
2026-09-27T16:02:13.1260272Z           Start  934: GroupMeterFixture.ADeleteNamesTheEntryAndDoesNotCarryADefinitionOfIt
2026-09-27T16:02:13.1392001Z  934/1366 Test  #934: GroupMeterFixture.ADeleteNamesTheEntryAndDoesNotCarryADefinitionOfIt ....................................   Passed    0.01 sec
2026-09-27T16:02:13.1395058Z           Start  935: GroupMeterFixture.ADeleteThatCannotBeReadBackIsUnverifiedRatherThanFailed
2026-09-27T16:02:13.1528434Z  935/1366 Test  #935: GroupMeterFixture.ADeleteThatCannotBeReadBackIsUnverifiedRatherThanFailed ...............................   Passed    0.01 sec
2026-09-27T16:02:13.1531521Z           Start  936: GroupMeterFixture.TheDeleteReCheckIsRetriedAndBounded
2026-09-27T16:02:13.1664012Z  936/1366 Test  #936: GroupMeterFixture.TheDeleteReCheckIsRetriedAndBounded ...................................................   Passed    0.01 sec
2026-09-27T16:02:13.1667076Z           Start  937: GroupMeterFixture.AnUnreachableControllerDoesNotTurnEveryGroupIntoA404
2026-09-27T16:02:13.1797691Z  937/1366 Test  #937: GroupMeterFixture.AnUnreachableControllerDoesNotTurnEveryGroupIntoA404 ..................................   Passed    0.01 sec
2026-09-27T16:02:13.1800808Z           Start  938: GroupMeterFixture.AStatsReplyInAnUnexpectedShapeIsUnknownNotAbsent
2026-09-27T16:02:13.1932528Z  938/1366 Test  #938: GroupMeterFixture.AStatsReplyInAnUnexpectedShapeIsUnknownNotAbsent ......................................   Passed    0.01 sec
2026-09-27T16:02:13.1935383Z           Start  939: GroupMeterFixture.AnUnparseableStatsReplyIsUnknownNotAbsent
2026-09-27T16:02:13.2066086Z  939/1366 Test  #939: GroupMeterFixture.AnUnparseableStatsReplyIsUnknownNotAbsent .............................................   Passed    0.01 sec
2026-09-27T16:02:13.2068925Z           Start  940: GroupMeterFixture.ANonNumericGroupIdIsUnknownRatherThanRefused
2026-09-27T16:02:13.2197076Z  940/1366 Test  #940: GroupMeterFixture.ANonNumericGroupIdIsUnknownRatherThanRefused ..........................................   Passed    0.01 sec
2026-09-27T16:02:13.2200197Z           Start  941: GroupMeterFixture.TheGroupCheckAsksForTheWholeListBecauseRyuIgnoresTheIdOnOf13
2026-09-27T16:02:13.2333719Z  941/1366 Test  #941: GroupMeterFixture.TheGroupCheckAsksForTheWholeListBecauseRyuIgnoresTheIdOnOf13 ..........................   Passed    0.01 sec
2026-09-27T16:02:13.2336254Z           Start  942: GroupMeterFixture.TheMeterCheckNamesTheMeterItIsAskingAbout
2026-09-27T16:02:13.2470431Z  942/1366 Test  #942: GroupMeterFixture.TheMeterCheckNamesTheMeterItIsAskingAbout .............................................   Passed    0.01 sec
2026-09-27T16:02:13.2473460Z           Start  943: GroupMeterFixture.TheCheckHappensBeforeTheModNotAfterIt
2026-09-27T16:02:13.2606503Z  943/1366 Test  #943: GroupMeterFixture.TheCheckHappensBeforeTheModNotAfterIt .................................................   Passed    0.01 sec
2026-09-27T16:02:13.2609396Z           Start  944: GroupMeterFixture.TheExistenceCheckAsksForTheStatusCodeAndBoundsItsTime
2026-09-27T16:02:13.2741428Z  944/1366 Test  #944: GroupMeterFixture.TheExistenceCheckAsksForTheStatusCodeAndBoundsItsTime .................................   Passed    0.01 sec
2026-09-27T16:02:13.2744433Z           Start  945: GroupMeterFixture.AControllerRefusalOfTheModIsStillReported
2026-09-27T16:02:13.2877241Z  945/1366 Test  #945: GroupMeterFixture.AControllerRefusalOfTheModIsStillReported .............................................   Passed    0.01 sec
2026-09-27T16:02:13.2880111Z           Start  946: GroupMeterFixture.AGroupTheSwitchNeverTookIsNotReportedAsInstalled
2026-09-27T16:02:13.3011345Z  946/1366 Test  #946: GroupMeterFixture.AGroupTheSwitchNeverTookIsNotReportedAsInstalled ......................................   Passed    0.01 sec
2026-09-27T16:02:13.3014134Z           Start  947: GroupMeterFixture.AMeterTheSwitchNeverTookIsNotReportedAsInstalled
2026-09-27T16:02:13.3142988Z  947/1366 Test  #947: GroupMeterFixture.AMeterTheSwitchNeverTookIsNotReportedAsInstalled ......................................   Passed    0.01 sec
2026-09-27T16:02:13.3145836Z           Start  948: GroupMeterFixture.AGroupTheSwitchDidTakeIsReportedAsInstalled
2026-09-27T16:02:13.3276001Z  948/1366 Test  #948: GroupMeterFixture.AGroupTheSwitchDidTakeIsReportedAsInstalled ...........................................   Passed    0.01 sec
2026-09-27T16:02:13.3278748Z           Start  949: GroupMeterFixture.AModifyThatCannotBeReadBackIsUnverifiedRatherThanFailed
2026-09-27T16:02:13.3407914Z  949/1366 Test  #949: GroupMeterFixture.AModifyThatCannotBeReadBackIsUnverifiedRatherThanFailed ...............................   Passed    0.01 sec
2026-09-27T16:02:13.3410935Z           Start  950: GroupMeterFixture.TheInstallReadBackIsRetriedAndBounded
2026-09-27T16:02:13.3539919Z  950/1366 Test  #950: GroupMeterFixture.TheInstallReadBackIsRetriedAndBounded .................................................   Passed    0.01 sec
2026-09-27T16:02:13.3543229Z           Start  951: GroupMeterFixture.AnInstallReadBackHappensAfterThePostNotBeforeIt
2026-09-27T16:02:13.3671511Z  951/1366 Test  #951: GroupMeterFixture.AnInstallReadBackHappensAfterThePostNotBeforeIt .......................................   Passed    0.01 sec
2026-09-27T16:02:13.3674863Z           Start  952: GroupMeterFixture.AModifyIsNotClaimedVerifiedWhenOnlyExistenceWasChecked
2026-09-27T16:02:13.3805471Z  952/1366 Test  #952: GroupMeterFixture.AModifyIsNotClaimedVerifiedWhenOnlyExistenceWasChecked ................................   Passed    0.01 sec
2026-09-27T16:02:13.3807872Z           Start  953: GroupMeterEndpointTest.DeleteGroupRelaysA404WithAnOutcomeNamingWhatWasNotFound
2026-09-27T16:02:13.3940731Z  953/1366 Test  #953: GroupMeterEndpointTest.DeleteGroupRelaysA404WithAnOutcomeNamingWhatWasNotFound ..........................   Passed    0.01 sec
2026-09-27T16:02:13.3943870Z           Start  954: GroupMeterEndpointTest.ModifyGroupRelaysA404WithItsOutcome
2026-09-27T16:02:13.4076683Z  954/1366 Test  #954: GroupMeterEndpointTest.ModifyGroupRelaysA404WithItsOutcome ..............................................   Passed    0.01 sec
2026-09-27T16:02:13.4079146Z           Start  955: GroupMeterEndpointTest.InstallGroupRelaysA409WithItsOutcome
2026-09-27T16:02:13.4211441Z  955/1366 Test  #955: GroupMeterEndpointTest.InstallGroupRelaysA409WithItsOutcome .............................................   Passed    0.01 sec
2026-09-27T16:02:13.4214172Z           Start  956: GroupMeterEndpointTest.DeleteMeterRelaysA404WithItsOutcome
2026-09-27T16:02:13.4349675Z  956/1366 Test  #956: GroupMeterEndpointTest.DeleteMeterRelaysA404WithItsOutcome ..............................................   Passed    0.01 sec
2026-09-27T16:02:13.4352770Z           Start  957: GroupMeterEndpointTest.ModifyMeterRelaysA404WithItsOutcome
2026-09-27T16:02:13.4487654Z  957/1366 Test  #957: GroupMeterEndpointTest.ModifyMeterRelaysA404WithItsOutcome ..............................................   Passed    0.01 sec
2026-09-27T16:02:13.4490518Z           Start  958: GroupMeterEndpointTest.InstallMeterRelaysA409WithItsOutcome
2026-09-27T16:02:13.4624928Z  958/1366 Test  #958: GroupMeterEndpointTest.InstallMeterRelaysA409WithItsOutcome .............................................   Passed    0.01 sec
2026-09-27T16:02:13.4627405Z           Start  959: GroupMeterEndpointTest.EachEndpointKeepsItsOwnSuccessSentenceAndCarriesTheOutcome
2026-09-27T16:02:13.4766978Z  959/1366 Test  #959: GroupMeterEndpointTest.EachEndpointKeepsItsOwnSuccessSentenceAndCarriesTheOutcome .......................   Passed    0.01 sec
2026-09-27T16:02:13.4769961Z           Start  960: GroupMeterEndpointTest.AnUnverifiedSuccessSaysSoRatherThanClaimingItWasDeleted
2026-09-27T16:02:13.4902112Z  960/1366 Test  #960: GroupMeterEndpointTest.AnUnverifiedSuccessSaysSoRatherThanClaimingItWasDeleted ..........................   Passed    0.01 sec
2026-09-27T16:02:13.4904973Z           Start  961: GroupMeterEndpointTest.AResultWithNoOutcomeStillAnswersTheOriginalThreeFieldFailureBody
2026-09-27T16:02:13.5038315Z  961/1366 Test  #961: GroupMeterEndpointTest.AResultWithNoOutcomeStillAnswersTheOriginalThreeFieldFailureBody .................   Passed    0.01 sec
2026-09-27T16:02:13.5041031Z           Start  962: GroupMeterEndpointTest.AP4RefusalIsStill501AndNamesItself
2026-09-27T16:02:13.5174511Z  962/1366 Test  #962: GroupMeterEndpointTest.AP4RefusalIsStill501AndNamesItself ...............................................   Passed    0.01 sec
2026-09-27T16:02:13.5177324Z           Start  963: GroupMeterEndpointTest.TheTwoDifferentNotFoundsAreDistinguishableInTheBody
2026-09-27T16:02:13.5311004Z  963/1366 Test  #963: GroupMeterEndpointTest.TheTwoDifferentNotFoundsAreDistinguishableInTheBody ..............................   Passed    0.01 sec
2026-09-27T16:02:13.5314411Z           Start  964: GroupMeterEndpointTest.InstallGroupRelaysA502WhenTheSwitchDidNotTakeIt
2026-09-27T16:02:13.5449563Z  964/1366 Test  #964: GroupMeterEndpointTest.InstallGroupRelaysA502WhenTheSwitchDidNotTakeIt ..................................   Passed    0.01 sec
2026-09-27T16:02:13.5452639Z           Start  965: HistoricalLoggingWiringTest.TheEventHandlerStoresTheHistoricalDataManagerItIsGiven
2026-09-27T16:02:13.5584983Z  965/1366 Test  #965: HistoricalLoggingWiringTest.TheEventHandlerStoresTheHistoricalDataManagerItIsGiven ......................   Passed    0.01 sec
2026-09-27T16:02:13.5587917Z           Start  966: HistoricalLoggingTest.DisablingLoggingStopsRowsBeingWritten
2026-09-27T16:02:13.5721953Z  966/1366 Test  #966: HistoricalLoggingTest.DisablingLoggingStopsRowsBeingWritten .............................................   Passed    0.01 sec
2026-09-27T16:02:13.5724603Z           Start  967: HistoricalLoggingTest.LoggingEnabledWritesOneRowPerEdge
2026-09-27T16:02:13.5859870Z  967/1366 Test  #967: HistoricalLoggingTest.LoggingEnabledWritesOneRowPerEdge .................................................   Passed    0.01 sec
2026-09-27T16:02:13.5862772Z           Start  968: HistoricalLoggingTest.ReEnablingLoggingResumesWriting
2026-09-27T16:02:13.5998500Z  968/1366 Test  #968: HistoricalLoggingTest.ReEnablingLoggingResumesWriting ...................................................   Passed    0.01 sec
2026-09-27T16:02:13.6001213Z           Start  969: HistoricalLoggingTest.TheWrittenRowCarriesTheEdgesBandwidthFigures
2026-09-27T16:02:13.6134043Z  969/1366 Test  #969: HistoricalLoggingTest.TheWrittenRowCarriesTheEdgesBandwidthFigures ......................................   Passed    0.01 sec
2026-09-27T16:02:13.6136900Z           Start  970: HistoricalLoggingTest.AnUnwritableDirectoryIsReportedRatherThanSilentlyLosingData
2026-09-27T16:02:13.6269509Z  970/1366 Test  #970: HistoricalLoggingTest.AnUnwritableDirectoryIsReportedRatherThanSilentlyLosingData .......................   Passed    0.01 sec
2026-09-27T16:02:13.6272800Z           Start  971: HistoricalLoggingTest.RepeatedFailuresAreReportedOnceNotOncePerInterval
2026-09-27T16:02:13.6405397Z  971/1366 Test  #971: HistoricalLoggingTest.RepeatedFailuresAreReportedOnceNotOncePerInterval .................................   Passed    0.01 sec
2026-09-27T16:02:13.6407824Z           Start  972: HistoricalLoggingTest.AFailureAfterARecoveryIsReportedAgain
2026-09-27T16:02:13.6544192Z  972/1366 Test  #972: HistoricalLoggingTest.AFailureAfterARecoveryIsReportedAgain .............................................   Passed    0.01 sec
2026-09-27T16:02:13.6547202Z           Start  973: HistoricalLoggingStartupTest.ConstructionDoesNotThrowWhenTheOutputDirectoryCannotBeMade
2026-09-27T16:02:13.6677654Z  973/1366 Test  #973: HistoricalLoggingStartupTest.ConstructionDoesNotThrowWhenTheOutputDirectoryCannotBeMade .................   Passed    0.01 sec
2026-09-27T16:02:13.6680501Z           Start  974: HistoricalLoggingModeGateTest.MininetReportsThatItCannotRecordRatherThanImplyingItDid
2026-09-27T16:02:13.6813154Z  974/1366 Test  #974: HistoricalLoggingModeGateTest.MininetReportsThatItCannotRecordRatherThanImplyingItDid ...................   Passed    0.01 sec
2026-09-27T16:02:13.6816255Z           Start  975: HistoricalLoggingReplyTest.MininetEnableIsNotAnsweredWithTheSameStatusFieldAsARealEnable
2026-09-27T16:02:13.6952461Z  975/1366 Test  #975: HistoricalLoggingReplyTest.MininetEnableIsNotAnsweredWithTheSameStatusFieldAsARealEnable ................   Passed    0.01 sec
2026-09-27T16:02:13.6955282Z           Start  976: HistoricalLoggingReplyTest.TheEnableReplyNamesTheReasonInAMachineReadableField
2026-09-27T16:02:13.7090447Z  976/1366 Test  #976: HistoricalLoggingReplyTest.TheEnableReplyNamesTheReasonInAMachineReadableField ..........................   Passed    0.01 sec
2026-09-27T16:02:13.7093492Z           Start  977: HistoricalLoggingReplyTest.AnUnstartedRecorderIsNotReportedAsRecordingEither
2026-09-27T16:02:13.7227841Z  977/1366 Test  #977: HistoricalLoggingReplyTest.AnUnstartedRecorderIsNotReportedAsRecordingEither ............................   Passed    0.01 sec
2026-09-27T16:02:13.7230435Z           Start  978: HistoricalLoggingReplyTest.DisablingIsStillAPlainSuccess
2026-09-27T16:02:13.7363908Z  978/1366 Test  #978: HistoricalLoggingReplyTest.DisablingIsStillAPlainSuccess ................................................   Passed    0.01 sec
2026-09-27T16:02:13.7367342Z           Start  979: HistoricalLoggingReplyTest.AnInvalidStateIsStillRejectedBeforeTheAvailabilityCheck
2026-09-27T16:02:13.7498569Z  979/1366 Test  #979: HistoricalLoggingReplyTest.AnInvalidStateIsStillRejectedBeforeTheAvailabilityCheck ......................   Passed    0.01 sec
2026-09-27T16:02:13.7501185Z           Start  980: HistoricalLoggingStateTest.StartInMininetLeavesTheObjectNotClaimingToBeRunning
2026-09-27T16:02:13.7632391Z  980/1366 Test  #980: HistoricalLoggingStateTest.StartInMininetLeavesTheObjectNotClaimingToBeRunning ..........................   Passed    0.01 sec
2026-09-27T16:02:13.7635170Z           Start  981: HistoricalLoggingStateTest.StartOutsideMininetIsStillTheThingThatMakesItRun
2026-09-27T16:02:13.7768673Z  981/1366 Test  #981: HistoricalLoggingStateTest.StartOutsideMininetIsStillTheThingThatMakesItRun .............................   Passed    0.01 sec
2026-09-27T16:02:13.7771987Z           Start  982: HistoricalLoggingStateTest.TheReportedStateDistinguishesTheFourReachableCauses
2026-09-27T16:02:13.7902939Z  982/1366 Test  #982: HistoricalLoggingStateTest.TheReportedStateDistinguishesTheFourReachableCauses ..........................   Passed    0.01 sec
2026-09-27T16:02:13.7905522Z           Start  983: CommandFailureTest.ACommandThatSucceedsIsReportedAsSuccess
2026-09-27T16:02:13.8051378Z  983/1366 Test  #983: CommandFailureTest.ACommandThatSucceedsIsReportedAsSuccess ..............................................   Passed    0.01 sec
2026-09-27T16:02:13.8054667Z           Start  984: CommandFailureTest.ACommandThatFailsIsReportedAsAFailure
2026-09-27T16:02:13.8199492Z  984/1366 Test  #984: CommandFailureTest.ACommandThatFailsIsReportedAsAFailure ................................................   Passed    0.01 sec
2026-09-27T16:02:13.8202232Z           Start  985: CommandFailureTest.TheExitCodeIsDecodedFromTheWaitStatusNotPrintedRaw
2026-09-27T16:02:13.8344382Z  985/1366 Test  #985: CommandFailureTest.TheExitCodeIsDecodedFromTheWaitStatusNotPrintedRaw ...................................   Passed    0.01 sec
2026-09-27T16:02:13.8347276Z           Start  986: CommandFailureTest.ACommandTheShellCannotRunIsNamedAsSuch
2026-09-27T16:02:13.8488830Z  986/1366 Test  #986: CommandFailureTest.ACommandTheShellCannotRunIsNamedAsSuch ...............................................   Passed    0.01 sec
2026-09-27T16:02:13.8491600Z           Start  987: CommandFailureTest.AChildThatCouldNotBeCreatedIsDistinguishedFromANonZeroExit
2026-09-27T16:02:13.8623965Z  987/1366 Test  #987: CommandFailureTest.AChildThatCouldNotBeCreatedIsDistinguishedFromANonZeroExit ...........................   Passed    0.01 sec
2026-09-27T16:02:13.8626682Z           Start  988: CommandFailureTest.ASignalledCommandIsReportedAsSignalledRatherThanAsAnExitCode
2026-09-27T16:02:13.8768630Z  988/1366 Test  #988: CommandFailureTest.ASignalledCommandIsReportedAsSignalledRatherThanAsAnExitCode .........................   Passed    0.01 sec
2026-09-27T16:02:13.8771199Z           Start  989: TopologyApiUrlTest.TheDefaultPollFollowsAppConfigRatherThanAHardCodedHost
2026-09-27T16:02:13.8901089Z  989/1366 Test  #989: TopologyApiUrlTest.TheDefaultPollFollowsAppConfigRatherThanAHardCodedHost ...............................   Passed    0.01 sec
2026-09-27T16:02:13.8904644Z           Start  990: TopologyApiUrlTest.TheDefaultPollIsTheAppConfigAddressWithTheTopologyPathAppended
2026-09-27T16:02:13.9035772Z  990/1366 Test  #990: TopologyApiUrlTest.TheDefaultPollIsTheAppConfigAddressWithTheTopologyPathAppended .......................   Passed    0.01 sec
2026-09-27T16:02:13.9038488Z           Start  991: TopologyApiUrlTest.ConfigureLeavesTheRyuDefaultAloneForANonBmv2Topology
2026-09-27T16:02:13.9167915Z  991/1366 Test  #991: TopologyApiUrlTest.ConfigureLeavesTheRyuDefaultAloneForANonBmv2Topology .................................   Passed    0.01 sec
2026-09-27T16:02:13.9170487Z           Start  992: TopologyApiUrlTest.SetTopologyApiUrlsOverridesAllThreeEndpoints
2026-09-27T16:02:13.9304115Z  992/1366 Test  #992: TopologyApiUrlTest.SetTopologyApiUrlsOverridesAllThreeEndpoints .........................................   Passed    0.01 sec
2026-09-27T16:02:13.9307243Z           Start  993: PathJsonTest.AMissingHostYieldsAnObjectNotAJsonStringValue
2026-09-27T16:02:13.9439628Z  993/1366 Test  #993: PathJsonTest.AMissingHostYieldsAnObjectNotAJsonStringValue ..............................................   Passed    0.01 sec
2026-09-27T16:02:13.9442661Z           Start  994: PathJsonTest.TheIntentTranslatorsRoundTripLeavesAnErrorClientReadable
2026-09-27T16:02:13.9575565Z  994/1366 Test  #994: PathJsonTest.TheIntentTranslatorsRoundTripLeavesAnErrorClientReadable ...................................   Passed    0.01 sec
2026-09-27T16:02:13.9578080Z           Start  995: PathJsonTest.TwoKnownHostsWithNoPathAlsoYieldAnObject
2026-09-27T16:02:13.9710681Z  995/1366 Test  #995: PathJsonTest.TwoKnownHostsWithNoPathAlsoYieldAnObject ...................................................   Passed    0.01 sec
2026-09-27T16:02:13.9713896Z           Start  996: PathJsonTest.TheNoPathErrorSurvivesTheCallersDumpAndReparse
2026-09-27T16:02:13.9844400Z  996/1366 Test  #996: PathJsonTest.TheNoPathErrorSurvivesTheCallersDumpAndReparse .............................................   Passed    0.01 sec
2026-09-27T16:02:13.9846871Z           Start  997: PathJsonTest.OnlyTheMissingHostIsNamed
2026-09-27T16:02:13.9979356Z  997/1366 Test  #997: PathJsonTest.OnlyTheMissingHostIsNamed ..................................................................   Passed    0.01 sec
2026-09-27T16:02:13.9982635Z           Start  998: SmartPlugFieldsTest.EachSwitchIsServedItsOwnPlugAssignment
2026-09-27T16:02:14.0345242Z  998/1366 Test  #998: SmartPlugFieldsTest.EachSwitchIsServedItsOwnPlugAssignment ..............................................   Passed    0.04 sec
2026-09-27T16:02:14.0347381Z           Start  999: SmartPlugFieldsTest.TheSwitchesDoNotAllShareOnePlug
2026-09-27T16:02:14.0706817Z  999/1366 Test  #999: SmartPlugFieldsTest.TheSwitchesDoNotAllShareOnePlug .....................................................   Passed    0.04 sec
2026-09-27T16:02:14.0709975Z           Start 1000: SmartPlugFieldsTest.ASwitchWithNoAssignmentIsServedAnEmptyOneRatherThanSomeoneElses
2026-09-27T16:02:14.1407626Z 1000/1366 Test #1000: SmartPlugFieldsTest.ASwitchWithNoAssignmentIsServedAnEmptyOneRatherThanSomeoneElses .....................   Passed    0.07 sec
2026-09-27T16:02:14.1411044Z           Start 1001: PathNodeParsingTest.AHopWithOnlyOneElementIsRefusedRatherThanReadPastTheEnd
2026-09-27T16:02:14.1541342Z 1001/1366 Test #1001: PathNodeParsingTest.AHopWithOnlyOneElementIsRefusedRatherThanReadPastTheEnd .............................   Passed    0.01 sec
2026-09-27T16:02:14.1544260Z           Start 1002: PathNodeParsingTest.AnEmptyHopIsRefused
2026-09-27T16:02:14.1673554Z 1002/1366 Test #1002: PathNodeParsingTest.AnEmptyHopIsRefused .................................................................   Passed    0.01 sec
2026-09-27T16:02:14.1675760Z           Start 1003: PathNodeParsingTest.AHopThatIsNotAnArrayIsRefused
2026-09-27T16:02:14.1808309Z 1003/1366 Test #1003: PathNodeParsingTest.AHopThatIsNotAnArrayIsRefused .......................................................   Passed    0.01 sec
2026-09-27T16:02:14.1810966Z           Start 1004: PathNodeParsingTest.AHostHopCarriesADottedAddress
2026-09-27T16:02:14.1944942Z 1004/1366 Test #1004: PathNodeParsingTest.AHostHopCarriesADottedAddress .......................................................   Passed    0.01 sec
2026-09-27T16:02:14.1947313Z           Start 1005: PathNodeParsingTest.ASwitchHopCarriesANumericId
2026-09-27T16:02:14.2080303Z 1005/1366 Test #1005: PathNodeParsingTest.ASwitchHopCarriesANumericId .........................................................   Passed    0.01 sec
2026-09-27T16:02:14.2083255Z           Start 1006: PathNodeParsingTest.AnInterfaceMayArriveAsAStringOrANumber
2026-09-27T16:02:14.2213478Z 1006/1366 Test #1006: PathNodeParsingTest.AnInterfaceMayArriveAsAStringOrANumber ..............................................   Passed    0.01 sec
2026-09-27T16:02:14.2215742Z           Start 1007: PathNodeParsingTest.ExtraElementsBeyondTheFirstTwoAreIgnored
2026-09-27T16:02:14.2345368Z 1007/1366 Test #1007: PathNodeParsingTest.ExtraElementsBeyondTheFirstTwoAreIgnored ............................................   Passed    0.01 sec
2026-09-27T16:02:14.2347675Z           Start 1008: PathNodeParsingTest.AnAddressThatIsNotAnAddressIsRefusedRatherThanThrown
2026-09-27T16:02:14.2482787Z 1008/1366 Test #1008: PathNodeParsingTest.AnAddressThatIsNotAnAddressIsRefusedRatherThanThrown ................................   Passed    0.01 sec
2026-09-27T16:02:14.2486435Z           Start 1009: PathNodeParsingTest.AnInterfaceStringThatIsNotANumberIsRefusedRatherThanThrown
2026-09-27T16:02:14.2616860Z 1009/1366 Test #1009: PathNodeParsingTest.AnInterfaceStringThatIsNotANumberIsRefusedRatherThanThrown ..........................   Passed    0.01 sec
2026-09-27T16:02:14.2619322Z           Start 1010: PathNodeParsingTest.AnInterfaceStringWithTrailingJunkIsRefused
2026-09-27T16:02:14.2747601Z 1010/1366 Test #1010: PathNodeParsingTest.AnInterfaceStringWithTrailingJunkIsRefused ..........................................   Passed    0.01 sec
2026-09-27T16:02:14.2750390Z           Start 1011: PathNodeParsingTest.NegativeIdentifiersAreRefusedRatherThanWrapped
2026-09-27T16:02:14.2878820Z 1011/1366 Test #1011: PathNodeParsingTest.NegativeIdentifiersAreRefusedRatherThanWrapped ......................................   Passed    0.01 sec
2026-09-27T16:02:14.2881329Z           Start 1012: PathNodeParsingTest.AHopFieldOfTheWrongTypeIsRefused
2026-09-27T16:02:14.3010871Z 1012/1366 Test #1012: PathNodeParsingTest.AHopFieldOfTheWrongTypeIsRefused ....................................................   Passed    0.01 sec
2026-09-27T16:02:14.3013287Z           Start 1013: DescribeCommandFailure.SuccessIsTheEmptyString
2026-09-27T16:02:14.3139609Z 1013/1366 Test #1013: DescribeCommandFailure.SuccessIsTheEmptyString ..........................................................   Passed    0.01 sec
2026-09-27T16:02:14.3142563Z           Start 1014: DescribeCommandFailure.MinusOneMeansTheChildWasNeverCreated
2026-09-27T16:02:14.3269581Z 1014/1366 Test #1014: DescribeCommandFailure.MinusOneMeansTheChildWasNeverCreated .............................................   Passed    0.01 sec
2026-09-27T16:02:14.3272618Z           Start 1015: DescribeCommandFailure.AWaitStatusIsDecodedNotEchoed
2026-09-27T16:02:14.3400398Z 1015/1366 Test #1015: DescribeCommandFailure.AWaitStatusIsDecodedNotEchoed ....................................................   Passed    0.01 sec
2026-09-27T16:02:14.3403072Z           Start 1016: DescribeCommandFailure.OneTwoSevenNamesTheShellNotTheCommand
2026-09-27T16:02:14.3530954Z 1016/1366 Test #1016: DescribeCommandFailure.OneTwoSevenNamesTheShellNotTheCommand ............................................   Passed    0.01 sec
2026-09-27T16:02:14.3533832Z           Start 1017: DescribeCommandFailure.ASignalIsReportedAsASignal
2026-09-27T16:02:14.3661512Z 1017/1366 Test #1017: DescribeCommandFailure.ASignalIsReportedAsASignal .......................................................   Passed    0.01 sec
2026-09-27T16:02:14.3664281Z           Start 1018: UnexportCommand.NamesExportfsAndTheFolder
2026-09-27T16:02:14.3792576Z 1018/1366 Test #1018: UnexportCommand.NamesExportfsAndTheFolder ...............................................................   Passed    0.01 sec
2026-09-27T16:02:14.3795108Z           Start 1019: UnexportCommand.AFolderContainingASpaceStaysOneArgument
2026-09-27T16:02:14.3922926Z 1019/1366 Test #1019: UnexportCommand.AFolderContainingASpaceStaysOneArgument .................................................   Passed    0.01 sec
2026-09-27T16:02:14.3925216Z           Start 1020: ExportsLine.StartsWithTheDirectoryAndASpace
2026-09-27T16:02:14.4053513Z 1020/1366 Test #1020: ExportsLine.StartsWithTheDirectoryAndASpace .............................................................   Passed    0.01 sec
2026-09-27T16:02:14.4056091Z           Start 1021: ExportsPurge.RemovesExactlyTheLineTheWriterWrote
2026-09-27T16:02:14.4211592Z 1021/1366 Test #1021: ExportsPurge.RemovesExactlyTheLineTheWriterWrote ........................................................   Passed    0.02 sec
2026-09-27T16:02:14.4214346Z           Start 1022: ExportsPurge.APrefixSiblingSurvives
2026-09-27T16:02:14.4370031Z 1022/1366 Test #1022: ExportsPurge.APrefixSiblingSurvives .....................................................................   Passed    0.02 sec
2026-09-27T16:02:14.4372776Z           Start 1023: ExportsPurge.ADotInTheExportRootIsNotAWildcard
2026-09-27T16:02:14.4528307Z 1023/1366 Test #1023: ExportsPurge.ADotInTheExportRootIsNotAWildcard ..........................................................   Passed    0.02 sec
2026-09-27T16:02:14.4530748Z           Start 1024: ExportsPurge.AMidlineMentionOfTheFolderIsNotItsLine
2026-09-27T16:02:14.4700016Z 1024/1366 Test #1024: ExportsPurge.AMidlineMentionOfTheFolderIsNotItsLine .....................................................   Passed    0.02 sec
2026-09-27T16:02:14.4704274Z           Start 1025: ExportsFileHasEntry.FindsExactlyTheFoldersOwnLine
2026-09-27T16:02:14.4834706Z 1025/1366 Test #1025: ExportsFileHasEntry.FindsExactlyTheFoldersOwnLine .......................................................   Passed    0.01 sec
2026-09-27T16:02:14.4837635Z           Start 1026: ExportsFileHasEntry.AMidlineMentionIsNotTheFoldersLine
2026-09-27T16:02:14.4968332Z 1026/1366 Test #1026: ExportsFileHasEntry.AMidlineMentionIsNotTheFoldersLine ..................................................   Passed    0.01 sec
2026-09-27T16:02:14.4970826Z           Start 1027: ExportsFileHasEntry.AFolderWhoseIdExtendsTheQueriedOneIsNotAMatch
2026-09-27T16:02:14.5100255Z 1027/1366 Test #1027: ExportsFileHasEntry.AFolderWhoseIdExtendsTheQueriedOneIsNotAMatch .......................................   Passed    0.01 sec
2026-09-27T16:02:14.5102590Z           Start 1028: ExportsFileHasEntry.AnUnreadableFileMeansAttemptCleanupAnyway
2026-09-27T16:02:14.5232777Z 1028/1366 Test #1028: ExportsFileHasEntry.AnUnreadableFileMeansAttemptCleanupAnyway ...........................................   Passed    0.01 sec
2026-09-27T16:02:14.5235176Z           Start 1029: OpenUpAppDirPermissions.MakesTheDirectoryWritableForSquashedClients
2026-09-27T16:02:14.5367793Z 1029/1366 Test #1029: OpenUpAppDirPermissions.MakesTheDirectoryWritableForSquashedClients .....................................   Passed    0.01 sec
2026-09-27T16:02:14.5370006Z           Start 1030: OpenUpAppDirPermissions.AMissingPathReportsFalseNotSuccess
2026-09-27T16:02:14.5499481Z 1030/1366 Test #1030: OpenUpAppDirPermissions.AMissingPathReportsFalseNotSuccess ..............................................   Passed    0.01 sec
2026-09-27T16:02:14.5501521Z           Start 1031: NonRootLifecycle.RegistrationProvisionsAWritableWorkspaceWithoutRoot
2026-09-27T16:02:14.5990484Z 1031/1366 Test #1031: NonRootLifecycle.RegistrationProvisionsAWritableWorkspaceWithoutRoot ....................................   Passed    0.05 sec
2026-09-27T16:02:14.5993310Z           Start 1032: SetupNFSForApp.AnAlreadyExistingDirectoryIsReusedAndItsPermissionsReapplied
2026-09-27T16:02:14.6130957Z 1032/1366 Test #1032: SetupNFSForApp.AnAlreadyExistingDirectoryIsReusedAndItsPermissionsReapplied .............................   Passed    0.01 sec
2026-09-27T16:02:14.6133443Z           Start 1033: SetupNFSForApp.AFreshDirectoryIsStillCreatedAndOpenedUp
2026-09-27T16:02:14.6270376Z 1033/1366 Test #1033: SetupNFSForApp.AFreshDirectoryIsStillCreatedAndOpenedUp .................................................   Passed    0.01 sec
2026-09-27T16:02:14.6273012Z           Start 1034: SetupNFSForApp.APathBlockedByARegularFileStillReportsFailure
2026-09-27T16:02:14.6408976Z 1034/1366 Test #1034: SetupNFSForApp.APathBlockedByARegularFileStillReportsFailure ............................................   Passed    0.01 sec
2026-09-27T16:02:14.6411540Z           Start 1035: SquashedClientContentFailure.TheRealObservedFailureIsRecognised
2026-09-27T16:02:14.6543695Z 1035/1366 Test #1035: SquashedClientContentFailure.TheRealObservedFailureIsRecognised .........................................   Passed    0.01 sec
2026-09-27T16:02:14.6546560Z           Start 1036: SquashedClientContentFailure.DeniedOnTheFolderItselfStaysAnError
2026-09-27T16:02:14.6679926Z 1036/1366 Test #1036: SquashedClientContentFailure.DeniedOnTheFolderItselfStaysAnError ........................................   Passed    0.01 sec
2026-09-27T16:02:14.6682585Z           Start 1037: SquashedClientContentFailure.AnotherAppsFolderIsNotThisOnesContents
2026-09-27T16:02:14.6813860Z 1037/1366 Test #1037: SquashedClientContentFailure.AnotherAppsFolderIsNotThisOnesContents .....................................   Passed    0.01 sec
2026-09-27T16:02:14.6816361Z           Start 1038: SquashedClientContentFailure.ADifferentErrorOnTheSamePathIsNotExcused
2026-09-27T16:02:14.6947497Z 1038/1366 Test #1038: SquashedClientContentFailure.ADifferentErrorOnTheSamePathIsNotExcused ...................................   Passed    0.01 sec
2026-09-27T16:02:14.6949919Z           Start 1039: SquashedClientContentFailure.AnEmptySecondPathIsNotEnoughToExcuseIt
2026-09-27T16:02:14.7079503Z 1039/1366 Test #1039: SquashedClientContentFailure.AnEmptySecondPathIsNotEnoughToExcuseIt .....................................   Passed    0.01 sec
2026-09-27T16:02:14.7082293Z           Start 1040: SquashedClientContentFailure.TrailingSlashesAndDotsDoNotChangeTheAnswer
2026-09-27T16:02:14.7212439Z 1040/1366 Test #1040: SquashedClientContentFailure.TrailingSlashesAndDotsDoNotChangeTheAnswer .................................   Passed    0.01 sec
2026-09-27T16:02:14.7215106Z           Start 1041: DataPlaneKindOrderingTest.StartLoadsTheStaticTopologyBeforeItReturns
2026-09-27T16:02:14.7380483Z 1041/1366 Test #1041: DataPlaneKindOrderingTest.StartLoadsTheStaticTopologyBeforeItReturns ....................................   Passed    0.02 sec
2026-09-27T16:02:14.7383424Z           Start 1042: DataPlaneKindOrderingTest.TheLoadRunsOnTheCallersThreadNotOnTheSpawnedPollThread
2026-09-27T16:02:14.7548182Z 1042/1366 Test #1042: DataPlaneKindOrderingTest.TheLoadRunsOnTheCallersThreadNotOnTheSpawnedPollThread ........................   Passed    0.02 sec
2026-09-27T16:02:14.7550581Z           Start 1043: DataPlaneKindOrderingTest.AVerdictTakenBeforeTheTopologyExistsIsNotCached
2026-09-27T16:02:14.7722372Z 1043/1366 Test #1043: DataPlaneKindOrderingTest.AVerdictTakenBeforeTheTopologyExistsIsNotCached ...............................   Passed    0.02 sec
2026-09-27T16:02:14.7724766Z           Start 1044: DataPlaneKindOrderingTest.TheStartupSequenceMainUsesYieldsABmv2Verdict
2026-09-27T16:02:14.7888564Z 1044/1366 Test #1044: DataPlaneKindOrderingTest.TheStartupSequenceMainUsesYieldsABmv2Verdict ..................................   Passed    0.02 sec
2026-09-27T16:02:14.7890995Z           Start 1045: TelemetryHealth.BeforeTheFirstWindowClosesTheAnswerIsUnknownNotOk
2026-09-27T16:02:14.8020746Z 1045/1366 Test #1045: TelemetryHealth.BeforeTheFirstWindowClosesTheAnswerIsUnknownNotOk .......................................   Passed    0.01 sec
2026-09-27T16:02:14.8023394Z           Start 1046: TelemetryHealth.AClosedWindowWithNoSamplesIsNotOk
2026-09-27T16:02:14.8151266Z 1046/1366 Test #1046: TelemetryHealth.AClosedWindowWithNoSamplesIsNotOk .......................................................   Passed    0.01 sec
2026-09-27T16:02:14.8153734Z           Start 1047: TelemetryHealth.SamplesWithNoDropsIsOk
2026-09-27T16:02:14.8283377Z 1047/1366 Test #1047: TelemetryHealth.SamplesWithNoDropsIsOk ..................................................................   Passed    0.01 sec
2026-09-27T16:02:14.8285922Z           Start 1048: TelemetryHealth.TheDenominatorIsSamplesPlusBothKindsOfDrop
2026-09-27T16:02:14.8413830Z 1048/1366 Test #1048: TelemetryHealth.TheDenominatorIsSamplesPlusBothKindsOfDrop ..............................................   Passed    0.01 sec
2026-09-27T16:02:14.8416115Z           Start 1049: TelemetryHealth.AppDropsAloneMoveTheVerdict
2026-09-27T16:02:14.8545143Z 1049/1366 Test #1049: TelemetryHealth.AppDropsAloneMoveTheVerdict .............................................................   Passed    0.01 sec
2026-09-27T16:02:14.8547742Z           Start 1050: TelemetryHealth.SmallLossIsReportedAsLossNotOk
2026-09-27T16:02:14.8676618Z 1050/1366 Test #1050: TelemetryHealth.SmallLossIsReportedAsLossNotOk ..........................................................   Passed    0.01 sec
2026-09-27T16:02:14.8678972Z           Start 1051: TelemetryHealth.OneLostSampleIsEnoughToLeaveOk
2026-09-27T16:02:14.8806385Z 1051/1366 Test #1051: TelemetryHealth.OneLostSampleIsEnoughToLeaveOk ..........................................................   Passed    0.01 sec
2026-09-27T16:02:14.8808901Z           Start 1052: TelemetryHealth.TheMeasuredSevereLossCellReadsSevere
2026-09-27T16:02:14.8937114Z 1052/1366 Test #1052: TelemetryHealth.TheMeasuredSevereLossCellReadsSevere ....................................................   Passed    0.01 sec
2026-09-27T16:02:14.8939462Z           Start 1053: TelemetryHealth.TheBandsAreOrderedAndDistinct
2026-09-27T16:02:14.9067397Z 1053/1366 Test #1053: TelemetryHealth.TheBandsAreOrderedAndDistinct ...........................................................   Passed    0.01 sec
2026-09-27T16:02:14.9070135Z           Start 1054: TelemetryHealth.TheWindowLengthIsCarriedThrough
2026-09-27T16:02:14.9199500Z 1054/1366 Test #1054: TelemetryHealth.TheWindowLengthIsCarriedThrough .........................................................   Passed    0.01 sec
2026-09-27T16:02:14.9202231Z           Start 1055: CloseOnExecSocketsTest.TheSflowReceiveSocketIsCloseOnExec
2026-09-27T16:02:14.9331202Z 1055/1366 Test #1055: CloseOnExecSocketsTest.TheSflowReceiveSocketIsCloseOnExec ...............................................   Passed    0.01 sec
2026-09-27T16:02:14.9333472Z           Start 1056: CloseOnExecSocketsTest.AChildCannotSeeTheSflowReceiveSocket
2026-09-27T16:02:14.9491208Z 1056/1366 Test #1056: CloseOnExecSocketsTest.AChildCannotSeeTheSflowReceiveSocket .............................................   Passed    0.02 sec
2026-09-27T16:02:14.9493778Z           Start 1057: CloseOnExecSocketsTest.TheProbeSeesASocketThatWasNotMarked
2026-09-27T16:02:14.9652563Z 1057/1366 Test #1057: CloseOnExecSocketsTest.TheProbeSeesASocketThatWasNotMarked ..............................................   Passed    0.02 sec
2026-09-27T16:02:14.9654758Z           Start 1058: CloseOnExecSocketsTest.TheApiAcceptorIsCloseOnExec
2026-09-27T16:02:14.9783035Z 1058/1366 Test #1058: CloseOnExecSocketsTest.TheApiAcceptorIsCloseOnExec ......................................................   Passed    0.01 sec
2026-09-27T16:02:14.9785379Z           Start 1059: CloseOnExecSocketsTest.AChildCannotSeeTheApiAcceptor
2026-09-27T16:02:14.9942736Z 1059/1366 Test #1059: CloseOnExecSocketsTest.AChildCannotSeeTheApiAcceptor ....................................................   Passed    0.02 sec
2026-09-27T16:02:14.9945011Z           Start 1060: CloseOnExecSocketsTest.AnAcceptedConnectionIsMarkedCloseOnExec
2026-09-27T16:02:15.0076214Z 1060/1366 Test #1060: CloseOnExecSocketsTest.AnAcceptedConnectionIsMarkedCloseOnExec ..........................................   Passed    0.01 sec
2026-09-27T16:02:15.0078689Z           Start 1061: CloseOnExecSocketsTest.AStartedServerHasACloseOnExecAcceptor
2026-09-27T16:02:15.0239434Z 1061/1366 Test #1061: CloseOnExecSocketsTest.AStartedServerHasACloseOnExecAcceptor ............................................   Passed    0.02 sec
2026-09-27T16:02:15.0242340Z           Start 1062: CloseOnExecSocketsTest.AConnectionAcceptedByTheRunningServerIsCloseOnExec
2026-09-27T16:02:15.0487078Z 1062/1366 Test #1062: CloseOnExecSocketsTest.AConnectionAcceptedByTheRunningServerIsCloseOnExec ...............................   Passed    0.02 sec
2026-09-27T16:02:15.0489546Z           Start 1063: CloseOnExecSocketsTest.ExecArgvChildDoesNotInheritAnUnmarkedDescriptor
2026-09-27T16:02:15.0653674Z 1063/1366 Test #1063: CloseOnExecSocketsTest.ExecArgvChildDoesNotInheritAnUnmarkedDescriptor ..................................   Passed    0.02 sec
2026-09-27T16:02:15.0656020Z           Start 1064: CloseOnExecSocketsTest.ExecArgvChildKeepsTheDescriptorsItNeeds
2026-09-27T16:02:15.0799810Z 1064/1366 Test #1064: CloseOnExecSocketsTest.ExecArgvChildKeepsTheDescriptorsItNeeds ..........................................   Passed    0.01 sec
2026-09-27T16:02:15.0802455Z           Start 1065: PortOwnershipMessageTest.OrphanedChildrenAreNotReportedAsAnotherKernel
2026-09-27T16:02:15.0931128Z 1065/1366 Test #1065: PortOwnershipMessageTest.OrphanedChildrenAreNotReportedAsAnotherKernel ..................................   Passed    0.01 sec
2026-09-27T16:02:15.0933845Z           Start 1066: PortOwnershipMessageTest.AnotherKernelIsNamedWhenOneIsActuallyHoldingThePort
2026-09-27T16:02:15.1066132Z 1066/1366 Test #1066: PortOwnershipMessageTest.AnotherKernelIsNamedWhenOneIsActuallyHoldingThePort ............................   Passed    0.01 sec
2026-09-27T16:02:15.1068626Z           Start 1067: PortOwnershipMessageTest.AnUnattributableHolderIsNotCalledAKernel
2026-09-27T16:02:15.1198253Z 1067/1366 Test #1067: PortOwnershipMessageTest.AnUnattributableHolderIsNotCalledAKernel .......................................   Passed    0.01 sec
2026-09-27T16:02:15.1200566Z           Start 1068: PortOwnershipMessageTest.NoSocketFoundSaysSoInsteadOfInventingAHolder
2026-09-27T16:02:15.1329988Z 1068/1366 Test #1068: PortOwnershipMessageTest.NoSocketFoundSaysSoInsteadOfInventingAHolder ...................................   Passed    0.01 sec
2026-09-27T16:02:15.1332905Z           Start 1069: PortOwnershipMessageTest.TheProcScanFindsThisProcessHoldingItsOwnPort
2026-09-27T16:02:15.1586500Z 1069/1366 Test #1069: PortOwnershipMessageTest.TheProcScanFindsThisProcessHoldingItsOwnPort ...................................   Passed    0.03 sec
2026-09-27T16:02:15.1589212Z           Start 1070: PortOwnershipMessageTest.TheSflowBindFailureNamesTheRealHolderRatherThanBlamingAKernel
2026-09-27T16:02:15.1748418Z 1070/1366 Test #1070: PortOwnershipMessageTest.TheSflowBindFailureNamesTheRealHolderRatherThanBlamingAKernel ..................   Passed    0.02 sec
2026-09-27T16:02:15.1750999Z           Start 1071: PollDoesNotResurrectTest.ACommandedPowerOffSurvivesTheNextPollThatStillListsTheSwitch
2026-09-27T16:02:15.1916568Z 1071/1366 Test #1071: PollDoesNotResurrectTest.ACommandedPowerOffSurvivesTheNextPollThatStillListsTheSwitch ...................   Passed    0.02 sec
2026-09-27T16:02:15.1918553Z           Start 1072: PollDoesNotResurrectTest.EveryLaterPollDeclinesToo
2026-09-27T16:02:15.2086518Z 1072/1366 Test #1072: PollDoesNotResurrectTest.EveryLaterPollDeclinesToo ......................................................   Passed    0.02 sec
2026-09-27T16:02:15.2088713Z           Start 1073: PollDoesNotResurrectTest.DiscoveryStillEnablesACommandedOffSwitch
2026-09-27T16:02:15.2253379Z 1073/1366 Test #1073: PollDoesNotResurrectTest.DiscoveryStillEnablesACommandedOffSwitch .......................................   Passed    0.02 sec
2026-09-27T16:02:15.2255720Z           Start 1074: PollDoesNotResurrectTest.DiscoveryStillMarksAnUncommandedSwitchUp
2026-09-27T16:02:15.2422877Z 1074/1366 Test #1074: PollDoesNotResurrectTest.DiscoveryStillMarksAnUncommandedSwitchUp .......................................   Passed    0.02 sec
2026-09-27T16:02:15.2424965Z           Start 1075: PollDoesNotResurrectTest.APowerOnLetsDiscoveryLiftTheSwitchAgain
2026-09-27T16:02:15.2587767Z 1075/1366 Test #1075: PollDoesNotResurrectTest.APowerOnLetsDiscoveryLiftTheSwitchAgain ........................................   Passed    0.02 sec
2026-09-27T16:02:15.2590044Z           Start 1076: PollDoesNotResurrectTest.TheLivenessWorkersUpDoesNotWithdrawTheCommand
2026-09-27T16:02:15.2751994Z 1076/1366 Test #1076: PollDoesNotResurrectTest.TheLivenessWorkersUpDoesNotWithdrawTheCommand ..................................   Passed    0.02 sec
2026-09-27T16:02:15.2754332Z           Start 1077: PollDoesNotResurrectTest.PowerOffActuatesEvenWhenTheGraphAlreadySaysDown
2026-09-27T16:02:15.2920814Z 1077/1366 Test #1077: PollDoesNotResurrectTest.PowerOffActuatesEvenWhenTheGraphAlreadySaysDown ................................   Passed    0.02 sec
2026-09-27T16:02:15.2923413Z           Start 1078: PollDoesNotResurrectTest.PowerOnActuatesWhenACommandedOffIsStillStanding
2026-09-27T16:02:15.3090417Z 1078/1366 Test #1078: PollDoesNotResurrectTest.PowerOnActuatesWhenACommandedOffIsStillStanding ................................   Passed    0.02 sec
2026-09-27T16:02:15.3092963Z           Start 1079: PollDoesNotResurrectTest.AnAlreadyUpUncommandedPowerOnStillRunsNoCommands
2026-09-27T16:02:15.3260470Z 1079/1366 Test #1079: PollDoesNotResurrectTest.AnAlreadyUpUncommandedPowerOnStillRunsNoCommands ...............................   Passed    0.02 sec
2026-09-27T16:02:15.3263025Z           Start 1080: PollDoesNotResurrectTest.AnOvsPowerOffAlsoSurvivesThePoll
2026-09-27T16:02:15.3437519Z 1080/1366 Test #1080: PollDoesNotResurrectTest.AnOvsPowerOffAlsoSurvivesThePoll ...............................................   Passed    0.02 sec
2026-09-27T16:02:15.3440025Z           Start 1081: PollDoesNotResurrectTest.ARedundantOvsPowerOffIsStillRecordedAsACommand
2026-09-27T16:02:15.3612703Z 1081/1366 Test #1081: PollDoesNotResurrectTest.ARedundantOvsPowerOffIsStillRecordedAsACommand .................................   Passed    0.02 sec
2026-09-27T16:02:15.3615038Z           Start 1082: PollDoesNotResurrectTest.TheEmittedVertexShapeCarriesAdminStateAndReachable
2026-09-27T16:02:15.3789413Z 1082/1366 Test #1082: PollDoesNotResurrectTest.TheEmittedVertexShapeCarriesAdminStateAndReachable .............................   Passed    0.02 sec
2026-09-27T16:02:15.3792227Z           Start 1083: DeclaredLinkFailureTest.ADeclaredLinkFailureSurvivesATopologyPoll
2026-09-27T16:02:15.4368222Z 1083/1366 Test #1083: DeclaredLinkFailureTest.ADeclaredLinkFailureSurvivesATopologyPoll .......................................   Passed    0.06 sec
2026-09-27T16:02:15.4377721Z           Start 1084: DeclaredLinkFailureTest.EveryLaterPollDeclinesTheDeclaredLinkToo
2026-09-27T16:02:15.4959650Z 1084/1366 Test #1084: DeclaredLinkFailureTest.EveryLaterPollDeclinesTheDeclaredLinkToo ........................................   Passed    0.06 sec
2026-09-27T16:02:15.4962217Z           Start 1085: DeclaredLinkFailureTest.APollStillRaisesALinkNobodyDeclaredDown
2026-09-27T16:02:15.5535043Z 1085/1366 Test #1085: DeclaredLinkFailureTest.APollStillRaisesALinkNobodyDeclaredDown .........................................   Passed    0.06 sec
2026-09-27T16:02:15.5538409Z           Start 1086: DeclaredLinkFailureTest.ALinkThatCameBackInRyuIsRaisedAgainAfterRecovery
2026-09-27T16:02:15.6114652Z 1086/1366 Test #1086: DeclaredLinkFailureTest.ALinkThatCameBackInRyuIsRaisedAgainAfterRecovery ................................   Passed    0.06 sec
2026-09-27T16:02:15.6117323Z           Start 1087: DeclaredLinkFailureTest.ADeclaredRecoveryLetsThePollRaiseTheEdgeAgain
2026-09-27T16:02:15.6689755Z 1087/1366 Test #1087: DeclaredLinkFailureTest.ADeclaredRecoveryLetsThePollRaiseTheEdgeAgain ...................................   Passed    0.06 sec
2026-09-27T16:02:15.6692620Z           Start 1088: DeclaredLinkFailureTest.ADeclaredDownEdgeIsStillAdministrativelyEnabled
2026-09-27T16:02:15.7260345Z 1088/1366 Test #1088: DeclaredLinkFailureTest.ADeclaredDownEdgeIsStillAdministrativelyEnabled .................................   Passed    0.06 sec
2026-09-27T16:02:15.7263134Z           Start 1089: DeclaredLinkFailureTest.ADerivedDownEdgeIsStillRaisedWhenTheSwitchComesBack
2026-09-27T16:02:15.7834872Z 1089/1366 Test #1089: DeclaredLinkFailureTest.ADerivedDownEdgeIsStillRaisedWhenTheSwitchComesBack .............................   Passed    0.06 sec
2026-09-27T16:02:15.7837630Z           Start 1090: DeclaredLinkFailureTest.ObservationWritersNeitherSetNorClearTheDeclaration
2026-09-27T16:02:15.8403626Z 1090/1366 Test #1090: DeclaredLinkFailureTest.ObservationWritersNeitherSetNorClearTheDeclaration ..............................   Passed    0.06 sec
2026-09-27T16:02:15.8406164Z           Start 1091: DeclaredLinkFailureTest.ADeclaredEdgeBehindADeadSwitchStillReadsDeclared
2026-09-27T16:02:15.8977998Z 1091/1366 Test #1091: DeclaredLinkFailureTest.ADeclaredEdgeBehindADeadSwitchStillReadsDeclared ................................   Passed    0.06 sec
2026-09-27T16:02:15.8980249Z           Start 1092: DeclaredLinkFailureTest.ARediscoveryDoesNotWithdrawADeclarationNothingReportedBroken
2026-09-27T16:02:15.9546287Z 1092/1366 Test #1092: DeclaredLinkFailureTest.ARediscoveryDoesNotWithdrawADeclarationNothingReportedBroken ....................   Passed    0.06 sec
2026-09-27T16:02:15.9548706Z           Start 1093: DeclaredLinkFailureTest.AReportedFailureIsWithdrawnByItsMatchingRecovery
2026-09-27T16:02:16.0117129Z 1093/1366 Test #1093: DeclaredLinkFailureTest.AReportedFailureIsWithdrawnByItsMatchingRecovery ................................   Passed    0.06 sec
2026-09-27T16:02:16.0119785Z           Start 1094: DeclaredLinkFailureTest.ARecoveryReportIsSpentAndDoesNotWithdrawTheNextDeclaration
2026-09-27T16:02:16.0688810Z 1094/1366 Test #1094: DeclaredLinkFailureTest.ARecoveryReportIsSpentAndDoesNotWithdrawTheNextDeclaration ......................   Passed    0.06 sec
2026-09-27T16:02:16.0690687Z           Start 1095: DeclaredLinkFailureTest.ARecoveryStillRaisesAnEdgeNobodyDeclaredDown
2026-09-27T16:02:16.1256199Z 1095/1366 Test #1095: DeclaredLinkFailureTest.ARecoveryStillRaisesAnEdgeNobodyDeclaredDown ....................................   Passed    0.06 sec
2026-09-27T16:02:16.1258618Z           Start 1096: DeclaredLinkFailureTest.TheInjectionWithdrawalNeedsNoReportToPairWith
2026-09-27T16:02:16.1830680Z 1096/1366 Test #1096: DeclaredLinkFailureTest.TheInjectionWithdrawalNeedsNoReportToPairWith ...................................   Passed    0.06 sec
2026-09-27T16:02:16.1832645Z           Start 1097: DeclaredLinkFailureTest.TheInjectionWithdrawalAlsoSpendsAStandingReport
2026-09-27T16:02:16.2403275Z 1097/1366 Test #1097: DeclaredLinkFailureTest.TheInjectionWithdrawalAlsoSpendsAStandingReport .................................   Passed    0.06 sec
2026-09-27T16:02:16.2405493Z           Start 1098: DeclaredLinkFailureTest.ObservationWritersNeitherSetNorClearTheFailureReport
2026-09-27T16:02:16.2972533Z 1098/1366 Test #1098: DeclaredLinkFailureTest.ObservationWritersNeitherSetNorClearTheFailureReport ............................   Passed    0.06 sec
2026-09-27T16:02:16.2974583Z           Start 1099: DeclaredLinkFailureTest.AReportedFailureStillSurvivesATopologyPoll
2026-09-27T16:02:16.3543357Z 1099/1366 Test #1099: DeclaredLinkFailureTest.AReportedFailureStillSurvivesATopologyPoll ......................................   Passed    0.06 sec
2026-09-27T16:02:16.3546236Z           Start 1100: DeclaredLinkFailureTest.ThePollPointsAnInjectedDeclarationAtTheInjectionEndpoint
2026-09-27T16:02:16.4116143Z 1100/1366 Test #1100: DeclaredLinkFailureTest.ThePollPointsAnInjectedDeclarationAtTheInjectionEndpoint ........................   Passed    0.06 sec
2026-09-27T16:02:16.4118226Z           Start 1101: DeclaredLinkFailureTest.ThePollStillPointsAReportedFailureAtTheNotificationEndpoint
2026-09-27T16:02:16.4688788Z 1101/1366 Test #1101: DeclaredLinkFailureTest.ThePollStillPointsAReportedFailureAtTheNotificationEndpoint .....................   Passed    0.06 sec
2026-09-27T16:02:16.4690703Z           Start 1102: TopologyInputValidationTest.AnEdgeNamingADpidNoSwitchHasIsRefused
2026-09-27T16:02:16.4902367Z 1102/1366 Test #1102: TopologyInputValidationTest.AnEdgeNamingADpidNoSwitchHasIsRefused .......................................   Passed    0.02 sec
2026-09-27T16:02:16.4904195Z           Start 1103: TopologyInputValidationTest.TheRefusalNamesTheDpidThatMatchedNothing
2026-09-27T16:02:16.5114728Z 1103/1366 Test #1103: TopologyInputValidationTest.TheRefusalNamesTheDpidThatMatchedNothing ....................................   Passed    0.02 sec
2026-09-27T16:02:16.5116648Z           Start 1104: TopologyInputValidationTest.AGhostDpidEdgeLeavesNoPartiallyLoadedGraph
2026-09-27T16:02:16.5327055Z 1104/1366 Test #1104: TopologyInputValidationTest.AGhostDpidEdgeLeavesNoPartiallyLoadedGraph ..................................   Passed    0.02 sec
2026-09-27T16:02:16.5328952Z           Start 1105: TopologyInputValidationTest.AHostEdgeWhoseAddressMatchesNoNodeIsRefused
2026-09-27T16:02:16.5539684Z 1105/1366 Test #1105: TopologyInputValidationTest.AHostEdgeWhoseAddressMatchesNoNodeIsRefused .................................   Passed    0.02 sec
2026-09-27T16:02:16.5541590Z           Start 1106: TopologyInputValidationTest.AZeroInterfaceOnTheSwitchSideIsRefused
2026-09-27T16:02:16.5747739Z 1106/1366 Test #1106: TopologyInputValidationTest.AZeroInterfaceOnTheSwitchSideIsRefused ......................................   Passed    0.02 sec
2026-09-27T16:02:16.5749784Z           Start 1107: TopologyInputValidationTest.ASixDigitInterfaceIsRefused
2026-09-27T16:02:16.5954082Z 1107/1366 Test #1107: TopologyInputValidationTest.ASixDigitInterfaceIsRefused .................................................   Passed    0.02 sec
2026-09-27T16:02:16.5956336Z           Start 1108: TopologyInputValidationTest.TheRefusalNamesTheInterfaceThatWasOutOfRange
2026-09-27T16:02:16.6156170Z 1108/1366 Test #1108: TopologyInputValidationTest.TheRefusalNamesTheInterfaceThatWasOutOfRange ................................   Passed    0.02 sec
2026-09-27T16:02:16.6158173Z           Start 1109: TopologyInputValidationTest.ADestinationInterfaceIsCheckedToo
2026-09-27T16:02:16.6359456Z 1109/1366 Test #1109: TopologyInputValidationTest.ADestinationInterfaceIsCheckedToo ...........................................   Passed    0.02 sec
2026-09-27T16:02:16.6361960Z           Start 1110: TopologyInputValidationTest.TheLargestInRangeInterfaceIsAccepted
2026-09-27T16:02:16.6584133Z 1110/1366 Test #1110: TopologyInputValidationTest.TheLargestInRangeInterfaceIsAccepted ........................................   Passed    0.02 sec
2026-09-27T16:02:16.6586232Z           Start 1111: TopologyInputValidationTest.OneAboveTheLargestInRangeInterfaceIsRefused
2026-09-27T16:02:16.6789617Z 1111/1366 Test #1111: TopologyInputValidationTest.OneAboveTheLargestInRangeInterfaceIsRefused .................................   Passed    0.02 sec
2026-09-27T16:02:16.6791522Z           Start 1112: TopologyInputValidationTest.TheSmallestInRangeSwitchInterfaceIsAccepted
2026-09-27T16:02:16.7016502Z 1112/1366 Test #1112: TopologyInputValidationTest.TheSmallestInRangeSwitchInterfaceIsAccepted .................................   Passed    0.02 sec
2026-09-27T16:02:16.7018672Z           Start 1113: TopologyInputValidationTest.AZeroInterfaceOnTheHostSideIsStillAccepted
2026-09-27T16:02:16.7245586Z 1113/1366 Test #1113: TopologyInputValidationTest.AZeroInterfaceOnTheHostSideIsStillAccepted ..................................   Passed    0.02 sec
2026-09-27T16:02:16.7247674Z           Start 1114: TopologyInputValidationTest.EveryShippedTopologyStillLoadsWithNothingDropped
2026-09-27T16:02:17.0750668Z 1114/1366 Test #1114: TopologyInputValidationTest.EveryShippedTopologyStillLoadsWithNothingDropped ............................   Passed    0.35 sec
2026-09-27T16:02:17.0753255Z           Start 1115: TopologyInputValidationTest.TheTwoMininetCapableTopologiesStillLoadInMininetMode
2026-09-27T16:02:17.1073967Z 1115/1366 Test #1115: TopologyInputValidationTest.TheTwoMininetCapableTopologiesStillLoadInMininetMode ........................   Passed    0.03 sec
2026-09-27T16:02:17.1076852Z           Start 1116: TopologyInputValidationTest.AMalformedSwitchKindLeavesNoPartiallyLoadedGraph
2026-09-27T16:02:17.1277843Z 1116/1366 Test #1116: TopologyInputValidationTest.AMalformedSwitchKindLeavesNoPartiallyLoadedGraph ............................   Passed    0.02 sec
2026-09-27T16:02:17.1280268Z           Start 1117: TopologyInputValidationTest.AnAddresslessSwitchLeavesNoPartiallyLoadedGraph
2026-09-27T16:02:17.1483201Z 1117/1366 Test #1117: TopologyInputValidationTest.AnAddresslessSwitchLeavesNoPartiallyLoadedGraph .............................   Passed    0.02 sec
2026-09-27T16:02:17.1486419Z           Start 1118: TopologyInputValidationTest.AMissingBridgeNameInMininetLeavesNoPartiallyLoadedGraph
2026-09-27T16:02:17.1690587Z 1118/1366 Test #1118: TopologyInputValidationTest.AMissingBridgeNameInMininetLeavesNoPartiallyLoadedGraph .....................   Passed    0.02 sec
2026-09-27T16:02:17.1692426Z           Start 1119: TopologyInputValidationTest.AMissingBridgeNameIsNotCheckedInTestbedMode
2026-09-27T16:02:17.1919850Z 1119/1366 Test #1119: TopologyInputValidationTest.AMissingBridgeNameIsNotCheckedInTestbedMode .................................   Passed    0.02 sec
2026-09-27T16:02:17.1921821Z           Start 1120: TopologyInputValidationTest.AnOutOfRangeEcmpPortIdIsRefusedAtLoad
2026-09-27T16:02:17.2124299Z 1120/1366 Test #1120: TopologyInputValidationTest.AnOutOfRangeEcmpPortIdIsRefusedAtLoad .......................................   Passed    0.02 sec
2026-09-27T16:02:17.2126496Z           Start 1121: TopologyInputValidationTest.AZeroEcmpPortIdIsRefusedAtLoad
2026-09-27T16:02:17.2329006Z 1121/1366 Test #1121: TopologyInputValidationTest.AZeroEcmpPortIdIsRefusedAtLoad ..............................................   Passed    0.02 sec
2026-09-27T16:02:17.2331187Z           Start 1122: TopologyInputValidationTest.ANegativeEcmpPortIdIsRefusedAtLoad
2026-09-27T16:02:17.2535114Z 1122/1366 Test #1122: TopologyInputValidationTest.ANegativeEcmpPortIdIsRefusedAtLoad ..........................................   Passed    0.02 sec
2026-09-27T16:02:17.2537223Z           Start 1123: TopologyInputValidationTest.TheLargestInRangeEcmpPortIdIsAccepted
2026-09-27T16:02:17.2763622Z 1123/1366 Test #1123: TopologyInputValidationTest.TheLargestInRangeEcmpPortIdIsAccepted .......................................   Passed    0.02 sec
2026-09-27T16:02:17.2765717Z           Start 1124: TopologyInputValidationTest.FromJsonHasNoProductionCallers
2026-09-27T16:02:17.2976060Z 1124/1366 Test #1124: TopologyInputValidationTest.FromJsonHasNoProductionCallers ..............................................   Passed    0.02 sec
2026-09-27T16:02:17.2977933Z           Start 1125: TopologyInputValidationTest.AnAddresslessHostLeavesNoPartiallyLoadedGraph
2026-09-27T16:02:17.3184337Z 1125/1366 Test #1125: TopologyInputValidationTest.AnAddresslessHostLeavesNoPartiallyLoadedGraph ...............................   Passed    0.02 sec
2026-09-27T16:02:17.3186381Z           Start 1126: TopologyInputValidationTest.TheAddresslessHostRefusalNamesTheHost
2026-09-27T16:02:17.3392223Z 1126/1366 Test #1126: TopologyInputValidationTest.TheAddresslessHostRefusalNamesTheHost .......................................   Passed    0.02 sec
2026-09-27T16:02:17.3394325Z           Start 1127: TopologyInputValidationTest.AnExistingHostLosingItsAddressNowNamesTheHostNotTheEdge
2026-09-27T16:02:17.3599110Z 1127/1366 Test #1127: TopologyInputValidationTest.AnExistingHostLosingItsAddressNowNamesTheHostNotTheEdge .....................   Passed    0.02 sec
2026-09-27T16:02:17.3601216Z           Start 1128: TopologyInputValidationTest.AHostWithNoIpKeyAtAllIsRefusedInPlainLanguage
2026-09-27T16:02:17.3807700Z 1128/1366 Test #1128: TopologyInputValidationTest.AHostWithNoIpKeyAtAllIsRefusedInPlainLanguage ...............................   Passed    0.02 sec
2026-09-27T16:02:17.3809409Z           Start 1129: TopologyInputValidationTest.AHostWhoseIpIsNotAnArrayIsRefusedInPlainLanguage
2026-09-27T16:02:17.4016891Z 1129/1366 Test #1129: TopologyInputValidationTest.AHostWhoseIpIsNotAnArrayIsRefusedInPlainLanguage ............................   Passed    0.02 sec
2026-09-27T16:02:17.4018147Z           Start 1130: TopologyInputValidationTest.AnUnknownBrandNameLeavesNoPartiallyLoadedGraph
2026-09-27T16:02:17.4223059Z 1130/1366 Test #1130: TopologyInputValidationTest.AnUnknownBrandNameLeavesNoPartiallyLoadedGraph ..............................   Passed    0.02 sec
2026-09-27T16:02:17.4224333Z           Start 1131: TopologyInputValidationTest.AFabricEntirelyOfAnUnknownBrandIsStillRefused
2026-09-27T16:02:17.4426579Z 1131/1366 Test #1131: TopologyInputValidationTest.AFabricEntirelyOfAnUnknownBrandIsStillRefused ...............................   Passed    0.02 sec
2026-09-27T16:02:17.4428355Z           Start 1132: TopologyInputValidationTest.TheUnknownBrandRefusalNamesTheBrandAndTheAcceptedOnes
2026-09-27T16:02:17.4635530Z 1132/1366 Test #1132: TopologyInputValidationTest.TheUnknownBrandRefusalNamesTheBrandAndTheAcceptedOnes .......................   Passed    0.02 sec
2026-09-27T16:02:17.4637903Z           Start 1133: TopologyInputValidationTest.TheUnknownBrandRefusalDoesNotSuggestAllowingMixedDataPlanes
2026-09-27T16:02:17.4842349Z 1133/1366 Test #1133: TopologyInputValidationTest.TheUnknownBrandRefusalDoesNotSuggestAllowingMixedDataPlanes .................   Passed    0.02 sec
2026-09-27T16:02:17.4844265Z           Start 1134: TopologyInputValidationTest.ASwitchWithNoBrandNameIsRefusedInPlainLanguage
2026-09-27T16:02:17.5045714Z 1134/1366 Test #1134: TopologyInputValidationTest.ASwitchWithNoBrandNameIsRefusedInPlainLanguage ..............................   Passed    0.02 sec
2026-09-27T16:02:17.5047578Z           Start 1135: TopologyInputValidationTest.EveryBrandTheShippedFleetNamesIsAccepted
2026-09-27T16:02:17.7314621Z 1135/1366 Test #1135: TopologyInputValidationTest.EveryBrandTheShippedFleetNamesIsAccepted ....................................   Passed    0.23 sec
2026-09-27T16:02:17.7316327Z           Start 1136: TopologyInputValidationTest.AHostBrandNameIsNotChecked
2026-09-27T16:02:17.7544018Z 1136/1366 Test #1136: TopologyInputValidationTest.AHostBrandNameIsNotChecked ..................................................   Passed    0.02 sec
2026-09-27T16:02:17.7545650Z           Start 1137: TopologyInputValidationTest.TheAcceptedBrandListCoversEveryBrandTheCodeBranchesOn
2026-09-27T16:02:17.7695532Z 1137/1366 Test #1137: TopologyInputValidationTest.TheAcceptedBrandListCoversEveryBrandTheCodeBranchesOn .......................   Passed    0.01 sec
2026-09-27T16:02:17.7697485Z           Start 1138: TopologyInputValidationTest.AnUnknownBrandWithAnExplicitSwitchKindIsAccepted
2026-09-27T16:02:17.7926679Z 1138/1366 Test #1138: TopologyInputValidationTest.AnUnknownBrandWithAnExplicitSwitchKindIsAccepted ............................   Passed    0.02 sec
2026-09-27T16:02:17.7928650Z           Start 1139: TopologyInputValidationTest.TheExemptedSwitchIsMarkedAsHavingNoPowerOrTelemetryPath
2026-09-27T16:02:17.8154381Z 1139/1366 Test #1139: TopologyInputValidationTest.TheExemptedSwitchIsMarkedAsHavingNoPowerOrTelemetryPath .....................   Passed    0.02 sec
2026-09-27T16:02:17.8156344Z           Start 1140: TopologyInputValidationTest.TheExemptionIsPerNodeAndDoesNotUnmarkItsNeighbours
2026-09-27T16:02:17.8378943Z 1140/1366 Test #1140: TopologyInputValidationTest.TheExemptionIsPerNodeAndDoesNotUnmarkItsNeighbours ..........................   Passed    0.02 sec
2026-09-27T16:02:17.8380688Z           Start 1141: TopologyInputValidationTest.EveryAcceptedBrandCarriesAPowerPathThatIsNotNone
2026-09-27T16:02:17.8919375Z 1141/1366 Test #1141: TopologyInputValidationTest.EveryAcceptedBrandCarriesAPowerPathThatIsNotNone ............................   Passed    0.05 sec
2026-09-27T16:02:17.8922396Z           Start 1142: TopologyInputValidationTest.TheStaticTopologyEndpointPublishesTheUnmanagedMark
2026-09-27T16:02:17.9166038Z 1142/1366 Test #1142: TopologyInputValidationTest.TheStaticTopologyEndpointPublishesTheUnmanagedMark ..........................   Passed    0.02 sec
2026-09-27T16:02:17.9168012Z           Start 1143: TopologyInputValidationTest.TheUnknownBrandRefusalSaysHowToModelAnUnsupportedSwitch
2026-09-27T16:02:17.9369380Z 1143/1366 Test #1143: TopologyInputValidationTest.TheUnknownBrandRefusalSaysHowToModelAnUnsupportedSwitch .....................   Passed    0.02 sec
2026-09-27T16:02:17.9371086Z           Start 1144: TopologyInputValidationTest.ASwitchWithASwitchKindStillNeedsABrandName
2026-09-27T16:02:17.9575049Z 1144/1366 Test #1144: TopologyInputValidationTest.ASwitchWithASwitchKindStillNeedsABrandName ..................................   Passed    0.02 sec
2026-09-27T16:02:17.9576862Z           Start 1145: TopologyInputValidationTest.AnUnknownBrandWithAMalformedSwitchKindIsStillRefused
2026-09-27T16:02:17.9779796Z 1145/1366 Test #1145: TopologyInputValidationTest.AnUnknownBrandWithAMalformedSwitchKindIsStillRefused ........................   Passed    0.02 sec
2026-09-27T16:02:17.9781529Z           Start 1146: TopologyInputValidationTest.AMixedDataPlaneTopologyIsRefusedAtLoad
2026-09-27T16:02:17.9987758Z 1146/1366 Test #1146: TopologyInputValidationTest.AMixedDataPlaneTopologyIsRefusedAtLoad ......................................   Passed    0.02 sec
2026-09-27T16:02:17.9989731Z           Start 1147: TopologyInputValidationTest.TheMixedDataPlaneRefusalNamesBothPlanesAndTheirDpids
2026-09-27T16:02:18.0193717Z 1147/1366 Test #1147: TopologyInputValidationTest.TheMixedDataPlaneRefusalNamesBothPlanesAndTheirDpids ........................   Passed    0.02 sec
2026-09-27T16:02:18.0195578Z           Start 1148: TopologyInputValidationTest.AMixedDataPlaneTopologyLoadsWhenTheFlagIsSet
2026-09-27T16:02:18.0423319Z 1148/1366 Test #1148: TopologyInputValidationTest.AMixedDataPlaneTopologyLoadsWhenTheFlagIsSet ................................   Passed    0.02 sec
2026-09-27T16:02:18.0424947Z           Start 1149: TopologyInputValidationTest.ASwitchlessTopologyIsRefusedAtLoad
2026-09-27T16:02:18.0599547Z 1149/1366 Test #1149: TopologyInputValidationTest.ASwitchlessTopologyIsRefusedAtLoad ..........................................   Passed    0.02 sec
2026-09-27T16:02:18.0601475Z           Start 1150: TopologyInputValidationTest.TheSwitchlessRefusalNamesTheFileAndWhatIsMissing
2026-09-27T16:02:18.0773854Z 1150/1366 Test #1150: TopologyInputValidationTest.TheSwitchlessRefusalNamesTheFileAndWhatIsMissing ............................   Passed    0.02 sec
2026-09-27T16:02:18.0775416Z           Start 1151: TopologyInputValidationTest.ASwitchlessTopologyIsRefusedEvenWithTheMixedPlaneOptIn
2026-09-27T16:02:18.0948080Z 1151/1366 Test #1151: TopologyInputValidationTest.ASwitchlessTopologyIsRefusedEvenWithTheMixedPlaneOptIn ......................   Passed    0.02 sec
2026-09-27T16:02:18.0949823Z           Start 1152: TopologyInputValidationTest.AHostWithMoreThanOneAddressStillLoads
2026-09-27T16:02:18.1177494Z 1152/1366 Test #1152: TopologyInputValidationTest.AHostWithMoreThanOneAddressStillLoads .......................................   Passed    0.02 sec
2026-09-27T16:02:18.1179636Z           Start 1153: TopologyInputValidationTest.AZeroLinkBandwidthIsRefusedAtLoad
2026-09-27T16:02:18.1394869Z 1153/1366 Test #1153: TopologyInputValidationTest.AZeroLinkBandwidthIsRefusedAtLoad ...........................................   Passed    0.02 sec
2026-09-27T16:02:18.1397098Z           Start 1154: TopologyInputValidationTest.TheZeroBandwidthRefusalNamesTheFieldAndIsNotAnExceptionClass
2026-09-27T16:02:18.1613763Z 1154/1366 Test #1154: TopologyInputValidationTest.TheZeroBandwidthRefusalNamesTheFieldAndIsNotAnExceptionClass ................   Passed    0.02 sec
2026-09-27T16:02:18.1616216Z           Start 1155: TopologyInputValidationTest.ANegativeLinkBandwidthIsRefusedAtLoad
2026-09-27T16:02:18.1833428Z 1155/1366 Test #1155: TopologyInputValidationTest.ANegativeLinkBandwidthIsRefusedAtLoad .......................................   Passed    0.02 sec
2026-09-27T16:02:18.1835330Z           Start 1156: TopologyInputValidationTest.AMissingLinkBandwidthIsRefusedInPlainLanguage
2026-09-27T16:02:18.2050027Z 1156/1366 Test #1156: TopologyInputValidationTest.AMissingLinkBandwidthIsRefusedInPlainLanguage ...............................   Passed    0.02 sec
2026-09-27T16:02:18.2052620Z           Start 1157: TopologyInputValidationTest.ALinkBandwidthWrittenAsAStringIsRefusedInPlainLanguage
2026-09-27T16:02:18.2269398Z 1157/1366 Test #1157: TopologyInputValidationTest.ALinkBandwidthWrittenAsAStringIsRefusedInPlainLanguage ......................   Passed    0.02 sec
2026-09-27T16:02:18.2271974Z           Start 1158: TopologyInputValidationTest.TheSmallestPositiveLinkBandwidthIsAccepted
2026-09-27T16:02:18.2500037Z 1158/1366 Test #1158: TopologyInputValidationTest.TheSmallestPositiveLinkBandwidthIsAccepted ..................................   Passed    0.02 sec
2026-09-27T16:02:18.2502235Z           Start 1159: TopologyInputValidationTest.AVertexTypeOutsideTheEnumIsRefusedAtLoad
2026-09-27T16:02:18.2825163Z 1159/1366 Test #1159: TopologyInputValidationTest.AVertexTypeOutsideTheEnumIsRefusedAtLoad ....................................   Passed    0.03 sec
2026-09-27T16:02:18.2827209Z           Start 1160: TopologyInputValidationTest.TheVertexTypeRefusalUsesTheSameSentenceAsTheApi
2026-09-27T16:02:18.3031923Z 1160/1366 Test #1160: TopologyInputValidationTest.TheVertexTypeRefusalUsesTheSameSentenceAsTheApi .............................   Passed    0.02 sec
2026-09-27T16:02:18.3033728Z           Start 1161: TopologyInputValidationTest.AMissingVertexTypeIsRefusedInPlainLanguage
2026-09-27T16:02:18.3240906Z 1161/1366 Test #1161: TopologyInputValidationTest.AMissingVertexTypeIsRefusedInPlainLanguage ..................................   Passed    0.02 sec
2026-09-27T16:02:18.3243035Z           Start 1162: TopologyInputValidationTest.AVertexTypeWrittenAsAStringIsRefusedInPlainLanguage
2026-09-27T16:02:18.3448060Z 1162/1366 Test #1162: TopologyInputValidationTest.AVertexTypeWrittenAsAStringIsRefusedInPlainLanguage .........................   Passed    0.02 sec
2026-09-27T16:02:18.3449931Z           Start 1163: TopologyInputValidationTest.ASwitchWithNoIpKeyAtAllIsRefusedInPlainLanguage
2026-09-27T16:02:18.3654566Z 1163/1366 Test #1163: TopologyInputValidationTest.ASwitchWithNoIpKeyAtAllIsRefusedInPlainLanguage .............................   Passed    0.02 sec
2026-09-27T16:02:18.3656606Z           Start 1164: TopologyInputValidationTest.AHostWithNoIpKeyIsStillNamedAsAHost
2026-09-27T16:02:18.3864596Z 1164/1366 Test #1164: TopologyInputValidationTest.AHostWithNoIpKeyIsStillNamedAsAHost .........................................   Passed    0.02 sec
2026-09-27T16:02:18.3866506Z           Start 1165: TopologyInputValidationTest.ASwitchWhoseIpIsNotAnArrayIsRefusedInPlainLanguage
2026-09-27T16:02:18.4070978Z 1165/1366 Test #1165: TopologyInputValidationTest.ASwitchWhoseIpIsNotAnArrayIsRefusedInPlainLanguage ..........................   Passed    0.02 sec
2026-09-27T16:02:18.4073045Z           Start 1166: TopologyInputValidationTest.ASecondNodeClaimingAnExistingAddressIsRefused
2026-09-27T16:02:18.4278161Z 1166/1366 Test #1166: TopologyInputValidationTest.ASecondNodeClaimingAnExistingAddressIsRefused ...............................   Passed    0.02 sec
2026-09-27T16:02:18.4280005Z           Start 1167: TopologyInputValidationTest.TheDuplicateAddressRefusalNamesBothNodes
2026-09-27T16:02:18.4486040Z 1167/1366 Test #1167: TopologyInputValidationTest.TheDuplicateAddressRefusalNamesBothNodes ....................................   Passed    0.02 sec
2026-09-27T16:02:18.4488074Z           Start 1168: TopologyInputValidationTest.ANodeAddressThatIsNotADottedQuadIsRefused
2026-09-27T16:02:18.4697248Z 1168/1366 Test #1168: TopologyInputValidationTest.ANodeAddressThatIsNotADottedQuadIsRefused ...................................   Passed    0.02 sec
2026-09-27T16:02:18.4699353Z           Start 1169: TopologyInputValidationTest.TheLooseAddressRefusalNamesBothSpellings
2026-09-27T16:02:18.4906245Z 1169/1366 Test #1169: TopologyInputValidationTest.TheLooseAddressRefusalNamesBothSpellings ....................................   Passed    0.02 sec
2026-09-27T16:02:18.4907920Z           Start 1170: TopologyInputValidationTest.TheMeasuredLooseFormCollisionIsRefused
2026-09-27T16:02:18.5114880Z 1170/1366 Test #1170: TopologyInputValidationTest.TheMeasuredLooseFormCollisionIsRefused ......................................   Passed    0.02 sec
2026-09-27T16:02:18.5116593Z           Start 1171: TopologyInputValidationTest.AnEdgeAddressThatIsNotADottedQuadIsRefused
2026-09-27T16:02:18.5320703Z 1171/1366 Test #1171: TopologyInputValidationTest.AnEdgeAddressThatIsNotADottedQuadIsRefused ..................................   Passed    0.02 sec
2026-09-27T16:02:18.5322676Z           Start 1172: RefusedIsNotTimeoutTest.ARefusalIsNotDescribedAsATimeout
2026-09-27T16:02:18.5522721Z 1172/1366 Test #1172: RefusedIsNotTimeoutTest.ARefusalIsNotDescribedAsATimeout ................................................   Passed    0.02 sec
2026-09-27T16:02:18.5524541Z           Start 1173: RefusedIsNotTimeoutTest.AHangIsStillDescribedAsATimeout
2026-09-27T16:02:20.5752314Z 1173/1366 Test #1173: RefusedIsNotTimeoutTest.AHangIsStillDescribedAsATimeout .................................................   Passed    2.02 sec
2026-09-27T16:02:20.5754512Z           Start 1174: RefusedIsNotTimeoutTest.TheTwoFailuresDoNotProduceTheSameSentence
2026-09-27T16:02:22.6040196Z 1174/1366 Test #1174: RefusedIsNotTimeoutTest.TheTwoFailuresDoNotProduceTheSameSentence .......................................   Passed    2.03 sec
2026-09-27T16:02:22.6042381Z           Start 1175: RefusedIsNotTimeoutTest.TheRefusalCarriesTheDurationThatWasActuallyMeasured
2026-09-27T16:02:22.6242174Z 1175/1366 Test #1175: RefusedIsNotTimeoutTest.TheRefusalCarriesTheDurationThatWasActuallyMeasured .............................   Passed    0.02 sec
2026-09-27T16:02:22.6243761Z           Start 1176: RefusedIsNotTimeoutTest.ADroppedConnectionIsNeitherOfTheTwo
2026-09-27T16:02:22.7893435Z 1176/1366 Test #1176: RefusedIsNotTimeoutTest.ADroppedConnectionIsNeitherOfTheTwo .............................................   Passed    0.16 sec
2026-09-27T16:02:22.7894937Z           Start 1177: KernelStopIsBoundedTest.TheInstrumentReallyWedgesACurl
2026-09-27T16:02:23.8110115Z 1177/1366 Test #1177: KernelStopIsBoundedTest.TheInstrumentReallyWedgesACurl ..................................................   Passed    1.02 sec
2026-09-27T16:02:23.8112698Z           Start 1178: KernelStopIsBoundedTest.AFlowTablePollCaughtMidRoundStopsWithinTheBound
2026-09-27T16:02:23.8460392Z 1178/1366 Test #1178: KernelStopIsBoundedTest.AFlowTablePollCaughtMidRoundStopsWithinTheBound .................................   Passed    0.03 sec
2026-09-27T16:02:23.8462469Z           Start 1179: KernelStopIsBoundedTest.ATopologyPollBlockedInItsHttpCallReturnsWithinTheBound
2026-09-27T16:02:23.8811242Z 1179/1366 Test #1179: KernelStopIsBoundedTest.ATopologyPollBlockedInItsHttpCallReturnsWithinTheBound ..........................   Passed    0.03 sec
2026-09-27T16:02:23.8812879Z           Start 1180: KernelStopIsBoundedTest.TheOverBoundReportNamesTheWorkerAndTheSubsystem
2026-09-27T16:02:23.8941025Z 1180/1366 Test #1180: KernelStopIsBoundedTest.TheOverBoundReportNamesTheWorkerAndTheSubsystem .................................   Passed    0.01 sec
2026-09-27T16:02:23.8943247Z           Start 1181: KernelStopIsBoundedTest.TheMonitorsOverBoundReportNamesItsOwnWorker
2026-09-27T16:02:23.9071154Z 1181/1366 Test #1181: KernelStopIsBoundedTest.TheMonitorsOverBoundReportNamesItsOwnWorker .....................................   Passed    0.01 sec
2026-09-27T16:02:23.9073273Z           Start 1182: KernelStopIsBoundedTest.TheReportSaysNothingWhenEveryWorkerHasAlreadyFinished
2026-09-27T16:02:23.9200174Z 1182/1366 Test #1182: KernelStopIsBoundedTest.TheReportSaysNothingWhenEveryWorkerHasAlreadyFinished ...........................   Passed    0.01 sec
2026-09-27T16:02:23.9201911Z           Start 1183: KernelStopIsBoundedTest.StoppingTwiceAndStoppingWhatNeverRanAreBothImmediate
2026-09-27T16:02:23.9343194Z 1183/1366 Test #1183: KernelStopIsBoundedTest.StoppingTwiceAndStoppingWhatNeverRanAreBothImmediate ............................   Passed    0.01 sec
2026-09-27T16:02:23.9344928Z           Start 1184: IsUpSplitTest.AVertexCarriesAdminStateReachableAndTheIsUpAlias
2026-09-27T16:02:23.9477121Z 1184/1366 Test #1184: IsUpSplitTest.AVertexCarriesAdminStateReachableAndTheIsUpAlias ..........................................   Passed    0.01 sec
2026-09-27T16:02:23.9478979Z           Start 1185: IsUpSplitTest.TheIsUpAliasEqualsReachableInBothDirections
2026-09-27T16:02:23.9608912Z 1185/1366 Test #1185: IsUpSplitTest.TheIsUpAliasEqualsReachableInBothDirections ...............................................   Passed    0.01 sec
2026-09-27T16:02:23.9610739Z           Start 1186: IsUpSplitTest.ACommandedOffSwitchAndACrashedSwitchAreDistinguishableOnTheWire
2026-09-27T16:02:23.9740589Z 1186/1366 Test #1186: IsUpSplitTest.ACommandedOffSwitchAndACrashedSwitchAreDistinguishableOnTheWire ...........................   Passed    0.01 sec
2026-09-27T16:02:23.9742362Z           Start 1187: IsUpSplitTest.ACommandedOffSwitchThatIsReachableAgainReportsBothHonestly
2026-09-27T16:02:23.9874000Z 1187/1366 Test #1187: IsUpSplitTest.ACommandedOffSwitchThatIsReachableAgainReportsBothHonestly ................................   Passed    0.01 sec
2026-09-27T16:02:23.9875907Z           Start 1188: IsUpSplitTest.FromJsonAcceptsAnOldPayloadThatCarriesOnlyIsUp
2026-09-27T16:02:24.0008200Z 1188/1366 Test #1188: IsUpSplitTest.FromJsonAcceptsAnOldPayloadThatCarriesOnlyIsUp ............................................   Passed    0.01 sec
2026-09-27T16:02:24.0009651Z           Start 1189: IsUpSplitTest.FromJsonReadsReachableAndAdminStateWhenBothArePresent
2026-09-27T16:02:24.0140208Z 1189/1366 Test #1189: IsUpSplitTest.FromJsonReadsReachableAndAdminStateWhenBothArePresent .....................................   Passed    0.01 sec
2026-09-27T16:02:24.0142331Z           Start 1190: IsUpSplitTest.PowerStateEndpointReportsAdminStateAndReachableForEverySwitch
2026-09-27T16:02:24.0274517Z 1190/1366 Test #1190: IsUpSplitTest.PowerStateEndpointReportsAdminStateAndReachableForEverySwitch .............................   Passed    0.01 sec
2026-09-27T16:02:24.0276207Z           Start 1191: IsUpSplitTest.PowerStateEndpointForOneIpCarriesBothFieldsToo
2026-09-27T16:02:24.0408618Z 1191/1366 Test #1191: IsUpSplitTest.PowerStateEndpointForOneIpCarriesBothFieldsToo ............................................   Passed    0.01 sec
2026-09-27T16:02:24.0410046Z           Start 1192: IsUpSplitTest.TheDistrustWindowDoesNotCloseOnTimeAlone
2026-09-27T16:02:24.0541558Z 1192/1366 Test #1192: IsUpSplitTest.TheDistrustWindowDoesNotCloseOnTimeAlone ..................................................   Passed    0.01 sec
2026-09-27T16:02:24.0543863Z           Start 1193: IsUpSplitTest.AProbeTakenAfterTheKillClosesTheWindow
2026-09-27T16:02:24.0677232Z 1193/1366 Test #1193: IsUpSplitTest.AProbeTakenAfterTheKillClosesTheWindow ....................................................   Passed    0.01 sec
2026-09-27T16:02:24.0678550Z           Start 1194: IsUpSplitTest.AProbeTakenBeforeTheKillIsNotEvidenceAndDoesNotCloseTheWindow
2026-09-27T16:02:24.0809671Z 1194/1366 Test #1194: IsUpSplitTest.AProbeTakenBeforeTheKillIsNotEvidenceAndDoesNotCloseTheWindow .............................   Passed    0.01 sec
2026-09-27T16:02:24.0810913Z           Start 1195: IsUpSplitTest.AnUpWithNoProbeTimestampIsNotEvidence
2026-09-27T16:02:24.0942575Z 1195/1366 Test #1195: IsUpSplitTest.AnUpWithNoProbeTimestampIsNotEvidence .....................................................   Passed    0.01 sec
2026-09-27T16:02:24.0944188Z           Start 1196: IsUpSplitTest.AnUncommandedSwitchAcceptsEveryLivenessUp
2026-09-27T16:02:24.1073351Z 1196/1366 Test #1196: IsUpSplitTest.AnUncommandedSwitchAcceptsEveryLivenessUp .................................................   Passed    0.01 sec
2026-09-27T16:02:24.1074679Z           Start 1197: IsUpSplitTest.EvidenceIsPerSwitchNotFabricWide
2026-09-27T16:02:24.1203759Z 1197/1366 Test #1197: IsUpSplitTest.EvidenceIsPerSwitchNotFabricWide ..........................................................   Passed    0.01 sec
2026-09-27T16:02:24.1205926Z           Start 1198: IsUpSplitTest.TheProbeAgeIsReadFromThePayloadAndIsNulloptWhenItCannotBe
2026-09-27T16:02:24.1335803Z 1198/1366 Test #1198: IsUpSplitTest.TheProbeAgeIsReadFromThePayloadAndIsNulloptWhenItCannotBe .................................   Passed    0.01 sec
2026-09-27T16:02:24.1337504Z           Start 1199: IsUpSplitTest.TheWorkerDeclinesAnUpWhoseProbePredatesTheKill
2026-09-27T16:02:24.1468324Z 1199/1366 Test #1199: IsUpSplitTest.TheWorkerDeclinesAnUpWhoseProbePredatesTheKill ............................................   Passed    0.01 sec
2026-09-27T16:02:24.1470130Z           Start 1200: IsUpSplitTest.TheWorkerAcceptsAFreshUpAndItClosesTheWindow
2026-09-27T16:02:24.1600054Z 1200/1366 Test #1200: IsUpSplitTest.TheWorkerAcceptsAFreshUpAndItClosesTheWindow ..............................................   Passed    0.01 sec
2026-09-27T16:02:24.1602077Z           Start 1201: IsUpSplitTest.AStaleUpBecomesUnknownSoTheWorkerWritesNothing
2026-09-27T16:02:24.1730441Z 1201/1366 Test #1201: IsUpSplitTest.AStaleUpBecomesUnknownSoTheWorkerWritesNothing ............................................   Passed    0.01 sec
2026-09-27T16:02:24.1732398Z           Start 1202: IsUpSplitTest.ADownVerdictIsPassedThroughUntouched
2026-09-27T16:02:24.1862382Z 1202/1366 Test #1202: IsUpSplitTest.ADownVerdictIsPassedThroughUntouched ......................................................   Passed    0.01 sec
2026-09-27T16:02:24.1864018Z           Start 1203: IsUpSplitTest.TheWorkerAcceptsEveryUpForASwitchItNeverStopped
2026-09-27T16:02:24.1993400Z 1203/1366 Test #1203: IsUpSplitTest.TheWorkerAcceptsEveryUpForASwitchItNeverStopped ...........................................   Passed    0.01 sec
2026-09-27T16:02:24.1995156Z           Start 1204: NoIpSwitchTest.UpdateSwitchesInventsNoVertexForADpidTheTopologyDoesNotDeclare
2026-09-27T16:02:24.2126394Z 1204/1366 Test #1204: NoIpSwitchTest.UpdateSwitchesInventsNoVertexForADpidTheTopologyDoesNotDeclare ...........................   Passed    0.01 sec
2026-09-27T16:02:24.2128052Z           Start 1205: NoIpSwitchTest.AStatusRoundOverASwitchWithNoAddressDoesNotKillTheProcess
2026-09-27T16:02:24.2377199Z 1205/1366 Test #1205: NoIpSwitchTest.AStatusRoundOverASwitchWithNoAddressDoesNotKillTheProcess ................................   Passed    0.02 sec
2026-09-27T16:02:24.2379130Z           Start 1206: NoIpSwitchTest.ATestbedStatusRoundOverASwitchWithNoAddressDoesNotKillTheProcess
2026-09-27T16:02:24.2637629Z 1206/1366 Test #1206: NoIpSwitchTest.ATestbedStatusRoundOverASwitchWithNoAddressDoesNotKillTheProcess .........................   Passed    0.03 sec
2026-09-27T16:02:24.2639228Z           Start 1207: NoIpSwitchTest.TheAddresslessSwitchKeepsAKeyAtTheDocumentedSentinel
2026-09-27T16:02:24.2768282Z 1207/1366 Test #1207: NoIpSwitchTest.TheAddresslessSwitchKeepsAKeyAtTheDocumentedSentinel .....................................   Passed    0.01 sec
2026-09-27T16:02:24.2769935Z           Start 1208: NoIpSwitchTest.TheSentinelIsNotSomethingAReaderWouldTakeForAMeasurement
2026-09-27T16:02:24.2897554Z 1208/1366 Test #1208: NoIpSwitchTest.TheSentinelIsNotSomethingAReaderWouldTakeForAMeasurement .................................   Passed    0.01 sec
2026-09-27T16:02:24.2899164Z           Start 1209: NoIpSwitchTest.TheMissingAddressWarnsOncePerEpisodeAndNamesTheDpid
2026-09-27T16:02:24.3027971Z 1209/1366 Test #1209: NoIpSwitchTest.TheMissingAddressWarnsOncePerEpisodeAndNamesTheDpid ......................................   Passed    0.01 sec
2026-09-27T16:02:24.3029497Z           Start 1210: NoIpSwitchTest.ANewEpisodeWarnsAgain
2026-09-27T16:02:24.3160195Z 1210/1366 Test #1210: NoIpSwitchTest.ANewEpisodeWarnsAgain ....................................................................   Passed    0.01 sec
2026-09-27T16:02:24.3162072Z           Start 1211: NoIpSwitchTest.TestbedPowerReportsTheSentinelForAnAddresslessSwitch
2026-09-27T16:02:24.3291133Z 1211/1366 Test #1211: NoIpSwitchTest.TestbedPowerReportsTheSentinelForAnAddresslessSwitch .....................................   Passed    0.01 sec
2026-09-27T16:02:24.3293280Z           Start 1212: NoIpSwitchTest.MininetPowerStillReportsARealFigureForAnAddresslessSwitch
2026-09-27T16:02:24.3422845Z 1212/1366 Test #1212: NoIpSwitchTest.MininetPowerStillReportsARealFigureForAnAddresslessSwitch ................................   Passed    0.01 sec
2026-09-27T16:02:24.3424381Z           Start 1213: NoIpSwitchTest.AnAddresslessSwitchDoesNotMatchEveryIpLookup
2026-09-27T16:02:24.3558014Z 1213/1366 Test #1213: NoIpSwitchTest.AnAddresslessSwitchDoesNotMatchEveryIpLookup .............................................   Passed    0.01 sec
2026-09-27T16:02:24.3559661Z           Start 1214: NoIpSwitchTest.AnAddresslessHostDoesNotEndTheTopKReport
2026-09-27T16:02:24.3697076Z 1214/1366 Test #1214: NoIpSwitchTest.AnAddresslessHostDoesNotEndTheTopKReport .................................................   Passed    0.01 sec
2026-09-27T16:02:24.3698649Z           Start 1215: NoIpSwitchTest.ALinkWithAddressesOnBothEndsStillRanks
2026-09-27T16:02:24.3830250Z 1215/1366 Test #1215: NoIpSwitchTest.ALinkWithAddressesOnBothEndsStillRanks ...................................................   Passed    0.01 sec
2026-09-27T16:02:24.3832077Z           Start 1216: NoIpSwitchTest.AnEdgeWithNoSourceAddressDoesNotBreakTheWholeScan
2026-09-27T16:02:24.3965663Z 1216/1366 Test #1216: NoIpSwitchTest.AnEdgeWithNoSourceAddressDoesNotBreakTheWholeScan ........................................   Passed    0.01 sec
2026-09-27T16:02:24.3967271Z           Start 1217: NoIpSwitchTest.TheSingleSwitchCpuReportStillMatchesOnTheAddressItHas
2026-09-27T16:02:24.4097805Z 1217/1366 Test #1217: NoIpSwitchTest.TheSingleSwitchCpuReportStillMatchesOnTheAddressItHas ....................................   Passed    0.01 sec
2026-09-27T16:02:24.4099212Z           Start 1218: PhantomOvsFixture.ARyuAcceptanceIsSuccessfulButConfirmsNothing
2026-09-27T16:02:24.4230756Z 1218/1366 Test #1218: PhantomOvsFixture.ARyuAcceptanceIsSuccessfulButConfirmsNothing ..........................................   Passed    0.01 sec
2026-09-27T16:02:24.4232427Z           Start 1219: PhantomOvsFixture.AProxySuccessStillConfirmsTheEntry
2026-09-27T16:02:24.4364284Z 1219/1366 Test #1219: PhantomOvsFixture.AProxySuccessStillConfirmsTheEntry ....................................................   Passed    0.01 sec
2026-09-27T16:02:24.4366161Z           Start 1220: PhantomOvsFixture.AProxyRefusalConfirmsNothingEither
2026-09-27T16:02:24.4496118Z 1220/1366 Test #1220: PhantomOvsFixture.AProxyRefusalConfirmsNothingEither ....................................................   Passed    0.01 sec
2026-09-27T16:02:24.4497551Z           Start 1221: PhantomOvsFixture.TheCountersStillMeanWhatA7SaysTheyMean
2026-09-27T16:02:24.4627365Z 1221/1366 Test #1221: PhantomOvsFixture.TheCountersStillMeanWhatA7SaysTheyMean ................................................   Passed    0.01 sec
2026-09-27T16:02:24.4628985Z           Start 1222: PhantomOvsFixture.AnOvsInstallIsNotServedBeforeAPollObservesIt
2026-09-27T16:02:24.4764299Z 1222/1366 Test #1222: PhantomOvsFixture.AnOvsInstallIsNotServedBeforeAPollObservesIt ..........................................   Passed    0.01 sec
2026-09-27T16:02:24.4766082Z           Start 1223: PhantomOvsFixture.TheLegitimateOvsRuleIsWithheldTooBecauseTheRowIsACacheArtefact
2026-09-27T16:02:24.4898161Z 1223/1366 Test #1223: PhantomOvsFixture.TheLegitimateOvsRuleIsWithheldTooBecauseTheRowIsACacheArtefact ........................   Passed    0.01 sec
2026-09-27T16:02:24.4900134Z           Start 1224: PhantomOvsFixture.AConfirmedP4InstallIsStillServedImmediately
2026-09-27T16:02:24.5035353Z 1224/1366 Test #1224: PhantomOvsFixture.AConfirmedP4InstallIsStillServedImmediately ...........................................   Passed    0.01 sec
2026-09-27T16:02:24.5036795Z           Start 1225: PhantomOvsFixture.AP4RefusalIsStillWithheld
2026-09-27T16:02:24.5170985Z 1225/1366 Test #1225: PhantomOvsFixture.AP4RefusalIsStillWithheld .............................................................   Passed    0.01 sec
2026-09-27T16:02:24.5172790Z           Start 1226: PhantomOvsFixture.PolledRowsAreNeverWithheldOnEitherPlane
2026-09-27T16:02:24.5306395Z 1226/1366 Test #1226: PhantomOvsFixture.PolledRowsAreNeverWithheldOnEitherPlane ...............................................   Passed    0.01 sec
2026-09-27T16:02:24.5307787Z           Start 1227: PhantomOvsFixture.TheViewSaysItIsWithholdingRows
2026-09-27T16:02:24.5441323Z 1227/1366 Test #1227: PhantomOvsFixture.TheViewSaysItIsWithholdingRows ........................................................   Passed    0.01 sec
2026-09-27T16:02:24.5442977Z           Start 1228: PhantomOvsFixture.TheViewDoesNotClaimToWithholdWhatItServed
2026-09-27T16:02:24.5573888Z 1228/1366 Test #1228: PhantomOvsFixture.TheViewDoesNotClaimToWithholdWhatItServed .............................................   Passed    0.01 sec
2026-09-27T16:02:24.5575551Z           Start 1229: PhantomOvsFixture.TheDispatchSaysWhyAnAcceptedEntryIsStillWithheld
2026-09-27T16:02:24.5729491Z 1229/1366 Test #1229: PhantomOvsFixture.TheDispatchSaysWhyAnAcceptedEntryIsStillWithheld ......................................   Passed    0.02 sec
2026-09-27T16:02:24.5731210Z           Start 1230: NicknamePersistenceTest.AModifyNicknameLeavesTheTopologyFileByteIdentical
2026-09-27T16:02:24.5937809Z 1230/1366 Test #1230: NicknamePersistenceTest.AModifyNicknameLeavesTheTopologyFileByteIdentical ...............................   Passed    0.02 sec
2026-09-27T16:02:24.5939548Z           Start 1231: NicknamePersistenceTest.AModifyDeviceNameLeavesTheTopologyFileByteIdenticalToo
2026-09-27T16:02:24.6145553Z 1231/1366 Test #1231: NicknamePersistenceTest.AModifyDeviceNameLeavesTheTopologyFileByteIdenticalToo ..........................   Passed    0.02 sec
2026-09-27T16:02:24.6147223Z           Start 1232: NicknamePersistenceTest.TheMininetTopologyKeepsItsBytesToo
2026-09-27T16:02:24.6718442Z 1232/1366 Test #1232: NicknamePersistenceTest.TheMininetTopologyKeepsItsBytesToo ..............................................   Passed    0.06 sec
2026-09-27T16:02:24.6720003Z           Start 1233: NicknamePersistenceTest.EveryShippedTopologySurvivesARenameByteForByte
2026-09-27T16:02:24.9458028Z 1233/1366 Test #1233: NicknamePersistenceTest.EveryShippedTopologySurvivesARenameByteForByte ..................................   Passed    0.27 sec
2026-09-27T16:02:24.9459809Z           Start 1234: NicknamePersistenceTest.TheNicknameIsWrittenToTheOverlayUnderTheSwitchsDpid
2026-09-27T16:02:24.9669851Z 1234/1366 Test #1234: NicknamePersistenceTest.TheNicknameIsWrittenToTheOverlayUnderTheSwitchsDpid .............................   Passed    0.02 sec
2026-09-27T16:02:24.9672163Z           Start 1235: NicknamePersistenceTest.TheDeviceNameGoesToTheSameEntryAndDoesNotEvictTheNickname
2026-09-27T16:02:24.9887655Z 1235/1366 Test #1235: NicknamePersistenceTest.TheDeviceNameGoesToTheSameEntryAndDoesNotEvictTheNickname .......................   Passed    0.02 sec
2026-09-27T16:02:24.9889417Z           Start 1236: NicknamePersistenceTest.AHostIsKeyedByItsMacAndNotByItsDpid
2026-09-27T16:02:25.0111161Z 1236/1366 Test #1236: NicknamePersistenceTest.AHostIsKeyedByItsMacAndNotByItsDpid .............................................   Passed    0.02 sec
2026-09-27T16:02:25.0113180Z           Start 1237: NicknamePersistenceTest.AFreshLoadPicksTheNicknameBackUp
2026-09-27T16:02:25.0384254Z 1237/1366 Test #1237: NicknamePersistenceTest.AFreshLoadPicksTheNicknameBackUp ................................................   Passed    0.03 sec
2026-09-27T16:02:25.0385978Z           Start 1238: NicknamePersistenceTest.AFreshLoadPicksAHostsNicknameBackUpUnderItsMac
2026-09-27T16:02:25.0668821Z 1238/1366 Test #1238: NicknamePersistenceTest.AFreshLoadPicksAHostsNicknameBackUpUnderItsMac ..................................   Passed    0.03 sec
2026-09-27T16:02:25.0670033Z           Start 1239: NicknamePersistenceTest.AnOverlayOnlyTouchesTheDeviceItNames
2026-09-27T16:02:25.0955046Z 1239/1366 Test #1239: NicknamePersistenceTest.AnOverlayOnlyTouchesTheDeviceItNames ............................................   Passed    0.03 sec
2026-09-27T16:02:25.0956406Z           Start 1240: NicknamePersistenceTest.ANicknameChangeStillReachesTheGraph
2026-09-27T16:02:25.1166208Z 1240/1366 Test #1240: NicknamePersistenceTest.ANicknameChangeStillReachesTheGraph .............................................   Passed    0.02 sec
2026-09-27T16:02:25.1167713Z           Start 1241: NicknamePersistenceTest.ADeviceNameChangeStillReachesTheGraph
2026-09-27T16:02:25.1375448Z 1241/1366 Test #1241: NicknamePersistenceTest.ADeviceNameChangeStillReachesTheGraph ...........................................   Passed    0.02 sec
2026-09-27T16:02:25.1376914Z           Start 1242: NicknamePersistenceTest.AnUnreadableOverlayDoesNotStopTheTopologyFromLoading
2026-09-27T16:02:25.1591202Z 1242/1366 Test #1242: NicknamePersistenceTest.AnUnreadableOverlayDoesNotStopTheTopologyFromLoading ............................   Passed    0.02 sec
2026-09-27T16:02:25.1593138Z           Start 1243: NicknamePersistenceTest.AnOverlayEntryForAnAbsentDeviceIsIgnoredRatherThanMisapplied
2026-09-27T16:02:25.1804426Z 1243/1366 Test #1243: NicknamePersistenceTest.AnOverlayEntryForAnAbsentDeviceIsIgnoredRatherThanMisapplied ....................   Passed    0.02 sec
2026-09-27T16:02:25.1805953Z           Start 1244: NicknamePersistenceTest.TheDefaultOverlayPathIsOutsideSettingAndNamedAfterTheModel
2026-09-27T16:02:25.1936109Z 1244/1366 Test #1244: NicknamePersistenceTest.TheDefaultOverlayPathIsOutsideSettingAndNamedAfterTheModel ......................   Passed    0.01 sec
2026-09-27T16:02:25.1937561Z           Start 1245: NicknamePersistenceTest.TheOverlayIsAnchoredToTheCheckoutNotTheProcessWorkingDirectory
2026-09-27T16:02:25.2071167Z 1245/1366 Test #1245: NicknamePersistenceTest.TheOverlayIsAnchoredToTheCheckoutNotTheProcessWorkingDirectory ..................   Passed    0.01 sec
2026-09-27T16:02:25.2072705Z           Start 1246: NicknamePersistenceTest.TheOverlayPathFollowsTheActiveTopology
2026-09-27T16:02:25.2203444Z 1246/1366 Test #1246: NicknamePersistenceTest.TheOverlayPathFollowsTheActiveTopology ..........................................   Passed    0.01 sec
2026-09-27T16:02:25.2205022Z           Start 1247: AddresslessNodeTest.TheTopologyReplyOverAnAddresslessHostDoesNotKillTheProcess
2026-09-27T16:02:25.2369063Z 1247/1366 Test #1247: AddresslessNodeTest.TheTopologyReplyOverAnAddresslessHostDoesNotKillTheProcess ..........................   Passed    0.02 sec
2026-09-27T16:02:25.2370657Z           Start 1248: AddresslessNodeTest.TheHostListingOverAnAddresslessHostDoesNotKillTheProcess
2026-09-27T16:02:25.2532442Z 1248/1366 Test #1248: AddresslessNodeTest.TheHostListingOverAnAddresslessHostDoesNotKillTheProcess ............................   Passed    0.02 sec
2026-09-27T16:02:25.2533974Z           Start 1249: AddresslessNodeTest.APathQueryFromAnAddresslessHostDoesNotKillTheProcess
2026-09-27T16:02:25.2693148Z 1249/1366 Test #1249: AddresslessNodeTest.APathQueryFromAnAddresslessHostDoesNotKillTheProcess ................................   Passed    0.02 sec
2026-09-27T16:02:25.2694553Z           Start 1250: AddresslessNodeTest.APathQueryToAnAddresslessHostDoesNotKillTheProcess
2026-09-27T16:02:25.2852998Z 1250/1366 Test #1250: AddresslessNodeTest.APathQueryToAnAddresslessHostDoesNotKillTheProcess ..................................   Passed    0.02 sec
2026-09-27T16:02:25.2854353Z           Start 1251: AddresslessNodeTest.ResolvingAnAddresslessSwitchByNameDoesNotKillTheProcess
2026-09-27T16:02:25.3013800Z 1251/1366 Test #1251: AddresslessNodeTest.ResolvingAnAddresslessSwitchByNameDoesNotKillTheProcess .............................   Passed    0.02 sec
2026-09-27T16:02:25.3015250Z           Start 1252: AddresslessNodeTest.TheTopologyReplyOverAnAddresslessSwitchDoesNotKillTheProcess
2026-09-27T16:02:25.3176752Z 1252/1366 Test #1252: AddresslessNodeTest.TheTopologyReplyOverAnAddresslessSwitchDoesNotKillTheProcess ........................   Passed    0.02 sec
2026-09-27T16:02:25.3178046Z           Start 1253: AddresslessNodeTest.TheTopologyReplyStillNamesEveryHostAndSwitch
2026-09-27T16:02:25.3317657Z 1253/1366 Test #1253: AddresslessNodeTest.TheTopologyReplyStillNamesEveryHostAndSwitch ........................................   Passed    0.01 sec
2026-09-27T16:02:25.3318952Z           Start 1254: AddresslessNodeTest.TheTopologyReplyGivesTheAddresslessNodesNullAndNotAnAddress
2026-09-27T16:02:25.3458789Z 1254/1366 Test #1254: AddresslessNodeTest.TheTopologyReplyGivesTheAddresslessNodesNullAndNotAnAddress .........................   Passed    0.01 sec
2026-09-27T16:02:25.3460676Z           Start 1255: AddresslessNodeTest.TheTopologyReplyStillCarriesTheAddressesItDoesHave
2026-09-27T16:02:25.3603683Z 1255/1366 Test #1255: AddresslessNodeTest.TheTopologyReplyStillCarriesTheAddressesItDoesHave ..................................   Passed    0.01 sec
2026-09-27T16:02:25.3605541Z           Start 1256: AddresslessNodeTest.TheHostListingKeepsTheAddresslessHostWithANullAddress
2026-09-27T16:02:25.3743550Z 1256/1366 Test #1256: AddresslessNodeTest.TheHostListingKeepsTheAddresslessHostWithANullAddress ...............................   Passed    0.01 sec
2026-09-27T16:02:25.3745160Z           Start 1257: AddresslessNodeTest.APathQueryFromAnAddresslessHostIsRefusedAndSaysWhich
2026-09-27T16:02:25.3881786Z 1257/1366 Test #1257: AddresslessNodeTest.APathQueryFromAnAddresslessHostIsRefusedAndSaysWhich ................................   Passed    0.01 sec
2026-09-27T16:02:25.3883113Z           Start 1258: AddresslessNodeTest.APathQueryToAnAddresslessHostIsRefusedAndSaysWhich
2026-09-27T16:02:25.4020599Z 1258/1366 Test #1258: AddresslessNodeTest.APathQueryToAnAddresslessHostIsRefusedAndSaysWhich ..................................   Passed    0.01 sec
2026-09-27T16:02:25.4022424Z           Start 1259: AddresslessNodeTest.APathBetweenTwoAddressedHostsStillAnswers
2026-09-27T16:02:25.4161793Z 1259/1366 Test #1259: AddresslessNodeTest.APathBetweenTwoAddressedHostsStillAnswers ...........................................   Passed    0.01 sec
2026-09-27T16:02:25.4163415Z           Start 1260: AddresslessNodeTest.AnAddresslessSwitchIsNotResolvedToAnAddress
2026-09-27T16:02:25.4304461Z 1260/1366 Test #1260: AddresslessNodeTest.AnAddresslessSwitchIsNotResolvedToAnAddress .........................................   Passed    0.01 sec
2026-09-27T16:02:25.4306333Z           Start 1261: AddresslessNodeTest.ASwitchWithAnAddressStillResolves
2026-09-27T16:02:25.4445307Z 1261/1366 Test #1261: AddresslessNodeTest.ASwitchWithAnAddressStillResolves ...................................................   Passed    0.01 sec
2026-09-27T16:02:25.4446434Z           Start 1262: AddresslessHostLoadTest.TheShippedTopologyLoads
2026-09-27T16:02:25.4673325Z 1262/1366 Test #1262: AddresslessHostLoadTest.TheShippedTopologyLoads .........................................................   Passed    0.02 sec
2026-09-27T16:02:25.4675562Z           Start 1263: AddresslessHostLoadTest.AHostDeclaringAnEmptyIpArrayIsRefusedAtLoad
2026-09-27T16:02:25.4938133Z 1263/1366 Test #1263: AddresslessHostLoadTest.AHostDeclaringAnEmptyIpArrayIsRefusedAtLoad .....................................   Passed    0.03 sec
2026-09-27T16:02:25.4939815Z           Start 1264: AddresslessHostLoadTest.TheSameEditOnASwitchIsRefused
2026-09-27T16:02:25.5141299Z 1264/1366 Test #1264: AddresslessHostLoadTest.TheSameEditOnASwitchIsRefused ...................................................   Passed    0.02 sec
2026-09-27T16:02:25.5143240Z           Start 1265: AddresslessAttachmentSwitchTest.AnAddresslessAttachmentSwitchDoesNotKillTheProcess
2026-09-27T16:02:25.5299322Z 1265/1366 Test #1265: AddresslessAttachmentSwitchTest.AnAddresslessAttachmentSwitchDoesNotKillTheProcess ......................   Passed    0.02 sec
2026-09-27T16:02:25.5301411Z           Start 1266: AddresslessAttachmentSwitchTest.TheHostOnAnAddresslessAttachmentSwitchIsStillMarkedUp
2026-09-27T16:02:25.5434039Z 1266/1366 Test #1266: AddresslessAttachmentSwitchTest.TheHostOnAnAddresslessAttachmentSwitchIsStillMarkedUp ...................   Passed    0.01 sec
2026-09-27T16:02:25.5436480Z           Start 1267: AddresslessAttachmentSwitchTest.TheHostSideEdgeIsStillRaisedWhenTheAttachmentSwitchHasNoAddress
2026-09-27T16:02:25.5570165Z 1267/1366 Test #1267: AddresslessAttachmentSwitchTest.TheHostSideEdgeIsStillRaisedWhenTheAttachmentSwitchHasNoAddress .........   Passed    0.01 sec
2026-09-27T16:02:25.5572841Z           Start 1268: AddresslessAttachmentSwitchTest.TheWarningNamesTheHostAndTheSwitchAndNotTheTopologyFile
2026-09-27T16:02:25.5712053Z 1268/1366 Test #1268: AddresslessAttachmentSwitchTest.TheWarningNamesTheHostAndTheSwitchAndNotTheTopologyFile .................   Passed    0.01 sec
2026-09-27T16:02:25.5714765Z           Start 1269: AddresslessAttachmentSwitchTest.TheReverseEdgeOfAnAddressedAttachmentSwitchIsStillRaised
2026-09-27T16:02:25.5849768Z 1269/1366 Test #1269: AddresslessAttachmentSwitchTest.TheReverseEdgeOfAnAddressedAttachmentSwitchIsStillRaised ................   Passed    0.01 sec
2026-09-27T16:02:25.5852287Z           Start 1270: AddresslessAttachmentSwitchTest.TheOtherHostAndItsEdgeAreUntouchedByTheGuardedEntry
2026-09-27T16:02:25.5986204Z 1270/1366 Test #1270: AddresslessAttachmentSwitchTest.TheOtherHostAndItsEdgeAreUntouchedByTheGuardedEntry .....................   Passed    0.01 sec
2026-09-27T16:02:25.5988182Z           Start 1271: NetemLinkFaultTest.AShapedInterfaceIsCutUnderTheShaperNotOverIt
2026-09-27T16:02:25.6119105Z 1271/1366 Test #1271: NetemLinkFaultTest.AShapedInterfaceIsCutUnderTheShaperNotOverIt .........................................   Passed    0.01 sec
2026-09-27T16:02:25.6120828Z           Start 1272: NetemLinkFaultTest.AnUnshapedInterfaceIsCutAtTheRoot
2026-09-27T16:02:25.6251373Z 1272/1366 Test #1272: NetemLinkFaultTest.AnUnshapedInterfaceIsCutAtTheRoot ....................................................   Passed    0.01 sec
2026-09-27T16:02:25.6253163Z           Start 1273: NetemLinkFaultTest.AnInterfaceThatAlreadyCarriesNetemIsRefused
2026-09-27T16:02:25.6381558Z 1273/1366 Test #1273: NetemLinkFaultTest.AnInterfaceThatAlreadyCarriesNetemIsRefused ..........................................   Passed    0.01 sec
2026-09-27T16:02:25.6383373Z           Start 1274: NetemLinkFaultTest.AnUnreadableTreeIsRefusedRatherThanGuessed
2026-09-27T16:02:25.6511892Z 1274/1366 Test #1274: NetemLinkFaultTest.AnUnreadableTreeIsRefusedRatherThanGuessed ...........................................   Passed    0.01 sec
2026-09-27T16:02:25.6513570Z           Start 1275: NetemLinkFaultTest.ShapedWithNoDefaultClassIsRefused
2026-09-27T16:02:25.6642159Z 1275/1366 Test #1275: NetemLinkFaultTest.ShapedWithNoDefaultClassIsRefused ....................................................   Passed    0.01 sec
2026-09-27T16:02:25.6643661Z           Start 1276: NetemLinkFaultTest.TheNetemToRemoveIsFoundAtItsParent
2026-09-27T16:02:25.6772741Z 1276/1366 Test #1276: NetemLinkFaultTest.TheNetemToRemoveIsFoundAtItsParent ...................................................   Passed    0.01 sec
2026-09-27T16:02:25.6774174Z           Start 1277: NetemLinkFaultTest.ARootNetemIsFoundAtTheRoot
2026-09-27T16:02:25.6903443Z 1277/1366 Test #1277: NetemLinkFaultTest.ARootNetemIsFoundAtTheRoot ...........................................................   Passed    0.01 sec
2026-09-27T16:02:25.6904848Z           Start 1278: NetemLinkFaultTest.ACleanTreeHasNoNetemToRemove
2026-09-27T16:02:25.7032633Z 1278/1366 Test #1278: NetemLinkFaultTest.ACleanTreeHasNoNetemToRemove .........................................................   Passed    0.01 sec
2026-09-27T16:02:25.7034406Z           Start 1279: NetemLinkFaultTest.OnlyMininetSwitchInterfaceNamesAreAccepted
2026-09-27T16:02:25.7162408Z 1279/1366 Test #1279: NetemLinkFaultTest.OnlyMininetSwitchInterfaceNamesAreAccepted ...........................................   Passed    0.01 sec
2026-09-27T16:02:25.7163990Z           Start 1280: NetemLinkFaultTest.TheInterfaceNameIsTheBridgeAndThePort
2026-09-27T16:02:25.7290653Z 1280/1366 Test #1280: NetemLinkFaultTest.TheInterfaceNameIsTheBridgeAndThePort ................................................   Passed    0.01 sec
2026-09-27T16:02:25.7292529Z           Start 1281: NetemLinkFaultTest.CuttingAShapedInterfaceIssuesTheParentForm
2026-09-27T16:02:25.7420134Z 1281/1366 Test #1281: NetemLinkFaultTest.CuttingAShapedInterfaceIssuesTheParentForm ...........................................   Passed    0.01 sec
2026-09-27T16:02:25.7422147Z           Start 1282: NetemLinkFaultTest.CuttingARefusedInterfaceRunsNoCommandAtAll
2026-09-27T16:02:25.7551442Z 1282/1366 Test #1282: NetemLinkFaultTest.CuttingARefusedInterfaceRunsNoCommandAtAll ...........................................   Passed    0.01 sec
2026-09-27T16:02:25.7553166Z           Start 1283: NetemLinkFaultTest.ABadInterfaceNameNeverReachesTc
2026-09-27T16:02:25.7683406Z 1283/1366 Test #1283: NetemLinkFaultTest.ABadInterfaceNameNeverReachesTc ......................................................   Passed    0.01 sec
2026-09-27T16:02:25.7684428Z           Start 1284: NetemLinkFaultTest.AnUnreadableTreeStopsTheCut
2026-09-27T16:02:25.7813995Z 1284/1366 Test #1284: NetemLinkFaultTest.AnUnreadableTreeStopsTheCut ..........................................................   Passed    0.01 sec
2026-09-27T16:02:25.7815809Z           Start 1285: NetemLinkFaultTest.RestoringDeletesTheNetemWhereItActuallyIs
2026-09-27T16:02:25.7945448Z 1285/1366 Test #1285: NetemLinkFaultTest.RestoringDeletesTheNetemWhereItActuallyIs ............................................   Passed    0.01 sec
2026-09-27T16:02:25.7946651Z           Start 1286: NetemLinkFaultTest.RestoringACleanInterfaceIsANoopNotAnError
2026-09-27T16:02:25.8077907Z 1286/1366 Test #1286: NetemLinkFaultTest.RestoringACleanInterfaceIsANoopNotAnError ............................................   Passed    0.01 sec
2026-09-27T16:02:25.8079222Z           Start 1287: NetemLinkFaultTest.ARestoreThatLeftNetemBehindIsReportedAsAFailure
2026-09-27T16:02:25.8212192Z 1287/1366 Test #1287: NetemLinkFaultTest.ARestoreThatLeftNetemBehindIsReportedAsAFailure ......................................   Passed    0.01 sec
2026-09-27T16:02:25.8213567Z           Start 1288: NetemLinkFaultTest.TheWholeMachineTreeNamesTheInterfaceInsideEachLine
2026-09-27T16:02:25.8340977Z 1288/1366 Test #1288: NetemLinkFaultTest.TheWholeMachineTreeNamesTheInterfaceInsideEachLine ...................................   Passed    0.01 sec
2026-09-27T16:02:25.8342888Z           Start 1289: NetemLinkFaultTest.AnInterfaceCarryingTwoNetemsIsNamedOnce
2026-09-27T16:02:25.8473562Z 1289/1366 Test #1289: NetemLinkFaultTest.AnInterfaceCarryingTwoNetemsIsNamedOnce ..............................................   Passed    0.01 sec
2026-09-27T16:02:25.8474990Z           Start 1290: NetemLinkFaultTest.TheFakesPerDeviceViewIsTheFormRestoreInterfaceCanRead
2026-09-27T16:02:25.8604347Z 1290/1366 Test #1290: NetemLinkFaultTest.TheFakesPerDeviceViewIsTheFormRestoreInterfaceCanRead ................................   Passed    0.01 sec
2026-09-27T16:02:25.8605894Z           Start 1291: ResidualNetemSweepTest.TheSweepCoversBothEndsOfEverySwitchToSwitchLinkAndNothingElse
2026-09-27T16:02:25.8737629Z 1291/1366 Test #1291: ResidualNetemSweepTest.TheSweepCoversBothEndsOfEverySwitchToSwitchLinkAndNothingElse ....................   Passed    0.01 sec
2026-09-27T16:02:25.8739636Z           Start 1292: ResidualNetemSweepTest.TheHostFacingSetIsEveryPortAHostHangsOff
2026-09-27T16:02:25.8868746Z 1292/1366 Test #1292: ResidualNetemSweepTest.TheHostFacingSetIsEveryPortAHostHangsOff .........................................   Passed    0.01 sec
2026-09-27T16:02:25.8870951Z           Start 1293: ResidualNetemSweepTest.TheSweepReadsTheWholeMachineInOneCall
2026-09-27T16:02:25.9002248Z 1293/1366 Test #1293: ResidualNetemSweepTest.TheSweepReadsTheWholeMachineInOneCall ............................................   Passed    0.01 sec
2026-09-27T16:02:25.9003774Z           Start 1294: ResidualNetemSweepTest.ResidualNetemIsNamedInOneWarningAtStartup
2026-09-27T16:02:25.9137868Z 1294/1366 Test #1294: ResidualNetemSweepTest.ResidualNetemIsNamedInOneWarningAtStartup ........................................   Passed    0.01 sec
2026-09-27T16:02:25.9139309Z           Start 1295: ResidualNetemSweepTest.NetemOnAHostFacingPortIsFoundAndSaidToBeHostFacing
2026-09-27T16:02:25.9271070Z 1295/1366 Test #1295: ResidualNetemSweepTest.NetemOnAHostFacingPortIsFoundAndSaidToBeHostFacing ...............................   Passed    0.01 sec
2026-09-27T16:02:25.9273471Z           Start 1296: ResidualNetemSweepTest.NetemOnAnInterfaceThisTopologyDoesNotNameIsReportedAsUnknown
2026-09-27T16:02:25.9407575Z 1296/1366 Test #1296: ResidualNetemSweepTest.NetemOnAnInterfaceThisTopologyDoesNotNameIsReportedAsUnknown .....................   Passed    0.01 sec
2026-09-27T16:02:25.9409543Z           Start 1297: ResidualNetemSweepTest.TheWarningSeparatesTheThreeKindsAndCountsThem
2026-09-27T16:02:25.9543108Z 1297/1366 Test #1297: ResidualNetemSweepTest.TheWarningSeparatesTheThreeKindsAndCountsThem ....................................   Passed    0.01 sec
2026-09-27T16:02:25.9544787Z           Start 1298: ResidualNetemSweepTest.NetemOutsideThisFabricsInterfaceShapeIsNotReported
2026-09-27T16:02:25.9677536Z 1298/1366 Test #1298: ResidualNetemSweepTest.NetemOutsideThisFabricsInterfaceShapeIsNotReported ...............................   Passed    0.01 sec
2026-09-27T16:02:25.9678909Z           Start 1299: ResidualNetemSweepTest.TheSweepNeverRunsACommandThatChangesTheTree
2026-09-27T16:02:25.9811608Z 1299/1366 Test #1299: ResidualNetemSweepTest.TheSweepNeverRunsACommandThatChangesTheTree ......................................   Passed    0.01 sec
2026-09-27T16:02:25.9813143Z           Start 1300: ResidualNetemSweepTest.TheSweepDoesNotDeclareTheLinkDown
2026-09-27T16:02:25.9943075Z 1300/1366 Test #1300: ResidualNetemSweepTest.TheSweepDoesNotDeclareTheLinkDown ................................................   Passed    0.01 sec
2026-09-27T16:02:25.9944402Z           Start 1301: ResidualNetemSweepTest.ACleanFabricProducesNoWarning
2026-09-27T16:02:26.0076993Z 1301/1366 Test #1301: ResidualNetemSweepTest.ACleanFabricProducesNoWarning ....................................................   Passed    0.01 sec
2026-09-27T16:02:26.0078181Z           Start 1302: ResidualNetemSweepTest.TCLinkShapingOnItsOwnIsNotResidue
2026-09-27T16:02:26.0209235Z 1302/1366 Test #1302: ResidualNetemSweepTest.TCLinkShapingOnItsOwnIsNotResidue ................................................   Passed    0.01 sec
2026-09-27T16:02:26.0210951Z           Start 1303: ResidualNetemSweepTest.AnUnreadableQdiscTreeIsReportedAsUnreadNotAsClean
2026-09-27T16:02:26.0339780Z 1303/1366 Test #1303: ResidualNetemSweepTest.AnUnreadableQdiscTreeIsReportedAsUnreadNotAsClean ................................   Passed    0.01 sec
2026-09-27T16:02:26.0341173Z           Start 1304: ResidualNetemSweepTest.ATestbedDeploymentRunsNoTcAtAll
2026-09-27T16:02:26.0470025Z 1304/1366 Test #1304: ResidualNetemSweepTest.ATestbedDeploymentRunsNoTcAtAll ..................................................   Passed    0.01 sec
2026-09-27T16:02:26.0471555Z           Start 1305: InjectedNetemProvenanceTest.ANetemNothingRecordedIsForeign
2026-09-27T16:02:26.0602499Z 1305/1366 Test #1305: InjectedNetemProvenanceTest.ANetemNothingRecordedIsForeign ..............................................   Passed    0.01 sec
2026-09-27T16:02:26.0604032Z           Start 1306: InjectedNetemProvenanceTest.TheHandleThisKernelWroteDownIsWhatMakesItOurs
2026-09-27T16:02:26.0735160Z 1306/1366 Test #1306: InjectedNetemProvenanceTest.TheHandleThisKernelWroteDownIsWhatMakesItOurs ...............................   Passed    0.01 sec
2026-09-27T16:02:26.0737217Z           Start 1307: InjectedNetemProvenanceTest.ANetemSwappedForOursIsNotOursAnyMore
2026-09-27T16:02:26.0868466Z 1307/1366 Test #1307: InjectedNetemProvenanceTest.ANetemSwappedForOursIsNotOursAnyMore ........................................   Passed    0.01 sec
2026-09-27T16:02:26.0870313Z           Start 1308: InjectedNetemProvenanceTest.AnEntryWithNoHandleCannotBeClaimed
2026-09-27T16:02:26.0997049Z 1308/1366 Test #1308: InjectedNetemProvenanceTest.AnEntryWithNoHandleCannotBeClaimed ..........................................   Passed    0.01 sec
2026-09-27T16:02:26.0998701Z           Start 1309: InjectedNetemProvenanceTest.ACleanInterfaceIsStillTheIdempotentNoop
2026-09-27T16:02:26.1128920Z 1309/1366 Test #1309: InjectedNetemProvenanceTest.ACleanInterfaceIsStillTheIdempotentNoop .....................................   Passed    0.01 sec
2026-09-27T16:02:26.1131114Z           Start 1310: InjectedNetemProvenanceTest.RestoringAForeignNetemRunsNoCommandAtAll
2026-09-27T16:02:26.1258966Z 1310/1366 Test #1310: InjectedNetemProvenanceTest.RestoringAForeignNetemRunsNoCommandAtAll ....................................   Passed    0.01 sec
2026-09-27T16:02:26.1260502Z           Start 1311: InjectedNetemProvenanceTest.RestoringOurOwnNetemDeletesItAndForgetsIt
2026-09-27T16:02:26.1389653Z 1311/1366 Test #1311: InjectedNetemProvenanceTest.RestoringOurOwnNetemDeletesItAndForgetsIt ...................................   Passed    0.01 sec
2026-09-27T16:02:26.1391228Z           Start 1312: AllOrNothingCutTest.BothEndsCutAreBothRecorded
2026-09-27T16:02:26.1519885Z 1312/1366 Test #1312: AllOrNothingCutTest.BothEndsCutAreBothRecorded ..........................................................   Passed    0.01 sec
2026-09-27T16:02:26.1521095Z           Start 1313: AllOrNothingCutTest.AnEndAlreadyCarryingSomebodyElsesNetemStopsTheWholeCut
2026-09-27T16:02:26.1649331Z 1313/1366 Test #1313: AllOrNothingCutTest.AnEndAlreadyCarryingSomebodyElsesNetemStopsTheWholeCut ..............................   Passed    0.01 sec
2026-09-27T16:02:26.1651115Z           Start 1314: AllOrNothingCutTest.ASecondAttachThatFailsRollsBackTheFirst
2026-09-27T16:02:26.1785139Z 1314/1366 Test #1314: AllOrNothingCutTest.ASecondAttachThatFailsRollsBackTheFirst .............................................   Passed    0.01 sec
2026-09-27T16:02:26.1786700Z           Start 1315: AllOrNothingCutTest.AnEndTheGraphCannotNameStopsTheCutToo
2026-09-27T16:02:26.1914108Z 1315/1366 Test #1315: AllOrNothingCutTest.AnEndTheGraphCannotNameStopsTheCutToo ...............................................   Passed    0.01 sec
2026-09-27T16:02:26.1915152Z           Start 1316: ExemptSwitchTest.TheMarkIsWhatTellsTheTwoSwitchesApart
2026-09-27T16:02:26.2043382Z 1316/1366 Test #1316: ExemptSwitchTest.TheMarkIsWhatTellsTheTwoSwitchesApart ..................................................   Passed    0.01 sec
2026-09-27T16:02:26.2044942Z           Start 1317: ExemptSwitchTest.TheTestbedPowerReportDoesNotSshTheExemptSwitch
2026-09-27T16:02:26.2173800Z 1317/1366 Test #1317: ExemptSwitchTest.TheTestbedPowerReportDoesNotSshTheExemptSwitch .........................................   Passed    0.01 sec
2026-09-27T16:02:26.2174983Z           Start 1318: ExemptSwitchTest.TheCpuReportDoesNotSnmpTheExemptSwitch
2026-09-27T16:02:26.2306731Z 1318/1366 Test #1318: ExemptSwitchTest.TheCpuReportDoesNotSnmpTheExemptSwitch .................................................   Passed    0.01 sec
2026-09-27T16:02:26.2307860Z           Start 1319: ExemptSwitchTest.TheMemoryReportDoesNotSnmpTheExemptSwitch
2026-09-27T16:02:26.2439258Z 1319/1366 Test #1319: ExemptSwitchTest.TheMemoryReportDoesNotSnmpTheExemptSwitch ..............................................   Passed    0.01 sec
2026-09-27T16:02:26.2440506Z           Start 1320: ExemptSwitchTest.TheTemperatureReportAnswersTheSentinelRatherThanTheHpeSentence
2026-09-27T16:02:26.2568973Z 1320/1366 Test #1320: ExemptSwitchTest.TheTemperatureReportAnswersTheSentinelRatherThanTheHpeSentence .........................   Passed    0.01 sec
2026-09-27T16:02:26.2571021Z           Start 1321: ExemptSwitchTest.TheSingleSwitchPowerReportSaysExemptRatherThanFailing
2026-09-27T16:02:26.2698614Z 1321/1366 Test #1321: ExemptSwitchTest.TheSingleSwitchPowerReportSaysExemptRatherThanFailing ..................................   Passed    0.01 sec
2026-09-27T16:02:26.2700037Z           Start 1322: ExemptSwitchTest.TheSingleSwitchPowerReportStillSshesANonExemptSwitch
2026-09-27T16:02:26.2826410Z 1322/1366 Test #1322: ExemptSwitchTest.TheSingleSwitchPowerReportStillSshesANonExemptSwitch ...................................   Passed    0.01 sec
2026-09-27T16:02:26.2827900Z           Start 1323: ExemptSwitchTest.TheSingleSwitchCpuReportSaysExemptRatherThanFailing
2026-09-27T16:02:26.2955677Z 1323/1366 Test #1323: ExemptSwitchTest.TheSingleSwitchCpuReportSaysExemptRatherThanFailing ....................................   Passed    0.01 sec
2026-09-27T16:02:26.2957131Z           Start 1324: ExemptSwitchTest.TheSingleSwitchCpuReportStillSnmpsANonExemptSwitch
2026-09-27T16:02:26.3092569Z 1324/1366 Test #1324: ExemptSwitchTest.TheSingleSwitchCpuReportStillSnmpsANonExemptSwitch .....................................   Passed    0.01 sec
2026-09-27T16:02:26.3094745Z           Start 1325: ExemptSwitchTest.MininetStillGivesTheExemptSwitchItsSyntheticPowerFigure
2026-09-27T16:02:26.3226152Z 1325/1366 Test #1325: ExemptSwitchTest.MininetStillGivesTheExemptSwitchItsSyntheticPowerFigure ................................   Passed    0.01 sec
2026-09-27T16:02:26.3228646Z           Start 1326: ExemptSwitchTest.MininetStillGivesTheExemptSwitchTheSameSyntheticFigureThroughBothPaths
2026-09-27T16:02:26.3362346Z 1326/1366 Test #1326: ExemptSwitchTest.MininetStillGivesTheExemptSwitchTheSameSyntheticFigureThroughBothPaths .................   Passed    0.01 sec
2026-09-27T16:02:26.3364468Z           Start 1327: ExemptSwitchTest.TheExemptionIsLoggedOncePerEpisodeAndNotOncePerRound
2026-09-27T16:02:26.3507016Z 1327/1366 Test #1327: ExemptSwitchTest.TheExemptionIsLoggedOncePerEpisodeAndNotOncePerRound ...................................   Passed    0.01 sec
2026-09-27T16:02:26.3508623Z           Start 1328: ExemptSwitchTest.GetGraphDataCarriesBothMarksOnASwitchAndNeitherOnAHost
2026-09-27T16:02:26.3637785Z 1328/1366 Test #1328: ExemptSwitchTest.GetGraphDataCarriesBothMarksOnASwitchAndNeitherOnAHost .................................   Passed    0.01 sec
2026-09-27T16:02:26.3639225Z           Start 1329: ExemptSwitchTest.TheLoadedExemptSwitchIsMarkedAndAnnounced
2026-09-27T16:02:26.3862461Z 1329/1366 Test #1329: ExemptSwitchTest.TheLoadedExemptSwitchIsMarkedAndAnnounced ..............................................   Passed    0.02 sec
2026-09-27T16:02:26.3863782Z           Start 1330: ExemptSwitchTest.AFleetWithNoExemptSwitchSaysNothingAtAll
2026-09-27T16:02:26.4083874Z 1330/1366 Test #1330: ExemptSwitchTest.AFleetWithNoExemptSwitchSaysNothingAtAll ...............................................   Passed    0.02 sec
2026-09-27T16:02:26.4085433Z           Start 1331: ExemptSwitchTest.ThePowerReportSaysWhichPathEachFigureCameFrom
2026-09-27T16:02:26.4214486Z 1331/1366 Test #1331: ExemptSwitchTest.ThePowerReportSaysWhichPathEachFigureCameFrom ..........................................   Passed    0.01 sec
2026-09-27T16:02:26.4216439Z           Start 1332: ExemptSwitchTest.TheTestbedPowerReportSaysWhetherItsMinusOneIsUnaskedOrUnanswered
2026-09-27T16:02:26.4346617Z 1332/1366 Test #1332: ExemptSwitchTest.TheTestbedPowerReportSaysWhetherItsMinusOneIsUnaskedOrUnanswered .......................   Passed    0.01 sec
2026-09-27T16:02:26.4348450Z           Start 1333: ExemptSwitchTest.EveryExitOfThePowerReportCarriesThePath
2026-09-27T16:02:26.4479820Z 1333/1366 Test #1333: ExemptSwitchTest.EveryExitOfThePowerReportCarriesThePath ................................................   Passed    0.01 sec
2026-09-27T16:02:26.4481889Z           Start 1334: ExemptSwitchTest.TheSingleSwitchPowerReportSaysWhichPathItsFigureCameFrom
2026-09-27T16:02:26.4611804Z 1334/1366 Test #1334: ExemptSwitchTest.TheSingleSwitchPowerReportSaysWhichPathItsFigureCameFrom ...............................   Passed    0.01 sec
2026-09-27T16:02:26.4614390Z           Start 1335: ExemptSwitchTest.TheTestbedSingleSwitchReplySaysWhetherItsMinusOneIsUnaskedOrUnanswered
2026-09-27T16:02:26.4746496Z 1335/1366 Test #1335: ExemptSwitchTest.TheTestbedSingleSwitchReplySaysWhetherItsMinusOneIsUnaskedOrUnanswered .................   Passed    0.01 sec
2026-09-27T16:02:26.4748194Z           Start 1336: ExemptSwitchTest.BothPowerCopiesAgreeAboutThePathAsWellAsTheFigure
2026-09-27T16:02:26.4877327Z 1336/1366 Test #1336: ExemptSwitchTest.BothPowerCopiesAgreeAboutThePathAsWellAsTheFigure ......................................   Passed    0.01 sec
2026-09-27T16:02:26.4879055Z           Start 1337: OpenflowCapacityTest.TheCeilingIsWhateverTheRunningPipelineSays
2026-09-27T16:02:26.5006841Z 1337/1366 Test #1337: OpenflowCapacityTest.TheCeilingIsWhateverTheRunningPipelineSays .........................................   Passed    0.01 sec
2026-09-27T16:02:26.5008613Z           Start 1338: OpenflowCapacityTest.BothWritableTablesCarryTheirOwnCeiling
2026-09-27T16:02:26.5138545Z 1338/1366 Test #1338: OpenflowCapacityTest.BothWritableTablesCarryTheirOwnCeiling .............................................   Passed    0.01 sec
2026-09-27T16:02:26.5139745Z           Start 1339: OpenflowCapacityTest.AnUnreadableArtifactRefusesToGuess
2026-09-27T16:02:26.5269108Z 1339/1366 Test #1339: OpenflowCapacityTest.AnUnreadableArtifactRefusesToGuess .................................................   Passed    0.01 sec
2026-09-27T16:02:26.5270188Z           Start 1340: OpenflowCapacityTest.AvailableIsTheCeilingMinusWhatTheSwitchReports
2026-09-27T16:02:26.5400392Z 1340/1366 Test #1340: OpenflowCapacityTest.AvailableIsTheCeilingMinusWhatTheSwitchReports .....................................   Passed    0.01 sec
2026-09-27T16:02:26.5401987Z           Start 1341: OpenflowCapacityTest.ASwitchNothingHasPolledYetIsUnknownNotEmpty
2026-09-27T16:02:26.5532325Z 1341/1366 Test #1341: OpenflowCapacityTest.ASwitchNothingHasPolledYetIsUnknownNotEmpty ........................................   Passed    0.01 sec
2026-09-27T16:02:26.5534117Z           Start 1342: OpenflowCapacityTest.RowsAreCountedAcrossEveryTableTheViewLists
2026-09-27T16:02:26.5660269Z 1342/1366 Test #1342: OpenflowCapacityTest.RowsAreCountedAcrossEveryTableTheViewLists .........................................   Passed    0.01 sec
2026-09-27T16:02:26.5662287Z           Start 1343: OpenflowCapacityTest.AMalformedViewCountsNothingRatherThanThrowing
2026-09-27T16:02:26.5789572Z 1343/1366 Test #1343: OpenflowCapacityTest.AMalformedViewCountsNothingRatherThanThrowing ......................................   Passed    0.01 sec
2026-09-27T16:02:26.5791428Z           Start 1344: OpenflowCapacityArgvTest.ThePipelineIsFoundEvenThoughItIsNotTheLastArgument
2026-09-27T16:02:26.5920092Z 1344/1366 Test #1344: OpenflowCapacityArgvTest.ThePipelineIsFoundEvenThoughItIsNotTheLastArgument .............................   Passed    0.01 sec
2026-09-27T16:02:26.5922152Z           Start 1345: OpenflowCapacityArgvTest.TheLastJsonWinsWhenAnOptionValueIsAlsoAJsonFile
2026-09-27T16:02:26.6048002Z 1345/1366 Test #1345: OpenflowCapacityArgvTest.TheLastJsonWinsWhenAnOptionValueIsAlsoAJsonFile ................................   Passed    0.01 sec
2026-09-27T16:02:26.6049841Z           Start 1346: OpenflowCapacityArgvTest.APlainSimpleSwitchCountsAndSoDoesALocalBuild
2026-09-27T16:02:26.6176150Z 1346/1366 Test #1346: OpenflowCapacityArgvTest.APlainSimpleSwitchCountsAndSoDoesALocalBuild ...................................   Passed    0.01 sec
2026-09-27T16:02:26.6177860Z           Start 1347: OpenflowCapacityArgvTest.AProcessThatMerelyNamesTheArtifactIsNotASwitch
2026-09-27T16:02:26.6304316Z 1347/1366 Test #1347: OpenflowCapacityArgvTest.AProcessThatMerelyNamesTheArtifactIsNotASwitch .................................   Passed    0.01 sec
2026-09-27T16:02:26.6306185Z           Start 1348: OpenflowCapacityArgvTest.ArgvIsSplitOnNulAndTrailingNulsAreNotArguments
2026-09-27T16:02:26.6432047Z 1348/1366 Test #1348: OpenflowCapacityArgvTest.ArgvIsSplitOnNulAndTrailingNulsAreNotArguments .................................   Passed    0.01 sec
2026-09-27T16:02:26.6433759Z           Start 1349: OpenflowCapacityProcTest.TheArtifactIsTheOneARunningSwitchHasLoaded
2026-09-27T16:02:26.6570307Z 1349/1366 Test #1349: OpenflowCapacityProcTest.TheArtifactIsTheOneARunningSwitchHasLoaded .....................................   Passed    0.01 sec
2026-09-27T16:02:26.6572494Z           Start 1350: OpenflowCapacityProcTest.WithNothingRunningTheBuildArtifactIsUsedAndLabelled
2026-09-27T16:02:26.6713164Z 1350/1366 Test #1350: OpenflowCapacityProcTest.WithNothingRunningTheBuildArtifactIsUsedAndLabelled ............................   Passed    0.01 sec
2026-09-27T16:02:26.6714947Z           Start 1351: OpenflowCapacityProcTest.WithNothingRunningAndNoBuildArtifactNothingIsClaimed
2026-09-27T16:02:26.6852478Z 1351/1366 Test #1351: OpenflowCapacityProcTest.WithNothingRunningAndNoBuildArtifactNothingIsClaimed ...........................   Passed    0.01 sec
2026-09-27T16:02:26.6854340Z           Start 1352: OpenflowCapacityProcTest.SwitchesOnDifferentPipelinesAreReportedAsADisagreement
2026-09-27T16:02:26.6997476Z 1352/1366 Test #1352: OpenflowCapacityProcTest.SwitchesOnDifferentPipelinesAreReportedAsADisagreement .........................   Passed    0.01 sec
2026-09-27T16:02:26.6999516Z           Start 1353: OpenflowCapacityReportTest.TheVendorRowsSayTheyAreACatalogueAndKeepTheirNumbers
2026-09-27T16:02:26.7134447Z 1353/1366 Test #1353: OpenflowCapacityReportTest.TheVendorRowsSayTheyAreACatalogueAndKeepTheirNumbers .........................   Passed    0.01 sec
2026-09-27T16:02:26.7136497Z           Start 1354: OpenflowCapacityReportTest.TheBmv2BlockAppearsOnlyWhenTheTopologyHasBmv2Switches
2026-09-27T16:02:26.7269257Z 1354/1366 Test #1354: OpenflowCapacityReportTest.TheBmv2BlockAppearsOnlyWhenTheTopologyHasBmv2Switches ........................   Passed    0.01 sec
2026-09-27T16:02:26.7270966Z           Start 1355: OpenflowCapacityReportTest.TheSourceNamesTheFileTheNumberWasReadFrom
2026-09-27T16:02:26.7398759Z 1355/1366 Test #1355: OpenflowCapacityReportTest.TheSourceNamesTheFileTheNumberWasReadFrom ....................................   Passed    0.01 sec
2026-09-27T16:02:26.7400529Z           Start 1356: OpenflowCapacityReadTest.TheReportIsAssembledFromTheFilesTheSourcesNameAndNoOthers
2026-09-27T16:02:26.7554972Z 1356/1366 Test #1356: OpenflowCapacityReadTest.TheReportIsAssembledFromTheFilesTheSourcesNameAndNoOthers ......................   Passed    0.02 sec
2026-09-27T16:02:26.7556756Z           Start 1357: OpenflowCapacityReadTest.AMissingCatalogueStillLeavesTheBmv2PlaneAnswerable
2026-09-27T16:02:26.7695576Z 1357/1366 Test #1357: OpenflowCapacityReadTest.AMissingCatalogueStillLeavesTheBmv2PlaneAnswerable .............................   Passed    0.01 sec
2026-09-27T16:02:26.7697857Z           Start 1358: CapacityEndpointTest.TheEndpointReportsTheRunningPipelineAndNotJustTheCatalogue
2026-09-27T16:02:26.7857941Z 1358/1366 Test #1358: CapacityEndpointTest.TheEndpointReportsTheRunningPipelineAndNotJustTheCatalogue .........................   Passed    0.02 sec
2026-09-27T16:02:26.7859505Z           Start 1359: CapacityEndpointTest.AnOvsOnlyTopologyGetsNoBmv2Plane
2026-09-27T16:02:26.8016177Z 1359/1366 Test #1359: CapacityEndpointTest.AnOvsOnlyTopologyGetsNoBmv2Plane ...................................................   Passed    0.02 sec
2026-09-27T16:02:26.8017673Z           Start 1360: TopologyLoadedModel.TheTestsOwnHasherMatchesThePublishedVector
2026-09-27T16:02:26.8158974Z 1360/1366 Test #1360: TopologyLoadedModel.TheTestsOwnHasherMatchesThePublishedVector ..........................................   Passed    0.01 sec
2026-09-27T16:02:26.8160564Z           Start 1361: TopologyLoadedModel.ThePathTheHashAndTheTimeAreRecordedAtLoad
2026-09-27T16:02:26.8376715Z 1361/1366 Test #1361: TopologyLoadedModel.ThePathTheHashAndTheTimeAreRecordedAtLoad ...........................................   Passed    0.02 sec
2026-09-27T16:02:26.8378594Z           Start 1362: TopologyLoadedModel.TheHashIsOfTheFileBytesNotOfItsPath
2026-09-27T16:02:26.8593556Z 1362/1366 Test #1362: TopologyLoadedModel.TheHashIsOfTheFileBytesNotOfItsPath .................................................   Passed    0.02 sec
2026-09-27T16:02:26.8595124Z           Start 1363: TopologyLoadedModel.TheRecordDoesNotFollowTheFileAfterTheLoad
2026-09-27T16:02:26.8819936Z 1363/1366 Test #1363: TopologyLoadedModel.TheRecordDoesNotFollowTheFileAfterTheLoad ...........................................   Passed    0.02 sec
2026-09-27T16:02:26.8821552Z           Start 1364: TopologyLoadedModel.AMonitorThatHasLoadedNothingSaysNothing
2026-09-27T16:02:26.8950133Z 1364/1366 Test #1364: TopologyLoadedModel.AMonitorThatHasLoadedNothingSaysNothing .............................................   Passed    0.01 sec
2026-09-27T16:02:26.8952065Z           Start 1365: TopologyLoadedModelWire.TheThreeKeysAreServedByGetGraphData
2026-09-27T16:02:26.9260606Z 1365/1366 Test #1365: TopologyLoadedModelWire.TheThreeKeysAreServedByGetGraphData .............................................   Passed    0.03 sec
2026-09-27T16:02:26.9262452Z           Start 1366: TopologyLoadedModelWire.AKernelWithNoTopologyServesTheBaselineShape
2026-09-27T16:02:26.9397954Z 1366/1366 Test #1366: TopologyLoadedModelWire.AKernelWithNoTopologyServesTheBaselineShape .....................................   Passed    0.01 sec
2026-09-27T16:02:26.9422039Z 
2026-09-27T16:02:26.9422364Z 100% tests passed, 0 tests failed out of 1366
2026-09-27T16:02:26.9422700Z 
2026-09-27T16:02:26.9422844Z Total Test time (real) =  32.77 sec
2026-09-27T16:02:27.0352794Z ##[group]Run actions/setup-python@v5
2026-09-27T16:02:27.0353113Z with:
2026-09-27T16:02:27.0353315Z   python-version: 3.12
2026-09-27T16:02:27.0353542Z   check-latest: false
2026-09-27T16:02:27.0356092Z   token: ***
2026-09-27T16:02:27.0356304Z   update-environment: true
2026-09-27T16:02:27.0356542Z   allow-prereleases: false
2026-09-27T16:02:27.0356787Z   freethreaded: false
2026-09-27T16:02:27.0356985Z env:
2026-09-27T16:02:27.0357363Z   APT_PACKAGES: g++ cmake ninja-build libboost-system-dev libboost-url-dev libssl-dev libssh-dev
2026-09-27T16:02:27.0357805Z ##[endgroup]
2026-09-27T16:02:27.1799087Z ##[group]Installed versions
2026-09-27T16:02:27.1898557Z (node:6298) [DEP0040] DeprecationWarning: The `punycode` module is deprecated. Please use a userland alternative instead.
2026-09-27T16:02:27.1899413Z (Use `node --trace-deprecation ...` to show where the warning was created)
2026-09-27T16:02:27.1900273Z Successfully set up CPython (3.12.14)
2026-09-27T16:02:27.1901201Z ##[endgroup]
2026-09-27T16:02:27.2074923Z ##[group]Run python -m pip install --upgrade pip && pip install -r p4_proxy/requirements.txt && python p4_proxy/regen_p4runtime_pb2.py
2026-09-27T16:02:27.2076474Z [36;1mpython -m pip install --upgrade pip && pip install -r p4_proxy/requirements.txt && python p4_proxy/regen_p4runtime_pb2.py[0m
2026-09-27T16:02:27.2179985Z shell: /usr/bin/bash -e {0}
2026-09-27T16:02:27.2180338Z env:
2026-09-27T16:02:27.2180844Z   APT_PACKAGES: g++ cmake ninja-build libboost-system-dev libboost-url-dev libssl-dev libssh-dev
2026-09-27T16:02:27.2181507Z   pythonLocation: /opt/hostedtoolcache/Python/3.12.14/x64
2026-09-27T16:02:27.2182364Z   PKG_CONFIG_PATH: /opt/hostedtoolcache/Python/3.12.14/x64/lib/pkgconfig
2026-09-27T16:02:27.2182831Z   Python_ROOT_DIR: /opt/hostedtoolcache/Python/3.12.14/x64
2026-09-27T16:02:27.2183236Z   Python2_ROOT_DIR: /opt/hostedtoolcache/Python/3.12.14/x64
2026-09-27T16:02:27.2183638Z   Python3_ROOT_DIR: /opt/hostedtoolcache/Python/3.12.14/x64
2026-09-27T16:02:27.2184107Z   LD_LIBRARY_PATH: /opt/hostedtoolcache/Python/3.12.14/x64/lib
2026-09-27T16:02:27.2184453Z ##[endgroup]
2026-09-27T16:02:28.0389578Z Requirement already satisfied: pip in /opt/hostedtoolcache/Python/3.12.14/x64/lib/python3.12/site-packages (26.2.1)
2026-09-27T16:02:29.1936979Z Collecting grpcio==1.82.1 (from -r p4_proxy/requirements.txt (line 79))
2026-09-27T16:02:29.2456453Z   Downloading grpcio-1.82.1-cp312-cp312-manylinux2014_x86_64.manylinux_2_17_x86_64.whl.metadata (3.7 kB)
2026-09-27T16:02:29.3886864Z Collecting protobuf==5.29.6 (from -r p4_proxy/requirements.txt (line 95))
2026-09-27T16:02:29.3925487Z   Downloading protobuf-5.29.6-cp38-abi3-manylinux2014_x86_64.whl.metadata (592 bytes)
2026-09-27T16:02:29.4246529Z Collecting p4runtime==1.5.0 (from -r p4_proxy/requirements.txt (line 96))
2026-09-27T16:02:29.4286447Z   Downloading p4runtime-1.5.0-py3-none-any.whl.metadata (10 kB)
2026-09-27T16:02:29.4451376Z Collecting googleapis-common-protos==1.75.0 (from -r p4_proxy/requirements.txt (line 102))
2026-09-27T16:02:29.4489634Z   Downloading googleapis_common_protos-1.75.0-py3-none-any.whl.metadata (8.6 kB)
2026-09-27T16:02:29.9800458Z Collecting grpcio-tools==1.71.2 (from -r p4_proxy/requirements.txt (line 109))
2026-09-27T16:02:29.9837298Z   Downloading grpcio_tools-1.71.2-cp312-cp312-manylinux_2_17_x86_64.manylinux2014_x86_64.whl.metadata (5.3 kB)
2026-09-27T16:02:30.0208620Z Collecting fastapi==0.139.2 (from -r p4_proxy/requirements.txt (line 111))
2026-09-27T16:02:30.0243518Z   Downloading fastapi-0.139.2-py3-none-any.whl.metadata (26 kB)
2026-09-27T16:02:30.0520845Z Collecting starlette==1.3.1 (from -r p4_proxy/requirements.txt (line 116))
2026-09-27T16:02:30.0556923Z   Downloading starlette-1.3.1-py3-none-any.whl.metadata (6.4 kB)
2026-09-27T16:02:30.0792158Z Collecting uvicorn==0.51.0 (from -r p4_proxy/requirements.txt (line 117))
2026-09-27T16:02:30.0843094Z   Downloading uvicorn-0.51.0-py3-none-any.whl.metadata (6.6 kB)
2026-09-27T16:02:30.1052094Z Collecting networkx==3.6.1 (from -r p4_proxy/requirements.txt (line 118))
2026-09-27T16:02:30.1088693Z   Downloading networkx-3.6.1-py3-none-any.whl.metadata (6.8 kB)
2026-09-27T16:02:30.1340716Z Collecting requests==2.34.2 (from -r p4_proxy/requirements.txt (line 122))
2026-09-27T16:02:30.1376581Z   Downloading requests-2.34.2-py3-none-any.whl.metadata (4.8 kB)
2026-09-27T16:02:30.4520640Z Collecting hypothesis==6.165.5 (from -r p4_proxy/requirements.txt (line 127))
2026-09-27T16:02:30.4563327Z   Downloading hypothesis-6.165.5-cp312-cp312-manylinux_2_17_x86_64.manylinux2014_x86_64.whl.metadata (5.7 kB)
2026-09-27T16:02:30.4754680Z Collecting thrift==0.24.0 (from -r p4_proxy/requirements.txt (line 154))
2026-09-27T16:02:30.4814209Z   Downloading thrift-0.24.0-cp312-cp312-manylinux2014_x86_64.manylinux_2_17_x86_64.whl.metadata (2.7 kB)
2026-09-27T16:02:30.4994731Z Collecting typing-extensions~=4.12 (from grpcio==1.82.1->-r p4_proxy/requirements.txt (line 79))
2026-09-27T16:02:30.5032277Z   Downloading typing_extensions-4.16.0-py3-none-any.whl.metadata (3.3 kB)
2026-09-27T16:02:30.6119108Z Collecting setuptools (from grpcio-tools==1.71.2->-r p4_proxy/requirements.txt (line 109))
2026-09-27T16:02:30.6154691Z   Downloading setuptools-84.0.0-py3-none-any.whl.metadata (6.6 kB)
2026-09-27T16:02:30.7265534Z Collecting pydantic>=2.9.0 (from fastapi==0.139.2->-r p4_proxy/requirements.txt (line 111))
2026-09-27T16:02:30.7301870Z   Downloading pydantic-2.13.5-py3-none-any.whl.metadata (110 kB)
2026-09-27T16:02:30.7548301Z Collecting typing-inspection>=0.4.2 (from fastapi==0.139.2->-r p4_proxy/requirements.txt (line 111))
2026-09-27T16:02:30.7583535Z   Downloading typing_inspection-0.4.4-py3-none-any.whl.metadata (2.6 kB)
2026-09-27T16:02:30.7694889Z Collecting annotated-doc>=0.0.2 (from fastapi==0.139.2->-r p4_proxy/requirements.txt (line 111))
2026-09-27T16:02:30.7729568Z   Downloading annotated_doc-0.0.5-py3-none-any.whl.metadata (6.5 kB)
2026-09-27T16:02:30.7936202Z Collecting anyio<5,>=3.6.2 (from starlette==1.3.1->-r p4_proxy/requirements.txt (line 116))
2026-09-27T16:02:30.7996623Z   Downloading anyio-4.15.1-py3-none-any.whl.metadata (4.7 kB)
2026-09-27T16:02:30.8195397Z Collecting click>=7.0 (from uvicorn==0.51.0->-r p4_proxy/requirements.txt (line 117))
2026-09-27T16:02:30.8231230Z   Downloading click-8.5.0-py3-none-any.whl.metadata (2.6 kB)
2026-09-27T16:02:30.8362969Z Collecting h11>=0.8 (from uvicorn==0.51.0->-r p4_proxy/requirements.txt (line 117))
2026-09-27T16:02:30.8397155Z   Downloading h11-0.16.0-py3-none-any.whl.metadata (8.3 kB)
2026-09-27T16:02:30.9588802Z Collecting charset_normalizer<4,>=2 (from requests==2.34.2->-r p4_proxy/requirements.txt (line 122))
2026-09-27T16:02:30.9629727Z   Downloading charset_normalizer-3.5.1-cp312-cp312-manylinux2014_x86_64.manylinux_2_17_x86_64.manylinux_2_28_x86_64.whl.metadata (45 kB)
2026-09-27T16:02:30.9803309Z Collecting idna<4,>=2.5 (from requests==2.34.2->-r p4_proxy/requirements.txt (line 122))
2026-09-27T16:02:30.9841557Z   Downloading idna-3.20-py3-none-any.whl.metadata (7.2 kB)
2026-09-27T16:02:31.0063822Z Collecting urllib3<3,>=1.26 (from requests==2.34.2->-r p4_proxy/requirements.txt (line 122))
2026-09-27T16:02:31.0103481Z   Downloading urllib3-2.8.0-py3-none-any.whl.metadata (7.4 kB)
2026-09-27T16:02:31.0285834Z Collecting certifi>=2023.5.7 (from requests==2.34.2->-r p4_proxy/requirements.txt (line 122))
2026-09-27T16:02:31.0321504Z   Downloading certifi-2026.7.22-py3-none-any.whl.metadata (2.5 kB)
2026-09-27T16:02:31.0466774Z Collecting sortedcontainers<3.0.0,>=2.1.0 (from hypothesis==6.165.5->-r p4_proxy/requirements.txt (line 127))
2026-09-27T16:02:31.0518175Z   Downloading sortedcontainers-2.4.0-py2.py3-none-any.whl.metadata (10 kB)
2026-09-27T16:02:31.0709435Z Collecting annotated-types>=0.6.0 (from pydantic>=2.9.0->fastapi==0.139.2->-r p4_proxy/requirements.txt (line 111))
2026-09-27T16:02:31.0742578Z   Downloading annotated_types-0.8.0-py3-none-any.whl.metadata (15 kB)
2026-09-27T16:02:31.7557875Z Collecting pydantic-core==2.46.5 (from pydantic>=2.9.0->fastapi==0.139.2->-r p4_proxy/requirements.txt (line 111))
2026-09-27T16:02:31.7595006Z   Downloading pydantic_core-2.46.5-cp312-cp312-manylinux_2_17_x86_64.manylinux2014_x86_64.whl.metadata (6.6 kB)
2026-09-27T16:02:31.7707943Z Downloading grpcio-1.82.1-cp312-cp312-manylinux2014_x86_64.manylinux_2_17_x86_64.whl (6.9 MB)
2026-09-27T16:02:31.8071205Z    ━━━━━━━━━━━━━━━━━━━━━━━━━━━━━━━━━━━━━━━━ 6.9/6.9 MB 217.7 MB/s  0:00:00
2026-09-27T16:02:31.8107103Z Downloading protobuf-5.29.6-cp38-abi3-manylinux2014_x86_64.whl (320 kB)
2026-09-27T16:02:31.8174226Z Downloading p4runtime-1.5.0-py3-none-any.whl (45 kB)
2026-09-27T16:02:31.8227682Z Downloading googleapis_common_protos-1.75.0-py3-none-any.whl (300 kB)
2026-09-27T16:02:31.8303435Z Downloading grpcio_tools-1.71.2-cp312-cp312-manylinux_2_17_x86_64.manylinux2014_x86_64.whl (2.5 MB)
2026-09-27T16:02:31.8416721Z    ━━━━━━━━━━━━━━━━━━━━━━━━━━━━━━━━━━━━━━━━ 2.5/2.5 MB 253.7 MB/s  0:00:00
2026-09-27T16:02:31.8451904Z Downloading fastapi-0.139.2-py3-none-any.whl (130 kB)
2026-09-27T16:02:31.8507320Z Downloading starlette-1.3.1-py3-none-any.whl (73 kB)
2026-09-27T16:02:31.8560784Z Downloading uvicorn-0.51.0-py3-none-any.whl (73 kB)
2026-09-27T16:02:31.8617126Z Downloading networkx-3.6.1-py3-none-any.whl (2.1 MB)
2026-09-27T16:02:31.8724349Z    ━━━━━━━━━━━━━━━━━━━━━━━━━━━━━━━━━━━━━━━━ 2.1/2.1 MB 242.4 MB/s  0:00:00
2026-09-27T16:02:31.8758210Z Downloading requests-2.34.2-py3-none-any.whl (73 kB)
2026-09-27T16:02:31.8831289Z Downloading hypothesis-6.165.5-cp312-cp312-manylinux_2_17_x86_64.manylinux2014_x86_64.whl (1.2 MB)
2026-09-27T16:02:31.8901819Z    ━━━━━━━━━━━━━━━━━━━━━━━━━━━━━━━━━━━━━━━━ 1.2/1.2 MB 210.6 MB/s  0:00:00
2026-09-27T16:02:31.8936395Z Downloading thrift-0.24.0-cp312-cp312-manylinux2014_x86_64.manylinux_2_17_x86_64.whl (539 kB)
2026-09-27T16:02:31.8987765Z    ━━━━━━━━━━━━━━━━━━━━━━━━━━━━━━━━━━━━━━━━ 539.6/539.6 kB 103.7 MB/s  0:00:00
2026-09-27T16:02:31.9022470Z Downloading anyio-4.15.1-py3-none-any.whl (132 kB)
2026-09-27T16:02:31.9079755Z Downloading charset_normalizer-3.5.1-cp312-cp312-manylinux2014_x86_64.manylinux_2_17_x86_64.manylinux_2_28_x86_64.whl (248 kB)
2026-09-27T16:02:31.9134896Z Downloading idna-3.20-py3-none-any.whl (69 kB)
2026-09-27T16:02:31.9188857Z Downloading sortedcontainers-2.4.0-py2.py3-none-any.whl (29 kB)
2026-09-27T16:02:31.9240235Z Downloading typing_extensions-4.16.0-py3-none-any.whl (45 kB)
2026-09-27T16:02:31.9290821Z Downloading urllib3-2.8.0-py3-none-any.whl (135 kB)
2026-09-27T16:02:31.9344688Z Downloading annotated_doc-0.0.5-py3-none-any.whl (5.3 kB)
2026-09-27T16:02:31.9396349Z Downloading certifi-2026.7.22-py3-none-any.whl (136 kB)
2026-09-27T16:02:31.9450895Z Downloading click-8.5.0-py3-none-any.whl (125 kB)
2026-09-27T16:02:31.9506164Z Downloading h11-0.16.0-py3-none-any.whl (37 kB)
2026-09-27T16:02:31.9560195Z Downloading pydantic-2.13.5-py3-none-any.whl (472 kB)
2026-09-27T16:02:31.9628346Z Downloading pydantic_core-2.46.5-cp312-cp312-manylinux_2_17_x86_64.manylinux2014_x86_64.whl (2.1 MB)
2026-09-27T16:02:31.9723171Z    ━━━━━━━━━━━━━━━━━━━━━━━━━━━━━━━━━━━━━━━━ 2.1/2.1 MB 265.3 MB/s  0:00:00
2026-09-27T16:02:31.9757075Z Downloading annotated_types-0.8.0-py3-none-any.whl (13 kB)
2026-09-27T16:02:31.9809916Z Downloading typing_inspection-0.4.4-py3-none-any.whl (14 kB)
2026-09-27T16:02:31.9864402Z Downloading setuptools-84.0.0-py3-none-any.whl (818 kB)
2026-09-27T16:02:31.9923421Z    ━━━━━━━━━━━━━━━━━━━━━━━━━━━━━━━━━━━━━━━━ 818.2/818.2 kB 169.7 MB/s  0:00:00
2026-09-27T16:02:32.1446233Z Installing collected packages: thrift, sortedcontainers, urllib3, typing-extensions, setuptools, protobuf, networkx, idna, hypothesis, h11, click, charset_normalizer, certifi, annotated-types, annotated-doc, uvicorn, typing-inspection, requests, pydantic-core, grpcio, googleapis-common-protos, anyio, starlette, pydantic, p4runtime, grpcio-tools, fastapi
2026-09-27T16:02:36.1309756Z 
2026-09-27T16:02:36.1340321Z Successfully installed annotated-doc-0.0.5 annotated-types-0.8.0 anyio-4.15.1 certifi-2026.7.22 charset_normalizer-3.5.1 click-8.5.0 fastapi-0.139.2 googleapis-common-protos-1.75.0 grpcio-1.82.1 grpcio-tools-1.71.2 h11-0.16.0 hypothesis-6.165.5 idna-3.20 networkx-3.6.1 p4runtime-1.5.0 protobuf-5.29.6 pydantic-2.13.5 pydantic-core-2.46.5 requests-2.34.2 setuptools-84.0.0 sortedcontainers-2.4.0 starlette-1.3.1 thrift-0.24.0 typing-extensions-4.16.0 typing-inspection-0.4.4 urllib3-2.8.0 uvicorn-0.51.0
2026-09-27T16:02:36.6038084Z checking the generated modules (default backend, scratch copy):
2026-09-27T16:02:36.8223293Z   p4/config/v1/p4types.proto     descriptor identical (5273 bytes)
2026-09-27T16:02:36.8224393Z   p4/config/v1/p4info.proto      descriptor identical (6019 bytes)
2026-09-27T16:02:36.8225363Z   p4/v1/p4data.proto             descriptor identical (824 bytes)
2026-09-27T16:02:36.8226316Z   p4/v1/p4runtime.proto          descriptor identical (8825 bytes)
2026-09-27T16:02:36.8227154Z   backend upb, p4runtime_pb2_grpc imports
2026-09-27T16:02:36.8421245Z replaced p4/config/v1/p4types_pb2.py        d436ed076b7ffb99 -> e91d6496f08e543e
2026-09-27T16:02:36.8423820Z replaced p4/config/v1/p4types_pb2_grpc.py   d686e804f1716931 -> ef4a945f3fd81528
2026-09-27T16:02:36.8427586Z replaced p4/config/v1/p4info_pb2.py         acc7feeb96762287 -> 355f066c05b89fdc
2026-09-27T16:02:36.8430298Z replaced p4/config/v1/p4info_pb2_grpc.py    d686e804f1716931 -> badda8ba84ba9570
2026-09-27T16:02:36.8433503Z replaced p4/v1/p4data_pb2.py                e12b7b17ab700f94 -> da869f059d708f8c
2026-09-27T16:02:36.8436224Z replaced p4/v1/p4data_pb2_grpc.py           d686e804f1716931 -> 3dbf6a108642d3d5
2026-09-27T16:02:36.8441035Z replaced p4/v1/p4runtime_pb2.py             3bd1a8991d852314 -> 0a28fb85ff369a5c
2026-09-27T16:02:36.8444385Z replaced p4/v1/p4runtime_pb2_grpc.py        9c4d058515a16d2c -> 5e060258fdf6e465
2026-09-27T16:02:36.8452274Z checking the installed package (default backend):
2026-09-27T16:02:36.9541128Z   p4/config/v1/p4types.proto     descriptor identical (5273 bytes)
2026-09-27T16:02:36.9542567Z   p4/config/v1/p4info.proto      descriptor identical (6019 bytes)
2026-09-27T16:02:36.9543587Z   p4/v1/p4data.proto             descriptor identical (824 bytes)
2026-09-27T16:02:36.9544520Z   p4/v1/p4runtime.proto          descriptor identical (8825 bytes)
2026-09-27T16:02:36.9545192Z   backend upb, p4runtime_pb2_grpc imports
2026-09-27T16:02:36.9728422Z ok: /opt/hostedtoolcache/Python/3.12.14/x64/lib/python3.12/site-packages/p4 imports on the default backend with the shipped schema.
2026-09-27T16:02:36.9988515Z ##[group]Run bash tools/test_workflow/l1_unit_tests.sh
2026-09-27T16:02:36.9988925Z [36;1mbash tools/test_workflow/l1_unit_tests.sh[0m
2026-09-27T16:02:37.0053098Z shell: /usr/bin/bash -e {0}
2026-09-27T16:02:37.0053361Z env:
2026-09-27T16:02:37.0053764Z   APT_PACKAGES: g++ cmake ninja-build libboost-system-dev libboost-url-dev libssl-dev libssh-dev
2026-09-27T16:02:37.0054305Z   pythonLocation: /opt/hostedtoolcache/Python/3.12.14/x64
2026-09-27T16:02:37.0054730Z   PKG_CONFIG_PATH: /opt/hostedtoolcache/Python/3.12.14/x64/lib/pkgconfig
2026-09-27T16:02:37.0055154Z   Python_ROOT_DIR: /opt/hostedtoolcache/Python/3.12.14/x64
2026-09-27T16:02:37.0055543Z   Python2_ROOT_DIR: /opt/hostedtoolcache/Python/3.12.14/x64
2026-09-27T16:02:37.0055929Z   Python3_ROOT_DIR: /opt/hostedtoolcache/Python/3.12.14/x64
2026-09-27T16:02:37.0056315Z   LD_LIBRARY_PATH: /opt/hostedtoolcache/Python/3.12.14/x64/lib
2026-09-27T16:02:37.0056638Z ##[endgroup]
2026-09-27T16:02:37.0284530Z 
2026-09-27T16:02:37.0285282Z --- gate anchors (read-only, no build) ---
2026-09-27T16:02:39.2347363Z gate anchors ok  (122/122 cells ok)
2026-09-27T16:02:39.2347711Z 
2026-09-27T16:02:39.2347889Z --- test temp paths (read-only, no build) ---
2026-09-27T16:02:41.2421222Z test temp paths ok  (check_test_tmpdirs: 388 file(s) scanned, 0 fixed temp paths)
2026-09-27T16:02:41.2422144Z 
2026-09-27T16:02:41.2422332Z --- building ---
2026-09-27T16:02:42.4001134Z build ok
2026-09-27T16:02:42.4027789Z 
2026-09-27T16:02:42.4028153Z --- ctest ---
2026-09-27T16:03:14.9839398Z ctest passed  (100% tests passed, 0 tests failed out of 1366)
2026-09-27T16:03:14.9839758Z 
2026-09-27T16:03:14.9839999Z --- direct execution (catches suite-level failures ctest hides) ---
2026-09-27T16:03:28.8876078Z   test_routing_strategy          PASS  1366/1366 ran and passed
2026-09-27T16:03:34.0015394Z   test_update_hosts_race         PASS  4/4 ran and passed
2026-09-27T16:03:34.0015887Z 
2026-09-27T16:03:34.0016080Z --- P4 proxy Python tests ---
2026-09-27T16:03:34.0618534Z   note: no compiled p4info at /home/runner/work/NDTwin-Kernel-P4/NDTwin-Kernel-P4/p4_proxy/p4_src/build/ndtwin_switch.p4info.txt; run l0_build_check.sh p4 -- tests that pin the metadata ids will skip themselves
2026-09-27T16:03:34.4490260Z   test_app_package.py            PASS  131 ran and passed
2026-09-27T16:03:35.3326158Z   test_app_package_proxy.py      PROVED LESS 36 ran, 4 skipped (no compiled p4info; run l0_build_check.sh p4)
2026-09-27T16:03:35.4355016Z   test_bmv2_binary_override.py   PASS  13 ran and passed
2026-09-27T16:03:36.5935118Z   test_clone_session.py          PASS  23 ran and passed
2026-09-27T16:03:37.2580070Z   test_counter_route.py          PASS  16 ran and passed
2026-09-27T16:03:38.0608004Z   test_declared_links.py         PASS  25 ran and passed
2026-09-27T16:03:38.2800785Z   test_delete_restores_route.py  PASS  6 ran and passed
2026-09-27T16:03:38.4705500Z   test_exact_one_element_list.py PASS  14 ran and passed
2026-09-27T16:03:38.9221143Z   test_fabric_bring_up.py        FAIL (exit 1, ran=112)
2026-09-27T16:03:38.9240353Z grep: write error: Broken pipe
2026-09-27T16:03:38.9241519Z       ERROR: test_the_other_three_are_launched_with_ndtwins_own_json (__main__.AMixedFabricNamesOnlyTheSwitchesThatAreForeignTest.test_the_other_three_are_launched_with_ndtwins_own_json)
2026-09-27T16:03:38.9243877Z       ERROR: test_the_plan_counts_one_of_four_and_lists_only_s1 (__main__.AMixedFabricNamesOnlyTheSwitchesThatAreForeignTest.test_the_plan_counts_one_of_four_and_lists_only_s1)
2026-09-27T16:03:38.9245195Z       ERROR: test_the_plans_json_paths_are_one_foreign_and_three_baseline (__main__.AMixedFabricNamesOnlyTheSwitchesThatAreForeignTest.test_the_plans_json_paths_are_one_foreign_and_three_baseline)
2026-09-27T16:03:38.9246516Z       ERROR: test_a_dead_switch_and_a_refusal_are_both_reported (__main__.ARefusalInsideTheBringUpIsAVerdictAndNotATracebackTest.test_a_dead_switch_and_a_refusal_are_both_reported)
2026-09-27T16:03:38.9248156Z       ERROR: test_a_defect_in_this_code_is_still_a_traceback (__main__.ARefusalInsideTheBringUpIsAVerdictAndNotATracebackTest.test_a_defect_in_this_code_is_still_a_traceback)
2026-09-27T16:03:38.9249626Z       ERROR: test_it_comes_back_as_a_fatal_verdict_that_names_the_reason (__main__.ARefusalInsideTheBringUpIsAVerdictAndNotATracebackTest.test_it_comes_back_as_a_fatal_verdict_that_names_the_reason)
2026-09-27T16:03:38.9250847Z       ERROR: test_a_dead_switch_and_a_dead_emitter_are_both_reported (__main__.AnEmitterThatDiedIsFatalTest.test_a_dead_switch_and_a_dead_emitter_are_both_reported)
2026-09-27T16:03:38.9252108Z       ERROR: test_a_fabric_whose_emitter_exited_is_refused (__main__.AnEmitterThatDiedIsFatalTest.test_a_fabric_whose_emitter_exited_is_refused)
2026-09-27T16:03:38.9253207Z       ERROR: test_a_live_emitter_on_a_healthy_fabric_is_not_fatal_and_says_nothing (__main__.AnEmitterThatDiedIsFatalTest.test_a_live_emitter_on_a_healthy_fabric_is_not_fatal_and_says_nothing)
2026-09-27T16:03:38.9254276Z       ERROR: test_a_dead_switch_is_left_out_of_the_manifest (__main__.BaselineIsWhatItWasTest.test_a_dead_switch_is_left_out_of_the_manifest)
2026-09-27T16:03:38.9255236Z       ERROR: test_a_fabric_that_came_up_is_not_fatal_and_says_nothing (__main__.BaselineIsWhatItWasTest.test_a_fabric_that_came_up_is_not_fatal_and_says_nothing)
2026-09-27T16:03:38.9256293Z       ERROR: test_a_fabric_that_did_not_come_up_is_fatal_and_names_the_count (__main__.BaselineIsWhatItWasTest.test_a_fabric_that_did_not_come_up_is_fatal_and_names_the_count)
2026-09-27T16:03:39.2326811Z   test_five_tuple_match.py       PASS  31 ran and passed
2026-09-27T16:03:39.9001347Z   test_flow_stats_route.py       PASS  16 ran and passed
2026-09-27T16:03:40.5740009Z   test_flowentry_endpoints.py    PASS  27 ran and passed
2026-09-27T16:03:41.2517733Z   test_flowentry_read_only.py    PASS  7 ran and passed
2026-09-27T16:03:42.1382869Z   test_foreign_pipeline.py       PROVED LESS 17 ran, 3 skipped (no compiled p4info; run l0_build_check.sh p4)
2026-09-27T16:03:42.2405065Z   test_heartbeat_contract.py     PASS  5 ran and passed
2026-09-27T16:03:43.0000251Z   test_heartbeat_fabric.py       PASS  26 ran and passed
2026-09-27T16:03:43.8500816Z   test_heartbeat_watchdog.py     PASS  34 ran and passed
2026-09-27T16:03:44.6758158Z   test_journal_is_wired_in_main.py PASS  12 ran and passed
2026-09-27T16:03:44.9070976Z   test_journal_wiring.py         PASS  14 ran and passed
2026-09-27T16:03:50.1325529Z   test_kernel_notifier.py        PASS  21 ran and passed
2026-09-27T16:03:50.7356875Z   test_link_heartbeat.py         PASS  29 ran and passed
2026-09-27T16:03:51.6036163Z   test_link_state_entry.py       PASS  10 ran and passed
2026-09-27T16:03:51.7781443Z   test_link_telemetry.py         PASS  51 ran and passed
2026-09-27T16:03:52.0526357Z   test_link_watchdog.py          PASS  74 ran and passed
2026-09-27T16:03:52.2860061Z   test_lldp_beacon.py            PASS  16 ran and passed
2026-09-27T16:03:53.0572306Z   test_multicast_group.py        PASS  43 ran and passed
2026-09-27T16:03:53.2221168Z   test_p4_client.py              SKIPPED all 1 skipped; file declares it needs a live switch (NDTWIN_L1_OPT_IN)
2026-09-27T16:03:53.6593077Z   test_p4_client_writes.py       PASS  160 ran and passed
2026-09-27T16:03:53.8189437Z   test_packet_in_by_name.py      PROVED LESS 21 ran, 1 skipped (no compiled p4info; run l0_build_check.sh p4)
2026-09-27T16:03:54.9229354Z   test_path_determinism.py       PASS  10 ran and passed
2026-09-27T16:03:58.2393017Z   test_port_guard.py             PASS  3 ran and passed
2026-09-27T16:03:58.3289449Z   test_psample_sflow_emitter.py  PASS  35 ran and passed
2026-09-27T16:03:59.1641920Z   test_readopt.py                PASS  122 ran and passed
2026-09-27T16:04:00.2662707Z   test_route_binding.py          FAIL (exit 1, ran=46)
2026-09-27T16:04:00.2681567Z       ERROR: test_ndtwins_own_pipeline_is_bound_to_the_baseline (__main__.TheFactoryBindsEveryClientTest.test_ndtwins_own_pipeline_is_bound_to_the_baseline)
2026-09-27T16:04:00.2684707Z       ERROR: test_the_install_time_record_keys_by_the_renamed_table (__main__.TheFactoryBindsEveryClientTest.test_the_install_time_record_keys_by_the_renamed_table)
2026-09-27T16:04:00.9290372Z   test_rule_install_times.py     PASS  42 ran and passed
2026-09-27T16:04:01.0133893Z   test_rule_journal.py           PASS  19 ran and passed
2026-09-27T16:04:01.0965603Z   test_ryu_flow_stats.py         PASS  47 ran and passed
2026-09-27T16:04:01.3280786Z   test_ryu_topology.py           PASS  32 ran and passed
2026-09-27T16:04:01.4209193Z   test_sflow_emitter.py          PROVED LESS 49 ran, 2 skipped (no compiled p4info; run l0_build_check.sh p4)
2026-09-27T16:04:02.2653006Z   test_startup.py                PASS  85 ran and passed
2026-09-27T16:04:12.3917286Z   test_switch_state.py           PASS  66 ran and passed
2026-09-27T16:04:13.0980812Z   test_table_entry_route.py      PASS  26 ran and passed
2026-09-27T16:04:13.4238853Z   test_table_generation.py       PASS  11 ran and passed
2026-09-27T16:04:13.5026424Z   test_topo_log.py               PASS  24 ran and passed
2026-09-27T16:04:17.0984331Z   test_topology_properties.py    PASS  1 ran and passed
2026-09-27T16:04:17.3396405Z   test_unsupported_match.py      PASS  49 ran and passed
2026-09-27T16:04:17.3396943Z 
2026-09-27T16:04:17.3397234Z --- kernel-side Python and shell tests ---
2026-09-27T16:04:17.7286928Z   note no interpreter with networkx+ryu found; suites needing them will skip, and this lane counts a skip as a failure. Set RYU_PY to override.
2026-09-27T16:04:18.0130389Z   test_app_residue_rules.py      PASS 41 ran and passed
2026-09-27T16:04:18.1128950Z   test_chaos_c07_control.py      PASS 20 ran and passed
2026-09-27T16:04:18.9531085Z   test_chaos_invariants_method.py PASS 27 ran and passed
2026-09-27T16:04:19.0957548Z   test_chaos_link_blackhole_attach.py PASS 30 ran and passed
2026-09-27T16:04:19.2598738Z   test_chaos_opt_in_all_actions.py PASS 27 ran and passed
2026-09-27T16:04:19.9489817Z   test_chaos_runner_wiring.py    PASS 13 ran and passed
2026-09-27T16:04:22.7249781Z   test_check_gate_anchors.py     PASS 43 ran and passed
2026-09-27T16:04:23.5346426Z   test_check_logs_powered_off.py PASS 22 ran and passed
2026-09-27T16:04:23.7823339Z   test_check_logs_startup_warnings.py PASS 5 ran and passed
2026-09-27T16:04:26.1603003Z   test_check_test_tmpdirs.py     PASS 58 ran and passed
2026-09-27T16:04:26.4207521Z   test_contract_spec.py          PASS 256 ran and passed
2026-09-27T16:04:27.2653024Z   test_cpu_gate_lifetime.py      PASS 22 ran and passed
2026-09-27T16:04:27.5496537Z   test_find_host_by_ip.py        PASS 5 ran and passed
2026-09-27T16:04:27.9032324Z   test_grpc_port_block.py        FAIL (exit 1, ran=31)
2026-09-27T16:04:27.9055000Z       FAIL: test_no_live_doc_or_tool_names_the_old_block (__main__.NoLiveDocumentStillNamesTheOldPortBlock.test_no_live_doc_or_tool_names_the_old_block)
2026-09-27T16:04:27.9056605Z       AssertionError: Lists differ: ['tools/p4_exercise/run_external_controlle[2673 chars]2',"] != []
2026-09-27T16:04:27.9057975Z       FAIL: test_the_topology_takes_its_ports_from_the_module (__main__.TheFabricAndTheProxyAgreeOnThePortBlock.test_the_topology_takes_its_ports_from_the_module)
2026-09-27T16:04:27.9346637Z       AssertionError: 'grpc_ports.grpc_port(i)' not found in '#!/usr/bin/env python3\n\nimport collections\nimport json\nimport math\nimport os\nimport signal\nimport socket\nimport subprocess\nimport sys\nimport tempfile\nimport time\nfrom mininet.net import Mininet\nfrom mininet.topo import Topo\nfrom mininet.node import Switch, Host\nfrom mininet.cli import CLI\nfrom mininet.log import setLogLevel, info\n\n# The sibling module resolves when this file runs as a script (its own directory is then\n# sys.path[0]) but not when a test loads this file via importlib from elsewhere -- which is\n# how test_readopt and test_bmv2_binary_override went red the day the JSON wiring landed.\nsys.path.insert(0, os.path.dirname(os.path.abspath(__file__)))\nimport topo_from_json  # noqa: E402\nimport grpc_ports  # noqa: E402\nimport app_package  # noqa: E402\nimport link_telemetry  # noqa: E402\n\n# [Co-developed with claude code -- Adam]\n# Where the switch manifest is written: name -> pid, grpc_port, thrift_port, device_id.\n# P4PowerStrategy needs this to power one switch off without killing the other nine\n# (Mininet switches share the root PID namespace, so `pkill -f simple_switch_grpc` kills\n# all of them). See Phase 7 of doc/2026-07-27_p4_bmv2_support_plan.md.\nMANIFEST_PATH = "/tmp/ndtwin_p4_switches.json"\n\n# [Co-developed with claude code -- Adam]\n# The launcher default and its override. The override file exists because the lab wrapper\n# launches this topology with a fixed root environment, so no env var can reach it -- a file\n# next to the topology is the only channel an unprivileged operator has. One directive line,\n# the absolute path of the simple_switch_grpc to run; blank lines and #-comments are ignored.\n#\n# 2026-08-22: the fast build is the default, and a missing directive is now a REFUSAL rather\n# than a fallback. [Co-developed with claude code -- Adam]\n#\n# It used to be `"simple_switch_grpc"` -- a bare name, PATH lookup, which resolves to the stock\n# -O0 build. Delete or comment out the override and the next run silently benchmarked a binary\n# roughly 10x slower while every filename, note and slide still said "fast". Nothing errored;\n# the number that came back was merely plausible, which reads as "the fabric was busy" rather\n# than as a wrong binary. That is the one silent path bmv2-binary-provenance.md flagged in red.\n#\n# Promoting fast to default does not remove that trap, it INVERTS it: silence would now mean\n# someone who wanted the stock build got the fast one. So neither direction is left silent --\n# resolve_bmv2_launcher raises when the file is absent or carries no directive, and the binary\n# in use is always something a human wrote down.\n#\n# The promotion is licensed by doc/audit/2026-08-22_stock-control-ladder/: the same ladder, same\n# invocation, back to back on both binaries, with each arm verifying from /proc which binary the\n# live switches actually run. Both arms: L0/L1/L2/L3/capture/L4 pass, log allowlist fails\n# identically. "The fast build introduces zero new failures" is now a measurement.\nDEFAULT_BMV2_BINARY = "/usr/local/bmv2-fast/bin/simple_switch_grpc"\nBINARY_OVERRIDE_PATH = os.path.join(os.path.dirname(os.path.abspath(__file__)),\n                                    "bmv2_binary_override")\n\n\nHOST_COUNT_OVERRIDE_PATH = topo_from_json.HOST_COUNT_OVERRIDE_PATH\n\n\nSETTING_DIR = topo_from_json.SETTING_DIR\n\n\n# [Co-developed with claude code -- Adam]\n# These three moved to topo_from_json.py, which imports no Mininet and can therefore be read by\n# the proxy and by a unit test. The proxy needs the same three answers now that it builds its\n# host table from the model, and a second implementation of "which file, how many hosts, what\n# MAC" is the exact shape that once let the proxy know four hosts while the fabric built 128.\n# These remain as delegates so every existing caller and test keeps its name.\n_mac_str = topo_from_json.mac_str\n_host_count_override = topo_from_json.host_count_override\n\n\ndef _topology_model_path(host_num, package=None):\n    """The model this fabric builds from: the app package\'s, or the one the host count picks.\n\n    [Co-developed with claude code -- Adam]\n    Behaviour with no package is unchanged, `NDTWIN_P4_TOPO_FILE` included -- see\n    topo_from_json.model_path, which is where the body went.\n    """\n    return app_package.topology_path(package, host_num, setting_dir=SETTING_DIR)\n\n\ndef fabric_model(package=None):\n    """(package, model_path, model) for this run -- the one place the fabric decides what it is.\n\n    [Co-developed with claude code -- Adam]\n    Both `main()` and `MultiSwitchTopo` need the model: main() pre-flights the gRPC port block\n    for the switches the model declares, and that has to happen BEFORE `mn -c` tears anything\n    down, while the topology object is only built afterwards. Rather than thread an object\n    through Mininet\'s `Topo(**opts)` bag, both call this. It is a pure read of two files.\n    """\n    package = app_package.current() if package is None else package\n    host_num = int(os.environ.get("NDTWIN_P4_HOST_NUM", "0")) or _host_count_override()\n    path = _topology_model_path(host_num, package)\n    return package, path, topo_from_json.load(path)\n\n\ndef resolve_bmv2_launcher(override_path=None):\n    """\n    Which simple_switch_grpc this fabric runs: (binary, lib_dir).\n\n    [Co-developed with claude code -- Adam]\n    Default is the bare name -- PATH lookup, byte-identical to the pre-override behavior.\n    With an override file, the binary comes from its first directive line, and lib_dir is\n    the install prefix\'s ../lib when that directory exists: the fast build\'s libraries\n    must accompany its binary or the run silently mixes stock libs into a "fast"\n    measurement (the performance report\'s trap #3), which is why the derivation is\n    automatic rather than a second line someone can forget.\n\n    A present-but-broken override raises instead of falling back: a fallback would\n    benchmark the stock build under a filename that claims otherwise, and a corrupted\n    comparison is worse than a refused run.\n    """\n    if override_path is None:\n        # Resolved at call time, not bound at def time, so the module attribute stays\n        # patchable and every caller (start(), both mains\' pre-flights) sees one source.\n        override_path = BINARY_OVERRIDE_PATH\n    try:\n        with open(override_path, encoding="utf-8") as fh:\n            lines = fh.readlines()\n    except FileNotFoundError:\n        raise ValueError(\n            f"no bmv2 binary override at {override_path}. This file is tracked and must name "\n            f"the simple_switch_grpc to run -- there is no default to fall back to on purpose. "\n            f"Both installs answer --version identically, so a silent fallback picks a binary "\n            f"that differs by ~10x in throughput and says nothing. "\n            f"Write one absolute path, e.g. {DEFAULT_BMV2_BINARY}") from None\n    directive = next((ln.strip() for ln in lines\n                      if ln.strip() and not ln.strip().startswith("#")), None)\n    if directive is None:\n        raise ValueError(\n            f"{override_path} has no directive line (every line is blank or a #-comment). "\n            f"Commenting the line out used to re-select the stock build silently; it now "\n            f"refuses, because which binary produced a number must be something a human "\n            f"wrote down. Write one absolute path, e.g. {DEFAULT_BMV2_BINARY}")\n    if not os.path.isabs(directive):\n        raise ValueError(f"bmv2 binary override must be an absolute path, "\n                         f"got {directive!r} (file: {override_path})")\n    if not (os.path.isfile(directive) and os.access(directive, os.X_OK)):\n        raise ValueError(f"bmv2 binary override names no executable: {directive!r} "\n                         f"(file: {override_path})")\n    lib_dir = os.path.normpath(os.path.join(os.path.dirname(directive), "..", "lib"))\n    return directive, (lib_dir if os.path.isdir(lib_dir) else None)\n\n\ndef bmv2_launch_head(binary, lib_dir):\n    """\n    The start of the shell command that launches one switch.\n\n    [Co-developed with claude code -- Adam]\n    LD_LIBRARY_PATH rides in front as a shell env-prefix: the launch goes through the\n    switch\'s shell (BMv2Switch.start -> self.cmd), where the prefix binds to that process\n    only. The manifest argv therefore starts with the prefix.\n\n    That used to mean power-ON did not work under an override at all: ndtwin-p4-power\'s\n    shell-free exec checks basename(argv[0]) and refused the entry. The reasoning was that\n    a refusal an operator can read beats relaunching the fast binary against the stock\n    libraries via the ldconfig cache -- a switch that is neither build.\n\n    Both halves of that were true and the third option was missed. The helper now strips\n    the assignments and derives LD_LIBRARY_PATH from the binary itself, by the same\n    dirname(binary)/../lib rule resolve_bmv2_launcher uses above, so it relaunches with the\n    *right* libraries rather than choosing between wrong and refused. Keep the two\n    derivations identical if either moves.\n\n    Why it mattered enough to revisit: the Energy-Saving App exists to power switches off\n    *and back on*, so under an override it could only ever shut the fabric down. Found live\n    2026-08-18 by powering s5 off and being unable to bring it back.\n\n    Power-OFF was never affected (pid + comm).\n    """\n    return f"LD_LIBRARY_PATH={lib_dir} {binary}" if lib_dir else binary\n\n\nclass BMv2Switch(Switch):\n    """BMv2 switch for Mininet"""\n    def __init__(self, name, json_path=None, device_id=1,\n                 grpc_port=grpc_ports.grpc_port(1), thrift_port=grpc_ports.THRIFT_PORT_BASE,\n                 cpu_port=app_package.BASELINE_CPU_PORT,\n                 **kwargs):\n        Switch.__init__(self, name, **kwargs)\n        self.json_path = json_path\n        self.device_id = device_id\n        self.grpc_port = grpc_port\n        self.thrift_port = thrift_port\n        # [Co-developed with claude code -- Adam]\n        # Was the literal 255 written into the argv below, one of three copies of that number\n        # (the other two are p4_client.CPU_PORT and ndtwin_switch.p4). The default here is that\n        # same 255, so a fabric built without a package launches a byte-identical command line;\n        # what the parameter buys is a package whose pipeline puts the CPU port somewhere else\n        # being able to say so, instead of its packet-ins going to a port nothing reads.\n        self.cpu_port = cpu_port\n        self.log_file = f"/tmp/{self.name}_bmv2.log"\n        # PID of the launched simple_switch_grpc, captured so stop() can target this one\n        # switch and so the manifest can be written. None until start() runs.\n        self.bmv2_pid = None\n        self.launch_argv = None\n\n    def start(self, controllers):\n        binary, lib_dir = resolve_bmv2_launcher()\n        args = [bmv2_launch_head(binary, lib_dir)]\n        for port, intf in self.intfs.items():\n            if not intf.IP():\n                args.extend([\'-i\', f\'{port}@{intf.name}\'])\n\n        # args.extend([\'--log-console\'])\n        args.extend([\'--thrift-port\', str(self.thrift_port)])\n        args.extend([\'--device-id\', str(self.device_id)])\n\n        if self.json_path:\n            args.append(self.json_path)\n        else:\n            args.append(\'--no-p4\')\n\n        args.append(\'--\')\n        args.append(\'--grpc-server-addr\')\n        args.append(f\'0.0.0.0:{self.grpc_port}\')\n        args.append(\'--cpu-port\')\n        args.append(str(self.cpu_port))\n\n        cmd = \' \'.join(args)\n        self.launch_argv = cmd\n        info(f"Starting {self.name} (gRPC: {self.grpc_port}, Thrift: {self.thrift_port}, "\n             f"bin: {binary})\\n")\n        # `echo $!` yields the background PID; cmd() returns the shell\'s output. Without this\n        # there is no handle on the process at all, which is why stop() used a job spec.\n        out = self.cmd(f"{cmd} > {self.log_file} 2>&1 & echo $!")\n        try:\n            self.bmv2_pid = int(out.strip().split()[-1])\n        except (ValueError, IndexError):\n            self.bmv2_pid = None\n\n    def is_alive(self):\n        """Whether the launched process still exists."""\n        if self.bmv2_pid is None:\n            return False\n        try:\n            os.kill(self.bmv2_pid, 0)\n            return True\n        except (OSError, ProcessLookupError):\n            return False\n\n    def grpc_is_listening(self, timeout=0.3):\n        """\n        Whether anything accepts TCP on this switch\'s gRPC port.\n\n        Checked in addition to the process being alive: bmv2 stays up briefly before its gRPC\n        server binds, and a bind failure is reported by exiting, so both signals are needed to\n        distinguish "still starting" from "died".\n        """\n        try:\n            with socket.create_connection(("127.0.0.1", self.grpc_port), timeout=timeout):\n                return True\n        except OSError:\n            return False\n\n    def failure_reason(self):\n        """\n        Why this switch is not usable, or None when it is.\n\n        [Co-developed with claude code -- Adam]\n        Reads the switch\'s own log, which is where the real cause goes: bmv2\'s stderr is\n        redirected to a file, so a bind failure ("Address already in use", the usual cause,\n        from a leftover process holding the port) is completely invisible on the console.\n        Nothing used to look at it, and the script reported success regardless.\n        """\n        if self.is_alive() and self.grpc_is_listening():\n            return None\n\n        detail = ""\n        try:\n            # errors="replace": bmv2 writes its own diagnostics here and can emit non-UTF-8\n            # bytes. A UnicodeDecodeError is not an OSError, so it would escape this handler\n            # and abort startup verification -- turning "one switch failed" into "the whole\n            # topology script crashed".\n            with open(self.log_file, encoding="utf-8", errors="replace") as fh:\n                lines = [ln.strip() for ln in fh if ln.strip()]\n            if any("Address already in use" in ln for ln in lines):\n                detail = (f"gRPC port {self.grpc_port} was already in use -- most likely a "\n                          f"leftover simple_switch_grpc from an earlier run")\n            elif lines:\n                detail = lines[-1][:300]\n        except OSError:\n            detail = "no log file"\n\n        state = "process exited" if not self.is_alive() else "process alive but gRPC not listening"\n        return f"{state}; {detail} (full log: {self.log_file})"\n\n    def stop(self, deleteIntfs=True):\n        # Kill this switch\'s PID rather than `kill %simple_switch_grpc`. The job spec only\n        # works inside the shell that launched it, so closing the terminal left the process\n        # running -- and those orphans are what hold the gRPC port and make the next run\'s\n        # switch fail to bind.\n        if self.bmv2_pid is not None:\n            try:\n                os.kill(self.bmv2_pid, signal.SIGTERM)\n            except (OSError, ProcessLookupError):\n                pass\n        Switch.stop(self, deleteIntfs)\n\nclass MultiSwitchTopo(Topo):\n    def __init__(self, package=None, model=None, **opts):\n        Topo.__init__(self, **opts)\n\n        # Which model to build from, and under which app package. The host count still selects\n        # the model when no package names one -- that is the one knob the lab wrapper can\n        # deliver (see topo_from_json.host_count_override) -- but everything else about the\n        # fabric comes out of the model and the package.\n        #\n        # [Co-developed with claude code -- Adam]\n        # `package`/`model` are arguments so main() can pre-flight the gRPC port block against\n        # the switches this model declares BEFORE `mn -c` tears anything down, and then hand the\n        # same two objects here rather than reading the files twice and risking two answers.\n        if model is None:\n            package, model_path, model = fabric_model(package)\n            info(f"*** topology model: {model_path}\\n")\n        elif package is None:\n            package = app_package.baseline()\n\n        base = os.path.dirname(os.path.abspath(__file__))\n        # [Co-developed with claude code -- Adam]\n        # 🔴 ASKED PER SWITCH, NOT ONCE FOR DPID 1. `BMv2Switch.__init__` has always taken\n        # `json_path` per switch; what it was handed was dpid 1\'s answer, copied to all of them.\n        # With `pipeline: null` everywhere that was invisible -- every switch got the same\n        # `p4_src/build/ndtwin_switch.json`. It stops being invisible the moment a package\n        # declares its own programs: exercises/firewall runs `firewall.json` on s1 and\n        # `basic.json` on s2-s4, and dpid 1\'s answer for all four is a fabric where three\n        # switches run a program the exercise never asked for, forwarding plausibly and wrongly.\n        # The un-normalised `os.path.join(base, "..")` is kept verbatim: that string is what\n        # lands in the baseline argv today, and test_fabric_bring_up pins the argv byte for byte.\n        proxy_root = os.path.join(base, "..")\n\n        # The switches, from the model rather than from `range(1, 11)`.\n        #\n        # [Co-developed with claude code -- Adam]\n        # That literal was the fourth copy of "this fabric has ten switches" -- the others were\n        # main()\'s port-block pre-flight, main()\'s `net.get` loop, and the proxy\'s\n        # DEFAULT_SWITCH_DPIDS. The 10-switch models still produce dpids 1..10, which\n        # tools/test_workflow/test_topo_from_json.py asserts; what changes is that a package\n        # with a different switch count is now buildable instead of silently truncated to ten.\n        switches = {}\n        for dpid, s_name in topo_from_json.switches(model):\n            # grpc_port: 30051-30060, thrift_port: 9091-9100, device_id: 1-10.\n            # Both bases live in grpc_ports.py, which is also where the reason the gRPC block\n            # is 30050-based rather than 50050-based is written down (F-15: 50051-50060 was\n            # inside the kernel\'s ephemeral range, so switches randomly failed to bind).\n            s = self.addSwitch(s_name, cls=BMv2Switch,\n                               json_path=package.pipeline_for(dpid, proxy_root)[1],\n                               device_id=dpid, grpc_port=grpc_ports.grpc_port(dpid),\n                               thrift_port=grpc_ports.thrift_port(dpid),\n                               cpu_port=package.cpu_port)\n            switches[dpid] = s\n\n        # Links, hosts and host attachment all come from the kernel\'s own topology model.\n        #\n        # [Co-developed with claude code -- Adam]\n        # These used to be sixteen literal addLink calls, repeated verbatim in three files, with\n        # nothing checking them against the model the twin loads. That is how a fabric and a\n        # model could disagree in silence. Verified identical before the switch-over:\n        # tools/test_workflow/test_topo_from_json.py compares the derived wiring against the\n        # literals it replaces, for all three models, and it is part of the acceptance gate.\n        #\n        # The model is chosen by host count, the same rule `ndt` uses, because the topology is\n        # launched through `tmux` under a fixed root environment where no operator-set variable\n        # arrives -- the same reason host_count_override is a file. NDTWIN_P4_TOPO_FILE still\n        # wins when the topology is run directly, which is how it gets tested.\n        # [Co-developed with claude code -- Adam]\n        # G2-C (TICKET-P3 section 2.4). `shaping_index` is empty for the baseline and for every\n        # package that shapes nothing, and `link_shaping_kwargs` then answers `{}` -- so those\n        # addLink calls are the calls this file has always made, argument for argument. What a\n        # shaped link gets is `bw=<Mbps>` / `delay="<ms>ms"` on THAT cable only: ecn\'s and mri\'s\n        # 0.5 Mbit/s bottleneck is the whole point of those two exercises, and without it their\n        # queue depth is zero forever and both read green while measuring nothing.\n        shaping = app_package.shaping_index(package)\n\n        for a_dpid, a_port, b_dpid, b_port in topo_from_json.switch_links(model):\n            self.addLink(switches[a_dpid], switches[b_dpid], port1=a_port, port2=b_port,\n                         **app_package.link_shaping_kwargs(\n                             shaping, (switches[a_dpid], a_port), (switches[b_dpid], b_port)))\n\n        # Hosts and their attachment, also from the model.\n        #\n        # [Co-developed with claude code -- Adam]\n        # This replaces the "equal quarters over s1-s4, ports from 3" formula, which was a\n        # second copy of a layout the model already stated exactly -- and a third copy lived in\n        # the proxy. The formula also forced HOST_NUM to be a multiple of four; reading the\n        # attachment removes that constraint, because the model says where each host actually\n        # plugs in. Verified to reproduce the formula exactly at 4 and at 128 hosts before this\n        # replaced it (tools/test_workflow/test_topo_from_json.py).\n        #\n        # The prefix length comes from the package and is 24 without one, which is the literal\n        # this replaces. pod-topo puts its four hosts in four different /24s, so a fabric that\n        # kept the literal would give every host a route to every other over its own subnet and\n        # the exercise\'s `route add default gw` would never be consulted.\n        for name, ip, mac in topo_from_json.hosts(model):\n            self.addHost(name, ip=f"{ip}/{package.host_prefix_len(name)}",\n                         mac=_mac_str(mac, name))\n\n        for name, dpid, port in topo_from_json.host_links(model):\n            self.addLink(name, switches[dpid], port1=1, port2=port,\n                         **app_package.link_shaping_kwargs(\n                             shaping, (name, 1), (switches[dpid], port)))\n\ndef verify_switches(switches, timeout=10.0):\n    """\n    Wait for every switch to be up, and report the ones that are not.\n\n    [Co-developed with claude code -- Adam]\n    Returns a list of (name, reason). Empty means all are usable.\n\n    Polls rather than sleeping a fixed amount: bmv2 needs a moment to bind its gRPC port, so\n    an immediate check reports false failures, and a fixed sleep is either too short on a slow\n    machine or wasted time on a fast one.\n    """\n    deadline = time.time() + timeout\n    pending = list(switches)\n    while pending and time.time() < deadline:\n        pending = [sw for sw in pending if sw.failure_reason() is not None]\n        if pending:\n            time.sleep(0.5)\n    return [(sw.name, sw.failure_reason() or "unknown") for sw in pending]\n\n\n#: Set to "1" to keep a partial fabric instead of aborting. Same shape as grpc_ports\'\n#: override: an escape hatch for someone who has decided they want nine switches, never a\n#: default.\nALLOW_PARTIAL_ENV = "NDTWIN_P4_ALLOW_PARTIAL_FABRIC"\n\n\ndef partial_fabric_verdict(failures, total, env=None):\n    """\n    What to do about the switches that did not come up: (fatal, message).\n\n    [Co-developed with claude code -- Adam]\n    Split out of main() so the decision can be tested without a fabric, and because it was not\n    a decision at all before: main() printed a WARNING and then dropped into the CLI anyway,\n    exiting 0. A run with eight of ten switches therefore looked, to anything scripting it,\n    exactly like a run with ten -- and every measurement taken on top of it was silently\n    against a different topology. Detecting the failure and then continuing is worse than not\n    detecting it, because the banner makes it look handled.\n\n    `fatal` is False only when there are no failures, or when someone set ALLOW_PARTIAL_ENV.\n    """\n    env = os.environ if env is None else env\n    if not failures:\n        return (False, None)\n\n    alive = total - len(failures)\n    lines = [f"{len(failures)} of {total} BMv2 switches did NOT come up."]\n    lines.extend(f"  {name}: {reason}" for name, reason in failures)\n    lines.append(f"{alive}/{total} switches are usable. The P4 proxy expects all {total} and "\n                 f"will report errors for the rest, so anything measured now is measured "\n                 f"against a fabric that is not the one being described.")\n\n    if env.get(ALLOW_PARTIAL_ENV) == "1":\n        lines.insert(0, f"WARNING ({ALLOW_PARTIAL_ENV}=1, continuing anyway):")\n        return (False, "\\n".join(lines))\n\n    lines.insert(0, "ERROR: bring-up failed.")\n    lines.append(f"Fix the cause and re-run. If a gRPC port was already in use, check "\n                 f"whether the block still sits outside the ephemeral range: "\n                 f"cat {grpc_ports.EPHEMERAL_RANGE_PATH}. Set {ALLOW_PARTIAL_ENV}=1 to keep "\n                 f"a partial fabric deliberately.")\n    return (True, "\\n".join(lines))\n\n\ndef disable_host_offloads(hosts):\n    """\n    Turn off checksum/segmentation offloads on every host interface.\n\n    [Co-developed with claude code -- Adam]\n    bmv2\'s pcap path re-emits frames byte-for-byte, so a TCP segment that left its host\n    with checksum offload pending arrives at the far host carrying a bad checksum and is\n    silently dropped -- handshakes succeed (tiny segments), bulk TCP stalls at zero. This\n    was masked since the topology\'s creation because every P4-side test used UDP or ICMP;\n    NTG\'s iperf3 runs surfaced it on 2026-08-15 (seventeen "unable to connect to server"\n    files while ping crossed the same fabric at 8 ms). Verified the same day: with\n    offloads off, the identical TCP pair moved 16.8 MB at 23.9 Mbps. GSO/TSO/GRO go too:\n    a 64 KB super-frame is one pcap packet as far as bmv2 is concerned.\n    """\n    for h in hosts:\n        for intf in h.intfList():\n            if intf.name != \'lo\':\n                h.cmd(f\'ethtool -K {intf.name} tx off rx off gso off tso off gro off\')\n\n\ndef write_manifest(switches, path=MANIFEST_PATH):\n    """\n    Record each switch\'s PID and ports so one switch can be managed on its own.\n\n    [Co-developed with claude code -- Adam]\n    Written for P4PowerStrategy (Phase 7): Mininet switches share the root PID namespace, so\n    powering one switch off by pattern-matching the process name would kill all ten. Only\n    verified-live switches are listed -- a manifest entry for a dead switch would be worse\n    than no entry, since a caller would trust it.\n    """\n    manifest = {\n        sw.name: {\n            "pid": sw.bmv2_pid,\n            "device_id": sw.device_id,\n            "grpc_port": sw.grpc_port,\n            "thrift_port": sw.thrift_port,\n            "log_file": sw.log_file,\n            "argv": sw.launch_argv,\n        }\n        for sw in switches\n        if sw.failure_reason() is None\n    }\n    # Replace the inode, never truncate in place. /tmp is sticky, so anyone can create this\n    # *name* before we run; open(path, "w") as root would truncate their file and leave them\n    # the owner -- able to rewrite the argv that ndtwin-p4-power later executes as root. A\n    # tempfile + os.replace makes the manifest a fresh inode owned by us every time, which is\n    # exactly what the helper\'s owner check verifies before trusting the contents.\n    # [Co-developed with claude code -- Adam]\n    try:\n        fd, tmp = tempfile.mkstemp(dir=os.path.dirname(path) or ".",\n                                   prefix=".ndtwin_p4_switches.")\n        try:\n            with os.fdopen(fd, "w") as fh:\n                json.dump(manifest, fh, indent=2)\n            os.chmod(tmp, 0o644)\n            os.replace(tmp, path)\n        except OSError:\n            os.unlink(tmp)\n            raise\n    except OSError as e:\n        print(f"WARNING: could not write the switch manifest to {path}: {e}")\n\n\ndef process_is_a_switch(pid, proc_root="/proc"):\n    """\n    Whether `pid` is currently a bmv2 process rather than whatever inherited that number.\n\n    [Co-developed with claude code -- Adam]\n    A pid recorded minutes ago is not evidence that the same process still holds it: Linux\n    recycles pids, so killing a manifest pid unchecked would eventually kill something\n    unrelated -- as root, since teardown runs under sudo. Reading the cmdline costs one open\n    and turns "this number was a switch once" into "this number is a switch now".\n    """\n    try:\n        with open(os.path.join(proc_root, str(pid), "cmdline"), "rb") as fh:\n            return b"simple_switch_grpc" in fh.read()\n    except OSError:\n        # Gone, or not ours to look at. Either way there is nothing here to reap.\n        return False\n\n\ndef reap_manifest_switches(path=MANIFEST_PATH, is_switch=process_is_a_switch,\n                           kill=os.kill, settle_s=0.5):\n    """\n    Stop every switch still listed in the manifest. Returns the names actually reaped.\n\n    [Co-developed with claude code -- Adam]\n    Teardown used to delete the manifest without stopping what it described. `net.stop()`\n    only reaps Mininet\'s own children, and a switch that ndtwin-p4-power restarted is not one\n    of them -- the helper spawns with `start_new_session=True` (tools/p4_power_helper.py) so\n    that the switch outlives the sudo invocation that created it, which is precisely what\n    makes power-on work. So such a switch survived teardown, and deleting the manifest then\n    removed the only thing that could still address it: the helper resolves names to pids\n    through this file and nothing else. The result was a process nothing owned and the\n    helper\'s own "off" could no longer stop.\n\n    Detaching is the feature and is not changed here. What is fixed is the bookkeeping: the\n    registry is now acted on before it is destroyed.\n\n    Not a demo-blocker, and this is worth stating plainly because it was briefly claimed as\n    one: startup clears leftover switches too (clear_switches_from_a_previous_run, called from\n    main), so a leftover switch listed in the manifest never blocks the next run. This is\n    hygiene -- ten idle bmv2 processes should not outlive the topology that owned them.\n\n    2026-09-11: that sentence used to read "startup already runs `pkill -f simple_switch_grpc`",\n    and it was true. It is not any more, and the difference matters to a reader of this\n    docstring: startup now reaps the SAME registry this function does, so a switch missing from\n    the manifest is no longer swept up by a name match at the next bring-up. It is reported\n    instead -- which is why leaving the manifest in place on the paths below is load-bearing.\n\n    Never raises. Teardown must go on to remove the manifest whatever happens here.\n    """\n    try:\n        with open(path) as fh:\n            manifest = json.load(fh)\n    except (OSError, ValueError):\n        # No manifest, or one we cannot parse. Nothing addressable either way.\n        return []\n\n    doomed = []\n    for name, entry in sorted(manifest.items()):\n        try:\n            pid = entry.get("pid")\n        except AttributeError:\n            continue\n        if pid and is_switch(pid):\n            doomed.append((name, pid))\n\n    for name, pid in doomed:\n        try:\n            kill(pid, signal.SIGTERM)\n        except OSError:\n            pass\n\n    # One settle window for all of them rather than per switch: they shut down in parallel,\n    # and ten sequential waits would make an interactive teardown feel hung.\n    if doomed:\n        time.sleep(settle_s)\n\n    for name, pid in doomed:\n        if is_switch(pid):\n            try:\n                kill(pid, signal.SIGKILL)\n            except OSError:\n                pass\n\n    return [name for name, _ in doomed]\n\n\ndef grpc_port_is_open(port, host="127.0.0.1", timeout=0.3):\n    """Whether anything is accepting TCP on this port right now. Same probe as\n    BMv2Switch.grpc_is_listening, asked about a port rather than about a switch object."""\n    try:\n        with socket.create_connection((host, port), timeout=timeout):\n            return True\n    except OSError:\n        return False\n\n\ndef clear_switches_from_a_previous_run(manifest_path=MANIFEST_PATH, ports=(), reap=None,\n                                      port_is_open=None, settle_s=0.5, report=print):\n    """\n    Stop the switches an earlier run left behind -- BY PID -- and report what could not be.\n\n    [Co-developed with claude code -- Adam]\n    This was `os.system(\'sudo pkill -f simple_switch_grpc > /dev/null 2>&1\')`, here and in\n    ntg_bmv2_topo.py, as root, on every bring-up. CLAUDE.md\'s engineering discipline names that\n    exact form as forbidden and KNOWN-ISSUES G-9 and G-inst-2 are the two times the reason was\n    learned the expensive way: `-f` matches the whole command line, so it takes any process\n    whose argv merely mentions the string -- a sibling session\'s fabric, a tail of a log path,\n    an editor with the file open -- and Mininet switches share the root PID namespace, so there\n    is no blast wall between the ten. tools/p4_power_helper.py\'s header had already written the\n    rule down for this same binary: "Processes are only ever addressed by PID taken from the\n    manifest ... No pkill, no killall, no name matching -- in any code path." This was the code\n    path that did it anyway.\n\n    The pid was never missing information. write_manifest has recorded name -> pid for every\n    verified switch since Phase 7; reap_manifest_switches signals exactly those pids and\n    re-reads /proc/<pid>/cmdline first, so a recycled number is never signalled; and teardown\n    has called it since the A-4 bookkeeping fix. Startup was simply not using any of it.\n\n    What a name match did that a pid cannot: reach a switch with no manifest entry -- a manifest\n    deleted by hand, or a run that predates it. That case is neither dropped nor guessed at. The\n    gRPC ports this run needs are probed, and a port still held is REPORTED, together with the\n    way to find its owner BY THAT PORT. The alternative is to choose a process by a substring of\n    its argv and send it SIGTERM as root, which is the defect rather than the fallback.\n\n    🔴 The manifest is deliberately NOT deleted here. reap_manifest_switches\' own docstring is\n    about that exact mistake: the file is the only thing that can still address a switch we\n    failed to stop, so removing it after a refused kill would destroy the last handle on a\n    process nothing owns. write_manifest replaces the whole file later in this run anyway, and\n    stale entries are inert because process_is_a_switch re-checks every pid.\n\n    Reports; it does not decide. This function\'s job ends at "these ports are still held, and\n    here is how to find out by whom". What to DO about that is abort_if_grpc_ports_are_held,\n    which both mains call on the second half of this function\'s return value.\n\n    2026-09-12: that decision used to be "warn and go on", and it was written here, in this\n    docstring, as a reason rather than as a choice. It is a choice, Adam ruled it, and it is now\n    "refuse" -- see abort_if_grpc_ports_are_held for what the warn-and-continue path cost. The\n    split is kept because the two halves fail differently: reporting must never raise (teardown\n    and tests call it), and refusing must never happen anywhere except a main.\n\n    Returns (reaped_names, ports_still_held). Never raises.\n    """\n    reap = reap or reap_manifest_switches\n    port_is_open = port_is_open or grpc_port_is_open\n\n    reaped = reap(manifest_path)\n    if reaped:\n        report("Reaped %d switch(es) from an earlier run by pid, out of %s: %s"\n               % (len(reaped), manifest_path, ", ".join(reaped)))\n        # One settle for the whole set: a port is released when the process exits, and the\n        # probe below would otherwise read a switch that is still on its way out as a\n        # stranger holding the port.\n        if settle_s:\n            time.sleep(settle_s)\n\n    held = [port for port in ports if port_is_open(port)]\n    if held:\n        report("")\n        report("WARNING: %d gRPC port(s) this run needs are still in use, and nothing in %s "\n               "names their owner: %s"\n               % (len(held), manifest_path, ", ".join(str(p) for p in held)))\n        report("  This script will not choose a process to signal by matching its name, so it "\n               "is leaving them alone. Find the owner by the port it is holding:")\n        report("    sudo ss -ltnp \\"sport = :%d\\"" % held[0])\n        report("  The switch on each of those ports would fail to bind. The caller decides "\n               "what that is worth -- see abort_if_grpc_ports_are_held.")\n        report("")\n    return reaped, held\n\n\ndef port_owner_line(port, run=None):\n    """\n    The `ss -ltnp` line for whatever is listening on `port` right now, or None.\n\n    [Co-developed with claude code -- Adam]\n    Asked BY THE PORT, which is the whole distinction this file spent 2026-09-11 learning: a\n    port is a fact about a socket the kernel owns, a name is a string the target process\n    chose. `sport = :N` is a filter ss evaluates, not a pattern matched against argv, so this\n    lookup cannot select the wrong process the way `pgrep -f` can -- and nothing is signalled\n    on the strength of it either way; the line is printed at a human.\n\n    None when the owner cannot be read, which is a real case rather than a failure: the\n    process column needs privilege to name a process belonging to another user, and a machine\n    without iproute2 has no `ss` at all. The caller must say "could not read" rather than\n    treat an unnamed owner as an absent one -- the port is held in both cases.\n    """\n    run = run or _run_read_only\n    try:\n        rc, out = run(["ss", "-ltnp", "sport = :%d" % port])\n    except (OSError, subprocess.SubprocessError):\n        return None\n    if rc != 0:\n        return None\n    for line in out.splitlines():\n        line = line.strip()\n        if not line or line.startswith("State") or line.startswith("Netid"):\n            continue\n        return " ".join(line.split())\n    return None\n\n\ndef _run_read_only(argv, timeout=3.0):\n    """argv with a hard timeout and no shell. Returns (rc, stdout)."""\n    p = subprocess.run(argv, capture_output=True, text=True, timeout=timeout)\n    return p.returncode, p.stdout\n\n\ndef abort_if_grpc_ports_are_held(held, owner_of=None, report=print, exit_=sys.exit):\n    """\n    Refuse to build the fabric when a gRPC port this run needs is still held. Adam, 2026-09-12.\n\n    [Co-developed with claude code -- Adam]\n    The previous policy was to warn and go on, and the warning was accurate: BMv2Switch\n    .failure_reason reads the switch\'s own log and names the port, and partial_fabric_verdict\n    turns that into a non-zero verdict. Both still happen. What neither of them does is STOP,\n    and continuing is what costs:\n\n      * the fabric that gets built has fewer switches than the topology declares, and every\n        number measured on it afterwards belongs to a population nobody wrote down. The 128-host\n        rounds are the case that settles it -- one missing switch there is 16 hosts that never\n        answer, and the run is over by the time the verdict is read;\n      * "it was reported" is not "someone read it". The report arrives in the middle of\n        Mininet\'s own output, after the operator has already started waiting.\n\n    Held by WHOM is printed, not just which port: a refusal an operator cannot act on is a\n    slower warning. The owner is read by port (port_owner_line) and never matched by name, and\n    an owner that could not be read is said so -- an unreadable owner must not print like an\n    absent one, and neither is a reason to start on a port that is demonstrably taken.\n\n    Nothing is signalled here. This function has no kill seam, by construction: the fix that\n    replaced `pkill -f simple_switch_grpc` cannot be allowed to grow one back in the function\n    whose whole subject is a process it could not identify.\n\n    Called only from a main -- `exit_` is injected so the tests observe the refusal instead of\n    taking the interpreter down with them.\n    """\n    if not held:\n        return\n    owner_of = owner_of or port_owner_line\n    report("")\n    report("FATAL: %d gRPC port(s) this run needs are still held after the reset: %s"\n           % (len(held), ", ".join(str(p) for p in held)))\n    for port in held:\n        line = owner_of(port)\n        if line:\n            report("  :%d is held by  %s" % (port, line))\n        else:\n            report("  :%d is held, and the owner could not be read here (naming another "\n                   "user\'s process needs root, and a box without iproute2 has no ss at all)"\n                   % port)\n    report("  Check it yourself, and stop the owner by the pid that line names -- never by "\n           "its name:")\n    for port in held:\n        report("      sudo ss -ltnp \'sport = :%d\'" % port)\n    report("  Refusing to start. A fabric built now would be missing the switch on each of "\n           "those ports, and every measurement taken on it would belong to a topology that "\n           "was never declared.")\n    report("")\n    exit_(1)\n\n\n#: Everything this run decides BEFORE anything on the machine is torn down.\n#: [Co-developed with claude code -- Adam]\nFabricPlan = collections.namedtuple(\n    "FabricPlan",\n    "package model_path model dpids json_paths binary lib_dir ports port_warning "\n    "telemetry_knob telemetry_sources")\n\n\nclass FabricPlanError(ValueError):\n    """A pre-flight refusal. ValueError so both mains\' existing `except ValueError` catches it."""\n\n\ndef plan_fabric(package=None, report=print):\n    """Which package, which model, which switches, which binary, which ports -- decided ONCE.\n\n    [Co-developed with claude code -- Adam]\n    Every check in here happens before `reset_for_bring_up` destroys anything, which is the\n    property the individual checks were each written for: a broken override, an unusable\n    package or a port block inside the ephemeral range must fail while the running fabric is\n    still running.\n\n    🔴 It is one function because it had been two. `ndtwin-lab topo-start` launches\n    ntg_bmv2_topo.py, NOT this file, so the pre-flight that actually ran on every bring-up was\n    the transcribed copy over there -- and on 2026-09-18 that copy was still resolving\n    `ndtwin_switch.json` by a literal path and still pre-flighting `grpc_port_block(range(1,\n    11))` while the model in play declared four switches. Both mains call this now; a decision\n    written here is a decision that executes.\n\n    Raises FabricPlanError, AppPackageError, TopologyModelError, PortBlockError or ValueError,\n    all of which name the field or the file they are about.\n    """\n    package, model_path, model = fabric_model(package)\n    report(f"app package: {package.dir or \'baseline (no knob file)\'}")\n    report(f"topology model: {model_path}")\n    dpids = [dpid for dpid, _ in topo_from_json.switches(model)]\n\n    # [Co-developed with claude code -- Adam]\n    # 🔴 EVERY SWITCH, BY NAME. This used to check dpid 1\'s json and call the fabric pre-flighted.\n    # Under `pipeline: null` that was one file standing for all of them; under a package that\n    # names its own programs it is one file standing for none of the others, and the switch whose\n    # program was never compiled would fail at `simple_switch_grpc` launch time -- after `mn -c`\n    # has already destroyed the fabric that was running, with the error in /tmp/sN_bmv2.log,\n    # which nothing reads. The message names the dpid so the answer is "compile firewall.p4",\n    # not "something is missing".\n    proxy_root = os.path.join(os.path.dirname(os.path.abspath(__file__)), "..")\n    json_paths = {}\n    for dpid in dpids:\n        json_paths[dpid] = package.pipeline_for(dpid, proxy_root)[1]\n        if not os.path.exists(json_paths[dpid]):\n            raise FabricPlanError(\n                f"Compiled P4 JSON for s{dpid} not found at {json_paths[dpid]}. "\n                f"Run \'p4c-bm2-ss\' first in p4_src.")\n    # Said out loud when, and only when, some switch is not running NDTwin\'s own pipeline.\n    # An operator reading a bring-up log has to be able to tell "the telemetry is off because\n    # this fabric runs somebody else\'s program" from "the telemetry broke", and by the time the\n    # proxy discloses it in `switch_state` the fabric is already up.\n    foreign = [dpid for dpid in dpids if not package.pipeline_is_ndtwin(dpid, proxy_root)]\n    if foreign:\n        report(f"package pipelines: {len(foreign)} of {len(dpids)} switch(es) run the "\n               f"package\'s own program, not NDTwin\'s: "\n               + ", ".join(f"s{d}={os.path.basename(json_paths[d])}" for d in foreign))\n\n    # 🔴 THE TELEMETRY KNOB, READ HERE, FOR THE SAME REASON EVERYTHING ELSE IN THIS FUNCTION IS\n    # READ HERE. `read_telemetry_knob` refuses a word outside the domain, and TICKET-P3 §2.1\n    # says that refusal is "拒絕啟動" -- refuse to start. Read for the first time inside\n    # `bring_up`, it would refuse AFTER `reset_for_bring_up` had already destroyed the fabric\n    # that was running and AFTER `net.start()` had built its replacement: "refuse to start"\n    # would have degraded into "die halfway up", which is the failure mode the whole of this\n    # pre-flight exists to prevent. The word comes from `ndt`, which validates before writing,\n    # so a bad one here means something else wrote the file.\n    #\n    # The per-switch resolution is reported for the reason the foreign-pipeline line above is:\n    # by the time the proxy discloses it in `switch_state` the fabric is already up, and an\n    # operator has to be able to tell "this switch is on the link path" from "its telemetry\n    # broke" while there is still something to read.\n    telemetry_knob = app_package.read_telemetry_knob()\n    telemetry_sources = {dpid: app_package.telemetry_source(package, dpid) for dpid in dpids}\n    counts = {}\n    for source in telemetry_sources.values():\n        counts[source] = counts.get(source, 0) + 1\n    report(f"telemetry: {telemetry_knob or \'auto\'} "\n           f"({\'knob\' if telemetry_knob else \'no knob\'}) -> "\n           + ", ".join(f"{n} {source}" for source, n in sorted(counts.items())))\n\n    # The binary choice, before anything is torn down: a broken override should fail here, not\n    # after mn -c has already destroyed the running fabric.\n    binary, lib_dir = resolve_bmv2_launcher()\n    report(f"bmv2 binary: {binary}" + (f"  (LD_LIBRARY_PATH={lib_dir})" if lib_dir else ""))\n\n    # The gRPC port block, for the same reason and in the same place. Checked against the\n    # *running kernel\'s* ephemeral range rather than against the number that was safe when it\n    # was chosen -- ip_local_port_range is a sysctl, and the demo machine is not necessarily\n    # this one. See grpc_ports.py and F-15. The block is the MODEL\'s dpids: a four-switch\n    # package that pre-flighted ports for ten would refuse to start over six ports it never\n    # wanted, and would not check the one port it did.\n    ports = grpc_ports.grpc_port_block(dpids)\n    warning = grpc_ports.assert_port_block_is_safe(ports)\n    if warning:\n        report(warning)\n\n    return FabricPlan(package=package, model_path=model_path, model=model, dpids=dpids,\n                      json_paths=json_paths, binary=binary, lib_dir=lib_dir, ports=ports,\n                      port_warning=warning, telemetry_knob=telemetry_knob,\n                      telemetry_sources=telemetry_sources)\n\n\ndef reset_for_bring_up(ports, settle_s=0.5):\n    """`mn -c`, then last run\'s switches by pid, then refuse a port that is still held.\n\n    [Co-developed with claude code -- Adam]\n    `mn -c` does not touch bmv2, so a switch orphaned by a closed terminal keeps holding its\n    gRPC port and the matching switch in this run dies with "Address already in use". That is a\n    real failure we hit. Two Mininet topologies cannot coexist here anyway, and `mn -c` above\n    is already a full reset, so clearing these is consistent with what it does.\n\n    By pid out of the manifest, and a report for anything that leaves. This used to be\n    `os.system(\'sudo pkill -f simple_switch_grpc > /dev/null 2>&1\')` -- see\n    clear_switches_from_a_previous_run for why that was the wrong instrument and why the pid\n    was available the whole time. A port the reap could not free stops the run here, before\n    Mininet is built; Adam ruled that on 2026-09-12 and the reasons are in\n    abort_if_grpc_ports_are_held.\n    """\n    # Last run\'s link telemetry first, and by the same reasoning the switch reap below stands\n    # on: an emitter orphaned by a closed terminal is a process holding a psample group and\n    # writing sFlow the kernel will attribute to a fabric that no longer exists. It is stopped\n    # by the pid its manifest names, after /proc says that pid is still it -- never by pattern.\n    # `mn -c` does not touch it, exactly as `mn -c` does not touch bmv2.\n    # [Co-developed with claude code -- Adam]\n    link_telemetry.shut_down(report=print)\n    os.system(\'sudo mn -c > /dev/null 2>&1\')\n    _, still_held = clear_switches_from_a_previous_run(ports=ports)\n    abort_if_grpc_ports_are_held(still_held)\n    time.sleep(settle_s)  # let the ports actually be released before anything tries to bind\n\n\ndef build_net(package, model):\n    """The Mininet this fabric is. A function so a test can put a recorder in its place.\n\n    [Co-developed with claude code -- Adam]\n    🔴 `link=TCLink` IS PASSED ONLY WHEN THE PACKAGE SHAPED SOMETHING, and the call below it is\n    byte for byte the call this function has always made. TCLink is not "the same Link, with\n    options": it puts an htb qdisc on every interface it builds and a netem behind it, which\n    changes the timing of every cable in a fabric nobody asked to shape -- and every reading\n    ever taken on this fabric was taken without it. So the two cases are two literal calls\n    rather than one call with a conditional keyword: the unshaped one cannot acquire an\n    argument by accident. test_fabric_bring_up pins it.\n\n    Imported inside the branch because the module-level Mininet imports at the top of this file\n    are what the offline suites stub, and a fourth one at import time would make every test that\n    does not care about shaping have to know about TCLink.\n    """\n    if app_package.shaped_links(package):\n        from mininet.link import TCLink\n        return Mininet(topo=MultiSwitchTopo(package=package, model=model),\n                       controller=None, autoSetMacs=True, link=TCLink)\n    return Mininet(topo=MultiSwitchTopo(package=package, model=model),\n                   controller=None, autoSetMacs=True)\n\n\n#: What a package\'s hosts must call their interface.\n#:\n#: [Co-developed with claude code -- Adam]\n#: p4lang/tutorials\' P4Host renames the default interface to this in `config()`\n#: (~/tutorials/utils/p4_mininet.py:21, `self.defaultIntf().rename("eth0")`) before it runs\n#: anything on the host, and every exercise is written on top of that: the runtime JSONs, the\n#: `route add default gw ... dev eth0` / `arp -i eth0 -s ...` pair convert.py copies into a\n#: package, and every send.py / receive.py, all name eth0. An NDTwin Mininet host\'s default\n#: interface is `h1-eth0`, so without this the package\'s own commands address a device that\n#: does not exist.\nPACKAGE_HOST_INTF = "eth0"\n\n\ndef rename_default_intf(host, name=PACKAGE_HOST_INTF):\n    """Rename this host\'s default interface, the way p4lang/tutorials\' P4Host does.\n\n    [Co-developed with claude code -- Adam]\n    Returns the old name, or None when there was nothing to do. Mininet\'s `Intf.rename` is what\n    P4Host calls and it is what is called here: it fixes up the node\'s `nameToIntf` and brings\n    the interface down and back up around `ip link set ... name ...`, which preserves the\n    address. P4Host does it in `config()`, i.e. after `Node.config` has assigned the address\n    and before anything runs on the host; this runs after `net.start()` and before the\n    package\'s first command, which is the same place in the order that matters.\n    """\n    intf = host.defaultIntf()\n    if intf is None or intf.name == name:\n        return None\n    old = intf.name\n    intf.rename(name)\n    return old\n\n\n#: What configure_hosts did. `commands` is None under the baseline -- see host_commands().\n#: [Co-developed with claude code -- Adam]\nHostSetup = collections.namedtuple("HostSetup", "commands renamed noisy")\n\n\ndef configure_hosts(package, hosts, report=info):\n    """The package\'s own host commands, or the fabric\'s all-pairs static ARP. Never both.\n\n    [Co-developed with claude code -- Adam]\n    Returns a HostSetup: what ran ({name: [command]} under a package, None under the baseline),\n    which interfaces were renamed, and every command that PRINTED something.\n    `Package.host_commands()` answers None rather than {} for exactly this branch -- "this\n    package asked for nothing here" and "there is no package" are different statements and the\n    second one means the 128-host ARP fan-out.\n\n    🔴 TWO THINGS THE FIRST LIVE PACKAGE RUN COST, both on 2026-09-18, both here:\n\n      * every host command ran against `eth0` on a host whose interface is `h1-eth0`, so\n        `route add default gw 10.0.1.10 dev eth0` set no route and every ping answered\n        `connect: Network is unreachable`. The fabric, the proxy and the kernel were all\n        correct and the exercise could not send a packet. See PACKAGE_HOST_INTF: the rename is\n        what p4lang/tutorials does, and it is done for EVERY host under a package -- including\n        hosts the package gives no commands, because send.py and receive.py name eth0 too;\n      * `host.cmd(command)` threw its output away, so the kernel\'s own\n        `SIOCADDRT: No such device` -- which says the whole thing in five words -- existed\n        nowhere. Every command\'s output is now printed under the command that produced it, and\n        counted. A host command that prints is nearly always one that failed: these are\n        `route`, `arp` and `ifconfig` invocations, which are silent when they work.\n\n    🔴 THE ALL-PAIRS FORM IS THE BRIDGE\'S, CHUNKED, and that is a behaviour change for\n    p4_testbed_topo.main() at large host counts. The two copies of this loop disagreed: this\n    file batched all N-1 entries into ONE `cmd()`, ntg_bmv2_topo.py batched them in chunks of\n    32 -- with a measurement written beside it saying why. At 128 hosts a single command is\n    ~4.4 kB, Mininet TRUNCATES it, and h1 ended up holding entries for h2..h112 and nothing\n    after; a partial ARP table fails exactly like a broken data plane. The chunked copy is the\n    one `ndtwin-lab` actually runs, so it is the one that survives the merge. At four hosts the\n    two forms produce a byte-identical command (three peers is one chunk), which is what\n    test_fabric_bring_up.py pins.\n\n    A package\'s commands are printed per host rather than run silently: these are the only\n    commands this fabric runs on somebody else\'s behalf, and a typo in one of them presents as\n    an unreachable host.\n    """\n    host_commands = package.host_commands()\n    if host_commands is None:\n        # 🔴 AND NOTHING IS RENAMED HERE. The baseline fabric\'s hosts are `h1-eth0` and every\n        # other reader of this fabric -- the ARP fan-out above, disable_host_offloads, NTG\'s\n        # MininetCommunicator -- has always seen that name. Renaming under the baseline would\n        # be a change nobody asked for, on the one path this whole ticket promises not to\n        # change.\n        for src in hosts:\n            peers = [dst for dst in hosts if dst is not src]\n            for i in range(0, len(peers), 32):\n                src.cmd(" ; ".join(f"arp -s {d.IP()} {d.MAC()}" for d in peers[i:i + 32]))\n        return HostSetup(commands=None, renamed=(), noisy=())\n\n    # EVERY host, before ANY command -- the commands are written against eth0 and so is the\n    # exercise\'s own send.py. A host with no commands is renamed too, for that second reason.\n    renamed = []\n    for host in hosts:\n        old = rename_default_intf(host)\n        if old is not None:\n            renamed.append((host.name, old))\n            report(f"*** {host.name}: {old} renamed to {PACKAGE_HOST_INTF} "\n                   f"(p4lang/tutorials P4Host.config does the same)\\n")\n\n    # A package brings its own host setup -- pod-topo\'s hosts each get a default gateway and\n    # ONE static ARP, for that gateway -- and the all-pairs fan-out above would defeat it:\n    # every host would already hold every other host\'s MAC, so the exercise\'s forwarding tables\n    # would never be consulted and a broken data plane would ping perfectly.\n    noisy = []\n    for host in hosts:\n        for command in host_commands.get(host.name, ()):\n            report(f"*** {host.name}: {command}\\n")\n            output = (host.cmd(command) or "").strip()\n            if output:\n                noisy.append((host.name, command, output))\n                for line in output.splitlines():\n                    report(f"***   {host.name}: {line}\\n")\n    return HostSetup(commands=host_commands, renamed=tuple(renamed), noisy=tuple(noisy))\n\n\n#: How often the emitter is asked whether it is still there, during its start-up grace period.\n#: [Co-developed with claude code -- Adam]\nEMITTER_POLL_INTERVAL_S = 0.1\n\n#: What `start_link_telemetry` answers: the plan, the emitter\'s Popen (None when there is no\n#: emitter), and whether the bring-up must be called fatal because of it.\n#: [Co-developed with claude code -- Adam]\nLinkTelemetry = collections.namedtuple("LinkTelemetry", "plan proc fatal verdict")\n\n\ndef start_link_telemetry(package, model, switches, manifest_path=None, report=print,\n                         tc_run=None, emitter_popen=None, sleep=time.sleep,\n                         grace_s=None):\n    """Plan, attach, start the emitter, record it -- or say in one line why there is none.\n\n    [Co-developed with claude code -- Adam]\n    TICKET-P3 section 2.5. The order is load-bearing in both directions: the filters go on\n    BEFORE the emitter so that no sample is generated with nobody listening to blame for it,\n    and the manifest is written AFTER the emitter because the manifest is what carries its pid\n    -- which is the only handle anything downstream (`ndt status`, `verify_p4`, teardown, the\n    next bring-up) ever gets on that process. `pkill -f` is forbidden here and this is the\n    arrangement that makes it unnecessary.\n\n    🔴 AN EMITTER THAT DIED IS FATAL, not a warning. The filters are on: the kernel is sampling\n    one packet in 256 off every switch veth and multicasting it to a group nobody has joined.\n    Every other line of the bring-up reads success, `ndt up` exits 0, and the twin shows zero\n    link usage on a fabric that is working -- which is indistinguishable from an idle network.\n    Section 2.5 says fatal; this returns it as such and lets `bring_up` fold it into the verdict.\n    """\n    try:\n        return _start_link_telemetry(package, model, switches, manifest_path=manifest_path,\n                                     report=report, tc_run=tc_run,\n                                     emitter_popen=emitter_popen, sleep=sleep, grace_s=grace_s)\n    except ValueError as exc:\n        # 🔴 A REFUSAL HERE IS AN ABORT PATH, AND IT ONLY IS ONE IF IT COMES BACK AS A VERDICT.\n        # `link_telemetry.plan` refuses four things and `attach` a fifth, and `read_telemetry_knob`\n        # refuses a word outside the domain; every one of them is a ValueError, which BOTH MAINS\n        # CATCH -- around `plan_fabric`, and nowhere else. By the time this function runs, `net`\n        # has been built and started, and a bare raise from here unwinds straight out of\n        # `bring_up` past a `tear_down` that is only ever reached through the `fatal` return.\n        # The fabric would be left running with no manifest, with whatever filters got attached,\n        # and with the traceback in a tmux pane that stops existing when the process does --\n        # which is the exact 2026-09-18 shape this whole file was repaired for.\n        #\n        # So it is folded into the verdict the same way a dead emitter is (see `bring_up`), and\n        # both mains reach teardown through the path they already have. ValueError only:\n        # anything else is a defect in this code and must not be dressed up as a fabric verdict.\n        return LinkTelemetry(\n            plan=None, proc=None, fatal=True,\n            verdict=(f"FATAL: link telemetry could not be brought up: {exc}"))\n\n\ndef _start_link_telemetry(package, model, switches, manifest_path=None, report=print,\n                          tc_run=None, emitter_popen=None, sleep=time.sleep, grace_s=None):\n    """`start_link_telemetry`\'s body. Separate so its refusals have one place to be caught."""\n    grace_s = link_telemetry.EMITTER_STARTUP_GRACE_S if grace_s is None else grace_s\n    manifest_path = manifest_path or link_telemetry.LINK_TELEMETRY_MANIFEST\n    plan = link_telemetry.plan(package, model, switches)\n    if plan.is_empty:\n        report(link_telemetry.describe(plan))\n        return LinkTelemetry(plan=plan, proc=None, fatal=False, verdict=None)\n\n    try:\n        link_telemetry.attach(plan, run=tc_run)\n        proc = link_telemetry.start_emitter(manifest_path, popen=emitter_popen)\n        link_telemetry.write_manifest(plan, getattr(proc, "pid", None), path=manifest_path)\n    except Exception:\n        # 🔴 A HALF-BUILT LINK PATH LEAVES QDISCS BEHIND WHERE NO TEARDOWN RUNS. Until\n        # `write_manifest` returns there is nothing on disk for `tear_down` to read, so both\n        # mains\' abort paths would leave `clsact` on whichever interfaces got that far -- and,\n        # if the emitter had already started, an orphan holding a psample group. `mn -c` in the\n        # next bring-up destroys the veths and takes the qdiscs with them, but "the next run\n        # cleans it up" is not a thing to rely on for state this process created. Best effort,\n        # then the original failure.\n        link_telemetry.detach(plan, run=tc_run, report=report)\n        raise\n    report(link_telemetry.describe(plan, getattr(proc, "pid", None)))\n\n    # Give it the grace period section 2.5 names, asking each step. `poll()` is the process\'s\n    # own exit status, not a scan for a name.\n    #\n    # A whole number of steps rather than `while deadline > 0: deadline -= 0.1`, because that\n    # subtraction is binary floating point: 0.5 becomes six steps, not five, and a loop whose\n    # trip count nobody can state is one whose test has to be written from its own behaviour.\n    for _step in range(int(math.ceil(grace_s / EMITTER_POLL_INTERVAL_S))):\n        if proc.poll() is not None:\n            break\n        sleep(EMITTER_POLL_INTERVAL_S)\n    status = proc.poll()\n    if status is not None:\n        return LinkTelemetry(\n            plan=plan, proc=proc, fatal=True,\n            verdict=(f"FATAL: the link-telemetry emitter exited with {status} within "\n                     f"{grace_s:.0f}s of starting. {plan.ingress_filters()} ingress and "\n                     f"{plan.egress_filters()} egress sampling filters are attached and nothing "\n                     f"is listening to them, so this fabric would report zero link usage while "\n                     f"forwarding normally. Its stderr says why."))\n    return LinkTelemetry(plan=plan, proc=proc, fatal=False, verdict=None)\n\n\ndef bring_up(package, model, net=None, manifest_path=None, verify_timeout=10.0,\n             report=print, link_manifest_path=None):\n    """Build the fabric, set the hosts up, verify the switches, write the manifest, judge it.\n\n    Returns (net, switches, fatal, report) -- `report` being partial_fabric_verdict\'s message,\n    None when every switch came up.\n\n    [Co-developed with claude code -- Adam]\n    🔴 THIS IS THE FUNCTION THE TICKET IS ABOUT. There were two of these, and the one that ran\n    on every `ndt up p4` was the one nothing tested: ntg_bmv2_topo.py\'s copy still read\n    `range(1, 11)` for its switch list after the package work landed here, so a four-switch\n    package died at `net.get(\'s5\')` with a KeyError, before write_manifest, with no try/finally\n    -- so the process died, tmux reaped the session, and the pane carrying the traceback went\n    with it. `ndt up` could only say "0/4 switches, manifest missing". Both entry points call\n    this now.\n\n    `net` and `manifest_path` are seams for the offline tests, not options: a fabric this\n    function builds itself is the only one either main passes.\n    """\n    if manifest_path is None:\n        manifest_path = MANIFEST_PATH\n    if net is None:\n        net = build_net(package, model)\n    net.start()\n\n    # 🔴 FROM THE MODEL, AND BEFORE THE HOSTS. This was `[net.get(f\'s{i}\') for i in range(1,\n    # 11)]` in the bridge, and the fifth copy of "this fabric has ten switches". It moved ahead\n    # of the host set-up when link telemetry landed: section 2.5 puts the sampling filters on\n    # between `net.start()` and `configure_hosts`, so that the very first packet a host command\n    # sends is already being sampled, and planning them needs these objects.\n    switches = [net.get(name) for _dpid, name in topo_from_json.switches(model)]\n    telemetry = start_link_telemetry(package, model, switches,\n                                     manifest_path=link_manifest_path, report=report)\n\n    # The hosts, named by the model rather than counted. `_host_count_override()` and the model\n    # agree by construction (topo_from_json.model_path refuses a model whose host count\n    # differs), but a package names its own model and nothing then ties the count file to it.\n    hosts = [net.get(name) for name, _ip, _mac in topo_from_json.hosts(model)]\n    host_setup = configure_hosts(package, hosts)\n    if host_setup.noisy:\n        # 🔴 SAID ONCE, ON STDOUT, WHERE `ndt up` WILL TAIL IT. The per-command output above\n        # goes through Mininet\'s logger; this line is the one that has to survive being read\n        # quickly. A host command that prints is nearly always one that failed -- the 09-18\n        # live round\'s were `SIOCADDRT: No such device`, ten of them, and nothing said a word.\n        report(f"WARNING: {len(host_setup.noisy)} of this package\'s host command(s) PRINTED "\n               f"OUTPUT (see the \'***\' lines above). `route`, `arp` and `ifconfig` are silent "\n               f"when they work, so treat each of these as a host that is not configured.")\n    # Without this, bulk TCP stalls at zero through bmv2 -- see the helper\'s docstring.\n    disable_host_offloads(hosts)\n\n    failures = verify_switches(switches, timeout=verify_timeout)\n    write_manifest(switches, path=manifest_path)\n\n    fatal, verdict = partial_fabric_verdict(failures, len(switches))\n    if telemetry.fatal:\n        # Both verdicts, never one instead of the other: a fabric can lose a switch AND its\n        # emitter, and an operator who is told only about the switch fixes half of it.\n        fatal = True\n        verdict = f"{verdict}\\n{telemetry.verdict}" if verdict else telemetry.verdict\n    return net, switches, fatal, verdict, host_setup\n\n\ndef tear_down(net, manifest_path=None, report=print, link_manifest_path=None):\n    """Stop the net, reap what outlived it, then drop the manifest. Returns the names reaped.\n\n    [Co-developed with claude code -- Adam]\n    Order is load-bearing and is the A-4 bookkeeping fix: `net.stop()` only reaps Mininet\'s own\n    children, a switch ndtwin-p4-power restarted is not one of them, and once the manifest is\n    gone nothing can address such a process at all -- the helper resolves names to pids through\n    that file and nothing else. See reap_manifest_switches.\n\n    Both entry points\' teardown, and both of their ABORT paths. Those abort paths used to reap\n    in silence; they say what they reaped now, which is a change and the right direction -- a\n    process this script stopped on its way out is exactly the kind of fact that later reads as\n    "something killed my switch".\n    """\n    if manifest_path is None:\n        manifest_path = MANIFEST_PATH\n    # 🔴 THE EMITTER AND THE FILTERS GO FIRST, BEFORE `net.stop()`, and both come out of the\n    # link-telemetry manifest rather than out of an argument. Two reasons, and the second is\n    # why this is not merely tidier:\n    #   * `net.stop()` deletes the veths, and a `tc qdisc del` after that is addressed to\n    #     devices that are gone -- so the filters would come off only by accident;\n    #   * both entry points tear down with a bare `tear_down(net)`, including from their ABORT\n    #     paths, and a plan object threaded through those is a fourth thing an abort path has\n    #     to remember. Reading the manifest means the NEXT bring-up can also clean up after a\n    #     process that died without one.\n    # The emitter is stopped by the pid the manifest names, after `/proc/<pid>/cmdline` says it\n    # is still that process -- never by pattern (section 0 item 1).\n    link_telemetry.shut_down(link_manifest_path, report=report)\n    net.stop()\n    reaped = reap_manifest_switches(manifest_path)\n    if reaped:\n        report(f"Reaped {len(reaped)} switch(es) that outlived the topology: "\n               f"{\', \'.join(reaped)}")\n    try:\n        os.remove(manifest_path)\n    except OSError:\n        pass\n    return reaped\n\n\n#: What "shut this fabric down" arrives as. TICKET-P3 section 9 ruling 19(1).\n#:\n#: [Co-developed with claude code -- Adam]\n#: `ndtwin-lab topo-stop` sends C-c to the tmux pane, waits up to ten seconds, then\n#: `kill-session` -- which is a SIGHUP to the pane\'s process group. SIGTERM is what anything\n#: else that stops a process sends. All three mean the same thing here, and none of them meant\n#: anything at all until 2026-09-19.\nTEARDOWN_SIGNALS = ("SIGINT", "SIGTERM", "SIGHUP")\n\n\ndef install_teardown_signal_handlers(report=print, signals=None, install=None):\n    """Make a shutdown signal raise SystemExit, so a `finally` gets to tear the fabric down.\n\n    [Co-developed with claude code -- Adam]\n    🔴 WHAT THIS IS FOR, measured live on 2026-09-19 (ruling 19(1); raw in\n    live-p1/runs/2026-09-19T051758Z_02_app_basic/90_down.txt). `ndt down` reported\n    "residue: /tmp/ndtwin_link_telemetry.json is still there and the pid it names (2386073) is\n    gone" after every single run. The chain:\n\n      * `topo-stop` sends C-c. Mininet\'s CLI.run() CATCHES KeyboardInterrupt in a `while True`\n        loop and prints "Interrupt" -- by design, so a stray Ctrl-C does not destroy your\n        fabric. So the C-c does nothing.\n      * Ten seconds later `kill-session` SIGHUPs the pane\'s process group. SIGHUP\'s default\n        action is to terminate, this process had no handler, and `main()` was a bare\n        `CLI(net)` followed by `tear_down(net)`. Python died between the two.\n      * `tear_down` -> `link_telemetry.shut_down` therefore never ran. The emitter, in the same\n        process group, died of the same SIGHUP -- so the manifest outlived the process it\n        names, and the next thing to read it found a dead pid.\n\n    🔴 WHY A HANDLER IS ENOUGH FOR THE C-c TOO, and this was checked rather than assumed:\n    Mininet\'s CLI installs NO signal handler of its own (there is no `signal.signal` anywhere\n    in mininet/*.py on this machine; `CLI.run` only runs `stty ... intr ^C`, which is terminal\n    settings, not disposition). Its `except KeyboardInterrupt` catches what the DEFAULT SIGINT\n    handler raises. Replace that handler and SIGINT raises SystemExit instead -- which is a\n    BaseException and not a KeyboardInterrupt, so Mininet\'s catch does not see it and it\n    leaves `CLI(net)` on its way to the `finally`. Both routes work; SIGTERM and SIGHUP never\n    went near Mininet\'s loop in the first place.\n\n    🔴 THE FIRST SIGNAL WINS AND THE REST ARE NO-OPS. `topo-stop` sends C-c and then, ten\n    seconds later, SIGHUP -- so the second one can easily arrive while the teardown it asked\n    for is still running. Re-raising SystemExit there would abort that teardown halfway and\n    leave exactly the residue this exists to remove. Disarming rather than `SIG_IGN` keeps the\n    disposition a Python-level handler, so nothing about the process becomes unkillable that\n    was not already: SIGKILL is untouched, and the window is bounded by `tear_down` itself.\n\n    Returns the names of the signals actually installed, which is what a test reads.\n    """\n    install = install or signal.signal\n    fired = []\n    installed = []\n\n    def handler(signum, _frame):\n        name = _signal_name(signum)\n        if fired:\n            # The second one. Say so -- an operator who pressed Ctrl-C twice has to be able to\n            # tell "it is ignoring me" from "it is already shutting down".\n            report(f"*** {name} received while already tearing down; still going.")\n            return\n        fired.append(name)\n        report(f"\\n*** {name} received -- tearing the fabric down before exiting.")\n        # 0 rather than 128+signum: this is a REQUESTED shutdown that completed, not a failure.\n        # Nothing downstream reads this pane\'s exit status today (`ndt down` judges by residue),\n        # and a non-zero code for a normal stop would be the wrong thing for anything that\n        # starts reading it later.\n        raise SystemExit(0)\n\n    for name in (signals or TEARDOWN_SIGNALS):\n        number = getattr(signal, name, None)\n        if number is None:\n            continue\n        try:\n            install(number, handler)\n        except (ValueError, OSError, RuntimeError):\n            # Not the main thread, or a platform without this signal. A fabric that cannot\n            # install a handler still runs; it just tears down the way it did before.\n            continue\n        installed.append(name)\n    return installed\n\n\ndef _signal_name(signum):\n    try:\n        return signal.Signals(signum).name\n    except ValueError:\n        return f"signal {signum}"\n\n\ndef main():\n    setLogLevel(\'info\')\n\n    # Which app package, which model, which switches -- decided once, before anything is torn\n    # down, and handed to bring_up below so nothing reads those files twice and gets two\n    # answers. A malformed knob or an unusable package stops the run here, which is the point:\n    # the alternative is a fabric that comes up on the wrong topology and reports success.\n    # [Co-developed with claude code -- Adam]\n    try:\n        plan = plan_fabric()\n    except (app_package.AppPackageError, topo_from_json.TopologyModelError,\n            grpc_ports.PortBlockError, ValueError) as e:\n        print(f"Error: {e}")\n        sys.exit(1)\n\n    reset_for_bring_up(plan.ports)\n\n    net, switches, fatal, report, _host_setup = bring_up(plan.package, plan.model)\n    ports = plan.ports\n\n    print("\\n======================================================================")\n    if report:\n        # Reported as a failure rather than the old unconditional success line. A dead switch\n        # used to be completely silent here: its bind error went to /tmp/sN_bmv2.log, which\n        # nothing read, and this banner claimed all ten were listening anyway. The proxy then\n        # failed only on that one switch, tens of lines deep in its own log.\n        print(report)\n    else:\n        print("Multi-Switch Network Started.")\n        print(f"All {len(switches)} BMv2 switches verified listening on gRPC "\n              f"{ports[0]} ~ {ports[-1]}")\n        print(f"Switch manifest: {MANIFEST_PATH}")\n    print("======================================================================\\n")\n\n    # 🔴 ARMED HERE, AND THE TEARDOWN IS A `finally`. Ruling 19(1): this used to be a bare\n    # `CLI(net)` followed by `tear_down(net)`, and `topo-stop`\'s SIGHUP landed between the two\n    # on every single live run -- so `link_telemetry.shut_down` never ran and the manifest\n    # outlived the emitter it names. The handlers cover exactly the window in which there is a\n    # net to tear down; a signal during `bring_up` itself is still the abrupt death it always\n    # was (see the SUMMARY -- closing that would mean a `finally` inside `bring_up`, which owns\n    # the net it has not returned yet).\n    install_teardown_signal_handlers()\n    try:\n        if fatal:\n            # Refuse the CLI rather than printing a warning above it. The warning was there\n            # before and it did not stop a single run: the operator got a prompt, the wrapper\n            # got exit 0, and the partial fabric was used. The switch logs stay on disk\n            # (/tmp/sN_bmv2.log) for the post-mortem -- what is withheld is the ability to\n            # carry on as if nothing broke. The teardown is the `finally` below, which is why\n            # there is no `tear_down(net)` on this line any more: there used to be, and with a\n            # `finally` in place it would have run twice.\n            sys.exit(1)\n        CLI(net)\n    finally:\n        tear_down(net)\n\nif __name__ == \'__main__\':\n    main()\n\n# Developed in collaboration with Gemini 3.1 Pro.\n'
2026-09-27T16:04:27.9584435Z       FAILED (failures=2)
2026-09-27T16:04:28.2131248Z   test_host_discovery_gate.py    PASS 14 ran and passed
2026-09-27T16:04:29.2561183Z   test_known_issues_references.py PASS 44 ran and passed
2026-09-27T16:04:29.3266983Z   test_l3_dispatch_drift.py      PASS 12 ran and passed
2026-09-27T16:04:29.4541878Z   test_lldp_backoff.py           PASS 5 ran and passed
2026-09-27T16:04:29.6520313Z   test_make_topology.py          PASS 29 ran and passed
2026-09-27T16:05:20.0744872Z   test_ndt_serve.py              PASS 74 ran and passed
2026-09-27T16:05:44.1121972Z   test_ndt_serve_cells.py        PASS 35 ran and passed
2026-09-27T16:05:58.8917429Z   test_ndt_serve_gui.py          PASS 40 ran and passed
2026-09-27T16:05:58.9867927Z   test_ovs4_sflow.py             FAIL 1 skip(s) — nothing in tests/python or tests/shell has a reason to skip
2026-09-27T16:05:58.9885398Z       `ndt up ovs` executes NTG's copy, not the repo's. If the two ever disagree, the ... skipped "NTG's testbed_topo.py is not on this machine"
2026-09-27T16:05:58.9886489Z       OK (skipped=1)
2026-09-27T16:06:50.2407227Z   test_p4_power_helper.py        PASS 23 ran and passed
2026-09-27T16:06:50.4578651Z   test_route_install_gate.py     PASS 14 ran and passed
2026-09-27T16:06:58.0457942Z   test_route_reinstall.py        PASS 11 ran and passed
2026-09-27T16:06:58.1323472Z   test_ryu_rest_topology_bounded.py PASS 7 ran and passed
2026-09-27T16:06:58.2083080Z   test_sflow_emitter_batching.py PASS 8 ran and passed
2026-09-27T16:06:58.8005959Z   test_sflow_stats_endpoint.py   PASS 5 ran and passed
2026-09-27T16:06:58.9705844Z   test_shell_command_construction.py PASS 7 ran and passed
2026-09-27T16:06:59.1296465Z   test_t11_filter_is_wired.py    PASS 16 ran and passed
2026-09-27T16:06:59.2552261Z   test_testbed_banner.py         PASS 45 ran and passed
2026-09-27T16:06:59.4614581Z   test_topology_read_timeouts.py FAIL 5 skip(s) — nothing in tests/python or tests/shell has a reason to skip
2026-09-27T16:06:59.4634192Z       Aborting must defer the batch, not lose it -- checked by letting the next round win. ... skipped 'needs the ryu conda env (ryu-env/bin/python); this interpreter has no ryu/networkx'
2026-09-27T16:06:59.4635519Z       test_it_actually_takes_the_abort_and_says_so (__main__.GetLinkTimeoutTest.test_it_actually_takes_the_abort_and_says_so) ... skipped 'needs the ryu conda env (ryu-env/bin/python); this interpreter has no ryu/networkx'
2026-09-27T16:06:59.4636878Z       The fidelity question I asserted in a comment and never measured. ... skipped 'needs the ryu conda env (ryu-env/bin/python); this interpreter has no ryu/networkx'
2026-09-27T16:06:59.4638238Z       test_the_abort_returns_before_the_switch_entered_marker (__main__.GetLinkTimeoutTest.test_the_abort_returns_before_the_switch_entered_marker) ... skipped 'needs the ryu conda env (ryu-env/bin/python); this interpreter has no ryu/networkx'
2026-09-27T16:06:59.4639600Z       The defect this replaced: `while time()-start < 20` only checks between iterations. ... skipped 'needs the ryu conda env (ryu-env/bin/python); this interpreter has no ryu/networkx'
2026-09-27T16:06:59.5244316Z   test_topology_worker_coalescing.py FAIL 7 skip(s) — nothing in tests/python or tests/shell has a reason to skip
2026-09-27T16:06:59.5261382Z       A dead worker stops the twin silently -- the failure mode B introduces. ... skipped 'needs the ryu conda env (ryu-env/bin/python); this interpreter has no ryu'
2026-09-27T16:06:59.5263055Z       THE property. This is the one the clear-after mutation breaks. ... skipped 'needs the ryu conda env (ryu-env/bin/python); this interpreter has no ryu'
2026-09-27T16:06:59.5266675Z       The other half: five events while idle must NOT become five rebuilds. ... skipped 'needs the ryu conda env (ryu-env/bin/python); this interpreter has no ryu'
2026-09-27T16:06:59.5268058Z       test_heartbeat_advances_so_a_stall_is_visible (__main__.CoalescingTest.test_heartbeat_advances_so_a_stall_is_visible) ... skipped 'needs the ryu conda env (ryu-env/bin/python); this interpreter has no ryu'
2026-09-27T16:06:59.5269680Z       The reason this is a swap and not an iterate-then-clear. ... skipped 'needs the ryu conda env (ryu-env/bin/python); this interpreter has no ryu'
2026-09-27T16:06:59.6414107Z   test_twin_audit.py             PASS 39 ran and passed
2026-09-27T16:06:59.7472913Z   test_twin_audit_criteria.py    PASS 63 ran and passed
2026-09-27T16:06:59.8161847Z   test_unavailable_metric_sentinel.py PASS 10 ran and passed
2026-09-27T16:06:59.9974982Z   test_unidirectional_link_loss.py PASS 6 ran and passed
2026-09-27T16:07:00.5532703Z   test_walk_instrumentation.py   PASS 10 ran and passed
2026-09-27T16:07:01.4782552Z   test_warning_allowlist_entries.py PASS 9 ran and passed
2026-09-27T16:07:10.0145976Z   test_apps_residue.sh           PASS 131 ran and passed
2026-09-27T16:08:24.8231549Z   test_apps_stop_kills_the_group.sh PASS 72 ran and passed
2026-09-27T16:08:34.5235245Z   test_build_guard.sh            PASS 37 ran and passed
2026-09-27T16:08:34.5497013Z   test_cell_gate_suspect_wiring.sh FAIL 1 skip(s) — nothing in tests/python or tests/shell has a reason to skip
2026-09-27T16:08:34.5517045Z       SKIP: PY_PROXY (/home/adam/Desktop/NDTwin-Kernel/p4_proxy/venv/bin/python) is not present; the reader cannot parse records
2026-09-27T16:08:35.9032109Z   test_check_logs_crash_patterns.sh PASS 32 ran and passed
2026-09-27T16:08:36.2435901Z   test_e_restore_asserts_compiled_artifact.sh PASS 11 ran and passed
2026-09-27T16:08:36.3178680Z   test_ep4_gate_and_abort_evidence.sh PASS 12 ran and passed
2026-09-27T16:08:36.9737469Z   test_faults.sh                 PASS 60 ran and passed
2026-09-27T16:08:41.4416158Z   test_faults_topo_pid.sh        PASS 58 ran and passed
2026-09-27T16:08:41.4716373Z   test_gate_exit_code_not_tee.sh FAIL 1 skip(s) — nothing in tests/python or tests/shell has a reason to skip
2026-09-27T16:08:41.4735319Z       SKIP: PY_PLOT (/home/adam/miniconda3/bin/python3) is not present; the gate cannot be invoked
2026-09-27T16:08:50.6222941Z   test_guarded_build_reentrant.sh PASS 15 ran and passed
2026-09-27T16:08:51.0366919Z   test_harness_instruments.sh    PASS 34 ran and passed
2026-09-27T16:08:51.1305568Z   test_iperf3_guard.sh           PASS 12 ran and passed
2026-09-27T16:09:00.1633507Z   test_l1_shell_scoring.sh       PASS 113 ran and passed
2026-09-27T16:09:05.0391493Z   test_lab_handoff.sh            PASS 19 ran and passed
2026-09-27T16:09:07.0052354Z   test_live_p1_common.sh         FAIL (exit 1, ran=169)
2026-09-27T16:09:07.0073147Z         FAILED     the two switches this exercise programs
2026-09-27T16:09:07.0074325Z         FAILED   🔴 s10 is dpid 10, not dpid 1
2026-09-27T16:09:07.0077321Z         FAILED     two of three up
2026-09-27T16:09:07.0077894Z         FAILED     all three up
2026-09-27T16:09:07.0078472Z         FAILED     and it is rc 0 -- 'nothing is up' is a reading
2026-09-27T16:09:07.0079349Z         FAILED   🔴 an unreadable graph is rc 1, NOT an empty set
2026-09-27T16:09:07.0080128Z         FAILED   🔴 a graph with no switches in it is rc 1 too
2026-09-27T16:09:07.0080898Z         FAILED   🔴 it waits until the up set becomes the expected one
2026-09-27T16:09:08.0999755Z   test_live_p1_thirteen.sh       PASS 36 ran and passed
2026-09-27T16:09:08.1564269Z   test_local_ci.sh               PASS 9 ran and passed
2026-09-27T16:09:10.1703327Z   test_log_suffix_idempotent.sh  PASS 30 ran and passed
2026-09-27T16:09:10.3093334Z   test_make_topology_stdout_is_json.sh PASS 5 ran and passed
2026-09-27T16:09:10.8173816Z   test_manual_no_stale_in_progress.sh FAIL (exit 1, ran=19)
2026-09-27T16:09:10.8195537Z         FAILED   case 0  git resolves a merged ticket (FIX-NDT-6 -> a merge reachable from HEAD)
2026-09-27T16:09:10.8196332Z         FAILED   case 5a caveat 'clean-calls-your-fabric-residue' is retracted and says what merged it
2026-09-27T16:09:10.8197498Z         FAILED   case 5b caveat 'help-deep-names-three-ports' is retracted and says what merged it
2026-09-27T16:09:10.8198619Z         FAILED   case 5c caveat 'clean-advises-deep-on-your-own' is retracted and says what merged it
2026-09-27T16:09:10.8199774Z         FAILED   case 5d caveat 'e21-contract-branch-only' is retracted and says what merged it
2026-09-27T16:09:10.8200542Z         FAILED   case 11d a violation line names the branch the lookup matched, not just the sha
2026-09-27T16:09:10.9683981Z   test_manual_rc_table.sh        PASS 26 ran and passed
2026-09-27T16:09:11.4327463Z   test_mutate_gate_dead_mutant.sh FAIL (exit 1, ran=43)
2026-09-27T16:09:11.4347748Z         FAILED     named as anchor_count's failure
2026-09-27T16:09:11.4348472Z         FAILED     and the parent shell acts on it
2026-09-27T16:09:11.4352729Z         FAILED   🔴 and the refusal comes from the MUTATION loop
2026-09-27T16:09:11.4353736Z         FAILED   🔴 run from /tmp every anchor still resolves
2026-09-27T16:09:15.6049831Z   test_ndt_app_orphans.sh        PASS 104 ran and passed
2026-09-27T16:09:39.7784905Z   test_ndt_app_package.sh        PASS 395 ran and passed
2026-09-27T16:09:55.7796458Z   test_ndt_apps_liveness.sh      PASS 51 ran and passed
2026-09-27T16:09:57.1135286Z   test_ndt_check_sample_rate.sh  PASS 39 ran and passed
2026-09-27T16:09:58.2312121Z   test_ndt_down_claim_guard.sh   PASS 41 ran and passed
2026-09-27T16:10:00.4939685Z   test_ndt_down_stops_only_ours.sh PASS 29 ran and passed
2026-09-27T16:10:03.8748741Z   test_ndt_heartbeat.sh          PASS 57 ran and passed
2026-09-27T16:10:19.3596297Z   test_ndt_helper_apps_window.sh PASS 149 ran and passed
2026-09-27T16:10:28.7771210Z   test_ndt_honesty.sh            PASS 346 ran and passed
2026-09-27T16:10:37.6746285Z   test_ndt_ovs_claim.sh          PASS 166 ran and passed
2026-09-27T16:10:37.7344375Z   test_ndt_ovs_topo_script.sh    FAIL (exit 1, ran=0)
2026-09-27T16:10:37.7364144Z         FAILED   the launch succeeds
2026-09-27T16:10:37.7364968Z         FAILED   🔴 it really launched something
2026-09-27T16:10:37.7365584Z         FAILED   the topology comes from the kernel tree
2026-09-27T16:10:37.7366196Z         FAILED     and that file exists on disk
2026-09-27T16:10:37.7366821Z         FAILED   the interpreter is the lab's NTG_PY
2026-09-27T16:10:37.7367673Z         FAILED   tmux's working directory is the tree
2026-09-27T16:10:37.7368012Z         FAILED   it is still the 'topo' session
2026-09-27T16:10:43.8582246Z   test_ndt_round_baseline.sh     PASS 117 ran and passed
2026-09-27T16:10:44.1118117Z   test_ndt_sample_rate_reads_both_bounds.sh PASS 7 ran and passed
2026-09-27T16:10:55.9888955Z   test_ndt_status_check_baseline.sh PASS 104 ran and passed
2026-09-27T16:10:59.7663939Z   test_ndt_status_residue_row.sh PASS 27 ran and passed
2026-09-27T16:11:00.8940037Z   test_ndt_sudo_surface.sh       PASS 33 ran and passed
2026-09-27T16:11:15.4847256Z   test_ndt_up_down_robust.sh     PASS 424 ran and passed
2026-09-27T16:11:15.5496429Z   test_ndt_up_target.sh          PASS 23 ran and passed
2026-09-27T16:11:15.7377472Z   test_ndtwin_lab_config.sh      PASS 66 ran and passed
2026-09-27T16:11:23.9852933Z   test_ndtwin_lab_heartbeat.sh   PASS 193 ran and passed
2026-09-27T16:11:25.3266773Z   test_ndtwin_lab_sweep.sh       PASS 29 ran and passed
2026-09-27T16:11:26.6981397Z   test_orphans_verdict.sh        PASS 181 ran and passed
2026-09-27T16:11:29.8649520Z   test_ovs4_sflow_verify.sh      PASS 48 ran and passed
2026-09-27T16:11:30.0888097Z   test_p4_coverage_gate.sh       PASS 15 ran and passed
2026-09-27T16:11:30.7280582Z   test_ports_that_block_restart.sh PASS 18 ran and passed
2026-09-27T16:11:31.0696512Z   test_preflight_instrument_self_failures.sh PASS 15 ran and passed
2026-09-27T16:11:31.1228829Z   test_qdisc_snapshot.sh         PASS 9 ran and passed
2026-09-27T16:11:31.1549870Z   test_readme_mentions_mnexec.sh PASS 10 ran and passed
2026-09-27T16:11:31.3782609Z   test_redirection_order.sh      PASS 48 ran and passed
2026-09-27T16:11:31.9623111Z   test_run_layers_asks_kernel.sh PASS 10 ran and passed
2026-09-27T16:11:32.3660337Z   test_run_layers_topology_from_fabric.sh PASS 9 ran and passed
2026-09-27T16:11:32.4341157Z   test_slim_client_json.sh       PASS 11 ran and passed
2026-09-27T16:11:48.5363592Z   test_stack_await_convergence.sh PASS 35 ran and passed
2026-09-27T16:11:49.0991346Z   test_stack_log_rotation.sh     PASS 23 ran and passed
2026-09-27T16:11:49.3804375Z   test_start_bg_log_rotation.sh  PASS 5 ran and passed
2026-09-27T16:11:51.8804639Z   test_stop_one_targets_its_argument.sh PASS 5 ran and passed
2026-09-27T16:11:53.6566135Z   test_supervise_exit_status.sh  PASS 62 ran and passed
2026-09-27T16:11:53.6869347Z   test_topk_no_recursive_shared_lock.sh PASS 7 ran and passed
2026-09-27T16:11:53.7320439Z   test_up_ovs_wedge_guard.sh     PASS 10 ran and passed
2026-09-27T16:11:55.0855454Z   test_wait_for_port.sh          PASS 6 ran and passed
2026-09-27T16:11:55.0855756Z 
2026-09-27T16:11:55.0855963Z --- cross-check ctest coverage ---
2026-09-27T16:11:55.1644756Z   ctest cases=1366   gtest tests=1370  mismatch — a test may not be registered with ctest
2026-09-27T16:11:55.1645330Z 
2026-09-27T16:11:55.1645463Z ======================================================================
2026-09-27T16:11:55.1646048Z L1 FAILED (12 problem group(s))   logs: /home/runner/work/NDTwin-Kernel-P4/NDTwin-Kernel-P4/.test_run/logs
2026-09-27T16:11:55.1663860Z ##[error]Process completed with exit code 1.
2026-09-27T16:11:55.1808182Z Post job cleanup.
2026-09-27T16:11:55.2712452Z [command]/usr/bin/git version
2026-09-27T16:11:55.2745323Z git version 2.55.0
2026-09-27T16:11:55.2790171Z Temporarily overriding HOME='/home/runner/work/_temp/0e20541b-e837-4726-94c9-ca8090776d47' before making global git config changes
2026-09-27T16:11:55.2791947Z Adding repository directory to the temporary git global config as a safe directory
2026-09-27T16:11:55.2797256Z [command]/usr/bin/git config --global --add safe.directory /home/runner/work/NDTwin-Kernel-P4/NDTwin-Kernel-P4
2026-09-27T16:11:55.2842751Z [command]/usr/bin/git config --local --name-only --get-regexp core\.sshCommand
2026-09-27T16:11:55.2885987Z [command]/usr/bin/git submodule foreach --recursive sh -c "git config --local --name-only --get-regexp 'core\.sshCommand' && git config --local --unset-all 'core.sshCommand' || :"
2026-09-27T16:11:55.3153571Z [command]/usr/bin/git config --local --name-only --get-regexp http\.https\:\/\/github\.com\/\.extraheader
2026-09-27T16:11:55.3182199Z http.https://github.com/.extraheader
2026-09-27T16:11:55.3195960Z [command]/usr/bin/git config --local --unset-all http.https://github.com/.extraheader
2026-09-27T16:11:55.3236061Z [command]/usr/bin/git submodule foreach --recursive sh -c "git config --local --name-only --get-regexp 'http\.https\:\/\/github\.com\/\.extraheader' && git config --local --unset-all 'http.https://github.com/.extraheader' || :"
2026-09-27T16:11:55.3552683Z [command]/usr/bin/git config --local --name-only --get-regexp ^includeIf\.gitdir:
2026-09-27T16:11:55.3588280Z [command]/usr/bin/git submodule foreach --recursive git config --local --show-origin --name-only --get-regexp remote.origin.url
2026-09-27T16:11:55.3995460Z Cleaning up orphan processes
2026-09-27T16:11:55.4308611Z ##[warning]Node.js 20 is deprecated. The following actions target Node.js 20 but are being forced to run on Node.js 24: actions/checkout@v4, actions/setup-python@v5. For more information see: https://github.blog/changelog/2025-09-19-deprecation-of-node-20-on-github-actions-runners/
