[2026-08-25 23:37:09.412] [info] [[94mmain.cpp[0m:[95m299[0m [96mmain[0m] Logger Loads Successfully! level
Running in Mininet environment.
[2026-08-25 23:37:09.412] [info] [[94mmain.cpp[0m:[95m311[0m [96mmain[0m] Topology file: /home/adam/Desktop/NDTwin-Kernel/setting/StaticNetworkTopologyP4_10Switches_128Hosts.json
[2026-08-25 23:37:09.412] [info] [[94mmain.cpp[0m:[95m358[0m [96mmain[0m] IntentTranslator is disabled by user.
[2026-08-25 23:37:09.412] [info] [[94mApplicationManager.cpp[0m:[95m410[0m [96mcleanupStaleEntries[0m] Checking for stale NFS entries in /srv/nfs/sim
[2026-08-25 23:37:09.412] [warning] [[94mApplicationManager.cpp[0m:[95m426[0m [96mcleanupStaleEntries[0m] Found stale application folder from a previous run: /srv/nfs/sim/3
[2026-08-25 23:37:09.412] [warning] [[94mApplicationManager.cpp[0m:[95m361[0m [96mcleanupAppFolder[0m] Leaving /srv/nfs/sim/3 in place: /srv/nfs/sim/3/energy_saving_simulator/1.0/case4/input belongs to a squashed NFS client, so removing it needs root. The next registration that reuses this app id will reuse the folder rather than recreate it.
[2026-08-25 23:37:09.412] [warning] [[94mApplicationManager.cpp[0m:[95m426[0m [96mcleanupStaleEntries[0m] Found stale application folder from a previous run: /srv/nfs/sim/1
[2026-08-25 23:37:09.412] [warning] [[94mApplicationManager.cpp[0m:[95m361[0m [96mcleanupAppFolder[0m] Leaving /srv/nfs/sim/1 in place: /srv/nfs/sim/1/energy_saving_simulator/1.0/case4/input belongs to a squashed NFS client, so removing it needs root. The next registration that reuses this app id will reuse the folder rather than recreate it.
[2026-08-25 23:37:09.412] [warning] [[94mApplicationManager.cpp[0m:[95m426[0m [96mcleanupStaleEntries[0m] Found stale application folder from a previous run: /srv/nfs/sim/2
[2026-08-25 23:37:09.412] [warning] [[94mApplicationManager.cpp[0m:[95m361[0m [96mcleanupAppFolder[0m] Leaving /srv/nfs/sim/2 in place: /srv/nfs/sim/2/energy_saving_simulator/1.0/case4/input belongs to a squashed NFS client, so removing it needs root. The next registration that reuses this app id will reuse the folder rather than recreate it.
[2026-08-25 23:37:09.413] [info] [[94mFlowLinkUsageCollector.cpp[0m:[95m471[0m [96mstart[0m] Collector Starts Up
[2026-08-25 23:37:09.413] [info] [[94mTopologyAndFlowMonitor.cpp[0m:[95m2036[0m [96mrun[0m] TopologyAndFlowMonitor Run
[2026-08-25 23:37:09.413] [info] [[94mFlowLinkUsageCollector.cpp[0m:[95m465[0m [96mlog_thread_ids[0m] [calAvgFlowSendingRatesPeriodically] pid=3390539 tid=3390546
[2026-08-25 23:37:09.413] [info] [[94mTopologyAndFlowMonitor.cpp[0m:[95m211[0m [96mloadStaticTopologyFromFile[0m] Load Static Topology File
[2026-08-25 23:37:09.413] [info] [[94mFlowLinkUsageCollector.cpp[0m:[95m465[0m [96mlog_thread_ids[0m] [run] pid=3390539 tid=3390545
[2026-08-25 23:37:09.413] [info] [[94mFlowLinkUsageCollector.cpp[0m:[95m707[0m [96mrun[0m] Run with 20 workers
[2026-08-25 23:37:09.413] [info] [[94mFlowLinkUsageCollector.cpp[0m:[95m465[0m [96mlog_thread_ids[0m] [purgeIdleFlows] pid=3390539 tid=3390549
[2026-08-25 23:37:09.413] [info] [[94mFlowLinkUsageCollector.cpp[0m:[95m465[0m [96mlog_thread_ids[0m] [testCalAvgFlowSendingRatesRandomly] pid=3390539 tid=3390548
[2026-08-25 23:37:09.413] [info] [[94mFlowLinkUsageCollector.cpp[0m:[95m465[0m [96mlog_thread_ids[0m] [calFlowPathByQueried] pid=3390539 tid=3390550
[2026-08-25 23:37:09.413] [info] [[94mDeviceConfigurationAndPowerManager.cpp[0m:[95m118[0m [96mstart[0m] DeviceConfigurationAndPowerManager Starts Up
[2026-08-25 23:37:09.413] [info] [[94mControllerAndOtherEventHandler.cpp[0m:[95m196[0m [96mrunServer[0m] Server Listening on port 8000
[2026-08-25 23:37:09.414] [info] [[94mFlowLinkUsageCollector.cpp[0m:[95m748[0m [96mrun[0m] Listening for sFlow on UDP port 6343
[2026-08-25 23:37:09.431] [info] [[94mTopologyAndFlowMonitor.cpp[0m:[95m1169[0m [96mvalidateDataPlaneHomogeneity[0m] Data plane: bmv2 (10 switch(es))
[2026-08-25 23:37:09.432] [info] [[94mTopologyAndFlowMonitor.cpp[0m:[95m145[0m [96mconfigureTopologyApiUrls[0m] All-bmv2 topology: polling http://localhost:8081/v1.0/topology for switch/host/link state instead of Ryu.
[2026-08-25 23:37:09.478] [info] [[94mTopologyAndFlowMonitor.cpp[0m:[95m2058[0m [96mrun[0m] topology from the control plane: 10 switches, 128 hosts, 288 edges up
[2026-08-25 23:37:09.918] [info] [[94mControllerAndOtherEventHandler.cpp[0m:[95m239[0m [96moperator()[0m] Accepted new connection
[2026-08-25 23:37:09.918] [info] [[94mHttpSession.cpp[0m:[95m397[0m [96mcloseSocket[0m] Close Socket
[2026-08-25 23:37:13.671] [info] [[94mControllerAndOtherEventHandler.cpp[0m:[95m239[0m [96moperator()[0m] Accepted new connection
[2026-08-25 23:37:13.671] [info] [[94mHttpSession.cpp[0m:[95m95[0m [96mhandleRequest[0m] Got request: GET /ndt/get_graph_data
[2026-08-25 23:37:13.671] [info] [[94mHttpSession.cpp[0m:[95m526[0m [96mhandleGetGraphData[0m] Handle Get Graph Data
[2026-08-25 23:37:13.685] [info] [[94mHttpSession.cpp[0m:[95m571[0m [96mhandleGetGraphData[0m] get_graph_data success
[2026-08-25 23:37:13.686] [info] [[94mHttpSession.cpp[0m:[95m397[0m [96mcloseSocket[0m] Close Socket
[2026-08-25 23:37:14.959] [info] [[94mFlowLinkUsageCollector.cpp[0m:[95m2494[0m [96mfetchAllDestinationPaths[0m] Pulled 16256 paths from controller
[2026-08-25 23:37:15.005] [info] [[94mFlowLinkUsageCollector.cpp[0m:[95m565[0m [96mrefreshDestinationPathsPeriodically[0m] Destination paths loaded from localhost:8081 (16256 pairs); path and switch-count queries will answer from now on.
[2026-08-25 23:37:16.225] [info] [[94mControllerAndOtherEventHandler.cpp[0m:[95m239[0m [96moperator()[0m] Accepted new connection
[2026-08-25 23:37:16.225] [info] [[94mHttpSession.cpp[0m:[95m95[0m [96mhandleRequest[0m] Got request: GET /ndt/inform_switch_entered?dpid=1
[2026-08-25 23:37:16.225] [info] [[94mHttpSession.cpp[0m:[95m1126[0m [96mhandleInformSwitchEntered[0m] Handle Inform Switch Entered
[2026-08-25 23:37:16.226] [info] [[94mHttpSession.cpp[0m:[95m95[0m [96mhandleRequest[0m] Got request: GET /ndt/inform_switch_entered?dpid=2
[2026-08-25 23:37:16.226] [info] [[94mHttpSession.cpp[0m:[95m1126[0m [96mhandleInformSwitchEntered[0m] Handle Inform Switch Entered
[2026-08-25 23:37:16.227] [info] [[94mHttpSession.cpp[0m:[95m95[0m [96mhandleRequest[0m] Got request: GET /ndt/inform_switch_entered?dpid=3
[2026-08-25 23:37:16.227] [info] [[94mHttpSession.cpp[0m:[95m1126[0m [96mhandleInformSwitchEntered[0m] Handle Inform Switch Entered
[2026-08-25 23:37:16.228] [info] [[94mHttpSession.cpp[0m:[95m95[0m [96mhandleRequest[0m] Got request: GET /ndt/inform_switch_entered?dpid=4
[2026-08-25 23:37:16.228] [info] [[94mHttpSession.cpp[0m:[95m1126[0m [96mhandleInformSwitchEntered[0m] Handle Inform Switch Entered
[2026-08-25 23:37:16.229] [info] [[94mHttpSession.cpp[0m:[95m95[0m [96mhandleRequest[0m] Got request: GET /ndt/inform_switch_entered?dpid=5
[2026-08-25 23:37:16.229] [info] [[94mHttpSession.cpp[0m:[95m1126[0m [96mhandleInformSwitchEntered[0m] Handle Inform Switch Entered
[2026-08-25 23:37:16.229] [info] [[94mHttpSession.cpp[0m:[95m95[0m [96mhandleRequest[0m] Got request: GET /ndt/inform_switch_entered?dpid=6
[2026-08-25 23:37:16.229] [info] [[94mHttpSession.cpp[0m:[95m1126[0m [96mhandleInformSwitchEntered[0m] Handle Inform Switch Entered
[2026-08-25 23:37:16.230] [info] [[94mHttpSession.cpp[0m:[95m95[0m [96mhandleRequest[0m] Got request: GET /ndt/inform_switch_entered?dpid=7
[2026-08-25 23:37:16.230] [info] [[94mHttpSession.cpp[0m:[95m1126[0m [96mhandleInformSwitchEntered[0m] Handle Inform Switch Entered
[2026-08-25 23:37:16.231] [info] [[94mHttpSession.cpp[0m:[95m95[0m [96mhandleRequest[0m] Got request: GET /ndt/inform_switch_entered?dpid=8
[2026-08-25 23:37:16.231] [info] [[94mHttpSession.cpp[0m:[95m1126[0m [96mhandleInformSwitchEntered[0m] Handle Inform Switch Entered
[2026-08-25 23:37:16.232] [info] [[94mHttpSession.cpp[0m:[95m95[0m [96mhandleRequest[0m] Got request: GET /ndt/inform_switch_entered?dpid=9
[2026-08-25 23:37:16.232] [info] [[94mHttpSession.cpp[0m:[95m1126[0m [96mhandleInformSwitchEntered[0m] Handle Inform Switch Entered
[2026-08-25 23:37:16.233] [info] [[94mHttpSession.cpp[0m:[95m95[0m [96mhandleRequest[0m] Got request: GET /ndt/inform_switch_entered?dpid=10
[2026-08-25 23:37:16.233] [info] [[94mHttpSession.cpp[0m:[95m1126[0m [96mhandleInformSwitchEntered[0m] Handle Inform Switch Entered
[2026-08-25 23:37:39.415] [info] [[94mFlowLinkUsageCollector.cpp[0m:[95m1781[0m [96mcalAvgFlowSendingRatesPeriodically[0m] rate loop period over 29 iterations: mean 1000.1 ms, min 1000.0, max 1000.1 (flows=0, counters=0) -- this is the denominator every published bps assumes is 1000
[2026-08-25 23:38:08.559] [info] [[94mControllerAndOtherEventHandler.cpp[0m:[95m239[0m [96moperator()[0m] Accepted new connection
[2026-08-25 23:38:08.559] [info] [[94mHttpSession.cpp[0m:[95m95[0m [96mhandleRequest[0m] Got request: GET /ndt/get_graph_data
[2026-08-25 23:38:08.559] [info] [[94mHttpSession.cpp[0m:[95m526[0m [96mhandleGetGraphData[0m] Handle Get Graph Data
[2026-08-25 23:38:08.576] [info] [[94mHttpSession.cpp[0m:[95m571[0m [96mhandleGetGraphData[0m] get_graph_data success
[2026-08-25 23:38:08.578] [info] [[94mHttpSession.cpp[0m:[95m397[0m [96mcloseSocket[0m] Close Socket
[2026-08-25 23:38:08.677] [info] [[94mControllerAndOtherEventHandler.cpp[0m:[95m239[0m [96moperator()[0m] Accepted new connection
[2026-08-25 23:38:08.677] [info] [[94mHttpSession.cpp[0m:[95m95[0m [96mhandleRequest[0m] Got request: GET /ndt/get_graph_data
[2026-08-25 23:38:08.677] [info] [[94mHttpSession.cpp[0m:[95m526[0m [96mhandleGetGraphData[0m] Handle Get Graph Data
[2026-08-25 23:38:08.695] [info] [[94mHttpSession.cpp[0m:[95m571[0m [96mhandleGetGraphData[0m] get_graph_data success
[2026-08-25 23:38:08.698] [info] [[94mHttpSession.cpp[0m:[95m397[0m [96mcloseSocket[0m] Close Socket
[2026-08-25 23:38:08.712] [info] [[94mControllerAndOtherEventHandler.cpp[0m:[95m239[0m [96moperator()[0m] Accepted new connection
[2026-08-25 23:38:08.712] [info] [[94mHttpSession.cpp[0m:[95m95[0m [96mhandleRequest[0m] Got request: GET /ndt/get_detected_flow_data
[2026-08-25 23:38:08.712] [info] [[94mHttpSession.cpp[0m:[95m577[0m [96mhandleGetDetectedFlowData[0m] Handle Get Detected Flow Data
[2026-08-25 23:38:08.712] [info] [[94mHttpSession.cpp[0m:[95m397[0m [96mcloseSocket[0m] Close Socket
[2026-08-25 23:38:09.418] [info] [[94mFlowLinkUsageCollector.cpp[0m:[95m1781[0m [96mcalAvgFlowSendingRatesPeriodically[0m] rate loop period over 59 iterations: mean 1000.1 ms, min 1000.0, max 1000.3 (flows=0, counters=0) -- this is the denominator every published bps assumes is 1000
[2026-08-25 23:38:09.418] [warning] [[94mFlowLinkUsageCollector.cpp[0m:[95m2025[0m [96mcalAvgFlowSendingRatesPeriodically[0m] no sFlow datagram has arrived in 60s. Every flow rate and link utilisation will read zero, which is indistinguishable from an idle network. Check that the switches are sampling to this host on port 6343.
[2026-08-25 23:38:10.725] [info] [[94mControllerAndOtherEventHandler.cpp[0m:[95m239[0m [96moperator()[0m] Accepted new connection
[2026-08-25 23:38:10.725] [info] [[94mHttpSession.cpp[0m:[95m95[0m [96mhandleRequest[0m] Got request: GET /ndt/get_graph_data
[2026-08-25 23:38:10.725] [info] [[94mHttpSession.cpp[0m:[95m526[0m [96mhandleGetGraphData[0m] Handle Get Graph Data
[2026-08-25 23:38:10.737] [info] [[94mHttpSession.cpp[0m:[95m571[0m [96mhandleGetGraphData[0m] get_graph_data success
[2026-08-25 23:38:10.739] [info] [[94mHttpSession.cpp[0m:[95m397[0m [96mcloseSocket[0m] Close Socket
[2026-08-25 23:38:10.753] [info] [[94mControllerAndOtherEventHandler.cpp[0m:[95m239[0m [96moperator()[0m] Accepted new connection
[2026-08-25 23:38:10.753] [info] [[94mHttpSession.cpp[0m:[95m95[0m [96mhandleRequest[0m] Got request: GET /ndt/get_detected_flow_data
[2026-08-25 23:38:10.753] [info] [[94mHttpSession.cpp[0m:[95m577[0m [96mhandleGetDetectedFlowData[0m] Handle Get Detected Flow Data
[2026-08-25 23:38:10.753] [info] [[94mHttpSession.cpp[0m:[95m397[0m [96mcloseSocket[0m] Close Socket
[2026-08-25 23:38:12.763] [info] [[94mControllerAndOtherEventHandler.cpp[0m:[95m239[0m [96moperator()[0m] Accepted new connection
[2026-08-25 23:38:12.763] [info] [[94mHttpSession.cpp[0m:[95m95[0m [96mhandleRequest[0m] Got request: GET /ndt/get_graph_data
[2026-08-25 23:38:12.763] [info] [[94mHttpSession.cpp[0m:[95m526[0m [96mhandleGetGraphData[0m] Handle Get Graph Data
[2026-08-25 23:38:12.778] [info] [[94mHttpSession.cpp[0m:[95m571[0m [96mhandleGetGraphData[0m] get_graph_data success
[2026-08-25 23:38:12.780] [info] [[94mHttpSession.cpp[0m:[95m397[0m [96mcloseSocket[0m] Close Socket
[2026-08-25 23:38:12.791] [info] [[94mControllerAndOtherEventHandler.cpp[0m:[95m239[0m [96moperator()[0m] Accepted new connection
[2026-08-25 23:38:12.791] [info] [[94mHttpSession.cpp[0m:[95m95[0m [96mhandleRequest[0m] Got request: GET /ndt/get_detected_flow_data
[2026-08-25 23:38:12.791] [info] [[94mHttpSession.cpp[0m:[95m577[0m [96mhandleGetDetectedFlowData[0m] Handle Get Detected Flow Data
[2026-08-25 23:38:12.791] [info] [[94mHttpSession.cpp[0m:[95m397[0m [96mcloseSocket[0m] Close Socket
[2026-08-25 23:38:14.803] [info] [[94mControllerAndOtherEventHandler.cpp[0m:[95m239[0m [96moperator()[0m] Accepted new connection
[2026-08-25 23:38:14.803] [info] [[94mHttpSession.cpp[0m:[95m95[0m [96mhandleRequest[0m] Got request: GET /ndt/get_graph_data
[2026-08-25 23:38:14.803] [info] [[94mHttpSession.cpp[0m:[95m526[0m [96mhandleGetGraphData[0m] Handle Get Graph Data
[2026-08-25 23:38:14.816] [info] [[94mHttpSession.cpp[0m:[95m571[0m [96mhandleGetGraphData[0m] get_graph_data success
[2026-08-25 23:38:14.818] [info] [[94mHttpSession.cpp[0m:[95m397[0m [96mcloseSocket[0m] Close Socket
[2026-08-25 23:38:14.830] [info] [[94mControllerAndOtherEventHandler.cpp[0m:[95m239[0m [96moperator()[0m] Accepted new connection
[2026-08-25 23:38:14.830] [info] [[94mHttpSession.cpp[0m:[95m95[0m [96mhandleRequest[0m] Got request: GET /ndt/get_detected_flow_data
[2026-08-25 23:38:14.830] [info] [[94mHttpSession.cpp[0m:[95m577[0m [96mhandleGetDetectedFlowData[0m] Handle Get Detected Flow Data
[2026-08-25 23:38:14.831] [info] [[94mHttpSession.cpp[0m:[95m397[0m [96mcloseSocket[0m] Close Socket
[2026-08-25 23:38:15.498] [info] [[94mFlowLinkUsageCollector.cpp[0m:[95m2494[0m [96mfetchAllDestinationPaths[0m] Pulled 16256 paths from controller
[2026-08-25 23:38:16.843] [info] [[94mControllerAndOtherEventHandler.cpp[0m:[95m239[0m [96moperator()[0m] Accepted new connection
[2026-08-25 23:38:16.844] [info] [[94mHttpSession.cpp[0m:[95m95[0m [96mhandleRequest[0m] Got request: GET /ndt/get_graph_data
[2026-08-25 23:38:16.844] [info] [[94mHttpSession.cpp[0m:[95m526[0m [96mhandleGetGraphData[0m] Handle Get Graph Data
[2026-08-25 23:38:16.859] [info] [[94mHttpSession.cpp[0m:[95m571[0m [96mhandleGetGraphData[0m] get_graph_data success
[2026-08-25 23:38:16.862] [info] [[94mHttpSession.cpp[0m:[95m397[0m [96mcloseSocket[0m] Close Socket
[2026-08-25 23:38:16.872] [info] [[94mControllerAndOtherEventHandler.cpp[0m:[95m239[0m [96moperator()[0m] Accepted new connection
[2026-08-25 23:38:16.872] [info] [[94mHttpSession.cpp[0m:[95m95[0m [96mhandleRequest[0m] Got request: GET /ndt/get_detected_flow_data
[2026-08-25 23:38:16.872] [info] [[94mHttpSession.cpp[0m:[95m577[0m [96mhandleGetDetectedFlowData[0m] Handle Get Detected Flow Data
[2026-08-25 23:38:16.872] [info] [[94mHttpSession.cpp[0m:[95m397[0m [96mcloseSocket[0m] Close Socket
[2026-08-25 23:38:18.884] [info] [[94mControllerAndOtherEventHandler.cpp[0m:[95m239[0m [96moperator()[0m] Accepted new connection
[2026-08-25 23:38:18.885] [info] [[94mHttpSession.cpp[0m:[95m95[0m [96mhandleRequest[0m] Got request: GET /ndt/get_graph_data
[2026-08-25 23:38:18.885] [info] [[94mHttpSession.cpp[0m:[95m526[0m [96mhandleGetGraphData[0m] Handle Get Graph Data
[2026-08-25 23:38:18.899] [info] [[94mHttpSession.cpp[0m:[95m571[0m [96mhandleGetGraphData[0m] get_graph_data success
[2026-08-25 23:38:18.901] [info] [[94mHttpSession.cpp[0m:[95m397[0m [96mcloseSocket[0m] Close Socket
[2026-08-25 23:38:18.917] [info] [[94mControllerAndOtherEventHandler.cpp[0m:[95m239[0m [96moperator()[0m] Accepted new connection
[2026-08-25 23:38:18.917] [info] [[94mHttpSession.cpp[0m:[95m95[0m [96mhandleRequest[0m] Got request: GET /ndt/get_detected_flow_data
[2026-08-25 23:38:18.917] [info] [[94mHttpSession.cpp[0m:[95m577[0m [96mhandleGetDetectedFlowData[0m] Handle Get Detected Flow Data
[2026-08-25 23:38:18.917] [info] [[94mHttpSession.cpp[0m:[95m397[0m [96mcloseSocket[0m] Close Socket
[2026-08-25 23:38:19.873] [info] [[94mFlowLinkUsageCollector.cpp[0m:[95m237[0m [96mconfigurePortMapping[0m] All-bmv2 topology: using identity ifIndex->port mapping and skipping ovs-vsctl, which does not know about bmv2 interfaces.
[2026-08-25 23:38:20.431] [info] [[94mFlowLinkUsageCollector.cpp[0m:[95m2008[0m [96mcalAvgFlowSendingRatesPeriodically[0m] sFlow ingest healthy: rx=95, app_drop=0, addressed=94, sock_ovfl_total=0
[2026-08-25 23:38:21.008] [info] [[94mControllerAndOtherEventHandler.cpp[0m:[95m239[0m [96moperator()[0m] Accepted new connection
[2026-08-25 23:38:21.009] [info] [[94mHttpSession.cpp[0m:[95m95[0m [96mhandleRequest[0m] Got request: GET /ndt/get_graph_data
[2026-08-25 23:38:21.009] [info] [[94mHttpSession.cpp[0m:[95m526[0m [96mhandleGetGraphData[0m] Handle Get Graph Data
[2026-08-25 23:38:21.033] [info] [[94mHttpSession.cpp[0m:[95m571[0m [96mhandleGetGraphData[0m] get_graph_data success
[2026-08-25 23:38:21.042] [info] [[94mHttpSession.cpp[0m:[95m397[0m [96mcloseSocket[0m] Close Socket
[2026-08-25 23:38:21.123] [info] [[94mControllerAndOtherEventHandler.cpp[0m:[95m239[0m [96moperator()[0m] Accepted new connection
[2026-08-25 23:38:21.124] [info] [[94mHttpSession.cpp[0m:[95m95[0m [96mhandleRequest[0m] Got request: GET /ndt/get_detected_flow_data
[2026-08-25 23:38:21.124] [info] [[94mHttpSession.cpp[0m:[95m577[0m [96mhandleGetDetectedFlowData[0m] Handle Get Detected Flow Data
[2026-08-25 23:38:21.129] [info] [[94mHttpSession.cpp[0m:[95m397[0m [96mcloseSocket[0m] Close Socket
[2026-08-25 23:38:23.244] [info] [[94mControllerAndOtherEventHandler.cpp[0m:[95m239[0m [96moperator()[0m] Accepted new connection
[2026-08-25 23:38:23.244] [info] [[94mHttpSession.cpp[0m:[95m95[0m [96mhandleRequest[0m] Got request: GET /ndt/get_graph_data
[2026-08-25 23:38:23.244] [info] [[94mHttpSession.cpp[0m:[95m526[0m [96mhandleGetGraphData[0m] Handle Get Graph Data
[2026-08-25 23:38:23.283] [info] [[94mHttpSession.cpp[0m:[95m571[0m [96mhandleGetGraphData[0m] get_graph_data success
[2026-08-25 23:38:23.291] [info] [[94mHttpSession.cpp[0m:[95m397[0m [96mcloseSocket[0m] Close Socket
[2026-08-25 23:38:23.378] [info] [[94mControllerAndOtherEventHandler.cpp[0m:[95m239[0m [96moperator()[0m] Accepted new connection
[2026-08-25 23:38:23.382] [info] [[94mHttpSession.cpp[0m:[95m95[0m [96mhandleRequest[0m] Got request: GET /ndt/get_detected_flow_data
[2026-08-25 23:38:23.383] [info] [[94mHttpSession.cpp[0m:[95m577[0m [96mhandleGetDetectedFlowData[0m] Handle Get Detected Flow Data
[2026-08-25 23:38:23.393] [info] [[94mHttpSession.cpp[0m:[95m397[0m [96mcloseSocket[0m] Close Socket
[2026-08-25 23:38:25.496] [info] [[94mControllerAndOtherEventHandler.cpp[0m:[95m239[0m [96moperator()[0m] Accepted new connection
[2026-08-25 23:38:25.497] [info] [[94mHttpSession.cpp[0m:[95m95[0m [96mhandleRequest[0m] Got request: GET /ndt/get_graph_data
[2026-08-25 23:38:25.497] [info] [[94mHttpSession.cpp[0m:[95m526[0m [96mhandleGetGraphData[0m] Handle Get Graph Data
[2026-08-25 23:38:25.531] [info] [[94mHttpSession.cpp[0m:[95m571[0m [96mhandleGetGraphData[0m] get_graph_data success
[2026-08-25 23:38:25.538] [info] [[94mHttpSession.cpp[0m:[95m397[0m [96mcloseSocket[0m] Close Socket
[2026-08-25 23:38:25.596] [info] [[94mControllerAndOtherEventHandler.cpp[0m:[95m239[0m [96moperator()[0m] Accepted new connection
[2026-08-25 23:38:25.596] [info] [[94mHttpSession.cpp[0m:[95m95[0m [96mhandleRequest[0m] Got request: GET /ndt/get_detected_flow_data
[2026-08-25 23:38:25.596] [info] [[94mHttpSession.cpp[0m:[95m577[0m [96mhandleGetDetectedFlowData[0m] Handle Get Detected Flow Data
[2026-08-25 23:38:25.599] [info] [[94mHttpSession.cpp[0m:[95m397[0m [96mcloseSocket[0m] Close Socket
[2026-08-25 23:38:27.731] [info] [[94mControllerAndOtherEventHandler.cpp[0m:[95m239[0m [96moperator()[0m] Accepted new connection
[2026-08-25 23:38:27.734] [info] [[94mHttpSession.cpp[0m:[95m95[0m [96mhandleRequest[0m] Got request: GET /ndt/get_graph_data
[2026-08-25 23:38:27.734] [info] [[94mHttpSession.cpp[0m:[95m526[0m [96mhandleGetGraphData[0m] Handle Get Graph Data
[2026-08-25 23:38:27.756] [info] [[94mHttpSession.cpp[0m:[95m571[0m [96mhandleGetGraphData[0m] get_graph_data success
[2026-08-25 23:38:27.761] [info] [[94mHttpSession.cpp[0m:[95m397[0m [96mcloseSocket[0m] Close Socket
[2026-08-25 23:38:27.876] [info] [[94mControllerAndOtherEventHandler.cpp[0m:[95m239[0m [96moperator()[0m] Accepted new connection
[2026-08-25 23:38:27.877] [info] [[94mHttpSession.cpp[0m:[95m95[0m [96mhandleRequest[0m] Got request: GET /ndt/get_detected_flow_data
[2026-08-25 23:38:27.877] [info] [[94mHttpSession.cpp[0m:[95m577[0m [96mhandleGetDetectedFlowData[0m] Handle Get Detected Flow Data
[2026-08-25 23:38:27.886] [info] [[94mHttpSession.cpp[0m:[95m397[0m [96mcloseSocket[0m] Close Socket
[2026-08-25 23:38:30.007] [info] [[94mControllerAndOtherEventHandler.cpp[0m:[95m239[0m [96moperator()[0m] Accepted new connection
[2026-08-25 23:38:30.008] [info] [[94mHttpSession.cpp[0m:[95m95[0m [96mhandleRequest[0m] Got request: GET /ndt/get_graph_data
[2026-08-25 23:38:30.008] [info] [[94mHttpSession.cpp[0m:[95m526[0m [96mhandleGetGraphData[0m] Handle Get Graph Data
[2026-08-25 23:38:30.066] [info] [[94mHttpSession.cpp[0m:[95m571[0m [96mhandleGetGraphData[0m] get_graph_data success
[2026-08-25 23:38:30.082] [info] [[94mHttpSession.cpp[0m:[95m397[0m [96mcloseSocket[0m] Close Socket
[2026-08-25 23:38:30.176] [info] [[94mControllerAndOtherEventHandler.cpp[0m:[95m239[0m [96moperator()[0m] Accepted new connection
[2026-08-25 23:38:30.185] [info] [[94mHttpSession.cpp[0m:[95m95[0m [96mhandleRequest[0m] Got request: GET /ndt/get_detected_flow_data
[2026-08-25 23:38:30.185] [info] [[94mHttpSession.cpp[0m:[95m577[0m [96mhandleGetDetectedFlowData[0m] Handle Get Detected Flow Data
[2026-08-25 23:38:30.192] [info] [[94mHttpSession.cpp[0m:[95m397[0m [96mcloseSocket[0m] Close Socket
[2026-08-25 23:38:32.330] [info] [[94mControllerAndOtherEventHandler.cpp[0m:[95m239[0m [96moperator()[0m] Accepted new connection
[2026-08-25 23:38:32.330] [info] [[94mHttpSession.cpp[0m:[95m95[0m [96mhandleRequest[0m] Got request: GET /ndt/get_graph_data
[2026-08-25 23:38:32.330] [info] [[94mHttpSession.cpp[0m:[95m526[0m [96mhandleGetGraphData[0m] Handle Get Graph Data
[2026-08-25 23:38:32.369] [info] [[94mHttpSession.cpp[0m:[95m571[0m [96mhandleGetGraphData[0m] get_graph_data success
[2026-08-25 23:38:32.378] [info] [[94mHttpSession.cpp[0m:[95m397[0m [96mcloseSocket[0m] Close Socket
[2026-08-25 23:38:32.467] [info] [[94mControllerAndOtherEventHandler.cpp[0m:[95m239[0m [96moperator()[0m] Accepted new connection
[2026-08-25 23:38:32.468] [info] [[94mHttpSession.cpp[0m:[95m95[0m [96mhandleRequest[0m] Got request: GET /ndt/get_detected_flow_data
[2026-08-25 23:38:32.468] [info] [[94mHttpSession.cpp[0m:[95m577[0m [96mhandleGetDetectedFlowData[0m] Handle Get Detected Flow Data
[2026-08-25 23:38:32.492] [info] [[94mHttpSession.cpp[0m:[95m397[0m [96mcloseSocket[0m] Close Socket
[2026-08-25 23:38:34.558] [info] [[94mControllerAndOtherEventHandler.cpp[0m:[95m239[0m [96moperator()[0m] Accepted new connection
[2026-08-25 23:38:34.558] [info] [[94mHttpSession.cpp[0m:[95m95[0m [96mhandleRequest[0m] Got request: GET /ndt/get_graph_data
[2026-08-25 23:38:34.558] [info] [[94mHttpSession.cpp[0m:[95m526[0m [96mhandleGetGraphData[0m] Handle Get Graph Data
[2026-08-25 23:38:34.603] [info] [[94mHttpSession.cpp[0m:[95m571[0m [96mhandleGetGraphData[0m] get_graph_data success
[2026-08-25 23:38:34.613] [info] [[94mHttpSession.cpp[0m:[95m397[0m [96mcloseSocket[0m] Close Socket
[2026-08-25 23:38:34.702] [info] [[94mControllerAndOtherEventHandler.cpp[0m:[95m239[0m [96moperator()[0m] Accepted new connection
[2026-08-25 23:38:34.703] [info] [[94mHttpSession.cpp[0m:[95m95[0m [96mhandleRequest[0m] Got request: GET /ndt/get_detected_flow_data
[2026-08-25 23:38:34.703] [info] [[94mHttpSession.cpp[0m:[95m577[0m [96mhandleGetDetectedFlowData[0m] Handle Get Detected Flow Data
[2026-08-25 23:38:34.710] [info] [[94mHttpSession.cpp[0m:[95m397[0m [96mcloseSocket[0m] Close Socket
[2026-08-25 23:38:35.420] [info] [[94mFlowLinkUsageCollector.cpp[0m:[95m2191[0m [96mpurgeIdleFlows[0m] Flow Key: 10.0.0.29 -> 10.0.0.61 idles
[2026-08-25 23:38:35.420] [info] [[94mFlowLinkUsageCollector.cpp[0m:[95m2191[0m [96mpurgeIdleFlows[0m] Flow Key: 10.0.0.9 -> 10.0.0.73 idles
[2026-08-25 23:38:35.420] [info] [[94mFlowLinkUsageCollector.cpp[0m:[95m2191[0m [96mpurgeIdleFlows[0m] Flow Key: 10.0.0.37 -> 10.0.0.101 idles
[2026-08-25 23:38:35.420] [info] [[94mFlowLinkUsageCollector.cpp[0m:[95m2191[0m [96mpurgeIdleFlows[0m] Flow Key: 10.0.0.13 -> 10.0.0.77 idles
[2026-08-25 23:38:36.768] [info] [[94mControllerAndOtherEventHandler.cpp[0m:[95m239[0m [96moperator()[0m] Accepted new connection
[2026-08-25 23:38:36.768] [info] [[94mHttpSession.cpp[0m:[95m95[0m [96mhandleRequest[0m] Got request: GET /ndt/get_graph_data
[2026-08-25 23:38:36.768] [info] [[94mHttpSession.cpp[0m:[95m526[0m [96mhandleGetGraphData[0m] Handle Get Graph Data
[2026-08-25 23:38:36.816] [info] [[94mHttpSession.cpp[0m:[95m571[0m [96mhandleGetGraphData[0m] get_graph_data success
[2026-08-25 23:38:36.824] [info] [[94mHttpSession.cpp[0m:[95m397[0m [96mcloseSocket[0m] Close Socket
[2026-08-25 23:38:36.874] [info] [[94mControllerAndOtherEventHandler.cpp[0m:[95m239[0m [96moperator()[0m] Accepted new connection
[2026-08-25 23:38:36.874] [info] [[94mHttpSession.cpp[0m:[95m95[0m [96mhandleRequest[0m] Got request: GET /ndt/get_detected_flow_data
[2026-08-25 23:38:36.874] [info] [[94mHttpSession.cpp[0m:[95m577[0m [96mhandleGetDetectedFlowData[0m] Handle Get Detected Flow Data
[2026-08-25 23:38:36.882] [info] [[94mHttpSession.cpp[0m:[95m397[0m [96mcloseSocket[0m] Close Socket
[2026-08-25 23:38:38.951] [info] [[94mControllerAndOtherEventHandler.cpp[0m:[95m239[0m [96moperator()[0m] Accepted new connection
[2026-08-25 23:38:38.953] [info] [[94mHttpSession.cpp[0m:[95m95[0m [96mhandleRequest[0m] Got request: GET /ndt/get_graph_data
[2026-08-25 23:38:38.953] [info] [[94mHttpSession.cpp[0m:[95m526[0m [96mhandleGetGraphData[0m] Handle Get Graph Data
[2026-08-25 23:38:38.997] [info] [[94mHttpSession.cpp[0m:[95m571[0m [96mhandleGetGraphData[0m] get_graph_data success
[2026-08-25 23:38:39.006] [info] [[94mHttpSession.cpp[0m:[95m397[0m [96mcloseSocket[0m] Close Socket
[2026-08-25 23:38:39.064] [info] [[94mControllerAndOtherEventHandler.cpp[0m:[95m239[0m [96moperator()[0m] Accepted new connection
[2026-08-25 23:38:39.065] [info] [[94mHttpSession.cpp[0m:[95m95[0m [96mhandleRequest[0m] Got request: GET /ndt/get_detected_flow_data
[2026-08-25 23:38:39.065] [info] [[94mHttpSession.cpp[0m:[95m577[0m [96mhandleGetDetectedFlowData[0m] Handle Get Detected Flow Data
[2026-08-25 23:38:39.072] [info] [[94mHttpSession.cpp[0m:[95m397[0m [96mcloseSocket[0m] Close Socket
[2026-08-25 23:38:39.875] [info] [[94mFlowLinkUsageCollector.cpp[0m:[95m1781[0m [96mcalAvgFlowSendingRatesPeriodically[0m] rate loop period over 89 iterations: mean 1005.2 ms, min 1000.0, max 1041.0 (flows=16, counters=24) -- this is the denominator every published bps assumes is 1000
[2026-08-25 23:38:41.136] [info] [[94mControllerAndOtherEventHandler.cpp[0m:[95m239[0m [96moperator()[0m] Accepted new connection
[2026-08-25 23:38:41.137] [info] [[94mHttpSession.cpp[0m:[95m95[0m [96mhandleRequest[0m] Got request: GET /ndt/get_graph_data
[2026-08-25 23:38:41.137] [info] [[94mHttpSession.cpp[0m:[95m526[0m [96mhandleGetGraphData[0m] Handle Get Graph Data
[2026-08-25 23:38:41.180] [info] [[94mHttpSession.cpp[0m:[95m571[0m [96mhandleGetGraphData[0m] get_graph_data success
[2026-08-25 23:38:41.190] [info] [[94mHttpSession.cpp[0m:[95m397[0m [96mcloseSocket[0m] Close Socket
[2026-08-25 23:38:41.232] [info] [[94mControllerAndOtherEventHandler.cpp[0m:[95m239[0m [96moperator()[0m] Accepted new connection
[2026-08-25 23:38:41.232] [info] [[94mHttpSession.cpp[0m:[95m95[0m [96mhandleRequest[0m] Got request: GET /ndt/get_detected_flow_data
[2026-08-25 23:38:41.232] [info] [[94mHttpSession.cpp[0m:[95m577[0m [96mhandleGetDetectedFlowData[0m] Handle Get Detected Flow Data
[2026-08-25 23:38:41.237] [info] [[94mHttpSession.cpp[0m:[95m397[0m [96mcloseSocket[0m] Close Socket
[2026-08-25 23:38:43.325] [info] [[94mControllerAndOtherEventHandler.cpp[0m:[95m239[0m [96moperator()[0m] Accepted new connection
[2026-08-25 23:38:43.325] [info] [[94mHttpSession.cpp[0m:[95m95[0m [96mhandleRequest[0m] Got request: GET /ndt/get_graph_data
[2026-08-25 23:38:43.325] [info] [[94mHttpSession.cpp[0m:[95m526[0m [96mhandleGetGraphData[0m] Handle Get Graph Data
[2026-08-25 23:38:43.371] [info] [[94mHttpSession.cpp[0m:[95m571[0m [96mhandleGetGraphData[0m] get_graph_data success
[2026-08-25 23:38:43.378] [info] [[94mHttpSession.cpp[0m:[95m397[0m [96mcloseSocket[0m] Close Socket
[2026-08-25 23:38:43.441] [info] [[94mControllerAndOtherEventHandler.cpp[0m:[95m239[0m [96moperator()[0m] Accepted new connection
[2026-08-25 23:38:43.442] [info] [[94mHttpSession.cpp[0m:[95m95[0m [96mhandleRequest[0m] Got request: GET /ndt/get_detected_flow_data
[2026-08-25 23:38:43.442] [info] [[94mHttpSession.cpp[0m:[95m577[0m [96mhandleGetDetectedFlowData[0m] Handle Get Detected Flow Data
[2026-08-25 23:38:43.447] [info] [[94mHttpSession.cpp[0m:[95m397[0m [96mcloseSocket[0m] Close Socket
[2026-08-25 23:38:45.618] [info] [[94mControllerAndOtherEventHandler.cpp[0m:[95m239[0m [96moperator()[0m] Accepted new connection
[2026-08-25 23:38:45.629] [info] [[94mHttpSession.cpp[0m:[95m95[0m [96mhandleRequest[0m] Got request: GET /ndt/get_graph_data
[2026-08-25 23:38:45.629] [info] [[94mHttpSession.cpp[0m:[95m526[0m [96mhandleGetGraphData[0m] Handle Get Graph Data
[2026-08-25 23:38:45.676] [info] [[94mHttpSession.cpp[0m:[95m571[0m [96mhandleGetGraphData[0m] get_graph_data success
[2026-08-25 23:38:45.684] [info] [[94mHttpSession.cpp[0m:[95m397[0m [96mcloseSocket[0m] Close Socket
[2026-08-25 23:38:45.794] [info] [[94mControllerAndOtherEventHandler.cpp[0m:[95m239[0m [96moperator()[0m] Accepted new connection
[2026-08-25 23:38:45.794] [info] [[94mHttpSession.cpp[0m:[95m95[0m [96mhandleRequest[0m] Got request: GET /ndt/get_detected_flow_data
[2026-08-25 23:38:45.794] [info] [[94mHttpSession.cpp[0m:[95m577[0m [96mhandleGetDetectedFlowData[0m] Handle Get Detected Flow Data
[2026-08-25 23:38:45.800] [info] [[94mHttpSession.cpp[0m:[95m397[0m [96mcloseSocket[0m] Close Socket
[2026-08-25 23:38:47.900] [info] [[94mControllerAndOtherEventHandler.cpp[0m:[95m239[0m [96moperator()[0m] Accepted new connection
[2026-08-25 23:38:47.904] [info] [[94mHttpSession.cpp[0m:[95m95[0m [96mhandleRequest[0m] Got request: GET /ndt/get_graph_data
[2026-08-25 23:38:47.904] [info] [[94mHttpSession.cpp[0m:[95m526[0m [96mhandleGetGraphData[0m] Handle Get Graph Data
[2026-08-25 23:38:47.941] [info] [[94mHttpSession.cpp[0m:[95m571[0m [96mhandleGetGraphData[0m] get_graph_data success
[2026-08-25 23:38:47.949] [info] [[94mHttpSession.cpp[0m:[95m397[0m [96mcloseSocket[0m] Close Socket
[2026-08-25 23:38:47.993] [info] [[94mControllerAndOtherEventHandler.cpp[0m:[95m239[0m [96moperator()[0m] Accepted new connection
[2026-08-25 23:38:47.993] [info] [[94mHttpSession.cpp[0m:[95m95[0m [96mhandleRequest[0m] Got request: GET /ndt/get_detected_flow_data
[2026-08-25 23:38:47.993] [info] [[94mHttpSession.cpp[0m:[95m577[0m [96mhandleGetDetectedFlowData[0m] Handle Get Detected Flow Data
[2026-08-25 23:38:47.998] [info] [[94mHttpSession.cpp[0m:[95m397[0m [96mcloseSocket[0m] Close Socket
[2026-08-25 23:38:50.038] [info] [[94mControllerAndOtherEventHandler.cpp[0m:[95m239[0m [96moperator()[0m] Accepted new connection
[2026-08-25 23:38:50.040] [info] [[94mHttpSession.cpp[0m:[95m95[0m [96mhandleRequest[0m] Got request: GET /ndt/get_graph_data
[2026-08-25 23:38:50.040] [info] [[94mHttpSession.cpp[0m:[95m526[0m [96mhandleGetGraphData[0m] Handle Get Graph Data
[2026-08-25 23:38:50.088] [info] [[94mHttpSession.cpp[0m:[95m571[0m [96mhandleGetGraphData[0m] get_graph_data success
[2026-08-25 23:38:50.104] [info] [[94mHttpSession.cpp[0m:[95m397[0m [96mcloseSocket[0m] Close Socket
[2026-08-25 23:38:50.169] [info] [[94mControllerAndOtherEventHandler.cpp[0m:[95m239[0m [96moperator()[0m] Accepted new connection
[2026-08-25 23:38:50.169] [info] [[94mHttpSession.cpp[0m:[95m95[0m [96mhandleRequest[0m] Got request: GET /ndt/get_detected_flow_data
[2026-08-25 23:38:50.169] [info] [[94mHttpSession.cpp[0m:[95m577[0m [96mhandleGetDetectedFlowData[0m] Handle Get Detected Flow Data
[2026-08-25 23:38:50.174] [info] [[94mHttpSession.cpp[0m:[95m397[0m [96mcloseSocket[0m] Close Socket
[2026-08-25 23:38:52.245] [info] [[94mControllerAndOtherEventHandler.cpp[0m:[95m239[0m [96moperator()[0m] Accepted new connection
[2026-08-25 23:38:52.247] [info] [[94mHttpSession.cpp[0m:[95m95[0m [96mhandleRequest[0m] Got request: GET /ndt/get_graph_data
[2026-08-25 23:38:52.247] [info] [[94mHttpSession.cpp[0m:[95m526[0m [96mhandleGetGraphData[0m] Handle Get Graph Data
[2026-08-25 23:38:52.290] [info] [[94mHttpSession.cpp[0m:[95m571[0m [96mhandleGetGraphData[0m] get_graph_data success
[2026-08-25 23:38:52.299] [info] [[94mHttpSession.cpp[0m:[95m397[0m [96mcloseSocket[0m] Close Socket
[2026-08-25 23:38:52.353] [info] [[94mControllerAndOtherEventHandler.cpp[0m:[95m239[0m [96moperator()[0m] Accepted new connection
[2026-08-25 23:38:52.353] [info] [[94mHttpSession.cpp[0m:[95m95[0m [96mhandleRequest[0m] Got request: GET /ndt/get_detected_flow_data
[2026-08-25 23:38:52.353] [info] [[94mHttpSession.cpp[0m:[95m577[0m [96mhandleGetDetectedFlowData[0m] Handle Get Detected Flow Data
[2026-08-25 23:38:52.361] [info] [[94mHttpSession.cpp[0m:[95m397[0m [96mcloseSocket[0m] Close Socket
[2026-08-25 23:38:54.444] [info] [[94mControllerAndOtherEventHandler.cpp[0m:[95m239[0m [96moperator()[0m] Accepted new connection
[2026-08-25 23:38:54.445] [info] [[94mHttpSession.cpp[0m:[95m95[0m [96mhandleRequest[0m] Got request: GET /ndt/get_graph_data
[2026-08-25 23:38:54.445] [info] [[94mHttpSession.cpp[0m:[95m526[0m [96mhandleGetGraphData[0m] Handle Get Graph Data
[2026-08-25 23:38:54.537] [info] [[94mHttpSession.cpp[0m:[95m571[0m [96mhandleGetGraphData[0m] get_graph_data success
[2026-08-25 23:38:54.552] [info] [[94mHttpSession.cpp[0m:[95m397[0m [96mcloseSocket[0m] Close Socket
[2026-08-25 23:38:54.671] [info] [[94mControllerAndOtherEventHandler.cpp[0m:[95m239[0m [96moperator()[0m] Accepted new connection
[2026-08-25 23:38:54.675] [info] [[94mHttpSession.cpp[0m:[95m95[0m [96mhandleRequest[0m] Got request: GET /ndt/get_detected_flow_data
[2026-08-25 23:38:54.676] [info] [[94mHttpSession.cpp[0m:[95m577[0m [96mhandleGetDetectedFlowData[0m] Handle Get Detected Flow Data
[2026-08-25 23:38:54.691] [info] [[94mHttpSession.cpp[0m:[95m397[0m [96mcloseSocket[0m] Close Socket
[2026-08-25 23:38:56.748] [info] [[94mControllerAndOtherEventHandler.cpp[0m:[95m239[0m [96moperator()[0m] Accepted new connection
[2026-08-25 23:38:56.749] [info] [[94mHttpSession.cpp[0m:[95m95[0m [96mhandleRequest[0m] Got request: GET /ndt/get_graph_data
[2026-08-25 23:38:56.749] [info] [[94mHttpSession.cpp[0m:[95m526[0m [96mhandleGetGraphData[0m] Handle Get Graph Data
[2026-08-25 23:38:56.823] [info] [[94mHttpSession.cpp[0m:[95m571[0m [96mhandleGetGraphData[0m] get_graph_data success
[2026-08-25 23:38:56.834] [info] [[94mHttpSession.cpp[0m:[95m397[0m [96mcloseSocket[0m] Close Socket
[2026-08-25 23:38:56.901] [info] [[94mControllerAndOtherEventHandler.cpp[0m:[95m239[0m [96moperator()[0m] Accepted new connection
[2026-08-25 23:38:56.901] [info] [[94mHttpSession.cpp[0m:[95m95[0m [96mhandleRequest[0m] Got request: GET /ndt/get_detected_flow_data
[2026-08-25 23:38:56.901] [info] [[94mHttpSession.cpp[0m:[95m577[0m [96mhandleGetDetectedFlowData[0m] Handle Get Detected Flow Data
[2026-08-25 23:38:56.910] [info] [[94mHttpSession.cpp[0m:[95m397[0m [96mcloseSocket[0m] Close Socket
[2026-08-25 23:38:58.996] [info] [[94mControllerAndOtherEventHandler.cpp[0m:[95m239[0m [96moperator()[0m] Accepted new connection
[2026-08-25 23:38:58.998] [info] [[94mHttpSession.cpp[0m:[95m95[0m [96mhandleRequest[0m] Got request: GET /ndt/get_graph_data
[2026-08-25 23:38:58.998] [info] [[94mHttpSession.cpp[0m:[95m526[0m [96mhandleGetGraphData[0m] Handle Get Graph Data
[2026-08-25 23:38:59.063] [info] [[94mHttpSession.cpp[0m:[95m571[0m [96mhandleGetGraphData[0m] get_graph_data success
[2026-08-25 23:38:59.078] [info] [[94mHttpSession.cpp[0m:[95m397[0m [96mcloseSocket[0m] Close Socket
[2026-08-25 23:38:59.199] [info] [[94mControllerAndOtherEventHandler.cpp[0m:[95m239[0m [96moperator()[0m] Accepted new connection
[2026-08-25 23:38:59.199] [info] [[94mHttpSession.cpp[0m:[95m95[0m [96mhandleRequest[0m] Got request: GET /ndt/get_detected_flow_data
[2026-08-25 23:38:59.199] [info] [[94mHttpSession.cpp[0m:[95m577[0m [96mhandleGetDetectedFlowData[0m] Handle Get Detected Flow Data
[2026-08-25 23:38:59.204] [info] [[94mHttpSession.cpp[0m:[95m397[0m [96mcloseSocket[0m] Close Socket
[2026-08-25 23:39:01.371] [info] [[94mControllerAndOtherEventHandler.cpp[0m:[95m239[0m [96moperator()[0m] Accepted new connection
[2026-08-25 23:39:01.371] [info] [[94mHttpSession.cpp[0m:[95m95[0m [96mhandleRequest[0m] Got request: GET /ndt/get_graph_data
[2026-08-25 23:39:01.371] [info] [[94mHttpSession.cpp[0m:[95m526[0m [96mhandleGetGraphData[0m] Handle Get Graph Data
[2026-08-25 23:39:01.428] [info] [[94mHttpSession.cpp[0m:[95m571[0m [96mhandleGetGraphData[0m] get_graph_data success
[2026-08-25 23:39:01.437] [info] [[94mHttpSession.cpp[0m:[95m397[0m [96mcloseSocket[0m] Close Socket
[2026-08-25 23:39:01.564] [info] [[94mControllerAndOtherEventHandler.cpp[0m:[95m239[0m [96moperator()[0m] Accepted new connection
[2026-08-25 23:39:01.564] [info] [[94mHttpSession.cpp[0m:[95m95[0m [96mhandleRequest[0m] Got request: GET /ndt/get_detected_flow_data
[2026-08-25 23:39:01.565] [info] [[94mHttpSession.cpp[0m:[95m577[0m [96mhandleGetDetectedFlowData[0m] Handle Get Detected Flow Data
[2026-08-25 23:39:01.575] [info] [[94mHttpSession.cpp[0m:[95m397[0m [96mcloseSocket[0m] Close Socket
[2026-08-25 23:39:03.706] [info] [[94mControllerAndOtherEventHandler.cpp[0m:[95m239[0m [96moperator()[0m] Accepted new connection
[2026-08-25 23:39:03.706] [info] [[94mHttpSession.cpp[0m:[95m95[0m [96mhandleRequest[0m] Got request: GET /ndt/get_graph_data
[2026-08-25 23:39:03.706] [info] [[94mHttpSession.cpp[0m:[95m526[0m [96mhandleGetGraphData[0m] Handle Get Graph Data
[2026-08-25 23:39:03.761] [info] [[94mHttpSession.cpp[0m:[95m571[0m [96mhandleGetGraphData[0m] get_graph_data success
[2026-08-25 23:39:03.778] [info] [[94mHttpSession.cpp[0m:[95m397[0m [96mcloseSocket[0m] Close Socket
[2026-08-25 23:39:03.888] [info] [[94mControllerAndOtherEventHandler.cpp[0m:[95m239[0m [96moperator()[0m] Accepted new connection
[2026-08-25 23:39:03.890] [info] [[94mHttpSession.cpp[0m:[95m95[0m [96mhandleRequest[0m] Got request: GET /ndt/get_detected_flow_data
[2026-08-25 23:39:03.890] [info] [[94mHttpSession.cpp[0m:[95m577[0m [96mhandleGetDetectedFlowData[0m] Handle Get Detected Flow Data
[2026-08-25 23:39:03.898] [info] [[94mHttpSession.cpp[0m:[95m397[0m [96mcloseSocket[0m] Close Socket
[2026-08-25 23:39:06.004] [info] [[94mControllerAndOtherEventHandler.cpp[0m:[95m239[0m [96moperator()[0m] Accepted new connection
[2026-08-25 23:39:06.012] [info] [[94mHttpSession.cpp[0m:[95m95[0m [96mhandleRequest[0m] Got request: GET /ndt/get_graph_data
[2026-08-25 23:39:06.012] [info] [[94mHttpSession.cpp[0m:[95m526[0m [96mhandleGetGraphData[0m] Handle Get Graph Data
[2026-08-25 23:39:06.050] [info] [[94mHttpSession.cpp[0m:[95m571[0m [96mhandleGetGraphData[0m] get_graph_data success
[2026-08-25 23:39:06.056] [info] [[94mHttpSession.cpp[0m:[95m397[0m [96mcloseSocket[0m] Close Socket
[2026-08-25 23:39:06.214] [info] [[94mControllerAndOtherEventHandler.cpp[0m:[95m239[0m [96moperator()[0m] Accepted new connection
[2026-08-25 23:39:06.214] [info] [[94mHttpSession.cpp[0m:[95m95[0m [96mhandleRequest[0m] Got request: GET /ndt/get_detected_flow_data
[2026-08-25 23:39:06.214] [info] [[94mHttpSession.cpp[0m:[95m577[0m [96mhandleGetDetectedFlowData[0m] Handle Get Detected Flow Data
[2026-08-25 23:39:06.220] [info] [[94mHttpSession.cpp[0m:[95m397[0m [96mcloseSocket[0m] Close Socket
[2026-08-25 23:39:08.379] [info] [[94mControllerAndOtherEventHandler.cpp[0m:[95m239[0m [96moperator()[0m] Accepted new connection
[2026-08-25 23:39:08.380] [info] [[94mHttpSession.cpp[0m:[95m95[0m [96mhandleRequest[0m] Got request: GET /ndt/get_graph_data
[2026-08-25 23:39:08.380] [info] [[94mHttpSession.cpp[0m:[95m526[0m [96mhandleGetGraphData[0m] Handle Get Graph Data
[2026-08-25 23:39:08.446] [info] [[94mHttpSession.cpp[0m:[95m571[0m [96mhandleGetGraphData[0m] get_graph_data success
[2026-08-25 23:39:08.460] [info] [[94mHttpSession.cpp[0m:[95m397[0m [96mcloseSocket[0m] Close Socket
[2026-08-25 23:39:08.500] [info] [[94mControllerAndOtherEventHandler.cpp[0m:[95m239[0m [96moperator()[0m] Accepted new connection
[2026-08-25 23:39:08.500] [info] [[94mHttpSession.cpp[0m:[95m95[0m [96mhandleRequest[0m] Got request: GET /ndt/get_detected_flow_data
[2026-08-25 23:39:08.500] [info] [[94mHttpSession.cpp[0m:[95m577[0m [96mhandleGetDetectedFlowData[0m] Handle Get Detected Flow Data
[2026-08-25 23:39:08.504] [info] [[94mHttpSession.cpp[0m:[95m397[0m [96mcloseSocket[0m] Close Socket
[2026-08-25 23:39:10.542] [info] [[94mControllerAndOtherEventHandler.cpp[0m:[95m239[0m [96moperator()[0m] Accepted new connection
[2026-08-25 23:39:10.543] [info] [[94mHttpSession.cpp[0m:[95m95[0m [96mhandleRequest[0m] Got request: GET /ndt/get_graph_data
[2026-08-25 23:39:10.543] [info] [[94mHttpSession.cpp[0m:[95m526[0m [96mhandleGetGraphData[0m] Handle Get Graph Data
[2026-08-25 23:39:10.592] [info] [[94mHttpSession.cpp[0m:[95m571[0m [96mhandleGetGraphData[0m] get_graph_data success
[2026-08-25 23:39:10.601] [info] [[94mHttpSession.cpp[0m:[95m397[0m [96mcloseSocket[0m] Close Socket
[2026-08-25 23:39:10.689] [info] [[94mControllerAndOtherEventHandler.cpp[0m:[95m239[0m [96moperator()[0m] Accepted new connection
[2026-08-25 23:39:10.689] [info] [[94mHttpSession.cpp[0m:[95m95[0m [96mhandleRequest[0m] Got request: GET /ndt/get_detected_flow_data
[2026-08-25 23:39:10.689] [info] [[94mHttpSession.cpp[0m:[95m577[0m [96mhandleGetDetectedFlowData[0m] Handle Get Detected Flow Data
[2026-08-25 23:39:10.693] [info] [[94mHttpSession.cpp[0m:[95m397[0m [96mcloseSocket[0m] Close Socket
[2026-08-25 23:39:10.960] [info] [[94mFlowLinkUsageCollector.cpp[0m:[95m1781[0m [96mcalAvgFlowSendingRatesPeriodically[0m] rate loop period over 119 iterations: mean 1013.0 ms, min 1000.0, max 1063.1 (flows=16, counters=24) -- this is the denominator every published bps assumes is 1000
[2026-08-25 23:39:12.806] [info] [[94mControllerAndOtherEventHandler.cpp[0m:[95m239[0m [96moperator()[0m] Accepted new connection
[2026-08-25 23:39:12.806] [info] [[94mHttpSession.cpp[0m:[95m95[0m [96mhandleRequest[0m] Got request: GET /ndt/get_graph_data
[2026-08-25 23:39:12.806] [info] [[94mHttpSession.cpp[0m:[95m526[0m [96mhandleGetGraphData[0m] Handle Get Graph Data
[2026-08-25 23:39:12.878] [info] [[94mHttpSession.cpp[0m:[95m571[0m [96mhandleGetGraphData[0m] get_graph_data success
[2026-08-25 23:39:12.893] [info] [[94mHttpSession.cpp[0m:[95m397[0m [96mcloseSocket[0m] Close Socket
[2026-08-25 23:39:12.954] [info] [[94mControllerAndOtherEventHandler.cpp[0m:[95m239[0m [96moperator()[0m] Accepted new connection
[2026-08-25 23:39:12.954] [info] [[94mHttpSession.cpp[0m:[95m95[0m [96mhandleRequest[0m] Got request: GET /ndt/get_detected_flow_data
[2026-08-25 23:39:12.954] [info] [[94mHttpSession.cpp[0m:[95m577[0m [96mhandleGetDetectedFlowData[0m] Handle Get Detected Flow Data
[2026-08-25 23:39:12.970] [info] [[94mHttpSession.cpp[0m:[95m397[0m [96mcloseSocket[0m] Close Socket
[2026-08-25 23:39:15.087] [info] [[94mControllerAndOtherEventHandler.cpp[0m:[95m239[0m [96moperator()[0m] Accepted new connection
[2026-08-25 23:39:15.087] [info] [[94mHttpSession.cpp[0m:[95m95[0m [96mhandleRequest[0m] Got request: GET /ndt/get_graph_data
[2026-08-25 23:39:15.087] [info] [[94mHttpSession.cpp[0m:[95m526[0m [96mhandleGetGraphData[0m] Handle Get Graph Data
[2026-08-25 23:39:15.143] [info] [[94mHttpSession.cpp[0m:[95m571[0m [96mhandleGetGraphData[0m] get_graph_data success
[2026-08-25 23:39:15.151] [info] [[94mHttpSession.cpp[0m:[95m397[0m [96mcloseSocket[0m] Close Socket
[2026-08-25 23:39:15.230] [info] [[94mControllerAndOtherEventHandler.cpp[0m:[95m239[0m [96moperator()[0m] Accepted new connection
[2026-08-25 23:39:15.231] [info] [[94mHttpSession.cpp[0m:[95m95[0m [96mhandleRequest[0m] Got request: GET /ndt/get_detected_flow_data
[2026-08-25 23:39:15.231] [info] [[94mHttpSession.cpp[0m:[95m577[0m [96mhandleGetDetectedFlowData[0m] Handle Get Detected Flow Data
[2026-08-25 23:39:15.241] [info] [[94mHttpSession.cpp[0m:[95m397[0m [96mcloseSocket[0m] Close Socket
[2026-08-25 23:39:17.478] [info] [[94mControllerAndOtherEventHandler.cpp[0m:[95m239[0m [96moperator()[0m] Accepted new connection
[2026-08-25 23:39:17.479] [info] [[94mHttpSession.cpp[0m:[95m95[0m [96mhandleRequest[0m] Got request: GET /ndt/get_graph_data
[2026-08-25 23:39:17.479] [info] [[94mHttpSession.cpp[0m:[95m526[0m [96mhandleGetGraphData[0m] Handle Get Graph Data
[2026-08-25 23:39:17.509] [info] [[94mHttpSession.cpp[0m:[95m571[0m [96mhandleGetGraphData[0m] get_graph_data success
[2026-08-25 23:39:17.516] [info] [[94mHttpSession.cpp[0m:[95m397[0m [96mcloseSocket[0m] Close Socket
[2026-08-25 23:39:17.639] [info] [[94mControllerAndOtherEventHandler.cpp[0m:[95m239[0m [96moperator()[0m] Accepted new connection
[2026-08-25 23:39:17.639] [info] [[94mHttpSession.cpp[0m:[95m95[0m [96mhandleRequest[0m] Got request: GET /ndt/get_detected_flow_data
[2026-08-25 23:39:17.639] [info] [[94mHttpSession.cpp[0m:[95m577[0m [96mhandleGetDetectedFlowData[0m] Handle Get Detected Flow Data
[2026-08-25 23:39:17.650] [info] [[94mHttpSession.cpp[0m:[95m397[0m [96mcloseSocket[0m] Close Socket
[2026-08-25 23:39:18.163] [info] [[94mFlowLinkUsageCollector.cpp[0m:[95m2494[0m [96mfetchAllDestinationPaths[0m] Pulled 16256 paths from controller
[2026-08-25 23:39:19.791] [info] [[94mControllerAndOtherEventHandler.cpp[0m:[95m239[0m [96moperator()[0m] Accepted new connection
[2026-08-25 23:39:19.792] [info] [[94mHttpSession.cpp[0m:[95m95[0m [96mhandleRequest[0m] Got request: GET /ndt/get_graph_data
[2026-08-25 23:39:19.793] [info] [[94mHttpSession.cpp[0m:[95m526[0m [96mhandleGetGraphData[0m] Handle Get Graph Data
[2026-08-25 23:39:20.042] [info] [[94mHttpSession.cpp[0m:[95m571[0m [96mhandleGetGraphData[0m] get_graph_data success
[2026-08-25 23:39:20.085] [info] [[94mHttpSession.cpp[0m:[95m397[0m [96mcloseSocket[0m] Close Socket
[2026-08-25 23:39:20.298] [info] [[94mControllerAndOtherEventHandler.cpp[0m:[95m239[0m [96moperator()[0m] Accepted new connection
[2026-08-25 23:39:20.298] [info] [[94mHttpSession.cpp[0m:[95m95[0m [96mhandleRequest[0m] Got request: GET /ndt/get_detected_flow_data
[2026-08-25 23:39:20.299] [info] [[94mHttpSession.cpp[0m:[95m577[0m [96mhandleGetDetectedFlowData[0m] Handle Get Detected Flow Data
[2026-08-25 23:39:20.319] [info] [[94mHttpSession.cpp[0m:[95m397[0m [96mcloseSocket[0m] Close Socket
[2026-08-25 23:39:22.451] [info] [[94mControllerAndOtherEventHandler.cpp[0m:[95m239[0m [96moperator()[0m] Accepted new connection
[2026-08-25 23:39:22.461] [info] [[94mHttpSession.cpp[0m:[95m95[0m [96mhandleRequest[0m] Got request: GET /ndt/get_graph_data
[2026-08-25 23:39:22.461] [info] [[94mHttpSession.cpp[0m:[95m526[0m [96mhandleGetGraphData[0m] Handle Get Graph Data
[2026-08-25 23:39:22.766] [info] [[94mHttpSession.cpp[0m:[95m571[0m [96mhandleGetGraphData[0m] get_graph_data success
[2026-08-25 23:39:22.802] [info] [[94mHttpSession.cpp[0m:[95m397[0m [96mcloseSocket[0m] Close Socket
[2026-08-25 23:39:23.044] [info] [[94mControllerAndOtherEventHandler.cpp[0m:[95m239[0m [96moperator()[0m] Accepted new connection
[2026-08-25 23:39:23.044] [info] [[94mHttpSession.cpp[0m:[95m95[0m [96mhandleRequest[0m] Got request: GET /ndt/get_detected_flow_data
[2026-08-25 23:39:23.044] [info] [[94mHttpSession.cpp[0m:[95m577[0m [96mhandleGetDetectedFlowData[0m] Handle Get Detected Flow Data
[2026-08-25 23:39:23.067] [info] [[94mHttpSession.cpp[0m:[95m397[0m [96mcloseSocket[0m] Close Socket
[2026-08-25 23:39:25.219] [info] [[94mControllerAndOtherEventHandler.cpp[0m:[95m239[0m [96moperator()[0m] Accepted new connection
[2026-08-25 23:39:25.222] [info] [[94mHttpSession.cpp[0m:[95m95[0m [96mhandleRequest[0m] Got request: GET /ndt/get_graph_data
[2026-08-25 23:39:25.222] [info] [[94mHttpSession.cpp[0m:[95m526[0m [96mhandleGetGraphData[0m] Handle Get Graph Data
[2026-08-25 23:39:25.268] [info] [[94mHttpSession.cpp[0m:[95m571[0m [96mhandleGetGraphData[0m] get_graph_data success
[2026-08-25 23:39:25.272] [info] [[94mHttpSession.cpp[0m:[95m397[0m [96mcloseSocket[0m] Close Socket
[2026-08-25 23:39:25.425] [info] [[94mControllerAndOtherEventHandler.cpp[0m:[95m239[0m [96moperator()[0m] Accepted new connection
[2026-08-25 23:39:25.426] [info] [[94mHttpSession.cpp[0m:[95m95[0m [96mhandleRequest[0m] Got request: GET /ndt/get_detected_flow_data
[2026-08-25 23:39:25.426] [info] [[94mHttpSession.cpp[0m:[95m577[0m [96mhandleGetDetectedFlowData[0m] Handle Get Detected Flow Data
[2026-08-25 23:39:25.433] [info] [[94mHttpSession.cpp[0m:[95m397[0m [96mcloseSocket[0m] Close Socket
[2026-08-25 23:39:27.541] [info] [[94mControllerAndOtherEventHandler.cpp[0m:[95m239[0m [96moperator()[0m] Accepted new connection
[2026-08-25 23:39:27.542] [info] [[94mHttpSession.cpp[0m:[95m95[0m [96mhandleRequest[0m] Got request: GET /ndt/get_graph_data
[2026-08-25 23:39:27.542] [info] [[94mHttpSession.cpp[0m:[95m526[0m [96mhandleGetGraphData[0m] Handle Get Graph Data
[2026-08-25 23:39:27.591] [info] [[94mHttpSession.cpp[0m:[95m571[0m [96mhandleGetGraphData[0m] get_graph_data success
[2026-08-25 23:39:27.598] [info] [[94mHttpSession.cpp[0m:[95m397[0m [96mcloseSocket[0m] Close Socket
[2026-08-25 23:39:27.671] [info] [[94mControllerAndOtherEventHandler.cpp[0m:[95m239[0m [96moperator()[0m] Accepted new connection
[2026-08-25 23:39:27.672] [info] [[94mHttpSession.cpp[0m:[95m95[0m [96mhandleRequest[0m] Got request: GET /ndt/get_detected_flow_data
[2026-08-25 23:39:27.672] [info] [[94mHttpSession.cpp[0m:[95m577[0m [96mhandleGetDetectedFlowData[0m] Handle Get Detected Flow Data
[2026-08-25 23:39:27.676] [info] [[94mHttpSession.cpp[0m:[95m397[0m [96mcloseSocket[0m] Close Socket
[2026-08-25 23:39:29.795] [info] [[94mControllerAndOtherEventHandler.cpp[0m:[95m239[0m [96moperator()[0m] Accepted new connection
[2026-08-25 23:39:29.796] [info] [[94mHttpSession.cpp[0m:[95m95[0m [96mhandleRequest[0m] Got request: GET /ndt/get_graph_data
[2026-08-25 23:39:29.796] [info] [[94mHttpSession.cpp[0m:[95m526[0m [96mhandleGetGraphData[0m] Handle Get Graph Data
[2026-08-25 23:39:29.820] [info] [[94mHttpSession.cpp[0m:[95m571[0m [96mhandleGetGraphData[0m] get_graph_data success
[2026-08-25 23:39:29.824] [info] [[94mHttpSession.cpp[0m:[95m397[0m [96mcloseSocket[0m] Close Socket
[2026-08-25 23:39:29.896] [info] [[94mControllerAndOtherEventHandler.cpp[0m:[95m239[0m [96moperator()[0m] Accepted new connection
[2026-08-25 23:39:29.896] [info] [[94mHttpSession.cpp[0m:[95m95[0m [96mhandleRequest[0m] Got request: GET /ndt/get_detected_flow_data
[2026-08-25 23:39:29.896] [info] [[94mHttpSession.cpp[0m:[95m577[0m [96mhandleGetDetectedFlowData[0m] Handle Get Detected Flow Data
[2026-08-25 23:39:29.901] [info] [[94mHttpSession.cpp[0m:[95m397[0m [96mcloseSocket[0m] Close Socket
[2026-08-25 23:39:31.969] [info] [[94mControllerAndOtherEventHandler.cpp[0m:[95m239[0m [96moperator()[0m] Accepted new connection
[2026-08-25 23:39:31.970] [info] [[94mHttpSession.cpp[0m:[95m95[0m [96mhandleRequest[0m] Got request: GET /ndt/get_graph_data
[2026-08-25 23:39:31.970] [info] [[94mHttpSession.cpp[0m:[95m526[0m [96mhandleGetGraphData[0m] Handle Get Graph Data
[2026-08-25 23:39:32.066] [info] [[94mHttpSession.cpp[0m:[95m571[0m [96mhandleGetGraphData[0m] get_graph_data success
[2026-08-25 23:39:32.083] [info] [[94mHttpSession.cpp[0m:[95m397[0m [96mcloseSocket[0m] Close Socket
[2026-08-25 23:39:32.189] [info] [[94mControllerAndOtherEventHandler.cpp[0m:[95m239[0m [96moperator()[0m] Accepted new connection
[2026-08-25 23:39:32.190] [info] [[94mHttpSession.cpp[0m:[95m95[0m [96mhandleRequest[0m] Got request: GET /ndt/get_detected_flow_data
[2026-08-25 23:39:32.190] [info] [[94mHttpSession.cpp[0m:[95m577[0m [96mhandleGetDetectedFlowData[0m] Handle Get Detected Flow Data
[2026-08-25 23:39:32.199] [info] [[94mHttpSession.cpp[0m:[95m397[0m [96mcloseSocket[0m] Close Socket
[2026-08-25 23:39:34.343] [info] [[94mControllerAndOtherEventHandler.cpp[0m:[95m239[0m [96moperator()[0m] Accepted new connection
[2026-08-25 23:39:34.343] [info] [[94mHttpSession.cpp[0m:[95m95[0m [96mhandleRequest[0m] Got request: GET /ndt/get_graph_data
[2026-08-25 23:39:34.343] [info] [[94mHttpSession.cpp[0m:[95m526[0m [96mhandleGetGraphData[0m] Handle Get Graph Data
[2026-08-25 23:39:34.384] [info] [[94mHttpSession.cpp[0m:[95m571[0m [96mhandleGetGraphData[0m] get_graph_data success
[2026-08-25 23:39:34.390] [info] [[94mHttpSession.cpp[0m:[95m397[0m [96mcloseSocket[0m] Close Socket
[2026-08-25 23:39:34.442] [info] [[94mControllerAndOtherEventHandler.cpp[0m:[95m239[0m [96moperator()[0m] Accepted new connection
[2026-08-25 23:39:34.446] [info] [[94mHttpSession.cpp[0m:[95m95[0m [96mhandleRequest[0m] Got request: GET /ndt/get_detected_flow_data
[2026-08-25 23:39:34.446] [info] [[94mHttpSession.cpp[0m:[95m577[0m [96mhandleGetDetectedFlowData[0m] Handle Get Detected Flow Data
[2026-08-25 23:39:34.450] [info] [[94mHttpSession.cpp[0m:[95m397[0m [96mcloseSocket[0m] Close Socket
[2026-08-25 23:39:36.573] [info] [[94mControllerAndOtherEventHandler.cpp[0m:[95m239[0m [96moperator()[0m] Accepted new connection
[2026-08-25 23:39:36.574] [info] [[94mHttpSession.cpp[0m:[95m95[0m [96mhandleRequest[0m] Got request: GET /ndt/get_graph_data
[2026-08-25 23:39:36.574] [info] [[94mHttpSession.cpp[0m:[95m526[0m [96mhandleGetGraphData[0m] Handle Get Graph Data
[2026-08-25 23:39:36.638] [info] [[94mHttpSession.cpp[0m:[95m571[0m [96mhandleGetGraphData[0m] get_graph_data success
[2026-08-25 23:39:36.649] [info] [[94mHttpSession.cpp[0m:[95m397[0m [96mcloseSocket[0m] Close Socket
[2026-08-25 23:39:36.733] [info] [[94mControllerAndOtherEventHandler.cpp[0m:[95m239[0m [96moperator()[0m] Accepted new connection
[2026-08-25 23:39:36.733] [info] [[94mHttpSession.cpp[0m:[95m95[0m [96mhandleRequest[0m] Got request: GET /ndt/get_detected_flow_data
[2026-08-25 23:39:36.733] [info] [[94mHttpSession.cpp[0m:[95m577[0m [96mhandleGetDetectedFlowData[0m] Handle Get Detected Flow Data
[2026-08-25 23:39:36.751] [info] [[94mHttpSession.cpp[0m:[95m397[0m [96mcloseSocket[0m] Close Socket
[2026-08-25 23:39:38.873] [info] [[94mControllerAndOtherEventHandler.cpp[0m:[95m239[0m [96moperator()[0m] Accepted new connection
[2026-08-25 23:39:38.877] [info] [[94mHttpSession.cpp[0m:[95m95[0m [96mhandleRequest[0m] Got request: GET /ndt/get_graph_data
[2026-08-25 23:39:38.877] [info] [[94mHttpSession.cpp[0m:[95m526[0m [96mhandleGetGraphData[0m] Handle Get Graph Data
[2026-08-25 23:39:39.063] [info] [[94mHttpSession.cpp[0m:[95m571[0m [96mhandleGetGraphData[0m] get_graph_data success
[2026-08-25 23:39:39.105] [info] [[94mHttpSession.cpp[0m:[95m397[0m [96mcloseSocket[0m] Close Socket
[2026-08-25 23:39:39.225] [info] [[94mControllerAndOtherEventHandler.cpp[0m:[95m239[0m [96moperator()[0m] Accepted new connection
[2026-08-25 23:39:39.225] [info] [[94mHttpSession.cpp[0m:[95m95[0m [96mhandleRequest[0m] Got request: GET /ndt/get_detected_flow_data
[2026-08-25 23:39:39.225] [info] [[94mHttpSession.cpp[0m:[95m577[0m [96mhandleGetDetectedFlowData[0m] Handle Get Detected Flow Data
[2026-08-25 23:39:39.249] [info] [[94mHttpSession.cpp[0m:[95m397[0m [96mcloseSocket[0m] Close Socket
[2026-08-25 23:39:41.366] [info] [[94mControllerAndOtherEventHandler.cpp[0m:[95m239[0m [96moperator()[0m] Accepted new connection
[2026-08-25 23:39:41.382] [info] [[94mHttpSession.cpp[0m:[95m95[0m [96mhandleRequest[0m] Got request: GET /ndt/get_graph_data
[2026-08-25 23:39:41.382] [info] [[94mHttpSession.cpp[0m:[95m526[0m [96mhandleGetGraphData[0m] Handle Get Graph Data
[2026-08-25 23:39:41.634] [info] [[94mHttpSession.cpp[0m:[95m571[0m [96mhandleGetGraphData[0m] get_graph_data success
[2026-08-25 23:39:41.680] [info] [[94mHttpSession.cpp[0m:[95m397[0m [96mcloseSocket[0m] Close Socket
[2026-08-25 23:39:41.819] [info] [[94mControllerAndOtherEventHandler.cpp[0m:[95m239[0m [96moperator()[0m] Accepted new connection
[2026-08-25 23:39:41.820] [info] [[94mHttpSession.cpp[0m:[95m95[0m [96mhandleRequest[0m] Got request: GET /ndt/get_detected_flow_data
[2026-08-25 23:39:41.820] [info] [[94mHttpSession.cpp[0m:[95m577[0m [96mhandleGetDetectedFlowData[0m] Handle Get Detected Flow Data
[2026-08-25 23:39:41.850] [info] [[94mHttpSession.cpp[0m:[95m397[0m [96mcloseSocket[0m] Close Socket
[2026-08-25 23:39:42.100] [info] [[94mFlowLinkUsageCollector.cpp[0m:[95m1781[0m [96mcalAvgFlowSendingRatesPeriodically[0m] rate loop period over 149 iterations: mean 1018.0 ms, min 1000.0, max 1071.7 (flows=16, counters=24) -- this is the denominator every published bps assumes is 1000
[2026-08-25 23:39:43.969] [info] [[94mControllerAndOtherEventHandler.cpp[0m:[95m239[0m [96moperator()[0m] Accepted new connection
[2026-08-25 23:39:43.970] [info] [[94mHttpSession.cpp[0m:[95m95[0m [96mhandleRequest[0m] Got request: GET /ndt/get_graph_data
[2026-08-25 23:39:43.970] [info] [[94mHttpSession.cpp[0m:[95m526[0m [96mhandleGetGraphData[0m] Handle Get Graph Data
[2026-08-25 23:39:44.165] [info] [[94mHttpSession.cpp[0m:[95m571[0m [96mhandleGetGraphData[0m] get_graph_data success
[2026-08-25 23:39:44.211] [info] [[94mHttpSession.cpp[0m:[95m397[0m [96mcloseSocket[0m] Close Socket
[2026-08-25 23:39:44.317] [info] [[94mControllerAndOtherEventHandler.cpp[0m:[95m239[0m [96moperator()[0m] Accepted new connection
[2026-08-25 23:39:44.318] [info] [[94mHttpSession.cpp[0m:[95m95[0m [96mhandleRequest[0m] Got request: GET /ndt/get_detected_flow_data
[2026-08-25 23:39:44.319] [info] [[94mHttpSession.cpp[0m:[95m577[0m [96mhandleGetDetectedFlowData[0m] Handle Get Detected Flow Data
[2026-08-25 23:39:44.349] [info] [[94mHttpSession.cpp[0m:[95m397[0m [96mcloseSocket[0m] Close Socket
[2026-08-25 23:39:45.993] [info] [[94mControllerAndOtherEventHandler.cpp[0m:[95m239[0m [96moperator()[0m] Accepted new connection
[2026-08-25 23:39:45.993] [info] [[94mHttpSession.cpp[0m:[95m397[0m [96mcloseSocket[0m] Close Socket
[2026-08-25 23:39:46.349] [info] [[94mControllerAndOtherEventHandler.cpp[0m:[95m239[0m [96moperator()[0m] Accepted new connection
[2026-08-25 23:39:46.349] [info] [[94mHttpSession.cpp[0m:[95m397[0m [96mcloseSocket[0m] Close Socket
[2026-08-25 23:39:46.400] [info] [[94mControllerAndOtherEventHandler.cpp[0m:[95m239[0m [96moperator()[0m] Accepted new connection
[2026-08-25 23:39:46.400] [info] [[94mHttpSession.cpp[0m:[95m95[0m [96mhandleRequest[0m] Got request: GET /ndt/get_graph_data
[2026-08-25 23:39:46.400] [info] [[94mHttpSession.cpp[0m:[95m526[0m [96mhandleGetGraphData[0m] Handle Get Graph Data
[2026-08-25 23:39:46.613] [info] [[94mHttpSession.cpp[0m:[95m571[0m [96mhandleGetGraphData[0m] get_graph_data success
[2026-08-25 23:39:46.636] [info] [[94mControllerAndOtherEventHandler.cpp[0m:[95m239[0m [96moperator()[0m] Accepted new connection
[2026-08-25 23:39:46.636] [info] [[94mHttpSession.cpp[0m:[95m397[0m [96mcloseSocket[0m] Close Socket
[2026-08-25 23:39:46.636] [info] [[94mHttpSession.cpp[0m:[95m95[0m [96mhandleRequest[0m] Got request: GET /ndt/get_graph_data
[2026-08-25 23:39:46.644] [info] [[94mHttpSession.cpp[0m:[95m526[0m [96mhandleGetGraphData[0m] Handle Get Graph Data
[2026-08-25 23:39:46.887] [info] [[94mHttpSession.cpp[0m:[95m571[0m [96mhandleGetGraphData[0m] get_graph_data success
[2026-08-25 23:39:46.921] [info] [[94mHttpSession.cpp[0m:[95m397[0m [96mcloseSocket[0m] Close Socket
[2026-08-25 23:39:47.042] [info] [[94mControllerAndOtherEventHandler.cpp[0m:[95m239[0m [96moperator()[0m] Accepted new connection
[2026-08-25 23:39:47.048] [info] [[94mHttpSession.cpp[0m:[95m95[0m [96mhandleRequest[0m] Got request: GET /ndt/get_detected_flow_data
[2026-08-25 23:39:47.048] [info] [[94mHttpSession.cpp[0m:[95m577[0m [96mhandleGetDetectedFlowData[0m] Handle Get Detected Flow Data
[2026-08-25 23:39:47.068] [info] [[94mHttpSession.cpp[0m:[95m397[0m [96mcloseSocket[0m] Close Socket
[2026-08-25 23:39:49.189] [info] [[94mControllerAndOtherEventHandler.cpp[0m:[95m239[0m [96moperator()[0m] Accepted new connection
[2026-08-25 23:39:49.192] [info] [[94mHttpSession.cpp[0m:[95m95[0m [96mhandleRequest[0m] Got request: GET /ndt/get_graph_data
[2026-08-25 23:39:49.193] [info] [[94mHttpSession.cpp[0m:[95m526[0m [96mhandleGetGraphData[0m] Handle Get Graph Data
[2026-08-25 23:39:49.466] [info] [[94mHttpSession.cpp[0m:[95m571[0m [96mhandleGetGraphData[0m] get_graph_data success
[2026-08-25 23:39:49.505] [info] [[94mHttpSession.cpp[0m:[95m397[0m [96mcloseSocket[0m] Close Socket
[2026-08-25 23:39:49.633] [info] [[94mControllerAndOtherEventHandler.cpp[0m:[95m239[0m [96moperator()[0m] Accepted new connection
[2026-08-25 23:39:49.635] [info] [[94mHttpSession.cpp[0m:[95m95[0m [96mhandleRequest[0m] Got request: GET /ndt/get_detected_flow_data
[2026-08-25 23:39:49.635] [info] [[94mHttpSession.cpp[0m:[95m577[0m [96mhandleGetDetectedFlowData[0m] Handle Get Detected Flow Data
[2026-08-25 23:39:49.651] [info] [[94mHttpSession.cpp[0m:[95m397[0m [96mcloseSocket[0m] Close Socket
[2026-08-25 23:39:51.774] [info] [[94mControllerAndOtherEventHandler.cpp[0m:[95m239[0m [96moperator()[0m] Accepted new connection
[2026-08-25 23:39:51.775] [info] [[94mHttpSession.cpp[0m:[95m95[0m [96mhandleRequest[0m] Got request: GET /ndt/get_graph_data
[2026-08-25 23:39:51.775] [info] [[94mHttpSession.cpp[0m:[95m526[0m [96mhandleGetGraphData[0m] Handle Get Graph Data
[2026-08-25 23:39:51.988] [info] [[94mHttpSession.cpp[0m:[95m571[0m [96mhandleGetGraphData[0m] get_graph_data success
[2026-08-25 23:39:52.026] [info] [[94mHttpSession.cpp[0m:[95m397[0m [96mcloseSocket[0m] Close Socket
[2026-08-25 23:39:52.136] [info] [[94mControllerAndOtherEventHandler.cpp[0m:[95m239[0m [96moperator()[0m] Accepted new connection
[2026-08-25 23:39:52.138] [info] [[94mHttpSession.cpp[0m:[95m95[0m [96mhandleRequest[0m] Got request: GET /ndt/get_detected_flow_data
[2026-08-25 23:39:52.138] [info] [[94mHttpSession.cpp[0m:[95m577[0m [96mhandleGetDetectedFlowData[0m] Handle Get Detected Flow Data
[2026-08-25 23:39:52.151] [info] [[94mHttpSession.cpp[0m:[95m397[0m [96mcloseSocket[0m] Close Socket
[2026-08-25 23:39:54.293] [info] [[94mControllerAndOtherEventHandler.cpp[0m:[95m239[0m [96moperator()[0m] Accepted new connection
[2026-08-25 23:39:54.293] [info] [[94mHttpSession.cpp[0m:[95m95[0m [96mhandleRequest[0m] Got request: GET /ndt/get_graph_data
[2026-08-25 23:39:54.293] [info] [[94mHttpSession.cpp[0m:[95m526[0m [96mhandleGetGraphData[0m] Handle Get Graph Data
[2026-08-25 23:39:54.513] [info] [[94mHttpSession.cpp[0m:[95m571[0m [96mhandleGetGraphData[0m] get_graph_data success
[2026-08-25 23:39:54.551] [info] [[94mHttpSession.cpp[0m:[95m397[0m [96mcloseSocket[0m] Close Socket
[2026-08-25 23:39:54.654] [info] [[94mControllerAndOtherEventHandler.cpp[0m:[95m239[0m [96moperator()[0m] Accepted new connection
[2026-08-25 23:39:54.655] [info] [[94mHttpSession.cpp[0m:[95m95[0m [96mhandleRequest[0m] Got request: GET /ndt/get_detected_flow_data
[2026-08-25 23:39:54.655] [info] [[94mHttpSession.cpp[0m:[95m577[0m [96mhandleGetDetectedFlowData[0m] Handle Get Detected Flow Data
[2026-08-25 23:39:54.672] [info] [[94mHttpSession.cpp[0m:[95m397[0m [96mcloseSocket[0m] Close Socket
[2026-08-25 23:39:56.734] [info] [[94mControllerAndOtherEventHandler.cpp[0m:[95m239[0m [96moperator()[0m] Accepted new connection
[2026-08-25 23:39:56.734] [info] [[94mHttpSession.cpp[0m:[95m95[0m [96mhandleRequest[0m] Got request: GET /ndt/get_graph_data
[2026-08-25 23:39:56.734] [info] [[94mHttpSession.cpp[0m:[95m526[0m [96mhandleGetGraphData[0m] Handle Get Graph Data
[2026-08-25 23:39:56.823] [info] [[94mHttpSession.cpp[0m:[95m571[0m [96mhandleGetGraphData[0m] get_graph_data success
[2026-08-25 23:39:56.842] [info] [[94mHttpSession.cpp[0m:[95m397[0m [96mcloseSocket[0m] Close Socket
[2026-08-25 23:39:56.915] [info] [[94mControllerAndOtherEventHandler.cpp[0m:[95m239[0m [96moperator()[0m] Accepted new connection
[2026-08-25 23:39:56.915] [info] [[94mHttpSession.cpp[0m:[95m95[0m [96mhandleRequest[0m] Got request: GET /ndt/get_detected_flow_data
[2026-08-25 23:39:56.915] [info] [[94mHttpSession.cpp[0m:[95m577[0m [96mhandleGetDetectedFlowData[0m] Handle Get Detected Flow Data
[2026-08-25 23:39:56.922] [info] [[94mHttpSession.cpp[0m:[95m397[0m [96mcloseSocket[0m] Close Socket
[2026-08-25 23:39:59.032] [info] [[94mControllerAndOtherEventHandler.cpp[0m:[95m239[0m [96moperator()[0m] Accepted new connection
[2026-08-25 23:39:59.033] [info] [[94mHttpSession.cpp[0m:[95m95[0m [96mhandleRequest[0m] Got request: GET /ndt/get_graph_data
[2026-08-25 23:39:59.033] [info] [[94mHttpSession.cpp[0m:[95m526[0m [96mhandleGetGraphData[0m] Handle Get Graph Data
[2026-08-25 23:39:59.101] [info] [[94mHttpSession.cpp[0m:[95m571[0m [96mhandleGetGraphData[0m] get_graph_data success
[2026-08-25 23:39:59.118] [info] [[94mHttpSession.cpp[0m:[95m397[0m [96mcloseSocket[0m] Close Socket
[2026-08-25 23:39:59.236] [info] [[94mControllerAndOtherEventHandler.cpp[0m:[95m239[0m [96moperator()[0m] Accepted new connection
[2026-08-25 23:39:59.240] [info] [[94mHttpSession.cpp[0m:[95m95[0m [96mhandleRequest[0m] Got request: GET /ndt/get_detected_flow_data
[2026-08-25 23:39:59.240] [info] [[94mHttpSession.cpp[0m:[95m577[0m [96mhandleGetDetectedFlowData[0m] Handle Get Detected Flow Data
[2026-08-25 23:39:59.249] [info] [[94mHttpSession.cpp[0m:[95m397[0m [96mcloseSocket[0m] Close Socket
[2026-08-25 23:40:01.374] [info] [[94mControllerAndOtherEventHandler.cpp[0m:[95m239[0m [96moperator()[0m] Accepted new connection
[2026-08-25 23:40:01.374] [info] [[94mHttpSession.cpp[0m:[95m95[0m [96mhandleRequest[0m] Got request: GET /ndt/get_graph_data
[2026-08-25 23:40:01.374] [info] [[94mHttpSession.cpp[0m:[95m526[0m [96mhandleGetGraphData[0m] Handle Get Graph Data
[2026-08-25 23:40:01.460] [info] [[94mHttpSession.cpp[0m:[95m571[0m [96mhandleGetGraphData[0m] get_graph_data success
[2026-08-25 23:40:01.473] [info] [[94mHttpSession.cpp[0m:[95m397[0m [96mcloseSocket[0m] Close Socket
[2026-08-25 23:40:01.575] [info] [[94mControllerAndOtherEventHandler.cpp[0m:[95m239[0m [96moperator()[0m] Accepted new connection
[2026-08-25 23:40:01.578] [info] [[94mHttpSession.cpp[0m:[95m95[0m [96mhandleRequest[0m] Got request: GET /ndt/get_detected_flow_data
[2026-08-25 23:40:01.578] [info] [[94mHttpSession.cpp[0m:[95m577[0m [96mhandleGetDetectedFlowData[0m] Handle Get Detected Flow Data
[2026-08-25 23:40:01.584] [info] [[94mHttpSession.cpp[0m:[95m397[0m [96mcloseSocket[0m] Close Socket
[2026-08-25 23:40:03.731] [info] [[94mControllerAndOtherEventHandler.cpp[0m:[95m239[0m [96moperator()[0m] Accepted new connection
[2026-08-25 23:40:03.731] [info] [[94mHttpSession.cpp[0m:[95m95[0m [96mhandleRequest[0m] Got request: GET /ndt/get_graph_data
[2026-08-25 23:40:03.731] [info] [[94mHttpSession.cpp[0m:[95m526[0m [96mhandleGetGraphData[0m] Handle Get Graph Data
[2026-08-25 23:40:03.793] [info] [[94mHttpSession.cpp[0m:[95m571[0m [96mhandleGetGraphData[0m] get_graph_data success
[2026-08-25 23:40:03.806] [info] [[94mHttpSession.cpp[0m:[95m397[0m [96mcloseSocket[0m] Close Socket
[2026-08-25 23:40:03.842] [info] [[94mControllerAndOtherEventHandler.cpp[0m:[95m239[0m [96moperator()[0m] Accepted new connection
[2026-08-25 23:40:03.842] [info] [[94mHttpSession.cpp[0m:[95m95[0m [96mhandleRequest[0m] Got request: GET /ndt/get_detected_flow_data
[2026-08-25 23:40:03.842] [info] [[94mHttpSession.cpp[0m:[95m577[0m [96mhandleGetDetectedFlowData[0m] Handle Get Detected Flow Data
[2026-08-25 23:40:03.849] [info] [[94mHttpSession.cpp[0m:[95m397[0m [96mcloseSocket[0m] Close Socket
[2026-08-25 23:40:05.965] [info] [[94mControllerAndOtherEventHandler.cpp[0m:[95m239[0m [96moperator()[0m] Accepted new connection
[2026-08-25 23:40:05.965] [info] [[94mHttpSession.cpp[0m:[95m95[0m [96mhandleRequest[0m] Got request: GET /ndt/get_graph_data
[2026-08-25 23:40:05.965] [info] [[94mHttpSession.cpp[0m:[95m526[0m [96mhandleGetGraphData[0m] Handle Get Graph Data
[2026-08-25 23:40:06.088] [info] [[94mHttpSession.cpp[0m:[95m571[0m [96mhandleGetGraphData[0m] get_graph_data success
[2026-08-25 23:40:06.108] [info] [[94mHttpSession.cpp[0m:[95m397[0m [96mcloseSocket[0m] Close Socket
[2026-08-25 23:40:06.249] [info] [[94mControllerAndOtherEventHandler.cpp[0m:[95m239[0m [96moperator()[0m] Accepted new connection
[2026-08-25 23:40:06.250] [info] [[94mHttpSession.cpp[0m:[95m95[0m [96mhandleRequest[0m] Got request: GET /ndt/get_detected_flow_data
[2026-08-25 23:40:06.250] [info] [[94mHttpSession.cpp[0m:[95m577[0m [96mhandleGetDetectedFlowData[0m] Handle Get Detected Flow Data
[2026-08-25 23:40:06.261] [info] [[94mHttpSession.cpp[0m:[95m397[0m [96mcloseSocket[0m] Close Socket
[2026-08-25 23:40:08.404] [info] [[94mControllerAndOtherEventHandler.cpp[0m:[95m239[0m [96moperator()[0m] Accepted new connection
[2026-08-25 23:40:08.404] [info] [[94mHttpSession.cpp[0m:[95m95[0m [96mhandleRequest[0m] Got request: GET /ndt/get_graph_data
[2026-08-25 23:40:08.404] [info] [[94mHttpSession.cpp[0m:[95m526[0m [96mhandleGetGraphData[0m] Handle Get Graph Data
[2026-08-25 23:40:08.469] [info] [[94mHttpSession.cpp[0m:[95m571[0m [96mhandleGetGraphData[0m] get_graph_data success
[2026-08-25 23:40:08.480] [info] [[94mHttpSession.cpp[0m:[95m397[0m [96mcloseSocket[0m] Close Socket
[2026-08-25 23:40:08.577] [info] [[94mControllerAndOtherEventHandler.cpp[0m:[95m239[0m [96moperator()[0m] Accepted new connection
[2026-08-25 23:40:08.577] [info] [[94mHttpSession.cpp[0m:[95m95[0m [96mhandleRequest[0m] Got request: GET /ndt/get_detected_flow_data
[2026-08-25 23:40:08.577] [info] [[94mHttpSession.cpp[0m:[95m577[0m [96mhandleGetDetectedFlowData[0m] Handle Get Detected Flow Data
[2026-08-25 23:40:08.588] [info] [[94mHttpSession.cpp[0m:[95m397[0m [96mcloseSocket[0m] Close Socket
[2026-08-25 23:40:10.646] [info] [[94mControllerAndOtherEventHandler.cpp[0m:[95m239[0m [96moperator()[0m] Accepted new connection
[2026-08-25 23:40:10.651] [info] [[94mHttpSession.cpp[0m:[95m95[0m [96mhandleRequest[0m] Got request: GET /ndt/get_graph_data
[2026-08-25 23:40:10.651] [info] [[94mHttpSession.cpp[0m:[95m526[0m [96mhandleGetGraphData[0m] Handle Get Graph Data
[2026-08-25 23:40:10.721] [info] [[94mHttpSession.cpp[0m:[95m571[0m [96mhandleGetGraphData[0m] get_graph_data success
[2026-08-25 23:40:10.727] [info] [[94mHttpSession.cpp[0m:[95m397[0m [96mcloseSocket[0m] Close Socket
[2026-08-25 23:40:10.811] [info] [[94mControllerAndOtherEventHandler.cpp[0m:[95m239[0m [96moperator()[0m] Accepted new connection
[2026-08-25 23:40:10.812] [info] [[94mHttpSession.cpp[0m:[95m95[0m [96mhandleRequest[0m] Got request: GET /ndt/get_detected_flow_data
[2026-08-25 23:40:10.812] [info] [[94mHttpSession.cpp[0m:[95m577[0m [96mhandleGetDetectedFlowData[0m] Handle Get Detected Flow Data
[2026-08-25 23:40:10.817] [info] [[94mHttpSession.cpp[0m:[95m397[0m [96mcloseSocket[0m] Close Socket
[2026-08-25 23:40:12.893] [info] [[94mControllerAndOtherEventHandler.cpp[0m:[95m239[0m [96moperator()[0m] Accepted new connection
[2026-08-25 23:40:12.911] [info] [[94mHttpSession.cpp[0m:[95m95[0m [96mhandleRequest[0m] Got request: GET /ndt/get_graph_data
[2026-08-25 23:40:12.911] [info] [[94mHttpSession.cpp[0m:[95m526[0m [96mhandleGetGraphData[0m] Handle Get Graph Data
[2026-08-25 23:40:12.981] [info] [[94mHttpSession.cpp[0m:[95m571[0m [96mhandleGetGraphData[0m] get_graph_data success
[2026-08-25 23:40:12.991] [info] [[94mHttpSession.cpp[0m:[95m397[0m [96mcloseSocket[0m] Close Socket
[2026-08-25 23:40:13.110] [info] [[94mControllerAndOtherEventHandler.cpp[0m:[95m239[0m [96moperator()[0m] Accepted new connection
[2026-08-25 23:40:13.111] [info] [[94mHttpSession.cpp[0m:[95m95[0m [96mhandleRequest[0m] Got request: GET /ndt/get_detected_flow_data
[2026-08-25 23:40:13.111] [info] [[94mHttpSession.cpp[0m:[95m577[0m [96mhandleGetDetectedFlowData[0m] Handle Get Detected Flow Data
[2026-08-25 23:40:13.117] [info] [[94mHttpSession.cpp[0m:[95m397[0m [96mcloseSocket[0m] Close Socket
[2026-08-25 23:40:13.451] [info] [[94mFlowLinkUsageCollector.cpp[0m:[95m1781[0m [96mcalAvgFlowSendingRatesPeriodically[0m] rate loop period over 179 iterations: mean 1022.6 ms, min 1000.0, max 1087.5 (flows=16, counters=24) -- this is the denominator every published bps assumes is 1000
[2026-08-25 23:40:15.214] [info] [[94mControllerAndOtherEventHandler.cpp[0m:[95m239[0m [96moperator()[0m] Accepted new connection
[2026-08-25 23:40:15.217] [info] [[94mHttpSession.cpp[0m:[95m95[0m [96mhandleRequest[0m] Got request: GET /ndt/get_graph_data
[2026-08-25 23:40:15.217] [info] [[94mHttpSession.cpp[0m:[95m526[0m [96mhandleGetGraphData[0m] Handle Get Graph Data
[2026-08-25 23:40:15.268] [info] [[94mHttpSession.cpp[0m:[95m571[0m [96mhandleGetGraphData[0m] get_graph_data success
[2026-08-25 23:40:15.274] [info] [[94mHttpSession.cpp[0m:[95m397[0m [96mcloseSocket[0m] Close Socket
[2026-08-25 23:40:15.335] [info] [[94mControllerAndOtherEventHandler.cpp[0m:[95m239[0m [96moperator()[0m] Accepted new connection
[2026-08-25 23:40:15.335] [info] [[94mHttpSession.cpp[0m:[95m95[0m [96mhandleRequest[0m] Got request: GET /ndt/get_detected_flow_data
[2026-08-25 23:40:15.336] [info] [[94mHttpSession.cpp[0m:[95m577[0m [96mhandleGetDetectedFlowData[0m] Handle Get Detected Flow Data
[2026-08-25 23:40:15.344] [info] [[94mHttpSession.cpp[0m:[95m397[0m [96mcloseSocket[0m] Close Socket
[2026-08-25 23:40:17.409] [info] [[94mControllerAndOtherEventHandler.cpp[0m:[95m239[0m [96moperator()[0m] Accepted new connection
[2026-08-25 23:40:17.409] [info] [[94mHttpSession.cpp[0m:[95m95[0m [96mhandleRequest[0m] Got request: GET /ndt/get_graph_data
[2026-08-25 23:40:17.409] [info] [[94mHttpSession.cpp[0m:[95m526[0m [96mhandleGetGraphData[0m] Handle Get Graph Data
[2026-08-25 23:40:17.468] [info] [[94mHttpSession.cpp[0m:[95m571[0m [96mhandleGetGraphData[0m] get_graph_data success
[2026-08-25 23:40:17.484] [info] [[94mHttpSession.cpp[0m:[95m397[0m [96mcloseSocket[0m] Close Socket
[2026-08-25 23:40:17.581] [info] [[94mControllerAndOtherEventHandler.cpp[0m:[95m239[0m [96moperator()[0m] Accepted new connection
[2026-08-25 23:40:17.582] [info] [[94mHttpSession.cpp[0m:[95m95[0m [96mhandleRequest[0m] Got request: GET /ndt/get_detected_flow_data
[2026-08-25 23:40:17.582] [info] [[94mHttpSession.cpp[0m:[95m577[0m [96mhandleGetDetectedFlowData[0m] Handle Get Detected Flow Data
[2026-08-25 23:40:17.597] [info] [[94mHttpSession.cpp[0m:[95m397[0m [96mcloseSocket[0m] Close Socket
[2026-08-25 23:40:19.679] [info] [[94mControllerAndOtherEventHandler.cpp[0m:[95m239[0m [96moperator()[0m] Accepted new connection
[2026-08-25 23:40:19.680] [info] [[94mHttpSession.cpp[0m:[95m95[0m [96mhandleRequest[0m] Got request: GET /ndt/get_graph_data
[2026-08-25 23:40:19.680] [info] [[94mHttpSession.cpp[0m:[95m526[0m [96mhandleGetGraphData[0m] Handle Get Graph Data
[2026-08-25 23:40:19.783] [info] [[94mHttpSession.cpp[0m:[95m571[0m [96mhandleGetGraphData[0m] get_graph_data success
[2026-08-25 23:40:19.793] [info] [[94mHttpSession.cpp[0m:[95m397[0m [96mcloseSocket[0m] Close Socket
[2026-08-25 23:40:19.823] [info] [[94mControllerAndOtherEventHandler.cpp[0m:[95m239[0m [96moperator()[0m] Accepted new connection
[2026-08-25 23:40:19.823] [info] [[94mHttpSession.cpp[0m:[95m95[0m [96mhandleRequest[0m] Got request: GET /ndt/get_detected_flow_data
[2026-08-25 23:40:19.823] [info] [[94mHttpSession.cpp[0m:[95m577[0m [96mhandleGetDetectedFlowData[0m] Handle Get Detected Flow Data
[2026-08-25 23:40:19.831] [info] [[94mHttpSession.cpp[0m:[95m397[0m [96mcloseSocket[0m] Close Socket
[2026-08-25 23:40:20.866] [info] [[94mFlowLinkUsageCollector.cpp[0m:[95m2494[0m [96mfetchAllDestinationPaths[0m] Pulled 16256 paths from controller
[2026-08-25 23:40:21.955] [info] [[94mControllerAndOtherEventHandler.cpp[0m:[95m239[0m [96moperator()[0m] Accepted new connection
[2026-08-25 23:40:21.956] [info] [[94mHttpSession.cpp[0m:[95m95[0m [96mhandleRequest[0m] Got request: GET /ndt/get_graph_data
[2026-08-25 23:40:21.956] [info] [[94mHttpSession.cpp[0m:[95m526[0m [96mhandleGetGraphData[0m] Handle Get Graph Data
[2026-08-25 23:40:22.032] [info] [[94mHttpSession.cpp[0m:[95m571[0m [96mhandleGetGraphData[0m] get_graph_data success
[2026-08-25 23:40:22.040] [info] [[94mHttpSession.cpp[0m:[95m397[0m [96mcloseSocket[0m] Close Socket
[2026-08-25 23:40:22.123] [info] [[94mControllerAndOtherEventHandler.cpp[0m:[95m239[0m [96moperator()[0m] Accepted new connection
[2026-08-25 23:40:22.127] [info] [[94mHttpSession.cpp[0m:[95m95[0m [96mhandleRequest[0m] Got request: GET /ndt/get_detected_flow_data
[2026-08-25 23:40:22.127] [info] [[94mHttpSession.cpp[0m:[95m577[0m [96mhandleGetDetectedFlowData[0m] Handle Get Detected Flow Data
[2026-08-25 23:40:22.141] [info] [[94mHttpSession.cpp[0m:[95m397[0m [96mcloseSocket[0m] Close Socket
[2026-08-25 23:40:24.228] [info] [[94mControllerAndOtherEventHandler.cpp[0m:[95m239[0m [96moperator()[0m] Accepted new connection
[2026-08-25 23:40:24.228] [info] [[94mHttpSession.cpp[0m:[95m95[0m [96mhandleRequest[0m] Got request: GET /ndt/get_graph_data
[2026-08-25 23:40:24.228] [info] [[94mHttpSession.cpp[0m:[95m526[0m [96mhandleGetGraphData[0m] Handle Get Graph Data
[2026-08-25 23:40:24.396] [info] [[94mHttpSession.cpp[0m:[95m571[0m [96mhandleGetGraphData[0m] get_graph_data success
[2026-08-25 23:40:24.413] [info] [[94mHttpSession.cpp[0m:[95m397[0m [96mcloseSocket[0m] Close Socket
[2026-08-25 23:40:24.512] [info] [[94mControllerAndOtherEventHandler.cpp[0m:[95m239[0m [96moperator()[0m] Accepted new connection
[2026-08-25 23:40:24.512] [info] [[94mHttpSession.cpp[0m:[95m95[0m [96mhandleRequest[0m] Got request: GET /ndt/get_detected_flow_data
[2026-08-25 23:40:24.512] [info] [[94mHttpSession.cpp[0m:[95m577[0m [96mhandleGetDetectedFlowData[0m] Handle Get Detected Flow Data
[2026-08-25 23:40:24.529] [info] [[94mHttpSession.cpp[0m:[95m397[0m [96mcloseSocket[0m] Close Socket
[2026-08-25 23:40:26.637] [info] [[94mControllerAndOtherEventHandler.cpp[0m:[95m239[0m [96moperator()[0m] Accepted new connection
[2026-08-25 23:40:26.644] [info] [[94mHttpSession.cpp[0m:[95m95[0m [96mhandleRequest[0m] Got request: GET /ndt/get_graph_data
[2026-08-25 23:40:26.645] [info] [[94mHttpSession.cpp[0m:[95m526[0m [96mhandleGetGraphData[0m] Handle Get Graph Data
[2026-08-25 23:40:26.828] [info] [[94mHttpSession.cpp[0m:[95m571[0m [96mhandleGetGraphData[0m] get_graph_data success
[2026-08-25 23:40:26.858] [info] [[94mHttpSession.cpp[0m:[95m397[0m [96mcloseSocket[0m] Close Socket
[2026-08-25 23:40:26.978] [info] [[94mControllerAndOtherEventHandler.cpp[0m:[95m239[0m [96moperator()[0m] Accepted new connection
[2026-08-25 23:40:26.979] [info] [[94mHttpSession.cpp[0m:[95m95[0m [96mhandleRequest[0m] Got request: GET /ndt/get_detected_flow_data
[2026-08-25 23:40:26.980] [info] [[94mHttpSession.cpp[0m:[95m577[0m [96mhandleGetDetectedFlowData[0m] Handle Get Detected Flow Data
[2026-08-25 23:40:26.997] [info] [[94mHttpSession.cpp[0m:[95m397[0m [96mcloseSocket[0m] Close Socket
[2026-08-25 23:40:29.139] [info] [[94mControllerAndOtherEventHandler.cpp[0m:[95m239[0m [96moperator()[0m] Accepted new connection
[2026-08-25 23:40:29.143] [info] [[94mHttpSession.cpp[0m:[95m95[0m [96mhandleRequest[0m] Got request: GET /ndt/get_graph_data
[2026-08-25 23:40:29.143] [info] [[94mHttpSession.cpp[0m:[95m526[0m [96mhandleGetGraphData[0m] Handle Get Graph Data
[2026-08-25 23:40:29.511] [info] [[94mHttpSession.cpp[0m:[95m571[0m [96mhandleGetGraphData[0m] get_graph_data success
[2026-08-25 23:40:29.560] [info] [[94mHttpSession.cpp[0m:[95m397[0m [96mcloseSocket[0m] Close Socket
[2026-08-25 23:40:29.732] [info] [[94mControllerAndOtherEventHandler.cpp[0m:[95m239[0m [96moperator()[0m] Accepted new connection
[2026-08-25 23:40:29.736] [info] [[94mHttpSession.cpp[0m:[95m95[0m [96mhandleRequest[0m] Got request: GET /ndt/get_detected_flow_data
[2026-08-25 23:40:29.736] [info] [[94mHttpSession.cpp[0m:[95m577[0m [96mhandleGetDetectedFlowData[0m] Handle Get Detected Flow Data
[2026-08-25 23:40:29.758] [info] [[94mHttpSession.cpp[0m:[95m397[0m [96mcloseSocket[0m] Close Socket
[2026-08-25 23:40:31.853] [info] [[94mControllerAndOtherEventHandler.cpp[0m:[95m239[0m [96moperator()[0m] Accepted new connection
[2026-08-25 23:40:31.854] [info] [[94mHttpSession.cpp[0m:[95m95[0m [96mhandleRequest[0m] Got request: GET /ndt/get_graph_data
[2026-08-25 23:40:31.854] [info] [[94mHttpSession.cpp[0m:[95m526[0m [96mhandleGetGraphData[0m] Handle Get Graph Data
[2026-08-25 23:40:31.973] [info] [[94mHttpSession.cpp[0m:[95m571[0m [96mhandleGetGraphData[0m] get_graph_data success
[2026-08-25 23:40:31.993] [info] [[94mHttpSession.cpp[0m:[95m397[0m [96mcloseSocket[0m] Close Socket
[2026-08-25 23:40:32.057] [info] [[94mControllerAndOtherEventHandler.cpp[0m:[95m239[0m [96moperator()[0m] Accepted new connection
[2026-08-25 23:40:32.058] [info] [[94mHttpSession.cpp[0m:[95m95[0m [96mhandleRequest[0m] Got request: GET /ndt/get_detected_flow_data
[2026-08-25 23:40:32.058] [info] [[94mHttpSession.cpp[0m:[95m577[0m [96mhandleGetDetectedFlowData[0m] Handle Get Detected Flow Data
[2026-08-25 23:40:32.064] [info] [[94mHttpSession.cpp[0m:[95m397[0m [96mcloseSocket[0m] Close Socket
[2026-08-25 23:40:34.153] [info] [[94mControllerAndOtherEventHandler.cpp[0m:[95m239[0m [96moperator()[0m] Accepted new connection
[2026-08-25 23:40:34.153] [info] [[94mHttpSession.cpp[0m:[95m95[0m [96mhandleRequest[0m] Got request: GET /ndt/get_graph_data
[2026-08-25 23:40:34.153] [info] [[94mHttpSession.cpp[0m:[95m526[0m [96mhandleGetGraphData[0m] Handle Get Graph Data
[2026-08-25 23:40:34.203] [info] [[94mHttpSession.cpp[0m:[95m571[0m [96mhandleGetGraphData[0m] get_graph_data success
[2026-08-25 23:40:34.212] [info] [[94mHttpSession.cpp[0m:[95m397[0m [96mcloseSocket[0m] Close Socket
[2026-08-25 23:40:34.293] [info] [[94mControllerAndOtherEventHandler.cpp[0m:[95m239[0m [96moperator()[0m] Accepted new connection
[2026-08-25 23:40:34.294] [info] [[94mHttpSession.cpp[0m:[95m95[0m [96mhandleRequest[0m] Got request: GET /ndt/get_detected_flow_data
[2026-08-25 23:40:34.294] [info] [[94mHttpSession.cpp[0m:[95m577[0m [96mhandleGetDetectedFlowData[0m] Handle Get Detected Flow Data
[2026-08-25 23:40:34.301] [info] [[94mHttpSession.cpp[0m:[95m397[0m [96mcloseSocket[0m] Close Socket
[2026-08-25 23:40:36.360] [info] [[94mControllerAndOtherEventHandler.cpp[0m:[95m239[0m [96moperator()[0m] Accepted new connection
[2026-08-25 23:40:36.361] [info] [[94mHttpSession.cpp[0m:[95m95[0m [96mhandleRequest[0m] Got request: GET /ndt/get_graph_data
[2026-08-25 23:40:36.361] [info] [[94mHttpSession.cpp[0m:[95m526[0m [96mhandleGetGraphData[0m] Handle Get Graph Data
[2026-08-25 23:40:36.428] [info] [[94mHttpSession.cpp[0m:[95m571[0m [96mhandleGetGraphData[0m] get_graph_data success
[2026-08-25 23:40:36.440] [info] [[94mHttpSession.cpp[0m:[95m397[0m [96mcloseSocket[0m] Close Socket
[2026-08-25 23:40:36.530] [info] [[94mControllerAndOtherEventHandler.cpp[0m:[95m239[0m [96moperator()[0m] Accepted new connection
[2026-08-25 23:40:36.530] [info] [[94mHttpSession.cpp[0m:[95m95[0m [96mhandleRequest[0m] Got request: GET /ndt/get_detected_flow_data
[2026-08-25 23:40:36.530] [info] [[94mHttpSession.cpp[0m:[95m577[0m [96mhandleGetDetectedFlowData[0m] Handle Get Detected Flow Data
[2026-08-25 23:40:36.534] [info] [[94mHttpSession.cpp[0m:[95m397[0m [96mcloseSocket[0m] Close Socket
[2026-08-25 23:40:38.635] [info] [[94mControllerAndOtherEventHandler.cpp[0m:[95m239[0m [96moperator()[0m] Accepted new connection
[2026-08-25 23:40:38.638] [info] [[94mHttpSession.cpp[0m:[95m95[0m [96mhandleRequest[0m] Got request: GET /ndt/get_graph_data
[2026-08-25 23:40:38.639] [info] [[94mHttpSession.cpp[0m:[95m526[0m [96mhandleGetGraphData[0m] Handle Get Graph Data
[2026-08-25 23:40:38.890] [info] [[94mHttpSession.cpp[0m:[95m571[0m [96mhandleGetGraphData[0m] get_graph_data success
[2026-08-25 23:40:38.920] [info] [[94mHttpSession.cpp[0m:[95m397[0m [96mcloseSocket[0m] Close Socket
[2026-08-25 23:40:39.054] [info] [[94mControllerAndOtherEventHandler.cpp[0m:[95m239[0m [96moperator()[0m] Accepted new connection
[2026-08-25 23:40:39.054] [info] [[94mHttpSession.cpp[0m:[95m95[0m [96mhandleRequest[0m] Got request: GET /ndt/get_detected_flow_data
[2026-08-25 23:40:39.054] [info] [[94mHttpSession.cpp[0m:[95m577[0m [96mhandleGetDetectedFlowData[0m] Handle Get Detected Flow Data
[2026-08-25 23:40:39.084] [info] [[94mHttpSession.cpp[0m:[95m397[0m [96mcloseSocket[0m] Close Socket
[2026-08-25 23:40:41.172] [info] [[94mControllerAndOtherEventHandler.cpp[0m:[95m239[0m [96moperator()[0m] Accepted new connection
[2026-08-25 23:40:41.172] [info] [[94mHttpSession.cpp[0m:[95m95[0m [96mhandleRequest[0m] Got request: GET /ndt/get_graph_data
[2026-08-25 23:40:41.172] [info] [[94mHttpSession.cpp[0m:[95m526[0m [96mhandleGetGraphData[0m] Handle Get Graph Data
[2026-08-25 23:40:41.404] [info] [[94mHttpSession.cpp[0m:[95m571[0m [96mhandleGetGraphData[0m] get_graph_data success
[2026-08-25 23:40:41.436] [info] [[94mHttpSession.cpp[0m:[95m397[0m [96mcloseSocket[0m] Close Socket
[2026-08-25 23:40:41.494] [info] [[94mControllerAndOtherEventHandler.cpp[0m:[95m239[0m [96moperator()[0m] Accepted new connection
[2026-08-25 23:40:41.494] [info] [[94mHttpSession.cpp[0m:[95m95[0m [96mhandleRequest[0m] Got request: GET /ndt/get_detected_flow_data
[2026-08-25 23:40:41.494] [info] [[94mHttpSession.cpp[0m:[95m577[0m [96mhandleGetDetectedFlowData[0m] Handle Get Detected Flow Data
[2026-08-25 23:40:41.507] [info] [[94mHttpSession.cpp[0m:[95m397[0m [96mcloseSocket[0m] Close Socket
[2026-08-25 23:40:43.583] [info] [[94mControllerAndOtherEventHandler.cpp[0m:[95m239[0m [96moperator()[0m] Accepted new connection
[2026-08-25 23:40:43.583] [info] [[94mHttpSession.cpp[0m:[95m95[0m [96mhandleRequest[0m] Got request: GET /ndt/get_graph_data
[2026-08-25 23:40:43.583] [info] [[94mHttpSession.cpp[0m:[95m526[0m [96mhandleGetGraphData[0m] Handle Get Graph Data
[2026-08-25 23:40:43.816] [info] [[94mHttpSession.cpp[0m:[95m571[0m [96mhandleGetGraphData[0m] get_graph_data success
[2026-08-25 23:40:43.839] [info] [[94mHttpSession.cpp[0m:[95m397[0m [96mcloseSocket[0m] Close Socket
[2026-08-25 23:40:43.970] [info] [[94mControllerAndOtherEventHandler.cpp[0m:[95m239[0m [96moperator()[0m] Accepted new connection
[2026-08-25 23:40:43.970] [info] [[94mHttpSession.cpp[0m:[95m95[0m [96mhandleRequest[0m] Got request: GET /ndt/get_detected_flow_data
[2026-08-25 23:40:43.970] [info] [[94mHttpSession.cpp[0m:[95m577[0m [96mhandleGetDetectedFlowData[0m] Handle Get Detected Flow Data
[2026-08-25 23:40:43.992] [info] [[94mHttpSession.cpp[0m:[95m397[0m [96mcloseSocket[0m] Close Socket
[2026-08-25 23:40:44.947] [info] [[94mFlowLinkUsageCollector.cpp[0m:[95m1781[0m [96mcalAvgFlowSendingRatesPeriodically[0m] rate loop period over 209 iterations: mean 1026.5 ms, min 1000.0, max 1107.3 (flows=16, counters=24) -- this is the denominator every published bps assumes is 1000
[2026-08-25 23:40:46.036] [info] [[94mControllerAndOtherEventHandler.cpp[0m:[95m239[0m [96moperator()[0m] Accepted new connection
[2026-08-25 23:40:46.036] [info] [[94mHttpSession.cpp[0m:[95m95[0m [96mhandleRequest[0m] Got request: GET /ndt/get_graph_data
[2026-08-25 23:40:46.036] [info] [[94mHttpSession.cpp[0m:[95m526[0m [96mhandleGetGraphData[0m] Handle Get Graph Data
[2026-08-25 23:40:46.200] [info] [[94mHttpSession.cpp[0m:[95m571[0m [96mhandleGetGraphData[0m] get_graph_data success
[2026-08-25 23:40:46.219] [info] [[94mHttpSession.cpp[0m:[95m397[0m [96mcloseSocket[0m] Close Socket
[2026-08-25 23:40:46.271] [info] [[94mControllerAndOtherEventHandler.cpp[0m:[95m239[0m [96moperator()[0m] Accepted new connection
[2026-08-25 23:40:46.272] [info] [[94mHttpSession.cpp[0m:[95m95[0m [96mhandleRequest[0m] Got request: GET /ndt/get_detected_flow_data
[2026-08-25 23:40:46.273] [info] [[94mHttpSession.cpp[0m:[95m577[0m [96mhandleGetDetectedFlowData[0m] Handle Get Detected Flow Data
[2026-08-25 23:40:46.287] [info] [[94mHttpSession.cpp[0m:[95m397[0m [96mcloseSocket[0m] Close Socket
[2026-08-25 23:40:48.322] [info] [[94mControllerAndOtherEventHandler.cpp[0m:[95m239[0m [96moperator()[0m] Accepted new connection
[2026-08-25 23:40:48.322] [info] [[94mHttpSession.cpp[0m:[95m95[0m [96mhandleRequest[0m] Got request: GET /ndt/get_graph_data
[2026-08-25 23:40:48.322] [info] [[94mHttpSession.cpp[0m:[95m526[0m [96mhandleGetGraphData[0m] Handle Get Graph Data
[2026-08-25 23:40:48.378] [info] [[94mHttpSession.cpp[0m:[95m571[0m [96mhandleGetGraphData[0m] get_graph_data success
[2026-08-25 23:40:48.390] [info] [[94mHttpSession.cpp[0m:[95m397[0m [96mcloseSocket[0m] Close Socket
[2026-08-25 23:40:48.427] [info] [[94mControllerAndOtherEventHandler.cpp[0m:[95m239[0m [96moperator()[0m] Accepted new connection
[2026-08-25 23:40:48.427] [info] [[94mHttpSession.cpp[0m:[95m95[0m [96mhandleRequest[0m] Got request: GET /ndt/get_detected_flow_data
[2026-08-25 23:40:48.427] [info] [[94mHttpSession.cpp[0m:[95m577[0m [96mhandleGetDetectedFlowData[0m] Handle Get Detected Flow Data
[2026-08-25 23:40:48.432] [info] [[94mHttpSession.cpp[0m:[95m397[0m [96mcloseSocket[0m] Close Socket
[2026-08-25 23:40:50.480] [info] [[94mControllerAndOtherEventHandler.cpp[0m:[95m239[0m [96moperator()[0m] Accepted new connection
[2026-08-25 23:40:50.480] [info] [[94mHttpSession.cpp[0m:[95m95[0m [96mhandleRequest[0m] Got request: GET /ndt/get_graph_data
[2026-08-25 23:40:50.480] [info] [[94mHttpSession.cpp[0m:[95m526[0m [96mhandleGetGraphData[0m] Handle Get Graph Data
[2026-08-25 23:40:50.562] [info] [[94mHttpSession.cpp[0m:[95m571[0m [96mhandleGetGraphData[0m] get_graph_data success
[2026-08-25 23:40:50.574] [info] [[94mHttpSession.cpp[0m:[95m397[0m [96mcloseSocket[0m] Close Socket
[2026-08-25 23:40:50.630] [info] [[94mControllerAndOtherEventHandler.cpp[0m:[95m239[0m [96moperator()[0m] Accepted new connection
[2026-08-25 23:40:50.630] [info] [[94mHttpSession.cpp[0m:[95m95[0m [96mhandleRequest[0m] Got request: GET /ndt/get_detected_flow_data
[2026-08-25 23:40:50.630] [info] [[94mHttpSession.cpp[0m:[95m577[0m [96mhandleGetDetectedFlowData[0m] Handle Get Detected Flow Data
[2026-08-25 23:40:50.640] [info] [[94mHttpSession.cpp[0m:[95m397[0m [96mcloseSocket[0m] Close Socket
[2026-08-25 23:40:52.716] [info] [[94mControllerAndOtherEventHandler.cpp[0m:[95m239[0m [96moperator()[0m] Accepted new connection
[2026-08-25 23:40:52.718] [info] [[94mHttpSession.cpp[0m:[95m95[0m [96mhandleRequest[0m] Got request: GET /ndt/get_graph_data
[2026-08-25 23:40:52.718] [info] [[94mHttpSession.cpp[0m:[95m526[0m [96mhandleGetGraphData[0m] Handle Get Graph Data
[2026-08-25 23:40:52.839] [info] [[94mHttpSession.cpp[0m:[95m571[0m [96mhandleGetGraphData[0m] get_graph_data success
[2026-08-25 23:40:52.861] [info] [[94mHttpSession.cpp[0m:[95m397[0m [96mcloseSocket[0m] Close Socket
[2026-08-25 23:40:52.946] [info] [[94mControllerAndOtherEventHandler.cpp[0m:[95m239[0m [96moperator()[0m] Accepted new connection
[2026-08-25 23:40:52.949] [info] [[94mHttpSession.cpp[0m:[95m95[0m [96mhandleRequest[0m] Got request: GET /ndt/get_detected_flow_data
[2026-08-25 23:40:52.949] [info] [[94mHttpSession.cpp[0m:[95m577[0m [96mhandleGetDetectedFlowData[0m] Handle Get Detected Flow Data
[2026-08-25 23:40:52.962] [info] [[94mHttpSession.cpp[0m:[95m397[0m [96mcloseSocket[0m] Close Socket
[2026-08-25 23:40:55.042] [info] [[94mControllerAndOtherEventHandler.cpp[0m:[95m239[0m [96moperator()[0m] Accepted new connection
[2026-08-25 23:40:55.045] [info] [[94mHttpSession.cpp[0m:[95m95[0m [96mhandleRequest[0m] Got request: GET /ndt/get_graph_data
[2026-08-25 23:40:55.045] [info] [[94mHttpSession.cpp[0m:[95m526[0m [96mhandleGetGraphData[0m] Handle Get Graph Data
[2026-08-25 23:40:55.180] [info] [[94mHttpSession.cpp[0m:[95m571[0m [96mhandleGetGraphData[0m] get_graph_data success
[2026-08-25 23:40:55.201] [info] [[94mHttpSession.cpp[0m:[95m397[0m [96mcloseSocket[0m] Close Socket
[2026-08-25 23:40:55.263] [info] [[94mControllerAndOtherEventHandler.cpp[0m:[95m239[0m [96moperator()[0m] Accepted new connection
[2026-08-25 23:40:55.263] [info] [[94mHttpSession.cpp[0m:[95m95[0m [96mhandleRequest[0m] Got request: GET /ndt/get_detected_flow_data
[2026-08-25 23:40:55.264] [info] [[94mHttpSession.cpp[0m:[95m577[0m [96mhandleGetDetectedFlowData[0m] Handle Get Detected Flow Data
[2026-08-25 23:40:55.268] [info] [[94mHttpSession.cpp[0m:[95m397[0m [96mcloseSocket[0m] Close Socket
[2026-08-25 23:40:57.396] [info] [[94mControllerAndOtherEventHandler.cpp[0m:[95m239[0m [96moperator()[0m] Accepted new connection
[2026-08-25 23:40:57.396] [info] [[94mHttpSession.cpp[0m:[95m95[0m [96mhandleRequest[0m] Got request: GET /ndt/get_graph_data
[2026-08-25 23:40:57.396] [info] [[94mHttpSession.cpp[0m:[95m526[0m [96mhandleGetGraphData[0m] Handle Get Graph Data
[2026-08-25 23:40:57.491] [info] [[94mHttpSession.cpp[0m:[95m571[0m [96mhandleGetGraphData[0m] get_graph_data success
[2026-08-25 23:40:57.497] [info] [[94mHttpSession.cpp[0m:[95m397[0m [96mcloseSocket[0m] Close Socket
[2026-08-25 23:40:57.580] [info] [[94mControllerAndOtherEventHandler.cpp[0m:[95m239[0m [96moperator()[0m] Accepted new connection
[2026-08-25 23:40:57.580] [info] [[94mHttpSession.cpp[0m:[95m95[0m [96mhandleRequest[0m] Got request: GET /ndt/get_detected_flow_data
[2026-08-25 23:40:57.580] [info] [[94mHttpSession.cpp[0m:[95m577[0m [96mhandleGetDetectedFlowData[0m] Handle Get Detected Flow Data
[2026-08-25 23:40:57.592] [info] [[94mHttpSession.cpp[0m:[95m397[0m [96mcloseSocket[0m] Close Socket
[2026-08-25 23:40:59.714] [info] [[94mControllerAndOtherEventHandler.cpp[0m:[95m239[0m [96moperator()[0m] Accepted new connection
[2026-08-25 23:40:59.714] [info] [[94mHttpSession.cpp[0m:[95m95[0m [96mhandleRequest[0m] Got request: GET /ndt/get_graph_data
[2026-08-25 23:40:59.714] [info] [[94mHttpSession.cpp[0m:[95m526[0m [96mhandleGetGraphData[0m] Handle Get Graph Data
[2026-08-25 23:40:59.776] [info] [[94mHttpSession.cpp[0m:[95m571[0m [96mhandleGetGraphData[0m] get_graph_data success
[2026-08-25 23:40:59.796] [info] [[94mHttpSession.cpp[0m:[95m397[0m [96mcloseSocket[0m] Close Socket
[2026-08-25 23:40:59.899] [info] [[94mControllerAndOtherEventHandler.cpp[0m:[95m239[0m [96moperator()[0m] Accepted new connection
[2026-08-25 23:40:59.900] [info] [[94mHttpSession.cpp[0m:[95m95[0m [96mhandleRequest[0m] Got request: GET /ndt/get_detected_flow_data
[2026-08-25 23:40:59.900] [info] [[94mHttpSession.cpp[0m:[95m577[0m [96mhandleGetDetectedFlowData[0m] Handle Get Detected Flow Data
[2026-08-25 23:40:59.907] [info] [[94mHttpSession.cpp[0m:[95m397[0m [96mcloseSocket[0m] Close Socket
[2026-08-25 23:41:02.023] [info] [[94mControllerAndOtherEventHandler.cpp[0m:[95m239[0m [96moperator()[0m] Accepted new connection
[2026-08-25 23:41:02.023] [info] [[94mHttpSession.cpp[0m:[95m95[0m [96mhandleRequest[0m] Got request: GET /ndt/get_graph_data
[2026-08-25 23:41:02.023] [info] [[94mHttpSession.cpp[0m:[95m526[0m [96mhandleGetGraphData[0m] Handle Get Graph Data
[2026-08-25 23:41:02.144] [info] [[94mHttpSession.cpp[0m:[95m571[0m [96mhandleGetGraphData[0m] get_graph_data success
[2026-08-25 23:41:02.168] [info] [[94mHttpSession.cpp[0m:[95m397[0m [96mcloseSocket[0m] Close Socket
[2026-08-25 23:41:02.318] [info] [[94mControllerAndOtherEventHandler.cpp[0m:[95m239[0m [96moperator()[0m] Accepted new connection
[2026-08-25 23:41:02.318] [info] [[94mHttpSession.cpp[0m:[95m95[0m [96mhandleRequest[0m] Got request: GET /ndt/get_detected_flow_data
[2026-08-25 23:41:02.318] [info] [[94mHttpSession.cpp[0m:[95m577[0m [96mhandleGetDetectedFlowData[0m] Handle Get Detected Flow Data
[2026-08-25 23:41:02.328] [info] [[94mHttpSession.cpp[0m:[95m397[0m [96mcloseSocket[0m] Close Socket
[2026-08-25 23:41:04.430] [info] [[94mControllerAndOtherEventHandler.cpp[0m:[95m239[0m [96moperator()[0m] Accepted new connection
[2026-08-25 23:41:04.430] [info] [[94mHttpSession.cpp[0m:[95m95[0m [96mhandleRequest[0m] Got request: GET /ndt/get_graph_data
[2026-08-25 23:41:04.430] [info] [[94mHttpSession.cpp[0m:[95m526[0m [96mhandleGetGraphData[0m] Handle Get Graph Data
[2026-08-25 23:41:04.501] [info] [[94mHttpSession.cpp[0m:[95m571[0m [96mhandleGetGraphData[0m] get_graph_data success
[2026-08-25 23:41:04.515] [info] [[94mHttpSession.cpp[0m:[95m397[0m [96mcloseSocket[0m] Close Socket
[2026-08-25 23:41:04.589] [info] [[94mControllerAndOtherEventHandler.cpp[0m:[95m239[0m [96moperator()[0m] Accepted new connection
[2026-08-25 23:41:04.589] [info] [[94mHttpSession.cpp[0m:[95m95[0m [96mhandleRequest[0m] Got request: GET /ndt/get_detected_flow_data
[2026-08-25 23:41:04.589] [info] [[94mHttpSession.cpp[0m:[95m577[0m [96mhandleGetDetectedFlowData[0m] Handle Get Detected Flow Data
[2026-08-25 23:41:04.596] [info] [[94mHttpSession.cpp[0m:[95m397[0m [96mcloseSocket[0m] Close Socket
[2026-08-25 23:41:06.630] [info] [[94mControllerAndOtherEventHandler.cpp[0m:[95m239[0m [96moperator()[0m] Accepted new connection
[2026-08-25 23:41:06.631] [info] [[94mHttpSession.cpp[0m:[95m95[0m [96mhandleRequest[0m] Got request: GET /ndt/get_graph_data
[2026-08-25 23:41:06.631] [info] [[94mHttpSession.cpp[0m:[95m526[0m [96mhandleGetGraphData[0m] Handle Get Graph Data
[2026-08-25 23:41:06.676] [info] [[94mHttpSession.cpp[0m:[95m571[0m [96mhandleGetGraphData[0m] get_graph_data success
[2026-08-25 23:41:06.684] [info] [[94mHttpSession.cpp[0m:[95m397[0m [96mcloseSocket[0m] Close Socket
[2026-08-25 23:41:06.708] [info] [[94mControllerAndOtherEventHandler.cpp[0m:[95m239[0m [96moperator()[0m] Accepted new connection
[2026-08-25 23:41:06.712] [info] [[94mHttpSession.cpp[0m:[95m95[0m [96mhandleRequest[0m] Got request: GET /ndt/get_detected_flow_data
[2026-08-25 23:41:06.712] [info] [[94mHttpSession.cpp[0m:[95m577[0m [96mhandleGetDetectedFlowData[0m] Handle Get Detected Flow Data
[2026-08-25 23:41:06.714] [info] [[94mHttpSession.cpp[0m:[95m397[0m [96mcloseSocket[0m] Close Socket
[2026-08-25 23:41:08.822] [info] [[94mControllerAndOtherEventHandler.cpp[0m:[95m239[0m [96moperator()[0m] Accepted new connection
[2026-08-25 23:41:08.823] [info] [[94mHttpSession.cpp[0m:[95m95[0m [96mhandleRequest[0m] Got request: GET /ndt/get_graph_data
[2026-08-25 23:41:08.823] [info] [[94mHttpSession.cpp[0m:[95m526[0m [96mhandleGetGraphData[0m] Handle Get Graph Data
[2026-08-25 23:41:09.081] [info] [[94mHttpSession.cpp[0m:[95m571[0m [96mhandleGetGraphData[0m] get_graph_data success
[2026-08-25 23:41:09.118] [info] [[94mHttpSession.cpp[0m:[95m397[0m [96mcloseSocket[0m] Close Socket
[2026-08-25 23:41:09.234] [info] [[94mControllerAndOtherEventHandler.cpp[0m:[95m239[0m [96moperator()[0m] Accepted new connection
[2026-08-25 23:41:09.236] [info] [[94mHttpSession.cpp[0m:[95m95[0m [96mhandleRequest[0m] Got request: GET /ndt/get_detected_flow_data
[2026-08-25 23:41:09.236] [info] [[94mHttpSession.cpp[0m:[95m577[0m [96mhandleGetDetectedFlowData[0m] Handle Get Detected Flow Data
[2026-08-25 23:41:09.258] [info] [[94mHttpSession.cpp[0m:[95m397[0m [96mcloseSocket[0m] Close Socket
[2026-08-25 23:41:11.319] [info] [[94mControllerAndOtherEventHandler.cpp[0m:[95m239[0m [96moperator()[0m] Accepted new connection
[2026-08-25 23:41:11.319] [info] [[94mHttpSession.cpp[0m:[95m95[0m [96mhandleRequest[0m] Got request: GET /ndt/get_graph_data
[2026-08-25 23:41:11.319] [info] [[94mHttpSession.cpp[0m:[95m526[0m [96mhandleGetGraphData[0m] Handle Get Graph Data
[2026-08-25 23:41:11.379] [info] [[94mHttpSession.cpp[0m:[95m571[0m [96mhandleGetGraphData[0m] get_graph_data success
[2026-08-25 23:41:11.393] [info] [[94mHttpSession.cpp[0m:[95m397[0m [96mcloseSocket[0m] Close Socket
[2026-08-25 23:41:11.458] [info] [[94mControllerAndOtherEventHandler.cpp[0m:[95m239[0m [96moperator()[0m] Accepted new connection
[2026-08-25 23:41:11.458] [info] [[94mHttpSession.cpp[0m:[95m95[0m [96mhandleRequest[0m] Got request: GET /ndt/get_detected_flow_data
[2026-08-25 23:41:11.458] [info] [[94mHttpSession.cpp[0m:[95m577[0m [96mhandleGetDetectedFlowData[0m] Handle Get Detected Flow Data
[2026-08-25 23:41:11.468] [info] [[94mHttpSession.cpp[0m:[95m397[0m [96mcloseSocket[0m] Close Socket
[2026-08-25 23:41:13.581] [info] [[94mControllerAndOtherEventHandler.cpp[0m:[95m239[0m [96moperator()[0m] Accepted new connection
[2026-08-25 23:41:13.583] [info] [[94mHttpSession.cpp[0m:[95m95[0m [96mhandleRequest[0m] Got request: GET /ndt/get_graph_data
[2026-08-25 23:41:13.583] [info] [[94mHttpSession.cpp[0m:[95m526[0m [96mhandleGetGraphData[0m] Handle Get Graph Data
[2026-08-25 23:41:13.648] [info] [[94mHttpSession.cpp[0m:[95m571[0m [96mhandleGetGraphData[0m] get_graph_data success
[2026-08-25 23:41:13.658] [info] [[94mHttpSession.cpp[0m:[95m397[0m [96mcloseSocket[0m] Close Socket
[2026-08-25 23:41:13.746] [info] [[94mControllerAndOtherEventHandler.cpp[0m:[95m239[0m [96moperator()[0m] Accepted new connection
[2026-08-25 23:41:13.746] [info] [[94mHttpSession.cpp[0m:[95m95[0m [96mhandleRequest[0m] Got request: GET /ndt/get_detected_flow_data
[2026-08-25 23:41:13.746] [info] [[94mHttpSession.cpp[0m:[95m577[0m [96mhandleGetDetectedFlowData[0m] Handle Get Detected Flow Data
[2026-08-25 23:41:13.753] [info] [[94mHttpSession.cpp[0m:[95m397[0m [96mcloseSocket[0m] Close Socket
[2026-08-25 23:41:15.917] [info] [[94mControllerAndOtherEventHandler.cpp[0m:[95m239[0m [96moperator()[0m] Accepted new connection
[2026-08-25 23:41:15.920] [info] [[94mHttpSession.cpp[0m:[95m95[0m [96mhandleRequest[0m] Got request: GET /ndt/get_graph_data
[2026-08-25 23:41:15.920] [info] [[94mHttpSession.cpp[0m:[95m526[0m [96mhandleGetGraphData[0m] Handle Get Graph Data
[2026-08-25 23:41:16.130] [info] [[94mHttpSession.cpp[0m:[95m571[0m [96mhandleGetGraphData[0m] get_graph_data success
[2026-08-25 23:41:16.157] [info] [[94mHttpSession.cpp[0m:[95m397[0m [96mcloseSocket[0m] Close Socket
[2026-08-25 23:41:16.343] [info] [[94mControllerAndOtherEventHandler.cpp[0m:[95m239[0m [96moperator()[0m] Accepted new connection
[2026-08-25 23:41:16.343] [info] [[94mHttpSession.cpp[0m:[95m95[0m [96mhandleRequest[0m] Got request: GET /ndt/get_detected_flow_data
[2026-08-25 23:41:16.343] [info] [[94mHttpSession.cpp[0m:[95m577[0m [96mhandleGetDetectedFlowData[0m] Handle Get Detected Flow Data
[2026-08-25 23:41:16.368] [info] [[94mHttpSession.cpp[0m:[95m397[0m [96mcloseSocket[0m] Close Socket
[2026-08-25 23:41:16.428] [info] [[94mFlowLinkUsageCollector.cpp[0m:[95m1781[0m [96mcalAvgFlowSendingRatesPeriodically[0m] rate loop period over 239 iterations: mean 1029.4 ms, min 1000.0, max 1107.3 (flows=16, counters=24) -- this is the denominator every published bps assumes is 1000
[2026-08-25 23:41:18.584] [info] [[94mControllerAndOtherEventHandler.cpp[0m:[95m239[0m [96moperator()[0m] Accepted new connection
[2026-08-25 23:41:18.585] [info] [[94mHttpSession.cpp[0m:[95m95[0m [96mhandleRequest[0m] Got request: GET /ndt/get_graph_data
[2026-08-25 23:41:18.585] [info] [[94mHttpSession.cpp[0m:[95m526[0m [96mhandleGetGraphData[0m] Handle Get Graph Data
[2026-08-25 23:41:19.055] [info] [[94mHttpSession.cpp[0m:[95m571[0m [96mhandleGetGraphData[0m] get_graph_data success
[2026-08-25 23:41:19.099] [info] [[94mHttpSession.cpp[0m:[95m397[0m [96mcloseSocket[0m] Close Socket
[2026-08-25 23:41:19.281] [info] [[94mControllerAndOtherEventHandler.cpp[0m:[95m239[0m [96moperator()[0m] Accepted new connection
[2026-08-25 23:41:19.283] [info] [[94mHttpSession.cpp[0m:[95m95[0m [96mhandleRequest[0m] Got request: GET /ndt/get_detected_flow_data
[2026-08-25 23:41:19.283] [info] [[94mHttpSession.cpp[0m:[95m577[0m [96mhandleGetDetectedFlowData[0m] Handle Get Detected Flow Data
[2026-08-25 23:41:19.315] [info] [[94mHttpSession.cpp[0m:[95m397[0m [96mcloseSocket[0m] Close Socket
[2026-08-25 23:41:21.441] [info] [[94mControllerAndOtherEventHandler.cpp[0m:[95m239[0m [96moperator()[0m] Accepted new connection
[2026-08-25 23:41:21.444] [info] [[94mHttpSession.cpp[0m:[95m95[0m [96mhandleRequest[0m] Got request: GET /ndt/get_graph_data
[2026-08-25 23:41:21.444] [info] [[94mHttpSession.cpp[0m:[95m526[0m [96mhandleGetGraphData[0m] Handle Get Graph Data
[2026-08-25 23:41:21.675] [info] [[94mHttpSession.cpp[0m:[95m571[0m [96mhandleGetGraphData[0m] get_graph_data success
[2026-08-25 23:41:21.715] [info] [[94mHttpSession.cpp[0m:[95m397[0m [96mcloseSocket[0m] Close Socket
[2026-08-25 23:41:21.863] [info] [[94mControllerAndOtherEventHandler.cpp[0m:[95m239[0m [96moperator()[0m] Accepted new connection
[2026-08-25 23:41:21.869] [info] [[94mHttpSession.cpp[0m:[95m95[0m [96mhandleRequest[0m] Got request: GET /ndt/get_detected_flow_data
[2026-08-25 23:41:21.869] [info] [[94mHttpSession.cpp[0m:[95m577[0m [96mhandleGetDetectedFlowData[0m] Handle Get Detected Flow Data
[2026-08-25 23:41:21.890] [info] [[94mHttpSession.cpp[0m:[95m397[0m [96mcloseSocket[0m] Close Socket
[2026-08-25 23:41:23.345] [info] [[94mFlowLinkUsageCollector.cpp[0m:[95m2494[0m [96mfetchAllDestinationPaths[0m] Pulled 16256 paths from controller
[2026-08-25 23:41:24.035] [info] [[94mControllerAndOtherEventHandler.cpp[0m:[95m239[0m [96moperator()[0m] Accepted new connection
[2026-08-25 23:41:24.035] [info] [[94mHttpSession.cpp[0m:[95m95[0m [96mhandleRequest[0m] Got request: GET /ndt/get_graph_data
[2026-08-25 23:41:24.035] [info] [[94mHttpSession.cpp[0m:[95m526[0m [96mhandleGetGraphData[0m] Handle Get Graph Data
[2026-08-25 23:41:24.325] [info] [[94mHttpSession.cpp[0m:[95m571[0m [96mhandleGetGraphData[0m] get_graph_data success
[2026-08-25 23:41:24.361] [info] [[94mHttpSession.cpp[0m:[95m397[0m [96mcloseSocket[0m] Close Socket
[2026-08-25 23:41:24.496] [info] [[94mControllerAndOtherEventHandler.cpp[0m:[95m239[0m [96moperator()[0m] Accepted new connection
[2026-08-25 23:41:24.497] [info] [[94mHttpSession.cpp[0m:[95m95[0m [96mhandleRequest[0m] Got request: GET /ndt/get_detected_flow_data
[2026-08-25 23:41:24.497] [info] [[94mHttpSession.cpp[0m:[95m577[0m [96mhandleGetDetectedFlowData[0m] Handle Get Detected Flow Data
[2026-08-25 23:41:24.516] [info] [[94mHttpSession.cpp[0m:[95m397[0m [96mcloseSocket[0m] Close Socket
[2026-08-25 23:41:26.655] [info] [[94mControllerAndOtherEventHandler.cpp[0m:[95m239[0m [96moperator()[0m] Accepted new connection
[2026-08-25 23:41:26.657] [info] [[94mHttpSession.cpp[0m:[95m95[0m [96mhandleRequest[0m] Got request: GET /ndt/get_graph_data
[2026-08-25 23:41:26.657] [info] [[94mHttpSession.cpp[0m:[95m526[0m [96mhandleGetGraphData[0m] Handle Get Graph Data
[2026-08-25 23:41:26.958] [info] [[94mHttpSession.cpp[0m:[95m571[0m [96mhandleGetGraphData[0m] get_graph_data success
[2026-08-25 23:41:27.005] [info] [[94mHttpSession.cpp[0m:[95m397[0m [96mcloseSocket[0m] Close Socket
[2026-08-25 23:41:27.193] [info] [[94mControllerAndOtherEventHandler.cpp[0m:[95m239[0m [96moperator()[0m] Accepted new connection
[2026-08-25 23:41:27.194] [info] [[94mHttpSession.cpp[0m:[95m95[0m [96mhandleRequest[0m] Got request: GET /ndt/get_detected_flow_data
[2026-08-25 23:41:27.194] [info] [[94mHttpSession.cpp[0m:[95m577[0m [96mhandleGetDetectedFlowData[0m] Handle Get Detected Flow Data
[2026-08-25 23:41:27.234] [info] [[94mHttpSession.cpp[0m:[95m397[0m [96mcloseSocket[0m] Close Socket
[2026-08-25 23:41:29.451] [info] [[94mControllerAndOtherEventHandler.cpp[0m:[95m239[0m [96moperator()[0m] Accepted new connection
[2026-08-25 23:41:29.452] [info] [[94mHttpSession.cpp[0m:[95m95[0m [96mhandleRequest[0m] Got request: GET /ndt/get_graph_data
[2026-08-25 23:41:29.452] [info] [[94mHttpSession.cpp[0m:[95m526[0m [96mhandleGetGraphData[0m] Handle Get Graph Data
[2026-08-25 23:41:29.884] [info] [[94mHttpSession.cpp[0m:[95m571[0m [96mhandleGetGraphData[0m] get_graph_data success
[2026-08-25 23:41:29.942] [info] [[94mHttpSession.cpp[0m:[95m397[0m [96mcloseSocket[0m] Close Socket
[2026-08-25 23:41:30.112] [info] [[94mControllerAndOtherEventHandler.cpp[0m:[95m239[0m [96moperator()[0m] Accepted new connection
[2026-08-25 23:41:30.113] [info] [[94mHttpSession.cpp[0m:[95m95[0m [96mhandleRequest[0m] Got request: GET /ndt/get_detected_flow_data
[2026-08-25 23:41:30.113] [info] [[94mHttpSession.cpp[0m:[95m577[0m [96mhandleGetDetectedFlowData[0m] Handle Get Detected Flow Data
[2026-08-25 23:41:30.147] [info] [[94mHttpSession.cpp[0m:[95m397[0m [96mcloseSocket[0m] Close Socket
[2026-08-25 23:41:32.271] [info] [[94mControllerAndOtherEventHandler.cpp[0m:[95m239[0m [96moperator()[0m] Accepted new connection
[2026-08-25 23:41:32.273] [info] [[94mHttpSession.cpp[0m:[95m95[0m [96mhandleRequest[0m] Got request: GET /ndt/get_graph_data
[2026-08-25 23:41:32.274] [info] [[94mHttpSession.cpp[0m:[95m526[0m [96mhandleGetGraphData[0m] Handle Get Graph Data
[2026-08-25 23:41:32.478] [info] [[94mHttpSession.cpp[0m:[95m571[0m [96mhandleGetGraphData[0m] get_graph_data success
[2026-08-25 23:41:32.510] [info] [[94mHttpSession.cpp[0m:[95m397[0m [96mcloseSocket[0m] Close Socket
[2026-08-25 23:41:32.631] [info] [[94mControllerAndOtherEventHandler.cpp[0m:[95m239[0m [96moperator()[0m] Accepted new connection
[2026-08-25 23:41:32.631] [info] [[94mHttpSession.cpp[0m:[95m95[0m [96mhandleRequest[0m] Got request: GET /ndt/get_detected_flow_data
[2026-08-25 23:41:32.631] [info] [[94mHttpSession.cpp[0m:[95m577[0m [96mhandleGetDetectedFlowData[0m] Handle Get Detected Flow Data
[2026-08-25 23:41:32.655] [info] [[94mHttpSession.cpp[0m:[95m397[0m [96mcloseSocket[0m] Close Socket
[2026-08-25 23:41:34.803] [info] [[94mControllerAndOtherEventHandler.cpp[0m:[95m239[0m [96moperator()[0m] Accepted new connection
[2026-08-25 23:41:34.804] [info] [[94mHttpSession.cpp[0m:[95m95[0m [96mhandleRequest[0m] Got request: GET /ndt/get_graph_data
[2026-08-25 23:41:34.806] [info] [[94mHttpSession.cpp[0m:[95m526[0m [96mhandleGetGraphData[0m] Handle Get Graph Data
[2026-08-25 23:41:35.133] [info] [[94mHttpSession.cpp[0m:[95m571[0m [96mhandleGetGraphData[0m] get_graph_data success
[2026-08-25 23:41:35.187] [info] [[94mHttpSession.cpp[0m:[95m397[0m [96mcloseSocket[0m] Close Socket
[2026-08-25 23:41:35.346] [info] [[94mControllerAndOtherEventHandler.cpp[0m:[95m239[0m [96moperator()[0m] Accepted new connection
[2026-08-25 23:41:35.355] [info] [[94mHttpSession.cpp[0m:[95m95[0m [96mhandleRequest[0m] Got request: GET /ndt/get_detected_flow_data
[2026-08-25 23:41:35.355] [info] [[94mHttpSession.cpp[0m:[95m577[0m [96mhandleGetDetectedFlowData[0m] Handle Get Detected Flow Data
[2026-08-25 23:41:35.385] [info] [[94mHttpSession.cpp[0m:[95m397[0m [96mcloseSocket[0m] Close Socket
[2026-08-25 23:41:37.586] [info] [[94mControllerAndOtherEventHandler.cpp[0m:[95m239[0m [96moperator()[0m] Accepted new connection
[2026-08-25 23:41:37.602] [info] [[94mHttpSession.cpp[0m:[95m95[0m [96mhandleRequest[0m] Got request: GET /ndt/get_graph_data
[2026-08-25 23:41:37.602] [info] [[94mHttpSession.cpp[0m:[95m526[0m [96mhandleGetGraphData[0m] Handle Get Graph Data
[2026-08-25 23:41:37.906] [info] [[94mHttpSession.cpp[0m:[95m571[0m [96mhandleGetGraphData[0m] get_graph_data success
[2026-08-25 23:41:37.945] [info] [[94mHttpSession.cpp[0m:[95m397[0m [96mcloseSocket[0m] Close Socket
[2026-08-25 23:41:38.118] [info] [[94mControllerAndOtherEventHandler.cpp[0m:[95m239[0m [96moperator()[0m] Accepted new connection
[2026-08-25 23:41:38.118] [info] [[94mHttpSession.cpp[0m:[95m95[0m [96mhandleRequest[0m] Got request: GET /ndt/get_detected_flow_data
[2026-08-25 23:41:38.118] [info] [[94mHttpSession.cpp[0m:[95m577[0m [96mhandleGetDetectedFlowData[0m] Handle Get Detected Flow Data
[2026-08-25 23:41:38.143] [info] [[94mHttpSession.cpp[0m:[95m397[0m [96mcloseSocket[0m] Close Socket
[2026-08-25 23:41:40.272] [info] [[94mControllerAndOtherEventHandler.cpp[0m:[95m239[0m [96moperator()[0m] Accepted new connection
[2026-08-25 23:41:40.272] [info] [[94mHttpSession.cpp[0m:[95m95[0m [96mhandleRequest[0m] Got request: GET /ndt/get_graph_data
[2026-08-25 23:41:40.272] [info] [[94mHttpSession.cpp[0m:[95m526[0m [96mhandleGetGraphData[0m] Handle Get Graph Data
[2026-08-25 23:41:40.447] [info] [[94mHttpSession.cpp[0m:[95m571[0m [96mhandleGetGraphData[0m] get_graph_data success
[2026-08-25 23:41:40.480] [info] [[94mHttpSession.cpp[0m:[95m397[0m [96mcloseSocket[0m] Close Socket
[2026-08-25 23:41:40.562] [info] [[94mControllerAndOtherEventHandler.cpp[0m:[95m239[0m [96moperator()[0m] Accepted new connection
[2026-08-25 23:41:40.562] [info] [[94mHttpSession.cpp[0m:[95m95[0m [96mhandleRequest[0m] Got request: GET /ndt/get_detected_flow_data
[2026-08-25 23:41:40.562] [info] [[94mHttpSession.cpp[0m:[95m577[0m [96mhandleGetDetectedFlowData[0m] Handle Get Detected Flow Data
[2026-08-25 23:41:40.586] [info] [[94mHttpSession.cpp[0m:[95m397[0m [96mcloseSocket[0m] Close Socket
[2026-08-25 23:41:42.737] [info] [[94mControllerAndOtherEventHandler.cpp[0m:[95m239[0m [96moperator()[0m] Accepted new connection
[2026-08-25 23:41:42.743] [info] [[94mHttpSession.cpp[0m:[95m95[0m [96mhandleRequest[0m] Got request: GET /ndt/get_graph_data
[2026-08-25 23:41:42.743] [info] [[94mHttpSession.cpp[0m:[95m526[0m [96mhandleGetGraphData[0m] Handle Get Graph Data
[2026-08-25 23:41:42.999] [info] [[94mHttpSession.cpp[0m:[95m571[0m [96mhandleGetGraphData[0m] get_graph_data success
[2026-08-25 23:41:43.030] [info] [[94mHttpSession.cpp[0m:[95m397[0m [96mcloseSocket[0m] Close Socket
[2026-08-25 23:41:43.177] [info] [[94mControllerAndOtherEventHandler.cpp[0m:[95m239[0m [96moperator()[0m] Accepted new connection
[2026-08-25 23:41:43.178] [info] [[94mHttpSession.cpp[0m:[95m95[0m [96mhandleRequest[0m] Got request: GET /ndt/get_detected_flow_data
[2026-08-25 23:41:43.178] [info] [[94mHttpSession.cpp[0m:[95m577[0m [96mhandleGetDetectedFlowData[0m] Handle Get Detected Flow Data
[2026-08-25 23:41:43.206] [info] [[94mHttpSession.cpp[0m:[95m397[0m [96mcloseSocket[0m] Close Socket
[2026-08-25 23:41:45.384] [info] [[94mControllerAndOtherEventHandler.cpp[0m:[95m239[0m [96moperator()[0m] Accepted new connection
[2026-08-25 23:41:45.386] [info] [[94mHttpSession.cpp[0m:[95m95[0m [96mhandleRequest[0m] Got request: GET /ndt/get_graph_data
[2026-08-25 23:41:45.386] [info] [[94mHttpSession.cpp[0m:[95m526[0m [96mhandleGetGraphData[0m] Handle Get Graph Data
[2026-08-25 23:41:45.560] [info] [[94mHttpSession.cpp[0m:[95m571[0m [96mhandleGetGraphData[0m] get_graph_data success
[2026-08-25 23:41:45.586] [info] [[94mHttpSession.cpp[0m:[95m397[0m [96mcloseSocket[0m] Close Socket
[2026-08-25 23:41:45.664] [info] [[94mControllerAndOtherEventHandler.cpp[0m:[95m239[0m [96moperator()[0m] Accepted new connection
[2026-08-25 23:41:45.664] [info] [[94mHttpSession.cpp[0m:[95m95[0m [96mhandleRequest[0m] Got request: GET /ndt/get_detected_flow_data
[2026-08-25 23:41:45.664] [info] [[94mHttpSession.cpp[0m:[95m577[0m [96mhandleGetDetectedFlowData[0m] Handle Get Detected Flow Data
[2026-08-25 23:41:45.677] [info] [[94mHttpSession.cpp[0m:[95m397[0m [96mcloseSocket[0m] Close Socket
[2026-08-25 23:41:47.653] [info] [[94mFlowLinkUsageCollector.cpp[0m:[95m1781[0m [96mcalAvgFlowSendingRatesPeriodically[0m] rate loop period over 269 iterations: mean 1030.6 ms, min 1000.0, max 1107.3 (flows=16, counters=24) -- this is the denominator every published bps assumes is 1000
[2026-08-25 23:41:47.799] [info] [[94mControllerAndOtherEventHandler.cpp[0m:[95m239[0m [96moperator()[0m] Accepted new connection
[2026-08-25 23:41:47.799] [info] [[94mHttpSession.cpp[0m:[95m95[0m [96mhandleRequest[0m] Got request: GET /ndt/get_graph_data
[2026-08-25 23:41:47.799] [info] [[94mHttpSession.cpp[0m:[95m526[0m [96mhandleGetGraphData[0m] Handle Get Graph Data
[2026-08-25 23:41:48.044] [info] [[94mHttpSession.cpp[0m:[95m571[0m [96mhandleGetGraphData[0m] get_graph_data success
[2026-08-25 23:41:48.091] [info] [[94mHttpSession.cpp[0m:[95m397[0m [96mcloseSocket[0m] Close Socket
[2026-08-25 23:41:48.230] [info] [[94mControllerAndOtherEventHandler.cpp[0m:[95m239[0m [96moperator()[0m] Accepted new connection
[2026-08-25 23:41:48.231] [info] [[94mHttpSession.cpp[0m:[95m95[0m [96mhandleRequest[0m] Got request: GET /ndt/get_detected_flow_data
[2026-08-25 23:41:48.231] [info] [[94mHttpSession.cpp[0m:[95m577[0m [96mhandleGetDetectedFlowData[0m] Handle Get Detected Flow Data
[2026-08-25 23:41:48.266] [info] [[94mHttpSession.cpp[0m:[95m397[0m [96mcloseSocket[0m] Close Socket
[2026-08-25 23:41:50.443] [info] [[94mControllerAndOtherEventHandler.cpp[0m:[95m239[0m [96moperator()[0m] Accepted new connection
[2026-08-25 23:41:50.444] [info] [[94mHttpSession.cpp[0m:[95m95[0m [96mhandleRequest[0m] Got request: GET /ndt/get_graph_data
[2026-08-25 23:41:50.444] [info] [[94mHttpSession.cpp[0m:[95m526[0m [96mhandleGetGraphData[0m] Handle Get Graph Data
[2026-08-25 23:41:50.819] [info] [[94mHttpSession.cpp[0m:[95m571[0m [96mhandleGetGraphData[0m] get_graph_data success
[2026-08-25 23:41:50.863] [info] [[94mHttpSession.cpp[0m:[95m397[0m [96mcloseSocket[0m] Close Socket
[2026-08-25 23:41:50.989] [info] [[94mControllerAndOtherEventHandler.cpp[0m:[95m239[0m [96moperator()[0m] Accepted new connection
[2026-08-25 23:41:50.989] [info] [[94mHttpSession.cpp[0m:[95m95[0m [96mhandleRequest[0m] Got request: GET /ndt/get_detected_flow_data
[2026-08-25 23:41:50.989] [info] [[94mHttpSession.cpp[0m:[95m577[0m [96mhandleGetDetectedFlowData[0m] Handle Get Detected Flow Data
[2026-08-25 23:41:50.994] [info] [[94mHttpSession.cpp[0m:[95m397[0m [96mcloseSocket[0m] Close Socket
[2026-08-25 23:41:53.124] [info] [[94mControllerAndOtherEventHandler.cpp[0m:[95m239[0m [96moperator()[0m] Accepted new connection
[2026-08-25 23:41:53.124] [info] [[94mHttpSession.cpp[0m:[95m95[0m [96mhandleRequest[0m] Got request: GET /ndt/get_graph_data
[2026-08-25 23:41:53.124] [info] [[94mHttpSession.cpp[0m:[95m526[0m [96mhandleGetGraphData[0m] Handle Get Graph Data
[2026-08-25 23:41:53.210] [info] [[94mHttpSession.cpp[0m:[95m571[0m [96mhandleGetGraphData[0m] get_graph_data success
[2026-08-25 23:41:53.220] [info] [[94mHttpSession.cpp[0m:[95m397[0m [96mcloseSocket[0m] Close Socket
[2026-08-25 23:41:53.311] [info] [[94mControllerAndOtherEventHandler.cpp[0m:[95m239[0m [96moperator()[0m] Accepted new connection
[2026-08-25 23:41:53.312] [info] [[94mHttpSession.cpp[0m:[95m95[0m [96mhandleRequest[0m] Got request: GET /ndt/get_detected_flow_data
[2026-08-25 23:41:53.312] [info] [[94mHttpSession.cpp[0m:[95m577[0m [96mhandleGetDetectedFlowData[0m] Handle Get Detected Flow Data
[2026-08-25 23:41:53.319] [info] [[94mHttpSession.cpp[0m:[95m397[0m [96mcloseSocket[0m] Close Socket
[2026-08-25 23:41:55.454] [info] [[94mControllerAndOtherEventHandler.cpp[0m:[95m239[0m [96moperator()[0m] Accepted new connection
[2026-08-25 23:41:55.457] [info] [[94mHttpSession.cpp[0m:[95m95[0m [96mhandleRequest[0m] Got request: GET /ndt/get_graph_data
[2026-08-25 23:41:55.457] [info] [[94mHttpSession.cpp[0m:[95m526[0m [96mhandleGetGraphData[0m] Handle Get Graph Data
[2026-08-25 23:41:55.519] [info] [[94mHttpSession.cpp[0m:[95m571[0m [96mhandleGetGraphData[0m] get_graph_data success
[2026-08-25 23:41:55.533] [info] [[94mHttpSession.cpp[0m:[95m397[0m [96mcloseSocket[0m] Close Socket
[2026-08-25 23:41:55.645] [info] [[94mControllerAndOtherEventHandler.cpp[0m:[95m239[0m [96moperator()[0m] Accepted new connection
[2026-08-25 23:41:55.646] [info] [[94mHttpSession.cpp[0m:[95m95[0m [96mhandleRequest[0m] Got request: GET /ndt/get_detected_flow_data
[2026-08-25 23:41:55.646] [info] [[94mHttpSession.cpp[0m:[95m577[0m [96mhandleGetDetectedFlowData[0m] Handle Get Detected Flow Data
[2026-08-25 23:41:55.650] [info] [[94mHttpSession.cpp[0m:[95m397[0m [96mcloseSocket[0m] Close Socket
[2026-08-25 23:41:57.783] [info] [[94mControllerAndOtherEventHandler.cpp[0m:[95m239[0m [96moperator()[0m] Accepted new connection
[2026-08-25 23:41:57.783] [info] [[94mHttpSession.cpp[0m:[95m95[0m [96mhandleRequest[0m] Got request: GET /ndt/get_graph_data
[2026-08-25 23:41:57.783] [info] [[94mHttpSession.cpp[0m:[95m526[0m [96mhandleGetGraphData[0m] Handle Get Graph Data
[2026-08-25 23:41:57.894] [info] [[94mHttpSession.cpp[0m:[95m571[0m [96mhandleGetGraphData[0m] get_graph_data success
[2026-08-25 23:41:57.905] [info] [[94mHttpSession.cpp[0m:[95m397[0m [96mcloseSocket[0m] Close Socket
[2026-08-25 23:41:58.014] [info] [[94mControllerAndOtherEventHandler.cpp[0m:[95m239[0m [96moperator()[0m] Accepted new connection
[2026-08-25 23:41:58.015] [info] [[94mHttpSession.cpp[0m:[95m95[0m [96mhandleRequest[0m] Got request: GET /ndt/get_detected_flow_data
[2026-08-25 23:41:58.015] [info] [[94mHttpSession.cpp[0m:[95m577[0m [96mhandleGetDetectedFlowData[0m] Handle Get Detected Flow Data
[2026-08-25 23:41:58.020] [info] [[94mHttpSession.cpp[0m:[95m397[0m [96mcloseSocket[0m] Close Socket
[2026-08-25 23:42:00.226] [info] [[94mControllerAndOtherEventHandler.cpp[0m:[95m239[0m [96moperator()[0m] Accepted new connection
[2026-08-25 23:42:00.229] [info] [[94mHttpSession.cpp[0m:[95m95[0m [96mhandleRequest[0m] Got request: GET /ndt/get_graph_data
[2026-08-25 23:42:00.229] [info] [[94mHttpSession.cpp[0m:[95m526[0m [96mhandleGetGraphData[0m] Handle Get Graph Data
[2026-08-25 23:42:00.265] [info] [[94mHttpSession.cpp[0m:[95m571[0m [96mhandleGetGraphData[0m] get_graph_data success
[2026-08-25 23:42:00.270] [info] [[94mHttpSession.cpp[0m:[95m397[0m [96mcloseSocket[0m] Close Socket
[2026-08-25 23:42:00.372] [info] [[94mControllerAndOtherEventHandler.cpp[0m:[95m239[0m [96moperator()[0m] Accepted new connection
[2026-08-25 23:42:00.373] [info] [[94mHttpSession.cpp[0m:[95m95[0m [96mhandleRequest[0m] Got request: GET /ndt/get_detected_flow_data
[2026-08-25 23:42:00.373] [info] [[94mHttpSession.cpp[0m:[95m577[0m [96mhandleGetDetectedFlowData[0m] Handle Get Detected Flow Data
[2026-08-25 23:42:00.376] [info] [[94mHttpSession.cpp[0m:[95m397[0m [96mcloseSocket[0m] Close Socket
[2026-08-25 23:42:02.600] [info] [[94mControllerAndOtherEventHandler.cpp[0m:[95m239[0m [96moperator()[0m] Accepted new connection
[2026-08-25 23:42:02.602] [info] [[94mHttpSession.cpp[0m:[95m95[0m [96mhandleRequest[0m] Got request: GET /ndt/get_graph_data
[2026-08-25 23:42:02.602] [info] [[94mHttpSession.cpp[0m:[95m526[0m [96mhandleGetGraphData[0m] Handle Get Graph Data
[2026-08-25 23:42:02.643] [info] [[94mHttpSession.cpp[0m:[95m571[0m [96mhandleGetGraphData[0m] get_graph_data success
[2026-08-25 23:42:02.651] [info] [[94mHttpSession.cpp[0m:[95m397[0m [96mcloseSocket[0m] Close Socket
[2026-08-25 23:42:02.672] [info] [[94mControllerAndOtherEventHandler.cpp[0m:[95m239[0m [96moperator()[0m] Accepted new connection
[2026-08-25 23:42:02.673] [info] [[94mHttpSession.cpp[0m:[95m95[0m [96mhandleRequest[0m] Got request: GET /ndt/get_detected_flow_data
[2026-08-25 23:42:02.673] [info] [[94mHttpSession.cpp[0m:[95m577[0m [96mhandleGetDetectedFlowData[0m] Handle Get Detected Flow Data
[2026-08-25 23:42:02.677] [info] [[94mHttpSession.cpp[0m:[95m397[0m [96mcloseSocket[0m] Close Socket
[2026-08-25 23:42:04.771] [info] [[94mControllerAndOtherEventHandler.cpp[0m:[95m239[0m [96moperator()[0m] Accepted new connection
[2026-08-25 23:42:04.771] [info] [[94mHttpSession.cpp[0m:[95m95[0m [96mhandleRequest[0m] Got request: GET /ndt/get_graph_data
[2026-08-25 23:42:04.771] [info] [[94mHttpSession.cpp[0m:[95m526[0m [96mhandleGetGraphData[0m] Handle Get Graph Data
[2026-08-25 23:42:04.805] [info] [[94mHttpSession.cpp[0m:[95m571[0m [96mhandleGetGraphData[0m] get_graph_data success
[2026-08-25 23:42:04.809] [info] [[94mHttpSession.cpp[0m:[95m397[0m [96mcloseSocket[0m] Close Socket
[2026-08-25 23:42:04.945] [info] [[94mControllerAndOtherEventHandler.cpp[0m:[95m239[0m [96moperator()[0m] Accepted new connection
[2026-08-25 23:42:04.945] [info] [[94mHttpSession.cpp[0m:[95m95[0m [96mhandleRequest[0m] Got request: GET /ndt/get_detected_flow_data
[2026-08-25 23:42:04.945] [info] [[94mHttpSession.cpp[0m:[95m577[0m [96mhandleGetDetectedFlowData[0m] Handle Get Detected Flow Data
[2026-08-25 23:42:04.957] [info] [[94mHttpSession.cpp[0m:[95m397[0m [96mcloseSocket[0m] Close Socket
[2026-08-25 23:42:07.051] [info] [[94mControllerAndOtherEventHandler.cpp[0m:[95m239[0m [96moperator()[0m] Accepted new connection
[2026-08-25 23:42:07.055] [info] [[94mHttpSession.cpp[0m:[95m95[0m [96mhandleRequest[0m] Got request: GET /ndt/get_graph_data
[2026-08-25 23:42:07.055] [info] [[94mHttpSession.cpp[0m:[95m526[0m [96mhandleGetGraphData[0m] Handle Get Graph Data
[2026-08-25 23:42:07.103] [info] [[94mHttpSession.cpp[0m:[95m571[0m [96mhandleGetGraphData[0m] get_graph_data success
[2026-08-25 23:42:07.116] [info] [[94mHttpSession.cpp[0m:[95m397[0m [96mcloseSocket[0m] Close Socket
[2026-08-25 23:42:07.292] [info] [[94mControllerAndOtherEventHandler.cpp[0m:[95m239[0m [96moperator()[0m] Accepted new connection
[2026-08-25 23:42:07.292] [info] [[94mHttpSession.cpp[0m:[95m95[0m [96mhandleRequest[0m] Got request: GET /ndt/get_detected_flow_data
[2026-08-25 23:42:07.292] [info] [[94mHttpSession.cpp[0m:[95m577[0m [96mhandleGetDetectedFlowData[0m] Handle Get Detected Flow Data
[2026-08-25 23:42:07.296] [info] [[94mHttpSession.cpp[0m:[95m397[0m [96mcloseSocket[0m] Close Socket
[2026-08-25 23:42:09.460] [info] [[94mControllerAndOtherEventHandler.cpp[0m:[95m239[0m [96moperator()[0m] Accepted new connection
[2026-08-25 23:42:09.462] [info] [[94mHttpSession.cpp[0m:[95m95[0m [96mhandleRequest[0m] Got request: GET /ndt/get_graph_data
[2026-08-25 23:42:09.462] [info] [[94mHttpSession.cpp[0m:[95m526[0m [96mhandleGetGraphData[0m] Handle Get Graph Data
[2026-08-25 23:42:09.491] [info] [[94mHttpSession.cpp[0m:[95m571[0m [96mhandleGetGraphData[0m] get_graph_data success
[2026-08-25 23:42:09.498] [info] [[94mHttpSession.cpp[0m:[95m397[0m [96mcloseSocket[0m] Close Socket
[2026-08-25 23:42:09.654] [info] [[94mControllerAndOtherEventHandler.cpp[0m:[95m239[0m [96moperator()[0m] Accepted new connection
[2026-08-25 23:42:09.654] [info] [[94mHttpSession.cpp[0m:[95m95[0m [96mhandleRequest[0m] Got request: GET /ndt/get_detected_flow_data
[2026-08-25 23:42:09.654] [info] [[94mHttpSession.cpp[0m:[95m577[0m [96mhandleGetDetectedFlowData[0m] Handle Get Detected Flow Data
[2026-08-25 23:42:09.664] [info] [[94mHttpSession.cpp[0m:[95m397[0m [96mcloseSocket[0m] Close Socket
[2026-08-25 23:42:11.788] [info] [[94mControllerAndOtherEventHandler.cpp[0m:[95m239[0m [96moperator()[0m] Accepted new connection
[2026-08-25 23:42:11.789] [info] [[94mHttpSession.cpp[0m:[95m95[0m [96mhandleRequest[0m] Got request: GET /ndt/get_graph_data
[2026-08-25 23:42:11.789] [info] [[94mHttpSession.cpp[0m:[95m526[0m [96mhandleGetGraphData[0m] Handle Get Graph Data
[2026-08-25 23:42:11.843] [info] [[94mHttpSession.cpp[0m:[95m571[0m [96mhandleGetGraphData[0m] get_graph_data success
[2026-08-25 23:42:11.859] [info] [[94mHttpSession.cpp[0m:[95m397[0m [96mcloseSocket[0m] Close Socket
[2026-08-25 23:42:11.965] [info] [[94mControllerAndOtherEventHandler.cpp[0m:[95m239[0m [96moperator()[0m] Accepted new connection
[2026-08-25 23:42:11.966] [info] [[94mHttpSession.cpp[0m:[95m95[0m [96mhandleRequest[0m] Got request: GET /ndt/get_detected_flow_data
[2026-08-25 23:42:11.966] [info] [[94mHttpSession.cpp[0m:[95m577[0m [96mhandleGetDetectedFlowData[0m] Handle Get Detected Flow Data
[2026-08-25 23:42:11.970] [info] [[94mHttpSession.cpp[0m:[95m397[0m [96mcloseSocket[0m] Close Socket
[2026-08-25 23:42:14.097] [info] [[94mControllerAndOtherEventHandler.cpp[0m:[95m239[0m [96moperator()[0m] Accepted new connection
[2026-08-25 23:42:14.099] [info] [[94mHttpSession.cpp[0m:[95m95[0m [96mhandleRequest[0m] Got request: GET /ndt/get_graph_data
[2026-08-25 23:42:14.099] [info] [[94mHttpSession.cpp[0m:[95m526[0m [96mhandleGetGraphData[0m] Handle Get Graph Data
[2026-08-25 23:42:14.164] [info] [[94mHttpSession.cpp[0m:[95m571[0m [96mhandleGetGraphData[0m] get_graph_data success
[2026-08-25 23:42:14.179] [info] [[94mHttpSession.cpp[0m:[95m397[0m [96mcloseSocket[0m] Close Socket
[2026-08-25 23:42:14.315] [info] [[94mControllerAndOtherEventHandler.cpp[0m:[95m239[0m [96moperator()[0m] Accepted new connection
[2026-08-25 23:42:14.316] [info] [[94mHttpSession.cpp[0m:[95m95[0m [96mhandleRequest[0m] Got request: GET /ndt/get_detected_flow_data
[2026-08-25 23:42:14.316] [info] [[94mHttpSession.cpp[0m:[95m577[0m [96mhandleGetDetectedFlowData[0m] Handle Get Detected Flow Data
[2026-08-25 23:42:14.319] [info] [[94mHttpSession.cpp[0m:[95m397[0m [96mcloseSocket[0m] Close Socket
[2026-08-25 23:42:16.453] [info] [[94mControllerAndOtherEventHandler.cpp[0m:[95m239[0m [96moperator()[0m] Accepted new connection
[2026-08-25 23:42:16.454] [info] [[94mHttpSession.cpp[0m:[95m95[0m [96mhandleRequest[0m] Got request: GET /ndt/get_graph_data
[2026-08-25 23:42:16.454] [info] [[94mHttpSession.cpp[0m:[95m526[0m [96mhandleGetGraphData[0m] Handle Get Graph Data
[2026-08-25 23:42:16.538] [info] [[94mHttpSession.cpp[0m:[95m571[0m [96mhandleGetGraphData[0m] get_graph_data success
[2026-08-25 23:42:16.551] [info] [[94mHttpSession.cpp[0m:[95m397[0m [96mcloseSocket[0m] Close Socket
[2026-08-25 23:42:16.683] [info] [[94mControllerAndOtherEventHandler.cpp[0m:[95m239[0m [96moperator()[0m] Accepted new connection
[2026-08-25 23:42:16.685] [info] [[94mHttpSession.cpp[0m:[95m95[0m [96mhandleRequest[0m] Got request: GET /ndt/get_detected_flow_data
[2026-08-25 23:42:16.685] [info] [[94mHttpSession.cpp[0m:[95m577[0m [96mhandleGetDetectedFlowData[0m] Handle Get Detected Flow Data
[2026-08-25 23:42:16.691] [info] [[94mHttpSession.cpp[0m:[95m397[0m [96mcloseSocket[0m] Close Socket
[2026-08-25 23:42:18.783] [info] [[94mFlowLinkUsageCollector.cpp[0m:[95m1781[0m [96mcalAvgFlowSendingRatesPeriodically[0m] rate loop period over 299 iterations: mean 1031.3 ms, min 1000.0, max 1107.3 (flows=16, counters=24) -- this is the denominator every published bps assumes is 1000
[2026-08-25 23:42:18.822] [info] [[94mControllerAndOtherEventHandler.cpp[0m:[95m239[0m [96moperator()[0m] Accepted new connection
[2026-08-25 23:42:18.822] [info] [[94mHttpSession.cpp[0m:[95m95[0m [96mhandleRequest[0m] Got request: GET /ndt/get_graph_data
[2026-08-25 23:42:18.822] [info] [[94mHttpSession.cpp[0m:[95m526[0m [96mhandleGetGraphData[0m] Handle Get Graph Data
[2026-08-25 23:42:19.087] [info] [[94mHttpSession.cpp[0m:[95m571[0m [96mhandleGetGraphData[0m] get_graph_data success
[2026-08-25 23:42:19.122] [info] [[94mHttpSession.cpp[0m:[95m397[0m [96mcloseSocket[0m] Close Socket
[2026-08-25 23:42:19.269] [info] [[94mControllerAndOtherEventHandler.cpp[0m:[95m239[0m [96moperator()[0m] Accepted new connection
[2026-08-25 23:42:19.276] [info] [[94mHttpSession.cpp[0m:[95m95[0m [96mhandleRequest[0m] Got request: GET /ndt/get_detected_flow_data
[2026-08-25 23:42:19.276] [info] [[94mHttpSession.cpp[0m:[95m577[0m [96mhandleGetDetectedFlowData[0m] Handle Get Detected Flow Data
[2026-08-25 23:42:19.293] [info] [[94mHttpSession.cpp[0m:[95m397[0m [96mcloseSocket[0m] Close Socket
[2026-08-25 23:42:21.416] [info] [[94mControllerAndOtherEventHandler.cpp[0m:[95m239[0m [96moperator()[0m] Accepted new connection
[2026-08-25 23:42:21.422] [info] [[94mHttpSession.cpp[0m:[95m95[0m [96mhandleRequest[0m] Got request: GET /ndt/get_graph_data
[2026-08-25 23:42:21.422] [info] [[94mHttpSession.cpp[0m:[95m526[0m [96mhandleGetGraphData[0m] Handle Get Graph Data
[2026-08-25 23:42:21.478] [info] [[94mHttpSession.cpp[0m:[95m571[0m [96mhandleGetGraphData[0m] get_graph_data success
[2026-08-25 23:42:21.489] [info] [[94mHttpSession.cpp[0m:[95m397[0m [96mcloseSocket[0m] Close Socket
[2026-08-25 23:42:21.598] [info] [[94mControllerAndOtherEventHandler.cpp[0m:[95m239[0m [96moperator()[0m] Accepted new connection
[2026-08-25 23:42:21.599] [info] [[94mHttpSession.cpp[0m:[95m95[0m [96mhandleRequest[0m] Got request: GET /ndt/get_detected_flow_data
[2026-08-25 23:42:21.599] [info] [[94mHttpSession.cpp[0m:[95m577[0m [96mhandleGetDetectedFlowData[0m] Handle Get Detected Flow Data
[2026-08-25 23:42:21.604] [info] [[94mHttpSession.cpp[0m:[95m397[0m [96mcloseSocket[0m] Close Socket
[2026-08-25 23:42:23.739] [info] [[94mControllerAndOtherEventHandler.cpp[0m:[95m239[0m [96moperator()[0m] Accepted new connection
[2026-08-25 23:42:23.741] [info] [[94mHttpSession.cpp[0m:[95m95[0m [96mhandleRequest[0m] Got request: GET /ndt/get_graph_data
[2026-08-25 23:42:23.741] [info] [[94mHttpSession.cpp[0m:[95m526[0m [96mhandleGetGraphData[0m] Handle Get Graph Data
[2026-08-25 23:42:23.811] [info] [[94mHttpSession.cpp[0m:[95m571[0m [96mhandleGetGraphData[0m] get_graph_data success
[2026-08-25 23:42:23.819] [info] [[94mHttpSession.cpp[0m:[95m397[0m [96mcloseSocket[0m] Close Socket
[2026-08-25 23:42:23.942] [info] [[94mControllerAndOtherEventHandler.cpp[0m:[95m239[0m [96moperator()[0m] Accepted new connection
[2026-08-25 23:42:23.942] [info] [[94mHttpSession.cpp[0m:[95m95[0m [96mhandleRequest[0m] Got request: GET /ndt/get_detected_flow_data
[2026-08-25 23:42:23.942] [info] [[94mHttpSession.cpp[0m:[95m577[0m [96mhandleGetDetectedFlowData[0m] Handle Get Detected Flow Data
[2026-08-25 23:42:23.949] [info] [[94mHttpSession.cpp[0m:[95m397[0m [96mcloseSocket[0m] Close Socket
[2026-08-25 23:42:25.925] [info] [[94mFlowLinkUsageCollector.cpp[0m:[95m2494[0m [96mfetchAllDestinationPaths[0m] Pulled 16256 paths from controller
[2026-08-25 23:42:26.051] [info] [[94mControllerAndOtherEventHandler.cpp[0m:[95m239[0m [96moperator()[0m] Accepted new connection
[2026-08-25 23:42:26.052] [info] [[94mHttpSession.cpp[0m:[95m95[0m [96mhandleRequest[0m] Got request: GET /ndt/get_graph_data
[2026-08-25 23:42:26.053] [info] [[94mHttpSession.cpp[0m:[95m526[0m [96mhandleGetGraphData[0m] Handle Get Graph Data
[2026-08-25 23:42:26.210] [info] [[94mHttpSession.cpp[0m:[95m571[0m [96mhandleGetGraphData[0m] get_graph_data success
[2026-08-25 23:42:26.242] [info] [[94mHttpSession.cpp[0m:[95m397[0m [96mcloseSocket[0m] Close Socket
[2026-08-25 23:42:26.380] [info] [[94mControllerAndOtherEventHandler.cpp[0m:[95m239[0m [96moperator()[0m] Accepted new connection
[2026-08-25 23:42:26.383] [info] [[94mHttpSession.cpp[0m:[95m95[0m [96mhandleRequest[0m] Got request: GET /ndt/get_detected_flow_data
[2026-08-25 23:42:26.383] [info] [[94mHttpSession.cpp[0m:[95m577[0m [96mhandleGetDetectedFlowData[0m] Handle Get Detected Flow Data
[2026-08-25 23:42:26.396] [info] [[94mHttpSession.cpp[0m:[95m397[0m [96mcloseSocket[0m] Close Socket
[2026-08-25 23:42:28.549] [info] [[94mControllerAndOtherEventHandler.cpp[0m:[95m239[0m [96moperator()[0m] Accepted new connection
[2026-08-25 23:42:28.549] [info] [[94mHttpSession.cpp[0m:[95m95[0m [96mhandleRequest[0m] Got request: GET /ndt/get_graph_data
[2026-08-25 23:42:28.549] [info] [[94mHttpSession.cpp[0m:[95m526[0m [96mhandleGetGraphData[0m] Handle Get Graph Data
[2026-08-25 23:42:28.782] [info] [[94mHttpSession.cpp[0m:[95m571[0m [96mhandleGetGraphData[0m] get_graph_data success
[2026-08-25 23:42:28.824] [info] [[94mHttpSession.cpp[0m:[95m397[0m [96mcloseSocket[0m] Close Socket
[2026-08-25 23:42:28.972] [info] [[94mControllerAndOtherEventHandler.cpp[0m:[95m239[0m [96moperator()[0m] Accepted new connection
[2026-08-25 23:42:28.973] [info] [[94mHttpSession.cpp[0m:[95m95[0m [96mhandleRequest[0m] Got request: GET /ndt/get_detected_flow_data
[2026-08-25 23:42:28.973] [info] [[94mHttpSession.cpp[0m:[95m577[0m [96mhandleGetDetectedFlowData[0m] Handle Get Detected Flow Data
[2026-08-25 23:42:28.994] [info] [[94mHttpSession.cpp[0m:[95m397[0m [96mcloseSocket[0m] Close Socket
[2026-08-25 23:42:31.127] [info] [[94mControllerAndOtherEventHandler.cpp[0m:[95m239[0m [96moperator()[0m] Accepted new connection
[2026-08-25 23:42:31.127] [info] [[94mHttpSession.cpp[0m:[95m95[0m [96mhandleRequest[0m] Got request: GET /ndt/get_graph_data
[2026-08-25 23:42:31.127] [info] [[94mHttpSession.cpp[0m:[95m526[0m [96mhandleGetGraphData[0m] Handle Get Graph Data
[2026-08-25 23:42:31.323] [info] [[94mHttpSession.cpp[0m:[95m571[0m [96mhandleGetGraphData[0m] get_graph_data success
[2026-08-25 23:42:31.349] [info] [[94mHttpSession.cpp[0m:[95m397[0m [96mcloseSocket[0m] Close Socket
[2026-08-25 23:42:31.461] [info] [[94mControllerAndOtherEventHandler.cpp[0m:[95m239[0m [96moperator()[0m] Accepted new connection
[2026-08-25 23:42:31.461] [info] [[94mHttpSession.cpp[0m:[95m95[0m [96mhandleRequest[0m] Got request: GET /ndt/get_detected_flow_data
[2026-08-25 23:42:31.461] [info] [[94mHttpSession.cpp[0m:[95m577[0m [96mhandleGetDetectedFlowData[0m] Handle Get Detected Flow Data
[2026-08-25 23:42:31.482] [info] [[94mHttpSession.cpp[0m:[95m397[0m [96mcloseSocket[0m] Close Socket
[2026-08-25 23:42:33.562] [info] [[94mControllerAndOtherEventHandler.cpp[0m:[95m239[0m [96moperator()[0m] Accepted new connection
[2026-08-25 23:42:33.567] [info] [[94mHttpSession.cpp[0m:[95m95[0m [96mhandleRequest[0m] Got request: GET /ndt/get_graph_data
[2026-08-25 23:42:33.568] [info] [[94mHttpSession.cpp[0m:[95m526[0m [96mhandleGetGraphData[0m] Handle Get Graph Data
[2026-08-25 23:42:33.930] [info] [[94mHttpSession.cpp[0m:[95m571[0m [96mhandleGetGraphData[0m] get_graph_data success
[2026-08-25 23:42:33.965] [info] [[94mHttpSession.cpp[0m:[95m397[0m [96mcloseSocket[0m] Close Socket
[2026-08-25 23:42:34.088] [info] [[94mControllerAndOtherEventHandler.cpp[0m:[95m239[0m [96moperator()[0m] Accepted new connection
[2026-08-25 23:42:34.088] [info] [[94mHttpSession.cpp[0m:[95m95[0m [96mhandleRequest[0m] Got request: GET /ndt/get_detected_flow_data
[2026-08-25 23:42:34.089] [info] [[94mHttpSession.cpp[0m:[95m577[0m [96mhandleGetDetectedFlowData[0m] Handle Get Detected Flow Data
[2026-08-25 23:42:34.107] [info] [[94mHttpSession.cpp[0m:[95m397[0m [96mcloseSocket[0m] Close Socket
[2026-08-25 23:42:36.218] [info] [[94mControllerAndOtherEventHandler.cpp[0m:[95m239[0m [96moperator()[0m] Accepted new connection
[2026-08-25 23:42:36.219] [info] [[94mHttpSession.cpp[0m:[95m95[0m [96mhandleRequest[0m] Got request: GET /ndt/get_graph_data
[2026-08-25 23:42:36.219] [info] [[94mHttpSession.cpp[0m:[95m526[0m [96mhandleGetGraphData[0m] Handle Get Graph Data
[2026-08-25 23:42:36.427] [info] [[94mHttpSession.cpp[0m:[95m571[0m [96mhandleGetGraphData[0m] get_graph_data success
[2026-08-25 23:42:36.458] [info] [[94mHttpSession.cpp[0m:[95m397[0m [96mcloseSocket[0m] Close Socket
[2026-08-25 23:42:36.585] [info] [[94mControllerAndOtherEventHandler.cpp[0m:[95m239[0m [96moperator()[0m] Accepted new connection
[2026-08-25 23:42:36.586] [info] [[94mHttpSession.cpp[0m:[95m95[0m [96mhandleRequest[0m] Got request: GET /ndt/get_detected_flow_data
[2026-08-25 23:42:36.586] [info] [[94mHttpSession.cpp[0m:[95m577[0m [96mhandleGetDetectedFlowData[0m] Handle Get Detected Flow Data
[2026-08-25 23:42:36.606] [info] [[94mHttpSession.cpp[0m:[95m397[0m [96mcloseSocket[0m] Close Socket
[2026-08-25 23:42:38.723] [info] [[94mControllerAndOtherEventHandler.cpp[0m:[95m239[0m [96moperator()[0m] Accepted new connection
[2026-08-25 23:42:38.724] [info] [[94mHttpSession.cpp[0m:[95m95[0m [96mhandleRequest[0m] Got request: GET /ndt/get_graph_data
[2026-08-25 23:42:38.724] [info] [[94mHttpSession.cpp[0m:[95m526[0m [96mhandleGetGraphData[0m] Handle Get Graph Data
[2026-08-25 23:42:38.970] [info] [[94mHttpSession.cpp[0m:[95m571[0m [96mhandleGetGraphData[0m] get_graph_data success
[2026-08-25 23:42:38.993] [info] [[94mHttpSession.cpp[0m:[95m397[0m [96mcloseSocket[0m] Close Socket
[2026-08-25 23:42:39.112] [info] [[94mControllerAndOtherEventHandler.cpp[0m:[95m239[0m [96moperator()[0m] Accepted new connection
[2026-08-25 23:42:39.113] [info] [[94mHttpSession.cpp[0m:[95m95[0m [96mhandleRequest[0m] Got request: GET /ndt/get_detected_flow_data
[2026-08-25 23:42:39.113] [info] [[94mHttpSession.cpp[0m:[95m577[0m [96mhandleGetDetectedFlowData[0m] Handle Get Detected Flow Data
[2026-08-25 23:42:39.133] [info] [[94mHttpSession.cpp[0m:[95m397[0m [96mcloseSocket[0m] Close Socket
[2026-08-25 23:42:41.325] [info] [[94mControllerAndOtherEventHandler.cpp[0m:[95m239[0m [96moperator()[0m] Accepted new connection
[2026-08-25 23:42:41.328] [info] [[94mHttpSession.cpp[0m:[95m95[0m [96mhandleRequest[0m] Got request: GET /ndt/get_graph_data
[2026-08-25 23:42:41.328] [info] [[94mHttpSession.cpp[0m:[95m526[0m [96mhandleGetGraphData[0m] Handle Get Graph Data
[2026-08-25 23:42:41.674] [info] [[94mHttpSession.cpp[0m:[95m571[0m [96mhandleGetGraphData[0m] get_graph_data success
[2026-08-25 23:42:41.713] [info] [[94mHttpSession.cpp[0m:[95m397[0m [96mcloseSocket[0m] Close Socket
[2026-08-25 23:42:41.847] [info] [[94mControllerAndOtherEventHandler.cpp[0m:[95m239[0m [96moperator()[0m] Accepted new connection
[2026-08-25 23:42:41.851] [info] [[94mHttpSession.cpp[0m:[95m95[0m [96mhandleRequest[0m] Got request: GET /ndt/get_detected_flow_data
[2026-08-25 23:42:41.851] [info] [[94mHttpSession.cpp[0m:[95m577[0m [96mhandleGetDetectedFlowData[0m] Handle Get Detected Flow Data
[2026-08-25 23:42:41.881] [info] [[94mHttpSession.cpp[0m:[95m397[0m [96mcloseSocket[0m] Close Socket
[2026-08-25 23:42:44.062] [info] [[94mControllerAndOtherEventHandler.cpp[0m:[95m239[0m [96moperator()[0m] Accepted new connection
[2026-08-25 23:42:44.069] [info] [[94mHttpSession.cpp[0m:[95m95[0m [96mhandleRequest[0m] Got request: GET /ndt/get_graph_data
[2026-08-25 23:42:44.069] [info] [[94mHttpSession.cpp[0m:[95m526[0m [96mhandleGetGraphData[0m] Handle Get Graph Data
[2026-08-25 23:42:44.366] [info] [[94mHttpSession.cpp[0m:[95m571[0m [96mhandleGetGraphData[0m] get_graph_data success
[2026-08-25 23:42:44.403] [info] [[94mHttpSession.cpp[0m:[95m397[0m [96mcloseSocket[0m] Close Socket
[2026-08-25 23:42:44.547] [info] [[94mControllerAndOtherEventHandler.cpp[0m:[95m239[0m [96moperator()[0m] Accepted new connection
[2026-08-25 23:42:44.548] [info] [[94mHttpSession.cpp[0m:[95m95[0m [96mhandleRequest[0m] Got request: GET /ndt/get_detected_flow_data
[2026-08-25 23:42:44.548] [info] [[94mHttpSession.cpp[0m:[95m577[0m [96mhandleGetDetectedFlowData[0m] Handle Get Detected Flow Data
[2026-08-25 23:42:44.573] [info] [[94mHttpSession.cpp[0m:[95m397[0m [96mcloseSocket[0m] Close Socket
[2026-08-25 23:42:46.681] [info] [[94mControllerAndOtherEventHandler.cpp[0m:[95m239[0m [96moperator()[0m] Accepted new connection
[2026-08-25 23:42:46.686] [info] [[94mHttpSession.cpp[0m:[95m95[0m [96mhandleRequest[0m] Got request: GET /ndt/get_graph_data
[2026-08-25 23:42:46.686] [info] [[94mHttpSession.cpp[0m:[95m526[0m [96mhandleGetGraphData[0m] Handle Get Graph Data
[2026-08-25 23:42:46.908] [info] [[94mHttpSession.cpp[0m:[95m571[0m [96mhandleGetGraphData[0m] get_graph_data success
[2026-08-25 23:42:46.936] [info] [[94mHttpSession.cpp[0m:[95m397[0m [96mcloseSocket[0m] Close Socket
[2026-08-25 23:42:47.018] [info] [[94mControllerAndOtherEventHandler.cpp[0m:[95m239[0m [96moperator()[0m] Accepted new connection
[2026-08-25 23:42:47.019] [info] [[94mHttpSession.cpp[0m:[95m95[0m [96mhandleRequest[0m] Got request: GET /ndt/get_detected_flow_data
[2026-08-25 23:42:47.019] [info] [[94mHttpSession.cpp[0m:[95m577[0m [96mhandleGetDetectedFlowData[0m] Handle Get Detected Flow Data
[2026-08-25 23:42:47.039] [info] [[94mHttpSession.cpp[0m:[95m397[0m [96mcloseSocket[0m] Close Socket
[2026-08-25 23:42:49.096] [info] [[94mControllerAndOtherEventHandler.cpp[0m:[95m239[0m [96moperator()[0m] Accepted new connection
[2026-08-25 23:42:49.097] [info] [[94mHttpSession.cpp[0m:[95m95[0m [96mhandleRequest[0m] Got request: GET /ndt/get_graph_data
[2026-08-25 23:42:49.097] [info] [[94mHttpSession.cpp[0m:[95m526[0m [96mhandleGetGraphData[0m] Handle Get Graph Data
[2026-08-25 23:42:49.426] [info] [[94mHttpSession.cpp[0m:[95m571[0m [96mhandleGetGraphData[0m] get_graph_data success
[2026-08-25 23:42:49.456] [info] [[94mHttpSession.cpp[0m:[95m397[0m [96mcloseSocket[0m] Close Socket
[2026-08-25 23:42:49.560] [info] [[94mControllerAndOtherEventHandler.cpp[0m:[95m239[0m [96moperator()[0m] Accepted new connection
[2026-08-25 23:42:49.562] [info] [[94mHttpSession.cpp[0m:[95m95[0m [96mhandleRequest[0m] Got request: GET /ndt/get_detected_flow_data
[2026-08-25 23:42:49.563] [info] [[94mHttpSession.cpp[0m:[95m577[0m [96mhandleGetDetectedFlowData[0m] Handle Get Detected Flow Data
[2026-08-25 23:42:49.584] [info] [[94mHttpSession.cpp[0m:[95m397[0m [96mcloseSocket[0m] Close Socket
[2026-08-25 23:42:50.046] [info] [[94mFlowLinkUsageCollector.cpp[0m:[95m1781[0m [96mcalAvgFlowSendingRatesPeriodically[0m] rate loop period over 329 iterations: mean 1032.3 ms, min 1000.0, max 1107.3 (flows=16, counters=24) -- this is the denominator every published bps assumes is 1000
[2026-08-25 23:42:51.751] [info] [[94mControllerAndOtherEventHandler.cpp[0m:[95m239[0m [96moperator()[0m] Accepted new connection
[2026-08-25 23:42:51.752] [info] [[94mHttpSession.cpp[0m:[95m95[0m [96mhandleRequest[0m] Got request: GET /ndt/get_graph_data
[2026-08-25 23:42:51.752] [info] [[94mHttpSession.cpp[0m:[95m526[0m [96mhandleGetGraphData[0m] Handle Get Graph Data
[2026-08-25 23:42:52.087] [info] [[94mHttpSession.cpp[0m:[95m571[0m [96mhandleGetGraphData[0m] get_graph_data success
[2026-08-25 23:42:52.117] [info] [[94mHttpSession.cpp[0m:[95m397[0m [96mcloseSocket[0m] Close Socket
[2026-08-25 23:42:52.272] [info] [[94mControllerAndOtherEventHandler.cpp[0m:[95m239[0m [96moperator()[0m] Accepted new connection
[2026-08-25 23:42:52.273] [info] [[94mHttpSession.cpp[0m:[95m95[0m [96mhandleRequest[0m] Got request: GET /ndt/get_detected_flow_data
[2026-08-25 23:42:52.273] [info] [[94mHttpSession.cpp[0m:[95m577[0m [96mhandleGetDetectedFlowData[0m] Handle Get Detected Flow Data
[2026-08-25 23:42:52.300] [info] [[94mHttpSession.cpp[0m:[95m397[0m [96mcloseSocket[0m] Close Socket
[2026-08-25 23:42:54.496] [info] [[94mControllerAndOtherEventHandler.cpp[0m:[95m239[0m [96moperator()[0m] Accepted new connection
[2026-08-25 23:42:54.496] [info] [[94mHttpSession.cpp[0m:[95m95[0m [96mhandleRequest[0m] Got request: GET /ndt/get_graph_data
[2026-08-25 23:42:54.496] [info] [[94mHttpSession.cpp[0m:[95m526[0m [96mhandleGetGraphData[0m] Handle Get Graph Data
[2026-08-25 23:42:54.860] [info] [[94mHttpSession.cpp[0m:[95m571[0m [96mhandleGetGraphData[0m] get_graph_data success
[2026-08-25 23:42:54.912] [info] [[94mHttpSession.cpp[0m:[95m397[0m [96mcloseSocket[0m] Close Socket
[2026-08-25 23:42:55.093] [info] [[94mControllerAndOtherEventHandler.cpp[0m:[95m239[0m [96moperator()[0m] Accepted new connection
[2026-08-25 23:42:55.097] [info] [[94mHttpSession.cpp[0m:[95m95[0m [96mhandleRequest[0m] Got request: GET /ndt/get_detected_flow_data
[2026-08-25 23:42:55.097] [info] [[94mHttpSession.cpp[0m:[95m577[0m [96mhandleGetDetectedFlowData[0m] Handle Get Detected Flow Data
[2026-08-25 23:42:55.136] [info] [[94mHttpSession.cpp[0m:[95m397[0m [96mcloseSocket[0m] Close Socket
[2026-08-25 23:42:57.202] [info] [[94mControllerAndOtherEventHandler.cpp[0m:[95m239[0m [96moperator()[0m] Accepted new connection
[2026-08-25 23:42:57.202] [info] [[94mHttpSession.cpp[0m:[95m95[0m [96mhandleRequest[0m] Got request: GET /ndt/get_graph_data
[2026-08-25 23:42:57.203] [info] [[94mHttpSession.cpp[0m:[95m526[0m [96mhandleGetGraphData[0m] Handle Get Graph Data
[2026-08-25 23:42:57.261] [info] [[94mHttpSession.cpp[0m:[95m571[0m [96mhandleGetGraphData[0m] get_graph_data success
[2026-08-25 23:42:57.273] [info] [[94mHttpSession.cpp[0m:[95m397[0m [96mcloseSocket[0m] Close Socket
[2026-08-25 23:42:57.306] [info] [[94mControllerAndOtherEventHandler.cpp[0m:[95m239[0m [96moperator()[0m] Accepted new connection
[2026-08-25 23:42:57.307] [info] [[94mHttpSession.cpp[0m:[95m95[0m [96mhandleRequest[0m] Got request: GET /ndt/get_detected_flow_data
[2026-08-25 23:42:57.307] [info] [[94mHttpSession.cpp[0m:[95m577[0m [96mhandleGetDetectedFlowData[0m] Handle Get Detected Flow Data
[2026-08-25 23:42:57.309] [info] [[94mHttpSession.cpp[0m:[95m397[0m [96mcloseSocket[0m] Close Socket
[2026-08-25 23:42:59.430] [info] [[94mControllerAndOtherEventHandler.cpp[0m:[95m239[0m [96moperator()[0m] Accepted new connection
[2026-08-25 23:42:59.431] [info] [[94mHttpSession.cpp[0m:[95m95[0m [96mhandleRequest[0m] Got request: GET /ndt/get_graph_data
[2026-08-25 23:42:59.431] [info] [[94mHttpSession.cpp[0m:[95m526[0m [96mhandleGetGraphData[0m] Handle Get Graph Data
[2026-08-25 23:42:59.475] [info] [[94mHttpSession.cpp[0m:[95m571[0m [96mhandleGetGraphData[0m] get_graph_data success
[2026-08-25 23:42:59.487] [info] [[94mHttpSession.cpp[0m:[95m397[0m [96mcloseSocket[0m] Close Socket
[2026-08-25 23:42:59.645] [info] [[94mControllerAndOtherEventHandler.cpp[0m:[95m239[0m [96moperator()[0m] Accepted new connection
[2026-08-25 23:42:59.646] [info] [[94mHttpSession.cpp[0m:[95m95[0m [96mhandleRequest[0m] Got request: GET /ndt/get_detected_flow_data
[2026-08-25 23:42:59.646] [info] [[94mHttpSession.cpp[0m:[95m577[0m [96mhandleGetDetectedFlowData[0m] Handle Get Detected Flow Data
[2026-08-25 23:42:59.648] [info] [[94mHttpSession.cpp[0m:[95m397[0m [96mcloseSocket[0m] Close Socket
[2026-08-25 23:43:01.774] [info] [[94mControllerAndOtherEventHandler.cpp[0m:[95m239[0m [96moperator()[0m] Accepted new connection
[2026-08-25 23:43:01.775] [info] [[94mHttpSession.cpp[0m:[95m95[0m [96mhandleRequest[0m] Got request: GET /ndt/get_graph_data
[2026-08-25 23:43:01.775] [info] [[94mHttpSession.cpp[0m:[95m526[0m [96mhandleGetGraphData[0m] Handle Get Graph Data
[2026-08-25 23:43:01.842] [info] [[94mHttpSession.cpp[0m:[95m571[0m [96mhandleGetGraphData[0m] get_graph_data success
[2026-08-25 23:43:01.854] [info] [[94mHttpSession.cpp[0m:[95m397[0m [96mcloseSocket[0m] Close Socket
[2026-08-25 23:43:01.990] [info] [[94mControllerAndOtherEventHandler.cpp[0m:[95m239[0m [96moperator()[0m] Accepted new connection
[2026-08-25 23:43:01.991] [info] [[94mHttpSession.cpp[0m:[95m95[0m [96mhandleRequest[0m] Got request: GET /ndt/get_detected_flow_data
[2026-08-25 23:43:01.991] [info] [[94mHttpSession.cpp[0m:[95m577[0m [96mhandleGetDetectedFlowData[0m] Handle Get Detected Flow Data
[2026-08-25 23:43:01.999] [info] [[94mHttpSession.cpp[0m:[95m397[0m [96mcloseSocket[0m] Close Socket
[2026-08-25 23:43:04.100] [info] [[94mControllerAndOtherEventHandler.cpp[0m:[95m239[0m [96moperator()[0m] Accepted new connection
[2026-08-25 23:43:04.100] [info] [[94mHttpSession.cpp[0m:[95m95[0m [96mhandleRequest[0m] Got request: GET /ndt/get_graph_data
[2026-08-25 23:43:04.101] [info] [[94mHttpSession.cpp[0m:[95m526[0m [96mhandleGetGraphData[0m] Handle Get Graph Data
[2026-08-25 23:43:04.176] [info] [[94mHttpSession.cpp[0m:[95m571[0m [96mhandleGetGraphData[0m] get_graph_data success
[2026-08-25 23:43:04.185] [info] [[94mHttpSession.cpp[0m:[95m397[0m [96mcloseSocket[0m] Close Socket
[2026-08-25 23:43:04.268] [info] [[94mControllerAndOtherEventHandler.cpp[0m:[95m239[0m [96moperator()[0m] Accepted new connection
[2026-08-25 23:43:04.269] [info] [[94mHttpSession.cpp[0m:[95m95[0m [96mhandleRequest[0m] Got request: GET /ndt/get_detected_flow_data
[2026-08-25 23:43:04.269] [info] [[94mHttpSession.cpp[0m:[95m577[0m [96mhandleGetDetectedFlowData[0m] Handle Get Detected Flow Data
[2026-08-25 23:43:04.274] [info] [[94mHttpSession.cpp[0m:[95m397[0m [96mcloseSocket[0m] Close Socket
[2026-08-25 23:43:06.366] [info] [[94mControllerAndOtherEventHandler.cpp[0m:[95m239[0m [96moperator()[0m] Accepted new connection
[2026-08-25 23:43:06.366] [info] [[94mHttpSession.cpp[0m:[95m95[0m [96mhandleRequest[0m] Got request: GET /ndt/get_graph_data
[2026-08-25 23:43:06.366] [info] [[94mHttpSession.cpp[0m:[95m526[0m [96mhandleGetGraphData[0m] Handle Get Graph Data
[2026-08-25 23:43:06.451] [info] [[94mHttpSession.cpp[0m:[95m571[0m [96mhandleGetGraphData[0m] get_graph_data success
[2026-08-25 23:43:06.460] [info] [[94mHttpSession.cpp[0m:[95m397[0m [96mcloseSocket[0m] Close Socket
[2026-08-25 23:43:06.543] [info] [[94mControllerAndOtherEventHandler.cpp[0m:[95m239[0m [96moperator()[0m] Accepted new connection
[2026-08-25 23:43:06.545] [info] [[94mHttpSession.cpp[0m:[95m95[0m [96mhandleRequest[0m] Got request: GET /ndt/get_detected_flow_data
[2026-08-25 23:43:06.545] [info] [[94mHttpSession.cpp[0m:[95m577[0m [96mhandleGetDetectedFlowData[0m] Handle Get Detected Flow Data
[2026-08-25 23:43:06.549] [info] [[94mHttpSession.cpp[0m:[95m397[0m [96mcloseSocket[0m] Close Socket
[2026-08-25 23:43:08.691] [info] [[94mControllerAndOtherEventHandler.cpp[0m:[95m239[0m [96moperator()[0m] Accepted new connection
[2026-08-25 23:43:08.691] [info] [[94mHttpSession.cpp[0m:[95m95[0m [96mhandleRequest[0m] Got request: GET /ndt/get_graph_data
[2026-08-25 23:43:08.691] [info] [[94mHttpSession.cpp[0m:[95m526[0m [96mhandleGetGraphData[0m] Handle Get Graph Data
[2026-08-25 23:43:08.787] [info] [[94mHttpSession.cpp[0m:[95m571[0m [96mhandleGetGraphData[0m] get_graph_data success
[2026-08-25 23:43:08.805] [info] [[94mHttpSession.cpp[0m:[95m397[0m [96mcloseSocket[0m] Close Socket
[2026-08-25 23:43:08.932] [info] [[94mControllerAndOtherEventHandler.cpp[0m:[95m239[0m [96moperator()[0m] Accepted new connection
[2026-08-25 23:43:08.935] [info] [[94mHttpSession.cpp[0m:[95m95[0m [96mhandleRequest[0m] Got request: GET /ndt/get_detected_flow_data
[2026-08-25 23:43:08.935] [info] [[94mHttpSession.cpp[0m:[95m577[0m [96mhandleGetDetectedFlowData[0m] Handle Get Detected Flow Data
[2026-08-25 23:43:08.942] [info] [[94mHttpSession.cpp[0m:[95m397[0m [96mcloseSocket[0m] Close Socket
[2026-08-25 23:43:11.060] [info] [[94mControllerAndOtherEventHandler.cpp[0m:[95m239[0m [96moperator()[0m] Accepted new connection
[2026-08-25 23:43:11.060] [info] [[94mHttpSession.cpp[0m:[95m95[0m [96mhandleRequest[0m] Got request: GET /ndt/get_graph_data
[2026-08-25 23:43:11.060] [info] [[94mHttpSession.cpp[0m:[95m526[0m [96mhandleGetGraphData[0m] Handle Get Graph Data
[2026-08-25 23:43:11.111] [info] [[94mHttpSession.cpp[0m:[95m571[0m [96mhandleGetGraphData[0m] get_graph_data success
[2026-08-25 23:43:11.131] [info] [[94mHttpSession.cpp[0m:[95m397[0m [96mcloseSocket[0m] Close Socket
[2026-08-25 23:43:11.317] [info] [[94mControllerAndOtherEventHandler.cpp[0m:[95m239[0m [96moperator()[0m] Accepted new connection
[2026-08-25 23:43:11.319] [info] [[94mHttpSession.cpp[0m:[95m95[0m [96mhandleRequest[0m] Got request: GET /ndt/get_detected_flow_data
[2026-08-25 23:43:11.319] [info] [[94mHttpSession.cpp[0m:[95m577[0m [96mhandleGetDetectedFlowData[0m] Handle Get Detected Flow Data
[2026-08-25 23:43:11.351] [info] [[94mHttpSession.cpp[0m:[95m397[0m [96mcloseSocket[0m] Close Socket
[2026-08-25 23:43:13.451] [info] [[94mControllerAndOtherEventHandler.cpp[0m:[95m239[0m [96moperator()[0m] Accepted new connection
[2026-08-25 23:43:13.451] [info] [[94mHttpSession.cpp[0m:[95m95[0m [96mhandleRequest[0m] Got request: GET /ndt/get_graph_data
[2026-08-25 23:43:13.451] [info] [[94mHttpSession.cpp[0m:[95m526[0m [96mhandleGetGraphData[0m] Handle Get Graph Data
[2026-08-25 23:43:13.729] [info] [[94mHttpSession.cpp[0m:[95m571[0m [96mhandleGetGraphData[0m] get_graph_data success
[2026-08-25 23:43:13.766] [info] [[94mHttpSession.cpp[0m:[95m397[0m [96mcloseSocket[0m] Close Socket
[2026-08-25 23:43:13.897] [info] [[94mControllerAndOtherEventHandler.cpp[0m:[95m239[0m [96moperator()[0m] Accepted new connection
[2026-08-25 23:43:13.898] [info] [[94mHttpSession.cpp[0m:[95m95[0m [96mhandleRequest[0m] Got request: GET /ndt/get_detected_flow_data
[2026-08-25 23:43:13.898] [info] [[94mHttpSession.cpp[0m:[95m577[0m [96mhandleGetDetectedFlowData[0m] Handle Get Detected Flow Data
[2026-08-25 23:43:13.922] [info] [[94mHttpSession.cpp[0m:[95m397[0m [96mcloseSocket[0m] Close Socket
[2026-08-25 23:43:16.012] [info] [[94mControllerAndOtherEventHandler.cpp[0m:[95m239[0m [96moperator()[0m] Accepted new connection
[2026-08-25 23:43:16.012] [info] [[94mHttpSession.cpp[0m:[95m95[0m [96mhandleRequest[0m] Got request: GET /ndt/get_graph_data
[2026-08-25 23:43:16.012] [info] [[94mHttpSession.cpp[0m:[95m526[0m [96mhandleGetGraphData[0m] Handle Get Graph Data
[2026-08-25 23:43:16.255] [info] [[94mHttpSession.cpp[0m:[95m571[0m [96mhandleGetGraphData[0m] get_graph_data success
[2026-08-25 23:43:16.285] [info] [[94mHttpSession.cpp[0m:[95m397[0m [96mcloseSocket[0m] Close Socket
[2026-08-25 23:43:16.430] [info] [[94mControllerAndOtherEventHandler.cpp[0m:[95m239[0m [96moperator()[0m] Accepted new connection
[2026-08-25 23:43:16.430] [info] [[94mHttpSession.cpp[0m:[95m95[0m [96mhandleRequest[0m] Got request: GET /ndt/get_detected_flow_data
[2026-08-25 23:43:16.430] [info] [[94mHttpSession.cpp[0m:[95m577[0m [96mhandleGetDetectedFlowData[0m] Handle Get Detected Flow Data
[2026-08-25 23:43:16.450] [info] [[94mHttpSession.cpp[0m:[95m397[0m [96mcloseSocket[0m] Close Socket
[2026-08-25 23:43:18.617] [info] [[94mControllerAndOtherEventHandler.cpp[0m:[95m239[0m [96moperator()[0m] Accepted new connection
[2026-08-25 23:43:18.619] [info] [[94mHttpSession.cpp[0m:[95m95[0m [96mhandleRequest[0m] Got request: GET /ndt/get_graph_data
[2026-08-25 23:43:18.619] [info] [[94mHttpSession.cpp[0m:[95m526[0m [96mhandleGetGraphData[0m] Handle Get Graph Data
[2026-08-25 23:43:18.862] [info] [[94mHttpSession.cpp[0m:[95m571[0m [96mhandleGetGraphData[0m] get_graph_data success
[2026-08-25 23:43:18.893] [info] [[94mHttpSession.cpp[0m:[95m397[0m [96mcloseSocket[0m] Close Socket
[2026-08-25 23:43:19.059] [info] [[94mControllerAndOtherEventHandler.cpp[0m:[95m239[0m [96moperator()[0m] Accepted new connection
[2026-08-25 23:43:19.059] [info] [[94mHttpSession.cpp[0m:[95m95[0m [96mhandleRequest[0m] Got request: GET /ndt/get_detected_flow_data
[2026-08-25 23:43:19.059] [info] [[94mHttpSession.cpp[0m:[95m577[0m [96mhandleGetDetectedFlowData[0m] Handle Get Detected Flow Data
[2026-08-25 23:43:19.086] [info] [[94mHttpSession.cpp[0m:[95m397[0m [96mcloseSocket[0m] Close Socket
[2026-08-25 23:43:21.196] [info] [[94mControllerAndOtherEventHandler.cpp[0m:[95m239[0m [96moperator()[0m] Accepted new connection
[2026-08-25 23:43:21.196] [info] [[94mHttpSession.cpp[0m:[95m95[0m [96mhandleRequest[0m] Got request: GET /ndt/get_graph_data
[2026-08-25 23:43:21.196] [info] [[94mHttpSession.cpp[0m:[95m526[0m [96mhandleGetGraphData[0m] Handle Get Graph Data
[2026-08-25 23:43:21.334] [info] [[94mHttpSession.cpp[0m:[95m571[0m [96mhandleGetGraphData[0m] get_graph_data success
[2026-08-25 23:43:21.354] [info] [[94mHttpSession.cpp[0m:[95m397[0m [96mcloseSocket[0m] Close Socket
[2026-08-25 23:43:21.369] [info] [[94mFlowLinkUsageCollector.cpp[0m:[95m1781[0m [96mcalAvgFlowSendingRatesPeriodically[0m] rate loop period over 359 iterations: mean 1033.3 ms, min 1000.0, max 1107.3 (flows=16, counters=24) -- this is the denominator every published bps assumes is 1000
[2026-08-25 23:43:21.400] [info] [[94mControllerAndOtherEventHandler.cpp[0m:[95m239[0m [96moperator()[0m] Accepted new connection
[2026-08-25 23:43:21.402] [info] [[94mHttpSession.cpp[0m:[95m95[0m [96mhandleRequest[0m] Got request: GET /ndt/get_detected_flow_data
[2026-08-25 23:43:21.402] [info] [[94mHttpSession.cpp[0m:[95m577[0m [96mhandleGetDetectedFlowData[0m] Handle Get Detected Flow Data
[2026-08-25 23:43:21.413] [info] [[94mHttpSession.cpp[0m:[95m397[0m [96mcloseSocket[0m] Close Socket
[2026-08-25 23:43:23.536] [info] [[94mControllerAndOtherEventHandler.cpp[0m:[95m239[0m [96moperator()[0m] Accepted new connection
[2026-08-25 23:43:23.538] [info] [[94mHttpSession.cpp[0m:[95m95[0m [96mhandleRequest[0m] Got request: GET /ndt/get_graph_data
[2026-08-25 23:43:23.538] [info] [[94mHttpSession.cpp[0m:[95m526[0m [96mhandleGetGraphData[0m] Handle Get Graph Data
[2026-08-25 23:43:23.764] [info] [[94mHttpSession.cpp[0m:[95m571[0m [96mhandleGetGraphData[0m] get_graph_data success
[2026-08-25 23:43:23.798] [info] [[94mHttpSession.cpp[0m:[95m397[0m [96mcloseSocket[0m] Close Socket
[2026-08-25 23:43:23.970] [info] [[94mControllerAndOtherEventHandler.cpp[0m:[95m239[0m [96moperator()[0m] Accepted new connection
[2026-08-25 23:43:23.973] [info] [[94mHttpSession.cpp[0m:[95m95[0m [96mhandleRequest[0m] Got request: GET /ndt/get_detected_flow_data
[2026-08-25 23:43:23.973] [info] [[94mHttpSession.cpp[0m:[95m577[0m [96mhandleGetDetectedFlowData[0m] Handle Get Detected Flow Data
[2026-08-25 23:43:24.011] [info] [[94mHttpSession.cpp[0m:[95m397[0m [96mcloseSocket[0m] Close Socket
[2026-08-25 23:43:26.136] [info] [[94mControllerAndOtherEventHandler.cpp[0m:[95m239[0m [96moperator()[0m] Accepted new connection
[2026-08-25 23:43:26.144] [info] [[94mHttpSession.cpp[0m:[95m95[0m [96mhandleRequest[0m] Got request: GET /ndt/get_graph_data
[2026-08-25 23:43:26.144] [info] [[94mHttpSession.cpp[0m:[95m526[0m [96mhandleGetGraphData[0m] Handle Get Graph Data
[2026-08-25 23:43:26.419] [info] [[94mHttpSession.cpp[0m:[95m571[0m [96mhandleGetGraphData[0m] get_graph_data success
[2026-08-25 23:43:26.441] [info] [[94mHttpSession.cpp[0m:[95m397[0m [96mcloseSocket[0m] Close Socket
[2026-08-25 23:43:26.553] [info] [[94mControllerAndOtherEventHandler.cpp[0m:[95m239[0m [96moperator()[0m] Accepted new connection
[2026-08-25 23:43:26.554] [info] [[94mHttpSession.cpp[0m:[95m95[0m [96mhandleRequest[0m] Got request: GET /ndt/get_detected_flow_data
[2026-08-25 23:43:26.554] [info] [[94mHttpSession.cpp[0m:[95m577[0m [96mhandleGetDetectedFlowData[0m] Handle Get Detected Flow Data
[2026-08-25 23:43:26.557] [info] [[94mHttpSession.cpp[0m:[95m397[0m [96mcloseSocket[0m] Close Socket
[2026-08-25 23:43:28.683] [info] [[94mControllerAndOtherEventHandler.cpp[0m:[95m239[0m [96moperator()[0m] Accepted new connection
[2026-08-25 23:43:28.683] [info] [[94mHttpSession.cpp[0m:[95m95[0m [96mhandleRequest[0m] Got request: GET /ndt/get_graph_data
[2026-08-25 23:43:28.683] [info] [[94mHttpSession.cpp[0m:[95m526[0m [96mhandleGetGraphData[0m] Handle Get Graph Data
[2026-08-25 23:43:28.809] [info] [[94mHttpSession.cpp[0m:[95m571[0m [96mhandleGetGraphData[0m] get_graph_data success
[2026-08-25 23:43:28.844] [info] [[94mHttpSession.cpp[0m:[95m397[0m [96mcloseSocket[0m] Close Socket
[2026-08-25 23:43:28.989] [info] [[94mControllerAndOtherEventHandler.cpp[0m:[95m239[0m [96moperator()[0m] Accepted new connection
[2026-08-25 23:43:28.990] [info] [[94mHttpSession.cpp[0m:[95m95[0m [96mhandleRequest[0m] Got request: GET /ndt/get_detected_flow_data
[2026-08-25 23:43:28.990] [info] [[94mHttpSession.cpp[0m:[95m577[0m [96mhandleGetDetectedFlowData[0m] Handle Get Detected Flow Data
[2026-08-25 23:43:29.011] [info] [[94mHttpSession.cpp[0m:[95m397[0m [96mcloseSocket[0m] Close Socket
[2026-08-25 23:43:30.922] [info] [[94mFlowLinkUsageCollector.cpp[0m:[95m2494[0m [96mfetchAllDestinationPaths[0m] Pulled 16256 paths from controller
[2026-08-25 23:43:31.129] [info] [[94mControllerAndOtherEventHandler.cpp[0m:[95m239[0m [96moperator()[0m] Accepted new connection
[2026-08-25 23:43:31.130] [info] [[94mHttpSession.cpp[0m:[95m95[0m [96mhandleRequest[0m] Got request: GET /ndt/get_graph_data
[2026-08-25 23:43:31.130] [info] [[94mHttpSession.cpp[0m:[95m526[0m [96mhandleGetGraphData[0m] Handle Get Graph Data
[2026-08-25 23:43:31.207] [info] [[94mHttpSession.cpp[0m:[95m571[0m [96mhandleGetGraphData[0m] get_graph_data success
[2026-08-25 23:43:31.217] [info] [[94mHttpSession.cpp[0m:[95m397[0m [96mcloseSocket[0m] Close Socket
[2026-08-25 23:43:31.321] [info] [[94mControllerAndOtherEventHandler.cpp[0m:[95m239[0m [96moperator()[0m] Accepted new connection
[2026-08-25 23:43:31.324] [info] [[94mHttpSession.cpp[0m:[95m95[0m [96mhandleRequest[0m] Got request: GET /ndt/get_detected_flow_data
[2026-08-25 23:43:31.324] [info] [[94mHttpSession.cpp[0m:[95m577[0m [96mhandleGetDetectedFlowData[0m] Handle Get Detected Flow Data
[2026-08-25 23:43:31.337] [info] [[94mHttpSession.cpp[0m:[95m397[0m [96mcloseSocket[0m] Close Socket
[2026-08-25 23:43:33.418] [info] [[94mControllerAndOtherEventHandler.cpp[0m:[95m239[0m [96moperator()[0m] Accepted new connection
[2026-08-25 23:43:33.420] [info] [[94mHttpSession.cpp[0m:[95m95[0m [96mhandleRequest[0m] Got request: GET /ndt/get_graph_data
[2026-08-25 23:43:33.420] [info] [[94mHttpSession.cpp[0m:[95m526[0m [96mhandleGetGraphData[0m] Handle Get Graph Data
[2026-08-25 23:43:33.502] [info] [[94mHttpSession.cpp[0m:[95m571[0m [96mhandleGetGraphData[0m] get_graph_data success
[2026-08-25 23:43:33.516] [info] [[94mHttpSession.cpp[0m:[95m397[0m [96mcloseSocket[0m] Close Socket
[2026-08-25 23:43:33.590] [info] [[94mControllerAndOtherEventHandler.cpp[0m:[95m239[0m [96moperator()[0m] Accepted new connection
[2026-08-25 23:43:33.590] [info] [[94mHttpSession.cpp[0m:[95m95[0m [96mhandleRequest[0m] Got request: GET /ndt/get_detected_flow_data
[2026-08-25 23:43:33.590] [info] [[94mHttpSession.cpp[0m:[95m577[0m [96mhandleGetDetectedFlowData[0m] Handle Get Detected Flow Data
[2026-08-25 23:43:33.598] [info] [[94mHttpSession.cpp[0m:[95m397[0m [96mcloseSocket[0m] Close Socket
[2026-08-25 23:43:35.722] [info] [[94mControllerAndOtherEventHandler.cpp[0m:[95m239[0m [96moperator()[0m] Accepted new connection
[2026-08-25 23:43:35.722] [info] [[94mHttpSession.cpp[0m:[95m95[0m [96mhandleRequest[0m] Got request: GET /ndt/get_graph_data
[2026-08-25 23:43:35.722] [info] [[94mHttpSession.cpp[0m:[95m526[0m [96mhandleGetGraphData[0m] Handle Get Graph Data
[2026-08-25 23:43:35.804] [info] [[94mHttpSession.cpp[0m:[95m571[0m [96mhandleGetGraphData[0m] get_graph_data success
[2026-08-25 23:43:35.816] [info] [[94mHttpSession.cpp[0m:[95m397[0m [96mcloseSocket[0m] Close Socket
[2026-08-25 23:43:35.895] [info] [[94mControllerAndOtherEventHandler.cpp[0m:[95m239[0m [96moperator()[0m] Accepted new connection
[2026-08-25 23:43:35.896] [info] [[94mHttpSession.cpp[0m:[95m95[0m [96mhandleRequest[0m] Got request: GET /ndt/get_detected_flow_data
[2026-08-25 23:43:35.896] [info] [[94mHttpSession.cpp[0m:[95m577[0m [96mhandleGetDetectedFlowData[0m] Handle Get Detected Flow Data
[2026-08-25 23:43:35.906] [info] [[94mHttpSession.cpp[0m:[95m397[0m [96mcloseSocket[0m] Close Socket
[2026-08-25 23:43:38.022] [info] [[94mControllerAndOtherEventHandler.cpp[0m:[95m239[0m [96moperator()[0m] Accepted new connection
[2026-08-25 23:43:38.023] [info] [[94mHttpSession.cpp[0m:[95m95[0m [96mhandleRequest[0m] Got request: GET /ndt/get_graph_data
[2026-08-25 23:43:38.023] [info] [[94mHttpSession.cpp[0m:[95m526[0m [96mhandleGetGraphData[0m] Handle Get Graph Data
[2026-08-25 23:43:38.107] [info] [[94mHttpSession.cpp[0m:[95m571[0m [96mhandleGetGraphData[0m] get_graph_data success
[2026-08-25 23:43:38.121] [info] [[94mHttpSession.cpp[0m:[95m397[0m [96mcloseSocket[0m] Close Socket
[2026-08-25 23:43:38.250] [info] [[94mControllerAndOtherEventHandler.cpp[0m:[95m239[0m [96moperator()[0m] Accepted new connection
[2026-08-25 23:43:38.250] [info] [[94mHttpSession.cpp[0m:[95m95[0m [96mhandleRequest[0m] Got request: GET /ndt/get_detected_flow_data
[2026-08-25 23:43:38.250] [info] [[94mHttpSession.cpp[0m:[95m577[0m [96mhandleGetDetectedFlowData[0m] Handle Get Detected Flow Data
[2026-08-25 23:43:38.262] [info] [[94mHttpSession.cpp[0m:[95m397[0m [96mcloseSocket[0m] Close Socket
[2026-08-25 23:43:40.336] [info] [[94mControllerAndOtherEventHandler.cpp[0m:[95m239[0m [96moperator()[0m] Accepted new connection
[2026-08-25 23:43:40.337] [info] [[94mHttpSession.cpp[0m:[95m95[0m [96mhandleRequest[0m] Got request: GET /ndt/get_graph_data
[2026-08-25 23:43:40.337] [info] [[94mHttpSession.cpp[0m:[95m526[0m [96mhandleGetGraphData[0m] Handle Get Graph Data
[2026-08-25 23:43:40.398] [info] [[94mHttpSession.cpp[0m:[95m571[0m [96mhandleGetGraphData[0m] get_graph_data success
[2026-08-25 23:43:40.410] [info] [[94mHttpSession.cpp[0m:[95m397[0m [96mcloseSocket[0m] Close Socket
[2026-08-25 23:43:40.492] [info] [[94mControllerAndOtherEventHandler.cpp[0m:[95m239[0m [96moperator()[0m] Accepted new connection
[2026-08-25 23:43:40.495] [info] [[94mHttpSession.cpp[0m:[95m95[0m [96mhandleRequest[0m] Got request: GET /ndt/get_detected_flow_data
[2026-08-25 23:43:40.495] [info] [[94mHttpSession.cpp[0m:[95m577[0m [96mhandleGetDetectedFlowData[0m] Handle Get Detected Flow Data
[2026-08-25 23:43:40.501] [info] [[94mHttpSession.cpp[0m:[95m397[0m [96mcloseSocket[0m] Close Socket
[2026-08-25 23:43:42.634] [info] [[94mControllerAndOtherEventHandler.cpp[0m:[95m239[0m [96moperator()[0m] Accepted new connection
[2026-08-25 23:43:42.638] [info] [[94mHttpSession.cpp[0m:[95m95[0m [96mhandleRequest[0m] Got request: GET /ndt/get_graph_data
[2026-08-25 23:43:42.638] [info] [[94mHttpSession.cpp[0m:[95m526[0m [96mhandleGetGraphData[0m] Handle Get Graph Data
[2026-08-25 23:43:42.727] [info] [[94mHttpSession.cpp[0m:[95m571[0m [96mhandleGetGraphData[0m] get_graph_data success
[2026-08-25 23:43:42.740] [info] [[94mHttpSession.cpp[0m:[95m397[0m [96mcloseSocket[0m] Close Socket
[2026-08-25 23:43:42.834] [info] [[94mControllerAndOtherEventHandler.cpp[0m:[95m239[0m [96moperator()[0m] Accepted new connection
[2026-08-25 23:43:42.845] [info] [[94mHttpSession.cpp[0m:[95m95[0m [96mhandleRequest[0m] Got request: GET /ndt/get_detected_flow_data
[2026-08-25 23:43:42.845] [info] [[94mHttpSession.cpp[0m:[95m577[0m [96mhandleGetDetectedFlowData[0m] Handle Get Detected Flow Data
[2026-08-25 23:43:42.861] [info] [[94mHttpSession.cpp[0m:[95m397[0m [96mcloseSocket[0m] Close Socket
[2026-08-25 23:43:44.971] [info] [[94mControllerAndOtherEventHandler.cpp[0m:[95m239[0m [96moperator()[0m] Accepted new connection
[2026-08-25 23:43:44.972] [info] [[94mHttpSession.cpp[0m:[95m95[0m [96mhandleRequest[0m] Got request: GET /ndt/get_graph_data
[2026-08-25 23:43:44.973] [info] [[94mHttpSession.cpp[0m:[95m526[0m [96mhandleGetGraphData[0m] Handle Get Graph Data
[2026-08-25 23:43:45.139] [info] [[94mHttpSession.cpp[0m:[95m571[0m [96mhandleGetGraphData[0m] get_graph_data success
[2026-08-25 23:43:45.164] [info] [[94mHttpSession.cpp[0m:[95m397[0m [96mcloseSocket[0m] Close Socket
[2026-08-25 23:43:45.276] [info] [[94mControllerAndOtherEventHandler.cpp[0m:[95m239[0m [96moperator()[0m] Accepted new connection
[2026-08-25 23:43:45.276] [info] [[94mHttpSession.cpp[0m:[95m95[0m [96mhandleRequest[0m] Got request: GET /ndt/get_detected_flow_data
[2026-08-25 23:43:45.276] [info] [[94mHttpSession.cpp[0m:[95m577[0m [96mhandleGetDetectedFlowData[0m] Handle Get Detected Flow Data
[2026-08-25 23:43:45.293] [info] [[94mHttpSession.cpp[0m:[95m397[0m [96mcloseSocket[0m] Close Socket
[2026-08-25 23:43:47.372] [info] [[94mControllerAndOtherEventHandler.cpp[0m:[95m239[0m [96moperator()[0m] Accepted new connection
[2026-08-25 23:43:47.373] [info] [[94mHttpSession.cpp[0m:[95m95[0m [96mhandleRequest[0m] Got request: GET /ndt/get_graph_data
[2026-08-25 23:43:47.373] [info] [[94mHttpSession.cpp[0m:[95m526[0m [96mhandleGetGraphData[0m] Handle Get Graph Data
[2026-08-25 23:43:47.560] [info] [[94mHttpSession.cpp[0m:[95m571[0m [96mhandleGetGraphData[0m] get_graph_data success
[2026-08-25 23:43:47.577] [info] [[94mHttpSession.cpp[0m:[95m397[0m [96mcloseSocket[0m] Close Socket
[2026-08-25 23:43:47.643] [info] [[94mControllerAndOtherEventHandler.cpp[0m:[95m239[0m [96moperator()[0m] Accepted new connection
[2026-08-25 23:43:47.644] [info] [[94mHttpSession.cpp[0m:[95m95[0m [96mhandleRequest[0m] Got request: GET /ndt/get_detected_flow_data
[2026-08-25 23:43:47.644] [info] [[94mHttpSession.cpp[0m:[95m577[0m [96mhandleGetDetectedFlowData[0m] Handle Get Detected Flow Data
[2026-08-25 23:43:47.659] [info] [[94mHttpSession.cpp[0m:[95m397[0m [96mcloseSocket[0m] Close Socket
[2026-08-25 23:43:49.743] [info] [[94mControllerAndOtherEventHandler.cpp[0m:[95m239[0m [96moperator()[0m] Accepted new connection
[2026-08-25 23:43:49.743] [info] [[94mHttpSession.cpp[0m:[95m95[0m [96mhandleRequest[0m] Got request: GET /ndt/get_graph_data
[2026-08-25 23:43:49.743] [info] [[94mHttpSession.cpp[0m:[95m526[0m [96mhandleGetGraphData[0m] Handle Get Graph Data
[2026-08-25 23:43:49.813] [info] [[94mHttpSession.cpp[0m:[95m571[0m [96mhandleGetGraphData[0m] get_graph_data success
[2026-08-25 23:43:49.826] [info] [[94mHttpSession.cpp[0m:[95m397[0m [96mcloseSocket[0m] Close Socket
[2026-08-25 23:43:49.867] [info] [[94mControllerAndOtherEventHandler.cpp[0m:[95m239[0m [96moperator()[0m] Accepted new connection
[2026-08-25 23:43:49.868] [info] [[94mHttpSession.cpp[0m:[95m95[0m [96mhandleRequest[0m] Got request: GET /ndt/get_detected_flow_data
[2026-08-25 23:43:49.868] [info] [[94mHttpSession.cpp[0m:[95m577[0m [96mhandleGetDetectedFlowData[0m] Handle Get Detected Flow Data
[2026-08-25 23:43:49.875] [info] [[94mHttpSession.cpp[0m:[95m397[0m [96mcloseSocket[0m] Close Socket
[2026-08-25 23:43:51.978] [info] [[94mControllerAndOtherEventHandler.cpp[0m:[95m239[0m [96moperator()[0m] Accepted new connection
[2026-08-25 23:43:51.978] [info] [[94mHttpSession.cpp[0m:[95m95[0m [96mhandleRequest[0m] Got request: GET /ndt/get_graph_data
[2026-08-25 23:43:51.978] [info] [[94mHttpSession.cpp[0m:[95m526[0m [96mhandleGetGraphData[0m] Handle Get Graph Data
[2026-08-25 23:43:52.017] [info] [[94mHttpSession.cpp[0m:[95m571[0m [96mhandleGetGraphData[0m] get_graph_data success
[2026-08-25 23:43:52.022] [info] [[94mHttpSession.cpp[0m:[95m397[0m [96mcloseSocket[0m] Close Socket
[2026-08-25 23:43:52.101] [info] [[94mControllerAndOtherEventHandler.cpp[0m:[95m239[0m [96moperator()[0m] Accepted new connection
[2026-08-25 23:43:52.101] [info] [[94mHttpSession.cpp[0m:[95m95[0m [96mhandleRequest[0m] Got request: GET /ndt/get_detected_flow_data
[2026-08-25 23:43:52.101] [info] [[94mHttpSession.cpp[0m:[95m577[0m [96mhandleGetDetectedFlowData[0m] Handle Get Detected Flow Data
[2026-08-25 23:43:52.116] [info] [[94mHttpSession.cpp[0m:[95m397[0m [96mcloseSocket[0m] Close Socket
[2026-08-25 23:43:52.559] [info] [[94mFlowLinkUsageCollector.cpp[0m:[95m1781[0m [96mcalAvgFlowSendingRatesPeriodically[0m] rate loop period over 389 iterations: mean 1033.8 ms, min 1000.0, max 1107.3 (flows=16, counters=24) -- this is the denominator every published bps assumes is 1000
[2026-08-25 23:43:54.188] [info] [[94mControllerAndOtherEventHandler.cpp[0m:[95m239[0m [96moperator()[0m] Accepted new connection
[2026-08-25 23:43:54.188] [info] [[94mHttpSession.cpp[0m:[95m95[0m [96mhandleRequest[0m] Got request: GET /ndt/get_graph_data
[2026-08-25 23:43:54.188] [info] [[94mHttpSession.cpp[0m:[95m526[0m [96mhandleGetGraphData[0m] Handle Get Graph Data
[2026-08-25 23:43:54.346] [info] [[94mHttpSession.cpp[0m:[95m571[0m [96mhandleGetGraphData[0m] get_graph_data success
[2026-08-25 23:43:54.372] [info] [[94mHttpSession.cpp[0m:[95m397[0m [96mcloseSocket[0m] Close Socket
[2026-08-25 23:43:54.466] [info] [[94mControllerAndOtherEventHandler.cpp[0m:[95m239[0m [96moperator()[0m] Accepted new connection
[2026-08-25 23:43:54.468] [info] [[94mHttpSession.cpp[0m:[95m95[0m [96mhandleRequest[0m] Got request: GET /ndt/get_detected_flow_data
[2026-08-25 23:43:54.468] [info] [[94mHttpSession.cpp[0m:[95m577[0m [96mhandleGetDetectedFlowData[0m] Handle Get Detected Flow Data
[2026-08-25 23:43:54.483] [info] [[94mHttpSession.cpp[0m:[95m397[0m [96mcloseSocket[0m] Close Socket
[2026-08-25 23:43:56.590] [info] [[94mControllerAndOtherEventHandler.cpp[0m:[95m239[0m [96moperator()[0m] Accepted new connection
[2026-08-25 23:43:56.590] [info] [[94mHttpSession.cpp[0m:[95m95[0m [96mhandleRequest[0m] Got request: GET /ndt/get_graph_data
[2026-08-25 23:43:56.590] [info] [[94mHttpSession.cpp[0m:[95m526[0m [96mhandleGetGraphData[0m] Handle Get Graph Data
[2026-08-25 23:43:56.861] [info] [[94mHttpSession.cpp[0m:[95m571[0m [96mhandleGetGraphData[0m] get_graph_data success
[2026-08-25 23:43:56.904] [info] [[94mHttpSession.cpp[0m:[95m397[0m [96mcloseSocket[0m] Close Socket
[2026-08-25 23:43:57.054] [info] [[94mControllerAndOtherEventHandler.cpp[0m:[95m239[0m [96moperator()[0m] Accepted new connection
[2026-08-25 23:43:57.054] [info] [[94mHttpSession.cpp[0m:[95m95[0m [96mhandleRequest[0m] Got request: GET /ndt/get_detected_flow_data
[2026-08-25 23:43:57.054] [info] [[94mHttpSession.cpp[0m:[95m577[0m [96mhandleGetDetectedFlowData[0m] Handle Get Detected Flow Data
[2026-08-25 23:43:57.086] [info] [[94mHttpSession.cpp[0m:[95m397[0m [96mcloseSocket[0m] Close Socket
[2026-08-25 23:43:59.193] [info] [[94mControllerAndOtherEventHandler.cpp[0m:[95m239[0m [96moperator()[0m] Accepted new connection
[2026-08-25 23:43:59.193] [info] [[94mHttpSession.cpp[0m:[95m95[0m [96mhandleRequest[0m] Got request: GET /ndt/get_graph_data
[2026-08-25 23:43:59.194] [info] [[94mHttpSession.cpp[0m:[95m526[0m [96mhandleGetGraphData[0m] Handle Get Graph Data
[2026-08-25 23:43:59.455] [info] [[94mHttpSession.cpp[0m:[95m571[0m [96mhandleGetGraphData[0m] get_graph_data success
[2026-08-25 23:43:59.489] [info] [[94mHttpSession.cpp[0m:[95m397[0m [96mcloseSocket[0m] Close Socket
[2026-08-25 23:43:59.650] [info] [[94mControllerAndOtherEventHandler.cpp[0m:[95m239[0m [96moperator()[0m] Accepted new connection
[2026-08-25 23:43:59.651] [info] [[94mHttpSession.cpp[0m:[95m95[0m [96mhandleRequest[0m] Got request: GET /ndt/get_detected_flow_data
[2026-08-25 23:43:59.651] [info] [[94mHttpSession.cpp[0m:[95m577[0m [96mhandleGetDetectedFlowData[0m] Handle Get Detected Flow Data
[2026-08-25 23:43:59.673] [info] [[94mHttpSession.cpp[0m:[95m397[0m [96mcloseSocket[0m] Close Socket
[2026-08-25 23:44:01.712] [info] [[94mControllerAndOtherEventHandler.cpp[0m:[95m239[0m [96moperator()[0m] Accepted new connection
[2026-08-25 23:44:01.712] [info] [[94mHttpSession.cpp[0m:[95m95[0m [96mhandleRequest[0m] Got request: GET /ndt/get_graph_data
[2026-08-25 23:44:01.712] [info] [[94mHttpSession.cpp[0m:[95m526[0m [96mhandleGetGraphData[0m] Handle Get Graph Data
[2026-08-25 23:44:01.726] [info] [[94mHttpSession.cpp[0m:[95m571[0m [96mhandleGetGraphData[0m] get_graph_data success
[2026-08-25 23:44:01.728] [info] [[94mHttpSession.cpp[0m:[95m397[0m [96mcloseSocket[0m] Close Socket
[2026-08-25 23:44:01.739] [info] [[94mControllerAndOtherEventHandler.cpp[0m:[95m239[0m [96moperator()[0m] Accepted new connection
[2026-08-25 23:44:01.740] [info] [[94mHttpSession.cpp[0m:[95m95[0m [96mhandleRequest[0m] Got request: GET /ndt/get_detected_flow_data
[2026-08-25 23:44:01.740] [info] [[94mHttpSession.cpp[0m:[95m577[0m [96mhandleGetDetectedFlowData[0m] Handle Get Detected Flow Data
[2026-08-25 23:44:01.741] [info] [[94mHttpSession.cpp[0m:[95m397[0m [96mcloseSocket[0m] Close Socket
[2026-08-25 23:44:03.755] [info] [[94mControllerAndOtherEventHandler.cpp[0m:[95m239[0m [96moperator()[0m] Accepted new connection
[2026-08-25 23:44:03.755] [info] [[94mHttpSession.cpp[0m:[95m95[0m [96mhandleRequest[0m] Got request: GET /ndt/get_graph_data
[2026-08-25 23:44:03.755] [info] [[94mHttpSession.cpp[0m:[95m526[0m [96mhandleGetGraphData[0m] Handle Get Graph Data
[2026-08-25 23:44:03.769] [info] [[94mHttpSession.cpp[0m:[95m571[0m [96mhandleGetGraphData[0m] get_graph_data success
[2026-08-25 23:44:03.771] [info] [[94mHttpSession.cpp[0m:[95m397[0m [96mcloseSocket[0m] Close Socket
[2026-08-25 23:44:03.783] [info] [[94mControllerAndOtherEventHandler.cpp[0m:[95m239[0m [96moperator()[0m] Accepted new connection
[2026-08-25 23:44:03.784] [info] [[94mHttpSession.cpp[0m:[95m95[0m [96mhandleRequest[0m] Got request: GET /ndt/get_detected_flow_data
[2026-08-25 23:44:03.784] [info] [[94mHttpSession.cpp[0m:[95m577[0m [96mhandleGetDetectedFlowData[0m] Handle Get Detected Flow Data
[2026-08-25 23:44:03.786] [info] [[94mHttpSession.cpp[0m:[95m397[0m [96mcloseSocket[0m] Close Socket
[2026-08-25 23:44:05.798] [info] [[94mControllerAndOtherEventHandler.cpp[0m:[95m239[0m [96moperator()[0m] Accepted new connection
[2026-08-25 23:44:05.798] [info] [[94mHttpSession.cpp[0m:[95m95[0m [96mhandleRequest[0m] Got request: GET /ndt/get_graph_data
[2026-08-25 23:44:05.798] [info] [[94mHttpSession.cpp[0m:[95m526[0m [96mhandleGetGraphData[0m] Handle Get Graph Data
[2026-08-25 23:44:05.811] [info] [[94mHttpSession.cpp[0m:[95m571[0m [96mhandleGetGraphData[0m] get_graph_data success
[2026-08-25 23:44:05.812] [info] [[94mHttpSession.cpp[0m:[95m397[0m [96mcloseSocket[0m] Close Socket
[2026-08-25 23:44:05.823] [info] [[94mControllerAndOtherEventHandler.cpp[0m:[95m239[0m [96moperator()[0m] Accepted new connection
[2026-08-25 23:44:05.824] [info] [[94mHttpSession.cpp[0m:[95m95[0m [96mhandleRequest[0m] Got request: GET /ndt/get_detected_flow_data
[2026-08-25 23:44:05.824] [info] [[94mHttpSession.cpp[0m:[95m577[0m [96mhandleGetDetectedFlowData[0m] Handle Get Detected Flow Data
[2026-08-25 23:44:05.826] [info] [[94mHttpSession.cpp[0m:[95m397[0m [96mcloseSocket[0m] Close Socket
[2026-08-25 23:44:07.841] [info] [[94mControllerAndOtherEventHandler.cpp[0m:[95m239[0m [96moperator()[0m] Accepted new connection
[2026-08-25 23:44:07.841] [info] [[94mHttpSession.cpp[0m:[95m95[0m [96mhandleRequest[0m] Got request: GET /ndt/get_graph_data
[2026-08-25 23:44:07.841] [info] [[94mHttpSession.cpp[0m:[95m526[0m [96mhandleGetGraphData[0m] Handle Get Graph Data
[2026-08-25 23:44:07.856] [info] [[94mHttpSession.cpp[0m:[95m571[0m [96mhandleGetGraphData[0m] get_graph_data success
[2026-08-25 23:44:07.858] [info] [[94mHttpSession.cpp[0m:[95m397[0m [96mcloseSocket[0m] Close Socket
[2026-08-25 23:44:07.870] [info] [[94mControllerAndOtherEventHandler.cpp[0m:[95m239[0m [96moperator()[0m] Accepted new connection
[2026-08-25 23:44:07.870] [info] [[94mHttpSession.cpp[0m:[95m95[0m [96mhandleRequest[0m] Got request: GET /ndt/get_detected_flow_data
[2026-08-25 23:44:07.870] [info] [[94mHttpSession.cpp[0m:[95m577[0m [96mhandleGetDetectedFlowData[0m] Handle Get Detected Flow Data
[2026-08-25 23:44:07.871] [info] [[94mHttpSession.cpp[0m:[95m397[0m [96mcloseSocket[0m] Close Socket
[2026-08-25 23:44:09.883] [info] [[94mControllerAndOtherEventHandler.cpp[0m:[95m239[0m [96moperator()[0m] Accepted new connection
[2026-08-25 23:44:09.883] [info] [[94mHttpSession.cpp[0m:[95m95[0m [96mhandleRequest[0m] Got request: GET /ndt/get_graph_data
[2026-08-25 23:44:09.883] [info] [[94mHttpSession.cpp[0m:[95m526[0m [96mhandleGetGraphData[0m] Handle Get Graph Data
[2026-08-25 23:44:09.897] [info] [[94mHttpSession.cpp[0m:[95m571[0m [96mhandleGetGraphData[0m] get_graph_data success
[2026-08-25 23:44:09.898] [info] [[94mHttpSession.cpp[0m:[95m397[0m [96mcloseSocket[0m] Close Socket
[2026-08-25 23:44:09.911] [info] [[94mControllerAndOtherEventHandler.cpp[0m:[95m239[0m [96moperator()[0m] Accepted new connection
[2026-08-25 23:44:09.911] [info] [[94mHttpSession.cpp[0m:[95m95[0m [96mhandleRequest[0m] Got request: GET /ndt/get_detected_flow_data
[2026-08-25 23:44:09.911] [info] [[94mHttpSession.cpp[0m:[95m577[0m [96mhandleGetDetectedFlowData[0m] Handle Get Detected Flow Data
[2026-08-25 23:44:09.913] [info] [[94mHttpSession.cpp[0m:[95m397[0m [96mcloseSocket[0m] Close Socket
[2026-08-25 23:44:11.928] [info] [[94mControllerAndOtherEventHandler.cpp[0m:[95m239[0m [96moperator()[0m] Accepted new connection
[2026-08-25 23:44:11.928] [info] [[94mHttpSession.cpp[0m:[95m95[0m [96mhandleRequest[0m] Got request: GET /ndt/get_graph_data
[2026-08-25 23:44:11.928] [info] [[94mHttpSession.cpp[0m:[95m526[0m [96mhandleGetGraphData[0m] Handle Get Graph Data
[2026-08-25 23:44:11.940] [info] [[94mHttpSession.cpp[0m:[95m571[0m [96mhandleGetGraphData[0m] get_graph_data success
[2026-08-25 23:44:11.942] [info] [[94mHttpSession.cpp[0m:[95m397[0m [96mcloseSocket[0m] Close Socket
[2026-08-25 23:44:11.954] [info] [[94mControllerAndOtherEventHandler.cpp[0m:[95m239[0m [96moperator()[0m] Accepted new connection
[2026-08-25 23:44:11.954] [info] [[94mHttpSession.cpp[0m:[95m95[0m [96mhandleRequest[0m] Got request: GET /ndt/get_detected_flow_data
[2026-08-25 23:44:11.954] [info] [[94mHttpSession.cpp[0m:[95m577[0m [96mhandleGetDetectedFlowData[0m] Handle Get Detected Flow Data
[2026-08-25 23:44:11.956] [info] [[94mHttpSession.cpp[0m:[95m397[0m [96mcloseSocket[0m] Close Socket
[2026-08-25 23:44:13.967] [info] [[94mControllerAndOtherEventHandler.cpp[0m:[95m239[0m [96moperator()[0m] Accepted new connection
[2026-08-25 23:44:13.967] [info] [[94mHttpSession.cpp[0m:[95m95[0m [96mhandleRequest[0m] Got request: GET /ndt/get_graph_data
[2026-08-25 23:44:13.967] [info] [[94mHttpSession.cpp[0m:[95m526[0m [96mhandleGetGraphData[0m] Handle Get Graph Data
[2026-08-25 23:44:13.978] [info] [[94mHttpSession.cpp[0m:[95m571[0m [96mhandleGetGraphData[0m] get_graph_data success
[2026-08-25 23:44:13.980] [info] [[94mHttpSession.cpp[0m:[95m397[0m [96mcloseSocket[0m] Close Socket
[2026-08-25 23:44:13.992] [info] [[94mControllerAndOtherEventHandler.cpp[0m:[95m239[0m [96moperator()[0m] Accepted new connection
[2026-08-25 23:44:13.992] [info] [[94mHttpSession.cpp[0m:[95m95[0m [96mhandleRequest[0m] Got request: GET /ndt/get_detected_flow_data
[2026-08-25 23:44:13.992] [info] [[94mHttpSession.cpp[0m:[95m577[0m [96mhandleGetDetectedFlowData[0m] Handle Get Detected Flow Data
[2026-08-25 23:44:13.994] [info] [[94mHttpSession.cpp[0m:[95m397[0m [96mcloseSocket[0m] Close Socket
[2026-08-25 23:44:14.464] [info] [[94mFlowLinkUsageCollector.cpp[0m:[95m2191[0m [96mpurgeIdleFlows[0m] Flow Key: 10.0.0.25 -> 10.0.0.57 idles
[2026-08-25 23:44:15.464] [info] [[94mFlowLinkUsageCollector.cpp[0m:[95m2191[0m [96mpurgeIdleFlows[0m] Flow Key: 10.0.0.125 -> 10.0.0.93 idles
[2026-08-25 23:44:15.464] [info] [[94mFlowLinkUsageCollector.cpp[0m:[95m2191[0m [96mpurgeIdleFlows[0m] Flow Key: 10.0.0.9 -> 10.0.0.73 idles
[2026-08-25 23:44:15.464] [info] [[94mFlowLinkUsageCollector.cpp[0m:[95m2191[0m [96mpurgeIdleFlows[0m] Flow Key: 10.0.0.1 -> 10.0.0.65 idles
[2026-08-25 23:44:15.464] [info] [[94mFlowLinkUsageCollector.cpp[0m:[95m2191[0m [96mpurgeIdleFlows[0m] Flow Key: 10.0.0.49 -> 10.0.0.17 idles
[2026-08-25 23:44:15.464] [info] [[94mFlowLinkUsageCollector.cpp[0m:[95m2191[0m [96mpurgeIdleFlows[0m] Flow Key: 10.0.0.85 -> 10.0.0.117 idles
[2026-08-25 23:44:15.464] [info] [[94mFlowLinkUsageCollector.cpp[0m:[95m2191[0m [96mpurgeIdleFlows[0m] Flow Key: 10.0.0.81 -> 10.0.0.113 idles
[2026-08-25 23:44:15.464] [info] [[94mFlowLinkUsageCollector.cpp[0m:[95m2191[0m [96mpurgeIdleFlows[0m] Flow Key: 10.0.0.13 -> 10.0.0.77 idles
[2026-08-25 23:44:15.464] [info] [[94mFlowLinkUsageCollector.cpp[0m:[95m2191[0m [96mpurgeIdleFlows[0m] Flow Key: 10.0.0.1 -> 10.0.0.65 idles
[2026-08-25 23:44:15.464] [info] [[94mFlowLinkUsageCollector.cpp[0m:[95m2191[0m [96mpurgeIdleFlows[0m] Flow Key: 10.0.0.37 -> 10.0.0.101 idles
[2026-08-25 23:44:15.464] [info] [[94mFlowLinkUsageCollector.cpp[0m:[95m2191[0m [96mpurgeIdleFlows[0m] Flow Key: 10.0.0.37 -> 10.0.0.101 idles
[2026-08-25 23:44:15.464] [info] [[94mFlowLinkUsageCollector.cpp[0m:[95m2191[0m [96mpurgeIdleFlows[0m] Flow Key: 10.0.0.29 -> 10.0.0.61 idles
[2026-08-25 23:44:15.464] [info] [[94mFlowLinkUsageCollector.cpp[0m:[95m2191[0m [96mpurgeIdleFlows[0m] Flow Key: 10.0.0.33 -> 10.0.0.97 idles
[2026-08-25 23:44:15.464] [info] [[94mFlowLinkUsageCollector.cpp[0m:[95m2191[0m [96mpurgeIdleFlows[0m] Flow Key: 10.0.0.41 -> 10.0.0.105 idles
[2026-08-25 23:44:15.464] [info] [[94mFlowLinkUsageCollector.cpp[0m:[95m2191[0m [96mpurgeIdleFlows[0m] Flow Key: 10.0.0.89 -> 10.0.0.121 idles
[2026-08-25 23:44:15.464] [info] [[94mFlowLinkUsageCollector.cpp[0m:[95m2191[0m [96mpurgeIdleFlows[0m] Flow Key: 10.0.0.9 -> 10.0.0.73 idles
[2026-08-25 23:44:15.464] [info] [[94mFlowLinkUsageCollector.cpp[0m:[95m2191[0m [96mpurgeIdleFlows[0m] Flow Key: 10.0.0.45 -> 10.0.0.109 idles
[2026-08-25 23:44:15.464] [info] [[94mFlowLinkUsageCollector.cpp[0m:[95m2191[0m [96mpurgeIdleFlows[0m] Flow Key: 10.0.0.17 -> 10.0.0.49 idles
[2026-08-25 23:44:15.464] [info] [[94mFlowLinkUsageCollector.cpp[0m:[95m2191[0m [96mpurgeIdleFlows[0m] Flow Key: 10.0.0.93 -> 10.0.0.125 idles
[2026-08-25 23:44:15.464] [info] [[94mFlowLinkUsageCollector.cpp[0m:[95m2191[0m [96mpurgeIdleFlows[0m] Flow Key: 10.0.0.21 -> 10.0.0.53 idles
[2026-08-25 23:44:15.464] [info] [[94mFlowLinkUsageCollector.cpp[0m:[95m2191[0m [96mpurgeIdleFlows[0m] Flow Key: 10.0.0.5 -> 10.0.0.69 idles
[2026-08-25 23:44:16.006] [info] [[94mControllerAndOtherEventHandler.cpp[0m:[95m239[0m [96moperator()[0m] Accepted new connection
[2026-08-25 23:44:16.006] [info] [[94mHttpSession.cpp[0m:[95m95[0m [96mhandleRequest[0m] Got request: GET /ndt/get_graph_data
[2026-08-25 23:44:16.006] [info] [[94mHttpSession.cpp[0m:[95m526[0m [96mhandleGetGraphData[0m] Handle Get Graph Data
[2026-08-25 23:44:16.019] [info] [[94mHttpSession.cpp[0m:[95m571[0m [96mhandleGetGraphData[0m] get_graph_data success
[2026-08-25 23:44:16.021] [info] [[94mHttpSession.cpp[0m:[95m397[0m [96mcloseSocket[0m] Close Socket
[2026-08-25 23:44:16.033] [info] [[94mControllerAndOtherEventHandler.cpp[0m:[95m239[0m [96moperator()[0m] Accepted new connection
[2026-08-25 23:44:16.033] [info] [[94mHttpSession.cpp[0m:[95m95[0m [96mhandleRequest[0m] Got request: GET /ndt/get_detected_flow_data
[2026-08-25 23:44:16.033] [info] [[94mHttpSession.cpp[0m:[95m577[0m [96mhandleGetDetectedFlowData[0m] Handle Get Detected Flow Data
[2026-08-25 23:44:16.034] [info] [[94mHttpSession.cpp[0m:[95m397[0m [96mcloseSocket[0m] Close Socket
[2026-08-25 23:44:18.046] [info] [[94mControllerAndOtherEventHandler.cpp[0m:[95m239[0m [96moperator()[0m] Accepted new connection
[2026-08-25 23:44:18.047] [info] [[94mHttpSession.cpp[0m:[95m95[0m [96mhandleRequest[0m] Got request: GET /ndt/get_graph_data
[2026-08-25 23:44:18.047] [info] [[94mHttpSession.cpp[0m:[95m526[0m [96mhandleGetGraphData[0m] Handle Get Graph Data
[2026-08-25 23:44:18.058] [info] [[94mHttpSession.cpp[0m:[95m571[0m [96mhandleGetGraphData[0m] get_graph_data success
[2026-08-25 23:44:18.060] [info] [[94mHttpSession.cpp[0m:[95m397[0m [96mcloseSocket[0m] Close Socket
[2026-08-25 23:44:18.071] [info] [[94mControllerAndOtherEventHandler.cpp[0m:[95m239[0m [96moperator()[0m] Accepted new connection
[2026-08-25 23:44:18.071] [info] [[94mHttpSession.cpp[0m:[95m95[0m [96mhandleRequest[0m] Got request: GET /ndt/get_detected_flow_data
[2026-08-25 23:44:18.072] [info] [[94mHttpSession.cpp[0m:[95m577[0m [96mhandleGetDetectedFlowData[0m] Handle Get Detected Flow Data
[2026-08-25 23:44:18.072] [info] [[94mHttpSession.cpp[0m:[95m397[0m [96mcloseSocket[0m] Close Socket
[2026-08-25 23:44:20.081] [info] [[94mControllerAndOtherEventHandler.cpp[0m:[95m239[0m [96moperator()[0m] Accepted new connection
[2026-08-25 23:44:20.081] [info] [[94mHttpSession.cpp[0m:[95m95[0m [96mhandleRequest[0m] Got request: GET /ndt/get_graph_data
[2026-08-25 23:44:20.081] [info] [[94mHttpSession.cpp[0m:[95m526[0m [96mhandleGetGraphData[0m] Handle Get Graph Data
[2026-08-25 23:44:20.096] [info] [[94mHttpSession.cpp[0m:[95m571[0m [96mhandleGetGraphData[0m] get_graph_data success
[2026-08-25 23:44:20.097] [info] [[94mHttpSession.cpp[0m:[95m397[0m [96mcloseSocket[0m] Close Socket
[2026-08-25 23:44:20.109] [info] [[94mControllerAndOtherEventHandler.cpp[0m:[95m239[0m [96moperator()[0m] Accepted new connection
[2026-08-25 23:44:20.109] [info] [[94mHttpSession.cpp[0m:[95m95[0m [96mhandleRequest[0m] Got request: GET /ndt/get_detected_flow_data
[2026-08-25 23:44:20.109] [info] [[94mHttpSession.cpp[0m:[95m577[0m [96mhandleGetDetectedFlowData[0m] Handle Get Detected Flow Data
[2026-08-25 23:44:20.109] [info] [[94mHttpSession.cpp[0m:[95m397[0m [96mcloseSocket[0m] Close Socket
[2026-08-25 23:44:22.121] [info] [[94mControllerAndOtherEventHandler.cpp[0m:[95m239[0m [96moperator()[0m] Accepted new connection
[2026-08-25 23:44:22.121] [info] [[94mHttpSession.cpp[0m:[95m95[0m [96mhandleRequest[0m] Got request: GET /ndt/get_graph_data
[2026-08-25 23:44:22.121] [info] [[94mHttpSession.cpp[0m:[95m526[0m [96mhandleGetGraphData[0m] Handle Get Graph Data
[2026-08-25 23:44:22.138] [info] [[94mHttpSession.cpp[0m:[95m571[0m [96mhandleGetGraphData[0m] get_graph_data success
[2026-08-25 23:44:22.140] [info] [[94mHttpSession.cpp[0m:[95m397[0m [96mcloseSocket[0m] Close Socket
[2026-08-25 23:44:22.152] [info] [[94mControllerAndOtherEventHandler.cpp[0m:[95m239[0m [96moperator()[0m] Accepted new connection
[2026-08-25 23:44:22.152] [info] [[94mHttpSession.cpp[0m:[95m95[0m [96mhandleRequest[0m] Got request: GET /ndt/get_detected_flow_data
[2026-08-25 23:44:22.152] [info] [[94mHttpSession.cpp[0m:[95m577[0m [96mhandleGetDetectedFlowData[0m] Handle Get Detected Flow Data
[2026-08-25 23:44:22.153] [info] [[94mHttpSession.cpp[0m:[95m397[0m [96mcloseSocket[0m] Close Socket
[2026-08-25 23:44:23.101] [info] [[94mFlowLinkUsageCollector.cpp[0m:[95m1781[0m [96mcalAvgFlowSendingRatesPeriodically[0m] rate loop period over 419 iterations: mean 1032.7 ms, min 1000.0, max 1107.3 (flows=0, counters=25) -- this is the denominator every published bps assumes is 1000
[2026-08-25 23:44:24.163] [info] [[94mControllerAndOtherEventHandler.cpp[0m:[95m239[0m [96moperator()[0m] Accepted new connection
[2026-08-25 23:44:24.163] [info] [[94mHttpSession.cpp[0m:[95m95[0m [96mhandleRequest[0m] Got request: GET /ndt/get_graph_data
[2026-08-25 23:44:24.163] [info] [[94mHttpSession.cpp[0m:[95m526[0m [96mhandleGetGraphData[0m] Handle Get Graph Data
[2026-08-25 23:44:24.175] [info] [[94mHttpSession.cpp[0m:[95m571[0m [96mhandleGetGraphData[0m] get_graph_data success
[2026-08-25 23:44:24.177] [info] [[94mHttpSession.cpp[0m:[95m397[0m [96mcloseSocket[0m] Close Socket
[2026-08-25 23:44:24.190] [info] [[94mControllerAndOtherEventHandler.cpp[0m:[95m239[0m [96moperator()[0m] Accepted new connection
[2026-08-25 23:44:24.190] [info] [[94mHttpSession.cpp[0m:[95m95[0m [96mhandleRequest[0m] Got request: GET /ndt/get_detected_flow_data
[2026-08-25 23:44:24.190] [info] [[94mHttpSession.cpp[0m:[95m577[0m [96mhandleGetDetectedFlowData[0m] Handle Get Detected Flow Data
[2026-08-25 23:44:24.190] [info] [[94mHttpSession.cpp[0m:[95m397[0m [96mcloseSocket[0m] Close Socket
[2026-08-25 23:44:26.203] [info] [[94mControllerAndOtherEventHandler.cpp[0m:[95m239[0m [96moperator()[0m] Accepted new connection
[2026-08-25 23:44:26.203] [info] [[94mHttpSession.cpp[0m:[95m95[0m [96mhandleRequest[0m] Got request: GET /ndt/get_graph_data
[2026-08-25 23:44:26.203] [info] [[94mHttpSession.cpp[0m:[95m526[0m [96mhandleGetGraphData[0m] Handle Get Graph Data
[2026-08-25 23:44:26.217] [info] [[94mHttpSession.cpp[0m:[95m571[0m [96mhandleGetGraphData[0m] get_graph_data success
[2026-08-25 23:44:26.222] [info] [[94mHttpSession.cpp[0m:[95m397[0m [96mcloseSocket[0m] Close Socket
[2026-08-25 23:44:26.233] [info] [[94mControllerAndOtherEventHandler.cpp[0m:[95m239[0m [96moperator()[0m] Accepted new connection
[2026-08-25 23:44:26.233] [info] [[94mHttpSession.cpp[0m:[95m95[0m [96mhandleRequest[0m] Got request: GET /ndt/get_detected_flow_data
[2026-08-25 23:44:26.233] [info] [[94mHttpSession.cpp[0m:[95m577[0m [96mhandleGetDetectedFlowData[0m] Handle Get Detected Flow Data
[2026-08-25 23:44:26.234] [info] [[94mHttpSession.cpp[0m:[95m397[0m [96mcloseSocket[0m] Close Socket
