ts	iface	rx_bytes	tx_bytes
1787820782.782954187	s10-eth1	8580	10823
1787820782.782954187	s10-eth2	10610	10948
1787820782.782954187	s10-eth3	10540	10725
1787820782.782954187	s10-eth4	10610	10823
1787820782.782954187	s1-eth1	3805693	5207022327
1787820782.782954187	s1-eth10	1562	5079
1787820782.782954187	s1-eth11	457064800	9353
1787820782.782954187	s1-eth12	1472	5009
1787820782.782954187	s1-eth13	1542	5079
1787820782.782954187	s1-eth14	1632	5079
1787820782.782954187	s1-eth15	238194288	8208
1787820782.782954187	s1-eth16	1542	5099
1787820782.782954187	s1-eth17	1632	5009
1787820782.782954187	s1-eth18	1632	4919
1787820782.782954187	s1-eth19	1828248971	8974
1787820782.782954187	s1-eth2	10610	10610
1787820782.782954187	s1-eth20	1472	5079
1787820782.782954187	s1-eth21	1632	5079
1787820782.782954187	s1-eth22	1562	5009
1787820782.782954187	s1-eth23	457069984	8828
1787820782.782954187	s1-eth24	1472	5079
1787820782.782954187	s1-eth25	1632	5009
1787820782.782954187	s1-eth26	1632	4989
1787820782.782954187	s1-eth27	457062634	9192
1787820782.782954187	s1-eth28	1562	5079
1787820782.782954187	s1-eth29	1542	4989
1787820782.782954187	s1-eth3	2038939955	3773266
1787820782.782954187	s1-eth30	1562	4919
1787820782.782954187	s1-eth31	457069839	8829
1787820782.782954187	s1-eth32	1632	4919
1787820782.782954187	s1-eth33	1562	4989
1787820782.782954187	s1-eth34	1632	4989
1787820782.782954187	s1-eth4	1828	5275
1787820782.782954187	s1-eth5	1562	4989
1787820782.782954187	s1-eth6	1632	5009
1787820782.782954187	s1-eth7	457066306	8961
1787820782.782954187	s1-eth8	1632	4919
1787820782.782954187	s1-eth9	1542	4919
1787820782.782954187	s2-eth1	2341735459	1243750559
1787820782.782954187	s2-eth10	1542	5079
1787820782.782954187	s2-eth11	457070785	9332
1787820782.782954187	s2-eth12	1472	5009
1787820782.782954187	s2-eth13	1542	5079
1787820782.782954187	s2-eth14	1632	5079
1787820782.782954187	s2-eth15	238190000	8342
1787820782.782954187	s2-eth16	1632	5009
1787820782.782954187	s2-eth17	1632	5009
1787820782.782954187	s2-eth18	1632	5079
1787820782.782954187	s2-eth19	5437	1179030428
1787820782.782954187	s2-eth2	10512	10610
1787820782.782954187	s2-eth20	1632	5079
1787820782.782954187	s2-eth21	1542	4919
1787820782.782954187	s2-eth22	1562	5079
1787820782.782954187	s2-eth23	5451	375746076
1787820782.782954187	s2-eth24	1542	5009
1787820782.782954187	s2-eth25	1632	5009
1787820782.782954187	s2-eth26	1542	5009
1787820782.782954187	s2-eth27	5655	376110849
1787820782.782954187	s2-eth28	1562	5009
1787820782.782954187	s2-eth29	1472	5079
1787820782.782954187	s2-eth3	91422961	9538
1787820782.782954187	s2-eth30	1542	5114
1787820782.782954187	s2-eth31	5452	375479111
1787820782.782954187	s2-eth32	1472	4989
1787820782.782954187	s2-eth33	1632	5009
1787820782.782954187	s2-eth34	1562	4919
1787820782.782954187	s2-eth4	1562	5079
1787820782.782954187	s2-eth5	1472	5009
1787820782.782954187	s2-eth6	1632	4989
1787820782.782954187	s2-eth7	457051250	9119
1787820782.782954187	s2-eth8	1632	4989
1787820782.782954187	s2-eth9	1472	5009
1787820782.782954187	s3-eth1	2309652159	1466302008
1787820782.782954187	s3-eth10	1542	5079
1787820782.782954187	s3-eth11	5656	366579796
1787820782.782954187	s3-eth12	1312	4919
1787820782.782954187	s3-eth13	1472	5079
1787820782.782954187	s3-eth14	1632	4989
1787820782.782954187	s3-eth15	4671	208864306
1787820782.782954187	s3-eth16	1542	4989
1787820782.782954187	s3-eth17	1542	4919
1787820782.782954187	s3-eth18	1312	5079
1787820782.782954187	s3-eth19	91422028	9076
1787820782.782954187	s3-eth2	10610	10540
1787820782.782954187	s3-eth20	1632	4969
1787820782.782954187	s3-eth21	1542	4899
1787820782.782954187	s3-eth22	1382	4919
1787820782.782954187	s3-eth23	457067696	9102
1787820782.782954187	s3-eth24	1312	4989
1787820782.782954187	s3-eth25	1562	4989
1787820782.782954187	s3-eth26	1382	4919
1787820782.782954187	s3-eth27	457069781	8871
1787820782.782954187	s3-eth28	1472	5079
1787820782.782954187	s3-eth29	1562	5009
1787820782.782954187	s3-eth3	3769533	1344936008
1787820782.782954187	s3-eth30	1472	5079
1787820782.782954187	s3-eth31	457068327	8954
1787820782.782954187	s3-eth32	1382	4919
1787820782.782954187	s3-eth33	1542	4969
1787820782.782954187	s3-eth34	1632	5079
1787820782.782954187	s3-eth4	1542	4989
1787820782.782954187	s3-eth5	1562	5079
1787820782.782954187	s3-eth6	1632	5009
1787820782.782954187	s3-eth7	5584	367568860
1787820782.782954187	s3-eth8	1562	4778
1787820782.782954187	s3-eth9	1632	5079
1787820782.782954187	s4-eth1	2666335112	42946
1787820782.782954187	s4-eth10	1562	4899
1787820782.782954187	s4-eth11	5815	440681646
1787820782.782954187	s4-eth12	1542	4989
1787820782.782954187	s4-eth13	1382	4969
1787820782.782954187	s4-eth14	1312	4989
1787820782.782954187	s4-eth15	4825	230492961
1787820782.782954187	s4-eth16	1382	4989
1787820782.782954187	s4-eth17	1472	4969
1787820782.782954187	s4-eth18	1312	5039
1787820782.782954187	s4-eth19	5649	90757919
1787820782.782954187	s4-eth2	10637	8404
1787820782.782954187	s4-eth20	1632	4989
1787820782.782954187	s4-eth21	1542	4989
1787820782.782954187	s4-eth22	1542	4899
1787820782.782954187	s4-eth23	5495	453245517
1787820782.782954187	s4-eth24	1542	4989
1787820782.782954187	s4-eth25	1472	4989
1787820782.782954187	s4-eth26	1312	5039
1787820782.782954187	s4-eth27	5194	453416089
1787820782.782954187	s4-eth28	1542	5079
1787820782.782954187	s4-eth29	1382	4989
1787820782.782954187	s4-eth3	5841	88394792
1787820782.782954187	s4-eth30	1382	4919
1787820782.782954187	s4-eth31	5574	453230200
1787820782.782954187	s4-eth32	1382	4989
1787820782.782954187	s4-eth33	1382	5039
1787820782.782954187	s4-eth34	1542	4969
1787820782.782954187	s4-eth4	1542	4969
1787820782.782954187	s4-eth5	1382	4969
1787820782.782954187	s4-eth6	1382	5009
1787820782.782954187	s4-eth7	5512	440682119
1787820782.782954187	s4-eth8	1312	4919
1787820782.782954187	s4-eth9	1312	5039
1787820782.782954187	s5-eth1	5207022354	3805720
1787820782.782954187	s5-eth2	1243750586	2341735486
1787820782.782954187	s5-eth3	3806178	3619387596
1787820782.782954187	s5-eth4	10851	8607
1787820782.782954187	s6-eth1	10637	10637
1787820782.782954187	s6-eth2	10637	10539
1787820782.782954187	s6-eth3	10637	8607
1787820782.782954187	s6-eth4	10976	10637
1787820782.782954187	s7-eth1	1466302035	2309652186
1787820782.782954187	s7-eth2	42946	2666335112
1787820782.782954187	s7-eth3	3565431808	3803945
1787820782.782954187	s7-eth4	10753	10567
1787820782.782954187	s8-eth1	10567	10637
1787820782.782954187	s8-eth2	8404	10637
1787820782.782954187	s8-eth3	10567	8537
1787820782.782954187	s8-eth4	10851	10637
1787820782.782954187	s9-eth1	3619387596	3806178
1787820782.782954187	s9-eth2	8607	10637
1787820782.782954187	s9-eth3	3803945	3565431808
1787820782.782954187	s9-eth4	8537	10567
1787820792.993531795	s10-eth1	8634	10879
1787820792.993531795	s10-eth2	10664	11004
1787820792.993531795	s10-eth3	10594	10781
1787820792.993531795	s10-eth4	10664	10879
1787820792.993531795	s1-eth1	3805747	5207022381
1787820792.993531795	s1-eth10	1562	5079
1787820792.993531795	s1-eth11	457064800	9353
1787820792.993531795	s1-eth12	1472	5009
1787820792.993531795	s1-eth13	1542	5079
1787820792.993531795	s1-eth14	1632	5079
1787820792.993531795	s1-eth15	238194288	8208
1787820792.993531795	s1-eth16	1542	5099
1787820792.993531795	s1-eth17	1632	5009
1787820792.993531795	s1-eth18	1632	4919
1787820792.993531795	s1-eth19	1828248971	8974
1787820792.993531795	s1-eth2	10664	10664
1787820792.993531795	s1-eth20	1472	5079
1787820792.993531795	s1-eth21	1632	5079
1787820792.993531795	s1-eth22	1562	5009
1787820792.993531795	s1-eth23	457069984	8828
1787820792.993531795	s1-eth24	1472	5079
1787820792.993531795	s1-eth25	1632	5009
1787820792.993531795	s1-eth26	1632	4989
1787820792.993531795	s1-eth27	457062634	9192
1787820792.993531795	s1-eth28	1562	5079
1787820792.993531795	s1-eth29	1542	4989
1787820792.993531795	s1-eth3	2038939955	3773266
1787820792.993531795	s1-eth30	1562	4919
1787820792.993531795	s1-eth31	457069839	8829
1787820792.993531795	s1-eth32	1632	4919
1787820792.993531795	s1-eth33	1562	4989
1787820792.993531795	s1-eth34	1632	4989
1787820792.993531795	s1-eth4	1828	5275
1787820792.993531795	s1-eth5	1562	4989
1787820792.993531795	s1-eth6	1632	5009
1787820792.993531795	s1-eth7	457066306	8961
1787820792.993531795	s1-eth8	1632	4919
1787820792.993531795	s1-eth9	1542	4919
1787820792.993531795	s2-eth1	2341735513	1243750613
1787820792.993531795	s2-eth10	1542	5079
1787820792.993531795	s2-eth11	457070785	9332
1787820792.993531795	s2-eth12	1472	5009
1787820792.993531795	s2-eth13	1542	5079
1787820792.993531795	s2-eth14	1632	5079
1787820792.993531795	s2-eth15	238190000	8342
1787820792.993531795	s2-eth16	1632	5009
1787820792.993531795	s2-eth17	1632	5009
1787820792.993531795	s2-eth18	1632	5079
1787820792.993531795	s2-eth19	5437	1179030428
1787820792.993531795	s2-eth2	10566	10664
1787820792.993531795	s2-eth20	1632	5079
1787820792.993531795	s2-eth21	1542	4919
1787820792.993531795	s2-eth22	1562	5079
1787820792.993531795	s2-eth23	5451	375746076
1787820792.993531795	s2-eth24	1542	5009
1787820792.993531795	s2-eth25	1632	5009
1787820792.993531795	s2-eth26	1542	5009
1787820792.993531795	s2-eth27	5655	376110849
1787820792.993531795	s2-eth28	1562	5009
1787820792.993531795	s2-eth29	1472	5079
1787820792.993531795	s2-eth3	91422961	9538
1787820792.993531795	s2-eth30	1542	5114
1787820792.993531795	s2-eth31	5452	375479111
1787820792.993531795	s2-eth32	1472	4989
1787820792.993531795	s2-eth33	1632	5009
1787820792.993531795	s2-eth34	1562	4919
1787820792.993531795	s2-eth4	1562	5079
1787820792.993531795	s2-eth5	1472	5009
1787820792.993531795	s2-eth6	1632	4989
1787820792.993531795	s2-eth7	457051250	9119
1787820792.993531795	s2-eth8	1632	4989
1787820792.993531795	s2-eth9	1472	5009
1787820792.993531795	s3-eth1	2309652213	1466302062
1787820792.993531795	s3-eth10	1542	5079
1787820792.993531795	s3-eth11	5656	366579796
1787820792.993531795	s3-eth12	1312	4919
1787820792.993531795	s3-eth13	1472	5079
1787820792.993531795	s3-eth14	1632	4989
1787820792.993531795	s3-eth15	4671	208864306
1787820792.993531795	s3-eth16	1542	4989
1787820792.993531795	s3-eth17	1542	4919
1787820792.993531795	s3-eth18	1312	5079
1787820792.993531795	s3-eth19	91422028	9076
1787820792.993531795	s3-eth2	10664	10594
1787820792.993531795	s3-eth20	1632	4969
1787820792.993531795	s3-eth21	1542	4899
1787820792.993531795	s3-eth22	1382	4919
1787820792.993531795	s3-eth23	457067696	9102
1787820792.993531795	s3-eth24	1312	4989
1787820792.993531795	s3-eth25	1562	4989
1787820792.993531795	s3-eth26	1382	4919
1787820792.993531795	s3-eth27	457069781	8871
1787820792.993531795	s3-eth28	1472	5079
1787820792.993531795	s3-eth29	1562	5009
1787820792.993531795	s3-eth3	3769533	1344936008
1787820792.993531795	s3-eth30	1472	5079
1787820792.993531795	s3-eth31	457068327	8954
1787820792.993531795	s3-eth32	1382	4919
1787820792.993531795	s3-eth33	1542	4969
1787820792.993531795	s3-eth34	1632	5079
1787820792.993531795	s3-eth4	1542	4989
1787820792.993531795	s3-eth5	1562	5079
1787820792.993531795	s3-eth6	1632	5009
1787820792.993531795	s3-eth7	5584	367568860
1787820792.993531795	s3-eth8	1562	4778
1787820792.993531795	s3-eth9	1632	5079
1787820792.993531795	s4-eth1	2666335139	42973
1787820792.993531795	s4-eth10	1562	4899
1787820792.993531795	s4-eth11	5815	440681646
1787820792.993531795	s4-eth12	1542	4989
1787820792.993531795	s4-eth13	1382	4969
1787820792.993531795	s4-eth14	1312	4989
1787820792.993531795	s4-eth15	4825	230492961
1787820792.993531795	s4-eth16	1382	4989
1787820792.993531795	s4-eth17	1472	4969
1787820792.993531795	s4-eth18	1312	5039
1787820792.993531795	s4-eth19	5649	90757919
1787820792.993531795	s4-eth2	10691	8458
1787820792.993531795	s4-eth20	1632	4989
1787820792.993531795	s4-eth21	1542	4989
1787820792.993531795	s4-eth22	1542	4899
1787820792.993531795	s4-eth23	5495	453245517
1787820792.993531795	s4-eth24	1542	4989
1787820792.993531795	s4-eth25	1472	4989
1787820792.993531795	s4-eth26	1312	5039
1787820792.993531795	s4-eth27	5194	453416089
1787820792.993531795	s4-eth28	1542	5079
1787820792.993531795	s4-eth29	1382	4989
1787820792.993531795	s4-eth3	5841	88394792
1787820792.993531795	s4-eth30	1382	4919
1787820792.993531795	s4-eth31	5574	453230200
1787820792.993531795	s4-eth32	1382	4989
1787820792.993531795	s4-eth33	1382	5039
1787820792.993531795	s4-eth34	1542	4969
1787820792.993531795	s4-eth4	1542	4969
1787820792.993531795	s4-eth5	1382	4969
1787820792.993531795	s4-eth6	1382	5009
1787820792.993531795	s4-eth7	5512	440682119
1787820792.993531795	s4-eth8	1312	4919
1787820792.993531795	s4-eth9	1312	5039
1787820792.993531795	s5-eth1	5207022408	3805774
1787820792.993531795	s5-eth2	1243750640	2341735540
1787820792.993531795	s5-eth3	3806232	3619387650
1787820792.993531795	s5-eth4	10907	8661
1787820792.993531795	s6-eth1	10691	10691
1787820792.993531795	s6-eth2	10691	10593
1787820792.993531795	s6-eth3	10691	8661
1787820792.993531795	s6-eth4	11032	10691
1787820792.993531795	s7-eth1	1466302089	2309652240
1787820792.993531795	s7-eth2	43000	2666335166
1787820792.993531795	s7-eth3	3565431862	3803999
1787820792.993531795	s7-eth4	10809	10621
1787820792.993531795	s8-eth1	10621	10691
1787820792.993531795	s8-eth2	8458	10691
1787820792.993531795	s8-eth3	10621	8591
1787820792.993531795	s8-eth4	10907	10691
1787820792.993531795	s9-eth1	3619387650	3806232
1787820792.993531795	s9-eth2	8661	10691
1787820792.993531795	s9-eth3	3803999	3565431862
1787820792.993531795	s9-eth4	8591	10621
1787820801.754854161	s10-eth1	8661	10907
1787820801.754854161	s10-eth2	10691	11032
1787820801.754854161	s10-eth3	10621	10809
1787820801.754854161	s10-eth4	10691	10907
1787820801.754854161	s1-eth1	3805774	5207022408
1787820801.754854161	s1-eth10	1562	5079
1787820801.754854161	s1-eth11	457064800	9353
1787820801.754854161	s1-eth12	1472	5009
1787820801.754854161	s1-eth13	1542	5079
1787820801.754854161	s1-eth14	1632	5079
1787820801.754854161	s1-eth15	238194288	8208
1787820801.754854161	s1-eth16	1542	5099
1787820801.754854161	s1-eth17	1632	5009
1787820801.754854161	s1-eth18	1632	4919
1787820801.754854161	s1-eth19	1828248971	8974
1787820801.754854161	s1-eth2	10718	10718
1787820801.754854161	s1-eth20	1472	5079
1787820801.754854161	s1-eth21	1632	5079
1787820801.754854161	s1-eth22	1562	5009
1787820801.754854161	s1-eth23	457069984	8828
1787820801.754854161	s1-eth24	1472	5079
1787820801.754854161	s1-eth25	1632	5009
1787820801.754854161	s1-eth26	1632	4989
1787820801.754854161	s1-eth27	457062634	9192
1787820801.754854161	s1-eth28	1562	5079
1787820801.754854161	s1-eth29	1542	4989
1787820801.754854161	s1-eth3	2038939955	3773266
1787820801.754854161	s1-eth30	1562	4919
1787820801.754854161	s1-eth31	457069839	8829
1787820801.754854161	s1-eth32	1632	4919
1787820801.754854161	s1-eth33	1562	4989
1787820801.754854161	s1-eth34	1632	4989
1787820801.754854161	s1-eth4	1828	5275
1787820801.754854161	s1-eth5	1562	4989
1787820801.754854161	s1-eth6	1632	5009
1787820801.754854161	s1-eth7	457066306	8961
1787820801.754854161	s1-eth8	1632	4989
1787820801.754854161	s1-eth9	1542	4919
1787820801.754854161	s2-eth1	2341735567	1243750667
1787820801.754854161	s2-eth10	1542	5079
1787820801.754854161	s2-eth11	457070785	9332
1787820801.754854161	s2-eth12	1472	5079
1787820801.754854161	s2-eth13	1542	5079
1787820801.754854161	s2-eth14	1632	5079
1787820801.754854161	s2-eth15	238190000	8342
1787820801.754854161	s2-eth16	1632	5009
1787820801.754854161	s2-eth17	1632	5009
1787820801.754854161	s2-eth18	1632	5079
1787820801.754854161	s2-eth19	5437	1179030428
1787820801.754854161	s2-eth2	10620	10718
1787820801.754854161	s2-eth20	1632	5079
1787820801.754854161	s2-eth21	1542	4989
1787820801.754854161	s2-eth22	1562	5079
1787820801.754854161	s2-eth23	5451	375746076
1787820801.754854161	s2-eth24	1542	5079
1787820801.754854161	s2-eth25	1632	5079
1787820801.754854161	s2-eth26	1542	5009
1787820801.754854161	s2-eth27	5655	376110849
1787820801.754854161	s2-eth28	1632	5079
1787820801.754854161	s2-eth29	1542	5079
1787820801.754854161	s2-eth3	91422961	9538
1787820801.754854161	s2-eth30	1542	5184
1787820801.754854161	s2-eth31	5452	375479111
1787820801.754854161	s2-eth32	1542	4989
1787820801.754854161	s2-eth33	1632	5009
1787820801.754854161	s2-eth34	1562	4919
1787820801.754854161	s2-eth4	1562	5079
1787820801.754854161	s2-eth5	1472	5009
1787820801.754854161	s2-eth6	1632	4989
1787820801.754854161	s2-eth7	457051250	9119
1787820801.754854161	s2-eth8	1632	4989
1787820801.754854161	s2-eth9	1472	5009
1787820801.754854161	s3-eth1	2309652267	1466302116
1787820801.754854161	s3-eth10	1542	5079
1787820801.754854161	s3-eth11	5656	366579866
1787820801.754854161	s3-eth12	1382	4919
1787820801.754854161	s3-eth13	1472	5079
1787820801.754854161	s3-eth14	1632	4989
1787820801.754854161	s3-eth15	4671	208864306
1787820801.754854161	s3-eth16	1542	4989
1787820801.754854161	s3-eth17	1542	4989
1787820801.754854161	s3-eth18	1312	5079
1787820801.754854161	s3-eth19	91422098	9076
1787820801.754854161	s3-eth2	10718	10648
1787820801.754854161	s3-eth20	1632	4969
1787820801.754854161	s3-eth21	1542	4899
1787820801.754854161	s3-eth22	1382	4919
1787820801.754854161	s3-eth23	457067696	9102
1787820801.754854161	s3-eth24	1312	4989
1787820801.754854161	s3-eth25	1632	4989
1787820801.754854161	s3-eth26	1382	4919
1787820801.754854161	s3-eth27	457069781	8871
1787820801.754854161	s3-eth28	1472	5079
1787820801.754854161	s3-eth29	1562	5009
1787820801.754854161	s3-eth3	3769533	1344936008
1787820801.754854161	s3-eth30	1542	5079
1787820801.754854161	s3-eth31	457068327	8954
1787820801.754854161	s3-eth32	1382	4919
1787820801.754854161	s3-eth33	1542	4969
1787820801.754854161	s3-eth34	1632	5079
1787820801.754854161	s3-eth4	1542	4989
1787820801.754854161	s3-eth5	1562	5079
1787820801.754854161	s3-eth6	1632	5079
1787820801.754854161	s3-eth7	5584	367568860
1787820801.754854161	s3-eth8	1632	4778
1787820801.754854161	s3-eth9	1632	5079
1787820801.754854161	s4-eth1	2666335220	43054
1787820801.754854161	s4-eth10	1562	4899
1787820801.754854161	s4-eth11	5815	440681646
1787820801.754854161	s4-eth12	1542	4989
1787820801.754854161	s4-eth13	1382	4969
1787820801.754854161	s4-eth14	1312	4989
1787820801.754854161	s4-eth15	4825	230492961
1787820801.754854161	s4-eth16	1382	4989
1787820801.754854161	s4-eth17	1472	4969
1787820801.754854161	s4-eth18	1382	5039
1787820801.754854161	s4-eth19	5719	90757919
1787820801.754854161	s4-eth2	10745	8512
1787820801.754854161	s4-eth20	1632	4989
1787820801.754854161	s4-eth21	1542	4989
1787820801.754854161	s4-eth22	1542	4899
1787820801.754854161	s4-eth23	5495	453245517
1787820801.754854161	s4-eth24	1542	4989
1787820801.754854161	s4-eth25	1472	4989
1787820801.754854161	s4-eth26	1312	5039
1787820801.754854161	s4-eth27	5194	453416089
1787820801.754854161	s4-eth28	1542	5079
1787820801.754854161	s4-eth29	1382	4989
1787820801.754854161	s4-eth3	5841	88394792
1787820801.754854161	s4-eth30	1382	4919
1787820801.754854161	s4-eth31	5574	453230200
1787820801.754854161	s4-eth32	1382	4989
1787820801.754854161	s4-eth33	1382	5039
1787820801.754854161	s4-eth34	1542	4969
1787820801.754854161	s4-eth4	1542	4969
1787820801.754854161	s4-eth5	1382	4969
1787820801.754854161	s4-eth6	1382	5009
1787820801.754854161	s4-eth7	5512	440682189
1787820801.754854161	s4-eth8	1312	4919
1787820801.754854161	s4-eth9	1382	5039
1787820801.754854161	s5-eth1	5207022462	3805828
1787820801.754854161	s5-eth2	1243750694	2341735594
1787820801.754854161	s5-eth3	3806286	3619387704
1787820801.754854161	s5-eth4	10963	8715
1787820801.754854161	s6-eth1	10745	10745
1787820801.754854161	s6-eth2	10745	10647
1787820801.754854161	s6-eth3	10745	8715
1787820801.754854161	s6-eth4	11088	10745
1787820801.754854161	s7-eth1	1466302143	2309652294
1787820801.754854161	s7-eth2	43054	2666335220
1787820801.754854161	s7-eth3	3565431916	3804053
1787820801.754854161	s7-eth4	10865	10745
1787820801.754854161	s8-eth1	10675	10745
1787820801.754854161	s8-eth2	8512	10745
1787820801.754854161	s8-eth3	10675	8715
1787820801.754854161	s8-eth4	10963	10745
1787820801.754854161	s9-eth1	3619387704	3806286
1787820801.754854161	s9-eth2	8715	10745
1787820801.754854161	s9-eth3	3804053	3565431916
1787820801.754854161	s9-eth4	8715	10675
1787820814.379783665	s10-eth1	8742	10991
1787820814.379783665	s10-eth2	10772	11116
1787820814.379783665	s10-eth3	10772	10893
1787820814.379783665	s10-eth4	10772	10991
1787820814.379783665	s1-eth1	3805855	5207022489
1787820814.379783665	s1-eth10	1562	5079
1787820814.379783665	s1-eth11	457064870	9353
1787820814.379783665	s1-eth12	1472	5079
1787820814.379783665	s1-eth13	1542	5079
1787820814.379783665	s1-eth14	1632	5079
1787820814.379783665	s1-eth15	238194288	8208
1787820814.379783665	s1-eth16	1542	5099
1787820814.379783665	s1-eth17	1632	5009
1787820814.379783665	s1-eth18	1632	4919
1787820814.379783665	s1-eth19	1828248971	8974
1787820814.379783665	s1-eth2	10772	10772
1787820814.379783665	s1-eth20	1472	5079
1787820814.379783665	s1-eth21	1632	5079
1787820814.379783665	s1-eth22	1562	5009
1787820814.379783665	s1-eth23	457069984	8898
1787820814.379783665	s1-eth24	1542	5079
1787820814.379783665	s1-eth25	1632	5009
1787820814.379783665	s1-eth26	1632	4989
1787820814.379783665	s1-eth27	457062634	9192
1787820814.379783665	s1-eth28	1562	5079
1787820814.379783665	s1-eth29	1542	4989
1787820814.379783665	s1-eth3	2038939955	3773266
1787820814.379783665	s1-eth30	1632	4919
1787820814.379783665	s1-eth31	457069839	8829
1787820814.379783665	s1-eth32	1632	4989
1787820814.379783665	s1-eth33	1562	4989
1787820814.379783665	s1-eth34	1632	4989
1787820814.379783665	s1-eth4	1828	5275
1787820814.379783665	s1-eth5	1562	4989
1787820814.379783665	s1-eth6	1632	5009
1787820814.379783665	s1-eth7	457066306	8961
1787820814.379783665	s1-eth8	1632	4989
1787820814.379783665	s1-eth9	1542	4919
1787820814.379783665	s2-eth1	2341735621	1243750721
1787820814.379783665	s2-eth10	1542	5079
1787820814.379783665	s2-eth11	457070785	9332
1787820814.379783665	s2-eth12	1472	5079
1787820814.379783665	s2-eth13	1542	5079
1787820814.379783665	s2-eth14	1632	5079
1787820814.379783665	s2-eth15	238190000	8342
1787820814.379783665	s2-eth16	1632	5009
1787820814.379783665	s2-eth17	1632	5009
1787820814.379783665	s2-eth18	1632	5079
1787820814.379783665	s2-eth19	5437	1179030428
1787820814.379783665	s2-eth2	10674	10772
1787820814.379783665	s2-eth20	1632	5079
1787820814.379783665	s2-eth21	1542	4989
1787820814.379783665	s2-eth22	1562	5079
1787820814.379783665	s2-eth23	5451	375746076
1787820814.379783665	s2-eth24	1542	5079
1787820814.379783665	s2-eth25	1632	5079
1787820814.379783665	s2-eth26	1542	5009
1787820814.379783665	s2-eth27	5655	376110849
1787820814.379783665	s2-eth28	1632	5079
1787820814.379783665	s2-eth29	1542	5079
1787820814.379783665	s2-eth3	91422961	9538
1787820814.379783665	s2-eth30	1542	5184
1787820814.379783665	s2-eth31	5452	375479111
1787820814.379783665	s2-eth32	1542	4989
1787820814.379783665	s2-eth33	1632	5009
1787820814.379783665	s2-eth34	1562	4919
1787820814.379783665	s2-eth4	1562	5079
1787820814.379783665	s2-eth5	1472	5009
1787820814.379783665	s2-eth6	1632	4989
1787820814.379783665	s2-eth7	457051250	9119
1787820814.379783665	s2-eth8	1632	4989
1787820814.379783665	s2-eth9	1472	5009
1787820814.379783665	s3-eth1	2309652348	1466302197
1787820814.379783665	s3-eth10	1542	5079
1787820814.379783665	s3-eth11	5656	366579866
1787820814.379783665	s3-eth12	1382	4919
1787820814.379783665	s3-eth13	1472	5079
1787820814.379783665	s3-eth14	1632	4989
1787820814.379783665	s3-eth15	4671	208864306
1787820814.379783665	s3-eth16	1542	4989
1787820814.379783665	s3-eth17	1542	4989
1787820814.379783665	s3-eth18	1312	5079
1787820814.379783665	s3-eth19	91422098	9076
1787820814.379783665	s3-eth2	10799	10729
1787820814.379783665	s3-eth20	1632	4969
1787820814.379783665	s3-eth21	1542	4899
1787820814.379783665	s3-eth22	1382	4919
1787820814.379783665	s3-eth23	457067696	9102
1787820814.379783665	s3-eth24	1312	4989
1787820814.379783665	s3-eth25	1632	4989
1787820814.379783665	s3-eth26	1382	4919
1787820814.379783665	s3-eth27	457069781	8871
1787820814.379783665	s3-eth28	1472	5079
1787820814.379783665	s3-eth29	1562	5009
1787820814.379783665	s3-eth3	3769533	1344936008
1787820814.379783665	s3-eth30	1542	5079
1787820814.379783665	s3-eth31	457068327	8954
1787820814.379783665	s3-eth32	1382	4919
1787820814.379783665	s3-eth33	1542	4969
1787820814.379783665	s3-eth34	1632	5079
1787820814.379783665	s3-eth4	1542	4989
1787820814.379783665	s3-eth5	1562	5079
1787820814.379783665	s3-eth6	1632	5079
1787820814.379783665	s3-eth7	5584	367568860
1787820814.379783665	s3-eth8	1632	4778
1787820814.379783665	s3-eth9	1632	5079
1787820814.379783665	s4-eth1	2666335274	43108
1787820814.379783665	s4-eth10	1562	4899
1787820814.379783665	s4-eth11	5815	440681646
1787820814.379783665	s4-eth12	1542	4989
1787820814.379783665	s4-eth13	1382	4969
1787820814.379783665	s4-eth14	1312	4989
1787820814.379783665	s4-eth15	4825	230492961
1787820814.379783665	s4-eth16	1382	4989
1787820814.379783665	s4-eth17	1472	4969
1787820814.379783665	s4-eth18	1382	5039
1787820814.379783665	s4-eth19	5719	90757919
1787820814.379783665	s4-eth2	10799	8566
1787820814.379783665	s4-eth20	1632	4989
1787820814.379783665	s4-eth21	1542	4989
1787820814.379783665	s4-eth22	1542	4899
1787820814.379783665	s4-eth23	5495	453245517
1787820814.379783665	s4-eth24	1542	4989
1787820814.379783665	s4-eth25	1472	4989
1787820814.379783665	s4-eth26	1312	5039
1787820814.379783665	s4-eth27	5194	453416089
1787820814.379783665	s4-eth28	1542	5079
1787820814.379783665	s4-eth29	1382	4989
1787820814.379783665	s4-eth3	5841	88394792
1787820814.379783665	s4-eth30	1382	4919
1787820814.379783665	s4-eth31	5574	453230200
1787820814.379783665	s4-eth32	1382	4989
1787820814.379783665	s4-eth33	1382	5039
1787820814.379783665	s4-eth34	1542	4969
1787820814.379783665	s4-eth4	1542	4969
1787820814.379783665	s4-eth5	1382	4969
1787820814.379783665	s4-eth6	1382	5009
1787820814.379783665	s4-eth7	5512	440682189
1787820814.379783665	s4-eth8	1312	4919
1787820814.379783665	s4-eth9	1382	5039
1787820814.379783665	s5-eth1	5207022516	3805882
1787820814.379783665	s5-eth2	1243750775	2341735675
1787820814.379783665	s5-eth3	3806367	3619387785
1787820814.379783665	s5-eth4	11047	8796
1787820814.379783665	s6-eth1	10826	10826
1787820814.379783665	s6-eth2	10826	10728
1787820814.379783665	s6-eth3	10826	8796
1787820814.379783665	s6-eth4	11172	10826
1787820814.379783665	s7-eth1	1466302224	2309652375
1787820814.379783665	s7-eth2	43135	2666335301
1787820814.379783665	s7-eth3	3565431997	3804134
1787820814.379783665	s7-eth4	10949	10826
1787820814.379783665	s8-eth1	10756	10826
1787820814.379783665	s8-eth2	8593	10826
1787820814.379783665	s8-eth3	10756	8796
1787820814.379783665	s8-eth4	11047	10826
1787820814.379783665	s9-eth1	3619387785	3806367
1787820814.379783665	s9-eth2	8796	10826
1787820814.379783665	s9-eth3	3804134	3565431997
1787820814.379783665	s9-eth4	8796	10756
1787820826.067755356	s10-eth1	8796	11047
1787820826.067755356	s10-eth2	10826	11172
1787820826.067755356	s10-eth3	10826	10949
1787820826.067755356	s10-eth4	10826	11047
1787820826.067755356	s1-eth1	3805909	5207022543
1787820826.067755356	s1-eth10	1562	5079
1787820826.067755356	s1-eth11	457064870	9353
1787820826.067755356	s1-eth12	1472	5079
1787820826.067755356	s1-eth13	1542	5079
1787820826.067755356	s1-eth14	1632	5079
1787820826.067755356	s1-eth15	238194288	8208
1787820826.067755356	s1-eth16	1542	5099
1787820826.067755356	s1-eth17	1632	5009
1787820826.067755356	s1-eth18	1632	4919
1787820826.067755356	s1-eth19	1828248971	8974
1787820826.067755356	s1-eth2	10826	10826
1787820826.067755356	s1-eth20	1472	5079
1787820826.067755356	s1-eth21	1632	5079
1787820826.067755356	s1-eth22	1562	5009
1787820826.067755356	s1-eth23	457069984	8898
1787820826.067755356	s1-eth24	1542	5079
1787820826.067755356	s1-eth25	1632	5009
1787820826.067755356	s1-eth26	1632	4989
1787820826.067755356	s1-eth27	457062634	9192
1787820826.067755356	s1-eth28	1562	5079
1787820826.067755356	s1-eth29	1542	4989
1787820826.067755356	s1-eth3	2038939955	3773266
1787820826.067755356	s1-eth30	1632	4919
1787820826.067755356	s1-eth31	457069839	8829
1787820826.067755356	s1-eth32	1632	4989
1787820826.067755356	s1-eth33	1562	4989
1787820826.067755356	s1-eth34	1632	4989
1787820826.067755356	s1-eth4	1828	5275
1787820826.067755356	s1-eth5	1562	4989
1787820826.067755356	s1-eth6	1632	5009
1787820826.067755356	s1-eth7	457066306	8961
1787820826.067755356	s1-eth8	1632	4989
1787820826.067755356	s1-eth9	1542	4919
1787820826.067755356	s2-eth1	2341735702	1243750802
1787820826.067755356	s2-eth10	1542	5079
1787820826.067755356	s2-eth11	457070785	9332
1787820826.067755356	s2-eth12	1472	5079
1787820826.067755356	s2-eth13	1542	5079
1787820826.067755356	s2-eth14	1632	5079
1787820826.067755356	s2-eth15	238190000	8342
1787820826.067755356	s2-eth16	1632	5009
1787820826.067755356	s2-eth17	1632	5009
1787820826.067755356	s2-eth18	1632	5079
1787820826.067755356	s2-eth19	5437	1179030428
1787820826.067755356	s2-eth2	10755	10853
1787820826.067755356	s2-eth20	1632	5079
1787820826.067755356	s2-eth21	1542	4989
1787820826.067755356	s2-eth22	1562	5079
1787820826.067755356	s2-eth23	5451	375746076
1787820826.067755356	s2-eth24	1542	5079
1787820826.067755356	s2-eth25	1632	5079
1787820826.067755356	s2-eth26	1542	5009
1787820826.067755356	s2-eth27	5655	376110849
1787820826.067755356	s2-eth28	1632	5079
1787820826.067755356	s2-eth29	1542	5079
1787820826.067755356	s2-eth3	91422961	9538
1787820826.067755356	s2-eth30	1542	5184
1787820826.067755356	s2-eth31	5452	375479111
1787820826.067755356	s2-eth32	1542	4989
1787820826.067755356	s2-eth33	1632	5009
1787820826.067755356	s2-eth34	1562	4919
1787820826.067755356	s2-eth4	1562	5079
1787820826.067755356	s2-eth5	1472	5009
1787820826.067755356	s2-eth6	1632	4989
1787820826.067755356	s2-eth7	457051250	9119
1787820826.067755356	s2-eth8	1632	4989
1787820826.067755356	s2-eth9	1472	5009
1787820826.067755356	s3-eth1	2309652402	1466302251
1787820826.067755356	s3-eth10	1542	5079
1787820826.067755356	s3-eth11	5656	366579866
1787820826.067755356	s3-eth12	1382	4919
1787820826.067755356	s3-eth13	1472	5079
1787820826.067755356	s3-eth14	1632	4989
1787820826.067755356	s3-eth15	4671	208864306
1787820826.067755356	s3-eth16	1542	4989
1787820826.067755356	s3-eth17	1542	4989
1787820826.067755356	s3-eth18	1312	5079
1787820826.067755356	s3-eth19	91422098	9076
1787820826.067755356	s3-eth2	10853	10783
1787820826.067755356	s3-eth20	1632	4969
1787820826.067755356	s3-eth21	1542	4899
1787820826.067755356	s3-eth22	1382	4919
1787820826.067755356	s3-eth23	457067696	9102
1787820826.067755356	s3-eth24	1312	4989
1787820826.067755356	s3-eth25	1632	4989
1787820826.067755356	s3-eth26	1382	4919
1787820826.067755356	s3-eth27	457069781	8871
1787820826.067755356	s3-eth28	1472	5079
1787820826.067755356	s3-eth29	1562	5009
1787820826.067755356	s3-eth3	3769533	1344936008
1787820826.067755356	s3-eth30	1542	5079
1787820826.067755356	s3-eth31	457068327	8954
1787820826.067755356	s3-eth32	1382	4919
1787820826.067755356	s3-eth33	1542	4969
1787820826.067755356	s3-eth34	1632	5079
1787820826.067755356	s3-eth4	1542	4989
1787820826.067755356	s3-eth5	1562	5079
1787820826.067755356	s3-eth6	1632	5079
1787820826.067755356	s3-eth7	5584	367568860
1787820826.067755356	s3-eth8	1632	4778
1787820826.067755356	s3-eth9	1632	5079
1787820826.067755356	s4-eth1	2666335328	43162
1787820826.067755356	s4-eth10	1562	4899
1787820826.067755356	s4-eth11	5815	440681646
1787820826.067755356	s4-eth12	1542	4989
1787820826.067755356	s4-eth13	1382	4969
1787820826.067755356	s4-eth14	1312	4989
1787820826.067755356	s4-eth15	4825	230492961
1787820826.067755356	s4-eth16	1382	4989
1787820826.067755356	s4-eth17	1472	4969
1787820826.067755356	s4-eth18	1382	5039
1787820826.067755356	s4-eth19	5719	90757919
1787820826.067755356	s4-eth2	10880	8647
1787820826.067755356	s4-eth20	1632	4989
1787820826.067755356	s4-eth21	1542	4989
1787820826.067755356	s4-eth22	1542	4899
1787820826.067755356	s4-eth23	5495	453245517
1787820826.067755356	s4-eth24	1542	4989
1787820826.067755356	s4-eth25	1472	4989
1787820826.067755356	s4-eth26	1312	5039
1787820826.067755356	s4-eth27	5194	453416089
1787820826.067755356	s4-eth28	1542	5079
1787820826.067755356	s4-eth29	1382	4989
1787820826.067755356	s4-eth3	5841	88394792
1787820826.067755356	s4-eth30	1382	4919
1787820826.067755356	s4-eth31	5574	453230200
1787820826.067755356	s4-eth32	1382	4989
1787820826.067755356	s4-eth33	1382	5039
1787820826.067755356	s4-eth34	1542	4969
1787820826.067755356	s4-eth4	1542	4969
1787820826.067755356	s4-eth5	1382	4969
1787820826.067755356	s4-eth6	1382	5009
1787820826.067755356	s4-eth7	5512	440682189
1787820826.067755356	s4-eth8	1312	4919
1787820826.067755356	s4-eth9	1382	5039
1787820826.067755356	s5-eth1	5207022597	3805963
1787820826.067755356	s5-eth2	1243750829	2341735729
1787820826.067755356	s5-eth3	3806421	3619387839
1787820826.067755356	s5-eth4	11103	8850
1787820826.067755356	s6-eth1	10880	10880
1787820826.067755356	s6-eth2	10880	10782
1787820826.067755356	s6-eth3	10880	8850
1787820826.067755356	s6-eth4	11228	10880
1787820826.067755356	s7-eth1	1466302278	2309652429
1787820826.067755356	s7-eth2	43189	2666335355
1787820826.067755356	s7-eth3	3565432051	3804188
1787820826.067755356	s7-eth4	11005	10880
1787820826.067755356	s8-eth1	10810	10880
1787820826.067755356	s8-eth2	8647	10880
1787820826.067755356	s8-eth3	10810	8850
1787820826.067755356	s8-eth4	11103	10880
1787820826.067755356	s9-eth1	3619387839	3806421
1787820826.067755356	s9-eth2	8850	10880
1787820826.067755356	s9-eth3	3804188	3565432051
1787820826.067755356	s9-eth4	8850	10810
1787820836.929540296	s10-eth1	8850	11103
1787820836.929540296	s10-eth2	10880	11228
1787820836.929540296	s10-eth3	10880	11005
1787820836.929540296	s10-eth4	10880	11103
1787820836.929540296	s1-eth1	3805963	5207022597
1787820836.929540296	s1-eth10	1632	5079
1787820836.929540296	s1-eth11	457064870	9353
1787820836.929540296	s1-eth12	1542	5079
1787820836.929540296	s1-eth13	1542	5079
1787820836.929540296	s1-eth14	1632	5079
1787820836.929540296	s1-eth15	238194288	8208
1787820836.929540296	s1-eth16	1542	5099
1787820836.929540296	s1-eth17	1632	5009
1787820836.929540296	s1-eth18	1632	4919
1787820836.929540296	s1-eth19	1828248971	8974
1787820836.929540296	s1-eth2	10880	10907
1787820836.929540296	s1-eth20	1542	5079
1787820836.929540296	s1-eth21	1632	5079
1787820836.929540296	s1-eth22	1562	5079
1787820836.929540296	s1-eth23	457070054	8898
1787820836.929540296	s1-eth24	1542	5079
1787820836.929540296	s1-eth25	1632	5009
1787820836.929540296	s1-eth26	1632	4989
1787820836.929540296	s1-eth27	457062634	9192
1787820836.929540296	s1-eth28	1562	5079
1787820836.929540296	s1-eth29	1542	4989
1787820836.929540296	s1-eth3	2038939955	3773266
1787820836.929540296	s1-eth30	1632	4989
1787820836.929540296	s1-eth31	457069839	8899
1787820836.929540296	s1-eth32	1632	4989
1787820836.929540296	s1-eth33	1632	4989
1787820836.929540296	s1-eth34	1632	4989
1787820836.929540296	s1-eth4	1828	5275
1787820836.929540296	s1-eth5	1562	4989
1787820836.929540296	s1-eth6	1632	5079
1787820836.929540296	s1-eth7	457066306	8961
1787820836.929540296	s1-eth8	1632	4989
1787820836.929540296	s1-eth9	1542	4919
1787820836.929540296	s2-eth1	2341735756	1243750856
1787820836.929540296	s2-eth10	1542	5079
1787820836.929540296	s2-eth11	457070855	9332
1787820836.929540296	s2-eth12	1542	5079
1787820836.929540296	s2-eth13	1542	5079
1787820836.929540296	s2-eth14	1632	5079
1787820836.929540296	s2-eth15	238190000	8342
1787820836.929540296	s2-eth16	1632	5009
1787820836.929540296	s2-eth17	1632	5009
1787820836.929540296	s2-eth18	1632	5079
1787820836.929540296	s2-eth19	5437	1179030428
1787820836.929540296	s2-eth2	10809	10907
1787820836.929540296	s2-eth20	1632	5079
1787820836.929540296	s2-eth21	1542	4989
1787820836.929540296	s2-eth22	1632	5079
1787820836.929540296	s2-eth23	5451	375746076
1787820836.929540296	s2-eth24	1542	5079
1787820836.929540296	s2-eth25	1632	5079
1787820836.929540296	s2-eth26	1542	5009
1787820836.929540296	s2-eth27	5655	376110849
1787820836.929540296	s2-eth28	1632	5079
1787820836.929540296	s2-eth29	1542	5079
1787820836.929540296	s2-eth3	91422961	9538
1787820836.929540296	s2-eth30	1542	5184
1787820836.929540296	s2-eth31	5452	375479181
1787820836.929540296	s2-eth32	1542	4989
1787820836.929540296	s2-eth33	1632	5009
1787820836.929540296	s2-eth34	1562	4919
1787820836.929540296	s2-eth4	1632	5079
1787820836.929540296	s2-eth5	1472	5009
1787820836.929540296	s2-eth6	1632	4989
1787820836.929540296	s2-eth7	457051250	9119
1787820836.929540296	s2-eth8	1632	4989
1787820836.929540296	s2-eth9	1472	5009
1787820836.929540296	s3-eth1	2309652456	1466302305
1787820836.929540296	s3-eth10	1542	5079
1787820836.929540296	s3-eth11	5656	366579866
1787820836.929540296	s3-eth12	1382	4989
1787820836.929540296	s3-eth13	1542	5079
1787820836.929540296	s3-eth14	1632	4989
1787820836.929540296	s3-eth15	4671	208864306
1787820836.929540296	s3-eth16	1542	4989
1787820836.929540296	s3-eth17	1542	4989
1787820836.929540296	s3-eth18	1382	5079
1787820836.929540296	s3-eth19	91422098	9146
1787820836.929540296	s3-eth2	10907	10837
1787820836.929540296	s3-eth20	1632	4969
1787820836.929540296	s3-eth21	1542	4899
1787820836.929540296	s3-eth22	1382	4989
1787820836.929540296	s3-eth23	457067696	9102
1787820836.929540296	s3-eth24	1312	4989
1787820836.929540296	s3-eth25	1632	4989
1787820836.929540296	s3-eth26	1382	4919
1787820836.929540296	s3-eth27	457069781	8871
1787820836.929540296	s3-eth28	1542	5079
1787820836.929540296	s3-eth29	1632	5009
1787820836.929540296	s3-eth3	3769533	1344936008
1787820836.929540296	s3-eth30	1542	5079
1787820836.929540296	s3-eth31	457068327	8954
1787820836.929540296	s3-eth32	1382	4919
1787820836.929540296	s3-eth33	1542	4969
1787820836.929540296	s3-eth34	1632	5079
1787820836.929540296	s3-eth4	1542	4989
1787820836.929540296	s3-eth5	1562	5079
1787820836.929540296	s3-eth6	1632	5079
1787820836.929540296	s3-eth7	5584	367568860
1787820836.929540296	s3-eth8	1632	4778
1787820836.929540296	s3-eth9	1632	5079
1787820836.929540296	s4-eth1	2666335452	43216
1787820836.929540296	s4-eth10	1562	4899
1787820836.929540296	s4-eth11	5815	440681646
1787820836.929540296	s4-eth12	1542	4989
1787820836.929540296	s4-eth13	1382	4969
1787820836.929540296	s4-eth14	1312	4989
1787820836.929540296	s4-eth15	4825	230492961
1787820836.929540296	s4-eth16	1382	4989
1787820836.929540296	s4-eth17	1472	4969
1787820836.929540296	s4-eth18	1382	5039
1787820836.929540296	s4-eth19	5719	90757919
1787820836.929540296	s4-eth2	10907	8674
1787820836.929540296	s4-eth20	1632	4989
1787820836.929540296	s4-eth21	1542	4989
1787820836.929540296	s4-eth22	1542	4899
1787820836.929540296	s4-eth23	5495	453245517
1787820836.929540296	s4-eth24	1542	4989
1787820836.929540296	s4-eth25	1472	4989
1787820836.929540296	s4-eth26	1382	5039
1787820836.929540296	s4-eth27	5264	453416089
1787820836.929540296	s4-eth28	1542	5079
1787820836.929540296	s4-eth29	1382	4989
1787820836.929540296	s4-eth3	5841	88394792
1787820836.929540296	s4-eth30	1382	4919
1787820836.929540296	s4-eth31	5574	453230200
1787820836.929540296	s4-eth32	1382	4989
1787820836.929540296	s4-eth33	1382	5039
1787820836.929540296	s4-eth34	1542	4969
1787820836.929540296	s4-eth4	1542	4969
1787820836.929540296	s4-eth5	1382	4969
1787820836.929540296	s4-eth6	1382	5009
1787820836.929540296	s4-eth7	5582	440682189
1787820836.929540296	s4-eth8	1312	4989
1787820836.929540296	s4-eth9	1382	5039
1787820836.929540296	s5-eth1	5207022624	3805990
1787820836.929540296	s5-eth2	1243750856	2341735756
1787820836.929540296	s5-eth3	3806448	3619387866
1787820836.929540296	s5-eth4	11131	8877
1787820836.929540296	s6-eth1	10907	10907
1787820836.929540296	s6-eth2	10907	10809
1787820836.929540296	s6-eth3	10907	8877
1787820836.929540296	s6-eth4	11256	10907
1787820836.929540296	s7-eth1	1466302305	2309652456
1787820836.929540296	s7-eth2	43216	2666335452
1787820836.929540296	s7-eth3	3565432078	3804215
1787820836.929540296	s7-eth4	11033	10907
1787820836.929540296	s8-eth1	10837	10907
1787820836.929540296	s8-eth2	8674	10907
1787820836.929540296	s8-eth3	10837	8877
1787820836.929540296	s8-eth4	11131	10907
1787820836.929540296	s9-eth1	3619387866	3806448
1787820836.929540296	s9-eth2	8877	10907
1787820836.929540296	s9-eth3	3804215	3565432078
1787820836.929540296	s9-eth4	8877	10837
1787820844.016535251	s10-eth1	8904	11159
1787820844.016535251	s10-eth2	10934	11284
1787820844.016535251	s10-eth3	10934	11061
1787820844.016535251	s10-eth4	10934	11159
1787820844.016535251	s1-eth1	3806017	5207022651
1787820844.016535251	s1-eth10	1632	5079
1787820844.016535251	s1-eth11	457064870	9353
1787820844.016535251	s1-eth12	1542	5079
1787820844.016535251	s1-eth13	1542	5079
1787820844.016535251	s1-eth14	1632	5079
1787820844.016535251	s1-eth15	238194288	8208
1787820844.016535251	s1-eth16	1542	5099
1787820844.016535251	s1-eth17	1632	5009
1787820844.016535251	s1-eth18	1632	4919
1787820844.016535251	s1-eth19	1828248971	8974
1787820844.016535251	s1-eth2	10934	10934
1787820844.016535251	s1-eth20	1542	5079
1787820844.016535251	s1-eth21	1632	5079
1787820844.016535251	s1-eth22	1562	5079
1787820844.016535251	s1-eth23	457070054	8898
1787820844.016535251	s1-eth24	1542	5079
1787820844.016535251	s1-eth25	1632	5009
1787820844.016535251	s1-eth26	1632	4989
1787820844.016535251	s1-eth27	457062634	9192
1787820844.016535251	s1-eth28	1562	5079
1787820844.016535251	s1-eth29	1542	4989
1787820844.016535251	s1-eth3	2038939955	3773266
1787820844.016535251	s1-eth30	1632	4989
1787820844.016535251	s1-eth31	457069839	8899
1787820844.016535251	s1-eth32	1632	4989
1787820844.016535251	s1-eth33	1632	4989
1787820844.016535251	s1-eth34	1632	4989
1787820844.016535251	s1-eth4	1828	5275
1787820844.016535251	s1-eth5	1562	4989
1787820844.016535251	s1-eth6	1632	5079
1787820844.016535251	s1-eth7	457066306	8961
1787820844.016535251	s1-eth8	1632	4989
1787820844.016535251	s1-eth9	1542	4919
1787820844.016535251	s2-eth1	2341735783	1243750883
1787820844.016535251	s2-eth10	1542	5079
1787820844.016535251	s2-eth11	457070855	9332
1787820844.016535251	s2-eth12	1542	5079
1787820844.016535251	s2-eth13	1542	5079
1787820844.016535251	s2-eth14	1632	5079
1787820844.016535251	s2-eth15	238190000	8342
1787820844.016535251	s2-eth16	1632	5009
1787820844.016535251	s2-eth17	1632	5009
1787820844.016535251	s2-eth18	1632	5079
1787820844.016535251	s2-eth19	5437	1179030428
1787820844.016535251	s2-eth2	10836	10934
1787820844.016535251	s2-eth20	1632	5079
1787820844.016535251	s2-eth21	1542	4989
1787820844.016535251	s2-eth22	1632	5079
1787820844.016535251	s2-eth23	5451	375746076
1787820844.016535251	s2-eth24	1542	5079
1787820844.016535251	s2-eth25	1632	5079
1787820844.016535251	s2-eth26	1542	5009
1787820844.016535251	s2-eth27	5655	376110849
1787820844.016535251	s2-eth28	1632	5079
1787820844.016535251	s2-eth29	1542	5079
1787820844.016535251	s2-eth3	91422961	9538
1787820844.016535251	s2-eth30	1542	5184
1787820844.016535251	s2-eth31	5452	375479181
1787820844.016535251	s2-eth32	1542	4989
1787820844.016535251	s2-eth33	1632	5009
1787820844.016535251	s2-eth34	1562	4919
1787820844.016535251	s2-eth4	1632	5079
1787820844.016535251	s2-eth5	1472	5009
1787820844.016535251	s2-eth6	1632	4989
1787820844.016535251	s2-eth7	457051250	9119
1787820844.016535251	s2-eth8	1632	4989
1787820844.016535251	s2-eth9	1472	5009
1787820844.016535251	s3-eth1	2309652483	1466302332
1787820844.016535251	s3-eth10	1542	5079
1787820844.016535251	s3-eth11	5656	366579866
1787820844.016535251	s3-eth12	1382	4989
1787820844.016535251	s3-eth13	1542	5079
1787820844.016535251	s3-eth14	1632	4989
1787820844.016535251	s3-eth15	4671	208864306
1787820844.016535251	s3-eth16	1542	4989
1787820844.016535251	s3-eth17	1542	4989
1787820844.016535251	s3-eth18	1382	5079
1787820844.016535251	s3-eth19	91422098	9146
1787820844.016535251	s3-eth2	10934	10864
1787820844.016535251	s3-eth20	1632	4969
1787820844.016535251	s3-eth21	1542	4899
1787820844.016535251	s3-eth22	1382	4989
1787820844.016535251	s3-eth23	457067696	9102
1787820844.016535251	s3-eth24	1312	4989
1787820844.016535251	s3-eth25	1632	4989
1787820844.016535251	s3-eth26	1382	4919
1787820844.016535251	s3-eth27	457069781	8871
1787820844.016535251	s3-eth28	1542	5079
1787820844.016535251	s3-eth29	1632	5009
1787820844.016535251	s3-eth3	3769533	1344936008
1787820844.016535251	s3-eth30	1542	5079
1787820844.016535251	s3-eth31	457068327	8954
1787820844.016535251	s3-eth32	1382	4919
1787820844.016535251	s3-eth33	1542	4969
1787820844.016535251	s3-eth34	1632	5079
1787820844.016535251	s3-eth4	1542	4989
1787820844.016535251	s3-eth5	1562	5079
1787820844.016535251	s3-eth6	1632	5079
1787820844.016535251	s3-eth7	5584	367568860
1787820844.016535251	s3-eth8	1632	4778
1787820844.016535251	s3-eth9	1632	5079
1787820844.016535251	s4-eth1	2666335506	43270
1787820844.016535251	s4-eth10	1562	4899
1787820844.016535251	s4-eth11	5815	440681646
1787820844.016535251	s4-eth12	1542	4989
1787820844.016535251	s4-eth13	1382	4969
1787820844.016535251	s4-eth14	1312	4989
1787820844.016535251	s4-eth15	4825	230492961
1787820844.016535251	s4-eth16	1382	4989
1787820844.016535251	s4-eth17	1472	4969
1787820844.016535251	s4-eth18	1382	5039
1787820844.016535251	s4-eth19	5719	90757919
1787820844.016535251	s4-eth2	10961	8728
1787820844.016535251	s4-eth20	1632	4989
1787820844.016535251	s4-eth21	1542	4989
1787820844.016535251	s4-eth22	1542	4899
1787820844.016535251	s4-eth23	5495	453245517
1787820844.016535251	s4-eth24	1542	4989
1787820844.016535251	s4-eth25	1472	4989
1787820844.016535251	s4-eth26	1382	5039
1787820844.016535251	s4-eth27	5264	453416089
1787820844.016535251	s4-eth28	1542	5079
1787820844.016535251	s4-eth29	1382	4989
1787820844.016535251	s4-eth3	5841	88394792
1787820844.016535251	s4-eth30	1382	4919
1787820844.016535251	s4-eth31	5574	453230200
1787820844.016535251	s4-eth32	1382	4989
1787820844.016535251	s4-eth33	1382	5039
1787820844.016535251	s4-eth34	1542	4969
1787820844.016535251	s4-eth4	1542	4969
1787820844.016535251	s4-eth5	1382	4969
1787820844.016535251	s4-eth6	1382	5009
1787820844.016535251	s4-eth7	5582	440682189
1787820844.016535251	s4-eth8	1312	4989
1787820844.016535251	s4-eth9	1382	5039
1787820844.016535251	s5-eth1	5207022678	3806044
1787820844.016535251	s5-eth2	1243750910	2341735810
1787820844.016535251	s5-eth3	3806502	3619387920
1787820844.016535251	s5-eth4	11187	8931
1787820844.016535251	s6-eth1	10961	10961
1787820844.016535251	s6-eth2	10961	10863
1787820844.016535251	s6-eth3	10961	8931
1787820844.016535251	s6-eth4	11312	10961
1787820844.016535251	s7-eth1	1466302359	2309652510
1787820844.016535251	s7-eth2	43270	2666335506
1787820844.016535251	s7-eth3	3565432132	3804269
1787820844.016535251	s7-eth4	11089	10961
1787820844.016535251	s8-eth1	10891	10961
1787820844.016535251	s8-eth2	8728	10961
1787820844.016535251	s8-eth3	10891	8931
1787820844.016535251	s8-eth4	11187	10961
1787820844.016535251	s9-eth1	3619387920	3806502
1787820844.016535251	s9-eth2	8931	10961
1787820844.016535251	s9-eth3	3804269	3565432132
1787820844.016535251	s9-eth4	8931	10891
1787820853.263464975	s10-eth1	8958	11215
1787820853.263464975	s10-eth2	10988	11340
1787820853.263464975	s10-eth3	10988	11117
1787820853.263464975	s10-eth4	10988	11215
1787820853.263464975	s1-eth1	3806071	5207022705
1787820853.263464975	s1-eth10	1632	5079
1787820853.263464975	s1-eth11	457064870	9353
1787820853.263464975	s1-eth12	1542	5079
1787820853.263464975	s1-eth13	1542	5079
1787820853.263464975	s1-eth14	1632	5079
1787820853.263464975	s1-eth15	238194288	8208
1787820853.263464975	s1-eth16	1542	5099
1787820853.263464975	s1-eth17	1632	5009
1787820853.263464975	s1-eth18	1632	4919
1787820853.263464975	s1-eth19	1828248971	8974
1787820853.263464975	s1-eth2	10988	10988
1787820853.263464975	s1-eth20	1542	5079
1787820853.263464975	s1-eth21	1632	5079
1787820853.263464975	s1-eth22	1562	5079
1787820853.263464975	s1-eth23	457070054	8898
1787820853.263464975	s1-eth24	1542	5079
1787820853.263464975	s1-eth25	1632	5009
1787820853.263464975	s1-eth26	1632	4989
1787820853.263464975	s1-eth27	457062634	9192
1787820853.263464975	s1-eth28	1562	5079
1787820853.263464975	s1-eth29	1542	4989
1787820853.263464975	s1-eth3	2038939955	3773266
1787820853.263464975	s1-eth30	1632	4989
1787820853.263464975	s1-eth31	457069839	8899
1787820853.263464975	s1-eth32	1632	4989
1787820853.263464975	s1-eth33	1632	4989
1787820853.263464975	s1-eth34	1632	4989
1787820853.263464975	s1-eth4	1828	5275
1787820853.263464975	s1-eth5	1562	4989
1787820853.263464975	s1-eth6	1632	5079
1787820853.263464975	s1-eth7	457066306	8961
1787820853.263464975	s1-eth8	1632	4989
1787820853.263464975	s1-eth9	1542	4919
1787820853.263464975	s2-eth1	2341735837	1243750937
1787820853.263464975	s2-eth10	1542	5079
1787820853.263464975	s2-eth11	457070855	9332
1787820853.263464975	s2-eth12	1542	5079
1787820853.263464975	s2-eth13	1542	5079
1787820853.263464975	s2-eth14	1632	5079
1787820853.263464975	s2-eth15	238190000	8342
1787820853.263464975	s2-eth16	1632	5009
1787820853.263464975	s2-eth17	1632	5009
1787820853.263464975	s2-eth18	1632	5079
1787820853.263464975	s2-eth19	5437	1179030428
1787820853.263464975	s2-eth2	10890	10988
1787820853.263464975	s2-eth20	1632	5079
1787820853.263464975	s2-eth21	1542	4989
1787820853.263464975	s2-eth22	1632	5079
1787820853.263464975	s2-eth23	5971	375860694
1787820853.263464975	s2-eth24	1542	5079
1787820853.263464975	s2-eth25	1632	5079
1787820853.263464975	s2-eth26	1542	5009
1787820853.263464975	s2-eth27	6175	376734559
1787820853.263464975	s2-eth28	1632	5079
1787820853.263464975	s2-eth29	1542	5079
1787820853.263464975	s2-eth3	91572253	10058
1787820853.263464975	s2-eth30	1542	5184
1787820853.263464975	s2-eth31	6039	376365347
1787820853.263464975	s2-eth32	1542	4989
1787820853.263464975	s2-eth33	1632	5009
1787820853.263464975	s2-eth34	1562	4919
1787820853.263464975	s2-eth4	1632	5079
1787820853.263464975	s2-eth5	1472	5009
1787820853.263464975	s2-eth6	1632	4989
1787820853.263464975	s2-eth7	458734830	9639
1787820853.263464975	s2-eth8	1632	4989
1787820853.263464975	s2-eth9	1472	5009
1787820853.263464975	s3-eth1	2317288744	1471990914
1787820853.263464975	s3-eth10	1542	5079
1787820853.263464975	s3-eth11	6176	368390276
1787820853.263464975	s3-eth12	1382	4989
1787820853.263464975	s3-eth13	1542	5079
1787820853.263464975	s3-eth14	1632	4989
1787820853.263464975	s3-eth15	5191	210964558
1787820853.263464975	s3-eth16	1542	4989
1787820853.263464975	s3-eth17	1542	4989
1787820853.263464975	s3-eth18	1382	5079
1787820853.263464975	s3-eth19	91969316	9666
1787820853.263464975	s3-eth2	11015	10945
1787820853.263464975	s3-eth20	1632	4969
1787820853.263464975	s3-eth21	1542	4899
1787820853.263464975	s3-eth22	1382	4989
1787820853.263464975	s3-eth23	459755051	9634
1787820853.263464975	s3-eth24	1312	4989
1787820853.263464975	s3-eth25	1632	4989
1787820853.263464975	s3-eth26	1382	4919
1787820853.263464975	s3-eth27	460307837	9391
1787820853.263464975	s3-eth28	1542	5079
1787820853.263464975	s3-eth29	1632	5009
1787820853.263464975	s3-eth3	3770053	1351549721
1787820853.263464975	s3-eth30	1542	5079
1787820853.263464975	s3-eth31	460394636	9619
1787820853.263464975	s3-eth32	1382	4919
1787820853.263464975	s3-eth33	1542	4969
1787820853.263464975	s3-eth34	1632	5079
1787820853.263464975	s3-eth4	1542	4989
1787820853.263464975	s3-eth5	1562	5079
1787820853.263464975	s3-eth6	1632	5079
1787820853.263464975	s3-eth7	6171	370747806
1787820853.263464975	s3-eth8	1632	4778
1787820853.263464975	s3-eth9	1632	5079
1787820853.263464975	s4-eth1	2691173191	47668
1787820853.263464975	s4-eth10	1562	4899
1787820853.263464975	s4-eth11	6335	444156124
1787820853.263464975	s4-eth12	1542	4989
1787820853.263464975	s4-eth13	1382	4969
1787820853.263464975	s4-eth14	1312	4989
1787820853.263464975	s4-eth15	5345	233882361
1787820853.263464975	s4-eth16	1382	4989
1787820853.263464975	s4-eth17	1472	4969
1787820853.263464975	s4-eth18	1382	5039
1787820853.263464975	s4-eth19	6239	91626703
1787820853.263464975	s4-eth2	11042	8809
1787820853.263464975	s4-eth20	1632	4989
1787820853.263464975	s4-eth21	1542	4989
1787820853.263464975	s4-eth22	1542	4899
1787820853.263464975	s4-eth23	6027	457284026
1787820853.263464975	s4-eth24	1542	4989
1787820853.263464975	s4-eth25	1472	4989
1787820853.263464975	s4-eth26	1382	5039
1787820853.263464975	s4-eth27	5784	457917337
1787820853.263464975	s4-eth28	1542	5079
1787820853.263464975	s4-eth29	1382	4989
1787820853.263464975	s4-eth3	6361	89246338
1787820853.263464975	s4-eth30	1382	4919
1787820853.263464975	s4-eth31	6239	457539674
1787820853.263464975	s4-eth32	1382	4989
1787820853.263464975	s4-eth33	1382	5039
1787820853.263464975	s4-eth34	1542	4969
1787820853.263464975	s4-eth4	1542	4969
1787820853.263464975	s4-eth5	1382	4969
1787820853.263464975	s4-eth6	1382	5009
1787820853.263464975	s4-eth7	6102	445265631
1787820853.263464975	s4-eth8	1312	4989
1787820853.263464975	s4-eth9	1382	5039
1787820853.263464975	s5-eth1	5260270173	3810419
1787820853.263464975	s5-eth2	1260917312	2362713430
1787820853.263464975	s5-eth3	3810810	3662349550
1787820853.263464975	s5-eth4	11271	9012
1787820853.263464975	s6-eth1	11042	11042
1787820853.263464975	s6-eth2	11042	10944
1787820853.263464975	s6-eth3	11042	9012
1787820853.263464975	s6-eth4	11396	11042
1787820853.263464975	s7-eth1	1484439727	2333786693
1787820853.263464975	s7-eth2	47668	2700416411
1787820853.263464975	s7-eth3	3607851570	3808577
1787820853.263464975	s7-eth4	11173	11042
1787820853.263464975	s8-eth1	10972	11042
1787820853.263464975	s8-eth2	8809	11042
1787820853.263464975	s8-eth3	10972	9012
1787820853.263464975	s8-eth4	11271	11042
1787820853.263464975	s9-eth1	3666392918	3810810
1787820853.263464975	s9-eth2	9012	11042
1787820853.263464975	s9-eth3	3808577	3610773062
1787820853.263464975	s9-eth4	9012	10972
1787820868.327219471	s10-eth1	9039	11299
1787820868.327219471	s10-eth2	11069	11424
1787820868.327219471	s10-eth3	11069	11201
1787820868.327219471	s10-eth4	11069	11299
1787820868.327219471	s1-eth1	3810446	5273722618
1787820868.327219471	s1-eth10	1632	5079
1787820868.327219471	s1-eth11	464917260	9873
1787820868.327219471	s1-eth12	1542	5079
1787820868.327219471	s1-eth13	1542	5079
1787820868.327219471	s1-eth14	1632	5079
1787820868.327219471	s1-eth15	246133198	8728
1787820868.327219471	s1-eth16	1542	5099
1787820868.327219471	s1-eth17	1632	5009
1787820868.327219471	s1-eth18	1632	4919
1787820868.327219471	s1-eth19	1860288094	9494
1787820868.327219471	s1-eth2	11069	11069
1787820868.327219471	s1-eth20	1542	5079
1787820868.327219471	s1-eth21	1632	5079
1787820868.327219471	s1-eth22	1562	5079
1787820868.327219471	s1-eth23	465404072	9418
1787820868.327219471	s1-eth24	1542	5079
1787820868.327219471	s1-eth25	1632	5009
1787820868.327219471	s1-eth26	1632	4989
1787820868.327219471	s1-eth27	465670698	9712
1787820868.327219471	s1-eth28	1562	5079
1787820868.327219471	s1-eth29	1542	4989
1787820868.327219471	s1-eth3	2073489534	3773786
1787820868.327219471	s1-eth30	1632	4989
1787820868.327219471	s1-eth31	465703871	9486
1787820868.327219471	s1-eth32	1632	4989
1787820868.327219471	s1-eth33	1632	4989
1787820868.327219471	s1-eth34	1632	4989
1787820868.327219471	s1-eth4	1828	5275
1787820868.327219471	s1-eth5	1562	4989
1787820868.327219471	s1-eth6	1632	5079
1787820868.327219471	s1-eth7	466027672	9548
1787820868.327219471	s1-eth8	1632	4989
1787820868.327219471	s1-eth9	1542	4919
1787820868.327219471	s2-eth1	2373433285	1272766323
1787820868.327219471	s2-eth10	1542	5079
1787820868.327219471	s2-eth11	466058099	9852
1787820868.327219471	s2-eth12	1542	5079
1787820868.327219471	s2-eth13	1542	5079
1787820868.327219471	s2-eth14	1632	5079
1787820868.327219471	s2-eth15	247275300	8862
1787820868.327219471	s2-eth16	1632	5009
1787820868.327219471	s2-eth17	1632	5009
1787820868.327219471	s2-eth18	1632	5079
1787820868.327219471	s2-eth19	5957	1189433783
1787820868.327219471	s2-eth2	10971	11069
1787820868.327219471	s2-eth20	1632	5079
1787820868.327219471	s2-eth21	1542	4989
1787820868.327219471	s2-eth22	1632	5079
1787820868.327219471	s2-eth23	5971	382886118
1787820868.327219471	s2-eth24	1542	5079
1787820868.327219471	s2-eth25	1632	5079
1787820868.327219471	s2-eth26	1542	5079
1787820868.327219471	s2-eth27	6175	383618667
1787820868.327219471	s2-eth28	1632	5079
1787820868.327219471	s2-eth29	1542	5079
1787820868.327219471	s2-eth3	93514627	10058
1787820868.327219471	s2-eth30	1542	5184
1787820868.327219471	s2-eth31	6039	383363373
1787820868.327219471	s2-eth32	1542	4989
1787820868.327219471	s2-eth33	1632	5079
1787820868.327219471	s2-eth34	1632	4919
1787820868.327219471	s2-eth4	1632	5079
1787820868.327219471	s2-eth5	1542	5079
1787820868.327219471	s2-eth6	1632	4989
1787820868.327219471	s2-eth7	468465446	9639
1787820868.327219471	s2-eth8	1632	4989
1787820868.327219471	s2-eth9	1542	5009
1787820868.327219471	s3-eth1	2347823175	1502225409
1787820868.327219471	s3-eth10	1542	5079
1787820868.327219471	s3-eth11	6176	374096270
1787820868.327219471	s3-eth12	1382	4989
1787820868.327219471	s3-eth13	1542	5079
1787820868.327219471	s3-eth14	1632	4989
1787820868.327219471	s3-eth15	5191	216416760
1787820868.327219471	s3-eth16	1542	4989
1787820868.327219471	s3-eth17	1542	4989
1787820868.327219471	s3-eth18	1382	5079
1787820868.327219471	s3-eth19	93727114	9666
1787820868.327219471	s3-eth2	11096	11096
1787820868.327219471	s3-eth20	1632	4969
1787820868.327219471	s3-eth21	1542	4969
1787820868.327219471	s3-eth22	1382	4989
1787820868.327219471	s3-eth23	468398399	9634
1787820868.327219471	s3-eth24	1382	4989
1787820868.327219471	s3-eth25	1632	4989
1787820868.327219471	s3-eth26	1382	4989
1787820868.327219471	s3-eth27	468772377	9391
1787820868.327219471	s3-eth28	1542	5079
1787820868.327219471	s3-eth29	1632	5009
1787820868.327219471	s3-eth3	3770053	1359760469
1787820868.327219471	s3-eth30	1542	5079
1787820868.327219471	s3-eth31	468554914	9619
1787820868.327219471	s3-eth32	1382	4989
1787820868.327219471	s3-eth33	1542	4969
1787820868.327219471	s3-eth34	1632	5079
1787820868.327219471	s3-eth4	1542	4989
1787820868.327219471	s3-eth5	1562	5079
1787820868.327219471	s3-eth6	1632	5079
1787820868.327219471	s3-eth7	6171	375307410
1787820868.327219471	s3-eth8	1632	4848
1787820868.327219471	s3-eth9	1632	5079
1787820868.327219471	s4-eth1	2738244451	47722
1787820868.327219471	s4-eth10	1562	4969
1787820868.327219471	s4-eth11	6405	450995530
1787820868.327219471	s4-eth12	1542	4989
1787820868.327219471	s4-eth13	1382	4969
1787820868.327219471	s4-eth14	1382	4989
1787820868.327219471	s4-eth15	5345	240772307
1787820868.327219471	s4-eth16	1382	4989
1787820868.327219471	s4-eth17	1542	4969
1787820868.327219471	s4-eth18	1382	5039
1787820868.327219471	s4-eth19	6239	93184063
1787820868.327219471	s4-eth2	11096	8863
1787820868.327219471	s4-eth20	1632	4989
1787820868.327219471	s4-eth21	1542	4989
1787820868.327219471	s4-eth22	1542	4899
1787820868.327219471	s4-eth23	6027	464903554
1787820868.327219471	s4-eth24	1542	4989
1787820868.327219471	s4-eth25	1472	4989
1787820868.327219471	s4-eth26	1382	5039
1787820868.327219471	s4-eth27	5784	465784889
1787820868.327219471	s4-eth28	1542	5079
1787820868.327219471	s4-eth29	1382	4989
1787820868.327219471	s4-eth3	6361	90756112
1787820868.327219471	s4-eth30	1382	4919
1787820868.327219471	s4-eth31	6239	465254374
1787820868.327219471	s4-eth32	1382	4989
1787820868.327219471	s4-eth33	1382	5039
1787820868.327219471	s4-eth34	1542	4969
1787820868.327219471	s4-eth4	1542	4969
1787820868.327219471	s4-eth5	1382	4969
1787820868.327219471	s4-eth6	1382	5009
1787820868.327219471	s4-eth7	6102	452416509
1787820868.327219471	s4-eth8	1382	4989
1787820868.327219471	s4-eth9	1382	5039
1787820868.327219471	s5-eth1	5319485957	3810473
1787820868.327219471	s5-eth2	1287447352	2386287300
1787820868.327219471	s5-eth3	3810864	3711901077
1787820868.327219471	s5-eth4	11355	9093
1787820868.327219471	s6-eth1	11123	11123
1787820868.327219471	s6-eth2	11123	11025
1787820868.327219471	s6-eth3	11123	9093
1787820868.327219471	s6-eth4	11480	11123
1787820868.327219471	s7-eth1	1510118944	2354446308
1787820868.327219471	s7-eth2	47749	2748805686
1787820868.327219471	s7-eth3	3653475089	3808658
1787820868.327219471	s7-eth4	11257	11123
1787820868.327219471	s8-eth1	11123	11123
1787820868.327219471	s8-eth2	8890	11123
1787820868.327219471	s8-eth3	11123	9093
1787820868.327219471	s8-eth4	11355	11123
1787820868.327219471	s9-eth1	3712348097	3810891
1787820868.327219471	s9-eth2	9093	11123
1787820868.327219471	s9-eth3	3808658	3653648129
1787820868.327219471	s9-eth4	9093	11123
1787820879.958338642	s10-eth1	9093	11355
1787820879.958338642	s10-eth2	11123	11480
1787820879.958338642	s10-eth3	11123	11257
1787820879.958338642	s10-eth4	11123	11355
1787820879.958338642	s1-eth1	3810500	5329535282
1787820879.958338642	s1-eth10	1632	5079
1787820879.958338642	s1-eth11	472753088	9873
1787820879.958338642	s1-eth12	1542	5079
1787820879.958338642	s1-eth13	1542	5079
1787820879.958338642	s1-eth14	1632	5079
1787820879.958338642	s1-eth15	253953164	8728
1787820879.958338642	s1-eth16	1542	5099
1787820879.958338642	s1-eth17	1632	5079
1787820879.958338642	s1-eth18	1632	4919
1787820879.958338642	s1-eth19	1891074864	9494
1787820879.958338642	s1-eth2	11123	11123
1787820879.958338642	s1-eth20	1542	5079
1787820879.958338642	s1-eth21	1632	5079
1787820879.958338642	s1-eth22	1562	5079
1787820879.958338642	s1-eth23	472791438	9418
1787820879.958338642	s1-eth24	1542	5079
1787820879.958338642	s1-eth25	1632	5079
1787820879.958338642	s1-eth26	1632	4989
1787820879.958338642	s1-eth27	472975870	9712
1787820879.958338642	s1-eth28	1562	5079
1787820879.958338642	s1-eth29	1542	4989
1787820879.958338642	s1-eth3	2102623702	3773786
1787820879.958338642	s1-eth30	1632	4989
1787820879.958338642	s1-eth31	473097005	9486
1787820879.958338642	s1-eth32	1632	4989
1787820879.958338642	s1-eth33	1632	4989
1787820879.958338642	s1-eth34	1632	4989
1787820879.958338642	s1-eth4	1828	5275
1787820879.958338642	s1-eth5	1562	4989
1787820879.958338642	s1-eth6	1632	5079
1787820879.958338642	s1-eth7	473234788	9548
1787820879.958338642	s1-eth8	1632	4989
1787820879.958338642	s1-eth9	1542	4919
1787820879.958338642	s2-eth1	2391304045	1295482203
1787820879.958338642	s2-eth10	1542	5079
1787820879.958338642	s2-eth11	473286845	9852
1787820879.958338642	s2-eth12	1542	5079
1787820879.958338642	s2-eth13	1542	5079
1787820879.958338642	s2-eth14	1632	5079
1787820879.958338642	s2-eth15	254532886	8862
1787820879.958338642	s2-eth16	1632	5009
1787820879.958338642	s2-eth17	1632	5009
1787820879.958338642	s2-eth18	1632	5079
1787820879.958338642	s2-eth19	5957	1194697083
1787820879.958338642	s2-eth2	11025	11123
1787820879.958338642	s2-eth20	1632	5079
1787820879.958338642	s2-eth21	1542	4989
1787820879.958338642	s2-eth22	1632	5079
1787820879.958338642	s2-eth23	5971	386763656
1787820879.958338642	s2-eth24	1542	5079
1787820879.958338642	s2-eth25	1632	5079
1787820879.958338642	s2-eth26	1542	5079
1787820879.958338642	s2-eth27	6175	387532255
1787820879.958338642	s2-eth28	1632	5079
1787820879.958338642	s2-eth29	1542	5079
1787820879.958338642	s2-eth3	94901831	10058
1787820879.958338642	s2-eth30	1542	5184
1787820879.958338642	s2-eth31	6039	387292823
1787820879.958338642	s2-eth32	1542	4989
1787820879.958338642	s2-eth33	1632	5079
1787820879.958338642	s2-eth34	1632	4919
1787820879.958338642	s2-eth4	1632	5079
1787820879.958338642	s2-eth5	1542	5079
1787820879.958338642	s2-eth6	1632	4989
1787820879.958338642	s2-eth7	474996264	9639
1787820879.958338642	s2-eth8	1632	4989
1787820879.958338642	s2-eth9	1542	5009
1787820879.958338642	s3-eth1	2364338455	1523564179
1787820879.958338642	s3-eth10	1542	5079
1787820879.958338642	s3-eth11	6176	377861332
1787820879.958338642	s3-eth12	1382	4989
1787820879.958338642	s3-eth13	1542	5079
1787820879.958338642	s3-eth14	1632	4989
1787820879.958338642	s3-eth15	5191	220373608
1787820879.958338642	s3-eth16	1542	4989
1787820879.958338642	s3-eth17	1542	4989
1787820879.958338642	s3-eth18	1382	5079
1787820879.958338642	s3-eth19	95180650	9666
1787820879.958338642	s3-eth2	11150	11150
1787820879.958338642	s3-eth20	1632	4969
1787820879.958338642	s3-eth21	1542	4969
1787820879.958338642	s3-eth22	1382	4989
1787820879.958338642	s3-eth23	475657427	9634
1787820879.958338642	s3-eth24	1382	4989
1787820879.958338642	s3-eth25	1632	4989
1787820879.958338642	s3-eth26	1382	4989
1787820879.958338642	s3-eth27	475965073	9391
1787820879.958338642	s3-eth28	1542	5079
1787820879.958338642	s3-eth29	1632	5009
1787820879.958338642	s3-eth3	3770053	1365193925
1787820879.958338642	s3-eth30	1542	5079
1787820879.958338642	s3-eth31	475698582	9619
1787820879.958338642	s3-eth32	1382	4989
1787820879.958338642	s3-eth33	1542	4969
1787820879.958338642	s3-eth34	1632	5079
1787820879.958338642	s3-eth4	1542	4989
1787820879.958338642	s3-eth5	1562	5079
1787820879.958338642	s3-eth6	1632	5079
1787820879.958338642	s3-eth7	6171	378814354
1787820879.958338642	s3-eth8	1632	4848
1787820879.958338642	s3-eth9	1632	5079
1787820879.958338642	s4-eth1	2779733729	47776
1787820879.958338642	s4-eth10	1562	4969
1787820879.958338642	s4-eth11	6405	456698640
1787820879.958338642	s4-eth12	1542	4989
1787820879.958338642	s4-eth13	1382	4969
1787820879.958338642	s4-eth14	1382	4989
1787820879.958338642	s4-eth15	5345	246471091
1787820879.958338642	s4-eth16	1382	4989
1787820879.958338642	s4-eth17	1542	4969
1787820879.958338642	s4-eth18	1382	5039
1787820879.958338642	s4-eth19	6239	94466001
1787820879.958338642	s4-eth2	11150	8917
1787820879.958338642	s4-eth20	1632	4989
1787820879.958338642	s4-eth21	1542	4989
1787820879.958338642	s4-eth22	1542	4899
1787820879.958338642	s4-eth23	6027	470861898
1787820879.958338642	s4-eth24	1542	4989
1787820879.958338642	s4-eth25	1472	4989
1787820879.958338642	s4-eth26	1382	5039
1787820879.958338642	s4-eth27	5784	471763421
1787820879.958338642	s4-eth28	1542	5079
1787820879.958338642	s4-eth29	1382	4989
1787820879.958338642	s4-eth3	6361	91877988
1787820879.958338642	s4-eth30	1382	4919
1787820879.958338642	s4-eth31	6239	471075728
1787820879.958338642	s4-eth32	1382	4989
1787820879.958338642	s4-eth33	1382	5039
1787820879.958338642	s4-eth34	1542	4969
1787820879.958338642	s4-eth4	1542	4969
1787820879.958338642	s4-eth5	1382	4969
1787820879.958338642	s4-eth6	1382	5009
1787820879.958338642	s4-eth7	6102	457881689
1787820879.958338642	s4-eth8	1382	4989
1787820879.958338642	s4-eth9	1382	5039
1787820879.958338642	s5-eth1	5362001939	3810527
1787820879.958338642	s5-eth2	1307543118	2402786718
1787820879.958338642	s5-eth3	3810918	3748083768
1787820879.958338642	s5-eth4	11383	9120
1787820879.958338642	s6-eth1	11150	11150
1787820879.958338642	s6-eth2	11177	11079
1787820879.958338642	s6-eth3	11177	9147
1787820879.958338642	s6-eth4	11536	11177
1787820879.958338642	s7-eth1	1530974644	2369360968
1787820879.958338642	s7-eth2	47803	2788225694
1787820879.958338642	s7-eth3	3688698877	3808712
1787820879.958338642	s7-eth4	11313	11177
1787820879.958338642	s8-eth1	11177	11177
1787820879.958338642	s8-eth2	8944	11177
1787820879.958338642	s8-eth3	11177	9147
1787820879.958338642	s8-eth4	11411	11177
1787820879.958338642	s9-eth1	3749841593	3810945
1787820879.958338642	s9-eth2	9147	11177
1787820879.958338642	s9-eth3	3808712	3689288655
1787820879.958338642	s9-eth4	9147	11177
1787820890.334834711	s10-eth1	9147	11411
1787820890.334834711	s10-eth2	11177	11536
1787820890.334834711	s10-eth3	11177	11313
1787820890.334834711	s10-eth4	11177	11411
1787820890.334834711	s1-eth1	3810554	5374785296
1787820890.334834711	s1-eth10	1632	5079
1787820890.334834711	s1-eth11	479203154	9873
1787820890.334834711	s1-eth12	1542	5079
1787820890.334834711	s1-eth13	1542	5079
1787820890.334834711	s1-eth14	1632	5079
1787820890.334834711	s1-eth15	260436396	8728
1787820890.334834711	s1-eth16	1542	5099
1787820890.334834711	s1-eth17	1632	5079
1787820890.334834711	s1-eth18	1632	4919
1787820890.334834711	s1-eth19	1917469232	9494
1787820890.334834711	s1-eth2	11177	11177
1787820890.334834711	s1-eth20	1542	5079
1787820890.334834711	s1-eth21	1632	5079
1787820890.334834711	s1-eth22	1562	5079
1787820890.334834711	s1-eth23	479548650	9418
1787820890.334834711	s1-eth24	1542	5079
1787820890.334834711	s1-eth25	1632	5079
1787820890.334834711	s1-eth26	1632	4989
1787820890.334834711	s1-eth27	479818160	9712
1787820890.334834711	s1-eth28	1562	5079
1787820890.334834711	s1-eth29	1542	4989
1787820890.334834711	s1-eth3	2130683580	3773786
1787820890.334834711	s1-eth30	1632	4989
1787820890.334834711	s1-eth31	480118103	9486
1787820890.334834711	s1-eth32	1632	4989
1787820890.334834711	s1-eth33	1632	4989
1787820890.334834711	s1-eth34	1632	4989
1787820890.334834711	s1-eth4	1828	5275
1787820890.334834711	s1-eth5	1562	4989
1787820890.334834711	s1-eth6	1632	5079
1787820890.334834711	s1-eth7	480348174	9548
1787820890.334834711	s1-eth8	1632	4989
1787820890.334834711	s1-eth9	1542	4919
1787820890.334834711	s2-eth1	2411807897	1318200967
1787820890.334834711	s2-eth10	1542	5079
1787820890.334834711	s2-eth11	480345435	9852
1787820890.334834711	s2-eth12	1542	5079
1787820890.334834711	s2-eth13	1542	5079
1787820890.334834711	s2-eth14	1632	5079
1787820890.334834711	s2-eth15	261594360	8862
1787820890.334834711	s2-eth16	1632	5009
1787820890.334834711	s2-eth17	1632	5009
1787820890.334834711	s2-eth18	1632	5079
1787820890.334834711	s2-eth19	5957	1202245953
1787820890.334834711	s2-eth2	11106	11204
1787820890.334834711	s2-eth20	1632	5079
1787820890.334834711	s2-eth21	1542	4989
1787820890.334834711	s2-eth22	1632	5079
1787820890.334834711	s2-eth23	5971	390684454
1787820890.334834711	s2-eth24	1542	5079
1787820890.334834711	s2-eth25	1632	5079
1787820890.334834711	s2-eth26	1542	5079
1787820890.334834711	s2-eth27	6175	391502081
1787820890.334834711	s2-eth28	1632	5079
1787820890.334834711	s2-eth29	1542	5079
1787820890.334834711	s2-eth3	96264521	10058
1787820890.334834711	s2-eth30	1542	5184
1787820890.334834711	s2-eth31	6039	391174687
1787820890.334834711	s2-eth32	1542	4989
1787820890.334834711	s2-eth33	1632	5079
1787820890.334834711	s2-eth34	1632	4919
1787820890.334834711	s2-eth4	1632	5079
1787820890.334834711	s2-eth5	1542	5079
1787820890.334834711	s2-eth6	1632	4989
1787820890.334834711	s2-eth7	481805388	9639
1787820890.334834711	s2-eth8	1632	4989
1787820890.334834711	s2-eth9	1542	5009
1787820890.334834711	s3-eth1	2379728975	1545052917
1787820890.334834711	s3-eth10	1542	5079
1787820890.334834711	s3-eth11	6176	381020754
1787820890.334834711	s3-eth12	1382	4989
1787820890.334834711	s3-eth13	1542	5079
1787820890.334834711	s3-eth14	1632	4989
1787820890.334834711	s3-eth15	5191	223385946
1787820890.334834711	s3-eth16	1542	4989
1787820890.334834711	s3-eth17	1542	4989
1787820890.334834711	s3-eth18	1382	5079
1787820890.334834711	s3-eth19	96446726	9666
1787820890.334834711	s3-eth2	11204	11204
1787820890.334834711	s3-eth20	1632	4969
1787820890.334834711	s3-eth21	1542	4969
1787820890.334834711	s3-eth22	1382	4989
1787820890.334834711	s3-eth23	482144985	9634
1787820890.334834711	s3-eth24	1382	4989
1787820890.334834711	s3-eth25	1632	4989
1787820890.334834711	s3-eth26	1382	4989
1787820890.334834711	s3-eth27	482602599	9391
1787820890.334834711	s3-eth28	1542	5079
1787820890.334834711	s3-eth29	1632	5009
1787820890.334834711	s3-eth3	3770053	1370441363
1787820890.334834711	s3-eth30	1542	5079
1787820890.334834711	s3-eth31	482389462	9619
1787820890.334834711	s3-eth32	1382	4989
1787820890.334834711	s3-eth33	1542	4969
1787820890.334834711	s3-eth34	1632	5079
1787820890.334834711	s3-eth4	1542	4989
1787820890.334834711	s3-eth5	1562	5079
1787820890.334834711	s3-eth6	1632	5079
1787820890.334834711	s3-eth7	6171	381998290
1787820890.334834711	s3-eth8	1632	4848
1787820890.334834711	s3-eth9	1632	5079
1787820890.334834711	s4-eth1	2820455863	47830
1787820890.334834711	s4-eth10	1562	4969
1787820890.334834711	s4-eth11	6405	462204196
1787820890.334834711	s4-eth12	1542	4989
1787820890.334834711	s4-eth13	1382	4969
1787820890.334834711	s4-eth14	1382	4989
1787820890.334834711	s4-eth15	5345	252158339
1787820890.334834711	s4-eth16	1382	4989
1787820890.334834711	s4-eth17	1542	4969
1787820890.334834711	s4-eth18	1382	5039
1787820890.334834711	s4-eth19	6239	95711889
1787820890.334834711	s4-eth2	11204	8971
1787820890.334834711	s4-eth20	1632	4989
1787820890.334834711	s4-eth21	1542	4989
1787820890.334834711	s4-eth22	1542	4899
1787820890.334834711	s4-eth23	6027	477110084
1787820890.334834711	s4-eth24	1542	4989
1787820890.334834711	s4-eth25	1472	4989
1787820890.334834711	s4-eth26	1382	5039
1787820890.334834711	s4-eth27	5784	478213487
1787820890.334834711	s4-eth28	1542	5079
1787820890.334834711	s4-eth29	1382	4989
1787820890.334834711	s4-eth3	6361	93070522
1787820890.334834711	s4-eth30	1382	4919
1787820890.334834711	s4-eth31	6239	477456578
1787820890.334834711	s4-eth32	1382	4989
1787820890.334834711	s4-eth33	1382	5039
1787820890.334834711	s4-eth34	1542	4969
1787820890.334834711	s4-eth4	1542	4969
1787820890.334834711	s4-eth5	1382	4969
1787820890.334834711	s4-eth6	1382	5009
1787820890.334834711	s4-eth7	6102	463436273
1787820890.334834711	s4-eth8	1382	4989
1787820890.334834711	s4-eth9	1382	5039
1787820890.334834711	s5-eth1	5409256333	3810581
1787820890.334834711	s5-eth2	1327830670	2420227762
1787820890.334834711	s5-eth3	3810972	3785346544
1787820890.334834711	s5-eth4	11439	9174
1787820890.334834711	s6-eth1	11204	11204
1787820890.334834711	s6-eth2	11204	11106
1787820890.334834711	s6-eth3	11204	9174
1787820890.334834711	s6-eth4	11564	11204
1787820890.334834711	s7-eth1	1551738056	2385055750
1787820890.334834711	s7-eth2	47857	2827996108
1787820890.334834711	s7-eth3	3725513191	3808766
1787820890.334834711	s7-eth4	11369	11231
1787820890.334834711	s8-eth1	11231	11231
1787820890.334834711	s8-eth2	8998	11231
1787820890.334834711	s8-eth3	11231	9201
1787820890.334834711	s8-eth4	11467	11231
1787820890.334834711	s9-eth1	3790423853	3810999
1787820890.334834711	s9-eth2	9201	11231
1787820890.334834711	s9-eth3	3808766	3727431051
1787820890.334834711	s9-eth4	9201	11231
1787820901.159950711	s10-eth1	9201	11467
1787820901.159950711	s10-eth2	11231	11592
1787820901.159950711	s10-eth3	11231	11369
1787820901.159950711	s10-eth4	11231	11467
1787820901.159950711	s1-eth1	3810608	5432667230
1787820901.159950711	s1-eth10	1632	5079
1787820901.159950711	s1-eth11	486052654	9873
1787820901.159950711	s1-eth12	1542	5079
1787820901.159950711	s1-eth13	1542	5079
1787820901.159950711	s1-eth14	1632	5079
1787820901.159950711	s1-eth15	267186398	8728
1787820901.159950711	s1-eth16	1542	5099
1787820901.159950711	s1-eth17	1632	5079
1787820901.159950711	s1-eth18	1632	4919
1787820901.159950711	s1-eth19	1943953004	9494
1787820901.159950711	s1-eth2	11231	11231
1787820901.159950711	s1-eth20	1542	5079
1787820901.159950711	s1-eth21	1632	5079
1787820901.159950711	s1-eth22	1562	5079
1787820901.159950711	s1-eth23	486039092	9418
1787820901.159950711	s1-eth24	1542	5079
1787820901.159950711	s1-eth25	1632	5079
1787820901.159950711	s1-eth26	1632	4989
1787820901.159950711	s1-eth27	486230734	9712
1787820901.159950711	s1-eth28	1562	5079
1787820901.159950711	s1-eth29	1542	4989
1787820901.159950711	s1-eth3	2155777264	3773786
1787820901.159950711	s1-eth30	1632	4989
1787820901.159950711	s1-eth31	486284095	9486
1787820901.159950711	s1-eth32	1632	4989
1787820901.159950711	s1-eth33	1632	4989
1787820901.159950711	s1-eth34	1632	4989
1787820901.159950711	s1-eth4	1828	5275
1787820901.159950711	s1-eth5	1562	4989
1787820901.159950711	s1-eth6	1632	5079
1787820901.159950711	s1-eth7	486364198	9548
1787820901.159950711	s1-eth8	1632	4989
1787820901.159950711	s1-eth9	1542	4919
1787820901.159950711	s2-eth1	2430816395	1337254167
1787820901.159950711	s2-eth10	1542	5079
1787820901.159950711	s2-eth11	486243215	9852
1787820901.159950711	s2-eth12	1542	5079
1787820901.159950711	s2-eth13	1542	5079
1787820901.159950711	s2-eth14	1632	5079
1787820901.159950711	s2-eth15	267405620	8862
1787820901.159950711	s2-eth16	1632	5009
1787820901.159950711	s2-eth17	1632	5009
1787820901.159950711	s2-eth18	1632	5079
1787820901.159950711	s2-eth19	5957	1209522285
1787820901.159950711	s2-eth2	11133	11231
1787820901.159950711	s2-eth20	1632	5079
1787820901.159950711	s2-eth21	1542	4989
1787820901.159950711	s2-eth22	1632	5079
1787820901.159950711	s2-eth23	5971	393988076
1787820901.159950711	s2-eth24	1542	5079
1787820901.159950711	s2-eth25	1632	5079
1787820901.159950711	s2-eth26	1542	5079
1787820901.159950711	s2-eth27	6175	394497115
1787820901.159950711	s2-eth28	1632	5079
1787820901.159950711	s2-eth29	1542	5079
1787820901.159950711	s2-eth3	97331601	10058
1787820901.159950711	s2-eth30	1542	5184
1787820901.159950711	s2-eth31	6039	394517243
1787820901.159950711	s2-eth32	1542	4989
1787820901.159950711	s2-eth33	1632	5079
1787820901.159950711	s2-eth34	1632	4919
1787820901.159950711	s2-eth4	1632	5079
1787820901.159950711	s2-eth5	1542	5079
1787820901.159950711	s2-eth6	1632	4989
1787820901.159950711	s2-eth7	486826432	9639
1787820901.159950711	s2-eth8	1632	4989
1787820901.159950711	s2-eth9	1542	5009
1787820901.159950711	s3-eth1	2391974466	1560816888
1787820901.159950711	s3-eth10	1542	5079
1787820901.159950711	s3-eth11	6176	383544254
1787820901.159950711	s3-eth12	1382	4989
1787820901.159950711	s3-eth13	1542	5079
1787820901.159950711	s3-eth14	1632	4989
1787820901.159950711	s3-eth15	5191	225886374
1787820901.159950711	s3-eth16	1542	4989
1787820901.159950711	s3-eth17	1542	4989
1787820901.159950711	s3-eth18	1382	5079
1787820901.159950711	s3-eth19	97395562	9666
1787820901.159950711	s3-eth2	11231	11231
1787820901.159950711	s3-eth20	1632	4969
1787820901.159950711	s3-eth21	1542	4969
1787820901.159950711	s3-eth22	1382	4989
1787820901.159950711	s3-eth23	486759385	9634
1787820901.159950711	s3-eth24	1382	4989
1787820901.159950711	s3-eth25	1632	4989
1787820901.159950711	s3-eth26	1382	4989
1787820901.159950711	s3-eth27	487085777	9391
1787820901.159950711	s3-eth28	1542	5079
1787820901.159950711	s3-eth29	1632	5009
1787820901.159950711	s3-eth3	3770053	1374650561
1787820901.159950711	s3-eth30	1542	5079
1787820901.159950711	s3-eth31	486853894	9619
1787820901.159950711	s3-eth32	1382	4989
1787820901.159950711	s3-eth33	1542	4969
1787820901.159950711	s3-eth34	1632	5079
1787820901.159950711	s3-eth4	1542	4989
1787820901.159950711	s3-eth5	1632	5079
1787820901.159950711	s3-eth6	1632	5079
1787820901.159950711	s3-eth7	6171	384373264
1787820901.159950711	s3-eth8	1632	4848
1787820901.159950711	s3-eth9	1632	5079
1787820901.159950711	s4-eth1	2846166777	47884
1787820901.159950711	s4-eth10	1632	4969
1787820901.159950711	s4-eth11	6405	465569824
1787820901.159950711	s4-eth12	1542	4989
1787820901.159950711	s4-eth13	1382	4969
1787820901.159950711	s4-eth14	1382	4989
1787820901.159950711	s4-eth15	5415	255678261
1787820901.159950711	s4-eth16	1382	4989
1787820901.159950711	s4-eth17	1542	4969
1787820901.159950711	s4-eth18	1382	5039
1787820901.159950711	s4-eth19	6239	96572763
1787820901.159950711	s4-eth2	11258	9025
1787820901.159950711	s4-eth20	1632	4989
1787820901.159950711	s4-eth21	1542	4989
1787820901.159950711	s4-eth22	1542	4899
1787820901.159950711	s4-eth23	6027	481454830
1787820901.159950711	s4-eth24	1542	4989
1787820901.159950711	s4-eth25	1542	4989
1787820901.159950711	s4-eth26	1382	5039
1787820901.159950711	s4-eth27	5784	482581305
1787820901.159950711	s4-eth28	1542	5079
1787820901.159950711	s4-eth29	1382	4989
1787820901.159950711	s4-eth3	6361	93837666
1787820901.159950711	s4-eth30	1382	4989
1787820901.159950711	s4-eth31	6239	481840258
1787820901.159950711	s4-eth32	1382	4989
1787820901.159950711	s4-eth33	1382	5039
1787820901.159950711	s4-eth34	1542	4969
1787820901.159950711	s4-eth4	1542	4969
1787820901.159950711	s4-eth5	1382	4969
1787820901.159950711	s4-eth6	1382	5009
1787820901.159950711	s4-eth7	6102	467613747
1787820901.159950711	s4-eth8	1382	4989
1787820901.159950711	s4-eth9	1382	5039
1787820901.159950711	s5-eth1	5457168279	3810635
1787820901.159950711	s5-eth2	1345017922	2437759652
1787820901.159950711	s5-eth3	3811026	3818563068
1787820901.159950711	s5-eth4	11495	9228
1787820901.159950711	s6-eth1	11258	11258
1787820901.159950711	s6-eth2	11258	11160
1787820901.159950711	s6-eth3	11258	9228
1787820901.159950711	s6-eth4	11620	11258
1787820901.159950711	s7-eth1	1567765913	2396818171
1787820901.159950711	s7-eth2	47884	2856901025
1787820901.159950711	s7-eth3	3752875168	3808793
1787820901.159950711	s7-eth4	11397	11258
1787820901.159950711	s8-eth1	11258	11258
1787820901.159950711	s8-eth2	9025	11258
1787820901.159950711	s8-eth3	11258	9228
1787820901.159950711	s8-eth4	11495	11258
1787820901.159950711	s9-eth1	3819994974	3811026
1787820901.159950711	s9-eth2	9228	11258
1787820901.159950711	s9-eth3	3808793	3753587516
1787820901.159950711	s9-eth4	9228	11258
1787820908.287877545	s10-eth1	9255	11523
1787820908.287877545	s10-eth2	11285	11648
1787820908.287877545	s10-eth3	11285	11425
1787820908.287877545	s10-eth4	11285	11523
1787820908.287877545	s1-eth1	3810662	5474919326
1787820908.287877545	s1-eth10	1632	5079
1787820908.287877545	s1-eth11	490695894	9873
1787820908.287877545	s1-eth12	1542	5079
1787820908.287877545	s1-eth13	1542	5079
1787820908.287877545	s1-eth14	1632	5079
1787820908.287877545	s1-eth15	271812334	8728
1787820908.287877545	s1-eth16	1542	5099
1787820908.287877545	s1-eth17	1632	5079
1787820908.287877545	s1-eth18	1632	4919
1787820908.287877545	s1-eth19	1963396932	9494
1787820908.287877545	s1-eth2	11285	11285
1787820908.287877545	s1-eth20	1542	5079
1787820908.287877545	s1-eth21	1632	5079
1787820908.287877545	s1-eth22	1562	5079
1787820908.287877545	s1-eth23	491047158	9418
1787820908.287877545	s1-eth24	1542	5079
1787820908.287877545	s1-eth25	1632	5079
1787820908.287877545	s1-eth26	1632	4989
1787820908.287877545	s1-eth27	491215728	9712
1787820908.287877545	s1-eth28	1562	5079
1787820908.287877545	s1-eth29	1542	4989
1787820908.287877545	s1-eth3	2175529850	3773786
1787820908.287877545	s1-eth30	1632	4989
1787820908.287877545	s1-eth31	491233039	9486
1787820908.287877545	s1-eth32	1632	4989
1787820908.287877545	s1-eth33	1632	4989
1787820908.287877545	s1-eth34	1632	4989
1787820908.287877545	s1-eth4	1828	5275
1787820908.287877545	s1-eth5	1562	4989
1787820908.287877545	s1-eth6	1632	5079
1787820908.287877545	s1-eth7	491282860	9548
1787820908.287877545	s1-eth8	1632	4989
1787820908.287877545	s1-eth9	1542	4989
1787820908.287877545	s2-eth1	2445346041	1352950391
1787820908.287877545	s2-eth10	1542	5079
1787820908.287877545	s2-eth11	491144573	9852
1787820908.287877545	s2-eth12	1542	5079
1787820908.287877545	s2-eth13	1542	5079
1787820908.287877545	s2-eth14	1632	5079
1787820908.287877545	s2-eth15	272298326	8862
1787820908.287877545	s2-eth16	1632	5079
1787820908.287877545	s2-eth17	1632	5079
1787820908.287877545	s2-eth18	1632	5079
1787820908.287877545	s2-eth19	5957	1215732979
1787820908.287877545	s2-eth2	11187	11285
1787820908.287877545	s2-eth20	1632	5079
1787820908.287877545	s2-eth21	1542	4989
1787820908.287877545	s2-eth22	1632	5079
1787820908.287877545	s2-eth23	5971	396866308
1787820908.287877545	s2-eth24	1542	5079
1787820908.287877545	s2-eth25	1632	5079
1787820908.287877545	s2-eth26	1542	5079
1787820908.287877545	s2-eth27	6175	397558481
1787820908.287877545	s2-eth28	1632	5079
1787820908.287877545	s2-eth29	1542	5079
1787820908.287877545	s2-eth3	98447709	10058
1787820908.287877545	s2-eth30	1542	5184
1787820908.287877545	s2-eth31	6039	397559863
1787820908.287877545	s2-eth32	1542	4989
1787820908.287877545	s2-eth33	1632	5079
1787820908.287877545	s2-eth34	1632	4989
1787820908.287877545	s2-eth4	1632	5079
1787820908.287877545	s2-eth5	1542	5079
1787820908.287877545	s2-eth6	1632	4989
1787820908.287877545	s2-eth7	492725654	9639
1787820908.287877545	s2-eth8	1632	4989
1787820908.287877545	s2-eth9	1542	5079
1787820908.287877545	s3-eth1	2405599978	1580141184
1787820908.287877545	s3-eth10	1542	5079
1787820908.287877545	s3-eth11	6176	386364806
1787820908.287877545	s3-eth12	1382	4989
1787820908.287877545	s3-eth13	1542	5079
1787820908.287877545	s3-eth14	1632	4989
1787820908.287877545	s3-eth15	5191	228732882
1787820908.287877545	s3-eth16	1542	4989
1787820908.287877545	s3-eth17	1542	4989
1787820908.287877545	s3-eth18	1382	5079
1787820908.287877545	s3-eth19	98697688	9666
1787820908.287877545	s3-eth2	11285	11285
1787820908.287877545	s3-eth20	1632	4969
1787820908.287877545	s3-eth21	1542	4969
1787820908.287877545	s3-eth22	1382	4989
1787820908.287877545	s3-eth23	493434403	9634
1787820908.287877545	s3-eth24	1382	4989
1787820908.287877545	s3-eth25	1632	4989
1787820908.287877545	s3-eth26	1382	4989
1787820908.287877545	s3-eth27	493737723	9391
1787820908.287877545	s3-eth28	1542	5079
1787820908.287877545	s3-eth29	1632	5009
1787820908.287877545	s3-eth3	3770053	1380223891
1787820908.287877545	s3-eth30	1542	5079
1787820908.287877545	s3-eth31	493465464	9619
1787820908.287877545	s3-eth32	1382	4989
1787820908.287877545	s3-eth33	1542	4969
1787820908.287877545	s3-eth34	1632	5079
1787820908.287877545	s3-eth4	1542	4989
1787820908.287877545	s3-eth5	1632	5079
1787820908.287877545	s3-eth6	1632	5079
1787820908.287877545	s3-eth7	6171	387521150
1787820908.287877545	s3-eth8	1632	4848
1787820908.287877545	s3-eth9	1632	5079
1787820908.287877545	s4-eth1	2888887523	47938
1787820908.287877545	s4-eth10	1632	4969
1787820908.287877545	s4-eth11	6405	471767540
1787820908.287877545	s4-eth12	1542	4989
1787820908.287877545	s4-eth13	1382	4969
1787820908.287877545	s4-eth14	1382	4989
1787820908.287877545	s4-eth15	5415	261956729
1787820908.287877545	s4-eth16	1382	4989
1787820908.287877545	s4-eth17	1542	4969
1787820908.287877545	s4-eth18	1382	5039
1787820908.287877545	s4-eth19	6239	97951315
1787820908.287877545	s4-eth2	11312	9079
1787820908.287877545	s4-eth20	1632	4989
1787820908.287877545	s4-eth21	1542	4989
1787820908.287877545	s4-eth22	1542	4899
1787820908.287877545	s4-eth23	6027	488445646
1787820908.287877545	s4-eth24	1542	4989
1787820908.287877545	s4-eth25	1542	4989
1787820908.287877545	s4-eth26	1382	5039
1787820908.287877545	s4-eth27	5784	489587983
1787820908.287877545	s4-eth28	1542	5079
1787820908.287877545	s4-eth29	1382	4989
1787820908.287877545	s4-eth3	6361	95165748
1787820908.287877545	s4-eth30	1382	4989
1787820908.287877545	s4-eth31	6239	488894522
1787820908.287877545	s4-eth32	1382	4989
1787820908.287877545	s4-eth33	1382	5039
1787820908.287877545	s4-eth34	1542	4969
1787820908.287877545	s4-eth4	1542	4969
1787820908.287877545	s4-eth5	1382	4969
1787820908.287877545	s4-eth6	1382	5009
1787820908.287877545	s4-eth7	6102	473872027
1787820908.287877545	s4-eth8	1382	4989
1787820908.287877545	s4-eth9	1382	5039
1787820908.287877545	s5-eth1	5510766004	3810689
1787820908.287877545	s5-eth2	1367139698	2456058686
1787820908.287877545	s5-eth3	3811080	3858691098
1787820908.287877545	s5-eth4	11551	9282
1787820908.287877545	s6-eth1	11312	11312
1787820908.287877545	s6-eth2	11312	11214
1787820908.287877545	s6-eth3	11312	9282
1787820908.287877545	s6-eth4	11676	11312
1787820908.287877545	s7-eth1	1590600037	2413908809
1787820908.287877545	s7-eth2	47938	2901430039
1787820908.287877545	s7-eth3	3793530970	3808847
1787820908.287877545	s7-eth4	11453	11312
1787820908.287877545	s8-eth1	11312	11312
1787820908.287877545	s8-eth2	9079	11312
1787820908.287877545	s8-eth3	11312	9282
1787820908.287877545	s8-eth4	11551	11312
1787820908.287877545	s9-eth1	3863794336	3811080
1787820908.287877545	s9-eth2	9282	11312
1787820908.287877545	s9-eth3	3808847	3796103498
1787820908.287877545	s9-eth4	9282	11312
1787820920.047296176	s10-eth1	9309	11579
1787820920.047296176	s10-eth2	11339	11704
1787820920.047296176	s10-eth3	11339	11481
1787820920.047296176	s10-eth4	11339	11579
1787820920.047296176	s1-eth1	3810716	5531810579
1787820920.047296176	s1-eth10	1632	5079
1787820920.047296176	s1-eth11	498722066	9873
1787820920.047296176	s1-eth12	1542	5079
1787820920.047296176	s1-eth13	1542	5079
1787820920.047296176	s1-eth14	1632	5079
1787820920.047296176	s1-eth15	279887534	8728
1787820920.047296176	s1-eth16	1542	5099
1787820920.047296176	s1-eth17	1632	5079
1787820920.047296176	s1-eth18	1632	4919
1787820920.047296176	s1-eth19	1995934220	9494
1787820920.047296176	s1-eth2	11339	11339
1787820920.047296176	s1-eth20	1542	5079
1787820920.047296176	s1-eth21	1632	5079
1787820920.047296176	s1-eth22	1562	5079
1787820920.047296176	s1-eth23	499218972	9418
1787820920.047296176	s1-eth24	1542	5079
1787820920.047296176	s1-eth25	1632	5079
1787820920.047296176	s1-eth26	1632	4989
1787820920.047296176	s1-eth27	499403404	9712
1787820920.047296176	s1-eth28	1562	5079
1787820920.047296176	s1-eth29	1542	4989
1787820920.047296176	s1-eth3	2208361306	3773786
1787820920.047296176	s1-eth30	1632	4989
1787820920.047296176	s1-eth31	499442345	9486
1787820920.047296176	s1-eth32	1632	4989
1787820920.047296176	s1-eth33	1632	4989
1787820920.047296176	s1-eth34	1632	4989
1787820920.047296176	s1-eth4	1828	5275
1787820920.047296176	s1-eth5	1562	4989
1787820920.047296176	s1-eth6	1632	5079
1787820920.047296176	s1-eth7	499542636	9548
1787820920.047296176	s1-eth8	1632	4989
1787820920.047296176	s1-eth9	1542	4989
1787820920.047296176	s2-eth1	2467516845	1379483245
1787820920.047296176	s2-eth10	1542	5079
1787820920.047296176	s2-eth11	499519709	9852
1787820920.047296176	s2-eth12	1542	5079
1787820920.047296176	s2-eth13	1542	5079
1787820920.047296176	s2-eth14	1632	5079
1787820920.047296176	s2-eth15	280751330	8862
1787820920.047296176	s2-eth16	1632	5079
1787820920.047296176	s2-eth17	1632	5079
1787820920.047296176	s2-eth18	1632	5079
1787820920.047296176	s2-eth19	5957	1223224169
1787820920.047296176	s2-eth2	11268	11366
1787820920.047296176	s2-eth20	1632	5079
1787820920.047296176	s2-eth21	1542	4989
1787820920.047296176	s2-eth22	1632	5079
1787820920.047296176	s2-eth23	5971	401112998
1787820920.047296176	s2-eth24	1542	5079
1787820920.047296176	s2-eth25	1632	5079
1787820920.047296176	s2-eth26	1542	5079
1787820920.047296176	s2-eth27	6175	401841221
1787820920.047296176	s2-eth28	1632	5079
1787820920.047296176	s2-eth29	1542	5079
1787820920.047296176	s2-eth3	100093031	10058
1787820920.047296176	s2-eth30	1542	5184
1787820920.047296176	s2-eth31	6039	401799343
1787820920.047296176	s2-eth32	1542	4989
1787820920.047296176	s2-eth33	1632	5079
1787820920.047296176	s2-eth34	1632	4989
1787820920.047296176	s2-eth4	1632	5079
1787820920.047296176	s2-eth5	1542	5079
1787820920.047296176	s2-eth6	1632	4989
1787820920.047296176	s2-eth7	501195962	9639
1787820920.047296176	s2-eth8	1632	4989
1787820920.047296176	s2-eth9	1542	5079
1787820920.047296176	s3-eth1	2424219163	1606799519
1787820920.047296176	s3-eth10	1542	5079
1787820920.047296176	s3-eth11	6176	390623032
1787820920.047296176	s3-eth12	1382	4989
1787820920.047296176	s3-eth13	1542	5079
1787820920.047296176	s3-eth14	1632	4989
1787820920.047296176	s3-eth15	5191	232712802
1787820920.047296176	s3-eth16	1542	4989
1787820920.047296176	s3-eth17	1542	4989
1787820920.047296176	s3-eth18	1382	5079
1787820920.047296176	s3-eth19	100279562	9666
1787820920.047296176	s3-eth2	11366	11366
1787820920.047296176	s3-eth20	1632	4969
1787820920.047296176	s3-eth21	1542	4969
1787820920.047296176	s3-eth22	1382	4989
1787820920.047296176	s3-eth23	501460575	9634
1787820920.047296176	s3-eth24	1382	4989
1787820920.047296176	s3-eth25	1632	4989
1787820920.047296176	s3-eth26	1382	4989
1787820920.047296176	s3-eth27	501912421	9391
1787820920.047296176	s3-eth28	1542	5079
1787820920.047296176	s3-eth29	1632	5009
1787820920.047296176	s3-eth3	3770053	1385518915
1787820920.047296176	s3-eth30	1542	5079
1787820920.047296176	s3-eth31	501673328	9619
1787820920.047296176	s3-eth32	1382	4989
1787820920.047296176	s3-eth33	1542	4969
1787820920.047296176	s3-eth34	1632	5079
1787820920.047296176	s3-eth4	1542	4989
1787820920.047296176	s3-eth5	1632	5079
1787820920.047296176	s3-eth6	1632	5079
1787820920.047296176	s3-eth7	6171	391238626
1787820920.047296176	s3-eth8	1632	4848
1787820920.047296176	s3-eth9	1632	5079
1787820920.047296176	s4-eth1	2935083489	47992
1787820920.047296176	s4-eth10	1632	4969
1787820920.047296176	s4-eth11	6405	478099362
1787820920.047296176	s4-eth12	1542	4989
1787820920.047296176	s4-eth13	1382	4969
1787820920.047296176	s4-eth14	1382	4989
1787820920.047296176	s4-eth15	5415	268546669
1787820920.047296176	s4-eth16	1382	4989
1787820920.047296176	s4-eth17	1542	4969
1787820920.047296176	s4-eth18	1382	5039
1787820920.047296176	s4-eth19	6239	99536073
1787820920.047296176	s4-eth2	11366	9133
1787820920.047296176	s4-eth20	1632	4989
1787820920.047296176	s4-eth21	1542	4989
1787820920.047296176	s4-eth22	1542	4899
1787820920.047296176	s4-eth23	6027	496124296
1787820920.047296176	s4-eth24	1542	4989
1787820920.047296176	s4-eth25	1542	4989
1787820920.047296176	s4-eth26	1382	5039
1787820920.047296176	s4-eth27	5784	497211837
1787820920.047296176	s4-eth28	1542	5079
1787820920.047296176	s4-eth29	1382	4989
1787820920.047296176	s4-eth3	6361	96652450
1787820920.047296176	s4-eth30	1382	4989
1787820920.047296176	s4-eth31	6239	496479442
1787820920.047296176	s4-eth32	1382	4989
1787820920.047296176	s4-eth33	1382	5039
1787820920.047296176	s4-eth34	1542	4969
1787820920.047296176	s4-eth4	1542	4969
1787820920.047296176	s4-eth5	1382	4969
1787820920.047296176	s4-eth6	1382	5009
1787820920.047296176	s4-eth7	6102	480633565
1787820920.047296176	s4-eth8	1382	4989
1787820920.047296176	s4-eth9	1382	5039
1787820920.047296176	s5-eth1	5555763695	3810770
1787820920.047296176	s5-eth2	1394113831	2475114797
1787820920.047296176	s5-eth3	3811161	3901212875
1787820920.047296176	s5-eth4	11635	9363
1787820920.047296176	s6-eth1	11393	11393
1787820920.047296176	s6-eth2	11393	11295
1787820920.047296176	s6-eth3	11393	9363
1787820920.047296176	s6-eth4	11760	11393
1787820920.047296176	s7-eth1	1616355680	2428465880
1787820920.047296176	s7-eth2	48019	2948717626
1787820920.047296176	s7-eth3	3831503237	3808928
1787820920.047296176	s7-eth4	11537	11393
1787820920.047296176	s8-eth1	11393	11393
1787820920.047296176	s8-eth2	9160	11393
1787820920.047296176	s8-eth3	11393	9363
1787820920.047296176	s8-eth4	11635	11393
1787820920.047296176	s9-eth1	3903153807	3811161
1787820920.047296176	s9-eth2	9363	11393
1787820920.047296176	s9-eth3	3808928	3833007243
1787820920.047296176	s9-eth4	9363	11393
1787820932.534780121	s10-eth1	9363	11635
1787820932.534780121	s10-eth2	11393	11760
1787820932.534780121	s10-eth3	11393	11537
1787820932.534780121	s10-eth4	11393	11635
1787820932.534780121	s1-eth1	3810770	5563912437
1787820932.534780121	s1-eth10	1632	5079
1787820932.534780121	s1-eth11	506363224	9873
1787820932.534780121	s1-eth12	1542	5079
1787820932.534780121	s1-eth13	1542	5079
1787820932.534780121	s1-eth14	1632	5079
1787820932.534780121	s1-eth15	287620980	8728
1787820932.534780121	s1-eth16	1542	5099
1787820932.534780121	s1-eth17	1632	5079
1787820932.534780121	s1-eth18	1632	4919
1787820932.534780121	s1-eth19	2027493832	9494
1787820932.534780121	s1-eth2	11420	11420
1787820932.534780121	s1-eth20	1542	5079
1787820932.534780121	s1-eth21	1632	5079
1787820932.534780121	s1-eth22	1562	5079
1787820932.534780121	s1-eth23	507431162	9418
1787820932.534780121	s1-eth24	1542	5079
1787820932.534780121	s1-eth25	1632	5079
1787820932.534780121	s1-eth26	1632	4989
1787820932.534780121	s1-eth27	508183742	9712
1787820932.534780121	s1-eth28	1632	5079
1787820932.534780121	s1-eth29	1542	4989
1787820932.534780121	s1-eth3	2243915258	3773786
1787820932.534780121	s1-eth30	1632	4989
1787820932.534780121	s1-eth31	508322181	9486
1787820932.534780121	s1-eth32	1632	4989
1787820932.534780121	s1-eth33	1632	4989
1787820932.534780121	s1-eth34	1632	4989
1787820932.534780121	s1-eth4	1828	5275
1787820932.534780121	s1-eth5	1562	4989
1787820932.534780121	s1-eth6	1632	5079
1787820932.534780121	s1-eth7	508676264	9618
1787820932.534780121	s1-eth8	1632	4989
1787820932.534780121	s1-eth9	1542	4989
1787820932.534780121	s2-eth1	2481867710	1408114236
1787820932.534780121	s2-eth10	1542	5079
1787820932.534780121	s2-eth11	508614403	9852
1787820932.534780121	s2-eth12	1542	5079
1787820932.534780121	s2-eth13	1542	5079
1787820932.534780121	s2-eth14	1632	5079
1787820932.534780121	s2-eth15	289760946	8862
1787820932.534780121	s2-eth16	1632	5079
1787820932.534780121	s2-eth17	1632	5079
1787820932.534780121	s2-eth18	1632	5079
1787820932.534780121	s2-eth19	5957	1226586913
1787820932.534780121	s2-eth2	11322	11420
1787820932.534780121	s2-eth20	1632	5079
1787820932.534780121	s2-eth21	1542	4989
1787820932.534780121	s2-eth22	1632	5079
1787820932.534780121	s2-eth23	5971	404422388
1787820932.534780121	s2-eth24	1542	5079
1787820932.534780121	s2-eth25	1632	5079
1787820932.534780121	s2-eth26	1542	5079
1787820932.534780121	s2-eth27	6175	405128981
1787820932.534780121	s2-eth28	1632	5079
1787820932.534780121	s2-eth29	1542	5079
1787820932.534780121	s2-eth3	101823431	10058
1787820932.534780121	s2-eth30	1542	5184
1787820932.534780121	s2-eth31	6039	404965975
1787820932.534780121	s2-eth32	1542	4989
1787820932.534780121	s2-eth33	1632	5079
1787820932.534780121	s2-eth34	1632	4989
1787820932.534780121	s2-eth4	1632	5079
1787820932.534780121	s2-eth5	1542	5079
1787820932.534780121	s2-eth6	1632	4989
1787820932.534780121	s2-eth7	509680760	9639
1787820932.534780121	s2-eth8	1632	4989
1787820932.534780121	s2-eth9	1542	5079
1787820932.534780121	s3-eth1	2435600950	1628343053
1787820932.534780121	s3-eth10	1542	5079
1787820932.534780121	s3-eth11	6176	392333244
1787820932.534780121	s3-eth12	1382	4989
1787820932.534780121	s3-eth13	1542	5079
1787820932.534780121	s3-eth14	1632	4989
1787820932.534780121	s3-eth15	5191	234423014
1787820932.534780121	s3-eth16	1542	4989
1787820932.534780121	s3-eth17	1542	4989
1787820932.534780121	s3-eth18	1382	5079
1787820932.534780121	s3-eth19	102119554	9666
1787820932.534780121	s3-eth2	11447	11447
1787820932.534780121	s3-eth20	1632	4969
1787820932.534780121	s3-eth21	1542	4969
1787820932.534780121	s3-eth22	1382	4989
1787820932.534780121	s3-eth23	510827807	9634
1787820932.534780121	s3-eth24	1382	4989
1787820932.534780121	s3-eth25	1632	4989
1787820932.534780121	s3-eth26	1382	4989
1787820932.534780121	s3-eth27	511511815	9391
1787820932.534780121	s3-eth28	1542	5079
1787820932.534780121	s3-eth29	1632	5009
1787820932.534780121	s3-eth3	3770053	1387373327
1787820932.534780121	s3-eth30	1542	5079
1787820932.534780121	s3-eth31	511716858	9619
1787820932.534780121	s3-eth32	1382	4989
1787820932.534780121	s3-eth33	1542	4969
1787820932.534780121	s3-eth34	1632	5079
1787820932.534780121	s3-eth4	1542	4989
1787820932.534780121	s3-eth5	1632	5079
1787820932.534780121	s3-eth6	1632	5079
1787820932.534780121	s3-eth7	6171	393169464
1787820932.534780121	s3-eth8	1632	4848
1787820932.534780121	s3-eth9	1632	5079
1787820932.534780121	s4-eth1	2988658196	48073
1787820932.534780121	s4-eth10	1632	4969
1787820932.534780121	s4-eth11	6405	487083022
1787820932.534780121	s4-eth12	1542	4989
1787820932.534780121	s4-eth13	1382	4969
1787820932.534780121	s4-eth14	1382	4989
1787820932.534780121	s4-eth15	5415	277476975
1787820932.534780121	s4-eth16	1382	4989
1787820932.534780121	s4-eth17	1542	4969
1787820932.534780121	s4-eth18	1382	5039
1787820932.534780121	s4-eth19	6239	101367413
1787820932.534780121	s4-eth2	11474	9241
1787820932.534780121	s4-eth20	1632	4989
1787820932.534780121	s4-eth21	1542	4989
1787820932.534780121	s4-eth22	1542	4899
1787820932.534780121	s4-eth23	6027	502577246
1787820932.534780121	s4-eth24	1542	4989
1787820932.534780121	s4-eth25	1542	4989
1787820932.534780121	s4-eth26	1382	5039
1787820932.534780121	s4-eth27	5784	503376457
1787820932.534780121	s4-eth28	1542	5079
1787820932.534780121	s4-eth29	1382	4989
1787820932.534780121	s4-eth3	6361	98407364
1787820932.534780121	s4-eth30	1382	4989
1787820932.534780121	s4-eth31	6239	502577660
1787820932.534780121	s4-eth32	1382	4989
1787820932.534780121	s4-eth33	1382	5039
1787820932.534780121	s4-eth34	1542	4969
1787820932.534780121	s4-eth4	1542	4969
1787820932.534780121	s4-eth5	1382	4969
1787820932.534780121	s4-eth6	1382	5009
1787820932.534780121	s4-eth7	6102	489079359
1787820932.534780121	s4-eth8	1382	4989
1787820932.534780121	s4-eth9	1382	5039
1787820932.534780121	s5-eth1	5582143724	3810851
1787820932.534780121	s5-eth2	1424274784	2487730936
1787820932.534780121	s5-eth3	3811242	3943395782
1787820932.534780121	s5-eth4	11719	9444
1787820932.534780121	s6-eth1	11474	11474
1787820932.534780121	s6-eth2	11474	11376
1787820932.534780121	s6-eth3	11474	9444
1787820932.534780121	s6-eth4	11844	11474
1787820932.534780121	s7-eth1	1638119867	2440307665
1787820932.534780121	s7-eth2	48100	2997765895
1787820932.534780121	s7-eth3	3872322012	3809009
1787820932.534780121	s7-eth4	11621	11474
1787820932.534780121	s8-eth1	11474	11474
1787820932.534780121	s8-eth2	9241	11474
1787820932.534780121	s8-eth3	11474	9444
1787820932.534780121	s8-eth4	11719	11474
1787820932.534780121	s9-eth1	3945883232	3811242
1787820932.534780121	s9-eth2	9444	11474
1787820932.534780121	s9-eth3	3809009	3874799368
1787820932.534780121	s9-eth4	9444	11474
1787820948.029496406	s10-eth1	9471	11747
1787820948.029496406	s10-eth2	11501	11872
1787820948.029496406	s10-eth3	11501	11649
1787820948.029496406	s10-eth4	11501	11747
1787820948.029496406	s1-eth1	3810878	5594964573
1787820948.029496406	s1-eth10	1632	5079
1787820948.029496406	s1-eth11	516370704	9873
1787820948.029496406	s1-eth12	1542	5079
1787820948.029496406	s1-eth13	1542	5079
1787820948.029496406	s1-eth14	1632	5079
1787820948.029496406	s1-eth15	297533288	8728
1787820948.029496406	s1-eth16	1542	5099
1787820948.029496406	s1-eth17	1632	5079
1787820948.029496406	s1-eth18	1632	4989
1787820948.029496406	s1-eth19	2066146642	9494
1787820948.029496406	s1-eth2	11501	11501
1787820948.029496406	s1-eth20	1542	5079
1787820948.029496406	s1-eth21	1632	5079
1787820948.029496406	s1-eth22	1632	5079
1787820948.029496406	s1-eth23	516864726	9418
1787820948.029496406	s1-eth24	1542	5079
1787820948.029496406	s1-eth25	1632	5079
1787820948.029496406	s1-eth26	1632	4989
1787820948.029496406	s1-eth27	517150098	9712
1787820948.029496406	s1-eth28	1632	5079
1787820948.029496406	s1-eth29	1542	4989
1787820948.029496406	s1-eth3	2280080618	3773786
1787820948.029496406	s1-eth30	1632	4989
1787820948.029496406	s1-eth31	517543771	9486
1787820948.029496406	s1-eth32	1632	4989
1787820948.029496406	s1-eth33	1632	4989
1787820948.029496406	s1-eth34	1632	4989
1787820948.029496406	s1-eth4	1828	5275
1787820948.029496406	s1-eth5	1562	4989
1787820948.029496406	s1-eth6	1632	5079
1787820948.029496406	s1-eth7	518249702	9618
1787820948.029496406	s1-eth8	1632	4989
1787820948.029496406	s1-eth9	1542	4989
1787820948.029496406	s2-eth1	2495990739	1436315511
1787820948.029496406	s2-eth10	1542	5079
1787820948.029496406	s2-eth11	518353671	9852
1787820948.029496406	s2-eth12	1542	5079
1787820948.029496406	s2-eth13	1542	5079
1787820948.029496406	s2-eth14	1632	5079
1787820948.029496406	s2-eth15	299830432	8862
1787820948.029496406	s2-eth16	1632	5079
1787820948.029496406	s2-eth17	1632	5079
1787820948.029496406	s2-eth18	1632	5079
1787820948.029496406	s2-eth19	5957	1229861695
1787820948.029496406	s2-eth2	11403	11501
1787820948.029496406	s2-eth20	1632	5079
1787820948.029496406	s2-eth21	1542	4989
1787820948.029496406	s2-eth22	1632	5079
1787820948.029496406	s2-eth23	5971	407189586
1787820948.029496406	s2-eth24	1542	5079
1787820948.029496406	s2-eth25	1632	5079
1787820948.029496406	s2-eth26	1542	5079
1787820948.029496406	s2-eth27	6175	407835615
1787820948.029496406	s2-eth28	1632	5079
1787820948.029496406	s2-eth29	1542	5079
1787820948.029496406	s2-eth3	103846557	10058
1787820948.029496406	s2-eth30	1542	5184
1787820948.029496406	s2-eth31	6039	407630791
1787820948.029496406	s2-eth32	1542	4989
1787820948.029496406	s2-eth33	1632	5079
1787820948.029496406	s2-eth34	1632	4989
1787820948.029496406	s2-eth4	1632	5079
1787820948.029496406	s2-eth5	1542	5079
1787820948.029496406	s2-eth6	1632	4989
1787820948.029496406	s2-eth7	519554134	9639
1787820948.029496406	s2-eth8	1632	4989
1787820948.029496406	s2-eth9	1542	5079
1787820948.029496406	s3-eth1	2449862411	1650255766
1787820948.029496406	s3-eth10	1542	5079
1787820948.029496406	s3-eth11	6176	393998754
1787820948.029496406	s3-eth12	1382	4989
1787820948.029496406	s3-eth13	1542	5079
1787820948.029496406	s3-eth14	1632	4989
1787820948.029496406	s3-eth15	5191	235990468
1787820948.029496406	s3-eth16	1542	4989
1787820948.029496406	s3-eth17	1542	4989
1787820948.029496406	s3-eth18	1382	5079
1787820948.029496406	s3-eth19	103969640	9666
1787820948.029496406	s3-eth2	11528	11528
1787820948.029496406	s3-eth20	1632	4969
1787820948.029496406	s3-eth21	1542	4969
1787820948.029496406	s3-eth22	1382	4989
1787820948.029496406	s3-eth23	519748019	9634
1787820948.029496406	s3-eth24	1382	4989
1787820948.029496406	s3-eth25	1632	4989
1787820948.029496406	s3-eth26	1382	4989
1787820948.029496406	s3-eth27	520279175	9391
1787820948.029496406	s3-eth28	1542	5079
1787820948.029496406	s3-eth29	1632	5009
1787820948.029496406	s3-eth3	3770053	1389141219
1787820948.029496406	s3-eth30	1542	5079
1787820948.029496406	s3-eth31	520029988	9619
1787820948.029496406	s3-eth32	1382	4989
1787820948.029496406	s3-eth33	1542	4969
1787820948.029496406	s3-eth34	1632	5079
1787820948.029496406	s3-eth4	1542	4989
1787820948.029496406	s3-eth5	1632	5079
1787820948.029496406	s3-eth6	1632	5079
1787820948.029496406	s3-eth7	6171	395059926
1787820948.029496406	s3-eth8	1632	4848
1787820948.029496406	s3-eth9	1632	5079
1787820948.029496406	s4-eth1	3029896593	48154
1787820948.029496406	s4-eth10	1632	4969
1787820948.029496406	s4-eth11	6405	492973592
1787820948.029496406	s4-eth12	1542	4989
1787820948.029496406	s4-eth13	1382	4969
1787820948.029496406	s4-eth14	1382	4989
1787820948.029496406	s4-eth15	5415	283726603
1787820948.029496406	s4-eth16	1382	4989
1787820948.029496406	s4-eth17	1542	4969
1787820948.029496406	s4-eth18	1382	5039
1787820948.029496406	s4-eth19	6239	102942077
1787820948.029496406	s4-eth2	11528	9295
1787820948.029496406	s4-eth20	1632	4989
1787820948.029496406	s4-eth21	1542	4989
1787820948.029496406	s4-eth22	1542	4899
1787820948.029496406	s4-eth23	6027	508391390
1787820948.029496406	s4-eth24	1542	4989
1787820948.029496406	s4-eth25	1542	4989
1787820948.029496406	s4-eth26	1382	5039
1787820948.029496406	s4-eth27	5784	509229535
1787820948.029496406	s4-eth28	1542	5079
1787820948.029496406	s4-eth29	1382	4989
1787820948.029496406	s4-eth3	6361	99883972
1787820948.029496406	s4-eth30	1382	4989
1787820948.029496406	s4-eth31	6239	508722022
1787820948.029496406	s4-eth32	1382	4989
1787820948.029496406	s4-eth33	1382	5039
1787820948.029496406	s4-eth34	1542	4969
1787820948.029496406	s4-eth4	1542	4969
1787820948.029496406	s4-eth5	1382	4969
1787820948.029496406	s4-eth6	1382	5009
1787820948.029496406	s4-eth7	6102	495835129
1787820948.029496406	s4-eth8	1382	4989
1787820948.029496406	s4-eth9	1382	5039
1787820948.029496406	s5-eth1	5631438575	3810932
1787820948.029496406	s5-eth2	1451915121	2507992559
1787820948.029496406	s5-eth3	3811323	3988550651
1787820948.029496406	s5-eth4	11803	9525
1787820948.029496406	s6-eth1	11555	11555
1787820948.029496406	s6-eth2	11555	11457
1787820948.029496406	s6-eth3	11555	9525
1787820948.029496406	s6-eth4	11928	11555
1787820948.029496406	s7-eth1	1664401840	2459160454
1787820948.029496406	s7-eth2	48181	3045986456
1787820948.029496406	s7-eth3	3916389613	3809090
1787820948.029496406	s7-eth4	11705	11555
1787820948.029496406	s8-eth1	11555	11555
1787820948.029496406	s8-eth2	9322	11555
1787820948.029496406	s8-eth3	11555	9525
1787820948.029496406	s8-eth4	11803	11555
1787820948.029496406	s9-eth1	3991182301	3811323
1787820948.029496406	s9-eth2	9525	11555
1787820948.029496406	s9-eth3	3809090	3917217321
1787820948.029496406	s9-eth4	9525	11555
1787820963.198479581	s10-eth1	9552	11831
1787820963.198479581	s10-eth2	11582	11956
1787820963.198479581	s10-eth3	11582	11733
1787820963.198479581	s10-eth4	11582	11831
1787820963.198479581	s1-eth1	3810959	5643689834
1787820963.198479581	s1-eth10	1632	5079
1787820963.198479581	s1-eth11	526156116	9873
1787820963.198479581	s1-eth12	1542	5079
1787820963.198479581	s1-eth13	1542	5079
1787820963.198479581	s1-eth14	1632	5079
1787820963.198479581	s1-eth15	307237948	8728
1787820963.198479581	s1-eth16	1542	5099
1787820963.198479581	s1-eth17	1632	5079
1787820963.198479581	s1-eth18	1632	4989
1787820963.198479581	s1-eth19	2104032308	9494
1787820963.198479581	s1-eth2	11582	11582
1787820963.198479581	s1-eth20	1542	5079
1787820963.198479581	s1-eth21	1632	5079
1787820963.198479581	s1-eth22	1632	5079
1787820963.198479581	s1-eth23	526054592	9418
1787820963.198479581	s1-eth24	1542	5079
1787820963.198479581	s1-eth25	1632	5079
1787820963.198479581	s1-eth26	1632	4989
1787820963.198479581	s1-eth27	526239024	9712
1787820963.198479581	s1-eth28	1632	5079
1787820963.198479581	s1-eth29	1542	4989
1787820963.198479581	s1-eth3	2315734068	3773786
1787820963.198479581	s1-eth30	1632	4989
1787820963.198479581	s1-eth31	526275081	9486
1787820963.198479581	s1-eth32	1632	4989
1787820963.198479581	s1-eth33	1632	4989
1787820963.198479581	s1-eth34	1632	4989
1787820963.198479581	s1-eth4	1828	5275
1787820963.198479581	s1-eth5	1562	4989
1787820963.198479581	s1-eth6	1632	5079
1787820963.198479581	s1-eth7	526532550	9618
1787820963.198479581	s1-eth8	1632	4989
1787820963.198479581	s1-eth9	1542	4989
1787820963.198479581	s2-eth1	2514941584	1462164884
1787820963.198479581	s2-eth10	1542	5079
1787820963.198479581	s2-eth11	526548557	9852
1787820963.198479581	s2-eth12	1542	5079
1787820963.198479581	s2-eth13	1542	5079
1787820963.198479581	s2-eth14	1632	5079
1787820963.198479581	s2-eth15	307807576	8862
1787820963.198479581	s2-eth16	1632	5079
1787820963.198479581	s2-eth17	1632	5079
1787820963.198479581	s2-eth18	1632	5079
1787820963.198479581	s2-eth19	5957	1234140109
1787820963.198479581	s2-eth2	11484	11582
1787820963.198479581	s2-eth20	1632	5079
1787820963.198479581	s2-eth21	1542	4989
1787820963.198479581	s2-eth22	1632	5079
1787820963.198479581	s2-eth23	5971	410373522
1787820963.198479581	s2-eth24	1542	5079
1787820963.198479581	s2-eth25	1632	5079
1787820963.198479581	s2-eth26	1542	5079
1787820963.198479581	s2-eth27	6175	410956103
1787820963.198479581	s2-eth28	1632	5079
1787820963.198479581	s2-eth29	1542	5079
1787820963.198479581	s2-eth3	105493321	10058
1787820963.198479581	s2-eth30	1542	5184
1787820963.198479581	s2-eth31	6039	410741185
1787820963.198479581	s2-eth32	1542	4989
1787820963.198479581	s2-eth33	1632	5079
1787820963.198479581	s2-eth34	1632	4989
1787820963.198479581	s2-eth4	1632	5079
1787820963.198479581	s2-eth5	1542	5079
1787820963.198479581	s2-eth6	1632	4989
1787820963.198479581	s2-eth7	527574538	9639
1787820963.198479581	s2-eth8	1632	4989
1787820963.198479581	s2-eth9	1542	5079
1787820963.198479581	s3-eth1	2464908293	1675451913
1787820963.198479581	s3-eth10	1542	5079
1787820963.198479581	s3-eth11	6176	396879870
1787820963.198479581	s3-eth12	1382	4989
1787820963.198479581	s3-eth13	1542	5079
1787820963.198479581	s3-eth14	1632	4989
1787820963.198479581	s3-eth15	5191	238786506
1787820963.198479581	s3-eth16	1542	4989
1787820963.198479581	s3-eth17	1542	4989
1787820963.198479581	s3-eth18	1382	5079
1787820963.198479581	s3-eth19	105596216	9666
1787820963.198479581	s3-eth2	11582	11582
1787820963.198479581	s3-eth20	1632	4969
1787820963.198479581	s3-eth21	1542	4969
1787820963.198479581	s3-eth22	1382	4989
1787820963.198479581	s3-eth23	527797263	9634
1787820963.198479581	s3-eth24	1382	4989
1787820963.198479581	s3-eth25	1632	4989
1787820963.198479581	s3-eth26	1382	4989
1787820963.198479581	s3-eth27	528110677	9391
1787820963.198479581	s3-eth28	1542	5079
1787820963.198479581	s3-eth29	1632	5009
1787820963.198479581	s3-eth3	3770053	1392760639
1787820963.198479581	s3-eth30	1542	5079
1787820963.198479581	s3-eth31	527909076	9619
1787820963.198479581	s3-eth32	1382	4989
1787820963.198479581	s3-eth33	1542	4969
1787820963.198479581	s3-eth34	1632	5079
1787820963.198479581	s3-eth4	1542	4989
1787820963.198479581	s3-eth5	1632	5079
1787820963.198479581	s3-eth6	1632	5079
1787820963.198479581	s3-eth7	6171	397711764
1787820963.198479581	s3-eth8	1632	4848
1787820963.198479581	s3-eth9	1632	5079
1787820963.198479581	s4-eth1	3068526385	48208
1787820963.198479581	s4-eth10	1632	4969
1787820963.198479581	s4-eth11	6405	498180654
1787820963.198479581	s4-eth12	1542	4989
1787820963.198479581	s4-eth13	1382	4969
1787820963.198479581	s4-eth14	1382	4989
1787820963.198479581	s4-eth15	5415	288254483
1787820963.198479581	s4-eth16	1382	4989
1787820963.198479581	s4-eth17	1542	4969
1787820963.198479581	s4-eth18	1382	5039
1787820963.198479581	s4-eth19	6239	104157683
1787820963.198479581	s4-eth2	11582	9349
1787820963.198479581	s4-eth20	1632	4989
1787820963.198479581	s4-eth21	1542	4989
1787820963.198479581	s4-eth22	1542	4899
1787820963.198479581	s4-eth23	6027	513589800
1787820963.198479581	s4-eth24	1542	4989
1787820963.198479581	s4-eth25	1542	4989
1787820963.198479581	s4-eth26	1382	5039
1787820963.198479581	s4-eth27	5784	514344309
1787820963.198479581	s4-eth28	1542	5079
1787820963.198479581	s4-eth29	1382	4989
1787820963.198479581	s4-eth3	6361	100716006
1787820963.198479581	s4-eth30	1382	4989
1787820963.198479581	s4-eth31	6239	513440246
1787820963.198479581	s4-eth32	1382	4989
1787820963.198479581	s4-eth33	1382	5039
1787820963.198479581	s4-eth34	1542	4969
1787820963.198479581	s4-eth4	1542	4969
1787820963.198479581	s4-eth5	1382	4969
1787820963.198479581	s4-eth6	1382	5009
1787820963.198479581	s4-eth7	6102	499603075
1787820963.198479581	s4-eth8	1382	4989
1787820963.198479581	s4-eth9	1382	5039
1787820963.198479581	s5-eth1	5662130130	3810959
1787820963.198479581	s5-eth2	1469526294	2519592034
1787820963.198479581	s5-eth3	3811350	4014626364
1787820963.198479581	s5-eth4	11831	9579
1787820963.198479581	s6-eth1	11582	11609
1787820963.198479581	s6-eth2	11609	11511
1787820963.198479581	s6-eth3	11609	9579
1787820963.198479581	s6-eth4	11984	11609
1787820963.198479581	s7-eth1	1681136304	2468351816
1787820963.198479581	s7-eth2	48235	3075569140
1787820963.198479581	s7-eth3	3939767441	3809144
1787820963.198479581	s7-eth4	11761	11609
1787820963.198479581	s8-eth1	11609	11609
1787820963.198479581	s8-eth2	9376	11609
1787820963.198479581	s8-eth3	11609	9579
1787820963.198479581	s8-eth4	11859	11609
1787820963.198479581	s9-eth1	4016147701	3811377
1787820963.198479581	s9-eth2	9579	11609
1787820963.198479581	s9-eth3	3809144	3940414899
1787820963.198479581	s9-eth4	9579	11609
1787820971.025893557	s10-eth1	9579	11859
1787820971.025893557	s10-eth2	11609	11984
1787820971.025893557	s10-eth3	11609	11761
1787820971.025893557	s10-eth4	11609	11859
1787820971.025893557	s1-eth1	3810986	5670503851
1787820971.025893557	s1-eth10	1632	5079
1787820971.025893557	s1-eth11	531118038	9873
1787820971.025893557	s1-eth12	1542	5079
1787820971.025893557	s1-eth13	1542	5079
1787820971.025893557	s1-eth14	1632	5079
1787820971.025893557	s1-eth15	312469524	8728
1787820971.025893557	s1-eth16	1542	5099
1787820971.025893557	s1-eth17	1632	5079
1787820971.025893557	s1-eth18	1632	4989
1787820971.025893557	s1-eth19	2126200174	9494
1787820971.025893557	s1-eth2	11609	11609
1787820971.025893557	s1-eth20	1542	5079
1787820971.025893557	s1-eth21	1632	5079
1787820971.025893557	s1-eth22	1632	5079
1787820971.025893557	s1-eth23	531785100	9418
1787820971.025893557	s1-eth24	1542	5079
1787820971.025893557	s1-eth25	1632	5079
1787820971.025893557	s1-eth26	1632	4989
1787820971.025893557	s1-eth27	531982510	9712
1787820971.025893557	s1-eth28	1632	5079
1787820971.025893557	s1-eth29	1542	4989
1787820971.025893557	s1-eth3	2338964688	3773786
1787820971.025893557	s1-eth30	1632	4989
1787820971.025893557	s1-eth31	532074805	9486
1787820971.025893557	s1-eth32	1632	4989
1787820971.025893557	s1-eth33	1632	4989
1787820971.025893557	s1-eth34	1632	4989
1787820971.025893557	s1-eth4	1828	5275
1787820971.025893557	s1-eth5	1562	4989
1787820971.025893557	s1-eth6	1632	5079
1787820971.025893557	s1-eth7	532192400	9618
1787820971.025893557	s1-eth8	1632	4989
1787820971.025893557	s1-eth9	1542	4989
1787820971.025893557	s2-eth1	2527119328	1479440098
1787820971.025893557	s2-eth10	1542	5079
1787820971.025893557	s2-eth11	532156495	9852
1787820971.025893557	s2-eth12	1542	5079
1787820971.025893557	s2-eth13	1542	5079
1787820971.025893557	s2-eth14	1632	5079
1787820971.025893557	s2-eth15	313337646	8862
1787820971.025893557	s2-eth16	1632	5079
1787820971.025893557	s2-eth17	1632	5079
1787820971.025893557	s2-eth18	1632	5079
1787820971.025893557	s2-eth19	5957	1237303857
1787820971.025893557	s2-eth2	11538	11636
1787820971.025893557	s2-eth20	1632	5079
1787820971.025893557	s2-eth21	1542	4989
1787820971.025893557	s2-eth22	1632	5079
1787820971.025893557	s2-eth23	5971	412961912
1787820971.025893557	s2-eth24	1542	5079
1787820971.025893557	s2-eth25	1632	5079
1787820971.025893557	s2-eth26	1542	5079
1787820971.025893557	s2-eth27	6175	413468067
1787820971.025893557	s2-eth28	1632	5079
1787820971.025893557	s2-eth29	1542	5079
1787820971.025893557	s2-eth3	106645479	10058
1787820971.025893557	s2-eth30	1542	5184
1787820971.025893557	s2-eth31	6039	413604997
1787820971.025893557	s2-eth32	1542	4989
1787820971.025893557	s2-eth33	1632	5079
1787820971.025893557	s2-eth34	1632	4989
1787820971.025893557	s2-eth4	1632	5079
1787820971.025893557	s2-eth5	1542	5079
1787820971.025893557	s2-eth6	1632	4989
1787820971.025893557	s2-eth7	533854448	9639
1787820971.025893557	s2-eth8	1632	4989
1787820971.025893557	s2-eth9	1542	5079
1787820971.025893557	s3-eth1	2474033323	1695554889
1787820971.025893557	s3-eth10	1542	5079
1787820971.025893557	s3-eth11	6176	399078920
1787820971.025893557	s3-eth12	1382	4989
1787820971.025893557	s3-eth13	1542	5079
1787820971.025893557	s3-eth14	1632	4989
1787820971.025893557	s3-eth15	5191	240786560
1787820971.025893557	s3-eth16	1542	4989
1787820971.025893557	s3-eth17	1542	4989
1787820971.025893557	s3-eth18	1382	5079
1787820971.025893557	s3-eth19	106811822	9666
1787820971.025893557	s3-eth2	11636	11636
1787820971.025893557	s3-eth20	1632	4969
1787820971.025893557	s3-eth21	1542	4969
1787820971.025893557	s3-eth22	1382	4989
1787820971.025893557	s3-eth23	533954603	9634
1787820971.025893557	s3-eth24	1382	4989
1787820971.025893557	s3-eth25	1632	4989
1787820971.025893557	s3-eth26	1382	4989
1787820971.025893557	s3-eth27	534518925	9391
1787820971.025893557	s3-eth28	1542	5079
1787820971.025893557	s3-eth29	1632	5009
1787820971.025893557	s3-eth3	3770053	1395480251
1787820971.025893557	s3-eth30	1542	5079
1787820971.025893557	s3-eth31	534255318	9619
1787820971.025893557	s3-eth32	1382	4989
1787820971.025893557	s3-eth33	1542	4969
1787820971.025893557	s3-eth34	1632	5079
1787820971.025893557	s3-eth4	1542	4989
1787820971.025893557	s3-eth5	1632	5079
1787820971.025893557	s3-eth6	1632	5079
1787820971.025893557	s3-eth7	6171	399668558
1787820971.025893557	s3-eth8	1632	4848
1787820971.025893557	s3-eth9	1632	5079
1787820971.025893557	s4-eth1	3095514911	48262
1787820971.025893557	s4-eth10	1632	4969
1787820971.025893557	s4-eth11	6405	502043772
1787820971.025893557	s4-eth12	1542	4989
1787820971.025893557	s4-eth13	1382	4969
1787820971.025893557	s4-eth14	1382	4989
1787820971.025893557	s4-eth15	5415	292146441
1787820971.025893557	s4-eth16	1382	4989
1787820971.025893557	s4-eth17	1542	4969
1787820971.025893557	s4-eth18	1382	5039
1787820971.025893557	s4-eth19	6239	105099309
1787820971.025893557	s4-eth2	11663	9430
1787820971.025893557	s4-eth20	1632	4989
1787820971.025893557	s4-eth21	1542	4989
1787820971.025893557	s4-eth22	1542	4969
1787820971.025893557	s4-eth23	6027	518398870
1787820971.025893557	s4-eth24	1542	4989
1787820971.025893557	s4-eth25	1542	4989
1787820971.025893557	s4-eth26	1382	5039
1787820971.025893557	s4-eth27	5784	518954383
1787820971.025893557	s4-eth28	1542	5079
1787820971.025893557	s4-eth29	1382	4989
1787820971.025893557	s4-eth3	6361	101610046
1787820971.025893557	s4-eth30	1382	4989
1787820971.025893557	s4-eth31	6239	518707872
1787820971.025893557	s4-eth32	1382	4989
1787820971.025893557	s4-eth33	1382	5039
1787820971.025893557	s4-eth34	1542	4969
1787820971.025893557	s4-eth4	1542	4969
1787820971.025893557	s4-eth5	1382	4969
1787820971.025893557	s4-eth6	1382	5079
1787820971.025893557	s4-eth7	6102	503329203
1787820971.025893557	s4-eth8	1382	4989
1787820971.025893557	s4-eth9	1382	5039
1787820971.025893557	s5-eth1	5707808445	3811040
1787820971.025893557	s5-eth2	1491581765	2538711593
1787820971.025893557	s5-eth3	3811431	4056467517
1787820971.025893557	s5-eth4	11915	9633
1787820971.025893557	s6-eth1	11663	11663
1787820971.025893557	s6-eth2	11663	11565
1787820971.025893557	s6-eth3	11663	9633
1787820971.025893557	s6-eth4	12040	11663
1787820971.025893557	s7-eth1	1703318644	2476659232
1787820971.025893557	s7-eth2	48289	3101242562
1787820971.025893557	s7-eth3	3979308577	3809198
1787820971.025893557	s7-eth4	11817	11663
1787820971.025893557	s8-eth1	11663	11663
1787820971.025893557	s8-eth2	9430	11663
1787820971.025893557	s8-eth3	11663	9633
1787820971.025893557	s8-eth4	11915	11663
1787820971.025893557	s9-eth1	4058620423	3811431
1787820971.025893557	s9-eth2	9633	11663
1787820971.025893557	s9-eth3	3809198	3981909945
1787820971.025893557	s9-eth4	9633	11663
1787820982.203196003	s10-eth1	9633	11915
1787820982.203196003	s10-eth2	11663	12040
1787820982.203196003	s10-eth3	11663	11817
1787820982.203196003	s10-eth4	11663	11915
1787820982.203196003	s1-eth1	3811040	5728865971
1787820982.203196003	s1-eth10	1632	5079
1787820982.203196003	s1-eth11	538427536	9873
1787820982.203196003	s1-eth12	1542	5079
1787820982.203196003	s1-eth13	1542	5079
1787820982.203196003	s1-eth14	1632	5079
1787820982.203196003	s1-eth15	319673756	8728
1787820982.203196003	s1-eth16	1542	5099
1787820982.203196003	s1-eth17	1632	5079
1787820982.203196003	s1-eth18	1632	4989
1787820982.203196003	s1-eth19	2154336478	9494
1787820982.203196003	s1-eth2	11690	11690
1787820982.203196003	s1-eth20	1542	5079
1787820982.203196003	s1-eth21	1632	5079
1787820982.203196003	s1-eth22	1632	5079
1787820982.203196003	s1-eth23	538836480	9418
1787820982.203196003	s1-eth24	1542	5079
1787820982.203196003	s1-eth25	1632	5079
1787820982.203196003	s1-eth26	1632	4989
1787820982.203196003	s1-eth27	539189626	9712
1787820982.203196003	s1-eth28	1632	5079
1787820982.203196003	s1-eth29	1542	4989
1787820982.203196003	s1-eth3	2368082994	3773786
1787820982.203196003	s1-eth30	1632	4989
1787820982.203196003	s1-eth31	539457845	9486
1787820982.203196003	s1-eth32	1632	4989
1787820982.203196003	s1-eth33	1632	4989
1787820982.203196003	s1-eth34	1632	4989
1787820982.203196003	s1-eth4	1828	5275
1787820982.203196003	s1-eth5	1562	4989
1787820982.203196003	s1-eth6	1632	5079
1787820982.203196003	s1-eth7	539754248	9618
1787820982.203196003	s1-eth8	1632	4989
1787820982.203196003	s1-eth9	1542	4989
1787820982.203196003	s2-eth1	2552900900	1503974340
1787820982.203196003	s2-eth10	1542	5079
1787820982.203196003	s2-eth11	539881289	9852
1787820982.203196003	s2-eth12	1542	5079
1787820982.203196003	s2-eth13	1542	5079
1787820982.203196003	s2-eth14	1632	5079
1787820982.203196003	s2-eth15	321030716	8862
1787820982.203196003	s2-eth16	1632	5079
1787820982.203196003	s2-eth17	1632	5079
1787820982.203196003	s2-eth18	1632	5079
1787820982.203196003	s2-eth19	5957	1246996981
1787820982.203196003	s2-eth2	11592	11690
1787820982.203196003	s2-eth20	1632	5079
1787820982.203196003	s2-eth21	1542	4989
1787820982.203196003	s2-eth22	1632	5079
1787820982.203196003	s2-eth23	5971	417305216
1787820982.203196003	s2-eth24	1542	5079
1787820982.203196003	s2-eth25	1632	5079
1787820982.203196003	s2-eth26	1542	5079
1787820982.203196003	s2-eth27	6175	417794067
1787820982.203196003	s2-eth28	1632	5079
1787820982.203196003	s2-eth29	1542	5079
1787820982.203196003	s2-eth3	108122087	10058
1787820982.203196003	s2-eth30	1542	5184
1787820982.203196003	s2-eth31	6039	417430623
1787820982.203196003	s2-eth32	1542	4989
1787820982.203196003	s2-eth33	1632	5079
1787820982.203196003	s2-eth34	1632	4989
1787820982.203196003	s2-eth4	1632	5079
1787820982.203196003	s2-eth5	1542	5079
1787820982.203196003	s2-eth6	1632	4989
1787820982.203196003	s2-eth7	541047144	9639
1787820982.203196003	s2-eth8	1632	4989
1787820982.203196003	s2-eth9	1542	5079
1787820982.203196003	s3-eth1	2489177261	1719170577
1787820982.203196003	s3-eth10	1542	5079
1787820982.203196003	s3-eth11	6176	401864864
1787820982.203196003	s3-eth12	1382	4989
1787820982.203196003	s3-eth13	1542	5079
1787820982.203196003	s3-eth14	1632	4989
1787820982.203196003	s3-eth15	5191	243682096
1787820982.203196003	s3-eth16	1542	4989
1787820982.203196003	s3-eth17	1542	4989
1787820982.203196003	s3-eth18	1382	5079
1787820982.203196003	s3-eth19	108304292	9666
1787820982.203196003	s3-eth2	11690	11690
1787820982.203196003	s3-eth20	1632	4969
1787820982.203196003	s3-eth21	1542	4969
1787820982.203196003	s3-eth22	1382	4989
1787820982.203196003	s3-eth23	541331875	9634
1787820982.203196003	s3-eth24	1382	4989
1787820982.203196003	s3-eth25	1632	4989
1787820982.203196003	s3-eth26	1382	4989
1787820982.203196003	s3-eth27	541829865	9391
1787820982.203196003	s3-eth28	1542	5079
1787820982.203196003	s3-eth29	1632	5009
1787820982.203196003	s3-eth3	3770053	1401752951
1787820982.203196003	s3-eth30	1542	5079
1787820982.203196003	s3-eth31	541769580	9619
1787820982.203196003	s3-eth32	1382	4989
1787820982.203196003	s3-eth33	1542	4969
1787820982.203196003	s3-eth34	1632	5079
1787820982.203196003	s3-eth4	1542	4989
1787820982.203196003	s3-eth5	1632	5079
1787820982.203196003	s3-eth6	1632	5079
1787820982.203196003	s3-eth7	6171	402614564
1787820982.203196003	s3-eth8	1632	4848
1787820982.203196003	s3-eth9	1632	5079
1787820982.203196003	s4-eth1	3135912622	48343
1787820982.203196003	s4-eth10	1632	4969
1787820982.203196003	s4-eth11	6405	507452714
1787820982.203196003	s4-eth12	1542	4989
1787820982.203196003	s4-eth13	1382	4969
1787820982.203196003	s4-eth14	1382	4989
1787820982.203196003	s4-eth15	5415	297692373
1787820982.203196003	s4-eth16	1382	4989
1787820982.203196003	s4-eth17	1542	4969
1787820982.203196003	s4-eth18	1382	5039
1787820982.203196003	s4-eth19	6239	106382689
1787820982.203196003	s4-eth2	11717	9484
1787820982.203196003	s4-eth20	1632	4989
1787820982.203196003	s4-eth21	1542	4989
1787820982.203196003	s4-eth22	1542	4969
1787820982.203196003	s4-eth23	6027	524541790
1787820982.203196003	s4-eth24	1542	4989
1787820982.203196003	s4-eth25	1542	4989
1787820982.203196003	s4-eth26	1382	5039
1787820982.203196003	s4-eth27	5784	525124701
1787820982.203196003	s4-eth28	1542	5079
1787820982.203196003	s4-eth29	1382	4989
1787820982.203196003	s4-eth3	6361	102742016
1787820982.203196003	s4-eth30	1382	4989
1787820982.203196003	s4-eth31	6239	525072860
1787820982.203196003	s4-eth32	1382	4989
1787820982.203196003	s4-eth33	1382	5039
1787820982.203196003	s4-eth34	1542	4969
1787820982.203196003	s4-eth4	1542	4969
1787820982.203196003	s4-eth5	1382	4969
1787820982.203196003	s4-eth6	1382	5079
1787820982.203196003	s4-eth7	6102	509048175
1787820982.203196003	s4-eth8	1382	4989
1787820982.203196003	s4-eth9	1382	5039
1787820982.203196003	s5-eth1	5762130054	3811094
1787820982.203196003	s5-eth2	1513957333	2559463469
1787820982.203196003	s5-eth3	3811485	4097479493
1787820982.203196003	s5-eth4	11971	9687
1787820982.203196003	s6-eth1	11717	11717
1787820982.203196003	s6-eth2	11717	11619
1787820982.203196003	s6-eth3	11717	9687
1787820982.203196003	s6-eth4	12096	11717
1787820982.203196003	s7-eth1	1726399350	2493314386
1787820982.203196003	s7-eth2	48343	3143672024
1787820982.203196003	s7-eth3	4017850407	3809252
1787820982.203196003	s7-eth4	11873	11717
1787820982.203196003	s8-eth1	11717	11717
1787820982.203196003	s8-eth2	9484	11717
1787820982.203196003	s8-eth3	11717	9687
1787820982.203196003	s8-eth4	11971	11717
1787820982.203196003	s9-eth1	4100483179	3811485
1787820982.203196003	s9-eth2	9687	11717
1787820982.203196003	s9-eth3	3809252	4019357297
1787820982.203196003	s9-eth4	9687	11717
1787820993.367096945	s10-eth1	9714	11999
1787820993.367096945	s10-eth2	11744	12124
1787820993.367096945	s10-eth3	11744	11901
1787820993.367096945	s10-eth4	11744	11999
1787820993.367096945	s1-eth1	3811121	5776091525
1787820993.367096945	s1-eth10	1632	5079
1787820993.367096945	s1-eth11	545540922	9873
1787820993.367096945	s1-eth12	1542	5079
1787820993.367096945	s1-eth13	1542	5079
1787820993.367096945	s1-eth14	1632	5079
1787820993.367096945	s1-eth15	326934226	8728
1787820993.367096945	s1-eth16	1542	5099
1787820993.367096945	s1-eth17	1632	5079
1787820993.367096945	s1-eth18	1632	4989
1787820993.367096945	s1-eth19	2184172900	9494
1787820993.367096945	s1-eth2	11744	11744
1787820993.367096945	s1-eth20	1542	5079
1787820993.367096945	s1-eth21	1632	5079
1787820993.367096945	s1-eth22	1632	5079
1787820993.367096945	s1-eth23	546460334	9418
1787820993.367096945	s1-eth24	1542	5079
1787820993.367096945	s1-eth25	1632	5079
1787820993.367096945	s1-eth26	1632	4989
1787820993.367096945	s1-eth27	546990846	9712
1787820993.367096945	s1-eth28	1632	5079
1787820993.367096945	s1-eth29	1542	4989
1787820993.367096945	s1-eth3	2399181166	3773786
1787820993.367096945	s1-eth30	1632	4989
1787820993.367096945	s1-eth31	547306651	9486
1787820993.367096945	s1-eth32	1632	4989
1787820993.367096945	s1-eth33	1632	4989
1787820993.367096945	s1-eth34	1632	4989
1787820993.367096945	s1-eth4	1828	5275
1787820993.367096945	s1-eth5	1562	4989
1787820993.367096945	s1-eth6	1632	5079
1787820993.367096945	s1-eth7	547914526	9618
1787820993.367096945	s1-eth8	1632	4989
1787820993.367096945	s1-eth9	1542	4989
1787820993.367096945	s2-eth1	2567039764	1528625384
1787820993.367096945	s2-eth10	1542	5079
1787820993.367096945	s2-eth11	547761819	9852
1787820993.367096945	s2-eth12	1542	5079
1787820993.367096945	s2-eth13	1542	5079
1787820993.367096945	s2-eth14	1632	5079
1787820993.367096945	s2-eth15	328902594	8862
1787820993.367096945	s2-eth16	1632	5079
1787820993.367096945	s2-eth17	1632	5079
1787820993.367096945	s2-eth18	1632	5079
1787820993.367096945	s2-eth19	5957	1250173707
1787820993.367096945	s2-eth2	11646	11744
1787820993.367096945	s2-eth20	1632	5079
1787820993.367096945	s2-eth21	1542	4989
1787820993.367096945	s2-eth22	1632	5079
1787820993.367096945	s2-eth23	5971	420177680
1787820993.367096945	s2-eth24	1542	5079
1787820993.367096945	s2-eth25	1632	5079
1787820993.367096945	s2-eth26	1542	5079
1787820993.367096945	s2-eth27	6175	420633365
1787820993.367096945	s2-eth28	1632	5079
1787820993.367096945	s2-eth29	1542	5079
1787820993.367096945	s2-eth3	109611673	10058
1787820993.367096945	s2-eth30	1542	5184
1787820993.367096945	s2-eth31	6039	420238197
1787820993.367096945	s2-eth32	1542	4989
1787820993.367096945	s2-eth33	1632	5079
1787820993.367096945	s2-eth34	1632	4989
1787820993.367096945	s2-eth4	1632	5079
1787820993.367096945	s2-eth5	1542	5079
1787820993.367096945	s2-eth6	1632	4989
1787820993.367096945	s2-eth7	548128806	9639
1787820993.367096945	s2-eth8	1632	4989
1787820993.367096945	s2-eth9	1542	5079
1787820993.367096945	s3-eth1	2498396021	1740905897
1787820993.367096945	s3-eth10	1542	5079
1787820993.367096945	s3-eth11	6176	403986046
1787820993.367096945	s3-eth12	1382	4989
1787820993.367096945	s3-eth13	1542	5079
1787820993.367096945	s3-eth14	1632	4989
1787820993.367096945	s3-eth15	5191	245770112
1787820993.367096945	s3-eth16	1542	4989
1787820993.367096945	s3-eth17	1542	4989
1787820993.367096945	s3-eth18	1382	5079
1787820993.367096945	s3-eth19	109664098	9666
1787820993.367096945	s3-eth2	11744	11744
1787820993.367096945	s3-eth20	1632	4969
1787820993.367096945	s3-eth21	1542	4969
1787820993.367096945	s3-eth22	1382	4989
1787820993.367096945	s3-eth23	548133789	9634
1787820993.367096945	s3-eth24	1382	4989
1787820993.367096945	s3-eth25	1632	4989
1787820993.367096945	s3-eth26	1382	4989
1787820993.367096945	s3-eth27	548412595	9391
1787820993.367096945	s3-eth28	1542	5079
1787820993.367096945	s3-eth29	1632	5009
1787820993.367096945	s3-eth3	3770053	1403774635
1787820993.367096945	s3-eth30	1542	5079
1787820993.367096945	s3-eth31	548287420	9619
1787820993.367096945	s3-eth32	1382	4989
1787820993.367096945	s3-eth33	1542	4969
1787820993.367096945	s3-eth34	1632	5079
1787820993.367096945	s3-eth4	1542	4989
1787820993.367096945	s3-eth5	1632	5079
1787820993.367096945	s3-eth6	1632	5079
1787820993.367096945	s3-eth7	6171	404640574
1787820993.367096945	s3-eth8	1632	4848
1787820993.367096945	s3-eth9	1632	5079
1787820993.367096945	s4-eth1	3165700070	48397
1787820993.367096945	s4-eth10	1632	4969
1787820993.367096945	s4-eth11	6405	510643860
1787820993.367096945	s4-eth12	1542	4989
1787820993.367096945	s4-eth13	1382	4969
1787820993.367096945	s4-eth14	1382	4989
1787820993.367096945	s4-eth15	5415	300889287
1787820993.367096945	s4-eth16	1382	4989
1787820993.367096945	s4-eth17	1542	4969
1787820993.367096945	s4-eth18	1382	5039
1787820993.367096945	s4-eth19	6239	107433907
1787820993.367096945	s4-eth2	11771	9538
1787820993.367096945	s4-eth20	1632	4989
1787820993.367096945	s4-eth21	1542	4989
1787820993.367096945	s4-eth22	1542	4969
1787820993.367096945	s4-eth23	6027	529751736
1787820993.367096945	s4-eth24	1542	4989
1787820993.367096945	s4-eth25	1542	4989
1787820993.367096945	s4-eth26	1382	5039
1787820993.367096945	s4-eth27	5784	530412515
1787820993.367096945	s4-eth28	1542	5079
1787820993.367096945	s4-eth29	1382	4989
1787820993.367096945	s4-eth3	6361	103660570
1787820993.367096945	s4-eth30	1382	4989
1787820993.367096945	s4-eth31	6239	530501990
1787820993.367096945	s4-eth32	1382	4989
1787820993.367096945	s4-eth33	1382	5039
1787820993.367096945	s4-eth34	1542	4969
1787820993.367096945	s4-eth4	1542	4969
1787820993.367096945	s4-eth5	1382	4969
1787820993.367096945	s4-eth6	1382	5079
1787820993.367096945	s4-eth7	6102	512777187
1787820993.367096945	s4-eth8	1382	4989
1787820993.367096945	s4-eth9	1382	5039
1787820993.367096945	s5-eth1	5799888878	3811148
1787820993.367096945	s5-eth2	1538751135	2572836631
1787820993.367096945	s5-eth3	3811539	4131512189
1787820993.367096945	s5-eth4	12027	9741
1787820993.367096945	s6-eth1	11771	11771
1787820993.367096945	s6-eth2	11771	11673
1787820993.367096945	s6-eth3	11771	9741
1787820993.367096945	s6-eth4	12152	11771
1787820993.367096945	s7-eth1	1751276788	2501853964
1787820993.367096945	s7-eth2	48397	3176793376
1787820993.367096945	s7-eth3	4047810895	3809306
1787820993.367096945	s7-eth4	11929	11771
1787820993.367096945	s8-eth1	11798	11798
1787820993.367096945	s8-eth2	9565	11798
1787820993.367096945	s8-eth3	11798	9768
1787820993.367096945	s8-eth4	12055	11798
1787820993.367096945	s9-eth1	4134900916	3811566
1787820993.367096945	s9-eth2	9768	11798
1787820993.367096945	s9-eth3	3809333	4050409406
1787820993.367096945	s9-eth4	9768	11798
1787821006.232354663	s10-eth1	9768	12055
1787821006.232354663	s10-eth2	11798	12180
1787821006.232354663	s10-eth3	11798	11957
1787821006.232354663	s10-eth4	11798	12055
1787821006.232354663	s1-eth1	3811175	5813923891
1787821006.232354663	s1-eth10	1632	5079
1787821006.232354663	s1-eth11	553939130	9873
1787821006.232354663	s1-eth12	1542	5079
1787821006.232354663	s1-eth13	1542	5079
1787821006.232354663	s1-eth14	1632	5079
1787821006.232354663	s1-eth15	335423280	8728
1787821006.232354663	s1-eth16	1542	5099
1787821006.232354663	s1-eth17	1632	5079
1787821006.232354663	s1-eth18	1632	4989
1787821006.232354663	s1-eth19	2218095950	9494
1787821006.232354663	s1-eth2	11798	11798
1787821006.232354663	s1-eth20	1542	5079
1787821006.232354663	s1-eth21	1632	5079
1787821006.232354663	s1-eth22	1632	5079
1787821006.232354663	s1-eth23	554942178	9418
1787821006.232354663	s1-eth24	1542	5079
1787821006.232354663	s1-eth25	1632	5079
1787821006.232354663	s1-eth26	1632	4989
1787821006.232354663	s1-eth27	555484226	9712
1787821006.232354663	s1-eth28	1632	5079
1787821006.232354663	s1-eth29	1542	4989
1787821006.232354663	s1-eth3	2433744464	3773786
1787821006.232354663	s1-eth30	1632	4989
1787821006.232354663	s1-eth31	555968745	9486
1787821006.232354663	s1-eth32	1632	4989
1787821006.232354663	s1-eth33	1632	4989
1787821006.232354663	s1-eth34	1632	4989
1787821006.232354663	s1-eth4	1828	5275
1787821006.232354663	s1-eth5	1632	4989
1787821006.232354663	s1-eth6	1632	5079
1787821006.232354663	s1-eth7	556084898	9618
1787821006.232354663	s1-eth8	1632	4989
1787821006.232354663	s1-eth9	1542	4989
1787821006.232354663	s2-eth1	2582030877	1554128677
1787821006.232354663	s2-eth10	1542	5079
1787821006.232354663	s2-eth11	555945169	9852
1787821006.232354663	s2-eth12	1542	5079
1787821006.232354663	s2-eth13	1542	5079
1787821006.232354663	s2-eth14	1632	5079
1787821006.232354663	s2-eth15	337090270	8862
1787821006.232354663	s2-eth16	1632	5079
1787821006.232354663	s2-eth17	1632	5079
1787821006.232354663	s2-eth18	1632	5079
1787821006.232354663	s2-eth19	5957	1253503285
1787821006.232354663	s2-eth2	11727	11825
1787821006.232354663	s2-eth20	1632	5079
1787821006.232354663	s2-eth21	1542	4989
1787821006.232354663	s2-eth22	1632	5079
1787821006.232354663	s2-eth23	5971	423396224
1787821006.232354663	s2-eth24	1542	5079
1787821006.232354663	s2-eth25	1632	5079
1787821006.232354663	s2-eth26	1542	5079
1787821006.232354663	s2-eth27	6175	423849025
1787821006.232354663	s2-eth28	1632	5079
1787821006.232354663	s2-eth29	1542	5079
1787821006.232354663	s2-eth3	111254111	10058
1787821006.232354663	s2-eth30	1542	5184
1787821006.232354663	s2-eth31	6039	423435111
1787821006.232354663	s2-eth32	1542	4989
1787821006.232354663	s2-eth33	1632	5079
1787821006.232354663	s2-eth34	1632	4989
1787821006.232354663	s2-eth4	1632	5079
1787821006.232354663	s2-eth5	1542	5079
1787821006.232354663	s2-eth6	1632	4989
1787821006.232354663	s2-eth7	556353974	9639
1787821006.232354663	s2-eth8	1632	4989
1787821006.232354663	s2-eth9	1542	5079
1787821006.232354663	s3-eth1	2507352364	1766805740
1787821006.232354663	s3-eth10	1542	5079
1787821006.232354663	s3-eth11	6176	406123090
1787821006.232354663	s3-eth12	1382	4989
1787821006.232354663	s3-eth13	1542	5079
1787821006.232354663	s3-eth14	1632	4989
1787821006.232354663	s3-eth15	5191	248137876
1787821006.232354663	s3-eth16	1542	4989
1787821006.232354663	s3-eth17	1542	4989
1787821006.232354663	s3-eth18	1382	5079
1787821006.232354663	s3-eth19	111361332	9666
1787821006.232354663	s3-eth2	11825	11825
1787821006.232354663	s3-eth20	1632	4969
1787821006.232354663	s3-eth21	1542	4969
1787821006.232354663	s3-eth22	1382	4989
1787821006.232354663	s3-eth23	556533439	9634
1787821006.232354663	s3-eth24	1382	4989
1787821006.232354663	s3-eth25	1632	4989
1787821006.232354663	s3-eth26	1382	4989
1787821006.232354663	s3-eth27	556986727	9391
1787821006.232354663	s3-eth28	1542	5079
1787821006.232354663	s3-eth29	1632	5009
1787821006.232354663	s3-eth3	3770053	1406898007
1787821006.232354663	s3-eth30	1542	5079
1787821006.232354663	s3-eth31	557089388	9619
1787821006.232354663	s3-eth32	1382	4989
1787821006.232354663	s3-eth33	1542	4969
1787821006.232354663	s3-eth34	1632	5079
1787821006.232354663	s3-eth4	1542	4989
1787821006.232354663	s3-eth5	1632	5079
1787821006.232354663	s3-eth6	1632	5079
1787821006.232354663	s3-eth7	6171	407433728
1787821006.232354663	s3-eth8	1632	4848
1787821006.232354663	s3-eth9	1632	5079
1787821006.232354663	s4-eth1	3205786282	48451
1787821006.232354663	s4-eth10	1632	4969
1787821006.232354663	s4-eth11	6405	515031866
1787821006.232354663	s4-eth12	1542	4989
1787821006.232354663	s4-eth13	1382	4969
1787821006.232354663	s4-eth14	1382	4989
1787821006.232354663	s4-eth15	5415	305226823
1787821006.232354663	s4-eth16	1382	4989
1787821006.232354663	s4-eth17	1542	4969
1787821006.232354663	s4-eth18	1382	5039
1787821006.232354663	s4-eth19	6239	108874465
1787821006.232354663	s4-eth2	11852	9619
1787821006.232354663	s4-eth20	1632	4989
1787821006.232354663	s4-eth21	1542	4989
1787821006.232354663	s4-eth22	1542	4969
1787821006.232354663	s4-eth23	6027	536875216
1787821006.232354663	s4-eth24	1542	4989
1787821006.232354663	s4-eth25	1542	4989
1787821006.232354663	s4-eth26	1382	5039
1787821006.232354663	s4-eth27	5784	537187031
1787821006.232354663	s4-eth28	1542	5079
1787821006.232354663	s4-eth29	1382	4989
1787821006.232354663	s4-eth3	6361	104641130
1787821006.232354663	s4-eth30	1382	4989
1787821006.232354663	s4-eth31	6239	537280832
1787821006.232354663	s4-eth32	1382	4989
1787821006.232354663	s4-eth33	1382	5039
1787821006.232354663	s4-eth34	1542	4969
1787821006.232354663	s4-eth4	1542	4969
1787821006.232354663	s4-eth5	1382	4969
1787821006.232354663	s4-eth6	1382	5079
1787821006.232354663	s4-eth7	6102	517108955
1787821006.232354663	s4-eth8	1382	4989
1787821006.232354663	s4-eth9	1382	5039
1787821006.232354663	s5-eth1	5844886569	3811229
1787821006.232354663	s5-eth2	1562434624	2589804726
1787821006.232354663	s5-eth3	3811620	4169250852
1787821006.232354663	s5-eth4	12111	9822
1787821006.232354663	s6-eth1	11852	11852
1787821006.232354663	s6-eth2	11852	11754
1787821006.232354663	s6-eth3	11852	9822
1787821006.232354663	s6-eth4	12236	11852
1787821006.232354663	s7-eth1	1775939395	2513976939
1787821006.232354663	s7-eth2	48478	3214187401
1787821006.232354663	s7-eth3	4082460794	3809387
1787821006.232354663	s7-eth4	12013	11852
1787821006.232354663	s8-eth1	11852	11852
1787821006.232354663	s8-eth2	9619	11852
1787821006.232354663	s8-eth3	11852	9822
1787821006.232354663	s8-eth4	12111	11852
1787821006.232354663	s9-eth1	4171911342	3811620
1787821006.232354663	s9-eth2	9822	11852
1787821006.232354663	s9-eth3	3809387	4083421166
1787821006.232354663	s9-eth4	9822	11852
1787821017.588244504	s10-eth1	9822	12111
1787821017.588244504	s10-eth2	11852	12236
1787821017.588244504	s10-eth3	11852	12013
1787821017.588244504	s10-eth4	11852	12111
1787821017.588244504	s1-eth1	3811229	5857635291
1787821017.588244504	s1-eth10	1632	5079
1787821017.588244504	s1-eth11	561242860	9873
1787821017.588244504	s1-eth12	1542	5079
1787821017.588244504	s1-eth13	1542	5079
1787821017.588244504	s1-eth14	1632	5079
1787821017.588244504	s1-eth15	342538108	8728
1787821017.588244504	s1-eth16	1542	5099
1787821017.588244504	s1-eth17	1632	5079
1787821017.588244504	s1-eth18	1632	4989
1787821017.588244504	s1-eth19	2246124104	9494
1787821017.588244504	s1-eth2	11879	11879
1787821017.588244504	s1-eth20	1542	5079
1787821017.588244504	s1-eth21	1632	5079
1787821017.588244504	s1-eth22	1632	5079
1787821017.588244504	s1-eth23	561862336	9418
1787821017.588244504	s1-eth24	1542	5079
1787821017.588244504	s1-eth25	1632	5079
1787821017.588244504	s1-eth26	1632	4989
1787821017.588244504	s1-eth27	562276046	9712
1787821017.588244504	s1-eth28	1632	5079
1787821017.588244504	s1-eth29	1542	4989
1787821017.588244504	s1-eth3	2459935510	3773786
1787821017.588244504	s1-eth30	1632	4989
1787821017.588244504	s1-eth31	562460629	9486
1787821017.588244504	s1-eth32	1632	4989
1787821017.588244504	s1-eth33	1632	4989
1787821017.588244504	s1-eth34	1632	4989
1787821017.588244504	s1-eth4	1828	5275
1787821017.588244504	s1-eth5	1632	4989
1787821017.588244504	s1-eth6	1632	5079
1787821017.588244504	s1-eth7	562534964	9618
1787821017.588244504	s1-eth8	1632	4989
1787821017.588244504	s1-eth9	1542	4989
1787821017.588244504	s2-eth1	2598337067	1574661369
1787821017.588244504	s2-eth10	1542	5079
1787821017.588244504	s2-eth11	562855233	9852
1787821017.588244504	s2-eth12	1542	5079
1787821017.588244504	s2-eth13	1542	5079
1787821017.588244504	s2-eth14	1632	5079
1787821017.588244504	s2-eth15	344425724	8862
1787821017.588244504	s2-eth16	1632	5079
1787821017.588244504	s2-eth17	1632	5079
1787821017.588244504	s2-eth18	1632	5079
1787821017.588244504	s2-eth19	5957	1256491109
1787821017.588244504	s2-eth2	11781	11879
1787821017.588244504	s2-eth20	1632	5079
1787821017.588244504	s2-eth21	1542	4989
1787821017.588244504	s2-eth22	1632	5079
1787821017.588244504	s2-eth23	5971	426033642
1787821017.588244504	s2-eth24	1542	5079
1787821017.588244504	s2-eth25	1632	5079
1787821017.588244504	s2-eth26	1542	5079
1787821017.588244504	s2-eth27	6175	426640737
1787821017.588244504	s2-eth28	1632	5079
1787821017.588244504	s2-eth29	1542	5079
1787821017.588244504	s2-eth3	112885013	10058
1787821017.588244504	s2-eth30	1542	5184
1787821017.588244504	s2-eth31	6039	426327763
1787821017.588244504	s2-eth32	1542	4989
1787821017.588244504	s2-eth33	1632	5079
1787821017.588244504	s2-eth34	1632	4989
1787821017.588244504	s2-eth4	1632	5079
1787821017.588244504	s2-eth5	1542	5079
1787821017.588244504	s2-eth6	1632	4989
1787821017.588244504	s2-eth7	564532998	9639
1787821017.588244504	s2-eth8	1632	4989
1787821017.588244504	s2-eth9	1542	5079
1787821017.588244504	s3-eth1	2523802754	1790929012
1787821017.588244504	s3-eth10	1542	5079
1787821017.588244504	s3-eth11	6176	409643012
1787821017.588244504	s3-eth12	1382	4989
1787821017.588244504	s3-eth13	1542	5079
1787821017.588244504	s3-eth14	1632	4989
1787821017.588244504	s3-eth15	5191	251705384
1787821017.588244504	s3-eth16	1542	4989
1787821017.588244504	s3-eth17	1542	4989
1787821017.588244504	s3-eth18	1382	5079
1787821017.588244504	s3-eth19	113023958	9666
1787821017.588244504	s3-eth2	11906	11906
1787821017.588244504	s3-eth20	1632	4969
1787821017.588244504	s3-eth21	1542	4969
1787821017.588244504	s3-eth22	1382	4989
1787821017.588244504	s3-eth23	565247445	9634
1787821017.588244504	s3-eth24	1382	4989
1787821017.588244504	s3-eth25	1632	4989
1787821017.588244504	s3-eth26	1382	4989
1787821017.588244504	s3-eth27	565940105	9391
1787821017.588244504	s3-eth28	1542	5079
1787821017.588244504	s3-eth29	1632	5009
1787821017.588244504	s3-eth3	3770053	1411094227
1787821017.588244504	s3-eth30	1542	5079
1787821017.588244504	s3-eth31	566137938	9619
1787821017.588244504	s3-eth32	1382	4989
1787821017.588244504	s3-eth33	1542	4969
1787821017.588244504	s3-eth34	1632	5079
1787821017.588244504	s3-eth4	1542	4989
1787821017.588244504	s3-eth5	1632	5079
1787821017.588244504	s3-eth6	1632	5079
1787821017.588244504	s3-eth7	6171	411661672
1787821017.588244504	s3-eth8	1632	4848
1787821017.588244504	s3-eth9	1632	5079
1787821017.588244504	s4-eth1	3258776979	48532
1787821017.588244504	s4-eth10	1632	4969
1787821017.588244504	s4-eth11	6405	522501426
1787821017.588244504	s4-eth12	1542	4989
1787821017.588244504	s4-eth13	1382	4969
1787821017.588244504	s4-eth14	1382	4989
1787821017.588244504	s4-eth15	5415	312542089
1787821017.588244504	s4-eth16	1382	4989
1787821017.588244504	s4-eth17	1542	4969
1787821017.588244504	s4-eth18	1382	5039
1787821017.588244504	s4-eth19	6239	110681291
1787821017.588244504	s4-eth2	11933	9700
1787821017.588244504	s4-eth20	1632	4989
1787821017.588244504	s4-eth21	1542	4989
1787821017.588244504	s4-eth22	1542	4969
1787821017.588244504	s4-eth23	6027	545436370
1787821017.588244504	s4-eth24	1542	4989
1787821017.588244504	s4-eth25	1542	4989
1787821017.588244504	s4-eth26	1382	5039
1787821017.588244504	s4-eth27	5784	545774141
1787821017.588244504	s4-eth28	1542	5079
1787821017.588244504	s4-eth29	1382	4989
1787821017.588244504	s4-eth3	6361	106481122
1787821017.588244504	s4-eth30	1382	4989
1787821017.588244504	s4-eth31	6239	545963114
1787821017.588244504	s4-eth32	1382	4989
1787821017.588244504	s4-eth33	1382	5039
1787821017.588244504	s4-eth34	1542	4969
1787821017.588244504	s4-eth4	1542	4969
1787821017.588244504	s4-eth5	1382	4969
1787821017.588244504	s4-eth6	1382	5079
1787821017.588244504	s4-eth7	6102	524693875
1787821017.588244504	s4-eth8	1382	4989
1787821017.588244504	s4-eth9	1382	5039
1787821017.588244504	s5-eth1	5902909846	3811310
1787821017.588244504	s5-eth2	1594076511	2614367835
1787821017.588244504	s5-eth3	3811701	4222669823
1787821017.588244504	s5-eth4	12195	9903
1787821017.588244504	s6-eth1	11933	11933
1787821017.588244504	s6-eth2	11933	11835
1787821017.588244504	s6-eth3	11933	9903
1787821017.588244504	s6-eth4	12320	11933
1787821017.588244504	s7-eth1	1807709620	2536515480
1787821017.588244504	s7-eth2	48559	3272105412
1787821017.588244504	s7-eth3	4133578333	3809468
1787821017.588244504	s7-eth4	12097	11933
1787821017.588244504	s8-eth1	11933	11933
1787821017.588244504	s8-eth2	9700	11933
1787821017.588244504	s8-eth3	11933	9903
1787821017.588244504	s8-eth4	12195	11933
1787821017.588244504	s9-eth1	4228436381	3811701
1787821017.588244504	s9-eth2	9903	11933
1787821017.588244504	s9-eth3	3809468	4136424841
1787821017.588244504	s9-eth4	9903	11933
1787821034.499097015	s10-eth1	9930	12223
1787821034.499097015	s10-eth2	11960	12348
1787821034.499097015	s10-eth3	11960	12125
1787821034.499097015	s10-eth4	11960	12223
1787821034.499097015	s1-eth1	3811337	5919393375
1787821034.499097015	s1-eth10	1632	5079
1787821034.499097015	s1-eth11	571868958	9873
1787821034.499097015	s1-eth12	1542	5079
1787821034.499097015	s1-eth13	1542	5079
1787821034.499097015	s1-eth14	1632	5079
1787821034.499097015	s1-eth15	353097874	8728
1787821034.499097015	s1-eth16	1542	5099
1787821034.499097015	s1-eth17	1632	5079
1787821034.499097015	s1-eth18	1632	4989
1787821034.499097015	s1-eth19	2288501600	9494
1787821034.499097015	s1-eth2	11960	11960
1787821034.499097015	s1-eth20	1542	5079
1787821034.499097015	s1-eth21	1632	5079
1787821034.499097015	s1-eth22	1632	5079
1787821034.499097015	s1-eth23	572275018	9418
1787821034.499097015	s1-eth24	1542	5079
1787821034.499097015	s1-eth25	1632	5079
1787821034.499097015	s1-eth26	1632	4989
1787821034.499097015	s1-eth27	572664214	9712
1787821034.499097015	s1-eth28	1632	5079
1787821034.499097015	s1-eth29	1542	4989
1787821034.499097015	s1-eth3	2502139966	3773786
1787821034.499097015	s1-eth30	1632	4989
1787821034.499097015	s1-eth31	572870427	9486
1787821034.499097015	s1-eth32	1632	4989
1787821034.499097015	s1-eth33	1632	4989
1787821034.499097015	s1-eth34	1632	4989
1787821034.499097015	s1-eth4	1828	5275
1787821034.499097015	s1-eth5	1632	4989
1787821034.499097015	s1-eth6	1632	5079
1787821034.499097015	s1-eth7	572902944	9618
1787821034.499097015	s1-eth8	1632	4989
1787821034.499097015	s1-eth9	1542	4989
1787821034.499097015	s2-eth1	2623501490	1607031466
1787821034.499097015	s2-eth10	1542	5079
1787821034.499097015	s2-eth11	572963653	9852
1787821034.499097015	s2-eth12	1542	5079
1787821034.499097015	s2-eth13	1542	5079
1787821034.499097015	s2-eth14	1632	5079
1787821034.499097015	s2-eth15	354349568	8862
1787821034.499097015	s2-eth16	1632	5079
1787821034.499097015	s2-eth17	1632	5079
1787821034.499097015	s2-eth18	1632	5079
1787821034.499097015	s2-eth19	5957	1263414151
1787821034.499097015	s2-eth2	11862	11960
1787821034.499097015	s2-eth20	1632	5079
1787821034.499097015	s2-eth21	1542	4989
1787821034.499097015	s2-eth22	1632	5079
1787821034.499097015	s2-eth23	5971	431667536
1787821034.499097015	s2-eth24	1542	5079
1787821034.499097015	s2-eth25	1632	5079
1787821034.499097015	s2-eth26	1542	5079
1787821034.499097015	s2-eth27	6175	432202531
1787821034.499097015	s2-eth28	1632	5079
1787821034.499097015	s2-eth29	1542	5079
1787821034.499097015	s2-eth3	114827387	10058
1787821034.499097015	s2-eth30	1542	5184
1787821034.499097015	s2-eth31	6039	431766987
1787821034.499097015	s2-eth32	1542	4989
1787821034.499097015	s2-eth33	1632	5079
1787821034.499097015	s2-eth34	1632	4989
1787821034.499097015	s2-eth4	1632	5079
1787821034.499097015	s2-eth5	1542	5079
1787821034.499097015	s2-eth6	1632	4989
1787821034.499097015	s2-eth7	574769756	9639
1787821034.499097015	s2-eth8	1632	4989
1787821034.499097015	s2-eth9	1542	5079
1787821034.499097015	s3-eth1	2548525952	1825264582
1787821034.499097015	s3-eth10	1542	5079
1787821034.499097015	s3-eth11	6176	415152894
1787821034.499097015	s3-eth12	1382	4989
1787821034.499097015	s3-eth13	1542	5079
1787821034.499097015	s3-eth14	1632	4989
1787821034.499097015	s3-eth15	5191	256873512
1787821034.499097015	s3-eth16	1542	4989
1787821034.499097015	s3-eth17	1542	4989
1787821034.499097015	s3-eth18	1382	5079
1787821034.499097015	s3-eth19	115006708	9666
1787821034.499097015	s3-eth2	11987	11987
1787821034.499097015	s3-eth20	1632	4969
1787821034.499097015	s3-eth21	1542	4969
1787821034.499097015	s3-eth22	1382	4989
1787821034.499097015	s3-eth23	574839629	9634
1787821034.499097015	s3-eth24	1382	4989
1787821034.499097015	s3-eth25	1632	4989
1787821034.499097015	s3-eth26	1382	4989
1787821034.499097015	s3-eth27	575327525	9391
1787821034.499097015	s3-eth28	1542	5079
1787821034.499097015	s3-eth29	1632	5009
1787821034.499097015	s3-eth3	3770053	1417214075
1787821034.499097015	s3-eth30	1542	5079
1787821034.499097015	s3-eth31	575086990	9619
1787821034.499097015	s3-eth32	1382	4989
1787821034.499097015	s3-eth33	1542	4969
1787821034.499097015	s3-eth34	1632	5079
1787821034.499097015	s3-eth4	1542	4989
1787821034.499097015	s3-eth5	1632	5079
1787821034.499097015	s3-eth6	1632	5079
1787821034.499097015	s3-eth7	6171	415947296
1787821034.499097015	s3-eth8	1632	4848
1787821034.499097015	s3-eth9	1632	5079
1787821034.499097015	s4-eth1	3307531080	48613
1787821034.499097015	s4-eth10	1632	4969
1787821034.499097015	s4-eth11	6405	529162024
1787821034.499097015	s4-eth12	1542	4989
1787821034.499097015	s4-eth13	1382	4969
1787821034.499097015	s4-eth14	1382	4989
1787821034.499097015	s4-eth15	5415	319168079
1787821034.499097015	s4-eth16	1382	4989
1787821034.499097015	s4-eth17	1542	4969
1787821034.499097015	s4-eth18	1382	5039
1787821034.499097015	s4-eth19	6239	112268933
1787821034.499097015	s4-eth2	11987	9754
1787821034.499097015	s4-eth20	1632	4989
1787821034.499097015	s4-eth21	1542	4989
1787821034.499097015	s4-eth22	1542	4969
1787821034.499097015	s4-eth23	6027	553185678
1787821034.499097015	s4-eth24	1542	4989
1787821034.499097015	s4-eth25	1542	4989
1787821034.499097015	s4-eth26	1382	5039
1787821034.499097015	s4-eth27	5784	553624389
1787821034.499097015	s4-eth28	1542	5079
1787821034.499097015	s4-eth29	1382	4989
1787821034.499097015	s4-eth3	6361	107966382
1787821034.499097015	s4-eth30	1382	4989
1787821034.499097015	s4-eth31	6239	553791732
1787821034.499097015	s4-eth32	1382	4989
1787821034.499097015	s4-eth33	1382	5039
1787821034.499097015	s4-eth34	1542	4969
1787821034.499097015	s4-eth4	1542	4969
1787821034.499097015	s4-eth5	1382	4969
1787821034.499097015	s4-eth6	1382	5079
1787821034.499097015	s4-eth7	6102	531348705
1787821034.499097015	s4-eth8	1382	4989
1787821034.499097015	s4-eth9	1382	5039
1787821034.499097015	s5-eth1	5956584051	3811391
1787821034.499097015	s5-eth2	1620661277	2635640300
1787821034.499097015	s5-eth3	3811782	4270245810
1787821034.499097015	s5-eth4	12279	9984
1787821034.499097015	s6-eth1	12014	12014
1787821034.499097015	s6-eth2	12014	11916
1787821034.499097015	s6-eth3	12014	9984
1787821034.499097015	s6-eth4	12404	12014
1787821034.499097015	s7-eth1	1833804133	2556058987
1787821034.499097015	s7-eth2	48640	3318726795
1787821034.499097015	s7-eth3	4176847066	3809549
1787821034.499097015	s7-eth4	12181	12014
1787821034.499097015	s8-eth1	12014	12014
1787821034.499097015	s8-eth2	9781	12014
1787821034.499097015	s8-eth3	12014	9984
1787821034.499097015	s8-eth4	12279	12014
1787821034.499097015	s9-eth1	4272616458	3811782
1787821034.499097015	s9-eth2	9984	12014
1787821034.499097015	s9-eth3	3809549	4179442666
1787821034.499097015	s9-eth4	9984	12014
1787821046.485309708	s10-eth1	9984	12279
1787821046.485309708	s10-eth2	12014	12404
1787821046.485309708	s10-eth3	12014	12181
1787821046.485309708	s10-eth4	12014	12279
1787821046.485309708	s1-eth1	3811391	5974490807
1787821046.485309708	s1-eth10	1632	5079
1787821046.485309708	s1-eth11	579948484	9873
1787821046.485309708	s1-eth12	1542	5079
1787821046.485309708	s1-eth13	1542	5079
1787821046.485309708	s1-eth14	1632	5079
1787821046.485309708	s1-eth15	361323042	8728
1787821046.485309708	s1-eth16	1542	5099
1787821046.485309708	s1-eth17	1632	5079
1787821046.485309708	s1-eth18	1632	4989
1787821046.485309708	s1-eth19	2320518326	9494
1787821046.485309708	s1-eth2	12014	12014
1787821046.485309708	s1-eth20	1542	5079
1787821046.485309708	s1-eth21	1632	5079
1787821046.485309708	s1-eth22	1632	5079
1787821046.485309708	s1-eth23	580451158	9418
1787821046.485309708	s1-eth24	1542	5079
1787821046.485309708	s1-eth25	1632	5079
1787821046.485309708	s1-eth26	1632	4989
1787821046.485309708	s1-eth27	580650010	9712
1787821046.485309708	s1-eth28	1632	5079
1787821046.485309708	s1-eth29	1542	4989
1787821046.485309708	s1-eth3	2533598638	3773786
1787821046.485309708	s1-eth30	1632	4989
1787821046.485309708	s1-eth31	580774029	9486
1787821046.485309708	s1-eth32	1632	4989
1787821046.485309708	s1-eth33	1632	4989
1787821046.485309708	s1-eth34	1632	4989
1787821046.485309708	s1-eth4	1828	5275
1787821046.485309708	s1-eth5	1632	4989
1787821046.485309708	s1-eth6	1632	5079
1787821046.485309708	s1-eth7	580944978	9618
1787821046.485309708	s1-eth8	1632	4989
1787821046.485309708	s1-eth9	1542	4989
1787821046.485309708	s2-eth1	2643882799	1632350183
1787821046.485309708	s2-eth10	1542	5079
1787821046.485309708	s2-eth11	580896095	9852
1787821046.485309708	s2-eth12	1542	5079
1787821046.485309708	s2-eth13	1542	5079
1787821046.485309708	s2-eth14	1632	5079
1787821046.485309708	s2-eth15	362031102	8862
1787821046.485309708	s2-eth16	1632	5079
1787821046.485309708	s2-eth17	1632	5079
1787821046.485309708	s2-eth18	1632	5079
1787821046.485309708	s2-eth19	5957	1268103535
1787821046.485309708	s2-eth2	11943	12041
1787821046.485309708	s2-eth20	1632	5079
1787821046.485309708	s2-eth21	1542	4989
1787821046.485309708	s2-eth22	1632	5079
1787821046.485309708	s2-eth23	5971	435422504
1787821046.485309708	s2-eth24	1542	5079
1787821046.485309708	s2-eth25	1632	5079
1787821046.485309708	s2-eth26	1542	5079
1787821046.485309708	s2-eth27	6175	436026715
1787821046.485309708	s2-eth28	1632	5079
1787821046.485309708	s2-eth29	1542	5079
1787821046.485309708	s2-eth3	116244873	10058
1787821046.485309708	s2-eth30	1542	5184
1787821046.485309708	s2-eth31	6039	435598381
1787821046.485309708	s2-eth32	1542	4989
1787821046.485309708	s2-eth33	1632	5079
1787821046.485309708	s2-eth34	1632	4989
1787821046.485309708	s2-eth4	1632	5079
1787821046.485309708	s2-eth5	1542	5079
1787821046.485309708	s2-eth6	1632	4989
1787821046.485309708	s2-eth7	581751920	9639
1787821046.485309708	s2-eth8	1632	4989
1787821046.485309708	s2-eth9	1542	5079
1787821046.485309708	s3-eth1	2564584118	1847095074
1787821046.485309708	s3-eth10	1542	5079
1787821046.485309708	s3-eth11	6176	417856644
1787821046.485309708	s3-eth12	1382	4989
1787821046.485309708	s3-eth13	1542	5079
1787821046.485309708	s3-eth14	1632	4989
1787821046.485309708	s3-eth15	5191	259715694
1787821046.485309708	s3-eth16	1542	4989
1787821046.485309708	s3-eth17	1542	4989
1787821046.485309708	s3-eth18	1382	5079
1787821046.485309708	s3-eth19	116425636	9666
1787821046.485309708	s3-eth2	12041	12041
1787821046.485309708	s3-eth20	1632	4969
1787821046.485309708	s3-eth21	1542	4969
1787821046.485309708	s3-eth22	1382	4989
1787821046.485309708	s3-eth23	581983297	9634
1787821046.485309708	s3-eth24	1382	4989
1787821046.485309708	s3-eth25	1632	4989
1787821046.485309708	s3-eth26	1382	4989
1787821046.485309708	s3-eth27	582301037	9391
1787821046.485309708	s3-eth28	1542	5079
1787821046.485309708	s3-eth29	1632	5009
1787821046.485309708	s3-eth3	3770053	1421429041
1787821046.485309708	s3-eth30	1542	5079
1787821046.485309708	s3-eth31	582053292	9619
1787821046.485309708	s3-eth32	1382	4989
1787821046.485309708	s3-eth33	1542	4969
1787821046.485309708	s3-eth34	1632	5079
1787821046.485309708	s3-eth4	1542	4989
1787821046.485309708	s3-eth5	1632	5079
1787821046.485309708	s3-eth6	1632	5079
1787821046.485309708	s3-eth7	6171	418880324
1787821046.485309708	s3-eth8	1632	4848
1787821046.485309708	s3-eth9	1632	5079
1787821046.485309708	s4-eth1	3348019610	48667
1787821046.485309708	s4-eth10	1632	4969
1787821046.485309708	s4-eth11	6405	535002124
1787821046.485309708	s4-eth12	1542	4989
1787821046.485309708	s4-eth13	1382	4969
1787821046.485309708	s4-eth14	1382	4989
1787821046.485309708	s4-eth15	5415	324894261
1787821046.485309708	s4-eth16	1382	4989
1787821046.485309708	s4-eth17	1542	4969
1787821046.485309708	s4-eth18	1382	5039
1787821046.485309708	s4-eth19	6239	113575385
1787821046.485309708	s4-eth2	12041	9808
1787821046.485309708	s4-eth20	1632	4989
1787821046.485309708	s4-eth21	1542	4989
1787821046.485309708	s4-eth22	1542	4969
1787821046.485309708	s4-eth23	6027	558995496
1787821046.485309708	s4-eth24	1542	4989
1787821046.485309708	s4-eth25	1542	4989
1787821046.485309708	s4-eth26	1382	5039
1787821046.485309708	s4-eth27	5784	559265493
1787821046.485309708	s4-eth28	1542	5079
1787821046.485309708	s4-eth29	1382	4989
1787821046.485309708	s4-eth3	6361	109024810
1787821046.485309708	s4-eth30	1382	4989
1787821046.485309708	s4-eth31	6239	559326128
1787821046.485309708	s4-eth32	1382	4989
1787821046.485309708	s4-eth33	1382	5039
1787821046.485309708	s4-eth34	1542	4969
1787821046.485309708	s4-eth4	1542	4969
1787821046.485309708	s4-eth5	1382	4969
1787821046.485309708	s4-eth6	1382	5079
1787821046.485309708	s4-eth7	6102	536195267
1787821046.485309708	s4-eth8	1382	4989
1787821046.485309708	s4-eth9	1382	5039
1787821046.485309708	s5-eth1	5993556958	3811418
1787821046.485309708	s5-eth2	1640233597	2649496505
1787821046.485309708	s5-eth3	3811809	4303348389
1787821046.485309708	s5-eth4	12307	10011
1787821046.485309708	s6-eth1	12041	12041
1787821046.485309708	s6-eth2	12041	11943
1787821046.485309708	s6-eth3	12041	10011
1787821046.485309708	s6-eth4	12432	12041
1787821046.485309708	s7-eth1	1853191850	2569038456
1787821046.485309708	s7-eth2	48667	3354161088
1787821046.485309708	s7-eth3	4208775857	3809576
1787821046.485309708	s7-eth4	12209	12041
1787821046.485309708	s8-eth1	12041	12041
1787821046.485309708	s8-eth2	9808	12041
1787821046.485309708	s8-eth3	12041	10011
1787821046.485309708	s8-eth4	12307	12041
1787821046.485309708	s9-eth1	4304689449	3811809
1787821046.485309708	s9-eth2	10011	12041
1787821046.485309708	s9-eth3	3809576	4208982063
1787821046.485309708	s9-eth4	10011	12041
1787821055.350649395	s10-eth1	10038	12335
1787821055.350649395	s10-eth2	12068	12460
1787821055.350649395	s10-eth3	12068	12237
1787821055.350649395	s10-eth4	12068	12335
1787821055.350649395	s1-eth1	3811445	6003855749
1787821055.350649395	s1-eth10	1632	5079
1787821055.350649395	s1-eth11	585608334	9873
1787821055.350649395	s1-eth12	1542	5079
1787821055.350649395	s1-eth13	1542	5079
1787821055.350649395	s1-eth14	1632	5079
1787821055.350649395	s1-eth15	366762266	8728
1787821055.350649395	s1-eth16	1542	5099
1787821055.350649395	s1-eth17	1632	5079
1787821055.350649395	s1-eth18	1632	4989
1787821055.350649395	s1-eth19	2343891704	9494
1787821055.350649395	s1-eth2	12068	12068
1787821055.350649395	s1-eth20	1542	5079
1787821055.350649395	s1-eth21	1632	5079
1787821055.350649395	s1-eth22	1632	5079
1787821055.350649395	s1-eth23	586347496	9418
1787821055.350649395	s1-eth24	1542	5079
1787821055.350649395	s1-eth25	1632	5079
1787821055.350649395	s1-eth26	1632	4989
1787821055.350649395	s1-eth27	586795814	9712
1787821055.350649395	s1-eth28	1632	5079
1787821055.350649395	s1-eth29	1542	4989
1787821055.350649395	s1-eth3	2559179718	3773786
1787821055.350649395	s1-eth30	1632	4989
1787821055.350649395	s1-eth31	587353875	9486
1787821055.350649395	s1-eth32	1632	4989
1787821055.350649395	s1-eth33	1632	4989
1787821055.350649395	s1-eth34	1632	4989
1787821055.350649395	s1-eth4	1828	5275
1787821055.350649395	s1-eth5	1632	4989
1787821055.350649395	s1-eth6	1632	5079
1787821055.350649395	s1-eth7	587599808	9618
1787821055.350649395	s1-eth8	1632	4989
1787821055.350649395	s1-eth9	1542	4989
1787821055.350649395	s2-eth1	2658023105	1653404879
1787821055.350649395	s2-eth10	1542	5079
1787821055.350649395	s2-eth11	587494687	9852
1787821055.350649395	s2-eth12	1542	5079
1787821055.350649395	s2-eth13	1542	5079
1787821055.350649395	s2-eth14	1632	5079
1787821055.350649395	s2-eth15	369030570	8862
1787821055.350649395	s2-eth16	1632	5079
1787821055.350649395	s2-eth17	1632	5079
1787821055.350649395	s2-eth18	1632	5079
1787821055.350649395	s2-eth19	5957	1272106527
1787821055.350649395	s2-eth2	11997	12095
1787821055.350649395	s2-eth20	1632	5079
1787821055.350649395	s2-eth21	1542	4989
1787821055.350649395	s2-eth22	1632	5079
1787821055.350649395	s2-eth23	5971	439354838
1787821055.350649395	s2-eth24	1542	5079
1787821055.350649395	s2-eth25	1632	5079
1787821055.350649395	s2-eth26	1542	5079
1787821055.350649395	s2-eth27	6175	439972027
1787821055.350649395	s2-eth28	1632	5079
1787821055.350649395	s2-eth29	1542	5079
1787821055.350649395	s2-eth3	117910383	10058
1787821055.350649395	s2-eth30	1542	5184
1787821055.350649395	s2-eth31	6039	439529273
1787821055.350649395	s2-eth32	1542	4989
1787821055.350649395	s2-eth33	1632	5079
1787821055.350649395	s2-eth34	1632	4989
1787821055.350649395	s2-eth4	1632	5079
1787821055.350649395	s2-eth5	1542	5079
1787821055.350649395	s2-eth6	1632	4989
1787821055.350649395	s2-eth7	590158780	9639
1787821055.350649395	s2-eth8	1632	4989
1787821055.350649395	s2-eth9	1542	5079
1787821055.350649395	s3-eth1	2580071279	1875007949
1787821055.350649395	s3-eth10	1542	5079
1787821055.350649395	s3-eth11	6176	421613054
1787821055.350649395	s3-eth12	1382	4989
1787821055.350649395	s3-eth13	1542	5079
1787821055.350649395	s3-eth14	1632	4989
1787821055.350649395	s3-eth15	5191	263336556
1787821055.350649395	s3-eth16	1542	4989
1787821055.350649395	s3-eth17	1542	4989
1787821055.350649395	s3-eth18	1382	5079
1787821055.350649395	s3-eth19	118156036	9666
1787821055.350649395	s3-eth2	12122	12122
1787821055.350649395	s3-eth20	1632	4969
1787821055.350649395	s3-eth21	1542	4969
1787821055.350649395	s3-eth22	1382	4989
1787821055.350649395	s3-eth23	590522821	9634
1787821055.350649395	s3-eth24	1382	4989
1787821055.350649395	s3-eth25	1632	4989
1787821055.350649395	s3-eth26	1382	4989
1787821055.350649395	s3-eth27	590817489	9391
1787821055.350649395	s3-eth28	1542	5079
1787821055.350649395	s3-eth29	1632	5009
1787821055.350649395	s3-eth3	3770053	1425486829
1787821055.350649395	s3-eth30	1542	5079
1787821055.350649395	s3-eth31	590872564	9619
1787821055.350649395	s3-eth32	1382	4989
1787821055.350649395	s3-eth33	1542	4969
1787821055.350649395	s3-eth34	1632	5079
1787821055.350649395	s3-eth4	1542	4989
1787821055.350649395	s3-eth5	1632	5079
1787821055.350649395	s3-eth6	1632	5079
1787821055.350649395	s3-eth7	6171	422710276
1787821055.350649395	s3-eth8	1632	4848
1787821055.350649395	s3-eth9	1632	5079
1787821055.350649395	s4-eth1	3398763671	48748
1787821055.350649395	s4-eth10	1632	4969
1787821055.350649395	s4-eth11	6405	541368554
1787821055.350649395	s4-eth12	1542	4989
1787821055.350649395	s4-eth13	1382	4969
1787821055.350649395	s4-eth14	1382	4989
1787821055.350649395	s4-eth15	5415	331296741
1787821055.350649395	s4-eth16	1382	4989
1787821055.350649395	s4-eth17	1542	4969
1787821055.350649395	s4-eth18	1382	5039
1787821055.350649395	s4-eth19	6239	115164469
1787821055.350649395	s4-eth2	12122	9889
1787821055.350649395	s4-eth20	1632	4989
1787821055.350649395	s4-eth21	1542	4989
1787821055.350649395	s4-eth22	1542	4969
1787821055.350649395	s4-eth23	6027	567033204
1787821055.350649395	s4-eth24	1542	4989
1787821055.350649395	s4-eth25	1542	4989
1787821055.350649395	s4-eth26	1382	5039
1787821055.350649395	s4-eth27	5784	567487777
1787821055.350649395	s4-eth28	1542	5079
1787821055.350649395	s4-eth29	1382	4989
1787821055.350649395	s4-eth3	6361	110448064
1787821055.350649395	s4-eth30	1382	4989
1787821055.350649395	s4-eth31	6239	567865652
1787821055.350649395	s4-eth32	1382	4989
1787821055.350649395	s4-eth33	1382	5039
1787821055.350649395	s4-eth34	1542	4969
1787821055.350649395	s4-eth4	1542	4969
1787821055.350649395	s4-eth5	1382	4969
1787821055.350649395	s4-eth6	1382	5079
1787821055.350649395	s4-eth7	6102	542832793
1787821055.350649395	s4-eth8	1382	4989
1787821055.350649395	s4-eth9	1382	5039
1787821055.350649395	s5-eth1	6050109422	3811526
1787821055.350649395	s5-eth2	1673665033	2670660847
1787821055.350649395	s5-eth3	3811917	4354546707
1787821055.350649395	s5-eth4	12419	10119
1787821055.350649395	s6-eth1	12149	12149
1787821055.350649395	s6-eth2	12149	12051
1787821055.350649395	s6-eth3	12149	10119
1787821055.350649395	s6-eth4	12544	12149
1787821055.350649395	s7-eth1	1890786340	2586946762
1787821055.350649395	s7-eth2	48775	3415838420
1787821055.350649395	s7-eth3	4256947417	3809684
1787821055.350649395	s7-eth4	12321	12149
1787821055.350649395	s8-eth1	12149	12149
1787821055.350649395	s8-eth2	9916	12149
1787821055.350649395	s8-eth3	12149	10119
1787821055.350649395	s8-eth4	12419	12149
1787821055.350649395	s9-eth1	4356696729	3811917
1787821055.350649395	s9-eth2	10119	12149
1787821055.350649395	s9-eth3	3809684	4258673491
1787821055.350649395	s9-eth4	10119	12149
1787821075.478518269	s10-eth1	10146	12447
1787821075.478518269	s10-eth2	12176	12572
1787821075.478518269	s10-eth3	12176	12349
1787821075.478518269	s10-eth4	12176	12447
1787821075.478518269	s1-eth1	3811553	6068581469
1787821075.478518269	s1-eth10	1632	5079
1787821075.478518269	s1-eth11	598616616	9873
1787821075.478518269	s1-eth12	1542	5079
1787821075.478518269	s1-eth13	1542	5079
1787821075.478518269	s1-eth14	1632	5079
1787821075.478518269	s1-eth15	380149794	8728
1787821075.478518269	s1-eth16	1542	5099
1787821075.478518269	s1-eth17	1632	5079
1787821075.478518269	s1-eth18	1632	4989
1787821075.478518269	s1-eth19	2396678998	9494
1787821075.478518269	s1-eth2	12176	12176
1787821075.478518269	s1-eth20	1542	5079
1787821075.478518269	s1-eth21	1632	5079
1787821075.478518269	s1-eth22	1632	5079
1787821075.478518269	s1-eth23	599572078	9418
1787821075.478518269	s1-eth24	1542	5079
1787821075.478518269	s1-eth25	1632	5079
1787821075.478518269	s1-eth26	1632	4989
1787821075.478518269	s1-eth27	599770930	9712
1787821075.478518269	s1-eth28	1632	5079
1787821075.478518269	s1-eth29	1542	4989
1787821075.478518269	s1-eth3	2610364950	3773786
1787821075.478518269	s1-eth30	1632	4989
1787821075.478518269	s1-eth31	599930999	9486
1787821075.478518269	s1-eth32	1632	4989
1787821075.478518269	s1-eth33	1632	4989
1787821075.478518269	s1-eth34	1632	4989
1787821075.478518269	s1-eth4	1828	5275
1787821075.478518269	s1-eth5	1632	4989
1787821075.478518269	s1-eth6	1632	5079
1787821075.478518269	s1-eth7	599967842	9618
1787821075.478518269	s1-eth8	1632	4989
1787821075.478518269	s1-eth9	1542	4989
1787821075.478518269	s2-eth1	2673113716	1688546527
1787821075.478518269	s2-eth10	1542	5079
1787821075.478518269	s2-eth11	599967987	9852
1787821075.478518269	s2-eth12	1542	5079
1787821075.478518269	s2-eth13	1542	5079
1787821075.478518269	s2-eth14	1632	5079
1787821075.478518269	s2-eth15	381111646	8862
1787821075.478518269	s2-eth16	1632	5079
1787821075.478518269	s2-eth17	1632	5079
1787821075.478518269	s2-eth18	1632	5079
1787821075.478518269	s2-eth19	5957	1275019367
1787821075.478518269	s2-eth2	12105	12203
1787821075.478518269	s2-eth20	1632	5079
1787821075.478518269	s2-eth21	1542	4989
1787821075.478518269	s2-eth22	1632	5079
1787821075.478518269	s2-eth23	5971	441780282
1787821075.478518269	s2-eth24	1542	5079
1787821075.478518269	s2-eth25	1632	5079
1787821075.478518269	s2-eth26	1542	5079
1787821075.478518269	s2-eth27	6175	442272017
1787821075.478518269	s2-eth28	1632	5079
1787821075.478518269	s2-eth29	1542	5079
1787821075.478518269	s2-eth3	120097897	10058
1787821075.478518269	s2-eth30	1542	5184
1787821075.478518269	s2-eth31	6039	441721113
1787821075.478518269	s2-eth32	1542	4989
1787821075.478518269	s2-eth33	1632	5079
1787821075.478518269	s2-eth34	1632	4989
1787821075.478518269	s2-eth4	1632	5079
1787821075.478518269	s2-eth5	1542	5079
1787821075.478518269	s2-eth6	1632	4989
1787821075.478518269	s2-eth7	600789204	9639
1787821075.478518269	s2-eth8	1632	4989
1787821075.478518269	s2-eth9	1542	5079
1787821075.478518269	s3-eth1	2591380966	1908091836
1787821075.478518269	s3-eth10	1542	5079
1787821075.478518269	s3-eth11	6176	424039940
1787821075.478518269	s3-eth12	1382	4989
1787821075.478518269	s3-eth13	1542	5079
1787821075.478518269	s3-eth14	1632	4989
1787821075.478518269	s3-eth15	5191	265772094
1787821075.478518269	s3-eth16	1542	4989
1787821075.478518269	s3-eth17	1542	4989
1787821075.478518269	s3-eth18	1382	5079
1787821075.478518269	s3-eth19	120233958	9666
1787821075.478518269	s3-eth2	12203	12203
1787821075.478518269	s3-eth20	1632	4969
1787821075.478518269	s3-eth21	1542	4969
1787821075.478518269	s3-eth22	1382	4989
1787821075.478518269	s3-eth23	600962901	9634
1787821075.478518269	s3-eth24	1382	4989
1787821075.478518269	s3-eth25	1632	4989
1787821075.478518269	s3-eth26	1382	4989
1787821075.478518269	s3-eth27	601501267	9391
1787821075.478518269	s3-eth28	1542	5079
1787821075.478518269	s3-eth29	1632	5009
1787821075.478518269	s3-eth3	3770053	1429384555
1787821075.478518269	s3-eth30	1542	5079
1787821075.478518269	s3-eth31	601246312	9619
1787821075.478518269	s3-eth32	1382	4989
1787821075.478518269	s3-eth33	1542	4969
1787821075.478518269	s3-eth34	1632	5079
1787821075.478518269	s3-eth4	1542	4989
1787821075.478518269	s3-eth5	1632	5079
1787821075.478518269	s3-eth6	1632	5079
1787821075.478518269	s3-eth7	6171	425373650
1787821075.478518269	s3-eth8	1632	4848
1787821075.478518269	s3-eth9	1632	5079
1787821075.478518269	s4-eth1	3444597722	48829
1787821075.478518269	s4-eth10	1632	4969
1787821075.478518269	s4-eth11	6405	544771674
1787821075.478518269	s4-eth12	1542	4989
1787821075.478518269	s4-eth13	1382	4969
1787821075.478518269	s4-eth14	1382	4989
1787821075.478518269	s4-eth15	5415	334652275
1787821075.478518269	s4-eth16	1382	4989
1787821075.478518269	s4-eth17	1542	4969
1787821075.478518269	s4-eth18	1382	5039
1787821075.478518269	s4-eth19	6239	116838631
1787821075.478518269	s4-eth2	12203	9970
1787821075.478518269	s4-eth20	1632	4989
1787821075.478518269	s4-eth21	1542	4989
1787821075.478518269	s4-eth22	1542	4969
1787821075.478518269	s4-eth23	6027	574993044
1787821075.478518269	s4-eth24	1542	4989
1787821075.478518269	s4-eth25	1542	4989
1787821075.478518269	s4-eth26	1382	5039
1787821075.478518269	s4-eth27	5784	574878027
1787821075.478518269	s4-eth28	1542	5079
1787821075.478518269	s4-eth29	1382	4989
1787821075.478518269	s4-eth3	6361	111421414
1787821075.478518269	s4-eth30	1382	4989
1787821075.478518269	s4-eth31	6239	575630822
1787821075.478518269	s4-eth32	1382	4989
1787821075.478518269	s4-eth33	1382	5039
1787821075.478518269	s4-eth34	1542	4969
1787821075.478518269	s4-eth4	1542	4969
1787821075.478518269	s4-eth5	1382	4969
1787821075.478518269	s4-eth6	1382	5079
1787821075.478518269	s4-eth7	6102	546264753
1787821075.478518269	s4-eth8	1382	4989
1787821075.478518269	s4-eth9	1382	5039
1787821075.478518269	s5-eth1	6093216624	3811580
1787821075.478518269	s5-eth2	1697026929	2681607123
1787821075.478518269	s5-eth3	3811971	4379940381
1787821075.478518269	s5-eth4	12475	10173
1787821075.478518269	s6-eth1	12203	12203
1787821075.478518269	s6-eth2	12230	12132
1787821075.478518269	s6-eth3	12230	10200
1787821075.478518269	s6-eth4	12628	12230
1787821075.478518269	s7-eth1	1916265119	2598684723
1787821075.478518269	s7-eth2	48856	3453209373
1787821075.478518269	s7-eth3	4282681430	3809765
1787821075.478518269	s7-eth4	12405	12230
1787821075.478518269	s8-eth1	12230	12230
1787821075.478518269	s8-eth2	9997	12230
1787821075.478518269	s8-eth3	12230	10200
1787821075.478518269	s8-eth4	12503	12230
1787821075.478518269	s9-eth1	4384302458	3811998
1787821075.478518269	s9-eth2	10200	12230
1787821075.478518269	s9-eth3	3809765	4283571144
1787821075.478518269	s9-eth4	10200	12230
1787821086.131882128	s10-eth1	10200	12503
1787821086.131882128	s10-eth2	12230	12628
1787821086.131882128	s10-eth3	12230	12405
1787821086.131882128	s10-eth4	12230	12503
1787821086.131882128	s1-eth1	3811607	6107095901
1787821086.131882128	s1-eth10	1632	5079
1787821086.131882128	s1-eth11	605239722	9873
1787821086.131882128	s1-eth12	1542	5079
1787821086.131882128	s1-eth13	1542	5079
1787821086.131882128	s1-eth14	1632	5079
1787821086.131882128	s1-eth15	386312902	8728
1787821086.131882128	s1-eth16	1542	5099
1787821086.131882128	s1-eth17	1632	5079
1787821086.131882128	s1-eth18	1632	4989
1787821086.131882128	s1-eth19	2421676068	9494
1787821086.131882128	s1-eth2	12230	12230
1787821086.131882128	s1-eth20	1542	5079
1787821086.131882128	s1-eth21	1632	5079
1787821086.131882128	s1-eth22	1632	5079
1787821086.131882128	s1-eth23	605544842	9418
1787821086.131882128	s1-eth24	1542	5079
1787821086.131882128	s1-eth25	1632	5079
1787821086.131882128	s1-eth26	1632	4989
1787821086.131882128	s1-eth27	605926828	9712
1787821086.131882128	s1-eth28	1632	5079
1787821086.131882128	s1-eth29	1542	4989
1787821086.131882128	s1-eth3	2634994310	3773786
1787821086.131882128	s1-eth30	1632	4989
1787821086.131882128	s1-eth31	606088339	9486
1787821086.131882128	s1-eth32	1632	4989
1787821086.131882128	s1-eth33	1632	4989
1787821086.131882128	s1-eth34	1632	4989
1787821086.131882128	s1-eth4	1828	5275
1787821086.131882128	s1-eth5	1632	4989
1787821086.131882128	s1-eth6	1632	5079
1787821086.131882128	s1-eth7	606413582	9618
1787821086.131882128	s1-eth8	1632	4989
1787821086.131882128	s1-eth9	1542	4989
1787821086.131882128	s2-eth1	2688616739	1707031552
1787821086.131882128	s2-eth10	1542	5079
1787821086.131882128	s2-eth11	606785763	9852
1787821086.131882128	s2-eth12	1542	5079
1787821086.131882128	s2-eth13	1542	5079
1787821086.131882128	s2-eth14	1632	5079
1787821086.131882128	s2-eth15	388014500	8862
1787821086.131882128	s2-eth16	1632	5079
1787821086.131882128	s2-eth17	1632	5079
1787821086.131882128	s2-eth18	1632	5079
1787821086.131882128	s2-eth19	5957	1278549383
1787821086.131882128	s2-eth2	12159	12257
1787821086.131882128	s2-eth20	1632	5079
1787821086.131882128	s2-eth21	1542	4989
1787821086.131882128	s2-eth22	1632	5079
1787821086.131882128	s2-eth23	5971	444498452
1787821086.131882128	s2-eth24	1542	5079
1787821086.131882128	s2-eth25	1632	5079
1787821086.131882128	s2-eth26	1542	5079
1787821086.131882128	s2-eth27	6175	445017585
1787821086.131882128	s2-eth28	1632	5079
1787821086.131882128	s2-eth29	1542	5079
1787821086.131882128	s2-eth3	121560085	10058
1787821086.131882128	s2-eth30	1542	5184
1787821086.131882128	s2-eth31	6039	444494079
1787821086.131882128	s2-eth32	1542	4989
1787821086.131882128	s2-eth33	1632	5079
1787821086.131882128	s2-eth34	1632	4989
1787821086.131882128	s2-eth4	1632	5079
1787821086.131882128	s2-eth5	1542	5079
1787821086.131882128	s2-eth6	1632	4989
1787821086.131882128	s2-eth7	608449108	9639
1787821086.131882128	s2-eth8	1632	4989
1787821086.131882128	s2-eth9	1542	5079
1787821086.131882128	s3-eth1	2606870984	1932904384
1787821086.131882128	s3-eth10	1542	5079
1787821086.131882128	s3-eth11	6176	427678106
1787821086.131882128	s3-eth12	1382	4989
1787821086.131882128	s3-eth13	1542	5079
1787821086.131882128	s3-eth14	1632	4989
1787821086.131882128	s3-eth15	5191	269444868
1787821086.131882128	s3-eth16	1542	4989
1787821086.131882128	s3-eth17	1542	4989
1787821086.131882128	s3-eth18	1382	5079
1787821086.131882128	s3-eth19	121874954	9666
1787821086.131882128	s3-eth2	12257	12257
1787821086.131882128	s3-eth20	1632	4969
1787821086.131882128	s3-eth21	1542	4969
1787821086.131882128	s3-eth22	1382	4989
1787821086.131882128	s3-eth23	609234213	9634
1787821086.131882128	s3-eth24	1382	4989
1787821086.131882128	s3-eth25	1632	4989
1787821086.131882128	s3-eth26	1382	4989
1787821086.131882128	s3-eth27	609717783	9391
1787821086.131882128	s3-eth28	1542	5079
1787821086.131882128	s3-eth29	1632	5009
1787821086.131882128	s3-eth3	3770053	1434424345
1787821086.131882128	s3-eth30	1542	5079
1787821086.131882128	s3-eth31	609899754	9619
1787821086.131882128	s3-eth32	1382	4989
1787821086.131882128	s3-eth33	1542	4969
1787821086.131882128	s3-eth34	1632	5079
1787821086.131882128	s3-eth4	1542	4989
1787821086.131882128	s3-eth5	1632	5079
1787821086.131882128	s3-eth6	1632	5079
1787821086.131882128	s3-eth7	6171	429063728
1787821086.131882128	s3-eth8	1632	4848
1787821086.131882128	s3-eth9	1632	5079
1787821086.131882128	s4-eth1	3494290565	48910
1787821086.131882128	s4-eth10	1632	4969
1787821086.131882128	s4-eth11	6405	551177038
1787821086.131882128	s4-eth12	1542	4989
1787821086.131882128	s4-eth13	1382	4969
1787821086.131882128	s4-eth14	1382	4989
1787821086.131882128	s4-eth15	5415	341340271
1787821086.131882128	s4-eth16	1382	4989
1787821086.131882128	s4-eth17	1542	4969
1787821086.131882128	s4-eth18	1382	5039
1787821086.131882128	s4-eth19	6239	118701695
1787821086.131882128	s4-eth2	12284	10051
1787821086.131882128	s4-eth20	1632	4989
1787821086.131882128	s4-eth21	1542	4989
1787821086.131882128	s4-eth22	1542	4969
1787821086.131882128	s4-eth23	6027	584517454
1787821086.131882128	s4-eth24	1542	4989
1787821086.131882128	s4-eth25	1542	4989
1787821086.131882128	s4-eth26	1382	5039
1787821086.131882128	s4-eth27	5784	584555289
1787821086.131882128	s4-eth28	1542	5079
1787821086.131882128	s4-eth29	1382	4989
1787821086.131882128	s4-eth3	6361	113042222
1787821086.131882128	s4-eth30	1382	4989
1787821086.131882128	s4-eth31	6239	584985076
1787821086.131882128	s4-eth32	1382	4989
1787821086.131882128	s4-eth33	1382	5039
1787821086.131882128	s4-eth34	1542	4969
1787821086.131882128	s4-eth4	1542	4969
1787821086.131882128	s4-eth5	1382	4969
1787821086.131882128	s4-eth6	1382	5079
1787821086.131882128	s4-eth7	6102	553290177
1787821086.131882128	s4-eth8	1382	4989
1787821086.131882128	s4-eth9	1382	5039
1787821086.131882128	s5-eth1	6144211620	3811688
1787821086.131882128	s5-eth2	1726397693	2701206895
1787821086.131882128	s5-eth3	3812079	4426965551
1787821086.131882128	s5-eth4	12587	10281
1787821086.131882128	s6-eth1	12311	12311
1787821086.131882128	s6-eth2	12311	12213
1787821086.131882128	s6-eth3	12311	10281
1787821086.131882128	s6-eth4	12712	12311
1787821086.131882128	s7-eth1	1948286252	2615228870
1787821086.131882128	s7-eth2	48937	3509965132
1787821086.131882128	s7-eth3	4325572359	3809846
1787821086.131882128	s7-eth4	12489	12311
1787821086.131882128	s8-eth1	12311	12311
1787821086.131882128	s8-eth2	10078	12311
1787821086.131882128	s8-eth3	12311	10281
1787821086.131882128	s8-eth4	12587	12311
1787821086.131882128	s9-eth1	4431010361	3812079
1787821086.131882128	s9-eth2	10281	12311
1787821086.131882128	s9-eth3	3809846	4327899747
1787821086.131882128	s9-eth4	10281	12311
1787821103.017777024	s10-eth1	10281	12587
1787821103.017777024	s10-eth2	12311	12712
1787821103.017777024	s10-eth3	12311	12489
1787821103.017777024	s10-eth4	12311	12615
1787821103.017777024	s1-eth1	3811688	6161544487
1787821103.017777024	s1-eth10	1632	5079
1787821103.017777024	s1-eth11	616330144	9873
1787821103.017777024	s1-eth12	1542	5079
1787821103.017777024	s1-eth13	1542	5079
1787821103.017777024	s1-eth14	1632	5079
1787821103.017777024	s1-eth15	397877742	8728
1787821103.017777024	s1-eth16	1542	5099
1787821103.017777024	s1-eth17	1632	5079
1787821103.017777024	s1-eth18	1632	4989
1787821103.017777024	s1-eth19	2466716938	9494
1787821103.017777024	s1-eth2	12338	12338
1787821103.017777024	s1-eth20	1542	5079
1787821103.017777024	s1-eth21	1632	5079
1787821103.017777024	s1-eth22	1632	5079
1787821103.017777024	s1-eth23	616692944	9418
1787821103.017777024	s1-eth24	1542	5079
1787821103.017777024	s1-eth25	1632	5079
1787821103.017777024	s1-eth26	1632	4989
1787821103.017777024	s1-eth27	616842768	9712
1787821103.017777024	s1-eth28	1632	5079
1787821103.017777024	s1-eth29	1542	4989
1787821103.017777024	s1-eth3	2679419446	3773786
1787821103.017777024	s1-eth30	1632	4989
1787821103.017777024	s1-eth31	617279701	9486
1787821103.017777024	s1-eth32	1632	4989
1787821103.017777024	s1-eth33	1632	4989
1787821103.017777024	s1-eth34	1632	4989
1787821103.017777024	s1-eth4	1828	5275
1787821103.017777024	s1-eth5	1632	4989
1787821103.017777024	s1-eth6	1632	5079
1787821103.017777024	s1-eth7	617818360	9618
1787821103.017777024	s1-eth8	1632	4989
1787821103.017777024	s1-eth9	1542	4989
1787821103.017777024	s2-eth1	2708359242	1741566118
1787821103.017777024	s2-eth10	1542	5079
1787821103.017777024	s2-eth11	617662769	9852
1787821103.017777024	s2-eth12	1542	5079
1787821103.017777024	s2-eth13	1542	5079
1787821103.017777024	s2-eth14	1632	5079
1787821103.017777024	s2-eth15	398793450	8862
1787821103.017777024	s2-eth16	1632	5079
1787821103.017777024	s2-eth17	1632	5079
1787821103.017777024	s2-eth18	1632	5079
1787821103.017777024	s2-eth19	5957	1284070801
1787821103.017777024	s2-eth2	12240	12338
1787821103.017777024	s2-eth20	1632	5079
1787821103.017777024	s2-eth21	1542	4989
1787821103.017777024	s2-eth22	1632	5079
1787821103.017777024	s2-eth23	5971	448521632
1787821103.017777024	s2-eth24	1542	5079
1787821103.017777024	s2-eth25	1632	5079
1787821103.017777024	s2-eth26	1542	5079
1787821103.017777024	s2-eth27	6175	449053743
1787821103.017777024	s2-eth28	1632	5079
1787821103.017777024	s2-eth29	1542	5079
1787821103.017777024	s2-eth3	123762019	10058
1787821103.017777024	s2-eth30	1542	5184
1787821103.017777024	s2-eth31	6039	448696067
1787821103.017777024	s2-eth32	1542	4989
1787821103.017777024	s2-eth33	1632	5079
1787821103.017777024	s2-eth34	1632	4989
1787821103.017777024	s2-eth4	1632	5079
1787821103.017777024	s2-eth5	1542	5079
1787821103.017777024	s2-eth6	1632	4989
1787821103.017777024	s2-eth7	619223732	9639
1787821103.017777024	s2-eth8	1632	4989
1787821103.017777024	s2-eth9	1542	5079
1787821103.017777024	s3-eth1	2621827489	1965894541
1787821103.017777024	s3-eth10	1542	5079
1787821103.017777024	s3-eth11	6176	430978844
1787821103.017777024	s3-eth12	1382	4989
1787821103.017777024	s3-eth13	1542	5079
1787821103.017777024	s3-eth14	1632	4989
1787821103.017777024	s3-eth15	5191	272654760
1787821103.017777024	s3-eth16	1542	4989
1787821103.017777024	s3-eth17	1542	4989
1787821103.017777024	s3-eth18	1382	5079
1787821103.017777024	s3-eth19	123857704	9666
1787821103.017777024	s3-eth2	12338	12338
1787821103.017777024	s3-eth20	1632	4969
1787821103.017777024	s3-eth21	1542	4969
1787821103.017777024	s3-eth22	1382	4989
1787821103.017777024	s3-eth23	619022509	9634
1787821103.017777024	s3-eth24	1382	4989
1787821103.017777024	s3-eth25	1632	4989
1787821103.017777024	s3-eth26	1382	4989
1787821103.017777024	s3-eth27	619350343	9391
1787821103.017777024	s3-eth28	1542	5079
1787821103.017777024	s3-eth29	1632	5009
1787821103.017777024	s3-eth3	3770053	1438558559
1787821103.017777024	s3-eth30	1542	5079
1787821103.017777024	s3-eth31	619069432	9619
1787821103.017777024	s3-eth32	1382	4989
1787821103.017777024	s3-eth33	1542	4969
1787821103.017777024	s3-eth34	1632	5079
1787821103.017777024	s3-eth4	1542	4989
1787821103.017777024	s3-eth5	1632	5079
1787821103.017777024	s3-eth6	1632	5079
1787821103.017777024	s3-eth7	6171	431738638
1787821103.017777024	s3-eth8	1632	4848
1787821103.017777024	s3-eth9	1632	5079
1787821103.017777024	s4-eth1	3539666060	48991
1787821103.017777024	s4-eth10	1632	4969
1787821103.017777024	s4-eth11	6405	556809490
1787821103.017777024	s4-eth12	1542	4989
1787821103.017777024	s4-eth13	1382	4969
1787821103.017777024	s4-eth14	1382	4989
1787821103.017777024	s4-eth15	5415	346430531
1787821103.017777024	s4-eth16	1382	4989
1787821103.017777024	s4-eth17	1542	4969
1787821103.017777024	s4-eth18	1382	5039
1787821103.017777024	s4-eth19	6239	120142253
1787821103.017777024	s4-eth2	12365	10132
1787821103.017777024	s4-eth20	1632	4989
1787821103.017777024	s4-eth21	1542	4989
1787821103.017777024	s4-eth22	1542	4969
1787821103.017777024	s4-eth23	6027	591170842
1787821103.017777024	s4-eth24	1542	4989
1787821103.017777024	s4-eth25	1542	4989
1787821103.017777024	s4-eth26	1382	5039
1787821103.017777024	s4-eth27	5784	590660717
1787821103.017777024	s4-eth28	1542	5079
1787821103.017777024	s4-eth29	1382	4989
1787821103.017777024	s4-eth3	6361	114073252
1787821103.017777024	s4-eth30	1382	4989
1787821103.017777024	s4-eth31	6239	591140974
1787821103.017777024	s4-eth32	1382	4989
1787821103.017777024	s4-eth33	1382	5039
1787821103.017777024	s4-eth34	1542	4969
1787821103.017777024	s4-eth4	1542	4969
1787821103.017777024	s4-eth5	1382	4969
1787821103.017777024	s4-eth6	1382	5079
1787821103.017777024	s4-eth7	6102	557557055
1787821103.017777024	s4-eth8	1382	4989
1787821103.017777024	s4-eth9	1382	5039
1787821103.017777024	s5-eth1	6182958214	3811742
1787821103.017777024	s5-eth2	1752930547	2714349337
1787821103.017777024	s5-eth3	3812133	4461378935
1787821103.017777024	s5-eth4	12643	10335
1787821103.017777024	s6-eth1	12365	12365
1787821103.017777024	s6-eth2	12365	12267
1787821103.017777024	s6-eth3	12365	10335
1787821103.017777024	s6-eth4	12768	12365
1787821103.017777024	s7-eth1	1972102378	2623201742
1787821103.017777024	s7-eth2	48991	3543777202
1787821103.017777024	s7-eth3	4358346189	3809900
1787821103.017777024	s7-eth4	12545	12365
1787821103.017777024	s8-eth1	12365	12365
1787821103.017777024	s8-eth2	10132	12365
1787821103.017777024	s8-eth3	12365	10335
1787821103.017777024	s8-eth4	12643	12365
1787821103.017777024	s9-eth1	4467240665	3812160
1787821103.017777024	s9-eth2	10335	12392
1787821103.017777024	s9-eth3	3809900	4361505638
1787821103.017777024	s9-eth4	10362	12392
1787821115.459537859	s10-eth1	10362	12671
1787821115.459537859	s10-eth2	12392	12796
1787821115.459537859	s10-eth3	12392	12573
1787821115.459537859	s10-eth4	12392	12671
1787821115.459537859	s1-eth1	3811769	6200863555
1787821115.459537859	s1-eth10	1632	5079
1787821115.459537859	s1-eth11	624543776	9873
1787821115.459537859	s1-eth12	1542	5079
1787821115.459537859	s1-eth13	1542	5079
1787821115.459537859	s1-eth14	1632	5079
1787821115.459537859	s1-eth15	405801532	8728
1787821115.459537859	s1-eth16	1542	5099
1787821115.459537859	s1-eth17	1632	5079
1787821115.459537859	s1-eth18	1632	4989
1787821115.459537859	s1-eth19	2499467642	9494
1787821115.459537859	s1-eth2	12392	12392
1787821115.459537859	s1-eth20	1542	5079
1787821115.459537859	s1-eth21	1632	5079
1787821115.459537859	s1-eth22	1632	5079
1787821115.459537859	s1-eth23	625066638	9418
1787821115.459537859	s1-eth24	1542	5079
1787821115.459537859	s1-eth25	1632	5079
1787821115.459537859	s1-eth26	1632	4989
1787821115.459537859	s1-eth27	625522166	9712
1787821115.459537859	s1-eth28	1632	5079
1787821115.459537859	s1-eth29	1542	4989
1787821115.459537859	s1-eth3	2713544376	3773786
1787821115.459537859	s1-eth30	1632	4989
1787821115.459537859	s1-eth31	625983613	9486
1787821115.459537859	s1-eth32	1632	4989
1787821115.459537859	s1-eth33	1632	4989
1787821115.459537859	s1-eth34	1632	4989
1787821115.459537859	s1-eth4	1828	5275
1787821115.459537859	s1-eth5	1632	4989
1787821115.459537859	s1-eth6	1632	5079
1787821115.459537859	s1-eth7	626584278	9618
1787821115.459537859	s1-eth8	1632	4989
1787821115.459537859	s1-eth9	1542	4989
1787821115.459537859	s2-eth1	2725448465	1769624635
1787821115.459537859	s2-eth10	1542	5079
1787821115.459537859	s2-eth11	626438781	9852
1787821115.459537859	s2-eth12	1542	5079
1787821115.459537859	s2-eth13	1542	5079
1787821115.459537859	s2-eth14	1632	5079
1787821115.459537859	s2-eth15	407589650	8862
1787821115.459537859	s2-eth16	1632	5079
1787821115.459537859	s2-eth17	1632	5079
1787821115.459537859	s2-eth18	1632	5079
1787821115.459537859	s2-eth19	5957	1288457365
1787821115.459537859	s2-eth2	12321	12419
1787821115.459537859	s2-eth20	1632	5079
1787821115.459537859	s2-eth21	1542	4989
1787821115.459537859	s2-eth22	1632	5079
1787821115.459537859	s2-eth23	5971	452565000
1787821115.459537859	s2-eth24	1542	5079
1787821115.459537859	s2-eth25	1632	5079
1787821115.459537859	s2-eth26	1542	5079
1787821115.459537859	s2-eth27	6175	453170653
1787821115.459537859	s2-eth28	1632	5079
1787821115.459537859	s2-eth29	1542	5079
1787821115.459537859	s2-eth3	125534237	10058
1787821115.459537859	s2-eth30	1542	5184
1787821115.459537859	s2-eth31	6039	452815861
1787821115.459537859	s2-eth32	1542	4989
1787821115.459537859	s2-eth33	1632	5079
1787821115.459537859	s2-eth34	1632	4989
1787821115.459537859	s2-eth4	1632	5079
1787821115.459537859	s2-eth5	1542	5079
1787821115.459537859	s2-eth6	1632	4989
1787821115.459537859	s2-eth7	628025700	9639
1787821115.459537859	s2-eth8	1632	4989
1787821115.459537859	s2-eth9	1542	5079
1787821115.459537859	s3-eth1	2634279240	1993865096
1787821115.459537859	s3-eth10	1542	5079
1787821115.459537859	s3-eth11	6176	433943596
1787821115.459537859	s3-eth12	1382	4989
1787821115.459537859	s3-eth13	1542	5079
1787821115.459537859	s3-eth14	1632	4989
1787821115.459537859	s3-eth15	5191	275727662
1787821115.459537859	s3-eth16	1542	4989
1787821115.459537859	s3-eth17	1542	4989
1787821115.459537859	s3-eth18	1382	5079
1787821115.459537859	s3-eth19	125898134	9666
1787821115.459537859	s3-eth2	12446	12446
1787821115.459537859	s3-eth20	1632	4969
1787821115.459537859	s3-eth21	1542	4969
1787821115.459537859	s3-eth22	1382	4989
1787821115.459537859	s3-eth23	629198703	9634
1787821115.459537859	s3-eth24	1382	4989
1787821115.459537859	s3-eth25	1632	4989
1787821115.459537859	s3-eth26	1382	4989
1787821115.459537859	s3-eth27	629529421	9391
1787821115.459537859	s3-eth28	1542	5079
1787821115.459537859	s3-eth29	1632	5009
1787821115.459537859	s3-eth3	3770053	1442127509
1787821115.459537859	s3-eth30	1542	5079
1787821115.459537859	s3-eth31	629417224	9619
1787821115.459537859	s3-eth32	1382	4989
1787821115.459537859	s3-eth33	1542	4969
1787821115.459537859	s3-eth34	1632	5079
1787821115.459537859	s3-eth4	1542	4989
1787821115.459537859	s3-eth5	1632	5079
1787821115.459537859	s3-eth6	1632	5079
1787821115.459537859	s3-eth7	6171	435242698
1787821115.459537859	s3-eth8	1632	4848
1787821115.459537859	s3-eth9	1632	5079
1787821115.459537859	s4-eth1	3596411725	49072
1787821115.459537859	s4-eth10	1632	4969
1787821115.459537859	s4-eth11	6405	564390084
1787821115.459537859	s4-eth12	1542	4989
1787821115.459537859	s4-eth13	1382	4969
1787821115.459537859	s4-eth14	1382	4989
1787821115.459537859	s4-eth15	5415	354443725
1787821115.459537859	s4-eth16	1382	4989
1787821115.459537859	s4-eth17	1542	4969
1787821115.459537859	s4-eth18	1382	5039
1787821115.459537859	s4-eth19	6239	122132213
1787821115.459537859	s4-eth2	12446	10213
1787821115.459537859	s4-eth20	1632	4989
1787821115.459537859	s4-eth21	1542	4989
1787821115.459537859	s4-eth22	1542	4969
1787821115.459537859	s4-eth23	6027	599633940
1787821115.459537859	s4-eth24	1542	4989
1787821115.459537859	s4-eth25	1542	4989
1787821115.459537859	s4-eth26	1382	5039
1787821115.459537859	s4-eth27	5784	599086323
1787821115.459537859	s4-eth28	1542	5079
1787821115.459537859	s4-eth29	1382	4989
1787821115.459537859	s4-eth3	6361	116022836
1787821115.459537859	s4-eth30	1382	4989
1787821115.459537859	s4-eth31	6239	599637238
1787821115.459537859	s4-eth32	1382	4989
1787821115.459537859	s4-eth33	1382	5039
1787821115.459537859	s4-eth34	1542	4969
1787821115.459537859	s4-eth4	1542	4969
1787821115.459537859	s4-eth5	1382	4969
1787821115.459537859	s4-eth6	1382	5079
1787821115.459537859	s4-eth7	6102	566301343
1787821115.459537859	s4-eth8	1382	4989
1787821115.459537859	s4-eth9	1382	5039
1787821115.459537859	s5-eth1	6232512652	3811850
1787821115.459537859	s5-eth2	1788628807	2735448789
1787821115.459537859	s5-eth3	3812241	4518803809
1787821115.459537859	s5-eth4	12755	10443
1787821115.459537859	s6-eth1	12473	12473
1787821115.459537859	s6-eth2	12473	12375
1787821115.459537859	s6-eth3	12473	10443
1787821115.459537859	s6-eth4	12880	12473
1787821115.459537859	s7-eth1	2005989486	2641776252
1787821115.459537859	s7-eth2	49099	3609280160
1787821115.459537859	s7-eth3	4412255467	3810008
1787821115.459537859	s7-eth4	12657	12473
1787821115.459537859	s8-eth1	12473	12473
1787821115.459537859	s8-eth2	10240	12473
1787821115.459537859	s8-eth3	12473	10443
1787821115.459537859	s8-eth4	12755	12473
1787821115.459537859	s9-eth1	4519416659	3812241
1787821115.459537859	s9-eth2	10443	12473
1787821115.459537859	s9-eth3	3810008	4413499913
1787821115.459537859	s9-eth4	10443	12473
1787821132.029672132	s10-eth1	10443	12755
1787821132.029672132	s10-eth2	12473	12880
1787821132.029672132	s10-eth3	12473	12657
1787821132.029672132	s10-eth4	12473	12755
1787821132.029672132	s1-eth1	3811850	6242723454
1787821132.029672132	s1-eth10	1632	5079
1787821132.029672132	s1-eth11	634957900	9873
1787821132.029672132	s1-eth12	1542	5079
1787821132.029672132	s1-eth13	1542	5079
1787821132.029672132	s1-eth14	1632	5079
1787821132.029672132	s1-eth15	416459354	8728
1787821132.029672132	s1-eth16	1542	5099
1787821132.029672132	s1-eth17	1632	5079
1787821132.029672132	s1-eth18	1632	4989
1787821132.029672132	s1-eth19	2541646142	9494
1787821132.029672132	s1-eth2	12500	12473
1787821132.029672132	s1-eth20	1542	5079
1787821132.029672132	s1-eth21	1632	5079
1787821132.029672132	s1-eth22	1632	5079
1787821132.029672132	s1-eth23	635673990	9418
1787821132.029672132	s1-eth24	1542	5079
1787821132.029672132	s1-eth25	1632	5079
1787821132.029672132	s1-eth26	1632	4989
1787821132.029672132	s1-eth27	636009832	9712
1787821132.029672132	s1-eth28	1632	5079
1787821132.029672132	s1-eth29	1542	4989
1787821132.029672132	s1-eth3	2755957922	3773786
1787821132.029672132	s1-eth30	1632	4989
1787821132.029672132	s1-eth31	636368897	9486
1787821132.029672132	s1-eth32	1632	4989
1787821132.029672132	s1-eth33	1632	4989
1787821132.029672132	s1-eth34	1632	4989
1787821132.029672132	s1-eth4	1828	5275
1787821132.029672132	s1-eth5	1632	4989
1787821132.029672132	s1-eth6	1632	5079
1787821132.029672132	s1-eth7	636411508	9618
1787821132.029672132	s1-eth8	1632	4989
1787821132.029672132	s1-eth9	1542	4989
1787821132.029672132	s2-eth1	2742015684	1799986026
1787821132.029672132	s2-eth10	1542	5079
1787821132.029672132	s2-eth11	636266011	9852
1787821132.029672132	s2-eth12	1542	5079
1787821132.029672132	s2-eth13	1542	5079
1787821132.029672132	s2-eth14	1632	5079
1787821132.029672132	s2-eth15	417605782	8862
1787821132.029672132	s2-eth16	1632	5079
1787821132.029672132	s2-eth17	1632	5079
1787821132.029672132	s2-eth18	1632	5079
1787821132.029672132	s2-eth19	5957	1292704055
1787821132.029672132	s2-eth2	12402	12500
1787821132.029672132	s2-eth20	1632	5079
1787821132.029672132	s2-eth21	1542	4989
1787821132.029672132	s2-eth22	1632	5079
1787821132.029672132	s2-eth23	5971	456792944
1787821132.029672132	s2-eth24	1542	5079
1787821132.029672132	s2-eth25	1632	5079
1787821132.029672132	s2-eth26	1542	5079
1787821132.029672132	s2-eth27	6175	457336591
1787821132.029672132	s2-eth28	1632	5079
1787821132.029672132	s2-eth29	1542	5079
1787821132.029672132	s2-eth3	127566015	10058
1787821132.029672132	s2-eth30	1542	5184
1787821132.029672132	s2-eth31	6039	456817411
1787821132.029672132	s2-eth32	1542	4989
1787821132.029672132	s2-eth33	1632	5079
1787821132.029672132	s2-eth34	1632	4989
1787821132.029672132	s2-eth4	1632	5079
1787821132.029672132	s2-eth5	1542	5079
1787821132.029672132	s2-eth6	1632	4989
1787821132.029672132	s2-eth7	638184590	9639
1787821132.029672132	s2-eth8	1632	4989
1787821132.029672132	s2-eth9	1542	5079
1787821132.029672132	s3-eth1	2650788779	2022670569
1787821132.029672132	s3-eth10	1542	5079
1787821132.029672132	s3-eth11	6176	437539944
1787821132.029672132	s3-eth12	1382	4989
1787821132.029672132	s3-eth13	1542	5079
1787821132.029672132	s3-eth14	1632	4989
1787821132.029672132	s3-eth15	5191	279161064
1787821132.029672132	s3-eth16	1542	4989
1787821132.029672132	s3-eth17	1542	4989
1787821132.029672132	s3-eth18	1382	5079
1787821132.029672132	s3-eth19	127749662	9666
1787821132.029672132	s3-eth2	12527	12527
1787821132.029672132	s3-eth20	1632	4969
1787821132.029672132	s3-eth21	1542	4969
1787821132.029672132	s3-eth22	1382	4989
1787821132.029672132	s3-eth23	638746185	9634
1787821132.029672132	s3-eth24	1382	4989
1787821132.029672132	s3-eth25	1632	4989
1787821132.029672132	s3-eth26	1382	4989
1787821132.029672132	s3-eth27	639281667	9391
1787821132.029672132	s3-eth28	1542	5079
1787821132.029672132	s3-eth29	1632	5009
1787821132.029672132	s3-eth3	3770053	1445808935
1787821132.029672132	s3-eth30	1542	5079
1787821132.029672132	s3-eth31	639219940	9619
1787821132.029672132	s3-eth32	1382	4989
1787821132.029672132	s3-eth33	1542	4969
1787821132.029672132	s3-eth34	1632	5079
1787821132.029672132	s3-eth4	1542	4989
1787821132.029672132	s3-eth5	1632	5079
1787821132.029672132	s3-eth6	1632	5079
1787821132.029672132	s3-eth7	6171	438790018
1787821132.029672132	s3-eth8	1632	4848
1787821132.029672132	s3-eth9	1632	5079
1787821132.029672132	s4-eth1	3647473026	49153
1787821132.029672132	s4-eth10	1632	4969
1787821132.029672132	s4-eth11	6405	571396762
1787821132.029672132	s4-eth12	1542	4989
1787821132.029672132	s4-eth13	1382	4969
1787821132.029672132	s4-eth14	1382	4989
1787821132.029672132	s4-eth15	5415	361072599
1787821132.029672132	s4-eth16	1382	4989
1787821132.029672132	s4-eth17	1542	4969
1787821132.029672132	s4-eth18	1382	5039
1787821132.029672132	s4-eth19	6239	123724181
1787821132.029672132	s4-eth2	12527	10294
1787821132.029672132	s4-eth20	1632	4989
1787821132.029672132	s4-eth21	1542	4989
1787821132.029672132	s4-eth22	1542	4969
1787821132.029672132	s4-eth23	6027	606629082
1787821132.029672132	s4-eth24	1542	4989
1787821132.029672132	s4-eth25	1542	4989
1787821132.029672132	s4-eth26	1382	5039
1787821132.029672132	s4-eth27	5784	606091559
1787821132.029672132	s4-eth28	1542	5079
1787821132.029672132	s4-eth29	1382	4989
1787821132.029672132	s4-eth3	6361	117222580
1787821132.029672132	s4-eth30	1382	4989
1787821132.029672132	s4-eth31	6239	606661220
1787821132.029672132	s4-eth32	1382	4989
1787821132.029672132	s4-eth33	1382	5039
1787821132.029672132	s4-eth34	1542	4969
1787821132.029672132	s4-eth4	1542	4969
1787821132.029672132	s4-eth5	1382	4969
1787821132.029672132	s4-eth6	1382	5079
1787821132.029672132	s4-eth7	6102	571907839
1787821132.029672132	s4-eth8	1382	4989
1787821132.029672132	s4-eth9	1382	5039
1787821132.029672132	s5-eth1	6267714810	3811904
1787821132.029672132	s5-eth2	1812235843	2749576117
1787821132.029672132	s5-eth3	3812295	4553319575
1787821132.029672132	s5-eth4	12811	10497
1787821132.029672132	s6-eth1	12527	12527
1787821132.029672132	s6-eth2	12527	12429
1787821132.029672132	s6-eth3	12527	10497
1787821132.029672132	s6-eth4	12936	12527
1787821132.029672132	s7-eth1	2031348552	2654876876
1787821132.029672132	s7-eth2	49153	3652796890
1787821132.029672132	s7-eth3	4445033623	3810062
1787821132.029672132	s7-eth4	12713	12527
1787821132.029672132	s8-eth1	12527	12527
1787821132.029672132	s8-eth2	10294	12527
1787821132.029672132	s8-eth3	12527	10497
1787821132.029672132	s8-eth4	12811	12527
1787821132.029672132	s9-eth1	4555541697	3812295
1787821132.029672132	s9-eth2	10497	12527
1787821132.029672132	s9-eth3	3810062	4446867847
1787821132.029672132	s9-eth4	10497	12527
1787821145.084872262	s10-eth1	10524	12839
1787821145.084872262	s10-eth2	12554	12964
1787821145.084872262	s10-eth3	12554	12741
1787821145.084872262	s10-eth4	12554	12839
1787821145.084872262	s1-eth1	3811931	6281298477
1787821145.084872262	s1-eth10	1632	5079
1787821145.084872262	s1-eth11	643037426	9873
1787821145.084872262	s1-eth12	1542	5079
1787821145.084872262	s1-eth13	1542	5079
1787821145.084872262	s1-eth14	1632	5079
1787821145.084872262	s1-eth15	424149540	8728
1787821145.084872262	s1-eth16	1542	5099
1787821145.084872262	s1-eth17	1632	5079
1787821145.084872262	s1-eth18	1632	4989
1787821145.084872262	s1-eth19	2572943310	9494
1787821145.084872262	s1-eth2	12554	12554
1787821145.084872262	s1-eth20	1542	5079
1787821145.084872262	s1-eth21	1632	5079
1787821145.084872262	s1-eth22	1632	5079
1787821145.084872262	s1-eth23	643420414	9418
1787821145.084872262	s1-eth24	1542	5079
1787821145.084872262	s1-eth25	1632	5079
1787821145.084872262	s1-eth26	1632	4989
1787821145.084872262	s1-eth27	643881710	9712
1787821145.084872262	s1-eth28	1632	5079
1787821145.084872262	s1-eth29	1542	4989
1787821145.084872262	s1-eth3	2787120984	3773786
1787821145.084872262	s1-eth30	1632	4989
1787821145.084872262	s1-eth31	644279709	9486
1787821145.084872262	s1-eth32	1632	4989
1787821145.084872262	s1-eth33	1632	4989
1787821145.084872262	s1-eth34	1632	4989
1787821145.084872262	s1-eth4	1828	5275
1787821145.084872262	s1-eth5	1632	4989
1787821145.084872262	s1-eth6	1632	5079
1787821145.084872262	s1-eth7	644600626	9618
1787821145.084872262	s1-eth8	1632	4989
1787821145.084872262	s1-eth9	1542	4989
1787821145.084872262	s2-eth1	2761880730	1824179956
1787821145.084872262	s2-eth10	1542	5079
1787821145.084872262	s2-eth11	644781021	9852
1787821145.084872262	s2-eth12	1542	5079
1787821145.084872262	s2-eth13	1542	5079
1787821145.084872262	s2-eth14	1632	5079
1787821145.084872262	s2-eth15	426202986	8862
1787821145.084872262	s2-eth16	1632	5079
1787821145.084872262	s2-eth17	1632	5079
1787821145.084872262	s2-eth18	1632	5079
1787821145.084872262	s2-eth19	5957	1295589497
1787821145.084872262	s2-eth2	12483	12581
1787821145.084872262	s2-eth20	1632	5079
1787821145.084872262	s2-eth21	1542	4989
1787821145.084872262	s2-eth22	1632	5079
1787821145.084872262	s2-eth23	5971	459591866
1787821145.084872262	s2-eth24	1542	5079
1787821145.084872262	s2-eth25	1632	5079
1787821145.084872262	s2-eth26	1542	5079
1787821145.084872262	s2-eth27	6175	460131187
1787821145.084872262	s2-eth28	1632	5079
1787821145.084872262	s2-eth29	1542	5079
1787821145.084872262	s2-eth3	129312277	10058
1787821145.084872262	s2-eth30	1542	5184
1787821145.084872262	s2-eth31	6039	459616333
1787821145.084872262	s2-eth32	1542	4989
1787821145.084872262	s2-eth33	1632	5079
1787821145.084872262	s2-eth34	1632	4989
1787821145.084872262	s2-eth4	1632	5079
1787821145.084872262	s2-eth5	1542	5079
1787821145.084872262	s2-eth6	1632	4989
1787821145.084872262	s2-eth7	646975022	9639
1787821145.084872262	s2-eth8	1632	4989
1787821145.084872262	s2-eth9	1542	5079
1787821145.084872262	s3-eth1	2671406576	2050799744
1787821145.084872262	s3-eth10	1542	5079
1787821145.084872262	s3-eth11	6176	440990650
1787821145.084872262	s3-eth12	1382	4989
1787821145.084872262	s3-eth13	1542	5079
1787821145.084872262	s3-eth14	1632	4989
1787821145.084872262	s3-eth15	5191	282881424
1787821145.084872262	s3-eth16	1542	4989
1787821145.084872262	s3-eth17	1542	4989
1787821145.084872262	s3-eth18	1382	5079
1787821145.084872262	s3-eth19	129529090	9666
1787821145.084872262	s3-eth2	12581	12581
1787821145.084872262	s3-eth20	1632	4969
1787821145.084872262	s3-eth21	1542	4969
1787821145.084872262	s3-eth22	1382	4989
1787821145.084872262	s3-eth23	647437119	9634
1787821145.084872262	s3-eth24	1382	4989
1787821145.084872262	s3-eth25	1632	4989
1787821145.084872262	s3-eth26	1382	4989
1787821145.084872262	s3-eth27	647796677	9391
1787821145.084872262	s3-eth28	1542	5079
1787821145.084872262	s3-eth29	1632	5009
1787821145.084872262	s3-eth3	3770053	1449797507
1787821145.084872262	s3-eth30	1542	5079
1787821145.084872262	s3-eth31	647621032	9619
1787821145.084872262	s3-eth32	1382	4989
1787821145.084872262	s3-eth33	1542	4969
1787821145.084872262	s3-eth34	1632	5079
1787821145.084872262	s3-eth4	1542	4989
1787821145.084872262	s3-eth5	1632	5079
1787821145.084872262	s3-eth6	1632	5079
1787821145.084872262	s3-eth7	6171	442428184
1787821145.084872262	s3-eth8	1632	4848
1787821145.084872262	s3-eth9	1632	5079
1787821145.084872262	s4-eth1	3690998408	49207
1787821145.084872262	s4-eth10	1632	4969
1787821145.084872262	s4-eth11	6405	576945578
1787821145.084872262	s4-eth12	1542	4989
1787821145.084872262	s4-eth13	1382	4969
1787821145.084872262	s4-eth14	1382	4989
1787821145.084872262	s4-eth15	5415	366650255
1787821145.084872262	s4-eth16	1382	4989
1787821145.084872262	s4-eth17	1542	4969
1787821145.084872262	s4-eth18	1382	5039
1787821145.084872262	s4-eth19	6239	125232513
1787821145.084872262	s4-eth2	12581	10348
1787821145.084872262	s4-eth20	1632	4989
1787821145.084872262	s4-eth21	1542	4989
1787821145.084872262	s4-eth22	1542	4969
1787821145.084872262	s4-eth23	6027	614221212
1787821145.084872262	s4-eth24	1542	4989
1787821145.084872262	s4-eth25	1542	4989
1787821145.084872262	s4-eth26	1382	5039
1787821145.084872262	s4-eth27	5784	613708203
1787821145.084872262	s4-eth28	1542	5079
1787821145.084872262	s4-eth29	1382	4989
1787821145.084872262	s4-eth3	6361	118449722
1787821145.084872262	s4-eth30	1382	4989
1787821145.084872262	s4-eth31	6239	613956298
1787821145.084872262	s4-eth32	1382	4989
1787821145.084872262	s4-eth33	1382	5039
1787821145.084872262	s4-eth34	1542	4969
1787821145.084872262	s4-eth4	1542	4969
1787821145.084872262	s4-eth5	1382	4969
1787821145.084872262	s4-eth6	1382	5079
1787821145.084872262	s4-eth7	6102	577959913
1787821145.084872262	s4-eth8	1382	4989
1787821145.084872262	s4-eth9	1382	5039
1787821145.084872262	s5-eth1	6321364501	3811985
1787821145.084872262	s5-eth2	1837704528	2772230018
1787821145.084872262	s5-eth3	3812376	4599016636
1787821145.084872262	s5-eth4	12895	10578
1787821145.084872262	s6-eth1	12608	12608
1787821145.084872262	s6-eth2	12608	12510
1787821145.084872262	s6-eth3	12608	10578
1787821145.084872262	s6-eth4	13020	12608
1787821145.084872262	s7-eth1	2057184947	2676600687
1787821145.084872262	s7-eth2	49234	3698117589
1787821145.084872262	s7-eth3	4489076710	3810143
1787821145.084872262	s7-eth4	12797	12608
1787821145.084872262	s8-eth1	12608	12608
1787821145.084872262	s8-eth2	10375	12608
1787821145.084872262	s8-eth3	12608	10578
1787821145.084872262	s8-eth4	12895	12608
1787821145.084872262	s9-eth1	4600834998	3812376
1787821145.084872262	s9-eth2	10578	12608
1787821145.084872262	s9-eth3	3810143	4489789058
1787821145.084872262	s9-eth4	10578	12608
1787821157.326003020	s10-eth1	10578	12895
1787821157.326003020	s10-eth2	12608	13020
1787821157.326003020	s10-eth3	12608	12797
1787821157.326003020	s10-eth4	12608	12895
1787821157.326003020	s1-eth1	3811985	6335532151
1787821157.326003020	s1-eth10	1632	5079
1787821157.326003020	s1-eth11	651340462	9873
1787821157.326003020	s1-eth12	1542	5079
1787821157.326003020	s1-eth13	1542	5079
1787821157.326003020	s1-eth14	1632	5079
1787821157.326003020	s1-eth15	432765490	8728
1787821157.326003020	s1-eth16	1542	5099
1787821157.326003020	s1-eth17	1632	5079
1787821157.326003020	s1-eth18	1632	4989
1787821157.326003020	s1-eth19	2607623410	9494
1787821157.326003020	s1-eth2	12635	12635
1787821157.326003020	s1-eth20	1542	5079
1787821157.326003020	s1-eth21	1632	5079
1787821157.326003020	s1-eth22	1632	5079
1787821157.326003020	s1-eth23	652147398	9418
1787821157.326003020	s1-eth24	1542	5079
1787821157.326003020	s1-eth25	1632	5079
1787821157.326003020	s1-eth26	1632	4989
1787821157.326003020	s1-eth27	652636092	9712
1787821157.326003020	s1-eth28	1632	5079
1787821157.326003020	s1-eth29	1542	4989
1787821157.326003020	s1-eth3	2822131302	3773786
1787821157.326003020	s1-eth30	1632	4989
1787821157.326003020	s1-eth31	653016787	9486
1787821157.326003020	s1-eth32	1632	4989
1787821157.326003020	s1-eth33	1632	4989
1787821157.326003020	s1-eth34	1632	4989
1787821157.326003020	s1-eth4	1828	5275
1787821157.326003020	s1-eth5	1632	4989
1787821157.326003020	s1-eth6	1632	5079
1787821157.326003020	s1-eth7	653579960	9618
1787821157.326003020	s1-eth8	1632	4989
1787821157.326003020	s1-eth9	1542	4989
1787821157.326003020	s2-eth1	2781767433	1853092137
1787821157.326003020	s2-eth10	1542	5079
1787821157.326003020	s2-eth11	653718537	9852
1787821157.326003020	s2-eth12	1542	5079
1787821157.326003020	s2-eth13	1542	5079
1787821157.326003020	s2-eth14	1632	5079
1787821157.326003020	s2-eth15	434915550	8862
1787821157.326003020	s2-eth16	1632	5079
1787821157.326003020	s2-eth17	1632	5079
1787821157.326003020	s2-eth18	1632	5079
1787821157.326003020	s2-eth19	5957	1300114493
1787821157.326003020	s2-eth2	12537	12635
1787821157.326003020	s2-eth20	1632	5079
1787821157.326003020	s2-eth21	1542	4989
1787821157.326003020	s2-eth22	1632	5079
1787821157.326003020	s2-eth23	5971	463801064
1787821157.326003020	s2-eth24	1542	5079
1787821157.326003020	s2-eth25	1632	5079
1787821157.326003020	s2-eth26	1542	5079
1787821157.326003020	s2-eth27	6175	464302893
1787821157.326003020	s2-eth28	1632	5079
1787821157.326003020	s2-eth29	1542	5079
1787821157.326003020	s2-eth3	131052771	10058
1787821157.326003020	s2-eth30	1542	5184
1787821157.326003020	s2-eth31	6039	463762083
1787821157.326003020	s2-eth32	1542	4989
1787821157.326003020	s2-eth33	1632	5079
1787821157.326003020	s2-eth34	1632	4989
1787821157.326003020	s2-eth4	1632	5079
1787821157.326003020	s2-eth5	1542	5079
1787821157.326003020	s2-eth6	1632	4989
1787821157.326003020	s2-eth7	655354484	9639
1787821157.326003020	s2-eth8	1632	4989
1787821157.326003020	s2-eth9	1542	5079
1787821157.326003020	s3-eth1	2687125899	2076685167
1787821157.326003020	s3-eth10	1542	5079
1787821157.326003020	s3-eth11	6176	444741292
1787821157.326003020	s3-eth12	1382	4989
1787821157.326003020	s3-eth13	1542	5079
1787821157.326003020	s3-eth14	1632	4989
1787821157.326003020	s3-eth15	5191	286688304
1787821157.326003020	s3-eth16	1542	4989
1787821157.326003020	s3-eth17	1542	4989
1787821157.326003020	s3-eth18	1382	5079
1787821157.326003020	s3-eth19	131159992	9666
1787821157.326003020	s3-eth2	12662	12662
1787821157.326003020	s3-eth20	1632	4969
1787821157.326003020	s3-eth21	1542	4969
1787821157.326003020	s3-eth22	1382	4989
1787821157.326003020	s3-eth23	655545485	9634
1787821157.326003020	s3-eth24	1382	4989
1787821157.326003020	s3-eth25	1632	4989
1787821157.326003020	s3-eth26	1382	4989
1787821157.326003020	s3-eth27	655900717	9391
1787821157.326003020	s3-eth28	1542	5079
1787821157.326003020	s3-eth29	1632	5009
1787821157.326003020	s3-eth3	3770053	1453934605
1787821157.326003020	s3-eth30	1542	5079
1787821157.326003020	s3-eth31	655627016	9619
1787821157.326003020	s3-eth32	1382	4989
1787821157.326003020	s3-eth33	1542	4969
1787821157.326003020	s3-eth34	1632	5079
1787821157.326003020	s3-eth4	1542	4989
1787821157.326003020	s3-eth5	1632	5079
1787821157.326003020	s3-eth6	1632	5079
1787821157.326003020	s3-eth7	6171	446220644
1787821157.326003020	s3-eth8	1632	4848
1787821157.326003020	s3-eth9	1632	5079
1787821157.326003020	s4-eth1	3739330003	49288
1787821157.326003020	s4-eth10	1632	4969
1787821157.326003020	s4-eth11	6405	583908996
1787821157.326003020	s4-eth12	1542	4989
1787821157.326003020	s4-eth13	1382	4969
1787821157.326003020	s4-eth14	1382	4989
1787821157.326003020	s4-eth15	5415	373925145
1787821157.326003020	s4-eth16	1382	4989
1787821157.326003020	s4-eth17	1542	4969
1787821157.326003020	s4-eth18	1382	5039
1787821157.326003020	s4-eth19	6239	126918211
1787821157.326003020	s4-eth2	12662	10429
1787821157.326003020	s4-eth20	1632	4989
1787821157.326003020	s4-eth21	1542	4989
1787821157.326003020	s4-eth22	1542	4969
1787821157.326003020	s4-eth23	6027	622747758
1787821157.326003020	s4-eth24	1542	4989
1787821157.326003020	s4-eth25	1542	4989
1787821157.326003020	s4-eth26	1382	5039
1787821157.326003020	s4-eth27	5784	622115063
1787821157.326003020	s4-eth28	1542	5079
1787821157.326003020	s4-eth29	1382	4989
1787821157.326003020	s4-eth3	6361	120093602
1787821157.326003020	s4-eth30	1382	4989
1787821157.326003020	s4-eth31	6239	622588110
1787821157.326003020	s4-eth32	1382	4989
1787821157.326003020	s4-eth33	1382	5039
1787821157.326003020	s4-eth34	1542	4969
1787821157.326003020	s4-eth4	1542	4969
1787821157.326003020	s4-eth5	1382	4969
1787821157.326003020	s4-eth6	1382	5079
1787821157.326003020	s4-eth7	6102	585918311
1787821157.326003020	s4-eth8	1382	4989
1787821157.326003020	s4-eth9	1382	5039
1787821157.326003020	s5-eth1	6367554699	3812066
1787821157.326003020	s5-eth2	1867607363	2789552845
1787821157.326003020	s5-eth3	3812457	4645433255
1787821157.326003020	s5-eth4	12979	10659
1787821157.326003020	s6-eth1	12689	12689
1787821157.326003020	s6-eth2	12689	12591
1787821157.326003020	s6-eth3	12689	10659
1787821157.326003020	s6-eth4	13104	12689
1787821157.326003020	s7-eth1	2086839758	2692736748
1787821157.326003020	s7-eth2	49315	3753780312
1787821157.326003020	s7-eth3	4533598541	3810224
1787821157.326003020	s7-eth4	12881	12689
1787821157.326003020	s8-eth1	12689	12689
1787821157.326003020	s8-eth2	10456	12689
1787821157.326003020	s8-eth3	12689	10659
1787821157.326003020	s8-eth4	12979	12689
1787821157.326003020	s9-eth1	4648383587	3812457
1787821157.326003020	s9-eth2	10659	12689
1787821157.326003020	s9-eth3	3810224	4536248937
1787821157.326003020	s9-eth4	10659	12689
