wall	status	session	pid	forwarded_to_hosts	forwarded_between_switches	written_wall	stop_reason	misdelivered	foreign_frames	heard	controllers	ctrl_logs
1790943304.1	stopped	7f1bd58ee39bfa19	857436	0	0	1790943035.562602	stopped by SIGTERM	0	0	1:3>2:3=18,1:4>3:2=18,2:3>1:3=18,2:4>3:3=18,3:2>1:4=18,3:3>2:4=18	-	-
1790943305.1	stopped	7f1bd58ee39bfa19	857436	0	0	1790943035.562602	stopped by SIGTERM	0	0	1:3>2:3=18,1:4>3:2=18,2:3>1:3=18,2:4>3:3=18,3:2>1:4=18,3:3>2:4=18	-	-
1790943306.1	stopped	7f1bd58ee39bfa19	857436	0	0	1790943035.562602	stopped by SIGTERM	0	0	1:3>2:3=18,1:4>3:2=18,2:3>1:3=18,2:4>3:3=18,3:2>1:4=18,3:3>2:4=18	-	-
1790943307.1	stopped	7f1bd58ee39bfa19	857436	0	0	1790943035.562602	stopped by SIGTERM	0	0	1:3>2:3=18,1:4>3:2=18,2:3>1:3=18,2:4>3:3=18,3:2>1:4=18,3:3>2:4=18	-	-
1790943308.1	stopped	7f1bd58ee39bfa19	857436	0	0	1790943035.562602	stopped by SIGTERM	0	0	1:3>2:3=18,1:4>3:2=18,2:3>1:3=18,2:4>3:3=18,3:2>1:4=18,3:3>2:4=18	-	-
1790943309.1	stopped	7f1bd58ee39bfa19	857436	0	0	1790943035.562602	stopped by SIGTERM	0	0	1:3>2:3=18,1:4>3:2=18,2:3>1:3=18,2:4>3:3=18,3:2>1:4=18,3:3>2:4=18	-	-
1790943310.1	stopped	7f1bd58ee39bfa19	857436	0	0	1790943035.562602	stopped by SIGTERM	0	0	1:3>2:3=18,1:4>3:2=18,2:3>1:3=18,2:4>3:3=18,3:2>1:4=18,3:3>2:4=18	-	-
1790943311.1	stopped	7f1bd58ee39bfa19	857436	0	0	1790943035.562602	stopped by SIGTERM	0	0	1:3>2:3=18,1:4>3:2=18,2:3>1:3=18,2:4>3:3=18,3:2>1:4=18,3:3>2:4=18	-	-
1790943312.1	running	36a19de79150792e	874016	0	0	1790943311.6970384		0	0	1:3>3:1=0,1:4>4:2=0,2:3>4:1=0,2:4>3:2=0,3:1>1:3=0,3:2>2:4=0,4:1>2:3=0,4:2>1:4=0	-	-
1790943313.1	running	36a19de79150792e	874016	0	0	1790943312.197938		0	0	1:3>3:1=1,1:4>4:2=1,2:3>4:1=1,2:4>3:2=1,3:1>1:3=1,3:2>2:4=1,4:1>2:3=1,4:2>1:4=1	-	-
1790943314.1	running	36a19de79150792e	874016	0	0	1790943312.197938		0	0	1:3>3:1=1,1:4>4:2=1,2:3>4:1=1,2:4>3:2=1,3:1>1:3=1,3:2>2:4=1,4:1>2:3=1,4:2>1:4=1	-	-
1790943315.1	running	36a19de79150792e	874016	0	0	1790943312.197938		0	0	1:3>3:1=1,1:4>4:2=1,2:3>4:1=1,2:4>3:2=1,3:1>1:3=1,3:2>2:4=1,4:1>2:3=1,4:2>1:4=1	-	-
1790943316.1	running	36a19de79150792e	874016	0	0	1790943312.197938		0	0	1:3>3:1=1,1:4>4:2=1,2:3>4:1=1,2:4>3:2=1,3:1>1:3=1,3:2>2:4=1,4:1>2:3=1,4:2>1:4=1	-	-
1790943317.1	running	36a19de79150792e	874016	0	0	1790943316.702607		0	0	1:3>3:1=1,1:4>4:2=1,2:3>4:1=1,2:4>3:2=1,3:1>1:3=1,3:2>2:4=1,4:1>2:3=1,4:2>1:4=1	-	-
1790943318.1	running	36a19de79150792e	874016	0	0	1790943317.2036169		0	0	1:3>3:1=2,1:4>4:2=2,2:3>4:1=2,2:4>3:2=2,3:1>1:3=2,3:2>2:4=2,4:1>2:3=2,4:2>1:4=2	-	-
1790943319.1	running	36a19de79150792e	874016	0	0	1790943317.2036169		0	0	1:3>3:1=2,1:4>4:2=2,2:3>4:1=2,2:4>3:2=2,3:1>1:3=2,3:2>2:4=2,4:1>2:3=2,4:2>1:4=2	-	-
1790943320.2	running	36a19de79150792e	874016	0	0	1790943317.2036169		0	0	1:3>3:1=2,1:4>4:2=2,2:3>4:1=2,2:4>3:2=2,3:1>1:3=2,3:2>2:4=2,4:1>2:3=2,4:2>1:4=2	-	-
1790943321.2	running	36a19de79150792e	874016	0	0	1790943317.2036169		0	0	1:3>3:1=2,1:4>4:2=2,2:3>4:1=2,2:4>3:2=2,3:1>1:3=2,3:2>2:4=2,4:1>2:3=2,4:2>1:4=2	-	-
1790943322.2	running	36a19de79150792e	874016	0	0	1790943321.7018852		0	0	1:3>3:1=2,1:4>4:2=2,2:3>4:1=2,2:4>3:2=2,3:1>1:3=2,3:2>2:4=2,4:1>2:3=2,4:2>1:4=2	-	-
1790943323.2	running	36a19de79150792e	874016	0	0	1790943322.2028384		0	0	1:3>3:1=3,1:4>4:2=3,2:3>4:1=3,2:4>3:2=3,3:1>1:3=3,3:2>2:4=3,4:1>2:3=3,4:2>1:4=3	-	-
1790943324.2	running	36a19de79150792e	874016	0	0	1790943322.2028384		0	0	1:3>3:1=3,1:4>4:2=3,2:3>4:1=3,2:4>3:2=3,3:1>1:3=3,3:2>2:4=3,4:1>2:3=3,4:2>1:4=3	-	-
1790943325.2	running	36a19de79150792e	874016	0	0	1790943322.2028384		0	0	1:3>3:1=3,1:4>4:2=3,2:3>4:1=3,2:4>3:2=3,3:1>1:3=3,3:2>2:4=3,4:1>2:3=3,4:2>1:4=3	-	-
1790943326.2	running	36a19de79150792e	874016	0	0	1790943322.2028384		0	0	1:3>3:1=3,1:4>4:2=3,2:3>4:1=3,2:4>3:2=3,3:1>1:3=3,3:2>2:4=3,4:1>2:3=3,4:2>1:4=3	-	-
1790943327.2	running	36a19de79150792e	874016	0	0	1790943326.7008579		0	0	1:3>3:1=3,1:4>4:2=3,2:3>4:1=3,2:4>3:2=3,3:1>1:3=3,3:2>2:4=3,4:1>2:3=3,4:2>1:4=3	-	-
1790943328.2	running	36a19de79150792e	874016	0	0	1790943327.2016325		0	0	1:3>3:1=4,1:4>4:2=4,2:3>4:1=4,2:4>3:2=4,3:1>1:3=4,3:2>2:4=4,4:1>2:3=4,4:2>1:4=4	-	-
1790943329.2	running	36a19de79150792e	874016	0	0	1790943327.2016325		0	0	1:3>3:1=4,1:4>4:2=4,2:3>4:1=4,2:4>3:2=4,3:1>1:3=4,3:2>2:4=4,4:1>2:3=4,4:2>1:4=4	-	-
1790943330.2	running	36a19de79150792e	874016	0	0	1790943327.2016325		0	0	1:3>3:1=4,1:4>4:2=4,2:3>4:1=4,2:4>3:2=4,3:1>1:3=4,3:2>2:4=4,4:1>2:3=4,4:2>1:4=4	-	-
1790943331.2	running	36a19de79150792e	874016	0	0	1790943327.2016325		0	0	1:3>3:1=4,1:4>4:2=4,2:3>4:1=4,2:4>3:2=4,3:1>1:3=4,3:2>2:4=4,4:1>2:3=4,4:2>1:4=4	-	-
1790943332.2	running	36a19de79150792e	874016	0	0	1790943332.202771		0	0	1:3>3:1=5,1:4>4:2=5,2:3>4:1=5,2:4>3:2=5,3:1>1:3=5,3:2>2:4=5,4:1>2:3=5,4:2>1:4=5	-	-
1790943333.2	running	36a19de79150792e	874016	0	0	1790943332.202771		0	0	1:3>3:1=5,1:4>4:2=5,2:3>4:1=5,2:4>3:2=5,3:1>1:3=5,3:2>2:4=5,4:1>2:3=5,4:2>1:4=5	-	-
1790943334.2	running	36a19de79150792e	874016	0	0	1790943332.202771		0	0	1:3>3:1=5,1:4>4:2=5,2:3>4:1=5,2:4>3:2=5,3:1>1:3=5,3:2>2:4=5,4:1>2:3=5,4:2>1:4=5	-	-
1790943335.2	running	36a19de79150792e	874016	0	0	1790943332.202771		0	0	1:3>3:1=5,1:4>4:2=5,2:3>4:1=5,2:4>3:2=5,3:1>1:3=5,3:2>2:4=5,4:1>2:3=5,4:2>1:4=5	-	-
1790943336.2	running	36a19de79150792e	874016	0	0	1790943332.202771		0	0	1:3>3:1=5,1:4>4:2=5,2:3>4:1=5,2:4>3:2=5,3:1>1:3=5,3:2>2:4=5,4:1>2:3=5,4:2>1:4=5	-	-
1790943337.3	running	36a19de79150792e	874016	0	0	1790943337.2032735		0	0	1:3>3:1=6,1:4>4:2=6,2:3>4:1=6,2:4>3:2=6,3:1>1:3=6,3:2>2:4=6,4:1>2:3=6,4:2>1:4=6	-	-
1790943338.3	running	36a19de79150792e	874016	0	0	1790943337.2032735		0	0	1:3>3:1=6,1:4>4:2=6,2:3>4:1=6,2:4>3:2=6,3:1>1:3=6,3:2>2:4=6,4:1>2:3=6,4:2>1:4=6	-	-
1790943339.3	running	36a19de79150792e	874016	0	0	1790943337.2032735		0	0	1:3>3:1=6,1:4>4:2=6,2:3>4:1=6,2:4>3:2=6,3:1>1:3=6,3:2>2:4=6,4:1>2:3=6,4:2>1:4=6	-	-
1790943340.3	running	36a19de79150792e	874016	0	0	1790943337.2032735		0	0	1:3>3:1=6,1:4>4:2=6,2:3>4:1=6,2:4>3:2=6,3:1>1:3=6,3:2>2:4=6,4:1>2:3=6,4:2>1:4=6	-	-
1790943341.3	running	36a19de79150792e	874016	0	0	1790943337.2032735		0	0	1:3>3:1=6,1:4>4:2=6,2:3>4:1=6,2:4>3:2=6,3:1>1:3=6,3:2>2:4=6,4:1>2:3=6,4:2>1:4=6	-	-
1790943342.3	running	36a19de79150792e	874016	0	0	1790943342.2031488		0	0	1:3>3:1=7,1:4>4:2=7,2:3>4:1=7,2:4>3:2=7,3:1>1:3=7,3:2>2:4=7,4:1>2:3=7,4:2>1:4=7	-	-
1790943343.3	running	36a19de79150792e	874016	0	0	1790943342.2031488		0	0	1:3>3:1=7,1:4>4:2=7,2:3>4:1=7,2:4>3:2=7,3:1>1:3=7,3:2>2:4=7,4:1>2:3=7,4:2>1:4=7	-	-
1790943344.3	running	36a19de79150792e	874016	0	0	1790943342.2031488		0	0	1:3>3:1=7,1:4>4:2=7,2:3>4:1=7,2:4>3:2=7,3:1>1:3=7,3:2>2:4=7,4:1>2:3=7,4:2>1:4=7	-	-
1790943345.3	running	36a19de79150792e	874016	0	0	1790943342.2031488		0	0	1:3>3:1=7,1:4>4:2=7,2:3>4:1=7,2:4>3:2=7,3:1>1:3=7,3:2>2:4=7,4:1>2:3=7,4:2>1:4=7	-	-
1790943346.3	running	36a19de79150792e	874016	0	0	1790943342.2031488		0	0	1:3>3:1=7,1:4>4:2=7,2:3>4:1=7,2:4>3:2=7,3:1>1:3=7,3:2>2:4=7,4:1>2:3=7,4:2>1:4=7	-	-
1790943347.3	running	36a19de79150792e	874016	0	0	1790943347.202877		0	0	1:3>3:1=8,1:4>4:2=8,2:3>4:1=8,2:4>3:2=8,3:1>1:3=8,3:2>2:4=8,4:1>2:3=8,4:2>1:4=8	-	-
1790943348.3	running	36a19de79150792e	874016	0	0	1790943347.202877		0	0	1:3>3:1=8,1:4>4:2=8,2:3>4:1=8,2:4>3:2=8,3:1>1:3=8,3:2>2:4=8,4:1>2:3=8,4:2>1:4=8	-	-
1790943349.3	running	36a19de79150792e	874016	0	0	1790943347.202877		0	0	1:3>3:1=8,1:4>4:2=8,2:3>4:1=8,2:4>3:2=8,3:1>1:3=8,3:2>2:4=8,4:1>2:3=8,4:2>1:4=8	-	-
1790943350.3	running	36a19de79150792e	874016	0	0	1790943347.202877		0	0	1:3>3:1=8,1:4>4:2=8,2:3>4:1=8,2:4>3:2=8,3:1>1:3=8,3:2>2:4=8,4:1>2:3=8,4:2>1:4=8	-	-
1790943351.3	running	36a19de79150792e	874016	0	0	1790943347.202877		0	0	1:3>3:1=8,1:4>4:2=8,2:3>4:1=8,2:4>3:2=8,3:1>1:3=8,3:2>2:4=8,4:1>2:3=8,4:2>1:4=8	-	-
1790943352.3	running	36a19de79150792e	874016	0	0	1790943352.2035255		0	0	1:3>3:1=9,1:4>4:2=9,2:3>4:1=9,2:4>3:2=9,3:1>1:3=9,3:2>2:4=9,4:1>2:3=9,4:2>1:4=9	-	-
1790943353.3	running	36a19de79150792e	874016	0	0	1790943352.2035255		0	0	1:3>3:1=9,1:4>4:2=9,2:3>4:1=9,2:4>3:2=9,3:1>1:3=9,3:2>2:4=9,4:1>2:3=9,4:2>1:4=9	-	-
1790943354.3	running	36a19de79150792e	874016	0	0	1790943352.2035255		0	0	1:3>3:1=9,1:4>4:2=9,2:3>4:1=9,2:4>3:2=9,3:1>1:3=9,3:2>2:4=9,4:1>2:3=9,4:2>1:4=9	-	-
1790943355.4	running	36a19de79150792e	874016	0	0	1790943352.2035255		0	0	1:3>3:1=9,1:4>4:2=9,2:3>4:1=9,2:4>3:2=9,3:1>1:3=9,3:2>2:4=9,4:1>2:3=9,4:2>1:4=9	-	-
1790943356.4	running	36a19de79150792e	874016	0	0	1790943352.2035255		0	0	1:3>3:1=9,1:4>4:2=9,2:3>4:1=9,2:4>3:2=9,3:1>1:3=9,3:2>2:4=9,4:1>2:3=9,4:2>1:4=9	-	-
1790943357.4	running	36a19de79150792e	874016	0	0	1790943357.2019575		0	0	1:3>3:1=10,1:4>4:2=10,2:3>4:1=10,2:4>3:2=10,3:1>1:3=10,3:2>2:4=10,4:1>2:3=10,4:2>1:4=10	-	-
1790943358.4	running	36a19de79150792e	874016	0	0	1790943357.2019575		0	0	1:3>3:1=10,1:4>4:2=10,2:3>4:1=10,2:4>3:2=10,3:1>1:3=10,3:2>2:4=10,4:1>2:3=10,4:2>1:4=10	-	-
1790943359.4	running	36a19de79150792e	874016	0	0	1790943357.2019575		0	0	1:3>3:1=10,1:4>4:2=10,2:3>4:1=10,2:4>3:2=10,3:1>1:3=10,3:2>2:4=10,4:1>2:3=10,4:2>1:4=10	-	-
1790943360.4	running	36a19de79150792e	874016	0	0	1790943357.2019575		0	0	1:3>3:1=10,1:4>4:2=10,2:3>4:1=10,2:4>3:2=10,3:1>1:3=10,3:2>2:4=10,4:1>2:3=10,4:2>1:4=10	-	-
1790943361.4	running	36a19de79150792e	874016	0	0	1790943357.2019575		0	0	1:3>3:1=10,1:4>4:2=10,2:3>4:1=10,2:4>3:2=10,3:1>1:3=10,3:2>2:4=10,4:1>2:3=10,4:2>1:4=10	-	-
1790943362.4	running	36a19de79150792e	874016	0	0	1790943362.2026265		0	0	1:3>3:1=11,1:4>4:2=11,2:3>4:1=11,2:4>3:2=11,3:1>1:3=11,3:2>2:4=11,4:1>2:3=11,4:2>1:4=11	-	-
1790943363.4	running	36a19de79150792e	874016	0	0	1790943362.2026265		0	0	1:3>3:1=11,1:4>4:2=11,2:3>4:1=11,2:4>3:2=11,3:1>1:3=11,3:2>2:4=11,4:1>2:3=11,4:2>1:4=11	-	-
1790943364.4	running	36a19de79150792e	874016	0	0	1790943362.2026265		0	0	1:3>3:1=11,1:4>4:2=11,2:3>4:1=11,2:4>3:2=11,3:1>1:3=11,3:2>2:4=11,4:1>2:3=11,4:2>1:4=11	-	-
1790943365.4	running	36a19de79150792e	874016	0	0	1790943362.2026265		0	0	1:3>3:1=11,1:4>4:2=11,2:3>4:1=11,2:4>3:2=11,3:1>1:3=11,3:2>2:4=11,4:1>2:3=11,4:2>1:4=11	-	-
1790943366.4	running	36a19de79150792e	874016	0	0	1790943362.2026265		0	0	1:3>3:1=11,1:4>4:2=11,2:3>4:1=11,2:4>3:2=11,3:1>1:3=11,3:2>2:4=11,4:1>2:3=11,4:2>1:4=11	-	-
1790943367.4	running	36a19de79150792e	874016	0	0	1790943367.2008457		0	0	1:3>3:1=12,1:4>4:2=12,2:3>4:1=12,2:4>3:2=12,3:1>1:3=12,3:2>2:4=12,4:1>2:3=12,4:2>1:4=12	-	-
1790943368.4	running	36a19de79150792e	874016	0	0	1790943367.2008457		0	0	1:3>3:1=12,1:4>4:2=12,2:3>4:1=12,2:4>3:2=12,3:1>1:3=12,3:2>2:4=12,4:1>2:3=12,4:2>1:4=12	-	-
1790943369.4	running	36a19de79150792e	874016	0	0	1790943367.2008457		0	0	1:3>3:1=12,1:4>4:2=12,2:3>4:1=12,2:4>3:2=12,3:1>1:3=12,3:2>2:4=12,4:1>2:3=12,4:2>1:4=12	-	-
1790943370.5	running	36a19de79150792e	874016	0	0	1790943367.2008457		0	0	1:3>3:1=12,1:4>4:2=12,2:3>4:1=12,2:4>3:2=12,3:1>1:3=12,3:2>2:4=12,4:1>2:3=12,4:2>1:4=12	-	-
1790943371.5	running	36a19de79150792e	874016	0	0	1790943367.2008457		0	0	1:3>3:1=12,1:4>4:2=12,2:3>4:1=12,2:4>3:2=12,3:1>1:3=12,3:2>2:4=12,4:1>2:3=12,4:2>1:4=12	-	-
1790943372.5	running	36a19de79150792e	874016	0	0	1790943372.2037084		0	0	1:3>3:1=13,1:4>4:2=13,2:3>4:1=13,2:4>3:2=13,3:1>1:3=13,3:2>2:4=13,4:1>2:3=13,4:2>1:4=13	-	-
1790943373.5	running	36a19de79150792e	874016	0	0	1790943372.2037084		0	0	1:3>3:1=13,1:4>4:2=13,2:3>4:1=13,2:4>3:2=13,3:1>1:3=13,3:2>2:4=13,4:1>2:3=13,4:2>1:4=13	-	-
1790943374.5	running	36a19de79150792e	874016	0	0	1790943372.2037084		0	0	1:3>3:1=13,1:4>4:2=13,2:3>4:1=13,2:4>3:2=13,3:1>1:3=13,3:2>2:4=13,4:1>2:3=13,4:2>1:4=13	-	-
1790943375.5	running	36a19de79150792e	874016	0	0	1790943372.2037084		0	0	1:3>3:1=13,1:4>4:2=13,2:3>4:1=13,2:4>3:2=13,3:1>1:3=13,3:2>2:4=13,4:1>2:3=13,4:2>1:4=13	-	-
1790943376.5	running	36a19de79150792e	874016	0	0	1790943372.2037084		0	0	1:3>3:1=13,1:4>4:2=13,2:3>4:1=13,2:4>3:2=13,3:1>1:3=13,3:2>2:4=13,4:1>2:3=13,4:2>1:4=13	-	-
1790943377.5	running	36a19de79150792e	874016	0	0	1790943377.203051		0	0	1:3>3:1=14,1:4>4:2=14,2:3>4:1=14,2:4>3:2=14,3:1>1:3=14,3:2>2:4=14,4:1>2:3=14,4:2>1:4=14	-	-
1790943378.5	running	36a19de79150792e	874016	0	0	1790943377.203051		0	0	1:3>3:1=14,1:4>4:2=14,2:3>4:1=14,2:4>3:2=14,3:1>1:3=14,3:2>2:4=14,4:1>2:3=14,4:2>1:4=14	-	-
1790943379.5	running	36a19de79150792e	874016	0	0	1790943377.203051		0	0	1:3>3:1=14,1:4>4:2=14,2:3>4:1=14,2:4>3:2=14,3:1>1:3=14,3:2>2:4=14,4:1>2:3=14,4:2>1:4=14	-	-
1790943380.5	running	36a19de79150792e	874016	0	0	1790943377.203051		0	0	1:3>3:1=14,1:4>4:2=14,2:3>4:1=14,2:4>3:2=14,3:1>1:3=14,3:2>2:4=14,4:1>2:3=14,4:2>1:4=14	-	-
1790943381.5	running	36a19de79150792e	874016	0	0	1790943377.203051		0	0	1:3>3:1=14,1:4>4:2=14,2:3>4:1=14,2:4>3:2=14,3:1>1:3=14,3:2>2:4=14,4:1>2:3=14,4:2>1:4=14	-	-
1790943382.5	running	36a19de79150792e	874016	0	0	1790943382.2021458		0	0	1:3>3:1=15,1:4>4:2=15,2:3>4:1=15,2:4>3:2=15,3:1>1:3=15,3:2>2:4=15,4:1>2:3=15,4:2>1:4=15	-	-
1790943383.5	running	36a19de79150792e	874016	0	0	1790943382.2021458		0	0	1:3>3:1=15,1:4>4:2=15,2:3>4:1=15,2:4>3:2=15,3:1>1:3=15,3:2>2:4=15,4:1>2:3=15,4:2>1:4=15	-	-
1790943384.5	running	36a19de79150792e	874016	0	0	1790943382.2021458		0	0	1:3>3:1=15,1:4>4:2=15,2:3>4:1=15,2:4>3:2=15,3:1>1:3=15,3:2>2:4=15,4:1>2:3=15,4:2>1:4=15	-	-
1790943385.5	running	36a19de79150792e	874016	0	0	1790943382.2021458		0	0	1:3>3:1=15,1:4>4:2=15,2:3>4:1=15,2:4>3:2=15,3:1>1:3=15,3:2>2:4=15,4:1>2:3=15,4:2>1:4=15	-	-
1790943386.5	running	36a19de79150792e	874016	0	0	1790943382.2021458		0	0	1:3>3:1=15,1:4>4:2=15,2:3>4:1=15,2:4>3:2=15,3:1>1:3=15,3:2>2:4=15,4:1>2:3=15,4:2>1:4=15	-	-
1790943387.5	running	36a19de79150792e	874016	0	0	1790943387.2039268		0	0	1:3>3:1=16,1:4>4:2=16,2:3>4:1=16,2:4>3:2=16,3:1>1:3=16,3:2>2:4=16,4:1>2:3=16,4:2>1:4=16	-	-
1790943388.6	running	36a19de79150792e	874016	0	0	1790943387.2039268		0	0	1:3>3:1=16,1:4>4:2=16,2:3>4:1=16,2:4>3:2=16,3:1>1:3=16,3:2>2:4=16,4:1>2:3=16,4:2>1:4=16	-	-
1790943389.6	running	36a19de79150792e	874016	0	0	1790943387.2039268		0	0	1:3>3:1=16,1:4>4:2=16,2:3>4:1=16,2:4>3:2=16,3:1>1:3=16,3:2>2:4=16,4:1>2:3=16,4:2>1:4=16	-	-
1790943390.6	running	36a19de79150792e	874016	0	0	1790943387.2039268		0	0	1:3>3:1=16,1:4>4:2=16,2:3>4:1=16,2:4>3:2=16,3:1>1:3=16,3:2>2:4=16,4:1>2:3=16,4:2>1:4=16	-	-
1790943391.6	running	36a19de79150792e	874016	0	0	1790943387.2039268		0	0	1:3>3:1=16,1:4>4:2=16,2:3>4:1=16,2:4>3:2=16,3:1>1:3=16,3:2>2:4=16,4:1>2:3=16,4:2>1:4=16	-	-
1790943392.6	running	36a19de79150792e	874016	0	0	1790943392.203741		0	0	1:3>3:1=17,1:4>4:2=17,2:3>4:1=17,2:4>3:2=17,3:1>1:3=17,3:2>2:4=17,4:1>2:3=17,4:2>1:4=17	-	-
1790943393.6	running	36a19de79150792e	874016	0	0	1790943392.203741		0	0	1:3>3:1=17,1:4>4:2=17,2:3>4:1=17,2:4>3:2=17,3:1>1:3=17,3:2>2:4=17,4:1>2:3=17,4:2>1:4=17	-	-
1790943394.6	running	36a19de79150792e	874016	0	0	1790943392.203741		0	0	1:3>3:1=17,1:4>4:2=17,2:3>4:1=17,2:4>3:2=17,3:1>1:3=17,3:2>2:4=17,4:1>2:3=17,4:2>1:4=17	-	-
1790943395.6	running	36a19de79150792e	874016	0	0	1790943392.203741		0	0	1:3>3:1=17,1:4>4:2=17,2:3>4:1=17,2:4>3:2=17,3:1>1:3=17,3:2>2:4=17,4:1>2:3=17,4:2>1:4=17	-	-
1790943396.6	running	36a19de79150792e	874016	0	0	1790943392.203741		0	0	1:3>3:1=17,1:4>4:2=17,2:3>4:1=17,2:4>3:2=17,3:1>1:3=17,3:2>2:4=17,4:1>2:3=17,4:2>1:4=17	-	-
1790943397.6	running	36a19de79150792e	874016	0	0	1790943397.2035892		0	0	1:3>3:1=18,1:4>4:2=18,2:3>4:1=18,2:4>3:2=18,3:1>1:3=18,3:2>2:4=18,4:1>2:3=18,4:2>1:4=18	-	-
1790943398.6	running	36a19de79150792e	874016	0	0	1790943397.2035892		0	0	1:3>3:1=18,1:4>4:2=18,2:3>4:1=18,2:4>3:2=18,3:1>1:3=18,3:2>2:4=18,4:1>2:3=18,4:2>1:4=18	-	-
1790943399.6	running	36a19de79150792e	874016	0	0	1790943397.2035892		0	0	1:3>3:1=18,1:4>4:2=18,2:3>4:1=18,2:4>3:2=18,3:1>1:3=18,3:2>2:4=18,4:1>2:3=18,4:2>1:4=18	-	-
1790943400.6	running	36a19de79150792e	874016	0	0	1790943397.2035892		0	0	1:3>3:1=18,1:4>4:2=18,2:3>4:1=18,2:4>3:2=18,3:1>1:3=18,3:2>2:4=18,4:1>2:3=18,4:2>1:4=18	-	-
1790943401.6	running	36a19de79150792e	874016	0	0	1790943397.2035892		0	0	1:3>3:1=18,1:4>4:2=18,2:3>4:1=18,2:4>3:2=18,3:1>1:3=18,3:2>2:4=18,4:1>2:3=18,4:2>1:4=18	-	-
1790943402.6	running	36a19de79150792e	874016	0	0	1790943402.203326		0	0	1:3>3:1=19,1:4>4:2=19,2:3>4:1=19,2:4>3:2=19,3:1>1:3=19,3:2>2:4=19,4:1>2:3=19,4:2>1:4=19	-	-
1790943403.6	running	36a19de79150792e	874016	0	0	1790943402.203326		0	0	1:3>3:1=19,1:4>4:2=19,2:3>4:1=19,2:4>3:2=19,3:1>1:3=19,3:2>2:4=19,4:1>2:3=19,4:2>1:4=19	-	-
1790943404.6	stopped	36a19de79150792e	874016	0	0	1790943404.2655988	stopped by SIGTERM	0	0	1:3>3:1=19,1:4>4:2=19,2:3>4:1=19,2:4>3:2=19,3:1>1:3=19,3:2>2:4=19,4:1>2:3=19,4:2>1:4=19	-	-
1790943405.7	stopped	36a19de79150792e	874016	0	0	1790943404.2655988	stopped by SIGTERM	0	0	1:3>3:1=19,1:4>4:2=19,2:3>4:1=19,2:4>3:2=19,3:1>1:3=19,3:2>2:4=19,4:1>2:3=19,4:2>1:4=19	-	-
1790943406.7	stopped	36a19de79150792e	874016	0	0	1790943404.2655988	stopped by SIGTERM	0	0	1:3>3:1=19,1:4>4:2=19,2:3>4:1=19,2:4>3:2=19,3:1>1:3=19,3:2>2:4=19,4:1>2:3=19,4:2>1:4=19	-	-
1790943407.7	stopped	36a19de79150792e	874016	0	0	1790943404.2655988	stopped by SIGTERM	0	0	1:3>3:1=19,1:4>4:2=19,2:3>4:1=19,2:4>3:2=19,3:1>1:3=19,3:2>2:4=19,4:1>2:3=19,4:2>1:4=19	-	-
1790943408.7	stopped	36a19de79150792e	874016	0	0	1790943404.2655988	stopped by SIGTERM	0	0	1:3>3:1=19,1:4>4:2=19,2:3>4:1=19,2:4>3:2=19,3:1>1:3=19,3:2>2:4=19,4:1>2:3=19,4:2>1:4=19	-	-
1790943409.7	stopped	36a19de79150792e	874016	0	0	1790943404.2655988	stopped by SIGTERM	0	0	1:3>3:1=19,1:4>4:2=19,2:3>4:1=19,2:4>3:2=19,3:1>1:3=19,3:2>2:4=19,4:1>2:3=19,4:2>1:4=19	-	-
1790943410.7	stopped	36a19de79150792e	874016	0	0	1790943404.2655988	stopped by SIGTERM	0	0	1:3>3:1=19,1:4>4:2=19,2:3>4:1=19,2:4>3:2=19,3:1>1:3=19,3:2>2:4=19,4:1>2:3=19,4:2>1:4=19	-	-
1790943411.7	stopped	36a19de79150792e	874016	0	0	1790943404.2655988	stopped by SIGTERM	0	0	1:3>3:1=19,1:4>4:2=19,2:3>4:1=19,2:4>3:2=19,3:1>1:3=19,3:2>2:4=19,4:1>2:3=19,4:2>1:4=19	-	-
1790943412.7	stopped	36a19de79150792e	874016	0	0	1790943404.2655988	stopped by SIGTERM	0	0	1:3>3:1=19,1:4>4:2=19,2:3>4:1=19,2:4>3:2=19,3:1>1:3=19,3:2>2:4=19,4:1>2:3=19,4:2>1:4=19	-	-
1790943413.7	stopped	36a19de79150792e	874016	0	0	1790943404.2655988	stopped by SIGTERM	0	0	1:3>3:1=19,1:4>4:2=19,2:3>4:1=19,2:4>3:2=19,3:1>1:3=19,3:2>2:4=19,4:1>2:3=19,4:2>1:4=19	-	-
1790943414.7	running	dc2531416b4aa90f	877893	0	0	1790943414.2471237		0	0	1:3>3:1=0,1:4>4:2=0,2:3>4:1=0,2:4>3:2=0,3:1>1:3=0,3:2>2:4=0,4:1>2:3=0,4:2>1:4=0	-	-
1790943415.7	running	dc2531416b4aa90f	877893	0	0	1790943414.7479594		0	0	1:3>3:1=1,1:4>4:2=1,2:3>4:1=1,2:4>3:2=1,3:1>1:3=1,3:2>2:4=1,4:1>2:3=1,4:2>1:4=1	-	-
1790943416.7	running	dc2531416b4aa90f	877893	0	0	1790943414.7479594		0	0	1:3>3:1=1,1:4>4:2=1,2:3>4:1=1,2:4>3:2=1,3:1>1:3=1,3:2>2:4=1,4:1>2:3=1,4:2>1:4=1	-	-
1790943417.7	running	dc2531416b4aa90f	877893	0	0	1790943414.7479594		0	0	1:3>3:1=1,1:4>4:2=1,2:3>4:1=1,2:4>3:2=1,3:1>1:3=1,3:2>2:4=1,4:1>2:3=1,4:2>1:4=1	-	-
1790943418.7	running	dc2531416b4aa90f	877893	0	0	1790943414.7479594		0	0	1:3>3:1=1,1:4>4:2=1,2:3>4:1=1,2:4>3:2=1,3:1>1:3=1,3:2>2:4=1,4:1>2:3=1,4:2>1:4=1	-	-
1790943419.7	running	dc2531416b4aa90f	877893	0	0	1790943419.2524812		0	0	1:3>3:1=1,1:4>4:2=1,2:3>4:1=1,2:4>3:2=1,3:1>1:3=1,3:2>2:4=1,4:1>2:3=1,4:2>1:4=1	-	-
1790943420.7	running	dc2531416b4aa90f	877893	0	0	1790943419.7534783		0	0	1:3>3:1=2,1:4>4:2=2,2:3>4:1=2,2:4>3:2=2,3:1>1:3=2,3:2>2:4=2,4:1>2:3=2,4:2>1:4=2	-	-
1790943421.7	running	dc2531416b4aa90f	877893	0	0	1790943419.7534783		0	0	1:3>3:1=2,1:4>4:2=2,2:3>4:1=2,2:4>3:2=2,3:1>1:3=2,3:2>2:4=2,4:1>2:3=2,4:2>1:4=2	-	-
1790943422.8	running	dc2531416b4aa90f	877893	0	0	1790943419.7534783		0	0	1:3>3:1=2,1:4>4:2=2,2:3>4:1=2,2:4>3:2=2,3:1>1:3=2,3:2>2:4=2,4:1>2:3=2,4:2>1:4=2	-	-
1790943423.8	running	dc2531416b4aa90f	877893	0	0	1790943419.7534783		0	0	1:3>3:1=2,1:4>4:2=2,2:3>4:1=2,2:4>3:2=2,3:1>1:3=2,3:2>2:4=2,4:1>2:3=2,4:2>1:4=2	-	-
1790943424.8	running	dc2531416b4aa90f	877893	0	0	1790943424.75336		0	0	1:3>3:1=3,1:4>4:2=3,2:3>4:1=3,2:4>3:2=3,3:1>1:3=3,3:2>2:4=3,4:1>2:3=3,4:2>1:4=3	-	-
1790943425.8	running	dc2531416b4aa90f	877893	0	0	1790943424.75336		0	0	1:3>3:1=3,1:4>4:2=3,2:3>4:1=3,2:4>3:2=3,3:1>1:3=3,3:2>2:4=3,4:1>2:3=3,4:2>1:4=3	-	-
1790943426.8	running	dc2531416b4aa90f	877893	0	0	1790943424.75336		0	0	1:3>3:1=3,1:4>4:2=3,2:3>4:1=3,2:4>3:2=3,3:1>1:3=3,3:2>2:4=3,4:1>2:3=3,4:2>1:4=3	-	-
1790943427.8	running	dc2531416b4aa90f	877893	0	0	1790943424.75336		0	0	1:3>3:1=3,1:4>4:2=3,2:3>4:1=3,2:4>3:2=3,3:1>1:3=3,3:2>2:4=3,4:1>2:3=3,4:2>1:4=3	-	-
1790943428.8	running	dc2531416b4aa90f	877893	0	0	1790943424.75336		0	0	1:3>3:1=3,1:4>4:2=3,2:3>4:1=3,2:4>3:2=3,3:1>1:3=3,3:2>2:4=3,4:1>2:3=3,4:2>1:4=3	-	-
1790943429.8	running	dc2531416b4aa90f	877893	0	0	1790943429.7523742		0	0	1:3>3:1=4,1:4>4:2=4,2:3>4:1=4,2:4>3:2=4,3:1>1:3=4,3:2>2:4=4,4:1>2:3=4,4:2>1:4=4	-	-
1790943430.8	running	dc2531416b4aa90f	877893	0	0	1790943429.7523742		0	0	1:3>3:1=4,1:4>4:2=4,2:3>4:1=4,2:4>3:2=4,3:1>1:3=4,3:2>2:4=4,4:1>2:3=4,4:2>1:4=4	-	-
1790943431.8	running	dc2531416b4aa90f	877893	0	0	1790943429.7523742		0	0	1:3>3:1=4,1:4>4:2=4,2:3>4:1=4,2:4>3:2=4,3:1>1:3=4,3:2>2:4=4,4:1>2:3=4,4:2>1:4=4	-	-
1790943432.8	running	dc2531416b4aa90f	877893	0	0	1790943429.7523742		0	0	1:3>3:1=4,1:4>4:2=4,2:3>4:1=4,2:4>3:2=4,3:1>1:3=4,3:2>2:4=4,4:1>2:3=4,4:2>1:4=4	-	-
1790943433.8	running	dc2531416b4aa90f	877893	0	0	1790943429.7523742		0	0	1:3>3:1=4,1:4>4:2=4,2:3>4:1=4,2:4>3:2=4,3:1>1:3=4,3:2>2:4=4,4:1>2:3=4,4:2>1:4=4	-	-
1790943434.8	running	dc2531416b4aa90f	877893	0	0	1790943434.7531226		0	0	1:3>3:1=5,1:4>4:2=5,2:3>4:1=5,2:4>3:2=5,3:1>1:3=5,3:2>2:4=5,4:1>2:3=5,4:2>1:4=5	-	-
1790943435.8	running	dc2531416b4aa90f	877893	0	0	1790943434.7531226		0	0	1:3>3:1=5,1:4>4:2=5,2:3>4:1=5,2:4>3:2=5,3:1>1:3=5,3:2>2:4=5,4:1>2:3=5,4:2>1:4=5	-	-
1790943436.8	running	dc2531416b4aa90f	877893	0	0	1790943434.7531226		0	0	1:3>3:1=5,1:4>4:2=5,2:3>4:1=5,2:4>3:2=5,3:1>1:3=5,3:2>2:4=5,4:1>2:3=5,4:2>1:4=5	-	-
1790943437.8	running	dc2531416b4aa90f	877893	0	0	1790943434.7531226		0	0	1:3>3:1=5,1:4>4:2=5,2:3>4:1=5,2:4>3:2=5,3:1>1:3=5,3:2>2:4=5,4:1>2:3=5,4:2>1:4=5	-	-
1790943438.9	running	dc2531416b4aa90f	877893	0	0	1790943434.7531226		0	0	1:3>3:1=5,1:4>4:2=5,2:3>4:1=5,2:4>3:2=5,3:1>1:3=5,3:2>2:4=5,4:1>2:3=5,4:2>1:4=5	-	-
1790943439.9	running	dc2531416b4aa90f	877893	0	0	1790943439.753466		0	0	1:3>3:1=6,1:4>4:2=6,2:3>4:1=6,2:4>3:2=6,3:1>1:3=6,3:2>2:4=6,4:1>2:3=6,4:2>1:4=6	-	-
1790943440.9	running	dc2531416b4aa90f	877893	0	0	1790943439.753466		0	0	1:3>3:1=6,1:4>4:2=6,2:3>4:1=6,2:4>3:2=6,3:1>1:3=6,3:2>2:4=6,4:1>2:3=6,4:2>1:4=6	-	-
1790943441.9	running	dc2531416b4aa90f	877893	0	0	1790943439.753466		0	0	1:3>3:1=6,1:4>4:2=6,2:3>4:1=6,2:4>3:2=6,3:1>1:3=6,3:2>2:4=6,4:1>2:3=6,4:2>1:4=6	-	-
1790943442.9	running	dc2531416b4aa90f	877893	0	0	1790943439.753466		0	0	1:3>3:1=6,1:4>4:2=6,2:3>4:1=6,2:4>3:2=6,3:1>1:3=6,3:2>2:4=6,4:1>2:3=6,4:2>1:4=6	-	-
1790943443.9	running	dc2531416b4aa90f	877893	0	0	1790943439.753466		0	0	1:3>3:1=6,1:4>4:2=6,2:3>4:1=6,2:4>3:2=6,3:1>1:3=6,3:2>2:4=6,4:1>2:3=6,4:2>1:4=6	-	-
1790943444.9	running	dc2531416b4aa90f	877893	0	0	1790943444.75322		0	0	1:3>3:1=7,1:4>4:2=7,2:3>4:1=7,2:4>3:2=7,3:1>1:3=7,3:2>2:4=7,4:1>2:3=7,4:2>1:4=7	-	-
1790943445.9	running	dc2531416b4aa90f	877893	0	0	1790943444.75322		0	0	1:3>3:1=7,1:4>4:2=7,2:3>4:1=7,2:4>3:2=7,3:1>1:3=7,3:2>2:4=7,4:1>2:3=7,4:2>1:4=7	-	-
1790943446.9	running	dc2531416b4aa90f	877893	0	0	1790943444.75322		0	0	1:3>3:1=7,1:4>4:2=7,2:3>4:1=7,2:4>3:2=7,3:1>1:3=7,3:2>2:4=7,4:1>2:3=7,4:2>1:4=7	-	-
1790943447.9	running	dc2531416b4aa90f	877893	0	0	1790943444.75322		0	0	1:3>3:1=7,1:4>4:2=7,2:3>4:1=7,2:4>3:2=7,3:1>1:3=7,3:2>2:4=7,4:1>2:3=7,4:2>1:4=7	-	-
1790943448.9	running	dc2531416b4aa90f	877893	0	0	1790943444.75322		0	0	1:3>3:1=7,1:4>4:2=7,2:3>4:1=7,2:4>3:2=7,3:1>1:3=7,3:2>2:4=7,4:1>2:3=7,4:2>1:4=7	-	-
1790943449.9	running	dc2531416b4aa90f	877893	0	0	1790943449.7529883		0	0	1:3>3:1=8,1:4>4:2=8,2:3>4:1=8,2:4>3:2=8,3:1>1:3=8,3:2>2:4=8,4:1>2:3=8,4:2>1:4=8	-	-
1790943450.9	running	dc2531416b4aa90f	877893	0	0	1790943449.7529883		0	0	1:3>3:1=8,1:4>4:2=8,2:3>4:1=8,2:4>3:2=8,3:1>1:3=8,3:2>2:4=8,4:1>2:3=8,4:2>1:4=8	-	-
1790943451.9	running	dc2531416b4aa90f	877893	0	0	1790943449.7529883		0	0	1:3>3:1=8,1:4>4:2=8,2:3>4:1=8,2:4>3:2=8,3:1>1:3=8,3:2>2:4=8,4:1>2:3=8,4:2>1:4=8	-	-
1790943452.9	running	dc2531416b4aa90f	877893	0	0	1790943449.7529883		0	0	1:3>3:1=8,1:4>4:2=8,2:3>4:1=8,2:4>3:2=8,3:1>1:3=8,3:2>2:4=8,4:1>2:3=8,4:2>1:4=8	-	-
1790943453.9	running	dc2531416b4aa90f	877893	0	0	1790943449.7529883		0	0	1:3>3:1=8,1:4>4:2=8,2:3>4:1=8,2:4>3:2=8,3:1>1:3=8,3:2>2:4=8,4:1>2:3=8,4:2>1:4=8	-	-
1790943454.9	running	dc2531416b4aa90f	877893	0	0	1790943454.753628		0	0	1:3>3:1=9,1:4>4:2=9,2:3>4:1=9,2:4>3:2=9,3:1>1:3=9,3:2>2:4=9,4:1>2:3=9,4:2>1:4=9	-	-
1790943455.9	running	dc2531416b4aa90f	877893	0	0	1790943454.753628		0	0	1:3>3:1=9,1:4>4:2=9,2:3>4:1=9,2:4>3:2=9,3:1>1:3=9,3:2>2:4=9,4:1>2:3=9,4:2>1:4=9	-	-
1790943457.0	running	dc2531416b4aa90f	877893	0	0	1790943454.753628		0	0	1:3>3:1=9,1:4>4:2=9,2:3>4:1=9,2:4>3:2=9,3:1>1:3=9,3:2>2:4=9,4:1>2:3=9,4:2>1:4=9	-	-
1790943458.0	running	dc2531416b4aa90f	877893	0	0	1790943454.753628		0	0	1:3>3:1=9,1:4>4:2=9,2:3>4:1=9,2:4>3:2=9,3:1>1:3=9,3:2>2:4=9,4:1>2:3=9,4:2>1:4=9	-	-
1790943459.0	running	dc2531416b4aa90f	877893	0	0	1790943454.753628		0	0	1:3>3:1=9,1:4>4:2=9,2:3>4:1=9,2:4>3:2=9,3:1>1:3=9,3:2>2:4=9,4:1>2:3=9,4:2>1:4=9	-	-
1790943460.0	running	dc2531416b4aa90f	877893	0	0	1790943459.753365		0	0	1:3>3:1=10,1:4>4:2=10,2:3>4:1=10,2:4>3:2=10,3:1>1:3=10,3:2>2:4=10,4:1>2:3=10,4:2>1:4=10	-	-
1790943461.0	running	dc2531416b4aa90f	877893	0	0	1790943459.753365		0	0	1:3>3:1=10,1:4>4:2=10,2:3>4:1=10,2:4>3:2=10,3:1>1:3=10,3:2>2:4=10,4:1>2:3=10,4:2>1:4=10	-	-
1790943462.0	running	dc2531416b4aa90f	877893	0	0	1790943459.753365		0	0	1:3>3:1=10,1:4>4:2=10,2:3>4:1=10,2:4>3:2=10,3:1>1:3=10,3:2>2:4=10,4:1>2:3=10,4:2>1:4=10	-	-
1790943463.0	running	dc2531416b4aa90f	877893	0	0	1790943459.753365		0	0	1:3>3:1=10,1:4>4:2=10,2:3>4:1=10,2:4>3:2=10,3:1>1:3=10,3:2>2:4=10,4:1>2:3=10,4:2>1:4=10	-	-
1790943464.0	running	dc2531416b4aa90f	877893	0	0	1790943459.753365		0	0	1:3>3:1=10,1:4>4:2=10,2:3>4:1=10,2:4>3:2=10,3:1>1:3=10,3:2>2:4=10,4:1>2:3=10,4:2>1:4=10	-	-
1790943465.0	running	dc2531416b4aa90f	877893	0	0	1790943464.752688		0	0	1:3>3:1=11,1:4>4:2=11,2:3>4:1=11,2:4>3:2=11,3:1>1:3=11,3:2>2:4=11,4:1>2:3=11,4:2>1:4=11	-	-
1790943466.0	running	dc2531416b4aa90f	877893	0	0	1790943464.752688		0	0	1:3>3:1=11,1:4>4:2=11,2:3>4:1=11,2:4>3:2=11,3:1>1:3=11,3:2>2:4=11,4:1>2:3=11,4:2>1:4=11	-	-
1790943467.0	running	dc2531416b4aa90f	877893	0	0	1790943464.752688		0	0	1:3>3:1=11,1:4>4:2=11,2:3>4:1=11,2:4>3:2=11,3:1>1:3=11,3:2>2:4=11,4:1>2:3=11,4:2>1:4=11	-	-
1790943468.0	running	dc2531416b4aa90f	877893	0	0	1790943464.752688		0	0	1:3>3:1=11,1:4>4:2=11,2:3>4:1=11,2:4>3:2=11,3:1>1:3=11,3:2>2:4=11,4:1>2:3=11,4:2>1:4=11	-	-
1790943469.0	running	dc2531416b4aa90f	877893	0	0	1790943464.752688		0	0	1:3>3:1=11,1:4>4:2=11,2:3>4:1=11,2:4>3:2=11,3:1>1:3=11,3:2>2:4=11,4:1>2:3=11,4:2>1:4=11	-	-
1790943470.0	running	dc2531416b4aa90f	877893	0	0	1790943469.7526367		0	0	1:3>3:1=12,1:4>4:2=12,2:3>4:1=12,2:4>3:2=12,3:1>1:3=12,3:2>2:4=12,4:1>2:3=12,4:2>1:4=12	-	-
1790943471.0	running	dc2531416b4aa90f	877893	0	0	1790943469.7526367		0	0	1:3>3:1=12,1:4>4:2=12,2:3>4:1=12,2:4>3:2=12,3:1>1:3=12,3:2>2:4=12,4:1>2:3=12,4:2>1:4=12	-	-
1790943472.0	running	dc2531416b4aa90f	877893	0	0	1790943469.7526367		0	0	1:3>3:1=12,1:4>4:2=12,2:3>4:1=12,2:4>3:2=12,3:1>1:3=12,3:2>2:4=12,4:1>2:3=12,4:2>1:4=12	-	-
1790943473.0	running	dc2531416b4aa90f	877893	0	0	1790943469.7526367		0	0	1:3>3:1=12,1:4>4:2=12,2:3>4:1=12,2:4>3:2=12,3:1>1:3=12,3:2>2:4=12,4:1>2:3=12,4:2>1:4=12	-	-
1790943474.1	running	dc2531416b4aa90f	877893	0	0	1790943469.7526367		0	0	1:3>3:1=12,1:4>4:2=12,2:3>4:1=12,2:4>3:2=12,3:1>1:3=12,3:2>2:4=12,4:1>2:3=12,4:2>1:4=12	-	-
1790943475.1	running	dc2531416b4aa90f	877893	0	0	1790943474.7496426		0	0	1:3>3:1=13,1:4>4:2=13,2:3>4:1=13,2:4>3:2=13,3:1>1:3=13,3:2>2:4=13,4:1>2:3=13,4:2>1:4=13	-	-
1790943476.1	running	dc2531416b4aa90f	877893	0	0	1790943474.7496426		0	0	1:3>3:1=13,1:4>4:2=13,2:3>4:1=13,2:4>3:2=13,3:1>1:3=13,3:2>2:4=13,4:1>2:3=13,4:2>1:4=13	-	-
1790943477.1	running	dc2531416b4aa90f	877893	0	0	1790943474.7496426		0	0	1:3>3:1=13,1:4>4:2=13,2:3>4:1=13,2:4>3:2=13,3:1>1:3=13,3:2>2:4=13,4:1>2:3=13,4:2>1:4=13	-	-
1790943478.1	running	dc2531416b4aa90f	877893	0	0	1790943474.7496426		0	0	1:3>3:1=13,1:4>4:2=13,2:3>4:1=13,2:4>3:2=13,3:1>1:3=13,3:2>2:4=13,4:1>2:3=13,4:2>1:4=13	-	-
1790943479.1	running	dc2531416b4aa90f	877893	0	0	1790943474.7496426		0	0	1:3>3:1=13,1:4>4:2=13,2:3>4:1=13,2:4>3:2=13,3:1>1:3=13,3:2>2:4=13,4:1>2:3=13,4:2>1:4=13	-	-
1790943480.1	running	dc2531416b4aa90f	877893	0	0	1790943479.7536223		0	0	1:3>3:1=14,1:4>4:2=14,2:3>4:1=14,2:4>3:2=14,3:1>1:3=14,3:2>2:4=14,4:1>2:3=14,4:2>1:4=14	-	-
1790943481.1	running	dc2531416b4aa90f	877893	0	0	1790943479.7536223		0	0	1:3>3:1=14,1:4>4:2=14,2:3>4:1=14,2:4>3:2=14,3:1>1:3=14,3:2>2:4=14,4:1>2:3=14,4:2>1:4=14	-	-
1790943482.1	running	dc2531416b4aa90f	877893	0	0	1790943479.7536223		0	0	1:3>3:1=14,1:4>4:2=14,2:3>4:1=14,2:4>3:2=14,3:1>1:3=14,3:2>2:4=14,4:1>2:3=14,4:2>1:4=14	-	-
1790943483.1	running	dc2531416b4aa90f	877893	0	0	1790943479.7536223		0	0	1:3>3:1=14,1:4>4:2=14,2:3>4:1=14,2:4>3:2=14,3:1>1:3=14,3:2>2:4=14,4:1>2:3=14,4:2>1:4=14	-	-
1790943484.1	running	dc2531416b4aa90f	877893	0	0	1790943479.7536223		0	0	1:3>3:1=14,1:4>4:2=14,2:3>4:1=14,2:4>3:2=14,3:1>1:3=14,3:2>2:4=14,4:1>2:3=14,4:2>1:4=14	-	-
1790943485.1	running	dc2531416b4aa90f	877893	0	0	1790943484.7533348		0	0	1:3>3:1=15,1:4>4:2=15,2:3>4:1=15,2:4>3:2=15,3:1>1:3=15,3:2>2:4=15,4:1>2:3=15,4:2>1:4=15	-	-
1790943486.1	running	dc2531416b4aa90f	877893	0	0	1790943484.7533348		0	0	1:3>3:1=15,1:4>4:2=15,2:3>4:1=15,2:4>3:2=15,3:1>1:3=15,3:2>2:4=15,4:1>2:3=15,4:2>1:4=15	-	-
1790943487.1	running	dc2531416b4aa90f	877893	0	0	1790943484.7533348		0	0	1:3>3:1=15,1:4>4:2=15,2:3>4:1=15,2:4>3:2=15,3:1>1:3=15,3:2>2:4=15,4:1>2:3=15,4:2>1:4=15	-	-
1790943488.1	running	dc2531416b4aa90f	877893	0	0	1790943484.7533348		0	0	1:3>3:1=15,1:4>4:2=15,2:3>4:1=15,2:4>3:2=15,3:1>1:3=15,3:2>2:4=15,4:1>2:3=15,4:2>1:4=15	-	-
1790943489.1	running	dc2531416b4aa90f	877893	0	0	1790943484.7533348		0	0	1:3>3:1=15,1:4>4:2=15,2:3>4:1=15,2:4>3:2=15,3:1>1:3=15,3:2>2:4=15,4:1>2:3=15,4:2>1:4=15	-	-
1790943490.1	running	dc2531416b4aa90f	877893	0	0	1790943489.7533212		0	0	1:3>3:1=16,1:4>4:2=16,2:3>4:1=16,2:4>3:2=16,3:1>1:3=16,3:2>2:4=16,4:1>2:3=16,4:2>1:4=16	-	-
1790943491.1	running	dc2531416b4aa90f	877893	0	0	1790943489.7533212		0	0	1:3>3:1=16,1:4>4:2=16,2:3>4:1=16,2:4>3:2=16,3:1>1:3=16,3:2>2:4=16,4:1>2:3=16,4:2>1:4=16	-	-
1790943492.2	running	dc2531416b4aa90f	877893	0	0	1790943489.7533212		0	0	1:3>3:1=16,1:4>4:2=16,2:3>4:1=16,2:4>3:2=16,3:1>1:3=16,3:2>2:4=16,4:1>2:3=16,4:2>1:4=16	-	-
1790943493.2	running	dc2531416b4aa90f	877893	0	0	1790943489.7533212		0	0	1:3>3:1=16,1:4>4:2=16,2:3>4:1=16,2:4>3:2=16,3:1>1:3=16,3:2>2:4=16,4:1>2:3=16,4:2>1:4=16	-	-
1790943494.2	running	dc2531416b4aa90f	877893	0	0	1790943489.7533212		0	0	1:3>3:1=16,1:4>4:2=16,2:3>4:1=16,2:4>3:2=16,3:1>1:3=16,3:2>2:4=16,4:1>2:3=16,4:2>1:4=16	-	-
1790943495.2	running	dc2531416b4aa90f	877893	0	0	1790943494.7535563		0	0	1:3>3:1=17,1:4>4:2=17,2:3>4:1=17,2:4>3:2=17,3:1>1:3=17,3:2>2:4=17,4:1>2:3=17,4:2>1:4=17	-	-
1790943496.2	running	dc2531416b4aa90f	877893	0	0	1790943494.7535563		0	0	1:3>3:1=17,1:4>4:2=17,2:3>4:1=17,2:4>3:2=17,3:1>1:3=17,3:2>2:4=17,4:1>2:3=17,4:2>1:4=17	-	-
1790943497.2	running	dc2531416b4aa90f	877893	0	0	1790943494.7535563		0	0	1:3>3:1=17,1:4>4:2=17,2:3>4:1=17,2:4>3:2=17,3:1>1:3=17,3:2>2:4=17,4:1>2:3=17,4:2>1:4=17	-	-
1790943498.2	stopped	dc2531416b4aa90f	877893	0	0	1790943497.5400288	stopped by SIGTERM	0	0	1:3>3:1=17,1:4>4:2=17,2:3>4:1=17,2:4>3:2=17,3:1>1:3=17,3:2>2:4=17,4:1>2:3=17,4:2>1:4=17	-	-
1790943499.2	stopped	dc2531416b4aa90f	877893	0	0	1790943497.5400288	stopped by SIGTERM	0	0	1:3>3:1=17,1:4>4:2=17,2:3>4:1=17,2:4>3:2=17,3:1>1:3=17,3:2>2:4=17,4:1>2:3=17,4:2>1:4=17	-	-
1790943500.2	stopped	dc2531416b4aa90f	877893	0	0	1790943497.5400288	stopped by SIGTERM	0	0	1:3>3:1=17,1:4>4:2=17,2:3>4:1=17,2:4>3:2=17,3:1>1:3=17,3:2>2:4=17,4:1>2:3=17,4:2>1:4=17	-	-
1790943501.2	stopped	dc2531416b4aa90f	877893	0	0	1790943497.5400288	stopped by SIGTERM	0	0	1:3>3:1=17,1:4>4:2=17,2:3>4:1=17,2:4>3:2=17,3:1>1:3=17,3:2>2:4=17,4:1>2:3=17,4:2>1:4=17	-	-
1790943502.2	stopped	dc2531416b4aa90f	877893	0	0	1790943497.5400288	stopped by SIGTERM	0	0	1:3>3:1=17,1:4>4:2=17,2:3>4:1=17,2:4>3:2=17,3:1>1:3=17,3:2>2:4=17,4:1>2:3=17,4:2>1:4=17	-	-
1790943503.2	stopped	dc2531416b4aa90f	877893	0	0	1790943497.5400288	stopped by SIGTERM	0	0	1:3>3:1=17,1:4>4:2=17,2:3>4:1=17,2:4>3:2=17,3:1>1:3=17,3:2>2:4=17,4:1>2:3=17,4:2>1:4=17	-	-
1790943504.2	stopped	dc2531416b4aa90f	877893	0	0	1790943497.5400288	stopped by SIGTERM	0	0	1:3>3:1=17,1:4>4:2=17,2:3>4:1=17,2:4>3:2=17,3:1>1:3=17,3:2>2:4=17,4:1>2:3=17,4:2>1:4=17	-	-
1790943505.2	stopped	dc2531416b4aa90f	877893	0	0	1790943497.5400288	stopped by SIGTERM	0	0	1:3>3:1=17,1:4>4:2=17,2:3>4:1=17,2:4>3:2=17,3:1>1:3=17,3:2>2:4=17,4:1>2:3=17,4:2>1:4=17	-	-
1790943506.2	stopped	dc2531416b4aa90f	877893	0	0	1790943497.5400288	stopped by SIGTERM	0	0	1:3>3:1=17,1:4>4:2=17,2:3>4:1=17,2:4>3:2=17,3:1>1:3=17,3:2>2:4=17,4:1>2:3=17,4:2>1:4=17	-	-
1790943507.2	stopped	dc2531416b4aa90f	877893	0	0	1790943497.5400288	stopped by SIGTERM	0	0	1:3>3:1=17,1:4>4:2=17,2:3>4:1=17,2:4>3:2=17,3:1>1:3=17,3:2>2:4=17,4:1>2:3=17,4:2>1:4=17	-	-
1790943508.3	running	183745721436282f	881823	0	0	1790943508.1546285		0	0	1:2>2:2=1,1:3>3:2=1,2:2>1:2=1,2:3>3:3=1,3:2>1:3=1,3:3>2:3=1	-	-
1790943509.3	running	183745721436282f	881823	0	0	1790943508.1546285		0	0	1:2>2:2=1,1:3>3:2=1,2:2>1:2=1,2:3>3:3=1,3:2>1:3=1,3:3>2:3=1	-	-
1790943510.3	running	183745721436282f	881823	0	0	1790943508.1546285		0	0	1:2>2:2=1,1:3>3:2=1,2:2>1:2=1,2:3>3:3=1,3:2>1:3=1,3:3>2:3=1	-	-
1790943511.3	running	183745721436282f	881823	0	0	1790943508.1546285		0	0	1:2>2:2=1,1:3>3:2=1,2:2>1:2=1,2:3>3:3=1,3:2>1:3=1,3:3>2:3=1	-	-
1790943512.3	running	183745721436282f	881823	0	0	1790943508.1546285		0	0	1:2>2:2=1,1:3>3:2=1,2:2>1:2=1,2:3>3:3=1,3:2>1:3=1,3:3>2:3=1	-	-
1790943513.3	running	183745721436282f	881823	0	0	1790943513.1586113		0	0	1:2>2:2=2,1:3>3:2=2,2:2>1:2=2,2:3>3:3=2,3:2>1:3=2,3:3>2:3=2	-	-
1790943514.3	running	183745721436282f	881823	0	0	1790943513.1586113		0	0	1:2>2:2=2,1:3>3:2=2,2:2>1:2=2,2:3>3:3=2,3:2>1:3=2,3:3>2:3=2	-	-
1790943515.3	running	183745721436282f	881823	0	0	1790943513.1586113		0	0	1:2>2:2=2,1:3>3:2=2,2:2>1:2=2,2:3>3:3=2,3:2>1:3=2,3:3>2:3=2	-	-
1790943516.3	running	183745721436282f	881823	0	0	1790943513.1586113		0	0	1:2>2:2=2,1:3>3:2=2,2:2>1:2=2,2:3>3:3=2,3:2>1:3=2,3:3>2:3=2	-	-
1790943517.3	running	183745721436282f	881823	0	0	1790943513.1586113		0	0	1:2>2:2=2,1:3>3:2=2,2:2>1:2=2,2:3>3:3=2,3:2>1:3=2,3:3>2:3=2	-	-
1790943518.3	running	183745721436282f	881823	0	0	1790943518.159755		0	0	1:2>2:2=3,1:3>3:2=3,2:2>1:2=3,2:3>3:3=3,3:2>1:3=3,3:3>2:3=3	-	-
1790943519.3	running	183745721436282f	881823	0	0	1790943518.159755		0	0	1:2>2:2=3,1:3>3:2=3,2:2>1:2=3,2:3>3:3=3,3:2>1:3=3,3:3>2:3=3	-	-
1790943520.3	running	183745721436282f	881823	0	0	1790943518.159755		0	0	1:2>2:2=3,1:3>3:2=3,2:2>1:2=3,2:3>3:3=3,3:2>1:3=3,3:3>2:3=3	-	-
1790943521.3	running	183745721436282f	881823	0	0	1790943518.159755		0	0	1:2>2:2=3,1:3>3:2=3,2:2>1:2=3,2:3>3:3=3,3:2>1:3=3,3:3>2:3=3	-	-
1790943522.3	running	183745721436282f	881823	0	0	1790943518.159755		0	0	1:2>2:2=3,1:3>3:2=3,2:2>1:2=3,2:3>3:3=3,3:2>1:3=3,3:3>2:3=3	-	-
1790943523.4	running	183745721436282f	881823	0	0	1790943523.1597397		0	0	1:2>2:2=4,1:3>3:2=4,2:2>1:2=4,2:3>3:3=4,3:2>1:3=4,3:3>2:3=4	-	-
1790943524.4	stopped	183745721436282f	881823	0	0	1790943523.8596017	stopped by SIGTERM	0	0	1:2>2:2=4,1:3>3:2=4,2:2>1:2=4,2:3>3:3=4,3:2>1:3=4,3:3>2:3=4	-	-
1790943525.4	stopped	183745721436282f	881823	0	0	1790943523.8596017	stopped by SIGTERM	0	0	1:2>2:2=4,1:3>3:2=4,2:2>1:2=4,2:3>3:3=4,3:2>1:3=4,3:3>2:3=4	-	-
1790943526.4	stopped	183745721436282f	881823	0	0	1790943523.8596017	stopped by SIGTERM	0	0	1:2>2:2=4,1:3>3:2=4,2:2>1:2=4,2:3>3:3=4,3:2>1:3=4,3:3>2:3=4	-	-
1790943527.4	stopped	183745721436282f	881823	0	0	1790943523.8596017	stopped by SIGTERM	0	0	1:2>2:2=4,1:3>3:2=4,2:2>1:2=4,2:3>3:3=4,3:2>1:3=4,3:3>2:3=4	-	-
1790943528.4	stopped	183745721436282f	881823	0	0	1790943523.8596017	stopped by SIGTERM	0	0	1:2>2:2=4,1:3>3:2=4,2:2>1:2=4,2:3>3:3=4,3:2>1:3=4,3:3>2:3=4	-	-
1790943529.4	stopped	183745721436282f	881823	0	0	1790943523.8596017	stopped by SIGTERM	0	0	1:2>2:2=4,1:3>3:2=4,2:2>1:2=4,2:3>3:3=4,3:2>1:3=4,3:3>2:3=4	-	-
1790943530.4	stopped	183745721436282f	881823	0	0	1790943523.8596017	stopped by SIGTERM	0	0	1:2>2:2=4,1:3>3:2=4,2:2>1:2=4,2:3>3:3=4,3:2>1:3=4,3:3>2:3=4	-	-
1790943531.4	stopped	183745721436282f	881823	0	0	1790943523.8596017	stopped by SIGTERM	0	0	1:2>2:2=4,1:3>3:2=4,2:2>1:2=4,2:3>3:3=4,3:2>1:3=4,3:3>2:3=4	-	-
1790943532.4	stopped	183745721436282f	881823	0	0	1790943523.8596017	stopped by SIGTERM	0	0	1:2>2:2=4,1:3>3:2=4,2:2>1:2=4,2:3>3:3=4,3:2>1:3=4,3:3>2:3=4	-	-
1790943533.4	stopped	183745721436282f	881823	0	0	1790943523.8596017	stopped by SIGTERM	0	0	1:2>2:2=4,1:3>3:2=4,2:2>1:2=4,2:3>3:3=4,3:2>1:3=4,3:3>2:3=4	-	-
1790943534.4	running	985c840970e0c666	884692	0	0	1790943534.334253		0	0	1:2>2:2=0,1:3>3:2=0,2:2>1:2=0,2:3>3:3=0,3:2>1:3=0,3:3>2:3=0	-	-
1790943535.4	running	985c840970e0c666	884692	0	0	1790943534.8346453		0	0	1:2>2:2=1,1:3>3:2=1,2:2>1:2=1,2:3>3:3=1,3:2>1:3=1,3:3>2:3=1	-	-
1790943536.4	running	985c840970e0c666	884692	0	0	1790943534.8346453		0	0	1:2>2:2=1,1:3>3:2=1,2:2>1:2=1,2:3>3:3=1,3:2>1:3=1,3:3>2:3=1	-	-
1790943537.4	running	985c840970e0c666	884692	0	0	1790943534.8346453		0	0	1:2>2:2=1,1:3>3:2=1,2:2>1:2=1,2:3>3:3=1,3:2>1:3=1,3:3>2:3=1	-	-
1790943538.4	running	985c840970e0c666	884692	0	0	1790943534.8346453		0	0	1:2>2:2=1,1:3>3:2=1,2:2>1:2=1,2:3>3:3=1,3:2>1:3=1,3:3>2:3=1	-	-
1790943539.4	running	985c840970e0c666	884692	0	0	1790943539.339137		0	0	1:2>2:2=1,1:3>3:2=1,2:2>1:2=1,2:3>3:3=1,3:2>1:3=1,3:3>2:3=1	-	-
1790943540.5	running	985c840970e0c666	884692	0	0	1790943539.8404198		0	0	1:2>2:2=2,1:3>3:2=2,2:2>1:2=2,2:3>3:3=2,3:2>1:3=2,3:3>2:3=2	-	-
1790943541.5	running	985c840970e0c666	884692	0	0	1790943539.8404198		0	0	1:2>2:2=2,1:3>3:2=2,2:2>1:2=2,2:3>3:3=2,3:2>1:3=2,3:3>2:3=2	-	-
1790943542.5	running	985c840970e0c666	884692	0	0	1790943539.8404198		0	0	1:2>2:2=2,1:3>3:2=2,2:2>1:2=2,2:3>3:3=2,3:2>1:3=2,3:3>2:3=2	-	-
1790943543.5	running	985c840970e0c666	884692	0	0	1790943539.8404198		0	0	1:2>2:2=2,1:3>3:2=2,2:2>1:2=2,2:3>3:3=2,3:2>1:3=2,3:3>2:3=2	-	-
1790943544.5	running	985c840970e0c666	884692	0	0	1790943544.339104		0	0	1:2>2:2=2,1:3>3:2=2,2:2>1:2=2,2:3>3:3=2,3:2>1:3=2,3:3>2:3=2	-	-
1790943545.5	running	985c840970e0c666	884692	0	0	1790943544.840315		0	0	1:2>2:2=3,1:3>3:2=3,2:2>1:2=3,2:3>3:3=3,3:2>1:3=3,3:3>2:3=3	-	-
1790943546.5	running	985c840970e0c666	884692	0	0	1790943544.840315		0	0	1:2>2:2=3,1:3>3:2=3,2:2>1:2=3,2:3>3:3=3,3:2>1:3=3,3:3>2:3=3	-	-
1790943547.5	running	985c840970e0c666	884692	0	0	1790943544.840315		0	0	1:2>2:2=3,1:3>3:2=3,2:2>1:2=3,2:3>3:3=3,3:2>1:3=3,3:3>2:3=3	-	-
1790943548.5	running	985c840970e0c666	884692	0	0	1790943544.840315		0	0	1:2>2:2=3,1:3>3:2=3,2:2>1:2=3,2:3>3:3=3,3:2>1:3=3,3:3>2:3=3	-	-
1790943549.5	running	985c840970e0c666	884692	0	0	1790943549.3390567		0	0	1:2>2:2=3,1:3>3:2=3,2:2>1:2=3,2:3>3:3=3,3:2>1:3=3,3:3>2:3=3	-	-
1790943550.5	running	985c840970e0c666	884692	0	0	1790943549.8402414		0	0	1:2>2:2=4,1:3>3:2=4,2:2>1:2=4,2:3>3:3=4,3:2>1:3=4,3:3>2:3=4	-	-
1790943551.5	stopped	985c840970e0c666	884692	0	0	1790943550.8016338	stopped by SIGTERM	0	0	1:2>2:2=4,1:3>3:2=4,2:2>1:2=4,2:3>3:3=4,3:2>1:3=4,3:3>2:3=4	-	-
1790943552.5	stopped	985c840970e0c666	884692	0	0	1790943550.8016338	stopped by SIGTERM	0	0	1:2>2:2=4,1:3>3:2=4,2:2>1:2=4,2:3>3:3=4,3:2>1:3=4,3:3>2:3=4	-	-
1790943553.6	stopped	985c840970e0c666	884692	0	0	1790943550.8016338	stopped by SIGTERM	0	0	1:2>2:2=4,1:3>3:2=4,2:2>1:2=4,2:3>3:3=4,3:2>1:3=4,3:3>2:3=4	-	-
1790943554.6	stopped	985c840970e0c666	884692	0	0	1790943550.8016338	stopped by SIGTERM	0	0	1:2>2:2=4,1:3>3:2=4,2:2>1:2=4,2:3>3:3=4,3:2>1:3=4,3:3>2:3=4	-	-
1790943555.6	stopped	985c840970e0c666	884692	0	0	1790943550.8016338	stopped by SIGTERM	0	0	1:2>2:2=4,1:3>3:2=4,2:2>1:2=4,2:3>3:3=4,3:2>1:3=4,3:3>2:3=4	-	-
1790943556.6	stopped	985c840970e0c666	884692	0	0	1790943550.8016338	stopped by SIGTERM	0	0	1:2>2:2=4,1:3>3:2=4,2:2>1:2=4,2:3>3:3=4,3:2>1:3=4,3:3>2:3=4	-	-
1790943557.6	stopped	985c840970e0c666	884692	0	0	1790943550.8016338	stopped by SIGTERM	0	0	1:2>2:2=4,1:3>3:2=4,2:2>1:2=4,2:3>3:3=4,3:2>1:3=4,3:3>2:3=4	-	-
1790943558.6	stopped	985c840970e0c666	884692	0	0	1790943550.8016338	stopped by SIGTERM	0	0	1:2>2:2=4,1:3>3:2=4,2:2>1:2=4,2:3>3:3=4,3:2>1:3=4,3:3>2:3=4	-	-
1790943559.6	stopped	985c840970e0c666	884692	0	0	1790943550.8016338	stopped by SIGTERM	0	0	1:2>2:2=4,1:3>3:2=4,2:2>1:2=4,2:3>3:3=4,3:2>1:3=4,3:3>2:3=4	-	-
1790943560.6	stopped	985c840970e0c666	884692	0	0	1790943550.8016338	stopped by SIGTERM	0	0	1:2>2:2=4,1:3>3:2=4,2:2>1:2=4,2:3>3:3=4,3:2>1:3=4,3:3>2:3=4	-	-
1790943561.6	stopped	985c840970e0c666	884692	0	0	1790943550.8016338	stopped by SIGTERM	0	0	1:2>2:2=4,1:3>3:2=4,2:2>1:2=4,2:3>3:3=4,3:2>1:3=4,3:3>2:3=4	-	-
1790943562.6	stopped	985c840970e0c666	884692	0	0	1790943550.8016338	stopped by SIGTERM	0	0	1:2>2:2=4,1:3>3:2=4,2:2>1:2=4,2:3>3:3=4,3:2>1:3=4,3:3>2:3=4	-	-
1790943563.6	stopped	985c840970e0c666	884692	0	0	1790943550.8016338	stopped by SIGTERM	0	0	1:2>2:2=4,1:3>3:2=4,2:2>1:2=4,2:3>3:3=4,3:2>1:3=4,3:3>2:3=4	-	-
1790943564.6	stopped	985c840970e0c666	884692	0	0	1790943550.8016338	stopped by SIGTERM	0	0	1:2>2:2=4,1:3>3:2=4,2:2>1:2=4,2:3>3:3=4,3:2>1:3=4,3:3>2:3=4	-	-
1790943565.7	stopped	985c840970e0c666	884692	0	0	1790943550.8016338	stopped by SIGTERM	0	0	1:2>2:2=4,1:3>3:2=4,2:2>1:2=4,2:3>3:3=4,3:2>1:3=4,3:3>2:3=4	-	-
1790943566.7	stopped	985c840970e0c666	884692	0	0	1790943550.8016338	stopped by SIGTERM	0	0	1:2>2:2=4,1:3>3:2=4,2:2>1:2=4,2:3>3:3=4,3:2>1:3=4,3:3>2:3=4	-	-
1790943567.7	stopped	985c840970e0c666	884692	0	0	1790943550.8016338	stopped by SIGTERM	0	0	1:2>2:2=4,1:3>3:2=4,2:2>1:2=4,2:3>3:3=4,3:2>1:3=4,3:3>2:3=4	-	-
1790943568.7	stopped	985c840970e0c666	884692	0	0	1790943550.8016338	stopped by SIGTERM	0	0	1:2>2:2=4,1:3>3:2=4,2:2>1:2=4,2:3>3:3=4,3:2>1:3=4,3:3>2:3=4	-	-
1790943569.7	stopped	985c840970e0c666	884692	0	0	1790943550.8016338	stopped by SIGTERM	0	0	1:2>2:2=4,1:3>3:2=4,2:2>1:2=4,2:3>3:3=4,3:2>1:3=4,3:3>2:3=4	-	-
1790943570.7	stopped	985c840970e0c666	884692	0	0	1790943550.8016338	stopped by SIGTERM	0	0	1:2>2:2=4,1:3>3:2=4,2:2>1:2=4,2:3>3:3=4,3:2>1:3=4,3:3>2:3=4	-	-
1790943571.7	stopped	985c840970e0c666	884692	0	0	1790943550.8016338	stopped by SIGTERM	0	0	1:2>2:2=4,1:3>3:2=4,2:2>1:2=4,2:3>3:3=4,3:2>1:3=4,3:3>2:3=4	-	-
1790943572.7	stopped	985c840970e0c666	884692	0	0	1790943550.8016338	stopped by SIGTERM	0	0	1:2>2:2=4,1:3>3:2=4,2:2>1:2=4,2:3>3:3=4,3:2>1:3=4,3:3>2:3=4	-	-
1790943573.7	stopped	985c840970e0c666	884692	0	0	1790943550.8016338	stopped by SIGTERM	0	0	1:2>2:2=4,1:3>3:2=4,2:2>1:2=4,2:3>3:3=4,3:2>1:3=4,3:3>2:3=4	-	-
1790943574.7	stopped	985c840970e0c666	884692	0	0	1790943550.8016338	stopped by SIGTERM	0	0	1:2>2:2=4,1:3>3:2=4,2:2>1:2=4,2:3>3:3=4,3:2>1:3=4,3:3>2:3=4	-	-
1790943575.7	stopped	985c840970e0c666	884692	0	0	1790943550.8016338	stopped by SIGTERM	0	0	1:2>2:2=4,1:3>3:2=4,2:2>1:2=4,2:3>3:3=4,3:2>1:3=4,3:3>2:3=4	-	-
1790943576.7	stopped	985c840970e0c666	884692	0	0	1790943550.8016338	stopped by SIGTERM	0	0	1:2>2:2=4,1:3>3:2=4,2:2>1:2=4,2:3>3:3=4,3:2>1:3=4,3:3>2:3=4	-	-
1790943577.7	stopped	985c840970e0c666	884692	0	0	1790943550.8016338	stopped by SIGTERM	0	0	1:2>2:2=4,1:3>3:2=4,2:2>1:2=4,2:3>3:3=4,3:2>1:3=4,3:3>2:3=4	-	-
1790943578.8	stopped	985c840970e0c666	884692	0	0	1790943550.8016338	stopped by SIGTERM	0	0	1:2>2:2=4,1:3>3:2=4,2:2>1:2=4,2:3>3:3=4,3:2>1:3=4,3:3>2:3=4	-	-
1790943579.8	stopped	985c840970e0c666	884692	0	0	1790943550.8016338	stopped by SIGTERM	0	0	1:2>2:2=4,1:3>3:2=4,2:2>1:2=4,2:3>3:3=4,3:2>1:3=4,3:3>2:3=4	-	-
1790943580.8	stopped	985c840970e0c666	884692	0	0	1790943550.8016338	stopped by SIGTERM	0	0	1:2>2:2=4,1:3>3:2=4,2:2>1:2=4,2:3>3:3=4,3:2>1:3=4,3:3>2:3=4	-	-
1790943581.8	stopped	985c840970e0c666	884692	0	0	1790943550.8016338	stopped by SIGTERM	0	0	1:2>2:2=4,1:3>3:2=4,2:2>1:2=4,2:3>3:3=4,3:2>1:3=4,3:3>2:3=4	-	-
1790943582.8	stopped	985c840970e0c666	884692	0	0	1790943550.8016338	stopped by SIGTERM	0	0	1:2>2:2=4,1:3>3:2=4,2:2>1:2=4,2:3>3:3=4,3:2>1:3=4,3:3>2:3=4	-	-
1790943583.8	stopped	985c840970e0c666	884692	0	0	1790943550.8016338	stopped by SIGTERM	0	0	1:2>2:2=4,1:3>3:2=4,2:2>1:2=4,2:3>3:3=4,3:2>1:3=4,3:3>2:3=4	-	-
1790943584.8	stopped	985c840970e0c666	884692	0	0	1790943550.8016338	stopped by SIGTERM	0	0	1:2>2:2=4,1:3>3:2=4,2:2>1:2=4,2:3>3:3=4,3:2>1:3=4,3:3>2:3=4	-	-
1790943585.8	stopped	985c840970e0c666	884692	0	0	1790943550.8016338	stopped by SIGTERM	0	0	1:2>2:2=4,1:3>3:2=4,2:2>1:2=4,2:3>3:3=4,3:2>1:3=4,3:3>2:3=4	-	-
1790943586.8	stopped	985c840970e0c666	884692	0	0	1790943550.8016338	stopped by SIGTERM	0	0	1:2>2:2=4,1:3>3:2=4,2:2>1:2=4,2:3>3:3=4,3:2>1:3=4,3:3>2:3=4	-	-
1790943587.8	stopped	985c840970e0c666	884692	0	0	1790943550.8016338	stopped by SIGTERM	0	0	1:2>2:2=4,1:3>3:2=4,2:2>1:2=4,2:3>3:3=4,3:2>1:3=4,3:3>2:3=4	-	-
1790943588.8	stopped	985c840970e0c666	884692	0	0	1790943550.8016338	stopped by SIGTERM	0	0	1:2>2:2=4,1:3>3:2=4,2:2>1:2=4,2:3>3:3=4,3:2>1:3=4,3:3>2:3=4	-	-
1790943589.8	stopped	985c840970e0c666	884692	0	0	1790943550.8016338	stopped by SIGTERM	0	0	1:2>2:2=4,1:3>3:2=4,2:2>1:2=4,2:3>3:3=4,3:2>1:3=4,3:3>2:3=4	-	-
1790943590.8	stopped	985c840970e0c666	884692	0	0	1790943550.8016338	stopped by SIGTERM	0	0	1:2>2:2=4,1:3>3:2=4,2:2>1:2=4,2:3>3:3=4,3:2>1:3=4,3:3>2:3=4	-	-
1790943591.8	stopped	985c840970e0c666	884692	0	0	1790943550.8016338	stopped by SIGTERM	0	0	1:2>2:2=4,1:3>3:2=4,2:2>1:2=4,2:3>3:3=4,3:2>1:3=4,3:3>2:3=4	-	-
1790943592.9	stopped	985c840970e0c666	884692	0	0	1790943550.8016338	stopped by SIGTERM	0	0	1:2>2:2=4,1:3>3:2=4,2:2>1:2=4,2:3>3:3=4,3:2>1:3=4,3:3>2:3=4	-	-
1790943593.9	stopped	985c840970e0c666	884692	0	0	1790943550.8016338	stopped by SIGTERM	0	0	1:2>2:2=4,1:3>3:2=4,2:2>1:2=4,2:3>3:3=4,3:2>1:3=4,3:3>2:3=4	-	-
1790943594.9	stopped	985c840970e0c666	884692	0	0	1790943550.8016338	stopped by SIGTERM	0	0	1:2>2:2=4,1:3>3:2=4,2:2>1:2=4,2:3>3:3=4,3:2>1:3=4,3:3>2:3=4	-	-
1790943595.9	stopped	985c840970e0c666	884692	0	0	1790943550.8016338	stopped by SIGTERM	0	0	1:2>2:2=4,1:3>3:2=4,2:2>1:2=4,2:3>3:3=4,3:2>1:3=4,3:3>2:3=4	-	-
1790943596.9	stopped	985c840970e0c666	884692	0	0	1790943550.8016338	stopped by SIGTERM	0	0	1:2>2:2=4,1:3>3:2=4,2:2>1:2=4,2:3>3:3=4,3:2>1:3=4,3:3>2:3=4	-	-
1790943597.9	stopped	985c840970e0c666	884692	0	0	1790943550.8016338	stopped by SIGTERM	0	0	1:2>2:2=4,1:3>3:2=4,2:2>1:2=4,2:3>3:3=4,3:2>1:3=4,3:3>2:3=4	-	-
1790943598.9	stopped	985c840970e0c666	884692	0	0	1790943550.8016338	stopped by SIGTERM	0	0	1:2>2:2=4,1:3>3:2=4,2:2>1:2=4,2:3>3:3=4,3:2>1:3=4,3:3>2:3=4	-	-
1790943599.9	stopped	985c840970e0c666	884692	0	0	1790943550.8016338	stopped by SIGTERM	0	0	1:2>2:2=4,1:3>3:2=4,2:2>1:2=4,2:3>3:3=4,3:2>1:3=4,3:3>2:3=4	-	-
1790943600.9	stopped	985c840970e0c666	884692	0	0	1790943550.8016338	stopped by SIGTERM	0	0	1:2>2:2=4,1:3>3:2=4,2:2>1:2=4,2:3>3:3=4,3:2>1:3=4,3:3>2:3=4	-	-
1790943601.9	stopped	985c840970e0c666	884692	0	0	1790943550.8016338	stopped by SIGTERM	0	0	1:2>2:2=4,1:3>3:2=4,2:2>1:2=4,2:3>3:3=4,3:2>1:3=4,3:3>2:3=4	-	-
1790943602.9	stopped	985c840970e0c666	884692	0	0	1790943550.8016338	stopped by SIGTERM	0	0	1:2>2:2=4,1:3>3:2=4,2:2>1:2=4,2:3>3:3=4,3:2>1:3=4,3:3>2:3=4	-	-
1790943603.9	stopped	985c840970e0c666	884692	0	0	1790943550.8016338	stopped by SIGTERM	0	0	1:2>2:2=4,1:3>3:2=4,2:2>1:2=4,2:3>3:3=4,3:2>1:3=4,3:3>2:3=4	-	-
1790943604.9	stopped	985c840970e0c666	884692	0	0	1790943550.8016338	stopped by SIGTERM	0	0	1:2>2:2=4,1:3>3:2=4,2:2>1:2=4,2:3>3:3=4,3:2>1:3=4,3:3>2:3=4	-	-
1790943605.9	stopped	985c840970e0c666	884692	0	0	1790943550.8016338	stopped by SIGTERM	0	0	1:2>2:2=4,1:3>3:2=4,2:2>1:2=4,2:3>3:3=4,3:2>1:3=4,3:3>2:3=4	-	-
1790943606.9	stopped	985c840970e0c666	884692	0	0	1790943550.8016338	stopped by SIGTERM	0	0	1:2>2:2=4,1:3>3:2=4,2:2>1:2=4,2:3>3:3=4,3:2>1:3=4,3:3>2:3=4	-	-
1790943607.9	stopped	985c840970e0c666	884692	0	0	1790943550.8016338	stopped by SIGTERM	0	0	1:2>2:2=4,1:3>3:2=4,2:2>1:2=4,2:3>3:3=4,3:2>1:3=4,3:3>2:3=4	-	-
1790943608.9	stopped	985c840970e0c666	884692	0	0	1790943550.8016338	stopped by SIGTERM	0	0	1:2>2:2=4,1:3>3:2=4,2:2>1:2=4,2:3>3:3=4,3:2>1:3=4,3:3>2:3=4	-	-
1790943610.0	stopped	985c840970e0c666	884692	0	0	1790943550.8016338	stopped by SIGTERM	0	0	1:2>2:2=4,1:3>3:2=4,2:2>1:2=4,2:3>3:3=4,3:2>1:3=4,3:3>2:3=4	-	-
1790943611.0	stopped	985c840970e0c666	884692	0	0	1790943550.8016338	stopped by SIGTERM	0	0	1:2>2:2=4,1:3>3:2=4,2:2>1:2=4,2:3>3:3=4,3:2>1:3=4,3:3>2:3=4	-	-
1790943612.0	stopped	985c840970e0c666	884692	0	0	1790943550.8016338	stopped by SIGTERM	0	0	1:2>2:2=4,1:3>3:2=4,2:2>1:2=4,2:3>3:3=4,3:2>1:3=4,3:3>2:3=4	-	-
1790943613.0	stopped	985c840970e0c666	884692	0	0	1790943550.8016338	stopped by SIGTERM	0	0	1:2>2:2=4,1:3>3:2=4,2:2>1:2=4,2:3>3:3=4,3:2>1:3=4,3:3>2:3=4	-	-
1790943614.0	stopped	985c840970e0c666	884692	0	0	1790943550.8016338	stopped by SIGTERM	0	0	1:2>2:2=4,1:3>3:2=4,2:2>1:2=4,2:3>3:3=4,3:2>1:3=4,3:3>2:3=4	-	-
1790943615.0	stopped	985c840970e0c666	884692	0	0	1790943550.8016338	stopped by SIGTERM	0	0	1:2>2:2=4,1:3>3:2=4,2:2>1:2=4,2:3>3:3=4,3:2>1:3=4,3:3>2:3=4	-	-
1790943616.0	stopped	985c840970e0c666	884692	0	0	1790943550.8016338	stopped by SIGTERM	0	0	1:2>2:2=4,1:3>3:2=4,2:2>1:2=4,2:3>3:3=4,3:2>1:3=4,3:3>2:3=4	-	-
1790943617.0	stopped	985c840970e0c666	884692	0	0	1790943550.8016338	stopped by SIGTERM	0	0	1:2>2:2=4,1:3>3:2=4,2:2>1:2=4,2:3>3:3=4,3:2>1:3=4,3:3>2:3=4	-	-
1790943618.0	stopped	985c840970e0c666	884692	0	0	1790943550.8016338	stopped by SIGTERM	0	0	1:2>2:2=4,1:3>3:2=4,2:2>1:2=4,2:3>3:3=4,3:2>1:3=4,3:3>2:3=4	-	-
1790943619.0	stopped	985c840970e0c666	884692	0	0	1790943550.8016338	stopped by SIGTERM	0	0	1:2>2:2=4,1:3>3:2=4,2:2>1:2=4,2:3>3:3=4,3:2>1:3=4,3:3>2:3=4	-	-
1790943620.0	stopped	985c840970e0c666	884692	0	0	1790943550.8016338	stopped by SIGTERM	0	0	1:2>2:2=4,1:3>3:2=4,2:2>1:2=4,2:3>3:3=4,3:2>1:3=4,3:3>2:3=4	-	-
1790943621.0	stopped	985c840970e0c666	884692	0	0	1790943550.8016338	stopped by SIGTERM	0	0	1:2>2:2=4,1:3>3:2=4,2:2>1:2=4,2:3>3:3=4,3:2>1:3=4,3:3>2:3=4	-	-
1790943622.0	stopped	985c840970e0c666	884692	0	0	1790943550.8016338	stopped by SIGTERM	0	0	1:2>2:2=4,1:3>3:2=4,2:2>1:2=4,2:3>3:3=4,3:2>1:3=4,3:3>2:3=4	-	-
1790943623.0	stopped	985c840970e0c666	884692	0	0	1790943550.8016338	stopped by SIGTERM	0	0	1:2>2:2=4,1:3>3:2=4,2:2>1:2=4,2:3>3:3=4,3:2>1:3=4,3:3>2:3=4	-	-
1790943624.1	stopped	985c840970e0c666	884692	0	0	1790943550.8016338	stopped by SIGTERM	0	0	1:2>2:2=4,1:3>3:2=4,2:2>1:2=4,2:3>3:3=4,3:2>1:3=4,3:3>2:3=4	-	-
1790943625.1	stopped	985c840970e0c666	884692	0	0	1790943550.8016338	stopped by SIGTERM	0	0	1:2>2:2=4,1:3>3:2=4,2:2>1:2=4,2:3>3:3=4,3:2>1:3=4,3:3>2:3=4	-	-
1790943626.1	stopped	985c840970e0c666	884692	0	0	1790943550.8016338	stopped by SIGTERM	0	0	1:2>2:2=4,1:3>3:2=4,2:2>1:2=4,2:3>3:3=4,3:2>1:3=4,3:3>2:3=4	-	-
1790943627.1	stopped	985c840970e0c666	884692	0	0	1790943550.8016338	stopped by SIGTERM	0	0	1:2>2:2=4,1:3>3:2=4,2:2>1:2=4,2:3>3:3=4,3:2>1:3=4,3:3>2:3=4	-	-
1790943628.1	stopped	985c840970e0c666	884692	0	0	1790943550.8016338	stopped by SIGTERM	0	0	1:2>2:2=4,1:3>3:2=4,2:2>1:2=4,2:3>3:3=4,3:2>1:3=4,3:3>2:3=4	-	-
1790943629.1	stopped	985c840970e0c666	884692	0	0	1790943550.8016338	stopped by SIGTERM	0	0	1:2>2:2=4,1:3>3:2=4,2:2>1:2=4,2:3>3:3=4,3:2>1:3=4,3:3>2:3=4	-	-
1790943630.1	stopped	985c840970e0c666	884692	0	0	1790943550.8016338	stopped by SIGTERM	0	0	1:2>2:2=4,1:3>3:2=4,2:2>1:2=4,2:3>3:3=4,3:2>1:3=4,3:3>2:3=4	-	-
1790943631.1	stopped	985c840970e0c666	884692	0	0	1790943550.8016338	stopped by SIGTERM	0	0	1:2>2:2=4,1:3>3:2=4,2:2>1:2=4,2:3>3:3=4,3:2>1:3=4,3:3>2:3=4	-	-
1790943632.1	stopped	985c840970e0c666	884692	0	0	1790943550.8016338	stopped by SIGTERM	0	0	1:2>2:2=4,1:3>3:2=4,2:2>1:2=4,2:3>3:3=4,3:2>1:3=4,3:3>2:3=4	-	-
1790943633.1	stopped	985c840970e0c666	884692	0	0	1790943550.8016338	stopped by SIGTERM	0	0	1:2>2:2=4,1:3>3:2=4,2:2>1:2=4,2:3>3:3=4,3:2>1:3=4,3:3>2:3=4	-	-
1790943634.1	stopped	985c840970e0c666	884692	0	0	1790943550.8016338	stopped by SIGTERM	0	0	1:2>2:2=4,1:3>3:2=4,2:2>1:2=4,2:3>3:3=4,3:2>1:3=4,3:3>2:3=4	-	-
1790943635.1	stopped	985c840970e0c666	884692	0	0	1790943550.8016338	stopped by SIGTERM	0	0	1:2>2:2=4,1:3>3:2=4,2:2>1:2=4,2:3>3:3=4,3:2>1:3=4,3:3>2:3=4	-	-
1790943636.1	stopped	985c840970e0c666	884692	0	0	1790943550.8016338	stopped by SIGTERM	0	0	1:2>2:2=4,1:3>3:2=4,2:2>1:2=4,2:3>3:3=4,3:2>1:3=4,3:3>2:3=4	-	-
1790943637.2	stopped	985c840970e0c666	884692	0	0	1790943550.8016338	stopped by SIGTERM	0	0	1:2>2:2=4,1:3>3:2=4,2:2>1:2=4,2:3>3:3=4,3:2>1:3=4,3:3>2:3=4	-	-
1790943638.2	stopped	985c840970e0c666	884692	0	0	1790943550.8016338	stopped by SIGTERM	0	0	1:2>2:2=4,1:3>3:2=4,2:2>1:2=4,2:3>3:3=4,3:2>1:3=4,3:3>2:3=4	-	-
1790943639.2	stopped	985c840970e0c666	884692	0	0	1790943550.8016338	stopped by SIGTERM	0	0	1:2>2:2=4,1:3>3:2=4,2:2>1:2=4,2:3>3:3=4,3:2>1:3=4,3:3>2:3=4	-	-
1790943640.2	stopped	985c840970e0c666	884692	0	0	1790943550.8016338	stopped by SIGTERM	0	0	1:2>2:2=4,1:3>3:2=4,2:2>1:2=4,2:3>3:3=4,3:2>1:3=4,3:3>2:3=4	-	-
1790943641.2	stopped	985c840970e0c666	884692	0	0	1790943550.8016338	stopped by SIGTERM	0	0	1:2>2:2=4,1:3>3:2=4,2:2>1:2=4,2:3>3:3=4,3:2>1:3=4,3:3>2:3=4	-	-
1790943642.2	stopped	985c840970e0c666	884692	0	0	1790943550.8016338	stopped by SIGTERM	0	0	1:2>2:2=4,1:3>3:2=4,2:2>1:2=4,2:3>3:3=4,3:2>1:3=4,3:3>2:3=4	-	-
1790943643.2	stopped	985c840970e0c666	884692	0	0	1790943550.8016338	stopped by SIGTERM	0	0	1:2>2:2=4,1:3>3:2=4,2:2>1:2=4,2:3>3:3=4,3:2>1:3=4,3:3>2:3=4	-	-
1790943644.2	stopped	985c840970e0c666	884692	0	0	1790943550.8016338	stopped by SIGTERM	0	0	1:2>2:2=4,1:3>3:2=4,2:2>1:2=4,2:3>3:3=4,3:2>1:3=4,3:3>2:3=4	-	-
1790943645.2	stopped	985c840970e0c666	884692	0	0	1790943550.8016338	stopped by SIGTERM	0	0	1:2>2:2=4,1:3>3:2=4,2:2>1:2=4,2:3>3:3=4,3:2>1:3=4,3:3>2:3=4	-	-
1790943646.2	stopped	985c840970e0c666	884692	0	0	1790943550.8016338	stopped by SIGTERM	0	0	1:2>2:2=4,1:3>3:2=4,2:2>1:2=4,2:3>3:3=4,3:2>1:3=4,3:3>2:3=4	-	-
1790943647.2	stopped	985c840970e0c666	884692	0	0	1790943550.8016338	stopped by SIGTERM	0	0	1:2>2:2=4,1:3>3:2=4,2:2>1:2=4,2:3>3:3=4,3:2>1:3=4,3:3>2:3=4	-	-
1790943648.2	stopped	985c840970e0c666	884692	0	0	1790943550.8016338	stopped by SIGTERM	0	0	1:2>2:2=4,1:3>3:2=4,2:2>1:2=4,2:3>3:3=4,3:2>1:3=4,3:3>2:3=4	-	-
1790943649.3	stopped	985c840970e0c666	884692	0	0	1790943550.8016338	stopped by SIGTERM	0	0	1:2>2:2=4,1:3>3:2=4,2:2>1:2=4,2:3>3:3=4,3:2>1:3=4,3:3>2:3=4	-	-
1790943650.3	stopped	985c840970e0c666	884692	0	0	1790943550.8016338	stopped by SIGTERM	0	0	1:2>2:2=4,1:3>3:2=4,2:2>1:2=4,2:3>3:3=4,3:2>1:3=4,3:3>2:3=4	-	-
1790943651.3	stopped	985c840970e0c666	884692	0	0	1790943550.8016338	stopped by SIGTERM	0	0	1:2>2:2=4,1:3>3:2=4,2:2>1:2=4,2:3>3:3=4,3:2>1:3=4,3:3>2:3=4	-	-
1790943652.3	stopped	985c840970e0c666	884692	0	0	1790943550.8016338	stopped by SIGTERM	0	0	1:2>2:2=4,1:3>3:2=4,2:2>1:2=4,2:3>3:3=4,3:2>1:3=4,3:3>2:3=4	-	-
1790943653.3	stopped	985c840970e0c666	884692	0	0	1790943550.8016338	stopped by SIGTERM	0	0	1:2>2:2=4,1:3>3:2=4,2:2>1:2=4,2:3>3:3=4,3:2>1:3=4,3:3>2:3=4	-	-
1790943654.3	stopped	985c840970e0c666	884692	0	0	1790943550.8016338	stopped by SIGTERM	0	0	1:2>2:2=4,1:3>3:2=4,2:2>1:2=4,2:3>3:3=4,3:2>1:3=4,3:3>2:3=4	-	-
1790943655.3	stopped	985c840970e0c666	884692	0	0	1790943550.8016338	stopped by SIGTERM	0	0	1:2>2:2=4,1:3>3:2=4,2:2>1:2=4,2:3>3:3=4,3:2>1:3=4,3:3>2:3=4	-	-
1790943656.3	stopped	985c840970e0c666	884692	0	0	1790943550.8016338	stopped by SIGTERM	0	0	1:2>2:2=4,1:3>3:2=4,2:2>1:2=4,2:3>3:3=4,3:2>1:3=4,3:3>2:3=4	-	-
1790943657.3	stopped	985c840970e0c666	884692	0	0	1790943550.8016338	stopped by SIGTERM	0	0	1:2>2:2=4,1:3>3:2=4,2:2>1:2=4,2:3>3:3=4,3:2>1:3=4,3:3>2:3=4	-	-
1790943658.3	stopped	985c840970e0c666	884692	0	0	1790943550.8016338	stopped by SIGTERM	0	0	1:2>2:2=4,1:3>3:2=4,2:2>1:2=4,2:3>3:3=4,3:2>1:3=4,3:3>2:3=4	-	-
1790943659.3	stopped	985c840970e0c666	884692	0	0	1790943550.8016338	stopped by SIGTERM	0	0	1:2>2:2=4,1:3>3:2=4,2:2>1:2=4,2:3>3:3=4,3:2>1:3=4,3:3>2:3=4	-	-
1790943660.3	stopped	985c840970e0c666	884692	0	0	1790943550.8016338	stopped by SIGTERM	0	0	1:2>2:2=4,1:3>3:2=4,2:2>1:2=4,2:3>3:3=4,3:2>1:3=4,3:3>2:3=4	-	-
1790943661.3	stopped	985c840970e0c666	884692	0	0	1790943550.8016338	stopped by SIGTERM	0	0	1:2>2:2=4,1:3>3:2=4,2:2>1:2=4,2:3>3:3=4,3:2>1:3=4,3:3>2:3=4	-	-
1790943662.4	stopped	985c840970e0c666	884692	0	0	1790943550.8016338	stopped by SIGTERM	0	0	1:2>2:2=4,1:3>3:2=4,2:2>1:2=4,2:3>3:3=4,3:2>1:3=4,3:3>2:3=4	-	-
1790943663.4	stopped	985c840970e0c666	884692	0	0	1790943550.8016338	stopped by SIGTERM	0	0	1:2>2:2=4,1:3>3:2=4,2:2>1:2=4,2:3>3:3=4,3:2>1:3=4,3:3>2:3=4	-	-
1790943664.4	stopped	985c840970e0c666	884692	0	0	1790943550.8016338	stopped by SIGTERM	0	0	1:2>2:2=4,1:3>3:2=4,2:2>1:2=4,2:3>3:3=4,3:2>1:3=4,3:3>2:3=4	-	-
1790943665.4	stopped	985c840970e0c666	884692	0	0	1790943550.8016338	stopped by SIGTERM	0	0	1:2>2:2=4,1:3>3:2=4,2:2>1:2=4,2:3>3:3=4,3:2>1:3=4,3:3>2:3=4	-	-
1790943666.4	stopped	985c840970e0c666	884692	0	0	1790943550.8016338	stopped by SIGTERM	0	0	1:2>2:2=4,1:3>3:2=4,2:2>1:2=4,2:3>3:3=4,3:2>1:3=4,3:3>2:3=4	-	-
1790943667.4	stopped	985c840970e0c666	884692	0	0	1790943550.8016338	stopped by SIGTERM	0	0	1:2>2:2=4,1:3>3:2=4,2:2>1:2=4,2:3>3:3=4,3:2>1:3=4,3:3>2:3=4	-	-
1790943668.4	stopped	985c840970e0c666	884692	0	0	1790943550.8016338	stopped by SIGTERM	0	0	1:2>2:2=4,1:3>3:2=4,2:2>1:2=4,2:3>3:3=4,3:2>1:3=4,3:3>2:3=4	-	-
1790943669.4	stopped	985c840970e0c666	884692	0	0	1790943550.8016338	stopped by SIGTERM	0	0	1:2>2:2=4,1:3>3:2=4,2:2>1:2=4,2:3>3:3=4,3:2>1:3=4,3:3>2:3=4	-	-
1790943670.4	stopped	985c840970e0c666	884692	0	0	1790943550.8016338	stopped by SIGTERM	0	0	1:2>2:2=4,1:3>3:2=4,2:2>1:2=4,2:3>3:3=4,3:2>1:3=4,3:3>2:3=4	-	-
1790943671.4	stopped	985c840970e0c666	884692	0	0	1790943550.8016338	stopped by SIGTERM	0	0	1:2>2:2=4,1:3>3:2=4,2:2>1:2=4,2:3>3:3=4,3:2>1:3=4,3:3>2:3=4	-	-
1790943672.5	stopped	985c840970e0c666	884692	0	0	1790943550.8016338	stopped by SIGTERM	0	0	1:2>2:2=4,1:3>3:2=4,2:2>1:2=4,2:3>3:3=4,3:2>1:3=4,3:3>2:3=4	-	-
1790943673.5	stopped	985c840970e0c666	884692	0	0	1790943550.8016338	stopped by SIGTERM	0	0	1:2>2:2=4,1:3>3:2=4,2:2>1:2=4,2:3>3:3=4,3:2>1:3=4,3:3>2:3=4	-	-
1790943674.5	stopped	985c840970e0c666	884692	0	0	1790943550.8016338	stopped by SIGTERM	0	0	1:2>2:2=4,1:3>3:2=4,2:2>1:2=4,2:3>3:3=4,3:2>1:3=4,3:3>2:3=4	-	-
1790943675.5	stopped	985c840970e0c666	884692	0	0	1790943550.8016338	stopped by SIGTERM	0	0	1:2>2:2=4,1:3>3:2=4,2:2>1:2=4,2:3>3:3=4,3:2>1:3=4,3:3>2:3=4	-	-
1790943676.5	stopped	985c840970e0c666	884692	0	0	1790943550.8016338	stopped by SIGTERM	0	0	1:2>2:2=4,1:3>3:2=4,2:2>1:2=4,2:3>3:3=4,3:2>1:3=4,3:3>2:3=4	-	-
1790943677.5	stopped	985c840970e0c666	884692	0	0	1790943550.8016338	stopped by SIGTERM	0	0	1:2>2:2=4,1:3>3:2=4,2:2>1:2=4,2:3>3:3=4,3:2>1:3=4,3:3>2:3=4	-	-
1790943678.5	stopped	985c840970e0c666	884692	0	0	1790943550.8016338	stopped by SIGTERM	0	0	1:2>2:2=4,1:3>3:2=4,2:2>1:2=4,2:3>3:3=4,3:2>1:3=4,3:3>2:3=4	-	-
1790943679.5	stopped	985c840970e0c666	884692	0	0	1790943550.8016338	stopped by SIGTERM	0	0	1:2>2:2=4,1:3>3:2=4,2:2>1:2=4,2:3>3:3=4,3:2>1:3=4,3:3>2:3=4	-	-
1790943680.5	stopped	985c840970e0c666	884692	0	0	1790943550.8016338	stopped by SIGTERM	0	0	1:2>2:2=4,1:3>3:2=4,2:2>1:2=4,2:3>3:3=4,3:2>1:3=4,3:3>2:3=4	-	-
1790943681.5	stopped	985c840970e0c666	884692	0	0	1790943550.8016338	stopped by SIGTERM	0	0	1:2>2:2=4,1:3>3:2=4,2:2>1:2=4,2:3>3:3=4,3:2>1:3=4,3:3>2:3=4	-	-
1790943682.5	stopped	985c840970e0c666	884692	0	0	1790943550.8016338	stopped by SIGTERM	0	0	1:2>2:2=4,1:3>3:2=4,2:2>1:2=4,2:3>3:3=4,3:2>1:3=4,3:3>2:3=4	-	-
1790943683.5	stopped	985c840970e0c666	884692	0	0	1790943550.8016338	stopped by SIGTERM	0	0	1:2>2:2=4,1:3>3:2=4,2:2>1:2=4,2:3>3:3=4,3:2>1:3=4,3:3>2:3=4	-	-
1790943684.6	stopped	985c840970e0c666	884692	0	0	1790943550.8016338	stopped by SIGTERM	0	0	1:2>2:2=4,1:3>3:2=4,2:2>1:2=4,2:3>3:3=4,3:2>1:3=4,3:3>2:3=4	-	-
1790943685.6	stopped	985c840970e0c666	884692	0	0	1790943550.8016338	stopped by SIGTERM	0	0	1:2>2:2=4,1:3>3:2=4,2:2>1:2=4,2:3>3:3=4,3:2>1:3=4,3:3>2:3=4	-	-
1790943686.6	stopped	985c840970e0c666	884692	0	0	1790943550.8016338	stopped by SIGTERM	0	0	1:2>2:2=4,1:3>3:2=4,2:2>1:2=4,2:3>3:3=4,3:2>1:3=4,3:3>2:3=4	-	-
1790943687.6	stopped	985c840970e0c666	884692	0	0	1790943550.8016338	stopped by SIGTERM	0	0	1:2>2:2=4,1:3>3:2=4,2:2>1:2=4,2:3>3:3=4,3:2>1:3=4,3:3>2:3=4	-	-
1790943688.6	stopped	985c840970e0c666	884692	0	0	1790943550.8016338	stopped by SIGTERM	0	0	1:2>2:2=4,1:3>3:2=4,2:2>1:2=4,2:3>3:3=4,3:2>1:3=4,3:3>2:3=4	-	-
1790943689.6	stopped	985c840970e0c666	884692	0	0	1790943550.8016338	stopped by SIGTERM	0	0	1:2>2:2=4,1:3>3:2=4,2:2>1:2=4,2:3>3:3=4,3:2>1:3=4,3:3>2:3=4	-	-
1790943690.6	stopped	985c840970e0c666	884692	0	0	1790943550.8016338	stopped by SIGTERM	0	0	1:2>2:2=4,1:3>3:2=4,2:2>1:2=4,2:3>3:3=4,3:2>1:3=4,3:3>2:3=4	-	-
1790943691.6	stopped	985c840970e0c666	884692	0	0	1790943550.8016338	stopped by SIGTERM	0	0	1:2>2:2=4,1:3>3:2=4,2:2>1:2=4,2:3>3:3=4,3:2>1:3=4,3:3>2:3=4	-	-
1790943692.6	stopped	985c840970e0c666	884692	0	0	1790943550.8016338	stopped by SIGTERM	0	0	1:2>2:2=4,1:3>3:2=4,2:2>1:2=4,2:3>3:3=4,3:2>1:3=4,3:3>2:3=4	-	-
1790943693.6	stopped	985c840970e0c666	884692	0	0	1790943550.8016338	stopped by SIGTERM	0	0	1:2>2:2=4,1:3>3:2=4,2:2>1:2=4,2:3>3:3=4,3:2>1:3=4,3:3>2:3=4	-	-
1790943694.6	stopped	985c840970e0c666	884692	0	0	1790943550.8016338	stopped by SIGTERM	0	0	1:2>2:2=4,1:3>3:2=4,2:2>1:2=4,2:3>3:3=4,3:2>1:3=4,3:3>2:3=4	-	-
1790943695.6	stopped	985c840970e0c666	884692	0	0	1790943550.8016338	stopped by SIGTERM	0	0	1:2>2:2=4,1:3>3:2=4,2:2>1:2=4,2:3>3:3=4,3:2>1:3=4,3:3>2:3=4	-	-
1790943696.7	stopped	985c840970e0c666	884692	0	0	1790943550.8016338	stopped by SIGTERM	0	0	1:2>2:2=4,1:3>3:2=4,2:2>1:2=4,2:3>3:3=4,3:2>1:3=4,3:3>2:3=4	-	-
1790943697.7	stopped	985c840970e0c666	884692	0	0	1790943550.8016338	stopped by SIGTERM	0	0	1:2>2:2=4,1:3>3:2=4,2:2>1:2=4,2:3>3:3=4,3:2>1:3=4,3:3>2:3=4	-	-
1790943698.7	stopped	985c840970e0c666	884692	0	0	1790943550.8016338	stopped by SIGTERM	0	0	1:2>2:2=4,1:3>3:2=4,2:2>1:2=4,2:3>3:3=4,3:2>1:3=4,3:3>2:3=4	-	-
1790943699.7	stopped	985c840970e0c666	884692	0	0	1790943550.8016338	stopped by SIGTERM	0	0	1:2>2:2=4,1:3>3:2=4,2:2>1:2=4,2:3>3:3=4,3:2>1:3=4,3:3>2:3=4	-	-
1790943700.7	stopped	985c840970e0c666	884692	0	0	1790943550.8016338	stopped by SIGTERM	0	0	1:2>2:2=4,1:3>3:2=4,2:2>1:2=4,2:3>3:3=4,3:2>1:3=4,3:3>2:3=4	-	-
1790943701.7	stopped	985c840970e0c666	884692	0	0	1790943550.8016338	stopped by SIGTERM	0	0	1:2>2:2=4,1:3>3:2=4,2:2>1:2=4,2:3>3:3=4,3:2>1:3=4,3:3>2:3=4	-	-
1790943702.7	stopped	985c840970e0c666	884692	0	0	1790943550.8016338	stopped by SIGTERM	0	0	1:2>2:2=4,1:3>3:2=4,2:2>1:2=4,2:3>3:3=4,3:2>1:3=4,3:3>2:3=4	-	-
1790943703.7	stopped	985c840970e0c666	884692	0	0	1790943550.8016338	stopped by SIGTERM	0	0	1:2>2:2=4,1:3>3:2=4,2:2>1:2=4,2:3>3:3=4,3:2>1:3=4,3:3>2:3=4	-	-
1790943704.7	stopped	985c840970e0c666	884692	0	0	1790943550.8016338	stopped by SIGTERM	0	0	1:2>2:2=4,1:3>3:2=4,2:2>1:2=4,2:3>3:3=4,3:2>1:3=4,3:3>2:3=4	-	-
1790943705.7	stopped	985c840970e0c666	884692	0	0	1790943550.8016338	stopped by SIGTERM	0	0	1:2>2:2=4,1:3>3:2=4,2:2>1:2=4,2:3>3:3=4,3:2>1:3=4,3:3>2:3=4	-	-
1790943706.7	stopped	985c840970e0c666	884692	0	0	1790943550.8016338	stopped by SIGTERM	0	0	1:2>2:2=4,1:3>3:2=4,2:2>1:2=4,2:3>3:3=4,3:2>1:3=4,3:3>2:3=4	-	-
1790943707.7	stopped	985c840970e0c666	884692	0	0	1790943550.8016338	stopped by SIGTERM	0	0	1:2>2:2=4,1:3>3:2=4,2:2>1:2=4,2:3>3:3=4,3:2>1:3=4,3:3>2:3=4	-	-
1790943708.7	stopped	985c840970e0c666	884692	0	0	1790943550.8016338	stopped by SIGTERM	0	0	1:2>2:2=4,1:3>3:2=4,2:2>1:2=4,2:3>3:3=4,3:2>1:3=4,3:3>2:3=4	-	-
1790943709.8	stopped	985c840970e0c666	884692	0	0	1790943550.8016338	stopped by SIGTERM	0	0	1:2>2:2=4,1:3>3:2=4,2:2>1:2=4,2:3>3:3=4,3:2>1:3=4,3:3>2:3=4	-	-
1790943710.8	stopped	985c840970e0c666	884692	0	0	1790943550.8016338	stopped by SIGTERM	0	0	1:2>2:2=4,1:3>3:2=4,2:2>1:2=4,2:3>3:3=4,3:2>1:3=4,3:3>2:3=4	-	-
1790943711.8	stopped	985c840970e0c666	884692	0	0	1790943550.8016338	stopped by SIGTERM	0	0	1:2>2:2=4,1:3>3:2=4,2:2>1:2=4,2:3>3:3=4,3:2>1:3=4,3:3>2:3=4	-	-
1790943712.8	stopped	985c840970e0c666	884692	0	0	1790943550.8016338	stopped by SIGTERM	0	0	1:2>2:2=4,1:3>3:2=4,2:2>1:2=4,2:3>3:3=4,3:2>1:3=4,3:3>2:3=4	-	-
1790943713.8	stopped	985c840970e0c666	884692	0	0	1790943550.8016338	stopped by SIGTERM	0	0	1:2>2:2=4,1:3>3:2=4,2:2>1:2=4,2:3>3:3=4,3:2>1:3=4,3:3>2:3=4	-	-
1790943714.8	stopped	985c840970e0c666	884692	0	0	1790943550.8016338	stopped by SIGTERM	0	0	1:2>2:2=4,1:3>3:2=4,2:2>1:2=4,2:3>3:3=4,3:2>1:3=4,3:3>2:3=4	-	-
1790943715.8	stopped	985c840970e0c666	884692	0	0	1790943550.8016338	stopped by SIGTERM	0	0	1:2>2:2=4,1:3>3:2=4,2:2>1:2=4,2:3>3:3=4,3:2>1:3=4,3:3>2:3=4	-	-
1790943716.8	stopped	985c840970e0c666	884692	0	0	1790943550.8016338	stopped by SIGTERM	0	0	1:2>2:2=4,1:3>3:2=4,2:2>1:2=4,2:3>3:3=4,3:2>1:3=4,3:3>2:3=4	-	-
1790943717.8	stopped	985c840970e0c666	884692	0	0	1790943550.8016338	stopped by SIGTERM	0	0	1:2>2:2=4,1:3>3:2=4,2:2>1:2=4,2:3>3:3=4,3:2>1:3=4,3:3>2:3=4	-	-
1790943718.8	stopped	985c840970e0c666	884692	0	0	1790943550.8016338	stopped by SIGTERM	0	0	1:2>2:2=4,1:3>3:2=4,2:2>1:2=4,2:3>3:3=4,3:2>1:3=4,3:3>2:3=4	-	-
1790943719.8	stopped	985c840970e0c666	884692	0	0	1790943550.8016338	stopped by SIGTERM	0	0	1:2>2:2=4,1:3>3:2=4,2:2>1:2=4,2:3>3:3=4,3:2>1:3=4,3:3>2:3=4	-	-
1790943720.8	stopped	985c840970e0c666	884692	0	0	1790943550.8016338	stopped by SIGTERM	0	0	1:2>2:2=4,1:3>3:2=4,2:2>1:2=4,2:3>3:3=4,3:2>1:3=4,3:3>2:3=4	-	-
1790943721.8	stopped	985c840970e0c666	884692	0	0	1790943550.8016338	stopped by SIGTERM	0	0	1:2>2:2=4,1:3>3:2=4,2:2>1:2=4,2:3>3:3=4,3:2>1:3=4,3:3>2:3=4	-	-
1790943722.8	stopped	985c840970e0c666	884692	0	0	1790943550.8016338	stopped by SIGTERM	0	0	1:2>2:2=4,1:3>3:2=4,2:2>1:2=4,2:3>3:3=4,3:2>1:3=4,3:3>2:3=4	-	-
1790943723.9	stopped	985c840970e0c666	884692	0	0	1790943550.8016338	stopped by SIGTERM	0	0	1:2>2:2=4,1:3>3:2=4,2:2>1:2=4,2:3>3:3=4,3:2>1:3=4,3:3>2:3=4	-	-
1790943724.9	stopped	985c840970e0c666	884692	0	0	1790943550.8016338	stopped by SIGTERM	0	0	1:2>2:2=4,1:3>3:2=4,2:2>1:2=4,2:3>3:3=4,3:2>1:3=4,3:3>2:3=4	-	-
1790943725.9	stopped	985c840970e0c666	884692	0	0	1790943550.8016338	stopped by SIGTERM	0	0	1:2>2:2=4,1:3>3:2=4,2:2>1:2=4,2:3>3:3=4,3:2>1:3=4,3:3>2:3=4	-	-
1790943726.9	stopped	985c840970e0c666	884692	0	0	1790943550.8016338	stopped by SIGTERM	0	0	1:2>2:2=4,1:3>3:2=4,2:2>1:2=4,2:3>3:3=4,3:2>1:3=4,3:3>2:3=4	-	-
1790943727.9	stopped	985c840970e0c666	884692	0	0	1790943550.8016338	stopped by SIGTERM	0	0	1:2>2:2=4,1:3>3:2=4,2:2>1:2=4,2:3>3:3=4,3:2>1:3=4,3:3>2:3=4	-	-
1790943728.9	stopped	985c840970e0c666	884692	0	0	1790943550.8016338	stopped by SIGTERM	0	0	1:2>2:2=4,1:3>3:2=4,2:2>1:2=4,2:3>3:3=4,3:2>1:3=4,3:3>2:3=4	-	-
1790943729.9	stopped	985c840970e0c666	884692	0	0	1790943550.8016338	stopped by SIGTERM	0	0	1:2>2:2=4,1:3>3:2=4,2:2>1:2=4,2:3>3:3=4,3:2>1:3=4,3:3>2:3=4	-	-
1790943730.9	stopped	985c840970e0c666	884692	0	0	1790943550.8016338	stopped by SIGTERM	0	0	1:2>2:2=4,1:3>3:2=4,2:2>1:2=4,2:3>3:3=4,3:2>1:3=4,3:3>2:3=4	-	-
1790943731.9	stopped	985c840970e0c666	884692	0	0	1790943550.8016338	stopped by SIGTERM	0	0	1:2>2:2=4,1:3>3:2=4,2:2>1:2=4,2:3>3:3=4,3:2>1:3=4,3:3>2:3=4	-	-
1790943732.9	stopped	985c840970e0c666	884692	0	0	1790943550.8016338	stopped by SIGTERM	0	0	1:2>2:2=4,1:3>3:2=4,2:2>1:2=4,2:3>3:3=4,3:2>1:3=4,3:3>2:3=4	-	-
1790943733.9	stopped	985c840970e0c666	884692	0	0	1790943550.8016338	stopped by SIGTERM	0	0	1:2>2:2=4,1:3>3:2=4,2:2>1:2=4,2:3>3:3=4,3:2>1:3=4,3:3>2:3=4	-	-
1790943735.0	stopped	985c840970e0c666	884692	0	0	1790943550.8016338	stopped by SIGTERM	0	0	1:2>2:2=4,1:3>3:2=4,2:2>1:2=4,2:3>3:3=4,3:2>1:3=4,3:3>2:3=4	-	-
1790943736.0	stopped	985c840970e0c666	884692	0	0	1790943550.8016338	stopped by SIGTERM	0	0	1:2>2:2=4,1:3>3:2=4,2:2>1:2=4,2:3>3:3=4,3:2>1:3=4,3:3>2:3=4	-	-
1790943737.0	stopped	985c840970e0c666	884692	0	0	1790943550.8016338	stopped by SIGTERM	0	0	1:2>2:2=4,1:3>3:2=4,2:2>1:2=4,2:3>3:3=4,3:2>1:3=4,3:3>2:3=4	-	-
1790943738.0	stopped	985c840970e0c666	884692	0	0	1790943550.8016338	stopped by SIGTERM	0	0	1:2>2:2=4,1:3>3:2=4,2:2>1:2=4,2:3>3:3=4,3:2>1:3=4,3:3>2:3=4	-	-
1790943739.0	stopped	985c840970e0c666	884692	0	0	1790943550.8016338	stopped by SIGTERM	0	0	1:2>2:2=4,1:3>3:2=4,2:2>1:2=4,2:3>3:3=4,3:2>1:3=4,3:3>2:3=4	-	-
1790943740.0	stopped	985c840970e0c666	884692	0	0	1790943550.8016338	stopped by SIGTERM	0	0	1:2>2:2=4,1:3>3:2=4,2:2>1:2=4,2:3>3:3=4,3:2>1:3=4,3:3>2:3=4	-	-
1790943741.0	stopped	985c840970e0c666	884692	0	0	1790943550.8016338	stopped by SIGTERM	0	0	1:2>2:2=4,1:3>3:2=4,2:2>1:2=4,2:3>3:3=4,3:2>1:3=4,3:3>2:3=4	-	-
1790943742.0	stopped	985c840970e0c666	884692	0	0	1790943550.8016338	stopped by SIGTERM	0	0	1:2>2:2=4,1:3>3:2=4,2:2>1:2=4,2:3>3:3=4,3:2>1:3=4,3:3>2:3=4	-	-
1790943743.0	stopped	985c840970e0c666	884692	0	0	1790943550.8016338	stopped by SIGTERM	0	0	1:2>2:2=4,1:3>3:2=4,2:2>1:2=4,2:3>3:3=4,3:2>1:3=4,3:3>2:3=4	-	-
1790943744.0	stopped	985c840970e0c666	884692	0	0	1790943550.8016338	stopped by SIGTERM	0	0	1:2>2:2=4,1:3>3:2=4,2:2>1:2=4,2:3>3:3=4,3:2>1:3=4,3:3>2:3=4	-	-
1790943745.0	stopped	985c840970e0c666	884692	0	0	1790943550.8016338	stopped by SIGTERM	0	0	1:2>2:2=4,1:3>3:2=4,2:2>1:2=4,2:3>3:3=4,3:2>1:3=4,3:3>2:3=4	-	-
1790943746.0	stopped	985c840970e0c666	884692	0	0	1790943550.8016338	stopped by SIGTERM	0	0	1:2>2:2=4,1:3>3:2=4,2:2>1:2=4,2:3>3:3=4,3:2>1:3=4,3:3>2:3=4	-	-
1790943747.0	stopped	985c840970e0c666	884692	0	0	1790943550.8016338	stopped by SIGTERM	0	0	1:2>2:2=4,1:3>3:2=4,2:2>1:2=4,2:3>3:3=4,3:2>1:3=4,3:3>2:3=4	-	-
1790943748.0	stopped	985c840970e0c666	884692	0	0	1790943550.8016338	stopped by SIGTERM	0	0	1:2>2:2=4,1:3>3:2=4,2:2>1:2=4,2:3>3:3=4,3:2>1:3=4,3:3>2:3=4	-	-
1790943749.0	stopped	985c840970e0c666	884692	0	0	1790943550.8016338	stopped by SIGTERM	0	0	1:2>2:2=4,1:3>3:2=4,2:2>1:2=4,2:3>3:3=4,3:2>1:3=4,3:3>2:3=4	-	-
1790943750.0	stopped	985c840970e0c666	884692	0	0	1790943550.8016338	stopped by SIGTERM	0	0	1:2>2:2=4,1:3>3:2=4,2:2>1:2=4,2:3>3:3=4,3:2>1:3=4,3:3>2:3=4	-	-
1790943751.0	stopped	985c840970e0c666	884692	0	0	1790943550.8016338	stopped by SIGTERM	0	0	1:2>2:2=4,1:3>3:2=4,2:2>1:2=4,2:3>3:3=4,3:2>1:3=4,3:3>2:3=4	-	-
1790943752.1	stopped	985c840970e0c666	884692	0	0	1790943550.8016338	stopped by SIGTERM	0	0	1:2>2:2=4,1:3>3:2=4,2:2>1:2=4,2:3>3:3=4,3:2>1:3=4,3:3>2:3=4	-	-
1790943753.1	stopped	985c840970e0c666	884692	0	0	1790943550.8016338	stopped by SIGTERM	0	0	1:2>2:2=4,1:3>3:2=4,2:2>1:2=4,2:3>3:3=4,3:2>1:3=4,3:3>2:3=4	-	-
1790943754.1	stopped	985c840970e0c666	884692	0	0	1790943550.8016338	stopped by SIGTERM	0	0	1:2>2:2=4,1:3>3:2=4,2:2>1:2=4,2:3>3:3=4,3:2>1:3=4,3:3>2:3=4	-	-
1790943755.1	stopped	985c840970e0c666	884692	0	0	1790943550.8016338	stopped by SIGTERM	0	0	1:2>2:2=4,1:3>3:2=4,2:2>1:2=4,2:3>3:3=4,3:2>1:3=4,3:3>2:3=4	-	-
1790943756.1	stopped	985c840970e0c666	884692	0	0	1790943550.8016338	stopped by SIGTERM	0	0	1:2>2:2=4,1:3>3:2=4,2:2>1:2=4,2:3>3:3=4,3:2>1:3=4,3:3>2:3=4	-	-
1790943757.1	stopped	985c840970e0c666	884692	0	0	1790943550.8016338	stopped by SIGTERM	0	0	1:2>2:2=4,1:3>3:2=4,2:2>1:2=4,2:3>3:3=4,3:2>1:3=4,3:3>2:3=4	-	-
1790943758.1	stopped	985c840970e0c666	884692	0	0	1790943550.8016338	stopped by SIGTERM	0	0	1:2>2:2=4,1:3>3:2=4,2:2>1:2=4,2:3>3:3=4,3:2>1:3=4,3:3>2:3=4	-	-
1790943759.1	stopped	985c840970e0c666	884692	0	0	1790943550.8016338	stopped by SIGTERM	0	0	1:2>2:2=4,1:3>3:2=4,2:2>1:2=4,2:3>3:3=4,3:2>1:3=4,3:3>2:3=4	-	-
1790943760.1	stopped	985c840970e0c666	884692	0	0	1790943550.8016338	stopped by SIGTERM	0	0	1:2>2:2=4,1:3>3:2=4,2:2>1:2=4,2:3>3:3=4,3:2>1:3=4,3:3>2:3=4	-	-
1790943761.1	stopped	985c840970e0c666	884692	0	0	1790943550.8016338	stopped by SIGTERM	0	0	1:2>2:2=4,1:3>3:2=4,2:2>1:2=4,2:3>3:3=4,3:2>1:3=4,3:3>2:3=4	-	-
1790943762.1	stopped	985c840970e0c666	884692	0	0	1790943550.8016338	stopped by SIGTERM	0	0	1:2>2:2=4,1:3>3:2=4,2:2>1:2=4,2:3>3:3=4,3:2>1:3=4,3:3>2:3=4	-	-
1790943763.1	stopped	985c840970e0c666	884692	0	0	1790943550.8016338	stopped by SIGTERM	0	0	1:2>2:2=4,1:3>3:2=4,2:2>1:2=4,2:3>3:3=4,3:2>1:3=4,3:3>2:3=4	-	-
1790943764.1	stopped	985c840970e0c666	884692	0	0	1790943550.8016338	stopped by SIGTERM	0	0	1:2>2:2=4,1:3>3:2=4,2:2>1:2=4,2:3>3:3=4,3:2>1:3=4,3:3>2:3=4	-	-
1790943765.1	stopped	985c840970e0c666	884692	0	0	1790943550.8016338	stopped by SIGTERM	0	0	1:2>2:2=4,1:3>3:2=4,2:2>1:2=4,2:3>3:3=4,3:2>1:3=4,3:3>2:3=4	-	-
1790943766.1	stopped	985c840970e0c666	884692	0	0	1790943550.8016338	stopped by SIGTERM	0	0	1:2>2:2=4,1:3>3:2=4,2:2>1:2=4,2:3>3:3=4,3:2>1:3=4,3:3>2:3=4	-	-
1790943767.1	stopped	985c840970e0c666	884692	0	0	1790943550.8016338	stopped by SIGTERM	0	0	1:2>2:2=4,1:3>3:2=4,2:2>1:2=4,2:3>3:3=4,3:2>1:3=4,3:3>2:3=4	-	-
1790943768.1	stopped	985c840970e0c666	884692	0	0	1790943550.8016338	stopped by SIGTERM	0	0	1:2>2:2=4,1:3>3:2=4,2:2>1:2=4,2:3>3:3=4,3:2>1:3=4,3:3>2:3=4	-	-
1790943769.2	stopped	985c840970e0c666	884692	0	0	1790943550.8016338	stopped by SIGTERM	0	0	1:2>2:2=4,1:3>3:2=4,2:2>1:2=4,2:3>3:3=4,3:2>1:3=4,3:3>2:3=4	-	-
1790943770.2	stopped	985c840970e0c666	884692	0	0	1790943550.8016338	stopped by SIGTERM	0	0	1:2>2:2=4,1:3>3:2=4,2:2>1:2=4,2:3>3:3=4,3:2>1:3=4,3:3>2:3=4	-	-
1790943771.2	stopped	985c840970e0c666	884692	0	0	1790943550.8016338	stopped by SIGTERM	0	0	1:2>2:2=4,1:3>3:2=4,2:2>1:2=4,2:3>3:3=4,3:2>1:3=4,3:3>2:3=4	-	-
1790943772.2	stopped	985c840970e0c666	884692	0	0	1790943550.8016338	stopped by SIGTERM	0	0	1:2>2:2=4,1:3>3:2=4,2:2>1:2=4,2:3>3:3=4,3:2>1:3=4,3:3>2:3=4	-	-
1790943773.2	stopped	985c840970e0c666	884692	0	0	1790943550.8016338	stopped by SIGTERM	0	0	1:2>2:2=4,1:3>3:2=4,2:2>1:2=4,2:3>3:3=4,3:2>1:3=4,3:3>2:3=4	-	-
1790943774.2	stopped	985c840970e0c666	884692	0	0	1790943550.8016338	stopped by SIGTERM	0	0	1:2>2:2=4,1:3>3:2=4,2:2>1:2=4,2:3>3:3=4,3:2>1:3=4,3:3>2:3=4	-	-
1790943775.2	stopped	985c840970e0c666	884692	0	0	1790943550.8016338	stopped by SIGTERM	0	0	1:2>2:2=4,1:3>3:2=4,2:2>1:2=4,2:3>3:3=4,3:2>1:3=4,3:3>2:3=4	-	-
1790943776.2	stopped	985c840970e0c666	884692	0	0	1790943550.8016338	stopped by SIGTERM	0	0	1:2>2:2=4,1:3>3:2=4,2:2>1:2=4,2:3>3:3=4,3:2>1:3=4,3:3>2:3=4	-	-
1790943777.2	stopped	985c840970e0c666	884692	0	0	1790943550.8016338	stopped by SIGTERM	0	0	1:2>2:2=4,1:3>3:2=4,2:2>1:2=4,2:3>3:3=4,3:2>1:3=4,3:3>2:3=4	-	-
1790943778.2	stopped	985c840970e0c666	884692	0	0	1790943550.8016338	stopped by SIGTERM	0	0	1:2>2:2=4,1:3>3:2=4,2:2>1:2=4,2:3>3:3=4,3:2>1:3=4,3:3>2:3=4	-	-
1790943779.2	stopped	985c840970e0c666	884692	0	0	1790943550.8016338	stopped by SIGTERM	0	0	1:2>2:2=4,1:3>3:2=4,2:2>1:2=4,2:3>3:3=4,3:2>1:3=4,3:3>2:3=4	-	-
1790943780.2	stopped	985c840970e0c666	884692	0	0	1790943550.8016338	stopped by SIGTERM	0	0	1:2>2:2=4,1:3>3:2=4,2:2>1:2=4,2:3>3:3=4,3:2>1:3=4,3:3>2:3=4	-	-
1790943781.2	stopped	985c840970e0c666	884692	0	0	1790943550.8016338	stopped by SIGTERM	0	0	1:2>2:2=4,1:3>3:2=4,2:2>1:2=4,2:3>3:3=4,3:2>1:3=4,3:3>2:3=4	-	-
1790943782.2	stopped	985c840970e0c666	884692	0	0	1790943550.8016338	stopped by SIGTERM	0	0	1:2>2:2=4,1:3>3:2=4,2:2>1:2=4,2:3>3:3=4,3:2>1:3=4,3:3>2:3=4	-	-
1790943783.2	stopped	985c840970e0c666	884692	0	0	1790943550.8016338	stopped by SIGTERM	0	0	1:2>2:2=4,1:3>3:2=4,2:2>1:2=4,2:3>3:3=4,3:2>1:3=4,3:3>2:3=4	-	-
1790943784.2	stopped	985c840970e0c666	884692	0	0	1790943550.8016338	stopped by SIGTERM	0	0	1:2>2:2=4,1:3>3:2=4,2:2>1:2=4,2:3>3:3=4,3:2>1:3=4,3:3>2:3=4	-	-
1790943785.2	stopped	985c840970e0c666	884692	0	0	1790943550.8016338	stopped by SIGTERM	0	0	1:2>2:2=4,1:3>3:2=4,2:2>1:2=4,2:3>3:3=4,3:2>1:3=4,3:3>2:3=4	-	-
1790943786.3	stopped	985c840970e0c666	884692	0	0	1790943550.8016338	stopped by SIGTERM	0	0	1:2>2:2=4,1:3>3:2=4,2:2>1:2=4,2:3>3:3=4,3:2>1:3=4,3:3>2:3=4	-	-
1790943787.3	stopped	985c840970e0c666	884692	0	0	1790943550.8016338	stopped by SIGTERM	0	0	1:2>2:2=4,1:3>3:2=4,2:2>1:2=4,2:3>3:3=4,3:2>1:3=4,3:3>2:3=4	-	-
1790943788.3	stopped	985c840970e0c666	884692	0	0	1790943550.8016338	stopped by SIGTERM	0	0	1:2>2:2=4,1:3>3:2=4,2:2>1:2=4,2:3>3:3=4,3:2>1:3=4,3:3>2:3=4	-	-
1790943789.3	stopped	985c840970e0c666	884692	0	0	1790943550.8016338	stopped by SIGTERM	0	0	1:2>2:2=4,1:3>3:2=4,2:2>1:2=4,2:3>3:3=4,3:2>1:3=4,3:3>2:3=4	-	-
1790943790.3	stopped	985c840970e0c666	884692	0	0	1790943550.8016338	stopped by SIGTERM	0	0	1:2>2:2=4,1:3>3:2=4,2:2>1:2=4,2:3>3:3=4,3:2>1:3=4,3:3>2:3=4	-	-
1790943791.3	stopped	985c840970e0c666	884692	0	0	1790943550.8016338	stopped by SIGTERM	0	0	1:2>2:2=4,1:3>3:2=4,2:2>1:2=4,2:3>3:3=4,3:2>1:3=4,3:3>2:3=4	-	-
1790943792.3	stopped	985c840970e0c666	884692	0	0	1790943550.8016338	stopped by SIGTERM	0	0	1:2>2:2=4,1:3>3:2=4,2:2>1:2=4,2:3>3:3=4,3:2>1:3=4,3:3>2:3=4	-	-
1790943793.3	stopped	985c840970e0c666	884692	0	0	1790943550.8016338	stopped by SIGTERM	0	0	1:2>2:2=4,1:3>3:2=4,2:2>1:2=4,2:3>3:3=4,3:2>1:3=4,3:3>2:3=4	-	-
1790943794.3	stopped	985c840970e0c666	884692	0	0	1790943550.8016338	stopped by SIGTERM	0	0	1:2>2:2=4,1:3>3:2=4,2:2>1:2=4,2:3>3:3=4,3:2>1:3=4,3:3>2:3=4	-	-
1790943795.3	stopped	985c840970e0c666	884692	0	0	1790943550.8016338	stopped by SIGTERM	0	0	1:2>2:2=4,1:3>3:2=4,2:2>1:2=4,2:3>3:3=4,3:2>1:3=4,3:3>2:3=4	-	-
1790943796.3	stopped	985c840970e0c666	884692	0	0	1790943550.8016338	stopped by SIGTERM	0	0	1:2>2:2=4,1:3>3:2=4,2:2>1:2=4,2:3>3:3=4,3:2>1:3=4,3:3>2:3=4	-	-
1790943797.3	stopped	985c840970e0c666	884692	0	0	1790943550.8016338	stopped by SIGTERM	0	0	1:2>2:2=4,1:3>3:2=4,2:2>1:2=4,2:3>3:3=4,3:2>1:3=4,3:3>2:3=4	-	-
1790943798.3	stopped	985c840970e0c666	884692	0	0	1790943550.8016338	stopped by SIGTERM	0	0	1:2>2:2=4,1:3>3:2=4,2:2>1:2=4,2:3>3:3=4,3:2>1:3=4,3:3>2:3=4	-	-
1790943799.3	stopped	985c840970e0c666	884692	0	0	1790943550.8016338	stopped by SIGTERM	0	0	1:2>2:2=4,1:3>3:2=4,2:2>1:2=4,2:3>3:3=4,3:2>1:3=4,3:3>2:3=4	-	-
1790943800.3	stopped	985c840970e0c666	884692	0	0	1790943550.8016338	stopped by SIGTERM	0	0	1:2>2:2=4,1:3>3:2=4,2:2>1:2=4,2:3>3:3=4,3:2>1:3=4,3:3>2:3=4	-	-
1790943801.3	stopped	985c840970e0c666	884692	0	0	1790943550.8016338	stopped by SIGTERM	0	0	1:2>2:2=4,1:3>3:2=4,2:2>1:2=4,2:3>3:3=4,3:2>1:3=4,3:3>2:3=4	-	-
1790943802.3	stopped	985c840970e0c666	884692	0	0	1790943550.8016338	stopped by SIGTERM	0	0	1:2>2:2=4,1:3>3:2=4,2:2>1:2=4,2:3>3:3=4,3:2>1:3=4,3:3>2:3=4	-	-
1790943803.4	stopped	985c840970e0c666	884692	0	0	1790943550.8016338	stopped by SIGTERM	0	0	1:2>2:2=4,1:3>3:2=4,2:2>1:2=4,2:3>3:3=4,3:2>1:3=4,3:3>2:3=4	-	-
1790943804.4	stopped	985c840970e0c666	884692	0	0	1790943550.8016338	stopped by SIGTERM	0	0	1:2>2:2=4,1:3>3:2=4,2:2>1:2=4,2:3>3:3=4,3:2>1:3=4,3:3>2:3=4	-	-
1790943805.4	running	c59e6eabb5bcbb4e	899142	0	0	1790943804.9025154		0	0	1:2>2:2=0,1:3>3:2=0,2:2>1:2=0,2:3>3:3=0,3:2>1:3=0,3:3>2:3=0	-	-
1790943806.4	running	c59e6eabb5bcbb4e	899142	0	0	1790943805.4033258		0	0	1:2>2:2=1,1:3>3:2=1,2:2>1:2=1,2:3>3:3=1,3:2>1:3=1,3:3>2:3=1	-	-
1790943807.4	running	c59e6eabb5bcbb4e	899142	0	0	1790943805.4033258		0	0	1:2>2:2=1,1:3>3:2=1,2:2>1:2=1,2:3>3:3=1,3:2>1:3=1,3:3>2:3=1	-	-
1790943808.4	running	c59e6eabb5bcbb4e	899142	0	0	1790943805.4033258		0	0	1:2>2:2=1,1:3>3:2=1,2:2>1:2=1,2:3>3:3=1,3:2>1:3=1,3:3>2:3=1	-	-
1790943809.4	running	c59e6eabb5bcbb4e	899142	0	0	1790943805.4033258		0	0	1:2>2:2=1,1:3>3:2=1,2:2>1:2=1,2:3>3:3=1,3:2>1:3=1,3:3>2:3=1	-	-
1790943810.4	running	c59e6eabb5bcbb4e	899142	0	0	1790943809.907062		0	0	1:2>2:2=1,1:3>3:2=1,2:2>1:2=1,2:3>3:3=1,3:2>1:3=1,3:3>2:3=1	-	-
1790943811.4	running	c59e6eabb5bcbb4e	899142	0	0	1790943810.4083357		0	0	1:2>2:2=2,1:3>3:2=2,2:2>1:2=2,2:3>3:3=2,3:2>1:3=2,3:3>2:3=2	-	-
1790943812.4	running	c59e6eabb5bcbb4e	899142	0	0	1790943810.4083357		0	0	1:2>2:2=2,1:3>3:2=2,2:2>1:2=2,2:3>3:3=2,3:2>1:3=2,3:3>2:3=2	-	-
1790943813.4	running	c59e6eabb5bcbb4e	899142	0	0	1790943810.4083357		0	0	1:2>2:2=2,1:3>3:2=2,2:2>1:2=2,2:3>3:3=2,3:2>1:3=2,3:3>2:3=2	-	-
1790943814.4	running	c59e6eabb5bcbb4e	899142	0	0	1790943810.4083357		0	0	1:2>2:2=2,1:3>3:2=2,2:2>1:2=2,2:3>3:3=2,3:2>1:3=2,3:3>2:3=2	-	-
1790943815.4	running	c59e6eabb5bcbb4e	899142	0	0	1790943815.4084947		0	0	1:2>2:2=3,1:3>3:2=3,2:2>1:2=3,2:3>3:3=3,3:2>1:3=3,3:3>2:3=3	-	-
1790943816.4	running	c59e6eabb5bcbb4e	899142	0	0	1790943815.4084947		0	0	1:2>2:2=3,1:3>3:2=3,2:2>1:2=3,2:3>3:3=3,3:2>1:3=3,3:3>2:3=3	-	-
1790943817.4	running	c59e6eabb5bcbb4e	899142	0	0	1790943815.4084947		0	0	1:2>2:2=3,1:3>3:2=3,2:2>1:2=3,2:3>3:3=3,3:2>1:3=3,3:3>2:3=3	-	-
1790943818.4	running	c59e6eabb5bcbb4e	899142	0	0	1790943815.4084947		0	0	1:2>2:2=3,1:3>3:2=3,2:2>1:2=3,2:3>3:3=3,3:2>1:3=3,3:3>2:3=3	-	-
1790943819.5	running	c59e6eabb5bcbb4e	899142	0	0	1790943815.4084947		0	0	1:2>2:2=3,1:3>3:2=3,2:2>1:2=3,2:3>3:3=3,3:2>1:3=3,3:3>2:3=3	-	-
1790943820.5	running	c59e6eabb5bcbb4e	899142	0	0	1790943820.4084918		0	0	1:2>2:2=4,1:3>3:2=4,2:2>1:2=4,2:3>3:3=4,3:2>1:3=4,3:3>2:3=4	-	-
1790943821.5	running	c59e6eabb5bcbb4e	899142	0	0	1790943820.4084918		0	0	1:2>2:2=4,1:3>3:2=4,2:2>1:2=4,2:3>3:3=4,3:2>1:3=4,3:3>2:3=4	-	-
1790943822.5	running	c59e6eabb5bcbb4e	899142	0	0	1790943820.4084918		0	0	1:2>2:2=4,1:3>3:2=4,2:2>1:2=4,2:3>3:3=4,3:2>1:3=4,3:3>2:3=4	-	-
1790943823.5	running	c59e6eabb5bcbb4e	899142	0	0	1790943820.4084918		0	0	1:2>2:2=4,1:3>3:2=4,2:2>1:2=4,2:3>3:3=4,3:2>1:3=4,3:3>2:3=4	-	-
1790943824.5	running	c59e6eabb5bcbb4e	899142	0	0	1790943820.4084918		0	0	1:2>2:2=4,1:3>3:2=4,2:2>1:2=4,2:3>3:3=4,3:2>1:3=4,3:3>2:3=4	-	-
1790943825.5	running	c59e6eabb5bcbb4e	899142	0	0	1790943825.4076674		0	0	1:2>2:2=5,1:3>3:2=5,2:2>1:2=5,2:3>3:3=5,3:2>1:3=5,3:3>2:3=5	-	-
1790943826.5	running	c59e6eabb5bcbb4e	899142	0	0	1790943825.4076674		0	0	1:2>2:2=5,1:3>3:2=5,2:2>1:2=5,2:3>3:3=5,3:2>1:3=5,3:3>2:3=5	-	-
1790943827.5	running	c59e6eabb5bcbb4e	899142	0	0	1790943825.4076674		0	0	1:2>2:2=5,1:3>3:2=5,2:2>1:2=5,2:3>3:3=5,3:2>1:3=5,3:3>2:3=5	-	-
1790943828.5	running	c59e6eabb5bcbb4e	899142	0	0	1790943825.4076674		0	0	1:2>2:2=5,1:3>3:2=5,2:2>1:2=5,2:3>3:3=5,3:2>1:3=5,3:3>2:3=5	-	-
1790943829.5	running	c59e6eabb5bcbb4e	899142	0	0	1790943825.4076674		0	0	1:2>2:2=5,1:3>3:2=5,2:2>1:2=5,2:3>3:3=5,3:2>1:3=5,3:3>2:3=5	-	-
1790943830.5	running	c59e6eabb5bcbb4e	899142	0	0	1790943830.40862		0	0	1:2>2:2=6,1:3>3:2=6,2:2>1:2=6,2:3>3:3=6,3:2>1:3=6,3:3>2:3=6	-	-
1790943831.5	running	c59e6eabb5bcbb4e	899142	0	0	1790943830.40862		0	0	1:2>2:2=6,1:3>3:2=6,2:2>1:2=6,2:3>3:3=6,3:2>1:3=6,3:3>2:3=6	-	-
1790943832.5	running	c59e6eabb5bcbb4e	899142	0	0	1790943830.40862		0	0	1:2>2:2=6,1:3>3:2=6,2:2>1:2=6,2:3>3:3=6,3:2>1:3=6,3:3>2:3=6	-	-
1790943833.5	running	c59e6eabb5bcbb4e	899142	0	0	1790943830.40862		0	0	1:2>2:2=6,1:3>3:2=6,2:2>1:2=6,2:3>3:3=6,3:2>1:3=6,3:3>2:3=6	-	-
1790943834.5	running	c59e6eabb5bcbb4e	899142	0	0	1790943830.40862		0	0	1:2>2:2=6,1:3>3:2=6,2:2>1:2=6,2:3>3:3=6,3:2>1:3=6,3:3>2:3=6	-	-
1790943835.5	running	c59e6eabb5bcbb4e	899142	0	0	1790943835.4078674		0	0	1:2>2:2=7,1:3>3:2=7,2:2>1:2=7,2:3>3:3=7,3:2>1:3=7,3:3>2:3=7	-	-
1790943836.5	running	c59e6eabb5bcbb4e	899142	0	0	1790943835.4078674		0	0	1:2>2:2=7,1:3>3:2=7,2:2>1:2=7,2:3>3:3=7,3:2>1:3=7,3:3>2:3=7	-	-
1790943837.6	running	c59e6eabb5bcbb4e	899142	0	0	1790943835.4078674		0	0	1:2>2:2=7,1:3>3:2=7,2:2>1:2=7,2:3>3:3=7,3:2>1:3=7,3:3>2:3=7	-	-
1790943838.6	running	c59e6eabb5bcbb4e	899142	0	0	1790943835.4078674		0	0	1:2>2:2=7,1:3>3:2=7,2:2>1:2=7,2:3>3:3=7,3:2>1:3=7,3:3>2:3=7	-	-
1790943839.6	running	c59e6eabb5bcbb4e	899142	0	0	1790943835.4078674		0	0	1:2>2:2=7,1:3>3:2=7,2:2>1:2=7,2:3>3:3=7,3:2>1:3=7,3:3>2:3=7	-	-
1790943840.6	running	c59e6eabb5bcbb4e	899142	0	0	1790943840.4086125		0	0	1:2>2:2=8,1:3>3:2=8,2:2>1:2=8,2:3>3:3=8,3:2>1:3=8,3:3>2:3=8	-	-
1790943841.6	running	c59e6eabb5bcbb4e	899142	0	0	1790943840.4086125		0	0	1:2>2:2=8,1:3>3:2=8,2:2>1:2=8,2:3>3:3=8,3:2>1:3=8,3:3>2:3=8	-	-
1790943842.6	running	c59e6eabb5bcbb4e	899142	0	0	1790943840.4086125		0	0	1:2>2:2=8,1:3>3:2=8,2:2>1:2=8,2:3>3:3=8,3:2>1:3=8,3:3>2:3=8	-	-
1790943843.6	running	c59e6eabb5bcbb4e	899142	0	0	1790943840.4086125		0	0	1:2>2:2=8,1:3>3:2=8,2:2>1:2=8,2:3>3:3=8,3:2>1:3=8,3:3>2:3=8	-	-
1790943844.6	running	c59e6eabb5bcbb4e	899142	0	0	1790943840.4086125		0	0	1:2>2:2=8,1:3>3:2=8,2:2>1:2=8,2:3>3:3=8,3:2>1:3=8,3:3>2:3=8	-	-
1790943845.6	running	c59e6eabb5bcbb4e	899142	0	0	1790943845.40862		0	0	1:2>2:2=9,1:3>3:2=9,2:2>1:2=9,2:3>3:3=9,3:2>1:3=9,3:3>2:3=9	-	-
1790943846.6	running	c59e6eabb5bcbb4e	899142	0	0	1790943845.40862		0	0	1:2>2:2=9,1:3>3:2=9,2:2>1:2=9,2:3>3:3=9,3:2>1:3=9,3:3>2:3=9	-	-
1790943847.6	running	c59e6eabb5bcbb4e	899142	0	0	1790943845.40862		0	0	1:2>2:2=9,1:3>3:2=9,2:2>1:2=9,2:3>3:3=9,3:2>1:3=9,3:3>2:3=9	-	-
1790943848.6	running	c59e6eabb5bcbb4e	899142	0	0	1790943845.40862		0	0	1:2>2:2=9,1:3>3:2=9,2:2>1:2=9,2:3>3:3=9,3:2>1:3=9,3:3>2:3=9	-	-
1790943849.6	running	c59e6eabb5bcbb4e	899142	0	0	1790943845.40862		0	0	1:2>2:2=9,1:3>3:2=9,2:2>1:2=9,2:3>3:3=9,3:2>1:3=9,3:3>2:3=9	-	-
1790943850.6	running	c59e6eabb5bcbb4e	899142	0	0	1790943850.408388		0	0	1:2>2:2=10,1:3>3:2=10,2:2>1:2=10,2:3>3:3=10,3:2>1:3=10,3:3>2:3=10	-	-
1790943851.6	running	c59e6eabb5bcbb4e	899142	0	0	1790943850.408388		0	0	1:2>2:2=10,1:3>3:2=10,2:2>1:2=10,2:3>3:3=10,3:2>1:3=10,3:3>2:3=10	-	-
1790943852.6	running	c59e6eabb5bcbb4e	899142	0	0	1790943850.408388		0	0	1:2>2:2=10,1:3>3:2=10,2:2>1:2=10,2:3>3:3=10,3:2>1:3=10,3:3>2:3=10	-	-
1790943853.6	running	c59e6eabb5bcbb4e	899142	0	0	1790943850.408388		0	0	1:2>2:2=10,1:3>3:2=10,2:2>1:2=10,2:3>3:3=10,3:2>1:3=10,3:3>2:3=10	-	-
1790943854.6	running	c59e6eabb5bcbb4e	899142	0	0	1790943850.408388		0	0	1:2>2:2=10,1:3>3:2=10,2:2>1:2=10,2:3>3:3=10,3:2>1:3=10,3:3>2:3=10	-	-
1790943855.7	running	c59e6eabb5bcbb4e	899142	0	0	1790943855.4078398		0	0	1:2>2:2=11,1:3>3:2=11,2:2>1:2=11,2:3>3:3=11,3:2>1:3=11,3:3>2:3=11	-	-
1790943856.7	stopped	c59e6eabb5bcbb4e	899142	0	0	1790943855.9496884	stopped by SIGTERM	0	0	1:2>2:2=11,1:3>3:2=11,2:2>1:2=11,2:3>3:3=11,3:2>1:3=11,3:3>2:3=11	-	-
1790943857.7	stopped	c59e6eabb5bcbb4e	899142	0	0	1790943855.9496884	stopped by SIGTERM	0	0	1:2>2:2=11,1:3>3:2=11,2:2>1:2=11,2:3>3:3=11,3:2>1:3=11,3:3>2:3=11	-	-
1790943858.7	stopped	c59e6eabb5bcbb4e	899142	0	0	1790943855.9496884	stopped by SIGTERM	0	0	1:2>2:2=11,1:3>3:2=11,2:2>1:2=11,2:3>3:3=11,3:2>1:3=11,3:3>2:3=11	-	-
1790943859.7	stopped	c59e6eabb5bcbb4e	899142	0	0	1790943855.9496884	stopped by SIGTERM	0	0	1:2>2:2=11,1:3>3:2=11,2:2>1:2=11,2:3>3:3=11,3:2>1:3=11,3:3>2:3=11	-	-
1790943860.7	stopped	c59e6eabb5bcbb4e	899142	0	0	1790943855.9496884	stopped by SIGTERM	0	0	1:2>2:2=11,1:3>3:2=11,2:2>1:2=11,2:3>3:3=11,3:2>1:3=11,3:3>2:3=11	-	-
1790943861.7	stopped	c59e6eabb5bcbb4e	899142	0	0	1790943855.9496884	stopped by SIGTERM	0	0	1:2>2:2=11,1:3>3:2=11,2:2>1:2=11,2:3>3:3=11,3:2>1:3=11,3:3>2:3=11	-	-
1790943862.7	stopped	c59e6eabb5bcbb4e	899142	0	0	1790943855.9496884	stopped by SIGTERM	0	0	1:2>2:2=11,1:3>3:2=11,2:2>1:2=11,2:3>3:3=11,3:2>1:3=11,3:3>2:3=11	-	-
1790943863.7	stopped	c59e6eabb5bcbb4e	899142	0	0	1790943855.9496884	stopped by SIGTERM	0	0	1:2>2:2=11,1:3>3:2=11,2:2>1:2=11,2:3>3:3=11,3:2>1:3=11,3:3>2:3=11	-	-
1790943864.7	stopped	c59e6eabb5bcbb4e	899142	0	0	1790943855.9496884	stopped by SIGTERM	0	0	1:2>2:2=11,1:3>3:2=11,2:2>1:2=11,2:3>3:3=11,3:2>1:3=11,3:3>2:3=11	-	-
1790943865.7	stopped	c59e6eabb5bcbb4e	899142	0	0	1790943855.9496884	stopped by SIGTERM	0	0	1:2>2:2=11,1:3>3:2=11,2:2>1:2=11,2:3>3:3=11,3:2>1:3=11,3:3>2:3=11	-	-
1790943866.7	running	0e8ae7bdf0d91586	902574	0	0	1790943866.499962		0	0	1:2>2:2=1,1:3>3:2=1,2:2>1:2=1,2:3>3:3=1,3:2>1:3=1,3:3>2:3=1	-	-
1790943867.7	running	0e8ae7bdf0d91586	902574	0	0	1790943866.499962		0	0	1:2>2:2=1,1:3>3:2=1,2:2>1:2=1,2:3>3:3=1,3:2>1:3=1,3:3>2:3=1	-	-
1790943868.7	running	0e8ae7bdf0d91586	902574	0	0	1790943866.499962		0	0	1:2>2:2=1,1:3>3:2=1,2:2>1:2=1,2:3>3:3=1,3:2>1:3=1,3:3>2:3=1	-	-
1790943869.7	running	0e8ae7bdf0d91586	902574	0	0	1790943866.499962		0	0	1:2>2:2=1,1:3>3:2=1,2:2>1:2=1,2:3>3:3=1,3:2>1:3=1,3:3>2:3=1	-	-
1790943870.7	running	0e8ae7bdf0d91586	902574	0	0	1790943866.499962		0	0	1:2>2:2=1,1:3>3:2=1,2:2>1:2=1,2:3>3:3=1,3:2>1:3=1,3:3>2:3=1	-	-
1790943871.8	running	0e8ae7bdf0d91586	902574	0	0	1790943871.5056307		0	0	1:2>2:2=2,1:3>3:2=2,2:2>1:2=2,2:3>3:3=2,3:2>1:3=2,3:3>2:3=2	-	-
1790943872.8	running	0e8ae7bdf0d91586	902574	0	0	1790943871.5056307		0	0	1:2>2:2=2,1:3>3:2=2,2:2>1:2=2,2:3>3:3=2,3:2>1:3=2,3:3>2:3=2	-	-
1790943873.8	running	0e8ae7bdf0d91586	902574	0	0	1790943871.5056307		0	0	1:2>2:2=2,1:3>3:2=2,2:2>1:2=2,2:3>3:3=2,3:2>1:3=2,3:3>2:3=2	-	-
1790943874.8	running	0e8ae7bdf0d91586	902574	0	0	1790943871.5056307		0	0	1:2>2:2=2,1:3>3:2=2,2:2>1:2=2,2:3>3:3=2,3:2>1:3=2,3:3>2:3=2	-	-
1790943875.8	running	0e8ae7bdf0d91586	902574	0	0	1790943871.5056307		0	0	1:2>2:2=2,1:3>3:2=2,2:2>1:2=2,2:3>3:3=2,3:2>1:3=2,3:3>2:3=2	-	-
1790943876.8	running	0e8ae7bdf0d91586	902574	0	0	1790943876.5058634		0	0	1:2>2:2=3,1:3>3:2=3,2:2>1:2=3,2:3>3:3=3,3:2>1:3=3,3:3>2:3=3	-	-
1790943877.8	running	0e8ae7bdf0d91586	902574	0	0	1790943876.5058634		0	0	1:2>2:2=3,1:3>3:2=3,2:2>1:2=3,2:3>3:3=3,3:2>1:3=3,3:3>2:3=3	-	-
1790943878.8	running	0e8ae7bdf0d91586	902574	0	0	1790943876.5058634		0	0	1:2>2:2=3,1:3>3:2=3,2:2>1:2=3,2:3>3:3=3,3:2>1:3=3,3:3>2:3=3	-	-
1790943879.8	running	0e8ae7bdf0d91586	902574	0	0	1790943876.5058634		0	0	1:2>2:2=3,1:3>3:2=3,2:2>1:2=3,2:3>3:3=3,3:2>1:3=3,3:3>2:3=3	-	-
1790943880.8	running	0e8ae7bdf0d91586	902574	0	0	1790943876.5058634		0	0	1:2>2:2=3,1:3>3:2=3,2:2>1:2=3,2:3>3:3=3,3:2>1:3=3,3:3>2:3=3	-	-
1790943881.8	running	0e8ae7bdf0d91586	902574	0	0	1790943881.5070899		0	0	1:2>2:2=4,1:3>3:2=4,2:2>1:2=4,2:3>3:3=4,3:2>1:3=4,3:3>2:3=4	-	-
1790943882.8	running	0e8ae7bdf0d91586	902574	0	0	1790943881.5070899		0	0	1:2>2:2=4,1:3>3:2=4,2:2>1:2=4,2:3>3:3=4,3:2>1:3=4,3:3>2:3=4	-	-
1790943883.8	running	0e8ae7bdf0d91586	902574	0	0	1790943881.5070899		0	0	1:2>2:2=4,1:3>3:2=4,2:2>1:2=4,2:3>3:3=4,3:2>1:3=4,3:3>2:3=4	-	-
1790943884.8	running	0e8ae7bdf0d91586	902574	0	0	1790943881.5070899		0	0	1:2>2:2=4,1:3>3:2=4,2:2>1:2=4,2:3>3:3=4,3:2>1:3=4,3:3>2:3=4	-	-
1790943885.8	running	0e8ae7bdf0d91586	902574	0	0	1790943881.5070899		0	0	1:2>2:2=4,1:3>3:2=4,2:2>1:2=4,2:3>3:3=4,3:2>1:3=4,3:3>2:3=4	-	-
1790943886.8	running	0e8ae7bdf0d91586	902574	0	0	1790943886.505115		0	0	1:2>2:2=5,1:3>3:2=5,2:2>1:2=5,2:3>3:3=5,3:2>1:3=5,3:3>2:3=5	-	-
1790943887.8	running	0e8ae7bdf0d91586	902574	0	0	1790943886.505115		0	0	1:2>2:2=5,1:3>3:2=5,2:2>1:2=5,2:3>3:3=5,3:2>1:3=5,3:3>2:3=5	-	-
1790943888.9	running	0e8ae7bdf0d91586	902574	0	0	1790943886.505115		0	0	1:2>2:2=5,1:3>3:2=5,2:2>1:2=5,2:3>3:3=5,3:2>1:3=5,3:3>2:3=5	-	-
1790943889.9	stopped	0e8ae7bdf0d91586	902574	0	0	1790943889.5396032	stopped by SIGTERM	0	0	1:2>2:2=5,1:3>3:2=5,2:2>1:2=5,2:3>3:3=5,3:2>1:3=5,3:3>2:3=5	-	-
1790943890.9	stopped	0e8ae7bdf0d91586	902574	0	0	1790943889.5396032	stopped by SIGTERM	0	0	1:2>2:2=5,1:3>3:2=5,2:2>1:2=5,2:3>3:3=5,3:2>1:3=5,3:3>2:3=5	-	-
1790943891.9	stopped	0e8ae7bdf0d91586	902574	0	0	1790943889.5396032	stopped by SIGTERM	0	0	1:2>2:2=5,1:3>3:2=5,2:2>1:2=5,2:3>3:3=5,3:2>1:3=5,3:3>2:3=5	-	-
1790943892.9	stopped	0e8ae7bdf0d91586	902574	0	0	1790943889.5396032	stopped by SIGTERM	0	0	1:2>2:2=5,1:3>3:2=5,2:2>1:2=5,2:3>3:3=5,3:2>1:3=5,3:3>2:3=5	-	-
1790943893.9	stopped	0e8ae7bdf0d91586	902574	0	0	1790943889.5396032	stopped by SIGTERM	0	0	1:2>2:2=5,1:3>3:2=5,2:2>1:2=5,2:3>3:3=5,3:2>1:3=5,3:3>2:3=5	-	-
1790943894.9	stopped	0e8ae7bdf0d91586	902574	0	0	1790943889.5396032	stopped by SIGTERM	0	0	1:2>2:2=5,1:3>3:2=5,2:2>1:2=5,2:3>3:3=5,3:2>1:3=5,3:3>2:3=5	-	-
1790943895.9	stopped	0e8ae7bdf0d91586	902574	0	0	1790943889.5396032	stopped by SIGTERM	0	0	1:2>2:2=5,1:3>3:2=5,2:2>1:2=5,2:3>3:3=5,3:2>1:3=5,3:3>2:3=5	-	-
1790943896.9	stopped	0e8ae7bdf0d91586	902574	0	0	1790943889.5396032	stopped by SIGTERM	0	0	1:2>2:2=5,1:3>3:2=5,2:2>1:2=5,2:3>3:3=5,3:2>1:3=5,3:3>2:3=5	-	-
1790943897.9	stopped	0e8ae7bdf0d91586	902574	0	0	1790943889.5396032	stopped by SIGTERM	0	0	1:2>2:2=5,1:3>3:2=5,2:2>1:2=5,2:3>3:3=5,3:2>1:3=5,3:3>2:3=5	-	-
1790943898.9	stopped	0e8ae7bdf0d91586	902574	0	0	1790943889.5396032	stopped by SIGTERM	0	0	1:2>2:2=5,1:3>3:2=5,2:2>1:2=5,2:3>3:3=5,3:2>1:3=5,3:3>2:3=5	-	-
1790943899.9	running	62385c8dd39359b3	905382	0	0	1790943899.6748955		0	0	1:2>2:2=0,1:3>3:2=0,2:2>1:2=0,2:3>3:3=0,3:2>1:3=0,3:3>2:3=0	-	-
1790943900.9	running	62385c8dd39359b3	905382	0	0	1790943900.1756957		0	0	1:2>2:2=1,1:3>3:2=1,2:2>1:2=1,2:3>3:3=1,3:2>1:3=1,3:3>2:3=1	-	-
1790943901.9	running	62385c8dd39359b3	905382	0	0	1790943900.1756957		0	0	1:2>2:2=1,1:3>3:2=1,2:2>1:2=1,2:3>3:3=1,3:2>1:3=1,3:3>2:3=1	-	-
1790943902.9	running	62385c8dd39359b3	905382	0	0	1790943900.1756957		0	0	1:2>2:2=1,1:3>3:2=1,2:2>1:2=1,2:3>3:3=1,3:2>1:3=1,3:3>2:3=1	-	-
1790943903.9	running	62385c8dd39359b3	905382	0	0	1790943900.1756957		0	0	1:2>2:2=1,1:3>3:2=1,2:2>1:2=1,2:3>3:3=1,3:2>1:3=1,3:3>2:3=1	-	-
1790943904.9	running	62385c8dd39359b3	905382	0	0	1790943904.6799176		0	0	1:2>2:2=1,1:3>3:2=1,2:2>1:2=1,2:3>3:3=1,3:2>1:3=1,3:3>2:3=1	-	-
1790943905.9	running	62385c8dd39359b3	905382	0	0	1790943905.1806178		0	0	1:2>2:2=2,1:3>3:2=2,2:2>1:2=2,2:3>3:3=2,3:2>1:3=2,3:3>2:3=2	-	-
1790943907.0	running	62385c8dd39359b3	905382	0	0	1790943905.1806178		0	0	1:2>2:2=2,1:3>3:2=2,2:2>1:2=2,2:3>3:3=2,3:2>1:3=2,3:3>2:3=2	-	-
1790943908.0	running	62385c8dd39359b3	905382	0	0	1790943905.1806178		0	0	1:2>2:2=2,1:3>3:2=2,2:2>1:2=2,2:3>3:3=2,3:2>1:3=2,3:3>2:3=2	-	-
1790943909.0	running	62385c8dd39359b3	905382	0	0	1790943905.1806178		0	0	1:2>2:2=2,1:3>3:2=2,2:2>1:2=2,2:3>3:3=2,3:2>1:3=2,3:3>2:3=2	-	-
1790943910.0	running	62385c8dd39359b3	905382	0	0	1790943909.678851		0	0	1:2>2:2=2,1:3>3:2=2,2:2>1:2=2,2:3>3:3=2,3:2>1:3=2,3:3>2:3=2	-	-
1790943911.0	running	62385c8dd39359b3	905382	0	0	1790943910.1797233		0	0	1:2>2:2=3,1:3>3:2=3,2:2>1:2=3,2:3>3:3=3,3:2>1:3=3,3:3>2:3=3	-	-
1790943912.0	running	62385c8dd39359b3	905382	0	0	1790943910.1797233		0	0	1:2>2:2=3,1:3>3:2=3,2:2>1:2=3,2:3>3:3=3,3:2>1:3=3,3:3>2:3=3	-	-
1790943913.0	running	62385c8dd39359b3	905382	0	0	1790943910.1797233		0	0	1:2>2:2=3,1:3>3:2=3,2:2>1:2=3,2:3>3:3=3,3:2>1:3=3,3:3>2:3=3	-	-
1790943914.0	running	62385c8dd39359b3	905382	0	0	1790943910.1797233		0	0	1:2>2:2=3,1:3>3:2=3,2:2>1:2=3,2:3>3:3=3,3:2>1:3=3,3:3>2:3=3	-	-
1790943915.0	running	62385c8dd39359b3	905382	0	0	1790943914.6799374		0	0	1:2>2:2=3,1:3>3:2=3,2:2>1:2=3,2:3>3:3=3,3:2>1:3=3,3:3>2:3=3	-	-
1790943916.0	running	62385c8dd39359b3	905382	0	0	1790943915.1808822		0	0	1:2>2:2=4,1:3>3:2=4,2:2>1:2=4,2:3>3:3=4,3:2>1:3=4,3:3>2:3=4	-	-
1790943917.0	running	62385c8dd39359b3	905382	0	0	1790943915.1808822		0	0	1:2>2:2=4,1:3>3:2=4,2:2>1:2=4,2:3>3:3=4,3:2>1:3=4,3:3>2:3=4	-	-
1790943918.0	running	62385c8dd39359b3	905382	0	0	1790943915.1808822		0	0	1:2>2:2=4,1:3>3:2=4,2:2>1:2=4,2:3>3:3=4,3:2>1:3=4,3:3>2:3=4	-	-
1790943919.0	running	62385c8dd39359b3	905382	0	0	1790943915.1808822		0	0	1:2>2:2=4,1:3>3:2=4,2:2>1:2=4,2:3>3:3=4,3:2>1:3=4,3:3>2:3=4	-	-
1790943920.0	running	62385c8dd39359b3	905382	0	0	1790943919.6801188		0	0	1:2>2:2=4,1:3>3:2=4,2:2>1:2=4,2:3>3:3=4,3:2>1:3=4,3:3>2:3=4	-	-
1790943921.0	running	62385c8dd39359b3	905382	0	0	1790943920.1810176		0	0	1:2>2:2=5,1:3>3:2=5,2:2>1:2=5,2:3>3:3=5,3:2>1:3=5,3:3>2:3=5	-	-
1790943922.0	running	62385c8dd39359b3	905382	0	0	1790943920.1810176		0	0	1:2>2:2=5,1:3>3:2=5,2:2>1:2=5,2:3>3:3=5,3:2>1:3=5,3:3>2:3=5	-	-
1790943923.0	running	62385c8dd39359b3	905382	0	0	1790943920.1810176		0	0	1:2>2:2=5,1:3>3:2=5,2:2>1:2=5,2:3>3:3=5,3:2>1:3=5,3:3>2:3=5	-	-
1790943924.0	stopped	62385c8dd39359b3	905382	0	0	1790943923.2636898	stopped by SIGTERM	0	0	1:2>2:2=5,1:3>3:2=5,2:2>1:2=5,2:3>3:3=5,3:2>1:3=5,3:3>2:3=5	-	-
1790943925.1	stopped	62385c8dd39359b3	905382	0	0	1790943923.2636898	stopped by SIGTERM	0	0	1:2>2:2=5,1:3>3:2=5,2:2>1:2=5,2:3>3:3=5,3:2>1:3=5,3:3>2:3=5	-	-
1790943926.1	stopped	62385c8dd39359b3	905382	0	0	1790943923.2636898	stopped by SIGTERM	0	0	1:2>2:2=5,1:3>3:2=5,2:2>1:2=5,2:3>3:3=5,3:2>1:3=5,3:3>2:3=5	-	-
1790943927.1	stopped	62385c8dd39359b3	905382	0	0	1790943923.2636898	stopped by SIGTERM	0	0	1:2>2:2=5,1:3>3:2=5,2:2>1:2=5,2:3>3:3=5,3:2>1:3=5,3:3>2:3=5	-	-
1790943928.1	stopped	62385c8dd39359b3	905382	0	0	1790943923.2636898	stopped by SIGTERM	0	0	1:2>2:2=5,1:3>3:2=5,2:2>1:2=5,2:3>3:3=5,3:2>1:3=5,3:3>2:3=5	-	-
1790943929.1	stopped	62385c8dd39359b3	905382	0	0	1790943923.2636898	stopped by SIGTERM	0	0	1:2>2:2=5,1:3>3:2=5,2:2>1:2=5,2:3>3:3=5,3:2>1:3=5,3:3>2:3=5	-	-
1790943930.1	stopped	62385c8dd39359b3	905382	0	0	1790943923.2636898	stopped by SIGTERM	0	0	1:2>2:2=5,1:3>3:2=5,2:2>1:2=5,2:3>3:3=5,3:2>1:3=5,3:3>2:3=5	-	-
1790943931.1	stopped	62385c8dd39359b3	905382	0	0	1790943923.2636898	stopped by SIGTERM	0	0	1:2>2:2=5,1:3>3:2=5,2:2>1:2=5,2:3>3:3=5,3:2>1:3=5,3:3>2:3=5	-	-
1790943932.1	stopped	62385c8dd39359b3	905382	0	0	1790943923.2636898	stopped by SIGTERM	0	0	1:2>2:2=5,1:3>3:2=5,2:2>1:2=5,2:3>3:3=5,3:2>1:3=5,3:3>2:3=5	-	-
1790943933.1	stopped	62385c8dd39359b3	905382	0	0	1790943923.2636898	stopped by SIGTERM	0	0	1:2>2:2=5,1:3>3:2=5,2:2>1:2=5,2:3>3:3=5,3:2>1:3=5,3:3>2:3=5	-	-
1790943934.1	running	ba98b7e07d9fb65c	908183	0	0	1790943933.7259548		0	0	1:3>2:3=1,1:4>3:2=1,2:3>1:3=1,2:4>3:3=1,3:2>1:4=1,3:3>2:4=1	-	-
1790943935.1	running	ba98b7e07d9fb65c	908183	0	0	1790943933.7259548		0	0	1:3>2:3=1,1:4>3:2=1,2:3>1:3=1,2:4>3:3=1,3:2>1:4=1,3:3>2:4=1	-	-
1790943936.1	running	ba98b7e07d9fb65c	908183	0	0	1790943933.7259548		0	0	1:3>2:3=1,1:4>3:2=1,2:3>1:3=1,2:4>3:3=1,3:2>1:4=1,3:3>2:4=1	-	-
1790943937.1	running	ba98b7e07d9fb65c	908183	0	0	1790943933.7259548		0	0	1:3>2:3=1,1:4>3:2=1,2:3>1:3=1,2:4>3:3=1,3:2>1:4=1,3:3>2:4=1	-	-
1790943938.1	running	ba98b7e07d9fb65c	908183	0	0	1790943933.7259548		0	0	1:3>2:3=1,1:4>3:2=1,2:3>1:3=1,2:4>3:3=1,3:2>1:4=1,3:3>2:4=1	-	-
1790943939.1	running	ba98b7e07d9fb65c	908183	0	0	1790943938.7308006		0	0	1:3>2:3=2,1:4>3:2=2,2:3>1:3=2,2:4>3:3=2,3:2>1:4=2,3:3>2:4=2	-	-
1790943940.1	running	ba98b7e07d9fb65c	908183	0	0	1790943938.7308006		0	0	1:3>2:3=2,1:4>3:2=2,2:3>1:3=2,2:4>3:3=2,3:2>1:4=2,3:3>2:4=2	-	-
1790943941.2	running	ba98b7e07d9fb65c	908183	0	0	1790943938.7308006		0	0	1:3>2:3=2,1:4>3:2=2,2:3>1:3=2,2:4>3:3=2,3:2>1:4=2,3:3>2:4=2	-	-
1790943942.2	running	ba98b7e07d9fb65c	908183	0	0	1790943938.7308006		0	0	1:3>2:3=2,1:4>3:2=2,2:3>1:3=2,2:4>3:3=2,3:2>1:4=2,3:3>2:4=2	-	-
1790943943.2	running	ba98b7e07d9fb65c	908183	0	0	1790943938.7308006		0	0	1:3>2:3=2,1:4>3:2=2,2:3>1:3=2,2:4>3:3=2,3:2>1:4=2,3:3>2:4=2	-	-
1790943944.2	running	ba98b7e07d9fb65c	908183	0	0	1790943943.7270052		0	0	1:3>2:3=3,1:4>3:2=3,2:3>1:3=3,2:4>3:3=3,3:2>1:4=3,3:3>2:4=3	-	-
1790943945.2	running	ba98b7e07d9fb65c	908183	0	0	1790943943.7270052		0	0	1:3>2:3=3,1:4>3:2=3,2:3>1:3=3,2:4>3:3=3,3:2>1:4=3,3:3>2:4=3	-	-
1790943946.2	running	ba98b7e07d9fb65c	908183	0	0	1790943943.7270052		0	0	1:3>2:3=3,1:4>3:2=3,2:3>1:3=3,2:4>3:3=3,3:2>1:4=3,3:3>2:4=3	-	-
1790943947.2	running	ba98b7e07d9fb65c	908183	0	0	1790943943.7270052		0	0	1:3>2:3=3,1:4>3:2=3,2:3>1:3=3,2:4>3:3=3,3:2>1:4=3,3:3>2:4=3	-	-
1790943948.2	running	ba98b7e07d9fb65c	908183	0	0	1790943943.7270052		0	0	1:3>2:3=3,1:4>3:2=3,2:3>1:3=3,2:4>3:3=3,3:2>1:4=3,3:3>2:4=3	-	-
1790943949.2	running	ba98b7e07d9fb65c	908183	0	0	1790943948.731266		0	0	1:3>2:3=4,1:4>3:2=4,2:3>1:3=4,2:4>3:3=4,3:2>1:4=4,3:3>2:4=4	-	-
1790943950.2	running	ba98b7e07d9fb65c	908183	0	0	1790943948.731266		0	0	1:3>2:3=4,1:4>3:2=4,2:3>1:3=4,2:4>3:3=4,3:2>1:4=4,3:3>2:4=4	-	-
1790943951.2	running	ba98b7e07d9fb65c	908183	0	0	1790943948.731266		0	0	1:3>2:3=4,1:4>3:2=4,2:3>1:3=4,2:4>3:3=4,3:2>1:4=4,3:3>2:4=4	-	-
1790943952.2	running	ba98b7e07d9fb65c	908183	0	0	1790943948.731266		0	0	1:3>2:3=4,1:4>3:2=4,2:3>1:3=4,2:4>3:3=4,3:2>1:4=4,3:3>2:4=4	-	-
1790943953.2	running	ba98b7e07d9fb65c	908183	0	0	1790943948.731266		0	0	1:3>2:3=4,1:4>3:2=4,2:3>1:3=4,2:4>3:3=4,3:2>1:4=4,3:3>2:4=4	-	-
1790943954.2	running	ba98b7e07d9fb65c	908183	0	0	1790943953.7307608		0	0	1:3>2:3=5,1:4>3:2=5,2:3>1:3=5,2:4>3:3=5,3:2>1:4=5,3:3>2:4=5	-	-
1790943955.2	running	ba98b7e07d9fb65c	908183	0	0	1790943953.7307608		0	0	1:3>2:3=5,1:4>3:2=5,2:3>1:3=5,2:4>3:3=5,3:2>1:4=5,3:3>2:4=5	-	-
1790943956.2	running	ba98b7e07d9fb65c	908183	0	0	1790943953.7307608		0	0	1:3>2:3=5,1:4>3:2=5,2:3>1:3=5,2:4>3:3=5,3:2>1:4=5,3:3>2:4=5	-	-
1790943957.2	running	ba98b7e07d9fb65c	908183	0	0	1790943953.7307608		0	0	1:3>2:3=5,1:4>3:2=5,2:3>1:3=5,2:4>3:3=5,3:2>1:4=5,3:3>2:4=5	-	-
1790943958.2	running	ba98b7e07d9fb65c	908183	0	0	1790943958.2302797		0	0	1:3>2:3=5,1:4>3:2=5,2:3>1:3=5,2:4>3:3=5,3:2>1:4=5,3:3>2:4=5	-	-
1790943959.3	running	ba98b7e07d9fb65c	908183	0	0	1790943958.7314432		0	0	1:3>2:3=6,1:4>3:2=6,2:3>1:3=6,2:4>3:3=6,3:2>1:4=6,3:3>2:4=6	-	-
1790943960.3	running	ba98b7e07d9fb65c	908183	0	0	1790943958.7314432		0	0	1:3>2:3=6,1:4>3:2=6,2:3>1:3=6,2:4>3:3=6,3:2>1:4=6,3:3>2:4=6	-	-
1790943961.3	running	ba98b7e07d9fb65c	908183	0	0	1790943958.7314432		0	0	1:3>2:3=6,1:4>3:2=6,2:3>1:3=6,2:4>3:3=6,3:2>1:4=6,3:3>2:4=6	-	-
1790943962.3	running	ba98b7e07d9fb65c	908183	0	0	1790943958.7314432		0	0	1:3>2:3=6,1:4>3:2=6,2:3>1:3=6,2:4>3:3=6,3:2>1:4=6,3:3>2:4=6	-	-
1790943963.3	running	ba98b7e07d9fb65c	908183	0	0	1790943963.2300882		0	0	1:3>2:3=6,1:4>3:2=6,2:3>1:3=6,2:4>3:3=6,3:2>1:4=6,3:3>2:4=6	-	-
1790943964.3	running	ba98b7e07d9fb65c	908183	0	0	1790943963.7307518		0	0	1:3>2:3=7,1:4>3:2=7,2:3>1:3=7,2:4>3:3=7,3:2>1:4=7,3:3>2:4=7	-	-
1790943965.3	stopped	ba98b7e07d9fb65c	908183	0	0	1790943965.0626087	stopped by SIGTERM	0	0	1:3>2:3=7,1:4>3:2=7,2:3>1:3=7,2:4>3:3=7,3:2>1:4=7,3:3>2:4=7	-	-
1790943966.3	stopped	ba98b7e07d9fb65c	908183	0	0	1790943965.0626087	stopped by SIGTERM	0	0	1:3>2:3=7,1:4>3:2=7,2:3>1:3=7,2:4>3:3=7,3:2>1:4=7,3:3>2:4=7	-	-
1790943967.3	stopped	ba98b7e07d9fb65c	908183	0	0	1790943965.0626087	stopped by SIGTERM	0	0	1:3>2:3=7,1:4>3:2=7,2:3>1:3=7,2:4>3:3=7,3:2>1:4=7,3:3>2:4=7	-	-
1790943968.3	stopped	ba98b7e07d9fb65c	908183	0	0	1790943965.0626087	stopped by SIGTERM	0	0	1:3>2:3=7,1:4>3:2=7,2:3>1:3=7,2:4>3:3=7,3:2>1:4=7,3:3>2:4=7	-	-
1790943969.3	stopped	ba98b7e07d9fb65c	908183	0	0	1790943965.0626087	stopped by SIGTERM	0	0	1:3>2:3=7,1:4>3:2=7,2:3>1:3=7,2:4>3:3=7,3:2>1:4=7,3:3>2:4=7	-	-
1790943970.3	stopped	ba98b7e07d9fb65c	908183	0	0	1790943965.0626087	stopped by SIGTERM	0	0	1:3>2:3=7,1:4>3:2=7,2:3>1:3=7,2:4>3:3=7,3:2>1:4=7,3:3>2:4=7	-	-
1790943971.3	stopped	ba98b7e07d9fb65c	908183	0	0	1790943965.0626087	stopped by SIGTERM	0	0	1:3>2:3=7,1:4>3:2=7,2:3>1:3=7,2:4>3:3=7,3:2>1:4=7,3:3>2:4=7	-	-
1790943972.3	stopped	ba98b7e07d9fb65c	908183	0	0	1790943965.0626087	stopped by SIGTERM	0	0	1:3>2:3=7,1:4>3:2=7,2:3>1:3=7,2:4>3:3=7,3:2>1:4=7,3:3>2:4=7	-	-
1790943973.3	stopped	ba98b7e07d9fb65c	908183	0	0	1790943965.0626087	stopped by SIGTERM	0	0	1:3>2:3=7,1:4>3:2=7,2:3>1:3=7,2:4>3:3=7,3:2>1:4=7,3:3>2:4=7	-	-
1790943974.3	stopped	ba98b7e07d9fb65c	908183	0	0	1790943965.0626087	stopped by SIGTERM	0	0	1:3>2:3=7,1:4>3:2=7,2:3>1:3=7,2:4>3:3=7,3:2>1:4=7,3:3>2:4=7	-	-
1790943975.3	running	5926debe4d06e4fc	911058	0	0	1790943974.9654102		0	0	1:3>2:3=0,1:4>3:2=0,2:3>1:3=0,2:4>3:3=0,3:2>1:4=0,3:3>2:4=0	-	-
1790943976.3	running	5926debe4d06e4fc	911058	0	0	1790943975.4658165		0	0	1:3>2:3=1,1:4>3:2=1,2:3>1:3=1,2:4>3:3=1,3:2>1:4=1,3:3>2:4=1	-	-
1790943977.4	running	5926debe4d06e4fc	911058	0	0	1790943975.4658165		0	0	1:3>2:3=1,1:4>3:2=1,2:3>1:3=1,2:4>3:3=1,3:2>1:4=1,3:3>2:4=1	-	-
1790943978.4	running	5926debe4d06e4fc	911058	0	0	1790943975.4658165		0	0	1:3>2:3=1,1:4>3:2=1,2:3>1:3=1,2:4>3:3=1,3:2>1:4=1,3:3>2:4=1	-	-
1790943979.4	running	5926debe4d06e4fc	911058	0	0	1790943975.4658165		0	0	1:3>2:3=1,1:4>3:2=1,2:3>1:3=1,2:4>3:3=1,3:2>1:4=1,3:3>2:4=1	-	-
1790943980.4	running	5926debe4d06e4fc	911058	0	0	1790943979.970038		0	0	1:3>2:3=1,1:4>3:2=1,2:3>1:3=1,2:4>3:3=1,3:2>1:4=1,3:3>2:4=1	-	-
1790943981.4	running	5926debe4d06e4fc	911058	0	0	1790943980.4711435		0	0	1:3>2:3=2,1:4>3:2=2,2:3>1:3=2,2:4>3:3=2,3:2>1:4=2,3:3>2:4=2	-	-
1790943982.4	running	5926debe4d06e4fc	911058	0	0	1790943980.4711435		0	0	1:3>2:3=2,1:4>3:2=2,2:3>1:3=2,2:4>3:3=2,3:2>1:4=2,3:3>2:4=2	-	-
1790943983.4	running	5926debe4d06e4fc	911058	0	0	1790943980.4711435		0	0	1:3>2:3=2,1:4>3:2=2,2:3>1:3=2,2:4>3:3=2,3:2>1:4=2,3:3>2:4=2	-	-
1790943984.4	running	5926debe4d06e4fc	911058	0	0	1790943980.4711435		0	0	1:3>2:3=2,1:4>3:2=2,2:3>1:3=2,2:4>3:3=2,3:2>1:4=2,3:3>2:4=2	-	-
1790943985.4	running	5926debe4d06e4fc	911058	0	0	1790943984.9708085		0	0	1:3>2:3=2,1:4>3:2=2,2:3>1:3=2,2:4>3:3=2,3:2>1:4=2,3:3>2:4=2	-	-
1790943986.4	running	5926debe4d06e4fc	911058	0	0	1790943985.4717762		0	0	1:3>2:3=3,1:4>3:2=3,2:3>1:3=3,2:4>3:3=3,3:2>1:4=3,3:3>2:4=3	-	-
1790943987.4	running	5926debe4d06e4fc	911058	0	0	1790943985.4717762		0	0	1:3>2:3=3,1:4>3:2=3,2:3>1:3=3,2:4>3:3=3,3:2>1:4=3,3:3>2:4=3	-	-
1790943988.4	running	5926debe4d06e4fc	911058	0	0	1790943985.4717762		0	0	1:3>2:3=3,1:4>3:2=3,2:3>1:3=3,2:4>3:3=3,3:2>1:4=3,3:3>2:4=3	-	-
1790943989.4	running	5926debe4d06e4fc	911058	0	0	1790943985.4717762		0	0	1:3>2:3=3,1:4>3:2=3,2:3>1:3=3,2:4>3:3=3,3:2>1:4=3,3:3>2:4=3	-	-
1790943990.4	running	5926debe4d06e4fc	911058	0	0	1790943989.9710252		0	0	1:3>2:3=3,1:4>3:2=3,2:3>1:3=3,2:4>3:3=3,3:2>1:4=3,3:3>2:4=3	-	-
1790943991.4	running	5926debe4d06e4fc	911058	0	0	1790943990.471961		0	0	1:3>2:3=4,1:4>3:2=4,2:3>1:3=4,2:4>3:3=4,3:2>1:4=4,3:3>2:4=4	-	-
1790943992.4	running	5926debe4d06e4fc	911058	0	0	1790943990.471961		0	0	1:3>2:3=4,1:4>3:2=4,2:3>1:3=4,2:4>3:3=4,3:2>1:4=4,3:3>2:4=4	-	-
1790943993.4	running	5926debe4d06e4fc	911058	0	0	1790943990.471961		0	0	1:3>2:3=4,1:4>3:2=4,2:3>1:3=4,2:4>3:3=4,3:2>1:4=4,3:3>2:4=4	-	-
1790943994.4	running	5926debe4d06e4fc	911058	0	0	1790943990.471961		0	0	1:3>2:3=4,1:4>3:2=4,2:3>1:3=4,2:4>3:3=4,3:2>1:4=4,3:3>2:4=4	-	-
1790943995.4	running	5926debe4d06e4fc	911058	0	0	1790943994.970285		0	0	1:3>2:3=4,1:4>3:2=4,2:3>1:3=4,2:4>3:3=4,3:2>1:4=4,3:3>2:4=4	-	-
1790943996.5	running	5926debe4d06e4fc	911058	0	0	1790943995.4706903		0	0	1:3>2:3=5,1:4>3:2=5,2:3>1:3=5,2:4>3:3=5,3:2>1:4=5,3:3>2:4=5	-	-
1790943997.5	running	5926debe4d06e4fc	911058	0	0	1790943995.4706903		0	0	1:3>2:3=5,1:4>3:2=5,2:3>1:3=5,2:4>3:3=5,3:2>1:4=5,3:3>2:4=5	-	-
1790943998.5	running	5926debe4d06e4fc	911058	0	0	1790943995.4706903		0	0	1:3>2:3=5,1:4>3:2=5,2:3>1:3=5,2:4>3:3=5,3:2>1:4=5,3:3>2:4=5	-	-
1790943999.5	running	5926debe4d06e4fc	911058	0	0	1790943995.4706903		0	0	1:3>2:3=5,1:4>3:2=5,2:3>1:3=5,2:4>3:3=5,3:2>1:4=5,3:3>2:4=5	-	-
1790944000.5	running	5926debe4d06e4fc	911058	0	0	1790944000.471616		0	0	1:3>2:3=6,1:4>3:2=6,2:3>1:3=6,2:4>3:3=6,3:2>1:4=6,3:3>2:4=6	-	-
1790944001.5	running	5926debe4d06e4fc	911058	0	0	1790944000.471616		0	0	1:3>2:3=6,1:4>3:2=6,2:3>1:3=6,2:4>3:3=6,3:2>1:4=6,3:3>2:4=6	-	-
1790944002.5	running	5926debe4d06e4fc	911058	0	0	1790944000.471616		0	0	1:3>2:3=6,1:4>3:2=6,2:3>1:3=6,2:4>3:3=6,3:2>1:4=6,3:3>2:4=6	-	-
1790944003.5	running	5926debe4d06e4fc	911058	0	0	1790944000.471616		0	0	1:3>2:3=6,1:4>3:2=6,2:3>1:3=6,2:4>3:3=6,3:2>1:4=6,3:3>2:4=6	-	-
1790944004.5	running	5926debe4d06e4fc	911058	0	0	1790944000.471616		0	0	1:3>2:3=6,1:4>3:2=6,2:3>1:3=6,2:4>3:3=6,3:2>1:4=6,3:3>2:4=6	-	-
1790944005.5	running	5926debe4d06e4fc	911058	0	0	1790944005.4718819		0	0	1:3>2:3=7,1:4>3:2=7,2:3>1:3=7,2:4>3:3=7,3:2>1:4=7,3:3>2:4=7	-	-
1790944006.5	running	5926debe4d06e4fc	911058	0	0	1790944005.4718819		0	0	1:3>2:3=7,1:4>3:2=7,2:3>1:3=7,2:4>3:3=7,3:2>1:4=7,3:3>2:4=7	-	-
1790944007.5	running	5926debe4d06e4fc	911058	0	0	1790944005.4718819		0	0	1:3>2:3=7,1:4>3:2=7,2:3>1:3=7,2:4>3:3=7,3:2>1:4=7,3:3>2:4=7	-	-
1790944008.5	running	5926debe4d06e4fc	911058	0	0	1790944005.4718819		0	0	1:3>2:3=7,1:4>3:2=7,2:3>1:3=7,2:4>3:3=7,3:2>1:4=7,3:3>2:4=7	-	-
1790944009.5	running	5926debe4d06e4fc	911058	0	0	1790944005.4718819		0	0	1:3>2:3=7,1:4>3:2=7,2:3>1:3=7,2:4>3:3=7,3:2>1:4=7,3:3>2:4=7	-	-
1790944010.5	running	5926debe4d06e4fc	911058	0	0	1790944010.4706473		0	0	1:3>2:3=8,1:4>3:2=8,2:3>1:3=8,2:4>3:3=8,3:2>1:4=8,3:3>2:4=8	-	-
1790944011.5	running	5926debe4d06e4fc	911058	0	0	1790944010.4706473		0	0	1:3>2:3=8,1:4>3:2=8,2:3>1:3=8,2:4>3:3=8,3:2>1:4=8,3:3>2:4=8	-	-
1790944012.5	running	5926debe4d06e4fc	911058	0	0	1790944010.4706473		0	0	1:3>2:3=8,1:4>3:2=8,2:3>1:3=8,2:4>3:3=8,3:2>1:4=8,3:3>2:4=8	-	-
1790944013.6	running	5926debe4d06e4fc	911058	0	0	1790944010.4706473		0	0	1:3>2:3=8,1:4>3:2=8,2:3>1:3=8,2:4>3:3=8,3:2>1:4=8,3:3>2:4=8	-	-
1790944014.6	running	5926debe4d06e4fc	911058	0	0	1790944010.4706473		0	0	1:3>2:3=8,1:4>3:2=8,2:3>1:3=8,2:4>3:3=8,3:2>1:4=8,3:3>2:4=8	-	-
1790944015.6	running	5926debe4d06e4fc	911058	0	0	1790944015.4717903		0	0	1:3>2:3=9,1:4>3:2=9,2:3>1:3=9,2:4>3:3=9,3:2>1:4=9,3:3>2:4=9	-	-
1790944016.6	running	5926debe4d06e4fc	911058	0	0	1790944015.4717903		0	0	1:3>2:3=9,1:4>3:2=9,2:3>1:3=9,2:4>3:3=9,3:2>1:4=9,3:3>2:4=9	-	-
1790944017.6	running	5926debe4d06e4fc	911058	0	0	1790944015.4717903		0	0	1:3>2:3=9,1:4>3:2=9,2:3>1:3=9,2:4>3:3=9,3:2>1:4=9,3:3>2:4=9	-	-
1790944018.6	running	5926debe4d06e4fc	911058	0	0	1790944015.4717903		0	0	1:3>2:3=9,1:4>3:2=9,2:3>1:3=9,2:4>3:3=9,3:2>1:4=9,3:3>2:4=9	-	-
1790944019.6	running	5926debe4d06e4fc	911058	0	0	1790944015.4717903		0	0	1:3>2:3=9,1:4>3:2=9,2:3>1:3=9,2:4>3:3=9,3:2>1:4=9,3:3>2:4=9	-	-
1790944020.6	running	5926debe4d06e4fc	911058	0	0	1790944020.4716232		0	0	1:3>2:3=10,1:4>3:2=10,2:3>1:3=10,2:4>3:3=10,3:2>1:4=10,3:3>2:4=10	-	-
1790944021.6	running	5926debe4d06e4fc	911058	0	0	1790944020.4716232		0	0	1:3>2:3=10,1:4>3:2=10,2:3>1:3=10,2:4>3:3=10,3:2>1:4=10,3:3>2:4=10	-	-
1790944022.6	running	5926debe4d06e4fc	911058	0	0	1790944020.4716232		0	0	1:3>2:3=10,1:4>3:2=10,2:3>1:3=10,2:4>3:3=10,3:2>1:4=10,3:3>2:4=10	-	-
1790944023.6	running	5926debe4d06e4fc	911058	0	0	1790944020.4716232		0	0	1:3>2:3=10,1:4>3:2=10,2:3>1:3=10,2:4>3:3=10,3:2>1:4=10,3:3>2:4=10	-	-
1790944024.6	running	5926debe4d06e4fc	911058	0	0	1790944020.4716232		0	0	1:3>2:3=10,1:4>3:2=10,2:3>1:3=10,2:4>3:3=10,3:2>1:4=10,3:3>2:4=10	-	-
1790944025.6	stopped	5926debe4d06e4fc	911058	0	0	1790944025.1547904	stopped by SIGTERM	0	0	1:3>2:3=11,1:4>3:2=11,2:3>1:3=11,2:4>3:3=11,3:2>1:4=11,3:3>2:4=11	-	-
1790944026.6	stopped	5926debe4d06e4fc	911058	0	0	1790944025.1547904	stopped by SIGTERM	0	0	1:3>2:3=11,1:4>3:2=11,2:3>1:3=11,2:4>3:3=11,3:2>1:4=11,3:3>2:4=11	-	-
1790944027.6	stopped	5926debe4d06e4fc	911058	0	0	1790944025.1547904	stopped by SIGTERM	0	0	1:3>2:3=11,1:4>3:2=11,2:3>1:3=11,2:4>3:3=11,3:2>1:4=11,3:3>2:4=11	-	-
1790944028.6	stopped	5926debe4d06e4fc	911058	0	0	1790944025.1547904	stopped by SIGTERM	0	0	1:3>2:3=11,1:4>3:2=11,2:3>1:3=11,2:4>3:3=11,3:2>1:4=11,3:3>2:4=11	-	-
1790944029.6	stopped	5926debe4d06e4fc	911058	0	0	1790944025.1547904	stopped by SIGTERM	0	0	1:3>2:3=11,1:4>3:2=11,2:3>1:3=11,2:4>3:3=11,3:2>1:4=11,3:3>2:4=11	-	-
1790944030.6	stopped	5926debe4d06e4fc	911058	0	0	1790944025.1547904	stopped by SIGTERM	0	0	1:3>2:3=11,1:4>3:2=11,2:3>1:3=11,2:4>3:3=11,3:2>1:4=11,3:3>2:4=11	-	-
1790944031.7	stopped	5926debe4d06e4fc	911058	0	0	1790944025.1547904	stopped by SIGTERM	0	0	1:3>2:3=11,1:4>3:2=11,2:3>1:3=11,2:4>3:3=11,3:2>1:4=11,3:3>2:4=11	-	-
1790944032.7	stopped	5926debe4d06e4fc	911058	0	0	1790944025.1547904	stopped by SIGTERM	0	0	1:3>2:3=11,1:4>3:2=11,2:3>1:3=11,2:4>3:3=11,3:2>1:4=11,3:3>2:4=11	-	-
1790944033.7	stopped	5926debe4d06e4fc	911058	0	0	1790944025.1547904	stopped by SIGTERM	0	0	1:3>2:3=11,1:4>3:2=11,2:3>1:3=11,2:4>3:3=11,3:2>1:4=11,3:3>2:4=11	-	-
1790944034.7	stopped	5926debe4d06e4fc	911058	0	0	1790944025.1547904	stopped by SIGTERM	0	0	1:3>2:3=11,1:4>3:2=11,2:3>1:3=11,2:4>3:3=11,3:2>1:4=11,3:3>2:4=11	-	-
1790944035.7	running	f92278f0e90c7397	914439	0	0	1790944035.3100615		0	0	1:3>3:1=0,1:4>4:2=0,2:3>4:1=0,2:4>3:2=0,3:1>1:3=0,3:2>2:4=0,4:1>2:3=0,4:2>1:4=0	-	-
1790944036.7	running	f92278f0e90c7397	914439	0	0	1790944035.810937		0	0	1:3>3:1=1,1:4>4:2=1,2:3>4:1=1,2:4>3:2=1,3:1>1:3=1,3:2>2:4=1,4:1>2:3=1,4:2>1:4=1	-	-
1790944037.7	running	f92278f0e90c7397	914439	0	0	1790944035.810937		0	0	1:3>3:1=1,1:4>4:2=1,2:3>4:1=1,2:4>3:2=1,3:1>1:3=1,3:2>2:4=1,4:1>2:3=1,4:2>1:4=1	-	-
1790944038.7	running	f92278f0e90c7397	914439	0	0	1790944035.810937		0	0	1:3>3:1=1,1:4>4:2=1,2:3>4:1=1,2:4>3:2=1,3:1>1:3=1,3:2>2:4=1,4:1>2:3=1,4:2>1:4=1	-	-
1790944039.7	running	f92278f0e90c7397	914439	0	0	1790944035.810937		0	0	1:3>3:1=1,1:4>4:2=1,2:3>4:1=1,2:4>3:2=1,3:1>1:3=1,3:2>2:4=1,4:1>2:3=1,4:2>1:4=1	-	-
1790944040.7	running	f92278f0e90c7397	914439	0	0	1790944040.3153784		0	0	1:3>3:1=1,1:4>4:2=1,2:3>4:1=1,2:4>3:2=1,3:1>1:3=1,3:2>2:4=1,4:1>2:3=1,4:2>1:4=1	-	-
1790944041.7	running	f92278f0e90c7397	914439	0	0	1790944040.8166463		0	0	1:3>3:1=2,1:4>4:2=2,2:3>4:1=2,2:4>3:2=2,3:1>1:3=2,3:2>2:4=2,4:1>2:3=2,4:2>1:4=2	-	-
1790944042.7	running	f92278f0e90c7397	914439	0	0	1790944040.8166463		0	0	1:3>3:1=2,1:4>4:2=2,2:3>4:1=2,2:4>3:2=2,3:1>1:3=2,3:2>2:4=2,4:1>2:3=2,4:2>1:4=2	-	-
1790944043.7	running	f92278f0e90c7397	914439	0	0	1790944040.8166463		0	0	1:3>3:1=2,1:4>4:2=2,2:3>4:1=2,2:4>3:2=2,3:1>1:3=2,3:2>2:4=2,4:1>2:3=2,4:2>1:4=2	-	-
1790944044.7	running	f92278f0e90c7397	914439	0	0	1790944040.8166463		0	0	1:3>3:1=2,1:4>4:2=2,2:3>4:1=2,2:4>3:2=2,3:1>1:3=2,3:2>2:4=2,4:1>2:3=2,4:2>1:4=2	-	-
1790944045.7	running	f92278f0e90c7397	914439	0	0	1790944045.3156562		0	0	1:3>3:1=2,1:4>4:2=2,2:3>4:1=2,2:4>3:2=2,3:1>1:3=2,3:2>2:4=2,4:1>2:3=2,4:2>1:4=2	-	-
1790944046.7	running	f92278f0e90c7397	914439	0	0	1790944045.8168397		0	0	1:3>3:1=3,1:4>4:2=3,2:3>4:1=3,2:4>3:2=3,3:1>1:3=3,3:2>2:4=3,4:1>2:3=3,4:2>1:4=3	-	-
1790944047.7	running	f92278f0e90c7397	914439	0	0	1790944045.8168397		0	0	1:3>3:1=3,1:4>4:2=3,2:3>4:1=3,2:4>3:2=3,3:1>1:3=3,3:2>2:4=3,4:1>2:3=3,4:2>1:4=3	-	-
1790944048.8	running	f92278f0e90c7397	914439	0	0	1790944045.8168397		0	0	1:3>3:1=3,1:4>4:2=3,2:3>4:1=3,2:4>3:2=3,3:1>1:3=3,3:2>2:4=3,4:1>2:3=3,4:2>1:4=3	-	-
1790944049.8	running	f92278f0e90c7397	914439	0	0	1790944045.8168397		0	0	1:3>3:1=3,1:4>4:2=3,2:3>4:1=3,2:4>3:2=3,3:1>1:3=3,3:2>2:4=3,4:1>2:3=3,4:2>1:4=3	-	-
1790944050.8	running	f92278f0e90c7397	914439	0	0	1790944050.3159285		0	0	1:3>3:1=3,1:4>4:2=3,2:3>4:1=3,2:4>3:2=3,3:1>1:3=3,3:2>2:4=3,4:1>2:3=3,4:2>1:4=3	-	-
1790944051.8	running	f92278f0e90c7397	914439	0	0	1790944050.8166149		0	0	1:3>3:1=4,1:4>4:2=4,2:3>4:1=4,2:4>3:2=4,3:1>1:3=4,3:2>2:4=4,4:1>2:3=4,4:2>1:4=4	-	-
1790944052.8	running	f92278f0e90c7397	914439	0	0	1790944050.8166149		0	0	1:3>3:1=4,1:4>4:2=4,2:3>4:1=4,2:4>3:2=4,3:1>1:3=4,3:2>2:4=4,4:1>2:3=4,4:2>1:4=4	-	-
1790944053.8	running	f92278f0e90c7397	914439	0	0	1790944050.8166149		0	0	1:3>3:1=4,1:4>4:2=4,2:3>4:1=4,2:4>3:2=4,3:1>1:3=4,3:2>2:4=4,4:1>2:3=4,4:2>1:4=4	-	-
1790944054.8	running	f92278f0e90c7397	914439	0	0	1790944050.8166149		0	0	1:3>3:1=4,1:4>4:2=4,2:3>4:1=4,2:4>3:2=4,3:1>1:3=4,3:2>2:4=4,4:1>2:3=4,4:2>1:4=4	-	-
1790944055.8	running	f92278f0e90c7397	914439	0	0	1790944055.3141406		0	0	1:3>3:1=4,1:4>4:2=4,2:3>4:1=4,2:4>3:2=4,3:1>1:3=4,3:2>2:4=4,4:1>2:3=4,4:2>1:4=4	-	-
1790944056.8	stopped	f92278f0e90c7397	914439	0	0	1790944056.697613	stopped by SIGTERM	0	0	1:3>3:1=5,1:4>4:2=5,2:3>4:1=5,2:4>3:2=5,3:1>1:3=5,3:2>2:4=5,4:1>2:3=5,4:2>1:4=5	-	-
1790944057.8	stopped	f92278f0e90c7397	914439	0	0	1790944056.697613	stopped by SIGTERM	0	0	1:3>3:1=5,1:4>4:2=5,2:3>4:1=5,2:4>3:2=5,3:1>1:3=5,3:2>2:4=5,4:1>2:3=5,4:2>1:4=5	-	-
1790944058.8	stopped	f92278f0e90c7397	914439	0	0	1790944056.697613	stopped by SIGTERM	0	0	1:3>3:1=5,1:4>4:2=5,2:3>4:1=5,2:4>3:2=5,3:1>1:3=5,3:2>2:4=5,4:1>2:3=5,4:2>1:4=5	-	-
1790944059.8	stopped	f92278f0e90c7397	914439	0	0	1790944056.697613	stopped by SIGTERM	0	0	1:3>3:1=5,1:4>4:2=5,2:3>4:1=5,2:4>3:2=5,3:1>1:3=5,3:2>2:4=5,4:1>2:3=5,4:2>1:4=5	-	-
1790944060.8	stopped	f92278f0e90c7397	914439	0	0	1790944056.697613	stopped by SIGTERM	0	0	1:3>3:1=5,1:4>4:2=5,2:3>4:1=5,2:4>3:2=5,3:1>1:3=5,3:2>2:4=5,4:1>2:3=5,4:2>1:4=5	-	-
1790944061.8	stopped	f92278f0e90c7397	914439	0	0	1790944056.697613	stopped by SIGTERM	0	0	1:3>3:1=5,1:4>4:2=5,2:3>4:1=5,2:4>3:2=5,3:1>1:3=5,3:2>2:4=5,4:1>2:3=5,4:2>1:4=5	-	-
1790944062.8	stopped	f92278f0e90c7397	914439	0	0	1790944056.697613	stopped by SIGTERM	0	0	1:3>3:1=5,1:4>4:2=5,2:3>4:1=5,2:4>3:2=5,3:1>1:3=5,3:2>2:4=5,4:1>2:3=5,4:2>1:4=5	-	-
1790944063.8	stopped	f92278f0e90c7397	914439	0	0	1790944056.697613	stopped by SIGTERM	0	0	1:3>3:1=5,1:4>4:2=5,2:3>4:1=5,2:4>3:2=5,3:1>1:3=5,3:2>2:4=5,4:1>2:3=5,4:2>1:4=5	-	-
1790944064.9	stopped	f92278f0e90c7397	914439	0	0	1790944056.697613	stopped by SIGTERM	0	0	1:3>3:1=5,1:4>4:2=5,2:3>4:1=5,2:4>3:2=5,3:1>1:3=5,3:2>2:4=5,4:1>2:3=5,4:2>1:4=5	-	-
1790944065.9	stopped	f92278f0e90c7397	914439	0	0	1790944056.697613	stopped by SIGTERM	0	0	1:3>3:1=5,1:4>4:2=5,2:3>4:1=5,2:4>3:2=5,3:1>1:3=5,3:2>2:4=5,4:1>2:3=5,4:2>1:4=5	-	-
1790944066.9	stopped	f92278f0e90c7397	914439	0	0	1790944056.697613	stopped by SIGTERM	0	0	1:3>3:1=5,1:4>4:2=5,2:3>4:1=5,2:4>3:2=5,3:1>1:3=5,3:2>2:4=5,4:1>2:3=5,4:2>1:4=5	-	-
1790944067.9	running	fcf4deef1fb41b6b	917296	0	0	1790944067.4179049		0	0	1:3>3:1=1,1:4>4:2=1,2:3>4:1=1,2:4>3:2=1,3:1>1:3=1,3:2>2:4=1,4:1>2:3=1,4:2>1:4=1	-	-
1790944068.9	running	fcf4deef1fb41b6b	917296	0	0	1790944067.4179049		0	0	1:3>3:1=1,1:4>4:2=1,2:3>4:1=1,2:4>3:2=1,3:1>1:3=1,3:2>2:4=1,4:1>2:3=1,4:2>1:4=1	-	-
1790944069.9	running	fcf4deef1fb41b6b	917296	0	0	1790944067.4179049		0	0	1:3>3:1=1,1:4>4:2=1,2:3>4:1=1,2:4>3:2=1,3:1>1:3=1,3:2>2:4=1,4:1>2:3=1,4:2>1:4=1	-	-
1790944070.9	running	fcf4deef1fb41b6b	917296	0	0	1790944067.4179049		0	0	1:3>3:1=1,1:4>4:2=1,2:3>4:1=1,2:4>3:2=1,3:1>1:3=1,3:2>2:4=1,4:1>2:3=1,4:2>1:4=1	-	-
1790944071.9	running	fcf4deef1fb41b6b	917296	0	0	1790944067.4179049		0	0	1:3>3:1=1,1:4>4:2=1,2:3>4:1=1,2:4>3:2=1,3:1>1:3=1,3:2>2:4=1,4:1>2:3=1,4:2>1:4=1	-	-
1790944072.9	running	fcf4deef1fb41b6b	917296	0	0	1790944072.422906		0	0	1:3>3:1=2,1:4>4:2=2,2:3>4:1=2,2:4>3:2=2,3:1>1:3=2,3:2>2:4=2,4:1>2:3=2,4:2>1:4=2	-	-
1790944073.9	running	fcf4deef1fb41b6b	917296	0	0	1790944072.422906		0	0	1:3>3:1=2,1:4>4:2=2,2:3>4:1=2,2:4>3:2=2,3:1>1:3=2,3:2>2:4=2,4:1>2:3=2,4:2>1:4=2	-	-
1790944074.9	running	fcf4deef1fb41b6b	917296	0	0	1790944072.422906		0	0	1:3>3:1=2,1:4>4:2=2,2:3>4:1=2,2:4>3:2=2,3:1>1:3=2,3:2>2:4=2,4:1>2:3=2,4:2>1:4=2	-	-
1790944075.9	running	fcf4deef1fb41b6b	917296	0	0	1790944072.422906		0	0	1:3>3:1=2,1:4>4:2=2,2:3>4:1=2,2:4>3:2=2,3:1>1:3=2,3:2>2:4=2,4:1>2:3=2,4:2>1:4=2	-	-
1790944076.9	running	fcf4deef1fb41b6b	917296	0	0	1790944072.422906		0	0	1:3>3:1=2,1:4>4:2=2,2:3>4:1=2,2:4>3:2=2,3:1>1:3=2,3:2>2:4=2,4:1>2:3=2,4:2>1:4=2	-	-
1790944077.9	running	fcf4deef1fb41b6b	917296	0	0	1790944077.4240623		0	0	1:3>3:1=3,1:4>4:2=3,2:3>4:1=3,2:4>3:2=3,3:1>1:3=3,3:2>2:4=3,4:1>2:3=3,4:2>1:4=3	-	-
1790944078.9	running	fcf4deef1fb41b6b	917296	0	0	1790944077.4240623		0	0	1:3>3:1=3,1:4>4:2=3,2:3>4:1=3,2:4>3:2=3,3:1>1:3=3,3:2>2:4=3,4:1>2:3=3,4:2>1:4=3	-	-
1790944079.9	running	fcf4deef1fb41b6b	917296	0	0	1790944077.4240623		0	0	1:3>3:1=3,1:4>4:2=3,2:3>4:1=3,2:4>3:2=3,3:1>1:3=3,3:2>2:4=3,4:1>2:3=3,4:2>1:4=3	-	-
1790944080.9	running	fcf4deef1fb41b6b	917296	0	0	1790944077.4240623		0	0	1:3>3:1=3,1:4>4:2=3,2:3>4:1=3,2:4>3:2=3,3:1>1:3=3,3:2>2:4=3,4:1>2:3=3,4:2>1:4=3	-	-
1790944081.9	running	fcf4deef1fb41b6b	917296	0	0	1790944081.9221325		0	0	1:3>3:1=3,1:4>4:2=3,2:3>4:1=3,2:4>3:2=3,3:1>1:3=3,3:2>2:4=3,4:1>2:3=3,4:2>1:4=3	-	-
1790944083.0	running	fcf4deef1fb41b6b	917296	0	0	1790944082.423598		0	0	1:3>3:1=4,1:4>4:2=4,2:3>4:1=4,2:4>3:2=4,3:1>1:3=4,3:2>2:4=4,4:1>2:3=4,4:2>1:4=4	-	-
1790944084.0	running	fcf4deef1fb41b6b	917296	0	0	1790944082.423598		0	0	1:3>3:1=4,1:4>4:2=4,2:3>4:1=4,2:4>3:2=4,3:1>1:3=4,3:2>2:4=4,4:1>2:3=4,4:2>1:4=4	-	-
1790944085.0	running	fcf4deef1fb41b6b	917296	0	0	1790944082.423598		0	0	1:3>3:1=4,1:4>4:2=4,2:3>4:1=4,2:4>3:2=4,3:1>1:3=4,3:2>2:4=4,4:1>2:3=4,4:2>1:4=4	-	-
1790944086.0	running	fcf4deef1fb41b6b	917296	0	0	1790944082.423598		0	0	1:3>3:1=4,1:4>4:2=4,2:3>4:1=4,2:4>3:2=4,3:1>1:3=4,3:2>2:4=4,4:1>2:3=4,4:2>1:4=4	-	-
1790944087.0	running	fcf4deef1fb41b6b	917296	0	0	1790944086.9219408		0	0	1:3>3:1=4,1:4>4:2=4,2:3>4:1=4,2:4>3:2=4,3:1>1:3=4,3:2>2:4=4,4:1>2:3=4,4:2>1:4=4	-	-
1790944088.0	running	fcf4deef1fb41b6b	917296	0	0	1790944087.4226387		0	0	1:3>3:1=5,1:4>4:2=5,2:3>4:1=5,2:4>3:2=5,3:1>1:3=5,3:2>2:4=5,4:1>2:3=5,4:2>1:4=5	-	-
1790944089.0	running	fcf4deef1fb41b6b	917296	0	0	1790944087.4226387		0	0	1:3>3:1=5,1:4>4:2=5,2:3>4:1=5,2:4>3:2=5,3:1>1:3=5,3:2>2:4=5,4:1>2:3=5,4:2>1:4=5	-	-
1790944090.0	running	fcf4deef1fb41b6b	917296	0	0	1790944087.4226387		0	0	1:3>3:1=5,1:4>4:2=5,2:3>4:1=5,2:4>3:2=5,3:1>1:3=5,3:2>2:4=5,4:1>2:3=5,4:2>1:4=5	-	-
1790944091.0	running	fcf4deef1fb41b6b	917296	0	0	1790944087.4226387		0	0	1:3>3:1=5,1:4>4:2=5,2:3>4:1=5,2:4>3:2=5,3:1>1:3=5,3:2>2:4=5,4:1>2:3=5,4:2>1:4=5	-	-
1790944092.0	running	fcf4deef1fb41b6b	917296	0	0	1790944091.9209318		0	0	1:3>3:1=5,1:4>4:2=5,2:3>4:1=5,2:4>3:2=5,3:1>1:3=5,3:2>2:4=5,4:1>2:3=5,4:2>1:4=5	-	-
1790944093.0	running	fcf4deef1fb41b6b	917296	0	0	1790944092.4218822		0	0	1:3>3:1=6,1:4>4:2=6,2:3>4:1=6,2:4>3:2=6,3:1>1:3=6,3:2>2:4=6,4:1>2:3=6,4:2>1:4=6	-	-
1790944094.0	running	fcf4deef1fb41b6b	917296	0	0	1790944092.4218822		0	0	1:3>3:1=6,1:4>4:2=6,2:3>4:1=6,2:4>3:2=6,3:1>1:3=6,3:2>2:4=6,4:1>2:3=6,4:2>1:4=6	-	-
1790944095.0	running	fcf4deef1fb41b6b	917296	0	0	1790944092.4218822		0	0	1:3>3:1=6,1:4>4:2=6,2:3>4:1=6,2:4>3:2=6,3:1>1:3=6,3:2>2:4=6,4:1>2:3=6,4:2>1:4=6	-	-
1790944096.0	running	fcf4deef1fb41b6b	917296	0	0	1790944092.4218822		0	0	1:3>3:1=6,1:4>4:2=6,2:3>4:1=6,2:4>3:2=6,3:1>1:3=6,3:2>2:4=6,4:1>2:3=6,4:2>1:4=6	-	-
1790944097.0	running	fcf4deef1fb41b6b	917296	0	0	1790944096.9219785		0	0	1:3>3:1=6,1:4>4:2=6,2:3>4:1=6,2:4>3:2=6,3:1>1:3=6,3:2>2:4=6,4:1>2:3=6,4:2>1:4=6	-	-
1790944098.0	running	fcf4deef1fb41b6b	917296	0	0	1790944097.4226289		0	0	1:3>3:1=7,1:4>4:2=7,2:3>4:1=7,2:4>3:2=7,3:1>1:3=7,3:2>2:4=7,4:1>2:3=7,4:2>1:4=7	-	-
1790944099.0	running	fcf4deef1fb41b6b	917296	0	0	1790944097.4226289		0	0	1:3>3:1=7,1:4>4:2=7,2:3>4:1=7,2:4>3:2=7,3:1>1:3=7,3:2>2:4=7,4:1>2:3=7,4:2>1:4=7	-	-
1790944100.0	running	fcf4deef1fb41b6b	917296	0	0	1790944097.4226289		0	0	1:3>3:1=7,1:4>4:2=7,2:3>4:1=7,2:4>3:2=7,3:1>1:3=7,3:2>2:4=7,4:1>2:3=7,4:2>1:4=7	-	-
1790944101.1	running	fcf4deef1fb41b6b	917296	0	0	1790944097.4226289		0	0	1:3>3:1=7,1:4>4:2=7,2:3>4:1=7,2:4>3:2=7,3:1>1:3=7,3:2>2:4=7,4:1>2:3=7,4:2>1:4=7	-	-
1790944102.1	running	fcf4deef1fb41b6b	917296	0	0	1790944101.9209502		0	0	1:3>3:1=7,1:4>4:2=7,2:3>4:1=7,2:4>3:2=7,3:1>1:3=7,3:2>2:4=7,4:1>2:3=7,4:2>1:4=7	-	-
1790944103.1	running	fcf4deef1fb41b6b	917296	0	0	1790944102.421622		0	0	1:3>3:1=8,1:4>4:2=8,2:3>4:1=8,2:4>3:2=8,3:1>1:3=8,3:2>2:4=8,4:1>2:3=8,4:2>1:4=8	-	-
1790944104.1	running	fcf4deef1fb41b6b	917296	0	0	1790944102.421622		0	0	1:3>3:1=8,1:4>4:2=8,2:3>4:1=8,2:4>3:2=8,3:1>1:3=8,3:2>2:4=8,4:1>2:3=8,4:2>1:4=8	-	-
1790944105.1	running	fcf4deef1fb41b6b	917296	0	0	1790944102.421622		0	0	1:3>3:1=8,1:4>4:2=8,2:3>4:1=8,2:4>3:2=8,3:1>1:3=8,3:2>2:4=8,4:1>2:3=8,4:2>1:4=8	-	-
1790944106.1	running	fcf4deef1fb41b6b	917296	0	0	1790944102.421622		0	0	1:3>3:1=8,1:4>4:2=8,2:3>4:1=8,2:4>3:2=8,3:1>1:3=8,3:2>2:4=8,4:1>2:3=8,4:2>1:4=8	-	-
1790944107.1	stopped	fcf4deef1fb41b6b	917296	0	0	1790944106.7956667	stopped by SIGTERM	0	0	1:3>3:1=8,1:4>4:2=8,2:3>4:1=8,2:4>3:2=8,3:1>1:3=8,3:2>2:4=8,4:1>2:3=8,4:2>1:4=8	-	-
1790944108.1	stopped	fcf4deef1fb41b6b	917296	0	0	1790944106.7956667	stopped by SIGTERM	0	0	1:3>3:1=8,1:4>4:2=8,2:3>4:1=8,2:4>3:2=8,3:1>1:3=8,3:2>2:4=8,4:1>2:3=8,4:2>1:4=8	-	-
1790944109.1	stopped	fcf4deef1fb41b6b	917296	0	0	1790944106.7956667	stopped by SIGTERM	0	0	1:3>3:1=8,1:4>4:2=8,2:3>4:1=8,2:4>3:2=8,3:1>1:3=8,3:2>2:4=8,4:1>2:3=8,4:2>1:4=8	-	-
1790944110.1	stopped	fcf4deef1fb41b6b	917296	0	0	1790944106.7956667	stopped by SIGTERM	0	0	1:3>3:1=8,1:4>4:2=8,2:3>4:1=8,2:4>3:2=8,3:1>1:3=8,3:2>2:4=8,4:1>2:3=8,4:2>1:4=8	-	-
1790944111.1	stopped	fcf4deef1fb41b6b	917296	0	0	1790944106.7956667	stopped by SIGTERM	0	0	1:3>3:1=8,1:4>4:2=8,2:3>4:1=8,2:4>3:2=8,3:1>1:3=8,3:2>2:4=8,4:1>2:3=8,4:2>1:4=8	-	-
1790944112.1	stopped	fcf4deef1fb41b6b	917296	0	0	1790944106.7956667	stopped by SIGTERM	0	0	1:3>3:1=8,1:4>4:2=8,2:3>4:1=8,2:4>3:2=8,3:1>1:3=8,3:2>2:4=8,4:1>2:3=8,4:2>1:4=8	-	-
1790944113.1	stopped	fcf4deef1fb41b6b	917296	0	0	1790944106.7956667	stopped by SIGTERM	0	0	1:3>3:1=8,1:4>4:2=8,2:3>4:1=8,2:4>3:2=8,3:1>1:3=8,3:2>2:4=8,4:1>2:3=8,4:2>1:4=8	-	-
1790944114.1	stopped	fcf4deef1fb41b6b	917296	0	0	1790944106.7956667	stopped by SIGTERM	0	0	1:3>3:1=8,1:4>4:2=8,2:3>4:1=8,2:4>3:2=8,3:1>1:3=8,3:2>2:4=8,4:1>2:3=8,4:2>1:4=8	-	-
1790944115.1	stopped	fcf4deef1fb41b6b	917296	0	0	1790944106.7956667	stopped by SIGTERM	0	0	1:3>3:1=8,1:4>4:2=8,2:3>4:1=8,2:4>3:2=8,3:1>1:3=8,3:2>2:4=8,4:1>2:3=8,4:2>1:4=8	-	-
1790944116.1	stopped	fcf4deef1fb41b6b	917296	0	0	1790944106.7956667	stopped by SIGTERM	0	0	1:3>3:1=8,1:4>4:2=8,2:3>4:1=8,2:4>3:2=8,3:1>1:3=8,3:2>2:4=8,4:1>2:3=8,4:2>1:4=8	-	-
1790944117.1	running	62acd5c071b00b97	920632	0	0	1790944117.0922642		0	0	1:3>3:1=0,1:4>4:2=0,2:3>4:1=0,2:4>3:2=0,3:1>1:3=0,3:2>2:4=0,4:1>2:3=0,4:2>1:4=0	-	-
1790944118.1	running	62acd5c071b00b97	920632	0	0	1790944117.5926397		0	0	1:3>3:1=1,1:4>4:2=1,2:3>4:1=1,2:4>3:2=1,3:1>1:3=1,3:2>2:4=1,4:1>2:3=1,4:2>1:4=1	-	-
1790944119.2	running	62acd5c071b00b97	920632	0	0	1790944117.5926397		0	0	1:3>3:1=1,1:4>4:2=1,2:3>4:1=1,2:4>3:2=1,3:1>1:3=1,3:2>2:4=1,4:1>2:3=1,4:2>1:4=1	-	-
1790944120.2	running	62acd5c071b00b97	920632	0	0	1790944117.5926397		0	0	1:3>3:1=1,1:4>4:2=1,2:3>4:1=1,2:4>3:2=1,3:1>1:3=1,3:2>2:4=1,4:1>2:3=1,4:2>1:4=1	-	-
1790944121.2	running	62acd5c071b00b97	920632	0	0	1790944117.5926397		0	0	1:3>3:1=1,1:4>4:2=1,2:3>4:1=1,2:4>3:2=1,3:1>1:3=1,3:2>2:4=1,4:1>2:3=1,4:2>1:4=1	-	-
1790944122.2	running	62acd5c071b00b97	920632	0	0	1790944122.0969973		0	0	1:3>3:1=1,1:4>4:2=1,2:3>4:1=1,2:4>3:2=1,3:1>1:3=1,3:2>2:4=1,4:1>2:3=1,4:2>1:4=1	-	-
1790944123.2	running	62acd5c071b00b97	920632	0	0	1790944122.5979795		0	0	1:3>3:1=2,1:4>4:2=2,2:3>4:1=2,2:4>3:2=2,3:1>1:3=2,3:2>2:4=2,4:1>2:3=2,4:2>1:4=2	-	-
1790944124.2	running	62acd5c071b00b97	920632	0	0	1790944122.5979795		0	0	1:3>3:1=2,1:4>4:2=2,2:3>4:1=2,2:4>3:2=2,3:1>1:3=2,3:2>2:4=2,4:1>2:3=2,4:2>1:4=2	-	-
1790944125.2	running	62acd5c071b00b97	920632	0	0	1790944122.5979795		0	0	1:3>3:1=2,1:4>4:2=2,2:3>4:1=2,2:4>3:2=2,3:1>1:3=2,3:2>2:4=2,4:1>2:3=2,4:2>1:4=2	-	-
1790944126.2	running	62acd5c071b00b97	920632	0	0	1790944122.5979795		0	0	1:3>3:1=2,1:4>4:2=2,2:3>4:1=2,2:4>3:2=2,3:1>1:3=2,3:2>2:4=2,4:1>2:3=2,4:2>1:4=2	-	-
1790944127.2	running	62acd5c071b00b97	920632	0	0	1790944127.0976562		0	0	1:3>3:1=2,1:4>4:2=2,2:3>4:1=2,2:4>3:2=2,3:1>1:3=2,3:2>2:4=2,4:1>2:3=2,4:2>1:4=2	-	-
1790944128.2	running	62acd5c071b00b97	920632	0	0	1790944127.5985801		0	0	1:3>3:1=3,1:4>4:2=3,2:3>4:1=3,2:4>3:2=3,3:1>1:3=3,3:2>2:4=3,4:1>2:3=3,4:2>1:4=3	-	-
1790944129.2	running	62acd5c071b00b97	920632	0	0	1790944127.5985801		0	0	1:3>3:1=3,1:4>4:2=3,2:3>4:1=3,2:4>3:2=3,3:1>1:3=3,3:2>2:4=3,4:1>2:3=3,4:2>1:4=3	-	-
1790944130.2	running	62acd5c071b00b97	920632	0	0	1790944127.5985801		0	0	1:3>3:1=3,1:4>4:2=3,2:3>4:1=3,2:4>3:2=3,3:1>1:3=3,3:2>2:4=3,4:1>2:3=3,4:2>1:4=3	-	-
1790944131.2	running	62acd5c071b00b97	920632	0	0	1790944127.5985801		0	0	1:3>3:1=3,1:4>4:2=3,2:3>4:1=3,2:4>3:2=3,3:1>1:3=3,3:2>2:4=3,4:1>2:3=3,4:2>1:4=3	-	-
1790944132.2	running	62acd5c071b00b97	920632	0	0	1790944132.09711		0	0	1:3>3:1=3,1:4>4:2=3,2:3>4:1=3,2:4>3:2=3,3:1>1:3=3,3:2>2:4=3,4:1>2:3=3,4:2>1:4=3	-	-
1790944133.2	running	62acd5c071b00b97	920632	0	0	1790944132.5979357		0	0	1:3>3:1=4,1:4>4:2=4,2:3>4:1=4,2:4>3:2=4,3:1>1:3=4,3:2>2:4=4,4:1>2:3=4,4:2>1:4=4	-	-
1790944134.2	running	62acd5c071b00b97	920632	0	0	1790944132.5979357		0	0	1:3>3:1=4,1:4>4:2=4,2:3>4:1=4,2:4>3:2=4,3:1>1:3=4,3:2>2:4=4,4:1>2:3=4,4:2>1:4=4	-	-
1790944135.3	running	62acd5c071b00b97	920632	0	0	1790944132.5979357		0	0	1:3>3:1=4,1:4>4:2=4,2:3>4:1=4,2:4>3:2=4,3:1>1:3=4,3:2>2:4=4,4:1>2:3=4,4:2>1:4=4	-	-
1790944136.3	running	62acd5c071b00b97	920632	0	0	1790944132.5979357		0	0	1:3>3:1=4,1:4>4:2=4,2:3>4:1=4,2:4>3:2=4,3:1>1:3=4,3:2>2:4=4,4:1>2:3=4,4:2>1:4=4	-	-
1790944137.3	running	62acd5c071b00b97	920632	0	0	1790944137.097111		0	0	1:3>3:1=4,1:4>4:2=4,2:3>4:1=4,2:4>3:2=4,3:1>1:3=4,3:2>2:4=4,4:1>2:3=4,4:2>1:4=4	-	-
1790944138.3	running	62acd5c071b00b97	920632	0	0	1790944137.597937		0	0	1:3>3:1=5,1:4>4:2=5,2:3>4:1=5,2:4>3:2=5,3:1>1:3=5,3:2>2:4=5,4:1>2:3=5,4:2>1:4=5	-	-
1790944139.3	running	62acd5c071b00b97	920632	0	0	1790944137.597937		0	0	1:3>3:1=5,1:4>4:2=5,2:3>4:1=5,2:4>3:2=5,3:1>1:3=5,3:2>2:4=5,4:1>2:3=5,4:2>1:4=5	-	-
1790944140.3	running	62acd5c071b00b97	920632	0	0	1790944137.597937		0	0	1:3>3:1=5,1:4>4:2=5,2:3>4:1=5,2:4>3:2=5,3:1>1:3=5,3:2>2:4=5,4:1>2:3=5,4:2>1:4=5	-	-
1790944141.3	running	62acd5c071b00b97	920632	0	0	1790944137.597937		0	0	1:3>3:1=5,1:4>4:2=5,2:3>4:1=5,2:4>3:2=5,3:1>1:3=5,3:2>2:4=5,4:1>2:3=5,4:2>1:4=5	-	-
1790944142.3	running	62acd5c071b00b97	920632	0	0	1790944142.094382		0	0	1:3>3:1=5,1:4>4:2=5,2:3>4:1=5,2:4>3:2=5,3:1>1:3=5,3:2>2:4=5,4:1>2:3=5,4:2>1:4=5	-	-
1790944143.3	running	62acd5c071b00b97	920632	0	0	1790944142.5955489		0	0	1:3>3:1=6,1:4>4:2=6,2:3>4:1=6,2:4>3:2=6,3:1>1:3=6,3:2>2:4=6,4:1>2:3=6,4:2>1:4=6	-	-
1790944144.3	running	62acd5c071b00b97	920632	0	0	1790944142.5955489		0	0	1:3>3:1=6,1:4>4:2=6,2:3>4:1=6,2:4>3:2=6,3:1>1:3=6,3:2>2:4=6,4:1>2:3=6,4:2>1:4=6	-	-
1790944145.3	running	62acd5c071b00b97	920632	0	0	1790944142.5955489		0	0	1:3>3:1=6,1:4>4:2=6,2:3>4:1=6,2:4>3:2=6,3:1>1:3=6,3:2>2:4=6,4:1>2:3=6,4:2>1:4=6	-	-
1790944146.3	running	62acd5c071b00b97	920632	0	0	1790944142.5955489		0	0	1:3>3:1=6,1:4>4:2=6,2:3>4:1=6,2:4>3:2=6,3:1>1:3=6,3:2>2:4=6,4:1>2:3=6,4:2>1:4=6	-	-
1790944147.3	running	62acd5c071b00b97	920632	0	0	1790944147.0971365		0	0	1:3>3:1=6,1:4>4:2=6,2:3>4:1=6,2:4>3:2=6,3:1>1:3=6,3:2>2:4=6,4:1>2:3=6,4:2>1:4=6	-	-
1790944148.3	running	62acd5c071b00b97	920632	0	0	1790944147.598346		0	0	1:3>3:1=7,1:4>4:2=7,2:3>4:1=7,2:4>3:2=7,3:1>1:3=7,3:2>2:4=7,4:1>2:3=7,4:2>1:4=7	-	-
1790944149.3	running	62acd5c071b00b97	920632	0	0	1790944147.598346		0	0	1:3>3:1=7,1:4>4:2=7,2:3>4:1=7,2:4>3:2=7,3:1>1:3=7,3:2>2:4=7,4:1>2:3=7,4:2>1:4=7	-	-
1790944150.3	running	62acd5c071b00b97	920632	0	0	1790944147.598346		0	0	1:3>3:1=7,1:4>4:2=7,2:3>4:1=7,2:4>3:2=7,3:1>1:3=7,3:2>2:4=7,4:1>2:3=7,4:2>1:4=7	-	-
1790944151.3	running	62acd5c071b00b97	920632	0	0	1790944147.598346		0	0	1:3>3:1=7,1:4>4:2=7,2:3>4:1=7,2:4>3:2=7,3:1>1:3=7,3:2>2:4=7,4:1>2:3=7,4:2>1:4=7	-	-
1790944152.4	running	62acd5c071b00b97	920632	0	0	1790944152.0972729		0	0	1:3>3:1=7,1:4>4:2=7,2:3>4:1=7,2:4>3:2=7,3:1>1:3=7,3:2>2:4=7,4:1>2:3=7,4:2>1:4=7	-	-
1790944153.4	running	62acd5c071b00b97	920632	0	0	1790944152.598152		0	0	1:3>3:1=8,1:4>4:2=8,2:3>4:1=8,2:4>3:2=8,3:1>1:3=8,3:2>2:4=8,4:1>2:3=8,4:2>1:4=8	-	-
1790944154.4	running	62acd5c071b00b97	920632	0	0	1790944152.598152		0	0	1:3>3:1=8,1:4>4:2=8,2:3>4:1=8,2:4>3:2=8,3:1>1:3=8,3:2>2:4=8,4:1>2:3=8,4:2>1:4=8	-	-
1790944155.4	running	62acd5c071b00b97	920632	0	0	1790944152.598152		0	0	1:3>3:1=8,1:4>4:2=8,2:3>4:1=8,2:4>3:2=8,3:1>1:3=8,3:2>2:4=8,4:1>2:3=8,4:2>1:4=8	-	-
1790944156.4	running	62acd5c071b00b97	920632	0	0	1790944152.598152		0	0	1:3>3:1=8,1:4>4:2=8,2:3>4:1=8,2:4>3:2=8,3:1>1:3=8,3:2>2:4=8,4:1>2:3=8,4:2>1:4=8	-	-
1790944157.4	running	62acd5c071b00b97	920632	0	0	1790944157.0971546		0	0	1:3>3:1=8,1:4>4:2=8,2:3>4:1=8,2:4>3:2=8,3:1>1:3=8,3:2>2:4=8,4:1>2:3=8,4:2>1:4=8	-	-
1790944158.4	running	62acd5c071b00b97	920632	0	0	1790944157.5978544		0	0	1:3>3:1=9,1:4>4:2=9,2:3>4:1=9,2:4>3:2=9,3:1>1:3=9,3:2>2:4=9,4:1>2:3=9,4:2>1:4=9	-	-
1790944159.4	running	62acd5c071b00b97	920632	0	0	1790944157.5978544		0	0	1:3>3:1=9,1:4>4:2=9,2:3>4:1=9,2:4>3:2=9,3:1>1:3=9,3:2>2:4=9,4:1>2:3=9,4:2>1:4=9	-	-
1790944160.4	running	62acd5c071b00b97	920632	0	0	1790944157.5978544		0	0	1:3>3:1=9,1:4>4:2=9,2:3>4:1=9,2:4>3:2=9,3:1>1:3=9,3:2>2:4=9,4:1>2:3=9,4:2>1:4=9	-	-
1790944161.4	running	62acd5c071b00b97	920632	0	0	1790944157.5978544		0	0	1:3>3:1=9,1:4>4:2=9,2:3>4:1=9,2:4>3:2=9,3:1>1:3=9,3:2>2:4=9,4:1>2:3=9,4:2>1:4=9	-	-
1790944162.4	running	62acd5c071b00b97	920632	0	0	1790944162.097416		0	0	1:3>3:1=9,1:4>4:2=9,2:3>4:1=9,2:4>3:2=9,3:1>1:3=9,3:2>2:4=9,4:1>2:3=9,4:2>1:4=9	-	-
1790944163.4	running	62acd5c071b00b97	920632	0	0	1790944162.5986068		0	0	1:3>3:1=10,1:4>4:2=10,2:3>4:1=10,2:4>3:2=10,3:1>1:3=10,3:2>2:4=10,4:1>2:3=10,4:2>1:4=10	-	-
1790944164.4	running	62acd5c071b00b97	920632	0	0	1790944162.5986068		0	0	1:3>3:1=10,1:4>4:2=10,2:3>4:1=10,2:4>3:2=10,3:1>1:3=10,3:2>2:4=10,4:1>2:3=10,4:2>1:4=10	-	-
1790944165.4	running	62acd5c071b00b97	920632	0	0	1790944162.5986068		0	0	1:3>3:1=10,1:4>4:2=10,2:3>4:1=10,2:4>3:2=10,3:1>1:3=10,3:2>2:4=10,4:1>2:3=10,4:2>1:4=10	-	-
1790944166.4	running	62acd5c071b00b97	920632	0	0	1790944162.5986068		0	0	1:3>3:1=10,1:4>4:2=10,2:3>4:1=10,2:4>3:2=10,3:1>1:3=10,3:2>2:4=10,4:1>2:3=10,4:2>1:4=10	-	-
1790944167.4	running	62acd5c071b00b97	920632	0	0	1790944167.0970895		0	0	1:3>3:1=10,1:4>4:2=10,2:3>4:1=10,2:4>3:2=10,3:1>1:3=10,3:2>2:4=10,4:1>2:3=10,4:2>1:4=10	-	-
1790944168.4	running	62acd5c071b00b97	920632	0	0	1790944167.5980582		0	0	1:3>3:1=11,1:4>4:2=11,2:3>4:1=11,2:4>3:2=11,3:1>1:3=11,3:2>2:4=11,4:1>2:3=11,4:2>1:4=11	-	-
1790944169.4	running	62acd5c071b00b97	920632	0	0	1790944167.5980582		0	0	1:3>3:1=11,1:4>4:2=11,2:3>4:1=11,2:4>3:2=11,3:1>1:3=11,3:2>2:4=11,4:1>2:3=11,4:2>1:4=11	-	-
1790944170.5	running	62acd5c071b00b97	920632	0	0	1790944167.5980582		0	0	1:3>3:1=11,1:4>4:2=11,2:3>4:1=11,2:4>3:2=11,3:1>1:3=11,3:2>2:4=11,4:1>2:3=11,4:2>1:4=11	-	-
1790944171.5	running	62acd5c071b00b97	920632	0	0	1790944167.5980582		0	0	1:3>3:1=11,1:4>4:2=11,2:3>4:1=11,2:4>3:2=11,3:1>1:3=11,3:2>2:4=11,4:1>2:3=11,4:2>1:4=11	-	-
1790944172.5	running	62acd5c071b00b97	920632	0	0	1790944172.0971315		0	0	1:3>3:1=11,1:4>4:2=11,2:3>4:1=11,2:4>3:2=11,3:1>1:3=11,3:2>2:4=11,4:1>2:3=11,4:2>1:4=11	-	-
1790944173.5	running	62acd5c071b00b97	920632	0	0	1790944172.598363		0	0	1:3>3:1=12,1:4>4:2=12,2:3>4:1=12,2:4>3:2=12,3:1>1:3=12,3:2>2:4=12,4:1>2:3=12,4:2>1:4=12	-	-
1790944174.5	running	62acd5c071b00b97	920632	0	0	1790944172.598363		0	0	1:3>3:1=12,1:4>4:2=12,2:3>4:1=12,2:4>3:2=12,3:1>1:3=12,3:2>2:4=12,4:1>2:3=12,4:2>1:4=12	-	-
1790944175.5	running	62acd5c071b00b97	920632	0	0	1790944172.598363		0	0	1:3>3:1=12,1:4>4:2=12,2:3>4:1=12,2:4>3:2=12,3:1>1:3=12,3:2>2:4=12,4:1>2:3=12,4:2>1:4=12	-	-
1790944176.5	running	62acd5c071b00b97	920632	0	0	1790944172.598363		0	0	1:3>3:1=12,1:4>4:2=12,2:3>4:1=12,2:4>3:2=12,3:1>1:3=12,3:2>2:4=12,4:1>2:3=12,4:2>1:4=12	-	-
1790944177.5	running	62acd5c071b00b97	920632	0	0	1790944177.0971348		0	0	1:3>3:1=12,1:4>4:2=12,2:3>4:1=12,2:4>3:2=12,3:1>1:3=12,3:2>2:4=12,4:1>2:3=12,4:2>1:4=12	-	-
1790944178.5	running	62acd5c071b00b97	920632	0	0	1790944177.598367		0	0	1:3>3:1=13,1:4>4:2=13,2:3>4:1=13,2:4>3:2=13,3:1>1:3=13,3:2>2:4=13,4:1>2:3=13,4:2>1:4=13	-	-
1790944179.5	running	62acd5c071b00b97	920632	0	0	1790944177.598367		0	0	1:3>3:1=13,1:4>4:2=13,2:3>4:1=13,2:4>3:2=13,3:1>1:3=13,3:2>2:4=13,4:1>2:3=13,4:2>1:4=13	-	-
1790944180.5	running	62acd5c071b00b97	920632	0	0	1790944177.598367		0	0	1:3>3:1=13,1:4>4:2=13,2:3>4:1=13,2:4>3:2=13,3:1>1:3=13,3:2>2:4=13,4:1>2:3=13,4:2>1:4=13	-	-
1790944181.5	running	62acd5c071b00b97	920632	0	0	1790944177.598367		0	0	1:3>3:1=13,1:4>4:2=13,2:3>4:1=13,2:4>3:2=13,3:1>1:3=13,3:2>2:4=13,4:1>2:3=13,4:2>1:4=13	-	-
1790944182.5	running	62acd5c071b00b97	920632	0	0	1790944182.0980937		0	0	1:3>3:1=13,1:4>4:2=13,2:3>4:1=13,2:4>3:2=13,3:1>1:3=13,3:2>2:4=13,4:1>2:3=13,4:2>1:4=13	-	-
1790944183.5	stopped	62acd5c071b00b97	920632	0	0	1790944183.393637	stopped by SIGTERM	0	0	1:3>3:1=14,1:4>4:2=14,2:3>4:1=14,2:4>3:2=14,3:1>1:3=14,3:2>2:4=14,4:1>2:3=14,4:2>1:4=14	-	-
1790944184.6	stopped	62acd5c071b00b97	920632	0	0	1790944183.393637	stopped by SIGTERM	0	0	1:3>3:1=14,1:4>4:2=14,2:3>4:1=14,2:4>3:2=14,3:1>1:3=14,3:2>2:4=14,4:1>2:3=14,4:2>1:4=14	-	-
1790944185.6	stopped	62acd5c071b00b97	920632	0	0	1790944183.393637	stopped by SIGTERM	0	0	1:3>3:1=14,1:4>4:2=14,2:3>4:1=14,2:4>3:2=14,3:1>1:3=14,3:2>2:4=14,4:1>2:3=14,4:2>1:4=14	-	-
1790944186.6	stopped	62acd5c071b00b97	920632	0	0	1790944183.393637	stopped by SIGTERM	0	0	1:3>3:1=14,1:4>4:2=14,2:3>4:1=14,2:4>3:2=14,3:1>1:3=14,3:2>2:4=14,4:1>2:3=14,4:2>1:4=14	-	-
1790944187.6	stopped	62acd5c071b00b97	920632	0	0	1790944183.393637	stopped by SIGTERM	0	0	1:3>3:1=14,1:4>4:2=14,2:3>4:1=14,2:4>3:2=14,3:1>1:3=14,3:2>2:4=14,4:1>2:3=14,4:2>1:4=14	-	-
1790944188.6	stopped	62acd5c071b00b97	920632	0	0	1790944183.393637	stopped by SIGTERM	0	0	1:3>3:1=14,1:4>4:2=14,2:3>4:1=14,2:4>3:2=14,3:1>1:3=14,3:2>2:4=14,4:1>2:3=14,4:2>1:4=14	-	-
1790944189.6	stopped	62acd5c071b00b97	920632	0	0	1790944183.393637	stopped by SIGTERM	0	0	1:3>3:1=14,1:4>4:2=14,2:3>4:1=14,2:4>3:2=14,3:1>1:3=14,3:2>2:4=14,4:1>2:3=14,4:2>1:4=14	-	-
1790944190.6	stopped	62acd5c071b00b97	920632	0	0	1790944183.393637	stopped by SIGTERM	0	0	1:3>3:1=14,1:4>4:2=14,2:3>4:1=14,2:4>3:2=14,3:1>1:3=14,3:2>2:4=14,4:1>2:3=14,4:2>1:4=14	-	-
1790944191.6	stopped	62acd5c071b00b97	920632	0	0	1790944183.393637	stopped by SIGTERM	0	0	1:3>3:1=14,1:4>4:2=14,2:3>4:1=14,2:4>3:2=14,3:1>1:3=14,3:2>2:4=14,4:1>2:3=14,4:2>1:4=14	-	-
1790944192.6	stopped	62acd5c071b00b97	920632	0	0	1790944183.393637	stopped by SIGTERM	0	0	1:3>3:1=14,1:4>4:2=14,2:3>4:1=14,2:4>3:2=14,3:1>1:3=14,3:2>2:4=14,4:1>2:3=14,4:2>1:4=14	-	-
1790944193.6	stopped	62acd5c071b00b97	920632	0	0	1790944183.393637	stopped by SIGTERM	0	0	1:3>3:1=14,1:4>4:2=14,2:3>4:1=14,2:4>3:2=14,3:1>1:3=14,3:2>2:4=14,4:1>2:3=14,4:2>1:4=14	-	-
1790944194.6	running	d95ecfd3cad1a9ac	924063	0	0	1790944194.159613		0	0	1:3>3:1=1,1:4>4:2=1,2:3>4:1=1,2:4>3:2=1,3:1>1:3=1,3:2>2:4=1,4:1>2:3=1,4:2>1:4=1	-	-
1790944195.6	running	d95ecfd3cad1a9ac	924063	0	0	1790944194.159613		0	0	1:3>3:1=1,1:4>4:2=1,2:3>4:1=1,2:4>3:2=1,3:1>1:3=1,3:2>2:4=1,4:1>2:3=1,4:2>1:4=1	-	-
1790944196.6	running	d95ecfd3cad1a9ac	924063	0	0	1790944194.159613		0	0	1:3>3:1=1,1:4>4:2=1,2:3>4:1=1,2:4>3:2=1,3:1>1:3=1,3:2>2:4=1,4:1>2:3=1,4:2>1:4=1	-	-
1790944197.6	running	d95ecfd3cad1a9ac	924063	0	0	1790944194.159613		0	0	1:3>3:1=1,1:4>4:2=1,2:3>4:1=1,2:4>3:2=1,3:1>1:3=1,3:2>2:4=1,4:1>2:3=1,4:2>1:4=1	-	-
1790944198.6	running	d95ecfd3cad1a9ac	924063	0	0	1790944194.159613		0	0	1:3>3:1=1,1:4>4:2=1,2:3>4:1=1,2:4>3:2=1,3:1>1:3=1,3:2>2:4=1,4:1>2:3=1,4:2>1:4=1	-	-
1790944199.6	running	d95ecfd3cad1a9ac	924063	0	0	1790944199.164313		0	0	1:3>3:1=2,1:4>4:2=2,2:3>4:1=2,2:4>3:2=2,3:1>1:3=2,3:2>2:4=2,4:1>2:3=2,4:2>1:4=2	-	-
1790944200.6	running	d95ecfd3cad1a9ac	924063	0	0	1790944199.164313		0	0	1:3>3:1=2,1:4>4:2=2,2:3>4:1=2,2:4>3:2=2,3:1>1:3=2,3:2>2:4=2,4:1>2:3=2,4:2>1:4=2	-	-
1790944201.7	running	d95ecfd3cad1a9ac	924063	0	0	1790944199.164313		0	0	1:3>3:1=2,1:4>4:2=2,2:3>4:1=2,2:4>3:2=2,3:1>1:3=2,3:2>2:4=2,4:1>2:3=2,4:2>1:4=2	-	-
1790944202.7	running	d95ecfd3cad1a9ac	924063	0	0	1790944199.164313		0	0	1:3>3:1=2,1:4>4:2=2,2:3>4:1=2,2:4>3:2=2,3:1>1:3=2,3:2>2:4=2,4:1>2:3=2,4:2>1:4=2	-	-
1790944203.7	running	d95ecfd3cad1a9ac	924063	0	0	1790944203.6636426		0	0	1:3>3:1=2,1:4>4:2=2,2:3>4:1=2,2:4>3:2=2,3:1>1:3=2,3:2>2:4=2,4:1>2:3=2,4:2>1:4=2	-	-
1790944204.7	running	d95ecfd3cad1a9ac	924063	0	0	1790944204.1646113		0	0	1:3>3:1=3,1:4>4:2=3,2:3>4:1=3,2:4>3:2=3,3:1>1:3=3,3:2>2:4=3,4:1>2:3=3,4:2>1:4=3	-	-
1790944205.7	running	d95ecfd3cad1a9ac	924063	0	0	1790944204.1646113		0	0	1:3>3:1=3,1:4>4:2=3,2:3>4:1=3,2:4>3:2=3,3:1>1:3=3,3:2>2:4=3,4:1>2:3=3,4:2>1:4=3	-	-
1790944206.7	running	d95ecfd3cad1a9ac	924063	0	0	1790944204.1646113		0	0	1:3>3:1=3,1:4>4:2=3,2:3>4:1=3,2:4>3:2=3,3:1>1:3=3,3:2>2:4=3,4:1>2:3=3,4:2>1:4=3	-	-
1790944207.7	running	d95ecfd3cad1a9ac	924063	0	0	1790944204.1646113		0	0	1:3>3:1=3,1:4>4:2=3,2:3>4:1=3,2:4>3:2=3,3:1>1:3=3,3:2>2:4=3,4:1>2:3=3,4:2>1:4=3	-	-
1790944208.7	running	d95ecfd3cad1a9ac	924063	0	0	1790944208.6639404		0	0	1:3>3:1=3,1:4>4:2=3,2:3>4:1=3,2:4>3:2=3,3:1>1:3=3,3:2>2:4=3,4:1>2:3=3,4:2>1:4=3	-	-
1790944209.7	running	d95ecfd3cad1a9ac	924063	0	0	1790944209.1649015		0	0	1:3>3:1=4,1:4>4:2=4,2:3>4:1=4,2:4>3:2=4,3:1>1:3=4,3:2>2:4=4,4:1>2:3=4,4:2>1:4=4	-	-
1790944210.7	running	d95ecfd3cad1a9ac	924063	0	0	1790944209.1649015		0	0	1:3>3:1=4,1:4>4:2=4,2:3>4:1=4,2:4>3:2=4,3:1>1:3=4,3:2>2:4=4,4:1>2:3=4,4:2>1:4=4	-	-
1790944211.7	running	d95ecfd3cad1a9ac	924063	0	0	1790944209.1649015		0	0	1:3>3:1=4,1:4>4:2=4,2:3>4:1=4,2:4>3:2=4,3:1>1:3=4,3:2>2:4=4,4:1>2:3=4,4:2>1:4=4	-	-
1790944212.7	running	d95ecfd3cad1a9ac	924063	0	0	1790944209.1649015		0	0	1:3>3:1=4,1:4>4:2=4,2:3>4:1=4,2:4>3:2=4,3:1>1:3=4,3:2>2:4=4,4:1>2:3=4,4:2>1:4=4	-	-
1790944213.7	running	d95ecfd3cad1a9ac	924063	0	0	1790944213.6632576		0	0	1:3>3:1=4,1:4>4:2=4,2:3>4:1=4,2:4>3:2=4,3:1>1:3=4,3:2>2:4=4,4:1>2:3=4,4:2>1:4=4	-	-
1790944214.7	running	d95ecfd3cad1a9ac	924063	0	0	1790944214.1642065		0	0	1:3>3:1=5,1:4>4:2=5,2:3>4:1=5,2:4>3:2=5,3:1>1:3=5,3:2>2:4=5,4:1>2:3=5,4:2>1:4=5	-	-
1790944215.7	running	d95ecfd3cad1a9ac	924063	0	0	1790944214.1642065		0	0	1:3>3:1=5,1:4>4:2=5,2:3>4:1=5,2:4>3:2=5,3:1>1:3=5,3:2>2:4=5,4:1>2:3=5,4:2>1:4=5	-	-
1790944216.7	running	d95ecfd3cad1a9ac	924063	0	0	1790944214.1642065		0	0	1:3>3:1=5,1:4>4:2=5,2:3>4:1=5,2:4>3:2=5,3:1>1:3=5,3:2>2:4=5,4:1>2:3=5,4:2>1:4=5	-	-
1790944217.7	running	d95ecfd3cad1a9ac	924063	0	0	1790944214.1642065		0	0	1:3>3:1=5,1:4>4:2=5,2:3>4:1=5,2:4>3:2=5,3:1>1:3=5,3:2>2:4=5,4:1>2:3=5,4:2>1:4=5	-	-
1790944218.8	running	d95ecfd3cad1a9ac	924063	0	0	1790944218.6631973		0	0	1:3>3:1=5,1:4>4:2=5,2:3>4:1=5,2:4>3:2=5,3:1>1:3=5,3:2>2:4=5,4:1>2:3=5,4:2>1:4=5	-	-
1790944219.8	running	d95ecfd3cad1a9ac	924063	0	0	1790944219.1642306		0	0	1:3>3:1=6,1:4>4:2=6,2:3>4:1=6,2:4>3:2=6,3:1>1:3=6,3:2>2:4=6,4:1>2:3=6,4:2>1:4=6	-	-
1790944220.8	running	d95ecfd3cad1a9ac	924063	0	0	1790944219.1642306		0	0	1:3>3:1=6,1:4>4:2=6,2:3>4:1=6,2:4>3:2=6,3:1>1:3=6,3:2>2:4=6,4:1>2:3=6,4:2>1:4=6	-	-
1790944221.8	running	d95ecfd3cad1a9ac	924063	0	0	1790944219.1642306		0	0	1:3>3:1=6,1:4>4:2=6,2:3>4:1=6,2:4>3:2=6,3:1>1:3=6,3:2>2:4=6,4:1>2:3=6,4:2>1:4=6	-	-
1790944222.8	running	d95ecfd3cad1a9ac	924063	0	0	1790944219.1642306		0	0	1:3>3:1=6,1:4>4:2=6,2:3>4:1=6,2:4>3:2=6,3:1>1:3=6,3:2>2:4=6,4:1>2:3=6,4:2>1:4=6	-	-
1790944223.8	running	d95ecfd3cad1a9ac	924063	0	0	1790944223.663934		0	0	1:3>3:1=6,1:4>4:2=6,2:3>4:1=6,2:4>3:2=6,3:1>1:3=6,3:2>2:4=6,4:1>2:3=6,4:2>1:4=6	-	-
1790944224.8	running	d95ecfd3cad1a9ac	924063	0	0	1790944224.1649392		0	0	1:3>3:1=7,1:4>4:2=7,2:3>4:1=7,2:4>3:2=7,3:1>1:3=7,3:2>2:4=7,4:1>2:3=7,4:2>1:4=7	-	-
1790944225.8	running	d95ecfd3cad1a9ac	924063	0	0	1790944224.1649392		0	0	1:3>3:1=7,1:4>4:2=7,2:3>4:1=7,2:4>3:2=7,3:1>1:3=7,3:2>2:4=7,4:1>2:3=7,4:2>1:4=7	-	-
1790944226.8	running	d95ecfd3cad1a9ac	924063	0	0	1790944224.1649392		0	0	1:3>3:1=7,1:4>4:2=7,2:3>4:1=7,2:4>3:2=7,3:1>1:3=7,3:2>2:4=7,4:1>2:3=7,4:2>1:4=7	-	-
1790944227.8	running	d95ecfd3cad1a9ac	924063	0	0	1790944224.1649392		0	0	1:3>3:1=7,1:4>4:2=7,2:3>4:1=7,2:4>3:2=7,3:1>1:3=7,3:2>2:4=7,4:1>2:3=7,4:2>1:4=7	-	-
1790944228.8	running	d95ecfd3cad1a9ac	924063	0	0	1790944228.6633668		0	0	1:3>3:1=7,1:4>4:2=7,2:3>4:1=7,2:4>3:2=7,3:1>1:3=7,3:2>2:4=7,4:1>2:3=7,4:2>1:4=7	-	-
1790944229.8	running	d95ecfd3cad1a9ac	924063	0	0	1790944229.1643312		0	0	1:3>3:1=8,1:4>4:2=8,2:3>4:1=8,2:4>3:2=8,3:1>1:3=8,3:2>2:4=8,4:1>2:3=8,4:2>1:4=8	-	-
1790944230.9	running	d95ecfd3cad1a9ac	924063	0	0	1790944229.1643312		0	0	1:3>3:1=8,1:4>4:2=8,2:3>4:1=8,2:4>3:2=8,3:1>1:3=8,3:2>2:4=8,4:1>2:3=8,4:2>1:4=8	-	-
1790944231.9	running	d95ecfd3cad1a9ac	924063	0	0	1790944229.1643312		0	0	1:3>3:1=8,1:4>4:2=8,2:3>4:1=8,2:4>3:2=8,3:1>1:3=8,3:2>2:4=8,4:1>2:3=8,4:2>1:4=8	-	-
1790944232.9	running	d95ecfd3cad1a9ac	924063	0	0	1790944229.1643312		0	0	1:3>3:1=8,1:4>4:2=8,2:3>4:1=8,2:4>3:2=8,3:1>1:3=8,3:2>2:4=8,4:1>2:3=8,4:2>1:4=8	-	-
1790944233.9	running	d95ecfd3cad1a9ac	924063	0	0	1790944233.6637619		0	0	1:3>3:1=8,1:4>4:2=8,2:3>4:1=8,2:4>3:2=8,3:1>1:3=8,3:2>2:4=8,4:1>2:3=8,4:2>1:4=8	-	-
1790944234.9	running	d95ecfd3cad1a9ac	924063	0	0	1790944234.164802		0	0	1:3>3:1=9,1:4>4:2=9,2:3>4:1=9,2:4>3:2=9,3:1>1:3=9,3:2>2:4=9,4:1>2:3=9,4:2>1:4=9	-	-
1790944235.9	running	d95ecfd3cad1a9ac	924063	0	0	1790944234.164802		0	0	1:3>3:1=9,1:4>4:2=9,2:3>4:1=9,2:4>3:2=9,3:1>1:3=9,3:2>2:4=9,4:1>2:3=9,4:2>1:4=9	-	-
1790944236.9	running	d95ecfd3cad1a9ac	924063	0	0	1790944234.164802		0	0	1:3>3:1=9,1:4>4:2=9,2:3>4:1=9,2:4>3:2=9,3:1>1:3=9,3:2>2:4=9,4:1>2:3=9,4:2>1:4=9	-	-
1790944237.9	running	d95ecfd3cad1a9ac	924063	0	0	1790944234.164802		0	0	1:3>3:1=9,1:4>4:2=9,2:3>4:1=9,2:4>3:2=9,3:1>1:3=9,3:2>2:4=9,4:1>2:3=9,4:2>1:4=9	-	-
1790944238.9	running	d95ecfd3cad1a9ac	924063	0	0	1790944238.663548		0	0	1:3>3:1=9,1:4>4:2=9,2:3>4:1=9,2:4>3:2=9,3:1>1:3=9,3:2>2:4=9,4:1>2:3=9,4:2>1:4=9	-	-
1790944239.9	running	d95ecfd3cad1a9ac	924063	0	0	1790944239.1645296		0	0	1:3>3:1=10,1:4>4:2=10,2:3>4:1=10,2:4>3:2=10,3:1>1:3=10,3:2>2:4=10,4:1>2:3=10,4:2>1:4=10	-	-
1790944240.9	running	d95ecfd3cad1a9ac	924063	0	0	1790944239.1645296		0	0	1:3>3:1=10,1:4>4:2=10,2:3>4:1=10,2:4>3:2=10,3:1>1:3=10,3:2>2:4=10,4:1>2:3=10,4:2>1:4=10	-	-
1790944241.9	running	d95ecfd3cad1a9ac	924063	0	0	1790944239.1645296		0	0	1:3>3:1=10,1:4>4:2=10,2:3>4:1=10,2:4>3:2=10,3:1>1:3=10,3:2>2:4=10,4:1>2:3=10,4:2>1:4=10	-	-
1790944242.9	running	d95ecfd3cad1a9ac	924063	0	0	1790944239.1645296		0	0	1:3>3:1=10,1:4>4:2=10,2:3>4:1=10,2:4>3:2=10,3:1>1:3=10,3:2>2:4=10,4:1>2:3=10,4:2>1:4=10	-	-
1790944243.9	running	d95ecfd3cad1a9ac	924063	0	0	1790944243.664047		0	0	1:3>3:1=10,1:4>4:2=10,2:3>4:1=10,2:4>3:2=10,3:1>1:3=10,3:2>2:4=10,4:1>2:3=10,4:2>1:4=10	-	-
1790944244.9	running	d95ecfd3cad1a9ac	924063	0	0	1790944244.1650846		0	0	1:3>3:1=11,1:4>4:2=11,2:3>4:1=11,2:4>3:2=11,3:1>1:3=11,3:2>2:4=11,4:1>2:3=11,4:2>1:4=11	-	-
1790944245.9	running	d95ecfd3cad1a9ac	924063	0	0	1790944244.1650846		0	0	1:3>3:1=11,1:4>4:2=11,2:3>4:1=11,2:4>3:2=11,3:1>1:3=11,3:2>2:4=11,4:1>2:3=11,4:2>1:4=11	-	-
1790944246.9	running	d95ecfd3cad1a9ac	924063	0	0	1790944244.1650846		0	0	1:3>3:1=11,1:4>4:2=11,2:3>4:1=11,2:4>3:2=11,3:1>1:3=11,3:2>2:4=11,4:1>2:3=11,4:2>1:4=11	-	-
1790944248.0	running	d95ecfd3cad1a9ac	924063	0	0	1790944244.1650846		0	0	1:3>3:1=11,1:4>4:2=11,2:3>4:1=11,2:4>3:2=11,3:1>1:3=11,3:2>2:4=11,4:1>2:3=11,4:2>1:4=11	-	-
1790944249.0	running	d95ecfd3cad1a9ac	924063	0	0	1790944248.6631927		0	0	1:3>3:1=11,1:4>4:2=11,2:3>4:1=11,2:4>3:2=11,3:1>1:3=11,3:2>2:4=11,4:1>2:3=11,4:2>1:4=11	-	-
1790944250.0	running	d95ecfd3cad1a9ac	924063	0	0	1790944249.164462		0	0	1:3>3:1=12,1:4>4:2=12,2:3>4:1=12,2:4>3:2=12,3:1>1:3=12,3:2>2:4=12,4:1>2:3=12,4:2>1:4=12	-	-
1790944251.0	running	d95ecfd3cad1a9ac	924063	0	0	1790944249.164462		0	0	1:3>3:1=12,1:4>4:2=12,2:3>4:1=12,2:4>3:2=12,3:1>1:3=12,3:2>2:4=12,4:1>2:3=12,4:2>1:4=12	-	-
1790944252.0	running	d95ecfd3cad1a9ac	924063	0	0	1790944249.164462		0	0	1:3>3:1=12,1:4>4:2=12,2:3>4:1=12,2:4>3:2=12,3:1>1:3=12,3:2>2:4=12,4:1>2:3=12,4:2>1:4=12	-	-
1790944253.0	running	d95ecfd3cad1a9ac	924063	0	0	1790944249.164462		0	0	1:3>3:1=12,1:4>4:2=12,2:3>4:1=12,2:4>3:2=12,3:1>1:3=12,3:2>2:4=12,4:1>2:3=12,4:2>1:4=12	-	-
1790944254.0	running	d95ecfd3cad1a9ac	924063	0	0	1790944253.6638937		0	0	1:3>3:1=12,1:4>4:2=12,2:3>4:1=12,2:4>3:2=12,3:1>1:3=12,3:2>2:4=12,4:1>2:3=12,4:2>1:4=12	-	-
1790944255.0	running	d95ecfd3cad1a9ac	924063	0	0	1790944254.164856		0	0	1:3>3:1=13,1:4>4:2=13,2:3>4:1=13,2:4>3:2=13,3:1>1:3=13,3:2>2:4=13,4:1>2:3=13,4:2>1:4=13	-	-
1790944256.0	running	d95ecfd3cad1a9ac	924063	0	0	1790944254.164856		0	0	1:3>3:1=13,1:4>4:2=13,2:3>4:1=13,2:4>3:2=13,3:1>1:3=13,3:2>2:4=13,4:1>2:3=13,4:2>1:4=13	-	-
1790944257.0	running	d95ecfd3cad1a9ac	924063	0	0	1790944254.164856		0	0	1:3>3:1=13,1:4>4:2=13,2:3>4:1=13,2:4>3:2=13,3:1>1:3=13,3:2>2:4=13,4:1>2:3=13,4:2>1:4=13	-	-
1790944258.0	running	d95ecfd3cad1a9ac	924063	0	0	1790944254.164856		0	0	1:3>3:1=13,1:4>4:2=13,2:3>4:1=13,2:4>3:2=13,3:1>1:3=13,3:2>2:4=13,4:1>2:3=13,4:2>1:4=13	-	-
1790944259.0	running	d95ecfd3cad1a9ac	924063	0	0	1790944258.6631422		0	0	1:3>3:1=13,1:4>4:2=13,2:3>4:1=13,2:4>3:2=13,3:1>1:3=13,3:2>2:4=13,4:1>2:3=13,4:2>1:4=13	-	-
1790944260.0	running	d95ecfd3cad1a9ac	924063	0	0	1790944259.1636229		0	0	1:3>3:1=14,1:4>4:2=14,2:3>4:1=14,2:4>3:2=14,3:1>1:3=14,3:2>2:4=14,4:1>2:3=14,4:2>1:4=14	-	-
1790944261.0	running	d95ecfd3cad1a9ac	924063	0	0	1790944259.1636229		0	0	1:3>3:1=14,1:4>4:2=14,2:3>4:1=14,2:4>3:2=14,3:1>1:3=14,3:2>2:4=14,4:1>2:3=14,4:2>1:4=14	-	-
1790944262.0	running	d95ecfd3cad1a9ac	924063	0	0	1790944259.1636229		0	0	1:3>3:1=14,1:4>4:2=14,2:3>4:1=14,2:4>3:2=14,3:1>1:3=14,3:2>2:4=14,4:1>2:3=14,4:2>1:4=14	-	-
1790944263.0	running	d95ecfd3cad1a9ac	924063	0	0	1790944259.1636229		0	0	1:3>3:1=14,1:4>4:2=14,2:3>4:1=14,2:4>3:2=14,3:1>1:3=14,3:2>2:4=14,4:1>2:3=14,4:2>1:4=14	-	-
1790944264.1	running	d95ecfd3cad1a9ac	924063	0	0	1790944263.6629977		0	0	1:3>3:1=14,1:4>4:2=14,2:3>4:1=14,2:4>3:2=14,3:1>1:3=14,3:2>2:4=14,4:1>2:3=14,4:2>1:4=14	-	-
1790944265.1	running	d95ecfd3cad1a9ac	924063	0	0	1790944264.1640167		0	0	1:3>3:1=15,1:4>4:2=15,2:3>4:1=15,2:4>3:2=15,3:1>1:3=15,3:2>2:4=15,4:1>2:3=15,4:2>1:4=15	-	-
1790944266.1	running	d95ecfd3cad1a9ac	924063	0	0	1790944264.1640167		0	0	1:3>3:1=15,1:4>4:2=15,2:3>4:1=15,2:4>3:2=15,3:1>1:3=15,3:2>2:4=15,4:1>2:3=15,4:2>1:4=15	-	-
1790944267.1	running	d95ecfd3cad1a9ac	924063	0	0	1790944264.1640167		0	0	1:3>3:1=15,1:4>4:2=15,2:3>4:1=15,2:4>3:2=15,3:1>1:3=15,3:2>2:4=15,4:1>2:3=15,4:2>1:4=15	-	-
1790944268.1	running	d95ecfd3cad1a9ac	924063	0	0	1790944264.1640167		0	0	1:3>3:1=15,1:4>4:2=15,2:3>4:1=15,2:4>3:2=15,3:1>1:3=15,3:2>2:4=15,4:1>2:3=15,4:2>1:4=15	-	-
1790944269.1	running	d95ecfd3cad1a9ac	924063	0	0	1790944268.6632893		0	0	1:3>3:1=15,1:4>4:2=15,2:3>4:1=15,2:4>3:2=15,3:1>1:3=15,3:2>2:4=15,4:1>2:3=15,4:2>1:4=15	-	-
1790944270.1	running	d95ecfd3cad1a9ac	924063	0	0	1790944269.1642635		0	0	1:3>3:1=16,1:4>4:2=16,2:3>4:1=16,2:4>3:2=16,3:1>1:3=16,3:2>2:4=16,4:1>2:3=16,4:2>1:4=16	-	-
1790944271.1	running	d95ecfd3cad1a9ac	924063	0	0	1790944269.1642635		0	0	1:3>3:1=16,1:4>4:2=16,2:3>4:1=16,2:4>3:2=16,3:1>1:3=16,3:2>2:4=16,4:1>2:3=16,4:2>1:4=16	-	-
1790944272.1	running	d95ecfd3cad1a9ac	924063	0	0	1790944269.1642635		0	0	1:3>3:1=16,1:4>4:2=16,2:3>4:1=16,2:4>3:2=16,3:1>1:3=16,3:2>2:4=16,4:1>2:3=16,4:2>1:4=16	-	-
1790944273.1	running	d95ecfd3cad1a9ac	924063	0	0	1790944269.1642635		0	0	1:3>3:1=16,1:4>4:2=16,2:3>4:1=16,2:4>3:2=16,3:1>1:3=16,3:2>2:4=16,4:1>2:3=16,4:2>1:4=16	-	-
1790944274.1	running	d95ecfd3cad1a9ac	924063	0	0	1790944273.6635518		0	0	1:3>3:1=16,1:4>4:2=16,2:3>4:1=16,2:4>3:2=16,3:1>1:3=16,3:2>2:4=16,4:1>2:3=16,4:2>1:4=16	-	-
1790944275.1	running	d95ecfd3cad1a9ac	924063	0	0	1790944274.164596		0	0	1:3>3:1=17,1:4>4:2=17,2:3>4:1=17,2:4>3:2=17,3:1>1:3=17,3:2>2:4=17,4:1>2:3=17,4:2>1:4=17	-	-
1790944276.1	running	d95ecfd3cad1a9ac	924063	0	0	1790944274.164596		0	0	1:3>3:1=17,1:4>4:2=17,2:3>4:1=17,2:4>3:2=17,3:1>1:3=17,3:2>2:4=17,4:1>2:3=17,4:2>1:4=17	-	-
1790944277.1	running	d95ecfd3cad1a9ac	924063	0	0	1790944274.164596		0	0	1:3>3:1=17,1:4>4:2=17,2:3>4:1=17,2:4>3:2=17,3:1>1:3=17,3:2>2:4=17,4:1>2:3=17,4:2>1:4=17	-	-
1790944278.1	running	d95ecfd3cad1a9ac	924063	0	0	1790944274.164596		0	0	1:3>3:1=17,1:4>4:2=17,2:3>4:1=17,2:4>3:2=17,3:1>1:3=17,3:2>2:4=17,4:1>2:3=17,4:2>1:4=17	-	-
1790944279.1	running	d95ecfd3cad1a9ac	924063	0	0	1790944278.6639028		0	0	1:3>3:1=17,1:4>4:2=17,2:3>4:1=17,2:4>3:2=17,3:1>1:3=17,3:2>2:4=17,4:1>2:3=17,4:2>1:4=17	-	-
1790944280.1	running	d95ecfd3cad1a9ac	924063	0	0	1790944279.1648543		0	0	1:3>3:1=18,1:4>4:2=18,2:3>4:1=18,2:4>3:2=18,3:1>1:3=18,3:2>2:4=18,4:1>2:3=18,4:2>1:4=18	-	-
1790944281.1	running	d95ecfd3cad1a9ac	924063	0	0	1790944279.1648543		0	0	1:3>3:1=18,1:4>4:2=18,2:3>4:1=18,2:4>3:2=18,3:1>1:3=18,3:2>2:4=18,4:1>2:3=18,4:2>1:4=18	-	-
1790944282.2	running	d95ecfd3cad1a9ac	924063	0	0	1790944279.1648543		0	0	1:3>3:1=18,1:4>4:2=18,2:3>4:1=18,2:4>3:2=18,3:1>1:3=18,3:2>2:4=18,4:1>2:3=18,4:2>1:4=18	-	-
1790944283.2	running	d95ecfd3cad1a9ac	924063	0	0	1790944279.1648543		0	0	1:3>3:1=18,1:4>4:2=18,2:3>4:1=18,2:4>3:2=18,3:1>1:3=18,3:2>2:4=18,4:1>2:3=18,4:2>1:4=18	-	-
1790944284.2	running	d95ecfd3cad1a9ac	924063	0	0	1790944283.6633575		0	0	1:3>3:1=18,1:4>4:2=18,2:3>4:1=18,2:4>3:2=18,3:1>1:3=18,3:2>2:4=18,4:1>2:3=18,4:2>1:4=18	-	-
1790944285.2	running	d95ecfd3cad1a9ac	924063	0	0	1790944284.1644127		0	0	1:3>3:1=19,1:4>4:2=19,2:3>4:1=19,2:4>3:2=19,3:1>1:3=19,3:2>2:4=19,4:1>2:3=19,4:2>1:4=19	-	-
1790944286.2	running	d95ecfd3cad1a9ac	924063	0	0	1790944284.1644127		0	0	1:3>3:1=19,1:4>4:2=19,2:3>4:1=19,2:4>3:2=19,3:1>1:3=19,3:2>2:4=19,4:1>2:3=19,4:2>1:4=19	-	-
1790944287.2	running	d95ecfd3cad1a9ac	924063	0	0	1790944284.1644127		0	0	1:3>3:1=19,1:4>4:2=19,2:3>4:1=19,2:4>3:2=19,3:1>1:3=19,3:2>2:4=19,4:1>2:3=19,4:2>1:4=19	-	-
1790944288.2	running	d95ecfd3cad1a9ac	924063	0	0	1790944284.1644127		0	0	1:3>3:1=19,1:4>4:2=19,2:3>4:1=19,2:4>3:2=19,3:1>1:3=19,3:2>2:4=19,4:1>2:3=19,4:2>1:4=19	-	-
1790944289.2	running	d95ecfd3cad1a9ac	924063	0	0	1790944289.1646144		0	0	1:3>3:1=20,1:4>4:2=20,2:3>4:1=20,2:4>3:2=20,3:1>1:3=20,3:2>2:4=20,4:1>2:3=20,4:2>1:4=20	-	-
1790944290.2	running	d95ecfd3cad1a9ac	924063	0	0	1790944289.1646144		0	0	1:3>3:1=20,1:4>4:2=20,2:3>4:1=20,2:4>3:2=20,3:1>1:3=20,3:2>2:4=20,4:1>2:3=20,4:2>1:4=20	-	-
1790944291.2	running	d95ecfd3cad1a9ac	924063	0	0	1790944289.1646144		0	0	1:3>3:1=20,1:4>4:2=20,2:3>4:1=20,2:4>3:2=20,3:1>1:3=20,3:2>2:4=20,4:1>2:3=20,4:2>1:4=20	-	-
1790944292.2	running	d95ecfd3cad1a9ac	924063	0	0	1790944289.1646144		0	0	1:3>3:1=20,1:4>4:2=20,2:3>4:1=20,2:4>3:2=20,3:1>1:3=20,3:2>2:4=20,4:1>2:3=20,4:2>1:4=20	-	-
1790944293.2	running	d95ecfd3cad1a9ac	924063	0	0	1790944289.1646144		0	0	1:3>3:1=20,1:4>4:2=20,2:3>4:1=20,2:4>3:2=20,3:1>1:3=20,3:2>2:4=20,4:1>2:3=20,4:2>1:4=20	-	-
1790944294.2	running	d95ecfd3cad1a9ac	924063	0	0	1790944294.165624		0	0	1:3>3:1=21,1:4>4:2=21,2:3>4:1=21,2:4>3:2=21,3:1>1:3=21,3:2>2:4=21,4:1>2:3=21,4:2>1:4=21	-	-
1790944295.2	running	d95ecfd3cad1a9ac	924063	0	0	1790944294.165624		0	0	1:3>3:1=21,1:4>4:2=21,2:3>4:1=21,2:4>3:2=21,3:1>1:3=21,3:2>2:4=21,4:1>2:3=21,4:2>1:4=21	-	-
1790944296.2	running	d95ecfd3cad1a9ac	924063	0	0	1790944294.165624		0	0	1:3>3:1=21,1:4>4:2=21,2:3>4:1=21,2:4>3:2=21,3:1>1:3=21,3:2>2:4=21,4:1>2:3=21,4:2>1:4=21	-	-
1790944297.2	running	d95ecfd3cad1a9ac	924063	0	0	1790944294.165624		0	0	1:3>3:1=21,1:4>4:2=21,2:3>4:1=21,2:4>3:2=21,3:1>1:3=21,3:2>2:4=21,4:1>2:3=21,4:2>1:4=21	-	-
1790944298.2	running	d95ecfd3cad1a9ac	924063	0	0	1790944294.165624		0	0	1:3>3:1=21,1:4>4:2=21,2:3>4:1=21,2:4>3:2=21,3:1>1:3=21,3:2>2:4=21,4:1>2:3=21,4:2>1:4=21	-	-
1790944299.2	running	d95ecfd3cad1a9ac	924063	0	0	1790944299.1645522		0	0	1:3>3:1=22,1:4>4:2=22,2:3>4:1=22,2:4>3:2=22,3:1>1:3=22,3:2>2:4=22,4:1>2:3=22,4:2>1:4=22	-	-
1790944300.3	running	d95ecfd3cad1a9ac	924063	0	0	1790944299.1645522		0	0	1:3>3:1=22,1:4>4:2=22,2:3>4:1=22,2:4>3:2=22,3:1>1:3=22,3:2>2:4=22,4:1>2:3=22,4:2>1:4=22	-	-
1790944301.3	running	d95ecfd3cad1a9ac	924063	0	0	1790944299.1645522		0	0	1:3>3:1=22,1:4>4:2=22,2:3>4:1=22,2:4>3:2=22,3:1>1:3=22,3:2>2:4=22,4:1>2:3=22,4:2>1:4=22	-	-
1790944302.3	running	d95ecfd3cad1a9ac	924063	0	0	1790944299.1645522		0	0	1:3>3:1=22,1:4>4:2=22,2:3>4:1=22,2:4>3:2=22,3:1>1:3=22,3:2>2:4=22,4:1>2:3=22,4:2>1:4=22	-	-
1790944303.3	running	d95ecfd3cad1a9ac	924063	0	0	1790944299.1645522		0	0	1:3>3:1=22,1:4>4:2=22,2:3>4:1=22,2:4>3:2=22,3:1>1:3=22,3:2>2:4=22,4:1>2:3=22,4:2>1:4=22	-	-
1790944304.3	running	d95ecfd3cad1a9ac	924063	0	0	1790944304.1653576		0	0	1:3>3:1=23,1:4>4:2=23,2:3>4:1=23,2:4>3:2=23,3:1>1:3=23,3:2>2:4=23,4:1>2:3=23,4:2>1:4=23	-	-
1790944305.3	running	d95ecfd3cad1a9ac	924063	0	0	1790944304.1653576		0	0	1:3>3:1=23,1:4>4:2=23,2:3>4:1=23,2:4>3:2=23,3:1>1:3=23,3:2>2:4=23,4:1>2:3=23,4:2>1:4=23	-	-
1790944306.3	running	d95ecfd3cad1a9ac	924063	0	0	1790944304.1653576		0	0	1:3>3:1=23,1:4>4:2=23,2:3>4:1=23,2:4>3:2=23,3:1>1:3=23,3:2>2:4=23,4:1>2:3=23,4:2>1:4=23	-	-
1790944307.3	running	d95ecfd3cad1a9ac	924063	0	0	1790944304.1653576		0	0	1:3>3:1=23,1:4>4:2=23,2:3>4:1=23,2:4>3:2=23,3:1>1:3=23,3:2>2:4=23,4:1>2:3=23,4:2>1:4=23	-	-
1790944308.3	running	d95ecfd3cad1a9ac	924063	0	0	1790944304.1653576		0	0	1:3>3:1=23,1:4>4:2=23,2:3>4:1=23,2:4>3:2=23,3:1>1:3=23,3:2>2:4=23,4:1>2:3=23,4:2>1:4=23	-	-
1790944309.3	running	d95ecfd3cad1a9ac	924063	0	0	1790944309.1646183		0	0	1:3>3:1=24,1:4>4:2=24,2:3>4:1=24,2:4>3:2=24,3:1>1:3=24,3:2>2:4=24,4:1>2:3=24,4:2>1:4=24	-	-
1790944310.3	running	d95ecfd3cad1a9ac	924063	0	0	1790944309.1646183		0	0	1:3>3:1=24,1:4>4:2=24,2:3>4:1=24,2:4>3:2=24,3:1>1:3=24,3:2>2:4=24,4:1>2:3=24,4:2>1:4=24	-	-
1790944311.3	running	d95ecfd3cad1a9ac	924063	0	0	1790944309.1646183		0	0	1:3>3:1=24,1:4>4:2=24,2:3>4:1=24,2:4>3:2=24,3:1>1:3=24,3:2>2:4=24,4:1>2:3=24,4:2>1:4=24	-	-
1790944312.3	running	d95ecfd3cad1a9ac	924063	0	0	1790944309.1646183		0	0	1:3>3:1=24,1:4>4:2=24,2:3>4:1=24,2:4>3:2=24,3:1>1:3=24,3:2>2:4=24,4:1>2:3=24,4:2>1:4=24	-	-
1790944313.3	running	d95ecfd3cad1a9ac	924063	0	0	1790944309.1646183		0	0	1:3>3:1=24,1:4>4:2=24,2:3>4:1=24,2:4>3:2=24,3:1>1:3=24,3:2>2:4=24,4:1>2:3=24,4:2>1:4=24	-	-
1790944314.3	running	d95ecfd3cad1a9ac	924063	0	0	1790944314.1626232		0	0	1:3>3:1=25,1:4>4:2=25,2:3>4:1=25,2:4>3:2=25,3:1>1:3=25,3:2>2:4=25,4:1>2:3=25,4:2>1:4=25	-	-
1790944315.3	running	d95ecfd3cad1a9ac	924063	0	0	1790944314.1626232		0	0	1:3>3:1=25,1:4>4:2=25,2:3>4:1=25,2:4>3:2=25,3:1>1:3=25,3:2>2:4=25,4:1>2:3=25,4:2>1:4=25	-	-
1790944316.3	running	d95ecfd3cad1a9ac	924063	0	0	1790944314.1626232		0	0	1:3>3:1=25,1:4>4:2=25,2:3>4:1=25,2:4>3:2=25,3:1>1:3=25,3:2>2:4=25,4:1>2:3=25,4:2>1:4=25	-	-
1790944317.4	running	d95ecfd3cad1a9ac	924063	0	0	1790944314.1626232		0	0	1:3>3:1=25,1:4>4:2=25,2:3>4:1=25,2:4>3:2=25,3:1>1:3=25,3:2>2:4=25,4:1>2:3=25,4:2>1:4=25	-	-
1790944318.4	running	d95ecfd3cad1a9ac	924063	0	0	1790944314.1626232		0	0	1:3>3:1=25,1:4>4:2=25,2:3>4:1=25,2:4>3:2=25,3:1>1:3=25,3:2>2:4=25,4:1>2:3=25,4:2>1:4=25	-	-
1790944319.4	running	d95ecfd3cad1a9ac	924063	0	0	1790944319.1648982		0	0	1:3>3:1=26,1:4>4:2=26,2:3>4:1=26,2:4>3:2=26,3:1>1:3=26,3:2>2:4=26,4:1>2:3=26,4:2>1:4=26	-	-
1790944320.4	running	d95ecfd3cad1a9ac	924063	0	0	1790944319.1648982		0	0	1:3>3:1=26,1:4>4:2=26,2:3>4:1=26,2:4>3:2=26,3:1>1:3=26,3:2>2:4=26,4:1>2:3=26,4:2>1:4=26	-	-
1790944321.4	running	d95ecfd3cad1a9ac	924063	0	0	1790944319.1648982		0	0	1:3>3:1=26,1:4>4:2=26,2:3>4:1=26,2:4>3:2=26,3:1>1:3=26,3:2>2:4=26,4:1>2:3=26,4:2>1:4=26	-	-
1790944322.4	running	d95ecfd3cad1a9ac	924063	0	0	1790944319.1648982		0	0	1:3>3:1=26,1:4>4:2=26,2:3>4:1=26,2:4>3:2=26,3:1>1:3=26,3:2>2:4=26,4:1>2:3=26,4:2>1:4=26	-	-
1790944323.4	running	d95ecfd3cad1a9ac	924063	0	0	1790944319.1648982		0	0	1:3>3:1=26,1:4>4:2=26,2:3>4:1=26,2:4>3:2=26,3:1>1:3=26,3:2>2:4=26,4:1>2:3=26,4:2>1:4=26	-	-
1790944324.4	running	d95ecfd3cad1a9ac	924063	0	0	1790944324.1631627		0	0	1:3>3:1=27,1:4>4:2=27,2:3>4:1=27,2:4>3:2=27,3:1>1:3=27,3:2>2:4=27,4:1>2:3=27,4:2>1:4=27	-	-
1790944325.4	running	d95ecfd3cad1a9ac	924063	0	0	1790944324.1631627		0	0	1:3>3:1=27,1:4>4:2=27,2:3>4:1=27,2:4>3:2=27,3:1>1:3=27,3:2>2:4=27,4:1>2:3=27,4:2>1:4=27	-	-
1790944326.4	running	d95ecfd3cad1a9ac	924063	0	0	1790944324.1631627		0	0	1:3>3:1=27,1:4>4:2=27,2:3>4:1=27,2:4>3:2=27,3:1>1:3=27,3:2>2:4=27,4:1>2:3=27,4:2>1:4=27	-	-
1790944327.4	running	d95ecfd3cad1a9ac	924063	0	0	1790944324.1631627		0	0	1:3>3:1=27,1:4>4:2=27,2:3>4:1=27,2:4>3:2=27,3:1>1:3=27,3:2>2:4=27,4:1>2:3=27,4:2>1:4=27	-	-
1790944328.4	running	d95ecfd3cad1a9ac	924063	0	0	1790944324.1631627		0	0	1:3>3:1=27,1:4>4:2=27,2:3>4:1=27,2:4>3:2=27,3:1>1:3=27,3:2>2:4=27,4:1>2:3=27,4:2>1:4=27	-	-
1790944329.4	running	d95ecfd3cad1a9ac	924063	0	0	1790944329.1646233		0	0	1:3>3:1=28,1:4>4:2=28,2:3>4:1=28,2:4>3:2=28,3:1>1:3=28,3:2>2:4=28,4:1>2:3=28,4:2>1:4=28	-	-
1790944330.4	running	d95ecfd3cad1a9ac	924063	0	0	1790944329.1646233		0	0	1:3>3:1=28,1:4>4:2=28,2:3>4:1=28,2:4>3:2=28,3:1>1:3=28,3:2>2:4=28,4:1>2:3=28,4:2>1:4=28	-	-
1790944331.4	running	d95ecfd3cad1a9ac	924063	0	0	1790944329.1646233		0	0	1:3>3:1=28,1:4>4:2=28,2:3>4:1=28,2:4>3:2=28,3:1>1:3=28,3:2>2:4=28,4:1>2:3=28,4:2>1:4=28	-	-
1790944332.4	running	d95ecfd3cad1a9ac	924063	0	0	1790944329.1646233		0	0	1:3>3:1=28,1:4>4:2=28,2:3>4:1=28,2:4>3:2=28,3:1>1:3=28,3:2>2:4=28,4:1>2:3=28,4:2>1:4=28	-	-
1790944333.4	running	d95ecfd3cad1a9ac	924063	0	0	1790944329.1646233		0	0	1:3>3:1=28,1:4>4:2=28,2:3>4:1=28,2:4>3:2=28,3:1>1:3=28,3:2>2:4=28,4:1>2:3=28,4:2>1:4=28	-	-
1790944334.5	running	d95ecfd3cad1a9ac	924063	0	0	1790944334.16462		0	0	1:3>3:1=29,1:4>4:2=29,2:3>4:1=29,2:4>3:2=29,3:1>1:3=29,3:2>2:4=29,4:1>2:3=29,4:2>1:4=29	-	-
1790944335.5	running	d95ecfd3cad1a9ac	924063	0	0	1790944334.16462		0	0	1:3>3:1=29,1:4>4:2=29,2:3>4:1=29,2:4>3:2=29,3:1>1:3=29,3:2>2:4=29,4:1>2:3=29,4:2>1:4=29	-	-
1790944336.5	running	d95ecfd3cad1a9ac	924063	0	0	1790944334.16462		0	0	1:3>3:1=29,1:4>4:2=29,2:3>4:1=29,2:4>3:2=29,3:1>1:3=29,3:2>2:4=29,4:1>2:3=29,4:2>1:4=29	-	-
1790944337.5	running	d95ecfd3cad1a9ac	924063	0	0	1790944334.16462		0	0	1:3>3:1=29,1:4>4:2=29,2:3>4:1=29,2:4>3:2=29,3:1>1:3=29,3:2>2:4=29,4:1>2:3=29,4:2>1:4=29	-	-
1790944338.5	running	d95ecfd3cad1a9ac	924063	0	0	1790944334.16462		0	0	1:3>3:1=29,1:4>4:2=29,2:3>4:1=29,2:4>3:2=29,3:1>1:3=29,3:2>2:4=29,4:1>2:3=29,4:2>1:4=29	-	-
1790944339.5	running	d95ecfd3cad1a9ac	924063	0	0	1790944339.164603		0	0	1:3>3:1=30,1:4>4:2=30,2:3>4:1=30,2:4>3:2=30,3:1>1:3=30,3:2>2:4=30,4:1>2:3=30,4:2>1:4=30	-	-
1790944340.5	running	d95ecfd3cad1a9ac	924063	0	0	1790944339.164603		0	0	1:3>3:1=30,1:4>4:2=30,2:3>4:1=30,2:4>3:2=30,3:1>1:3=30,3:2>2:4=30,4:1>2:3=30,4:2>1:4=30	-	-
1790944341.5	running	d95ecfd3cad1a9ac	924063	0	0	1790944339.164603		0	0	1:3>3:1=30,1:4>4:2=30,2:3>4:1=30,2:4>3:2=30,3:1>1:3=30,3:2>2:4=30,4:1>2:3=30,4:2>1:4=30	-	-
1790944342.5	running	d95ecfd3cad1a9ac	924063	0	0	1790944339.164603		0	0	1:3>3:1=30,1:4>4:2=30,2:3>4:1=30,2:4>3:2=30,3:1>1:3=30,3:2>2:4=30,4:1>2:3=30,4:2>1:4=30	-	-
1790944343.5	running	d95ecfd3cad1a9ac	924063	0	0	1790944339.164603		0	0	1:3>3:1=30,1:4>4:2=30,2:3>4:1=30,2:4>3:2=30,3:1>1:3=30,3:2>2:4=30,4:1>2:3=30,4:2>1:4=30	-	-
1790944344.5	running	d95ecfd3cad1a9ac	924063	0	0	1790944344.1656215		0	0	1:3>3:1=31,1:4>4:2=31,2:3>4:1=31,2:4>3:2=31,3:1>1:3=31,3:2>2:4=31,4:1>2:3=31,4:2>1:4=31	-	-
1790944345.5	running	d95ecfd3cad1a9ac	924063	0	0	1790944344.1656215		0	0	1:3>3:1=31,1:4>4:2=31,2:3>4:1=31,2:4>3:2=31,3:1>1:3=31,3:2>2:4=31,4:1>2:3=31,4:2>1:4=31	-	-
1790944346.5	running	d95ecfd3cad1a9ac	924063	0	0	1790944344.1656215		0	0	1:3>3:1=31,1:4>4:2=31,2:3>4:1=31,2:4>3:2=31,3:1>1:3=31,3:2>2:4=31,4:1>2:3=31,4:2>1:4=31	-	-
1790944347.5	running	d95ecfd3cad1a9ac	924063	0	0	1790944344.1656215		0	0	1:3>3:1=31,1:4>4:2=31,2:3>4:1=31,2:4>3:2=31,3:1>1:3=31,3:2>2:4=31,4:1>2:3=31,4:2>1:4=31	-	-
1790944348.5	running	d95ecfd3cad1a9ac	924063	0	0	1790944344.1656215		0	0	1:3>3:1=31,1:4>4:2=31,2:3>4:1=31,2:4>3:2=31,3:1>1:3=31,3:2>2:4=31,4:1>2:3=31,4:2>1:4=31	-	-
1790944349.5	running	d95ecfd3cad1a9ac	924063	0	0	1790944349.1646435		0	0	1:3>3:1=32,1:4>4:2=32,2:3>4:1=32,2:4>3:2=32,3:1>1:3=32,3:2>2:4=32,4:1>2:3=32,4:2>1:4=32	-	-
1790944350.5	running	d95ecfd3cad1a9ac	924063	0	0	1790944349.1646435		0	0	1:3>3:1=32,1:4>4:2=32,2:3>4:1=32,2:4>3:2=32,3:1>1:3=32,3:2>2:4=32,4:1>2:3=32,4:2>1:4=32	-	-
1790944351.6	running	d95ecfd3cad1a9ac	924063	0	0	1790944349.1646435		0	0	1:3>3:1=32,1:4>4:2=32,2:3>4:1=32,2:4>3:2=32,3:1>1:3=32,3:2>2:4=32,4:1>2:3=32,4:2>1:4=32	-	-
1790944352.6	running	d95ecfd3cad1a9ac	924063	0	0	1790944349.1646435		0	0	1:3>3:1=32,1:4>4:2=32,2:3>4:1=32,2:4>3:2=32,3:1>1:3=32,3:2>2:4=32,4:1>2:3=32,4:2>1:4=32	-	-
1790944353.6	running	d95ecfd3cad1a9ac	924063	0	0	1790944349.1646435		0	0	1:3>3:1=32,1:4>4:2=32,2:3>4:1=32,2:4>3:2=32,3:1>1:3=32,3:2>2:4=32,4:1>2:3=32,4:2>1:4=32	-	-
1790944354.6	running	d95ecfd3cad1a9ac	924063	0	0	1790944354.1633027		0	0	1:3>3:1=33,1:4>4:2=33,2:3>4:1=33,2:4>3:2=33,3:1>1:3=33,3:2>2:4=33,4:1>2:3=33,4:2>1:4=33	-	-
1790944355.6	running	d95ecfd3cad1a9ac	924063	0	0	1790944354.1633027		0	0	1:3>3:1=33,1:4>4:2=33,2:3>4:1=33,2:4>3:2=33,3:1>1:3=33,3:2>2:4=33,4:1>2:3=33,4:2>1:4=33	-	-
1790944356.6	running	d95ecfd3cad1a9ac	924063	0	0	1790944354.1633027		0	0	1:3>3:1=33,1:4>4:2=33,2:3>4:1=33,2:4>3:2=33,3:1>1:3=33,3:2>2:4=33,4:1>2:3=33,4:2>1:4=33	-	-
1790944357.6	running	d95ecfd3cad1a9ac	924063	0	0	1790944354.1633027		0	0	1:3>3:1=33,1:4>4:2=33,2:3>4:1=33,2:4>3:2=33,3:1>1:3=33,3:2>2:4=33,4:1>2:3=33,4:2>1:4=33	-	-
1790944358.6	running	d95ecfd3cad1a9ac	924063	0	0	1790944354.1633027		0	0	1:3>3:1=33,1:4>4:2=33,2:3>4:1=33,2:4>3:2=33,3:1>1:3=33,3:2>2:4=33,4:1>2:3=33,4:2>1:4=33	-	-
1790944359.6	running	d95ecfd3cad1a9ac	924063	0	0	1790944359.1646075		0	0	1:3>3:1=34,1:4>4:2=34,2:3>4:1=34,2:4>3:2=34,3:1>1:3=34,3:2>2:4=34,4:1>2:3=34,4:2>1:4=34	-	-
1790944360.6	running	d95ecfd3cad1a9ac	924063	0	0	1790944359.1646075		0	0	1:3>3:1=34,1:4>4:2=34,2:3>4:1=34,2:4>3:2=34,3:1>1:3=34,3:2>2:4=34,4:1>2:3=34,4:2>1:4=34	-	-
1790944361.6	running	d95ecfd3cad1a9ac	924063	0	0	1790944359.1646075		0	0	1:3>3:1=34,1:4>4:2=34,2:3>4:1=34,2:4>3:2=34,3:1>1:3=34,3:2>2:4=34,4:1>2:3=34,4:2>1:4=34	-	-
1790944362.6	running	d95ecfd3cad1a9ac	924063	0	0	1790944359.1646075		0	0	1:3>3:1=34,1:4>4:2=34,2:3>4:1=34,2:4>3:2=34,3:1>1:3=34,3:2>2:4=34,4:1>2:3=34,4:2>1:4=34	-	-
1790944363.6	running	d95ecfd3cad1a9ac	924063	0	0	1790944359.1646075		0	0	1:3>3:1=34,1:4>4:2=34,2:3>4:1=34,2:4>3:2=34,3:1>1:3=34,3:2>2:4=34,4:1>2:3=34,4:2>1:4=34	-	-
1790944364.6	running	d95ecfd3cad1a9ac	924063	0	0	1790944364.164665		0	0	1:3>3:1=35,1:4>4:2=35,2:3>4:1=35,2:4>3:2=35,3:1>1:3=35,3:2>2:4=35,4:1>2:3=35,4:2>1:4=35	-	-
1790944365.6	running	d95ecfd3cad1a9ac	924063	0	0	1790944364.164665		0	0	1:3>3:1=35,1:4>4:2=35,2:3>4:1=35,2:4>3:2=35,3:1>1:3=35,3:2>2:4=35,4:1>2:3=35,4:2>1:4=35	-	-
1790944366.6	running	d95ecfd3cad1a9ac	924063	0	0	1790944364.164665		0	0	1:3>3:1=35,1:4>4:2=35,2:3>4:1=35,2:4>3:2=35,3:1>1:3=35,3:2>2:4=35,4:1>2:3=35,4:2>1:4=35	-	-
1790944367.6	running	d95ecfd3cad1a9ac	924063	0	0	1790944364.164665		0	0	1:3>3:1=35,1:4>4:2=35,2:3>4:1=35,2:4>3:2=35,3:1>1:3=35,3:2>2:4=35,4:1>2:3=35,4:2>1:4=35	-	-
1790944368.6	running	d95ecfd3cad1a9ac	924063	0	0	1790944364.164665		0	0	1:3>3:1=35,1:4>4:2=35,2:3>4:1=35,2:4>3:2=35,3:1>1:3=35,3:2>2:4=35,4:1>2:3=35,4:2>1:4=35	-	-
1790944369.6	running	d95ecfd3cad1a9ac	924063	0	0	1790944369.1644354		0	0	1:3>3:1=36,1:4>4:2=36,2:3>4:1=36,2:4>3:2=36,3:1>1:3=36,3:2>2:4=36,4:1>2:3=36,4:2>1:4=36	-	-
1790944370.7	running	d95ecfd3cad1a9ac	924063	0	0	1790944369.1644354		0	0	1:3>3:1=36,1:4>4:2=36,2:3>4:1=36,2:4>3:2=36,3:1>1:3=36,3:2>2:4=36,4:1>2:3=36,4:2>1:4=36	-	-
1790944371.7	running	d95ecfd3cad1a9ac	924063	0	0	1790944369.1644354		0	0	1:3>3:1=36,1:4>4:2=36,2:3>4:1=36,2:4>3:2=36,3:1>1:3=36,3:2>2:4=36,4:1>2:3=36,4:2>1:4=36	-	-
1790944372.7	running	d95ecfd3cad1a9ac	924063	0	0	1790944369.1644354		0	0	1:3>3:1=36,1:4>4:2=36,2:3>4:1=36,2:4>3:2=36,3:1>1:3=36,3:2>2:4=36,4:1>2:3=36,4:2>1:4=36	-	-
1790944373.7	running	d95ecfd3cad1a9ac	924063	0	0	1790944373.6633155		0	0	1:3>3:1=36,1:4>4:2=36,2:3>4:1=36,2:4>3:2=36,3:1>1:3=36,3:2>2:4=36,4:1>2:3=36,4:2>1:4=36	-	-
1790944374.7	running	d95ecfd3cad1a9ac	924063	0	0	1790944374.1645806		0	0	1:3>3:1=37,1:4>4:2=37,2:3>4:1=37,2:4>3:2=37,3:1>1:3=37,3:2>2:4=37,4:1>2:3=37,4:2>1:4=37	-	-
1790944375.7	running	d95ecfd3cad1a9ac	924063	0	0	1790944374.1645806		0	0	1:3>3:1=37,1:4>4:2=37,2:3>4:1=37,2:4>3:2=37,3:1>1:3=37,3:2>2:4=37,4:1>2:3=37,4:2>1:4=37	-	-
1790944376.7	running	d95ecfd3cad1a9ac	924063	0	0	1790944374.1645806		0	0	1:3>3:1=37,1:4>4:2=37,2:3>4:1=37,2:4>3:2=37,3:1>1:3=37,3:2>2:4=37,4:1>2:3=37,4:2>1:4=37	-	-
1790944377.7	running	d95ecfd3cad1a9ac	924063	0	0	1790944374.1645806		0	0	1:3>3:1=37,1:4>4:2=37,2:3>4:1=37,2:4>3:2=37,3:1>1:3=37,3:2>2:4=37,4:1>2:3=37,4:2>1:4=37	-	-
1790944378.7	running	d95ecfd3cad1a9ac	924063	0	0	1790944378.6631837		0	0	1:3>3:1=37,1:4>4:2=37,2:3>4:1=37,2:4>3:2=37,3:1>1:3=37,3:2>2:4=37,4:1>2:3=37,4:2>1:4=37	-	-
1790944379.7	running	d95ecfd3cad1a9ac	924063	0	0	1790944379.1641462		0	0	1:3>3:1=38,1:4>4:2=38,2:3>4:1=38,2:4>3:2=38,3:1>1:3=38,3:2>2:4=38,4:1>2:3=38,4:2>1:4=38	-	-
1790944380.7	running	d95ecfd3cad1a9ac	924063	0	0	1790944379.1641462		0	0	1:3>3:1=38,1:4>4:2=38,2:3>4:1=38,2:4>3:2=38,3:1>1:3=38,3:2>2:4=38,4:1>2:3=38,4:2>1:4=38	-	-
1790944381.7	running	d95ecfd3cad1a9ac	924063	0	0	1790944379.1641462		0	0	1:3>3:1=38,1:4>4:2=38,2:3>4:1=38,2:4>3:2=38,3:1>1:3=38,3:2>2:4=38,4:1>2:3=38,4:2>1:4=38	-	-
1790944382.7	running	d95ecfd3cad1a9ac	924063	0	0	1790944379.1641462		0	0	1:3>3:1=38,1:4>4:2=38,2:3>4:1=38,2:4>3:2=38,3:1>1:3=38,3:2>2:4=38,4:1>2:3=38,4:2>1:4=38	-	-
1790944383.7	running	d95ecfd3cad1a9ac	924063	0	0	1790944383.6621022		0	0	1:3>3:1=38,1:4>4:2=38,2:3>4:1=38,2:4>3:2=38,3:1>1:3=38,3:2>2:4=38,4:1>2:3=38,4:2>1:4=38	-	-
1790944384.7	running	d95ecfd3cad1a9ac	924063	0	0	1790944384.163161		0	0	1:3>3:1=39,1:4>4:2=39,2:3>4:1=39,2:4>3:2=39,3:1>1:3=39,3:2>2:4=39,4:1>2:3=39,4:2>1:4=39	-	-
1790944385.7	running	d95ecfd3cad1a9ac	924063	0	0	1790944384.163161		0	0	1:3>3:1=39,1:4>4:2=39,2:3>4:1=39,2:4>3:2=39,3:1>1:3=39,3:2>2:4=39,4:1>2:3=39,4:2>1:4=39	-	-
1790944386.7	running	d95ecfd3cad1a9ac	924063	0	0	1790944384.163161		0	0	1:3>3:1=39,1:4>4:2=39,2:3>4:1=39,2:4>3:2=39,3:1>1:3=39,3:2>2:4=39,4:1>2:3=39,4:2>1:4=39	-	-
1790944387.7	running	d95ecfd3cad1a9ac	924063	0	0	1790944384.163161		0	0	1:3>3:1=39,1:4>4:2=39,2:3>4:1=39,2:4>3:2=39,3:1>1:3=39,3:2>2:4=39,4:1>2:3=39,4:2>1:4=39	-	-
1790944388.8	running	d95ecfd3cad1a9ac	924063	0	0	1790944388.6629426		0	0	1:3>3:1=39,1:4>4:2=39,2:3>4:1=39,2:4>3:2=39,3:1>1:3=39,3:2>2:4=39,4:1>2:3=39,4:2>1:4=39	-	-
1790944389.8	running	d95ecfd3cad1a9ac	924063	0	0	1790944389.1637232		0	0	1:3>3:1=40,1:4>4:2=40,2:3>4:1=40,2:4>3:2=40,3:1>1:3=40,3:2>2:4=40,4:1>2:3=40,4:2>1:4=40	-	-
1790944390.8	running	d95ecfd3cad1a9ac	924063	0	0	1790944389.1637232		0	0	1:3>3:1=40,1:4>4:2=40,2:3>4:1=40,2:4>3:2=40,3:1>1:3=40,3:2>2:4=40,4:1>2:3=40,4:2>1:4=40	-	-
1790944391.8	running	d95ecfd3cad1a9ac	924063	0	0	1790944389.1637232		0	0	1:3>3:1=40,1:4>4:2=40,2:3>4:1=40,2:4>3:2=40,3:1>1:3=40,3:2>2:4=40,4:1>2:3=40,4:2>1:4=40	-	-
1790944392.8	running	d95ecfd3cad1a9ac	924063	0	0	1790944389.1637232		0	0	1:3>3:1=40,1:4>4:2=40,2:3>4:1=40,2:4>3:2=40,3:1>1:3=40,3:2>2:4=40,4:1>2:3=40,4:2>1:4=40	-	-
1790944393.8	running	d95ecfd3cad1a9ac	924063	0	0	1790944393.6630435		0	0	1:3>3:1=40,1:4>4:2=40,2:3>4:1=40,2:4>3:2=40,3:1>1:3=40,3:2>2:4=40,4:1>2:3=40,4:2>1:4=40	-	-
1790944394.8	running	d95ecfd3cad1a9ac	924063	0	0	1790944394.1639907		0	0	1:3>3:1=41,1:4>4:2=41,2:3>4:1=41,2:4>3:2=41,3:1>1:3=41,3:2>2:4=41,4:1>2:3=41,4:2>1:4=41	-	-
1790944395.8	running	d95ecfd3cad1a9ac	924063	0	0	1790944394.1639907		0	0	1:3>3:1=41,1:4>4:2=41,2:3>4:1=41,2:4>3:2=41,3:1>1:3=41,3:2>2:4=41,4:1>2:3=41,4:2>1:4=41	-	-
1790944396.8	running	d95ecfd3cad1a9ac	924063	0	0	1790944394.1639907		0	0	1:3>3:1=41,1:4>4:2=41,2:3>4:1=41,2:4>3:2=41,3:1>1:3=41,3:2>2:4=41,4:1>2:3=41,4:2>1:4=41	-	-
1790944397.8	running	d95ecfd3cad1a9ac	924063	0	0	1790944394.1639907		0	0	1:3>3:1=41,1:4>4:2=41,2:3>4:1=41,2:4>3:2=41,3:1>1:3=41,3:2>2:4=41,4:1>2:3=41,4:2>1:4=41	-	-
1790944398.8	running	d95ecfd3cad1a9ac	924063	0	0	1790944398.6632965		0	0	1:3>3:1=41,1:4>4:2=41,2:3>4:1=41,2:4>3:2=41,3:1>1:3=41,3:2>2:4=41,4:1>2:3=41,4:2>1:4=41	-	-
1790944399.8	running	d95ecfd3cad1a9ac	924063	0	0	1790944399.1642237		0	0	1:3>3:1=42,1:4>4:2=42,2:3>4:1=42,2:4>3:2=42,3:1>1:3=42,3:2>2:4=42,4:1>2:3=42,4:2>1:4=42	-	-
1790944400.8	running	d95ecfd3cad1a9ac	924063	0	0	1790944399.1642237		0	0	1:3>3:1=42,1:4>4:2=42,2:3>4:1=42,2:4>3:2=42,3:1>1:3=42,3:2>2:4=42,4:1>2:3=42,4:2>1:4=42	-	-
1790944401.8	running	d95ecfd3cad1a9ac	924063	0	0	1790944399.1642237		0	0	1:3>3:1=42,1:4>4:2=42,2:3>4:1=42,2:4>3:2=42,3:1>1:3=42,3:2>2:4=42,4:1>2:3=42,4:2>1:4=42	-	-
1790944402.8	running	d95ecfd3cad1a9ac	924063	0	0	1790944399.1642237		0	0	1:3>3:1=42,1:4>4:2=42,2:3>4:1=42,2:4>3:2=42,3:1>1:3=42,3:2>2:4=42,4:1>2:3=42,4:2>1:4=42	-	-
1790944403.8	running	d95ecfd3cad1a9ac	924063	0	0	1790944403.6634848		0	0	1:3>3:1=42,1:4>4:2=42,2:3>4:1=42,2:4>3:2=42,3:1>1:3=42,3:2>2:4=42,4:1>2:3=42,4:2>1:4=42	-	-
1790944404.8	running	d95ecfd3cad1a9ac	924063	0	0	1790944404.164442		0	0	1:3>3:1=43,1:4>4:2=43,2:3>4:1=43,2:4>3:2=43,3:1>1:3=43,3:2>2:4=43,4:1>2:3=43,4:2>1:4=43	-	-
1790944405.9	running	d95ecfd3cad1a9ac	924063	0	0	1790944404.164442		0	0	1:3>3:1=43,1:4>4:2=43,2:3>4:1=43,2:4>3:2=43,3:1>1:3=43,3:2>2:4=43,4:1>2:3=43,4:2>1:4=43	-	-
1790944406.9	running	d95ecfd3cad1a9ac	924063	0	0	1790944404.164442		0	0	1:3>3:1=43,1:4>4:2=43,2:3>4:1=43,2:4>3:2=43,3:1>1:3=43,3:2>2:4=43,4:1>2:3=43,4:2>1:4=43	-	-
1790944407.9	running	d95ecfd3cad1a9ac	924063	0	0	1790944404.164442		0	0	1:3>3:1=43,1:4>4:2=43,2:3>4:1=43,2:4>3:2=43,3:1>1:3=43,3:2>2:4=43,4:1>2:3=43,4:2>1:4=43	-	-
1790944408.9	running	d95ecfd3cad1a9ac	924063	0	0	1790944408.6629517		0	0	1:3>3:1=43,1:4>4:2=43,2:3>4:1=43,2:4>3:2=43,3:1>1:3=43,3:2>2:4=43,4:1>2:3=43,4:2>1:4=43	-	-
1790944409.9	stopped	d95ecfd3cad1a9ac	924063	0	0	1790944409.624659	stopped by SIGTERM	0	0	1:3>3:1=44,1:4>4:2=44,2:3>4:1=44,2:4>3:2=44,3:1>1:3=44,3:2>2:4=44,4:1>2:3=44,4:2>1:4=44	-	-
1790944410.9	stopped	d95ecfd3cad1a9ac	924063	0	0	1790944409.624659	stopped by SIGTERM	0	0	1:3>3:1=44,1:4>4:2=44,2:3>4:1=44,2:4>3:2=44,3:1>1:3=44,3:2>2:4=44,4:1>2:3=44,4:2>1:4=44	-	-
1790944411.9	stopped	d95ecfd3cad1a9ac	924063	0	0	1790944409.624659	stopped by SIGTERM	0	0	1:3>3:1=44,1:4>4:2=44,2:3>4:1=44,2:4>3:2=44,3:1>1:3=44,3:2>2:4=44,4:1>2:3=44,4:2>1:4=44	-	-
1790944412.9	stopped	d95ecfd3cad1a9ac	924063	0	0	1790944409.624659	stopped by SIGTERM	0	0	1:3>3:1=44,1:4>4:2=44,2:3>4:1=44,2:4>3:2=44,3:1>1:3=44,3:2>2:4=44,4:1>2:3=44,4:2>1:4=44	-	-
1790944413.9	stopped	d95ecfd3cad1a9ac	924063	0	0	1790944409.624659	stopped by SIGTERM	0	0	1:3>3:1=44,1:4>4:2=44,2:3>4:1=44,2:4>3:2=44,3:1>1:3=44,3:2>2:4=44,4:1>2:3=44,4:2>1:4=44	-	-
1790944414.9	stopped	d95ecfd3cad1a9ac	924063	0	0	1790944409.624659	stopped by SIGTERM	0	0	1:3>3:1=44,1:4>4:2=44,2:3>4:1=44,2:4>3:2=44,3:1>1:3=44,3:2>2:4=44,4:1>2:3=44,4:2>1:4=44	-	-
1790944415.9	stopped	d95ecfd3cad1a9ac	924063	0	0	1790944409.624659	stopped by SIGTERM	0	0	1:3>3:1=44,1:4>4:2=44,2:3>4:1=44,2:4>3:2=44,3:1>1:3=44,3:2>2:4=44,4:1>2:3=44,4:2>1:4=44	-	-
1790944416.9	stopped	d95ecfd3cad1a9ac	924063	0	0	1790944409.624659	stopped by SIGTERM	0	0	1:3>3:1=44,1:4>4:2=44,2:3>4:1=44,2:4>3:2=44,3:1>1:3=44,3:2>2:4=44,4:1>2:3=44,4:2>1:4=44	-	-
1790944417.9	stopped	d95ecfd3cad1a9ac	924063	0	0	1790944409.624659	stopped by SIGTERM	0	0	1:3>3:1=44,1:4>4:2=44,2:3>4:1=44,2:4>3:2=44,3:1>1:3=44,3:2>2:4=44,4:1>2:3=44,4:2>1:4=44	-	-
1790944418.9	stopped	d95ecfd3cad1a9ac	924063	0	0	1790944409.624659	stopped by SIGTERM	0	0	1:3>3:1=44,1:4>4:2=44,2:3>4:1=44,2:4>3:2=44,3:1>1:3=44,3:2>2:4=44,4:1>2:3=44,4:2>1:4=44	-	-
1790944419.9	running	bcca51ac84f0a564	929210	0	0	1790944419.871509		0	0	1:3>2:3=0,1:4>3:2=0,2:3>1:3=0,2:4>3:3=0,3:2>1:4=0,3:3>2:4=0	-	-
1790944421.0	running	bcca51ac84f0a564	929210	0	0	1790944420.3723197		0	0	1:3>2:3=1,1:4>3:2=1,2:3>1:3=1,2:4>3:3=1,3:2>1:4=1,3:3>2:4=1	-	-
1790944422.0	running	bcca51ac84f0a564	929210	0	0	1790944420.3723197		0	0	1:3>2:3=1,1:4>3:2=1,2:3>1:3=1,2:4>3:3=1,3:2>1:4=1,3:3>2:4=1	-	-
1790944423.0	running	bcca51ac84f0a564	929210	0	0	1790944420.3723197		0	0	1:3>2:3=1,1:4>3:2=1,2:3>1:3=1,2:4>3:3=1,3:2>1:4=1,3:3>2:4=1	-	-
1790944424.0	running	bcca51ac84f0a564	929210	0	0	1790944420.3723197		0	0	1:3>2:3=1,1:4>3:2=1,2:3>1:3=1,2:4>3:3=1,3:2>1:4=1,3:3>2:4=1	-	-
1790944425.0	running	bcca51ac84f0a564	929210	0	0	1790944424.8763654		0	0	1:3>2:3=1,1:4>3:2=1,2:3>1:3=1,2:4>3:3=1,3:2>1:4=1,3:3>2:4=1	-	-
1790944426.0	running	bcca51ac84f0a564	929210	0	0	1790944425.3776286		0	0	1:3>2:3=2,1:4>3:2=2,2:3>1:3=2,2:4>3:3=2,3:2>1:4=2,3:3>2:4=2	-	-
1790944427.0	running	bcca51ac84f0a564	929210	0	0	1790944425.3776286		0	0	1:3>2:3=2,1:4>3:2=2,2:3>1:3=2,2:4>3:3=2,3:2>1:4=2,3:3>2:4=2	-	-
1790944428.0	running	bcca51ac84f0a564	929210	0	0	1790944425.3776286		0	0	1:3>2:3=2,1:4>3:2=2,2:3>1:3=2,2:4>3:3=2,3:2>1:4=2,3:3>2:4=2	-	-
1790944429.0	running	bcca51ac84f0a564	929210	0	0	1790944425.3776286		0	0	1:3>2:3=2,1:4>3:2=2,2:3>1:3=2,2:4>3:3=2,3:2>1:4=2,3:3>2:4=2	-	-
1790944430.0	running	bcca51ac84f0a564	929210	0	0	1790944429.8771827		0	0	1:3>2:3=2,1:4>3:2=2,2:3>1:3=2,2:4>3:3=2,3:2>1:4=2,3:3>2:4=2	-	-
1790944431.0	running	bcca51ac84f0a564	929210	0	0	1790944430.3782792		0	0	1:3>2:3=2,1:4>3:2=3,2:3>1:3=3,2:4>3:3=3,3:2>1:4=3,3:3>2:4=3	-	-
1790944432.0	running	bcca51ac84f0a564	929210	0	0	1790944431.3477507		0	0	1:3>2:3=3,1:4>3:2=3,2:3>1:3=3,2:4>3:3=3,3:2>1:4=3,3:3>2:4=3	-	-
1790944433.0	running	bcca51ac84f0a564	929210	0	0	1790944431.3477507		0	0	1:3>2:3=3,1:4>3:2=3,2:3>1:3=3,2:4>3:3=3,3:2>1:4=3,3:3>2:4=3	-	-
1790944434.0	running	bcca51ac84f0a564	929210	0	0	1790944431.3477507		0	0	1:3>2:3=3,1:4>3:2=3,2:3>1:3=3,2:4>3:3=3,3:2>1:4=3,3:3>2:4=3	-	-
1790944435.0	running	bcca51ac84f0a564	929210	0	0	1790944434.8755822		0	0	1:3>2:3=3,1:4>3:2=3,2:3>1:3=3,2:4>3:3=3,3:2>1:4=3,3:3>2:4=3	-	-
1790944436.0	running	bcca51ac84f0a564	929210	0	0	1790944435.3767486		0	0	1:3>2:3=3,1:4>3:2=4,2:3>1:3=4,2:4>3:3=4,3:2>1:4=4,3:3>2:4=4	-	-
1790944437.0	running	bcca51ac84f0a564	929210	0	0	1790944436.8671944		0	0	1:3>2:3=4,1:4>3:2=4,2:3>1:3=4,2:4>3:3=4,3:2>1:4=4,3:3>2:4=4	-	-
1790944438.1	running	bcca51ac84f0a564	929210	0	0	1790944436.8671944		0	0	1:3>2:3=4,1:4>3:2=4,2:3>1:3=4,2:4>3:3=4,3:2>1:4=4,3:3>2:4=4	-	-
1790944439.1	running	bcca51ac84f0a564	929210	0	0	1790944436.8671944		0	0	1:3>2:3=4,1:4>3:2=4,2:3>1:3=4,2:4>3:3=4,3:2>1:4=4,3:3>2:4=4	-	-
1790944440.1	running	bcca51ac84f0a564	929210	0	0	1790944439.8749492		0	0	1:3>2:3=4,1:4>3:2=4,2:3>1:3=4,2:4>3:3=4,3:2>1:4=4,3:3>2:4=4	-	-
1790944441.1	running	bcca51ac84f0a564	929210	0	0	1790944440.3758912		0	0	1:3>2:3=4,1:4>3:2=5,2:3>1:3=5,2:4>3:3=5,3:2>1:4=5,3:3>2:4=5	-	-
1790944442.1	running	bcca51ac84f0a564	929210	0	0	1790944441.8786805		0	0	1:3>2:3=5,1:4>3:2=5,2:3>1:3=5,2:4>3:3=5,3:2>1:4=5,3:3>2:4=5	-	-
1790944443.1	running	bcca51ac84f0a564	929210	0	0	1790944441.8786805		0	0	1:3>2:3=5,1:4>3:2=5,2:3>1:3=5,2:4>3:3=5,3:2>1:4=5,3:3>2:4=5	-	-
1790944444.1	running	bcca51ac84f0a564	929210	0	0	1790944441.8786805		0	0	1:3>2:3=5,1:4>3:2=5,2:3>1:3=5,2:4>3:3=5,3:2>1:4=5,3:3>2:4=5	-	-
1790944445.1	running	bcca51ac84f0a564	929210	0	0	1790944444.8749063		0	0	1:3>2:3=5,1:4>3:2=5,2:3>1:3=5,2:4>3:3=5,3:2>1:4=5,3:3>2:4=5	-	-
1790944446.1	running	bcca51ac84f0a564	929210	0	0	1790944445.37581		0	0	1:3>2:3=5,1:4>3:2=6,2:3>1:3=6,2:4>3:3=6,3:2>1:4=6,3:3>2:4=6	-	-
1790944447.1	running	bcca51ac84f0a564	929210	0	0	1790944446.719791		0	0	1:3>2:3=6,1:4>3:2=6,2:3>1:3=6,2:4>3:3=6,3:2>1:4=6,3:3>2:4=6	-	-
1790944448.1	running	bcca51ac84f0a564	929210	0	0	1790944446.719791		0	0	1:3>2:3=6,1:4>3:2=6,2:3>1:3=6,2:4>3:3=6,3:2>1:4=6,3:3>2:4=6	-	-
1790944449.1	running	bcca51ac84f0a564	929210	0	0	1790944446.719791		0	0	1:3>2:3=6,1:4>3:2=6,2:3>1:3=6,2:4>3:3=6,3:2>1:4=6,3:3>2:4=6	-	-
1790944450.1	running	bcca51ac84f0a564	929210	0	0	1790944449.8753335		0	0	1:3>2:3=6,1:4>3:2=6,2:3>1:3=6,2:4>3:3=6,3:2>1:4=6,3:3>2:4=6	-	-
1790944451.1	running	bcca51ac84f0a564	929210	0	0	1790944450.3764524		0	0	1:3>2:3=6,1:4>3:2=7,2:3>1:3=7,2:4>3:3=7,3:2>1:4=7,3:3>2:4=7	-	-
1790944452.1	running	bcca51ac84f0a564	929210	0	0	1790944451.9016428		0	0	1:3>2:3=7,1:4>3:2=7,2:3>1:3=7,2:4>3:3=7,3:2>1:4=7,3:3>2:4=7	-	-
1790944453.1	running	bcca51ac84f0a564	929210	0	0	1790944451.9016428		0	0	1:3>2:3=7,1:4>3:2=7,2:3>1:3=7,2:4>3:3=7,3:2>1:4=7,3:3>2:4=7	-	-
1790944454.1	running	bcca51ac84f0a564	929210	0	0	1790944451.9016428		0	0	1:3>2:3=7,1:4>3:2=7,2:3>1:3=7,2:4>3:3=7,3:2>1:4=7,3:3>2:4=7	-	-
1790944455.1	running	bcca51ac84f0a564	929210	0	0	1790944454.8752794		0	0	1:3>2:3=7,1:4>3:2=7,2:3>1:3=7,2:4>3:3=7,3:2>1:4=7,3:3>2:4=7	-	-
1790944456.2	running	bcca51ac84f0a564	929210	0	0	1790944455.3766298		0	0	1:3>2:3=7,1:4>3:2=8,2:3>1:3=8,2:4>3:3=8,3:2>1:4=8,3:3>2:4=8	-	-
1790944457.2	running	bcca51ac84f0a564	929210	0	0	1790944456.2107844		0	0	1:3>2:3=8,1:4>3:2=8,2:3>1:3=8,2:4>3:3=8,3:2>1:4=8,3:3>2:4=8	-	-
1790944458.2	running	bcca51ac84f0a564	929210	0	0	1790944456.2107844		0	0	1:3>2:3=8,1:4>3:2=8,2:3>1:3=8,2:4>3:3=8,3:2>1:4=8,3:3>2:4=8	-	-
1790944459.2	running	bcca51ac84f0a564	929210	0	0	1790944456.2107844		0	0	1:3>2:3=8,1:4>3:2=8,2:3>1:3=8,2:4>3:3=8,3:2>1:4=8,3:3>2:4=8	-	-
1790944460.2	running	bcca51ac84f0a564	929210	0	0	1790944459.876352		0	0	1:3>2:3=8,1:4>3:2=8,2:3>1:3=8,2:4>3:3=8,3:2>1:4=8,3:3>2:4=8	-	-
1790944461.2	running	bcca51ac84f0a564	929210	0	0	1790944460.3773332		0	0	1:3>2:3=8,1:4>3:2=9,2:3>1:3=9,2:4>3:3=9,3:2>1:4=9,3:3>2:4=9	-	-
1790944462.2	running	bcca51ac84f0a564	929210	0	0	1790944461.6323893		0	0	1:3>2:3=9,1:4>3:2=9,2:3>1:3=9,2:4>3:3=9,3:2>1:4=9,3:3>2:4=9	-	-
1790944463.2	running	bcca51ac84f0a564	929210	0	0	1790944461.6323893		0	0	1:3>2:3=9,1:4>3:2=9,2:3>1:3=9,2:4>3:3=9,3:2>1:4=9,3:3>2:4=9	-	-
1790944464.2	running	bcca51ac84f0a564	929210	0	0	1790944461.6323893		0	0	1:3>2:3=9,1:4>3:2=9,2:3>1:3=9,2:4>3:3=9,3:2>1:4=9,3:3>2:4=9	-	-
1790944465.2	running	bcca51ac84f0a564	929210	0	0	1790944464.8754683		0	0	1:3>2:3=9,1:4>3:2=9,2:3>1:3=9,2:4>3:3=9,3:2>1:4=9,3:3>2:4=9	-	-
1790944466.2	running	bcca51ac84f0a564	929210	0	0	1790944466.1348794		0	0	1:3>2:3=10,1:4>3:2=10,2:3>1:3=10,2:4>3:3=10,3:2>1:4=10,3:3>2:4=10	-	-
1790944467.2	running	bcca51ac84f0a564	929210	0	0	1790944466.1348794		0	0	1:3>2:3=10,1:4>3:2=10,2:3>1:3=10,2:4>3:3=10,3:2>1:4=10,3:3>2:4=10	-	-
1790944468.2	running	bcca51ac84f0a564	929210	0	0	1790944466.1348794		0	0	1:3>2:3=10,1:4>3:2=10,2:3>1:3=10,2:4>3:3=10,3:2>1:4=10,3:3>2:4=10	-	-
1790944469.2	running	bcca51ac84f0a564	929210	0	0	1790944466.1348794		0	0	1:3>2:3=10,1:4>3:2=10,2:3>1:3=10,2:4>3:3=10,3:2>1:4=10,3:3>2:4=10	-	-
1790944470.2	running	bcca51ac84f0a564	929210	0	0	1790944469.8748996		0	0	1:3>2:3=10,1:4>3:2=10,2:3>1:3=10,2:4>3:3=10,3:2>1:4=10,3:3>2:4=10	-	-
1790944471.2	running	bcca51ac84f0a564	929210	0	0	1790944470.3758302		0	0	1:3>2:3=10,1:4>3:2=11,2:3>1:3=11,2:4>3:3=11,3:2>1:4=11,3:3>2:4=11	-	-
1790944472.2	running	bcca51ac84f0a564	929210	0	0	1790944471.9438033		0	0	1:3>2:3=11,1:4>3:2=11,2:3>1:3=11,2:4>3:3=11,3:2>1:4=11,3:3>2:4=11	-	-
1790944473.3	running	bcca51ac84f0a564	929210	0	0	1790944471.9438033		0	0	1:3>2:3=11,1:4>3:2=11,2:3>1:3=11,2:4>3:3=11,3:2>1:4=11,3:3>2:4=11	-	-
1790944474.3	running	bcca51ac84f0a564	929210	0	0	1790944471.9438033		0	0	1:3>2:3=11,1:4>3:2=11,2:3>1:3=11,2:4>3:3=11,3:2>1:4=11,3:3>2:4=11	-	-
1790944475.3	running	bcca51ac84f0a564	929210	0	0	1790944474.875645		0	0	1:3>2:3=11,1:4>3:2=11,2:3>1:3=11,2:4>3:3=11,3:2>1:4=11,3:3>2:4=11	-	-
1790944476.3	running	bcca51ac84f0a564	929210	0	0	1790944475.376608		0	0	1:3>2:3=11,1:4>3:2=12,2:3>1:3=12,2:4>3:3=12,3:2>1:4=12,3:3>2:4=12	-	-
1790944477.3	running	bcca51ac84f0a564	929210	0	0	1790944476.4696105		0	0	1:3>2:3=12,1:4>3:2=12,2:3>1:3=12,2:4>3:3=12,3:2>1:4=12,3:3>2:4=12	-	-
1790944478.3	running	bcca51ac84f0a564	929210	0	0	1790944476.4696105		0	0	1:3>2:3=12,1:4>3:2=12,2:3>1:3=12,2:4>3:3=12,3:2>1:4=12,3:3>2:4=12	-	-
1790944479.3	running	bcca51ac84f0a564	929210	0	0	1790944476.4696105		0	0	1:3>2:3=12,1:4>3:2=12,2:3>1:3=12,2:4>3:3=12,3:2>1:4=12,3:3>2:4=12	-	-
1790944480.3	running	bcca51ac84f0a564	929210	0	0	1790944479.8757823		0	0	1:3>2:3=12,1:4>3:2=12,2:3>1:3=12,2:4>3:3=12,3:2>1:4=12,3:3>2:4=12	-	-
1790944481.3	running	bcca51ac84f0a564	929210	0	0	1790944480.376685		0	0	1:3>2:3=12,1:4>3:2=13,2:3>1:3=13,2:4>3:3=13,3:2>1:4=13,3:3>2:4=13	-	-
1790944482.3	running	bcca51ac84f0a564	929210	0	0	1790944482.0868838		0	0	1:3>2:3=13,1:4>3:2=13,2:3>1:3=13,2:4>3:3=13,3:2>1:4=13,3:3>2:4=13	-	-
1790944483.3	running	bcca51ac84f0a564	929210	0	0	1790944482.0868838		0	0	1:3>2:3=13,1:4>3:2=13,2:3>1:3=13,2:4>3:3=13,3:2>1:4=13,3:3>2:4=13	-	-
1790944484.3	running	bcca51ac84f0a564	929210	0	0	1790944482.0868838		0	0	1:3>2:3=13,1:4>3:2=13,2:3>1:3=13,2:4>3:3=13,3:2>1:4=13,3:3>2:4=13	-	-
1790944485.3	running	bcca51ac84f0a564	929210	0	0	1790944484.8749125		0	0	1:3>2:3=13,1:4>3:2=13,2:3>1:3=13,2:4>3:3=13,3:2>1:4=13,3:3>2:4=13	-	-
1790944486.3	running	bcca51ac84f0a564	929210	0	0	1790944485.3758318		0	0	1:3>2:3=13,1:4>3:2=14,2:3>1:3=14,2:4>3:3=14,3:2>1:4=14,3:3>2:4=14	-	-
1790944487.3	running	bcca51ac84f0a564	929210	0	0	1790944486.468497		0	0	1:3>2:3=14,1:4>3:2=14,2:3>1:3=14,2:4>3:3=14,3:2>1:4=14,3:3>2:4=14	-	-
1790944488.3	running	bcca51ac84f0a564	929210	0	0	1790944486.468497		0	0	1:3>2:3=14,1:4>3:2=14,2:3>1:3=14,2:4>3:3=14,3:2>1:4=14,3:3>2:4=14	-	-
1790944489.3	running	bcca51ac84f0a564	929210	0	0	1790944486.468497		0	0	1:3>2:3=14,1:4>3:2=14,2:3>1:3=14,2:4>3:3=14,3:2>1:4=14,3:3>2:4=14	-	-
1790944490.3	running	bcca51ac84f0a564	929210	0	0	1790944489.8758812		0	0	1:3>2:3=14,1:4>3:2=14,2:3>1:3=14,2:4>3:3=14,3:2>1:4=14,3:3>2:4=14	-	-
1790944491.4	running	bcca51ac84f0a564	929210	0	0	1790944490.376984		0	0	1:3>2:3=14,1:4>3:2=15,2:3>1:3=15,2:4>3:3=15,3:2>1:4=15,3:3>2:4=15	-	-
1790944492.4	running	bcca51ac84f0a564	929210	0	0	1790944491.8668978		0	0	1:3>2:3=15,1:4>3:2=15,2:3>1:3=15,2:4>3:3=15,3:2>1:4=15,3:3>2:4=15	-	-
1790944493.4	running	bcca51ac84f0a564	929210	0	0	1790944491.8668978		0	0	1:3>2:3=15,1:4>3:2=15,2:3>1:3=15,2:4>3:3=15,3:2>1:4=15,3:3>2:4=15	-	-
1790944494.4	running	bcca51ac84f0a564	929210	0	0	1790944491.8668978		0	0	1:3>2:3=15,1:4>3:2=15,2:3>1:3=15,2:4>3:3=15,3:2>1:4=15,3:3>2:4=15	-	-
1790944495.4	running	bcca51ac84f0a564	929210	0	0	1790944494.8756065		0	0	1:3>2:3=15,1:4>3:2=15,2:3>1:3=15,2:4>3:3=15,3:2>1:4=15,3:3>2:4=15	-	-
1790944496.4	running	bcca51ac84f0a564	929210	0	0	1790944496.3452358		0	0	1:3>2:3=16,1:4>3:2=16,2:3>1:3=16,2:4>3:3=16,3:2>1:4=16,3:3>2:4=16	-	-
1790944497.4	running	bcca51ac84f0a564	929210	0	0	1790944496.3452358		0	0	1:3>2:3=16,1:4>3:2=16,2:3>1:3=16,2:4>3:3=16,3:2>1:4=16,3:3>2:4=16	-	-
1790944498.4	stopped	bcca51ac84f0a564	929210	0	0	1790944497.9226315	stopped by SIGTERM	0	0	1:3>2:3=16,1:4>3:2=16,2:3>1:3=16,2:4>3:3=16,3:2>1:4=16,3:3>2:4=16	-	-
1790944499.4	stopped	bcca51ac84f0a564	929210	0	0	1790944497.9226315	stopped by SIGTERM	0	0	1:3>2:3=16,1:4>3:2=16,2:3>1:3=16,2:4>3:3=16,3:2>1:4=16,3:3>2:4=16	-	-
1790944500.4	stopped	bcca51ac84f0a564	929210	0	0	1790944497.9226315	stopped by SIGTERM	0	0	1:3>2:3=16,1:4>3:2=16,2:3>1:3=16,2:4>3:3=16,3:2>1:4=16,3:3>2:4=16	-	-
1790944501.4	stopped	bcca51ac84f0a564	929210	0	0	1790944497.9226315	stopped by SIGTERM	0	0	1:3>2:3=16,1:4>3:2=16,2:3>1:3=16,2:4>3:3=16,3:2>1:4=16,3:3>2:4=16	-	-
1790944502.4	stopped	bcca51ac84f0a564	929210	0	0	1790944497.9226315	stopped by SIGTERM	0	0	1:3>2:3=16,1:4>3:2=16,2:3>1:3=16,2:4>3:3=16,3:2>1:4=16,3:3>2:4=16	-	-
1790944503.4	stopped	bcca51ac84f0a564	929210	0	0	1790944497.9226315	stopped by SIGTERM	0	0	1:3>2:3=16,1:4>3:2=16,2:3>1:3=16,2:4>3:3=16,3:2>1:4=16,3:3>2:4=16	-	-
1790944504.4	stopped	bcca51ac84f0a564	929210	0	0	1790944497.9226315	stopped by SIGTERM	0	0	1:3>2:3=16,1:4>3:2=16,2:3>1:3=16,2:4>3:3=16,3:2>1:4=16,3:3>2:4=16	-	-
1790944505.4	stopped	bcca51ac84f0a564	929210	0	0	1790944497.9226315	stopped by SIGTERM	0	0	1:3>2:3=16,1:4>3:2=16,2:3>1:3=16,2:4>3:3=16,3:2>1:4=16,3:3>2:4=16	-	-
1790944506.4	stopped	bcca51ac84f0a564	929210	0	0	1790944497.9226315	stopped by SIGTERM	0	0	1:3>2:3=16,1:4>3:2=16,2:3>1:3=16,2:4>3:3=16,3:2>1:4=16,3:3>2:4=16	-	-
1790944507.4	stopped	bcca51ac84f0a564	929210	0	0	1790944497.9226315	stopped by SIGTERM	0	0	1:3>2:3=16,1:4>3:2=16,2:3>1:3=16,2:4>3:3=16,3:2>1:4=16,3:3>2:4=16	-	-
1790944508.5	running	81873f16b9367582	932588	0	0	1790944508.4296353		0	0	1:3>2:3=1,1:4>3:2=1,2:3>1:3=1,2:4>3:3=1,3:2>1:4=1,3:3>2:4=1	-	-
1790944509.5	running	81873f16b9367582	932588	0	0	1790944508.4296353		0	0	1:3>2:3=1,1:4>3:2=1,2:3>1:3=1,2:4>3:3=1,3:2>1:4=1,3:3>2:4=1	-	-
1790944510.5	running	81873f16b9367582	932588	0	0	1790944508.4296353		0	0	1:3>2:3=1,1:4>3:2=1,2:3>1:3=1,2:4>3:3=1,3:2>1:4=1,3:3>2:4=1	-	-
1790944511.5	running	81873f16b9367582	932588	0	0	1790944508.4296353		0	0	1:3>2:3=1,1:4>3:2=1,2:3>1:3=1,2:4>3:3=1,3:2>1:4=1,3:3>2:4=1	-	-
1790944512.5	running	81873f16b9367582	932588	0	0	1790944508.4296353		0	0	1:3>2:3=1,1:4>3:2=1,2:3>1:3=1,2:4>3:3=1,3:2>1:4=1,3:3>2:4=1	-	-
1790944513.5	running	81873f16b9367582	932588	0	0	1790944513.4347122		0	0	1:3>2:3=2,1:4>3:2=2,2:3>1:3=2,2:4>3:3=2,3:2>1:4=2,3:3>2:4=2	-	-
1790944514.5	running	81873f16b9367582	932588	0	0	1790944513.4347122		0	0	1:3>2:3=2,1:4>3:2=2,2:3>1:3=2,2:4>3:3=2,3:2>1:4=2,3:3>2:4=2	-	-
1790944515.5	running	81873f16b9367582	932588	0	0	1790944513.4347122		0	0	1:3>2:3=2,1:4>3:2=2,2:3>1:3=2,2:4>3:3=2,3:2>1:4=2,3:3>2:4=2	-	-
1790944516.5	running	81873f16b9367582	932588	0	0	1790944513.4347122		0	0	1:3>2:3=2,1:4>3:2=2,2:3>1:3=2,2:4>3:3=2,3:2>1:4=2,3:3>2:4=2	-	-
1790944517.5	running	81873f16b9367582	932588	0	0	1790944513.4347122		0	0	1:3>2:3=2,1:4>3:2=2,2:3>1:3=2,2:4>3:3=2,3:2>1:4=2,3:3>2:4=2	-	-
1790944518.5	running	81873f16b9367582	932588	0	0	1790944518.4350019		0	0	1:3>2:3=2,1:4>3:2=3,2:3>1:3=3,2:4>3:3=3,3:2>1:4=3,3:3>2:4=3	-	-
1790944519.5	running	81873f16b9367582	932588	0	0	1790944519.174573		0	0	1:3>2:3=3,1:4>3:2=3,2:3>1:3=3,2:4>3:3=3,3:2>1:4=3,3:3>2:4=3	-	-
1790944520.5	running	81873f16b9367582	932588	0	0	1790944519.174573		0	0	1:3>2:3=3,1:4>3:2=3,2:3>1:3=3,2:4>3:3=3,3:2>1:4=3,3:3>2:4=3	-	-
1790944521.5	running	81873f16b9367582	932588	0	0	1790944519.174573		0	0	1:3>2:3=3,1:4>3:2=3,2:3>1:3=3,2:4>3:3=3,3:2>1:4=3,3:3>2:4=3	-	-
1790944522.5	running	81873f16b9367582	932588	0	0	1790944519.174573		0	0	1:3>2:3=3,1:4>3:2=3,2:3>1:3=3,2:4>3:3=3,3:2>1:4=3,3:3>2:4=3	-	-
1790944523.5	running	81873f16b9367582	932588	0	0	1790944523.4338484		0	0	1:3>2:3=3,1:4>3:2=4,2:3>1:3=4,2:4>3:3=4,3:2>1:4=4,3:3>2:4=4	-	-
1790944524.5	running	81873f16b9367582	932588	0	0	1790944524.475322		0	0	1:3>2:3=4,1:4>3:2=4,2:3>1:3=4,2:4>3:3=4,3:2>1:4=4,3:3>2:4=4	-	-
1790944525.5	running	81873f16b9367582	932588	0	0	1790944524.475322		0	0	1:3>2:3=4,1:4>3:2=4,2:3>1:3=4,2:4>3:3=4,3:2>1:4=4,3:3>2:4=4	-	-
1790944526.6	running	81873f16b9367582	932588	0	0	1790944524.475322		0	0	1:3>2:3=4,1:4>3:2=4,2:3>1:3=4,2:4>3:3=4,3:2>1:4=4,3:3>2:4=4	-	-
1790944527.6	running	81873f16b9367582	932588	0	0	1790944524.475322		0	0	1:3>2:3=4,1:4>3:2=4,2:3>1:3=4,2:4>3:3=4,3:2>1:4=4,3:3>2:4=4	-	-
1790944528.6	running	81873f16b9367582	932588	0	0	1790944528.434026		0	0	1:3>2:3=4,1:4>3:2=5,2:3>1:3=5,2:4>3:3=5,3:2>1:4=5,3:3>2:4=5	-	-
1790944529.6	running	81873f16b9367582	932588	0	0	1790944528.434026		0	0	1:3>2:3=4,1:4>3:2=5,2:3>1:3=5,2:4>3:3=5,3:2>1:4=5,3:3>2:4=5	-	-
1790944530.6	running	81873f16b9367582	932588	0	0	1790944529.8505166		0	0	1:3>2:3=5,1:4>3:2=5,2:3>1:3=5,2:4>3:3=5,3:2>1:4=5,3:3>2:4=5	-	-
1790944531.6	running	81873f16b9367582	932588	0	0	1790944529.8505166		0	0	1:3>2:3=5,1:4>3:2=5,2:3>1:3=5,2:4>3:3=5,3:2>1:4=5,3:3>2:4=5	-	-
1790944532.6	running	81873f16b9367582	932588	0	0	1790944529.8505166		0	0	1:3>2:3=5,1:4>3:2=5,2:3>1:3=5,2:4>3:3=5,3:2>1:4=5,3:3>2:4=5	-	-
1790944533.6	running	81873f16b9367582	932588	0	0	1790944533.4328854		0	0	1:3>2:3=5,1:4>3:2=6,2:3>1:3=6,2:4>3:3=6,3:2>1:4=6,3:3>2:4=6	-	-
1790944534.6	running	81873f16b9367582	932588	0	0	1790944533.4328854		0	0	1:3>2:3=5,1:4>3:2=6,2:3>1:3=6,2:4>3:3=6,3:2>1:4=6,3:3>2:4=6	-	-
1790944535.6	running	81873f16b9367582	932588	0	0	1790944534.668245		0	0	1:3>2:3=6,1:4>3:2=6,2:3>1:3=6,2:4>3:3=6,3:2>1:4=6,3:3>2:4=6	-	-
1790944536.6	running	81873f16b9367582	932588	0	0	1790944534.668245		0	0	1:3>2:3=6,1:4>3:2=6,2:3>1:3=6,2:4>3:3=6,3:2>1:4=6,3:3>2:4=6	-	-
1790944537.6	running	81873f16b9367582	932588	0	0	1790944534.668245		0	0	1:3>2:3=6,1:4>3:2=6,2:3>1:3=6,2:4>3:3=6,3:2>1:4=6,3:3>2:4=6	-	-
1790944538.6	running	81873f16b9367582	932588	0	0	1790944538.4337895		0	0	1:3>2:3=6,1:4>3:2=7,2:3>1:3=7,2:4>3:3=7,3:2>1:4=7,3:3>2:4=7	-	-
1790944539.6	running	81873f16b9367582	932588	0	0	1790944539.4605832		0	0	1:3>2:3=7,1:4>3:2=7,2:3>1:3=7,2:4>3:3=7,3:2>1:4=7,3:3>2:4=7	-	-
1790944540.6	running	81873f16b9367582	932588	0	0	1790944539.4605832		0	0	1:3>2:3=7,1:4>3:2=7,2:3>1:3=7,2:4>3:3=7,3:2>1:4=7,3:3>2:4=7	-	-
1790944541.6	running	81873f16b9367582	932588	0	0	1790944539.4605832		0	0	1:3>2:3=7,1:4>3:2=7,2:3>1:3=7,2:4>3:3=7,3:2>1:4=7,3:3>2:4=7	-	-
1790944542.6	running	81873f16b9367582	932588	0	0	1790944539.4605832		0	0	1:3>2:3=7,1:4>3:2=7,2:3>1:3=7,2:4>3:3=7,3:2>1:4=7,3:3>2:4=7	-	-
1790944543.6	running	81873f16b9367582	932588	0	0	1790944543.4344811		0	0	1:3>2:3=7,1:4>3:2=8,2:3>1:3=8,2:4>3:3=8,3:2>1:4=8,3:3>2:4=8	-	-
1790944544.7	running	81873f16b9367582	932588	0	0	1790944544.157436		0	0	1:3>2:3=8,1:4>3:2=8,2:3>1:3=8,2:4>3:3=8,3:2>1:4=8,3:3>2:4=8	-	-
1790944545.7	running	81873f16b9367582	932588	0	0	1790944544.157436		0	0	1:3>2:3=8,1:4>3:2=8,2:3>1:3=8,2:4>3:3=8,3:2>1:4=8,3:3>2:4=8	-	-
1790944546.7	running	81873f16b9367582	932588	0	0	1790944544.157436		0	0	1:3>2:3=8,1:4>3:2=8,2:3>1:3=8,2:4>3:3=8,3:2>1:4=8,3:3>2:4=8	-	-
1790944547.7	running	81873f16b9367582	932588	0	0	1790944544.157436		0	0	1:3>2:3=8,1:4>3:2=8,2:3>1:3=8,2:4>3:3=8,3:2>1:4=8,3:3>2:4=8	-	-
1790944548.7	running	81873f16b9367582	932588	0	0	1790944548.433843		0	0	1:3>2:3=8,1:4>3:2=9,2:3>1:3=9,2:4>3:3=9,3:2>1:4=9,3:3>2:4=9	-	-
1790944549.7	running	81873f16b9367582	932588	0	0	1790944549.2414463		0	0	1:3>2:3=9,1:4>3:2=9,2:3>1:3=9,2:4>3:3=9,3:2>1:4=9,3:3>2:4=9	-	-
1790944550.7	running	81873f16b9367582	932588	0	0	1790944549.2414463		0	0	1:3>2:3=9,1:4>3:2=9,2:3>1:3=9,2:4>3:3=9,3:2>1:4=9,3:3>2:4=9	-	-
1790944551.7	running	81873f16b9367582	932588	0	0	1790944549.2414463		0	0	1:3>2:3=9,1:4>3:2=9,2:3>1:3=9,2:4>3:3=9,3:2>1:4=9,3:3>2:4=9	-	-
1790944552.7	running	81873f16b9367582	932588	0	0	1790944549.2414463		0	0	1:3>2:3=9,1:4>3:2=9,2:3>1:3=9,2:4>3:3=9,3:2>1:4=9,3:3>2:4=9	-	-
1790944553.7	running	81873f16b9367582	932588	0	0	1790944553.4323626		0	0	1:3>2:3=9,1:4>3:2=10,2:3>1:3=10,2:4>3:3=10,3:2>1:4=10,3:3>2:4=10	-	-
1790944554.7	running	81873f16b9367582	932588	0	0	1790944554.6149516		0	0	1:3>2:3=10,1:4>3:2=10,2:3>1:3=10,2:4>3:3=10,3:2>1:4=10,3:3>2:4=10	-	-
1790944555.7	running	81873f16b9367582	932588	0	0	1790944554.6149516		0	0	1:3>2:3=10,1:4>3:2=10,2:3>1:3=10,2:4>3:3=10,3:2>1:4=10,3:3>2:4=10	-	-
1790944556.7	running	81873f16b9367582	932588	0	0	1790944554.6149516		0	0	1:3>2:3=10,1:4>3:2=10,2:3>1:3=10,2:4>3:3=10,3:2>1:4=10,3:3>2:4=10	-	-
1790944557.7	running	81873f16b9367582	932588	0	0	1790944554.6149516		0	0	1:3>2:3=10,1:4>3:2=10,2:3>1:3=10,2:4>3:3=10,3:2>1:4=10,3:3>2:4=10	-	-
1790944558.7	running	81873f16b9367582	932588	0	0	1790944558.4339037		0	0	1:3>2:3=10,1:4>3:2=11,2:3>1:3=11,2:4>3:3=11,3:2>1:4=11,3:3>2:4=11	-	-
1790944559.7	running	81873f16b9367582	932588	0	0	1790944558.4339037		0	0	1:3>2:3=10,1:4>3:2=11,2:3>1:3=11,2:4>3:3=11,3:2>1:4=11,3:3>2:4=11	-	-
1790944560.7	running	81873f16b9367582	932588	0	0	1790944559.8207145		0	0	1:3>2:3=11,1:4>3:2=11,2:3>1:3=11,2:4>3:3=11,3:2>1:4=11,3:3>2:4=11	-	-
1790944561.7	running	81873f16b9367582	932588	0	0	1790944559.8207145		0	0	1:3>2:3=11,1:4>3:2=11,2:3>1:3=11,2:4>3:3=11,3:2>1:4=11,3:3>2:4=11	-	-
1790944562.8	running	81873f16b9367582	932588	0	0	1790944559.8207145		0	0	1:3>2:3=11,1:4>3:2=11,2:3>1:3=11,2:4>3:3=11,3:2>1:4=11,3:3>2:4=11	-	-
1790944563.8	running	81873f16b9367582	932588	0	0	1790944563.4326055		0	0	1:3>2:3=11,1:4>3:2=12,2:3>1:3=12,2:4>3:3=12,3:2>1:4=12,3:3>2:4=12	-	-
1790944564.8	running	81873f16b9367582	932588	0	0	1790944564.300062		0	0	1:3>2:3=12,1:4>3:2=12,2:3>1:3=12,2:4>3:3=12,3:2>1:4=12,3:3>2:4=12	-	-
1790944565.8	running	81873f16b9367582	932588	0	0	1790944564.300062		0	0	1:3>2:3=12,1:4>3:2=12,2:3>1:3=12,2:4>3:3=12,3:2>1:4=12,3:3>2:4=12	-	-
1790944566.8	running	81873f16b9367582	932588	0	0	1790944564.300062		0	0	1:3>2:3=12,1:4>3:2=12,2:3>1:3=12,2:4>3:3=12,3:2>1:4=12,3:3>2:4=12	-	-
1790944567.8	running	81873f16b9367582	932588	0	0	1790944564.300062		0	0	1:3>2:3=12,1:4>3:2=12,2:3>1:3=12,2:4>3:3=12,3:2>1:4=12,3:3>2:4=12	-	-
1790944568.8	running	81873f16b9367582	932588	0	0	1790944568.4343035		0	0	1:3>2:3=12,1:4>3:2=13,2:3>1:3=13,2:4>3:3=13,3:2>1:4=13,3:3>2:4=13	-	-
1790944569.8	running	81873f16b9367582	932588	0	0	1790944569.5033236		0	0	1:3>2:3=13,1:4>3:2=13,2:3>1:3=13,2:4>3:3=13,3:2>1:4=13,3:3>2:4=13	-	-
1790944570.8	running	81873f16b9367582	932588	0	0	1790944569.5033236		0	0	1:3>2:3=13,1:4>3:2=13,2:3>1:3=13,2:4>3:3=13,3:2>1:4=13,3:3>2:4=13	-	-
1790944571.8	running	81873f16b9367582	932588	0	0	1790944569.5033236		0	0	1:3>2:3=13,1:4>3:2=13,2:3>1:3=13,2:4>3:3=13,3:2>1:4=13,3:3>2:4=13	-	-
1790944572.8	running	81873f16b9367582	932588	0	0	1790944569.5033236		0	0	1:3>2:3=13,1:4>3:2=13,2:3>1:3=13,2:4>3:3=13,3:2>1:4=13,3:3>2:4=13	-	-
1790944573.8	running	81873f16b9367582	932588	0	0	1790944573.433607		0	0	1:3>2:3=13,1:4>3:2=14,2:3>1:3=14,2:4>3:3=14,3:2>1:4=14,3:3>2:4=14	-	-
1790944574.8	running	81873f16b9367582	932588	0	0	1790944573.433607		0	0	1:3>2:3=13,1:4>3:2=14,2:3>1:3=14,2:4>3:3=14,3:2>1:4=14,3:3>2:4=14	-	-
1790944575.8	running	81873f16b9367582	932588	0	0	1790944575.1652877		0	0	1:3>2:3=14,1:4>3:2=14,2:3>1:3=14,2:4>3:3=14,3:2>1:4=14,3:3>2:4=14	-	-
1790944576.8	running	81873f16b9367582	932588	0	0	1790944575.1652877		0	0	1:3>2:3=14,1:4>3:2=14,2:3>1:3=14,2:4>3:3=14,3:2>1:4=14,3:3>2:4=14	-	-
1790944577.8	running	81873f16b9367582	932588	0	0	1790944575.1652877		0	0	1:3>2:3=14,1:4>3:2=14,2:3>1:3=14,2:4>3:3=14,3:2>1:4=14,3:3>2:4=14	-	-
1790944578.8	running	81873f16b9367582	932588	0	0	1790944578.4326203		0	0	1:3>2:3=14,1:4>3:2=15,2:3>1:3=15,2:4>3:3=15,3:2>1:4=15,3:3>2:4=15	-	-
1790944579.8	running	81873f16b9367582	932588	0	0	1790944578.4326203		0	0	1:3>2:3=14,1:4>3:2=15,2:3>1:3=15,2:4>3:3=15,3:2>1:4=15,3:3>2:4=15	-	-
1790944580.9	running	81873f16b9367582	932588	0	0	1790944580.031497		0	0	1:3>2:3=15,1:4>3:2=15,2:3>1:3=15,2:4>3:3=15,3:2>1:4=15,3:3>2:4=15	-	-
1790944581.9	running	81873f16b9367582	932588	0	0	1790944580.031497		0	0	1:3>2:3=15,1:4>3:2=15,2:3>1:3=15,2:4>3:3=15,3:2>1:4=15,3:3>2:4=15	-	-
1790944582.9	running	81873f16b9367582	932588	0	0	1790944580.031497		0	0	1:3>2:3=15,1:4>3:2=15,2:3>1:3=15,2:4>3:3=15,3:2>1:4=15,3:3>2:4=15	-	-
1790944583.9	running	81873f16b9367582	932588	0	0	1790944583.4326248		0	0	1:3>2:3=15,1:4>3:2=16,2:3>1:3=16,2:4>3:3=16,3:2>1:4=16,3:3>2:4=16	-	-
1790944584.9	running	81873f16b9367582	932588	0	0	1790944584.5572715		0	0	1:3>2:3=16,1:4>3:2=16,2:3>1:3=16,2:4>3:3=16,3:2>1:4=16,3:3>2:4=16	-	-
1790944585.9	running	81873f16b9367582	932588	0	0	1790944584.5572715		0	0	1:3>2:3=16,1:4>3:2=16,2:3>1:3=16,2:4>3:3=16,3:2>1:4=16,3:3>2:4=16	-	-
1790944586.9	running	81873f16b9367582	932588	0	0	1790944584.5572715		0	0	1:3>2:3=16,1:4>3:2=16,2:3>1:3=16,2:4>3:3=16,3:2>1:4=16,3:3>2:4=16	-	-
1790944587.9	running	81873f16b9367582	932588	0	0	1790944584.5572715		0	0	1:3>2:3=16,1:4>3:2=16,2:3>1:3=16,2:4>3:3=16,3:2>1:4=16,3:3>2:4=16	-	-
1790944588.9	running	81873f16b9367582	932588	0	0	1790944588.4338126		0	0	1:3>2:3=16,1:4>3:2=17,2:3>1:3=17,2:4>3:3=17,3:2>1:4=17,3:3>2:4=17	-	-
1790944589.9	running	81873f16b9367582	932588	0	0	1790944589.275706		0	0	1:3>2:3=17,1:4>3:2=17,2:3>1:3=17,2:4>3:3=17,3:2>1:4=17,3:3>2:4=17	-	-
1790944590.9	running	81873f16b9367582	932588	0	0	1790944589.275706		0	0	1:3>2:3=17,1:4>3:2=17,2:3>1:3=17,2:4>3:3=17,3:2>1:4=17,3:3>2:4=17	-	-
1790944591.9	running	81873f16b9367582	932588	0	0	1790944589.275706		0	0	1:3>2:3=17,1:4>3:2=17,2:3>1:3=17,2:4>3:3=17,3:2>1:4=17,3:3>2:4=17	-	-
1790944592.9	running	81873f16b9367582	932588	0	0	1790944589.275706		0	0	1:3>2:3=17,1:4>3:2=17,2:3>1:3=17,2:4>3:3=17,3:2>1:4=17,3:3>2:4=17	-	-
1790944593.9	running	81873f16b9367582	932588	0	0	1790944593.433819		0	0	1:3>2:3=17,1:4>3:2=18,2:3>1:3=18,2:4>3:3=18,3:2>1:4=18,3:3>2:4=18	-	-
1790944594.9	running	81873f16b9367582	932588	0	0	1790944593.9726474		0	0	1:3>2:3=18,1:4>3:2=18,2:3>1:3=18,2:4>3:3=18,3:2>1:4=18,3:3>2:4=18	-	-
1790944595.9	running	81873f16b9367582	932588	0	0	1790944593.9726474		0	0	1:3>2:3=18,1:4>3:2=18,2:3>1:3=18,2:4>3:3=18,3:2>1:4=18,3:3>2:4=18	-	-
1790944596.9	running	81873f16b9367582	932588	0	0	1790944593.9726474		0	0	1:3>2:3=18,1:4>3:2=18,2:3>1:3=18,2:4>3:3=18,3:2>1:4=18,3:3>2:4=18	-	-
1790944597.9	running	81873f16b9367582	932588	0	0	1790944597.9334667		0	0	1:3>2:3=18,1:4>3:2=18,2:3>1:3=18,2:4>3:3=18,3:2>1:4=18,3:3>2:4=18	-	-
1790944599.0	running	81873f16b9367582	932588	0	0	1790944598.4343984		0	0	1:3>2:3=18,1:4>3:2=19,2:3>1:3=19,2:4>3:3=19,3:2>1:4=19,3:3>2:4=19	-	-
1790944600.0	running	81873f16b9367582	932588	0	0	1790944599.5470972		0	0	1:3>2:3=19,1:4>3:2=19,2:3>1:3=19,2:4>3:3=19,3:2>1:4=19,3:3>2:4=19	-	-
1790944601.0	running	81873f16b9367582	932588	0	0	1790944599.5470972		0	0	1:3>2:3=19,1:4>3:2=19,2:3>1:3=19,2:4>3:3=19,3:2>1:4=19,3:3>2:4=19	-	-
1790944602.0	running	81873f16b9367582	932588	0	0	1790944599.5470972		0	0	1:3>2:3=19,1:4>3:2=19,2:3>1:3=19,2:4>3:3=19,3:2>1:4=19,3:3>2:4=19	-	-
1790944603.0	running	81873f16b9367582	932588	0	0	1790944602.9322965		0	0	1:3>2:3=19,1:4>3:2=19,2:3>1:3=19,2:4>3:3=19,3:2>1:4=19,3:3>2:4=19	-	-
1790944604.0	running	81873f16b9367582	932588	0	0	1790944603.4336092		0	0	1:3>2:3=19,1:4>3:2=20,2:3>1:3=20,2:4>3:3=20,3:2>1:4=20,3:3>2:4=20	-	-
1790944605.0	running	81873f16b9367582	932588	0	0	1790944604.1981757		0	0	1:3>2:3=20,1:4>3:2=20,2:3>1:3=20,2:4>3:3=20,3:2>1:4=20,3:3>2:4=20	-	-
1790944606.0	running	81873f16b9367582	932588	0	0	1790944604.1981757		0	0	1:3>2:3=20,1:4>3:2=20,2:3>1:3=20,2:4>3:3=20,3:2>1:4=20,3:3>2:4=20	-	-
1790944607.0	running	81873f16b9367582	932588	0	0	1790944604.1981757		0	0	1:3>2:3=20,1:4>3:2=20,2:3>1:3=20,2:4>3:3=20,3:2>1:4=20,3:3>2:4=20	-	-
1790944608.0	running	81873f16b9367582	932588	0	0	1790944607.9333298		0	0	1:3>2:3=20,1:4>3:2=20,2:3>1:3=20,2:4>3:3=20,3:2>1:4=20,3:3>2:4=20	-	-
1790944609.0	running	81873f16b9367582	932588	0	0	1790944608.434595		0	0	1:3>2:3=20,1:4>3:2=21,2:3>1:3=21,2:4>3:3=21,3:2>1:4=21,3:3>2:4=21	-	-
1790944610.0	running	81873f16b9367582	932588	0	0	1790944609.7832227		0	0	1:3>2:3=21,1:4>3:2=21,2:3>1:3=21,2:4>3:3=21,3:2>1:4=21,3:3>2:4=21	-	-
1790944611.0	running	81873f16b9367582	932588	0	0	1790944609.7832227		0	0	1:3>2:3=21,1:4>3:2=21,2:3>1:3=21,2:4>3:3=21,3:2>1:4=21,3:3>2:4=21	-	-
1790944612.0	running	81873f16b9367582	932588	0	0	1790944609.7832227		0	0	1:3>2:3=21,1:4>3:2=21,2:3>1:3=21,2:4>3:3=21,3:2>1:4=21,3:3>2:4=21	-	-
1790944613.0	running	81873f16b9367582	932588	0	0	1790944612.9328282		0	0	1:3>2:3=21,1:4>3:2=21,2:3>1:3=21,2:4>3:3=21,3:2>1:4=21,3:3>2:4=21	-	-
1790944614.0	running	81873f16b9367582	932588	0	0	1790944613.4337628		0	0	1:3>2:3=21,1:4>3:2=22,2:3>1:3=22,2:4>3:3=22,3:2>1:4=22,3:3>2:4=22	-	-
1790944615.0	running	81873f16b9367582	932588	0	0	1790944614.434211		0	0	1:3>2:3=22,1:4>3:2=22,2:3>1:3=22,2:4>3:3=22,3:2>1:4=22,3:3>2:4=22	-	-
1790944616.1	running	81873f16b9367582	932588	0	0	1790944614.434211		0	0	1:3>2:3=22,1:4>3:2=22,2:3>1:3=22,2:4>3:3=22,3:2>1:4=22,3:3>2:4=22	-	-
1790944617.1	running	81873f16b9367582	932588	0	0	1790944614.434211		0	0	1:3>2:3=22,1:4>3:2=22,2:3>1:3=22,2:4>3:3=22,3:2>1:4=22,3:3>2:4=22	-	-
1790944618.1	running	81873f16b9367582	932588	0	0	1790944617.933014		0	0	1:3>2:3=22,1:4>3:2=22,2:3>1:3=22,2:4>3:3=22,3:2>1:4=22,3:3>2:4=22	-	-
1790944619.1	running	81873f16b9367582	932588	0	0	1790944618.434075		0	0	1:3>2:3=22,1:4>3:2=23,2:3>1:3=23,2:4>3:3=23,3:2>1:4=23,3:3>2:4=23	-	-
1790944620.1	running	81873f16b9367582	932588	0	0	1790944619.0851078		0	0	1:3>2:3=23,1:4>3:2=23,2:3>1:3=23,2:4>3:3=23,3:2>1:4=23,3:3>2:4=23	-	-
1790944621.1	running	81873f16b9367582	932588	0	0	1790944619.0851078		0	0	1:3>2:3=23,1:4>3:2=23,2:3>1:3=23,2:4>3:3=23,3:2>1:4=23,3:3>2:4=23	-	-
1790944622.1	running	81873f16b9367582	932588	0	0	1790944619.0851078		0	0	1:3>2:3=23,1:4>3:2=23,2:3>1:3=23,2:4>3:3=23,3:2>1:4=23,3:3>2:4=23	-	-
1790944623.1	running	81873f16b9367582	932588	0	0	1790944622.9334579		0	0	1:3>2:3=23,1:4>3:2=23,2:3>1:3=23,2:4>3:3=23,3:2>1:4=23,3:3>2:4=23	-	-
1790944624.1	running	81873f16b9367582	932588	0	0	1790944623.434589		0	0	1:3>2:3=23,1:4>3:2=24,2:3>1:3=24,2:4>3:3=24,3:2>1:4=24,3:3>2:4=24	-	-
1790944625.1	running	81873f16b9367582	932588	0	0	1790944624.6713612		0	0	1:3>2:3=24,1:4>3:2=24,2:3>1:3=24,2:4>3:3=24,3:2>1:4=24,3:3>2:4=24	-	-
1790944626.1	running	81873f16b9367582	932588	0	0	1790944624.6713612		0	0	1:3>2:3=24,1:4>3:2=24,2:3>1:3=24,2:4>3:3=24,3:2>1:4=24,3:3>2:4=24	-	-
1790944627.1	running	81873f16b9367582	932588	0	0	1790944624.6713612		0	0	1:3>2:3=24,1:4>3:2=24,2:3>1:3=24,2:4>3:3=24,3:2>1:4=24,3:3>2:4=24	-	-
1790944628.1	running	81873f16b9367582	932588	0	0	1790944627.932034		0	0	1:3>2:3=24,1:4>3:2=24,2:3>1:3=24,2:4>3:3=24,3:2>1:4=24,3:3>2:4=24	-	-
1790944629.1	running	81873f16b9367582	932588	0	0	1790944628.4330037		0	0	1:3>2:3=24,1:4>3:2=25,2:3>1:3=25,2:4>3:3=25,3:2>1:4=25,3:3>2:4=25	-	-
1790944630.1	running	81873f16b9367582	932588	0	0	1790944629.3222313		0	0	1:3>2:3=25,1:4>3:2=25,2:3>1:3=25,2:4>3:3=25,3:2>1:4=25,3:3>2:4=25	-	-
1790944631.1	running	81873f16b9367582	932588	0	0	1790944629.3222313		0	0	1:3>2:3=25,1:4>3:2=25,2:3>1:3=25,2:4>3:3=25,3:2>1:4=25,3:3>2:4=25	-	-
1790944632.1	running	81873f16b9367582	932588	0	0	1790944629.3222313		0	0	1:3>2:3=25,1:4>3:2=25,2:3>1:3=25,2:4>3:3=25,3:2>1:4=25,3:3>2:4=25	-	-
1790944633.1	running	81873f16b9367582	932588	0	0	1790944632.9328356		0	0	1:3>2:3=25,1:4>3:2=25,2:3>1:3=25,2:4>3:3=25,3:2>1:4=25,3:3>2:4=25	-	-
1790944634.2	running	81873f16b9367582	932588	0	0	1790944633.4337046		0	0	1:3>2:3=25,1:4>3:2=26,2:3>1:3=26,2:4>3:3=26,3:2>1:4=26,3:3>2:4=26	-	-
1790944635.2	running	81873f16b9367582	932588	0	0	1790944634.7681088		0	0	1:3>2:3=26,1:4>3:2=26,2:3>1:3=26,2:4>3:3=26,3:2>1:4=26,3:3>2:4=26	-	-
1790944636.2	running	81873f16b9367582	932588	0	0	1790944634.7681088		0	0	1:3>2:3=26,1:4>3:2=26,2:3>1:3=26,2:4>3:3=26,3:2>1:4=26,3:3>2:4=26	-	-
1790944637.2	running	81873f16b9367582	932588	0	0	1790944634.7681088		0	0	1:3>2:3=26,1:4>3:2=26,2:3>1:3=26,2:4>3:3=26,3:2>1:4=26,3:3>2:4=26	-	-
1790944638.2	running	81873f16b9367582	932588	0	0	1790944637.9330778		0	0	1:3>2:3=26,1:4>3:2=26,2:3>1:3=26,2:4>3:3=26,3:2>1:4=26,3:3>2:4=26	-	-
1790944639.2	running	81873f16b9367582	932588	0	0	1790944638.4341934		0	0	1:3>2:3=26,1:4>3:2=27,2:3>1:3=27,2:4>3:3=27,3:2>1:4=27,3:3>2:4=27	-	-
1790944640.2	running	81873f16b9367582	932588	0	0	1790944639.4192305		0	0	1:3>2:3=27,1:4>3:2=27,2:3>1:3=27,2:4>3:3=27,3:2>1:4=27,3:3>2:4=27	-	-
1790944641.2	running	81873f16b9367582	932588	0	0	1790944639.4192305		0	0	1:3>2:3=27,1:4>3:2=27,2:3>1:3=27,2:4>3:3=27,3:2>1:4=27,3:3>2:4=27	-	-
1790944642.2	running	81873f16b9367582	932588	0	0	1790944639.4192305		0	0	1:3>2:3=27,1:4>3:2=27,2:3>1:3=27,2:4>3:3=27,3:2>1:4=27,3:3>2:4=27	-	-
1790944643.2	running	81873f16b9367582	932588	0	0	1790944642.9298196		0	0	1:3>2:3=27,1:4>3:2=27,2:3>1:3=27,2:4>3:3=27,3:2>1:4=27,3:3>2:4=27	-	-
1790944644.2	running	81873f16b9367582	932588	0	0	1790944644.0701766		0	0	1:3>2:3=28,1:4>3:2=28,2:3>1:3=28,2:4>3:3=28,3:2>1:4=28,3:3>2:4=28	-	-
1790944645.2	running	81873f16b9367582	932588	0	0	1790944644.0701766		0	0	1:3>2:3=28,1:4>3:2=28,2:3>1:3=28,2:4>3:3=28,3:2>1:4=28,3:3>2:4=28	-	-
1790944646.2	running	81873f16b9367582	932588	0	0	1790944644.0701766		0	0	1:3>2:3=28,1:4>3:2=28,2:3>1:3=28,2:4>3:3=28,3:2>1:4=28,3:3>2:4=28	-	-
1790944647.2	running	81873f16b9367582	932588	0	0	1790944644.0701766		0	0	1:3>2:3=28,1:4>3:2=28,2:3>1:3=28,2:4>3:3=28,3:2>1:4=28,3:3>2:4=28	-	-
1790944648.2	running	81873f16b9367582	932588	0	0	1790944647.933058		0	0	1:3>2:3=28,1:4>3:2=28,2:3>1:3=28,2:4>3:3=28,3:2>1:4=28,3:3>2:4=28	-	-
1790944649.2	running	81873f16b9367582	932588	0	0	1790944648.4341762		0	0	1:3>2:3=28,1:4>3:2=29,2:3>1:3=29,2:4>3:3=29,3:2>1:4=29,3:3>2:4=29	-	-
1790944650.3	running	81873f16b9367582	932588	0	0	1790944649.6551828		0	0	1:3>2:3=29,1:4>3:2=29,2:3>1:3=29,2:4>3:3=29,3:2>1:4=29,3:3>2:4=29	-	-
1790944651.3	running	81873f16b9367582	932588	0	0	1790944649.6551828		0	0	1:3>2:3=29,1:4>3:2=29,2:3>1:3=29,2:4>3:3=29,3:2>1:4=29,3:3>2:4=29	-	-
1790944652.3	stopped	81873f16b9367582	932588	0	0	1790944652.2276077	stopped by SIGTERM	0	0	1:3>2:3=29,1:4>3:2=29,2:3>1:3=29,2:4>3:3=29,3:2>1:4=29,3:3>2:4=29	-	-
1790944653.3	stopped	81873f16b9367582	932588	0	0	1790944652.2276077	stopped by SIGTERM	0	0	1:3>2:3=29,1:4>3:2=29,2:3>1:3=29,2:4>3:3=29,3:2>1:4=29,3:3>2:4=29	-	-
1790944654.3	stopped	81873f16b9367582	932588	0	0	1790944652.2276077	stopped by SIGTERM	0	0	1:3>2:3=29,1:4>3:2=29,2:3>1:3=29,2:4>3:3=29,3:2>1:4=29,3:3>2:4=29	-	-
1790944655.3	stopped	81873f16b9367582	932588	0	0	1790944652.2276077	stopped by SIGTERM	0	0	1:3>2:3=29,1:4>3:2=29,2:3>1:3=29,2:4>3:3=29,3:2>1:4=29,3:3>2:4=29	-	-
1790944656.3	stopped	81873f16b9367582	932588	0	0	1790944652.2276077	stopped by SIGTERM	0	0	1:3>2:3=29,1:4>3:2=29,2:3>1:3=29,2:4>3:3=29,3:2>1:4=29,3:3>2:4=29	-	-
1790944657.3	stopped	81873f16b9367582	932588	0	0	1790944652.2276077	stopped by SIGTERM	0	0	1:3>2:3=29,1:4>3:2=29,2:3>1:3=29,2:4>3:3=29,3:2>1:4=29,3:3>2:4=29	-	-
1790944658.3	stopped	81873f16b9367582	932588	0	0	1790944652.2276077	stopped by SIGTERM	0	0	1:3>2:3=29,1:4>3:2=29,2:3>1:3=29,2:4>3:3=29,3:2>1:4=29,3:3>2:4=29	-	-
1790944659.3	stopped	81873f16b9367582	932588	0	0	1790944652.2276077	stopped by SIGTERM	0	0	1:3>2:3=29,1:4>3:2=29,2:3>1:3=29,2:4>3:3=29,3:2>1:4=29,3:3>2:4=29	-	-
1790944660.3	stopped	81873f16b9367582	932588	0	0	1790944652.2276077	stopped by SIGTERM	0	0	1:3>2:3=29,1:4>3:2=29,2:3>1:3=29,2:4>3:3=29,3:2>1:4=29,3:3>2:4=29	-	-
1790944661.3	stopped	81873f16b9367582	932588	0	0	1790944652.2276077	stopped by SIGTERM	0	0	1:3>2:3=29,1:4>3:2=29,2:3>1:3=29,2:4>3:3=29,3:2>1:4=29,3:3>2:4=29	-	-
1790944662.3	stopped	81873f16b9367582	932588	0	0	1790944652.2276077	stopped by SIGTERM	0	0	1:3>2:3=29,1:4>3:2=29,2:3>1:3=29,2:4>3:3=29,3:2>1:4=29,3:3>2:4=29	-	-
1790944663.3	running	330b4abeaac773fe	937410	0	0	1790944663.1303353		0	0	1:3>2:3=1,1:4>3:2=1,2:3>1:3=1,2:4>3:3=1,3:2>1:4=1,3:3>2:4=1	-	-
1790944664.4	running	330b4abeaac773fe	937410	0	0	1790944663.1303353		0	0	1:3>2:3=1,1:4>3:2=1,2:3>1:3=1,2:4>3:3=1,3:2>1:4=1,3:3>2:4=1	-	-
1790944665.4	running	330b4abeaac773fe	937410	0	0	1790944663.1303353		0	0	1:3>2:3=1,1:4>3:2=1,2:3>1:3=1,2:4>3:3=1,3:2>1:4=1,3:3>2:4=1	-	-
1790944666.4	running	330b4abeaac773fe	937410	0	0	1790944663.1303353		0	0	1:3>2:3=1,1:4>3:2=1,2:3>1:3=1,2:4>3:3=1,3:2>1:4=1,3:3>2:4=1	-	-
1790944667.4	running	330b4abeaac773fe	937410	0	0	1790944663.1303353		0	0	1:3>2:3=1,1:4>3:2=1,2:3>1:3=1,2:4>3:3=1,3:2>1:4=1,3:3>2:4=1	-	-
1790944668.4	running	330b4abeaac773fe	937410	0	0	1790944668.1356122		0	0	1:3>2:3=2,1:4>3:2=2,2:3>1:3=2,2:4>3:3=2,3:2>1:4=2,3:3>2:4=2	-	-
1790944669.4	running	330b4abeaac773fe	937410	0	0	1790944668.1356122		0	0	1:3>2:3=2,1:4>3:2=2,2:3>1:3=2,2:4>3:3=2,3:2>1:4=2,3:3>2:4=2	-	-
1790944670.4	running	330b4abeaac773fe	937410	0	0	1790944668.1356122		0	0	1:3>2:3=2,1:4>3:2=2,2:3>1:3=2,2:4>3:3=2,3:2>1:4=2,3:3>2:4=2	-	-
1790944671.4	running	330b4abeaac773fe	937410	0	0	1790944668.1356122		0	0	1:3>2:3=2,1:4>3:2=2,2:3>1:3=2,2:4>3:3=2,3:2>1:4=2,3:3>2:4=2	-	-
1790944672.4	running	330b4abeaac773fe	937410	0	0	1790944668.1356122		0	0	1:3>2:3=2,1:4>3:2=2,2:3>1:3=2,2:4>3:3=2,3:2>1:4=2,3:3>2:4=2	-	-
1790944673.4	running	330b4abeaac773fe	937410	0	0	1790944673.1352165		0	0	1:3>2:3=2,1:4>3:2=3,2:3>1:3=3,2:4>3:3=3,3:2>1:4=3,3:3>2:4=3	-	-
1790944674.4	running	330b4abeaac773fe	937410	0	0	1790944674.3549476		0	0	1:3>2:3=3,1:4>3:2=3,2:3>1:3=3,2:4>3:3=3,3:2>1:4=3,3:3>2:4=3	-	-
1790944675.4	running	330b4abeaac773fe	937410	0	0	1790944674.3549476		0	0	1:3>2:3=3,1:4>3:2=3,2:3>1:3=3,2:4>3:3=3,3:2>1:4=3,3:3>2:4=3	-	-
1790944676.4	running	330b4abeaac773fe	937410	0	0	1790944674.3549476		0	0	1:3>2:3=3,1:4>3:2=3,2:3>1:3=3,2:4>3:3=3,3:2>1:4=3,3:3>2:4=3	-	-
1790944677.4	running	330b4abeaac773fe	937410	0	0	1790944674.3549476		0	0	1:3>2:3=3,1:4>3:2=3,2:3>1:3=3,2:4>3:3=3,3:2>1:4=3,3:3>2:4=3	-	-
1790944678.4	running	330b4abeaac773fe	937410	0	0	1790944678.132638		0	0	1:3>2:3=3,1:4>3:2=4,2:3>1:3=4,2:4>3:3=4,3:2>1:4=4,3:3>2:4=4	-	-
1790944679.4	running	330b4abeaac773fe	937410	0	0	1790944678.132638		0	0	1:3>2:3=3,1:4>3:2=4,2:3>1:3=4,2:4>3:3=4,3:2>1:4=4,3:3>2:4=4	-	-
1790944680.4	running	330b4abeaac773fe	937410	0	0	1790944679.4425426		0	0	1:3>2:3=4,1:4>3:2=4,2:3>1:3=4,2:4>3:3=4,3:2>1:4=4,3:3>2:4=4	-	-
1790944681.4	running	330b4abeaac773fe	937410	0	0	1790944679.4425426		0	0	1:3>2:3=4,1:4>3:2=4,2:3>1:3=4,2:4>3:3=4,3:2>1:4=4,3:3>2:4=4	-	-
1790944682.5	running	330b4abeaac773fe	937410	0	0	1790944679.4425426		0	0	1:3>2:3=4,1:4>3:2=4,2:3>1:3=4,2:4>3:3=4,3:2>1:4=4,3:3>2:4=4	-	-
1790944683.5	running	330b4abeaac773fe	937410	0	0	1790944683.133844		0	0	1:3>2:3=4,1:4>3:2=5,2:3>1:3=5,2:4>3:3=5,3:2>1:4=5,3:3>2:4=5	-	-
1790944684.5	running	330b4abeaac773fe	937410	0	0	1790944683.9935772		0	0	1:3>2:3=5,1:4>3:2=5,2:3>1:3=5,2:4>3:3=5,3:2>1:4=5,3:3>2:4=5	-	-
1790944685.5	running	330b4abeaac773fe	937410	0	0	1790944683.9935772		0	0	1:3>2:3=5,1:4>3:2=5,2:3>1:3=5,2:4>3:3=5,3:2>1:4=5,3:3>2:4=5	-	-
1790944686.5	stopped	330b4abeaac773fe	937410	0	0	1790944685.712616	stopped by SIGTERM	0	0	1:3>2:3=5,1:4>3:2=5,2:3>1:3=5,2:4>3:3=5,3:2>1:4=5,3:3>2:4=5	-	-
1790944687.5	stopped	330b4abeaac773fe	937410	0	0	1790944685.712616	stopped by SIGTERM	0	0	1:3>2:3=5,1:4>3:2=5,2:3>1:3=5,2:4>3:3=5,3:2>1:4=5,3:3>2:4=5	-	-
1790944688.5	stopped	330b4abeaac773fe	937410	0	0	1790944685.712616	stopped by SIGTERM	0	0	1:3>2:3=5,1:4>3:2=5,2:3>1:3=5,2:4>3:3=5,3:2>1:4=5,3:3>2:4=5	-	-
1790944689.5	stopped	330b4abeaac773fe	937410	0	0	1790944685.712616	stopped by SIGTERM	0	0	1:3>2:3=5,1:4>3:2=5,2:3>1:3=5,2:4>3:3=5,3:2>1:4=5,3:3>2:4=5	-	-
1790944690.5	stopped	330b4abeaac773fe	937410	0	0	1790944685.712616	stopped by SIGTERM	0	0	1:3>2:3=5,1:4>3:2=5,2:3>1:3=5,2:4>3:3=5,3:2>1:4=5,3:3>2:4=5	-	-
1790944691.5	stopped	330b4abeaac773fe	937410	0	0	1790944685.712616	stopped by SIGTERM	0	0	1:3>2:3=5,1:4>3:2=5,2:3>1:3=5,2:4>3:3=5,3:2>1:4=5,3:3>2:4=5	-	-
1790944692.5	stopped	330b4abeaac773fe	937410	0	0	1790944685.712616	stopped by SIGTERM	0	0	1:3>2:3=5,1:4>3:2=5,2:3>1:3=5,2:4>3:3=5,3:2>1:4=5,3:3>2:4=5	-	-
1790944693.5	stopped	330b4abeaac773fe	937410	0	0	1790944685.712616	stopped by SIGTERM	0	0	1:3>2:3=5,1:4>3:2=5,2:3>1:3=5,2:4>3:3=5,3:2>1:4=5,3:3>2:4=5	-	-
1790944694.5	stopped	330b4abeaac773fe	937410	0	0	1790944685.712616	stopped by SIGTERM	0	0	1:3>2:3=5,1:4>3:2=5,2:3>1:3=5,2:4>3:3=5,3:2>1:4=5,3:3>2:4=5	-	-
1790944695.5	stopped	330b4abeaac773fe	937410	0	0	1790944685.712616	stopped by SIGTERM	0	0	1:3>2:3=5,1:4>3:2=5,2:3>1:3=5,2:4>3:3=5,3:2>1:4=5,3:3>2:4=5	-	-
1790944696.5	running	dc49633e497be396	940275	0	0	1790944696.5311573		0	0	1:3>2:3=1,1:4>3:2=1,2:3>1:3=1,2:4>3:3=1,3:2>1:4=1,3:3>2:4=1	-	-
1790944697.5	running	dc49633e497be396	940275	0	0	1790944696.5311573		0	0	1:3>2:3=1,1:4>3:2=1,2:3>1:3=1,2:4>3:3=1,3:2>1:4=1,3:3>2:4=1	-	-
1790944698.5	running	dc49633e497be396	940275	0	0	1790944696.5311573		0	0	1:3>2:3=1,1:4>3:2=1,2:3>1:3=1,2:4>3:3=1,3:2>1:4=1,3:3>2:4=1	-	-
1790944699.5	running	dc49633e497be396	940275	0	0	1790944696.5311573		0	0	1:3>2:3=1,1:4>3:2=1,2:3>1:3=1,2:4>3:3=1,3:2>1:4=1,3:3>2:4=1	-	-
1790944700.6	running	dc49633e497be396	940275	0	0	1790944696.5311573		0	0	1:3>2:3=1,1:4>3:2=1,2:3>1:3=1,2:4>3:3=1,3:2>1:4=1,3:3>2:4=1	-	-
1790944701.6	running	dc49633e497be396	940275	0	0	1790944701.5364876		0	0	1:3>2:3=2,1:4>3:2=2,2:3>1:3=2,2:4>3:3=2,3:2>1:4=2,3:3>2:4=2	-	-
1790944702.6	running	dc49633e497be396	940275	0	0	1790944701.5364876		0	0	1:3>2:3=2,1:4>3:2=2,2:3>1:3=2,2:4>3:3=2,3:2>1:4=2,3:3>2:4=2	-	-
1790944703.6	running	dc49633e497be396	940275	0	0	1790944701.5364876		0	0	1:3>2:3=2,1:4>3:2=2,2:3>1:3=2,2:4>3:3=2,3:2>1:4=2,3:3>2:4=2	-	-
1790944704.6	running	dc49633e497be396	940275	0	0	1790944701.5364876		0	0	1:3>2:3=2,1:4>3:2=2,2:3>1:3=2,2:4>3:3=2,3:2>1:4=2,3:3>2:4=2	-	-
1790944705.6	running	dc49633e497be396	940275	0	0	1790944701.5364876		0	0	1:3>2:3=2,1:4>3:2=2,2:3>1:3=2,2:4>3:3=2,3:2>1:4=2,3:3>2:4=2	-	-
1790944706.6	running	dc49633e497be396	940275	0	0	1790944706.5372295		0	0	1:3>2:3=2,1:4>3:2=3,2:3>1:3=3,2:4>3:3=3,3:2>1:4=3,3:3>2:4=3	-	-
1790944707.6	running	dc49633e497be396	940275	0	0	1790944707.3772166		0	0	1:3>2:3=3,1:4>3:2=3,2:3>1:3=3,2:4>3:3=3,3:2>1:4=3,3:3>2:4=3	-	-
1790944708.6	running	dc49633e497be396	940275	0	0	1790944707.3772166		0	0	1:3>2:3=3,1:4>3:2=3,2:3>1:3=3,2:4>3:3=3,3:2>1:4=3,3:3>2:4=3	-	-
1790944709.6	running	dc49633e497be396	940275	0	0	1790944707.3772166		0	0	1:3>2:3=3,1:4>3:2=3,2:3>1:3=3,2:4>3:3=3,3:2>1:4=3,3:3>2:4=3	-	-
1790944710.6	running	dc49633e497be396	940275	0	0	1790944707.3772166		0	0	1:3>2:3=3,1:4>3:2=3,2:3>1:3=3,2:4>3:3=3,3:2>1:4=3,3:3>2:4=3	-	-
1790944711.6	running	dc49633e497be396	940275	0	0	1790944711.5356095		0	0	1:3>2:3=3,1:4>3:2=4,2:3>1:3=4,2:4>3:3=4,3:2>1:4=4,3:3>2:4=4	-	-
1790944712.6	running	dc49633e497be396	940275	0	0	1790944711.5356095		0	0	1:3>2:3=3,1:4>3:2=4,2:3>1:3=4,2:4>3:3=4,3:2>1:4=4,3:3>2:4=4	-	-
1790944713.6	running	dc49633e497be396	940275	0	0	1790944713.0456305		0	0	1:3>2:3=4,1:4>3:2=4,2:3>1:3=4,2:4>3:3=4,3:2>1:4=4,3:3>2:4=4	-	-
1790944714.6	running	dc49633e497be396	940275	0	0	1790944713.0456305		0	0	1:3>2:3=4,1:4>3:2=4,2:3>1:3=4,2:4>3:3=4,3:2>1:4=4,3:3>2:4=4	-	-
1790944715.6	running	dc49633e497be396	940275	0	0	1790944713.0456305		0	0	1:3>2:3=4,1:4>3:2=4,2:3>1:3=4,2:4>3:3=4,3:2>1:4=4,3:3>2:4=4	-	-
1790944716.6	running	dc49633e497be396	940275	0	0	1790944716.5352132		0	0	1:3>2:3=4,1:4>3:2=5,2:3>1:3=5,2:4>3:3=5,3:2>1:4=5,3:3>2:4=5	-	-
1790944717.7	running	dc49633e497be396	940275	0	0	1790944717.572796		0	0	1:3>2:3=5,1:4>3:2=5,2:3>1:3=5,2:4>3:3=5,3:2>1:4=5,3:3>2:4=5	-	-
1790944718.7	running	dc49633e497be396	940275	0	0	1790944717.572796		0	0	1:3>2:3=5,1:4>3:2=5,2:3>1:3=5,2:4>3:3=5,3:2>1:4=5,3:3>2:4=5	-	-
1790944719.7	running	dc49633e497be396	940275	0	0	1790944717.572796		0	0	1:3>2:3=5,1:4>3:2=5,2:3>1:3=5,2:4>3:3=5,3:2>1:4=5,3:3>2:4=5	-	-
1790944720.7	running	dc49633e497be396	940275	0	0	1790944717.572796		0	0	1:3>2:3=5,1:4>3:2=5,2:3>1:3=5,2:4>3:3=5,3:2>1:4=5,3:3>2:4=5	-	-
1790944721.7	running	dc49633e497be396	940275	0	0	1790944721.535227		0	0	1:3>2:3=5,1:4>3:2=6,2:3>1:3=6,2:4>3:3=6,3:2>1:4=6,3:3>2:4=6	-	-
1790944722.7	running	dc49633e497be396	940275	0	0	1790944721.535227		0	0	1:3>2:3=5,1:4>3:2=6,2:3>1:3=6,2:4>3:3=6,3:2>1:4=6,3:3>2:4=6	-	-
1790944723.7	running	dc49633e497be396	940275	0	0	1790944722.7993636		0	0	1:3>2:3=6,1:4>3:2=6,2:3>1:3=6,2:4>3:3=6,3:2>1:4=6,3:3>2:4=6	-	-
1790944724.7	running	dc49633e497be396	940275	0	0	1790944722.7993636		0	0	1:3>2:3=6,1:4>3:2=6,2:3>1:3=6,2:4>3:3=6,3:2>1:4=6,3:3>2:4=6	-	-
1790944725.7	running	dc49633e497be396	940275	0	0	1790944722.7993636		0	0	1:3>2:3=6,1:4>3:2=6,2:3>1:3=6,2:4>3:3=6,3:2>1:4=6,3:3>2:4=6	-	-
1790944726.7	running	dc49633e497be396	940275	0	0	1790944726.5344403		0	0	1:3>2:3=6,1:4>3:2=7,2:3>1:3=7,2:4>3:3=7,3:2>1:4=7,3:3>2:4=7	-	-
1790944727.7	running	dc49633e497be396	940275	0	0	1790944727.4554276		0	0	1:3>2:3=7,1:4>3:2=7,2:3>1:3=7,2:4>3:3=7,3:2>1:4=7,3:3>2:4=7	-	-
1790944728.7	running	dc49633e497be396	940275	0	0	1790944727.4554276		0	0	1:3>2:3=7,1:4>3:2=7,2:3>1:3=7,2:4>3:3=7,3:2>1:4=7,3:3>2:4=7	-	-
1790944729.7	running	dc49633e497be396	940275	0	0	1790944727.4554276		0	0	1:3>2:3=7,1:4>3:2=7,2:3>1:3=7,2:4>3:3=7,3:2>1:4=7,3:3>2:4=7	-	-
1790944730.7	running	dc49633e497be396	940275	0	0	1790944727.4554276		0	0	1:3>2:3=7,1:4>3:2=7,2:3>1:3=7,2:4>3:3=7,3:2>1:4=7,3:3>2:4=7	-	-
1790944731.7	running	dc49633e497be396	940275	0	0	1790944731.5352004		0	0	1:3>2:3=7,1:4>3:2=8,2:3>1:3=8,2:4>3:3=8,3:2>1:4=8,3:3>2:4=8	-	-
1790944732.7	running	dc49633e497be396	940275	0	0	1790944732.0960248		0	0	1:3>2:3=8,1:4>3:2=8,2:3>1:3=8,2:4>3:3=8,3:2>1:4=8,3:3>2:4=8	-	-
1790944733.8	running	dc49633e497be396	940275	0	0	1790944732.0960248		0	0	1:3>2:3=8,1:4>3:2=8,2:3>1:3=8,2:4>3:3=8,3:2>1:4=8,3:3>2:4=8	-	-
1790944734.8	running	dc49633e497be396	940275	0	0	1790944732.0960248		0	0	1:3>2:3=8,1:4>3:2=8,2:3>1:3=8,2:4>3:3=8,3:2>1:4=8,3:3>2:4=8	-	-
1790944735.8	running	dc49633e497be396	940275	0	0	1790944732.0960248		0	0	1:3>2:3=8,1:4>3:2=8,2:3>1:3=8,2:4>3:3=8,3:2>1:4=8,3:3>2:4=8	-	-
1790944736.8	running	dc49633e497be396	940275	0	0	1790944736.5331492		0	0	1:3>2:3=8,1:4>3:2=9,2:3>1:3=9,2:4>3:3=9,3:2>1:4=9,3:3>2:4=9	-	-
1790944737.8	running	dc49633e497be396	940275	0	0	1790944737.6810563		0	0	1:3>2:3=9,1:4>3:2=9,2:3>1:3=9,2:4>3:3=9,3:2>1:4=9,3:3>2:4=9	-	-
1790944738.8	running	dc49633e497be396	940275	0	0	1790944737.6810563		0	0	1:3>2:3=9,1:4>3:2=9,2:3>1:3=9,2:4>3:3=9,3:2>1:4=9,3:3>2:4=9	-	-
1790944739.8	running	dc49633e497be396	940275	0	0	1790944737.6810563		0	0	1:3>2:3=9,1:4>3:2=9,2:3>1:3=9,2:4>3:3=9,3:2>1:4=9,3:3>2:4=9	-	-
1790944740.8	running	dc49633e497be396	940275	0	0	1790944737.6810563		0	0	1:3>2:3=9,1:4>3:2=9,2:3>1:3=9,2:4>3:3=9,3:2>1:4=9,3:3>2:4=9	-	-
1790944741.8	running	dc49633e497be396	940275	0	0	1790944741.5354855		0	0	1:3>2:3=9,1:4>3:2=10,2:3>1:3=10,2:4>3:3=10,3:2>1:4=10,3:3>2:4=10	-	-
1790944742.8	running	dc49633e497be396	940275	0	0	1790944742.3320308		0	0	1:3>2:3=10,1:4>3:2=10,2:3>1:3=10,2:4>3:3=10,3:2>1:4=10,3:3>2:4=10	-	-
1790944743.8	running	dc49633e497be396	940275	0	0	1790944742.3320308		0	0	1:3>2:3=10,1:4>3:2=10,2:3>1:3=10,2:4>3:3=10,3:2>1:4=10,3:3>2:4=10	-	-
1790944744.8	running	dc49633e497be396	940275	0	0	1790944742.3320308		0	0	1:3>2:3=10,1:4>3:2=10,2:3>1:3=10,2:4>3:3=10,3:2>1:4=10,3:3>2:4=10	-	-
1790944745.8	running	dc49633e497be396	940275	0	0	1790944742.3320308		0	0	1:3>2:3=10,1:4>3:2=10,2:3>1:3=10,2:4>3:3=10,3:2>1:4=10,3:3>2:4=10	-	-
1790944746.8	running	dc49633e497be396	940275	0	0	1790944746.535618		0	0	1:3>2:3=10,1:4>3:2=11,2:3>1:3=11,2:4>3:3=11,3:2>1:4=11,3:3>2:4=11	-	-
1790944747.8	running	dc49633e497be396	940275	0	0	1790944747.037164		0	0	1:3>2:3=11,1:4>3:2=11,2:3>1:3=11,2:4>3:3=11,3:2>1:4=11,3:3>2:4=11	-	-
1790944748.8	running	dc49633e497be396	940275	0	0	1790944747.037164		0	0	1:3>2:3=11,1:4>3:2=11,2:3>1:3=11,2:4>3:3=11,3:2>1:4=11,3:3>2:4=11	-	-
1790944749.8	running	dc49633e497be396	940275	0	0	1790944747.037164		0	0	1:3>2:3=11,1:4>3:2=11,2:3>1:3=11,2:4>3:3=11,3:2>1:4=11,3:3>2:4=11	-	-
1790944750.8	running	dc49633e497be396	940275	0	0	1790944747.037164		0	0	1:3>2:3=11,1:4>3:2=11,2:3>1:3=11,2:4>3:3=11,3:2>1:4=11,3:3>2:4=11	-	-
1790944751.9	running	dc49633e497be396	940275	0	0	1790944751.535962		0	0	1:3>2:3=11,1:4>3:2=12,2:3>1:3=12,2:4>3:3=12,3:2>1:4=12,3:3>2:4=12	-	-
1790944752.9	running	dc49633e497be396	940275	0	0	1790944752.5680883		0	0	1:3>2:3=12,1:4>3:2=12,2:3>1:3=12,2:4>3:3=12,3:2>1:4=12,3:3>2:4=12	-	-
1790944753.9	running	dc49633e497be396	940275	0	0	1790944752.5680883		0	0	1:3>2:3=12,1:4>3:2=12,2:3>1:3=12,2:4>3:3=12,3:2>1:4=12,3:3>2:4=12	-	-
1790944754.9	running	dc49633e497be396	940275	0	0	1790944752.5680883		0	0	1:3>2:3=12,1:4>3:2=12,2:3>1:3=12,2:4>3:3=12,3:2>1:4=12,3:3>2:4=12	-	-
1790944755.9	running	dc49633e497be396	940275	0	0	1790944752.5680883		0	0	1:3>2:3=12,1:4>3:2=12,2:3>1:3=12,2:4>3:3=12,3:2>1:4=12,3:3>2:4=12	-	-
1790944756.9	running	dc49633e497be396	940275	0	0	1790944756.5353565		0	0	1:3>2:3=12,1:4>3:2=13,2:3>1:3=13,2:4>3:3=13,3:2>1:4=13,3:3>2:4=13	-	-
1790944757.9	running	dc49633e497be396	940275	0	0	1790944757.2191212		0	0	1:3>2:3=13,1:4>3:2=13,2:3>1:3=13,2:4>3:3=13,3:2>1:4=13,3:3>2:4=13	-	-
1790944758.9	running	dc49633e497be396	940275	0	0	1790944757.2191212		0	0	1:3>2:3=13,1:4>3:2=13,2:3>1:3=13,2:4>3:3=13,3:2>1:4=13,3:3>2:4=13	-	-
1790944759.9	running	dc49633e497be396	940275	0	0	1790944757.2191212		0	0	1:3>2:3=13,1:4>3:2=13,2:3>1:3=13,2:4>3:3=13,3:2>1:4=13,3:3>2:4=13	-	-
1790944760.9	running	dc49633e497be396	940275	0	0	1790944757.2191212		0	0	1:3>2:3=13,1:4>3:2=13,2:3>1:3=13,2:4>3:3=13,3:2>1:4=13,3:3>2:4=13	-	-
1790944761.9	running	dc49633e497be396	940275	0	0	1790944761.5326087		0	0	1:3>2:3=13,1:4>3:2=14,2:3>1:3=14,2:4>3:3=14,3:2>1:4=14,3:3>2:4=14	-	-
1790944762.9	running	dc49633e497be396	940275	0	0	1790944762.5489538		0	0	1:3>2:3=14,1:4>3:2=14,2:3>1:3=14,2:4>3:3=14,3:2>1:4=14,3:3>2:4=14	-	-
1790944763.9	running	dc49633e497be396	940275	0	0	1790944762.5489538		0	0	1:3>2:3=14,1:4>3:2=14,2:3>1:3=14,2:4>3:3=14,3:2>1:4=14,3:3>2:4=14	-	-
1790944764.9	running	dc49633e497be396	940275	0	0	1790944762.5489538		0	0	1:3>2:3=14,1:4>3:2=14,2:3>1:3=14,2:4>3:3=14,3:2>1:4=14,3:3>2:4=14	-	-
1790944765.9	running	dc49633e497be396	940275	0	0	1790944762.5489538		0	0	1:3>2:3=14,1:4>3:2=14,2:3>1:3=14,2:4>3:3=14,3:2>1:4=14,3:3>2:4=14	-	-
1790944766.9	running	dc49633e497be396	940275	0	0	1790944766.535276		0	0	1:3>2:3=14,1:4>3:2=15,2:3>1:3=15,2:4>3:3=15,3:2>1:4=15,3:3>2:4=15	-	-
1790944768.0	running	dc49633e497be396	940275	0	0	1790944767.5388918		0	0	1:3>2:3=15,1:4>3:2=15,2:3>1:3=15,2:4>3:3=15,3:2>1:4=15,3:3>2:4=15	-	-
1790944769.0	running	dc49633e497be396	940275	0	0	1790944767.5388918		0	0	1:3>2:3=15,1:4>3:2=15,2:3>1:3=15,2:4>3:3=15,3:2>1:4=15,3:3>2:4=15	-	-
1790944770.0	running	dc49633e497be396	940275	0	0	1790944767.5388918		0	0	1:3>2:3=15,1:4>3:2=15,2:3>1:3=15,2:4>3:3=15,3:2>1:4=15,3:3>2:4=15	-	-
1790944771.0	running	dc49633e497be396	940275	0	0	1790944767.5388918		0	0	1:3>2:3=15,1:4>3:2=15,2:3>1:3=15,2:4>3:3=15,3:2>1:4=15,3:3>2:4=15	-	-
1790944772.0	running	dc49633e497be396	940275	0	0	1790944771.5354636		0	0	1:3>2:3=15,1:4>3:2=16,2:3>1:3=16,2:4>3:3=16,3:2>1:4=16,3:3>2:4=16	-	-
1790944773.0	running	dc49633e497be396	940275	0	0	1790944772.1898937		0	0	1:3>2:3=16,1:4>3:2=16,2:3>1:3=16,2:4>3:3=16,3:2>1:4=16,3:3>2:4=16	-	-
1790944774.0	running	dc49633e497be396	940275	0	0	1790944772.1898937		0	0	1:3>2:3=16,1:4>3:2=16,2:3>1:3=16,2:4>3:3=16,3:2>1:4=16,3:3>2:4=16	-	-
1790944775.0	running	dc49633e497be396	940275	0	0	1790944772.1898937		0	0	1:3>2:3=16,1:4>3:2=16,2:3>1:3=16,2:4>3:3=16,3:2>1:4=16,3:3>2:4=16	-	-
1790944776.0	running	dc49633e497be396	940275	0	0	1790944772.1898937		0	0	1:3>2:3=16,1:4>3:2=16,2:3>1:3=16,2:4>3:3=16,3:2>1:4=16,3:3>2:4=16	-	-
1790944777.0	running	dc49633e497be396	940275	0	0	1790944776.532459		0	0	1:3>2:3=16,1:4>3:2=17,2:3>1:3=17,2:4>3:3=17,3:2>1:4=17,3:3>2:4=17	-	-
1790944778.0	running	dc49633e497be396	940275	0	0	1790944777.7750032		0	0	1:3>2:3=17,1:4>3:2=17,2:3>1:3=17,2:4>3:3=17,3:2>1:4=17,3:3>2:4=17	-	-
1790944779.0	running	dc49633e497be396	940275	0	0	1790944777.7750032		0	0	1:3>2:3=17,1:4>3:2=17,2:3>1:3=17,2:4>3:3=17,3:2>1:4=17,3:3>2:4=17	-	-
1790944780.0	running	dc49633e497be396	940275	0	0	1790944777.7750032		0	0	1:3>2:3=17,1:4>3:2=17,2:3>1:3=17,2:4>3:3=17,3:2>1:4=17,3:3>2:4=17	-	-
1790944781.0	running	dc49633e497be396	940275	0	0	1790944777.7750032		0	0	1:3>2:3=17,1:4>3:2=17,2:3>1:3=17,2:4>3:3=17,3:2>1:4=17,3:3>2:4=17	-	-
1790944782.0	running	dc49633e497be396	940275	0	0	1790944781.5346541		0	0	1:3>2:3=17,1:4>3:2=18,2:3>1:3=18,2:4>3:3=18,3:2>1:4=18,3:3>2:4=18	-	-
1790944783.0	running	dc49633e497be396	940275	0	0	1790944782.4259994		0	0	1:3>2:3=18,1:4>3:2=18,2:3>1:3=18,2:4>3:3=18,3:2>1:4=18,3:3>2:4=18	-	-
1790944784.0	running	dc49633e497be396	940275	0	0	1790944782.4259994		0	0	1:3>2:3=18,1:4>3:2=18,2:3>1:3=18,2:4>3:3=18,3:2>1:4=18,3:3>2:4=18	-	-
1790944785.1	running	dc49633e497be396	940275	0	0	1790944782.4259994		0	0	1:3>2:3=18,1:4>3:2=18,2:3>1:3=18,2:4>3:3=18,3:2>1:4=18,3:3>2:4=18	-	-
1790944786.1	stopped	dc49633e497be396	940275	0	0	1790944785.4356055	stopped by SIGTERM	0	0	1:3>2:3=18,1:4>3:2=18,2:3>1:3=18,2:4>3:3=18,3:2>1:4=18,3:3>2:4=18	-	-
1790944787.1	stopped	dc49633e497be396	940275	0	0	1790944785.4356055	stopped by SIGTERM	0	0	1:3>2:3=18,1:4>3:2=18,2:3>1:3=18,2:4>3:3=18,3:2>1:4=18,3:3>2:4=18	-	-
1790944788.1	stopped	dc49633e497be396	940275	0	0	1790944785.4356055	stopped by SIGTERM	0	0	1:3>2:3=18,1:4>3:2=18,2:3>1:3=18,2:4>3:3=18,3:2>1:4=18,3:3>2:4=18	-	-
1790944789.1	stopped	dc49633e497be396	940275	0	0	1790944785.4356055	stopped by SIGTERM	0	0	1:3>2:3=18,1:4>3:2=18,2:3>1:3=18,2:4>3:3=18,3:2>1:4=18,3:3>2:4=18	-	-
1790944790.1	stopped	dc49633e497be396	940275	0	0	1790944785.4356055	stopped by SIGTERM	0	0	1:3>2:3=18,1:4>3:2=18,2:3>1:3=18,2:4>3:3=18,3:2>1:4=18,3:3>2:4=18	-	-
1790944791.1	stopped	dc49633e497be396	940275	0	0	1790944785.4356055	stopped by SIGTERM	0	0	1:3>2:3=18,1:4>3:2=18,2:3>1:3=18,2:4>3:3=18,3:2>1:4=18,3:3>2:4=18	-	-
1790944792.1	stopped	dc49633e497be396	940275	0	0	1790944785.4356055	stopped by SIGTERM	0	0	1:3>2:3=18,1:4>3:2=18,2:3>1:3=18,2:4>3:3=18,3:2>1:4=18,3:3>2:4=18	-	-
1790944793.1	stopped	dc49633e497be396	940275	0	0	1790944785.4356055	stopped by SIGTERM	0	0	1:3>2:3=18,1:4>3:2=18,2:3>1:3=18,2:4>3:3=18,3:2>1:4=18,3:3>2:4=18	-	-
1790944794.1	stopped	dc49633e497be396	940275	0	0	1790944785.4356055	stopped by SIGTERM	0	0	1:3>2:3=18,1:4>3:2=18,2:3>1:3=18,2:4>3:3=18,3:2>1:4=18,3:3>2:4=18	-	-
1790944795.1	stopped	dc49633e497be396	940275	0	0	1790944785.4356055	stopped by SIGTERM	0	0	1:3>2:3=18,1:4>3:2=18,2:3>1:3=18,2:4>3:3=18,3:2>1:4=18,3:3>2:4=18	-	-
1790944796.1	running	171886cfb30201b1	944535	0	0	1790944795.9256787		0	0	1:2>2:2=0,1:3>3:2=0,2:2>1:2=0,2:3>3:3=0,3:2>1:3=0,3:3>2:3=0	-	-
1790944797.1	running	171886cfb30201b1	944535	0	0	1790944796.4264925		0	0	1:2>2:2=1,1:3>3:2=1,2:2>1:2=1,2:3>3:3=1,3:2>1:3=1,3:3>2:3=1	-	-
1790944798.1	running	171886cfb30201b1	944535	0	0	1790944796.4264925		0	0	1:2>2:2=1,1:3>3:2=1,2:2>1:2=1,2:3>3:3=1,3:2>1:3=1,3:3>2:3=1	-	-
1790944799.1	running	171886cfb30201b1	944535	0	0	1790944796.4264925		0	0	1:2>2:2=1,1:3>3:2=1,2:2>1:2=1,2:3>3:3=1,3:2>1:3=1,3:3>2:3=1	-	-
1790944800.1	running	171886cfb30201b1	944535	0	0	1790944796.4264925		0	0	1:2>2:2=1,1:3>3:2=1,2:2>1:2=1,2:3>3:3=1,3:2>1:3=1,3:3>2:3=1	945338	2026-10-02T123948Z_p4runtime_skeleton_ndtwin/driver-controller-p4runtime.log:720
1790944801.1	running	171886cfb30201b1	944535	0	0	1790944800.9280856		0	0	1:2>2:2=1,1:3>3:2=1,2:2>1:2=1,2:3>3:3=1,3:2>1:3=1,3:3>2:3=1	945338	2026-10-02T123948Z_p4runtime_skeleton_ndtwin/driver-controller-p4runtime.log:720
1790944802.2	running	171886cfb30201b1	944535	0	0	1790944801.4289854		0	0	1:2>2:2=2,1:3>3:2=2,2:2>1:2=2,2:3>3:3=2,3:2>1:3=2,3:3>2:3=2	945338	2026-10-02T123948Z_p4runtime_skeleton_ndtwin/driver-controller-p4runtime.log:991
1790944803.2	running	171886cfb30201b1	944535	0	0	1790944801.4289854		0	0	1:2>2:2=2,1:3>3:2=2,2:2>1:2=2,2:3>3:3=2,3:2>1:3=2,3:3>2:3=2	945338	2026-10-02T123948Z_p4runtime_skeleton_ndtwin/driver-controller-p4runtime.log:991
1790944804.2	running	171886cfb30201b1	944535	0	0	1790944801.4289854		0	0	1:2>2:2=2,1:3>3:2=2,2:2>1:2=2,2:3>3:3=2,3:2>1:3=2,3:3>2:3=2	945338	2026-10-02T123948Z_p4runtime_skeleton_ndtwin/driver-controller-p4runtime.log:1262
1790944805.2	running	171886cfb30201b1	944535	0	0	1790944801.4289854		0	0	1:2>2:2=2,1:3>3:2=2,2:2>1:2=2,2:3>3:3=2,3:2>1:3=2,3:3>2:3=2	945338	2026-10-02T123948Z_p4runtime_skeleton_ndtwin/driver-controller-p4runtime.log:1262
1790944806.2	running	171886cfb30201b1	944535	0	0	1790944805.9308949		0	0	1:2>2:2=2,1:3>3:2=2,2:2>1:2=2,2:3>3:3=2,3:2>1:3=2,3:3>2:3=2	945338	2026-10-02T123948Z_p4runtime_skeleton_ndtwin/driver-controller-p4runtime.log:1533
1790944807.2	running	171886cfb30201b1	944535	0	0	1790944806.4316168		0	0	1:2>2:2=3,1:3>3:2=3,2:2>1:2=3,2:3>3:3=3,3:2>1:3=3,3:3>2:3=3	945338	2026-10-02T123948Z_p4runtime_skeleton_ndtwin/driver-controller-p4runtime.log:1533
1790944808.2	running	171886cfb30201b1	944535	0	0	1790944806.4316168		0	0	1:2>2:2=3,1:3>3:2=3,2:2>1:2=3,2:3>3:3=3,3:2>1:3=3,3:3>2:3=3	945338	2026-10-02T123948Z_p4runtime_skeleton_ndtwin/driver-controller-p4runtime.log:1804
1790944809.2	running	171886cfb30201b1	944535	0	0	1790944806.4316168		0	0	1:2>2:2=3,1:3>3:2=3,2:2>1:2=3,2:3>3:3=3,3:2>1:3=3,3:3>2:3=3	945338	2026-10-02T123948Z_p4runtime_skeleton_ndtwin/driver-controller-p4runtime.log:1804
1790944810.2	running	171886cfb30201b1	944535	0	0	1790944806.4316168		0	0	1:2>2:2=3,1:3>3:2=3,2:2>1:2=3,2:3>3:3=3,3:2>1:3=3,3:3>2:3=3	945338	2026-10-02T123948Z_p4runtime_skeleton_ndtwin/driver-controller-p4runtime.log:2075
1790944811.2	running	171886cfb30201b1	944535	0	0	1790944810.9308817		0	0	1:2>2:2=3,1:3>3:2=3,2:2>1:2=3,2:3>3:3=3,3:2>1:3=3,3:3>2:3=3	945338	2026-10-02T123948Z_p4runtime_skeleton_ndtwin/driver-controller-p4runtime.log:2075
1790944812.2	running	171886cfb30201b1	944535	0	0	1790944811.4316273		0	0	1:2>2:2=4,1:3>3:2=4,2:2>1:2=4,2:3>3:3=4,3:2>1:3=4,3:3>2:3=4	945338	2026-10-02T123948Z_p4runtime_skeleton_ndtwin/driver-controller-p4runtime.log:2347
1790944813.2	running	171886cfb30201b1	944535	0	0	1790944811.4316273		0	0	1:2>2:2=4,1:3>3:2=4,2:2>1:2=4,2:3>3:3=4,3:2>1:3=4,3:3>2:3=4	945338	2026-10-02T123948Z_p4runtime_skeleton_ndtwin/driver-controller-p4runtime.log:2347
1790944814.2	running	171886cfb30201b1	944535	0	0	1790944811.4316273		0	0	1:2>2:2=4,1:3>3:2=4,2:2>1:2=4,2:3>3:3=4,3:2>1:3=4,3:3>2:3=4	945338	2026-10-02T123948Z_p4runtime_skeleton_ndtwin/driver-controller-p4runtime.log:2620
1790944815.2	running	171886cfb30201b1	944535	0	0	1790944811.4316273		0	0	1:2>2:2=4,1:3>3:2=4,2:2>1:2=4,2:3>3:3=4,3:2>1:3=4,3:3>2:3=4	945338	2026-10-02T123948Z_p4runtime_skeleton_ndtwin/driver-controller-p4runtime.log:2620
1790944816.2	running	171886cfb30201b1	944535	0	0	1790944815.9308455		0	0	1:2>2:2=4,1:3>3:2=4,2:2>1:2=4,2:3>3:3=4,3:2>1:3=4,3:3>2:3=4	945338	2026-10-02T123948Z_p4runtime_skeleton_ndtwin/driver-controller-p4runtime.log:2893
1790944817.2	running	171886cfb30201b1	944535	0	0	1790944816.4315941		0	0	1:2>2:2=5,1:3>3:2=5,2:2>1:2=5,2:3>3:3=5,3:2>1:3=5,3:3>2:3=5	945338	2026-10-02T123948Z_p4runtime_skeleton_ndtwin/driver-controller-p4runtime.log:2893
1790944818.2	running	171886cfb30201b1	944535	0	0	1790944816.4315941		0	0	1:2>2:2=5,1:3>3:2=5,2:2>1:2=5,2:3>3:3=5,3:2>1:3=5,3:3>2:3=5	-	2026-10-02T123948Z_p4runtime_skeleton_ndtwin/driver-controller-p4runtime.log:2893
1790944819.2	running	171886cfb30201b1	944535	0	0	1790944816.4315941		0	0	1:2>2:2=5,1:3>3:2=5,2:2>1:2=5,2:3>3:3=5,3:2>1:3=5,3:3>2:3=5	-	2026-10-02T123948Z_p4runtime_skeleton_ndtwin/driver-controller-p4runtime.log:2893
1790944820.3	stopped	171886cfb30201b1	944535	0	0	1790944820.1266663	stopped by SIGTERM	0	0	1:2>2:2=5,1:3>3:2=5,2:2>1:2=5,2:3>3:3=5,3:2>1:3=5,3:3>2:3=5	-	2026-10-02T123948Z_p4runtime_skeleton_ndtwin/driver-controller-p4runtime.log:2893
1790944821.3	stopped	171886cfb30201b1	944535	0	0	1790944820.1266663	stopped by SIGTERM	0	0	1:2>2:2=5,1:3>3:2=5,2:2>1:2=5,2:3>3:3=5,3:2>1:3=5,3:3>2:3=5	-	2026-10-02T123948Z_p4runtime_skeleton_ndtwin/driver-controller-p4runtime.log:2893
1790944822.3	stopped	171886cfb30201b1	944535	0	0	1790944820.1266663	stopped by SIGTERM	0	0	1:2>2:2=5,1:3>3:2=5,2:2>1:2=5,2:3>3:3=5,3:2>1:3=5,3:3>2:3=5	-	2026-10-02T123948Z_p4runtime_skeleton_ndtwin/driver-controller-p4runtime.log:2893
1790944823.3	stopped	171886cfb30201b1	944535	0	0	1790944820.1266663	stopped by SIGTERM	0	0	1:2>2:2=5,1:3>3:2=5,2:2>1:2=5,2:3>3:3=5,3:2>1:3=5,3:3>2:3=5	-	2026-10-02T123948Z_p4runtime_skeleton_ndtwin/driver-controller-p4runtime.log:2893
1790944824.3	stopped	171886cfb30201b1	944535	0	0	1790944820.1266663	stopped by SIGTERM	0	0	1:2>2:2=5,1:3>3:2=5,2:2>1:2=5,2:3>3:3=5,3:2>1:3=5,3:3>2:3=5	-	2026-10-02T123948Z_p4runtime_skeleton_ndtwin/driver-controller-p4runtime.log:2893
1790944825.3	stopped	171886cfb30201b1	944535	0	0	1790944820.1266663	stopped by SIGTERM	0	0	1:2>2:2=5,1:3>3:2=5,2:2>1:2=5,2:3>3:3=5,3:2>1:3=5,3:3>2:3=5	-	2026-10-02T123948Z_p4runtime_skeleton_ndtwin/driver-controller-p4runtime.log:2893
1790944826.3	stopped	171886cfb30201b1	944535	0	0	1790944820.1266663	stopped by SIGTERM	0	0	1:2>2:2=5,1:3>3:2=5,2:2>1:2=5,2:3>3:3=5,3:2>1:3=5,3:3>2:3=5	-	2026-10-02T123948Z_p4runtime_skeleton_ndtwin/driver-controller-p4runtime.log:2893
1790944827.3	stopped	171886cfb30201b1	944535	0	0	1790944820.1266663	stopped by SIGTERM	0	0	1:2>2:2=5,1:3>3:2=5,2:2>1:2=5,2:3>3:3=5,3:2>1:3=5,3:3>2:3=5	-	2026-10-02T123948Z_p4runtime_skeleton_ndtwin/driver-controller-p4runtime.log:2893
1790944828.3	stopped	171886cfb30201b1	944535	0	0	1790944820.1266663	stopped by SIGTERM	0	0	1:2>2:2=5,1:3>3:2=5,2:2>1:2=5,2:3>3:3=5,3:2>1:3=5,3:3>2:3=5	-	2026-10-02T123948Z_p4runtime_skeleton_ndtwin/driver-controller-p4runtime.log:2893
1790944829.3	stopped	171886cfb30201b1	944535	0	0	1790944820.1266663	stopped by SIGTERM	0	0	1:2>2:2=5,1:3>3:2=5,2:2>1:2=5,2:3>3:3=5,3:2>1:3=5,3:3>2:3=5	-	2026-10-02T123948Z_p4runtime_skeleton_ndtwin/driver-controller-p4runtime.log:2893
1790944830.3	running	054cd0212c82750b	947288	0	0	1790944830.1518826		0	0	1:2>2:2=0,1:3>3:2=0,2:2>1:2=0,2:3>3:3=0,3:2>1:3=0,3:3>2:3=0	-	2026-10-02T123948Z_p4runtime_skeleton_ndtwin/driver-controller-p4runtime.log:2893
1790944831.3	running	054cd0212c82750b	947288	0	0	1790944830.6526248		0	0	1:2>2:2=1,1:3>3:2=1,2:2>1:2=1,2:3>3:3=1,3:2>1:3=1,3:3>2:3=1	-	2026-10-02T123948Z_p4runtime_skeleton_ndtwin/driver-controller-p4runtime.log:2893
1790944832.3	running	054cd0212c82750b	947288	0	0	1790944830.6526248		0	0	1:2>2:2=1,1:3>3:2=1,2:2>1:2=1,2:3>3:3=1,3:2>1:3=1,3:3>2:3=1	-	2026-10-02T123948Z_p4runtime_skeleton_ndtwin/driver-controller-p4runtime.log:2893
1790944833.3	running	054cd0212c82750b	947288	0	0	1790944830.6526248		0	0	1:2>2:2=1,1:3>3:2=1,2:2>1:2=1,2:3>3:3=1,3:2>1:3=1,3:3>2:3=1	-	2026-10-02T123948Z_p4runtime_skeleton_ndtwin/driver-controller-p4runtime.log:2893
1790944834.3	running	054cd0212c82750b	947288	0	0	1790944830.6526248		0	0	1:2>2:2=1,1:3>3:2=1,2:2>1:2=1,2:3>3:3=1,3:2>1:3=1,3:3>2:3=1	948091	2026-10-02T123948Z_p4runtime_skeleton_ndtwin/driver-controller-p4runtime.log:2893,2026-10-02T124023Z_p4runtime_solution_ndtwin/driver-controller-p4runtime.log:1487
1790944835.3	running	054cd0212c82750b	947288	0	0	1790944835.1570807		0	0	1:2>2:2=1,1:3>3:2=1,2:2>1:2=1,2:3>3:3=1,3:2>1:3=1,3:3>2:3=1	948091	2026-10-02T123948Z_p4runtime_skeleton_ndtwin/driver-controller-p4runtime.log:2893,2026-10-02T124023Z_p4runtime_solution_ndtwin/driver-controller-p4runtime.log:1487
1790944836.3	running	054cd0212c82750b	947288	0	0	1790944835.6581814		0	0	1:2>2:2=2,1:3>3:2=2,2:2>1:2=2,2:3>3:3=2,3:2>1:3=2,3:3>2:3=2	948091	2026-10-02T123948Z_p4runtime_skeleton_ndtwin/driver-controller-p4runtime.log:2893,2026-10-02T124023Z_p4runtime_solution_ndtwin/driver-controller-p4runtime.log:1758
1790944837.4	running	054cd0212c82750b	947288	0	0	1790944835.6581814		0	0	1:2>2:2=2,1:3>3:2=2,2:2>1:2=2,2:3>3:3=2,3:2>1:3=2,3:3>2:3=2	948091	2026-10-02T123948Z_p4runtime_skeleton_ndtwin/driver-controller-p4runtime.log:2893,2026-10-02T124023Z_p4runtime_solution_ndtwin/driver-controller-p4runtime.log:1758
1790944838.4	running	054cd0212c82750b	947288	0	0	1790944835.6581814		0	0	1:2>2:2=2,1:3>3:2=2,2:2>1:2=2,2:3>3:3=2,3:2>1:3=2,3:3>2:3=2	948091	2026-10-02T123948Z_p4runtime_skeleton_ndtwin/driver-controller-p4runtime.log:2893,2026-10-02T124023Z_p4runtime_solution_ndtwin/driver-controller-p4runtime.log:2029
1790944839.4	running	054cd0212c82750b	947288	0	0	1790944835.6581814		0	0	1:2>2:2=2,1:3>3:2=2,2:2>1:2=2,2:3>3:3=2,3:2>1:3=2,3:3>2:3=2	948091	2026-10-02T123948Z_p4runtime_skeleton_ndtwin/driver-controller-p4runtime.log:2893,2026-10-02T124023Z_p4runtime_solution_ndtwin/driver-controller-p4runtime.log:2029
1790944840.4	running	054cd0212c82750b	947288	0	0	1790944840.1563892		0	0	1:2>2:2=2,1:3>3:2=2,2:2>1:2=2,2:3>3:3=2,3:2>1:3=2,3:3>2:3=2	948091	2026-10-02T123948Z_p4runtime_skeleton_ndtwin/driver-controller-p4runtime.log:2893,2026-10-02T124023Z_p4runtime_solution_ndtwin/driver-controller-p4runtime.log:2300
1790944841.4	running	054cd0212c82750b	947288	0	0	1790944840.6572943		0	0	1:2>2:2=3,1:3>3:2=3,2:2>1:2=3,2:3>3:3=3,3:2>1:3=3,3:3>2:3=3	948091	2026-10-02T123948Z_p4runtime_skeleton_ndtwin/driver-controller-p4runtime.log:2893,2026-10-02T124023Z_p4runtime_solution_ndtwin/driver-controller-p4runtime.log:2300
1790944842.4	running	054cd0212c82750b	947288	0	0	1790944840.6572943		0	0	1:2>2:2=3,1:3>3:2=3,2:2>1:2=3,2:3>3:3=3,3:2>1:3=3,3:3>2:3=3	948091	2026-10-02T123948Z_p4runtime_skeleton_ndtwin/driver-controller-p4runtime.log:2893,2026-10-02T124023Z_p4runtime_solution_ndtwin/driver-controller-p4runtime.log:2571
1790944843.4	running	054cd0212c82750b	947288	0	0	1790944840.6572943		0	0	1:2>2:2=3,1:3>3:2=3,2:2>1:2=3,2:3>3:3=3,3:2>1:3=3,3:3>2:3=3	948091	2026-10-02T123948Z_p4runtime_skeleton_ndtwin/driver-controller-p4runtime.log:2893,2026-10-02T124023Z_p4runtime_solution_ndtwin/driver-controller-p4runtime.log:2571
1790944844.4	running	054cd0212c82750b	947288	0	0	1790944840.6572943		0	0	1:2>2:2=3,1:3>3:2=3,2:2>1:2=3,2:3>3:3=3,3:2>1:3=3,3:3>2:3=3	948091	2026-10-02T123948Z_p4runtime_skeleton_ndtwin/driver-controller-p4runtime.log:2893,2026-10-02T124023Z_p4runtime_solution_ndtwin/driver-controller-p4runtime.log:2842
1790944845.4	running	054cd0212c82750b	947288	0	0	1790944845.1562839		0	0	1:2>2:2=3,1:3>3:2=3,2:2>1:2=3,2:3>3:3=3,3:2>1:3=3,3:3>2:3=3	948091	2026-10-02T123948Z_p4runtime_skeleton_ndtwin/driver-controller-p4runtime.log:2893,2026-10-02T124023Z_p4runtime_solution_ndtwin/driver-controller-p4runtime.log:2842
1790944846.4	running	054cd0212c82750b	947288	0	0	1790944845.6572053		0	0	1:2>2:2=4,1:3>3:2=4,2:2>1:2=4,2:3>3:3=4,3:2>1:3=4,3:3>2:3=4	948091	2026-10-02T123948Z_p4runtime_skeleton_ndtwin/driver-controller-p4runtime.log:2893,2026-10-02T124023Z_p4runtime_solution_ndtwin/driver-controller-p4runtime.log:3119
1790944847.4	running	054cd0212c82750b	947288	0	0	1790944845.6572053		0	0	1:2>2:2=4,1:3>3:2=4,2:2>1:2=4,2:3>3:3=4,3:2>1:3=4,3:3>2:3=4	948091	2026-10-02T123948Z_p4runtime_skeleton_ndtwin/driver-controller-p4runtime.log:2893,2026-10-02T124023Z_p4runtime_solution_ndtwin/driver-controller-p4runtime.log:3119
1790944848.4	running	054cd0212c82750b	947288	0	0	1790944845.6572053		0	0	1:2>2:2=4,1:3>3:2=4,2:2>1:2=4,2:3>3:3=4,3:2>1:3=4,3:3>2:3=4	948091	2026-10-02T123948Z_p4runtime_skeleton_ndtwin/driver-controller-p4runtime.log:2893,2026-10-02T124023Z_p4runtime_solution_ndtwin/driver-controller-p4runtime.log:3398
1790944849.4	running	054cd0212c82750b	947288	0	0	1790944845.6572053		0	0	1:2>2:2=4,1:3>3:2=4,2:2>1:2=4,2:3>3:3=4,3:2>1:3=4,3:3>2:3=4	948091	2026-10-02T123948Z_p4runtime_skeleton_ndtwin/driver-controller-p4runtime.log:2893,2026-10-02T124023Z_p4runtime_solution_ndtwin/driver-controller-p4runtime.log:3398
1790944850.4	running	054cd0212c82750b	947288	0	0	1790944850.1558902		0	0	1:2>2:2=4,1:3>3:2=4,2:2>1:2=4,2:3>3:3=4,3:2>1:3=4,3:3>2:3=4	948091	2026-10-02T123948Z_p4runtime_skeleton_ndtwin/driver-controller-p4runtime.log:2893,2026-10-02T124023Z_p4runtime_solution_ndtwin/driver-controller-p4runtime.log:3677
1790944851.4	running	054cd0212c82750b	947288	0	0	1790944850.6566467		0	0	1:2>2:2=5,1:3>3:2=5,2:2>1:2=5,2:3>3:3=5,3:2>1:3=5,3:3>2:3=5	948091	2026-10-02T123948Z_p4runtime_skeleton_ndtwin/driver-controller-p4runtime.log:2893,2026-10-02T124023Z_p4runtime_solution_ndtwin/driver-controller-p4runtime.log:3677
1790944852.4	running	054cd0212c82750b	947288	0	0	1790944850.6566467		0	0	1:2>2:2=5,1:3>3:2=5,2:2>1:2=5,2:3>3:3=5,3:2>1:3=5,3:3>2:3=5	948091	2026-10-02T123948Z_p4runtime_skeleton_ndtwin/driver-controller-p4runtime.log:2893,2026-10-02T124023Z_p4runtime_solution_ndtwin/driver-controller-p4runtime.log:3966
1790944853.4	running	054cd0212c82750b	947288	0	0	1790944850.6566467		0	0	1:2>2:2=5,1:3>3:2=5,2:2>1:2=5,2:3>3:3=5,3:2>1:3=5,3:3>2:3=5	948091	2026-10-02T123948Z_p4runtime_skeleton_ndtwin/driver-controller-p4runtime.log:2893,2026-10-02T124023Z_p4runtime_solution_ndtwin/driver-controller-p4runtime.log:3966
1790944854.5	running	054cd0212c82750b	947288	0	0	1790944850.6566467		0	0	1:2>2:2=5,1:3>3:2=5,2:2>1:2=5,2:3>3:3=5,3:2>1:3=5,3:3>2:3=5	948091	2026-10-02T123948Z_p4runtime_skeleton_ndtwin/driver-controller-p4runtime.log:2893,2026-10-02T124023Z_p4runtime_solution_ndtwin/driver-controller-p4runtime.log:4255
1790944855.5	running	054cd0212c82750b	947288	0	0	1790944855.1562448		0	0	1:2>2:2=5,1:3>3:2=5,2:2>1:2=5,2:3>3:3=5,3:2>1:3=5,3:3>2:3=5	948091	2026-10-02T123948Z_p4runtime_skeleton_ndtwin/driver-controller-p4runtime.log:2893,2026-10-02T124023Z_p4runtime_solution_ndtwin/driver-controller-p4runtime.log:4255
1790944856.5	running	054cd0212c82750b	947288	0	0	1790944855.6571376		0	0	1:2>2:2=6,1:3>3:2=6,2:2>1:2=6,2:3>3:3=6,3:2>1:3=6,3:3>2:3=6	948091	2026-10-02T123948Z_p4runtime_skeleton_ndtwin/driver-controller-p4runtime.log:2893,2026-10-02T124023Z_p4runtime_solution_ndtwin/driver-controller-p4runtime.log:4548
1790944857.5	running	054cd0212c82750b	947288	0	0	1790944855.6571376		0	0	1:2>2:2=6,1:3>3:2=6,2:2>1:2=6,2:3>3:3=6,3:2>1:3=6,3:3>2:3=6	948091	2026-10-02T123948Z_p4runtime_skeleton_ndtwin/driver-controller-p4runtime.log:2893,2026-10-02T124023Z_p4runtime_solution_ndtwin/driver-controller-p4runtime.log:4548
1790944858.5	running	054cd0212c82750b	947288	0	0	1790944855.6571376		0	0	1:2>2:2=6,1:3>3:2=6,2:2>1:2=6,2:3>3:3=6,3:2>1:3=6,3:3>2:3=6	948091	2026-10-02T123948Z_p4runtime_skeleton_ndtwin/driver-controller-p4runtime.log:2893,2026-10-02T124023Z_p4runtime_solution_ndtwin/driver-controller-p4runtime.log:4841
1790944859.5	running	054cd0212c82750b	947288	0	0	1790944855.6571376		0	0	1:2>2:2=6,1:3>3:2=6,2:2>1:2=6,2:3>3:3=6,3:2>1:3=6,3:3>2:3=6	948091	2026-10-02T123948Z_p4runtime_skeleton_ndtwin/driver-controller-p4runtime.log:2893,2026-10-02T124023Z_p4runtime_solution_ndtwin/driver-controller-p4runtime.log:4841
1790944860.5	running	054cd0212c82750b	947288	0	0	1790944860.1559093		0	0	1:2>2:2=6,1:3>3:2=6,2:2>1:2=6,2:3>3:3=6,3:2>1:3=6,3:3>2:3=6	948091	2026-10-02T123948Z_p4runtime_skeleton_ndtwin/driver-controller-p4runtime.log:2893,2026-10-02T124023Z_p4runtime_solution_ndtwin/driver-controller-p4runtime.log:5134
1790944861.5	running	054cd0212c82750b	947288	0	0	1790944860.6568043		0	0	1:2>2:2=7,1:3>3:2=7,2:2>1:2=7,2:3>3:3=7,3:2>1:3=7,3:3>2:3=7	948091	2026-10-02T123948Z_p4runtime_skeleton_ndtwin/driver-controller-p4runtime.log:2893,2026-10-02T124023Z_p4runtime_solution_ndtwin/driver-controller-p4runtime.log:5134
1790944862.5	running	054cd0212c82750b	947288	0	0	1790944860.6568043		0	0	1:2>2:2=7,1:3>3:2=7,2:2>1:2=7,2:3>3:3=7,3:2>1:3=7,3:3>2:3=7	948091	2026-10-02T123948Z_p4runtime_skeleton_ndtwin/driver-controller-p4runtime.log:2893,2026-10-02T124023Z_p4runtime_solution_ndtwin/driver-controller-p4runtime.log:5427
1790944863.5	running	054cd0212c82750b	947288	0	0	1790944860.6568043		0	0	1:2>2:2=7,1:3>3:2=7,2:2>1:2=7,2:3>3:3=7,3:2>1:3=7,3:3>2:3=7	948091	2026-10-02T123948Z_p4runtime_skeleton_ndtwin/driver-controller-p4runtime.log:2893,2026-10-02T124023Z_p4runtime_solution_ndtwin/driver-controller-p4runtime.log:5427
1790944864.5	running	054cd0212c82750b	947288	0	0	1790944860.6568043		0	0	1:2>2:2=7,1:3>3:2=7,2:2>1:2=7,2:3>3:3=7,3:2>1:3=7,3:3>2:3=7	948091	2026-10-02T123948Z_p4runtime_skeleton_ndtwin/driver-controller-p4runtime.log:2893,2026-10-02T124023Z_p4runtime_solution_ndtwin/driver-controller-p4runtime.log:5720
1790944865.6	running	054cd0212c82750b	947288	0	0	1790944865.1573737		0	0	1:2>2:2=7,1:3>3:2=7,2:2>1:2=7,2:3>3:3=7,3:2>1:3=7,3:3>2:3=7	948091	2026-10-02T123948Z_p4runtime_skeleton_ndtwin/driver-controller-p4runtime.log:2893,2026-10-02T124023Z_p4runtime_solution_ndtwin/driver-controller-p4runtime.log:5720
1790944866.6	running	054cd0212c82750b	947288	0	0	1790944865.6586905		0	0	1:2>2:2=8,1:3>3:2=8,2:2>1:2=8,2:3>3:3=8,3:2>1:3=8,3:3>2:3=8	948091	2026-10-02T123948Z_p4runtime_skeleton_ndtwin/driver-controller-p4runtime.log:2893,2026-10-02T124023Z_p4runtime_solution_ndtwin/driver-controller-p4runtime.log:6013
1790944867.6	running	054cd0212c82750b	947288	0	0	1790944865.6586905		0	0	1:2>2:2=8,1:3>3:2=8,2:2>1:2=8,2:3>3:3=8,3:2>1:3=8,3:3>2:3=8	948091	2026-10-02T123948Z_p4runtime_skeleton_ndtwin/driver-controller-p4runtime.log:2893,2026-10-02T124023Z_p4runtime_solution_ndtwin/driver-controller-p4runtime.log:6013
1790944868.6	running	054cd0212c82750b	947288	0	0	1790944865.6586905		0	0	1:2>2:2=8,1:3>3:2=8,2:2>1:2=8,2:3>3:3=8,3:2>1:3=8,3:3>2:3=8	-	2026-10-02T123948Z_p4runtime_skeleton_ndtwin/driver-controller-p4runtime.log:2893,2026-10-02T124023Z_p4runtime_solution_ndtwin/driver-controller-p4runtime.log:6306
1790944869.6	running	054cd0212c82750b	947288	0	0	1790944865.6586905		0	0	1:2>2:2=8,1:3>3:2=8,2:2>1:2=8,2:3>3:3=8,3:2>1:3=8,3:3>2:3=8	-	2026-10-02T123948Z_p4runtime_skeleton_ndtwin/driver-controller-p4runtime.log:2893,2026-10-02T124023Z_p4runtime_solution_ndtwin/driver-controller-p4runtime.log:6306
1790944870.7	running	054cd0212c82750b	947288	0	0	1790944870.1564858		0	0	1:2>2:2=8,1:3>3:2=8,2:2>1:2=8,2:3>3:3=8,3:2>1:3=8,3:3>2:3=8	-	2026-10-02T123948Z_p4runtime_skeleton_ndtwin/driver-controller-p4runtime.log:2893,2026-10-02T124023Z_p4runtime_solution_ndtwin/driver-controller-p4runtime.log:6306
1790944871.7	running	054cd0212c82750b	947288	0	0	1790944870.6584072		0	0	1:2>2:2=9,1:3>3:2=9,2:2>1:2=9,2:3>3:3=9,3:2>1:3=9,3:3>2:3=9	-	2026-10-02T123948Z_p4runtime_skeleton_ndtwin/driver-controller-p4runtime.log:2893,2026-10-02T124023Z_p4runtime_solution_ndtwin/driver-controller-p4runtime.log:6306
1790944872.7	stopped	054cd0212c82750b	947288	0	0	1790944872.5137663	stopped by SIGTERM	0	0	1:2>2:2=9,1:3>3:2=9,2:2>1:2=9,2:3>3:3=9,3:2>1:3=9,3:3>2:3=9	-	2026-10-02T123948Z_p4runtime_skeleton_ndtwin/driver-controller-p4runtime.log:2893,2026-10-02T124023Z_p4runtime_solution_ndtwin/driver-controller-p4runtime.log:6306
1790944873.7	stopped	054cd0212c82750b	947288	0	0	1790944872.5137663	stopped by SIGTERM	0	0	1:2>2:2=9,1:3>3:2=9,2:2>1:2=9,2:3>3:3=9,3:2>1:3=9,3:3>2:3=9	-	2026-10-02T123948Z_p4runtime_skeleton_ndtwin/driver-controller-p4runtime.log:2893,2026-10-02T124023Z_p4runtime_solution_ndtwin/driver-controller-p4runtime.log:6306
1790944874.7	stopped	054cd0212c82750b	947288	0	0	1790944872.5137663	stopped by SIGTERM	0	0	1:2>2:2=9,1:3>3:2=9,2:2>1:2=9,2:3>3:3=9,3:2>1:3=9,3:3>2:3=9	-	2026-10-02T123948Z_p4runtime_skeleton_ndtwin/driver-controller-p4runtime.log:2893,2026-10-02T124023Z_p4runtime_solution_ndtwin/driver-controller-p4runtime.log:6306
1790944875.7	stopped	054cd0212c82750b	947288	0	0	1790944872.5137663	stopped by SIGTERM	0	0	1:2>2:2=9,1:3>3:2=9,2:2>1:2=9,2:3>3:3=9,3:2>1:3=9,3:3>2:3=9	-	2026-10-02T123948Z_p4runtime_skeleton_ndtwin/driver-controller-p4runtime.log:2893,2026-10-02T124023Z_p4runtime_solution_ndtwin/driver-controller-p4runtime.log:6306
1790944876.7	stopped	054cd0212c82750b	947288	0	0	1790944872.5137663	stopped by SIGTERM	0	0	1:2>2:2=9,1:3>3:2=9,2:2>1:2=9,2:3>3:3=9,3:2>1:3=9,3:3>2:3=9	-	2026-10-02T123948Z_p4runtime_skeleton_ndtwin/driver-controller-p4runtime.log:2893,2026-10-02T124023Z_p4runtime_solution_ndtwin/driver-controller-p4runtime.log:6306
1790944877.7	stopped	054cd0212c82750b	947288	0	0	1790944872.5137663	stopped by SIGTERM	0	0	1:2>2:2=9,1:3>3:2=9,2:2>1:2=9,2:3>3:3=9,3:2>1:3=9,3:3>2:3=9	-	2026-10-02T123948Z_p4runtime_skeleton_ndtwin/driver-controller-p4runtime.log:2893,2026-10-02T124023Z_p4runtime_solution_ndtwin/driver-controller-p4runtime.log:6306
1790944878.7	stopped	054cd0212c82750b	947288	0	0	1790944872.5137663	stopped by SIGTERM	0	0	1:2>2:2=9,1:3>3:2=9,2:2>1:2=9,2:3>3:3=9,3:2>1:3=9,3:3>2:3=9	-	2026-10-02T123948Z_p4runtime_skeleton_ndtwin/driver-controller-p4runtime.log:2893,2026-10-02T124023Z_p4runtime_solution_ndtwin/driver-controller-p4runtime.log:6306
1790944879.8	stopped	054cd0212c82750b	947288	0	0	1790944872.5137663	stopped by SIGTERM	0	0	1:2>2:2=9,1:3>3:2=9,2:2>1:2=9,2:3>3:3=9,3:2>1:3=9,3:3>2:3=9	-	2026-10-02T123948Z_p4runtime_skeleton_ndtwin/driver-controller-p4runtime.log:2893,2026-10-02T124023Z_p4runtime_solution_ndtwin/driver-controller-p4runtime.log:6306
1790944880.8	stopped	054cd0212c82750b	947288	0	0	1790944872.5137663	stopped by SIGTERM	0	0	1:2>2:2=9,1:3>3:2=9,2:2>1:2=9,2:3>3:3=9,3:2>1:3=9,3:3>2:3=9	-	2026-10-02T123948Z_p4runtime_skeleton_ndtwin/driver-controller-p4runtime.log:2893,2026-10-02T124023Z_p4runtime_solution_ndtwin/driver-controller-p4runtime.log:6306
1790944881.8	stopped	054cd0212c82750b	947288	0	0	1790944872.5137663	stopped by SIGTERM	0	0	1:2>2:2=9,1:3>3:2=9,2:2>1:2=9,2:3>3:3=9,3:2>1:3=9,3:3>2:3=9	-	2026-10-02T123948Z_p4runtime_skeleton_ndtwin/driver-controller-p4runtime.log:2893,2026-10-02T124023Z_p4runtime_solution_ndtwin/driver-controller-p4runtime.log:6306
1790944882.8	stopped	054cd0212c82750b	947288	0	0	1790944872.5137663	stopped by SIGTERM	0	0	1:2>2:2=9,1:3>3:2=9,2:2>1:2=9,2:3>3:3=9,3:2>1:3=9,3:3>2:3=9	-	2026-10-02T123948Z_p4runtime_skeleton_ndtwin/driver-controller-p4runtime.log:2893,2026-10-02T124023Z_p4runtime_solution_ndtwin/driver-controller-p4runtime.log:6306
1790944883.8	running	3a97eccbbfd64532	950585	0	0	1790944883.7769659		0	0	1:2>2:2=0,1:3>3:2=0,2:2>1:2=0,2:3>3:3=0,3:2>1:3=0,3:3>2:3=0	-	2026-10-02T123948Z_p4runtime_skeleton_ndtwin/driver-controller-p4runtime.log:2893,2026-10-02T124023Z_p4runtime_solution_ndtwin/driver-controller-p4runtime.log:6306
1790944884.8	running	3a97eccbbfd64532	950585	0	0	1790944884.277605		0	0	1:2>2:2=1,1:3>3:2=1,2:2>1:2=1,2:3>3:3=1,3:2>1:3=1,3:3>2:3=1	-	2026-10-02T123948Z_p4runtime_skeleton_ndtwin/driver-controller-p4runtime.log:2893,2026-10-02T124023Z_p4runtime_solution_ndtwin/driver-controller-p4runtime.log:6306
1790944885.8	running	3a97eccbbfd64532	950585	0	0	1790944884.277605		0	0	1:2>2:2=1,1:3>3:2=1,2:2>1:2=1,2:3>3:3=1,3:2>1:3=1,3:3>2:3=1	-	2026-10-02T123948Z_p4runtime_skeleton_ndtwin/driver-controller-p4runtime.log:2893,2026-10-02T124023Z_p4runtime_solution_ndtwin/driver-controller-p4runtime.log:6306
1790944886.8	running	3a97eccbbfd64532	950585	0	0	1790944884.277605		0	0	1:2>2:2=1,1:3>3:2=1,2:2>1:2=1,2:3>3:3=1,3:2>1:3=1,3:3>2:3=1	-	2026-10-02T123948Z_p4runtime_skeleton_ndtwin/driver-controller-p4runtime.log:2893,2026-10-02T124023Z_p4runtime_solution_ndtwin/driver-controller-p4runtime.log:6306
1790944887.8	running	3a97eccbbfd64532	950585	0	0	1790944884.277605		0	0	1:2>2:2=1,1:3>3:2=1,2:2>1:2=1,2:3>3:3=1,3:2>1:3=1,3:3>2:3=1	951398	2026-10-02T123948Z_p4runtime_skeleton_ndtwin/driver-controller-p4runtime.log:2893,2026-10-02T124023Z_p4runtime_solution_ndtwin/driver-controller-p4runtime.log:6306,2026-10-02T124116Z_flowcache_solution_ndtwin/driver-controller-flowcache.log:988
1790944888.8	running	3a97eccbbfd64532	950585	0	0	1790944888.7809105		0	0	1:2>2:2=1,1:3>3:2=1,2:2>1:2=1,2:3>3:3=1,3:2>1:3=1,3:3>2:3=1	951398	2026-10-02T123948Z_p4runtime_skeleton_ndtwin/driver-controller-p4runtime.log:2893,2026-10-02T124023Z_p4runtime_solution_ndtwin/driver-controller-p4runtime.log:6306,2026-10-02T124116Z_flowcache_solution_ndtwin/driver-controller-flowcache.log:988
1790944889.8	running	3a97eccbbfd64532	950585	0	0	1790944889.2818146		0	0	1:2>2:2=2,1:3>3:2=2,2:2>1:2=2,2:3>3:3=2,3:2>1:3=2,3:3>2:3=2	951398	2026-10-02T123948Z_p4runtime_skeleton_ndtwin/driver-controller-p4runtime.log:2893,2026-10-02T124023Z_p4runtime_solution_ndtwin/driver-controller-p4runtime.log:6306,2026-10-02T124116Z_flowcache_solution_ndtwin/driver-controller-flowcache.log:988
1790944890.8	running	3a97eccbbfd64532	950585	0	0	1790944889.2818146		0	0	1:2>2:2=2,1:3>3:2=2,2:2>1:2=2,2:3>3:3=2,3:2>1:3=2,3:3>2:3=2	951398	2026-10-02T123948Z_p4runtime_skeleton_ndtwin/driver-controller-p4runtime.log:2893,2026-10-02T124023Z_p4runtime_solution_ndtwin/driver-controller-p4runtime.log:6306,2026-10-02T124116Z_flowcache_solution_ndtwin/driver-controller-flowcache.log:988
1790944891.8	running	3a97eccbbfd64532	950585	0	0	1790944889.2818146		0	0	1:2>2:2=2,1:3>3:2=2,2:2>1:2=2,2:3>3:3=2,3:2>1:3=2,3:3>2:3=2	951398	2026-10-02T123948Z_p4runtime_skeleton_ndtwin/driver-controller-p4runtime.log:2893,2026-10-02T124023Z_p4runtime_solution_ndtwin/driver-controller-p4runtime.log:6306,2026-10-02T124116Z_flowcache_solution_ndtwin/driver-controller-flowcache.log:988
1790944892.8	running	3a97eccbbfd64532	950585	0	0	1790944889.2818146		0	0	1:2>2:2=2,1:3>3:2=2,2:2>1:2=2,2:3>3:3=2,3:2>1:3=2,3:3>2:3=2	951398	2026-10-02T123948Z_p4runtime_skeleton_ndtwin/driver-controller-p4runtime.log:2893,2026-10-02T124023Z_p4runtime_solution_ndtwin/driver-controller-p4runtime.log:6306,2026-10-02T124116Z_flowcache_solution_ndtwin/driver-controller-flowcache.log:988
1790944893.8	running	3a97eccbbfd64532	950585	0	0	1790944893.7820437		0	0	1:2>2:2=2,1:3>3:2=2,2:2>1:2=2,2:3>3:3=2,3:2>1:3=2,3:3>2:3=2	951398	2026-10-02T123948Z_p4runtime_skeleton_ndtwin/driver-controller-p4runtime.log:2893,2026-10-02T124023Z_p4runtime_solution_ndtwin/driver-controller-p4runtime.log:6306,2026-10-02T124116Z_flowcache_solution_ndtwin/driver-controller-flowcache.log:988
1790944894.8	running	3a97eccbbfd64532	950585	0	0	1790944894.2827969		0	0	1:2>2:2=3,1:3>3:2=3,2:2>1:2=3,2:3>3:3=3,3:2>1:3=3,3:3>2:3=3	951398	2026-10-02T123948Z_p4runtime_skeleton_ndtwin/driver-controller-p4runtime.log:2893,2026-10-02T124023Z_p4runtime_solution_ndtwin/driver-controller-p4runtime.log:6306,2026-10-02T124116Z_flowcache_solution_ndtwin/driver-controller-flowcache.log:988
1790944895.8	running	3a97eccbbfd64532	950585	0	0	1790944894.2827969		0	0	1:2>2:2=3,1:3>3:2=3,2:2>1:2=3,2:3>3:3=3,3:2>1:3=3,3:3>2:3=3	951398	2026-10-02T123948Z_p4runtime_skeleton_ndtwin/driver-controller-p4runtime.log:2893,2026-10-02T124023Z_p4runtime_solution_ndtwin/driver-controller-p4runtime.log:6306,2026-10-02T124116Z_flowcache_solution_ndtwin/driver-controller-flowcache.log:988
1790944896.9	running	3a97eccbbfd64532	950585	0	0	1790944894.2827969		0	0	1:2>2:2=3,1:3>3:2=3,2:2>1:2=3,2:3>3:3=3,3:2>1:3=3,3:3>2:3=3	951398	2026-10-02T123948Z_p4runtime_skeleton_ndtwin/driver-controller-p4runtime.log:2893,2026-10-02T124023Z_p4runtime_solution_ndtwin/driver-controller-p4runtime.log:6306,2026-10-02T124116Z_flowcache_solution_ndtwin/driver-controller-flowcache.log:988
1790944897.9	running	3a97eccbbfd64532	950585	0	0	1790944894.2827969		0	0	1:2>2:2=3,1:3>3:2=3,2:2>1:2=3,2:3>3:3=3,3:2>1:3=3,3:3>2:3=3	951398	2026-10-02T123948Z_p4runtime_skeleton_ndtwin/driver-controller-p4runtime.log:2893,2026-10-02T124023Z_p4runtime_solution_ndtwin/driver-controller-p4runtime.log:6306,2026-10-02T124116Z_flowcache_solution_ndtwin/driver-controller-flowcache.log:988
1790944898.9	running	3a97eccbbfd64532	950585	0	0	1790944898.7822645		0	0	1:2>2:2=3,1:3>3:2=3,2:2>1:2=3,2:3>3:3=3,3:2>1:3=3,3:3>2:3=3	951398	2026-10-02T123948Z_p4runtime_skeleton_ndtwin/driver-controller-p4runtime.log:2893,2026-10-02T124023Z_p4runtime_solution_ndtwin/driver-controller-p4runtime.log:6306,2026-10-02T124116Z_flowcache_solution_ndtwin/driver-controller-flowcache.log:988
1790944899.9	running	3a97eccbbfd64532	950585	0	0	1790944899.2831385		0	0	1:2>2:2=4,1:3>3:2=4,2:2>1:2=4,2:3>3:3=4,3:2>1:3=4,3:3>2:3=4	951398	2026-10-02T123948Z_p4runtime_skeleton_ndtwin/driver-controller-p4runtime.log:2893,2026-10-02T124023Z_p4runtime_solution_ndtwin/driver-controller-p4runtime.log:6306,2026-10-02T124116Z_flowcache_solution_ndtwin/driver-controller-flowcache.log:2366
1790944900.9	running	3a97eccbbfd64532	950585	0	0	1790944899.2831385		0	0	1:2>2:2=4,1:3>3:2=4,2:2>1:2=4,2:3>3:3=4,3:2>1:3=4,3:3>2:3=4	951398	2026-10-02T123948Z_p4runtime_skeleton_ndtwin/driver-controller-p4runtime.log:2893,2026-10-02T124023Z_p4runtime_solution_ndtwin/driver-controller-p4runtime.log:6306,2026-10-02T124116Z_flowcache_solution_ndtwin/driver-controller-flowcache.log:3744
1790944901.9	running	3a97eccbbfd64532	950585	0	0	1790944899.2831385		0	0	1:2>2:2=4,1:3>3:2=4,2:2>1:2=4,2:3>3:3=4,3:2>1:3=4,3:3>2:3=4	951398	2026-10-02T123948Z_p4runtime_skeleton_ndtwin/driver-controller-p4runtime.log:2893,2026-10-02T124023Z_p4runtime_solution_ndtwin/driver-controller-p4runtime.log:6306,2026-10-02T124116Z_flowcache_solution_ndtwin/driver-controller-flowcache.log:3744
1790944902.9	running	3a97eccbbfd64532	950585	0	0	1790944899.2831385		0	0	1:2>2:2=4,1:3>3:2=4,2:2>1:2=4,2:3>3:3=4,3:2>1:3=4,3:3>2:3=4	951398	2026-10-02T123948Z_p4runtime_skeleton_ndtwin/driver-controller-p4runtime.log:2893,2026-10-02T124023Z_p4runtime_solution_ndtwin/driver-controller-p4runtime.log:6306,2026-10-02T124116Z_flowcache_solution_ndtwin/driver-controller-flowcache.log:3744
1790944903.9	running	3a97eccbbfd64532	950585	0	0	1790944903.781551		0	0	1:2>2:2=4,1:3>3:2=4,2:2>1:2=4,2:3>3:3=4,3:2>1:3=4,3:3>2:3=4	951398	2026-10-02T123948Z_p4runtime_skeleton_ndtwin/driver-controller-p4runtime.log:2893,2026-10-02T124023Z_p4runtime_solution_ndtwin/driver-controller-p4runtime.log:6306,2026-10-02T124116Z_flowcache_solution_ndtwin/driver-controller-flowcache.log:3744
1790944904.9	running	3a97eccbbfd64532	950585	0	0	1790944904.2822192		0	0	1:2>2:2=5,1:3>3:2=5,2:2>1:2=5,2:3>3:3=5,3:2>1:3=5,3:3>2:3=5	951398	2026-10-02T123948Z_p4runtime_skeleton_ndtwin/driver-controller-p4runtime.log:2893,2026-10-02T124023Z_p4runtime_solution_ndtwin/driver-controller-p4runtime.log:6306,2026-10-02T124116Z_flowcache_solution_ndtwin/driver-controller-flowcache.log:3744
1790944905.9	running	3a97eccbbfd64532	950585	0	0	1790944904.2822192		0	0	1:2>2:2=5,1:3>3:2=5,2:2>1:2=5,2:3>3:3=5,3:2>1:3=5,3:3>2:3=5	951398	2026-10-02T123948Z_p4runtime_skeleton_ndtwin/driver-controller-p4runtime.log:2893,2026-10-02T124023Z_p4runtime_solution_ndtwin/driver-controller-p4runtime.log:6306,2026-10-02T124116Z_flowcache_solution_ndtwin/driver-controller-flowcache.log:3744
1790944906.9	running	3a97eccbbfd64532	950585	0	0	1790944904.2822192		0	0	1:2>2:2=5,1:3>3:2=5,2:2>1:2=5,2:3>3:3=5,3:2>1:3=5,3:3>2:3=5	951398	2026-10-02T123948Z_p4runtime_skeleton_ndtwin/driver-controller-p4runtime.log:2893,2026-10-02T124023Z_p4runtime_solution_ndtwin/driver-controller-p4runtime.log:6306,2026-10-02T124116Z_flowcache_solution_ndtwin/driver-controller-flowcache.log:3744
1790944907.9	running	3a97eccbbfd64532	950585	0	0	1790944904.2822192		0	0	1:2>2:2=5,1:3>3:2=5,2:2>1:2=5,2:3>3:3=5,3:2>1:3=5,3:3>2:3=5	951398	2026-10-02T123948Z_p4runtime_skeleton_ndtwin/driver-controller-p4runtime.log:2893,2026-10-02T124023Z_p4runtime_solution_ndtwin/driver-controller-p4runtime.log:6306,2026-10-02T124116Z_flowcache_solution_ndtwin/driver-controller-flowcache.log:3744
1790944908.9	running	3a97eccbbfd64532	950585	0	0	1790944908.7827237		0	0	1:2>2:2=5,1:3>3:2=5,2:2>1:2=5,2:3>3:3=5,3:2>1:3=5,3:3>2:3=5	951398	2026-10-02T123948Z_p4runtime_skeleton_ndtwin/driver-controller-p4runtime.log:2893,2026-10-02T124023Z_p4runtime_solution_ndtwin/driver-controller-p4runtime.log:6306,2026-10-02T124116Z_flowcache_solution_ndtwin/driver-controller-flowcache.log:10452
1790944909.9	running	3a97eccbbfd64532	950585	0	0	1790944909.2837915		0	0	1:2>2:2=6,1:3>3:2=6,2:2>1:2=6,2:3>3:3=6,3:2>1:3=6,3:3>2:3=6	951398	2026-10-02T123948Z_p4runtime_skeleton_ndtwin/driver-controller-p4runtime.log:2893,2026-10-02T124023Z_p4runtime_solution_ndtwin/driver-controller-p4runtime.log:6306,2026-10-02T124116Z_flowcache_solution_ndtwin/driver-controller-flowcache.log:10452
1790944910.9	running	3a97eccbbfd64532	950585	0	0	1790944909.2837915		0	0	1:2>2:2=6,1:3>3:2=6,2:2>1:2=6,2:3>3:3=6,3:2>1:3=6,3:3>2:3=6	951398	2026-10-02T123948Z_p4runtime_skeleton_ndtwin/driver-controller-p4runtime.log:2893,2026-10-02T124023Z_p4runtime_solution_ndtwin/driver-controller-p4runtime.log:6306,2026-10-02T124116Z_flowcache_solution_ndtwin/driver-controller-flowcache.log:10452
1790944911.9	running	3a97eccbbfd64532	950585	0	0	1790944909.2837915		0	0	1:2>2:2=6,1:3>3:2=6,2:2>1:2=6,2:3>3:3=6,3:2>1:3=6,3:3>2:3=6	951398	2026-10-02T123948Z_p4runtime_skeleton_ndtwin/driver-controller-p4runtime.log:2893,2026-10-02T124023Z_p4runtime_solution_ndtwin/driver-controller-p4runtime.log:6306,2026-10-02T124116Z_flowcache_solution_ndtwin/driver-controller-flowcache.log:10452
1790944912.9	running	3a97eccbbfd64532	950585	0	0	1790944909.2837915		0	0	1:2>2:2=6,1:3>3:2=6,2:2>1:2=6,2:3>3:3=6,3:2>1:3=6,3:3>2:3=6	951398	2026-10-02T123948Z_p4runtime_skeleton_ndtwin/driver-controller-p4runtime.log:2893,2026-10-02T124023Z_p4runtime_solution_ndtwin/driver-controller-p4runtime.log:6306,2026-10-02T124116Z_flowcache_solution_ndtwin/driver-controller-flowcache.log:10452
1790944913.9	running	3a97eccbbfd64532	950585	0	0	1790944913.782013		0	0	1:2>2:2=6,1:3>3:2=6,2:2>1:2=6,2:3>3:3=6,3:2>1:3=6,3:3>2:3=6	951398	2026-10-02T123948Z_p4runtime_skeleton_ndtwin/driver-controller-p4runtime.log:2893,2026-10-02T124023Z_p4runtime_solution_ndtwin/driver-controller-p4runtime.log:6306,2026-10-02T124116Z_flowcache_solution_ndtwin/driver-controller-flowcache.log:10452
1790944915.0	running	3a97eccbbfd64532	950585	0	0	1790944914.2826483		0	0	1:2>2:2=7,1:3>3:2=7,2:2>1:2=7,2:3>3:3=7,3:2>1:3=7,3:3>2:3=7	951398	2026-10-02T123948Z_p4runtime_skeleton_ndtwin/driver-controller-p4runtime.log:2893,2026-10-02T124023Z_p4runtime_solution_ndtwin/driver-controller-p4runtime.log:6306,2026-10-02T124116Z_flowcache_solution_ndtwin/driver-controller-flowcache.log:10452
1790944916.0	running	3a97eccbbfd64532	950585	0	0	1790944914.2826483		0	0	1:2>2:2=7,1:3>3:2=7,2:2>1:2=7,2:3>3:3=7,3:2>1:3=7,3:3>2:3=7	951398	2026-10-02T123948Z_p4runtime_skeleton_ndtwin/driver-controller-p4runtime.log:2893,2026-10-02T124023Z_p4runtime_solution_ndtwin/driver-controller-p4runtime.log:6306,2026-10-02T124116Z_flowcache_solution_ndtwin/driver-controller-flowcache.log:10452
1790944917.0	running	3a97eccbbfd64532	950585	0	0	1790944914.2826483		0	0	1:2>2:2=7,1:3>3:2=7,2:2>1:2=7,2:3>3:3=7,3:2>1:3=7,3:3>2:3=7	951398	2026-10-02T123948Z_p4runtime_skeleton_ndtwin/driver-controller-p4runtime.log:2893,2026-10-02T124023Z_p4runtime_solution_ndtwin/driver-controller-p4runtime.log:6306,2026-10-02T124116Z_flowcache_solution_ndtwin/driver-controller-flowcache.log:10452
1790944918.0	running	3a97eccbbfd64532	950585	0	0	1790944914.2826483		0	0	1:2>2:2=7,1:3>3:2=7,2:2>1:2=7,2:3>3:3=7,3:2>1:3=7,3:3>2:3=7	951398	2026-10-02T123948Z_p4runtime_skeleton_ndtwin/driver-controller-p4runtime.log:2893,2026-10-02T124023Z_p4runtime_solution_ndtwin/driver-controller-p4runtime.log:6306,2026-10-02T124116Z_flowcache_solution_ndtwin/driver-controller-flowcache.log:10452
1790944919.0	running	3a97eccbbfd64532	950585	0	0	1790944918.7822802		0	0	1:2>2:2=7,1:3>3:2=7,2:2>1:2=7,2:3>3:3=7,3:2>1:3=7,3:3>2:3=7	951398	2026-10-02T123948Z_p4runtime_skeleton_ndtwin/driver-controller-p4runtime.log:2893,2026-10-02T124023Z_p4runtime_solution_ndtwin/driver-controller-p4runtime.log:6306,2026-10-02T124116Z_flowcache_solution_ndtwin/driver-controller-flowcache.log:10452
1790944920.0	running	3a97eccbbfd64532	950585	0	0	1790944919.2836895		0	0	1:2>2:2=8,1:3>3:2=8,2:2>1:2=8,2:3>3:3=8,3:2>1:3=8,3:3>2:3=8	951398	2026-10-02T123948Z_p4runtime_skeleton_ndtwin/driver-controller-p4runtime.log:2893,2026-10-02T124023Z_p4runtime_solution_ndtwin/driver-controller-p4runtime.log:6306,2026-10-02T124116Z_flowcache_solution_ndtwin/driver-controller-flowcache.log:10452
1790944921.0	running	3a97eccbbfd64532	950585	0	0	1790944919.2836895		0	0	1:2>2:2=8,1:3>3:2=8,2:2>1:2=8,2:3>3:3=8,3:2>1:3=8,3:3>2:3=8	951398	2026-10-02T123948Z_p4runtime_skeleton_ndtwin/driver-controller-p4runtime.log:2893,2026-10-02T124023Z_p4runtime_solution_ndtwin/driver-controller-p4runtime.log:6306,2026-10-02T124116Z_flowcache_solution_ndtwin/driver-controller-flowcache.log:10452
1790944922.0	running	3a97eccbbfd64532	950585	0	0	1790944919.2836895		0	0	1:2>2:2=8,1:3>3:2=8,2:2>1:2=8,2:3>3:3=8,3:2>1:3=8,3:3>2:3=8	951398	2026-10-02T123948Z_p4runtime_skeleton_ndtwin/driver-controller-p4runtime.log:2893,2026-10-02T124023Z_p4runtime_solution_ndtwin/driver-controller-p4runtime.log:6306,2026-10-02T124116Z_flowcache_solution_ndtwin/driver-controller-flowcache.log:10452
1790944923.0	running	3a97eccbbfd64532	950585	0	0	1790944919.2836895		0	0	1:2>2:2=8,1:3>3:2=8,2:2>1:2=8,2:3>3:3=8,3:2>1:3=8,3:3>2:3=8	951398	2026-10-02T123948Z_p4runtime_skeleton_ndtwin/driver-controller-p4runtime.log:2893,2026-10-02T124023Z_p4runtime_solution_ndtwin/driver-controller-p4runtime.log:6306,2026-10-02T124116Z_flowcache_solution_ndtwin/driver-controller-flowcache.log:10452
1790944924.0	running	3a97eccbbfd64532	950585	0	0	1790944923.781427		0	0	1:2>2:2=8,1:3>3:2=8,2:2>1:2=8,2:3>3:3=8,3:2>1:3=8,3:3>2:3=8	951398	2026-10-02T123948Z_p4runtime_skeleton_ndtwin/driver-controller-p4runtime.log:2893,2026-10-02T124023Z_p4runtime_solution_ndtwin/driver-controller-p4runtime.log:6306,2026-10-02T124116Z_flowcache_solution_ndtwin/driver-controller-flowcache.log:10452
1790944925.0	running	3a97eccbbfd64532	950585	0	0	1790944924.2825336		0	0	1:2>2:2=9,1:3>3:2=9,2:2>1:2=9,2:3>3:3=9,3:2>1:3=9,3:3>2:3=9	951398	2026-10-02T123948Z_p4runtime_skeleton_ndtwin/driver-controller-p4runtime.log:2893,2026-10-02T124023Z_p4runtime_solution_ndtwin/driver-controller-p4runtime.log:6306,2026-10-02T124116Z_flowcache_solution_ndtwin/driver-controller-flowcache.log:10452
1790944926.0	running	3a97eccbbfd64532	950585	0	0	1790944924.2825336		0	0	1:2>2:2=9,1:3>3:2=9,2:2>1:2=9,2:3>3:3=9,3:2>1:3=9,3:3>2:3=9	951398	2026-10-02T123948Z_p4runtime_skeleton_ndtwin/driver-controller-p4runtime.log:2893,2026-10-02T124023Z_p4runtime_solution_ndtwin/driver-controller-p4runtime.log:6306,2026-10-02T124116Z_flowcache_solution_ndtwin/driver-controller-flowcache.log:10452
1790944927.0	running	3a97eccbbfd64532	950585	0	0	1790944924.2825336		0	0	1:2>2:2=9,1:3>3:2=9,2:2>1:2=9,2:3>3:3=9,3:2>1:3=9,3:3>2:3=9	951398	2026-10-02T123948Z_p4runtime_skeleton_ndtwin/driver-controller-p4runtime.log:2893,2026-10-02T124023Z_p4runtime_solution_ndtwin/driver-controller-p4runtime.log:6306,2026-10-02T124116Z_flowcache_solution_ndtwin/driver-controller-flowcache.log:10452
1790944928.0	running	3a97eccbbfd64532	950585	0	0	1790944924.2825336		0	0	1:2>2:2=9,1:3>3:2=9,2:2>1:2=9,2:3>3:3=9,3:2>1:3=9,3:3>2:3=9	-	2026-10-02T123948Z_p4runtime_skeleton_ndtwin/driver-controller-p4runtime.log:2893,2026-10-02T124023Z_p4runtime_solution_ndtwin/driver-controller-p4runtime.log:6306,2026-10-02T124116Z_flowcache_solution_ndtwin/driver-controller-flowcache.log:10452
1790944929.0	running	3a97eccbbfd64532	950585	0	0	1790944928.780912		0	0	1:2>2:2=9,1:3>3:2=9,2:2>1:2=9,2:3>3:3=9,3:2>1:3=9,3:3>2:3=9	-	2026-10-02T123948Z_p4runtime_skeleton_ndtwin/driver-controller-p4runtime.log:2893,2026-10-02T124023Z_p4runtime_solution_ndtwin/driver-controller-p4runtime.log:6306,2026-10-02T124116Z_flowcache_solution_ndtwin/driver-controller-flowcache.log:10452
1790944930.0	stopped	3a97eccbbfd64532	950585	0	0	1790944929.3646944	stopped by SIGTERM	0	0	1:2>2:2=10,1:3>3:2=10,2:2>1:2=10,2:3>3:3=10,3:2>1:3=10,3:3>2:3=10	-	2026-10-02T123948Z_p4runtime_skeleton_ndtwin/driver-controller-p4runtime.log:2893,2026-10-02T124023Z_p4runtime_solution_ndtwin/driver-controller-p4runtime.log:6306,2026-10-02T124116Z_flowcache_solution_ndtwin/driver-controller-flowcache.log:10452
1790944931.0	stopped	3a97eccbbfd64532	950585	0	0	1790944929.3646944	stopped by SIGTERM	0	0	1:2>2:2=10,1:3>3:2=10,2:2>1:2=10,2:3>3:3=10,3:2>1:3=10,3:3>2:3=10	-	2026-10-02T123948Z_p4runtime_skeleton_ndtwin/driver-controller-p4runtime.log:2893,2026-10-02T124023Z_p4runtime_solution_ndtwin/driver-controller-p4runtime.log:6306,2026-10-02T124116Z_flowcache_solution_ndtwin/driver-controller-flowcache.log:10452
1790944932.1	stopped	3a97eccbbfd64532	950585	0	0	1790944929.3646944	stopped by SIGTERM	0	0	1:2>2:2=10,1:3>3:2=10,2:2>1:2=10,2:3>3:3=10,3:2>1:3=10,3:3>2:3=10	-	2026-10-02T123948Z_p4runtime_skeleton_ndtwin/driver-controller-p4runtime.log:2893,2026-10-02T124023Z_p4runtime_solution_ndtwin/driver-controller-p4runtime.log:6306,2026-10-02T124116Z_flowcache_solution_ndtwin/driver-controller-flowcache.log:10452
1790944933.1	stopped	3a97eccbbfd64532	950585	0	0	1790944929.3646944	stopped by SIGTERM	0	0	1:2>2:2=10,1:3>3:2=10,2:2>1:2=10,2:3>3:3=10,3:2>1:3=10,3:3>2:3=10	-	2026-10-02T123948Z_p4runtime_skeleton_ndtwin/driver-controller-p4runtime.log:2893,2026-10-02T124023Z_p4runtime_solution_ndtwin/driver-controller-p4runtime.log:6306,2026-10-02T124116Z_flowcache_solution_ndtwin/driver-controller-flowcache.log:10452
1790944934.1	stopped	3a97eccbbfd64532	950585	0	0	1790944929.3646944	stopped by SIGTERM	0	0	1:2>2:2=10,1:3>3:2=10,2:2>1:2=10,2:3>3:3=10,3:2>1:3=10,3:3>2:3=10	-	2026-10-02T123948Z_p4runtime_skeleton_ndtwin/driver-controller-p4runtime.log:2893,2026-10-02T124023Z_p4runtime_solution_ndtwin/driver-controller-p4runtime.log:6306,2026-10-02T124116Z_flowcache_solution_ndtwin/driver-controller-flowcache.log:10452
1790944935.1	stopped	3a97eccbbfd64532	950585	0	0	1790944929.3646944	stopped by SIGTERM	0	0	1:2>2:2=10,1:3>3:2=10,2:2>1:2=10,2:3>3:3=10,3:2>1:3=10,3:3>2:3=10	-	2026-10-02T123948Z_p4runtime_skeleton_ndtwin/driver-controller-p4runtime.log:2893,2026-10-02T124023Z_p4runtime_solution_ndtwin/driver-controller-p4runtime.log:6306,2026-10-02T124116Z_flowcache_solution_ndtwin/driver-controller-flowcache.log:10452
1790944936.1	stopped	3a97eccbbfd64532	950585	0	0	1790944929.3646944	stopped by SIGTERM	0	0	1:2>2:2=10,1:3>3:2=10,2:2>1:2=10,2:3>3:3=10,3:2>1:3=10,3:3>2:3=10	-	2026-10-02T123948Z_p4runtime_skeleton_ndtwin/driver-controller-p4runtime.log:2893,2026-10-02T124023Z_p4runtime_solution_ndtwin/driver-controller-p4runtime.log:6306,2026-10-02T124116Z_flowcache_solution_ndtwin/driver-controller-flowcache.log:10452
1790944937.1	stopped	3a97eccbbfd64532	950585	0	0	1790944929.3646944	stopped by SIGTERM	0	0	1:2>2:2=10,1:3>3:2=10,2:2>1:2=10,2:3>3:3=10,3:2>1:3=10,3:3>2:3=10	-	2026-10-02T123948Z_p4runtime_skeleton_ndtwin/driver-controller-p4runtime.log:2893,2026-10-02T124023Z_p4runtime_solution_ndtwin/driver-controller-p4runtime.log:6306,2026-10-02T124116Z_flowcache_solution_ndtwin/driver-controller-flowcache.log:10452
1790944938.1	stopped	3a97eccbbfd64532	950585	0	0	1790944929.3646944	stopped by SIGTERM	0	0	1:2>2:2=10,1:3>3:2=10,2:2>1:2=10,2:3>3:3=10,3:2>1:3=10,3:3>2:3=10	-	2026-10-02T123948Z_p4runtime_skeleton_ndtwin/driver-controller-p4runtime.log:2893,2026-10-02T124023Z_p4runtime_solution_ndtwin/driver-controller-p4runtime.log:6306,2026-10-02T124116Z_flowcache_solution_ndtwin/driver-controller-flowcache.log:10452
1790944939.1	stopped	3a97eccbbfd64532	950585	0	0	1790944929.3646944	stopped by SIGTERM	0	0	1:2>2:2=10,1:3>3:2=10,2:2>1:2=10,2:3>3:3=10,3:2>1:3=10,3:3>2:3=10	-	2026-10-02T123948Z_p4runtime_skeleton_ndtwin/driver-controller-p4runtime.log:2893,2026-10-02T124023Z_p4runtime_solution_ndtwin/driver-controller-p4runtime.log:6306,2026-10-02T124116Z_flowcache_solution_ndtwin/driver-controller-flowcache.log:10452
1790944940.1	stopped	3a97eccbbfd64532	950585	0	0	1790944929.3646944	stopped by SIGTERM	0	0	1:2>2:2=10,1:3>3:2=10,2:2>1:2=10,2:3>3:3=10,3:2>1:3=10,3:3>2:3=10	-	2026-10-02T123948Z_p4runtime_skeleton_ndtwin/driver-controller-p4runtime.log:2893,2026-10-02T124023Z_p4runtime_solution_ndtwin/driver-controller-p4runtime.log:6306,2026-10-02T124116Z_flowcache_solution_ndtwin/driver-controller-flowcache.log:10452
1790944941.1	stopped	3a97eccbbfd64532	950585	0	0	1790944929.3646944	stopped by SIGTERM	0	0	1:2>2:2=10,1:3>3:2=10,2:2>1:2=10,2:3>3:3=10,3:2>1:3=10,3:3>2:3=10	-	2026-10-02T123948Z_p4runtime_skeleton_ndtwin/driver-controller-p4runtime.log:2893,2026-10-02T124023Z_p4runtime_solution_ndtwin/driver-controller-p4runtime.log:6306,2026-10-02T124116Z_flowcache_solution_ndtwin/driver-controller-flowcache.log:10452
1790944942.1	stopped	3a97eccbbfd64532	950585	0	0	1790944929.3646944	stopped by SIGTERM	0	0	1:2>2:2=10,1:3>3:2=10,2:2>1:2=10,2:3>3:3=10,3:2>1:3=10,3:3>2:3=10	-	2026-10-02T123948Z_p4runtime_skeleton_ndtwin/driver-controller-p4runtime.log:2893,2026-10-02T124023Z_p4runtime_solution_ndtwin/driver-controller-p4runtime.log:6306,2026-10-02T124116Z_flowcache_solution_ndtwin/driver-controller-flowcache.log:10452
1790944943.1	stopped	3a97eccbbfd64532	950585	0	0	1790944929.3646944	stopped by SIGTERM	0	0	1:2>2:2=10,1:3>3:2=10,2:2>1:2=10,2:3>3:3=10,3:2>1:3=10,3:3>2:3=10	-	2026-10-02T123948Z_p4runtime_skeleton_ndtwin/driver-controller-p4runtime.log:2893,2026-10-02T124023Z_p4runtime_solution_ndtwin/driver-controller-p4runtime.log:6306,2026-10-02T124116Z_flowcache_solution_ndtwin/driver-controller-flowcache.log:10452
1790944944.1	stopped	3a97eccbbfd64532	950585	0	0	1790944929.3646944	stopped by SIGTERM	0	0	1:2>2:2=10,1:3>3:2=10,2:2>1:2=10,2:3>3:3=10,3:2>1:3=10,3:3>2:3=10	-	2026-10-02T123948Z_p4runtime_skeleton_ndtwin/driver-controller-p4runtime.log:2893,2026-10-02T124023Z_p4runtime_solution_ndtwin/driver-controller-p4runtime.log:6306,2026-10-02T124116Z_flowcache_solution_ndtwin/driver-controller-flowcache.log:10452
1790944945.1	stopped	3a97eccbbfd64532	950585	0	0	1790944929.3646944	stopped by SIGTERM	0	0	1:2>2:2=10,1:3>3:2=10,2:2>1:2=10,2:3>3:3=10,3:2>1:3=10,3:3>2:3=10	-	2026-10-02T123948Z_p4runtime_skeleton_ndtwin/driver-controller-p4runtime.log:2893,2026-10-02T124023Z_p4runtime_solution_ndtwin/driver-controller-p4runtime.log:6306,2026-10-02T124116Z_flowcache_solution_ndtwin/driver-controller-flowcache.log:10452
1790944946.1	stopped	3a97eccbbfd64532	950585	0	0	1790944929.3646944	stopped by SIGTERM	0	0	1:2>2:2=10,1:3>3:2=10,2:2>1:2=10,2:3>3:3=10,3:2>1:3=10,3:3>2:3=10	-	2026-10-02T123948Z_p4runtime_skeleton_ndtwin/driver-controller-p4runtime.log:2893,2026-10-02T124023Z_p4runtime_solution_ndtwin/driver-controller-p4runtime.log:6306,2026-10-02T124116Z_flowcache_solution_ndtwin/driver-controller-flowcache.log:10452
1790944947.1	stopped	3a97eccbbfd64532	950585	0	0	1790944929.3646944	stopped by SIGTERM	0	0	1:2>2:2=10,1:3>3:2=10,2:2>1:2=10,2:3>3:3=10,3:2>1:3=10,3:3>2:3=10	-	2026-10-02T123948Z_p4runtime_skeleton_ndtwin/driver-controller-p4runtime.log:2893,2026-10-02T124023Z_p4runtime_solution_ndtwin/driver-controller-p4runtime.log:6306,2026-10-02T124116Z_flowcache_solution_ndtwin/driver-controller-flowcache.log:10452
1790944948.1	stopped	3a97eccbbfd64532	950585	0	0	1790944929.3646944	stopped by SIGTERM	0	0	1:2>2:2=10,1:3>3:2=10,2:2>1:2=10,2:3>3:3=10,3:2>1:3=10,3:3>2:3=10	-	2026-10-02T123948Z_p4runtime_skeleton_ndtwin/driver-controller-p4runtime.log:2893,2026-10-02T124023Z_p4runtime_solution_ndtwin/driver-controller-p4runtime.log:6306,2026-10-02T124116Z_flowcache_solution_ndtwin/driver-controller-flowcache.log:10452
1790944949.2	stopped	3a97eccbbfd64532	950585	0	0	1790944929.3646944	stopped by SIGTERM	0	0	1:2>2:2=10,1:3>3:2=10,2:2>1:2=10,2:3>3:3=10,3:2>1:3=10,3:3>2:3=10	-	2026-10-02T123948Z_p4runtime_skeleton_ndtwin/driver-controller-p4runtime.log:2893,2026-10-02T124023Z_p4runtime_solution_ndtwin/driver-controller-p4runtime.log:6306,2026-10-02T124116Z_flowcache_solution_ndtwin/driver-controller-flowcache.log:10452
1790944950.2	stopped	3a97eccbbfd64532	950585	0	0	1790944929.3646944	stopped by SIGTERM	0	0	1:2>2:2=10,1:3>3:2=10,2:2>1:2=10,2:3>3:3=10,3:2>1:3=10,3:3>2:3=10	-	2026-10-02T123948Z_p4runtime_skeleton_ndtwin/driver-controller-p4runtime.log:2893,2026-10-02T124023Z_p4runtime_solution_ndtwin/driver-controller-p4runtime.log:6306,2026-10-02T124116Z_flowcache_solution_ndtwin/driver-controller-flowcache.log:10452
1790944951.2	stopped	3a97eccbbfd64532	950585	0	0	1790944929.3646944	stopped by SIGTERM	0	0	1:2>2:2=10,1:3>3:2=10,2:2>1:2=10,2:3>3:3=10,3:2>1:3=10,3:3>2:3=10	-	2026-10-02T123948Z_p4runtime_skeleton_ndtwin/driver-controller-p4runtime.log:2893,2026-10-02T124023Z_p4runtime_solution_ndtwin/driver-controller-p4runtime.log:6306,2026-10-02T124116Z_flowcache_solution_ndtwin/driver-controller-flowcache.log:10452
1790944952.2	stopped	3a97eccbbfd64532	950585	0	0	1790944929.3646944	stopped by SIGTERM	0	0	1:2>2:2=10,1:3>3:2=10,2:2>1:2=10,2:3>3:3=10,3:2>1:3=10,3:3>2:3=10	-	2026-10-02T123948Z_p4runtime_skeleton_ndtwin/driver-controller-p4runtime.log:2893,2026-10-02T124023Z_p4runtime_solution_ndtwin/driver-controller-p4runtime.log:6306,2026-10-02T124116Z_flowcache_solution_ndtwin/driver-controller-flowcache.log:10452
1790944953.2	stopped	3a97eccbbfd64532	950585	0	0	1790944929.3646944	stopped by SIGTERM	0	0	1:2>2:2=10,1:3>3:2=10,2:2>1:2=10,2:3>3:3=10,3:2>1:3=10,3:3>2:3=10	-	2026-10-02T123948Z_p4runtime_skeleton_ndtwin/driver-controller-p4runtime.log:2893,2026-10-02T124023Z_p4runtime_solution_ndtwin/driver-controller-p4runtime.log:6306,2026-10-02T124116Z_flowcache_solution_ndtwin/driver-controller-flowcache.log:10452
1790944954.2	stopped	3a97eccbbfd64532	950585	0	0	1790944929.3646944	stopped by SIGTERM	0	0	1:2>2:2=10,1:3>3:2=10,2:2>1:2=10,2:3>3:3=10,3:2>1:3=10,3:3>2:3=10	-	2026-10-02T123948Z_p4runtime_skeleton_ndtwin/driver-controller-p4runtime.log:2893,2026-10-02T124023Z_p4runtime_solution_ndtwin/driver-controller-p4runtime.log:6306,2026-10-02T124116Z_flowcache_solution_ndtwin/driver-controller-flowcache.log:10452
1790944955.2	stopped	3a97eccbbfd64532	950585	0	0	1790944929.3646944	stopped by SIGTERM	0	0	1:2>2:2=10,1:3>3:2=10,2:2>1:2=10,2:3>3:3=10,3:2>1:3=10,3:3>2:3=10	-	2026-10-02T123948Z_p4runtime_skeleton_ndtwin/driver-controller-p4runtime.log:2893,2026-10-02T124023Z_p4runtime_solution_ndtwin/driver-controller-p4runtime.log:6306,2026-10-02T124116Z_flowcache_solution_ndtwin/driver-controller-flowcache.log:10452
1790944956.2	stopped	3a97eccbbfd64532	950585	0	0	1790944929.3646944	stopped by SIGTERM	0	0	1:2>2:2=10,1:3>3:2=10,2:2>1:2=10,2:3>3:3=10,3:2>1:3=10,3:3>2:3=10	-	2026-10-02T123948Z_p4runtime_skeleton_ndtwin/driver-controller-p4runtime.log:2893,2026-10-02T124023Z_p4runtime_solution_ndtwin/driver-controller-p4runtime.log:6306,2026-10-02T124116Z_flowcache_solution_ndtwin/driver-controller-flowcache.log:10452
1790944957.2	stopped	3a97eccbbfd64532	950585	0	0	1790944929.3646944	stopped by SIGTERM	0	0	1:2>2:2=10,1:3>3:2=10,2:2>1:2=10,2:3>3:3=10,3:2>1:3=10,3:3>2:3=10	-	2026-10-02T123948Z_p4runtime_skeleton_ndtwin/driver-controller-p4runtime.log:2893,2026-10-02T124023Z_p4runtime_solution_ndtwin/driver-controller-p4runtime.log:6306,2026-10-02T124116Z_flowcache_solution_ndtwin/driver-controller-flowcache.log:10452
1790944958.2	stopped	3a97eccbbfd64532	950585	0	0	1790944929.3646944	stopped by SIGTERM	0	0	1:2>2:2=10,1:3>3:2=10,2:2>1:2=10,2:3>3:3=10,3:2>1:3=10,3:3>2:3=10	-	2026-10-02T123948Z_p4runtime_skeleton_ndtwin/driver-controller-p4runtime.log:2893,2026-10-02T124023Z_p4runtime_solution_ndtwin/driver-controller-p4runtime.log:6306,2026-10-02T124116Z_flowcache_solution_ndtwin/driver-controller-flowcache.log:10452
1790944959.2	stopped	3a97eccbbfd64532	950585	0	0	1790944929.3646944	stopped by SIGTERM	0	0	1:2>2:2=10,1:3>3:2=10,2:2>1:2=10,2:3>3:3=10,3:2>1:3=10,3:3>2:3=10	-	2026-10-02T123948Z_p4runtime_skeleton_ndtwin/driver-controller-p4runtime.log:2893,2026-10-02T124023Z_p4runtime_solution_ndtwin/driver-controller-p4runtime.log:6306,2026-10-02T124116Z_flowcache_solution_ndtwin/driver-controller-flowcache.log:10452
1790944960.2	stopped	3a97eccbbfd64532	950585	0	0	1790944929.3646944	stopped by SIGTERM	0	0	1:2>2:2=10,1:3>3:2=10,2:2>1:2=10,2:3>3:3=10,3:2>1:3=10,3:3>2:3=10	-	2026-10-02T123948Z_p4runtime_skeleton_ndtwin/driver-controller-p4runtime.log:2893,2026-10-02T124023Z_p4runtime_solution_ndtwin/driver-controller-p4runtime.log:6306,2026-10-02T124116Z_flowcache_solution_ndtwin/driver-controller-flowcache.log:10452
