ts	iface	rx_bytes	tx_bytes
1787823293.111570568	s10-eth1	22247	25124
1787823293.111570568	s10-eth2	24410	25249
1787823293.111570568	s10-eth3	24410	25026
1787823293.111570568	s10-eth4	24410	25124
1787823293.111570568	s1-eth1	3846012	9713881791
1787823293.111570568	s1-eth10	1702	5352
1787823293.111570568	s1-eth11	952745770	13523
1787823293.111570568	s1-eth12	1612	5352
1787823293.111570568	s1-eth13	1612	5352
1787823293.111570568	s1-eth14	1702	5352
1787823293.111570568	s1-eth15	675929829	11194
1787823293.111570568	s1-eth16	1612	5372
1787823293.111570568	s1-eth17	1702	5352
1787823293.111570568	s1-eth18	1702	5262
1787823293.111570568	s1-eth19	3590833743	13078
1787823293.111570568	s1-eth2	24480	24410
1787823293.111570568	s1-eth20	1612	5352
1787823293.111570568	s1-eth21	1702	5352
1787823293.111570568	s1-eth22	1702	5352
1787823293.111570568	s1-eth23	894805351	11678
1787823293.111570568	s1-eth24	1612	5352
1787823293.111570568	s1-eth25	1702	5352
1787823293.111570568	s1-eth26	1702	5262
1787823293.111570568	s1-eth27	952753832	13573
1787823293.111570568	s1-eth28	1702	5352
1787823293.111570568	s1-eth29	1612	5262
1787823293.111570568	s1-eth3	4021690460	3777298
1787823293.111570568	s1-eth30	1702	5262
1787823293.111570568	s1-eth31	894807041	12032
1787823293.111570568	s1-eth32	1702	5262
1787823293.111570568	s1-eth33	1702	5262
1787823293.111570568	s1-eth34	1702	5262
1787823293.111570568	s1-eth4	1898	5548
1787823293.111570568	s1-eth5	1702	5262
1787823293.111570568	s1-eth6	1702	5352
1787823293.111570568	s1-eth7	894813748	12148
1787823293.111570568	s1-eth8	1702	5262
1787823293.111570568	s1-eth9	1612	5262
1787823293.111570568	s2-eth1	4288183422	2737081719
1787823293.111570568	s2-eth10	1682	5352
1787823293.111570568	s2-eth11	952764563	13420
1787823293.111570568	s2-eth12	1612	5352
1787823293.111570568	s2-eth13	1612	5352
1787823293.111570568	s2-eth14	1702	5352
1787823293.111570568	s2-eth15	675944057	11187
1787823293.111570568	s2-eth16	1702	5352
1787823293.111570568	s2-eth17	1702	5352
1787823293.111570568	s2-eth18	1702	5352
1787823293.111570568	s2-eth19	9338	2074570948
1787823293.111570568	s2-eth2	24312	24410
1787823293.111570568	s2-eth20	1702	5352
1787823293.111570568	s2-eth21	1612	5262
1787823293.111570568	s2-eth22	1702	5352
1787823293.111570568	s2-eth23	8098	677448997
1787823293.111570568	s2-eth24	1612	5352
1787823293.111570568	s2-eth25	1702	5352
1787823293.111570568	s2-eth26	1612	5352
1787823293.111570568	s2-eth27	9833	735622654
1787823293.111570568	s2-eth28	1702	5352
1787823293.111570568	s2-eth29	1612	5352
1787823293.111570568	s2-eth3	236917083	13689
1787823293.111570568	s2-eth30	1612	5457
1787823293.111570568	s2-eth31	8382	677626768
1787823293.111570568	s2-eth32	1612	5262
1787823293.111570568	s2-eth33	1702	5352
1787823293.111570568	s2-eth34	1702	5262
1787823293.111570568	s2-eth4	1702	5352
1787823293.111570568	s2-eth5	1612	5352
1787823293.111570568	s2-eth6	1702	5262
1787823293.111570568	s2-eth7	894797239	12246
1787823293.111570568	s2-eth8	1702	5262
1787823293.111570568	s2-eth9	1612	5352
1787823293.111570568	s3-eth1	4369916807	2958642389
1787823293.111570568	s3-eth10	1682	5352
1787823293.111570568	s3-eth11	9623	713227385
1787823293.111570568	s3-eth12	1452	5262
1787823293.111570568	s3-eth13	1612	5352
1787823293.111570568	s3-eth14	1772	5262
1787823293.111570568	s3-eth15	7524	496890168
1787823293.111570568	s3-eth16	1612	5262
1787823293.111570568	s3-eth17	1612	5262
1787823293.111570568	s3-eth18	1452	5352
1787823293.111570568	s3-eth19	236916059	13243
1787823293.111570568	s3-eth2	24480	24410
1787823293.111570568	s3-eth20	1702	5242
1787823293.111570568	s3-eth21	1612	5242
1787823293.111570568	s3-eth22	1452	5262
1787823293.111570568	s3-eth23	894822123	11903
1787823293.111570568	s3-eth24	1452	5262
1787823293.111570568	s3-eth25	1702	5262
1787823293.111570568	s3-eth26	1452	5262
1787823293.111570568	s3-eth27	952763552	13032
1787823293.111570568	s3-eth28	1612	5352
1787823293.111570568	s3-eth29	1702	5282
1787823293.111570568	s3-eth3	3773362	2435404310
1787823293.111570568	s3-eth30	1612	5422
1787823293.111570568	s3-eth31	894822594	11877
1787823293.111570568	s3-eth32	1452	5262
1787823293.111570568	s3-eth33	1612	5242
1787823293.111570568	s3-eth34	1702	5352
1787823293.111570568	s3-eth4	1612	5332
1787823293.111570568	s3-eth5	1702	5352
1787823293.111570568	s3-eth6	1702	5352
1787823293.111570568	s3-eth7	8498	656882727
1787823293.111570568	s3-eth8	1702	5121
1787823293.111570568	s3-eth9	1702	5352
1787823293.111570568	s4-eth1	5464875459	82658
1787823293.111570568	s4-eth10	1702	5242
1787823293.111570568	s4-eth11	9770	869380307
1787823293.111570568	s4-eth12	1612	5262
1787823293.111570568	s4-eth13	1452	5242
1787823293.111570568	s4-eth14	1452	5262
1787823293.111570568	s4-eth15	7537	601576351
1787823293.111570568	s4-eth16	1522	5262
1787823293.111570568	s4-eth17	1612	5242
1787823293.111570568	s4-eth18	1452	5382
1787823293.111570568	s4-eth19	9613	232058747
1787823293.111570568	s4-eth2	24410	21974
1787823293.111570568	s4-eth20	1702	5262
1787823293.111570568	s4-eth21	1612	5262
1787823293.111570568	s4-eth22	1612	5242
1787823293.111570568	s4-eth23	8093	857701483
1787823293.111570568	s4-eth24	1612	5262
1787823293.111570568	s4-eth25	1612	5262
1787823293.111570568	s4-eth26	1452	5312
1787823293.111570568	s4-eth27	9222	913696055
1787823293.111570568	s4-eth28	1612	5352
1787823293.111570568	s4-eth29	1522	5262
1787823293.111570568	s4-eth3	9789	223547015
1787823293.111570568	s4-eth30	1452	5262
1787823293.111570568	s4-eth31	8294	856898395
1787823293.111570568	s4-eth32	1452	5262
1787823293.111570568	s4-eth33	1452	5312
1787823293.111570568	s4-eth34	1612	5242
1787823293.111570568	s4-eth4	1612	5312
1787823293.111570568	s4-eth5	1522	5242
1787823293.111570568	s4-eth6	1452	5352
1787823293.111570568	s4-eth7	8436	811966453
1787823293.111570568	s4-eth8	1452	5262
1787823293.111570568	s4-eth9	1452	5382
1787823293.111570568	s5-eth1	9713881791	3846012
1787823293.111570568	s5-eth2	2737081719	4288183422
1787823293.111570568	s5-eth3	3846283	7221319594
1787823293.111570568	s5-eth4	25124	22247
1787823293.111570568	s6-eth1	24410	24480
1787823293.111570568	s6-eth2	24410	24312
1787823293.111570568	s6-eth3	24410	22247
1787823293.111570568	s6-eth4	25249	24410
1787823293.111570568	s7-eth1	2958642389	4369916807
1787823293.111570568	s7-eth2	82658	5464875459
1787823293.111570568	s7-eth3	7083106307	3843777
1787823293.111570568	s7-eth4	25026	24410
1787823293.111570568	s8-eth1	24410	24480
1787823293.111570568	s8-eth2	21974	24410
1787823293.111570568	s8-eth3	24410	22177
1787823293.111570568	s8-eth4	25124	24410
1787823293.111570568	s9-eth1	7221319594	3846283
1787823293.111570568	s9-eth2	22247	24410
1787823293.111570568	s9-eth3	3843777	7083106307
1787823293.111570568	s9-eth4	22177	24410
1787823295.767135594	s10-eth1	22274	25152
1787823295.767135594	s10-eth2	24437	25277
1787823295.767135594	s10-eth3	24437	25054
1787823295.767135594	s10-eth4	24437	25152
1787823295.767135594	s1-eth1	3846039	9713881818
1787823295.767135594	s1-eth10	1702	5352
1787823295.767135594	s1-eth11	952745770	13523
1787823295.767135594	s1-eth12	1612	5352
1787823295.767135594	s1-eth13	1612	5352
1787823295.767135594	s1-eth14	1702	5352
1787823295.767135594	s1-eth15	675929829	11194
1787823295.767135594	s1-eth16	1612	5372
1787823295.767135594	s1-eth17	1772	5352
1787823295.767135594	s1-eth18	1702	5262
1787823295.767135594	s1-eth19	3590833743	13078
1787823295.767135594	s1-eth2	24507	24437
1787823295.767135594	s1-eth20	1612	5352
1787823295.767135594	s1-eth21	1702	5352
1787823295.767135594	s1-eth22	1702	5352
1787823295.767135594	s1-eth23	894805351	11678
1787823295.767135594	s1-eth24	1612	5352
1787823295.767135594	s1-eth25	1702	5352
1787823295.767135594	s1-eth26	1702	5262
1787823295.767135594	s1-eth27	952753832	13573
1787823295.767135594	s1-eth28	1702	5352
1787823295.767135594	s1-eth29	1612	5262
1787823295.767135594	s1-eth3	4021690460	3777298
1787823295.767135594	s1-eth30	1702	5262
1787823295.767135594	s1-eth31	894807041	12032
1787823295.767135594	s1-eth32	1702	5262
1787823295.767135594	s1-eth33	1702	5262
1787823295.767135594	s1-eth34	1702	5262
1787823295.767135594	s1-eth4	1898	5618
1787823295.767135594	s1-eth5	1702	5262
1787823295.767135594	s1-eth6	1702	5352
1787823295.767135594	s1-eth7	894813748	12148
1787823295.767135594	s1-eth8	1702	5262
1787823295.767135594	s1-eth9	1612	5262
1787823295.767135594	s2-eth1	4288183449	2737081746
1787823295.767135594	s2-eth10	1682	5352
1787823295.767135594	s2-eth11	952764563	13420
1787823295.767135594	s2-eth12	1612	5352
1787823295.767135594	s2-eth13	1612	5352
1787823295.767135594	s2-eth14	1702	5352
1787823295.767135594	s2-eth15	675944057	11187
1787823295.767135594	s2-eth16	1702	5352
1787823295.767135594	s2-eth17	1702	5352
1787823295.767135594	s2-eth18	1702	5352
1787823295.767135594	s2-eth19	9338	2074571018
1787823295.767135594	s2-eth2	24339	24437
1787823295.767135594	s2-eth20	1702	5352
1787823295.767135594	s2-eth21	1612	5262
1787823295.767135594	s2-eth22	1702	5352
1787823295.767135594	s2-eth23	8098	677448997
1787823295.767135594	s2-eth24	1612	5352
1787823295.767135594	s2-eth25	1702	5352
1787823295.767135594	s2-eth26	1612	5352
1787823295.767135594	s2-eth27	9833	735622654
1787823295.767135594	s2-eth28	1702	5352
1787823295.767135594	s2-eth29	1612	5352
1787823295.767135594	s2-eth3	236917083	13689
1787823295.767135594	s2-eth30	1612	5457
1787823295.767135594	s2-eth31	8382	677626768
1787823295.767135594	s2-eth32	1612	5262
1787823295.767135594	s2-eth33	1702	5352
1787823295.767135594	s2-eth34	1702	5262
1787823295.767135594	s2-eth4	1702	5352
1787823295.767135594	s2-eth5	1612	5352
1787823295.767135594	s2-eth6	1702	5262
1787823295.767135594	s2-eth7	894797239	12246
1787823295.767135594	s2-eth8	1702	5262
1787823295.767135594	s2-eth9	1612	5352
1787823295.767135594	s3-eth1	4369916834	2958642416
1787823295.767135594	s3-eth10	1682	5352
1787823295.767135594	s3-eth11	9623	713227385
1787823295.767135594	s3-eth12	1452	5262
1787823295.767135594	s3-eth13	1612	5352
1787823295.767135594	s3-eth14	1772	5262
1787823295.767135594	s3-eth15	7524	496890168
1787823295.767135594	s3-eth16	1612	5262
1787823295.767135594	s3-eth17	1612	5262
1787823295.767135594	s3-eth18	1452	5352
1787823295.767135594	s3-eth19	236916059	13243
1787823295.767135594	s3-eth2	24507	24437
1787823295.767135594	s3-eth20	1702	5242
1787823295.767135594	s3-eth21	1612	5242
1787823295.767135594	s3-eth22	1452	5262
1787823295.767135594	s3-eth23	894822123	11903
1787823295.767135594	s3-eth24	1452	5262
1787823295.767135594	s3-eth25	1702	5262
1787823295.767135594	s3-eth26	1452	5262
1787823295.767135594	s3-eth27	952763552	13032
1787823295.767135594	s3-eth28	1612	5352
1787823295.767135594	s3-eth29	1702	5282
1787823295.767135594	s3-eth3	3773362	2435404310
1787823295.767135594	s3-eth30	1612	5422
1787823295.767135594	s3-eth31	894822594	11877
1787823295.767135594	s3-eth32	1452	5262
1787823295.767135594	s3-eth33	1612	5242
1787823295.767135594	s3-eth34	1772	5352
1787823295.767135594	s3-eth4	1612	5332
1787823295.767135594	s3-eth5	1702	5352
1787823295.767135594	s3-eth6	1702	5352
1787823295.767135594	s3-eth7	8498	656882797
1787823295.767135594	s3-eth8	1702	5121
1787823295.767135594	s3-eth9	1702	5352
1787823295.767135594	s4-eth1	5464875486	82685
1787823295.767135594	s4-eth10	1702	5242
1787823295.767135594	s4-eth11	9770	869380307
1787823295.767135594	s4-eth12	1612	5262
1787823295.767135594	s4-eth13	1452	5242
1787823295.767135594	s4-eth14	1452	5262
1787823295.767135594	s4-eth15	7537	601576351
1787823295.767135594	s4-eth16	1522	5262
1787823295.767135594	s4-eth17	1612	5242
1787823295.767135594	s4-eth18	1452	5382
1787823295.767135594	s4-eth19	9613	232058747
1787823295.767135594	s4-eth2	24437	22001
1787823295.767135594	s4-eth20	1702	5262
1787823295.767135594	s4-eth21	1612	5262
1787823295.767135594	s4-eth22	1612	5242
1787823295.767135594	s4-eth23	8093	857701483
1787823295.767135594	s4-eth24	1612	5262
1787823295.767135594	s4-eth25	1612	5262
1787823295.767135594	s4-eth26	1452	5312
1787823295.767135594	s4-eth27	9222	913696055
1787823295.767135594	s4-eth28	1612	5352
1787823295.767135594	s4-eth29	1522	5262
1787823295.767135594	s4-eth3	9789	223547015
1787823295.767135594	s4-eth30	1452	5262
1787823295.767135594	s4-eth31	8294	856898395
1787823295.767135594	s4-eth32	1452	5262
1787823295.767135594	s4-eth33	1452	5312
1787823295.767135594	s4-eth34	1612	5242
1787823295.767135594	s4-eth4	1612	5312
1787823295.767135594	s4-eth5	1522	5242
1787823295.767135594	s4-eth6	1452	5352
1787823295.767135594	s4-eth7	8436	811966453
1787823295.767135594	s4-eth8	1452	5262
1787823295.767135594	s4-eth9	1452	5382
1787823295.767135594	s5-eth1	9713881818	3846039
1787823295.767135594	s5-eth2	2737081746	4288183449
1787823295.767135594	s5-eth3	3846310	7221319621
1787823295.767135594	s5-eth4	25152	22274
1787823295.767135594	s6-eth1	24437	24507
1787823295.767135594	s6-eth2	24437	24339
1787823295.767135594	s6-eth3	24437	22274
1787823295.767135594	s6-eth4	25277	24437
1787823295.767135594	s7-eth1	2958642416	4369916834
1787823295.767135594	s7-eth2	82685	5464875486
1787823295.767135594	s7-eth3	7083106334	3843804
1787823295.767135594	s7-eth4	25054	24437
1787823295.767135594	s8-eth1	24437	24507
1787823295.767135594	s8-eth2	22001	24437
1787823295.767135594	s8-eth3	24437	22204
1787823295.767135594	s8-eth4	25152	24437
1787823295.767135594	s9-eth1	7221319621	3846310
1787823295.767135594	s9-eth2	22274	24437
1787823295.767135594	s9-eth3	3843804	7083106334
1787823295.767135594	s9-eth4	22204	24437
1787823298.428223828	s10-eth1	22274	25152
1787823298.428223828	s10-eth2	24437	25277
1787823298.428223828	s10-eth3	24437	25054
1787823298.428223828	s10-eth4	24437	25152
1787823298.428223828	s1-eth1	3846039	9713881818
1787823298.428223828	s1-eth10	1702	5352
1787823298.428223828	s1-eth11	952745770	13523
1787823298.428223828	s1-eth12	1612	5352
1787823298.428223828	s1-eth13	1612	5352
1787823298.428223828	s1-eth14	1702	5352
1787823298.428223828	s1-eth15	675929829	11194
1787823298.428223828	s1-eth16	1612	5372
1787823298.428223828	s1-eth17	1772	5352
1787823298.428223828	s1-eth18	1702	5262
1787823298.428223828	s1-eth19	3590833743	13078
1787823298.428223828	s1-eth2	24507	24437
1787823298.428223828	s1-eth20	1612	5352
1787823298.428223828	s1-eth21	1702	5352
1787823298.428223828	s1-eth22	1702	5352
1787823298.428223828	s1-eth23	894805351	11678
1787823298.428223828	s1-eth24	1612	5352
1787823298.428223828	s1-eth25	1702	5352
1787823298.428223828	s1-eth26	1702	5262
1787823298.428223828	s1-eth27	952753832	13573
1787823298.428223828	s1-eth28	1702	5352
1787823298.428223828	s1-eth29	1612	5262
1787823298.428223828	s1-eth3	4021690460	3777298
1787823298.428223828	s1-eth30	1702	5262
1787823298.428223828	s1-eth31	894807041	12032
1787823298.428223828	s1-eth32	1702	5262
1787823298.428223828	s1-eth33	1702	5262
1787823298.428223828	s1-eth34	1702	5262
1787823298.428223828	s1-eth4	1898	5618
1787823298.428223828	s1-eth5	1702	5262
1787823298.428223828	s1-eth6	1702	5352
1787823298.428223828	s1-eth7	894813748	12148
1787823298.428223828	s1-eth8	1702	5262
1787823298.428223828	s1-eth9	1612	5262
1787823298.428223828	s2-eth1	4288183449	2737081746
1787823298.428223828	s2-eth10	1682	5352
1787823298.428223828	s2-eth11	952764563	13420
1787823298.428223828	s2-eth12	1612	5352
1787823298.428223828	s2-eth13	1612	5352
1787823298.428223828	s2-eth14	1702	5352
1787823298.428223828	s2-eth15	675944057	11187
1787823298.428223828	s2-eth16	1702	5352
1787823298.428223828	s2-eth17	1702	5352
1787823298.428223828	s2-eth18	1702	5352
1787823298.428223828	s2-eth19	9338	2074571018
1787823298.428223828	s2-eth2	24339	24437
1787823298.428223828	s2-eth20	1702	5352
1787823298.428223828	s2-eth21	1612	5262
1787823298.428223828	s2-eth22	1702	5352
1787823298.428223828	s2-eth23	8098	677448997
1787823298.428223828	s2-eth24	1612	5352
1787823298.428223828	s2-eth25	1702	5352
1787823298.428223828	s2-eth26	1612	5352
1787823298.428223828	s2-eth27	9833	735622654
1787823298.428223828	s2-eth28	1702	5352
1787823298.428223828	s2-eth29	1612	5352
1787823298.428223828	s2-eth3	236917083	13689
1787823298.428223828	s2-eth30	1612	5457
1787823298.428223828	s2-eth31	8382	677626768
1787823298.428223828	s2-eth32	1612	5262
1787823298.428223828	s2-eth33	1702	5352
1787823298.428223828	s2-eth34	1702	5262
1787823298.428223828	s2-eth4	1702	5352
1787823298.428223828	s2-eth5	1612	5352
1787823298.428223828	s2-eth6	1702	5262
1787823298.428223828	s2-eth7	894797239	12246
1787823298.428223828	s2-eth8	1702	5262
1787823298.428223828	s2-eth9	1612	5352
1787823298.428223828	s3-eth1	4369916834	2958642416
1787823298.428223828	s3-eth10	1682	5352
1787823298.428223828	s3-eth11	9623	713227385
1787823298.428223828	s3-eth12	1452	5262
1787823298.428223828	s3-eth13	1612	5352
1787823298.428223828	s3-eth14	1772	5262
1787823298.428223828	s3-eth15	7524	496890168
1787823298.428223828	s3-eth16	1612	5262
1787823298.428223828	s3-eth17	1612	5262
1787823298.428223828	s3-eth18	1452	5352
1787823298.428223828	s3-eth19	236916059	13243
1787823298.428223828	s3-eth2	24507	24437
1787823298.428223828	s3-eth20	1702	5242
1787823298.428223828	s3-eth21	1612	5242
1787823298.428223828	s3-eth22	1452	5262
1787823298.428223828	s3-eth23	894822123	11903
1787823298.428223828	s3-eth24	1452	5262
1787823298.428223828	s3-eth25	1702	5262
1787823298.428223828	s3-eth26	1452	5262
1787823298.428223828	s3-eth27	952763552	13032
1787823298.428223828	s3-eth28	1612	5352
1787823298.428223828	s3-eth29	1702	5282
1787823298.428223828	s3-eth3	3773362	2435404310
1787823298.428223828	s3-eth30	1612	5422
1787823298.428223828	s3-eth31	894822594	11877
1787823298.428223828	s3-eth32	1452	5262
1787823298.428223828	s3-eth33	1612	5242
1787823298.428223828	s3-eth34	1772	5352
1787823298.428223828	s3-eth4	1612	5332
1787823298.428223828	s3-eth5	1702	5352
1787823298.428223828	s3-eth6	1702	5352
1787823298.428223828	s3-eth7	8498	656882797
1787823298.428223828	s3-eth8	1702	5121
1787823298.428223828	s3-eth9	1702	5352
1787823298.428223828	s4-eth1	5464875486	82685
1787823298.428223828	s4-eth10	1702	5242
1787823298.428223828	s4-eth11	9770	869380307
1787823298.428223828	s4-eth12	1612	5262
1787823298.428223828	s4-eth13	1452	5242
1787823298.428223828	s4-eth14	1452	5262
1787823298.428223828	s4-eth15	7537	601576351
1787823298.428223828	s4-eth16	1522	5262
1787823298.428223828	s4-eth17	1612	5242
1787823298.428223828	s4-eth18	1452	5382
1787823298.428223828	s4-eth19	9613	232058747
1787823298.428223828	s4-eth2	24437	22001
1787823298.428223828	s4-eth20	1702	5262
1787823298.428223828	s4-eth21	1612	5262
1787823298.428223828	s4-eth22	1612	5242
1787823298.428223828	s4-eth23	8093	857701483
1787823298.428223828	s4-eth24	1612	5262
1787823298.428223828	s4-eth25	1612	5262
1787823298.428223828	s4-eth26	1452	5312
1787823298.428223828	s4-eth27	9222	913696055
1787823298.428223828	s4-eth28	1612	5352
1787823298.428223828	s4-eth29	1522	5262
1787823298.428223828	s4-eth3	9789	223547015
1787823298.428223828	s4-eth30	1452	5262
1787823298.428223828	s4-eth31	8294	856898395
1787823298.428223828	s4-eth32	1452	5262
1787823298.428223828	s4-eth33	1452	5312
1787823298.428223828	s4-eth34	1612	5242
1787823298.428223828	s4-eth4	1612	5312
1787823298.428223828	s4-eth5	1522	5242
1787823298.428223828	s4-eth6	1452	5352
1787823298.428223828	s4-eth7	8436	811966453
1787823298.428223828	s4-eth8	1452	5262
1787823298.428223828	s4-eth9	1452	5382
1787823298.428223828	s5-eth1	9713881818	3846039
1787823298.428223828	s5-eth2	2737081746	4288183449
1787823298.428223828	s5-eth3	3846310	7221319621
1787823298.428223828	s5-eth4	25152	22274
1787823298.428223828	s6-eth1	24437	24507
1787823298.428223828	s6-eth2	24437	24339
1787823298.428223828	s6-eth3	24437	22274
1787823298.428223828	s6-eth4	25277	24437
1787823298.428223828	s7-eth1	2958642416	4369916834
1787823298.428223828	s7-eth2	82685	5464875486
1787823298.428223828	s7-eth3	7083106334	3843804
1787823298.428223828	s7-eth4	25054	24437
1787823298.428223828	s8-eth1	24437	24507
1787823298.428223828	s8-eth2	22001	24437
1787823298.428223828	s8-eth3	24437	22204
1787823298.428223828	s8-eth4	25152	24437
1787823298.428223828	s9-eth1	7221319621	3846310
1787823298.428223828	s9-eth2	22274	24437
1787823298.428223828	s9-eth3	3843804	7083106334
1787823298.428223828	s9-eth4	22204	24437
1787823301.063020942	s10-eth1	22301	25180
1787823301.063020942	s10-eth2	24464	25305
1787823301.063020942	s10-eth3	24464	25082
1787823301.063020942	s10-eth4	24464	25180
1787823301.063020942	s1-eth1	3846066	9713881845
1787823301.063020942	s1-eth10	1702	5352
1787823301.063020942	s1-eth11	952745770	13523
1787823301.063020942	s1-eth12	1612	5352
1787823301.063020942	s1-eth13	1612	5352
1787823301.063020942	s1-eth14	1702	5352
1787823301.063020942	s1-eth15	675929829	11194
1787823301.063020942	s1-eth16	1612	5372
1787823301.063020942	s1-eth17	1772	5352
1787823301.063020942	s1-eth18	1702	5262
1787823301.063020942	s1-eth19	3590833743	13078
1787823301.063020942	s1-eth2	24534	24464
1787823301.063020942	s1-eth20	1612	5352
1787823301.063020942	s1-eth21	1702	5352
1787823301.063020942	s1-eth22	1702	5352
1787823301.063020942	s1-eth23	894805351	11678
1787823301.063020942	s1-eth24	1612	5352
1787823301.063020942	s1-eth25	1702	5352
1787823301.063020942	s1-eth26	1702	5262
1787823301.063020942	s1-eth27	952753832	13573
1787823301.063020942	s1-eth28	1702	5352
1787823301.063020942	s1-eth29	1612	5262
1787823301.063020942	s1-eth3	4021690460	3777298
1787823301.063020942	s1-eth30	1702	5262
1787823301.063020942	s1-eth31	894807041	12032
1787823301.063020942	s1-eth32	1702	5262
1787823301.063020942	s1-eth33	1702	5262
1787823301.063020942	s1-eth34	1702	5262
1787823301.063020942	s1-eth4	1898	5618
1787823301.063020942	s1-eth5	1702	5262
1787823301.063020942	s1-eth6	1702	5352
1787823301.063020942	s1-eth7	894813748	12148
1787823301.063020942	s1-eth8	1702	5262
1787823301.063020942	s1-eth9	1612	5262
1787823301.063020942	s2-eth1	4288183476	2737081773
1787823301.063020942	s2-eth10	1682	5352
1787823301.063020942	s2-eth11	952764563	13420
1787823301.063020942	s2-eth12	1612	5352
1787823301.063020942	s2-eth13	1612	5352
1787823301.063020942	s2-eth14	1702	5352
1787823301.063020942	s2-eth15	675944057	11187
1787823301.063020942	s2-eth16	1702	5352
1787823301.063020942	s2-eth17	1702	5352
1787823301.063020942	s2-eth18	1702	5352
1787823301.063020942	s2-eth19	9338	2074571018
1787823301.063020942	s2-eth2	24366	24464
1787823301.063020942	s2-eth20	1702	5352
1787823301.063020942	s2-eth21	1612	5262
1787823301.063020942	s2-eth22	1702	5352
1787823301.063020942	s2-eth23	8098	677448997
1787823301.063020942	s2-eth24	1612	5352
1787823301.063020942	s2-eth25	1702	5352
1787823301.063020942	s2-eth26	1612	5352
1787823301.063020942	s2-eth27	9833	735622654
1787823301.063020942	s2-eth28	1702	5352
1787823301.063020942	s2-eth29	1612	5352
1787823301.063020942	s2-eth3	236917083	13689
1787823301.063020942	s2-eth30	1612	5457
1787823301.063020942	s2-eth31	8382	677626768
1787823301.063020942	s2-eth32	1612	5262
1787823301.063020942	s2-eth33	1702	5352
1787823301.063020942	s2-eth34	1702	5262
1787823301.063020942	s2-eth4	1702	5352
1787823301.063020942	s2-eth5	1612	5352
1787823301.063020942	s2-eth6	1702	5262
1787823301.063020942	s2-eth7	894797239	12246
1787823301.063020942	s2-eth8	1702	5262
1787823301.063020942	s2-eth9	1612	5352
1787823301.063020942	s3-eth1	4369916861	2958642443
1787823301.063020942	s3-eth10	1682	5352
1787823301.063020942	s3-eth11	9623	713227385
1787823301.063020942	s3-eth12	1452	5262
1787823301.063020942	s3-eth13	1612	5352
1787823301.063020942	s3-eth14	1772	5262
1787823301.063020942	s3-eth15	7524	496890168
1787823301.063020942	s3-eth16	1612	5262
1787823301.063020942	s3-eth17	1612	5262
1787823301.063020942	s3-eth18	1452	5352
1787823301.063020942	s3-eth19	236916059	13243
1787823301.063020942	s3-eth2	24534	24464
1787823301.063020942	s3-eth20	1702	5242
1787823301.063020942	s3-eth21	1612	5242
1787823301.063020942	s3-eth22	1452	5262
1787823301.063020942	s3-eth23	894822123	11903
1787823301.063020942	s3-eth24	1452	5262
1787823301.063020942	s3-eth25	1702	5262
1787823301.063020942	s3-eth26	1452	5262
1787823301.063020942	s3-eth27	952763552	13032
1787823301.063020942	s3-eth28	1612	5352
1787823301.063020942	s3-eth29	1702	5282
1787823301.063020942	s3-eth3	3773362	2435404310
1787823301.063020942	s3-eth30	1612	5422
1787823301.063020942	s3-eth31	894822594	11877
1787823301.063020942	s3-eth32	1452	5262
1787823301.063020942	s3-eth33	1612	5242
1787823301.063020942	s3-eth34	1772	5352
1787823301.063020942	s3-eth4	1612	5332
1787823301.063020942	s3-eth5	1702	5352
1787823301.063020942	s3-eth6	1702	5352
1787823301.063020942	s3-eth7	8498	656882797
1787823301.063020942	s3-eth8	1702	5121
1787823301.063020942	s3-eth9	1702	5352
1787823301.063020942	s4-eth1	5464875513	82712
1787823301.063020942	s4-eth10	1702	5242
1787823301.063020942	s4-eth11	9770	869380307
1787823301.063020942	s4-eth12	1612	5262
1787823301.063020942	s4-eth13	1452	5242
1787823301.063020942	s4-eth14	1452	5262
1787823301.063020942	s4-eth15	7537	601576351
1787823301.063020942	s4-eth16	1522	5262
1787823301.063020942	s4-eth17	1612	5242
1787823301.063020942	s4-eth18	1452	5382
1787823301.063020942	s4-eth19	9613	232058747
1787823301.063020942	s4-eth2	24464	22028
1787823301.063020942	s4-eth20	1702	5262
1787823301.063020942	s4-eth21	1612	5262
1787823301.063020942	s4-eth22	1612	5242
1787823301.063020942	s4-eth23	8093	857701483
1787823301.063020942	s4-eth24	1612	5262
1787823301.063020942	s4-eth25	1612	5262
1787823301.063020942	s4-eth26	1452	5312
1787823301.063020942	s4-eth27	9222	913696055
1787823301.063020942	s4-eth28	1612	5352
1787823301.063020942	s4-eth29	1522	5262
1787823301.063020942	s4-eth3	9789	223547015
1787823301.063020942	s4-eth30	1452	5262
1787823301.063020942	s4-eth31	8294	856898395
1787823301.063020942	s4-eth32	1452	5262
1787823301.063020942	s4-eth33	1452	5312
1787823301.063020942	s4-eth34	1612	5242
1787823301.063020942	s4-eth4	1612	5312
1787823301.063020942	s4-eth5	1522	5242
1787823301.063020942	s4-eth6	1452	5352
1787823301.063020942	s4-eth7	8436	811966453
1787823301.063020942	s4-eth8	1452	5262
1787823301.063020942	s4-eth9	1452	5382
1787823301.063020942	s5-eth1	9713881845	3846066
1787823301.063020942	s5-eth2	2737081773	4288183476
1787823301.063020942	s5-eth3	3846337	7221319648
1787823301.063020942	s5-eth4	25180	22301
1787823301.063020942	s6-eth1	24464	24534
1787823301.063020942	s6-eth2	24464	24366
1787823301.063020942	s6-eth3	24464	22301
1787823301.063020942	s6-eth4	25305	24464
1787823301.063020942	s7-eth1	2958642443	4369916861
1787823301.063020942	s7-eth2	82712	5464875513
1787823301.063020942	s7-eth3	7083106361	3843831
1787823301.063020942	s7-eth4	25082	24464
1787823301.063020942	s8-eth1	24464	24534
1787823301.063020942	s8-eth2	22028	24464
1787823301.063020942	s8-eth3	24464	22231
1787823301.063020942	s8-eth4	25180	24464
1787823301.063020942	s9-eth1	7221319648	3846337
1787823301.063020942	s9-eth2	22301	24464
1787823301.063020942	s9-eth3	3843831	7083106361
1787823301.063020942	s9-eth4	22231	24464
1787823303.693330596	s10-eth1	22301	25180
1787823303.693330596	s10-eth2	24464	25305
1787823303.693330596	s10-eth3	24464	25082
1787823303.693330596	s10-eth4	24464	25180
1787823303.693330596	s1-eth1	3846066	9713881845
1787823303.693330596	s1-eth10	1702	5352
1787823303.693330596	s1-eth11	952745770	13523
1787823303.693330596	s1-eth12	1612	5352
1787823303.693330596	s1-eth13	1612	5352
1787823303.693330596	s1-eth14	1702	5352
1787823303.693330596	s1-eth15	675929829	11194
1787823303.693330596	s1-eth16	1612	5372
1787823303.693330596	s1-eth17	1772	5352
1787823303.693330596	s1-eth18	1702	5262
1787823303.693330596	s1-eth19	3590833743	13078
1787823303.693330596	s1-eth2	24534	24464
1787823303.693330596	s1-eth20	1612	5352
1787823303.693330596	s1-eth21	1702	5352
1787823303.693330596	s1-eth22	1702	5352
1787823303.693330596	s1-eth23	894805351	11678
1787823303.693330596	s1-eth24	1612	5352
1787823303.693330596	s1-eth25	1702	5352
1787823303.693330596	s1-eth26	1702	5262
1787823303.693330596	s1-eth27	952753832	13573
1787823303.693330596	s1-eth28	1702	5352
1787823303.693330596	s1-eth29	1612	5262
1787823303.693330596	s1-eth3	4021690460	3777298
1787823303.693330596	s1-eth30	1702	5262
1787823303.693330596	s1-eth31	894807041	12032
1787823303.693330596	s1-eth32	1702	5262
1787823303.693330596	s1-eth33	1702	5262
1787823303.693330596	s1-eth34	1702	5262
1787823303.693330596	s1-eth4	1898	5618
1787823303.693330596	s1-eth5	1702	5262
1787823303.693330596	s1-eth6	1702	5352
1787823303.693330596	s1-eth7	894813748	12148
1787823303.693330596	s1-eth8	1702	5262
1787823303.693330596	s1-eth9	1612	5262
1787823303.693330596	s2-eth1	4288183476	2737081773
1787823303.693330596	s2-eth10	1682	5352
1787823303.693330596	s2-eth11	952764563	13420
1787823303.693330596	s2-eth12	1612	5352
1787823303.693330596	s2-eth13	1612	5352
1787823303.693330596	s2-eth14	1702	5352
1787823303.693330596	s2-eth15	675944057	11187
1787823303.693330596	s2-eth16	1702	5352
1787823303.693330596	s2-eth17	1702	5352
1787823303.693330596	s2-eth18	1702	5352
1787823303.693330596	s2-eth19	9338	2074571018
1787823303.693330596	s2-eth2	24366	24464
1787823303.693330596	s2-eth20	1702	5352
1787823303.693330596	s2-eth21	1612	5262
1787823303.693330596	s2-eth22	1702	5352
1787823303.693330596	s2-eth23	8098	677448997
1787823303.693330596	s2-eth24	1612	5352
1787823303.693330596	s2-eth25	1702	5352
1787823303.693330596	s2-eth26	1612	5352
1787823303.693330596	s2-eth27	9833	735622654
1787823303.693330596	s2-eth28	1702	5352
1787823303.693330596	s2-eth29	1612	5352
1787823303.693330596	s2-eth3	236917083	13689
1787823303.693330596	s2-eth30	1612	5457
1787823303.693330596	s2-eth31	8382	677626768
1787823303.693330596	s2-eth32	1612	5262
1787823303.693330596	s2-eth33	1702	5352
1787823303.693330596	s2-eth34	1702	5262
1787823303.693330596	s2-eth4	1702	5352
1787823303.693330596	s2-eth5	1612	5352
1787823303.693330596	s2-eth6	1702	5262
1787823303.693330596	s2-eth7	894797239	12246
1787823303.693330596	s2-eth8	1702	5262
1787823303.693330596	s2-eth9	1612	5352
1787823303.693330596	s3-eth1	4369916861	2958642443
1787823303.693330596	s3-eth10	1682	5352
1787823303.693330596	s3-eth11	9623	713227385
1787823303.693330596	s3-eth12	1452	5262
1787823303.693330596	s3-eth13	1612	5352
1787823303.693330596	s3-eth14	1772	5262
1787823303.693330596	s3-eth15	7524	496890168
1787823303.693330596	s3-eth16	1612	5262
1787823303.693330596	s3-eth17	1612	5262
1787823303.693330596	s3-eth18	1452	5352
1787823303.693330596	s3-eth19	236916059	13243
1787823303.693330596	s3-eth2	24534	24464
1787823303.693330596	s3-eth20	1702	5242
1787823303.693330596	s3-eth21	1612	5242
1787823303.693330596	s3-eth22	1452	5262
1787823303.693330596	s3-eth23	894822123	11903
1787823303.693330596	s3-eth24	1452	5262
1787823303.693330596	s3-eth25	1702	5262
1787823303.693330596	s3-eth26	1452	5262
1787823303.693330596	s3-eth27	952763552	13032
1787823303.693330596	s3-eth28	1612	5352
1787823303.693330596	s3-eth29	1702	5282
1787823303.693330596	s3-eth3	3773362	2435404310
1787823303.693330596	s3-eth30	1612	5422
1787823303.693330596	s3-eth31	894822594	11877
1787823303.693330596	s3-eth32	1452	5262
1787823303.693330596	s3-eth33	1612	5242
1787823303.693330596	s3-eth34	1772	5352
1787823303.693330596	s3-eth4	1612	5332
1787823303.693330596	s3-eth5	1702	5352
1787823303.693330596	s3-eth6	1702	5352
1787823303.693330596	s3-eth7	8498	656882797
1787823303.693330596	s3-eth8	1702	5121
1787823303.693330596	s3-eth9	1702	5352
1787823303.693330596	s4-eth1	5464875513	82712
1787823303.693330596	s4-eth10	1702	5242
1787823303.693330596	s4-eth11	9770	869380307
1787823303.693330596	s4-eth12	1612	5262
1787823303.693330596	s4-eth13	1452	5242
1787823303.693330596	s4-eth14	1452	5262
1787823303.693330596	s4-eth15	7537	601576351
1787823303.693330596	s4-eth16	1522	5262
1787823303.693330596	s4-eth17	1612	5242
1787823303.693330596	s4-eth18	1452	5382
1787823303.693330596	s4-eth19	9613	232058747
1787823303.693330596	s4-eth2	24491	22055
1787823303.693330596	s4-eth20	1702	5262
1787823303.693330596	s4-eth21	1612	5262
1787823303.693330596	s4-eth22	1612	5242
1787823303.693330596	s4-eth23	8093	857701483
1787823303.693330596	s4-eth24	1612	5262
1787823303.693330596	s4-eth25	1612	5262
1787823303.693330596	s4-eth26	1452	5312
1787823303.693330596	s4-eth27	9222	913696055
1787823303.693330596	s4-eth28	1612	5352
1787823303.693330596	s4-eth29	1522	5262
1787823303.693330596	s4-eth3	9789	223547015
1787823303.693330596	s4-eth30	1452	5262
1787823303.693330596	s4-eth31	8294	856898395
1787823303.693330596	s4-eth32	1452	5262
1787823303.693330596	s4-eth33	1452	5312
1787823303.693330596	s4-eth34	1612	5242
1787823303.693330596	s4-eth4	1612	5312
1787823303.693330596	s4-eth5	1522	5242
1787823303.693330596	s4-eth6	1452	5352
1787823303.693330596	s4-eth7	8436	811966453
1787823303.693330596	s4-eth8	1452	5262
1787823303.693330596	s4-eth9	1452	5382
1787823303.693330596	s5-eth1	9713881872	3846093
1787823303.693330596	s5-eth2	2737081800	4288183503
1787823303.693330596	s5-eth3	3846364	7221319675
1787823303.693330596	s5-eth4	25208	22328
1787823303.693330596	s6-eth1	24491	24561
1787823303.693330596	s6-eth2	24491	24393
1787823303.693330596	s6-eth3	24491	22328
1787823303.693330596	s6-eth4	25333	24491
1787823303.693330596	s7-eth1	2958642470	4369916888
1787823303.693330596	s7-eth2	82739	5464875540
1787823303.693330596	s7-eth3	7083106388	3843858
1787823303.693330596	s7-eth4	25110	24491
1787823303.693330596	s8-eth1	24491	24561
1787823303.693330596	s8-eth2	22055	24491
1787823303.693330596	s8-eth3	24491	22258
1787823303.693330596	s8-eth4	25208	24491
1787823303.693330596	s9-eth1	7221319675	3846364
1787823303.693330596	s9-eth2	22328	24491
1787823303.693330596	s9-eth3	3843858	7083106388
1787823303.693330596	s9-eth4	22258	24491
1787823306.324282997	s10-eth1	22328	25208
1787823306.324282997	s10-eth2	24491	25333
1787823306.324282997	s10-eth3	24491	25110
1787823306.324282997	s10-eth4	24491	25208
1787823306.324282997	s1-eth1	3846093	9713881872
1787823306.324282997	s1-eth10	1702	5352
1787823306.324282997	s1-eth11	952745770	13523
1787823306.324282997	s1-eth12	1612	5352
1787823306.324282997	s1-eth13	1612	5352
1787823306.324282997	s1-eth14	1702	5352
1787823306.324282997	s1-eth15	675929829	11194
1787823306.324282997	s1-eth16	1612	5372
1787823306.324282997	s1-eth17	1772	5352
1787823306.324282997	s1-eth18	1702	5262
1787823306.324282997	s1-eth19	3590833743	13078
1787823306.324282997	s1-eth2	24561	24491
1787823306.324282997	s1-eth20	1612	5352
1787823306.324282997	s1-eth21	1702	5352
1787823306.324282997	s1-eth22	1702	5352
1787823306.324282997	s1-eth23	894805351	11678
1787823306.324282997	s1-eth24	1612	5352
1787823306.324282997	s1-eth25	1702	5352
1787823306.324282997	s1-eth26	1702	5262
1787823306.324282997	s1-eth27	952753832	13573
1787823306.324282997	s1-eth28	1702	5352
1787823306.324282997	s1-eth29	1612	5262
1787823306.324282997	s1-eth3	4021690460	3777298
1787823306.324282997	s1-eth30	1702	5262
1787823306.324282997	s1-eth31	894807041	12032
1787823306.324282997	s1-eth32	1702	5262
1787823306.324282997	s1-eth33	1702	5262
1787823306.324282997	s1-eth34	1702	5262
1787823306.324282997	s1-eth4	1898	5618
1787823306.324282997	s1-eth5	1702	5262
1787823306.324282997	s1-eth6	1702	5352
1787823306.324282997	s1-eth7	894813748	12148
1787823306.324282997	s1-eth8	1702	5262
1787823306.324282997	s1-eth9	1612	5262
1787823306.324282997	s2-eth1	4288183503	2737081800
1787823306.324282997	s2-eth10	1682	5352
1787823306.324282997	s2-eth11	952764563	13420
1787823306.324282997	s2-eth12	1612	5352
1787823306.324282997	s2-eth13	1612	5352
1787823306.324282997	s2-eth14	1702	5352
1787823306.324282997	s2-eth15	675944057	11187
1787823306.324282997	s2-eth16	1702	5352
1787823306.324282997	s2-eth17	1702	5352
1787823306.324282997	s2-eth18	1702	5352
1787823306.324282997	s2-eth19	9338	2074571018
1787823306.324282997	s2-eth2	24393	24491
1787823306.324282997	s2-eth20	1702	5352
1787823306.324282997	s2-eth21	1612	5262
1787823306.324282997	s2-eth22	1702	5352
1787823306.324282997	s2-eth23	8098	677448997
1787823306.324282997	s2-eth24	1612	5352
1787823306.324282997	s2-eth25	1702	5352
1787823306.324282997	s2-eth26	1612	5352
1787823306.324282997	s2-eth27	9833	735622654
1787823306.324282997	s2-eth28	1702	5352
1787823306.324282997	s2-eth29	1612	5352
1787823306.324282997	s2-eth3	236917083	13689
1787823306.324282997	s2-eth30	1612	5457
1787823306.324282997	s2-eth31	8382	677626768
1787823306.324282997	s2-eth32	1612	5262
1787823306.324282997	s2-eth33	1702	5352
1787823306.324282997	s2-eth34	1702	5262
1787823306.324282997	s2-eth4	1702	5352
1787823306.324282997	s2-eth5	1612	5352
1787823306.324282997	s2-eth6	1702	5262
1787823306.324282997	s2-eth7	894797239	12246
1787823306.324282997	s2-eth8	1702	5262
1787823306.324282997	s2-eth9	1612	5352
1787823306.324282997	s3-eth1	4369916888	2958642470
1787823306.324282997	s3-eth10	1682	5352
1787823306.324282997	s3-eth11	9623	713227385
1787823306.324282997	s3-eth12	1452	5262
1787823306.324282997	s3-eth13	1612	5352
1787823306.324282997	s3-eth14	1772	5262
1787823306.324282997	s3-eth15	7524	496890168
1787823306.324282997	s3-eth16	1612	5262
1787823306.324282997	s3-eth17	1612	5262
1787823306.324282997	s3-eth18	1452	5352
1787823306.324282997	s3-eth19	236916059	13243
1787823306.324282997	s3-eth2	24561	24491
1787823306.324282997	s3-eth20	1702	5242
1787823306.324282997	s3-eth21	1612	5242
1787823306.324282997	s3-eth22	1452	5262
1787823306.324282997	s3-eth23	894822123	11903
1787823306.324282997	s3-eth24	1452	5262
1787823306.324282997	s3-eth25	1702	5262
1787823306.324282997	s3-eth26	1452	5262
1787823306.324282997	s3-eth27	952763552	13032
1787823306.324282997	s3-eth28	1612	5352
1787823306.324282997	s3-eth29	1702	5282
1787823306.324282997	s3-eth3	3773362	2435404310
1787823306.324282997	s3-eth30	1612	5422
1787823306.324282997	s3-eth31	894822594	11877
1787823306.324282997	s3-eth32	1452	5262
1787823306.324282997	s3-eth33	1612	5242
1787823306.324282997	s3-eth34	1772	5352
1787823306.324282997	s3-eth4	1612	5332
1787823306.324282997	s3-eth5	1702	5352
1787823306.324282997	s3-eth6	1702	5352
1787823306.324282997	s3-eth7	8498	656882797
1787823306.324282997	s3-eth8	1702	5121
1787823306.324282997	s3-eth9	1702	5352
1787823306.324282997	s4-eth1	5464875540	82739
1787823306.324282997	s4-eth10	1702	5242
1787823306.324282997	s4-eth11	9770	869380307
1787823306.324282997	s4-eth12	1612	5262
1787823306.324282997	s4-eth13	1452	5242
1787823306.324282997	s4-eth14	1452	5262
1787823306.324282997	s4-eth15	7537	601576351
1787823306.324282997	s4-eth16	1522	5262
1787823306.324282997	s4-eth17	1612	5242
1787823306.324282997	s4-eth18	1452	5382
1787823306.324282997	s4-eth19	9613	232058747
1787823306.324282997	s4-eth2	24491	22055
1787823306.324282997	s4-eth20	1702	5262
1787823306.324282997	s4-eth21	1612	5262
1787823306.324282997	s4-eth22	1612	5242
1787823306.324282997	s4-eth23	8093	857701483
1787823306.324282997	s4-eth24	1612	5262
1787823306.324282997	s4-eth25	1612	5262
1787823306.324282997	s4-eth26	1452	5312
1787823306.324282997	s4-eth27	9222	913696055
1787823306.324282997	s4-eth28	1612	5352
1787823306.324282997	s4-eth29	1522	5262
1787823306.324282997	s4-eth3	9789	223547015
1787823306.324282997	s4-eth30	1452	5262
1787823306.324282997	s4-eth31	8294	856898395
1787823306.324282997	s4-eth32	1452	5262
1787823306.324282997	s4-eth33	1452	5312
1787823306.324282997	s4-eth34	1612	5242
1787823306.324282997	s4-eth4	1612	5312
1787823306.324282997	s4-eth5	1522	5242
1787823306.324282997	s4-eth6	1452	5352
1787823306.324282997	s4-eth7	8436	811966453
1787823306.324282997	s4-eth8	1452	5262
1787823306.324282997	s4-eth9	1452	5382
1787823306.324282997	s5-eth1	9713881872	3846093
1787823306.324282997	s5-eth2	2737081800	4288183503
1787823306.324282997	s5-eth3	3846364	7221319675
1787823306.324282997	s5-eth4	25208	22328
1787823306.324282997	s6-eth1	24491	24561
1787823306.324282997	s6-eth2	24491	24393
1787823306.324282997	s6-eth3	24491	22328
1787823306.324282997	s6-eth4	25333	24491
1787823306.324282997	s7-eth1	2958642470	4369916888
1787823306.324282997	s7-eth2	82739	5464875540
1787823306.324282997	s7-eth3	7083106388	3843858
1787823306.324282997	s7-eth4	25110	24491
1787823306.324282997	s8-eth1	24491	24561
1787823306.324282997	s8-eth2	22055	24491
1787823306.324282997	s8-eth3	24491	22258
1787823306.324282997	s8-eth4	25208	24491
1787823306.324282997	s9-eth1	7221319675	3846364
1787823306.324282997	s9-eth2	22328	24491
1787823306.324282997	s9-eth3	3843858	7083106388
1787823306.324282997	s9-eth4	22258	24491
1787823308.962111356	s10-eth1	22328	25208
1787823308.962111356	s10-eth2	24491	25333
1787823308.962111356	s10-eth3	24491	25110
1787823308.962111356	s10-eth4	24491	25208
1787823308.962111356	s1-eth1	3846093	9713881872
1787823308.962111356	s1-eth10	1702	5352
1787823308.962111356	s1-eth11	952745770	13523
1787823308.962111356	s1-eth12	1612	5352
1787823308.962111356	s1-eth13	1612	5352
1787823308.962111356	s1-eth14	1702	5352
1787823308.962111356	s1-eth15	675929829	11194
1787823308.962111356	s1-eth16	1612	5372
1787823308.962111356	s1-eth17	1772	5352
1787823308.962111356	s1-eth18	1702	5262
1787823308.962111356	s1-eth19	3590833743	13078
1787823308.962111356	s1-eth2	24561	24491
1787823308.962111356	s1-eth20	1612	5352
1787823308.962111356	s1-eth21	1702	5352
1787823308.962111356	s1-eth22	1702	5352
1787823308.962111356	s1-eth23	894805351	11678
1787823308.962111356	s1-eth24	1612	5352
1787823308.962111356	s1-eth25	1702	5352
1787823308.962111356	s1-eth26	1702	5262
1787823308.962111356	s1-eth27	952753832	13573
1787823308.962111356	s1-eth28	1702	5352
1787823308.962111356	s1-eth29	1612	5262
1787823308.962111356	s1-eth3	4021690460	3777298
1787823308.962111356	s1-eth30	1702	5262
1787823308.962111356	s1-eth31	894807041	12032
1787823308.962111356	s1-eth32	1702	5262
1787823308.962111356	s1-eth33	1702	5262
1787823308.962111356	s1-eth34	1702	5262
1787823308.962111356	s1-eth4	1898	5618
1787823308.962111356	s1-eth5	1702	5262
1787823308.962111356	s1-eth6	1702	5352
1787823308.962111356	s1-eth7	894813748	12148
1787823308.962111356	s1-eth8	1702	5262
1787823308.962111356	s1-eth9	1612	5262
1787823308.962111356	s2-eth1	4288183503	2737081800
1787823308.962111356	s2-eth10	1682	5352
1787823308.962111356	s2-eth11	952764563	13420
1787823308.962111356	s2-eth12	1612	5352
1787823308.962111356	s2-eth13	1612	5352
1787823308.962111356	s2-eth14	1702	5352
1787823308.962111356	s2-eth15	675944057	11187
1787823308.962111356	s2-eth16	1702	5352
1787823308.962111356	s2-eth17	1702	5352
1787823308.962111356	s2-eth18	1702	5352
1787823308.962111356	s2-eth19	9338	2074571018
1787823308.962111356	s2-eth2	24420	24518
1787823308.962111356	s2-eth20	1702	5352
1787823308.962111356	s2-eth21	1612	5262
1787823308.962111356	s2-eth22	1702	5352
1787823308.962111356	s2-eth23	8098	677448997
1787823308.962111356	s2-eth24	1612	5352
1787823308.962111356	s2-eth25	1702	5352
1787823308.962111356	s2-eth26	1612	5352
1787823308.962111356	s2-eth27	9833	735622654
1787823308.962111356	s2-eth28	1702	5352
1787823308.962111356	s2-eth29	1612	5352
1787823308.962111356	s2-eth3	236917083	13689
1787823308.962111356	s2-eth30	1612	5457
1787823308.962111356	s2-eth31	8382	677626768
1787823308.962111356	s2-eth32	1612	5262
1787823308.962111356	s2-eth33	1702	5352
1787823308.962111356	s2-eth34	1702	5262
1787823308.962111356	s2-eth4	1702	5352
1787823308.962111356	s2-eth5	1612	5352
1787823308.962111356	s2-eth6	1702	5262
1787823308.962111356	s2-eth7	894797239	12246
1787823308.962111356	s2-eth8	1702	5262
1787823308.962111356	s2-eth9	1612	5352
1787823308.962111356	s3-eth1	4369916915	2958642497
1787823308.962111356	s3-eth10	1682	5352
1787823308.962111356	s3-eth11	9623	713227385
1787823308.962111356	s3-eth12	1452	5262
1787823308.962111356	s3-eth13	1612	5352
1787823308.962111356	s3-eth14	1772	5262
1787823308.962111356	s3-eth15	7524	496890168
1787823308.962111356	s3-eth16	1612	5262
1787823308.962111356	s3-eth17	1612	5262
1787823308.962111356	s3-eth18	1452	5352
1787823308.962111356	s3-eth19	236916059	13243
1787823308.962111356	s3-eth2	24588	24518
1787823308.962111356	s3-eth20	1702	5242
1787823308.962111356	s3-eth21	1612	5242
1787823308.962111356	s3-eth22	1452	5262
1787823308.962111356	s3-eth23	894822123	11903
1787823308.962111356	s3-eth24	1452	5262
1787823308.962111356	s3-eth25	1702	5262
1787823308.962111356	s3-eth26	1452	5262
1787823308.962111356	s3-eth27	952763552	13032
1787823308.962111356	s3-eth28	1612	5352
1787823308.962111356	s3-eth29	1702	5282
1787823308.962111356	s3-eth3	3773362	2435404310
1787823308.962111356	s3-eth30	1612	5422
1787823308.962111356	s3-eth31	894822594	11877
1787823308.962111356	s3-eth32	1452	5262
1787823308.962111356	s3-eth33	1612	5242
1787823308.962111356	s3-eth34	1772	5352
1787823308.962111356	s3-eth4	1612	5332
1787823308.962111356	s3-eth5	1702	5352
1787823308.962111356	s3-eth6	1702	5352
1787823308.962111356	s3-eth7	8498	656882797
1787823308.962111356	s3-eth8	1702	5121
1787823308.962111356	s3-eth9	1702	5352
1787823308.962111356	s4-eth1	5464875567	82766
1787823308.962111356	s4-eth10	1702	5242
1787823308.962111356	s4-eth11	9770	869380307
1787823308.962111356	s4-eth12	1612	5262
1787823308.962111356	s4-eth13	1452	5242
1787823308.962111356	s4-eth14	1452	5262
1787823308.962111356	s4-eth15	7537	601576351
1787823308.962111356	s4-eth16	1522	5262
1787823308.962111356	s4-eth17	1612	5242
1787823308.962111356	s4-eth18	1452	5382
1787823308.962111356	s4-eth19	9613	232058747
1787823308.962111356	s4-eth2	24518	22082
1787823308.962111356	s4-eth20	1702	5262
1787823308.962111356	s4-eth21	1612	5262
1787823308.962111356	s4-eth22	1612	5242
1787823308.962111356	s4-eth23	8093	857701483
1787823308.962111356	s4-eth24	1612	5262
1787823308.962111356	s4-eth25	1612	5262
1787823308.962111356	s4-eth26	1452	5312
1787823308.962111356	s4-eth27	9222	913696055
1787823308.962111356	s4-eth28	1612	5352
1787823308.962111356	s4-eth29	1522	5262
1787823308.962111356	s4-eth3	9789	223547015
1787823308.962111356	s4-eth30	1452	5262
1787823308.962111356	s4-eth31	8294	856898395
1787823308.962111356	s4-eth32	1452	5262
1787823308.962111356	s4-eth33	1452	5312
1787823308.962111356	s4-eth34	1612	5242
1787823308.962111356	s4-eth4	1612	5312
1787823308.962111356	s4-eth5	1522	5242
1787823308.962111356	s4-eth6	1452	5352
1787823308.962111356	s4-eth7	8436	811966453
1787823308.962111356	s4-eth8	1452	5262
1787823308.962111356	s4-eth9	1452	5382
1787823308.962111356	s5-eth1	9713881899	3846120
1787823308.962111356	s5-eth2	2737081827	4288183530
1787823308.962111356	s5-eth3	3846391	7221319702
1787823308.962111356	s5-eth4	25236	22355
1787823308.962111356	s6-eth1	24518	24588
1787823308.962111356	s6-eth2	24518	24420
1787823308.962111356	s6-eth3	24518	22355
1787823308.962111356	s6-eth4	25361	24518
1787823308.962111356	s7-eth1	2958642497	4369916915
1787823308.962111356	s7-eth2	82766	5464875567
1787823308.962111356	s7-eth3	7083106415	3843885
1787823308.962111356	s7-eth4	25138	24518
1787823308.962111356	s8-eth1	24518	24588
1787823308.962111356	s8-eth2	22082	24518
1787823308.962111356	s8-eth3	24518	22285
1787823308.962111356	s8-eth4	25236	24518
1787823308.962111356	s9-eth1	7221319702	3846391
1787823308.962111356	s9-eth2	22355	24518
1787823308.962111356	s9-eth3	3843885	7083106415
1787823308.962111356	s9-eth4	22285	24518
1787823311.610992624	s10-eth1	22355	25236
1787823311.610992624	s10-eth2	24518	25361
1787823311.610992624	s10-eth3	24518	25138
1787823311.610992624	s10-eth4	24518	25236
1787823311.610992624	s1-eth1	3846120	9713881899
1787823311.610992624	s1-eth10	1702	5352
1787823311.610992624	s1-eth11	952745770	13523
1787823311.610992624	s1-eth12	1612	5352
1787823311.610992624	s1-eth13	1612	5352
1787823311.610992624	s1-eth14	1702	5352
1787823311.610992624	s1-eth15	675929829	11194
1787823311.610992624	s1-eth16	1612	5372
1787823311.610992624	s1-eth17	1772	5352
1787823311.610992624	s1-eth18	1702	5262
1787823311.610992624	s1-eth19	3590833743	13078
1787823311.610992624	s1-eth2	24588	24518
1787823311.610992624	s1-eth20	1612	5352
1787823311.610992624	s1-eth21	1702	5352
1787823311.610992624	s1-eth22	1702	5352
1787823311.610992624	s1-eth23	894805351	11678
1787823311.610992624	s1-eth24	1612	5352
1787823311.610992624	s1-eth25	1702	5352
1787823311.610992624	s1-eth26	1702	5262
1787823311.610992624	s1-eth27	952753832	13573
1787823311.610992624	s1-eth28	1702	5352
1787823311.610992624	s1-eth29	1612	5262
1787823311.610992624	s1-eth3	4021690460	3777298
1787823311.610992624	s1-eth30	1702	5262
1787823311.610992624	s1-eth31	894807041	12032
1787823311.610992624	s1-eth32	1702	5262
1787823311.610992624	s1-eth33	1702	5262
1787823311.610992624	s1-eth34	1702	5262
1787823311.610992624	s1-eth4	1898	5618
1787823311.610992624	s1-eth5	1702	5262
1787823311.610992624	s1-eth6	1702	5352
1787823311.610992624	s1-eth7	894813748	12148
1787823311.610992624	s1-eth8	1702	5262
1787823311.610992624	s1-eth9	1612	5262
1787823311.610992624	s2-eth1	4288183530	2737081827
1787823311.610992624	s2-eth10	1682	5352
1787823311.610992624	s2-eth11	952764563	13420
1787823311.610992624	s2-eth12	1612	5352
1787823311.610992624	s2-eth13	1612	5352
1787823311.610992624	s2-eth14	1702	5352
1787823311.610992624	s2-eth15	675944057	11187
1787823311.610992624	s2-eth16	1702	5352
1787823311.610992624	s2-eth17	1702	5352
1787823311.610992624	s2-eth18	1702	5352
1787823311.610992624	s2-eth19	9338	2074571018
1787823311.610992624	s2-eth2	24420	24518
1787823311.610992624	s2-eth20	1702	5352
1787823311.610992624	s2-eth21	1612	5262
1787823311.610992624	s2-eth22	1702	5352
1787823311.610992624	s2-eth23	8098	677448997
1787823311.610992624	s2-eth24	1612	5352
1787823311.610992624	s2-eth25	1702	5352
1787823311.610992624	s2-eth26	1612	5352
1787823311.610992624	s2-eth27	9833	735622654
1787823311.610992624	s2-eth28	1702	5352
1787823311.610992624	s2-eth29	1612	5352
1787823311.610992624	s2-eth3	236917083	13689
1787823311.610992624	s2-eth30	1612	5457
1787823311.610992624	s2-eth31	8382	677626768
1787823311.610992624	s2-eth32	1612	5262
1787823311.610992624	s2-eth33	1702	5352
1787823311.610992624	s2-eth34	1702	5262
1787823311.610992624	s2-eth4	1702	5352
1787823311.610992624	s2-eth5	1612	5352
1787823311.610992624	s2-eth6	1702	5262
1787823311.610992624	s2-eth7	894797239	12246
1787823311.610992624	s2-eth8	1702	5262
1787823311.610992624	s2-eth9	1612	5352
1787823311.610992624	s3-eth1	4369916915	2958642497
1787823311.610992624	s3-eth10	1682	5352
1787823311.610992624	s3-eth11	9623	713227385
1787823311.610992624	s3-eth12	1452	5262
1787823311.610992624	s3-eth13	1612	5352
1787823311.610992624	s3-eth14	1772	5262
1787823311.610992624	s3-eth15	7524	496890168
1787823311.610992624	s3-eth16	1612	5262
1787823311.610992624	s3-eth17	1612	5262
1787823311.610992624	s3-eth18	1452	5352
1787823311.610992624	s3-eth19	236916059	13243
1787823311.610992624	s3-eth2	24588	24518
1787823311.610992624	s3-eth20	1702	5242
1787823311.610992624	s3-eth21	1612	5242
1787823311.610992624	s3-eth22	1452	5262
1787823311.610992624	s3-eth23	894822123	11903
1787823311.610992624	s3-eth24	1452	5262
1787823311.610992624	s3-eth25	1702	5262
1787823311.610992624	s3-eth26	1452	5262
1787823311.610992624	s3-eth27	952763552	13032
1787823311.610992624	s3-eth28	1612	5352
1787823311.610992624	s3-eth29	1702	5282
1787823311.610992624	s3-eth3	3773362	2435404310
1787823311.610992624	s3-eth30	1612	5422
1787823311.610992624	s3-eth31	894822594	11877
1787823311.610992624	s3-eth32	1452	5262
1787823311.610992624	s3-eth33	1612	5242
1787823311.610992624	s3-eth34	1772	5352
1787823311.610992624	s3-eth4	1612	5332
1787823311.610992624	s3-eth5	1702	5352
1787823311.610992624	s3-eth6	1702	5352
1787823311.610992624	s3-eth7	8498	656882797
1787823311.610992624	s3-eth8	1702	5121
1787823311.610992624	s3-eth9	1702	5352
1787823311.610992624	s4-eth1	5464875567	82766
1787823311.610992624	s4-eth10	1702	5242
1787823311.610992624	s4-eth11	9770	869380307
1787823311.610992624	s4-eth12	1612	5262
1787823311.610992624	s4-eth13	1452	5242
1787823311.610992624	s4-eth14	1452	5262
1787823311.610992624	s4-eth15	7537	601576351
1787823311.610992624	s4-eth16	1522	5262
1787823311.610992624	s4-eth17	1612	5242
1787823311.610992624	s4-eth18	1452	5382
1787823311.610992624	s4-eth19	9613	232058747
1787823311.610992624	s4-eth2	24518	22082
1787823311.610992624	s4-eth20	1702	5262
1787823311.610992624	s4-eth21	1612	5262
1787823311.610992624	s4-eth22	1612	5242
1787823311.610992624	s4-eth23	8093	857701483
1787823311.610992624	s4-eth24	1612	5262
1787823311.610992624	s4-eth25	1612	5262
1787823311.610992624	s4-eth26	1452	5312
1787823311.610992624	s4-eth27	9222	913696055
1787823311.610992624	s4-eth28	1612	5352
1787823311.610992624	s4-eth29	1522	5262
1787823311.610992624	s4-eth3	9789	223547015
1787823311.610992624	s4-eth30	1452	5262
1787823311.610992624	s4-eth31	8294	856898395
1787823311.610992624	s4-eth32	1452	5262
1787823311.610992624	s4-eth33	1452	5312
1787823311.610992624	s4-eth34	1612	5242
1787823311.610992624	s4-eth4	1612	5312
1787823311.610992624	s4-eth5	1522	5242
1787823311.610992624	s4-eth6	1452	5352
1787823311.610992624	s4-eth7	8436	811966453
1787823311.610992624	s4-eth8	1452	5262
1787823311.610992624	s4-eth9	1452	5382
1787823311.610992624	s5-eth1	9713881899	3846120
1787823311.610992624	s5-eth2	2737081827	4288183530
1787823311.610992624	s5-eth3	3846391	7221319702
1787823311.610992624	s5-eth4	25236	22355
1787823311.610992624	s6-eth1	24518	24588
1787823311.610992624	s6-eth2	24518	24420
1787823311.610992624	s6-eth3	24518	22355
1787823311.610992624	s6-eth4	25361	24518
1787823311.610992624	s7-eth1	2958642497	4369916915
1787823311.610992624	s7-eth2	82766	5464875567
1787823311.610992624	s7-eth3	7083106415	3843885
1787823311.610992624	s7-eth4	25138	24518
1787823311.610992624	s8-eth1	24518	24588
1787823311.610992624	s8-eth2	22082	24518
1787823311.610992624	s8-eth3	24518	22285
1787823311.610992624	s8-eth4	25236	24518
1787823311.610992624	s9-eth1	7221319702	3846391
1787823311.610992624	s9-eth2	22355	24518
1787823311.610992624	s9-eth3	3843885	7083106415
1787823311.610992624	s9-eth4	22285	24518
1787823314.252110102	s10-eth1	22382	25264
1787823314.252110102	s10-eth2	24545	25389
1787823314.252110102	s10-eth3	24545	25166
1787823314.252110102	s10-eth4	24545	25264
1787823314.252110102	s1-eth1	3846147	9713881926
1787823314.252110102	s1-eth10	1702	5352
1787823314.252110102	s1-eth11	952745770	13523
1787823314.252110102	s1-eth12	1612	5352
1787823314.252110102	s1-eth13	1612	5352
1787823314.252110102	s1-eth14	1702	5352
1787823314.252110102	s1-eth15	675929829	11194
1787823314.252110102	s1-eth16	1612	5372
1787823314.252110102	s1-eth17	1772	5352
1787823314.252110102	s1-eth18	1702	5262
1787823314.252110102	s1-eth19	3590833743	13078
1787823314.252110102	s1-eth2	24615	24545
1787823314.252110102	s1-eth20	1612	5352
1787823314.252110102	s1-eth21	1702	5352
1787823314.252110102	s1-eth22	1702	5352
1787823314.252110102	s1-eth23	894805351	11678
1787823314.252110102	s1-eth24	1612	5352
1787823314.252110102	s1-eth25	1702	5352
1787823314.252110102	s1-eth26	1702	5262
1787823314.252110102	s1-eth27	952753832	13573
1787823314.252110102	s1-eth28	1702	5352
1787823314.252110102	s1-eth29	1612	5262
1787823314.252110102	s1-eth3	4021690460	3777298
1787823314.252110102	s1-eth30	1702	5262
1787823314.252110102	s1-eth31	894807041	12032
1787823314.252110102	s1-eth32	1702	5262
1787823314.252110102	s1-eth33	1702	5262
1787823314.252110102	s1-eth34	1702	5262
1787823314.252110102	s1-eth4	1898	5618
1787823314.252110102	s1-eth5	1702	5262
1787823314.252110102	s1-eth6	1702	5352
1787823314.252110102	s1-eth7	894813748	12148
1787823314.252110102	s1-eth8	1702	5262
1787823314.252110102	s1-eth9	1612	5262
1787823314.252110102	s2-eth1	4288183557	2737081854
1787823314.252110102	s2-eth10	1682	5352
1787823314.252110102	s2-eth11	952764563	13420
1787823314.252110102	s2-eth12	1612	5352
1787823314.252110102	s2-eth13	1612	5352
1787823314.252110102	s2-eth14	1702	5352
1787823314.252110102	s2-eth15	675944057	11187
1787823314.252110102	s2-eth16	1702	5352
1787823314.252110102	s2-eth17	1702	5352
1787823314.252110102	s2-eth18	1702	5352
1787823314.252110102	s2-eth19	9338	2074571018
1787823314.252110102	s2-eth2	24447	24545
1787823314.252110102	s2-eth20	1702	5352
1787823314.252110102	s2-eth21	1612	5262
1787823314.252110102	s2-eth22	1702	5352
1787823314.252110102	s2-eth23	8098	677448997
1787823314.252110102	s2-eth24	1612	5352
1787823314.252110102	s2-eth25	1702	5352
1787823314.252110102	s2-eth26	1612	5352
1787823314.252110102	s2-eth27	9833	735622654
1787823314.252110102	s2-eth28	1702	5352
1787823314.252110102	s2-eth29	1612	5352
1787823314.252110102	s2-eth3	236917083	13689
1787823314.252110102	s2-eth30	1612	5457
1787823314.252110102	s2-eth31	8382	677626768
1787823314.252110102	s2-eth32	1612	5262
1787823314.252110102	s2-eth33	1702	5352
1787823314.252110102	s2-eth34	1702	5262
1787823314.252110102	s2-eth4	1702	5352
1787823314.252110102	s2-eth5	1612	5352
1787823314.252110102	s2-eth6	1702	5262
1787823314.252110102	s2-eth7	894797239	12246
1787823314.252110102	s2-eth8	1702	5262
1787823314.252110102	s2-eth9	1612	5352
1787823314.252110102	s3-eth1	4369916942	2958642524
1787823314.252110102	s3-eth10	1682	5352
1787823314.252110102	s3-eth11	9623	713227385
1787823314.252110102	s3-eth12	1452	5262
1787823314.252110102	s3-eth13	1612	5352
1787823314.252110102	s3-eth14	1772	5262
1787823314.252110102	s3-eth15	7524	496890168
1787823314.252110102	s3-eth16	1612	5262
1787823314.252110102	s3-eth17	1612	5262
1787823314.252110102	s3-eth18	1452	5352
1787823314.252110102	s3-eth19	236916059	13243
1787823314.252110102	s3-eth2	24615	24545
1787823314.252110102	s3-eth20	1702	5242
1787823314.252110102	s3-eth21	1612	5242
1787823314.252110102	s3-eth22	1452	5262
1787823314.252110102	s3-eth23	894822123	11903
1787823314.252110102	s3-eth24	1452	5262
1787823314.252110102	s3-eth25	1702	5262
1787823314.252110102	s3-eth26	1452	5262
1787823314.252110102	s3-eth27	952763552	13032
1787823314.252110102	s3-eth28	1612	5352
1787823314.252110102	s3-eth29	1702	5282
1787823314.252110102	s3-eth3	3773362	2435404310
1787823314.252110102	s3-eth30	1612	5422
1787823314.252110102	s3-eth31	894822594	11877
1787823314.252110102	s3-eth32	1452	5262
1787823314.252110102	s3-eth33	1612	5242
1787823314.252110102	s3-eth34	1772	5352
1787823314.252110102	s3-eth4	1612	5332
1787823314.252110102	s3-eth5	1702	5352
1787823314.252110102	s3-eth6	1702	5352
1787823314.252110102	s3-eth7	8498	656882797
1787823314.252110102	s3-eth8	1702	5121
1787823314.252110102	s3-eth9	1702	5352
1787823314.252110102	s4-eth1	5464875594	82793
1787823314.252110102	s4-eth10	1702	5242
1787823314.252110102	s4-eth11	9770	869380307
1787823314.252110102	s4-eth12	1612	5262
1787823314.252110102	s4-eth13	1452	5242
1787823314.252110102	s4-eth14	1452	5262
1787823314.252110102	s4-eth15	7537	601576351
1787823314.252110102	s4-eth16	1522	5262
1787823314.252110102	s4-eth17	1612	5242
1787823314.252110102	s4-eth18	1452	5382
1787823314.252110102	s4-eth19	9613	232058747
1787823314.252110102	s4-eth2	24545	22109
1787823314.252110102	s4-eth20	1702	5262
1787823314.252110102	s4-eth21	1612	5262
1787823314.252110102	s4-eth22	1612	5242
1787823314.252110102	s4-eth23	8093	857701483
1787823314.252110102	s4-eth24	1612	5262
1787823314.252110102	s4-eth25	1612	5262
1787823314.252110102	s4-eth26	1452	5312
1787823314.252110102	s4-eth27	9222	913696055
1787823314.252110102	s4-eth28	1612	5352
1787823314.252110102	s4-eth29	1522	5262
1787823314.252110102	s4-eth3	9789	223547015
1787823314.252110102	s4-eth30	1452	5262
1787823314.252110102	s4-eth31	8294	856898395
1787823314.252110102	s4-eth32	1452	5262
1787823314.252110102	s4-eth33	1452	5312
1787823314.252110102	s4-eth34	1612	5242
1787823314.252110102	s4-eth4	1612	5312
1787823314.252110102	s4-eth5	1522	5242
1787823314.252110102	s4-eth6	1452	5352
1787823314.252110102	s4-eth7	8436	811966453
1787823314.252110102	s4-eth8	1452	5262
1787823314.252110102	s4-eth9	1452	5382
1787823314.252110102	s5-eth1	9713881926	3846147
1787823314.252110102	s5-eth2	2737081854	4288183557
1787823314.252110102	s5-eth3	3846418	7221319729
1787823314.252110102	s5-eth4	25264	22382
1787823314.252110102	s6-eth1	24545	24615
1787823314.252110102	s6-eth2	24545	24447
1787823314.252110102	s6-eth3	24545	22382
1787823314.252110102	s6-eth4	25389	24545
1787823314.252110102	s7-eth1	2958642524	4369916942
1787823314.252110102	s7-eth2	82793	5464875594
1787823314.252110102	s7-eth3	7083106442	3843912
1787823314.252110102	s7-eth4	25166	24545
1787823314.252110102	s8-eth1	24545	24615
1787823314.252110102	s8-eth2	22109	24545
1787823314.252110102	s8-eth3	24545	22312
1787823314.252110102	s8-eth4	25264	24545
1787823314.252110102	s9-eth1	7221319729	3846418
1787823314.252110102	s9-eth2	22382	24545
1787823314.252110102	s9-eth3	3843912	7083106442
1787823314.252110102	s9-eth4	22312	24545
1787823316.913995798	s10-eth1	22382	25264
1787823316.913995798	s10-eth2	24545	25389
1787823316.913995798	s10-eth3	24545	25166
1787823316.913995798	s10-eth4	24545	25264
1787823316.913995798	s1-eth1	3846147	9713881926
1787823316.913995798	s1-eth10	1702	5352
1787823316.913995798	s1-eth11	952745770	13523
1787823316.913995798	s1-eth12	1612	5352
1787823316.913995798	s1-eth13	1612	5352
1787823316.913995798	s1-eth14	1702	5352
1787823316.913995798	s1-eth15	675929829	11194
1787823316.913995798	s1-eth16	1612	5372
1787823316.913995798	s1-eth17	1772	5352
1787823316.913995798	s1-eth18	1702	5262
1787823316.913995798	s1-eth19	3590833743	13078
1787823316.913995798	s1-eth2	24615	24545
1787823316.913995798	s1-eth20	1612	5352
1787823316.913995798	s1-eth21	1702	5352
1787823316.913995798	s1-eth22	1702	5352
1787823316.913995798	s1-eth23	894805351	11678
1787823316.913995798	s1-eth24	1612	5352
1787823316.913995798	s1-eth25	1702	5352
1787823316.913995798	s1-eth26	1702	5262
1787823316.913995798	s1-eth27	952753832	13573
1787823316.913995798	s1-eth28	1702	5352
1787823316.913995798	s1-eth29	1612	5262
1787823316.913995798	s1-eth3	4021690460	3777298
1787823316.913995798	s1-eth30	1702	5262
1787823316.913995798	s1-eth31	894807041	12032
1787823316.913995798	s1-eth32	1702	5262
1787823316.913995798	s1-eth33	1702	5262
1787823316.913995798	s1-eth34	1702	5262
1787823316.913995798	s1-eth4	1898	5618
1787823316.913995798	s1-eth5	1702	5262
1787823316.913995798	s1-eth6	1702	5352
1787823316.913995798	s1-eth7	894813748	12148
1787823316.913995798	s1-eth8	1702	5262
1787823316.913995798	s1-eth9	1612	5262
1787823316.913995798	s2-eth1	4288183557	2737081854
1787823316.913995798	s2-eth10	1682	5352
1787823316.913995798	s2-eth11	952764563	13420
1787823316.913995798	s2-eth12	1612	5352
1787823316.913995798	s2-eth13	1612	5352
1787823316.913995798	s2-eth14	1702	5352
1787823316.913995798	s2-eth15	675944057	11187
1787823316.913995798	s2-eth16	1702	5352
1787823316.913995798	s2-eth17	1702	5352
1787823316.913995798	s2-eth18	1702	5352
1787823316.913995798	s2-eth19	9338	2074571018
1787823316.913995798	s2-eth2	24447	24545
1787823316.913995798	s2-eth20	1702	5352
1787823316.913995798	s2-eth21	1612	5262
1787823316.913995798	s2-eth22	1702	5352
1787823316.913995798	s2-eth23	8098	677448997
1787823316.913995798	s2-eth24	1612	5352
1787823316.913995798	s2-eth25	1702	5352
1787823316.913995798	s2-eth26	1612	5352
1787823316.913995798	s2-eth27	9833	735622654
1787823316.913995798	s2-eth28	1702	5352
1787823316.913995798	s2-eth29	1612	5352
1787823316.913995798	s2-eth3	236917083	13689
1787823316.913995798	s2-eth30	1612	5457
1787823316.913995798	s2-eth31	8382	677626768
1787823316.913995798	s2-eth32	1612	5262
1787823316.913995798	s2-eth33	1702	5352
1787823316.913995798	s2-eth34	1702	5262
1787823316.913995798	s2-eth4	1702	5352
1787823316.913995798	s2-eth5	1612	5352
1787823316.913995798	s2-eth6	1702	5262
1787823316.913995798	s2-eth7	894797239	12246
1787823316.913995798	s2-eth8	1702	5262
1787823316.913995798	s2-eth9	1612	5352
1787823316.913995798	s3-eth1	4369916942	2958642524
1787823316.913995798	s3-eth10	1682	5352
1787823316.913995798	s3-eth11	9623	713227385
1787823316.913995798	s3-eth12	1452	5262
1787823316.913995798	s3-eth13	1612	5352
1787823316.913995798	s3-eth14	1772	5262
1787823316.913995798	s3-eth15	7524	496890168
1787823316.913995798	s3-eth16	1612	5262
1787823316.913995798	s3-eth17	1612	5262
1787823316.913995798	s3-eth18	1452	5352
1787823316.913995798	s3-eth19	236916059	13243
1787823316.913995798	s3-eth2	24615	24545
1787823316.913995798	s3-eth20	1702	5242
1787823316.913995798	s3-eth21	1612	5242
1787823316.913995798	s3-eth22	1452	5262
1787823316.913995798	s3-eth23	894822123	11903
1787823316.913995798	s3-eth24	1452	5262
1787823316.913995798	s3-eth25	1702	5262
1787823316.913995798	s3-eth26	1452	5262
1787823316.913995798	s3-eth27	952763552	13032
1787823316.913995798	s3-eth28	1612	5352
1787823316.913995798	s3-eth29	1702	5282
1787823316.913995798	s3-eth3	3773362	2435404310
1787823316.913995798	s3-eth30	1612	5422
1787823316.913995798	s3-eth31	894822594	11877
1787823316.913995798	s3-eth32	1452	5262
1787823316.913995798	s3-eth33	1612	5242
1787823316.913995798	s3-eth34	1772	5352
1787823316.913995798	s3-eth4	1612	5332
1787823316.913995798	s3-eth5	1702	5352
1787823316.913995798	s3-eth6	1702	5352
1787823316.913995798	s3-eth7	8498	656882797
1787823316.913995798	s3-eth8	1702	5121
1787823316.913995798	s3-eth9	1702	5352
1787823316.913995798	s4-eth1	5464875594	82793
1787823316.913995798	s4-eth10	1702	5242
1787823316.913995798	s4-eth11	9770	869380307
1787823316.913995798	s4-eth12	1612	5262
1787823316.913995798	s4-eth13	1452	5242
1787823316.913995798	s4-eth14	1452	5262
1787823316.913995798	s4-eth15	7537	601576351
1787823316.913995798	s4-eth16	1522	5262
1787823316.913995798	s4-eth17	1612	5242
1787823316.913995798	s4-eth18	1452	5382
1787823316.913995798	s4-eth19	9613	232058747
1787823316.913995798	s4-eth2	24545	22109
1787823316.913995798	s4-eth20	1702	5262
1787823316.913995798	s4-eth21	1612	5262
1787823316.913995798	s4-eth22	1612	5242
1787823316.913995798	s4-eth23	8093	857701483
1787823316.913995798	s4-eth24	1612	5262
1787823316.913995798	s4-eth25	1612	5262
1787823316.913995798	s4-eth26	1452	5312
1787823316.913995798	s4-eth27	9222	913696055
1787823316.913995798	s4-eth28	1612	5352
1787823316.913995798	s4-eth29	1522	5262
1787823316.913995798	s4-eth3	9789	223547015
1787823316.913995798	s4-eth30	1452	5262
1787823316.913995798	s4-eth31	8294	856898395
1787823316.913995798	s4-eth32	1452	5262
1787823316.913995798	s4-eth33	1452	5312
1787823316.913995798	s4-eth34	1612	5242
1787823316.913995798	s4-eth4	1612	5312
1787823316.913995798	s4-eth5	1522	5242
1787823316.913995798	s4-eth6	1452	5352
1787823316.913995798	s4-eth7	8436	811966453
1787823316.913995798	s4-eth8	1452	5262
1787823316.913995798	s4-eth9	1452	5382
1787823316.913995798	s5-eth1	9713881926	3846147
1787823316.913995798	s5-eth2	2737081854	4288183557
1787823316.913995798	s5-eth3	3846418	7221319729
1787823316.913995798	s5-eth4	25264	22382
1787823316.913995798	s6-eth1	24545	24615
1787823316.913995798	s6-eth2	24545	24447
1787823316.913995798	s6-eth3	24545	22382
1787823316.913995798	s6-eth4	25389	24545
1787823316.913995798	s7-eth1	2958642524	4369916942
1787823316.913995798	s7-eth2	82793	5464875594
1787823316.913995798	s7-eth3	7083106442	3843912
1787823316.913995798	s7-eth4	25166	24545
1787823316.913995798	s8-eth1	24545	24615
1787823316.913995798	s8-eth2	22109	24545
1787823316.913995798	s8-eth3	24545	22312
1787823316.913995798	s8-eth4	25264	24545
1787823316.913995798	s9-eth1	7221319729	3846418
1787823316.913995798	s9-eth2	22382	24545
1787823316.913995798	s9-eth3	3843912	7083106442
1787823316.913995798	s9-eth4	22312	24545
1787823319.572913723	s10-eth1	22409	25292
1787823319.572913723	s10-eth2	24572	25417
1787823319.572913723	s10-eth3	24572	25194
1787823319.572913723	s10-eth4	24572	25292
1787823319.572913723	s1-eth1	3846174	9713881953
1787823319.572913723	s1-eth10	1702	5352
1787823319.572913723	s1-eth11	952745770	13523
1787823319.572913723	s1-eth12	1612	5352
1787823319.572913723	s1-eth13	1612	5352
1787823319.572913723	s1-eth14	1702	5352
1787823319.572913723	s1-eth15	675929829	11194
1787823319.572913723	s1-eth16	1612	5372
1787823319.572913723	s1-eth17	1772	5352
1787823319.572913723	s1-eth18	1702	5262
1787823319.572913723	s1-eth19	3590833743	13078
1787823319.572913723	s1-eth2	24642	24572
1787823319.572913723	s1-eth20	1612	5352
1787823319.572913723	s1-eth21	1702	5352
1787823319.572913723	s1-eth22	1702	5352
1787823319.572913723	s1-eth23	894805351	11678
1787823319.572913723	s1-eth24	1612	5352
1787823319.572913723	s1-eth25	1702	5352
1787823319.572913723	s1-eth26	1702	5262
1787823319.572913723	s1-eth27	952753832	13573
1787823319.572913723	s1-eth28	1702	5352
1787823319.572913723	s1-eth29	1612	5262
1787823319.572913723	s1-eth3	4021690460	3777298
1787823319.572913723	s1-eth30	1702	5262
1787823319.572913723	s1-eth31	894807041	12032
1787823319.572913723	s1-eth32	1702	5262
1787823319.572913723	s1-eth33	1702	5262
1787823319.572913723	s1-eth34	1702	5262
1787823319.572913723	s1-eth4	1898	5618
1787823319.572913723	s1-eth5	1702	5262
1787823319.572913723	s1-eth6	1702	5352
1787823319.572913723	s1-eth7	894813748	12148
1787823319.572913723	s1-eth8	1702	5262
1787823319.572913723	s1-eth9	1612	5262
1787823319.572913723	s2-eth1	4288183584	2737081881
1787823319.572913723	s2-eth10	1682	5352
1787823319.572913723	s2-eth11	952764563	13420
1787823319.572913723	s2-eth12	1612	5352
1787823319.572913723	s2-eth13	1612	5352
1787823319.572913723	s2-eth14	1702	5352
1787823319.572913723	s2-eth15	675944057	11187
1787823319.572913723	s2-eth16	1702	5352
1787823319.572913723	s2-eth17	1702	5352
1787823319.572913723	s2-eth18	1702	5352
1787823319.572913723	s2-eth19	9338	2074571018
1787823319.572913723	s2-eth2	24474	24572
1787823319.572913723	s2-eth20	1702	5352
1787823319.572913723	s2-eth21	1612	5262
1787823319.572913723	s2-eth22	1702	5352
1787823319.572913723	s2-eth23	8098	677448997
1787823319.572913723	s2-eth24	1612	5352
1787823319.572913723	s2-eth25	1702	5352
1787823319.572913723	s2-eth26	1612	5352
1787823319.572913723	s2-eth27	9833	735622654
1787823319.572913723	s2-eth28	1702	5352
1787823319.572913723	s2-eth29	1612	5352
1787823319.572913723	s2-eth3	236917083	13689
1787823319.572913723	s2-eth30	1612	5457
1787823319.572913723	s2-eth31	8382	677626768
1787823319.572913723	s2-eth32	1612	5262
1787823319.572913723	s2-eth33	1702	5352
1787823319.572913723	s2-eth34	1702	5262
1787823319.572913723	s2-eth4	1702	5352
1787823319.572913723	s2-eth5	1612	5352
1787823319.572913723	s2-eth6	1702	5262
1787823319.572913723	s2-eth7	894797239	12246
1787823319.572913723	s2-eth8	1702	5262
1787823319.572913723	s2-eth9	1612	5352
1787823319.572913723	s3-eth1	4369916969	2958642551
1787823319.572913723	s3-eth10	1682	5352
1787823319.572913723	s3-eth11	9623	713227385
1787823319.572913723	s3-eth12	1452	5262
1787823319.572913723	s3-eth13	1612	5352
1787823319.572913723	s3-eth14	1772	5262
1787823319.572913723	s3-eth15	7524	496890168
1787823319.572913723	s3-eth16	1612	5262
1787823319.572913723	s3-eth17	1612	5262
1787823319.572913723	s3-eth18	1452	5352
1787823319.572913723	s3-eth19	236916059	13243
1787823319.572913723	s3-eth2	24642	24572
1787823319.572913723	s3-eth20	1702	5242
1787823319.572913723	s3-eth21	1612	5242
1787823319.572913723	s3-eth22	1452	5262
1787823319.572913723	s3-eth23	894822123	11903
1787823319.572913723	s3-eth24	1452	5262
1787823319.572913723	s3-eth25	1702	5262
1787823319.572913723	s3-eth26	1452	5262
1787823319.572913723	s3-eth27	952763552	13032
1787823319.572913723	s3-eth28	1612	5352
1787823319.572913723	s3-eth29	1702	5282
1787823319.572913723	s3-eth3	3773362	2435404310
1787823319.572913723	s3-eth30	1612	5422
1787823319.572913723	s3-eth31	894822594	11877
1787823319.572913723	s3-eth32	1452	5262
1787823319.572913723	s3-eth33	1612	5242
1787823319.572913723	s3-eth34	1772	5352
1787823319.572913723	s3-eth4	1612	5332
1787823319.572913723	s3-eth5	1702	5352
1787823319.572913723	s3-eth6	1702	5352
1787823319.572913723	s3-eth7	8498	656882797
1787823319.572913723	s3-eth8	1702	5121
1787823319.572913723	s3-eth9	1702	5352
1787823319.572913723	s4-eth1	5464875621	82820
1787823319.572913723	s4-eth10	1702	5242
1787823319.572913723	s4-eth11	9770	869380307
1787823319.572913723	s4-eth12	1612	5262
1787823319.572913723	s4-eth13	1452	5242
1787823319.572913723	s4-eth14	1452	5262
1787823319.572913723	s4-eth15	7537	601576351
1787823319.572913723	s4-eth16	1522	5262
1787823319.572913723	s4-eth17	1612	5242
1787823319.572913723	s4-eth18	1452	5382
1787823319.572913723	s4-eth19	9613	232058747
1787823319.572913723	s4-eth2	24572	22136
1787823319.572913723	s4-eth20	1702	5262
1787823319.572913723	s4-eth21	1612	5262
1787823319.572913723	s4-eth22	1612	5242
1787823319.572913723	s4-eth23	8093	857701483
1787823319.572913723	s4-eth24	1612	5262
1787823319.572913723	s4-eth25	1612	5262
1787823319.572913723	s4-eth26	1452	5312
1787823319.572913723	s4-eth27	9222	913696055
1787823319.572913723	s4-eth28	1612	5352
1787823319.572913723	s4-eth29	1522	5262
1787823319.572913723	s4-eth3	9789	223547015
1787823319.572913723	s4-eth30	1452	5262
1787823319.572913723	s4-eth31	8294	856898395
1787823319.572913723	s4-eth32	1452	5262
1787823319.572913723	s4-eth33	1452	5312
1787823319.572913723	s4-eth34	1612	5242
1787823319.572913723	s4-eth4	1612	5312
1787823319.572913723	s4-eth5	1522	5242
1787823319.572913723	s4-eth6	1452	5352
1787823319.572913723	s4-eth7	8436	811966453
1787823319.572913723	s4-eth8	1452	5262
1787823319.572913723	s4-eth9	1452	5382
1787823319.572913723	s5-eth1	9713881953	3846174
1787823319.572913723	s5-eth2	2737081881	4288183584
1787823319.572913723	s5-eth3	3846445	7221319756
1787823319.572913723	s5-eth4	25292	22409
1787823319.572913723	s6-eth1	24572	24642
1787823319.572913723	s6-eth2	24572	24474
1787823319.572913723	s6-eth3	24572	22409
1787823319.572913723	s6-eth4	25417	24572
1787823319.572913723	s7-eth1	2958642551	4369916969
1787823319.572913723	s7-eth2	82820	5464875621
1787823319.572913723	s7-eth3	7083106469	3843939
1787823319.572913723	s7-eth4	25194	24572
1787823319.572913723	s8-eth1	24572	24642
1787823319.572913723	s8-eth2	22136	24572
1787823319.572913723	s8-eth3	24572	22339
1787823319.572913723	s8-eth4	25292	24572
1787823319.572913723	s9-eth1	7221319756	3846445
1787823319.572913723	s9-eth2	22409	24572
1787823319.572913723	s9-eth3	3843939	7083106469
1787823319.572913723	s9-eth4	22339	24572
1787823322.212927264	s10-eth1	22409	25292
1787823322.212927264	s10-eth2	24572	25417
1787823322.212927264	s10-eth3	24572	25194
1787823322.212927264	s10-eth4	24572	25292
1787823322.212927264	s1-eth1	3859911	9724816962
1787823322.212927264	s1-eth10	2915	5971
1787823322.212927264	s1-eth11	956462781	14121
1787823322.212927264	s1-eth12	942927	6084
1787823322.212927264	s1-eth13	2521	5770
1787823322.212927264	s1-eth14	983303	5950
1787823322.212927264	s1-eth15	676127060	11859
1787823322.212927264	s1-eth16	931248	6027
1787823322.212927264	s1-eth17	2221	5492
1787823322.212927264	s1-eth18	1039697	5916
1787823322.212927264	s1-eth19	3592806012	13598
1787823322.212927264	s1-eth2	24642	24572
1787823322.212927264	s1-eth20	1147338	5939
1787823322.212927264	s1-eth21	281061	5873
1787823322.212927264	s1-eth22	2705	5559
1787823322.212927264	s1-eth23	894806842	12086
1787823322.212927264	s1-eth24	247952	5819
1787823322.212927264	s1-eth25	3033	5770
1787823322.212927264	s1-eth26	2718	5536
1787823322.212927264	s1-eth27	952753980	13573
1787823322.212927264	s1-eth28	3108	5849
1787823322.212927264	s1-eth29	1929	5336
1787823322.212927264	s1-eth3	4027397233	3777885
1787823322.212927264	s1-eth30	2915	5547
1787823322.212927264	s1-eth31	894807741	12372
1787823322.212927264	s1-eth32	2151	5336
1787823322.212927264	s1-eth33	1924	5262
1787823322.212927264	s1-eth34	2019	5336
1787823322.212927264	s1-eth4	1538603	6216
1787823322.212927264	s1-eth5	1571573	5860
1787823322.212927264	s1-eth6	1601855	5950
1787823322.212927264	s1-eth7	895142369	13014
1787823322.212927264	s1-eth8	1637983	5927
1787823322.212927264	s1-eth9	2747	5814
1787823322.212927264	s2-eth1	4291291850	2758066962
1787823322.212927264	s2-eth10	1674104	6143
1787823322.212927264	s2-eth11	959449144	14007
1787823322.212927264	s2-eth12	2333	5578
1787823322.212927264	s2-eth13	2599	5759
1787823322.212927264	s2-eth14	2917	5625
1787823322.212927264	s2-eth15	676283837	11774
1787823322.212927264	s2-eth16	1550087	6017
1787823322.212927264	s2-eth17	1704328	6073
1787823322.212927264	s2-eth18	1636763	6155
1787823322.212927264	s2-eth19	10137	2075531003
1787823322.212927264	s2-eth2	24474	24572
1787823322.212927264	s2-eth20	2289	806440
1787823322.212927264	s2-eth21	2470	342038
1787823322.212927264	s2-eth22	2187	6083
1787823322.212927264	s2-eth23	8707	677449453
1787823322.212927264	s2-eth24	2427	379685
1787823322.212927264	s2-eth25	2332	6219
1787823322.212927264	s2-eth26	2066	5854
1787823322.212927264	s2-eth27	9833	735622654
1787823322.212927264	s2-eth28	2344	6186
1787823322.212927264	s2-eth29	1760	5492
1787823322.212927264	s2-eth3	245210726	14209
1787823322.212927264	s2-eth30	1975	6012
1787823322.212927264	s2-eth31	8722	677627290
1787823322.212927264	s2-eth32	1686	5402
1787823322.212927264	s2-eth33	1776	5426
1787823322.212927264	s2-eth34	2061	5714
1787823322.212927264	s2-eth4	2145580	6075
1787823322.212927264	s2-eth5	2246274	5939
1787823322.212927264	s2-eth6	2292376	5849
1787823322.212927264	s2-eth7	895255419	12967
1787823322.212927264	s2-eth8	2322946	5983
1787823322.212927264	s2-eth9	2321467	6017
1787823322.212927264	s3-eth1	4378405909	2989906502
1787823322.212927264	s3-eth10	2435	5940
1787823322.212927264	s3-eth11	10221	714634312
1787823322.212927264	s3-eth12	2385	627673
1787823322.212927264	s3-eth13	2030	6215
1787823322.212927264	s3-eth14	2370	649435
1787823322.212927264	s3-eth15	8189	496999293
1787823322.212927264	s3-eth16	2471	621696
1787823322.212927264	s3-eth17	1953	5718
1787823322.212927264	s3-eth18	2106	636350
1787823322.212927264	s3-eth19	247042484	13763
1787823322.212927264	s3-eth2	24669	24599
1787823322.212927264	s3-eth20	2547532	5762
1787823322.212927264	s3-eth21	2514486	5829
1787823322.212927264	s3-eth22	2557717	5860
1787823322.212927264	s3-eth23	895339412	12568
1787823322.212927264	s3-eth24	2603873	5927
1787823322.212927264	s3-eth25	2605734	6121
1787823322.212927264	s3-eth26	2530475	5996
1787823322.212927264	s3-eth27	962969575	13688
1787823322.212927264	s3-eth28	2677	5826
1787823322.212927264	s3-eth29	2558	5756
1787823322.212927264	s3-eth3	3773949	2437219125
1787823322.212927264	s3-eth30	2468	5896
1787823322.212927264	s3-eth31	894823950	12352
1787823322.212927264	s3-eth32	2517	5814
1787823322.212927264	s3-eth33	3415	5918
1787823322.212927264	s3-eth34	2965	5825
1787823322.212927264	s3-eth4	2210	821037
1787823322.212927264	s3-eth5	2300	849897
1787823322.212927264	s3-eth6	2300	809521
1787823322.212927264	s3-eth7	9431	657066840
1787823322.212927264	s3-eth8	2367	770356
1787823322.212927264	s3-eth9	2455	5940
1787823322.212927264	s4-eth1	5503803298	102911
1787823322.212927264	s4-eth10	2561	562554
1787823322.212927264	s4-eth11	10357	870764030
1787823322.212927264	s4-eth12	2038	5608
1787823322.212927264	s4-eth13	2060	5698
1787823322.212927264	s4-eth14	1725	5509
1787823322.212927264	s4-eth15	8124	601709781
1787823322.212927264	s4-eth16	2187	577269
1787823322.212927264	s4-eth17	2333	562698
1787823322.212927264	s4-eth18	2393	555627
1787823322.212927264	s4-eth19	10133	238004814
1787823322.212927264	s4-eth2	24599	22163
1787823322.212927264	s4-eth20	2222	1685892
1787823322.212927264	s4-eth21	2199	1657130
1787823322.212927264	s4-eth22	2210	1648721
1787823322.212927264	s4-eth23	8825	858032688
1787823322.212927264	s4-eth24	2344	1628499
1787823322.212927264	s4-eth25	2471	1430658
1787823322.212927264	s4-eth26	2186	1622715
1787823322.212927264	s4-eth27	9878	919394110
1787823322.212927264	s4-eth28	2086	6018
1787823322.212927264	s4-eth29	1996	5928
1787823322.212927264	s4-eth3	10309	225520372
1787823322.212927264	s4-eth30	1926	5928
1787823322.212927264	s4-eth31	8769	856899007
1787823322.212927264	s4-eth32	2004	6137
1787823322.212927264	s4-eth33	2128	5846
1787823322.212927264	s4-eth34	2085	5842
1787823322.212927264	s4-eth4	2471	745836
1787823322.212927264	s4-eth5	2109	721318
1787823322.212927264	s4-eth6	2039	742914
1787823322.212927264	s4-eth7	9291	812120071
1787823322.212927264	s4-eth8	2307	701150
1787823322.212927264	s4-eth9	2117	711561
1787823322.212927264	s5-eth1	9772669322	3862819
1787823322.212927264	s5-eth2	2787423440	4297524035
1787823322.212927264	s5-eth3	3867214	7273178643
1787823322.212927264	s5-eth4	25320	22436
1787823322.212927264	s6-eth1	24599	24669
1787823322.212927264	s6-eth2	24599	24501
1787823322.212927264	s6-eth3	24599	22436
1787823322.212927264	s6-eth4	25445	24599
1787823322.212927264	s7-eth1	3009630391	4384687395
1787823322.212927264	s7-eth2	102978	5515545582
1787823322.212927264	s7-eth3	7124298220	3864708
1787823322.212927264	s7-eth4	25222	24599
1787823322.212927264	s8-eth1	24599	24669
1787823322.212927264	s8-eth2	22163	24599
1787823322.212927264	s8-eth3	24599	22366
1787823322.212927264	s8-eth4	25320	24599
1787823322.212927264	s9-eth1	7279927203	3867214
1787823322.212927264	s9-eth2	22436	24599
1787823322.212927264	s9-eth3	3864708	7128283908
1787823322.212927264	s9-eth4	22366	24599
1787823329.458427453	s10-eth1	22463	25348
1787823329.458427453	s10-eth2	24626	25473
1787823329.458427453	s10-eth3	24626	25250
1787823329.458427453	s10-eth4	24626	25348
1787823329.458427453	s1-eth1	3863594	9811390434
1787823329.458427453	s1-eth10	3149	6172
1787823329.458427453	s1-eth11	975518811	14121
1787823329.458427453	s1-eth12	5713297	6285
1787823329.458427453	s1-eth13	2521	5770
1787823329.458427453	s1-eth14	5756323	5950
1787823329.458427453	s1-eth15	677083176	11859
1787823329.458427453	s1-eth16	5730302	6095
1787823329.458427453	s1-eth17	3313	5626
1787823329.458427453	s1-eth18	5854535	5916
1787823329.458427453	s1-eth19	3612079784	13598
1787823329.458427453	s1-eth2	24696	24626
1787823329.458427453	s1-eth20	5952082	5939
1787823329.458427453	s1-eth21	5094535	5941
1787823329.458427453	s1-eth22	2817	5626
1787823329.458427453	s1-eth23	894806920	12153
1787823329.458427453	s1-eth24	5041238	5888
1787823329.458427453	s1-eth25	3033	5770
1787823329.458427453	s1-eth26	2370638	5718
1787823329.458427453	s1-eth27	952755038	13847
1787823329.458427453	s1-eth28	3186	5916
1787823329.458427453	s1-eth29	2928	5621
1787823329.458427453	s1-eth3	4046205239	3777885
1787823329.458427453	s1-eth30	3055	5547
1787823329.458427453	s1-eth31	894807741	12372
1787823329.458427453	s1-eth32	3123409	5849
1787823329.458427453	s1-eth33	2936	5668
1787823329.458427453	s1-eth34	2959	5543
1787823329.458427453	s1-eth4	6148677	6216
1787823329.458427453	s1-eth5	6152807	5860
1787823329.458427453	s1-eth6	6154249	5950
1787823329.458427453	s1-eth7	896046659	13148
1787823329.458427453	s1-eth8	6113951	5927
1787823329.458427453	s1-eth9	2903	5948
1787823329.458427453	s2-eth1	4307643995	2826650142
1787823329.458427453	s2-eth10	6115620	6279
1787823329.458427453	s2-eth11	977231888	14007
1787823329.458427453	s2-eth12	3425	5778
1787823329.458427453	s2-eth13	2755	5893
1787823329.458427453	s2-eth14	3335	5625
1787823329.458427453	s2-eth15	677172109	11774
1787823329.458427453	s2-eth16	6001541	6017
1787823329.458427453	s2-eth17	6141362	6073
1787823329.458427453	s2-eth18	6072511	6293
1787823329.458427453	s2-eth19	10137	2080177127
1787823329.458427453	s2-eth2	24528	24626
1787823329.458427453	s2-eth20	2289	3208812
1787823329.458427453	s2-eth21	2470	2706918
1787823329.458427453	s2-eth22	2254	6149
1787823329.458427453	s2-eth23	8707	677449531
1787823329.458427453	s2-eth24	2427	2649393
1787823329.458427453	s2-eth25	2332	6219
1787823329.458427453	s2-eth26	2202	1251820
1787823329.458427453	s2-eth27	10319	735623325
1787823329.458427453	s2-eth28	2478	6264
1787823329.458427453	s2-eth29	1971	5870
1787823329.458427453	s2-eth3	262514726	14209
1787823329.458427453	s2-eth30	1975	6012
1787823329.458427453	s2-eth31	8722	677627290
1787823329.458427453	s2-eth32	2199	1626782
1787823329.458427453	s2-eth33	2182	5874
1787823329.458427453	s2-eth34	2061	5714
1787823329.458427453	s2-eth4	6426956	6143
1787823329.458427453	s2-eth5	6513152	5939
1787823329.458427453	s2-eth6	6554928	5849
1787823329.458427453	s2-eth7	896104913	13101
1787823329.458427453	s2-eth8	6558178	6050
1787823329.458427453	s2-eth9	6555179	6017
1787823329.458427453	s3-eth1	4397095978	3047924584
1787823329.458427453	s3-eth10	2502	5940
1787823329.458427453	s3-eth11	10221	717392858
1787823329.458427453	s3-eth12	2452	2016319
1787823329.458427453	s3-eth13	2030	6215
1787823329.458427453	s3-eth14	2370	1970307
1787823329.458427453	s3-eth15	8189	497281925
1787823329.458427453	s3-eth16	2539	1954104
1787823329.458427453	s3-eth17	1953	5718
1787823329.458427453	s3-eth18	2106	1958664
1787823329.458427453	s3-eth19	263896580	13763
1787823329.458427453	s3-eth2	24696	24626
1787823329.458427453	s3-eth20	6787012	5762
1787823329.458427453	s3-eth21	6766944	5829
1787823329.458427453	s3-eth22	6800151	5860
1787823329.458427453	s3-eth23	896185866	12568
1787823329.458427453	s3-eth24	6821723	5927
1787823329.458427453	s3-eth25	6803474	6189
1787823329.458427453	s3-eth26	6733905	5996
1787823329.458427453	s3-eth27	979774643	13688
1787823329.458427453	s3-eth28	2677	5826
1787823329.458427453	s3-eth29	2558	5756
1787823329.458427453	s3-eth3	3773949	2440016605
1787823329.458427453	s3-eth30	2468	5896
1787823329.458427453	s3-eth31	894823950	12352
1787823329.458427453	s3-eth32	2517	5814
1787823329.458427453	s3-eth33	3415	5918
1787823329.458427453	s3-eth34	2965	5825
1787823329.458427453	s3-eth4	2210	2294761
1787823329.458427453	s3-eth5	2300	2277477
1787823329.458427453	s3-eth6	2300	2267383
1787823329.458427453	s3-eth7	9498	657375428
1787823329.458427453	s3-eth8	2367	2192168
1787823329.458427453	s3-eth9	2522	5940
1787823329.458427453	s4-eth1	5563198663	103543
1787823329.458427453	s4-eth10	2629	1476860
1787823329.458427453	s4-eth11	10357	873387028
1787823329.458427453	s4-eth12	2171	5821
1787823329.458427453	s4-eth13	2127	5698
1787823329.458427453	s4-eth14	1791	5575
1787823329.458427453	s4-eth15	8124	601936175
1787823329.458427453	s4-eth16	2187	1458331
1787823329.458427453	s4-eth17	2333	1380312
1787823329.458427453	s4-eth18	2462	1409291
1787823329.458427453	s4-eth19	10133	245648856
1787823329.458427453	s4-eth2	24626	22190
1787823329.458427453	s4-eth20	2222	3811400
1787823329.458427453	s4-eth21	2199	3787034
1787823329.458427453	s4-eth22	2210	3827583
1787823329.458427453	s4-eth23	8825	858458078
1787823329.458427453	s4-eth24	2344	3792941
1787823329.458427453	s4-eth25	2539	3387452
1787823329.458427453	s4-eth26	2186	3655935
1787823329.458427453	s4-eth27	9878	927032384
1787823329.458427453	s4-eth28	2086	6018
1787823329.458427453	s4-eth29	1996	5928
1787823329.458427453	s4-eth3	10309	228352460
1787823329.458427453	s4-eth30	1926	5928
1787823329.458427453	s4-eth31	8769	856899007
1787823329.458427453	s4-eth32	2004	6137
1787823329.458427453	s4-eth33	2198	5846
1787823329.458427453	s4-eth34	2085	5842
1787823329.458427453	s4-eth4	2471	1621130
1787823329.458427453	s4-eth5	2109	1678806
1787823329.458427453	s4-eth6	2039	1680214
1787823329.458427453	s4-eth7	9358	812372499
1787823329.458427453	s4-eth8	2307	1550488
1787823329.458427453	s4-eth9	2117	1647419
1787823329.458427453	s5-eth1	9847952768	3863871
1787823329.458427453	s5-eth2	2849983487	4313292796
1787823329.458427453	s5-eth3	3868046	7333649896
1787823329.458427453	s5-eth4	25348	22463
1787823329.458427453	s6-eth1	24626	24696
1787823329.458427453	s6-eth2	24626	24528
1787823329.458427453	s6-eth3	24626	22463
1787823329.458427453	s6-eth4	25473	24626
1787823329.458427453	s7-eth1	3062671918	4401799782
1787823329.458427453	s7-eth2	103610	5571126779
1787823329.458427453	s7-eth3	7174612025	3865540
1787823329.458427453	s7-eth4	25250	24626
1787823329.458427453	s8-eth1	24626	24696
1787823329.458427453	s8-eth2	22190	24626
1787823329.458427453	s8-eth3	24626	22393
1787823329.458427453	s8-eth4	25348	24626
1787823329.458427453	s9-eth1	7336040732	3868046
1787823329.458427453	s9-eth2	22463	24626
1787823329.458427453	s9-eth3	3865540	7175105189
1787823329.458427453	s9-eth4	22393	24626
1787823335.282114945	s10-eth1	22490	25376
1787823335.282114945	s10-eth2	24653	25501
1787823335.282114945	s10-eth3	24653	25278
1787823335.282114945	s10-eth4	24653	25376
1787823335.282114945	s1-eth1	3863965	9871048374
1787823335.282114945	s1-eth10	3149	6172
1787823335.282114945	s1-eth11	990168089	14121
1787823335.282114945	s1-eth12	9370209	6285
1787823335.282114945	s1-eth13	2521	5770
1787823335.282114945	s1-eth14	9395931	5950
1787823335.282114945	s1-eth15	677808502	11859
1787823335.282114945	s1-eth16	9329534	6095
1787823335.282114945	s1-eth17	3313	5626
1787823335.282114945	s1-eth18	9406181	5916
1787823335.282114945	s1-eth19	3626186870	13598
1787823335.282114945	s1-eth2	24723	24653
1787823335.282114945	s1-eth20	9431628	5939
1787823335.282114945	s1-eth21	8549567	5941
1787823335.282114945	s1-eth22	2817	5626
1787823335.282114945	s1-eth23	894806920	12153
1787823335.282114945	s1-eth24	8454452	5888
1787823335.282114945	s1-eth25	3033	5770
1787823335.282114945	s1-eth26	5773758	5718
1787823335.282114945	s1-eth27	952755364	13992
1787823335.282114945	s1-eth28	3186	5916
1787823335.282114945	s1-eth29	3180	5688
1787823335.282114945	s1-eth3	4059719663	3777885
1787823335.282114945	s1-eth30	3125	5679
1787823335.282114945	s1-eth31	894807741	12372
1787823335.282114945	s1-eth32	6500573	5849
1787823335.282114945	s1-eth33	2936	5668
1787823335.282114945	s1-eth34	3172	5543
1787823335.282114945	s1-eth4	9518631	6216
1787823335.282114945	s1-eth5	9519877	5860
1787823335.282114945	s1-eth6	9524203	5950
1787823335.282114945	s1-eth7	896723035	13215
1787823335.282114945	s1-eth8	9506977	5927
1787823335.282114945	s1-eth9	2903	5948
1787823335.282114945	s2-eth1	4319745885	2871730383
1787823335.282114945	s2-eth10	9521624	6279
1787823335.282114945	s2-eth11	990863114	14007
1787823335.282114945	s2-eth12	3425	5778
1787823335.282114945	s2-eth13	2755	5893
1787823335.282114945	s2-eth14	3401	5691
1787823335.282114945	s2-eth15	677867153	11774
1787823335.282114945	s2-eth16	9491181	6017
1787823335.282114945	s2-eth17	9649748	6073
1787823335.282114945	s2-eth18	9591069	6362
1787823335.282114945	s2-eth19	10137	2082416553
1787823335.282114945	s2-eth2	24555	24653
1787823335.282114945	s2-eth20	2289	4802222
1787823335.282114945	s2-eth21	2470	4246974
1787823335.282114945	s2-eth22	2254	6149
1787823335.282114945	s2-eth23	8707	677449531
1787823335.282114945	s2-eth24	2427	4157725
1787823335.282114945	s2-eth25	2332	6219
1787823335.282114945	s2-eth26	2202	2747174
1787823335.282114945	s2-eth27	10386	735623325
1787823335.282114945	s2-eth28	2478	6264
1787823335.282114945	s2-eth29	2171	5940
1787823335.282114945	s2-eth3	277355790	14209
1787823335.282114945	s2-eth30	2107	6082
1787823335.282114945	s2-eth31	8722	677627290
1787823335.282114945	s2-eth32	2199	3088970
1787823335.282114945	s2-eth33	2182	5874
1787823335.282114945	s2-eth34	2061	5714
1787823335.282114945	s2-eth4	10163178	6143
1787823335.282114945	s2-eth5	10266678	5939
1787823335.282114945	s2-eth6	10312780	5849
1787823335.282114945	s2-eth7	896857637	13101
1787823335.282114945	s2-eth8	10330450	6050
1787823335.282114945	s2-eth9	10331777	6017
1787823335.282114945	s3-eth1	4412447605	3094690459
1787823335.282114945	s3-eth10	2569	5940
1787823335.282114945	s3-eth11	10221	718771410
1787823335.282114945	s3-eth12	2519	2975249
1787823335.282114945	s3-eth13	2030	6215
1787823335.282114945	s3-eth14	2370	2911933
1787823335.282114945	s3-eth15	8189	497492457
1787823335.282114945	s3-eth16	2539	2868332
1787823335.282114945	s3-eth17	1953	5718
1787823335.282114945	s3-eth18	2106	2919036
1787823335.282114945	s3-eth19	279067862	13763
1787823335.282114945	s3-eth2	24723	24653
1787823335.282114945	s3-eth20	10599660	5762
1787823335.282114945	s3-eth21	10588244	5829
1787823335.282114945	s3-eth22	10641639	5860
1787823335.282114945	s3-eth23	896957336	12568
1787823335.282114945	s3-eth24	10699261	5927
1787823335.282114945	s3-eth25	10704162	6257
1787823335.282114945	s3-eth26	10643167	5996
1787823335.282114945	s3-eth27	995506863	13688
1787823335.282114945	s3-eth28	2677	5826
1787823335.282114945	s3-eth29	2558	5756
1787823335.282114945	s3-eth3	3773949	2441839293
1787823335.282114945	s3-eth30	2468	5896
1787823335.282114945	s3-eth31	894823950	12352
1787823335.282114945	s3-eth32	2517	5814
1787823335.282114945	s3-eth33	3415	5918
1787823335.282114945	s3-eth34	2965	5825
1787823335.282114945	s3-eth4	2210	3448361
1787823335.282114945	s3-eth5	2300	3406563
1787823335.282114945	s3-eth6	2300	3387817
1787823335.282114945	s3-eth7	9565	657578750
1787823335.282114945	s3-eth8	2367	3262132
1787823335.282114945	s3-eth9	2589	5940
1787823335.282114945	s4-eth1	5615769684	103774
1787823335.282114945	s4-eth10	2629	2571338
1787823335.282114945	s4-eth11	10357	876309962
1787823335.282114945	s4-eth12	2238	5821
1787823335.282114945	s4-eth13	2127	5698
1787823335.282114945	s4-eth14	1791	5575
1787823335.282114945	s4-eth15	8124	602205829
1787823335.282114945	s4-eth16	2187	2493687
1787823335.282114945	s4-eth17	2333	2414226
1787823335.282114945	s4-eth18	2531	2424459
1787823335.282114945	s4-eth19	10133	253734150
1787823335.282114945	s4-eth2	24653	22217
1787823335.282114945	s4-eth20	2222	6506498
1787823335.282114945	s4-eth21	2199	6500878
1787823335.282114945	s4-eth22	2210	6563057
1787823335.282114945	s4-eth23	8825	859006038
1787823335.282114945	s4-eth24	2344	6555813
1787823335.282114945	s4-eth25	2607	6169070
1787823335.282114945	s4-eth26	2186	6307773
1787823335.282114945	s4-eth27	9878	935169590
1787823335.282114945	s4-eth28	2086	6018
1787823335.282114945	s4-eth29	1996	5928
1787823335.282114945	s4-eth3	10309	231468622
1787823335.282114945	s4-eth30	1926	5928
1787823335.282114945	s4-eth31	8769	856899007
1787823335.282114945	s4-eth32	2004	6137
1787823335.282114945	s4-eth33	2198	5846
1787823335.282114945	s4-eth34	2085	5842
1787823335.282114945	s4-eth4	2471	2848272
1787823335.282114945	s4-eth5	2109	2939114
1787823335.282114945	s4-eth6	2039	2952058
1787823335.282114945	s4-eth7	9358	812663783
1787823335.282114945	s4-eth8	2307	2744464
1787823335.282114945	s4-eth9	2117	2870235
1787823335.282114945	s5-eth1	9912011529	3864462
1787823335.282114945	s5-eth2	2905023805	4328328832
1787823335.282114945	s5-eth3	3868572	7391713756
1787823335.282114945	s5-eth4	25404	22517
1787823335.282114945	s6-eth1	24680	24750
1787823335.282114945	s6-eth2	24680	24582
1787823335.282114945	s6-eth3	24680	22517
1787823335.282114945	s6-eth4	25529	24680
1787823335.282114945	s7-eth1	3117657288	4417261028
1787823335.282114945	s7-eth2	103868	5626766481
1787823335.282114945	s7-eth3	7224547253	3866066
1787823335.282114945	s7-eth4	25306	24680
1787823335.282114945	s8-eth1	24680	24750
1787823335.282114945	s8-eth2	22244	24680
1787823335.282114945	s8-eth3	24680	22447
1787823335.282114945	s8-eth4	25404	24680
1787823335.282114945	s9-eth1	7392763532	3868572
1787823335.282114945	s9-eth2	22517	24680
1787823335.282114945	s9-eth3	3866066	7224917847
1787823335.282114945	s9-eth4	22447	24680
1787823341.775056632	s10-eth1	22517	25404
1787823341.775056632	s10-eth2	24680	25529
1787823341.775056632	s10-eth3	24680	25306
1787823341.775056632	s10-eth4	24680	25404
1787823341.775056632	s1-eth1	3864462	9938403013
1787823341.775056632	s1-eth10	3227	6239
1787823341.775056632	s1-eth11	1006657359	14121
1787823341.775056632	s1-eth12	13494407	6352
1787823341.775056632	s1-eth13	2521	5770
1787823341.775056632	s1-eth14	13507073	5950
1787823341.775056632	s1-eth15	678629000	11859
1787823341.775056632	s1-eth16	13437870	6163
1787823341.775056632	s1-eth17	3313	5626
1787823341.775056632	s1-eth18	13538953	5916
1787823341.775056632	s1-eth19	3642772754	13598
1787823341.775056632	s1-eth2	24750	24680
1787823341.775056632	s1-eth20	13603334	5939
1787823341.775056632	s1-eth21	12745787	5941
1787823341.775056632	s1-eth22	2817	5626
1787823341.775056632	s1-eth23	894806920	12153
1787823341.775056632	s1-eth24	12663650	5888
1787823341.775056632	s1-eth25	3033	5770
1787823341.775056632	s1-eth26	9993050	5718
1787823341.775056632	s1-eth27	952755442	14059
1787823341.775056632	s1-eth28	3186	5916
1787823341.775056632	s1-eth29	3258	5755
1787823341.775056632	s1-eth3	4076899651	3777885
1787823341.775056632	s1-eth30	3125	5679
1787823341.775056632	s1-eth31	894807741	12372
1787823341.775056632	s1-eth32	10794849	5849
1787823341.775056632	s1-eth33	2936	5668
1787823341.775056632	s1-eth34	3172	5543
1787823341.775056632	s1-eth4	13824443	6216
1787823341.775056632	s1-eth5	13831457	5860
1787823341.775056632	s1-eth6	13838667	5950
1787823341.775056632	s1-eth7	897588235	13215
1787823341.775056632	s1-eth8	13845955	5927
1787823341.775056632	s1-eth9	2981	6015
1787823341.775056632	s2-eth1	4335165421	2934170951
1787823341.775056632	s2-eth10	13869254	6279
1787823341.775056632	s2-eth11	1008295452	14007
1787823341.775056632	s2-eth12	3425	5778
1787823341.775056632	s2-eth13	2833	5960
1787823341.775056632	s2-eth14	3610	5691
1787823341.775056632	s2-eth15	678741005	11774
1787823341.775056632	s2-eth16	13843137	6017
1787823341.775056632	s2-eth17	13987284	6073
1787823341.775056632	s2-eth18	13912743	6362
1787823341.775056632	s2-eth19	10137	2086011459
1787823341.775056632	s2-eth2	24582	24680
1787823341.775056632	s2-eth20	2289	6473500
1787823341.775056632	s2-eth21	2470	5932672
1787823341.775056632	s2-eth22	2254	6149
1787823341.775056632	s2-eth23	8707	677449531
1787823341.775056632	s2-eth24	2427	5816025
1787823341.775056632	s2-eth25	2332	6219
1787823341.775056632	s2-eth26	2202	4392496
1787823341.775056632	s2-eth27	10453	735623325
1787823341.775056632	s2-eth28	2478	6264
1787823341.775056632	s2-eth29	2238	5940
1787823341.775056632	s2-eth3	294058476	14209
1787823341.775056632	s2-eth30	2107	6082
1787823341.775056632	s2-eth31	8722	677627290
1787823341.775056632	s2-eth32	2199	4737176
1787823341.775056632	s2-eth33	2182	5874
1787823341.775056632	s2-eth34	2061	5714
1787823341.775056632	s2-eth4	14356514	6143
1787823341.775056632	s2-eth5	14460014	5939
1787823341.775056632	s2-eth6	14517652	5849
1787823341.775056632	s2-eth7	897698323	13101
1787823341.775056632	s2-eth8	14526670	6050
1787823341.775056632	s2-eth9	14526555	6017
1787823341.775056632	s3-eth1	4425796226	3153975500
1787823341.775056632	s3-eth10	2569	5940
1787823341.775056632	s3-eth11	10221	721091588
1787823341.775056632	s3-eth12	2519	4048097
1787823341.775056632	s3-eth13	2030	6215
1787823341.775056632	s3-eth14	2370	3983339
1787823341.775056632	s3-eth15	8189	497679917
1787823341.775056632	s3-eth16	2607	3857544
1787823341.775056632	s3-eth17	1953	5718
1787823341.775056632	s3-eth18	2106	3909690
1787823341.775056632	s3-eth19	295764780	13763
1787823341.775056632	s3-eth2	24750	24680
1787823341.775056632	s3-eth20	14748294	5762
1787823341.775056632	s3-eth21	14728226	5829
1787823341.775056632	s3-eth22	14765759	5860
1787823341.775056632	s3-eth23	897779276	12568
1787823341.775056632	s3-eth24	14794541	5927
1787823341.775056632	s3-eth25	14779254	6257
1787823341.775056632	s3-eth26	14715375	5996
1787823341.775056632	s3-eth27	1011730805	13688
1787823341.775056632	s3-eth28	2677	5826
1787823341.775056632	s3-eth29	2558	5756
1787823341.775056632	s3-eth3	3773949	2444080161
1787823341.775056632	s3-eth30	2468	5896
1787823341.775056632	s3-eth31	894823950	12352
1787823341.775056632	s3-eth32	2517	5814
1787823341.775056632	s3-eth33	3415	5918
1787823341.775056632	s3-eth34	2965	5825
1787823341.775056632	s3-eth4	2210	4515441
1787823341.775056632	s3-eth5	2300	4476527
1787823341.775056632	s3-eth6	2300	4410195
1787823341.775056632	s3-eth7	9565	657783514
1787823341.775056632	s3-eth8	2367	4284510
1787823341.775056632	s3-eth9	2589	5940
1787823341.775056632	s4-eth1	5671282490	103962
1787823341.775056632	s4-eth10	2629	3660048
1787823341.775056632	s4-eth11	10357	879613584
1787823341.775056632	s4-eth12	2305	5821
1787823341.775056632	s4-eth13	2194	5776
1787823341.775056632	s4-eth14	1791	5575
1787823341.775056632	s4-eth15	8124	602474041
1787823341.775056632	s4-eth16	2187	3579513
1787823341.775056632	s4-eth17	2333	3464002
1787823341.775056632	s4-eth18	2531	3416555
1787823341.775056632	s4-eth19	10133	261492110
1787823341.775056632	s4-eth2	24707	22271
1787823341.775056632	s4-eth20	2222	8856958
1787823341.775056632	s4-eth21	2199	8865758
1787823341.775056632	s4-eth22	2210	8893329
1787823341.775056632	s4-eth23	8825	859484782
1787823341.775056632	s4-eth24	2344	8857245
1787823341.775056632	s4-eth25	2607	8398402
1787823341.775056632	s4-eth26	2186	8302059
1787823341.775056632	s4-eth27	9878	942196456
1787823341.775056632	s4-eth28	2086	6018
1787823341.775056632	s4-eth29	1996	5928
1787823341.775056632	s4-eth3	10309	234584784
1787823341.775056632	s4-eth30	1926	5928
1787823341.775056632	s4-eth31	8769	856899007
1787823341.775056632	s4-eth32	2004	6137
1787823341.775056632	s4-eth33	2198	5846
1787823341.775056632	s4-eth34	2085	5842
1787823341.775056632	s4-eth4	2471	3827390
1787823341.775056632	s4-eth5	2109	3887950
1787823341.775056632	s4-eth6	2039	3923966
1787823341.775056632	s4-eth7	9358	812895945
1787823341.775056632	s4-eth8	2307	3674554
1787823341.775056632	s4-eth9	2117	3840701
1787823341.775056632	s5-eth1	9965527126	3864567
1787823341.775056632	s5-eth2	2955553005	4340280288
1787823341.775056632	s5-eth3	3868666	7442806727
1787823341.775056632	s5-eth4	25432	22544
1787823341.775056632	s6-eth1	24707	24777
1787823341.775056632	s6-eth2	24707	24609
1787823341.775056632	s6-eth3	24707	22544
1787823341.775056632	s6-eth4	25557	24707
1787823341.775056632	s7-eth1	3165859049	4429891533
1787823341.775056632	s7-eth2	103962	5675829116
1787823341.775056632	s7-eth3	7266986782	3866160
1787823341.775056632	s7-eth4	25334	24707
1787823341.775056632	s8-eth1	24707	24777
1787823341.775056632	s8-eth2	22271	24707
1787823341.775056632	s8-eth3	24707	22474
1787823341.775056632	s8-eth4	25432	24707
1787823341.775056632	s9-eth1	7444082897	3868666
1787823341.775056632	s9-eth2	22544	24707
1787823341.775056632	s9-eth3	3866160	7267791418
1787823341.775056632	s9-eth4	22474	24707
1787823347.267267287	s10-eth1	22544	25432
1787823347.267267287	s10-eth2	24707	25557
1787823347.267267287	s10-eth3	24707	25334
1787823347.267267287	s10-eth4	24707	25432
1787823347.267267287	s1-eth1	3864688	9981027397
1787823347.267267287	s1-eth10	3227	6239
1787823347.267267287	s1-eth11	1020850965	14121
1787823347.267267287	s1-eth12	17040285	6352
1787823347.267267287	s1-eth13	2521	5770
1787823347.267267287	s1-eth14	17054393	5950
1787823347.267267287	s1-eth15	679339906	11859
1787823347.267267287	s1-eth16	16982306	6163
1787823347.267267287	s1-eth17	3313	5626
1787823347.267267287	s1-eth18	17074737	5916
1787823347.267267287	s1-eth19	3656898586	13598
1787823347.267267287	s1-eth2	24777	24707
1787823347.267267287	s1-eth20	17120372	5939
1787823347.267267287	s1-eth21	16239753	5941
1787823347.267267287	s1-eth22	2817	5626
1787823347.267267287	s1-eth23	894806920	12153
1787823347.267267287	s1-eth24	16169152	5888
1787823347.267267287	s1-eth25	3033	5770
1787823347.267267287	s1-eth26	13492784	5718
1787823347.267267287	s1-eth27	952755442	14059
1787823347.267267287	s1-eth28	3186	5916
1787823347.267267287	s1-eth29	3336	5822
1787823347.267267287	s1-eth3	4090689497	3777885
1787823347.267267287	s1-eth30	3125	5679
1787823347.267267287	s1-eth31	894807741	12372
1787823347.267267287	s1-eth32	14291699	5849
1787823347.267267287	s1-eth33	2936	5668
1787823347.267267287	s1-eth34	3451	5675
1787823347.267267287	s1-eth4	17374647	6216
1787823347.267267287	s1-eth5	17398965	5860
1787823347.267267287	s1-eth6	17413385	5950
1787823347.267267287	s1-eth7	898306351	13215
1787823347.267267287	s1-eth8	17440861	5927
1787823347.267267287	s1-eth9	2981	6015
1787823347.267267287	s2-eth1	4345589945	2979517724
1787823347.267267287	s2-eth10	17494442	6279
1787823347.267267287	s2-eth11	1022876956	14007
1787823347.267267287	s2-eth12	3425	5778
1787823347.267267287	s2-eth13	2833	5960
1787823347.267267287	s2-eth14	3610	5691
1787823347.267267287	s2-eth15	679474983	11774
1787823347.267267287	s2-eth16	17537541	6017
1787823347.267267287	s2-eth17	17696108	6073
1787823347.267267287	s2-eth18	17638871	6362
1787823347.267267287	s2-eth19	10137	2088090823
1787823347.267267287	s2-eth2	24609	24707
1787823347.267267287	s2-eth20	2289	7818886
1787823347.267267287	s2-eth21	2470	7230472
1787823347.267267287	s2-eth22	2254	6149
1787823347.267267287	s2-eth23	8707	677449531
1787823347.267267287	s2-eth24	2427	7077775
1787823347.267267287	s2-eth25	2332	6219
1787823347.267267287	s2-eth26	2202	5668666
1787823347.267267287	s2-eth27	10453	735623325
1787823347.267267287	s2-eth28	2478	6264
1787823347.267267287	s2-eth29	2305	5940
1787823347.267267287	s2-eth3	309473456	14209
1787823347.267267287	s2-eth30	2107	6082
1787823347.267267287	s2-eth31	8722	677627290
1787823347.267267287	s2-eth32	2199	5994600
1787823347.267267287	s2-eth33	2182	5874
1787823347.267267287	s2-eth34	2193	5993
1787823347.267267287	s2-eth4	18210980	6143
1787823347.267267287	s2-eth5	18311596	5939
1787823347.267267287	s2-eth6	18370676	5849
1787823347.267267287	s2-eth7	898471235	13101
1787823347.267267287	s2-eth8	18401324	6050
1787823347.267267287	s2-eth9	18399767	6017
1787823347.267267287	s3-eth1	4440992076	3202676287
1787823347.267267287	s3-eth10	2569	5940
1787823347.267267287	s3-eth11	10221	722537914
1787823347.267267287	s3-eth12	2519	5044519
1787823347.267267287	s3-eth13	2030	6215
1787823347.267267287	s3-eth14	2370	4955247
1787823347.267267287	s3-eth15	8189	497959665
1787823347.267267287	s3-eth16	2607	4879922
1787823347.267267287	s3-eth17	1953	5718
1787823347.267267287	s3-eth18	2106	4908996
1787823347.267267287	s3-eth19	311747908	13763
1787823347.267267287	s3-eth2	24804	24734
1787823347.267267287	s3-eth20	18778684	5762
1787823347.267267287	s3-eth21	18767268	5829
1787823347.267267287	s3-eth22	18826431	5860
1787823347.267267287	s3-eth23	898595448	12568
1787823347.267267287	s3-eth24	18892705	5927
1787823347.267267287	s3-eth25	18880302	6257
1787823347.267267287	s3-eth26	18784699	5996
1787823347.267267287	s3-eth27	1028003775	13688
1787823347.267267287	s3-eth28	2677	5826
1787823347.267267287	s3-eth29	2558	5756
1787823347.267267287	s3-eth3	3773949	2445526487
1787823347.267267287	s3-eth30	2468	5896
1787823347.267267287	s3-eth31	894823950	12352
1787823347.267267287	s3-eth32	2517	5814
1787823347.267267287	s3-eth33	3415	5918
1787823347.267267287	s3-eth34	2965	5825
1787823347.267267287	s3-eth4	2210	5637317
1787823347.267267287	s3-eth5	2300	5581099
1787823347.267267287	s3-eth6	2300	5470065
1787823347.267267287	s3-eth7	9632	658071914
1787823347.267267287	s3-eth8	2367	5315540
1787823347.267267287	s3-eth9	2656	5940
1787823347.267267287	s4-eth1	5722557153	104058
1787823347.267267287	s4-eth10	2629	4678100
1787823347.267267287	s4-eth11	10357	882249560
1787823347.267267287	s4-eth12	2305	5821
1787823347.267267287	s4-eth13	2194	5776
1787823347.267267287	s4-eth14	1791	5575
1787823347.267267287	s4-eth15	8124	602837425
1787823347.267267287	s4-eth16	2187	4636499
1787823347.267267287	s4-eth17	2333	4512336
1787823347.267267287	s4-eth18	2600	4421629
1787823347.267267287	s4-eth19	10133	268850636
1787823347.267267287	s4-eth2	24734	22298
1787823347.267267287	s4-eth20	2222	11308358
1787823347.267267287	s4-eth21	2199	11301296
1787823347.267267287	s4-eth22	2210	11321657
1787823347.267267287	s4-eth23	8825	860068792
1787823347.267267287	s4-eth24	2344	11297109
1787823347.267267287	s4-eth25	2607	10862780
1787823347.267267287	s4-eth26	2186	10715967
1787823347.267267287	s4-eth27	9878	950030842
1787823347.267267287	s4-eth28	2086	6018
1787823347.267267287	s4-eth29	1996	5928
1787823347.267267287	s4-eth3	10309	237664896
1787823347.267267287	s4-eth30	1926	5928
1787823347.267267287	s4-eth31	8769	856899007
1787823347.267267287	s4-eth32	2004	6137
1787823347.267267287	s4-eth33	2198	5846
1787823347.267267287	s4-eth34	2085	5842
1787823347.267267287	s4-eth4	2471	5182870
1787823347.267267287	s4-eth5	2109	5229010
1787823347.267267287	s4-eth6	2039	5262142
1787823347.267267287	s4-eth7	9358	813351617
1787823347.267267287	s4-eth8	2307	4949282
1787823347.267267287	s4-eth9	2117	5075053
1787823347.267267287	s5-eth1	10027019925	3865193
1787823347.267267287	s5-eth2	3010284672	4354859405
1787823347.267267287	s5-eth3	3869371	7501576416
1787823347.267267287	s5-eth4	25460	22571
1787823347.267267287	s6-eth1	24734	24804
1787823347.267267287	s6-eth2	24734	24636
1787823347.267267287	s6-eth3	24734	22571
1787823347.267267287	s6-eth4	25585	24734
1787823347.267267287	s7-eth1	3222916586	4448373262
1787823347.267267287	s7-eth2	104732	5738025318
1787823347.267267287	s7-eth3	7321081307	3866931
1787823347.267267287	s7-eth4	25362	24734
1787823347.267267287	s8-eth1	24734	24804
1787823347.267267287	s8-eth2	22298	24734
1787823347.267267287	s8-eth3	24734	22501
1787823347.267267287	s8-eth4	25460	24734
1787823347.267267287	s9-eth1	7504753208	3869437
1787823347.267267287	s9-eth2	22571	24734
1787823347.267267287	s9-eth3	3866931	7321402873
1787823347.267267287	s9-eth4	22501	24734
1787823354.670412016	s10-eth1	22598	25488
1787823354.670412016	s10-eth2	24761	25613
1787823354.670412016	s10-eth3	24761	25390
1787823354.670412016	s10-eth4	24761	25488
1787823354.670412016	s1-eth1	3866156	10054089070
1787823354.670412016	s1-eth10	3705	6306
1787823354.670412016	s1-eth11	1039993515	14121
1787823354.670412016	s1-eth12	21840781	6419
1787823354.670412016	s1-eth13	3052	6124
1787823354.670412016	s1-eth14	21880767	5950
1787823354.670412016	s1-eth15	680310372	11859
1787823354.670412016	s1-eth16	21853382	6163
1787823354.670412016	s1-eth17	3446	5626
1787823354.670412016	s1-eth18	21990515	5916
1787823354.670412016	s1-eth19	3676613610	13598
1787823354.670412016	s1-eth2	24831	24761
1787823354.670412016	s1-eth20	22098156	5939
1787823354.670412016	s1-eth21	21240609	5941
1787823354.670412016	s1-eth22	2950	5626
1787823354.670412016	s1-eth23	894807251	12351
1787823354.670412016	s1-eth24	21220478	5888
1787823354.670412016	s1-eth25	3442	6034
1787823354.670412016	s1-eth26	18594580	5718
1787823354.670412016	s1-eth27	952755520	14126
1787823354.670412016	s1-eth28	3517	6114
1787823354.670412016	s1-eth29	3336	5822
1787823354.670412016	s1-eth3	4111513419	3777885
1787823354.670412016	s1-eth30	3125	5679
1787823354.670412016	s1-eth31	894808072	12504
1787823354.670412016	s1-eth32	19549231	5849
1787823354.670412016	s1-eth33	2936	5668
1787823354.670412016	s1-eth34	3451	5675
1787823354.670412016	s1-eth4	22630737	6216
1787823354.670412016	s1-eth5	22644961	5860
1787823354.670412016	s1-eth6	22650729	5950
1787823354.670412016	s1-eth7	899351879	13282
1787823354.670412016	s1-eth8	22675321	5927
1787823354.670412016	s1-eth9	3448	6015
1787823354.670412016	s2-eth1	4364429747	3046810252
1787823354.670412016	s2-eth10	22708714	6279
1787823354.670412016	s2-eth11	1043615800	14007
1787823354.670412016	s2-eth12	3425	5778
1787823354.670412016	s2-eth13	3309	6092
1787823354.670412016	s2-eth14	3819	5745
1787823354.670412016	s2-eth15	680494477	11774
1787823354.670412016	s2-eth16	22609055	6017
1787823354.670412016	s2-eth17	22770506	6073
1787823354.670412016	s2-eth18	22701733	6362
1787823354.670412016	s2-eth19	10137	2090824855
1787823354.670412016	s2-eth2	24663	24761
1787823354.670412016	s2-eth20	2289	9883830
1787823354.670412016	s2-eth21	2470	9220432
1787823354.670412016	s2-eth22	2254	6149
1787823354.670412016	s2-eth23	8905	677449730
1787823354.670412016	s2-eth24	2427	9007171
1787823354.670412016	s2-eth25	2596	6352
1787823354.670412016	s2-eth26	2202	7564896
1787823354.670412016	s2-eth27	10520	735623403
1787823354.670412016	s2-eth28	2676	6463
1787823354.670412016	s2-eth29	2305	5940
1787823354.670412016	s2-eth3	328755880	14209
1787823354.670412016	s2-eth30	2107	6082
1787823354.670412016	s2-eth31	8920	677627423
1787823354.670412016	s2-eth32	2199	7807194
1787823354.670412016	s2-eth33	2182	5874
1787823354.670412016	s2-eth34	2193	5993
1787823354.670412016	s2-eth4	22960928	6143
1787823354.670412016	s2-eth5	23044240	5939
1787823354.670412016	s2-eth6	23071596	5849
1787823354.670412016	s2-eth7	899407093	13101
1787823354.670412016	s2-eth8	23053216	6050
1787823354.670412016	s2-eth9	23030029	6017
1787823354.670412016	s3-eth1	4457524881	3255161972
1787823354.670412016	s3-eth10	2636	5940
1787823354.670412016	s3-eth11	10221	724080854
1787823354.670412016	s3-eth12	2586	6137633
1787823354.670412016	s3-eth13	2384	6481
1787823354.670412016	s3-eth14	2370	6020885
1787823354.670412016	s3-eth15	8189	498157219
1787823354.670412016	s3-eth16	2675	5889322
1787823354.670412016	s3-eth17	1953	5718
1787823354.670412016	s3-eth18	2106	5867926
1787823354.670412016	s3-eth19	329154290	13763
1787823354.670412016	s3-eth2	24831	24761
1787823354.670412016	s3-eth20	23075844	5762
1787823354.670412016	s3-eth21	23039914	5829
1787823354.670412016	s3-eth22	23073121	5860
1787823354.670412016	s3-eth23	899440460	12568
1787823354.670412016	s3-eth24	23099019	5927
1787823354.670412016	s3-eth25	23099672	6325
1787823354.670412016	s3-eth26	23042925	5996
1787823354.670412016	s3-eth27	1045035237	13688
1787823354.670412016	s3-eth28	2943	5892
1787823354.670412016	s3-eth29	2890	5900
1787823354.670412016	s3-eth3	3773949	2447102593
1787823354.670412016	s3-eth30	2800	6040
1787823354.670412016	s3-eth31	894824149	12484
1787823354.670412016	s3-eth32	2981	6012
1787823354.670412016	s3-eth33	3680	6116
1787823354.670412016	s3-eth34	3164	5957
1787823354.670412016	s3-eth4	2210	6816873
1787823354.670412016	s3-eth5	2300	6687113
1787823354.670412016	s3-eth6	2300	6597709
1787823354.670412016	s3-eth7	9632	658295424
1787823354.670412016	s3-eth8	2367	6424438
1787823354.670412016	s3-eth9	2656	5940
1787823354.670412016	s4-eth1	5785088268	105683
1787823354.670412016	s4-eth10	2629	5684616
1787823354.670412016	s4-eth11	10357	885309484
1787823354.670412016	s4-eth12	2305	5821
1787823354.670412016	s4-eth13	2524	5843
1787823354.670412016	s4-eth14	1845	5784
1787823354.670412016	s4-eth15	8124	603125825
1787823354.670412016	s4-eth16	2187	5604081
1787823354.670412016	s4-eth17	2333	5443868
1787823354.670412016	s4-eth18	2600	5400747
1787823354.670412016	s4-eth19	10133	278690844
1787823354.670412016	s4-eth2	24761	22325
1787823354.670412016	s4-eth20	2222	14261574
1787823354.670412016	s4-eth21	2199	14266048
1787823354.670412016	s4-eth22	2210	14271989
1787823354.670412016	s4-eth23	8825	860711924
1787823354.670412016	s4-eth24	2344	14182551
1787823354.670412016	s4-eth25	2675	13739570
1787823354.670412016	s4-eth26	2186	13477397
1787823354.670412016	s4-eth27	9878	959611490
1787823354.670412016	s4-eth28	2152	6151
1787823354.670412016	s4-eth29	2140	6127
1787823354.670412016	s4-eth3	10309	240747892
1787823354.670412016	s4-eth30	2070	6127
1787823354.670412016	s4-eth31	8967	856899206
1787823354.670412016	s4-eth32	2202	6270
1787823354.670412016	s4-eth33	2462	6045
1787823354.670412016	s4-eth34	2217	6041
1787823354.670412016	s4-eth4	2471	6130264
1787823354.670412016	s4-eth5	2109	6172078
1787823354.670412016	s4-eth6	2039	6218188
1787823354.670412016	s4-eth7	9358	813603967
1787823354.670412016	s4-eth8	2307	5850532
1787823354.670412016	s4-eth9	2117	5931601
1787823354.670412016	s5-eth1	10094112856	3866422
1787823354.670412016	s5-eth2	3068058663	4369752633
1787823354.670412016	s5-eth3	3869862	7554941331
1787823354.670412016	s5-eth4	25488	22598
1787823354.670412016	s6-eth1	24761	24831
1787823354.670412016	s6-eth2	24761	24663
1787823354.670412016	s6-eth3	24761	22598
1787823354.670412016	s6-eth4	25613	24761
1787823354.670412016	s7-eth1	3272153058	4461804737
1787823354.670412016	s7-eth2	105749	5794184471
1787823354.670412016	s7-eth3	7357945100	3867356
1787823354.670412016	s7-eth4	25390	24761
1787823354.670412016	s8-eth1	24761	24831
1787823354.670412016	s8-eth2	22325	24761
1787823354.670412016	s8-eth3	24761	22528
1787823354.670412016	s8-eth4	25488	24761
1787823354.670412016	s9-eth1	7556531857	3869862
1787823354.670412016	s9-eth2	22598	24761
1787823354.670412016	s9-eth3	3867356	7358654564
1787823354.670412016	s9-eth4	22528	24761
1787823360.921238566	s10-eth1	22625	25516
1787823360.921238566	s10-eth2	24788	25641
1787823360.921238566	s10-eth3	24788	25418
1787823360.921238566	s10-eth4	24788	25516
1787823360.921238566	s1-eth1	3866515	10121372718
1787823360.921238566	s1-eth10	3839	6376
1787823360.921238566	s1-eth11	1055985295	14121
1787823360.921238566	s1-eth12	25822143	6419
1787823360.921238566	s1-eth13	3052	6124
1787823360.921238566	s1-eth14	25836173	5950
1787823360.921238566	s1-eth15	681094820	11859
1787823360.921238566	s1-eth16	25771374	6231
1787823360.921238566	s1-eth17	3713	5626
1787823360.921238566	s1-eth18	25856517	5916
1787823360.921238566	s1-eth19	3692017054	13598
1787823360.921238566	s1-eth2	24858	24788
1787823360.921238566	s1-eth20	25902152	5939
1787823360.921238566	s1-eth21	25017207	5941
1787823360.921238566	s1-eth22	3216	5758
1787823360.921238566	s1-eth23	894807251	12351
1787823360.921238566	s1-eth24	24994192	5958
1787823360.921238566	s1-eth25	3442	6034
1787823360.921238566	s1-eth26	22369736	5718
1787823360.921238566	s1-eth27	952755520	14196
1787823360.921238566	s1-eth28	3517	6114
1787823360.921238566	s1-eth29	3336	5822
1787823360.921238566	s1-eth3	4126462633	3777885
1787823360.921238566	s1-eth30	3125	5679
1787823360.921238566	s1-eth31	894808072	12504
1787823360.921238566	s1-eth32	23243635	5849
1787823360.921238566	s1-eth33	3201	5800
1787823360.921238566	s1-eth34	3451	5675
1787823360.921238566	s1-eth4	26286207	6216
1787823360.921238566	s1-eth5	26298989	5860
1787823360.921238566	s1-eth6	26301873	5950
1787823360.921238566	s1-eth7	900075763	13282
1787823360.921238566	s1-eth8	26293299	5927
1787823360.921238566	s1-eth9	3515	6015
1787823360.921238566	s2-eth1	4377160412	3099485848
1787823360.921238566	s2-eth10	26328134	6279
1787823360.921238566	s2-eth11	1058106458	14007
1787823360.921238566	s2-eth12	3756	5910
1787823360.921238566	s2-eth13	3531	6224
1787823360.921238566	s2-eth14	3819	5745
1787823360.921238566	s2-eth15	681218361	11774
1787823360.921238566	s2-eth16	26228475	6017
1787823360.921238566	s2-eth17	26374064	6073
1787823360.921238566	s2-eth18	26325479	6362
1787823360.921238566	s2-eth19	10137	2093538699
1787823360.921238566	s2-eth2	24690	24788
1787823360.921238566	s2-eth20	2289	11252288
1787823360.921238566	s2-eth21	2540	10591774
1787823360.921238566	s2-eth22	2386	6282
1787823360.921238566	s2-eth23	8905	677449730
1787823360.921238566	s2-eth24	2427	10377071
1787823360.921238566	s2-eth25	2596	6352
1787823360.921238566	s2-eth26	2202	8872790
1787823360.921238566	s2-eth27	10520	735623403
1787823360.921238566	s2-eth28	2676	6463
1787823360.921238566	s2-eth29	2305	5940
1787823360.921238566	s2-eth3	344345342	14209
1787823360.921238566	s2-eth30	2107	6082
1787823360.921238566	s2-eth31	8920	677627423
1787823360.921238566	s2-eth32	2199	9138160
1787823360.921238566	s2-eth33	2314	6073
1787823360.921238566	s2-eth34	2193	5993
1787823360.921238566	s2-eth4	26933638	6143
1787823360.921238566	s2-eth5	27024160	5939
1787823360.921238566	s2-eth6	27063052	5849
1787823360.921238566	s2-eth7	900205961	13101
1787823360.921238566	s2-eth8	27056208	6050
1787823360.921238566	s2-eth9	27056093	6017
1787823360.921238566	s3-eth1	4470074634	3307610423
1787823360.921238566	s3-eth10	2636	6010
1787823360.921238566	s3-eth11	10221	725867492
1787823360.921238566	s3-eth12	2586	7061955
1787823360.921238566	s3-eth13	2384	6481
1787823360.921238566	s3-eth14	2370	6900505
1787823360.921238566	s3-eth15	8189	498351889
1787823360.921238566	s3-eth16	2675	6748754
1787823360.921238566	s3-eth17	1953	5718
1787823360.921238566	s3-eth18	2106	6789364
1787823360.921238566	s3-eth19	345790644	13763
1787823360.921238566	s3-eth2	24858	24788
1787823360.921238566	s3-eth20	27227362	5762
1787823360.921238566	s3-eth21	27197200	5829
1787823360.921238566	s3-eth22	27215987	5860
1787823360.921238566	s3-eth23	900269610	12568
1787823360.921238566	s3-eth24	27250537	5927
1787823360.921238566	s3-eth25	27229560	6325
1787823360.921238566	s3-eth26	27155509	5996
1787823360.921238566	s3-eth27	1061404821	13688
1787823360.921238566	s3-eth28	2943	5892
1787823360.921238566	s3-eth29	2890	5900
1787823360.921238566	s3-eth3	3773949	2448903651
1787823360.921238566	s3-eth30	2800	6040
1787823360.921238566	s3-eth31	894824149	12484
1787823360.921238566	s3-eth32	2981	6012
1787823360.921238566	s3-eth33	3680	6116
1787823360.921238566	s3-eth34	3164	5957
1787823360.921238566	s3-eth4	2210	7770035
1787823360.921238566	s3-eth5	2300	7592689
1787823360.921238566	s3-eth6	2300	7454257
1787823360.921238566	s3-eth7	9632	658500188
1787823360.921238566	s3-eth8	2367	7247820
1787823360.921238566	s3-eth9	2656	5940
1787823360.921238566	s4-eth1	5838429450	105908
1787823360.921238566	s4-eth10	2629	6688248
1787823360.921238566	s4-eth11	10357	888412668
1787823360.921238566	s4-eth12	2437	5954
1787823360.921238566	s4-eth13	2590	5843
1787823360.921238566	s4-eth14	1845	5784
1787823360.921238566	s4-eth15	8124	603359429
1787823360.921238566	s4-eth16	2187	6503889
1787823360.921238566	s4-eth17	2333	6381168
1787823360.921238566	s4-eth18	2600	6414473
1787823360.921238566	s4-eth19	10133	286068186
1787823360.921238566	s4-eth2	24788	22352
1787823360.921238566	s4-eth20	2222	16558680
1787823360.921238566	s4-eth21	2199	16581900
1787823360.921238566	s4-eth22	2210	16437873
1787823360.921238566	s4-eth23	8825	861202204
1787823360.921238566	s4-eth24	2344	16352761
1787823360.921238566	s4-eth25	2675	15906896
1787823360.921238566	s4-eth26	2186	15610115
1787823360.921238566	s4-eth27	9878	966788324
1787823360.921238566	s4-eth28	2152	6221
1787823360.921238566	s4-eth29	2140	6127
1787823360.921238566	s4-eth3	10309	243852518
1787823360.921238566	s4-eth30	2070	6127
1787823360.921238566	s4-eth31	8967	856899206
1787823360.921238566	s4-eth32	2202	6270
1787823360.921238566	s4-eth33	2462	6045
1787823360.921238566	s4-eth34	2217	6041
1787823360.921238566	s4-eth4	2471	7152642
1787823360.921238566	s4-eth5	2109	7156964
1787823360.921238566	s4-eth6	2039	7204516
1787823360.921238566	s4-eth7	9358	813807289
1787823360.921238566	s4-eth8	2307	6754666
1787823360.921238566	s4-eth9	2117	6965515
1787823360.921238566	s5-eth1	10156128028	3866609
1787823360.921238566	s5-eth2	3124719632	4383185248
1787823360.921238566	s5-eth3	3870048	7610278279
1787823360.921238566	s5-eth4	25544	22652
1787823360.921238566	s6-eth1	24815	24885
1787823360.921238566	s6-eth2	24815	24717
1787823360.921238566	s6-eth3	24815	22652
1787823360.921238566	s6-eth4	25669	24815
1787823360.921238566	s7-eth1	3323019662	4474403545
1787823360.921238566	s7-eth2	105935	5846682043
1787823360.921238566	s7-eth3	7402306908	3867542
1787823360.921238566	s7-eth4	25446	24815
1787823360.921238566	s8-eth1	24815	24885
1787823360.921238566	s8-eth2	22379	24815
1787823360.921238566	s8-eth3	24815	22582
1787823360.921238566	s8-eth4	25544	24815
1787823360.921238566	s9-eth1	7614160143	3870048
1787823360.921238566	s9-eth2	22652	24815
1787823360.921238566	s9-eth3	3867542	7404526146
1787823360.921238566	s9-eth4	22582	24815
1787823367.573742147	s10-eth1	22652	25544
1787823367.573742147	s10-eth2	24815	25669
1787823367.573742147	s10-eth3	24815	25446
1787823367.573742147	s10-eth4	24815	25544
1787823367.573742147	s1-eth1	3866687	10181882559
1787823367.573742147	s1-eth10	3906	6376
1787823367.573742147	s1-eth11	1073512805	14121
1787823367.573742147	s1-eth12	30201497	6419
1787823367.573742147	s1-eth13	3052	6124
1787823367.573742147	s1-eth14	30216969	5950
1787823367.573742147	s1-eth15	681971556	11859
1787823367.573742147	s1-eth16	30146402	6231
1787823367.573742147	s1-eth17	3780	5626
1787823367.573742147	s1-eth18	30250291	5916
1787823367.573742147	s1-eth19	3709596476	13598
1787823367.573742147	s1-eth2	24885	24815
1787823367.573742147	s1-eth20	30339186	5939
1787823367.573742147	s1-eth21	29471545	5941
1787823367.573742147	s1-eth22	3216	5758
1787823367.573742147	s1-eth23	894807251	12351
1787823367.573742147	s1-eth24	29402386	5958
1787823367.573742147	s1-eth25	3442	6034
1787823367.573742147	s1-eth26	26728902	5718
1787823367.573742147	s1-eth27	952755786	14196
1787823367.573742147	s1-eth28	3517	6114
1787823367.573742147	s1-eth29	3680	5967
1787823367.573742147	s1-eth3	4143564753	3777885
1787823367.573742147	s1-eth30	3125	5679
1787823367.573742147	s1-eth31	894808072	12504
1787823367.573742147	s1-eth32	27480231	5849
1787823367.573742147	s1-eth33	3201	5800
1787823367.573742147	s1-eth34	3451	5675
1787823367.573742147	s1-eth4	30499731	6216
1787823367.573742147	s1-eth5	30512513	5860
1787823367.573742147	s1-eth6	30513955	5950
1787823367.573742147	s1-eth7	900920775	13282
1787823367.573742147	s1-eth8	30486635	5927
1787823367.573742147	s1-eth9	3582	6015
1787823367.573742147	s2-eth1	4390285855	3156374560
1787823367.573742147	s2-eth10	30491188	6279
1787823367.573742147	s2-eth11	1074721182	14007
1787823367.573742147	s2-eth12	3756	5910
1787823367.573742147	s2-eth13	3597	6224
1787823367.573742147	s2-eth14	3819	5745
1787823367.573742147	s2-eth15	682053279	11774
1787823367.573742147	s2-eth16	30400181	6017
1787823367.573742147	s2-eth17	30538560	6073
1787823367.573742147	s2-eth18	30459693	6362
1787823367.573742147	s2-eth19	10137	2096582761
1787823367.573742147	s2-eth2	24717	24815
1787823367.573742147	s2-eth20	2289	12852908
1787823367.573742147	s2-eth21	2540	12114526
1787823367.573742147	s2-eth22	2386	6282
1787823367.573742147	s2-eth23	8905	677449730
1787823367.573742147	s2-eth24	2427	11901265
1787823367.573742147	s2-eth25	2596	6352
1787823367.573742147	s2-eth26	2202	10369586
1787823367.573742147	s2-eth27	10928	735623603
1787823367.573742147	s2-eth28	2676	6463
1787823367.573742147	s2-eth29	2450	6006
1787823367.573742147	s2-eth3	359659382	14209
1787823367.573742147	s2-eth30	2107	6082
1787823367.573742147	s2-eth31	8920	677627423
1787823367.573742147	s2-eth32	2199	10565740
1787823367.573742147	s2-eth33	2314	6073
1787823367.573742147	s2-eth34	2193	5993
1787823367.573742147	s2-eth4	30648230	6143
1787823367.573742147	s2-eth5	30740194	5939
1787823367.573742147	s2-eth6	30771876	5849
1787823367.573742147	s2-eth7	900947149	13101
1787823367.573742147	s2-eth8	30749170	6050
1787823367.573742147	s2-eth9	30728867	6017
1787823367.573742147	s3-eth1	4482337429	3352681602
1787823367.573742147	s3-eth10	2636	6010
1787823367.573742147	s3-eth11	10221	727495510
1787823367.573742147	s3-eth12	2586	7823331
1787823367.573742147	s3-eth13	2384	6481
1787823367.573742147	s3-eth14	2370	7646019
1787823367.573742147	s3-eth15	8189	498485995
1787823367.573742147	s3-eth16	2675	7514456
1787823367.573742147	s3-eth17	1953	5718
1787823367.573742147	s3-eth18	2106	7566602
1787823367.573742147	s3-eth19	360337540	13763
1787823367.573742147	s3-eth2	24885	24815
1787823367.573742147	s3-eth20	30868412	5762
1787823367.573742147	s3-eth21	30844018	5829
1787823367.573742147	s3-eth22	30874341	5860
1787823367.573742147	s3-eth23	900999262	12568
1787823367.573742147	s3-eth24	30895913	5927
1787823367.573742147	s3-eth25	30880704	6325
1787823367.573742147	s3-eth26	30796559	5996
1787823367.573742147	s3-eth27	1075973347	13688
1787823367.573742147	s3-eth28	2943	5892
1787823367.573742147	s3-eth29	2890	5900
1787823367.573742147	s3-eth3	3773949	2450530227
1787823367.573742147	s3-eth30	2800	6040
1787823367.573742147	s3-eth31	894824149	12484
1787823367.573742147	s3-eth32	2981	6012
1787823367.573742147	s3-eth33	3680	6116
1787823367.573742147	s3-eth34	3164	5957
1787823367.573742147	s3-eth4	2210	8551599
1787823367.573742147	s3-eth5	2300	8372811
1787823367.573742147	s3-eth6	2300	8214191
1787823367.573742147	s3-eth7	9632	658653040
1787823367.573742147	s3-eth8	2367	8033710
1787823367.573742147	s3-eth9	2656	5940
1787823367.573742147	s4-eth1	5885672347	106028
1787823367.573742147	s4-eth10	2629	7510188
1787823367.573742147	s4-eth11	10357	890483380
1787823367.573742147	s4-eth12	2437	5954
1787823367.573742147	s4-eth13	2656	5909
1787823367.573742147	s4-eth14	1845	5784
1787823367.573742147	s4-eth15	8124	603542563
1787823367.573742147	s4-eth16	2187	7307083
1787823367.573742147	s4-eth17	2333	7152638
1787823367.573742147	s4-eth18	2600	7119611
1787823367.573742147	s4-eth19	10133	291549228
1787823367.573742147	s4-eth2	24842	22406
1787823367.573742147	s4-eth20	2222	18303500
1787823367.573742147	s4-eth21	2199	18401704
1787823367.573742147	s4-eth22	2210	18233163
1787823367.573742147	s4-eth23	8825	861595870
1787823367.573742147	s4-eth24	2344	18084603
1787823367.573742147	s4-eth25	2675	17667578
1787823367.573742147	s4-eth26	2186	17252553
1787823367.573742147	s4-eth27	9878	972071812
1787823367.573742147	s4-eth28	2152	6221
1787823367.573742147	s4-eth29	2140	6127
1787823367.573742147	s4-eth3	10309	246318338
1787823367.573742147	s4-eth30	2070	6127
1787823367.573742147	s4-eth31	8967	856899206
1787823367.573742147	s4-eth32	2202	6270
1787823367.573742147	s4-eth33	2462	6045
1787823367.573742147	s4-eth34	2217	6041
1787823367.573742147	s4-eth4	2471	8055334
1787823367.573742147	s4-eth5	2109	8040910
1787823367.573742147	s4-eth6	2039	8110092
1787823367.573742147	s4-eth7	9358	814009169
1787823367.573742147	s4-eth8	2307	7605446
1787823367.573742147	s4-eth9	2117	7712471
1787823367.573742147	s5-eth1	10216306143	3866858
1787823367.573742147	s5-eth2	3179341465	4394838475
1787823367.573742147	s5-eth3	3870141	7661093010
1787823367.573742147	s5-eth4	25572	22679
1787823367.573742147	s6-eth1	24842	24912
1787823367.573742147	s6-eth2	24842	24744
1787823367.573742147	s6-eth3	24842	22679
1787823367.573742147	s6-eth4	25697	24842
1787823367.573742147	s7-eth1	3370155785	4488215048
1787823367.573742147	s7-eth2	106028	5897182391
1787823367.573742147	s7-eth3	7443747197	3867635
1787823367.573742147	s7-eth4	25474	24842
1787823367.573742147	s8-eth1	24842	24912
1787823367.573742147	s8-eth2	22406	24842
1787823367.573742147	s8-eth3	24842	22609
1787823367.573742147	s8-eth4	25572	24842
1787823367.573742147	s9-eth1	7666178944	3870141
1787823367.573742147	s9-eth2	22679	24842
1787823367.573742147	s9-eth3	3867635	7447249815
1787823367.573742147	s9-eth4	22609	24842
1787823373.285381790	s10-eth1	22679	25572
1787823373.285381790	s10-eth2	24842	25697
1787823373.285381790	s10-eth3	24842	25474
1787823373.285381790	s10-eth4	24842	25572
1787823373.285381790	s1-eth1	3866990	10255928110
1787823373.285381790	s1-eth10	3906	6376
1787823373.285381790	s1-eth11	1088156315	14121
1787823373.285381790	s1-eth12	33869945	6419
1787823373.285381790	s1-eth13	3052	6124
1787823373.285381790	s1-eth14	33924351	5950
1787823373.285381790	s1-eth15	682718512	11859
1787823373.285381790	s1-eth16	33902812	6231
1787823373.285381790	s1-eth17	3780	5626
1787823373.285381790	s1-eth18	34025447	5916
1787823373.285381790	s1-eth19	3724792272	13598
1787823373.285381790	s1-eth2	24912	24842
1787823373.285381790	s1-eth20	34131646	5939
1787823373.285381790	s1-eth21	33269773	5941
1787823373.285381790	s1-eth22	3216	5758
1787823373.285381790	s1-eth23	894807251	12351
1787823373.285381790	s1-eth24	33246758	5958
1787823373.285381790	s1-eth25	3442	6034
1787823373.285381790	s1-eth26	30576158	5718
1787823373.285381790	s1-eth27	952755919	14340
1787823373.285381790	s1-eth28	3517	6114
1787823373.285381790	s1-eth29	3813	6099
1787823373.285381790	s1-eth3	4159002805	3777885
1787823373.285381790	s1-eth30	3125	5679
1787823373.285381790	s1-eth31	894808072	12504
1787823373.285381790	s1-eth32	31343349	5849
1787823373.285381790	s1-eth33	3201	5800
1787823373.285381790	s1-eth34	3451	5675
1787823373.285381790	s1-eth4	34380153	6216
1787823373.285381790	s1-eth5	34403029	5860
1787823373.285381790	s1-eth6	34394377	5950
1787823373.285381790	s1-eth7	901699455	13282
1787823373.285381790	s1-eth8	34393013	5927
1787823373.285381790	s1-eth9	3582	6015
1787823373.285381790	s2-eth1	4406285231	3214801846
1787823373.285381790	s2-eth10	34404776	6279
1787823373.285381790	s2-eth11	1090400048	14007
1787823373.285381790	s2-eth12	3756	5910
1787823373.285381790	s2-eth13	3597	6290
1787823373.285381790	s2-eth14	3819	5745
1787823373.285381790	s2-eth15	682836285	11774
1787823373.285381790	s2-eth16	34322421	6017
1787823373.285381790	s2-eth17	34475220	6073
1787823373.285381790	s2-eth18	34399237	6362
1787823373.285381790	s2-eth19	10137	2101553335
1787823373.285381790	s2-eth2	24771	24869
1787823373.285381790	s2-eth20	2289	14851520
1787823373.285381790	s2-eth21	2540	14169376
1787823373.285381790	s2-eth22	2386	6282
1787823373.285381790	s2-eth23	8905	677449730
1787823373.285381790	s2-eth24	2427	13927275
1787823373.285381790	s2-eth25	2596	6352
1787823373.285381790	s2-eth26	2202	12420110
1787823373.285381790	s2-eth27	10994	735623669
1787823373.285381790	s2-eth28	2676	6463
1787823373.285381790	s2-eth29	2582	6139
1787823373.285381790	s2-eth3	376164514	14209
1787823373.285381790	s2-eth30	2107	6082
1787823373.285381790	s2-eth31	8920	677627423
1787823373.285381790	s2-eth32	2199	12577330
1787823373.285381790	s2-eth33	2314	6073
1787823373.285381790	s2-eth34	2193	5993
1787823373.285381790	s2-eth4	34791096	6143
1787823373.285381790	s2-eth5	34875850	5939
1787823373.285381790	s2-eth6	34919068	5849
1787823373.285381790	s2-eth7	901782067	13101
1787823373.285381790	s2-eth8	34954042	6050
1787823373.285381790	s2-eth9	34943833	6017
1787823373.285381790	s3-eth1	4500818155	3409427240
1787823373.285381790	s3-eth10	2636	6010
1787823373.285381790	s3-eth11	10221	730323272
1787823373.285381790	s3-eth12	2586	9092291
1787823373.285381790	s3-eth13	2384	6481
1787823373.285381790	s3-eth14	2370	8887581
1787823373.285381790	s3-eth15	8189	498772953
1787823373.285381790	s3-eth16	2675	8666614
1787823373.285381790	s3-eth17	1953	5718
1787823373.285381790	s3-eth18	2106	8717318
1787823373.285381790	s3-eth19	376867186	13763
1787823373.285381790	s3-eth2	24939	24869
1787823373.285381790	s3-eth20	35002626	5762
1787823373.285381790	s3-eth21	34969580	5829
1787823373.285381790	s3-eth22	34999903	5860
1787823373.285381790	s3-eth23	901824086	12568
1787823373.285381790	s3-eth24	35017149	5927
1787823373.285381790	s3-eth25	34997614	6325
1787823373.285381790	s3-eth26	34913469	5996
1787823373.285381790	s3-eth27	1092404937	13688
1787823373.285381790	s3-eth28	2943	5892
1787823373.285381790	s3-eth29	2890	5900
1787823373.285381790	s3-eth3	3773949	2453519493
1787823373.285381790	s3-eth30	2800	6040
1787823373.285381790	s3-eth31	894824149	12484
1787823373.285381790	s3-eth32	2981	6012
1787823373.285381790	s3-eth33	3680	6116
1787823373.285381790	s3-eth34	3164	5957
1787823373.285381790	s3-eth4	2210	9946013
1787823373.285381790	s3-eth5	2300	9735501
1787823373.285381790	s3-eth6	2300	9550925
1787823373.285381790	s3-eth7	9632	658983258
1787823373.285381790	s3-eth8	2367	9364676
1787823373.285381790	s3-eth9	2656	5940
1787823373.285381790	s4-eth1	5936727799	106055
1787823373.285381790	s4-eth10	2629	8450372
1787823373.285381790	s4-eth11	10357	893394778
1787823373.285381790	s4-eth12	2437	5954
1787823373.285381790	s4-eth13	2656	5909
1787823373.285381790	s4-eth14	1845	5784
1787823373.285381790	s4-eth15	8124	603734349
1787823373.285381790	s4-eth16	2187	8228521
1787823373.285381790	s4-eth17	2333	8123104
1787823373.285381790	s4-eth18	2600	8062679
1787823373.285381790	s4-eth19	10133	298387192
1787823373.285381790	s4-eth2	24869	22433
1787823373.285381790	s4-eth20	2222	20232896
1787823373.285381790	s4-eth21	2199	20243138
1787823373.285381790	s4-eth22	2210	20091901
1787823373.285381790	s4-eth23	8825	861983768
1787823373.285381790	s4-eth24	2344	20003905
1787823373.285381790	s4-eth25	2675	19631582
1787823373.285381790	s4-eth26	2186	19148783
1787823373.285381790	s4-eth27	9878	978294042
1787823373.285381790	s4-eth28	2152	6221
1787823373.285381790	s4-eth29	2140	6127
1787823373.285381790	s4-eth3	10309	249277322
1787823373.285381790	s4-eth30	2070	6127
1787823373.285381790	s4-eth31	8967	856899206
1787823373.285381790	s4-eth32	2202	6270
1787823373.285381790	s4-eth33	2462	6045
1787823373.285381790	s4-eth34	2217	6041
1787823373.285381790	s4-eth4	2471	8956584
1787823373.285381790	s4-eth5	2109	8985420
1787823373.285381790	s4-eth6	2039	9038740
1787823373.285381790	s4-eth7	9358	814232679
1787823373.285381790	s4-eth8	2307	8459110
1787823373.285381790	s4-eth9	2117	8570461
1787823373.285381790	s5-eth1	10285265600	3867017
1787823373.285381790	s5-eth2	3232056818	4410141139
1787823373.285381790	s5-eth3	3870168	7718824949
1787823373.285381790	s5-eth4	25600	22706
1787823373.285381790	s6-eth1	24869	24939
1787823373.285381790	s6-eth2	24869	24771
1787823373.285381790	s6-eth3	24869	22706
1787823373.285381790	s6-eth4	25725	24869
1787823373.285381790	s7-eth1	3419655346	4503513253
1787823373.285381790	s7-eth2	106055	5944911149
1787823373.285381790	s7-eth3	7494100422	3867662
1787823373.285381790	s7-eth4	25502	24869
1787823373.285381790	s8-eth1	24869	24939
1787823373.285381790	s8-eth2	22433	24869
1787823373.285381790	s8-eth3	24869	22636
1787823373.285381790	s8-eth4	25600	24869
1787823373.285381790	s9-eth1	7725660029	3870168
1787823373.285381790	s9-eth2	22706	24869
1787823373.285381790	s9-eth3	3867662	7496916648
1787823373.285381790	s9-eth4	22636	24869
1787823379.145612588	s10-eth1	22706	25600
1787823379.145612588	s10-eth2	24869	25725
1787823379.145612588	s10-eth3	24869	25502
1787823379.145612588	s10-eth4	24869	25600
1787823379.145612588	s1-eth1	3867084	10314864170
1787823379.145612588	s1-eth10	3906	6376
1787823379.145612588	s1-eth11	1102945467	14121
1787823379.145612588	s1-eth12	37557139	6419
1787823379.145612588	s1-eth13	3052	6124
1787823379.145612588	s1-eth14	37576937	5950
1787823379.145612588	s1-eth15	683446722	11859
1787823379.145612588	s1-eth16	37530884	6231
1787823379.145612588	s1-eth17	3780	5626
1787823379.145612588	s1-eth18	37646309	5916
1787823379.145612588	s1-eth19	3739173338	13598
1787823379.145612588	s1-eth2	24966	24896
1787823379.145612588	s1-eth20	37694828	5939
1787823379.145612588	s1-eth21	36812767	5941
1787823379.145612588	s1-eth22	3216	5758
1787823379.145612588	s1-eth23	894807251	12351
1787823379.145612588	s1-eth24	36778216	5958
1787823379.145612588	s1-eth25	3442	6034
1787823379.145612588	s1-eth26	34165296	5718
1787823379.145612588	s1-eth27	952755919	14340
1787823379.145612588	s1-eth28	3517	6114
1787823379.145612588	s1-eth29	3813	6099
1787823379.145612588	s1-eth3	4173738603	3777885
1787823379.145612588	s1-eth30	3125	5679
1787823379.145612588	s1-eth31	894808072	12504
1787823379.145612588	s1-eth32	35062267	5849
1787823379.145612588	s1-eth33	3201	5800
1787823379.145612588	s1-eth34	3451	5675
1787823379.145612588	s1-eth4	38150983	6216
1787823379.145612588	s1-eth5	38189721	5860
1787823379.145612588	s1-eth6	38217119	5950
1787823379.145612588	s1-eth7	902466677	13349
1787823379.145612588	s1-eth8	38235943	5927
1787823379.145612588	s1-eth9	3660	6082
1787823379.145612588	s2-eth1	4418788909	3269065853
1787823379.145612588	s2-eth10	38311154	6279
1787823379.145612588	s2-eth11	1106143804	14007
1787823379.145612588	s2-eth12	3756	5910
1787823379.145612588	s2-eth13	3597	6290
1787823379.145612588	s2-eth14	3819	5745
1787823379.145612588	s2-eth15	683640921	11774
1787823379.145612588	s2-eth16	38361463	6017
1787823379.145612588	s2-eth17	38518588	6073
1787823379.145612588	s2-eth18	38464313	6431
1787823379.145612588	s2-eth19	10137	2103600975
1787823379.145612588	s2-eth2	24798	24896
1787823379.145612588	s2-eth20	2289	16374272
1787823379.145612588	s2-eth21	2540	15640216
1787823379.145612588	s2-eth22	2386	6282
1787823379.145612588	s2-eth23	8905	677449730
1787823379.145612588	s2-eth24	2427	15390905
1787823379.145612588	s2-eth25	2596	6352
1787823379.145612588	s2-eth26	2202	13843364
1787823379.145612588	s2-eth27	10994	735623669
1787823379.145612588	s2-eth28	2676	6463
1787823379.145612588	s2-eth29	2582	6139
1787823379.145612588	s2-eth3	392453346	14209
1787823379.145612588	s2-eth30	2107	6082
1787823379.145612588	s2-eth31	8920	677627423
1787823379.145612588	s2-eth32	2199	13928484
1787823379.145612588	s2-eth33	2314	6073
1787823379.145612588	s2-eth34	2193	5993
1787823379.145612588	s2-eth4	38892144	6143
1787823379.145612588	s2-eth5	38976898	5939
1787823379.145612588	s2-eth6	39015790	5849
1787823379.145612588	s2-eth7	902599681	13101
1787823379.145612588	s2-eth8	39040670	6050
1787823379.145612588	s2-eth9	39039113	6017
1787823379.145612588	s3-eth1	4515251160	3459170700
1787823379.145612588	s3-eth10	2703	6010
1787823379.145612588	s3-eth11	10221	731799880
1787823379.145612588	s3-eth12	2586	10095923
1787823379.145612588	s3-eth13	2384	6481
1787823379.145612588	s3-eth14	2370	9914285
1787823379.145612588	s3-eth15	8189	499002231
1787823379.145612588	s3-eth16	2675	9677456
1787823379.145612588	s3-eth17	1953	5718
1787823379.145612588	s3-eth18	2106	9722392
1787823379.145612588	s3-eth19	394257706	13763
1787823379.145612588	s3-eth2	24966	24896
1787823379.145612588	s3-eth20	39397842	5762
1787823379.145612588	s3-eth21	39387868	5829
1787823379.145612588	s3-eth22	39452799	5860
1787823379.145612588	s3-eth23	902719568	12568
1787823379.145612588	s3-eth24	39520515	5927
1787823379.145612588	s3-eth25	39529820	6325
1787823379.145612588	s3-eth26	39471631	5996
1787823379.145612588	s3-eth27	1110806299	13688
1787823379.145612588	s3-eth28	2943	5892
1787823379.145612588	s3-eth29	2890	5900
1787823379.145612588	s3-eth3	3773949	2455275849
1787823379.145612588	s3-eth30	2800	6040
1787823379.145612588	s3-eth31	894824149	12484
1787823379.145612588	s3-eth32	2981	6012
1787823379.145612588	s3-eth33	3680	6116
1787823379.145612588	s3-eth34	3164	5957
1787823379.145612588	s3-eth4	2210	11186133
1787823379.145612588	s3-eth5	2300	10930919
1787823379.145612588	s3-eth6	2300	10730481
1787823379.145612588	s3-eth7	9699	659238492
1787823379.145612588	s3-eth8	2367	10487994
1787823379.145612588	s3-eth9	2723	5940
1787823379.145612588	s4-eth1	6003607942	106219
1787823379.145612588	s4-eth10	2629	9866416
1787823379.145612588	s4-eth11	10357	896904606
1787823379.145612588	s4-eth12	2437	5954
1787823379.145612588	s4-eth13	2656	5909
1787823379.145612588	s4-eth14	1845	5784
1787823379.145612588	s4-eth15	8124	604025633
1787823379.145612588	s4-eth16	2187	9609957
1787823379.145612588	s4-eth17	2333	9484352
1787823379.145612588	s4-eth18	2669	9435541
1787823379.145612588	s4-eth19	10133	306919506
1787823379.145612588	s4-eth2	24896	22460
1787823379.145612588	s4-eth20	2222	23052006
1787823379.145612588	s4-eth21	2199	22939678
1787823379.145612588	s4-eth22	2210	22883613
1787823379.145612588	s4-eth23	8825	862651414
1787823379.145612588	s4-eth24	2344	22811479
1787823379.145612588	s4-eth25	2743	22371460
1787823379.145612588	s4-eth26	2186	21884257
1787823379.145612588	s4-eth27	9878	986416828
1787823379.145612588	s4-eth28	2152	6221
1787823379.145612588	s4-eth29	2140	6127
1787823379.145612588	s4-eth3	10309	252961632
1787823379.145612588	s4-eth30	2070	6127
1787823379.145612588	s4-eth31	8967	856899206
1787823379.145612588	s4-eth32	2202	6270
1787823379.145612588	s4-eth33	2462	6045
1787823379.145612588	s4-eth34	2217	6041
1787823379.145612588	s4-eth4	2471	10529806
1787823379.145612588	s4-eth5	2109	10551432
1787823379.145612588	s4-eth6	2039	10626382
1787823379.145612588	s4-eth7	9358	814584527
1787823379.145612588	s4-eth8	2307	10055404
1787823379.145612588	s4-eth9	2117	10123495
1787823379.145612588	s5-eth1	10371209222	3867272
1787823379.145612588	s5-eth2	3303685416	4426541128
1787823379.145612588	s5-eth3	3870492	7789611497
1787823379.145612588	s5-eth4	25656	22760
1787823379.145612588	s6-eth1	24923	24993
1787823379.145612588	s6-eth2	24923	24825
1787823379.145612588	s6-eth3	24923	22760
1787823379.145612588	s6-eth4	25781	24923
1787823379.145612588	s7-eth1	3479332849	4522680439
1787823379.145612588	s7-eth2	106246	6016378321
1787823379.145612588	s7-eth3	7548815802	3867986
1787823379.145612588	s7-eth4	25558	24923
1787823379.145612588	s8-eth1	24923	24993
1787823379.145612588	s8-eth2	22487	24923
1787823379.145612588	s8-eth3	24923	22690
1787823379.145612588	s8-eth4	25656	24923
1787823379.145612588	s9-eth1	7793814927	3870492
1787823379.145612588	s9-eth2	22760	24923
1787823379.145612588	s9-eth3	3867986	7550893724
1787823379.145612588	s9-eth4	22690	24923
1787823387.317840375	s10-eth1	22760	25656
1787823387.317840375	s10-eth2	24923	25781
1787823387.317840375	s10-eth3	24923	25558
1787823387.317840375	s10-eth4	24923	25656
1787823387.317840375	s1-eth1	3867272	10403067328
1787823387.317840375	s1-eth10	4051	6443
1787823387.317840375	s1-eth11	1124385123	14121
1787823387.317840375	s1-eth12	42940125	6419
1787823387.317840375	s1-eth13	3052	6124
1787823387.317840375	s1-eth14	43001741	5950
1787823387.317840375	s1-eth15	684529664	11859
1787823387.317840375	s1-eth16	42948478	6231
1787823387.317840375	s1-eth17	3847	5626
1787823387.317840375	s1-eth18	43072555	5916
1787823387.317840375	s1-eth19	3760888416	13598
1787823387.317840375	s1-eth2	24993	24923
1787823387.317840375	s1-eth20	43136936	5939
1787823387.317840375	s1-eth21	42286599	5941
1787823387.317840375	s1-eth22	3216	5758
1787823387.317840375	s1-eth23	894807251	12351
1787823387.317840375	s1-eth24	42283772	5958
1787823387.317840375	s1-eth25	3442	6034
1787823387.317840375	s1-eth26	39656432	5718
1787823387.317840375	s1-eth27	952755919	14340
1787823387.317840375	s1-eth28	3517	6114
1787823387.317840375	s1-eth29	3813	6099
1787823387.317840375	s1-eth3	4195694495	3777885
1787823387.317840375	s1-eth30	3125	5679
1787823387.317840375	s1-eth31	894808072	12504
1787823387.317840375	s1-eth32	40570707	5849
1787823387.317840375	s1-eth33	3201	5800
1787823387.317840375	s1-eth34	3451	5675
1787823387.317840375	s1-eth4	43689705	6216
1787823387.317840375	s1-eth5	43728443	5860
1787823387.317840375	s1-eth6	43747189	5950
1787823387.317840375	s1-eth7	903572691	13349
1787823387.317840375	s1-eth8	43774665	5927
1787823387.317840375	s1-eth9	3727	6082
1787823387.317840375	s2-eth1	4435751182	3343158724
1787823387.317840375	s2-eth10	43857086	6279
1787823387.317840375	s2-eth11	1128300134	14007
1787823387.317840375	s2-eth12	3756	5910
1787823387.317840375	s2-eth13	3597	6290
1787823387.317840375	s2-eth14	3819	5745
1787823387.317840375	s2-eth15	684746935	11774
1787823387.317840375	s2-eth16	43905953	6017
1787823387.317840375	s2-eth17	44074614	6073
1787823387.317840375	s2-eth18	44027549	6431
1787823387.317840375	s2-eth19	10137	2107384783
1787823387.317840375	s2-eth2	24852	24950
1787823387.317840375	s2-eth20	2289	18173888
1787823387.317840375	s2-eth21	2540	17483092
1787823387.317840375	s2-eth22	2386	6282
1787823387.317840375	s2-eth23	8905	677449730
1787823387.317840375	s2-eth24	2427	17164565
1787823387.317840375	s2-eth25	2596	6352
1787823387.317840375	s2-eth26	2202	15648748
1787823387.317840375	s2-eth27	10994	735623669
1787823387.317840375	s2-eth28	2676	6463
1787823387.317840375	s2-eth29	2582	6139
1787823387.317840375	s2-eth3	415538324	14209
1787823387.317840375	s2-eth30	2107	6082
1787823387.317840375	s2-eth31	8920	677627423
1787823387.317840375	s2-eth32	2199	15749730
1787823387.317840375	s2-eth33	2314	6073
1787823387.317840375	s2-eth34	2193	5993
1787823387.317840375	s2-eth4	44750990	6143
1787823387.317840375	s2-eth5	44857374	5939
1787823387.317840375	s2-eth6	44912128	5849
1787823387.317840375	s2-eth7	903779237	13101
1787823387.317840375	s2-eth8	44931240	6050
1787823387.317840375	s2-eth9	44941219	6017
1787823387.317840375	s3-eth1	4535100412	3521857524
1787823387.317840375	s3-eth10	2703	6010
1787823387.317840375	s3-eth11	10221	733906642
1787823387.317840375	s3-eth12	2586	11157235
1787823387.317840375	s3-eth13	2384	6481
1787823387.317840375	s3-eth14	2370	10965503
1787823387.317840375	s3-eth15	8189	499208437
1787823387.317840375	s3-eth16	2743	10714254
1787823387.317840375	s3-eth17	1953	5718
1787823387.317840375	s3-eth18	2106	10721698
1787823387.317840375	s3-eth19	417827196	13763
1787823387.317840375	s3-eth2	25020	24950
1787823387.317840375	s3-eth20	45294180	5762
1787823387.317840375	s3-eth21	45282764	5829
1787823387.317840375	s3-eth22	45353463	5860
1787823387.317840375	s3-eth23	903899124	12568
1787823387.317840375	s3-eth24	45416853	5927
1787823387.317840375	s3-eth25	45420468	6393
1787823387.317840375	s3-eth26	45362201	5996
1787823387.317840375	s3-eth27	1134320993	13688
1787823387.317840375	s3-eth28	2943	5892
1787823387.317840375	s3-eth29	2890	5900
1787823387.317840375	s3-eth3	3773949	2457473457
1787823387.317840375	s3-eth30	2800	6040
1787823387.317840375	s3-eth31	894824149	12484
1787823387.317840375	s3-eth32	2981	6012
1787823387.317840375	s3-eth33	3680	6116
1787823387.317840375	s3-eth34	3164	5957
1787823387.317840375	s3-eth4	2210	12346943
1787823387.317840375	s3-eth5	2300	12028281
1787823387.317840375	s3-eth6	2300	11829285
1787823387.317840375	s3-eth7	9699	659474980
1787823387.317840375	s3-eth8	2367	11550748
1787823387.317840375	s3-eth9	2723	5940
1787823387.317840375	s4-eth1	6071353156	106273
1787823387.317840375	s4-eth10	2629	11262272
1787823387.317840375	s4-eth11	10357	900345218
1787823387.317840375	s4-eth12	2437	5954
1787823387.317840375	s4-eth13	2656	5909
1787823387.317840375	s4-eth14	1845	5784
1787823387.317840375	s4-eth15	8124	604322685
1787823387.317840375	s4-eth16	2187	10896221
1787823387.317840375	s4-eth17	2333	10727356
1787823387.317840375	s4-eth18	2669	10641053
1787823387.317840375	s4-eth19	10133	314012704
1787823387.317840375	s4-eth2	24950	22514
1787823387.317840375	s4-eth20	2222	25504848
1787823387.317840375	s4-eth21	2199	25333398
1787823387.317840375	s4-eth22	2210	25274449
1787823387.317840375	s4-eth23	8825	863177744
1787823387.317840375	s4-eth24	2344	25133099
1787823387.317840375	s4-eth25	2743	24760854
1787823387.317840375	s4-eth26	2186	24204435
1787823387.317840375	s4-eth27	9878	993378804
1787823387.317840375	s4-eth28	2152	6221
1787823387.317840375	s4-eth29	2140	6127
1787823387.317840375	s4-eth3	10309	256278302
1787823387.317840375	s4-eth30	2070	6127
1787823387.317840375	s4-eth31	8967	856899206
1787823387.317840375	s4-eth32	2272	6270
1787823387.317840375	s4-eth33	2462	6045
1787823387.317840375	s4-eth34	2217	6041
1787823387.317840375	s4-eth4	2471	11829048
1787823387.317840375	s4-eth5	2109	11840580
1787823387.317840375	s4-eth6	2039	11844872
1787823387.317840375	s4-eth7	9358	814858507
1787823387.317840375	s4-eth8	2307	11296966
1787823387.317840375	s4-eth9	2117	11307377
1787823387.317840375	s5-eth1	10455931075	3867299
1787823387.317840375	s5-eth2	3376359359	4443297195
1787823387.317840375	s5-eth3	3870519	7851418528
1787823387.317840375	s5-eth4	25684	22787
1787823387.317840375	s6-eth1	24950	25020
1787823387.317840375	s6-eth2	24950	24852
1787823387.317840375	s6-eth3	24950	22787
1787823387.317840375	s6-eth4	25809	25020
1787823387.317840375	s7-eth1	3538855820	4538277138
1787823387.317840375	s7-eth2	106273	6076563102
1787823387.317840375	s7-eth3	7591253889	3868013
1787823387.317840375	s7-eth4	25586	24950
1787823387.317840375	s8-eth1	24950	25020
1787823387.317840375	s8-eth2	22514	24950
1787823387.317840375	s8-eth3	24950	22717
1787823387.317840375	s8-eth4	25684	24950
1787823387.317840375	s9-eth1	7853098458	3870519
1787823387.317840375	s9-eth2	22787	24950
1787823387.317840375	s9-eth3	3868013	7592432003
1787823387.317840375	s9-eth4	22717	24950
1787823395.505170544	s10-eth1	22814	25712
1787823395.505170544	s10-eth2	25047	25837
1787823395.505170544	s10-eth3	24977	25614
1787823395.505170544	s10-eth4	24977	25712
1787823395.505170544	s1-eth1	3867326	10472486704
1787823395.505170544	s1-eth10	4051	6443
1787823395.505170544	s1-eth11	1145462837	14121
1787823395.505170544	s1-eth12	48194773	6419
1787823395.505170544	s1-eth13	3052	6124
1787823395.505170544	s1-eth14	48214571	5950
1787823395.505170544	s1-eth15	685570788	11859
1787823395.505170544	s1-eth16	48136794	6231
1787823395.505170544	s1-eth17	3847	5626
1787823395.505170544	s1-eth18	48221937	5916
1787823395.505170544	s1-eth19	3781470082	13598
1787823395.505170544	s1-eth2	25047	24977
1787823395.505170544	s1-eth20	48266130	5939
1787823395.505170544	s1-eth21	47392721	5941
1787823395.505170544	s1-eth22	3216	5758
1787823395.505170544	s1-eth23	894807251	12351
1787823395.505170544	s1-eth24	47320678	5958
1787823395.505170544	s1-eth25	3442	6034
1787823395.505170544	s1-eth26	44657288	5718
1787823395.505170544	s1-eth27	952755919	14340
1787823395.505170544	s1-eth28	3517	6114
1787823395.505170544	s1-eth29	3813	6099
1787823395.505170544	s1-eth3	4215343187	3777885
1787823395.505170544	s1-eth30	3125	5679
1787823395.505170544	s1-eth31	894808072	12504
1787823395.505170544	s1-eth32	45424479	5849
1787823395.505170544	s1-eth33	3201	5800
1787823395.505170544	s1-eth34	3451	5675
1787823395.505170544	s1-eth4	48471377	6216
1787823395.505170544	s1-eth5	48484159	5860
1787823395.505170544	s1-eth6	48485601	5950
1787823395.505170544	s1-eth7	904514317	13349
1787823395.505170544	s1-eth8	48464049	5927
1787823395.505170544	s1-eth9	3727	6082
1787823395.505170544	s2-eth1	4447327612	3408105016
1787823395.505170544	s2-eth10	48468602	6279
1787823395.505170544	s2-eth11	1146652468	14007
1787823395.505170544	s2-eth12	3756	5910
1787823395.505170544	s2-eth13	3597	6290
1787823395.505170544	s2-eth14	3819	5745
1787823395.505170544	s2-eth15	685648185	11774
1787823395.505170544	s2-eth16	48413645	6017
1787823395.505170544	s2-eth17	48583748	6073
1787823395.505170544	s2-eth18	48520821	6431
1787823395.505170544	s2-eth19	10137	2109171421
1787823395.505170544	s2-eth2	24879	24977
1787823395.505170544	s2-eth20	2289	19597142
1787823395.505170544	s2-eth21	2540	18890484
1787823395.505170544	s2-eth22	2386	6282
1787823395.505170544	s2-eth23	8905	677449730
1787823395.505170544	s2-eth24	2497	18508509
1787823395.505170544	s2-eth25	2596	6352
1787823395.505170544	s2-eth26	2202	16968178
1787823395.505170544	s2-eth27	10994	735623669
1787823395.505170544	s2-eth28	2676	6463
1787823395.505170544	s2-eth29	2582	6139
1787823395.505170544	s2-eth3	432056434	14209
1787823395.505170544	s2-eth30	2107	6082
1787823395.505170544	s2-eth31	8920	677627423
1787823395.505170544	s2-eth32	2199	16992734
1787823395.505170544	s2-eth33	2314	6073
1787823395.505170544	s2-eth34	2193	5993
1787823395.505170544	s2-eth4	48746772	6143
1787823395.505170544	s2-eth5	48828642	5939
1787823395.505170544	s2-eth6	48860324	5849
1787823395.505170544	s2-eth7	904566569	13101
1787823395.505170544	s2-eth8	48844828	6050
1787823395.505170544	s2-eth9	48830293	6017
1787823395.505170544	s3-eth1	4543364541	3569264743
1787823395.505170544	s3-eth10	2703	6010
1787823395.505170544	s3-eth11	10221	734673786
1787823395.505170544	s3-eth12	2586	11800367
1787823395.505170544	s3-eth13	2384	6481
1787823395.505170544	s3-eth14	2370	11582679
1787823395.505170544	s3-eth15	8189	499359847
1787823395.505170544	s3-eth16	2743	11334314
1787823395.505170544	s3-eth17	1953	5718
1787823395.505170544	s3-eth18	2106	11338874
1787823395.505170544	s3-eth19	432774968	13763
1787823395.505170544	s3-eth2	25047	24977
1787823395.505170544	s3-eth20	48995794	5762
1787823395.505170544	s3-eth21	48961306	5829
1787823395.505170544	s3-eth22	48997397	5860
1787823395.505170544	s3-eth23	904624450	12568
1787823395.505170544	s3-eth24	49024737	5927
1787823395.505170544	s3-eth25	49019700	6393
1787823395.505170544	s3-eth26	48948455	5996
1787823395.505170544	s3-eth27	1148576605	13688
1787823395.505170544	s3-eth28	2943	5892
1787823395.505170544	s3-eth29	2890	5900
1787823395.505170544	s3-eth3	3773949	2458172827
1787823395.505170544	s3-eth30	2800	6040
1787823395.505170544	s3-eth31	894824149	12484
1787823395.505170544	s3-eth32	2981	6012
1787823395.505170544	s3-eth33	3680	6116
1787823395.505170544	s3-eth34	3164	5957
1787823395.505170544	s3-eth4	2210	12965561
1787823395.505170544	s3-eth5	2300	12632479
1787823395.505170544	s3-eth6	2300	12416179
1787823395.505170544	s3-eth7	9699	659630716
1787823395.505170544	s3-eth8	2367	12141968
1787823395.505170544	s3-eth9	2723	5940
1787823395.505170544	s4-eth1	6115662959	106300
1787823395.505170544	s4-eth10	2629	12107284
1787823395.505170544	s4-eth11	10357	902557246
1787823395.505170544	s4-eth12	2437	5954
1787823395.505170544	s4-eth13	2656	5909
1787823395.505170544	s4-eth14	1845	5784
1787823395.505170544	s4-eth15	8124	604528891
1787823395.505170544	s4-eth16	2187	11659039
1787823395.505170544	s4-eth17	2333	11494500
1787823395.505170544	s4-eth18	2669	11395219
1787823395.505170544	s4-eth19	10133	319449044
1787823395.505170544	s4-eth2	24977	22541
1787823395.505170544	s4-eth20	2222	27326094
1787823395.505170544	s4-eth21	2199	27114268
1787823395.505170544	s4-eth22	2280	27059645
1787823395.505170544	s4-eth23	8825	863549780
1787823395.505170544	s4-eth24	2344	26898107
1787823395.505170544	s4-eth25	2743	26551818
1787823395.505170544	s4-eth26	2186	26021355
1787823395.505170544	s4-eth27	9878	999135268
1787823395.505170544	s4-eth28	2152	6221
1787823395.505170544	s4-eth29	2140	6127
1787823395.505170544	s4-eth3	10309	258650392
1787823395.505170544	s4-eth30	2070	6127
1787823395.505170544	s4-eth31	8967	856899206
1787823395.505170544	s4-eth32	2272	6270
1787823395.505170544	s4-eth33	2462	6045
1787823395.505170544	s4-eth34	2217	6041
1787823395.505170544	s4-eth4	2471	12874498
1787823395.505170544	s4-eth5	2109	12893240
1787823395.505170544	s4-eth6	2039	12851388
1787823395.505170544	s4-eth7	9358	815073365
1787823395.505170544	s4-eth8	2307	12264548
1787823395.505170544	s4-eth9	2117	12256213
1787823395.505170544	s5-eth1	10512704084	3867326
1787823395.505170544	s5-eth2	3432594502	4453724324
1787823395.505170544	s5-eth3	3870573	7901424231
1787823395.505170544	s5-eth4	25740	22814
1787823395.505170544	s6-eth1	25004	25074
1787823395.505170544	s6-eth2	25004	24906
1787823395.505170544	s6-eth3	25004	22841
1787823395.505170544	s6-eth4	25865	25074
1787823395.505170544	s7-eth1	3588824058	4549645920
1787823395.505170544	s7-eth2	106327	6129509070
1787823395.505170544	s7-eth3	7634920587	3868067
1787823395.505170544	s7-eth4	25642	25004
1787823395.505170544	s8-eth1	25004	25074
1787823395.505170544	s8-eth2	22568	25004
1787823395.505170544	s8-eth3	25004	22771
1787823395.505170544	s8-eth4	25740	25004
1787823395.505170544	s9-eth1	7907313386	3870573
1787823395.505170544	s9-eth2	22841	25004
1787823395.505170544	s9-eth3	3868067	7637262395
1787823395.505170544	s9-eth4	22771	25004
1787823402.157946263	s10-eth1	22841	25740
1787823402.157946263	s10-eth2	25074	25865
1787823402.157946263	s10-eth3	25004	25642
1787823402.157946263	s10-eth4	25004	25740
1787823402.157946263	s1-eth1	3867353	10546500265
1787823402.157946263	s1-eth10	4051	6443
1787823402.157946263	s1-eth11	1162589471	14121
1787823402.157946263	s1-eth12	52486165	6419
1787823402.157946263	s1-eth13	3052	6124
1787823402.157946263	s1-eth14	52544897	5950
1787823402.157946263	s1-eth15	686443198	11859
1787823402.157946263	s1-eth16	52524800	6231
1787823402.157946263	s1-eth17	3847	5626
1787823402.157946263	s1-eth18	52660413	5916
1787823402.157946263	s1-eth19	3799290318	13598
1787823402.157946263	s1-eth2	25074	25004
1787823402.157946263	s1-eth20	52776706	5939
1787823402.157946263	s1-eth21	51924927	5941
1787823402.157946263	s1-eth22	3216	5758
1787823402.157946263	s1-eth23	894807251	12351
1787823402.157946263	s1-eth24	51884608	5958
1787823402.157946263	s1-eth25	3442	6034
1787823402.157946263	s1-eth26	49218334	5718
1787823402.157946263	s1-eth27	952755919	14340
1787823402.157946263	s1-eth28	3517	6114
1787823402.157946263	s1-eth29	3813	6099
1787823402.157946263	s1-eth3	4233890191	3777885
1787823402.157946263	s1-eth30	3125	5679
1787823402.157946263	s1-eth31	894808072	12504
1787823402.157946263	s1-eth32	50115305	5849
1787823402.157946263	s1-eth33	3201	5800
1787823402.157946263	s1-eth34	3451	5675
1787823402.157946263	s1-eth4	53216999	6216
1787823402.157946263	s1-eth5	53252853	5860
1787823402.157946263	s1-eth6	53281693	5950
1787823402.157946263	s1-eth7	905477573	13349
1787823402.157946263	s1-eth8	53296191	5927
1787823402.157946263	s1-eth9	3727	6082
1787823402.157946263	s2-eth1	4464513395	3472372099
1787823402.157946263	s2-eth10	53362750	6279
1787823402.157946263	s2-eth11	1166337210	14007
1787823402.157946263	s2-eth12	3756	5910
1787823402.157946263	s2-eth13	3597	6290
1787823402.157946263	s2-eth14	3819	5745
1787823402.157946263	s2-eth15	686653259	11774
1787823402.157946263	s2-eth16	53427479	6017
1787823402.157946263	s2-eth17	53594698	6073
1787823402.157946263	s2-eth18	53543307	6431
1787823402.157946263	s2-eth19	10137	2111837679
1787823402.157946263	s2-eth2	24906	25004
1787823402.157946263	s2-eth20	2289	21333310
1787823402.157946263	s2-eth21	2540	20584834
1787823402.157946263	s2-eth22	2386	6282
1787823402.157946263	s2-eth23	8905	677449730
1787823402.157946263	s2-eth24	2497	20083173
1787823402.157946263	s2-eth25	2596	6352
1787823402.157946263	s2-eth26	2202	18467858
1787823402.157946263	s2-eth27	10994	735623669
1787823402.157946263	s2-eth28	2676	6463
1787823402.157946263	s2-eth29	2582	6139
1787823402.157946263	s2-eth3	452514088	14209
1787823402.157946263	s2-eth30	2107	6082
1787823402.157946263	s2-eth31	8920	677627423
1787823402.157946263	s2-eth32	2199	18453480
1787823402.157946263	s2-eth33	2314	6073
1787823402.157946263	s2-eth34	2193	5993
1787823402.157946263	s2-eth4	53884618	6143
1787823402.157946263	s2-eth5	53982350	5939
1787823402.157946263	s2-eth6	54011148	5849
1787823402.157946263	s2-eth7	905597599	13101
1787823402.157946263	s2-eth8	54015840	6050
1787823402.157946263	s2-eth9	54027261	6017
1787823402.157946263	s3-eth1	4562623947	3628542533
1787823402.157946263	s3-eth10	2703	6010
1787823402.157946263	s3-eth11	10221	736470518
1787823402.157946263	s3-eth12	2586	12948199
1787823402.157946263	s3-eth13	2384	6481
1787823402.157946263	s3-eth14	2370	12697345
1787823402.157946263	s3-eth15	8189	499589125
1787823402.157946263	s3-eth16	2743	12420140
1787823402.157946263	s3-eth17	1953	5718
1787823402.157946263	s3-eth18	2106	12424700
1787823402.157946263	s3-eth19	453998324	13763
1787823402.157946263	s3-eth2	25101	25031
1787823402.157946263	s3-eth20	54313890	5762
1787823402.157946263	s3-eth21	54315452	5829
1787823402.157946263	s3-eth22	54367405	5860
1787823402.157946263	s3-eth23	905701624	12568
1787823402.157946263	s3-eth24	54420701	5927
1787823402.157946263	s3-eth25	54434410	6393
1787823402.157946263	s3-eth26	54379027	5996
1787823402.157946263	s3-eth27	1170448861	13688
1787823402.157946263	s3-eth28	2943	5892
1787823402.157946263	s3-eth29	2890	5900
1787823402.157946263	s3-eth3	3773949	2460273821
1787823402.157946263	s3-eth30	2800	6040
1787823402.157946263	s3-eth31	894824149	12484
1787823402.157946263	s3-eth32	2981	6012
1787823402.157946263	s3-eth33	3680	6116
1787823402.157946263	s3-eth34	3164	5957
1787823402.157946263	s3-eth4	2210	14171073
1787823402.157946263	s3-eth5	2300	13884135
1787823402.157946263	s3-eth6	2300	13672161
1787823402.157946263	s3-eth7	9699	659842690
1787823402.157946263	s3-eth8	2367	13256634
1787823402.157946263	s3-eth9	2723	5940
1787823402.157946263	s4-eth1	6179699349	106354
1787823402.157946263	s4-eth10	2629	13637246
1787823402.157946263	s4-eth11	10357	905351842
1787823402.157946263	s4-eth12	2437	5954
1787823402.157946263	s4-eth13	2656	5909
1787823402.157946263	s4-eth14	1845	5784
1787823402.157946263	s4-eth15	8124	604825943
1787823402.157946263	s4-eth16	2187	13111133
1787823402.157946263	s4-eth17	2333	12956688
1787823402.157946263	s4-eth18	2669	12815589
1787823402.157946263	s4-eth19	10133	326216350
1787823402.157946263	s4-eth2	25031	22595
1787823402.157946263	s4-eth20	2222	30259122
1787823402.157946263	s4-eth21	2199	30029992
1787823402.157946263	s4-eth22	2280	29982579
1787823402.157946263	s4-eth23	8825	864190028
1787823402.157946263	s4-eth24	2344	29740289
1787823402.157946263	s4-eth25	2743	29430050
1787823402.157946263	s4-eth26	2186	28883725
1787823402.157946263	s4-eth27	9878	1005508908
1787823402.157946263	s4-eth28	2152	6221
1787823402.157946263	s4-eth29	2140	6127
1787823402.157946263	s4-eth3	10309	261534392
1787823402.157946263	s4-eth30	2070	6127
1787823402.157946263	s4-eth31	8967	856899206
1787823402.157946263	s4-eth32	2272	6270
1787823402.157946263	s4-eth33	2462	6045
1787823402.157946263	s4-eth34	2217	6041
1787823402.157946263	s4-eth4	2471	14388598
1787823402.157946263	s4-eth5	2109	14410224
1787823402.157946263	s4-eth6	2039	14332322
1787823402.157946263	s4-eth7	9358	815407909
1787823402.157946263	s4-eth8	2307	13762786
1787823402.157946263	s4-eth9	2117	13673699
1787823402.157946263	s5-eth1	10603374281	3867380
1787823402.157946263	s5-eth2	3498746306	4472082480
1787823402.157946263	s5-eth3	3870600	7970263990
1787823402.157946263	s5-eth4	25768	22868
1787823402.157946263	s6-eth1	25031	25101
1787823402.157946263	s6-eth2	25031	24933
1787823402.157946263	s6-eth3	25031	22868
1787823402.157946263	s6-eth4	25893	25101
1787823402.157946263	s7-eth1	3644088735	4569603294
1787823402.157946263	s7-eth2	106354	6188769529
1787823402.157946263	s7-eth3	7694256097	3868094
1787823402.157946263	s7-eth4	25670	25031
1787823402.157946263	s8-eth1	25031	25101
1787823402.157946263	s8-eth2	22595	25031
1787823402.157946263	s8-eth3	25031	22798
1787823402.157946263	s8-eth4	25768	25031
1787823402.157946263	s9-eth1	7975028358	3870600
1787823402.157946263	s9-eth2	22868	25031
1787823402.157946263	s9-eth3	3868094	7698874823
1787823402.157946263	s9-eth4	22798	25031
1787823410.498652766	s10-eth1	22895	25796
1787823410.498652766	s10-eth2	25128	25921
1787823410.498652766	s10-eth3	25058	25698
1787823410.498652766	s10-eth4	25058	25796
1787823410.498652766	s1-eth1	3867407	10633820696
1787823410.498652766	s1-eth10	4118	6443
1787823410.498652766	s1-eth11	1184337715	14121
1787823410.498652766	s1-eth12	57928273	6419
1787823410.498652766	s1-eth13	3052	6124
1787823410.498652766	s1-eth14	57978353	5950
1787823410.498652766	s1-eth15	687529024	11859
1787823410.498652766	s1-eth16	57955372	6231
1787823410.498652766	s1-eth17	3914	5626
1787823410.498652766	s1-eth18	58089543	5916
1787823410.498652766	s1-eth19	3821031352	13598
1787823410.498652766	s1-eth2	25128	14997478
1787823410.498652766	s1-eth20	58205836	5939
1787823410.498652766	s1-eth21	57339637	5941
1787823410.498652766	s1-eth22	3216	5758
1787823410.498652766	s1-eth23	894807251	12351
1787823410.498652766	s1-eth24	57331042	5958
1787823410.498652766	s1-eth25	3442	6034
1787823410.498652766	s1-eth26	54705144	5718
1787823410.498652766	s1-eth27	952755919	14340
1787823410.498652766	s1-eth28	3517	6114
1787823410.498652766	s1-eth29	3813	6099
1787823410.498652766	s1-eth3	4255972979	3777885
1787823410.498652766	s1-eth30	3125	5679
1787823410.498652766	s1-eth31	894808072	12504
1787823410.498652766	s1-eth32	55661237	5849
1787823410.498652766	s1-eth33	3201	5800
1787823410.498652766	s1-eth34	3451	5675
1787823410.498652766	s1-eth4	58783119	6216
1787823410.498652766	s1-eth5	58816089	5860
1787823410.498652766	s1-eth6	58839161	5950
1787823410.498652766	s1-eth7	906592239	13349
1787823410.498652766	s1-eth8	58849333	5927
1787823410.498652766	s1-eth9	3794	6082
1787823410.498652766	s2-eth1	4478523921	3530310271
1787823410.498652766	s2-eth10	58861096	6279
1787823410.498652766	s2-eth11	1188246958	14007
1787823410.498652766	s2-eth12	3756	5910
1787823410.498652766	s2-eth13	3597	6290
1787823410.498652766	s2-eth14	3819	5745
1787823410.498652766	s2-eth15	687731875	11774
1787823410.498652766	s2-eth16	58806139	6017
1787823410.498652766	s2-eth17	58977684	6073
1787823410.498652766	s2-eth18	58927735	6431
1787823410.498652766	s2-eth19	10137	2114186697
1787823410.498652766	s2-eth2	12403088	25058
1787823410.498652766	s2-eth20	2289	22491236
1787823410.498652766	s2-eth21	2540	21687964
1787823410.498652766	s2-eth22	2386	6282
1787823410.498652766	s2-eth23	8905	677449730
1787823410.498652766	s2-eth24	2497	21089689
1787823410.498652766	s2-eth25	2596	6352
1787823410.498652766	s2-eth26	2202	19392180
1787823410.498652766	s2-eth27	10994	735623669
1787823410.498652766	s2-eth28	2676	6463
1787823410.498652766	s2-eth29	2582	6139
1787823410.498652766	s2-eth3	474650230	14209
1787823410.498652766	s2-eth30	2107	6082
1787823410.498652766	s2-eth31	8920	677627423
1787823410.498652766	s2-eth32	2199	19509024
1787823410.498652766	s2-eth33	2314	6073
1787823410.498652766	s2-eth34	2193	5993
1787823410.498652766	s2-eth4	59509860	6143
1787823410.498652766	s2-eth5	59619128	5939
1787823410.498652766	s2-eth6	59666672	5849
1787823410.498652766	s2-eth7	906731011	13101
1787823410.498652766	s2-eth8	59695878	6050
1787823410.498652766	s2-eth9	59702973	6017
1787823410.498652766	s3-eth1	4589081857	3683073232
1787823410.498652766	s3-eth10	2703	6010
1787823410.498652766	s3-eth11	10221	737864932
1787823410.498652766	s3-eth12	2586	13693713
1787823410.498652766	s3-eth13	2384	6481
1787823410.498652766	s3-eth14	2370	13500539
1787823410.498652766	s3-eth15	8189	499747745
1787823410.498652766	s3-eth16	2743	13276688
1787823410.498652766	s3-eth17	1953	5718
1787823410.498652766	s3-eth18	2106	13272596
1787823410.498652766	s3-eth19	476962174	13763
1787823410.498652766	s3-eth2	25155	25058
1787823410.498652766	s3-eth20	60104962	5762
1787823410.498652766	s3-eth21	60106524	5829
1787823410.498652766	s3-eth22	60174339	5860
1787823410.498652766	s3-eth23	906865318	12568
1787823410.498652766	s3-eth24	60247823	5927
1787823410.498652766	s3-eth25	60251438	6393
1787823410.498652766	s3-eth26	60194613	5996
1787823410.498652766	s3-eth27	1193646315	13688
1787823410.498652766	s3-eth28	2943	5892
1787823410.498652766	s3-eth29	2890	5900
1787823410.498652766	s3-eth3	3773949	2461897513
1787823410.498652766	s3-eth30	2800	6040
1787823410.498652766	s3-eth31	894824149	12484
1787823410.498652766	s3-eth32	2981	6012
1787823410.498652766	s3-eth33	3680	6116
1787823410.498652766	s3-eth34	3164	5957
1787823410.498652766	s3-eth4	2210	15179031
1787823410.498652766	s3-eth5	2300	14799805
1787823410.498652766	s3-eth6	2300	14561875
1787823410.498652766	s3-eth7	9699	660017172
1787823410.498652766	s3-eth8	2367	14097320
1787823410.498652766	s3-eth9	2723	5940
1787823410.498652766	s4-eth1	6241249731	106408
1787823410.498652766	s4-eth10	2629	15144136
1787823410.498652766	s4-eth11	10357	907239420
1787823410.498652766	s4-eth12	2437	5954
1787823410.498652766	s4-eth13	2656	5909
1787823410.498652766	s4-eth14	1845	5784
1787823410.498652766	s4-eth15	8124	605146067
1787823410.498652766	s4-eth16	2187	14616581
1787823410.498652766	s4-eth17	2333	14488092
1787823410.498652766	s4-eth18	2669	14338341
1787823410.498652766	s4-eth19	10133	332623156
1787823410.498652766	s4-eth2	25085	22649
1787823410.498652766	s4-eth20	2222	33916034
1787823410.498652766	s4-eth21	2199	33695556
1787823410.498652766	s4-eth22	2280	33632281
1787823410.498652766	s4-eth23	8825	864926890
1787823410.498652766	s4-eth24	2344	33385665
1787823410.498652766	s4-eth25	2743	33053796
1787823410.498652766	s4-eth26	2186	32530543
1787823410.498652766	s4-eth27	9878	1011852266
1787823410.498652766	s4-eth28	2152	6221
1787823410.498652766	s4-eth29	2140	6127
1787823410.498652766	s4-eth3	10309	263569054
1787823410.498652766	s4-eth30	2070	6127
1787823410.498652766	s4-eth31	8967	856899206
1787823410.498652766	s4-eth32	2272	6270
1787823410.498652766	s4-eth33	2462	6045
1787823410.498652766	s4-eth34	2217	6041
1787823410.498652766	s4-eth4	2471	16107462
1787823410.498652766	s4-eth5	2109	16140624
1787823410.498652766	s4-eth6	2039	16069932
1787823410.498652766	s4-eth7	9358	815818879
1787823410.498652766	s4-eth8	2307	15465788
1787823410.498652766	s4-eth9	2117	15368049
1787823410.498652766	s5-eth1	10634442225	3867434
1787823410.498652766	s5-eth2	3559232492	4478523948
1787823410.498652766	s5-eth3	3870654	8039194528
1787823410.498652766	s5-eth4	25824	22922
1787823410.498652766	s6-eth1	77793721	25155
1787823410.498652766	s6-eth2	25085	27596027
1787823410.498652766	s6-eth3	25085	40763748
1787823410.498652766	s6-eth4	25949	25155
1787823410.498652766	s7-eth1	3705799179	4599844972
1787823410.498652766	s7-eth2	106408	6255469293
1787823410.498652766	s7-eth3	7781094833	3868148
1787823410.498652766	s7-eth4	25726	25085
1787823410.498652766	s8-eth1	25085	25155
1787823410.498652766	s8-eth2	22649	25085
1787823410.498652766	s8-eth3	25085	22852
1787823410.498652766	s8-eth4	25824	25085
1787823410.498652766	s9-eth1	8041849250	3870654
1787823410.498652766	s9-eth2	42662862	25085
1787823410.498652766	s9-eth3	3868148	7783678897
1787823410.498652766	s9-eth4	22852	25085
1787823419.697034815	s10-eth1	22949	25852
1787823419.697034815	s10-eth2	25182	25977
1787823419.697034815	s10-eth3	25112	25754
1787823419.697034815	s10-eth4	25112	25852
1787823419.697034815	s1-eth1	3867461	10634442252
1787823419.697034815	s1-eth10	4118	6443
1787823419.697034815	s1-eth11	1208024007	14121
1787823419.697034815	s1-eth12	63856335	6419
1787823419.697034815	s1-eth13	3052	6124
1787823419.697034815	s1-eth14	63919393	5950
1787823419.697034815	s1-eth15	688718674	11859
1787823419.697034815	s1-eth16	63910832	6231
1787823419.697034815	s1-eth17	3914	5626
1787823419.697034815	s1-eth18	64045003	5916
1787823419.697034815	s1-eth19	3844895010	13598
1787823419.697034815	s1-eth2	25182	109503328
1787823419.697034815	s1-eth20	64177158	5939
1787823419.697034815	s1-eth21	63332589	5941
1787823419.697034815	s1-eth22	3216	5758
1787823419.697034815	s1-eth23	894807251	12351
1787823419.697034815	s1-eth24	63334088	5958
1787823419.697034815	s1-eth25	3442	6034
1787823419.697034815	s1-eth26	60712516	5718
1787823419.697034815	s1-eth27	952755919	14340
1787823419.697034815	s1-eth28	3517	6114
1787823419.697034815	s1-eth29	3813	6099
1787823419.697034815	s1-eth3	4279905853	3777885
1787823419.697034815	s1-eth30	3125	5679
1787823419.697034815	s1-eth31	894808072	12504
1787823419.697034815	s1-eth32	61635443	5849
1787823419.697034815	s1-eth33	3201	5800
1787823419.697034815	s1-eth34	3451	5675
1787823419.697034815	s1-eth4	64737137	6216
1787823419.697034815	s1-eth5	64768665	5860
1787823419.697034815	s1-eth6	64791737	5950
1787823419.697034815	s1-eth7	907780447	13349
1787823419.697034815	s1-eth8	64791815	5927
1787823419.697034815	s1-eth9	3794	6082
1787823419.697034815	s2-eth1	4478523975	3599226389
1787823419.697034815	s2-eth10	64807904	6279
1787823419.697034815	s2-eth11	1212032748	14007
1787823419.697034815	s2-eth12	3756	5910
1787823419.697034815	s2-eth13	3597	6290
1787823419.697034815	s2-eth14	3819	5745
1787823419.697034815	s2-eth15	688927293	11774
1787823419.697034815	s2-eth16	64774577	6017
1787823419.697034815	s2-eth17	64925934	6073
1787823419.697034815	s2-eth18	64858681	6431
1787823419.697034815	s2-eth19	10137	2117129819
1787823419.697034815	s2-eth2	38627354	25112
1787823419.697034815	s2-eth20	2289	24042828
1787823419.697034815	s2-eth21	2540	22995858
1787823419.697034815	s2-eth22	2386	6282
1787823419.697034815	s2-eth23	8905	677449730
1787823419.697034815	s2-eth24	2497	22355765
1787823419.697034815	s2-eth25	2596	6352
1787823419.697034815	s2-eth26	2202	20527034
1787823419.697034815	s2-eth27	10994	735623669
1787823419.697034815	s2-eth28	2676	6463
1787823419.697034815	s2-eth29	2582	6139
1787823419.697034815	s2-eth3	498727304	14209
1787823419.697034815	s2-eth30	2107	6082
1787823419.697034815	s2-eth31	8920	677627423
1787823419.697034815	s2-eth32	2199	20661182
1787823419.697034815	s2-eth33	2314	6073
1787823419.697034815	s2-eth34	2193	5993
1787823419.697034815	s2-eth4	65465320	6143
1787823419.697034815	s2-eth5	65539980	5939
1787823419.697034815	s2-eth6	65571662	5849
1787823419.697034815	s2-eth7	907907683	13101
1787823419.697034815	s2-eth8	65553282	6050
1787823419.697034815	s2-eth9	65530095	6017
1787823419.697034815	s3-eth1	4614246253	3748987106
1787823419.697034815	s3-eth10	2703	6010
1787823419.697034815	s3-eth11	10221	740027932
1787823419.697034815	s3-eth12	2586	14860291
1787823419.697034815	s3-eth13	2384	6481
1787823419.697034815	s3-eth14	2370	14641161
1787823419.697034815	s3-eth15	8189	499994327
1787823419.697034815	s3-eth16	2743	14408658
1787823419.697034815	s3-eth17	1953	5718
1787823419.697034815	s3-eth18	2106	14362748
1787823419.697034815	s3-eth19	499434302	13763
1787823419.697034815	s3-eth2	25182	25112
1787823419.697034815	s3-eth20	65645126	5762
1787823419.697034815	s3-eth21	65607754	5829
1787823419.697034815	s3-eth22	65639519	5860
1787823419.697034815	s3-eth23	907954028	12568
1787823419.697034815	s3-eth24	65676953	5927
1787823419.697034815	s3-eth25	65663264	6393
1787823419.697034815	s3-eth26	65596345	5996
1787823419.697034815	s3-eth27	1215145093	13688
1787823419.697034815	s3-eth28	2943	5892
1787823419.697034815	s3-eth29	2890	5900
1787823419.697034815	s3-eth3	3773949	2464054745
1787823419.697034815	s3-eth30	2800	6040
1787823419.697034815	s3-eth31	894824149	12484
1787823419.697034815	s3-eth32	2981	6012
1787823419.697034815	s3-eth33	3680	6116
1787823419.697034815	s3-eth34	3164	5957
1787823419.697034815	s3-eth4	2210	16426361
1787823419.697034815	s3-eth5	2300	16035599
1787823419.697034815	s3-eth6	2300	15790459
1787823419.697034815	s3-eth7	9699	660275290
1787823419.697034815	s3-eth8	2367	15275434
1787823419.697034815	s3-eth9	2723	5940
1787823419.697034815	s4-eth1	6305643710	106435
1787823419.697034815	s4-eth10	2629	16581810
1787823419.697034815	s4-eth11	10357	910209940
1787823419.697034815	s4-eth12	2437	5954
1787823419.697034815	s4-eth13	2656	5909
1787823419.697034815	s4-eth14	1845	5784
1787823419.697034815	s4-eth15	8124	605434467
1787823419.697034815	s4-eth16	2187	15973503
1787823419.697034815	s4-eth17	2333	15832036
1787823419.697034815	s4-eth18	2669	15682285
1787823419.697034815	s4-eth19	10133	339032846
1787823419.697034815	s4-eth2	25112	22676
1787823419.697034815	s4-eth20	2222	36572198
1787823419.697034815	s4-eth21	2199	36304134
1787823419.697034815	s4-eth22	2280	36162991
1787823419.697034815	s4-eth23	8825	865495038
1787823419.697034815	s4-eth24	2344	35864463
1787823419.697034815	s4-eth25	2743	35300432
1787823419.697034815	s4-eth26	2186	34834859
1787823419.697034815	s4-eth27	9878	1017954810
1787823419.697034815	s4-eth28	2152	6221
1787823419.697034815	s4-eth29	2140	6127
1787823419.697034815	s4-eth3	10309	266571298
1787823419.697034815	s4-eth30	2070	6127
1787823419.697034815	s4-eth31	8967	856899206
1787823419.697034815	s4-eth32	2272	6270
1787823419.697034815	s4-eth33	2462	6045
1787823419.697034815	s4-eth34	2217	6041
1787823419.697034815	s4-eth4	2471	17421124
1787823419.697034815	s4-eth5	2109	17379302
1787823419.697034815	s4-eth6	2039	17363406
1787823419.697034815	s4-eth7	9358	816091417
1787823419.697034815	s4-eth8	2307	16737632
1787823419.697034815	s4-eth9	2117	16657197
1787823419.697034815	s5-eth1	10634442252	3867461
1787823419.697034815	s5-eth2	3621828297	4478523975
1787823419.697034815	s5-eth3	3870681	8090966681
1787823419.697034815	s5-eth4	25852	22949
1787823419.697034815	s6-eth1	142500614	25182
1787823419.697034815	s6-eth2	25112	44324696
1787823419.697034815	s6-eth3	25112	70096966
1787823419.697034815	s6-eth4	26005	25209
1787823419.697034815	s7-eth1	3760944170	4617714263
1787823419.697034815	s7-eth2	106462	6313629506
1787823419.697034815	s7-eth3	7847028895	3868175
1787823419.697034815	s7-eth4	25782	25112
1787823419.697034815	s8-eth1	25139	25209
1787823419.697034815	s8-eth2	22703	25139
1787823419.697034815	s8-eth3	25139	22906
1787823419.697034815	s8-eth4	25880	25139
1787823419.697034815	s9-eth1	8092676920	3870708
1787823419.697034815	s9-eth2	70450256	25139
1787823419.697034815	s9-eth3	3868202	7848113279
1787823419.697034815	s9-eth4	22906	25139
1787823426.733727174	s10-eth1	22976	25880
1787823426.733727174	s10-eth2	25209	26005
1787823426.733727174	s10-eth3	25139	25782
1787823426.733727174	s10-eth4	25139	25880
1787823426.733727174	s1-eth1	3867488	10634442279
1787823426.733727174	s1-eth10	4118	6443
1787823426.733727174	s1-eth11	1225591893	14121
1787823426.733727174	s1-eth12	68218385	6419
1787823426.733727174	s1-eth13	3052	6124
1787823426.733727174	s1-eth14	68236741	5950
1787823426.733727174	s1-eth15	689575222	11859
1787823426.733727174	s1-eth16	68166174	6231
1787823426.733727174	s1-eth17	3914	5626
1787823426.733727174	s1-eth18	68262853	5916
1787823426.733727174	s1-eth19	3861615000	13598
1787823426.733727174	s1-eth2	25209	173205147
1787823426.733727174	s1-eth20	68311372	5939
1787823426.733727174	s1-eth21	67436521	5941
1787823426.733727174	s1-eth22	3216	5758
1787823426.733727174	s1-eth23	894807251	12351
1787823426.733727174	s1-eth24	67371688	5958
1787823426.733727174	s1-eth25	3442	6034
1787823426.733727174	s1-eth26	64701088	5718
1787823426.733727174	s1-eth27	952755919	14340
1787823426.733727174	s1-eth28	3517	6114
1787823426.733727174	s1-eth29	3883	6099
1787823426.733727174	s1-eth3	4295762085	3777885
1787823426.733727174	s1-eth30	3125	5679
1787823426.733727174	s1-eth31	894808072	12504
1787823426.733727174	s1-eth32	65583639	5849
1787823426.733727174	s1-eth33	3201	5800
1787823426.733727174	s1-eth34	3451	5675
1787823426.733727174	s1-eth4	68688217	6216
1787823426.733727174	s1-eth5	68729839	5860
1787823426.733727174	s1-eth6	68761563	5950
1787823426.733727174	s1-eth7	908576431	13349
1787823426.733727174	s1-eth8	68781829	5927
1787823426.733727174	s1-eth9	3794	6082
1787823426.733727174	s2-eth1	4478524002	3651950262
1787823426.733727174	s2-eth10	68877228	6279
1787823426.733727174	s2-eth11	1228346094	14007
1787823426.733727174	s2-eth12	3756	5910
1787823426.733727174	s2-eth13	3597	6290
1787823426.733727174	s2-eth14	3819	5745
1787823426.733727174	s2-eth15	689750675	11774
1787823426.733727174	s2-eth16	68894371	6017
1787823426.733727174	s2-eth17	69041472	6073
1787823426.733727174	s2-eth18	68965497	6431
1787823426.733727174	s2-eth19	10137	2119424041
1787823426.733727174	s2-eth2	55354581	25139
1787823426.733727174	s2-eth20	2289	25333418
1787823426.733727174	s2-eth21	2540	24188392
1787823426.733727174	s2-eth22	2386	6282
1787823426.733727174	s2-eth23	8905	677449730
1787823426.733727174	s2-eth24	2497	23454569
1787823426.733727174	s2-eth25	2596	6352
1787823426.733727174	s2-eth26	2202	21614302
1787823426.733727174	s2-eth27	10994	735623669
1787823426.733727174	s2-eth28	2676	6463
1787823426.733727174	s2-eth29	2582	6139
1787823426.733727174	s2-eth3	514264854	14209
1787823426.733727174	s2-eth30	2107	6082
1787823426.733727174	s2-eth31	8920	677627423
1787823426.733727174	s2-eth32	2199	21685002
1787823426.733727174	s2-eth33	2314	6073
1787823426.733727174	s2-eth34	2193	5993
1787823426.733727174	s2-eth4	69364488	6143
1787823426.733727174	s2-eth5	69444916	5939
1787823426.733727174	s2-eth6	69469388	5849
1787823426.733727174	s2-eth7	908687805	13101
1787823426.733727174	s2-eth8	69455334	6120
1787823426.733727174	s2-eth9	69439357	6017
1787823426.733727174	s3-eth1	4625182408	3794927811
1787823426.733727174	s3-eth10	2703	6010
1787823426.733727174	s3-eth11	10221	741337268
1787823426.733727174	s3-eth12	2586	15667811
1787823426.733727174	s3-eth13	2384	6551
1787823426.733727174	s3-eth14	2370	15470311
1787823426.733727174	s3-eth15	8189	500138527
1787823426.733727174	s3-eth16	2743	15240692
1787823426.733727174	s3-eth17	1953	5718
1787823426.733727174	s3-eth18	2106	15163058
1787823426.733727174	s3-eth19	515850030	13763
1787823426.733727174	s3-eth2	25209	25139
1787823426.733727174	s3-eth20	69764990	5762
1787823426.733727174	s3-eth21	69739084	5829
1787823426.733727174	s3-eth22	69779501	5860
1787823426.733727174	s3-eth23	908783178	12568
1787823426.733727174	s3-eth24	69814051	5927
1787823426.733727174	s3-eth25	69801804	6393
1787823426.733727174	s3-eth26	69733443	5996
1787823426.733727174	s3-eth27	1231784331	13688
1787823426.733727174	s3-eth28	2943	5892
1787823426.733727174	s3-eth29	2890	5900
1787823426.733727174	s3-eth3	3773949	2465431855
1787823426.733727174	s3-eth30	2800	6040
1787823426.733727174	s3-eth31	894824149	12484
1787823426.733727174	s3-eth32	2981	6012
1787823426.733727174	s3-eth33	3680	6116
1787823426.733727174	s3-eth34	3164	6027
1787823426.733727174	s3-eth4	2210	17261279
1787823426.733727174	s3-eth5	2300	16873401
1787823426.733727174	s3-eth6	2300	16615283
1787823426.733727174	s3-eth7	9699	660490148
1787823426.733727174	s3-eth8	2367	16062766
1787823426.733727174	s3-eth9	2723	5940
1787823426.733727174	s4-eth1	6351607514	106489
1787823426.733727174	s4-eth10	2629	17340302
1787823426.733727174	s4-eth11	10357	911849494
1787823426.733727174	s4-eth12	2437	5954
1787823426.733727174	s4-eth13	2656	5909
1787823426.733727174	s4-eth14	1845	5784
1787823426.733727174	s4-eth15	8124	605598855
1787823426.733727174	s4-eth16	2187	16752183
1787823426.733727174	s4-eth17	2333	16642440
1787823426.733727174	s4-eth18	2669	16488363
1787823426.733727174	s4-eth19	10133	345129622
1787823426.733727174	s4-eth2	25166	22730
1787823426.733727174	s4-eth20	2222	38683286
1787823426.733727174	s4-eth21	2199	38337354
1787823426.733727174	s4-eth22	2280	38246681
1787823426.733727174	s4-eth23	8825	865968014
1787823426.733727174	s4-eth24	2344	37891915
1787823426.733727174	s4-eth25	2743	37284624
1787823426.733727174	s4-eth26	2186	36837797
1787823426.733727174	s4-eth27	9878	1023790584
1787823426.733727174	s4-eth28	2152	6221
1787823426.733727174	s4-eth29	2140	6127
1787823426.733727174	s4-eth3	10309	268117122
1787823426.733727174	s4-eth30	2070	6127
1787823426.733727174	s4-eth31	8967	856899206
1787823426.733727174	s4-eth32	2272	6270
1787823426.733727174	s4-eth33	2462	6045
1787823426.733727174	s4-eth34	2217	6111
1787823426.733727174	s4-eth4	2471	18121936
1787823426.733727174	s4-eth5	2109	18121932
1787823426.733727174	s4-eth6	2039	18074312
1787823426.733727174	s4-eth7	9358	816232733
1787823426.733727174	s4-eth8	2307	17442770
1787823426.733727174	s4-eth9	2117	17356567
1787823426.733727174	s5-eth1	10634442306	3867515
1787823426.733727174	s5-eth2	3677395821	4478524029
1787823426.733727174	s5-eth3	3870735	8131489819
1787823426.733727174	s5-eth4	25908	23003
1787823426.733727174	s6-eth1	213299984	25236
1787823426.733727174	s6-eth2	25166	62919340
1787823426.733727174	s6-eth3	25166	103188009
1787823426.733727174	s6-eth4	26033	25236
1787823426.733727174	s7-eth1	3812204440	4629074393
1787823426.733727174	s7-eth2	106489	6360249420
1787823426.733727174	s7-eth3	7888885856	3868229
1787823426.733727174	s7-eth4	25810	25166
1787823426.733727174	s8-eth1	25166	25236
1787823426.733727174	s8-eth2	22730	25166
1787823426.733727174	s8-eth3	25166	22933
1787823426.733727174	s8-eth4	25908	25166
1787823426.733727174	s9-eth1	8135315445	3870735
1787823426.733727174	s9-eth2	106451255	25166
1787823426.733727174	s9-eth3	3868229	7891402146
1787823426.733727174	s9-eth4	22933	25166
1787823433.907323234	s10-eth1	23003	25908
1787823433.907323234	s10-eth2	25236	26033
1787823433.907323234	s10-eth3	25166	25810
1787823433.907323234	s10-eth4	25166	25908
1787823433.907323234	s1-eth1	3867515	10652344736
1787823433.907323234	s1-eth10	4118	6443
1787823433.907323234	s1-eth11	1244414319	14121
1787823433.907323234	s1-eth12	72943819	6419
1787823433.907323234	s1-eth13	3052	6124
1787823433.907323234	s1-eth14	73002551	5950
1787823433.907323234	s1-eth15	690535594	11859
1787823433.907323234	s1-eth16	72992548	6231
1787823433.907323234	s1-eth17	3914	5626
1787823433.907323234	s1-eth18	73087785	5916
1787823433.907323234	s1-eth19	3880947894	13598
1787823433.907323234	s1-eth2	25263	230859218
1787823433.907323234	s1-eth20	73131978	5939
1787823433.907323234	s1-eth21	72252801	5941
1787823433.907323234	s1-eth22	3216	5758
1787823433.907323234	s1-eth23	894807251	12351
1787823433.907323234	s1-eth24	72170664	5958
1787823433.907323234	s1-eth25	3442	6034
1787823433.907323234	s1-eth26	69513042	5718
1787823433.907323234	s1-eth27	952755919	14340
1787823433.907323234	s1-eth28	3517	6114
1787823433.907323234	s1-eth29	3883	6099
1787823433.907323234	s1-eth3	4315048835	3777885
1787823433.907323234	s1-eth30	3125	5679
1787823433.907323234	s1-eth31	894808072	12504
1787823433.907323234	s1-eth32	70391267	5849
1787823433.907323234	s1-eth33	3201	5800
1787823433.907323234	s1-eth34	3451	5675
1787823433.907323234	s1-eth4	73485751	6216
1787823433.907323234	s1-eth5	73510069	5860
1787823433.907323234	s1-eth6	73530257	5950
1787823433.907323234	s1-eth7	909528229	13416
1787823433.907323234	s1-eth8	73551965	5927
1787823433.907323234	s1-eth9	3794	6082
1787823433.907323234	s2-eth1	4486642516	3718058806
1787823433.907323234	s2-eth10	73628618	6279
1787823433.907323234	s2-eth11	1247376168	14007
1787823433.907323234	s2-eth12	3756	5910
1787823433.907323234	s2-eth13	3597	6290
1787823433.907323234	s2-eth14	3819	5745
1787823433.907323234	s2-eth15	690700953	11774
1787823433.907323234	s2-eth16	73664507	6017
1787823433.907323234	s2-eth17	73831796	6073
1787823433.907323234	s2-eth18	73768799	6431
1787823433.907323234	s2-eth19	10137	2122006663
1787823433.907323234	s2-eth2	64530081	25193
1787823433.907323234	s2-eth20	2289	27280118
1787823433.907323234	s2-eth21	2540	26075970
1787823433.907323234	s2-eth22	2386	6282
1787823433.907323234	s2-eth23	8905	677449730
1787823433.907323234	s2-eth24	2497	25316191
1787823433.907323234	s2-eth25	2596	6352
1787823433.907323234	s2-eth26	2202	23438432
1787823433.907323234	s2-eth27	10994	735623669
1787823433.907323234	s2-eth28	2676	6463
1787823433.907323234	s2-eth29	2582	6139
1787823433.907323234	s2-eth3	533887590	14209
1787823433.907323234	s2-eth30	2107	6082
1787823433.907323234	s2-eth31	8920	677627423
1787823433.907323234	s2-eth32	2199	23574022
1787823433.907323234	s2-eth33	2314	6073
1787823433.907323234	s2-eth34	2193	5993
1787823433.907323234	s2-eth4	74342272	6143
1787823433.907323234	s2-eth5	74455866	5939
1787823433.907323234	s2-eth6	74507736	5849
1787823433.907323234	s2-eth7	909700089	13101
1787823433.907323234	s2-eth8	74536942	6120
1787823433.907323234	s2-eth9	74541153	6017
1787823433.907323234	s3-eth1	4641915430	3852682889
1787823433.907323234	s3-eth10	2703	6010
1787823433.907323234	s3-eth11	10221	743067668
1787823433.907323234	s3-eth12	2586	16890627
1787823433.907323234	s3-eth13	2384	6551
1787823433.907323234	s3-eth14	2370	16704663
1787823433.907323234	s3-eth15	8189	500389435
1787823433.907323234	s3-eth16	2743	16545702
1787823433.907323234	s3-eth17	1953	5718
1787823433.907323234	s3-eth18	2106	16512770
1787823433.907323234	s3-eth19	536303358	13763
1787823433.907323234	s3-eth2	25263	25193
1787823433.907323234	s3-eth20	74908604	5762
1787823433.907323234	s3-eth21	74898560	5829
1787823433.907323234	s3-eth22	74953397	5860
1787823433.907323234	s3-eth23	909822860	12568
1787823433.907323234	s3-eth24	75031207	5927
1787823433.907323234	s3-eth25	75039148	6393
1787823433.907323234	s3-eth26	74993859	5996
1787823433.907323234	s3-eth27	1252781293	13688
1787823433.907323234	s3-eth28	2943	5892
1787823433.907323234	s3-eth29	2890	5900
1787823433.907323234	s3-eth3	3773949	2467052663
1787823433.907323234	s3-eth30	2800	6040
1787823433.907323234	s3-eth31	894824149	12484
1787823433.907323234	s3-eth32	2981	6012
1787823433.907323234	s3-eth33	3680	6116
1787823433.907323234	s3-eth34	3164	6027
1787823433.907323234	s3-eth4	2210	18475443
1787823433.907323234	s3-eth5	2300	18083239
1787823433.907323234	s3-eth6	2300	17830889
1787823433.907323234	s3-eth7	9766	660725194
1787823433.907323234	s3-eth8	2367	17323074
1787823433.907323234	s3-eth9	2790	5940
1787823433.907323234	s4-eth1	6413974041	106516
1787823433.907323234	s4-eth10	2629	18348260
1787823433.907323234	s4-eth11	10357	914345596
1787823433.907323234	s4-eth12	2437	5954
1787823433.907323234	s4-eth13	2656	5909
1787823433.907323234	s4-eth14	1845	5784
1787823433.907323234	s4-eth15	8124	605784873
1787823433.907323234	s4-eth16	2187	17765909
1787823433.907323234	s4-eth17	2333	17673470
1787823433.907323234	s4-eth18	2669	17491995
1787823433.907323234	s4-eth19	10133	354238736
1787823433.907323234	s4-eth2	25193	22757
1787823433.907323234	s4-eth20	2222	41701392
1787823433.907323234	s4-eth21	2199	41307874
1787823433.907323234	s4-eth22	2280	41273439
1787823433.907323234	s4-eth23	8825	866583748
1787823433.907323234	s4-eth24	2344	40885507
1787823433.907323234	s4-eth25	2743	40282542
1787823433.907323234	s4-eth26	2186	39861671
1787823433.907323234	s4-eth27	9878	1033221264
1787823433.907323234	s4-eth28	2152	6221
1787823433.907323234	s4-eth29	2140	6127
1787823433.907323234	s4-eth3	10309	270877110
1787823433.907323234	s4-eth30	2070	6127
1787823433.907323234	s4-eth31	8967	856899206
1787823433.907323234	s4-eth32	2272	6270
1787823433.907323234	s4-eth33	2462	6045
1787823433.907323234	s4-eth34	2217	6111
1787823433.907323234	s4-eth4	2471	19383686
1787823433.907323234	s4-eth5	2109	19405312
1787823433.907323234	s4-eth6	2039	19385090
1787823433.907323234	s4-eth7	9358	816480757
1787823433.907323234	s4-eth8	2307	18684332
1787823433.907323234	s4-eth9	2117	18577941
1787823433.907323234	s5-eth1	10701211415	3867743
1787823433.907323234	s5-eth2	3750379794	4494534582
1787823433.907323234	s5-eth3	3870963	8187928362
1787823433.907323234	s5-eth4	25964	23030
1787823433.907323234	s6-eth1	230859245	25290
1787823433.907323234	s6-eth2	25193	64530108
1787823433.907323234	s6-eth3	25220	117052893
1787823433.907323234	s6-eth4	26089	25290
1787823433.907323234	s7-eth1	3879378796	4647865149
1787823433.907323234	s7-eth2	106543	6431759696
1787823433.907323234	s7-eth3	7942141932	3868484
1787823433.907323234	s7-eth4	25866	25220
1787823433.907323234	s8-eth1	25220	25290
1787823433.907323234	s8-eth2	22784	25220
1787823433.907323234	s8-eth3	25220	22987
1787823433.907323234	s8-eth4	25964	25220
1787823433.907323234	s9-eth1	8190423049	3870990
1787823433.907323234	s9-eth2	117052893	25220
1787823433.907323234	s9-eth3	3868484	7942444752
1787823433.907323234	s9-eth4	22987	25220
1787823442.347543961	s10-eth1	23057	25964
1787823442.347543961	s10-eth2	25290	26089
1787823442.347543961	s10-eth3	25220	25866
1787823442.347543961	s10-eth4	25220	25964
1787823442.347543961	s1-eth1	3867770	10721491730
1787823442.347543961	s1-eth10	4196	6510
1787823442.347543961	s1-eth11	1266217359	14121
1787823442.347543961	s1-eth12	78400347	6419
1787823442.347543961	s1-eth13	3052	6124
1787823442.347543961	s1-eth14	78443217	5950
1787823442.347543961	s1-eth15	691619978	11859
1787823442.347543961	s1-eth16	78407258	6231
1787823442.347543961	s1-eth17	3914	5626
1787823442.347543961	s1-eth18	78547197	5916
1787823442.347543961	s1-eth19	3902879272	13598
1787823442.347543961	s1-eth2	25290	230859272
1787823442.347543961	s1-eth20	78667816	5939
1787823442.347543961	s1-eth21	77810269	5941
1787823442.347543961	s1-eth22	3216	5758
1787823442.347543961	s1-eth23	894807251	12351
1787823442.347543961	s1-eth24	77804558	5958
1787823442.347543961	s1-eth25	3442	6034
1787823442.347543961	s1-eth26	75177218	5718
1787823442.347543961	s1-eth27	952755919	14340
1787823442.347543961	s1-eth28	3517	6114
1787823442.347543961	s1-eth29	3883	6099
1787823442.347543961	s1-eth3	4337568549	3777885
1787823442.347543961	s1-eth30	3125	5679
1787823442.347543961	s1-eth31	894808072	12504
1787823442.347543961	s1-eth32	75963155	5849
1787823442.347543961	s1-eth33	3201	5800
1787823442.347543961	s1-eth34	3451	5675
1787823442.347543961	s1-eth4	78995633	6216
1787823442.347543961	s1-eth5	79018509	5860
1787823442.347543961	s1-eth6	79048791	5950
1787823442.347543961	s1-eth7	910632801	13416
1787823442.347543961	s1-eth8	79083477	5927
1787823442.347543961	s1-eth9	3872	6149
1787823442.347543961	s2-eth1	4502883789	3783949581
1787823442.347543961	s2-eth10	79124080	6279
1787823442.347543961	s2-eth11	1269270054	14007
1787823442.347543961	s2-eth12	3756	5910
1787823442.347543961	s2-eth13	3597	6290
1787823442.347543961	s2-eth14	3819	5745
1787823442.347543961	s2-eth15	691776685	11774
1787823442.347543961	s2-eth16	79012885	6017
1787823442.347543961	s2-eth17	79152776	6073
1787823442.347543961	s2-eth18	79072475	6431
1787823442.347543961	s2-eth19	10137	2123862517
1787823442.347543961	s2-eth2	64530108	25220
1787823442.347543961	s2-eth20	2289	28928324
1787823442.347543961	s2-eth21	2540	27598722
1787823442.347543961	s2-eth22	2386	6282
1787823442.347543961	s2-eth23	8905	677449730
1787823442.347543961	s2-eth24	2497	26722141
1787823442.347543961	s2-eth25	2596	6352
1787823442.347543961	s2-eth26	2202	24756420
1787823442.347543961	s2-eth27	10994	735623669
1787823442.347543961	s2-eth28	2676	6463
1787823442.347543961	s2-eth29	2582	6139
1787823442.347543961	s2-eth3	553950136	14209
1787823442.347543961	s2-eth30	2107	6082
1787823442.347543961	s2-eth31	8920	677627423
1787823442.347543961	s2-eth32	2199	24766556
1787823442.347543961	s2-eth33	2314	6073
1787823442.347543961	s2-eth34	2193	5993
1787823442.347543961	s2-eth4	79197486	6143
1787823442.347543961	s2-eth5	79295218	5939
1787823442.347543961	s2-eth6	79352856	5849
1787823442.347543961	s2-eth7	910669113	13101
1787823442.347543961	s2-eth8	79392156	6120
1787823442.347543961	s2-eth9	79399251	6017
1787823442.347543961	s3-eth1	4656499845	3906286516
1787823442.347543961	s3-eth10	2770	6010
1787823442.347543961	s3-eth11	10221	744013620
1787823442.347543961	s3-eth12	2586	17787551
1787823442.347543961	s3-eth13	2384	6551
1787823442.347543961	s3-eth14	2370	17614565
1787823442.347543961	s3-eth15	8189	500640343
1787823442.347543961	s3-eth16	2743	17400808
1787823442.347543961	s3-eth17	2019	5718
1787823442.347543961	s3-eth18	2106	17352014
1787823442.347543961	s3-eth19	554932556	13763
1787823442.347543961	s3-eth2	25290	25220
1787823442.347543961	s3-eth20	79527330	5762
1787823442.347543961	s3-eth21	79497098	5829
1787823442.347543961	s3-eth22	79540399	5860
1787823442.347543961	s3-eth23	910738530	12568
1787823442.347543961	s3-eth24	79590811	5927
1787823442.347543961	s3-eth25	79591542	6393
1787823442.347543961	s3-eth26	79517413	5996
1787823442.347543961	s3-eth27	1270894255	13688
1787823442.347543961	s3-eth28	2943	5892
1787823442.347543961	s3-eth29	2890	5900
1787823442.347543961	s3-eth3	3773949	2467969775
1787823442.347543961	s3-eth30	2800	6040
1787823442.347543961	s3-eth31	894824149	12484
1787823442.347543961	s3-eth32	2981	6012
1787823442.347543961	s3-eth33	3680	6116
1787823442.347543961	s3-eth34	3164	6027
1787823442.347543961	s3-eth4	2210	19365157
1787823442.347543961	s3-eth5	2300	18949881
1787823442.347543961	s3-eth6	2300	18680227
1787823442.347543961	s3-eth7	9766	660970334
1787823442.347543961	s3-eth8	2367	18123384
1787823442.347543961	s3-eth9	2790	5940
1787823442.347543961	s4-eth1	6469801125	106570
1787823442.347543961	s4-eth10	2629	19607126
1787823442.347543961	s4-eth11	10357	916318252
1787823442.347543961	s4-eth12	2437	5954
1787823442.347543961	s4-eth13	2656	5909
1787823442.347543961	s4-eth14	1845	5784
1787823442.347543961	s4-eth15	8124	606058853
1787823442.347543961	s4-eth16	2187	18998819
1787823442.347543961	s4-eth17	2333	18896286
1787823442.347543961	s4-eth18	2669	18648479
1787823442.347543961	s4-eth19	10133	360015388
1787823442.347543961	s4-eth2	25247	22811
1787823442.347543961	s4-eth20	2222	44164328
1787823442.347543961	s4-eth21	2199	43736202
1787823442.347543961	s4-eth22	2280	43633993
1787823442.347543961	s4-eth23	8825	867078354
1787823442.347543961	s4-eth24	2344	43276343
1787823442.347543961	s4-eth25	2743	42601278
1787823442.347543961	s4-eth26	2186	42196269
1787823442.347543961	s4-eth27	9878	1038312966
1787823442.347543961	s4-eth28	2152	6221
1787823442.347543961	s4-eth29	2140	6127
1787823442.347543961	s4-eth3	10309	272751710
1787823442.347543961	s4-eth30	2070	6127
1787823442.347543961	s4-eth31	8967	856899206
1787823442.347543961	s4-eth32	2272	6270
1787823442.347543961	s4-eth33	2462	6045
1787823442.347543961	s4-eth34	2217	6111
1787823442.347543961	s4-eth4	2471	20450766
1787823442.347543961	s4-eth5	2109	20469508
1787823442.347543961	s4-eth6	2039	20472358
1787823442.347543961	s4-eth7	9358	816743201
1787823442.347543961	s4-eth8	2307	19738434
1787823442.347543961	s4-eth9	2117	19617623
1787823442.347543961	s5-eth1	10744845013	3867863
1787823442.347543961	s5-eth2	3802133228	4506236466
1787823442.347543961	s5-eth3	3871083	8240492239
1787823442.347543961	s5-eth4	25992	23084
1787823442.347543961	s6-eth1	230859299	25317
1787823442.347543961	s6-eth2	25247	64530135
1787823442.347543961	s6-eth3	25247	117052920
1787823442.347543961	s6-eth4	26117	25317
1787823442.347543961	s7-eth1	3917726061	4658750834
1787823442.347543961	s7-eth2	106570	6475576335
1787823442.347543961	s7-eth3	7981002483	3868577
1787823442.347543961	s7-eth4	25894	25247
1787823442.347543961	s8-eth1	25247	25317
1787823442.347543961	s8-eth2	22811	25247
1787823442.347543961	s8-eth3	25247	23014
1787823442.347543961	s8-eth4	25992	25247
1787823442.347543961	s9-eth1	8244682691	3871083
1787823442.347543961	s9-eth2	117052920	25247
1787823442.347543961	s9-eth3	3868577	7982219531
1787823442.347543961	s9-eth4	23014	25247
1787823448.895506291	s10-eth1	23084	25992
1787823448.895506291	s10-eth2	25317	26117
1787823448.895506291	s10-eth3	25247	25894
1787823448.895506291	s10-eth4	25247	25992
1787823448.895506291	s1-eth1	3867863	10763249259
1787823448.895506291	s1-eth10	4196	6510
1787823448.895506291	s1-eth11	1282620109	14121
1787823448.895506291	s1-eth12	82489859	6419
1787823448.895506291	s1-eth13	3052	6124
1787823448.895506291	s1-eth14	82509657	5950
1787823448.895506291	s1-eth15	692430382	11859
1787823448.895506291	s1-eth16	82441974	6231
1787823448.895506291	s1-eth17	3980	5692
1787823448.895506291	s1-eth18	82535769	5916
1787823448.895506291	s1-eth19	3918734062	13598
1787823448.895506291	s1-eth2	25317	230859299
1787823448.895506291	s1-eth20	82578520	5939
1787823448.895506291	s1-eth21	81699343	5941
1787823448.895506291	s1-eth22	3216	5758
1787823448.895506291	s1-eth23	894807251	12351
1787823448.895506291	s1-eth24	81643162	5958
1787823448.895506291	s1-eth25	3442	6034
1787823448.895506291	s1-eth26	79005728	5718
1787823448.895506291	s1-eth27	952755919	14340
1787823448.895506291	s1-eth28	3517	6114
1787823448.895506291	s1-eth29	3883	6099
1787823448.895506291	s1-eth3	4352999391	3777885
1787823448.895506291	s1-eth30	3125	5679
1787823448.895506291	s1-eth31	894808072	12504
1787823448.895506291	s1-eth32	79886837	5849
1787823448.895506291	s1-eth33	3201	5800
1787823448.895506291	s1-eth34	3451	5675
1787823448.895506291	s1-eth4	83021697	6216
1787823448.895506291	s1-eth5	83069087	5860
1787823448.895506291	s1-eth6	83089275	5950
1787823448.895506291	s1-eth7	911438879	13416
1787823448.895506291	s1-eth8	83103773	5927
1787823448.895506291	s1-eth9	3872	6149
1787823448.895506291	s2-eth1	4511915062	3829229877
1787823448.895506291	s2-eth10	83138608	6279
1787823448.895506291	s2-eth11	1285348354	14007
1787823448.895506291	s2-eth12	3756	5910
1787823448.895506291	s2-eth13	3597	6290
1787823448.895506291	s2-eth14	3819	5745
1787823448.895506291	s2-eth15	692601509	11774
1787823448.895506291	s2-eth16	83161519	6017
1787823448.895506291	s2-eth17	83321598	6073
1787823448.895506291	s2-eth18	83265811	6431
1787823448.895506291	s2-eth19	10137	2124982951
1787823448.895506291	s2-eth2	64530162	25274
1787823448.895506291	s2-eth20	2289	30005498
1787823448.895506291	s2-eth21	2540	28586492
1787823448.895506291	s2-eth22	2386	6282
1787823448.895506291	s2-eth23	8905	677449730
1787823448.895506291	s2-eth24	2497	27629159
1787823448.895506291	s2-eth25	2596	6352
1787823448.895506291	s2-eth26	2202	25588454
1787823448.895506291	s2-eth27	10994	735623669
1787823448.895506291	s2-eth28	2676	6463
1787823448.895506291	s2-eth29	2582	6139
1787823448.895506291	s2-eth3	572078960	14209
1787823448.895506291	s2-eth30	2107	6082
1787823448.895506291	s2-eth31	8920	677627423
1787823448.895506291	s2-eth32	2199	25558214
1787823448.895506291	s2-eth33	2314	6073
1787823448.895506291	s2-eth34	2193	5993
1787823448.895506291	s2-eth4	83898406	6143
1787823448.895506291	s2-eth5	84000464	5939
1787823448.895506291	s2-eth6	84056660	5849
1787823448.895506291	s2-eth7	911609297	13101
1787823448.895506291	s2-eth8	84085866	6120
1787823448.895506291	s2-eth9	84092961	6017
1787823448.895506291	s3-eth1	4667909003	3956520280
1787823448.895506291	s3-eth10	2770	6010
1787823448.895506291	s3-eth11	10221	744865842
1787823448.895506291	s3-eth12	2586	18622469
1787823448.895506291	s3-eth13	2384	6551
1787823448.895506291	s3-eth14	2370	18423527
1787823448.895506291	s3-eth15	8189	500892693
1787823448.895506291	s3-eth16	2743	18186698
1787823448.895506291	s3-eth17	2151	5718
1787823448.895506291	s3-eth18	2106	18122042
1787823448.895506291	s3-eth19	574080874	13763
1787823448.895506291	s3-eth2	25344	25274
1787823448.895506291	s3-eth20	84320538	5762
1787823448.895506291	s3-eth21	84288864	5829
1787823448.895506291	s3-eth22	84335049	5860
1787823448.895506291	s3-eth23	911694576	12568
1787823448.895506291	s3-eth24	84368157	5927
1787823448.895506291	s3-eth25	84351584	6393
1787823448.895506291	s3-eth26	84273129	5996
1787823448.895506291	s3-eth27	1289930097	13688
1787823448.895506291	s3-eth28	2943	5892
1787823448.895506291	s3-eth29	2890	5900
1787823448.895506291	s3-eth3	3773949	2468935915
1787823448.895506291	s3-eth30	2800	6040
1787823448.895506291	s3-eth31	894824149	12484
1787823448.895506291	s3-eth32	2981	6012
1787823448.895506291	s3-eth33	3680	6116
1787823448.895506291	s3-eth34	3164	6027
1787823448.895506291	s3-eth4	2210	20380325
1787823448.895506291	s3-eth5	2300	19967933
1787823448.895506291	s3-eth6	2300	19672323
1787823448.895506291	s3-eth7	9766	661283248
1787823448.895506291	s3-eth8	2367	19076546
1787823448.895506291	s3-eth9	2790	5940
1787823448.895506291	s4-eth1	6533876422	106597
1787823448.895506291	s4-eth10	2629	20907810
1787823448.895506291	s4-eth11	10357	917979436
1787823448.895506291	s4-eth12	2437	5954
1787823448.895506291	s4-eth13	2656	5909
1787823448.895506291	s4-eth14	1845	5784
1787823448.895506291	s4-eth15	8124	606347253
1787823448.895506291	s4-eth16	2187	20316807
1787823448.895506291	s4-eth17	2333	20237346
1787823448.895506291	s4-eth18	2669	19946279
1787823448.895506291	s4-eth19	10133	368295352
1787823448.895506291	s4-eth2	25274	22838
1787823448.895506291	s4-eth20	2222	47525630
1787823448.895506291	s4-eth21	2199	47026846
1787823448.895506291	s4-eth22	2280	46956361
1787823448.895506291	s4-eth23	8825	867758978
1787823448.895506291	s4-eth24	2344	46643413
1787823448.895506291	s4-eth25	2743	46026028
1787823448.895506291	s4-eth26	2186	45561897
1787823448.895506291	s4-eth27	9878	1046675124
1787823448.895506291	s4-eth28	2152	6221
1787823448.895506291	s4-eth29	2140	6127
1787823448.895506291	s4-eth3	10309	274473458
1787823448.895506291	s4-eth30	2070	6127
1787823448.895506291	s4-eth31	8967	856899206
1787823448.895506291	s4-eth32	2272	6270
1787823448.895506291	s4-eth33	2462	6045
1787823448.895506291	s4-eth34	2217	6111
1787823448.895506291	s4-eth4	2471	21898534
1787823448.895506291	s4-eth5	2109	21936022
1787823448.895506291	s4-eth6	2039	21901380
1787823448.895506291	s4-eth7	9358	817054673
1787823448.895506291	s4-eth8	2307	21155920
1787823448.895506291	s4-eth9	2117	21076927
1787823448.895506291	s5-eth1	10800408340	3868022
1787823448.895506291	s5-eth2	3856607689	4517517259
1787823448.895506291	s5-eth3	3871242	8289409232
1787823448.895506291	s5-eth4	26020	23111
1787823448.895506291	s6-eth1	230859326	25344
1787823448.895506291	s6-eth2	25274	64530162
1787823448.895506291	s6-eth3	25274	117052947
1787823448.895506291	s6-eth4	26145	25344
1787823448.895506291	s7-eth1	3984800850	4673632301
1787823448.895506291	s7-eth2	106624	6552613770
1787823448.895506291	s7-eth3	8023635267	3868736
1787823448.895506291	s7-eth4	25950	25301
1787823448.895506291	s8-eth1	25301	25371
1787823448.895506291	s8-eth2	22865	25301
1787823448.895506291	s8-eth3	25301	23068
1787823448.895506291	s8-eth4	26048	25301
1787823448.895506291	s9-eth1	8291771228	3871269
1787823448.895506291	s9-eth2	117052974	25301
1787823448.895506291	s9-eth3	3868763	8024937393
1787823448.895506291	s9-eth4	23068	25301
1787823457.289435540	s10-eth1	23138	26048
1787823457.289435540	s10-eth2	25371	26173
1787823457.289435540	s10-eth3	25301	25950
1787823457.289435540	s10-eth4	25301	26048
1787823457.289435540	s1-eth1	3868049	10818104591
1787823457.289435540	s1-eth10	4196	6510
1787823457.289435540	s1-eth11	1304362585	14121
1787823457.289435540	s1-eth12	87906011	6419
1787823457.289435540	s1-eth13	3052	6124
1787823457.289435540	s1-eth14	87930135	5950
1787823457.289435540	s1-eth15	693514766	11859
1787823457.289435540	s1-eth16	87868220	6231
1787823457.289435540	s1-eth17	4136	5824
1787823457.289435540	s1-eth18	87966341	5916
1787823457.289435540	s1-eth19	3940485190	13598
1787823457.289435540	s1-eth2	25371	232320099
1787823457.289435540	s1-eth20	88073982	5939
1787823457.289435540	s1-eth21	87214993	5941
1787823457.289435540	s1-eth22	3216	5758
1787823457.289435540	s1-eth23	894807251	12351
1787823457.289435540	s1-eth24	87217934	5958
1787823457.289435540	s1-eth25	3442	6034
1787823457.289435540	s1-eth26	84599246	5718
1787823457.289435540	s1-eth27	952755919	14340
1787823457.289435540	s1-eth28	3517	6114
1787823457.289435540	s1-eth29	3883	6099
1787823457.289435540	s1-eth3	4375620045	3777885
1787823457.289435540	s1-eth30	3125	5679
1787823457.289435540	s1-eth31	894808072	12504
1787823457.289435540	s1-eth32	85576969	5849
1787823457.289435540	s1-eth33	3201	5800
1787823457.289435540	s1-eth34	3451	5675
1787823457.289435540	s1-eth4	88677221	6216
1787823457.289435540	s1-eth5	88708749	5860
1787823457.289435540	s1-eth6	88734705	5950
1787823457.289435540	s1-eth7	912567965	13416
1787823457.289435540	s1-eth8	88746319	5927
1787823457.289435540	s1-eth9	3872	6149
1787823457.289435540	s2-eth1	4520582978	3893485424
1787823457.289435540	s2-eth10	88797016	6279
1787823457.289435540	s2-eth11	1307958914	14007
1787823457.289435540	s2-eth12	3756	5910
1787823457.289435540	s2-eth13	3597	6290
1787823457.289435540	s2-eth14	3819	5745
1787823457.289435540	s2-eth15	693713291	11774
1787823457.289435540	s2-eth16	88701683	6017
1787823457.289435540	s2-eth17	88844458	6073
1787823457.289435540	s2-eth18	88775693	6431
1787823457.289435540	s2-eth19	10137	2126626831
1787823457.289435540	s2-eth2	68833117	25301
1787823457.289435540	s2-eth20	2289	31539786
1787823457.289435540	s2-eth21	2540	29966486
1787823457.289435540	s2-eth22	2386	6282
1787823457.289435540	s2-eth23	8905	677449730
1787823457.289435540	s2-eth24	2497	28898119
1787823457.289435540	s2-eth25	2596	6352
1787823457.289435540	s2-eth26	2202	26801176
1787823457.289435540	s2-eth27	10994	735623669
1787823457.289435540	s2-eth28	2676	6463
1787823457.289435540	s2-eth29	2582	6139
1787823457.289435540	s2-eth3	593952658	14209
1787823457.289435540	s2-eth30	2107	6082
1787823457.289435540	s2-eth31	8920	677627423
1787823457.289435540	s2-eth32	2199	26706046
1787823457.289435540	s2-eth33	2314	6073
1787823457.289435540	s2-eth34	2193	5993
1787823457.289435540	s2-eth4	89383774	6143
1787823457.289435540	s2-eth5	89500252	5939
1787823457.289435540	s2-eth6	89553564	5919
1787823457.289435540	s2-eth7	912706659	13101
1787823457.289435540	s2-eth8	89564094	6120
1787823457.289435540	s2-eth9	89561025	6017
1787823457.289435540	s3-eth1	4684461775	4031527540
1787823457.289435540	s3-eth10	2770	6010
1787823457.289435540	s3-eth11	10221	746339566
1787823457.289435540	s3-eth12	2586	20057259
1787823457.289435540	s3-eth13	2384	6551
1787823457.289435540	s3-eth14	2370	19871295
1787823457.289435540	s3-eth15	8189	501352691
1787823457.289435540	s3-eth16	2881	19635908
1787823457.289435540	s3-eth17	2217	5718
1787823457.289435540	s3-eth18	2106	19575578
1787823457.289435540	s3-eth19	595983412	13763
1787823457.289435540	s3-eth2	25398	25328
1787823457.289435540	s3-eth20	89782834	5762
1787823457.289435540	s3-eth21	89749718	5829
1787823457.289435540	s3-eth22	89780041	5860
1787823457.289435540	s3-eth23	912781914	12568
1787823457.289435540	s3-eth24	89798729	5927
1787823457.289435540	s3-eth25	89769178	6393
1787823457.289435540	s3-eth26	89692165	5996
1787823457.289435540	s3-eth27	1311554329	13688
1787823457.289435540	s3-eth28	2943	5892
1787823457.289435540	s3-eth29	2890	5900
1787823457.289435540	s3-eth3	3773949	2470523557
1787823457.289435540	s3-eth30	2800	6040
1787823457.289435540	s3-eth31	894824149	12484
1787823457.289435540	s3-eth32	3051	6012
1787823457.289435540	s3-eth33	3750	6116
1787823457.289435540	s3-eth34	3164	6027
1787823457.289435540	s3-eth4	2210	21916055
1787823457.289435540	s3-eth5	2300	21502221
1787823457.289435540	s3-eth6	2300	21156141
1787823457.289435540	s3-eth7	9766	661769202
1787823457.289435540	s3-eth8	2367	20501242
1787823457.289435540	s3-eth9	2790	5940
1787823457.289435540	s4-eth1	6595568120	106651
1787823457.289435540	s4-eth10	2629	21928746
1787823457.289435540	s4-eth11	10357	919392596
1787823457.289435540	s4-eth12	2437	6024
1787823457.289435540	s4-eth13	2656	5979
1787823457.289435540	s4-eth14	1845	5784
1787823457.289435540	s4-eth15	8124	606631327
1787823457.289435540	s4-eth16	2187	21287273
1787823457.289435540	s4-eth17	2333	21160226
1787823457.289435540	s4-eth18	2669	20869159
1787823457.289435540	s4-eth19	10133	376682024
1787823457.289435540	s4-eth2	25328	22892
1787823457.289435540	s4-eth20	2222	49799664
1787823457.289435540	s4-eth21	2199	49273482
1787823457.289435540	s4-eth22	2280	49174157
1787823457.289435540	s4-eth23	8825	868268004
1787823457.289435540	s4-eth24	2344	48897259
1787823457.289435540	s4-eth25	2743	48207774
1787823457.289435540	s4-eth26	2186	47759505
1787823457.289435540	s4-eth27	9878	1054274464
1787823457.289435540	s4-eth28	2152	6221
1787823457.289435540	s4-eth29	2140	6127
1787823457.289435540	s4-eth3	10309	275939972
1787823457.289435540	s4-eth30	2140	6127
1787823457.289435540	s4-eth31	8967	856899206
1787823457.289435540	s4-eth32	2272	6270
1787823457.289435540	s4-eth33	2462	6045
1787823457.289435540	s4-eth34	2217	6111
1787823457.289435540	s4-eth4	2471	22896398
1787823457.289435540	s4-eth5	2109	22918024
1787823457.289435540	s4-eth6	2109	22899244
1787823457.289435540	s4-eth7	9358	817311349
1787823457.289435540	s4-eth8	2307	22140806
1787823457.289435540	s4-eth9	2117	22060371
1787823457.289435540	s5-eth1	10822244600	3868214
1787823457.289435540	s5-eth2	3910384249	4520583005
1787823457.289435540	s5-eth3	3871364	8328139964
1787823457.289435540	s5-eth4	26076	23165
1787823457.289435540	s6-eth1	253276712	25398
1787823457.289435540	s6-eth2	25328	73887354
1787823457.289435540	s6-eth3	25328	128349629
1787823457.289435540	s6-eth4	26201	25398
1787823457.289435540	s7-eth1	4046984338	4688226837
1787823457.289435540	s7-eth2	106651	6605653468
1787823457.289435540	s7-eth3	8067611968	3868858
1787823457.289435540	s7-eth4	25978	25328
1787823457.289435540	s8-eth1	25328	25398
1787823457.289435540	s8-eth2	22892	25328
1787823457.289435540	s8-eth3	25328	23095
1787823457.289435540	s8-eth4	26076	25328
1787823457.289435540	s9-eth1	8330341898	3871364
1787823457.289435540	s9-eth2	129185989	25328
1787823457.289435540	s9-eth3	3868858	8068878044
1787823457.289435540	s9-eth4	23095	25328
1787823464.395321236	s10-eth1	23165	26076
1787823464.395321236	s10-eth2	25398	26201
1787823464.395321236	s10-eth3	25328	25978
1787823464.395321236	s10-eth4	25328	26076
1787823464.395321236	s1-eth1	3868280	10822244600
1787823464.395321236	s1-eth10	4196	6510
1787823464.395321236	s1-eth11	1322775483	14121
1787823464.395321236	s1-eth12	92517527	6419
1787823464.395321236	s1-eth13	3052	6124
1787823464.395321236	s1-eth14	92556071	5950
1787823464.395321236	s1-eth15	694446298	11859
1787823464.395321236	s1-eth16	92527400	6299
1787823464.395321236	s1-eth17	4190	5890
1787823464.395321236	s1-eth18	92664377	5916
1787823464.395321236	s1-eth19	3959395578	13598
1787823464.395321236	s1-eth2	25398	273761818
1787823464.395321236	s1-eth20	92813836	5939
1787823464.395321236	s1-eth21	91962057	5941
1787823464.395321236	s1-eth22	3216	5758
1787823464.395321236	s1-eth23	894807251	12351
1787823464.395321236	s1-eth24	91949136	5958
1787823464.395321236	s1-eth25	3442	6034
1787823464.395321236	s1-eth26	89331890	5718
1787823464.395321236	s1-eth27	952755919	14340
1787823464.395321236	s1-eth28	3517	6114
1787823464.395321236	s1-eth29	3883	6099
1787823464.395321236	s1-eth3	4394250685	3777885
1787823464.395321236	s1-eth30	3125	5679
1787823464.395321236	s1-eth31	894808072	12504
1787823464.395321236	s1-eth32	90198579	5849
1787823464.395321236	s1-eth33	3201	5800
1787823464.395321236	s1-eth34	3451	5675
1787823464.395321236	s1-eth4	93285853	6216
1787823464.395321236	s1-eth5	93311613	5860
1787823464.395321236	s1-eth6	93328917	5950
1787823464.395321236	s1-eth7	913487961	13416
1787823464.395321236	s1-eth8	93357835	5927
1787823464.395321236	s1-eth9	3872	6149
1787823464.395321236	s2-eth1	4520583032	3943208522
1787823464.395321236	s2-eth10	93421510	6279
1787823464.395321236	s2-eth11	1326510244	14007
1787823464.395321236	s2-eth12	3756	5910
1787823464.395321236	s2-eth13	3597	6290
1787823464.395321236	s2-eth14	3819	5745
1787823464.395321236	s2-eth15	694652033	11774
1787823464.395321236	s2-eth16	93406929	6017
1787823464.395321236	s2-eth17	93567008	6073
1787823464.395321236	s2-eth18	93509779	6431
1787823464.395321236	s2-eth19	10137	2128044317
1787823464.395321236	s2-eth2	83002263	25355
1787823464.395321236	s2-eth20	2289	32690502
1787823464.395321236	s2-eth21	2540	30977328
1787823464.395321236	s2-eth22	2386	6282
1787823464.395321236	s2-eth23	8905	677449730
1787823464.395321236	s2-eth24	2497	29770529
1787823464.395321236	s2-eth25	2596	6352
1787823464.395321236	s2-eth26	2202	27581298
1787823464.395321236	s2-eth27	10994	735623669
1787823464.395321236	s2-eth28	2676	6463
1787823464.395321236	s2-eth29	2582	6139
1787823464.395321236	s2-eth3	613087998	14209
1787823464.395321236	s2-eth30	2107	6082
1787823464.395321236	s2-eth31	8920	677627423
1787823464.395321236	s2-eth32	2199	27450118
1787823464.395321236	s2-eth33	2314	6073
1787823464.395321236	s2-eth34	2193	5993
1787823464.395321236	s2-eth4	94176982	6143
1787823464.395321236	s2-eth5	94286250	5939
1787823464.395321236	s2-eth6	94343888	5919
1787823464.395321236	s2-eth7	913668473	13101
1787823464.395321236	s2-eth8	94377490	6120
1787823464.395321236	s2-eth9	94383073	6017
1787823464.395321236	s3-eth1	4699612896	4092654013
1787823464.395321236	s3-eth10	2770	6010
1787823464.395321236	s3-eth11	10221	747728212
1787823464.395321236	s3-eth12	2586	21369479
1787823464.395321236	s3-eth13	2384	6551
1787823464.395321236	s3-eth14	2370	21186399
1787823464.395321236	s3-eth15	8189	501795385
1787823464.395321236	s3-eth16	2881	20991388
1787823464.395321236	s3-eth17	2283	5718
1787823464.395321236	s3-eth18	2106	20916638
1787823464.395321236	s3-eth19	615699878	13763
1787823464.395321236	s3-eth2	25425	25355
1787823464.395321236	s3-eth20	94740430	5762
1787823464.395321236	s3-eth21	94711640	5829
1787823464.395321236	s3-eth22	94757825	5860
1787823464.395321236	s3-eth23	913782662	12568
1787823464.395321236	s3-eth24	94821215	5927
1787823464.395321236	s3-eth25	94821946	6393
1787823464.395321236	s3-eth26	94757911	5996
1787823464.395321236	s3-eth27	1331903833	13688
1787823464.395321236	s3-eth28	2943	5892
1787823464.395321236	s3-eth29	2890	5900
1787823464.395321236	s3-eth3	3773949	2472057845
1787823464.395321236	s3-eth30	2800	6040
1787823464.395321236	s3-eth31	894824149	12484
1787823464.395321236	s3-eth32	3051	6012
1787823464.395321236	s3-eth33	3750	6116
1787823464.395321236	s3-eth34	3164	6027
1787823464.395321236	s3-eth4	2210	23369591
1787823464.395321236	s3-eth5	2300	22934127
1787823464.395321236	s3-eth6	2300	22616887
1787823464.395321236	s3-eth7	9766	662246504
1787823464.395321236	s3-eth8	2367	22011016
1787823464.395321236	s3-eth9	2790	5940
1787823464.395321236	s4-eth1	6659037777	106678
1787823464.395321236	s4-eth10	2629	23448614
1787823464.395321236	s4-eth11	10357	921460424
1787823464.395321236	s4-eth12	2437	6024
1787823464.395321236	s4-eth13	2656	5979
1787823464.395321236	s4-eth14	1845	5784
1787823464.395321236	s4-eth15	8124	606954335
1787823464.395321236	s4-eth16	2187	22864821
1787823464.395321236	s4-eth17	2333	22697398
1787823464.395321236	s4-eth18	2669	22407773
1787823464.395321236	s4-eth19	10133	385582048
1787823464.395321236	s4-eth2	25355	22919
1787823464.395321236	s4-eth20	2222	52478900
1787823464.395321236	s4-eth21	2199	51899364
1787823464.395321236	s4-eth22	2280	51828879
1787823464.395321236	s4-eth23	8825	868836152
1787823464.395321236	s4-eth24	2344	51621197
1787823464.395321236	s4-eth25	2743	50865380
1787823464.395321236	s4-eth26	2186	50444509
1787823464.395321236	s4-eth27	9878	1063315804
1787823464.395321236	s4-eth28	2152	6221
1787823464.395321236	s4-eth29	2140	6127
1787823464.395321236	s4-eth3	10309	278353880
1787823464.395321236	s4-eth30	2140	6127
1787823464.395321236	s4-eth31	8967	856899206
1787823464.395321236	s4-eth32	2272	6270
1787823464.395321236	s4-eth33	2462	6045
1787823464.395321236	s4-eth34	2217	6111
1787823464.395321236	s4-eth4	2471	24580654
1787823464.395321236	s4-eth5	2109	24584976
1787823464.395321236	s4-eth6	2109	24554660
1787823464.395321236	s4-eth7	9358	817628589
1787823464.395321236	s4-eth8	2307	23809200
1787823464.395321236	s4-eth9	2117	23691273
1787823464.395321236	s5-eth1	10822244654	3868334
1787823464.395321236	s5-eth2	3979731525	4520583059
1787823464.395321236	s5-eth3	3871484	8390865576
1787823464.395321236	s5-eth4	26132	23219
1787823464.395321236	s6-eth1	310574663	25452
1787823464.395321236	s6-eth2	25382	91502880
1787823464.395321236	s6-eth3	25382	159514187
1787823464.395321236	s6-eth4	26257	25452
1787823464.395321236	s7-eth1	4118222142	4706866183
1787823464.395321236	s7-eth2	106705	6677395906
1787823464.395321236	s7-eth3	8140349386	3868978
1787823464.395321236	s7-eth4	26034	25382
1787823464.395321236	s8-eth1	25382	25452
1787823464.395321236	s8-eth2	22946	25382
1787823464.395321236	s8-eth3	25382	23149
1787823464.395321236	s8-eth4	26132	25382
1787823464.395321236	s9-eth1	8393853400	3871484
1787823464.395321236	s9-eth2	160670671	25382
1787823464.395321236	s9-eth3	3868978	8143876518
1787823464.395321236	s9-eth4	23149	25382
1787823473.383909114	s10-eth1	23219	26132
1787823473.383909114	s10-eth2	25452	26257
1787823473.383909114	s10-eth3	25382	26034
1787823473.383909114	s10-eth4	25382	26132
1787823473.383909114	s1-eth1	3868334	10822244654
1787823473.383909114	s1-eth10	4196	6510
1787823473.383909114	s1-eth11	1346241149	14121
1787823473.383909114	s1-eth12	98402329	6419
1787823473.383909114	s1-eth13	3052	6124
1787823473.383909114	s1-eth14	98474039	5950
1787823473.383909114	s1-eth15	695625854	11859
1787823473.383909114	s1-eth16	98432390	6299
1787823473.383909114	s1-eth17	4190	5890
1787823473.383909114	s1-eth18	98528991	5916
1787823473.383909114	s1-eth19	3982786260	13598
1787823473.383909114	s1-eth2	25452	336268219
1787823473.383909114	s1-eth20	98609234	5939
1787823473.383909114	s1-eth21	97730057	5941
1787823473.383909114	s1-eth22	3216	5758
1787823473.383909114	s1-eth23	894807251	12351
1787823473.383909114	s1-eth24	97668108	5958
1787823473.383909114	s1-eth25	3442	6034
1787823473.383909114	s1-eth26	95007602	5718
1787823473.383909114	s1-eth27	952755919	14340
1787823473.383909114	s1-eth28	3517	6114
1787823473.383909114	s1-eth29	3883	6099
1787823473.383909114	s1-eth3	4417066009	3777885
1787823473.383909114	s1-eth30	3125	5679
1787823473.383909114	s1-eth31	894808072	12504
1787823473.383909114	s1-eth32	95908899	5849
1787823473.383909114	s1-eth33	3201	5800
1787823473.383909114	s1-eth34	3451	5675
1787823473.383909114	s1-eth4	99017803	6216
1787823473.383909114	s1-eth5	99050773	5860
1787823473.383909114	s1-eth6	99078171	5950
1787823473.383909114	s1-eth7	914637235	13416
1787823473.383909114	s1-eth8	99101321	5927
1787823473.383909114	s1-eth9	3872	6149
1787823473.383909114	s2-eth1	4520583059	4017206221
1787823473.383909114	s2-eth10	99198162	6279
1787823473.383909114	s2-eth11	1349678858	14007
1787823473.383909114	s2-eth12	3756	5910
1787823473.383909114	s2-eth13	3597	6290
1787823473.383909114	s2-eth14	3819	5745
1787823473.383909114	s2-eth15	695824379	11774
1787823473.383909114	s2-eth16	99281637	6017
1787823473.383909114	s2-eth17	99444600	6073
1787823473.383909114	s2-eth18	99401791	6431
1787823473.383909114	s2-eth19	10137	2130357285
1787823473.383909114	s2-eth2	101987689	25409
1787823473.383909114	s2-eth20	2289	34788612
1787823473.383909114	s2-eth21	2540	32837508
1787823473.383909114	s2-eth22	2386	6282
1787823473.383909114	s2-eth23	8905	677449730
1787823473.383909114	s2-eth24	2497	31492277
1787823473.383909114	s2-eth25	2596	6352
1787823473.383909114	s2-eth26	2202	29196338
1787823473.383909114	s2-eth27	10994	735623669
1787823473.383909114	s2-eth28	2676	6463
1787823473.383909114	s2-eth29	2582	6139
1787823473.383909114	s2-eth3	636795920	14209
1787823473.383909114	s2-eth30	2107	6082
1787823473.383909114	s2-eth31	8920	677627423
1787823473.383909114	s2-eth32	2199	28954124
1787823473.383909114	s2-eth33	2314	6073
1787823473.383909114	s2-eth34	2193	5993
1787823473.383909114	s2-eth4	100047364	6143
1787823473.383909114	s2-eth5	100127792	5939
1787823473.383909114	s2-eth6	100173894	5919
1787823473.383909114	s2-eth7	914829283	13101
1787823473.383909114	s2-eth8	100187308	6120
1787823473.383909114	s2-eth9	100201543	6017
1787823473.383909114	s3-eth1	4718063340	4164435385
1787823473.383909114	s3-eth10	2770	6010
1787823473.383909114	s3-eth11	10221	749167328
1787823473.383909114	s3-eth12	2586	22807153
1787823473.383909114	s3-eth13	2384	6551
1787823473.383909114	s3-eth14	2370	22608211
1787823473.383909114	s3-eth15	8189	502204913
1787823473.383909114	s3-eth16	2881	22372824
1787823473.383909114	s3-eth17	2283	5718
1787823473.383909114	s3-eth18	2106	22256256
1787823473.383909114	s3-eth19	638450312	13763
1787823473.383909114	s3-eth2	25479	25409
1787823473.383909114	s3-eth20	100390186	5762
1787823473.383909114	s3-eth21	100351302	5829
1787823473.383909114	s3-eth22	100378741	5860
1787823473.383909114	s3-eth23	914901654	12568
1787823473.383909114	s3-eth24	100393103	5927
1787823473.383909114	s3-eth25	100373646	6393
1787823473.383909114	s3-eth26	100292307	5996
1787823473.383909114	s3-eth27	1353930383	13688
1787823473.383909114	s3-eth28	2943	5892
1787823473.383909114	s3-eth29	2890	5900
1787823473.383909114	s3-eth3	3773949	2473383043
1787823473.383909114	s3-eth30	2800	6040
1787823473.383909114	s3-eth31	894824149	12484
1787823473.383909114	s3-eth32	3051	6012
1787823473.383909114	s3-eth33	3750	6116
1787823473.383909114	s3-eth34	3164	6027
1787823473.383909114	s3-eth4	2210	24689021
1787823473.383909114	s3-eth5	2300	24211739
1787823473.383909114	s3-eth6	2300	23849797
1787823473.383909114	s3-eth7	9766	662614214
1787823473.383909114	s3-eth8	2367	23164616
1787823473.383909114	s3-eth9	2790	5940
1787823473.383909114	s4-eth1	6724731025	106732
1787823473.383909114	s4-eth10	2629	24525788
1787823473.383909114	s4-eth11	10357	923570070
1787823473.383909114	s4-eth12	2437	6024
1787823473.383909114	s4-eth13	2656	5979
1787823473.383909114	s4-eth14	1845	5784
1787823473.383909114	s4-eth15	8124	607151889
1787823473.383909114	s4-eth16	2187	23851149
1787823473.383909114	s4-eth17	2333	23695262
1787823473.383909114	s4-eth18	2669	23399869
1787823473.383909114	s4-eth19	10133	392167662
1787823473.383909114	s4-eth2	25409	22973
1787823473.383909114	s4-eth20	2222	54605850
1787823473.383909114	s4-eth21	2199	54135906
1787823473.383909114	s4-eth22	2280	54033697
1787823473.383909114	s4-eth23	8825	869278846
1787823473.383909114	s4-eth24	2344	53782755
1787823473.383909114	s4-eth25	2743	53042800
1787823473.383909114	s4-eth26	2186	52620487
1787823473.383909114	s4-eth27	9878	1069685118
1787823473.383909114	s4-eth28	2152	6221
1787823473.383909114	s4-eth29	2140	6127
1787823473.383909114	s4-eth3	10309	280397194
1787823473.383909114	s4-eth30	2140	6127
1787823473.383909114	s4-eth31	8967	856899206
1787823473.383909114	s4-eth32	2272	6270
1787823473.383909114	s4-eth33	2462	6045
1787823473.383909114	s4-eth34	2217	6111
1787823473.383909114	s4-eth4	2471	25610242
1787823473.383909114	s4-eth5	2109	25591492
1787823473.383909114	s4-eth6	2109	25487634
1787823473.383909114	s4-eth7	9358	817827585
1787823473.383909114	s4-eth8	2307	24727754
1787823473.383909114	s4-eth9	2117	24586755
1787823473.383909114	s5-eth1	10832428085	3868361
1787823473.383909114	s5-eth2	4038617064	4523298372
1787823473.383909114	s5-eth3	3871511	8439564827
1787823473.383909114	s5-eth4	26160	23246
1787823473.383909114	s6-eth1	349850444	25479
1787823473.383909114	s6-eth2	25409	102586119
1787823473.383909114	s6-eth3	25409	181098070
1787823473.383909114	s6-eth4	26285	25479
1787823473.383909114	s7-eth1	4174856719	4720357562
1787823473.383909114	s7-eth2	106732	6732138579
1787823473.383909114	s7-eth3	8186416960	3869005
1787823473.383909114	s7-eth4	26062	25409
1787823473.383909114	s8-eth1	25409	25479
1787823473.383909114	s8-eth2	22973	25409
1787823473.383909114	s8-eth3	25409	23176
1787823473.383909114	s8-eth4	26160	25409
1787823473.383909114	s9-eth1	8442666569	3871511
1787823473.383909114	s9-eth2	181098070	25409
1787823473.383909114	s9-eth3	3869005	8188331936
1787823473.383909114	s9-eth4	23176	25409
1787823480.461398823	s10-eth1	23246	26160
1787823480.461398823	s10-eth2	25479	26313
1787823480.461398823	s10-eth3	25409	26090
1787823480.461398823	s10-eth4	25436	26188
1787823480.461398823	s1-eth1	3868361	10857370386
1787823480.461398823	s1-eth10	4196	6510
1787823480.461398823	s1-eth11	1364296431	14121
1787823480.461398823	s1-eth12	102897043	6419
1787823480.461398823	s1-eth13	3052	6124
1787823480.461398823	s1-eth14	102926935	5950
1787823480.461398823	s1-eth15	696517010	11859
1787823480.461398823	s1-eth16	102896822	6299
1787823480.461398823	s1-eth17	4190	5890
1787823480.461398823	s1-eth18	103028031	5916
1787823480.461398823	s1-eth19	4000785304	13598
1787823480.461398823	s1-eth2	25506	349850471
1787823480.461398823	s1-eth20	103151534	5939
1787823480.461398823	s1-eth21	102286777	5941
1787823480.461398823	s1-eth22	3216	5758
1787823480.461398823	s1-eth23	894807251	12351
1787823480.461398823	s1-eth24	102255110	5958
1787823480.461398823	s1-eth25	3442	6034
1787823480.461398823	s1-eth26	99620560	5718
1787823480.461398823	s1-eth27	952755919	14340
1787823480.461398823	s1-eth28	3517	6114
1787823480.461398823	s1-eth29	3883	6099
1787823480.461398823	s1-eth3	4435471697	3777885
1787823480.461398823	s1-eth30	3125	5679
1787823480.461398823	s1-eth31	894808072	12504
1787823480.461398823	s1-eth32	100511763	5849
1787823480.461398823	s1-eth33	3201	5800
1787823480.461398823	s1-eth34	3451	5675
1787823480.461398823	s1-eth4	103619225	6216
1787823480.461398823	s1-eth5	103647869	5860
1787823480.461398823	s1-eth6	103672383	5950
1787823480.461398823	s1-eth7	915555789	13416
1787823480.461398823	s1-eth8	103695533	5927
1787823480.461398823	s1-eth9	3872	6149
1787823480.461398823	s2-eth1	4529481695	4079829451
1787823480.461398823	s2-eth10	103776512	6279
1787823480.461398823	s2-eth11	1368013888	14007
1787823480.461398823	s2-eth12	3756	5910
1787823480.461398823	s2-eth13	3597	6290
1787823480.461398823	s2-eth14	3819	5745
1787823480.461398823	s2-eth15	696731397	11774
1787823480.461398823	s2-eth16	103821053	6017
1787823480.461398823	s2-eth17	103982574	6073
1787823480.461398823	s2-eth18	103931113	6431
1787823480.461398823	s2-eth19	10137	2132129503
1787823480.461398823	s2-eth2	102586146	25436
1787823480.461398823	s2-eth20	2289	36315690
1787823480.461398823	s2-eth21	2540	34286718
1787823480.461398823	s2-eth22	2386	6282
1787823480.461398823	s2-eth23	8905	677449730
1787823480.461398823	s2-eth24	2497	32929951
1787823480.461398823	s2-eth25	2596	6352
1787823480.461398823	s2-eth26	2202	30563354
1787823480.461398823	s2-eth27	10994	735623669
1787823480.461398823	s2-eth28	2676	6463
1787823480.461398823	s2-eth29	2582	6139
1787823480.461398823	s2-eth3	654717096	14209
1787823480.461398823	s2-eth30	2107	6082
1787823480.461398823	s2-eth31	8920	677627423
1787823480.461398823	s2-eth32	2199	30224526
1787823480.461398823	s2-eth33	2314	6073
1787823480.461398823	s2-eth34	2193	5993
1787823480.461398823	s2-eth4	104569476	6143
1787823480.461398823	s2-eth5	104672976	5939
1787823480.461398823	s2-eth6	104723404	5919
1787823480.461398823	s2-eth7	915739185	13101
1787823480.461398823	s2-eth8	104744028	6120
1787823480.461398823	s2-eth9	104748169	6017
1787823480.461398823	s3-eth1	4732023369	4224139980
1787823480.461398823	s3-eth10	2770	6010
1787823480.461398823	s3-eth11	10221	750557416
1787823480.461398823	s3-eth12	2586	23963637
1787823480.461398823	s3-eth13	2384	6551
1787823480.461398823	s3-eth14	2370	23763253
1787823480.461398823	s3-eth15	8189	502509175
1787823480.461398823	s3-eth16	2881	23519214
1787823480.461398823	s3-eth17	2349	5718
1787823480.461398823	s3-eth18	2106	23391110
1787823480.461398823	s3-eth19	657176124	13763
1787823480.461398823	s3-eth2	25506	25436
1787823480.461398823	s3-eth20	105132924	5762
1787823480.461398823	s3-eth21	105114228	5829
1787823480.461398823	s3-eth22	105167623	5860
1787823480.461398823	s3-eth23	915863468	12568
1787823480.461398823	s3-eth24	105216593	5927
1787823480.461398823	s3-eth25	105214440	6393
1787823480.461398823	s3-eth26	105133101	5996
1787823480.461398823	s3-eth27	1373319515	13688
1787823480.461398823	s3-eth28	2943	5892
1787823480.461398823	s3-eth29	2890	5900
1787823480.461398823	s3-eth3	3773949	2474924541
1787823480.461398823	s3-eth30	2800	6040
1787823480.461398823	s3-eth31	894824149	12484
1787823480.461398823	s3-eth32	3051	6012
1787823480.461398823	s3-eth33	3750	6116
1787823480.461398823	s3-eth34	3164	6027
1787823480.461398823	s3-eth4	2210	26050269
1787823480.461398823	s3-eth5	2300	25570103
1787823480.461398823	s3-eth6	2300	25200951
1787823480.461398823	s3-eth7	9766	662934338
1787823480.461398823	s3-eth8	2367	24488372
1787823480.461398823	s3-eth9	2790	5940
1787823480.461398823	s4-eth1	6785300820	106759
1787823480.461398823	s4-eth10	2629	25656316
1787823480.461398823	s4-eth11	10357	926001282
1787823480.461398823	s4-eth12	2437	6024
1787823480.461398823	s4-eth13	2656	5979
1787823480.461398823	s4-eth14	1845	5784
1787823480.461398823	s4-eth15	8124	607401355
1787823480.461398823	s4-eth16	2187	24977351
1787823480.461398823	s4-eth17	2333	24815696
1787823480.461398823	s4-eth18	2669	24524629
1787823480.461398823	s4-eth19	10133	400998470
1787823480.461398823	s4-eth2	25463	23027
1787823480.461398823	s4-eth20	2222	57217312
1787823480.461398823	s4-eth21	2199	56807932
1787823480.461398823	s4-eth22	2280	56688419
1787823480.461398823	s4-eth23	8825	869878718
1787823480.461398823	s4-eth24	2344	56349515
1787823480.461398823	s4-eth25	2743	55638400
1787823480.461398823	s4-eth26	2186	55107937
1787823480.461398823	s4-eth27	9878	1078223200
1787823480.461398823	s4-eth28	2152	6221
1787823480.461398823	s4-eth29	2140	6127
1787823480.461398823	s4-eth3	10309	283255238
1787823480.461398823	s4-eth30	2140	6127
1787823480.461398823	s4-eth31	8967	856899206
1787823480.461398823	s4-eth32	2272	6270
1787823480.461398823	s4-eth33	2462	6045
1787823480.461398823	s4-eth34	2217	6111
1787823480.461398823	s4-eth4	2471	26970048
1787823480.461398823	s4-eth5	2109	26903712
1787823480.461398823	s4-eth6	2109	26838788
1787823480.461398823	s4-eth7	9358	818126079
1787823480.461398823	s4-eth8	2307	25992388
1787823480.461398823	s4-eth9	2117	25907627
1787823480.461398823	s5-eth1	10914756245	3868415
1787823480.461398823	s5-eth2	4114701364	4541453206
1787823480.461398823	s5-eth3	3871565	8512509893
1787823480.461398823	s5-eth4	26216	23300
1787823480.461398823	s6-eth1	349850498	25533
1787823480.461398823	s6-eth2	25463	102586173
1787823480.461398823	s6-eth3	25463	181098124
1787823480.461398823	s6-eth4	26341	25533
1787823480.461398823	s7-eth1	4255308903	4737230458
1787823480.461398823	s7-eth2	106786	6801748299
1787823480.461398823	s7-eth3	8251132532	3869059
1787823480.461398823	s7-eth4	26118	25463
1787823480.461398823	s8-eth1	25463	25533
1787823480.461398823	s8-eth2	23027	25463
1787823480.461398823	s8-eth3	25463	23230
1787823480.461398823	s8-eth4	26216	25463
1787823480.461398823	s9-eth1	8519285851	3871565
1787823480.461398823	s9-eth2	181098124	25463
1787823480.461398823	s9-eth3	3869059	8253371958
1787823480.461398823	s9-eth4	23230	25463
1787823489.639788365	s10-eth1	23300	26216
1787823489.639788365	s10-eth2	25533	26341
1787823489.639788365	s10-eth3	25463	26118
1787823489.639788365	s10-eth4	25463	26216
1787823489.639788365	s1-eth1	3868415	10943154993
1787823489.639788365	s1-eth10	4196	6510
1787823489.639788365	s1-eth11	1387666925	14121
1787823489.639788365	s1-eth12	108738585	6419
1787823489.639788365	s1-eth13	3052	6124
1787823489.639788365	s1-eth14	108764151	5950
1787823489.639788365	s1-eth15	697683588	11859
1787823489.639788365	s1-eth16	108718176	6299
1787823489.639788365	s1-eth17	4190	5890
1787823489.639788365	s1-eth18	108830639	5916
1787823489.639788365	s1-eth19	4023906332	13598
1787823489.639788365	s1-eth2	25533	349850498
1787823489.639788365	s1-eth20	108879158	5939
1787823489.639788365	s1-eth21	108010075	5941
1787823489.639788365	s1-eth22	3216	5758
1787823489.639788365	s1-eth23	894807251	12351
1787823489.639788365	s1-eth24	107932264	5958
1787823489.639788365	s1-eth25	3442	6034
1787823489.639788365	s1-eth26	105270316	5718
1787823489.639788365	s1-eth27	952755919	14340
1787823489.639788365	s1-eth28	3517	6114
1787823489.639788365	s1-eth29	3883	6099
1787823489.639788365	s1-eth3	4457799625	3777885
1787823489.639788365	s1-eth30	3125	5679
1787823489.639788365	s1-eth31	894808072	12504
1787823489.639788365	s1-eth32	106047601	5849
1787823489.639788365	s1-eth33	3201	5800
1787823489.639788365	s1-eth34	3451	5675
1787823489.639788365	s1-eth4	109149295	6216
1787823489.639788365	s1-eth5	109195243	5860
1787823489.639788365	s1-eth6	109235619	5950
1787823489.639788365	s1-eth7	916669013	13416
1787823489.639788365	s1-eth8	109260211	5927
1787823489.639788365	s1-eth9	3872	6149
1787823489.639788365	s2-eth1	4548960285	4143467849
1787823489.639788365	s2-eth10	109333980	6279
1787823489.639788365	s2-eth11	1390240876	14007
1787823489.639788365	s2-eth12	3756	5910
1787823489.639788365	s2-eth13	3597	6290
1787823489.639788365	s2-eth14	3819	5745
1787823489.639788365	s2-eth15	697843179	11774
1787823489.639788365	s2-eth16	109379963	6017
1787823489.639788365	s2-eth17	109542926	6073
1787823489.639788365	s2-eth18	109491465	6431
1787823489.639788365	s2-eth19	10137	2134152629
1787823489.639788365	s2-eth2	102586200	25490
1787823489.639788365	s2-eth20	2289	37929288
1787823489.639788365	s2-eth21	2540	35730160
1787823489.639788365	s2-eth22	2386	6352
1787823489.639788365	s2-eth23	8905	677449730
1787823489.639788365	s2-eth24	2497	34252265
1787823489.639788365	s2-eth25	2596	6352
1787823489.639788365	s2-eth26	2272	31827988
1787823489.639788365	s2-eth27	10994	735623669
1787823489.639788365	s2-eth28	2676	6463
1787823489.639788365	s2-eth29	2582	6139
1787823489.639788365	s2-eth3	676926780	14209
1787823489.639788365	s2-eth30	2107	6082
1787823489.639788365	s2-eth31	8920	677627423
1787823489.639788365	s2-eth32	2199	31463204
1787823489.639788365	s2-eth33	2314	6073
1787823489.639788365	s2-eth34	2193	5993
1787823489.639788365	s2-eth4	110088010	6143
1787823489.639788365	s2-eth5	110194394	5939
1787823489.639788365	s2-eth6	110257800	5919
1787823489.639788365	s2-eth7	916850967	13101
1787823489.639788365	s2-eth8	110300054	6120
1787823489.639788365	s2-eth9	110312847	6017
1787823489.639788365	s3-eth1	4745180231	4301416880
1787823489.639788365	s3-eth10	2770	6010
1787823489.639788365	s3-eth11	10221	752044118
1787823489.639788365	s3-eth12	2586	25098491
1787823489.639788365	s3-eth13	2384	6551
1787823489.639788365	s3-eth14	2370	24913969
1787823489.639788365	s3-eth15	8189	502775945
1787823489.639788365	s3-eth16	2881	24609366
1787823489.639788365	s3-eth17	2349	5718
1787823489.639788365	s3-eth18	2106	24463958
1787823489.639788365	s3-eth19	678832080	13763
1787823489.639788365	s3-eth2	25560	25490
1787823489.639788365	s3-eth20	110527446	5762
1787823489.639788365	s3-eth21	110518844	5829
1787823489.639788365	s3-eth22	110570797	5860
1787823489.639788365	s3-eth23	916946410	12568
1787823489.639788365	s3-eth24	110647165	5927
1787823489.639788365	s3-eth25	110632034	6393
1787823489.639788365	s3-eth26	110567999	5996
1787823489.639788365	s3-eth27	1395005753	13758
1787823489.639788365	s3-eth28	2943	5892
1787823489.639788365	s3-eth29	2890	5900
1787823489.639788365	s3-eth3	3773949	2476425663
1787823489.639788365	s3-eth30	2800	6040
1787823489.639788365	s3-eth31	894824149	12484
1787823489.639788365	s3-eth32	3051	6012
1787823489.639788365	s3-eth33	3750	6116
1787823489.639788365	s3-eth34	3164	6027
1787823489.639788365	s3-eth4	2280	27232709
1787823489.639788365	s3-eth5	2300	26716493
1787823489.639788365	s3-eth6	2300	26338689
1787823489.639788365	s3-eth7	9766	663196782
1787823489.639788365	s3-eth8	2367	25594386
1787823489.639788365	s3-eth9	2790	5940
1787823489.639788365	s4-eth1	6849890938	106813
1787823489.639788365	s4-eth10	2629	26932486
1787823489.639788365	s4-eth11	10357	928344532
1787823489.639788365	s4-eth12	2437	6024
1787823489.639788365	s4-eth13	2656	5979
1787823489.639788365	s4-eth14	1845	5784
1787823489.639788365	s4-eth15	8124	607642169
1787823489.639788365	s4-eth16	2187	26208819
1787823489.639788365	s4-eth17	2333	26047234
1787823489.639788365	s4-eth18	2669	25704185
1787823489.639788365	s4-eth19	10133	411402500
1787823489.639788365	s4-eth2	25560	23054
1787823489.639788365	s4-eth20	2222	60163388
1787823489.639788365	s4-eth21	2199	59678954
1787823489.639788365	s4-eth22	2280	59477247
1787823489.639788365	s4-eth23	8825	870481474
1787823489.639788365	s4-eth24	2344	59191697
1787823489.639788365	s4-eth25	2743	58479140
1787823489.639788365	s4-eth26	2186	57983285
1787823489.639788365	s4-eth27	9878	1086846360
1787823489.639788365	s4-eth28	2152	6221
1787823489.639788365	s4-eth29	2140	6197
1787823489.639788365	s4-eth3	10309	285314414
1787823489.639788365	s4-eth30	2140	6127
1787823489.639788365	s4-eth31	8967	856899206
1787823489.639788365	s4-eth32	2272	6340
1787823489.639788365	s4-eth33	2462	6045
1787823489.639788365	s4-eth34	2217	6111
1787823489.639788365	s4-eth4	2471	28061642
1787823489.639788365	s4-eth5	2109	28021262
1787823489.639788365	s4-eth6	2109	27988062
1787823489.639788365	s4-eth7	9358	818356799
1787823489.639788365	s4-eth8	2307	27117148
1787823489.639788365	s4-eth9	2117	26961729
1787823489.639788365	s5-eth1	10975715380	3868442
1787823489.639788365	s5-eth2	4170551493	4554638881
1787823489.639788365	s5-eth3	3871592	8570119235
1787823489.639788365	s5-eth4	26244	23327
1787823489.639788365	s6-eth1	349850525	25560
1787823489.639788365	s6-eth2	25490	102586200
1787823489.639788365	s6-eth3	25490	181098151
1787823489.639788365	s6-eth4	26369	25560
1787823489.639788365	s7-eth1	4318640128	4748221409
1787823489.639788365	s7-eth2	106813	6859310082
1787823489.639788365	s7-eth3	8293440839	3869086
1787823489.639788365	s7-eth4	26216	25490
1787823489.639788365	s8-eth1	25490	25560
1787823489.639788365	s8-eth2	23054	25560
1787823489.639788365	s8-eth3	25490	23257
1787823489.639788365	s8-eth4	26244	25490
1787823489.639788365	s9-eth1	8575950683	3871592
1787823489.639788365	s9-eth2	181098151	25490
1787823489.639788365	s9-eth3	3869086	8296258507
1787823489.639788365	s9-eth4	23257	25490
1787823497.071895846	s10-eth1	23354	26272
1787823497.071895846	s10-eth2	25587	26397
1787823497.071895846	s10-eth3	25517	26244
1787823497.071895846	s10-eth4	25517	26272
1787823497.071895846	s1-eth1	3868469	11011119391
1787823497.071895846	s1-eth10	4196	6510
1787823497.071895846	s1-eth11	1406611921	14121
1787823497.071895846	s1-eth12	113471229	6419
1787823497.071895846	s1-eth13	3052	6124
1787823497.071895846	s1-eth14	113495353	5950
1787823497.071895846	s1-eth15	698626656	11859
1787823497.071895846	s1-eth16	113430632	6299
1787823497.071895846	s1-eth17	4190	5890
1787823497.071895846	s1-eth18	113520023	5916
1787823497.071895846	s1-eth19	4042663868	13598
1787823497.071895846	s1-eth2	25587	349850552
1787823497.071895846	s1-eth20	113569984	5939
1787823497.071895846	s1-eth21	112695133	5941
1787823497.071895846	s1-eth22	3216	5758
1787823497.071895846	s1-eth23	894807251	12351
1787823497.071895846	s1-eth24	112637510	5958
1787823497.071895846	s1-eth25	3442	6034
1787823497.071895846	s1-eth26	109977074	5718
1787823497.071895846	s1-eth27	952755919	14340
1787823497.071895846	s1-eth28	3517	6114
1787823497.071895846	s1-eth29	3883	6099
1787823497.071895846	s1-eth3	4476854213	3777955
1787823497.071895846	s1-eth30	3125	5679
1787823497.071895846	s1-eth31	894808072	12504
1787823497.071895846	s1-eth32	110865323	5849
1787823497.071895846	s1-eth33	3201	5800
1787823497.071895846	s1-eth34	3451	5675
1787823497.071895846	s1-eth4	113974227	6216
1787823497.071895846	s1-eth5	114010081	5860
1787823497.071895846	s1-eth6	114043247	5950
1787823497.071895846	s1-eth7	917629385	13416
1787823497.071895846	s1-eth8	114066397	5927
1787823497.071895846	s1-eth9	3872	6149
1787823497.071895846	s2-eth1	4565378924	4207850292
1787823497.071895846	s2-eth10	114145934	6279
1787823497.071895846	s2-eth11	1409436780	14007
1787823497.071895846	s2-eth12	3756	5910
1787823497.071895846	s2-eth13	3597	6290
1787823497.071895846	s2-eth14	3819	5745
1787823497.071895846	s2-eth15	698807877	11774
1787823497.071895846	s2-eth16	114194801	6017
1787823497.071895846	s2-eth17	114362090	6073
1787823497.071895846	s2-eth18	114307745	6431
1787823497.071895846	s2-eth19	10137	2137202459
1787823497.071895846	s2-eth2	102586227	25517
1787823497.071895846	s2-eth20	2289	39675550
1787823497.071895846	s2-eth21	2540	37459118
1787823497.071895846	s2-eth22	2386	6352
1787823497.071895846	s2-eth23	8905	677449730
1787823497.071895846	s2-eth24	2497	35968245
1787823497.071895846	s2-eth25	2596	6352
1787823497.071895846	s2-eth26	2272	33473310
1787823497.071895846	s2-eth27	10994	735623669
1787823497.071895846	s2-eth28	2676	6463
1787823497.071895846	s2-eth29	2582	6139
1787823497.071895846	s2-eth3	696288514	14209
1787823497.071895846	s2-eth30	2107	6082
1787823497.071895846	s2-eth31	8920	677627423
1787823497.071895846	s2-eth32	2199	33059498
1787823497.071895846	s2-eth33	2314	6073
1787823497.071895846	s2-eth34	2193	5993
1787823497.071895846	s2-eth4	114943224	6143
1787823497.071895846	s2-eth5	115036630	5939
1787823497.071895846	s2-eth6	115095710	5919
1787823497.071895846	s2-eth7	917817107	13101
1787823497.071895846	s2-eth8	115116334	6120
1787823497.071895846	s2-eth9	115120475	6017
1787823497.071895846	s3-eth1	4759631982	4361593009
1787823497.071895846	s3-eth10	2770	6010
1787823497.071895846	s3-eth11	10221	753823546
1787823497.071895846	s3-eth12	2586	26064631
1787823497.071895846	s3-eth13	2384	6551
1787823497.071895846	s3-eth14	2370	25870015
1787823497.071895846	s3-eth15	8189	502977825
1787823497.071895846	s3-eth16	2881	25545224
1787823497.071895846	s3-eth17	2349	5718
1787823497.071895846	s3-eth18	2106	25441634
1787823497.071895846	s3-eth19	698648044	13763
1787823497.071895846	s3-eth2	25587	25517
1787823497.071895846	s3-eth20	115479274	5762
1787823497.071895846	s3-eth21	115466346	5829
1787823497.071895846	s3-eth22	115516857	5860
1787823497.071895846	s3-eth23	917935622	12568
1787823497.071895846	s3-eth24	115596109	5927
1787823497.071895846	s3-eth25	115599724	6393
1787823497.071895846	s3-eth26	115542899	5996
1787823497.071895846	s3-eth27	1415076951	13758
1787823497.071895846	s3-eth28	2943	5892
1787823497.071895846	s3-eth29	2890	5900
1787823497.071895846	s3-eth3	3773949	2478548287
1787823497.071895846	s3-eth30	2800	6040
1787823497.071895846	s3-eth31	894824149	12484
1787823497.071895846	s3-eth32	3051	6012
1787823497.071895846	s3-eth33	3750	6116
1787823497.071895846	s3-eth34	3164	6027
1787823497.071895846	s3-eth4	2280	28305557
1787823497.071895846	s3-eth5	2300	27738871
1787823497.071895846	s3-eth6	2300	27343763
1787823497.071895846	s3-eth7	9766	663414524
1787823497.071895846	s3-eth8	2367	26593692
1787823497.071895846	s3-eth9	2790	5940
1787823497.071895846	s4-eth1	6915238106	106867
1787823497.071895846	s4-eth10	2629	27887090
1787823497.071895846	s4-eth11	10357	930666152
1787823497.071895846	s4-eth12	2437	6024
1787823497.071895846	s4-eth13	2656	5979
1787823497.071895846	s4-eth14	1845	5784
1787823497.071895846	s4-eth15	8124	607858469
1787823497.071895846	s4-eth16	2187	27163423
1787823497.071895846	s4-eth17	2333	26984534
1787823497.071895846	s4-eth18	2669	26622739
1787823497.071895846	s4-eth19	10133	420119390
1787823497.071895846	s4-eth2	25614	23108
1787823497.071895846	s4-eth20	2222	62803690
1787823497.071895846	s4-eth21	2199	62297626
1787823497.071895846	s4-eth22	2280	62067079
1787823497.071895846	s4-eth23	8825	871025108
1787823497.071895846	s4-eth24	2344	61844977
1787823497.071895846	s4-eth25	2743	61103580
1787823497.071895846	s4-eth26	2186	60552929
1787823497.071895846	s4-eth27	9878	1095661306
1787823497.071895846	s4-eth28	2152	6221
1787823497.071895846	s4-eth29	2140	6197
1787823497.071895846	s4-eth3	10309	287770140
1787823497.071895846	s4-eth30	2140	6127
1787823497.071895846	s4-eth31	8967	856899206
1787823497.071895846	s4-eth32	2272	6340
1787823497.071895846	s4-eth33	2462	6045
1787823497.071895846	s4-eth34	2217	6111
1787823497.071895846	s4-eth4	2471	29081136
1787823497.071895846	s4-eth5	2109	29046524
1787823497.071895846	s4-eth6	2109	28975832
1787823497.071895846	s4-eth7	9358	818580309
1787823497.071895846	s4-eth8	2307	28084730
1787823497.071895846	s4-eth9	2117	27975455
1787823497.071895846	s5-eth1	11067942870	3868496
1787823497.071895846	s5-eth2	4236143801	4573996343
1787823497.071895846	s5-eth3	3871646	8633159203
1787823497.071895846	s5-eth4	26300	23381
1787823497.071895846	s6-eth1	349850579	25614
1787823497.071895846	s6-eth2	25544	102586254
1787823497.071895846	s6-eth3	25544	181098205
1787823497.071895846	s6-eth4	26425	25614
1787823497.071895846	s7-eth1	4379059982	4763431679
1787823497.071895846	s7-eth2	106867	6923643524
1787823497.071895846	s7-eth3	8336719639	3869140
1787823497.071895846	s7-eth4	26272	25544
1787823497.071895846	s8-eth1	25544	25614
1787823497.071895846	s8-eth2	23108	25614
1787823497.071895846	s8-eth3	25544	23311
1787823497.071895846	s8-eth4	26300	25544
1787823497.071895846	s9-eth1	8638298491	3871646
1787823497.071895846	s9-eth2	181098205	25544
1787823497.071895846	s9-eth3	3869140	8339871851
1787823497.071895846	s9-eth4	23311	25544
1787823504.656724975	s10-eth1	23381	26300
1787823504.656724975	s10-eth2	25614	26425
1787823504.656724975	s10-eth3	25544	26272
1787823504.656724975	s10-eth4	25544	26300
1787823504.656724975	s1-eth1	3868496	11086915264
1787823504.656724975	s1-eth10	4196	6510
1787823504.656724975	s1-eth11	1426384625	14121
1787823504.656724975	s1-eth12	118425941	6419
1787823504.656724975	s1-eth13	3052	6124
1787823504.656724975	s1-eth14	118461601	5950
1787823504.656724975	s1-eth15	699624520	11859
1787823504.656724975	s1-eth16	118422836	6299
1787823504.656724975	s1-eth17	4190	5890
1787823504.656724975	s1-eth18	118539625	5916
1787823504.656724975	s1-eth19	4062781210	13598
1787823504.656724975	s1-eth2	25614	349850579
1787823504.656724975	s1-eth20	118612658	5939
1787823504.656724975	s1-eth21	117729155	5941
1787823504.656724975	s1-eth22	3216	5758
1787823504.656724975	s1-eth23	894807251	12351
1787823504.656724975	s1-eth24	117664322	5958
1787823504.656724975	s1-eth25	3442	6034
1787823504.656724975	s1-eth26	114999560	5718
1787823504.656724975	s1-eth27	952755919	14340
1787823504.656724975	s1-eth28	3517	6114
1787823504.656724975	s1-eth29	3883	6099
1787823504.656724975	s1-eth3	4496805725	3777955
1787823504.656724975	s1-eth30	3125	5679
1787823504.656724975	s1-eth31	894808072	12504
1787823504.656724975	s1-eth32	115805615	5849
1787823504.656724975	s1-eth33	3201	5800
1787823504.656724975	s1-eth34	3451	5675
1787823504.656724975	s1-eth4	118890005	6216
1787823504.656724975	s1-eth5	118920091	5860
1787823504.656724975	s1-eth6	118950373	5950
1787823504.656724975	s1-eth7	918612829	13416
1787823504.656724975	s1-eth8	118963429	5927
1787823504.656724975	s1-eth9	3872	6149
1787823504.656724975	s2-eth1	4579331770	4267800054
1787823504.656724975	s2-eth10	118973750	6279
1787823504.656724975	s2-eth11	1428690364	14007
1787823504.656724975	s2-eth12	3756	5910
1787823504.656724975	s2-eth13	3597	6290
1787823504.656724975	s2-eth14	3819	5745
1787823504.656724975	s2-eth15	699759597	11774
1787823504.656724975	s2-eth16	118951959	6017
1787823504.656724975	s2-eth17	119107712	6073
1787823504.656724975	s2-eth18	119054809	6431
1787823504.656724975	s2-eth19	10137	2139336619
1787823504.656724975	s2-eth2	102586281	25571
1787823504.656724975	s2-eth20	2289	40987770
1787823504.656724975	s2-eth21	2540	38730962
1787823504.656724975	s2-eth22	2386	6352
1787823504.656724975	s2-eth23	8905	677449730
1787823504.656724975	s2-eth24	2497	37170873
1787823504.656724975	s2-eth25	2596	6352
1787823504.656724975	s2-eth26	2272	34632678
1787823504.656724975	s2-eth27	10994	735623669
1787823504.656724975	s2-eth28	2676	6463
1787823504.656724975	s2-eth29	2582	6139
1787823504.656724975	s2-eth3	714692760	14209
1787823504.656724975	s2-eth30	2107	6082
1787823504.656724975	s2-eth31	8920	677627423
1787823504.656724975	s2-eth32	2199	34143882
1787823504.656724975	s2-eth33	2314	6073
1787823504.656724975	s2-eth34	2193	5993
1787823504.656724975	s2-eth4	119489850	6143
1787823504.656724975	s2-eth5	119577488	5939
1787823504.656724975	s2-eth6	119617822	5919
1787823504.656724975	s2-eth7	918718357	13101
1787823504.656724975	s2-eth8	119619700	6120
1787823504.656724975	s2-eth9	119613747	6017
1787823504.656724975	s3-eth1	4770201896	4420565095
1787823504.656724975	s3-eth10	2770	6010
1787823504.656724975	s3-eth11	10221	754884858
1787823504.656724975	s3-eth12	2586	26877919
1787823504.656724975	s3-eth13	2384	6551
1787823504.656724975	s3-eth14	2370	26653021
1787823504.656724975	s3-eth15	8189	503150865
1787823504.656724975	s3-eth16	2881	26289296
1787823504.656724975	s3-eth17	2349	5718
1787823504.656724975	s3-eth18	2106	26188590
1787823504.656724975	s3-eth19	715904458	13763
1787823504.656724975	s3-eth2	25641	25571
1787823504.656724975	s3-eth20	119780760	5762
1787823504.656724975	s3-eth21	119749086	5829
1787823504.656724975	s3-eth22	119783735	5860
1787823504.656724975	s3-eth23	918783518	12568
1787823504.656724975	s3-eth24	119838473	5927
1787823504.656724975	s3-eth25	119846414	6393
1787823504.656724975	s3-eth26	119780937	5996
1787823504.656724975	s3-eth27	1431975749	13758
1787823504.656724975	s3-eth28	2943	5892
1787823504.656724975	s3-eth29	2890	5900
1787823504.656724975	s3-eth3	3773949	2479582201
1787823504.656724975	s3-eth30	2800	6040
1787823504.656724975	s3-eth31	894824149	12484
1787823504.656724975	s3-eth32	3051	6012
1787823504.656724975	s3-eth33	3750	6116
1787823504.656724975	s3-eth34	3164	6027
1787823504.656724975	s3-eth4	2280	29192387
1787823504.656724975	s3-eth5	2300	28631469
1787823504.656724975	s3-eth6	2300	28216173
1787823504.656724975	s3-eth7	9766	663596216
1787823504.656724975	s3-eth8	2367	27450240
1787823504.656724975	s3-eth9	2790	5940
1787823504.656724975	s4-eth1	6977838237	106894
1787823504.656724975	s4-eth10	2629	29023386
1787823504.656724975	s4-eth11	10357	933000750
1787823504.656724975	s4-eth12	2437	6024
1787823504.656724975	s4-eth13	2656	5979
1787823504.656724975	s4-eth14	1845	5784
1787823504.656724975	s4-eth15	8124	608102167
1787823504.656724975	s4-eth16	2187	28342979
1787823504.656724975	s4-eth17	2333	28106410
1787823504.656724975	s4-eth18	2669	27751825
1787823504.656724975	s4-eth19	10133	428193148
1787823504.656724975	s4-eth2	25641	23135
1787823504.656724975	s4-eth20	2222	65301234
1787823504.656724975	s4-eth21	2199	64871596
1787823504.656724975	s4-eth22	2280	64581927
1787823504.656724975	s4-eth23	8825	871558648
1787823504.656724975	s4-eth24	2344	64307913
1787823504.656724975	s4-eth25	2743	63612660
1787823504.656724975	s4-eth26	2186	63025959
1787823504.656724975	s4-eth27	9878	1103795628
1787823504.656724975	s4-eth28	2152	6221
1787823504.656724975	s4-eth29	2140	6197
1787823504.656724975	s4-eth3	10309	290165302
1787823504.656724975	s4-eth30	2140	6127
1787823504.656724975	s4-eth31	8967	856899206
1787823504.656724975	s4-eth32	2272	6340
1787823504.656724975	s4-eth33	2462	6045
1787823504.656724975	s4-eth34	2217	6111
1787823504.656724975	s4-eth4	2471	30288090
1787823504.656724975	s4-eth5	2109	30215986
1787823504.656724975	s4-eth6	2109	30136642
1787823504.656724975	s4-eth7	9358	818825449
1787823504.656724975	s4-eth8	2307	29244098
1787823504.656724975	s4-eth9	2117	29093005
1787823504.656724975	s5-eth1	11125987723	3868523
1787823504.656724975	s5-eth2	4292321264	4585243970
1787823504.656724975	s5-eth3	3871673	8686145520
1787823504.656724975	s5-eth4	26328	23408
1787823504.656724975	s6-eth1	349850606	25641
1787823504.656724975	s6-eth2	25571	102586281
1787823504.656724975	s6-eth3	25571	181098232
1787823504.656724975	s6-eth4	26453	25641
1787823504.656724975	s7-eth1	4434836569	4775804066
1787823504.656724975	s7-eth2	106894	6983250063
1787823504.656724975	s7-eth3	8377363878	3869167
1787823504.656724975	s7-eth4	26300	25571
1787823504.656724975	s8-eth1	25571	25641
1787823504.656724975	s8-eth2	23135	25641
1787823504.656724975	s8-eth3	25571	23338
1787823504.656724975	s8-eth4	26328	25571
1787823504.656724975	s9-eth1	8688158552	3871673
1787823504.656724975	s9-eth2	181098232	25571
1787823504.656724975	s9-eth3	3869167	8378498732
1787823504.656724975	s9-eth4	23338	25571
1787823510.925804128	s10-eth1	23435	26356
1787823510.925804128	s10-eth2	25668	26481
1787823510.925804128	s10-eth3	25598	26328
1787823510.925804128	s10-eth4	25598	26356
1787823510.925804128	s1-eth1	3868550	11152872371
1787823510.925804128	s1-eth10	4196	6510
1787823510.925804128	s1-eth11	1442154337	14121
1787823510.925804128	s1-eth12	122348181	6419
1787823510.925804128	s1-eth13	3052	6124
1787823510.925804128	s1-eth14	122357885	5950
1787823510.925804128	s1-eth15	700398874	11859
1787823510.925804128	s1-eth16	122281628	6299
1787823510.925804128	s1-eth17	4190	5890
1787823510.925804128	s1-eth18	122372461	5916
1787823510.925804128	s1-eth19	4078075062	13598
1787823510.925804128	s1-eth2	25668	349850633
1787823510.925804128	s1-eth20	122409444	5939
1787823510.925804128	s1-eth21	121537477	5941
1787823510.925804128	s1-eth22	3216	5758
1787823510.925804128	s1-eth23	894807251	12351
1787823510.925804128	s1-eth24	121452456	5958
1787823510.925804128	s1-eth25	3442	6034
1787823510.925804128	s1-eth26	118783368	5718
1787823510.925804128	s1-eth27	952755919	14340
1787823510.925804128	s1-eth28	3517	6114
1787823510.925804128	s1-eth29	3883	6099
1787823510.925804128	s1-eth3	4511861647	3777955
1787823510.925804128	s1-eth30	3125	5679
1787823510.925804128	s1-eth31	894808072	12504
1787823510.925804128	s1-eth32	119541837	5849
1787823510.925804128	s1-eth33	3201	5800
1787823510.925804128	s1-eth34	3451	5675
1787823510.925804128	s1-eth4	122572873	6216
1787823510.925804128	s1-eth5	122584213	5860
1787823510.925804128	s1-eth6	122582771	5950
1787823510.925804128	s1-eth7	919333829	13416
1787823510.925804128	s1-eth8	122555451	5927
1787823510.925804128	s1-eth9	3872	6149
1787823510.925804128	s2-eth1	4591575819	4314337747
1787823510.925804128	s2-eth10	122552794	6279
1787823510.925804128	s2-eth11	1442992120	14007
1787823510.925804128	s2-eth12	3756	5910
1787823510.925804128	s2-eth13	3597	6290
1787823510.925804128	s2-eth14	3819	5745
1787823510.925804128	s2-eth15	700466177	11774
1787823510.925804128	s2-eth16	122464671	6017
1787823510.925804128	s2-eth17	122611772	6073
1787823510.925804128	s2-eth18	122532913	6431
1787823510.925804128	s2-eth19	10137	2141852909
1787823510.925804128	s2-eth2	102586308	25598
1787823510.925804128	s2-eth20	2289	42361996
1787823510.925804128	s2-eth21	2540	40066254
1787823510.925804128	s2-eth22	2386	6352
1787823510.925804128	s2-eth23	8905	677449730
1787823510.925804128	s2-eth24	2497	38458579
1787823510.925804128	s2-eth25	2596	6352
1787823510.925804128	s2-eth26	2272	35885776
1787823510.925804128	s2-eth27	10994	735623669
1787823510.925804128	s2-eth28	2676	6463
1787823510.925804128	s2-eth29	2582	6139
1787823510.925804128	s2-eth3	727794772	14209
1787823510.925804128	s2-eth30	2107	6082
1787823510.925804128	s2-eth31	8920	677627423
1787823510.925804128	s2-eth32	2199	35372466
1787823510.925804128	s2-eth33	2314	6073
1787823510.925804128	s2-eth34	2193	5993
1787823510.925804128	s2-eth4	122676670	6143
1787823510.925804128	s2-eth5	122752772	5939
1787823510.925804128	s2-eth6	122780128	5919
1787823510.925804128	s2-eth7	919348511	13101
1787823510.925804128	s2-eth8	122753166	6120
1787823510.925804128	s2-eth9	122728467	6017
1787823510.925804128	s3-eth1	4782236855	4461402562
1787823510.925804128	s3-eth10	2770	6010
1787823510.925804128	s3-eth11	10221	756445102
1787823510.925804128	s3-eth12	2586	27636411
1787823510.925804128	s3-eth13	2384	6551
1787823510.925804128	s3-eth14	2370	27425933
1787823510.925804128	s3-eth15	8189	503303717
1787823510.925804128	s3-eth16	2881	27069418
1787823510.925804128	s3-eth17	2349	5718
1787823510.925804128	s3-eth18	2106	26948524
1787823510.925804128	s3-eth19	727953810	13763
1787823510.925804128	s3-eth2	25668	25598
1787823510.925804128	s3-eth20	122771468	5762
1787823510.925804128	s3-eth21	122741236	5829
1787823510.925804128	s3-eth22	122771559	5860
1787823510.925804128	s3-eth23	919380506	12568
1787823510.925804128	s3-eth24	122791689	5927
1787823510.925804128	s3-eth25	122773674	6393
1787823510.925804128	s3-eth26	122692335	5996
1787823510.925804128	s3-eth27	1443555009	13758
1787823510.925804128	s3-eth28	2943	5892
1787823510.925804128	s3-eth29	2890	5900
1787823510.925804128	s3-eth3	3773949	2481089091
1787823510.925804128	s3-eth30	2800	6040
1787823510.925804128	s3-eth31	894824149	12484
1787823510.925804128	s3-eth32	3051	6012
1787823510.925804128	s3-eth33	3750	6116
1787823510.925804128	s3-eth34	3164	6027
1787823510.925804128	s3-eth4	2280	29958089
1787823510.925804128	s3-eth5	2300	29376983
1787823510.925804128	s3-eth6	2300	28914101
1787823510.925804128	s3-eth7	9766	663707250
1787823510.925804128	s3-eth8	2367	28159704
1787823510.925804128	s3-eth9	2790	5940
1787823510.925804128	s4-eth1	7010590410	106921
1787823510.925804128	s4-eth10	2629	29453102
1787823510.925804128	s4-eth11	10357	934529270
1787823510.925804128	s4-eth12	2437	6024
1787823510.925804128	s4-eth13	2656	5979
1787823510.925804128	s4-eth14	1845	5784
1787823510.925804128	s4-eth15	8124	608171383
1787823510.925804128	s4-eth16	2187	28707805
1787823510.925804128	s4-eth17	2333	28459700
1787823510.925804128	s4-eth18	2669	28146933
1787823510.925804128	s4-eth19	10133	433341088
1787823510.925804128	s4-eth2	25668	23162
1787823510.925804128	s4-eth20	2222	66744676
1787823510.925804128	s4-eth21	2199	66276104
1787823510.925804128	s4-eth22	2280	65980667
1787823510.925804128	s4-eth23	8825	871848490
1787823510.925804128	s4-eth24	2344	65715305
1787823510.925804128	s4-eth25	2743	65002748
1787823510.925804128	s4-eth26	2186	64404511
1787823510.925804128	s4-eth27	9878	1108335044
1787823510.925804128	s4-eth28	2152	6221
1787823510.925804128	s4-eth29	2140	6197
1787823510.925804128	s4-eth3	10309	291536644
1787823510.925804128	s4-eth30	2140	6127
1787823510.925804128	s4-eth31	8967	856899206
1787823510.925804128	s4-eth32	2272	6340
1787823510.925804128	s4-eth33	2462	6045
1787823510.925804128	s4-eth34	2217	6111
1787823510.925804128	s4-eth4	2471	30703386
1787823510.925804128	s4-eth5	2109	30621188
1787823510.925804128	s4-eth6	2109	30554822
1787823510.925804128	s4-eth7	9358	818893223
1787823510.925804128	s4-eth8	2307	29672372
1787823510.925804128	s4-eth9	2117	29488113
1787823510.925804128	s5-eth1	11167739391	3868550
1787823510.925804128	s5-eth2	4325040271	4594184397
1787823510.925804128	s5-eth3	3871700	8717054817
1787823510.925804128	s5-eth4	26356	23435
1787823510.925804128	s6-eth1	349850633	25668
1787823510.925804128	s6-eth2	25598	102586308
1787823510.925804128	s6-eth3	25598	181098259
1787823510.925804128	s6-eth4	26481	25668
1787823510.925804128	s7-eth1	4472283894	4784568569
1787823510.925804128	s7-eth2	106921	7017330318
1787823510.925804128	s7-eth3	8399987443	3869194
1787823510.925804128	s7-eth4	26328	25598
1787823510.925804128	s8-eth1	25598	25668
1787823510.925804128	s8-eth2	23162	25668
1787823510.925804128	s8-eth3	25598	23365
1787823510.925804128	s8-eth4	26356	25598
1787823510.925804128	s9-eth1	8718949605	3871700
1787823510.925804128	s9-eth2	181098259	25598
1787823510.925804128	s9-eth3	3869194	8400838223
1787823510.925804128	s9-eth4	23365	25598
1787823515.116392889	s10-eth1	23435	26356
1787823515.116392889	s10-eth2	25668	26481
1787823515.116392889	s10-eth3	25598	26328
1787823515.116392889	s10-eth4	25598	26356
1787823515.116392889	s1-eth1	3868550	11191301671
1787823515.116392889	s1-eth10	4196	6510
1787823515.116392889	s1-eth11	1453401937	14121
1787823515.116392889	s1-eth12	125191805	6419
1787823515.116392889	s1-eth13	3052	6124
1787823515.116392889	s1-eth14	125236117	5950
1787823515.116392889	s1-eth15	700977116	11859
1787823515.116392889	s1-eth16	125178606	6299
1787823515.116392889	s1-eth17	4190	5890
1787823515.116392889	s1-eth18	125282417	5916
1787823515.116392889	s1-eth19	4089737958	13598
1787823515.116392889	s1-eth2	25695	349850633
1787823515.116392889	s1-eth20	125356892	5939
1787823515.116392889	s1-eth21	124487809	5941
1787823515.116392889	s1-eth22	3216	5758
1787823515.116392889	s1-eth23	894807251	12351
1787823515.116392889	s1-eth24	124430186	5958
1787823515.116392889	s1-eth25	3442	6034
1787823515.116392889	s1-eth26	121755330	5718
1787823515.116392889	s1-eth27	952755919	14340
1787823515.116392889	s1-eth28	3517	6114
1787823515.116392889	s1-eth29	3883	6099
1787823515.116392889	s1-eth3	4523779777	3777955
1787823515.116392889	s1-eth30	3125	5679
1787823515.116392889	s1-eth31	894808072	12504
1787823515.116392889	s1-eth32	122532545	5849
1787823515.116392889	s1-eth33	3201	5800
1787823515.116392889	s1-eth34	3451	5675
1787823515.116392889	s1-eth4	125563581	6216
1787823515.116392889	s1-eth5	125572037	5860
1787823515.116392889	s1-eth6	125574921	5950
1787823515.116392889	s1-eth7	919930817	13416
1787823515.116392889	s1-eth8	125553369	5927
1787823515.116392889	s1-eth9	3872	6149
1787823515.116392889	s2-eth1	4600908470	4354455656
1787823515.116392889	s2-eth10	125566574	6279
1787823515.116392889	s2-eth11	1455047240	14007
1787823515.116392889	s2-eth12	3756	5910
1787823515.116392889	s2-eth13	3597	6290
1787823515.116392889	s2-eth14	3819	5745
1787823515.116392889	s2-eth15	701064607	11774
1787823515.116392889	s2-eth16	125468357	6017
1787823515.116392889	s2-eth17	125619784	6073
1787823515.116392889	s2-eth18	125552461	6431
1787823515.116392889	s2-eth19	10137	2144294215
1787823515.116392889	s2-eth2	102586335	25625
1787823515.116392889	s2-eth20	2289	43482430
1787823515.116392889	s2-eth21	2540	41241484
1787823515.116392889	s2-eth22	2386	6352
1787823515.116392889	s2-eth23	8905	677449730
1787823515.116392889	s2-eth24	2497	39594875
1787823515.116392889	s2-eth25	2596	6352
1787823515.116392889	s2-eth26	2272	37040818
1787823515.116392889	s2-eth27	10994	735623669
1787823515.116392889	s2-eth28	2676	6463
1787823515.116392889	s2-eth29	2582	6139
1787823515.116392889	s2-eth3	740984746	14209
1787823515.116392889	s2-eth30	2107	6082
1787823515.116392889	s2-eth31	8920	677627423
1787823515.116392889	s2-eth32	2199	36539044
1787823515.116392889	s2-eth33	2314	6073
1787823515.116392889	s2-eth34	2193	5993
1787823515.116392889	s2-eth4	126033646	6143
1787823515.116392889	s2-eth5	126118400	5939
1787823515.116392889	s2-eth6	126161618	5919
1787823515.116392889	s2-eth7	920027693	13101
1787823515.116392889	s2-eth8	126172148	6120
1787823515.116392889	s2-eth9	126163311	6017
1787823515.116392889	s3-eth1	4792734642	4507216371
1787823515.116392889	s3-eth10	2770	6010
1787823515.116392889	s3-eth11	10221	758051490
1787823515.116392889	s3-eth12	2586	28397787
1787823515.116392889	s3-eth13	2384	6551
1787823515.116392889	s3-eth14	2370	28170005
1787823515.116392889	s3-eth15	8189	503466663
1787823515.116392889	s3-eth16	2881	27856750
1787823515.116392889	s3-eth17	2349	5718
1787823515.116392889	s3-eth18	2106	27793536
1787823515.116392889	s3-eth19	742507916	13763
1787823515.116392889	s3-eth2	25695	25625
1787823515.116392889	s3-eth20	126455778	5762
1787823515.116392889	s3-eth21	126442850	5829
1787823515.116392889	s3-eth22	126494803	5860
1787823515.116392889	s3-eth23	920127462	12568
1787823515.116392889	s3-eth24	126550983	5927
1787823515.116392889	s3-eth25	126557482	6393
1787823515.116392889	s3-eth26	126493447	5996
1787823515.116392889	s3-eth27	1458863281	13758
1787823515.116392889	s3-eth28	2943	5892
1787823515.116392889	s3-eth29	2890	5900
1787823515.116392889	s3-eth3	3773949	2482846889
1787823515.116392889	s3-eth30	2800	6040
1787823515.116392889	s3-eth31	894824149	12484
1787823515.116392889	s3-eth32	3051	6012
1787823515.116392889	s3-eth33	3750	6116
1787823515.116392889	s3-eth34	3164	6027
1787823515.116392889	s3-eth4	2280	30940091
1787823515.116392889	s3-eth5	2300	30379173
1787823515.116392889	s3-eth6	2300	29862937
1787823515.116392889	s3-eth7	9766	663903362
1787823515.116392889	s3-eth8	2367	29135938
1787823515.116392889	s3-eth9	2790	5940
1787823515.116392889	s4-eth1	7060397117	106948
1787823515.116392889	s4-eth10	2629	30125074
1787823515.116392889	s4-eth11	10357	936680734
1787823515.116392889	s4-eth12	2437	6024
1787823515.116392889	s4-eth13	2656	5979
1787823515.116392889	s4-eth14	1845	5784
1787823515.116392889	s4-eth15	8124	608285301
1787823515.116392889	s4-eth16	2187	29359589
1787823515.116392889	s4-eth17	2333	29144650
1787823515.116392889	s4-eth18	2669	28836209
1787823515.116392889	s4-eth19	10133	439150906
1787823515.116392889	s4-eth2	25695	23189
1787823515.116392889	s4-eth20	2222	68385672
1787823515.116392889	s4-eth21	2199	67969012
1787823515.116392889	s4-eth22	2280	67715393
1787823515.116392889	s4-eth23	8825	872187360
1787823515.116392889	s4-eth24	2344	67318809
1787823515.116392889	s4-eth25	2743	66652396
1787823515.116392889	s4-eth26	2186	66045507
1787823515.116392889	s4-eth27	9878	1114146304
1787823515.116392889	s4-eth28	2152	6221
1787823515.116392889	s4-eth29	2140	6197
1787823515.116392889	s4-eth3	10309	293618892
1787823515.116392889	s4-eth30	2140	6127
1787823515.116392889	s4-eth31	8967	856899206
1787823515.116392889	s4-eth32	2272	6340
1787823515.116392889	s4-eth33	2462	6045
1787823515.116392889	s4-eth34	2217	6111
1787823515.116392889	s4-eth4	2471	31395546
1787823515.116392889	s4-eth5	2109	31322000
1787823515.116392889	s4-eth6	2109	31236888
1787823515.116392889	s4-eth7	9358	819018677
1787823515.116392889	s4-eth8	2307	30361648
1787823515.116392889	s4-eth9	2117	30126919
1787823515.116392889	s5-eth1	11236254606	3868577
1787823515.116392889	s5-eth2	4383892644	4607140794
1787823515.116392889	s5-eth3	3871727	8773771561
1787823515.116392889	s5-eth4	26384	23462
1787823515.116392889	s6-eth1	349850660	25695
1787823515.116392889	s6-eth2	25625	102586335
1787823515.116392889	s6-eth3	25625	181098286
1787823515.116392889	s6-eth4	26509	25695
1787823515.116392889	s7-eth1	4526511773	4797455750
1787823515.116392889	s7-eth2	106948	7067027433
1787823515.116392889	s7-eth3	8445254734	3869221
1787823515.116392889	s7-eth4	26356	25625
1787823515.116392889	s8-eth1	25625	25695
1787823515.116392889	s8-eth2	23189	25695
1787823515.116392889	s8-eth3	25625	23392
1787823515.116392889	s8-eth4	26384	25625
1787823515.116392889	s9-eth1	8778100445	3871727
1787823515.116392889	s9-eth2	181098286	25625
1787823515.116392889	s9-eth3	3869221	8448167574
1787823515.116392889	s9-eth4	23392	25625
1787823521.676569755	s10-eth1	23489	26412
1787823521.676569755	s10-eth2	25722	26537
1787823521.676569755	s10-eth3	25652	26384
1787823521.676569755	s10-eth4	25652	26412
1787823521.676569755	s1-eth1	3868604	11271475483
1787823521.676569755	s1-eth10	4196	6510
1787823521.676569755	s1-eth11	1470541549	14121
1787823521.676569755	s1-eth12	129473103	6419
1787823521.676569755	s1-eth13	3052	6124
1787823521.676569755	s1-eth14	129524625	5950
1787823521.676569755	s1-eth15	701832222	11859
1787823521.676569755	s1-eth16	129449810	6299
1787823521.676569755	s1-eth17	4190	5890
1787823521.676569755	s1-eth18	129526223	5916
1787823521.676569755	s1-eth19	4106669922	13598
1787823521.676569755	s1-eth2	25722	349850687
1787823521.676569755	s1-eth20	129573300	5939
1787823521.676569755	s1-eth21	128692681	5941
1787823521.676569755	s1-eth22	3216	5758
1787823521.676569755	s1-eth23	894807251	12351
1787823521.676569755	s1-eth24	128601892	5958
1787823521.676569755	s1-eth25	3442	6034
1787823521.676569755	s1-eth26	125925594	5718
1787823521.676569755	s1-eth27	952755919	14340
1787823521.676569755	s1-eth28	3517	6114
1787823521.676569755	s1-eth29	3883	6099
1787823521.676569755	s1-eth3	4540351241	3777955
1787823521.676569755	s1-eth30	3125	5679
1787823521.676569755	s1-eth31	894808072	12504
1787823521.676569755	s1-eth32	126655223	5849
1787823521.676569755	s1-eth33	3201	5800
1787823521.676569755	s1-eth34	3451	5675
1787823521.676569755	s1-eth4	129689143	6216
1787823521.676569755	s1-eth5	129701925	5860
1787823521.676569755	s1-eth6	129701925	5950
1787823521.676569755	s1-eth7	920761409	13416
1787823521.676569755	s1-eth8	129699119	5927
1787823521.676569755	s1-eth9	3872	6149
1787823521.676569755	s2-eth1	4618485035	4411491109
1787823521.676569755	s2-eth10	129707998	6279
1787823521.676569755	s2-eth11	1471608610	14007
1787823521.676569755	s2-eth12	3756	5910
1787823521.676569755	s2-eth13	3597	6290
1787823521.676569755	s2-eth14	3819	5745
1787823521.676569755	s2-eth15	701895199	11774
1787823521.676569755	s2-eth16	129621317	6017
1787823521.676569755	s2-eth17	129791490	6073
1787823521.676569755	s2-eth18	129721283	6431
1787823521.676569755	s2-eth19	10137	2147159469
1787823521.676569755	s2-eth2	102586362	25652
1787823521.676569755	s2-eth20	2289	44983552
1787823521.676569755	s2-eth21	2540	42677716
1787823521.676569755	s2-eth22	2386	6352
1787823521.676569755	s2-eth23	8905	677449730
1787823521.676569755	s2-eth24	2497	41013803
1787823521.676569755	s2-eth25	2596	6352
1787823521.676569755	s2-eth26	2272	38383320
1787823521.676569755	s2-eth27	10994	735623669
1787823521.676569755	s2-eth28	2676	6463
1787823521.676569755	s2-eth29	2582	6139
1787823521.676569755	s2-eth3	757001040	14209
1787823521.676569755	s2-eth30	2107	6082
1787823521.676569755	s2-eth31	8920	677627423
1787823521.676569755	s2-eth32	2199	37812330
1787823521.676569755	s2-eth33	2314	6073
1787823521.676569755	s2-eth34	2193	5993
1787823521.676569755	s2-eth4	129963096	6143
1787823521.676569755	s2-eth5	130036314	5939
1787823521.676569755	s2-eth6	130062228	5919
1787823521.676569755	s2-eth7	920804931	13101
1787823521.676569755	s2-eth8	130039592	6120
1787823521.676569755	s2-eth9	130019219	6017
1787823521.676569755	s3-eth1	4806117871	4554662524
1787823521.676569755	s3-eth10	2770	6010
1787823521.676569755	s3-eth11	10221	759738630
1787823521.676569755	s3-eth12	2586	29185119
1787823521.676569755	s3-eth13	2384	6551
1787823521.676569755	s3-eth14	2370	28981851
1787823521.676569755	s3-eth15	8189	503652681
1787823521.676569755	s3-eth16	2881	28543142
1787823521.676569755	s3-eth17	2349	5718
1787823521.676569755	s3-eth18	2106	28468392
1787823521.676569755	s3-eth19	757060580	13763
1787823521.676569755	s3-eth2	25722	25652
1787823521.676569755	s3-eth20	130062220	5762
1787823521.676569755	s3-eth21	130029104	5829
1787823521.676569755	s3-eth22	130062311	5860
1787823521.676569755	s3-eth23	920838368	12568
1787823521.676569755	s3-eth24	130082441	5927
1787823521.676569755	s3-eth25	130064426	6393
1787823521.676569755	s3-eth26	129987413	5996
1787823521.676569755	s3-eth27	1472739647	13758
1787823521.676569755	s3-eth28	2943	5892
1787823521.676569755	s3-eth29	2890	5900
1787823521.676569755	s3-eth3	3773949	2484316287
1787823521.676569755	s3-eth30	2800	6040
1787823521.676569755	s3-eth31	894824149	12484
1787823521.676569755	s3-eth32	3051	6012
1787823521.676569755	s3-eth33	3750	6116
1787823521.676569755	s3-eth34	3164	6027
1787823521.676569755	s3-eth4	2280	31609179
1787823521.676569755	s3-eth5	2300	31068449
1787823521.676569755	s3-eth6	2300	30549329
1787823521.676569755	s3-eth7	9766	664059098
1787823521.676569755	s3-eth8	2367	29803584
1787823521.676569755	s3-eth9	2790	5940
1787823521.676569755	s4-eth1	7099822866	106975
1787823521.676569755	s4-eth10	2629	30834538
1787823521.676569755	s4-eth11	10357	938052076
1787823521.676569755	s4-eth12	2437	6024
1787823521.676569755	s4-eth13	2656	5979
1787823521.676569755	s4-eth14	1845	5784
1787823521.676569755	s4-eth15	8124	608448247
1787823521.676569755	s4-eth16	2187	30051749
1787823521.676569755	s4-eth17	2333	29856998
1787823521.676569755	s4-eth18	2669	29596143
1787823521.676569755	s4-eth19	10133	443691764
1787823521.676569755	s4-eth2	25722	23216
1787823521.676569755	s4-eth20	2222	70266040
1787823521.676569755	s4-eth21	2199	69801794
1787823521.676569755	s4-eth22	2280	69548175
1787823521.676569755	s4-eth23	8825	872568048
1787823521.676569755	s4-eth24	2344	69141497
1787823521.676569755	s4-eth25	2743	68421730
1787823521.676569755	s4-eth26	2186	67786001
1787823521.676569755	s4-eth27	9878	1118599200
1787823521.676569755	s4-eth28	2152	6221
1787823521.676569755	s4-eth29	2140	6197
1787823521.676569755	s4-eth3	10309	295024842
1787823521.676569755	s4-eth30	2140	6127
1787823521.676569755	s4-eth31	8967	856899206
1787823521.676569755	s4-eth32	2272	6340
1787823521.676569755	s4-eth33	2462	6045
1787823521.676569755	s4-eth34	2217	6111
1787823521.676569755	s4-eth4	2471	32204508
1787823521.676569755	s4-eth5	2109	32126636
1787823521.676569755	s4-eth6	2109	32006916
1787823521.676569755	s4-eth7	9358	819219115
1787823521.676569755	s4-eth8	2307	31167726
1787823521.676569755	s4-eth9	2117	30927229
1787823521.676569755	s5-eth1	11308562335	3868670
1787823521.676569755	s5-eth2	4425853429	4625436917
1787823521.676569755	s5-eth3	3871820	8833050766
1787823521.676569755	s5-eth4	26412	23489
1787823521.676569755	s6-eth1	349850687	25722
1787823521.676569755	s6-eth2	25722	102586432
1787823521.676569755	s6-eth3	25652	181098313
1787823521.676569755	s6-eth4	26537	25722
1787823521.676569755	s7-eth1	4569274376	4811678223
1787823521.676569755	s7-eth2	106975	7110970968
1787823521.676569755	s7-eth3	8484615593	3869384
1787823521.676569755	s7-eth4	26384	25652
1787823521.676569755	s8-eth1	25652	25722
1787823521.676569755	s8-eth2	23243	25749
1787823521.676569755	s8-eth3	25679	23446
1787823521.676569755	s8-eth4	26440	25679
1787823521.676569755	s9-eth1	8837399865	3871847
1787823521.676569755	s9-eth2	181098340	25679
1787823521.676569755	s9-eth3	3869411	8487013666
1787823521.676569755	s9-eth4	23446	25679
1787823527.945179502	s10-eth1	23516	26440
1787823527.945179502	s10-eth2	25749	26565
1787823527.945179502	s10-eth3	25679	26412
1787823527.945179502	s10-eth4	25679	26440
1787823527.945179502	s1-eth1	3868697	11339797524
1787823527.945179502	s1-eth10	4196	6510
1787823527.945179502	s1-eth11	1486736651	14121
1787823527.945179502	s1-eth12	133532333	6419
1787823527.945179502	s1-eth13	3052	6124
1787823527.945179502	s1-eth14	133593949	5950
1787823527.945179502	s1-eth15	702652720	11859
1787823527.945179502	s1-eth16	133578256	6299
1787823527.945179502	s1-eth17	4244	5956
1787823527.945179502	s1-eth18	133713791	5916
1787823527.945179502	s1-eth19	4123518250	13668
1787823527.945179502	s1-eth2	25749	349870902
1787823527.945179502	s1-eth20	133824316	5939
1787823527.945179502	s1-eth21	132973979	5941
1787823527.945179502	s1-eth22	3216	5758
1787823527.945179502	s1-eth23	894807251	12351
1787823527.945179502	s1-eth24	132971152	5958
1787823527.945179502	s1-eth25	3442	6034
1787823527.945179502	s1-eth26	130346766	5718
1787823527.945179502	s1-eth27	952755989	14340
1787823527.945179502	s1-eth28	3517	6114
1787823527.945179502	s1-eth29	3883	6099
1787823527.945179502	s1-eth3	4558464203	3777955
1787823527.945179502	s1-eth30	3125	5679
1787823527.945179502	s1-eth31	894808072	12504
1787823527.945179502	s1-eth32	131266739	5849
1787823527.945179502	s1-eth33	3201	5800
1787823527.945179502	s1-eth34	3451	5675
1787823527.945179502	s1-eth4	134366991	6216
1787823527.945179502	s1-eth5	134415823	5860
1787823527.945179502	s1-eth6	134441849	5950
1787823527.945179502	s1-eth7	921713129	13416
1787823527.945179502	s1-eth8	134469325	5927
1787823527.945179502	s1-eth9	3872	6149
1787823527.945179502	s2-eth1	4633604432	4454327188
1787823527.945179502	s2-eth10	134544466	6349
1787823527.945179502	s2-eth11	1490997742	14007
1787823527.945179502	s2-eth12	3756	5910
1787823527.945179502	s2-eth13	3597	6290
1787823527.945179502	s2-eth14	3819	5745
1787823527.945179502	s2-eth15	702871433	11774
1787823527.945179502	s2-eth16	134495277	6017
1787823527.945179502	s2-eth17	134649588	6073
1787823527.945179502	s2-eth18	134603965	6431
1787823527.945179502	s2-eth19	10137	2148625983
1787823527.945179502	s2-eth2	108569317	25749
1787823527.945179502	s2-eth20	2289	45762232
1787823527.945179502	s2-eth21	2540	43244422
1787823527.945179502	s2-eth22	2386	6352
1787823527.945179502	s2-eth23	8905	677449730
1787823527.945179502	s2-eth24	2497	41486779
1787823527.945179502	s2-eth25	2596	6352
1787823527.945179502	s2-eth26	2272	38815920
1787823527.945179502	s2-eth27	10994	735623669
1787823527.945179502	s2-eth28	2676	6463
1787823527.945179502	s2-eth29	2582	6139
1787823527.945179502	s2-eth3	776733368	14209
1787823527.945179502	s2-eth30	2107	6082
1787823527.945179502	s2-eth31	8990	677627423
1787823527.945179502	s2-eth32	2199	38412202
1787823527.945179502	s2-eth33	2314	6073
1787823527.945179502	s2-eth34	2193	5993
1787823527.945179502	s2-eth4	135062008	6143
1787823527.945179502	s2-eth5	135172718	5939
1787823527.945179502	s2-eth6	135230356	5919
1787823527.945179502	s2-eth7	921843171	13101
1787823527.945179502	s2-eth8	135232234	6120
1787823527.945179502	s2-eth9	135216187	6017
1787823527.945179502	s3-eth1	4825305177	4607628746
1787823527.945179502	s3-eth10	2770	6010
1787823527.945179502	s3-eth11	10221	761345018
1787823527.945179502	s3-eth12	2586	30126745
1787823527.945179502	s3-eth13	2384	6551
1787823527.945179502	s3-eth14	2370	29932129
1787823527.945179502	s3-eth15	8189	503831559
1787823527.945179502	s3-eth16	2881	29480442
1787823527.945179502	s3-eth17	2415	5718
1787823527.945179502	s3-eth18	2106	29402808
1787823527.945179502	s3-eth19	778304124	13763
1787823527.945179502	s3-eth2	25776	25706
1787823527.945179502	s3-eth20	135399062	5762
1787823527.945179502	s3-eth21	135374598	5829
1787823527.945179502	s3-eth22	135420783	5860
1787823527.945179502	s3-eth23	921909774	12568
1787823527.945179502	s3-eth24	135469753	5927
1787823527.945179502	s3-eth25	135470484	6393
1787823527.945179502	s3-eth26	135407961	5996
1787823527.945179502	s3-eth27	1494461935	13758
1787823527.945179502	s3-eth28	2943	5892
1787823527.945179502	s3-eth29	2890	5900
1787823527.945179502	s3-eth3	3773949	2486058293
1787823527.945179502	s3-eth30	2800	6040
1787823527.945179502	s3-eth31	894824149	12484
1787823527.945179502	s3-eth32	3051	6012
1787823527.945179502	s3-eth33	3750	6116
1787823527.945179502	s3-eth34	3164	6027
1787823527.945179502	s3-eth4	2280	32738265
1787823527.945179502	s3-eth5	2300	32112457
1787823527.945179502	s3-eth6	2300	31502491
1787823527.945179502	s3-eth7	9766	664249442
1787823527.945179502	s3-eth8	2367	30795680
1787823527.945179502	s3-eth9	2790	5940
1787823527.945179502	s4-eth1	7161857733	107029
1787823527.945179502	s4-eth10	2629	32417854
1787823527.945179502	s4-eth11	10357	939636834
1787823527.945179502	s4-eth12	2437	6024
1787823527.945179502	s4-eth13	2656	5979
1787823527.945179502	s4-eth14	1845	5784
1787823527.945179502	s4-eth15	8124	608834703
1787823527.945179502	s4-eth16	2187	31636507
1787823527.945179502	s4-eth17	2333	31446082
1787823527.945179502	s4-eth18	2669	31150619
1787823527.945179502	s4-eth19	10133	450712862
1787823527.945179502	s4-eth2	25776	23270
1787823527.945179502	s4-eth20	2222	73206278
1787823527.945179502	s4-eth21	2199	72713192
1787823527.945179502	s4-eth22	2280	72443711
1787823527.945179502	s4-eth23	8825	873169362
1787823527.945179502	s4-eth24	2344	72003867
1787823527.945179502	s4-eth25	2743	71286984
1787823527.945179502	s4-eth26	2186	70638277
1787823527.945179502	s4-eth27	9878	1125232400
1787823527.945179502	s4-eth28	2152	6221
1787823527.945179502	s4-eth29	2140	6197
1787823527.945179502	s4-eth3	10309	296609600
1787823527.945179502	s4-eth30	2140	6127
1787823527.945179502	s4-eth31	8967	856899206
1787823527.945179502	s4-eth32	2272	6340
1787823527.945179502	s4-eth33	2462	6045
1787823527.945179502	s4-eth34	2217	6111
1787823527.945179502	s4-eth4	2471	33797918
1787823527.945179502	s4-eth5	2109	33692648
1787823527.945179502	s4-eth6	2109	33581580
1787823527.945179502	s4-eth7	9358	819599803
1787823527.945179502	s4-eth8	2307	32752484
1787823527.945179502	s4-eth9	2117	32526407
1787823527.945179502	s5-eth1	11359088627	3868724
1787823527.945179502	s5-eth2	4472451713	4633604459
1787823527.945179502	s5-eth3	3871874	8891838276
1787823527.945179502	s5-eth4	26468	23543
1787823527.945179502	s6-eth1	378836383	25776
1787823527.945179502	s6-eth2	25776	115289064
1787823527.945179502	s6-eth3	25706	192334431
1787823527.945179502	s6-eth4	26593	25776
1787823527.945179502	s7-eth1	4621170568	4832490663
1787823527.945179502	s7-eth2	107029	7173682133
1787823527.945179502	s7-eth3	8542969061	3869438
1787823527.945179502	s7-eth4	26440	25706
1787823527.945179502	s8-eth1	25706	25776
1787823527.945179502	s8-eth2	23270	25776
1787823527.945179502	s8-eth3	25706	23473
1787823527.945179502	s8-eth4	26468	25706
1787823527.945179502	s9-eth1	8895250048	3871874
1787823527.945179502	s9-eth2	193684143	25706
1787823527.945179502	s9-eth3	3869438	8546186163
1787823527.945179502	s9-eth4	23473	25706
1787823536.154732280	s10-eth1	23570	26496
1787823536.154732280	s10-eth2	25803	26621
1787823536.154732280	s10-eth3	25733	26468
1787823536.154732280	s10-eth4	25733	26496
1787823536.154732280	s1-eth1	3868751	11359088654
1787823536.154732280	s1-eth10	4196	6510
1787823536.154732280	s1-eth11	1507564899	14121
1787823536.154732280	s1-eth12	138736511	6419
1787823536.154732280	s1-eth13	3052	6124
1787823536.154732280	s1-eth14	138813989	5950
1787823536.154732280	s1-eth15	703696728	11859
1787823536.154732280	s1-eth16	138796854	6299
1787823536.154732280	s1-eth17	4244	5956
1787823536.154732280	s1-eth18	138925179	5916
1787823536.154732280	s1-eth19	4144316216	13668
1787823536.154732280	s1-eth2	25803	405444167
1787823536.154732280	s1-eth20	138996770	5939
1787823536.154732280	s1-eth21	138139223	5941
1787823536.154732280	s1-eth22	3216	5758
1787823536.154732280	s1-eth23	894807251	12351
1787823536.154732280	s1-eth24	138156584	5958
1787823536.154732280	s1-eth25	3442	6034
1787823536.154732280	s1-eth26	135533640	5718
1787823536.154732280	s1-eth27	952755989	14340
1787823536.154732280	s1-eth28	3517	6114
1787823536.154732280	s1-eth29	3883	6099
1787823536.154732280	s1-eth3	4579229003	3777955
1787823536.154732280	s1-eth30	3125	5679
1787823536.154732280	s1-eth31	894808072	12504
1787823536.154732280	s1-eth32	136450729	5849
1787823536.154732280	s1-eth33	3201	5800
1787823536.154732280	s1-eth34	3451	5675
1787823536.154732280	s1-eth4	139562517	6216
1787823536.154732280	s1-eth5	139601255	5860
1787823536.154732280	s1-eth6	139630165	5950
1787823536.154732280	s1-eth7	922749927	13416
1787823536.154732280	s1-eth8	139653315	5927
1787823536.154732280	s1-eth9	3872	6149
1787823536.154732280	s2-eth1	4633604486	4508814654
1787823536.154732280	s2-eth10	139728456	6349
1787823536.154732280	s2-eth11	1511840410	14007
1787823536.154732280	s2-eth12	3756	5910
1787823536.154732280	s2-eth13	3597	6290
1787823536.154732280	s2-eth14	3819	5745
1787823536.154732280	s2-eth15	703925535	11774
1787823536.154732280	s2-eth16	139788859	6017
1787823536.154732280	s2-eth17	139950380	6073
1787823536.154732280	s2-eth18	139893221	6431
1787823536.154732280	s2-eth19	10137	2150271305
1787823536.154732280	s2-eth2	123527237	25803
1787823536.154732280	s2-eth20	2289	47015330
1787823536.154732280	s2-eth21	2540	44356204
1787823536.154732280	s2-eth22	2386	6352
1787823536.154732280	s2-eth23	8905	677449730
1787823536.154732280	s2-eth24	2497	42555301
1787823536.154732280	s2-eth25	2596	6352
1787823536.154732280	s2-eth26	2272	39832530
1787823536.154732280	s2-eth27	10994	735623669
1787823536.154732280	s2-eth28	2676	6463
1787823536.154732280	s2-eth29	2582	6139
1787823536.154732280	s2-eth3	798451330	14209
1787823536.154732280	s2-eth30	2107	6082
1787823536.154732280	s2-eth31	8990	677627423
1787823536.154732280	s2-eth32	2199	39431696
1787823536.154732280	s2-eth33	2314	6073
1787823536.154732280	s2-eth34	2193	5993
1787823536.154732280	s2-eth4	140338286	6143
1787823536.154732280	s2-eth5	140420156	5939
1787823536.154732280	s2-eth6	140450396	5919
1787823536.154732280	s2-eth7	922887179	13101
1787823536.154732280	s2-eth8	140472462	6120
1787823536.154732280	s2-eth9	140463625	6017
1787823536.154732280	s3-eth1	4843413840	4656013641
1787823536.154732280	s3-eth10	2770	6010
1787823536.154732280	s3-eth11	10221	762177052
1787823536.154732280	s3-eth12	2586	30768435
1787823536.154732280	s3-eth13	2384	6551
1787823536.154732280	s3-eth14	2370	30553631
1787823536.154732280	s3-eth15	8189	503962781
1787823536.154732280	s3-eth16	2881	30110596
1787823536.154732280	s3-eth17	2415	5718
1787823536.154732280	s3-eth18	2106	30004122
1787823536.154732280	s3-eth19	799872118	13763
1787823536.154732280	s3-eth2	25803	25733
1787823536.154732280	s3-eth20	140792142	5762
1787823536.154732280	s3-eth21	140779214	5829
1787823536.154732280	s3-eth22	140832609	5860
1787823536.154732280	s3-eth23	922997042	12568
1787823536.154732280	s3-eth24	140907535	5927
1787823536.154732280	s3-eth25	140916918	6393
1787823536.154732280	s3-eth26	140855837	5996
1787823536.154732280	s3-eth27	1516342843	13758
1787823536.154732280	s3-eth28	2943	5892
1787823536.154732280	s3-eth29	2890	5900
1787823536.154732280	s3-eth3	3773949	2487076345
1787823536.154732280	s3-eth30	2800	6040
1787823536.154732280	s3-eth31	894824149	12484
1787823536.154732280	s3-eth32	3051	6012
1787823536.154732280	s3-eth33	3750	6116
1787823536.154732280	s3-eth34	3164	6027
1787823536.154732280	s3-eth4	2280	33532807
1787823536.154732280	s3-eth5	2300	32894021
1787823536.154732280	s3-eth6	2300	32260983
1787823536.154732280	s3-eth7	9766	664409504
1787823536.154732280	s3-eth8	2367	31541194
1787823536.154732280	s3-eth9	2790	5940
1787823536.154732280	s4-eth1	7232750833	107083
1787823536.154732280	s4-eth10	2629	34087690
1787823536.154732280	s4-eth11	10357	942770300
1787823536.154732280	s4-eth12	2437	6024
1787823536.154732280	s4-eth13	2656	5979
1787823536.154732280	s4-eth14	1845	5784
1787823536.154732280	s4-eth15	8124	609216833
1787823536.154732280	s4-eth16	2187	33391421
1787823536.154732280	s4-eth17	2333	33138990
1787823536.154732280	s4-eth18	2669	32819013
1787823536.154732280	s4-eth19	10133	456326568
1787823536.154732280	s4-eth2	25830	23324
1787823536.154732280	s4-eth20	2222	76903566
1787823536.154732280	s4-eth21	2199	76481138
1787823536.154732280	s4-eth22	2280	76185701
1787823536.154732280	s4-eth23	8825	873945158
1787823536.154732280	s4-eth24	2344	75804979
1787823536.154732280	s4-eth25	2743	75106842
1787823536.154732280	s4-eth26	2186	74439389
1787823536.154732280	s4-eth27	9878	1130889366
1787823536.154732280	s4-eth28	2152	6221
1787823536.154732280	s4-eth29	2140	6197
1787823536.154732280	s4-eth3	10309	299962250
1787823536.154732280	s4-eth30	2140	6127
1787823536.154732280	s4-eth31	8967	856899206
1787823536.154732280	s4-eth32	2272	6340
1787823536.154732280	s4-eth33	2462	6045
1787823536.154732280	s4-eth34	2217	6111
1787823536.154732280	s4-eth4	2471	35499478
1787823536.154732280	s4-eth5	2109	35397092
1787823536.154732280	s4-eth6	2109	35284582
1787823536.154732280	s4-eth7	9358	819966071
1787823536.154732280	s4-eth8	2307	34441066
1787823536.154732280	s4-eth9	2117	34207779
1787823536.154732280	s5-eth1	11359088681	3868778
1787823536.154732280	s5-eth2	4545574145	4633604513
1787823536.154732280	s5-eth3	3871928	8946627120
1787823536.154732280	s5-eth4	26524	23597
1787823536.154732280	s6-eth1	448469148	25830
1787823536.154732280	s6-eth2	25830	130271498
1787823536.154732280	s6-eth3	25760	218506785
1787823536.154732280	s6-eth4	26649	25830
1787823536.154732280	s7-eth1	4678945794	4849672147
1787823536.154732280	s7-eth2	107083	7245128961
1787823536.154732280	s7-eth3	8609743809	3869492
1787823536.154732280	s7-eth4	26496	25760
1787823536.154732280	s8-eth1	25760	25830
1787823536.154732280	s8-eth2	23324	25830
1787823536.154732280	s8-eth3	25760	23527
1787823536.154732280	s8-eth4	26524	25760
1787823536.154732280	s9-eth1	8948653130	3871928
1787823536.154732280	s9-eth2	218926407	25760
1787823536.154732280	s9-eth3	3869492	8610620545
1787823536.154732280	s9-eth4	23527	25760
1787823545.074911216	s10-eth1	23597	26524
1787823545.074911216	s10-eth2	25830	26649
1787823545.074911216	s10-eth3	25760	26496
1787823545.074911216	s10-eth4	25760	26524
1787823545.074911216	s1-eth1	3868778	11359088681
1787823545.074911216	s1-eth10	4196	6510
1787823545.074911216	s1-eth11	1530577777	14121
1787823545.074911216	s1-eth12	144461251	6419
1787823545.074911216	s1-eth13	3052	6124
1787823545.074911216	s1-eth14	144470955	5950
1787823545.074911216	s1-eth15	704821488	11859
1787823545.074911216	s1-eth16	144393256	6299
1787823545.074911216	s1-eth17	4244	5956
1787823545.074911216	s1-eth18	144481205	5916
1787823545.074911216	s1-eth19	4166537436	13668
1787823545.074911216	s1-eth2	25830	472798572
1787823545.074911216	s1-eth20	144525398	5939
1787823545.074911216	s1-eth21	143677945	5941
1787823545.074911216	s1-eth22	3216	5758
1787823545.074911216	s1-eth23	894807251	12351
1787823545.074911216	s1-eth24	143605902	5958
1787823545.074911216	s1-eth25	3442	6034
1787823545.074911216	s1-eth26	140932488	5718
1787823545.074911216	s1-eth27	952755989	14340
1787823545.074911216	s1-eth28	3517	6114
1787823545.074911216	s1-eth29	3883	6099
1787823545.074911216	s1-eth3	4600407657	3777955
1787823545.074911216	s1-eth30	3125	5679
1787823545.074911216	s1-eth31	894808072	12504
1787823545.074911216	s1-eth32	141662117	5849
1787823545.074911216	s1-eth33	3201	5800
1787823545.074911216	s1-eth34	3451	5675
1787823545.074911216	s1-eth4	144678733	6216
1787823545.074911216	s1-eth5	144687189	5860
1787823545.074911216	s1-eth6	144684375	5950
1787823545.074911216	s1-eth7	923753559	13416
1787823545.074911216	s1-eth8	144655613	5927
1787823545.074911216	s1-eth9	3872	6149
1787823545.074911216	s2-eth1	4633604513	4560177279
1787823545.074911216	s2-eth10	144648560	6349
1787823545.074911216	s2-eth11	1531363648	14007
1787823545.074911216	s2-eth12	3756	5910
1787823545.074911216	s2-eth13	3597	6290
1787823545.074911216	s2-eth14	3819	5745
1787823545.074911216	s2-eth15	704878697	11774
1787823545.074911216	s2-eth16	144528713	6017
1787823545.074911216	s2-eth17	144657068	6073
1787823545.074911216	s2-eth18	144585489	6431
1787823545.074911216	s2-eth19	10137	2151900765
1787823545.074911216	s2-eth2	137500244	25830
1787823545.074911216	s2-eth20	2289	48298710
1787823545.074911216	s2-eth21	2540	45557390
1787823545.074911216	s2-eth22	2386	6352
1787823545.074911216	s2-eth23	8905	677449730
1787823545.074911216	s2-eth24	2497	43698807
1787823545.074911216	s2-eth25	2596	6352
1787823545.074911216	s2-eth26	2272	40892400
1787823545.074911216	s2-eth27	10994	735623669
1787823545.074911216	s2-eth28	2676	6463
1787823545.074911216	s2-eth29	2582	6139
1787823545.074911216	s2-eth3	815938464	14209
1787823545.074911216	s2-eth30	2107	6082
1787823545.074911216	s2-eth31	8990	677627423
1787823545.074911216	s2-eth32	2199	40429560
1787823545.074911216	s2-eth33	2314	6073
1787823545.074911216	s2-eth34	2193	5993
1787823545.074911216	s2-eth4	144680148	6143
1787823545.074911216	s2-eth5	144759134	5939
1787823545.074911216	s2-eth6	144769186	5919
1787823545.074911216	s2-eth7	923748053	13101
1787823545.074911216	s2-eth8	144756644	6120
1787823545.074911216	s2-eth9	144734829	6017
1787823545.074911216	s3-eth1	4858041515	4704718660
1787823545.074911216	s3-eth10	2770	6010
1787823545.074911216	s3-eth11	10221	763369586
1787823545.074911216	s3-eth12	2586	31786487
1787823545.074911216	s3-eth13	2384	6551
1787823545.074911216	s3-eth14	2370	31554379
1787823545.074911216	s3-eth15	8189	504193501
1787823545.074911216	s3-eth16	2881	31085388
1787823545.074911216	s3-eth17	2415	5718
1787823545.074911216	s3-eth18	2106	30964494
1787823545.074911216	s3-eth19	815780262	13763
1787823545.074911216	s3-eth2	25830	25760
1787823545.074911216	s3-eth20	144725918	5762
1787823545.074911216	s3-eth21	144698570	5829
1787823545.074911216	s3-eth22	144728893	5860
1787823545.074911216	s3-eth23	923771396	12568
1787823545.074911216	s3-eth24	144744697	5927
1787823545.074911216	s3-eth25	144722356	6393
1787823545.074911216	s3-eth26	144642529	5996
1787823545.074911216	s3-eth27	1531320897	13758
1787823545.074911216	s3-eth28	2943	5892
1787823545.074911216	s3-eth29	2890	5900
1787823545.074911216	s3-eth3	3773949	2488260227
1787823545.074911216	s3-eth30	2800	6040
1787823545.074911216	s3-eth31	894824149	12484
1787823545.074911216	s3-eth32	3051	6012
1787823545.074911216	s3-eth33	3750	6116
1787823545.074911216	s3-eth34	3164	6027
1787823545.074911216	s3-eth4	2280	34536439
1787823545.074911216	s3-eth5	2300	33891885
1787823545.074911216	s3-eth6	2300	33250195
1787823545.074911216	s3-eth7	9766	664621478
1787823545.074911216	s3-eth8	2367	32543384
1787823545.074911216	s3-eth9	2790	5940
1787823545.074911216	s4-eth1	7269850609	107083
1787823545.074911216	s4-eth10	2629	34651512
1787823545.074911216	s4-eth11	10357	943763838
1787823545.074911216	s4-eth12	2437	6024
1787823545.074911216	s4-eth13	2656	5979
1787823545.074911216	s4-eth14	1845	5784
1787823545.074911216	s4-eth15	8124	609375453
1787823545.074911216	s4-eth16	2187	33901889
1787823545.074911216	s4-eth17	2333	33643690
1787823545.074911216	s4-eth18	2669	33341017
1787823545.074911216	s4-eth19	10133	460607866
1787823545.074911216	s4-eth2	25830	23324
1787823545.074911216	s4-eth20	2222	78316726
1787823545.074911216	s4-eth21	2199	77885646
1787823545.074911216	s4-eth22	2280	77571463
1787823545.074911216	s4-eth23	8825	874227790
1787823545.074911216	s4-eth24	2344	77068171
1787823545.074911216	s4-eth25	2743	76400316
1787823545.074911216	s4-eth26	2186	75670857
1787823545.074911216	s4-eth27	9878	1134772672
1787823545.074911216	s4-eth28	2152	6221
1787823545.074911216	s4-eth29	2140	6197
1787823545.074911216	s4-eth3	10309	300660178
1787823545.074911216	s4-eth30	2140	6127
1787823545.074911216	s4-eth31	8967	856899206
1787823545.074911216	s4-eth32	2272	6340
1787823545.074911216	s4-eth33	2462	6045
1787823545.074911216	s4-eth34	2217	6111
1787823545.074911216	s4-eth4	2471	35998410
1787823545.074911216	s4-eth5	2109	35884488
1787823545.074911216	s4-eth6	2109	35763326
1787823545.074911216	s4-eth7	9358	820134785
1787823545.074911216	s4-eth8	2307	34950092
1787823545.074911216	s4-eth9	2117	34699501
1787823545.074911216	s5-eth1	11359088681	3868778
1787823545.074911216	s5-eth2	4564648921	4633604513
1787823545.074911216	s5-eth3	3871928	8963285104
1787823545.074911216	s5-eth4	26524	23597
1787823545.074911216	s6-eth1	484943096	25830
1787823545.074911216	s6-eth2	25830	139458480
1787823545.074911216	s6-eth3	25760	234338503
1787823545.074911216	s6-eth4	26649	25830
1787823545.074911216	s7-eth1	4709856506	4860726519
1787823545.074911216	s7-eth2	107083	7274612093
1787823545.074911216	s7-eth3	8637652277	3869492
1787823545.074911216	s7-eth4	26496	25760
1787823545.074911216	s8-eth1	25760	25830
1787823545.074911216	s8-eth2	23324	25830
1787823545.074911216	s8-eth3	25760	23527
1787823545.074911216	s8-eth4	26524	25760
1787823545.074911216	s9-eth1	8963737892	3871928
1787823545.074911216	s9-eth2	234514427	25760
1787823545.074911216	s9-eth3	3869492	8638028639
1787823545.074911216	s9-eth4	23527	25760
1787823548.669397928	s10-eth1	23624	26552
1787823548.669397928	s10-eth2	25857	26677
1787823548.669397928	s10-eth3	25787	26524
1787823548.669397928	s10-eth4	25787	26552
1787823548.669397928	s1-eth1	3868805	11359088708
1787823548.669397928	s1-eth10	4196	6510
1787823548.669397928	s1-eth11	1539528271	14121
1787823548.669397928	s1-eth12	146710771	6419
1787823548.669397928	s1-eth13	3052	6124
1787823548.669397928	s1-eth14	146727685	5950
1787823548.669397928	s1-eth15	705272834	11859
1787823548.669397928	s1-eth16	146655754	6299
1787823548.669397928	s1-eth17	4244	5956
1787823548.669397928	s1-eth18	146762449	5916
1787823548.669397928	s1-eth19	4175643666	13668
1787823548.669397928	s1-eth2	25857	503269501
1787823548.669397928	s1-eth20	146828272	5939
1787823548.669397928	s1-eth21	145959189	5941
1787823548.669397928	s1-eth22	3216	5758
1787823548.669397928	s1-eth23	894807251	12351
1787823548.669397928	s1-eth24	145917428	5958
1787823548.669397928	s1-eth25	3442	6034
1787823548.669397928	s1-eth26	143256992	5718
1787823548.669397928	s1-eth27	952755989	14340
1787823548.669397928	s1-eth28	3517	6114
1787823548.669397928	s1-eth29	3883	6099
1787823548.669397928	s1-eth3	4609800845	3777955
1787823548.669397928	s1-eth30	3125	5679
1787823548.669397928	s1-eth31	894808072	12504
1787823548.669397928	s1-eth32	144022671	5849
1787823548.669397928	s1-eth33	3201	5800
1787823548.669397928	s1-eth34	3451	5675
1787823548.669397928	s1-eth4	147060917	6216
1787823548.669397928	s1-eth5	147076583	5860
1787823548.669397928	s1-eth6	147079537	5950
1787823548.669397928	s1-eth7	924233745	13416
1787823548.669397928	s1-eth8	147069521	5927
1787823548.669397928	s1-eth9	3872	6149
1787823548.669397928	s2-eth1	4633604540	4591973406
1787823548.669397928	s2-eth10	147133126	6349
1787823548.669397928	s2-eth11	1541436018	14007
1787823548.669397928	s2-eth12	3756	5910
1787823548.669397928	s2-eth13	3597	6290
1787823548.669397928	s2-eth14	3819	5745
1787823548.669397928	s2-eth15	705387723	11774
1787823548.669397928	s2-eth16	147078169	6017
1787823548.669397928	s2-eth17	147220944	6073
1787823548.669397928	s2-eth18	147142155	6431
1787823548.669397928	s2-eth19	10137	2152957751
1787823548.669397928	s2-eth2	144408893	25857
1787823548.669397928	s2-eth20	2289	49168236
1787823548.669397928	s2-eth21	2540	46409612
1787823548.669397928	s2-eth22	2386	6352
1787823548.669397928	s2-eth23	8905	677449730
1787823548.669397928	s2-eth24	2497	44538051
1787823548.669397928	s2-eth25	2596	6352
1787823548.669397928	s2-eth26	2272	41744622
1787823548.669397928	s2-eth27	10994	735623669
1787823548.669397928	s2-eth28	2676	6463
1787823548.669397928	s2-eth29	2582	6139
1787823548.669397928	s2-eth3	826752022	14209
1787823548.669397928	s2-eth30	2107	6082
1787823548.669397928	s2-eth31	8990	677627423
1787823548.669397928	s2-eth32	2199	41296202
1787823548.669397928	s2-eth33	2314	6073
1787823548.669397928	s2-eth34	2193	5993
1787823548.669397928	s2-eth4	147561264	6143
1787823548.669397928	s2-eth5	147670532	5939
1787823548.669397928	s2-eth6	147723844	5919
1787823548.669397928	s2-eth7	924342157	13101
1787823548.669397928	s2-eth8	147750236	6120
1787823548.669397928	s2-eth9	147761587	6017
1787823548.669397928	s3-eth1	4867795230	4740285684
1787823548.669397928	s3-eth10	2770	6010
1787823548.669397928	s3-eth11	10221	764250648
1787823548.669397928	s3-eth12	2586	32451249
1787823548.669397928	s3-eth13	2384	6551
1787823548.669397928	s3-eth14	2370	32247981
1787823548.669397928	s3-eth15	8189	504362215
1787823548.669397928	s3-eth16	2881	31807830
1787823548.669397928	s3-eth17	2415	5718
1787823548.669397928	s3-eth18	2106	31662422
1787823548.669397928	s3-eth19	829448980	13763
1787823548.669397928	s3-eth2	25857	25787
1787823548.669397928	s3-eth20	148208348	5762
1787823548.669397928	s3-eth21	148204072	5829
1787823548.669397928	s3-eth22	148261793	5860
1787823548.669397928	s3-eth23	924483744	12568
1787823548.669397928	s3-eth24	148339603	5927
1787823548.669397928	s3-eth25	148347544	6393
1787823548.669397928	s3-eth26	148290789	5996
1787823548.669397928	s3-eth27	1546063905	13758
1787823548.669397928	s3-eth28	2943	5892
1787823548.669397928	s3-eth29	2890	5900
1787823548.669397928	s3-eth3	3773949	2489434015
1787823548.669397928	s3-eth30	2800	6040
1787823548.669397928	s3-eth31	894824149	12484
1787823548.669397928	s3-eth32	3051	6012
1787823548.669397928	s3-eth33	3750	6116
1787823548.669397928	s3-eth34	3164	6027
1787823548.669397928	s3-eth4	2280	35421827
1787823548.669397928	s3-eth5	2300	34742665
1787823548.669397928	s3-eth6	2300	34085113
1787823548.669397928	s3-eth7	9833	664794518
1787823548.669397928	s3-eth8	2367	33371092
1787823548.669397928	s3-eth9	2790	5940
1787823548.669397928	s4-eth1	7316487827	107137
1787823548.669397928	s4-eth10	2629	35472010
1787823548.669397928	s4-eth11	10357	945763892
1787823548.669397928	s4-eth12	2437	6024
1787823548.669397928	s4-eth13	2656	5979
1787823548.669397928	s4-eth14	1845	5784
1787823548.669397928	s4-eth15	8124	609549935
1787823548.669397928	s4-eth16	2187	34720945
1787823548.669397928	s4-eth17	2333	34458420
1787823548.669397928	s4-eth18	2669	34155747
1787823548.669397928	s4-eth19	10133	465793298
1787823548.669397928	s4-eth2	25884	23378
1787823548.669397928	s4-eth20	2222	80026938
1787823548.669397928	s4-eth21	2199	79536736
1787823548.669397928	s4-eth22	2280	79244183
1787823548.669397928	s4-eth23	8825	874586848
1787823548.669397928	s4-eth24	2344	78714935
1787823548.669397928	s4-eth25	2743	78091782
1787823548.669397928	s4-eth26	2186	77284455
1787823548.669397928	s4-eth27	9878	1139868700
1787823548.669397928	s4-eth28	2152	6221
1787823548.669397928	s4-eth29	2140	6197
1787823548.669397928	s4-eth3	10309	302696282
1787823548.669397928	s4-eth30	2140	6127
1787823548.669397928	s4-eth31	8967	856899206
1787823548.669397928	s4-eth32	2272	6340
1787823548.669397928	s4-eth33	2462	6045
1787823548.669397928	s4-eth34	2217	6111
1787823548.669397928	s4-eth4	2471	36859284
1787823548.669397928	s4-eth5	2109	36782854
1787823548.669397928	s4-eth6	2109	36641504
1787823548.669397928	s4-eth7	9358	820312151
1787823548.669397928	s4-eth8	2307	35816734
1787823548.669397928	s4-eth9	2117	35623823
1787823548.669397928	s5-eth1	11363100379	3868832
1787823548.669397928	s5-eth2	4623158125	4637531133
1787823548.669397928	s5-eth3	3871982	9011309526
1787823548.669397928	s5-eth4	26580	23651
1787823548.669397928	s6-eth1	538794640	25884
1787823548.669397928	s6-eth2	25884	149164636
1787823548.669397928	s6-eth3	25814	259525971
1787823548.669397928	s6-eth4	26705	25884
1787823548.669397928	s7-eth1	4762894829	4873567583
1787823548.669397928	s7-eth2	107137	7327406651
1787823548.669397928	s7-eth3	8694079206	3869546
1787823548.669397928	s7-eth4	26552	25814
1787823548.669397928	s8-eth1	25814	25884
1787823548.669397928	s8-eth2	23378	25884
1787823548.669397928	s8-eth3	25814	23581
1787823548.669397928	s8-eth4	26580	25814
1787823548.669397928	s9-eth1	9016122922	3871982
1787823548.669397928	s9-eth2	261051607	25814
1787823548.669397928	s9-eth3	3869546	8697828406
1787823548.669397928	s9-eth4	23581	25814
1787823556.032398968	s10-eth1	23651	26580
1787823556.032398968	s10-eth2	25884	26705
1787823556.032398968	s10-eth3	25814	26552
1787823556.032398968	s10-eth4	25814	26580
1787823556.032398968	s1-eth1	3868832	11385090879
1787823556.032398968	s1-eth10	4196	6510
1787823556.032398968	s1-eth11	1558466057	14121
1787823556.032398968	s1-eth12	151439089	6419
1787823556.032398968	s1-eth13	3052	6124
1787823556.032398968	s1-eth14	151451677	5950
1787823556.032398968	s1-eth15	706220228	11859
1787823556.032398968	s1-eth16	151389840	6299
1787823556.032398968	s1-eth17	4244	5956
1787823556.032398968	s1-eth18	151492209	5916
1787823556.032398968	s1-eth19	4194652110	13668
1787823556.032398968	s1-eth2	25884	541296510
1787823556.032398968	s1-eth20	151594082	5939
1787823556.032398968	s1-eth21	150732209	5941
1787823556.032398968	s1-eth22	3216	5758
1787823556.032398968	s1-eth23	894807251	12351
1787823556.032398968	s1-eth24	150700542	5958
1787823556.032398968	s1-eth25	3442	6034
1787823556.032398968	s1-eth26	148064620	5718
1787823556.032398968	s1-eth27	952755989	14340
1787823556.032398968	s1-eth28	3517	6114
1787823556.032398968	s1-eth29	3883	6099
1787823556.032398968	s1-eth3	4629083269	3777955
1787823556.032398968	s1-eth30	3125	5679
1787823556.032398968	s1-eth31	894808072	12504
1787823556.032398968	s1-eth32	148849045	5849
1787823556.032398968	s1-eth33	3201	5800
1787823556.032398968	s1-eth34	3451	5675
1787823556.032398968	s1-eth4	151927667	6216
1787823556.032398968	s1-eth5	151959195	5860
1787823556.032398968	s1-eth6	151985221	5950
1787823556.032398968	s1-eth7	925218631	13416
1787823556.032398968	s1-eth8	151998277	5927
1787823556.032398968	s1-eth9	3872	6149
1787823556.032398968	s2-eth1	4644839216	4660937110
1787823556.032398968	s2-eth10	152057556	6349
1787823556.032398968	s2-eth11	1561102014	14007
1787823556.032398968	s2-eth12	3756	5910
1787823556.032398968	s2-eth13	3597	6290
1787823556.032398968	s2-eth14	3819	5745
1787823556.032398968	s2-eth15	706379819	11774
1787823556.032398968	s2-eth16	152048743	6017
1787823556.032398968	s2-eth17	152223242	6073
1787823556.032398968	s2-eth18	152163199	6431
1787823556.032398968	s2-eth19	10137	2155364449
1787823556.032398968	s2-eth2	149164663	25911
1787823556.032398968	s2-eth20	2289	50975062
1787823556.032398968	s2-eth21	2540	48167410
1787823556.032398968	s2-eth22	2386	6352
1787823556.032398968	s2-eth23	8905	677449730
1787823556.032398968	s2-eth24	2497	46331899
1787823556.032398968	s2-eth25	2596	6352
1787823556.032398968	s2-eth26	2272	43456276
1787823556.032398968	s2-eth27	10994	735623669
1787823556.032398968	s2-eth28	2676	6463
1787823556.032398968	s2-eth29	2582	6139
1787823556.032398968	s2-eth3	847438954	14209
1787823556.032398968	s2-eth30	2107	6082
1787823556.032398968	s2-eth31	8990	677627423
1787823556.032398968	s2-eth32	2199	43133310
1787823556.032398968	s2-eth33	2314	6073
1787823556.032398968	s2-eth34	2193	5993
1787823556.032398968	s2-eth4	152699110	6143
1787823556.032398968	s2-eth5	152806936	5939
1787823556.032398968	s2-eth6	152857364	5919
1787823556.032398968	s2-eth7	925365977	13101
1787823556.032398968	s2-eth8	152859242	6120
1787823556.032398968	s2-eth9	152856173	6017
1787823556.032398968	s3-eth1	4882810830	4807177304
1787823556.032398968	s3-eth10	2770	6010
1787823556.032398968	s3-eth11	10221	765836848
1787823556.032398968	s3-eth12	2586	33525539
1787823556.032398968	s3-eth13	2384	6551
1787823556.032398968	s3-eth14	2370	33323713
1787823556.032398968	s3-eth15	8189	504618891
1787823556.032398968	s3-eth16	2881	32962872
1787823556.032398968	s3-eth17	2415	5718
1787823556.032398968	s3-eth18	2106	32852072
1787823556.032398968	s3-eth19	849273596	13763
1787823556.032398968	s3-eth2	25911	25841
1787823556.032398968	s3-eth20	153145756	5762
1787823556.032398968	s3-eth21	153131386	5829
1787823556.032398968	s3-eth22	153184781	5860
1787823556.032398968	s3-eth23	925467188	12568
1787823556.032398968	s3-eth24	153242403	5927
1787823556.032398968	s3-eth25	153227272	6393
1787823556.032398968	s3-eth26	153161865	5996
1787823556.032398968	s3-eth27	1565478993	13758
1787823556.032398968	s3-eth28	2943	5962
1787823556.032398968	s3-eth29	2890	5900
1787823556.032398968	s3-eth3	3773949	2491112503
1787823556.032398968	s3-eth30	2800	6040
1787823556.032398968	s3-eth31	894824149	12484
1787823556.032398968	s3-eth32	3051	6012
1787823556.032398968	s3-eth33	3750	6116
1787823556.032398968	s3-eth34	3164	6027
1787823556.032398968	s3-eth4	2280	36575427
1787823556.032398968	s3-eth5	2300	35853005
1787823556.032398968	s3-eth6	2300	35214199
1787823556.032398968	s3-eth7	9833	665035332
1787823556.032398968	s3-eth8	2367	34510272
1787823556.032398968	s3-eth9	2860	5940
1787823556.032398968	s4-eth1	7375941514	107164
1787823556.032398968	s4-eth10	2629	36285298
1787823556.032398968	s4-eth11	10357	948053788
1787823556.032398968	s4-eth12	2437	6024
1787823556.032398968	s4-eth13	2726	5979
1787823556.032398968	s4-eth14	1845	5784
1787823556.032398968	s4-eth15	8124	609746047
1787823556.032398968	s4-eth16	2187	35514045
1787823556.032398968	s4-eth17	2333	35254404
1787823556.032398968	s4-eth18	2669	34996433
1787823556.032398968	s4-eth19	10133	473623358
1787823556.032398968	s4-eth2	25911	23405
1787823556.032398968	s4-eth20	2222	82463918
1787823556.032398968	s4-eth21	2269	81962180
1787823556.032398968	s4-eth22	2280	81673953
1787823556.032398968	s4-eth23	8825	875117574
1787823556.032398968	s4-eth24	2344	81137495
1787823556.032398968	s4-eth25	2743	80448010
1787823556.032398968	s4-eth26	2186	79735925
1787823556.032398968	s4-eth27	9878	1147211364
1787823556.032398968	s4-eth28	2152	6221
1787823556.032398968	s4-eth29	2140	6197
1787823556.032398968	s4-eth3	10309	305293324
1787823556.032398968	s4-eth30	2140	6127
1787823556.032398968	s4-eth31	8967	856899206
1787823556.032398968	s4-eth32	2272	6340
1787823556.032398968	s4-eth33	2462	6045
1787823556.032398968	s4-eth34	2217	6111
1787823556.032398968	s4-eth4	2471	37835518
1787823556.032398968	s4-eth5	2109	37723038
1787823556.032398968	s4-eth6	2109	37555732
1787823556.032398968	s4-eth7	9358	820475097
1787823556.032398968	s4-eth8	2307	36732404
1787823556.032398968	s4-eth9	2117	36535167
1787823556.032398968	s5-eth1	11436437615	3868859
1787823556.032398968	s5-eth2	4703724134	4650298628
1787823556.032398968	s5-eth3	3872009	9064512143
1787823556.032398968	s5-eth4	26678	23678
1787823556.032398968	s6-eth1	541296537	25938
1787823556.032398968	s6-eth2	25938	149164690
1787823556.032398968	s6-eth3	25868	261606831
1787823556.032398968	s6-eth4	26761	25938
1787823556.032398968	s7-eth1	4837320899	4888949451
1787823556.032398968	s7-eth2	107191	7395288855
1787823556.032398968	s7-eth3	8743209642	3869600
1787823556.032398968	s7-eth4	26608	25868
1787823556.032398968	s8-eth1	25868	25938
1787823556.032398968	s8-eth2	23432	25938
1787823556.032398968	s8-eth3	25868	23635
1787823556.032398968	s8-eth4	26636	25868
1787823556.032398968	s9-eth1	9067543254	3872036
1787823556.032398968	s9-eth2	261606831	25868
1787823556.032398968	s9-eth3	3869600	8744860732
1787823556.032398968	s9-eth4	23635	25868
1787823564.333010357	s10-eth1	23705	26706
1787823564.333010357	s10-eth2	25938	26761
1787823564.333010357	s10-eth3	25868	26608
1787823564.333010357	s10-eth4	25868	26636
1787823564.333010357	s1-eth1	3868886	11457385576
1787823564.333010357	s1-eth10	4196	6510
1787823564.333010357	s1-eth11	1580470977	14121
1787823564.333010357	s1-eth12	156963391	6419
1787823564.333010357	s1-eth13	3052	6124
1787823564.333010357	s1-eth14	157032217	5950
1787823564.333010357	s1-eth15	707340662	11859
1787823564.333010357	s1-eth16	157019408	6299
1787823564.333010357	s1-eth17	4244	5956
1787823564.333010357	s1-eth18	157169363	5916
1787823564.333010357	s1-eth19	4217370820	13668
1787823564.333010357	s1-eth2	25938	541296564
1787823564.333010357	s1-eth20	157284214	5939
1787823564.333010357	s1-eth21	156428109	5941
1787823564.333010357	s1-eth22	3216	5758
1787823564.333010357	s1-eth23	894807251	12351
1787823564.333010357	s1-eth24	156426724	5958
1787823564.333010357	s1-eth25	3442	6034
1787823564.333010357	s1-eth26	153805222	5718
1787823564.333010357	s1-eth27	952755989	14340
1787823564.333010357	s1-eth28	3517	6114
1787823564.333010357	s1-eth29	3883	6099
1787823564.333010357	s1-eth3	4652323983	3777955
1787823564.333010357	s1-eth30	3125	5679
1787823564.333010357	s1-eth31	894808072	12504
1787823564.333010357	s1-eth32	154738173	5849
1787823564.333010357	s1-eth33	3201	5800
1787823564.333010357	s1-eth34	3451	5675
1787823564.333010357	s1-eth4	157849961	6216
1787823564.333010357	s1-eth5	157890141	5860
1787823564.333010357	s1-eth6	157930587	5950
1787823564.333010357	s1-eth7	926411165	13416
1787823564.333010357	s1-eth8	157940759	5927
1787823564.333010357	s1-eth9	3872	6149
1787823564.333010357	s2-eth1	4657426461	4738767645
1787823564.333010357	s2-eth10	157971198	6349
1787823564.333010357	s2-eth11	1584665736	14007
1787823564.333010357	s2-eth12	3756	5910
1787823564.333010357	s2-eth13	3597	6290
1787823564.333010357	s2-eth14	3819	5745
1787823564.333010357	s2-eth15	707557933	11774
1787823564.333010357	s2-eth16	157965269	6017
1787823564.333010357	s2-eth17	158144094	6073
1787823564.333010357	s2-eth18	158095587	6431
1787823564.333010357	s2-eth19	10137	2157851899
1787823564.333010357	s2-eth2	149164717	25938
1787823564.333010357	s2-eth20	2289	52422830
1787823564.333010357	s2-eth21	2540	49564708
1787823564.333010357	s2-eth22	2386	6352
1787823564.333010357	s2-eth23	8905	677449730
1787823564.333010357	s2-eth24	2497	47706125
1787823564.333010357	s2-eth25	2596	6352
1787823564.333010357	s2-eth26	2272	44751192
1787823564.333010357	s2-eth27	10994	735623669
1787823564.333010357	s2-eth28	2676	6463
1787823564.333010357	s2-eth29	2582	6139
1787823564.333010357	s2-eth3	871520354	14209
1787823564.333010357	s2-eth30	2107	6082
1787823564.333010357	s2-eth31	8990	677627423
1787823564.333010357	s2-eth32	2199	44399386
1787823564.333010357	s2-eth33	2314	6073
1787823564.333010357	s2-eth34	2193	5993
1787823564.333010357	s2-eth4	158751184	6143
1787823564.333010357	s2-eth5	158853242	5939
1787823564.333010357	s2-eth6	158905112	5919
1787823564.333010357	s2-eth7	926575815	13101
1787823564.333010357	s2-eth8	158911316	6120
1787823564.333010357	s2-eth9	158905363	6017
1787823564.333010357	s3-eth1	4900802718	4886964660
1787823564.333010357	s3-eth10	2770	6010
1787823564.333010357	s3-eth11	10221	768045992
1787823564.333010357	s3-eth12	2586	35095877
1787823564.333010357	s3-eth13	2384	6551
1787823564.333010357	s3-eth14	2370	34917123
1787823564.333010357	s3-eth15	8189	504972181
1787823564.333010357	s3-eth16	2881	34573586
1787823564.333010357	s3-eth17	2415	5718
1787823564.333010357	s3-eth18	2106	34449808
1787823564.333010357	s3-eth19	873640512	13763
1787823564.333010357	s3-eth2	25965	25895
1787823564.333010357	s3-eth20	159242532	5762
1787823564.333010357	s3-eth21	159229604	5829
1787823564.333010357	s3-eth22	159291651	5860
1787823564.333010357	s3-eth23	926690004	12568
1787823564.333010357	s3-eth24	159360809	5927
1787823564.333010357	s3-eth25	159365866	6393
1787823564.333010357	s3-eth26	159313437	5996
1787823564.333010357	s3-eth27	1590114121	13758
1787823564.333010357	s3-eth28	2943	5962
1787823564.333010357	s3-eth29	2890	5900
1787823564.333010357	s3-eth3	3773949	2493399515
1787823564.333010357	s3-eth30	2800	6040
1787823564.333010357	s3-eth31	894824149	12484
1787823564.333010357	s3-eth32	3051	6012
1787823564.333010357	s3-eth33	3750	6116
1787823564.333010357	s3-eth34	3164	6027
1787823564.333010357	s3-eth4	2280	38320247
1787823564.333010357	s3-eth5	2300	37603593
1787823564.333010357	s3-eth6	2300	36943157
1787823564.333010357	s3-eth7	9833	665388622
1787823564.333010357	s3-eth8	2367	36253650
1787823564.333010357	s3-eth9	2860	5940
1787823564.333010357	s4-eth1	7461656932	107218
1787823564.333010357	s4-eth10	2629	38096450
1787823564.333010357	s4-eth11	10357	951155530
1787823564.333010357	s4-eth12	2437	6024
1787823564.333010357	s4-eth13	2726	5979
1787823564.333010357	s4-eth14	1845	5784
1787823564.333010357	s4-eth15	8124	610131061
1787823564.333010357	s4-eth16	2187	37280495
1787823564.333010357	s4-eth17	2333	37036716
1787823564.333010357	s4-eth18	2669	36702319
1787823564.333010357	s4-eth19	10133	485480924
1787823564.333010357	s4-eth2	25965	23459
1787823564.333010357	s4-eth20	2222	85764656
1787823564.333010357	s4-eth21	2269	85290316
1787823564.333010357	s4-eth22	2280	84961713
1787823564.333010357	s4-eth23	8825	875812618
1787823564.333010357	s4-eth24	2344	84255099
1787823564.333010357	s4-eth25	2743	83669438
1787823564.333010357	s4-eth26	2186	82899673
1787823564.333010357	s4-eth27	9878	1158532506
1787823564.333010357	s4-eth28	2152	6221
1787823564.333010357	s4-eth29	2140	6197
1787823564.333010357	s4-eth3	10309	308496006
1787823564.333010357	s4-eth30	2140	6127
1787823564.333010357	s4-eth31	8967	856899206
1787823564.333010357	s4-eth32	2272	6340
1787823564.333010357	s4-eth33	2462	6045
1787823564.333010357	s4-eth34	2217	6111
1787823564.333010357	s4-eth4	2471	39720212
1787823564.333010357	s4-eth5	2109	39594754
1787823564.333010357	s4-eth6	2109	39450520
1787823564.333010357	s4-eth7	9358	820874531
1787823564.333010357	s4-eth8	2307	38550766
1787823564.333010357	s4-eth9	2117	38347761
1787823564.333010357	s5-eth1	11514547925	3868913
1787823564.333010357	s5-eth2	4769501018	4666274600
1787823564.333010357	s5-eth3	3872063	9131252283
1787823564.333010357	s5-eth4	26734	23732
1787823564.333010357	s6-eth1	541296591	25965
1787823564.333010357	s6-eth2	25965	149164717
1787823564.333010357	s6-eth3	25895	261606858
1787823564.333010357	s6-eth4	26789	25965
1787823564.333010357	s7-eth1	4908108706	4907258552
1787823564.333010357	s7-eth2	107218	7472519518
1787823564.333010357	s7-eth3	8800523401	3869627
1787823564.333010357	s7-eth4	26636	25895
1787823564.333010357	s8-eth1	25895	25965
1787823564.333010357	s8-eth2	23459	25965
1787823564.333010357	s8-eth3	25895	23662
1787823564.333010357	s8-eth4	26664	25895
1787823564.333010357	s9-eth1	9133612837	3872063
1787823564.333010357	s9-eth2	261606858	25895
1787823564.333010357	s9-eth3	3869627	8801607785
1787823564.333010357	s9-eth4	23662	25895
1787823572.670306339	s10-eth1	23759	26762
1787823572.670306339	s10-eth2	25992	26817
1787823572.670306339	s10-eth3	25922	26664
1787823572.670306339	s10-eth4	25922	26692
1787823572.670306339	s1-eth1	3868940	11541079310
1787823572.670306339	s1-eth10	4196	6510
1787823572.670306339	s1-eth11	1601874583	14121
1787823572.670306339	s1-eth12	162313211	6419
1787823572.670306339	s1-eth13	3052	6124
1787823572.670306339	s1-eth14	162367617	5950
1787823572.670306339	s1-eth15	708406300	11859
1787823572.670306339	s1-eth16	162338946	6299
1787823572.670306339	s1-eth17	4244	5956
1787823572.670306339	s1-eth18	162468713	5916
1787823572.670306339	s1-eth19	4238555242	13668
1787823572.670306339	s1-eth2	25992	541296618
1787823572.670306339	s1-eth20	162580680	5939
1787823572.670306339	s1-eth21	161728901	5941
1787823572.670306339	s1-eth22	3216	5758
1787823572.670306339	s1-eth23	894807251	12351
1787823572.670306339	s1-eth24	161691466	5958
1787823572.670306339	s1-eth25	3442	6034
1787823572.670306339	s1-eth26	159046892	5718
1787823572.670306339	s1-eth27	952755989	14340
1787823572.670306339	s1-eth28	3517	6114
1787823572.670306339	s1-eth29	3883	6099
1787823572.670306339	s1-eth3	4672922953	3777955
1787823572.670306339	s1-eth30	3125	5679
1787823572.670306339	s1-eth31	894808072	12504
1787823572.670306339	s1-eth32	159811129	5849
1787823572.670306339	s1-eth33	3201	5800
1787823572.670306339	s1-eth34	3451	5675
1787823572.670306339	s1-eth4	162843607	6216
1787823572.670306339	s1-eth5	162854947	5860
1787823572.670306339	s1-eth6	162855017	5950
1787823572.670306339	s1-eth7	927390283	13416
1787823572.670306339	s1-eth8	162834907	5927
1787823572.670306339	s1-eth9	3872	6149
1787823572.670306339	s2-eth1	4674564685	4792421635
1787823572.670306339	s2-eth10	162830738	6349
1787823572.670306339	s2-eth11	1604131294	14007
1787823572.670306339	s2-eth12	3756	5910
1787823572.670306339	s2-eth13	3597	6290
1787823572.670306339	s2-eth14	3819	5745
1787823572.670306339	s2-eth15	708518305	11774
1787823572.670306339	s2-eth16	162726753	6017
1787823572.670306339	s2-eth17	162872412	6073
1787823572.670306339	s2-eth18	162793623	6431
1787823572.670306339	s2-eth19	10137	2159471265
1787823572.670306339	s2-eth2	149164744	25992
1787823572.670306339	s2-eth20	2289	53553358
1787823572.670306339	s2-eth21	2540	50494798
1787823572.670306339	s2-eth22	2386	6352
1787823572.670306339	s2-eth23	8905	677449730
1787823572.670306339	s2-eth24	2497	48499225
1787823572.670306339	s2-eth25	2596	6352
1787823572.670306339	s2-eth26	2272	45430374
1787823572.670306339	s2-eth27	10994	735623669
1787823572.670306339	s2-eth28	2676	6463
1787823572.670306339	s2-eth29	2582	6139
1787823572.670306339	s2-eth3	889166108	14209
1787823572.670306339	s2-eth30	2107	6082
1787823572.670306339	s2-eth31	8990	677627423
1787823572.670306339	s2-eth32	2199	45043960
1787823572.670306339	s2-eth33	2314	6073
1787823572.670306339	s2-eth34	2193	5993
1787823572.670306339	s2-eth4	163020946	6143
1787823572.670306339	s2-eth5	163097048	5939
1787823572.670306339	s2-eth6	163127288	5919
1787823572.670306339	s2-eth7	927417943	13101
1787823572.670306339	s2-eth8	163098884	6120
1787823572.670306339	s2-eth9	163075627	6017
1787823572.670306339	s3-eth1	4915353967	4940821945
1787823572.670306339	s3-eth10	2770	6010
1787823572.670306339	s3-eth11	10221	769508180
1787823572.670306339	s3-eth12	2586	36184587
1787823572.670306339	s3-eth13	2384	6551
1787823572.670306339	s3-eth14	2370	36000065
1787823572.670306339	s3-eth15	8189	505214437
1787823572.670306339	s3-eth16	2881	35637782
1787823572.670306339	s3-eth17	2415	5718
1787823572.670306339	s3-eth18	2106	35470744
1787823572.670306339	s3-eth19	889446274	13763
1787823572.670306339	s3-eth2	25992	25922
1787823572.670306339	s3-eth20	163151794	5762
1787823572.670306339	s3-eth21	163128772	5829
1787823572.670306339	s3-eth22	163160537	5860
1787823572.670306339	s3-eth23	927462916	12568
1787823572.670306339	s3-eth24	163239789	5927
1787823572.670306339	s3-eth25	163236194	6393
1787823572.670306339	s3-eth26	163179439	5996
1787823572.670306339	s3-eth27	1605625715	13758
1787823572.670306339	s3-eth28	2943	5962
1787823572.670306339	s3-eth29	2890	5900
1787823572.670306339	s3-eth3	3773949	2494628099
1787823572.670306339	s3-eth30	2800	6040
1787823572.670306339	s3-eth31	894824149	12484
1787823572.670306339	s3-eth32	3051	6012
1787823572.670306339	s3-eth33	3750	6116
1787823572.670306339	s3-eth34	3164	6027
1787823572.670306339	s3-eth4	2280	39325321
1787823572.670306339	s3-eth5	2300	38600015
1787823572.670306339	s3-eth6	2300	37920833
1787823572.670306339	s3-eth7	9833	665610690
1787823572.670306339	s3-eth8	2367	37182298
1787823572.670306339	s3-eth9	2860	5940
1787823572.670306339	s4-eth1	7512597051	107245
1787823572.670306339	s4-eth10	2629	39189486
1787823572.670306339	s4-eth11	10357	952464866
1787823572.670306339	s4-eth12	2437	6024
1787823572.670306339	s4-eth13	2726	5979
1787823572.670306339	s4-eth14	1845	5784
1787823572.670306339	s4-eth15	8124	610350245
1787823572.670306339	s4-eth16	2187	38289895
1787823572.670306339	s4-eth17	2333	38051884
1787823572.670306339	s4-eth18	2669	37698741
1787823572.670306339	s4-eth19	10133	492052118
1787823572.670306339	s4-eth2	25992	23486
1787823572.670306339	s4-eth20	2222	87920446
1787823572.670306339	s4-eth21	2269	87554256
1787823572.670306339	s4-eth22	2280	87176625
1787823572.670306339	s4-eth23	8825	876324528
1787823572.670306339	s4-eth24	2344	86439729
1787823572.670306339	s4-eth25	2743	85809366
1787823572.670306339	s4-eth26	2186	84974711
1787823572.670306339	s4-eth27	9878	1164469220
1787823572.670306339	s4-eth28	2152	6221
1787823572.670306339	s4-eth29	2140	6197
1787823572.670306339	s4-eth3	10309	309613556
1787823572.670306339	s4-eth30	2140	6127
1787823572.670306339	s4-eth31	8967	856899206
1787823572.670306339	s4-eth32	2272	6340
1787823572.670306339	s4-eth33	2462	6045
1787823572.670306339	s4-eth34	2217	6111
1787823572.670306339	s4-eth4	2471	40765662
1787823572.670306339	s4-eth5	2109	40702210
1787823572.670306339	s4-eth6	2109	40547882
1787823572.670306339	s4-eth7	9358	821123997
1787823572.670306339	s4-eth8	2307	39678410
1787823572.670306339	s4-eth9	2117	39473963
1787823572.670306339	s5-eth1	11563705732	3868940
1787823572.670306339	s5-eth2	4805618819	4678769557
1787823572.670306339	s5-eth3	3872090	9185912762
1787823572.670306339	s5-eth4	26762	23759
1787823572.670306339	s6-eth1	541296618	25992
1787823572.670306339	s6-eth2	25992	149164744
1787823572.670306339	s6-eth3	25922	261606885
1787823572.670306339	s6-eth4	26817	25992
1787823572.670306339	s7-eth1	4956102819	4918690755
1787823572.670306339	s7-eth2	107245	7522238263
1787823572.670306339	s7-eth3	8838181258	3869654
1787823572.670306339	s7-eth4	26664	25922
1787823572.670306339	s8-eth1	25922	25992
1787823572.670306339	s8-eth2	23486	25992
1787823572.670306339	s8-eth3	25922	23689
1787823572.670306339	s8-eth4	26692	25922
1787823572.670306339	s9-eth1	9187402348	3872090
1787823572.670306339	s9-eth2	261606885	25922
1787823572.670306339	s9-eth3	3869654	8838957054
1787823572.670306339	s9-eth4	23689	25922
1787823578.417894835	s10-eth1	23786	26790
1787823578.417894835	s10-eth2	26019	26845
1787823578.417894835	s10-eth3	25949	26692
1787823578.417894835	s10-eth4	25949	26720
1787823578.417894835	s1-eth1	3868967	11578771775
1787823578.417894835	s1-eth10	4196	6510
1787823578.417894835	s1-eth11	1616438783	14121
1787823578.417894835	s1-eth12	165949935	6419
1787823578.417894835	s1-eth13	3052	6124
1787823578.417894835	s1-eth14	166010109	5950
1787823578.417894835	s1-eth15	709133068	11859
1787823578.417894835	s1-eth16	165962692	6299
1787823578.417894835	s1-eth17	4244	5956
1787823578.417894835	s1-eth18	166080923	5916
1787823578.417894835	s1-eth19	4252957938	13668
1787823578.417894835	s1-eth2	26019	541296645
1787823578.417894835	s1-eth20	166185680	5939
1787823578.417894835	s1-eth21	165333901	5941
1787823578.417894835	s1-eth22	3216	5758
1787823578.417894835	s1-eth23	894807251	12351
1787823578.417894835	s1-eth24	165309444	5958
1787823578.417894835	s1-eth25	3442	6034
1787823578.417894835	s1-eth26	162696594	5718
1787823578.417894835	s1-eth27	952755989	14340
1787823578.417894835	s1-eth28	3517	6114
1787823578.417894835	s1-eth29	3883	6099
1787823578.417894835	s1-eth3	4687762575	3777955
1787823578.417894835	s1-eth30	3125	5679
1787823578.417894835	s1-eth31	894808072	12504
1787823578.417894835	s1-eth32	163570423	5849
1787823578.417894835	s1-eth33	3201	5800
1787823578.417894835	s1-eth34	3451	5675
1787823578.417894835	s1-eth4	166672117	6216
1787823578.417894835	s1-eth5	166705087	5860
1787823578.417894835	s1-eth6	166723903	5950
1787823578.417894835	s1-eth7	928167521	13416
1787823578.417894835	s1-eth8	166748495	5927
1787823578.417894835	s1-eth9	3872	6149
1787823578.417894835	s2-eth1	4685228302	4831217230
1787823578.417894835	s2-eth10	166813542	6349
1787823578.417894835	s2-eth11	1620112980	14007
1787823578.417894835	s2-eth12	3756	5910
1787823578.417894835	s2-eth13	3597	6290
1787823578.417894835	s2-eth14	3819	5745
1787823578.417894835	s2-eth15	709331593	11774
1787823578.417894835	s2-eth16	166809055	6017
1787823578.417894835	s2-eth17	166980670	6073
1787823578.417894835	s2-eth18	166906207	6431
1787823578.417894835	s2-eth19	10137	2160345117
1787823578.417894835	s2-eth2	149164771	26019
1787823578.417894835	s2-eth20	2289	54343574
1787823578.417894835	s2-eth21	2540	51173980
1787823578.417894835	s2-eth22	2386	6352
1787823578.417894835	s2-eth23	8905	677449730
1787823578.417894835	s2-eth24	2497	49117843
1787823578.417894835	s2-eth25	2596	6352
1787823578.417894835	s2-eth26	2272	46012942
1787823578.417894835	s2-eth27	10994	735623669
1787823578.417894835	s2-eth28	2676	6463
1787823578.417894835	s2-eth29	2582	6139
1787823578.417894835	s2-eth3	905867352	14209
1787823578.417894835	s2-eth30	2107	6082
1787823578.417894835	s2-eth31	8990	677627423
1787823578.417894835	s2-eth32	2199	45564522
1787823578.417894835	s2-eth33	2314	6073
1787823578.417894835	s2-eth34	2193	5993
1787823578.417894835	s2-eth4	167227260	6143
1787823578.417894835	s2-eth5	167310572	5939
1787823578.417894835	s2-eth6	167345138	5919
1787823578.417894835	s2-eth7	928262955	13101
1787823578.417894835	s2-eth8	167332596	6120
1787823578.417894835	s2-eth9	167341063	6017
1787823578.417894835	s3-eth1	4927792686	5000428484
1787823578.417894835	s3-eth10	2770	6010
1787823578.417894835	s3-eth11	10221	770660338
1787823578.417894835	s3-eth12	2586	37332419
1787823578.417894835	s3-eth13	2384	6551
1787823578.417894835	s3-eth14	2370	37160875
1787823578.417894835	s3-eth15	8189	505543213
1787823578.417894835	s3-eth16	2949	36784172
1787823578.417894835	s3-eth17	2415	5718
1787823578.417894835	s3-eth18	2106	36666162
1787823578.417894835	s3-eth19	907438108	13763
1787823578.417894835	s3-eth2	26019	25949
1787823578.417894835	s3-eth20	167653718	5762
1787823578.417894835	s3-eth21	167632138	5829
1787823578.417894835	s3-eth22	167661019	5860
1787823578.417894835	s3-eth23	928358398	12568
1787823578.417894835	s3-eth24	167679707	5927
1787823578.417894835	s3-eth25	167666018	6393
1787823578.417894835	s3-eth26	167587633	5996
1787823578.417894835	s3-eth27	1623151783	13758
1787823578.417894835	s3-eth28	2943	5962
1787823578.417894835	s3-eth29	2890	5900
1787823578.417894835	s3-eth3	3773949	2495882639
1787823578.417894835	s3-eth30	2800	6040
1787823578.417894835	s3-eth31	894824149	12484
1787823578.417894835	s3-eth32	3051	6012
1787823578.417894835	s3-eth33	3750	6116
1787823578.417894835	s3-eth34	3164	6027
1787823578.417894835	s3-eth4	2280	40579861
1787823578.417894835	s3-eth5	2300	39832925
1787823578.417894835	s3-eth6	2300	39140765
1787823578.417894835	s3-eth7	9833	665972632
1787823578.417894835	s3-eth8	2367	38387810
1787823578.417894835	s3-eth9	2860	5940
1787823578.417894835	s4-eth1	7575393321	107299
1787823578.417894835	s4-eth10	2629	40693492
1787823578.417894835	s4-eth11	10357	954038088
1787823578.417894835	s4-eth12	2437	6024
1787823578.417894835	s4-eth13	2726	5979
1787823578.417894835	s4-eth14	1845	5784
1787823578.417894835	s4-eth15	8124	610684789
1787823578.417894835	s4-eth16	2187	39778039
1787823578.417894835	s4-eth17	2333	39519840
1787823578.417894835	s4-eth18	2669	39198421
1787823578.417894835	s4-eth19	10133	500822362
1787823578.417894835	s4-eth2	26046	23540
1787823578.417894835	s4-eth20	2222	90638616
1787823578.417894835	s4-eth21	2269	90314244
1787823578.417894835	s4-eth22	2280	89899121
1787823578.417894835	s4-eth23	8825	876902770
1787823578.417894835	s4-eth24	2344	89156457
1787823578.417894835	s4-eth25	2743	88570796
1787823578.417894835	s4-eth26	2186	87715953
1787823578.417894835	s4-eth27	9878	1173953254
1787823578.417894835	s4-eth28	2152	6221
1787823578.417894835	s4-eth29	2140	6197
1787823578.417894835	s4-eth3	10309	311316558
1787823578.417894835	s4-eth30	2140	6127
1787823578.417894835	s4-eth31	8967	856899206
1787823578.417894835	s4-eth32	2272	6340
1787823578.417894835	s4-eth33	2462	6045
1787823578.417894835	s4-eth34	2217	6111
1787823578.417894835	s4-eth4	2471	42302834
1787823578.417894835	s4-eth5	2109	42262454
1787823578.417894835	s4-eth6	2109	42118220
1787823578.417894835	s4-eth7	9358	821442679
1787823578.417894835	s4-eth8	2307	41245864
1787823578.417894835	s4-eth9	2117	41022671
1787823578.417894835	s5-eth1	11607029312	3869062
1787823578.417894835	s5-eth2	4851376417	4690285423
1787823578.417894835	s5-eth3	3872212	9240782358
1787823578.417894835	s5-eth4	26818	23813
1787823578.417894835	s6-eth1	541296672	26046
1787823578.417894835	s6-eth2	26046	149164798
1787823578.417894835	s6-eth3	25976	261606939
1787823578.417894835	s6-eth4	26873	26046
1787823578.417894835	s7-eth1	5021715383	4932624855
1787823578.417894835	s7-eth2	107299	7587132643
1787823578.417894835	s7-eth3	8889865476	3869776
1787823578.417894835	s7-eth4	26720	25976
1787823578.417894835	s8-eth1	25976	26046
1787823578.417894835	s8-eth2	23540	26046
1787823578.417894835	s8-eth3	25976	23743
1787823578.417894835	s8-eth4	26748	25976
1787823578.417894835	s9-eth1	9244362844	3872212
1787823578.417894835	s9-eth2	261606939	25976
1787823578.417894835	s9-eth3	3869776	8891148856
1787823578.417894835	s9-eth4	23743	25976
1787823585.799705003	s10-eth1	23813	26818
1787823585.799705003	s10-eth2	26046	26873
1787823585.799705003	s10-eth3	25976	26720
1787823585.799705003	s10-eth4	25976	26748
1787823585.799705003	s1-eth1	3869062	11630311844
1787823585.799705003	s1-eth10	4196	6510
1787823585.799705003	s1-eth11	1635516443	14121
1787823585.799705003	s1-eth12	170712861	6419
1787823585.799705003	s1-eth13	3052	6124
1787823585.799705003	s1-eth14	170744195	5950
1787823585.799705003	s1-eth15	710077578	11859
1787823585.799705003	s1-eth16	170676668	6367
1787823585.799705003	s1-eth17	4244	5956
1787823585.799705003	s1-eth18	170763097	5916
1787823585.799705003	s1-eth19	4271627512	13668
1787823585.799705003	s1-eth2	26046	541296672
1787823585.799705003	s1-eth20	170805848	5939
1787823585.799705003	s1-eth21	169929555	5941
1787823585.799705003	s1-eth22	3216	5758
1787823585.799705003	s1-eth23	894807251	12351
1787823585.799705003	s1-eth24	169897888	5958
1787823585.799705003	s1-eth25	3442	6034
1787823585.799705003	s1-eth26	167266292	5718
1787823585.799705003	s1-eth27	952755989	14340
1787823585.799705003	s1-eth28	3517	6114
1787823585.799705003	s1-eth29	3883	6099
1787823585.799705003	s1-eth3	4705970709	3777955
1787823585.799705003	s1-eth30	3125	5679
1787823585.799705003	s1-eth31	894808072	12504
1787823585.799705003	s1-eth32	168119933	5849
1787823585.799705003	s1-eth33	3201	5800
1787823585.799705003	s1-eth34	3451	5675
1787823585.799705003	s1-eth4	171158179	6216
1787823585.799705003	s1-eth5	171173845	5860
1787823585.799705003	s1-eth6	171175357	5950
1787823585.799705003	s1-eth7	929052909	13416
1787823585.799705003	s1-eth8	171158131	5927
1787823585.799705003	s1-eth9	3872	6149
1787823585.799705003	s2-eth1	4697740590	4876041854
1787823585.799705003	s2-eth10	171161172	6349
1787823585.799705003	s2-eth11	1637409770	14007
1787823585.799705003	s2-eth12	3756	5910
1787823585.799705003	s2-eth13	3597	6290
1787823585.799705003	s2-eth14	3819	5745
1787823585.799705003	s2-eth15	710182373	11774
1787823585.799705003	s2-eth16	171067281	6017
1787823585.799705003	s2-eth17	171224476	6073
1787823585.799705003	s2-eth18	171162991	6431
1787823585.799705003	s2-eth19	10137	2161622729
1787823585.799705003	s2-eth2	149164825	26073
1787823585.799705003	s2-eth20	2289	55511594
1787823585.799705003	s2-eth21	2540	52272784
1787823585.799705003	s2-eth22	2386	6352
1787823585.799705003	s2-eth23	8905	677449730
1787823585.799705003	s2-eth24	2497	50115707
1787823585.799705003	s2-eth25	2596	6352
1787823585.799705003	s2-eth26	2272	46938706
1787823585.799705003	s2-eth27	10994	735623669
1787823585.799705003	s2-eth28	2676	6463
1787823585.799705003	s2-eth29	2582	6139
1787823585.799705003	s2-eth3	923515990	14209
1787823585.799705003	s2-eth30	2107	6082
1787823585.799705003	s2-eth31	8990	677627423
1787823585.799705003	s2-eth32	2199	46493170
1787823585.799705003	s2-eth33	2314	6073
1787823585.799705003	s2-eth34	2193	5993
1787823585.799705003	s2-eth4	171719090	6143
1787823585.799705003	s2-eth5	171805286	5939
1787823585.799705003	s2-eth6	171861482	5919
1787823585.799705003	s2-eth7	929165647	13101
1787823585.799705003	s2-eth8	171846056	6120
1787823585.799705003	s2-eth9	171841545	6017
1787823585.799705003	s3-eth1	4942678506	5061126712
1787823585.799705003	s3-eth10	2770	6010
1787823585.799705003	s3-eth11	10221	771943718
1787823585.799705003	s3-eth12	2586	38597053
1787823585.799705003	s3-eth13	2384	6551
1787823585.799705003	s3-eth14	2370	38396669
1787823585.799705003	s3-eth15	8189	505874873
1787823585.799705003	s3-eth16	2949	38015640
1787823585.799705003	s3-eth17	2415	5718
1787823585.799705003	s3-eth18	2106	37841392
1787823585.799705003	s3-eth19	925383798	13763
1787823585.799705003	s3-eth2	26073	26003
1787823585.799705003	s3-eth20	172131128	5762
1787823585.799705003	s3-eth21	172106664	5829
1787823585.799705003	s3-eth22	172139871	5860
1787823585.799705003	s3-eth23	929253880	12568
1787823585.799705003	s3-eth24	172165769	5927
1787823585.799705003	s3-eth25	172141986	6393
1787823585.799705003	s3-eth26	172065043	5996
1787823585.799705003	s3-eth27	1641047003	13758
1787823585.799705003	s3-eth28	2943	5962
1787823585.799705003	s3-eth29	2890	5900
1787823585.799705003	s3-eth3	3773949	2497258307
1787823585.799705003	s3-eth30	2800	6040
1787823585.799705003	s3-eth31	894824149	12484
1787823585.799705003	s3-eth32	3051	6012
1787823585.799705003	s3-eth33	3750	6116
1787823585.799705003	s3-eth34	3164	6027
1787823585.799705003	s3-eth4	2280	41926689
1787823585.799705003	s3-eth5	2300	41166775
1787823585.799705003	s3-eth6	2300	40460195
1787823585.799705003	s3-eth7	9833	666314386
1787823585.799705003	s3-eth8	2367	39681284
1787823585.799705003	s3-eth9	2860	5940
1787823585.799705003	s4-eth1	7638405864	107326
1787823585.799705003	s4-eth10	2629	42002828
1787823585.799705003	s4-eth11	10357	956281840
1787823585.799705003	s4-eth12	2437	6024
1787823585.799705003	s4-eth13	2726	5979
1787823585.799705003	s4-eth14	1845	5784
1787823585.799705003	s4-eth15	8124	610963095
1787823585.799705003	s4-eth16	2187	41035463
1787823585.799705003	s4-eth17	2333	40755634
1787823585.799705003	s4-eth18	2669	40395281
1787823585.799705003	s4-eth19	10133	511049026
1787823585.799705003	s4-eth2	26073	23567
1787823585.799705003	s4-eth20	2222	93584622
1787823585.799705003	s4-eth21	2269	93390030
1787823585.799705003	s4-eth22	2280	92927321
1787823585.799705003	s4-eth23	8825	877547344
1787823585.799705003	s4-eth24	2344	92051993
1787823585.799705003	s4-eth25	2743	91425956
1787823585.799705003	s4-eth26	2186	90634561
1787823585.799705003	s4-eth27	9878	1183676660
1787823585.799705003	s4-eth28	2152	6221
1787823585.799705003	s4-eth29	2140	6197
1787823585.799705003	s4-eth3	10309	313766516
1787823585.799705003	s4-eth30	2140	6127
1787823585.799705003	s4-eth31	9037	856899206
1787823585.799705003	s4-eth32	2272	6340
1787823585.799705003	s4-eth33	2462	6045
1787823585.799705003	s4-eth34	2217	6111
1787823585.799705003	s4-eth4	2471	43646778
1787823585.799705003	s4-eth5	2109	43646774
1787823585.799705003	s4-eth6	2109	43479468
1787823585.799705003	s4-eth7	9358	821739731
1787823585.799705003	s4-eth8	2307	42657582
1787823585.799705003	s4-eth9	2117	42434389
1787823585.799705003	s5-eth1	11655395461	3869089
1787823585.799705003	s5-eth2	4899475796	4703298058
1787823585.799705003	s5-eth3	3872239	9296185537
1787823585.799705003	s5-eth4	26846	23840
1787823585.799705003	s6-eth1	541296699	26073
1787823585.799705003	s6-eth2	26073	149164825
1787823585.799705003	s6-eth3	26003	261606966
1787823585.799705003	s6-eth4	26901	26073
1787823585.799705003	s7-eth1	5078039930	4947108330
1787823585.799705003	s7-eth2	107326	7651001734
1787823585.799705003	s7-eth3	8932537167	3869803
1787823585.799705003	s7-eth4	26748	26003
1787823585.799705003	s8-eth1	26003	26073
1787823585.799705003	s8-eth2	23637	26073
1787823585.799705003	s8-eth3	26003	23770
1787823585.799705003	s8-eth4	26776	26003
1787823585.799705003	s9-eth1	9298125027	3872239
1787823585.799705003	s9-eth2	261606966	26003
1787823585.799705003	s9-eth3	3869803	8934080107
1787823585.799705003	s9-eth4	23770	26003
1787823592.558068261	s10-eth1	23867	26874
1787823592.558068261	s10-eth2	26100	26929
1787823592.558068261	s10-eth3	26030	26776
1787823592.558068261	s10-eth4	26030	26804
1787823592.558068261	s1-eth1	3869116	11669251666
1787823592.558068261	s1-eth10	4196	6510
1787823592.558068261	s1-eth11	1652465711	14121
1787823592.558068261	s1-eth12	174971087	6419
1787823592.558068261	s1-eth13	3052	6124
1787823592.558068261	s1-eth14	175014027	5950
1787823592.558068261	s1-eth15	710935568	11859
1787823592.558068261	s1-eth16	174986806	6367
1787823592.558068261	s1-eth17	4244	5956
1787823592.558068261	s1-eth18	175138125	5916
1787823592.558068261	s1-eth19	4289266056	13668
1787823592.558068261	s1-eth2	26100	541296726
1787823592.558068261	s1-eth20	175239998	5939
1787823592.558068261	s1-eth21	174362263	5941
1787823592.558068261	s1-eth22	3216	5758
1787823592.558068261	s1-eth23	894807251	12351
1787823592.558068261	s1-eth24	174278684	5958
1787823592.558068261	s1-eth25	3442	6034
1787823592.558068261	s1-eth26	171608154	5718
1787823592.558068261	s1-eth27	952755989	14340
1787823592.558068261	s1-eth28	3517	6114
1787823592.558068261	s1-eth29	3883	6099
1787823592.558068261	s1-eth3	4723169443	3777955
1787823592.558068261	s1-eth30	3125	5679
1787823592.558068261	s1-eth31	894808072	12504
1787823592.558068261	s1-eth32	172386811	5849
1787823592.558068261	s1-eth33	3201	5800
1787823592.558068261	s1-eth34	3451	5675
1787823592.558068261	s1-eth4	175452525	6216
1787823592.558068261	s1-eth5	175463795	5860
1787823592.558068261	s1-eth6	175465307	5950
1787823592.558068261	s1-eth7	929909457	13416
1787823592.558068261	s1-eth8	175435103	5927
1787823592.558068261	s1-eth9	3872	6149
1787823592.558068261	s2-eth1	4707318381	4930636001
1787823592.558068261	s2-eth10	175432376	6349
1787823592.558068261	s2-eth11	1654503238	14077
1787823592.558068261	s2-eth12	3756	5910
1787823592.558068261	s2-eth13	3597	6290
1787823592.558068261	s2-eth14	3819	5745
1787823592.558068261	s2-eth15	711037479	11774
1787823592.558068261	s2-eth16	175344253	6017
1787823592.558068261	s2-eth17	175512984	6073
1787823592.558068261	s2-eth18	175454383	6431
1787823592.558068261	s2-eth19	10137	2163040215
1787823592.558068261	s2-eth2	149164852	26100
1787823592.558068261	s2-eth20	2289	56930522
1787823592.558068261	s2-eth21	2540	53657104
1787823592.558068261	s2-eth22	2386	6352
1787823592.558068261	s2-eth23	8905	677449730
1787823592.558068261	s2-eth24	2497	51495701
1787823592.558068261	s2-eth25	2596	6352
1787823592.558068261	s2-eth26	2272	48285534
1787823592.558068261	s2-eth27	10994	735623669
1787823592.558068261	s2-eth28	2676	6463
1787823592.558068261	s2-eth29	2582	6139
1787823592.558068261	s2-eth3	940760938	14209
1787823592.558068261	s2-eth30	2107	6082
1787823592.558068261	s2-eth31	8990	677627423
1787823592.558068261	s2-eth32	2199	47809716
1787823592.558068261	s2-eth33	2314	6073
1787823592.558068261	s2-eth34	2193	5993
1787823592.558068261	s2-eth4	176043648	6143
1787823592.558068261	s2-eth5	176147148	5939
1787823592.558068261	s2-eth6	176194692	5919
1787823592.558068261	s2-eth7	930032289	13101
1787823592.558068261	s2-eth8	176190802	6120
1787823592.558068261	s2-eth9	176193501	6017
1787823592.558068261	s3-eth1	4954562055	5120204037
1787823592.558068261	s3-eth10	2770	6010
1787823592.558068261	s3-eth11	10221	772977632
1787823592.558068261	s3-eth12	2586	39628083
1787823592.558068261	s3-eth13	2384	6551
1787823592.558068261	s3-eth14	2370	39413279
1787823592.558068261	s3-eth15	8189	506183461
1787823592.558068261	s3-eth16	2949	39030808
1787823592.558068261	s3-eth17	2415	5718
1787823592.558068261	s3-eth18	2106	38873864
1787823592.558068261	s3-eth19	942814694	13763
1787823592.558068261	s3-eth2	26100	26030
1787823592.558068261	s3-eth20	176510482	5762
1787823592.558068261	s3-eth21	176501880	5829
1787823592.558068261	s3-eth22	176558159	5860
1787823592.558068261	s3-eth23	930143594	12568
1787823592.558068261	s3-eth24	176624433	5927
1787823592.558068261	s3-eth25	176635258	6393
1787823592.558068261	s3-eth26	176574177	5996
1787823592.558068261	s3-eth27	1659185921	13758
1787823592.558068261	s3-eth28	2943	5962
1787823592.558068261	s3-eth29	2890	5900
1787823592.558068261	s3-eth3	3773949	2498401813
1787823592.558068261	s3-eth30	2800	6040
1787823592.558068261	s3-eth31	894824149	12484
1787823592.558068261	s3-eth32	3051	6012
1787823592.558068261	s3-eth33	3750	6116
1787823592.558068261	s3-eth34	3164	6027
1787823592.558068261	s3-eth4	2280	43071637
1787823592.558068261	s3-eth5	2300	42300187
1787823592.558068261	s3-eth6	2300	41596491
1787823592.558068261	s3-eth7	9833	666646046
1787823592.558068261	s3-eth8	2367	40793066
1787823592.558068261	s3-eth9	2860	5940
1787823592.558068261	s4-eth1	7708391919	107353
1787823592.558068261	s4-eth10	2629	43254484
1787823592.558068261	s4-eth11	10357	958920700
1787823592.558068261	s4-eth12	2437	6024
1787823592.558068261	s4-eth13	2726	5979
1787823592.558068261	s4-eth14	1845	5854
1787823592.558068261	s4-eth15	8124	611232749
1787823592.558068261	s4-eth16	2187	42300097
1787823592.558068261	s4-eth17	2333	41979892
1787823592.558068261	s4-eth18	2669	41545997
1787823592.558068261	s4-eth19	10133	521418448
1787823592.558068261	s4-eth2	26100	23664
1787823592.558068261	s4-eth20	2222	96341726
1787823592.558068261	s4-eth21	2269	96128388
1787823592.558068261	s4-eth22	2280	95586369
1787823592.558068261	s4-eth23	8895	878127028
1787823592.558068261	s4-eth24	2344	94703831
1787823592.558068261	s4-eth25	2743	94097982
1787823592.558068261	s4-eth26	2186	93407527
1787823592.558068261	s4-eth27	9878	1193526962
1787823592.558068261	s4-eth28	2152	6221
1787823592.558068261	s4-eth29	2140	6197
1787823592.558068261	s4-eth3	10309	316232336
1787823592.558068261	s4-eth30	2140	6127
1787823592.558068261	s4-eth31	9037	856899206
1787823592.558068261	s4-eth32	2272	6340
1787823592.558068261	s4-eth33	2462	6045
1787823592.558068261	s4-eth34	2217	6111
1787823592.558068261	s4-eth4	2471	44830660
1787823592.558068261	s4-eth5	2109	44747020
1787823592.558068261	s4-eth6	2109	44612880
1787823592.558068261	s4-eth7	9358	822013711
1787823592.558068261	s4-eth8	2307	43767922
1787823592.558068261	s4-eth9	2117	43572127
1787823592.558068261	s5-eth1	11697445677	3869143
1787823592.558068261	s5-eth2	4953514800	4713369040
1787823592.558068261	s5-eth3	3872293	9345837977
1787823592.558068261	s5-eth4	26902	23894
1787823592.558068261	s6-eth1	541296753	26127
1787823592.558068261	s6-eth2	26127	149164879
1787823592.558068261	s6-eth3	26057	261607020
1787823592.558068261	s6-eth4	26957	26127
1787823592.558068261	s7-eth1	5142510362	4958873662
1787823592.558068261	s7-eth2	107380	7716943006
1787823592.558068261	s7-eth3	8972151845	3869857
1787823592.558068261	s7-eth4	26804	26057
1787823592.558068261	s8-eth1	26057	26127
1787823592.558068261	s8-eth2	23691	26127
1787823592.558068261	s8-eth3	26057	23824
1787823592.558068261	s8-eth4	26832	26057
1787823592.558068261	s9-eth1	9348357151	3872293
1787823592.558068261	s9-eth2	261607020	26057
1787823592.558068261	s9-eth3	3869857	8974487885
1787823592.558068261	s9-eth4	23824	26057
1787823599.821586342	s10-eth1	23894	26902
1787823599.821586342	s10-eth2	26127	26957
1787823599.821586342	s10-eth3	26057	26804
1787823599.821586342	s10-eth4	26057	26832
1787823599.821586342	s1-eth1	3869143	11717695683
1787823599.821586342	s1-eth10	4196	6510
1787823599.821586342	s1-eth11	1671893777	14121
1787823599.821586342	s1-eth12	179830627	6419
1787823599.821586342	s1-eth13	3052	6124
1787823599.821586342	s1-eth14	179893755	5950
1787823599.821586342	s1-eth15	711911802	11859
1787823599.821586342	s1-eth16	179886722	6367
1787823599.821586342	s1-eth17	4244	5956
1787823599.821586342	s1-eth18	179983245	5916
1787823599.821586342	s1-eth19	4308584530	13668
1787823599.821586342	s1-eth2	26127	541296753
1787823599.821586342	s1-eth20	180053394	5939
1787823599.821586342	s1-eth21	179177101	5941
1787823599.821586342	s1-eth22	3216	5758
1787823599.821586342	s1-eth23	894807251	12351
1787823599.821586342	s1-eth24	179142550	5958
1787823599.821586342	s1-eth25	3442	6034
1787823599.821586342	s1-eth26	176534026	5718
1787823599.821586342	s1-eth27	952755989	14340
1787823599.821586342	s1-eth28	3517	6114
1787823599.821586342	s1-eth29	3883	6099
1787823599.821586342	s1-eth3	4743233431	3777955
1787823599.821586342	s1-eth30	3125	5679
1787823599.821586342	s1-eth31	894808072	12504
1787823599.821586342	s1-eth32	177380457	5849
1787823599.821586342	s1-eth33	3201	5800
1787823599.821586342	s1-eth34	3451	5675
1787823599.821586342	s1-eth4	180404353	6216
1787823599.821586342	s1-eth5	180408413	5860
1787823599.821586342	s1-eth6	180407041	5950
1787823599.821586342	s1-eth7	930898669	13416
1787823599.821586342	s1-eth8	180379721	5927
1787823599.821586342	s1-eth9	3872	6149
1787823599.821586342	s2-eth1	4718118988	4978842088
1787823599.821586342	s2-eth10	180368342	6349
1787823599.821586342	s2-eth11	1674255754	14077
1787823599.821586342	s2-eth12	3756	5910
1787823599.821586342	s2-eth13	3597	6290
1787823599.821586342	s2-eth14	3819	5745
1787823599.821586342	s2-eth15	712031017	11774
1787823599.821586342	s2-eth16	180298965	6017
1787823599.821586342	s2-eth17	180450392	6073
1787823599.821586342	s2-eth18	180371603	6431
1787823599.821586342	s2-eth19	10137	2164228423
1787823599.821586342	s2-eth2	149164879	26127
1787823599.821586342	s2-eth20	2289	57941364
1787823599.821586342	s2-eth21	2540	54461740
1787823599.821586342	s2-eth22	2386	6352
1787823599.821586342	s2-eth23	8905	677449730
1787823599.821586342	s2-eth24	2497	52121529
1787823599.821586342	s2-eth25	2596	6352
1787823599.821586342	s2-eth26	2272	48811864
1787823599.821586342	s2-eth27	10994	735623669
1787823599.821586342	s2-eth28	2676	6463
1787823599.821586342	s2-eth29	2582	6139
1787823599.821586342	s2-eth3	959307942	14209
1787823599.821586342	s2-eth30	2107	6082
1787823599.821586342	s2-eth31	8990	677627423
1787823599.821586342	s2-eth32	2199	48222128
1787823599.821586342	s2-eth33	2314	6073
1787823599.821586342	s2-eth34	2193	5993
1787823599.821586342	s2-eth4	180535478	6143
1787823599.821586342	s2-eth5	180608696	5939
1787823599.821586342	s2-eth6	180643262	5919
1787823599.821586342	s2-eth7	930920561	13101
1787823599.821586342	s2-eth8	180616300	6120
1787823599.821586342	s2-eth9	180593043	6017
1787823599.821586342	s3-eth1	4966457140	5175610030
1787823599.821586342	s3-eth10	2770	6010
1787823599.821586342	s3-eth11	10221	774027408
1787823599.821586342	s3-eth12	2586	40659113
1787823599.821586342	s3-eth13	2384	6551
1787823599.821586342	s3-eth14	2370	40418353
1787823599.821586342	s3-eth15	8189	506484839
1787823599.821586342	s3-eth16	2949	39960898
1787823599.821586342	s3-eth17	2415	5718
1787823599.821586342	s3-eth18	2106	39793860
1787823599.821586342	s3-eth19	959334246	13763
1787823599.821586342	s3-eth2	26127	26057
1787823599.821586342	s3-eth20	180614414	5762
1787823599.821586342	s3-eth21	180576972	5829
1787823599.821586342	s3-eth22	180610179	5860
1787823599.821586342	s3-eth23	930946788	12568
1787823599.821586342	s3-eth24	180631751	5927
1787823599.821586342	s3-eth25	180626714	6393
1787823599.821586342	s3-eth26	180571401	5996
1787823599.821586342	s3-eth27	1675076761	13758
1787823599.821586342	s3-eth28	2943	5962
1787823599.821586342	s3-eth29	2890	5900
1787823599.821586342	s3-eth3	3773949	2499373721
1787823599.821586342	s3-eth30	2800	6040
1787823599.821586342	s3-eth31	894824149	12484
1787823599.821586342	s3-eth32	3051	6012
1787823599.821586342	s3-eth33	3750	6116
1787823599.821586342	s3-eth34	3164	6027
1787823599.821586342	s3-eth4	2280	44004611
1787823599.821586342	s3-eth5	2300	43201437
1787823599.821586342	s3-eth6	2300	42504951
1787823599.821586342	s3-eth7	9833	666917142
1787823599.821586342	s3-eth8	2367	41679896
1787823599.821586342	s3-eth9	2860	5940
1787823599.821586342	s4-eth1	7753307389	107407
1787823599.821586342	s4-eth10	2629	44308586
1787823599.821586342	s4-eth11	10357	959935868
1787823599.821586342	s4-eth12	2437	6024
1787823599.821586342	s4-eth13	2726	5979
1787823599.821586342	s4-eth14	1845	5854
1787823599.821586342	s4-eth15	8124	611483657
1787823599.821586342	s4-eth16	2187	43321033
1787823599.821586342	s4-eth17	2333	42997944
1787823599.821586342	s4-eth18	2669	42532325
1787823599.821586342	s4-eth19	10133	527513782
1787823599.821586342	s4-eth2	26154	23718
1787823599.821586342	s4-eth20	2222	98348990
1787823599.821586342	s4-eth21	2269	98170260
1787823599.821586342	s4-eth22	2280	97657081
1787823599.821586342	s4-eth23	8895	878562512
1787823599.821586342	s4-eth24	2344	96794731
1787823599.821586342	s4-eth25	2743	96132644
1787823599.821586342	s4-eth26	2186	95488333
1787823599.821586342	s4-eth27	9878	1199293520
1787823599.821586342	s4-eth28	2152	6221
1787823599.821586342	s4-eth29	2140	6197
1787823599.821586342	s4-eth3	10309	317334024
1787823599.821586342	s4-eth30	2140	6127
1787823599.821586342	s4-eth31	9037	856899206
1787823599.821586342	s4-eth32	2272	6340
1787823599.821586342	s4-eth33	2462	6045
1787823599.821586342	s4-eth34	2217	6111
1787823599.821586342	s4-eth4	2471	45903508
1787823599.821586342	s4-eth5	2109	45809774
1787823599.821586342	s4-eth6	2109	45682844
1787823599.821586342	s4-eth7	9358	822250199
1787823599.821586342	s4-eth8	2307	44852306
1787823599.821586342	s4-eth9	2117	44673815
1787823599.821586342	s5-eth1	11734898770	3869170
1787823599.821586342	s5-eth2	4989158183	4720508409
1787823599.821586342	s5-eth3	3872320	9378157550
1787823599.821586342	s5-eth4	26930	23921
1787823599.821586342	s6-eth1	541296780	26154
1787823599.821586342	s6-eth2	26154	149164906
1787823599.821586342	s6-eth3	26084	261607047
1787823599.821586342	s6-eth4	26985	26154
1787823599.821586342	s7-eth1	5182657111	4969560351
1787823599.821586342	s7-eth2	107407	7762156943
1787823599.821586342	s7-eth3	9002728040	3869884
1787823599.821586342	s7-eth4	26832	26084
1787823599.821586342	s8-eth1	26084	26154
1787823599.821586342	s8-eth2	23718	26154
1787823599.821586342	s8-eth3	26084	23851
1787823599.821586342	s8-eth4	26860	26084
1787823599.821586342	s9-eth1	9381674588	3872320
1787823599.821586342	s9-eth2	261607047	26084
1787823599.821586342	s9-eth3	3869884	9005009284
1787823599.821586342	s9-eth4	23851	26084
1787823605.668950709	s10-eth1	23921	26930
1787823605.668950709	s10-eth2	26154	26985
1787823605.668950709	s10-eth3	26084	26832
1787823605.668950709	s10-eth4	26084	26860
1787823605.668950709	s1-eth1	3869170	11756136546
1787823605.668950709	s1-eth10	4196	6510
1787823605.668950709	s1-eth11	1686720421	14121
1787823605.668950709	s1-eth12	183523589	6419
1787823605.668950709	s1-eth13	3052	6124
1787823605.668950709	s1-eth14	183576623	5950
1787823605.668950709	s1-eth15	712647222	11859
1787823605.668950709	s1-eth16	183542192	6367
1787823605.668950709	s1-eth17	4244	5956
1787823605.668950709	s1-eth18	183619969	5916
1787823605.668950709	s1-eth19	4323091050	13668
1787823605.668950709	s1-eth2	26154	541296780
1787823605.668950709	s1-eth20	183674256	5939
1787823605.668950709	s1-eth21	182806615	5941
1787823605.668950709	s1-eth22	3216	5758
1787823605.668950709	s1-eth23	894807251	12351
1787823605.668950709	s1-eth24	182731688	5958
1787823605.668950709	s1-eth25	3442	6034
1787823605.668950709	s1-eth26	180062600	5718
1787823605.668950709	s1-eth27	952755989	14340
1787823605.668950709	s1-eth28	3517	6114
1787823605.668950709	s1-eth29	3883	6099
1787823605.668950709	s1-eth3	4756874751	3777955
1787823605.668950709	s1-eth30	3125	5679
1787823605.668950709	s1-eth31	894808072	12504
1787823605.668950709	s1-eth32	180776367	5849
1787823605.668950709	s1-eth33	3201	5800
1787823605.668950709	s1-eth34	3451	5675
1787823605.668950709	s1-eth4	183823335	6216
1787823605.668950709	s1-eth5	183831721	5860
1787823605.668950709	s1-eth6	183836117	5950
1787823605.668950709	s1-eth7	931583619	13416
1787823605.668950709	s1-eth8	183805913	5927
1787823605.668950709	s1-eth9	3872	6149
1787823605.668950709	s2-eth1	4727711199	5019366641
1787823605.668950709	s2-eth10	183798860	6349
1787823605.668950709	s2-eth11	1687964848	14077
1787823605.668950709	s2-eth12	3756	5910
1787823605.668950709	s2-eth13	3597	6290
1787823605.668950709	s2-eth14	3819	5745
1787823605.668950709	s2-eth15	712708757	11774
1787823605.668950709	s2-eth16	183684781	6017
1787823605.668950709	s2-eth17	183843418	6073
1787823605.668950709	s2-eth18	183766071	6431
1787823605.668950709	s2-eth19	10137	2165315691
1787823605.668950709	s2-eth2	149164906	26154
1787823605.668950709	s2-eth20	2289	58934902
1787823605.668950709	s2-eth21	2540	55339918
1787823605.668950709	s2-eth22	2386	6352
1787823605.668950709	s2-eth23	8905	677449730
1787823605.668950709	s2-eth24	2497	52943469
1787823605.668950709	s2-eth25	2596	6352
1787823605.668950709	s2-eth26	2272	49566030
1787823605.668950709	s2-eth27	10994	735623669
1787823605.668950709	s2-eth28	2676	6463
1787823605.668950709	s2-eth29	2582	6139
1787823605.668950709	s2-eth3	973407818	14209
1787823605.668950709	s2-eth30	2107	6082
1787823605.668950709	s2-eth31	8990	677627423
1787823605.668950709	s2-eth32	2199	48974852
1787823605.668950709	s2-eth33	2314	6073
1787823605.668950709	s2-eth34	2193	5993
1787823605.668950709	s2-eth4	184164992	6143
1787823605.668950709	s2-eth5	184249746	5939
1787823605.668950709	s2-eth6	184290080	5919
1787823605.668950709	s2-eth7	931650213	13101
1787823605.668950709	s2-eth8	184283306	6120
1787823605.668950709	s2-eth9	184275911	6017
1787823605.668950709	s3-eth1	4978097018	5219182998
1787823605.668950709	s3-eth10	2770	6010
1787823605.668950709	s3-eth11	10221	774827718
1787823605.668950709	s3-eth12	2586	41452213
1787823605.668950709	s3-eth13	2384	6551
1787823605.668950709	s3-eth14	2370	41243177
1787823605.668950709	s3-eth15	8189	506740073
1787823605.668950709	s3-eth16	2949	40828982
1787823605.668950709	s3-eth17	2415	5718
1787823605.668950709	s3-eth18	2106	40670596
1787823605.668950709	s3-eth19	975914362	13763
1787823605.668950709	s3-eth2	26181	26111
1787823605.668950709	s3-eth20	184789004	5762
1787823605.668950709	s3-eth21	184754446	5829
1787823605.668950709	s3-eth22	184791979	5860
1787823605.668950709	s3-eth23	931786032	12568
1787823605.668950709	s3-eth24	184823645	5927
1787823605.668950709	s3-eth25	184815724	6393
1787823605.668950709	s3-eth26	184733013	5996
1787823605.668950709	s3-eth27	1691752049	13758
1787823605.668950709	s3-eth28	2943	5962
1787823605.668950709	s3-eth29	2890	5900
1787823605.668950709	s3-eth3	3773949	2500427823
1787823605.668950709	s3-eth30	2800	6040
1787823605.668950709	s3-eth31	894824149	12484
1787823605.668950709	s3-eth32	3051	6012
1787823605.668950709	s3-eth33	3750	6116
1787823605.668950709	s3-eth34	3164	6027
1787823605.668950709	s3-eth4	2280	45050061
1787823605.668950709	s3-eth5	2300	44232467
1787823605.668950709	s3-eth6	2300	43517235
1787823605.668950709	s3-eth7	9833	667240150
1787823605.668950709	s3-eth8	2367	42689296
1787823605.668950709	s3-eth9	2860	5940
1787823605.668950709	s4-eth1	7809982315	107434
1787823605.668950709	s4-eth10	2629	45480932
1787823605.668950709	s4-eth11	10357	961436990
1787823605.668950709	s4-eth12	2437	6024
1787823605.668950709	s4-eth13	2726	5979
1787823605.668950709	s4-eth14	1845	5854
1787823605.668950709	s4-eth15	8124	611810991
1787823605.668950709	s4-eth16	2187	44510683
1787823605.668950709	s4-eth17	2333	44173174
1787823605.668950709	s4-eth18	2669	43717649
1787823605.668950709	s4-eth19	10133	535084282
1787823605.668950709	s4-eth2	26181	23745
1787823605.668950709	s4-eth20	2222	100977756
1787823605.668950709	s4-eth21	2269	100813446
1787823605.668950709	s4-eth22	2280	100314687
1787823605.668950709	s4-eth23	8895	879103262
1787823605.668950709	s4-eth24	2344	99413403
1787823605.668950709	s4-eth25	2743	98722476
1787823605.668950709	s4-eth26	2186	98098353
1787823605.668950709	s4-eth27	9878	1206398254
1787823605.668950709	s4-eth28	2152	6221
1787823605.668950709	s4-eth29	2140	6197
1787823605.668950709	s4-eth3	10309	318915898
1787823605.668950709	s4-eth30	2140	6127
1787823605.668950709	s4-eth31	9037	856899206
1787823605.668950709	s4-eth32	2272	6340
1787823605.668950709	s4-eth33	2462	6045
1787823605.668950709	s4-eth34	2217	6111
1787823605.668950709	s4-eth4	2471	47025384
1787823605.668950709	s4-eth5	2109	46918672
1787823605.668950709	s4-eth6	2109	46757134
1787823605.668950709	s4-eth7	9358	822532831
1787823605.668950709	s4-eth8	2307	45942458
1787823605.668950709	s4-eth9	2117	45746663
1787823605.668950709	s5-eth1	11775457931	3869197
1787823605.668950709	s5-eth2	5034565348	4731143186
1787823605.668950709	s5-eth3	3872347	9421985725
1787823605.668950709	s5-eth4	26958	23948
1787823605.668950709	s6-eth1	541296807	26181
1787823605.668950709	s6-eth2	26181	149164933
1787823605.668950709	s6-eth3	26111	261607074
1787823605.668950709	s6-eth4	27013	26181
1787823605.668950709	s7-eth1	5236208692	4981432364
1787823605.668950709	s7-eth2	107434	7814952889
1787823605.668950709	s7-eth3	9037178889	3869911
1787823605.668950709	s7-eth4	26860	26111
1787823605.668950709	s8-eth1	26111	26181
1787823605.668950709	s8-eth2	23745	26181
1787823605.668950709	s8-eth3	26111	23878
1787823605.668950709	s8-eth4	26888	26111
1787823605.668950709	s9-eth1	9422865345	3872347
1787823605.668950709	s9-eth2	261607074	26111
1787823605.668950709	s9-eth3	3869911	9037787413
1787823605.668950709	s9-eth4	23878	26111
1787823611.477228995	s10-eth1	23948	26958
1787823611.477228995	s10-eth2	26181	27013
1787823611.477228995	s10-eth3	26111	26860
1787823611.477228995	s10-eth4	26111	26888
1787823611.477228995	s1-eth1	3869197	11790650843
1787823611.477228995	s1-eth10	4196	6510
1787823611.477228995	s1-eth11	1701038039	14121
1787823611.477228995	s1-eth12	187072351	6419
1787823611.477228995	s1-eth13	3052	6124
1787823611.477228995	s1-eth14	187086451	5950
1787823611.477228995	s1-eth15	713345150	11859
1787823611.477228995	s1-eth16	187007318	6367
1787823611.477228995	s1-eth17	4244	5956
1787823611.477228995	s1-eth18	187092305	5916
1787823611.477228995	s1-eth19	4336937134	13668
1787823611.477228995	s1-eth2	26181	541296807
1787823611.477228995	s1-eth20	187123520	5939
1787823611.477228995	s1-eth21	186240017	5941
1787823611.477228995	s1-eth22	3216	5758
1787823611.477228995	s1-eth23	894807251	12351
1787823611.477228995	s1-eth24	186179510	5958
1787823611.477228995	s1-eth25	3442	6034
1787823611.477228995	s1-eth26	183568102	5718
1787823611.477228995	s1-eth27	952755989	14340
1787823611.477228995	s1-eth28	3517	6114
1787823611.477228995	s1-eth29	3883	6099
1787823611.477228995	s1-eth3	4771173623	3777955
1787823611.477228995	s1-eth30	3125	5679
1787823611.477228995	s1-eth31	894808072	12504
1787823611.477228995	s1-eth32	184447699	5849
1787823611.477228995	s1-eth33	3201	5800
1787823611.477228995	s1-eth34	3451	5675
1787823611.477228995	s1-eth4	187548021	6216
1787823611.477228995	s1-eth5	187576595	5860
1787823611.477228995	s1-eth6	187583875	5950
1787823611.477228995	s1-eth7	932337785	13416
1787823611.477228995	s1-eth8	187579627	5927
1787823611.477228995	s1-eth9	3872	6149
1787823611.477228995	s2-eth1	4734921253	5053357519
1787823611.477228995	s2-eth10	187575458	6349
1787823611.477228995	s2-eth11	1703095754	14077
1787823611.477228995	s2-eth12	3756	5910
1787823611.477228995	s2-eth13	3597	6290
1787823611.477228995	s2-eth14	3819	5745
1787823611.477228995	s2-eth15	713468691	11774
1787823611.477228995	s2-eth16	187478683	6017
1787823611.477228995	s2-eth17	187630110	6073
1787823611.477228995	s2-eth18	187559973	6431
1787823611.477228995	s2-eth19	10137	2166097255
1787823611.477228995	s2-eth2	149164960	26208
1787823611.477228995	s2-eth20	2289	59603990
1787823611.477228995	s2-eth21	2540	55877784
1787823611.477228995	s2-eth22	2386	6352
1787823611.477228995	s2-eth23	8905	677449730
1787823611.477228995	s2-eth24	2497	53378953
1787823611.477228995	s2-eth25	2596	6352
1787823611.477228995	s2-eth26	2272	49959696
1787823611.477228995	s2-eth27	10994	735623669
1787823611.477228995	s2-eth28	2676	6463
1787823611.477228995	s2-eth29	2582	6139
1787823611.477228995	s2-eth3	988792516	14209
1787823611.477228995	s2-eth30	2107	6082
1787823611.477228995	s2-eth31	8990	677627423
1787823611.477228995	s2-eth32	2199	49325258
1787823611.477228995	s2-eth33	2314	6073
1787823611.477228995	s2-eth34	2193	5993
1787823611.477228995	s2-eth4	187983408	6143
1787823611.477228995	s2-eth5	188082582	5939
1787823611.477228995	s2-eth6	188138778	5919
1787823611.477228995	s2-eth7	932421683	13101
1787823611.477228995	s2-eth8	188129120	6120
1787823611.477228995	s2-eth9	188120283	6017
1787823611.477228995	s3-eth1	4988417439	5272120287
1787823611.477228995	s3-eth10	2770	6010
1787823611.477228995	s3-eth11	10221	775782322
1787823611.477228995	s3-eth12	2586	42415469
1787823611.477228995	s3-eth13	2384	6551
1787823611.477228995	s3-eth14	2370	42167499
1787823611.477228995	s3-eth15	8189	507031357
1787823611.477228995	s3-eth16	2949	41723022
1787823611.477228995	s3-eth17	2415	5718
1787823611.477228995	s3-eth18	2106	41521376
1787823611.477228995	s3-eth19	989945022	13763
1787823611.477228995	s3-eth2	26208	26138
1787823611.477228995	s3-eth20	188261340	5762
1787823611.477228995	s3-eth21	188238318	5829
1787823611.477228995	s3-eth22	188267199	5860
1787823611.477228995	s3-eth23	932478192	12568
1787823611.477228995	s3-eth24	188285887	5927
1787823611.477228995	s3-eth25	188260662	6393
1787823611.477228995	s3-eth26	188180835	5996
1787823611.477228995	s3-eth27	1705489983	13758
1787823611.477228995	s3-eth28	2943	5962
1787823611.477228995	s3-eth29	2890	5900
1787823611.477228995	s3-eth3	3773949	2501271393
1787823611.477228995	s3-eth30	2800	6040
1787823611.477228995	s3-eth31	894824149	12484
1787823611.477228995	s3-eth32	3051	6012
1787823611.477228995	s3-eth33	3750	6116
1787823611.477228995	s3-eth34	3164	6027
1787823611.477228995	s3-eth4	2280	45886421
1787823611.477228995	s3-eth5	2300	45037103
1787823611.477228995	s3-eth6	2300	44316103
1787823611.477228995	s3-eth7	9833	667489616
1787823611.477228995	s3-eth8	2367	43486722
1787823611.477228995	s3-eth9	2860	5940
1787823611.477228995	s4-eth1	7850204048	107461
1787823611.477228995	s4-eth10	2629	46340364
1787823611.477228995	s4-eth11	10357	962290654
1787823611.477228995	s4-eth12	2437	6024
1787823611.477228995	s4-eth13	2726	5979
1787823611.477228995	s4-eth14	1845	5854
1787823611.477228995	s4-eth15	8124	612020081
1787823611.477228995	s4-eth16	2187	45312435
1787823611.477228995	s4-eth17	2333	44947528
1787823611.477228995	s4-eth18	2669	44494887
1787823611.477228995	s4-eth19	10133	540490340
1787823611.477228995	s4-eth2	26208	23772
1787823611.477228995	s4-eth20	2222	102523580
1787823611.477228995	s4-eth21	2269	102336198
1787823611.477228995	s4-eth22	2280	101824461
1787823611.477228995	s4-eth23	8895	879404640
1787823611.477228995	s4-eth24	2344	100913083
1787823611.477228995	s4-eth25	2743	100250996
1787823611.477228995	s4-eth26	2186	99605243
1787823611.477228995	s4-eth27	9878	1212011960
1787823611.477228995	s4-eth28	2152	6221
1787823611.477228995	s4-eth29	2140	6197
1787823611.477228995	s4-eth3	10309	319818590
1787823611.477228995	s4-eth30	2140	6127
1787823611.477228995	s4-eth31	9037	856899206
1787823611.477228995	s4-eth32	2272	6340
1787823611.477228995	s4-eth33	2462	6045
1787823611.477228995	s4-eth34	2217	6111
1787823611.477228995	s4-eth4	2471	47952590
1787823611.477228995	s4-eth5	2109	47845878
1787823611.477228995	s4-eth6	2109	47694434
1787823611.477228995	s4-eth7	9358	822766435
1787823611.477228995	s4-eth8	2307	46871106
1787823611.477228995	s4-eth9	2117	46702709
1787823611.477228995	s5-eth1	11808280735	3869224
1787823611.477228995	s5-eth2	5066026931	4738106631
1787823611.477228995	s5-eth3	3872374	9453471822
1787823611.477228995	s5-eth4	26986	23975
1787823611.477228995	s6-eth1	541296834	26208
1787823611.477228995	s6-eth2	26208	149164960
1787823611.477228995	s6-eth3	26138	261607101
1787823611.477228995	s6-eth4	27041	26208
1787823611.477228995	s7-eth1	5283191963	4991287019
1787823611.477228995	s7-eth2	107461	7859538114
1787823611.477228995	s7-eth3	9066155906	3869938
1787823611.477228995	s7-eth4	26888	26138
1787823611.477228995	s8-eth1	26138	26208
1787823611.477228995	s8-eth2	23772	26208
1787823611.477228995	s8-eth3	26138	23905
1787823611.477228995	s8-eth4	26916	26138
1787823611.477228995	s9-eth1	9455032066	3872374
1787823611.477228995	s9-eth2	261607101	26138
1787823611.477228995	s9-eth3	3869938	9067169632
1787823611.477228995	s9-eth4	23905	26138
1787823617.024933419	s10-eth1	24002	27014
1787823617.024933419	s10-eth2	26235	27069
1787823617.024933419	s10-eth3	26165	26916
1787823617.024933419	s10-eth4	26165	26944
1787823617.024933419	s1-eth1	3869251	11830215024
1787823617.024933419	s1-eth10	4196	6510
1787823617.024933419	s1-eth11	1715494089	14121
1787823617.024933419	s1-eth12	190697539	6419
1787823617.024933419	s1-eth13	3052	6124
1787823617.024933419	s1-eth14	190714523	5950
1787823617.024933419	s1-eth15	714070476	11859
1787823617.024933419	s1-eth16	190657020	6367
1787823617.024933419	s1-eth17	4244	5956
1787823617.024933419	s1-eth18	190798245	5916
1787823617.024933419	s1-eth19	4351910862	13668
1787823617.024933419	s1-eth2	26235	541296861
1787823617.024933419	s1-eth20	190928958	5939
1787823617.024933419	s1-eth21	190077179	5941
1787823617.024933419	s1-eth22	3216	5758
1787823617.024933419	s1-eth23	894807251	12351
1787823617.024933419	s1-eth24	190080120	5958
1787823617.024933419	s1-eth25	3442	6034
1787823617.024933419	s1-eth26	187416800	5718
1787823617.024933419	s1-eth27	952755989	14340
1787823617.024933419	s1-eth28	3517	6114
1787823617.024933419	s1-eth29	3883	6099
1787823617.024933419	s1-eth3	4786448729	3777955
1787823617.024933419	s1-eth30	3125	5679
1787823617.024933419	s1-eth31	894808072	12504
1787823617.024933419	s1-eth32	188217087	5849
1787823617.024933419	s1-eth33	3201	5800
1787823617.024933419	s1-eth34	3451	5675
1787823617.024933419	s1-eth4	191295779	6216
1787823617.024933419	s1-eth5	191324353	5860
1787823617.024933419	s1-eth6	191333075	5950
1787823617.024933419	s1-eth7	933090509	13416
1787823617.024933419	s1-eth8	191359109	5927
1787823617.024933419	s1-eth9	3872	6149
1787823617.024933419	s2-eth1	4745984304	5091287914
1787823617.024933419	s2-eth10	191438576	6349
1787823617.024933419	s2-eth11	1718587160	14077
1787823617.024933419	s2-eth12	3756	5910
1787823617.024933419	s2-eth13	3597	6290
1787823617.024933419	s2-eth14	3819	5745
1787823617.024933419	s2-eth15	714261791	11774
1787823617.024933419	s2-eth16	191465813	6017
1787823617.024933419	s2-eth17	191635986	6073
1787823617.024933419	s2-eth18	191584595	6431
1787823617.024933419	s2-eth19	10137	2167478691
1787823617.024933419	s2-eth2	149164987	26235
1787823617.024933419	s2-eth20	2289	60574456
1787823617.024933419	s2-eth21	2540	56755962
1787823617.024933419	s2-eth22	2386	6352
1787823617.024933419	s2-eth23	8905	677449730
1787823617.024933419	s2-eth24	2497	54190799
1787823617.024933419	s2-eth25	2596	6352
1787823617.024933419	s2-eth26	2272	50709536
1787823617.024933419	s2-eth27	10994	735623669
1787823617.024933419	s2-eth28	2676	6463
1787823617.024933419	s2-eth29	2582	6139
1787823617.024933419	s2-eth3	1005152006	14209
1787823617.024933419	s2-eth30	2107	6082
1787823617.024933419	s2-eth31	8990	677627423
1787823617.024933419	s2-eth32	2199	50028954
1787823617.024933419	s2-eth33	2314	6073
1787823617.024933419	s2-eth34	2193	5993
1787823617.024933419	s2-eth4	192124832	6143
1787823617.024933419	s2-eth5	192229774	5939
1787823617.024933419	s2-eth6	192283086	5919
1787823617.024933419	s2-eth7	933253717	13101
1787823617.024933419	s2-eth8	192312362	6120
1787823617.024933419	s2-eth9	192312177	6017
1787823617.024933419	s3-eth1	5000044312	5317306826
1787823617.024933419	s3-eth10	2770	6010
1787823617.024933419	s3-eth11	10221	776705202
1787823617.024933419	s3-eth12	2586	43110513
1787823617.024933419	s3-eth13	2384	6551
1787823617.024933419	s3-eth14	2370	42836587
1787823617.024933419	s3-eth15	8189	507236121
1787823617.024933419	s3-eth16	2949	42405088
1787823617.024933419	s3-eth17	2415	5718
1787823617.024933419	s3-eth18	2106	42230840
1787823617.024933419	s3-eth19	1007277862	13763
1787823617.024933419	s3-eth2	26235	26165
1787823617.024933419	s3-eth20	192655114	5762
1787823617.024933419	s3-eth21	192636418	5829
1787823617.024933419	s3-eth22	192689813	5860
1787823617.024933419	s3-eth23	933369348	12568
1787823617.024933419	s3-eth24	192763297	5927
1787823617.024933419	s3-eth25	192768354	6393
1787823617.024933419	s3-eth26	192697179	5996
1787823617.024933419	s3-eth27	1723568337	13758
1787823617.024933419	s3-eth28	2943	5962
1787823617.024933419	s3-eth29	2890	5900
1787823617.024933419	s3-eth3	3773949	2502381733
1787823617.024933419	s3-eth30	2800	6040
1787823617.024933419	s3-eth31	894824149	12484
1787823617.024933419	s3-eth32	3051	6012
1787823617.024933419	s3-eth33	3750	6116
1787823617.024933419	s3-eth34	3164	6027
1787823617.024933419	s3-eth4	2280	46708361
1787823617.024933419	s3-eth5	2300	45859043
1787823617.024933419	s3-eth6	2300	45114971
1787823617.024933419	s3-eth7	9833	667747734
1787823617.024933419	s3-eth8	2367	44256750
1787823617.024933419	s3-eth9	2860	5940
1787823617.024933419	s4-eth1	7898459163	107488
1787823617.024933419	s4-eth10	2629	47420422
1787823617.024933419	s4-eth11	10357	963928766
1787823617.024933419	s4-eth12	2437	6024
1787823617.024933419	s4-eth13	2726	5979
1787823617.024933419	s4-eth14	1845	5854
1787823617.024933419	s4-eth15	8124	612347415
1787823617.024933419	s4-eth16	2187	46448731
1787823617.024933419	s4-eth17	2333	46043448
1787823617.024933419	s4-eth18	2669	45596575
1787823617.024933419	s4-eth19	10133	546938964
1787823617.024933419	s4-eth2	26235	23799
1787823617.024933419	s4-eth20	2222	105215794
1787823617.024933419	s4-eth21	2269	105057252
1787823617.024933419	s4-eth22	2280	104542631
1787823617.024933419	s4-eth23	8895	879997302
1787823617.024933419	s4-eth24	2344	103612507
1787823617.024933419	s4-eth25	2743	102897066
1787823617.024933419	s4-eth26	2186	102170561
1787823617.024933419	s4-eth27	9878	1218211118
1787823617.024933419	s4-eth28	2152	6221
1787823617.024933419	s4-eth29	2140	6197
1787823617.024933419	s4-eth3	10309	321615322
1787823617.024933419	s4-eth30	2140	6127
1787823617.024933419	s4-eth31	9037	856899276
1787823617.024933419	s4-eth32	2272	6340
1787823617.024933419	s4-eth33	2462	6045
1787823617.024933419	s4-eth34	2217	6111
1787823617.024933419	s4-eth4	2471	49153776
1787823617.024933419	s4-eth5	2109	48937472
1787823617.024933419	s4-eth6	2109	48842266
1787823617.024933419	s4-eth7	9358	823099537
1787823617.024933419	s4-eth8	2307	48016054
1787823617.024933419	s4-eth9	2117	47846215
1787823617.024933419	s5-eth1	11872787217	3869278
1787823617.024933419	s5-eth2	5130158493	4752306059
1787823617.024933419	s5-eth3	3872428	9516337308
1787823617.024933419	s5-eth4	27042	24029
1787823617.024933419	s6-eth1	541296888	26262
1787823617.024933419	s6-eth2	26262	149165014
1787823617.024933419	s6-eth3	26192	261607155
1787823617.024933419	s6-eth4	27097	26262
1787823617.024933419	s7-eth1	5343469059	5003711345
1787823617.024933419	s7-eth2	107515	7908083098
1787823617.024933419	s7-eth3	9113604970	3869992
1787823617.024933419	s7-eth4	26944	26192
1787823617.024933419	s8-eth1	26192	26262
1787823617.024933419	s8-eth2	23826	26262
1787823617.024933419	s8-eth3	26192	23959
1787823617.024933419	s8-eth4	26972	26192
1787823617.024933419	s9-eth1	9519577482	3872428
1787823617.024933419	s9-eth2	261607155	26192
1787823617.024933419	s9-eth3	3869992	9115244524
1787823617.024933419	s9-eth4	23959	26192
1787823625.013206061	s10-eth1	24029	27042
1787823625.013206061	s10-eth2	26262	27097
1787823625.013206061	s10-eth3	26192	26944
1787823625.013206061	s10-eth4	26192	26972
1787823625.013206061	s1-eth1	3869278	11893344369
1787823625.013206061	s1-eth10	4196	6510
1787823625.013206061	s1-eth11	1736443465	14121
1787823625.013206061	s1-eth12	195943535	6419
1787823625.013206061	s1-eth13	3052	6124
1787823625.013206061	s1-eth14	195979265	5950
1787823625.013206061	s1-eth15	715126020	11859
1787823625.013206061	s1-eth16	195924646	6367
1787823625.013206061	s1-eth17	4244	5956
1787823625.013206061	s1-eth18	196008191	5916
1787823625.013206061	s1-eth19	4372607888	13668
1787823625.013206061	s1-eth2	26262	541419458
1787823625.013206061	s1-eth20	196065362	5939
1787823625.013206061	s1-eth21	195186185	5941
1787823625.013206061	s1-eth22	3216	5758
1787823625.013206061	s1-eth23	894807251	12351
1787823625.013206061	s1-eth24	195144424	5958
1787823625.013206061	s1-eth25	3442	6034
1787823625.013206061	s1-eth26	192515712	5718
1787823625.013206061	s1-eth27	952755989	14340
1787823625.013206061	s1-eth28	3517	6114
1787823625.013206061	s1-eth29	3883	6169
1787823625.013206061	s1-eth3	4806799675	3777955
1787823625.013206061	s1-eth30	3125	5679
1787823625.013206061	s1-eth31	894808072	12504
1787823625.013206061	s1-eth32	193292927	5849
1787823625.013206061	s1-eth33	3201	5800
1787823625.013206061	s1-eth34	3451	5675
1787823625.013206061	s1-eth4	196390365	6216
1787823625.013206061	s1-eth5	196427591	5860
1787823625.013206061	s1-eth6	196444965	5950
1787823625.013206061	s1-eth7	934110003	13416
1787823625.013206061	s1-eth8	196466673	5927
1787823625.013206061	s1-eth9	3872	6149
1787823625.013206061	s2-eth1	4758399951	5166015265
1787823625.013206061	s2-eth10	196547582	6349
1787823625.013206061	s2-eth11	1739089516	14077
1787823625.013206061	s2-eth12	3756	5910
1787823625.013206061	s2-eth13	3597	6360
1787823625.013206061	s2-eth14	3819	5745
1787823625.013206061	s2-eth15	715285611	11774
1787823625.013206061	s2-eth16	196576261	6017
1787823625.013206061	s2-eth17	196743550	6073
1787823625.013206061	s2-eth18	196696485	6431
1787823625.013206061	s2-eth19	10137	2169578243
1787823625.013206061	s2-eth2	151904841	26289
1787823625.013206061	s2-eth20	2359	62623538
1787823625.013206061	s2-eth21	2540	58761784
1787823625.013206061	s2-eth22	2386	6352
1787823625.013206061	s2-eth23	8905	677449730
1787823625.013206061	s2-eth24	2497	56133173
1787823625.013206061	s2-eth25	2596	6352
1787823625.013206061	s2-eth26	2272	52643258
1787823625.013206061	s2-eth27	10994	735623669
1787823625.013206061	s2-eth28	2676	6463
1787823625.013206061	s2-eth29	2582	6139
1787823625.013206061	s2-eth3	1025821634	14209
1787823625.013206061	s2-eth30	2107	6082
1787823625.013206061	s2-eth31	8990	677627423
1787823625.013206061	s2-eth32	2199	52106876
1787823625.013206061	s2-eth33	2384	6073
1787823625.013206061	s2-eth34	2193	5993
1787823625.013206061	s2-eth4	197327568	6143
1787823625.013206061	s2-eth5	197428184	5939
1787823625.013206061	s2-eth6	197475728	5919
1787823625.013206061	s2-eth7	934290515	13101
1787823625.013206061	s2-eth8	197483374	6120
1787823625.013206061	s2-eth9	197480305	6017
1787823625.013206061	s3-eth1	5010278240	5389489074
1787823625.013206061	s3-eth10	2770	6010
1787823625.013206061	s3-eth11	10221	777645386
1787823625.013206061	s3-eth12	2586	44063675
1787823625.013206061	s3-eth13	2384	6551
1787823625.013206061	s3-eth14	2370	43792633
1787823625.013206061	s3-eth15	8189	507538941
1787823625.013206061	s3-eth16	2949	43345272
1787823625.013206061	s3-eth17	2415	5718
1787823625.013206061	s3-eth18	2106	43173908
1787823625.013206061	s3-eth19	1027967678	13763
1787823625.013206061	s3-eth2	26289	26219
1787823625.013206061	s3-eth20	197821800	5762
1787823625.013206061	s3-eth21	197807430	5829
1787823625.013206061	s3-eth22	197860825	5860
1787823625.013206061	s3-eth23	934401820	12568
1787823625.013206061	s3-eth24	197932867	5927
1787823625.013206061	s3-eth25	197936482	6393
1787823625.013206061	s3-eth26	197869633	5996
1787823625.013206061	s3-eth27	1744374955	13758
1787823625.013206061	s3-eth28	2943	5962
1787823625.013206061	s3-eth29	2890	5900
1787823625.013206061	s3-eth3	3773949	2503689627
1787823625.013206061	s3-eth30	2800	6040
1787823625.013206061	s3-eth31	894824149	12554
1787823625.013206061	s3-eth32	3051	6012
1787823625.013206061	s3-eth33	3750	6116
1787823625.013206061	s3-eth34	3164	6027
1787823625.013206061	s3-eth4	2280	47860519
1787823625.013206061	s3-eth5	2300	47008317
1787823625.013206061	s3-eth6	2300	46306063
1787823625.013206061	s3-eth7	9833	668080836
1787823625.013206061	s3-eth8	2367	45338250
1787823625.013206061	s3-eth9	2860	5940
1787823625.013206061	s4-eth1	7950074165	107542
1787823625.013206061	s4-eth10	2629	48424054
1787823625.013206061	s4-eth11	10357	966354210
1787823625.013206061	s4-eth12	2507	6024
1787823625.013206061	s4-eth13	2726	5979
1787823625.013206061	s4-eth14	1845	5854
1787823625.013206061	s4-eth15	8124	612619953
1787823625.013206061	s4-eth16	2187	47463969
1787823625.013206061	s4-eth17	2333	47032660
1787823625.013206061	s4-eth18	2669	46526665
1787823625.013206061	s4-eth19	10133	554205202
1787823625.013206061	s4-eth2	26289	23853
1787823625.013206061	s4-eth20	2222	107311020
1787823625.013206061	s4-eth21	2269	107055864
1787823625.013206061	s4-eth22	2280	106593155
1787823625.013206061	s4-eth23	8895	880386642
1787823625.013206061	s4-eth24	2344	105492875
1787823625.013206061	s4-eth25	2743	104855302
1787823625.013206061	s4-eth26	2186	104048045
1787823625.013206061	s4-eth27	9878	1224267518
1787823625.013206061	s4-eth28	2152	6221
1787823625.013206061	s4-eth29	2140	6197
1787823625.013206061	s4-eth3	10309	324094120
1787823625.013206061	s4-eth30	2140	6127
1787823625.013206061	s4-eth31	9037	856899276
1787823625.013206061	s4-eth32	2272	6340
1787823625.013206061	s4-eth33	2462	6045
1787823625.013206061	s4-eth34	2217	6111
1787823625.013206061	s4-eth4	2471	50089634
1787823625.013206061	s4-eth5	2109	49933894
1787823625.013206061	s4-eth6	2109	49809848
1787823625.013206061	s4-eth7	9358	823331699
1787823625.013206061	s4-eth8	2307	48999498
1787823625.013206061	s4-eth9	2117	48770537
1787823625.013206061	s5-eth1	11907007346	3869305
1787823625.013206061	s5-eth2	5197913774	4758534084
1787823625.013206061	s5-eth3	3872455	9585507191
1787823625.013206061	s5-eth4	27070	24056
1787823625.013206061	s6-eth1	575023853	26289
1787823625.013206061	s6-eth2	26289	161619595
1787823625.013206061	s6-eth3	26219	274686122
1787823625.013206061	s6-eth4	27125	26289
1787823625.013206061	s7-eth1	5409935192	5016686488
1787823625.013206061	s7-eth2	107542	7958799707
1787823625.013206061	s7-eth3	9178810795	3870019
1787823625.013206061	s7-eth4	26972	26219
1787823625.013206061	s8-eth1	26219	26289
1787823625.013206061	s8-eth2	23853	26289
1787823625.013206061	s8-eth3	26219	23986
1787823625.013206061	s8-eth4	27000	26219
1787823625.013206061	s9-eth1	9587615395	3872455
1787823625.013206061	s9-eth2	275395586	26219
1787823625.013206061	s9-eth3	3870019	9179934113
1787823625.013206061	s9-eth4	23986	26219
1787823632.763052143	s10-eth1	24083	27098
1787823632.763052143	s10-eth2	26316	27153
1787823632.763052143	s10-eth3	26246	27000
1787823632.763052143	s10-eth4	26246	27028
1787823632.763052143	s1-eth1	3869332	11907007373
1787823632.763052143	s1-eth10	4196	6510
1787823632.763052143	s1-eth11	1756518989	14121
1787823632.763052143	s1-eth12	200973231	6419
1787823632.763052143	s1-eth13	3052	6124
1787823632.763052143	s1-eth14	201027707	5950
1787823632.763052143	s1-eth15	716138304	11859
1787823632.763052143	s1-eth16	201006254	6367
1787823632.763052143	s1-eth17	4244	5956
1787823632.763052143	s1-eth18	201134501	5916
1787823632.763052143	s1-eth19	4393250118	13668
1787823632.763052143	s1-eth2	26316	599157165
1787823632.763052143	s1-eth20	201250794	5939
1787823632.763052143	s1-eth21	200393247	5941
1787823632.763052143	s1-eth22	3216	5758
1787823632.763052143	s1-eth23	894807251	12351
1787823632.763052143	s1-eth24	200364464	5958
1787823632.763052143	s1-eth25	3442	6034
1787823632.763052143	s1-eth26	197728542	5718
1787823632.763052143	s1-eth27	952755989	14340
1787823632.763052143	s1-eth28	3517	6114
1787823632.763052143	s1-eth29	3883	6169
1787823632.763052143	s1-eth3	4827919207	3777955
1787823632.763052143	s1-eth30	3125	5679
1787823632.763052143	s1-eth31	894808072	12504
1787823632.763052143	s1-eth32	198599487	5849
1787823632.763052143	s1-eth33	3201	5800
1787823632.763052143	s1-eth34	3451	5675
1787823632.763052143	s1-eth4	201683947	6216
1787823632.763052143	s1-eth5	201716847	5860
1787823632.763052143	s1-eth6	201738547	5950
1787823632.763052143	s1-eth7	935168431	13416
1787823632.763052143	s1-eth8	201754487	5927
1787823632.763052143	s1-eth9	3872	6149
1787823632.763052143	s2-eth1	4758534111	5235454829
1787823632.763052143	s2-eth10	201818092	6349
1787823632.763052143	s2-eth11	1760108108	14077
1787823632.763052143	s2-eth12	3756	5910
1787823632.763052143	s2-eth13	3597	6360
1787823632.763052143	s2-eth14	3819	5745
1787823632.763052143	s2-eth15	716332503	11774
1787823632.763052143	s2-eth16	201803511	6017
1787823632.763052143	s2-eth17	201949170	6073
1787823632.763052143	s2-eth18	201881917	6431
1787823632.763052143	s2-eth19	10137	2172354093
1787823632.763052143	s2-eth2	169100718	26316
1787823632.763052143	s2-eth20	2359	64439016
1787823632.763052143	s2-eth21	2540	60469112
1787823632.763052143	s2-eth22	2386	6352
1787823632.763052143	s2-eth23	8905	677449730
1787823632.763052143	s2-eth24	2497	57785705
1787823632.763052143	s2-eth25	2596	6352
1787823632.763052143	s2-eth26	2272	54242436
1787823632.763052143	s2-eth27	10994	735623669
1787823632.763052143	s2-eth28	2676	6463
1787823632.763052143	s2-eth29	2582	6139
1787823632.763052143	s2-eth3	1045963490	14209
1787823632.763052143	s2-eth30	2107	6082
1787823632.763052143	s2-eth31	8990	677627423
1787823632.763052143	s2-eth32	2199	53613766
1787823632.763052143	s2-eth33	2384	6073
1787823632.763052143	s2-eth34	2193	5993
1787823632.763052143	s2-eth4	202263534	6143
1787823632.763052143	s2-eth5	202368476	5939
1787823632.763052143	s2-eth6	202421788	5919
1787823632.763052143	s2-eth7	935282611	13101
1787823632.763052143	s2-eth8	202451064	6120
1787823632.763052143	s2-eth9	202458089	6017
1787823632.763052143	s3-eth1	5026737255	5452952963
1787823632.763052143	s3-eth10	2770	6010
1787823632.763052143	s3-eth11	10221	779411836
1787823632.763052143	s3-eth12	2586	45220159
1787823632.763052143	s3-eth13	2384	6551
1787823632.763052143	s3-eth14	2370	44914509
1787823632.763052143	s3-eth15	8189	507814363
1787823632.763052143	s3-eth16	2949	44537806
1787823632.763052143	s3-eth17	2415	5718
1787823632.763052143	s3-eth18	2106	44334718
1787823632.763052143	s3-eth19	1047319318	13763
1787823632.763052143	s3-eth2	26316	26246
1787823632.763052143	s3-eth20	202643848	5762
1787823632.763052143	s3-eth21	202636688	5829
1787823632.763052143	s3-eth22	202692967	5860
1787823632.763052143	s3-eth23	935369402	12568
1787823632.763052143	s3-eth24	202762125	5927
1787823632.763052143	s3-eth25	202775834	6393
1787823632.763052143	s3-eth26	202719079	5996
1787823632.763052143	s3-eth27	1763764087	13758
1787823632.763052143	s3-eth28	2943	5962
1787823632.763052143	s3-eth29	2890	5900
1787823632.763052143	s3-eth3	3773949	2505316203
1787823632.763052143	s3-eth30	2800	6040
1787823632.763052143	s3-eth31	894824149	12554
1787823632.763052143	s3-eth32	3051	6012
1787823632.763052143	s3-eth33	3750	6116
1787823632.763052143	s3-eth34	3164	6027
1787823632.763052143	s3-eth4	2280	48966533
1787823632.763052143	s3-eth5	2300	48066745
1787823632.763052143	s3-eth6	2300	47386121
1787823632.763052143	s3-eth7	9833	668356258
1787823632.763052143	s3-eth8	2367	46375048
1787823632.763052143	s3-eth9	2860	5940
1787823632.763052143	s4-eth1	8006886135	107596
1787823632.763052143	s4-eth10	2629	49382984
1787823632.763052143	s4-eth11	10357	969105546
1787823632.763052143	s4-eth12	2507	6024
1787823632.763052143	s4-eth13	2726	5979
1787823632.763052143	s4-eth14	1845	5854
1787823632.763052143	s4-eth15	8124	612849231
1787823632.763052143	s4-eth16	2187	48499325
1787823632.763052143	s4-eth17	2333	48062248
1787823632.763052143	s4-eth18	2669	47525971
1787823632.763052143	s4-eth19	10133	560766302
1787823632.763052143	s4-eth2	26343	23907
1787823632.763052143	s4-eth20	2222	109518722
1787823632.763052143	s4-eth21	2269	109270776
1787823632.763052143	s4-eth22	2280	108812393
1787823632.763052143	s4-eth23	8895	880861060
1787823632.763052143	s4-eth24	2344	107663085
1787823632.763052143	s4-eth25	2743	107024070
1787823632.763052143	s4-eth26	2186	106244211
1787823632.763052143	s4-eth27	9878	1230890624
1787823632.763052143	s4-eth28	2152	6221
1787823632.763052143	s4-eth29	2140	6197
1787823632.763052143	s4-eth3	10309	327174232
1787823632.763052143	s4-eth30	2140	6127
1787823632.763052143	s4-eth31	9037	856899276
1787823632.763052143	s4-eth32	2272	6340
1787823632.763052143	s4-eth33	2462	6045
1787823632.763052143	s4-eth34	2217	6111
1787823632.763052143	s4-eth4	2471	51272074
1787823632.763052143	s4-eth5	2109	51068748
1787823632.763052143	s4-eth6	2109	51036990
1787823632.763052143	s4-eth7	9358	823589817
1787823632.763052143	s4-eth8	2307	50145888
1787823632.763052143	s4-eth9	2117	49944325
1787823632.763052143	s5-eth1	11907007400	3869359
1787823632.763052143	s5-eth2	5270788182	4758534138
1787823632.763052143	s5-eth3	3872509	9642753203
1787823632.763052143	s5-eth4	27126	24110
1787823632.763052143	s6-eth1	646636484	26343
1787823632.763052143	s6-eth2	26343	179764335
1787823632.763052143	s6-eth3	26273	306978324
1787823632.763052143	s6-eth4	27181	26343
1787823632.763052143	s7-eth1	5470236802	5035638748
1787823632.763052143	s7-eth2	107596	8019957865
1787823632.763052143	s7-eth3	9253753031	3870073
1787823632.763052143	s7-eth4	27028	26273
1787823632.763052143	s8-eth1	26273	26343
1787823632.763052143	s8-eth2	23907	26343
1787823632.763052143	s8-eth3	26273	24040
1787823632.763052143	s8-eth4	27056	26273
1787823632.763052143	s9-eth1	9648831233	3872509
1787823632.763052143	s9-eth2	310834232	26273
1787823632.763052143	s9-eth3	3870073	9259989681
1787823632.763052143	s9-eth4	24040	26273
1787823641.368346671	s10-eth1	24110	27126
1787823641.368346671	s10-eth2	26343	27181
1787823641.368346671	s10-eth3	26273	27028
1787823641.368346671	s10-eth4	26273	27056
1787823641.368346671	s1-eth1	3869359	11907007400
1787823641.368346671	s1-eth10	4196	6510
1787823641.368346671	s1-eth11	1778724347	14121
1787823641.368346671	s1-eth12	206526373	6419
1787823641.368346671	s1-eth13	3052	6124
1787823641.368346671	s1-eth14	206582291	5950
1787823641.368346671	s1-eth15	717250086	11859
1787823641.368346671	s1-eth16	206550744	6367
1787823641.368346671	s1-eth17	4244	5956
1787823641.368346671	s1-eth18	206663129	5916
1787823641.368346671	s1-eth19	4415293972	13668
1787823641.368346671	s1-eth2	26370	688946233
1787823641.368346671	s1-eth20	206760676	5939
1787823641.368346671	s1-eth21	205903129	5941
1787823641.368346671	s1-eth22	3216	5758
1787823641.368346671	s1-eth23	894807251	12351
1787823641.368346671	s1-eth24	205891650	5958
1787823641.368346671	s1-eth25	3442	6034
1787823641.368346671	s1-eth26	203252844	5718
1787823641.368346671	s1-eth27	952755989	14340
1787823641.368346671	s1-eth28	3517	6114
1787823641.368346671	s1-eth29	3883	6169
1787823641.368346671	s1-eth3	4850023625	3777955
1787823641.368346671	s1-eth30	3125	5679
1787823641.368346671	s1-eth31	894808072	12504
1787823641.368346671	s1-eth32	204122347	5849
1787823641.368346671	s1-eth33	3201	5800
1787823641.368346671	s1-eth34	3451	5675
1787823641.368346671	s1-eth4	207188061	6216
1787823641.368346671	s1-eth5	207206541	5860
1787823641.368346671	s1-eth6	207210937	5950
1787823641.368346671	s1-eth7	936261467	13416
1787823641.368346671	s1-eth8	207196595	5927
1787823641.368346671	s1-eth9	3872	6149
1787823641.368346671	s2-eth1	4758534165	5309828917
1787823641.368346671	s2-eth10	207267410	6349
1787823641.368346671	s2-eth11	1781833280	14077
1787823641.368346671	s2-eth12	3756	5910
1787823641.368346671	s2-eth13	3597	6360
1787823641.368346671	s2-eth14	3819	5745
1787823641.368346671	s2-eth15	717411119	11774
1787823641.368346671	s2-eth16	207202359	6017
1787823641.368346671	s2-eth17	207350902	6073
1787823641.368346671	s2-eth18	207279323	6431
1787823641.368346671	s2-eth19	10137	2175911507
1787823641.368346671	s2-eth2	192883678	26370
1787823641.368346671	s2-eth20	2359	66669790
1787823641.368346671	s2-eth21	2540	62662394
1787823641.368346671	s2-eth22	2386	6352
1787823641.368346671	s2-eth23	8905	677449730
1787823641.368346671	s2-eth24	2497	59963125
1787823641.368346671	s2-eth25	2596	6352
1787823641.368346671	s2-eth26	2272	56334778
1787823641.368346671	s2-eth27	10994	735623669
1787823641.368346671	s2-eth28	2676	6463
1787823641.368346671	s2-eth29	2582	6139
1787823641.368346671	s2-eth3	1067570418	14209
1787823641.368346671	s2-eth30	2107	6082
1787823641.368346671	s2-eth31	8990	677627423
1787823641.368346671	s2-eth32	2199	55664290
1787823641.368346671	s2-eth33	2384	6073
1787823641.368346671	s2-eth34	2193	5993
1787823641.368346671	s2-eth4	207769090	6143
1787823641.368346671	s2-eth5	207875474	5939
1787823641.368346671	s2-eth6	207935996	5919
1787823641.368346671	s2-eth7	936385741	13101
1787823641.368346671	s2-eth8	207971040	6120
1787823641.368346671	s2-eth9	207975181	6017
1787823641.368346671	s3-eth1	5051265729	5508420989
1787823641.368346671	s3-eth10	2770	6010
1787823641.368346671	s3-eth11	10221	780924494
1787823641.368346671	s3-eth12	2586	46200719
1787823641.368346671	s3-eth13	2384	6551
1787823641.368346671	s3-eth14	2370	45882091
1787823641.368346671	s3-eth15	8189	508004707
1787823641.368346671	s3-eth16	2949	45454918
1787823641.368346671	s3-eth17	2415	5718
1787823641.368346671	s3-eth18	2106	45256156
1787823641.368346671	s3-eth19	1069834706	13763
1787823641.368346671	s3-eth2	26370	26300
1787823641.368346671	s3-eth20	208289278	5762
1787823641.368346671	s3-eth21	208274908	5829
1787823641.368346671	s3-eth22	208328303	5860
1787823641.368346671	s3-eth23	936497046	12568
1787823641.368346671	s3-eth24	208404671	5927
1787823641.368346671	s3-eth25	208389540	6393
1787823641.368346671	s3-eth26	208322691	5996
1787823641.368346671	s3-eth27	1786079037	13758
1787823641.368346671	s3-eth28	2943	5962
1787823641.368346671	s3-eth29	2890	5900
1787823641.368346671	s3-eth3	3773949	2506954315
1787823641.368346671	s3-eth30	2800	6040
1787823641.368346671	s3-eth31	894824149	12554
1787823641.368346671	s3-eth32	3051	6012
1787823641.368346671	s3-eth33	3750	6116
1787823641.368346671	s3-eth34	3164	6027
1787823641.368346671	s3-eth4	2280	49981701
1787823641.368346671	s3-eth5	2300	49053073
1787823641.368346671	s3-eth6	2300	48347935
1787823641.368346671	s3-eth7	9833	668558138
1787823641.368346671	s3-eth8	2367	47370028
1787823641.368346671	s3-eth9	2860	5940
1787823641.368346671	s4-eth1	8075059596	107623
1787823641.368346671	s4-eth10	2629	50705298
1787823641.368346671	s4-eth11	10357	972404842
1787823641.368346671	s4-eth12	2507	6024
1787823641.368346671	s4-eth13	2726	5979
1787823641.368346671	s4-eth14	1845	5854
1787823641.368346671	s4-eth15	8124	613107349
1787823641.368346671	s4-eth16	2187	49781263
1787823641.368346671	s4-eth17	2333	49315346
1787823641.368346671	s4-eth18	2669	48719947
1787823641.368346671	s4-eth19	10133	566365588
1787823641.368346671	s4-eth2	26370	23934
1787823641.368346671	s4-eth20	2222	111890812
1787823641.368346671	s4-eth21	2269	111648634
1787823641.368346671	s4-eth22	2280	111138339
1787823641.368346671	s4-eth23	8895	881354224
1787823641.368346671	s4-eth24	2344	109893859
1787823641.368346671	s4-eth25	2743	109337038
1787823641.368346671	s4-eth26	2186	108482195
1787823641.368346671	s4-eth27	9878	1236052984
1787823641.368346671	s4-eth28	2152	6221
1787823641.368346671	s4-eth29	2140	6197
1787823641.368346671	s4-eth3	10309	330115912
1787823641.368346671	s4-eth30	2140	6127
1787823641.368346671	s4-eth31	9037	856899276
1787823641.368346671	s4-eth32	2272	6340
1787823641.368346671	s4-eth33	2462	6045
1787823641.368346671	s4-eth34	2217	6111
1787823641.368346671	s4-eth4	2471	52464608
1787823641.368346671	s4-eth5	2109	52226674
1787823641.368346671	s4-eth6	2109	52177612
1787823641.368346671	s4-eth7	9358	823816211
1787823641.368346671	s4-eth8	2307	51266322
1787823641.368346671	s4-eth9	2117	51058991
1787823641.368346671	s5-eth1	11907007427	3869386
1787823641.368346671	s5-eth2	5335297521	4758534165
1787823641.368346671	s5-eth3	3872536	9698401452
1787823641.368346671	s5-eth4	27154	24137
1787823641.368346671	s6-eth1	724390593	26370
1787823641.368346671	s6-eth2	26370	201261698
1787823641.368346671	s6-eth3	26300	344709723
1787823641.368346671	s6-eth4	27209	26370
1787823641.368346671	s7-eth1	5520333351	5055969533
1787823641.368346671	s7-eth2	107623	8077022158
1787823641.368346671	s7-eth3	9321082922	3870100
1787823641.368346671	s7-eth4	27056	26300
1787823641.368346671	s8-eth1	26300	26370
1787823641.368346671	s8-eth2	23934	26370
1787823641.368346671	s8-eth3	26300	24067
1787823641.368346671	s8-eth4	27084	26300
1787823641.368346671	s9-eth1	9699761258	3872536
1787823641.368346671	s9-eth2	345458121	26300
1787823641.368346671	s9-eth3	3870100	9321841414
1787823641.368346671	s9-eth4	24067	26300
1787823648.165311815	s10-eth1	24164	27182
1787823648.165311815	s10-eth2	26397	27237
1787823648.165311815	s10-eth3	26327	27084
1787823648.165311815	s10-eth4	26327	27112
1787823648.165311815	s1-eth1	3869413	11916939950
1787823648.165311815	s1-eth10	4196	6510
1787823648.165311815	s1-eth11	1796165337	14121
1787823648.165311815	s1-eth12	210876887	6419
1787823648.165311815	s1-eth13	3052	6124
1787823648.165311815	s1-eth14	210929921	5950
1787823648.165311815	s1-eth15	718118170	11859
1787823648.165311815	s1-eth16	210902700	6367
1787823648.165311815	s1-eth17	4244	5956
1787823648.165311815	s1-eth18	211030947	5916
1787823648.165311815	s1-eth19	4432772454	13668
1787823648.165311815	s1-eth2	26397	740725596
1787823648.165311815	s1-eth20	211131378	5939
1787823648.165311815	s1-eth21	210281041	5941
1787823648.165311815	s1-eth22	3216	5758
1787823648.165311815	s1-eth23	894807251	12351
1787823648.165311815	s1-eth24	210288308	5958
1787823648.165311815	s1-eth25	3442	6034
1787823648.165311815	s1-eth26	207668248	5718
1787823648.165311815	s1-eth27	952755989	14340
1787823648.165311815	s1-eth28	3517	6114
1787823648.165311815	s1-eth29	3883	6169
1787823648.165311815	s1-eth3	4867864049	3777955
1787823648.165311815	s1-eth30	3125	5679
1787823648.165311815	s1-eth31	894808072	12504
1787823648.165311815	s1-eth32	208624271	5849
1787823648.165311815	s1-eth33	3201	5800
1787823648.165311815	s1-eth34	3451	5675
1787823648.165311815	s1-eth4	211720267	6216
1787823648.165311815	s1-eth5	211750283	5860
1787823648.165311815	s1-eth6	211766215	5950
1787823648.165311815	s1-eth7	937174253	13416
1787823648.165311815	s1-eth8	211777829	5927
1787823648.165311815	s1-eth9	3872	6149
1787823648.165311815	s2-eth1	4768794022	5374179636
1787823648.165311815	s2-eth10	211838550	6349
1787823648.165311815	s2-eth11	1800204360	14077
1787823648.165311815	s2-eth12	3756	5910
1787823648.165311815	s2-eth13	3597	6360
1787823648.165311815	s2-eth14	3819	5745
1787823648.165311815	s2-eth15	718342651	11774
1787823648.165311815	s2-eth16	211875881	6017
1787823648.165311815	s2-eth17	212037402	6073
1787823648.165311815	s2-eth18	211980243	6431
1787823648.165311815	s2-eth19	10137	2178942591
1787823648.165311815	s2-eth2	202726797	26397
1787823648.165311815	s2-eth20	2359	68718872
1787823648.165311815	s2-eth21	2540	64532668
1787823648.165311815	s2-eth22	2386	6352
1787823648.165311815	s2-eth23	8905	677449730
1787823648.165311815	s2-eth24	2497	61856471
1787823648.165311815	s2-eth25	2596	6352
1787823648.165311815	s2-eth26	2272	58180538
1787823648.165311815	s2-eth27	10994	735623669
1787823648.165311815	s2-eth28	2676	6463
1787823648.165311815	s2-eth29	2582	6139
1787823648.165311815	s2-eth3	1086777858	14209
1787823648.165311815	s2-eth30	2107	6082
1787823648.165311815	s2-eth31	8990	677627423
1787823648.165311815	s2-eth32	2199	57665786
1787823648.165311815	s2-eth33	2384	6073
1787823648.165311815	s2-eth34	2193	5993
1787823648.165311815	s2-eth4	212542110	6143
1787823648.165311815	s2-eth5	212651378	5939
1787823648.165311815	s2-eth6	212704690	5919
1787823648.165311815	s2-eth7	937337461	13101
1787823648.165311815	s2-eth8	212736850	6120
1787823648.165311815	s2-eth9	212739549	6017
1787823648.165311815	s3-eth1	5067766562	5564004348
1787823648.165311815	s3-eth10	2770	6010
1787823648.165311815	s3-eth11	10221	782395334
1787823648.165311815	s3-eth12	2586	47338457
1787823648.165311815	s3-eth13	2384	6551
1787823648.165311815	s3-eth14	2370	47119327
1787823648.165311815	s3-eth15	8189	508239753
1787823648.165311815	s3-eth16	2949	46705132
1787823648.165311815	s3-eth17	2415	5718
1787823648.165311815	s3-eth18	2106	46480414
1787823648.165311815	s3-eth19	1088895062	13763
1787823648.165311815	s3-eth2	26397	26327
1787823648.165311815	s3-eth20	213017596	5762
1787823648.165311815	s3-eth21	212984480	5829
1787823648.165311815	s3-eth22	213046527	5860
1787823648.165311815	s3-eth23	937440114	12568
1787823648.165311815	s3-eth24	213102707	5927
1787823648.165311815	s3-eth25	213087576	6393
1787823648.165311815	s3-eth26	213009191	5996
1787823648.165311815	s3-eth27	1804825037	13758
1787823648.165311815	s3-eth28	2943	5962
1787823648.165311815	s3-eth29	2890	5900
1787823648.165311815	s3-eth3	3773949	2508376127
1787823648.165311815	s3-eth30	2800	6040
1787823648.165311815	s3-eth31	894824149	12554
1787823648.165311815	s3-eth32	3051	6012
1787823648.165311815	s3-eth33	3750	6116
1787823648.165311815	s3-eth34	3164	6027
1787823648.165311815	s3-eth4	2280	50986775
1787823648.165311815	s3-eth5	2300	50071125
1787823648.165311815	s3-eth6	2300	49394827
1787823648.165311815	s3-eth7	9833	668757134
1787823648.165311815	s3-eth8	2367	48450086
1787823648.165311815	s3-eth9	2860	5940
1787823648.165311815	s4-eth1	8132025860	107677
1787823648.165311815	s4-eth10	2629	51556078
1787823648.165311815	s4-eth11	10357	974788468
1787823648.165311815	s4-eth12	2507	6024
1787823648.165311815	s4-eth13	2726	5979
1787823648.165311815	s4-eth14	1845	5854
1787823648.165311815	s4-eth15	8124	613280389
1787823648.165311815	s4-eth16	2187	50672419
1787823648.165311815	s4-eth17	2333	50206502
1787823648.165311815	s4-eth18	2669	49570727
1787823648.165311815	s4-eth19	10133	574861852
1787823648.165311815	s4-eth2	26424	23988
1787823648.165311815	s4-eth20	2222	114692618
1787823648.165311815	s4-eth21	2269	114472070
1787823648.165311815	s4-eth22	2280	113914189
1787823648.165311815	s4-eth23	8895	881933908
1787823648.165311815	s4-eth24	2344	112757671
1787823648.165311815	s4-eth25	2743	112177778
1787823648.165311815	s4-eth26	2186	111286885
1787823648.165311815	s4-eth27	9878	1244885234
1787823648.165311815	s4-eth28	2152	6221
1787823648.165311815	s4-eth29	2140	6197
1787823648.165311815	s4-eth3	10309	332779286
1787823648.165311815	s4-eth30	2140	6127
1787823648.165311815	s4-eth31	9037	856899276
1787823648.165311815	s4-eth32	2272	6340
1787823648.165311815	s4-eth33	2462	6045
1787823648.165311815	s4-eth34	2217	6111
1787823648.165311815	s4-eth4	2471	53430748
1787823648.165311815	s4-eth5	2109	53256262
1787823648.165311815	s4-eth6	2109	53188454
1787823648.165311815	s4-eth7	9358	824010881
1787823648.165311815	s4-eth8	2307	52269954
1787823648.165311815	s4-eth9	2117	52053971
1787823648.165311815	s5-eth1	11966722143	3869440
1787823648.165311815	s5-eth2	5406639083	4777254263
1787823648.165311815	s5-eth3	3872590	9756069943
1787823648.165311815	s5-eth4	27210	24191
1787823648.165311815	s6-eth1	740725623	26424
1787823648.165311815	s6-eth2	26424	202726824
1787823648.165311815	s6-eth3	26354	356430353
1787823648.165311815	s6-eth4	27265	26424
1787823648.165311815	s7-eth1	5579022805	5071185571
1787823648.165311815	s7-eth2	107677	8141678608
1787823648.165311815	s7-eth3	9363637838	3870154
1787823648.165311815	s7-eth4	27112	26354
1787823648.165311815	s8-eth1	26354	26424
1787823648.165311815	s8-eth2	23988	26424
1787823648.165311815	s8-eth3	26354	24121
1787823648.165311815	s8-eth4	27140	26354
1787823648.165311815	s9-eth1	9758033947	3872590
1787823648.165311815	s9-eth2	356430353	26354
1787823648.165311815	s9-eth3	3870154	9364379026
1787823648.165311815	s9-eth4	24121	26354
1787823656.105636506	s10-eth1	24191	27210
1787823656.105636506	s10-eth2	26424	27265
1787823656.105636506	s10-eth3	26354	27112
1787823656.105636506	s10-eth4	26354	27210
1787823656.105636506	s1-eth1	3869440	11987746503
1787823656.105636506	s1-eth10	4196	6510
1787823656.105636506	s1-eth11	1816386503	14121
1787823656.105636506	s1-eth12	215921003	6419
1787823656.105636506	s1-eth13	3052	6124
1787823656.105636506	s1-eth14	215959617	5950
1787823656.105636506	s1-eth15	719120360	11859
1787823656.105636506	s1-eth16	215894904	6367
1787823656.105636506	s1-eth17	4244	5956
1787823656.105636506	s1-eth18	215978449	5916
1787823656.105636506	s1-eth19	4452496130	13668
1787823656.105636506	s1-eth2	26424	740725623
1787823656.105636506	s1-eth20	216028410	5939
1787823656.105636506	s1-eth21	215150675	5941
1787823656.105636506	s1-eth22	3216	5758
1787823656.105636506	s1-eth23	894807251	12351
1787823656.105636506	s1-eth24	215113240	5958
1787823656.105636506	s1-eth25	3442	6034
1787823656.105636506	s1-eth26	212485970	5718
1787823656.105636506	s1-eth27	952755989	14340
1787823656.105636506	s1-eth28	3517	6114
1787823656.105636506	s1-eth29	3883	6169
1787823656.105636506	s1-eth3	4886995063	3777955
1787823656.105636506	s1-eth30	3125	5679
1787823656.105636506	s1-eth31	894808072	12504
1787823656.105636506	s1-eth32	213391523	5849
1787823656.105636506	s1-eth33	3201	5870
1787823656.105636506	s1-eth34	3451	5745
1787823656.105636506	s1-eth4	216525011	6216
1787823656.105636506	s1-eth5	216565121	5860
1787823656.105636506	s1-eth6	216605567	5950
1787823656.105636506	s1-eth7	938144719	13416
1787823656.105636506	s1-eth8	216643137	5927
1787823656.105636506	s1-eth9	3872	6149
1787823656.105636506	s2-eth1	4785417452	5436213088
1787823656.105636506	s2-eth10	216724046	6349
1787823656.105636506	s2-eth11	1819835748	14077
1787823656.105636506	s2-eth12	3756	5910
1787823656.105636506	s2-eth13	3597	6360
1787823656.105636506	s2-eth14	3819	5815
1787823656.105636506	s2-eth15	719328979	11774
1787823656.105636506	s2-eth16	216813289	6017
1787823656.105636506	s2-eth17	216983462	6073
1787823656.105636506	s2-eth18	216930629	6431
1787823656.105636506	s2-eth19	10137	2181079635
1787823656.105636506	s2-eth2	202726851	26451
1787823656.105636506	s2-eth20	2359	70579122
1787823656.105636506	s2-eth21	2540	66346704
1787823656.105636506	s2-eth22	2386	6352
1787823656.105636506	s2-eth23	8905	677449730
1787823656.105636506	s2-eth24	2497	63583987
1787823656.105636506	s2-eth25	2596	6352
1787823656.105636506	s2-eth26	2272	59840280
1787823656.105636506	s2-eth27	10994	735623669
1787823656.105636506	s2-eth28	2676	6463
1787823656.105636506	s2-eth29	2582	6139
1787823656.105636506	s2-eth3	1106713508	14209
1787823656.105636506	s2-eth30	2107	6082
1787823656.105636506	s2-eth31	8990	677627423
1787823656.105636506	s2-eth32	2199	59168350
1787823656.105636506	s2-eth33	2384	6073
1787823656.105636506	s2-eth34	2193	5993
1787823656.105636506	s2-eth4	217537198	6143
1787823656.105636506	s2-eth5	217643582	5939
1787823656.105636506	s2-eth6	217695452	5919
1787823656.105636506	s2-eth7	938336767	13101
1787823656.105636506	s2-eth8	217730496	6120
1787823656.105636506	s2-eth9	217731753	6017
1787823656.105636506	s3-eth1	5081242106	5616689314
1787823656.105636506	s3-eth10	2770	6010
1787823656.105636506	s3-eth11	10291	783361474
1787823656.105636506	s3-eth12	2586	48228171
1787823656.105636506	s3-eth13	2384	6551
1787823656.105636506	s3-eth14	2370	47996063
1787823656.105636506	s3-eth15	8189	508487777
1787823656.105636506	s3-eth16	2949	47542934
1787823656.105636506	s3-eth17	2415	5718
1787823656.105636506	s3-eth18	2106	47300912
1787823656.105636506	s3-eth19	1108262564	13763
1787823656.105636506	s3-eth2	26451	26381
1787823656.105636506	s3-eth20	217858390	5762
1787823656.105636506	s3-eth21	217835368	5829
1787823656.105636506	s3-eth22	217870017	5860
1787823656.105636506	s3-eth23	938400486	12568
1787823656.105636506	s3-eth24	217904567	5927
1787823656.105636506	s3-eth25	217885110	6393
1787823656.105636506	s3-eth26	217813935	5996
1787823656.105636506	s3-eth27	1824045455	13758
1787823656.105636506	s3-eth28	2943	5962
1787823656.105636506	s3-eth29	2890	5900
1787823656.105636506	s3-eth3	3773949	2509394179
1787823656.105636506	s3-eth30	2800	6040
1787823656.105636506	s3-eth31	894824149	12554
1787823656.105636506	s3-eth32	3051	6012
1787823656.105636506	s3-eth33	3750	6116
1787823656.105636506	s3-eth34	3164	6027
1787823656.105636506	s3-eth4	2280	51967335
1787823656.105636506	s3-eth5	2300	51037265
1787823656.105636506	s3-eth6	2370	50358083
1787823656.105636506	s3-eth7	9833	669059954
1787823656.105636506	s3-eth8	2367	49368640
1787823656.105636506	s3-eth9	2860	5940
1787823656.105636506	s4-eth1	8189972657	107704
1787823656.105636506	s4-eth10	2629	52712562
1787823656.105636506	s4-eth11	10357	976869274
1787823656.105636506	s4-eth12	2507	6024
1787823656.105636506	s4-eth13	2726	5979
1787823656.105636506	s4-eth14	1845	5854
1787823656.105636506	s4-eth15	8124	613552927
1787823656.105636506	s4-eth16	2187	51808715
1787823656.105636506	s4-eth17	2333	51380290
1787823656.105636506	s4-eth18	2669	50728653
1787823656.105636506	s4-eth19	10133	582192980
1787823656.105636506	s4-eth2	26451	24015
1787823656.105636506	s4-eth20	2292	117615552
1787823656.105636506	s4-eth21	2269	117422402
1787823656.105636506	s4-eth22	2280	116829913
1787823656.105636506	s4-eth23	8895	882578482
1787823656.105636506	s4-eth24	2344	115751263
1787823656.105636506	s4-eth25	2743	115200210
1787823656.105636506	s4-eth26	2186	114214145
1787823656.105636506	s4-eth27	9878	1252059184
1787823656.105636506	s4-eth28	2152	6221
1787823656.105636506	s4-eth29	2140	6197
1787823656.105636506	s4-eth3	10309	334792318
1787823656.105636506	s4-eth30	2140	6127
1787823656.105636506	s4-eth31	9037	856899276
1787823656.105636506	s4-eth32	2272	6340
1787823656.105636506	s4-eth33	2462	6045
1787823656.105636506	s4-eth34	2217	6111
1787823656.105636506	s4-eth4	2471	54655006
1787823656.105636506	s4-eth5	2109	54509430
1787823656.105636506	s4-eth6	2109	54471834
1787823656.105636506	s4-eth7	9358	824326679
1787823656.105636506	s4-eth8	2307	53585058
1787823656.105636506	s4-eth9	2117	53321489
1787823656.105636506	s5-eth1	12017562764	3869467
1787823656.105636506	s5-eth2	5454568306	4792187642
1787823656.105636506	s5-eth3	3872617	9810188230
1787823656.105636506	s5-eth4	27238	24218
1787823656.105636506	s6-eth1	740725650	26451
1787823656.105636506	s6-eth2	26451	202726851
1787823656.105636506	s6-eth3	26381	356430380
1787823656.105636506	s6-eth4	27293	26451
1787823656.105636506	s7-eth1	5629383240	5085498890
1787823656.105636506	s7-eth2	107704	8200509351
1787823656.105636506	s7-eth3	9403243837	3870181
1787823656.105636506	s7-eth4	27140	26381
1787823656.105636506	s8-eth1	26381	26451
1787823656.105636506	s8-eth2	24015	26451
1787823656.105636506	s8-eth3	26381	24148
1787823656.105636506	s8-eth4	27238	26381
1787823656.105636506	s9-eth1	9811800386	3872617
1787823656.105636506	s9-eth2	356430380	26381
1787823656.105636506	s9-eth3	3870181	9404592107
1787823656.105636506	s9-eth4	24148	26381
1787823663.195310508	s10-eth1	24245	27266
1787823663.195310508	s10-eth2	26478	27321
1787823663.195310508	s10-eth3	26408	27168
1787823663.195310508	s10-eth4	26408	27266
1787823663.195310508	s1-eth1	3882187	12026865311
1787823663.195310508	s1-eth10	4196	6510
1787823663.195310508	s1-eth11	1828246931	15088
1787823663.195310508	s1-eth12	218879521	7153
1787823663.195310508	s1-eth13	3052	6124
1787823663.195310508	s1-eth14	218879718	6686
1787823663.195310508	s1-eth15	719708227	12660
1787823663.195310508	s1-eth16	218878603	6445
1787823663.195310508	s1-eth17	4244	5956
1787823663.195310508	s1-eth18	218878212	6726
1787823663.195310508	s1-eth19	4466334403	14469
1787823663.195310508	s1-eth2	26478	740725677
1787823663.195310508	s1-eth20	218875824	6817
1787823663.195310508	s1-eth21	218879086	6674
1787823663.195310508	s1-eth22	3216	5758
1787823663.195310508	s1-eth23	894807251	12351
1787823663.195310508	s1-eth24	218879141	6691
1787823663.195310508	s1-eth25	3442	6034
1787823663.195310508	s1-eth26	216703820	5718
1787823663.195310508	s1-eth27	952755989	14340
1787823663.195310508	s1-eth28	3517	6114
1787823663.195310508	s1-eth29	3883	6169
1787823663.195310508	s1-eth3	4897191046	3778687
1787823663.195310508	s1-eth30	3125	5679
1787823663.195310508	s1-eth31	894808072	12504
1787823663.195310508	s1-eth32	217406051	5849
1787823663.195310508	s1-eth33	3201	5870
1787823663.195310508	s1-eth34	3451	5745
1787823663.195310508	s1-eth4	218879331	7161
1787823663.195310508	s1-eth5	218879509	6892
1787823663.195310508	s1-eth6	218878137	6985
1787823663.195310508	s1-eth7	938591271	14359
1787823663.195310508	s1-eth8	218879213	6662
1787823663.195310508	s1-eth9	3872	6149
1787823663.195310508	s2-eth1	4799319516	5457300263
1787823663.195310508	s2-eth10	218878017	7016
1787823663.195310508	s2-eth11	1828257933	14955
1787823663.195310508	s2-eth12	3756	5910
1787823663.195310508	s2-eth13	3597	6360
1787823663.195310508	s2-eth14	3819	5815
1787823663.195310508	s2-eth15	719720810	12505
1787823663.195310508	s2-eth16	218879151	6752
1787823663.195310508	s2-eth17	218877717	7016
1787823663.195310508	s2-eth18	218873908	7232
1787823663.195310508	s2-eth19	10938	2183292504
1787823663.195310508	s2-eth2	202726878	26478
1787823663.195310508	s2-eth20	3237	71021214
1787823663.195310508	s2-eth21	3273	67391553
1787823663.195310508	s2-eth22	2386	6352
1787823663.195310508	s2-eth23	8905	677449730
1787823663.195310508	s2-eth24	3230	64683630
1787823663.195310508	s2-eth25	2596	6352
1787823663.195310508	s2-eth26	2272	61471182
1787823663.195310508	s2-eth27	10994	735623669
1787823663.195310508	s2-eth28	2676	6463
1787823663.195310508	s2-eth29	2582	6139
1787823663.195310508	s2-eth3	1112416085	14943
1787823663.195310508	s2-eth30	2107	6082
1787823663.195310508	s2-eth31	8990	677627423
1787823663.195310508	s2-eth32	2199	60774738
1787823663.195310508	s2-eth33	2384	6073
1787823663.195310508	s2-eth34	2193	5993
1787823663.195310508	s2-eth4	218879167	7019
1787823663.195310508	s2-eth5	218878984	6671
1787823663.195310508	s2-eth6	218877359	6652
1787823663.195310508	s2-eth7	938574159	13832
1787823663.195310508	s2-eth8	218879379	6850
1787823663.195310508	s2-eth9	218876168	6750
1787823663.195310508	s3-eth1	5086364260	5631303163
1787823663.195310508	s3-eth10	2770	6010
1787823663.195310508	s3-eth11	11258	783737304
1787823663.195310508	s3-eth12	3320	48603933
1787823663.195310508	s3-eth13	2384	6551
1787823663.195310508	s3-eth14	3106	48357481
1787823663.195310508	s3-eth15	8990	508611186
1787823663.195310508	s3-eth16	3172	47932475
1787823663.195310508	s3-eth17	2415	5718
1787823663.195310508	s3-eth18	2916	47637669
1787823663.195310508	s3-eth19	1112386084	14707
1787823663.195310508	s3-eth2	26478	26408
1787823663.195310508	s3-eth20	218878724	6641
1787823663.195310508	s3-eth21	218878770	6564
1787823663.195310508	s3-eth22	218873112	6803
1787823663.195310508	s3-eth23	938598945	13511
1787823663.195310508	s3-eth24	218874498	6662
1787823663.195310508	s3-eth25	218879862	7194
1787823663.195310508	s3-eth26	218877526	6797
1787823663.195310508	s3-eth27	1828256936	14490
1787823663.195310508	s3-eth28	2943	5962
1787823663.195310508	s3-eth29	2890	5900
1787823663.195310508	s3-eth3	3774681	2509718029
1787823663.195310508	s3-eth30	2800	6040
1787823663.195310508	s3-eth31	894824149	12554
1787823663.195310508	s3-eth32	3051	6012
1787823663.195310508	s3-eth33	3750	6116
1787823663.195310508	s3-eth34	3164	6027
1787823663.195310508	s3-eth4	3303	52261037
1787823663.195310508	s3-eth5	3332	51317989
1787823663.195310508	s3-eth6	3405	50634415
1787823663.195310508	s3-eth7	10776	669135845
1787823663.195310508	s3-eth8	3102	49627600
1787823663.195310508	s3-eth9	2860	5940
1787823663.195310508	s4-eth1	8203647900	127460
1787823663.195310508	s4-eth10	3432	53026474
1787823663.195310508	s4-eth11	11235	977180209
1787823663.195310508	s4-eth12	2507	6024
1787823663.195310508	s4-eth13	2726	5979
1787823663.195310508	s4-eth14	1845	5854
1787823663.195310508	s4-eth15	9317	613636103
1787823663.195310508	s4-eth16	3458	52175901
1787823663.195310508	s4-eth17	3276	51665273
1787823663.195310508	s4-eth18	3470	51046731
1787823663.195310508	s4-eth19	11077	583643032
1787823663.195310508	s4-eth2	26478	24042
1787823663.195310508	s4-eth20	3171	118144164
1787823663.195310508	s4-eth21	3004	117956778
1787823663.195310508	s4-eth22	3223	117289374
1787823663.195310508	s4-eth23	9838	882670233
1787823663.195310508	s4-eth24	3079	116145769
1787823663.195310508	s4-eth25	3544	115607695
1787823663.195310508	s4-eth26	2987	114663444
1787823663.195310508	s4-eth27	10610	1253494815
1787823663.195310508	s4-eth28	2152	6221
1787823663.195310508	s4-eth29	2140	6197
1787823663.195310508	s4-eth3	11043	335003625
1787823663.195310508	s4-eth30	2140	6127
1787823663.195310508	s4-eth31	9037	856899276
1787823663.195310508	s4-eth32	2272	6340
1787823663.195310508	s4-eth33	2462	6045
1787823663.195310508	s4-eth34	2217	6111
1787823663.195310508	s4-eth4	3414	54849143
1787823663.195310508	s4-eth5	3304	54648845
1787823663.195310508	s4-eth6	2842	54589478
1787823663.195310508	s4-eth7	10156	824350588
1787823663.195310508	s4-eth8	3498	53697076
1787823663.195310508	s4-eth9	2850	53440575
1787823663.195310508	s5-eth1	12027284933	3882187
1787823663.195310508	s5-eth2	5457300263	4799642524
1787823663.195310508	s5-eth3	3894408	9813813873
1787823663.195310508	s5-eth4	27266	24245
1787823663.195310508	s6-eth1	740725677	26478
1787823663.195310508	s6-eth2	26478	202726878
1787823663.195310508	s6-eth3	26408	356430407
1787823663.195310508	s6-eth4	27321	26478
1787823663.195310508	s7-eth1	5631303163	5086364260
1787823663.195310508	s7-eth2	127460	8203647900
1787823663.195310508	s7-eth3	9405366514	3891972
1787823663.195310508	s7-eth4	27168	26408
1787823663.195310508	s8-eth1	26408	26478
1787823663.195310508	s8-eth2	24042	26478
1787823663.195310508	s8-eth3	26408	24175
1787823663.195310508	s8-eth4	27266	26408
1787823663.195310508	s9-eth1	9813813873	3894408
1787823663.195310508	s9-eth2	356430407	26408
1787823663.195310508	s9-eth3	3891972	9405366514
1787823663.195310508	s9-eth4	24175	26408
1787823665.584726811	s10-eth1	24245	27266
1787823665.584726811	s10-eth2	26478	27321
1787823665.584726811	s10-eth3	26408	27168
1787823665.584726811	s10-eth4	26408	27266
1787823665.584726811	s1-eth1	3882920	12029914539
1787823665.584726811	s1-eth10	4196	6510
1787823665.584726811	s1-eth11	1828246931	15088
1787823665.584726811	s1-eth12	218879521	7153
1787823665.584726811	s1-eth13	3052	6124
1787823665.584726811	s1-eth14	218879718	6686
1787823665.584726811	s1-eth15	719708227	12660
1787823665.584726811	s1-eth16	218878603	6445
1787823665.584726811	s1-eth17	4244	5956
1787823665.584726811	s1-eth18	218878212	6726
1787823665.584726811	s1-eth19	4466334403	14469
1787823665.584726811	s1-eth2	26478	740725677
1787823665.584726811	s1-eth20	218875824	6817
1787823665.584726811	s1-eth21	218879086	6674
1787823665.584726811	s1-eth22	3216	5758
1787823665.584726811	s1-eth23	894807251	12351
1787823665.584726811	s1-eth24	218879141	6691
1787823665.584726811	s1-eth25	3442	6034
1787823665.584726811	s1-eth26	218239550	5718
1787823665.584726811	s1-eth27	952755989	14340
1787823665.584726811	s1-eth28	3517	6114
1787823665.584726811	s1-eth29	3883	6169
1787823665.584726811	s1-eth3	4897191046	3778687
1787823665.584726811	s1-eth30	3125	5679
1787823665.584726811	s1-eth31	894808072	12504
1787823665.584726811	s1-eth32	218879173	6582
1787823665.584726811	s1-eth33	3201	5870
1787823665.584726811	s1-eth34	3451	5745
1787823665.584726811	s1-eth4	218879331	7161
1787823665.584726811	s1-eth5	218879509	6892
1787823665.584726811	s1-eth6	218878137	6985
1787823665.584726811	s1-eth7	938591271	14359
1787823665.584726811	s1-eth8	218879213	6662
1787823665.584726811	s1-eth9	3872	6149
1787823665.584726811	s2-eth1	4802312506	5457300996
1787823665.584726811	s2-eth10	218878017	7016
1787823665.584726811	s2-eth11	1828257933	14955
1787823665.584726811	s2-eth12	3756	5910
1787823665.584726811	s2-eth13	3597	6360
1787823665.584726811	s2-eth14	3819	5815
1787823665.584726811	s2-eth15	719720810	12505
1787823665.584726811	s2-eth16	218879151	6752
1787823665.584726811	s2-eth17	218877717	7016
1787823665.584726811	s2-eth18	218873908	7232
1787823665.584726811	s2-eth19	10938	2183292504
1787823665.584726811	s2-eth2	202726878	26478
1787823665.584726811	s2-eth20	3237	71021214
1787823665.584726811	s2-eth21	3273	67391553
1787823665.584726811	s2-eth22	2386	6352
1787823665.584726811	s2-eth23	8905	677449730
1787823665.584726811	s2-eth24	3230	64683630
1787823665.584726811	s2-eth25	2596	6352
1787823665.584726811	s2-eth26	2272	62996818
1787823665.584726811	s2-eth27	10994	735623669
1787823665.584726811	s2-eth28	2676	6463
1787823665.584726811	s2-eth29	2582	6139
1787823665.584726811	s2-eth3	1112416085	14943
1787823665.584726811	s2-eth30	2107	6082
1787823665.584726811	s2-eth31	8990	677627423
1787823665.584726811	s2-eth32	2932	62193064
1787823665.584726811	s2-eth33	2384	6073
1787823665.584726811	s2-eth34	2193	5993
1787823665.584726811	s2-eth4	218879167	7019
1787823665.584726811	s2-eth5	218878984	6671
1787823665.584726811	s2-eth6	218877359	6652
1787823665.584726811	s2-eth7	938574159	13832
1787823665.584726811	s2-eth8	218879379	6850
1787823665.584726811	s2-eth9	218876168	6750
1787823665.584726811	s3-eth1	5086364260	5631303163
1787823665.584726811	s3-eth10	2770	6010
1787823665.584726811	s3-eth11	11258	783737304
1787823665.584726811	s3-eth12	3320	48603933
1787823665.584726811	s3-eth13	2384	6551
1787823665.584726811	s3-eth14	3106	48357481
1787823665.584726811	s3-eth15	8990	508611186
1787823665.584726811	s3-eth16	3172	47932475
1787823665.584726811	s3-eth17	2415	5718
1787823665.584726811	s3-eth18	2916	47637669
1787823665.584726811	s3-eth19	1112386084	14707
1787823665.584726811	s3-eth2	26478	26408
1787823665.584726811	s3-eth20	218878724	6641
1787823665.584726811	s3-eth21	218878770	6564
1787823665.584726811	s3-eth22	218873112	6803
1787823665.584726811	s3-eth23	938598945	13511
1787823665.584726811	s3-eth24	218874498	6662
1787823665.584726811	s3-eth25	218879862	7194
1787823665.584726811	s3-eth26	218877526	6797
1787823665.584726811	s3-eth27	1828256936	14490
1787823665.584726811	s3-eth28	2943	5962
1787823665.584726811	s3-eth29	2890	5900
1787823665.584726811	s3-eth3	3774681	2509718029
1787823665.584726811	s3-eth30	2800	6040
1787823665.584726811	s3-eth31	894824149	12554
1787823665.584726811	s3-eth32	3051	6012
1787823665.584726811	s3-eth33	3750	6116
1787823665.584726811	s3-eth34	3164	6027
1787823665.584726811	s3-eth4	3303	52261037
1787823665.584726811	s3-eth5	3332	51317989
1787823665.584726811	s3-eth6	3405	50634415
1787823665.584726811	s3-eth7	10776	669135845
1787823665.584726811	s3-eth8	3102	49627600
1787823665.584726811	s3-eth9	2860	5940
1787823665.584726811	s4-eth1	8203647900	127460
1787823665.584726811	s4-eth10	3432	53026474
1787823665.584726811	s4-eth11	11235	977180209
1787823665.584726811	s4-eth12	2507	6024
1787823665.584726811	s4-eth13	2726	5979
1787823665.584726811	s4-eth14	1845	5854
1787823665.584726811	s4-eth15	9317	613636103
1787823665.584726811	s4-eth16	3458	52175901
1787823665.584726811	s4-eth17	3276	51665273
1787823665.584726811	s4-eth18	3470	51046731
1787823665.584726811	s4-eth19	11077	583643032
1787823665.584726811	s4-eth2	26478	24042
1787823665.584726811	s4-eth20	3171	118144164
1787823665.584726811	s4-eth21	3004	117956778
1787823665.584726811	s4-eth22	3223	117289374
1787823665.584726811	s4-eth23	9838	882670233
1787823665.584726811	s4-eth24	3079	116145769
1787823665.584726811	s4-eth25	3544	115607695
1787823665.584726811	s4-eth26	2987	114663444
1787823665.584726811	s4-eth27	10610	1253494815
1787823665.584726811	s4-eth28	2152	6221
1787823665.584726811	s4-eth29	2140	6197
1787823665.584726811	s4-eth3	11043	335003625
1787823665.584726811	s4-eth30	2140	6127
1787823665.584726811	s4-eth31	9037	856899276
1787823665.584726811	s4-eth32	2272	6340
1787823665.584726811	s4-eth33	2462	6045
1787823665.584726811	s4-eth34	2217	6111
1787823665.584726811	s4-eth4	3414	54849143
1787823665.584726811	s4-eth5	3304	54648845
1787823665.584726811	s4-eth6	2842	54589478
1787823665.584726811	s4-eth7	10156	824350588
1787823665.584726811	s4-eth8	3498	53697076
1787823665.584726811	s4-eth9	2850	53440575
1787823665.584726811	s5-eth1	12030096231	3882920
1787823665.584726811	s5-eth2	5457300996	4802452380
1787823665.584726811	s5-eth3	3894408	9813813873
1787823665.584726811	s5-eth4	27266	24245
1787823665.584726811	s6-eth1	740725677	26478
1787823665.584726811	s6-eth2	26478	202726878
1787823665.584726811	s6-eth3	26408	356430407
1787823665.584726811	s6-eth4	27321	26478
1787823665.584726811	s7-eth1	5631303163	5086364260
1787823665.584726811	s7-eth2	127460	8203647900
1787823665.584726811	s7-eth3	9405366514	3891972
1787823665.584726811	s7-eth4	27168	26408
1787823665.584726811	s8-eth1	26408	26478
1787823665.584726811	s8-eth2	24042	26478
1787823665.584726811	s8-eth3	26408	24175
1787823665.584726811	s8-eth4	27266	26408
1787823665.584726811	s9-eth1	9813813873	3894408
1787823665.584726811	s9-eth2	356430407	26408
1787823665.584726811	s9-eth3	3891972	9405366514
1787823665.584726811	s9-eth4	24175	26408
1787823667.950591824	s10-eth1	24272	27294
1787823667.950591824	s10-eth2	26505	27349
1787823667.950591824	s10-eth3	26435	27196
1787823667.950591824	s10-eth4	26435	27294
1787823667.950591824	s1-eth1	3883682	12030578725
1787823667.950591824	s1-eth10	4196	6510
1787823667.950591824	s1-eth11	1828246931	15088
1787823667.950591824	s1-eth12	218879521	7153
1787823667.950591824	s1-eth13	3052	6124
1787823667.950591824	s1-eth14	218879718	6686
1787823667.950591824	s1-eth15	719708227	12660
1787823667.950591824	s1-eth16	218878603	6445
1787823667.950591824	s1-eth17	4244	5956
1787823667.950591824	s1-eth18	218878212	6726
1787823667.950591824	s1-eth19	4466334403	14469
1787823667.950591824	s1-eth2	26505	740725704
1787823667.950591824	s1-eth20	218875824	6817
1787823667.950591824	s1-eth21	218879086	6674
1787823667.950591824	s1-eth22	3216	5758
1787823667.950591824	s1-eth23	894807251	12351
1787823667.950591824	s1-eth24	218879141	6691
1787823667.950591824	s1-eth25	3442	6034
1787823667.950591824	s1-eth26	218879195	6453
1787823667.950591824	s1-eth27	952755989	14340
1787823667.950591824	s1-eth28	3517	6114
1787823667.950591824	s1-eth29	3883	6169
1787823667.950591824	s1-eth3	4897191046	3778687
1787823667.950591824	s1-eth30	3125	5679
1787823667.950591824	s1-eth31	894808072	12504
1787823667.950591824	s1-eth32	218879173	6582
1787823667.950591824	s1-eth33	3201	5870
1787823667.950591824	s1-eth34	3451	5745
1787823667.950591824	s1-eth4	218879331	7161
1787823667.950591824	s1-eth5	218879509	6892
1787823667.950591824	s1-eth6	218878137	6985
1787823667.950591824	s1-eth7	938591271	14359
1787823667.950591824	s1-eth8	218879213	6662
1787823667.950591824	s1-eth9	3872	6149
1787823667.950591824	s2-eth1	4802931990	5457301758
1787823667.950591824	s2-eth10	218878017	7016
1787823667.950591824	s2-eth11	1828257933	14955
1787823667.950591824	s2-eth12	3756	5910
1787823667.950591824	s2-eth13	3597	6360
1787823667.950591824	s2-eth14	3819	5815
1787823667.950591824	s2-eth15	719720810	12505
1787823667.950591824	s2-eth16	218879151	6752
1787823667.950591824	s2-eth17	218877717	7016
1787823667.950591824	s2-eth18	218873908	7232
1787823667.950591824	s2-eth19	10938	2183292504
1787823667.950591824	s2-eth2	202726905	26505
1787823667.950591824	s2-eth20	3237	71021214
1787823667.950591824	s2-eth21	3273	67391553
1787823667.950591824	s2-eth22	2386	6352
1787823667.950591824	s2-eth23	8905	677449730
1787823667.950591824	s2-eth24	3230	64683630
1787823667.950591824	s2-eth25	2596	6352
1787823667.950591824	s2-eth26	3007	63593203
1787823667.950591824	s2-eth27	10994	735623669
1787823667.950591824	s2-eth28	2676	6463
1787823667.950591824	s2-eth29	2582	6139
1787823667.950591824	s2-eth3	1112416085	14943
1787823667.950591824	s2-eth30	2107	6082
1787823667.950591824	s2-eth31	8990	677627423
1787823667.950591824	s2-eth32	2932	62193064
1787823667.950591824	s2-eth33	2384	6073
1787823667.950591824	s2-eth34	2193	5993
1787823667.950591824	s2-eth4	218879167	7019
1787823667.950591824	s2-eth5	218878984	6671
1787823667.950591824	s2-eth6	218877359	6652
1787823667.950591824	s2-eth7	938574159	13832
1787823667.950591824	s2-eth8	218879379	6850
1787823667.950591824	s2-eth9	218876168	6750
1787823667.950591824	s3-eth1	5086364287	5631303190
1787823667.950591824	s3-eth10	2770	6010
1787823667.950591824	s3-eth11	11258	783737304
1787823667.950591824	s3-eth12	3320	48603933
1787823667.950591824	s3-eth13	2384	6551
1787823667.950591824	s3-eth14	3106	48357481
1787823667.950591824	s3-eth15	8990	508611186
1787823667.950591824	s3-eth16	3172	47932475
1787823667.950591824	s3-eth17	2415	5718
1787823667.950591824	s3-eth18	2916	47637669
1787823667.950591824	s3-eth19	1112386084	14707
1787823667.950591824	s3-eth2	26505	26435
1787823667.950591824	s3-eth20	218878724	6641
1787823667.950591824	s3-eth21	218878770	6564
1787823667.950591824	s3-eth22	218873112	6803
1787823667.950591824	s3-eth23	938598945	13511
1787823667.950591824	s3-eth24	218874498	6662
1787823667.950591824	s3-eth25	218879862	7194
1787823667.950591824	s3-eth26	218877526	6797
1787823667.950591824	s3-eth27	1828256936	14490
1787823667.950591824	s3-eth28	2943	5962
1787823667.950591824	s3-eth29	2890	5900
1787823667.950591824	s3-eth3	3774681	2509718029
1787823667.950591824	s3-eth30	2800	6040
1787823667.950591824	s3-eth31	894824149	12554
1787823667.950591824	s3-eth32	3051	6012
1787823667.950591824	s3-eth33	3750	6116
1787823667.950591824	s3-eth34	3164	6027
1787823667.950591824	s3-eth4	3303	52261037
1787823667.950591824	s3-eth5	3332	51317989
1787823667.950591824	s3-eth6	3405	50634415
1787823667.950591824	s3-eth7	10776	669135845
1787823667.950591824	s3-eth8	3102	49627600
1787823667.950591824	s3-eth9	2860	5940
1787823667.950591824	s4-eth1	8203647927	127487
1787823667.950591824	s4-eth10	3432	53026474
1787823667.950591824	s4-eth11	11235	977180209
1787823667.950591824	s4-eth12	2507	6024
1787823667.950591824	s4-eth13	2726	5979
1787823667.950591824	s4-eth14	1845	5854
1787823667.950591824	s4-eth15	9317	613636103
1787823667.950591824	s4-eth16	3458	52175901
1787823667.950591824	s4-eth17	3276	51665273
1787823667.950591824	s4-eth18	3470	51046731
1787823667.950591824	s4-eth19	11077	583643032
1787823667.950591824	s4-eth2	26505	24069
1787823667.950591824	s4-eth20	3171	118144164
1787823667.950591824	s4-eth21	3004	117956778
1787823667.950591824	s4-eth22	3223	117289374
1787823667.950591824	s4-eth23	9838	882670233
1787823667.950591824	s4-eth24	3079	116145769
1787823667.950591824	s4-eth25	3544	115607695
1787823667.950591824	s4-eth26	2987	114663444
1787823667.950591824	s4-eth27	10610	1253494815
1787823667.950591824	s4-eth28	2152	6221
1787823667.950591824	s4-eth29	2140	6197
1787823667.950591824	s4-eth3	11043	335003625
1787823667.950591824	s4-eth30	2140	6127
1787823667.950591824	s4-eth31	9037	856899276
1787823667.950591824	s4-eth32	2272	6340
1787823667.950591824	s4-eth33	2462	6045
1787823667.950591824	s4-eth34	2217	6111
1787823667.950591824	s4-eth4	3414	54849143
1787823667.950591824	s4-eth5	3304	54648845
1787823667.950591824	s4-eth6	2842	54589478
1787823667.950591824	s4-eth7	10156	824350588
1787823667.950591824	s4-eth8	3498	53697076
1787823667.950591824	s4-eth9	2850	53440575
1787823667.950591824	s5-eth1	12030578725	3883682
1787823667.950591824	s5-eth2	5457301758	4802931990
1787823667.950591824	s5-eth3	3894435	9813813900
1787823667.950591824	s5-eth4	27294	24272
1787823667.950591824	s6-eth1	740725704	26505
1787823667.950591824	s6-eth2	26505	202726905
1787823667.950591824	s6-eth3	26435	356430434
1787823667.950591824	s6-eth4	27349	26505
1787823667.950591824	s7-eth1	5631303190	5086364287
1787823667.950591824	s7-eth2	127487	8203647927
1787823667.950591824	s7-eth3	9405366541	3891999
1787823667.950591824	s7-eth4	27196	26435
1787823667.950591824	s8-eth1	26435	26505
1787823667.950591824	s8-eth2	24069	26505
1787823667.950591824	s8-eth3	26435	24202
1787823667.950591824	s8-eth4	27294	26435
1787823667.950591824	s9-eth1	9813813900	3894435
1787823667.950591824	s9-eth2	356430434	26435
1787823667.950591824	s9-eth3	3891999	9405366541
1787823667.950591824	s9-eth4	24202	26435
1787823670.566223478	s10-eth1	24272	27294
1787823670.566223478	s10-eth2	26505	27349
1787823670.566223478	s10-eth3	26435	27196
1787823670.566223478	s10-eth4	26435	27294
1787823670.566223478	s1-eth1	3883682	12030578725
1787823670.566223478	s1-eth10	4196	6510
1787823670.566223478	s1-eth11	1828246931	15088
1787823670.566223478	s1-eth12	218879521	7153
1787823670.566223478	s1-eth13	3052	6124
1787823670.566223478	s1-eth14	218879718	6686
1787823670.566223478	s1-eth15	719708227	12660
1787823670.566223478	s1-eth16	218878603	6445
1787823670.566223478	s1-eth17	4244	5956
1787823670.566223478	s1-eth18	218878212	6726
1787823670.566223478	s1-eth19	4466334403	14469
1787823670.566223478	s1-eth2	26505	740725704
1787823670.566223478	s1-eth20	218875824	6817
1787823670.566223478	s1-eth21	218879086	6674
1787823670.566223478	s1-eth22	3216	5758
1787823670.566223478	s1-eth23	894807251	12351
1787823670.566223478	s1-eth24	218879141	6691
1787823670.566223478	s1-eth25	3442	6034
1787823670.566223478	s1-eth26	218879195	6453
1787823670.566223478	s1-eth27	952755989	14340
1787823670.566223478	s1-eth28	3517	6114
1787823670.566223478	s1-eth29	3883	6169
1787823670.566223478	s1-eth3	4897191046	3778687
1787823670.566223478	s1-eth30	3125	5679
1787823670.566223478	s1-eth31	894808072	12504
1787823670.566223478	s1-eth32	218879173	6582
1787823670.566223478	s1-eth33	3201	5870
1787823670.566223478	s1-eth34	3451	5745
1787823670.566223478	s1-eth4	218879331	7161
1787823670.566223478	s1-eth5	218879509	6892
1787823670.566223478	s1-eth6	218878137	6985
1787823670.566223478	s1-eth7	938591271	14359
1787823670.566223478	s1-eth8	218879213	6662
1787823670.566223478	s1-eth9	3872	6149
1787823670.566223478	s2-eth1	4802931990	5457301758
1787823670.566223478	s2-eth10	218878017	7016
1787823670.566223478	s2-eth11	1828257933	14955
1787823670.566223478	s2-eth12	3756	5910
1787823670.566223478	s2-eth13	3597	6360
1787823670.566223478	s2-eth14	3819	5815
1787823670.566223478	s2-eth15	719720810	12505
1787823670.566223478	s2-eth16	218879151	6752
1787823670.566223478	s2-eth17	218877717	7016
1787823670.566223478	s2-eth18	218873908	7232
1787823670.566223478	s2-eth19	10938	2183292504
1787823670.566223478	s2-eth2	202726905	26505
1787823670.566223478	s2-eth20	3237	71021214
1787823670.566223478	s2-eth21	3273	67391553
1787823670.566223478	s2-eth22	2386	6352
1787823670.566223478	s2-eth23	8905	677449730
1787823670.566223478	s2-eth24	3230	64683630
1787823670.566223478	s2-eth25	2596	6352
1787823670.566223478	s2-eth26	3007	63593203
1787823670.566223478	s2-eth27	10994	735623669
1787823670.566223478	s2-eth28	2676	6463
1787823670.566223478	s2-eth29	2582	6139
1787823670.566223478	s2-eth3	1112416085	14943
1787823670.566223478	s2-eth30	2107	6082
1787823670.566223478	s2-eth31	8990	677627423
1787823670.566223478	s2-eth32	2932	62193064
1787823670.566223478	s2-eth33	2384	6073
1787823670.566223478	s2-eth34	2193	5993
1787823670.566223478	s2-eth4	218879167	7019
1787823670.566223478	s2-eth5	218878984	6671
1787823670.566223478	s2-eth6	218877359	6652
1787823670.566223478	s2-eth7	938574159	13832
1787823670.566223478	s2-eth8	218879379	6850
1787823670.566223478	s2-eth9	218876168	6750
1787823670.566223478	s3-eth1	5086364287	5631303190
1787823670.566223478	s3-eth10	2770	6010
1787823670.566223478	s3-eth11	11258	783737304
1787823670.566223478	s3-eth12	3320	48603933
1787823670.566223478	s3-eth13	2384	6551
1787823670.566223478	s3-eth14	3106	48357481
1787823670.566223478	s3-eth15	8990	508611186
1787823670.566223478	s3-eth16	3172	47932475
1787823670.566223478	s3-eth17	2415	5718
1787823670.566223478	s3-eth18	2916	47637669
1787823670.566223478	s3-eth19	1112386084	14707
1787823670.566223478	s3-eth2	26505	26435
1787823670.566223478	s3-eth20	218878724	6641
1787823670.566223478	s3-eth21	218878770	6564
1787823670.566223478	s3-eth22	218873112	6803
1787823670.566223478	s3-eth23	938598945	13511
1787823670.566223478	s3-eth24	218874498	6662
1787823670.566223478	s3-eth25	218879862	7194
1787823670.566223478	s3-eth26	218877526	6797
1787823670.566223478	s3-eth27	1828256936	14490
1787823670.566223478	s3-eth28	2943	5962
1787823670.566223478	s3-eth29	2890	5900
1787823670.566223478	s3-eth3	3774681	2509718029
1787823670.566223478	s3-eth30	2800	6040
1787823670.566223478	s3-eth31	894824149	12554
1787823670.566223478	s3-eth32	3051	6012
1787823670.566223478	s3-eth33	3750	6116
1787823670.566223478	s3-eth34	3164	6027
1787823670.566223478	s3-eth4	3303	52261037
1787823670.566223478	s3-eth5	3332	51317989
1787823670.566223478	s3-eth6	3405	50634415
1787823670.566223478	s3-eth7	10776	669135845
1787823670.566223478	s3-eth8	3102	49627600
1787823670.566223478	s3-eth9	2860	5940
1787823670.566223478	s4-eth1	8203647927	127487
1787823670.566223478	s4-eth10	3432	53026474
1787823670.566223478	s4-eth11	11235	977180209
1787823670.566223478	s4-eth12	2507	6024
1787823670.566223478	s4-eth13	2726	5979
1787823670.566223478	s4-eth14	1845	5854
1787823670.566223478	s4-eth15	9317	613636103
1787823670.566223478	s4-eth16	3458	52175901
1787823670.566223478	s4-eth17	3276	51665273
1787823670.566223478	s4-eth18	3470	51046731
1787823670.566223478	s4-eth19	11077	583643032
1787823670.566223478	s4-eth2	26505	24069
1787823670.566223478	s4-eth20	3171	118144164
1787823670.566223478	s4-eth21	3004	117956778
1787823670.566223478	s4-eth22	3223	117289374
1787823670.566223478	s4-eth23	9838	882670233
1787823670.566223478	s4-eth24	3079	116145769
1787823670.566223478	s4-eth25	3544	115607695
1787823670.566223478	s4-eth26	2987	114663444
1787823670.566223478	s4-eth27	10610	1253494815
1787823670.566223478	s4-eth28	2152	6221
1787823670.566223478	s4-eth29	2140	6197
1787823670.566223478	s4-eth3	11043	335003625
1787823670.566223478	s4-eth30	2140	6127
1787823670.566223478	s4-eth31	9037	856899276
1787823670.566223478	s4-eth32	2272	6340
1787823670.566223478	s4-eth33	2462	6045
1787823670.566223478	s4-eth34	2217	6111
1787823670.566223478	s4-eth4	3414	54849143
1787823670.566223478	s4-eth5	3304	54648845
1787823670.566223478	s4-eth6	2842	54589478
1787823670.566223478	s4-eth7	10156	824350588
1787823670.566223478	s4-eth8	3498	53697076
1787823670.566223478	s4-eth9	2850	53440575
1787823670.566223478	s5-eth1	12030578725	3883682
1787823670.566223478	s5-eth2	5457301758	4802931990
1787823670.566223478	s5-eth3	3894435	9813813900
1787823670.566223478	s5-eth4	27294	24272
1787823670.566223478	s6-eth1	740725704	26505
1787823670.566223478	s6-eth2	26505	202726905
1787823670.566223478	s6-eth3	26435	356430434
1787823670.566223478	s6-eth4	27349	26505
1787823670.566223478	s7-eth1	5631303190	5086364287
1787823670.566223478	s7-eth2	127487	8203647927
1787823670.566223478	s7-eth3	9405366541	3891999
1787823670.566223478	s7-eth4	27196	26435
1787823670.566223478	s8-eth1	26435	26505
1787823670.566223478	s8-eth2	24069	26505
1787823670.566223478	s8-eth3	26435	24202
1787823670.566223478	s8-eth4	27294	26435
1787823670.566223478	s9-eth1	9813813900	3894435
1787823670.566223478	s9-eth2	356430434	26435
1787823670.566223478	s9-eth3	3891999	9405366541
1787823670.566223478	s9-eth4	24202	26435
