ts	iface	rx_bytes	tx_bytes
1787644384.872048477	s10-eth1	11987	454734
1787644384.872048477	s10-eth2	11987	10221
1787644384.872048477	s10-eth3	673835	195191
1787644384.872048477	s10-eth4	11987	45628
1787644384.872048477	s1-eth1	414701	2010465919
1787644384.872048477	s1-eth10	70184041	17726
1787644384.872048477	s1-eth11	217592393	19725
1787644384.872048477	s1-eth12	70182388	17893
1787644384.872048477	s1-eth13	76611484	19076
1787644384.872048477	s1-eth14	70181863	17894
1787644384.872048477	s1-eth15	33372179	20581
1787644384.872048477	s1-eth16	50876752	16898
1787644384.872048477	s1-eth17	76628004	18292
1787644384.872048477	s1-eth18	70186718	17549
1787644384.872048477	s1-eth19	229163549	17784
1787644384.872048477	s1-eth2	21152	11987
1787644384.872048477	s1-eth20	70190152	16746
1787644384.872048477	s1-eth21	63754867	17355
1787644384.872048477	s1-eth22	70176529	16880
1787644384.872048477	s1-eth23	33372168	19372
1787644384.872048477	s1-eth24	66965690	15928
1787644384.872048477	s1-eth25	38000545	15875
1787644384.872048477	s1-eth26	50873838	15379
1787644384.872048477	s1-eth27	217601177	17767
1787644384.872048477	s1-eth28	50870455	15464
1787644384.872048477	s1-eth29	57315517	17534
1787644384.872048477	s1-eth3	345052048	19703
1787644384.872048477	s1-eth30	57314683	15556
1787644384.872048477	s1-eth31	30796854	18081
1787644384.872048477	s1-eth32	70187909	16731
1787644384.872048477	s1-eth33	57318346	17482
1787644384.872048477	s1-eth34	50875308	15353
1787644384.872048477	s1-eth4	70184840	18629
1787644384.872048477	s1-eth5	76617581	19771
1787644384.872048477	s1-eth6	70177558	18608
1787644384.872048477	s1-eth7	33366319	20512
1787644384.872048477	s1-eth8	70186433	19076
1787644384.872048477	s1-eth9	76614389	19326
1787644384.872048477	s2-eth1	817147893	1228765092
1787644384.872048477	s2-eth10	70185294	17764
1787644384.872048477	s2-eth11	294817457	19517
1787644384.872048477	s2-eth12	70186569	17856
1787644384.872048477	s2-eth13	76627604	18500
1787644384.872048477	s2-eth14	70187528	17298
1787644384.872048477	s2-eth15	33373894	19857
1787644384.872048477	s2-eth16	63754726	16361
1787644384.872048477	s2-eth17	76626331	18564
1787644384.872048477	s2-eth18	57313731	16204
1787644384.872048477	s2-eth19	14893	165362571
1787644384.872048477	s2-eth2	9754	1382796
1787644384.872048477	s2-eth20	13479	36289633
1787644384.872048477	s2-eth21	13975	36530448
1787644384.872048477	s2-eth22	13343	35509688
1787644384.872048477	s2-eth23	16304	25075747
1787644384.872048477	s2-eth24	12555	33373296
1787644384.872048477	s2-eth25	12949	30922764
1787644384.872048477	s2-eth26	12582	28168523
1787644384.872048477	s2-eth27	14794	108728477
1787644384.872048477	s2-eth28	12824	27745086
1787644384.872048477	s2-eth29	14491	38154668
1787644384.872048477	s2-eth3	309008594	19599
1787644384.872048477	s2-eth30	12778	30347750
1787644384.872048477	s2-eth31	14708	24083804
1787644384.872048477	s2-eth32	13868	34355592
1787644384.872048477	s2-eth33	14372	37209655
1787644384.872048477	s2-eth34	12313	27739896
1787644384.872048477	s2-eth4	66938902	16455
1787644384.872048477	s2-eth5	76608233	18835
1787644384.872048477	s2-eth6	70180983	16892
1787644384.872048477	s2-eth7	28864838	18566
1787644384.872048477	s2-eth8	70171821	17196
1787644384.872048477	s2-eth9	76612496	18770
1787644384.872048477	s3-eth1	796431019	1106621740
1787644384.872048477	s3-eth10	15247	30882005
1787644384.872048477	s3-eth11	16325	107935092
1787644384.872048477	s3-eth12	15615	30740508
1787644384.872048477	s3-eth13	16493	34952831
1787644384.872048477	s3-eth14	14979	30455218
1787644384.872048477	s3-eth15	17863	23876603
1787644384.872048477	s3-eth16	13506	28745474
1787644384.872048477	s3-eth17	15664	44718400
1787644384.872048477	s3-eth18	14302	30197367
1787644384.872048477	s3-eth19	296126916	18321
1787644384.872048477	s3-eth2	8312888	11987
1787644384.872048477	s3-eth20	63743432	16089
1787644384.872048477	s3-eth21	76626321	18261
1787644384.872048477	s3-eth22	66957942	16125
1787644384.872048477	s3-eth23	30150545	17976
1787644384.872048477	s3-eth24	44437054	14887
1787644384.872048477	s3-eth25	76630483	18118
1787644384.872048477	s3-eth26	70188391	16792
1787644384.872048477	s3-eth27	178977723	16548
1787644384.872048477	s3-eth28	70191163	16636
1787644384.872048477	s3-eth29	76611023	17892
1787644384.872048477	s3-eth3	16330	161395852
1787644384.872048477	s3-eth30	54090982	14894
1787644384.872048477	s3-eth31	25130965	17553
1787644384.872048477	s3-eth32	48297169	15932
1787644384.872048477	s3-eth33	76619582	17829
1787644384.872048477	s3-eth34	38000129	14977
1787644384.872048477	s3-eth4	15196	31930291
1787644384.872048477	s3-eth5	17092	36251112
1787644384.872048477	s3-eth6	15492	31489635
1787644384.872048477	s3-eth7	17736	24415673
1787644384.872048477	s3-eth8	16155	31277354
1787644384.872048477	s3-eth9	16542	35577110
1787644384.872048477	s4-eth1	1891508570	413929
1787644384.872048477	s4-eth10	14529	38988639
1787644384.872048477	s4-eth11	16930	145829406
1787644384.872048477	s4-eth12	14850	38838299
1787644384.872048477	s4-eth13	16419	44086856
1787644384.872048477	s4-eth14	14629	39425447
1787644384.872048477	s4-eth15	17839	26344884
1787644384.872048477	s4-eth16	13766	45557601
1787644384.872048477	s4-eth17	15486	44003025
1787644384.872048477	s4-eth18	13486	34987218
1787644384.872048477	s4-eth19	14854	175886093
1787644384.872048477	s4-eth2	11987	21803
1787644384.872048477	s4-eth20	12552	44811515
1787644384.872048477	s4-eth21	14814	55287800
1787644384.872048477	s4-eth22	12585	46378658
1787644384.872048477	s4-eth23	14569	27549466
1787644384.872048477	s4-eth24	11483	36426299
1787644384.872048477	s4-eth25	14671	55370795
1787644384.872048477	s4-eth26	13435	49376203
1787644384.872048477	s4-eth27	13304	132496284
1787644384.872048477	s4-eth28	13189	49709030
1787644384.872048477	s4-eth29	14579	54477762
1787644384.872048477	s4-eth3	16790	154824599
1787644384.872048477	s4-eth30	11607	39975465
1787644384.872048477	s4-eth31	14887	22954652
1787644384.872048477	s4-eth32	12773	29010112
1787644384.872048477	s4-eth33	14358	54828202
1787644384.872048477	s4-eth34	11526	34810298
1787644384.872048477	s4-eth4	14188	37151534
1787644384.872048477	s4-eth5	15733	44820189
1787644384.872048477	s4-eth6	14384	39492423
1787644384.872048477	s4-eth7	15992	24714926
1787644384.872048477	s4-eth8	14666	39296886
1787644384.872048477	s4-eth9	16106	44553746
1787644384.872048477	s5-eth1	2010465919	414701
1787644384.872048477	s5-eth2	1228765092	817147893
1787644384.872048477	s5-eth3	11987	1951732890
1787644384.872048477	s5-eth4	454734	11987
1787644384.872048477	s6-eth1	11987	21152
1787644384.872048477	s6-eth2	1382796	9754
1787644384.872048477	s6-eth3	11987	1277017
1787644384.872048477	s6-eth4	10221	11987
1787644384.872048477	s7-eth1	1106621740	796431019
1787644384.872048477	s7-eth2	413929	1891508570
1787644384.872048477	s7-eth3	1807879504	9957
1787644384.872048477	s7-eth4	195191	673835
1787644384.872048477	s8-eth1	11987	8312888
1787644384.872048477	s8-eth2	21803	11987
1787644384.872048477	s8-eth3	8401701	11987
1787644384.872048477	s8-eth4	45628	11987
1787644384.872048477	s9-eth1	1951732890	11987
1787644384.872048477	s9-eth2	1277017	11987
1787644384.872048477	s9-eth3	9957	1807879504
1787644384.872048477	s9-eth4	11987	8401701
1787644387.154166492	s10-eth1	11987	454734
1787644387.154166492	s10-eth2	11987	10221
1787644387.154166492	s10-eth3	673835	195191
1787644387.154166492	s10-eth4	11987	45628
1787644387.154166492	s1-eth1	414701	2010465919
1787644387.154166492	s1-eth10	70184041	17726
1787644387.154166492	s1-eth11	217592393	19725
1787644387.154166492	s1-eth12	70182388	17893
1787644387.154166492	s1-eth13	76611484	19076
1787644387.154166492	s1-eth14	70181863	17894
1787644387.154166492	s1-eth15	33372179	20581
1787644387.154166492	s1-eth16	50876752	16898
1787644387.154166492	s1-eth17	76628004	18292
1787644387.154166492	s1-eth18	70186718	17549
1787644387.154166492	s1-eth19	229163549	17784
1787644387.154166492	s1-eth2	21152	11987
1787644387.154166492	s1-eth20	70190152	16746
1787644387.154166492	s1-eth21	63754867	17355
1787644387.154166492	s1-eth22	70176529	16880
1787644387.154166492	s1-eth23	33372168	19372
1787644387.154166492	s1-eth24	66965690	15928
1787644387.154166492	s1-eth25	38000545	15875
1787644387.154166492	s1-eth26	50873838	15379
1787644387.154166492	s1-eth27	217601177	17767
1787644387.154166492	s1-eth28	50870455	15464
1787644387.154166492	s1-eth29	57315517	17534
1787644387.154166492	s1-eth3	345052048	19703
1787644387.154166492	s1-eth30	57314683	15556
1787644387.154166492	s1-eth31	30796854	18081
1787644387.154166492	s1-eth32	70187909	16731
1787644387.154166492	s1-eth33	57318346	17482
1787644387.154166492	s1-eth34	50875308	15353
1787644387.154166492	s1-eth4	70184840	18629
1787644387.154166492	s1-eth5	76617581	19771
1787644387.154166492	s1-eth6	70177558	18608
1787644387.154166492	s1-eth7	33366319	20512
1787644387.154166492	s1-eth8	70186433	19076
1787644387.154166492	s1-eth9	76614389	19326
1787644387.154166492	s2-eth1	817147893	1228765092
1787644387.154166492	s2-eth10	70185294	17764
1787644387.154166492	s2-eth11	294817457	19517
1787644387.154166492	s2-eth12	70186569	17856
1787644387.154166492	s2-eth13	76627604	18500
1787644387.154166492	s2-eth14	70187528	17298
1787644387.154166492	s2-eth15	33373894	19857
1787644387.154166492	s2-eth16	63754726	16361
1787644387.154166492	s2-eth17	76626331	18564
1787644387.154166492	s2-eth18	57313731	16204
1787644387.154166492	s2-eth19	14893	165362571
1787644387.154166492	s2-eth2	9754	1382796
1787644387.154166492	s2-eth20	13479	36289633
1787644387.154166492	s2-eth21	13975	36530448
1787644387.154166492	s2-eth22	13343	35509688
1787644387.154166492	s2-eth23	16304	25075747
1787644387.154166492	s2-eth24	12555	33373296
1787644387.154166492	s2-eth25	12949	30922764
1787644387.154166492	s2-eth26	12582	28168523
1787644387.154166492	s2-eth27	14794	108728477
1787644387.154166492	s2-eth28	12824	27745086
1787644387.154166492	s2-eth29	14491	38154668
1787644387.154166492	s2-eth3	309008594	19599
1787644387.154166492	s2-eth30	12778	30347750
1787644387.154166492	s2-eth31	14708	24083804
1787644387.154166492	s2-eth32	13868	34355592
1787644387.154166492	s2-eth33	14372	37209655
1787644387.154166492	s2-eth34	12313	27739896
1787644387.154166492	s2-eth4	66938902	16455
1787644387.154166492	s2-eth5	76608233	18835
1787644387.154166492	s2-eth6	70180983	16892
1787644387.154166492	s2-eth7	28864838	18566
1787644387.154166492	s2-eth8	70171821	17196
1787644387.154166492	s2-eth9	76612496	18770
1787644387.154166492	s3-eth1	796431019	1106621740
1787644387.154166492	s3-eth10	15247	30882005
1787644387.154166492	s3-eth11	16325	107935092
1787644387.154166492	s3-eth12	15615	30740508
1787644387.154166492	s3-eth13	16493	34952831
1787644387.154166492	s3-eth14	14979	30455218
1787644387.154166492	s3-eth15	17863	23876603
1787644387.154166492	s3-eth16	13506	28745474
1787644387.154166492	s3-eth17	15664	44718400
1787644387.154166492	s3-eth18	14302	30197367
1787644387.154166492	s3-eth19	296126916	18321
1787644387.154166492	s3-eth2	8312888	11987
1787644387.154166492	s3-eth20	63743432	16089
1787644387.154166492	s3-eth21	76626321	18261
1787644387.154166492	s3-eth22	66957942	16125
1787644387.154166492	s3-eth23	30150545	17976
1787644387.154166492	s3-eth24	44437054	14887
1787644387.154166492	s3-eth25	76630483	18118
1787644387.154166492	s3-eth26	70188391	16792
1787644387.154166492	s3-eth27	178977723	16548
1787644387.154166492	s3-eth28	70191163	16636
1787644387.154166492	s3-eth29	76611023	17892
1787644387.154166492	s3-eth3	16330	161395852
1787644387.154166492	s3-eth30	54090982	14894
1787644387.154166492	s3-eth31	25130965	17553
1787644387.154166492	s3-eth32	48297169	15932
1787644387.154166492	s3-eth33	76619582	17829
1787644387.154166492	s3-eth34	38000129	14977
1787644387.154166492	s3-eth4	15196	31930291
1787644387.154166492	s3-eth5	17092	36251112
1787644387.154166492	s3-eth6	15492	31489635
1787644387.154166492	s3-eth7	17736	24415673
1787644387.154166492	s3-eth8	16155	31277354
1787644387.154166492	s3-eth9	16542	35577110
1787644387.154166492	s4-eth1	1891508570	413929
1787644387.154166492	s4-eth10	14529	38988639
1787644387.154166492	s4-eth11	16930	145829406
1787644387.154166492	s4-eth12	14850	38838299
1787644387.154166492	s4-eth13	16419	44086856
1787644387.154166492	s4-eth14	14629	39425447
1787644387.154166492	s4-eth15	17839	26344884
1787644387.154166492	s4-eth16	13766	45557601
1787644387.154166492	s4-eth17	15486	44003025
1787644387.154166492	s4-eth18	13486	34987218
1787644387.154166492	s4-eth19	14854	175886093
1787644387.154166492	s4-eth2	11987	21803
1787644387.154166492	s4-eth20	12552	44811515
1787644387.154166492	s4-eth21	14814	55287800
1787644387.154166492	s4-eth22	12585	46378658
1787644387.154166492	s4-eth23	14569	27549466
1787644387.154166492	s4-eth24	11483	36426299
1787644387.154166492	s4-eth25	14671	55370795
1787644387.154166492	s4-eth26	13435	49376203
1787644387.154166492	s4-eth27	13304	132496284
1787644387.154166492	s4-eth28	13189	49709030
1787644387.154166492	s4-eth29	14579	54477762
1787644387.154166492	s4-eth3	16790	154824599
1787644387.154166492	s4-eth30	11607	39975465
1787644387.154166492	s4-eth31	14887	22954652
1787644387.154166492	s4-eth32	12773	29010112
1787644387.154166492	s4-eth33	14358	54828202
1787644387.154166492	s4-eth34	11526	34810298
1787644387.154166492	s4-eth4	14188	37151534
1787644387.154166492	s4-eth5	15733	44820189
1787644387.154166492	s4-eth6	14384	39492423
1787644387.154166492	s4-eth7	15992	24714926
1787644387.154166492	s4-eth8	14666	39296886
1787644387.154166492	s4-eth9	16106	44553746
1787644387.154166492	s5-eth1	2010465919	414701
1787644387.154166492	s5-eth2	1228765092	817147893
1787644387.154166492	s5-eth3	11987	1951732890
1787644387.154166492	s5-eth4	454734	11987
1787644387.154166492	s6-eth1	11987	21152
1787644387.154166492	s6-eth2	1382796	9754
1787644387.154166492	s6-eth3	11987	1277017
1787644387.154166492	s6-eth4	10221	11987
1787644387.154166492	s7-eth1	1106621740	796431019
1787644387.154166492	s7-eth2	413929	1891508570
1787644387.154166492	s7-eth3	1807879504	9957
1787644387.154166492	s7-eth4	195191	673835
1787644387.154166492	s8-eth1	11987	8312888
1787644387.154166492	s8-eth2	21803	11987
1787644387.154166492	s8-eth3	8401701	11987
1787644387.154166492	s8-eth4	45628	11987
1787644387.154166492	s9-eth1	1951732890	11987
1787644387.154166492	s9-eth2	1277017	11987
1787644387.154166492	s9-eth3	9957	1807879504
1787644387.154166492	s9-eth4	11987	8401701
1787644389.442658652	s10-eth1	11987	454734
1787644389.442658652	s10-eth2	11987	10221
1787644389.442658652	s10-eth3	673835	195191
1787644389.442658652	s10-eth4	11987	45628
1787644389.442658652	s1-eth1	414728	2010465946
1787644389.442658652	s1-eth10	70184041	17726
1787644389.442658652	s1-eth11	217592393	19725
1787644389.442658652	s1-eth12	70182388	17893
1787644389.442658652	s1-eth13	76611484	19076
1787644389.442658652	s1-eth14	70181863	17894
1787644389.442658652	s1-eth15	33372179	20581
1787644389.442658652	s1-eth16	50876752	16898
1787644389.442658652	s1-eth17	76628004	18292
1787644389.442658652	s1-eth18	70186718	17549
1787644389.442658652	s1-eth19	229163549	17784
1787644389.442658652	s1-eth2	21179	12014
1787644389.442658652	s1-eth20	70190152	16746
1787644389.442658652	s1-eth21	63754867	17355
1787644389.442658652	s1-eth22	70176529	16880
1787644389.442658652	s1-eth23	33372168	19372
1787644389.442658652	s1-eth24	66965690	15928
1787644389.442658652	s1-eth25	38000545	15875
1787644389.442658652	s1-eth26	50873838	15379
1787644389.442658652	s1-eth27	217601177	17767
1787644389.442658652	s1-eth28	50870455	15464
1787644389.442658652	s1-eth29	57315517	17534
1787644389.442658652	s1-eth3	345052048	19703
1787644389.442658652	s1-eth30	57314683	15556
1787644389.442658652	s1-eth31	30796854	18081
1787644389.442658652	s1-eth32	70187909	16731
1787644389.442658652	s1-eth33	57318346	17482
1787644389.442658652	s1-eth34	50875308	15353
1787644389.442658652	s1-eth4	70184840	18629
1787644389.442658652	s1-eth5	76617581	19771
1787644389.442658652	s1-eth6	70177558	18608
1787644389.442658652	s1-eth7	33366319	20512
1787644389.442658652	s1-eth8	70186433	19076
1787644389.442658652	s1-eth9	76614389	19326
1787644389.442658652	s2-eth1	817147920	1228765119
1787644389.442658652	s2-eth10	70185294	17764
1787644389.442658652	s2-eth11	294817457	19517
1787644389.442658652	s2-eth12	70186569	17856
1787644389.442658652	s2-eth13	76627604	18500
1787644389.442658652	s2-eth14	70187528	17298
1787644389.442658652	s2-eth15	33373894	19857
1787644389.442658652	s2-eth16	63754726	16361
1787644389.442658652	s2-eth17	76626331	18564
1787644389.442658652	s2-eth18	57313731	16204
1787644389.442658652	s2-eth19	14893	165362571
1787644389.442658652	s2-eth2	9781	1382823
1787644389.442658652	s2-eth20	13479	36289633
1787644389.442658652	s2-eth21	13975	36530448
1787644389.442658652	s2-eth22	13343	35509688
1787644389.442658652	s2-eth23	16304	25075747
1787644389.442658652	s2-eth24	12555	33373296
1787644389.442658652	s2-eth25	12949	30922764
1787644389.442658652	s2-eth26	12582	28168523
1787644389.442658652	s2-eth27	14794	108728477
1787644389.442658652	s2-eth28	12824	27745086
1787644389.442658652	s2-eth29	14491	38154668
1787644389.442658652	s2-eth3	309008594	19599
1787644389.442658652	s2-eth30	12778	30347750
1787644389.442658652	s2-eth31	14708	24083804
1787644389.442658652	s2-eth32	13868	34355592
1787644389.442658652	s2-eth33	14372	37209655
1787644389.442658652	s2-eth34	12313	27739896
1787644389.442658652	s2-eth4	66938902	16455
1787644389.442658652	s2-eth5	76608233	18835
1787644389.442658652	s2-eth6	70180983	16892
1787644389.442658652	s2-eth7	28864838	18566
1787644389.442658652	s2-eth8	70171821	17196
1787644389.442658652	s2-eth9	76612496	18770
1787644389.442658652	s3-eth1	796431046	1106621767
1787644389.442658652	s3-eth10	15247	30882005
1787644389.442658652	s3-eth11	16325	107935092
1787644389.442658652	s3-eth12	15615	30740508
1787644389.442658652	s3-eth13	16493	34952831
1787644389.442658652	s3-eth14	14979	30455218
1787644389.442658652	s3-eth15	17863	23876603
1787644389.442658652	s3-eth16	13506	28745474
1787644389.442658652	s3-eth17	15664	44718400
1787644389.442658652	s3-eth18	14302	30197367
1787644389.442658652	s3-eth19	296126916	18321
1787644389.442658652	s3-eth2	8312915	12014
1787644389.442658652	s3-eth20	63743432	16089
1787644389.442658652	s3-eth21	76626321	18261
1787644389.442658652	s3-eth22	66957942	16125
1787644389.442658652	s3-eth23	30150545	17976
1787644389.442658652	s3-eth24	44437054	14887
1787644389.442658652	s3-eth25	76630483	18118
1787644389.442658652	s3-eth26	70188391	16792
1787644389.442658652	s3-eth27	178977723	16548
1787644389.442658652	s3-eth28	70191163	16636
1787644389.442658652	s3-eth29	76611023	17892
1787644389.442658652	s3-eth3	16330	161395852
1787644389.442658652	s3-eth30	54090982	14894
1787644389.442658652	s3-eth31	25130965	17553
1787644389.442658652	s3-eth32	48297169	15932
1787644389.442658652	s3-eth33	76619582	17829
1787644389.442658652	s3-eth34	38000129	14977
1787644389.442658652	s3-eth4	15196	31930291
1787644389.442658652	s3-eth5	17092	36251112
1787644389.442658652	s3-eth6	15492	31489635
1787644389.442658652	s3-eth7	17736	24415673
1787644389.442658652	s3-eth8	16155	31277354
1787644389.442658652	s3-eth9	16542	35577110
1787644389.442658652	s4-eth1	1891508597	413956
1787644389.442658652	s4-eth10	14529	38988639
1787644389.442658652	s4-eth11	16930	145829406
1787644389.442658652	s4-eth12	14850	38838299
1787644389.442658652	s4-eth13	16419	44086856
1787644389.442658652	s4-eth14	14629	39425447
1787644389.442658652	s4-eth15	17839	26344884
1787644389.442658652	s4-eth16	13766	45557601
1787644389.442658652	s4-eth17	15486	44003025
1787644389.442658652	s4-eth18	13486	34987218
1787644389.442658652	s4-eth19	14854	175886093
1787644389.442658652	s4-eth2	12014	21830
1787644389.442658652	s4-eth20	12552	44811515
1787644389.442658652	s4-eth21	14814	55287800
1787644389.442658652	s4-eth22	12585	46378658
1787644389.442658652	s4-eth23	14569	27549466
1787644389.442658652	s4-eth24	11483	36426299
1787644389.442658652	s4-eth25	14671	55370795
1787644389.442658652	s4-eth26	13435	49376203
1787644389.442658652	s4-eth27	13304	132496284
1787644389.442658652	s4-eth28	13189	49709030
1787644389.442658652	s4-eth29	14579	54477762
1787644389.442658652	s4-eth3	16790	154824599
1787644389.442658652	s4-eth30	11607	39975465
1787644389.442658652	s4-eth31	14887	22954652
1787644389.442658652	s4-eth32	12773	29010112
1787644389.442658652	s4-eth33	14358	54828202
1787644389.442658652	s4-eth34	11526	34810298
1787644389.442658652	s4-eth4	14188	37151534
1787644389.442658652	s4-eth5	15733	44820189
1787644389.442658652	s4-eth6	14384	39492423
1787644389.442658652	s4-eth7	15992	24714926
1787644389.442658652	s4-eth8	14666	39296886
1787644389.442658652	s4-eth9	16106	44553746
1787644389.442658652	s5-eth1	2010465946	414728
1787644389.442658652	s5-eth2	1228765119	817147920
1787644389.442658652	s5-eth3	12014	1951732917
1787644389.442658652	s5-eth4	454762	12014
1787644389.442658652	s6-eth1	12014	21179
1787644389.442658652	s6-eth2	1382823	9781
1787644389.442658652	s6-eth3	12014	1277044
1787644389.442658652	s6-eth4	10249	12014
1787644389.442658652	s7-eth1	1106621767	796431046
1787644389.442658652	s7-eth2	413956	1891508597
1787644389.442658652	s7-eth3	1807879531	9984
1787644389.442658652	s7-eth4	195219	673862
1787644389.442658652	s8-eth1	12014	8312915
1787644389.442658652	s8-eth2	21830	12014
1787644389.442658652	s8-eth3	8401728	12014
1787644389.442658652	s8-eth4	45656	12014
1787644389.442658652	s9-eth1	1951732917	12014
1787644389.442658652	s9-eth2	1277044	12014
1787644389.442658652	s9-eth3	9984	1807879531
1787644389.442658652	s9-eth4	12014	8401728
1787644391.717726125	s10-eth1	12014	454762
1787644391.717726125	s10-eth2	12014	10249
1787644391.717726125	s10-eth3	673862	195219
1787644391.717726125	s10-eth4	12014	45656
1787644391.717726125	s1-eth1	414728	2010465946
1787644391.717726125	s1-eth10	70184041	17726
1787644391.717726125	s1-eth11	217592393	19725
1787644391.717726125	s1-eth12	70182388	17893
1787644391.717726125	s1-eth13	76611484	19076
1787644391.717726125	s1-eth14	70181863	17894
1787644391.717726125	s1-eth15	33372179	20581
1787644391.717726125	s1-eth16	50876752	16898
1787644391.717726125	s1-eth17	76628004	18292
1787644391.717726125	s1-eth18	70186718	17549
1787644391.717726125	s1-eth19	229163549	17784
1787644391.717726125	s1-eth2	21179	12014
1787644391.717726125	s1-eth20	70190152	16746
1787644391.717726125	s1-eth21	63754867	17355
1787644391.717726125	s1-eth22	70176529	16880
1787644391.717726125	s1-eth23	33372168	19372
1787644391.717726125	s1-eth24	66965690	15928
1787644391.717726125	s1-eth25	38000545	15875
1787644391.717726125	s1-eth26	50873838	15379
1787644391.717726125	s1-eth27	217601177	17767
1787644391.717726125	s1-eth28	50870455	15464
1787644391.717726125	s1-eth29	57315517	17534
1787644391.717726125	s1-eth3	345052048	19703
1787644391.717726125	s1-eth30	57314683	15556
1787644391.717726125	s1-eth31	30796854	18081
1787644391.717726125	s1-eth32	70187909	16731
1787644391.717726125	s1-eth33	57318346	17482
1787644391.717726125	s1-eth34	50875308	15353
1787644391.717726125	s1-eth4	70184840	18629
1787644391.717726125	s1-eth5	76617581	19771
1787644391.717726125	s1-eth6	70177558	18608
1787644391.717726125	s1-eth7	33366319	20512
1787644391.717726125	s1-eth8	70186433	19076
1787644391.717726125	s1-eth9	76614389	19326
1787644391.717726125	s2-eth1	817147920	1228765119
1787644391.717726125	s2-eth10	70185294	17764
1787644391.717726125	s2-eth11	294817457	19517
1787644391.717726125	s2-eth12	70186569	17856
1787644391.717726125	s2-eth13	76627604	18500
1787644391.717726125	s2-eth14	70187528	17298
1787644391.717726125	s2-eth15	33373894	19857
1787644391.717726125	s2-eth16	63754726	16361
1787644391.717726125	s2-eth17	76626331	18564
1787644391.717726125	s2-eth18	57313731	16204
1787644391.717726125	s2-eth19	14893	165362571
1787644391.717726125	s2-eth2	9781	1382823
1787644391.717726125	s2-eth20	13479	36289633
1787644391.717726125	s2-eth21	13975	36530448
1787644391.717726125	s2-eth22	13343	35509688
1787644391.717726125	s2-eth23	16304	25075747
1787644391.717726125	s2-eth24	12555	33373296
1787644391.717726125	s2-eth25	12949	30922764
1787644391.717726125	s2-eth26	12582	28168523
1787644391.717726125	s2-eth27	14794	108728477
1787644391.717726125	s2-eth28	12824	27745086
1787644391.717726125	s2-eth29	14491	38154668
1787644391.717726125	s2-eth3	309008594	19599
1787644391.717726125	s2-eth30	12778	30347750
1787644391.717726125	s2-eth31	14708	24083804
1787644391.717726125	s2-eth32	13868	34355592
1787644391.717726125	s2-eth33	14372	37209655
1787644391.717726125	s2-eth34	12313	27739896
1787644391.717726125	s2-eth4	66938902	16455
1787644391.717726125	s2-eth5	76608233	18835
1787644391.717726125	s2-eth6	70180983	16892
1787644391.717726125	s2-eth7	28864838	18566
1787644391.717726125	s2-eth8	70171821	17196
1787644391.717726125	s2-eth9	76612496	18770
1787644391.717726125	s3-eth1	796431046	1106621767
1787644391.717726125	s3-eth10	15247	30882005
1787644391.717726125	s3-eth11	16325	107935092
1787644391.717726125	s3-eth12	15615	30740508
1787644391.717726125	s3-eth13	16493	34952831
1787644391.717726125	s3-eth14	14979	30455218
1787644391.717726125	s3-eth15	17863	23876603
1787644391.717726125	s3-eth16	13506	28745474
1787644391.717726125	s3-eth17	15664	44718400
1787644391.717726125	s3-eth18	14302	30197367
1787644391.717726125	s3-eth19	296126916	18321
1787644391.717726125	s3-eth2	8312915	12014
1787644391.717726125	s3-eth20	63743432	16089
1787644391.717726125	s3-eth21	76626321	18261
1787644391.717726125	s3-eth22	66957942	16125
1787644391.717726125	s3-eth23	30150545	17976
1787644391.717726125	s3-eth24	44437054	14887
1787644391.717726125	s3-eth25	76630483	18118
1787644391.717726125	s3-eth26	70188391	16792
1787644391.717726125	s3-eth27	178977723	16548
1787644391.717726125	s3-eth28	70191163	16636
1787644391.717726125	s3-eth29	76611023	17892
1787644391.717726125	s3-eth3	16330	161395852
1787644391.717726125	s3-eth30	54090982	14894
1787644391.717726125	s3-eth31	25130965	17553
1787644391.717726125	s3-eth32	48297169	15932
1787644391.717726125	s3-eth33	76619582	17829
1787644391.717726125	s3-eth34	38000129	14977
1787644391.717726125	s3-eth4	15196	31930291
1787644391.717726125	s3-eth5	17092	36251112
1787644391.717726125	s3-eth6	15492	31489635
1787644391.717726125	s3-eth7	17736	24415673
1787644391.717726125	s3-eth8	16155	31277354
1787644391.717726125	s3-eth9	16542	35577110
1787644391.717726125	s4-eth1	1891508597	413956
1787644391.717726125	s4-eth10	14529	38988639
1787644391.717726125	s4-eth11	16930	145829406
1787644391.717726125	s4-eth12	14850	38838299
1787644391.717726125	s4-eth13	16419	44086856
1787644391.717726125	s4-eth14	14629	39425447
1787644391.717726125	s4-eth15	17839	26344884
1787644391.717726125	s4-eth16	13766	45557601
1787644391.717726125	s4-eth17	15486	44003025
1787644391.717726125	s4-eth18	13486	34987218
1787644391.717726125	s4-eth19	14854	175886093
1787644391.717726125	s4-eth2	12014	21830
1787644391.717726125	s4-eth20	12552	44811515
1787644391.717726125	s4-eth21	14814	55287800
1787644391.717726125	s4-eth22	12585	46378658
1787644391.717726125	s4-eth23	14569	27549466
1787644391.717726125	s4-eth24	11483	36426299
1787644391.717726125	s4-eth25	14671	55370795
1787644391.717726125	s4-eth26	13435	49376203
1787644391.717726125	s4-eth27	13304	132496284
1787644391.717726125	s4-eth28	13189	49709030
1787644391.717726125	s4-eth29	14579	54477762
1787644391.717726125	s4-eth3	16790	154824599
1787644391.717726125	s4-eth30	11607	39975465
1787644391.717726125	s4-eth31	14887	22954652
1787644391.717726125	s4-eth32	12773	29010112
1787644391.717726125	s4-eth33	14358	54828202
1787644391.717726125	s4-eth34	11526	34810298
1787644391.717726125	s4-eth4	14188	37151534
1787644391.717726125	s4-eth5	15733	44820189
1787644391.717726125	s4-eth6	14384	39492423
1787644391.717726125	s4-eth7	15992	24714926
1787644391.717726125	s4-eth8	14666	39296886
1787644391.717726125	s4-eth9	16106	44553746
1787644391.717726125	s5-eth1	2010465946	414728
1787644391.717726125	s5-eth2	1228765119	817147920
1787644391.717726125	s5-eth3	12014	1951732917
1787644391.717726125	s5-eth4	454762	12014
1787644391.717726125	s6-eth1	12014	21179
1787644391.717726125	s6-eth2	1382823	9781
1787644391.717726125	s6-eth3	12014	1277044
1787644391.717726125	s6-eth4	10249	12014
1787644391.717726125	s7-eth1	1106621767	796431046
1787644391.717726125	s7-eth2	413956	1891508597
1787644391.717726125	s7-eth3	1807879531	9984
1787644391.717726125	s7-eth4	195219	673862
1787644391.717726125	s8-eth1	12014	8312915
1787644391.717726125	s8-eth2	21830	12014
1787644391.717726125	s8-eth3	8401728	12014
1787644391.717726125	s8-eth4	45656	12014
1787644391.717726125	s9-eth1	1951732917	12014
1787644391.717726125	s9-eth2	1277044	12014
1787644391.717726125	s9-eth3	9984	1807879531
1787644391.717726125	s9-eth4	12014	8401728
1787644394.008661968	s10-eth1	12014	454762
1787644394.008661968	s10-eth2	12014	10249
1787644394.008661968	s10-eth3	673862	195219
1787644394.008661968	s10-eth4	12014	45656
1787644394.008661968	s1-eth1	414728	2010465946
1787644394.008661968	s1-eth10	70184041	17726
1787644394.008661968	s1-eth11	217592393	19725
1787644394.008661968	s1-eth12	70182388	17893
1787644394.008661968	s1-eth13	76611484	19076
1787644394.008661968	s1-eth14	70181863	17894
1787644394.008661968	s1-eth15	33372179	20581
1787644394.008661968	s1-eth16	50876752	16898
1787644394.008661968	s1-eth17	76628004	18292
1787644394.008661968	s1-eth18	70186718	17549
1787644394.008661968	s1-eth19	229163549	17784
1787644394.008661968	s1-eth2	21179	12014
1787644394.008661968	s1-eth20	70190152	16746
1787644394.008661968	s1-eth21	63754867	17355
1787644394.008661968	s1-eth22	70176529	16880
1787644394.008661968	s1-eth23	33372168	19372
1787644394.008661968	s1-eth24	66965690	15928
1787644394.008661968	s1-eth25	38000545	15875
1787644394.008661968	s1-eth26	50873838	15379
1787644394.008661968	s1-eth27	217601177	17767
1787644394.008661968	s1-eth28	50870455	15464
1787644394.008661968	s1-eth29	57315517	17534
1787644394.008661968	s1-eth3	345052048	19703
1787644394.008661968	s1-eth30	57314683	15556
1787644394.008661968	s1-eth31	30796854	18081
1787644394.008661968	s1-eth32	70187909	16731
1787644394.008661968	s1-eth33	57318346	17482
1787644394.008661968	s1-eth34	50875308	15353
1787644394.008661968	s1-eth4	70184840	18629
1787644394.008661968	s1-eth5	76617581	19771
1787644394.008661968	s1-eth6	70177558	18608
1787644394.008661968	s1-eth7	33366319	20512
1787644394.008661968	s1-eth8	70186433	19076
1787644394.008661968	s1-eth9	76614389	19326
1787644394.008661968	s2-eth1	817147920	1228765119
1787644394.008661968	s2-eth10	70185294	17764
1787644394.008661968	s2-eth11	294817457	19517
1787644394.008661968	s2-eth12	70186569	17856
1787644394.008661968	s2-eth13	76627604	18500
1787644394.008661968	s2-eth14	70187528	17298
1787644394.008661968	s2-eth15	33373894	19857
1787644394.008661968	s2-eth16	63754726	16361
1787644394.008661968	s2-eth17	76626331	18564
1787644394.008661968	s2-eth18	57313731	16204
1787644394.008661968	s2-eth19	14893	165362571
1787644394.008661968	s2-eth2	9781	1382823
1787644394.008661968	s2-eth20	13479	36289633
1787644394.008661968	s2-eth21	13975	36530448
1787644394.008661968	s2-eth22	13343	35509688
1787644394.008661968	s2-eth23	16304	25075747
1787644394.008661968	s2-eth24	12555	33373296
1787644394.008661968	s2-eth25	12949	30922764
1787644394.008661968	s2-eth26	12582	28168523
1787644394.008661968	s2-eth27	14794	108728477
1787644394.008661968	s2-eth28	12824	27745086
1787644394.008661968	s2-eth29	14491	38154668
1787644394.008661968	s2-eth3	309008594	19599
1787644394.008661968	s2-eth30	12778	30347750
1787644394.008661968	s2-eth31	14708	24083804
1787644394.008661968	s2-eth32	13868	34355592
1787644394.008661968	s2-eth33	14372	37209655
1787644394.008661968	s2-eth34	12313	27739896
1787644394.008661968	s2-eth4	66938902	16455
1787644394.008661968	s2-eth5	76608233	18835
1787644394.008661968	s2-eth6	70180983	16892
1787644394.008661968	s2-eth7	28864838	18566
1787644394.008661968	s2-eth8	70171821	17196
1787644394.008661968	s2-eth9	76612496	18770
1787644394.008661968	s3-eth1	796431046	1106621767
1787644394.008661968	s3-eth10	15247	30882005
1787644394.008661968	s3-eth11	16325	107935092
1787644394.008661968	s3-eth12	15615	30740508
1787644394.008661968	s3-eth13	16493	34952831
1787644394.008661968	s3-eth14	14979	30455218
1787644394.008661968	s3-eth15	17863	23876603
1787644394.008661968	s3-eth16	13506	28745474
1787644394.008661968	s3-eth17	15664	44718400
1787644394.008661968	s3-eth18	14302	30197367
1787644394.008661968	s3-eth19	296126916	18321
1787644394.008661968	s3-eth2	8312915	12014
1787644394.008661968	s3-eth20	63743432	16089
1787644394.008661968	s3-eth21	76626321	18261
1787644394.008661968	s3-eth22	66957942	16125
1787644394.008661968	s3-eth23	30150545	17976
1787644394.008661968	s3-eth24	44437054	14887
1787644394.008661968	s3-eth25	76630483	18118
1787644394.008661968	s3-eth26	70188391	16792
1787644394.008661968	s3-eth27	178977723	16548
1787644394.008661968	s3-eth28	70191163	16636
1787644394.008661968	s3-eth29	76611023	17892
1787644394.008661968	s3-eth3	16330	161395852
1787644394.008661968	s3-eth30	54090982	14894
1787644394.008661968	s3-eth31	25130965	17553
1787644394.008661968	s3-eth32	48297169	15932
1787644394.008661968	s3-eth33	76619582	17829
1787644394.008661968	s3-eth34	38000129	14977
1787644394.008661968	s3-eth4	15196	31930291
1787644394.008661968	s3-eth5	17092	36251112
1787644394.008661968	s3-eth6	15492	31489635
1787644394.008661968	s3-eth7	17736	24415673
1787644394.008661968	s3-eth8	16155	31277354
1787644394.008661968	s3-eth9	16542	35577110
1787644394.008661968	s4-eth1	1891508597	413956
1787644394.008661968	s4-eth10	14529	38988639
1787644394.008661968	s4-eth11	16930	145829406
1787644394.008661968	s4-eth12	14850	38838299
1787644394.008661968	s4-eth13	16419	44086856
1787644394.008661968	s4-eth14	14629	39425447
1787644394.008661968	s4-eth15	17839	26344884
1787644394.008661968	s4-eth16	13766	45557601
1787644394.008661968	s4-eth17	15486	44003025
1787644394.008661968	s4-eth18	13486	34987218
1787644394.008661968	s4-eth19	14854	175886093
1787644394.008661968	s4-eth2	12014	21830
1787644394.008661968	s4-eth20	12552	44811515
1787644394.008661968	s4-eth21	14814	55287800
1787644394.008661968	s4-eth22	12585	46378658
1787644394.008661968	s4-eth23	14569	27549466
1787644394.008661968	s4-eth24	11483	36426299
1787644394.008661968	s4-eth25	14671	55370795
1787644394.008661968	s4-eth26	13435	49376203
1787644394.008661968	s4-eth27	13304	132496284
1787644394.008661968	s4-eth28	13189	49709030
1787644394.008661968	s4-eth29	14579	54477762
1787644394.008661968	s4-eth3	16790	154824599
1787644394.008661968	s4-eth30	11607	39975465
1787644394.008661968	s4-eth31	14887	22954652
1787644394.008661968	s4-eth32	12773	29010112
1787644394.008661968	s4-eth33	14358	54828202
1787644394.008661968	s4-eth34	11526	34810298
1787644394.008661968	s4-eth4	14188	37151534
1787644394.008661968	s4-eth5	15733	44820189
1787644394.008661968	s4-eth6	14384	39492423
1787644394.008661968	s4-eth7	15992	24714926
1787644394.008661968	s4-eth8	14666	39296886
1787644394.008661968	s4-eth9	16106	44553746
1787644394.008661968	s5-eth1	2010465946	414728
1787644394.008661968	s5-eth2	1228765119	817147920
1787644394.008661968	s5-eth3	12014	1951732917
1787644394.008661968	s5-eth4	454762	12014
1787644394.008661968	s6-eth1	12014	21179
1787644394.008661968	s6-eth2	1382823	9781
1787644394.008661968	s6-eth3	12014	1277044
1787644394.008661968	s6-eth4	10249	12014
1787644394.008661968	s7-eth1	1106621767	796431046
1787644394.008661968	s7-eth2	413956	1891508597
1787644394.008661968	s7-eth3	1807879531	9984
1787644394.008661968	s7-eth4	195219	673862
1787644394.008661968	s8-eth1	12014	8312915
1787644394.008661968	s8-eth2	21830	12014
1787644394.008661968	s8-eth3	8401728	12014
1787644394.008661968	s8-eth4	45656	12014
1787644394.008661968	s9-eth1	1951732917	12014
1787644394.008661968	s9-eth2	1277044	12014
1787644394.008661968	s9-eth3	9984	1807879531
1787644394.008661968	s9-eth4	12014	8401728
1787644396.325190683	s10-eth1	12041	459564
1787644396.325190683	s10-eth2	12041	10277
1787644396.325190683	s10-eth3	678663	195247
1787644396.325190683	s10-eth4	12041	45684
1787644396.325190683	s1-eth1	419127	2015739699
1787644396.325190683	s1-eth10	70184041	17726
1787644396.325190683	s1-eth11	217986837	20312
1787644396.325190683	s1-eth12	70182388	17893
1787644396.325190683	s1-eth13	76611484	19076
1787644396.325190683	s1-eth14	70181863	17894
1787644396.325190683	s1-eth15	33815651	21168
1787644396.325190683	s1-eth16	50876752	16898
1787644396.325190683	s1-eth17	76628004	18292
1787644396.325190683	s1-eth18	70186718	17549
1787644396.325190683	s1-eth19	231247940	18304
1787644396.325190683	s1-eth2	21206	12041
1787644396.325190683	s1-eth20	70190152	16746
1787644396.325190683	s1-eth21	63754867	17355
1787644396.325190683	s1-eth22	70176529	16880
1787644396.325190683	s1-eth23	33964088	19892
1787644396.325190683	s1-eth24	66965690	15928
1787644396.325190683	s1-eth25	38000545	15875
1787644396.325190683	s1-eth26	50873838	15379
1787644396.325190683	s1-eth27	218242191	18287
1787644396.325190683	s1-eth28	50870455	15464
1787644396.325190683	s1-eth29	57315517	17534
1787644396.325190683	s1-eth3	347811505	20301
1787644396.325190683	s1-eth30	57314683	15556
1787644396.325190683	s1-eth31	31509902	18601
1787644396.325190683	s1-eth32	70187909	16731
1787644396.325190683	s1-eth33	57318346	17482
1787644396.325190683	s1-eth34	50875308	15353
1787644396.325190683	s1-eth4	70184840	18629
1787644396.325190683	s1-eth5	76617581	19771
1787644396.325190683	s1-eth6	70177558	18608
1787644396.325190683	s1-eth7	34225075	21032
1787644396.325190683	s1-eth8	70186433	19076
1787644396.325190683	s1-eth9	76614389	19326
1787644396.325190683	s2-eth1	823440550	1231669070
1787644396.325190683	s2-eth10	70185294	17764
1787644396.325190683	s2-eth11	295751365	20238
1787644396.325190683	s2-eth12	70186569	17856
1787644396.325190683	s2-eth13	76627604	18500
1787644396.325190683	s2-eth14	70187528	17298
1787644396.325190683	s2-eth15	34402818	20444
1787644396.325190683	s2-eth16	63754726	16361
1787644396.325190683	s2-eth17	76626331	18564
1787644396.325190683	s2-eth18	57313731	16204
1787644396.325190683	s2-eth19	15413	169537862
1787644396.325190683	s2-eth2	9808	1382850
1787644396.325190683	s2-eth20	13479	36289633
1787644396.325190683	s2-eth21	13975	36530448
1787644396.325190683	s2-eth22	13343	35509688
1787644396.325190683	s2-eth23	16824	26160831
1787644396.325190683	s2-eth24	12555	33373296
1787644396.325190683	s2-eth25	12949	30922764
1787644396.325190683	s2-eth26	12582	28168523
1787644396.325190683	s2-eth27	15314	109813627
1787644396.325190683	s2-eth28	12824	27745086
1787644396.325190683	s2-eth29	14491	38154668
1787644396.325190683	s2-eth3	309229998	20186
1787644396.325190683	s2-eth30	12778	30347750
1787644396.325190683	s2-eth31	15228	25177540
1787644396.325190683	s2-eth32	13868	34355592
1787644396.325190683	s2-eth33	14372	37209655
1787644396.325190683	s2-eth34	12313	27739896
1787644396.325190683	s2-eth4	66938902	16455
1787644396.325190683	s2-eth5	76608233	18835
1787644396.325190683	s2-eth6	70180983	16892
1787644396.325190683	s2-eth7	29999184	19287
1787644396.325190683	s2-eth8	70171821	17196
1787644396.325190683	s2-eth9	76612496	18770
1787644396.325190683	s3-eth1	803983814	1110377528
1787644396.325190683	s3-eth10	15247	30882005
1787644396.325190683	s3-eth11	16912	109012966
1787644396.325190683	s3-eth12	15615	30740508
1787644396.325190683	s3-eth13	16493	34952831
1787644396.325190683	s3-eth14	14979	30455218
1787644396.325190683	s3-eth15	18450	24940135
1787644396.325190683	s3-eth16	13506	28745474
1787644396.325190683	s3-eth17	15664	44718400
1787644396.325190683	s3-eth18	14302	30197367
1787644396.325190683	s3-eth19	296368430	18841
1787644396.325190683	s3-eth2	8312942	12041
1787644396.325190683	s3-eth20	63743432	16089
1787644396.325190683	s3-eth21	76626321	18261
1787644396.325190683	s3-eth22	66957942	16125
1787644396.325190683	s3-eth23	31382713	18496
1787644396.325190683	s3-eth24	44437054	14887
1787644396.325190683	s3-eth25	76630483	18118
1787644396.325190683	s3-eth26	70188391	16792
1787644396.325190683	s3-eth27	180232963	17068
1787644396.325190683	s3-eth28	70191163	16636
1787644396.325190683	s3-eth29	76611023	17892
1787644396.325190683	s3-eth3	16928	166080379
1787644396.325190683	s3-eth30	54090982	14894
1787644396.325190683	s3-eth31	26438117	18073
1787644396.325190683	s3-eth32	48297169	15932
1787644396.325190683	s3-eth33	76619582	17829
1787644396.325190683	s3-eth34	38000129	14977
1787644396.325190683	s3-eth4	15196	31930291
1787644396.325190683	s3-eth5	17092	36251112
1787644396.325190683	s3-eth6	15492	31489635
1787644396.325190683	s3-eth7	18256	25711355
1787644396.325190683	s3-eth8	16155	31277354
1787644396.325190683	s3-eth9	16542	35577110
1787644396.325190683	s4-eth1	1900202586	418679
1787644396.325190683	s4-eth10	14529	38988639
1787644396.325190683	s4-eth11	17651	147142404
1787644396.325190683	s4-eth12	14850	38838299
1787644396.325190683	s4-eth13	16419	44086856
1787644396.325190683	s4-eth14	14629	39425447
1787644396.325190683	s4-eth15	18426	27695374
1787644396.325190683	s4-eth16	13766	45557601
1787644396.325190683	s4-eth17	15486	44003025
1787644396.325190683	s4-eth18	13486	34987218
1787644396.325190683	s4-eth19	15374	176188171
1787644396.325190683	s4-eth2	12041	21857
1787644396.325190683	s4-eth20	12552	44811515
1787644396.325190683	s4-eth21	14814	55287800
1787644396.325190683	s4-eth22	12585	46378658
1787644396.325190683	s4-eth23	15089	29123388
1787644396.325190683	s4-eth24	11483	36426299
1787644396.325190683	s4-eth25	14671	55370795
1787644396.325190683	s4-eth26	13435	49376203
1787644396.325190683	s4-eth27	13824	134099046
1787644396.325190683	s4-eth28	13189	49709030
1787644396.325190683	s4-eth29	14579	54477762
1787644396.325190683	s4-eth3	17377	155129639
1787644396.325190683	s4-eth30	11607	39975465
1787644396.325190683	s4-eth31	15407	24589138
1787644396.325190683	s4-eth32	12773	29010112
1787644396.325190683	s4-eth33	14358	54828202
1787644396.325190683	s4-eth34	11526	34810298
1787644396.325190683	s4-eth4	14188	37151534
1787644396.325190683	s4-eth5	15733	44820189
1787644396.325190683	s4-eth6	14384	39492423
1787644396.325190683	s4-eth7	16713	26257202
1787644396.325190683	s4-eth8	14666	39296886
1787644396.325190683	s4-eth9	16106	44553746
1787644396.325190683	s5-eth1	2033982441	419127
1787644396.325190683	s5-eth2	1234117586	828845166
1787644396.325190683	s5-eth3	12041	1968944103
1787644396.325190683	s5-eth4	459698	12041
1787644396.325190683	s6-eth1	12041	21206
1787644396.325190683	s6-eth2	1382850	9808
1787644396.325190683	s6-eth3	12041	1277071
1787644396.325190683	s6-eth4	10277	12041
1787644396.325190683	s7-eth1	1112292504	808071884
1787644396.325190683	s7-eth2	418679	1902553046
1787644396.325190683	s7-eth3	1825611123	10011
1787644396.325190683	s7-eth4	195247	678797
1787644396.325190683	s8-eth1	12041	8312942
1787644396.325190683	s8-eth2	21857	12041
1787644396.325190683	s8-eth3	8401755	12041
1787644396.325190683	s8-eth4	45684	12041
1787644396.325190683	s9-eth1	1970549049	12041
1787644396.325190683	s9-eth2	1277071	12041
1787644396.325190683	s9-eth3	10011	1826738767
1787644396.325190683	s9-eth4	12041	8401755
1787644400.864465375	s10-eth1	12068	459726
1787644400.864465375	s10-eth2	12068	10305
1787644400.864465375	s10-eth3	678824	195275
1787644400.864465375	s10-eth4	12068	45712
1787644400.864465375	s1-eth1	419154	2056600238
1787644400.864465375	s1-eth10	70184041	17726
1787644400.864465375	s1-eth11	220898235	20312
1787644400.864465375	s1-eth12	70182388	17893
1787644400.864465375	s1-eth13	76611484	19076
1787644400.864465375	s1-eth14	70181863	17894
1787644400.864465375	s1-eth15	36735701	21168
1787644400.864465375	s1-eth16	50876752	16898
1787644400.864465375	s1-eth17	76628004	18292
1787644400.864465375	s1-eth18	70186718	17549
1787644400.864465375	s1-eth19	242781056	18304
1787644400.864465375	s1-eth2	21233	12068
1787644400.864465375	s1-eth20	70190152	16746
1787644400.864465375	s1-eth21	63754867	17355
1787644400.864465375	s1-eth22	70176529	16880
1787644400.864465375	s1-eth23	36787524	19892
1787644400.864465375	s1-eth24	66965690	15928
1787644400.864465375	s1-eth25	38000545	15875
1787644400.864465375	s1-eth26	50873838	15379
1787644400.864465375	s1-eth27	221025251	18287
1787644400.864465375	s1-eth28	50870455	15464
1787644400.864465375	s1-eth29	57315517	17534
1787644400.864465375	s1-eth3	358883181	20301
1787644400.864465375	s1-eth30	57314683	15556
1787644400.864465375	s1-eth31	34264122	18601
1787644400.864465375	s1-eth32	70187909	16731
1787644400.864465375	s1-eth33	57318346	17482
1787644400.864465375	s1-eth34	50875308	15353
1787644400.864465375	s1-eth4	70184840	18629
1787644400.864465375	s1-eth5	76617581	19771
1787644400.864465375	s1-eth6	70177558	18608
1787644400.864465375	s1-eth7	36884123	21032
1787644400.864465375	s1-eth8	70186433	19076
1787644400.864465375	s1-eth9	76614389	19326
1787644400.864465375	s2-eth1	841638617	1240021161
1787644400.864465375	s2-eth10	70185294	17764
1787644400.864465375	s2-eth11	298358501	20238
1787644400.864465375	s2-eth12	70186569	17856
1787644400.864465375	s2-eth13	76627604	18500
1787644400.864465375	s2-eth14	70187528	17298
1787644400.864465375	s2-eth15	36994092	20444
1787644400.864465375	s2-eth16	63754726	16361
1787644400.864465375	s2-eth17	76626331	18564
1787644400.864465375	s2-eth18	57313731	16204
1787644400.864465375	s2-eth19	15413	179953428
1787644400.864465375	s2-eth2	9835	1382877
1787644400.864465375	s2-eth20	13479	36289633
1787644400.864465375	s2-eth21	13975	36530448
1787644400.864465375	s2-eth22	13343	35509688
1787644400.864465375	s2-eth23	16824	28814111
1787644400.864465375	s2-eth24	12555	33373296
1787644400.864465375	s2-eth25	12949	30922764
1787644400.864465375	s2-eth26	12582	28168523
1787644400.864465375	s2-eth27	15314	112507283
1787644400.864465375	s2-eth28	12824	27745086
1787644400.864465375	s2-eth29	14491	38154668
1787644400.864465375	s2-eth3	309783726	20186
1787644400.864465375	s2-eth30	12778	30347750
1787644400.864465375	s2-eth31	15228	27962042
1787644400.864465375	s2-eth32	13868	34355592
1787644400.864465375	s2-eth33	14372	37209655
1787644400.864465375	s2-eth34	12313	27739896
1787644400.864465375	s2-eth4	66938902	16455
1787644400.864465375	s2-eth5	76608233	18835
1787644400.864465375	s2-eth6	70180983	16892
1787644400.864465375	s2-eth7	32878858	19287
1787644400.864465375	s2-eth8	70171821	17196
1787644400.864465375	s2-eth9	76612496	18770
1787644400.864465375	s3-eth1	823603693	1119604913
1787644400.864465375	s3-eth10	15247	30882005
1787644400.864465375	s3-eth11	16912	111829192
1787644400.864465375	s3-eth12	15615	30740508
1787644400.864465375	s3-eth13	16493	34952831
1787644400.864465375	s3-eth14	14979	30455218
1787644400.864465375	s3-eth15	18450	27756361
1787644400.864465375	s3-eth16	13506	28745474
1787644400.864465375	s3-eth17	15664	44718400
1787644400.864465375	s3-eth18	14302	30197367
1787644400.864465375	s3-eth19	296948114	18841
1787644400.864465375	s3-eth2	8312969	12068
1787644400.864465375	s3-eth20	63743432	16089
1787644400.864465375	s3-eth21	76626321	18261
1787644400.864465375	s3-eth22	66957942	16125
1787644400.864465375	s3-eth23	34273923	18496
1787644400.864465375	s3-eth24	44437054	14887
1787644400.864465375	s3-eth25	76630483	18118
1787644400.864465375	s3-eth26	70188391	16792
1787644400.864465375	s3-eth27	183128499	17068
1787644400.864465375	s3-eth28	70191163	16636
1787644400.864465375	s3-eth29	76611023	17892
1787644400.864465375	s3-eth3	16928	177255879
1787644400.864465375	s3-eth30	54090982	14894
1787644400.864465375	s3-eth31	29314907	18073
1787644400.864465375	s3-eth32	48297169	15932
1787644400.864465375	s3-eth33	76619582	17829
1787644400.864465375	s3-eth34	38000129	14977
1787644400.864465375	s3-eth4	15196	31930291
1787644400.864465375	s3-eth5	17092	36251112
1787644400.864465375	s3-eth6	15492	31489635
1787644400.864465375	s3-eth7	18256	28494415
1787644400.864465375	s3-eth8	16155	31277354
1787644400.864465375	s3-eth9	16542	35577110
1787644400.864465375	s4-eth1	1918422283	418706
1787644400.864465375	s4-eth10	14529	38988639
1787644400.864465375	s4-eth11	17651	149975934
1787644400.864465375	s4-eth12	14850	38838299
1787644400.864465375	s4-eth13	16419	44086856
1787644400.864465375	s4-eth14	14629	39425447
1787644400.864465375	s4-eth15	18426	30527462
1787644400.864465375	s4-eth16	13766	45557601
1787644400.864465375	s4-eth17	15486	44003025
1787644400.864465375	s4-eth18	13486	34987218
1787644400.864465375	s4-eth19	15374	176756319
1787644400.864465375	s4-eth2	12068	21884
1787644400.864465375	s4-eth20	12552	44811515
1787644400.864465375	s4-eth21	14814	55287800
1787644400.864465375	s4-eth22	12585	46378658
1787644400.864465375	s4-eth23	15089	31951150
1787644400.864465375	s4-eth24	11483	36426299
1787644400.864465375	s4-eth25	14671	55370795
1787644400.864465375	s4-eth26	13435	49376203
1787644400.864465375	s4-eth27	13824	136951322
1787644400.864465375	s4-eth28	13189	49709030
1787644400.864465375	s4-eth29	14579	54477762
1787644400.864465375	s4-eth3	17377	155692019
1787644400.864465375	s4-eth30	11607	39975465
1787644400.864465375	s4-eth31	15407	27442856
1787644400.864465375	s4-eth32	12773	29010112
1787644400.864465375	s4-eth33	14358	54828202
1787644400.864465375	s4-eth34	11526	34810298
1787644400.864465375	s4-eth4	14188	37151534
1787644400.864465375	s4-eth5	15733	44820189
1787644400.864465375	s4-eth6	14384	39492423
1787644400.864465375	s4-eth7	16713	29095058
1787644400.864465375	s4-eth8	14666	39296886
1787644400.864465375	s4-eth9	16106	44553746
1787644400.864465375	s5-eth1	2073817718	419154
1787644400.864465375	s5-eth2	1243238263	848349685
1787644400.864465375	s5-eth3	12068	1997507266
1787644400.864465375	s5-eth4	459726	12068
1787644400.864465375	s6-eth1	12068	21233
1787644400.864465375	s6-eth2	1382877	9835
1787644400.864465375	s6-eth3	12068	1277098
1787644400.864465375	s6-eth4	10305	12068
1787644400.864465375	s7-eth1	1121253119	827207251
1787644400.864465375	s7-eth2	418706	1920384845
1787644400.864465375	s7-eth3	1853594602	10038
1787644400.864465375	s7-eth4	195275	678824
1787644400.864465375	s8-eth1	12068	8312969
1787644400.864465375	s8-eth2	21884	12068
1787644400.864465375	s8-eth3	8401782	12068
1787644400.864465375	s8-eth4	45712	12068
1787644400.864465375	s9-eth1	1998069646	12068
1787644400.864465375	s9-eth2	1277098	12068
1787644400.864465375	s9-eth3	10038	1853973848
1787644400.864465375	s9-eth4	12068	8401782
1787644405.075304903	s10-eth1	12095	459754
1787644405.075304903	s10-eth2	12095	10333
1787644405.075304903	s10-eth3	678851	195303
1787644405.075304903	s10-eth4	12095	45740
1787644405.075304903	s1-eth1	419181	2093413083
1787644405.075304903	s1-eth10	70184041	17726
1787644405.075304903	s1-eth11	223532769	20312
1787644405.075304903	s1-eth12	70182388	17893
1787644405.075304903	s1-eth13	76611484	19076
1787644405.075304903	s1-eth14	70181863	17894
1787644405.075304903	s1-eth15	39331301	21168
1787644405.075304903	s1-eth16	50876752	16898
1787644405.075304903	s1-eth17	76628004	18292
1787644405.075304903	s1-eth18	70186718	17549
1787644405.075304903	s1-eth19	253101450	18304
1787644405.075304903	s1-eth2	21260	12095
1787644405.075304903	s1-eth20	70190152	16746
1787644405.075304903	s1-eth21	63754867	17355
1787644405.075304903	s1-eth22	70176529	16880
1787644405.075304903	s1-eth23	39390334	19892
1787644405.075304903	s1-eth24	66965690	15928
1787644405.075304903	s1-eth25	38000545	15875
1787644405.075304903	s1-eth26	50873838	15379
1787644405.075304903	s1-eth27	223654017	18287
1787644405.075304903	s1-eth28	50870455	15464
1787644405.075304903	s1-eth29	57315517	17534
1787644405.075304903	s1-eth3	369438621	20301
1787644405.075304903	s1-eth30	57314683	15556
1787644405.075304903	s1-eth31	36904424	18601
1787644405.075304903	s1-eth32	70187909	16731
1787644405.075304903	s1-eth33	57318346	17482
1787644405.075304903	s1-eth34	50875308	15353
1787644405.075304903	s1-eth4	70184840	18629
1787644405.075304903	s1-eth5	76617581	19771
1787644405.075304903	s1-eth6	70177558	18608
1787644405.075304903	s1-eth7	39505679	21032
1787644405.075304903	s1-eth8	70186433	19076
1787644405.075304903	s1-eth9	76614389	19326
1787644405.075304903	s2-eth1	859415620	1248389114
1787644405.075304903	s2-eth10	70185294	17764
1787644405.075304903	s2-eth11	300955543	20238
1787644405.075304903	s2-eth12	70186569	17856
1787644405.075304903	s2-eth13	76627604	18500
1787644405.075304903	s2-eth14	70187528	17298
1787644405.075304903	s2-eth15	39536338	20444
1787644405.075304903	s2-eth16	63754726	16361
1787644405.075304903	s2-eth17	76626331	18564
1787644405.075304903	s2-eth18	57313731	16204
1787644405.075304903	s2-eth19	15413	189585988
1787644405.075304903	s2-eth2	9862	1382904
1787644405.075304903	s2-eth20	13479	36289633
1787644405.075304903	s2-eth21	13975	36530448
1787644405.075304903	s2-eth22	13343	35509688
1787644405.075304903	s2-eth23	16824	31226577
1787644405.075304903	s2-eth24	12555	33373296
1787644405.075304903	s2-eth25	12949	30922764
1787644405.075304903	s2-eth26	12582	28168523
1787644405.075304903	s2-eth27	15314	114880815
1787644405.075304903	s2-eth28	12824	27745086
1787644405.075304903	s2-eth29	14491	38154668
1787644405.075304903	s2-eth3	310256702	20186
1787644405.075304903	s2-eth30	12778	30347750
1787644405.075304903	s2-eth31	15228	30257706
1787644405.075304903	s2-eth32	13868	34355592
1787644405.075304903	s2-eth33	14372	37209655
1787644405.075304903	s2-eth34	12313	27739896
1787644405.075304903	s2-eth4	66938902	16455
1787644405.075304903	s2-eth5	76608233	18835
1787644405.075304903	s2-eth6	70180983	16892
1787644405.075304903	s2-eth7	35154334	19287
1787644405.075304903	s2-eth8	70171821	17196
1787644405.075304903	s2-eth9	76612496	18770
1787644405.075304903	s3-eth1	839132618	1126888482
1787644405.075304903	s3-eth10	15247	30882005
1787644405.075304903	s3-eth11	16912	114062850
1787644405.075304903	s3-eth12	15615	30740508
1787644405.075304903	s3-eth13	16493	34952831
1787644405.075304903	s3-eth14	14979	30455218
1787644405.075304903	s3-eth15	18450	29991461
1787644405.075304903	s3-eth16	13506	28745474
1787644405.075304903	s3-eth17	15664	44718400
1787644405.075304903	s3-eth18	14302	30197367
1787644405.075304903	s3-eth19	297405228	18841
1787644405.075304903	s3-eth2	8312996	12095
1787644405.075304903	s3-eth20	63743432	16089
1787644405.075304903	s3-eth21	76626321	18261
1787644405.075304903	s3-eth22	66957942	16125
1787644405.075304903	s3-eth23	36562377	18496
1787644405.075304903	s3-eth24	44437054	14887
1787644405.075304903	s3-eth25	76630483	18118
1787644405.075304903	s3-eth26	70188391	16792
1787644405.075304903	s3-eth27	185414069	17068
1787644405.075304903	s3-eth28	70191163	16636
1787644405.075304903	s3-eth29	76611023	17892
1787644405.075304903	s3-eth3	16928	186144367
1787644405.075304903	s3-eth30	54090982	14894
1787644405.075304903	s3-eth31	31597593	18073
1787644405.075304903	s3-eth32	48297169	15932
1787644405.075304903	s3-eth33	76619582	17829
1787644405.075304903	s3-eth34	38000129	14977
1787644405.075304903	s3-eth4	15196	31930291
1787644405.075304903	s3-eth5	17092	36251112
1787644405.075304903	s3-eth6	15492	31489635
1787644405.075304903	s3-eth7	18256	30720863
1787644405.075304903	s3-eth8	16155	31277354
1787644405.075304903	s3-eth9	16542	35577110
1787644405.075304903	s4-eth1	1932822122	418733
1787644405.075304903	s4-eth10	14529	38988639
1787644405.075304903	s4-eth11	17651	152229780
1787644405.075304903	s4-eth12	14850	38838299
1787644405.075304903	s4-eth13	16419	44086856
1787644405.075304903	s4-eth14	14629	39425447
1787644405.075304903	s4-eth15	18426	32797170
1787644405.075304903	s4-eth16	13766	45557601
1787644405.075304903	s4-eth17	15486	44003025
1787644405.075304903	s4-eth18	13486	34987218
1787644405.075304903	s4-eth19	15374	177216317
1787644405.075304903	s4-eth2	12095	21911
1787644405.075304903	s4-eth20	12552	44811515
1787644405.075304903	s4-eth21	14814	55287800
1787644405.075304903	s4-eth22	12585	46378658
1787644405.075304903	s4-eth23	15089	34228068
1787644405.075304903	s4-eth24	11483	36426299
1787644405.075304903	s4-eth25	14671	55370795
1787644405.075304903	s4-eth26	13435	49376203
1787644405.075304903	s4-eth27	13824	139187864
1787644405.075304903	s4-eth28	13189	49709030
1787644405.075304903	s4-eth29	14579	54477762
1787644405.075304903	s4-eth3	17377	156137597
1787644405.075304903	s4-eth30	11607	39975465
1787644405.075304903	s4-eth31	15407	29672188
1787644405.075304903	s4-eth32	12773	29010112
1787644405.075304903	s4-eth33	14358	54828202
1787644405.075304903	s4-eth34	11526	34810298
1787644405.075304903	s4-eth4	14188	37151534
1787644405.075304903	s4-eth5	15733	44820189
1787644405.075304903	s4-eth6	14384	39492423
1787644405.075304903	s4-eth7	16713	31343136
1787644405.075304903	s4-eth8	14666	39296886
1787644405.075304903	s4-eth9	16106	44553746
1787644405.075304903	s5-eth1	2105837355	419181
1787644405.075304903	s5-eth2	1250606910	864257856
1787644405.075304903	s5-eth3	12095	2020743681
1787644405.075304903	s5-eth4	459754	12095
1787644405.075304903	s6-eth1	12095	21260
1787644405.075304903	s6-eth2	1382904	9862
1787644405.075304903	s6-eth3	12095	1277125
1787644405.075304903	s6-eth4	10333	12095
1787644405.075304903	s7-eth1	1128774618	843203384
1787644405.075304903	s7-eth2	418733	1935338412
1787644405.075304903	s7-eth3	1877230451	10065
1787644405.075304903	s7-eth4	195303	678851
1787644405.075304903	s8-eth1	12095	8312996
1787644405.075304903	s8-eth2	21911	12095
1787644405.075304903	s8-eth3	8401809	12095
1787644405.075304903	s8-eth4	45740	12095
1787644405.075304903	s9-eth1	2021908817	12095
1787644405.075304903	s9-eth2	1277125	12095
1787644405.075304903	s9-eth3	10065	1877727941
1787644405.075304903	s9-eth4	12095	8401809
1787644408.748691882	s10-eth1	12095	459754
1787644408.748691882	s10-eth2	12095	10333
1787644408.748691882	s10-eth3	678851	195303
1787644408.748691882	s10-eth4	12095	45740
1787644408.748691882	s1-eth1	419181	2126912185
1787644408.748691882	s1-eth10	70184041	17726
1787644408.748691882	s1-eth11	225940909	20312
1787644408.748691882	s1-eth12	70182388	17893
1787644408.748691882	s1-eth13	76611484	19076
1787644408.748691882	s1-eth14	70181863	17894
1787644408.748691882	s1-eth15	41758187	21168
1787644408.748691882	s1-eth16	50876752	16898
1787644408.748691882	s1-eth17	76628004	18292
1787644408.748691882	s1-eth18	70186718	17549
1787644408.748691882	s1-eth19	262885420	18304
1787644408.748691882	s1-eth2	21260	12095
1787644408.748691882	s1-eth20	70190152	16746
1787644408.748691882	s1-eth21	63754867	17355
1787644408.748691882	s1-eth22	70176529	16880
1787644408.748691882	s1-eth23	41851828	19892
1787644408.748691882	s1-eth24	66965690	15928
1787644408.748691882	s1-eth25	38000545	15875
1787644408.748691882	s1-eth26	50873838	15379
1787644408.748691882	s1-eth27	226116953	18287
1787644408.748691882	s1-eth28	50870455	15464
1787644408.748691882	s1-eth29	57315517	17534
1787644408.748691882	s1-eth3	379271619	20301
1787644408.748691882	s1-eth30	57314683	15556
1787644408.748691882	s1-eth31	39370244	18601
1787644408.748691882	s1-eth32	70187909	16731
1787644408.748691882	s1-eth33	57318346	17482
1787644408.748691882	s1-eth34	50875308	15353
1787644408.748691882	s1-eth4	70184840	18629
1787644408.748691882	s1-eth5	76617581	19771
1787644408.748691882	s1-eth6	70177558	18608
1787644408.748691882	s1-eth7	42030621	21032
1787644408.748691882	s1-eth8	70186433	19076
1787644408.748691882	s1-eth9	76614389	19326
1787644408.748691882	s2-eth1	877072910	1256520552
1787644408.748691882	s2-eth10	70185294	17764
1787644408.748691882	s2-eth11	303499231	20238
1787644408.748691882	s2-eth12	70186569	17856
1787644408.748691882	s2-eth13	76627604	18500
1787644408.748691882	s2-eth14	70187528	17298
1787644408.748691882	s2-eth15	42084352	20444
1787644408.748691882	s2-eth16	63754726	16361
1787644408.748691882	s2-eth17	76626331	18564
1787644408.748691882	s2-eth18	57313731	16204
1787644408.748691882	s2-eth19	15413	199814094
1787644408.748691882	s2-eth2	9889	1382931
1787644408.748691882	s2-eth20	13479	36289633
1787644408.748691882	s2-eth21	13975	36530448
1787644408.748691882	s2-eth22	13343	35509688
1787644408.748691882	s2-eth23	16824	33786127
1787644408.748691882	s2-eth24	12555	33373296
1787644408.748691882	s2-eth25	12949	30922764
1787644408.748691882	s2-eth26	12582	28168523
1787644408.748691882	s2-eth27	15314	117461995
1787644408.748691882	s2-eth28	12824	27745086
1787644408.748691882	s2-eth29	14491	38154668
1787644408.748691882	s2-eth3	310780148	20186
1787644408.748691882	s2-eth30	12778	30347750
1787644408.748691882	s2-eth31	15228	32861958
1787644408.748691882	s2-eth32	13868	34355592
1787644408.748691882	s2-eth33	14372	37209655
1787644408.748691882	s2-eth34	12313	27739896
1787644408.748691882	s2-eth4	66938902	16455
1787644408.748691882	s2-eth5	76608233	18835
1787644408.748691882	s2-eth6	70180983	16892
1787644408.748691882	s2-eth7	37787426	19287
1787644408.748691882	s2-eth8	70171821	17196
1787644408.748691882	s2-eth9	76612496	18770
1787644408.748691882	s3-eth1	857228303	1135304021
1787644408.748691882	s3-eth10	15247	30882005
1787644408.748691882	s3-eth11	16912	116667102
1787644408.748691882	s3-eth12	15615	30740508
1787644408.748691882	s3-eth13	16493	34952831
1787644408.748691882	s3-eth14	14979	30455218
1787644408.748691882	s3-eth15	18450	32575525
1787644408.748691882	s3-eth16	13506	28745474
1787644408.748691882	s3-eth17	15664	44718400
1787644408.748691882	s3-eth18	14302	30197367
1787644408.748691882	s3-eth19	297930116	18841
1787644408.748691882	s3-eth2	8313023	12122
1787644408.748691882	s3-eth20	63743432	16089
1787644408.748691882	s3-eth21	76626321	18261
1787644408.748691882	s3-eth22	66957942	16125
1787644408.748691882	s3-eth23	39183933	18496
1787644408.748691882	s3-eth24	44437054	14887
1787644408.748691882	s3-eth25	76630483	18118
1787644408.748691882	s3-eth26	70188391	16792
1787644408.748691882	s3-eth27	188028415	17068
1787644408.748691882	s3-eth28	70191163	16636
1787644408.748691882	s3-eth29	76611023	17892
1787644408.748691882	s3-eth3	16928	196281627
1787644408.748691882	s3-eth30	54090982	14894
1787644408.748691882	s3-eth31	34201845	18073
1787644408.748691882	s3-eth32	48297169	15932
1787644408.748691882	s3-eth33	76619582	17829
1787644408.748691882	s3-eth34	38000129	14977
1787644408.748691882	s3-eth4	15196	31930291
1787644408.748691882	s3-eth5	17092	36251112
1787644408.748691882	s3-eth6	15492	31489635
1787644408.748691882	s3-eth7	18256	33273203
1787644408.748691882	s3-eth8	16155	31277354
1787644408.748691882	s3-eth9	16542	35577110
1787644408.748691882	s4-eth1	1949284021	418760
1787644408.748691882	s4-eth10	14529	38988639
1787644408.748691882	s4-eth11	17651	154776352
1787644408.748691882	s4-eth12	14850	38838299
1787644408.748691882	s4-eth13	16419	44086856
1787644408.748691882	s4-eth14	14629	39425447
1787644408.748691882	s4-eth15	18426	35313460
1787644408.748691882	s4-eth16	13766	45557601
1787644408.748691882	s4-eth17	15486	44003025
1787644408.748691882	s4-eth18	13486	34987218
1787644408.748691882	s4-eth19	15374	177716691
1787644408.748691882	s4-eth2	12122	21938
1787644408.748691882	s4-eth20	12552	44811515
1787644408.748691882	s4-eth21	14814	55287800
1787644408.748691882	s4-eth22	12585	46378658
1787644408.748691882	s4-eth23	15089	36718402
1787644408.748691882	s4-eth24	11483	36426299
1787644408.748691882	s4-eth25	14671	55370795
1787644408.748691882	s4-eth26	13435	49376203
1787644408.748691882	s4-eth27	13824	141681082
1787644408.748691882	s4-eth28	13189	49709030
1787644408.748691882	s4-eth29	14579	54477762
1787644408.748691882	s4-eth3	17377	156637971
1787644408.748691882	s4-eth30	11607	39975465
1787644408.748691882	s4-eth31	15407	32158196
1787644408.748691882	s4-eth32	12773	29010112
1787644408.748691882	s4-eth33	14358	54828202
1787644408.748691882	s4-eth34	11526	34810298
1787644408.748691882	s4-eth4	14188	37151534
1787644408.748691882	s4-eth5	15733	44820189
1787644408.748691882	s4-eth6	14384	39492423
1787644408.748691882	s4-eth7	16713	33772906
1787644408.748691882	s4-eth8	14666	39296886
1787644408.748691882	s4-eth9	16106	44553746
1787644408.748691882	s5-eth1	2139743128	419208
1787644408.748691882	s5-eth2	1258359129	881062951
1787644408.748691882	s5-eth3	12122	2045132254
1787644408.748691882	s5-eth4	459782	12122
1787644408.748691882	s6-eth1	12122	21287
1787644408.748691882	s6-eth2	1382931	9889
1787644408.748691882	s6-eth3	12122	1277152
1787644408.748691882	s6-eth4	10361	12122
1787644408.748691882	s7-eth1	1136388405	859564343
1787644408.748691882	s7-eth2	418760	1950449157
1787644408.748691882	s7-eth3	1901140280	10092
1787644408.748691882	s7-eth4	195331	678878
1787644408.748691882	s8-eth1	12122	8313023
1787644408.748691882	s8-eth2	21938	12122
1787644408.748691882	s8-eth3	8401836	12122
1787644408.748691882	s8-eth4	45768	12122
1787644408.748691882	s9-eth1	2045745104	12122
1787644408.748691882	s9-eth2	1277152	12122
1787644408.748691882	s9-eth3	10092	1901642096
1787644408.748691882	s9-eth4	12122	8401836
1787644412.459493009	s10-eth1	12122	459782
1787644412.459493009	s10-eth2	12122	10361
1787644412.459493009	s10-eth3	678878	195331
1787644412.459493009	s10-eth4	12122	45768
1787644412.459493009	s1-eth1	419208	2161523096
1787644412.459493009	s1-eth10	70184041	17726
1787644412.459493009	s1-eth11	228439895	20312
1787644412.459493009	s1-eth12	70182388	17893
1787644412.459493009	s1-eth13	76611484	19076
1787644412.459493009	s1-eth14	70181863	17894
1787644412.459493009	s1-eth15	44311969	21168
1787644412.459493009	s1-eth16	50876752	16898
1787644412.459493009	s1-eth17	76628004	18292
1787644412.459493009	s1-eth18	70186718	17549
1787644412.459493009	s1-eth19	273299544	18304
1787644412.459493009	s1-eth2	21287	12122
1787644412.459493009	s1-eth20	70190152	16746
1787644412.459493009	s1-eth21	63754867	17355
1787644412.459493009	s1-eth22	70176529	16880
1787644412.459493009	s1-eth23	44503666	19892
1787644412.459493009	s1-eth24	66965690	15928
1787644412.459493009	s1-eth25	38000545	15875
1787644412.459493009	s1-eth26	50873838	15379
1787644412.459493009	s1-eth27	228807725	18287
1787644412.459493009	s1-eth28	50870455	15464
1787644412.459493009	s1-eth29	57315517	17534
1787644412.459493009	s1-eth3	390111133	20301
1787644412.459493009	s1-eth30	57314683	15556
1787644412.459493009	s1-eth31	42094182	18601
1787644412.459493009	s1-eth32	70187909	16731
1787644412.459493009	s1-eth33	57318346	17482
1787644412.459493009	s1-eth34	50875308	15353
1787644412.459493009	s1-eth4	70184840	18629
1787644412.459493009	s1-eth5	76617581	19771
1787644412.459493009	s1-eth6	70177558	18608
1787644412.459493009	s1-eth7	44789167	21032
1787644412.459493009	s1-eth8	70186433	19076
1787644412.459493009	s1-eth9	76614389	19326
1787644412.459493009	s2-eth1	896440439	1265424929
1787644412.459493009	s2-eth10	70185294	17764
1787644412.459493009	s2-eth11	306292385	20238
1787644412.459493009	s2-eth12	70186569	17856
1787644412.459493009	s2-eth13	76627604	18500
1787644412.459493009	s2-eth14	70187528	17298
1787644412.459493009	s2-eth15	44914998	20444
1787644412.459493009	s2-eth16	63754726	16361
1787644412.459493009	s2-eth17	76626331	18564
1787644412.459493009	s2-eth18	57313731	16204
1787644412.459493009	s2-eth19	15413	211115048
1787644412.459493009	s2-eth2	9889	1382931
1787644412.459493009	s2-eth20	13479	36289633
1787644412.459493009	s2-eth21	13975	36530448
1787644412.459493009	s2-eth22	13343	35509688
1787644412.459493009	s2-eth23	16824	36644171
1787644412.459493009	s2-eth24	12555	33373296
1787644412.459493009	s2-eth25	12949	30922764
1787644412.459493009	s2-eth26	12582	28168523
1787644412.459493009	s2-eth27	15314	120353205
1787644412.459493009	s2-eth28	12824	27745086
1787644412.459493009	s2-eth29	14491	38154668
1787644412.459493009	s2-eth3	311368484	20186
1787644412.459493009	s2-eth30	12778	30347750
1787644412.459493009	s2-eth31	15228	35764704
1787644412.459493009	s2-eth32	13868	34355592
1787644412.459493009	s2-eth33	14372	37209655
1787644412.459493009	s2-eth34	12313	27739896
1787644412.459493009	s2-eth4	66938902	16455
1787644412.459493009	s2-eth5	76608233	18835
1787644412.459493009	s2-eth6	70180983	16892
1787644412.459493009	s2-eth7	40772366	19287
1787644412.459493009	s2-eth8	70171821	17196
1787644412.459493009	s2-eth9	76612496	18770
1787644412.459493009	s3-eth1	877641255	1144958238
1787644412.459493009	s3-eth10	15247	30882005
1787644412.459493009	s3-eth11	16912	119581384
1787644412.459493009	s3-eth12	15615	30740508
1787644412.459493009	s3-eth13	16493	34952831
1787644412.459493009	s3-eth14	14979	30455218
1787644412.459493009	s3-eth15	18450	35540277
1787644412.459493009	s3-eth16	13506	28745474
1787644412.459493009	s3-eth17	15664	44718400
1787644412.459493009	s3-eth18	14302	30197367
1787644412.459493009	s3-eth19	298561712	18841
1787644412.459493009	s3-eth2	8313050	12149
1787644412.459493009	s3-eth20	63743432	16089
1787644412.459493009	s3-eth21	76626321	18261
1787644412.459493009	s3-eth22	66957942	16125
1787644412.459493009	s3-eth23	42403919	18496
1787644412.459493009	s3-eth24	44437054	14887
1787644412.459493009	s3-eth25	76630483	18118
1787644412.459493009	s3-eth26	70188391	16792
1787644412.459493009	s3-eth27	191319059	17068
1787644412.459493009	s3-eth28	70191163	16636
1787644412.459493009	s3-eth29	76611023	17892
1787644412.459493009	s3-eth3	16928	208982763
1787644412.459493009	s3-eth30	54090982	14894
1787644412.459493009	s3-eth31	37519887	18073
1787644412.459493009	s3-eth32	48297169	15932
1787644412.459493009	s3-eth33	76619582	17829
1787644412.459493009	s3-eth34	38000129	14977
1787644412.459493009	s3-eth4	15196	31930291
1787644412.459493009	s3-eth5	17092	36251112
1787644412.459493009	s3-eth6	15492	31489635
1787644412.459493009	s3-eth7	18256	36496073
1787644412.459493009	s3-eth8	16155	31277354
1787644412.459493009	s3-eth9	16542	35577110
1787644412.459493009	s4-eth1	1970713610	418787
1787644412.459493009	s4-eth10	14529	38988639
1787644412.459493009	s4-eth11	17651	158085742
1787644412.459493009	s4-eth12	14850	38838299
1787644412.459493009	s4-eth13	16419	44086856
1787644412.459493009	s4-eth14	14629	39425447
1787644412.459493009	s4-eth15	18426	38676204
1787644412.459493009	s4-eth16	13766	45557601
1787644412.459493009	s4-eth17	15486	44003025
1787644412.459493009	s4-eth18	13486	34987218
1787644412.459493009	s4-eth19	15374	178416061
1787644412.459493009	s4-eth2	12149	21965
1787644412.459493009	s4-eth20	12552	44811515
1787644412.459493009	s4-eth21	14814	55287800
1787644412.459493009	s4-eth22	12585	46378658
1787644412.459493009	s4-eth23	15089	40275816
1787644412.459493009	s4-eth24	11483	36426299
1787644412.459493009	s4-eth25	14671	55370795
1787644412.459493009	s4-eth26	13435	49376203
1787644412.459493009	s4-eth27	13824	145297618
1787644412.459493009	s4-eth28	13189	49709030
1787644412.459493009	s4-eth29	14579	54477762
1787644412.459493009	s4-eth3	17377	157351761
1787644412.459493009	s4-eth30	11607	39975465
1787644412.459493009	s4-eth31	15407	35817992
1787644412.459493009	s4-eth32	12773	29010112
1787644412.459493009	s4-eth33	14358	54828202
1787644412.459493009	s4-eth34	11526	34810298
1787644412.459493009	s4-eth4	14188	37151534
1787644412.459493009	s4-eth5	15733	44820189
1787644412.459493009	s4-eth6	14384	39492423
1787644412.459493009	s4-eth7	16713	37435586
1787644412.459493009	s4-eth8	14666	39296886
1787644412.459493009	s4-eth9	16106	44553746
1787644412.459493009	s5-eth1	2192578035	419235
1787644412.459493009	s5-eth2	1270535404	907432832
1787644412.459493009	s5-eth3	12149	2083741831
1787644412.459493009	s5-eth4	459810	12149
1787644412.459493009	s6-eth1	12149	21314
1787644412.459493009	s6-eth2	1382958	9916
1787644412.459493009	s6-eth3	12149	1277179
1787644412.459493009	s6-eth4	10389	12149
1787644412.459493009	s7-eth1	1148737720	885478552
1787644412.459493009	s7-eth2	418787	1974840614
1787644412.459493009	s7-eth3	1939775813	10119
1787644412.459493009	s7-eth4	195359	678905
1787644412.459493009	s8-eth1	12149	8313050
1787644412.459493009	s8-eth2	21965	12149
1787644412.459493009	s8-eth3	8401863	12149
1787644412.459493009	s8-eth4	45796	12149
1787644412.459493009	s9-eth1	2085077123	12149
1787644412.459493009	s9-eth2	1277179	12149
1787644412.459493009	s9-eth3	10119	1940489603
1787644412.459493009	s9-eth4	12149	8401863
1787644418.497582270	s10-eth1	12149	459810
1787644418.497582270	s10-eth2	12149	10389
1787644418.497582270	s10-eth3	678905	195359
1787644418.497582270	s10-eth4	12149	45796
1787644418.497582270	s1-eth1	419235	2215191479
1787644418.497582270	s1-eth10	70184041	17726
1787644418.497582270	s1-eth11	232272731	20312
1787644418.497582270	s1-eth12	70182388	17893
1787644418.497582270	s1-eth13	76611484	19076
1787644418.497582270	s1-eth14	70181863	17894
1787644418.497582270	s1-eth15	48160667	21168
1787644418.497582270	s1-eth16	50876752	16898
1787644418.497582270	s1-eth17	76628004	18292
1787644418.497582270	s1-eth18	70186718	17549
1787644418.497582270	s1-eth19	288646750	18304
1787644418.497582270	s1-eth2	21314	12149
1787644418.497582270	s1-eth20	70190152	16746
1787644418.497582270	s1-eth21	63754867	17355
1787644418.497582270	s1-eth22	70176529	16880
1787644418.497582270	s1-eth23	48329292	19892
1787644418.497582270	s1-eth24	66965690	15928
1787644418.497582270	s1-eth25	38000545	15875
1787644418.497582270	s1-eth26	50873838	15379
1787644418.497582270	s1-eth27	232624699	18287
1787644418.497582270	s1-eth28	50870455	15464
1787644418.497582270	s1-eth29	57315517	17534
1787644418.497582270	s1-eth3	405345863	20301
1787644418.497582270	s1-eth30	57314683	15556
1787644418.497582270	s1-eth31	45915482	18601
1787644418.497582270	s1-eth32	70187909	16731
1787644418.497582270	s1-eth33	57318346	17482
1787644418.497582270	s1-eth34	50875308	15353
1787644418.497582270	s1-eth4	70184840	18629
1787644418.497582270	s1-eth5	76617581	19771
1787644418.497582270	s1-eth6	70177558	18608
1787644418.497582270	s1-eth7	48634981	21032
1787644418.497582270	s1-eth8	70186433	19076
1787644418.497582270	s1-eth9	76614389	19326
1787644418.497582270	s2-eth1	922898309	1277767061
1787644418.497582270	s2-eth10	70185294	17764
1787644418.497582270	s2-eth11	310149735	20238
1787644418.497582270	s2-eth12	70186569	17856
1787644418.497582270	s2-eth13	76627604	18500
1787644418.497582270	s2-eth14	70187528	17298
1787644418.497582270	s2-eth15	48805514	20444
1787644418.497582270	s2-eth16	63754726	16361
1787644418.497582270	s2-eth17	76626331	18564
1787644418.497582270	s2-eth18	57313731	16204
1787644418.497582270	s2-eth19	15413	226322380
1787644418.497582270	s2-eth2	9943	1382985
1787644418.497582270	s2-eth20	13479	36289633
1787644418.497582270	s2-eth21	13975	36530448
1787644418.497582270	s2-eth22	13343	35509688
1787644418.497582270	s2-eth23	16824	40464029
1787644418.497582270	s2-eth24	12555	33373296
1787644418.497582270	s2-eth25	12949	30922764
1787644418.497582270	s2-eth26	12582	28168523
1787644418.497582270	s2-eth27	15314	124190367
1787644418.497582270	s2-eth28	12824	27745086
1787644418.497582270	s2-eth29	14491	38154668
1787644418.497582270	s2-eth3	312150048	20186
1787644418.497582270	s2-eth30	12778	30347750
1787644418.497582270	s2-eth31	15228	39633590
1787644418.497582270	s2-eth32	13868	34355592
1787644418.497582270	s2-eth33	14372	37209655
1787644418.497582270	s2-eth34	12313	27739896
1787644418.497582270	s2-eth4	66938902	16455
1787644418.497582270	s2-eth5	76608233	18835
1787644418.497582270	s2-eth6	70180983	16892
1787644418.497582270	s2-eth7	44670092	19287
1787644418.497582270	s2-eth8	70171821	17196
1787644418.497582270	s2-eth9	76612496	18770
1787644418.497582270	s3-eth1	903871289	1157323415
1787644418.497582270	s3-eth10	15247	30882005
1787644418.497582270	s3-eth11	16912	123308954
1787644418.497582270	s3-eth12	15615	30740508
1787644418.497582270	s3-eth13	16493	34952831
1787644418.497582270	s3-eth14	14979	30455218
1787644418.497582270	s3-eth15	18450	39257753
1787644418.497582270	s3-eth16	13506	28745474
1787644418.497582270	s3-eth17	15664	44718400
1787644418.497582270	s3-eth18	14302	30197367
1787644418.497582270	s3-eth19	299311552	18841
1787644418.497582270	s3-eth2	8313077	12176
1787644418.497582270	s3-eth20	63743432	16089
1787644418.497582270	s3-eth21	76626321	18261
1787644418.497582270	s3-eth22	66957942	16125
1787644418.497582270	s3-eth23	46156003	18496
1787644418.497582270	s3-eth24	44437054	14887
1787644418.497582270	s3-eth25	76630483	18118
1787644418.497582270	s3-eth26	70188391	16792
1787644418.497582270	s3-eth27	195063933	17068
1787644418.497582270	s3-eth28	70191163	16636
1787644418.497582270	s3-eth29	76611023	17892
1787644418.497582270	s3-eth3	16928	223402763
1787644418.497582270	s3-eth30	54090982	14894
1787644418.497582270	s3-eth31	41266203	18073
1787644418.497582270	s3-eth32	48297169	15932
1787644418.497582270	s3-eth33	76619582	17829
1787644418.497582270	s3-eth34	38000129	14977
1787644418.497582270	s3-eth4	15196	31930291
1787644418.497582270	s3-eth5	17092	36251112
1787644418.497582270	s3-eth6	15492	31489635
1787644418.497582270	s3-eth7	18256	40225085
1787644418.497582270	s3-eth8	16155	31277354
1787644418.497582270	s3-eth9	16542	35577110
1787644418.497582270	s4-eth1	1995180051	418814
1787644418.497582270	s4-eth10	14529	38988639
1787644418.497582270	s4-eth11	17651	161899832
1787644418.497582270	s4-eth12	14850	38838299
1787644418.497582270	s4-eth13	16419	44086856
1787644418.497582270	s4-eth14	14629	39425447
1787644418.497582270	s4-eth15	18426	42543648
1787644418.497582270	s4-eth16	13766	45557601
1787644418.497582270	s4-eth17	15486	44003025
1787644418.497582270	s4-eth18	13486	34987218
1787644418.497582270	s4-eth19	15374	179203393
1787644418.497582270	s4-eth2	12176	21992
1787644418.497582270	s4-eth20	12552	44811515
1787644418.497582270	s4-eth21	14814	55287800
1787644418.497582270	s4-eth22	12585	46378658
1787644418.497582270	s4-eth23	15089	44268714
1787644418.497582270	s4-eth24	11483	36426299
1787644418.497582270	s4-eth25	14671	55370795
1787644418.497582270	s4-eth26	13435	49376203
1787644418.497582270	s4-eth27	13824	149348196
1787644418.497582270	s4-eth28	13189	49709030
1787644418.497582270	s4-eth29	14579	54477762
1787644418.497582270	s4-eth3	17377	158163607
1787644418.497582270	s4-eth30	11607	39975465
1787644418.497582270	s4-eth31	15407	39937786
1787644418.497582270	s4-eth32	12773	29010112
1787644418.497582270	s4-eth33	14358	54828202
1787644418.497582270	s4-eth34	11526	34810298
1787644418.497582270	s4-eth4	14188	37151534
1787644418.497582270	s4-eth5	15733	44820189
1787644418.497582270	s4-eth6	14384	39492423
1787644418.497582270	s4-eth7	16713	41588546
1787644418.497582270	s4-eth8	14666	39296886
1787644418.497582270	s4-eth9	16106	44553746
1787644418.497582270	s5-eth1	2251189594	419262
1787644418.497582270	s5-eth2	1283946031	936497811
1787644418.497582270	s5-eth3	12176	2126296720
1787644418.497582270	s5-eth4	459838	12176
1787644418.497582270	s6-eth1	12176	21341
1787644418.497582270	s6-eth2	1382985	9943
1787644418.497582270	s6-eth3	12176	1277206
1787644418.497582270	s6-eth4	10417	12176
1787644418.497582270	s7-eth1	1162213237	914531995
1787644418.497582270	s7-eth2	418814	2001778643
1787644418.497582270	s7-eth3	1982444620	10146
1787644418.497582270	s7-eth4	195387	678932
1787644418.497582270	s8-eth1	12176	8313077
1787644418.497582270	s8-eth2	21992	12176
1787644418.497582270	s8-eth3	8401890	12176
1787644418.497582270	s8-eth4	45824	12176
1787644418.497582270	s9-eth1	2128446742	12176
1787644418.497582270	s9-eth2	1277206	12176
1787644418.497582270	s9-eth3	10146	1984071196
1787644418.497582270	s9-eth4	12176	8401890
1787644425.263549888	s10-eth1	12203	459866
1787644425.263549888	s10-eth2	12203	10445
1787644425.263549888	s10-eth3	678959	195415
1787644425.263549888	s10-eth4	12203	45852
1787644425.263549888	s1-eth1	419289	2276682739
1787644425.263549888	s1-eth10	70184041	17726
1787644425.263549888	s1-eth11	236683809	20312
1787644425.263549888	s1-eth12	70182388	17893
1787644425.263549888	s1-eth13	76611484	19076
1787644425.263549888	s1-eth14	70181863	17894
1787644425.263549888	s1-eth15	52547231	21168
1787644425.263549888	s1-eth16	50876752	16898
1787644425.263549888	s1-eth17	76628004	18292
1787644425.263549888	s1-eth18	70186718	17549
1787644425.263549888	s1-eth19	306293946	18304
1787644425.263549888	s1-eth2	21368	12203
1787644425.263549888	s1-eth20	70190152	16746
1787644425.263549888	s1-eth21	63754867	17355
1787644425.263549888	s1-eth22	70176529	16880
1787644425.263549888	s1-eth23	52769210	19892
1787644425.263549888	s1-eth24	66965690	15928
1787644425.263549888	s1-eth25	38000545	15875
1787644425.263549888	s1-eth26	50873838	15379
1787644425.263549888	s1-eth27	237058849	18287
1787644425.263549888	s1-eth28	50870455	15464
1787644425.263549888	s1-eth29	57315517	17534
1787644425.263549888	s1-eth3	423135817	20301
1787644425.263549888	s1-eth30	57314683	15556
1787644425.263549888	s1-eth31	50340980	18601
1787644425.263549888	s1-eth32	70187909	16731
1787644425.263549888	s1-eth33	57318346	17482
1787644425.263549888	s1-eth34	50875308	15353
1787644425.263549888	s1-eth4	70184840	18629
1787644425.263549888	s1-eth5	76617581	19771
1787644425.263549888	s1-eth6	70177558	18608
1787644425.263549888	s1-eth7	53069131	21032
1787644425.263549888	s1-eth8	70186433	19076
1787644425.263549888	s1-eth9	76614389	19326
1787644425.263549888	s2-eth1	952851560	1291866964
1787644425.263549888	s2-eth10	70185294	17764
1787644425.263549888	s2-eth11	314552161	20238
1787644425.263549888	s2-eth12	70186569	17856
1787644425.263549888	s2-eth13	76627604	18500
1787644425.263549888	s2-eth14	70187528	17298
1787644425.263549888	s2-eth15	53143050	20444
1787644425.263549888	s2-eth16	63754726	16361
1787644425.263549888	s2-eth17	76626331	18564
1787644425.263549888	s2-eth18	57313731	16204
1787644425.263549888	s2-eth19	15413	242854910
1787644425.263549888	s2-eth2	9970	1383012
1787644425.263549888	s2-eth20	13479	36289633
1787644425.263549888	s2-eth21	13975	36530448
1787644425.263549888	s2-eth22	13343	35509688
1787644425.263549888	s2-eth23	16824	44670343
1787644425.263549888	s2-eth24	12555	33373296
1787644425.263549888	s2-eth25	12949	30922764
1787644425.263549888	s2-eth26	12582	28168523
1787644425.263549888	s2-eth27	15314	128385145
1787644425.263549888	s2-eth28	12824	27745086
1787644425.263549888	s2-eth29	14491	38154668
1787644425.263549888	s2-eth3	313009480	20186
1787644425.263549888	s2-eth30	12778	30347750
1787644425.263549888	s2-eth31	15228	43851440
1787644425.263549888	s2-eth32	13868	34355592
1787644425.263549888	s2-eth33	14372	37209655
1787644425.263549888	s2-eth34	12313	27739896
1787644425.263549888	s2-eth4	66938902	16455
1787644425.263549888	s2-eth5	76608233	18835
1787644425.263549888	s2-eth6	70180983	16892
1787644425.263549888	s2-eth7	49000418	19287
1787644425.263549888	s2-eth8	70171821	17196
1787644425.263549888	s2-eth9	76612496	18770
1787644425.263549888	s3-eth1	932761786	1171302190
1787644425.263549888	s3-eth10	15247	30882005
1787644425.263549888	s3-eth11	16912	127460472
1787644425.263549888	s3-eth12	15615	30740508
1787644425.263549888	s3-eth13	16493	34952831
1787644425.263549888	s3-eth14	14979	30455218
1787644425.263549888	s3-eth15	18450	43400619
1787644425.263549888	s3-eth16	13506	28745474
1787644425.263549888	s3-eth17	15664	44718400
1787644425.263549888	s3-eth18	14302	30197367
1787644425.263549888	s3-eth19	300199824	18841
1787644425.263549888	s3-eth2	8313104	12203
1787644425.263549888	s3-eth20	63743432	16089
1787644425.263549888	s3-eth21	76626321	18261
1787644425.263549888	s3-eth22	66957942	16125
1787644425.263549888	s3-eth23	50603131	18496
1787644425.263549888	s3-eth24	44437054	14887
1787644425.263549888	s3-eth25	76630483	18118
1787644425.263549888	s3-eth26	70188391	16792
1787644425.263549888	s3-eth27	199519713	17068
1787644425.263549888	s3-eth28	70191163	16636
1787644425.263549888	s3-eth29	76611023	17892
1787644425.263549888	s3-eth3	16928	240487579
1787644425.263549888	s3-eth30	54090982	14894
1787644425.263549888	s3-eth31	45775337	18073
1787644425.263549888	s3-eth32	48297169	15932
1787644425.263549888	s3-eth33	76619582	17829
1787644425.263549888	s3-eth34	38000129	14977
1787644425.263549888	s3-eth4	15196	31930291
1787644425.263549888	s3-eth5	17092	36251112
1787644425.263549888	s3-eth6	15492	31489635
1787644425.263549888	s3-eth7	18256	44477543
1787644425.263549888	s3-eth8	16155	31277354
1787644425.263549888	s3-eth9	16542	35577110
1787644425.263549888	s4-eth1	2023314940	418841
1787644425.263549888	s4-eth10	14529	38988639
1787644425.263549888	s4-eth11	17651	166205644
1787644425.263549888	s4-eth12	14850	38838299
1787644425.263549888	s4-eth13	16419	44086856
1787644425.263549888	s4-eth14	14629	39425447
1787644425.263549888	s4-eth15	18426	46780244
1787644425.263549888	s4-eth16	13766	45557601
1787644425.263549888	s4-eth17	15486	44003025
1787644425.263549888	s4-eth18	13486	34987218
1787644425.263549888	s4-eth19	15374	180062825
1787644425.263549888	s4-eth2	12203	22019
1787644425.263549888	s4-eth20	12552	44811515
1787644425.263549888	s4-eth21	14814	55287800
1787644425.263549888	s4-eth22	12585	46378658
1787644425.263549888	s4-eth23	15089	48513962
1787644425.263549888	s4-eth24	11483	36426299
1787644425.263549888	s4-eth25	14671	55370795
1787644425.263549888	s4-eth26	13435	49376203
1787644425.263549888	s4-eth27	13824	153519902
1787644425.263549888	s4-eth28	13189	49709030
1787644425.263549888	s4-eth29	14579	54477762
1787644425.263549888	s4-eth3	17377	158968243
1787644425.263549888	s4-eth30	11607	39975465
1787644425.263549888	s4-eth31	15407	44063348
1787644425.263549888	s4-eth32	12773	29010112
1787644425.263549888	s4-eth33	14358	54828202
1787644425.263549888	s4-eth34	11526	34810298
1787644425.263549888	s4-eth4	14188	37151534
1787644425.263549888	s4-eth5	15733	44820189
1787644425.263549888	s4-eth6	14384	39492423
1787644425.263549888	s4-eth7	16713	45528090
1787644425.263549888	s4-eth8	14666	39296886
1787644425.263549888	s4-eth9	16106	44553746
1787644425.263549888	s5-eth1	2308040471	419289
1787644425.263549888	s5-eth2	1296913964	963956402
1787644425.263549888	s5-eth3	12203	2166910677
1787644425.263549888	s5-eth4	459866	12203
1787644425.263549888	s6-eth1	12203	21368
1787644425.263549888	s6-eth2	1383012	9970
1787644425.263549888	s6-eth3	12203	1277233
1787644425.263549888	s6-eth4	10445	12203
1787644425.263549888	s7-eth1	1175171076	941343128
1787644425.263549888	s7-eth2	418841	2027278998
1787644425.263549888	s7-eth3	2022288549	10173
1787644425.263549888	s7-eth4	195415	678959
1787644425.263549888	s8-eth1	12203	8313104
1787644425.263549888	s8-eth2	22019	12203
1787644425.263549888	s8-eth3	8401917	12203
1787644425.263549888	s8-eth4	45852	12203
1787644425.263549888	s9-eth1	2168827095	12203
1787644425.263549888	s9-eth2	1277233	12203
1787644425.263549888	s9-eth3	10173	2023499829
1787644425.263549888	s9-eth4	12203	8401917
1787644431.424267103	s10-eth1	12230	459894
1787644431.424267103	s10-eth2	12230	10473
1787644431.424267103	s10-eth3	678986	195443
1787644431.424267103	s10-eth4	12230	45880
1787644431.424267103	s1-eth1	419316	2331821962
1787644431.424267103	s1-eth10	70184041	17726
1787644431.424267103	s1-eth11	240611817	20312
1787644431.424267103	s1-eth12	70182388	17893
1787644431.424267103	s1-eth13	76611484	19076
1787644431.424267103	s1-eth14	70181863	17894
1787644431.424267103	s1-eth15	56468029	21168
1787644431.424267103	s1-eth16	50876752	16898
1787644431.424267103	s1-eth17	76628004	18292
1787644431.424267103	s1-eth18	70186718	17549
1787644431.424267103	s1-eth19	321968486	18304
1787644431.424267103	s1-eth2	21395	12230
1787644431.424267103	s1-eth20	70190152	16746
1787644431.424267103	s1-eth21	63754867	17355
1787644431.424267103	s1-eth22	70176529	16880
1787644431.424267103	s1-eth23	56692892	19892
1787644431.424267103	s1-eth24	66965690	15928
1787644431.424267103	s1-eth25	38000545	15875
1787644431.424267103	s1-eth26	50873838	15379
1787644431.424267103	s1-eth27	241020023	18287
1787644431.424267103	s1-eth28	50870455	15464
1787644431.424267103	s1-eth29	57315517	17534
1787644431.424267103	s1-eth3	438970419	20301
1787644431.424267103	s1-eth30	57314683	15556
1787644431.424267103	s1-eth31	54306480	18601
1787644431.424267103	s1-eth32	70187909	16731
1787644431.424267103	s1-eth33	57318346	17482
1787644431.424267103	s1-eth34	50875308	15353
1787644431.424267103	s1-eth4	70184840	18629
1787644431.424267103	s1-eth5	76617581	19771
1787644431.424267103	s1-eth6	70177558	18608
1787644431.424267103	s1-eth7	57007233	21032
1787644431.424267103	s1-eth8	70186433	19076
1787644431.424267103	s1-eth9	76614389	19326
1787644431.424267103	s2-eth1	980422627	1304592641
1787644431.424267103	s2-eth10	70185294	17764
1787644431.424267103	s2-eth11	318517661	20238
1787644431.424267103	s2-eth12	70186569	17856
1787644431.424267103	s2-eth13	76627604	18500
1787644431.424267103	s2-eth14	70187528	17298
1787644431.424267103	s2-eth15	57084036	20444
1787644431.424267103	s2-eth16	63754726	16361
1787644431.424267103	s2-eth17	76626331	18564
1787644431.424267103	s2-eth18	57313731	16204
1787644431.424267103	s2-eth19	15413	258269890
1787644431.424267103	s2-eth2	9997	1383039
1787644431.424267103	s2-eth20	13479	36289633
1787644431.424267103	s2-eth21	13975	36530448
1787644431.424267103	s2-eth22	13343	35509688
1787644431.424267103	s2-eth23	16824	48484433
1787644431.424267103	s2-eth24	12555	33373296
1787644431.424267103	s2-eth25	12949	30922764
1787644431.424267103	s2-eth26	12582	28168523
1787644431.424267103	s2-eth27	15314	132151649
1787644431.424267103	s2-eth28	12824	27745086
1787644431.424267103	s2-eth29	14491	38154668
1787644431.424267103	s2-eth3	313770856	20186
1787644431.424267103	s2-eth30	12778	30347750
1787644431.424267103	s2-eth31	15228	47635248
1787644431.424267103	s2-eth32	13868	34355592
1787644431.424267103	s2-eth33	14372	37209655
1787644431.424267103	s2-eth34	12313	27739896
1787644431.424267103	s2-eth4	66938902	16455
1787644431.424267103	s2-eth5	76608233	18835
1787644431.424267103	s2-eth6	70180983	16892
1787644431.424267103	s2-eth7	52869304	19287
1787644431.424267103	s2-eth8	70171821	17196
1787644431.424267103	s2-eth9	76612496	18770
1787644431.424267103	s3-eth1	959743075	1183808683
1787644431.424267103	s3-eth10	15247	30882005
1787644431.424267103	s3-eth11	16912	131335126
1787644431.424267103	s3-eth12	15615	30740508
1787644431.424267103	s3-eth13	16493	34952831
1787644431.424267103	s3-eth14	14979	30455218
1787644431.424267103	s3-eth15	18450	47279599
1787644431.424267103	s3-eth16	13506	28745474
1787644431.424267103	s3-eth17	15664	44718400
1787644431.424267103	s3-eth18	14302	30197367
1787644431.424267103	s3-eth19	300982830	18841
1787644431.424267103	s3-eth2	8313131	12230
1787644431.424267103	s3-eth20	63743432	16089
1787644431.424267103	s3-eth21	76626321	18261
1787644431.424267103	s3-eth22	66957942	16125
1787644431.424267103	s3-eth23	54510951	18496
1787644431.424267103	s3-eth24	44437054	14887
1787644431.424267103	s3-eth25	76630483	18118
1787644431.424267103	s3-eth26	70188391	16792
1787644431.424267103	s3-eth27	203413113	17068
1787644431.424267103	s3-eth28	70191163	16636
1787644431.424267103	s3-eth29	76611023	17892
1787644431.424267103	s3-eth3	16928	255774221
1787644431.424267103	s3-eth30	54090982	14894
1787644431.424267103	s3-eth31	49648549	18073
1787644431.424267103	s3-eth32	48297169	15932
1787644431.424267103	s3-eth33	76619582	17829
1787644431.424267103	s3-eth34	38000129	14977
1787644431.424267103	s3-eth4	15196	31930291
1787644431.424267103	s3-eth5	17092	36251112
1787644431.424267103	s3-eth6	15492	31489635
1787644431.424267103	s3-eth7	18256	48294517
1787644431.424267103	s3-eth8	16155	31277354
1787644431.424267103	s3-eth9	16542	35577110
1787644431.424267103	s4-eth1	2047970283	418868
1787644431.424267103	s4-eth10	14529	38988639
1787644431.424267103	s4-eth11	17651	170048574
1787644431.424267103	s4-eth12	14850	38838299
1787644431.424267103	s4-eth13	16419	44086856
1787644431.424267103	s4-eth14	14629	39425447
1787644431.424267103	s4-eth15	18426	50653456
1787644431.424267103	s4-eth16	13766	45557601
1787644431.424267103	s4-eth17	15486	44003025
1787644431.424267103	s4-eth18	13486	34987218
1787644431.424267103	s4-eth19	15374	180845831
1787644431.424267103	s4-eth2	12230	22046
1787644431.424267103	s4-eth20	12552	44811515
1787644431.424267103	s4-eth21	14814	55287800
1787644431.424267103	s4-eth22	12585	46378658
1787644431.424267103	s4-eth23	15089	52401594
1787644431.424267103	s4-eth24	11483	36426299
1787644431.424267103	s4-eth25	14671	55370795
1787644431.424267103	s4-eth26	13435	49376203
1787644431.424267103	s4-eth27	13824	157401766
1787644431.424267103	s4-eth28	13189	49709030
1787644431.424267103	s4-eth29	14579	54477762
1787644431.424267103	s4-eth3	17377	159739713
1787644431.424267103	s4-eth30	11607	39975465
1787644431.424267103	s4-eth31	15407	47923582
1787644431.424267103	s4-eth32	12773	29010112
1787644431.424267103	s4-eth33	14358	54828202
1787644431.424267103	s4-eth34	11526	34810298
1787644431.424267103	s4-eth4	14188	37151534
1787644431.424267103	s4-eth5	15733	44820189
1787644431.424267103	s4-eth6	14384	39492423
1787644431.424267103	s4-eth7	16713	49310456
1787644431.424267103	s4-eth8	14666	39296886
1787644431.424267103	s4-eth9	16106	44553746
1787644431.424267103	s5-eth1	2361085937	419343
1787644431.424267103	s5-eth2	1309025376	990193646
1787644431.424267103	s5-eth3	12257	2205214577
1787644431.424267103	s5-eth4	459922	12257
1787644431.424267103	s6-eth1	12257	21422
1787644431.424267103	s6-eth2	1383066	10024
1787644431.424267103	s6-eth3	12257	1277287
1787644431.424267103	s6-eth4	10501	12257
1787644431.424267103	s7-eth1	1187370450	967662566
1787644431.424267103	s7-eth2	418895	2051653178
1787644431.424267103	s7-eth3	2060911131	10227
1787644431.424267103	s7-eth4	195471	679013
1787644431.424267103	s8-eth1	12257	8313158
1787644431.424267103	s8-eth2	22073	12257
1787644431.424267103	s8-eth3	8401971	12257
1787644431.424267103	s8-eth4	45908	12257
1787644431.424267103	s9-eth1	2207774127	12257
1787644431.424267103	s9-eth2	1277287	12257
1787644431.424267103	s9-eth3	10227	2062599713
1787644431.424267103	s9-eth4	12257	8401971
1787644437.419500085	s10-eth1	12257	459922
1787644437.419500085	s10-eth2	12257	10501
1787644437.419500085	s10-eth3	679013	195471
1787644437.419500085	s10-eth4	12257	45908
1787644437.419500085	s1-eth1	419343	2385569655
1787644437.419500085	s1-eth10	70184041	17726
1787644437.419500085	s1-eth11	244444653	20312
1787644437.419500085	s1-eth12	70182388	17893
1787644437.419500085	s1-eth13	76611484	19076
1787644437.419500085	s1-eth14	70181863	17894
1787644437.419500085	s1-eth15	60312401	21168
1787644437.419500085	s1-eth16	50876752	16898
1787644437.419500085	s1-eth17	76628004	18292
1787644437.419500085	s1-eth18	70186718	17549
1787644437.419500085	s1-eth19	337279642	18304
1787644437.419500085	s1-eth2	21422	12257
1787644437.419500085	s1-eth20	70190152	16746
1787644437.419500085	s1-eth21	63754867	17355
1787644437.419500085	s1-eth22	70176529	16880
1787644437.419500085	s1-eth23	60485352	19892
1787644437.419500085	s1-eth24	66965690	15928
1787644437.419500085	s1-eth25	38000545	15875
1787644437.419500085	s1-eth26	50873838	15379
1787644437.419500085	s1-eth27	244762013	18287
1787644437.419500085	s1-eth28	50870455	15464
1787644437.419500085	s1-eth29	57315517	17534
1787644437.419500085	s1-eth3	453945589	20301
1787644437.419500085	s1-eth30	57314683	15556
1787644437.419500085	s1-eth31	58052796	18601
1787644437.419500085	s1-eth32	70187909	16731
1787644437.419500085	s1-eth33	57318346	17482
1787644437.419500085	s1-eth34	50875308	15353
1787644437.419500085	s1-eth4	70184840	18629
1787644437.419500085	s1-eth5	76617581	19771
1787644437.419500085	s1-eth6	70177558	18608
1787644437.419500085	s1-eth7	60734803	21032
1787644437.419500085	s1-eth8	70186433	19076
1787644437.419500085	s1-eth9	76614389	19326
1787644437.419500085	s2-eth1	1006171006	1316468980
1787644437.419500085	s2-eth10	70185294	17764
1787644437.419500085	s2-eth11	322245231	20238
1787644437.419500085	s2-eth12	70186569	17856
1787644437.419500085	s2-eth13	76627604	18500
1787644437.419500085	s2-eth14	70187528	17298
1787644437.419500085	s2-eth15	60873612	20444
1787644437.419500085	s2-eth16	63754726	16361
1787644437.419500085	s2-eth17	76626331	18564
1787644437.419500085	s2-eth18	57313731	16204
1787644437.419500085	s2-eth19	15413	273397912
1787644437.419500085	s2-eth2	10024	1383066
1787644437.419500085	s2-eth20	13479	36289633
1787644437.419500085	s2-eth21	13975	36530448
1787644437.419500085	s2-eth22	13343	35509688
1787644437.419500085	s2-eth23	16824	52348993
1787644437.419500085	s2-eth24	12555	33373296
1787644437.419500085	s2-eth25	12949	30922764
1787644437.419500085	s2-eth26	12582	28168523
1787644437.419500085	s2-eth27	15314	136049375
1787644437.419500085	s2-eth28	12824	27745086
1787644437.419500085	s2-eth29	14491	38154668
1787644437.419500085	s2-eth3	314556746	20186
1787644437.419500085	s2-eth30	12778	30347750
1787644437.419500085	s2-eth31	15228	51517112
1787644437.419500085	s2-eth32	13868	34355592
1787644437.419500085	s2-eth33	14372	37209655
1787644437.419500085	s2-eth34	12313	27739896
1787644437.419500085	s2-eth4	66938902	16455
1787644437.419500085	s2-eth5	76608233	18835
1787644437.419500085	s2-eth6	70180983	16892
1787644437.419500085	s2-eth7	56777124	19287
1787644437.419500085	s2-eth8	70171821	17196
1787644437.419500085	s2-eth9	76612496	18770
1787644437.419500085	s3-eth1	986209570	1196170976
1787644437.419500085	s3-eth10	15247	30882005
1787644437.419500085	s3-eth11	16912	135111724
1787644437.419500085	s3-eth12	15615	30740508
1787644437.419500085	s3-eth13	16493	34952831
1787644437.419500085	s3-eth14	14979	30455218
1787644437.419500085	s3-eth15	18450	51059081
1787644437.419500085	s3-eth16	13506	28745474
1787644437.419500085	s3-eth17	15664	44718400
1787644437.419500085	s3-eth18	14302	30197367
1787644437.419500085	s3-eth19	301757184	18841
1787644437.419500085	s3-eth2	8313185	12284
1787644437.419500085	s3-eth20	63743432	16089
1787644437.419500085	s3-eth21	76626321	18261
1787644437.419500085	s3-eth22	66957942	16125
1787644437.419500085	s3-eth23	58374069	18496
1787644437.419500085	s3-eth24	44437054	14887
1787644437.419500085	s3-eth25	76630483	18118
1787644437.419500085	s3-eth26	70188391	16792
1787644437.419500085	s3-eth27	207277673	17068
1787644437.419500085	s3-eth28	70191163	16636
1787644437.419500085	s3-eth29	76611023	17892
1787644437.419500085	s3-eth3	16928	270783999
1787644437.419500085	s3-eth30	54090982	14894
1787644437.419500085	s3-eth31	53514551	18073
1787644437.419500085	s3-eth32	48297169	15932
1787644437.419500085	s3-eth33	76619582	17829
1787644437.419500085	s3-eth34	38000129	14977
1787644437.419500085	s3-eth4	15196	31930291
1787644437.419500085	s3-eth5	17092	36251112
1787644437.419500085	s3-eth6	15492	31489635
1787644437.419500085	s3-eth7	18256	52065347
1787644437.419500085	s3-eth8	16155	31277354
1787644437.419500085	s3-eth9	16542	35577110
1787644437.419500085	s4-eth1	2072635747	418922
1787644437.419500085	s4-eth10	14529	38988639
1787644437.419500085	s4-eth11	17651	173881410
1787644437.419500085	s4-eth12	14850	38838299
1787644437.419500085	s4-eth13	16419	44086856
1787644437.419500085	s4-eth14	14629	39425447
1787644437.419500085	s4-eth15	18426	54487734
1787644437.419500085	s4-eth16	13766	45557601
1787644437.419500085	s4-eth17	15486	44003025
1787644437.419500085	s4-eth18	13486	34987218
1787644437.419500085	s4-eth19	15374	181636047
1787644437.419500085	s4-eth2	12284	22100
1787644437.419500085	s4-eth20	12552	44811515
1787644437.419500085	s4-eth21	14814	55287800
1787644437.419500085	s4-eth22	12585	46378658
1787644437.419500085	s4-eth23	15089	56365652
1787644437.419500085	s4-eth24	11483	36426299
1787644437.419500085	s4-eth25	14671	55370795
1787644437.419500085	s4-eth26	13435	49376203
1787644437.419500085	s4-eth27	13824	161336984
1787644437.419500085	s4-eth28	13189	49709030
1787644437.419500085	s4-eth29	14579	54477762
1787644437.419500085	s4-eth3	17377	160509741
1787644437.419500085	s4-eth30	11607	39975465
1787644437.419500085	s4-eth31	15407	51837170
1787644437.419500085	s4-eth32	12773	29010112
1787644437.419500085	s4-eth33	14358	54828202
1787644437.419500085	s4-eth34	11526	34810298
1787644437.419500085	s4-eth4	14188	37151534
1787644437.419500085	s4-eth5	15733	44820189
1787644437.419500085	s4-eth6	14384	39492423
1787644437.419500085	s4-eth7	16713	53159154
1787644437.419500085	s4-eth8	14666	39296886
1787644437.419500085	s4-eth9	16106	44553746
1787644437.419500085	s5-eth1	2415757952	419370
1787644437.419500085	s5-eth2	1321505913	1017221079
1787644437.419500085	s5-eth3	12284	2244552364
1787644437.419500085	s5-eth4	459950	12284
1787644437.419500085	s6-eth1	12284	21449
1787644437.419500085	s6-eth2	1383093	10051
1787644437.419500085	s6-eth3	12284	1277314
1787644437.419500085	s6-eth4	10529	12284
1787644437.419500085	s7-eth1	1199577007	993633013
1787644437.419500085	s7-eth2	418922	2075743257
1787644437.419500085	s7-eth3	2098907858	10254
1787644437.419500085	s7-eth4	195499	679040
1787644437.419500085	s8-eth1	12284	8313185
1787644437.419500085	s8-eth2	22100	12284
1787644437.419500085	s8-eth3	8401998	12284
1787644437.419500085	s8-eth4	45936	12284
1787644437.419500085	s9-eth1	2245991480	12284
1787644437.419500085	s9-eth2	1277314	12284
1787644437.419500085	s9-eth3	10254	2100091740
1787644437.419500085	s9-eth4	12284	8401998
1787644443.271170400	s10-eth1	12284	459950
1787644443.271170400	s10-eth2	12284	10529
1787644443.271170400	s10-eth3	679040	195499
1787644443.271170400	s10-eth4	12284	45936
1787644443.271170400	s1-eth1	419370	2438700172
1787644443.271170400	s1-eth10	70184041	17726
1787644443.271170400	s1-eth11	248247207	20312
1787644443.271170400	s1-eth12	70182388	17893
1787644443.271170400	s1-eth13	76611484	19076
1787644443.271170400	s1-eth14	70181863	17894
1787644443.271170400	s1-eth15	64125049	21168
1787644443.271170400	s1-eth16	50876752	16898
1787644443.271170400	s1-eth17	76628004	18292
1787644443.271170400	s1-eth18	70186718	17549
1787644443.271170400	s1-eth19	352589356	18304
1787644443.271170400	s1-eth2	21449	12284
1787644443.271170400	s1-eth20	70190152	16746
1787644443.271170400	s1-eth21	63754867	17355
1787644443.271170400	s1-eth22	70176529	16880
1787644443.271170400	s1-eth23	64335492	19892
1787644443.271170400	s1-eth24	66965690	15928
1787644443.271170400	s1-eth25	38000545	15875
1787644443.271170400	s1-eth26	50873838	15379
1787644443.271170400	s1-eth27	248622247	18287
1787644443.271170400	s1-eth28	50870455	15464
1787644443.271170400	s1-eth29	57315517	17534
1787644443.271170400	s1-eth3	469487465	20301
1787644443.271170400	s1-eth30	57314683	15556
1787644443.271170400	s1-eth31	61949080	18601
1787644443.271170400	s1-eth32	70187909	16731
1787644443.271170400	s1-eth33	57318346	17482
1787644443.271170400	s1-eth34	50875308	15353
1787644443.271170400	s1-eth4	70184840	18629
1787644443.271170400	s1-eth5	76617581	19771
1787644443.271170400	s1-eth6	70177558	18608
1787644443.271170400	s1-eth7	64697419	21032
1787644443.271170400	s1-eth8	70186433	19076
1787644443.271170400	s1-eth9	76614389	19326
1787644443.271170400	s2-eth1	1031959761	1329246596
1787644443.271170400	s2-eth10	70185294	17764
1787644443.271170400	s2-eth11	326253991	20238
1787644443.271170400	s2-eth12	70186569	17856
1787644443.271170400	s2-eth13	76627604	18500
1787644443.271170400	s2-eth14	70187528	17298
1787644443.271170400	s2-eth15	64895350	20444
1787644443.271170400	s2-eth16	63754726	16361
1787644443.271170400	s2-eth17	76626331	18564
1787644443.271170400	s2-eth18	57313731	16204
1787644443.271170400	s2-eth19	15413	287993836
1787644443.271170400	s2-eth2	10078	1383120
1787644443.271170400	s2-eth20	13479	36289633
1787644443.271170400	s2-eth21	13975	36530448
1787644443.271170400	s2-eth22	13343	35509688
1787644443.271170400	s2-eth23	16824	56008789
1787644443.271170400	s2-eth24	12555	33373296
1787644443.271170400	s2-eth25	12949	30922764
1787644443.271170400	s2-eth26	12582	28168523
1787644443.271170400	s2-eth27	15314	139668795
1787644443.271170400	s2-eth28	12824	27745086
1787644443.271170400	s2-eth29	14491	38154668
1787644443.271170400	s2-eth3	315358498	20186
1787644443.271170400	s2-eth30	12778	30347750
1787644443.271170400	s2-eth31	15228	55051454
1787644443.271170400	s2-eth32	13868	34355592
1787644443.271170400	s2-eth33	14372	37209655
1787644443.271170400	s2-eth34	12313	27739896
1787644443.271170400	s2-eth4	66938902	16455
1787644443.271170400	s2-eth5	76608233	18835
1787644443.271170400	s2-eth6	70180983	16892
1787644443.271170400	s2-eth7	60635916	19287
1787644443.271170400	s2-eth8	70171821	17196
1787644443.271170400	s2-eth9	76612496	18770
1787644443.271170400	s3-eth1	1010119426	1208469848
1787644443.271170400	s3-eth10	15247	30882005
1787644443.271170400	s3-eth11	16912	138457164
1787644443.271170400	s3-eth12	15615	30740508
1787644443.271170400	s3-eth13	16493	34952831
1787644443.271170400	s3-eth14	14979	30455218
1787644443.271170400	s3-eth15	18450	54465085
1787644443.271170400	s3-eth16	13506	28745474
1787644443.271170400	s3-eth17	15664	44718400
1787644443.271170400	s3-eth18	14302	30197367
1787644443.271170400	s3-eth19	302524328	18841
1787644443.271170400	s3-eth2	8313212	12311
1787644443.271170400	s3-eth20	63743432	16089
1787644443.271170400	s3-eth21	76626321	18261
1787644443.271170400	s3-eth22	66957942	16125
1787644443.271170400	s3-eth23	62205463	18496
1787644443.271170400	s3-eth24	44437054	14887
1787644443.271170400	s3-eth25	76630483	18118
1787644443.271170400	s3-eth26	70188391	16792
1787644443.271170400	s3-eth27	211057155	17068
1787644443.271170400	s3-eth28	70191163	16636
1787644443.271170400	s3-eth29	76611023	17892
1787644443.271170400	s3-eth3	16928	284170085
1787644443.271170400	s3-eth30	54090982	14894
1787644443.271170400	s3-eth31	57234911	18073
1787644443.271170400	s3-eth32	48297169	15932
1787644443.271170400	s3-eth33	76619582	17829
1787644443.271170400	s3-eth34	38000129	14977
1787644443.271170400	s3-eth4	15196	31930291
1787644443.271170400	s3-eth5	17092	36251112
1787644443.271170400	s3-eth6	15492	31489635
1787644443.271170400	s3-eth7	18256	55361759
1787644443.271170400	s3-eth8	16155	31277354
1787644443.271170400	s3-eth9	16542	35577110
1787644443.271170400	s4-eth1	2095650094	418949
1787644443.271170400	s4-eth10	14529	38988639
1787644443.271170400	s4-eth11	17651	177412868
1787644443.271170400	s4-eth12	14850	38838299
1787644443.271170400	s4-eth13	16419	44086856
1787644443.271170400	s4-eth14	14629	39425447
1787644443.271170400	s4-eth15	18426	58069662
1787644443.271170400	s4-eth16	13766	45557601
1787644443.271170400	s4-eth17	15486	44003025
1787644443.271170400	s4-eth18	13486	34987218
1787644443.271170400	s4-eth19	15374	182370025
1787644443.271170400	s4-eth2	12311	22127
1787644443.271170400	s4-eth20	12552	44811515
1787644443.271170400	s4-eth21	14814	55287800
1787644443.271170400	s4-eth22	12585	46378658
1787644443.271170400	s4-eth23	15089	60136482
1787644443.271170400	s4-eth24	11483	36426299
1787644443.271170400	s4-eth25	14671	55370795
1787644443.271170400	s4-eth26	13435	49376203
1787644443.271170400	s4-eth27	13824	165153958
1787644443.271170400	s4-eth28	13189	49709030
1787644443.271170400	s4-eth29	14579	54477762
1787644443.271170400	s4-eth3	17377	161255255
1787644443.271170400	s4-eth30	11607	39975465
1787644443.271170400	s4-eth31	15407	55685868
1787644443.271170400	s4-eth32	12773	29010112
1787644443.271170400	s4-eth33	14358	54828202
1787644443.271170400	s4-eth34	11526	34810298
1787644443.271170400	s4-eth4	14188	37151534
1787644443.271170400	s4-eth5	15733	44820189
1787644443.271170400	s4-eth6	14384	39492423
1787644443.271170400	s4-eth7	16713	56891050
1787644443.271170400	s4-eth8	14666	39296886
1787644443.271170400	s4-eth9	16106	44553746
1787644443.271170400	s5-eth1	2472320429	419397
1787644443.271170400	s5-eth2	1334488266	1042774788
1787644443.271170400	s5-eth3	12311	2283048023
1787644443.271170400	s5-eth4	459978	12311
1787644443.271170400	s6-eth1	12311	21476
1787644443.271170400	s6-eth2	1383120	10078
1787644443.271170400	s6-eth3	12311	1277341
1787644443.271170400	s6-eth4	10557	12311
1787644443.271170400	s7-eth1	1212494470	1018099454
1787644443.271170400	s7-eth2	418949	2100568756
1787644443.271170400	s7-eth3	2136317691	10281
1787644443.271170400	s7-eth4	195527	679067
1787644443.271170400	s8-eth1	12311	8313212
1787644443.271170400	s8-eth2	22127	12311
1787644443.271170400	s8-eth3	8402025	12311
1787644443.271170400	s8-eth4	45964	12311
1787644443.271170400	s9-eth1	2283581563	12311
1787644443.271170400	s9-eth2	1277341	12311
1787644443.271170400	s9-eth3	10281	2136643583
1787644443.271170400	s9-eth4	12311	8402025
1787644449.390986989	s10-eth1	12311	459978
1787644449.390986989	s10-eth2	12311	10557
1787644449.390986989	s10-eth3	679067	195555
1787644449.390986989	s10-eth4	12338	45992
1787644449.390986989	s1-eth1	419424	2493827886
1787644449.390986989	s1-eth10	70184041	17726
1787644449.390986989	s1-eth11	252201171	20312
1787644449.390986989	s1-eth12	70182388	17893
1787644449.390986989	s1-eth13	76611484	19076
1787644449.390986989	s1-eth14	70181863	17894
1787644449.390986989	s1-eth15	68048731	21168
1787644449.390986989	s1-eth16	50876752	16898
1787644449.390986989	s1-eth17	76628004	18292
1787644449.390986989	s1-eth18	70186718	17549
1787644449.390986989	s1-eth19	368490290	18304
1787644449.390986989	s1-eth2	21503	12338
1787644449.390986989	s1-eth20	70190152	16746
1787644449.390986989	s1-eth21	63754867	17355
1787644449.390986989	s1-eth22	70176529	16880
1787644449.390986989	s1-eth23	68354346	19892
1787644449.390986989	s1-eth24	66965690	15928
1787644449.390986989	s1-eth25	38000545	15875
1787644449.390986989	s1-eth26	50873838	15379
1787644449.390986989	s1-eth27	252695897	18287
1787644449.390986989	s1-eth28	50870455	15464
1787644449.390986989	s1-eth29	57315517	17534
1787644449.390986989	s1-eth3	485754667	20301
1787644449.390986989	s1-eth30	57314683	15556
1787644449.390986989	s1-eth31	65999658	18601
1787644449.390986989	s1-eth32	70187909	16731
1787644449.390986989	s1-eth33	57318346	17482
1787644449.390986989	s1-eth34	50875308	15353
1787644449.390986989	s1-eth4	70184840	18629
1787644449.390986989	s1-eth5	76617581	19771
1787644449.390986989	s1-eth6	70177558	18608
1787644449.390986989	s1-eth7	68628311	21032
1787644449.390986989	s1-eth8	70186433	19076
1787644449.390986989	s1-eth9	76614389	19326
1787644449.390986989	s2-eth1	1058724777	1341686757
1787644449.390986989	s2-eth10	70185294	17764
1787644449.390986989	s2-eth11	330138739	20238
1787644449.390986989	s2-eth12	70186569	17856
1787644449.390986989	s2-eth13	76627604	18500
1787644449.390986989	s2-eth14	70187528	17298
1787644449.390986989	s2-eth15	68733954	20444
1787644449.390986989	s2-eth16	63754726	16361
1787644449.390986989	s2-eth17	76626331	18564
1787644449.390986989	s2-eth18	57313731	16204
1787644449.390986989	s2-eth19	15413	302979100
1787644449.390986989	s2-eth2	10105	1383147
1787644449.390986989	s2-eth20	13479	36289633
1787644449.390986989	s2-eth21	13975	36530448
1787644449.390986989	s2-eth22	13343	35509688
1787644449.390986989	s2-eth23	16824	59700309
1787644449.390986989	s2-eth24	12555	33373296
1787644449.390986989	s2-eth25	12949	30922764
1787644449.390986989	s2-eth26	12582	28168523
1787644449.390986989	s2-eth27	15314	143330033
1787644449.390986989	s2-eth28	12824	27745086
1787644449.390986989	s2-eth29	14491	38154668
1787644449.390986989	s2-eth3	316092476	20186
1787644449.390986989	s2-eth30	12778	30347750
1787644449.390986989	s2-eth31	15228	58737206
1787644449.390986989	s2-eth32	13868	34355592
1787644449.390986989	s2-eth33	14372	37209655
1787644449.390986989	s2-eth34	12313	27739896
1787644449.390986989	s2-eth4	66938902	16455
1787644449.390986989	s2-eth5	76608233	18835
1787644449.390986989	s2-eth6	70180983	16892
1787644449.390986989	s2-eth7	64328878	19287
1787644449.390986989	s2-eth8	70171821	17196
1787644449.390986989	s2-eth9	76612496	18770
1787644449.390986989	s3-eth1	1034831007	1220255341
1787644449.390986989	s3-eth10	15247	30882005
1787644449.390986989	s3-eth11	16912	141899218
1787644449.390986989	s3-eth12	15615	30740508
1787644449.390986989	s3-eth13	16493	34952831
1787644449.390986989	s3-eth14	14979	30455218
1787644449.390986989	s3-eth15	18450	57827829
1787644449.390986989	s3-eth16	13506	28745474
1787644449.390986989	s3-eth17	15664	44718400
1787644449.390986989	s3-eth18	14302	30197367
1787644449.390986989	s3-eth19	303238118	18841
1787644449.390986989	s3-eth2	8313239	12338
1787644449.390986989	s3-eth20	63743432	16089
1787644449.390986989	s3-eth21	76626321	18261
1787644449.390986989	s3-eth22	66957942	16125
1787644449.390986989	s3-eth23	65803253	18496
1787644449.390986989	s3-eth24	44437054	14887
1787644449.390986989	s3-eth25	76630483	18118
1787644449.390986989	s3-eth26	70188391	16792
1787644449.390986989	s3-eth27	214680901	17068
1787644449.390986989	s3-eth28	70191163	16636
1787644449.390986989	s3-eth29	76611023	17892
1787644449.390986989	s3-eth3	16928	297897925
1787644449.390986989	s3-eth30	54090982	14894
1787644449.390986989	s3-eth31	60923547	18073
1787644449.390986989	s3-eth32	48297169	15932
1787644449.390986989	s3-eth33	76619582	17829
1787644449.390986989	s3-eth34	38000129	14977
1787644449.390986989	s3-eth4	15196	31930291
1787644449.390986989	s3-eth5	17092	36251112
1787644449.390986989	s3-eth6	15492	31489635
1787644449.390986989	s3-eth7	18256	58773531
1787644449.390986989	s3-eth8	16155	31277354
1787644449.390986989	s3-eth9	16542	35577110
1787644449.390986989	s4-eth1	2118032845	418976
1787644449.390986989	s4-eth10	14529	38988639
1787644449.390986989	s4-eth11	17651	180782822
1787644449.390986989	s4-eth12	14850	38838299
1787644449.390986989	s4-eth13	16419	44086856
1787644449.390986989	s4-eth14	14629	39425447
1787644449.390986989	s4-eth15	18426	61423754
1787644449.390986989	s4-eth16	13766	45557601
1787644449.390986989	s4-eth17	15486	44003025
1787644449.390986989	s4-eth18	13486	34987218
1787644449.390986989	s4-eth19	15374	183053533
1787644449.390986989	s4-eth2	12338	22154
1787644449.390986989	s4-eth20	12552	44811515
1787644449.390986989	s4-eth21	14814	55287800
1787644449.390986989	s4-eth22	12585	46378658
1787644449.390986989	s4-eth23	15089	63458850
1787644449.390986989	s4-eth24	11483	36426299
1787644449.390986989	s4-eth25	14671	55370795
1787644449.390986989	s4-eth26	13435	49376203
1787644449.390986989	s4-eth27	13824	168497956
1787644449.390986989	s4-eth28	13189	49709030
1787644449.390986989	s4-eth29	14579	54477762
1787644449.390986989	s4-eth3	17377	161921459
1787644449.390986989	s4-eth30	11607	39975465
1787644449.390986989	s4-eth31	15407	59029866
1787644449.390986989	s4-eth32	12773	29010112
1787644449.390986989	s4-eth33	14358	54828202
1787644449.390986989	s4-eth34	11526	34810298
1787644449.390986989	s4-eth4	14188	37151534
1787644449.390986989	s4-eth5	15733	44820189
1787644449.390986989	s4-eth6	14384	39492423
1787644449.390986989	s4-eth7	16713	60184578
1787644449.390986989	s4-eth8	14666	39296886
1787644449.390986989	s4-eth9	16106	44553746
1787644449.390986989	s5-eth1	2519209970	419424
1787644449.390986989	s5-eth2	1345229751	1066475527
1787644449.390986989	s5-eth3	12338	2317340252
1787644449.390986989	s5-eth4	460006	12338
1787644449.390986989	s6-eth1	12338	21503
1787644449.390986989	s6-eth2	1383147	10105
1787644449.390986989	s6-eth3	12338	1277368
1787644449.390986989	s6-eth4	10585	12338
1787644449.390986989	s7-eth1	1223335453	1041371919
1787644449.390986989	s7-eth2	418976	2122177153
1787644449.390986989	s7-eth3	2170507538	10308
1787644449.390986989	s7-eth4	195555	679094
1787644449.390986989	s8-eth1	12338	8313239
1787644449.390986989	s8-eth2	22154	12338
1787644449.390986989	s8-eth3	8402052	12338
1787644449.390986989	s8-eth4	45992	12338
1787644449.390986989	s9-eth1	2319044696	12338
1787644449.390986989	s9-eth2	1277368	12338
1787644449.390986989	s9-eth3	10308	2172180258
1787644449.390986989	s9-eth4	12338	8402052
1787644454.902384702	s10-eth1	12365	460034
1787644454.902384702	s10-eth2	12365	10613
1787644454.902384702	s10-eth3	679121	195583
1787644454.902384702	s10-eth4	12365	46020
1787644454.902384702	s1-eth1	419451	2542038299
1787644454.902384702	s1-eth10	70184041	17726
1787644454.902384702	s1-eth11	255623037	20312
1787644454.902384702	s1-eth12	70182388	17893
1787644454.902384702	s1-eth13	76611484	19076
1787644454.902384702	s1-eth14	70181863	17894
1787644454.902384702	s1-eth15	71412917	21168
1787644454.902384702	s1-eth16	50876752	16898
1787644454.902384702	s1-eth17	76628004	18292
1787644454.902384702	s1-eth18	70186718	17549
1787644454.902384702	s1-eth19	381390422	18304
1787644454.902384702	s1-eth2	21530	12365
1787644454.902384702	s1-eth20	70190152	16746
1787644454.902384702	s1-eth21	63754867	17355
1787644454.902384702	s1-eth22	70176529	16880
1787644454.902384702	s1-eth23	71435900	19892
1787644454.902384702	s1-eth24	66965690	15928
1787644454.902384702	s1-eth25	38000545	15875
1787644454.902384702	s1-eth26	50873838	15379
1787644454.902384702	s1-eth27	255667859	18287
1787644454.902384702	s1-eth28	50870455	15464
1787644454.902384702	s1-eth29	57315517	17534
1787644454.902384702	s1-eth3	497345463	20301
1787644454.902384702	s1-eth30	57314683	15556
1787644454.902384702	s1-eth31	68867796	18601
1787644454.902384702	s1-eth32	70187909	16731
1787644454.902384702	s1-eth33	57318346	17482
1787644454.902384702	s1-eth34	50875308	15353
1787644454.902384702	s1-eth4	70184840	18629
1787644454.902384702	s1-eth5	76617581	19771
1787644454.902384702	s1-eth6	70177558	18608
1787644454.902384702	s1-eth7	71451747	21032
1787644454.902384702	s1-eth8	70186433	19076
1787644454.902384702	s1-eth9	76614389	19326
1787644454.902384702	s2-eth1	1077822652	1350581040
1787644454.902384702	s2-eth10	70185294	17764
1787644454.902384702	s2-eth11	332885749	20238
1787644454.902384702	s2-eth12	70186569	17856
1787644454.902384702	s2-eth13	76627604	18500
1787644454.902384702	s2-eth14	70187528	17298
1787644454.902384702	s2-eth15	71452124	20444
1787644454.902384702	s2-eth16	63754726	16361
1787644454.902384702	s2-eth17	76626331	18564
1787644454.902384702	s2-eth18	57313731	16204
1787644454.902384702	s2-eth19	15413	313534540
1787644454.902384702	s2-eth2	10132	1383174
1787644454.902384702	s2-eth20	13479	36289633
1787644454.902384702	s2-eth21	13975	36530448
1787644454.902384702	s2-eth22	13343	35509688
1787644454.902384702	s2-eth23	16824	62349263
1787644454.902384702	s2-eth24	12555	33373296
1787644454.902384702	s2-eth25	12949	30922764
1787644454.902384702	s2-eth26	12582	28168523
1787644454.902384702	s2-eth27	15314	145953031
1787644454.902384702	s2-eth28	12824	27745086
1787644454.902384702	s2-eth29	14491	38154668
1787644454.902384702	s2-eth3	316627458	20186
1787644454.902384702	s2-eth30	12778	30347750
1787644454.902384702	s2-eth31	15228	61329922
1787644454.902384702	s2-eth32	13868	34355592
1787644454.902384702	s2-eth33	14372	37209655
1787644454.902384702	s2-eth34	12313	27739896
1787644454.902384702	s2-eth4	66938902	16455
1787644454.902384702	s2-eth5	76608233	18835
1787644454.902384702	s2-eth6	70180983	16892
1787644454.902384702	s2-eth7	66964854	19287
1787644454.902384702	s2-eth8	70171821	17196
1787644454.902384702	s2-eth9	76612496	18770
1787644454.902384702	s3-eth1	1052590706	1228640598
1787644454.902384702	s3-eth10	15247	30882005
1787644454.902384702	s3-eth11	16912	144432812
1787644454.902384702	s3-eth12	15615	30740508
1787644454.902384702	s3-eth13	16493	34952831
1787644454.902384702	s3-eth14	14979	30455218
1787644454.902384702	s3-eth15	18450	60390263
1787644454.902384702	s3-eth16	13506	28745474
1787644454.902384702	s3-eth17	15664	44718400
1787644454.902384702	s3-eth18	14302	30197367
1787644454.902384702	s3-eth19	303770216	18841
1787644454.902384702	s3-eth2	8313266	12365
1787644454.902384702	s3-eth20	63743432	16089
1787644454.902384702	s3-eth21	76626321	18261
1787644454.902384702	s3-eth22	66957942	16125
1787644454.902384702	s3-eth23	68395969	18496
1787644454.902384702	s3-eth24	44437054	14887
1787644454.902384702	s3-eth25	76630483	18118
1787644454.902384702	s3-eth26	70188391	16792
1787644454.902384702	s3-eth27	217264965	17068
1787644454.902384702	s3-eth28	70191163	16636
1787644454.902384702	s3-eth29	76611023	17892
1787644454.902384702	s3-eth3	16928	307654497
1787644454.902384702	s3-eth30	54090982	14894
1787644454.902384702	s3-eth31	63438395	18073
1787644454.902384702	s3-eth32	48297169	15932
1787644454.902384702	s3-eth33	76619582	17829
1787644454.902384702	s3-eth34	38000129	14977
1787644454.902384702	s3-eth4	15196	31930291
1787644454.902384702	s3-eth5	17092	36251112
1787644454.902384702	s3-eth6	15492	31489635
1787644454.902384702	s3-eth7	18256	61286937
1787644454.902384702	s3-eth8	16155	31277354
1787644454.902384702	s3-eth9	16542	35577110
1787644454.902384702	s4-eth1	2134426970	419003
1787644454.902384702	s4-eth10	14529	38988639
1787644454.902384702	s4-eth11	17651	183304880
1787644454.902384702	s4-eth12	14850	38838299
1787644454.902384702	s4-eth13	16419	44086856
1787644454.902384702	s4-eth14	14629	39425447
1787644454.902384702	s4-eth15	18426	63964558
1787644454.902384702	s4-eth16	13766	45557601
1787644454.902384702	s4-eth17	15486	44003025
1787644454.902384702	s4-eth18	13486	34987218
1787644454.902384702	s4-eth19	15374	183579863
1787644454.902384702	s4-eth2	12365	22181
1787644454.902384702	s4-eth20	12552	44811515
1787644454.902384702	s4-eth21	14814	55287800
1787644454.902384702	s4-eth22	12585	46378658
1787644454.902384702	s4-eth23	15089	66089058
1787644454.902384702	s4-eth24	11483	36426299
1787644454.902384702	s4-eth25	14671	55370795
1787644454.902384702	s4-eth26	13435	49376203
1787644454.902384702	s4-eth27	13824	171116628
1787644454.902384702	s4-eth28	13189	49709030
1787644454.902384702	s4-eth29	14579	54477762
1787644454.902384702	s4-eth3	17377	162426159
1787644454.902384702	s4-eth30	11607	39975465
1787644454.902384702	s4-eth31	15407	61648538
1787644454.902384702	s4-eth32	12773	29010112
1787644454.902384702	s4-eth33	14358	54828202
1787644454.902384702	s4-eth34	11526	34810298
1787644454.902384702	s4-eth4	14188	37151534
1787644454.902384702	s4-eth5	15733	44820189
1787644454.902384702	s4-eth6	14384	39492423
1787644454.902384702	s4-eth7	16713	62667702
1787644454.902384702	s4-eth8	14666	39296886
1787644454.902384702	s4-eth9	16106	44553746
1787644454.902384702	s5-eth1	2556428017	419451
1787644454.902384702	s5-eth2	1353739020	1084039114
1787644454.902384702	s5-eth3	12365	2343136217
1787644454.902384702	s5-eth4	460034	12365
1787644454.902384702	s6-eth1	12365	21530
1787644454.902384702	s6-eth2	1383174	10132
1787644454.902384702	s6-eth3	12365	1277395
1787644454.902384702	s6-eth4	10613	12365
1787644454.902384702	s7-eth1	1231837512	1058508674
1787644454.902384702	s7-eth2	419003	2138689522
1787644454.902384702	s7-eth3	2196183817	10335
1787644454.902384702	s7-eth4	195583	679121
1787644454.902384702	s8-eth1	12365	8313266
1787644454.902384702	s8-eth2	22181	12365
1787644454.902384702	s8-eth3	8402079	12365
1787644454.902384702	s8-eth4	46020	12365
1787644454.902384702	s9-eth1	2345473699	12365
1787644454.902384702	s9-eth2	1277395	12365
1787644454.902384702	s9-eth3	10335	2197909891
1787644454.902384702	s9-eth4	12365	8402079
1787644459.071486782	s10-eth1	12365	460034
1787644459.071486782	s10-eth2	12365	10613
1787644459.071486782	s10-eth3	679121	195583
1787644459.071486782	s10-eth4	12365	46020
1787644459.071486782	s1-eth1	419451	2580578633
1787644459.071486782	s1-eth10	70184041	17726
1787644459.071486782	s1-eth11	258403213	20312
1787644459.071486782	s1-eth12	70182388	17893
1787644459.071486782	s1-eth13	76611484	19076
1787644459.071486782	s1-eth14	70181863	17894
1787644459.071486782	s1-eth15	74211839	21168
1787644459.071486782	s1-eth16	50876752	16898
1787644459.071486782	s1-eth17	76628004	18292
1787644459.071486782	s1-eth18	70186718	17549
1787644459.071486782	s1-eth19	392656768	18304
1787644459.071486782	s1-eth2	21530	12365
1787644459.071486782	s1-eth20	70190152	16746
1787644459.071486782	s1-eth21	63754867	17355
1787644459.071486782	s1-eth22	70176529	16880
1787644459.071486782	s1-eth23	74265104	19892
1787644459.071486782	s1-eth24	66965690	15928
1787644459.071486782	s1-eth25	38000545	15875
1787644459.071486782	s1-eth26	50873838	15379
1787644459.071486782	s1-eth27	258508599	18287
1787644459.071486782	s1-eth28	50870455	15464
1787644459.071486782	s1-eth29	57315517	17534
1787644459.071486782	s1-eth3	509068923	20301
1787644459.071486782	s1-eth30	57314683	15556
1787644459.071486782	s1-eth31	71855620	18601
1787644459.071486782	s1-eth32	70187909	16731
1787644459.071486782	s1-eth33	57318346	17482
1787644459.071486782	s1-eth34	50875308	15353
1787644459.071486782	s1-eth4	70184840	18629
1787644459.071486782	s1-eth5	76617581	19771
1787644459.071486782	s1-eth6	70177558	18608
1787644459.071486782	s1-eth7	74570793	21032
1787644459.071486782	s1-eth8	70186433	19076
1787644459.071486782	s1-eth9	76614389	19326
1787644459.071486782	s2-eth1	1098896067	1360718327
1787644459.071486782	s2-eth10	70185294	17764
1787644459.071486782	s2-eth11	336065359	20238
1787644459.071486782	s2-eth12	70186569	17856
1787644459.071486782	s2-eth13	76627604	18500
1787644459.071486782	s2-eth14	70187528	17298
1787644459.071486782	s2-eth15	74643270	20444
1787644459.071486782	s2-eth16	63754726	16361
1787644459.071486782	s2-eth17	76626331	18564
1787644459.071486782	s2-eth18	57313731	16204
1787644459.071486782	s2-eth19	15413	325462764
1787644459.071486782	s2-eth2	10159	1383201
1787644459.071486782	s2-eth20	13479	36289633
1787644459.071486782	s2-eth21	13975	36530448
1787644459.071486782	s2-eth22	13343	35509688
1787644459.071486782	s2-eth23	16824	65388999
1787644459.071486782	s2-eth24	12555	33373296
1787644459.071486782	s2-eth25	12949	30922764
1787644459.071486782	s2-eth26	12582	28168523
1787644459.071486782	s2-eth27	15314	149014397
1787644459.071486782	s2-eth28	12824	27745086
1787644459.071486782	s2-eth29	14491	38154668
1787644459.071486782	s2-eth3	317280684	20186
1787644459.071486782	s2-eth30	12778	30347750
1787644459.071486782	s2-eth31	15228	64438874
1787644459.071486782	s2-eth32	13868	34355592
1787644459.071486782	s2-eth33	14372	37209655
1787644459.071486782	s2-eth34	12313	27739896
1787644459.071486782	s2-eth4	66938902	16455
1787644459.071486782	s2-eth5	76608233	18835
1787644459.071486782	s2-eth6	70180983	16892
1787644459.071486782	s2-eth7	70414118	19287
1787644459.071486782	s2-eth8	70171821	17196
1787644459.071486782	s2-eth9	76612496	18770
1787644459.071486782	s3-eth1	1074931639	1239888225
1787644459.071486782	s3-eth10	15247	30882005
1787644459.071486782	s3-eth11	16912	147690290
1787644459.071486782	s3-eth12	15615	30740508
1787644459.071486782	s3-eth13	16493	34952831
1787644459.071486782	s3-eth14	14979	30455218
1787644459.071486782	s3-eth15	18450	63641973
1787644459.071486782	s3-eth16	13506	28745474
1787644459.071486782	s3-eth17	15664	44718400
1787644459.071486782	s3-eth18	14302	30197367
1787644459.071486782	s3-eth19	304482564	18841
1787644459.071486782	s3-eth2	8313293	12392
1787644459.071486782	s3-eth20	63743432	16089
1787644459.071486782	s3-eth21	76626321	18261
1787644459.071486782	s3-eth22	66957942	16125
1787644459.071486782	s3-eth23	71989433	18496
1787644459.071486782	s3-eth24	44437054	14887
1787644459.071486782	s3-eth25	76630483	18118
1787644459.071486782	s3-eth26	70188391	16792
1787644459.071486782	s3-eth27	220880059	17068
1787644459.071486782	s3-eth28	70191163	16636
1787644459.071486782	s3-eth29	76611023	17892
1787644459.071486782	s3-eth3	16928	320795443
1787644459.071486782	s3-eth30	54090982	14894
1787644459.071486782	s3-eth31	67103959	18073
1787644459.071486782	s3-eth32	48297169	15932
1787644459.071486782	s3-eth33	76619582	17829
1787644459.071486782	s3-eth34	38000129	14977
1787644459.071486782	s3-eth4	15196	31930291
1787644459.071486782	s3-eth5	17092	36251112
1787644459.071486782	s3-eth6	15492	31489635
1787644459.071486782	s3-eth7	18256	64730433
1787644459.071486782	s3-eth8	16155	31277354
1787644459.071486782	s3-eth9	16542	35577110
1787644459.071486782	s4-eth1	2158059935	419030
1787644459.071486782	s4-eth10	14529	38988639
1787644459.071486782	s4-eth11	17651	186911322
1787644459.071486782	s4-eth12	14850	38838299
1787644459.071486782	s4-eth13	16419	44086856
1787644459.071486782	s4-eth14	14629	39425447
1787644459.071486782	s4-eth15	18426	67614260
1787644459.071486782	s4-eth16	13766	45557601
1787644459.071486782	s4-eth17	15486	44003025
1787644459.071486782	s4-eth18	13486	34987218
1787644459.071486782	s4-eth19	15374	184344123
1787644459.071486782	s4-eth2	12392	22208
1787644459.071486782	s4-eth20	12552	44811515
1787644459.071486782	s4-eth21	14814	55287800
1787644459.071486782	s4-eth22	12585	46378658
1787644459.071486782	s4-eth23	15089	69960828
1787644459.071486782	s4-eth24	11483	36426299
1787644459.071486782	s4-eth25	14671	55370795
1787644459.071486782	s4-eth26	13435	49376203
1787644459.071486782	s4-eth27	13824	174982630
1787644459.071486782	s4-eth28	13189	49709030
1787644459.071486782	s4-eth29	14579	54477762
1787644459.071486782	s4-eth3	17377	163181767
1787644459.071486782	s4-eth30	11607	39975465
1787644459.071486782	s4-eth31	15407	65550590
1787644459.071486782	s4-eth32	12773	29010112
1787644459.071486782	s4-eth33	14358	54828202
1787644459.071486782	s4-eth34	11526	34810298
1787644459.071486782	s4-eth4	14188	37151534
1787644459.071486782	s4-eth5	15733	44820189
1787644459.071486782	s4-eth6	14384	39492423
1787644459.071486782	s4-eth7	16713	66491886
1787644459.071486782	s4-eth8	14666	39296886
1787644459.071486782	s4-eth9	16106	44553746
1787644459.071486782	s5-eth1	2609708502	419478
1787644459.071486782	s5-eth2	1366058053	1110289309
1787644459.071486782	s5-eth3	12392	2381667926
1787644459.071486782	s5-eth4	460062	12392
1787644459.071486782	s6-eth1	12392	21557
1787644459.071486782	s6-eth2	1383201	10159
1787644459.071486782	s6-eth3	12392	1277422
1787644459.071486782	s6-eth4	10641	12392
1787644459.071486782	s7-eth1	1244107517	1084013355
1787644459.071486782	s7-eth2	419030	2162994459
1787644459.071486782	s7-eth3	2233795530	10362
1787644459.071486782	s7-eth4	195611	679148
1787644459.071486782	s8-eth1	12392	8313293
1787644459.071486782	s8-eth2	22208	12392
1787644459.071486782	s8-eth3	8402106	12392
1787644459.071486782	s8-eth4	46048	12392
1787644459.071486782	s9-eth1	2382452374	12392
1787644459.071486782	s9-eth2	1277422	12392
1787644459.071486782	s9-eth3	10362	2234755902
1787644459.071486782	s9-eth4	12392	8402106
1787644464.809305884	s10-eth1	12419	460090
1787644464.809305884	s10-eth2	12419	10669
1787644464.809305884	s10-eth3	679175	195639
1787644464.809305884	s10-eth4	12419	46076
1787644464.809305884	s1-eth1	419505	2631872069
1787644464.809305884	s1-eth10	70184041	17726
1787644464.809305884	s1-eth11	262106269	20312
1787644464.809305884	s1-eth12	70182388	17893
1787644464.809305884	s1-eth13	76611484	19076
1787644464.809305884	s1-eth14	70181863	17894
1787644464.809305884	s1-eth15	77959597	21168
1787644464.809305884	s1-eth16	50876752	16898
1787644464.809305884	s1-eth17	76628004	18292
1787644464.809305884	s1-eth18	70186718	17549
1787644464.809305884	s1-eth19	407826608	18304
1787644464.809305884	s1-eth2	21584	12419
1787644464.809305884	s1-eth20	70190152	16746
1787644464.809305884	s1-eth21	63754867	17355
1787644464.809305884	s1-eth22	70176529	16880
1787644464.809305884	s1-eth23	78087846	19892
1787644464.809305884	s1-eth24	66965690	15928
1787644464.809305884	s1-eth25	38000545	15875
1787644464.809305884	s1-eth26	50873838	15379
1787644464.809305884	s1-eth27	262358739	18287
1787644464.809305884	s1-eth28	50870455	15464
1787644464.809305884	s1-eth29	57315517	17534
1787644464.809305884	s1-eth3	524273371	20301
1787644464.809305884	s1-eth30	57314683	15556
1787644464.809305884	s1-eth31	75629334	18601
1787644464.809305884	s1-eth32	70187909	16731
1787644464.809305884	s1-eth33	57318346	17482
1787644464.809305884	s1-eth34	50875308	15353
1787644464.809305884	s1-eth4	70184840	18629
1787644464.809305884	s1-eth5	76617581	19771
1787644464.809305884	s1-eth6	70177558	18608
1787644464.809305884	s1-eth7	78330087	21032
1787644464.809305884	s1-eth8	70186433	19076
1787644464.809305884	s1-eth9	76614389	19326
1787644464.809305884	s2-eth1	1124784320	1372773474
1787644464.809305884	s2-eth10	70185294	17764
1787644464.809305884	s2-eth11	339850609	20238
1787644464.809305884	s2-eth12	70186569	17856
1787644464.809305884	s2-eth13	76627604	18500
1787644464.809305884	s2-eth14	70187528	17298
1787644464.809305884	s2-eth15	78480432	20444
1787644464.809305884	s2-eth16	63754726	16361
1787644464.809305884	s2-eth17	76626331	18564
1787644464.809305884	s2-eth18	57313731	16204
1787644464.809305884	s2-eth19	15413	340755174
1787644464.809305884	s2-eth2	10186	1383228
1787644464.809305884	s2-eth20	13479	36289633
1787644464.809305884	s2-eth21	13975	36530448
1787644464.809305884	s2-eth22	13343	35509688
1787644464.809305884	s2-eth23	16824	69295377
1787644464.809305884	s2-eth24	12555	33373296
1787644464.809305884	s2-eth25	12949	30922764
1787644464.809305884	s2-eth26	12582	28168523
1787644464.809305884	s2-eth27	15314	153027483
1787644464.809305884	s2-eth28	12824	27745086
1787644464.809305884	s2-eth29	14491	38154668
1787644464.809305884	s2-eth3	318106950	20186
1787644464.809305884	s2-eth30	12778	30347750
1787644464.809305884	s2-eth31	15228	68500988
1787644464.809305884	s2-eth32	13868	34355592
1787644464.809305884	s2-eth33	14372	37209655
1787644464.809305884	s2-eth34	12313	27739896
1787644464.809305884	s2-eth4	66938902	16455
1787644464.809305884	s2-eth5	76608233	18835
1787644464.809305884	s2-eth6	70180983	16892
1787644464.809305884	s2-eth7	74528144	19287
1787644464.809305884	s2-eth8	70171821	17196
1787644464.809305884	s2-eth9	76612496	18770
1787644464.809305884	s3-eth1	1102925212	1252954214
1787644464.809305884	s3-eth10	15247	30882005
1787644464.809305884	s3-eth11	16912	151657232
1787644464.809305884	s3-eth12	15615	30740508
1787644464.809305884	s3-eth13	16493	34952831
1787644464.809305884	s3-eth14	14979	30455218
1787644464.809305884	s3-eth15	18450	67590169
1787644464.809305884	s3-eth16	13506	28745474
1787644464.809305884	s3-eth17	15664	44718400
1787644464.809305884	s3-eth18	14302	30197367
1787644464.809305884	s3-eth19	305294410	18841
1787644464.809305884	s3-eth2	8313320	12419
1787644464.809305884	s3-eth20	63743432	16089
1787644464.809305884	s3-eth21	76626321	18261
1787644464.809305884	s3-eth22	66957942	16125
1787644464.809305884	s3-eth23	76097691	18496
1787644464.809305884	s3-eth24	44437054	14887
1787644464.809305884	s3-eth25	76630483	18118
1787644464.809305884	s3-eth26	70188391	16792
1787644464.809305884	s3-eth27	224994085	17068
1787644464.809305884	s3-eth28	70191163	16636
1787644464.809305884	s3-eth29	76611023	17892
1787644464.809305884	s3-eth3	16928	336937191
1787644464.809305884	s3-eth30	54090982	14894
1787644464.809305884	s3-eth31	71255477	18073
1787644464.809305884	s3-eth32	48297169	15932
1787644464.809305884	s3-eth33	76619582	17829
1787644464.809305884	s3-eth34	38000129	14977
1787644464.809305884	s3-eth4	15196	31930291
1787644464.809305884	s3-eth5	17092	36251112
1787644464.809305884	s3-eth6	15492	31489635
1787644464.809305884	s3-eth7	18256	68781011
1787644464.809305884	s3-eth8	16155	31277354
1787644464.809305884	s3-eth9	16542	35577110
1787644464.809305884	s4-eth1	2184550944	419057
1787644464.809305884	s4-eth10	14529	38988639
1787644464.809305884	s4-eth11	17651	191052746
1787644464.809305884	s4-eth12	14850	38838299
1787644464.809305884	s4-eth13	16419	44086856
1787644464.809305884	s4-eth14	14629	39425447
1787644464.809305884	s4-eth15	18426	71765778
1787644464.809305884	s4-eth16	13766	45557601
1787644464.809305884	s4-eth17	15486	44003025
1787644464.809305884	s4-eth18	13486	34987218
1787644464.809305884	s4-eth19	15374	185181925
1787644464.809305884	s4-eth2	12419	22235
1787644464.809305884	s4-eth20	12552	44811515
1787644464.809305884	s4-eth21	14814	55287800
1787644464.809305884	s4-eth22	12585	46378658
1787644464.809305884	s4-eth23	15089	74084948
1787644464.809305884	s4-eth24	11483	36426299
1787644464.809305884	s4-eth25	14671	55370795
1787644464.809305884	s4-eth26	13435	49376203
1787644464.809305884	s4-eth27	13824	179033208
1787644464.809305884	s4-eth28	13189	49709030
1787644464.809305884	s4-eth29	14579	54477762
1787644464.809305884	s4-eth3	17377	163990729
1787644464.809305884	s4-eth30	11607	39975465
1787644464.809305884	s4-eth31	15407	69611262
1787644464.809305884	s4-eth32	12773	29010112
1787644464.809305884	s4-eth33	14358	54828202
1787644464.809305884	s4-eth34	11526	34810298
1787644464.809305884	s4-eth4	14188	37151534
1787644464.809305884	s4-eth5	15733	44820189
1787644464.809305884	s4-eth6	14384	39492423
1787644464.809305884	s4-eth7	16713	70487668
1787644464.809305884	s4-eth8	14666	39296886
1787644464.809305884	s4-eth9	16106	44553746
1787644464.809305884	s5-eth1	2664883775	419505
1787644464.809305884	s5-eth2	1378814012	1137272040
1787644464.809305884	s5-eth3	12419	2421371981
1787644464.809305884	s5-eth4	460090	12419
1787644464.809305884	s6-eth1	12419	21584
1787644464.809305884	s6-eth2	1383228	10186
1787644464.809305884	s6-eth3	12419	1277449
1787644464.809305884	s6-eth4	10669	12419
1787644464.809305884	s7-eth1	1257202346	1111180662
1787644464.809305884	s7-eth2	419057	2189295124
1787644464.809305884	s7-eth3	2274429675	10389
1787644464.809305884	s7-eth4	195639	679175
1787644464.809305884	s8-eth1	12419	8313320
1787644464.809305884	s8-eth2	22235	12419
1787644464.809305884	s8-eth3	8402133	12419
1787644464.809305884	s8-eth4	46076	12419
1787644464.809305884	s9-eth1	2423276863	12419
1787644464.809305884	s9-eth2	1277449	12419
1787644464.809305884	s9-eth3	10389	2275398699
1787644464.809305884	s9-eth4	12419	8402133
1787644471.191348249	s10-eth1	12446	460118
1787644471.191348249	s10-eth2	12446	10697
1787644471.191348249	s10-eth3	679202	195667
1787644471.191348249	s10-eth4	12446	46104
1787644471.191348249	s1-eth1	419532	2687821696
1787644471.191348249	s1-eth10	70184041	17726
1787644471.191348249	s1-eth11	266177035	20312
1787644471.191348249	s1-eth12	70182388	17893
1787644471.191348249	s1-eth13	76611484	19076
1787644471.191348249	s1-eth14	70181863	17894
1787644471.191348249	s1-eth15	82013059	21168
1787644471.191348249	s1-eth16	50876752	16898
1787644471.191348249	s1-eth17	76628004	18292
1787644471.191348249	s1-eth18	70186718	17549
1787644471.191348249	s1-eth19	424030362	18304
1787644471.191348249	s1-eth2	21611	12446
1787644471.191348249	s1-eth20	70190152	16746
1787644471.191348249	s1-eth21	63754867	17355
1787644471.191348249	s1-eth22	70176529	16880
1787644471.191348249	s1-eth23	82161496	19892
1787644471.191348249	s1-eth24	66965690	15928
1787644471.191348249	s1-eth25	38000545	15875
1787644471.191348249	s1-eth26	50873838	15379
1787644471.191348249	s1-eth27	266452577	18287
1787644471.191348249	s1-eth28	50870455	15464
1787644471.191348249	s1-eth29	57315517	17534
1787644471.191348249	s1-eth3	540684773	20301
1787644471.191348249	s1-eth30	57314683	15556
1787644471.191348249	s1-eth31	79741918	18601
1787644471.191348249	s1-eth32	70187909	16731
1787644471.191348249	s1-eth33	57318346	17482
1787644471.191348249	s1-eth34	50875308	15353
1787644471.191348249	s1-eth4	70184840	18629
1787644471.191348249	s1-eth5	76617581	19771
1787644471.191348249	s1-eth6	70177558	18608
1787644471.191348249	s1-eth7	82442671	21032
1787644471.191348249	s1-eth8	70186433	19076
1787644471.191348249	s1-eth9	76614389	19326
1787644471.191348249	s2-eth1	1151803101	1385861093
1787644471.191348249	s2-eth10	70185294	17764
1787644471.191348249	s2-eth11	343932911	20238
1787644471.191348249	s2-eth12	70186569	17856
1787644471.191348249	s2-eth13	76627604	18500
1787644471.191348249	s2-eth14	70187528	17298
1787644471.191348249	s2-eth15	82559850	20444
1787644471.191348249	s2-eth16	63754726	16361
1787644471.191348249	s2-eth17	76626331	18564
1787644471.191348249	s2-eth18	57313731	16204
1787644471.191348249	s2-eth19	15413	355897616
1787644471.191348249	s2-eth2	10213	1383255
1787644471.191348249	s2-eth20	13479	36289633
1787644471.191348249	s2-eth21	13975	36530448
1787644471.191348249	s2-eth22	13343	35509688
1787644471.191348249	s2-eth23	16824	73112351
1787644471.191348249	s2-eth24	12555	33373296
1787644471.191348249	s2-eth25	12949	30922764
1787644471.191348249	s2-eth26	12582	28168523
1787644471.191348249	s2-eth27	15314	156793987
1787644471.191348249	s2-eth28	12824	27745086
1787644471.191348249	s2-eth29	14491	38154668
1787644471.191348249	s2-eth3	318894282	20186
1787644471.191348249	s2-eth30	12778	30347750
1787644471.191348249	s2-eth31	15228	72266050
1787644471.191348249	s2-eth32	13868	34355592
1787644471.191348249	s2-eth33	14372	37209655
1787644471.191348249	s2-eth34	12313	27739896
1787644471.191348249	s2-eth4	66938902	16455
1787644471.191348249	s2-eth5	76608233	18835
1787644471.191348249	s2-eth6	70180983	16892
1787644471.191348249	s2-eth7	78441732	19287
1787644471.191348249	s2-eth8	70171821	17196
1787644471.191348249	s2-eth9	76612496	18770
1787644471.191348249	s3-eth1	1128663497	1265525597
1787644471.191348249	s3-eth10	15247	30882005
1787644471.191348249	s3-eth11	16912	155396338
1787644471.191348249	s3-eth12	15615	30740508
1787644471.191348249	s3-eth13	16493	34952831
1787644471.191348249	s3-eth14	14979	30455218
1787644471.191348249	s3-eth15	18450	71365325
1787644471.191348249	s3-eth16	13506	28745474
1787644471.191348249	s3-eth17	15664	44718400
1787644471.191348249	s3-eth18	14302	30197367
1787644471.191348249	s3-eth19	306087510	18841
1787644471.191348249	s3-eth2	8313347	12446
1787644471.191348249	s3-eth20	63743432	16089
1787644471.191348249	s3-eth21	76626321	18261
1787644471.191348249	s3-eth22	66957942	16125
1787644471.191348249	s3-eth23	80017047	18496
1787644471.191348249	s3-eth24	44437054	14887
1787644471.191348249	s3-eth25	76630483	18118
1787644471.191348249	s3-eth26	70188391	16792
1787644471.191348249	s3-eth27	228909115	17068
1787644471.191348249	s3-eth28	70191163	16636
1787644471.191348249	s3-eth29	76611023	17892
1787644471.191348249	s3-eth3	16928	351368727
1787644471.191348249	s3-eth30	54090982	14894
1787644471.191348249	s3-eth31	75133015	18073
1787644471.191348249	s3-eth32	48297169	15932
1787644471.191348249	s3-eth33	76619582	17829
1787644471.191348249	s3-eth34	38000129	14977
1787644471.191348249	s3-eth4	15196	31930291
1787644471.191348249	s3-eth5	17092	36251112
1787644471.191348249	s3-eth6	15492	31489635
1787644471.191348249	s3-eth7	18256	72391779
1787644471.191348249	s3-eth8	16155	31277354
1787644471.191348249	s3-eth9	16542	35577110
1787644471.191348249	s4-eth1	2208604973	419084
1787644471.191348249	s4-eth10	14529	38988639
1787644471.191348249	s4-eth11	17651	194751476
1787644471.191348249	s4-eth12	14850	38838299
1787644471.191348249	s4-eth13	16419	44086856
1787644471.191348249	s4-eth14	14629	39425447
1787644471.191348249	s4-eth15	18426	75425574
1787644471.191348249	s4-eth16	13766	45557601
1787644471.191348249	s4-eth17	15486	44003025
1787644471.191348249	s4-eth18	13486	34987218
1787644471.191348249	s4-eth19	15374	185918787
1787644471.191348249	s4-eth2	12446	22262
1787644471.191348249	s4-eth20	12552	44811515
1787644471.191348249	s4-eth21	14814	55287800
1787644471.191348249	s4-eth22	12585	46378658
1787644471.191348249	s4-eth23	15089	77865872
1787644471.191348249	s4-eth24	11483	36426299
1787644471.191348249	s4-eth25	14671	55370795
1787644471.191348249	s4-eth26	13435	49376203
1787644471.191348249	s4-eth27	13824	182910746
1787644471.191348249	s4-eth28	13189	49709030
1787644471.191348249	s4-eth29	14579	54477762
1787644471.191348249	s4-eth3	17377	164756431
1787644471.191348249	s4-eth30	11607	39975465
1787644471.191348249	s4-eth31	15407	73451308
1787644471.191348249	s4-eth32	12773	29010112
1787644471.191348249	s4-eth33	14358	54828202
1787644471.191348249	s4-eth34	11526	34810298
1787644471.191348249	s4-eth4	14188	37151534
1787644471.191348249	s4-eth5	15733	44820189
1787644471.191348249	s4-eth6	14384	39492423
1787644471.191348249	s4-eth7	16713	74352228
1787644471.191348249	s4-eth8	14666	39296886
1787644471.191348249	s4-eth9	16106	44553746
1787644471.191348249	s5-eth1	2719689923	419559
1787644471.191348249	s5-eth2	1391492130	1164068780
1787644471.191348249	s5-eth3	12473	2461032803
1787644471.191348249	s5-eth4	460146	12473
1787644471.191348249	s6-eth1	12473	21638
1787644471.191348249	s6-eth2	1383282	10240
1787644471.191348249	s6-eth3	12473	1277503
1787644471.191348249	s6-eth4	10725	12473
1787644471.191348249	s7-eth1	1269837204	1137952888
1787644471.191348249	s7-eth2	419111	2214322530
1787644471.191348249	s7-eth3	2313965043	10443
1787644471.191348249	s7-eth4	195695	679229
1787644471.191348249	s8-eth1	12473	8313374
1787644471.191348249	s8-eth2	22289	12473
1787644471.191348249	s8-eth3	8402187	12473
1787644471.191348249	s8-eth4	46132	12473
1787644471.191348249	s9-eth1	2463168405	12473
1787644471.191348249	s9-eth2	1277503	12473
1787644471.191348249	s9-eth3	10443	2315320523
1787644471.191348249	s9-eth4	12473	8402187
1787644477.418902089	s10-eth1	12473	460146
1787644477.418902089	s10-eth2	12473	10725
1787644477.418902089	s10-eth3	679229	195695
1787644477.418902089	s10-eth4	12473	46132
1787644477.418902089	s1-eth1	419559	2744013579
1787644477.418902089	s1-eth10	70184041	17726
1787644477.418902089	s1-eth11	270207425	20312
1787644477.418902089	s1-eth12	70182388	17893
1787644477.418902089	s1-eth13	76611484	19076
1787644477.418902089	s1-eth14	70181863	17894
1787644477.418902089	s1-eth15	86016051	21168
1787644477.418902089	s1-eth16	50876752	16898
1787644477.418902089	s1-eth17	76628004	18292
1787644477.418902089	s1-eth18	70186718	17549
1787644477.418902089	s1-eth19	439849102	18304
1787644477.418902089	s1-eth2	21638	12473
1787644477.418902089	s1-eth20	70190152	16746
1787644477.418902089	s1-eth21	63754867	17355
1787644477.418902089	s1-eth22	70176529	16880
1787644477.418902089	s1-eth23	86115460	19892
1787644477.418902089	s1-eth24	66965690	15928
1787644477.418902089	s1-eth25	38000545	15875
1787644477.418902089	s1-eth26	50873838	15379
1787644477.418902089	s1-eth27	270418077	18287
1787644477.418902089	s1-eth28	50870455	15464
1787644477.418902089	s1-eth29	57315517	17534
1787644477.418902089	s1-eth3	556553983	20301
1787644477.418902089	s1-eth30	57314683	15556
1787644477.418902089	s1-eth31	83705976	18601
1787644477.418902089	s1-eth32	70187909	16731
1787644477.418902089	s1-eth33	57318346	17482
1787644477.418902089	s1-eth34	50875308	15353
1787644477.418902089	s1-eth4	70184840	18629
1787644477.418902089	s1-eth5	76617581	19771
1787644477.418902089	s1-eth6	70177558	18608
1787644477.418902089	s1-eth7	86444221	21032
1787644477.418902089	s1-eth8	70186433	19076
1787644477.418902089	s1-eth9	76614389	19326
1787644477.418902089	s2-eth1	1179449152	1398748274
1787644477.418902089	s2-eth10	70185294	17764
1787644477.418902089	s2-eth11	347982047	20238
1787644477.418902089	s2-eth12	70186569	17856
1787644477.418902089	s2-eth13	76627604	18500
1787644477.418902089	s2-eth14	70187528	17298
1787644477.418902089	s2-eth15	86627732	20444
1787644477.418902089	s2-eth16	63754726	16361
1787644477.418902089	s2-eth17	76626331	18564
1787644477.418902089	s2-eth18	57313731	16204
1787644477.418902089	s2-eth19	15413	371902374
1787644477.418902089	s2-eth2	10240	1383282
1787644477.418902089	s2-eth20	13479	36289633
1787644477.418902089	s2-eth21	13975	36530448
1787644477.418902089	s2-eth22	13343	35509688
1787644477.418902089	s2-eth23	16824	77111017
1787644477.418902089	s2-eth24	12555	33373296
1787644477.418902089	s2-eth25	12949	30922764
1787644477.418902089	s2-eth26	12582	28168523
1787644477.418902089	s2-eth27	15314	160734973
1787644477.418902089	s2-eth28	12824	27745086
1787644477.418902089	s2-eth29	14491	38154668
1787644477.418902089	s2-eth3	319693150	20186
1787644477.418902089	s2-eth30	12778	30347750
1787644477.418902089	s2-eth31	15228	76145030
1787644477.418902089	s2-eth32	13868	34355592
1787644477.418902089	s2-eth33	14372	37209655
1787644477.418902089	s2-eth34	12313	27739896
1787644477.418902089	s2-eth4	66938902	16455
1787644477.418902089	s2-eth5	76608233	18835
1787644477.418902089	s2-eth6	70180983	16892
1787644477.418902089	s2-eth7	82319270	19287
1787644477.418902089	s2-eth8	70171821	17196
1787644477.418902089	s2-eth9	76612496	18770
1787644477.418902089	s3-eth1	1155073754	1277935476
1787644477.418902089	s3-eth10	15247	30882005
1787644477.418902089	s3-eth11	16912	159123908
1787644477.418902089	s3-eth12	15615	30740508
1787644477.418902089	s3-eth13	16493	34952831
1787644477.418902089	s3-eth14	14979	30455218
1787644477.418902089	s3-eth15	18450	75102989
1787644477.418902089	s3-eth16	13506	28745474
1787644477.418902089	s3-eth17	15664	44718400
1787644477.418902089	s3-eth18	14302	30197367
1787644477.418902089	s3-eth19	306864748	18841
1787644477.418902089	s3-eth2	8313374	12473
1787644477.418902089	s3-eth20	63743432	16089
1787644477.418902089	s3-eth21	76626321	18261
1787644477.418902089	s3-eth22	66957942	16125
1787644477.418902089	s3-eth23	83926309	18496
1787644477.418902089	s3-eth24	44437054	14887
1787644477.418902089	s3-eth25	76630483	18118
1787644477.418902089	s3-eth26	70188391	16792
1787644477.418902089	s3-eth27	232814051	17068
1787644477.418902089	s3-eth28	70191163	16636
1787644477.418902089	s3-eth29	76611023	17892
1787644477.418902089	s3-eth3	16928	366420323
1787644477.418902089	s3-eth30	54090982	14894
1787644477.418902089	s3-eth31	79069675	18073
1787644477.418902089	s3-eth32	48297169	15932
1787644477.418902089	s3-eth33	76619582	17829
1787644477.418902089	s3-eth34	38000129	14977
1787644477.418902089	s3-eth4	15196	31930291
1787644477.418902089	s3-eth5	17092	36251112
1787644477.418902089	s3-eth6	15492	31489635
1787644477.418902089	s3-eth7	18256	76253455
1787644477.418902089	s3-eth8	16155	31277354
1787644477.418902089	s3-eth9	16542	35577110
1787644477.418902089	s4-eth1	2234005857	419138
1787644477.418902089	s4-eth10	14529	38988639
1787644477.418902089	s4-eth11	17651	198702556
1787644477.418902089	s4-eth12	14850	38838299
1787644477.418902089	s4-eth13	16419	44086856
1787644477.418902089	s4-eth14	14629	39425447
1787644477.418902089	s4-eth15	18426	79360792
1787644477.418902089	s4-eth16	13766	45557601
1787644477.418902089	s4-eth17	15486	44003025
1787644477.418902089	s4-eth18	13486	34987218
1787644477.418902089	s4-eth19	15374	186701793
1787644477.418902089	s4-eth2	12500	22316
1787644477.418902089	s4-eth20	12552	44811515
1787644477.418902089	s4-eth21	14814	55287800
1787644477.418902089	s4-eth22	12585	46378658
1787644477.418902089	s4-eth23	15089	81724664
1787644477.418902089	s4-eth24	11483	36426299
1787644477.418902089	s4-eth25	14671	55370795
1787644477.418902089	s4-eth26	13435	49376203
1787644477.418902089	s4-eth27	13824	186701764
1787644477.418902089	s4-eth28	13189	49709030
1787644477.418902089	s4-eth29	14579	54477762
1787644477.418902089	s4-eth3	17377	165509155
1787644477.418902089	s4-eth30	11607	39975465
1787644477.418902089	s4-eth31	15407	77225022
1787644477.418902089	s4-eth32	12773	29010112
1787644477.418902089	s4-eth33	14358	54828202
1787644477.418902089	s4-eth34	11526	34810298
1787644477.418902089	s4-eth4	14188	37151534
1787644477.418902089	s4-eth5	15733	44820189
1787644477.418902089	s4-eth6	14384	39492423
1787644477.418902089	s4-eth7	16713	78085566
1787644477.418902089	s4-eth8	14666	39296886
1787644477.418902089	s4-eth9	16106	44553746
1787644477.418902089	s5-eth1	2772237872	419586
1787644477.418902089	s5-eth2	1403515553	1189644119
1787644477.418902089	s5-eth3	12500	2498413796
1787644477.418902089	s5-eth4	460174	12500
1787644477.418902089	s6-eth1	12500	21665
1787644477.418902089	s6-eth2	1383309	10267
1787644477.418902089	s6-eth3	12500	1277530
1787644477.418902089	s6-eth4	10753	12500
1787644477.418902089	s7-eth1	1281782759	1163179263
1787644477.418902089	s7-eth2	419138	2238170353
1787644477.418902089	s7-eth3	2351235002	10470
1787644477.418902089	s7-eth4	195723	679256
1787644477.418902089	s8-eth1	12500	8313401
1787644477.418902089	s8-eth2	22316	12500
1787644477.418902089	s8-eth3	8402214	12500
1787644477.418902089	s8-eth4	46160	12500
1787644477.418902089	s9-eth1	2500633034	12500
1787644477.418902089	s9-eth2	1277530	12500
1787644477.418902089	s9-eth3	10470	2352600576
1787644477.418902089	s9-eth4	12500	8402214
1787644483.215731884	s10-eth1	12500	460174
1787644483.215731884	s10-eth2	12500	10753
1787644483.215731884	s10-eth3	679256	195723
1787644483.215731884	s10-eth4	12500	46160
1787644483.215731884	s1-eth1	419586	2796545666
1787644483.215731884	s1-eth10	70184041	17726
1787644483.215731884	s1-eth11	273971045	20312
1787644483.215731884	s1-eth12	70182388	17893
1787644483.215731884	s1-eth13	76611484	19076
1787644483.215731884	s1-eth14	70181863	17894
1787644483.215731884	s1-eth15	89820047	21168
1787644483.215731884	s1-eth16	50876752	16898
1787644483.215731884	s1-eth17	76628004	18292
1787644483.215731884	s1-eth18	70186718	17549
1787644483.215731884	s1-eth19	455347718	18304
1787644483.215731884	s1-eth2	21665	12500
1787644483.215731884	s1-eth20	70190152	16746
1787644483.215731884	s1-eth21	63754867	17355
1787644483.215731884	s1-eth22	70176529	16880
1787644483.215731884	s1-eth23	89982904	19892
1787644483.215731884	s1-eth24	66965690	15928
1787644483.215731884	s1-eth25	38000545	15875
1787644483.215731884	s1-eth26	50873838	15379
1787644483.215731884	s1-eth27	274245145	18287
1787644483.215731884	s1-eth28	50870455	15464
1787644483.215731884	s1-eth29	57315517	17534
1787644483.215731884	s1-eth3	571742569	20301
1787644483.215731884	s1-eth30	57314683	15556
1787644483.215731884	s1-eth31	87475364	18601
1787644483.215731884	s1-eth32	70187909	16731
1787644483.215731884	s1-eth33	57318346	17482
1787644483.215731884	s1-eth34	50875308	15353
1787644483.215731884	s1-eth4	70184840	18629
1787644483.215731884	s1-eth5	76617581	19771
1787644483.215731884	s1-eth6	70177558	18608
1787644483.215731884	s1-eth7	90072293	21032
1787644483.215731884	s1-eth8	70186433	19076
1787644483.215731884	s1-eth9	76614389	19326
1787644483.215731884	s2-eth1	1204013649	1410220853
1787644483.215731884	s2-eth10	70185294	17764
1787644483.215731884	s2-eth11	351532251	20238
1787644483.215731884	s2-eth12	70186569	17856
1787644483.215731884	s2-eth13	76627604	18500
1787644483.215731884	s2-eth14	70187528	17298
1787644483.215731884	s2-eth15	90114488	20444
1787644483.215731884	s2-eth16	63754726	16361
1787644483.215731884	s2-eth17	76626331	18564
1787644483.215731884	s2-eth18	57313731	16204
1787644483.215731884	s2-eth19	15413	385386516
1787644483.215731884	s2-eth2	10267	1383309
1787644483.215731884	s2-eth20	13479	36289633
1787644483.215731884	s2-eth21	13975	36530448
1787644483.215731884	s2-eth22	13343	35509688
1787644483.215731884	s2-eth23	16824	80456457
1787644483.215731884	s2-eth24	12555	33373296
1787644483.215731884	s2-eth25	12949	30922764
1787644483.215731884	s2-eth26	12582	28168523
1787644483.215731884	s2-eth27	15314	164084739
1787644483.215731884	s2-eth28	12824	27745086
1787644483.215731884	s2-eth29	14491	38154668
1787644483.215731884	s2-eth3	320375216	20186
1787644483.215731884	s2-eth30	12778	30347750
1787644483.215731884	s2-eth31	15228	79486144
1787644483.215731884	s2-eth32	13868	34355592
1787644483.215731884	s2-eth33	14372	37209655
1787644483.215731884	s2-eth34	12313	27739896
1787644483.215731884	s2-eth4	66938902	16455
1787644483.215731884	s2-eth5	76608233	18835
1787644483.215731884	s2-eth6	70180983	16892
1787644483.215731884	s2-eth7	85754114	19287
1787644483.215731884	s2-eth8	70171821	17196
1787644483.215731884	s2-eth9	76612496	18770
1787644483.215731884	s3-eth1	1178425529	1288975455
1787644483.215731884	s3-eth10	15247	30882005
1787644483.215731884	s3-eth11	16912	162501072
1787644483.215731884	s3-eth12	15615	30740508
1787644483.215731884	s3-eth13	16493	34952831
1787644483.215731884	s3-eth14	14979	30455218
1787644483.215731884	s3-eth15	18450	78493131
1787644483.215731884	s3-eth16	13506	28745474
1787644483.215731884	s3-eth17	15664	44718400
1787644483.215731884	s3-eth18	14302	30197367
1787644483.215731884	s3-eth19	307551140	18841
1787644483.215731884	s3-eth2	8313428	12527
1787644483.215731884	s3-eth20	63743432	16089
1787644483.215731884	s3-eth21	76626321	18261
1787644483.215731884	s3-eth22	66957942	16125
1787644483.215731884	s3-eth23	87343849	18496
1787644483.215731884	s3-eth24	44437054	14887
1787644483.215731884	s3-eth25	76630483	18118
1787644483.215731884	s3-eth26	70188391	16792
1787644483.215731884	s3-eth27	236220055	17068
1787644483.215731884	s3-eth28	70191163	16636
1787644483.215731884	s3-eth29	76611023	17892
1787644483.215731884	s3-eth3	16928	379630485
1787644483.215731884	s3-eth30	54090982	14894
1787644483.215731884	s3-eth31	82454049	18073
1787644483.215731884	s3-eth32	48297169	15932
1787644483.215731884	s3-eth33	76619582	17829
1787644483.215731884	s3-eth34	38000129	14977
1787644483.215731884	s3-eth4	15196	31930291
1787644483.215731884	s3-eth5	17092	36251112
1787644483.215731884	s3-eth6	15492	31489635
1787644483.215731884	s3-eth7	18256	79561403
1787644483.215731884	s3-eth8	16155	31277354
1787644483.215731884	s3-eth9	16542	35577110
1787644483.215731884	s4-eth1	2255536386	419165
1787644483.215731884	s4-eth10	14529	38988639
1787644483.215731884	s4-eth11	17651	202063858
1787644483.215731884	s4-eth12	14850	38838299
1787644483.215731884	s4-eth13	16419	44086856
1787644483.215731884	s4-eth14	14629	39425447
1787644483.215731884	s4-eth15	18426	82712000
1787644483.215731884	s4-eth16	13766	45557601
1787644483.215731884	s4-eth17	15486	44003025
1787644483.215731884	s4-eth18	13486	34987218
1787644483.215731884	s4-eth19	15374	187375207
1787644483.215731884	s4-eth2	12527	22343
1787644483.215731884	s4-eth20	12552	44811515
1787644483.215731884	s4-eth21	14814	55287800
1787644483.215731884	s4-eth22	12585	46378658
1787644483.215731884	s4-eth23	15089	85090292
1787644483.215731884	s4-eth24	11483	36426299
1787644483.215731884	s4-eth25	14671	55370795
1787644483.215731884	s4-eth26	13435	49376203
1787644483.215731884	s4-eth27	13824	190045762
1787644483.215731884	s4-eth28	13189	49709030
1787644483.215731884	s4-eth29	14579	54477762
1787644483.215731884	s4-eth3	17377	166169591
1787644483.215731884	s4-eth30	11607	39975465
1787644483.215731884	s4-eth31	15407	80518550
1787644483.215731884	s4-eth32	12773	29010112
1787644483.215731884	s4-eth33	14358	54828202
1787644483.215731884	s4-eth34	11526	34810298
1787644483.215731884	s4-eth4	14188	37151534
1787644483.215731884	s4-eth5	15733	44820189
1787644483.215731884	s4-eth6	14384	39492423
1787644483.215731884	s4-eth7	16713	81309878
1787644483.215731884	s4-eth8	14666	39296886
1787644483.215731884	s4-eth9	16106	44553746
1787644483.215731884	s5-eth1	2817303283	419613
1787644483.215731884	s5-eth2	1413789830	1211827874
1787644483.215731884	s5-eth3	12527	2530772303
1787644483.215731884	s5-eth4	460202	12527
1787644483.215731884	s6-eth1	12527	21692
1787644483.215731884	s6-eth2	1383336	10294
1787644483.215731884	s6-eth3	12527	1277557
1787644483.215731884	s6-eth4	10781	12527
1787644483.215731884	s7-eth1	1291858040	1184711234
1787644483.215731884	s7-eth2	419165	2258159384
1787644483.215731884	s7-eth3	2382738403	10497
1787644483.215731884	s7-eth4	195751	679283
1787644483.215731884	s8-eth1	12527	8313428
1787644483.215731884	s8-eth2	22343	12527
1787644483.215731884	s8-eth3	8402241	12527
1787644483.215731884	s8-eth4	46188	12527
1787644483.215731884	s9-eth1	2531611547	12527
1787644483.215731884	s9-eth2	1277557	12527
1787644483.215731884	s9-eth3	10497	2383247429
1787644483.215731884	s9-eth4	12527	8402241
1787644487.898184988	s10-eth1	12527	460202
1787644487.898184988	s10-eth2	12527	10781
1787644487.898184988	s10-eth3	679283	195751
1787644487.898184988	s10-eth4	12527	46188
1787644487.898184988	s1-eth1	419613	2837455233
1787644487.898184988	s1-eth10	70184041	17726
1787644487.898184988	s1-eth11	276862255	20312
1787644487.898184988	s1-eth12	70182388	17893
1787644487.898184988	s1-eth13	76611484	19076
1787644487.898184988	s1-eth14	70181863	17894
1787644487.898184988	s1-eth15	92678091	21168
1787644487.898184988	s1-eth16	50876752	16898
1787644487.898184988	s1-eth17	76628004	18292
1787644487.898184988	s1-eth18	70186718	17549
1787644487.898184988	s1-eth19	466560710	18304
1787644487.898184988	s1-eth2	21692	12527
1787644487.898184988	s1-eth20	70190152	16746
1787644487.898184988	s1-eth21	63754867	17355
1787644487.898184988	s1-eth22	70176529	16880
1787644487.898184988	s1-eth23	92768848	19892
1787644487.898184988	s1-eth24	66965690	15928
1787644487.898184988	s1-eth25	38000545	15875
1787644487.898184988	s1-eth26	50873838	15379
1787644487.898184988	s1-eth27	277055603	18287
1787644487.898184988	s1-eth28	50870455	15464
1787644487.898184988	s1-eth29	57315517	17534
1787644487.898184988	s1-eth3	583105529	20301
1787644487.898184988	s1-eth30	57314683	15556
1787644487.898184988	s1-eth31	90317546	18601
1787644487.898184988	s1-eth32	70187909	16731
1787644487.898184988	s1-eth33	57318346	17482
1787644487.898184988	s1-eth34	50875308	15353
1787644487.898184988	s1-eth4	70184840	18629
1787644487.898184988	s1-eth5	76617581	19771
1787644487.898184988	s1-eth6	70177558	18608
1787644487.898184988	s1-eth7	92941873	21032
1787644487.898184988	s1-eth8	70186433	19076
1787644487.898184988	s1-eth9	76614389	19326
1787644487.898184988	s2-eth1	1224148322	1419478520
1787644487.898184988	s2-eth10	70185294	17764
1787644487.898184988	s2-eth11	354426345	20238
1787644487.898184988	s2-eth12	70186569	17856
1787644487.898184988	s2-eth13	76627604	18500
1787644487.898184988	s2-eth14	70187528	17298
1787644487.898184988	s2-eth15	93007140	20444
1787644487.898184988	s2-eth16	63754726	16361
1787644487.898184988	s2-eth17	76626331	18564
1787644487.898184988	s2-eth18	57313731	16204
1787644487.898184988	s2-eth19	15413	396880698
1787644487.898184988	s2-eth2	10294	1383336
1787644487.898184988	s2-eth20	13479	36289633
1787644487.898184988	s2-eth21	13975	36530448
1787644487.898184988	s2-eth22	13343	35509688
1787644487.898184988	s2-eth23	16824	83334689
1787644487.898184988	s2-eth24	12555	33373296
1787644487.898184988	s2-eth25	12949	30922764
1787644487.898184988	s2-eth26	12582	28168523
1787644487.898184988	s2-eth27	15314	166947109
1787644487.898184988	s2-eth28	12824	27745086
1787644487.898184988	s2-eth29	14491	38154668
1787644487.898184988	s2-eth3	320954900	20186
1787644487.898184988	s2-eth30	12778	30347750
1787644487.898184988	s2-eth31	15228	82396100
1787644487.898184988	s2-eth32	13868	34355592
1787644487.898184988	s2-eth33	14372	37209655
1787644487.898184988	s2-eth34	12313	27739896
1787644487.898184988	s2-eth4	66938902	16455
1787644487.898184988	s2-eth5	76608233	18835
1787644487.898184988	s2-eth6	70180983	16892
1787644487.898184988	s2-eth7	88656860	19287
1787644487.898184988	s2-eth8	70171821	17196
1787644487.898184988	s2-eth9	76612496	18770
1787644487.898184988	s3-eth1	1198261708	1298140834
1787644487.898184988	s3-eth10	15247	30882005
1787644487.898184988	s3-eth11	16912	165314414
1787644487.898184988	s3-eth12	15615	30740508
1787644487.898184988	s3-eth13	16493	34952831
1787644487.898184988	s3-eth14	14979	30455218
1787644487.898184988	s3-eth15	18450	81287727
1787644487.898184988	s3-eth16	13506	28745474
1787644487.898184988	s3-eth17	15664	44718400
1787644487.898184988	s3-eth18	14302	30197367
1787644487.898184988	s3-eth19	308113520	18841
1787644487.898184988	s3-eth2	8313428	12527
1787644487.898184988	s3-eth20	63743432	16089
1787644487.898184988	s3-eth21	76626321	18261
1787644487.898184988	s3-eth22	66957942	16125
1787644487.898184988	s3-eth23	90093743	18496
1787644487.898184988	s3-eth24	44437054	14887
1787644487.898184988	s3-eth25	76630483	18118
1787644487.898184988	s3-eth26	70188391	16792
1787644487.898184988	s3-eth27	238946877	17068
1787644487.898184988	s3-eth28	70191163	16636
1787644487.898184988	s3-eth29	76611023	17892
1787644487.898184988	s3-eth3	16928	390265235
1787644487.898184988	s3-eth30	54090982	14894
1787644487.898184988	s3-eth31	85126075	18073
1787644487.898184988	s3-eth32	48297169	15932
1787644487.898184988	s3-eth33	76619582	17829
1787644487.898184988	s3-eth34	38000129	14977
1787644487.898184988	s3-eth4	15196	31930291
1787644487.898184988	s3-eth5	17092	36251112
1787644487.898184988	s3-eth6	15492	31489635
1787644487.898184988	s3-eth7	18256	82157003
1787644487.898184988	s3-eth8	16155	31277354
1787644487.898184988	s3-eth9	16542	35577110
1787644487.898184988	s4-eth1	2272341454	419165
1787644487.898184988	s4-eth10	14529	38988639
1787644487.898184988	s4-eth11	17651	204673878
1787644487.898184988	s4-eth12	14850	38838299
1787644487.898184988	s4-eth13	16419	44086856
1787644487.898184988	s4-eth14	14629	39425447
1787644487.898184988	s4-eth15	18426	85337882
1787644487.898184988	s4-eth16	13766	45557601
1787644487.898184988	s4-eth17	15486	44003025
1787644487.898184988	s4-eth18	13486	34987218
1787644487.898184988	s4-eth19	15374	187901537
1787644487.898184988	s4-eth2	12527	22343
1787644487.898184988	s4-eth20	12552	44811515
1787644487.898184988	s4-eth21	14814	55287800
1787644487.898184988	s4-eth22	12585	46378658
1787644487.898184988	s4-eth23	15089	87690218
1787644487.898184988	s4-eth24	11483	36426299
1787644487.898184988	s4-eth25	14671	55370795
1787644487.898184988	s4-eth26	13435	49376203
1787644487.898184988	s4-eth27	13824	192668760
1787644487.898184988	s4-eth28	13189	49709030
1787644487.898184988	s4-eth29	14579	54477762
1787644487.898184988	s4-eth3	17377	166694479
1787644487.898184988	s4-eth30	11607	39975465
1787644487.898184988	s4-eth31	15407	83184808
1787644487.898184988	s4-eth32	12773	29010112
1787644487.898184988	s4-eth33	14358	54828202
1787644487.898184988	s4-eth34	11526	34810298
1787644487.898184988	s4-eth4	14188	37151534
1787644487.898184988	s4-eth5	15733	44820189
1787644487.898184988	s4-eth6	14384	39492423
1787644487.898184988	s4-eth7	16713	83987672
1787644487.898184988	s4-eth8	14666	39296886
1787644487.898184988	s4-eth9	16106	44553746
1787644487.898184988	s5-eth1	2855163020	419640
1787644487.898184988	s5-eth2	1422472139	1230702239
1787644487.898184988	s5-eth3	12554	2558347696
1787644487.898184988	s5-eth4	460230	12554
1787644487.898184988	s6-eth1	12554	21719
1787644487.898184988	s6-eth2	1383363	10321
1787644487.898184988	s6-eth3	12554	1277584
1787644487.898184988	s6-eth4	10809	12554
1787644487.898184988	s7-eth1	1300629753	1203728357
1787644487.898184988	s7-eth2	419192	2275738833
1787644487.898184988	s7-eth3	2410681506	10524
1787644487.898184988	s7-eth4	195779	679310
1787644487.898184988	s8-eth1	12554	8313455
1787644487.898184988	s8-eth2	22370	12554
1787644487.898184988	s8-eth3	8402268	12554
1787644487.898184988	s8-eth4	46216	12554
1787644487.898184988	s9-eth1	2559599352	12554
1787644487.898184988	s9-eth2	1277584	12554
1787644487.898184988	s9-eth3	10524	2411127084
1787644487.898184988	s9-eth4	12554	8402268
1787644492.171465076	s10-eth1	12554	460230
1787644492.171465076	s10-eth2	12554	10809
1787644492.171465076	s10-eth3	679310	195779
1787644492.171465076	s10-eth4	12554	46216
1787644492.171465076	s1-eth1	419640	2876184496
1787644492.171465076	s1-eth10	70184041	17726
1787644492.171465076	s1-eth11	279642431	20312
1787644492.171465076	s1-eth12	70182388	17893
1787644492.171465076	s1-eth13	76611484	19076
1787644492.171465076	s1-eth14	70181863	17894
1787644492.171465076	s1-eth15	95459709	21168
1787644492.171465076	s1-eth16	50876752	16898
1787644492.171465076	s1-eth17	76628004	18292
1787644492.171465076	s1-eth18	70186718	17549
1787644492.171465076	s1-eth19	477829940	18304
1787644492.171465076	s1-eth2	21719	12554
1787644492.171465076	s1-eth20	70190152	16746
1787644492.171465076	s1-eth21	63754867	17355
1787644492.171465076	s1-eth22	70176529	16880
1787644492.171465076	s1-eth23	95619682	19892
1787644492.171465076	s1-eth24	66965690	15928
1787644492.171465076	s1-eth25	38000545	15875
1787644492.171465076	s1-eth26	50873838	15379
1787644492.171465076	s1-eth27	279902111	18287
1787644492.171465076	s1-eth28	50870455	15464
1787644492.171465076	s1-eth29	57315517	17534
1787644492.171465076	s1-eth3	594361781	20301
1787644492.171465076	s1-eth30	57314683	15556
1787644492.171465076	s1-eth31	93135214	18601
1787644492.171465076	s1-eth32	70187909	16731
1787644492.171465076	s1-eth33	57318346	17482
1787644492.171465076	s1-eth34	50875308	15353
1787644492.171465076	s1-eth4	70184840	18629
1787644492.171465076	s1-eth5	76617581	19771
1787644492.171465076	s1-eth6	70177558	18608
1787644492.171465076	s1-eth7	95750889	21032
1787644492.171465076	s1-eth8	70186433	19076
1787644492.171465076	s1-eth9	76614389	19326
1787644492.171465076	s2-eth1	1243735035	1428452113
1787644492.171465076	s2-eth10	70185294	17764
1787644492.171465076	s2-eth11	357232477	20238
1787644492.171465076	s2-eth12	70186569	17856
1787644492.171465076	s2-eth13	76627604	18500
1787644492.171465076	s2-eth14	70187528	17298
1787644492.171465076	s2-eth15	95833460	20444
1787644492.171465076	s2-eth16	63754726	16361
1787644492.171465076	s2-eth17	76626331	18564
1787644492.171465076	s2-eth18	57313731	16204
1787644492.171465076	s2-eth19	15413	408224912
1787644492.171465076	s2-eth2	10321	1383363
1787644492.171465076	s2-eth20	13479	36289633
1787644492.171465076	s2-eth21	13975	36530448
1787644492.171465076	s2-eth22	13343	35509688
1787644492.171465076	s2-eth23	16824	86199943
1787644492.171465076	s2-eth24	12555	33373296
1787644492.171465076	s2-eth25	12949	30922764
1787644492.171465076	s2-eth26	12582	28168523
1787644492.171465076	s2-eth27	15314	169845529
1787644492.171465076	s2-eth28	12824	27745086
1787644492.171465076	s2-eth29	14491	38154668
1787644492.171465076	s2-eth3	321537468	20186
1787644492.171465076	s2-eth30	12778	30347750
1787644492.171465076	s2-eth31	15228	85293078
1787644492.171465076	s2-eth32	13868	34355592
1787644492.171465076	s2-eth33	14372	37209655
1787644492.171465076	s2-eth34	12313	27739896
1787644492.171465076	s2-eth4	66938902	16455
1787644492.171465076	s2-eth5	76608233	18835
1787644492.171465076	s2-eth6	70180983	16892
1787644492.171465076	s2-eth7	91589888	19287
1787644492.171465076	s2-eth8	70171821	17196
1787644492.171465076	s2-eth9	76612496	18770
1787644492.171465076	s3-eth1	1218655941	1307539817
1787644492.171465076	s3-eth10	15247	30882005
1787644492.171465076	s3-eth11	16912	168237348
1787644492.171465076	s3-eth12	15615	30740508
1787644492.171465076	s3-eth13	16493	34952831
1787644492.171465076	s3-eth14	14979	30455218
1787644492.171465076	s3-eth15	18450	84227965
1787644492.171465076	s3-eth16	13506	28745474
1787644492.171465076	s3-eth17	15664	44718400
1787644492.171465076	s3-eth18	14302	30197367
1787644492.171465076	s3-eth19	308706182	18841
1787644492.171465076	s3-eth2	8313455	12554
1787644492.171465076	s3-eth20	63743432	16089
1787644492.171465076	s3-eth21	76626321	18261
1787644492.171465076	s3-eth22	66957942	16125
1787644492.171465076	s3-eth23	93093103	18496
1787644492.171465076	s3-eth24	44437054	14887
1787644492.171465076	s3-eth25	76630483	18118
1787644492.171465076	s3-eth26	70188391	16792
1787644492.171465076	s3-eth27	241976519	17068
1787644492.171465076	s3-eth28	70191163	16636
1787644492.171465076	s3-eth29	76611023	17892
1787644492.171465076	s3-eth3	16928	402447251
1787644492.171465076	s3-eth30	54090982	14894
1787644492.171465076	s3-eth31	88197535	18073
1787644492.171465076	s3-eth32	48297169	15932
1787644492.171465076	s3-eth33	76619582	17829
1787644492.171465076	s3-eth34	38000129	14977
1787644492.171465076	s3-eth4	15196	31930291
1787644492.171465076	s3-eth5	17092	36251112
1787644492.171465076	s3-eth6	15492	31489635
1787644492.171465076	s3-eth7	18256	85202507
1787644492.171465076	s3-eth8	16155	31277354
1787644492.171465076	s3-eth9	16542	35577110
1787644492.171465076	s4-eth1	2291786851	419192
1787644492.171465076	s4-eth10	14529	38988639
1787644492.171465076	s4-eth11	17651	207681890
1787644492.171465076	s4-eth12	14850	38838299
1787644492.171465076	s4-eth13	16419	44086856
1787644492.171465076	s4-eth14	14629	39425447
1787644492.171465076	s4-eth15	18426	88292540
1787644492.171465076	s4-eth16	13766	45557601
1787644492.171465076	s4-eth17	15486	44003025
1787644492.171465076	s4-eth18	13486	34987218
1787644492.171465076	s4-eth19	15374	188492757
1787644492.171465076	s4-eth2	12554	22370
1787644492.171465076	s4-eth20	12552	44811515
1787644492.171465076	s4-eth21	14814	55287800
1787644492.171465076	s4-eth22	12585	46378658
1787644492.171465076	s4-eth23	15089	90652086
1787644492.171465076	s4-eth24	11483	36426299
1787644492.171465076	s4-eth25	14671	55370795
1787644492.171465076	s4-eth26	13435	49376203
1787644492.171465076	s4-eth27	13824	195633512
1787644492.171465076	s4-eth28	13189	49709030
1787644492.171465076	s4-eth29	14579	54477762
1787644492.171465076	s4-eth3	17377	167285699
1787644492.171465076	s4-eth30	11607	39975465
1787644492.171465076	s4-eth31	15407	86155328
1787644492.171465076	s4-eth32	12773	29010112
1787644492.171465076	s4-eth33	14358	54828202
1787644492.171465076	s4-eth34	11526	34810298
1787644492.171465076	s4-eth4	14188	37151534
1787644492.171465076	s4-eth5	15733	44820189
1787644492.171465076	s4-eth6	14384	39492423
1787644492.171465076	s4-eth7	16713	86991358
1787644492.171465076	s4-eth8	14666	39296886
1787644492.171465076	s4-eth9	16106	44553746
1787644492.171465076	s5-eth1	2897593897	419667
1787644492.171465076	s5-eth2	1432182594	1251908318
1787644492.171465076	s5-eth3	12581	2589372353
1787644492.171465076	s5-eth4	460258	12581
1787644492.171465076	s6-eth1	12581	21746
1787644492.171465076	s6-eth2	1383390	10348
1787644492.171465076	s6-eth3	12581	1277611
1787644492.171465076	s6-eth4	10837	12581
1787644492.171465076	s7-eth1	1310412308	1225041144
1787644492.171465076	s7-eth2	419219	2295264982
1787644492.171465076	s7-eth3	2441735003	10551
1787644492.171465076	s7-eth4	195807	679337
1787644492.171465076	s8-eth1	12581	8313482
1787644492.171465076	s8-eth2	22397	12581
1787644492.171465076	s8-eth3	8402295	12581
1787644492.171465076	s8-eth4	46244	12581
1787644492.171465076	s9-eth1	2590926829	12581
1787644492.171465076	s9-eth2	1277611	12581
1787644492.171465076	s9-eth3	10551	2442499263
1787644492.171465076	s9-eth4	12581	8402295
1787644496.965001631	s10-eth1	12581	460258
1787644496.965001631	s10-eth2	12581	10837
1787644496.965001631	s10-eth3	679337	195807
1787644496.965001631	s10-eth4	12581	46244
1787644496.965001631	s1-eth1	419667	2919202267
1787644496.965001631	s1-eth10	70184041	17726
1787644496.965001631	s1-eth11	282699471	20312
1787644496.965001631	s1-eth12	70182388	17893
1787644496.965001631	s1-eth13	76611484	19076
1787644496.965001631	s1-eth14	70181863	17894
1787644496.965001631	s1-eth15	98503771	21168
1787644496.965001631	s1-eth16	50876752	16898
1787644496.965001631	s1-eth17	76628004	18292
1787644496.965001631	s1-eth18	70186718	17549
1787644496.965001631	s1-eth19	489781236	18304
1787644496.965001631	s1-eth2	21746	12581
1787644496.965001631	s1-eth20	70190152	16746
1787644496.965001631	s1-eth21	63754867	17355
1787644496.965001631	s1-eth22	70176529	16880
1787644496.965001631	s1-eth23	98546942	19892
1787644496.965001631	s1-eth24	66965690	15928
1787644496.965001631	s1-eth25	38000545	15875
1787644496.965001631	s1-eth26	50873838	15379
1787644496.965001631	s1-eth27	282783227	18287
1787644496.965001631	s1-eth28	50870455	15464
1787644496.965001631	s1-eth29	57315517	17534
1787644496.965001631	s1-eth3	605831449	20301
1787644496.965001631	s1-eth30	57314683	15556
1787644496.965001631	s1-eth31	95994700	18601
1787644496.965001631	s1-eth32	70187909	16731
1787644496.965001631	s1-eth33	57318346	17482
1787644496.965001631	s1-eth34	50875308	15353
1787644496.965001631	s1-eth4	70184840	18629
1787644496.965001631	s1-eth5	76617581	19771
1787644496.965001631	s1-eth6	70177558	18608
1787644496.965001631	s1-eth7	98601723	21032
1787644496.965001631	s1-eth8	70186433	19076
1787644496.965001631	s1-eth9	76614389	19326
1787644496.965001631	s2-eth1	1263476042	1437509342
1787644496.965001631	s2-eth10	70185294	17764
1787644496.965001631	s2-eth11	360058797	20238
1787644496.965001631	s2-eth12	70186569	17856
1787644496.965001631	s2-eth13	76627604	18500
1787644496.965001631	s2-eth14	70187528	17298
1787644496.965001631	s2-eth15	98645360	20444
1787644496.965001631	s2-eth16	63754726	16361
1787644496.965001631	s2-eth17	76626331	18564
1787644496.965001631	s2-eth18	57313731	16204
1787644496.965001631	s2-eth19	15413	419416274
1787644496.965001631	s2-eth2	10348	1383390
1787644496.965001631	s2-eth20	13479	36289633
1787644496.965001631	s2-eth21	13975	36530448
1787644496.965001631	s2-eth22	13343	35509688
1787644496.965001631	s2-eth23	16824	89011843
1787644496.965001631	s2-eth24	12555	33373296
1787644496.965001631	s2-eth25	12949	30922764
1787644496.965001631	s2-eth26	12582	28168523
1787644496.965001631	s2-eth27	15314	172664639
1787644496.965001631	s2-eth28	12824	27745086
1787644496.965001631	s2-eth29	14491	38154668
1787644496.965001631	s2-eth3	322098406	20186
1787644496.965001631	s2-eth30	12778	30347750
1787644496.965001631	s2-eth31	15228	88089116
1787644496.965001631	s2-eth32	13868	34355592
1787644496.965001631	s2-eth33	14372	37209655
1787644496.965001631	s2-eth34	12313	27739896
1787644496.965001631	s2-eth4	66938902	16455
1787644496.965001631	s2-eth5	76608233	18835
1787644496.965001631	s2-eth6	70180983	16892
1787644496.965001631	s2-eth7	94421976	19287
1787644496.965001631	s2-eth8	70171821	17196
1787644496.965001631	s2-eth9	76612496	18770
1787644496.965001631	s3-eth1	1238495004	1316623002
1787644496.965001631	s3-eth10	15247	30882005
1787644496.965001631	s3-eth11	16912	171062226
1787644496.965001631	s3-eth12	15615	30740508
1787644496.965001631	s3-eth13	16493	34952831
1787644496.965001631	s3-eth14	14979	30455218
1787644496.965001631	s3-eth15	18450	87049959
1787644496.965001631	s3-eth16	13506	28745474
1787644496.965001631	s3-eth17	15664	44718400
1787644496.965001631	s3-eth18	14302	30197367
1787644496.965001631	s3-eth19	309275772	18841
1787644496.965001631	s3-eth2	8313482	12581
1787644496.965001631	s3-eth20	63743432	16089
1787644496.965001631	s3-eth21	76626321	18261
1787644496.965001631	s3-eth22	66957942	16125
1787644496.965001631	s3-eth23	95943937	18496
1787644496.965001631	s3-eth24	44437054	14887
1787644496.965001631	s3-eth25	76630483	18118
1787644496.965001631	s3-eth26	70188391	16792
1787644496.965001631	s3-eth27	244818701	17068
1787644496.965001631	s3-eth28	70191163	16636
1787644496.965001631	s3-eth29	76611023	17892
1787644496.965001631	s3-eth3	16928	413691967
1787644496.965001631	s3-eth30	54090982	14894
1787644496.965001631	s3-eth31	91013761	18073
1787644496.965001631	s3-eth32	48297169	15932
1787644496.965001631	s3-eth33	76619582	17829
1787644496.965001631	s3-eth34	38000129	14977
1787644496.965001631	s3-eth4	15196	31930291
1787644496.965001631	s3-eth5	17092	36251112
1787644496.965001631	s3-eth6	15492	31489635
1787644496.965001631	s3-eth7	18256	87955285
1787644496.965001631	s3-eth8	16155	31277354
1787644496.965001631	s3-eth9	16542	35577110
1787644496.965001631	s4-eth1	2309421096	419219
1787644496.965001631	s4-eth10	14529	38988639
1787644496.965001631	s4-eth11	17651	210433226
1787644496.965001631	s4-eth12	14850	38838299
1787644496.965001631	s4-eth13	16419	44086856
1787644496.965001631	s4-eth14	14629	39425447
1787644496.965001631	s4-eth15	18426	91045318
1787644496.965001631	s4-eth16	13766	45557601
1787644496.965001631	s4-eth17	15486	44003025
1787644496.965001631	s4-eth18	13486	34987218
1787644496.965001631	s4-eth19	15374	189036391
1787644496.965001631	s4-eth2	12581	22397
1787644496.965001631	s4-eth20	12552	44811515
1787644496.965001631	s4-eth21	14814	55287800
1787644496.965001631	s4-eth22	12585	46378658
1787644496.965001631	s4-eth23	15089	93339974
1787644496.965001631	s4-eth24	11483	36426299
1787644496.965001631	s4-eth25	14671	55370795
1787644496.965001631	s4-eth26	13435	49376203
1787644496.965001631	s4-eth27	13824	198304096
1787644496.965001631	s4-eth28	13189	49709030
1787644496.965001631	s4-eth29	14579	54477762
1787644496.965001631	s4-eth3	17377	167817797
1787644496.965001631	s4-eth30	11607	39975465
1787644496.965001631	s4-eth31	15407	88798514
1787644496.965001631	s4-eth32	12773	29010112
1787644496.965001631	s4-eth33	14358	54828202
1787644496.965001631	s4-eth34	11526	34810298
1787644496.965001631	s4-eth4	14188	37151534
1787644496.965001631	s4-eth5	15733	44820189
1787644496.965001631	s4-eth6	14384	39492423
1787644496.965001631	s4-eth7	16713	89623008
1787644496.965001631	s4-eth8	14666	39296886
1787644496.965001631	s4-eth9	16106	44553746
1787644496.965001631	s5-eth1	2934398063	419667
1787644496.965001631	s5-eth2	1440575034	1270260652
1787644496.965001631	s5-eth3	12581	2616135873
1787644496.965001631	s5-eth4	460258	12581
1787644496.965001631	s6-eth1	12581	21746
1787644496.965001631	s6-eth2	1383390	10348
1787644496.965001631	s6-eth3	12581	1277611
1787644496.965001631	s6-eth4	10837	12581
1787644496.965001631	s7-eth1	1318745626	1243177178
1787644496.965001631	s7-eth2	419219	2311881148
1787644496.965001631	s7-eth3	2468188493	10551
1787644496.965001631	s7-eth4	195807	679337
1787644496.965001631	s8-eth1	12581	8313482
1787644496.965001631	s8-eth2	22397	12581
1787644496.965001631	s8-eth3	8402295	12581
1787644496.965001631	s8-eth4	46244	12581
1787644496.965001631	s9-eth1	2617371667	12581
1787644496.965001631	s9-eth2	1277611	12581
1787644496.965001631	s9-eth3	10551	2469045041
1787644496.965001631	s9-eth4	12581	8402295
1787644501.031556051	s10-eth1	12608	460286
1787644501.031556051	s10-eth2	12608	10865
1787644501.031556051	s10-eth3	679364	195835
1787644501.031556051	s10-eth4	12608	46272
1787644501.031556051	s1-eth1	419694	2956563072
1787644501.031556051	s1-eth10	70184041	17726
1787644501.031556051	s1-eth11	285393127	20312
1787644501.031556051	s1-eth12	70182388	17893
1787644501.031556051	s1-eth13	76611484	19076
1787644501.031556051	s1-eth14	70181863	17894
1787644501.031556051	s1-eth15	101230593	21168
1787644501.031556051	s1-eth16	50876752	16898
1787644501.031556051	s1-eth17	76628004	18292
1787644501.031556051	s1-eth18	70186718	17549
1787644501.031556051	s1-eth19	500793790	18304
1787644501.031556051	s1-eth2	21773	12608
1787644501.031556051	s1-eth20	70190152	16746
1787644501.031556051	s1-eth21	63754867	17355
1787644501.031556051	s1-eth22	70176529	16880
1787644501.031556051	s1-eth23	101353074	19892
1787644501.031556051	s1-eth24	66965690	15928
1787644501.031556051	s1-eth25	38000545	15875
1787644501.031556051	s1-eth26	50873838	15379
1787644501.031556051	s1-eth27	285642713	18287
1787644501.031556051	s1-eth28	50870455	15464
1787644501.031556051	s1-eth29	57315517	17534
1787644501.031556051	s1-eth3	617412151	20301
1787644501.031556051	s1-eth30	57314683	15556
1787644501.031556051	s1-eth31	98908982	18601
1787644501.031556051	s1-eth32	70187909	16731
1787644501.031556051	s1-eth33	57318346	17482
1787644501.031556051	s1-eth34	50875308	15353
1787644501.031556051	s1-eth4	70184840	18629
1787644501.031556051	s1-eth5	76617581	19771
1787644501.031556051	s1-eth6	70177558	18608
1787644501.031556051	s1-eth7	101567917	21032
1787644501.031556051	s1-eth8	70186433	19076
1787644501.031556051	s1-eth9	76614389	19326
1787644501.031556051	s2-eth1	1284220681	1447079923
1787644501.031556051	s2-eth10	70185294	17764
1787644501.031556051	s2-eth11	363062483	20238
1787644501.031556051	s2-eth12	70186569	17856
1787644501.031556051	s2-eth13	76627604	18500
1787644501.031556051	s2-eth14	70187528	17298
1787644501.031556051	s2-eth15	101703842	20444
1787644501.031556051	s2-eth16	63754726	16361
1787644501.031556051	s2-eth17	76626331	18564
1787644501.031556051	s2-eth18	57313731	16204
1787644501.031556051	s2-eth19	15413	431715092
1787644501.031556051	s2-eth2	10375	1383417
1787644501.031556051	s2-eth20	13479	36289633
1787644501.031556051	s2-eth21	13975	36530448
1787644501.031556051	s2-eth22	13343	35509688
1787644501.031556051	s2-eth23	16824	92112143
1787644501.031556051	s2-eth24	12555	33373296
1787644501.031556051	s2-eth25	12949	30922764
1787644501.031556051	s2-eth26	12582	28168523
1787644501.031556051	s2-eth27	15314	175754845
1787644501.031556051	s2-eth28	12824	27745086
1787644501.031556051	s2-eth29	14491	38154668
1787644501.031556051	s2-eth3	322718466	20186
1787644501.031556051	s2-eth30	12778	30347750
1787644501.031556051	s2-eth31	15228	91167786
1787644501.031556051	s2-eth32	13868	34355592
1787644501.031556051	s2-eth33	14372	37209655
1787644501.031556051	s2-eth34	12313	27739896
1787644501.031556051	s2-eth4	66938902	16455
1787644501.031556051	s2-eth5	76608233	18835
1787644501.031556051	s2-eth6	70180983	16892
1787644501.031556051	s2-eth7	97559768	19287
1787644501.031556051	s2-eth8	70171821	17196
1787644501.031556051	s2-eth9	76612496	18770
1787644501.031556051	s3-eth1	1260417757	1326812201
1787644501.031556051	s3-eth10	15247	30882005
1787644501.031556051	s3-eth11	16912	174225974
1787644501.031556051	s3-eth12	15615	30740508
1787644501.031556051	s3-eth13	16493	34952831
1787644501.031556051	s3-eth14	14979	30455218
1787644501.031556051	s3-eth15	18450	90254083
1787644501.031556051	s3-eth16	13506	28745474
1787644501.031556051	s3-eth17	15664	44718400
1787644501.031556051	s3-eth18	14302	30197367
1787644501.031556051	s3-eth19	309928998	18841
1787644501.031556051	s3-eth2	8313509	12608
1787644501.031556051	s3-eth20	63743432	16089
1787644501.031556051	s3-eth21	76626321	18261
1787644501.031556051	s3-eth22	66957942	16125
1787644501.031556051	s3-eth23	99259095	18496
1787644501.031556051	s3-eth24	44437054	14887
1787644501.031556051	s3-eth25	76630483	18118
1787644501.031556051	s3-eth26	70188391	16792
1787644501.031556051	s3-eth27	248162699	17068
1787644501.031556051	s3-eth28	70191163	16636
1787644501.031556051	s3-eth29	76611023	17892
1787644501.031556051	s3-eth3	16928	426903571
1787644501.031556051	s3-eth30	54090982	14894
1787644501.031556051	s3-eth31	94393809	18073
1787644501.031556051	s3-eth32	48297169	15932
1787644501.031556051	s3-eth33	76619582	17829
1787644501.031556051	s3-eth34	38000129	14977
1787644501.031556051	s3-eth4	15196	31930291
1787644501.031556051	s3-eth5	17092	36251112
1787644501.031556051	s3-eth6	15492	31489635
1787644501.031556051	s3-eth7	18256	91387245
1787644501.031556051	s3-eth8	16155	31277354
1787644501.031556051	s3-eth9	16542	35577110
1787644501.031556051	s4-eth1	2331743283	419246
1787644501.031556051	s4-eth10	14529	38988639
1787644501.031556051	s4-eth11	17651	213927192
1787644501.031556051	s4-eth12	14850	38838299
1787644501.031556051	s4-eth13	16419	44086856
1787644501.031556051	s4-eth14	14629	39425447
1787644501.031556051	s4-eth15	18426	94575334
1787644501.031556051	s4-eth16	13766	45557601
1787644501.031556051	s4-eth17	15486	44003025
1787644501.031556051	s4-eth18	13486	34987218
1787644501.031556051	s4-eth19	15374	189755949
1787644501.031556051	s4-eth2	12608	22424
1787644501.031556051	s4-eth20	12552	44811515
1787644501.031556051	s4-eth21	14814	55287800
1787644501.031556051	s4-eth22	12585	46378658
1787644501.031556051	s4-eth23	15089	96982466
1787644501.031556051	s4-eth24	11483	36426299
1787644501.031556051	s4-eth25	14671	55370795
1787644501.031556051	s4-eth26	13435	49376203
1787644501.031556051	s4-eth27	13824	201975428
1787644501.031556051	s4-eth28	13189	49709030
1787644501.031556051	s4-eth29	14579	54477762
1787644501.031556051	s4-eth3	17377	168553217
1787644501.031556051	s4-eth30	11607	39975465
1787644501.031556051	s4-eth31	15407	92517432
1787644501.031556051	s4-eth32	12773	29010112
1787644501.031556051	s4-eth33	14358	54828202
1787644501.031556051	s4-eth34	11526	34810298
1787644501.031556051	s4-eth4	14188	37151534
1787644501.031556051	s4-eth5	15733	44820189
1787644501.031556051	s4-eth6	14384	39492423
1787644501.031556051	s4-eth7	16713	93295782
1787644501.031556051	s4-eth8	14666	39296886
1787644501.031556051	s4-eth9	16106	44553746
1787644501.031556051	s5-eth1	2985900562	419694
1787644501.031556051	s5-eth2	1452444163	1295626901
1787644501.031556051	s5-eth3	12608	2653388528
1787644501.031556051	s5-eth4	460314	12635
1787644501.031556051	s6-eth1	12608	21800
1787644501.031556051	s6-eth2	1383444	10402
1787644501.031556051	s6-eth3	12635	1277665
1787644501.031556051	s6-eth4	10893	12635
1787644501.031556051	s7-eth1	1330756098	1268572294
1787644501.031556051	s7-eth2	419273	2335920784
1787644501.031556051	s7-eth3	2505908383	10605
1787644501.031556051	s7-eth4	195863	679391
1787644501.031556051	s8-eth1	12635	8313536
1787644501.031556051	s8-eth2	22451	12635
1787644501.031556051	s8-eth3	8402349	12635
1787644501.031556051	s8-eth4	46300	12635
1787644501.031556051	s9-eth1	2655904845	12635
1787644501.031556051	s9-eth2	1277665	12635
1787644501.031556051	s9-eth3	10605	2507271073
1787644501.031556051	s9-eth4	12635	8402349
1787644507.004047848	s10-eth1	12635	460314
1787644507.004047848	s10-eth2	12635	10893
1787644507.004047848	s10-eth3	679391	195863
1787644507.004047848	s10-eth4	12635	46300
1787644507.004047848	s1-eth1	419721	3009373465
1787644507.004047848	s1-eth10	70184041	17726
1787644507.004047848	s1-eth11	289198565	20312
1787644507.004047848	s1-eth12	70182388	17893
1787644507.004047848	s1-eth13	76611484	19076
1787644507.004047848	s1-eth14	70181863	17894
1787644507.004047848	s1-eth15	105044683	21168
1787644507.004047848	s1-eth16	50876752	16898
1787644507.004047848	s1-eth17	76628004	18292
1787644507.004047848	s1-eth18	70186718	17549
1787644507.004047848	s1-eth19	516166952	18304
1787644507.004047848	s1-eth2	21800	12635
1787644507.004047848	s1-eth20	70190152	16746
1787644507.004047848	s1-eth21	63754867	17355
1787644507.004047848	s1-eth22	70176529	16880
1787644507.004047848	s1-eth23	105193120	19892
1787644507.004047848	s1-eth24	66965690	15928
1787644507.004047848	s1-eth25	38000545	15875
1787644507.004047848	s1-eth26	50873838	15379
1787644507.004047848	s1-eth27	289494295	18287
1787644507.004047848	s1-eth28	50870455	15464
1787644507.004047848	s1-eth29	57315517	17534
1787644507.004047848	s1-eth3	632837225	20301
1787644507.004047848	s1-eth30	57314683	15556
1787644507.004047848	s1-eth31	102769216	18601
1787644507.004047848	s1-eth32	70187909	16731
1787644507.004047848	s1-eth33	57318346	17482
1787644507.004047848	s1-eth34	50875308	15353
1787644507.004047848	s1-eth4	70184840	18629
1787644507.004047848	s1-eth5	76617581	19771
1787644507.004047848	s1-eth6	70177558	18608
1787644507.004047848	s1-eth7	105487273	21032
1787644507.004047848	s1-eth8	70186433	19076
1787644507.004047848	s1-eth9	76614389	19326
1787644507.004047848	s2-eth1	1310401660	1459662842
1787644507.004047848	s2-eth10	70185294	17764
1787644507.004047848	s2-eth11	366996259	20238
1787644507.004047848	s2-eth12	70186569	17856
1787644507.004047848	s2-eth13	76627604	18500
1787644507.004047848	s2-eth14	70187528	17298
1787644507.004047848	s2-eth15	105613104	20444
1787644507.004047848	s2-eth16	63754726	16361
1787644507.004047848	s2-eth17	76626331	18564
1787644507.004047848	s2-eth18	57313731	16204
1787644507.004047848	s2-eth19	15413	446342740
1787644507.004047848	s2-eth2	10402	1383444
1787644507.004047848	s2-eth20	13479	36289633
1787644507.004047848	s2-eth21	13975	36530448
1787644507.004047848	s2-eth22	13343	35509688
1787644507.004047848	s2-eth23	16824	95760403
1787644507.004047848	s2-eth24	12555	33373296
1787644507.004047848	s2-eth25	12949	30922764
1787644507.004047848	s2-eth26	12582	28168523
1787644507.004047848	s2-eth27	15314	179467995
1787644507.004047848	s2-eth28	12824	27745086
1787644507.004047848	s2-eth29	14491	38154668
1787644507.004047848	s2-eth3	323500030	20186
1787644507.004047848	s2-eth30	12778	30347750
1787644507.004047848	s2-eth31	15228	94872284
1787644507.004047848	s2-eth32	13868	34355592
1787644507.004047848	s2-eth33	14372	37209655
1787644507.004047848	s2-eth34	12313	27739896
1787644507.004047848	s2-eth4	66938902	16455
1787644507.004047848	s2-eth5	76608233	18835
1787644507.004047848	s2-eth6	70180983	16892
1787644507.004047848	s2-eth7	101444516	19287
1787644507.004047848	s2-eth8	70171821	17196
1787644507.004047848	s2-eth9	76612496	18770
1787644507.004047848	s3-eth1	1285636922	1339137002
1787644507.004047848	s3-eth10	15247	30882005
1787644507.004047848	s3-eth11	16912	177817996
1787644507.004047848	s3-eth12	15615	30740508
1787644507.004047848	s3-eth13	16493	34952831
1787644507.004047848	s3-eth14	14979	30455218
1787644507.004047848	s3-eth15	18450	93791309
1787644507.004047848	s3-eth16	13506	28745474
1787644507.004047848	s3-eth17	15664	44718400
1787644507.004047848	s3-eth18	14302	30197367
1787644507.004047848	s3-eth19	310683164	18841
1787644507.004047848	s3-eth2	8313536	12635
1787644507.004047848	s3-eth20	63743432	16089
1787644507.004047848	s3-eth21	76626321	18261
1787644507.004047848	s3-eth22	66957942	16125
1787644507.004047848	s3-eth23	102953499	18496
1787644507.004047848	s3-eth24	44437054	14887
1787644507.004047848	s3-eth25	76630483	18118
1787644507.004047848	s3-eth26	70188391	16792
1787644507.004047848	s3-eth27	251847009	17068
1787644507.004047848	s3-eth28	70191163	16636
1787644507.004047848	s3-eth29	76611023	17892
1787644507.004047848	s3-eth3	16928	440505957
1787644507.004047848	s3-eth30	54090982	14894
1787644507.004047848	s3-eth31	98085329	18073
1787644507.004047848	s3-eth32	48297169	15932
1787644507.004047848	s3-eth33	76619582	17829
1787644507.004047848	s3-eth34	38000129	14977
1787644507.004047848	s3-eth4	15196	31930291
1787644507.004047848	s3-eth5	17092	36251112
1787644507.004047848	s3-eth6	15492	31489635
1787644507.004047848	s3-eth7	18256	94771619
1787644507.004047848	s3-eth8	16155	31277354
1787644507.004047848	s3-eth9	16542	35577110
1787644507.004047848	s4-eth1	2354712928	419273
1787644507.004047848	s4-eth10	14529	38988639
1787644507.004047848	s4-eth11	17651	217449998
1787644507.004047848	s4-eth12	14850	38838299
1787644507.004047848	s4-eth13	16419	44086856
1787644507.004047848	s4-eth14	14629	39425447
1787644507.004047848	s4-eth15	18426	98066416
1787644507.004047848	s4-eth16	13766	45557601
1787644507.004047848	s4-eth17	15486	44003025
1787644507.004047848	s4-eth18	13486	34987218
1787644507.004047848	s4-eth19	15374	190456761
1787644507.004047848	s4-eth2	12635	22451
1787644507.004047848	s4-eth20	12552	44811515
1787644507.004047848	s4-eth21	14814	55287800
1787644507.004047848	s4-eth22	12585	46378658
1787644507.004047848	s4-eth23	15089	100436056
1787644507.004047848	s4-eth24	11483	36426299
1787644507.004047848	s4-eth25	14671	55370795
1787644507.004047848	s4-eth26	13435	49376203
1787644507.004047848	s4-eth27	13824	205382874
1787644507.004047848	s4-eth28	13189	49709030
1787644507.004047848	s4-eth29	14579	54477762
1787644507.004047848	s4-eth3	17377	169222305
1787644507.004047848	s4-eth30	11607	39975465
1787644507.004047848	s4-eth31	15407	95854220
1787644507.004047848	s4-eth32	12773	29010112
1787644507.004047848	s4-eth33	14358	54828202
1787644507.004047848	s4-eth34	11526	34810298
1787644507.004047848	s4-eth4	14188	37151534
1787644507.004047848	s4-eth5	15733	44820189
1787644507.004047848	s4-eth6	14384	39492423
1787644507.004047848	s4-eth7	16713	96537398
1787644507.004047848	s4-eth8	14666	39296886
1787644507.004047848	s4-eth9	16106	44553746
1787644507.004047848	s5-eth1	3031228417	419721
1787644507.004047848	s5-eth2	1462816496	1317161756
1787644507.004047848	s5-eth3	12635	2685167351
1787644507.004047848	s5-eth4	460314	12635
1787644507.004047848	s6-eth1	12662	21827
1787644507.004047848	s6-eth2	1383471	10429
1787644507.004047848	s6-eth3	12662	1277692
1787644507.004047848	s6-eth4	10921	12662
1787644507.004047848	s7-eth1	1340932319	1289557747
1787644507.004047848	s7-eth2	419300	2356009313
1787644507.004047848	s7-eth3	2536974858	10632
1787644507.004047848	s7-eth4	195891	679418
1787644507.004047848	s8-eth1	12662	8313563
1787644507.004047848	s8-eth2	22478	12662
1787644507.004047848	s8-eth3	8402376	12662
1787644507.004047848	s8-eth4	46328	12662
1787644507.004047848	s9-eth1	2686727622	12662
1787644507.004047848	s9-eth2	1277692	12662
1787644507.004047848	s9-eth3	10632	2538253912
1787644507.004047848	s9-eth4	12662	8402376
1787644511.888472319	s10-eth1	12662	460342
1787644511.888472319	s10-eth2	12662	10921
1787644511.888472319	s10-eth3	679418	195891
1787644511.888472319	s10-eth4	12662	46328
1787644511.888472319	s1-eth1	419748	3054071166
1787644511.888472319	s1-eth10	70184041	17726
1787644511.888472319	s1-eth11	292395479	20312
1787644511.888472319	s1-eth12	70182388	17893
1787644511.888472319	s1-eth13	76611484	19076
1787644511.888472319	s1-eth14	70181863	17894
1787644511.888472319	s1-eth15	108263227	21168
1787644511.888472319	s1-eth16	50876752	16898
1787644511.888472319	s1-eth17	76628004	18292
1787644511.888472319	s1-eth18	70186718	17549
1787644511.888472319	s1-eth19	529155046	18304
1787644511.888472319	s1-eth2	21827	12662
1787644511.888472319	s1-eth20	70190152	16746
1787644511.888472319	s1-eth21	63754867	17355
1787644511.888472319	s1-eth22	70176529	16880
1787644511.888472319	s1-eth23	108493858	19892
1787644511.888472319	s1-eth24	66965690	15928
1787644511.888472319	s1-eth25	38000545	15875
1787644511.888472319	s1-eth26	50873838	15379
1787644511.888472319	s1-eth27	292826757	18287
1787644511.888472319	s1-eth28	50870455	15464
1787644511.888472319	s1-eth29	57315517	17534
1787644511.888472319	s1-eth3	646302621	20301
1787644511.888472319	s1-eth30	57314683	15556
1787644511.888472319	s1-eth31	106144938	18601
1787644511.888472319	s1-eth32	70187909	16731
1787644511.888472319	s1-eth33	57318346	17482
1787644511.888472319	s1-eth34	50875308	15353
1787644511.888472319	s1-eth4	70184840	18629
1787644511.888472319	s1-eth5	76617581	19771
1787644511.888472319	s1-eth6	70177558	18608
1787644511.888472319	s1-eth7	108925001	21032
1787644511.888472319	s1-eth8	70186433	19076
1787644511.888472319	s1-eth9	76614389	19326
1787644511.888472319	s2-eth1	1332754129	1470744639
1787644511.888472319	s2-eth10	70185294	17764
1787644511.888472319	s2-eth11	370446965	20238
1787644511.888472319	s2-eth12	70186569	17856
1787644511.888472319	s2-eth13	76627604	18500
1787644511.888472319	s2-eth14	70187528	17298
1787644511.888472319	s2-eth15	109032086	20444
1787644511.888472319	s2-eth16	63754726	16361
1787644511.888472319	s2-eth17	76626331	18564
1787644511.888472319	s2-eth18	57313731	16204
1787644511.888472319	s2-eth19	15413	458670398
1787644511.888472319	s2-eth2	10429	1383471
1787644511.888472319	s2-eth20	13479	36289633
1787644511.888472319	s2-eth21	13975	36530448
1787644511.888472319	s2-eth22	13343	35509688
1787644511.888472319	s2-eth23	16824	98860703
1787644511.888472319	s2-eth24	12555	33373296
1787644511.888472319	s2-eth25	12949	30922764
1787644511.888472319	s2-eth26	12582	28168523
1787644511.888472319	s2-eth27	15314	182525035
1787644511.888472319	s2-eth28	12824	27745086
1787644511.888472319	s2-eth29	14491	38154668
1787644511.888472319	s2-eth3	324160466	20186
1787644511.888472319	s2-eth30	12778	30347750
1787644511.888472319	s2-eth31	15228	97878854
1787644511.888472319	s2-eth32	13868	34355592
1787644511.888472319	s2-eth33	14372	37209655
1787644511.888472319	s2-eth34	12313	27739896
1787644511.888472319	s2-eth4	66938902	16455
1787644511.888472319	s2-eth5	76608233	18835
1787644511.888472319	s2-eth6	70180983	16892
1787644511.888472319	s2-eth7	104678922	19287
1787644511.888472319	s2-eth8	70171821	17196
1787644511.888472319	s2-eth9	76612496	18770
1787644511.888472319	s3-eth1	1305895607	1349484821
1787644511.888472319	s3-eth10	15247	30882005
1787644511.888472319	s3-eth11	16912	180762560
1787644511.888472319	s3-eth12	15615	30740508
1787644511.888472319	s3-eth13	16493	34952831
1787644511.888472319	s3-eth14	14979	30455218
1787644511.888472319	s3-eth15	18450	96724337
1787644511.888472319	s3-eth16	13506	28745474
1787644511.888472319	s3-eth17	15664	44718400
1787644511.888472319	s3-eth18	14302	30197367
1787644511.888472319	s3-eth19	311345042	18841
1787644511.888472319	s3-eth2	8313563	12662
1787644511.888472319	s3-eth20	63743432	16089
1787644511.888472319	s3-eth21	76626321	18261
1787644511.888472319	s3-eth22	66957942	16125
1787644511.888472319	s3-eth23	106363829	18496
1787644511.888472319	s3-eth24	44437054	14887
1787644511.888472319	s3-eth25	76630483	18118
1787644511.888472319	s3-eth26	70188391	16792
1787644511.888472319	s3-eth27	255287621	17068
1787644511.888472319	s3-eth28	70191163	16636
1787644511.888472319	s3-eth29	76611023	17892
1787644511.888472319	s3-eth3	16928	452330357
1787644511.888472319	s3-eth30	54090982	14894
1787644511.888472319	s3-eth31	101553339	18073
1787644511.888472319	s3-eth32	48297169	15932
1787644511.888472319	s3-eth33	76619582	17829
1787644511.888472319	s3-eth34	38000129	14977
1787644511.888472319	s3-eth4	15196	31930291
1787644511.888472319	s3-eth5	17092	36251112
1787644511.888472319	s3-eth6	15492	31489635
1787644511.888472319	s3-eth7	18256	97988721
1787644511.888472319	s3-eth8	16155	31277354
1787644511.888472319	s3-eth9	16542	35577110
1787644511.888472319	s4-eth1	2378191626	419327
1787644511.888472319	s4-eth10	14529	38988639
1787644511.888472319	s4-eth11	17651	221128540
1787644511.888472319	s4-eth12	14850	38838299
1787644511.888472319	s4-eth13	16419	44086856
1787644511.888472319	s4-eth14	14629	39425447
1787644511.888472319	s4-eth15	18426	101795428
1787644511.888472319	s4-eth16	13766	45557601
1787644511.888472319	s4-eth17	15486	44003025
1787644511.888472319	s4-eth18	13486	34987218
1787644511.888472319	s4-eth19	15374	191219579
1787644511.888472319	s4-eth2	12689	22505
1787644511.888472319	s4-eth20	12552	44811515
1787644511.888472319	s4-eth21	14814	55287800
1787644511.888472319	s4-eth22	12585	46378658
1787644511.888472319	s4-eth23	15089	104303500
1787644511.888472319	s4-eth24	11483	36426299
1787644511.888472319	s4-eth25	14671	55370795
1787644511.888472319	s4-eth26	13435	49376203
1787644511.888472319	s4-eth27	13824	209295020
1787644511.888472319	s4-eth28	13189	49709030
1787644511.888472319	s4-eth29	14579	54477762
1787644511.888472319	s4-eth3	17377	170009637
1787644511.888472319	s4-eth30	11607	39975465
1787644511.888472319	s4-eth31	15407	99824046
1787644511.888472319	s4-eth32	12773	29010112
1787644511.888472319	s4-eth33	14358	54828202
1787644511.888472319	s4-eth34	11526	34810298
1787644511.888472319	s4-eth4	14188	37151534
1787644511.888472319	s4-eth5	15733	44820189
1787644511.888472319	s4-eth6	14384	39492423
1787644511.888472319	s4-eth7	16713	100549042
1787644511.888472319	s4-eth8	14666	39296886
1787644511.888472319	s4-eth9	16106	44553746
1787644511.888472319	s5-eth1	3085124636	419775
1787644511.888472319	s5-eth2	1475895490	1342705398
1787644511.888472319	s5-eth3	12689	2723978835
1787644511.888472319	s5-eth4	460370	12689
1787644511.888472319	s6-eth1	12689	21854
1787644511.888472319	s6-eth2	1383498	10456
1787644511.888472319	s6-eth3	12689	1277719
1787644511.888472319	s6-eth4	10949	12689
1787644511.888472319	s7-eth1	1354133856	1315278728
1787644511.888472319	s7-eth2	419327	2382448410
1787644511.888472319	s7-eth3	2576159793	10659
1787644511.888472319	s7-eth4	195919	679445
1787644511.888472319	s8-eth1	12689	8313590
1787644511.888472319	s8-eth2	22505	12689
1787644511.888472319	s8-eth3	8402403	12689
1787644511.888472319	s8-eth4	46356	12689
1787644511.888472319	s9-eth1	2726293245	12689
1787644511.888472319	s9-eth2	1277719	12689
1787644511.888472319	s9-eth3	10659	2577747435
1787644511.888472319	s9-eth4	12689	8402403
1787644518.387945666	s10-eth1	12689	460370
1787644518.387945666	s10-eth2	12689	10949
1787644518.387945666	s10-eth3	679445	195919
1787644518.387945666	s10-eth4	12689	46356
1787644518.387945666	s1-eth1	419775	3109054626
1787644518.387945666	s1-eth10	70184041	17726
1787644518.387945666	s1-eth11	296539787	20312
1787644518.387945666	s1-eth12	70182388	17893
1787644518.387945666	s1-eth13	76611484	19076
1787644518.387945666	s1-eth14	70181863	17894
1787644518.387945666	s1-eth15	112348413	21168
1787644518.387945666	s1-eth16	50876752	16898
1787644518.387945666	s1-eth17	76628004	18292
1787644518.387945666	s1-eth18	70186718	17549
1787644518.387945666	s1-eth19	545306888	18304
1787644518.387945666	s1-eth2	21854	12689
1787644518.387945666	s1-eth20	70190152	16746
1787644518.387945666	s1-eth21	63754867	17355
1787644518.387945666	s1-eth22	70176529	16880
1787644518.387945666	s1-eth23	112468010	19892
1787644518.387945666	s1-eth24	66965690	15928
1787644518.387945666	s1-eth25	38000545	15875
1787644518.387945666	s1-eth26	50873838	15379
1787644518.387945666	s1-eth27	296736019	18287
1787644518.387945666	s1-eth28	50870455	15464
1787644518.387945666	s1-eth29	57315517	17534
1787644518.387945666	s1-eth3	661757977	20301
1787644518.387945666	s1-eth30	57314683	15556
1787644518.387945666	s1-eth31	109996520	18601
1787644518.387945666	s1-eth32	70187909	16731
1787644518.387945666	s1-eth33	57318346	17482
1787644518.387945666	s1-eth34	50875308	15353
1787644518.387945666	s1-eth4	70184840	18629
1787644518.387945666	s1-eth5	76617581	19771
1787644518.387945666	s1-eth6	70177558	18608
1787644518.387945666	s1-eth7	112678527	21032
1787644518.387945666	s1-eth8	70186433	19076
1787644518.387945666	s1-eth9	76614389	19326
1787644518.387945666	s2-eth1	1357373422	1482713266
1787644518.387945666	s2-eth10	70185294	17764
1787644518.387945666	s2-eth11	374194723	20238
1787644518.387945666	s2-eth12	70186569	17856
1787644518.387945666	s2-eth13	76627604	18500
1787644518.387945666	s2-eth14	70187528	17298
1787644518.387945666	s2-eth15	112813010	20444
1787644518.387945666	s2-eth16	63754726	16361
1787644518.387945666	s2-eth17	76626331	18564
1787644518.387945666	s2-eth18	57313731	16204
1787644518.387945666	s2-eth19	15413	472937546
1787644518.387945666	s2-eth2	10456	1383498
1787644518.387945666	s2-eth20	13479	36289633
1787644518.387945666	s2-eth21	13975	36530448
1787644518.387945666	s2-eth22	13343	35509688
1787644518.387945666	s2-eth23	16824	102604135
1787644518.387945666	s2-eth24	12555	33373296
1787644518.387945666	s2-eth25	12949	30922764
1787644518.387945666	s2-eth26	12582	28168523
1787644518.387945666	s2-eth27	15314	186300191
1787644518.387945666	s2-eth28	12824	27745086
1787644518.387945666	s2-eth29	14491	38154668
1787644518.387945666	s2-eth3	324946356	20186
1787644518.387945666	s2-eth30	12778	30347750
1787644518.387945666	s2-eth31	15228	101757834
1787644518.387945666	s2-eth32	13868	34355592
1787644518.387945666	s2-eth33	14372	37209655
1787644518.387945666	s2-eth34	12313	27739896
1787644518.387945666	s2-eth4	66938902	16455
1787644518.387945666	s2-eth5	76608233	18835
1787644518.387945666	s2-eth6	70180983	16892
1787644518.387945666	s2-eth7	108667494	19287
1787644518.387945666	s2-eth8	70171821	17196
1787644518.387945666	s2-eth9	76612496	18770
1787644518.387945666	s3-eth1	1332000187	1362209083
1787644518.387945666	s3-eth10	15247	30882005
1787644518.387945666	s3-eth11	16912	184529064
1787644518.387945666	s3-eth12	15615	30740508
1787644518.387945666	s3-eth13	16493	34952831
1787644518.387945666	s3-eth14	14979	30455218
1787644518.387945666	s3-eth15	18450	100542753
1787644518.387945666	s3-eth16	13506	28745474
1787644518.387945666	s3-eth17	15664	44718400
1787644518.387945666	s3-eth18	14302	30197367
1787644518.387945666	s3-eth19	312139584	18841
1787644518.387945666	s3-eth2	8313617	12716
1787644518.387945666	s3-eth20	63743432	16089
1787644518.387945666	s3-eth21	76626321	18261
1787644518.387945666	s3-eth22	66957942	16125
1787644518.387945666	s3-eth23	110284627	18496
1787644518.387945666	s3-eth24	44437054	14887
1787644518.387945666	s3-eth25	76630483	18118
1787644518.387945666	s3-eth26	70188391	16792
1787644518.387945666	s3-eth27	259155065	17068
1787644518.387945666	s3-eth28	70191163	16636
1787644518.387945666	s3-eth29	76611023	17892
1787644518.387945666	s3-eth3	16928	466822457
1787644518.387945666	s3-eth30	54090982	14894
1787644518.387945666	s3-eth31	105334263	18073
1787644518.387945666	s3-eth32	48297169	15932
1787644518.387945666	s3-eth33	76619582	17829
1787644518.387945666	s3-eth34	38000129	14977
1787644518.387945666	s3-eth4	15196	31930291
1787644518.387945666	s3-eth5	17092	36251112
1787644518.387945666	s3-eth6	15492	31489635
1787644518.387945666	s3-eth7	18256	101554787
1787644518.387945666	s3-eth8	16155	31277354
1787644518.387945666	s3-eth9	16542	35577110
1787644518.387945666	s4-eth1	2400632057	419354
1787644518.387945666	s4-eth10	14529	38988639
1787644518.387945666	s4-eth11	17651	224567710
1787644518.387945666	s4-eth12	14850	38838299
1787644518.387945666	s4-eth13	16419	44086856
1787644518.387945666	s4-eth14	14629	39425447
1787644518.387945666	s4-eth15	18426	105204316
1787644518.387945666	s4-eth16	13766	45557601
1787644518.387945666	s4-eth17	15486	44003025
1787644518.387945666	s4-eth18	13486	34987218
1787644518.387945666	s4-eth19	15374	191926159
1787644518.387945666	s4-eth2	12716	22532
1787644518.387945666	s4-eth20	12552	44811515
1787644518.387945666	s4-eth21	14814	55287800
1787644518.387945666	s4-eth22	12585	46378658
1787644518.387945666	s4-eth23	15089	107823422
1787644518.387945666	s4-eth24	11483	36426299
1787644518.387945666	s4-eth25	14671	55370795
1787644518.387945666	s4-eth26	13435	49376203
1787644518.387945666	s4-eth27	13824	212809174
1787644518.387945666	s4-eth28	13189	49709030
1787644518.387945666	s4-eth29	14579	54477762
1787644518.387945666	s4-eth3	17377	170678725
1787644518.387945666	s4-eth30	11607	39975465
1787644518.387945666	s4-eth31	15407	103330990
1787644518.387945666	s4-eth32	12773	29010112
1787644518.387945666	s4-eth33	14358	54828202
1787644518.387945666	s4-eth34	11526	34810298
1787644518.387945666	s4-eth4	14188	37151534
1787644518.387945666	s4-eth5	15733	44820189
1787644518.387945666	s4-eth6	14384	39492423
1787644518.387945666	s4-eth7	16713	103898808
1787644518.387945666	s4-eth8	14666	39296886
1787644518.387945666	s4-eth9	16106	44553746
1787644518.387945666	s5-eth1	3133903197	419802
1787644518.387945666	s5-eth2	1487036409	1366902185
1787644518.387945666	s5-eth3	12716	2759329492
1787644518.387945666	s5-eth4	460398	12716
1787644518.387945666	s6-eth1	12716	21881
1787644518.387945666	s6-eth2	1383525	10483
1787644518.387945666	s6-eth3	12716	1277746
1787644518.387945666	s6-eth4	10977	12716
1787644518.387945666	s7-eth1	1365289195	1338770377
1787644518.387945666	s7-eth2	419354	2404250035
1787644518.387945666	s7-eth3	2611109574	10686
1787644518.387945666	s7-eth4	195947	679472
1787644518.387945666	s8-eth1	12716	8313617
1787644518.387945666	s8-eth2	22532	12716
1787644518.387945666	s8-eth3	8402430	12716
1787644518.387945666	s8-eth4	46384	12716
1787644518.387945666	s9-eth1	2761212744	12716
1787644518.387945666	s9-eth2	1277746	12716
1787644518.387945666	s9-eth3	10686	2612254522
1787644518.387945666	s9-eth4	12716	8402430
1787644523.700797681	s10-eth1	12716	460398
1787644523.700797681	s10-eth2	12716	10977
1787644523.700797681	s10-eth3	679472	195947
1787644523.700797681	s10-eth4	12716	46384
1787644523.700797681	s1-eth1	419802	3157257829
1787644523.700797681	s1-eth10	70184041	17726
1787644523.700797681	s1-eth11	299999145	20312
1787644523.700797681	s1-eth12	70182388	17893
1787644523.700797681	s1-eth13	76611484	19076
1787644523.700797681	s1-eth14	70181863	17894
1787644523.700797681	s1-eth15	115876987	21168
1787644523.700797681	s1-eth16	50876752	16898
1787644523.700797681	s1-eth17	76628004	18292
1787644523.700797681	s1-eth18	70186718	17549
1787644523.700797681	s1-eth19	559587014	18304
1787644523.700797681	s1-eth2	21881	12716
1787644523.700797681	s1-eth20	70190152	16746
1787644523.700797681	s1-eth21	63754867	17355
1787644523.700797681	s1-eth22	70176529	16880
1787644523.700797681	s1-eth23	116074452	19892
1787644523.700797681	s1-eth24	66965690	15928
1787644523.700797681	s1-eth25	38000545	15875
1787644523.700797681	s1-eth26	50873838	15379
1787644523.700797681	s1-eth27	300364091	18287
1787644523.700797681	s1-eth28	50870455	15464
1787644523.700797681	s1-eth29	57315517	17534
1787644523.700797681	s1-eth3	676301989	20301
1787644523.700797681	s1-eth30	57314683	15556
1787644523.700797681	s1-eth31	113634686	18601
1787644523.700797681	s1-eth32	70187909	16731
1787644523.700797681	s1-eth33	57318346	17482
1787644523.700797681	s1-eth34	50875308	15353
1787644523.700797681	s1-eth4	70184840	18629
1787644523.700797681	s1-eth5	76617581	19771
1787644523.700797681	s1-eth6	70177558	18608
1787644523.700797681	s1-eth7	116323903	21032
1787644523.700797681	s1-eth8	70186433	19076
1787644523.700797681	s1-eth9	76614389	19326
1787644523.700797681	s2-eth1	1382399386	1494181546
1787644523.700797681	s2-eth10	70185294	17764
1787644523.700797681	s2-eth11	377766557	20238
1787644523.700797681	s2-eth12	70186569	17856
1787644523.700797681	s2-eth13	76627604	18500
1787644523.700797681	s2-eth14	70187528	17298
1787644523.700797681	s2-eth15	116353120	20444
1787644523.700797681	s2-eth16	63754726	16361
1787644523.700797681	s2-eth17	76626331	18564
1787644523.700797681	s2-eth18	57313731	16204
1787644523.700797681	s2-eth19	15413	486932156
1787644523.700797681	s2-eth2	10510	1383552
1787644523.700797681	s2-eth20	13479	36289633
1787644523.700797681	s2-eth21	13975	36530448
1787644523.700797681	s2-eth22	13343	35509688
1787644523.700797681	s2-eth23	16824	106080797
1787644523.700797681	s2-eth24	12555	33373296
1787644523.700797681	s2-eth25	12949	30922764
1787644523.700797681	s2-eth26	12582	28168523
1787644523.700797681	s2-eth27	15314	189760991
1787644523.700797681	s2-eth28	12824	27745086
1787644523.700797681	s2-eth29	14491	38154668
1787644523.700797681	s2-eth3	325639958	20186
1787644523.700797681	s2-eth30	12778	30347750
1787644523.700797681	s2-eth31	15228	105191236
1787644523.700797681	s2-eth32	13868	34355592
1787644523.700797681	s2-eth33	14372	37209655
1787644523.700797681	s2-eth34	12313	27739896
1787644523.700797681	s2-eth4	66938902	16455
1787644523.700797681	s2-eth5	76608233	18835
1787644523.700797681	s2-eth6	70180983	16892
1787644523.700797681	s2-eth7	112135504	19287
1787644523.700797681	s2-eth8	70171821	17196
1787644523.700797681	s2-eth9	76612496	18770
1787644523.700797681	s3-eth1	1356022492	1373332698
1787644523.700797681	s3-eth10	15247	30882005
1787644523.700797681	s3-eth11	16912	187965350
1787644523.700797681	s3-eth12	15615	30740508
1787644523.700797681	s3-eth13	16493	34952831
1787644523.700797681	s3-eth14	14979	30455218
1787644523.700797681	s3-eth15	18450	103973271
1787644523.700797681	s3-eth16	13506	28745474
1787644523.700797681	s3-eth17	15664	44718400
1787644523.700797681	s3-eth18	14302	30197367
1787644523.700797681	s3-eth19	312831744	18841
1787644523.700797681	s3-eth2	8313644	12743
1787644523.700797681	s3-eth20	63743432	16089
1787644523.700797681	s3-eth21	76626321	18261
1787644523.700797681	s3-eth22	66957942	16125
1787644523.700797681	s3-eth23	113756963	18496
1787644523.700797681	s3-eth24	44437054	14887
1787644523.700797681	s3-eth25	76630483	18118
1787644523.700797681	s3-eth26	70188391	16792
1787644523.700797681	s3-eth27	262663451	17068
1787644523.700797681	s3-eth28	70191163	16636
1787644523.700797681	s3-eth29	76611023	17892
1787644523.700797681	s3-eth3	16928	480850233
1787644523.700797681	s3-eth30	54090982	14894
1787644523.700797681	s3-eth31	108910423	18073
1787644523.700797681	s3-eth32	48297169	15932
1787644523.700797681	s3-eth33	76619582	17829
1787644523.700797681	s3-eth34	38000129	14977
1787644523.700797681	s3-eth4	15196	31930291
1787644523.700797681	s3-eth5	17092	36251112
1787644523.700797681	s3-eth6	15492	31489635
1787644523.700797681	s3-eth7	18256	105174207
1787644523.700797681	s3-eth8	16155	31277354
1787644523.700797681	s3-eth9	16542	35577110
1787644523.700797681	s4-eth1	2424227530	419381
1787644523.700797681	s4-eth10	14529	38988639
1787644523.700797681	s4-eth11	17651	228275092
1787644523.700797681	s4-eth12	14850	38838299
1787644523.700797681	s4-eth13	16419	44086856
1787644523.700797681	s4-eth14	14629	39425447
1787644523.700797681	s4-eth15	18426	108930444
1787644523.700797681	s4-eth16	13766	45557601
1787644523.700797681	s4-eth17	15486	44003025
1787644523.700797681	s4-eth18	13486	34987218
1787644523.700797681	s4-eth19	15374	192680325
1787644523.700797681	s4-eth2	12743	22559
1787644523.700797681	s4-eth20	12552	44811515
1787644523.700797681	s4-eth21	14814	55287800
1787644523.700797681	s4-eth22	12585	46378658
1787644523.700797681	s4-eth23	15089	111628860
1787644523.700797681	s4-eth24	11483	36426299
1787644523.700797681	s4-eth25	14671	55370795
1787644523.700797681	s4-eth26	13435	49376203
1787644523.700797681	s4-eth27	13824	216647778
1787644523.700797681	s4-eth28	13189	49709030
1787644523.700797681	s4-eth29	14579	54477762
1787644523.700797681	s4-eth3	17377	171453079
1787644523.700797681	s4-eth30	11607	39975465
1787644523.700797681	s4-eth31	15407	107211412
1787644523.700797681	s4-eth32	12773	29010112
1787644523.700797681	s4-eth33	14358	54828202
1787644523.700797681	s4-eth34	11526	34810298
1787644523.700797681	s4-eth4	14188	37151534
1787644523.700797681	s4-eth5	15733	44820189
1787644523.700797681	s4-eth6	14384	39492423
1787644523.700797681	s4-eth7	16713	107797976
1787644523.700797681	s4-eth8	14666	39296886
1787644523.700797681	s4-eth9	16106	44553746
1787644523.700797681	s5-eth1	3188934270	419829
1787644523.700797681	s5-eth2	1499636632	1394118520
1787644523.700797681	s5-eth3	12743	2799261383
1787644523.700797681	s5-eth4	460426	12743
1787644523.700797681	s6-eth1	12743	21908
1787644523.700797681	s6-eth2	1383552	10510
1787644523.700797681	s6-eth3	12743	1277773
1787644523.700797681	s6-eth4	11005	12743
1787644523.700797681	s7-eth1	1377906722	1365685334
1787644523.700797681	s7-eth2	419381	2429407194
1787644523.700797681	s7-eth3	2650729993	10713
1787644523.700797681	s7-eth4	195975	679499
1787644523.700797681	s8-eth1	12743	8313644
1787644523.700797681	s8-eth2	22559	12743
1787644523.700797681	s8-eth3	8402457	12743
1787644523.700797681	s8-eth4	46412	12743
1787644523.700797681	s9-eth1	2801334979	12743
1787644523.700797681	s9-eth2	1277773	12743
1787644523.700797681	s9-eth3	10713	2652345033
1787644523.700797681	s9-eth4	12743	8402457
1787644529.930846755	s10-eth1	12770	460454
1787644529.930846755	s10-eth2	12770	11033
1787644529.930846755	s10-eth3	679526	196003
1787644529.930846755	s10-eth4	12770	46440
1787644529.930846755	s1-eth1	419856	3213123847
1787644529.930846755	s1-eth10	70184041	17726
1787644529.930846755	s1-eth11	303993485	20312
1787644529.930846755	s1-eth12	70182388	17893
1787644529.930846755	s1-eth13	76611484	19076
1787644529.930846755	s1-eth14	70181863	17894
1787644529.930846755	s1-eth15	119838161	21168
1787644529.930846755	s1-eth16	50876752	16898
1787644529.930846755	s1-eth17	76628004	18292
1787644529.930846755	s1-eth18	70186718	17549
1787644529.930846755	s1-eth19	575359610	18304
1787644529.930846755	s1-eth2	21935	12770
1787644529.930846755	s1-eth20	70190152	16746
1787644529.930846755	s1-eth21	63754867	17355
1787644529.930846755	s1-eth22	70176529	16880
1787644529.930846755	s1-eth23	120008228	19892
1787644529.930846755	s1-eth24	66965690	15928
1787644529.930846755	s1-eth25	38000545	15875
1787644529.930846755	s1-eth26	50873838	15379
1787644529.930846755	s1-eth27	304306519	18287
1787644529.930846755	s1-eth28	50870455	15464
1787644529.930846755	s1-eth29	57315517	17534
1787644529.930846755	s1-eth3	692138033	20301
1787644529.930846755	s1-eth30	57314683	15556
1787644529.930846755	s1-eth31	117598744	18601
1787644529.930846755	s1-eth32	70187909	16731
1787644529.930846755	s1-eth33	57318346	17482
1787644529.930846755	s1-eth34	50875308	15353
1787644529.930846755	s1-eth4	70184840	18629
1787644529.930846755	s1-eth5	76617581	19771
1787644529.930846755	s1-eth6	70177558	18608
1787644529.930846755	s1-eth7	120338431	21032
1787644529.930846755	s1-eth8	70186433	19076
1787644529.930846755	s1-eth9	76614389	19326
1787644529.930846755	s2-eth1	1409947381	1507172551
1787644529.930846755	s2-eth10	70185294	17764
1787644529.930846755	s2-eth11	381850301	20238
1787644529.930846755	s2-eth12	70186569	17856
1787644529.930846755	s2-eth13	76627604	18500
1787644529.930846755	s2-eth14	70187528	17298
1787644529.930846755	s2-eth15	120472914	20444
1787644529.930846755	s2-eth16	63754726	16361
1787644529.930846755	s2-eth17	76626331	18564
1787644529.930846755	s2-eth18	57313731	16204
1787644529.930846755	s2-eth19	15413	502869140
1787644529.930846755	s2-eth2	10537	1383579
1787644529.930846755	s2-eth20	13479	36289633
1787644529.930846755	s2-eth21	13975	36530448
1787644529.930846755	s2-eth22	13343	35509688
1787644529.930846755	s2-eth23	16824	110151563
1787644529.930846755	s2-eth24	12555	33373296
1787644529.930846755	s2-eth25	12949	30922764
1787644529.930846755	s2-eth26	12582	28168523
1787644529.930846755	s2-eth27	15314	193863481
1787644529.930846755	s2-eth28	12824	27745086
1787644529.930846755	s2-eth29	14491	38154668
1787644529.930846755	s2-eth3	326486412	20186
1787644529.930846755	s2-eth30	12778	30347750
1787644529.930846755	s2-eth31	15228	109345638
1787644529.930846755	s2-eth32	13868	34355592
1787644529.930846755	s2-eth33	14372	37209655
1787644529.930846755	s2-eth34	12313	27739896
1787644529.930846755	s2-eth4	66938902	16455
1787644529.930846755	s2-eth5	76608233	18835
1787644529.930846755	s2-eth6	70180983	16892
1787644529.930846755	s2-eth7	116413918	19287
1787644529.930846755	s2-eth8	70171821	17196
1787644529.930846755	s2-eth9	76612496	18770
1787644529.930846755	s3-eth1	1384812049	1387053355
1787644529.930846755	s3-eth10	15247	30882005
1787644529.930846755	s3-eth11	16912	192102448
1787644529.930846755	s3-eth12	15615	30740508
1787644529.930846755	s3-eth13	16493	34952831
1787644529.930846755	s3-eth14	14979	30455218
1787644529.930846755	s3-eth15	18450	108091623
1787644529.930846755	s3-eth16	13506	28745474
1787644529.930846755	s3-eth17	15664	44718400
1787644529.930846755	s3-eth18	14302	30197367
1787644529.930846755	s3-eth19	313692618	18841
1787644529.930846755	s3-eth2	8313671	12770
1787644529.930846755	s3-eth20	63743432	16089
1787644529.930846755	s3-eth21	76626321	18261
1787644529.930846755	s3-eth22	66957942	16125
1787644529.930846755	s3-eth23	118077195	18496
1787644529.930846755	s3-eth24	44437054	14887
1787644529.930846755	s3-eth25	76630483	18118
1787644529.930846755	s3-eth26	70188391	16792
1787644529.930846755	s3-eth27	266959169	17068
1787644529.930846755	s3-eth28	70191163	16636
1787644529.930846755	s3-eth29	76611023	17892
1787644529.930846755	s3-eth3	16928	497002075
1787644529.930846755	s3-eth30	54090982	14894
1787644529.930846755	s3-eth31	113148461	18073
1787644529.930846755	s3-eth32	48297169	15932
1787644529.930846755	s3-eth33	76619582	17829
1787644529.930846755	s3-eth34	38000129	14977
1787644529.930846755	s3-eth4	15196	31930291
1787644529.930846755	s3-eth5	17092	36251112
1787644529.930846755	s3-eth6	15492	31489635
1787644529.930846755	s3-eth7	18256	109148359
1787644529.930846755	s3-eth8	16155	31277354
1787644529.930846755	s3-eth9	16542	35577110
1787644529.930846755	s4-eth1	2450359481	419408
1787644529.930846755	s4-eth10	14529	38988639
1787644529.930846755	s4-eth11	17651	232282410
1787644529.930846755	s4-eth12	14850	38838299
1787644529.930846755	s4-eth13	16419	44086856
1787644529.930846755	s4-eth14	14629	39425447
1787644529.930846755	s4-eth15	18426	112884408
1787644529.930846755	s4-eth16	13766	45557601
1787644529.930846755	s4-eth17	15486	44003025
1787644529.930846755	s4-eth18	13486	34987218
1787644529.930846755	s4-eth19	15374	193484961
1787644529.930846755	s4-eth2	12770	22586
1787644529.930846755	s4-eth20	12552	44811515
1787644529.930846755	s4-eth21	14814	55287800
1787644529.930846755	s4-eth22	12585	46378658
1787644529.930846755	s4-eth23	15089	115630410
1787644529.930846755	s4-eth24	11483	36426299
1787644529.930846755	s4-eth25	14671	55370795
1787644529.930846755	s4-eth26	13435	49376203
1787644529.930846755	s4-eth27	13824	220613278
1787644529.930846755	s4-eth28	13189	49709030
1787644529.930846755	s4-eth29	14579	54477762
1787644529.930846755	s4-eth3	17377	172223107
1787644529.930846755	s4-eth30	11607	39975465
1787644529.930846755	s4-eth31	15407	111097602
1787644529.930846755	s4-eth32	12773	29010112
1787644529.930846755	s4-eth33	14358	54828202
1787644529.930846755	s4-eth34	11526	34810298
1787644529.930846755	s4-eth4	14188	37151534
1787644529.930846755	s4-eth5	15733	44820189
1787644529.930846755	s4-eth6	14384	39492423
1787644529.930846755	s4-eth7	16713	111535640
1787644529.930846755	s4-eth8	14666	39296886
1787644529.930846755	s4-eth9	16106	44553746
1787644529.930846755	s5-eth1	3241792249	419856
1787644529.930846755	s5-eth2	1511742249	1419992353
1787644529.930846755	s5-eth3	12770	2837263878
1787644529.930846755	s5-eth4	460454	12770
1787644529.930846755	s6-eth1	12770	21935
1787644529.930846755	s6-eth2	1383579	10537
1787644529.930846755	s6-eth3	12770	1277800
1787644529.930846755	s6-eth4	11033	12770
1787644529.930846755	s7-eth1	1389891211	1391038605
1787644529.930846755	s7-eth2	419408	2453073325
1787644529.930846755	s7-eth3	2688011488	10740
1787644529.930846755	s7-eth4	196003	679526
1787644529.930846755	s8-eth1	12770	8313671
1787644529.930846755	s8-eth2	22586	12770
1787644529.930846755	s8-eth3	8402484	12770
1787644529.930846755	s8-eth4	46440	12770
1787644529.930846755	s9-eth1	2838136288	12770
1787644529.930846755	s9-eth2	1277800	12770
1787644529.930846755	s9-eth3	10740	2688383524
1787644529.930846755	s9-eth4	12770	8402484
1787644535.464670404	s10-eth1	12797	460482
1787644535.464670404	s10-eth2	12797	11061
1787644535.464670404	s10-eth3	679553	196031
1787644535.464670404	s10-eth4	12797	46468
1787644535.464670404	s1-eth1	419883	3262869990
1787644535.464670404	s1-eth10	70184041	17726
1787644535.464670404	s1-eth11	307535037	20312
1787644535.464670404	s1-eth12	70182388	17893
1787644535.464670404	s1-eth13	76611484	19076
1787644535.464670404	s1-eth14	70181863	17894
1787644535.464670404	s1-eth15	123337895	21168
1787644535.464670404	s1-eth16	50876752	16898
1787644535.464670404	s1-eth17	76628004	18292
1787644535.464670404	s1-eth18	70186718	17549
1787644535.464670404	s1-eth19	589173970	18304
1787644535.464670404	s1-eth2	21962	12797
1787644535.464670404	s1-eth20	70190152	16746
1787644535.464670404	s1-eth21	63754867	17355
1787644535.464670404	s1-eth22	70176529	16880
1787644535.464670404	s1-eth23	123432978	19892
1787644535.464670404	s1-eth24	66965690	15928
1787644535.464670404	s1-eth25	38000545	15875
1787644535.464670404	s1-eth26	50873838	15379
1787644535.464670404	s1-eth27	307732711	18287
1787644535.464670404	s1-eth28	50870455	15464
1787644535.464670404	s1-eth29	57315517	17534
1787644535.464670404	s1-eth3	705916343	20301
1787644535.464670404	s1-eth30	57314683	15556
1787644535.464670404	s1-eth31	121066754	18601
1787644535.464670404	s1-eth32	70187909	16731
1787644535.464670404	s1-eth33	57318346	17482
1787644535.464670404	s1-eth34	50875308	15353
1787644535.464670404	s1-eth4	70184840	18629
1787644535.464670404	s1-eth5	76617581	19771
1787644535.464670404	s1-eth6	70177558	18608
1787644535.464670404	s1-eth7	123890077	21032
1787644535.464670404	s1-eth8	70186433	19076
1787644535.464670404	s1-eth9	76614389	19326
1787644535.464670404	s2-eth1	1434787300	1518660992
1787644535.464670404	s2-eth10	70185294	17764
1787644535.464670404	s2-eth11	385466837	20238
1787644535.464670404	s2-eth12	70186569	17856
1787644535.464670404	s2-eth13	76627604	18500
1787644535.464670404	s2-eth14	70187528	17298
1787644535.464670404	s2-eth15	124147130	20444
1787644535.464670404	s2-eth16	63754726	16361
1787644535.464670404	s2-eth17	76626331	18564
1787644535.464670404	s2-eth18	57313731	16204
1787644535.464670404	s2-eth19	15413	517604938
1787644535.464670404	s2-eth2	10564	1383606
1787644535.464670404	s2-eth20	13479	36289633
1787644535.464670404	s2-eth21	13975	36530448
1787644535.464670404	s2-eth22	13343	35509688
1787644535.464670404	s2-eth23	16824	113877691
1787644535.464670404	s2-eth24	12555	33373296
1787644535.464670404	s2-eth25	12949	30922764
1787644535.464670404	s2-eth26	12582	28168523
1787644535.464670404	s2-eth27	15314	197609797
1787644535.464670404	s2-eth28	12824	27745086
1787644535.464670404	s2-eth29	14491	38154668
1787644535.464670404	s2-eth3	327242020	20186
1787644535.464670404	s2-eth30	12778	30347750
1787644535.464670404	s2-eth31	15228	113064556
1787644535.464670404	s2-eth32	13868	34355592
1787644535.464670404	s2-eth33	14372	37209655
1787644535.464670404	s2-eth34	12313	27739896
1787644535.464670404	s2-eth4	66938902	16455
1787644535.464670404	s2-eth5	76608233	18835
1787644535.464670404	s2-eth6	70180983	16892
1787644535.464670404	s2-eth7	120070830	19287
1787644535.464670404	s2-eth8	70171821	17196
1787644535.464670404	s2-eth9	76612496	18770
1787644535.464670404	s3-eth1	1409582752	1398593708
1787644535.464670404	s3-eth10	15247	30882005
1787644535.464670404	s3-eth11	16912	195605066
1787644535.464670404	s3-eth12	15615	30740508
1787644535.464670404	s3-eth13	16493	34952831
1787644535.464670404	s3-eth14	14979	30455218
1787644535.464670404	s3-eth15	18450	111529351
1787644535.464670404	s3-eth16	13506	28745474
1787644535.464670404	s3-eth17	15664	44718400
1787644535.464670404	s3-eth18	14302	30197367
1787644535.464670404	s3-eth19	314384778	18841
1787644535.464670404	s3-eth2	8313698	12797
1787644535.464670404	s3-eth20	63743432	16089
1787644535.464670404	s3-eth21	76626321	18261
1787644535.464670404	s3-eth22	66957942	16125
1787644535.464670404	s3-eth23	121480315	18496
1787644535.464670404	s3-eth24	44437054	14887
1787644535.464670404	s3-eth25	76630483	18118
1787644535.464670404	s3-eth26	70188391	16792
1787644535.464670404	s3-eth27	270357963	17068
1787644535.464670404	s3-eth28	70191163	16636
1787644535.464670404	s3-eth29	76611023	17892
1787644535.464670404	s3-eth3	16928	510321829
1787644535.464670404	s3-eth30	54090982	14894
1787644535.464670404	s3-eth31	116570327	18073
1787644535.464670404	s3-eth32	48297169	15932
1787644535.464670404	s3-eth33	76619582	17829
1787644535.464670404	s3-eth34	38000129	14977
1787644535.464670404	s3-eth4	15196	31930291
1787644535.464670404	s3-eth5	17092	36251112
1787644535.464670404	s3-eth6	15492	31489635
1787644535.464670404	s3-eth7	18256	112480821
1787644535.464670404	s3-eth8	16155	31277354
1787644535.464670404	s3-eth9	16542	35577110
1787644535.464670404	s4-eth1	2472331262	419435
1787644535.464670404	s4-eth10	14529	38988639
1787644535.464670404	s4-eth11	17651	235684088
1787644535.464670404	s4-eth12	14850	38838299
1787644535.464670404	s4-eth13	16419	44086856
1787644535.464670404	s4-eth14	14629	39425447
1787644535.464670404	s4-eth15	18426	116297622
1787644535.464670404	s4-eth16	13766	45557601
1787644535.464670404	s4-eth17	15486	44003025
1787644535.464670404	s4-eth18	13486	34987218
1787644535.464670404	s4-eth19	15374	194175679
1787644535.464670404	s4-eth2	12797	22613
1787644535.464670404	s4-eth20	12552	44811515
1787644535.464670404	s4-eth21	14814	55287800
1787644535.464670404	s4-eth22	12585	46378658
1787644535.464670404	s4-eth23	15089	119071022
1787644535.464670404	s4-eth24	11483	36426299
1787644535.464670404	s4-eth25	14671	55370795
1787644535.464670404	s4-eth26	13435	49376203
1787644535.464670404	s4-eth27	13824	224048122
1787644535.464670404	s4-eth28	13189	49709030
1787644535.464670404	s4-eth29	14579	54477762
1787644535.464670404	s4-eth3	17377	172895079
1787644535.464670404	s4-eth30	11607	39975465
1787644535.464670404	s4-eth31	15407	114554076
1787644535.464670404	s4-eth32	12773	29010112
1787644535.464670404	s4-eth33	14358	54828202
1787644535.464670404	s4-eth34	11526	34810298
1787644535.464670404	s4-eth4	14188	37151534
1787644535.464670404	s4-eth5	15733	44820189
1787644535.464670404	s4-eth6	14384	39492423
1787644535.464670404	s4-eth7	16713	114993556
1787644535.464670404	s4-eth8	14666	39296886
1787644535.464670404	s4-eth9	16106	44553746
1787644535.464670404	s5-eth1	3291443220	419883
1787644535.464670404	s5-eth2	1523102352	1444450142
1787644535.464670404	s5-eth3	12797	2873202871
1787644535.464670404	s5-eth4	460482	12797
1787644535.464670404	s6-eth1	12797	21962
1787644535.464670404	s6-eth2	1383606	10564
1787644535.464670404	s6-eth3	12797	1277827
1787644535.464670404	s6-eth4	11061	12797
1787644535.464670404	s7-eth1	1401383978	1415461786
1787644535.464670404	s7-eth2	419435	2475979522
1787644535.464670404	s7-eth3	2724364335	10767
1787644535.464670404	s7-eth4	196031	679553
1787644535.464670404	s8-eth1	12797	8313698
1787644535.464670404	s8-eth2	22613	12797
1787644535.464670404	s8-eth3	8402511	12797
1787644535.464670404	s8-eth4	46468	12797
1787644535.464670404	s9-eth1	2875241859	12797
1787644535.464670404	s9-eth2	1277827	12797
1787644535.464670404	s9-eth3	10767	2725565521
1787644535.464670404	s9-eth4	12797	8402511
1787644541.219731391	s10-eth1	12824	460510
1787644541.219731391	s10-eth2	12824	11089
1787644541.219731391	s10-eth3	679580	196059
1787644541.219731391	s10-eth4	12824	46496
1787644541.219731391	s1-eth1	419910	3315123771
1787644541.219731391	s1-eth10	70184041	17726
1787644541.219731391	s1-eth11	311294331	20312
1787644541.219731391	s1-eth12	70182388	17893
1787644541.219731391	s1-eth13	76611484	19076
1787644541.219731391	s1-eth14	70181863	17894
1787644541.219731391	s1-eth15	127144775	21168
1787644541.219731391	s1-eth16	50876752	16898
1787644541.219731391	s1-eth17	76628004	18292
1787644541.219731391	s1-eth18	70186718	17549
1787644541.219731391	s1-eth19	604469264	18304
1787644541.219731391	s1-eth2	21989	12824
1787644541.219731391	s1-eth20	70190152	16746
1787644541.219731391	s1-eth21	63754867	17355
1787644541.219731391	s1-eth22	70176529	16880
1787644541.219731391	s1-eth23	127244184	19892
1787644541.219731391	s1-eth24	66965690	15928
1787644541.219731391	s1-eth25	38000545	15875
1787644541.219731391	s1-eth26	50873838	15379
1787644541.219731391	s1-eth27	311548243	18287
1787644541.219731391	s1-eth28	50870455	15464
1787644541.219731391	s1-eth29	57315517	17534
1787644541.219731391	s1-eth3	721094835	20301
1787644541.219731391	s1-eth30	57314683	15556
1787644541.219731391	s1-eth31	124841910	18601
1787644541.219731391	s1-eth32	70187909	16731
1787644541.219731391	s1-eth33	57318346	17482
1787644541.219731391	s1-eth34	50875308	15353
1787644541.219731391	s1-eth4	70184840	18629
1787644541.219731391	s1-eth5	76617581	19771
1787644541.219731391	s1-eth6	70177558	18608
1787644541.219731391	s1-eth7	127598901	21032
1787644541.219731391	s1-eth8	70186433	19076
1787644541.219731391	s1-eth9	76614389	19326
1787644541.219731391	s2-eth1	1460540005	1530576265
1787644541.219731391	s2-eth10	70185294	17764
1787644541.219731391	s2-eth11	389165567	20238
1787644541.219731391	s2-eth12	70186569	17856
1787644541.219731391	s2-eth13	76627604	18500
1787644541.219731391	s2-eth14	70187528	17298
1787644541.219731391	s2-eth15	127831440	20444
1787644541.219731391	s2-eth16	63754726	16361
1787644541.219731391	s2-eth17	76626331	18564
1787644541.219731391	s2-eth18	57313731	16204
1787644541.219731391	s2-eth19	15413	532033590
1787644541.219731391	s2-eth2	10591	1383633
1787644541.219731391	s2-eth20	13479	36289633
1787644541.219731391	s2-eth21	13975	36530448
1787644541.219731391	s2-eth22	13343	35509688
1787644541.219731391	s2-eth23	16824	117448083
1787644541.219731391	s2-eth24	12555	33373296
1787644541.219731391	s2-eth25	12949	30922764
1787644541.219731391	s2-eth26	12582	28168523
1787644541.219731391	s2-eth27	15314	201152791
1787644541.219731391	s2-eth28	12824	27745086
1787644541.219731391	s2-eth29	14491	38154668
1787644541.219731391	s2-eth3	327958694	20186
1787644541.219731391	s2-eth30	12778	30347750
1787644541.219731391	s2-eth31	15228	116653694
1787644541.219731391	s2-eth32	13868	34355592
1787644541.219731391	s2-eth33	14372	37209655
1787644541.219731391	s2-eth34	12313	27739896
1787644541.219731391	s2-eth4	66938902	16455
1787644541.219731391	s2-eth5	76608233	18835
1787644541.219731391	s2-eth6	70180983	16892
1787644541.219731391	s2-eth7	123783980	19287
1787644541.219731391	s2-eth8	70171821	17196
1787644541.219731391	s2-eth9	76612496	18770
1787644541.219731391	s3-eth1	1435192699	1410594059
1787644541.219731391	s3-eth10	15247	30882005
1787644541.219731391	s3-eth11	16912	199311006
1787644541.219731391	s3-eth12	15615	30740508
1787644541.219731391	s3-eth13	16493	34952831
1787644541.219731391	s3-eth14	14979	30455218
1787644541.219731391	s3-eth15	18450	115284319
1787644541.219731391	s3-eth16	13506	28745474
1787644541.219731391	s3-eth17	15664	44718400
1787644541.219731391	s3-eth18	14302	30197367
1787644541.219731391	s3-eth19	315163458	18841
1787644541.219731391	s3-eth2	8313725	12824
1787644541.219731391	s3-eth20	63743432	16089
1787644541.219731391	s3-eth21	76626321	18261
1787644541.219731391	s3-eth22	66957942	16125
1787644541.219731391	s3-eth23	125450141	18496
1787644541.219731391	s3-eth24	44437054	14887
1787644541.219731391	s3-eth25	76630483	18118
1787644541.219731391	s3-eth26	70188391	16792
1787644541.219731391	s3-eth27	274368165	17068
1787644541.219731391	s3-eth28	70191163	16636
1787644541.219731391	s3-eth29	76611023	17892
1787644541.219731391	s3-eth3	16928	526121823
1787644541.219731391	s3-eth30	54090982	14894
1787644541.219731391	s3-eth31	120633883	18073
1787644541.219731391	s3-eth32	48297169	15932
1787644541.219731391	s3-eth33	76619582	17829
1787644541.219731391	s3-eth34	38000129	14977
1787644541.219731391	s3-eth4	15196	31930291
1787644541.219731391	s3-eth5	17092	36251112
1787644541.219731391	s3-eth6	15492	31489635
1787644541.219731391	s3-eth7	18256	116600615
1787644541.219731391	s3-eth8	16155	31277354
1787644541.219731391	s3-eth9	16542	35577110
1787644541.219731391	s4-eth1	2499097720	419489
1787644541.219731391	s4-eth10	14529	38988639
1787644541.219731391	s4-eth11	17651	239894728
1787644541.219731391	s4-eth12	14850	38838299
1787644541.219731391	s4-eth13	16419	44086856
1787644541.219731391	s4-eth14	14629	39425447
1787644541.219731391	s4-eth15	18426	120561616
1787644541.219731391	s4-eth16	13766	45557601
1787644541.219731391	s4-eth17	15486	44003025
1787644541.219731391	s4-eth18	13486	34987218
1787644541.219731391	s4-eth19	15374	195048089
1787644541.219731391	s4-eth2	12851	22667
1787644541.219731391	s4-eth20	12552	44811515
1787644541.219731391	s4-eth21	14814	55287800
1787644541.219731391	s4-eth22	12585	46378658
1787644541.219731391	s4-eth23	15089	123486426
1787644541.219731391	s4-eth24	11483	36426299
1787644541.219731391	s4-eth25	14671	55370795
1787644541.219731391	s4-eth26	13435	49376203
1787644541.219731391	s4-eth27	13824	228470736
1787644541.219731391	s4-eth28	13189	49709030
1787644541.219731391	s4-eth29	14579	54477762
1787644541.219731391	s4-eth3	17377	173777583
1787644541.219731391	s4-eth30	11607	39975465
1787644541.219731391	s4-eth31	15407	119027160
1787644541.219731391	s4-eth32	12773	29010112
1787644541.219731391	s4-eth33	14358	54828202
1787644541.219731391	s4-eth34	11526	34810298
1787644541.219731391	s4-eth4	14188	37151534
1787644541.219731391	s4-eth5	15733	44820189
1787644541.219731391	s4-eth6	14384	39492423
1787644541.219731391	s4-eth7	16713	119478176
1787644541.219731391	s4-eth8	14666	39296886
1787644541.219731391	s4-eth9	16106	44553746
1787644541.219731391	s5-eth1	3354806196	419937
1787644541.219731391	s5-eth2	1537624788	1475913194
1787644541.219731391	s5-eth3	12851	2919038337
1787644541.219731391	s5-eth4	460538	12851
1787644541.219731391	s6-eth1	12851	22016
1787644541.219731391	s6-eth2	1383660	10618
1787644541.219731391	s6-eth3	12851	1277881
1787644541.219731391	s6-eth4	11117	12851
1787644541.219731391	s7-eth1	1415688672	1446192302
1787644541.219731391	s7-eth2	419489	2504378324
1787644541.219731391	s7-eth3	2769328833	10821
1787644541.219731391	s7-eth4	196087	679607
1787644541.219731391	s8-eth1	12851	8313752
1787644541.219731391	s8-eth2	22667	12851
1787644541.219731391	s8-eth3	8402565	12851
1787644541.219731391	s8-eth4	46524	12851
1787644541.219731391	s9-eth1	2919599275	12851
1787644541.219731391	s9-eth2	1277881	12851
1787644541.219731391	s9-eth3	10821	2769563879
1787644541.219731391	s9-eth4	12851	8402565
1787644547.961003184	s10-eth1	12851	460538
1787644547.961003184	s10-eth2	12851	11117
1787644547.961003184	s10-eth3	679607	196087
1787644547.961003184	s10-eth4	12851	46524
1787644547.961003184	s1-eth1	419937	3374734636
1787644547.961003184	s1-eth10	70184041	17726
1787644547.961003184	s1-eth11	315535253	20312
1787644547.961003184	s1-eth12	70182388	17893
1787644547.961003184	s1-eth13	76611484	19076
1787644547.961003184	s1-eth14	70181863	17894
1787644547.961003184	s1-eth15	131345321	21168
1787644547.961003184	s1-eth16	50876752	16898
1787644547.961003184	s1-eth17	76628004	18292
1787644547.961003184	s1-eth18	70186718	17549
1787644547.961003184	s1-eth19	621311824	18304
1787644547.961003184	s1-eth2	22016	12851
1787644547.961003184	s1-eth20	70190152	16746
1787644547.961003184	s1-eth21	63754867	17355
1787644547.961003184	s1-eth22	70176529	16880
1787644547.961003184	s1-eth23	131502410	19892
1787644547.961003184	s1-eth24	66965690	15928
1787644547.961003184	s1-eth25	38000545	15875
1787644547.961003184	s1-eth26	50873838	15379
1787644547.961003184	s1-eth27	315792049	18287
1787644547.961003184	s1-eth28	50870455	15464
1787644547.961003184	s1-eth29	57315517	17534
1787644547.961003184	s1-eth3	738018147	20301
1787644547.961003184	s1-eth30	57314683	15556
1787644547.961003184	s1-eth31	129069854	18601
1787644547.961003184	s1-eth32	70187909	16731
1787644547.961003184	s1-eth33	57318346	17482
1787644547.961003184	s1-eth34	50875308	15353
1787644547.961003184	s1-eth4	70184840	18629
1787644547.961003184	s1-eth5	76617581	19771
1787644547.961003184	s1-eth6	70177558	18608
1787644547.961003184	s1-eth7	131756187	21032
1787644547.961003184	s1-eth8	70186433	19076
1787644547.961003184	s1-eth9	76614389	19326
1787644547.961003184	s2-eth1	1488909940	1543598994
1787644547.961003184	s2-eth10	70185294	17764
1787644547.961003184	s2-eth11	393206051	20238
1787644547.961003184	s2-eth12	70186569	17856
1787644547.961003184	s2-eth13	76627604	18500
1787644547.961003184	s2-eth14	70187528	17298
1787644547.961003184	s2-eth15	131779636	20444
1787644547.961003184	s2-eth16	63754726	16361
1787644547.961003184	s2-eth17	76626331	18564
1787644547.961003184	s2-eth18	57313731	16204
1787644547.961003184	s2-eth19	15413	547328884
1787644547.961003184	s2-eth2	10618	1383660
1787644547.961003184	s2-eth20	13479	36289633
1787644547.961003184	s2-eth21	13975	36530448
1787644547.961003184	s2-eth22	13343	35509688
1787644547.961003184	s2-eth23	16824	121237659
1787644547.961003184	s2-eth24	12555	33373296
1787644547.961003184	s2-eth25	12949	30922764
1787644547.961003184	s2-eth26	12582	28168523
1787644547.961003184	s2-eth27	15314	204930831
1787644547.961003184	s2-eth28	12824	27745086
1787644547.961003184	s2-eth29	14491	38154668
1787644547.961003184	s2-eth3	328714302	20186
1787644547.961003184	s2-eth30	12778	30347750
1787644547.961003184	s2-eth31	15228	120420198
1787644547.961003184	s2-eth32	13868	34355592
1787644547.961003184	s2-eth33	14372	37209655
1787644547.961003184	s2-eth34	12313	27739896
1787644547.961003184	s2-eth4	66938902	16455
1787644547.961003184	s2-eth5	76608233	18835
1787644547.961003184	s2-eth6	70180983	16892
1787644547.961003184	s2-eth7	127560578	19287
1787644547.961003184	s2-eth8	70171821	17196
1787644547.961003184	s2-eth9	76612496	18770
1787644547.961003184	s3-eth1	1461184776	1422672278
1787644547.961003184	s3-eth10	15247	30882005
1787644547.961003184	s3-eth11	16912	203006852
1787644547.961003184	s3-eth12	15615	30740508
1787644547.961003184	s3-eth13	16493	34952831
1787644547.961003184	s3-eth14	14979	30455218
1787644547.961003184	s3-eth15	18450	118959977
1787644547.961003184	s3-eth16	13506	28745474
1787644547.961003184	s3-eth17	15664	44718400
1787644547.961003184	s3-eth18	14302	30197367
1787644547.961003184	s3-eth19	315908972	18841
1787644547.961003184	s3-eth2	8313752	12851
1787644547.961003184	s3-eth20	63743432	16089
1787644547.961003184	s3-eth21	76626321	18261
1787644547.961003184	s3-eth22	66957942	16125
1787644547.961003184	s3-eth23	129130125	18496
1787644547.961003184	s3-eth24	44437054	14887
1787644547.961003184	s3-eth25	76630483	18118
1787644547.961003184	s3-eth26	70188391	16792
1787644547.961003184	s3-eth27	278032287	17068
1787644547.961003184	s3-eth28	70191163	16636
1787644547.961003184	s3-eth29	76611023	17892
1787644547.961003184	s3-eth3	16928	540384645
1787644547.961003184	s3-eth30	54090982	14894
1787644547.961003184	s3-eth31	124247535	18073
1787644547.961003184	s3-eth32	48297169	15932
1787644547.961003184	s3-eth33	76619582	17829
1787644547.961003184	s3-eth34	38000129	14977
1787644547.961003184	s3-eth4	15196	31930291
1787644547.961003184	s3-eth5	17092	36251112
1787644547.961003184	s3-eth6	15492	31489635
1787644547.961003184	s3-eth7	18256	120096023
1787644547.961003184	s3-eth8	16155	31277354
1787644547.961003184	s3-eth9	16542	35577110
1787644547.961003184	s4-eth1	2521402603	419516
1787644547.961003184	s4-eth10	14529	38988639
1787644547.961003184	s4-eth11	17651	243305058
1787644547.961003184	s4-eth12	14850	38838299
1787644547.961003184	s4-eth13	16419	44086856
1787644547.961003184	s4-eth14	14629	39425447
1787644547.961003184	s4-eth15	18426	123920034
1787644547.961003184	s4-eth16	13766	45557601
1787644547.961003184	s4-eth17	15486	44003025
1787644547.961003184	s4-eth18	13486	34987218
1787644547.961003184	s4-eth19	15374	195717177
1787644547.961003184	s4-eth2	12878	22694
1787644547.961003184	s4-eth20	12552	44811515
1787644547.961003184	s4-eth21	14814	55287800
1787644547.961003184	s4-eth22	12585	46378658
1787644547.961003184	s4-eth23	15089	126791490
1787644547.961003184	s4-eth24	11483	36426299
1787644547.961003184	s4-eth25	14671	55370795
1787644547.961003184	s4-eth26	13435	49376203
1787644547.961003184	s4-eth27	13824	231774358
1787644547.961003184	s4-eth28	13189	49709030
1787644547.961003184	s4-eth29	14579	54477762
1787644547.961003184	s4-eth3	17377	174429367
1787644547.961003184	s4-eth30	11607	39975465
1787644547.961003184	s4-eth31	15407	122281754
1787644547.961003184	s4-eth32	12773	29010112
1787644547.961003184	s4-eth33	14358	54828202
1787644547.961003184	s4-eth34	11526	34810298
1787644547.961003184	s4-eth4	14188	37151534
1787644547.961003184	s4-eth5	15733	44820189
1787644547.961003184	s4-eth6	14384	39492423
1787644547.961003184	s4-eth7	16713	122664996
1787644547.961003184	s4-eth8	14666	39296886
1787644547.961003184	s4-eth9	16106	44553746
1787644547.961003184	s5-eth1	3399235685	419964
1787644547.961003184	s5-eth2	1547743329	1497897953
1787644547.961003184	s5-eth3	12878	2951124306
1787644547.961003184	s5-eth4	460566	12878
1787644547.961003184	s6-eth1	12878	22043
1787644547.961003184	s6-eth2	1383687	10645
1787644547.961003184	s6-eth3	12878	1277908
1787644547.961003184	s6-eth4	11145	12878
1787644547.961003184	s7-eth1	1425791351	1468064585
1787644547.961003184	s7-eth2	419516	2524575003
1787644547.961003184	s7-eth3	2801414802	10848
1787644547.961003184	s7-eth4	196115	679634
1787644547.961003184	s8-eth1	12878	8313779
1787644547.961003184	s8-eth2	22694	12878
1787644547.961003184	s8-eth3	8402592	12878
1787644547.961003184	s8-eth4	46552	12878
1787644547.961003184	s9-eth1	2951898660	12878
1787644547.961003184	s9-eth2	1277908	12878
1787644547.961003184	s9-eth3	10848	2802047840
1787644547.961003184	s9-eth4	12878	8402592
1787644552.974545392	s10-eth1	12878	460566
1787644552.974545392	s10-eth2	12878	11145
1787644552.974545392	s10-eth3	679634	196115
1787644552.974545392	s10-eth4	12878	46552
1787644552.974545392	s1-eth1	419964	3421096405
1787644552.974545392	s1-eth10	70184041	17726
1787644552.974545392	s1-eth11	318870599	20312
1787644552.974545392	s1-eth12	70182388	17893
1787644552.974545392	s1-eth13	76611484	19076
1787644552.974545392	s1-eth14	70181863	17894
1787644552.974545392	s1-eth15	134726811	21168
1787644552.974545392	s1-eth16	50876752	16898
1787644552.974545392	s1-eth17	76628004	18292
1787644552.974545392	s1-eth18	70186718	17549
1787644552.974545392	s1-eth19	634905558	18304
1787644552.974545392	s1-eth2	22043	12878
1787644552.974545392	s1-eth20	70190152	16746
1787644552.974545392	s1-eth21	63754867	17355
1787644552.974545392	s1-eth22	70176529	16880
1787644552.974545392	s1-eth23	134885342	19892
1787644552.974545392	s1-eth24	66965690	15928
1787644552.974545392	s1-eth25	38000545	15875
1787644552.974545392	s1-eth26	50873838	15379
1787644552.974545392	s1-eth27	319186517	18287
1787644552.974545392	s1-eth28	50870455	15464
1787644552.974545392	s1-eth29	57315517	17534
1787644552.974545392	s1-eth3	751584483	20301
1787644552.974545392	s1-eth30	57314683	15556
1787644552.974545392	s1-eth31	132459996	18601
1787644552.974545392	s1-eth32	70187909	16731
1787644552.974545392	s1-eth33	57318346	17482
1787644552.974545392	s1-eth34	50875308	15353
1787644552.974545392	s1-eth4	70184840	18629
1787644552.974545392	s1-eth5	76617581	19771
1787644552.974545392	s1-eth6	70177558	18608
1787644552.974545392	s1-eth7	135143445	21032
1787644552.974545392	s1-eth8	70186433	19076
1787644552.974545392	s1-eth9	76614389	19326
1787644552.974545392	s2-eth1	1512779393	1554589945
1787644552.974545392	s2-eth10	70185294	17764
1787644552.974545392	s2-eth11	396666851	20238
1787644552.974545392	s2-eth12	70186569	17856
1787644552.974545392	s2-eth13	76627604	18500
1787644552.974545392	s2-eth14	70187528	17298
1787644552.974545392	s2-eth15	135301000	20444
1787644552.974545392	s2-eth16	63754726	16361
1787644552.974545392	s2-eth17	76626331	18564
1787644552.974545392	s2-eth18	57313731	16204
1787644552.974545392	s2-eth19	15413	561562866
1787644552.974545392	s2-eth2	10645	1383687
1787644552.974545392	s2-eth20	13479	36289633
1787644552.974545392	s2-eth21	13975	36530448
1787644552.974545392	s2-eth22	13343	35509688
1787644552.974545392	s2-eth23	16824	124846985
1787644552.974545392	s2-eth24	12555	33373296
1787644552.974545392	s2-eth25	12949	30922764
1787644552.974545392	s2-eth26	12582	28168523
1787644552.974545392	s2-eth27	15314	208574765
1787644552.974545392	s2-eth28	12824	27745086
1787644552.974545392	s2-eth29	14491	38154668
1787644552.974545392	s2-eth3	329446838	20186
1787644552.974545392	s2-eth30	12778	30347750
1787644552.974545392	s2-eth31	15228	124064132
1787644552.974545392	s2-eth32	13868	34355592
1787644552.974545392	s2-eth33	14372	37209655
1787644552.974545392	s2-eth34	12313	27739896
1787644552.974545392	s2-eth4	66938902	16455
1787644552.974545392	s2-eth5	76608233	18835
1787644552.974545392	s2-eth6	70180983	16892
1787644552.974545392	s2-eth7	131216048	19287
1787644552.974545392	s2-eth8	70171821	17196
1787644552.974545392	s2-eth9	76612496	18770
1787644552.974545392	s3-eth1	1486568356	1434420306
1787644552.974545392	s3-eth10	15247	30882005
1787644552.974545392	s3-eth11	16912	206614736
1787644552.974545392	s3-eth12	15615	30740508
1787644552.974545392	s3-eth13	16493	34952831
1787644552.974545392	s3-eth14	14979	30455218
1787644552.974545392	s3-eth15	18450	122599585
1787644552.974545392	s3-eth16	13506	28745474
1787644552.974545392	s3-eth17	15664	44718400
1787644552.974545392	s3-eth18	14302	30197367
1787644552.974545392	s3-eth19	316642950	18841
1787644552.974545392	s3-eth2	8313806	12905
1787644552.974545392	s3-eth20	63743432	16089
1787644552.974545392	s3-eth21	76626321	18261
1787644552.974545392	s3-eth22	66957942	16125
1787644552.974545392	s3-eth23	132808667	18496
1787644552.974545392	s3-eth24	44437054	14887
1787644552.974545392	s3-eth25	76630483	18118
1787644552.974545392	s3-eth26	70188391	16792
1787644552.974545392	s3-eth27	281707945	17068
1787644552.974545392	s3-eth28	70191163	16636
1787644552.974545392	s3-eth29	76611023	17892
1787644552.974545392	s3-eth3	16928	554845021
1787644552.974545392	s3-eth30	54090982	14894
1787644552.974545392	s3-eth31	127943381	18073
1787644552.974545392	s3-eth32	48297169	15932
1787644552.974545392	s3-eth33	76619582	17829
1787644552.974545392	s3-eth34	38000129	14977
1787644552.974545392	s3-eth4	15196	31930291
1787644552.974545392	s3-eth5	17092	36251112
1787644552.974545392	s3-eth6	15492	31489635
1787644552.974545392	s3-eth7	18256	123739957
1787644552.974545392	s3-eth8	16155	31277354
1787644552.974545392	s3-eth9	16542	35577110
1787644552.974545392	s4-eth1	2545136508	419543
1787644552.974545392	s4-eth10	14529	38988639
1787644552.974545392	s4-eth11	17651	247013882
1787644552.974545392	s4-eth12	14850	38838299
1787644552.974545392	s4-eth13	16419	44086856
1787644552.974545392	s4-eth14	14629	39425447
1787644552.974545392	s4-eth15	18426	127663466
1787644552.974545392	s4-eth16	13766	45557601
1787644552.974545392	s4-eth17	15486	44003025
1787644552.974545392	s4-eth18	13486	34987218
1787644552.974545392	s4-eth19	15374	196475669
1787644552.974545392	s4-eth2	12905	22721
1787644552.974545392	s4-eth20	12552	44811515
1787644552.974545392	s4-eth21	14814	55287800
1787644552.974545392	s4-eth22	12585	46378658
1787644552.974545392	s4-eth23	15089	130645956
1787644552.974545392	s4-eth24	11483	36426299
1787644552.974545392	s4-eth25	14671	55370795
1787644552.974545392	s4-eth26	13435	49376203
1787644552.974545392	s4-eth27	13824	235669200
1787644552.974545392	s4-eth28	13189	49709030
1787644552.974545392	s4-eth29	14579	54477762
1787644552.974545392	s4-eth3	17377	175203721
1787644552.974545392	s4-eth30	11607	39975465
1787644552.974545392	s4-eth31	15407	126216972
1787644552.974545392	s4-eth32	12773	29010112
1787644552.974545392	s4-eth33	14358	54828202
1787644552.974545392	s4-eth34	11526	34810298
1787644552.974545392	s4-eth4	14188	37151534
1787644552.974545392	s4-eth5	15733	44820189
1787644552.974545392	s4-eth6	14384	39492423
1787644552.974545392	s4-eth7	16713	126587236
1787644552.974545392	s4-eth8	14666	39296886
1787644552.974545392	s4-eth9	16106	44553746
1787644552.974545392	s5-eth1	3454911332	419991
1787644552.974545392	s5-eth2	1560539664	1525591590
1787644552.974545392	s5-eth3	12905	2991863717
1787644552.974545392	s5-eth4	460594	12905
1787644552.974545392	s6-eth1	12905	22070
1787644552.974545392	s6-eth2	1383714	10672
1787644552.974545392	s6-eth3	12905	1277935
1787644552.974545392	s6-eth4	11173	12905
1787644552.974545392	s7-eth1	1438974142	1496280226
1787644552.974545392	s7-eth2	419543	2550781938
1787644552.974545392	s7-eth3	2842976153	10875
1787644552.974545392	s7-eth4	196143	679661
1787644552.974545392	s8-eth1	12905	8313806
1787644552.974545392	s8-eth2	22721	12905
1787644552.974545392	s8-eth3	8402619	12905
1787644552.974545392	s8-eth4	46580	12905
1787644552.974545392	s9-eth1	2994016623	12905
1787644552.974545392	s9-eth2	1277935	12905
1787644552.974545392	s9-eth3	10875	2844093703
1787644552.974545392	s9-eth4	12905	8402619
1787644559.459462014	s10-eth1	12905	460594
1787644559.459462014	s10-eth2	12905	11173
1787644559.459462014	s10-eth3	679661	196143
1787644559.459462014	s10-eth4	12932	46608
1787644559.459462014	s1-eth1	420018	3479837771
1787644559.459462014	s1-eth10	70184041	17726
1787644559.459462014	s1-eth11	323068261	20312
1787644559.459462014	s1-eth12	70182388	17893
1787644559.459462014	s1-eth13	76611484	19076
1787644559.459462014	s1-eth14	70181863	17894
1787644559.459462014	s1-eth15	138930241	21168
1787644559.459462014	s1-eth16	50876752	16898
1787644559.459462014	s1-eth17	76628004	18292
1787644559.459462014	s1-eth18	70186718	17549
1787644559.459462014	s1-eth19	651792820	18304
1787644559.459462014	s1-eth2	22097	12932
1787644559.459462014	s1-eth20	70190152	16746
1787644559.459462014	s1-eth21	63754867	17355
1787644559.459462014	s1-eth22	70176529	16880
1787644559.459462014	s1-eth23	139178176	19892
1787644559.459462014	s1-eth24	66965690	15928
1787644559.459462014	s1-eth25	38000545	15875
1787644559.459462014	s1-eth26	50873838	15379
1787644559.459462014	s1-eth27	323505307	18287
1787644559.459462014	s1-eth28	50870455	15464
1787644559.459462014	s1-eth29	57315517	17534
1787644559.459462014	s1-eth3	768910113	20301
1787644559.459462014	s1-eth30	57314683	15556
1787644559.459462014	s1-eth31	136803300	18601
1787644559.459462014	s1-eth32	70187909	16731
1787644559.459462014	s1-eth33	57318346	17482
1787644559.459462014	s1-eth34	50875308	15353
1787644559.459462014	s1-eth4	70184840	18629
1787644559.459462014	s1-eth5	76617581	19771
1787644559.459462014	s1-eth6	70177558	18608
1787644559.459462014	s1-eth7	139570385	21032
1787644559.459462014	s1-eth8	70186433	19076
1787644559.459462014	s1-eth9	76614389	19326
1787644559.459462014	s2-eth1	1543394549	1568826865
1787644559.459462014	s2-eth10	70185294	17764
1787644559.459462014	s2-eth11	401125515	20238
1787644559.459462014	s2-eth12	70186569	17856
1787644559.459462014	s2-eth13	76627604	18500
1787644559.459462014	s2-eth14	70187528	17298
1787644559.459462014	s2-eth15	139787062	20444
1787644559.459462014	s2-eth16	63754726	16361
1787644559.459462014	s2-eth17	76626331	18564
1787644559.459462014	s2-eth18	57313731	16204
1787644559.459462014	s2-eth19	15413	578989436
1787644559.459462014	s2-eth2	10699	1383741
1787644559.459462014	s2-eth20	13479	36289633
1787644559.459462014	s2-eth21	13975	36530448
1787644559.459462014	s2-eth22	13343	35509688
1787644559.459462014	s2-eth23	16824	129141261
1787644559.459462014	s2-eth24	12555	33373296
1787644559.459462014	s2-eth25	12949	30922764
1787644559.459462014	s2-eth26	12582	28168523
1787644559.459462014	s2-eth27	15314	212834433
1787644559.459462014	s2-eth28	12824	27745086
1787644559.459462014	s2-eth29	14491	38154668
1787644559.459462014	s2-eth3	330306270	20186
1787644559.459462014	s2-eth30	12778	30347750
1787644559.459462014	s2-eth31	15228	128260352
1787644559.459462014	s2-eth32	13868	34355592
1787644559.459462014	s2-eth33	14372	37209655
1787644559.459462014	s2-eth34	12313	27739896
1787644559.459462014	s2-eth4	66938902	16455
1787644559.459462014	s2-eth5	76608233	18835
1787644559.459462014	s2-eth6	70180983	16892
1787644559.459462014	s2-eth7	135390638	19287
1787644559.459462014	s2-eth8	70171821	17196
1787644559.459462014	s2-eth9	76612496	18770
1787644559.459462014	s3-eth1	1514680173	1447773253
1787644559.459462014	s3-eth10	15247	30882005
1787644559.459462014	s3-eth11	16912	210659546
1787644559.459462014	s3-eth12	15615	30740508
1787644559.459462014	s3-eth13	16493	34952831
1787644559.459462014	s3-eth14	14979	30455218
1787644559.459462014	s3-eth15	18450	126647279
1787644559.459462014	s3-eth16	13506	28745474
1787644559.459462014	s3-eth17	15664	44718400
1787644559.459462014	s3-eth18	14302	30197367
1787644559.459462014	s3-eth19	317506708	18841
1787644559.459462014	s3-eth2	8313833	12932
1787644559.459462014	s3-eth20	63743432	16089
1787644559.459462014	s3-eth21	76626321	18261
1787644559.459462014	s3-eth22	66957942	16125
1787644559.459462014	s3-eth23	137074103	18496
1787644559.459462014	s3-eth24	44437054	14887
1787644559.459462014	s3-eth25	76630483	18118
1787644559.459462014	s3-eth26	70188391	16792
1787644559.459462014	s3-eth27	285980591	17068
1787644559.459462014	s3-eth28	70191163	16636
1787644559.459462014	s3-eth29	76611023	17892
1787644559.459462014	s3-eth3	16928	570813729
1787644559.459462014	s3-eth30	54090982	14894
1787644559.459462014	s3-eth31	132249193	18073
1787644559.459462014	s3-eth32	48297169	15932
1787644559.459462014	s3-eth33	76619582	17829
1787644559.459462014	s3-eth34	38000129	14977
1787644559.459462014	s3-eth4	15196	31930291
1787644559.459462014	s3-eth5	17092	36251112
1787644559.459462014	s3-eth6	15492	31489635
1787644559.459462014	s3-eth7	18256	127802071
1787644559.459462014	s3-eth8	16155	31277354
1787644559.459462014	s3-eth9	16542	35577110
1787644559.459462014	s4-eth1	2572411965	419570
1787644559.459462014	s4-eth10	14529	38988639
1787644559.459462014	s4-eth11	17651	251212986
1787644559.459462014	s4-eth12	14850	38838299
1787644559.459462014	s4-eth13	16419	44086856
1787644559.459462014	s4-eth14	14629	39425447
1787644559.459462014	s4-eth15	18426	131848150
1787644559.459462014	s4-eth16	13766	45557601
1787644559.459462014	s4-eth17	15486	44003025
1787644559.459462014	s4-eth18	13486	34987218
1787644559.459462014	s4-eth19	15374	197345195
1787644559.459462014	s4-eth2	12932	22748
1787644559.459462014	s4-eth20	12552	44811515
1787644559.459462014	s4-eth21	14814	55287800
1787644559.459462014	s4-eth22	12585	46378658
1787644559.459462014	s4-eth23	15089	134986376
1787644559.459462014	s4-eth24	11483	36426299
1787644559.459462014	s4-eth25	14671	55370795
1787644559.459462014	s4-eth26	13435	49376203
1787644559.459462014	s4-eth27	13824	239996642
1787644559.459462014	s4-eth28	13189	49709030
1787644559.459462014	s4-eth29	14579	54477762
1787644559.459462014	s4-eth3	17377	176047291
1787644559.459462014	s4-eth30	11607	39975465
1787644559.459462014	s4-eth31	15407	130509806
1787644559.459462014	s4-eth32	12773	29010112
1787644559.459462014	s4-eth33	14358	54828202
1787644559.459462014	s4-eth34	11526	34810298
1787644559.459462014	s4-eth4	14188	37151534
1787644559.459462014	s4-eth5	15733	44820189
1787644559.459462014	s4-eth6	14384	39492423
1787644559.459462014	s4-eth7	16713	130688284
1787644559.459462014	s4-eth8	14666	39296886
1787644559.459462014	s4-eth9	16106	44553746
1787644559.459462014	s5-eth1	3513403205	420018
1787644559.459462014	s5-eth2	1573974805	1554179267
1787644559.459462014	s5-eth3	12932	3033794220
1787644559.459462014	s5-eth4	460622	12932
1787644559.459462014	s6-eth1	12932	22097
1787644559.459462014	s6-eth2	1383741	10699
1787644559.459462014	s6-eth3	12932	1277962
1787644559.459462014	s6-eth4	11201	12932
1787644559.459462014	s7-eth1	1452019943	1523304775
1787644559.459462014	s7-eth2	419570	2576572135
1787644559.459462014	s7-eth3	2883621834	10902
1787644559.459462014	s7-eth4	196171	679688
1787644559.459462014	s8-eth1	12932	8313833
1787644559.459462014	s8-eth2	22748	12932
1787644559.459462014	s8-eth3	8402646	12932
1787644559.459462014	s8-eth4	46608	12932
1787644559.459462014	s9-eth1	3035556344	12932
1787644559.459462014	s9-eth2	1277962	12932
1787644559.459462014	s9-eth3	10902	2885209476
1787644559.459462014	s9-eth4	12932	8402646
1787644565.911004785	s10-eth1	12959	460650
1787644565.911004785	s10-eth2	12959	11229
1787644565.911004785	s10-eth3	679715	196199
1787644565.911004785	s10-eth4	12959	46636
1787644565.911004785	s1-eth1	420045	3536256048
1787644565.911004785	s1-eth10	70184041	17726
1787644565.911004785	s1-eth11	327126049	20312
1787644565.911004785	s1-eth12	70182388	17893
1787644565.911004785	s1-eth13	76611484	19076
1787644565.911004785	s1-eth14	70181863	17894
1787644565.911004785	s1-eth15	142966399	21168
1787644565.911004785	s1-eth16	50876752	16898
1787644565.911004785	s1-eth17	76628004	18292
1787644565.911004785	s1-eth18	70186718	17549
1787644565.911004785	s1-eth19	667823534	18304
1787644565.911004785	s1-eth2	22124	12959
1787644565.911004785	s1-eth20	70190152	16746
1787644565.911004785	s1-eth21	63754867	17355
1787644565.911004785	s1-eth22	70176529	16880
1787644565.911004785	s1-eth23	143111952	19892
1787644565.911004785	s1-eth24	66965690	15928
1787644565.911004785	s1-eth25	38000545	15875
1787644565.911004785	s1-eth26	50873838	15379
1787644565.911004785	s1-eth27	327428989	18287
1787644565.911004785	s1-eth28	50870455	15464
1787644565.911004785	s1-eth29	57315517	17534
1787644565.911004785	s1-eth3	784691361	20301
1787644565.911004785	s1-eth30	57314683	15556
1787644565.911004785	s1-eth31	140757264	18601
1787644565.911004785	s1-eth32	70187909	16731
1787644565.911004785	s1-eth33	57318346	17482
1787644565.911004785	s1-eth34	50875308	15353
1787644565.911004785	s1-eth4	70184840	18629
1787644565.911004785	s1-eth5	76617581	19771
1787644565.911004785	s1-eth6	70177558	18608
1787644565.911004785	s1-eth7	143505603	21032
1787644565.911004785	s1-eth8	70186433	19076
1787644565.911004785	s1-eth9	76614389	19326
1787644565.911004785	s2-eth1	1569393836	1581294424
1787644565.911004785	s2-eth10	70185294	17764
1787644565.911004785	s2-eth11	404987191	20238
1787644565.911004785	s2-eth12	70186569	17856
1787644565.911004785	s2-eth13	76627604	18500
1787644565.911004785	s2-eth14	70187528	17298
1787644565.911004785	s2-eth15	143562218	20444
1787644565.911004785	s2-eth16	63754726	16361
1787644565.911004785	s2-eth17	76626331	18564
1787644565.911004785	s2-eth18	57313731	16204
1787644565.911004785	s2-eth19	15413	593356082
1787644565.911004785	s2-eth2	10726	1383768
1787644565.911004785	s2-eth20	13479	36289633
1787644565.911004785	s2-eth21	13975	36530448
1787644565.911004785	s2-eth22	13343	35509688
1787644565.911004785	s2-eth23	16824	132893345
1787644565.911004785	s2-eth24	12555	33373296
1787644565.911004785	s2-eth25	12949	30922764
1787644565.911004785	s2-eth26	12582	28168523
1787644565.911004785	s2-eth27	15314	216605263
1787644565.911004785	s2-eth28	12824	27745086
1787644565.911004785	s2-eth29	14491	38154668
1787644565.911004785	s2-eth3	331099370	20186
1787644565.911004785	s2-eth30	12778	30347750
1787644565.911004785	s2-eth31	15228	132104724
1787644565.911004785	s2-eth32	13868	34355592
1787644565.911004785	s2-eth33	14372	37209655
1787644565.911004785	s2-eth34	12313	27739896
1787644565.911004785	s2-eth4	66938902	16455
1787644565.911004785	s2-eth5	76608233	18835
1787644565.911004785	s2-eth6	70180983	16892
1787644565.911004785	s2-eth7	139497454	19287
1787644565.911004785	s2-eth8	70171821	17196
1787644565.911004785	s2-eth9	76612496	18770
1787644565.911004785	s3-eth1	1541531682	1461019492
1787644565.911004785	s3-eth10	15247	30882005
1787644565.911004785	s3-eth11	16912	214459216
1787644565.911004785	s3-eth12	15615	30740508
1787644565.911004785	s3-eth13	16493	34952831
1787644565.911004785	s3-eth14	14979	30455218
1787644565.911004785	s3-eth15	18450	130435413
1787644565.911004785	s3-eth16	13506	28745474
1787644565.911004785	s3-eth17	15664	44718400
1787644565.911004785	s3-eth18	14302	30197367
1787644565.911004785	s3-eth19	318312786	18841
1787644565.911004785	s3-eth2	8313860	12959
1787644565.911004785	s3-eth20	63743432	16089
1787644565.911004785	s3-eth21	76626321	18261
1787644565.911004785	s3-eth22	66957942	16125
1787644565.911004785	s3-eth23	141182361	18496
1787644565.911004785	s3-eth24	44437054	14887
1787644565.911004785	s3-eth25	76630483	18118
1787644565.911004785	s3-eth26	70188391	16792
1787644565.911004785	s3-eth27	290091733	17068
1787644565.911004785	s3-eth28	70191163	16636
1787644565.911004785	s3-eth29	76611023	17892
1787644565.911004785	s3-eth3	16928	585985011
1787644565.911004785	s3-eth30	54090982	14894
1787644565.911004785	s3-eth31	136282467	18073
1787644565.911004785	s3-eth32	48297169	15932
1787644565.911004785	s3-eth33	76619582	17829
1787644565.911004785	s3-eth34	38000129	14977
1787644565.911004785	s3-eth4	15196	31930291
1787644565.911004785	s3-eth5	17092	36251112
1787644565.911004785	s3-eth6	15492	31489635
1787644565.911004785	s3-eth7	18256	131542619
1787644565.911004785	s3-eth8	16155	31277354
1787644565.911004785	s3-eth9	16542	35577110
1787644565.911004785	s4-eth1	2597512886	419597
1787644565.911004785	s4-eth10	14529	38988639
1787644565.911004785	s4-eth11	17651	255047264
1787644565.911004785	s4-eth12	14850	38838299
1787644565.911004785	s4-eth13	16419	44086856
1787644565.911004785	s4-eth14	14629	39425447
1787644565.911004785	s4-eth15	18426	135668008
1787644565.911004785	s4-eth16	13766	45557601
1787644565.911004785	s4-eth17	15486	44003025
1787644565.911004785	s4-eth18	13486	34987218
1787644565.911004785	s4-eth19	15374	198112339
1787644565.911004785	s4-eth2	12959	22775
1787644565.911004785	s4-eth20	12552	44811515
1787644565.911004785	s4-eth21	14814	55287800
1787644565.911004785	s4-eth22	12585	46378658
1787644565.911004785	s4-eth23	15089	138771626
1787644565.911004785	s4-eth24	11483	36426299
1787644565.911004785	s4-eth25	14671	55370795
1787644565.911004785	s4-eth26	13435	49376203
1787644565.911004785	s4-eth27	13824	243781892
1787644565.911004785	s4-eth28	13189	49709030
1787644565.911004785	s4-eth29	14579	54477762
1787644565.911004785	s4-eth3	17377	176785595
1787644565.911004785	s4-eth30	11607	39975465
1787644565.911004785	s4-eth31	15407	134297940
1787644565.911004785	s4-eth32	12773	29010112
1787644565.911004785	s4-eth33	14358	54828202
1787644565.911004785	s4-eth34	11526	34810298
1787644565.911004785	s4-eth4	14188	37151534
1787644565.911004785	s4-eth5	15733	44820189
1787644565.911004785	s4-eth6	14384	39492423
1787644565.911004785	s4-eth7	16713	134411528
1787644565.911004785	s4-eth8	14666	39296886
1787644565.911004785	s4-eth9	16106	44553746
1787644565.911004785	s5-eth1	3566513534	420045
1787644565.911004785	s5-eth2	1586126566	1579777678
1787644565.911004785	s5-eth3	12959	3071553017
1787644565.911004785	s5-eth4	460650	12959
1787644565.911004785	s6-eth1	12959	22124
1787644565.911004785	s6-eth2	1383768	10726
1787644565.911004785	s6-eth3	12959	1277989
1787644565.911004785	s6-eth4	11229	12959
1787644565.911004785	s7-eth1	1464173146	1548425884
1787644565.911004785	s7-eth2	419597	2600582904
1787644565.911004785	s7-eth3	2920910539	10929
1787644565.911004785	s7-eth4	196199	679715
1787644565.911004785	s8-eth1	12959	8313860
1787644565.911004785	s8-eth2	22775	12959
1787644565.911004785	s8-eth3	8402673	12959
1787644565.911004785	s8-eth4	46636	12959
1787644565.911004785	s9-eth1	3072336023	12959
1787644565.911004785	s9-eth2	1277989	12959
1787644565.911004785	s9-eth3	10929	2921448405
1787644565.911004785	s9-eth4	12959	8402673
1787644571.541143384	s10-eth1	12986	460678
1787644571.541143384	s10-eth2	12986	11257
1787644571.541143384	s10-eth3	679742	196227
1787644571.541143384	s10-eth4	12986	46664
1787644571.541143384	s1-eth1	420072	3586770777
1787644571.541143384	s1-eth10	70184041	17726
1787644571.541143384	s1-eth11	330745469	20312
1787644571.541143384	s1-eth12	70182388	17893
1787644571.541143384	s1-eth13	76611484	19076
1787644571.541143384	s1-eth14	70181863	17894
1787644571.541143384	s1-eth15	146580051	21168
1787644571.541143384	s1-eth16	50876752	16898
1787644571.541143384	s1-eth17	76628004	18292
1787644571.541143384	s1-eth18	70186718	17549
1787644571.541143384	s1-eth19	682273816	18304
1787644571.541143384	s1-eth2	22151	12986
1787644571.541143384	s1-eth20	70190152	16746
1787644571.541143384	s1-eth21	63754867	17355
1787644571.541143384	s1-eth22	70176529	16880
1787644571.541143384	s1-eth23	146728488	19892
1787644571.541143384	s1-eth24	66965690	15928
1787644571.541143384	s1-eth25	38000545	15875
1787644571.541143384	s1-eth26	50873838	15379
1787644571.541143384	s1-eth27	331003707	18287
1787644571.541143384	s1-eth28	50870455	15464
1787644571.541143384	s1-eth29	57315517	17534
1787644571.541143384	s1-eth3	798848917	20301
1787644571.541143384	s1-eth30	57314683	15556
1787644571.541143384	s1-eth31	144271418	18601
1787644571.541143384	s1-eth32	70187909	16731
1787644571.541143384	s1-eth33	57318346	17482
1787644571.541143384	s1-eth34	50875308	15353
1787644571.541143384	s1-eth4	70184840	18629
1787644571.541143384	s1-eth5	76617581	19771
1787644571.541143384	s1-eth6	70177558	18608
1787644571.541143384	s1-eth7	146951983	21032
1787644571.541143384	s1-eth8	70186433	19076
1787644571.541143384	s1-eth9	76614389	19326
1787644571.541143384	s2-eth1	1593318085	1592403619
1787644571.541143384	s2-eth10	70185294	17764
1787644571.541143384	s2-eth11	408481157	20238
1787644571.541143384	s2-eth12	70186569	17856
1787644571.541143384	s2-eth13	76627604	18500
1787644571.541143384	s2-eth14	70187528	17298
1787644571.541143384	s2-eth15	147103770	20444
1787644571.541143384	s2-eth16	63754726	16361
1787644571.541143384	s2-eth17	76626331	18564
1787644571.541143384	s2-eth18	57313731	16204
1787644571.541143384	s2-eth19	15413	607389626
1787644571.541143384	s2-eth2	10753	1383795
1787644571.541143384	s2-eth20	13479	36289633
1787644571.541143384	s2-eth21	13975	36530448
1787644571.541143384	s2-eth22	13343	35509688
1787644571.541143384	s2-eth23	16824	136416151
1787644571.541143384	s2-eth24	12555	33373296
1787644571.541143384	s2-eth25	12949	30922764
1787644571.541143384	s2-eth26	12582	28168523
1787644571.541143384	s2-eth27	15314	220142489
1787644571.541143384	s2-eth28	12824	27745086
1787644571.541143384	s2-eth29	14491	38154668
1787644571.541143384	s2-eth3	331811718	20186
1787644571.541143384	s2-eth30	12778	30347750
1787644571.541143384	s2-eth31	15228	135615994
1787644571.541143384	s2-eth32	13868	34355592
1787644571.541143384	s2-eth33	14372	37209655
1787644571.541143384	s2-eth34	12313	27739896
1787644571.541143384	s2-eth4	66938902	16455
1787644571.541143384	s2-eth5	76608233	18835
1787644571.541143384	s2-eth6	70180983	16892
1787644571.541143384	s2-eth7	142940950	19287
1787644571.541143384	s2-eth8	70171821	17196
1787644571.541143384	s2-eth9	76612496	18770
1787644571.541143384	s3-eth1	1564743583	1471799911
1787644571.541143384	s3-eth10	15247	30882005
1787644571.541143384	s3-eth11	16912	217741208
1787644571.541143384	s3-eth12	15615	30740508
1787644571.541143384	s3-eth13	16493	34952831
1787644571.541143384	s3-eth14	14979	30455218
1787644571.541143384	s3-eth15	18450	133726057
1787644571.541143384	s3-eth16	13506	28745474
1787644571.541143384	s3-eth17	15664	44718400
1787644571.541143384	s3-eth18	14302	30197367
1787644571.541143384	s3-eth19	318978990	18841
1787644571.541143384	s3-eth2	8313887	12986
1787644571.541143384	s3-eth20	63743432	16089
1787644571.541143384	s3-eth21	76626321	18261
1787644571.541143384	s3-eth22	66957942	16125
1787644571.541143384	s3-eth23	144478773	18496
1787644571.541143384	s3-eth24	44437054	14887
1787644571.541143384	s3-eth25	76630483	18118
1787644571.541143384	s3-eth26	70188391	16792
1787644571.541143384	s3-eth27	293385261	17068
1787644571.541143384	s3-eth28	70191163	16636
1787644571.541143384	s3-eth29	76611023	17892
1787644571.541143384	s3-eth3	16928	599003387
1787644571.541143384	s3-eth30	54090982	14894
1787644571.541143384	s3-eth31	139587531	18073
1787644571.541143384	s3-eth32	48297169	15932
1787644571.541143384	s3-eth33	76619582	17829
1787644571.541143384	s3-eth34	38000129	14977
1787644571.541143384	s3-eth4	15196	31930291
1787644571.541143384	s3-eth5	17092	36251112
1787644571.541143384	s3-eth6	15492	31489635
1787644571.541143384	s3-eth7	18256	134794329
1787644571.541143384	s3-eth8	16155	31277354
1787644571.541143384	s3-eth9	16542	35577110
1787644571.541143384	s4-eth1	2618615141	419624
1787644571.541143384	s4-eth10	14529	38988639
1787644571.541143384	s4-eth11	17651	258336466
1787644571.541143384	s4-eth12	14850	38838299
1787644571.541143384	s4-eth13	16419	44086856
1787644571.541143384	s4-eth14	14629	39425447
1787644571.541143384	s4-eth15	18426	138973072
1787644571.541143384	s4-eth16	13766	45557601
1787644571.541143384	s4-eth17	15486	44003025
1787644571.541143384	s4-eth18	13486	34987218
1787644571.541143384	s4-eth19	15374	198781427
1787644571.541143384	s4-eth2	12986	22802
1787644571.541143384	s4-eth20	12552	44811515
1787644571.541143384	s4-eth21	14814	55287800
1787644571.541143384	s4-eth22	12585	46378658
1787644571.541143384	s4-eth23	15089	142108414
1787644571.541143384	s4-eth24	11483	36426299
1787644571.541143384	s4-eth25	14671	55370795
1787644571.541143384	s4-eth26	13435	49376203
1787644571.541143384	s4-eth27	13824	247073978
1787644571.541143384	s4-eth28	13189	49709030
1787644571.541143384	s4-eth29	14579	54477762
1787644571.541143384	s4-eth3	17377	177435937
1787644571.541143384	s4-eth30	11607	39975465
1787644571.541143384	s4-eth31	15407	137587142
1787644571.541143384	s4-eth32	12773	29010112
1787644571.541143384	s4-eth33	14358	54828202
1787644571.541143384	s4-eth34	11526	34810298
1787644571.541143384	s4-eth4	14188	37151534
1787644571.541143384	s4-eth5	15733	44820189
1787644571.541143384	s4-eth6	14384	39492423
1787644571.541143384	s4-eth7	16713	137689194
1787644571.541143384	s4-eth8	14666	39296886
1787644571.541143384	s4-eth9	16106	44553746
1787644571.541143384	s5-eth1	3612775805	420072
1787644571.541143384	s5-eth2	1596745481	1602745881
1787644571.541143384	s5-eth3	12986	3105190578
1787644571.541143384	s5-eth4	460678	12986
1787644571.541143384	s6-eth1	13013	22178
1787644571.541143384	s6-eth2	1383822	10780
1787644571.541143384	s6-eth3	13013	1278043
1787644571.541143384	s6-eth4	11285	13013
1787644571.541143384	s7-eth1	1475071836	1571732984
1787644571.541143384	s7-eth2	419651	2622349948
1787644571.541143384	s7-eth3	2955496963	10983
1787644571.541143384	s7-eth4	196255	679769
1787644571.541143384	s8-eth1	13013	8313914
1787644571.541143384	s8-eth2	22829	13013
1787644571.541143384	s8-eth3	8402727	13013
1787644571.541143384	s8-eth4	46692	13013
1787644571.541143384	s9-eth1	3107294483	13013
1787644571.541143384	s9-eth2	1278043	13013
1787644571.541143384	s9-eth3	10983	2956578463
1787644571.541143384	s9-eth4	13013	8402727
1787644576.971080987	s10-eth1	13013	460706
1787644576.971080987	s10-eth2	13013	11285
1787644576.971080987	s10-eth3	679769	196255
1787644576.971080987	s10-eth4	13013	46692
1787644576.971080987	s1-eth1	420099	3635500310
1787644576.971080987	s1-eth10	70184041	17726
1787644576.971080987	s1-eth11	334259623	20312
1787644576.971080987	s1-eth12	70182388	17893
1787644576.971080987	s1-eth13	76611484	19076
1787644576.971080987	s1-eth14	70181863	17894
1787644576.971080987	s1-eth15	150085553	21168
1787644576.971080987	s1-eth16	50876752	16898
1787644576.971080987	s1-eth17	76628004	18292
1787644576.971080987	s1-eth18	70186718	17549
1787644576.971080987	s1-eth19	696262658	18304
1787644576.971080987	s1-eth2	22178	13013
1787644576.971080987	s1-eth20	70190152	16746
1787644576.971080987	s1-eth21	63754867	17355
1787644576.971080987	s1-eth22	70176529	16880
1787644576.971080987	s1-eth23	150212360	19892
1787644576.971080987	s1-eth24	66965690	15928
1787644576.971080987	s1-eth25	38000545	15875
1787644576.971080987	s1-eth26	50873838	15379
1787644576.971080987	s1-eth27	334480369	18287
1787644576.971080987	s1-eth28	50870455	15464
1787644576.971080987	s1-eth29	57315517	17534
1787644576.971080987	s1-eth3	812705095	20301
1787644576.971080987	s1-eth30	57314683	15556
1787644576.971080987	s1-eth31	147722124	18601
1787644576.971080987	s1-eth32	70187909	16731
1787644576.971080987	s1-eth33	57318346	17482
1787644576.971080987	s1-eth34	50875308	15353
1787644576.971080987	s1-eth4	70184840	18629
1787644576.971080987	s1-eth5	76617581	19771
1787644576.971080987	s1-eth6	70177558	18608
1787644576.971080987	s1-eth7	150359429	21032
1787644576.971080987	s1-eth8	70186433	19076
1787644576.971080987	s1-eth9	76614389	19326
1787644576.971080987	s2-eth1	1616322338	1603165292
1787644576.971080987	s2-eth10	70185294	17764
1787644576.971080987	s2-eth11	411830923	20238
1787644576.971080987	s2-eth12	70186569	17856
1787644576.971080987	s2-eth13	76627604	18500
1787644576.971080987	s2-eth14	70187528	17298
1787644576.971080987	s2-eth15	150462188	20444
1787644576.971080987	s2-eth16	63754726	16361
1787644576.971080987	s2-eth17	76626331	18564
1787644576.971080987	s2-eth18	57313731	16204
1787644576.971080987	s2-eth19	15413	620415212
1787644576.971080987	s2-eth2	10780	1383822
1787644576.971080987	s2-eth20	13479	36289633
1787644576.971080987	s2-eth21	13975	36530448
1787644576.971080987	s2-eth22	13343	35509688
1787644576.971080987	s2-eth23	16824	139663535
1787644576.971080987	s2-eth24	12555	33373296
1787644576.971080987	s2-eth25	12949	30922764
1787644576.971080987	s2-eth26	12582	28168523
1787644576.971080987	s2-eth27	15314	223395641
1787644576.971080987	s2-eth28	12824	27745086
1787644576.971080987	s2-eth29	14491	38154668
1787644576.971080987	s2-eth3	332482248	20186
1787644576.971080987	s2-eth30	12778	30347750
1787644576.971080987	s2-eth31	15228	138908080
1787644576.971080987	s2-eth32	13868	34355592
1787644576.971080987	s2-eth33	14372	37209655
1787644576.971080987	s2-eth34	12313	27739896
1787644576.971080987	s2-eth4	66938902	16455
1787644576.971080987	s2-eth5	76608233	18835
1787644576.971080987	s2-eth6	70180983	16892
1787644576.971080987	s2-eth7	146408960	19287
1787644576.971080987	s2-eth8	70171821	17196
1787644576.971080987	s2-eth9	76612496	18770
1787644576.971080987	s3-eth1	1588042004	1483037444
1787644576.971080987	s3-eth10	15247	30882005
1787644576.971080987	s3-eth11	16912	221114046
1787644576.971080987	s3-eth12	15615	30740508
1787644576.971080987	s3-eth13	16493	34952831
1787644576.971080987	s3-eth14	14979	30455218
1787644576.971080987	s3-eth15	18450	137087359
1787644576.971080987	s3-eth16	13506	28745474
1787644576.971080987	s3-eth17	15664	44718400
1787644576.971080987	s3-eth18	14302	30197367
1787644576.971080987	s3-eth19	319687012	18841
1787644576.971080987	s3-eth2	8313914	13013
1787644576.971080987	s3-eth20	63743432	16089
1787644576.971080987	s3-eth21	76626321	18261
1787644576.971080987	s3-eth22	66957942	16125
1787644576.971080987	s3-eth23	148041955	18496
1787644576.971080987	s3-eth24	44437054	14887
1787644576.971080987	s3-eth25	76630483	18118
1787644576.971080987	s3-eth26	70188391	16792
1787644576.971080987	s3-eth27	296958537	17068
1787644576.971080987	s3-eth28	70191163	16636
1787644576.971080987	s3-eth29	76611023	17892
1787644576.971080987	s3-eth3	16928	612553861
1787644576.971080987	s3-eth30	54090982	14894
1787644576.971080987	s3-eth31	143191089	18073
1787644576.971080987	s3-eth32	48297169	15932
1787644576.971080987	s3-eth33	76619582	17829
1787644576.971080987	s3-eth34	38000129	14977
1787644576.971080987	s3-eth4	15196	31930291
1787644576.971080987	s3-eth5	17092	36251112
1787644576.971080987	s3-eth6	15492	31489635
1787644576.971080987	s3-eth7	18256	138253687
1787644576.971080987	s3-eth8	16155	31277354
1787644576.971080987	s3-eth9	16542	35577110
1787644576.971080987	s4-eth1	2641783782	419651
1787644576.971080987	s4-eth10	14529	38988639
1787644576.971080987	s4-eth11	17651	261938582
1787644576.971080987	s4-eth12	14850	38838299
1787644576.971080987	s4-eth13	16419	44086856
1787644576.971080987	s4-eth14	14629	39425447
1787644576.971080987	s4-eth15	18426	142593934
1787644576.971080987	s4-eth16	13766	45557601
1787644576.971080987	s4-eth17	15486	44003025
1787644576.971080987	s4-eth18	13486	34987218
1787644576.971080987	s4-eth19	15374	199515405
1787644576.971080987	s4-eth2	13040	22856
1787644576.971080987	s4-eth20	12552	44811515
1787644576.971080987	s4-eth21	14814	55287800
1787644576.971080987	s4-eth22	12585	46378658
1787644576.971080987	s4-eth23	15089	145810028
1787644576.971080987	s4-eth24	11483	36426299
1787644576.971080987	s4-eth25	14671	55370795
1787644576.971080987	s4-eth26	13435	49376203
1787644576.971080987	s4-eth27	13824	250827504
1787644576.971080987	s4-eth28	13189	49709030
1787644576.971080987	s4-eth29	14579	54477762
1787644576.971080987	s4-eth3	17377	178188661
1787644576.971080987	s4-eth30	11607	39975465
1787644576.971080987	s4-eth31	15407	141395464
1787644576.971080987	s4-eth32	12773	29010112
1787644576.971080987	s4-eth33	14358	54828202
1787644576.971080987	s4-eth34	11526	34810298
1787644576.971080987	s4-eth4	14188	37151534
1787644576.971080987	s4-eth5	15733	44820189
1787644576.971080987	s4-eth6	14384	39492423
1787644576.971080987	s4-eth7	16713	141563848
1787644576.971080987	s4-eth8	14666	39296886
1787644576.971080987	s4-eth9	16106	44553746
1787644576.971080987	s5-eth1	3666460077	420126
1787644576.971080987	s5-eth2	1609399085	1628621183
1787644576.971080987	s5-eth3	13040	3143801624
1787644576.971080987	s5-eth4	460734	13040
1787644576.971080987	s6-eth1	13040	22205
1787644576.971080987	s6-eth2	1383849	10807
1787644576.971080987	s6-eth3	13040	1278070
1787644576.971080987	s6-eth4	11313	13040
1787644576.971080987	s7-eth1	1487783093	1597093465
1787644576.971080987	s7-eth2	419678	2647595069
1787644576.971080987	s7-eth3	2993502342	11010
1787644576.971080987	s7-eth4	196283	679796
1787644576.971080987	s8-eth1	13040	8313941
1787644576.971080987	s8-eth2	22856	13040
1787644576.971080987	s8-eth3	8402754	13040
1787644576.971080987	s8-eth4	46720	13040
1787644576.971080987	s9-eth1	3145113844	13040
1787644576.971080987	s9-eth2	1278070	13040
1787644576.971080987	s9-eth3	11010	2993865726
1787644576.971080987	s9-eth4	13040	8402754
1787644582.997742289	s10-eth1	13040	460734
1787644582.997742289	s10-eth2	13040	11313
1787644582.997742289	s10-eth3	679796	196283
1787644582.997742289	s10-eth4	13040	46720
1787644582.997742289	s1-eth1	420126	3689211953
1787644582.997742289	s1-eth10	70184041	17726
1787644582.997742289	s1-eth11	338131393	20312
1787644582.997742289	s1-eth12	70182388	17893
1787644582.997742289	s1-eth13	76611484	19076
1787644582.997742289	s1-eth14	70181863	17894
1787644582.997742289	s1-eth15	153931367	21168
1787644582.997742289	s1-eth16	50876752	16898
1787644582.997742289	s1-eth17	76628004	18292
1787644582.997742289	s1-eth18	70186718	17549
1787644582.997742289	s1-eth19	711508924	18304
1787644582.997742289	s1-eth2	22205	13040
1787644582.997742289	s1-eth20	70190152	16746
1787644582.997742289	s1-eth21	63754867	17355
1787644582.997742289	s1-eth22	70176529	16880
1787644582.997742289	s1-eth23	153983190	19892
1787644582.997742289	s1-eth24	66965690	15928
1787644582.997742289	s1-eth25	38000545	15875
1787644582.997742289	s1-eth26	50873838	15379
1787644582.997742289	s1-eth27	338219475	18287
1787644582.997742289	s1-eth28	50870455	15464
1787644582.997742289	s1-eth29	57315517	17534
1787644582.997742289	s1-eth3	827626911	20301
1787644582.997742289	s1-eth30	57314683	15556
1787644582.997742289	s1-eth31	151445368	18601
1787644582.997742289	s1-eth32	70187909	16731
1787644582.997742289	s1-eth33	57318346	17482
1787644582.997742289	s1-eth34	50875308	15353
1787644582.997742289	s1-eth4	70184840	18629
1787644582.997742289	s1-eth5	76617581	19771
1787644582.997742289	s1-eth6	70177558	18608
1787644582.997742289	s1-eth7	154049507	21032
1787644582.997742289	s1-eth8	70186433	19076
1787644582.997742289	s1-eth9	76614389	19326
1787644582.997742289	s2-eth1	1640671977	1614955111
1787644582.997742289	s2-eth10	70185294	17764
1787644582.997742289	s2-eth11	415508023	20238
1787644582.997742289	s2-eth12	70186569	17856
1787644582.997742289	s2-eth13	76627604	18500
1787644582.997742289	s2-eth14	70187528	17298
1787644582.997742289	s2-eth15	154085934	20444
1787644582.997742289	s2-eth16	63754726	16361
1787644582.997742289	s2-eth17	76626331	18564
1787644582.997742289	s2-eth18	57313731	16204
1787644582.997742289	s2-eth19	15413	633693148
1787644582.997742289	s2-eth2	10807	1383849
1787644582.997742289	s2-eth20	13479	36289633
1787644582.997742289	s2-eth21	13975	36530448
1787644582.997742289	s2-eth22	13343	35509688
1787644582.997742289	s2-eth23	16824	142983019
1787644582.997742289	s2-eth24	12555	33373296
1787644582.997742289	s2-eth25	12949	30922764
1787644582.997742289	s2-eth26	12582	28168523
1787644582.997742289	s2-eth27	15314	226635815
1787644582.997742289	s2-eth28	12824	27745086
1787644582.997742289	s2-eth29	14491	38154668
1787644582.997742289	s2-eth3	333162872	20186
1787644582.997742289	s2-eth30	12778	30347750
1787644582.997742289	s2-eth31	15228	142123740
1787644582.997742289	s2-eth32	13868	34355592
1787644582.997742289	s2-eth33	14372	37209655
1787644582.997742289	s2-eth34	12313	27739896
1787644582.997742289	s2-eth4	66938902	16455
1787644582.997742289	s2-eth5	76608233	18835
1787644582.997742289	s2-eth6	70180983	16892
1787644582.997742289	s2-eth7	149734212	19287
1787644582.997742289	s2-eth8	70171821	17196
1787644582.997742289	s2-eth9	76612496	18770
1787644582.997742289	s3-eth1	1609879679	1493621751
1787644582.997742289	s3-eth10	15247	30882005
1787644582.997742289	s3-eth11	16912	224233092
1787644582.997742289	s3-eth12	15615	30740508
1787644582.997742289	s3-eth13	16493	34952831
1787644582.997742289	s3-eth14	14979	30455218
1787644582.997742289	s3-eth15	18450	140174681
1787644582.997742289	s3-eth16	13506	28745474
1787644582.997742289	s3-eth17	15664	44718400
1787644582.997742289	s3-eth18	14302	30197367
1787644582.997742289	s3-eth19	320331586	18841
1787644582.997742289	s3-eth2	8313941	13040
1787644582.997742289	s3-eth20	63743432	16089
1787644582.997742289	s3-eth21	76626321	18261
1787644582.997742289	s3-eth22	66957942	16125
1787644582.997742289	s3-eth23	151192725	18496
1787644582.997742289	s3-eth24	44437054	14887
1787644582.997742289	s3-eth25	76630483	18118
1787644582.997742289	s3-eth26	70188391	16792
1787644582.997742289	s3-eth27	300060279	17068
1787644582.997742289	s3-eth28	70191163	16636
1787644582.997742289	s3-eth29	76611023	17892
1787644582.997742289	s3-eth3	16928	624097071
1787644582.997742289	s3-eth30	54090982	14894
1787644582.997742289	s3-eth31	146276969	18073
1787644582.997742289	s3-eth32	48297169	15932
1787644582.997742289	s3-eth33	76619582	17829
1787644582.997742289	s3-eth34	38000129	14977
1787644582.997742289	s3-eth4	15196	31930291
1787644582.997742289	s3-eth5	17092	36251112
1787644582.997742289	s3-eth6	15492	31489635
1787644582.997742289	s3-eth7	18256	141153549
1787644582.997742289	s3-eth8	16155	31277354
1787644582.997742289	s3-eth9	16542	35577110
1787644582.997742289	s4-eth1	2661322909	419678
1787644582.997742289	s4-eth10	14529	38988639
1787644582.997742289	s4-eth11	17651	264942268
1787644582.997742289	s4-eth12	14850	38838299
1787644582.997742289	s4-eth13	16419	44086856
1787644582.997742289	s4-eth14	14629	39425447
1787644582.997742289	s4-eth15	18426	145560128
1787644582.997742289	s4-eth16	13766	45557601
1787644582.997742289	s4-eth17	15486	44003025
1787644582.997742289	s4-eth18	13486	34987218
1787644582.997742289	s4-eth19	15374	200108067
1787644582.997742289	s4-eth2	13040	22856
1787644582.997742289	s4-eth20	12552	44811515
1787644582.997742289	s4-eth21	14814	55287800
1787644582.997742289	s4-eth22	12585	46378658
1787644582.997742289	s4-eth23	15089	148756034
1787644582.997742289	s4-eth24	11483	36426299
1787644582.997742289	s4-eth25	14671	55370795
1787644582.997742289	s4-eth26	13435	49376203
1787644582.997742289	s4-eth27	13824	253731692
1787644582.997742289	s4-eth28	13189	49709030
1787644582.997742289	s4-eth29	14579	54477762
1787644582.997742289	s4-eth3	17377	178758251
1787644582.997742289	s4-eth30	11607	39975465
1787644582.997742289	s4-eth31	15407	144247740
1787644582.997742289	s4-eth32	12773	29010112
1787644582.997742289	s4-eth33	14358	54828202
1787644582.997742289	s4-eth34	11526	34810298
1787644582.997742289	s4-eth4	14188	37151534
1787644582.997742289	s4-eth5	15733	44820189
1787644582.997742289	s4-eth6	14384	39492423
1787644582.997742289	s4-eth7	16713	144315184
1787644582.997742289	s4-eth8	14666	39296886
1787644582.997742289	s4-eth9	16106	44553746
1787644582.997742289	s5-eth1	3705244136	420153
1787644582.997742289	s5-eth2	1618123212	1647651284
1787644582.997742289	s5-eth3	13067	3171525543
1787644582.997742289	s5-eth4	460762	13067
1787644582.997742289	s6-eth1	13067	22232
1787644582.997742289	s6-eth2	1383876	10834
1787644582.997742289	s6-eth3	13067	1278097
1787644582.997742289	s6-eth4	11341	13067
1787644582.997742289	s7-eth1	1496354368	1615895730
1787644582.997742289	s7-eth2	419705	2664724614
1787644582.997742289	s7-eth3	3021035917	11037
1787644582.997742289	s7-eth4	196311	679823
1787644582.997742289	s8-eth1	13067	8313968
1787644582.997742289	s8-eth2	22883	13067
1787644582.997742289	s8-eth3	8402781	13067
1787644582.997742289	s8-eth4	46748	13067
1787644582.997742289	s9-eth1	3173240081	13067
1787644582.997742289	s9-eth2	1278097	13067
1787644582.997742289	s9-eth3	11037	3022127511
1787644582.997742289	s9-eth4	13067	8402781
1787644587.328273005	s10-eth1	13067	460762
1787644587.328273005	s10-eth2	13067	11341
1787644587.328273005	s10-eth3	679823	196311
1787644587.328273005	s10-eth4	13067	46748
1787644587.328273005	s1-eth1	420153	3728034946
1787644587.328273005	s1-eth10	70184041	17726
1787644587.328273005	s1-eth11	340908685	20312
1787644587.328273005	s1-eth12	70182388	17893
1787644587.328273005	s1-eth13	76611484	19076
1787644587.328273005	s1-eth14	70181863	17894
1787644587.328273005	s1-eth15	156725963	21168
1787644587.328273005	s1-eth16	50876752	16898
1787644587.328273005	s1-eth17	76628004	18292
1787644587.328273005	s1-eth18	70186718	17549
1787644587.328273005	s1-eth19	722756524	18304
1787644587.328273005	s1-eth2	22232	13067
1787644587.328273005	s1-eth20	70190152	16746
1787644587.328273005	s1-eth21	63754867	17355
1787644587.328273005	s1-eth22	70176529	16880
1787644587.328273005	s1-eth23	156813836	19892
1787644587.328273005	s1-eth24	66965690	15928
1787644587.328273005	s1-eth25	38000545	15875
1787644587.328273005	s1-eth26	50873838	15379
1787644587.328273005	s1-eth27	341076077	18287
1787644587.328273005	s1-eth28	50870455	15464
1787644587.328273005	s1-eth29	57315517	17534
1787644587.328273005	s1-eth3	839076391	20301
1787644587.328273005	s1-eth30	57314683	15556
1787644587.328273005	s1-eth31	154316390	18601
1787644587.328273005	s1-eth32	70187909	16731
1787644587.328273005	s1-eth33	57318346	17482
1787644587.328273005	s1-eth34	50875308	15353
1787644587.328273005	s1-eth4	70184840	18629
1787644587.328273005	s1-eth5	76617581	19771
1787644587.328273005	s1-eth6	70177558	18608
1787644587.328273005	s1-eth7	156952253	21032
1787644587.328273005	s1-eth8	70186433	19076
1787644587.328273005	s1-eth9	76614389	19326
1787644587.328273005	s2-eth1	1660844142	1624258922
1787644587.328273005	s2-eth10	70185294	17764
1787644587.328273005	s2-eth11	418420863	20238
1787644587.328273005	s2-eth12	70186569	17856
1787644587.328273005	s2-eth13	76627604	18500
1787644587.328273005	s2-eth14	70187528	17298
1787644587.328273005	s2-eth15	157023288	20444
1787644587.328273005	s2-eth16	63754726	16361
1787644587.328273005	s2-eth17	76626331	18564
1787644587.328273005	s2-eth18	57313731	16204
1787644587.328273005	s2-eth19	15413	645559366
1787644587.328273005	s2-eth2	10834	1383876
1787644587.328273005	s2-eth20	13479	36289633
1787644587.328273005	s2-eth21	13975	36530448
1787644587.328273005	s2-eth22	13343	35509688
1787644587.328273005	s2-eth23	16824	145991031
1787644587.328273005	s2-eth24	12555	33373296
1787644587.328273005	s2-eth25	12949	30922764
1787644587.328273005	s2-eth26	12582	28168523
1787644587.328273005	s2-eth27	15314	229666899
1787644587.328273005	s2-eth28	12824	27745086
1787644587.328273005	s2-eth29	14491	38154668
1787644587.328273005	s2-eth3	333777164	20186
1787644587.328273005	s2-eth30	12778	30347750
1787644587.328273005	s2-eth31	15228	145170686
1787644587.328273005	s2-eth32	13868	34355592
1787644587.328273005	s2-eth33	14372	37209655
1787644587.328273005	s2-eth34	12313	27739896
1787644587.328273005	s2-eth4	66938902	16455
1787644587.328273005	s2-eth5	76608233	18835
1787644587.328273005	s2-eth6	70180983	16892
1787644587.328273005	s2-eth7	152792694	19287
1787644587.328273005	s2-eth8	70171821	17196
1787644587.328273005	s2-eth9	76612496	18770
1787644587.328273005	s3-eth1	1630844944	1503363930
1787644587.328273005	s3-eth10	15247	30882005
1787644587.328273005	s3-eth11	16912	227236778
1787644587.328273005	s3-eth12	15615	30740508
1787644587.328273005	s3-eth13	16493	34952831
1787644587.328273005	s3-eth14	14979	30455218
1787644587.328273005	s3-eth15	18450	143169715
1787644587.328273005	s3-eth16	13506	28745474
1787644587.328273005	s3-eth17	15664	44718400
1787644587.328273005	s3-eth18	14302	30197367
1787644587.328273005	s3-eth19	320941552	18841
1787644587.328273005	s3-eth2	8313968	13067
1787644587.328273005	s3-eth20	63743432	16089
1787644587.328273005	s3-eth21	76626321	18261
1787644587.328273005	s3-eth22	66957942	16125
1787644587.328273005	s3-eth23	154249765	18496
1787644587.328273005	s3-eth24	44437054	14887
1787644587.328273005	s3-eth25	76630483	18118
1787644587.328273005	s3-eth26	70188391	16792
1787644587.328273005	s3-eth27	303121645	17068
1787644587.328273005	s3-eth28	70191163	16636
1787644587.328273005	s3-eth29	76611023	17892
1787644587.328273005	s3-eth3	16928	636147865
1787644587.328273005	s3-eth30	54090982	14894
1787644587.328273005	s3-eth31	149348429	18073
1787644587.328273005	s3-eth32	48297169	15932
1787644587.328273005	s3-eth33	76619582	17829
1787644587.328273005	s3-eth34	38000129	14977
1787644587.328273005	s3-eth4	15196	31930291
1787644587.328273005	s3-eth5	17092	36251112
1787644587.328273005	s3-eth6	15492	31489635
1787644587.328273005	s3-eth7	18256	144170213
1787644587.328273005	s3-eth8	16155	31277354
1787644587.328273005	s3-eth9	16542	35577110
1787644587.328273005	s4-eth1	2680730814	419705
1787644587.328273005	s4-eth10	14529	38988639
1787644587.328273005	s4-eth11	17651	267987772
1787644587.328273005	s4-eth12	14850	38838299
1787644587.328273005	s4-eth13	16419	44086856
1787644587.328273005	s4-eth14	14629	39425447
1787644587.328273005	s4-eth15	18426	148630146
1787644587.328273005	s4-eth16	13766	45557601
1787644587.328273005	s4-eth17	15486	44003025
1787644587.328273005	s4-eth18	13486	34987218
1787644587.328273005	s4-eth19	15374	200726685
1787644587.328273005	s4-eth2	13067	22883
1787644587.328273005	s4-eth20	12552	44811515
1787644587.328273005	s4-eth21	14814	55287800
1787644587.328273005	s4-eth22	12585	46378658
1787644587.328273005	s4-eth23	15089	151853450
1787644587.328273005	s4-eth24	11483	36426299
1787644587.328273005	s4-eth25	14671	55370795
1787644587.328273005	s4-eth26	13435	49376203
1787644587.328273005	s4-eth27	13824	256833434
1787644587.328273005	s4-eth28	13189	49709030
1787644587.328273005	s4-eth29	14579	54477762
1787644587.328273005	s4-eth3	17377	179372543
1787644587.328273005	s4-eth30	11607	39975465
1787644587.328273005	s4-eth31	15407	147356692
1787644587.328273005	s4-eth32	12773	29010112
1787644587.328273005	s4-eth33	14358	54828202
1787644587.328273005	s4-eth34	11526	34810298
1787644587.328273005	s4-eth4	14188	37151534
1787644587.328273005	s4-eth5	15733	44820189
1787644587.328273005	s4-eth6	14384	39492423
1787644587.328273005	s4-eth7	16713	147369340
1787644587.328273005	s4-eth8	14666	39296886
1787644587.328273005	s4-eth9	16106	44553746
1787644587.328273005	s5-eth1	3748398897	420180
1787644587.328273005	s5-eth2	1627972099	1669047707
1787644587.328273005	s5-eth3	13094	3202729008
1787644587.328273005	s5-eth4	460790	13094
1787644587.328273005	s6-eth1	13094	22259
1787644587.328273005	s6-eth2	1383903	10861
1787644587.328273005	s6-eth3	13094	1278124
1787644587.328273005	s6-eth4	11369	13094
1787644587.328273005	s7-eth1	1506155669	1637016731
1787644587.328273005	s7-eth2	419732	2684239227
1787644587.328273005	s7-eth3	3051913490	11064
1787644587.328273005	s7-eth4	196339	679850
1787644587.328273005	s8-eth1	13094	8313995
1787644587.328273005	s8-eth2	22910	13094
1787644587.328273005	s8-eth3	8402808	13094
1787644587.328273005	s8-eth4	46776	13094
1787644587.328273005	s9-eth1	3204201290	13094
1787644587.328273005	s9-eth2	1278124	13094
1787644587.328273005	s9-eth3	11064	3052709474
1787644587.328273005	s9-eth4	13094	8402808
1787644592.001113571	s10-eth1	13094	460790
1787644592.001113571	s10-eth2	13094	11369
1787644592.001113571	s10-eth3	679850	196339
1787644592.001113571	s10-eth4	13094	46776
1787644592.001113571	s1-eth1	420180	3769919305
1787644592.001113571	s1-eth10	70184041	17726
1787644592.001113571	s1-eth11	343889299	20312
1787644592.001113571	s1-eth12	70182388	17893
1787644592.001113571	s1-eth13	76611484	19076
1787644592.001113571	s1-eth14	70181863	17894
1787644592.001113571	s1-eth15	159676295	21168
1787644592.001113571	s1-eth16	50876752	16898
1787644592.001113571	s1-eth17	76628004	18292
1787644592.001113571	s1-eth18	70186718	17549
1787644592.001113571	s1-eth19	734495846	18304
1787644592.001113571	s1-eth2	22259	13094
1787644592.001113571	s1-eth20	70190152	16746
1787644592.001113571	s1-eth21	63754867	17355
1787644592.001113571	s1-eth22	70176529	16880
1787644592.001113571	s1-eth23	159743980	19892
1787644592.001113571	s1-eth24	66965690	15928
1787644592.001113571	s1-eth25	38000545	15875
1787644592.001113571	s1-eth26	50873838	15379
1787644592.001113571	s1-eth27	344024967	18287
1787644592.001113571	s1-eth28	50870455	15464
1787644592.001113571	s1-eth29	57315517	17534
1787644592.001113571	s1-eth3	851003173	20301
1787644592.001113571	s1-eth30	57314683	15556
1787644592.001113571	s1-eth31	157304214	18601
1787644592.001113571	s1-eth32	70187909	16731
1787644592.001113571	s1-eth33	57318346	17482
1787644592.001113571	s1-eth34	50875308	15353
1787644592.001113571	s1-eth4	70184840	18629
1787644592.001113571	s1-eth5	76617581	19771
1787644592.001113571	s1-eth6	70177558	18608
1787644592.001113571	s1-eth7	159958823	21032
1787644592.001113571	s1-eth8	70186433	19076
1787644592.001113571	s1-eth9	76614389	19326
1787644592.001113571	s2-eth1	1681968027	1633923233
1787644592.001113571	s2-eth10	70185294	17764
1787644592.001113571	s2-eth11	421451947	20238
1787644592.001113571	s2-eth12	70186569	17856
1787644592.001113571	s2-eth13	76627604	18500
1787644592.001113571	s2-eth14	70187528	17298
1787644592.001113571	s2-eth15	160068792	20444
1787644592.001113571	s2-eth16	63754726	16361
1787644592.001113571	s2-eth17	76626331	18564
1787644592.001113571	s2-eth18	57313731	16204
1787644592.001113571	s2-eth19	15413	657685144
1787644592.001113571	s2-eth2	10861	1383903
1787644592.001113571	s2-eth20	13479	36289633
1787644592.001113571	s2-eth21	13975	36530448
1787644592.001113571	s2-eth22	13343	35509688
1787644592.001113571	s2-eth23	16824	148990391
1787644592.001113571	s2-eth24	12555	33373296
1787644592.001113571	s2-eth25	12949	30922764
1787644592.001113571	s2-eth26	12582	28168523
1787644592.001113571	s2-eth27	15314	232651839
1787644592.001113571	s2-eth28	12824	27745086
1787644592.001113571	s2-eth29	14491	38154668
1787644592.001113571	s2-eth3	334372710	20186
1787644592.001113571	s2-eth30	12778	30347750
1787644592.001113571	s2-eth31	15228	148132554
1787644592.001113571	s2-eth32	13868	34355592
1787644592.001113571	s2-eth33	14372	37209655
1787644592.001113571	s2-eth34	12313	27739896
1787644592.001113571	s2-eth4	66938902	16455
1787644592.001113571	s2-eth5	76608233	18835
1787644592.001113571	s2-eth6	70180983	16892
1787644592.001113571	s2-eth7	155719954	19287
1787644592.001113571	s2-eth8	70171821	17196
1787644592.001113571	s2-eth9	76612496	18770
1787644592.001113571	s3-eth1	1651236293	1512699465
1787644592.001113571	s3-eth10	15247	30882005
1787644592.001113571	s3-eth11	16912	230142408
1787644592.001113571	s3-eth12	15615	30740508
1787644592.001113571	s3-eth13	16493	34952831
1787644592.001113571	s3-eth14	14979	30455218
1787644592.001113571	s3-eth15	18450	146058041
1787644592.001113571	s3-eth16	13506	28745474
1787644592.001113571	s3-eth17	15664	44718400
1787644592.001113571	s3-eth18	14302	30197367
1787644592.001113571	s3-eth19	321516910	18841
1787644592.001113571	s3-eth2	8313995	13094
1787644592.001113571	s3-eth20	63743432	16089
1787644592.001113571	s3-eth21	76626321	18261
1787644592.001113571	s3-eth22	66957942	16125
1787644592.001113571	s3-eth23	157123671	18496
1787644592.001113571	s3-eth24	44437054	14887
1787644592.001113571	s3-eth25	76630483	18118
1787644592.001113571	s3-eth26	70188391	16792
1787644592.001113571	s3-eth27	305972479	17068
1787644592.001113571	s3-eth28	70191163	16636
1787644592.001113571	s3-eth29	76611023	17892
1787644592.001113571	s3-eth3	16928	647355089
1787644592.001113571	s3-eth30	54090982	14894
1787644592.001113571	s3-eth31	152144467	18073
1787644592.001113571	s3-eth32	48297169	15932
1787644592.001113571	s3-eth33	76619582	17829
1787644592.001113571	s3-eth34	38000129	14977
1787644592.001113571	s3-eth4	15196	31930291
1787644592.001113571	s3-eth5	17092	36251112
1787644592.001113571	s3-eth6	15492	31489635
1787644592.001113571	s3-eth7	18256	146882615
1787644592.001113571	s3-eth8	16155	31277354
1787644592.001113571	s3-eth9	16542	35577110
1787644592.001113571	s4-eth1	2698145875	419732
1787644592.001113571	s4-eth10	14529	38988639
1787644592.001113571	s4-eth11	17651	270682870
1787644592.001113571	s4-eth12	14850	38838299
1787644592.001113571	s4-eth13	16419	44086856
1787644592.001113571	s4-eth14	14629	39425447
1787644592.001113571	s4-eth15	18426	151286310
1787644592.001113571	s4-eth16	13766	45557601
1787644592.001113571	s4-eth17	15486	44003025
1787644592.001113571	s4-eth18	13486	34987218
1787644592.001113571	s4-eth19	15374	201250131
1787644592.001113571	s4-eth2	13094	22910
1787644592.001113571	s4-eth20	12552	44811515
1787644592.001113571	s4-eth21	14814	55287800
1787644592.001113571	s4-eth22	12585	46378658
1787644592.001113571	s4-eth23	15089	154417326
1787644592.001113571	s4-eth24	11483	36426299
1787644592.001113571	s4-eth25	14671	55370795
1787644592.001113571	s4-eth26	13435	49376203
1787644592.001113571	s4-eth27	13824	259364144
1787644592.001113571	s4-eth28	13189	49709030
1787644592.001113571	s4-eth29	14579	54477762
1787644592.001113571	s4-eth3	17377	179871475
1787644592.001113571	s4-eth30	11607	39975465
1787644592.001113571	s4-eth31	15407	149835490
1787644592.001113571	s4-eth32	12773	29010112
1787644592.001113571	s4-eth33	14358	54828202
1787644592.001113571	s4-eth34	11526	34810298
1787644592.001113571	s4-eth4	14188	37151534
1787644592.001113571	s4-eth5	15733	44820189
1787644592.001113571	s4-eth6	14384	39492423
1787644592.001113571	s4-eth7	16713	149800552
1787644592.001113571	s4-eth8	14666	39296886
1787644592.001113571	s4-eth9	16106	44553746
1787644592.001113571	s5-eth1	3782199377	420180
1787644592.001113571	s5-eth2	1635685357	1685859985
1787644592.001113571	s5-eth3	13094	3227157930
1787644592.001113571	s5-eth4	460790	13094
1787644592.001113571	s6-eth1	13094	22259
1787644592.001113571	s6-eth2	1383903	10861
1787644592.001113571	s6-eth3	13094	1278124
1787644592.001113571	s6-eth4	11369	13094
1787644592.001113571	s7-eth1	1513694445	1653419481
1787644592.001113571	s7-eth2	419732	2699237469
1787644592.001113571	s7-eth3	3075759844	11064
1787644592.001113571	s7-eth4	196339	679850
1787644592.001113571	s8-eth1	13094	8313995
1787644592.001113571	s8-eth2	22910	13094
1787644592.001113571	s8-eth3	8402808	13094
1787644592.001113571	s8-eth4	46776	13094
1787644592.001113571	s9-eth1	3227741940	13094
1787644592.001113571	s9-eth2	1278124	13094
1787644592.001113571	s9-eth3	11064	3076120344
1787644592.001113571	s9-eth4	13094	8402808
1787644595.559222701	s10-eth1	13121	460818
1787644595.559222701	s10-eth2	13121	11397
1787644595.559222701	s10-eth3	679877	196367
1787644595.559222701	s10-eth4	13121	46804
1787644595.559222701	s1-eth1	420207	3801938942
1787644595.559222701	s1-eth10	70184041	17726
1787644595.559222701	s1-eth11	346179195	20312
1787644595.559222701	s1-eth12	70182388	17893
1787644595.559222701	s1-eth13	76611484	19076
1787644595.559222701	s1-eth14	70181863	17894
1787644595.559222701	s1-eth15	161970517	21168
1787644595.559222701	s1-eth16	50876752	16898
1787644595.559222701	s1-eth17	76628004	18292
1787644595.559222701	s1-eth18	70186718	17549
1787644595.559222701	s1-eth19	743655430	18304
1787644595.559222701	s1-eth2	22286	13121
1787644595.559222701	s1-eth20	70190152	16746
1787644595.559222701	s1-eth21	63754867	17355
1787644595.559222701	s1-eth22	70176529	16880
1787644595.559222701	s1-eth23	162012246	19892
1787644595.559222701	s1-eth24	66965690	15928
1787644595.559222701	s1-eth25	38000545	15875
1787644595.559222701	s1-eth26	50873838	15379
1787644595.559222701	s1-eth27	346255741	18287
1787644595.559222701	s1-eth28	50870455	15464
1787644595.559222701	s1-eth29	57315517	17534
1787644595.559222701	s1-eth3	859718621	20301
1787644595.559222701	s1-eth30	57314683	15556
1787644595.559222701	s1-eth31	159465772	18601
1787644595.559222701	s1-eth32	70187909	16731
1787644595.559222701	s1-eth33	57318346	17482
1787644595.559222701	s1-eth34	50875308	15353
1787644595.559222701	s1-eth4	70184840	18629
1787644595.559222701	s1-eth5	76617581	19771
1787644595.559222701	s1-eth6	70177558	18608
1787644595.559222701	s1-eth7	162058375	21032
1787644595.559222701	s1-eth8	70186433	19076
1787644595.559222701	s1-eth9	76614389	19326
1787644595.559222701	s2-eth1	1696499088	1640562228
1787644595.559222701	s2-eth10	70185294	17764
1787644595.559222701	s2-eth11	423512565	20238
1787644595.559222701	s2-eth12	70186569	17856
1787644595.559222701	s2-eth13	76627604	18500
1787644595.559222701	s2-eth14	70187528	17298
1787644595.559222701	s2-eth15	162100570	20444
1787644595.559222701	s2-eth16	63754726	16361
1787644595.559222701	s2-eth17	76626331	18564
1787644595.559222701	s2-eth18	57313731	16204
1787644595.559222701	s2-eth19	15413	665681034
1787644595.559222701	s2-eth2	10888	1383930
1787644595.559222701	s2-eth20	13479	36289633
1787644595.559222701	s2-eth21	13975	36530448
1787644595.559222701	s2-eth22	13343	35509688
1787644595.559222701	s2-eth23	16824	150993329
1787644595.559222701	s2-eth24	12555	33373296
1787644595.559222701	s2-eth25	12949	30922764
1787644595.559222701	s2-eth26	12582	28168523
1787644595.559222701	s2-eth27	15314	234641799
1787644595.559222701	s2-eth28	12824	27745086
1787644595.559222701	s2-eth29	14491	38154668
1787644595.559222701	s2-eth3	334770702	20186
1787644595.559222701	s2-eth30	12778	30347750
1787644595.559222701	s2-eth31	15228	150126840
1787644595.559222701	s2-eth32	13868	34355592
1787644595.559222701	s2-eth33	14372	37209655
1787644595.559222701	s2-eth34	12313	27739896
1787644595.559222701	s2-eth4	66938902	16455
1787644595.559222701	s2-eth5	76608233	18835
1787644595.559222701	s2-eth6	70180983	16892
1787644595.559222701	s2-eth7	157708472	19287
1787644595.559222701	s2-eth8	70171821	17196
1787644595.559222701	s2-eth9	76612496	18770
1787644595.559222701	s3-eth1	1665141526	1519070248
1787644595.559222701	s3-eth10	15247	30882005
1787644595.559222701	s3-eth11	16912	232126600
1787644595.559222701	s3-eth12	15615	30740508
1787644595.559222701	s3-eth13	16493	34952831
1787644595.559222701	s3-eth14	14979	30455218
1787644595.559222701	s3-eth15	18450	148069631
1787644595.559222701	s3-eth16	13506	28745474
1787644595.559222701	s3-eth17	15664	44718400
1787644595.559222701	s3-eth18	14302	30197367
1787644595.559222701	s3-eth19	321922112	18841
1787644595.559222701	s3-eth2	8314022	13121
1787644595.559222701	s3-eth20	63743432	16089
1787644595.559222701	s3-eth21	76626321	18261
1787644595.559222701	s3-eth22	66957942	16125
1787644595.559222701	s3-eth23	159122283	18496
1787644595.559222701	s3-eth24	44437054	14887
1787644595.559222701	s3-eth25	76630483	18118
1787644595.559222701	s3-eth26	70188391	16792
1787644595.559222701	s3-eth27	307965323	17068
1787644595.559222701	s3-eth28	70191163	16636
1787644595.559222701	s3-eth29	76611023	17892
1787644595.559222701	s3-eth3	16928	655307719
1787644595.559222701	s3-eth30	54090982	14894
1787644595.559222701	s3-eth31	154131543	18073
1787644595.559222701	s3-eth32	48297169	15932
1787644595.559222701	s3-eth33	76619582	17829
1787644595.559222701	s3-eth34	38000129	14977
1787644595.559222701	s3-eth4	15196	31930291
1787644595.559222701	s3-eth5	17092	36251112
1787644595.559222701	s3-eth6	15492	31489635
1787644595.559222701	s3-eth7	18256	148872575
1787644595.559222701	s3-eth8	16155	31277354
1787644595.559222701	s3-eth9	16542	35577110
1787644595.559222701	s4-eth1	2710861458	419759
1787644595.559222701	s4-eth10	14529	38988639
1787644595.559222701	s4-eth11	17651	272665620
1787644595.559222701	s4-eth12	14850	38838299
1787644595.559222701	s4-eth13	16419	44086856
1787644595.559222701	s4-eth14	14629	39425447
1787644595.559222701	s4-eth15	18426	153267618
1787644595.559222701	s4-eth16	13766	45557601
1787644595.559222701	s4-eth17	15486	44003025
1787644595.559222701	s4-eth18	13486	34987218
1787644595.559222701	s4-eth19	15374	201646681
1787644595.559222701	s4-eth2	13121	22937
1787644595.559222701	s4-eth20	12552	44811515
1787644595.559222701	s4-eth21	14814	55287800
1787644595.559222701	s4-eth22	12585	46378658
1787644595.559222701	s4-eth23	15089	156388540
1787644595.559222701	s4-eth24	11483	36426299
1787644595.559222701	s4-eth25	14671	55370795
1787644595.559222701	s4-eth26	13435	49376203
1787644595.559222701	s4-eth27	13824	261339684
1787644595.559222701	s4-eth28	13189	49709030
1787644595.559222701	s4-eth29	14579	54477762
1787644595.559222701	s4-eth3	17377	180266583
1787644595.559222701	s4-eth30	11607	39975465
1787644595.559222701	s4-eth31	15407	151805262
1787644595.559222701	s4-eth32	12773	29010112
1787644595.559222701	s4-eth33	14358	54828202
1787644595.559222701	s4-eth34	11526	34810298
1787644595.559222701	s4-eth4	14188	37151534
1787644595.559222701	s4-eth5	15733	44820189
1787644595.559222701	s4-eth6	14384	39492423
1787644595.559222701	s4-eth7	16713	151787628
1787644595.559222701	s4-eth8	14666	39296886
1787644595.559222701	s4-eth9	16106	44553746
1787644595.559222701	s5-eth1	3810116524	420207
1787644595.559222701	s5-eth2	1642080654	1699845970
1787644595.559222701	s5-eth3	13121	3247569467
1787644595.559222701	s5-eth4	460818	13121
1787644595.559222701	s6-eth1	13121	22286
1787644595.559222701	s6-eth2	1383930	10888
1787644595.559222701	s6-eth3	13121	1278151
1787644595.559222701	s6-eth4	11397	13121
1787644595.559222701	s7-eth1	1520215196	1667712612
1787644595.559222701	s7-eth2	419759	2712359696
1787644595.559222701	s7-eth3	3096727993	11091
1787644595.559222701	s7-eth4	196367	679877
1787644595.559222701	s8-eth1	13121	8314022
1787644595.559222701	s8-eth2	22937	13121
1787644595.559222701	s8-eth3	8402835	13121
1787644595.559222701	s8-eth4	46804	13121
1787644595.559222701	s9-eth1	3249095103	13121
1787644595.559222701	s9-eth2	1278151	13121
1787644595.559222701	s9-eth3	11091	3097593193
1787644595.559222701	s9-eth4	13121	8402835
1787644598.839346352	s10-eth1	13121	460818
1787644598.839346352	s10-eth2	13121	11397
1787644598.839346352	s10-eth3	679877	196367
1787644598.839346352	s10-eth4	13121	46804
1787644598.839346352	s1-eth1	420207	3831430726
1787644598.839346352	s1-eth10	70184041	17726
1787644598.839346352	s1-eth11	348284515	20312
1787644598.839346352	s1-eth12	70182388	17893
1787644598.839346352	s1-eth13	76611484	19076
1787644598.839346352	s1-eth14	70181863	17894
1787644598.839346352	s1-eth15	164097467	21168
1787644598.839346352	s1-eth16	50876752	16898
1787644598.839346352	s1-eth17	76628004	18292
1787644598.839346352	s1-eth18	70186718	17549
1787644598.839346352	s1-eth19	752300220	18304
1787644598.839346352	s1-eth2	22286	13121
1787644598.839346352	s1-eth20	70190152	16746
1787644598.839346352	s1-eth21	63754867	17355
1787644598.839346352	s1-eth22	70176529	16880
1787644598.839346352	s1-eth23	164215622	19892
1787644598.839346352	s1-eth24	66965690	15928
1787644598.839346352	s1-eth25	38000545	15875
1787644598.839346352	s1-eth26	50873838	15379
1787644598.839346352	s1-eth27	348492283	18287
1787644598.839346352	s1-eth28	50870455	15464
1787644598.839346352	s1-eth29	57315517	17534
1787644598.839346352	s1-eth3	868796011	20301
1787644598.839346352	s1-eth30	57314683	15556
1787644598.839346352	s1-eth31	161755668	18601
1787644598.839346352	s1-eth32	70187909	16731
1787644598.839346352	s1-eth33	57318346	17482
1787644598.839346352	s1-eth34	50875308	15353
1787644598.839346352	s1-eth4	70184840	18629
1787644598.839346352	s1-eth5	76617581	19771
1787644598.839346352	s1-eth6	70177558	18608
1787644598.839346352	s1-eth7	164463631	21032
1787644598.839346352	s1-eth8	70186433	19076
1787644598.839346352	s1-eth9	76614389	19326
1787644598.839346352	s2-eth1	1713635816	1648425454
1787644598.839346352	s2-eth10	70185294	17764
1787644598.839346352	s2-eth11	425991363	20238
1787644598.839346352	s2-eth12	70186569	17856
1787644598.839346352	s2-eth13	76627604	18500
1787644598.839346352	s2-eth14	70187528	17298
1787644598.839346352	s2-eth15	164612534	20444
1787644598.839346352	s2-eth16	63754726	16361
1787644598.839346352	s2-eth17	76626331	18564
1787644598.839346352	s2-eth18	57313731	16204
1787644598.839346352	s2-eth19	15413	675842808
1787644598.839346352	s2-eth2	10915	1383957
1787644598.839346352	s2-eth20	13479	36289633
1787644598.839346352	s2-eth21	13975	36530448
1787644598.839346352	s2-eth22	13343	35509688
1787644598.839346352	s2-eth23	16824	153571625
1787644598.839346352	s2-eth24	12555	33373296
1787644598.839346352	s2-eth25	12949	30922764
1787644598.839346352	s2-eth26	12582	28168523
1787644598.839346352	s2-eth27	15314	237227305
1787644598.839346352	s2-eth28	12824	27745086
1787644598.839346352	s2-eth29	14491	38154668
1787644598.839346352	s2-eth3	335298474	20186
1787644598.839346352	s2-eth30	12778	30347750
1787644598.839346352	s2-eth31	15228	152790214
1787644598.839346352	s2-eth32	13868	34355592
1787644598.839346352	s2-eth33	14372	37209655
1787644598.839346352	s2-eth34	12313	27739896
1787644598.839346352	s2-eth4	66938902	16455
1787644598.839346352	s2-eth5	76608233	18835
1787644598.839346352	s2-eth6	70180983	16892
1787644598.839346352	s2-eth7	160425200	19287
1787644598.839346352	s2-eth8	70171821	17196
1787644598.839346352	s2-eth9	76612496	18770
1787644598.839346352	s3-eth1	1684307175	1527901083
1787644598.839346352	s3-eth10	15247	30882005
1787644598.839346352	s3-eth11	16912	234898124
1787644598.839346352	s3-eth12	15615	30740508
1787644598.839346352	s3-eth13	16493	34952831
1787644598.839346352	s3-eth14	14979	30455218
1787644598.839346352	s3-eth15	18450	150880089
1787644598.839346352	s3-eth16	13506	28745474
1787644598.839346352	s3-eth17	15664	44718400
1787644598.839346352	s3-eth18	14302	30197367
1787644598.839346352	s3-eth19	322491702	18841
1787644598.839346352	s3-eth2	8314049	13148
1787644598.839346352	s3-eth20	63743432	16089
1787644598.839346352	s3-eth21	76626321	18261
1787644598.839346352	s3-eth22	66957942	16125
1787644598.839346352	s3-eth23	162048101	18496
1787644598.839346352	s3-eth24	44437054	14887
1787644598.839346352	s3-eth25	76630483	18118
1787644598.839346352	s3-eth26	70188391	16792
1787644598.839346352	s3-eth27	310957473	17068
1787644598.839346352	s3-eth28	70191163	16636
1787644598.839346352	s3-eth29	76611023	17892
1787644598.839346352	s3-eth3	16928	667341209
1787644598.839346352	s3-eth30	54090982	14894
1787644598.839346352	s3-eth31	157184257	18073
1787644598.839346352	s3-eth32	48297169	15932
1787644598.839346352	s3-eth33	76619582	17829
1787644598.839346352	s3-eth34	38000129	14977
1787644598.839346352	s3-eth4	15196	31930291
1787644598.839346352	s3-eth5	17092	36251112
1787644598.839346352	s3-eth6	15492	31489635
1787644598.839346352	s3-eth7	18256	151913753
1787644598.839346352	s3-eth8	16155	31277354
1787644598.839346352	s3-eth9	16542	35577110
1787644598.839346352	s4-eth1	2730954313	419786
1787644598.839346352	s4-eth10	14529	38988639
1787644598.839346352	s4-eth11	17651	275849556
1787644598.839346352	s4-eth12	14850	38838299
1787644598.839346352	s4-eth13	16419	44086856
1787644598.839346352	s4-eth14	14629	39425447
1787644598.839346352	s4-eth15	18426	156546726
1787644598.839346352	s4-eth16	13766	45557601
1787644598.839346352	s4-eth17	15486	44003025
1787644598.839346352	s4-eth18	13486	34987218
1787644598.839346352	s4-eth19	15374	202320095
1787644598.839346352	s4-eth2	13148	22964
1787644598.839346352	s4-eth20	12552	44811515
1787644598.839346352	s4-eth21	14814	55287800
1787644598.839346352	s4-eth22	12585	46378658
1787644598.839346352	s4-eth23	15089	159842130
1787644598.839346352	s4-eth24	11483	36426299
1787644598.839346352	s4-eth25	14671	55370795
1787644598.839346352	s4-eth26	13435	49376203
1787644598.839346352	s4-eth27	13824	264819230
1787644598.839346352	s4-eth28	13189	49709030
1787644598.839346352	s4-eth29	14579	54477762
1787644598.839346352	s4-eth3	17377	180965953
1787644598.839346352	s4-eth30	11607	39975465
1787644598.839346352	s4-eth31	15407	155374212
1787644598.839346352	s4-eth32	12773	29010112
1787644598.839346352	s4-eth33	14358	54828202
1787644598.839346352	s4-eth34	11526	34810298
1787644598.839346352	s4-eth4	14188	37151534
1787644598.839346352	s4-eth5	15733	44820189
1787644598.839346352	s4-eth6	14384	39492423
1787644598.839346352	s4-eth7	16713	155430120
1787644598.839346352	s4-eth8	14666	39296886
1787644598.839346352	s4-eth9	16106	44553746
1787644598.839346352	s5-eth1	3860984543	420234
1787644598.839346352	s5-eth2	1653746461	1724912283
1787644598.839346352	s5-eth3	13148	3284396732
1787644598.839346352	s5-eth4	460846	13148
1787644598.839346352	s6-eth1	13148	22313
1787644598.839346352	s6-eth2	1383957	10915
1787644598.839346352	s6-eth3	13148	1278178
1787644598.839346352	s6-eth4	11425	13148
1787644598.839346352	s7-eth1	1531853605	1692584255
1787644598.839346352	s7-eth2	419786	2735492287
1787644598.839346352	s7-eth3	3133285604	11118
1787644598.839346352	s7-eth4	196395	679904
1787644598.839346352	s8-eth1	13148	8314049
1787644598.839346352	s8-eth2	22964	13148
1787644598.839346352	s8-eth3	8402862	13148
1787644598.839346352	s8-eth4	46832	13148
1787644598.839346352	s9-eth1	3285606570	13148
1787644598.839346352	s9-eth2	1278178	13148
1787644598.839346352	s9-eth3	11118	3134245976
1787644598.839346352	s9-eth4	13148	8402862
1787644604.533329959	s10-eth1	13148	460846
1787644604.533329959	s10-eth2	13148	11425
1787644604.533329959	s10-eth3	679904	196395
1787644604.533329959	s10-eth4	13148	46860
1787644604.533329959	s1-eth1	420261	3883733562
1787644604.533329959	s1-eth10	70184041	17726
1787644604.533329959	s1-eth11	352058229	20312
1787644604.533329959	s1-eth12	70182388	17893
1787644604.533329959	s1-eth13	76611484	19076
1787644604.533329959	s1-eth14	70181863	17894
1787644604.533329959	s1-eth15	167894253	21168
1787644604.533329959	s1-eth16	50876752	16898
1787644604.533329959	s1-eth17	76628004	18292
1787644604.533329959	s1-eth18	70186718	17549
1787644604.533329959	s1-eth19	767423916	18304
1787644604.533329959	s1-eth2	22340	13175
1787644604.533329959	s1-eth20	70190152	16746
1787644604.533329959	s1-eth21	63754867	17355
1787644604.533329959	s1-eth22	70176529	16880
1787644604.533329959	s1-eth23	167990778	19892
1787644604.533329959	s1-eth24	66965690	15928
1787644604.533329959	s1-eth25	38000545	15875
1787644604.533329959	s1-eth26	50873838	15379
1787644604.533329959	s1-eth27	352242925	18287
1787644604.533329959	s1-eth28	50870455	15464
1787644604.533329959	s1-eth29	57315517	17534
1787644604.533329959	s1-eth3	883730805	20301
1787644604.533329959	s1-eth30	57314683	15556
1787644604.533329959	s1-eth31	165494774	18601
1787644604.533329959	s1-eth32	70187909	16731
1787644604.533329959	s1-eth33	57318346	17482
1787644604.533329959	s1-eth34	50875308	15353
1787644604.533329959	s1-eth4	70184840	18629
1787644604.533329959	s1-eth5	76617581	19771
1787644604.533329959	s1-eth6	70177558	18608
1787644604.533329959	s1-eth7	168173897	21032
1787644604.533329959	s1-eth8	70186433	19076
1787644604.533329959	s1-eth9	76614389	19326
1787644604.533329959	s2-eth1	1738967484	1660330660
1787644604.533329959	s2-eth10	70185294	17764
1787644604.533329959	s2-eth11	429736237	20238
1787644604.533329959	s2-eth12	70186569	17856
1787644604.533329959	s2-eth13	76627604	18500
1787644604.533329959	s2-eth14	70187528	17298
1787644604.533329959	s2-eth15	168386248	20444
1787644604.533329959	s2-eth16	63754726	16361
1787644604.533329959	s2-eth17	76626331	18564
1787644604.533329959	s2-eth18	57313731	16204
1787644604.533329959	s2-eth19	15413	690489202
1787644604.533329959	s2-eth2	10942	1383984
1787644604.533329959	s2-eth20	13479	36289633
1787644604.533329959	s2-eth21	13975	36530448
1787644604.533329959	s2-eth22	13343	35509688
1787644604.533329959	s2-eth23	16824	157306405
1787644604.533329959	s2-eth24	12555	33373296
1787644604.533329959	s2-eth25	12949	30922764
1787644604.533329959	s2-eth26	12582	28168523
1787644604.533329959	s2-eth27	15314	241028417
1787644604.533329959	s2-eth28	12824	27745086
1787644604.533329959	s2-eth29	14491	38154668
1787644604.533329959	s2-eth3	336074270	20186
1787644604.533329959	s2-eth30	12778	30347750
1787644604.533329959	s2-eth31	15228	156555276
1787644604.533329959	s2-eth32	13868	34355592
1787644604.533329959	s2-eth33	14372	37209655
1787644604.533329959	s2-eth34	12313	27739896
1787644604.533329959	s2-eth4	66938902	16455
1787644604.533329959	s2-eth5	76608233	18835
1787644604.533329959	s2-eth6	70180983	16892
1787644604.533329959	s2-eth7	164344556	19287
1787644604.533329959	s2-eth8	70171821	17196
1787644604.533329959	s2-eth9	76612496	18770
1787644604.533329959	s3-eth1	1710225710	1540468140
1787644604.533329959	s3-eth10	15247	30882005
1787644604.533329959	s3-eth11	16912	238605506
1787644604.533329959	s3-eth12	15615	30740508
1787644604.533329959	s3-eth13	16493	34952831
1787644604.533329959	s3-eth14	14979	30455218
1787644604.533329959	s3-eth15	18450	154581703
1787644604.533329959	s3-eth16	13506	28745474
1787644604.533329959	s3-eth17	15664	44718400
1787644604.533329959	s3-eth18	14302	30197367
1787644604.533329959	s3-eth19	323271824	18841
1787644604.533329959	s3-eth2	8314076	13175
1787644604.533329959	s3-eth20	63743432	16089
1787644604.533329959	s3-eth21	76626321	18261
1787644604.533329959	s3-eth22	66957942	16125
1787644604.533329959	s3-eth23	165964573	18496
1787644604.533329959	s3-eth24	44437054	14887
1787644604.533329959	s3-eth25	76630483	18118
1787644604.533329959	s3-eth26	70188391	16792
1787644604.533329959	s3-eth27	314860967	17068
1787644604.533329959	s3-eth28	70191163	16636
1787644604.533329959	s3-eth29	76611023	17892
1787644604.533329959	s3-eth3	16928	681872243
1787644604.533329959	s3-eth30	54090982	14894
1787644604.533329959	s3-eth31	161097845	18073
1787644604.533329959	s3-eth32	48297169	15932
1787644604.533329959	s3-eth33	76619582	17829
1787644604.533329959	s3-eth34	38000129	14977
1787644604.533329959	s3-eth4	15196	31930291
1787644604.533329959	s3-eth5	17092	36251112
1787644604.533329959	s3-eth6	15492	31489635
1787644604.533329959	s3-eth7	18256	155658627
1787644604.533329959	s3-eth8	16155	31277354
1787644604.533329959	s3-eth9	16542	35577110
1787644604.533329959	s4-eth1	2755882194	419813
1787644604.533329959	s4-eth10	14529	38988639
1787644604.533329959	s4-eth11	17651	279683834
1787644604.533329959	s4-eth12	14850	38838299
1787644604.533329959	s4-eth13	16419	44086856
1787644604.533329959	s4-eth14	14629	39425447
1787644604.533329959	s4-eth15	18426	160331976
1787644604.533329959	s4-eth16	13766	45557601
1787644604.533329959	s4-eth17	15486	44003025
1787644604.533329959	s4-eth18	13486	34987218
1787644604.533329959	s4-eth19	15374	203095891
1787644604.533329959	s4-eth2	13175	22991
1787644604.533329959	s4-eth20	12552	44811515
1787644604.533329959	s4-eth21	14814	55287800
1787644604.533329959	s4-eth22	12585	46378658
1787644604.533329959	s4-eth23	15089	163736972
1787644604.533329959	s4-eth24	11483	36426299
1787644604.533329959	s4-eth25	14671	55370795
1787644604.533329959	s4-eth26	13435	49376203
1787644604.533329959	s4-eth27	13824	268745796
1787644604.533329959	s4-eth28	13189	49709030
1787644604.533329959	s4-eth29	14579	54477762
1787644604.533329959	s4-eth3	17377	181733097
1787644604.533329959	s4-eth30	11607	39975465
1787644604.533329959	s4-eth31	15407	159310872
1787644604.533329959	s4-eth32	12773	29010112
1787644604.533329959	s4-eth33	14358	54828202
1787644604.533329959	s4-eth34	11526	34810298
1787644604.533329959	s4-eth4	14188	37151534
1787644604.533329959	s4-eth5	15733	44820189
1787644604.533329959	s4-eth6	14384	39492423
1787644604.533329959	s4-eth7	16713	159297564
1787644604.533329959	s4-eth8	14666	39296886
1787644604.533329959	s4-eth9	16106	44553746
1787644604.533329959	s5-eth1	3915897372	420261
1787644604.533329959	s5-eth2	1666606244	1751685924
1787644604.533329959	s5-eth3	13175	3324262291
1787644604.533329959	s5-eth4	460874	13175
1787644604.533329959	s6-eth1	13175	22340
1787644604.533329959	s6-eth2	1383984	10942
1787644604.533329959	s6-eth3	13175	1278205
1787644604.533329959	s6-eth4	11453	13175
1787644604.533329959	s7-eth1	1545055142	1719106988
1787644604.533329959	s7-eth2	419813	2761703548
1787644604.533329959	s7-eth3	3173211727	11145
1787644604.533329959	s7-eth4	196423	679931
1787644604.533329959	s8-eth1	13175	8314076
1787644604.533329959	s8-eth2	22991	13175
1787644604.533329959	s8-eth3	8402889	13175
1787644604.533329959	s8-eth4	46860	13175
1787644604.533329959	s9-eth1	3326791559	13175
1787644604.533329959	s9-eth2	1278205	13175
1787644604.533329959	s9-eth3	11145	3174865701
1787644604.533329959	s9-eth4	13175	8402889
1787644611.112848514	s10-eth1	13202	460902
1787644611.112848514	s10-eth2	13202	11481
1787644611.112848514	s10-eth3	679958	196451
1787644611.112848514	s10-eth4	13202	46888
1787644611.112848514	s1-eth1	420288	3939521685
1787644611.112848514	s1-eth10	70184041	17726
1787644611.112848514	s1-eth11	356242913	20312
1787644611.112848514	s1-eth12	70182388	17893
1787644611.112848514	s1-eth13	76611484	19076
1787644611.112848514	s1-eth14	70181863	17894
1787644611.112848514	s1-eth15	172077495	21168
1787644611.112848514	s1-eth16	50876752	16898
1787644611.112848514	s1-eth17	76628004	18292
1787644611.112848514	s1-eth18	70186718	17549
1787644611.112848514	s1-eth19	784487102	18304
1787644611.112848514	s1-eth2	22367	13202
1787644611.112848514	s1-eth20	70190152	16746
1787644611.112848514	s1-eth21	63754867	17355
1787644611.112848514	s1-eth22	70176529	16880
1787644611.112848514	s1-eth23	172326872	19892
1787644611.112848514	s1-eth24	66965690	15928
1787644611.112848514	s1-eth25	38000545	15875
1787644611.112848514	s1-eth26	50873838	15379
1787644611.112848514	s1-eth27	356635257	18287
1787644611.112848514	s1-eth28	50870455	15464
1787644611.112848514	s1-eth29	57315517	17534
1787644611.112848514	s1-eth3	901425587	20301
1787644611.112848514	s1-eth30	57314683	15556
1787644611.112848514	s1-eth31	169928924	18601
1787644611.112848514	s1-eth32	70187909	16731
1787644611.112848514	s1-eth33	57318346	17482
1787644611.112848514	s1-eth34	50875308	15353
1787644611.112848514	s1-eth4	70184840	18629
1787644611.112848514	s1-eth5	76617581	19771
1787644611.112848514	s1-eth6	70177558	18608
1787644611.112848514	s1-eth7	172677263	21032
1787644611.112848514	s1-eth8	70186433	19076
1787644611.112848514	s1-eth9	76614389	19326
1787644611.112848514	s2-eth1	1766848581	1674658399
1787644611.112848514	s2-eth10	70185294	17764
1787644611.112848514	s2-eth11	434181923	20238
1787644611.112848514	s2-eth12	70186569	17856
1787644611.112848514	s2-eth13	76627604	18500
1787644611.112848514	s2-eth14	70187528	17298
1787644611.112848514	s2-eth15	172803094	20444
1787644611.112848514	s2-eth16	63754726	16361
1787644611.112848514	s2-eth17	76626331	18564
1787644611.112848514	s2-eth18	57313731	16204
1787644611.112848514	s2-eth19	15413	705640296
1787644611.112848514	s2-eth2	10969	1384011
1787644611.112848514	s2-eth20	13479	36289633
1787644611.112848514	s2-eth21	13975	36530448
1787644611.112848514	s2-eth22	13343	35509688
1787644611.112848514	s2-eth23	16824	161355541
1787644611.112848514	s2-eth24	12555	33373296
1787644611.112848514	s2-eth25	12949	30922764
1787644611.112848514	s2-eth26	12582	28168523
1787644611.112848514	s2-eth27	15314	245019873
1787644611.112848514	s2-eth28	12824	27745086
1787644611.112848514	s2-eth29	14491	38154668
1787644611.112848514	s2-eth3	336956774	20186
1787644611.112848514	s2-eth30	12778	30347750
1787644611.112848514	s2-eth31	15228	160607296
1787644611.112848514	s2-eth32	13868	34355592
1787644611.112848514	s2-eth33	14372	37209655
1787644611.112848514	s2-eth34	12313	27739896
1787644611.112848514	s2-eth4	66938902	16455
1787644611.112848514	s2-eth5	76608233	18835
1787644611.112848514	s2-eth6	70180983	16892
1787644611.112848514	s2-eth7	168699396	19287
1787644611.112848514	s2-eth8	70171821	17196
1787644611.112848514	s2-eth9	76612496	18770
1787644611.112848514	s3-eth1	1736839289	1554351743
1787644611.112848514	s3-eth10	15247	30882005
1787644611.112848514	s3-eth11	16912	242510442
1787644611.112848514	s3-eth12	15615	30740508
1787644611.112848514	s3-eth13	16493	34952831
1787644611.112848514	s3-eth14	14979	30455218
1787644611.112848514	s3-eth15	18450	158485197
1787644611.112848514	s3-eth16	13506	28745474
1787644611.112848514	s3-eth17	15664	44718400
1787644611.112848514	s3-eth18	14302	30197367
1787644611.112848514	s3-eth19	324157212	18841
1787644611.112848514	s3-eth2	8314103	13202
1787644611.112848514	s3-eth20	63743432	16089
1787644611.112848514	s3-eth21	76626321	18261
1787644611.112848514	s3-eth22	66957942	16125
1787644611.112848514	s3-eth23	170378535	18496
1787644611.112848514	s3-eth24	44437054	14887
1787644611.112848514	s3-eth25	76630483	18118
1787644611.112848514	s3-eth26	70188391	16792
1787644611.112848514	s3-eth27	319223017	17068
1787644611.112848514	s3-eth28	70191163	16636
1787644611.112848514	s3-eth29	76611023	17892
1787644611.112848514	s3-eth3	16928	696786849
1787644611.112848514	s3-eth30	54090982	14894
1787644611.112848514	s3-eth31	165475757	18073
1787644611.112848514	s3-eth32	48297169	15932
1787644611.112848514	s3-eth33	76619582	17829
1787644611.112848514	s3-eth34	38000129	14977
1787644611.112848514	s3-eth4	15196	31930291
1787644611.112848514	s3-eth5	17092	36251112
1787644611.112848514	s3-eth6	15492	31489635
1787644611.112848514	s3-eth7	18256	159622685
1787644611.112848514	s3-eth8	16155	31277354
1787644611.112848514	s3-eth9	16542	35577110
1787644611.112848514	s4-eth1	2783695517	419840
1787644611.112848514	s4-eth10	14529	38988639
1787644611.112848514	s4-eth11	17651	283982436
1787644611.112848514	s4-eth12	14850	38838299
1787644611.112848514	s4-eth13	16419	44086856
1787644611.112848514	s4-eth14	14629	39425447
1787644611.112848514	s4-eth15	18426	164627694
1787644611.112848514	s4-eth16	13766	45557601
1787644611.112848514	s4-eth17	15486	44003025
1787644611.112848514	s4-eth18	13486	34987218
1787644611.112848514	s4-eth19	15374	203968301
1787644611.112848514	s4-eth2	13202	23018
1787644611.112848514	s4-eth20	12552	44811515
1787644611.112848514	s4-eth21	14814	55287800
1787644611.112848514	s4-eth22	12585	46378658
1787644611.112848514	s4-eth23	15089	168055762
1787644611.112848514	s4-eth24	11483	36426299
1787644611.112848514	s4-eth25	14671	55370795
1787644611.112848514	s4-eth26	13435	49376203
1787644611.112848514	s4-eth27	13824	273068912
1787644611.112848514	s4-eth28	13189	49709030
1787644611.112848514	s4-eth29	14579	54477762
1787644611.112848514	s4-eth3	17377	182580993
1787644611.112848514	s4-eth30	11607	39975465
1787644611.112848514	s4-eth31	15407	163636872
1787644611.112848514	s4-eth32	12773	29010112
1787644611.112848514	s4-eth33	14358	54828202
1787644611.112848514	s4-eth34	11526	34810298
1787644611.112848514	s4-eth4	14188	37151534
1787644611.112848514	s4-eth5	15733	44820189
1787644611.112848514	s4-eth6	14384	39492423
1787644611.112848514	s4-eth7	16713	163505320
1787644611.112848514	s4-eth8	14666	39296886
1787644611.112848514	s4-eth9	16106	44553746
1787644611.112848514	s5-eth1	3973077052	420315
1787644611.112848514	s5-eth2	1680388934	1778587930
1787644611.112848514	s5-eth3	13229	3364972889
1787644611.112848514	s5-eth4	460930	13229
1787644611.112848514	s6-eth1	13229	22394
1787644611.112848514	s6-eth2	1384038	10996
1787644611.112848514	s6-eth3	13229	1278259
1787644611.112848514	s6-eth4	11509	13229
1787644611.112848514	s7-eth1	1558699400	1745498526
1787644611.112848514	s7-eth2	419867	2788631510
1787644611.112848514	s7-eth3	3213308033	11199
1787644611.112848514	s7-eth4	196479	679985
1787644611.112848514	s8-eth1	13229	8314130
1787644611.112848514	s8-eth2	23045	13229
1787644611.112848514	s8-eth3	8402943	13229
1787644611.112848514	s8-eth4	46916	13229
1787644611.112848514	s9-eth1	3367235387	13229
1787644611.112848514	s9-eth2	1278259	13229
1787644611.112848514	s9-eth3	11199	3214675049
1787644611.112848514	s9-eth4	13229	8402943
1787644617.610755654	s10-eth1	13229	460930
1787644617.610755654	s10-eth2	13229	11509
1787644617.610755654	s10-eth3	679985	196479
1787644617.610755654	s10-eth4	13229	46916
1787644617.610755654	s1-eth1	420315	3997139706
1787644617.610755654	s1-eth10	70184041	17726
1787644617.610755654	s1-eth11	360568913	20312
1787644617.610755654	s1-eth12	70182388	17893
1787644617.610755654	s1-eth13	76611484	19076
1787644617.610755654	s1-eth14	70181863	17894
1787644617.610755654	s1-eth15	176465501	21168
1787644617.610755654	s1-eth16	50876752	16898
1787644617.610755654	s1-eth17	76628004	18292
1787644617.610755654	s1-eth18	70186718	17549
1787644617.610755654	s1-eth19	801821384	18304
1787644617.610755654	s1-eth2	22394	13229
1787644617.610755654	s1-eth20	70190152	16746
1787644617.610755654	s1-eth21	63754867	17355
1787644617.610755654	s1-eth22	70176529	16880
1787644617.610755654	s1-eth23	176559142	19892
1787644617.610755654	s1-eth24	66965690	15928
1787644617.610755654	s1-eth25	38000545	15875
1787644617.610755654	s1-eth26	50873838	15379
1787644617.610755654	s1-eth27	360805521	18287
1787644617.610755654	s1-eth28	50870455	15464
1787644617.610755654	s1-eth29	57315517	17534
1787644617.610755654	s1-eth3	917922067	20301
1787644617.610755654	s1-eth30	57314683	15556
1787644617.610755654	s1-eth31	174015552	18601
1787644617.610755654	s1-eth32	70187909	16731
1787644617.610755654	s1-eth33	57318346	17482
1787644617.610755654	s1-eth34	50875308	15353
1787644617.610755654	s1-eth4	70184840	18629
1787644617.610755654	s1-eth5	76617581	19771
1787644617.610755654	s1-eth6	70177558	18608
1787644617.610755654	s1-eth7	176714863	21032
1787644617.610755654	s1-eth8	70186433	19076
1787644617.610755654	s1-eth9	76614389	19326
1787644617.610755654	s2-eth1	1792618590	1687587398
1787644617.610755654	s2-eth10	70185294	17764
1787644617.610755654	s2-eth11	438226733	20238
1787644617.610755654	s2-eth12	70186569	17856
1787644617.610755654	s2-eth13	76627604	18500
1787644617.610755654	s2-eth14	70187528	17298
1787644617.610755654	s2-eth15	176860882	20444
1787644617.610755654	s2-eth16	63754726	16361
1787644617.610755654	s2-eth17	76626331	18564
1787644617.610755654	s2-eth18	57313731	16204
1787644617.610755654	s2-eth19	15413	720053086
1787644617.610755654	s2-eth2	10996	1384038
1787644617.610755654	s2-eth20	13479	36289633
1787644617.610755654	s2-eth21	13975	36530448
1787644617.610755654	s2-eth22	13343	35509688
1787644617.610755654	s2-eth23	16824	164995149
1787644617.610755654	s2-eth24	12555	33373296
1787644617.610755654	s2-eth25	12949	30922764
1787644617.610755654	s2-eth26	12582	28168523
1787644617.610755654	s2-eth27	15314	248603243
1787644617.610755654	s2-eth28	12824	27745086
1787644617.610755654	s2-eth29	14491	38154668
1787644617.610755654	s2-eth3	337725360	20186
1787644617.610755654	s2-eth30	12778	30347750
1787644617.610755654	s2-eth31	15228	164160384
1787644617.610755654	s2-eth32	13868	34355592
1787644617.610755654	s2-eth33	14372	37209655
1787644617.610755654	s2-eth34	12313	27739896
1787644617.610755654	s2-eth4	66938902	16455
1787644617.610755654	s2-eth5	76608233	18835
1787644617.610755654	s2-eth6	70180983	16892
1787644617.610755654	s2-eth7	172486088	19287
1787644617.610755654	s2-eth8	70171821	17196
1787644617.610755654	s2-eth9	76612496	18770
1787644617.610755654	s3-eth1	1759595518	1566344884
1787644617.610755654	s3-eth10	15247	30882005
1787644617.610755654	s3-eth11	16912	245782340
1787644617.610755654	s3-eth12	15615	30740508
1787644617.610755654	s3-eth13	16493	34952831
1787644617.610755654	s3-eth14	14979	30455218
1787644617.610755654	s3-eth15	18450	161638851
1787644617.610755654	s3-eth16	13506	28745474
1787644617.610755654	s3-eth17	15664	44718400
1787644617.610755654	s3-eth18	14302	30197367
1787644617.610755654	s3-eth19	324871002	18841
1787644617.610755654	s3-eth2	8314130	13229
1787644617.610755654	s3-eth20	63743432	16089
1787644617.610755654	s3-eth21	76626321	18261
1787644617.610755654	s3-eth22	66957942	16125
1787644617.610755654	s3-eth23	173904225	18496
1787644617.610755654	s3-eth24	44437054	14887
1787644617.610755654	s3-eth25	76630483	18118
1787644617.610755654	s3-eth26	70188391	16792
1787644617.610755654	s3-eth27	322764569	17068
1787644617.610755654	s3-eth28	70191163	16636
1787644617.610755654	s3-eth29	76611023	17892
1787644617.610755654	s3-eth3	16928	708710747
1787644617.610755654	s3-eth30	54090982	14894
1787644617.610755654	s3-eth31	168950977	18073
1787644617.610755654	s3-eth32	48297169	15932
1787644617.610755654	s3-eth33	76619582	17829
1787644617.610755654	s3-eth34	38000129	14977
1787644617.610755654	s3-eth4	15196	31930291
1787644617.610755654	s3-eth5	17092	36251112
1787644617.610755654	s3-eth6	15492	31489635
1787644617.610755654	s3-eth7	18256	162609067
1787644617.610755654	s3-eth8	16155	31277354
1787644617.610755654	s3-eth9	16542	35577110
1787644617.610755654	s4-eth1	2804683854	419867
1787644617.610755654	s4-eth10	14529	38988639
1787644617.610755654	s4-eth11	17651	287130322
1787644617.610755654	s4-eth12	14850	38838299
1787644617.610755654	s4-eth13	16419	44086856
1787644617.610755654	s4-eth14	14629	39425447
1787644617.610755654	s4-eth15	18426	167696270
1787644617.610755654	s4-eth16	13766	45557601
1787644617.610755654	s4-eth17	15486	44003025
1787644617.610755654	s4-eth18	13486	34987218
1787644617.610755654	s4-eth19	15374	204622969
1787644617.610755654	s4-eth2	13229	23045
1787644617.610755654	s4-eth20	12552	44811515
1787644617.610755654	s4-eth21	14814	55287800
1787644617.610755654	s4-eth22	12585	46378658
1787644617.610755654	s4-eth23	15089	171316124
1787644617.610755654	s4-eth24	11483	36426299
1787644617.610755654	s4-eth25	14671	55370795
1787644617.610755654	s4-eth26	13435	49376203
1787644617.610755654	s4-eth27	13824	276320622
1787644617.610755654	s4-eth28	13189	49709030
1787644617.610755654	s4-eth29	14579	54477762
1787644617.610755654	s4-eth3	17377	183189517
1787644617.610755654	s4-eth30	11607	39975465
1787644617.610755654	s4-eth31	15407	166853974
1787644617.610755654	s4-eth32	12773	29010112
1787644617.610755654	s4-eth33	14358	54828202
1787644617.610755654	s4-eth34	11526	34810298
1787644617.610755654	s4-eth4	14188	37151534
1787644617.610755654	s4-eth5	15733	44820189
1787644617.610755654	s4-eth6	14384	39492423
1787644617.610755654	s4-eth7	16713	166442674
1787644617.610755654	s4-eth8	14666	39296886
1787644617.610755654	s4-eth9	16106	44553746
1787644617.610755654	s5-eth1	4015838147	420342
1787644617.610755654	s5-eth2	1690320015	1798561099
1787644617.610755654	s5-eth3	13256	3394653602
1787644617.610755654	s5-eth4	460958	13256
1787644617.610755654	s6-eth1	13256	22421
1787644617.610755654	s6-eth2	1384065	11023
1787644617.610755654	s6-eth3	13256	1278286
1787644617.610755654	s6-eth4	11537	13256
1787644617.610755654	s7-eth1	1568373805	1763630261
1787644617.610755654	s7-eth2	419894	2807334277
1787644617.610755654	s7-eth3	3241069444	11226
1787644617.610755654	s7-eth4	196507	680012
1787644617.610755654	s8-eth1	13256	8314157
1787644617.610755654	s8-eth2	23072	13256
1787644617.610755654	s8-eth3	8402970	13256
1787644617.610755654	s8-eth4	46944	13256
1787644617.610755654	s9-eth1	3395279430	13256
1787644617.610755654	s9-eth2	1278286	13256
1787644617.610755654	s9-eth3	11226	3241326120
1787644617.610755654	s9-eth4	13256	8402970
1787644622.094266345	s10-eth1	13256	460958
1787644622.094266345	s10-eth2	13256	11537
1787644622.094266345	s10-eth3	680012	196507
1787644622.094266345	s10-eth4	13256	46944
1787644622.094266345	s1-eth1	420342	4036158811
1787644622.094266345	s1-eth10	70184041	17726
1787644622.094266345	s1-eth11	363291409	20312
1787644622.094266345	s1-eth12	70182388	17893
1787644622.094266345	s1-eth13	76611484	19076
1787644622.094266345	s1-eth14	70181863	17894
1787644622.094266345	s1-eth15	179131759	21168
1787644622.094266345	s1-eth16	50876752	16898
1787644622.094266345	s1-eth17	76628004	18292
1787644622.094266345	s1-eth18	70186718	17549
1787644622.094266345	s1-eth19	812349426	18304
1787644622.094266345	s1-eth2	22421	13256
1787644622.094266345	s1-eth20	70190152	16746
1787644622.094266345	s1-eth21	63754867	17355
1787644622.094266345	s1-eth22	70176529	16880
1787644622.094266345	s1-eth23	179192234	19892
1787644622.094266345	s1-eth24	66965690	15928
1787644622.094266345	s1-eth25	38000545	15875
1787644622.094266345	s1-eth26	50873838	15379
1787644622.094266345	s1-eth27	363447265	18287
1787644622.094266345	s1-eth28	50870455	15464
1787644622.094266345	s1-eth29	57315517	17534
1787644622.094266345	s1-eth3	928512115	20301
1787644622.094266345	s1-eth30	57314683	15556
1787644622.094266345	s1-eth31	176673158	18601
1787644622.094266345	s1-eth32	70187909	16731
1787644622.094266345	s1-eth33	57318346	17482
1787644622.094266345	s1-eth34	50875308	15353
1787644622.094266345	s1-eth4	70184840	18629
1787644622.094266345	s1-eth5	76617581	19771
1787644622.094266345	s1-eth6	70177558	18608
1787644622.094266345	s1-eth7	179294601	21032
1787644622.094266345	s1-eth8	70186433	19076
1787644622.094266345	s1-eth9	76614389	19326
1787644622.094266345	s2-eth1	1810418665	1695829897
1787644622.094266345	s2-eth10	70185294	17764
1787644622.094266345	s2-eth11	440799261	20238
1787644622.094266345	s2-eth12	70186569	17856
1787644622.094266345	s2-eth13	76627604	18500
1787644622.094266345	s2-eth14	70187528	17298
1787644622.094266345	s2-eth15	179420432	20444
1787644622.094266345	s2-eth16	63754726	16361
1787644622.094266345	s2-eth17	76626331	18564
1787644622.094266345	s2-eth18	57313731	16204
1787644622.094266345	s2-eth19	15413	730232164
1787644622.094266345	s2-eth2	11023	1384065
1787644622.094266345	s2-eth20	13479	36289633
1787644622.094266345	s2-eth21	13975	36530448
1787644622.094266345	s2-eth22	13343	35509688
1787644622.094266345	s2-eth23	16824	167567677
1787644622.094266345	s2-eth24	12555	33373296
1787644622.094266345	s2-eth25	12949	30922764
1787644622.094266345	s2-eth26	12582	28168523
1787644622.094266345	s2-eth27	15314	251233451
1787644622.094266345	s2-eth28	12824	27745086
1787644622.094266345	s2-eth29	14491	38154668
1787644622.094266345	s2-eth3	338261784	20186
1787644622.094266345	s2-eth30	12778	30347750
1787644622.094266345	s2-eth31	15228	166812222
1787644622.094266345	s2-eth32	13868	34355592
1787644622.094266345	s2-eth33	14372	37209655
1787644622.094266345	s2-eth34	12313	27739896
1787644622.094266345	s2-eth4	66938902	16455
1787644622.094266345	s2-eth5	76608233	18835
1787644622.094266345	s2-eth6	70180983	16892
1787644622.094266345	s2-eth7	175254728	19287
1787644622.094266345	s2-eth8	70171821	17196
1787644622.094266345	s2-eth9	76612496	18770
1787644622.094266345	s3-eth1	1778537657	1575332897
1787644622.094266345	s3-eth10	15247	30882005
1787644622.094266345	s3-eth11	16912	248525024
1787644622.094266345	s3-eth12	15615	30740508
1787644622.094266345	s3-eth13	16493	34952831
1787644622.094266345	s3-eth14	14979	30455218
1787644622.094266345	s3-eth15	18450	164406049
1787644622.094266345	s3-eth16	13506	28745474
1787644622.094266345	s3-eth17	15664	44718400
1787644622.094266345	s3-eth18	14302	30197367
1787644622.094266345	s3-eth19	325446360	18841
1787644622.094266345	s3-eth2	8314157	13256
1787644622.094266345	s3-eth20	63743432	16089
1787644622.094266345	s3-eth21	76626321	18261
1787644622.094266345	s3-eth22	66957942	16125
1787644622.094266345	s3-eth23	176812739	18496
1787644622.094266345	s3-eth24	44437054	14887
1787644622.094266345	s3-eth25	76630483	18118
1787644622.094266345	s3-eth26	70188391	16792
1787644622.094266345	s3-eth27	325694713	17068
1787644622.094266345	s3-eth28	70191163	16636
1787644622.094266345	s3-eth29	76611023	17892
1787644622.094266345	s3-eth3	16928	720173205
1787644622.094266345	s3-eth30	54090982	14894
1787644622.094266345	s3-eth31	171894099	18073
1787644622.094266345	s3-eth32	48297169	15932
1787644622.094266345	s3-eth33	76619582	17829
1787644622.094266345	s3-eth34	38000129	14977
1787644622.094266345	s3-eth4	15196	31930291
1787644622.094266345	s3-eth5	17092	36251112
1787644622.094266345	s3-eth6	15492	31489635
1787644622.094266345	s3-eth7	18256	165514697
1787644622.094266345	s3-eth8	16155	31277354
1787644622.094266345	s3-eth9	16542	35577110
1787644622.094266345	s4-eth1	2823992261	419894
1787644622.094266345	s4-eth10	14529	38988639
1787644622.094266345	s4-eth11	17651	290168616
1787644622.094266345	s4-eth12	14850	38838299
1787644622.094266345	s4-eth13	16419	44086856
1787644622.094266345	s4-eth14	14629	39425447
1787644622.094266345	s4-eth15	18426	170743216
1787644622.094266345	s4-eth16	13766	45557601
1787644622.094266345	s4-eth17	15486	44003025
1787644622.094266345	s4-eth18	13486	34987218
1787644622.094266345	s4-eth19	15374	205231493
1787644622.094266345	s4-eth2	13256	23072
1787644622.094266345	s4-eth20	12552	44811515
1787644622.094266345	s4-eth21	14814	55287800
1787644622.094266345	s4-eth22	12585	46378658
1787644622.094266345	s4-eth23	15089	174347208
1787644622.094266345	s4-eth24	11483	36426299
1787644622.094266345	s4-eth25	14671	55370795
1787644622.094266345	s4-eth26	13435	49376203
1787644622.094266345	s4-eth27	13824	279327192
1787644622.094266345	s4-eth28	13189	49709030
1787644622.094266345	s4-eth29	14579	54477762
1787644622.094266345	s4-eth3	17377	183787947
1787644622.094266345	s4-eth30	11607	39975465
1787644622.094266345	s4-eth31	15407	169841798
1787644622.094266345	s4-eth32	12773	29010112
1787644622.094266345	s4-eth33	14358	54828202
1787644622.094266345	s4-eth34	11526	34810298
1787644622.094266345	s4-eth4	14188	37151534
1787644622.094266345	s4-eth5	15733	44820189
1787644622.094266345	s4-eth6	14384	39492423
1787644622.094266345	s4-eth7	16713	169434824
1787644622.094266345	s4-eth8	14666	39296886
1787644622.094266345	s4-eth9	16106	44553746
1787644622.094266345	s5-eth1	4057846491	420342
1787644622.094266345	s5-eth2	1699894895	1819312921
1787644622.094266345	s5-eth3	13256	3424978862
1787644622.094266345	s5-eth4	460958	13256
1787644622.094266345	s6-eth1	13256	22421
1787644622.094266345	s6-eth2	1384065	11023
1787644622.094266345	s6-eth3	13256	1278286
1787644622.094266345	s6-eth4	11565	13256
1787644622.094266345	s7-eth1	1578022254	1784471514
1787644622.094266345	s7-eth2	419921	2826664314
1787644622.094266345	s7-eth3	3271696109	11253
1787644622.094266345	s7-eth4	196535	680039
1787644622.094266345	s8-eth1	13283	8314184
1787644622.094266345	s8-eth2	23099	13283
1787644622.094266345	s8-eth3	8402997	13283
1787644622.094266345	s8-eth4	46972	13283
1787644622.094266345	s9-eth1	3426341579	13283
1787644622.094266345	s9-eth2	1278313	13283
1787644622.094266345	s9-eth3	11253	3272458927
1787644622.094266345	s9-eth4	13283	8402997
1787644626.891723231	s10-eth1	13283	460986
1787644626.891723231	s10-eth2	13283	11565
1787644626.891723231	s10-eth3	680039	196535
1787644626.891723231	s10-eth4	13283	46972
1787644626.891723231	s1-eth1	420369	4079447678
1787644626.891723231	s1-eth10	70184041	17726
1787644626.891723231	s1-eth11	366396035	20312
1787644626.891723231	s1-eth12	70182388	17893
1787644626.891723231	s1-eth13	76611484	19076
1787644626.891723231	s1-eth14	70181863	17894
1787644626.891723231	s1-eth15	182227733	21168
1787644626.891723231	s1-eth16	50876752	16898
1787644626.891723231	s1-eth17	76628004	18292
1787644626.891723231	s1-eth18	70186718	17549
1787644626.891723231	s1-eth19	824915014	18304
1787644626.891723231	s1-eth2	22448	13283
1787644626.891723231	s1-eth20	70190152	16746
1787644626.891723231	s1-eth21	63754867	17355
1787644626.891723231	s1-eth22	70176529	16880
1787644626.891723231	s1-eth23	182381938	19892
1787644626.891723231	s1-eth24	66965690	15928
1787644626.891723231	s1-eth25	38000545	15875
1787644626.891723231	s1-eth26	50873838	15379
1787644626.891723231	s1-eth27	366691765	18287
1787644626.891723231	s1-eth28	50870455	15464
1787644626.891723231	s1-eth29	57315517	17534
1787644626.891723231	s1-eth3	941647293	20301
1787644626.891723231	s1-eth30	57314683	15556
1787644626.891723231	s1-eth31	179975338	18601
1787644626.891723231	s1-eth32	70187909	16731
1787644626.891723231	s1-eth33	57318346	17482
1787644626.891723231	s1-eth34	50875308	15353
1787644626.891723231	s1-eth4	70184840	18629
1787644626.891723231	s1-eth5	76617581	19771
1787644626.891723231	s1-eth6	70177558	18608
1787644626.891723231	s1-eth7	182653019	21032
1787644626.891723231	s1-eth8	70186433	19076
1787644626.891723231	s1-eth9	76614389	19326
1787644626.891723231	s2-eth1	1833574328	1706558404
1787644626.891723231	s2-eth10	70185294	17764
1787644626.891723231	s2-eth11	444144701	20238
1787644626.891723231	s2-eth12	70186569	17856
1787644626.891723231	s2-eth13	76627604	18500
1787644626.891723231	s2-eth14	70187528	17298
1787644626.891723231	s2-eth15	182750010	20444
1787644626.891723231	s2-eth16	63754726	16361
1787644626.891723231	s2-eth17	76626331	18564
1787644626.891723231	s2-eth18	57313731	16204
1787644626.891723231	s2-eth19	15413	743365900
1787644626.891723231	s2-eth2	11050	1384092
1787644626.891723231	s2-eth20	13479	36289633
1787644626.891723231	s2-eth21	13975	36530448
1787644626.891723231	s2-eth22	13343	35509688
1787644626.891723231	s2-eth23	16824	170851111
1787644626.891723231	s2-eth24	12555	33373296
1787644626.891723231	s2-eth25	12949	30922764
1787644626.891723231	s2-eth26	12582	28168523
1787644626.891723231	s2-eth27	15314	254498139
1787644626.891723231	s2-eth28	12824	27745086
1787644626.891723231	s2-eth29	14491	38154668
1787644626.891723231	s2-eth3	338922220	20186
1787644626.891723231	s2-eth30	12778	30347750
1787644626.891723231	s2-eth31	15228	170065374
1787644626.891723231	s2-eth32	13868	34355592
1787644626.891723231	s2-eth33	14372	37209655
1787644626.891723231	s2-eth34	12313	27739896
1787644626.891723231	s2-eth4	66938902	16455
1787644626.891723231	s2-eth5	76608233	18835
1787644626.891723231	s2-eth6	70180983	16892
1787644626.891723231	s2-eth7	178528068	19287
1787644626.891723231	s2-eth8	70171821	17196
1787644626.891723231	s2-eth9	76612496	18770
1787644626.891723231	s3-eth1	1800843982	1585723976
1787644626.891723231	s3-eth10	15247	30882005
1787644626.891723231	s3-eth11	16912	251719054
1787644626.891723231	s3-eth12	15615	30740508
1787644626.891723231	s3-eth13	16493	34952831
1787644626.891723231	s3-eth14	14979	30455218
1787644626.891723231	s3-eth15	18450	167584217
1787644626.891723231	s3-eth16	13506	28745474
1787644626.891723231	s3-eth17	15664	44718400
1787644626.891723231	s3-eth18	14302	30197367
1787644626.891723231	s3-eth19	326093818	18841
1787644626.891723231	s3-eth2	8314184	13283
1787644626.891723231	s3-eth20	63743432	16089
1787644626.891723231	s3-eth21	76626321	18261
1787644626.891723231	s3-eth22	66957942	16125
1787644626.891723231	s3-eth23	180051471	18496
1787644626.891723231	s3-eth24	44437054	14887
1787644626.891723231	s3-eth25	76630483	18118
1787644626.891723231	s3-eth26	70188391	16792
1787644626.891723231	s3-eth27	328934887	17068
1787644626.891723231	s3-eth28	70191163	16636
1787644626.891723231	s3-eth29	76611023	17892
1787644626.891723231	s3-eth3	16928	732894529
1787644626.891723231	s3-eth30	54090982	14894
1787644626.891723231	s3-eth31	175158787	18073
1787644626.891723231	s3-eth32	48297169	15932
1787644626.891723231	s3-eth33	76619582	17829
1787644626.891723231	s3-eth34	38000129	14977
1787644626.891723231	s3-eth4	15196	31930291
1787644626.891723231	s3-eth5	17092	36251112
1787644626.891723231	s3-eth6	15492	31489635
1787644626.891723231	s3-eth7	18256	168728915
1787644626.891723231	s3-eth8	16155	31277354
1787644626.891723231	s3-eth9	16542	35577110
1787644626.891723231	s4-eth1	2844659032	419921
1787644626.891723231	s4-eth10	14529	38988639
1787644626.891723231	s4-eth11	17651	293371298
1787644626.891723231	s4-eth12	14850	38838299
1787644626.891723231	s4-eth13	16419	44086856
1787644626.891723231	s4-eth14	14629	39425447
1787644626.891723231	s4-eth15	18426	173966086
1787644626.891723231	s4-eth16	13766	45557601
1787644626.891723231	s4-eth17	15486	44003025
1787644626.891723231	s4-eth18	13486	34987218
1787644626.891723231	s4-eth19	15374	205884719
1787644626.891723231	s4-eth2	13283	23099
1787644626.891723231	s4-eth20	12552	44811515
1787644626.891723231	s4-eth21	14814	55287800
1787644626.891723231	s4-eth22	12585	46378658
1787644626.891723231	s4-eth23	15089	177652272
1787644626.891723231	s4-eth24	11483	36426299
1787644626.891723231	s4-eth25	14671	55370795
1787644626.891723231	s4-eth26	13435	49376203
1787644626.891723231	s4-eth27	13824	282649560
1787644626.891723231	s4-eth28	13189	49709030
1787644626.891723231	s4-eth29	14579	54477762
1787644626.891723231	s4-eth3	17377	184451267
1787644626.891723231	s4-eth30	11607	39975465
1787644626.891723231	s4-eth31	15407	173200216
1787644626.891723231	s4-eth32	12773	29010112
1787644626.891723231	s4-eth33	14358	54828202
1787644626.891723231	s4-eth34	11526	34810298
1787644626.891723231	s4-eth4	14188	37151534
1787644626.891723231	s4-eth5	15733	44820189
1787644626.891723231	s4-eth6	14384	39492423
1787644626.891723231	s4-eth7	16713	172845154
1787644626.891723231	s4-eth8	14666	39296886
1787644626.891723231	s4-eth9	16106	44553746
1787644626.891723231	s5-eth1	4104962453	420396
1787644626.891723231	s5-eth2	1710862801	1842415257
1787644626.891723231	s5-eth3	13310	3459037514
1787644626.891723231	s5-eth4	461014	13310
1787644626.891723231	s6-eth1	13310	22475
1787644626.891723231	s6-eth2	1384119	11077
1787644626.891723231	s6-eth3	13310	1278340
1787644626.891723231	s6-eth4	11593	13310
1787644626.891723231	s7-eth1	1589160289	1807765609
1787644626.891723231	s7-eth2	419948	2848907191
1787644626.891723231	s7-eth3	3306197428	11280
1787644626.891723231	s7-eth4	196563	680066
1787644626.891723231	s8-eth1	13310	8314211
1787644626.891723231	s8-eth2	23126	13310
1787644626.891723231	s8-eth3	8403024	13310
1787644626.891723231	s8-eth4	47000	13310
1787644626.891723231	s9-eth1	3461142834	13310
1787644626.891723231	s9-eth2	1278340	13310
1787644626.891723231	s9-eth3	11280	3307446200
1787644626.891723231	s9-eth4	13310	8403024
1787644632.385404068	s10-eth1	13310	461014
1787644632.385404068	s10-eth2	13310	11593
1787644632.385404068	s10-eth3	680066	196563
1787644632.385404068	s10-eth4	13310	47000
1787644632.385404068	s1-eth1	420396	4128312759
1787644632.385404068	s1-eth10	70184041	17726
1787644632.385404068	s1-eth11	369933261	20312
1787644632.385404068	s1-eth12	70182388	17893
1787644632.385404068	s1-eth13	76611484	19076
1787644632.385404068	s1-eth14	70181863	17894
1787644632.385404068	s1-eth15	185772169	21168
1787644632.385404068	s1-eth16	50876752	16898
1787644632.385404068	s1-eth17	76628004	18292
1787644632.385404068	s1-eth18	70186718	17549
1787644632.385404068	s1-eth19	839046614	18304
1787644632.385404068	s1-eth2	22475	13310
1787644632.385404068	s1-eth20	70190152	16746
1787644632.385404068	s1-eth21	63754867	17355
1787644632.385404068	s1-eth22	70176529	16880
1787644632.385404068	s1-eth23	185917722	19892
1787644632.385404068	s1-eth24	66965690	15928
1787644632.385404068	s1-eth25	38000545	15875
1787644632.385404068	s1-eth26	50873838	15379
1787644632.385404068	s1-eth27	370203035	18287
1787644632.385404068	s1-eth28	50870455	15464
1787644632.385404068	s1-eth29	57315517	17534
1787644632.385404068	s1-eth3	955718329	20301
1787644632.385404068	s1-eth30	57314683	15556
1787644632.385404068	s1-eth31	183496702	18601
1787644632.385404068	s1-eth32	70187909	16731
1787644632.385404068	s1-eth33	57318346	17482
1787644632.385404068	s1-eth34	50875308	15353
1787644632.385404068	s1-eth4	70184840	18629
1787644632.385404068	s1-eth5	76617581	19771
1787644632.385404068	s1-eth6	70177558	18608
1787644632.385404068	s1-eth7	186201781	21032
1787644632.385404068	s1-eth8	70186433	19076
1787644632.385404068	s1-eth9	76614389	19326
1787644632.385404068	s2-eth1	1857546163	1717950231
1787644632.385404068	s2-eth10	70185294	17764
1787644632.385404068	s2-eth11	447722303	20238
1787644632.385404068	s2-eth12	70186569	17856
1787644632.385404068	s2-eth13	76627604	18500
1787644632.385404068	s2-eth14	70187528	17298
1787644632.385404068	s2-eth15	186339148	20444
1787644632.385404068	s2-eth16	63754726	16361
1787644632.385404068	s2-eth17	76626331	18564
1787644632.385404068	s2-eth18	57313731	16204
1787644632.385404068	s2-eth19	15413	757248034
1787644632.385404068	s2-eth2	11077	1384119
1787644632.385404068	s2-eth20	13479	36289633
1787644632.385404068	s2-eth21	13975	36530448
1787644632.385404068	s2-eth22	13343	35509688
1787644632.385404068	s2-eth23	16824	174347961
1787644632.385404068	s2-eth24	12555	33373296
1787644632.385404068	s2-eth25	12949	30922764
1787644632.385404068	s2-eth26	12582	28168523
1787644632.385404068	s2-eth27	15314	258038249
1787644632.385404068	s2-eth28	12824	27745086
1787644632.385404068	s2-eth29	14491	38154668
1787644632.385404068	s2-eth3	339660524	20186
1787644632.385404068	s2-eth30	12778	30347750
1787644632.385404068	s2-eth31	15228	173615578
1787644632.385404068	s2-eth32	13868	34355592
1787644632.385404068	s2-eth33	14372	37209655
1787644632.385404068	s2-eth34	12313	27739896
1787644632.385404068	s2-eth4	66938902	16455
1787644632.385404068	s2-eth5	76608233	18835
1787644632.385404068	s2-eth6	70180983	16892
1787644632.385404068	s2-eth7	182257080	19287
1787644632.385404068	s2-eth8	70171821	17196
1787644632.385404068	s2-eth9	76612496	18770
1787644632.385404068	s3-eth1	1825451739	1597626271
1787644632.385404068	s3-eth10	15247	30882005
1787644632.385404068	s3-eth11	16912	255243302
1787644632.385404068	s3-eth12	15615	30740508
1787644632.385404068	s3-eth13	16493	34952831
1787644632.385404068	s3-eth14	14979	30455218
1787644632.385404068	s3-eth15	18450	171060879
1787644632.385404068	s3-eth16	13506	28745474
1787644632.385404068	s3-eth17	15664	44718400
1787644632.385404068	s3-eth18	14302	30197367
1787644632.385404068	s3-eth19	326835006	18841
1787644632.385404068	s3-eth2	8314211	13310
1787644632.385404068	s3-eth20	63743432	16089
1787644632.385404068	s3-eth21	76626321	18261
1787644632.385404068	s3-eth22	66957942	16125
1787644632.385404068	s3-eth23	183789135	18496
1787644632.385404068	s3-eth24	44437054	14887
1787644632.385404068	s3-eth25	76630483	18118
1787644632.385404068	s3-eth26	70188391	16792
1787644632.385404068	s3-eth27	332691297	17068
1787644632.385404068	s3-eth28	70191163	16636
1787644632.385404068	s3-eth29	76611023	17892
1787644632.385404068	s3-eth3	16928	746857415
1787644632.385404068	s3-eth30	54090982	14894
1787644632.385404068	s3-eth31	178922407	18073
1787644632.385404068	s3-eth32	48297169	15932
1787644632.385404068	s3-eth33	76619582	17829
1787644632.385404068	s3-eth34	38000129	14977
1787644632.385404068	s3-eth4	15196	31930291
1787644632.385404068	s3-eth5	17092	36251112
1787644632.385404068	s3-eth6	15492	31489635
1787644632.385404068	s3-eth7	18256	172251721
1787644632.385404068	s3-eth8	16155	31277354
1787644632.385404068	s3-eth9	16542	35577110
1787644632.385404068	s4-eth1	2869010140	419975
1787644632.385404068	s4-eth10	14529	38988639
1787644632.385404068	s4-eth11	17651	297165200
1787644632.385404068	s4-eth12	14850	38838299
1787644632.385404068	s4-eth13	16419	44086856
1787644632.385404068	s4-eth14	14629	39425447
1787644632.385404068	s4-eth15	18426	177790270
1787644632.385404068	s4-eth16	13766	45557601
1787644632.385404068	s4-eth17	15486	44003025
1787644632.385404068	s4-eth18	13486	34987218
1787644632.385404068	s4-eth19	15374	206663399
1787644632.385404068	s4-eth2	13337	23153
1787644632.385404068	s4-eth20	12552	44811515
1787644632.385404068	s4-eth21	14814	55287800
1787644632.385404068	s4-eth22	12585	46378658
1787644632.385404068	s4-eth23	15089	181552882
1787644632.385404068	s4-eth24	11483	36426299
1787644632.385404068	s4-eth25	14671	55370795
1787644632.385404068	s4-eth26	13435	49376203
1787644632.385404068	s4-eth27	13824	286563148
1787644632.385404068	s4-eth28	13189	49709030
1787644632.385404068	s4-eth29	14579	54477762
1787644632.385404068	s4-eth3	17377	185231389
1787644632.385404068	s4-eth30	11607	39975465
1787644632.385404068	s4-eth31	15407	177149854
1787644632.385404068	s4-eth32	12773	29010112
1787644632.385404068	s4-eth33	14358	54828202
1787644632.385404068	s4-eth34	11526	34810298
1787644632.385404068	s4-eth4	14188	37151534
1787644632.385404068	s4-eth5	15733	44820189
1787644632.385404068	s4-eth6	14384	39492423
1787644632.385404068	s4-eth7	16713	176840936
1787644632.385404068	s4-eth8	14666	39296886
1787644632.385404068	s4-eth9	16106	44553746
1787644632.385404068	s5-eth1	4159550832	420423
1787644632.385404068	s5-eth2	1723875436	1868371284
1787644632.385404068	s5-eth3	13337	3498027779
1787644632.385404068	s5-eth4	461042	13337
1787644632.385404068	s6-eth1	13337	22502
1787644632.385404068	s6-eth2	1384146	11104
1787644632.385404068	s6-eth3	13337	1278367
1787644632.385404068	s6-eth4	11621	13337
1787644632.385404068	s7-eth1	1602103708	1833160698
1787644632.385404068	s7-eth2	419975	2874677200
1787644632.385404068	s7-eth3	3344606567	11307
1787644632.385404068	s7-eth4	196591	680093
1787644632.385404068	s8-eth1	13337	8314238
1787644632.385404068	s8-eth2	23153	13337
1787644632.385404068	s8-eth3	8403051	13337
1787644632.385404068	s8-eth4	47028	13337
1787644632.385404068	s9-eth1	3499613979	13337
1787644632.385404068	s9-eth2	1278367	13337
1787644632.385404068	s9-eth3	11307	3345617409
1787644632.385404068	s9-eth4	13337	8403051
1787644638.747183307	s10-eth1	13337	461042
1787644638.747183307	s10-eth2	13337	11621
1787644638.747183307	s10-eth3	680093	196591
1787644638.747183307	s10-eth4	13337	47028
1787644638.747183307	s1-eth1	420423	4182702142
1787644638.747183307	s1-eth10	70184041	17726
1787644638.747183307	s1-eth11	374051613	20312
1787644638.747183307	s1-eth12	70182388	17893
1787644638.747183307	s1-eth13	76611484	19076
1787644638.747183307	s1-eth14	70181863	17894
1787644638.747183307	s1-eth15	189906383	21168
1787644638.747183307	s1-eth16	50876752	16898
1787644638.747183307	s1-eth17	76628004	18292
1787644638.747183307	s1-eth18	70186718	17549
1787644638.747183307	s1-eth19	855593564	18304
1787644638.747183307	s1-eth2	22502	13337
1787644638.747183307	s1-eth20	70190152	16746
1787644638.747183307	s1-eth21	63754867	17355
1787644638.747183307	s1-eth22	70176529	16880
1787644638.747183307	s1-eth23	190037516	19892
1787644638.747183307	s1-eth24	66965690	15928
1787644638.747183307	s1-eth25	38000545	15875
1787644638.747183307	s1-eth26	50873838	15379
1787644638.747183307	s1-eth27	374319945	18287
1787644638.747183307	s1-eth28	50870455	15464
1787644638.747183307	s1-eth29	57315517	17534
1787644638.747183307	s1-eth3	972056189	20301
1787644638.747183307	s1-eth30	57314683	15556
1787644638.747183307	s1-eth31	187558816	18601
1787644638.747183307	s1-eth32	70187909	16731
1787644638.747183307	s1-eth33	57318346	17482
1787644638.747183307	s1-eth34	50875308	15353
1787644638.747183307	s1-eth4	70184840	18629
1787644638.747183307	s1-eth5	76617581	19771
1787644638.747183307	s1-eth6	70177558	18608
1787644638.747183307	s1-eth7	190236497	21032
1787644638.747183307	s1-eth8	70186433	19076
1787644638.747183307	s1-eth9	76614389	19326
1787644638.747183307	s2-eth1	1882198622	1730748008
1787644638.747183307	s2-eth10	70185294	17764
1787644638.747183307	s2-eth11	451689245	20238
1787644638.747183307	s2-eth12	70186569	17856
1787644638.747183307	s2-eth13	76627604	18500
1787644638.747183307	s2-eth14	70187528	17298
1787644638.747183307	s2-eth15	190259946	20444
1787644638.747183307	s2-eth16	63754726	16361
1787644638.747183307	s2-eth17	76626331	18564
1787644638.747183307	s2-eth18	57313731	16204
1787644638.747183307	s2-eth19	15413	770580766
1787644638.747183307	s2-eth2	11104	1384146
1787644638.747183307	s2-eth20	13479	36289633
1787644638.747183307	s2-eth21	13975	36530448
1787644638.747183307	s2-eth22	13343	35509688
1787644638.747183307	s2-eth23	16824	177647257
1787644638.747183307	s2-eth24	12555	33373296
1787644638.747183307	s2-eth25	12949	30922764
1787644638.747183307	s2-eth26	12582	28168523
1787644638.747183307	s2-eth27	15314	261431275
1787644638.747183307	s2-eth28	12824	27745086
1787644638.747183307	s2-eth29	14491	38154668
1787644638.747183307	s2-eth3	340421900	20186
1787644638.747183307	s2-eth30	12778	30347750
1787644638.747183307	s2-eth31	15228	176966786
1787644638.747183307	s2-eth32	13868	34355592
1787644638.747183307	s2-eth33	14372	37209655
1787644638.747183307	s2-eth34	12313	27739896
1787644638.747183307	s2-eth4	66938902	16455
1787644638.747183307	s2-eth5	76608233	18835
1787644638.747183307	s2-eth6	70180983	16892
1787644638.747183307	s2-eth7	186049540	19287
1787644638.747183307	s2-eth8	70171821	17196
1787644638.747183307	s2-eth9	76612496	18770
1787644638.747183307	s3-eth1	1848702601	1609864579
1787644638.747183307	s3-eth10	15247	30882005
1787644638.747183307	s3-eth11	16912	258568554
1787644638.747183307	s3-eth12	15615	30740508
1787644638.747183307	s3-eth13	16493	34952831
1787644638.747183307	s3-eth14	14979	30455218
1787644638.747183307	s3-eth15	18450	174475535
1787644638.747183307	s3-eth16	13506	28745474
1787644638.747183307	s3-eth17	15664	44718400
1787644638.747183307	s3-eth18	14302	30197367
1787644638.747183307	s3-eth19	327618012	18841
1787644638.747183307	s3-eth2	8314265	13364
1787644638.747183307	s3-eth20	63743432	16089
1787644638.747183307	s3-eth21	76626321	18261
1787644638.747183307	s3-eth22	66957942	16125
1787644638.747183307	s3-eth23	187696955	18496
1787644638.747183307	s3-eth24	44437054	14887
1787644638.747183307	s3-eth25	76630483	18118
1787644638.747183307	s3-eth26	70188391	16792
1787644638.747183307	s3-eth27	336668333	17068
1787644638.747183307	s3-eth28	70191163	16636
1787644638.747183307	s3-eth29	76611023	17892
1787644638.747183307	s3-eth3	16928	760126699
1787644638.747183307	s3-eth30	54090982	14894
1787644638.747183307	s3-eth31	183014803	18073
1787644638.747183307	s3-eth32	48297169	15932
1787644638.747183307	s3-eth33	76619582	17829
1787644638.747183307	s3-eth34	38000129	14977
1787644638.747183307	s3-eth4	15196	31930291
1787644638.747183307	s3-eth5	17092	36251112
1787644638.747183307	s3-eth6	15492	31489635
1787644638.747183307	s3-eth7	18256	175617349
1787644638.747183307	s3-eth8	16155	31277354
1787644638.747183307	s3-eth9	16542	35577110
1787644638.747183307	s4-eth1	2895215633	420002
1787644638.747183307	s4-eth10	14529	38988639
1787644638.747183307	s4-eth11	17651	301273458
1787644638.747183307	s4-eth12	14850	38838299
1787644638.747183307	s4-eth13	16419	44086856
1787644638.747183307	s4-eth14	14629	39425447
1787644638.747183307	s4-eth15	18426	181874014
1787644638.747183307	s4-eth16	13766	45557601
1787644638.747183307	s4-eth17	15486	44003025
1787644638.747183307	s4-eth18	13486	34987218
1787644638.747183307	s4-eth19	15374	207489665
1787644638.747183307	s4-eth2	13364	23180
1787644638.747183307	s4-eth20	12552	44811515
1787644638.747183307	s4-eth21	14814	55287800
1787644638.747183307	s4-eth22	12585	46378658
1787644638.747183307	s4-eth23	15089	185697190
1787644638.747183307	s4-eth24	11483	36426299
1787644638.747183307	s4-eth25	14671	55370795
1787644638.747183307	s4-eth26	13435	49376203
1787644638.747183307	s4-eth27	13824	290733412
1787644638.747183307	s4-eth28	13189	49709030
1787644638.747183307	s4-eth29	14579	54477762
1787644638.747183307	s4-eth3	17377	186040351
1787644638.747183307	s4-eth30	11607	39975465
1787644638.747183307	s4-eth31	15407	181265322
1787644638.747183307	s4-eth32	12773	29010112
1787644638.747183307	s4-eth33	14358	54828202
1787644638.747183307	s4-eth34	11526	34810298
1787644638.747183307	s4-eth4	14188	37151534
1787644638.747183307	s4-eth5	15733	44820189
1787644638.747183307	s4-eth6	14384	39492423
1787644638.747183307	s4-eth7	16713	180887188
1787644638.747183307	s4-eth8	14666	39296886
1787644638.747183307	s4-eth9	16106	44553746
1787644638.747183307	s5-eth1	4208813905	420450
1787644638.747183307	s5-eth2	1737045249	1890439679
1787644638.747183307	s5-eth3	13364	3533571664
1787644638.747183307	s5-eth4	461070	13364
1787644638.747183307	s6-eth1	13364	22529
1787644638.747183307	s6-eth2	1384173	11131
1787644638.747183307	s6-eth3	13364	1278394
1787644638.747183307	s6-eth4	11649	13364
1787644638.747183307	s7-eth1	1615433583	1855233419
1787644638.747183307	s7-eth2	420002	2901293663
1787644638.747183307	s7-eth3	3380650826	11334
1787644638.747183307	s7-eth4	196619	680120
1787644638.747183307	s8-eth1	13364	8314265
1787644638.747183307	s8-eth2	23180	13364
1787644638.747183307	s8-eth3	8403078	13364
1787644638.747183307	s8-eth4	47056	13364
1787644638.747183307	s9-eth1	3536080744	13364
1787644638.747183307	s9-eth2	1278394	13364
1787644638.747183307	s9-eth3	11334	3381622734
1787644638.747183307	s9-eth4	13364	8403078
1787644645.163529171	s10-eth1	13391	461098
1787644645.163529171	s10-eth2	13391	11677
1787644645.163529171	s10-eth3	680147	196647
1787644645.163529171	s10-eth4	13391	47084
1787644645.163529171	s1-eth1	420477	4233613448
1787644645.163529171	s1-eth10	70184041	17726
1787644645.163529171	s1-eth11	378208899	20312
1787644645.163529171	s1-eth12	70182388	17893
1787644645.163529171	s1-eth13	76611484	19076
1787644645.163529171	s1-eth14	70181863	17894
1787644645.163529171	s1-eth15	194092509	21168
1787644645.163529171	s1-eth16	50876752	16898
1787644645.163529171	s1-eth17	76628004	18292
1787644645.163529171	s1-eth18	70186718	17549
1787644645.163529171	s1-eth19	872392864	18304
1787644645.163529171	s1-eth2	22556	13391
1787644645.163529171	s1-eth20	70190152	16746
1787644645.163529171	s1-eth21	63754867	17355
1787644645.163529171	s1-eth22	70176529	16880
1787644645.163529171	s1-eth23	194301510	19892
1787644645.163529171	s1-eth24	66965690	15928
1787644645.163529171	s1-eth25	38000545	15875
1787644645.163529171	s1-eth26	50873838	15379
1787644645.163529171	s1-eth27	378607011	18287
1787644645.163529171	s1-eth28	50870455	15464
1787644645.163529171	s1-eth29	57315517	17534
1787644645.163529171	s1-eth3	989324139	20301
1787644645.163529171	s1-eth30	57314683	15556
1787644645.163529171	s1-eth31	191915098	18601
1787644645.163529171	s1-eth32	70187909	16731
1787644645.163529171	s1-eth33	57318346	17482
1787644645.163529171	s1-eth34	50875308	15353
1787644645.163529171	s1-eth4	70184840	18629
1787644645.163529171	s1-eth5	76617581	19771
1787644645.163529171	s1-eth6	70177558	18608
1787644645.163529171	s1-eth7	194576917	21032
1787644645.163529171	s1-eth8	70186433	19076
1787644645.163529171	s1-eth9	76614389	19326
1787644645.163529171	s2-eth1	1905453810	1744796026
1787644645.163529171	s2-eth10	70185294	17764
1787644645.163529171	s2-eth11	456107533	20238
1787644645.163529171	s2-eth12	70186569	17856
1787644645.163529171	s2-eth13	76627604	18500
1787644645.163529171	s2-eth14	70187528	17298
1787644645.163529171	s2-eth15	194746008	20444
1787644645.163529171	s2-eth16	63754726	16361
1787644645.163529171	s2-eth17	76626331	18564
1787644645.163529171	s2-eth18	57313731	16204
1787644645.163529171	s2-eth19	15413	783974062
1787644645.163529171	s2-eth2	11158	1384200
1787644645.163529171	s2-eth20	13479	36289633
1787644645.163529171	s2-eth21	13975	36530448
1787644645.163529171	s2-eth22	13343	35509688
1787644645.163529171	s2-eth23	16824	181240721
1787644645.163529171	s2-eth24	12555	33373296
1787644645.163529171	s2-eth25	12949	30922764
1787644645.163529171	s2-eth26	12582	28168523
1787644645.163529171	s2-eth27	15314	265000225
1787644645.163529171	s2-eth28	12824	27745086
1787644645.163529171	s2-eth29	14491	38154668
1787644645.163529171	s2-eth3	341364968	20186
1787644645.163529171	s2-eth30	12778	30347750
1787644645.163529171	s2-eth31	15228	180518432
1787644645.163529171	s2-eth32	13868	34355592
1787644645.163529171	s2-eth33	14372	37209655
1787644645.163529171	s2-eth34	12313	27739896
1787644645.163529171	s2-eth4	66938902	16455
1787644645.163529171	s2-eth5	76608233	18835
1787644645.163529171	s2-eth6	70180983	16892
1787644645.163529171	s2-eth7	190798046	19287
1787644645.163529171	s2-eth8	70171821	17196
1787644645.163529171	s2-eth9	76612496	18770
1787644645.163529171	s3-eth1	1872404782	1625162784
1787644645.163529171	s3-eth10	15247	30882005
1787644645.163529171	s3-eth11	16912	262023586
1787644645.163529171	s3-eth12	15615	30740508
1787644645.163529171	s3-eth13	16493	34952831
1787644645.163529171	s3-eth14	14979	30455218
1787644645.163529171	s3-eth15	18450	177949313
1787644645.163529171	s3-eth16	13506	28745474
1787644645.163529171	s3-eth17	15664	44718400
1787644645.163529171	s3-eth18	14302	30197367
1787644645.163529171	s3-eth19	328581268	18841
1787644645.163529171	s3-eth2	8314292	13391
1787644645.163529171	s3-eth20	63743432	16089
1787644645.163529171	s3-eth21	76626321	18261
1787644645.163529171	s3-eth22	66957942	16125
1787644645.163529171	s3-eth23	192569473	18496
1787644645.163529171	s3-eth24	44437054	14887
1787644645.163529171	s3-eth25	76630483	18118
1787644645.163529171	s3-eth26	70188391	16792
1787644645.163529171	s3-eth27	341484613	17068
1787644645.163529171	s3-eth28	70191163	16636
1787644645.163529171	s3-eth29	76611023	17892
1787644645.163529171	s3-eth3	16928	773498365
1787644645.163529171	s3-eth30	54090982	14894
1787644645.163529171	s3-eth31	187805127	18073
1787644645.163529171	s3-eth32	48297169	15932
1787644645.163529171	s3-eth33	76619582	17829
1787644645.163529171	s3-eth34	38000129	14977
1787644645.163529171	s3-eth4	15196	31930291
1787644645.163529171	s3-eth5	17092	36251112
1787644645.163529171	s3-eth6	15492	31489635
1787644645.163529171	s3-eth7	18256	179011817
1787644645.163529171	s3-eth8	16155	31277354
1787644645.163529171	s3-eth9	16542	35577110
1787644645.163529171	s4-eth1	2924581990	420029
1787644645.163529171	s4-eth10	14529	38988639
1787644645.163529171	s4-eth11	17651	305677326
1787644645.163529171	s4-eth12	14850	38838299
1787644645.163529171	s4-eth13	16419	44086856
1787644645.163529171	s4-eth14	14629	39425447
1787644645.163529171	s4-eth15	18426	186302396
1787644645.163529171	s4-eth16	13766	45557601
1787644645.163529171	s4-eth17	15486	44003025
1787644645.163529171	s4-eth18	13486	34987218
1787644645.163529171	s4-eth19	15374	208418313
1787644645.163529171	s4-eth2	13391	23207
1787644645.163529171	s4-eth20	12552	44811515
1787644645.163529171	s4-eth21	14814	55287800
1787644645.163529171	s4-eth22	12585	46378658
1787644645.163529171	s4-eth23	15089	190320242
1787644645.163529171	s4-eth24	11483	36426299
1787644645.163529171	s4-eth25	14671	55370795
1787644645.163529171	s4-eth26	13435	49376203
1787644645.163529171	s4-eth27	13824	295320414
1787644645.163529171	s4-eth28	13189	49709030
1787644645.163529171	s4-eth29	14579	54477762
1787644645.163529171	s4-eth3	17377	186911319
1787644645.163529171	s4-eth30	11607	39975465
1787644645.163529171	s4-eth31	15407	185849440
1787644645.163529171	s4-eth32	12773	29010112
1787644645.163529171	s4-eth33	14358	54828202
1787644645.163529171	s4-eth34	11526	34810298
1787644645.163529171	s4-eth4	14188	37151534
1787644645.163529171	s4-eth5	15733	44820189
1787644645.163529171	s4-eth6	14384	39492423
1787644645.163529171	s4-eth7	16713	185239144
1787644645.163529171	s4-eth8	14666	39296886
1787644645.163529171	s4-eth9	16106	44553746
1787644645.163529171	s5-eth1	4269476015	420504
1787644645.163529171	s5-eth2	1751887809	1917506073
1787644645.163529171	s5-eth3	13418	3575304640
1787644645.163529171	s5-eth4	461126	13418
1787644645.163529171	s6-eth1	13418	22583
1787644645.163529171	s6-eth2	1384227	11185
1787644645.163529171	s6-eth3	13418	1278448
1787644645.163529171	s6-eth4	11705	13418
1787644645.163529171	s7-eth1	1630315077	1880331483
1787644645.163529171	s7-eth2	420056	2930152463
1787644645.163529171	s7-eth3	3420295786	11388
1787644645.163529171	s7-eth4	196675	680174
1787644645.163529171	s8-eth1	13418	8314319
1787644645.163529171	s8-eth2	23234	13418
1787644645.163529171	s8-eth3	8403132	13418
1787644645.163529171	s8-eth4	47112	13418
1787644645.163529171	s9-eth1	3577428706	13418
1787644645.163529171	s9-eth2	1278448	13418
1787644645.163529171	s9-eth3	11388	3421881986
1787644645.163529171	s9-eth4	13418	8403132
1787644652.524210343	s10-eth1	13418	461126
1787644652.524210343	s10-eth2	13418	11705
1787644652.524210343	s10-eth3	680174	196675
1787644652.524210343	s10-eth4	13418	47112
1787644652.524210343	s1-eth1	420504	4293348325
1787644652.524210343	s1-eth10	70184041	17726
1787644652.524210343	s1-eth11	382970383	20312
1787644652.524210343	s1-eth12	70182388	17893
1787644652.524210343	s1-eth13	76611484	19076
1787644652.524210343	s1-eth14	70181863	17894
1787644652.524210343	s1-eth15	198879949	21168
1787644652.524210343	s1-eth16	50876752	16898
1787644652.524210343	s1-eth17	76628004	18292
1787644652.524210343	s1-eth18	70186718	17549
1787644652.524210343	s1-eth19	891702686	18304
1787644652.524210343	s1-eth2	22583	13418
1787644652.524210343	s1-eth20	70190152	16746
1787644652.524210343	s1-eth21	63754867	17355
1787644652.524210343	s1-eth22	70176529	16880
1787644652.524210343	s1-eth23	199120674	19892
1787644652.524210343	s1-eth24	66965690	15928
1787644652.524210343	s1-eth25	38000545	15875
1787644652.524210343	s1-eth26	50873838	15379
1787644652.524210343	s1-eth27	383442037	18287
1787644652.524210343	s1-eth28	50870455	15464
1787644652.524210343	s1-eth29	57315517	17534
1787644652.524210343	s1-eth3	1008628193	20301
1787644652.524210343	s1-eth30	57314683	15556
1787644652.524210343	s1-eth31	196715516	18601
1787644652.524210343	s1-eth32	70187909	16731
1787644652.524210343	s1-eth33	57318346	17482
1787644652.524210343	s1-eth34	50875308	15353
1787644652.524210343	s1-eth4	70184840	18629
1787644652.524210343	s1-eth5	76617581	19771
1787644652.524210343	s1-eth6	70177558	18608
1787644652.524210343	s1-eth7	199423479	21032
1787644652.524210343	s1-eth8	70186433	19076
1787644652.524210343	s1-eth9	76614389	19326
1787644652.524210343	s2-eth1	1932057295	1760294669
1787644652.524210343	s2-eth10	70185294	17764
1787644652.524210343	s2-eth11	460955537	20238
1787644652.524210343	s2-eth12	70186569	17856
1787644652.524210343	s2-eth13	76627604	18500
1787644652.524210343	s2-eth14	70187528	17298
1787644652.524210343	s2-eth15	199589686	20444
1787644652.524210343	s2-eth16	63754726	16361
1787644652.524210343	s2-eth17	76626331	18564
1787644652.524210343	s2-eth18	57313731	16204
1787644652.524210343	s2-eth19	15413	798956442
1787644652.524210343	s2-eth2	11185	1384227
1787644652.524210343	s2-eth20	13479	36289633
1787644652.524210343	s2-eth21	13975	36530448
1787644652.524210343	s2-eth22	13343	35509688
1787644652.524210343	s2-eth23	16824	185134121
1787644652.524210343	s2-eth24	12555	33373296
1787644652.524210343	s2-eth25	12949	30922764
1787644652.524210343	s2-eth26	12582	28168523
1787644652.524210343	s2-eth27	15314	268866227
1787644652.524210343	s2-eth28	12824	27745086
1787644652.524210343	s2-eth29	14491	38154668
1787644652.524210343	s2-eth3	342325340	20186
1787644652.524210343	s2-eth30	12778	30347750
1787644652.524210343	s2-eth31	15228	184440672
1787644652.524210343	s2-eth32	13868	34355592
1787644652.524210343	s2-eth33	14372	37209655
1787644652.524210343	s2-eth34	12313	27739896
1787644652.524210343	s2-eth4	66938902	16455
1787644652.524210343	s2-eth5	76608233	18835
1787644652.524210343	s2-eth6	70180983	16892
1787644652.524210343	s2-eth7	195620094	19287
1787644652.524210343	s2-eth8	70171821	17196
1787644652.524210343	s2-eth9	76612496	18770
1787644652.524210343	s3-eth1	1898329112	1640514370
1787644652.524210343	s3-eth10	15247	30882005
1787644652.524210343	s3-eth11	16912	265725200
1787644652.524210343	s3-eth12	15615	30740508
1787644652.524210343	s3-eth13	16493	34952831
1787644652.524210343	s3-eth14	14979	30455218
1787644652.524210343	s3-eth15	18450	181617761
1787644652.524210343	s3-eth16	13506	28745474
1787644652.524210343	s3-eth17	15664	44718400
1787644652.524210343	s3-eth18	14302	30197367
1787644652.524210343	s3-eth19	329563270	18841
1787644652.524210343	s3-eth2	8314346	13445
1787644652.524210343	s3-eth20	63743432	16089
1787644652.524210343	s3-eth21	76626321	18261
1787644652.524210343	s3-eth22	66957942	16125
1787644652.524210343	s3-eth23	197444875	18496
1787644652.524210343	s3-eth24	44437054	14887
1787644652.524210343	s3-eth25	76630483	18118
1787644652.524210343	s3-eth26	70188391	16792
1787644652.524210343	s3-eth27	346347037	17068
1787644652.524210343	s3-eth28	70191163	16636
1787644652.524210343	s3-eth29	76611023	17892
1787644652.524210343	s3-eth3	16928	788156295
1787644652.524210343	s3-eth30	54090982	14894
1787644652.524210343	s3-eth31	192579589	18073
1787644652.524210343	s3-eth32	48297169	15932
1787644652.524210343	s3-eth33	76619582	17829
1787644652.524210343	s3-eth34	38000129	14977
1787644652.524210343	s3-eth4	15196	31930291
1787644652.524210343	s3-eth5	17092	36251112
1787644652.524210343	s3-eth6	15492	31489635
1787644652.524210343	s3-eth7	18256	182729293
1787644652.524210343	s3-eth8	16155	31277354
1787644652.524210343	s3-eth9	16542	35577110
1787644652.524210343	s4-eth1	2954538152	420083
1787644652.524210343	s4-eth10	14529	38988639
1787644652.524210343	s4-eth11	17651	310234046
1787644652.524210343	s4-eth12	14850	38838299
1787644652.524210343	s4-eth13	16419	44086856
1787644652.524210343	s4-eth14	14629	39425447
1787644652.524210343	s4-eth15	18426	190874978
1787644652.524210343	s4-eth16	13766	45557601
1787644652.524210343	s4-eth17	15486	44003025
1787644652.524210343	s4-eth18	13486	34987218
1787644652.524210343	s4-eth19	15374	209387337
1787644652.524210343	s4-eth2	13445	23261
1787644652.524210343	s4-eth20	12552	44811515
1787644652.524210343	s4-eth21	14814	55287800
1787644652.524210343	s4-eth22	12585	46378658
1787644652.524210343	s4-eth23	15089	195195644
1787644652.524210343	s4-eth24	11483	36426299
1787644652.524210343	s4-eth25	14671	55370795
1787644652.524210343	s4-eth26	13435	49376203
1787644652.524210343	s4-eth27	13824	300247728
1787644652.524210343	s4-eth28	13189	49709030
1787644652.524210343	s4-eth29	14579	54477762
1787644652.524210343	s4-eth3	17377	187855829
1787644652.524210343	s4-eth30	11607	39975465
1787644652.524210343	s4-eth31	15407	190820014
1787644652.524210343	s4-eth32	12773	29010112
1787644652.524210343	s4-eth33	14358	54828202
1787644652.524210343	s4-eth34	11526	34810298
1787644652.524210343	s4-eth4	14188	37151534
1787644652.524210343	s4-eth5	15733	44820189
1787644652.524210343	s4-eth6	14384	39492423
1787644652.524210343	s4-eth7	16713	189872290
1787644652.524210343	s4-eth8	14666	39296886
1787644652.524210343	s4-eth9	16106	44553746
1787644652.524210343	s5-eth1	4330693268	420531
1787644652.524210343	s5-eth2	1767601310	1945215572
1787644652.524210343	s5-eth3	13445	3618560341
1787644652.524210343	s5-eth4	461154	13445
1787644652.524210343	s6-eth1	13445	22610
1787644652.524210343	s6-eth2	1384254	11212
1787644652.524210343	s6-eth3	13445	1278475
1787644652.524210343	s6-eth4	11733	13445
1787644652.524210343	s7-eth1	1645868516	1906410080
1787644652.524210343	s7-eth2	420083	2960564270
1787644652.524210343	s7-eth3	3462073437	11415
1787644652.524210343	s7-eth4	196703	680201
1787644652.524210343	s8-eth1	13445	8314346
1787644652.524210343	s8-eth2	23261	13445
1787644652.524210343	s8-eth3	8403159	13445
1787644652.524210343	s8-eth4	47140	13445
1787644652.524210343	s9-eth1	3620512809	13445
1787644652.524210343	s9-eth2	1278475	13445
1787644652.524210343	s9-eth3	11415	3464121077
1787644652.524210343	s9-eth4	13445	8403159
1787644660.206713976	s10-eth1	13472	461182
1787644660.206713976	s10-eth2	13472	11761
1787644660.206713976	s10-eth3	680228	196731
1787644660.206713976	s10-eth4	13472	47168
1787644660.206713976	s1-eth1	420558	4356399829
1787644660.206713976	s1-eth10	70184041	17726
1787644660.206713976	s1-eth11	387903465	20312
1787644660.206713976	s1-eth12	70182388	17893
1787644660.206713976	s1-eth13	76611484	19076
1787644660.206713976	s1-eth14	70181863	17894
1787644660.206713976	s1-eth15	203762561	21168
1787644660.206713976	s1-eth16	50876752	16898
1787644660.206713976	s1-eth17	76628004	18292
1787644660.206713976	s1-eth18	70186718	17549
1787644660.206713976	s1-eth19	911182664	18304
1787644660.206713976	s1-eth2	22637	13472
1787644660.206713976	s1-eth20	70190152	16746
1787644660.206713976	s1-eth21	63754867	17355
1787644660.206713976	s1-eth22	70176529	16880
1787644660.206713976	s1-eth23	203983098	19892
1787644660.206713976	s1-eth24	66965690	15928
1787644660.206713976	s1-eth25	38000545	15875
1787644660.206713976	s1-eth26	50873838	15379
1787644660.206713976	s1-eth27	388318881	18287
1787644660.206713976	s1-eth28	50870455	15464
1787644660.206713976	s1-eth29	57315517	17534
1787644660.206713976	s1-eth3	1028230741	20301
1787644660.206713976	s1-eth30	57314683	15556
1787644660.206713976	s1-eth31	201641388	18601
1787644660.206713976	s1-eth32	70187909	16731
1787644660.206713976	s1-eth33	57318346	17482
1787644660.206713976	s1-eth34	50875308	15353
1787644660.206713976	s1-eth4	70184840	18629
1787644660.206713976	s1-eth5	76617581	19771
1787644660.206713976	s1-eth6	70177558	18608
1787644660.206713976	s1-eth7	204295997	21032
1787644660.206713976	s1-eth8	70186433	19076
1787644660.206713976	s1-eth9	76614389	19326
1787644660.206713976	s2-eth1	1961585183	1775947633
1787644660.206713976	s2-eth10	70185294	17764
1787644660.206713976	s2-eth11	465846801	20238
1787644660.206713976	s2-eth12	70186569	17856
1787644660.206713976	s2-eth13	76627604	18500
1787644660.206713976	s2-eth14	70187528	17298
1787644660.206713976	s2-eth15	204511232	20444
1787644660.206713976	s2-eth16	63754726	16361
1787644660.206713976	s2-eth17	76626331	18564
1787644660.206713976	s2-eth18	57313731	16204
1787644660.206713976	s2-eth19	15413	815395242
1787644660.206713976	s2-eth2	11239	1384281
1787644660.206713976	s2-eth20	13479	36289633
1787644660.206713976	s2-eth21	13975	36530448
1787644660.206713976	s2-eth22	13343	35509688
1787644660.206713976	s2-eth23	16824	189364949
1787644660.206713976	s2-eth24	12555	33373296
1787644660.206713976	s2-eth25	12949	30922764
1787644660.206713976	s2-eth26	12582	28168523
1787644660.206713976	s2-eth27	15314	273085519
1787644660.206713976	s2-eth28	12824	27745086
1787644660.206713976	s2-eth29	14491	38154668
1787644660.206713976	s2-eth3	343292922	20186
1787644660.206713976	s2-eth30	12778	30347750
1787644660.206713976	s2-eth31	15228	188547488
1787644660.206713976	s2-eth32	13868	34355592
1787644660.206713976	s2-eth33	14372	37209655
1787644660.206713976	s2-eth34	12313	27739896
1787644660.206713976	s2-eth4	66938902	16455
1787644660.206713976	s2-eth5	76608233	18835
1787644660.206713976	s2-eth6	70180983	16892
1787644660.206713976	s2-eth7	200397440	19287
1787644660.206713976	s2-eth8	70171821	17196
1787644660.206713976	s2-eth9	76612496	18770
1787644660.206713976	s3-eth1	1924978741	1655782293
1787644660.206713976	s3-eth10	15247	30882005
1787644660.206713976	s3-eth11	16912	269637346
1787644660.206713976	s3-eth12	15615	30740508
1787644660.206713976	s3-eth13	16493	34952831
1787644660.206713976	s3-eth14	14979	30455218
1787644660.206713976	s3-eth15	18450	185443387
1787644660.206713976	s3-eth16	13506	28745474
1787644660.206713976	s3-eth17	15664	44718400
1787644660.206713976	s3-eth18	14302	30197367
1787644660.206713976	s3-eth19	330480382	18841
1787644660.206713976	s3-eth2	8314373	13472
1787644660.206713976	s3-eth20	63743432	16089
1787644660.206713976	s3-eth21	76626321	18261
1787644660.206713976	s3-eth22	66957942	16125
1787644660.206713976	s3-eth23	202005921	18496
1787644660.206713976	s3-eth24	44437054	14887
1787644660.206713976	s3-eth25	76630483	18118
1787644660.206713976	s3-eth26	70188391	16792
1787644660.206713976	s3-eth27	350913851	17068
1787644660.206713976	s3-eth28	70191163	16636
1787644660.206713976	s3-eth29	76611023	17892
1787644660.206713976	s3-eth3	16928	802886325
1787644660.206713976	s3-eth30	54090982	14894
1787644660.206713976	s3-eth31	197169475	18073
1787644660.206713976	s3-eth32	48297169	15932
1787644660.206713976	s3-eth33	76619582	17829
1787644660.206713976	s3-eth34	38000129	14977
1787644660.206713976	s3-eth4	15196	31930291
1787644660.206713976	s3-eth5	17092	36251112
1787644660.206713976	s3-eth6	15492	31489635
1787644660.206713976	s3-eth7	18256	186716423
1787644660.206713976	s3-eth8	16155	31277354
1787644660.206713976	s3-eth9	16542	35577110
1787644660.206713976	s4-eth1	2983911719	420110
1787644660.206713976	s4-eth10	14529	38988639
1787644660.206713976	s4-eth11	17651	314714340
1787644660.206713976	s4-eth12	14850	38838299
1787644660.206713976	s4-eth13	16419	44086856
1787644660.206713976	s4-eth14	14629	39425447
1787644660.206713976	s4-eth15	18426	195363924
1787644660.206713976	s4-eth16	13766	45557601
1787644660.206713976	s4-eth17	15486	44003025
1787644660.206713976	s4-eth18	13486	34987218
1787644660.206713976	s4-eth19	15374	210311659
1787644660.206713976	s4-eth2	13472	23288
1787644660.206713976	s4-eth20	12552	44811515
1787644660.206713976	s4-eth21	14814	55287800
1787644660.206713976	s4-eth22	12585	46378658
1787644660.206713976	s4-eth23	15089	199785530
1787644660.206713976	s4-eth24	11483	36426299
1787644660.206713976	s4-eth25	14671	55370795
1787644660.206713976	s4-eth26	13435	49376203
1787644660.206713976	s4-eth27	13824	304833288
1787644660.206713976	s4-eth28	13189	49709030
1787644660.206713976	s4-eth29	14579	54477762
1787644660.206713976	s4-eth3	17377	188725355
1787644660.206713976	s4-eth30	11607	39975465
1787644660.206713976	s4-eth31	15407	195379618
1787644660.206713976	s4-eth32	12773	29010112
1787644660.206713976	s4-eth33	14358	54828202
1787644660.206713976	s4-eth34	11526	34810298
1787644660.206713976	s4-eth4	14188	37151534
1787644660.206713976	s4-eth5	15733	44820189
1787644660.206713976	s4-eth6	14384	39492423
1787644660.206713976	s4-eth7	16713	194367004
1787644660.206713976	s4-eth8	14666	39296886
1787644660.206713976	s4-eth9	16106	44553746
1787644660.206713976	s5-eth1	4393056911	420558
1787644660.206713976	s5-eth2	1782306853	1974005129
1787644660.206713976	s5-eth3	13472	3661348834
1787644660.206713976	s5-eth4	461182	13472
1787644660.206713976	s6-eth1	13472	22637
1787644660.206713976	s6-eth2	1384281	11239
1787644660.206713976	s6-eth3	13472	1278502
1787644660.206713976	s6-eth4	11761	13472
1787644660.206713976	s7-eth1	1660360643	1933587481
1787644660.206713976	s7-eth2	420110	2988984675
1787644660.206713976	s7-eth3	3503947702	11469
1787644660.206713976	s7-eth4	196759	680255
1787644660.206713976	s8-eth1	13499	8314400
1787644660.206713976	s8-eth2	23315	13499
1787644660.206713976	s8-eth3	8403213	13499
1787644660.206713976	s8-eth4	47196	13499
1787644660.206713976	s9-eth1	3662590423	13499
1787644660.206713976	s9-eth2	1278529	13499
1787644660.206713976	s9-eth3	11469	3505068163
1787644660.206713976	s9-eth4	13499	8403213
1787644666.913517081	s10-eth1	13499	461210
1787644666.913517081	s10-eth2	13499	11789
1787644666.913517081	s10-eth3	680255	196759
1787644666.913517081	s10-eth4	13499	47196
1787644666.913517081	s1-eth1	420585	4414480732
1787644666.913517081	s1-eth10	70184041	17726
1787644666.913517081	s1-eth11	392112663	20312
1787644666.913517081	s1-eth12	70182388	17893
1787644666.913517081	s1-eth13	76611484	19076
1787644666.913517081	s1-eth14	70181863	17894
1787644666.913517081	s1-eth15	207919847	21168
1787644666.913517081	s1-eth16	50876752	16898
1787644666.913517081	s1-eth17	76628004	18292
1787644666.913517081	s1-eth18	70186718	17549
1787644666.913517081	s1-eth19	927588298	18304
1787644666.913517081	s1-eth2	22664	13499
1787644666.913517081	s1-eth20	70190152	16746
1787644666.913517081	s1-eth21	63754867	17355
1787644666.913517081	s1-eth22	70176529	16880
1787644666.913517081	s1-eth23	208014930	19892
1787644666.913517081	s1-eth24	66965690	15928
1787644666.913517081	s1-eth25	38000545	15875
1787644666.913517081	s1-eth26	50873838	15379
1787644666.913517081	s1-eth27	392291591	18287
1787644666.913517081	s1-eth28	50870455	15464
1787644666.913517081	s1-eth29	57315517	17534
1787644666.913517081	s1-eth3	1043896629	20301
1787644666.913517081	s1-eth30	57314683	15556
1787644666.913517081	s1-eth31	205513158	18601
1787644666.913517081	s1-eth32	70187909	16731
1787644666.913517081	s1-eth33	57318346	17482
1787644666.913517081	s1-eth34	50875308	15353
1787644666.913517081	s1-eth4	70184840	18629
1787644666.913517081	s1-eth5	76617581	19771
1787644666.913517081	s1-eth6	70177558	18608
1787644666.913517081	s1-eth7	208111529	21032
1787644666.913517081	s1-eth8	70186433	19076
1787644666.913517081	s1-eth9	76614389	19326
1787644666.913517081	s2-eth1	1986051624	1787919144
1787644666.913517081	s2-eth10	70185294	17764
1787644666.913517081	s2-eth11	469559951	20238
1787644666.913517081	s2-eth12	70186569	17856
1787644666.913517081	s2-eth13	76627604	18500
1787644666.913517081	s2-eth14	70187528	17298
1787644666.913517081	s2-eth15	208136420	20444
1787644666.913517081	s2-eth16	63754726	16361
1787644666.913517081	s2-eth17	76626331	18564
1787644666.913517081	s2-eth18	57313731	16204
1787644666.913517081	s2-eth19	15413	828619824
1787644666.913517081	s2-eth2	11266	1384308
1787644666.913517081	s2-eth20	13479	36289633
1787644666.913517081	s2-eth21	13975	36530448
1787644666.913517081	s2-eth22	13343	35509688
1787644666.913517081	s2-eth23	16824	192645499
1787644666.913517081	s2-eth24	12555	33373296
1787644666.913517081	s2-eth25	12949	30922764
1787644666.913517081	s2-eth26	12582	28168523
1787644666.913517081	s2-eth27	15314	276335787
1787644666.913517081	s2-eth28	12824	27745086
1787644666.913517081	s2-eth29	14491	38154668
1787644666.913517081	s2-eth3	343976430	20186
1787644666.913517081	s2-eth30	12778	30347750
1787644666.913517081	s2-eth31	15228	191786220
1787644666.913517081	s2-eth32	13868	34355592
1787644666.913517081	s2-eth33	14372	37209655
1787644666.913517081	s2-eth34	12313	27739896
1787644666.913517081	s2-eth4	66938902	16455
1787644666.913517081	s2-eth5	76608233	18835
1787644666.913517081	s2-eth6	70180983	16892
1787644666.913517081	s2-eth7	203737112	19287
1787644666.913517081	s2-eth8	70171821	17196
1787644666.913517081	s2-eth9	76612496	18770
1787644666.913517081	s3-eth1	1946251152	1666343528
1787644666.913517081	s3-eth10	15247	30882005
1787644666.913517081	s3-eth11	16912	272659778
1787644666.913517081	s3-eth12	15615	30740508
1787644666.913517081	s3-eth13	16493	34952831
1787644666.913517081	s3-eth14	14979	30455218
1787644666.913517081	s3-eth15	18450	188442747
1787644666.913517081	s3-eth16	13506	28745474
1787644666.913517081	s3-eth17	15664	44718400
1787644666.913517081	s3-eth18	14302	30197367
1787644666.913517081	s3-eth19	331122072	18841
1787644666.913517081	s3-eth2	8314400	13499
1787644666.913517081	s3-eth20	63743432	16089
1787644666.913517081	s3-eth21	76626321	18261
1787644666.913517081	s3-eth22	66957942	16125
1787644666.913517081	s3-eth23	205143713	18496
1787644666.913517081	s3-eth24	44437054	14887
1787644666.913517081	s3-eth25	76630483	18118
1787644666.913517081	s3-eth26	70188391	16792
1787644666.913517081	s3-eth27	353986753	17068
1787644666.913517081	s3-eth28	70191163	16636
1787644666.913517081	s3-eth29	76611023	17892
1787644666.913517081	s3-eth3	16928	813823895
1787644666.913517081	s3-eth30	54090982	14894
1787644666.913517081	s3-eth31	200161625	18073
1787644666.913517081	s3-eth32	48297169	15932
1787644666.913517081	s3-eth33	76619582	17829
1787644666.913517081	s3-eth34	38000129	14977
1787644666.913517081	s3-eth4	15196	31930291
1787644666.913517081	s3-eth5	17092	36251112
1787644666.913517081	s3-eth6	15492	31489635
1787644666.913517081	s3-eth7	18256	189407195
1787644666.913517081	s3-eth8	16155	31277354
1787644666.913517081	s3-eth9	16542	35577110
1787644666.913517081	s4-eth1	3001906464	420137
1787644666.913517081	s4-eth10	14529	38988639
1787644666.913517081	s4-eth11	17651	317494516
1787644666.913517081	s4-eth12	14850	38838299
1787644666.913517081	s4-eth13	16419	44086856
1787644666.913517081	s4-eth14	14629	39425447
1787644666.913517081	s4-eth15	18426	198118144
1787644666.913517081	s4-eth16	13766	45557601
1787644666.913517081	s4-eth17	15486	44003025
1787644666.913517081	s4-eth18	13486	34987218
1787644666.913517081	s4-eth19	15374	210862503
1787644666.913517081	s4-eth2	13499	23315
1787644666.913517081	s4-eth20	12552	44811515
1787644666.913517081	s4-eth21	14814	55287800
1787644666.913517081	s4-eth22	12585	46378658
1787644666.913517081	s4-eth23	15089	202473418
1787644666.913517081	s4-eth24	11483	36426299
1787644666.913517081	s4-eth25	14671	55370795
1787644666.913517081	s4-eth26	13435	49376203
1787644666.913517081	s4-eth27	13824	307466380
1787644666.913517081	s4-eth28	13189	49709030
1787644666.913517081	s4-eth29	14579	54477762
1787644666.913517081	s4-eth3	17377	189238707
1787644666.913517081	s4-eth30	11607	39975465
1787644666.913517081	s4-eth31	15407	197955030
1787644666.913517081	s4-eth32	12773	29010112
1787644666.913517081	s4-eth33	14358	54828202
1787644666.913517081	s4-eth34	11526	34810298
1787644666.913517081	s4-eth4	14188	37151534
1787644666.913517081	s4-eth5	15733	44820189
1787644666.913517081	s4-eth6	14384	39492423
1787644666.913517081	s4-eth7	16713	196844360
1787644666.913517081	s4-eth8	14666	39296886
1787644666.913517081	s4-eth9	16106	44553746
1787644666.913517081	s5-eth1	4428036974	420585
1787644666.913517081	s5-eth2	1790309980	1991340880
1787644666.913517081	s5-eth3	13499	3686801603
1787644666.913517081	s5-eth4	461210	13499
1787644666.913517081	s6-eth1	13499	22664
1787644666.913517081	s6-eth2	1384308	11266
1787644666.913517081	s6-eth3	13499	1278529
1787644666.913517081	s6-eth4	11789	13499
1787644666.913517081	s7-eth1	1668623330	1951267870
1787644666.913517081	s7-eth2	420137	3005512906
1787644666.913517081	s7-eth3	3530013321	11469
1787644666.913517081	s7-eth4	196759	680255
1787644666.913517081	s8-eth1	13499	8314400
1787644666.913517081	s8-eth2	23315	13499
1787644666.913517081	s8-eth3	8403213	13499
1787644666.913517081	s8-eth4	47196	13499
1787644666.913517081	s9-eth1	3689156389	13499
1787644666.913517081	s9-eth2	1278529	13499
1787644666.913517081	s9-eth3	11469	3531635571
1787644666.913517081	s9-eth4	13499	8403213
1787644671.045917672	s10-eth1	13526	461238
1787644671.045917672	s10-eth2	13526	11817
1787644671.045917672	s10-eth3	680282	196787
1787644671.045917672	s10-eth4	13526	47224
1787644671.045917672	s1-eth1	420612	4452728367
1787644671.045917672	s1-eth10	70184041	17726
1787644671.045917672	s1-eth11	394863999	20312
1787644671.045917672	s1-eth12	70182388	17893
1787644671.045917672	s1-eth13	76611484	19076
1787644671.045917672	s1-eth14	70181863	17894
1787644671.045917672	s1-eth15	210707233	21168
1787644671.045917672	s1-eth16	50876752	16898
1787644671.045917672	s1-eth17	76628004	18292
1787644671.045917672	s1-eth18	70186718	17549
1787644671.045917672	s1-eth19	938752262	18304
1787644671.045917672	s1-eth2	22691	13526
1787644671.045917672	s1-eth20	70190152	16746
1787644671.045917672	s1-eth21	63754867	17355
1787644671.045917672	s1-eth22	70176529	16880
1787644671.045917672	s1-eth23	210836924	19892
1787644671.045917672	s1-eth24	66965690	15928
1787644671.045917672	s1-eth25	38000545	15875
1787644671.045917672	s1-eth26	50873838	15379
1787644671.045917672	s1-eth27	395119353	18287
1787644671.045917672	s1-eth28	50870455	15464
1787644671.045917672	s1-eth29	57315517	17534
1787644671.045917672	s1-eth3	1055336015	20301
1787644671.045917672	s1-eth30	57314683	15556
1787644671.045917672	s1-eth31	208397158	18601
1787644671.045917672	s1-eth32	70187909	16731
1787644671.045917672	s1-eth33	57318346	17482
1787644671.045917672	s1-eth34	50875308	15353
1787644671.045917672	s1-eth4	70184840	18629
1787644671.045917672	s1-eth5	76617581	19771
1787644671.045917672	s1-eth6	70177558	18608
1787644671.045917672	s1-eth7	211087817	21032
1787644671.045917672	s1-eth8	70186433	19076
1787644671.045917672	s1-eth9	76614389	19326
1787644671.045917672	s2-eth1	2007094757	1797576245
1787644671.045917672	s2-eth10	70185294	17764
1787644671.045917672	s2-eth11	472592477	20238
1787644671.045917672	s2-eth12	70186569	17856
1787644671.045917672	s2-eth13	76627604	18500
1787644671.045917672	s2-eth14	70187528	17298
1787644671.045917672	s2-eth15	211228068	20444
1787644671.045917672	s2-eth16	63754726	16361
1787644671.045917672	s2-eth17	76626331	18564
1787644671.045917672	s2-eth18	57313731	16204
1787644671.045917672	s2-eth19	15413	841198390
1787644671.045917672	s2-eth2	11293	1384335
1787644671.045917672	s2-eth20	13479	36289633
1787644671.045917672	s2-eth21	13975	36530448
1787644671.045917672	s2-eth22	13343	35509688
1787644671.045917672	s2-eth23	16824	195856833
1787644671.045917672	s2-eth24	12555	33373296
1787644671.045917672	s2-eth25	12949	30922764
1787644671.045917672	s2-eth26	12582	28168523
1787644671.045917672	s2-eth27	15314	279594707
1787644671.045917672	s2-eth28	12824	27745086
1787644671.045917672	s2-eth29	14491	38154668
1787644671.045917672	s2-eth3	344635424	20186
1787644671.045917672	s2-eth30	12778	30347750
1787644671.045917672	s2-eth31	15228	195085516
1787644671.045917672	s2-eth32	13868	34355592
1787644671.045917672	s2-eth33	14372	37209655
1787644671.045917672	s2-eth34	12313	27739896
1787644671.045917672	s2-eth4	66938902	16455
1787644671.045917672	s2-eth5	76608233	18835
1787644671.045917672	s2-eth6	70180983	16892
1787644671.045917672	s2-eth7	207114276	19287
1787644671.045917672	s2-eth8	70171821	17196
1787644671.045917672	s2-eth9	76612496	18770
1787644671.045917672	s3-eth1	1969807691	1677327269
1787644671.045917672	s3-eth10	15247	30882005
1787644671.045917672	s3-eth11	16912	276061456
1787644671.045917672	s3-eth12	15615	30740508
1787644671.045917672	s3-eth13	16493	34952831
1787644671.045917672	s3-eth14	14979	30455218
1787644671.045917672	s3-eth15	18450	191850193
1787644671.045917672	s3-eth16	13506	28745474
1787644671.045917672	s3-eth17	15664	44718400
1787644671.045917672	s3-eth18	14302	30197367
1787644671.045917672	s3-eth19	331827210	18841
1787644671.045917672	s3-eth2	8314427	13526
1787644671.045917672	s3-eth20	63743432	16089
1787644671.045917672	s3-eth21	76626321	18261
1787644671.045917672	s3-eth22	66957942	16125
1787644671.045917672	s3-eth23	208724199	18496
1787644671.045917672	s3-eth24	44437054	14887
1787644671.045917672	s3-eth25	76630483	18118
1787644671.045917672	s3-eth26	70188391	16792
1787644671.045917672	s3-eth27	357614825	17068
1787644671.045917672	s3-eth28	70191163	16636
1787644671.045917672	s3-eth29	76611023	17892
1787644671.045917672	s3-eth3	16928	827755057
1787644671.045917672	s3-eth30	54090982	14894
1787644671.045917672	s3-eth31	203848819	18073
1787644671.045917672	s3-eth32	48297169	15932
1787644671.045917672	s3-eth33	76619582	17829
1787644671.045917672	s3-eth34	38000129	14977
1787644671.045917672	s3-eth4	15196	31930291
1787644671.045917672	s3-eth5	17092	36251112
1787644671.045917672	s3-eth6	15492	31489635
1787644671.045917672	s3-eth7	18256	193015079
1787644671.045917672	s3-eth8	16155	31277354
1787644671.045917672	s3-eth9	16542	35577110
1787644671.045917672	s4-eth1	3026013847	420164
1787644671.045917672	s4-eth10	14529	38988639
1787644671.045917672	s4-eth11	17651	321272556
1787644671.045917672	s4-eth12	14850	38838299
1787644671.045917672	s4-eth13	16419	44086856
1787644671.045917672	s4-eth14	14629	39425447
1787644671.045917672	s4-eth15	18426	201891858
1787644671.045917672	s4-eth16	13766	45557601
1787644671.045917672	s4-eth17	15486	44003025
1787644671.045917672	s4-eth18	13486	34987218
1787644671.045917672	s4-eth19	15374	211620995
1787644671.045917672	s4-eth2	13526	23342
1787644671.045917672	s4-eth20	12552	44811515
1787644671.045917672	s4-eth21	14814	55287800
1787644671.045917672	s4-eth22	12585	46378658
1787644671.045917672	s4-eth23	15089	206290392
1787644671.045917672	s4-eth24	11483	36426299
1787644671.045917672	s4-eth25	14671	55370795
1787644671.045917672	s4-eth26	13435	49376203
1787644671.045917672	s4-eth27	13824	311277586
1787644671.045917672	s4-eth28	13189	49709030
1787644671.045917672	s4-eth29	14579	54477762
1787644671.045917672	s4-eth3	17377	189998641
1787644671.045917672	s4-eth30	11607	39975465
1787644671.045917672	s4-eth31	15407	201803728
1787644671.045917672	s4-eth32	12773	29010112
1787644671.045917672	s4-eth33	14358	54828202
1787644671.045917672	s4-eth34	11526	34810298
1787644671.045917672	s4-eth4	14188	37151534
1787644671.045917672	s4-eth5	15733	44820189
1787644671.045917672	s4-eth6	14384	39492423
1787644671.045917672	s4-eth7	16713	200695942
1787644671.045917672	s4-eth8	14666	39296886
1787644671.045917672	s4-eth9	16106	44553746
1787644671.045917672	s5-eth1	4481950497	420612
1787644671.045917672	s5-eth2	1802866943	2017455527
1787644671.045917672	s5-eth3	13526	3725481838
1787644671.045917672	s5-eth4	461238	13526
1787644671.045917672	s6-eth1	13526	22691
1787644671.045917672	s6-eth2	1384335	11320
1787644671.045917672	s6-eth3	13553	1278583
1787644671.045917672	s6-eth4	11845	13553
1787644671.045917672	s7-eth1	1681243768	1977300350
1787644671.045917672	s7-eth2	420191	3030681628
1787644671.045917672	s7-eth3	3568833457	11523
1787644671.045917672	s7-eth4	196815	680309
1787644671.045917672	s8-eth1	13553	8314454
1787644671.045917672	s8-eth2	23369	13553
1787644671.045917672	s8-eth3	8403267	13553
1787644671.045917672	s8-eth4	47252	13553
1787644671.045917672	s9-eth1	3728296649	13553
1787644671.045917672	s9-eth2	1278583	13553
1787644671.045917672	s9-eth3	11523	3570602791
1787644671.045917672	s9-eth4	13553	8403267
1787644677.243486155	s10-eth1	13553	461266
1787644677.243486155	s10-eth2	13553	11845
1787644677.243486155	s10-eth3	680309	196815
1787644677.243486155	s10-eth4	13553	47252
1787644677.243486155	s1-eth1	420639	4506354932
1787644677.243486155	s1-eth10	70184041	17726
1787644677.243486155	s1-eth11	398757399	20312
1787644677.243486155	s1-eth12	70182388	17893
1787644677.243486155	s1-eth13	76611484	19076
1787644677.243486155	s1-eth14	70181863	17894
1787644677.243486155	s1-eth15	214558815	21168
1787644677.243486155	s1-eth16	50876752	16898
1787644677.243486155	s1-eth17	76628004	18292
1787644677.243486155	s1-eth18	70186718	17549
1787644677.243486155	s1-eth19	954098026	18304
1787644677.243486155	s1-eth2	22718	13553
1787644677.243486155	s1-eth20	70190152	16746
1787644677.243486155	s1-eth21	63754867	17355
1787644677.243486155	s1-eth22	70176529	16880
1787644677.243486155	s1-eth23	214672644	19892
1787644677.243486155	s1-eth24	66965690	15928
1787644677.243486155	s1-eth25	38000545	15875
1787644677.243486155	s1-eth26	50873838	15379
1787644677.243486155	s1-eth27	398936327	18287
1787644677.243486155	s1-eth28	50870455	15464
1787644677.243486155	s1-eth29	57315517	17534
1787644677.243486155	s1-eth3	1070518833	20301
1787644677.243486155	s1-eth30	57314683	15556
1787644677.243486155	s1-eth31	212175198	18601
1787644677.243486155	s1-eth32	70187909	16731
1787644677.243486155	s1-eth33	57318346	17482
1787644677.243486155	s1-eth34	50875308	15353
1787644677.243486155	s1-eth4	70184840	18629
1787644677.243486155	s1-eth5	76617581	19771
1787644677.243486155	s1-eth6	70177558	18608
1787644677.243486155	s1-eth7	214811061	21032
1787644677.243486155	s1-eth8	70186433	19076
1787644677.243486155	s1-eth9	76614389	19326
1787644677.243486155	s2-eth1	2031170416	1809500170
1787644677.243486155	s2-eth10	70185294	17764
1787644677.243486155	s2-eth11	476322931	20238
1787644677.243486155	s2-eth12	70186569	17856
1787644677.243486155	s2-eth13	76627604	18500
1787644677.243486155	s2-eth14	70187528	17298
1787644677.243486155	s2-eth15	214951312	20444
1787644677.243486155	s2-eth16	63754726	16361
1787644677.243486155	s2-eth17	76626331	18564
1787644677.243486155	s2-eth18	57313731	16204
1787644677.243486155	s2-eth19	15413	854652250
1787644677.243486155	s2-eth2	11320	1384362
1787644677.243486155	s2-eth20	13479	36289633
1787644677.243486155	s2-eth21	13975	36530448
1787644677.243486155	s2-eth22	13343	35509688
1787644677.243486155	s2-eth23	16824	199365219
1787644677.243486155	s2-eth24	12555	33373296
1787644677.243486155	s2-eth25	12949	30922764
1787644677.243486155	s2-eth26	12582	28168523
1787644677.243486155	s2-eth27	15314	283028109
1787644677.243486155	s2-eth28	12824	27745086
1787644677.243486155	s2-eth29	14491	38154668
1787644677.243486155	s2-eth3	345391032	20186
1787644677.243486155	s2-eth30	12778	30347750
1787644677.243486155	s2-eth31	15228	198567946
1787644677.243486155	s2-eth32	13868	34355592
1787644677.243486155	s2-eth33	14372	37209655
1787644677.243486155	s2-eth34	12313	27739896
1787644677.243486155	s2-eth4	66938902	16455
1787644677.243486155	s2-eth5	76608233	18835
1787644677.243486155	s2-eth6	70180983	16892
1787644677.243486155	s2-eth7	210877896	19287
1787644677.243486155	s2-eth8	70171821	17196
1787644677.243486155	s2-eth9	76612496	18770
1787644677.243486155	s3-eth1	1993470938	1689310316
1787644677.243486155	s3-eth10	15247	30882005
1787644677.243486155	s3-eth11	16912	279440062
1787644677.243486155	s3-eth12	15615	30740508
1787644677.243486155	s3-eth13	16493	34952831
1787644677.243486155	s3-eth14	14979	30455218
1787644677.243486155	s3-eth15	18450	195228799
1787644677.243486155	s3-eth16	13506	28745474
1787644677.243486155	s3-eth17	15664	44718400
1787644677.243486155	s3-eth18	14302	30197367
1787644677.243486155	s3-eth19	332561188	18841
1787644677.243486155	s3-eth2	8314454	13553
1787644677.243486155	s3-eth20	63743432	16089
1787644677.243486155	s3-eth21	76626321	18261
1787644677.243486155	s3-eth22	66957942	16125
1787644677.243486155	s3-eth23	212389763	18496
1787644677.243486155	s3-eth24	44437054	14887
1787644677.243486155	s3-eth25	76630483	18118
1787644677.243486155	s3-eth26	70188391	16792
1787644677.243486155	s3-eth27	361267411	17068
1787644677.243486155	s3-eth28	70191163	16636
1787644677.243486155	s3-eth29	76611023	17892
1787644677.243486155	s3-eth3	16928	841007037
1787644677.243486155	s3-eth30	54090982	14894
1787644677.243486155	s3-eth31	207484101	18073
1787644677.243486155	s3-eth32	48297169	15932
1787644677.243486155	s3-eth33	76619582	17829
1787644677.243486155	s3-eth34	38000129	14977
1787644677.243486155	s3-eth4	15196	31930291
1787644677.243486155	s3-eth5	17092	36251112
1787644677.243486155	s3-eth6	15492	31489635
1787644677.243486155	s3-eth7	18256	196351867
1787644677.243486155	s3-eth8	16155	31277354
1787644677.243486155	s3-eth9	16542	35577110
1787644677.243486155	s4-eth1	3048826314	420191
1787644677.243486155	s4-eth10	14529	38988639
1787644677.243486155	s4-eth11	17651	324795362
1787644677.243486155	s4-eth12	14850	38838299
1787644677.243486155	s4-eth13	16419	44086856
1787644677.243486155	s4-eth14	14629	39425447
1787644677.243486155	s4-eth15	18426	205444946
1787644677.243486155	s4-eth16	13766	45557601
1787644677.243486155	s4-eth17	15486	44003025
1787644677.243486155	s4-eth18	13486	34987218
1787644677.243486155	s4-eth19	15374	212349205
1787644677.243486155	s4-eth2	13553	23369
1787644677.243486155	s4-eth20	12552	44811515
1787644677.243486155	s4-eth21	14814	55287800
1787644677.243486155	s4-eth22	12585	46378658
1787644677.243486155	s4-eth23	15089	209945862
1787644677.243486155	s4-eth24	11483	36426299
1787644677.243486155	s4-eth25	14671	55370795
1787644677.243486155	s4-eth26	13435	49376203
1787644677.243486155	s4-eth27	13824	314970548
1787644677.243486155	s4-eth28	13189	49709030
1787644677.243486155	s4-eth29	14579	54477762
1787644677.243486155	s4-eth3	17377	190721083
1787644677.243486155	s4-eth30	11607	39975465
1787644677.243486155	s4-eth31	15407	205472176
1787644677.243486155	s4-eth32	12773	29010112
1787644677.243486155	s4-eth33	14358	54828202
1787644677.243486155	s4-eth34	11526	34810298
1787644677.243486155	s4-eth4	14188	37151534
1787644677.243486155	s4-eth5	15733	44820189
1787644677.243486155	s4-eth6	14384	39492423
1787644677.243486155	s4-eth7	16713	204212980
1787644677.243486155	s4-eth8	14666	39296886
1787644677.243486155	s4-eth9	16106	44553746
1787644677.243486155	s5-eth1	4531700993	420666
1787644677.243486155	s5-eth2	1814340991	2041114475
1787644677.243486155	s5-eth3	13580	3760747444
1787644677.243486155	s5-eth4	461294	13580
1787644677.243486155	s6-eth1	13580	22745
1787644677.243486155	s6-eth2	1384389	11347
1787644677.243486155	s6-eth3	13580	1278610
1787644677.243486155	s6-eth4	11873	13580
1787644677.243486155	s7-eth1	1692579357	2000215199
1787644677.243486155	s7-eth2	420218	3052957671
1787644677.243486155	s7-eth3	3603060796	11550
1787644677.243486155	s7-eth4	196843	680336
1787644677.243486155	s8-eth1	13580	8314481
1787644677.243486155	s8-eth2	23396	13580
1787644677.243486155	s8-eth3	8403294	13580
1787644677.243486155	s8-eth4	47280	13580
1787644677.243486155	s9-eth1	3762167814	13580
1787644677.243486155	s9-eth2	1278610	13580
1787644677.243486155	s9-eth3	11550	3603737094
1787644677.243486155	s9-eth4	13580	8403294
1787644682.454255037	s10-eth1	13580	461294
1787644682.454255037	s10-eth2	13580	11873
1787644682.454255037	s10-eth3	680336	196843
1787644682.454255037	s10-eth4	13580	47280
1787644682.454255037	s1-eth1	420666	4553434817
1787644682.454255037	s1-eth10	70184041	17726
1787644682.454255037	s1-eth11	402154751	20312
1787644682.454255037	s1-eth12	70182388	17893
1787644682.454255037	s1-eth13	76611484	19076
1787644682.454255037	s1-eth14	70181863	17894
1787644682.454255037	s1-eth15	217982123	21168
1787644682.454255037	s1-eth16	50876752	16898
1787644682.454255037	s1-eth17	76628004	18292
1787644682.454255037	s1-eth18	70186718	17549
1787644682.454255037	s1-eth19	967766744	18304
1787644682.454255037	s1-eth2	22745	13580
1787644682.454255037	s1-eth20	70190152	16746
1787644682.454255037	s1-eth21	63754867	17355
1787644682.454255037	s1-eth22	70176529	16880
1787644682.454255037	s1-eth23	218061344	19892
1787644682.454255037	s1-eth24	66965690	15928
1787644682.454255037	s1-eth25	38000545	15875
1787644682.454255037	s1-eth26	50873838	15379
1787644682.454255037	s1-eth27	402320701	18287
1787644682.454255037	s1-eth28	50870455	15464
1787644682.454255037	s1-eth29	57315517	17534
1787644682.454255037	s1-eth3	1083995765	20301
1787644682.454255037	s1-eth30	57314683	15556
1787644682.454255037	s1-eth31	215540826	18601
1787644682.454255037	s1-eth32	70187909	16731
1787644682.454255037	s1-eth33	57318346	17482
1787644682.454255037	s1-eth34	50875308	15353
1787644682.454255037	s1-eth4	70184840	18629
1787644682.454255037	s1-eth5	76617581	19771
1787644682.454255037	s1-eth6	70177558	18608
1787644682.454255037	s1-eth7	218169479	21032
1787644682.454255037	s1-eth8	70186433	19076
1787644682.454255037	s1-eth9	76614389	19326
1787644682.454255037	s2-eth1	2053681505	1820230119
1787644682.454255037	s2-eth10	70185294	17764
1787644682.454255037	s2-eth11	479666929	20238
1787644682.454255037	s2-eth12	70186569	17856
1787644682.454255037	s2-eth13	76627604	18500
1787644682.454255037	s2-eth14	70187528	17298
1787644682.454255037	s2-eth15	218278006	20444
1787644682.454255037	s2-eth16	63754726	16361
1787644682.454255037	s2-eth17	76626331	18564
1787644682.454255037	s2-eth18	57313731	16204
1787644682.454255037	s2-eth19	15413	867356270
1787644682.454255037	s2-eth2	11347	1384389
1787644682.454255037	s2-eth20	13479	36289633
1787644682.454255037	s2-eth21	13975	36530448
1787644682.454255037	s2-eth22	13343	35509688
1787644682.454255037	s2-eth23	16824	202520315
1787644682.454255037	s2-eth24	12555	33373296
1787644682.454255037	s2-eth25	12949	30922764
1787644682.454255037	s2-eth26	12582	28168523
1787644682.454255037	s2-eth27	15314	286171669
1787644682.454255037	s2-eth28	12824	27745086
1787644682.454255037	s2-eth29	14491	38154668
1787644682.454255037	s2-eth3	346026954	20186
1787644682.454255037	s2-eth30	12778	30347750
1787644682.454255037	s2-eth31	15228	201662478
1787644682.454255037	s2-eth32	13868	34355592
1787644682.454255037	s2-eth33	14372	37209655
1787644682.454255037	s2-eth34	12313	27739896
1787644682.454255037	s2-eth4	66938902	16455
1787644682.454255037	s2-eth5	76608233	18835
1787644682.454255037	s2-eth6	70180983	16892
1787644682.454255037	s2-eth7	214057506	19287
1787644682.454255037	s2-eth8	70171821	17196
1787644682.454255037	s2-eth9	76612496	18770
1787644682.454255037	s3-eth1	2014936577	1699456255
1787644682.454255037	s3-eth10	15247	30882005
1787644682.454255037	s3-eth11	16912	282502870
1787644682.454255037	s3-eth12	15615	30740508
1787644682.454255037	s3-eth13	16493	34952831
1787644682.454255037	s3-eth14	14979	30455218
1787644682.454255037	s3-eth15	18450	198297375
1787644682.454255037	s3-eth16	13506	28745474
1787644682.454255037	s3-eth17	15664	44718400
1787644682.454255037	s3-eth18	14302	30197367
1787644682.454255037	s3-eth19	333198552	18841
1787644682.454255037	s3-eth2	8314481	13580
1787644682.454255037	s3-eth20	63743432	16089
1787644682.454255037	s3-eth21	76626321	18261
1787644682.454255037	s3-eth22	66957942	16125
1787644682.454255037	s3-eth23	215552069	18496
1787644682.454255037	s3-eth24	44437054	14887
1787644682.454255037	s3-eth25	76630483	18118
1787644682.454255037	s3-eth26	70188391	16792
1787644682.454255037	s3-eth27	364431159	17068
1787644682.454255037	s3-eth28	70191163	16636
1787644682.454255037	s3-eth29	76611023	17892
1787644682.454255037	s3-eth3	16928	853266921
1787644682.454255037	s3-eth30	54090982	14894
1787644682.454255037	s3-eth31	210647849	18073
1787644682.454255037	s3-eth32	48297169	15932
1787644682.454255037	s3-eth33	76619582	17829
1787644682.454255037	s3-eth34	38000129	14977
1787644682.454255037	s3-eth4	15196	31930291
1787644682.454255037	s3-eth5	17092	36251112
1787644682.454255037	s3-eth6	15492	31489635
1787644682.454255037	s3-eth7	18256	199457935
1787644682.454255037	s3-eth8	16155	31277354
1787644682.454255037	s3-eth9	16542	35577110
1787644682.454255037	s4-eth1	3069070579	420218
1787644682.454255037	s4-eth10	14529	38988639
1787644682.454255037	s4-eth11	17651	327937480
1787644682.454255037	s4-eth12	14850	38838299
1787644682.454255037	s4-eth13	16419	44086856
1787644682.454255037	s4-eth14	14629	39425447
1787644682.454255037	s4-eth15	18426	208563992
1787644682.454255037	s4-eth16	13766	45557601
1787644682.454255037	s4-eth17	15486	44003025
1787644682.454255037	s4-eth18	13486	34987218
1787644682.454255037	s4-eth19	15374	212973591
1787644682.454255037	s4-eth2	13580	23396
1787644682.454255037	s4-eth20	12552	44811515
1787644682.454255037	s4-eth21	14814	55287800
1787644682.454255037	s4-eth22	12585	46378658
1787644682.454255037	s4-eth23	15089	213056256
1787644682.454255037	s4-eth24	11483	36426299
1787644682.454255037	s4-eth25	14671	55370795
1787644682.454255037	s4-eth26	13435	49376203
1787644682.454255037	s4-eth27	13824	318054986
1787644682.454255037	s4-eth28	13189	49709030
1787644682.454255037	s4-eth29	14579	54477762
1787644682.454255037	s4-eth3	17377	191339701
1787644682.454255037	s4-eth30	11607	39975465
1787644682.454255037	s4-eth31	15407	208589780
1787644682.454255037	s4-eth32	12773	29010112
1787644682.454255037	s4-eth33	14358	54828202
1787644682.454255037	s4-eth34	11526	34810298
1787644682.454255037	s4-eth4	14188	37151534
1787644682.454255037	s4-eth5	15733	44820189
1787644682.454255037	s4-eth6	14384	39492423
1787644682.454255037	s4-eth7	16713	207362308
1787644682.454255037	s4-eth8	14666	39296886
1787644682.454255037	s4-eth9	16106	44553746
1787644682.454255037	s5-eth1	4576157880	420693
1787644682.454255037	s5-eth2	1824510002	2063119422
1787644682.454255037	s5-eth3	13607	3792880999
1787644682.454255037	s5-eth4	461322	13607
1787644682.454255037	s6-eth1	13607	22772
1787644682.454255037	s6-eth2	1384416	11374
1787644682.454255037	s6-eth3	13607	1278637
1787644682.454255037	s6-eth4	11901	13607
1787644682.454255037	s7-eth1	1702720970	2022028360
1787644682.454255037	s7-eth2	420245	3073217798
1787644682.454255037	s7-eth3	3635197235	11577
1787644682.454255037	s7-eth4	196871	680363
1787644682.454255037	s8-eth1	13607	8314508
1787644682.454255037	s8-eth2	23423	13607
1787644682.454255037	s8-eth3	8403321	13607
1787644682.454255037	s8-eth4	47308	13607
1787644682.454255037	s9-eth1	3794621493	13607
1787644682.454255037	s9-eth2	1278637	13607
1787644682.454255037	s9-eth3	11577	3636272967
1787644682.454255037	s9-eth4	13607	8403321
1787644687.465628560	s10-eth1	13607	461322
1787644687.465628560	s10-eth2	13607	11901
1787644687.465628560	s10-eth3	680363	196871
1787644687.465628560	s10-eth4	13607	47308
1787644687.465628560	s1-eth1	420693	4598465620
1787644687.465628560	s1-eth10	70184041	17726
1787644687.465628560	s1-eth11	405367527	20312
1787644687.465628560	s1-eth12	70182388	17893
1787644687.465628560	s1-eth13	76611484	19076
1787644687.465628560	s1-eth14	70181863	17894
1787644687.465628560	s1-eth15	221202109	21168
1787644687.465628560	s1-eth16	50876752	16898
1787644687.465628560	s1-eth17	76628004	18292
1787644687.465628560	s1-eth18	70186718	17549
1787644687.465628560	s1-eth19	980743302	18304
1787644687.465628560	s1-eth2	22772	13607
1787644687.465628560	s1-eth20	70190152	16746
1787644687.465628560	s1-eth21	63754867	17355
1787644687.465628560	s1-eth22	70176529	16880
1787644687.465628560	s1-eth23	221351988	19892
1787644687.465628560	s1-eth24	66965690	15928
1787644687.465628560	s1-eth25	38000545	15875
1787644687.465628560	s1-eth26	50873838	15379
1787644687.465628560	s1-eth27	405644511	18287
1787644687.465628560	s1-eth28	50870455	15464
1787644687.465628560	s1-eth29	57315517	17534
1787644687.465628560	s1-eth3	1097452509	20301
1787644687.465628560	s1-eth30	57314683	15556
1787644687.465628560	s1-eth31	218916548	18601
1787644687.465628560	s1-eth32	70187909	16731
1787644687.465628560	s1-eth33	57318346	17482
1787644687.465628560	s1-eth34	50875308	15353
1787644687.465628560	s1-eth4	70184840	18629
1787644687.465628560	s1-eth5	76617581	19771
1787644687.465628560	s1-eth6	70177558	18608
1787644687.465628560	s1-eth7	221605765	21032
1787644687.465628560	s1-eth8	70186433	19076
1787644687.465628560	s1-eth9	76614389	19326
1787644687.465628560	s2-eth1	2077677854	1831293170
1787644687.465628560	s2-eth10	70185294	17764
1787644687.465628560	s2-eth11	483139265	20238
1787644687.465628560	s2-eth12	70186569	17856
1787644687.465628560	s2-eth13	76627604	18500
1787644687.465628560	s2-eth14	70187528	17298
1787644687.465628560	s2-eth15	221777740	20444
1787644687.465628560	s2-eth16	63754726	16361
1787644687.465628560	s2-eth17	76626331	18564
1787644687.465628560	s2-eth18	57313731	16204
1787644687.465628560	s2-eth19	15413	881335018
1787644687.465628560	s2-eth2	11374	1384416
1787644687.465628560	s2-eth20	13479	36289633
1787644687.465628560	s2-eth21	13975	36530448
1787644687.465628560	s2-eth22	13343	35509688
1787644687.465628560	s2-eth23	16824	206022933
1787644687.465628560	s2-eth24	12555	33373296
1787644687.465628560	s2-eth25	12949	30922764
1787644687.465628560	s2-eth26	12582	28168523
1787644687.465628560	s2-eth27	15314	289654099
1787644687.465628560	s2-eth28	12824	27745086
1787644687.465628560	s2-eth29	14491	38154668
1787644687.465628560	s2-eth3	346727766	20186
1787644687.465628560	s2-eth30	12778	30347750
1787644687.465628560	s2-eth31	15228	205126162
1787644687.465628560	s2-eth32	13868	34355592
1787644687.465628560	s2-eth33	14372	37209655
1787644687.465628560	s2-eth34	12313	27739896
1787644687.465628560	s2-eth4	66938902	16455
1787644687.465628560	s2-eth5	76608233	18835
1787644687.465628560	s2-eth6	70180983	16892
1787644687.465628560	s2-eth7	217547146	19287
1787644687.465628560	s2-eth8	70171821	17196
1787644687.465628560	s2-eth9	76612496	18770
1787644687.465628560	s3-eth1	2038961766	1710574102
1787644687.465628560	s3-eth10	15247	30882005
1787644687.465628560	s3-eth11	16912	285955018
1787644687.465628560	s3-eth12	15615	30740508
1787644687.465628560	s3-eth13	16493	34952831
1787644687.465628560	s3-eth14	14979	30455218
1787644687.465628560	s3-eth15	18450	201787015
1787644687.465628560	s3-eth16	13506	28745474
1787644687.465628560	s3-eth17	15664	44718400
1787644687.465628560	s3-eth18	14302	30197367
1787644687.465628560	s3-eth19	333912342	18841
1787644687.465628560	s3-eth2	8314508	13607
1787644687.465628560	s3-eth20	63743432	16089
1787644687.465628560	s3-eth21	76626321	18261
1787644687.465628560	s3-eth22	66957942	16125
1787644687.465628560	s3-eth23	219121019	18496
1787644687.465628560	s3-eth24	44437054	14887
1787644687.465628560	s3-eth25	76630483	18118
1787644687.465628560	s3-eth26	70188391	16792
1787644687.465628560	s3-eth27	367974153	17068
1787644687.465628560	s3-eth28	70191163	16636
1787644687.465628560	s3-eth29	76611023	17892
1787644687.465628560	s3-eth3	16928	867176453
1787644687.465628560	s3-eth30	54090982	14894
1787644687.465628560	s3-eth31	214146141	18073
1787644687.465628560	s3-eth32	48297169	15932
1787644687.465628560	s3-eth33	76619582	17829
1787644687.465628560	s3-eth34	38000129	14977
1787644687.465628560	s3-eth4	15196	31930291
1787644687.465628560	s3-eth5	17092	36251112
1787644687.465628560	s3-eth6	15492	31489635
1787644687.465628560	s3-eth7	18256	202842309
1787644687.465628560	s3-eth8	16155	31277354
1787644687.465628560	s3-eth9	16542	35577110
1787644687.465628560	s4-eth1	3090752518	420245
1787644687.465628560	s4-eth10	14529	38988639
1787644687.465628560	s4-eth11	17651	331291572
1787644687.465628560	s4-eth12	14850	38838299
1787644687.465628560	s4-eth13	16419	44086856
1787644687.465628560	s4-eth14	14629	39425447
1787644687.465628560	s4-eth15	18426	211877708
1787644687.465628560	s4-eth16	13766	45557601
1787644687.465628560	s4-eth17	15486	44003025
1787644687.465628560	s4-eth18	13486	34987218
1787644687.465628560	s4-eth19	15374	213634027
1787644687.465628560	s4-eth2	13607	23423
1787644687.465628560	s4-eth20	12552	44811515
1787644687.465628560	s4-eth21	14814	55287800
1787644687.465628560	s4-eth22	12585	46378658
1787644687.465628560	s4-eth23	15089	216326712
1787644687.465628560	s4-eth24	11483	36426299
1787644687.465628560	s4-eth25	14671	55370795
1787644687.465628560	s4-eth26	13435	49376203
1787644687.465628560	s4-eth27	13824	321322558
1787644687.465628560	s4-eth28	13189	49709030
1787644687.465628560	s4-eth29	14579	54477762
1787644687.465628560	s4-eth3	17377	191984275
1787644687.465628560	s4-eth30	11607	39975465
1787644687.465628560	s4-eth31	15407	211818418
1787644687.465628560	s4-eth32	12773	29010112
1787644687.465628560	s4-eth33	14358	54828202
1787644687.465628560	s4-eth34	11526	34810298
1787644687.465628560	s4-eth4	14188	37151534
1787644687.465628560	s4-eth5	15733	44820189
1787644687.465628560	s4-eth6	14384	39492423
1787644687.465628560	s4-eth7	16713	210521730
1787644687.465628560	s4-eth8	14666	39296886
1787644687.465628560	s4-eth9	16106	44553746
1787644687.465628560	s5-eth1	4620744547	420720
1787644687.465628560	s5-eth2	1834693433	2085138789
1787644687.465628560	s5-eth3	13634	3825181826
1787644687.465628560	s5-eth4	461350	13634
1787644687.465628560	s6-eth1	13634	22799
1787644687.465628560	s6-eth2	1384443	11401
1787644687.465628560	s6-eth3	13634	1278664
1787644687.465628560	s6-eth4	11929	13634
1787644687.465628560	s7-eth1	1712814997	2043835753
1787644687.465628560	s7-eth2	420272	3093274603
1787644687.465628560	s7-eth3	3666989036	11604
1787644687.465628560	s7-eth4	196899	680390
1787644687.465628560	s8-eth1	13634	8314535
1787644687.465628560	s8-eth2	23450	13634
1787644687.465628560	s8-eth3	8403348	13634
1787644687.465628560	s8-eth4	47336	13634
1787644687.465628560	s9-eth1	3826416178	13634
1787644687.465628560	s9-eth2	1278664	13634
1787644687.465628560	s9-eth3	11604	3668125332
1787644687.465628560	s9-eth4	13634	8403348
1787644692.365409282	s10-eth1	13634	461350
1787644692.365409282	s10-eth2	13634	11929
1787644692.365409282	s10-eth3	680390	196899
1787644692.365409282	s10-eth4	13634	47336
1787644692.365409282	s1-eth1	420720	4642730721
1787644692.365409282	s1-eth10	70184041	17726
1787644692.365409282	s1-eth11	408532717	20312
1787644692.365409282	s1-eth12	70182388	17893
1787644692.365409282	s1-eth13	76611484	19076
1787644692.365409282	s1-eth14	70181863	17894
1787644692.365409282	s1-eth15	224373067	21168
1787644692.365409282	s1-eth16	50876752	16898
1787644692.365409282	s1-eth17	76628004	18292
1787644692.365409282	s1-eth18	70186718	17549
1787644692.365409282	s1-eth19	993412714	18304
1787644692.365409282	s1-eth2	22799	13634
1787644692.365409282	s1-eth20	70190152	16746
1787644692.365409282	s1-eth21	63754867	17355
1787644692.365409282	s1-eth22	70176529	16880
1787644692.365409282	s1-eth23	224498432	19892
1787644692.365409282	s1-eth24	66965690	15928
1787644692.365409282	s1-eth25	38000545	15875
1787644692.365409282	s1-eth26	50873838	15379
1787644692.365409282	s1-eth27	408777977	18287
1787644692.365409282	s1-eth28	50870455	15464
1787644692.365409282	s1-eth29	57315517	17534
1787644692.365409282	s1-eth3	1109915715	20301
1787644692.365409282	s1-eth30	57314683	15556
1787644692.365409282	s1-eth31	222035594	18601
1787644692.365409282	s1-eth32	70187909	16731
1787644692.365409282	s1-eth33	57318346	17482
1787644692.365409282	s1-eth34	50875308	15353
1787644692.365409282	s1-eth4	70184840	18629
1787644692.365409282	s1-eth5	76617581	19771
1787644692.365409282	s1-eth6	70177558	18608
1787644692.365409282	s1-eth7	224716159	21032
1787644692.365409282	s1-eth8	70186433	19076
1787644692.365409282	s1-eth9	76614389	19326
1787644692.365409282	s2-eth1	2098846441	1841189643
1787644692.365409282	s2-eth10	70185294	17764
1787644692.365409282	s2-eth11	486226587	20238
1787644692.365409282	s2-eth12	70186569	17856
1787644692.365409282	s2-eth13	76627604	18500
1787644692.365409282	s2-eth14	70187528	17298
1787644692.365409282	s2-eth15	224852084	20444
1787644692.365409282	s2-eth16	63754726	16361
1787644692.365409282	s2-eth17	76626331	18564
1787644692.365409282	s2-eth18	57313731	16204
1787644692.365409282	s2-eth19	15413	893090202
1787644692.365409282	s2-eth2	11401	1384443
1787644692.365409282	s2-eth20	13479	36289633
1787644692.365409282	s2-eth21	13975	36530448
1787644692.365409282	s2-eth22	13343	35509688
1787644692.365409282	s2-eth23	16824	209048249
1787644692.365409282	s2-eth24	12555	33373296
1787644692.365409282	s2-eth25	12949	30922764
1787644692.365409282	s2-eth26	12582	28168523
1787644692.365409282	s2-eth27	15314	292685183
1787644692.365409282	s2-eth28	12824	27745086
1787644692.365409282	s2-eth29	14491	38154668
1787644692.365409282	s2-eth3	347355036	20186
1787644692.365409282	s2-eth30	12778	30347750
1787644692.365409282	s2-eth31	15228	208210600
1787644692.365409282	s2-eth32	13868	34355592
1787644692.365409282	s2-eth33	14372	37209655
1787644692.365409282	s2-eth34	12313	27739896
1787644692.365409282	s2-eth4	66938902	16455
1787644692.365409282	s2-eth5	76608233	18835
1787644692.365409282	s2-eth6	70180983	16892
1787644692.365409282	s2-eth7	220725314	19287
1787644692.365409282	s2-eth8	70171821	17196
1787644692.365409282	s2-eth9	76612496	18770
1787644692.365409282	s3-eth1	2060389913	1720862799
1787644692.365409282	s3-eth10	15247	30882005
1787644692.365409282	s3-eth11	16912	289033688
1787644692.365409282	s3-eth12	15615	30740508
1787644692.365409282	s3-eth13	16493	34952831
1787644692.365409282	s3-eth14	14979	30455218
1787644692.365409282	s3-eth15	18450	204823867
1787644692.365409282	s3-eth16	13506	28745474
1787644692.365409282	s3-eth17	15664	44718400
1787644692.365409282	s3-eth18	14302	30197367
1787644692.365409282	s3-eth19	334541054	18841
1787644692.365409282	s3-eth2	8314535	13634
1787644692.365409282	s3-eth20	63743432	16089
1787644692.365409282	s3-eth21	76626321	18261
1787644692.365409282	s3-eth22	66957942	16125
1787644692.365409282	s3-eth23	222247275	18496
1787644692.365409282	s3-eth24	44437054	14887
1787644692.365409282	s3-eth25	76630483	18118
1787644692.365409282	s3-eth26	70188391	16792
1787644692.365409282	s3-eth27	371139343	17068
1787644692.365409282	s3-eth28	70191163	16636
1787644692.365409282	s3-eth29	76611023	17892
1787644692.365409282	s3-eth3	16928	879208501
1787644692.365409282	s3-eth30	54090982	14894
1787644692.365409282	s3-eth31	217334403	18073
1787644692.365409282	s3-eth32	48297169	15932
1787644692.365409282	s3-eth33	76619582	17829
1787644692.365409282	s3-eth34	38000129	14977
1787644692.365409282	s3-eth4	15196	31930291
1787644692.365409282	s3-eth5	17092	36251112
1787644692.365409282	s3-eth6	15492	31489635
1787644692.365409282	s3-eth7	18256	205931073
1787644692.365409282	s3-eth8	16155	31277354
1787644692.365409282	s3-eth9	16542	35577110
1787644692.365409282	s4-eth1	3111200105	420272
1787644692.365409282	s4-eth10	14529	38988639
1787644692.365409282	s4-eth11	17651	334458204
1787644692.365409282	s4-eth12	14850	38838299
1787644692.365409282	s4-eth13	16419	44086856
1787644692.365409282	s4-eth14	14629	39425447
1787644692.365409282	s4-eth15	18426	215081832
1787644692.365409282	s4-eth16	13766	45557601
1787644692.365409282	s4-eth17	15486	44003025
1787644692.365409282	s4-eth18	13486	34987218
1787644692.365409282	s4-eth19	15374	214294463
1787644692.365409282	s4-eth2	13634	23450
1787644692.365409282	s4-eth20	12552	44811515
1787644692.365409282	s4-eth21	14814	55287800
1787644692.365409282	s4-eth22	12585	46378658
1787644692.365409282	s4-eth23	15089	219653406
1787644692.365409282	s4-eth24	11483	36426299
1787644692.365409282	s4-eth25	14671	55370795
1787644692.365409282	s4-eth26	13435	49376203
1787644692.365409282	s4-eth27	13824	324657904
1787644692.365409282	s4-eth28	13189	49709030
1787644692.365409282	s4-eth29	14579	54477762
1787644692.365409282	s4-eth3	17377	192641827
1787644692.365409282	s4-eth30	11607	39975465
1787644692.365409282	s4-eth31	15407	215160974
1787644692.365409282	s4-eth32	12773	29010112
1787644692.365409282	s4-eth33	14358	54828202
1787644692.365409282	s4-eth34	11526	34810298
1787644692.365409282	s4-eth4	14188	37151534
1787644692.365409282	s4-eth5	15733	44820189
1787644692.365409282	s4-eth6	14384	39492423
1787644692.365409282	s4-eth7	16713	213810932
1787644692.365409282	s4-eth8	14666	39296886
1787644692.365409282	s4-eth9	16106	44553746
1787644692.365409282	s5-eth1	4667384622	420747
1787644692.365409282	s5-eth2	1845395984	2107642668
1787644692.365409282	s5-eth3	13661	3858404091
1787644692.365409282	s5-eth4	461378	13661
1787644692.365409282	s6-eth1	13661	22826
1787644692.365409282	s6-eth2	1384470	11428
1787644692.365409282	s6-eth3	13661	1278691
1787644692.365409282	s6-eth4	11957	13661
1787644692.365409282	s7-eth1	1723591090	2065977690
1787644692.365409282	s7-eth2	420299	3114627766
1787644692.365409282	s7-eth3	3700185345	11631
1787644692.365409282	s7-eth4	196927	680417
1787644692.365409282	s8-eth1	13661	8314562
1787644692.365409282	s8-eth2	23477	13661
1787644692.365409282	s8-eth3	8403375	13661
1787644692.365409282	s8-eth4	47364	13661
1787644692.365409282	s9-eth1	3859746593	13661
1787644692.365409282	s9-eth2	1278691	13661
1787644692.365409282	s9-eth3	11631	3700926533
1787644692.365409282	s9-eth4	13661	8403375
1787644697.580028259	s10-eth1	13661	461378
1787644697.580028259	s10-eth2	13661	11957
1787644697.580028259	s10-eth3	680417	196927
1787644697.580028259	s10-eth4	13661	47364
1787644697.580028259	s1-eth1	420747	4689602958
1787644697.580028259	s1-eth10	70184041	17726
1787644697.580028259	s1-eth11	411909881	20312
1787644697.580028259	s1-eth12	70182388	17893
1787644697.580028259	s1-eth13	76611484	19076
1787644697.580028259	s1-eth14	70181863	17894
1787644697.580028259	s1-eth15	227744463	21168
1787644697.580028259	s1-eth16	50876752	16898
1787644697.580028259	s1-eth17	76628004	18292
1787644697.580028259	s1-eth18	70186718	17549
1787644697.580028259	s1-eth19	1006788706	18304
1787644697.580028259	s1-eth2	22826	13661
1787644697.580028259	s1-eth20	70190152	16746
1787644697.580028259	s1-eth21	63754867	17355
1787644697.580028259	s1-eth22	70176529	16880
1787644697.580028259	s1-eth23	227813590	19892
1787644697.580028259	s1-eth24	66965690	15928
1787644697.580028259	s1-eth25	38000545	15875
1787644697.580028259	s1-eth26	50873838	15379
1787644697.580028259	s1-eth27	412057085	18287
1787644697.580028259	s1-eth28	50870455	15464
1787644697.580028259	s1-eth29	57315517	17534
1787644697.580028259	s1-eth3	1122935533	20301
1787644697.580028259	s1-eth30	57314683	15556
1787644697.580028259	s1-eth31	225268558	18601
1787644697.580028259	s1-eth32	70187909	16731
1787644697.580028259	s1-eth33	57318346	17482
1787644697.580028259	s1-eth34	50875308	15353
1787644697.580028259	s1-eth4	70184840	18629
1787644697.580028259	s1-eth5	76617581	19771
1787644697.580028259	s1-eth6	70177558	18608
1787644697.580028259	s1-eth7	227887117	21032
1787644697.580028259	s1-eth8	70186433	19076
1787644697.580028259	s1-eth9	76614389	19326
1787644697.580028259	s2-eth1	2120147692	1851309626
1787644697.580028259	s2-eth10	70185294	17764
1787644697.580028259	s2-eth11	489380241	20238
1787644697.580028259	s2-eth12	70186569	17856
1787644697.580028259	s2-eth13	76627604	18500
1787644697.580028259	s2-eth14	70187528	17298
1787644697.580028259	s2-eth15	228031694	20444
1787644697.580028259	s2-eth16	63754726	16361
1787644697.580028259	s2-eth17	76626331	18564
1787644697.580028259	s2-eth18	57313731	16204
1787644697.580028259	s2-eth19	15413	905128018
1787644697.580028259	s2-eth2	11428	1384470
1787644697.580028259	s2-eth20	13479	36289633
1787644697.580028259	s2-eth21	13975	36530448
1787644697.580028259	s2-eth22	13343	35509688
1787644697.580028259	s2-eth23	16824	212096637
1787644697.580028259	s2-eth24	12555	33373296
1787644697.580028259	s2-eth25	12949	30922764
1787644697.580028259	s2-eth26	12582	28168523
1787644697.580028259	s2-eth27	15314	295707615
1787644697.580028259	s2-eth28	12824	27745086
1787644697.580028259	s2-eth29	14491	38154668
1787644697.580028259	s2-eth3	347988074	20186
1787644697.580028259	s2-eth30	12778	30347750
1787644697.580028259	s2-eth31	15228	211191214
1787644697.580028259	s2-eth32	13868	34355592
1787644697.580028259	s2-eth33	14372	37209655
1787644697.580028259	s2-eth34	12313	27739896
1787644697.580028259	s2-eth4	66938902	16455
1787644697.580028259	s2-eth5	76608233	18835
1787644697.580028259	s2-eth6	70180983	16892
1787644697.580028259	s2-eth7	223822730	19287
1787644697.580028259	s2-eth8	70171821	17196
1787644697.580028259	s2-eth9	76612496	18770
1787644697.580028259	s3-eth1	2080344336	1730615072
1787644697.580028259	s3-eth10	15247	30882005
1787644697.580028259	s3-eth11	16912	291875870
1787644697.580028259	s3-eth12	15615	30740508
1787644697.580028259	s3-eth13	16493	34952831
1787644697.580028259	s3-eth14	14979	30455218
1787644697.580028259	s3-eth15	18450	207663165
1787644697.580028259	s3-eth16	13506	28745474
1787644697.580028259	s3-eth17	15664	44718400
1787644697.580028259	s3-eth18	14302	30197367
1787644697.580028259	s3-eth19	335138042	18841
1787644697.580028259	s3-eth2	8314562	13661
1787644697.580028259	s3-eth20	63743432	16089
1787644697.580028259	s3-eth21	76626321	18261
1787644697.580028259	s3-eth22	66957942	16125
1787644697.580028259	s3-eth23	225220679	18496
1787644697.580028259	s3-eth24	44437054	14887
1787644697.580028259	s3-eth25	76630483	18118
1787644697.580028259	s3-eth26	70188391	16792
1787644697.580028259	s3-eth27	374063719	17068
1787644697.580028259	s3-eth28	70191163	16636
1787644697.580028259	s3-eth29	76611023	17892
1787644697.580028259	s3-eth3	16928	889986009
1787644697.580028259	s3-eth30	54090982	14894
1787644697.580028259	s3-eth31	220242917	18073
1787644697.580028259	s3-eth32	48297169	15932
1787644697.580028259	s3-eth33	76619582	17829
1787644697.580028259	s3-eth34	38000129	14977
1787644697.580028259	s3-eth4	15196	31930291
1787644697.580028259	s3-eth5	17092	36251112
1787644697.580028259	s3-eth6	15492	31489635
1787644697.580028259	s3-eth7	18256	208630497
1787644697.580028259	s3-eth8	16155	31277354
1787644697.580028259	s3-eth9	16542	35577110
1787644697.580028259	s4-eth1	3129523626	420299
1787644697.580028259	s4-eth10	14529	38988639
1787644697.580028259	s4-eth11	17651	337294618
1787644697.580028259	s4-eth12	14850	38838299
1787644697.580028259	s4-eth13	16419	44086856
1787644697.580028259	s4-eth14	14629	39425447
1787644697.580028259	s4-eth15	18426	217906710
1787644697.580028259	s4-eth16	13766	45557601
1787644697.580028259	s4-eth17	15486	44003025
1787644697.580028259	s4-eth18	13486	34987218
1787644697.580028259	s4-eth19	15374	214856843
1787644697.580028259	s4-eth2	13661	23477
1787644697.580028259	s4-eth20	12552	44811515
1787644697.580028259	s4-eth21	14814	55287800
1787644697.580028259	s4-eth22	12585	46378658
1787644697.580028259	s4-eth23	15089	222411952
1787644697.580028259	s4-eth24	11483	36426299
1787644697.580028259	s4-eth25	14671	55370795
1787644697.580028259	s4-eth26	13435	49376203
1787644697.580028259	s4-eth27	13824	327399146
1787644697.580028259	s4-eth28	13189	49709030
1787644697.580028259	s4-eth29	14579	54477762
1787644697.580028259	s4-eth3	17377	193185461
1787644697.580028259	s4-eth30	11607	39975465
1787644697.580028259	s4-eth31	15407	217877702
1787644697.580028259	s4-eth32	12773	29010112
1787644697.580028259	s4-eth33	14358	54828202
1787644697.580028259	s4-eth34	11526	34810298
1787644697.580028259	s4-eth4	14188	37151534
1787644697.580028259	s4-eth5	15733	44820189
1787644697.580028259	s4-eth6	14384	39492423
1787644697.580028259	s4-eth7	16713	216462770
1787644697.580028259	s4-eth8	14666	39296886
1787644697.580028259	s4-eth9	16106	44553746
1787644697.580028259	s5-eth1	4703891736	420747
1787644697.580028259	s5-eth2	1853909552	2125333124
1787644697.580028259	s5-eth3	13661	3884574949
1787644697.580028259	s5-eth4	461378	13661
1787644697.580028259	s6-eth1	13661	22826
1787644697.580028259	s6-eth2	1384470	11428
1787644697.580028259	s6-eth3	13661	1278691
1787644697.580028259	s6-eth4	11957	13661
1787644697.580028259	s7-eth1	1731997950	2083375420
1787644697.580028259	s7-eth2	420299	3131367944
1787644697.580028259	s7-eth3	3725894763	11631
1787644697.580028259	s7-eth4	196927	680417
1787644697.580028259	s8-eth1	13661	8314562
1787644697.580028259	s8-eth2	23477	13661
1787644697.580028259	s8-eth3	8403375	13661
1787644697.580028259	s8-eth4	47364	13661
1787644697.580028259	s9-eth1	3885412751	13661
1787644697.580028259	s9-eth2	1278691	13661
1787644697.580028259	s9-eth3	11631	3726514823
1787644697.580028259	s9-eth4	13661	8403375
1787644701.592650451	s10-eth1	13688	461406
1787644701.592650451	s10-eth2	13688	11985
1787644701.592650451	s10-eth3	680444	196955
1787644701.592650451	s10-eth4	13688	47392
1787644701.592650451	s1-eth1	420774	4724988223
1787644701.592650451	s1-eth10	70184041	17726
1787644701.592650451	s1-eth11	414473757	20312
1787644701.592650451	s1-eth12	70182388	17893
1787644701.592650451	s1-eth13	76611484	19076
1787644701.592650451	s1-eth14	70181863	17894
1787644701.592650451	s1-eth15	230293919	21168
1787644701.592650451	s1-eth16	50876752	16898
1787644701.592650451	s1-eth17	76628004	18292
1787644701.592650451	s1-eth18	70186718	17549
1787644701.592650451	s1-eth19	1016957690	18304
1787644701.592650451	s1-eth2	22853	13688
1787644701.592650451	s1-eth20	70190152	16746
1787644701.592650451	s1-eth21	63754867	17355
1787644701.592650451	s1-eth22	70176529	16880
1787644701.592650451	s1-eth23	230347184	19892
1787644701.592650451	s1-eth24	66965690	15928
1787644701.592650451	s1-eth25	38000545	15875
1787644701.592650451	s1-eth26	50873838	15379
1787644701.592650451	s1-eth27	414592121	18287
1787644701.592650451	s1-eth28	50870455	15464
1787644701.592650451	s1-eth29	57315517	17534
1787644701.592650451	s1-eth3	1133065583	20301
1787644701.592650451	s1-eth30	57314683	15556
1787644701.592650451	s1-eth31	227803594	18601
1787644701.592650451	s1-eth32	70187909	16731
1787644701.592650451	s1-eth33	57318346	17482
1787644701.592650451	s1-eth34	50875308	15353
1787644701.592650451	s1-eth4	70184840	18629
1787644701.592650451	s1-eth5	76617581	19771
1787644701.592650451	s1-eth6	70177558	18608
1787644701.592650451	s1-eth7	230399081	21032
1787644701.592650451	s1-eth8	70186433	19076
1787644701.592650451	s1-eth9	76614389	19326
1787644701.592650451	s2-eth1	2136959997	1859239211
1787644701.592650451	s2-eth10	70185294	17764
1787644701.592650451	s2-eth11	491844619	20238
1787644701.592650451	s2-eth12	70186569	17856
1787644701.592650451	s2-eth13	76627604	18500
1787644701.592650451	s2-eth14	70187528	17298
1787644701.592650451	s2-eth15	230428298	20444
1787644701.592650451	s2-eth16	63754726	16361
1787644701.592650451	s2-eth17	76626331	18564
1787644701.592650451	s2-eth18	57313731	16204
1787644701.592650451	s2-eth19	15413	914274624
1787644701.592650451	s2-eth2	11455	1384497
1787644701.592650451	s2-eth20	13479	36289633
1787644701.592650451	s2-eth21	13975	36530448
1787644701.592650451	s2-eth22	13343	35509688
1787644701.592650451	s2-eth23	16824	214338947
1787644701.592650451	s2-eth24	12555	33373296
1787644701.592650451	s2-eth25	12949	30922764
1787644701.592650451	s2-eth26	12582	28168523
1787644701.592650451	s2-eth27	15314	297932621
1787644701.592650451	s2-eth28	12824	27745086
1787644701.592650451	s2-eth29	14491	38154668
1787644701.592650451	s2-eth3	348433652	20186
1787644701.592650451	s2-eth30	12778	30347750
1787644701.592650451	s2-eth31	15228	213434966
1787644701.592650451	s2-eth32	13868	34355592
1787644701.592650451	s2-eth33	14372	37209655
1787644701.592650451	s2-eth34	12313	27739896
1787644701.592650451	s2-eth4	66938902	16455
1787644701.592650451	s2-eth5	76608233	18835
1787644701.592650451	s2-eth6	70180983	16892
1787644701.592650451	s2-eth7	226078018	19287
1787644701.592650451	s2-eth8	70171821	17196
1787644701.592650451	s2-eth9	76612496	18770
1787644701.592650451	s3-eth1	2096099655	1737862591
1787644701.592650451	s3-eth10	15247	30882005
1787644701.592650451	s3-eth11	16912	294132600
1787644701.592650451	s3-eth12	15615	30740508
1787644701.592650451	s3-eth13	16493	34952831
1787644701.592650451	s3-eth14	14979	30455218
1787644701.592650451	s3-eth15	18450	209919895
1787644701.592650451	s3-eth16	13506	28745474
1787644701.592650451	s3-eth17	15664	44718400
1787644701.592650451	s3-eth18	14302	30197367
1787644701.592650451	s3-eth19	335592272	18841
1787644701.592650451	s3-eth2	8314589	13688
1787644701.592650451	s3-eth20	63743432	16089
1787644701.592650451	s3-eth21	76626321	18261
1787644701.592650451	s3-eth22	66957942	16125
1787644701.592650451	s3-eth23	227507691	18496
1787644701.592650451	s3-eth24	44437054	14887
1787644701.592650451	s3-eth25	76630483	18118
1787644701.592650451	s3-eth26	70188391	16792
1787644701.592650451	s3-eth27	376363709	17068
1787644701.592650451	s3-eth28	70191163	16636
1787644701.592650451	s3-eth29	76611023	17892
1787644701.592650451	s3-eth3	16928	899245091
1787644701.592650451	s3-eth30	54090982	14894
1787644701.592650451	s3-eth31	222589051	18073
1787644701.592650451	s3-eth32	48297169	15932
1787644701.592650451	s3-eth33	76619582	17829
1787644701.592650451	s3-eth34	38000129	14977
1787644701.592650451	s3-eth4	15196	31930291
1787644701.592650451	s3-eth5	17092	36251112
1787644701.592650451	s3-eth6	15492	31489635
1787644701.592650451	s3-eth7	18256	211058825
1787644701.592650451	s3-eth8	16155	31277354
1787644701.592650451	s3-eth9	16542	35577110
1787644701.592650451	s4-eth1	3145378443	420326
1787644701.592650451	s4-eth10	14529	38988639
1787644701.592650451	s4-eth11	17651	339767648
1787644701.592650451	s4-eth12	14850	38838299
1787644701.592650451	s4-eth13	16419	44086856
1787644701.592650451	s4-eth14	14629	39425447
1787644701.592650451	s4-eth15	18426	220415790
1787644701.592650451	s4-eth16	13766	45557601
1787644701.592650451	s4-eth17	15486	44003025
1787644701.592650451	s4-eth18	13486	34987218
1787644701.592650451	s4-eth19	15374	215367311
1787644701.592650451	s4-eth2	13688	23504
1787644701.592650451	s4-eth20	12552	44811515
1787644701.592650451	s4-eth21	14814	55287800
1787644701.592650451	s4-eth22	12585	46378658
1787644701.592650451	s4-eth23	15089	224988806
1787644701.592650451	s4-eth24	11483	36426299
1787644701.592650451	s4-eth25	14671	55370795
1787644701.592650451	s4-eth26	13435	49376203
1787644701.592650451	s4-eth27	13824	329983210
1787644701.592650451	s4-eth28	13189	49709030
1787644701.592650451	s4-eth29	14579	54477762
1787644701.592650451	s4-eth3	17377	193698813
1787644701.592650451	s4-eth30	11607	39975465
1787644701.592650451	s4-eth31	15407	220460324
1787644701.592650451	s4-eth32	12773	29010112
1787644701.592650451	s4-eth33	14358	54828202
1787644701.592650451	s4-eth34	11526	34810298
1787644701.592650451	s4-eth4	14188	37151534
1787644701.592650451	s4-eth5	15733	44820189
1787644701.592650451	s4-eth6	14384	39492423
1787644701.592650451	s4-eth7	16713	219046834
1787644701.592650451	s4-eth8	14666	39296886
1787644701.592650451	s4-eth9	16106	44553746
1787644701.592650451	s5-eth1	4740293611	420774
1787644701.592650451	s5-eth2	1862237129	2143482163
1787644701.592650451	s5-eth3	13688	3911073168
1787644701.592650451	s5-eth4	461406	13688
1787644701.592650451	s6-eth1	13688	22853
1787644701.592650451	s6-eth2	1384497	11455
1787644701.592650451	s6-eth3	13688	1278718
1787644701.592650451	s6-eth4	11985	13688
1787644701.592650451	s7-eth1	1740489915	2101799881
1787644701.592650451	s7-eth2	420326	3148409527
1787644701.592650451	s7-eth3	3753129844	11658
1787644701.592650451	s7-eth4	196955	680444
1787644701.592650451	s8-eth1	13688	8314589
1787644701.592650451	s8-eth2	23504	13688
1787644701.592650451	s8-eth3	8403402	13688
1787644701.592650451	s8-eth4	47392	13688
1787644701.592650451	s9-eth1	3913221748	13688
1787644701.592650451	s9-eth2	1278718	13688
1787644701.592650451	s9-eth3	11658	3754460810
1787644701.592650451	s9-eth4	13688	8403402
1787644705.868594305	s10-eth1	13715	461434
1787644705.868594305	s10-eth2	13715	12013
1787644705.868594305	s10-eth3	680471	196983
1787644705.868594305	s10-eth4	13715	47420
1787644705.868594305	s1-eth1	420801	4763773724
1787644705.868594305	s1-eth10	70184041	17726
1787644705.868594305	s1-eth11	417255375	20312
1787644705.868594305	s1-eth12	70182388	17893
1787644705.868594305	s1-eth13	76611484	19076
1787644705.868594305	s1-eth14	70181863	17894
1787644705.868594305	s1-eth15	233095725	21168
1787644705.868594305	s1-eth16	50876752	16898
1787644705.868594305	s1-eth17	76628004	18292
1787644705.868594305	s1-eth18	70186718	17549
1787644705.868594305	s1-eth19	1028395634	18304
1787644705.868594305	s1-eth2	22880	13715
1787644705.868594305	s1-eth20	70190152	16746
1787644705.868594305	s1-eth21	63754867	17355
1787644705.868594305	s1-eth22	70176529	16880
1787644705.868594305	s1-eth23	233226858	19892
1787644705.868594305	s1-eth24	66965690	15928
1787644705.868594305	s1-eth25	38000545	15875
1787644705.868594305	s1-eth26	50873838	15379
1787644705.868594305	s1-eth27	417491983	18287
1787644705.868594305	s1-eth28	50870455	15464
1787644705.868594305	s1-eth29	57315517	17534
1787644705.868594305	s1-eth3	1144748667	20301
1787644705.868594305	s1-eth30	57314683	15556
1787644705.868594305	s1-eth31	230732296	18601
1787644705.868594305	s1-eth32	70187909	16731
1787644705.868594305	s1-eth33	57318346	17482
1787644705.868594305	s1-eth34	50875308	15353
1787644705.868594305	s1-eth4	70184840	18629
1787644705.868594305	s1-eth5	76617581	19771
1787644705.868594305	s1-eth6	70177558	18608
1787644705.868594305	s1-eth7	233372485	21032
1787644705.868594305	s1-eth8	70186433	19076
1787644705.868594305	s1-eth9	76614389	19326
1787644705.868594305	s2-eth1	2157737802	1868837190
1787644705.868594305	s2-eth10	70185294	17764
1787644705.868594305	s2-eth11	494855515	20238
1787644705.868594305	s2-eth12	70186569	17856
1787644705.868594305	s2-eth13	76627604	18500
1787644705.868594305	s2-eth14	70187528	17298
1787644705.868594305	s2-eth15	233465150	20444
1787644705.868594305	s2-eth16	63754726	16361
1787644705.868594305	s2-eth17	76626331	18564
1787644705.868594305	s2-eth18	57313731	16204
1787644705.868594305	s2-eth19	15413	926377330
1787644705.868594305	s2-eth2	11482	1384524
1787644705.868594305	s2-eth20	13479	36289633
1787644705.868594305	s2-eth21	13975	36530448
1787644705.868594305	s2-eth22	13343	35509688
1787644705.868594305	s2-eth23	16824	217419059
1787644705.868594305	s2-eth24	12555	33373296
1787644705.868594305	s2-eth25	12949	30922764
1787644705.868594305	s2-eth26	12582	28168523
1787644705.868594305	s2-eth27	15314	301068971
1787644705.868594305	s2-eth28	12824	27745086
1787644705.868594305	s2-eth29	14491	38154668
1787644705.868594305	s2-eth3	349072458	20186
1787644705.868594305	s2-eth30	12778	30347750
1787644705.868594305	s2-eth31	15228	216610250
1787644705.868594305	s2-eth32	13868	34355592
1787644705.868594305	s2-eth33	14372	37209655
1787644705.868594305	s2-eth34	12313	27739896
1787644705.868594305	s2-eth4	66938902	16455
1787644705.868594305	s2-eth5	76608233	18835
1787644705.868594305	s2-eth6	70180983	16892
1787644705.868594305	s2-eth7	229332612	19287
1787644705.868594305	s2-eth8	70171821	17196
1787644705.868594305	s2-eth9	76612496	18770
1787644705.868594305	s3-eth1	2118796762	1748426710
1787644705.868594305	s3-eth10	15247	30882005
1787644705.868594305	s3-eth11	16912	297403056
1787644705.868594305	s3-eth12	15615	30740508
1787644705.868594305	s3-eth13	16493	34952831
1787644705.868594305	s3-eth14	14979	30455218
1787644705.868594305	s3-eth15	18450	213226401
1787644705.868594305	s3-eth16	13506	28745474
1787644705.868594305	s3-eth17	15664	44718400
1787644705.868594305	s3-eth18	14302	30197367
1787644705.868594305	s3-eth19	336274338	18841
1787644705.868594305	s3-eth2	8314616	13715
1787644705.868594305	s3-eth20	63743432	16089
1787644705.868594305	s3-eth21	76626321	18261
1787644705.868594305	s3-eth22	66957942	16125
1787644705.868594305	s3-eth23	230956955	18496
1787644705.868594305	s3-eth24	44437054	14887
1787644705.868594305	s3-eth25	76630483	18118
1787644705.868594305	s3-eth26	70188391	16792
1787644705.868594305	s3-eth27	379856233	17068
1787644705.868594305	s3-eth28	70191163	16636
1787644705.868594305	s3-eth29	76611023	17892
1787644705.868594305	s3-eth3	16928	912897947
1787644705.868594305	s3-eth30	54090982	14894
1787644705.868594305	s3-eth31	226075807	18073
1787644705.868594305	s3-eth32	48297169	15932
1787644705.868594305	s3-eth33	76619582	17829
1787644705.868594305	s3-eth34	38000129	14977
1787644705.868594305	s3-eth4	15196	31930291
1787644705.868594305	s3-eth5	17092	36251112
1787644705.868594305	s3-eth6	15492	31489635
1787644705.868594305	s3-eth7	18256	214372541
1787644705.868594305	s3-eth8	16155	31277354
1787644705.868594305	s3-eth9	16542	35577110
1787644705.868594305	s4-eth1	3166744584	420353
1787644705.868594305	s4-eth10	14529	38988639
1787644705.868594305	s4-eth11	17651	343069828
1787644705.868594305	s4-eth12	14850	38838299
1787644705.868594305	s4-eth13	16419	44086856
1787644705.868594305	s4-eth14	14629	39425447
1787644705.868594305	s4-eth15	18426	223677594
1787644705.868594305	s4-eth16	13766	45557601
1787644705.868594305	s4-eth17	15486	44003025
1787644705.868594305	s4-eth18	13486	34987218
1787644705.868594305	s4-eth19	15374	216020537
1787644705.868594305	s4-eth2	13715	23531
1787644705.868594305	s4-eth20	12552	44811515
1787644705.868594305	s4-eth21	14814	55287800
1787644705.868594305	s4-eth22	12585	46378658
1787644705.868594305	s4-eth23	15089	228257820
1787644705.868594305	s4-eth24	11483	36426299
1787644705.868594305	s4-eth25	14671	55370795
1787644705.868594305	s4-eth26	13435	49376203
1787644705.868594305	s4-eth27	13824	333286832
1787644705.868594305	s4-eth28	13189	49709030
1787644705.868594305	s4-eth29	14579	54477762
1787644705.868594305	s4-eth3	17377	194356365
1787644705.868594305	s4-eth30	11607	39975465
1787644705.868594305	s4-eth31	15407	223776924
1787644705.868594305	s4-eth32	12773	29010112
1787644705.868594305	s4-eth33	14358	54828202
1787644705.868594305	s4-eth34	11526	34810298
1787644705.868594305	s4-eth4	14188	37151534
1787644705.868594305	s4-eth5	15733	44820189
1787644705.868594305	s4-eth6	14384	39492423
1787644705.868594305	s4-eth7	16713	222379296
1787644705.868594305	s4-eth8	14666	39296886
1787644705.868594305	s4-eth9	16106	44553746
1787644705.868594305	s5-eth1	4787157196	420801
1787644705.868594305	s5-eth2	1872959868	2166738766
1787644705.868594305	s5-eth3	13715	3944958753
1787644705.868594305	s5-eth4	461434	13715
1787644705.868594305	s6-eth1	13715	22880
1787644705.868594305	s6-eth2	1384524	11482
1787644705.868594305	s6-eth3	13715	1278745
1787644705.868594305	s6-eth4	12013	13715
1787644705.868594305	s7-eth1	1750977608	2124416236
1787644705.868594305	s7-eth2	420353	3169224824
1787644705.868594305	s7-eth3	3785991609	11685
1787644705.868594305	s7-eth4	196983	680471
1787644705.868594305	s8-eth1	13715	8314616
1787644705.868594305	s8-eth2	23531	13715
1787644705.868594305	s8-eth3	8403429	13715
1787644705.868594305	s8-eth4	47420	13715
1787644705.868594305	s9-eth1	3945613421	13715
1787644705.868594305	s9-eth2	1278745	13715
1787644705.868594305	s9-eth3	11685	3786676559
1787644705.868594305	s9-eth4	13715	8403429
1787644710.839418434	s10-eth1	13742	461462
1787644710.839418434	s10-eth2	13742	12041
1787644710.839418434	s10-eth3	680498	197011
1787644710.839418434	s10-eth4	13742	47448
1787644710.839418434	s1-eth1	420828	4808679073
1787644710.839418434	s1-eth10	70184041	17726
1787644710.839418434	s1-eth11	420462383	20312
1787644710.839418434	s1-eth12	70182388	17893
1787644710.839418434	s1-eth13	76611484	19076
1787644710.839418434	s1-eth14	70181863	17894
1787644710.839418434	s1-eth15	236314269	21168
1787644710.839418434	s1-eth16	50876752	16898
1787644710.839418434	s1-eth17	76628004	18292
1787644710.839418434	s1-eth18	70186718	17549
1787644710.839418434	s1-eth19	1041265484	18304
1787644710.839418434	s1-eth2	22907	13742
1787644710.839418434	s1-eth20	70190152	16746
1787644710.839418434	s1-eth21	63754867	17355
1787644710.839418434	s1-eth22	70176529	16880
1787644710.839418434	s1-eth23	236458380	19892
1787644710.839418434	s1-eth24	66965690	15928
1787644710.839418434	s1-eth25	38000545	15875
1787644710.839418434	s1-eth26	50873838	15379
1787644710.839418434	s1-eth27	420748019	18287
1787644710.839418434	s1-eth28	50870455	15464
1787644710.839418434	s1-eth29	57315517	17534
1787644710.839418434	s1-eth3	1157878077	20301
1787644710.839418434	s1-eth30	57314683	15556
1787644710.839418434	s1-eth31	234034476	18601
1787644710.839418434	s1-eth32	70187909	16731
1787644710.839418434	s1-eth33	57318346	17482
1787644710.839418434	s1-eth34	50875308	15353
1787644710.839418434	s1-eth4	70184840	18629
1787644710.839418434	s1-eth5	76617581	19771
1787644710.839418434	s1-eth6	70177558	18608
1787644710.839418434	s1-eth7	236736671	21032
1787644710.839418434	s1-eth8	70186433	19076
1787644710.839418434	s1-eth9	76614389	19326
1787644710.839418434	s2-eth1	2181363557	1879694035
1787644710.839418434	s2-eth10	70185294	17764
1787644710.839418434	s2-eth11	498238447	20238
1787644710.839418434	s2-eth12	70186569	17856
1787644710.839418434	s2-eth13	76627604	18500
1787644710.839418434	s2-eth14	70187528	17298
1787644710.839418434	s2-eth15	236826452	20444
1787644710.839418434	s2-eth16	63754726	16361
1787644710.839418434	s2-eth17	76626331	18564
1787644710.839418434	s2-eth18	57313731	16204
1787644710.839418434	s2-eth19	15413	939875892
1787644710.839418434	s2-eth2	11509	1384551
1787644710.839418434	s2-eth20	13479	36289633
1787644710.839418434	s2-eth21	13975	36530448
1787644710.839418434	s2-eth22	13343	35509688
1787644710.839418434	s2-eth23	16824	220796223
1787644710.839418434	s2-eth24	12555	33373296
1787644710.839418434	s2-eth25	12949	30922764
1787644710.839418434	s2-eth26	12582	28168523
1787644710.839418434	s2-eth27	15314	304414411
1787644710.839418434	s2-eth28	12824	27745086
1787644710.839418434	s2-eth29	14491	38154668
1787644710.839418434	s2-eth3	349740104	20186
1787644710.839418434	s2-eth30	12778	30347750
1787644710.839418434	s2-eth31	15228	219934060
1787644710.839418434	s2-eth32	13868	34355592
1787644710.839418434	s2-eth33	14372	37209655
1787644710.839418434	s2-eth34	12313	27739896
1787644710.839418434	s2-eth4	66938902	16455
1787644710.839418434	s2-eth5	76608233	18835
1787644710.839418434	s2-eth6	70180983	16892
1787644710.839418434	s2-eth7	232663632	19287
1787644710.839418434	s2-eth8	70171821	17196
1787644710.839418434	s2-eth9	76612496	18770
1787644710.839418434	s3-eth1	2141900513	1759029763
1787644710.839418434	s3-eth10	15247	30882005
1787644710.839418434	s3-eth11	16912	300693700
1787644710.839418434	s3-eth12	15615	30740508
1787644710.839418434	s3-eth13	16493	34952831
1787644710.839418434	s3-eth14	14979	30455218
1787644710.839418434	s3-eth15	18450	216522813
1787644710.839418434	s3-eth16	13506	28745474
1787644710.839418434	s3-eth17	15664	44718400
1787644710.839418434	s3-eth18	14302	30197367
1787644710.839418434	s3-eth19	336936216	18841
1787644710.839418434	s3-eth2	8314643	13742
1787644710.839418434	s3-eth20	63743432	16089
1787644710.839418434	s3-eth21	76626321	18261
1787644710.839418434	s3-eth22	66957942	16125
1787644710.839418434	s3-eth23	234269229	18496
1787644710.839418434	s3-eth24	44437054	14887
1787644710.839418434	s3-eth25	76630483	18118
1787644710.839418434	s3-eth26	70188391	16792
1787644710.839418434	s3-eth27	383131015	17068
1787644710.839418434	s3-eth28	70191163	16636
1787644710.839418434	s3-eth29	76611023	17892
1787644710.839418434	s3-eth3	16928	925772123
1787644710.839418434	s3-eth30	54090982	14894
1787644710.839418434	s3-eth31	229295793	18073
1787644710.839418434	s3-eth32	48297169	15932
1787644710.839418434	s3-eth33	76619582	17829
1787644710.839418434	s3-eth34	38000129	14977
1787644710.839418434	s3-eth4	15196	31930291
1787644710.839418434	s3-eth5	17092	36251112
1787644710.839418434	s3-eth6	15492	31489635
1787644710.839418434	s3-eth7	18256	217609831
1787644710.839418434	s3-eth8	16155	31277354
1787644710.839418434	s3-eth9	16542	35577110
1787644710.839418434	s4-eth1	3187666589	420380
1787644710.839418434	s4-eth10	14529	38988639
1787644710.839418434	s4-eth11	17651	346353262
1787644710.839418434	s4-eth12	14850	38838299
1787644710.839418434	s4-eth13	16419	44086856
1787644710.839418434	s4-eth14	14629	39425447
1787644710.839418434	s4-eth15	18426	226988426
1787644710.839418434	s4-eth16	13766	45557601
1787644710.839418434	s4-eth17	15486	44003025
1787644710.839418434	s4-eth18	13486	34987218
1787644710.839418434	s4-eth19	15374	216691067
1787644710.839418434	s4-eth2	13742	23558
1787644710.839418434	s4-eth20	12552	44811515
1787644710.839418434	s4-eth21	14814	55287800
1787644710.839418434	s4-eth22	12585	46378658
1787644710.839418434	s4-eth23	15089	231626332
1787644710.839418434	s4-eth24	11483	36426299
1787644710.839418434	s4-eth25	14671	55370795
1787644710.839418434	s4-eth26	13435	49376203
1787644710.839418434	s4-eth27	13824	336638040
1787644710.839418434	s4-eth28	13189	49709030
1787644710.839418434	s4-eth29	14579	54477762
1787644710.839418434	s4-eth3	17377	195024011
1787644710.839418434	s4-eth30	11607	39975465
1787644710.839418434	s4-eth31	15407	227115154
1787644710.839418434	s4-eth32	12773	29010112
1787644710.839418434	s4-eth33	14358	54828202
1787644710.839418434	s4-eth34	11526	34810298
1787644710.839418434	s4-eth4	14188	37151534
1787644710.839418434	s4-eth5	15733	44820189
1787644710.839418434	s4-eth6	14384	39492423
1787644710.839418434	s4-eth7	16713	225716084
1787644710.839418434	s4-eth8	14666	39296886
1787644710.839418434	s4-eth9	16106	44553746
1787644710.839418434	s5-eth1	4834588929	420828
1787644710.839418434	s5-eth2	1883789315	2190354427
1787644710.839418434	s5-eth3	13742	3979460072
1787644710.839418434	s5-eth4	461462	13742
1787644710.839418434	s6-eth1	13742	22907
1787644710.839418434	s6-eth2	1384551	11509
1787644710.839418434	s6-eth3	13742	1278772
1787644710.839418434	s6-eth4	12041	13742
1787644710.839418434	s7-eth1	1761968559	2148222241
1787644710.839418434	s7-eth2	420380	3191262937
1787644710.839418434	s7-eth3	3820928412	11712
1787644710.839418434	s7-eth4	197011	680498
1787644710.839418434	s8-eth1	13742	8314643
1787644710.839418434	s8-eth2	23558	13742
1787644710.839418434	s8-eth3	8403456	13742
1787644710.839418434	s8-eth4	47448	13742
1787644710.839418434	s9-eth1	3981096742	13742
1787644710.839418434	s9-eth2	1278772	13742
1787644710.839418434	s9-eth3	11712	3822103642
1787644710.839418434	s9-eth4	13742	8403456
1787644716.328171603	s10-eth1	13769	461490
1787644716.328171603	s10-eth2	13769	12069
1787644716.328171603	s10-eth3	680525	197039
1787644716.328171603	s10-eth4	13769	47476
1787644716.328171603	s1-eth1	420855	4856358830
1787644716.328171603	s1-eth10	70184041	17726
1787644716.328171603	s1-eth11	423923183	20312
1787644716.328171603	s1-eth12	70182388	17893
1787644716.328171603	s1-eth13	76611484	19076
1787644716.328171603	s1-eth14	70181863	17894
1787644716.328171603	s1-eth15	239740461	21168
1787644716.328171603	s1-eth16	50876752	16898
1787644716.328171603	s1-eth17	76628004	18292
1787644716.328171603	s1-eth18	70186718	17549
1787644716.328171603	s1-eth19	1054847682	18304
1787644716.328171603	s1-eth2	22934	13769
1787644716.328171603	s1-eth20	70190152	16746
1787644716.328171603	s1-eth21	63754867	17355
1787644716.328171603	s1-eth22	70176529	16880
1787644716.328171603	s1-eth23	239864384	19892
1787644716.328171603	s1-eth24	66965690	15928
1787644716.328171603	s1-eth25	38000545	15875
1787644716.328171603	s1-eth26	50873838	15379
1787644716.328171603	s1-eth27	424126625	18287
1787644716.328171603	s1-eth28	50870455	15464
1787644716.328171603	s1-eth29	57315517	17534
1787644716.328171603	s1-eth3	1171215135	20301
1787644716.328171603	s1-eth30	57314683	15556
1787644716.328171603	s1-eth31	237342424	18601
1787644716.328171603	s1-eth32	70187909	16731
1787644716.328171603	s1-eth33	57318346	17482
1787644716.328171603	s1-eth34	50875308	15353
1787644716.328171603	s1-eth4	70184840	18629
1787644716.328171603	s1-eth5	76617581	19771
1787644716.328171603	s1-eth6	70177558	18608
1787644716.328171603	s1-eth7	240012895	21032
1787644716.328171603	s1-eth8	70186433	19076
1787644716.328171603	s1-eth9	76614389	19326
1787644716.328171603	s2-eth1	2203140668	1890100976
1787644716.328171603	s2-eth10	70185294	17764
1787644716.328171603	s2-eth11	501503135	20238
1787644716.328171603	s2-eth12	70186569	17856
1787644716.328171603	s2-eth13	76627604	18500
1787644716.328171603	s2-eth14	70187528	17298
1787644716.328171603	s2-eth15	240114212	20444
1787644716.328171603	s2-eth16	63754726	16361
1787644716.328171603	s2-eth17	76626331	18564
1787644716.328171603	s2-eth18	57313731	16204
1787644716.328171603	s2-eth19	15413	952405430
1787644716.328171603	s2-eth2	11536	1384578
1787644716.328171603	s2-eth20	13479	36289633
1787644716.328171603	s2-eth21	13975	36530448
1787644716.328171603	s2-eth22	13343	35509688
1787644716.328171603	s2-eth23	16824	224016209
1787644716.328171603	s2-eth24	12555	33373296
1787644716.328171603	s2-eth25	12949	30922764
1787644716.328171603	s2-eth26	12582	28168523
1787644716.328171603	s2-eth27	15314	307596905
1787644716.328171603	s2-eth28	12824	27745086
1787644716.328171603	s2-eth29	14491	38154668
1787644716.328171603	s2-eth3	350407750	20186
1787644716.328171603	s2-eth30	12778	30347750
1787644716.328171603	s2-eth31	15228	223125206
1787644716.328171603	s2-eth32	13868	34355592
1787644716.328171603	s2-eth33	14372	37209655
1787644716.328171603	s2-eth34	12313	27739896
1787644716.328171603	s2-eth4	66938902	16455
1787644716.328171603	s2-eth5	76608233	18835
1787644716.328171603	s2-eth6	70180983	16892
1787644716.328171603	s2-eth7	235913900	19287
1787644716.328171603	s2-eth8	70171821	17196
1787644716.328171603	s2-eth9	76612496	18770
1787644716.328171603	s3-eth1	2163236372	1769322786
1787644716.328171603	s3-eth10	15247	30882005
1787644716.328171603	s3-eth11	16912	303720458
1787644716.328171603	s3-eth12	15615	30740508
1787644716.328171603	s3-eth13	16493	34952831
1787644716.328171603	s3-eth14	14979	30455218
1787644716.328171603	s3-eth15	18450	219501985
1787644716.328171603	s3-eth16	13506	28745474
1787644716.328171603	s3-eth17	15664	44718400
1787644716.328171603	s3-eth18	14302	30197367
1787644716.328171603	s3-eth19	337554834	18841
1787644716.328171603	s3-eth2	8314670	13769
1787644716.328171603	s3-eth20	63743432	16089
1787644716.328171603	s3-eth21	76626321	18261
1787644716.328171603	s3-eth22	66957942	16125
1787644716.328171603	s3-eth23	237301755	18496
1787644716.328171603	s3-eth24	44437054	14887
1787644716.328171603	s3-eth25	76630483	18118
1787644716.328171603	s3-eth26	70188391	16792
1787644716.328171603	s3-eth27	386166425	17068
1787644716.328171603	s3-eth28	70191163	16636
1787644716.328171603	s3-eth29	76611023	17892
1787644716.328171603	s3-eth3	16928	937371571
1787644716.328171603	s3-eth30	54090982	14894
1787644716.328171603	s3-eth31	232414839	18073
1787644716.328171603	s3-eth32	48297169	15932
1787644716.328171603	s3-eth33	76619582	17829
1787644716.328171603	s3-eth34	38000129	14977
1787644716.328171603	s3-eth4	15196	31930291
1787644716.328171603	s3-eth5	17092	36251112
1787644716.328171603	s3-eth6	15492	31489635
1787644716.328171603	s3-eth7	18256	220626495
1787644716.328171603	s3-eth8	16155	31277354
1787644716.328171603	s3-eth9	16542	35577110
1787644716.328171603	s4-eth1	3208031982	420407
1787644716.328171603	s4-eth10	14529	38988639
1787644716.328171603	s4-eth11	17651	349528546
1787644716.328171603	s4-eth12	14850	38838299
1787644716.328171603	s4-eth13	16419	44086856
1787644716.328171603	s4-eth14	14629	39425447
1787644716.328171603	s4-eth15	18426	230131986
1787644716.328171603	s4-eth16	13766	45557601
1787644716.328171603	s4-eth17	15486	44003025
1787644716.328171603	s4-eth18	13486	34987218
1787644716.328171603	s4-eth19	15374	217322663
1787644716.328171603	s4-eth2	13769	23585
1787644716.328171603	s4-eth20	12552	44811515
1787644716.328171603	s4-eth21	14814	55287800
1787644716.328171603	s4-eth22	12585	46378658
1787644716.328171603	s4-eth23	15089	234751146
1787644716.328171603	s4-eth24	11483	36426299
1787644716.328171603	s4-eth25	14671	55370795
1787644716.328171603	s4-eth26	13435	49376203
1787644716.328171603	s4-eth27	13824	339729688
1787644716.328171603	s4-eth28	13189	49709030
1787644716.328171603	s4-eth29	14579	54477762
1787644716.328171603	s4-eth3	17377	195633977
1787644716.328171603	s4-eth30	11607	39975465
1787644716.328171603	s4-eth31	15407	230170752
1787644716.328171603	s4-eth32	12773	29010112
1787644716.328171603	s4-eth33	14358	54828202
1787644716.328171603	s4-eth34	11526	34810298
1787644716.328171603	s4-eth4	14188	37151534
1787644716.328171603	s4-eth5	15733	44820189
1787644716.328171603	s4-eth6	14384	39492423
1787644716.328171603	s4-eth7	16713	228653438
1787644716.328171603	s4-eth8	14666	39296886
1787644716.328171603	s4-eth9	16106	44553746
1787644716.328171603	s5-eth1	4874585710	420855
1787644716.328171603	s5-eth2	1893150806	2209847410
1787644716.328171603	s5-eth3	13769	4008302983
1787644716.328171603	s5-eth4	461490	13769
1787644716.328171603	s6-eth1	13769	22934
1787644716.328171603	s6-eth2	1384578	11536
1787644716.328171603	s6-eth3	13769	1278799
1787644716.328171603	s6-eth4	12069	13769
1787644716.328171603	s7-eth1	1771198828	2167369144
1787644716.328171603	s7-eth2	420407	3209561944
1787644716.328171603	s7-eth3	3849319977	11739
1787644716.328171603	s7-eth4	197039	680525
1787644716.328171603	s8-eth1	13769	8314670
1787644716.328171603	s8-eth2	23585	13769
1787644716.328171603	s8-eth3	8403483	13769
1787644716.328171603	s8-eth4	47476	13769
1787644716.328171603	s9-eth1	4009094641	13769
1787644716.328171603	s9-eth2	1278799	13769
1787644716.328171603	s9-eth3	11739	3849807373
1787644716.328171603	s9-eth4	13769	8403483
1787644720.585114512	s10-eth1	13796	461518
1787644720.585114512	s10-eth2	13796	12097
1787644720.585114512	s10-eth3	680552	197067
1787644720.585114512	s10-eth4	13796	47504
1787644720.585114512	s1-eth1	420882	4895288531
1787644720.585114512	s1-eth10	70184041	17726
1787644720.585114512	s1-eth11	426717779	20312
1787644720.585114512	s1-eth12	70182388	17893
1787644720.585114512	s1-eth13	76611484	19076
1787644720.585114512	s1-eth14	70181863	17894
1787644720.585114512	s1-eth15	242578317	21168
1787644720.585114512	s1-eth16	50876752	16898
1787644720.585114512	s1-eth17	76628004	18292
1787644720.585114512	s1-eth18	70186718	17549
1787644720.585114512	s1-eth19	1066426942	18304
1787644720.585114512	s1-eth2	22961	13796
1787644720.585114512	s1-eth20	70190152	16746
1787644720.585114512	s1-eth21	63754867	17355
1787644720.585114512	s1-eth22	70176529	16880
1787644720.585114512	s1-eth23	242749826	19892
1787644720.585114512	s1-eth24	66965690	15928
1787644720.585114512	s1-eth25	38000545	15875
1787644720.585114512	s1-eth26	50873838	15379
1787644720.585114512	s1-eth27	427022161	18287
1787644720.585114512	s1-eth28	50870455	15464
1787644720.585114512	s1-eth29	57315517	17534
1787644720.585114512	s1-eth3	1182978971	20301
1787644720.585114512	s1-eth30	57314683	15556
1787644720.585114512	s1-eth31	240305734	18601
1787644720.585114512	s1-eth32	70187909	16731
1787644720.585114512	s1-eth33	57318346	17482
1787644720.585114512	s1-eth34	50875308	15353
1787644720.585114512	s1-eth4	70184840	18629
1787644720.585114512	s1-eth5	76617581	19771
1787644720.585114512	s1-eth6	70177558	18608
1787644720.585114512	s1-eth7	242931503	21032
1787644720.585114512	s1-eth8	70186433	19076
1787644720.585114512	s1-eth9	76614389	19326
1787644720.585114512	s2-eth1	2223135467	1899357201
1787644720.585114512	s2-eth10	70185294	17764
1787644720.585114512	s2-eth11	504390019	20238
1787644720.585114512	s2-eth12	70186569	17856
1787644720.585114512	s2-eth13	76627604	18500
1787644720.585114512	s2-eth14	70187528	17298
1787644720.585114512	s2-eth15	242982350	20444
1787644720.585114512	s2-eth16	63754726	16361
1787644720.585114512	s2-eth17	76626331	18564
1787644720.585114512	s2-eth18	57313731	16204
1787644720.585114512	s2-eth19	15413	963611212
1787644720.585114512	s2-eth2	11563	1384605
1787644720.585114512	s2-eth20	13479	36289633
1787644720.585114512	s2-eth21	13975	36530448
1787644720.585114512	s2-eth22	13343	35509688
1787644720.585114512	s2-eth23	16824	226813689
1787644720.585114512	s2-eth24	12555	33373296
1787644720.585114512	s2-eth25	12949	30922764
1787644720.585114512	s2-eth26	12582	28168523
1787644720.585114512	s2-eth27	15314	310379965
1787644720.585114512	s2-eth28	12824	27745086
1787644720.585114512	s2-eth29	14491	38154668
1787644720.585114512	s2-eth3	350964362	20186
1787644720.585114512	s2-eth30	12778	30347750
1787644720.585114512	s2-eth31	15228	225901056
1787644720.585114512	s2-eth32	13868	34355592
1787644720.585114512	s2-eth33	14372	37209655
1787644720.585114512	s2-eth34	12313	27739896
1787644720.585114512	s2-eth4	66938902	16455
1787644720.585114512	s2-eth5	76608233	18835
1787644720.585114512	s2-eth6	70180983	16892
1787644720.585114512	s2-eth7	238725800	19287
1787644720.585114512	s2-eth8	70171821	17196
1787644720.585114512	s2-eth9	76612496	18770
1787644720.585114512	s3-eth1	2182844715	1778410297
1787644720.585114512	s3-eth10	15247	30882005
1787644720.585114512	s3-eth11	16912	306568408
1787644720.585114512	s3-eth12	15615	30740508
1787644720.585114512	s3-eth13	16493	34952831
1787644720.585114512	s3-eth14	14979	30455218
1787644720.585114512	s3-eth15	18450	222394637
1787644720.585114512	s3-eth16	13506	28745474
1787644720.585114512	s3-eth17	15664	44718400
1787644720.585114512	s3-eth18	14302	30197367
1787644720.585114512	s3-eth19	338146054	18841
1787644720.585114512	s3-eth2	8314697	13796
1787644720.585114512	s3-eth20	63743432	16089
1787644720.585114512	s3-eth21	76626321	18261
1787644720.585114512	s3-eth22	66957942	16125
1787644720.585114512	s3-eth23	240327071	18496
1787644720.585114512	s3-eth24	44437054	14887
1787644720.585114512	s3-eth25	76630483	18118
1787644720.585114512	s3-eth26	70188391	16792
1787644720.585114512	s3-eth27	389233559	17068
1787644720.585114512	s3-eth28	70191163	16636
1787644720.585114512	s3-eth29	76611023	17892
1787644720.585114512	s3-eth3	16928	949373337
1787644720.585114512	s3-eth30	54090982	14894
1787644720.585114512	s3-eth31	235468995	18073
1787644720.585114512	s3-eth32	48297169	15932
1787644720.585114512	s3-eth33	76619582	17829
1787644720.585114512	s3-eth34	38000129	14977
1787644720.585114512	s3-eth4	15196	31930291
1787644720.585114512	s3-eth5	17092	36251112
1787644720.585114512	s3-eth6	15492	31489635
1787644720.585114512	s3-eth7	18256	223573943
1787644720.585114512	s3-eth8	16155	31277354
1787644720.585114512	s3-eth9	16542	35577110
1787644720.585114512	s4-eth1	3226877507	420434
1787644720.585114512	s4-eth10	14529	38988639
1787644720.585114512	s4-eth11	17651	352474552
1787644720.585114512	s4-eth12	14850	38838299
1787644720.585114512	s4-eth13	16419	44086856
1787644720.585114512	s4-eth14	14629	39425447
1787644720.585114512	s4-eth15	18426	233112600
1787644720.585114512	s4-eth16	13766	45557601
1787644720.585114512	s4-eth17	15486	44003025
1787644720.585114512	s4-eth18	13486	34987218
1787644720.585114512	s4-eth19	15374	217915325
1787644720.585114512	s4-eth2	13796	23612
1787644720.585114512	s4-eth20	12552	44811515
1787644720.585114512	s4-eth21	14814	55287800
1787644720.585114512	s4-eth22	12585	46378658
1787644720.585114512	s4-eth23	15089	237698594
1787644720.585114512	s4-eth24	11483	36426299
1787644720.585114512	s4-eth25	14671	55370795
1787644720.585114512	s4-eth26	13435	49376203
1787644720.585114512	s4-eth27	13824	342678578
1787644720.585114512	s4-eth28	13189	49709030
1787644720.585114512	s4-eth29	14579	54477762
1787644720.585114512	s4-eth3	17377	196222313
1787644720.585114512	s4-eth30	11607	39975465
1787644720.585114512	s4-eth31	15407	233121084
1787644720.585114512	s4-eth32	12773	29010112
1787644720.585114512	s4-eth33	14358	54828202
1787644720.585114512	s4-eth34	11526	34810298
1787644720.585114512	s4-eth4	14188	37151534
1787644720.585114512	s4-eth5	15733	44820189
1787644720.585114512	s4-eth6	14384	39492423
1787644720.585114512	s4-eth7	16713	231610980
1787644720.585114512	s4-eth8	14666	39296886
1787644720.585114512	s4-eth9	16106	44553746
1787644720.585114512	s5-eth1	4915864429	420882
1787644720.585114512	s5-eth2	1902643519	2230341141
1787644720.585114512	s5-eth3	13796	4038347080
1787644720.585114512	s5-eth4	461518	13796
1787644720.585114512	s6-eth1	13796	22961
1787644720.585114512	s6-eth2	1384605	11563
1787644720.585114512	s6-eth3	13796	1278826
1787644720.585114512	s6-eth4	12097	13796
1787644720.585114512	s7-eth1	1780704519	2187854223
1787644720.585114512	s7-eth2	420434	3228553111
1787644720.585114512	s7-eth3	3879284764	11766
1787644720.585114512	s7-eth4	197067	680552
1787644720.585114512	s8-eth1	13796	8314697
1787644720.585114512	s8-eth2	23612	13796
1787644720.585114512	s8-eth3	8403510	13796
1787644720.585114512	s8-eth4	47504	13796
1787644720.585114512	s9-eth1	4039545382	13796
1787644720.585114512	s9-eth2	1278826	13796
1787644720.585114512	s9-eth3	11766	3880552282
1787644720.585114512	s9-eth4	13796	8403510
1787644725.338269422	s10-eth1	13823	461546
1787644725.338269422	s10-eth2	13823	12125
1787644725.338269422	s10-eth3	680579	197095
1787644725.338269422	s10-eth4	13823	47532
1787644725.338269422	s1-eth1	420909	4937989062
1787644725.338269422	s1-eth10	70184041	17726
1787644725.338269422	s1-eth11	429796449	20312
1787644725.338269422	s1-eth12	70182388	17893
1787644725.338269422	s1-eth13	76611484	19076
1787644725.338269422	s1-eth14	70181863	17894
1787644725.338269422	s1-eth15	245649777	21168
1787644725.338269422	s1-eth16	50876752	16898
1787644725.338269422	s1-eth17	76628004	18292
1787644725.338269422	s1-eth18	70186718	17549
1787644725.338269422	s1-eth19	1078546952	18304
1787644725.338269422	s1-eth2	22988	13823
1787644725.338269422	s1-eth20	70190152	16746
1787644725.338269422	s1-eth21	63754867	17355
1787644725.338269422	s1-eth22	70176529	16880
1787644725.338269422	s1-eth23	245789562	19892
1787644725.338269422	s1-eth24	66965690	15928
1787644725.338269422	s1-eth25	38000545	15875
1787644725.338269422	s1-eth26	50873838	15379
1787644725.338269422	s1-eth27	430066223	18287
1787644725.338269422	s1-eth28	50870455	15464
1787644725.338269422	s1-eth29	57315517	17534
1787644725.338269422	s1-eth3	1195107633	20301
1787644725.338269422	s1-eth30	57314683	15556
1787644725.338269422	s1-eth31	243346912	18601
1787644725.338269422	s1-eth32	70187909	16731
1787644725.338269422	s1-eth33	57318346	17482
1787644725.338269422	s1-eth34	50875308	15353
1787644725.338269422	s1-eth4	70184840	18629
1787644725.338269422	s1-eth5	76617581	19771
1787644725.338269422	s1-eth6	70177558	18608
1787644725.338269422	s1-eth7	245998637	21032
1787644725.338269422	s1-eth8	70186433	19076
1787644725.338269422	s1-eth9	76614389	19326
1787644725.338269422	s2-eth1	2244689068	1909281072
1787644725.338269422	s2-eth10	70185294	17764
1787644725.338269422	s2-eth11	507497529	20238
1787644725.338269422	s2-eth12	70186569	17856
1787644725.338269422	s2-eth13	76627604	18500
1787644725.338269422	s2-eth14	70187528	17298
1787644725.338269422	s2-eth15	246095628	20444
1787644725.338269422	s2-eth16	63754726	16361
1787644725.338269422	s2-eth17	76626331	18564
1787644725.338269422	s2-eth18	57313731	16204
1787644725.338269422	s2-eth19	15413	975885516
1787644725.338269422	s2-eth2	11590	1384632
1787644725.338269422	s2-eth20	13479	36289633
1787644725.338269422	s2-eth21	13975	36530448
1787644725.338269422	s2-eth22	13343	35509688
1787644725.338269422	s2-eth23	16824	229876497
1787644725.338269422	s2-eth24	12555	33373296
1787644725.338269422	s2-eth25	12949	30922764
1787644725.338269422	s2-eth26	12582	28168523
1787644725.338269422	s2-eth27	15314	313435563
1787644725.338269422	s2-eth28	12824	27745086
1787644725.338269422	s2-eth29	14491	38154668
1787644725.338269422	s2-eth3	351577212	20186
1787644725.338269422	s2-eth30	12778	30347750
1787644725.338269422	s2-eth31	15228	228929256
1787644725.338269422	s2-eth32	13868	34355592
1787644725.338269422	s2-eth33	14372	37209655
1787644725.338269422	s2-eth34	12313	27739896
1787644725.338269422	s2-eth4	66938902	16455
1787644725.338269422	s2-eth5	76608233	18835
1787644725.338269422	s2-eth6	70180983	16892
1787644725.338269422	s2-eth7	241798702	19287
1787644725.338269422	s2-eth8	70171821	17196
1787644725.338269422	s2-eth9	76612496	18770
1787644725.338269422	s3-eth1	2204135872	1788234670
1787644725.338269422	s3-eth10	15247	30882005
1787644725.338269422	s3-eth11	16912	309611028
1787644725.338269422	s3-eth12	15615	30740508
1787644725.338269422	s3-eth13	16493	34952831
1787644725.338269422	s3-eth14	14979	30455218
1787644725.338269422	s3-eth15	18450	225432931
1787644725.338269422	s3-eth16	13506	28745474
1787644725.338269422	s3-eth17	15664	44718400
1787644725.338269422	s3-eth18	14302	30197367
1787644725.338269422	s3-eth19	338754578	18841
1787644725.338269422	s3-eth2	8314724	13823
1787644725.338269422	s3-eth20	63743432	16089
1787644725.338269422	s3-eth21	76626321	18261
1787644725.338269422	s3-eth22	66957942	16125
1787644725.338269422	s3-eth23	243362481	18496
1787644725.338269422	s3-eth24	44437054	14887
1787644725.338269422	s3-eth25	76630483	18118
1787644725.338269422	s3-eth26	70188391	16792
1787644725.338269422	s3-eth27	392245897	17068
1787644725.338269422	s3-eth28	70191163	16636
1787644725.338269422	s3-eth29	76611023	17892
1787644725.338269422	s3-eth3	16928	961331843
1787644725.338269422	s3-eth30	54090982	14894
1787644725.338269422	s3-eth31	238475565	18073
1787644725.338269422	s3-eth32	48297169	15932
1787644725.338269422	s3-eth33	76619582	17829
1787644725.338269422	s3-eth34	38000129	14977
1787644725.338269422	s3-eth4	15196	31930291
1787644725.338269422	s3-eth5	17092	36251112
1787644725.338269422	s3-eth6	15492	31489635
1787644725.338269422	s3-eth7	18256	226652613
1787644725.338269422	s3-eth8	16155	31277354
1787644725.338269422	s3-eth9	16542	35577110
1787644725.338269422	s4-eth1	3246840582	420461
1787644725.338269422	s4-eth10	14529	38988639
1787644725.338269422	s4-eth11	17651	355596482
1787644725.338269422	s4-eth12	14850	38838299
1787644725.338269422	s4-eth13	16419	44086856
1787644725.338269422	s4-eth14	14629	39425447
1787644725.338269422	s4-eth15	18426	236230204
1787644725.338269422	s4-eth16	13766	45557601
1787644725.338269422	s4-eth17	15486	44003025
1787644725.338269422	s4-eth18	13486	34987218
1787644725.338269422	s4-eth19	15374	218548363
1787644725.338269422	s4-eth2	13823	23639
1787644725.338269422	s4-eth20	12552	44811515
1787644725.338269422	s4-eth21	14814	55287800
1787644725.338269422	s4-eth22	12585	46378658
1787644725.338269422	s4-eth23	15089	240912812
1787644725.338269422	s4-eth24	11483	36426299
1787644725.338269422	s4-eth25	14671	55370795
1787644725.338269422	s4-eth26	13435	49376203
1787644725.338269422	s4-eth27	13824	345934614
1787644725.338269422	s4-eth28	13189	49709030
1787644725.338269422	s4-eth29	14579	54477762
1787644725.338269422	s4-eth3	17377	196878423
1787644725.338269422	s4-eth30	11607	39975465
1787644725.338269422	s4-eth31	15407	236416054
1787644725.338269422	s4-eth32	12773	29010112
1787644725.338269422	s4-eth33	14358	54828202
1787644725.338269422	s4-eth34	11526	34810298
1787644725.338269422	s4-eth4	14188	37151534
1787644725.338269422	s4-eth5	15733	44820189
1787644725.338269422	s4-eth6	14384	39492423
1787644725.338269422	s4-eth7	16713	234927580
1787644725.338269422	s4-eth8	14666	39296886
1787644725.338269422	s4-eth9	16106	44553746
1787644725.338269422	s5-eth1	4962376166	420909
1787644725.338269422	s5-eth2	1913281180	2253512666
1787644725.338269422	s5-eth3	13823	4072084139
1787644725.338269422	s5-eth4	461546	13823
1787644725.338269422	s6-eth1	13823	22988
1787644725.338269422	s6-eth2	1384632	11590
1787644725.338269422	s6-eth3	13823	1278853
1787644725.338269422	s6-eth4	12125	13823
1787644725.338269422	s7-eth1	1791288826	2210882990
1787644725.338269422	s7-eth2	420461	3249739002
1787644725.338269422	s7-eth3	3912978563	11793
1787644725.338269422	s7-eth4	197095	680579
1787644725.338269422	s8-eth1	13823	8314724
1787644725.338269422	s8-eth2	23639	13823
1787644725.338269422	s8-eth3	8403537	13823
1787644725.338269422	s8-eth4	47532	13823
1787644725.338269422	s9-eth1	4072604701	13823
1787644725.338269422	s9-eth2	1278853	13823
1787644725.338269422	s9-eth3	11793	3913290035
1787644725.338269422	s9-eth4	13823	8403537
1787644730.314402361	s10-eth1	13850	461574
1787644730.314402361	s10-eth2	13850	12153
1787644730.314402361	s10-eth3	680606	197123
1787644730.314402361	s10-eth4	13850	47560
1787644730.314402361	s1-eth1	420936	4982283003
1787644730.314402361	s1-eth10	70184041	17726
1787644730.314402361	s1-eth11	432944335	20312
1787644730.314402361	s1-eth12	70182388	17893
1787644730.314402361	s1-eth13	76611484	19076
1787644730.314402361	s1-eth14	70181863	17894
1787644730.314402361	s1-eth15	248760171	21168
1787644730.314402361	s1-eth16	50876752	16898
1787644730.314402361	s1-eth17	76628004	18292
1787644730.314402361	s1-eth18	70186718	17549
1787644730.314402361	s1-eth19	1090968340	18304
1787644730.314402361	s1-eth2	23015	13850
1787644730.314402361	s1-eth20	70190152	16746
1787644730.314402361	s1-eth21	63754867	17355
1787644730.314402361	s1-eth22	70176529	16880
1787644730.314402361	s1-eth23	248871116	19892
1787644730.314402361	s1-eth24	66965690	15928
1787644730.314402361	s1-eth25	38000545	15875
1787644730.314402361	s1-eth26	50873838	15379
1787644730.314402361	s1-eth27	433143451	18287
1787644730.314402361	s1-eth28	50870455	15464
1787644730.314402361	s1-eth29	57315517	17534
1787644730.314402361	s1-eth3	1207361749	20301
1787644730.314402361	s1-eth30	57314683	15556
1787644730.314402361	s1-eth31	246386648	18601
1787644730.314402361	s1-eth32	70187909	16731
1787644730.314402361	s1-eth33	57318346	17482
1787644730.314402361	s1-eth34	50875308	15353
1787644730.314402361	s1-eth4	70184840	18629
1787644730.314402361	s1-eth5	76617581	19771
1787644730.314402361	s1-eth6	70177558	18608
1787644730.314402361	s1-eth7	249047025	21032
1787644730.314402361	s1-eth8	70186433	19076
1787644730.314402361	s1-eth9	76614389	19326
1787644730.314402361	s2-eth1	2265892263	1918969897
1787644730.314402361	s2-eth10	70185294	17764
1787644730.314402361	s2-eth11	510518519	20238
1787644730.314402361	s2-eth12	70186569	17856
1787644730.314402361	s2-eth13	76627604	18500
1787644730.314402361	s2-eth14	70187528	17298
1787644730.314402361	s2-eth15	249115176	20444
1787644730.314402361	s2-eth16	63754726	16361
1787644730.314402361	s2-eth17	76626331	18564
1787644730.314402361	s2-eth18	57313731	16204
1787644730.314402361	s2-eth19	15413	988002642
1787644730.314402361	s2-eth2	11617	1384659
1787644730.314402361	s2-eth20	13479	36289633
1787644730.314402361	s2-eth21	13975	36530448
1787644730.314402361	s2-eth22	13343	35509688
1787644730.314402361	s2-eth23	16824	232913349
1787644730.314402361	s2-eth24	12555	33373296
1787644730.314402361	s2-eth25	12949	30922764
1787644730.314402361	s2-eth26	12582	28168523
1787644730.314402361	s2-eth27	15314	316473857
1787644730.314402361	s2-eth28	12824	27745086
1787644730.314402361	s2-eth29	14491	38154668
1787644730.314402361	s2-eth3	352187178	20186
1787644730.314402361	s2-eth30	12778	30347750
1787644730.314402361	s2-eth31	15228	231971876
1787644730.314402361	s2-eth32	13868	34355592
1787644730.314402361	s2-eth33	14372	37209655
1787644730.314402361	s2-eth34	12313	27739896
1787644730.314402361	s2-eth4	66938902	16455
1787644730.314402361	s2-eth5	76608233	18835
1787644730.314402361	s2-eth6	70180983	16892
1787644730.314402361	s2-eth7	244834112	19287
1787644730.314402361	s2-eth8	70171821	17196
1787644730.314402361	s2-eth9	76612496	18770
1787644730.314402361	s3-eth1	2225313111	1797927821
1787644730.314402361	s3-eth10	15247	30882005
1787644730.314402361	s3-eth11	16912	312629134
1787644730.314402361	s3-eth12	15615	30740508
1787644730.314402361	s3-eth13	16493	34952831
1787644730.314402361	s3-eth14	14979	30455218
1787644730.314402361	s3-eth15	18450	228436617
1787644730.314402361	s3-eth16	13506	28745474
1787644730.314402361	s3-eth17	15664	44718400
1787644730.314402361	s3-eth18	14302	30197367
1787644730.314402361	s3-eth19	339353008	18841
1787644730.314402361	s3-eth2	8314751	13850
1787644730.314402361	s3-eth20	63743432	16089
1787644730.314402361	s3-eth21	76626321	18261
1787644730.314402361	s3-eth22	66957942	16125
1787644730.314402361	s3-eth23	246320023	18496
1787644730.314402361	s3-eth24	44437054	14887
1787644730.314402361	s3-eth25	76630483	18118
1787644730.314402361	s3-eth26	70188391	16792
1787644730.314402361	s3-eth27	395189019	17068
1787644730.314402361	s3-eth28	70191163	16636
1787644730.314402361	s3-eth29	76611023	17892
1787644730.314402361	s3-eth3	16928	972981761
1787644730.314402361	s3-eth30	54090982	14894
1787644730.314402361	s3-eth31	241384079	18073
1787644730.314402361	s3-eth32	48297169	15932
1787644730.314402361	s3-eth33	76619582	17829
1787644730.314402361	s3-eth34	38000129	14977
1787644730.314402361	s3-eth4	15196	31930291
1787644730.314402361	s3-eth5	17092	36251112
1787644730.314402361	s3-eth6	15492	31489635
1787644730.314402361	s3-eth7	18256	229503447
1787644730.314402361	s3-eth8	16155	31277354
1787644730.314402361	s3-eth9	16542	35577110
1787644730.314402361	s4-eth1	3264949245	420488
1787644730.314402361	s4-eth10	14529	38988639
1787644730.314402361	s4-eth11	17651	358414150
1787644730.314402361	s4-eth12	14850	38838299
1787644730.314402361	s4-eth13	16419	44086856
1787644730.314402361	s4-eth14	14629	39425447
1787644730.314402361	s4-eth15	18426	239027684
1787644730.314402361	s4-eth16	13766	45557601
1787644730.314402361	s4-eth17	15486	44003025
1787644730.314402361	s4-eth18	13486	34987218
1787644730.314402361	s4-eth19	15374	219106417
1787644730.314402361	s4-eth2	13850	23666
1787644730.314402361	s4-eth20	12552	44811515
1787644730.314402361	s4-eth21	14814	55287800
1787644730.314402361	s4-eth22	12585	46378658
1787644730.314402361	s4-eth23	15089	243697314
1787644730.314402361	s4-eth24	11483	36426299
1787644730.314402361	s4-eth25	14671	55370795
1787644730.314402361	s4-eth26	13435	49376203
1787644730.314402361	s4-eth27	13824	348704696
1787644730.314402361	s4-eth28	13189	49709030
1787644730.314402361	s4-eth29	14579	54477762
1787644730.314402361	s4-eth3	17377	197429267
1787644730.314402361	s4-eth30	11607	39975465
1787644730.314402361	s4-eth31	15407	239187578
1787644730.314402361	s4-eth32	12773	29010112
1787644730.314402361	s4-eth33	14358	54828202
1787644730.314402361	s4-eth34	11526	34810298
1787644730.314402361	s4-eth4	14188	37151534
1787644730.314402361	s4-eth5	15733	44820189
1787644730.314402361	s4-eth6	14384	39492423
1787644730.314402361	s4-eth7	16713	237704872
1787644730.314402361	s4-eth8	14666	39296886
1787644730.314402361	s4-eth9	16106	44553746
1787644730.314402361	s5-eth1	5001302983	420936
1787644730.314402361	s5-eth2	1922208629	2272963831
1787644730.314402361	s5-eth3	13850	4100526174
1787644730.314402361	s5-eth4	461574	13850
1787644730.314402361	s6-eth1	13850	23015
1787644730.314402361	s6-eth2	1384659	11617
1787644730.314402361	s6-eth3	13850	1278880
1787644730.314402361	s6-eth4	12153	13850
1787644730.314402361	s7-eth1	1800310005	2230592273
1787644730.314402361	s7-eth2	420488	3267808731
1787644730.314402361	s7-eth3	3941740722	11820
1787644730.314402361	s7-eth4	197123	680606
1787644730.314402361	s8-eth1	13850	8314751
1787644730.314402361	s8-eth2	23666	13850
1787644730.314402361	s8-eth3	8403564	13850
1787644730.314402361	s8-eth4	47560	13850
1787644730.314402361	s9-eth1	4101697078	13850
1787644730.314402361	s9-eth2	1278880	13850
1787644730.314402361	s9-eth3	11820	3942604480
1787644730.314402361	s9-eth4	13850	8403564
1787644734.808585603	s10-eth1	13877	461602
1787644734.808585603	s10-eth2	13877	12181
1787644734.808585603	s10-eth3	680633	197151
1787644734.808585603	s10-eth4	13877	47588
1787644734.808585603	s1-eth1	420963	5023129122
1787644734.808585603	s1-eth10	70184041	17726
1787644734.808585603	s1-eth11	435871595	20312
1787644734.808585603	s1-eth12	70182388	17893
1787644734.808585603	s1-eth13	76611484	19076
1787644734.808585603	s1-eth14	70181863	17894
1787644734.808585603	s1-eth15	251720597	21168
1787644734.808585603	s1-eth16	50876752	16898
1787644734.808585603	s1-eth17	76628004	18292
1787644734.808585603	s1-eth18	70186718	17549
1787644734.808585603	s1-eth19	1102824464	18304
1787644734.808585603	s1-eth2	23042	13877
1787644734.808585603	s1-eth20	70190152	16746
1787644734.808585603	s1-eth21	63754867	17355
1787644734.808585603	s1-eth22	70176529	16880
1787644734.808585603	s1-eth23	251848846	19892
1787644734.808585603	s1-eth24	66965690	15928
1787644734.808585603	s1-eth25	38000545	15875
1787644734.808585603	s1-eth26	50873838	15379
1787644734.808585603	s1-eth27	436111087	18287
1787644734.808585603	s1-eth28	50870455	15464
1787644734.808585603	s1-eth29	57315517	17534
1787644734.808585603	s1-eth3	1219302951	20301
1787644734.808585603	s1-eth30	57314683	15556
1787644734.808585603	s1-eth31	249383124	18601
1787644734.808585603	s1-eth32	70187909	16731
1787644734.808585603	s1-eth33	57318346	17482
1787644734.808585603	s1-eth34	50875308	15353
1787644734.808585603	s1-eth4	70184840	18629
1787644734.808585603	s1-eth5	76617581	19771
1787644734.808585603	s1-eth6	70177558	18608
1787644734.808585603	s1-eth7	252060805	21032
1787644734.808585603	s1-eth8	70186433	19076
1787644734.808585603	s1-eth9	76614389	19326
1787644734.808585603	s2-eth1	2286952700	1928691888
1787644734.808585603	s2-eth10	70185294	17764
1787644734.808585603	s2-eth11	513571233	20238
1787644734.808585603	s2-eth12	70186569	17856
1787644734.808585603	s2-eth13	76627604	18500
1787644734.808585603	s2-eth14	70187528	17298
1787644734.808585603	s2-eth15	252224128	20444
1787644734.808585603	s2-eth16	63754726	16361
1787644734.808585603	s2-eth17	76626331	18564
1787644734.808585603	s2-eth18	57313731	16204
1787644734.808585603	s2-eth19	15413	1000108232
1787644734.808585603	s2-eth2	11644	1384686
1787644734.808585603	s2-eth20	13479	36289633
1787644734.808585603	s2-eth21	13975	36530448
1787644734.808585603	s2-eth22	13343	35509688
1787644734.808585603	s2-eth23	16824	235925687
1787644734.808585603	s2-eth24	12555	33373296
1787644734.808585603	s2-eth25	12949	30922764
1787644734.808585603	s2-eth26	12582	28168523
1787644734.808585603	s2-eth27	15314	319442935
1787644734.808585603	s2-eth28	12824	27745086
1787644734.808585603	s2-eth29	14491	38154668
1787644734.808585603	s2-eth3	352786448	20916
1787644734.808585603	s2-eth30	12778	30347750
1787644734.808585603	s2-eth31	15228	234903462
1787644734.808585603	s2-eth32	13868	34355592
1787644734.808585603	s2-eth33	14372	37209655
1787644734.808585603	s2-eth34	12313	27739896
1787644734.808585603	s2-eth4	66938902	16455
1787644734.808585603	s2-eth5	76608233	18835
1787644734.808585603	s2-eth6	70180983	16892
1787644734.808585603	s2-eth7	247740580	20020
1787644734.808585603	s2-eth8	70171821	17196
1787644734.808585603	s2-eth9	76612496	18770
1787644734.808585603	s3-eth1	2244986687	1807034310
1787644734.808585603	s3-eth10	15247	30882005
1787644734.808585603	s3-eth11	17646	315431782
1787644734.808585603	s3-eth12	15615	30740508
1787644734.808585603	s3-eth13	16493	34952831
1787644734.808585603	s3-eth14	14979	30455218
1787644734.808585603	s3-eth15	19184	231190235
1787644734.808585603	s3-eth16	13506	28745474
1787644734.808585603	s3-eth17	15664	44718400
1787644734.808585603	s3-eth18	14302	30197367
1787644734.808585603	s3-eth19	339903181	19637
1787644734.808585603	s3-eth2	8314778	13877
1787644734.808585603	s3-eth20	63743432	16089
1787644734.808585603	s3-eth21	76626321	18261
1787644734.808585603	s3-eth22	66957942	16125
1787644734.808585603	s3-eth23	249027429	19224
1787644734.808585603	s3-eth24	44437054	14887
1787644734.808585603	s3-eth25	76630483	18118
1787644734.808585603	s3-eth26	70188391	16792
1787644734.808585603	s3-eth27	397854609	17799
1787644734.808585603	s3-eth28	70191163	16636
1787644734.808585603	s3-eth29	76611023	17892
1787644734.808585603	s3-eth3	16928	983300713
1787644734.808585603	s3-eth30	54090982	14894
1787644734.808585603	s3-eth31	244007850	18805
1787644734.808585603	s3-eth32	48297169	15932
1787644734.808585603	s3-eth33	76619582	17829
1787644734.808585603	s3-eth34	38000129	14977
1787644734.808585603	s3-eth4	15196	31930291
1787644734.808585603	s3-eth5	17092	36251112
1787644734.808585603	s3-eth6	15492	31489635
1787644734.808585603	s3-eth7	18256	232024063
1787644734.808585603	s3-eth8	16155	31277354
1787644734.808585603	s3-eth9	16542	35577110
1787644734.808585603	s4-eth1	3281224363	426430
1787644734.808585603	s4-eth10	14529	38988639
1787644734.808585603	s4-eth11	18383	360947139
1787644734.808585603	s4-eth12	14850	38838299
1787644734.808585603	s4-eth13	16419	44086856
1787644734.808585603	s4-eth14	14629	39425447
1787644734.808585603	s4-eth15	19159	241513092
1787644734.808585603	s4-eth16	13766	45557601
1787644734.808585603	s4-eth17	15486	44003025
1787644734.808585603	s4-eth18	13486	34987218
1787644734.808585603	s4-eth19	16170	219591700
1787644734.808585603	s4-eth2	13877	23693
1787644734.808585603	s4-eth20	12552	44811515
1787644734.808585603	s4-eth21	14814	55287800
1787644734.808585603	s4-eth22	12585	46378658
1787644734.808585603	s4-eth23	15817	246068734
1787644734.808585603	s4-eth24	11483	36426299
1787644734.808585603	s4-eth25	14671	55370795
1787644734.808585603	s4-eth26	13435	49376203
1787644734.808585603	s4-eth27	14555	351029974
1787644734.808585603	s4-eth28	13189	49709030
1787644734.808585603	s4-eth29	14579	54477762
1787644734.808585603	s4-eth3	18107	197892989
1787644734.808585603	s4-eth30	11607	39975465
1787644734.808585603	s4-eth31	16139	241453733
1787644734.808585603	s4-eth32	12773	29010112
1787644734.808585603	s4-eth33	14358	54828202
1787644734.808585603	s4-eth34	11526	34810298
1787644734.808585603	s4-eth4	14188	37151534
1787644734.808585603	s4-eth5	15733	44820189
1787644734.808585603	s4-eth6	14384	39492423
1787644734.808585603	s4-eth7	17446	239922064
1787644734.808585603	s4-eth8	14666	39296886
1787644734.808585603	s4-eth9	16106	44553746
1787644734.808585603	s5-eth1	5031663979	426827
1787644734.808585603	s5-eth2	1929179802	2287811018
1787644734.808585603	s5-eth3	13877	4122262355
1787644734.808585603	s5-eth4	467465	13877
1787644734.808585603	s6-eth1	13877	23042
1787644734.808585603	s6-eth2	1384686	11644
1787644734.808585603	s6-eth3	13877	1278907
1787644734.808585603	s6-eth4	12181	13877
1787644734.808585603	s7-eth1	1807035777	2244988304
1787644734.808585603	s7-eth2	426430	3281224363
1787644734.808585603	s7-eth3	3962806373	11847
1787644734.808585603	s7-eth4	197151	686496
1787644734.808585603	s8-eth1	13877	8314778
1787644734.808585603	s8-eth2	23693	13877
1787644734.808585603	s8-eth3	8403591	13877
1787644734.808585603	s8-eth4	47588	13877
1787644734.808585603	s9-eth1	4122262355	13877
1787644734.808585603	s9-eth2	1278907	13877
1787644734.808585603	s9-eth3	11847	3962806373
1787644734.808585603	s9-eth4	13877	8403591
1787644738.176527361	s10-eth1	13877	467465
1787644738.176527361	s10-eth2	13877	12181
1787644738.176527361	s10-eth3	686496	197151
1787644738.176527361	s10-eth4	13877	47588
1787644738.176527361	s1-eth1	426827	5031663979
1787644738.176527361	s1-eth10	70184041	17726
1787644738.176527361	s1-eth11	436469425	21046
1787644738.176527361	s1-eth12	70182388	17893
1787644738.176527361	s1-eth13	76611484	19076
1787644738.176527361	s1-eth14	70181863	17894
1787644738.176527361	s1-eth15	252249209	21902
1787644738.176527361	s1-eth16	50876752	16898
1787644738.176527361	s1-eth17	76628004	18292
1787644738.176527361	s1-eth18	70186718	17549
1787644738.176527361	s1-eth19	1104662413	19036
1787644738.176527361	s1-eth2	23042	13877
1787644738.176527361	s1-eth20	70190152	16746
1787644738.176527361	s1-eth21	63754867	17355
1787644738.176527361	s1-eth22	70176529	16880
1787644738.176527361	s1-eth23	252249123	20626
1787644738.176527361	s1-eth24	66965690	15928
1787644738.176527361	s1-eth25	38000545	15875
1787644738.176527361	s1-eth26	50873838	15379
1787644738.176527361	s1-eth27	436475380	19016
1787644738.176527361	s1-eth28	50870455	15464
1787644738.176527361	s1-eth29	57315517	17534
1787644738.176527361	s1-eth3	1220552565	21034
1787644738.176527361	s1-eth30	57314683	15556
1787644738.176527361	s1-eth31	249673809	19335
1787644738.176527361	s1-eth32	70187909	16731
1787644738.176527361	s1-eth33	57318346	17482
1787644738.176527361	s1-eth34	50875378	15353
1787644738.176527361	s1-eth4	70184840	18629
1787644738.176527361	s1-eth5	76617651	19771
1787644738.176527361	s1-eth6	70177558	18608
1787644738.176527361	s1-eth7	252240522	21766
1787644738.176527361	s1-eth8	70186433	19076
1787644738.176527361	s1-eth9	76614389	19326
1787644738.176527361	s2-eth1	2287811018	1929179802
1787644738.176527361	s2-eth10	70185294	17764
1787644738.176527361	s2-eth11	513694640	20970
1787644738.176527361	s2-eth12	70186569	17856
1787644738.176527361	s2-eth13	76627604	18500
1787644738.176527361	s2-eth14	70187528	17298
1787644738.176527361	s2-eth15	252250926	21177
1787644738.176527361	s2-eth16	63754726	16361
1787644738.176527361	s2-eth17	76626331	18564
1787644738.176527361	s2-eth18	57313731	16204
1787644738.176527361	s2-eth19	16145	1000109006
1787644738.176527361	s2-eth2	11644	1384686
1787644738.176527361	s2-eth20	13479	36289633
1787644738.176527361	s2-eth21	13975	36530448
1787644738.176527361	s2-eth22	13343	35509688
1787644738.176527361	s2-eth23	17558	235926463
1787644738.176527361	s2-eth24	12555	33373296
1787644738.176527361	s2-eth25	12949	30922764
1787644738.176527361	s2-eth26	12582	28168523
1787644738.176527361	s2-eth27	16043	319443777
1787644738.176527361	s2-eth28	12824	27745086
1787644738.176527361	s2-eth29	14491	38154668
1787644738.176527361	s2-eth3	352786448	20916
1787644738.176527361	s2-eth30	12778	30347750
1787644738.176527361	s2-eth31	15962	234904238
1787644738.176527361	s2-eth32	13868	34355592
1787644738.176527361	s2-eth33	14372	37209655
1787644738.176527361	s2-eth34	12313	27739896
1787644738.176527361	s2-eth4	66938902	16455
1787644738.176527361	s2-eth5	76608233	18835
1787644738.176527361	s2-eth6	70180983	16892
1787644738.176527361	s2-eth7	247740580	20020
1787644738.176527361	s2-eth8	70171821	17196
1787644738.176527361	s2-eth9	76612496	18770
1787644738.176527361	s3-eth1	2244988304	1807035777
1787644738.176527361	s3-eth10	15247	30882005
1787644738.176527361	s3-eth11	17646	315431782
1787644738.176527361	s3-eth12	15615	30740508
1787644738.176527361	s3-eth13	16493	34952831
1787644738.176527361	s3-eth14	14979	30455218
1787644738.176527361	s3-eth15	19184	231190235
1787644738.176527361	s3-eth16	13506	28745474
1787644738.176527361	s3-eth17	15664	44718400
1787644738.176527361	s3-eth18	14302	30197367
1787644738.176527361	s3-eth19	339903181	19637
1787644738.176527361	s3-eth2	8314778	13877
1787644738.176527361	s3-eth20	63743432	16089
1787644738.176527361	s3-eth21	76626321	18261
1787644738.176527361	s3-eth22	66957942	16125
1787644738.176527361	s3-eth23	249027429	19224
1787644738.176527361	s3-eth24	44437054	14887
1787644738.176527361	s3-eth25	76630483	18118
1787644738.176527361	s3-eth26	70188391	16792
1787644738.176527361	s3-eth27	397854609	17799
1787644738.176527361	s3-eth28	70191163	16636
1787644738.176527361	s3-eth29	76611023	17892
1787644738.176527361	s3-eth3	17661	983301488
1787644738.176527361	s3-eth30	54090982	14894
1787644738.176527361	s3-eth31	244007850	18805
1787644738.176527361	s3-eth32	48297169	15932
1787644738.176527361	s3-eth33	76619582	17829
1787644738.176527361	s3-eth34	38000129	14977
1787644738.176527361	s3-eth4	15196	31930291
1787644738.176527361	s3-eth5	17092	36251112
1787644738.176527361	s3-eth6	15492	31489635
1787644738.176527361	s3-eth7	18990	232024905
1787644738.176527361	s3-eth8	16155	31277354
1787644738.176527361	s3-eth9	16542	35577110
1787644738.176527361	s4-eth1	3281224363	426430
1787644738.176527361	s4-eth10	14529	38988639
1787644738.176527361	s4-eth11	18383	360947139
1787644738.176527361	s4-eth12	14850	38838299
1787644738.176527361	s4-eth13	16419	44086856
1787644738.176527361	s4-eth14	14629	39425447
1787644738.176527361	s4-eth15	19159	241513092
1787644738.176527361	s4-eth16	13766	45557601
1787644738.176527361	s4-eth17	15486	44003025
1787644738.176527361	s4-eth18	13486	34987218
1787644738.176527361	s4-eth19	16170	219591700
1787644738.176527361	s4-eth2	13877	23693
1787644738.176527361	s4-eth20	12552	44811515
1787644738.176527361	s4-eth21	14814	55287800
1787644738.176527361	s4-eth22	12585	46378658
1787644738.176527361	s4-eth23	15817	246068734
1787644738.176527361	s4-eth24	11483	36426299
1787644738.176527361	s4-eth25	14671	55370795
1787644738.176527361	s4-eth26	13435	49376203
1787644738.176527361	s4-eth27	14555	351029974
1787644738.176527361	s4-eth28	13189	49709030
1787644738.176527361	s4-eth29	14579	54477762
1787644738.176527361	s4-eth3	18107	197892989
1787644738.176527361	s4-eth30	11607	39975465
1787644738.176527361	s4-eth31	16139	241453733
1787644738.176527361	s4-eth32	12773	29010112
1787644738.176527361	s4-eth33	14358	54828202
1787644738.176527361	s4-eth34	11526	34810298
1787644738.176527361	s4-eth4	14188	37151534
1787644738.176527361	s4-eth5	15733	44820189
1787644738.176527361	s4-eth6	14384	39492423
1787644738.176527361	s4-eth7	17446	239922064
1787644738.176527361	s4-eth8	14666	39296886
1787644738.176527361	s4-eth9	16106	44553746
1787644738.176527361	s5-eth1	5031663979	426827
1787644738.176527361	s5-eth2	1929179802	2287811018
1787644738.176527361	s5-eth3	13877	4122262355
1787644738.176527361	s5-eth4	467465	13877
1787644738.176527361	s6-eth1	13877	23042
1787644738.176527361	s6-eth2	1384686	11644
1787644738.176527361	s6-eth3	13877	1278907
1787644738.176527361	s6-eth4	12181	13877
1787644738.176527361	s7-eth1	1807035777	2244988304
1787644738.176527361	s7-eth2	426430	3281224363
1787644738.176527361	s7-eth3	3962806373	11847
1787644738.176527361	s7-eth4	197151	686496
1787644738.176527361	s8-eth1	13877	8314778
1787644738.176527361	s8-eth2	23693	13877
1787644738.176527361	s8-eth3	8403591	13877
1787644738.176527361	s8-eth4	47588	13877
1787644738.176527361	s9-eth1	4122262355	13877
1787644738.176527361	s9-eth2	1278907	13877
1787644738.176527361	s9-eth3	11847	3962806373
1787644738.176527361	s9-eth4	13877	8403591
1787644740.474471428	s10-eth1	13904	467493
1787644740.474471428	s10-eth2	13904	12209
1787644740.474471428	s10-eth3	686523	197179
1787644740.474471428	s10-eth4	13904	47616
1787644740.474471428	s1-eth1	426854	5031664006
1787644740.474471428	s1-eth10	70184041	17726
1787644740.474471428	s1-eth11	436469425	21046
1787644740.474471428	s1-eth12	70182388	17893
1787644740.474471428	s1-eth13	76611484	19076
1787644740.474471428	s1-eth14	70181863	17894
1787644740.474471428	s1-eth15	252249209	21902
1787644740.474471428	s1-eth16	50876752	16898
1787644740.474471428	s1-eth17	76628004	18292
1787644740.474471428	s1-eth18	70186718	17549
1787644740.474471428	s1-eth19	1104662413	19036
1787644740.474471428	s1-eth2	23069	13904
1787644740.474471428	s1-eth20	70190152	16746
1787644740.474471428	s1-eth21	63754867	17355
1787644740.474471428	s1-eth22	70176529	16880
1787644740.474471428	s1-eth23	252249123	20626
1787644740.474471428	s1-eth24	66965690	15928
1787644740.474471428	s1-eth25	38000545	15875
1787644740.474471428	s1-eth26	50873838	15379
1787644740.474471428	s1-eth27	436475380	19016
1787644740.474471428	s1-eth28	50870455	15464
1787644740.474471428	s1-eth29	57315517	17534
1787644740.474471428	s1-eth3	1220552565	21034
1787644740.474471428	s1-eth30	57314683	15556
1787644740.474471428	s1-eth31	249673809	19335
1787644740.474471428	s1-eth32	70187909	16731
1787644740.474471428	s1-eth33	57318346	17482
1787644740.474471428	s1-eth34	50875378	15353
1787644740.474471428	s1-eth4	70184840	18629
1787644740.474471428	s1-eth5	76617651	19771
1787644740.474471428	s1-eth6	70177558	18608
1787644740.474471428	s1-eth7	252240522	21766
1787644740.474471428	s1-eth8	70186433	19076
1787644740.474471428	s1-eth9	76614389	19326
1787644740.474471428	s2-eth1	2287811045	1929179829
1787644740.474471428	s2-eth10	70185294	17764
1787644740.474471428	s2-eth11	513694640	20970
1787644740.474471428	s2-eth12	70186569	17856
1787644740.474471428	s2-eth13	76627604	18500
1787644740.474471428	s2-eth14	70187528	17298
1787644740.474471428	s2-eth15	252250926	21177
1787644740.474471428	s2-eth16	63754726	16361
1787644740.474471428	s2-eth17	76626331	18564
1787644740.474471428	s2-eth18	57313731	16204
1787644740.474471428	s2-eth19	16145	1000109006
1787644740.474471428	s2-eth2	11671	1384713
1787644740.474471428	s2-eth20	13479	36289633
1787644740.474471428	s2-eth21	13975	36530448
1787644740.474471428	s2-eth22	13343	35509688
1787644740.474471428	s2-eth23	17558	235926463
1787644740.474471428	s2-eth24	12555	33373296
1787644740.474471428	s2-eth25	12949	30922764
1787644740.474471428	s2-eth26	12582	28168523
1787644740.474471428	s2-eth27	16043	319443777
1787644740.474471428	s2-eth28	12824	27745086
1787644740.474471428	s2-eth29	14491	38154668
1787644740.474471428	s2-eth3	352786448	20916
1787644740.474471428	s2-eth30	12778	30347750
1787644740.474471428	s2-eth31	15962	234904238
1787644740.474471428	s2-eth32	13868	34355592
1787644740.474471428	s2-eth33	14372	37209655
1787644740.474471428	s2-eth34	12313	27739896
1787644740.474471428	s2-eth4	66938902	16455
1787644740.474471428	s2-eth5	76608233	18835
1787644740.474471428	s2-eth6	70180983	16892
1787644740.474471428	s2-eth7	247740580	20020
1787644740.474471428	s2-eth8	70171821	17196
1787644740.474471428	s2-eth9	76612496	18770
1787644740.474471428	s3-eth1	2244988331	1807035804
1787644740.474471428	s3-eth10	15247	30882005
1787644740.474471428	s3-eth11	17646	315431782
1787644740.474471428	s3-eth12	15615	30740508
1787644740.474471428	s3-eth13	16493	34952831
1787644740.474471428	s3-eth14	14979	30455218
1787644740.474471428	s3-eth15	19184	231190235
1787644740.474471428	s3-eth16	13506	28745474
1787644740.474471428	s3-eth17	15664	44718400
1787644740.474471428	s3-eth18	14302	30197367
1787644740.474471428	s3-eth19	339903181	19637
1787644740.474471428	s3-eth2	8314805	13904
1787644740.474471428	s3-eth20	63743432	16089
1787644740.474471428	s3-eth21	76626321	18261
1787644740.474471428	s3-eth22	66957942	16125
1787644740.474471428	s3-eth23	249027429	19224
1787644740.474471428	s3-eth24	44437054	14887
1787644740.474471428	s3-eth25	76630483	18118
1787644740.474471428	s3-eth26	70188391	16792
1787644740.474471428	s3-eth27	397854609	17799
1787644740.474471428	s3-eth28	70191163	16636
1787644740.474471428	s3-eth29	76611023	17892
1787644740.474471428	s3-eth3	17661	983301488
1787644740.474471428	s3-eth30	54090982	14894
1787644740.474471428	s3-eth31	244007850	18805
1787644740.474471428	s3-eth32	48297169	15932
1787644740.474471428	s3-eth33	76619582	17829
1787644740.474471428	s3-eth34	38000129	14977
1787644740.474471428	s3-eth4	15196	31930291
1787644740.474471428	s3-eth5	17092	36251112
1787644740.474471428	s3-eth6	15492	31489635
1787644740.474471428	s3-eth7	18990	232024905
1787644740.474471428	s3-eth8	16155	31277354
1787644740.474471428	s3-eth9	16542	35577110
1787644740.474471428	s4-eth1	3281224390	426457
1787644740.474471428	s4-eth10	14529	38988639
1787644740.474471428	s4-eth11	18383	360947139
1787644740.474471428	s4-eth12	14850	38838299
1787644740.474471428	s4-eth13	16419	44086856
1787644740.474471428	s4-eth14	14629	39425447
1787644740.474471428	s4-eth15	19159	241513092
1787644740.474471428	s4-eth16	13766	45557601
1787644740.474471428	s4-eth17	15486	44003025
1787644740.474471428	s4-eth18	13486	34987218
1787644740.474471428	s4-eth19	16170	219591700
1787644740.474471428	s4-eth2	13904	23720
1787644740.474471428	s4-eth20	12552	44811515
1787644740.474471428	s4-eth21	14814	55287800
1787644740.474471428	s4-eth22	12585	46378658
1787644740.474471428	s4-eth23	15817	246068734
1787644740.474471428	s4-eth24	11483	36426299
1787644740.474471428	s4-eth25	14671	55370795
1787644740.474471428	s4-eth26	13435	49376203
1787644740.474471428	s4-eth27	14555	351029974
1787644740.474471428	s4-eth28	13189	49709030
1787644740.474471428	s4-eth29	14579	54477762
1787644740.474471428	s4-eth3	18107	197892989
1787644740.474471428	s4-eth30	11607	39975465
1787644740.474471428	s4-eth31	16139	241453733
1787644740.474471428	s4-eth32	12773	29010112
1787644740.474471428	s4-eth33	14358	54828202
1787644740.474471428	s4-eth34	11526	34810298
1787644740.474471428	s4-eth4	14188	37151534
1787644740.474471428	s4-eth5	15733	44820189
1787644740.474471428	s4-eth6	14384	39492423
1787644740.474471428	s4-eth7	17446	239922064
1787644740.474471428	s4-eth8	14666	39296886
1787644740.474471428	s4-eth9	16106	44553746
1787644740.474471428	s5-eth1	5031664006	426854
1787644740.474471428	s5-eth2	1929179829	2287811045
1787644740.474471428	s5-eth3	13904	4122262382
1787644740.474471428	s5-eth4	467493	13904
1787644740.474471428	s6-eth1	13904	23069
1787644740.474471428	s6-eth2	1384713	11671
1787644740.474471428	s6-eth3	13904	1278934
1787644740.474471428	s6-eth4	12209	13904
1787644740.474471428	s7-eth1	1807035804	2244988331
1787644740.474471428	s7-eth2	426457	3281224390
1787644740.474471428	s7-eth3	3962806400	11874
1787644740.474471428	s7-eth4	197179	686523
1787644740.474471428	s8-eth1	13904	8314805
1787644740.474471428	s8-eth2	23720	13904
1787644740.474471428	s8-eth3	8403618	13904
1787644740.474471428	s8-eth4	47616	13904
1787644740.474471428	s9-eth1	4122262382	13904
1787644740.474471428	s9-eth2	1278934	13904
1787644740.474471428	s9-eth3	11874	3962806400
1787644740.474471428	s9-eth4	13904	8403618
1787644742.754148326	s10-eth1	13904	467493
1787644742.754148326	s10-eth2	13904	12209
1787644742.754148326	s10-eth3	686523	197179
1787644742.754148326	s10-eth4	13904	47616
1787644742.754148326	s1-eth1	426854	5031664006
1787644742.754148326	s1-eth10	70184041	17726
1787644742.754148326	s1-eth11	436469425	21046
1787644742.754148326	s1-eth12	70182388	17893
1787644742.754148326	s1-eth13	76611484	19076
1787644742.754148326	s1-eth14	70181863	17894
1787644742.754148326	s1-eth15	252249209	21902
1787644742.754148326	s1-eth16	50876752	16898
1787644742.754148326	s1-eth17	76628004	18292
1787644742.754148326	s1-eth18	70186718	17549
1787644742.754148326	s1-eth19	1104662413	19036
1787644742.754148326	s1-eth2	23069	13904
1787644742.754148326	s1-eth20	70190152	16746
1787644742.754148326	s1-eth21	63754867	17355
1787644742.754148326	s1-eth22	70176529	16880
1787644742.754148326	s1-eth23	252249123	20626
1787644742.754148326	s1-eth24	66965690	15928
1787644742.754148326	s1-eth25	38000545	15875
1787644742.754148326	s1-eth26	50873838	15379
1787644742.754148326	s1-eth27	436475380	19016
1787644742.754148326	s1-eth28	50870455	15464
1787644742.754148326	s1-eth29	57315517	17534
1787644742.754148326	s1-eth3	1220552565	21034
1787644742.754148326	s1-eth30	57314683	15556
1787644742.754148326	s1-eth31	249673809	19335
1787644742.754148326	s1-eth32	70187909	16731
1787644742.754148326	s1-eth33	57318346	17482
1787644742.754148326	s1-eth34	50875378	15353
1787644742.754148326	s1-eth4	70184840	18629
1787644742.754148326	s1-eth5	76617651	19771
1787644742.754148326	s1-eth6	70177558	18608
1787644742.754148326	s1-eth7	252240522	21766
1787644742.754148326	s1-eth8	70186433	19076
1787644742.754148326	s1-eth9	76614389	19326
1787644742.754148326	s2-eth1	2287811045	1929179829
1787644742.754148326	s2-eth10	70185294	17764
1787644742.754148326	s2-eth11	513694640	20970
1787644742.754148326	s2-eth12	70186569	17856
1787644742.754148326	s2-eth13	76627604	18500
1787644742.754148326	s2-eth14	70187528	17298
1787644742.754148326	s2-eth15	252250926	21177
1787644742.754148326	s2-eth16	63754726	16361
1787644742.754148326	s2-eth17	76626331	18564
1787644742.754148326	s2-eth18	57313731	16204
1787644742.754148326	s2-eth19	16145	1000109006
1787644742.754148326	s2-eth2	11671	1384713
1787644742.754148326	s2-eth20	13479	36289633
1787644742.754148326	s2-eth21	13975	36530448
1787644742.754148326	s2-eth22	13343	35509688
1787644742.754148326	s2-eth23	17558	235926463
1787644742.754148326	s2-eth24	12555	33373296
1787644742.754148326	s2-eth25	12949	30922764
1787644742.754148326	s2-eth26	12582	28168523
1787644742.754148326	s2-eth27	16043	319443777
1787644742.754148326	s2-eth28	12824	27745086
1787644742.754148326	s2-eth29	14491	38154668
1787644742.754148326	s2-eth3	352786448	20916
1787644742.754148326	s2-eth30	12778	30347750
1787644742.754148326	s2-eth31	15962	234904238
1787644742.754148326	s2-eth32	13868	34355592
1787644742.754148326	s2-eth33	14372	37209655
1787644742.754148326	s2-eth34	12313	27739896
1787644742.754148326	s2-eth4	66938902	16455
1787644742.754148326	s2-eth5	76608233	18835
1787644742.754148326	s2-eth6	70180983	16892
1787644742.754148326	s2-eth7	247740580	20020
1787644742.754148326	s2-eth8	70171821	17196
1787644742.754148326	s2-eth9	76612496	18770
1787644742.754148326	s3-eth1	2244988331	1807035804
1787644742.754148326	s3-eth10	15247	30882005
1787644742.754148326	s3-eth11	17646	315431782
1787644742.754148326	s3-eth12	15615	30740508
1787644742.754148326	s3-eth13	16493	34952831
1787644742.754148326	s3-eth14	14979	30455218
1787644742.754148326	s3-eth15	19184	231190235
1787644742.754148326	s3-eth16	13506	28745474
1787644742.754148326	s3-eth17	15664	44718400
1787644742.754148326	s3-eth18	14302	30197367
1787644742.754148326	s3-eth19	339903181	19637
1787644742.754148326	s3-eth2	8314805	13904
1787644742.754148326	s3-eth20	63743432	16089
1787644742.754148326	s3-eth21	76626321	18261
1787644742.754148326	s3-eth22	66957942	16125
1787644742.754148326	s3-eth23	249027429	19224
1787644742.754148326	s3-eth24	44437054	14887
1787644742.754148326	s3-eth25	76630483	18118
1787644742.754148326	s3-eth26	70188391	16792
1787644742.754148326	s3-eth27	397854609	17799
1787644742.754148326	s3-eth28	70191163	16636
1787644742.754148326	s3-eth29	76611023	17892
1787644742.754148326	s3-eth3	17661	983301488
1787644742.754148326	s3-eth30	54090982	14894
1787644742.754148326	s3-eth31	244007850	18805
1787644742.754148326	s3-eth32	48297169	15932
1787644742.754148326	s3-eth33	76619582	17829
1787644742.754148326	s3-eth34	38000129	14977
1787644742.754148326	s3-eth4	15196	31930291
1787644742.754148326	s3-eth5	17092	36251112
1787644742.754148326	s3-eth6	15492	31489635
1787644742.754148326	s3-eth7	18990	232024905
1787644742.754148326	s3-eth8	16155	31277354
1787644742.754148326	s3-eth9	16542	35577110
1787644742.754148326	s4-eth1	3281224390	426457
1787644742.754148326	s4-eth10	14529	38988639
1787644742.754148326	s4-eth11	18383	360947139
1787644742.754148326	s4-eth12	14850	38838299
1787644742.754148326	s4-eth13	16419	44086856
1787644742.754148326	s4-eth14	14629	39425447
1787644742.754148326	s4-eth15	19159	241513092
1787644742.754148326	s4-eth16	13766	45557601
1787644742.754148326	s4-eth17	15486	44003025
1787644742.754148326	s4-eth18	13486	34987218
1787644742.754148326	s4-eth19	16170	219591700
1787644742.754148326	s4-eth2	13904	23720
1787644742.754148326	s4-eth20	12552	44811515
1787644742.754148326	s4-eth21	14814	55287800
1787644742.754148326	s4-eth22	12585	46378658
1787644742.754148326	s4-eth23	15817	246068734
1787644742.754148326	s4-eth24	11483	36426299
1787644742.754148326	s4-eth25	14671	55370795
1787644742.754148326	s4-eth26	13435	49376203
1787644742.754148326	s4-eth27	14555	351029974
1787644742.754148326	s4-eth28	13189	49709030
1787644742.754148326	s4-eth29	14579	54477762
1787644742.754148326	s4-eth3	18107	197892989
1787644742.754148326	s4-eth30	11607	39975465
1787644742.754148326	s4-eth31	16139	241453733
1787644742.754148326	s4-eth32	12773	29010112
1787644742.754148326	s4-eth33	14358	54828202
1787644742.754148326	s4-eth34	11526	34810298
1787644742.754148326	s4-eth4	14188	37151534
1787644742.754148326	s4-eth5	15733	44820189
1787644742.754148326	s4-eth6	14384	39492423
1787644742.754148326	s4-eth7	17446	239922064
1787644742.754148326	s4-eth8	14666	39296886
1787644742.754148326	s4-eth9	16106	44553746
1787644742.754148326	s5-eth1	5031664006	426854
1787644742.754148326	s5-eth2	1929179829	2287811045
1787644742.754148326	s5-eth3	13904	4122262382
1787644742.754148326	s5-eth4	467493	13904
1787644742.754148326	s6-eth1	13904	23069
1787644742.754148326	s6-eth2	1384713	11671
1787644742.754148326	s6-eth3	13904	1278934
1787644742.754148326	s6-eth4	12209	13904
1787644742.754148326	s7-eth1	1807035804	2244988331
1787644742.754148326	s7-eth2	426457	3281224390
1787644742.754148326	s7-eth3	3962806400	11874
1787644742.754148326	s7-eth4	197179	686523
1787644742.754148326	s8-eth1	13904	8314805
1787644742.754148326	s8-eth2	23720	13904
1787644742.754148326	s8-eth3	8403618	13904
1787644742.754148326	s8-eth4	47616	13904
1787644742.754148326	s9-eth1	4122262382	13904
1787644742.754148326	s9-eth2	1278934	13904
1787644742.754148326	s9-eth3	11874	3962806400
1787644742.754148326	s9-eth4	13904	8403618
1787644745.039198446	s10-eth1	13931	467521
1787644745.039198446	s10-eth2	13931	12237
1787644745.039198446	s10-eth3	686550	197207
1787644745.039198446	s10-eth4	13931	47644
1787644745.039198446	s1-eth1	426881	5031664033
1787644745.039198446	s1-eth10	70184041	17726
1787644745.039198446	s1-eth11	436469425	21046
1787644745.039198446	s1-eth12	70182388	17893
1787644745.039198446	s1-eth13	76611484	19076
1787644745.039198446	s1-eth14	70181863	17894
1787644745.039198446	s1-eth15	252249209	21902
1787644745.039198446	s1-eth16	50876752	16898
1787644745.039198446	s1-eth17	76628004	18292
1787644745.039198446	s1-eth18	70186718	17549
1787644745.039198446	s1-eth19	1104662413	19036
1787644745.039198446	s1-eth2	23096	13931
1787644745.039198446	s1-eth20	70190152	16746
1787644745.039198446	s1-eth21	63754867	17355
1787644745.039198446	s1-eth22	70176529	16880
1787644745.039198446	s1-eth23	252249123	20626
1787644745.039198446	s1-eth24	66965690	15928
1787644745.039198446	s1-eth25	38000545	15875
1787644745.039198446	s1-eth26	50873838	15379
1787644745.039198446	s1-eth27	436475380	19016
1787644745.039198446	s1-eth28	50870455	15464
1787644745.039198446	s1-eth29	57315517	17534
1787644745.039198446	s1-eth3	1220552565	21034
1787644745.039198446	s1-eth30	57314683	15556
1787644745.039198446	s1-eth31	249673809	19335
1787644745.039198446	s1-eth32	70187909	16731
1787644745.039198446	s1-eth33	57318346	17482
1787644745.039198446	s1-eth34	50875378	15353
1787644745.039198446	s1-eth4	70184840	18629
1787644745.039198446	s1-eth5	76617651	19771
1787644745.039198446	s1-eth6	70177558	18608
1787644745.039198446	s1-eth7	252240522	21766
1787644745.039198446	s1-eth8	70186433	19076
1787644745.039198446	s1-eth9	76614389	19326
1787644745.039198446	s2-eth1	2287811072	1929179856
1787644745.039198446	s2-eth10	70185294	17764
1787644745.039198446	s2-eth11	513694640	20970
1787644745.039198446	s2-eth12	70186569	17856
1787644745.039198446	s2-eth13	76627604	18500
1787644745.039198446	s2-eth14	70187528	17298
1787644745.039198446	s2-eth15	252250926	21177
1787644745.039198446	s2-eth16	63754726	16361
1787644745.039198446	s2-eth17	76626331	18564
1787644745.039198446	s2-eth18	57313731	16204
1787644745.039198446	s2-eth19	16145	1000109006
1787644745.039198446	s2-eth2	11698	1384740
1787644745.039198446	s2-eth20	13479	36289633
1787644745.039198446	s2-eth21	13975	36530448
1787644745.039198446	s2-eth22	13343	35509688
1787644745.039198446	s2-eth23	17558	235926463
1787644745.039198446	s2-eth24	12555	33373296
1787644745.039198446	s2-eth25	12949	30922764
1787644745.039198446	s2-eth26	12582	28168523
1787644745.039198446	s2-eth27	16043	319443777
1787644745.039198446	s2-eth28	12824	27745086
1787644745.039198446	s2-eth29	14491	38154668
1787644745.039198446	s2-eth3	352786448	20916
1787644745.039198446	s2-eth30	12778	30347750
1787644745.039198446	s2-eth31	15962	234904238
1787644745.039198446	s2-eth32	13868	34355592
1787644745.039198446	s2-eth33	14372	37209655
1787644745.039198446	s2-eth34	12313	27739896
1787644745.039198446	s2-eth4	66938902	16455
1787644745.039198446	s2-eth5	76608233	18835
1787644745.039198446	s2-eth6	70180983	16892
1787644745.039198446	s2-eth7	247740580	20020
1787644745.039198446	s2-eth8	70171821	17196
1787644745.039198446	s2-eth9	76612496	18770
1787644745.039198446	s3-eth1	2244988358	1807035831
1787644745.039198446	s3-eth10	15247	30882005
1787644745.039198446	s3-eth11	17646	315431782
1787644745.039198446	s3-eth12	15615	30740508
1787644745.039198446	s3-eth13	16493	34952831
1787644745.039198446	s3-eth14	14979	30455218
1787644745.039198446	s3-eth15	19184	231190235
1787644745.039198446	s3-eth16	13506	28745474
1787644745.039198446	s3-eth17	15664	44718400
1787644745.039198446	s3-eth18	14302	30197367
1787644745.039198446	s3-eth19	339903181	19637
1787644745.039198446	s3-eth2	8314832	13931
1787644745.039198446	s3-eth20	63743432	16089
1787644745.039198446	s3-eth21	76626321	18261
1787644745.039198446	s3-eth22	66957942	16125
1787644745.039198446	s3-eth23	249027429	19224
1787644745.039198446	s3-eth24	44437054	14887
1787644745.039198446	s3-eth25	76630483	18118
1787644745.039198446	s3-eth26	70188391	16792
1787644745.039198446	s3-eth27	397854609	17799
1787644745.039198446	s3-eth28	70191163	16636
1787644745.039198446	s3-eth29	76611023	17892
1787644745.039198446	s3-eth3	17661	983301488
1787644745.039198446	s3-eth30	54090982	14894
1787644745.039198446	s3-eth31	244007850	18805
1787644745.039198446	s3-eth32	48297169	15932
1787644745.039198446	s3-eth33	76619582	17829
1787644745.039198446	s3-eth34	38000129	14977
1787644745.039198446	s3-eth4	15196	31930291
1787644745.039198446	s3-eth5	17092	36251112
1787644745.039198446	s3-eth6	15492	31489635
1787644745.039198446	s3-eth7	18990	232024905
1787644745.039198446	s3-eth8	16155	31277354
1787644745.039198446	s3-eth9	16542	35577110
1787644745.039198446	s4-eth1	3281224417	426484
1787644745.039198446	s4-eth10	14529	38988639
1787644745.039198446	s4-eth11	18383	360947139
1787644745.039198446	s4-eth12	14850	38838299
1787644745.039198446	s4-eth13	16419	44086856
1787644745.039198446	s4-eth14	14629	39425447
1787644745.039198446	s4-eth15	19159	241513092
1787644745.039198446	s4-eth16	13766	45557601
1787644745.039198446	s4-eth17	15486	44003025
1787644745.039198446	s4-eth18	13486	34987218
1787644745.039198446	s4-eth19	16170	219591700
1787644745.039198446	s4-eth2	13931	23747
1787644745.039198446	s4-eth20	12552	44811515
1787644745.039198446	s4-eth21	14814	55287800
1787644745.039198446	s4-eth22	12585	46378658
1787644745.039198446	s4-eth23	15817	246068734
1787644745.039198446	s4-eth24	11483	36426299
1787644745.039198446	s4-eth25	14671	55370795
1787644745.039198446	s4-eth26	13435	49376203
1787644745.039198446	s4-eth27	14555	351029974
1787644745.039198446	s4-eth28	13189	49709030
1787644745.039198446	s4-eth29	14579	54477762
1787644745.039198446	s4-eth3	18107	197892989
1787644745.039198446	s4-eth30	11607	39975465
1787644745.039198446	s4-eth31	16139	241453733
1787644745.039198446	s4-eth32	12773	29010112
1787644745.039198446	s4-eth33	14358	54828202
1787644745.039198446	s4-eth34	11526	34810298
1787644745.039198446	s4-eth4	14188	37151534
1787644745.039198446	s4-eth5	15733	44820189
1787644745.039198446	s4-eth6	14384	39492423
1787644745.039198446	s4-eth7	17446	239922064
1787644745.039198446	s4-eth8	14666	39296886
1787644745.039198446	s4-eth9	16106	44553746
1787644745.039198446	s5-eth1	5031664033	426881
1787644745.039198446	s5-eth2	1929179856	2287811072
1787644745.039198446	s5-eth3	13931	4122262409
1787644745.039198446	s5-eth4	467521	13931
1787644745.039198446	s6-eth1	13931	23096
1787644745.039198446	s6-eth2	1384740	11698
1787644745.039198446	s6-eth3	13931	1278961
1787644745.039198446	s6-eth4	12237	13931
1787644745.039198446	s7-eth1	1807035831	2244988358
1787644745.039198446	s7-eth2	426484	3281224417
1787644745.039198446	s7-eth3	3962806427	11901
1787644745.039198446	s7-eth4	197207	686550
1787644745.039198446	s8-eth1	13931	8314832
1787644745.039198446	s8-eth2	23747	13931
1787644745.039198446	s8-eth3	8403645	13931
1787644745.039198446	s8-eth4	47644	13931
1787644745.039198446	s9-eth1	4122262409	13931
1787644745.039198446	s9-eth2	1278961	13931
1787644745.039198446	s9-eth3	11901	3962806427
1787644745.039198446	s9-eth4	13931	8403645
1787644747.332122600	s10-eth1	13931	467521
1787644747.332122600	s10-eth2	13931	12237
1787644747.332122600	s10-eth3	686550	197207
1787644747.332122600	s10-eth4	13931	47644
1787644747.332122600	s1-eth1	426881	5031664033
1787644747.332122600	s1-eth10	70184041	17726
1787644747.332122600	s1-eth11	436469425	21046
1787644747.332122600	s1-eth12	70182388	17893
1787644747.332122600	s1-eth13	76611484	19076
1787644747.332122600	s1-eth14	70181863	17894
1787644747.332122600	s1-eth15	252249209	21902
1787644747.332122600	s1-eth16	50876752	16898
1787644747.332122600	s1-eth17	76628004	18292
1787644747.332122600	s1-eth18	70186718	17549
1787644747.332122600	s1-eth19	1104662413	19036
1787644747.332122600	s1-eth2	23096	13931
1787644747.332122600	s1-eth20	70190152	16746
1787644747.332122600	s1-eth21	63754867	17355
1787644747.332122600	s1-eth22	70176529	16880
1787644747.332122600	s1-eth23	252249123	20626
1787644747.332122600	s1-eth24	66965690	15928
1787644747.332122600	s1-eth25	38000545	15875
1787644747.332122600	s1-eth26	50873838	15379
1787644747.332122600	s1-eth27	436475380	19016
1787644747.332122600	s1-eth28	50870455	15464
1787644747.332122600	s1-eth29	57315517	17534
1787644747.332122600	s1-eth3	1220552565	21034
1787644747.332122600	s1-eth30	57314683	15556
1787644747.332122600	s1-eth31	249673809	19335
1787644747.332122600	s1-eth32	70187909	16731
1787644747.332122600	s1-eth33	57318346	17482
1787644747.332122600	s1-eth34	50875378	15353
1787644747.332122600	s1-eth4	70184840	18629
1787644747.332122600	s1-eth5	76617651	19771
1787644747.332122600	s1-eth6	70177558	18608
1787644747.332122600	s1-eth7	252240522	21766
1787644747.332122600	s1-eth8	70186433	19076
1787644747.332122600	s1-eth9	76614389	19326
1787644747.332122600	s2-eth1	2287811072	1929179856
1787644747.332122600	s2-eth10	70185294	17764
1787644747.332122600	s2-eth11	513694640	20970
1787644747.332122600	s2-eth12	70186569	17856
1787644747.332122600	s2-eth13	76627604	18500
1787644747.332122600	s2-eth14	70187528	17298
1787644747.332122600	s2-eth15	252250926	21177
1787644747.332122600	s2-eth16	63754726	16361
1787644747.332122600	s2-eth17	76626331	18564
1787644747.332122600	s2-eth18	57313731	16204
1787644747.332122600	s2-eth19	16145	1000109006
1787644747.332122600	s2-eth2	11698	1384740
1787644747.332122600	s2-eth20	13479	36289633
1787644747.332122600	s2-eth21	13975	36530448
1787644747.332122600	s2-eth22	13343	35509688
1787644747.332122600	s2-eth23	17558	235926463
1787644747.332122600	s2-eth24	12555	33373296
1787644747.332122600	s2-eth25	12949	30922764
1787644747.332122600	s2-eth26	12582	28168523
1787644747.332122600	s2-eth27	16043	319443777
1787644747.332122600	s2-eth28	12824	27745086
1787644747.332122600	s2-eth29	14491	38154668
1787644747.332122600	s2-eth3	352786448	20916
1787644747.332122600	s2-eth30	12778	30347750
1787644747.332122600	s2-eth31	15962	234904238
1787644747.332122600	s2-eth32	13868	34355592
1787644747.332122600	s2-eth33	14372	37209655
1787644747.332122600	s2-eth34	12313	27739896
1787644747.332122600	s2-eth4	66938902	16455
1787644747.332122600	s2-eth5	76608233	18835
1787644747.332122600	s2-eth6	70180983	16892
1787644747.332122600	s2-eth7	247740580	20020
1787644747.332122600	s2-eth8	70171821	17196
1787644747.332122600	s2-eth9	76612496	18770
1787644747.332122600	s3-eth1	2244988358	1807035831
1787644747.332122600	s3-eth10	15247	30882005
1787644747.332122600	s3-eth11	17646	315431782
1787644747.332122600	s3-eth12	15615	30740508
1787644747.332122600	s3-eth13	16493	34952831
1787644747.332122600	s3-eth14	14979	30455218
1787644747.332122600	s3-eth15	19184	231190235
1787644747.332122600	s3-eth16	13506	28745474
1787644747.332122600	s3-eth17	15664	44718400
1787644747.332122600	s3-eth18	14302	30197367
1787644747.332122600	s3-eth19	339903181	19637
1787644747.332122600	s3-eth2	8314832	13931
1787644747.332122600	s3-eth20	63743432	16089
1787644747.332122600	s3-eth21	76626321	18261
1787644747.332122600	s3-eth22	66957942	16125
1787644747.332122600	s3-eth23	249027429	19224
1787644747.332122600	s3-eth24	44437054	14887
1787644747.332122600	s3-eth25	76630483	18118
1787644747.332122600	s3-eth26	70188391	16792
1787644747.332122600	s3-eth27	397854609	17799
1787644747.332122600	s3-eth28	70191163	16636
1787644747.332122600	s3-eth29	76611023	17892
1787644747.332122600	s3-eth3	17661	983301488
1787644747.332122600	s3-eth30	54090982	14894
1787644747.332122600	s3-eth31	244007850	18805
1787644747.332122600	s3-eth32	48297169	15932
1787644747.332122600	s3-eth33	76619582	17829
1787644747.332122600	s3-eth34	38000129	14977
1787644747.332122600	s3-eth4	15196	31930291
1787644747.332122600	s3-eth5	17092	36251112
1787644747.332122600	s3-eth6	15492	31489635
1787644747.332122600	s3-eth7	18990	232024905
1787644747.332122600	s3-eth8	16155	31277354
1787644747.332122600	s3-eth9	16542	35577110
1787644747.332122600	s4-eth1	3281224417	426484
1787644747.332122600	s4-eth10	14529	38988639
1787644747.332122600	s4-eth11	18383	360947139
1787644747.332122600	s4-eth12	14850	38838299
1787644747.332122600	s4-eth13	16419	44086856
1787644747.332122600	s4-eth14	14629	39425447
1787644747.332122600	s4-eth15	19159	241513092
1787644747.332122600	s4-eth16	13766	45557601
1787644747.332122600	s4-eth17	15486	44003025
1787644747.332122600	s4-eth18	13486	34987218
1787644747.332122600	s4-eth19	16170	219591700
1787644747.332122600	s4-eth2	13931	23747
1787644747.332122600	s4-eth20	12552	44811515
1787644747.332122600	s4-eth21	14814	55287800
1787644747.332122600	s4-eth22	12585	46378658
1787644747.332122600	s4-eth23	15817	246068734
1787644747.332122600	s4-eth24	11483	36426299
1787644747.332122600	s4-eth25	14671	55370795
1787644747.332122600	s4-eth26	13435	49376203
1787644747.332122600	s4-eth27	14555	351029974
1787644747.332122600	s4-eth28	13189	49709030
1787644747.332122600	s4-eth29	14579	54477762
1787644747.332122600	s4-eth3	18107	197892989
1787644747.332122600	s4-eth30	11607	39975465
1787644747.332122600	s4-eth31	16139	241453733
1787644747.332122600	s4-eth32	12773	29010112
1787644747.332122600	s4-eth33	14358	54828202
1787644747.332122600	s4-eth34	11526	34810298
1787644747.332122600	s4-eth4	14188	37151534
1787644747.332122600	s4-eth5	15733	44820189
1787644747.332122600	s4-eth6	14384	39492423
1787644747.332122600	s4-eth7	17446	239922064
1787644747.332122600	s4-eth8	14666	39296886
1787644747.332122600	s4-eth9	16106	44553746
1787644747.332122600	s5-eth1	5031664033	426881
1787644747.332122600	s5-eth2	1929179856	2287811072
1787644747.332122600	s5-eth3	13931	4122262409
1787644747.332122600	s5-eth4	467521	13931
1787644747.332122600	s6-eth1	13931	23096
1787644747.332122600	s6-eth2	1384740	11698
1787644747.332122600	s6-eth3	13931	1278961
1787644747.332122600	s6-eth4	12237	13931
1787644747.332122600	s7-eth1	1807035831	2244988358
1787644747.332122600	s7-eth2	426484	3281224417
1787644747.332122600	s7-eth3	3962806427	11901
1787644747.332122600	s7-eth4	197207	686550
1787644747.332122600	s8-eth1	13931	8314832
1787644747.332122600	s8-eth2	23747	13931
1787644747.332122600	s8-eth3	8403645	13931
1787644747.332122600	s8-eth4	47644	13931
1787644747.332122600	s9-eth1	4122262409	13931
1787644747.332122600	s9-eth2	1278961	13931
1787644747.332122600	s9-eth3	11901	3962806427
1787644747.332122600	s9-eth4	13931	8403645
1787644749.622498367	s10-eth1	13931	467521
1787644749.622498367	s10-eth2	13931	12237
1787644749.622498367	s10-eth3	686550	197207
1787644749.622498367	s10-eth4	13931	47644
1787644749.622498367	s1-eth1	426881	5031664033
1787644749.622498367	s1-eth10	70184041	17726
1787644749.622498367	s1-eth11	436469425	21046
1787644749.622498367	s1-eth12	70182388	17893
1787644749.622498367	s1-eth13	76611484	19076
1787644749.622498367	s1-eth14	70181863	17894
1787644749.622498367	s1-eth15	252249209	21902
1787644749.622498367	s1-eth16	50876752	16898
1787644749.622498367	s1-eth17	76628004	18292
1787644749.622498367	s1-eth18	70186718	17549
1787644749.622498367	s1-eth19	1104662413	19036
1787644749.622498367	s1-eth2	23096	13931
1787644749.622498367	s1-eth20	70190152	16746
1787644749.622498367	s1-eth21	63754867	17355
1787644749.622498367	s1-eth22	70176529	16880
1787644749.622498367	s1-eth23	252249123	20626
1787644749.622498367	s1-eth24	66965690	15928
1787644749.622498367	s1-eth25	38000545	15875
1787644749.622498367	s1-eth26	50873838	15379
1787644749.622498367	s1-eth27	436475380	19016
1787644749.622498367	s1-eth28	50870455	15464
1787644749.622498367	s1-eth29	57315517	17534
1787644749.622498367	s1-eth3	1220552565	21034
1787644749.622498367	s1-eth30	57314683	15556
1787644749.622498367	s1-eth31	249673809	19335
1787644749.622498367	s1-eth32	70187909	16731
1787644749.622498367	s1-eth33	57318346	17482
1787644749.622498367	s1-eth34	50875378	15353
1787644749.622498367	s1-eth4	70184840	18629
1787644749.622498367	s1-eth5	76617651	19771
1787644749.622498367	s1-eth6	70177558	18608
1787644749.622498367	s1-eth7	252240522	21766
1787644749.622498367	s1-eth8	70186433	19076
1787644749.622498367	s1-eth9	76614389	19326
1787644749.622498367	s2-eth1	2287811072	1929179856
1787644749.622498367	s2-eth10	70185294	17764
1787644749.622498367	s2-eth11	513694640	20970
1787644749.622498367	s2-eth12	70186569	17856
1787644749.622498367	s2-eth13	76627604	18500
1787644749.622498367	s2-eth14	70187528	17298
1787644749.622498367	s2-eth15	252250926	21177
1787644749.622498367	s2-eth16	63754726	16361
1787644749.622498367	s2-eth17	76626331	18564
1787644749.622498367	s2-eth18	57313731	16204
1787644749.622498367	s2-eth19	16145	1000109006
1787644749.622498367	s2-eth2	11698	1384740
1787644749.622498367	s2-eth20	13479	36289633
1787644749.622498367	s2-eth21	13975	36530448
1787644749.622498367	s2-eth22	13343	35509688
1787644749.622498367	s2-eth23	17558	235926463
1787644749.622498367	s2-eth24	12555	33373296
1787644749.622498367	s2-eth25	12949	30922764
1787644749.622498367	s2-eth26	12582	28168523
1787644749.622498367	s2-eth27	16043	319443777
1787644749.622498367	s2-eth28	12824	27745086
1787644749.622498367	s2-eth29	14491	38154668
1787644749.622498367	s2-eth3	352786448	20916
1787644749.622498367	s2-eth30	12778	30347750
1787644749.622498367	s2-eth31	15962	234904238
1787644749.622498367	s2-eth32	13868	34355592
1787644749.622498367	s2-eth33	14372	37209655
1787644749.622498367	s2-eth34	12313	27739896
1787644749.622498367	s2-eth4	66938902	16455
1787644749.622498367	s2-eth5	76608233	18835
1787644749.622498367	s2-eth6	70180983	16892
1787644749.622498367	s2-eth7	247740580	20020
1787644749.622498367	s2-eth8	70171821	17196
1787644749.622498367	s2-eth9	76612496	18770
1787644749.622498367	s3-eth1	2244988385	1807035858
1787644749.622498367	s3-eth10	15247	30882005
1787644749.622498367	s3-eth11	17646	315431782
1787644749.622498367	s3-eth12	15615	30740508
1787644749.622498367	s3-eth13	16493	34952831
1787644749.622498367	s3-eth14	14979	30455218
1787644749.622498367	s3-eth15	19184	231190235
1787644749.622498367	s3-eth16	13506	28745474
1787644749.622498367	s3-eth17	15664	44718400
1787644749.622498367	s3-eth18	14302	30197367
1787644749.622498367	s3-eth19	339903181	19637
1787644749.622498367	s3-eth2	8314859	13958
1787644749.622498367	s3-eth20	63743432	16089
1787644749.622498367	s3-eth21	76626321	18261
1787644749.622498367	s3-eth22	66957942	16125
1787644749.622498367	s3-eth23	249027429	19224
1787644749.622498367	s3-eth24	44437054	14887
1787644749.622498367	s3-eth25	76630483	18118
1787644749.622498367	s3-eth26	70188391	16792
1787644749.622498367	s3-eth27	397854609	17799
1787644749.622498367	s3-eth28	70191163	16636
1787644749.622498367	s3-eth29	76611023	17892
1787644749.622498367	s3-eth3	17661	983301488
1787644749.622498367	s3-eth30	54090982	14894
1787644749.622498367	s3-eth31	244007850	18805
1787644749.622498367	s3-eth32	48297169	15932
1787644749.622498367	s3-eth33	76619582	17829
1787644749.622498367	s3-eth34	38000129	14977
1787644749.622498367	s3-eth4	15196	31930291
1787644749.622498367	s3-eth5	17092	36251112
1787644749.622498367	s3-eth6	15492	31489635
1787644749.622498367	s3-eth7	18990	232024905
1787644749.622498367	s3-eth8	16155	31277354
1787644749.622498367	s3-eth9	16542	35577110
1787644749.622498367	s4-eth1	3281224444	426511
1787644749.622498367	s4-eth10	14529	38988639
1787644749.622498367	s4-eth11	18383	360947139
1787644749.622498367	s4-eth12	14850	38838299
1787644749.622498367	s4-eth13	16419	44086856
1787644749.622498367	s4-eth14	14629	39425447
1787644749.622498367	s4-eth15	19159	241513092
1787644749.622498367	s4-eth16	13766	45557601
1787644749.622498367	s4-eth17	15486	44003025
1787644749.622498367	s4-eth18	13486	34987218
1787644749.622498367	s4-eth19	16170	219591700
1787644749.622498367	s4-eth2	13958	23774
1787644749.622498367	s4-eth20	12552	44811515
1787644749.622498367	s4-eth21	14814	55287800
1787644749.622498367	s4-eth22	12585	46378658
1787644749.622498367	s4-eth23	15817	246068734
1787644749.622498367	s4-eth24	11483	36426299
1787644749.622498367	s4-eth25	14671	55370795
1787644749.622498367	s4-eth26	13435	49376203
1787644749.622498367	s4-eth27	14555	351029974
1787644749.622498367	s4-eth28	13189	49709030
1787644749.622498367	s4-eth29	14579	54477762
1787644749.622498367	s4-eth3	18107	197892989
1787644749.622498367	s4-eth30	11607	39975465
1787644749.622498367	s4-eth31	16139	241453733
1787644749.622498367	s4-eth32	12773	29010112
1787644749.622498367	s4-eth33	14358	54828202
1787644749.622498367	s4-eth34	11526	34810298
1787644749.622498367	s4-eth4	14188	37151534
1787644749.622498367	s4-eth5	15733	44820189
1787644749.622498367	s4-eth6	14384	39492423
1787644749.622498367	s4-eth7	17446	239922064
1787644749.622498367	s4-eth8	14666	39296886
1787644749.622498367	s4-eth9	16106	44553746
1787644749.622498367	s5-eth1	5031664060	426908
1787644749.622498367	s5-eth2	1929179883	2287811099
1787644749.622498367	s5-eth3	13958	4122262436
1787644749.622498367	s5-eth4	467549	13958
1787644749.622498367	s6-eth1	13958	23123
1787644749.622498367	s6-eth2	1384767	11725
1787644749.622498367	s6-eth3	13958	1278988
1787644749.622498367	s6-eth4	12265	13958
1787644749.622498367	s7-eth1	1807035858	2244988385
1787644749.622498367	s7-eth2	426511	3281224444
1787644749.622498367	s7-eth3	3962806454	11928
1787644749.622498367	s7-eth4	197235	686577
1787644749.622498367	s8-eth1	13958	8314859
1787644749.622498367	s8-eth2	23774	13958
1787644749.622498367	s8-eth3	8403672	13958
1787644749.622498367	s8-eth4	47672	13958
1787644749.622498367	s9-eth1	4122262436	13958
1787644749.622498367	s9-eth2	1278988	13958
1787644749.622498367	s9-eth3	11928	3962806454
1787644749.622498367	s9-eth4	13958	8403672
1787644751.953793269	s10-eth1	13958	467549
1787644751.953793269	s10-eth2	13958	12265
1787644751.953793269	s10-eth3	686577	197235
1787644751.953793269	s10-eth4	13958	47672
1787644751.953793269	s1-eth1	426908	5031664060
1787644751.953793269	s1-eth10	70184041	17726
1787644751.953793269	s1-eth11	436469425	21046
1787644751.953793269	s1-eth12	70182388	17893
1787644751.953793269	s1-eth13	76611484	19076
1787644751.953793269	s1-eth14	70181863	17894
1787644751.953793269	s1-eth15	252249209	21902
1787644751.953793269	s1-eth16	50876752	16898
1787644751.953793269	s1-eth17	76628004	18292
1787644751.953793269	s1-eth18	70186718	17549
1787644751.953793269	s1-eth19	1104662413	19036
1787644751.953793269	s1-eth2	23123	13958
1787644751.953793269	s1-eth20	70190152	16746
1787644751.953793269	s1-eth21	63754867	17355
1787644751.953793269	s1-eth22	70176529	16880
1787644751.953793269	s1-eth23	252249123	20626
1787644751.953793269	s1-eth24	66965690	15928
1787644751.953793269	s1-eth25	38000545	15875
1787644751.953793269	s1-eth26	50873838	15379
1787644751.953793269	s1-eth27	436475380	19016
1787644751.953793269	s1-eth28	50870455	15464
1787644751.953793269	s1-eth29	57315517	17534
1787644751.953793269	s1-eth3	1220552565	21034
1787644751.953793269	s1-eth30	57314683	15556
1787644751.953793269	s1-eth31	249673809	19335
1787644751.953793269	s1-eth32	70187909	16731
1787644751.953793269	s1-eth33	57318346	17482
1787644751.953793269	s1-eth34	50875378	15353
1787644751.953793269	s1-eth4	70184840	18629
1787644751.953793269	s1-eth5	76617651	19771
1787644751.953793269	s1-eth6	70177558	18608
1787644751.953793269	s1-eth7	252240522	21766
1787644751.953793269	s1-eth8	70186433	19076
1787644751.953793269	s1-eth9	76614389	19326
1787644751.953793269	s2-eth1	2287811099	1929179883
1787644751.953793269	s2-eth10	70185294	17764
1787644751.953793269	s2-eth11	513694640	20970
1787644751.953793269	s2-eth12	70186569	17856
1787644751.953793269	s2-eth13	76627604	18500
1787644751.953793269	s2-eth14	70187528	17298
1787644751.953793269	s2-eth15	252250926	21177
1787644751.953793269	s2-eth16	63754726	16361
1787644751.953793269	s2-eth17	76626331	18564
1787644751.953793269	s2-eth18	57313731	16204
1787644751.953793269	s2-eth19	16145	1000109006
1787644751.953793269	s2-eth2	11725	1384767
1787644751.953793269	s2-eth20	13479	36289633
1787644751.953793269	s2-eth21	13975	36530448
1787644751.953793269	s2-eth22	13343	35509688
1787644751.953793269	s2-eth23	17558	235926463
1787644751.953793269	s2-eth24	12555	33373296
1787644751.953793269	s2-eth25	12949	30922764
1787644751.953793269	s2-eth26	12582	28168523
1787644751.953793269	s2-eth27	16043	319443777
1787644751.953793269	s2-eth28	12824	27745086
1787644751.953793269	s2-eth29	14491	38154668
1787644751.953793269	s2-eth3	352786448	20916
1787644751.953793269	s2-eth30	12778	30347750
1787644751.953793269	s2-eth31	15962	234904238
1787644751.953793269	s2-eth32	13868	34355592
1787644751.953793269	s2-eth33	14372	37209655
1787644751.953793269	s2-eth34	12313	27739896
1787644751.953793269	s2-eth4	66938902	16455
1787644751.953793269	s2-eth5	76608233	18835
1787644751.953793269	s2-eth6	70180983	16892
1787644751.953793269	s2-eth7	247740580	20020
1787644751.953793269	s2-eth8	70171821	17196
1787644751.953793269	s2-eth9	76612496	18770
1787644751.953793269	s3-eth1	2244988385	1807035858
1787644751.953793269	s3-eth10	15247	30882005
1787644751.953793269	s3-eth11	17646	315431782
1787644751.953793269	s3-eth12	15615	30740508
1787644751.953793269	s3-eth13	16493	34952831
1787644751.953793269	s3-eth14	14979	30455218
1787644751.953793269	s3-eth15	19184	231190235
1787644751.953793269	s3-eth16	13506	28745474
1787644751.953793269	s3-eth17	15664	44718400
1787644751.953793269	s3-eth18	14302	30197367
1787644751.953793269	s3-eth19	339903181	19637
1787644751.953793269	s3-eth2	8314859	13958
1787644751.953793269	s3-eth20	63743432	16089
1787644751.953793269	s3-eth21	76626321	18261
1787644751.953793269	s3-eth22	66957942	16125
1787644751.953793269	s3-eth23	249027429	19224
1787644751.953793269	s3-eth24	44437054	14887
1787644751.953793269	s3-eth25	76630483	18118
1787644751.953793269	s3-eth26	70188391	16792
1787644751.953793269	s3-eth27	397854609	17799
1787644751.953793269	s3-eth28	70191163	16636
1787644751.953793269	s3-eth29	76611023	17892
1787644751.953793269	s3-eth3	17661	983301488
1787644751.953793269	s3-eth30	54090982	14894
1787644751.953793269	s3-eth31	244007850	18805
1787644751.953793269	s3-eth32	48297169	15932
1787644751.953793269	s3-eth33	76619582	17829
1787644751.953793269	s3-eth34	38000129	14977
1787644751.953793269	s3-eth4	15196	31930291
1787644751.953793269	s3-eth5	17092	36251112
1787644751.953793269	s3-eth6	15492	31489635
1787644751.953793269	s3-eth7	18990	232024905
1787644751.953793269	s3-eth8	16155	31277354
1787644751.953793269	s3-eth9	16542	35577110
1787644751.953793269	s4-eth1	3281224444	426511
1787644751.953793269	s4-eth10	14529	38988639
1787644751.953793269	s4-eth11	18383	360947139
1787644751.953793269	s4-eth12	14850	38838299
1787644751.953793269	s4-eth13	16419	44086856
1787644751.953793269	s4-eth14	14629	39425447
1787644751.953793269	s4-eth15	19159	241513092
1787644751.953793269	s4-eth16	13766	45557601
1787644751.953793269	s4-eth17	15486	44003025
1787644751.953793269	s4-eth18	13486	34987218
1787644751.953793269	s4-eth19	16170	219591700
1787644751.953793269	s4-eth2	13958	23774
1787644751.953793269	s4-eth20	12552	44811515
1787644751.953793269	s4-eth21	14814	55287800
1787644751.953793269	s4-eth22	12585	46378658
1787644751.953793269	s4-eth23	15817	246068734
1787644751.953793269	s4-eth24	11483	36426299
1787644751.953793269	s4-eth25	14671	55370795
1787644751.953793269	s4-eth26	13435	49376203
1787644751.953793269	s4-eth27	14555	351029974
1787644751.953793269	s4-eth28	13189	49709030
1787644751.953793269	s4-eth29	14579	54477762
1787644751.953793269	s4-eth3	18107	197892989
1787644751.953793269	s4-eth30	11607	39975465
1787644751.953793269	s4-eth31	16139	241453733
1787644751.953793269	s4-eth32	12773	29010112
1787644751.953793269	s4-eth33	14358	54828202
1787644751.953793269	s4-eth34	11526	34810298
1787644751.953793269	s4-eth4	14188	37151534
1787644751.953793269	s4-eth5	15733	44820189
1787644751.953793269	s4-eth6	14384	39492423
1787644751.953793269	s4-eth7	17446	239922064
1787644751.953793269	s4-eth8	14666	39296886
1787644751.953793269	s4-eth9	16106	44553746
1787644751.953793269	s5-eth1	5031664060	426908
1787644751.953793269	s5-eth2	1929179883	2287811099
1787644751.953793269	s5-eth3	13958	4122262436
1787644751.953793269	s5-eth4	467549	13958
1787644751.953793269	s6-eth1	13958	23123
1787644751.953793269	s6-eth2	1384767	11725
1787644751.953793269	s6-eth3	13958	1278988
1787644751.953793269	s6-eth4	12265	13958
1787644751.953793269	s7-eth1	1807035858	2244988385
1787644751.953793269	s7-eth2	426511	3281224444
1787644751.953793269	s7-eth3	3962806454	11928
1787644751.953793269	s7-eth4	197235	686577
1787644751.953793269	s8-eth1	13958	8314859
1787644751.953793269	s8-eth2	23774	13958
1787644751.953793269	s8-eth3	8403672	13958
1787644751.953793269	s8-eth4	47672	13958
1787644751.953793269	s9-eth1	4122262436	13958
1787644751.953793269	s9-eth2	1278988	13958
1787644751.953793269	s9-eth3	11928	3962806454
1787644751.953793269	s9-eth4	13958	8403672
1787644754.257535323	s10-eth1	13958	467549
1787644754.257535323	s10-eth2	13958	12265
1787644754.257535323	s10-eth3	686577	197235
1787644754.257535323	s10-eth4	13958	47672
1787644754.257535323	s1-eth1	426908	5031664060
1787644754.257535323	s1-eth10	70184041	17726
1787644754.257535323	s1-eth11	436469425	21046
1787644754.257535323	s1-eth12	70182388	17893
1787644754.257535323	s1-eth13	76611484	19076
1787644754.257535323	s1-eth14	70181863	17894
1787644754.257535323	s1-eth15	252249209	21902
1787644754.257535323	s1-eth16	50876752	16898
1787644754.257535323	s1-eth17	76628004	18292
1787644754.257535323	s1-eth18	70186718	17549
1787644754.257535323	s1-eth19	1104662413	19036
1787644754.257535323	s1-eth2	23123	13958
1787644754.257535323	s1-eth20	70190152	16746
1787644754.257535323	s1-eth21	63754867	17355
1787644754.257535323	s1-eth22	70176529	16880
1787644754.257535323	s1-eth23	252249123	20626
1787644754.257535323	s1-eth24	66965690	15928
1787644754.257535323	s1-eth25	38000545	15875
1787644754.257535323	s1-eth26	50873838	15379
1787644754.257535323	s1-eth27	436475380	19016
1787644754.257535323	s1-eth28	50870455	15464
1787644754.257535323	s1-eth29	57315517	17534
1787644754.257535323	s1-eth3	1220552565	21034
1787644754.257535323	s1-eth30	57314683	15556
1787644754.257535323	s1-eth31	249673809	19335
1787644754.257535323	s1-eth32	70187909	16731
1787644754.257535323	s1-eth33	57318346	17482
1787644754.257535323	s1-eth34	50875378	15353
1787644754.257535323	s1-eth4	70184840	18629
1787644754.257535323	s1-eth5	76617651	19771
1787644754.257535323	s1-eth6	70177558	18608
1787644754.257535323	s1-eth7	252240522	21766
1787644754.257535323	s1-eth8	70186433	19076
1787644754.257535323	s1-eth9	76614389	19326
1787644754.257535323	s2-eth1	2287811099	1929179883
1787644754.257535323	s2-eth10	70185294	17764
1787644754.257535323	s2-eth11	513694640	20970
1787644754.257535323	s2-eth12	70186569	17856
1787644754.257535323	s2-eth13	76627604	18500
1787644754.257535323	s2-eth14	70187528	17298
1787644754.257535323	s2-eth15	252250926	21177
1787644754.257535323	s2-eth16	63754726	16361
1787644754.257535323	s2-eth17	76626331	18564
1787644754.257535323	s2-eth18	57313731	16204
1787644754.257535323	s2-eth19	16145	1000109006
1787644754.257535323	s2-eth2	11725	1384767
1787644754.257535323	s2-eth20	13479	36289633
1787644754.257535323	s2-eth21	13975	36530448
1787644754.257535323	s2-eth22	13343	35509688
1787644754.257535323	s2-eth23	17558	235926463
1787644754.257535323	s2-eth24	12555	33373296
1787644754.257535323	s2-eth25	12949	30922764
1787644754.257535323	s2-eth26	12582	28168523
1787644754.257535323	s2-eth27	16043	319443777
1787644754.257535323	s2-eth28	12824	27745086
1787644754.257535323	s2-eth29	14491	38154668
1787644754.257535323	s2-eth3	352786448	20916
1787644754.257535323	s2-eth30	12778	30347750
1787644754.257535323	s2-eth31	15962	234904238
1787644754.257535323	s2-eth32	13868	34355592
1787644754.257535323	s2-eth33	14372	37209655
1787644754.257535323	s2-eth34	12313	27739896
1787644754.257535323	s2-eth4	66938902	16455
1787644754.257535323	s2-eth5	76608233	18835
1787644754.257535323	s2-eth6	70180983	16892
1787644754.257535323	s2-eth7	247740580	20020
1787644754.257535323	s2-eth8	70171821	17196
1787644754.257535323	s2-eth9	76612496	18770
1787644754.257535323	s3-eth1	2244988385	1807035858
1787644754.257535323	s3-eth10	15247	30882005
1787644754.257535323	s3-eth11	17646	315431782
1787644754.257535323	s3-eth12	15615	30740508
1787644754.257535323	s3-eth13	16493	34952831
1787644754.257535323	s3-eth14	14979	30455218
1787644754.257535323	s3-eth15	19184	231190235
1787644754.257535323	s3-eth16	13506	28745474
1787644754.257535323	s3-eth17	15664	44718400
1787644754.257535323	s3-eth18	14302	30197367
1787644754.257535323	s3-eth19	339903181	19637
1787644754.257535323	s3-eth2	8314859	13958
1787644754.257535323	s3-eth20	63743432	16089
1787644754.257535323	s3-eth21	76626321	18261
1787644754.257535323	s3-eth22	66957942	16125
1787644754.257535323	s3-eth23	249027429	19224
1787644754.257535323	s3-eth24	44437054	14887
1787644754.257535323	s3-eth25	76630483	18118
1787644754.257535323	s3-eth26	70188391	16792
1787644754.257535323	s3-eth27	397854609	17799
1787644754.257535323	s3-eth28	70191163	16636
1787644754.257535323	s3-eth29	76611023	17892
1787644754.257535323	s3-eth3	17661	983301488
1787644754.257535323	s3-eth30	54090982	14894
1787644754.257535323	s3-eth31	244007850	18805
1787644754.257535323	s3-eth32	48297169	15932
1787644754.257535323	s3-eth33	76619582	17829
1787644754.257535323	s3-eth34	38000129	14977
1787644754.257535323	s3-eth4	15196	31930291
1787644754.257535323	s3-eth5	17092	36251112
1787644754.257535323	s3-eth6	15492	31489635
1787644754.257535323	s3-eth7	18990	232024905
1787644754.257535323	s3-eth8	16155	31277354
1787644754.257535323	s3-eth9	16542	35577110
1787644754.257535323	s4-eth1	3281224444	426511
1787644754.257535323	s4-eth10	14529	38988639
1787644754.257535323	s4-eth11	18383	360947139
1787644754.257535323	s4-eth12	14850	38838299
1787644754.257535323	s4-eth13	16419	44086856
1787644754.257535323	s4-eth14	14629	39425447
1787644754.257535323	s4-eth15	19159	241513092
1787644754.257535323	s4-eth16	13766	45557601
1787644754.257535323	s4-eth17	15486	44003025
1787644754.257535323	s4-eth18	13486	34987218
1787644754.257535323	s4-eth19	16170	219591700
1787644754.257535323	s4-eth2	13958	23774
1787644754.257535323	s4-eth20	12552	44811515
1787644754.257535323	s4-eth21	14814	55287800
1787644754.257535323	s4-eth22	12585	46378658
1787644754.257535323	s4-eth23	15817	246068734
1787644754.257535323	s4-eth24	11483	36426299
1787644754.257535323	s4-eth25	14671	55370795
1787644754.257535323	s4-eth26	13435	49376203
1787644754.257535323	s4-eth27	14555	351029974
1787644754.257535323	s4-eth28	13189	49709030
1787644754.257535323	s4-eth29	14579	54477762
1787644754.257535323	s4-eth3	18107	197892989
1787644754.257535323	s4-eth30	11607	39975465
1787644754.257535323	s4-eth31	16139	241453733
1787644754.257535323	s4-eth32	12773	29010112
1787644754.257535323	s4-eth33	14358	54828202
1787644754.257535323	s4-eth34	11526	34810298
1787644754.257535323	s4-eth4	14188	37151534
1787644754.257535323	s4-eth5	15733	44820189
1787644754.257535323	s4-eth6	14384	39492423
1787644754.257535323	s4-eth7	17446	239922064
1787644754.257535323	s4-eth8	14666	39296886
1787644754.257535323	s4-eth9	16106	44553746
1787644754.257535323	s5-eth1	5031664060	426908
1787644754.257535323	s5-eth2	1929179883	2287811099
1787644754.257535323	s5-eth3	13958	4122262436
1787644754.257535323	s5-eth4	467549	13958
1787644754.257535323	s6-eth1	13958	23123
1787644754.257535323	s6-eth2	1384767	11725
1787644754.257535323	s6-eth3	13958	1278988
1787644754.257535323	s6-eth4	12265	13958
1787644754.257535323	s7-eth1	1807035858	2244988385
1787644754.257535323	s7-eth2	426511	3281224444
1787644754.257535323	s7-eth3	3962806454	11928
1787644754.257535323	s7-eth4	197235	686577
1787644754.257535323	s8-eth1	13958	8314859
1787644754.257535323	s8-eth2	23774	13958
1787644754.257535323	s8-eth3	8403672	13958
1787644754.257535323	s8-eth4	47672	13958
1787644754.257535323	s9-eth1	4122262436	13958
1787644754.257535323	s9-eth2	1278988	13958
1787644754.257535323	s9-eth3	11928	3962806454
1787644754.257535323	s9-eth4	13958	8403672
1787644756.538984419	s10-eth1	13985	467577
1787644756.538984419	s10-eth2	13985	12293
1787644756.538984419	s10-eth3	686604	197263
1787644756.538984419	s10-eth4	13985	47700
1787644756.538984419	s1-eth1	426935	5031664087
1787644756.538984419	s1-eth10	70184041	17726
1787644756.538984419	s1-eth11	436469425	21046
1787644756.538984419	s1-eth12	70182388	17893
1787644756.538984419	s1-eth13	76611484	19076
1787644756.538984419	s1-eth14	70181863	17894
1787644756.538984419	s1-eth15	252249209	21902
1787644756.538984419	s1-eth16	50876752	16898
1787644756.538984419	s1-eth17	76628004	18292
1787644756.538984419	s1-eth18	70186718	17549
1787644756.538984419	s1-eth19	1104662413	19036
1787644756.538984419	s1-eth2	23150	13985
1787644756.538984419	s1-eth20	70190152	16746
1787644756.538984419	s1-eth21	63754867	17355
1787644756.538984419	s1-eth22	70176529	16880
1787644756.538984419	s1-eth23	252249123	20626
1787644756.538984419	s1-eth24	66965690	15928
1787644756.538984419	s1-eth25	38000545	15875
1787644756.538984419	s1-eth26	50873838	15379
1787644756.538984419	s1-eth27	436475380	19016
1787644756.538984419	s1-eth28	50870455	15464
1787644756.538984419	s1-eth29	57315517	17534
1787644756.538984419	s1-eth3	1220552565	21034
1787644756.538984419	s1-eth30	57314683	15556
1787644756.538984419	s1-eth31	249673809	19335
1787644756.538984419	s1-eth32	70187909	16731
1787644756.538984419	s1-eth33	57318346	17482
1787644756.538984419	s1-eth34	50875378	15353
1787644756.538984419	s1-eth4	70184840	18629
1787644756.538984419	s1-eth5	76617651	19771
1787644756.538984419	s1-eth6	70177558	18608
1787644756.538984419	s1-eth7	252240522	21766
1787644756.538984419	s1-eth8	70186433	19076
1787644756.538984419	s1-eth9	76614389	19326
1787644756.538984419	s2-eth1	2287811126	1929179910
1787644756.538984419	s2-eth10	70185294	17764
1787644756.538984419	s2-eth11	513694640	20970
1787644756.538984419	s2-eth12	70186569	17856
1787644756.538984419	s2-eth13	76627604	18500
1787644756.538984419	s2-eth14	70187528	17298
1787644756.538984419	s2-eth15	252250926	21177
1787644756.538984419	s2-eth16	63754726	16361
1787644756.538984419	s2-eth17	76626331	18564
1787644756.538984419	s2-eth18	57313731	16204
1787644756.538984419	s2-eth19	16145	1000109006
1787644756.538984419	s2-eth2	11752	1384794
1787644756.538984419	s2-eth20	13479	36289633
1787644756.538984419	s2-eth21	13975	36530448
1787644756.538984419	s2-eth22	13343	35509688
1787644756.538984419	s2-eth23	17558	235926463
1787644756.538984419	s2-eth24	12555	33373296
1787644756.538984419	s2-eth25	12949	30922764
1787644756.538984419	s2-eth26	12582	28168523
1787644756.538984419	s2-eth27	16043	319443777
1787644756.538984419	s2-eth28	12824	27745086
1787644756.538984419	s2-eth29	14491	38154668
1787644756.538984419	s2-eth3	352786448	20916
1787644756.538984419	s2-eth30	12778	30347750
1787644756.538984419	s2-eth31	15962	234904238
1787644756.538984419	s2-eth32	13868	34355592
1787644756.538984419	s2-eth33	14372	37209655
1787644756.538984419	s2-eth34	12313	27739896
1787644756.538984419	s2-eth4	66938902	16455
1787644756.538984419	s2-eth5	76608233	18835
1787644756.538984419	s2-eth6	70180983	16892
1787644756.538984419	s2-eth7	247740580	20020
1787644756.538984419	s2-eth8	70171821	17196
1787644756.538984419	s2-eth9	76612496	18770
1787644756.538984419	s3-eth1	2244988412	1807035885
1787644756.538984419	s3-eth10	15247	30882005
1787644756.538984419	s3-eth11	17646	315431782
1787644756.538984419	s3-eth12	15615	30740508
1787644756.538984419	s3-eth13	16493	34952831
1787644756.538984419	s3-eth14	14979	30455218
1787644756.538984419	s3-eth15	19184	231190235
1787644756.538984419	s3-eth16	13506	28745474
1787644756.538984419	s3-eth17	15664	44718400
1787644756.538984419	s3-eth18	14302	30197367
1787644756.538984419	s3-eth19	339903181	19637
1787644756.538984419	s3-eth2	8314886	13985
1787644756.538984419	s3-eth20	63743432	16089
1787644756.538984419	s3-eth21	76626321	18261
1787644756.538984419	s3-eth22	66957942	16125
1787644756.538984419	s3-eth23	249027429	19224
1787644756.538984419	s3-eth24	44437054	14887
1787644756.538984419	s3-eth25	76630483	18118
1787644756.538984419	s3-eth26	70188391	16792
1787644756.538984419	s3-eth27	397854609	17799
1787644756.538984419	s3-eth28	70191163	16636
1787644756.538984419	s3-eth29	76611023	17892
1787644756.538984419	s3-eth3	17661	983301488
1787644756.538984419	s3-eth30	54090982	14894
1787644756.538984419	s3-eth31	244007850	18805
1787644756.538984419	s3-eth32	48297169	15932
1787644756.538984419	s3-eth33	76619582	17829
1787644756.538984419	s3-eth34	38000129	14977
1787644756.538984419	s3-eth4	15196	31930291
1787644756.538984419	s3-eth5	17092	36251112
1787644756.538984419	s3-eth6	15492	31489635
1787644756.538984419	s3-eth7	18990	232024905
1787644756.538984419	s3-eth8	16155	31277354
1787644756.538984419	s3-eth9	16542	35577110
1787644756.538984419	s4-eth1	3281224471	426538
1787644756.538984419	s4-eth10	14529	38988639
1787644756.538984419	s4-eth11	18383	360947139
1787644756.538984419	s4-eth12	14850	38838299
1787644756.538984419	s4-eth13	16419	44086856
1787644756.538984419	s4-eth14	14629	39425447
1787644756.538984419	s4-eth15	19159	241513092
1787644756.538984419	s4-eth16	13766	45557601
1787644756.538984419	s4-eth17	15486	44003025
1787644756.538984419	s4-eth18	13486	34987218
1787644756.538984419	s4-eth19	16170	219591700
1787644756.538984419	s4-eth2	13985	23801
1787644756.538984419	s4-eth20	12552	44811515
1787644756.538984419	s4-eth21	14814	55287800
1787644756.538984419	s4-eth22	12585	46378658
1787644756.538984419	s4-eth23	15817	246068734
1787644756.538984419	s4-eth24	11483	36426299
1787644756.538984419	s4-eth25	14671	55370795
1787644756.538984419	s4-eth26	13435	49376203
1787644756.538984419	s4-eth27	14555	351029974
1787644756.538984419	s4-eth28	13189	49709030
1787644756.538984419	s4-eth29	14579	54477762
1787644756.538984419	s4-eth3	18107	197892989
1787644756.538984419	s4-eth30	11607	39975465
1787644756.538984419	s4-eth31	16139	241453733
1787644756.538984419	s4-eth32	12773	29010112
1787644756.538984419	s4-eth33	14358	54828202
1787644756.538984419	s4-eth34	11526	34810298
1787644756.538984419	s4-eth4	14188	37151534
1787644756.538984419	s4-eth5	15733	44820189
1787644756.538984419	s4-eth6	14384	39492423
1787644756.538984419	s4-eth7	17446	239922064
1787644756.538984419	s4-eth8	14666	39296886
1787644756.538984419	s4-eth9	16106	44553746
1787644756.538984419	s5-eth1	5031664087	426935
1787644756.538984419	s5-eth2	1929179910	2287811126
1787644756.538984419	s5-eth3	13985	4122262463
1787644756.538984419	s5-eth4	467577	13985
1787644756.538984419	s6-eth1	13985	23150
1787644756.538984419	s6-eth2	1384794	11752
1787644756.538984419	s6-eth3	13985	1279015
1787644756.538984419	s6-eth4	12293	13985
1787644756.538984419	s7-eth1	1807035885	2244988412
1787644756.538984419	s7-eth2	426538	3281224471
1787644756.538984419	s7-eth3	3962806481	11955
1787644756.538984419	s7-eth4	197263	686604
1787644756.538984419	s8-eth1	13985	8314886
1787644756.538984419	s8-eth2	23801	13985
1787644756.538984419	s8-eth3	8403699	13985
1787644756.538984419	s8-eth4	47700	13985
1787644756.538984419	s9-eth1	4122262463	13985
1787644756.538984419	s9-eth2	1279015	13985
1787644756.538984419	s9-eth3	11955	3962806481
1787644756.538984419	s9-eth4	13985	8403699
1787644758.819033437	s10-eth1	13985	467577
1787644758.819033437	s10-eth2	13985	12293
1787644758.819033437	s10-eth3	686604	197263
1787644758.819033437	s10-eth4	13985	47700
1787644758.819033437	s1-eth1	426935	5031664087
1787644758.819033437	s1-eth10	70184041	17726
1787644758.819033437	s1-eth11	436469425	21046
1787644758.819033437	s1-eth12	70182388	17893
1787644758.819033437	s1-eth13	76611484	19076
1787644758.819033437	s1-eth14	70181863	17894
1787644758.819033437	s1-eth15	252249209	21902
1787644758.819033437	s1-eth16	50876752	16898
1787644758.819033437	s1-eth17	76628004	18292
1787644758.819033437	s1-eth18	70186718	17549
1787644758.819033437	s1-eth19	1104662413	19036
1787644758.819033437	s1-eth2	23150	13985
1787644758.819033437	s1-eth20	70190152	16746
1787644758.819033437	s1-eth21	63754867	17355
1787644758.819033437	s1-eth22	70176529	16880
1787644758.819033437	s1-eth23	252249123	20626
1787644758.819033437	s1-eth24	66965690	15928
1787644758.819033437	s1-eth25	38000545	15875
1787644758.819033437	s1-eth26	50873838	15379
1787644758.819033437	s1-eth27	436475380	19016
1787644758.819033437	s1-eth28	50870455	15464
1787644758.819033437	s1-eth29	57315517	17534
1787644758.819033437	s1-eth3	1220552565	21034
1787644758.819033437	s1-eth30	57314683	15556
1787644758.819033437	s1-eth31	249673809	19335
1787644758.819033437	s1-eth32	70187909	16731
1787644758.819033437	s1-eth33	57318346	17482
1787644758.819033437	s1-eth34	50875378	15353
1787644758.819033437	s1-eth4	70184840	18629
1787644758.819033437	s1-eth5	76617651	19771
1787644758.819033437	s1-eth6	70177558	18608
1787644758.819033437	s1-eth7	252240522	21766
1787644758.819033437	s1-eth8	70186433	19076
1787644758.819033437	s1-eth9	76614389	19326
1787644758.819033437	s2-eth1	2287811126	1929179910
1787644758.819033437	s2-eth10	70185294	17764
1787644758.819033437	s2-eth11	513694640	20970
1787644758.819033437	s2-eth12	70186569	17856
1787644758.819033437	s2-eth13	76627604	18500
1787644758.819033437	s2-eth14	70187528	17298
1787644758.819033437	s2-eth15	252250926	21177
1787644758.819033437	s2-eth16	63754726	16361
1787644758.819033437	s2-eth17	76626331	18564
1787644758.819033437	s2-eth18	57313731	16204
1787644758.819033437	s2-eth19	16145	1000109006
1787644758.819033437	s2-eth2	11752	1384794
1787644758.819033437	s2-eth20	13479	36289633
1787644758.819033437	s2-eth21	13975	36530448
1787644758.819033437	s2-eth22	13343	35509688
1787644758.819033437	s2-eth23	17558	235926463
1787644758.819033437	s2-eth24	12555	33373296
1787644758.819033437	s2-eth25	12949	30922764
1787644758.819033437	s2-eth26	12582	28168523
1787644758.819033437	s2-eth27	16043	319443777
1787644758.819033437	s2-eth28	12824	27745086
1787644758.819033437	s2-eth29	14491	38154668
1787644758.819033437	s2-eth3	352786448	20916
1787644758.819033437	s2-eth30	12778	30347750
1787644758.819033437	s2-eth31	15962	234904238
1787644758.819033437	s2-eth32	13868	34355592
1787644758.819033437	s2-eth33	14372	37209655
1787644758.819033437	s2-eth34	12313	27739896
1787644758.819033437	s2-eth4	66938902	16455
1787644758.819033437	s2-eth5	76608233	18835
1787644758.819033437	s2-eth6	70180983	16892
1787644758.819033437	s2-eth7	247740580	20020
1787644758.819033437	s2-eth8	70171821	17196
1787644758.819033437	s2-eth9	76612496	18770
1787644758.819033437	s3-eth1	2244988412	1807035885
1787644758.819033437	s3-eth10	15247	30882005
1787644758.819033437	s3-eth11	17646	315431782
1787644758.819033437	s3-eth12	15615	30740508
1787644758.819033437	s3-eth13	16493	34952831
1787644758.819033437	s3-eth14	14979	30455218
1787644758.819033437	s3-eth15	19184	231190235
1787644758.819033437	s3-eth16	13506	28745474
1787644758.819033437	s3-eth17	15664	44718400
1787644758.819033437	s3-eth18	14302	30197367
1787644758.819033437	s3-eth19	339903181	19637
1787644758.819033437	s3-eth2	8314886	13985
1787644758.819033437	s3-eth20	63743432	16089
1787644758.819033437	s3-eth21	76626321	18261
1787644758.819033437	s3-eth22	66957942	16125
1787644758.819033437	s3-eth23	249027429	19224
1787644758.819033437	s3-eth24	44437054	14887
1787644758.819033437	s3-eth25	76630483	18118
1787644758.819033437	s3-eth26	70188391	16792
1787644758.819033437	s3-eth27	397854609	17799
1787644758.819033437	s3-eth28	70191163	16636
1787644758.819033437	s3-eth29	76611023	17892
1787644758.819033437	s3-eth3	17661	983301488
1787644758.819033437	s3-eth30	54090982	14894
1787644758.819033437	s3-eth31	244007850	18805
1787644758.819033437	s3-eth32	48297169	15932
1787644758.819033437	s3-eth33	76619582	17829
1787644758.819033437	s3-eth34	38000129	14977
1787644758.819033437	s3-eth4	15196	31930291
1787644758.819033437	s3-eth5	17092	36251112
1787644758.819033437	s3-eth6	15492	31489635
1787644758.819033437	s3-eth7	18990	232024905
1787644758.819033437	s3-eth8	16155	31277354
1787644758.819033437	s3-eth9	16542	35577110
1787644758.819033437	s4-eth1	3281224471	426538
1787644758.819033437	s4-eth10	14529	38988639
1787644758.819033437	s4-eth11	18383	360947139
1787644758.819033437	s4-eth12	14850	38838299
1787644758.819033437	s4-eth13	16419	44086856
1787644758.819033437	s4-eth14	14629	39425447
1787644758.819033437	s4-eth15	19159	241513092
1787644758.819033437	s4-eth16	13766	45557601
1787644758.819033437	s4-eth17	15486	44003025
1787644758.819033437	s4-eth18	13486	34987218
1787644758.819033437	s4-eth19	16170	219591700
1787644758.819033437	s4-eth2	13985	23801
1787644758.819033437	s4-eth20	12552	44811515
1787644758.819033437	s4-eth21	14814	55287800
1787644758.819033437	s4-eth22	12585	46378658
1787644758.819033437	s4-eth23	15817	246068734
1787644758.819033437	s4-eth24	11483	36426299
1787644758.819033437	s4-eth25	14671	55370795
1787644758.819033437	s4-eth26	13435	49376203
1787644758.819033437	s4-eth27	14555	351029974
1787644758.819033437	s4-eth28	13189	49709030
1787644758.819033437	s4-eth29	14579	54477762
1787644758.819033437	s4-eth3	18107	197892989
1787644758.819033437	s4-eth30	11607	39975465
1787644758.819033437	s4-eth31	16139	241453733
1787644758.819033437	s4-eth32	12773	29010112
1787644758.819033437	s4-eth33	14358	54828202
1787644758.819033437	s4-eth34	11526	34810298
1787644758.819033437	s4-eth4	14188	37151534
1787644758.819033437	s4-eth5	15733	44820189
1787644758.819033437	s4-eth6	14384	39492423
1787644758.819033437	s4-eth7	17446	239922064
1787644758.819033437	s4-eth8	14666	39296886
1787644758.819033437	s4-eth9	16106	44553746
1787644758.819033437	s5-eth1	5031664087	426935
1787644758.819033437	s5-eth2	1929179910	2287811126
1787644758.819033437	s5-eth3	13985	4122262463
1787644758.819033437	s5-eth4	467577	13985
1787644758.819033437	s6-eth1	13985	23150
1787644758.819033437	s6-eth2	1384794	11752
1787644758.819033437	s6-eth3	13985	1279015
1787644758.819033437	s6-eth4	12293	13985
1787644758.819033437	s7-eth1	1807035885	2244988412
1787644758.819033437	s7-eth2	426538	3281224471
1787644758.819033437	s7-eth3	3962806481	11955
1787644758.819033437	s7-eth4	197263	686604
1787644758.819033437	s8-eth1	13985	8314886
1787644758.819033437	s8-eth2	23801	13985
1787644758.819033437	s8-eth3	8403699	13985
1787644758.819033437	s8-eth4	47700	13985
1787644758.819033437	s9-eth1	4122262463	13985
1787644758.819033437	s9-eth2	1279015	13985
1787644758.819033437	s9-eth3	11955	3962806481
1787644758.819033437	s9-eth4	13985	8403699
1787644761.116613857	s10-eth1	14012	467605
1787644761.116613857	s10-eth2	14012	12321
1787644761.116613857	s10-eth3	686631	197291
1787644761.116613857	s10-eth4	14012	47728
1787644761.116613857	s1-eth1	426962	5031664114
1787644761.116613857	s1-eth10	70184041	17726
1787644761.116613857	s1-eth11	436469425	21046
1787644761.116613857	s1-eth12	70182388	17893
1787644761.116613857	s1-eth13	76611484	19076
1787644761.116613857	s1-eth14	70181863	17894
1787644761.116613857	s1-eth15	252249209	21902
1787644761.116613857	s1-eth16	50876752	16898
1787644761.116613857	s1-eth17	76628004	18292
1787644761.116613857	s1-eth18	70186718	17549
1787644761.116613857	s1-eth19	1104662413	19036
1787644761.116613857	s1-eth2	23177	14012
1787644761.116613857	s1-eth20	70190152	16746
1787644761.116613857	s1-eth21	63754867	17355
1787644761.116613857	s1-eth22	70176529	16880
1787644761.116613857	s1-eth23	252249123	20626
1787644761.116613857	s1-eth24	66965690	15928
1787644761.116613857	s1-eth25	38000545	15875
1787644761.116613857	s1-eth26	50873838	15379
1787644761.116613857	s1-eth27	436475380	19016
1787644761.116613857	s1-eth28	50870455	15464
1787644761.116613857	s1-eth29	57315517	17534
1787644761.116613857	s1-eth3	1220552565	21034
1787644761.116613857	s1-eth30	57314683	15556
1787644761.116613857	s1-eth31	249673809	19335
1787644761.116613857	s1-eth32	70187909	16731
1787644761.116613857	s1-eth33	57318346	17482
1787644761.116613857	s1-eth34	50875378	15353
1787644761.116613857	s1-eth4	70184840	18629
1787644761.116613857	s1-eth5	76617651	19771
1787644761.116613857	s1-eth6	70177558	18608
1787644761.116613857	s1-eth7	252240522	21766
1787644761.116613857	s1-eth8	70186433	19076
1787644761.116613857	s1-eth9	76614389	19326
1787644761.116613857	s2-eth1	2287811153	1929179937
1787644761.116613857	s2-eth10	70185294	17764
1787644761.116613857	s2-eth11	513694640	20970
1787644761.116613857	s2-eth12	70186569	17856
1787644761.116613857	s2-eth13	76627604	18500
1787644761.116613857	s2-eth14	70187528	17298
1787644761.116613857	s2-eth15	252250926	21177
1787644761.116613857	s2-eth16	63754726	16361
1787644761.116613857	s2-eth17	76626331	18564
1787644761.116613857	s2-eth18	57313731	16204
1787644761.116613857	s2-eth19	16145	1000109006
1787644761.116613857	s2-eth2	11779	1384821
1787644761.116613857	s2-eth20	13479	36289633
1787644761.116613857	s2-eth21	13975	36530448
1787644761.116613857	s2-eth22	13343	35509688
1787644761.116613857	s2-eth23	17558	235926463
1787644761.116613857	s2-eth24	12555	33373296
1787644761.116613857	s2-eth25	12949	30922764
1787644761.116613857	s2-eth26	12582	28168523
1787644761.116613857	s2-eth27	16043	319443777
1787644761.116613857	s2-eth28	12824	27745086
1787644761.116613857	s2-eth29	14491	38154668
1787644761.116613857	s2-eth3	352786448	20916
1787644761.116613857	s2-eth30	12778	30347750
1787644761.116613857	s2-eth31	15962	234904238
1787644761.116613857	s2-eth32	13868	34355592
1787644761.116613857	s2-eth33	14372	37209655
1787644761.116613857	s2-eth34	12313	27739896
1787644761.116613857	s2-eth4	66938902	16455
1787644761.116613857	s2-eth5	76608233	18835
1787644761.116613857	s2-eth6	70180983	16892
1787644761.116613857	s2-eth7	247740580	20020
1787644761.116613857	s2-eth8	70171821	17196
1787644761.116613857	s2-eth9	76612496	18770
1787644761.116613857	s3-eth1	2244988439	1807035912
1787644761.116613857	s3-eth10	15247	30882005
1787644761.116613857	s3-eth11	17646	315431782
1787644761.116613857	s3-eth12	15615	30740508
1787644761.116613857	s3-eth13	16493	34952831
1787644761.116613857	s3-eth14	14979	30455218
1787644761.116613857	s3-eth15	19184	231190235
1787644761.116613857	s3-eth16	13506	28745474
1787644761.116613857	s3-eth17	15664	44718400
1787644761.116613857	s3-eth18	14302	30197367
1787644761.116613857	s3-eth19	339903181	19637
1787644761.116613857	s3-eth2	8314913	14012
1787644761.116613857	s3-eth20	63743432	16089
1787644761.116613857	s3-eth21	76626321	18261
1787644761.116613857	s3-eth22	66957942	16125
1787644761.116613857	s3-eth23	249027429	19224
1787644761.116613857	s3-eth24	44437054	14887
1787644761.116613857	s3-eth25	76630483	18118
1787644761.116613857	s3-eth26	70188391	16792
1787644761.116613857	s3-eth27	397854609	17799
1787644761.116613857	s3-eth28	70191163	16636
1787644761.116613857	s3-eth29	76611023	17892
1787644761.116613857	s3-eth3	17661	983301488
1787644761.116613857	s3-eth30	54090982	14894
1787644761.116613857	s3-eth31	244007850	18805
1787644761.116613857	s3-eth32	48297169	15932
1787644761.116613857	s3-eth33	76619582	17829
1787644761.116613857	s3-eth34	38000129	14977
1787644761.116613857	s3-eth4	15196	31930291
1787644761.116613857	s3-eth5	17092	36251112
1787644761.116613857	s3-eth6	15492	31489635
1787644761.116613857	s3-eth7	18990	232024905
1787644761.116613857	s3-eth8	16155	31277354
1787644761.116613857	s3-eth9	16542	35577110
1787644761.116613857	s4-eth1	3281224498	426565
1787644761.116613857	s4-eth10	14529	38988639
1787644761.116613857	s4-eth11	18383	360947139
1787644761.116613857	s4-eth12	14850	38838299
1787644761.116613857	s4-eth13	16419	44086856
1787644761.116613857	s4-eth14	14629	39425447
1787644761.116613857	s4-eth15	19159	241513092
1787644761.116613857	s4-eth16	13766	45557601
1787644761.116613857	s4-eth17	15486	44003025
1787644761.116613857	s4-eth18	13486	34987218
1787644761.116613857	s4-eth19	16170	219591700
1787644761.116613857	s4-eth2	14012	23828
1787644761.116613857	s4-eth20	12552	44811515
1787644761.116613857	s4-eth21	14814	55287800
1787644761.116613857	s4-eth22	12585	46378658
1787644761.116613857	s4-eth23	15817	246068734
1787644761.116613857	s4-eth24	11483	36426299
1787644761.116613857	s4-eth25	14671	55370795
1787644761.116613857	s4-eth26	13435	49376203
1787644761.116613857	s4-eth27	14555	351029974
1787644761.116613857	s4-eth28	13189	49709030
1787644761.116613857	s4-eth29	14579	54477762
1787644761.116613857	s4-eth3	18107	197892989
1787644761.116613857	s4-eth30	11607	39975465
1787644761.116613857	s4-eth31	16139	241453733
1787644761.116613857	s4-eth32	12773	29010112
1787644761.116613857	s4-eth33	14358	54828202
1787644761.116613857	s4-eth34	11526	34810298
1787644761.116613857	s4-eth4	14188	37151534
1787644761.116613857	s4-eth5	15733	44820189
1787644761.116613857	s4-eth6	14384	39492423
1787644761.116613857	s4-eth7	17446	239922064
1787644761.116613857	s4-eth8	14666	39296886
1787644761.116613857	s4-eth9	16106	44553746
1787644761.116613857	s5-eth1	5031664114	426962
1787644761.116613857	s5-eth2	1929179937	2287811153
1787644761.116613857	s5-eth3	14012	4122262490
1787644761.116613857	s5-eth4	467605	14012
1787644761.116613857	s6-eth1	14012	23177
1787644761.116613857	s6-eth2	1384821	11779
1787644761.116613857	s6-eth3	14012	1279042
1787644761.116613857	s6-eth4	12321	14012
1787644761.116613857	s7-eth1	1807035912	2244988439
1787644761.116613857	s7-eth2	426565	3281224498
1787644761.116613857	s7-eth3	3962806508	11982
1787644761.116613857	s7-eth4	197291	686631
1787644761.116613857	s8-eth1	14012	8314913
1787644761.116613857	s8-eth2	23828	14012
1787644761.116613857	s8-eth3	8403726	14012
1787644761.116613857	s8-eth4	47728	14012
1787644761.116613857	s9-eth1	4122262490	14012
1787644761.116613857	s9-eth2	1279042	14012
1787644761.116613857	s9-eth3	11982	3962806508
1787644761.116613857	s9-eth4	14012	8403726
1787644763.426344573	s10-eth1	14012	467605
1787644763.426344573	s10-eth2	14012	12321
1787644763.426344573	s10-eth3	686631	197291
1787644763.426344573	s10-eth4	14012	47728
1787644763.426344573	s1-eth1	426962	5031664114
1787644763.426344573	s1-eth10	70184041	17726
1787644763.426344573	s1-eth11	436469425	21046
1787644763.426344573	s1-eth12	70182388	17893
1787644763.426344573	s1-eth13	76611484	19076
1787644763.426344573	s1-eth14	70181863	17894
1787644763.426344573	s1-eth15	252249209	21902
1787644763.426344573	s1-eth16	50876752	16898
1787644763.426344573	s1-eth17	76628004	18292
1787644763.426344573	s1-eth18	70186718	17549
1787644763.426344573	s1-eth19	1104662413	19036
1787644763.426344573	s1-eth2	23177	14012
1787644763.426344573	s1-eth20	70190152	16746
1787644763.426344573	s1-eth21	63754867	17355
1787644763.426344573	s1-eth22	70176529	16880
1787644763.426344573	s1-eth23	252249123	20626
1787644763.426344573	s1-eth24	66965690	15928
1787644763.426344573	s1-eth25	38000545	15875
1787644763.426344573	s1-eth26	50873838	15379
1787644763.426344573	s1-eth27	436475380	19016
1787644763.426344573	s1-eth28	50870455	15464
1787644763.426344573	s1-eth29	57315517	17534
1787644763.426344573	s1-eth3	1220552565	21034
1787644763.426344573	s1-eth30	57314683	15556
1787644763.426344573	s1-eth31	249673809	19335
1787644763.426344573	s1-eth32	70187909	16731
1787644763.426344573	s1-eth33	57318346	17482
1787644763.426344573	s1-eth34	50875378	15353
1787644763.426344573	s1-eth4	70184840	18629
1787644763.426344573	s1-eth5	76617651	19771
1787644763.426344573	s1-eth6	70177558	18608
1787644763.426344573	s1-eth7	252240522	21766
1787644763.426344573	s1-eth8	70186433	19076
1787644763.426344573	s1-eth9	76614389	19326
1787644763.426344573	s2-eth1	2287811153	1929179937
1787644763.426344573	s2-eth10	70185294	17764
1787644763.426344573	s2-eth11	513694640	20970
1787644763.426344573	s2-eth12	70186569	17856
1787644763.426344573	s2-eth13	76627604	18500
1787644763.426344573	s2-eth14	70187528	17298
1787644763.426344573	s2-eth15	252250926	21177
1787644763.426344573	s2-eth16	63754726	16361
1787644763.426344573	s2-eth17	76626331	18564
1787644763.426344573	s2-eth18	57313731	16204
1787644763.426344573	s2-eth19	16145	1000109006
1787644763.426344573	s2-eth2	11779	1384821
1787644763.426344573	s2-eth20	13479	36289633
1787644763.426344573	s2-eth21	13975	36530448
1787644763.426344573	s2-eth22	13343	35509688
1787644763.426344573	s2-eth23	17558	235926463
1787644763.426344573	s2-eth24	12555	33373296
1787644763.426344573	s2-eth25	12949	30922764
1787644763.426344573	s2-eth26	12582	28168523
1787644763.426344573	s2-eth27	16043	319443777
1787644763.426344573	s2-eth28	12824	27745086
1787644763.426344573	s2-eth29	14491	38154668
1787644763.426344573	s2-eth3	352786448	20916
1787644763.426344573	s2-eth30	12778	30347750
1787644763.426344573	s2-eth31	15962	234904238
1787644763.426344573	s2-eth32	13868	34355592
1787644763.426344573	s2-eth33	14372	37209655
1787644763.426344573	s2-eth34	12313	27739896
1787644763.426344573	s2-eth4	66938902	16455
1787644763.426344573	s2-eth5	76608233	18835
1787644763.426344573	s2-eth6	70180983	16892
1787644763.426344573	s2-eth7	247740580	20020
1787644763.426344573	s2-eth8	70171821	17196
1787644763.426344573	s2-eth9	76612496	18770
1787644763.426344573	s3-eth1	2244988439	1807035912
1787644763.426344573	s3-eth10	15247	30882005
1787644763.426344573	s3-eth11	17646	315431782
1787644763.426344573	s3-eth12	15615	30740508
1787644763.426344573	s3-eth13	16493	34952831
1787644763.426344573	s3-eth14	14979	30455218
1787644763.426344573	s3-eth15	19184	231190235
1787644763.426344573	s3-eth16	13506	28745474
1787644763.426344573	s3-eth17	15664	44718400
1787644763.426344573	s3-eth18	14302	30197367
1787644763.426344573	s3-eth19	339903181	19637
1787644763.426344573	s3-eth2	8314913	14012
1787644763.426344573	s3-eth20	63743432	16089
1787644763.426344573	s3-eth21	76626321	18261
1787644763.426344573	s3-eth22	66957942	16125
1787644763.426344573	s3-eth23	249027429	19224
1787644763.426344573	s3-eth24	44437054	14887
1787644763.426344573	s3-eth25	76630483	18118
1787644763.426344573	s3-eth26	70188391	16792
1787644763.426344573	s3-eth27	397854609	17799
1787644763.426344573	s3-eth28	70191163	16636
1787644763.426344573	s3-eth29	76611023	17892
1787644763.426344573	s3-eth3	17661	983301488
1787644763.426344573	s3-eth30	54090982	14894
1787644763.426344573	s3-eth31	244007850	18805
1787644763.426344573	s3-eth32	48297169	15932
1787644763.426344573	s3-eth33	76619582	17829
1787644763.426344573	s3-eth34	38000129	14977
1787644763.426344573	s3-eth4	15196	31930291
1787644763.426344573	s3-eth5	17092	36251112
1787644763.426344573	s3-eth6	15492	31489635
1787644763.426344573	s3-eth7	18990	232024905
1787644763.426344573	s3-eth8	16155	31277354
1787644763.426344573	s3-eth9	16542	35577110
1787644763.426344573	s4-eth1	3281224498	426565
1787644763.426344573	s4-eth10	14529	38988639
1787644763.426344573	s4-eth11	18383	360947139
1787644763.426344573	s4-eth12	14850	38838299
1787644763.426344573	s4-eth13	16419	44086856
1787644763.426344573	s4-eth14	14629	39425447
1787644763.426344573	s4-eth15	19159	241513092
1787644763.426344573	s4-eth16	13766	45557601
1787644763.426344573	s4-eth17	15486	44003025
1787644763.426344573	s4-eth18	13486	34987218
1787644763.426344573	s4-eth19	16170	219591700
1787644763.426344573	s4-eth2	14012	23828
1787644763.426344573	s4-eth20	12552	44811515
1787644763.426344573	s4-eth21	14814	55287800
1787644763.426344573	s4-eth22	12585	46378658
1787644763.426344573	s4-eth23	15817	246068734
1787644763.426344573	s4-eth24	11483	36426299
1787644763.426344573	s4-eth25	14671	55370795
1787644763.426344573	s4-eth26	13435	49376203
1787644763.426344573	s4-eth27	14555	351029974
1787644763.426344573	s4-eth28	13189	49709030
1787644763.426344573	s4-eth29	14579	54477762
1787644763.426344573	s4-eth3	18107	197892989
1787644763.426344573	s4-eth30	11607	39975465
1787644763.426344573	s4-eth31	16139	241453733
1787644763.426344573	s4-eth32	12773	29010112
1787644763.426344573	s4-eth33	14358	54828202
1787644763.426344573	s4-eth34	11526	34810298
1787644763.426344573	s4-eth4	14188	37151534
1787644763.426344573	s4-eth5	15733	44820189
1787644763.426344573	s4-eth6	14384	39492423
1787644763.426344573	s4-eth7	17446	239922064
1787644763.426344573	s4-eth8	14666	39296886
1787644763.426344573	s4-eth9	16106	44553746
1787644763.426344573	s5-eth1	5031664114	426962
1787644763.426344573	s5-eth2	1929179937	2287811153
1787644763.426344573	s5-eth3	14012	4122262490
1787644763.426344573	s5-eth4	467605	14012
1787644763.426344573	s6-eth1	14012	23177
1787644763.426344573	s6-eth2	1384821	11779
1787644763.426344573	s6-eth3	14012	1279042
1787644763.426344573	s6-eth4	12321	14012
1787644763.426344573	s7-eth1	1807035912	2244988439
1787644763.426344573	s7-eth2	426565	3281224498
1787644763.426344573	s7-eth3	3962806508	11982
1787644763.426344573	s7-eth4	197291	686631
1787644763.426344573	s8-eth1	14012	8314913
1787644763.426344573	s8-eth2	23828	14012
1787644763.426344573	s8-eth3	8403726	14012
1787644763.426344573	s8-eth4	47728	14012
1787644763.426344573	s9-eth1	4122262490	14012
1787644763.426344573	s9-eth2	1279042	14012
1787644763.426344573	s9-eth3	11982	3962806508
1787644763.426344573	s9-eth4	14012	8403726
