ts	iface	rx_bytes	tx_bytes
1787676732.919465510	s10-eth1	4394415649	30689
1787676732.919465510	s10-eth2	29786	30689
1787676732.919465510	s10-eth3	29786	4364076736
1787676732.919465510	s10-eth4	29716	30689
1787676732.919465510	s1-eth1	49898	5876768361
1787676732.919465510	s1-eth10	1702	5555
1787676732.919465510	s1-eth11	437754234	8132
1787676732.919465510	s1-eth12	1682	5555
1787676732.919465510	s1-eth13	1772	5625
1787676732.919465510	s1-eth14	1772	5625
1787676732.919465510	s1-eth15	437755598	8110
1787676732.919465510	s1-eth16	1702	5625
1787676732.919465510	s1-eth17	1702	5535
1787676732.919465510	s1-eth18	1772	5625
1787676732.919465510	s1-eth19	1751002613	8169
1787676732.919465510	s1-eth2	29919	29786
1787676732.919465510	s1-eth20	1612	5394
1787676732.919465510	s1-eth21	1702	5625
1787676732.919465510	s1-eth22	1772	5625
1787676732.919465510	s1-eth23	218879834	7482
1787676732.919465510	s1-eth24	1702	5535
1787676732.919465510	s1-eth25	1772	5625
1787676732.919465510	s1-eth26	1772	5535
1787676732.919465510	s1-eth27	437755583	8209
1787676732.919465510	s1-eth28	1772	5625
1787676732.919465510	s1-eth29	1772	5625
1787676732.919465510	s1-eth3	1751002488	8234
1787676732.919465510	s1-eth30	1612	5535
1787676732.919465510	s1-eth31	437755754	8208
1787676732.919465510	s1-eth32	1682	5535
1787676732.919465510	s1-eth33	1772	5625
1787676732.919465510	s1-eth34	1772	5535
1787676732.919465510	s1-eth4	1898	5731
1787676732.919465510	s1-eth5	1772	5304
1787676732.919465510	s1-eth6	1772	5625
1787676732.919465510	s1-eth7	437755897	8194
1787676732.919465510	s1-eth8	1612	5625
1787676732.919465510	s1-eth9	1772	5535
1787676732.919465510	s2-eth1	2781820181	1400855590
1787676732.919465510	s2-eth10	1682	5575
1787676732.919465510	s2-eth11	437755686	8106
1787676732.919465510	s2-eth12	1682	5465
1787676732.919465510	s2-eth13	1772	5394
1787676732.919465510	s2-eth14	1772	5625
1787676732.919465510	s2-eth15	437755729	8197
1787676732.919465510	s2-eth16	1772	5535
1787676732.919465510	s2-eth17	1682	5625
1787676732.919465510	s2-eth18	1772	5535
1787676732.919465510	s2-eth19	4386	1704361854
1787676732.919465510	s2-eth2	27350	29786
1787676732.919465510	s2-eth20	1702	5535
1787676732.919465510	s2-eth21	1612	5555
1787676732.919465510	s2-eth22	1682	5535
1787676732.919465510	s2-eth23	3629	214432097
1787676732.919465510	s2-eth24	1772	5515
1787676732.919465510	s2-eth25	1682	5625
1787676732.919465510	s2-eth26	1772	5535
1787676732.919465510	s2-eth27	4356	428974932
1787676732.919465510	s2-eth28	1772	5465
1787676732.919465510	s2-eth29	1612	5535
1787676732.919465510	s2-eth3	87557330	8257
1787676732.919465510	s2-eth30	1772	5515
1787676732.919465510	s2-eth31	4175	428901311
1787676732.919465510	s2-eth32	1522	5645
1787676732.919465510	s2-eth33	1682	5625
1787676732.919465510	s2-eth34	1682	5535
1787676732.919465510	s2-eth4	1772	5625
1787676732.919465510	s2-eth5	1682	5535
1787676732.919465510	s2-eth6	1612	5535
1787676732.919465510	s2-eth7	437754099	8043
1787676732.919465510	s2-eth8	1772	5535
1787676732.919465510	s2-eth9	1772	5535
1787676732.919465510	s3-eth1	2952284859	1181937445
1787676732.919465510	s3-eth10	1682	5535
1787676732.919465510	s3-eth11	3959	422183065
1787676732.919465510	s3-eth12	1682	5625
1787676732.919465510	s3-eth13	1702	5625
1787676732.919465510	s3-eth14	1772	5625
1787676732.919465510	s3-eth15	4347	422236321
1787676732.919465510	s3-eth16	1522	5535
1787676732.919465510	s3-eth17	1772	5625
1787676732.919465510	s3-eth18	1772	5625
1787676732.919465510	s3-eth19	87557239	8080
1787676732.919465510	s3-eth2	27077	29716
1787676732.919465510	s3-eth20	1682	5535
1787676732.919465510	s3-eth21	1452	5425
1787676732.919465510	s3-eth22	1682	5465
1787676732.919465510	s3-eth23	218880044	7450
1787676732.919465510	s3-eth24	1452	5465
1787676732.919465510	s3-eth25	1682	5555
1787676732.919465510	s3-eth26	1522	5535
1787676732.919465510	s3-eth27	437755869	8250
1787676732.919465510	s3-eth28	1612	5625
1787676732.919465510	s3-eth29	1682	5535
1787676732.919465510	s3-eth3	4185	1677206027
1787676732.919465510	s3-eth30	1682	5535
1787676732.919465510	s3-eth31	437755733	8102
1787676732.919465510	s3-eth32	1772	5535
1787676732.919465510	s3-eth33	1522	5535
1787676732.919465510	s3-eth34	1772	5535
1787676732.919465510	s3-eth4	1682	5625
1787676732.919465510	s3-eth5	1772	5465
1787676732.919465510	s3-eth6	1772	5625
1787676732.919465510	s3-eth7	4411	422647590
1787676732.919465510	s3-eth8	1522	5445
1787676732.919465510	s3-eth9	1772	5535
1787676732.919465510	s4-eth1	2561877779	50031
1787676732.919465510	s4-eth10	1682	5515
1787676732.919465510	s4-eth11	4023	430839291
1787676732.919465510	s4-eth12	1522	5585
1787676732.919465510	s4-eth13	1772	5535
1787676732.919465510	s4-eth14	1522	5465
1787676732.919465510	s4-eth15	4094	430747116
1787676732.919465510	s4-eth16	1682	5535
1787676732.919465510	s4-eth17	1612	5445
1787676732.919465510	s4-eth18	1682	5515
1787676732.919465510	s4-eth19	4247	87491786
1787676732.919465510	s4-eth2	29786	29786
1787676732.919465510	s4-eth20	1702	5585
1787676732.919465510	s4-eth21	1522	5535
1787676732.919465510	s4-eth22	1702	5585
1787676732.919465510	s4-eth23	3637	218749681
1787676732.919465510	s4-eth24	1452	5625
1787676732.919465510	s4-eth25	1682	5515
1787676732.919465510	s4-eth26	1522	5515
1787676732.919465510	s4-eth27	4237	437318540
1787676732.919465510	s4-eth28	1612	5465
1787676732.919465510	s4-eth29	1452	5535
1787676732.919465510	s4-eth3	4154	86172451
1787676732.919465510	s4-eth30	1522	5515
1787676732.919465510	s4-eth31	4339	437315380
1787676732.919465510	s4-eth32	1682	5515
1787676732.919465510	s4-eth33	1772	5515
1787676732.919465510	s4-eth34	1522	5625
1787676732.919465510	s4-eth4	1772	5465
1787676732.919465510	s4-eth5	1682	5515
1787676732.919465510	s4-eth6	1682	5515
1787676732.919465510	s4-eth7	3960	430931434
1787676732.919465510	s4-eth8	1682	5515
1787676732.919465510	s4-eth9	1682	5535
1787676732.919465510	s5-eth1	5876768361	49898
1787676732.919465510	s5-eth2	1400855590	2781820181
1787676732.919465510	s5-eth3	50293	29786
1787676732.919465510	s5-eth4	30689	4394415649
1787676732.919465510	s6-eth1	29786	29919
1787676732.919465510	s6-eth2	29786	27350
1787676732.919465510	s6-eth3	29786	29786
1787676732.919465510	s6-eth4	30689	29786
1787676732.919465510	s7-eth1	1181937445	2952284859
1787676732.919465510	s7-eth2	50031	2561877779
1787676732.919465510	s7-eth3	29786	50223
1787676732.919465510	s7-eth4	4364076736	29786
1787676732.919465510	s8-eth1	29716	27077
1787676732.919465510	s8-eth2	29786	29786
1787676732.919465510	s8-eth3	29786	27350
1787676732.919465510	s8-eth4	30689	29716
1787676732.919465510	s9-eth1	29786	50293
1787676732.919465510	s9-eth2	29786	29813
1787676732.919465510	s9-eth3	50223	29813
1787676732.919465510	s9-eth4	27377	29813
1787676735.202201147	s10-eth1	4394415676	30717
1787676735.202201147	s10-eth2	29813	30717
1787676735.202201147	s10-eth3	29813	4364076764
1787676735.202201147	s10-eth4	29743	30717
1787676735.202201147	s1-eth1	49925	5876768388
1787676735.202201147	s1-eth10	1702	5555
1787676735.202201147	s1-eth11	437754234	8132
1787676735.202201147	s1-eth12	1682	5555
1787676735.202201147	s1-eth13	1772	5625
1787676735.202201147	s1-eth14	1772	5625
1787676735.202201147	s1-eth15	437755598	8110
1787676735.202201147	s1-eth16	1702	5625
1787676735.202201147	s1-eth17	1702	5535
1787676735.202201147	s1-eth18	1772	5625
1787676735.202201147	s1-eth19	1751002613	8169
1787676735.202201147	s1-eth2	29946	29813
1787676735.202201147	s1-eth20	1612	5394
1787676735.202201147	s1-eth21	1702	5625
1787676735.202201147	s1-eth22	1772	5625
1787676735.202201147	s1-eth23	218879834	7482
1787676735.202201147	s1-eth24	1702	5535
1787676735.202201147	s1-eth25	1772	5625
1787676735.202201147	s1-eth26	1772	5535
1787676735.202201147	s1-eth27	437755583	8209
1787676735.202201147	s1-eth28	1772	5625
1787676735.202201147	s1-eth29	1772	5625
1787676735.202201147	s1-eth3	1751002488	8234
1787676735.202201147	s1-eth30	1612	5535
1787676735.202201147	s1-eth31	437755754	8208
1787676735.202201147	s1-eth32	1682	5535
1787676735.202201147	s1-eth33	1772	5625
1787676735.202201147	s1-eth34	1772	5535
1787676735.202201147	s1-eth4	1898	5731
1787676735.202201147	s1-eth5	1772	5304
1787676735.202201147	s1-eth6	1772	5625
1787676735.202201147	s1-eth7	437755897	8194
1787676735.202201147	s1-eth8	1612	5625
1787676735.202201147	s1-eth9	1772	5535
1787676735.202201147	s2-eth1	2781820208	1400855617
1787676735.202201147	s2-eth10	1682	5575
1787676735.202201147	s2-eth11	437755686	8106
1787676735.202201147	s2-eth12	1682	5465
1787676735.202201147	s2-eth13	1772	5394
1787676735.202201147	s2-eth14	1772	5625
1787676735.202201147	s2-eth15	437755729	8197
1787676735.202201147	s2-eth16	1772	5535
1787676735.202201147	s2-eth17	1682	5625
1787676735.202201147	s2-eth18	1772	5535
1787676735.202201147	s2-eth19	4386	1704361854
1787676735.202201147	s2-eth2	27377	29813
1787676735.202201147	s2-eth20	1702	5535
1787676735.202201147	s2-eth21	1612	5555
1787676735.202201147	s2-eth22	1682	5535
1787676735.202201147	s2-eth23	3629	214432097
1787676735.202201147	s2-eth24	1772	5515
1787676735.202201147	s2-eth25	1682	5625
1787676735.202201147	s2-eth26	1772	5535
1787676735.202201147	s2-eth27	4356	428974932
1787676735.202201147	s2-eth28	1772	5465
1787676735.202201147	s2-eth29	1612	5535
1787676735.202201147	s2-eth3	87557330	8257
1787676735.202201147	s2-eth30	1772	5515
1787676735.202201147	s2-eth31	4175	428901311
1787676735.202201147	s2-eth32	1522	5645
1787676735.202201147	s2-eth33	1682	5625
1787676735.202201147	s2-eth34	1682	5535
1787676735.202201147	s2-eth4	1772	5625
1787676735.202201147	s2-eth5	1682	5535
1787676735.202201147	s2-eth6	1612	5535
1787676735.202201147	s2-eth7	437754099	8043
1787676735.202201147	s2-eth8	1772	5535
1787676735.202201147	s2-eth9	1772	5535
1787676735.202201147	s3-eth1	2952284886	1181937472
1787676735.202201147	s3-eth10	1682	5535
1787676735.202201147	s3-eth11	3959	422183065
1787676735.202201147	s3-eth12	1682	5625
1787676735.202201147	s3-eth13	1702	5625
1787676735.202201147	s3-eth14	1772	5625
1787676735.202201147	s3-eth15	4347	422236321
1787676735.202201147	s3-eth16	1522	5535
1787676735.202201147	s3-eth17	1772	5625
1787676735.202201147	s3-eth18	1772	5625
1787676735.202201147	s3-eth19	87557239	8080
1787676735.202201147	s3-eth2	27104	29743
1787676735.202201147	s3-eth20	1682	5535
1787676735.202201147	s3-eth21	1452	5425
1787676735.202201147	s3-eth22	1682	5465
1787676735.202201147	s3-eth23	218880044	7450
1787676735.202201147	s3-eth24	1452	5465
1787676735.202201147	s3-eth25	1682	5555
1787676735.202201147	s3-eth26	1522	5535
1787676735.202201147	s3-eth27	437755869	8250
1787676735.202201147	s3-eth28	1612	5625
1787676735.202201147	s3-eth29	1682	5535
1787676735.202201147	s3-eth3	4185	1677206027
1787676735.202201147	s3-eth30	1682	5535
1787676735.202201147	s3-eth31	437755733	8102
1787676735.202201147	s3-eth32	1772	5535
1787676735.202201147	s3-eth33	1522	5535
1787676735.202201147	s3-eth34	1772	5535
1787676735.202201147	s3-eth4	1682	5625
1787676735.202201147	s3-eth5	1772	5465
1787676735.202201147	s3-eth6	1772	5625
1787676735.202201147	s3-eth7	4411	422647590
1787676735.202201147	s3-eth8	1522	5445
1787676735.202201147	s3-eth9	1772	5535
1787676735.202201147	s4-eth1	2561877806	50058
1787676735.202201147	s4-eth10	1682	5515
1787676735.202201147	s4-eth11	4023	430839291
1787676735.202201147	s4-eth12	1522	5585
1787676735.202201147	s4-eth13	1772	5535
1787676735.202201147	s4-eth14	1522	5465
1787676735.202201147	s4-eth15	4094	430747116
1787676735.202201147	s4-eth16	1682	5535
1787676735.202201147	s4-eth17	1612	5445
1787676735.202201147	s4-eth18	1682	5515
1787676735.202201147	s4-eth19	4247	87491786
1787676735.202201147	s4-eth2	29813	29813
1787676735.202201147	s4-eth20	1702	5585
1787676735.202201147	s4-eth21	1522	5535
1787676735.202201147	s4-eth22	1702	5585
1787676735.202201147	s4-eth23	3637	218749681
1787676735.202201147	s4-eth24	1452	5625
1787676735.202201147	s4-eth25	1682	5515
1787676735.202201147	s4-eth26	1522	5515
1787676735.202201147	s4-eth27	4237	437318540
1787676735.202201147	s4-eth28	1612	5465
1787676735.202201147	s4-eth29	1452	5535
1787676735.202201147	s4-eth3	4154	86172451
1787676735.202201147	s4-eth30	1522	5515
1787676735.202201147	s4-eth31	4339	437315380
1787676735.202201147	s4-eth32	1682	5515
1787676735.202201147	s4-eth33	1772	5515
1787676735.202201147	s4-eth34	1522	5625
1787676735.202201147	s4-eth4	1772	5465
1787676735.202201147	s4-eth5	1682	5515
1787676735.202201147	s4-eth6	1682	5515
1787676735.202201147	s4-eth7	3960	430931434
1787676735.202201147	s4-eth8	1682	5515
1787676735.202201147	s4-eth9	1682	5535
1787676735.202201147	s5-eth1	5876768388	49925
1787676735.202201147	s5-eth2	1400855617	2781820208
1787676735.202201147	s5-eth3	50320	29813
1787676735.202201147	s5-eth4	30717	4394415676
1787676735.202201147	s6-eth1	29813	29946
1787676735.202201147	s6-eth2	29813	27377
1787676735.202201147	s6-eth3	29813	29813
1787676735.202201147	s6-eth4	30717	29813
1787676735.202201147	s7-eth1	1181937472	2952284886
1787676735.202201147	s7-eth2	50058	2561877806
1787676735.202201147	s7-eth3	29813	50250
1787676735.202201147	s7-eth4	4364076764	29813
1787676735.202201147	s8-eth1	29743	27104
1787676735.202201147	s8-eth2	29813	29813
1787676735.202201147	s8-eth3	29813	27377
1787676735.202201147	s8-eth4	30717	29743
1787676735.202201147	s9-eth1	29813	50320
1787676735.202201147	s9-eth2	29813	29813
1787676735.202201147	s9-eth3	50250	29813
1787676735.202201147	s9-eth4	27377	29813
1787676737.492157236	s10-eth1	4394415676	30717
1787676737.492157236	s10-eth2	29813	30717
1787676737.492157236	s10-eth3	29813	4364076764
1787676737.492157236	s10-eth4	29743	30717
1787676737.492157236	s1-eth1	49925	5876768388
1787676737.492157236	s1-eth10	1702	5555
1787676737.492157236	s1-eth11	437754234	8132
1787676737.492157236	s1-eth12	1682	5555
1787676737.492157236	s1-eth13	1772	5625
1787676737.492157236	s1-eth14	1772	5625
1787676737.492157236	s1-eth15	437755598	8110
1787676737.492157236	s1-eth16	1702	5625
1787676737.492157236	s1-eth17	1702	5535
1787676737.492157236	s1-eth18	1772	5625
1787676737.492157236	s1-eth19	1751002613	8169
1787676737.492157236	s1-eth2	29946	29813
1787676737.492157236	s1-eth20	1612	5394
1787676737.492157236	s1-eth21	1702	5625
1787676737.492157236	s1-eth22	1772	5625
1787676737.492157236	s1-eth23	218879834	7482
1787676737.492157236	s1-eth24	1702	5535
1787676737.492157236	s1-eth25	1772	5625
1787676737.492157236	s1-eth26	1772	5535
1787676737.492157236	s1-eth27	437755583	8209
1787676737.492157236	s1-eth28	1772	5625
1787676737.492157236	s1-eth29	1772	5625
1787676737.492157236	s1-eth3	1751002488	8234
1787676737.492157236	s1-eth30	1612	5535
1787676737.492157236	s1-eth31	437755754	8208
1787676737.492157236	s1-eth32	1682	5535
1787676737.492157236	s1-eth33	1772	5625
1787676737.492157236	s1-eth34	1772	5535
1787676737.492157236	s1-eth4	1898	5731
1787676737.492157236	s1-eth5	1772	5304
1787676737.492157236	s1-eth6	1772	5625
1787676737.492157236	s1-eth7	437755897	8194
1787676737.492157236	s1-eth8	1612	5625
1787676737.492157236	s1-eth9	1772	5535
1787676737.492157236	s2-eth1	2781820208	1400855617
1787676737.492157236	s2-eth10	1682	5575
1787676737.492157236	s2-eth11	437755686	8106
1787676737.492157236	s2-eth12	1682	5465
1787676737.492157236	s2-eth13	1772	5394
1787676737.492157236	s2-eth14	1772	5625
1787676737.492157236	s2-eth15	437755729	8197
1787676737.492157236	s2-eth16	1772	5535
1787676737.492157236	s2-eth17	1682	5625
1787676737.492157236	s2-eth18	1772	5535
1787676737.492157236	s2-eth19	4386	1704361854
1787676737.492157236	s2-eth2	27377	29813
1787676737.492157236	s2-eth20	1702	5535
1787676737.492157236	s2-eth21	1612	5555
1787676737.492157236	s2-eth22	1682	5535
1787676737.492157236	s2-eth23	3629	214432097
1787676737.492157236	s2-eth24	1772	5515
1787676737.492157236	s2-eth25	1682	5625
1787676737.492157236	s2-eth26	1772	5535
1787676737.492157236	s2-eth27	4356	428974932
1787676737.492157236	s2-eth28	1772	5465
1787676737.492157236	s2-eth29	1612	5535
1787676737.492157236	s2-eth3	87557330	8257
1787676737.492157236	s2-eth30	1772	5515
1787676737.492157236	s2-eth31	4175	428901311
1787676737.492157236	s2-eth32	1522	5645
1787676737.492157236	s2-eth33	1682	5625
1787676737.492157236	s2-eth34	1682	5535
1787676737.492157236	s2-eth4	1772	5625
1787676737.492157236	s2-eth5	1682	5535
1787676737.492157236	s2-eth6	1612	5535
1787676737.492157236	s2-eth7	437754099	8043
1787676737.492157236	s2-eth8	1772	5535
1787676737.492157236	s2-eth9	1772	5535
1787676737.492157236	s3-eth1	2952284886	1181937472
1787676737.492157236	s3-eth10	1682	5535
1787676737.492157236	s3-eth11	3959	422183065
1787676737.492157236	s3-eth12	1682	5625
1787676737.492157236	s3-eth13	1702	5625
1787676737.492157236	s3-eth14	1772	5625
1787676737.492157236	s3-eth15	4347	422236321
1787676737.492157236	s3-eth16	1522	5535
1787676737.492157236	s3-eth17	1772	5625
1787676737.492157236	s3-eth18	1772	5625
1787676737.492157236	s3-eth19	87557239	8080
1787676737.492157236	s3-eth2	27104	29743
1787676737.492157236	s3-eth20	1682	5535
1787676737.492157236	s3-eth21	1452	5425
1787676737.492157236	s3-eth22	1682	5465
1787676737.492157236	s3-eth23	218880044	7450
1787676737.492157236	s3-eth24	1452	5465
1787676737.492157236	s3-eth25	1682	5555
1787676737.492157236	s3-eth26	1522	5535
1787676737.492157236	s3-eth27	437755869	8250
1787676737.492157236	s3-eth28	1612	5625
1787676737.492157236	s3-eth29	1682	5535
1787676737.492157236	s3-eth3	4185	1677206027
1787676737.492157236	s3-eth30	1682	5535
1787676737.492157236	s3-eth31	437755733	8102
1787676737.492157236	s3-eth32	1772	5535
1787676737.492157236	s3-eth33	1522	5535
1787676737.492157236	s3-eth34	1772	5535
1787676737.492157236	s3-eth4	1682	5625
1787676737.492157236	s3-eth5	1772	5465
1787676737.492157236	s3-eth6	1772	5625
1787676737.492157236	s3-eth7	4411	422647590
1787676737.492157236	s3-eth8	1522	5445
1787676737.492157236	s3-eth9	1772	5535
1787676737.492157236	s4-eth1	2561877806	50058
1787676737.492157236	s4-eth10	1682	5515
1787676737.492157236	s4-eth11	4023	430839291
1787676737.492157236	s4-eth12	1522	5585
1787676737.492157236	s4-eth13	1772	5535
1787676737.492157236	s4-eth14	1522	5465
1787676737.492157236	s4-eth15	4094	430747116
1787676737.492157236	s4-eth16	1682	5535
1787676737.492157236	s4-eth17	1612	5445
1787676737.492157236	s4-eth18	1682	5515
1787676737.492157236	s4-eth19	4247	87491786
1787676737.492157236	s4-eth2	29813	29813
1787676737.492157236	s4-eth20	1702	5585
1787676737.492157236	s4-eth21	1522	5535
1787676737.492157236	s4-eth22	1702	5585
1787676737.492157236	s4-eth23	3637	218749681
1787676737.492157236	s4-eth24	1452	5625
1787676737.492157236	s4-eth25	1682	5515
1787676737.492157236	s4-eth26	1522	5515
1787676737.492157236	s4-eth27	4237	437318540
1787676737.492157236	s4-eth28	1612	5465
1787676737.492157236	s4-eth29	1452	5535
1787676737.492157236	s4-eth3	4154	86172451
1787676737.492157236	s4-eth30	1522	5515
1787676737.492157236	s4-eth31	4339	437315380
1787676737.492157236	s4-eth32	1682	5515
1787676737.492157236	s4-eth33	1772	5515
1787676737.492157236	s4-eth34	1522	5625
1787676737.492157236	s4-eth4	1772	5465
1787676737.492157236	s4-eth5	1682	5515
1787676737.492157236	s4-eth6	1682	5515
1787676737.492157236	s4-eth7	3960	430931434
1787676737.492157236	s4-eth8	1682	5515
1787676737.492157236	s4-eth9	1682	5535
1787676737.492157236	s5-eth1	5876768388	49925
1787676737.492157236	s5-eth2	1400855617	2781820208
1787676737.492157236	s5-eth3	50320	29813
1787676737.492157236	s5-eth4	30717	4394415676
1787676737.492157236	s6-eth1	29813	29946
1787676737.492157236	s6-eth2	29813	27377
1787676737.492157236	s6-eth3	29813	29813
1787676737.492157236	s6-eth4	30717	29813
1787676737.492157236	s7-eth1	1181937472	2952284886
1787676737.492157236	s7-eth2	50058	2561877806
1787676737.492157236	s7-eth3	29813	50250
1787676737.492157236	s7-eth4	4364076764	29813
1787676737.492157236	s8-eth1	29743	27104
1787676737.492157236	s8-eth2	29813	29813
1787676737.492157236	s8-eth3	29813	27377
1787676737.492157236	s8-eth4	30717	29743
1787676737.492157236	s9-eth1	29813	50320
1787676737.492157236	s9-eth2	29813	29813
1787676737.492157236	s9-eth3	50250	29813
1787676737.492157236	s9-eth4	27377	29813
1787676739.775847842	s10-eth1	4394415703	30745
1787676739.775847842	s10-eth2	29840	30745
1787676739.775847842	s10-eth3	29840	4364076792
1787676739.775847842	s10-eth4	29770	30745
1787676739.775847842	s1-eth1	49952	5876768415
1787676739.775847842	s1-eth10	1702	5555
1787676739.775847842	s1-eth11	437754234	8132
1787676739.775847842	s1-eth12	1682	5555
1787676739.775847842	s1-eth13	1772	5625
1787676739.775847842	s1-eth14	1772	5625
1787676739.775847842	s1-eth15	437755598	8110
1787676739.775847842	s1-eth16	1702	5625
1787676739.775847842	s1-eth17	1702	5535
1787676739.775847842	s1-eth18	1772	5625
1787676739.775847842	s1-eth19	1751002613	8169
1787676739.775847842	s1-eth2	29973	29840
1787676739.775847842	s1-eth20	1612	5394
1787676739.775847842	s1-eth21	1702	5625
1787676739.775847842	s1-eth22	1772	5625
1787676739.775847842	s1-eth23	218879834	7482
1787676739.775847842	s1-eth24	1702	5535
1787676739.775847842	s1-eth25	1772	5625
1787676739.775847842	s1-eth26	1772	5535
1787676739.775847842	s1-eth27	437755583	8209
1787676739.775847842	s1-eth28	1772	5625
1787676739.775847842	s1-eth29	1772	5625
1787676739.775847842	s1-eth3	1751002488	8234
1787676739.775847842	s1-eth30	1612	5535
1787676739.775847842	s1-eth31	437755754	8208
1787676739.775847842	s1-eth32	1682	5535
1787676739.775847842	s1-eth33	1772	5625
1787676739.775847842	s1-eth34	1772	5535
1787676739.775847842	s1-eth4	1898	5731
1787676739.775847842	s1-eth5	1772	5304
1787676739.775847842	s1-eth6	1772	5625
1787676739.775847842	s1-eth7	437755897	8194
1787676739.775847842	s1-eth8	1612	5625
1787676739.775847842	s1-eth9	1772	5535
1787676739.775847842	s2-eth1	2781820235	1400855644
1787676739.775847842	s2-eth10	1682	5575
1787676739.775847842	s2-eth11	437755686	8106
1787676739.775847842	s2-eth12	1682	5465
1787676739.775847842	s2-eth13	1772	5394
1787676739.775847842	s2-eth14	1772	5625
1787676739.775847842	s2-eth15	437755729	8197
1787676739.775847842	s2-eth16	1772	5535
1787676739.775847842	s2-eth17	1682	5625
1787676739.775847842	s2-eth18	1772	5535
1787676739.775847842	s2-eth19	4386	1704361854
1787676739.775847842	s2-eth2	27404	29840
1787676739.775847842	s2-eth20	1702	5535
1787676739.775847842	s2-eth21	1612	5555
1787676739.775847842	s2-eth22	1682	5535
1787676739.775847842	s2-eth23	3629	214432097
1787676739.775847842	s2-eth24	1772	5515
1787676739.775847842	s2-eth25	1682	5625
1787676739.775847842	s2-eth26	1772	5535
1787676739.775847842	s2-eth27	4356	428974932
1787676739.775847842	s2-eth28	1772	5465
1787676739.775847842	s2-eth29	1612	5535
1787676739.775847842	s2-eth3	87557330	8257
1787676739.775847842	s2-eth30	1772	5515
1787676739.775847842	s2-eth31	4175	428901311
1787676739.775847842	s2-eth32	1522	5645
1787676739.775847842	s2-eth33	1682	5625
1787676739.775847842	s2-eth34	1682	5535
1787676739.775847842	s2-eth4	1772	5625
1787676739.775847842	s2-eth5	1682	5535
1787676739.775847842	s2-eth6	1612	5535
1787676739.775847842	s2-eth7	437754099	8043
1787676739.775847842	s2-eth8	1772	5535
1787676739.775847842	s2-eth9	1772	5535
1787676739.775847842	s3-eth1	2952284913	1181937499
1787676739.775847842	s3-eth10	1682	5535
1787676739.775847842	s3-eth11	3959	422183065
1787676739.775847842	s3-eth12	1682	5625
1787676739.775847842	s3-eth13	1702	5625
1787676739.775847842	s3-eth14	1772	5625
1787676739.775847842	s3-eth15	4347	422236321
1787676739.775847842	s3-eth16	1522	5535
1787676739.775847842	s3-eth17	1772	5625
1787676739.775847842	s3-eth18	1772	5625
1787676739.775847842	s3-eth19	87557239	8080
1787676739.775847842	s3-eth2	27131	29770
1787676739.775847842	s3-eth20	1682	5535
1787676739.775847842	s3-eth21	1452	5425
1787676739.775847842	s3-eth22	1682	5465
1787676739.775847842	s3-eth23	218880044	7450
1787676739.775847842	s3-eth24	1452	5465
1787676739.775847842	s3-eth25	1682	5555
1787676739.775847842	s3-eth26	1522	5535
1787676739.775847842	s3-eth27	437755869	8250
1787676739.775847842	s3-eth28	1612	5625
1787676739.775847842	s3-eth29	1682	5535
1787676739.775847842	s3-eth3	4185	1677206027
1787676739.775847842	s3-eth30	1682	5535
1787676739.775847842	s3-eth31	437755733	8102
1787676739.775847842	s3-eth32	1772	5535
1787676739.775847842	s3-eth33	1522	5535
1787676739.775847842	s3-eth34	1772	5535
1787676739.775847842	s3-eth4	1682	5625
1787676739.775847842	s3-eth5	1772	5465
1787676739.775847842	s3-eth6	1772	5625
1787676739.775847842	s3-eth7	4411	422647590
1787676739.775847842	s3-eth8	1522	5445
1787676739.775847842	s3-eth9	1772	5535
1787676739.775847842	s4-eth1	2561877833	50085
1787676739.775847842	s4-eth10	1682	5515
1787676739.775847842	s4-eth11	4023	430839291
1787676739.775847842	s4-eth12	1522	5585
1787676739.775847842	s4-eth13	1772	5535
1787676739.775847842	s4-eth14	1522	5465
1787676739.775847842	s4-eth15	4094	430747116
1787676739.775847842	s4-eth16	1682	5535
1787676739.775847842	s4-eth17	1612	5445
1787676739.775847842	s4-eth18	1682	5515
1787676739.775847842	s4-eth19	4247	87491786
1787676739.775847842	s4-eth2	29840	29840
1787676739.775847842	s4-eth20	1702	5585
1787676739.775847842	s4-eth21	1522	5535
1787676739.775847842	s4-eth22	1702	5585
1787676739.775847842	s4-eth23	3637	218749681
1787676739.775847842	s4-eth24	1452	5625
1787676739.775847842	s4-eth25	1682	5515
1787676739.775847842	s4-eth26	1522	5515
1787676739.775847842	s4-eth27	4237	437318540
1787676739.775847842	s4-eth28	1612	5465
1787676739.775847842	s4-eth29	1452	5535
1787676739.775847842	s4-eth3	4154	86172451
1787676739.775847842	s4-eth30	1522	5515
1787676739.775847842	s4-eth31	4339	437315380
1787676739.775847842	s4-eth32	1682	5515
1787676739.775847842	s4-eth33	1772	5515
1787676739.775847842	s4-eth34	1522	5625
1787676739.775847842	s4-eth4	1772	5465
1787676739.775847842	s4-eth5	1682	5515
1787676739.775847842	s4-eth6	1682	5515
1787676739.775847842	s4-eth7	3960	430931434
1787676739.775847842	s4-eth8	1682	5515
1787676739.775847842	s4-eth9	1682	5535
1787676739.775847842	s5-eth1	5876768415	49952
1787676739.775847842	s5-eth2	1400855644	2781820235
1787676739.775847842	s5-eth3	50347	29840
1787676739.775847842	s5-eth4	30745	4394415703
1787676739.775847842	s6-eth1	29840	29973
1787676739.775847842	s6-eth2	29840	27404
1787676739.775847842	s6-eth3	29840	29840
1787676739.775847842	s6-eth4	30745	29840
1787676739.775847842	s7-eth1	1181937499	2952284913
1787676739.775847842	s7-eth2	50085	2561877833
1787676739.775847842	s7-eth3	29840	50277
1787676739.775847842	s7-eth4	4364076792	29840
1787676739.775847842	s8-eth1	29770	27131
1787676739.775847842	s8-eth2	29840	29840
1787676739.775847842	s8-eth3	29840	27404
1787676739.775847842	s8-eth4	30745	29770
1787676739.775847842	s9-eth1	29840	50347
1787676739.775847842	s9-eth2	29840	29840
1787676739.775847842	s9-eth3	50277	29840
1787676739.775847842	s9-eth4	27404	29840
1787676742.062965615	s10-eth1	4394415703	30745
1787676742.062965615	s10-eth2	29840	30745
1787676742.062965615	s10-eth3	29840	4364076792
1787676742.062965615	s10-eth4	29770	30745
1787676742.062965615	s1-eth1	49952	5876768415
1787676742.062965615	s1-eth10	1702	5555
1787676742.062965615	s1-eth11	437754234	8132
1787676742.062965615	s1-eth12	1682	5555
1787676742.062965615	s1-eth13	1772	5625
1787676742.062965615	s1-eth14	1772	5625
1787676742.062965615	s1-eth15	437755598	8110
1787676742.062965615	s1-eth16	1702	5625
1787676742.062965615	s1-eth17	1702	5535
1787676742.062965615	s1-eth18	1772	5625
1787676742.062965615	s1-eth19	1751002613	8169
1787676742.062965615	s1-eth2	29973	29840
1787676742.062965615	s1-eth20	1612	5394
1787676742.062965615	s1-eth21	1702	5625
1787676742.062965615	s1-eth22	1772	5625
1787676742.062965615	s1-eth23	218879834	7482
1787676742.062965615	s1-eth24	1702	5535
1787676742.062965615	s1-eth25	1772	5625
1787676742.062965615	s1-eth26	1772	5535
1787676742.062965615	s1-eth27	437755583	8209
1787676742.062965615	s1-eth28	1772	5625
1787676742.062965615	s1-eth29	1772	5625
1787676742.062965615	s1-eth3	1751002488	8234
1787676742.062965615	s1-eth30	1612	5535
1787676742.062965615	s1-eth31	437755754	8208
1787676742.062965615	s1-eth32	1682	5535
1787676742.062965615	s1-eth33	1772	5625
1787676742.062965615	s1-eth34	1772	5535
1787676742.062965615	s1-eth4	1898	5731
1787676742.062965615	s1-eth5	1772	5304
1787676742.062965615	s1-eth6	1772	5625
1787676742.062965615	s1-eth7	437755897	8194
1787676742.062965615	s1-eth8	1612	5625
1787676742.062965615	s1-eth9	1772	5535
1787676742.062965615	s2-eth1	2781820235	1400855644
1787676742.062965615	s2-eth10	1682	5575
1787676742.062965615	s2-eth11	437755686	8106
1787676742.062965615	s2-eth12	1682	5465
1787676742.062965615	s2-eth13	1772	5394
1787676742.062965615	s2-eth14	1772	5625
1787676742.062965615	s2-eth15	437755729	8197
1787676742.062965615	s2-eth16	1772	5535
1787676742.062965615	s2-eth17	1682	5625
1787676742.062965615	s2-eth18	1772	5535
1787676742.062965615	s2-eth19	4386	1704361854
1787676742.062965615	s2-eth2	27404	29840
1787676742.062965615	s2-eth20	1702	5535
1787676742.062965615	s2-eth21	1612	5555
1787676742.062965615	s2-eth22	1682	5535
1787676742.062965615	s2-eth23	3629	214432097
1787676742.062965615	s2-eth24	1772	5515
1787676742.062965615	s2-eth25	1682	5625
1787676742.062965615	s2-eth26	1772	5535
1787676742.062965615	s2-eth27	4356	428974932
1787676742.062965615	s2-eth28	1772	5465
1787676742.062965615	s2-eth29	1612	5535
1787676742.062965615	s2-eth3	87557330	8257
1787676742.062965615	s2-eth30	1772	5515
1787676742.062965615	s2-eth31	4175	428901311
1787676742.062965615	s2-eth32	1522	5645
1787676742.062965615	s2-eth33	1682	5625
1787676742.062965615	s2-eth34	1682	5535
1787676742.062965615	s2-eth4	1772	5625
1787676742.062965615	s2-eth5	1682	5535
1787676742.062965615	s2-eth6	1612	5535
1787676742.062965615	s2-eth7	437754099	8043
1787676742.062965615	s2-eth8	1772	5535
1787676742.062965615	s2-eth9	1772	5535
1787676742.062965615	s3-eth1	2952284913	1181937499
1787676742.062965615	s3-eth10	1682	5535
1787676742.062965615	s3-eth11	3959	422183065
1787676742.062965615	s3-eth12	1682	5625
1787676742.062965615	s3-eth13	1702	5625
1787676742.062965615	s3-eth14	1772	5625
1787676742.062965615	s3-eth15	4347	422236321
1787676742.062965615	s3-eth16	1522	5535
1787676742.062965615	s3-eth17	1772	5625
1787676742.062965615	s3-eth18	1772	5625
1787676742.062965615	s3-eth19	87557239	8080
1787676742.062965615	s3-eth2	27131	29770
1787676742.062965615	s3-eth20	1682	5535
1787676742.062965615	s3-eth21	1452	5425
1787676742.062965615	s3-eth22	1682	5465
1787676742.062965615	s3-eth23	218880044	7450
1787676742.062965615	s3-eth24	1452	5465
1787676742.062965615	s3-eth25	1682	5555
1787676742.062965615	s3-eth26	1522	5535
1787676742.062965615	s3-eth27	437755869	8250
1787676742.062965615	s3-eth28	1612	5625
1787676742.062965615	s3-eth29	1682	5535
1787676742.062965615	s3-eth3	4185	1677206027
1787676742.062965615	s3-eth30	1682	5535
1787676742.062965615	s3-eth31	437755733	8102
1787676742.062965615	s3-eth32	1772	5535
1787676742.062965615	s3-eth33	1522	5535
1787676742.062965615	s3-eth34	1772	5535
1787676742.062965615	s3-eth4	1682	5625
1787676742.062965615	s3-eth5	1772	5465
1787676742.062965615	s3-eth6	1772	5625
1787676742.062965615	s3-eth7	4411	422647590
1787676742.062965615	s3-eth8	1522	5445
1787676742.062965615	s3-eth9	1772	5535
1787676742.062965615	s4-eth1	2561877833	50085
1787676742.062965615	s4-eth10	1682	5515
1787676742.062965615	s4-eth11	4023	430839291
1787676742.062965615	s4-eth12	1522	5585
1787676742.062965615	s4-eth13	1772	5535
1787676742.062965615	s4-eth14	1522	5465
1787676742.062965615	s4-eth15	4094	430747116
1787676742.062965615	s4-eth16	1682	5535
1787676742.062965615	s4-eth17	1612	5445
1787676742.062965615	s4-eth18	1682	5515
1787676742.062965615	s4-eth19	4247	87491786
1787676742.062965615	s4-eth2	29840	29840
1787676742.062965615	s4-eth20	1702	5585
1787676742.062965615	s4-eth21	1522	5535
1787676742.062965615	s4-eth22	1702	5585
1787676742.062965615	s4-eth23	3637	218749681
1787676742.062965615	s4-eth24	1452	5625
1787676742.062965615	s4-eth25	1682	5515
1787676742.062965615	s4-eth26	1522	5515
1787676742.062965615	s4-eth27	4237	437318540
1787676742.062965615	s4-eth28	1612	5465
1787676742.062965615	s4-eth29	1452	5535
1787676742.062965615	s4-eth3	4154	86172451
1787676742.062965615	s4-eth30	1522	5515
1787676742.062965615	s4-eth31	4339	437315380
1787676742.062965615	s4-eth32	1682	5515
1787676742.062965615	s4-eth33	1772	5515
1787676742.062965615	s4-eth34	1522	5625
1787676742.062965615	s4-eth4	1772	5465
1787676742.062965615	s4-eth5	1682	5515
1787676742.062965615	s4-eth6	1682	5515
1787676742.062965615	s4-eth7	3960	430931434
1787676742.062965615	s4-eth8	1682	5515
1787676742.062965615	s4-eth9	1682	5535
1787676742.062965615	s5-eth1	5876768415	49952
1787676742.062965615	s5-eth2	1400855644	2781820235
1787676742.062965615	s5-eth3	50347	29840
1787676742.062965615	s5-eth4	30745	4394415703
1787676742.062965615	s6-eth1	29840	29973
1787676742.062965615	s6-eth2	29840	27404
1787676742.062965615	s6-eth3	29840	29840
1787676742.062965615	s6-eth4	30745	29840
1787676742.062965615	s7-eth1	1181937499	2952284913
1787676742.062965615	s7-eth2	50085	2561877833
1787676742.062965615	s7-eth3	29840	50277
1787676742.062965615	s7-eth4	4364076792	29840
1787676742.062965615	s8-eth1	29770	27131
1787676742.062965615	s8-eth2	29840	29840
1787676742.062965615	s8-eth3	29840	27404
1787676742.062965615	s8-eth4	30745	29770
1787676742.062965615	s9-eth1	29840	50347
1787676742.062965615	s9-eth2	29840	29840
1787676742.062965615	s9-eth3	50277	29840
1787676742.062965615	s9-eth4	27404	29840
1787676744.363654347	s10-eth1	4395706561	30773
1787676744.363654347	s10-eth2	29867	30773
1787676744.363654347	s10-eth3	29867	4365539405
1787676744.363654347	s10-eth4	29797	30773
1787676744.363654347	s1-eth1	54340	5879119168
1787676744.363654347	s1-eth10	1702	5555
1787676744.363654347	s1-eth11	437932378	8719
1787676744.363654347	s1-eth12	1682	5555
1787676744.363654347	s1-eth13	1772	5625
1787676744.363654347	s1-eth14	1772	5625
1787676744.363654347	s1-eth15	437962648	8697
1787676744.363654347	s1-eth16	1702	5625
1787676744.363654347	s1-eth17	1702	5535
1787676744.363654347	s1-eth18	1772	5625
1787676744.363654347	s1-eth19	1751949332	8689
1787676744.363654347	s1-eth2	30000	29867
1787676744.363654347	s1-eth20	1612	5394
1787676744.363654347	s1-eth21	1702	5625
1787676744.363654347	s1-eth22	1772	5625
1787676744.363654347	s1-eth23	219204984	8002
1787676744.363654347	s1-eth24	1702	5535
1787676744.363654347	s1-eth25	1772	5625
1787676744.363654347	s1-eth26	1772	5535
1787676744.363654347	s1-eth27	438154275	8729
1787676744.363654347	s1-eth28	1772	5625
1787676744.363654347	s1-eth29	1772	5625
1787676744.363654347	s1-eth3	1752857601	8754
1787676744.363654347	s1-eth30	1612	5535
1787676744.363654347	s1-eth31	438261154	8728
1787676744.363654347	s1-eth32	1682	5535
1787676744.363654347	s1-eth33	1772	5625
1787676744.363654347	s1-eth34	1772	5535
1787676744.363654347	s1-eth4	1898	5731
1787676744.363654347	s1-eth5	1772	5304
1787676744.363654347	s1-eth6	1772	5625
1787676744.363654347	s1-eth7	438369591	8781
1787676744.363654347	s1-eth8	1612	5625
1787676744.363654347	s1-eth9	1772	5535
1787676744.363654347	s2-eth1	2785986821	1402957483
1787676744.363654347	s2-eth10	1682	5575
1787676744.363654347	s2-eth11	438439960	8626
1787676744.363654347	s2-eth12	1682	5465
1787676744.363654347	s2-eth13	1772	5394
1787676744.363654347	s2-eth14	1772	5625
1787676744.363654347	s2-eth15	438500567	8717
1787676744.363654347	s2-eth16	1772	5535
1787676744.363654347	s2-eth17	1682	5625
1787676744.363654347	s2-eth18	1772	5535
1787676744.363654347	s2-eth19	4906	1707327373
1787676744.363654347	s2-eth2	27431	29867
1787676744.363654347	s2-eth20	1702	5535
1787676744.363654347	s2-eth21	1612	5555
1787676744.363654347	s2-eth22	1682	5535
1787676744.363654347	s2-eth23	4149	215295113
1787676744.363654347	s2-eth24	1772	5515
1787676744.363654347	s2-eth25	1682	5625
1787676744.363654347	s2-eth26	1772	5535
1787676744.363654347	s2-eth27	4876	429885534
1787676744.363654347	s2-eth28	1772	5465
1787676744.363654347	s2-eth29	1612	5535
1787676744.363654347	s2-eth3	87761418	8777
1787676744.363654347	s2-eth30	1772	5515
1787676744.363654347	s2-eth31	4695	429862383
1787676744.363654347	s2-eth32	1522	5645
1787676744.363654347	s2-eth33	1682	5625
1787676744.363654347	s2-eth34	1682	5535
1787676744.363654347	s2-eth4	1772	5625
1787676744.363654347	s2-eth5	1682	5535
1787676744.363654347	s2-eth6	1612	5535
1787676744.363654347	s2-eth7	438938747	8563
1787676744.363654347	s2-eth8	1772	5535
1787676744.363654347	s2-eth9	1772	5535
1787676744.363654347	s3-eth1	2959964379	1185807299
1787676744.363654347	s3-eth10	1682	5535
1787676744.363654347	s3-eth11	4546	423331675
1787676744.363654347	s3-eth12	1682	5625
1787676744.363654347	s3-eth13	1702	5625
1787676744.363654347	s3-eth14	1772	5625
1787676744.363654347	s3-eth15	4934	423425307
1787676744.363654347	s3-eth16	1522	5535
1787676744.363654347	s3-eth17	1772	5625
1787676744.363654347	s3-eth18	1772	5625
1787676744.363654347	s3-eth19	87811797	8600
1787676744.363654347	s3-eth2	27158	29797
1787676744.363654347	s3-eth20	1682	5535
1787676744.363654347	s3-eth21	1452	5425
1787676744.363654347	s3-eth22	1682	5465
1787676744.363654347	s3-eth23	220164190	7970
1787676744.363654347	s3-eth24	1452	5465
1787676744.363654347	s3-eth25	1682	5555
1787676744.363654347	s3-eth26	1522	5535
1787676744.363654347	s3-eth27	439052927	8770
1787676744.363654347	s3-eth28	1612	5625
1787676744.363654347	s3-eth29	1682	5535
1787676744.363654347	s3-eth3	4705	1681855736
1787676744.363654347	s3-eth30	1682	5535
1787676744.363654347	s3-eth31	439068653	8622
1787676744.363654347	s3-eth32	1772	5535
1787676744.363654347	s3-eth33	1522	5535
1787676744.363654347	s3-eth34	1772	5535
1787676744.363654347	s3-eth4	1682	5625
1787676744.363654347	s3-eth5	1772	5465
1787676744.363654347	s3-eth6	1772	5625
1787676744.363654347	s3-eth7	4998	423889930
1787676744.363654347	s3-eth8	1522	5445
1787676744.363654347	s3-eth9	1772	5535
1787676744.363654347	s4-eth1	2570439242	54272
1787676744.363654347	s4-eth10	1682	5515
1787676744.363654347	s4-eth11	4543	432185443
1787676744.363654347	s4-eth12	1522	5585
1787676744.363654347	s4-eth13	1772	5535
1787676744.363654347	s4-eth14	1522	5465
1787676744.363654347	s4-eth15	4614	432099036
1787676744.363654347	s4-eth16	1682	5535
1787676744.363654347	s4-eth17	1612	5445
1787676744.363654347	s4-eth18	1682	5515
1787676744.363654347	s4-eth19	4767	87765090
1787676744.363654347	s4-eth2	29867	29867
1787676744.363654347	s4-eth20	1702	5585
1787676744.363654347	s4-eth21	1522	5535
1787676744.363654347	s4-eth22	1702	5585
1787676744.363654347	s4-eth23	4157	220131883
1787676744.363654347	s4-eth24	1452	5625
1787676744.363654347	s4-eth25	1682	5515
1787676744.363654347	s4-eth26	1522	5515
1787676744.363654347	s4-eth27	4757	438719422
1787676744.363654347	s4-eth28	1612	5465
1787676744.363654347	s4-eth29	1452	5535
1787676744.363654347	s4-eth3	4674	86454407
1787676744.363654347	s4-eth30	1522	5515
1787676744.363654347	s4-eth31	4859	438745102
1787676744.363654347	s4-eth32	1682	5515
1787676744.363654347	s4-eth33	1772	5515
1787676744.363654347	s4-eth34	1522	5625
1787676744.363654347	s4-eth4	1772	5465
1787676744.363654347	s4-eth5	1682	5515
1787676744.363654347	s4-eth6	1682	5515
1787676744.363654347	s4-eth7	4480	432405924
1787676744.363654347	s4-eth8	1682	5515
1787676744.363654347	s4-eth9	1682	5535
1787676744.363654347	s5-eth1	5897958898	54340
1787676744.363654347	s5-eth2	1405733333	2791672627
1787676744.363654347	s5-eth3	54735	29867
1787676744.363654347	s5-eth4	30773	4409353805
1787676744.363654347	s6-eth1	29867	30000
1787676744.363654347	s6-eth2	29867	27431
1787676744.363654347	s6-eth3	29867	29867
1787676744.363654347	s6-eth4	30773	29867
1787676744.363654347	s7-eth1	1186911871	2962386939
1787676744.363654347	s7-eth2	54272	2571835098
1787676744.363654347	s7-eth3	29867	54665
1787676744.363654347	s7-eth4	4379287433	29867
1787676744.363654347	s8-eth1	29797	27158
1787676744.363654347	s8-eth2	29867	29867
1787676744.363654347	s8-eth3	29867	27431
1787676744.363654347	s8-eth4	30773	29797
1787676744.363654347	s9-eth1	29867	54735
1787676744.363654347	s9-eth2	29867	29867
1787676744.363654347	s9-eth3	54665	29867
1787676744.363654347	s9-eth4	27431	29867
1787676748.667112901	s10-eth1	4423313834	30801
1787676748.667112901	s10-eth2	29894	30801
1787676748.667112901	s10-eth3	29894	4393159501
1787676748.667112901	s10-eth4	29824	30801
1787676748.667112901	s1-eth1	54367	5917883039
1787676748.667112901	s1-eth10	1702	5555
1787676748.667112901	s1-eth11	440706786	8719
1787676748.667112901	s1-eth12	1682	5555
1787676748.667112901	s1-eth13	1772	5625
1787676748.667112901	s1-eth14	1772	5625
1787676748.667112901	s1-eth15	440745708	8697
1787676748.667112901	s1-eth16	1702	5625
1787676748.667112901	s1-eth17	1702	5535
1787676748.667112901	s1-eth18	1772	5625
1787676748.667112901	s1-eth19	1763114738	8689
1787676748.667112901	s1-eth2	30027	29894
1787676748.667112901	s1-eth20	1612	5394
1787676748.667112901	s1-eth21	1702	5625
1787676748.667112901	s1-eth22	1772	5625
1787676748.667112901	s1-eth23	221956320	8002
1787676748.667112901	s1-eth24	1702	5535
1787676748.667112901	s1-eth25	1772	5625
1787676748.667112901	s1-eth26	1772	5535
1787676748.667112901	s1-eth27	440863793	8729
1787676748.667112901	s1-eth28	1772	5625
1787676748.667112901	s1-eth29	1772	5625
1787676748.667112901	s1-eth3	1763560125	8754
1787676748.667112901	s1-eth30	1612	5535
1787676748.667112901	s1-eth31	440908666	8728
1787676748.667112901	s1-eth32	1682	5535
1787676748.667112901	s1-eth33	1772	5625
1787676748.667112901	s1-eth34	1772	5535
1787676748.667112901	s1-eth4	1898	5731
1787676748.667112901	s1-eth5	1772	5304
1787676748.667112901	s1-eth6	1772	5625
1787676748.667112901	s1-eth7	440983937	8781
1787676748.667112901	s1-eth8	1612	5625
1787676748.667112901	s1-eth9	1772	5535
1787676748.667112901	s2-eth1	2803763824	1411295154
1787676748.667112901	s2-eth10	1682	5575
1787676748.667112901	s2-eth11	441028350	8626
1787676748.667112901	s2-eth12	1682	5465
1787676748.667112901	s2-eth13	1772	5394
1787676748.667112901	s2-eth14	1772	5625
1787676748.667112901	s2-eth15	441080305	8717
1787676748.667112901	s2-eth16	1772	5535
1787676748.667112901	s2-eth17	1682	5625
1787676748.667112901	s2-eth18	1772	5535
1787676748.667112901	s2-eth19	4906	1717192095
1787676748.667112901	s2-eth2	27458	29894
1787676748.667112901	s2-eth20	1702	5535
1787676748.667112901	s2-eth21	1612	5555
1787676748.667112901	s2-eth22	1682	5535
1787676748.667112901	s2-eth23	4149	217732093
1787676748.667112901	s2-eth24	1772	5515
1787676748.667112901	s2-eth25	1682	5625
1787676748.667112901	s2-eth26	1772	5535
1787676748.667112901	s2-eth27	4876	432272044
1787676748.667112901	s2-eth28	1772	5465
1787676748.667112901	s2-eth29	1612	5535
1787676748.667112901	s2-eth3	88235836	8777
1787676748.667112901	s2-eth30	1772	5515
1787676748.667112901	s2-eth31	4695	432186887
1787676748.667112901	s2-eth32	1522	5645
1787676748.667112901	s2-eth33	1682	5625
1787676748.667112901	s2-eth34	1682	5535
1787676748.667112901	s2-eth4	1772	5625
1787676748.667112901	s2-eth5	1682	5535
1787676748.667112901	s2-eth6	1612	5535
1787676748.667112901	s2-eth7	441182499	8563
1787676748.667112901	s2-eth8	1772	5535
1787676748.667112901	s2-eth9	1772	5535
1787676748.667112901	s3-eth1	2975513492	1192935132
1787676748.667112901	s3-eth10	1682	5535
1787676748.667112901	s3-eth11	4546	425537935
1787676748.667112901	s3-eth12	1682	5625
1787676748.667112901	s3-eth13	1702	5625
1787676748.667112901	s3-eth14	1772	5625
1787676748.667112901	s3-eth15	4934	425617147
1787676748.667112901	s3-eth16	1522	5535
1787676748.667112901	s3-eth17	1772	5625
1787676748.667112901	s3-eth18	1772	5625
1787676748.667112901	s3-eth19	88253049	8600
1787676748.667112901	s3-eth2	27185	29824
1787676748.667112901	s3-eth20	1682	5535
1787676748.667112901	s3-eth21	1452	5425
1787676748.667112901	s3-eth22	1682	5465
1787676748.667112901	s3-eth23	222370450	7970
1787676748.667112901	s3-eth24	1452	5465
1787676748.667112901	s3-eth25	1682	5555
1787676748.667112901	s3-eth26	1522	5535
1787676748.667112901	s3-eth27	441263513	8770
1787676748.667112901	s3-eth28	1612	5625
1787676748.667112901	s3-eth29	1682	5535
1787676748.667112901	s3-eth3	4705	1690646168
1787676748.667112901	s3-eth30	1682	5535
1787676748.667112901	s3-eth31	441277797	8622
1787676748.667112901	s3-eth32	1772	5535
1787676748.667112901	s3-eth33	1522	5535
1787676748.667112901	s3-eth34	1772	5535
1787676748.667112901	s3-eth4	1682	5625
1787676748.667112901	s3-eth5	1772	5465
1787676748.667112901	s3-eth6	1772	5625
1787676748.667112901	s3-eth7	4998	426084654
1787676748.667112901	s3-eth8	1522	5445
1787676748.667112901	s3-eth9	1772	5535
1787676748.667112901	s4-eth1	2584570869	54299
1787676748.667112901	s4-eth10	1682	5515
1787676748.667112901	s4-eth11	4543	434390261
1787676748.667112901	s4-eth12	1522	5585
1787676748.667112901	s4-eth13	1772	5535
1787676748.667112901	s4-eth14	1522	5465
1787676748.667112901	s4-eth15	4614	434311064
1787676748.667112901	s4-eth16	1682	5535
1787676748.667112901	s4-eth17	1612	5445
1787676748.667112901	s4-eth18	1682	5515
1787676748.667112901	s4-eth19	4767	88209226
1787676748.667112901	s4-eth2	29894	29894
1787676748.667112901	s4-eth20	1702	5585
1787676748.667112901	s4-eth21	1522	5535
1787676748.667112901	s4-eth22	1702	5585
1787676748.667112901	s4-eth23	4157	222348237
1787676748.667112901	s4-eth24	1452	5625
1787676748.667112901	s4-eth25	1682	5515
1787676748.667112901	s4-eth26	1522	5515
1787676748.667112901	s4-eth27	4757	440930008
1787676748.667112901	s4-eth28	1612	5465
1787676748.667112901	s4-eth29	1452	5535
1787676748.667112901	s4-eth3	4674	86889891
1787676748.667112901	s4-eth30	1522	5515
1787676748.667112901	s4-eth31	4859	440936942
1787676748.667112901	s4-eth32	1682	5515
1787676748.667112901	s4-eth33	1772	5515
1787676748.667112901	s4-eth34	1522	5625
1787676748.667112901	s4-eth4	1772	5465
1787676748.667112901	s4-eth5	1682	5515
1787676748.667112901	s4-eth6	1682	5515
1787676748.667112901	s4-eth7	4480	434571808
1787676748.667112901	s4-eth8	1682	5515
1787676748.667112901	s4-eth9	1682	5535
1787676748.667112901	s5-eth1	5928070769	54367
1787676748.667112901	s5-eth2	1412618910	2806727134
1787676748.667112901	s5-eth3	54762	29894
1787676748.667112901	s5-eth4	30801	4431316934
1787676748.667112901	s6-eth1	29894	30027
1787676748.667112901	s6-eth2	29894	27458
1787676748.667112901	s6-eth3	29894	29894
1787676748.667112901	s6-eth4	30801	29894
1787676748.667112901	s7-eth1	1193862338	2977539502
1787676748.667112901	s7-eth2	54299	2585756193
1787676748.667112901	s7-eth3	29894	54692
1787676748.667112901	s7-eth4	4401590875	29894
1787676748.667112901	s8-eth1	29824	27185
1787676748.667112901	s8-eth2	29894	29894
1787676748.667112901	s8-eth3	29894	27458
1787676748.667112901	s8-eth4	30801	29824
1787676748.667112901	s9-eth1	29894	54762
1787676748.667112901	s9-eth2	29894	29894
1787676748.667112901	s9-eth3	54692	29894
1787676748.667112901	s9-eth4	27458	29894
1787676752.179091327	s10-eth1	4446355552	30801
1787676752.179091327	s10-eth2	29894	30801
1787676752.179091327	s10-eth3	29894	4416244479
1787676752.179091327	s10-eth4	29824	30801
1787676752.179091327	s1-eth1	54367	5949728167
1787676752.179091327	s1-eth10	1702	5555
1787676752.179091327	s1-eth11	442990914	8719
1787676752.179091327	s1-eth12	1682	5555
1787676752.179091327	s1-eth13	1772	5625
1787676752.179091327	s1-eth14	1772	5625
1787676752.179091327	s1-eth15	443051466	8697
1787676752.179091327	s1-eth16	1702	5625
1787676752.179091327	s1-eth17	1702	5535
1787676752.179091327	s1-eth18	1772	5625
1787676752.179091327	s1-eth19	1772389682	8689
1787676752.179091327	s1-eth2	30027	29894
1787676752.179091327	s1-eth20	1612	5394
1787676752.179091327	s1-eth21	1702	5625
1787676752.179091327	s1-eth22	1772	5625
1787676752.179091327	s1-eth23	224266404	8002
1787676752.179091327	s1-eth24	1702	5535
1787676752.179091327	s1-eth25	1772	5625
1787676752.179091327	s1-eth26	1772	5535
1787676752.179091327	s1-eth27	443172435	8729
1787676752.179091327	s1-eth28	1772	5625
1787676752.179091327	s1-eth29	1772	5625
1787676752.179091327	s1-eth3	1772765853	8754
1787676752.179091327	s1-eth30	1612	5535
1787676752.179091327	s1-eth31	443211540	8728
1787676752.179091327	s1-eth32	1682	5535
1787676752.179091327	s1-eth33	1772	5625
1787676752.179091327	s1-eth34	1772	5535
1787676752.179091327	s1-eth4	1898	5731
1787676752.179091327	s1-eth5	1772	5304
1787676752.179091327	s1-eth6	1772	5625
1787676752.179091327	s1-eth7	443252203	8781
1787676752.179091327	s1-eth8	1612	5625
1787676752.179091327	s1-eth9	1772	5535
1787676752.179091327	s2-eth1	2819472972	1418493618
1787676752.179091327	s2-eth10	1682	5575
1787676752.179091327	s2-eth11	443273544	8626
1787676752.179091327	s2-eth12	1682	5465
1787676752.179091327	s2-eth13	1772	5394
1787676752.179091327	s2-eth14	1772	5625
1787676752.179091327	s2-eth15	443296659	8717
1787676752.179091327	s2-eth16	1772	5535
1787676752.179091327	s2-eth17	1682	5625
1787676752.179091327	s2-eth18	1772	5535
1787676752.179091327	s2-eth19	4906	1726011367
1787676752.179091327	s2-eth2	27458	29894
1787676752.179091327	s2-eth20	1702	5535
1787676752.179091327	s2-eth21	1612	5555
1787676752.179091327	s2-eth22	1682	5535
1787676752.179091327	s2-eth23	4149	219949889
1787676752.179091327	s2-eth24	1772	5515
1787676752.179091327	s2-eth25	1682	5625
1787676752.179091327	s2-eth26	1772	5535
1787676752.179091327	s2-eth27	4876	434505702
1787676752.179091327	s2-eth28	1772	5465
1787676752.179091327	s2-eth29	1612	5535
1787676752.179091327	s2-eth3	88687182	8777
1787676752.179091327	s2-eth30	1772	5515
1787676752.179091327	s2-eth31	4695	434446501
1787676752.179091327	s2-eth32	1522	5645
1787676752.179091327	s2-eth33	1682	5625
1787676752.179091327	s2-eth34	1682	5535
1787676752.179091327	s2-eth4	1772	5625
1787676752.179091327	s2-eth5	1682	5535
1787676752.179091327	s2-eth6	1612	5535
1787676752.179091327	s2-eth7	443486815	8563
1787676752.179091327	s2-eth8	1772	5535
1787676752.179091327	s2-eth9	1772	5535
1787676752.179091327	s3-eth1	2991786462	1200413344
1787676752.179091327	s3-eth10	1682	5535
1787676752.179091327	s3-eth11	4546	427884069
1787676752.179091327	s3-eth12	1682	5625
1787676752.179091327	s3-eth13	1702	5625
1787676752.179091327	s3-eth14	1772	5625
1787676752.179091327	s3-eth15	4934	427995005
1787676752.179091327	s3-eth16	1522	5535
1787676752.179091327	s3-eth17	1772	5625
1787676752.179091327	s3-eth18	1772	5625
1787676752.179091327	s3-eth19	88734677	8600
1787676752.179091327	s3-eth2	27212	29851
1787676752.179091327	s3-eth20	1682	5535
1787676752.179091327	s3-eth21	1452	5425
1787676752.179091327	s3-eth22	1682	5465
1787676752.179091327	s3-eth23	224813198	7970
1787676752.179091327	s3-eth24	1452	5465
1787676752.179091327	s3-eth25	1682	5555
1787676752.179091327	s3-eth26	1522	5535
1787676752.179091327	s3-eth27	443704819	8770
1787676752.179091327	s3-eth28	1612	5625
1787676752.179091327	s3-eth29	1682	5535
1787676752.179091327	s3-eth3	4705	1700379668
1787676752.179091327	s3-eth30	1682	5535
1787676752.179091327	s3-eth31	443721987	8622
1787676752.179091327	s3-eth32	1772	5535
1787676752.179091327	s3-eth33	1522	5535
1787676752.179091327	s3-eth34	1772	5535
1787676752.179091327	s3-eth4	1682	5625
1787676752.179091327	s3-eth5	1772	5465
1787676752.179091327	s3-eth6	1772	5625
1787676752.179091327	s3-eth7	4998	428560568
1787676752.179091327	s3-eth8	1522	5445
1787676752.179091327	s3-eth9	1772	5535
1787676752.179091327	s4-eth1	2600579980	54326
1787676752.179091327	s4-eth10	1682	5515
1787676752.179091327	s4-eth11	4543	436909435
1787676752.179091327	s4-eth12	1522	5585
1787676752.179091327	s4-eth13	1772	5535
1787676752.179091327	s4-eth14	1522	5465
1787676752.179091327	s4-eth15	4614	436848984
1787676752.179091327	s4-eth16	1682	5535
1787676752.179091327	s4-eth17	1612	5445
1787676752.179091327	s4-eth18	1682	5515
1787676752.179091327	s4-eth19	4767	88721136
1787676752.179091327	s4-eth2	29921	29921
1787676752.179091327	s4-eth20	1702	5585
1787676752.179091327	s4-eth21	1522	5535
1787676752.179091327	s4-eth22	1702	5585
1787676752.179091327	s4-eth23	4157	224948163
1787676752.179091327	s4-eth24	1452	5625
1787676752.179091327	s4-eth25	1682	5515
1787676752.179091327	s4-eth26	1522	5515
1787676752.179091327	s4-eth27	4757	443553006
1787676752.179091327	s4-eth28	1612	5465
1787676752.179091327	s4-eth29	1452	5535
1787676752.179091327	s4-eth3	4674	87419105
1787676752.179091327	s4-eth30	1522	5515
1787676752.179091327	s4-eth31	4859	443588780
1787676752.179091327	s4-eth32	1682	5515
1787676752.179091327	s4-eth33	1772	5515
1787676752.179091327	s4-eth34	1522	5625
1787676752.179091327	s4-eth4	1772	5465
1787676752.179091327	s4-eth5	1682	5515
1787676752.179091327	s4-eth6	1682	5515
1787676752.179091327	s4-eth7	4480	437238066
1787676752.179091327	s4-eth8	1682	5515
1787676752.179091327	s4-eth9	1682	5535
1787676752.179091327	s5-eth1	5965620476	54394
1787676752.179091327	s5-eth2	1421216141	2825470277
1787676752.179091327	s5-eth3	54789	29921
1787676752.179091327	s5-eth4	30829	4458691889
1787676752.179091327	s6-eth1	29921	30054
1787676752.179091327	s6-eth2	29921	27485
1787676752.179091327	s6-eth3	29921	29921
1787676752.179091327	s6-eth4	30829	29921
1787676752.179091327	s7-eth1	1202538879	2996490293
1787676752.179091327	s7-eth2	54326	2603109248
1787676752.179091327	s7-eth3	29921	54719
1787676752.179091327	s7-eth4	4429205203	29921
1787676752.179091327	s8-eth1	29851	27212
1787676752.179091327	s8-eth2	29921	29921
1787676752.179091327	s8-eth3	29921	27485
1787676752.179091327	s8-eth4	30829	29851
1787676752.179091327	s9-eth1	29921	54789
1787676752.179091327	s9-eth2	29921	29921
1787676752.179091327	s9-eth3	54719	29921
1787676752.179091327	s9-eth4	27485	29921
1787676756.370557599	s10-eth1	4473788187	30829
1787676756.370557599	s10-eth2	29921	30829
1787676756.370557599	s10-eth3	29921	4443713165
1787676756.370557599	s10-eth4	29851	30829
1787676756.370557599	s1-eth1	54394	5987693170
1787676756.370557599	s1-eth10	1702	5555
1787676756.370557599	s1-eth11	445698990	8719
1787676756.370557599	s1-eth12	1682	5555
1787676756.370557599	s1-eth13	1772	5625
1787676756.370557599	s1-eth14	1772	5625
1787676756.370557599	s1-eth15	445740796	8697
1787676756.370557599	s1-eth16	1702	5625
1787676756.370557599	s1-eth17	1702	5535
1787676756.370557599	s1-eth18	1772	5625
1787676756.370557599	s1-eth19	1783050388	8689
1787676756.370557599	s1-eth2	30054	29921
1787676756.370557599	s1-eth20	1612	5394
1787676756.370557599	s1-eth21	1702	5625
1787676756.370557599	s1-eth22	1772	5625
1787676756.370557599	s1-eth23	226912474	8002
1787676756.370557599	s1-eth24	1702	5535
1787676756.370557599	s1-eth25	1772	5625
1787676756.370557599	s1-eth26	1772	5535
1787676756.370557599	s1-eth27	445805527	8729
1787676756.370557599	s1-eth28	1772	5625
1787676756.370557599	s1-eth29	1772	5625
1787676756.370557599	s1-eth3	1783269381	8754
1787676756.370557599	s1-eth30	1612	5535
1787676756.370557599	s1-eth31	445830212	8728
1787676756.370557599	s1-eth32	1682	5535
1787676756.370557599	s1-eth33	1772	5625
1787676756.370557599	s1-eth34	1772	5535
1787676756.370557599	s1-eth4	1898	5731
1787676756.370557599	s1-eth5	1772	5304
1787676756.370557599	s1-eth6	1772	5625
1787676756.370557599	s1-eth7	445870875	8781
1787676756.370557599	s1-eth8	1612	5625
1787676756.370557599	s1-eth9	1772	5535
1787676756.370557599	s2-eth1	2837760443	1426909157
1787676756.370557599	s2-eth10	1682	5575
1787676756.370557599	s2-eth11	445912404	8626
1787676756.370557599	s2-eth12	1682	5465
1787676756.370557599	s2-eth13	1772	5394
1787676756.370557599	s2-eth14	1772	5625
1787676756.370557599	s2-eth15	445949939	8717
1787676756.370557599	s2-eth16	1772	5535
1787676756.370557599	s2-eth17	1682	5625
1787676756.370557599	s2-eth18	1772	5535
1787676756.370557599	s2-eth19	4906	1736588437
1787676756.370557599	s2-eth2	27485	29921
1787676756.370557599	s2-eth20	1702	5535
1787676756.370557599	s2-eth21	1612	5555
1787676756.370557599	s2-eth22	1682	5535
1787676756.370557599	s2-eth23	4149	222613263
1787676756.370557599	s2-eth24	1772	5515
1787676756.370557599	s2-eth25	1682	5625
1787676756.370557599	s2-eth26	1772	5535
1787676756.370557599	s2-eth27	4876	437213778
1787676756.370557599	s2-eth28	1772	5465
1787676756.370557599	s2-eth29	1612	5535
1787676756.370557599	s2-eth3	89232258	8777
1787676756.370557599	s2-eth30	1772	5515
1787676756.370557599	s2-eth31	4695	437157461
1787676756.370557599	s2-eth32	1522	5645
1787676756.370557599	s2-eth33	1682	5625
1787676756.370557599	s2-eth34	1682	5535
1787676756.370557599	s2-eth4	1772	5625
1787676756.370557599	s2-eth5	1682	5535
1787676756.370557599	s2-eth6	1612	5535
1787676756.370557599	s2-eth7	446203543	8563
1787676756.370557599	s2-eth8	1772	5535
1787676756.370557599	s2-eth9	1772	5535
1787676756.370557599	s3-eth1	3010679573	1209101421
1787676756.370557599	s3-eth10	1682	5535
1787676756.370557599	s3-eth11	4546	430573399
1787676756.370557599	s3-eth12	1682	5625
1787676756.370557599	s3-eth13	1702	5625
1787676756.370557599	s3-eth14	1772	5625
1787676756.370557599	s3-eth15	4934	430671357
1787676756.370557599	s3-eth16	1522	5535
1787676756.370557599	s3-eth17	1772	5625
1787676756.370557599	s3-eth18	1772	5625
1787676756.370557599	s3-eth19	89269659	8600
1787676756.370557599	s3-eth2	27212	29851
1787676756.370557599	s3-eth20	1682	5535
1787676756.370557599	s3-eth21	1452	5425
1787676756.370557599	s3-eth22	1682	5465
1787676756.370557599	s3-eth23	227479456	7970
1787676756.370557599	s3-eth24	1452	5465
1787676756.370557599	s3-eth25	1682	5555
1787676756.370557599	s3-eth26	1522	5535
1787676756.370557599	s3-eth27	446391265	8770
1787676756.370557599	s3-eth28	1612	5625
1787676756.370557599	s3-eth29	1682	5535
1787676756.370557599	s3-eth3	4705	1711165828
1787676756.370557599	s3-eth30	1682	5535
1787676756.370557599	s3-eth31	446450251	8622
1787676756.370557599	s3-eth32	1772	5535
1787676756.370557599	s3-eth33	1522	5535
1787676756.370557599	s3-eth34	1772	5535
1787676756.370557599	s3-eth4	1682	5625
1787676756.370557599	s3-eth5	1772	5465
1787676756.370557599	s3-eth6	1772	5625
1787676756.370557599	s3-eth7	4998	431293158
1787676756.370557599	s3-eth8	1522	5445
1787676756.370557599	s3-eth9	1772	5535
1787676756.370557599	s4-eth1	2618124794	54326
1787676756.370557599	s4-eth10	1682	5515
1787676756.370557599	s4-eth11	4543	439646351
1787676756.370557599	s4-eth12	1522	5585
1787676756.370557599	s4-eth13	1772	5535
1787676756.370557599	s4-eth14	1522	5465
1787676756.370557599	s4-eth15	4614	439574364
1787676756.370557599	s4-eth16	1682	5535
1787676756.370557599	s4-eth17	1612	5445
1787676756.370557599	s4-eth18	1682	5515
1787676756.370557599	s4-eth19	4767	89269096
1787676756.370557599	s4-eth2	29921	29921
1787676756.370557599	s4-eth20	1702	5585
1787676756.370557599	s4-eth21	1522	5535
1787676756.370557599	s4-eth22	1702	5585
1787676756.370557599	s4-eth23	4157	227680753
1787676756.370557599	s4-eth24	1452	5625
1787676756.370557599	s4-eth25	1682	5515
1787676756.370557599	s4-eth26	1522	5515
1787676756.370557599	s4-eth27	4757	446284154
1787676756.370557599	s4-eth28	1612	5465
1787676756.370557599	s4-eth29	1452	5535
1787676756.370557599	s4-eth3	4674	87962739
1787676756.370557599	s4-eth30	1522	5515
1787676756.370557599	s4-eth31	4859	446312718
1787676756.370557599	s4-eth32	1682	5515
1787676756.370557599	s4-eth33	1772	5515
1787676756.370557599	s4-eth34	1522	5625
1787676756.370557599	s4-eth4	1772	5465
1787676756.370557599	s4-eth5	1682	5515
1787676756.370557599	s4-eth6	1682	5515
1787676756.370557599	s4-eth7	4480	439977866
1787676756.370557599	s4-eth8	1682	5515
1787676756.370557599	s4-eth9	1682	5535
1787676756.370557599	s5-eth1	6004026731	54421
1787676756.370557599	s5-eth2	1429992180	2844526334
1787676756.370557599	s5-eth3	54816	29948
1787676756.370557599	s5-eth4	30857	4486523958
1787676756.370557599	s6-eth1	29948	30081
1787676756.370557599	s6-eth2	29948	27512
1787676756.370557599	s6-eth3	29948	29948
1787676756.370557599	s6-eth4	30857	29948
1787676756.370557599	s7-eth1	1211222630	3015309862
1787676756.370557599	s7-eth2	54353	2620465187
1787676756.370557599	s7-eth3	29948	54746
1787676756.370557599	s7-eth4	4456761851	29948
1787676756.370557599	s8-eth1	29878	27239
1787676756.370557599	s8-eth2	29948	29948
1787676756.370557599	s8-eth3	29948	27512
1787676756.370557599	s8-eth4	30857	29878
1787676756.370557599	s9-eth1	29948	54816
1787676756.370557599	s9-eth2	29948	29948
1787676756.370557599	s9-eth3	54746	29948
1787676756.370557599	s9-eth4	27512	29948
1787676760.567465745	s10-eth1	4501215054	30857
1787676760.567465745	s10-eth2	29948	30857
1787676760.567465745	s10-eth3	29948	4470832887
1787676760.567465745	s10-eth4	29878	30857
1787676760.567465745	s1-eth1	54421	6024935731
1787676760.567465745	s1-eth10	1702	5555
1787676760.567465745	s1-eth11	448347944	8719
1787676760.567465745	s1-eth12	1682	5555
1787676760.567465745	s1-eth13	1772	5625
1787676760.567465745	s1-eth14	1772	5625
1787676760.567465745	s1-eth15	448366678	8697
1787676760.567465745	s1-eth16	1702	5625
1787676760.567465745	s1-eth17	1702	5535
1787676760.567465745	s1-eth18	1772	5625
1787676760.567465745	s1-eth19	1793486142	8689
1787676760.567465745	s1-eth2	30081	29948
1787676760.567465745	s1-eth20	1612	5394
1787676760.567465745	s1-eth21	1702	5625
1787676760.567465745	s1-eth22	1772	5625
1787676760.567465745	s1-eth23	229522494	8002
1787676760.567465745	s1-eth24	1702	5535
1787676760.567465745	s1-eth25	1772	5625
1787676760.567465745	s1-eth26	1772	5535
1787676760.567465745	s1-eth27	448409779	8729
1787676760.567465745	s1-eth28	1772	5625
1787676760.567465745	s1-eth29	1772	5625
1787676760.567465745	s1-eth3	1793692157	8754
1787676760.567465745	s1-eth30	1612	5535
1787676760.567465745	s1-eth31	448446000	8728
1787676760.567465745	s1-eth32	1682	5535
1787676760.567465745	s1-eth33	1772	5625
1787676760.567465745	s1-eth34	1772	5535
1787676760.567465745	s1-eth4	1898	5731
1787676760.567465745	s1-eth5	1772	5304
1787676760.567465745	s1-eth6	1772	5625
1787676760.567465745	s1-eth7	448512619	8781
1787676760.567465745	s1-eth8	1612	5625
1787676760.567465745	s1-eth9	1772	5535
1787676760.567465745	s2-eth1	2856298822	1435408332
1787676760.567465745	s2-eth10	1682	5575
1787676760.567465745	s2-eth11	448564242	8626
1787676760.567465745	s2-eth12	1682	5465
1787676760.567465745	s2-eth13	1772	5394
1787676760.567465745	s2-eth14	1772	5625
1787676760.567465745	s2-eth15	448608987	8717
1787676760.567465745	s2-eth16	1772	5535
1787676760.567465745	s2-eth17	1682	5625
1787676760.567465745	s2-eth18	1772	5535
1787676760.567465745	s2-eth19	4906	1747207325
1787676760.567465745	s2-eth2	27512	29948
1787676760.567465745	s2-eth20	1702	5535
1787676760.567465745	s2-eth21	1612	5555
1787676760.567465745	s2-eth22	1682	5535
1787676760.567465745	s2-eth23	4149	225273753
1787676760.567465745	s2-eth24	1772	5515
1787676760.567465745	s2-eth25	1682	5625
1787676760.567465745	s2-eth26	1772	5535
1787676760.567465745	s2-eth27	4876	439845428
1787676760.567465745	s2-eth28	1772	5465
1787676760.567465745	s2-eth29	1612	5535
1787676760.567465745	s2-eth3	89761472	8777
1787676760.567465745	s2-eth30	1772	5515
1787676760.567465745	s2-eth31	4695	439787669
1787676760.567465745	s2-eth32	1522	5645
1787676760.567465745	s2-eth33	1682	5625
1787676760.567465745	s2-eth34	1682	5535
1787676760.567465745	s2-eth4	1772	5625
1787676760.567465745	s2-eth5	1682	5535
1787676760.567465745	s2-eth6	1612	5535
1787676760.567465745	s2-eth7	448846729	8563
1787676760.567465745	s2-eth8	1772	5535
1787676760.567465745	s2-eth9	1772	5535
1787676760.567465745	s3-eth1	3028929552	1217532822
1787676760.567465745	s3-eth10	1682	5535
1787676760.567465745	s3-eth11	4546	433196397
1787676760.567465745	s3-eth12	1682	5625
1787676760.567465745	s3-eth13	1702	5625
1787676760.567465745	s3-eth14	1772	5625
1787676760.567465745	s3-eth15	4934	433307333
1787676760.567465745	s3-eth16	1522	5535
1787676760.567465745	s3-eth17	1772	5625
1787676760.567465745	s3-eth18	1772	5625
1787676760.567465745	s3-eth19	89804641	8600
1787676760.567465745	s3-eth2	27239	29878
1787676760.567465745	s3-eth20	1682	5535
1787676760.567465745	s3-eth21	1452	5425
1787676760.567465745	s3-eth22	1682	5465
1787676760.567465745	s3-eth23	230173112	7970
1787676760.567465745	s3-eth24	1452	5465
1787676760.567465745	s3-eth25	1682	5555
1787676760.567465745	s3-eth26	1522	5535
1787676760.567465745	s3-eth27	449093573	8770
1787676760.567465745	s3-eth28	1612	5625
1787676760.567465745	s3-eth29	1682	5535
1787676760.567465745	s3-eth3	4705	1721822208
1787676760.567465745	s3-eth30	1682	5535
1787676760.567465745	s3-eth31	449139581	8622
1787676760.567465745	s3-eth32	1772	5535
1787676760.567465745	s3-eth33	1522	5535
1787676760.567465745	s3-eth34	1772	5535
1787676760.567465745	s3-eth4	1682	5625
1787676760.567465745	s3-eth5	1772	5465
1787676760.567465745	s3-eth6	1772	5625
1787676760.567465745	s3-eth7	4998	433978162
1787676760.567465745	s3-eth8	1522	5445
1787676760.567465745	s3-eth9	1772	5535
1787676760.567465745	s4-eth1	2635498037	54353
1787676760.567465745	s4-eth10	1682	5515
1787676760.567465745	s4-eth11	4543	442348659
1787676760.567465745	s4-eth12	1522	5585
1787676760.567465745	s4-eth13	1772	5535
1787676760.567465745	s4-eth14	1522	5465
1787676760.567465745	s4-eth15	4614	442268020
1787676760.567465745	s4-eth16	1682	5535
1787676760.567465745	s4-eth17	1612	5445
1787676760.567465745	s4-eth18	1682	5515
1787676760.567465745	s4-eth19	4767	89805520
1787676760.567465745	s4-eth2	29948	29948
1787676760.567465745	s4-eth20	1702	5585
1787676760.567465745	s4-eth21	1522	5535
1787676760.567465745	s4-eth22	1702	5585
1787676760.567465745	s4-eth23	4157	230372967
1787676760.567465745	s4-eth24	1452	5625
1787676760.567465745	s4-eth25	1682	5515
1787676760.567465745	s4-eth26	1522	5515
1787676760.567465745	s4-eth27	4757	448961948
1787676760.567465745	s4-eth28	1612	5465
1787676760.567465745	s4-eth29	1452	5535
1787676760.567465745	s4-eth3	4674	88493395
1787676760.567465745	s4-eth30	1522	5515
1787676760.567465745	s4-eth31	4859	449006374
1787676760.567465745	s4-eth32	1682	5515
1787676760.567465745	s4-eth33	1772	5515
1787676760.567465745	s4-eth34	1522	5625
1787676760.567465745	s4-eth4	1772	5465
1787676760.567465745	s4-eth5	1682	5515
1787676760.567465745	s4-eth6	1682	5515
1787676760.567465745	s4-eth7	4480	442632588
1787676760.567465745	s4-eth8	1682	5515
1787676760.567465745	s4-eth9	1682	5535
1787676760.567465745	s5-eth1	6041064501	54421
1787676760.567465745	s5-eth2	1438450952	2862891646
1787676760.567465745	s5-eth3	54816	29948
1787676760.567465745	s5-eth4	30857	4513286036
1787676760.567465745	s6-eth1	29948	30081
1787676760.567465745	s6-eth2	29948	27512
1787676760.567465745	s6-eth3	29948	29948
1787676760.567465745	s6-eth4	30857	29948
1787676760.567465745	s7-eth1	1219594882	3033445896
1787676760.567465745	s7-eth2	54353	2637136149
1787676760.567465745	s7-eth3	29948	54746
1787676760.567465745	s7-eth4	4483082677	29948
1787676760.567465745	s8-eth1	29878	27239
1787676760.567465745	s8-eth2	29948	29948
1787676760.567465745	s8-eth3	29948	27512
1787676760.567465745	s8-eth4	30857	29878
1787676760.567465745	s9-eth1	29948	54816
1787676760.567465745	s9-eth2	29948	29948
1787676760.567465745	s9-eth3	54746	29948
1787676760.567465745	s9-eth4	27512	29948
1787676764.589065193	s10-eth1	4527573399	30885
1787676764.589065193	s10-eth2	29975	30885
1787676764.589065193	s10-eth3	29975	4497266217
1787676764.589065193	s10-eth4	29905	30885
1787676764.589065193	s1-eth1	54448	6061405380
1787676764.589065193	s1-eth10	1702	5555
1787676764.589065193	s1-eth11	450959406	8719
1787676764.589065193	s1-eth12	1682	5555
1787676764.589065193	s1-eth13	1772	5625
1787676764.589065193	s1-eth14	1772	5625
1787676764.589065193	s1-eth15	450992560	8697
1787676764.589065193	s1-eth16	1702	5625
1787676764.589065193	s1-eth17	1702	5535
1787676764.589065193	s1-eth18	1772	5625
1787676764.589065193	s1-eth19	1804077632	8689
1787676764.589065193	s1-eth2	30108	29975
1787676764.589065193	s1-eth20	1612	5394
1787676764.589065193	s1-eth21	1702	5625
1787676764.589065193	s1-eth22	1772	5625
1787676764.589065193	s1-eth23	232198846	8002
1787676764.589065193	s1-eth24	1702	5535
1787676764.589065193	s1-eth25	1772	5625
1787676764.589065193	s1-eth26	1772	5535
1787676764.589065193	s1-eth27	451119297	8729
1787676764.589065193	s1-eth28	1772	5625
1787676764.589065193	s1-eth29	1772	5625
1787676764.589065193	s1-eth3	1804592235	8754
1787676764.589065193	s1-eth30	1612	5535
1787676764.589065193	s1-eth31	451177148	8728
1787676764.589065193	s1-eth32	1682	5535
1787676764.589065193	s1-eth33	1772	5625
1787676764.589065193	s1-eth34	1772	5535
1787676764.589065193	s1-eth4	1898	5731
1787676764.589065193	s1-eth5	1772	5304
1787676764.589065193	s1-eth6	1772	5625
1787676764.589065193	s1-eth7	451256745	8781
1787676764.589065193	s1-eth8	1612	5625
1787676764.589065193	s1-eth9	1772	5535
1787676764.589065193	s2-eth1	2875395255	1444178603
1787676764.589065193	s2-eth10	1682	5575
1787676764.589065193	s2-eth11	451314136	8626
1787676764.589065193	s2-eth12	1682	5465
1787676764.589065193	s2-eth13	1772	5394
1787676764.589065193	s2-eth14	1772	5625
1787676764.589065193	s2-eth15	451370417	8717
1787676764.589065193	s2-eth16	1772	5535
1787676764.589065193	s2-eth17	1682	5625
1787676764.589065193	s2-eth18	1772	5535
1787676764.589065193	s2-eth19	4906	1758183829
1787676764.589065193	s2-eth2	27539	29975
1787676764.589065193	s2-eth20	1702	5535
1787676764.589065193	s2-eth21	1612	5555
1787676764.589065193	s2-eth22	1682	5535
1787676764.589065193	s2-eth23	4149	228036625
1787676764.589065193	s2-eth24	1772	5515
1787676764.589065193	s2-eth25	1682	5625
1787676764.589065193	s2-eth26	1772	5535
1787676764.589065193	s2-eth27	4876	442601090
1787676764.589065193	s2-eth28	1772	5465
1787676764.589065193	s2-eth29	1612	5535
1787676764.589065193	s2-eth3	90313758	8777
1787676764.589065193	s2-eth30	1772	5515
1787676764.589065193	s2-eth31	4695	442547657
1787676764.589065193	s2-eth32	1522	5645
1787676764.589065193	s2-eth33	1682	5625
1787676764.589065193	s2-eth34	1682	5535
1787676764.589065193	s2-eth4	1772	5625
1787676764.589065193	s2-eth5	1682	5535
1787676764.589065193	s2-eth6	1612	5535
1787676764.589065193	s2-eth7	451612485	8563
1787676764.589065193	s2-eth8	1772	5535
1787676764.589065193	s2-eth9	1772	5535
1787676764.589065193	s3-eth1	3048167301	1226382403
1787676764.589065193	s3-eth10	1682	5535
1787676764.589065193	s3-eth11	4546	435943407
1787676764.589065193	s3-eth12	1682	5625
1787676764.589065193	s3-eth13	1702	5625
1787676764.589065193	s3-eth14	1772	5625
1787676764.589065193	s3-eth15	4934	436045691
1787676764.589065193	s3-eth16	1522	5535
1787676764.589065193	s3-eth17	1772	5625
1787676764.589065193	s3-eth18	1772	5625
1787676764.589065193	s3-eth19	90352601	8600
1787676764.589065193	s3-eth2	27266	29905
1787676764.589065193	s3-eth20	1682	5535
1787676764.589065193	s3-eth21	1452	5425
1787676764.589065193	s3-eth22	1682	5465
1787676764.589065193	s3-eth23	232891282	7970
1787676764.589065193	s3-eth24	1452	5465
1787676764.589065193	s3-eth25	1682	5555
1787676764.589065193	s3-eth26	1522	5535
1787676764.589065193	s3-eth27	451818953	8770
1787676764.589065193	s3-eth28	1612	5625
1787676764.589065193	s3-eth29	1682	5535
1787676764.589065193	s3-eth3	4705	1732754010
1787676764.589065193	s3-eth30	1682	5535
1787676764.589065193	s3-eth31	451908221	8622
1787676764.589065193	s3-eth32	1772	5535
1787676764.589065193	s3-eth33	1522	5535
1787676764.589065193	s3-eth34	1772	5535
1787676764.589065193	s3-eth4	1682	5625
1787676764.589065193	s3-eth5	1772	5465
1787676764.589065193	s3-eth6	1772	5625
1787676764.589065193	s3-eth7	4998	436755454
1787676764.589065193	s3-eth8	1522	5445
1787676764.589065193	s3-eth9	1772	5535
1787676764.589065193	s4-eth1	2653223128	54380
1787676764.589065193	s4-eth10	1682	5515
1787676764.589065193	s4-eth11	4543	445133161
1787676764.589065193	s4-eth12	1522	5585
1787676764.589065193	s4-eth13	1772	5535
1787676764.589065193	s4-eth14	1522	5465
1787676764.589065193	s4-eth15	4614	445072710
1787676764.589065193	s4-eth16	1682	5535
1787676764.589065193	s4-eth17	1612	5445
1787676764.589065193	s4-eth18	1682	5515
1787676764.589065193	s4-eth19	4767	90375110
1787676764.589065193	s4-eth2	29975	29975
1787676764.589065193	s4-eth20	1702	5585
1787676764.589065193	s4-eth21	1522	5535
1787676764.589065193	s4-eth22	1702	5585
1787676764.589065193	s4-eth23	4157	233206497
1787676764.589065193	s4-eth24	1452	5625
1787676764.589065193	s4-eth25	1682	5515
1787676764.589065193	s4-eth26	1522	5515
1787676764.589065193	s4-eth27	4757	451824318
1787676764.589065193	s4-eth28	1612	5465
1787676764.589065193	s4-eth29	1452	5535
1787676764.589065193	s4-eth3	4674	89064427
1787676764.589065193	s4-eth30	1522	5515
1787676764.589065193	s4-eth31	4859	451832694
1787676764.589065193	s4-eth32	1682	5515
1787676764.589065193	s4-eth33	1772	5515
1787676764.589065193	s4-eth34	1522	5625
1787676764.589065193	s4-eth4	1772	5465
1787676764.589065193	s4-eth5	1682	5515
1787676764.589065193	s4-eth6	1682	5515
1787676764.589065193	s4-eth7	4480	445444488
1787676764.589065193	s4-eth8	1682	5515
1787676764.589065193	s4-eth9	1682	5535
1787676764.589065193	s5-eth1	6080553698	54448
1787676764.589065193	s5-eth2	1447467805	2882609581
1787676764.589065193	s5-eth3	54843	29975
1787676764.589065193	s5-eth4	30885	4541983305
1787676764.589065193	s6-eth1	29975	30108
1787676764.589065193	s6-eth2	29975	27539
1787676764.589065193	s6-eth3	29975	29975
1787676764.589065193	s6-eth4	30885	29975
1787676764.589065193	s7-eth1	1228698255	3053277749
1787676764.589065193	s7-eth2	54380	2655403432
1787676764.589065193	s7-eth3	29975	54773
1787676764.589065193	s7-eth4	4512104397	29975
1787676764.589065193	s8-eth1	29905	27266
1787676764.589065193	s8-eth2	29975	29975
1787676764.589065193	s8-eth3	29975	27539
1787676764.589065193	s8-eth4	30885	29905
1787676764.589065193	s9-eth1	29975	54843
1787676764.589065193	s9-eth2	29975	29975
1787676764.589065193	s9-eth3	54773	29975
1787676764.589065193	s9-eth4	27539	29975
1787676768.957458839	s10-eth1	4556159634	30913
1787676768.957458839	s10-eth2	30002	30913
1787676768.957458839	s10-eth3	30002	4525986559
1787676768.957458839	s10-eth4	29932	30913
1787676768.957458839	s1-eth1	54475	6101208933
1787676768.957458839	s1-eth10	1702	5555
1787676768.957458839	s1-eth11	453814566	8719
1787676768.957458839	s1-eth12	1682	5555
1787676768.957458839	s1-eth13	1772	5625
1787676768.957458839	s1-eth14	1772	5625
1787676768.957458839	s1-eth15	453878002	8697
1787676768.957458839	s1-eth16	1702	5625
1787676768.957458839	s1-eth17	1702	5535
1787676768.957458839	s1-eth18	1772	5625
1787676768.957458839	s1-eth19	1815737644	8689
1787676768.957458839	s1-eth2	30135	30002
1787676768.957458839	s1-eth20	1612	5394
1787676768.957458839	s1-eth21	1702	5625
1787676768.957458839	s1-eth22	1772	5625
1787676768.957458839	s1-eth23	235146294	8002
1787676768.957458839	s1-eth24	1702	5535
1787676768.957458839	s1-eth25	1772	5625
1787676768.957458839	s1-eth26	1772	5535
1787676768.957458839	s1-eth27	454073955	8729
1787676768.957458839	s1-eth28	1772	5625
1787676768.957458839	s1-eth29	1772	5625
1787676768.957458839	s1-eth3	1816543531	8754
1787676768.957458839	s1-eth30	1612	5535
1787676768.957458839	s1-eth31	454185160	8728
1787676768.957458839	s1-eth32	1682	5535
1787676768.957458839	s1-eth33	1772	5625
1787676768.957458839	s1-eth34	1772	5535
1787676768.957458839	s1-eth4	1898	5731
1787676768.957458839	s1-eth5	1772	5304
1787676768.957458839	s1-eth6	1772	5625
1787676768.957458839	s1-eth7	454328205	8781
1787676768.957458839	s1-eth8	1612	5625
1787676768.957458839	s1-eth9	1772	5535
1787676768.957458839	s2-eth1	2896935878	1454138524
1787676768.957458839	s2-eth10	1682	5575
1787676768.957458839	s2-eth11	454428856	8626
1787676768.957458839	s2-eth12	1682	5465
1787676768.957458839	s2-eth13	1772	5394
1787676768.957458839	s2-eth14	1772	5625
1787676768.957458839	s2-eth15	454493789	8717
1787676768.957458839	s2-eth16	1772	5535
1787676768.957458839	s2-eth17	1682	5625
1787676768.957458839	s2-eth18	1772	5535
1787676768.957458839	s2-eth19	4906	1770551863
1787676768.957458839	s2-eth2	27566	30002
1787676768.957458839	s2-eth20	1702	5535
1787676768.957458839	s2-eth21	1612	5555
1787676768.957458839	s2-eth22	1682	5535
1787676768.957458839	s2-eth23	4149	231196047
1787676768.957458839	s2-eth24	1772	5515
1787676768.957458839	s2-eth25	1682	5625
1787676768.957458839	s2-eth26	1772	5535
1787676768.957458839	s2-eth27	4876	445793678
1787676768.957458839	s2-eth28	1772	5465
1787676768.957458839	s2-eth29	1612	5535
1787676768.957458839	s2-eth3	90964100	8777
1787676768.957458839	s2-eth30	1772	5515
1787676768.957458839	s2-eth31	4695	445784947
1787676768.957458839	s2-eth32	1522	5645
1787676768.957458839	s2-eth33	1682	5625
1787676768.957458839	s2-eth34	1682	5535
1787676768.957458839	s2-eth4	1772	5625
1787676768.957458839	s2-eth5	1682	5535
1787676768.957458839	s2-eth6	1612	5535
1787676768.957458839	s2-eth7	454920433	8563
1787676768.957458839	s2-eth8	1772	5535
1787676768.957458839	s2-eth9	1772	5535
1787676768.957458839	s3-eth1	3071148482	1237030158
1787676768.957458839	s3-eth10	1682	5535
1787676768.957458839	s3-eth11	4546	439264333
1787676768.957458839	s3-eth12	1682	5625
1787676768.957458839	s3-eth13	1702	5625
1787676768.957458839	s3-eth14	1772	5625
1787676768.957458839	s3-eth15	4934	439408435
1787676768.957458839	s3-eth16	1522	5535
1787676768.957458839	s3-eth17	1772	5625
1787676768.957458839	s3-eth18	1772	5625
1787676768.957458839	s3-eth19	91034667	8600
1787676768.957458839	s3-eth2	27293	29932
1787676768.957458839	s3-eth20	1682	5535
1787676768.957458839	s3-eth21	1452	5425
1787676768.957458839	s3-eth22	1682	5465
1787676768.957458839	s3-eth23	236317474	7970
1787676768.957458839	s3-eth24	1452	5465
1787676768.957458839	s3-eth25	1682	5555
1787676768.957458839	s3-eth26	1522	5535
1787676768.957458839	s3-eth27	455211979	8770
1787676768.957458839	s3-eth28	1612	5625
1787676768.957458839	s3-eth29	1682	5535
1787676768.957458839	s3-eth3	4705	1745987244
1787676768.957458839	s3-eth30	1682	5535
1787676768.957458839	s3-eth31	455269523	8622
1787676768.957458839	s3-eth32	1772	5535
1787676768.957458839	s3-eth33	1522	5535
1787676768.957458839	s3-eth34	1772	5535
1787676768.957458839	s3-eth4	1682	5625
1787676768.957458839	s3-eth5	1772	5465
1787676768.957458839	s3-eth6	1772	5625
1787676768.957458839	s3-eth7	4998	440083590
1787676768.957458839	s3-eth8	1522	5445
1787676768.957458839	s3-eth9	1772	5535
1787676768.957458839	s4-eth1	2675000239	54407
1787676768.957458839	s4-eth10	1682	5515
1787676768.957458839	s4-eth11	4543	448555027
1787676768.957458839	s4-eth12	1522	5585
1787676768.957458839	s4-eth13	1772	5535
1787676768.957458839	s4-eth14	1522	5465
1787676768.957458839	s4-eth15	4614	448553698
1787676768.957458839	s4-eth16	1682	5535
1787676768.957458839	s4-eth17	1612	5445
1787676768.957458839	s4-eth18	1682	5515
1787676768.957458839	s4-eth19	4767	91075922
1787676768.957458839	s4-eth2	30002	30002
1787676768.957458839	s4-eth20	1702	5585
1787676768.957458839	s4-eth21	1522	5535
1787676768.957458839	s4-eth22	1702	5585
1787676768.957458839	s4-eth23	4157	236763911
1787676768.957458839	s4-eth24	1452	5625
1787676768.957458839	s4-eth25	1682	5515
1787676768.957458839	s4-eth26	1522	5515
1787676768.957458839	s4-eth27	4757	455432202
1787676768.957458839	s4-eth28	1612	5465
1787676768.957458839	s4-eth29	1452	5535
1787676768.957458839	s4-eth3	4674	89795521
1787676768.957458839	s4-eth30	1522	5515
1787676768.957458839	s4-eth31	4859	455537192
1787676768.957458839	s4-eth32	1682	5515
1787676768.957458839	s4-eth33	1772	5515
1787676768.957458839	s4-eth34	1522	5625
1787676768.957458839	s4-eth4	1772	5465
1787676768.957458839	s4-eth5	1682	5515
1787676768.957458839	s4-eth6	1682	5515
1787676768.957458839	s4-eth7	4480	449373938
1787676768.957458839	s4-eth8	1682	5515
1787676768.957458839	s4-eth9	1682	5535
1787676768.957458839	s5-eth1	6131913439	54475
1787676768.957458839	s5-eth2	1460314610	2907432196
1787676768.957458839	s5-eth3	54870	30002
1787676768.957458839	s5-eth4	30913	4579853136
1787676768.957458839	s6-eth1	30002	30135
1787676768.957458839	s6-eth2	30002	27566
1787676768.957458839	s6-eth3	30002	30029
1787676768.957458839	s6-eth4	30941	30029
1787676768.957458839	s7-eth1	1241927217	3078651235
1787676768.957458839	s7-eth2	54434	2681950706
1787676768.957458839	s7-eth3	30029	54827
1787676768.957458839	s7-eth4	4551077387	30029
1787676768.957458839	s8-eth1	29959	27320
1787676768.957458839	s8-eth2	30029	30029
1787676768.957458839	s8-eth3	30029	27593
1787676768.957458839	s8-eth4	30941	29959
1787676768.957458839	s9-eth1	30029	54897
1787676768.957458839	s9-eth2	30029	30029
1787676768.957458839	s9-eth3	54827	30029
1787676768.957458839	s9-eth4	27593	30029
1787676775.865514557	s10-eth1	4596685629	30941
1787676775.865514557	s10-eth2	30029	30941
1787676775.865514557	s10-eth3	30029	4565964595
1787676775.865514557	s10-eth4	29959	30941
1787676775.865514557	s1-eth1	54502	6158449150
1787676775.865514557	s1-eth10	1702	5555
1787676775.865514557	s1-eth11	458229970	8719
1787676775.865514557	s1-eth12	1682	5555
1787676775.865514557	s1-eth13	1772	5625
1787676775.865514557	s1-eth14	1772	5625
1787676775.865514557	s1-eth15	458277544	8697
1787676775.865514557	s1-eth16	1702	5625
1787676775.865514557	s1-eth17	1702	5535
1787676775.865514557	s1-eth18	1772	5625
1787676775.865514557	s1-eth19	1833259386	8689
1787676775.865514557	s1-eth2	30162	30029
1787676775.865514557	s1-eth20	1612	5394
1787676775.865514557	s1-eth21	1702	5625
1787676775.865514557	s1-eth22	1772	5625
1787676775.865514557	s1-eth23	239524206	8002
1787676775.865514557	s1-eth24	1702	5535
1787676775.865514557	s1-eth25	1772	5625
1787676775.865514557	s1-eth26	1772	5535
1787676775.865514557	s1-eth27	458447541	8729
1787676775.865514557	s1-eth28	1772	5625
1787676775.865514557	s1-eth29	1772	5625
1787676775.865514557	s1-eth3	1833872045	8754
1787676775.865514557	s1-eth30	1612	5535
1787676775.865514557	s1-eth31	458496740	8728
1787676775.865514557	s1-eth32	1682	5535
1787676775.865514557	s1-eth33	1772	5625
1787676775.865514557	s1-eth34	1772	5535
1787676775.865514557	s1-eth4	1898	5731
1787676775.865514557	s1-eth5	1772	5304
1787676775.865514557	s1-eth6	1772	5625
1787676775.865514557	s1-eth7	458597967	8781
1787676775.865514557	s1-eth8	1612	5625
1787676775.865514557	s1-eth9	1772	5535
1787676775.865514557	s2-eth1	2921935859	1467742379
1787676775.865514557	s2-eth10	1682	5575
1787676775.865514557	s2-eth11	458687082	8626
1787676775.865514557	s2-eth12	1682	5465
1787676775.865514557	s2-eth13	1772	5394
1787676775.865514557	s2-eth14	1772	5625
1787676775.865514557	s2-eth15	458756341	8717
1787676775.865514557	s2-eth16	1772	5535
1787676775.865514557	s2-eth17	1682	5625
1787676775.865514557	s2-eth18	1772	5535
1787676775.865514557	s2-eth19	4906	1784458511
1787676775.865514557	s2-eth2	27593	30029
1787676775.865514557	s2-eth20	1702	5535
1787676775.865514557	s2-eth21	1612	5555
1787676775.865514557	s2-eth22	1682	5535
1787676775.865514557	s2-eth23	4149	234969761
1787676775.865514557	s2-eth24	1772	5515
1787676775.865514557	s2-eth25	1682	5625
1787676775.865514557	s2-eth26	1772	5535
1787676775.865514557	s2-eth27	4876	449539994
1787676775.865514557	s2-eth28	1772	5465
1787676775.865514557	s2-eth29	1612	5535
1787676775.865514557	s2-eth3	91816322	8777
1787676775.865514557	s2-eth30	1772	5515
1787676775.865514557	s2-eth31	4695	449503865
1787676775.865514557	s2-eth32	1522	5645
1787676775.865514557	s2-eth33	1682	5625
1787676775.865514557	s2-eth34	1682	5535
1787676775.865514557	s2-eth4	1772	5625
1787676775.865514557	s2-eth5	1682	5535
1787676775.865514557	s2-eth6	1612	5535
1787676775.865514557	s2-eth7	459175775	8563
1787676775.865514557	s2-eth8	1772	5535
1787676775.865514557	s2-eth9	1772	5535
1787676775.865514557	s3-eth1	3094764143	1250644107
1787676775.865514557	s3-eth10	1682	5535
1787676775.865514557	s3-eth11	4546	442795791
1787676775.865514557	s3-eth12	1682	5625
1787676775.865514557	s3-eth13	1702	5625
1787676775.865514557	s3-eth14	1772	5625
1787676775.865514557	s3-eth15	4934	442919705
1787676775.865514557	s3-eth16	1522	5535
1787676775.865514557	s3-eth17	1772	5625
1787676775.865514557	s3-eth18	1772	5625
1787676775.865514557	s3-eth19	91894099	8600
1787676775.865514557	s3-eth2	27320	29959
1787676775.865514557	s3-eth20	1682	5535
1787676775.865514557	s3-eth21	1452	5425
1787676775.865514557	s3-eth22	1682	5465
1787676775.865514557	s3-eth23	240701154	7970
1787676775.865514557	s3-eth24	1452	5465
1787676775.865514557	s3-eth25	1682	5555
1787676775.865514557	s3-eth26	1522	5535
1787676775.865514557	s3-eth27	459670643	8770
1787676775.865514557	s3-eth28	1612	5625
1787676775.865514557	s3-eth29	1682	5535
1787676775.865514557	s3-eth3	4705	1758923426
1787676775.865514557	s3-eth30	1682	5535
1787676775.865514557	s3-eth31	459757027	8622
1787676775.865514557	s3-eth32	1772	5535
1787676775.865514557	s3-eth33	1522	5535
1787676775.865514557	s3-eth34	1772	5535
1787676775.865514557	s3-eth4	1682	5625
1787676775.865514557	s3-eth5	1772	5465
1787676775.865514557	s3-eth6	1772	5625
1787676775.865514557	s3-eth7	4998	443668402
1787676775.865514557	s3-eth8	1522	5445
1787676775.865514557	s3-eth9	1772	5535
1787676775.865514557	s4-eth1	2703572081	54461
1787676775.865514557	s4-eth10	1682	5515
1787676775.865514557	s4-eth11	4543	452954569
1787676775.865514557	s4-eth12	1522	5585
1787676775.865514557	s4-eth13	1772	5535
1787676775.865514557	s4-eth14	1522	5465
1787676775.865514557	s4-eth15	4614	452964776
1787676775.865514557	s4-eth16	1682	5535
1787676775.865514557	s4-eth17	1612	5445
1787676775.865514557	s4-eth18	1682	5515
1787676775.865514557	s4-eth19	4767	91975730
1787676775.865514557	s4-eth2	30056	30056
1787676775.865514557	s4-eth20	1702	5585
1787676775.865514557	s4-eth21	1522	5535
1787676775.865514557	s4-eth22	1702	5585
1787676775.865514557	s4-eth23	4157	241186525
1787676775.865514557	s4-eth24	1452	5625
1787676775.865514557	s4-eth25	1682	5515
1787676775.865514557	s4-eth26	1522	5515
1787676775.865514557	s4-eth27	4757	459765412
1787676775.865514557	s4-eth28	1612	5465
1787676775.865514557	s4-eth29	1452	5535
1787676775.865514557	s4-eth3	4674	90627555
1787676775.865514557	s4-eth30	1522	5515
1787676775.865514557	s4-eth31	4859	459782440
1787676775.865514557	s4-eth32	1682	5515
1787676775.865514557	s4-eth33	1772	5515
1787676775.865514557	s4-eth34	1522	5625
1787676775.865514557	s4-eth4	1772	5465
1787676775.865514557	s4-eth5	1682	5515
1787676775.865514557	s4-eth6	1682	5515
1787676775.865514557	s4-eth7	4480	453264454
1787676775.865514557	s4-eth8	1682	5515
1787676775.865514557	s4-eth9	1682	5535
1787676775.865514557	s5-eth1	6183753393	54529
1787676775.865514557	s5-eth2	1472910534	2930393216
1787676775.865514557	s5-eth3	54924	30056
1787676775.865514557	s5-eth4	30969	4614883696
1787676775.865514557	s6-eth1	30056	30189
1787676775.865514557	s6-eth2	30056	27620
1787676775.865514557	s6-eth3	30056	30056
1787676775.865514557	s6-eth4	30969	30056
1787676775.865514557	s7-eth1	1254106376	3099741954
1787676775.865514557	s7-eth2	54461	2705812949
1787676775.865514557	s7-eth3	30056	54854
1787676775.865514557	s7-eth4	4584419339	30056
1787676775.865514557	s8-eth1	29986	27347
1787676775.865514557	s8-eth2	30056	30056
1787676775.865514557	s8-eth3	30056	27620
1787676775.865514557	s8-eth4	30969	29986
1787676775.865514557	s9-eth1	30056	54924
1787676775.865514557	s9-eth2	30056	30056
1787676775.865514557	s9-eth3	54854	30056
1787676775.865514557	s9-eth4	27620	30056
1787676781.602843782	s10-eth1	4631049958	30969
1787676781.602843782	s10-eth2	30056	30969
1787676781.602843782	s10-eth3	30056	4599755009
1787676781.602843782	s10-eth4	29986	30969
1787676781.602843782	s1-eth1	54529	6207748273
1787676781.602843782	s1-eth10	1702	5555
1787676781.602843782	s1-eth11	461969076	8719
1787676781.602843782	s1-eth12	1682	5555
1787676781.602843782	s1-eth13	1772	5625
1787676781.602843782	s1-eth14	1772	5625
1787676781.602843782	s1-eth15	462031070	8697
1787676781.602843782	s1-eth16	1702	5625
1787676781.602843782	s1-eth17	1702	5535
1787676781.602843782	s1-eth18	1772	5625
1787676781.602843782	s1-eth19	1848323960	8689
1787676781.602843782	s1-eth2	30189	30056
1787676781.602843782	s1-eth20	1612	5394
1787676781.602843782	s1-eth21	1702	5625
1787676781.602843782	s1-eth22	1772	5625
1787676781.602843782	s1-eth23	243286384	8002
1787676781.602843782	s1-eth24	1702	5535
1787676781.602843782	s1-eth25	1772	5625
1787676781.602843782	s1-eth26	1772	5535
1787676781.602843782	s1-eth27	462185205	8729
1787676781.602843782	s1-eth28	1772	5625
1787676781.602843782	s1-eth29	1772	5625
1787676781.602843782	s1-eth3	1848796745	8754
1787676781.602843782	s1-eth30	1612	5535
1787676781.602843782	s1-eth31	462215658	8728
1787676781.602843782	s1-eth32	1682	5535
1787676781.602843782	s1-eth33	1772	5625
1787676781.602843782	s1-eth34	1772	5535
1787676781.602843782	s1-eth4	1898	5731
1787676781.602843782	s1-eth5	1772	5304
1787676781.602843782	s1-eth6	1772	5625
1787676781.602843782	s1-eth7	462260647	8781
1787676781.602843782	s1-eth8	1612	5625
1787676781.602843782	s1-eth9	1772	5535
1787676781.602843782	s2-eth1	2944246510	1479375020
1787676781.602843782	s2-eth10	1682	5575
1787676781.602843782	s2-eth11	462310828	8626
1787676781.602843782	s2-eth12	1682	5465
1787676781.602843782	s2-eth13	1772	5394
1787676781.602843782	s2-eth14	1772	5625
1787676781.602843782	s2-eth15	462354131	8717
1787676781.602843782	s2-eth16	1772	5535
1787676781.602843782	s2-eth17	1682	5625
1787676781.602843782	s2-eth18	1772	5535
1787676781.602843782	s2-eth19	4906	1796689555
1787676781.602843782	s2-eth2	27620	30056
1787676781.602843782	s2-eth20	1702	5535
1787676781.602843782	s2-eth21	1612	5555
1787676781.602843782	s2-eth22	1682	5535
1787676781.602843782	s2-eth23	4149	238090249
1787676781.602843782	s2-eth24	1772	5515
1787676781.602843782	s2-eth25	1682	5625
1787676781.602843782	s2-eth26	1772	5535
1787676781.602843782	s2-eth27	4876	452676344
1787676781.602843782	s2-eth28	1772	5465
1787676781.602843782	s2-eth29	1612	5535
1787676781.602843782	s2-eth3	92532996	8777
1787676781.602843782	s2-eth30	1772	5515
1787676781.602843782	s2-eth31	4695	452680591
1787676781.602843782	s2-eth32	1522	5645
1787676781.602843782	s2-eth33	1682	5625
1787676781.602843782	s2-eth34	1682	5535
1787676781.602843782	s2-eth4	1772	5625
1787676781.602843782	s2-eth5	1682	5535
1787676781.602843782	s2-eth6	1612	5535
1787676781.602843782	s2-eth7	462698581	8563
1787676781.602843782	s2-eth8	1772	5535
1787676781.602843782	s2-eth9	1772	5535
1787676781.602843782	s3-eth1	3115911100	1261787910
1787676781.602843782	s3-eth10	1682	5535
1787676781.602843782	s3-eth11	4546	445792267
1787676781.602843782	s3-eth12	1682	5625
1787676781.602843782	s3-eth13	1702	5625
1787676781.602843782	s3-eth14	1772	5625
1787676781.602843782	s3-eth15	4934	445872921
1787676781.602843782	s3-eth16	1522	5535
1787676781.602843782	s3-eth17	1772	5625
1787676781.602843782	s3-eth18	1772	5625
1787676781.602843782	s3-eth19	92557419	8600
1787676781.602843782	s3-eth2	27347	29986
1787676781.602843782	s3-eth20	1682	5535
1787676781.602843782	s3-eth21	1452	5425
1787676781.602843782	s3-eth22	1682	5465
1787676781.602843782	s3-eth23	243896626	7970
1787676781.602843782	s3-eth24	1452	5465
1787676781.602843782	s3-eth25	1682	5555
1787676781.602843782	s3-eth26	1522	5535
1787676781.602843782	s3-eth27	462812761	8770
1787676781.602843782	s3-eth28	1612	5625
1787676781.602843782	s3-eth29	1682	5535
1787676781.602843782	s3-eth3	4705	1770106136
1787676781.602843782	s3-eth30	1682	5535
1787676781.602843782	s3-eth31	462891935	8622
1787676781.602843782	s3-eth32	1772	5535
1787676781.602843782	s3-eth33	1522	5535
1787676781.602843782	s3-eth34	1772	5535
1787676781.602843782	s3-eth4	1682	5625
1787676781.602843782	s3-eth5	1772	5465
1787676781.602843782	s3-eth6	1772	5625
1787676781.602843782	s3-eth7	4998	446535098
1787676781.602843782	s3-eth8	1522	5445
1787676781.602843782	s3-eth9	1772	5535
1787676781.602843782	s4-eth1	2722991522	54488
1787676781.602843782	s4-eth10	1682	5515
1787676781.602843782	s4-eth11	4543	455916437
1787676781.602843782	s4-eth12	1522	5585
1787676781.602843782	s4-eth13	1772	5535
1787676781.602843782	s4-eth14	1522	5465
1787676781.602843782	s4-eth15	4614	455922318
1787676781.602843782	s4-eth16	1682	5535
1787676781.602843782	s4-eth17	1612	5445
1787676781.602843782	s4-eth18	1682	5515
1787676781.602843782	s4-eth19	4767	92587138
1787676781.602843782	s4-eth2	30083	30083
1787676781.602843782	s4-eth20	1702	5585
1787676781.602843782	s4-eth21	1522	5535
1787676781.602843782	s4-eth22	1702	5585
1787676781.602843782	s4-eth23	4157	244347389
1787676781.602843782	s4-eth24	1452	5625
1787676781.602843782	s4-eth25	1682	5515
1787676781.602843782	s4-eth26	1522	5515
1787676781.602843782	s4-eth27	4757	463025774
1787676781.602843782	s4-eth28	1612	5465
1787676781.602843782	s4-eth29	1452	5535
1787676781.602843782	s4-eth3	4674	91280781
1787676781.602843782	s4-eth30	1522	5515
1787676781.602843782	s4-eth31	4859	463136532
1787676781.602843782	s4-eth32	1682	5515
1787676781.602843782	s4-eth33	1772	5515
1787676781.602843782	s4-eth34	1522	5625
1787676781.602843782	s4-eth4	1772	5465
1787676781.602843782	s4-eth5	1682	5515
1787676781.602843782	s4-eth6	1682	5515
1787676781.602843782	s4-eth7	4480	456761304
1787676781.602843782	s4-eth8	1682	5515
1787676781.602843782	s4-eth9	1682	5535
1787676781.602843782	s5-eth1	6233206810	54556
1787676781.602843782	s5-eth2	1484622485	2953049947
1787676781.602843782	s5-eth3	54951	30083
1787676781.602843782	s5-eth4	30997	4649534983
1787676781.602843782	s6-eth1	30083	30216
1787676781.602843782	s6-eth2	30083	27647
1787676781.602843782	s6-eth3	30083	30083
1787676781.602843782	s6-eth4	30997	30083
1787676781.602843782	s7-eth1	1266041837	3122046837
1787676781.602843782	s7-eth2	54488	2729473312
1787676781.602843782	s7-eth3	30083	54881
1787676781.602843782	s7-eth4	4618516899	30083
1787676781.602843782	s8-eth1	30013	27374
1787676781.602843782	s8-eth2	30083	30083
1787676781.602843782	s8-eth3	30083	27647
1787676781.602843782	s8-eth4	30997	30013
1787676781.602843782	s9-eth1	30083	54951
1787676781.602843782	s9-eth2	30083	30083
1787676781.602843782	s9-eth3	54881	30083
1787676781.602843782	s9-eth4	27647	30083
1787676787.212870843	s10-eth1	4662743703	30997
1787676787.212870843	s10-eth2	30083	30997
1787676787.212870843	s10-eth3	30083	4630456659
1787676787.212870843	s10-eth4	30013	30997
1787676787.212870843	s1-eth1	54556	6254164838
1787676787.212870843	s1-eth10	1702	5555
1787676787.212870843	s1-eth11	465510628	8719
1787676787.212870843	s1-eth12	1682	5555
1787676787.212870843	s1-eth13	1772	5625
1787676787.212870843	s1-eth14	1772	5625
1787676787.212870843	s1-eth15	465529362	8697
1787676787.212870843	s1-eth16	1702	5625
1787676787.212870843	s1-eth17	1702	5535
1787676787.212870843	s1-eth18	1772	5625
1787676787.212870843	s1-eth19	1862164276	8689
1787676787.212870843	s1-eth2	30216	30083
1787676787.212870843	s1-eth20	1612	5394
1787676787.212870843	s1-eth21	1702	5625
1787676787.212870843	s1-eth22	1772	5625
1787676787.212870843	s1-eth23	246695272	8002
1787676787.212870843	s1-eth24	1702	5535
1787676787.212870843	s1-eth25	1772	5625
1787676787.212870843	s1-eth26	1772	5535
1787676787.212870843	s1-eth27	465588325	8729
1787676787.212870843	s1-eth28	1772	5625
1787676787.212870843	s1-eth29	1772	5625
1787676787.212870843	s1-eth3	1862386153	8754
1787676787.212870843	s1-eth30	1612	5535
1787676787.212870843	s1-eth31	465610126	8728
1787676787.212870843	s1-eth32	1682	5535
1787676787.212870843	s1-eth33	1772	5625
1787676787.212870843	s1-eth34	1772	5535
1787676787.212870843	s1-eth4	1898	5731
1787676787.212870843	s1-eth5	1772	5304
1787676787.212870843	s1-eth6	1772	5625
1787676787.212870843	s1-eth7	465636369	8781
1787676787.212870843	s1-eth8	1612	5625
1787676787.212870843	s1-eth9	1772	5535
1787676787.212870843	s2-eth1	2962450345	1490136693
1787676787.212870843	s2-eth10	1682	5575
1787676787.212870843	s2-eth11	465662036	8626
1787676787.212870843	s2-eth12	1682	5465
1787676787.212870843	s2-eth13	1772	5394
1787676787.212870843	s2-eth14	1772	5625
1787676787.212870843	s2-eth15	465676499	8717
1787676787.212870843	s2-eth16	1772	5535
1787676787.212870843	s2-eth17	1682	5625
1787676787.212870843	s2-eth18	1772	5535
1787676787.212870843	s2-eth19	4906	1806512459
1787676787.212870843	s2-eth2	27647	30083
1787676787.212870843	s2-eth20	1702	5535
1787676787.212870843	s2-eth21	1612	5555
1787676787.212870843	s2-eth22	1682	5535
1787676787.212870843	s2-eth23	4149	240648357
1787676787.212870843	s2-eth24	1772	5515
1787676787.212870843	s2-eth25	1682	5625
1787676787.212870843	s2-eth26	1772	5535
1787676787.212870843	s2-eth27	4876	455145048
1787676787.212870843	s2-eth28	1772	5465
1787676787.212870843	s2-eth29	1612	5535
1787676787.212870843	s2-eth3	93157382	8777
1787676787.212870843	s2-eth30	1772	5515
1787676787.212870843	s2-eth31	4695	455057007
1787676787.212870843	s2-eth32	1522	5645
1787676787.212870843	s2-eth33	1682	5625
1787676787.212870843	s2-eth34	1682	5535
1787676787.212870843	s2-eth4	1772	5625
1787676787.212870843	s2-eth5	1682	5535
1787676787.212870843	s2-eth6	1612	5535
1787676787.212870843	s2-eth7	465793113	8563
1787676787.212870843	s2-eth8	1772	5535
1787676787.212870843	s2-eth9	1772	5535
1787676787.212870843	s3-eth1	3131885603	1271707455
1787676787.212870843	s3-eth10	1682	5535
1787676787.212870843	s3-eth11	4546	448152821
1787676787.212870843	s3-eth12	1682	5625
1787676787.212870843	s3-eth13	1702	5625
1787676787.212870843	s3-eth14	1772	5625
1787676787.212870843	s3-eth15	4934	448221939
1787676787.212870843	s3-eth16	1522	5535
1787676787.212870843	s3-eth17	1772	5625
1787676787.212870843	s3-eth18	1772	5625
1787676787.212870843	s3-eth19	93178921	8600
1787676787.212870843	s3-eth2	27374	30013
1787676787.212870843	s3-eth20	1682	5535
1787676787.212870843	s3-eth21	1452	5425
1787676787.212870843	s3-eth22	1682	5465
1787676787.212870843	s3-eth23	247004136	7970
1787676787.212870843	s3-eth24	1452	5465
1787676787.212870843	s3-eth25	1682	5555
1787676787.212870843	s3-eth26	1522	5535
1787676787.212870843	s3-eth27	465895757	8770
1787676787.212870843	s3-eth28	1612	5625
1787676787.212870843	s3-eth29	1682	5535
1787676787.212870843	s3-eth3	4705	1778879264
1787676787.212870843	s3-eth30	1682	5535
1787676787.212870843	s3-eth31	465918693	8622
1787676787.212870843	s3-eth32	1772	5535
1787676787.212870843	s3-eth33	1522	5535
1787676787.212870843	s3-eth34	1772	5535
1787676787.212870843	s3-eth4	1682	5625
1787676787.212870843	s3-eth5	1772	5465
1787676787.212870843	s3-eth6	1772	5625
1787676787.212870843	s3-eth7	4998	448731264
1787676787.212870843	s3-eth8	1522	5445
1787676787.212870843	s3-eth9	1772	5535
1787676787.212870843	s4-eth1	2741294828	54488
1787676787.212870843	s4-eth10	1682	5515
1787676787.212870843	s4-eth11	4543	458654795
1787676787.212870843	s4-eth12	1522	5585
1787676787.212870843	s4-eth13	1772	5535
1787676787.212870843	s4-eth14	1522	5465
1787676787.212870843	s4-eth15	4614	458598670
1787676787.212870843	s4-eth16	1682	5535
1787676787.212870843	s4-eth17	1612	5445
1787676787.212870843	s4-eth18	1682	5515
1787676787.212870843	s4-eth19	4767	93143750
1787676787.212870843	s4-eth2	30083	30083
1787676787.212870843	s4-eth20	1702	5585
1787676787.212870843	s4-eth21	1522	5535
1787676787.212870843	s4-eth22	1702	5585
1787676787.212870843	s4-eth23	4157	247147753
1787676787.212870843	s4-eth24	1452	5625
1787676787.212870843	s4-eth25	1682	5515
1787676787.212870843	s4-eth26	1522	5515
1787676787.212870843	s4-eth27	4757	465800182
1787676787.212870843	s4-eth28	1612	5465
1787676787.212870843	s4-eth29	1452	5535
1787676787.212870843	s4-eth3	4674	91809995
1787676787.212870843	s4-eth30	1522	5515
1787676787.212870843	s4-eth31	4859	465831630
1787676787.212870843	s4-eth32	1682	5515
1787676787.212870843	s4-eth33	1772	5515
1787676787.212870843	s4-eth34	1522	5625
1787676787.212870843	s4-eth4	1772	5465
1787676787.212870843	s4-eth5	1682	5515
1787676787.212870843	s4-eth6	1682	5515
1787676787.212870843	s4-eth7	4480	459165118
1787676787.212870843	s4-eth8	1682	5515
1787676787.212870843	s4-eth9	1682	5535
1787676787.212870843	s5-eth1	6265699423	54583
1787676787.212870843	s5-eth2	1492379030	2967128220
1787676787.212870843	s5-eth3	54978	30110
1787676787.212870843	s5-eth4	31025	4671421686
1787676787.212870843	s6-eth1	30110	30243
1787676787.212870843	s6-eth2	30110	27674
1787676787.212870843	s6-eth3	30110	30110
1787676787.212870843	s6-eth4	31025	30110
1787676787.212870843	s7-eth1	1273570546	3135480536
1787676787.212870843	s7-eth2	54515	2744069263
1787676787.212870843	s7-eth3	30110	54908
1787676787.212870843	s7-eth4	4639175019	30110
1787676787.212870843	s8-eth1	30040	27401
1787676787.212870843	s8-eth2	30110	30110
1787676787.212870843	s8-eth3	30110	27674
1787676787.212870843	s8-eth4	31025	30040
1787676787.212870843	s9-eth1	30110	54978
1787676787.212870843	s9-eth2	30110	30110
1787676787.212870843	s9-eth3	54908	30110
1787676787.212870843	s9-eth4	27674	30110
1787676790.795384072	s10-eth1	4685763818	31025
1787676790.795384072	s10-eth2	30110	31025
1787676790.795384072	s10-eth3	30110	4653292199
1787676790.795384072	s10-eth4	30040	31025
1787676790.795384072	s1-eth1	54583	6286432499
1787676790.795384072	s1-eth10	1702	5555
1787676790.795384072	s1-eth11	467848110	8719
1787676790.795384072	s1-eth12	1682	5555
1787676790.795384072	s1-eth13	1772	5625
1787676790.795384072	s1-eth14	1772	5625
1787676790.795384072	s1-eth15	467907220	8697
1787676790.795384072	s1-eth16	1702	5625
1787676790.795384072	s1-eth17	1702	5535
1787676790.795384072	s1-eth18	1772	5625
1787676790.795384072	s1-eth19	1871772322	8689
1787676790.795384072	s1-eth2	30243	30110
1787676790.795384072	s1-eth20	1612	5394
1787676790.795384072	s1-eth21	1702	5625
1787676790.795384072	s1-eth22	1772	5625
1787676790.795384072	s1-eth23	249119274	8002
1787676790.795384072	s1-eth24	1702	5535
1787676790.795384072	s1-eth25	1772	5625
1787676790.795384072	s1-eth26	1772	5535
1787676790.795384072	s1-eth27	468051261	8729
1787676790.795384072	s1-eth28	1772	5625
1787676790.795384072	s1-eth29	1772	5625
1787676790.795384072	s1-eth3	1872337395	8754
1787676790.795384072	s1-eth30	1612	5535
1787676790.795384072	s1-eth31	468117764	8728
1787676790.795384072	s1-eth32	1682	5535
1787676790.795384072	s1-eth33	1772	5625
1787676790.795384072	s1-eth34	1772	5535
1787676790.795384072	s1-eth4	1898	5731
1787676790.795384072	s1-eth5	1772	5304
1787676790.795384072	s1-eth6	1772	5625
1787676790.795384072	s1-eth7	468184383	8781
1787676790.795384072	s1-eth8	1612	5625
1787676790.795384072	s1-eth9	1772	5535
1787676790.795384072	s2-eth1	2979967788	1498327280
1787676790.795384072	s2-eth10	1682	5575
1787676790.795384072	s2-eth11	468230238	8626
1787676790.795384072	s2-eth12	1682	5465
1787676790.795384072	s2-eth13	1772	5394
1787676790.795384072	s2-eth14	1772	5625
1787676790.795384072	s2-eth15	468277867	8717
1787676790.795384072	s2-eth16	1772	5535
1787676790.795384072	s2-eth17	1682	5625
1787676790.795384072	s2-eth18	1772	5535
1787676790.795384072	s2-eth19	4906	1816583387
1787676790.795384072	s2-eth2	27674	30110
1787676790.795384072	s2-eth20	1702	5535
1787676790.795384072	s2-eth21	1612	5555
1787676790.795384072	s2-eth22	1682	5535
1787676790.795384072	s2-eth23	4149	243206465
1787676790.795384072	s2-eth24	1772	5515
1787676790.795384072	s2-eth25	1682	5625
1787676790.795384072	s2-eth26	1772	5535
1787676790.795384072	s2-eth27	4876	457703156
1787676790.795384072	s2-eth28	1772	5465
1787676790.795384072	s2-eth29	1612	5535
1787676790.795384072	s2-eth3	93683712	8777
1787676790.795384072	s2-eth30	1772	5515
1787676790.795384072	s2-eth31	4695	457615115
1787676790.795384072	s2-eth32	1522	5645
1787676790.795384072	s2-eth33	1682	5625
1787676790.795384072	s2-eth34	1682	5535
1787676790.795384072	s2-eth4	1772	5625
1787676790.795384072	s2-eth5	1682	5535
1787676790.795384072	s2-eth6	1612	5535
1787676790.795384072	s2-eth7	468424763	8563
1787676790.795384072	s2-eth8	1772	5535
1787676790.795384072	s2-eth9	1772	5535
1787676790.795384072	s3-eth1	3149623672	1280143182
1787676790.795384072	s3-eth10	1682	5535
1787676790.795384072	s3-eth11	4546	450663343
1787676790.795384072	s3-eth12	1682	5625
1787676790.795384072	s3-eth13	1702	5625
1787676790.795384072	s3-eth14	1772	5625
1787676790.795384072	s3-eth15	4934	450759859
1787676790.795384072	s3-eth16	1522	5535
1787676790.795384072	s3-eth17	1772	5625
1787676790.795384072	s3-eth18	1772	5625
1787676790.795384072	s3-eth19	93705251	8600
1787676790.795384072	s3-eth2	27401	30040
1787676790.795384072	s3-eth20	1682	5535
1787676790.795384072	s3-eth21	1452	5425
1787676790.795384072	s3-eth22	1682	5465
1787676790.795384072	s3-eth23	249634344	7970
1787676790.795384072	s3-eth24	1452	5465
1787676790.795384072	s3-eth25	1682	5555
1787676790.795384072	s3-eth26	1522	5535
1787676790.795384072	s3-eth27	468527407	8770
1787676790.795384072	s3-eth28	1612	5625
1787676790.795384072	s3-eth29	1682	5535
1787676790.795384072	s3-eth3	4705	1789015082
1787676790.795384072	s3-eth30	1682	5535
1787676790.795384072	s3-eth31	468544575	8622
1787676790.795384072	s3-eth32	1772	5535
1787676790.795384072	s3-eth33	1522	5535
1787676790.795384072	s3-eth34	1772	5535
1787676790.795384072	s3-eth4	1682	5625
1787676790.795384072	s3-eth5	1772	5465
1787676790.795384072	s3-eth6	1772	5625
1787676790.795384072	s3-eth7	4998	451266300
1787676790.795384072	s3-eth8	1522	5445
1787676790.795384072	s3-eth9	1772	5535
1787676790.795384072	s4-eth1	2757987447	54515
1787676790.795384072	s4-eth10	1682	5515
1787676790.795384072	s4-eth11	4543	461260489
1787676790.795384072	s4-eth12	1522	5585
1787676790.795384072	s4-eth13	1772	5535
1787676790.795384072	s4-eth14	1522	5465
1787676790.795384072	s4-eth15	4614	461207248
1787676790.795384072	s4-eth16	1682	5535
1787676790.795384072	s4-eth17	1612	5445
1787676790.795384072	s4-eth18	1682	5515
1787676790.795384072	s4-eth19	4767	93659986
1787676790.795384072	s4-eth2	30110	30110
1787676790.795384072	s4-eth20	1702	5585
1787676790.795384072	s4-eth21	1522	5535
1787676790.795384072	s4-eth22	1702	5585
1787676790.795384072	s4-eth23	4157	249645297
1787676790.795384072	s4-eth24	1452	5625
1787676790.795384072	s4-eth25	1682	5515
1787676790.795384072	s4-eth26	1522	5515
1787676790.795384072	s4-eth27	4757	468253024
1787676790.795384072	s4-eth28	1612	5465
1787676790.795384072	s4-eth29	1452	5535
1787676790.795384072	s4-eth3	4674	92295949
1787676790.795384072	s4-eth30	1522	5515
1787676790.795384072	s4-eth31	4859	468293124
1787676790.795384072	s4-eth32	1682	5515
1787676790.795384072	s4-eth33	1772	5515
1787676790.795384072	s4-eth34	1522	5625
1787676790.795384072	s4-eth4	1772	5465
1787676790.795384072	s4-eth5	1682	5515
1787676790.795384072	s4-eth6	1682	5515
1787676790.795384072	s4-eth7	4480	461675640
1787676790.795384072	s4-eth8	1682	5515
1787676790.795384072	s4-eth9	1682	5535
1787676790.795384072	s5-eth1	6301622527	54583
1787676790.795384072	s5-eth2	1500634480	2985076794
1787676790.795384072	s5-eth3	54978	30110
1787676790.795384072	s5-eth4	31025	4697756932
1787676790.795384072	s6-eth1	30110	30243
1787676790.795384072	s6-eth2	30110	27674
1787676790.795384072	s6-eth3	30110	30110
1787676790.795384072	s6-eth4	31025	30110
1787676790.795384072	s7-eth1	1281962986	3153626664
1787676790.795384072	s7-eth2	54515	2760855585
1787676790.795384072	s7-eth3	30110	54908
1787676790.795384072	s7-eth4	4665905373	30110
1787676790.795384072	s8-eth1	30040	27401
1787676790.795384072	s8-eth2	30110	30110
1787676790.795384072	s8-eth3	30110	27674
1787676790.795384072	s8-eth4	31025	30040
1787676790.795384072	s9-eth1	30110	54978
1787676790.795384072	s9-eth2	30110	30110
1787676790.795384072	s9-eth3	54908	30110
1787676790.795384072	s9-eth4	27674	30110
1787676794.939930614	s10-eth1	4712846047	31053
1787676794.939930614	s10-eth2	30137	31053
1787676794.939930614	s10-eth3	30137	4680283583
1787676794.939930614	s10-eth4	30067	31053
1787676794.939930614	s1-eth1	54610	6323418384
1787676794.939930614	s1-eth10	1702	5555
1787676794.939930614	s1-eth11	470481202	8719
1787676794.939930614	s1-eth12	1682	5555
1787676794.939930614	s1-eth13	1772	5625
1787676794.939930614	s1-eth14	1772	5625
1787676794.939930614	s1-eth15	470514356	8697
1787676794.939930614	s1-eth16	1702	5625
1787676794.939930614	s1-eth17	1702	5535
1787676794.939930614	s1-eth18	1772	5625
1787676794.939930614	s1-eth19	1882216728	8689
1787676794.939930614	s1-eth2	30270	30137
1787676794.939930614	s1-eth20	1612	5394
1787676794.939930614	s1-eth21	1702	5625
1787676794.939930614	s1-eth22	1772	5625
1787676794.939930614	s1-eth23	251729294	8002
1787676794.939930614	s1-eth24	1702	5535
1787676794.939930614	s1-eth25	1772	5625
1787676794.939930614	s1-eth26	1772	5535
1787676794.939930614	s1-eth27	470638209	8729
1787676794.939930614	s1-eth28	1772	5625
1787676794.939930614	s1-eth29	1772	5625
1787676794.939930614	s1-eth3	1882623181	8754
1787676794.939930614	s1-eth30	1612	5535
1787676794.939930614	s1-eth31	470685966	8728
1787676794.939930614	s1-eth32	1682	5535
1787676794.939930614	s1-eth33	1772	5625
1787676794.939930614	s1-eth34	1772	5535
1787676794.939930614	s1-eth4	1898	5731
1787676794.939930614	s1-eth5	1772	5304
1787676794.939930614	s1-eth6	1772	5625
1787676794.939930614	s1-eth7	470745375	8781
1787676794.939930614	s1-eth8	1612	5625
1787676794.939930614	s1-eth9	1772	5535
1787676794.939930614	s2-eth1	2997916389	1506626017
1787676794.939930614	s2-eth10	1682	5575
1787676794.939930614	s2-eth11	470840258	8626
1787676794.939930614	s2-eth12	1682	5465
1787676794.939930614	s2-eth13	1772	5394
1787676794.939930614	s2-eth14	1772	5625
1787676794.939930614	s2-eth15	470922495	8717
1787676794.939930614	s2-eth16	1772	5535
1787676794.939930614	s2-eth17	1682	5625
1787676794.939930614	s2-eth18	1772	5535
1787676794.939930614	s2-eth19	4906	1827029235
1787676794.939930614	s2-eth2	27701	30137
1787676794.939930614	s2-eth20	1702	5535
1787676794.939930614	s2-eth21	1612	5555
1787676794.939930614	s2-eth22	1682	5535
1787676794.939930614	s2-eth23	4149	245888585
1787676794.939930614	s2-eth24	1772	5515
1787676794.939930614	s2-eth25	1682	5625
1787676794.939930614	s2-eth26	1772	5535
1787676794.939930614	s2-eth27	4876	460405464
1787676794.939930614	s2-eth28	1772	5465
1787676794.939930614	s2-eth29	1612	5535
1787676794.939930614	s2-eth3	94240324	8777
1787676794.939930614	s2-eth30	1772	5515
1787676794.939930614	s2-eth31	4695	460375103
1787676794.939930614	s2-eth32	1522	5645
1787676794.939930614	s2-eth33	1682	5625
1787676794.939930614	s2-eth34	1682	5535
1787676794.939930614	s2-eth4	1772	5625
1787676794.939930614	s2-eth5	1682	5535
1787676794.939930614	s2-eth6	1612	5535
1787676794.939930614	s2-eth7	471305879	8563
1787676794.939930614	s2-eth8	1772	5535
1787676794.939930614	s2-eth9	1772	5535
1787676794.939930614	s3-eth1	3169462735	1289455645
1787676794.939930614	s3-eth10	1682	5535
1787676794.939930614	s3-eth11	4546	453518503
1787676794.939930614	s3-eth12	1682	5625
1787676794.939930614	s3-eth13	1702	5625
1787676794.939930614	s3-eth14	1772	5625
1787676794.939930614	s3-eth15	4934	453640975
1787676794.939930614	s3-eth16	1522	5535
1787676794.939930614	s3-eth17	1772	5625
1787676794.939930614	s3-eth18	1772	5625
1787676794.939930614	s3-eth19	94303681	8600
1787676794.939930614	s3-eth2	27428	30067
1787676794.939930614	s3-eth20	1682	5535
1787676794.939930614	s3-eth21	1452	5425
1787676794.939930614	s3-eth22	1682	5465
1787676794.939930614	s3-eth23	252672638	7970
1787676794.939930614	s3-eth24	1452	5465
1787676794.939930614	s3-eth25	1682	5555
1787676794.939930614	s3-eth26	1522	5535
1787676794.939930614	s3-eth27	471590215	8770
1787676794.939930614	s3-eth28	1612	5625
1787676794.939930614	s3-eth29	1682	5535
1787676794.939930614	s3-eth3	4705	1800999544
1787676794.939930614	s3-eth30	1682	5535
1787676794.939930614	s3-eth31	471643433	8622
1787676794.939930614	s3-eth32	1772	5535
1787676794.939930614	s3-eth33	1522	5535
1787676794.939930614	s3-eth34	1772	5535
1787676794.939930614	s3-eth4	1682	5625
1787676794.939930614	s3-eth5	1772	5465
1787676794.939930614	s3-eth6	1772	5625
1787676794.939930614	s3-eth7	4998	454306036
1787676794.939930614	s3-eth8	1522	5445
1787676794.939930614	s3-eth9	1772	5535
1787676794.939930614	s4-eth1	2777918798	54542
1787676794.939930614	s4-eth10	1682	5515
1787676794.939930614	s4-eth11	4543	464370883
1787676794.939930614	s4-eth12	1522	5585
1787676794.939930614	s4-eth13	1772	5535
1787676794.939930614	s4-eth14	1522	5465
1787676794.939930614	s4-eth15	4614	464360902
1787676794.939930614	s4-eth16	1682	5535
1787676794.939930614	s4-eth17	1612	5445
1787676794.939930614	s4-eth18	1682	5515
1787676794.939930614	s4-eth19	4767	94300234
1787676794.939930614	s4-eth2	30137	30137
1787676794.939930614	s4-eth20	1702	5585
1787676794.939930614	s4-eth21	1522	5535
1787676794.939930614	s4-eth22	1702	5585
1787676794.939930614	s4-eth23	4157	252891239
1787676794.939930614	s4-eth24	1452	5625
1787676794.939930614	s4-eth25	1682	5515
1787676794.939930614	s4-eth26	1522	5515
1787676794.939930614	s4-eth27	4757	471535016
1787676794.939930614	s4-eth28	1612	5465
1787676794.939930614	s4-eth29	1452	5535
1787676794.939930614	s4-eth3	4674	92953501
1787676794.939930614	s4-eth30	1522	5515
1787676794.939930614	s4-eth31	4859	471624144
1787676794.939930614	s4-eth32	1682	5515
1787676794.939930614	s4-eth33	1772	5515
1787676794.939930614	s4-eth34	1522	5625
1787676794.939930614	s4-eth4	1772	5465
1787676794.939930614	s4-eth5	1682	5515
1787676794.939930614	s4-eth6	1682	5515
1787676794.939930614	s4-eth7	4480	465032616
1787676794.939930614	s4-eth8	1682	5515
1787676794.939930614	s4-eth9	1682	5535
1787676794.939930614	s5-eth1	6349051376	54610
1787676794.939930614	s5-eth2	1511423551	3007828697
1787676794.939930614	s5-eth3	55005	30137
1787676794.939930614	s5-eth4	31053	4731307973
1787676794.939930614	s6-eth1	30137	30270
1787676794.939930614	s6-eth2	30137	27701
1787676794.939930614	s6-eth3	30137	30137
1787676794.939930614	s6-eth4	31053	30137
1787676794.939930614	s7-eth1	1292842903	3176620823
1787676794.939930614	s7-eth2	54542	2782590878
1787676794.939930614	s7-eth3	30137	54935
1787676794.939930614	s7-eth4	4699925065	30137
1787676794.939930614	s8-eth1	30067	27428
1787676794.939930614	s8-eth2	30137	30137
1787676794.939930614	s8-eth3	30137	27701
1787676794.939930614	s8-eth4	31053	30067
1787676794.939930614	s9-eth1	30137	55005
1787676794.939930614	s9-eth2	30137	30137
1787676794.939930614	s9-eth3	54935	30137
1787676794.939930614	s9-eth4	27701	30137
1787676800.194536618	s10-eth1	4746617714	31081
1787676800.194536618	s10-eth2	30164	31081
1787676800.194536618	s10-eth3	30164	4713941333
1787676800.194536618	s10-eth4	30094	31081
1787676800.194536618	s1-eth1	54637	6370938079
1787676800.194536618	s1-eth10	1702	5555
1787676800.194536618	s1-eth11	473877112	8719
1787676800.194536618	s1-eth12	1682	5555
1787676800.194536618	s1-eth13	1772	5625
1787676800.194536618	s1-eth14	1772	5625
1787676800.194536618	s1-eth15	473895846	8697
1787676800.194536618	s1-eth16	1702	5625
1787676800.194536618	s1-eth17	1702	5535
1787676800.194536618	s1-eth18	1772	5625
1787676800.194536618	s1-eth19	1895664820	8689
1787676800.194536618	s1-eth2	30297	30164
1787676800.194536618	s1-eth20	1612	5394
1787676800.194536618	s1-eth21	1702	5625
1787676800.194536618	s1-eth22	1772	5625
1787676800.194536618	s1-eth23	255102132	8002
1787676800.194536618	s1-eth24	1702	5535
1787676800.194536618	s1-eth25	1772	5625
1787676800.194536618	s1-eth26	1772	5535
1787676800.194536618	s1-eth27	474031235	8729
1787676800.194536618	s1-eth28	1772	5625
1787676800.194536618	s1-eth29	1772	5625
1787676800.194536618	s1-eth3	1896257291	8754
1787676800.194536618	s1-eth30	1612	5535
1787676800.194536618	s1-eth31	474093412	8728
1787676800.194536618	s1-eth32	1682	5535
1787676800.194536618	s1-eth33	1772	5625
1787676800.194536618	s1-eth34	1772	5535
1787676800.194536618	s1-eth4	1898	5731
1787676800.194536618	s1-eth5	1772	5304
1787676800.194536618	s1-eth6	1772	5625
1787676800.194536618	s1-eth7	474185987	8781
1787676800.194536618	s1-eth8	1612	5625
1787676800.194536618	s1-eth9	1772	5535
1787676800.194536618	s2-eth1	3021106660	1517586686
1787676800.194536618	s2-eth10	1682	5575
1787676800.194536618	s2-eth11	474254914	8626
1787676800.194536618	s2-eth12	1682	5465
1787676800.194536618	s2-eth13	1772	5394
1787676800.194536618	s2-eth14	1772	5625
1787676800.194536618	s2-eth15	474315521	8717
1787676800.194536618	s2-eth16	1772	5535
1787676800.194536618	s2-eth17	1682	5625
1787676800.194536618	s2-eth18	1772	5535
1787676800.194536618	s2-eth19	4906	1840173065
1787676800.194536618	s2-eth2	27728	30164
1787676800.194536618	s2-eth20	1702	5535
1787676800.194536618	s2-eth21	1612	5555
1787676800.194536618	s2-eth22	1682	5535
1787676800.194536618	s2-eth23	4149	249218163
1787676800.194536618	s2-eth24	1772	5515
1787676800.194536618	s2-eth25	1682	5625
1787676800.194536618	s2-eth26	1772	5535
1787676800.194536618	s2-eth27	4876	463735042
1787676800.194536618	s2-eth28	1772	5465
1787676800.194536618	s2-eth29	1612	5535
1787676800.194536618	s2-eth3	94916622	8777
1787676800.194536618	s2-eth30	1772	5515
1787676800.194536618	s2-eth31	4695	463698913
1787676800.194536618	s2-eth32	1522	5645
1787676800.194536618	s2-eth33	1682	5625
1787676800.194536618	s2-eth34	1682	5535
1787676800.194536618	s2-eth4	1772	5625
1787676800.194536618	s2-eth5	1682	5535
1787676800.194536618	s2-eth6	1612	5535
1787676800.194536618	s2-eth7	474672949	8563
1787676800.194536618	s2-eth8	1772	5535
1787676800.194536618	s2-eth9	1772	5535
1787676800.194536618	s3-eth1	3192541972	1300238948
1787676800.194536618	s3-eth10	1682	5535
1787676800.194536618	s3-eth11	4546	456827893
1787676800.194536618	s3-eth12	1682	5625
1787676800.194536618	s3-eth13	1702	5625
1787676800.194536618	s3-eth14	1772	5625
1787676800.194536618	s3-eth15	4934	456940271
1787676800.194536618	s3-eth16	1522	5535
1787676800.194536618	s3-eth17	1772	5625
1787676800.194536618	s3-eth18	1772	5625
1787676800.194536618	s3-eth19	94975653	8600
1787676800.194536618	s3-eth2	27455	30094
1787676800.194536618	s3-eth20	1682	5535
1787676800.194536618	s3-eth21	1452	5425
1787676800.194536618	s3-eth22	1682	5465
1787676800.194536618	s3-eth23	256013752	7970
1787676800.194536618	s3-eth24	1452	5465
1787676800.194536618	s3-eth25	1682	5555
1787676800.194536618	s3-eth26	1522	5535
1787676800.194536618	s3-eth27	474929887	8770
1787676800.194536618	s3-eth28	1612	5625
1787676800.194536618	s3-eth29	1682	5535
1787676800.194536618	s3-eth3	4705	1814030898
1787676800.194536618	s3-eth30	1682	5535
1787676800.194536618	s3-eth31	474978779	8622
1787676800.194536618	s3-eth32	1772	5535
1787676800.194536618	s3-eth33	1522	5535
1787676800.194536618	s3-eth34	1772	5535
1787676800.194536618	s3-eth4	1682	5625
1787676800.194536618	s3-eth5	1772	5465
1787676800.194536618	s3-eth6	1772	5625
1787676800.194536618	s3-eth7	4998	457611100
1787676800.194536618	s3-eth8	1522	5445
1787676800.194536618	s3-eth9	1772	5535
1787676800.194536618	s4-eth1	2799351271	54569
1787676800.194536618	s4-eth10	1682	5515
1787676800.194536618	s4-eth11	4543	467714881
1787676800.194536618	s4-eth12	1522	5585
1787676800.194536618	s4-eth13	1772	5535
1787676800.194536618	s4-eth14	1522	5465
1787676800.194536618	s4-eth15	4614	467667408
1787676800.194536618	s4-eth16	1682	5535
1787676800.194536618	s4-eth17	1612	5445
1787676800.194536618	s4-eth18	1682	5515
1787676800.194536618	s4-eth19	4767	94963554
1787676800.194536618	s4-eth2	30164	30164
1787676800.194536618	s4-eth20	1702	5585
1787676800.194536618	s4-eth21	1522	5535
1787676800.194536618	s4-eth22	1702	5585
1787676800.194536618	s4-eth23	4157	256171789
1787676800.194536618	s4-eth24	1452	5625
1787676800.194536618	s4-eth25	1682	5515
1787676800.194536618	s4-eth26	1522	5515
1787676800.194536618	s4-eth27	4757	474786726
1787676800.194536618	s4-eth28	1612	5465
1787676800.194536618	s4-eth29	1452	5535
1787676800.194536618	s4-eth3	4674	93592307
1787676800.194536618	s4-eth30	1522	5515
1787676800.194536618	s4-eth31	4859	474851340
1787676800.194536618	s4-eth32	1682	5515
1787676800.194536618	s4-eth33	1772	5515
1787676800.194536618	s4-eth34	1522	5625
1787676800.194536618	s4-eth4	1772	5465
1787676800.194536618	s4-eth5	1682	5515
1787676800.194536618	s4-eth6	1682	5515
1787676800.194536618	s4-eth7	4480	468154546
1787676800.194536618	s4-eth8	1682	5515
1787676800.194536618	s4-eth9	1682	5535
1787676800.194536618	s5-eth1	6392483001	54637
1787676800.194536618	s5-eth2	1521371936	3029414022
1787676800.194536618	s5-eth3	55032	30164
1787676800.194536618	s5-eth4	31081	4762909430
1787676800.194536618	s6-eth1	30164	30297
1787676800.194536618	s6-eth2	30164	27728
1787676800.194536618	s6-eth3	30164	30164
1787676800.194536618	s6-eth4	31081	30164
1787676800.194536618	s7-eth1	1302636994	3197793736
1787676800.194536618	s7-eth2	54569	2802069441
1787676800.194536618	s7-eth3	30164	54962
1787676800.194536618	s7-eth4	4730636809	30164
1787676800.194536618	s8-eth1	30094	27455
1787676800.194536618	s8-eth2	30164	30164
1787676800.194536618	s8-eth3	30164	27728
1787676800.194536618	s8-eth4	31081	30094
1787676800.194536618	s9-eth1	30164	55032
1787676800.194536618	s9-eth2	30164	30164
1787676800.194536618	s9-eth3	54962	30164
1787676800.194536618	s9-eth4	27728	30164
1787676804.913581498	s10-eth1	4777600553	31109
1787676804.913581498	s10-eth2	30191	31109
1787676804.913581498	s10-eth3	30191	4744983295
1787676804.913581498	s10-eth4	30121	31109
1787676804.913581498	s1-eth1	54664	6413870772
1787676804.913581498	s1-eth10	1702	5555
1787676804.913581498	s1-eth11	476950014	8719
1787676804.913581498	s1-eth12	1682	5555
1787676804.913581498	s1-eth13	1772	5625
1787676804.913581498	s1-eth14	1772	5625
1787676804.913581498	s1-eth15	476991820	8697
1787676804.913581498	s1-eth16	1702	5625
1787676804.913581498	s1-eth17	1702	5535
1787676804.913581498	s1-eth18	1772	5625
1787676804.913581498	s1-eth19	1908078998	8689
1787676804.913581498	s1-eth2	30324	30191
1787676804.913581498	s1-eth20	1612	5394
1787676804.913581498	s1-eth21	1702	5625
1787676804.913581498	s1-eth22	1772	5625
1787676804.913581498	s1-eth23	258193780	8002
1787676804.913581498	s1-eth24	1702	5535
1787676804.913581498	s1-eth25	1772	5625
1787676804.913581498	s1-eth26	1772	5535
1787676804.913581498	s1-eth27	477102695	8729
1787676804.913581498	s1-eth28	1772	5625
1787676804.913581498	s1-eth29	1772	5625
1787676804.913581498	s1-eth3	1908495545	8754
1787676804.913581498	s1-eth30	1612	5535
1787676804.913581498	s1-eth31	477146126	8728
1787676804.913581498	s1-eth32	1682	5535
1787676804.913581498	s1-eth33	1772	5625
1787676804.913581498	s1-eth34	1772	5535
1787676804.913581498	s1-eth4	1898	5731
1787676804.913581498	s1-eth5	1772	5304
1787676804.913581498	s1-eth6	1772	5625
1787676804.913581498	s1-eth7	477218513	8781
1787676804.913581498	s1-eth8	1612	5625
1787676804.913581498	s1-eth9	1772	5535
1787676804.913581498	s2-eth1	3042223335	1527268301
1787676804.913581498	s2-eth10	1682	5575
1787676804.913581498	s2-eth11	477274462	8626
1787676804.913581498	s2-eth12	1682	5465
1787676804.913581498	s2-eth13	1772	5394
1787676804.913581498	s2-eth14	1772	5625
1787676804.913581498	s2-eth15	477330743	8717
1787676804.913581498	s2-eth16	1772	5535
1787676804.913581498	s2-eth17	1682	5625
1787676804.913581498	s2-eth18	1772	5535
1787676804.913581498	s2-eth19	4906	1852184925
1787676804.913581498	s2-eth2	27755	30191
1787676804.913581498	s2-eth20	1702	5535
1787676804.913581498	s2-eth21	1612	5555
1787676804.913581498	s2-eth22	1682	5535
1787676804.913581498	s2-eth23	4149	252213197
1787676804.913581498	s2-eth24	1772	5515
1787676804.913581498	s2-eth25	1682	5625
1787676804.913581498	s2-eth26	1772	5535
1787676804.913581498	s2-eth27	4876	466712772
1787676804.913581498	s2-eth28	1772	5465
1787676804.913581498	s2-eth29	1612	5535
1787676804.913581498	s2-eth3	95512168	8777
1787676804.913581498	s2-eth30	1772	5515
1787676804.913581498	s2-eth31	4695	466652129
1787676804.913581498	s2-eth32	1522	5645
1787676804.913581498	s2-eth33	1682	5625
1787676804.913581498	s2-eth34	1682	5535
1787676804.913581498	s2-eth4	1772	5625
1787676804.913581498	s2-eth5	1682	5535
1787676804.913581498	s2-eth6	1612	5535
1787676804.913581498	s2-eth7	477621839	8563
1787676804.913581498	s2-eth8	1772	5535
1787676804.913581498	s2-eth9	1772	5535
1787676804.913581498	s3-eth1	3212779027	1309593229
1787676804.913581498	s3-eth10	1682	5535
1787676804.913581498	s3-eth11	4546	459710451
1787676804.913581498	s3-eth12	1682	5625
1787676804.913581498	s3-eth13	1702	5625
1787676804.913581498	s3-eth14	1772	5625
1787676804.913581498	s3-eth15	4934	459821387
1787676804.913581498	s3-eth16	1522	5535
1787676804.913581498	s3-eth17	1772	5625
1787676804.913581498	s3-eth18	1772	5625
1787676804.913581498	s3-eth19	95555337	8600
1787676804.913581498	s3-eth2	27482	30121
1787676804.913581498	s3-eth20	1682	5535
1787676804.913581498	s3-eth21	1452	5425
1787676804.913581498	s3-eth22	1682	5465
1787676804.913581498	s3-eth23	258919382	7970
1787676804.913581498	s3-eth24	1452	5465
1787676804.913581498	s3-eth25	1682	5555
1787676804.913581498	s3-eth26	1522	5535
1787676804.913581498	s3-eth27	477829749	8770
1787676804.913581498	s3-eth28	1612	5625
1787676804.913581498	s3-eth29	1682	5535
1787676804.913581498	s3-eth3	4705	1825545268
1787676804.913581498	s3-eth30	1682	5535
1787676804.913581498	s3-eth31	477884409	8622
1787676804.913581498	s3-eth32	1772	5535
1787676804.913581498	s3-eth33	1522	5535
1787676804.913581498	s3-eth34	1772	5535
1787676804.913581498	s3-eth4	1682	5625
1787676804.913581498	s3-eth5	1772	5465
1787676804.913581498	s3-eth6	1772	5625
1787676804.913581498	s3-eth7	4998	460477796
1787676804.913581498	s3-eth8	1522	5445
1787676804.913581498	s3-eth9	1772	5535
1787676804.913581498	s4-eth1	2817880998	54596
1787676804.913581498	s4-eth10	1682	5515
1787676804.913581498	s4-eth11	4543	470607533
1787676804.913581498	s4-eth12	1522	5585
1787676804.913581498	s4-eth13	1772	5535
1787676804.913581498	s4-eth14	1522	5465
1787676804.913581498	s4-eth15	4614	470577364
1787676804.913581498	s4-eth16	1682	5535
1787676804.913581498	s4-eth17	1612	5445
1787676804.913581498	s4-eth18	1682	5515
1787676804.913581498	s4-eth19	4767	95549006
1787676804.913581498	s4-eth2	30191	30191
1787676804.913581498	s4-eth20	1702	5585
1787676804.913581498	s4-eth21	1522	5535
1787676804.913581498	s4-eth22	1702	5585
1787676804.913581498	s4-eth23	4157	259081745
1787676804.913581498	s4-eth24	1452	5625
1787676804.913581498	s4-eth25	1682	5515
1787676804.913581498	s4-eth26	1522	5515
1787676804.913581498	s4-eth27	4757	477695240
1787676804.913581498	s4-eth28	1612	5465
1787676804.913581498	s4-eth29	1452	5535
1787676804.913581498	s4-eth3	4674	94169107
1787676804.913581498	s4-eth30	1522	5515
1787676804.913581498	s4-eth31	4859	477728130
1787676804.913581498	s4-eth32	1682	5515
1787676804.913581498	s4-eth33	1772	5515
1787676804.913581498	s4-eth34	1522	5625
1787676804.913581498	s4-eth4	1772	5465
1787676804.913581498	s4-eth5	1682	5515
1787676804.913581498	s4-eth6	1682	5515
1787676804.913581498	s4-eth7	4480	471032778
1787676804.913581498	s4-eth8	1682	5515
1787676804.913581498	s4-eth9	1682	5535
1787676804.913581498	s5-eth1	6433033510	54664
1787676804.913581498	s5-eth2	1530651233	3049636657
1787676804.913581498	s5-eth3	55059	30191
1787676804.913581498	s5-eth4	31109	4792516601
1787676804.913581498	s6-eth1	30191	30324
1787676804.913581498	s6-eth2	30191	27755
1787676804.913581498	s6-eth3	30191	30191
1787676804.913581498	s6-eth4	31109	30191
1787676804.913581498	s7-eth1	1311999927	3218104333
1787676804.913581498	s7-eth2	54596	2820805374
1787676804.913581498	s7-eth3	30191	54989
1787676804.913581498	s7-eth4	4760536707	30191
1787676804.913581498	s8-eth1	30121	27482
1787676804.913581498	s8-eth2	30191	30191
1787676804.913581498	s8-eth3	30191	27755
1787676804.913581498	s8-eth4	31109	30121
1787676804.913581498	s9-eth1	30191	55059
1787676804.913581498	s9-eth2	30191	30191
1787676804.913581498	s9-eth3	54989	30191
1787676804.913581498	s9-eth4	27755	30191
1787676809.510615971	s10-eth1	4807651860	31137
1787676809.510615971	s10-eth2	30218	31137
1787676809.510615971	s10-eth3	30218	4774870215
1787676809.510615971	s10-eth4	30148	31137
1787676809.510615971	s1-eth1	54691	6454770245
1787676809.510615971	s1-eth10	1702	5555
1787676809.510615971	s1-eth11	479862854	8719
1787676809.510615971	s1-eth12	1682	5555
1787676809.510615971	s1-eth13	1772	5625
1787676809.510615971	s1-eth14	1772	5625
1787676809.510615971	s1-eth15	479885914	8697
1787676809.510615971	s1-eth16	1702	5625
1787676809.510615971	s1-eth17	1702	5535
1787676809.510615971	s1-eth18	1772	5625
1787676809.510615971	s1-eth19	1919604904	8689
1787676809.510615971	s1-eth2	30351	30218
1787676809.510615971	s1-eth20	1612	5394
1787676809.510615971	s1-eth21	1702	5625
1787676809.510615971	s1-eth22	1772	5625
1787676809.510615971	s1-eth23	261087874	8002
1787676809.510615971	s1-eth24	1702	5535
1787676809.510615971	s1-eth25	1772	5625
1787676809.510615971	s1-eth26	1772	5535
1787676809.510615971	s1-eth27	480022745	8729
1787676809.510615971	s1-eth28	1772	5625
1787676809.510615971	s1-eth29	1772	5625
1787676809.510615971	s1-eth3	1920194491	8754
1787676809.510615971	s1-eth30	1612	5535
1787676809.510615971	s1-eth31	480069060	8728
1787676809.510615971	s1-eth32	1682	5535
1787676809.510615971	s1-eth33	1772	5625
1787676809.510615971	s1-eth34	1772	5535
1787676809.510615971	s1-eth4	1898	5731
1787676809.510615971	s1-eth5	1772	5304
1787676809.510615971	s1-eth6	1772	5625
1787676809.510615971	s1-eth7	480155867	8781
1787676809.510615971	s1-eth8	1612	5625
1787676809.510615971	s1-eth9	1772	5535
1787676809.510615971	s2-eth1	3062738696	1536686030
1787676809.510615971	s2-eth10	1682	5575
1787676809.510615971	s2-eth11	480219026	8626
1787676809.510615971	s2-eth12	1682	5465
1787676809.510615971	s2-eth13	1772	5394
1787676809.510615971	s2-eth14	1772	5625
1787676809.510615971	s2-eth15	480258003	8717
1787676809.510615971	s2-eth16	1772	5535
1787676809.510615971	s2-eth17	1682	5625
1787676809.510615971	s2-eth18	1772	5535
1787676809.510615971	s2-eth19	4906	1863790141
1787676809.510615971	s2-eth2	27782	30218
1787676809.510615971	s2-eth20	1702	5535
1787676809.510615971	s2-eth21	1612	5555
1787676809.510615971	s2-eth22	1682	5535
1787676809.510615971	s2-eth23	4149	255123153
1787676809.510615971	s2-eth24	1772	5515
1787676809.510615971	s2-eth25	1682	5625
1787676809.510615971	s2-eth26	1772	5535
1787676809.510615971	s2-eth27	4876	469618402
1787676809.510615971	s2-eth28	1772	5465
1787676809.510615971	s2-eth29	1612	5535
1787676809.510615971	s2-eth3	96094736	8777
1787676809.510615971	s2-eth30	1772	5515
1787676809.510615971	s2-eth31	4695	469562085
1787676809.510615971	s2-eth32	1522	5645
1787676809.510615971	s2-eth33	1682	5625
1787676809.510615971	s2-eth34	1682	5535
1787676809.510615971	s2-eth4	1772	5625
1787676809.510615971	s2-eth5	1682	5535
1787676809.510615971	s2-eth6	1612	5535
1787676809.510615971	s2-eth7	480521701	8563
1787676809.510615971	s2-eth8	1772	5535
1787676809.510615971	s2-eth9	1772	5535
1787676809.510615971	s3-eth1	3233161724	1318935974
1787676809.510615971	s3-eth10	1682	5535
1787676809.510615971	s3-eth11	4546	462605987
1787676809.510615971	s3-eth12	1682	5625
1787676809.510615971	s3-eth13	1702	5625
1787676809.510615971	s3-eth14	1772	5625
1787676809.510615971	s3-eth15	4934	462709713
1787676809.510615971	s3-eth16	1522	5535
1787676809.510615971	s3-eth17	1772	5625
1787676809.510615971	s3-eth18	1772	5625
1787676809.510615971	s3-eth19	96137905	8600
1787676809.510615971	s3-eth2	27509	30148
1787676809.510615971	s3-eth20	1682	5535
1787676809.510615971	s3-eth21	1452	5425
1787676809.510615971	s3-eth22	1682	5465
1787676809.510615971	s3-eth23	261819244	7970
1787676809.510615971	s3-eth24	1452	5465
1787676809.510615971	s3-eth25	1682	5555
1787676809.510615971	s3-eth26	1522	5535
1787676809.510615971	s3-eth27	480729611	8770
1787676809.510615971	s3-eth28	1612	5625
1787676809.510615971	s3-eth29	1682	5535
1787676809.510615971	s3-eth3	4705	1837049544
1787676809.510615971	s3-eth30	1682	5535
1787676809.510615971	s3-eth31	480779945	8622
1787676809.510615971	s3-eth32	1772	5535
1787676809.510615971	s3-eth33	1522	5535
1787676809.510615971	s3-eth34	1772	5535
1787676809.510615971	s3-eth4	1682	5625
1787676809.510615971	s3-eth5	1772	5465
1787676809.510615971	s3-eth6	1772	5625
1787676809.510615971	s3-eth7	4998	463410824
1787676809.510615971	s3-eth8	1522	5445
1787676809.510615971	s3-eth9	1772	5535
1787676809.510615971	s4-eth1	2836811601	54623
1787676809.510615971	s4-eth10	1682	5515
1787676809.510615971	s4-eth11	4543	473557865
1787676809.510615971	s4-eth12	1522	5585
1787676809.510615971	s4-eth13	1772	5535
1787676809.510615971	s4-eth14	1522	5465
1787676809.510615971	s4-eth15	4614	473510392
1787676809.510615971	s4-eth16	1682	5535
1787676809.510615971	s4-eth17	1612	5445
1787676809.510615971	s4-eth18	1682	5515
1787676809.510615971	s4-eth19	4767	96131574
1787676809.510615971	s4-eth2	30218	30218
1787676809.510615971	s4-eth20	1702	5585
1787676809.510615971	s4-eth21	1522	5535
1787676809.510615971	s4-eth22	1702	5585
1787676809.510615971	s4-eth23	4157	261974397
1787676809.510615971	s4-eth24	1452	5625
1787676809.510615971	s4-eth25	1682	5515
1787676809.510615971	s4-eth26	1522	5515
1787676809.510615971	s4-eth27	4757	480566262
1787676809.510615971	s4-eth28	1612	5465
1787676809.510615971	s4-eth29	1452	5535
1787676809.510615971	s4-eth3	4674	94738697
1787676809.510615971	s4-eth30	1522	5515
1787676809.510615971	s4-eth31	4859	480565986
1787676809.510615971	s4-eth32	1682	5515
1787676809.510615971	s4-eth33	1772	5515
1787676809.510615971	s4-eth34	1522	5625
1787676809.510615971	s4-eth4	1772	5465
1787676809.510615971	s4-eth5	1682	5515
1787676809.510615971	s4-eth6	1682	5515
1787676809.510615971	s4-eth7	4480	473810070
1787676809.510615971	s4-eth8	1682	5515
1787676809.510615971	s4-eth9	1682	5535
1787676809.510615971	s5-eth1	6471843525	54691
1787676809.510615971	s5-eth2	1539515234	3068981114
1787676809.510615971	s5-eth3	55086	30218
1787676809.510615971	s5-eth4	31137	4820704844
1787676809.510615971	s6-eth1	30218	30351
1787676809.510615971	s6-eth2	30218	27782
1787676809.510615971	s6-eth3	30218	30218
1787676809.510615971	s6-eth4	31137	30218
1787676809.510615971	s7-eth1	1320781734	3237210860
1787676809.510615971	s7-eth2	54623	2838275231
1787676809.510615971	s7-eth3	30218	55016
1787676809.510615971	s7-eth4	4788345705	30218
1787676809.510615971	s8-eth1	30148	27509
1787676809.510615971	s8-eth2	30218	30218
1787676809.510615971	s8-eth3	30218	27782
1787676809.510615971	s8-eth4	31137	30148
1787676809.510615971	s9-eth1	30218	55086
1787676809.510615971	s9-eth2	30218	30218
1787676809.510615971	s9-eth3	55016	30218
1787676809.510615971	s9-eth4	27782	30218
1787676813.831726786	s10-eth1	4836067939	31165
1787676813.831726786	s10-eth2	30245	31165
1787676813.831726786	s10-eth3	30245	4803429053
1787676813.831726786	s10-eth4	30175	31165
1787676813.831726786	s1-eth1	54718	6494038816
1787676813.831726786	s1-eth10	1702	5555
1787676813.831726786	s1-eth11	482674754	8719
1787676813.831726786	s1-eth12	1682	5555
1787676813.831726786	s1-eth13	1772	5625
1787676813.831726786	s1-eth14	1772	5625
1787676813.831726786	s1-eth15	482712234	8697
1787676813.831726786	s1-eth16	1702	5625
1787676813.831726786	s1-eth17	1702	5535
1787676813.831726786	s1-eth18	1772	5625
1787676813.831726786	s1-eth19	1930967864	8689
1787676813.831726786	s1-eth2	30378	30245
1787676813.831726786	s1-eth20	1612	5394
1787676813.831726786	s1-eth21	1702	5625
1787676813.831726786	s1-eth22	1772	5625
1787676813.831726786	s1-eth23	263925730	8002
1787676813.831726786	s1-eth24	1702	5535
1787676813.831726786	s1-eth25	1772	5625
1787676813.831726786	s1-eth26	1772	5535
1787676813.831726786	s1-eth27	482853391	8729
1787676813.831726786	s1-eth28	1772	5625
1787676813.831726786	s1-eth29	1772	5625
1787676813.831726786	s1-eth3	1931544473	8754
1787676813.831726786	s1-eth30	1612	5535
1787676813.831726786	s1-eth31	482911242	8728
1787676813.831726786	s1-eth32	1682	5535
1787676813.831726786	s1-eth33	1772	5625
1787676813.831726786	s1-eth34	1772	5535
1787676813.831726786	s1-eth4	1898	5731
1787676813.831726786	s1-eth5	1772	5304
1787676813.831726786	s1-eth6	1772	5625
1787676813.831726786	s1-eth7	482983629	8781
1787676813.831726786	s1-eth8	1612	5625
1787676813.831726786	s1-eth9	1772	5535
1787676813.831726786	s2-eth1	3082456631	1545720187
1787676813.831726786	s2-eth10	1682	5575
1787676813.831726786	s2-eth11	483053998	8626
1787676813.831726786	s2-eth12	1682	5465
1787676813.831726786	s2-eth13	1772	5394
1787676813.831726786	s2-eth14	1772	5625
1787676813.831726786	s2-eth15	483103069	8717
1787676813.831726786	s2-eth16	1772	5535
1787676813.831726786	s2-eth17	1682	5625
1787676813.831726786	s2-eth18	1772	5535
1787676813.831726786	s2-eth19	4906	1875121377
1787676813.831726786	s2-eth2	27809	30245
1787676813.831726786	s2-eth20	1702	5535
1787676813.831726786	s2-eth21	1612	5555
1787676813.831726786	s2-eth22	1682	5535
1787676813.831726786	s2-eth23	4149	257939379
1787676813.831726786	s2-eth24	1772	5515
1787676813.831726786	s2-eth25	1682	5625
1787676813.831726786	s2-eth26	1772	5535
1787676813.831726786	s2-eth27	4876	472430302
1787676813.831726786	s2-eth28	1772	5465
1787676813.831726786	s2-eth29	1612	5535
1787676813.831726786	s2-eth3	96658558	8777
1787676813.831726786	s2-eth30	1772	5515
1787676813.831726786	s2-eth31	4695	472394173
1787676813.831726786	s2-eth32	1522	5645
1787676813.831726786	s2-eth33	1682	5625
1787676813.831726786	s2-eth34	1682	5535
1787676813.831726786	s2-eth4	1772	5625
1787676813.831726786	s2-eth5	1682	5535
1787676813.831726786	s2-eth6	1612	5535
1787676813.831726786	s2-eth7	483371093	8563
1787676813.831726786	s2-eth8	1772	5535
1787676813.831726786	s2-eth9	1772	5535
1787676813.831726786	s3-eth1	3252944549	1328006181
1787676813.831726786	s3-eth10	1682	5535
1787676813.831726786	s3-eth11	4546	465451053
1787676813.831726786	s3-eth12	1682	5625
1787676813.831726786	s3-eth13	1702	5625
1787676813.831726786	s3-eth14	1772	5625
1787676813.831726786	s3-eth15	4934	465569199
1787676813.831726786	s3-eth16	1522	5535
1787676813.831726786	s3-eth17	1772	5625
1787676813.831726786	s3-eth18	1772	5625
1787676813.831726786	s3-eth19	96710379	8600
1787676813.831726786	s3-eth2	27536	30175
1787676813.831726786	s3-eth20	1682	5535
1787676813.831726786	s3-eth21	1452	5425
1787676813.831726786	s3-eth22	1682	5465
1787676813.831726786	s3-eth23	264691708	7970
1787676813.831726786	s3-eth24	1452	5465
1787676813.831726786	s3-eth25	1682	5555
1787676813.831726786	s3-eth26	1522	5535
1787676813.831726786	s3-eth27	483615053	8770
1787676813.831726786	s3-eth28	1612	5625
1787676813.831726786	s3-eth29	1682	5535
1787676813.831726786	s3-eth3	4705	1848553820
1787676813.831726786	s3-eth30	1682	5535
1787676813.831726786	s3-eth31	483662503	8622
1787676813.831726786	s3-eth32	1772	5535
1787676813.831726786	s3-eth33	1522	5535
1787676813.831726786	s3-eth34	1772	5535
1787676813.831726786	s3-eth4	1682	5625
1787676813.831726786	s3-eth5	1772	5465
1787676813.831726786	s3-eth6	1772	5625
1787676813.831726786	s3-eth7	4998	466264542
1787676813.831726786	s3-eth8	1522	5445
1787676813.831726786	s3-eth9	1772	5535
1787676813.831726786	s4-eth1	2854947662	54650
1787676813.831726786	s4-eth10	1682	5515
1787676813.831726786	s4-eth11	4543	476391395
1787676813.831726786	s4-eth12	1522	5585
1787676813.831726786	s4-eth13	1772	5535
1787676813.831726786	s4-eth14	1522	5465
1787676813.831726786	s4-eth15	4614	476346806
1787676813.831726786	s4-eth16	1682	5535
1787676813.831726786	s4-eth17	1612	5445
1787676813.831726786	s4-eth18	1682	5515
1787676813.831726786	s4-eth19	4767	96701164
1787676813.831726786	s4-eth2	30245	30245
1787676813.831726786	s4-eth20	1702	5585
1787676813.831726786	s4-eth21	1522	5535
1787676813.831726786	s4-eth22	1702	5585
1787676813.831726786	s4-eth23	4157	264841093
1787676813.831726786	s4-eth24	1452	5625
1787676813.831726786	s4-eth25	1682	5515
1787676813.831726786	s4-eth26	1522	5515
1787676813.831726786	s4-eth27	4757	483454588
1787676813.831726786	s4-eth28	1612	5465
1787676813.831726786	s4-eth29	1452	5535
1787676813.831726786	s4-eth3	4674	95319823
1787676813.831726786	s4-eth30	1522	5515
1787676813.831726786	s4-eth31	4859	483487478
1787676813.831726786	s4-eth32	1682	5515
1787676813.831726786	s4-eth33	1772	5515
1787676813.831726786	s4-eth34	1522	5625
1787676813.831726786	s4-eth4	1772	5465
1787676813.831726786	s4-eth5	1682	5515
1787676813.831726786	s4-eth6	1682	5515
1787676813.831726786	s4-eth7	4480	476766170
1787676813.831726786	s4-eth8	1682	5515
1787676813.831726786	s4-eth9	1682	5535
1787676813.831726786	s5-eth1	6513462556	54718
1787676813.831726786	s5-eth2	1549041113	3089802179
1787676813.831726786	s5-eth3	55113	30245
1787676813.831726786	s5-eth4	31165	4851161353
1787676813.831726786	s6-eth1	30245	30378
1787676813.831726786	s6-eth2	30245	27809
1787676813.831726786	s6-eth3	30245	30245
1787676813.831726786	s6-eth4	31165	30245
1787676813.831726786	s7-eth1	1330369619	3258177567
1787676813.831726786	s7-eth2	54650	2857472604
1787676813.831726786	s7-eth3	30245	55043
1787676813.831726786	s7-eth4	4818916133	30245
1787676813.831726786	s8-eth1	30175	27536
1787676813.831726786	s8-eth2	30245	30245
1787676813.831726786	s8-eth3	30245	27809
1787676813.831726786	s8-eth4	31165	30175
1787676813.831726786	s9-eth1	30245	55113
1787676813.831726786	s9-eth2	30245	30245
1787676813.831726786	s9-eth3	55043	30245
1787676813.831726786	s9-eth4	27809	30245
1787676818.401917419	s10-eth1	4865861128	31193
1787676818.401917419	s10-eth2	30272	31193
1787676818.401917419	s10-eth3	30272	4832789643
1787676818.401917419	s10-eth4	30202	31193
1787676818.401917419	s1-eth1	54745	6534667193
1787676818.401917419	s1-eth10	1702	5555
1787676818.401917419	s1-eth11	485581826	8719
1787676818.401917419	s1-eth12	1682	5555
1787676818.401917419	s1-eth13	1772	5625
1787676818.401917419	s1-eth14	1772	5625
1787676818.401917419	s1-eth15	485630842	8697
1787676818.401917419	s1-eth16	1702	5625
1787676818.401917419	s1-eth17	1702	5535
1787676818.401917419	s1-eth18	1772	5625
1787676818.401917419	s1-eth19	1942633644	8689
1787676818.401917419	s1-eth2	30405	30272
1787676818.401917419	s1-eth20	1612	5394
1787676818.401917419	s1-eth21	1702	5625
1787676818.401917419	s1-eth22	1772	5625
1787676818.401917419	s1-eth23	266835686	8002
1787676818.401917419	s1-eth24	1702	5535
1787676818.401917419	s1-eth25	1772	5625
1787676818.401917419	s1-eth26	1772	5535
1787676818.401917419	s1-eth27	485770557	8729
1787676818.401917419	s1-eth28	1772	5625
1787676818.401917419	s1-eth29	1772	5625
1787676818.401917419	s1-eth3	1943243419	8754
1787676818.401917419	s1-eth30	1612	5535
1787676818.401917419	s1-eth31	485847154	8728
1787676818.401917419	s1-eth32	1682	5535
1787676818.401917419	s1-eth33	1772	5625
1787676818.401917419	s1-eth34	1772	5535
1787676818.401917419	s1-eth4	1898	5731
1787676818.401917419	s1-eth5	1772	5304
1787676818.401917419	s1-eth6	1772	5625
1787676818.401917419	s1-eth7	485923867	8781
1787676818.401917419	s1-eth8	1612	5625
1787676818.401917419	s1-eth9	1772	5535
1787676818.401917419	s2-eth1	3102826350	1555120612
1787676818.401917419	s2-eth10	1682	5575
1787676818.401917419	s2-eth11	485987026	8626
1787676818.401917419	s2-eth12	1682	5465
1787676818.401917419	s2-eth13	1772	5394
1787676818.401917419	s2-eth14	1772	5625
1787676818.401917419	s2-eth15	486031771	8717
1787676818.401917419	s2-eth16	1772	5535
1787676818.401917419	s2-eth17	1682	5625
1787676818.401917419	s2-eth18	1772	5535
1787676818.401917419	s2-eth19	4906	1886694869
1787676818.401917419	s2-eth2	27836	30272
1787676818.401917419	s2-eth20	1702	5535
1787676818.401917419	s2-eth21	1612	5555
1787676818.401917419	s2-eth22	1682	5535
1787676818.401917419	s2-eth23	4149	260862313
1787676818.401917419	s2-eth24	1772	5515
1787676818.401917419	s2-eth25	1682	5625
1787676818.401917419	s2-eth26	1772	5535
1787676818.401917419	s2-eth27	4876	475369098
1787676818.401917419	s2-eth28	1772	5465
1787676818.401917419	s2-eth29	1612	5535
1787676818.401917419	s2-eth3	97251220	8777
1787676818.401917419	s2-eth30	1772	5515
1787676818.401917419	s2-eth31	4695	475308455
1787676818.401917419	s2-eth32	1522	5645
1787676818.401917419	s2-eth33	1682	5625
1787676818.401917419	s2-eth34	1682	5535
1787676818.401917419	s2-eth4	1772	5625
1787676818.401917419	s2-eth5	1682	5535
1787676818.401917419	s2-eth6	1612	5535
1787676818.401917419	s2-eth7	486325751	8563
1787676818.401917419	s2-eth8	1772	5535
1787676818.401917419	s2-eth9	1772	5535
1787676818.401917419	s3-eth1	3273155648	1337529176
1787676818.401917419	s3-eth10	1682	5535
1787676818.401917419	s3-eth11	4546	468339379
1787676818.401917419	s3-eth12	1682	5625
1787676818.401917419	s3-eth13	1702	5625
1787676818.401917419	s3-eth14	1772	5625
1787676818.401917419	s3-eth15	4934	468463293
1787676818.401917419	s3-eth16	1522	5535
1787676818.401917419	s3-eth17	1772	5625
1787676818.401917419	s3-eth18	1772	5625
1787676818.401917419	s3-eth19	97305925	8600
1787676818.401917419	s3-eth2	27563	30202
1787676818.401917419	s3-eth20	1682	5535
1787676818.401917419	s3-eth21	1452	5425
1787676818.401917419	s3-eth22	1682	5465
1787676818.401917419	s3-eth23	267706930	7970
1787676818.401917419	s3-eth24	1452	5465
1787676818.401917419	s3-eth25	1682	5555
1787676818.401917419	s3-eth26	1522	5535
1787676818.401917419	s3-eth27	486647579	8770
1787676818.401917419	s3-eth28	1612	5625
1787676818.401917419	s3-eth29	1682	5535
1787676818.401917419	s3-eth3	4705	1860366684
1787676818.401917419	s3-eth30	1682	5535
1787676818.401917419	s3-eth31	486712333	8622
1787676818.401917419	s3-eth32	1772	5535
1787676818.401917419	s3-eth33	1522	5535
1787676818.401917419	s3-eth34	1772	5535
1787676818.401917419	s3-eth4	1682	5625
1787676818.401917419	s3-eth5	1772	5465
1787676818.401917419	s3-eth6	1772	5625
1787676818.401917419	s3-eth7	4998	469266786
1787676818.401917419	s3-eth8	1522	5445
1787676818.401917419	s3-eth9	1772	5535
1787676818.401917419	s4-eth1	2874632431	54677
1787676818.401917419	s4-eth10	1682	5515
1787676818.401917419	s4-eth11	4543	479445551
1787676818.401917419	s4-eth12	1522	5585
1787676818.401917419	s4-eth13	1772	5535
1787676818.401917419	s4-eth14	1522	5465
1787676818.401917419	s4-eth15	4614	479454316
1787676818.401917419	s4-eth16	1682	5535
1787676818.401917419	s4-eth17	1612	5445
1787676818.401917419	s4-eth18	1682	5515
1787676818.401917419	s4-eth19	4767	97344296
1787676818.401917419	s4-eth2	30272	30272
1787676818.401917419	s4-eth20	1702	5585
1787676818.401917419	s4-eth21	1522	5535
1787676818.401917419	s4-eth22	1702	5585
1787676818.401917419	s4-eth23	4157	268102897
1787676818.401917419	s4-eth24	1452	5625
1787676818.401917419	s4-eth25	1682	5515
1787676818.401917419	s4-eth26	1522	5515
1787676818.401917419	s4-eth27	4757	486749558
1787676818.401917419	s4-eth28	1612	5465
1787676818.401917419	s4-eth29	1452	5535
1787676818.401917419	s4-eth3	4674	95965839
1787676818.401917419	s4-eth30	1522	5515
1787676818.401917419	s4-eth31	4859	486818498
1787676818.401917419	s4-eth32	1682	5515
1787676818.401917419	s4-eth33	1772	5515
1787676818.401917419	s4-eth34	1522	5625
1787676818.401917419	s4-eth4	1772	5465
1787676818.401917419	s4-eth5	1682	5515
1787676818.401917419	s4-eth6	1682	5515
1787676818.401917419	s4-eth7	4480	480089980
1787676818.401917419	s4-eth8	1682	5515
1787676818.401917419	s4-eth9	1682	5535
1787676818.401917419	s5-eth1	6561469647	54745
1787676818.401917419	s5-eth2	1560027738	3113534642
1787676818.401917419	s5-eth3	55140	30272
1787676818.401917419	s5-eth4	31193	4885798220
1787676818.401917419	s6-eth1	30272	30405
1787676818.401917419	s6-eth2	30272	27836
1787676818.401917419	s6-eth3	30272	30272
1787676818.401917419	s6-eth4	31193	30272
1787676818.401917419	s7-eth1	1341327404	3281236616
1787676818.401917419	s7-eth2	54677	2879137239
1787676818.401917419	s7-eth3	30272	55070
1787676818.401917419	s7-eth4	4853113191	30272
1787676818.401917419	s8-eth1	30202	27563
1787676818.401917419	s8-eth2	30272	30272
1787676818.401917419	s8-eth3	30272	27836
1787676818.401917419	s8-eth4	31193	30202
1787676818.401917419	s9-eth1	30272	55140
1787676818.401917419	s9-eth2	30272	30272
1787676818.401917419	s9-eth3	55070	30272
1787676818.401917419	s9-eth4	27836	30272
1787676823.730492916	s10-eth1	4900205269	31221
1787676823.730492916	s10-eth2	30299	31221
1787676823.730492916	s10-eth3	30299	4866980933
1787676823.730492916	s10-eth4	30229	31221
1787676823.730492916	s1-eth1	54772	6583158796
1787676823.730492916	s1-eth10	1702	5555
1787676823.730492916	s1-eth11	489061372	8719
1787676823.730492916	s1-eth12	1682	5555
1787676823.730492916	s1-eth13	1772	5625
1787676823.730492916	s1-eth14	1772	5625
1787676823.730492916	s1-eth15	489113272	8697
1787676823.730492916	s1-eth16	1702	5625
1787676823.730492916	s1-eth17	1702	5535
1787676823.730492916	s1-eth18	1772	5625
1787676823.730492916	s1-eth19	1956648442	8689
1787676823.730492916	s1-eth2	30432	30299
1787676823.730492916	s1-eth20	1612	5394
1787676823.730492916	s1-eth21	1702	5625
1787676823.730492916	s1-eth22	1772	5625
1787676823.730492916	s1-eth23	270358492	8002
1787676823.730492916	s1-eth24	1702	5535
1787676823.730492916	s1-eth25	1772	5625
1787676823.730492916	s1-eth26	1772	5535
1787676823.730492916	s1-eth27	489278943	8729
1787676823.730492916	s1-eth28	1772	5625
1787676823.730492916	s1-eth29	1772	5625
1787676823.730492916	s1-eth3	1957177465	8754
1787676823.730492916	s1-eth30	1612	5535
1787676823.730492916	s1-eth31	489307954	8728
1787676823.730492916	s1-eth32	1682	5535
1787676823.730492916	s1-eth33	1772	5625
1787676823.730492916	s1-eth34	1772	5535
1787676823.730492916	s1-eth4	1898	5731
1787676823.730492916	s1-eth5	1772	5304
1787676823.730492916	s1-eth6	1772	5625
1787676823.730492916	s1-eth7	489342849	8781
1787676823.730492916	s1-eth8	1612	5625
1787676823.730492916	s1-eth9	1772	5535
1787676823.730492916	s2-eth1	3126012295	1565996203
1787676823.730492916	s2-eth10	1682	5575
1787676823.730492916	s2-eth11	489368516	8626
1787676823.730492916	s2-eth12	1682	5465
1787676823.730492916	s2-eth13	1772	5394
1787676823.730492916	s2-eth14	1772	5625
1787676823.730492916	s2-eth15	489394515	8717
1787676823.730492916	s2-eth16	1772	5535
1787676823.730492916	s2-eth17	1682	5625
1787676823.730492916	s2-eth18	1772	5535
1787676823.730492916	s2-eth19	4906	1899723339
1787676823.730492916	s2-eth2	27863	30299
1787676823.730492916	s2-eth20	1702	5535
1787676823.730492916	s2-eth21	1612	5555
1787676823.730492916	s2-eth22	1682	5535
1787676823.730492916	s2-eth23	4149	264127001
1787676823.730492916	s2-eth24	1772	5515
1787676823.730492916	s2-eth25	1682	5625
1787676823.730492916	s2-eth26	1772	5535
1787676823.730492916	s2-eth27	4876	478597736
1787676823.730492916	s2-eth28	1772	5465
1787676823.730492916	s2-eth29	1612	5535
1787676823.730492916	s2-eth3	97905888	8777
1787676823.730492916	s2-eth30	1772	5515
1787676823.730492916	s2-eth31	4695	478486623
1787676823.730492916	s2-eth32	1522	5645
1787676823.730492916	s2-eth33	1682	5625
1787676823.730492916	s2-eth34	1682	5535
1787676823.730492916	s2-eth4	1772	5625
1787676823.730492916	s2-eth5	1682	5535
1787676823.730492916	s2-eth6	1612	5535
1787676823.730492916	s2-eth7	489535643	8563
1787676823.730492916	s2-eth8	1772	5535
1787676823.730492916	s2-eth9	1772	5535
1787676823.730492916	s3-eth1	3294279533	1347685209
1787676823.730492916	s3-eth10	1682	5535
1787676823.730492916	s3-eth11	4546	471370463
1787676823.730492916	s3-eth12	1682	5625
1787676823.730492916	s3-eth13	1702	5625
1787676823.730492916	s3-eth14	1772	5625
1787676823.730492916	s3-eth15	4934	471459769
1787676823.730492916	s3-eth16	1522	5535
1787676823.730492916	s3-eth17	1772	5625
1787676823.730492916	s3-eth18	1772	5625
1787676823.730492916	s3-eth19	97925985	8600
1787676823.730492916	s3-eth2	27590	30229
1787676823.730492916	s3-eth20	1682	5535
1787676823.730492916	s3-eth21	1452	5425
1787676823.730492916	s3-eth22	1682	5465
1787676823.730492916	s3-eth23	270736572	7970
1787676823.730492916	s3-eth24	1452	5465
1787676823.730492916	s3-eth25	1682	5555
1787676823.730492916	s3-eth26	1522	5535
1787676823.730492916	s3-eth27	489628193	8770
1787676823.730492916	s3-eth28	1612	5625
1787676823.730492916	s3-eth29	1682	5535
1787676823.730492916	s3-eth3	4705	1871373470
1787676823.730492916	s3-eth30	1682	5535
1787676823.730492916	s3-eth31	489649687	8622
1787676823.730492916	s3-eth32	1772	5535
1787676823.730492916	s3-eth33	1522	5535
1787676823.730492916	s3-eth34	1772	5535
1787676823.730492916	s3-eth4	1682	5625
1787676823.730492916	s3-eth5	1772	5465
1787676823.730492916	s3-eth6	1772	5625
1787676823.730492916	s3-eth7	4998	471974862
1787676823.730492916	s3-eth8	1522	5445
1787676823.730492916	s3-eth9	1772	5535
1787676823.730492916	s4-eth1	2892557960	54704
1787676823.730492916	s4-eth10	1682	5515
1787676823.730492916	s4-eth11	4543	482198329
1787676823.730492916	s4-eth12	1522	5585
1787676823.730492916	s4-eth13	1772	5535
1787676823.730492916	s4-eth14	1522	5465
1787676823.730492916	s4-eth15	4614	482146530
1787676823.730492916	s4-eth16	1682	5535
1787676823.730492916	s4-eth17	1612	5445
1787676823.730492916	s4-eth18	1682	5515
1787676823.730492916	s4-eth19	4767	97882162
1787676823.730492916	s4-eth2	30299	30299
1787676823.730492916	s4-eth20	1702	5585
1787676823.730492916	s4-eth21	1522	5535
1787676823.730492916	s4-eth22	1702	5585
1787676823.730492916	s4-eth23	4157	270743199
1787676823.730492916	s4-eth24	1452	5625
1787676823.730492916	s4-eth25	1682	5515
1787676823.730492916	s4-eth26	1522	5515
1787676823.730492916	s4-eth27	4757	489339390
1787676823.730492916	s4-eth28	1612	5465
1787676823.730492916	s4-eth29	1452	5535
1787676823.730492916	s4-eth3	4674	96461887
1787676823.730492916	s4-eth30	1522	5515
1787676823.730492916	s4-eth31	4859	489360744
1787676823.730492916	s4-eth32	1682	5515
1787676823.730492916	s4-eth33	1772	5515
1787676823.730492916	s4-eth34	1522	5625
1787676823.730492916	s4-eth4	1772	5465
1787676823.730492916	s4-eth5	1682	5515
1787676823.730492916	s4-eth6	1682	5515
1787676823.730492916	s4-eth7	4480	482550032
1787676823.730492916	s4-eth8	1682	5515
1787676823.730492916	s4-eth9	1682	5535
1787676823.730492916	s5-eth1	6595950778	54772
1787676823.730492916	s5-eth2	1567931367	3130233029
1787676823.730492916	s5-eth3	55167	30299
1787676823.730492916	s5-eth4	31221	4910234379
1787676823.730492916	s6-eth1	30299	30432
1787676823.730492916	s6-eth2	30299	27863
1787676823.730492916	s6-eth3	30299	30299
1787676823.730492916	s6-eth4	31221	30299
1787676823.730492916	s7-eth1	1349229591	3297577387
1787676823.730492916	s7-eth2	54704	2894823342
1787676823.730492916	s7-eth3	30299	55097
1787676823.730492916	s7-eth4	4877384963	30299
1787676823.730492916	s8-eth1	30229	27590
1787676823.730492916	s8-eth2	30299	30299
1787676823.730492916	s8-eth3	30299	27863
1787676823.730492916	s8-eth4	31221	30229
1787676823.730492916	s9-eth1	30299	55167
1787676823.730492916	s9-eth2	30299	30299
1787676823.730492916	s9-eth3	55097	30299
1787676823.730492916	s9-eth4	27863	30299
1787676827.583987425	s10-eth1	4924905287	31221
1787676827.583987425	s10-eth2	30299	31221
1787676827.583987425	s10-eth3	30299	4891244025
1787676827.583987425	s10-eth4	30229	31221
1787676827.583987425	s1-eth1	54772	6617909554
1787676827.583987425	s1-eth10	1702	5555
1787676827.583987425	s1-eth11	491543054	8719
1787676827.583987425	s1-eth12	1682	5555
1787676827.583987425	s1-eth13	1772	5625
1787676827.583987425	s1-eth14	1772	5625
1787676827.583987425	s1-eth15	491638214	8697
1787676827.583987425	s1-eth16	1702	5625
1787676827.583987425	s1-eth17	1702	5535
1787676827.583987425	s1-eth18	1772	5625
1787676827.583987425	s1-eth19	1966781376	8689
1787676827.583987425	s1-eth2	30432	30299
1787676827.583987425	s1-eth20	1612	5394
1787676827.583987425	s1-eth21	1702	5625
1787676827.583987425	s1-eth22	1772	5625
1787676827.583987425	s1-eth23	272863246	8002
1787676827.583987425	s1-eth24	1702	5535
1787676827.583987425	s1-eth25	1772	5625
1787676827.583987425	s1-eth26	1772	5535
1787676827.583987425	s1-eth27	491792349	8729
1787676827.583987425	s1-eth28	1772	5625
1787676827.583987425	s1-eth29	1772	5625
1787676827.583987425	s1-eth3	1967270023	8754
1787676827.583987425	s1-eth30	1612	5535
1787676827.583987425	s1-eth31	491838664	8728
1787676827.583987425	s1-eth32	1682	5535
1787676827.583987425	s1-eth33	1772	5625
1787676827.583987425	s1-eth34	1772	5535
1787676827.583987425	s1-eth4	1898	5731
1787676827.583987425	s1-eth5	1772	5304
1787676827.583987425	s1-eth6	1772	5625
1787676827.583987425	s1-eth7	491941333	8781
1787676827.583987425	s1-eth8	1612	5625
1787676827.583987425	s1-eth9	1772	5535
1787676827.583987425	s2-eth1	3143660960	1574431930
1787676827.583987425	s2-eth10	1682	5575
1787676827.583987425	s2-eth11	492018912	8626
1787676827.583987425	s2-eth12	1682	5465
1787676827.583987425	s2-eth13	1772	5394
1787676827.583987425	s2-eth14	1772	5625
1787676827.583987425	s2-eth15	492069425	8717
1787676827.583987425	s2-eth16	1772	5535
1787676827.583987425	s2-eth17	1682	5625
1787676827.583987425	s2-eth18	1772	5535
1787676827.583987425	s2-eth19	4906	1909817339
1787676827.583987425	s2-eth2	27890	30326
1787676827.583987425	s2-eth20	1702	5535
1787676827.583987425	s2-eth21	1612	5555
1787676827.583987425	s2-eth22	1682	5535
1787676827.583987425	s2-eth23	4149	266765861
1787676827.583987425	s2-eth24	1772	5515
1787676827.583987425	s2-eth25	1682	5625
1787676827.583987425	s2-eth26	1772	5535
1787676827.583987425	s2-eth27	4876	481223618
1787676827.583987425	s2-eth28	1772	5465
1787676827.583987425	s2-eth29	1612	5535
1787676827.583987425	s2-eth3	98463942	8777
1787676827.583987425	s2-eth30	1772	5515
1787676827.583987425	s2-eth31	4695	481157207
1787676827.583987425	s2-eth32	1522	5645
1787676827.583987425	s2-eth33	1682	5625
1787676827.583987425	s2-eth34	1682	5535
1787676827.583987425	s2-eth4	1772	5625
1787676827.583987425	s2-eth5	1682	5535
1787676827.583987425	s2-eth6	1612	5535
1787676827.583987425	s2-eth7	492413875	8563
1787676827.583987425	s2-eth8	1772	5535
1787676827.583987425	s2-eth9	1772	5535
1787676827.583987425	s3-eth1	3313264932	1357033722
1787676827.583987425	s3-eth10	1682	5535
1787676827.583987425	s3-eth11	4546	474116031
1787676827.583987425	s3-eth12	1682	5625
1787676827.583987425	s3-eth13	1702	5625
1787676827.583987425	s3-eth14	1772	5625
1787676827.583987425	s3-eth15	4934	474180823
1787676827.583987425	s3-eth16	1522	5535
1787676827.583987425	s3-eth17	1772	5625
1787676827.583987425	s3-eth18	1772	5625
1787676827.583987425	s3-eth19	98511437	8600
1787676827.583987425	s3-eth2	27617	30256
1787676827.583987425	s3-eth20	1682	5535
1787676827.583987425	s3-eth21	1452	5425
1787676827.583987425	s3-eth22	1682	5465
1787676827.583987425	s3-eth23	273671042	7970
1787676827.583987425	s3-eth24	1452	5465
1787676827.583987425	s3-eth25	1682	5555
1787676827.583987425	s3-eth26	1522	5535
1787676827.583987425	s3-eth27	492564105	8770
1787676827.583987425	s3-eth28	1612	5625
1787676827.583987425	s3-eth29	1682	5535
1787676827.583987425	s3-eth3	4705	1882087530
1787676827.583987425	s3-eth30	1682	5535
1787676827.583987425	s3-eth31	492587041	8622
1787676827.583987425	s3-eth32	1772	5535
1787676827.583987425	s3-eth33	1522	5535
1787676827.583987425	s3-eth34	1772	5535
1787676827.583987425	s3-eth4	1682	5625
1787676827.583987425	s3-eth5	1772	5465
1787676827.583987425	s3-eth6	1772	5625
1787676827.583987425	s3-eth7	4998	474668518
1787676827.583987425	s3-eth8	1522	5445
1787676827.583987425	s3-eth9	1772	5535
1787676827.583987425	s4-eth1	2911151135	54731
1787676827.583987425	s4-eth10	1682	5515
1787676827.583987425	s4-eth11	4543	485083771
1787676827.583987425	s4-eth12	1522	5585
1787676827.583987425	s4-eth13	1772	5535
1787676827.583987425	s4-eth14	1522	5465
1787676827.583987425	s4-eth15	4614	485033414
1787676827.583987425	s4-eth16	1682	5535
1787676827.583987425	s4-eth17	1612	5445
1787676827.583987425	s4-eth18	1682	5515
1787676827.583987425	s4-eth19	4767	98471940
1787676827.583987425	s4-eth2	30326	30326
1787676827.583987425	s4-eth20	1702	5585
1787676827.583987425	s4-eth21	1522	5535
1787676827.583987425	s4-eth22	1702	5585
1787676827.583987425	s4-eth23	4157	273723813
1787676827.583987425	s4-eth24	1452	5625
1787676827.583987425	s4-eth25	1682	5515
1787676827.583987425	s4-eth26	1522	5515
1787676827.583987425	s4-eth27	4757	492357496
1787676827.583987425	s4-eth28	1612	5465
1787676827.583987425	s4-eth29	1452	5535
1787676827.583987425	s4-eth3	4674	97064643
1787676827.583987425	s4-eth30	1522	5515
1787676827.583987425	s4-eth31	4859	492420668
1787676827.583987425	s4-eth32	1682	5515
1787676827.583987425	s4-eth33	1772	5515
1787676827.583987425	s4-eth34	1522	5625
1787676827.583987425	s4-eth4	1772	5465
1787676827.583987425	s4-eth5	1682	5515
1787676827.583987425	s4-eth6	1682	5515
1787676827.583987425	s4-eth7	4480	485550834
1787676827.583987425	s4-eth8	1682	5515
1787676827.583987425	s4-eth9	1682	5535
1787676827.583987425	s5-eth1	6638106233	54799
1787676827.583987425	s5-eth2	1577780254	3150122562
1787676827.583987425	s5-eth3	55194	30326
1787676827.583987425	s5-eth4	31249	4939995844
1787676827.583987425	s6-eth1	30326	30459
1787676827.583987425	s6-eth2	30326	27890
1787676827.583987425	s6-eth3	30326	30326
1787676827.583987425	s6-eth4	31249	30326
1787676827.583987425	s7-eth1	1359085688	3317025668
1787676827.583987425	s7-eth2	54731	2914278833
1787676827.583987425	s7-eth3	30326	55124
1787676827.583987425	s7-eth4	4906575397	30326
1787676827.583987425	s8-eth1	30256	27617
1787676827.583987425	s8-eth2	30326	30326
1787676827.583987425	s8-eth3	30326	27890
1787676827.583987425	s8-eth4	31249	30256
1787676827.583987425	s9-eth1	30326	55194
1787676827.583987425	s9-eth2	30326	30326
1787676827.583987425	s9-eth3	55124	30326
1787676827.583987425	s9-eth4	27890	30326
1787676832.322888952	s10-eth1	4954447568	31249
1787676832.322888952	s10-eth2	30326	31249
1787676832.322888952	s10-eth3	30326	4920565681
1787676832.322888952	s10-eth4	30256	31249
1787676832.322888952	s1-eth1	54799	6659205577
1787676832.322888952	s1-eth10	1702	5555
1787676832.322888952	s1-eth11	494542414	8719
1787676832.322888952	s1-eth12	1682	5555
1787676832.322888952	s1-eth13	1772	5625
1787676832.322888952	s1-eth14	1772	5625
1787676832.322888952	s1-eth15	494569800	8697
1787676832.322888952	s1-eth16	1702	5625
1787676832.322888952	s1-eth17	1702	5535
1787676832.322888952	s1-eth18	1772	5625
1787676832.322888952	s1-eth19	1978372172	8689
1787676832.322888952	s1-eth2	30459	30326
1787676832.322888952	s1-eth20	1612	5394
1787676832.322888952	s1-eth21	1702	5625
1787676832.322888952	s1-eth22	1772	5625
1787676832.322888952	s1-eth23	275771760	8002
1787676832.322888952	s1-eth24	1702	5535
1787676832.322888952	s1-eth25	1772	5625
1787676832.322888952	s1-eth26	1772	5535
1787676832.322888952	s1-eth27	494705189	8729
1787676832.322888952	s1-eth28	1772	5625
1787676832.322888952	s1-eth29	1772	5625
1787676832.322888952	s1-eth3	1978950223	8754
1787676832.322888952	s1-eth30	1612	5535
1787676832.322888952	s1-eth31	494784670	8728
1787676832.322888952	s1-eth32	1682	5535
1787676832.322888952	s1-eth33	1772	5625
1787676832.322888952	s1-eth34	1772	5535
1787676832.322888952	s1-eth4	1898	5731
1787676832.322888952	s1-eth5	1772	5304
1787676832.322888952	s1-eth6	1772	5625
1787676832.322888952	s1-eth7	494819565	8781
1787676832.322888952	s1-eth8	1612	5625
1787676832.322888952	s1-eth9	1772	5535
1787676832.322888952	s2-eth1	3161758060	1583493458
1787676832.322888952	s2-eth10	1682	5575
1787676832.322888952	s2-eth11	494846674	8626
1787676832.322888952	s2-eth12	1682	5465
1787676832.322888952	s2-eth13	1772	5394
1787676832.322888952	s2-eth14	1772	5625
1787676832.322888952	s2-eth15	494866905	8717
1787676832.322888952	s2-eth16	1772	5535
1787676832.322888952	s2-eth17	1682	5625
1787676832.322888952	s2-eth18	1772	5535
1787676832.322888952	s2-eth19	4906	1919520557
1787676832.322888952	s2-eth2	27890	30326
1787676832.322888952	s2-eth20	1702	5535
1787676832.322888952	s2-eth21	1612	5555
1787676832.322888952	s2-eth22	1682	5535
1787676832.322888952	s2-eth23	4149	269315317
1787676832.322888952	s2-eth24	1772	5515
1787676832.322888952	s2-eth25	1682	5625
1787676832.322888952	s2-eth26	1772	5535
1787676832.322888952	s2-eth27	4876	483764422
1787676832.322888952	s2-eth28	1772	5465
1787676832.322888952	s2-eth29	1612	5535
1787676832.322888952	s2-eth3	99017670	8777
1787676832.322888952	s2-eth30	1772	5515
1787676832.322888952	s2-eth31	4695	483715315
1787676832.322888952	s2-eth32	1522	5645
1787676832.322888952	s2-eth33	1682	5625
1787676832.322888952	s2-eth34	1682	5535
1787676832.322888952	s2-eth4	1772	5625
1787676832.322888952	s2-eth5	1682	5535
1787676832.322888952	s2-eth6	1612	5535
1787676832.322888952	s2-eth7	495133487	8563
1787676832.322888952	s2-eth8	1772	5535
1787676832.322888952	s2-eth9	1772	5535
1787676832.322888952	s3-eth1	3330475229	1365752081
1787676832.322888952	s3-eth10	1682	5535
1787676832.322888952	s3-eth11	4546	476580409
1787676832.322888952	s3-eth12	1682	5625
1787676832.322888952	s3-eth13	1702	5625
1787676832.322888952	s3-eth14	1772	5625
1787676832.322888952	s3-eth15	4934	476679809
1787676832.322888952	s3-eth16	1522	5535
1787676832.322888952	s3-eth17	1772	5625
1787676832.322888952	s3-eth18	1772	5625
1787676832.322888952	s3-eth19	99073817	8600
1787676832.322888952	s3-eth2	27644	30283
1787676832.322888952	s3-eth20	1682	5535
1787676832.322888952	s3-eth21	1452	5425
1787676832.322888952	s3-eth22	1682	5465
1787676832.322888952	s3-eth23	276524760	7970
1787676832.322888952	s3-eth24	1452	5465
1787676832.322888952	s3-eth25	1682	5555
1787676832.322888952	s3-eth26	1522	5535
1787676832.322888952	s3-eth27	495466851	8770
1787676832.322888952	s3-eth28	1612	5625
1787676832.322888952	s3-eth29	1682	5535
1787676832.322888952	s3-eth3	4705	1892653064
1787676832.322888952	s3-eth30	1682	5535
1787676832.322888952	s3-eth31	495507091	8622
1787676832.322888952	s3-eth32	1772	5535
1787676832.322888952	s3-eth33	1522	5535
1787676832.322888952	s3-eth34	1772	5535
1787676832.322888952	s3-eth4	1682	5625
1787676832.322888952	s3-eth5	1772	5465
1787676832.322888952	s3-eth6	1772	5625
1787676832.322888952	s3-eth7	4998	477373710
1787676832.322888952	s3-eth8	1522	5445
1787676832.322888952	s3-eth9	1772	5535
1787676832.322888952	s4-eth1	2929647696	54758
1787676832.322888952	s4-eth10	1682	5515
1787676832.322888952	s4-eth11	4543	487927395
1787676832.322888952	s4-eth12	1522	5585
1787676832.322888952	s4-eth13	1772	5535
1787676832.322888952	s4-eth14	1522	5465
1787676832.322888952	s4-eth15	4614	487885690
1787676832.322888952	s4-eth16	1682	5535
1787676832.322888952	s4-eth17	1612	5445
1787676832.322888952	s4-eth18	1682	5515
1787676832.322888952	s4-eth19	4767	99074696
1787676832.322888952	s4-eth2	30353	30353
1787676832.322888952	s4-eth20	1702	5585
1787676832.322888952	s4-eth21	1522	5535
1787676832.322888952	s4-eth22	1702	5585
1787676832.322888952	s4-eth23	4157	276700101
1787676832.322888952	s4-eth24	1452	5625
1787676832.322888952	s4-eth25	1682	5515
1787676832.322888952	s4-eth26	1522	5515
1787676832.322888952	s4-eth27	4757	495325132
1787676832.322888952	s4-eth28	1612	5465
1787676832.322888952	s4-eth29	1452	5535
1787676832.322888952	s4-eth3	4674	97619813
1787676832.322888952	s4-eth30	1522	5515
1787676832.322888952	s4-eth31	4859	495343602
1787676832.322888952	s4-eth32	1682	5515
1787676832.322888952	s4-eth33	1772	5515
1787676832.322888952	s4-eth34	1522	5625
1787676832.322888952	s4-eth4	1772	5465
1787676832.322888952	s4-eth5	1682	5515
1787676832.322888952	s4-eth6	1682	5515
1787676832.322888952	s4-eth7	4480	488250258
1787676832.322888952	s4-eth8	1682	5515
1787676832.322888952	s4-eth9	1682	5535
1787676832.322888952	s5-eth1	6678427464	54826
1787676832.322888952	s5-eth2	1586899489	3169217553
1787676832.322888952	s5-eth3	55221	30353
1787676832.322888952	s5-eth4	31277	4968175435
1787676832.322888952	s6-eth1	30353	30486
1787676832.322888952	s6-eth2	30353	27917
1787676832.322888952	s6-eth3	30353	30353
1787676832.322888952	s6-eth4	31277	30353
1787676832.322888952	s7-eth1	1368352007	3335790441
1787676832.322888952	s7-eth2	54758	2932211572
1787676832.322888952	s7-eth3	30353	55151
1787676832.322888952	s7-eth4	4934453611	30353
1787676832.322888952	s8-eth1	30283	27644
1787676832.322888952	s8-eth2	30353	30353
1787676832.322888952	s8-eth3	30353	27917
1787676832.322888952	s8-eth4	31277	30283
1787676832.322888952	s9-eth1	30353	55221
1787676832.322888952	s9-eth2	30353	30353
1787676832.322888952	s9-eth3	55151	30353
1787676832.322888952	s9-eth4	27917	30353
1787676836.858548138	s10-eth1	4982899697	31277
1787676836.858548138	s10-eth2	30353	31277
1787676836.858548138	s10-eth3	30353	4948528973
1787676836.858548138	s10-eth4	30283	31277
1787676836.858548138	s1-eth1	54826	6699715710
1787676836.858548138	s1-eth10	1702	5555
1787676836.858548138	s1-eth11	497488420	8719
1787676836.858548138	s1-eth12	1682	5555
1787676836.858548138	s1-eth13	1772	5625
1787676836.858548138	s1-eth14	1772	5625
1787676836.858548138	s1-eth15	497533110	8697
1787676836.858548138	s1-eth16	1702	5625
1787676836.858548138	s1-eth17	1702	5535
1787676836.858548138	s1-eth18	1772	5625
1787676836.858548138	s1-eth19	1990213876	8689
1787676836.858548138	s1-eth2	30486	30353
1787676836.858548138	s1-eth20	1612	5394
1787676836.858548138	s1-eth21	1702	5625
1787676836.858548138	s1-eth22	1772	5625
1787676836.858548138	s1-eth23	278735070	8002
1787676836.858548138	s1-eth24	1702	5535
1787676836.858548138	s1-eth25	1772	5625
1787676836.858548138	s1-eth26	1772	5535
1787676836.858548138	s1-eth27	497649753	8729
1787676836.858548138	s1-eth28	1772	5625
1787676836.858548138	s1-eth29	1772	5625
1787676836.858548138	s1-eth3	1990698197	8754
1787676836.858548138	s1-eth30	1612	5535
1787676836.858548138	s1-eth31	497696068	8728
1787676836.858548138	s1-eth32	1682	5535
1787676836.858548138	s1-eth33	1772	5625
1787676836.858548138	s1-eth34	1772	5535
1787676836.858548138	s1-eth4	1898	5731
1787676836.858548138	s1-eth5	1772	5304
1787676836.858548138	s1-eth6	1772	5625
1787676836.858548138	s1-eth7	497767013	8781
1787676836.858548138	s1-eth8	1612	5625
1787676836.858548138	s1-eth9	1772	5535
1787676836.858548138	s2-eth1	3181829285	1592862159
1787676836.858548138	s2-eth10	1682	5575
1787676836.858548138	s2-eth11	497820078	8626
1787676836.858548138	s2-eth12	1682	5465
1787676836.858548138	s2-eth13	1772	5394
1787676836.858548138	s2-eth14	1772	5625
1787676836.858548138	s2-eth15	497863381	8717
1787676836.858548138	s2-eth16	1772	5535
1787676836.858548138	s2-eth17	1682	5625
1787676836.858548138	s2-eth18	1772	5535
1787676836.858548138	s2-eth19	4906	1931107027
1787676836.858548138	s2-eth2	27917	30353
1787676836.858548138	s2-eth20	1702	5535
1787676836.858548138	s2-eth21	1612	5555
1787676836.858548138	s2-eth22	1682	5535
1787676836.858548138	s2-eth23	4149	272216621
1787676836.858548138	s2-eth24	1772	5515
1787676836.858548138	s2-eth25	1682	5625
1787676836.858548138	s2-eth26	1772	5535
1787676836.858548138	s2-eth27	4876	486634002
1787676836.858548138	s2-eth28	1772	5465
1787676836.858548138	s2-eth29	1612	5535
1787676836.858548138	s2-eth3	99623310	8777
1787676836.858548138	s2-eth30	1772	5515
1787676836.858548138	s2-eth31	4695	486631039
1787676836.858548138	s2-eth32	1522	5645
1787676836.858548138	s2-eth33	1682	5625
1787676836.858548138	s2-eth34	1682	5535
1787676836.858548138	s2-eth4	1772	5625
1787676836.858548138	s2-eth5	1682	5535
1787676836.858548138	s2-eth6	1612	5535
1787676836.858548138	s2-eth7	498261185	8563
1787676836.858548138	s2-eth8	1772	5535
1787676836.858548138	s2-eth9	1772	5535
1787676836.858548138	s3-eth1	3350941535	1375753820
1787676836.858548138	s3-eth10	1682	5535
1787676836.858548138	s3-eth11	4546	479451431
1787676836.858548138	s3-eth12	1682	5625
1787676836.858548138	s3-eth13	1702	5625
1787676836.858548138	s3-eth14	1772	5625
1787676836.858548138	s3-eth15	4934	479589765
1787676836.858548138	s3-eth16	1522	5535
1787676836.858548138	s3-eth17	1772	5625
1787676836.858548138	s3-eth18	1772	5625
1787676836.858548138	s3-eth19	99708297	8600
1787676836.858548138	s3-eth2	27671	30310
1787676836.858548138	s3-eth20	1682	5535
1787676836.858548138	s3-eth21	1452	5425
1787676836.858548138	s3-eth22	1682	5465
1787676836.858548138	s3-eth23	279720232	7970
1787676836.858548138	s3-eth24	1452	5465
1787676836.858548138	s3-eth25	1682	5555
1787676836.858548138	s3-eth26	1522	5535
1787676836.858548138	s3-eth27	498672417	8770
1787676836.858548138	s3-eth28	1612	5625
1787676836.858548138	s3-eth29	1682	5535
1787676836.858548138	s3-eth3	4705	1904062168
1787676836.858548138	s3-eth30	1682	5535
1787676836.858548138	s3-eth31	498737171	8622
1787676836.858548138	s3-eth32	1772	5535
1787676836.858548138	s3-eth33	1522	5535
1787676836.858548138	s3-eth34	1772	5535
1787676836.858548138	s3-eth4	1682	5625
1787676836.858548138	s3-eth5	1772	5465
1787676836.858548138	s3-eth6	1772	5625
1787676836.858548138	s3-eth7	4998	480290876
1787676836.858548138	s3-eth8	1522	5445
1787676836.858548138	s3-eth9	1772	5535
1787676836.858548138	s4-eth1	2950222179	54785
1787676836.858548138	s4-eth10	1682	5515
1787676836.858548138	s4-eth11	4543	491069513
1787676836.858548138	s4-eth12	1522	5585
1787676836.858548138	s4-eth13	1772	5535
1787676836.858548138	s4-eth14	1522	5465
1787676836.858548138	s4-eth15	4614	491069626
1787676836.858548138	s4-eth16	1682	5535
1787676836.858548138	s4-eth17	1612	5445
1787676836.858548138	s4-eth18	1682	5515
1787676836.858548138	s4-eth19	4767	99746668
1787676836.858548138	s4-eth2	30380	30380
1787676836.858548138	s4-eth20	1702	5585
1787676836.858548138	s4-eth21	1522	5535
1787676836.858548138	s4-eth22	1702	5585
1787676836.858548138	s4-eth23	4157	280052751
1787676836.858548138	s4-eth24	1452	5625
1787676836.858548138	s4-eth25	1682	5515
1787676836.858548138	s4-eth26	1522	5515
1787676836.858548138	s4-eth27	4757	498660478
1787676836.858548138	s4-eth28	1612	5465
1787676836.858548138	s4-eth29	1452	5535
1787676836.858548138	s4-eth3	4674	98271597
1787676836.858548138	s4-eth30	1522	5515
1787676836.858548138	s4-eth31	4859	498668854
1787676836.858548138	s4-eth32	1682	5515
1787676836.858548138	s4-eth33	1772	5515
1787676836.858548138	s4-eth34	1522	5625
1787676836.858548138	s4-eth4	1772	5465
1787676836.858548138	s4-eth5	1682	5515
1787676836.858548138	s4-eth6	1682	5515
1787676836.858548138	s4-eth7	4480	491598582
1787676836.858548138	s4-eth8	1682	5515
1787676836.858548138	s4-eth9	1682	5535
1787676836.858548138	s5-eth1	6724587353	54853
1787676836.858548138	s5-eth2	1598000032	3190947078
1787676836.858548138	s5-eth3	55248	30380
1787676836.858548138	s5-eth4	31305	5001351556
1787676836.858548138	s6-eth1	30380	30513
1787676836.858548138	s6-eth2	30380	27944
1787676836.858548138	s6-eth3	30380	30380
1787676836.858548138	s6-eth4	31305	30380
1787676836.858548138	s7-eth1	1379583772	3357452192
1787676836.858548138	s7-eth2	54785	2954636141
1787676836.858548138	s7-eth3	30380	55178
1787676836.858548138	s7-eth4	4967834497	30380
1787676836.858548138	s8-eth1	30310	27671
1787676836.858548138	s8-eth2	30380	30380
1787676836.858548138	s8-eth3	30380	27944
1787676836.858548138	s8-eth4	31305	30310
1787676836.858548138	s9-eth1	30380	55248
1787676836.858548138	s9-eth2	30380	30380
1787676836.858548138	s9-eth3	55178	30380
1787676836.858548138	s9-eth4	27944	30380
1787676842.599225422	s10-eth1	5017438508	31305
1787676842.599225422	s10-eth2	30380	31305
1787676842.599225422	s10-eth3	30380	4982609229
1787676842.599225422	s10-eth4	30310	31305
1787676842.599225422	s1-eth1	54853	6748840351
1787676842.599225422	s1-eth10	1702	5555
1787676842.599225422	s1-eth11	501162636	8719
1787676842.599225422	s1-eth12	1682	5555
1787676842.599225422	s1-eth13	1772	5625
1787676842.599225422	s1-eth14	1772	5625
1787676842.599225422	s1-eth15	501187138	8697
1787676842.599225422	s1-eth16	1702	5625
1787676842.599225422	s1-eth17	1702	5535
1787676842.599225422	s1-eth18	1772	5625
1787676842.599225422	s1-eth19	2004867480	8689
1787676842.599225422	s1-eth2	30513	30380
1787676842.599225422	s1-eth20	1612	5394
1787676842.599225422	s1-eth21	1702	5625
1787676842.599225422	s1-eth22	1772	5625
1787676842.599225422	s1-eth23	282399192	8002
1787676842.599225422	s1-eth24	1702	5535
1787676842.599225422	s1-eth25	1772	5625
1787676842.599225422	s1-eth26	1772	5535
1787676842.599225422	s1-eth27	501312433	8729
1787676842.599225422	s1-eth28	1772	5625
1787676842.599225422	s1-eth29	1772	5625
1787676842.599225422	s1-eth3	2005393619	8754
1787676842.599225422	s1-eth30	1612	5535
1787676842.599225422	s1-eth31	501378936	8728
1787676842.599225422	s1-eth32	1682	5535
1787676842.599225422	s1-eth33	1772	5625
1787676842.599225422	s1-eth34	1772	5535
1787676842.599225422	s1-eth4	1898	5731
1787676842.599225422	s1-eth5	1772	5304
1787676842.599225422	s1-eth6	1772	5625
1787676842.599225422	s1-eth7	501470069	8781
1787676842.599225422	s1-eth8	1612	5625
1787676842.599225422	s1-eth9	1772	5535
1787676842.599225422	s2-eth1	3204506204	1604708216
1787676842.599225422	s2-eth10	1682	5575
1787676842.599225422	s2-eth11	501517366	8626
1787676842.599225422	s2-eth12	1682	5465
1787676842.599225422	s2-eth13	1772	5394
1787676842.599225422	s2-eth14	1772	5625
1787676842.599225422	s2-eth15	501556343	8717
1787676842.599225422	s2-eth16	1772	5535
1787676842.599225422	s2-eth17	1682	5625
1787676842.599225422	s2-eth18	1772	5535
1787676842.599225422	s2-eth19	4906	1943724527
1787676842.599225422	s2-eth2	27971	30407
1787676842.599225422	s2-eth20	1702	5535
1787676842.599225422	s2-eth21	1612	5555
1787676842.599225422	s2-eth22	1682	5535
1787676842.599225422	s2-eth23	4149	275482751
1787676842.599225422	s2-eth24	1772	5515
1787676842.599225422	s2-eth25	1682	5625
1787676842.599225422	s2-eth26	1772	5535
1787676842.599225422	s2-eth27	4876	489903016
1787676842.599225422	s2-eth28	1772	5465
1787676842.599225422	s2-eth29	1612	5535
1787676842.599225422	s2-eth3	100352962	8777
1787676842.599225422	s2-eth30	1772	5515
1787676842.599225422	s2-eth31	4695	489866887
1787676842.599225422	s2-eth32	1522	5645
1787676842.599225422	s2-eth33	1682	5625
1787676842.599225422	s2-eth34	1682	5535
1787676842.599225422	s2-eth4	1772	5625
1787676842.599225422	s2-eth5	1682	5535
1787676842.599225422	s2-eth6	1612	5535
1787676842.599225422	s2-eth7	501788317	8563
1787676842.599225422	s2-eth8	1772	5535
1787676842.599225422	s2-eth9	1772	5535
1787676842.599225422	s3-eth1	3371996231	1386893297
1787676842.599225422	s3-eth10	1682	5535
1787676842.599225422	s3-eth11	4546	482472421
1787676842.599225422	s3-eth12	1682	5625
1787676842.599225422	s3-eth13	1702	5625
1787676842.599225422	s3-eth14	1772	5625
1787676842.599225422	s3-eth15	4934	482604987
1787676842.599225422	s3-eth16	1522	5535
1787676842.599225422	s3-eth17	1772	5625
1787676842.599225422	s3-eth18	1772	5625
1787676842.599225422	s3-eth19	100403341	8600
1787676842.599225422	s3-eth2	27698	30337
1787676842.599225422	s3-eth20	1682	5535
1787676842.599225422	s3-eth21	1452	5425
1787676842.599225422	s3-eth22	1682	5465
1787676842.599225422	s3-eth23	283155076	7970
1787676842.599225422	s3-eth24	1452	5465
1787676842.599225422	s3-eth25	1682	5555
1787676842.599225422	s3-eth26	1522	5535
1787676842.599225422	s3-eth27	502065443	8770
1787676842.599225422	s3-eth28	1612	5625
1787676842.599225422	s3-eth29	1682	5535
1787676842.599225422	s3-eth3	4705	1915866380
1787676842.599225422	s3-eth30	1682	5535
1787676842.599225422	s3-eth31	502124429	8622
1787676842.599225422	s3-eth32	1772	5535
1787676842.599225422	s3-eth33	1522	5535
1787676842.599225422	s3-eth34	1772	5535
1787676842.599225422	s3-eth4	1682	5625
1787676842.599225422	s3-eth5	1772	5465
1787676842.599225422	s3-eth6	1772	5625
1787676842.599225422	s3-eth7	4998	483392618
1787676842.599225422	s3-eth8	1522	5445
1787676842.599225422	s3-eth9	1772	5535
1787676842.599225422	s4-eth1	2971899792	54812
1787676842.599225422	s4-eth10	1682	5515
1787676842.599225422	s4-eth11	4543	494410627
1787676842.599225422	s4-eth12	1522	5585
1787676842.599225422	s4-eth13	1772	5535
1787676842.599225422	s4-eth14	1522	5465
1787676842.599225422	s4-eth15	4614	494406414
1787676842.599225422	s4-eth16	1682	5535
1787676842.599225422	s4-eth17	1612	5445
1787676842.599225422	s4-eth18	1682	5515
1787676842.599225422	s4-eth19	4767	100430176
1787676842.599225422	s4-eth2	30407	30407
1787676842.599225422	s4-eth20	1702	5585
1787676842.599225422	s4-eth21	1522	5535
1787676842.599225422	s4-eth22	1702	5585
1787676842.599225422	s4-eth23	4157	283542391
1787676842.599225422	s4-eth24	1452	5625
1787676842.599225422	s4-eth25	1682	5515
1787676842.599225422	s4-eth26	1522	5515
1787676842.599225422	s4-eth27	4757	502189052
1787676842.599225422	s4-eth28	1612	5465
1787676842.599225422	s4-eth29	1452	5535
1787676842.599225422	s4-eth3	4674	98965199
1787676842.599225422	s4-eth30	1522	5515
1787676842.599225422	s4-eth31	4859	502245014
1787676842.599225422	s4-eth32	1682	5515
1787676842.599225422	s4-eth33	1772	5515
1787676842.599225422	s4-eth34	1522	5625
1787676842.599225422	s4-eth4	1772	5465
1787676842.599225422	s4-eth5	1682	5515
1787676842.599225422	s4-eth6	1682	5515
1787676842.599225422	s4-eth7	4480	495127156
1787676842.599225422	s4-eth8	1682	5515
1787676842.599225422	s4-eth9	1682	5535
1787676842.599225422	s5-eth1	6774751676	54880
1787676842.599225422	s5-eth2	1609608159	3215224617
1787676842.599225422	s5-eth3	55275	30407
1787676842.599225422	s5-eth4	31333	5037499639
1787676842.599225422	s6-eth1	30407	30540
1787676842.599225422	s6-eth2	30407	27971
1787676842.599225422	s6-eth3	30407	30407
1787676842.599225422	s6-eth4	31333	30407
1787676842.599225422	s7-eth1	1391478857	3381676377
1787676842.599225422	s7-eth2	54812	2978287852
1787676842.599225422	s7-eth3	30407	55205
1787676842.599225422	s7-eth4	5004376247	30407
1787676842.599225422	s8-eth1	30337	27698
1787676842.599225422	s8-eth2	30407	30407
1787676842.599225422	s8-eth3	30407	27971
1787676842.599225422	s8-eth4	31333	30337
1787676842.599225422	s9-eth1	30407	55275
1787676842.599225422	s9-eth2	30407	30407
1787676842.599225422	s9-eth3	55205	30407
1787676842.599225422	s9-eth4	27971	30407
1787676848.431229738	s10-eth1	5055234824	31361
1787676848.431229738	s10-eth2	30434	31361
1787676848.431229738	s10-eth3	30434	5020817959
1787676848.431229738	s10-eth4	30364	31361
1787676848.431229738	s1-eth1	54907	6801854093
1787676848.431229738	s1-eth10	1702	5555
1787676848.431229738	s1-eth11	504994030	8719
1787676848.431229738	s1-eth12	1682	5555
1787676848.431229738	s1-eth13	1772	5625
1787676848.431229738	s1-eth14	1772	5625
1787676848.431229738	s1-eth15	505057466	8697
1787676848.431229738	s1-eth16	1702	5625
1787676848.431229738	s1-eth17	1702	5535
1787676848.431229738	s1-eth18	1772	5625
1787676848.431229738	s1-eth19	2020430986	8689
1787676848.431229738	s1-eth2	30567	30434
1787676848.431229738	s1-eth20	1612	5394
1787676848.431229738	s1-eth21	1702	5625
1787676848.431229738	s1-eth22	1772	5625
1787676848.431229738	s1-eth23	286311338	8002
1787676848.431229738	s1-eth24	1702	5535
1787676848.431229738	s1-eth25	1772	5625
1787676848.431229738	s1-eth26	1772	5535
1787676848.431229738	s1-eth27	505257745	8729
1787676848.431229738	s1-eth28	1772	5625
1787676848.431229738	s1-eth29	1772	5625
1787676848.431229738	s1-eth3	2021226779	8754
1787676848.431229738	s1-eth30	1612	5535
1787676848.431229738	s1-eth31	505315596	8728
1787676848.431229738	s1-eth32	1682	5535
1787676848.431229738	s1-eth33	1772	5625
1787676848.431229738	s1-eth34	1772	5535
1787676848.431229738	s1-eth4	1898	5731
1787676848.431229738	s1-eth5	1772	5304
1787676848.431229738	s1-eth6	1772	5625
1787676848.431229738	s1-eth7	505457199	8781
1787676848.431229738	s1-eth8	1612	5625
1787676848.431229738	s1-eth9	1772	5535
1787676848.431229738	s2-eth1	3232299366	1617683386
1787676848.431229738	s2-eth10	1682	5575
1787676848.431229738	s2-eth11	505603994	8626
1787676848.431229738	s2-eth12	1682	5465
1787676848.431229738	s2-eth13	1772	5394
1787676848.431229738	s2-eth14	1772	5625
1787676848.431229738	s2-eth15	505654507	8717
1787676848.431229738	s2-eth16	1772	5535
1787676848.431229738	s2-eth17	1682	5625
1787676848.431229738	s2-eth18	1772	5535
1787676848.431229738	s2-eth19	4906	1959634113
1787676848.431229738	s2-eth2	27998	30434
1787676848.431229738	s2-eth20	1702	5535
1787676848.431229738	s2-eth21	1612	5555
1787676848.431229738	s2-eth22	1682	5535
1787676848.431229738	s2-eth23	4149	279507373
1787676848.431229738	s2-eth24	1772	5515
1787676848.431229738	s2-eth25	1682	5625
1787676848.431229738	s2-eth26	1772	5535
1787676848.431229738	s2-eth27	4876	493908892
1787676848.431229738	s2-eth28	1772	5465
1787676848.431229738	s2-eth29	1612	5535
1787676848.431229738	s2-eth3	101164808	8777
1787676848.431229738	s2-eth30	1772	5515
1787676848.431229738	s2-eth31	4695	493877089
1787676848.431229738	s2-eth32	1522	5645
1787676848.431229738	s2-eth33	1682	5625
1787676848.431229738	s2-eth34	1682	5535
1787676848.431229738	s2-eth4	1772	5625
1787676848.431229738	s2-eth5	1682	5535
1787676848.431229738	s2-eth6	1612	5535
1787676848.431229738	s2-eth7	505893691	8563
1787676848.431229738	s2-eth8	1772	5535
1787676848.431229738	s2-eth9	1772	5535
1787676848.431229738	s3-eth1	3399509618	1400117906
1787676848.431229738	s3-eth10	1682	5535
1787676848.431229738	s3-eth11	4546	486409081
1787676848.431229738	s3-eth12	1682	5625
1787676848.431229738	s3-eth13	1702	5625
1787676848.431229738	s3-eth14	1772	5625
1787676848.431229738	s3-eth15	4934	486527227
1787676848.431229738	s3-eth16	1522	5535
1787676848.431229738	s3-eth17	1772	5625
1787676848.431229738	s3-eth18	1772	5625
1787676848.431229738	s3-eth19	101229607	8600
1787676848.431229738	s3-eth2	27725	30364
1787676848.431229738	s3-eth20	1682	5535
1787676848.431229738	s3-eth21	1452	5425
1787676848.431229738	s3-eth22	1682	5465
1787676848.431229738	s3-eth23	287313804	7970
1787676848.431229738	s3-eth24	1452	5465
1787676848.431229738	s3-eth25	1682	5555
1787676848.431229738	s3-eth26	1522	5535
1787676848.431229738	s3-eth27	506291945	8770
1787676848.431229738	s3-eth28	1612	5625
1787676848.431229738	s3-eth29	1682	5535
1787676848.431229738	s3-eth3	4705	1931659164
1787676848.431229738	s3-eth30	1682	5535
1787676848.431229738	s3-eth31	506401401	8622
1787676848.431229738	s3-eth32	1772	5535
1787676848.431229738	s3-eth33	1522	5535
1787676848.431229738	s3-eth34	1772	5535
1787676848.431229738	s3-eth4	1682	5625
1787676848.431229738	s3-eth5	1772	5465
1787676848.431229738	s3-eth6	1772	5625
1787676848.431229738	s3-eth7	4998	487366770
1787676848.431229738	s3-eth8	1522	5445
1787676848.431229738	s3-eth9	1772	5535
1787676848.431229738	s4-eth1	2998347541	54839
1787676848.431229738	s4-eth10	1682	5515
1787676848.431229738	s4-eth11	4543	498452553
1787676848.431229738	s4-eth12	1522	5585
1787676848.431229738	s4-eth13	1772	5535
1787676848.431229738	s4-eth14	1522	5465
1787676848.431229738	s4-eth15	4614	498397870
1787676848.431229738	s4-eth16	1682	5535
1787676848.431229738	s4-eth17	1612	5445
1787676848.431229738	s4-eth18	1682	5515
1787676848.431229738	s4-eth19	4767	101250674
1787676848.431229738	s4-eth2	30434	30434
1787676848.431229738	s4-eth20	1702	5585
1787676848.431229738	s4-eth21	1522	5535
1787676848.431229738	s4-eth22	1702	5585
1787676848.431229738	s4-eth23	4157	287636229
1787676848.431229738	s4-eth24	1452	5625
1787676848.431229738	s4-eth25	1682	5515
1787676848.431229738	s4-eth26	1522	5515
1787676848.431229738	s4-eth27	4757	506278564
1787676848.431229738	s4-eth28	1612	5465
1787676848.431229738	s4-eth29	1452	5535
1787676848.431229738	s4-eth3	4674	99764067
1787676848.431229738	s4-eth30	1522	5515
1787676848.431229738	s4-eth31	4859	506320106
1787676848.431229738	s4-eth32	1682	5515
1787676848.431229738	s4-eth33	1772	5515
1787676848.431229738	s4-eth34	1522	5625
1787676848.431229738	s4-eth4	1772	5465
1787676848.431229738	s4-eth5	1682	5515
1787676848.431229738	s4-eth6	1682	5515
1787676848.431229738	s4-eth7	4480	499042186
1787676848.431229738	s4-eth8	1682	5515
1787676848.431229738	s4-eth9	1682	5535
1787676848.431229738	s5-eth1	6829430901	54907
1787676848.431229738	s5-eth2	1622391516	3241474812
1787676848.431229738	s5-eth3	55302	30434
1787676848.431229738	s5-eth4	31361	5076267836
1787676848.431229738	s6-eth1	30434	30567
1787676848.431229738	s6-eth2	30434	27998
1787676848.431229738	s6-eth3	30434	30434
1787676848.431229738	s6-eth4	31361	30434
1787676848.431229738	s7-eth1	1403985350	3406899868
1787676848.431229738	s7-eth2	54839	3002726895
1787676848.431229738	s7-eth3	30434	55232
1787676848.431229738	s7-eth4	5042198493	30434
1787676848.431229738	s8-eth1	30364	27725
1787676848.431229738	s8-eth2	30434	30434
1787676848.431229738	s8-eth3	30434	27998
1787676848.431229738	s8-eth4	31361	30364
1787676848.431229738	s9-eth1	30434	55302
1787676848.431229738	s9-eth2	30434	30434
1787676848.431229738	s9-eth3	55232	30434
1787676848.431229738	s9-eth4	27998	30434
1787676854.255479301	s10-eth1	5092204847	31389
1787676854.255479301	s10-eth2	30461	31389
1787676854.255479301	s10-eth3	30461	5057296261
1787676854.255479301	s10-eth4	30391	31389
1787676854.255479301	s1-eth1	54934	6853373896
1787676854.255479301	s1-eth10	1702	5555
1787676854.255479301	s1-eth11	508751882	8719
1787676854.255479301	s1-eth12	1682	5555
1787676854.255479301	s1-eth13	1772	5625
1787676854.255479301	s1-eth14	1772	5625
1787676854.255479301	s1-eth15	508818202	8697
1787676854.255479301	s1-eth16	1702	5625
1787676854.255479301	s1-eth17	1702	5535
1787676854.255479301	s1-eth18	1772	5625
1787676854.255479301	s1-eth19	2035449416	8689
1787676854.255479301	s1-eth2	30594	30461
1787676854.255479301	s1-eth20	1612	5394
1787676854.255479301	s1-eth21	1702	5625
1787676854.255479301	s1-eth22	1772	5625
1787676854.255479301	s1-eth23	290066306	8002
1787676854.255479301	s1-eth24	1702	5535
1787676854.255479301	s1-eth25	1772	5625
1787676854.255479301	s1-eth26	1772	5535
1787676854.255479301	s1-eth27	508993967	8729
1787676854.255479301	s1-eth28	1772	5625
1787676854.255479301	s1-eth29	1772	5625
1787676854.255479301	s1-eth3	2036131291	8754
1787676854.255479301	s1-eth30	1612	5535
1787676854.255479301	s1-eth31	509070564	8728
1787676854.255479301	s1-eth32	1682	5535
1787676854.255479301	s1-eth33	1772	5625
1787676854.255479301	s1-eth34	1772	5535
1787676854.255479301	s1-eth4	1898	5731
1787676854.255479301	s1-eth5	1772	5304
1787676854.255479301	s1-eth6	1772	5625
1787676854.255479301	s1-eth7	509204957	8781
1787676854.255479301	s1-eth8	1612	5625
1787676854.255479301	s1-eth9	1772	5535
1787676854.255479301	s2-eth1	3256760039	1629562609
1787676854.255479301	s2-eth10	1682	5575
1787676854.255479301	s2-eth11	509296956	8626
1787676854.255479301	s2-eth12	1682	5465
1787676854.255479301	s2-eth13	1772	5394
1787676854.255479301	s2-eth14	1772	5625
1787676854.255479301	s2-eth15	509357563	8717
1787676854.255479301	s2-eth16	1772	5535
1787676854.255479301	s2-eth17	1682	5625
1787676854.255479301	s2-eth18	1772	5535
1787676854.255479301	s2-eth19	4906	1973598441
1787676854.255479301	s2-eth2	28025	30461
1787676854.255479301	s2-eth20	1702	5535
1787676854.255479301	s2-eth21	1612	5555
1787676854.255479301	s2-eth22	1682	5535
1787676854.255479301	s2-eth23	4149	283128235
1787676854.255479301	s2-eth24	1772	5515
1787676854.255479301	s2-eth25	1682	5625
1787676854.255479301	s2-eth26	1772	5535
1787676854.255479301	s2-eth27	4876	497551384
1787676854.255479301	s2-eth28	1772	5465
1787676854.255479301	s2-eth29	1612	5535
1787676854.255479301	s2-eth3	101936278	8777
1787676854.255479301	s2-eth30	1772	5515
1787676854.255479301	s2-eth31	4695	497531117
1787676854.255479301	s2-eth32	1522	5645
1787676854.255479301	s2-eth33	1682	5625
1787676854.255479301	s2-eth34	1682	5535
1787676854.255479301	s2-eth4	1772	5625
1787676854.255479301	s2-eth5	1682	5535
1787676854.255479301	s2-eth6	1612	5535
1787676854.255479301	s2-eth7	509755367	8563
1787676854.255479301	s2-eth8	1772	5535
1787676854.255479301	s2-eth9	1772	5535
1787676854.255479301	s3-eth1	3424564395	1412504713
1787676854.255479301	s3-eth10	1682	5535
1787676854.255479301	s3-eth11	4546	490016965
1787676854.255479301	s3-eth12	1682	5625
1787676854.255479301	s3-eth13	1702	5625
1787676854.255479301	s3-eth14	1772	5625
1787676854.255479301	s3-eth15	4934	490125017
1787676854.255479301	s3-eth16	1522	5535
1787676854.255479301	s3-eth17	1772	5625
1787676854.255479301	s3-eth18	1772	5625
1787676854.255479301	s3-eth19	101998193	8600
1787676854.255479301	s3-eth2	27752	30391
1787676854.255479301	s3-eth20	1682	5535
1787676854.255479301	s3-eth21	1452	5425
1787676854.255479301	s3-eth22	1682	5465
1787676854.255479301	s3-eth23	291169712	7970
1787676854.255479301	s3-eth24	1452	5465
1787676854.255479301	s3-eth25	1682	5555
1787676854.255479301	s3-eth26	1522	5535
1787676854.255479301	s3-eth27	510108919	8770
1787676854.255479301	s3-eth28	1612	5625
1787676854.255479301	s3-eth29	1682	5535
1787676854.255479301	s3-eth3	4705	1945412960
1787676854.255479301	s3-eth30	1682	5535
1787676854.255479301	s3-eth31	510179441	8622
1787676854.255479301	s3-eth32	1772	5535
1787676854.255479301	s3-eth33	1522	5535
1787676854.255479301	s3-eth34	1772	5535
1787676854.255479301	s3-eth4	1682	5625
1787676854.255479301	s3-eth5	1772	5465
1787676854.255479301	s3-eth6	1772	5625
1787676854.255479301	s3-eth7	4998	490914090
1787676854.255479301	s3-eth8	1522	5445
1787676854.255479301	s3-eth9	1772	5535
1787676854.255479301	s4-eth1	3022728904	54866
1787676854.255479301	s4-eth10	1682	5515
1787676854.255479301	s4-eth11	4543	502213289
1787676854.255479301	s4-eth12	1522	5585
1787676854.255479301	s4-eth13	1772	5535
1787676854.255479301	s4-eth14	1522	5465
1787676854.255479301	s4-eth15	4614	502200424
1787676854.255479301	s4-eth16	1682	5535
1787676854.255479301	s4-eth17	1612	5445
1787676854.255479301	s4-eth18	1682	5515
1787676854.255479301	s4-eth19	4767	102029354
1787676854.255479301	s4-eth2	30461	30461
1787676854.255479301	s4-eth20	1702	5585
1787676854.255479301	s4-eth21	1522	5535
1787676854.255479301	s4-eth22	1702	5585
1787676854.255479301	s4-eth23	4157	291539723
1787676854.255479301	s4-eth24	1452	5625
1787676854.255479301	s4-eth25	1682	5515
1787676854.255479301	s4-eth26	1522	5515
1787676854.255479301	s4-eth27	4757	510225318
1787676854.255479301	s4-eth28	1612	5465
1787676854.255479301	s4-eth29	1452	5535
1787676854.255479301	s4-eth3	4674	100536979
1787676854.255479301	s4-eth30	1522	5515
1787676854.255479301	s4-eth31	4859	510278396
1787676854.255479301	s4-eth32	1682	5515
1787676854.255479301	s4-eth33	1772	5515
1787676854.255479301	s4-eth34	1522	5625
1787676854.255479301	s4-eth4	1772	5465
1787676854.255479301	s4-eth5	1682	5515
1787676854.255479301	s4-eth6	1682	5515
1787676854.255479301	s4-eth7	4480	502913956
1787676854.255479301	s4-eth8	1682	5515
1787676854.255479301	s4-eth9	1682	5535
1787676854.255479301	s5-eth1	6883987556	54934
1787676854.255479301	s5-eth2	1635121519	3267827389
1787676854.255479301	s5-eth3	55329	30461
1787676854.255479301	s5-eth4	31389	5115174465
1787676854.255479301	s6-eth1	30461	30594
1787676854.255479301	s6-eth2	30461	28025
1787676854.255479301	s6-eth3	30461	30461
1787676854.255479301	s6-eth4	31389	30461
1787676854.255479301	s7-eth1	1416801873	3432776585
1787676854.255479301	s7-eth2	54866	3028039790
1787676854.255479301	s7-eth3	30461	55259
1787676854.255479301	s7-eth4	5080558605	30461
1787676854.255479301	s8-eth1	30391	27779
1787676854.255479301	s8-eth2	30488	30488
1787676854.255479301	s8-eth3	30488	28052
1787676854.255479301	s8-eth4	31417	30418
1787676854.255479301	s9-eth1	30488	55356
1787676854.255479301	s9-eth2	30488	30488
1787676854.255479301	s9-eth3	55286	30488
1787676854.255479301	s9-eth4	28052	30488
1787676860.394776956	s10-eth1	5130527466	31417
1787676860.394776956	s10-eth2	30488	31417
1787676860.394776956	s10-eth3	30488	5094818571
1787676860.394776956	s10-eth4	30418	31417
1787676860.394776956	s1-eth1	54961	6906810117
1787676860.394776956	s1-eth10	1702	5555
1787676860.394776956	s1-eth11	512638072	8719
1787676860.394776956	s1-eth12	1682	5555
1787676860.394776956	s1-eth13	1772	5625
1787676860.394776956	s1-eth14	1772	5625
1787676860.394776956	s1-eth15	512669784	8697
1787676860.394776956	s1-eth16	1702	5625
1787676860.394776956	s1-eth17	1702	5535
1787676860.394776956	s1-eth18	1772	5625
1787676860.394776956	s1-eth19	2050777876	8689
1787676860.394776956	s1-eth2	30621	30488
1787676860.394776956	s1-eth20	1612	5394
1787676860.394776956	s1-eth21	1702	5625
1787676860.394776956	s1-eth22	1772	5625
1787676860.394776956	s1-eth23	293867418	8002
1787676860.394776956	s1-eth24	1702	5535
1787676860.394776956	s1-eth25	1772	5625
1787676860.394776956	s1-eth26	1772	5535
1787676860.394776956	s1-eth27	512776333	8729
1787676860.394776956	s1-eth28	1772	5625
1787676860.394776956	s1-eth29	1772	5625
1787676860.394776956	s1-eth3	2051205959	8754
1787676860.394776956	s1-eth30	1612	5535
1787676860.394776956	s1-eth31	512818322	8728
1787676860.394776956	s1-eth32	1682	5535
1787676860.394776956	s1-eth33	1772	5625
1787676860.394776956	s1-eth34	1772	5535
1787676860.394776956	s1-eth4	1898	5731
1787676860.394776956	s1-eth5	1772	5304
1787676860.394776956	s1-eth6	1772	5625
1787676860.394776956	s1-eth7	512895035	8781
1787676860.394776956	s1-eth8	1612	5625
1787676860.394776956	s1-eth9	1772	5535
1787676860.394776956	s2-eth1	3280969804	1641258698
1787676860.394776956	s2-eth10	1682	5575
1787676860.394776956	s2-eth11	512945216	8626
1787676860.394776956	s2-eth12	1682	5465
1787676860.394776956	s2-eth13	1772	5394
1787676860.394776956	s2-eth14	1772	5625
1787676860.394776956	s2-eth15	513041873	8717
1787676860.394776956	s2-eth16	1772	5535
1787676860.394776956	s2-eth17	1682	5625
1787676860.394776956	s2-eth18	1772	5535
1787676860.394776956	s2-eth19	4906	1987388287
1787676860.394776956	s2-eth2	28052	30488
1787676860.394776956	s2-eth20	1702	5535
1787676860.394776956	s2-eth21	1612	5555
1787676860.394776956	s2-eth22	1682	5535
1787676860.394776956	s2-eth23	4149	286555869
1787676860.394776956	s2-eth24	1772	5515
1787676860.394776956	s2-eth25	1682	5625
1787676860.394776956	s2-eth26	1772	5535
1787676860.394776956	s2-eth27	4876	500980460
1787676860.394776956	s2-eth28	1772	5465
1787676860.394776956	s2-eth29	1612	5535
1787676860.394776956	s2-eth3	102661604	8777
1787676860.394776956	s2-eth30	1772	5515
1787676860.394776956	s2-eth31	4695	500886651
1787676860.394776956	s2-eth32	1522	5645
1787676860.394776956	s2-eth33	1682	5625
1787676860.394776956	s2-eth34	1682	5535
1787676860.394776956	s2-eth4	1772	5625
1787676860.394776956	s2-eth5	1682	5535
1787676860.394776956	s2-eth6	1612	5535
1787676860.394776956	s2-eth7	513425257	8563
1787676860.394776956	s2-eth8	1772	5535
1787676860.394776956	s2-eth9	1772	5535
1787676860.394776956	s3-eth1	3448197360	1424278670
1787676860.394776956	s3-eth10	1682	5535
1787676860.394776956	s3-eth11	4546	493422969
1787676860.394776956	s3-eth12	1682	5625
1787676860.394776956	s3-eth13	1702	5625
1787676860.394776956	s3-eth14	1772	5625
1787676860.394776956	s3-eth15	4934	493535347
1787676860.394776956	s3-eth16	1522	5535
1787676860.394776956	s3-eth17	1772	5625
1787676860.394776956	s3-eth18	1772	5625
1787676860.394776956	s3-eth19	102742265	8600
1787676860.394776956	s3-eth2	27779	30418
1787676860.394776956	s3-eth20	1682	5535
1787676860.394776956	s3-eth21	1452	5425
1787676860.394776956	s3-eth22	1682	5465
1787676860.394776956	s3-eth23	294885746	7970
1787676860.394776956	s3-eth24	1452	5465
1787676860.394776956	s3-eth25	1682	5555
1787676860.394776956	s3-eth26	1522	5535
1787676860.394776956	s3-eth27	513817743	8770
1787676860.394776956	s3-eth28	1612	5625
1787676860.394776956	s3-eth29	1682	5535
1787676860.394776956	s3-eth3	4705	1959199922
1787676860.394776956	s3-eth30	1682	5535
1787676860.394776956	s3-eth31	513891149	8622
1787676860.394776956	s3-eth32	1772	5535
1787676860.394776956	s3-eth33	1522	5535
1787676860.394776956	s3-eth34	1772	5535
1787676860.394776956	s3-eth4	1682	5625
1787676860.394776956	s3-eth5	1772	5465
1787676860.394776956	s3-eth6	1772	5625
1787676860.394776956	s3-eth7	4998	494452758
1787676860.394776956	s3-eth8	1522	5445
1787676860.394776956	s3-eth9	1772	5535
1787676860.394776956	s4-eth1	3046491649	54893
1787676860.394776956	s4-eth10	1682	5515
1787676860.394776956	s4-eth11	4543	505906251
1787676860.394776956	s4-eth12	1522	5585
1787676860.394776956	s4-eth13	1772	5535
1787676860.394776956	s4-eth14	1522	5465
1787676860.394776956	s4-eth15	4614	505858778
1787676860.394776956	s4-eth16	1682	5535
1787676860.394776956	s4-eth17	1612	5445
1787676860.394776956	s4-eth18	1682	5515
1787676860.394776956	s4-eth19	4767	102777752
1787676860.394776956	s4-eth2	30488	30488
1787676860.394776956	s4-eth20	1702	5585
1787676860.394776956	s4-eth21	1522	5535
1787676860.394776956	s4-eth22	1702	5585
1787676860.394776956	s4-eth23	4157	295242779
1787676860.394776956	s4-eth24	1452	5625
1787676860.394776956	s4-eth25	1682	5515
1787676860.394776956	s4-eth26	1522	5515
1787676860.394776956	s4-eth27	4757	513883672
1787676860.394776956	s4-eth28	1612	5465
1787676860.394776956	s4-eth29	1452	5535
1787676860.394776956	s4-eth3	4674	101246443
1787676860.394776956	s4-eth30	1522	5515
1787676860.394776956	s4-eth31	4859	513929540
1787676860.394776956	s4-eth32	1682	5515
1787676860.394776956	s4-eth33	1772	5515
1787676860.394776956	s4-eth34	1522	5625
1787676860.394776956	s4-eth4	1772	5465
1787676860.394776956	s4-eth5	1682	5515
1787676860.394776956	s4-eth6	1682	5515
1787676860.394776956	s4-eth7	4480	506474254
1787676860.394776956	s4-eth8	1682	5515
1787676860.394776956	s4-eth9	1682	5535
1787676860.394776956	s5-eth1	6934815226	54988
1787676860.394776956	s5-eth2	1646839265	3292755297
1787676860.394776956	s5-eth3	55383	30515
1787676860.394776956	s5-eth4	31445	5151776805
1787676860.394776956	s6-eth1	30515	30648
1787676860.394776956	s6-eth2	30515	28079
1787676860.394776956	s6-eth3	30515	30515
1787676860.394776956	s6-eth4	31445	30515
1787676860.394776956	s7-eth1	1428500873	3457049825
1787676860.394776956	s7-eth2	54920	3051182502
1787676860.394776956	s7-eth3	30515	55313
1787676860.394776956	s7-eth4	5116976371	30515
1787676860.394776956	s8-eth1	30445	27806
1787676860.394776956	s8-eth2	30515	30515
1787676860.394776956	s8-eth3	30515	28079
1787676860.394776956	s8-eth4	31445	30445
1787676860.394776956	s9-eth1	30515	55383
1787676860.394776956	s9-eth2	30515	30515
1787676860.394776956	s9-eth3	55313	30515
1787676860.394776956	s9-eth4	28079	30515
1787676866.255388740	s10-eth1	5167321565	31445
1787676866.255388740	s10-eth2	30515	31445
1787676866.255388740	s10-eth3	30515	5131236309
1787676866.255388740	s10-eth4	30445	31445
1787676866.255388740	s1-eth1	54988	6959225402
1787676866.255388740	s1-eth10	1702	5555
1787676866.255388740	s1-eth11	516462256	8719
1787676866.255388740	s1-eth12	1682	5555
1787676866.255388740	s1-eth13	1772	5625
1787676866.255388740	s1-eth14	1772	5625
1787676866.255388740	s1-eth15	516530018	8697
1787676866.255388740	s1-eth16	1702	5625
1787676866.255388740	s1-eth17	1702	5535
1787676866.255388740	s1-eth18	1772	5625
1787676866.255388740	s1-eth19	2066298122	8689
1787676866.255388740	s1-eth2	30648	30515
1787676866.255388740	s1-eth20	1612	5394
1787676866.255388740	s1-eth21	1702	5625
1787676866.255388740	s1-eth22	1772	5625
1787676866.255388740	s1-eth23	297765144	8002
1787676866.255388740	s1-eth24	1702	5535
1787676866.255388740	s1-eth25	1772	5625
1787676866.255388740	s1-eth26	1772	5535
1787676866.255388740	s1-eth27	516695689	8729
1787676866.255388740	s1-eth28	1772	5625
1787676866.255388740	s1-eth29	1772	5625
1787676866.255388740	s1-eth3	2066956925	8754
1787676866.255388740	s1-eth30	1612	5535
1787676866.255388740	s1-eth31	516779496	8728
1787676866.255388740	s1-eth32	1682	5535
1787676866.255388740	s1-eth33	1772	5625
1787676866.255388740	s1-eth34	1772	5535
1787676866.255388740	s1-eth4	1898	5731
1787676866.255388740	s1-eth5	1772	5304
1787676866.255388740	s1-eth6	1772	5625
1787676866.255388740	s1-eth7	516887933	8781
1787676866.255388740	s1-eth8	1612	5625
1787676866.255388740	s1-eth9	1772	5535
1787676866.255388740	s2-eth1	3307319497	1654121365
1787676866.255388740	s2-eth10	1682	5575
1787676866.255388740	s2-eth11	516975606	8626
1787676866.255388740	s2-eth12	1682	5465
1787676866.255388740	s2-eth13	1772	5394
1787676866.255388740	s2-eth14	1772	5625
1787676866.255388740	s2-eth15	517037655	8717
1787676866.255388740	s2-eth16	1772	5535
1787676866.255388740	s2-eth17	1682	5625
1787676866.255388740	s2-eth18	1772	5535
1787676866.255388740	s2-eth19	4906	2002320197
1787676866.255388740	s2-eth2	28079	30515
1787676866.255388740	s2-eth20	1702	5535
1787676866.255388740	s2-eth21	1612	5555
1787676866.255388740	s2-eth22	1682	5535
1787676866.255388740	s2-eth23	4149	290358423
1787676866.255388740	s2-eth24	1772	5515
1787676866.255388740	s2-eth25	1682	5625
1787676866.255388740	s2-eth26	1772	5535
1787676866.255388740	s2-eth27	4876	504794550
1787676866.255388740	s2-eth28	1772	5465
1787676866.255388740	s2-eth29	1612	5535
1787676866.255388740	s2-eth3	103470566	8777
1787676866.255388740	s2-eth30	1772	5515
1787676866.255388740	s2-eth31	4695	504692089
1787676866.255388740	s2-eth32	1522	5645
1787676866.255388740	s2-eth33	1682	5625
1787676866.255388740	s2-eth34	1682	5535
1787676866.255388740	s2-eth4	1772	5625
1787676866.255388740	s2-eth5	1682	5535
1787676866.255388740	s2-eth6	1612	5535
1787676866.255388740	s2-eth7	517507559	8563
1787676866.255388740	s2-eth8	1772	5535
1787676866.255388740	s2-eth9	1772	5535
1787676866.255388740	s3-eth1	3474500909	1437308609
1787676866.255388740	s3-eth10	1682	5535
1787676866.255388740	s3-eth11	4546	497164959
1787676866.255388740	s3-eth12	1682	5625
1787676866.255388740	s3-eth13	1702	5625
1787676866.255388740	s3-eth14	1772	5625
1787676866.255388740	s3-eth15	4934	497278779
1787676866.255388740	s3-eth16	1522	5535
1787676866.255388740	s3-eth17	1772	5625
1787676866.255388740	s3-eth18	1772	5625
1787676866.255388740	s3-eth19	103551227	8600
1787676866.255388740	s3-eth2	27833	30472
1787676866.255388740	s3-eth20	1682	5535
1787676866.255388740	s3-eth21	1452	5425
1787676866.255388740	s3-eth22	1682	5465
1787676866.255388740	s3-eth23	298926230	7970
1787676866.255388740	s3-eth24	1452	5465
1787676866.255388740	s3-eth25	1682	5555
1787676866.255388740	s3-eth26	1522	5535
1787676866.255388740	s3-eth27	517863995	8770
1787676866.255388740	s3-eth28	1612	5625
1787676866.255388740	s3-eth29	1682	5535
1787676866.255388740	s3-eth3	4705	1974085688
1787676866.255388740	s3-eth30	1682	5535
1787676866.255388740	s3-eth31	517933075	8622
1787676866.255388740	s3-eth32	1772	5535
1787676866.255388740	s3-eth33	1522	5535
1787676866.255388740	s3-eth34	1772	5535
1787676866.255388740	s3-eth4	1682	5625
1787676866.255388740	s3-eth5	1772	5465
1787676866.255388740	s3-eth6	1772	5625
1787676866.255388740	s3-eth7	4998	498113996
1787676866.255388740	s3-eth8	1522	5445
1787676866.255388740	s3-eth9	1772	5535
1787676866.255388740	s4-eth1	3071572409	54947
1787676866.255388740	s4-eth10	1682	5515
1787676866.255388740	s4-eth11	4543	509773695
1787676866.255388740	s4-eth12	1522	5585
1787676866.255388740	s4-eth13	1772	5535
1787676866.255388740	s4-eth14	1522	5465
1787676866.255388740	s4-eth15	4614	509713244
1787676866.255388740	s4-eth16	1682	5535
1787676866.255388740	s4-eth17	1612	5445
1787676866.255388740	s4-eth18	1682	5515
1787676866.255388740	s4-eth19	4767	103566526
1787676866.255388740	s4-eth2	30542	30542
1787676866.255388740	s4-eth20	1702	5585
1787676866.255388740	s4-eth21	1522	5535
1787676866.255388740	s4-eth22	1702	5585
1787676866.255388740	s4-eth23	4157	299221257
1787676866.255388740	s4-eth24	1452	5625
1787676866.255388740	s4-eth25	1682	5515
1787676866.255388740	s4-eth26	1522	5515
1787676866.255388740	s4-eth27	4757	517879454
1787676866.255388740	s4-eth28	1612	5465
1787676866.255388740	s4-eth29	1452	5535
1787676866.255388740	s4-eth3	4674	102033775
1787676866.255388740	s4-eth30	1522	5515
1787676866.255388740	s4-eth31	4859	517957046
1787676866.255388740	s4-eth32	1682	5515
1787676866.255388740	s4-eth33	1772	5515
1787676866.255388740	s4-eth34	1522	5625
1787676866.255388740	s4-eth4	1772	5465
1787676866.255388740	s4-eth5	1682	5515
1787676866.255388740	s4-eth6	1682	5515
1787676866.255388740	s4-eth7	4480	510448406
1787676866.255388740	s4-eth8	1682	5515
1787676866.255388740	s4-eth9	1682	5535
1787676866.255388740	s5-eth1	6990705731	55015
1787676866.255388740	s5-eth2	1659735098	3319386180
1787676866.255388740	s5-eth3	55410	30542
1787676866.255388740	s5-eth4	31473	5191325124
1787676866.255388740	s6-eth1	30542	30675
1787676866.255388740	s6-eth2	30542	28106
1787676866.255388740	s6-eth3	30542	30542
1787676866.255388740	s6-eth4	31473	30542
1787676866.255388740	s7-eth1	1441421220	3483181776
1787676866.255388740	s7-eth2	54947	3076765051
1787676866.255388740	s7-eth3	30542	55340
1787676866.255388740	s7-eth4	5156249269	30542
1787676866.255388740	s8-eth1	30472	27833
1787676866.255388740	s8-eth2	30542	30542
1787676866.255388740	s8-eth3	30542	28106
1787676866.255388740	s8-eth4	31473	30472
1787676866.255388740	s9-eth1	30542	55410
1787676866.255388740	s9-eth2	30542	30542
1787676866.255388740	s9-eth3	55340	30542
1787676866.255388740	s9-eth4	28106	30542
1787676872.485707365	s10-eth1	5207570696	31473
1787676872.485707365	s10-eth2	30542	31473
1787676872.485707365	s10-eth3	30542	5170990835
1787676872.485707365	s10-eth4	30472	31473
1787676872.485707365	s1-eth1	55015	7014751081
1787676872.485707365	s1-eth10	1702	5555
1787676872.485707365	s1-eth11	520421988	8719
1787676872.485707365	s1-eth12	1682	5555
1787676872.485707365	s1-eth13	1772	5625
1787676872.485707365	s1-eth14	1772	5625
1787676872.485707365	s1-eth15	520456584	8697
1787676872.485707365	s1-eth16	1702	5625
1787676872.485707365	s1-eth17	1702	5535
1787676872.485707365	s1-eth18	1772	5625
1787676872.485707365	s1-eth19	2082049088	8689
1787676872.485707365	s1-eth2	30675	30542
1787676872.485707365	s1-eth20	1612	5394
1787676872.485707365	s1-eth21	1702	5625
1787676872.485707365	s1-eth22	1772	5625
1787676872.485707365	s1-eth23	301742180	8002
1787676872.485707365	s1-eth24	1702	5535
1787676872.485707365	s1-eth25	1772	5625
1787676872.485707365	s1-eth26	1772	5535
1787676872.485707365	s1-eth27	520700123	8729
1787676872.485707365	s1-eth28	1772	5625
1787676872.485707365	s1-eth29	1772	5625
1787676872.485707365	s1-eth3	2082977545	8754
1787676872.485707365	s1-eth30	1612	5535
1787676872.485707365	s1-eth31	520786814	8728
1787676872.485707365	s1-eth32	1682	5535
1787676872.485707365	s1-eth33	1772	5625
1787676872.485707365	s1-eth34	1772	5535
1787676872.485707365	s1-eth4	1898	5731
1787676872.485707365	s1-eth5	1772	5304
1787676872.485707365	s1-eth6	1772	5625
1787676872.485707365	s1-eth7	520895251	8781
1787676872.485707365	s1-eth8	1612	5625
1787676872.485707365	s1-eth9	1772	5535
1787676872.485707365	s2-eth1	3334652661	1666901865
1787676872.485707365	s2-eth10	1682	5575
1787676872.485707365	s2-eth11	520964178	8626
1787676872.485707365	s2-eth12	1682	5465
1787676872.485707365	s2-eth13	1772	5394
1787676872.485707365	s2-eth14	1772	5625
1787676872.485707365	s2-eth15	521020459	8717
1787676872.485707365	s2-eth16	1772	5535
1787676872.485707365	s2-eth17	1682	5625
1787676872.485707365	s2-eth18	1772	5535
1787676872.485707365	s2-eth19	4906	2017872167
1787676872.485707365	s2-eth2	28133	30569
1787676872.485707365	s2-eth20	1702	5535
1787676872.485707365	s2-eth21	1612	5555
1787676872.485707365	s2-eth22	1682	5535
1787676872.485707365	s2-eth23	4149	294238845
1787676872.485707365	s2-eth24	1772	5515
1787676872.485707365	s2-eth25	1682	5625
1787676872.485707365	s2-eth26	1772	5535
1787676872.485707365	s2-eth27	4876	508711022
1787676872.485707365	s2-eth28	1772	5465
1787676872.485707365	s2-eth29	1612	5535
1787676872.485707365	s2-eth3	104269434	8777
1787676872.485707365	s2-eth30	1772	5515
1787676872.485707365	s2-eth31	4695	508641727
1787676872.485707365	s2-eth32	1522	5645
1787676872.485707365	s2-eth33	1682	5625
1787676872.485707365	s2-eth34	1682	5535
1787676872.485707365	s2-eth4	1772	5625
1787676872.485707365	s2-eth5	1682	5535
1787676872.485707365	s2-eth6	1612	5535
1787676872.485707365	s2-eth7	521437009	8563
1787676872.485707365	s2-eth8	1772	5535
1787676872.485707365	s2-eth9	1772	5535
1787676872.485707365	s3-eth1	3501043857	1449868483
1787676872.485707365	s3-eth10	1682	5535
1787676872.485707365	s3-eth11	4546	500967513
1787676872.485707365	s3-eth12	1682	5625
1787676872.485707365	s3-eth13	1702	5625
1787676872.485707365	s3-eth14	1772	5625
1787676872.485707365	s3-eth15	4934	501072681
1787676872.485707365	s3-eth16	1522	5535
1787676872.485707365	s3-eth17	1772	5625
1787676872.485707365	s3-eth18	1772	5625
1787676872.485707365	s3-eth19	104335675	8600
1787676872.485707365	s3-eth2	27860	30499
1787676872.485707365	s3-eth20	1682	5535
1787676872.485707365	s3-eth21	1452	5425
1787676872.485707365	s3-eth22	1682	5465
1787676872.485707365	s3-eth23	302836934	7970
1787676872.485707365	s3-eth24	1452	5465
1787676872.485707365	s3-eth25	1682	5555
1787676872.485707365	s3-eth26	1522	5535
1787676872.485707365	s3-eth27	521771815	8770
1787676872.485707365	s3-eth28	1612	5625
1787676872.485707365	s3-eth29	1682	5535
1787676872.485707365	s3-eth3	4705	1989118538
1787676872.485707365	s3-eth30	1682	5535
1787676872.485707365	s3-eth31	521836569	8622
1787676872.485707365	s3-eth32	1772	5535
1787676872.485707365	s3-eth33	1522	5535
1787676872.485707365	s3-eth34	1772	5535
1787676872.485707365	s3-eth4	1682	5625
1787676872.485707365	s3-eth5	1772	5465
1787676872.485707365	s3-eth6	1772	5625
1787676872.485707365	s3-eth7	4998	501923760
1787676872.485707365	s3-eth8	1522	5445
1787676872.485707365	s3-eth9	1772	5535
1787676872.485707365	s4-eth1	3096511826	54974
1787676872.485707365	s4-eth10	1682	5515
1787676872.485707365	s4-eth11	4543	513646907
1787676872.485707365	s4-eth12	1522	5585
1787676872.485707365	s4-eth13	1772	5535
1787676872.485707365	s4-eth14	1522	5465
1787676872.485707365	s4-eth15	4614	513631158
1787676872.485707365	s4-eth16	1682	5535
1787676872.485707365	s4-eth17	1612	5445
1787676872.485707365	s4-eth18	1682	5515
1787676872.485707365	s4-eth19	4767	104356742
1787676872.485707365	s4-eth2	30569	30569
1787676872.485707365	s4-eth20	1702	5585
1787676872.485707365	s4-eth21	1522	5535
1787676872.485707365	s4-eth22	1702	5585
1787676872.485707365	s4-eth23	4157	303150707
1787676872.485707365	s4-eth24	1452	5625
1787676872.485707365	s4-eth25	1682	5515
1787676872.485707365	s4-eth26	1522	5515
1787676872.485707365	s4-eth27	4757	521803136
1787676872.485707365	s4-eth28	1612	5465
1787676872.485707365	s4-eth29	1452	5535
1787676872.485707365	s4-eth3	4674	102805245
1787676872.485707365	s4-eth30	1522	5515
1787676872.485707365	s4-eth31	4859	521857656
1787676872.485707365	s4-eth32	1682	5515
1787676872.485707365	s4-eth33	1772	5515
1787676872.485707365	s4-eth34	1522	5625
1787676872.485707365	s4-eth4	1772	5465
1787676872.485707365	s4-eth5	1682	5515
1787676872.485707365	s4-eth6	1682	5515
1787676872.485707365	s4-eth7	4480	514298546
1787676872.485707365	s4-eth8	1682	5515
1787676872.485707365	s4-eth9	1682	5535
1787676872.485707365	s5-eth1	7044861510	55042
1787676872.485707365	s5-eth2	1672124789	3346035809
1787676872.485707365	s5-eth3	55437	30569
1787676872.485707365	s5-eth4	31501	5230263477
1787676872.485707365	s6-eth1	30569	30702
1787676872.485707365	s6-eth2	30569	28133
1787676872.485707365	s6-eth3	30569	30569
1787676872.485707365	s6-eth4	31501	30569
1787676872.485707365	s7-eth1	1453673921	3509240185
1787676872.485707365	s7-eth2	54974	3101074314
1787676872.485707365	s7-eth3	30569	55367
1787676872.485707365	s7-eth4	5194522861	30569
1787676872.485707365	s8-eth1	30499	27860
1787676872.485707365	s8-eth2	30569	30569
1787676872.485707365	s8-eth3	30569	28133
1787676872.485707365	s8-eth4	31501	30499
1787676872.485707365	s9-eth1	30569	55437
1787676872.485707365	s9-eth2	30569	30569
1787676872.485707365	s9-eth3	55367	30569
1787676872.485707365	s9-eth4	28133	30569
1787676878.481091268	s10-eth1	5246657602	31529
1787676878.481091268	s10-eth2	30596	31529
1787676878.481091268	s10-eth3	30596	5209939311
1787676878.481091268	s10-eth4	30526	31529
1787676878.481091268	s1-eth1	55069	7069020805
1787676878.481091268	s1-eth10	1702	5555
1787676878.481091268	s1-eth11	524312504	8719
1787676878.481091268	s1-eth12	1682	5555
1787676878.481091268	s1-eth13	1772	5625
1787676878.481091268	s1-eth14	1772	5625
1787676878.481091268	s1-eth15	524378824	8697
1787676878.481091268	s1-eth16	1702	5625
1787676878.481091268	s1-eth17	1702	5535
1787676878.481091268	s1-eth18	1772	5625
1787676878.481091268	s1-eth19	2097833220	8689
1787676878.481091268	s1-eth2	30729	30596
1787676878.481091268	s1-eth20	1612	5394
1787676878.481091268	s1-eth21	1702	5625
1787676878.481091268	s1-eth22	1772	5625
1787676878.481091268	s1-eth23	305701912	8002
1787676878.481091268	s1-eth24	1702	5535
1787676878.481091268	s1-eth25	1772	5625
1787676878.481091268	s1-eth26	1772	5535
1787676878.481091268	s1-eth27	524678601	8729
1787676878.481091268	s1-eth28	1772	5625
1787676878.481091268	s1-eth29	1772	5625
1787676878.481091268	s1-eth3	2098963557	8754
1787676878.481091268	s1-eth30	1612	5535
1787676878.481091268	s1-eth31	524778270	8728
1787676878.481091268	s1-eth32	1682	5535
1787676878.481091268	s1-eth33	1772	5625
1787676878.481091268	s1-eth34	1772	5535
1787676878.481091268	s1-eth4	1898	5731
1787676878.481091268	s1-eth5	1772	5304
1787676878.481091268	s1-eth6	1772	5625
1787676878.481091268	s1-eth7	524922757	8781
1787676878.481091268	s1-eth8	1612	5625
1787676878.481091268	s1-eth9	1772	5535
1787676878.481091268	s2-eth1	3362481846	1679784720
1787676878.481091268	s2-eth10	1682	5575
1787676878.481091268	s2-eth11	524990242	8626
1787676878.481091268	s2-eth12	1682	5465
1787676878.481091268	s2-eth13	1772	5394
1787676878.481091268	s2-eth14	1772	5625
1787676878.481091268	s2-eth15	525047965	8717
1787676878.481091268	s2-eth16	1772	5535
1787676878.481091268	s2-eth17	1682	5625
1787676878.481091268	s2-eth18	1772	5535
1787676878.481091268	s2-eth19	4906	2033589967
1787676878.481091268	s2-eth2	28160	30596
1787676878.481091268	s2-eth20	1702	5535
1787676878.481091268	s2-eth21	1612	5555
1787676878.481091268	s2-eth22	1682	5535
1787676878.481091268	s2-eth23	4149	298185599
1787676878.481091268	s2-eth24	1772	5515
1787676878.481091268	s2-eth25	1682	5625
1787676878.481091268	s2-eth26	1772	5535
1787676878.481091268	s2-eth27	4876	512626052
1787676878.481091268	s2-eth28	1772	5465
1787676878.481091268	s2-eth29	1612	5535
1787676878.481091268	s2-eth3	105063976	8777
1787676878.481091268	s2-eth30	1772	5515
1787676878.481091268	s2-eth31	4695	512552431
1787676878.481091268	s2-eth32	1522	5645
1787676878.481091268	s2-eth33	1682	5625
1787676878.481091268	s2-eth34	1682	5535
1787676878.481091268	s2-eth4	1772	5625
1787676878.481091268	s2-eth5	1682	5535
1787676878.481091268	s2-eth6	1612	5535
1787676878.481091268	s2-eth7	525444327	8563
1787676878.481091268	s2-eth8	1772	5535
1787676878.481091268	s2-eth9	1772	5535
1787676878.481091268	s3-eth1	3528323640	1462731150
1787676878.481091268	s3-eth10	1682	5535
1787676878.481091268	s3-eth11	4546	504858029
1787676878.481091268	s3-eth12	1682	5625
1787676878.481091268	s3-eth13	1702	5625
1787676878.481091268	s3-eth14	1772	5625
1787676878.481091268	s3-eth15	4934	504963197
1787676878.481091268	s3-eth16	1522	5535
1787676878.481091268	s3-eth17	1772	5625
1787676878.481091268	s3-eth18	1772	5625
1787676878.481091268	s3-eth19	105148963	8600
1787676878.481091268	s3-eth2	27887	30526
1787676878.481091268	s3-eth20	1682	5535
1787676878.481091268	s3-eth21	1452	5425
1787676878.481091268	s3-eth22	1682	5465
1787676878.481091268	s3-eth23	306916352	7970
1787676878.481091268	s3-eth24	1452	5465
1787676878.481091268	s3-eth25	1682	5555
1787676878.481091268	s3-eth26	1522	5535
1787676878.481091268	s3-eth27	525875747	8770
1787676878.481091268	s3-eth28	1612	5625
1787676878.481091268	s3-eth29	1682	5535
1787676878.481091268	s3-eth3	4705	2005113202
1787676878.481091268	s3-eth30	1682	5535
1787676878.481091268	s3-eth31	525970783	8622
1787676878.481091268	s3-eth32	1772	5535
1787676878.481091268	s3-eth33	1522	5535
1787676878.481091268	s3-eth34	1772	5535
1787676878.481091268	s3-eth4	1682	5625
1787676878.481091268	s3-eth5	1772	5465
1787676878.481091268	s3-eth6	1772	5625
1787676878.481091268	s3-eth7	4998	506023366
1787676878.481091268	s3-eth8	1522	5445
1787676878.481091268	s3-eth9	1772	5535
1787676878.481091268	s4-eth1	3123625779	55001
1787676878.481091268	s4-eth10	1682	5515
1787676878.481091268	s4-eth11	4543	517922437
1787676878.481091268	s4-eth12	1522	5585
1787676878.481091268	s4-eth13	1772	5535
1787676878.481091268	s4-eth14	1522	5465
1787676878.481091268	s4-eth15	4614	517847566
1787676878.481091268	s4-eth16	1682	5535
1787676878.481091268	s4-eth17	1612	5445
1787676878.481091268	s4-eth18	1682	5515
1787676878.481091268	s4-eth19	4767	105204638
1787676878.481091268	s4-eth2	30596	30596
1787676878.481091268	s4-eth20	1702	5585
1787676878.481091268	s4-eth21	1522	5535
1787676878.481091268	s4-eth22	1702	5585
1787676878.481091268	s4-eth23	4157	307361347
1787676878.481091268	s4-eth24	1452	5625
1787676878.481091268	s4-eth25	1682	5515
1787676878.481091268	s4-eth26	1522	5515
1787676878.481091268	s4-eth27	4757	525990704
1787676878.481091268	s4-eth28	1612	5465
1787676878.481091268	s4-eth29	1452	5535
1787676878.481091268	s4-eth3	4674	103635837
1787676878.481091268	s4-eth30	1522	5515
1787676878.481091268	s4-eth31	4859	526061086
1787676878.481091268	s4-eth32	1682	5515
1787676878.481091268	s4-eth33	1772	5515
1787676878.481091268	s4-eth34	1522	5625
1787676878.481091268	s4-eth4	1772	5465
1787676878.481091268	s4-eth5	1682	5515
1787676878.481091268	s4-eth6	1682	5515
1787676878.481091268	s4-eth7	4480	518526490
1787676878.481091268	s4-eth8	1682	5515
1787676878.481091268	s4-eth9	1682	5535
1787676878.481091268	s5-eth1	7104710305	55069
1787676878.481091268	s5-eth2	1685836794	3375700660
1787676878.481091268	s5-eth3	55464	30596
1787676878.481091268	s5-eth4	31529	5273755666
1787676878.481091268	s6-eth1	30596	30729
1787676878.481091268	s6-eth2	30596	28160
1787676878.481091268	s6-eth3	30596	30596
1787676878.481091268	s6-eth4	31529	30596
1787676878.481091268	s7-eth1	1467436396	3538668548
1787676878.481091268	s7-eth2	55001	3128469457
1787676878.481091268	s7-eth3	30596	55394
1787676878.481091268	s7-eth4	5237778563	30596
1787676878.481091268	s8-eth1	30526	27887
1787676878.481091268	s8-eth2	30596	30596
1787676878.481091268	s8-eth3	30596	28160
1787676878.481091268	s8-eth4	31529	30526
1787676878.481091268	s9-eth1	30596	55464
1787676878.481091268	s9-eth2	30596	30596
1787676878.481091268	s9-eth3	55394	30596
1787676878.481091268	s9-eth4	28160	30596
1787676885.088538488	s10-eth1	5289554245	31557
1787676885.088538488	s10-eth2	30623	31557
1787676885.088538488	s10-eth3	30623	5252484107
1787676885.088538488	s10-eth4	30553	31557
1787676885.088538488	s1-eth1	55096	7127747724
1787676885.088538488	s1-eth10	1702	5555
1787676885.088538488	s1-eth11	528514492	8719
1787676885.088538488	s1-eth12	1682	5555
1787676885.088538488	s1-eth13	1772	5625
1787676885.088538488	s1-eth14	1772	5625
1787676885.088538488	s1-eth15	528533226	8697
1787676885.088538488	s1-eth16	1702	5625
1787676885.088538488	s1-eth17	1702	5535
1787676885.088538488	s1-eth18	1772	5625
1787676885.088538488	s1-eth19	2114172522	8689
1787676885.088538488	s1-eth2	30756	30623
1787676885.088538488	s1-eth20	1612	5394
1787676885.088538488	s1-eth21	1702	5625
1787676885.088538488	s1-eth22	1772	5625
1787676885.088538488	s1-eth23	309709230	8002
1787676885.088538488	s1-eth24	1702	5535
1787676885.088538488	s1-eth25	1772	5625
1787676885.088538488	s1-eth26	1772	5535
1787676885.088538488	s1-eth27	528626797	8729
1787676885.088538488	s1-eth28	1772	5625
1787676885.088538488	s1-eth29	1772	5625
1787676885.088538488	s1-eth3	2114691451	8754
1787676885.088538488	s1-eth30	1612	5535
1787676885.088538488	s1-eth31	528706278	8728
1787676885.088538488	s1-eth32	1682	5535
1787676885.088538488	s1-eth33	1772	5625
1787676885.088538488	s1-eth34	1772	5535
1787676885.088538488	s1-eth4	1898	5731
1787676885.088538488	s1-eth5	1772	5304
1787676885.088538488	s1-eth6	1772	5625
1787676885.088538488	s1-eth7	528771455	8781
1787676885.088538488	s1-eth8	1612	5625
1787676885.088538488	s1-eth9	1772	5535
1787676885.088538488	s2-eth1	3389006021	1692061935
1787676885.088538488	s2-eth10	1682	5575
1787676885.088538488	s2-eth11	528817310	8626
1787676885.088538488	s2-eth12	1682	5465
1787676885.088538488	s2-eth13	1772	5394
1787676885.088538488	s2-eth14	1772	5625
1787676885.088538488	s2-eth15	528856287	8717
1787676885.088538488	s2-eth16	1772	5535
1787676885.088538488	s2-eth17	1682	5625
1787676885.088538488	s2-eth18	1772	5535
1787676885.088538488	s2-eth19	4906	2048742503
1787676885.088538488	s2-eth2	28187	30623
1787676885.088538488	s2-eth20	1702	5535
1787676885.088538488	s2-eth21	1612	5555
1787676885.088538488	s2-eth22	1682	5535
1787676885.088538488	s2-eth23	4149	302018435
1787676885.088538488	s2-eth24	1772	5515
1787676885.088538488	s2-eth25	1682	5625
1787676885.088538488	s2-eth26	1772	5535
1787676885.088538488	s2-eth27	4876	516444468
1787676885.088538488	s2-eth28	1772	5465
1787676885.088538488	s2-eth29	1612	5535
1787676885.088538488	s2-eth3	105835446	8777
1787676885.088538488	s2-eth30	1772	5515
1787676885.088538488	s2-eth31	4695	516334797
1787676885.088538488	s2-eth32	1522	5645
1787676885.088538488	s2-eth33	1682	5625
1787676885.088538488	s2-eth34	1682	5535
1787676885.088538488	s2-eth4	1772	5625
1787676885.088538488	s2-eth5	1682	5535
1787676885.088538488	s2-eth6	1612	5535
1787676885.088538488	s2-eth7	529251207	8563
1787676885.088538488	s2-eth8	1772	5535
1787676885.088538488	s2-eth9	1772	5535
1787676885.088538488	s3-eth1	3554379165	1474848303
1787676885.088538488	s3-eth10	1682	5535
1787676885.088538488	s3-eth11	4546	508587041
1787676885.088538488	s3-eth12	1682	5625
1787676885.088538488	s3-eth13	1702	5625
1787676885.088538488	s3-eth14	1772	5625
1787676885.088538488	s3-eth15	4934	508677789
1787676885.088538488	s3-eth16	1522	5535
1787676885.088538488	s3-eth17	1772	5625
1787676885.088538488	s3-eth18	1772	5625
1787676885.088538488	s3-eth19	105893035	8600
1787676885.088538488	s3-eth2	27914	30553
1787676885.088538488	s3-eth20	1682	5535
1787676885.088538488	s3-eth21	1452	5425
1787676885.088538488	s3-eth22	1682	5465
1787676885.088538488	s3-eth23	310646806	7970
1787676885.088538488	s3-eth24	1452	5465
1787676885.088538488	s3-eth25	1682	5555
1787676885.088538488	s3-eth26	1522	5535
1787676885.088538488	s3-eth27	529600433	8770
1787676885.088538488	s3-eth28	1612	5625
1787676885.088538488	s3-eth29	1682	5535
1787676885.088538488	s3-eth3	4705	2019723546
1787676885.088538488	s3-eth30	1682	5535
1787676885.088538488	s3-eth31	529701237	8622
1787676885.088538488	s3-eth32	1772	5535
1787676885.088538488	s3-eth33	1522	5535
1787676885.088538488	s3-eth34	1772	5535
1787676885.088538488	s3-eth4	1682	5625
1787676885.088538488	s3-eth5	1772	5465
1787676885.088538488	s3-eth6	1772	5625
1787676885.088538488	s3-eth7	4998	509606736
1787676885.088538488	s3-eth8	1522	5445
1787676885.088538488	s3-eth9	1772	5535
1787676885.088538488	s4-eth1	3146680502	55028
1787676885.088538488	s4-eth10	1682	5515
1787676885.088538488	s4-eth11	4543	521442359
1787676885.088538488	s4-eth12	1522	5585
1787676885.088538488	s4-eth13	1772	5535
1787676885.088538488	s4-eth14	1522	5465
1787676885.088538488	s4-eth15	4614	521407864
1787676885.088538488	s4-eth16	1682	5535
1787676885.088538488	s4-eth17	1612	5445
1787676885.088538488	s4-eth18	1682	5515
1787676885.088538488	s4-eth19	4767	105927080
1787676885.088538488	s4-eth2	30623	30623
1787676885.088538488	s4-eth20	1702	5585
1787676885.088538488	s4-eth21	1522	5535
1787676885.088538488	s4-eth22	1702	5585
1787676885.088538488	s4-eth23	4157	311009607
1787676885.088538488	s4-eth24	1452	5625
1787676885.088538488	s4-eth25	1682	5515
1787676885.088538488	s4-eth26	1522	5515
1787676885.088538488	s4-eth27	4757	529653384
1787676885.088538488	s4-eth28	1612	5465
1787676885.088538488	s4-eth29	1452	5535
1787676885.088538488	s4-eth3	4674	104359721
1787676885.088538488	s4-eth30	1522	5515
1787676885.088538488	s4-eth31	4859	529679064
1787676885.088538488	s4-eth32	1682	5515
1787676885.088538488	s4-eth33	1772	5515
1787676885.088538488	s4-eth34	1522	5625
1787676885.088538488	s4-eth4	1772	5465
1787676885.088538488	s4-eth5	1682	5515
1787676885.088538488	s4-eth6	1682	5515
1787676885.088538488	s4-eth7	4480	522037760
1787676885.088538488	s4-eth8	1682	5515
1787676885.088538488	s4-eth9	1682	5535
1787676885.088538488	s5-eth1	7153630182	55096
1787676885.088538488	s5-eth2	1697042603	3399865723
1787676885.088538488	s5-eth3	55491	30623
1787676885.088538488	s5-eth4	31557	5308751591
1787676885.088538488	s6-eth1	30623	30756
1787676885.088538488	s6-eth2	30623	28187
1787676885.088538488	s6-eth3	30623	30623
1787676885.088538488	s6-eth4	31557	30623
1787676885.088538488	s7-eth1	1478438883	3562147219
1787676885.088538488	s7-eth2	55028	3150373464
1787676885.088538488	s7-eth3	30623	55421
1787676885.088538488	s7-eth4	5272318817	30623
1787676885.088538488	s8-eth1	30553	27914
1787676885.088538488	s8-eth2	30623	30623
1787676885.088538488	s8-eth3	30623	28187
1787676885.088538488	s8-eth4	31557	30553
1787676885.088538488	s9-eth1	30623	55491
1787676885.088538488	s9-eth2	30623	30623
1787676885.088538488	s9-eth3	55421	30623
1787676885.088538488	s9-eth4	28187	30623
1787676890.314965419	s10-eth1	5323788794	31585
1787676890.314965419	s10-eth2	30650	31585
1787676890.314965419	s10-eth3	30650	5286780663
1787676890.314965419	s10-eth4	30580	31585
1787676890.314965419	s1-eth1	55123	7175124661
1787676890.314965419	s1-eth10	1702	5555
1787676890.314965419	s1-eth11	531903192	8719
1787676890.314965419	s1-eth12	1682	5555
1787676890.314965419	s1-eth13	1772	5625
1787676890.314965419	s1-eth14	1772	5625
1787676890.314965419	s1-eth15	531952208	8697
1787676890.314965419	s1-eth16	1702	5625
1787676890.314965419	s1-eth17	1702	5535
1787676890.314965419	s1-eth18	1772	5625
1787676890.314965419	s1-eth19	2127950832	8689
1787676890.314965419	s1-eth2	30783	30650
1787676890.314965419	s1-eth20	1612	5394
1787676890.314965419	s1-eth21	1702	5625
1787676890.314965419	s1-eth22	1772	5625
1787676890.314965419	s1-eth23	313167146	8002
1787676890.314965419	s1-eth24	1702	5535
1787676890.314965419	s1-eth25	1772	5625
1787676890.314965419	s1-eth26	1772	5535
1787676890.314965419	s1-eth27	532077503	8729
1787676890.314965419	s1-eth28	1772	5625
1787676890.314965419	s1-eth29	1772	5625
1787676890.314965419	s1-eth3	2128396219	8754
1787676890.314965419	s1-eth30	1612	5535
1787676890.314965419	s1-eth31	532128144	8728
1787676890.314965419	s1-eth32	1682	5535
1787676890.314965419	s1-eth33	1772	5625
1787676890.314965419	s1-eth34	1772	5535
1787676890.314965419	s1-eth4	1898	5731
1787676890.314965419	s1-eth5	1772	5304
1787676890.314965419	s1-eth6	1772	5625
1787676890.314965419	s1-eth7	532217835	8781
1787676890.314965419	s1-eth8	1612	5625
1787676890.314965419	s1-eth9	1772	5535
1787676890.314965419	s2-eth1	3413096100	1703114892
1787676890.314965419	s2-eth10	1682	5575
1787676890.314965419	s2-eth11	532280994	8626
1787676890.314965419	s2-eth12	1682	5465
1787676890.314965419	s2-eth13	1772	5394
1787676890.314965419	s2-eth14	1772	5625
1787676890.314965419	s2-eth15	532331507	8717
1787676890.314965419	s2-eth16	1772	5535
1787676890.314965419	s2-eth17	1682	5625
1787676890.314965419	s2-eth18	1772	5535
1787676890.314965419	s2-eth19	4906	2062558305
1787676890.314965419	s2-eth2	28214	30650
1787676890.314965419	s2-eth20	1702	5535
1787676890.314965419	s2-eth21	1612	5555
1787676890.314965419	s2-eth22	1682	5535
1787676890.314965419	s2-eth23	4149	305398483
1787676890.314965419	s2-eth24	1772	5515
1787676890.314965419	s2-eth25	1682	5625
1787676890.314965419	s2-eth26	1772	5535
1787676890.314965419	s2-eth27	4876	519776930
1787676890.314965419	s2-eth28	1772	5465
1787676890.314965419	s2-eth29	1612	5535
1787676890.314965419	s2-eth3	106497324	8777
1787676890.314965419	s2-eth30	1772	5515
1787676890.314965419	s2-eth31	4695	519638419
1787676890.314965419	s2-eth32	1522	5645
1787676890.314965419	s2-eth33	1682	5625
1787676890.314965419	s2-eth34	1682	5535
1787676890.314965419	s2-eth4	1772	5625
1787676890.314965419	s2-eth5	1682	5535
1787676890.314965419	s2-eth6	1612	5535
1787676890.314965419	s2-eth7	532537525	8563
1787676890.314965419	s2-eth8	1772	5535
1787676890.314965419	s2-eth9	1772	5535
1787676890.314965419	s3-eth1	3577198842	1485357626
1787676890.314965419	s3-eth10	1682	5535
1787676890.314965419	s3-eth11	4546	511838751
1787676890.314965419	s3-eth12	1682	5625
1787676890.314965419	s3-eth13	1702	5625
1787676890.314965419	s3-eth14	1772	5625
1787676890.314965419	s3-eth15	4934	511909311
1787676890.314965419	s3-eth16	1522	5535
1787676890.314965419	s3-eth17	1772	5625
1787676890.314965419	s3-eth18	1772	5625
1787676890.314965419	s3-eth19	106543377	8600
1787676890.314965419	s3-eth2	27941	30580
1787676890.314965419	s3-eth20	1682	5535
1787676890.314965419	s3-eth21	1452	5425
1787676890.314965419	s3-eth22	1682	5465
1787676890.314965419	s3-eth23	313876886	7970
1787676890.314965419	s3-eth24	1452	5465
1787676890.314965419	s3-eth25	1682	5555
1787676890.314965419	s3-eth26	1522	5535
1787676890.314965419	s3-eth27	532803115	8770
1787676890.314965419	s3-eth28	1612	5625
1787676890.314965419	s3-eth29	1682	5535
1787676890.314965419	s3-eth3	4705	2032254526
1787676890.314965419	s3-eth30	1682	5535
1787676890.314965419	s3-eth31	532856333	8622
1787676890.314965419	s3-eth32	1772	5535
1787676890.314965419	s3-eth33	1522	5535
1787676890.314965419	s3-eth34	1772	5535
1787676890.314965419	s3-eth4	1682	5625
1787676890.314965419	s3-eth5	1772	5465
1787676890.314965419	s3-eth6	1772	5625
1787676890.314965419	s3-eth7	4998	512704152
1787676890.314965419	s3-eth8	1522	5445
1787676890.314965419	s3-eth9	1772	5535
1787676890.314965419	s4-eth1	3166469095	55055
1787676890.314965419	s4-eth10	1682	5515
1787676890.314965419	s4-eth11	4543	524508051
1787676890.314965419	s4-eth12	1522	5585
1787676890.314965419	s4-eth13	1772	5535
1787676890.314965419	s4-eth14	1522	5465
1787676890.314965419	s4-eth15	4614	524457694
1787676890.314965419	s4-eth16	1682	5535
1787676890.314965419	s4-eth17	1612	5445
1787676890.314965419	s4-eth18	1682	5515
1787676890.314965419	s4-eth19	4767	106534162
1787676890.314965419	s4-eth2	30650	30650
1787676890.314965419	s4-eth20	1702	5585
1787676890.314965419	s4-eth21	1522	5535
1787676890.314965419	s4-eth22	1702	5585
1787676890.314965419	s4-eth23	4157	313991663
1787676890.314965419	s4-eth24	1452	5625
1787676890.314965419	s4-eth25	1682	5515
1787676890.314965419	s4-eth26	1522	5515
1787676890.314965419	s4-eth27	4757	532582086
1787676890.314965419	s4-eth28	1612	5465
1787676890.314965419	s4-eth29	1452	5535
1787676890.314965419	s4-eth3	4674	104939405
1787676890.314965419	s4-eth30	1522	5515
1787676890.314965419	s4-eth31	4859	532576042
1787676890.314965419	s4-eth32	1682	5515
1787676890.314965419	s4-eth33	1772	5515
1787676890.314965419	s4-eth34	1522	5625
1787676890.314965419	s4-eth4	1772	5465
1787676890.314965419	s4-eth5	1682	5515
1787676890.314965419	s4-eth6	1682	5515
1787676890.314965419	s4-eth7	4480	524848218
1787676890.314965419	s4-eth8	1682	5515
1787676890.314965419	s4-eth9	1682	5535
1787676890.314965419	s5-eth1	7193091981	55123
1787676890.314965419	s5-eth2	1706056572	3419593752
1787676890.314965419	s5-eth3	55518	30650
1787676890.314965419	s5-eth4	31585	5337482026
1787676890.314965419	s6-eth1	30650	30783
1787676890.314965419	s6-eth2	30650	28214
1787676890.314965419	s6-eth3	30650	30650
1787676890.314965419	s6-eth4	31585	30650
1787676890.314965419	s7-eth1	1487372100	3581624340
1787676890.314965419	s7-eth2	55055	3168167771
1787676890.314965419	s7-eth3	30650	55448
1787676890.314965419	s7-eth4	5300639725	30650
1787676890.314965419	s8-eth1	30580	27941
1787676890.314965419	s8-eth2	30650	30650
1787676890.314965419	s8-eth3	30650	28214
1787676890.314965419	s8-eth4	31585	30580
1787676890.314965419	s9-eth1	30650	55518
1787676890.314965419	s9-eth2	30650	30650
1787676890.314965419	s9-eth3	55448	30650
1787676890.314965419	s9-eth4	28214	30650
1787676894.552900854	s10-eth1	5351434845	31613
1787676894.552900854	s10-eth2	30677	31613
1787676894.552900854	s10-eth3	30677	5314361825
1787676894.552900854	s10-eth4	30607	31613
1787676894.552900854	s1-eth1	55150	7212961326
1787676894.552900854	s1-eth10	1702	5555
1787676894.552900854	s1-eth11	534617036	8719
1787676894.552900854	s1-eth12	1682	5555
1787676894.552900854	s1-eth13	1772	5625
1787676894.552900854	s1-eth14	1772	5625
1787676894.552900854	s1-eth15	534647306	8697
1787676894.552900854	s1-eth16	1702	5625
1787676894.552900854	s1-eth17	1702	5535
1787676894.552900854	s1-eth18	1772	5625
1787676894.552900854	s1-eth19	2138618748	8689
1787676894.552900854	s1-eth2	30810	30677
1787676894.552900854	s1-eth20	1612	5394
1787676894.552900854	s1-eth21	1702	5625
1787676894.552900854	s1-eth22	1772	5625
1787676894.552900854	s1-eth23	315807448	8002
1787676894.552900854	s1-eth24	1702	5535
1787676894.552900854	s1-eth25	1772	5625
1787676894.552900854	s1-eth26	1772	5535
1787676894.552900854	s1-eth27	534696175	8729
1787676894.552900854	s1-eth28	1772	5625
1787676894.552900854	s1-eth29	1772	5625
1787676894.552900854	s1-eth3	2138824763	8754
1787676894.552900854	s1-eth30	1612	5535
1787676894.552900854	s1-eth31	534719418	8728
1787676894.552900854	s1-eth32	1682	5535
1787676894.552900854	s1-eth33	1772	5625
1787676894.552900854	s1-eth34	1772	5535
1787676894.552900854	s1-eth4	1898	5731
1787676894.552900854	s1-eth5	1772	5304
1787676894.552900854	s1-eth6	1772	5625
1787676894.552900854	s1-eth7	534773059	8781
1787676894.552900854	s1-eth8	1612	5625
1787676894.552900854	s1-eth9	1772	5535
1787676894.552900854	s2-eth1	3430715925	1711244915
1787676894.552900854	s2-eth10	1682	5575
1787676894.552900854	s2-eth11	534810262	8626
1787676894.552900854	s2-eth12	1682	5465
1787676894.552900854	s2-eth13	1772	5394
1787676894.552900854	s2-eth14	1772	5625
1787676894.552900854	s2-eth15	534827609	8717
1787676894.552900854	s2-eth16	1772	5535
1787676894.552900854	s2-eth17	1682	5625
1787676894.552900854	s2-eth18	1772	5535
1787676894.552900854	s2-eth19	4906	2072358137
1787676894.552900854	s2-eth2	28241	30677
1787676894.552900854	s2-eth20	1702	5535
1787676894.552900854	s2-eth21	1612	5555
1787676894.552900854	s2-eth22	1682	5535
1787676894.552900854	s2-eth23	4149	307894585
1787676894.552900854	s2-eth24	1772	5515
1787676894.552900854	s2-eth25	1682	5625
1787676894.552900854	s2-eth26	1772	5535
1787676894.552900854	s2-eth27	4876	522290336
1787676894.552900854	s2-eth28	1772	5465
1787676894.552900854	s2-eth29	1612	5535
1787676894.552900854	s2-eth3	107007792	8777
1787676894.552900854	s2-eth30	1772	5515
1787676894.552900854	s2-eth31	4695	522164803
1787676894.552900854	s2-eth32	1522	5645
1787676894.552900854	s2-eth33	1682	5625
1787676894.552900854	s2-eth34	1682	5535
1787676894.552900854	s2-eth4	1772	5625
1787676894.552900854	s2-eth5	1682	5535
1787676894.552900854	s2-eth6	1612	5535
1787676894.552900854	s2-eth7	535114379	8563
1787676894.552900854	s2-eth8	1772	5535
1787676894.552900854	s2-eth9	1772	5535
1787676894.552900854	s3-eth1	3595058039	1493631849
1787676894.552900854	s3-eth10	1682	5535
1787676894.552900854	s3-eth11	4546	514395417
1787676894.552900854	s3-eth12	1682	5625
1787676894.552900854	s3-eth13	1702	5625
1787676894.552900854	s3-eth14	1772	5625
1787676894.552900854	s3-eth15	4934	514477513
1787676894.552900854	s3-eth16	1522	5535
1787676894.552900854	s3-eth17	1772	5625
1787676894.552900854	s3-eth18	1772	5625
1787676894.552900854	s3-eth19	107066823	8600
1787676894.552900854	s3-eth2	27968	30607
1787676894.552900854	s3-eth20	1682	5535
1787676894.552900854	s3-eth21	1452	5425
1787676894.552900854	s3-eth22	1682	5465
1787676894.552900854	s3-eth23	316462392	7970
1787676894.552900854	s3-eth24	1452	5465
1787676894.552900854	s3-eth25	1682	5555
1787676894.552900854	s3-eth26	1522	5535
1787676894.552900854	s3-eth27	535368433	8770
1787676894.552900854	s3-eth28	1612	5625
1787676894.552900854	s3-eth29	1682	5535
1787676894.552900854	s3-eth3	4705	2042313918
1787676894.552900854	s3-eth30	1682	5535
1787676894.552900854	s3-eth31	535411557	8622
1787676894.552900854	s3-eth32	1772	5535
1787676894.552900854	s3-eth33	1522	5535
1787676894.552900854	s3-eth34	1772	5535
1787676894.552900854	s3-eth4	1682	5625
1787676894.552900854	s3-eth5	1772	5465
1787676894.552900854	s3-eth6	1772	5625
1787676894.552900854	s3-eth7	4998	515230536
1787676894.552900854	s3-eth8	1522	5445
1787676894.552900854	s3-eth9	1772	5535
1787676894.552900854	s4-eth1	3182843032	55082
1787676894.552900854	s4-eth10	1682	5515
1787676894.552900854	s4-eth11	4543	527069043
1787676894.552900854	s4-eth12	1522	5585
1787676894.552900854	s4-eth13	1772	5535
1787676894.552900854	s4-eth14	1522	5465
1787676894.552900854	s4-eth15	4614	527020128
1787676894.552900854	s4-eth16	1682	5535
1787676894.552900854	s4-eth17	1612	5445
1787676894.552900854	s4-eth18	1682	5515
1787676894.552900854	s4-eth19	4767	107050398
1787676894.552900854	s4-eth2	30677	30677
1787676894.552900854	s4-eth20	1702	5585
1787676894.552900854	s4-eth21	1522	5535
1787676894.552900854	s4-eth22	1702	5585
1787676894.552900854	s4-eth23	4157	316584379
1787676894.552900854	s4-eth24	1452	5625
1787676894.552900854	s4-eth25	1682	5515
1787676894.552900854	s4-eth26	1522	5515
1787676894.552900854	s4-eth27	4757	535207968
1787676894.552900854	s4-eth28	1612	5465
1787676894.552900854	s4-eth29	1452	5535
1787676894.552900854	s4-eth3	4674	105464293
1787676894.552900854	s4-eth30	1522	5515
1787676894.552900854	s4-eth31	4859	535220670
1787676894.552900854	s4-eth32	1682	5515
1787676894.552900854	s4-eth33	1772	5515
1787676894.552900854	s4-eth34	1522	5625
1787676894.552900854	s4-eth4	1772	5465
1787676894.552900854	s4-eth5	1682	5515
1787676894.552900854	s4-eth6	1682	5515
1787676894.552900854	s4-eth7	4480	527521686
1787676894.552900854	s4-eth8	1682	5515
1787676894.552900854	s4-eth9	1682	5535
1787676894.552900854	s5-eth1	7230558052	55150
1787676894.552900854	s5-eth2	1714730229	3438404669
1787676894.552900854	s5-eth3	55545	30677
1787676894.552900854	s5-eth4	31613	5364966573
1787676894.552900854	s6-eth1	30677	30810
1787676894.552900854	s6-eth2	30677	28241
1787676894.552900854	s6-eth3	30677	30677
1787676894.552900854	s6-eth4	31613	30677
1787676894.552900854	s7-eth1	1496127951	3600603971
1787676894.552900854	s7-eth2	55082	3185692424
1787676894.552900854	s7-eth3	30677	55475
1787676894.552900854	s7-eth4	5328379507	30677
1787676894.552900854	s8-eth1	30607	27968
1787676894.552900854	s8-eth2	30677	30677
1787676894.552900854	s8-eth3	30677	28241
1787676894.552900854	s8-eth4	31613	30607
1787676894.552900854	s9-eth1	30677	55545
1787676894.552900854	s9-eth2	30677	30677
1787676894.552900854	s9-eth3	55475	30677
1787676894.552900854	s9-eth4	28241	30677
1787676898.865606282	s10-eth1	5379634624	31641
1787676898.865606282	s10-eth2	30704	31641
1787676898.865606282	s10-eth3	30704	5342584677
1787676898.865606282	s10-eth4	30634	31641
1787676898.865606282	s1-eth1	55177	7251964569
1787676898.865606282	s1-eth10	1702	5555
1787676898.865606282	s1-eth11	537413074	8719
1787676898.865606282	s1-eth12	1682	5555
1787676898.865606282	s1-eth13	1772	5625
1787676898.865606282	s1-eth14	1772	5625
1787676898.865606282	s1-eth15	537460648	8697
1787676898.865606282	s1-eth16	1702	5625
1787676898.865606282	s1-eth17	1702	5535
1787676898.865606282	s1-eth18	1772	5625
1787676898.865606282	s1-eth19	2149983150	8689
1787676898.865606282	s1-eth2	30837	30704
1787676898.865606282	s1-eth20	1612	5394
1787676898.865606282	s1-eth21	1702	5625
1787676898.865606282	s1-eth22	1772	5625
1787676898.865606282	s1-eth23	318678470	8002
1787676898.865606282	s1-eth24	1702	5535
1787676898.865606282	s1-eth25	1772	5625
1787676898.865606282	s1-eth26	1772	5535
1787676898.865606282	s1-eth27	537594595	8729
1787676898.865606282	s1-eth28	1772	5625
1787676898.865606282	s1-eth29	1772	5625
1787676898.865606282	s1-eth3	2150479007	8754
1787676898.865606282	s1-eth30	1612	5535
1787676898.865606282	s1-eth31	537645236	8728
1787676898.865606282	s1-eth32	1682	5535
1787676898.865606282	s1-eth33	1772	5625
1787676898.865606282	s1-eth34	1772	5535
1787676898.865606282	s1-eth4	1898	5731
1787676898.865606282	s1-eth5	1772	5304
1787676898.865606282	s1-eth6	1772	5625
1787676898.865606282	s1-eth7	537711855	8781
1787676898.865606282	s1-eth8	1612	5625
1787676898.865606282	s1-eth9	1772	5535
1787676898.865606282	s2-eth1	3451251474	1720659760
1787676898.865606282	s2-eth10	1682	5575
1787676898.865606282	s2-eth11	537756268	8626
1787676898.865606282	s2-eth12	1682	5465
1787676898.865606282	s2-eth13	1772	5394
1787676898.865606282	s2-eth14	1772	5625
1787676898.865606282	s2-eth15	537793803	8717
1787676898.865606282	s2-eth16	1772	5535
1787676898.865606282	s2-eth17	1682	5625
1787676898.865606282	s2-eth18	1772	5535
1787676898.865606282	s2-eth19	4906	2084162349
1787676898.865606282	s2-eth2	28268	30704
1787676898.865606282	s2-eth20	1702	5535
1787676898.865606282	s2-eth21	1612	5555
1787676898.865606282	s2-eth22	1682	5535
1787676898.865606282	s2-eth23	4149	310853569
1787676898.865606282	s2-eth24	1772	5515
1787676898.865606282	s2-eth25	1682	5625
1787676898.865606282	s2-eth26	1772	5535
1787676898.865606282	s2-eth27	4876	525266624
1787676898.865606282	s2-eth28	1772	5465
1787676898.865606282	s2-eth29	1612	5535
1787676898.865606282	s2-eth3	107601896	8777
1787676898.865606282	s2-eth30	1772	5515
1787676898.865606282	s2-eth31	4695	525119461
1787676898.865606282	s2-eth32	1522	5645
1787676898.865606282	s2-eth33	1682	5625
1787676898.865606282	s2-eth34	1682	5535
1787676898.865606282	s2-eth4	1772	5625
1787676898.865606282	s2-eth5	1682	5535
1787676898.865606282	s2-eth6	1612	5535
1787676898.865606282	s2-eth7	538038755	8563
1787676898.865606282	s2-eth8	1772	5535
1787676898.865606282	s2-eth9	1772	5535
1787676898.865606282	s3-eth1	3615199922	1502875096
1787676898.865606282	s3-eth10	1682	5535
1787676898.865606282	s3-eth11	4546	517260671
1787676898.865606282	s3-eth12	1682	5625
1787676898.865606282	s3-eth13	1702	5625
1787676898.865606282	s3-eth14	1772	5625
1787676898.865606282	s3-eth15	4934	517305275
1787676898.865606282	s3-eth16	1522	5535
1787676898.865606282	s3-eth17	1772	5625
1787676898.865606282	s3-eth18	1772	5625
1787676898.865606282	s3-eth19	107627761	8600
1787676898.865606282	s3-eth2	27995	30634
1787676898.865606282	s3-eth20	1682	5535
1787676898.865606282	s3-eth21	1452	5425
1787676898.865606282	s3-eth22	1682	5465
1787676898.865606282	s3-eth23	319255546	7970
1787676898.865606282	s3-eth24	1452	5465
1787676898.865606282	s3-eth25	1682	5555
1787676898.865606282	s3-eth26	1522	5535
1787676898.865606282	s3-eth27	538168797	8770
1787676898.865606282	s3-eth28	1612	5625
1787676898.865606282	s3-eth29	1682	5535
1787676898.865606282	s3-eth3	4705	2053401456
1787676898.865606282	s3-eth30	1682	5535
1787676898.865606282	s3-eth31	538201827	8622
1787676898.865606282	s3-eth32	1772	5535
1787676898.865606282	s3-eth33	1522	5535
1787676898.865606282	s3-eth34	1772	5535
1787676898.865606282	s3-eth4	1682	5625
1787676898.865606282	s3-eth5	1772	5465
1787676898.865606282	s3-eth6	1772	5625
1787676898.865606282	s3-eth7	4998	518019364
1787676898.865606282	s3-eth8	1522	5445
1787676898.865606282	s3-eth9	1772	5535
1787676898.865606282	s4-eth1	3200795959	55109
1787676898.865606282	s4-eth10	1682	5515
1787676898.865606282	s4-eth11	4543	529880943
1787676898.865606282	s4-eth12	1522	5585
1787676898.865606282	s4-eth13	1772	5535
1787676898.865606282	s4-eth14	1522	5465
1787676898.865606282	s4-eth15	4614	529846448
1787676898.865606282	s4-eth16	1682	5535
1787676898.865606282	s4-eth17	1612	5445
1787676898.865606282	s4-eth18	1682	5515
1787676898.865606282	s4-eth19	4767	107619988
1787676898.865606282	s4-eth2	30704	30704
1787676898.865606282	s4-eth20	1702	5585
1787676898.865606282	s4-eth21	1522	5535
1787676898.865606282	s4-eth22	1702	5585
1787676898.865606282	s4-eth23	4157	319461169
1787676898.865606282	s4-eth24	1452	5625
1787676898.865606282	s4-eth25	1682	5515
1787676898.865606282	s4-eth26	1522	5515
1787676898.865606282	s4-eth27	4757	538103504
1787676898.865606282	s4-eth28	1612	5465
1787676898.865606282	s4-eth29	1452	5535
1787676898.865606282	s4-eth3	4674	106048303
1787676898.865606282	s4-eth30	1522	5515
1787676898.865606282	s4-eth31	4859	538150814
1787676898.865606282	s4-eth32	1682	5515
1787676898.865606282	s4-eth33	1772	5515
1787676898.865606282	s4-eth34	1522	5625
1787676898.865606282	s4-eth4	1772	5465
1787676898.865606282	s4-eth5	1682	5515
1787676898.865606282	s4-eth6	1682	5515
1787676898.865606282	s4-eth7	4480	530493648
1787676898.865606282	s4-eth8	1682	5515
1787676898.865606282	s4-eth9	1682	5535
1787676898.865606282	s5-eth1	7272214575	55177
1787676898.865606282	s5-eth2	1724248898	3459202662
1787676898.865606282	s5-eth3	55572	30704
1787676898.865606282	s5-eth4	31641	5395412988
1787676898.865606282	s6-eth1	30704	30837
1787676898.865606282	s6-eth2	30704	28268
1787676898.865606282	s6-eth3	30704	30704
1787676898.865606282	s6-eth4	31641	30704
1787676898.865606282	s7-eth1	1505725930	3621449550
1787676898.865606282	s7-eth2	55109	3204912869
1787676898.865606282	s7-eth3	30704	55502
1787676898.865606282	s7-eth4	5358848995	30704
1787676898.865606282	s8-eth1	30634	27995
1787676898.865606282	s8-eth2	30704	30704
1787676898.865606282	s8-eth3	30704	28268
1787676898.865606282	s8-eth4	31641	30634
1787676898.865606282	s9-eth1	30704	55572
1787676898.865606282	s9-eth2	30704	30704
1787676898.865606282	s9-eth3	55502	30704
1787676898.865606282	s9-eth4	28268	30704
1787676903.498758365	s10-eth1	5410013265	31669
1787676903.498758365	s10-eth2	30731	31669
1787676903.498758365	s10-eth3	30731	5372837865
1787676903.498758365	s10-eth4	30661	31669
1787676903.498758365	s1-eth1	55204	7293573506
1787676903.498758365	s1-eth10	1702	5555
1787676903.498758365	s1-eth11	540382152	8719
1787676903.498758365	s1-eth12	1682	5555
1787676903.498758365	s1-eth13	1772	5625
1787676903.498758365	s1-eth14	1772	5625
1787676903.498758365	s1-eth15	540419632	8697
1787676903.498758365	s1-eth16	1702	5625
1787676903.498758365	s1-eth17	1702	5535
1787676903.498758365	s1-eth18	1772	5625
1787676903.498758365	s1-eth19	2161758522	8689
1787676903.498758365	s1-eth2	30864	30731
1787676903.498758365	s1-eth20	1612	5394
1787676903.498758365	s1-eth21	1702	5625
1787676903.498758365	s1-eth22	1772	5625
1787676903.498758365	s1-eth23	321608614	8002
1787676903.498758365	s1-eth24	1702	5535
1787676903.498758365	s1-eth25	1772	5625
1787676903.498758365	s1-eth26	1772	5535
1787676903.498758365	s1-eth27	540520413	8729
1787676903.498758365	s1-eth28	1772	5625
1787676903.498758365	s1-eth29	1772	5625
1787676903.498758365	s1-eth3	2162185163	8754
1787676903.498758365	s1-eth30	1612	5535
1787676903.498758365	s1-eth31	540571054	8728
1787676903.498758365	s1-eth32	1682	5535
1787676903.498758365	s1-eth33	1772	5625
1787676903.498758365	s1-eth34	1772	5535
1787676903.498758365	s1-eth4	1898	5731
1787676903.498758365	s1-eth5	1772	5304
1787676903.498758365	s1-eth6	1772	5625
1787676903.498758365	s1-eth7	540621811	8781
1787676903.498758365	s1-eth8	1612	5625
1787676903.498758365	s1-eth9	1772	5535
1787676903.498758365	s2-eth1	3471505833	1729924637
1787676903.498758365	s2-eth10	1682	5575
1787676903.498758365	s2-eth11	540651804	8626
1787676903.498758365	s2-eth12	1682	5465
1787676903.498758365	s2-eth13	1772	5394
1787676903.498758365	s2-eth14	1772	5625
1787676903.498758365	s2-eth15	540686455	8717
1787676903.498758365	s2-eth16	1772	5535
1787676903.498758365	s2-eth17	1682	5625
1787676903.498758365	s2-eth18	1772	5535
1787676903.498758365	s2-eth19	4906	2095741609
1787676903.498758365	s2-eth2	28295	30731
1787676903.498758365	s2-eth20	1702	5535
1787676903.498758365	s2-eth21	1612	5555
1787676903.498758365	s2-eth22	1682	5535
1787676903.498758365	s2-eth23	4149	313741895
1787676903.498758365	s2-eth24	1772	5515
1787676903.498758365	s2-eth25	1682	5625
1787676903.498758365	s2-eth26	1772	5535
1787676903.498758365	s2-eth27	4876	528139088
1787676903.498758365	s2-eth28	1772	5465
1787676903.498758365	s2-eth29	1612	5535
1787676903.498758365	s2-eth3	108178696	8777
1787676903.498758365	s2-eth30	1772	5515
1787676903.498758365	s2-eth31	4695	528009229
1787676903.498758365	s2-eth32	1522	5645
1787676903.498758365	s2-eth33	1682	5625
1787676903.498758365	s2-eth34	1682	5535
1787676903.498758365	s2-eth4	1772	5625
1787676903.498758365	s2-eth5	1682	5535
1787676903.498758365	s2-eth6	1612	5535
1787676903.498758365	s2-eth7	540961689	8563
1787676903.498758365	s2-eth8	1772	5535
1787676903.498758365	s2-eth9	1772	5535
1787676903.498758365	s3-eth1	3635641741	1512288499
1787676903.498758365	s3-eth10	1682	5535
1787676903.498758365	s3-eth11	4546	520183605
1787676903.498758365	s3-eth12	1682	5625
1787676903.498758365	s3-eth13	1702	5625
1787676903.498758365	s3-eth14	1772	5625
1787676903.498758365	s3-eth15	4934	520245513
1787676903.498758365	s3-eth16	1522	5535
1787676903.498758365	s3-eth17	1772	5625
1787676903.498758365	s3-eth18	1772	5625
1787676903.498758365	s3-eth19	108226191	8600
1787676903.498758365	s3-eth2	28022	30661
1787676903.498758365	s3-eth20	1682	5535
1787676903.498758365	s3-eth21	1452	5425
1787676903.498758365	s3-eth22	1682	5465
1787676903.498758365	s3-eth23	322273652	7970
1787676903.498758365	s3-eth24	1452	5465
1787676903.498758365	s3-eth25	1682	5555
1787676903.498758365	s3-eth26	1522	5535
1787676903.498758365	s3-eth27	541185461	8770
1787676903.498758365	s3-eth28	1612	5625
1787676903.498758365	s3-eth29	1682	5535
1787676903.498758365	s3-eth3	4705	2065432062
1787676903.498758365	s3-eth30	1682	5535
1787676903.498758365	s3-eth31	541230027	8622
1787676903.498758365	s3-eth32	1772	5535
1787676903.498758365	s3-eth33	1522	5535
1787676903.498758365	s3-eth34	1772	5535
1787676903.498758365	s3-eth4	1682	5625
1787676903.498758365	s3-eth5	1772	5465
1787676903.498758365	s3-eth6	1772	5625
1787676903.498758365	s3-eth7	4998	521004304
1787676903.498758365	s3-eth8	1522	5445
1787676903.498758365	s3-eth9	1772	5535
1787676903.498758365	s4-eth1	3219952956	55136
1787676903.498758365	s4-eth10	1682	5515
1787676903.498758365	s4-eth11	4543	532860115
1787676903.498758365	s4-eth12	1522	5585
1787676903.498758365	s4-eth13	1772	5535
1787676903.498758365	s4-eth14	1522	5465
1787676903.498758365	s4-eth15	4614	532793896
1787676903.498758365	s4-eth16	1682	5535
1787676903.498758365	s4-eth17	1612	5445
1787676903.498758365	s4-eth18	1682	5515
1787676903.498758365	s4-eth19	4767	108208324
1787676903.498758365	s4-eth2	30731	30731
1787676903.498758365	s4-eth20	1702	5585
1787676903.498758365	s4-eth21	1522	5535
1787676903.498758365	s4-eth22	1702	5585
1787676903.498758365	s4-eth23	4157	322388429
1787676903.498758365	s4-eth24	1452	5625
1787676903.498758365	s4-eth25	1682	5515
1787676903.498758365	s4-eth26	1522	5515
1787676903.498758365	s4-eth27	4757	540993272
1787676903.498758365	s4-eth28	1612	5465
1787676903.498758365	s4-eth29	1452	5535
1787676903.498758365	s4-eth3	4674	106617893
1787676903.498758365	s4-eth30	1522	5515
1787676903.498758365	s4-eth31	4859	540991554
1787676903.498758365	s4-eth32	1682	5515
1787676903.498758365	s4-eth33	1772	5515
1787676903.498758365	s4-eth34	1522	5625
1787676903.498758365	s4-eth4	1772	5465
1787676903.498758365	s4-eth5	1682	5515
1787676903.498758365	s4-eth6	1682	5515
1787676903.498758365	s4-eth7	4480	533268056
1787676903.498758365	s4-eth8	1682	5515
1787676903.498758365	s4-eth9	1682	5535
1787676903.498758365	s5-eth1	7311049104	55204
1787676903.498758365	s5-eth2	1733097037	3478467809
1787676903.498758365	s5-eth3	55599	30731
1787676903.498758365	s5-eth4	31669	5423399351
1787676903.498758365	s6-eth1	30731	30864
1787676903.498758365	s6-eth2	30731	28295
1787676903.498758365	s6-eth3	30731	30731
1787676903.498758365	s6-eth4	31669	30731
1787676903.498758365	s7-eth1	1514474571	3640377269
1787676903.498758365	s7-eth2	55136	3222293322
1787676903.498758365	s7-eth3	30731	55529
1787676903.498758365	s7-eth4	5386591661	30731
1787676903.498758365	s8-eth1	30661	28022
1787676903.498758365	s8-eth2	30731	30731
1787676903.498758365	s8-eth3	30731	28295
1787676903.498758365	s8-eth4	31669	30661
1787676903.498758365	s9-eth1	30731	55599
1787676903.498758365	s9-eth2	30731	30731
1787676903.498758365	s9-eth3	55529	30731
1787676903.498758365	s9-eth4	28295	30731
1787676907.724410132	s10-eth1	5437548255	31669
1787676907.724410132	s10-eth2	30731	31669
1787676907.724410132	s10-eth3	30731	5400157997
1787676907.724410132	s10-eth4	30661	31669
1787676907.724410132	s1-eth1	55204	7331369768
1787676907.724410132	s1-eth10	1702	5555
1787676907.724410132	s1-eth11	543077250	8719
1787676907.724410132	s1-eth12	1682	5555
1787676907.724410132	s1-eth13	1772	5625
1787676907.724410132	s1-eth14	1772	5625
1787676907.724410132	s1-eth15	543097426	8697
1787676907.724410132	s1-eth16	1702	5625
1787676907.724410132	s1-eth17	1702	5535
1787676907.724410132	s1-eth18	1772	5625
1787676907.724410132	s1-eth19	2172423554	8689
1787676907.724410132	s1-eth2	30864	30731
1787676907.724410132	s1-eth20	1612	5394
1787676907.724410132	s1-eth21	1702	5625
1787676907.724410132	s1-eth22	1772	5625
1787676907.724410132	s1-eth23	324256126	8002
1787676907.724410132	s1-eth24	1702	5535
1787676907.724410132	s1-eth25	1772	5625
1787676907.724410132	s1-eth26	1772	5535
1787676907.724410132	s1-eth27	543152063	8729
1787676907.724410132	s1-eth28	1772	5625
1787676907.724410132	s1-eth29	1772	5625
1787676907.724410132	s1-eth3	2172680039	8754
1787676907.724410132	s1-eth30	1612	5535
1787676907.724410132	s1-eth31	543194052	8728
1787676907.724410132	s1-eth32	1682	5535
1787676907.724410132	s1-eth33	1772	5625
1787676907.724410132	s1-eth34	1772	5535
1787676907.724410132	s1-eth4	1898	5731
1787676907.724410132	s1-eth5	1772	5304
1787676907.724410132	s1-eth6	1772	5625
1787676907.724410132	s1-eth7	543260671	8781
1787676907.724410132	s1-eth8	1612	5625
1787676907.724410132	s1-eth9	1772	5535
1787676907.724410132	s2-eth1	3489869703	1738415133
1787676907.724410132	s2-eth10	1682	5575
1787676907.724410132	s2-eth11	543303642	8626
1787676907.724410132	s2-eth12	1682	5465
1787676907.724410132	s2-eth13	1772	5394
1787676907.724410132	s2-eth14	1772	5625
1787676907.724410132	s2-eth15	543338293	8717
1787676907.724410132	s2-eth16	1772	5535
1787676907.724410132	s2-eth17	1682	5625
1787676907.724410132	s2-eth18	1772	5535
1787676907.724410132	s2-eth19	4906	2106157175
1787676907.724410132	s2-eth2	28295	30731
1787676907.724410132	s2-eth20	1702	5535
1787676907.724410132	s2-eth21	1612	5555
1787676907.724410132	s2-eth22	1682	5535
1787676907.724410132	s2-eth23	4149	316337495
1787676907.724410132	s2-eth24	1772	5515
1787676907.724410132	s2-eth25	1682	5625
1787676907.724410132	s2-eth26	1772	5535
1787676907.724410132	s2-eth27	4876	530730362
1787676907.724410132	s2-eth28	1772	5465
1787676907.724410132	s2-eth29	1612	5535
1787676907.724410132	s2-eth3	108697816	8777
1787676907.724410132	s2-eth30	1772	5515
1787676907.724410132	s2-eth31	4695	530561569
1787676907.724410132	s2-eth32	1522	5645
1787676907.724410132	s2-eth33	1682	5625
1787676907.724410132	s2-eth34	1682	5535
1787676907.724410132	s2-eth4	1772	5625
1787676907.724410132	s2-eth5	1682	5535
1787676907.724410132	s2-eth6	1612	5535
1787676907.724410132	s2-eth7	543542869	8563
1787676907.724410132	s2-eth8	1772	5535
1787676907.724410132	s2-eth9	1772	5535
1787676907.724410132	s3-eth1	3653320688	1520542534
1787676907.724410132	s3-eth10	1682	5535
1787676907.724410132	s3-eth11	4546	522712873
1787676907.724410132	s3-eth12	1682	5625
1787676907.724410132	s3-eth13	1702	5625
1787676907.724410132	s3-eth14	1772	5625
1787676907.724410132	s3-eth15	4934	522786317
1787676907.724410132	s3-eth16	1522	5535
1787676907.724410132	s3-eth17	1772	5625
1787676907.724410132	s3-eth18	1772	5625
1787676907.724410132	s3-eth19	108740985	8600
1787676907.724410132	s3-eth2	28049	30688
1787676907.724410132	s3-eth20	1682	5535
1787676907.724410132	s3-eth21	1452	5425
1787676907.724410132	s3-eth22	1682	5465
1787676907.724410132	s3-eth23	324838970	7970
1787676907.724410132	s3-eth24	1452	5465
1787676907.724410132	s3-eth25	1682	5555
1787676907.724410132	s3-eth26	1522	5535
1787676907.724410132	s3-eth27	543750779	8770
1787676907.724410132	s3-eth28	1612	5625
1787676907.724410132	s3-eth29	1682	5535
1787676907.724410132	s3-eth3	4705	2075433774
1787676907.724410132	s3-eth30	1682	5535
1787676907.724410132	s3-eth31	543792461	8622
1787676907.724410132	s3-eth32	1772	5535
1787676907.724410132	s3-eth33	1522	5535
1787676907.724410132	s3-eth34	1772	5535
1787676907.724410132	s3-eth4	1682	5625
1787676907.724410132	s3-eth5	1772	5465
1787676907.724410132	s3-eth6	1772	5625
1787676907.724410132	s3-eth7	4998	523487428
1787676907.724410132	s3-eth8	1522	5445
1787676907.724410132	s3-eth9	1772	5535
1787676907.724410132	s4-eth1	3236015421	55163
1787676907.724410132	s4-eth10	1682	5515
1787676907.724410132	s4-eth11	4543	535354775
1787676907.724410132	s4-eth12	1522	5585
1787676907.724410132	s4-eth13	1772	5535
1787676907.724410132	s4-eth14	1522	5465
1787676907.724410132	s4-eth15	4614	535272694
1787676907.724410132	s4-eth16	1682	5535
1787676907.724410132	s4-eth17	1612	5445
1787676907.724410132	s4-eth18	1682	5515
1787676907.724410132	s4-eth19	4767	108702930
1787676907.724410132	s4-eth2	30758	30758
1787676907.724410132	s4-eth20	1702	5585
1787676907.724410132	s4-eth21	1522	5535
1787676907.724410132	s4-eth22	1702	5585
1787676907.724410132	s4-eth23	4157	324823967
1787676907.724410132	s4-eth24	1452	5625
1787676907.724410132	s4-eth25	1682	5515
1787676907.724410132	s4-eth26	1522	5515
1787676907.724410132	s4-eth27	4757	543417274
1787676907.724410132	s4-eth28	1612	5465
1787676907.724410132	s4-eth29	1452	5535
1787676907.724410132	s4-eth3	4674	107096637
1787676907.724410132	s4-eth30	1522	5515
1787676907.724410132	s4-eth31	4859	543401136
1787676907.724410132	s4-eth32	1682	5515
1787676907.724410132	s4-eth33	1772	5515
1787676907.724410132	s4-eth34	1522	5625
1787676907.724410132	s4-eth4	1772	5465
1787676907.724410132	s4-eth5	1682	5515
1787676907.724410132	s4-eth6	1682	5515
1787676907.724410132	s4-eth7	4480	535653124
1787676907.724410132	s4-eth8	1682	5515
1787676907.724410132	s4-eth9	1682	5535
1787676907.724410132	s5-eth1	7344670803	55231
1787676907.724410132	s5-eth2	1740801670	3495143124
1787676907.724410132	s5-eth3	55626	30758
1787676907.724410132	s5-eth4	31697	5447721592
1787676907.724410132	s6-eth1	30758	30891
1787676907.724410132	s6-eth2	30758	28322
1787676907.724410132	s6-eth3	30758	30758
1787676907.724410132	s6-eth4	31697	30758
1787676907.724410132	s7-eth1	1522114314	3656800234
1787676907.724410132	s7-eth2	55163	3237502123
1787676907.724410132	s7-eth3	30758	55556
1787676907.724410132	s7-eth4	5410513027	30758
1787676907.724410132	s8-eth1	30688	28049
1787676907.724410132	s8-eth2	30758	30758
1787676907.724410132	s8-eth3	30758	28322
1787676907.724410132	s8-eth4	31697	30688
1787676907.724410132	s9-eth1	30758	55626
1787676907.724410132	s9-eth2	30758	30758
1787676907.724410132	s9-eth3	55556	30758
1787676907.724410132	s9-eth4	28322	30758
1787676911.420455427	s10-eth1	5461796954	31697
1787676911.420455427	s10-eth2	30758	31697
1787676911.420455427	s10-eth3	30758	5424432653
1787676911.420455427	s10-eth4	30688	31697
1787676911.420455427	s1-eth1	55231	7364682879
1787676911.420455427	s1-eth10	1702	5555
1787676911.420455427	s1-eth11	545469528	8719
1787676911.420455427	s1-eth12	1682	5555
1787676911.420455427	s1-eth13	1772	5625
1787676911.420455427	s1-eth14	1772	5625
1787676911.420455427	s1-eth15	545527196	8697
1787676911.420455427	s1-eth16	1702	5625
1787676911.420455427	s1-eth17	1702	5535
1787676911.420455427	s1-eth18	1772	5625
1787676911.420455427	s1-eth19	2182188778	8689
1787676911.420455427	s1-eth2	30891	30758
1787676911.420455427	s1-eth20	1612	5394
1787676911.420455427	s1-eth21	1702	5625
1787676911.420455427	s1-eth22	1772	5625
1787676911.420455427	s1-eth23	326695990	8002
1787676911.420455427	s1-eth24	1702	5535
1787676911.420455427	s1-eth25	1772	5625
1787676911.420455427	s1-eth26	1772	5535
1787676911.420455427	s1-eth27	545614999	8729
1787676911.420455427	s1-eth28	1772	5625
1787676911.420455427	s1-eth29	1772	5625
1787676911.420455427	s1-eth3	2182602441	8754
1787676911.420455427	s1-eth30	1612	5535
1787676911.420455427	s1-eth31	545684386	8728
1787676911.420455427	s1-eth32	1682	5535
1787676911.420455427	s1-eth33	1772	5625
1787676911.420455427	s1-eth34	1772	5535
1787676911.420455427	s1-eth4	1898	5731
1787676911.420455427	s1-eth5	1772	5304
1787676911.420455427	s1-eth6	1772	5625
1787676911.420455427	s1-eth7	545772635	8781
1787676911.420455427	s1-eth8	1612	5625
1787676911.420455427	s1-eth9	1772	5535
1787676911.420455427	s2-eth1	3507390030	1746416818
1787676911.420455427	s2-eth10	1682	5575
1787676911.420455427	s2-eth11	545798302	8626
1787676911.420455427	s2-eth12	1682	5465
1787676911.420455427	s2-eth13	1772	5394
1787676911.420455427	s2-eth14	1772	5625
1787676911.420455427	s2-eth15	545822859	8717
1787676911.420455427	s2-eth16	1772	5535
1787676911.420455427	s2-eth17	1682	5625
1787676911.420455427	s2-eth18	1772	5535
1787676911.420455427	s2-eth19	4906	2116079577
1787676911.420455427	s2-eth2	28322	30758
1787676911.420455427	s2-eth20	1702	5535
1787676911.420455427	s2-eth21	1612	5555
1787676911.420455427	s2-eth22	1682	5535
1787676911.420455427	s2-eth23	4149	318811967
1787676911.420455427	s2-eth24	1772	5515
1787676911.420455427	s2-eth25	1682	5625
1787676911.420455427	s2-eth26	1772	5535
1787676911.420455427	s2-eth27	4876	533196182
1787676911.420455427	s2-eth28	1772	5465
1787676911.420455427	s2-eth29	1612	5535
1787676911.420455427	s2-eth3	109189538	8777
1787676911.420455427	s2-eth30	1772	5515
1787676911.420455427	s2-eth31	4695	533005759
1787676911.420455427	s2-eth32	1522	5645
1787676911.420455427	s2-eth33	1682	5625
1787676911.420455427	s2-eth34	1682	5535
1787676911.420455427	s2-eth4	1772	5625
1787676911.420455427	s2-eth5	1682	5535
1787676911.420455427	s2-eth6	1612	5535
1787676911.420455427	s2-eth7	545943799	8563
1787676911.420455427	s2-eth8	1772	5535
1787676911.420455427	s2-eth9	1772	5535
1787676911.420455427	s3-eth1	3670049330	1528186576
1787676911.420455427	s3-eth10	1682	5535
1787676911.420455427	s3-eth11	4546	525080637
1787676911.420455427	s3-eth12	1682	5625
1787676911.420455427	s3-eth13	1702	5625
1787676911.420455427	s3-eth14	1772	5625
1787676911.420455427	s3-eth15	4934	525155523
1787676911.420455427	s3-eth16	1522	5535
1787676911.420455427	s3-eth17	1772	5625
1787676911.420455427	s3-eth18	1772	5625
1787676911.420455427	s3-eth19	109213961	8600
1787676911.420455427	s3-eth2	28049	30688
1787676911.420455427	s3-eth20	1682	5535
1787676911.420455427	s3-eth21	1452	5425
1787676911.420455427	s3-eth22	1682	5465
1787676911.420455427	s3-eth23	327179336	7970
1787676911.420455427	s3-eth24	1452	5465
1787676911.420455427	s3-eth25	1682	5555
1787676911.420455427	s3-eth26	1522	5535
1787676911.420455427	s3-eth27	546075283	8770
1787676911.420455427	s3-eth28	1612	5625
1787676911.420455427	s3-eth29	1682	5535
1787676911.420455427	s3-eth3	4705	2084638060
1787676911.420455427	s3-eth30	1682	5535
1787676911.420455427	s3-eth31	546088125	8622
1787676911.420455427	s3-eth32	1772	5535
1787676911.420455427	s3-eth33	1522	5535
1787676911.420455427	s3-eth34	1772	5535
1787676911.420455427	s3-eth4	1682	5625
1787676911.420455427	s3-eth5	1772	5465
1787676911.420455427	s3-eth6	1772	5625
1787676911.420455427	s3-eth7	4998	525767230
1787676911.420455427	s3-eth8	1522	5445
1787676911.420455427	s3-eth9	1772	5535
1787676911.420455427	s4-eth1	3250618555	55163
1787676911.420455427	s4-eth10	1682	5515
1787676911.420455427	s4-eth11	4543	537636019
1787676911.420455427	s4-eth12	1522	5585
1787676911.420455427	s4-eth13	1772	5535
1787676911.420455427	s4-eth14	1522	5465
1787676911.420455427	s4-eth15	4614	537587104
1787676911.420455427	s4-eth16	1682	5535
1787676911.420455427	s4-eth17	1612	5445
1787676911.420455427	s4-eth18	1682	5515
1787676911.420455427	s4-eth19	4767	109174464
1787676911.420455427	s4-eth2	30758	30758
1787676911.420455427	s4-eth20	1702	5585
1787676911.420455427	s4-eth21	1522	5535
1787676911.420455427	s4-eth22	1702	5585
1787676911.420455427	s4-eth23	4157	327206151
1787676911.420455427	s4-eth24	1452	5625
1787676911.420455427	s4-eth25	1682	5515
1787676911.420455427	s4-eth26	1522	5515
1787676911.420455427	s4-eth27	4757	545828298
1787676911.420455427	s4-eth28	1612	5465
1787676911.420455427	s4-eth29	1452	5535
1787676911.420455427	s4-eth3	4674	107582591
1787676911.420455427	s4-eth30	1522	5515
1787676911.420455427	s4-eth31	4859	545835232
1787676911.420455427	s4-eth32	1682	5515
1787676911.420455427	s4-eth33	1772	5515
1787676911.420455427	s4-eth34	1522	5625
1787676911.420455427	s4-eth4	1772	5465
1787676911.420455427	s4-eth5	1682	5515
1787676911.420455427	s4-eth6	1682	5515
1787676911.420455427	s4-eth7	4480	538124712
1787676911.420455427	s4-eth8	1682	5515
1787676911.420455427	s4-eth9	1682	5535
1787676911.420455427	s5-eth1	7379440307	55231
1787676911.420455427	s5-eth2	1748742764	3512517782
1787676911.420455427	s5-eth3	55626	30758
1787676911.420455427	s5-eth4	31697	5473138284
1787676911.420455427	s6-eth1	30758	30891
1787676911.420455427	s6-eth2	30758	28322
1787676911.420455427	s6-eth3	30758	30758
1787676911.420455427	s6-eth4	31697	30758
1787676911.420455427	s7-eth1	1530206818	3674456082
1787676911.420455427	s7-eth2	55163	3253749137
1787676911.420455427	s7-eth3	30758	55556
1787676911.420455427	s7-eth4	5436546895	30758
1787676911.420455427	s8-eth1	30688	28049
1787676911.420455427	s8-eth2	30758	30758
1787676911.420455427	s8-eth3	30758	28349
1787676911.420455427	s8-eth4	31725	30715
1787676911.420455427	s9-eth1	30785	55653
1787676911.420455427	s9-eth2	30785	30785
1787676911.420455427	s9-eth3	55583	30785
1787676911.420455427	s9-eth4	28349	30785
1787676915.513434345	s10-eth1	5488717679	31725
1787676915.513434345	s10-eth2	30785	31725
1787676915.513434345	s10-eth3	30785	5451537955
1787676915.513434345	s10-eth4	30715	31725
1787676915.513434345	s1-eth1	55258	7402219608
1787676915.513434345	s1-eth10	1702	5555
1787676915.513434345	s1-eth11	548157416	8719
1787676915.513434345	s1-eth12	1682	5555
1787676915.513434345	s1-eth13	1772	5625
1787676915.513434345	s1-eth14	1772	5625
1787676915.513434345	s1-eth15	548204990	8697
1787676915.513434345	s1-eth16	1702	5625
1787676915.513434345	s1-eth17	1702	5535
1787676915.513434345	s1-eth18	1772	5625
1787676915.513434345	s1-eth19	2192923026	8689
1787676915.513434345	s1-eth2	30918	30785
1787676915.513434345	s1-eth20	1612	5394
1787676915.513434345	s1-eth21	1702	5625
1787676915.513434345	s1-eth22	1772	5625
1787676915.513434345	s1-eth23	329379552	8002
1787676915.513434345	s1-eth24	1702	5535
1787676915.513434345	s1-eth25	1772	5625
1787676915.513434345	s1-eth26	1772	5535
1787676915.513434345	s1-eth27	548282699	8729
1787676915.513434345	s1-eth28	1772	5625
1787676915.513434345	s1-eth29	1772	5625
1787676915.513434345	s1-eth3	2193202583	8754
1787676915.513434345	s1-eth30	1612	5535
1787676915.513434345	s1-eth31	548316036	8728
1787676915.513434345	s1-eth32	1682	5535
1787676915.513434345	s1-eth33	1772	5625
1787676915.513434345	s1-eth34	1772	5535
1787676915.513434345	s1-eth4	1898	5731
1787676915.513434345	s1-eth5	1772	5304
1787676915.513434345	s1-eth6	1772	5625
1787676915.513434345	s1-eth7	548353815	8781
1787676915.513434345	s1-eth8	1612	5625
1787676915.513434345	s1-eth9	1772	5535
1787676915.513434345	s2-eth1	3525282393	1754716997
1787676915.513434345	s2-eth10	1682	5575
1787676915.513434345	s2-eth11	548396786	8626
1787676915.513434345	s2-eth12	1682	5465
1787676915.513434345	s2-eth13	1772	5394
1787676915.513434345	s2-eth14	1772	5625
1787676915.513434345	s2-eth15	548415575	8717
1787676915.513434345	s2-eth16	1772	5535
1787676915.513434345	s2-eth17	1682	5625
1787676915.513434345	s2-eth18	1772	5535
1787676915.513434345	s2-eth19	4906	2126257213
1787676915.513434345	s2-eth2	28349	30785
1787676915.513434345	s2-eth20	1702	5535
1787676915.513434345	s2-eth21	1612	5555
1787676915.513434345	s2-eth22	1682	5535
1787676915.513434345	s2-eth23	4149	321342677
1787676915.513434345	s2-eth24	1772	5515
1787676915.513434345	s2-eth25	1682	5625
1787676915.513434345	s2-eth26	1772	5535
1787676915.513434345	s2-eth27	4876	535752848
1787676915.513434345	s2-eth28	1772	5465
1787676915.513434345	s2-eth29	1612	5535
1787676915.513434345	s2-eth3	109715868	8777
1787676915.513434345	s2-eth30	1772	5515
1787676915.513434345	s2-eth31	4695	535630199
1787676915.513434345	s2-eth32	1522	5645
1787676915.513434345	s2-eth33	1682	5625
1787676915.513434345	s2-eth34	1682	5535
1787676915.513434345	s2-eth4	1772	5625
1787676915.513434345	s2-eth5	1682	5535
1787676915.513434345	s2-eth6	1612	5535
1787676915.513434345	s2-eth7	548677831	8563
1787676915.513434345	s2-eth8	1772	5535
1787676915.513434345	s2-eth9	1772	5535
1787676915.513434345	s3-eth1	3688942441	1537014527
1787676915.513434345	s3-eth10	1682	5535
1787676915.513434345	s3-eth11	4546	527800249
1787676915.513434345	s3-eth12	1682	5625
1787676915.513434345	s3-eth13	1702	5625
1787676915.513434345	s3-eth14	1772	5625
1787676915.513434345	s3-eth15	4934	527862157
1787676915.513434345	s3-eth16	1522	5535
1787676915.513434345	s3-eth17	1772	5625
1787676915.513434345	s3-eth18	1772	5625
1787676915.513434345	s3-eth19	109769131	8600
1787676915.513434345	s3-eth2	28076	30715
1787676915.513434345	s3-eth20	1682	5535
1787676915.513434345	s3-eth21	1452	5425
1787676915.513434345	s3-eth22	1682	5465
1787676915.513434345	s3-eth23	329972490	7970
1787676915.513434345	s3-eth24	1452	5465
1787676915.513434345	s3-eth25	1682	5555
1787676915.513434345	s3-eth26	1522	5535
1787676915.513434345	s3-eth27	548864111	8770
1787676915.513434345	s3-eth28	1612	5625
1787676915.513434345	s3-eth29	1682	5535
1787676915.513434345	s3-eth3	4705	2095584282
1787676915.513434345	s3-eth30	1682	5535
1787676915.513434345	s3-eth31	548882721	8622
1787676915.513434345	s3-eth32	1772	5535
1787676915.513434345	s3-eth33	1522	5535
1787676915.513434345	s3-eth34	1772	5535
1787676915.513434345	s3-eth4	1682	5625
1787676915.513434345	s3-eth5	1772	5465
1787676915.513434345	s3-eth6	1772	5625
1787676915.513434345	s3-eth7	4998	528538754
1787676915.513434345	s3-eth8	1522	5445
1787676915.513434345	s3-eth9	1772	5535
1787676915.513434345	s4-eth1	3268662328	55190
1787676915.513434345	s4-eth10	1682	5515
1787676915.513434345	s4-eth11	4543	540456571
1787676915.513434345	s4-eth12	1522	5585
1787676915.513434345	s4-eth13	1772	5535
1787676915.513434345	s4-eth14	1522	5465
1787676915.513434345	s4-eth15	4614	540386026
1787676915.513434345	s4-eth16	1682	5535
1787676915.513434345	s4-eth17	1612	5445
1787676915.513434345	s4-eth18	1682	5515
1787676915.513434345	s4-eth19	4767	109738286
1787676915.513434345	s4-eth2	30785	30785
1787676915.513434345	s4-eth20	1702	5585
1787676915.513434345	s4-eth21	1522	5535
1787676915.513434345	s4-eth22	1702	5585
1787676915.513434345	s4-eth23	4157	330016609
1787676915.513434345	s4-eth24	1452	5625
1787676915.513434345	s4-eth25	1682	5515
1787676915.513434345	s4-eth26	1522	5515
1787676915.513434345	s4-eth27	4757	548635872
1787676915.513434345	s4-eth28	1612	5465
1787676915.513434345	s4-eth29	1452	5535
1787676915.513434345	s4-eth3	4674	108144971
1787676915.513434345	s4-eth30	1522	5515
1787676915.513434345	s4-eth31	4859	548660110
1787676915.513434345	s4-eth32	1682	5515
1787676915.513434345	s4-eth33	1772	5515
1787676915.513434345	s4-eth34	1522	5625
1787676915.513434345	s4-eth4	1772	5465
1787676915.513434345	s4-eth5	1682	5515
1787676915.513434345	s4-eth6	1682	5515
1787676915.513434345	s4-eth7	4480	540939496
1787676915.513434345	s4-eth8	1682	5515
1787676915.513434345	s4-eth9	1682	5535
1787676915.513434345	s5-eth1	7418946808	55258
1787676915.513434345	s5-eth2	1757805761	3532069887
1787676915.513434345	s5-eth3	55653	30785
1787676915.513434345	s5-eth4	31725	5501691353
1787676915.513434345	s6-eth1	30785	30918
1787676915.513434345	s6-eth2	30785	28349
1787676915.513434345	s6-eth3	30785	30785
1787676915.513434345	s6-eth4	31725	30785
1787676915.513434345	s7-eth1	1539203483	3693765931
1787676915.513434345	s7-eth2	55190	3271680434
1787676915.513434345	s7-eth3	30785	55583
1787676915.513434345	s7-eth4	5464954323	30785
1787676915.513434345	s8-eth1	30715	28076
1787676915.513434345	s8-eth2	30785	30785
1787676915.513434345	s8-eth3	30785	28349
1787676915.513434345	s8-eth4	31725	30715
1787676915.513434345	s9-eth1	30785	55653
1787676915.513434345	s9-eth2	30785	30785
1787676915.513434345	s9-eth3	55583	30785
1787676915.513434345	s9-eth4	28349	30785
1787676919.832286476	s10-eth1	5516696832	31753
1787676919.832286476	s10-eth2	30812	31753
1787676919.832286476	s10-eth3	30812	5479225825
1787676919.832286476	s10-eth4	30742	31753
1787676919.832286476	s1-eth1	55285	7440292761
1787676919.832286476	s1-eth10	1702	5555
1787676919.832286476	s1-eth11	550871260	8719
1787676919.832286476	s1-eth12	1682	5555
1787676919.832286476	s1-eth13	1772	5625
1787676919.832286476	s1-eth14	1772	5625
1787676919.832286476	s1-eth15	550891436	8697
1787676919.832286476	s1-eth16	1702	5625
1787676919.832286476	s1-eth17	1702	5535
1787676919.832286476	s1-eth18	1772	5625
1787676919.832286476	s1-eth19	2203596710	8689
1787676919.832286476	s1-eth2	30945	30812
1787676919.832286476	s1-eth20	1612	5394
1787676919.832286476	s1-eth21	1702	5625
1787676919.832286476	s1-eth22	1772	5625
1787676919.832286476	s1-eth23	332057346	8002
1787676919.832286476	s1-eth24	1702	5535
1787676919.832286476	s1-eth25	1772	5625
1787676919.832286476	s1-eth26	1772	5535
1787676919.832286476	s1-eth27	550953283	8729
1787676919.832286476	s1-eth28	1772	5625
1787676919.832286476	s1-eth29	1772	5625
1787676919.832286476	s1-eth3	2203830123	8754
1787676919.832286476	s1-eth30	1612	5535
1787676919.832286476	s1-eth31	550975084	8728
1787676919.832286476	s1-eth32	1682	5535
1787676919.832286476	s1-eth33	1772	5625
1787676919.832286476	s1-eth34	1772	5535
1787676919.832286476	s1-eth4	1898	5731
1787676919.832286476	s1-eth5	1772	5304
1787676919.832286476	s1-eth6	1772	5625
1787676919.832286476	s1-eth7	551011421	8781
1787676919.832286476	s1-eth8	1612	5625
1787676919.832286476	s1-eth9	1772	5535
1787676919.832286476	s2-eth1	3543673688	1763158492
1787676919.832286476	s2-eth10	1682	5575
1787676919.832286476	s2-eth11	551026994	8626
1787676919.832286476	s2-eth12	1682	5465
1787676919.832286476	s2-eth13	1772	5394
1787676919.832286476	s2-eth14	1772	5625
1787676919.832286476	s2-eth15	551047225	8717
1787676919.832286476	s2-eth16	1772	5535
1787676919.832286476	s2-eth17	1682	5625
1787676919.832286476	s2-eth18	1772	5535
1787676919.832286476	s2-eth19	4906	2136744879
1787676919.832286476	s2-eth2	28376	30812
1787676919.832286476	s2-eth20	1702	5535
1787676919.832286476	s2-eth21	1612	5555
1787676919.832286476	s2-eth22	1682	5535
1787676919.832286476	s2-eth23	4149	323970001
1787676919.832286476	s2-eth24	1772	5515
1787676919.832286476	s2-eth25	1682	5625
1787676919.832286476	s2-eth26	1772	5535
1787676919.832286476	s2-eth27	4876	538352774
1787676919.832286476	s2-eth28	1772	5465
1787676919.832286476	s2-eth29	1612	5535
1787676919.832286476	s2-eth3	110232104	8777
1787676919.832286476	s2-eth30	1772	5515
1787676919.832286476	s2-eth31	4695	538172445
1787676919.832286476	s2-eth32	1522	5645
1787676919.832286476	s2-eth33	1682	5625
1787676919.832286476	s2-eth34	1682	5535
1787676919.832286476	s2-eth4	1772	5625
1787676919.832286476	s2-eth5	1682	5535
1787676919.832286476	s2-eth6	1612	5535
1787676919.832286476	s2-eth7	551156629	8563
1787676919.832286476	s2-eth8	1772	5535
1787676919.832286476	s2-eth9	1772	5535
1787676919.832286476	s3-eth1	3706131108	1544915272
1787676919.832286476	s3-eth10	1682	5535
1787676919.832286476	s3-eth11	4546	530263185
1787676919.832286476	s3-eth12	1682	5625
1787676919.832286476	s3-eth13	1702	5625
1787676919.832286476	s3-eth14	1772	5625
1787676919.832286476	s3-eth15	4934	530345281
1787676919.832286476	s3-eth16	1522	5535
1787676919.832286476	s3-eth17	1772	5625
1787676919.832286476	s3-eth18	1772	5625
1787676919.832286476	s3-eth19	110272389	8600
1787676919.832286476	s3-eth2	28103	30742
1787676919.832286476	s3-eth20	1682	5535
1787676919.832286476	s3-eth21	1452	5425
1787676919.832286476	s3-eth22	1682	5465
1787676919.832286476	s3-eth23	332523388	7970
1787676919.832286476	s3-eth24	1452	5465
1787676919.832286476	s3-eth25	1682	5555
1787676919.832286476	s3-eth26	1522	5535
1787676919.832286476	s3-eth27	551453943	8770
1787676919.832286476	s3-eth28	1612	5625
1787676919.832286476	s3-eth29	1682	5535
1787676919.832286476	s3-eth3	4705	2106012826
1787676919.832286476	s3-eth30	1682	5535
1787676919.832286476	s3-eth31	551518697	8622
1787676919.832286476	s3-eth32	1772	5535
1787676919.832286476	s3-eth33	1522	5535
1787676919.832286476	s3-eth34	1772	5535
1787676919.832286476	s3-eth4	1682	5625
1787676919.832286476	s3-eth5	1772	5465
1787676919.832286476	s3-eth6	1772	5625
1787676919.832286476	s3-eth7	4998	531192034
1787676919.832286476	s3-eth8	1522	5445
1787676919.832286476	s3-eth9	1772	5535
1787676919.832286476	s4-eth1	3285866857	55217
1787676919.832286476	s4-eth10	1682	5515
1787676919.832286476	s4-eth11	4543	543157437
1787676919.832286476	s4-eth12	1522	5585
1787676919.832286476	s4-eth13	1772	5535
1787676919.832286476	s4-eth14	1522	5465
1787676919.832286476	s4-eth15	4614	543062378
1787676919.832286476	s4-eth16	1682	5535
1787676919.832286476	s4-eth17	1612	5445
1787676919.832286476	s4-eth18	1682	5515
1787676919.832286476	s4-eth19	4767	110267500
1787676919.832286476	s4-eth2	30812	30812
1787676919.832286476	s4-eth20	1702	5585
1787676919.832286476	s4-eth21	1522	5535
1787676919.832286476	s4-eth22	1702	5585
1787676919.832286476	s4-eth23	4157	332642491
1787676919.832286476	s4-eth24	1452	5625
1787676919.832286476	s4-eth25	1682	5515
1787676919.832286476	s4-eth26	1522	5515
1787676919.832286476	s4-eth27	4757	551240124
1787676919.832286476	s4-eth28	1612	5465
1787676919.832286476	s4-eth29	1452	5535
1787676919.832286476	s4-eth3	4674	108659765
1787676919.832286476	s4-eth30	1522	5515
1787676919.832286476	s4-eth31	4859	551219660
1787676919.832286476	s4-eth32	1682	5515
1787676919.832286476	s4-eth33	1772	5515
1787676919.832286476	s4-eth34	1522	5625
1787676919.832286476	s4-eth4	1772	5465
1787676919.832286476	s4-eth5	1682	5515
1787676919.832286476	s4-eth6	1682	5515
1787676919.832286476	s4-eth7	4480	543442808
1787676919.832286476	s4-eth8	1682	5515
1787676919.832286476	s4-eth9	1682	5535
1787676919.832286476	s5-eth1	7453696151	55285
1787676919.832286476	s5-eth2	1765726694	3549330654
1787676919.832286476	s5-eth3	55680	30812
1787676919.832286476	s5-eth4	31753	5526738920
1787676919.832286476	s6-eth1	30812	30945
1787676919.832286476	s6-eth2	30812	28376
1787676919.832286476	s6-eth3	30812	30812
1787676919.832286476	s6-eth4	31753	30812
1787676919.832286476	s7-eth1	1547027802	3710772906
1787676919.832286476	s7-eth2	55217	3287233873
1787676919.832286476	s7-eth3	30812	55610
1787676919.832286476	s7-eth4	5489674557	30812
1787676919.832286476	s8-eth1	30742	28103
1787676919.832286476	s8-eth2	30812	30812
1787676919.832286476	s8-eth3	30812	28376
1787676919.832286476	s8-eth4	31753	30742
1787676919.832286476	s9-eth1	30812	55680
1787676919.832286476	s9-eth2	30812	30812
1787676919.832286476	s9-eth3	55610	30812
1787676919.832286476	s9-eth4	28376	30812
1787676923.562880154	s10-eth1	5541121455	31781
1787676923.562880154	s10-eth2	30839	31781
1787676923.562880154	s10-eth3	30839	5503654775
1787676923.562880154	s10-eth4	30839	31781
1787676923.562880154	s1-eth1	55312	7473884248
1787676923.562880154	s1-eth10	1772	5625
1787676923.562880154	s1-eth11	553266422	8719
1787676923.562880154	s1-eth12	1682	5625
1787676923.562880154	s1-eth13	1772	5625
1787676923.562880154	s1-eth14	1772	5625
1787676923.562880154	s1-eth15	553285156	8697
1787676923.562880154	s1-eth16	1702	5625
1787676923.562880154	s1-eth17	1702	5535
1787676923.562880154	s1-eth18	1772	5625
1787676923.562880154	s1-eth19	2213160054	8689
1787676923.562880154	s1-eth2	30972	30839
1787676923.562880154	s1-eth20	1682	5394
1787676923.562880154	s1-eth21	1702	5625
1787676923.562880154	s1-eth22	1772	5625
1787676923.562880154	s1-eth23	334435204	8002
1787676923.562880154	s1-eth24	1702	5535
1787676923.562880154	s1-eth25	1772	5625
1787676923.562880154	s1-eth26	1772	5535
1787676923.562880154	s1-eth27	553339793	8729
1787676923.562880154	s1-eth28	1772	5625
1787676923.562880154	s1-eth29	1772	5625
1787676923.562880154	s1-eth3	2213399235	8754
1787676923.562880154	s1-eth30	1682	5535
1787676923.562880154	s1-eth31	553363036	8798
1787676923.562880154	s1-eth32	1682	5535
1787676923.562880154	s1-eth33	1772	5625
1787676923.562880154	s1-eth34	1772	5535
1787676923.562880154	s1-eth4	1898	5731
1787676923.562880154	s1-eth5	1772	5304
1787676923.562880154	s1-eth6	1772	5625
1787676923.562880154	s1-eth7	553410909	8851
1787676923.562880154	s1-eth8	1612	5625
1787676923.562880154	s1-eth9	1772	5535
1787676923.562880154	s2-eth1	3560598469	1770926573
1787676923.562880154	s2-eth10	1682	5645
1787676923.562880154	s2-eth11	553471184	8626
1787676923.562880154	s2-eth12	1682	5535
1787676923.562880154	s2-eth13	1772	5394
1787676923.562880154	s2-eth14	1772	5625
1787676923.562880154	s2-eth15	553510161	8717
1787676923.562880154	s2-eth16	1772	5535
1787676923.562880154	s2-eth17	1682	5625
1787676923.562880154	s2-eth18	1772	5535
1787676923.562880154	s2-eth19	4906	2146678887
1787676923.562880154	s2-eth2	28403	30839
1787676923.562880154	s2-eth20	1772	5535
1787676923.562880154	s2-eth21	1612	5555
1787676923.562880154	s2-eth22	1682	5535
1787676923.562880154	s2-eth23	4149	326502153
1787676923.562880154	s2-eth24	1772	5515
1787676923.562880154	s2-eth25	1682	5625
1787676923.562880154	s2-eth26	1772	5535
1787676923.562880154	s2-eth27	4876	540925302
1787676923.562880154	s2-eth28	1772	5535
1787676923.562880154	s2-eth29	1682	5535
1787676923.562880154	s2-eth3	110751224	8777
1787676923.562880154	s2-eth30	1772	5515
1787676923.562880154	s2-eth31	4695	540786791
1787676923.562880154	s2-eth32	1522	5645
1787676923.562880154	s2-eth33	1682	5625
1787676923.562880154	s2-eth34	1682	5535
1787676923.562880154	s2-eth4	1772	5625
1787676923.562880154	s2-eth5	1682	5535
1787676923.562880154	s2-eth6	1682	5535
1787676923.562880154	s2-eth7	553848843	8563
1787676923.562880154	s2-eth8	1772	5535
1787676923.562880154	s2-eth9	1772	5535
1787676923.562880154	s3-eth1	3724882903	1553554321
1787676923.562880154	s3-eth10	1682	5535
1787676923.562880154	s3-eth11	4616	532953957
1787676923.562880154	s3-eth12	1682	5625
1787676923.562880154	s3-eth13	1772	5625
1787676923.562880154	s3-eth14	1772	5625
1787676923.562880154	s3-eth15	4934	533010097
1787676923.562880154	s3-eth16	1522	5535
1787676923.562880154	s3-eth17	1772	5625
1787676923.562880154	s3-eth18	1772	5625
1787676923.562880154	s3-eth19	110810255	8600
1787676923.562880154	s3-eth2	28200	30839
1787676923.562880154	s3-eth20	1682	5535
1787676923.562880154	s3-eth21	1522	5425
1787676923.562880154	s3-eth22	1682	5535
1787676923.562880154	s3-eth23	335191088	7970
1787676923.562880154	s3-eth24	1522	5535
1787676923.562880154	s3-eth25	1682	5555
1787676923.562880154	s3-eth26	1522	5535
1787676923.562880154	s3-eth27	554097199	8770
1787676923.562880154	s3-eth28	1682	5625
1787676923.562880154	s3-eth29	1682	5535
1787676923.562880154	s3-eth3	4705	2116501934
1787676923.562880154	s3-eth30	1682	5535
1787676923.562880154	s3-eth31	554156115	8622
1787676923.562880154	s3-eth32	1772	5535
1787676923.562880154	s3-eth33	1522	5535
1787676923.562880154	s3-eth34	1772	5535
1787676923.562880154	s3-eth4	1682	5625
1787676923.562880154	s3-eth5	1772	5535
1787676923.562880154	s3-eth6	1772	5625
1787676923.562880154	s3-eth7	4998	533812148
1787676923.562880154	s3-eth8	1522	5515
1787676923.562880154	s3-eth9	1772	5535
1787676923.562880154	s4-eth1	3302614272	55244
1787676923.562880154	s4-eth10	1682	5515
1787676923.562880154	s4-eth11	4613	545732849
1787676923.562880154	s4-eth12	1522	5585
1787676923.562880154	s4-eth13	1772	5535
1787676923.562880154	s4-eth14	1522	5535
1787676923.562880154	s4-eth15	4614	545669514
1787676923.562880154	s4-eth16	1682	5535
1787676923.562880154	s4-eth17	1682	5515
1787676923.562880154	s4-eth18	1682	5515
1787676923.562880154	s4-eth19	4767	110796784
1787676923.562880154	s4-eth2	30839	30839
1787676923.562880154	s4-eth20	1772	5585
1787676923.562880154	s4-eth21	1522	5535
1787676923.562880154	s4-eth22	1772	5585
1787676923.562880154	s4-eth23	4157	335334705
1787676923.562880154	s4-eth24	1522	5625
1787676923.562880154	s4-eth25	1682	5515
1787676923.562880154	s4-eth26	1522	5515
1787676923.562880154	s4-eth27	4757	553949642
1787676923.562880154	s4-eth28	1612	5535
1787676923.562880154	s4-eth29	1522	5535
1787676923.562880154	s4-eth3	4674	109199073
1787676923.562880154	s4-eth30	1522	5515
1787676923.562880154	s4-eth31	4859	553962344
1787676923.562880154	s4-eth32	1682	5515
1787676923.562880154	s4-eth33	1772	5515
1787676923.562880154	s4-eth34	1522	5625
1787676923.562880154	s4-eth4	1772	5535
1787676923.562880154	s4-eth5	1682	5515
1787676923.562880154	s4-eth6	1682	5515
1787676923.562880154	s4-eth7	4480	546218658
1787676923.562880154	s4-eth8	1682	5515
1787676923.562880154	s4-eth9	1682	5535
1787676923.562880154	s5-eth1	7492908554	55312
1787676923.562880154	s5-eth2	1774694519	3568898621
1787676923.562880154	s5-eth3	55707	30839
1787676923.562880154	s5-eth4	31781	5555296315
1787676923.562880154	s6-eth1	30839	30972
1787676923.562880154	s6-eth2	30839	28403
1787676923.562880154	s6-eth3	30839	30839
1787676923.562880154	s6-eth4	31781	30839
1787676923.562880154	s7-eth1	1556020141	3730362503
1787676923.562880154	s7-eth2	55244	3305228618
1787676923.562880154	s7-eth3	30839	55707
1787676923.562880154	s7-eth4	5518231953	30839
1787676923.562880154	s8-eth1	30839	28200
1787676923.562880154	s8-eth2	30839	30839
1787676923.562880154	s8-eth3	30839	28403
1787676923.562880154	s8-eth4	31781	30839
1787676923.562880154	s9-eth1	30839	55707
1787676923.562880154	s9-eth2	30839	30839
1787676923.562880154	s9-eth3	55707	30839
1787676923.562880154	s9-eth4	28403	30839
1787676927.936616497	s10-eth1	5569763901	31781
1787676927.936616497	s10-eth2	30839	31781
1787676927.936616497	s10-eth3	30839	5532295779
1787676927.936616497	s10-eth4	30839	31781
1787676927.936616497	s1-eth1	55312	7513405142
1787676927.936616497	s1-eth10	1772	5625
1787676927.936616497	s1-eth11	556089858	8719
1787676927.936616497	s1-eth12	1682	5625
1787676927.936616497	s1-eth13	1772	5625
1787676927.936616497	s1-eth14	1772	5625
1787676927.936616497	s1-eth15	556114360	8697
1787676927.936616497	s1-eth16	1702	5625
1787676927.936616497	s1-eth17	1702	5535
1787676927.936616497	s1-eth18	1772	5625
1787676927.936616497	s1-eth19	2224528782	8689
1787676927.936616497	s1-eth2	30972	30839
1787676927.936616497	s1-eth20	1682	5394
1787676927.936616497	s1-eth21	1702	5625
1787676927.936616497	s1-eth22	1772	5625
1787676927.936616497	s1-eth23	337299016	8002
1787676927.936616497	s1-eth24	1702	5535
1787676927.936616497	s1-eth25	1772	5625
1787676927.936616497	s1-eth26	1772	5535
1787676927.936616497	s1-eth27	556209373	8729
1787676927.936616497	s1-eth28	1772	5625
1787676927.936616497	s1-eth29	1772	5625
1787676927.936616497	s1-eth3	2224945329	8754
1787676927.936616497	s1-eth30	1682	5535
1787676927.936616497	s1-eth31	556265782	8798
1787676927.936616497	s1-eth32	1682	5535
1787676927.936616497	s1-eth33	1772	5625
1787676927.936616497	s1-eth34	1772	5535
1787676927.936616497	s1-eth4	1898	5731
1787676927.936616497	s1-eth5	1772	5304
1787676927.936616497	s1-eth6	1772	5625
1787676927.936616497	s1-eth7	556320865	8851
1787676927.936616497	s1-eth8	1612	5625
1787676927.936616497	s1-eth9	1772	5535
1787676927.936616497	s2-eth1	3580849944	1780202986
1787676927.936616497	s2-eth10	1682	5645
1787676927.936616497	s2-eth11	556363836	8626
1787676927.936616497	s2-eth12	1682	5535
1787676927.936616497	s2-eth13	1772	5394
1787676927.936616497	s2-eth14	1772	5625
1787676927.936616497	s2-eth15	556410023	8717
1787676927.936616497	s2-eth16	1772	5535
1787676927.936616497	s2-eth17	1682	5625
1787676927.936616497	s2-eth18	1772	5535
1787676927.936616497	s2-eth19	4906	2158206235
1787676927.936616497	s2-eth2	28430	30866
1787676927.936616497	s2-eth20	1772	5535
1787676927.936616497	s2-eth21	1612	5555
1787676927.936616497	s2-eth22	1682	5535
1787676927.936616497	s2-eth23	4149	329363081
1787676927.936616497	s2-eth24	1772	5515
1787676927.936616497	s2-eth25	1682	5625
1787676927.936616497	s2-eth26	1772	5535
1787676927.936616497	s2-eth27	4876	543766042
1787676927.936616497	s2-eth28	1772	5535
1787676927.936616497	s2-eth29	1682	5535
1787676927.936616497	s2-eth3	111319372	8777
1787676927.936616497	s2-eth30	1772	5515
1787676927.936616497	s2-eth31	4695	543608785
1787676927.936616497	s2-eth32	1522	5645
1787676927.936616497	s2-eth33	1682	5625
1787676927.936616497	s2-eth34	1682	5535
1787676927.936616497	s2-eth4	1772	5625
1787676927.936616497	s2-eth5	1682	5535
1787676927.936616497	s2-eth6	1682	5535
1787676927.936616497	s2-eth7	556644881	8563
1787676927.936616497	s2-eth8	1772	5535
1787676927.936616497	s2-eth9	1772	5535
1787676927.936616497	s3-eth1	3744224476	1562461582
1787676927.936616497	s3-eth10	1682	5535
1787676927.936616497	s3-eth11	4616	535705293
1787676927.936616497	s3-eth12	1682	5625
1787676927.936616497	s3-eth13	1772	5625
1787676927.936616497	s3-eth14	1772	5625
1787676927.936616497	s3-eth15	4934	535755665
1787676927.936616497	s3-eth16	1522	5535
1787676927.936616497	s3-eth17	1772	5625
1787676927.936616497	s3-eth18	1772	5625
1787676927.936616497	s3-eth19	111363983	8600
1787676927.936616497	s3-eth2	28227	30866
1787676927.936616497	s3-eth20	1682	5535
1787676927.936616497	s3-eth21	1522	5425
1787676927.936616497	s3-eth22	1682	5535
1787676927.936616497	s3-eth23	337949634	7970
1787676927.936616497	s3-eth24	1522	5535
1787676927.936616497	s3-eth25	1682	5555
1787676927.936616497	s3-eth26	1522	5535
1787676927.936616497	s3-eth27	556877375	8770
1787676927.936616497	s3-eth28	1682	5625
1787676927.936616497	s3-eth29	1682	5535
1787676927.936616497	s3-eth3	4705	2127352984
1787676927.936616497	s3-eth30	1682	5535
1787676927.936616497	s3-eth31	556917545	8622
1787676927.936616497	s3-eth32	1772	5535
1787676927.936616497	s3-eth33	1522	5535
1787676927.936616497	s3-eth34	1772	5535
1787676927.936616497	s3-eth4	1682	5625
1787676927.936616497	s3-eth5	1772	5535
1787676927.936616497	s3-eth6	1772	5625
1787676927.936616497	s3-eth7	4998	536514456
1787676927.936616497	s3-eth8	1522	5515
1787676927.936616497	s3-eth9	1772	5535
1787676927.936616497	s4-eth1	3320159113	55271
1787676927.936616497	s4-eth10	1682	5515
1787676927.936616497	s4-eth11	4613	548472649
1787676927.936616497	s4-eth12	1522	5585
1787676927.936616497	s4-eth13	1772	5535
1787676927.936616497	s4-eth14	1522	5535
1787676927.936616497	s4-eth15	4614	548392010
1787676927.936616497	s4-eth16	1682	5535
1787676927.936616497	s4-eth17	1682	5515
1787676927.936616497	s4-eth18	1682	5515
1787676927.936616497	s4-eth19	4767	111346186
1787676927.936616497	s4-eth2	30866	30866
1787676927.936616497	s4-eth20	1772	5585
1787676927.936616497	s4-eth21	1522	5535
1787676927.936616497	s4-eth22	1772	5585
1787676927.936616497	s4-eth23	4157	338070179
1787676927.936616497	s4-eth24	1522	5625
1787676927.936616497	s4-eth25	1682	5515
1787676927.936616497	s4-eth26	1522	5515
1787676927.936616497	s4-eth27	4757	556680790
1787676927.936616497	s4-eth28	1612	5535
1787676927.936616497	s4-eth29	1522	5535
1787676927.936616497	s4-eth3	4674	109741265
1787676927.936616497	s4-eth30	1522	5515
1787676927.936616497	s4-eth31	4859	556687724
1787676927.936616497	s4-eth32	1682	5515
1787676927.936616497	s4-eth33	1772	5515
1787676927.936616497	s4-eth34	1522	5625
1787676927.936616497	s4-eth4	1772	5535
1787676927.936616497	s4-eth5	1682	5515
1787676927.936616497	s4-eth6	1682	5515
1787676927.936616497	s4-eth7	4480	548942596
1787676927.936616497	s4-eth8	1682	5515
1787676927.936616497	s4-eth9	1682	5535
1787676927.936616497	s5-eth1	7531531109	55339
1787676927.936616497	s5-eth2	1783581592	3588113298
1787676927.936616497	s5-eth3	55734	30866
1787676927.936616497	s5-eth4	31809	5583622990
1787676927.936616497	s6-eth1	30866	30999
1787676927.936616497	s6-eth2	30866	28430
1787676927.936616497	s6-eth3	30866	30866
1787676927.936616497	s6-eth4	31809	30866
1787676927.936616497	s7-eth1	1565047088	3749755988
1787676927.936616497	s7-eth2	55271	3323318535
1787676927.936616497	s7-eth3	30866	55734
1787676927.936616497	s7-eth4	5546919129	30866
1787676927.936616497	s8-eth1	30866	28227
1787676927.936616497	s8-eth2	30866	30866
1787676927.936616497	s8-eth3	30866	28430
1787676927.936616497	s8-eth4	31809	30866
1787676927.936616497	s9-eth1	30866	55734
1787676927.936616497	s9-eth2	30866	30866
1787676927.936616497	s9-eth3	55734	30866
1787676927.936616497	s9-eth4	28430	30866
1787676932.331316030	s10-eth1	5598404932	31809
1787676932.331316030	s10-eth2	30866	31809
1787676932.331316030	s10-eth3	30866	5560848849
1787676932.331316030	s10-eth4	30866	31809
1787676932.331316030	s1-eth1	55339	7553061611
1787676932.331316030	s1-eth10	1772	5625
1787676932.331316030	s1-eth11	558926272	8719
1787676932.331316030	s1-eth12	1682	5625
1787676932.331316030	s1-eth13	1772	5625
1787676932.331316030	s1-eth14	1772	5625
1787676932.331316030	s1-eth15	558949332	8697
1787676932.331316030	s1-eth16	1702	5625
1787676932.331316030	s1-eth17	1702	5535
1787676932.331316030	s1-eth18	1772	5625
1787676932.331316030	s1-eth19	2235838388	8689
1787676932.331316030	s1-eth2	30999	30866
1787676932.331316030	s1-eth20	1682	5394
1787676932.331316030	s1-eth21	1702	5625
1787676932.331316030	s1-eth22	1772	5625
1787676932.331316030	s1-eth23	340116684	8002
1787676932.331316030	s1-eth24	1702	5535
1787676932.331316030	s1-eth25	1772	5625
1787676932.331316030	s1-eth26	1772	5535
1787676932.331316030	s1-eth27	559024157	8729
1787676932.331316030	s1-eth28	1772	5625
1787676932.331316030	s1-eth29	1772	5625
1787676932.331316030	s1-eth3	2236177067	8754
1787676932.331316030	s1-eth30	1682	5535
1787676932.331316030	s1-eth31	559060378	8798
1787676932.331316030	s1-eth32	1682	5535
1787676932.331316030	s1-eth33	1772	5625
1787676932.331316030	s1-eth34	1772	5535
1787676932.331316030	s1-eth4	1898	5731
1787676932.331316030	s1-eth5	1772	5304
1787676932.331316030	s1-eth6	1772	5625
1787676932.331316030	s1-eth7	559095273	8851
1787676932.331316030	s1-eth8	1612	5625
1787676932.331316030	s1-eth9	1772	5535
1787676932.331316030	s2-eth1	3599963654	1789045330
1787676932.331316030	s2-eth10	1682	5645
1787676932.331316030	s2-eth11	559122382	8626
1787676932.331316030	s2-eth12	1682	5535
1787676932.331316030	s2-eth13	1772	5394
1787676932.331316030	s2-eth14	1772	5625
1787676932.331316030	s2-eth15	559161359	8717
1787676932.331316030	s2-eth16	1772	5535
1787676932.331316030	s2-eth17	1682	5625
1787676932.331316030	s2-eth18	1772	5535
1787676932.331316030	s2-eth19	4906	2169060169
1787676932.331316030	s2-eth2	28430	30866
1787676932.331316030	s2-eth20	1772	5535
1787676932.331316030	s2-eth21	1612	5555
1787676932.331316030	s2-eth22	1682	5535
1787676932.331316030	s2-eth23	4149	332098555
1787676932.331316030	s2-eth24	1772	5515
1787676932.331316030	s2-eth25	1682	5625
1787676932.331316030	s2-eth26	1772	5535
1787676932.331316030	s2-eth27	4876	546494306
1787676932.331316030	s2-eth28	1772	5535
1787676932.331316030	s2-eth29	1682	5535
1787676932.331316030	s2-eth3	111870216	8777
1787676932.331316030	s2-eth30	1772	5515
1787676932.331316030	s2-eth31	4695	546342817
1787676932.331316030	s2-eth32	1522	5645
1787676932.331316030	s2-eth33	1682	5625
1787676932.331316030	s2-eth34	1682	5535
1787676932.331316030	s2-eth4	1772	5625
1787676932.331316030	s2-eth5	1682	5535
1787676932.331316030	s2-eth6	1682	5535
1787676932.331316030	s2-eth7	559399101	8563
1787676932.331316030	s2-eth8	1772	5535
1787676932.331316030	s2-eth9	1772	5535
1787676932.331316030	s3-eth1	3763224268	1571256340
1787676932.331316030	s3-eth10	1682	5535
1787676932.331316030	s3-eth11	4616	538434999
1787676932.331316030	s3-eth12	1682	5625
1787676932.331316030	s3-eth13	1772	5625
1787676932.331316030	s3-eth14	1772	5625
1787676932.331316030	s3-eth15	4934	538496907
1787676932.331316030	s3-eth16	1522	5535
1787676932.331316030	s3-eth17	1772	5625
1787676932.331316030	s3-eth18	1772	5625
1787676932.331316030	s3-eth19	111916269	8600
1787676932.331316030	s3-eth2	28254	30893
1787676932.331316030	s3-eth20	1682	5535
1787676932.331316030	s3-eth21	1522	5425
1787676932.331316030	s3-eth22	1682	5535
1787676932.331316030	s3-eth23	340708180	7970
1787676932.331316030	s3-eth24	1522	5535
1787676932.331316030	s3-eth25	1682	5555
1787676932.331316030	s3-eth26	1522	5535
1787676932.331316030	s3-eth27	559620059	8770
1787676932.331316030	s3-eth28	1682	5625
1787676932.331316030	s3-eth29	1682	5535
1787676932.331316030	s3-eth3	4705	2138270366
1787676932.331316030	s3-eth30	1682	5535
1787676932.331316030	s3-eth31	559661671	8622
1787676932.331316030	s3-eth32	1772	5535
1787676932.331316030	s3-eth33	1522	5535
1787676932.331316030	s3-eth34	1772	5535
1787676932.331316030	s3-eth4	1682	5625
1787676932.331316030	s3-eth5	1772	5535
1787676932.331316030	s3-eth6	1772	5625
1787676932.331316030	s3-eth7	4998	539231184
1787676932.331316030	s3-eth8	1522	5515
1787676932.331316030	s3-eth9	1772	5535
1787676932.331316030	s4-eth1	3337591478	55298
1787676932.331316030	s4-eth10	1682	5515
1787676932.331316030	s4-eth11	4613	551176399
1787676932.331316030	s4-eth12	1522	5585
1787676932.331316030	s4-eth13	1772	5535
1787676932.331316030	s4-eth14	1522	5535
1787676932.331316030	s4-eth15	4614	551095760
1787676932.331316030	s4-eth16	1682	5535
1787676932.331316030	s4-eth17	1682	5515
1787676932.331316030	s4-eth18	1682	5515
1787676932.331316030	s4-eth19	4767	111888378
1787676932.331316030	s4-eth2	30893	30893
1787676932.331316030	s4-eth20	1772	5585
1787676932.331316030	s4-eth21	1522	5535
1787676932.331316030	s4-eth22	1772	5585
1787676932.331316030	s4-eth23	4157	340766719
1787676932.331316030	s4-eth24	1522	5625
1787676932.331316030	s4-eth25	1682	5515
1787676932.331316030	s4-eth26	1522	5515
1787676932.331316030	s4-eth27	4757	559383098
1787676932.331316030	s4-eth28	1612	5535
1787676932.331316030	s4-eth29	1522	5535
1787676932.331316030	s4-eth3	4674	110280573
1787676932.331316030	s4-eth30	1522	5515
1787676932.331316030	s4-eth31	4859	559395800
1787676932.331316030	s4-eth32	1682	5515
1787676932.331316030	s4-eth33	1772	5515
1787676932.331316030	s4-eth34	1522	5625
1787676932.331316030	s4-eth4	1772	5535
1787676932.331316030	s4-eth5	1682	5515
1787676932.331316030	s4-eth6	1682	5515
1787676932.331316030	s4-eth7	4480	551623274
1787676932.331316030	s4-eth8	1682	5515
1787676932.331316030	s4-eth9	1682	5535
1787676932.331316030	s5-eth1	7569240878	55366
1787676932.331316030	s5-eth2	1792173055	3606813181
1787676932.331316030	s5-eth3	55761	30893
1787676932.331316030	s5-eth4	31837	5610775877
1787676932.331316030	s6-eth1	30893	31026
1787676932.331316030	s6-eth2	30893	28457
1787676932.331316030	s6-eth3	30893	30893
1787676932.331316030	s6-eth4	31837	30893
1787676932.331316030	s7-eth1	1573619805	3768362141
1787676932.331316030	s7-eth2	55298	3340360118
1787676932.331316030	s7-eth3	30893	55761
1787676932.331316030	s7-eth4	5573878789	30893
1787676932.331316030	s8-eth1	30893	28254
1787676932.331316030	s8-eth2	30893	30893
1787676932.331316030	s8-eth3	30893	28457
1787676932.331316030	s8-eth4	31837	30893
1787676932.331316030	s9-eth1	30893	55761
1787676932.331316030	s9-eth2	30893	30893
1787676932.331316030	s9-eth3	55761	30893
1787676932.331316030	s9-eth4	28457	30893
1787676936.470450312	s10-eth1	5625527537	31837
1787676936.470450312	s10-eth2	30893	31837
1787676936.470450312	s10-eth3	30893	5587900797
1787676936.470450312	s10-eth4	30893	31837
1787676936.470450312	s1-eth1	55366	7590213326
1787676936.470450312	s1-eth10	1772	5625
1787676936.470450312	s1-eth11	561586762	8719
1787676936.470450312	s1-eth12	1682	5625
1787676936.470450312	s1-eth13	1772	5625
1787676936.470450312	s1-eth14	1772	5625
1787676936.470450312	s1-eth15	561606938	8697
1787676936.470450312	s1-eth16	1702	5625
1787676936.470450312	s1-eth17	1702	5535
1787676936.470450312	s1-eth18	1772	5625
1787676936.470450312	s1-eth19	2246444298	8689
1787676936.470450312	s1-eth2	31026	30893
1787676936.470450312	s1-eth20	1682	5394
1787676936.470450312	s1-eth21	1702	5625
1787676936.470450312	s1-eth22	1772	5625
1787676936.470450312	s1-eth23	342764196	8002
1787676936.470450312	s1-eth24	1702	5535
1787676936.470450312	s1-eth25	1772	5625
1787676936.470450312	s1-eth26	1772	5535
1787676936.470450312	s1-eth27	561678879	8729
1787676936.470450312	s1-eth28	1772	5625
1787676936.470450312	s1-eth29	1772	5625
1787676936.470450312	s1-eth3	2246804607	8754
1787676936.470450312	s1-eth30	1682	5535
1787676936.470450312	s1-eth31	561732404	8798
1787676936.470450312	s1-eth32	1682	5535
1787676936.470450312	s1-eth33	1772	5625
1787676936.470450312	s1-eth34	1772	5535
1787676936.470450312	s1-eth4	1898	5731
1787676936.470450312	s1-eth5	1772	5304
1787676936.470450312	s1-eth6	1772	5625
1787676936.470450312	s1-eth7	561807675	8851
1787676936.470450312	s1-eth8	1612	5625
1787676936.470450312	s1-eth9	1772	5535
1787676936.470450312	s2-eth1	3618923097	1797739175
1787676936.470450312	s2-eth10	1682	5645
1787676936.470450312	s2-eth11	561844878	8626
1787676936.470450312	s2-eth12	1682	5535
1787676936.470450312	s2-eth13	1772	5394
1787676936.470450312	s2-eth14	1772	5625
1787676936.470450312	s2-eth15	561883855	8717
1787676936.470450312	s2-eth16	1772	5535
1787676936.470450312	s2-eth17	1682	5625
1787676936.470450312	s2-eth18	1772	5535
1787676936.470450312	s2-eth19	4906	2179816047
1787676936.470450312	s2-eth2	28457	30893
1787676936.470450312	s2-eth20	1772	5535
1787676936.470450312	s2-eth21	1612	5555
1787676936.470450312	s2-eth22	1682	5535
1787676936.470450312	s2-eth23	4149	334805189
1787676936.470450312	s2-eth24	1772	5515
1787676936.470450312	s2-eth25	1682	5625
1787676936.470450312	s2-eth26	1772	5535
1787676936.470450312	s2-eth27	4876	549185078
1787676936.470450312	s2-eth28	1772	5535
1787676936.470450312	s2-eth29	1682	5535
1787676936.470450312	s2-eth3	112409524	8777
1787676936.470450312	s2-eth30	1772	5515
1787676936.470450312	s2-eth31	4695	549000423
1787676936.470450312	s2-eth32	1522	5645
1787676936.470450312	s2-eth33	1682	5625
1787676936.470450312	s2-eth34	1682	5535
1787676936.470450312	s2-eth4	1772	5625
1787676936.470450312	s2-eth5	1682	5535
1787676936.470450312	s2-eth6	1682	5535
1787676936.470450312	s2-eth7	562043729	8563
1787676936.470450312	s2-eth8	1772	5535
1787676936.470450312	s2-eth9	1772	5535
1787676936.470450312	s3-eth1	3781560767	1579700719
1787676936.470450312	s3-eth10	1682	5535
1787676936.470450312	s3-eth11	4616	541040693
1787676936.470450312	s3-eth12	1682	5625
1787676936.470450312	s3-eth13	1772	5625
1787676936.470450312	s3-eth14	1772	5625
1787676936.470450312	s3-eth15	4934	541057899
1787676936.470450312	s3-eth16	1522	5535
1787676936.470450312	s3-eth17	1772	5625
1787676936.470450312	s3-eth18	1772	5625
1787676936.470450312	s3-eth19	112428179	8600
1787676936.470450312	s3-eth2	28254	30893
1787676936.470450312	s3-eth20	1682	5535
1787676936.470450312	s3-eth21	1522	5425
1787676936.470450312	s3-eth22	1682	5535
1787676936.470450312	s3-eth23	343253310	7970
1787676936.470450312	s3-eth24	1522	5535
1787676936.470450312	s3-eth25	1682	5555
1787676936.470450312	s3-eth26	1522	5535
1787676936.470450312	s3-eth27	562142117	8770
1787676936.470450312	s3-eth28	1682	5625
1787676936.470450312	s3-eth29	1682	5535
1787676936.470450312	s3-eth3	4705	2148195652
1787676936.470450312	s3-eth30	1682	5535
1787676936.470450312	s3-eth31	562163541	8622
1787676936.470450312	s3-eth32	1772	5535
1787676936.470450312	s3-eth33	1522	5535
1787676936.470450312	s3-eth34	1772	5535
1787676936.470450312	s3-eth4	1682	5625
1787676936.470450312	s3-eth5	1772	5535
1787676936.470450312	s3-eth6	1772	5625
1787676936.470450312	s3-eth7	4998	541675374
1787676936.470450312	s3-eth8	1522	5515
1787676936.470450312	s3-eth9	1772	5535
1787676936.470450312	s4-eth1	3353254482	55298
1787676936.470450312	s4-eth10	1682	5515
1787676936.470450312	s4-eth11	4613	553619147
1787676936.470450312	s4-eth12	1522	5585
1787676936.470450312	s4-eth13	1772	5535
1787676936.470450312	s4-eth14	1522	5535
1787676936.470450312	s4-eth15	4614	553515436
1787676936.470450312	s4-eth16	1682	5535
1787676936.470450312	s4-eth17	1682	5515
1787676936.470450312	s4-eth18	1682	5515
1787676936.470450312	s4-eth19	4767	112371448
1787676936.470450312	s4-eth2	30893	30893
1787676936.470450312	s4-eth20	1772	5585
1787676936.470450312	s4-eth21	1522	5535
1787676936.470450312	s4-eth22	1772	5585
1787676936.470450312	s4-eth23	4157	343166207
1787676936.470450312	s4-eth24	1522	5625
1787676936.470450312	s4-eth25	1682	5515
1787676936.470450312	s4-eth26	1522	5515
1787676936.470450312	s4-eth27	4757	561766724
1787676936.470450312	s4-eth28	1612	5535
1787676936.470450312	s4-eth29	1522	5535
1787676936.470450312	s4-eth3	4674	110756433
1787676936.470450312	s4-eth30	1522	5515
1787676936.470450312	s4-eth31	4859	561770774
1787676936.470450312	s4-eth32	1682	5515
1787676936.470450312	s4-eth33	1772	5515
1787676936.470450312	s4-eth34	1522	5625
1787676936.470450312	s4-eth4	1772	5535
1787676936.470450312	s4-eth5	1682	5515
1787676936.470450312	s4-eth6	1682	5515
1787676936.470450312	s4-eth7	4480	553966524
1787676936.470450312	s4-eth8	1682	5515
1787676936.470450312	s4-eth9	1682	5535
1787676936.470450312	s5-eth1	7601906504	55366
1787676936.470450312	s5-eth2	1799620985	3623021261
1787676936.470450312	s5-eth3	55761	30893
1787676936.470450312	s5-eth4	31837	5634449191
1787676936.470450312	s6-eth1	30893	31026
1787676936.470450312	s6-eth2	30893	28457
1787676936.470450312	s6-eth3	30893	30893
1787676936.470450312	s6-eth4	31837	30893
1787676936.470450312	s7-eth1	1580988425	3784417369
1787676936.470450312	s7-eth2	55298	3355136292
1787676936.470450312	s7-eth3	30893	55761
1787676936.470450312	s7-eth4	5597393483	30893
1787676936.470450312	s8-eth1	30893	28254
1787676936.470450312	s8-eth2	30893	30893
1787676936.470450312	s8-eth3	30893	28457
1787676936.470450312	s8-eth4	31837	30893
1787676936.470450312	s9-eth1	30893	55761
1787676936.470450312	s9-eth2	30893	30893
1787676936.470450312	s9-eth3	55761	30893
1787676936.470450312	s9-eth4	28457	30893
1787676940.137624996	s10-eth1	5649552726	31865
1787676940.137624996	s10-eth2	30920	31865
1787676940.137624996	s10-eth3	30920	5612077397
1787676940.137624996	s10-eth4	30920	31865
1787676940.137624996	s1-eth1	55393	7623535089
1787676940.137624996	s1-eth10	1772	5625
1787676940.137624996	s1-eth11	563960294	8719
1787676940.137624996	s1-eth12	1682	5625
1787676940.137624996	s1-eth13	1772	5625
1787676940.137624996	s1-eth14	1772	5625
1787676940.137624996	s1-eth15	563986238	8697
1787676940.137624996	s1-eth16	1702	5625
1787676940.137624996	s1-eth17	1702	5535
1787676940.137624996	s1-eth18	1772	5625
1787676940.137624996	s1-eth19	2256032156	8689
1787676940.137624996	s1-eth2	31053	30920
1787676940.137624996	s1-eth20	1682	5394
1787676940.137624996	s1-eth21	1702	5625
1787676940.137624996	s1-eth22	1772	5625
1787676940.137624996	s1-eth23	345212712	8002
1787676940.137624996	s1-eth24	1702	5535
1787676940.137624996	s1-eth25	1772	5625
1787676940.137624996	s1-eth26	1772	5535
1787676940.137624996	s1-eth27	564154793	8729
1787676940.137624996	s1-eth28	1772	5625
1787676940.137624996	s1-eth29	1772	5625
1787676940.137624996	s1-eth3	2256776037	8754
1787676940.137624996	s1-eth30	1682	5535
1787676940.137624996	s1-eth31	564222738	8798
1787676940.137624996	s1-eth32	1682	5535
1787676940.137624996	s1-eth33	1772	5625
1787676940.137624996	s1-eth34	1772	5535
1787676940.137624996	s1-eth4	1898	5731
1787676940.137624996	s1-eth5	1772	5304
1787676940.137624996	s1-eth6	1772	5625
1787676940.137624996	s1-eth7	564329733	8851
1787676940.137624996	s1-eth8	1612	5625
1787676940.137624996	s1-eth9	1772	5535
1787676940.137624996	s2-eth1	3636664050	1805900922
1787676940.137624996	s2-eth10	1682	5645
1787676940.137624996	s2-eth11	564415964	8626
1787676940.137624996	s2-eth12	1682	5535
1787676940.137624996	s2-eth13	1772	5394
1787676940.137624996	s2-eth14	1772	5625
1787676940.137624996	s2-eth15	564483781	8717
1787676940.137624996	s2-eth16	1772	5535
1787676940.137624996	s2-eth17	1682	5625
1787676940.137624996	s2-eth18	1772	5535
1787676940.137624996	s2-eth19	4906	2190159513
1787676940.137624996	s2-eth2	28484	30920
1787676940.137624996	s2-eth20	1772	5535
1787676940.137624996	s2-eth21	1612	5555
1787676940.137624996	s2-eth22	1682	5535
1787676940.137624996	s2-eth23	4149	337400789
1787676940.137624996	s2-eth24	1772	5515
1787676940.137624996	s2-eth25	1682	5625
1787676940.137624996	s2-eth26	1772	5535
1787676940.137624996	s2-eth27	4876	551799424
1787676940.137624996	s2-eth28	1772	5535
1787676940.137624996	s2-eth29	1682	5535
1787676940.137624996	s2-eth3	112938738	8777
1787676940.137624996	s2-eth30	1772	5515
1787676940.137624996	s2-eth31	4695	551627747
1787676940.137624996	s2-eth32	1522	5645
1787676940.137624996	s2-eth33	1682	5625
1787676940.137624996	s2-eth34	1682	5535
1787676940.137624996	s2-eth4	1772	5625
1787676940.137624996	s2-eth5	1682	5535
1787676940.137624996	s2-eth6	1682	5535
1787676940.137624996	s2-eth7	564714313	8563
1787676940.137624996	s2-eth8	1772	5535
1787676940.137624996	s2-eth9	1772	5535
1787676940.137624996	s3-eth1	3800024162	1588248922
1787676940.137624996	s3-eth10	1682	5535
1787676940.137624996	s3-eth11	4616	543685321
1787676940.137624996	s3-eth12	1682	5625
1787676940.137624996	s3-eth13	1772	5625
1787676940.137624996	s3-eth14	1772	5625
1787676940.137624996	s3-eth15	4934	543711179
1787676940.137624996	s3-eth16	1522	5535
1787676940.137624996	s3-eth17	1772	5625
1787676940.137624996	s3-eth18	1772	5625
1787676940.137624996	s3-eth19	112967487	8600
1787676940.137624996	s3-eth2	28281	30920
1787676940.137624996	s3-eth20	1682	5535
1787676940.137624996	s3-eth21	1522	5425
1787676940.137624996	s3-eth22	1682	5535
1787676940.137624996	s3-eth23	345946966	7970
1787676940.137624996	s3-eth24	1522	5535
1787676940.137624996	s3-eth25	1682	5555
1787676940.137624996	s3-eth26	1522	5535
1787676940.137624996	s3-eth27	564870381	8770
1787676940.137624996	s3-eth28	1682	5625
1787676940.137624996	s3-eth29	1682	5535
1787676940.137624996	s3-eth3	4705	2159033724
1787676940.137624996	s3-eth30	1682	5535
1787676940.137624996	s3-eth31	564916319	8622
1787676940.137624996	s3-eth32	1772	5535
1787676940.137624996	s3-eth33	1522	5535
1787676940.137624996	s3-eth34	1772	5535
1787676940.137624996	s3-eth4	1682	5625
1787676940.137624996	s3-eth5	1772	5535
1787676940.137624996	s3-eth6	1772	5625
1787676940.137624996	s3-eth7	4998	544462760
1787676940.137624996	s3-eth8	1522	5515
1787676940.137624996	s3-eth9	1772	5535
1787676940.137624996	s4-eth1	3371299697	55325
1787676940.137624996	s4-eth10	1682	5515
1787676940.137624996	s4-eth11	4613	556446909
1787676940.137624996	s4-eth12	1522	5585
1787676940.137624996	s4-eth13	1772	5535
1787676940.137624996	s4-eth14	1522	5535
1787676940.137624996	s4-eth15	4614	556383574
1787676940.137624996	s4-eth16	1682	5535
1787676940.137624996	s4-eth17	1682	5515
1787676940.137624996	s4-eth18	1682	5515
1787676940.137624996	s4-eth19	4767	112951132
1787676940.137624996	s4-eth2	30920	30920
1787676940.137624996	s4-eth20	1772	5585
1787676940.137624996	s4-eth21	1522	5535
1787676940.137624996	s4-eth22	1772	5585
1787676940.137624996	s4-eth23	4157	346094909
1787676940.137624996	s4-eth24	1522	5625
1787676940.137624996	s4-eth25	1682	5515
1787676940.137624996	s4-eth26	1522	5515
1787676940.137624996	s4-eth27	4757	564712730
1787676940.137624996	s4-eth28	1612	5535
1787676940.137624996	s4-eth29	1522	5535
1787676940.137624996	s4-eth3	4674	111350537
1787676940.137624996	s4-eth30	1522	5515
1787676940.137624996	s4-eth31	4859	564745620
1787676940.137624996	s4-eth32	1682	5515
1787676940.137624996	s4-eth33	1772	5515
1787676940.137624996	s4-eth34	1522	5625
1787676940.137624996	s4-eth4	1772	5535
1787676940.137624996	s4-eth5	1682	5515
1787676940.137624996	s4-eth6	1682	5515
1787676940.137624996	s4-eth7	4480	556947138
1787676940.137624996	s4-eth8	1682	5515
1787676940.137624996	s4-eth9	1682	5535
1787676940.137624996	s5-eth1	7643578889	55393
1787676940.137624996	s5-eth2	1809145422	3643601512
1787676940.137624996	s5-eth3	55788	30920
1787676940.137624996	s5-eth4	31865	5664415420
1787676940.137624996	s6-eth1	30920	31053
1787676940.137624996	s6-eth2	30920	28484
1787676940.137624996	s6-eth3	30920	30920
1787676940.137624996	s6-eth4	31865	30920
1787676940.137624996	s7-eth1	1590455182	3804787088
1787676940.137624996	s7-eth2	55325	3373974607
1787676940.137624996	s7-eth3	30920	55788
1787676940.137624996	s7-eth4	5627126109	30920
1787676940.137624996	s8-eth1	30920	28281
1787676940.137624996	s8-eth2	30920	30920
1787676940.137624996	s8-eth3	30920	28484
1787676940.137624996	s8-eth4	31865	30920
1787676940.137624996	s9-eth1	30920	55788
1787676940.137624996	s9-eth2	30920	30920
1787676940.137624996	s9-eth3	55788	30920
1787676940.137624996	s9-eth4	28484	30920
1787676944.748750729	s10-eth1	5679580961	31893
1787676944.748750729	s10-eth2	30947	31893
1787676944.748750729	s10-eth3	30947	5641861935
1787676944.748750729	s10-eth4	30947	31893
1787676944.748750729	s1-eth1	55420	7664991174
1787676944.748750729	s1-eth10	1772	5625
1787676944.748750729	s1-eth11	566926488	8719
1787676944.748750729	s1-eth12	1682	5625
1787676944.748750729	s1-eth13	1772	5625
1787676944.748750729	s1-eth14	1772	5625
1787676944.748750729	s1-eth15	566984156	8697
1787676944.748750729	s1-eth16	1702	5625
1787676944.748750729	s1-eth17	1702	5535
1787676944.748750729	s1-eth18	1772	5625
1787676944.748750729	s1-eth19	2268061320	8689
1787676944.748750729	s1-eth2	31080	30947
1787676944.748750729	s1-eth20	1682	5394
1787676944.748750729	s1-eth21	1702	5625
1787676944.748750729	s1-eth22	1772	5625
1787676944.748750729	s1-eth23	348212072	8002
1787676944.748750729	s1-eth24	1702	5535
1787676944.748750729	s1-eth25	1772	5625
1787676944.748750729	s1-eth26	1772	5535
1787676944.748750729	s1-eth27	567105125	8729
1787676944.748750729	s1-eth28	1772	5625
1787676944.748750729	s1-eth29	1772	5625
1787676944.748750729	s1-eth3	2268440375	8754
1787676944.748750729	s1-eth30	1682	5535
1787676944.748750729	s1-eth31	567122600	8798
1787676944.748750729	s1-eth32	1682	5535
1787676944.748750729	s1-eth33	1772	5625
1787676944.748750729	s1-eth34	1772	5535
1787676944.748750729	s1-eth4	1898	5731
1787676944.748750729	s1-eth5	1772	5304
1787676944.748750729	s1-eth6	1772	5625
1787676944.748750729	s1-eth7	567194987	8851
1787676944.748750729	s1-eth8	1612	5625
1787676944.748750729	s1-eth9	1772	5535
1787676944.748750729	s2-eth1	3656381985	1815005737
1787676944.748750729	s2-eth10	1682	5645
1787676944.748750729	s2-eth11	567230748	8626
1787676944.748750729	s2-eth12	1682	5535
1787676944.748750729	s2-eth13	1772	5394
1787676944.748750729	s2-eth14	1772	5625
1787676944.748750729	s2-eth15	567249537	8717
1787676944.748750729	s2-eth16	1772	5535
1787676944.748750729	s2-eth17	1682	5625
1787676944.748750729	s2-eth18	1772	5535
1787676944.748750729	s2-eth19	4906	2201017773
1787676944.748750729	s2-eth2	28511	30947
1787676944.748750729	s2-eth20	1772	5535
1787676944.748750729	s2-eth21	1612	5555
1787676944.748750729	s2-eth22	1682	5535
1787676944.748750729	s2-eth23	4149	340100213
1787676944.748750729	s2-eth24	1772	5515
1787676944.748750729	s2-eth25	1682	5625
1787676944.748750729	s2-eth26	1772	5535
1787676944.748750729	s2-eth27	4876	554501732
1787676944.748750729	s2-eth28	1772	5535
1787676944.748750729	s2-eth29	1682	5535
1787676944.748750729	s2-eth3	113483814	8777
1787676944.748750729	s2-eth30	1772	5515
1787676944.748750729	s2-eth31	4695	554345917
1787676944.748750729	s2-eth32	1522	5645
1787676944.748750729	s2-eth33	1682	5625
1787676944.748750729	s2-eth34	1682	5535
1787676944.748750729	s2-eth4	1772	5625
1787676944.748750729	s2-eth5	1682	5535
1787676944.748750729	s2-eth6	1682	5535
1787676944.748750729	s2-eth7	567412295	8563
1787676944.748750729	s2-eth8	1772	5535
1787676944.748750729	s2-eth9	1772	5535
1787676944.748750729	s3-eth1	3818650503	1596882203
1787676944.748750729	s3-eth10	1682	5535
1787676944.748750729	s3-eth11	4616	546373209
1787676944.748750729	s3-eth12	1682	5625
1787676944.748750729	s3-eth13	1772	5625
1787676944.748750729	s3-eth14	1772	5625
1787676944.748750729	s3-eth15	4934	546410603
1787676944.748750729	s3-eth16	1522	5535
1787676944.748750729	s3-eth17	1772	5625
1787676944.748750729	s3-eth18	1772	5625
1787676944.748750729	s3-eth19	113519773	8600
1787676944.748750729	s3-eth2	28308	30947
1787676944.748750729	s3-eth20	1682	5535
1787676944.748750729	s3-eth21	1522	5425
1787676944.748750729	s3-eth22	1682	5535
1787676944.748750729	s3-eth23	348730026	7970
1787676944.748750729	s3-eth24	1522	5535
1787676944.748750729	s3-eth25	1682	5555
1787676944.748750729	s3-eth26	1522	5535
1787676944.748750729	s3-eth27	567633253	8770
1787676944.748750729	s3-eth28	1682	5625
1787676944.748750729	s3-eth29	1682	5535
1787676944.748750729	s3-eth3	4705	2169829978
1787676944.748750729	s3-eth30	1682	5535
1787676944.748750729	s3-eth31	567651793	8622
1787676944.748750729	s3-eth32	1772	5535
1787676944.748750729	s3-eth33	1522	5535
1787676944.748750729	s3-eth34	1772	5535
1787676944.748750729	s3-eth4	1682	5625
1787676944.748750729	s3-eth5	1772	5535
1787676944.748750729	s3-eth6	1772	5625
1787676944.748750729	s3-eth7	4998	547130460
1787676944.748750729	s3-eth8	1522	5515
1787676944.748750729	s3-eth9	1772	5535
1787676944.748750729	s4-eth1	3388397518	55352
1787676944.748750729	s4-eth10	1682	5515
1787676944.748750729	s4-eth11	4613	559095863
1787676944.748750729	s4-eth12	1522	5585
1787676944.748750729	s4-eth13	1772	5535
1787676944.748750729	s4-eth14	1522	5535
1787676944.748750729	s4-eth15	4614	559000804
1787676944.748750729	s4-eth16	1682	5535
1787676944.748750729	s4-eth17	1682	5515
1787676944.748750729	s4-eth18	1682	5515
1787676944.748750729	s4-eth19	4767	113470252
1787676944.748750729	s4-eth2	30947	30947
1787676944.748750729	s4-eth20	1772	5585
1787676944.748750729	s4-eth21	1522	5535
1787676944.748750729	s4-eth22	1772	5585
1787676944.748750729	s4-eth23	4157	348660227
1787676944.748750729	s4-eth24	1522	5625
1787676944.748750729	s4-eth25	1682	5515
1787676944.748750729	s4-eth26	1522	5515
1787676944.748750729	s4-eth27	4757	567244882
1787676944.748750729	s4-eth28	1612	5535
1787676944.748750729	s4-eth29	1522	5535
1787676944.748750729	s4-eth3	4674	111845143
1787676944.748750729	s4-eth30	1522	5515
1787676944.748750729	s4-eth31	4859	567228744
1787676944.748750729	s4-eth32	1682	5515
1787676944.748750729	s4-eth33	1772	5515
1787676944.748750729	s4-eth34	1522	5625
1787676944.748750729	s4-eth4	1772	5535
1787676944.748750729	s4-eth5	1682	5515
1787676944.748750729	s4-eth6	1682	5515
1787676944.748750729	s4-eth7	4480	559375466
1787676944.748750729	s4-eth8	1682	5515
1787676944.748750729	s4-eth9	1682	5535
1787676944.748750729	s5-eth1	7678000898	55420
1787676944.748750729	s5-eth2	1817017327	3660781527
1787676944.748750729	s5-eth3	55815	30947
1787676944.748750729	s5-eth4	31893	5689454335
1787676944.748750729	s6-eth1	30947	31080
1787676944.748750729	s6-eth2	30947	28511
1787676944.748750729	s6-eth3	30947	30947
1787676944.748750729	s6-eth4	31893	30947
1787676944.748750729	s7-eth1	1598304015	3821765223
1787676944.748750729	s7-eth2	55352	3389575632
1787676944.748750729	s7-eth3	30947	55815
1787676944.748750729	s7-eth4	5651904023	30947
1787676944.748750729	s8-eth1	30947	28308
1787676944.748750729	s8-eth2	30947	30947
1787676944.748750729	s8-eth3	30947	28511
1787676944.748750729	s8-eth4	31893	30947
1787676944.748750729	s9-eth1	30947	55815
1787676944.748750729	s9-eth2	30947	30947
1787676944.748750729	s9-eth3	55815	30947
1787676944.748750729	s9-eth4	28511	30947
1787676948.382834731	s10-eth1	5703382640	31921
1787676948.382834731	s10-eth2	30974	31921
1787676948.382834731	s10-eth3	30974	5665616029
1787676948.382834731	s10-eth4	30974	31921
1787676948.382834731	s1-eth1	55447	7697721717
1787676948.382834731	s1-eth10	1772	5625
1787676948.382834731	s1-eth11	569274064	8719
1787676948.382834731	s1-eth12	1682	5625
1787676948.382834731	s1-eth13	1772	5625
1787676948.382834731	s1-eth14	1772	5625
1787676948.382834731	s1-eth15	569334616	8697
1787676948.382834731	s1-eth16	1702	5625
1787676948.382834731	s1-eth17	1702	5535
1787676948.382834731	s1-eth18	1772	5625
1787676948.382834731	s1-eth19	2277486232	8689
1787676948.382834731	s1-eth2	31107	30974
1787676948.382834731	s1-eth20	1682	5394
1787676948.382834731	s1-eth21	1702	5625
1787676948.382834731	s1-eth22	1772	5625
1787676948.382834731	s1-eth23	350559648	8002
1787676948.382834731	s1-eth24	1702	5535
1787676948.382834731	s1-eth25	1772	5625
1787676948.382834731	s1-eth26	1772	5535
1787676948.382834731	s1-eth27	569490193	8729
1787676948.382834731	s1-eth28	1772	5625
1787676948.382834731	s1-eth29	1772	5625
1787676948.382834731	s1-eth3	2278121963	8754
1787676948.382834731	s1-eth30	1682	5535
1787676948.382834731	s1-eth31	569568232	8798
1787676948.382834731	s1-eth32	1682	5535
1787676948.382834731	s1-eth33	1772	5625
1787676948.382834731	s1-eth34	1772	5535
1787676948.382834731	s1-eth4	1898	5731
1787676948.382834731	s1-eth5	1772	5304
1787676948.382834731	s1-eth6	1772	5625
1787676948.382834731	s1-eth7	569640619	8851
1787676948.382834731	s1-eth8	1612	5625
1787676948.382834731	s1-eth9	1772	5535
1787676948.382834731	s2-eth1	3673488458	1822870432
1787676948.382834731	s2-eth10	1682	5645
1787676948.382834731	s2-eth11	569703778	8626
1787676948.382834731	s2-eth12	1682	5535
1787676948.382834731	s2-eth13	1772	5394
1787676948.382834731	s2-eth14	1772	5625
1787676948.382834731	s2-eth15	569742755	8717
1787676948.382834731	s2-eth16	1772	5535
1787676948.382834731	s2-eth17	1682	5625
1787676948.382834731	s2-eth18	1772	5535
1787676948.382834731	s2-eth19	4906	2211049767
1787676948.382834731	s2-eth2	28538	30974
1787676948.382834731	s2-eth20	1772	5535
1787676948.382834731	s2-eth21	1612	5555
1787676948.382834731	s2-eth22	1682	5535
1787676948.382834731	s2-eth23	4149	342636691
1787676948.382834731	s2-eth24	1772	5515
1787676948.382834731	s2-eth25	1682	5625
1787676948.382834731	s2-eth26	1772	5535
1787676948.382834731	s2-eth27	4876	557058398
1787676948.382834731	s2-eth28	1772	5535
1787676948.382834731	s2-eth29	1682	5535
1787676948.382834731	s2-eth3	113997166	8777
1787676948.382834731	s2-eth30	1772	5515
1787676948.382834731	s2-eth31	4695	556915561
1787676948.382834731	s2-eth32	1522	5645
1787676948.382834731	s2-eth33	1682	5625
1787676948.382834731	s2-eth34	1682	5535
1787676948.382834731	s2-eth4	1772	5625
1787676948.382834731	s2-eth5	1682	5535
1787676948.382834731	s2-eth6	1682	5535
1787676948.382834731	s2-eth7	570054039	8563
1787676948.382834731	s2-eth8	1772	5535
1787676948.382834731	s2-eth9	1772	5535
1787676948.382834731	s3-eth1	3837305684	1605452036
1787676948.382834731	s3-eth10	1682	5535
1787676948.382834731	s3-eth11	4616	549043793
1787676948.382834731	s3-eth12	1682	5625
1787676948.382834731	s3-eth13	1772	5625
1787676948.382834731	s3-eth14	1772	5625
1787676948.382834731	s3-eth15	4934	549092723
1787676948.382834731	s3-eth16	1522	5535
1787676948.382834731	s3-eth17	1772	5625
1787676948.382834731	s3-eth18	1772	5625
1787676948.382834731	s3-eth19	114057639	8600
1787676948.382834731	s3-eth2	28335	30974
1787676948.382834731	s3-eth20	1682	5535
1787676948.382834731	s3-eth21	1522	5425
1787676948.382834731	s3-eth22	1682	5535
1787676948.382834731	s3-eth23	351455406	7970
1787676948.382834731	s3-eth24	1522	5535
1787676948.382834731	s3-eth25	1682	5555
1787676948.382834731	s3-eth26	1522	5535
1787676948.382834731	s3-eth27	570365843	8770
1787676948.382834731	s3-eth28	1682	5625
1787676948.382834731	s3-eth29	1682	5535
1787676948.382834731	s3-eth3	4705	2180818018
1787676948.382834731	s3-eth30	1682	5535
1787676948.382834731	s3-eth31	570420433	8622
1787676948.382834731	s3-eth32	1772	5535
1787676948.382834731	s3-eth33	1522	5535
1787676948.382834731	s3-eth34	1772	5535
1787676948.382834731	s3-eth4	1682	5625
1787676948.382834731	s3-eth5	1772	5535
1787676948.382834731	s3-eth6	1772	5625
1787676948.382834731	s3-eth7	4998	549930824
1787676948.382834731	s3-eth8	1522	5515
1787676948.382834731	s3-eth9	1772	5535
1787676948.382834731	s4-eth1	3406485993	55379
1787676948.382834731	s4-eth10	1682	5515
1787676948.382834731	s4-eth11	4613	561938045
1787676948.382834731	s4-eth12	1522	5585
1787676948.382834731	s4-eth13	1772	5535
1787676948.382834731	s4-eth14	1522	5535
1787676948.382834731	s4-eth15	4614	561880478
1787676948.382834731	s4-eth16	1682	5535
1787676948.382834731	s4-eth17	1682	5515
1787676948.382834731	s4-eth18	1682	5515
1787676948.382834731	s4-eth19	4767	114051378
1787676948.382834731	s4-eth2	30974	30974
1787676948.382834731	s4-eth20	1772	5585
1787676948.382834731	s4-eth21	1522	5535
1787676948.382834731	s4-eth22	1772	5585
1787676948.382834731	s4-eth23	4157	351597581
1787676948.382834731	s4-eth24	1522	5625
1787676948.382834731	s4-eth25	1682	5515
1787676948.382834731	s4-eth26	1522	5515
1787676948.382834731	s4-eth27	4757	570203866
1787676948.382834731	s4-eth28	1612	5535
1787676948.382834731	s4-eth29	1522	5535
1787676948.382834731	s4-eth3	4674	112440689
1787676948.382834731	s4-eth30	1522	5515
1787676948.382834731	s4-eth31	4859	570216568
1787676948.382834731	s4-eth32	1682	5515
1787676948.382834731	s4-eth33	1772	5515
1787676948.382834731	s4-eth34	1522	5625
1787676948.382834731	s4-eth4	1772	5535
1787676948.382834731	s4-eth5	1682	5515
1787676948.382834731	s4-eth6	1682	5515
1787676948.382834731	s4-eth7	4480	562423854
1787676948.382834731	s4-eth8	1682	5515
1787676948.382834731	s4-eth9	1682	5535
1787676948.382834731	s5-eth1	7720678357	55447
1787676948.382834731	s5-eth2	1826791230	3682079894
1787676948.382834731	s5-eth3	55842	30974
1787676948.382834731	s5-eth4	31921	5720621750
1787676948.382834731	s6-eth1	30974	31107
1787676948.382834731	s6-eth2	30974	28538
1787676948.382834731	s6-eth3	30974	30974
1787676948.382834731	s6-eth4	31921	30974
1787676948.382834731	s7-eth1	1608246632	3843454372
1787676948.382834731	s7-eth2	55379	3409485353
1787676948.382834731	s7-eth3	30974	55842
1787676948.382834731	s7-eth4	5683620841	30974
1787676948.382834731	s8-eth1	30974	28335
1787676948.382834731	s8-eth2	30974	30974
1787676948.382834731	s8-eth3	30974	28538
1787676948.382834731	s8-eth4	31921	30974
1787676948.382834731	s9-eth1	30974	55842
1787676948.382834731	s9-eth2	30974	30974
1787676948.382834731	s9-eth3	55842	30974
1787676948.382834731	s9-eth4	28538	30974
1787676953.300204444	s10-eth1	5735625760	31921
1787676953.300204444	s10-eth2	30974	31921
1787676953.300204444	s10-eth3	30974	5698004791
1787676953.300204444	s10-eth4	30974	31921
1787676953.300204444	s1-eth1	55474	7742087758
1787676953.300204444	s1-eth10	1772	5625
1787676953.300204444	s1-eth11	572432044	8719
1787676953.300204444	s1-eth12	1682	5625
1787676953.300204444	s1-eth13	1772	5625
1787676953.300204444	s1-eth14	1772	5625
1787676953.300204444	s1-eth15	572459430	8697
1787676953.300204444	s1-eth16	1702	5625
1787676953.300204444	s1-eth17	1702	5535
1787676953.300204444	s1-eth18	1772	5625
1787676953.300204444	s1-eth19	2289936460	8689
1787676953.300204444	s1-eth2	31134	31001
1787676953.300204444	s1-eth20	1682	5394
1787676953.300204444	s1-eth21	1702	5625
1787676953.300204444	s1-eth22	1772	5625
1787676953.300204444	s1-eth23	353674368	8002
1787676953.300204444	s1-eth24	1702	5535
1787676953.300204444	s1-eth25	1772	5625
1787676953.300204444	s1-eth26	1772	5535
1787676953.300204444	s1-eth27	572565979	8729
1787676953.300204444	s1-eth28	1772	5625
1787676953.300204444	s1-eth29	1772	5625
1787676953.300204444	s1-eth3	2290291001	8754
1787676953.300204444	s1-eth30	1682	5535
1787676953.300204444	s1-eth31	572589222	8798
1787676953.300204444	s1-eth32	1682	5535
1787676953.300204444	s1-eth33	1772	5625
1787676953.300204444	s1-eth34	1772	5535
1787676953.300204444	s1-eth4	1898	5731
1787676953.300204444	s1-eth5	1772	5304
1787676953.300204444	s1-eth6	1772	5625
1787676953.300204444	s1-eth7	572639979	8851
1787676953.300204444	s1-eth8	1612	5625
1787676953.300204444	s1-eth9	1772	5535
1787676953.300204444	s2-eth1	3694172533	1832379007
1787676953.300204444	s2-eth10	1682	5645
1787676953.300204444	s2-eth11	572661320	8626
1787676953.300204444	s2-eth12	1682	5535
1787676953.300204444	s2-eth13	1772	5394
1787676953.300204444	s2-eth14	1772	5625
1787676953.300204444	s2-eth15	572678667	8717
1787676953.300204444	s2-eth16	1772	5535
1787676953.300204444	s2-eth17	1682	5625
1787676953.300204444	s2-eth18	1772	5535
1787676953.300204444	s2-eth19	4906	2222572789
1787676953.300204444	s2-eth2	28565	31001
1787676953.300204444	s2-eth20	1772	5535
1787676953.300204444	s2-eth21	1612	5555
1787676953.300204444	s2-eth22	1682	5535
1787676953.300204444	s2-eth23	4149	345487525
1787676953.300204444	s2-eth24	1772	5515
1787676953.300204444	s2-eth25	1682	5625
1787676953.300204444	s2-eth26	1772	5535
1787676953.300204444	s2-eth27	4876	559870298
1787676953.300204444	s2-eth28	1772	5535
1787676953.300204444	s2-eth29	1682	5535
1787676953.300204444	s2-eth3	114560988	8777
1787676953.300204444	s2-eth30	1772	5515
1787676953.300204444	s2-eth31	4695	559708715
1787676953.300204444	s2-eth32	1522	5645
1787676953.300204444	s2-eth33	1682	5625
1787676953.300204444	s2-eth34	1682	5535
1787676953.300204444	s2-eth4	1772	5625
1787676953.300204444	s2-eth5	1682	5535
1787676953.300204444	s2-eth6	1682	5535
1787676953.300204444	s2-eth7	572815469	8563
1787676953.300204444	s2-eth8	1772	5535
1787676953.300204444	s2-eth9	1772	5535
1787676953.300204444	s3-eth1	3856286757	1614167511
1787676953.300204444	s3-eth10	1682	5535
1787676953.300204444	s3-eth11	4616	551734565
1787676953.300204444	s3-eth12	1682	5625
1787676953.300204444	s3-eth13	1772	5625
1787676953.300204444	s3-eth14	1772	5625
1787676953.300204444	s3-eth15	4934	551761865
1787676953.300204444	s3-eth16	1522	5535
1787676953.300204444	s3-eth17	1772	5625
1787676953.300204444	s3-eth18	1772	5625
1787676953.300204444	s3-eth19	114592621	8600
1787676953.300204444	s3-eth2	28362	31001
1787676953.300204444	s3-eth20	1682	5535
1787676953.300204444	s3-eth21	1522	5425
1787676953.300204444	s3-eth22	1682	5535
1787676953.300204444	s3-eth23	354100034	7970
1787676953.300204444	s3-eth24	1522	5535
1787676953.300204444	s3-eth25	1682	5555
1787676953.300204444	s3-eth26	1522	5535
1787676953.300204444	s3-eth27	573019123	8770
1787676953.300204444	s3-eth28	1682	5625
1787676953.300204444	s3-eth29	1682	5535
1787676953.300204444	s3-eth3	4705	2191359038
1787676953.300204444	s3-eth30	1682	5535
1787676953.300204444	s3-eth31	573067945	8622
1787676953.300204444	s3-eth32	1772	5535
1787676953.300204444	s3-eth33	1522	5535
1787676953.300204444	s3-eth34	1772	5535
1787676953.300204444	s3-eth4	1682	5625
1787676953.300204444	s3-eth5	1772	5535
1787676953.300204444	s3-eth6	1772	5625
1787676953.300204444	s3-eth7	4998	552543728
1787676953.300204444	s3-eth8	1522	5515
1787676953.300204444	s3-eth9	1772	5535
1787676953.300204444	s4-eth1	3423311276	55406
1787676953.300204444	s4-eth10	1682	5515
1787676953.300204444	s4-eth11	4613	564559601
1787676953.300204444	s4-eth12	1522	5585
1787676953.300204444	s4-eth13	1772	5535
1787676953.300204444	s4-eth14	1522	5535
1787676953.300204444	s4-eth15	4614	564502034
1787676953.300204444	s4-eth16	1682	5535
1787676953.300204444	s4-eth17	1682	5515
1787676953.300204444	s4-eth18	1682	5515
1787676953.300204444	s4-eth19	4767	114576266
1787676953.300204444	s4-eth2	31001	31001
1787676953.300204444	s4-eth20	1772	5585
1787676953.300204444	s4-eth21	1522	5535
1787676953.300204444	s4-eth22	1772	5585
1787676953.300204444	s4-eth23	4157	354219137
1787676953.300204444	s4-eth24	1522	5625
1787676953.300204444	s4-eth25	1682	5515
1787676953.300204444	s4-eth26	1522	5515
1787676953.300204444	s4-eth27	4757	572831190
1787676953.300204444	s4-eth28	1612	5535
1787676953.300204444	s4-eth29	1522	5535
1787676953.300204444	s4-eth3	4674	112968461
1787676953.300204444	s4-eth30	1522	5515
1787676953.300204444	s4-eth31	4859	572862638
1787676953.300204444	s4-eth32	1682	5515
1787676953.300204444	s4-eth33	1772	5515
1787676953.300204444	s4-eth34	1522	5625
1787676953.300204444	s4-eth4	1772	5535
1787676953.300204444	s4-eth5	1682	5515
1787676953.300204444	s4-eth6	1682	5515
1787676953.300204444	s4-eth7	4480	565067040
1787676953.300204444	s4-eth8	1682	5515
1787676953.300204444	s4-eth9	1682	5535
1787676953.300204444	s5-eth1	7757977156	55474
1787676953.300204444	s5-eth2	1835332223	3700658649
1787676953.300204444	s5-eth3	55869	31001
1787676953.300204444	s5-eth4	31949	5747887113
1787676953.300204444	s6-eth1	31001	31134
1787676953.300204444	s6-eth2	31001	28565
1787676953.300204444	s6-eth3	31001	31001
1787676953.300204444	s6-eth4	31949	31001
1787676953.300204444	s7-eth1	1616817907	3862115321
1787676953.300204444	s7-eth2	55406	3426679788
1787676953.300204444	s7-eth3	31001	55869
1787676953.300204444	s7-eth4	5711007333	31001
1787676953.300204444	s8-eth1	31001	28362
1787676953.300204444	s8-eth2	31001	31001
1787676953.300204444	s8-eth3	31001	28565
1787676953.300204444	s8-eth4	31949	31001
1787676953.300204444	s9-eth1	31001	55869
1787676953.300204444	s9-eth2	31001	31001
1787676953.300204444	s9-eth3	55869	31001
1787676953.300204444	s9-eth4	28565	31001
1787676957.545726000	s10-eth1	5763456387	31949
1787676957.545726000	s10-eth2	31001	31949
1787676957.545726000	s10-eth3	31001	5725976735
1787676957.545726000	s10-eth4	31001	31949
1787676957.545726000	s1-eth1	55474	7780742010
1787676957.545726000	s1-eth10	1772	5625
1787676957.545726000	s1-eth11	575210778	8719
1787676957.545726000	s1-eth12	1682	5625
1787676957.545726000	s1-eth13	1772	5625
1787676957.545726000	s1-eth14	1772	5625
1787676957.545726000	s1-eth15	575254026	8697
1787676957.545726000	s1-eth16	1702	5625
1787676957.545726000	s1-eth17	1702	5535
1787676957.545726000	s1-eth18	1772	5625
1787676957.545726000	s1-eth19	2301163872	8689
1787676957.545726000	s1-eth2	31134	31001
1787676957.545726000	s1-eth20	1682	5394
1787676957.545726000	s1-eth21	1702	5625
1787676957.545726000	s1-eth22	1772	5625
1787676957.545726000	s1-eth23	356490594	8002
1787676957.545726000	s1-eth24	1702	5535
1787676957.545726000	s1-eth25	1772	5625
1787676957.545726000	s1-eth26	1772	5535
1787676957.545726000	s1-eth27	575438443	8729
1787676957.545726000	s1-eth28	1772	5625
1787676957.545726000	s1-eth29	1772	5625
1787676957.545726000	s1-eth3	2301890449	8754
1787676957.545726000	s1-eth30	1682	5535
1787676957.545726000	s1-eth31	575493410	8798
1787676957.545726000	s1-eth32	1682	5535
1787676957.545726000	s1-eth33	1772	5625
1787676957.545726000	s1-eth34	1772	5535
1787676957.545726000	s1-eth4	1898	5731
1787676957.545726000	s1-eth5	1772	5304
1787676957.545726000	s1-eth6	1772	5625
1787676957.545726000	s1-eth7	575561471	8851
1787676957.545726000	s1-eth8	1612	5625
1787676957.545726000	s1-eth9	1772	5535
1787676957.545726000	s2-eth1	3714840719	1841870251
1787676957.545726000	s2-eth10	1682	5645
1787676957.545726000	s2-eth11	575637608	8626
1787676957.545726000	s2-eth12	1682	5535
1787676957.545726000	s2-eth13	1772	5394
1787676957.545726000	s2-eth14	1772	5625
1787676957.545726000	s2-eth15	575682353	8717
1787676957.545726000	s2-eth16	1772	5535
1787676957.545726000	s2-eth17	1682	5625
1787676957.545726000	s2-eth18	1772	5535
1787676957.545726000	s2-eth19	4906	2234633677
1787676957.545726000	s2-eth2	28592	31028
1787676957.545726000	s2-eth20	1772	5535
1787676957.545726000	s2-eth21	1612	5555
1787676957.545726000	s2-eth22	1682	5535
1787676957.545726000	s2-eth23	4149	348534471
1787676957.545726000	s2-eth24	1772	5515
1787676957.545726000	s2-eth25	1682	5625
1787676957.545726000	s2-eth26	1772	5535
1787676957.545726000	s2-eth27	4876	562937432
1787676957.545726000	s2-eth28	1772	5535
1787676957.545726000	s2-eth29	1682	5535
1787676957.545726000	s2-eth3	115178164	8777
1787676957.545726000	s2-eth30	1772	5515
1787676957.545726000	s2-eth31	4695	562794595
1787676957.545726000	s2-eth32	1522	5645
1787676957.545726000	s2-eth33	1682	5625
1787676957.545726000	s2-eth34	1682	5535
1787676957.545726000	s2-eth4	1772	5625
1787676957.545726000	s2-eth5	1682	5535
1787676957.545726000	s2-eth6	1682	5535
1787676957.545726000	s2-eth7	575954703	8563
1787676957.545726000	s2-eth8	1772	5535
1787676957.545726000	s2-eth9	1772	5535
1787676957.545726000	s3-eth1	3878267190	1624258654
1787676957.545726000	s3-eth10	1682	5535
1787676957.545726000	s3-eth11	4616	554885335
1787676957.545726000	s3-eth12	1682	5625
1787676957.545726000	s3-eth13	1772	5625
1787676957.545726000	s3-eth14	1772	5625
1787676957.545726000	s3-eth15	4934	554924171
1787676957.545726000	s3-eth16	1522	5535
1787676957.545726000	s3-eth17	1772	5625
1787676957.545726000	s3-eth18	1772	5625
1787676957.545726000	s3-eth19	115228543	8600
1787676957.545726000	s3-eth2	28389	31028
1787676957.545726000	s3-eth20	1682	5535
1787676957.545726000	s3-eth21	1522	5425
1787676957.545726000	s3-eth22	1682	5535
1787676957.545726000	s3-eth23	357295506	7970
1787676957.545726000	s3-eth24	1522	5535
1787676957.545726000	s3-eth25	1682	5555
1787676957.545726000	s3-eth26	1522	5535
1787676957.545726000	s3-eth27	576210269	8770
1787676957.545726000	s3-eth28	1682	5625
1787676957.545726000	s3-eth29	1682	5535
1787676957.545726000	s3-eth3	4705	2204155346
1787676957.545726000	s3-eth30	1682	5535
1787676957.545726000	s3-eth31	576279279	8622
1787676957.545726000	s3-eth32	1772	5535
1787676957.545726000	s3-eth33	1522	5535
1787676957.545726000	s3-eth34	1772	5535
1787676957.545726000	s3-eth4	1682	5625
1787676957.545726000	s3-eth5	1772	5535
1787676957.545726000	s3-eth6	1772	5625
1787676957.545726000	s3-eth7	4998	555782460
1787676957.545726000	s3-eth8	1522	5515
1787676957.545726000	s3-eth9	1772	5535
1787676957.545726000	s4-eth1	3444037169	55433
1787676957.545726000	s4-eth10	1682	5515
1787676957.545726000	s4-eth11	4613	567799775
1787676957.545726000	s4-eth12	1522	5585
1787676957.545726000	s4-eth13	1772	5535
1787676957.545726000	s4-eth14	1522	5535
1787676957.545726000	s4-eth15	4614	567719136
1787676957.545726000	s4-eth16	1682	5535
1787676957.545726000	s4-eth17	1682	5515
1787676957.545726000	s4-eth18	1682	5515
1787676957.545726000	s4-eth19	4767	115219398
1787676957.545726000	s4-eth2	31028	31028
1787676957.545726000	s4-eth20	1772	5585
1787676957.545726000	s4-eth21	1522	5535
1787676957.545726000	s4-eth22	1772	5585
1787676957.545726000	s4-eth23	4157	357462195
1787676957.545726000	s4-eth24	1522	5625
1787676957.545726000	s4-eth25	1682	5515
1787676957.545726000	s4-eth26	1522	5515
1787676957.545726000	s4-eth27	4757	576062712
1787676957.545726000	s4-eth28	1612	5535
1787676957.545726000	s4-eth29	1522	5535
1787676957.545726000	s4-eth3	4674	113610151
1787676957.545726000	s4-eth30	1522	5515
1787676957.545726000	s4-eth31	4859	576069646
1787676957.545726000	s4-eth32	1682	5515
1787676957.545726000	s4-eth33	1772	5515
1787676957.545726000	s4-eth34	1522	5625
1787676957.545726000	s4-eth4	1772	5535
1787676957.545726000	s4-eth5	1682	5515
1787676957.545726000	s4-eth6	1682	5515
1787676957.545726000	s4-eth7	4480	568275490
1787676957.545726000	s4-eth8	1682	5515
1787676957.545726000	s4-eth9	1682	5535
1787676957.545726000	s5-eth1	7802657553	55501
1787676957.545726000	s5-eth2	1845521422	3722877012
1787676957.545726000	s5-eth3	55896	31028
1787676957.545726000	s5-eth4	31977	5780075464
1787676957.545726000	s6-eth1	31028	31161
1787676957.545726000	s6-eth2	31028	28592
1787676957.545726000	s6-eth3	31028	31028
1787676957.545726000	s6-eth4	31977	31028
1787676957.545726000	s7-eth1	1626873000	3884036632
1787676957.545726000	s7-eth2	55433	3446756781
1787676957.545726000	s7-eth3	31028	55896
1787676957.545726000	s7-eth4	5742843837	31028
1787676957.545726000	s8-eth1	31028	28389
1787676957.545726000	s8-eth2	31028	31028
1787676957.545726000	s8-eth3	31028	28592
1787676957.545726000	s8-eth4	31977	31028
1787676957.545726000	s9-eth1	31028	55896
1787676957.545726000	s9-eth2	31028	31028
1787676957.545726000	s9-eth3	55896	31028
1787676957.545726000	s9-eth4	28592	31028
1787676962.338406528	s10-eth1	5794747814	31977
1787676962.338406528	s10-eth2	31028	31977
1787676962.338406528	s10-eth3	31028	5757266721
1787676962.338406528	s10-eth4	31028	31977
1787676962.338406528	s1-eth1	55501	7823911191
1787676962.338406528	s1-eth10	1772	5625
1787676962.338406528	s1-eth11	578286564	8719
1787676962.338406528	s1-eth12	1682	5625
1787676962.338406528	s1-eth13	1772	5625
1787676962.338406528	s1-eth14	1772	5625
1787676962.338406528	s1-eth15	578326928	8697
1787676962.338406528	s1-eth16	1702	5625
1787676962.338406528	s1-eth17	1702	5535
1787676962.338406528	s1-eth18	1772	5625
1787676962.338406528	s1-eth19	2313469900	8689
1787676962.338406528	s1-eth2	31161	31028
1787676962.338406528	s1-eth20	1682	5394
1787676962.338406528	s1-eth21	1702	5625
1787676962.338406528	s1-eth22	1772	5625
1787676962.338406528	s1-eth23	359540424	8002
1787676962.338406528	s1-eth24	1702	5535
1787676962.338406528	s1-eth25	1772	5625
1787676962.338406528	s1-eth26	1772	5535
1787676962.338406528	s1-eth27	578473853	8729
1787676962.338406528	s1-eth28	1772	5625
1787676962.338406528	s1-eth29	1772	5625
1787676962.338406528	s1-eth3	2314050835	8754
1787676962.338406528	s1-eth30	1682	5535
1787676962.338406528	s1-eth31	578543240	8798
1787676962.338406528	s1-eth32	1682	5535
1787676962.338406528	s1-eth33	1772	5625
1787676962.338406528	s1-eth34	1772	5535
1787676962.338406528	s1-eth4	1898	5731
1787676962.338406528	s1-eth5	1772	5304
1787676962.338406528	s1-eth6	1772	5625
1787676962.338406528	s1-eth7	578654561	8851
1787676962.338406528	s1-eth8	1612	5625
1787676962.338406528	s1-eth9	1772	5535
1787676962.338406528	s2-eth1	3736322220	1851750862
1787676962.338406528	s2-eth10	1682	5645
1787676962.338406528	s2-eth11	578724930	8626
1787676962.338406528	s2-eth12	1682	5535
1787676962.338406528	s2-eth13	1772	5394
1787676962.338406528	s2-eth14	1772	5625
1787676962.338406528	s2-eth15	578763907	8717
1787676962.338406528	s2-eth16	1772	5535
1787676962.338406528	s2-eth17	1682	5625
1787676962.338406528	s2-eth18	1772	5535
1787676962.338406528	s2-eth19	4906	2246907981
1787676962.338406528	s2-eth2	28592	31028
1787676962.338406528	s2-eth20	1772	5535
1787676962.338406528	s2-eth21	1612	5555
1787676962.338406528	s2-eth22	1682	5535
1787676962.338406528	s2-eth23	4149	351607373
1787676962.338406528	s2-eth24	1772	5515
1787676962.338406528	s2-eth25	1682	5625
1787676962.338406528	s2-eth26	1772	5535
1787676962.338406528	s2-eth27	4876	566011776
1787676962.338406528	s2-eth28	1772	5535
1787676962.338406528	s2-eth29	1682	5535
1787676962.338406528	s2-eth3	115795340	8777
1787676962.338406528	s2-eth30	1772	5515
1787676962.338406528	s2-eth31	4695	565857403
1787676962.338406528	s2-eth32	1522	5645
1787676962.338406528	s2-eth33	1682	5625
1787676962.338406528	s2-eth34	1682	5535
1787676962.338406528	s2-eth4	1772	5625
1787676962.338406528	s2-eth5	1682	5535
1787676962.338406528	s2-eth6	1682	5535
1787676962.338406528	s2-eth7	579023279	8563
1787676962.338406528	s2-eth8	1772	5535
1787676962.338406528	s2-eth9	1772	5535
1787676962.338406528	s3-eth1	3899530949	1634067165
1787676962.338406528	s3-eth10	1682	5535
1787676962.338406528	s3-eth11	4616	557913535
1787676962.338406528	s3-eth12	1682	5625
1787676962.338406528	s3-eth13	1772	5625
1787676962.338406528	s3-eth14	1772	5625
1787676962.338406528	s3-eth15	4934	557948045
1787676962.338406528	s3-eth16	1522	5535
1787676962.338406528	s3-eth17	1772	5625
1787676962.338406528	s3-eth18	1772	5625
1787676962.338406528	s3-eth19	115838509	8600
1787676962.338406528	s3-eth2	28416	31055
1787676962.338406528	s3-eth20	1682	5535
1787676962.338406528	s3-eth21	1522	5425
1787676962.338406528	s3-eth22	1682	5535
1787676962.338406528	s3-eth23	360333800	7970
1787676962.338406528	s3-eth24	1522	5535
1787676962.338406528	s3-eth25	1682	5555
1787676962.338406528	s3-eth26	1522	5535
1787676962.338406528	s3-eth27	579245679	8770
1787676962.338406528	s3-eth28	1682	5625
1787676962.338406528	s3-eth29	1682	5535
1787676962.338406528	s3-eth3	4705	2216066266
1787676962.338406528	s3-eth30	1682	5535
1787676962.338406528	s3-eth31	579295943	8622
1787676962.338406528	s3-eth32	1772	5535
1787676962.338406528	s3-eth33	1522	5535
1787676962.338406528	s3-eth34	1772	5535
1787676962.338406528	s3-eth4	1682	5625
1787676962.338406528	s3-eth5	1772	5535
1787676962.338406528	s3-eth6	1772	5625
1787676962.338406528	s3-eth7	4998	558773168
1787676962.338406528	s3-eth8	1522	5515
1787676962.338406528	s3-eth9	1772	5535
1787676962.338406528	s4-eth1	3463299432	55460
1787676962.338406528	s4-eth10	1682	5515
1787676962.338406528	s4-eth11	4613	570803461
1787676962.338406528	s4-eth12	1522	5585
1787676962.338406528	s4-eth13	1772	5535
1787676962.338406528	s4-eth14	1522	5535
1787676962.338406528	s4-eth15	4614	570754546
1787676962.338406528	s4-eth16	1682	5535
1787676962.338406528	s4-eth17	1682	5515
1787676962.338406528	s4-eth18	1682	5515
1787676962.338406528	s4-eth19	4767	115826480
1787676962.338406528	s4-eth2	31055	31055
1787676962.338406528	s4-eth20	1772	5585
1787676962.338406528	s4-eth21	1522	5535
1787676962.338406528	s4-eth22	1772	5585
1787676962.338406528	s4-eth23	4157	360490395
1787676962.338406528	s4-eth24	1522	5625
1787676962.338406528	s4-eth25	1682	5515
1787676962.338406528	s4-eth26	1522	5515
1787676962.338406528	s4-eth27	4757	579099564
1787676962.338406528	s4-eth28	1612	5535
1787676962.338406528	s4-eth29	1522	5535
1787676962.338406528	s4-eth3	4674	114220117
1787676962.338406528	s4-eth30	1522	5515
1787676962.338406528	s4-eth31	4859	579131012
1787676962.338406528	s4-eth32	1682	5515
1787676962.338406528	s4-eth33	1772	5515
1787676962.338406528	s4-eth34	1522	5625
1787676962.338406528	s4-eth4	1772	5535
1787676962.338406528	s4-eth5	1682	5515
1787676962.338406528	s4-eth6	1682	5515
1787676962.338406528	s4-eth7	4480	571312342
1787676962.338406528	s4-eth8	1682	5515
1787676962.338406528	s4-eth9	1682	5535
1787676962.338406528	s5-eth1	7845401344	55528
1787676962.338406528	s5-eth2	1855301093	3744096069
1787676962.338406528	s5-eth3	55923	31055
1787676962.338406528	s5-eth4	32005	5811180873
1787676962.338406528	s6-eth1	31055	31188
1787676962.338406528	s6-eth2	31055	28619
1787676962.338406528	s6-eth3	31055	31055
1787676962.338406528	s6-eth4	32005	31055
1787676962.338406528	s7-eth1	1636731981	3905402773
1787676962.338406528	s7-eth2	55460	3466464622
1787676962.338406528	s7-eth3	31055	55923
1787676962.338406528	s7-eth4	5774128055	31055
1787676962.338406528	s8-eth1	31055	28416
1787676962.338406528	s8-eth2	31055	31055
1787676962.338406528	s8-eth3	31055	28619
1787676962.338406528	s8-eth4	32005	31055
1787676962.338406528	s9-eth1	31055	55923
1787676962.338406528	s9-eth2	31055	31055
1787676962.338406528	s9-eth3	55923	31055
1787676962.338406528	s9-eth4	28619	31055
1787676967.172140284	s10-eth1	5826356481	32005
1787676967.172140284	s10-eth2	31055	32005
1787676967.172140284	s10-eth3	31055	5788703791
1787676967.172140284	s10-eth4	31055	32005
1787676967.172140284	s1-eth1	55528	7867266390
1787676967.172140284	s1-eth10	1772	5625
1787676967.172140284	s1-eth11	581379654	8719
1787676967.172140284	s1-eth12	1682	5625
1787676967.172140284	s1-eth13	1772	5625
1787676967.172140284	s1-eth14	1772	5625
1787676967.172140284	s1-eth15	581420018	8697
1787676967.172140284	s1-eth16	1702	5625
1787676967.172140284	s1-eth17	1702	5535
1787676967.172140284	s1-eth18	1772	5625
1787676967.172140284	s1-eth19	2325806210	8689
1787676967.172140284	s1-eth2	31188	31055
1787676967.172140284	s1-eth20	1682	5394
1787676967.172140284	s1-eth21	1702	5625
1787676967.172140284	s1-eth22	1772	5625
1787676967.172140284	s1-eth23	362624862	8002
1787676967.172140284	s1-eth24	1702	5535
1787676967.172140284	s1-eth25	1772	5625
1787676967.172140284	s1-eth26	1772	5535
1787676967.172140284	s1-eth27	581535219	8729
1787676967.172140284	s1-eth28	1772	5625
1787676967.172140284	s1-eth29	1772	5625
1787676967.172140284	s1-eth3	2326222757	8754
1787676967.172140284	s1-eth30	1682	5535
1787676967.172140284	s1-eth31	581581534	8798
1787676967.172140284	s1-eth32	1682	5535
1787676967.172140284	s1-eth33	1772	5625
1787676967.172140284	s1-eth34	1772	5535
1787676967.172140284	s1-eth4	1898	5731
1787676967.172140284	s1-eth5	1772	5304
1787676967.172140284	s1-eth6	1772	5625
1787676967.172140284	s1-eth7	581633733	8851
1787676967.172140284	s1-eth8	1612	5625
1787676967.172140284	s1-eth9	1772	5535
1787676967.172140284	s2-eth1	3756961593	1861245017
1787676967.172140284	s2-eth10	1682	5645
1787676967.172140284	s2-eth11	581694008	8626
1787676967.172140284	s2-eth12	1682	5535
1787676967.172140284	s2-eth13	1772	5394
1787676967.172140284	s2-eth14	1772	5625
1787676967.172140284	s2-eth15	581753173	8717
1787676967.172140284	s2-eth16	1772	5535
1787676967.172140284	s2-eth17	1682	5625
1787676967.172140284	s2-eth18	1772	5535
1787676967.172140284	s2-eth19	4906	2258772757
1787676967.172140284	s2-eth2	28619	31055
1787676967.172140284	s2-eth20	1772	5535
1787676967.172140284	s2-eth21	1612	5555
1787676967.172140284	s2-eth22	1682	5535
1787676967.172140284	s2-eth23	4149	354569241
1787676967.172140284	s2-eth24	1772	5515
1787676967.172140284	s2-eth25	1682	5625
1787676967.172140284	s2-eth26	1772	5535
1787676967.172140284	s2-eth27	4876	568952014
1787676967.172140284	s2-eth28	1772	5535
1787676967.172140284	s2-eth29	1682	5535
1787676967.172140284	s2-eth3	116388002	8777
1787676967.172140284	s2-eth30	1772	5515
1787676967.172140284	s2-eth31	4695	568801967
1787676967.172140284	s2-eth32	1522	5645
1787676967.172140284	s2-eth33	1682	5625
1787676967.172140284	s2-eth34	1682	5535
1787676967.172140284	s2-eth4	1772	5625
1787676967.172140284	s2-eth5	1682	5535
1787676967.172140284	s2-eth6	1682	5535
1787676967.172140284	s2-eth7	581990915	8563
1787676967.172140284	s2-eth8	1772	5535
1787676967.172140284	s2-eth9	1772	5535
1787676967.172140284	s3-eth1	3920266909	1643572829
1787676967.172140284	s3-eth10	1682	5535
1787676967.172140284	s3-eth11	4616	560881171
1787676967.172140284	s3-eth12	1682	5625
1787676967.172140284	s3-eth13	1772	5625
1787676967.172140284	s3-eth14	1772	5625
1787676967.172140284	s3-eth15	4934	560920007
1787676967.172140284	s3-eth16	1522	5535
1787676967.172140284	s3-eth17	1772	5625
1787676967.172140284	s3-eth18	1772	5625
1787676967.172140284	s3-eth19	116431171	8600
1787676967.172140284	s3-eth2	28443	31082
1787676967.172140284	s3-eth20	1682	5535
1787676967.172140284	s3-eth21	1522	5425
1787676967.172140284	s3-eth22	1682	5535
1787676967.172140284	s3-eth23	363310088	7970
1787676967.172140284	s3-eth24	1522	5535
1787676967.172140284	s3-eth25	1682	5555
1787676967.172140284	s3-eth26	1522	5535
1787676967.172140284	s3-eth27	582255133	8770
1787676967.172140284	s3-eth28	1682	5625
1787676967.172140284	s3-eth29	1682	5535
1787676967.172140284	s3-eth3	4705	2228106966
1787676967.172140284	s3-eth30	1682	5535
1787676967.172140284	s3-eth31	582327027	8622
1787676967.172140284	s3-eth32	1772	5535
1787676967.172140284	s3-eth33	1522	5535
1787676967.172140284	s3-eth34	1772	5535
1787676967.172140284	s3-eth4	1682	5625
1787676967.172140284	s3-eth5	1772	5535
1787676967.172140284	s3-eth6	1772	5625
1787676967.172140284	s3-eth7	4998	561820114
1787676967.172140284	s3-eth8	1522	5515
1787676967.172140284	s3-eth9	1772	5535
1787676967.172140284	s4-eth1	3482841443	55487
1787676967.172140284	s4-eth10	1682	5515
1787676967.172140284	s4-eth11	4613	573853291
1787676967.172140284	s4-eth12	1522	5585
1787676967.172140284	s4-eth13	1772	5535
1787676967.172140284	s4-eth14	1522	5535
1787676967.172140284	s4-eth15	4614	573758232
1787676967.172140284	s4-eth16	1682	5535
1787676967.172140284	s4-eth17	1682	5515
1787676967.172140284	s4-eth18	1682	5515
1787676967.172140284	s4-eth19	4767	116429236
1787676967.172140284	s4-eth2	31082	31082
1787676967.172140284	s4-eth20	1772	5585
1787676967.172140284	s4-eth21	1522	5535
1787676967.172140284	s4-eth22	1772	5585
1787676967.172140284	s4-eth23	4157	363475335
1787676967.172140284	s4-eth24	1522	5625
1787676967.172140284	s4-eth25	1682	5515
1787676967.172140284	s4-eth26	1522	5515
1787676967.172140284	s4-eth27	4757	582057106
1787676967.172140284	s4-eth28	1612	5535
1787676967.172140284	s4-eth29	1522	5535
1787676967.172140284	s4-eth3	4674	114804127
1787676967.172140284	s4-eth30	1522	5515
1787676967.172140284	s4-eth31	4859	582039526
1787676967.172140284	s4-eth32	1682	5515
1787676967.172140284	s4-eth33	1772	5515
1787676967.172140284	s4-eth34	1522	5625
1787676967.172140284	s4-eth4	1772	5535
1787676967.172140284	s4-eth5	1682	5515
1787676967.172140284	s4-eth6	1682	5515
1787676967.172140284	s4-eth7	4480	574187690
1787676967.172140284	s4-eth8	1682	5515
1787676967.172140284	s4-eth9	1682	5535
1787676967.172140284	s5-eth1	7885539441	55555
1787676967.172140284	s5-eth2	1864472240	3764046166
1787676967.172140284	s5-eth3	55950	31082
1787676967.172140284	s5-eth4	32033	5840244410
1787676967.172140284	s6-eth1	31082	31215
1787676967.172140284	s6-eth2	31082	28646
1787676967.172140284	s6-eth3	31082	31082
1787676967.172140284	s6-eth4	32033	31082
1787676967.172140284	s7-eth1	1645833912	3925272118
1787676967.172140284	s7-eth2	55487	3484671341
1787676967.172140284	s7-eth3	31082	55950
1787676967.172140284	s7-eth4	5803155543	31082
1787676967.172140284	s8-eth1	31082	28443
1787676967.172140284	s8-eth2	31082	31082
1787676967.172140284	s8-eth3	31082	28646
1787676967.172140284	s8-eth4	32033	31082
1787676967.172140284	s9-eth1	31082	55950
1787676967.172140284	s9-eth2	31082	31082
1787676967.172140284	s9-eth3	55950	31082
1787676967.172140284	s9-eth4	28646	31082
1787676971.566817554	s10-eth1	5855141712	32033
1787676971.566817554	s10-eth2	31082	32033
1787676971.566817554	s10-eth3	31082	5817520747
1787676971.566817554	s10-eth4	31082	32033
1787676971.566817554	s1-eth1	55555	7906928627
1787676971.566817554	s1-eth10	1772	5625
1787676971.566817554	s1-eth11	584213184	8719
1787676971.566817554	s1-eth12	1682	5625
1787676971.566817554	s1-eth13	1772	5625
1787676971.566817554	s1-eth14	1772	5625
1787676971.566817554	s1-eth15	584257874	8697
1787676971.566817554	s1-eth16	1702	5625
1787676971.566817554	s1-eth17	1702	5535
1787676971.566817554	s1-eth18	1772	5625
1787676971.566817554	s1-eth19	2337159076	8689
1787676971.566817554	s1-eth2	31215	31082
1787676971.566817554	s1-eth20	1682	5394
1787676971.566817554	s1-eth21	1702	5625
1787676971.566817554	s1-eth22	1772	5625
1787676971.566817554	s1-eth23	365465602	8002
1787676971.566817554	s1-eth24	1702	5535
1787676971.566817554	s1-eth25	1772	5625
1787676971.566817554	s1-eth26	1772	5535
1787676971.566817554	s1-eth27	584381727	8729
1787676971.566817554	s1-eth28	1772	5625
1787676971.566817554	s1-eth29	1772	5625
1787676971.566817554	s1-eth3	2337634745	8754
1787676971.566817554	s1-eth30	1682	5535
1787676971.566817554	s1-eth31	584436694	8798
1787676971.566817554	s1-eth32	1682	5535
1787676971.566817554	s1-eth33	1772	5625
1787676971.566817554	s1-eth34	1772	5535
1787676971.566817554	s1-eth4	1898	5731
1787676971.566817554	s1-eth5	1772	5304
1787676971.566817554	s1-eth6	1772	5625
1787676971.566817554	s1-eth7	584493219	8851
1787676971.566817554	s1-eth8	1612	5625
1787676971.566817554	s1-eth9	1772	5535
1787676971.566817554	s2-eth1	3776839590	1870364252
1787676971.566817554	s2-eth10	1682	5645
1787676971.566817554	s2-eth11	584534748	8626
1787676971.566817554	s2-eth12	1682	5535
1787676971.566817554	s2-eth13	1772	5394
1787676971.566817554	s2-eth14	1772	5625
1787676971.566817554	s2-eth15	584575167	8717
1787676971.566817554	s2-eth16	1772	5535
1787676971.566817554	s2-eth17	1682	5625
1787676971.566817554	s2-eth18	1772	5535
1787676971.566817554	s2-eth19	4906	2269939605
1787676971.566817554	s2-eth2	28646	31082
1787676971.566817554	s2-eth20	1772	5535
1787676971.566817554	s2-eth21	1612	5555
1787676971.566817554	s2-eth22	1682	5535
1787676971.566817554	s2-eth23	4149	357360953
1787676971.566817554	s2-eth24	1772	5515
1787676971.566817554	s2-eth25	1682	5625
1787676971.566817554	s2-eth26	1772	5535
1787676971.566817554	s2-eth27	4876	571758146
1787676971.566817554	s2-eth28	1772	5535
1787676971.566817554	s2-eth29	1682	5535
1787676971.566817554	s2-eth3	116951824	8777
1787676971.566817554	s2-eth30	1772	5515
1787676971.566817554	s2-eth31	4695	571603773
1787676971.566817554	s2-eth32	1522	5645
1787676971.566817554	s2-eth33	1682	5625
1787676971.566817554	s2-eth34	1682	5535
1787676971.566817554	s2-eth4	1772	5625
1787676971.566817554	s2-eth5	1682	5535
1787676971.566817554	s2-eth6	1682	5535
1787676971.566817554	s2-eth7	584804257	8563
1787676971.566817554	s2-eth8	1772	5535
1787676971.566817554	s2-eth9	1772	5535
1787676971.566817554	s3-eth1	3939873810	1652615638
1787676971.566817554	s3-eth10	1682	5535
1787676971.566817554	s3-eth11	4616	563681535
1787676971.566817554	s3-eth12	1682	5625
1787676971.566817554	s3-eth13	1772	5625
1787676971.566817554	s3-eth14	1772	5625
1787676971.566817554	s3-eth15	4934	563724697
1787676971.566817554	s3-eth16	1522	5535
1787676971.566817554	s3-eth17	1772	5625
1787676971.566817554	s3-eth18	1772	5625
1787676971.566817554	s3-eth19	116997877	8600
1787676971.566817554	s3-eth2	28443	31082
1787676971.566817554	s3-eth20	1682	5535
1787676971.566817554	s3-eth21	1522	5425
1787676971.566817554	s3-eth22	1682	5535
1787676971.566817554	s3-eth23	366120546	7970
1787676971.566817554	s3-eth24	1522	5535
1787676971.566817554	s3-eth25	1682	5555
1787676971.566817554	s3-eth26	1522	5535
1787676971.566817554	s3-eth27	585035309	8770
1787676971.566817554	s3-eth28	1682	5625
1787676971.566817554	s3-eth29	1682	5535
1787676971.566817554	s3-eth3	4705	2239034442
1787676971.566817554	s3-eth30	1682	5535
1787676971.566817554	s3-eth31	585081247	8622
1787676971.566817554	s3-eth32	1772	5535
1787676971.566817554	s3-eth33	1522	5535
1787676971.566817554	s3-eth34	1772	5535
1787676971.566817554	s3-eth4	1682	5625
1787676971.566817554	s3-eth5	1772	5535
1787676971.566817554	s3-eth6	1772	5625
1787676971.566817554	s3-eth7	4998	564510886
1787676971.566817554	s3-eth8	1522	5515
1787676971.566817554	s3-eth9	1772	5535
1787676971.566817554	s4-eth1	3500152653	55487
1787676971.566817554	s4-eth10	1682	5515
1787676971.566817554	s4-eth11	4613	576559925
1787676971.566817554	s4-eth12	1522	5585
1787676971.566817554	s4-eth13	1772	5535
1787676971.566817554	s4-eth14	1522	5535
1787676971.566817554	s4-eth15	4614	576477844
1787676971.566817554	s4-eth16	1682	5535
1787676971.566817554	s4-eth17	1682	5515
1787676971.566817554	s4-eth18	1682	5515
1787676971.566817554	s4-eth19	4767	116974312
1787676971.566817554	s4-eth2	31082	31082
1787676971.566817554	s4-eth20	1772	5585
1787676971.566817554	s4-eth21	1522	5535
1787676971.566817554	s4-eth22	1772	5585
1787676971.566817554	s4-eth23	4157	366216577
1787676971.566817554	s4-eth24	1522	5625
1787676971.566817554	s4-eth25	1682	5515
1787676971.566817554	s4-eth26	1522	5515
1787676971.566817554	s4-eth27	4757	584809884
1787676971.566817554	s4-eth28	1612	5535
1787676971.566817554	s4-eth29	1522	5535
1787676971.566817554	s4-eth3	4674	115352087
1787676971.566817554	s4-eth30	1522	5515
1787676971.566817554	s4-eth31	4859	584805282
1787676971.566817554	s4-eth32	1682	5515
1787676971.566817554	s4-eth33	1772	5515
1787676971.566817554	s4-eth34	1522	5625
1787676971.566817554	s4-eth4	1772	5535
1787676971.566817554	s4-eth5	1682	5515
1787676971.566817554	s4-eth6	1682	5515
1787676971.566817554	s4-eth7	4480	576993822
1787676971.566817554	s4-eth8	1682	5515
1787676971.566817554	s4-eth9	1682	5535
1787676971.566817554	s5-eth1	7924862808	55582
1787676971.566817554	s5-eth2	1873451601	3783612691
1787676971.566817554	s5-eth3	55977	31109
1787676971.566817554	s5-eth4	32061	5868777291
1787676971.566817554	s6-eth1	31109	31242
1787676971.566817554	s6-eth2	31109	28673
1787676971.566817554	s6-eth3	31109	31109
1787676971.566817554	s6-eth4	32061	31109
1787676971.566817554	s7-eth1	1654729637	3944524287
1787676971.566817554	s7-eth2	55514	3502363266
1787676971.566817554	s7-eth3	31109	55977
1787676971.566817554	s7-eth4	5831108741	31109
1787676971.566817554	s8-eth1	31109	28470
1787676971.566817554	s8-eth2	31109	31109
1787676971.566817554	s8-eth3	31109	28673
1787676971.566817554	s8-eth4	32061	31109
1787676971.566817554	s9-eth1	31109	55977
1787676971.566817554	s9-eth2	31109	31109
1787676971.566817554	s9-eth3	55977	31109
1787676971.566817554	s9-eth4	28673	31109
1787676975.856723271	s10-eth1	5883187197	32061
1787676975.856723271	s10-eth2	31109	32061
1787676975.856723271	s10-eth3	31109	5845309557
1787676975.856723271	s10-eth4	31109	32061
1787676975.856723271	s1-eth1	55582	7945435822
1787676975.856723271	s1-eth10	1772	5625
1787676975.856723271	s1-eth11	586965962	8719
1787676975.856723271	s1-eth12	1682	5625
1787676975.856723271	s1-eth13	1772	5625
1787676975.856723271	s1-eth14	1772	5625
1787676975.856723271	s1-eth15	587022188	8697
1787676975.856723271	s1-eth16	1702	5625
1787676975.856723271	s1-eth17	1702	5535
1787676975.856723271	s1-eth18	1772	5625
1787676975.856723271	s1-eth19	2348304294	8689
1787676975.856723271	s1-eth2	31242	31109
1787676975.856723271	s1-eth20	1682	5394
1787676975.856723271	s1-eth21	1702	5625
1787676975.856723271	s1-eth22	1772	5625
1787676975.856723271	s1-eth23	368278944	8002
1787676975.856723271	s1-eth24	1702	5535
1787676975.856723271	s1-eth25	1772	5625
1787676975.856723271	s1-eth26	1772	5535
1787676975.856723271	s1-eth27	587210931	8729
1787676975.856723271	s1-eth28	1772	5625
1787676975.856723271	s1-eth29	1772	5625
1787676975.856723271	s1-eth3	2348977517	8754
1787676975.856723271	s1-eth30	1682	5535
1787676975.856723271	s1-eth31	587273108	8798
1787676975.856723271	s1-eth32	1682	5535
1787676975.856723271	s1-eth33	1772	5625
1787676975.856723271	s1-eth34	1772	5535
1787676975.856723271	s1-eth4	1898	5731
1787676975.856723271	s1-eth5	1772	5304
1787676975.856723271	s1-eth6	1772	5625
1787676975.856723271	s1-eth7	587358473	8851
1787676975.856723271	s1-eth8	1612	5625
1787676975.856723271	s1-eth9	1772	5535
1787676975.856723271	s2-eth1	3796721913	1879531073
1787676975.856723271	s2-eth10	1682	5645
1787676975.856723271	s2-eth11	587407212	8626
1787676975.856723271	s2-eth12	1682	5535
1787676975.856723271	s2-eth13	1772	5394
1787676975.856723271	s2-eth14	1772	5625
1787676975.856723271	s2-eth15	587464935	8717
1787676975.856723271	s2-eth16	1772	5535
1787676975.856723271	s2-eth17	1682	5625
1787676975.856723271	s2-eth18	1772	5535
1787676975.856723271	s2-eth19	4906	2281308333
1787676975.856723271	s2-eth2	28673	31109
1787676975.856723271	s2-eth20	1772	5535
1787676975.856723271	s2-eth21	1612	5555
1787676975.856723271	s2-eth22	1682	5535
1787676975.856723271	s2-eth23	4149	360198809
1787676975.856723271	s2-eth24	1772	5515
1787676975.856723271	s2-eth25	1682	5625
1787676975.856723271	s2-eth26	1772	5535
1787676975.856723271	s2-eth27	4876	574572930
1787676975.856723271	s2-eth28	1772	5535
1787676975.856723271	s2-eth29	1682	5535
1787676975.856723271	s2-eth3	117521414	8777
1787676975.856723271	s2-eth30	1772	5515
1787676975.856723271	s2-eth31	4695	574437303
1787676975.856723271	s2-eth32	1522	5645
1787676975.856723271	s2-eth33	1682	5625
1787676975.856723271	s2-eth34	1682	5535
1787676975.856723271	s2-eth4	1772	5625
1787676975.856723271	s2-eth5	1682	5535
1787676975.856723271	s2-eth6	1682	5535
1787676975.856723271	s2-eth7	587675279	8563
1787676975.856723271	s2-eth8	1772	5535
1787676975.856723271	s2-eth9	1772	5535
1787676975.856723271	s3-eth1	3959613375	1661792553
1787676975.856723271	s3-eth10	1682	5535
1787676975.856723271	s3-eth11	4616	566506413
1787676975.856723271	s3-eth12	1682	5625
1787676975.856723271	s3-eth13	1772	5625
1787676975.856723271	s3-eth14	1772	5625
1787676975.856723271	s3-eth15	4934	566563995
1787676975.856723271	s3-eth16	1522	5535
1787676975.856723271	s3-eth17	1772	5625
1787676975.856723271	s3-eth18	1772	5625
1787676975.856723271	s3-eth19	117576119	8600
1787676975.856723271	s3-eth2	28470	31109
1787676975.856723271	s3-eth20	1682	5535
1787676975.856723271	s3-eth21	1522	5425
1787676975.856723271	s3-eth22	1682	5535
1787676975.856723271	s3-eth23	369017524	7970
1787676975.856723271	s3-eth24	1522	5535
1787676975.856723271	s3-eth25	1682	5555
1787676975.856723271	s3-eth26	1522	5535
1787676975.856723271	s3-eth27	587935171	8770
1787676975.856723271	s3-eth28	1682	5625
1787676975.856723271	s3-eth29	1682	5535
1787676975.856723271	s3-eth3	4705	2250416148
1787676975.856723271	s3-eth30	1682	5535
1787676975.856723271	s3-eth31	587978225	8622
1787676975.856723271	s3-eth32	1772	5535
1787676975.856723271	s3-eth33	1522	5535
1787676975.856723271	s3-eth34	1772	5535
1787676975.856723271	s3-eth4	1682	5625
1787676975.856723271	s3-eth5	1772	5535
1787676975.856723271	s3-eth6	1772	5625
1787676975.856723271	s3-eth7	4998	567360278
1787676975.856723271	s3-eth8	1522	5515
1787676975.856723271	s3-eth9	1772	5535
1787676975.856723271	s4-eth1	3518676612	55514
1787676975.856723271	s4-eth10	1682	5515
1787676975.856723271	s4-eth11	4613	579433831
1787676975.856723271	s4-eth12	1522	5585
1787676975.856723271	s4-eth13	1772	5535
1787676975.856723271	s4-eth14	1522	5535
1787676975.856723271	s4-eth15	4614	579367612
1787676975.856723271	s4-eth16	1682	5535
1787676975.856723271	s4-eth17	1682	5515
1787676975.856723271	s4-eth18	1682	5515
1787676975.856723271	s4-eth19	4767	117559764
1787676975.856723271	s4-eth2	31109	31109
1787676975.856723271	s4-eth20	1772	5585
1787676975.856723271	s4-eth21	1522	5535
1787676975.856723271	s4-eth22	1772	5585
1787676975.856723271	s4-eth23	4157	369130859
1787676975.856723271	s4-eth24	1522	5625
1787676975.856723271	s4-eth25	1682	5515
1787676975.856723271	s4-eth26	1522	5515
1787676975.856723271	s4-eth27	4757	587731376
1787676975.856723271	s4-eth28	1612	5535
1787676975.856723271	s4-eth29	1522	5535
1787676975.856723271	s4-eth3	4674	115936097
1787676975.856723271	s4-eth30	1522	5515
1787676975.856723271	s4-eth31	4859	587745520
1787676975.856723271	s4-eth32	1682	5515
1787676975.856723271	s4-eth33	1772	5515
1787676975.856723271	s4-eth34	1522	5625
1787676975.856723271	s4-eth4	1772	5535
1787676975.856723271	s4-eth5	1682	5515
1787676975.856723271	s4-eth6	1682	5515
1787676975.856723271	s4-eth7	4480	579912430
1787676975.856723271	s4-eth8	1682	5515
1787676975.856723271	s4-eth9	1682	5535
1787676975.856723271	s5-eth1	7966380872	55582
1787676975.856723271	s5-eth2	1882960149	3804241943
1787676975.856723271	s5-eth3	55977	31109
1787676975.856723271	s5-eth4	32061	5899154463
1787676975.856723271	s6-eth1	31109	31242
1787676975.856723271	s6-eth2	31109	28673
1787676975.856723271	s6-eth3	31109	31109
1787676975.856723271	s6-eth4	32061	31109
1787676975.856723271	s7-eth1	1664404042	3965398706
1787676975.856723271	s7-eth2	55541	3521713491
1787676975.856723271	s7-eth3	31136	56004
1787676975.856723271	s7-eth4	5861917099	31136
1787676975.856723271	s8-eth1	31136	28497
1787676975.856723271	s8-eth2	31136	31136
1787676975.856723271	s8-eth3	31136	28700
1787676975.856723271	s8-eth4	32089	31136
1787676975.856723271	s9-eth1	31136	56004
1787676975.856723271	s9-eth2	31136	31136
1787676975.856723271	s9-eth3	56004	31136
1787676975.856723271	s9-eth4	28700	31136
1787676980.613086471	s10-eth1	5914347402	32089
1787676980.613086471	s10-eth2	31136	32089
1787676980.613086471	s10-eth3	31136	5876549073
1787676980.613086471	s10-eth4	31136	32089
1787676980.613086471	s1-eth1	55609	7988401681
1787676980.613086471	s1-eth10	1772	5625
1787676980.613086471	s1-eth11	590033096	8719
1787676980.613086471	s1-eth12	1682	5625
1787676980.613086471	s1-eth13	1772	5625
1787676980.613086471	s1-eth14	1772	5625
1787676980.613086471	s1-eth15	590080670	8697
1787676980.613086471	s1-eth16	1702	5625
1787676980.613086471	s1-eth17	1702	5535
1787676980.613086471	s1-eth18	1772	5625
1787676980.613086471	s1-eth19	2360453144	8689
1787676980.613086471	s1-eth2	31269	31136
1787676980.613086471	s1-eth20	1682	5394
1787676980.613086471	s1-eth21	1702	5625
1787676980.613086471	s1-eth22	1772	5625
1787676980.613086471	s1-eth23	371302818	8002
1787676980.613086471	s1-eth24	1702	5535
1787676980.613086471	s1-eth25	1772	5625
1787676980.613086471	s1-eth26	1772	5535
1787676980.613086471	s1-eth27	590224711	8729
1787676980.613086471	s1-eth28	1772	5625
1787676980.613086471	s1-eth29	1772	5625
1787676980.613086471	s1-eth3	2360986493	8754
1787676980.613086471	s1-eth30	1682	5535
1787676980.613086471	s1-eth31	590268142	8798
1787676980.613086471	s1-eth32	1682	5535
1787676980.613086471	s1-eth33	1772	5625
1787676980.613086471	s1-eth34	1772	5535
1787676980.613086471	s1-eth4	1898	5731
1787676980.613086471	s1-eth5	1772	5304
1787676980.613086471	s1-eth6	1772	5625
1787676980.613086471	s1-eth7	590334761	8851
1787676980.613086471	s1-eth8	1612	5625
1787676980.613086471	s1-eth9	1772	5535
1787676980.613086471	s2-eth1	3817491066	1889075698
1787676980.613086471	s2-eth10	1682	5645
1787676980.613086471	s2-eth11	590390710	8626
1787676980.613086471	s2-eth12	1682	5535
1787676980.613086471	s2-eth13	1772	5394
1787676980.613086471	s2-eth14	1772	5625
1787676980.613086471	s2-eth15	590439781	8717
1787676980.613086471	s2-eth16	1772	5535
1787676980.613086471	s2-eth17	1682	5625
1787676980.613086471	s2-eth18	1772	5535
1787676980.613086471	s2-eth19	4906	2293214927
1787676980.613086471	s2-eth2	28700	31136
1787676980.613086471	s2-eth20	1772	5535
1787676980.613086471	s2-eth21	1612	5555
1787676980.613086471	s2-eth22	1682	5535
1787676980.613086471	s2-eth23	4149	363193843
1787676980.613086471	s2-eth24	1772	5515
1787676980.613086471	s2-eth25	1682	5625
1787676980.613086471	s2-eth26	1772	5535
1787676980.613086471	s2-eth27	4876	577559312
1787676980.613086471	s2-eth28	1772	5535
1787676980.613086471	s2-eth29	1682	5535
1787676980.613086471	s2-eth3	118122728	8777
1787676980.613086471	s2-eth30	1772	5515
1787676980.613086471	s2-eth31	4695	577423685
1787676980.613086471	s2-eth32	1522	5645
1787676980.613086471	s2-eth33	1682	5625
1787676980.613086471	s2-eth34	1682	5535
1787676980.613086471	s2-eth4	1772	5625
1787676980.613086471	s2-eth5	1682	5535
1787676980.613086471	s2-eth6	1682	5535
1787676980.613086471	s2-eth7	590668871	8563
1787676980.613086471	s2-eth8	1772	5535
1787676980.613086471	s2-eth9	1772	5535
1787676980.613086471	s3-eth1	3980542590	1671378996
1787676980.613086471	s3-eth10	1682	5535
1787676980.613086471	s3-eth11	4616	569478375
1787676980.613086471	s3-eth12	1682	5625
1787676980.613086471	s3-eth13	1772	5625
1787676980.613086471	s3-eth14	1772	5625
1787676980.613086471	s3-eth15	4934	569521537
1787676980.613086471	s3-eth16	1522	5535
1787676980.613086471	s3-eth17	1772	5625
1787676980.613086471	s3-eth18	1772	5625
1787676980.613086471	s3-eth19	118168781	8600
1787676980.613086471	s3-eth2	28497	31136
1787676980.613086471	s3-eth20	1682	5535
1787676980.613086471	s3-eth21	1522	5425
1787676980.613086471	s3-eth22	1682	5535
1787676980.613086471	s3-eth23	371970740	7970
1787676980.613086471	s3-eth24	1522	5535
1787676980.613086471	s3-eth25	1682	5555
1787676980.613086471	s3-eth26	1522	5535
1787676980.613086471	s3-eth27	590878293	8770
1787676980.613086471	s3-eth28	1682	5625
1787676980.613086471	s3-eth29	1682	5535
1787676980.613086471	s3-eth3	4705	2262044436
1787676980.613086471	s3-eth30	1682	5535
1787676980.613086471	s3-eth31	590915579	8622
1787676980.613086471	s3-eth32	1772	5535
1787676980.613086471	s3-eth33	1522	5535
1787676980.613086471	s3-eth34	1772	5535
1787676980.613086471	s3-eth4	1682	5625
1787676980.613086471	s3-eth5	1772	5535
1787676980.613086471	s3-eth6	1772	5625
1787676980.613086471	s3-eth7	4998	570261582
1787676980.613086471	s3-eth8	1522	5515
1787676980.613086471	s3-eth9	1772	5535
1787676980.613086471	s4-eth1	3537399567	55541
1787676980.613086471	s4-eth10	1682	5515
1787676980.613086471	s4-eth11	4613	582358207
1787676980.613086471	s4-eth12	1522	5585
1787676980.613086471	s4-eth13	1772	5535
1787676980.613086471	s4-eth14	1522	5535
1787676980.613086471	s4-eth15	4614	582281894
1787676980.613086471	s4-eth16	1682	5535
1787676980.613086471	s4-eth17	1682	5515
1787676980.613086471	s4-eth18	1682	5515
1787676980.613086471	s4-eth19	4767	118138006
1787676980.613086471	s4-eth2	31136	31136
1787676980.613086471	s4-eth20	1772	5585
1787676980.613086471	s4-eth21	1522	5535
1787676980.613086471	s4-eth22	1772	5585
1787676980.613086471	s4-eth23	4157	372046583
1787676980.613086471	s4-eth24	1522	5625
1787676980.613086471	s4-eth25	1682	5515
1787676980.613086471	s4-eth26	1522	5515
1787676980.613086471	s4-eth27	4757	590661520
1787676980.613086471	s4-eth28	1612	5535
1787676980.613086471	s4-eth29	1522	5535
1787676980.613086471	s4-eth3	4674	116522991
1787676980.613086471	s4-eth30	1522	5515
1787676980.613086471	s4-eth31	4859	590668454
1787676980.613086471	s4-eth32	1682	5515
1787676980.613086471	s4-eth33	1772	5515
1787676980.613086471	s4-eth34	1522	5625
1787676980.613086471	s4-eth4	1772	5535
1787676980.613086471	s4-eth5	1682	5515
1787676980.613086471	s4-eth6	1682	5515
1787676980.613086471	s4-eth7	4480	582859878
1787676980.613086471	s4-eth8	1682	5515
1787676980.613086471	s4-eth9	1682	5535
1787676980.613086471	s5-eth1	8007352445	55609
1787676980.613086471	s5-eth2	1892351922	3824712602
1787676980.613086471	s5-eth3	56004	31136
1787676980.613086471	s5-eth4	32089	5929174046
1787676980.613086471	s6-eth1	31136	31269
1787676980.613086471	s6-eth2	31136	28700
1787676980.613086471	s6-eth3	31136	31136
1787676980.613086471	s6-eth4	32089	31136
1787676980.613086471	s7-eth1	1673777042	3985840498
1787676980.613086471	s7-eth2	55541	3540488331
1787676980.613086471	s7-eth3	31136	56004
1787676980.613086471	s7-eth4	5891760731	31136
1787676980.613086471	s8-eth1	31136	28497
1787676980.613086471	s8-eth2	31136	31136
1787676980.613086471	s8-eth3	31136	28700
1787676980.613086471	s8-eth4	32089	31136
1787676980.613086471	s9-eth1	31136	56004
1787676980.613086471	s9-eth2	31136	31136
1787676980.613086471	s9-eth3	56004	31136
1787676980.613086471	s9-eth4	28700	31136
1787676985.110226638	s10-eth1	5943806047	32117
1787676985.110226638	s10-eth2	31163	32117
1787676985.110226638	s10-eth3	31163	5905958691
1787676985.110226638	s10-eth4	31163	32117
1787676985.110226638	s1-eth1	55636	8028829620
1787676985.110226638	s1-eth10	1772	5625
1787676985.110226638	s1-eth11	592917096	8719
1787676985.110226638	s1-eth12	1682	5625
1787676985.110226638	s1-eth13	1772	5625
1787676985.110226638	s1-eth14	1772	5625
1787676985.110226638	s1-eth15	592958902	8697
1787676985.110226638	s1-eth16	1702	5625
1787676985.110226638	s1-eth17	1702	5535
1787676985.110226638	s1-eth18	1772	5625
1787676985.110226638	s1-eth19	2371944442	8689
1787676985.110226638	s1-eth2	31296	31163
1787676985.110226638	s1-eth20	1682	5394
1787676985.110226638	s1-eth21	1702	5625
1787676985.110226638	s1-eth22	1772	5625
1787676985.110226638	s1-eth23	374172398	8002
1787676985.110226638	s1-eth24	1702	5535
1787676985.110226638	s1-eth25	1772	5625
1787676985.110226638	s1-eth26	1772	5535
1787676985.110226638	s1-eth27	593084197	8729
1787676985.110226638	s1-eth28	1772	5625
1787676985.110226638	s1-eth29	1772	5625
1787676985.110226638	s1-eth3	2372447509	8754
1787676985.110226638	s1-eth30	1682	5535
1787676985.110226638	s1-eth31	593134838	8798
1787676985.110226638	s1-eth32	1682	5535
1787676985.110226638	s1-eth33	1772	5625
1787676985.110226638	s1-eth34	1772	5535
1787676985.110226638	s1-eth4	1898	5731
1787676985.110226638	s1-eth5	1772	5304
1787676985.110226638	s1-eth6	1772	5625
1787676985.110226638	s1-eth7	593201457	8851
1787676985.110226638	s1-eth8	1612	5625
1787676985.110226638	s1-eth9	1772	5535
1787676985.110226638	s2-eth1	3837477213	1898226657
1787676985.110226638	s2-eth10	1682	5645
1787676985.110226638	s2-eth11	593251638	8626
1787676985.110226638	s2-eth12	1682	5535
1787676985.110226638	s2-eth13	1772	5394
1787676985.110226638	s2-eth14	1772	5625
1787676985.110226638	s2-eth15	593294941	8717
1787676985.110226638	s2-eth16	1772	5535
1787676985.110226638	s2-eth17	1682	5625
1787676985.110226638	s2-eth18	1772	5535
1787676985.110226638	s2-eth19	4906	2304629799
1787676985.110226638	s2-eth2	28727	31163
1787676985.110226638	s2-eth20	1772	5535
1787676985.110226638	s2-eth21	1612	5555
1787676985.110226638	s2-eth22	1682	5535
1787676985.110226638	s2-eth23	4149	366066307
1787676985.110226638	s2-eth24	1772	5515
1787676985.110226638	s2-eth25	1682	5625
1787676985.110226638	s2-eth26	1772	5535
1787676985.110226638	s2-eth27	4876	580438986
1787676985.110226638	s2-eth28	1772	5535
1787676985.110226638	s2-eth29	1682	5535
1787676985.110226638	s2-eth3	118699528	8777
1787676985.110226638	s2-eth30	1772	5515
1787676985.110226638	s2-eth31	4695	580312011
1787676985.110226638	s2-eth32	1522	5645
1787676985.110226638	s2-eth33	1682	5625
1787676985.110226638	s2-eth34	1682	5535
1787676985.110226638	s2-eth4	1772	5625
1787676985.110226638	s2-eth5	1682	5535
1787676985.110226638	s2-eth6	1682	5535
1787676985.110226638	s2-eth7	593557197	8563
1787676985.110226638	s2-eth8	1772	5535
1787676985.110226638	s2-eth9	1772	5535
1787676985.110226638	s3-eth1	4000785413	1680672713
1787676985.110226638	s3-eth10	1682	5535
1787676985.110226638	s3-eth11	4616	572379679
1787676985.110226638	s3-eth12	1682	5625
1787676985.110226638	s3-eth13	1772	5625
1787676985.110226638	s3-eth14	1772	5625
1787676985.110226638	s3-eth15	4934	572405537
1787676985.110226638	s3-eth16	1522	5535
1787676985.110226638	s3-eth17	1772	5625
1787676985.110226638	s3-eth18	1772	5625
1787676985.110226638	s3-eth19	118754233	8600
1787676985.110226638	s3-eth2	28524	31163
1787676985.110226638	s3-eth20	1682	5535
1787676985.110226638	s3-eth21	1522	5425
1787676985.110226638	s3-eth22	1682	5535
1787676985.110226638	s3-eth23	374923956	7970
1787676985.110226638	s3-eth24	1522	5535
1787676985.110226638	s3-eth25	1682	5555
1787676985.110226638	s3-eth26	1522	5535
1787676985.110226638	s3-eth27	593850255	8770
1787676985.110226638	s3-eth28	1682	5625
1787676985.110226638	s3-eth29	1682	5535
1787676985.110226638	s3-eth3	4705	2273926516
1787676985.110226638	s3-eth30	1682	5535
1787676985.110226638	s3-eth31	593894751	8622
1787676985.110226638	s3-eth32	1772	5535
1787676985.110226638	s3-eth33	1522	5535
1787676985.110226638	s3-eth34	1772	5535
1787676985.110226638	s3-eth4	1682	5625
1787676985.110226638	s3-eth5	1772	5535
1787676985.110226638	s3-eth6	1772	5625
1787676985.110226638	s3-eth7	4998	573262384
1787676985.110226638	s3-eth8	1522	5515
1787676985.110226638	s3-eth9	1772	5535
1787676985.110226638	s4-eth1	3556709416	55568
1787676985.110226638	s4-eth10	1682	5515
1787676985.110226638	s4-eth11	4613	585395059
1787676985.110226638	s4-eth12	1522	5585
1787676985.110226638	s4-eth13	1772	5535
1787676985.110226638	s4-eth14	1522	5535
1787676985.110226638	s4-eth15	4614	585341818
1787676985.110226638	s4-eth16	1682	5535
1787676985.110226638	s4-eth17	1682	5515
1787676985.110226638	s4-eth18	1682	5515
1787676985.110226638	s4-eth19	4767	118750856
1787676985.110226638	s4-eth2	31163	31163
1787676985.110226638	s4-eth20	1772	5585
1787676985.110226638	s4-eth21	1522	5535
1787676985.110226638	s4-eth22	1772	5585
1787676985.110226638	s4-eth23	4157	375090645
1787676985.110226638	s4-eth24	1522	5625
1787676985.110226638	s4-eth25	1682	5515
1787676985.110226638	s4-eth26	1522	5515
1787676985.110226638	s4-eth27	4757	593699814
1787676985.110226638	s4-eth28	1612	5535
1787676985.110226638	s4-eth29	1522	5535
1787676985.110226638	s4-eth3	4674	117132957
1787676985.110226638	s4-eth30	1522	5515
1787676985.110226638	s4-eth31	4859	593757218
1787676985.110226638	s4-eth32	1682	5515
1787676985.110226638	s4-eth33	1772	5515
1787676985.110226638	s4-eth34	1522	5625
1787676985.110226638	s4-eth4	1772	5535
1787676985.110226638	s4-eth5	1682	5515
1787676985.110226638	s4-eth6	1682	5515
1787676985.110226638	s4-eth7	4480	585986134
1787676985.110226638	s4-eth8	1682	5515
1787676985.110226638	s4-eth9	1682	5535
1787676985.110226638	s5-eth1	8051347892	55636
1787676985.110226638	s5-eth2	1902375291	3846560371
1787676985.110226638	s5-eth3	56031	31163
1787676985.110226638	s5-eth4	32117	5960850487
1787676985.110226638	s6-eth1	31163	31296
1787676985.110226638	s6-eth2	31163	28727
1787676985.110226638	s6-eth3	31163	31163
1787676985.110226638	s6-eth4	32117	31163
1787676985.110226638	s7-eth1	1683820599	4007695477
1787676985.110226638	s7-eth2	55568	3560550904
1787676985.110226638	s7-eth3	31163	56031
1787676985.110226638	s7-eth4	5923727015	31163
1787676985.110226638	s8-eth1	31163	28524
1787676985.110226638	s8-eth2	31163	31163
1787676985.110226638	s8-eth3	31163	28727
1787676985.110226638	s8-eth4	32117	31163
1787676985.110226638	s9-eth1	31163	56031
1787676985.110226638	s9-eth2	31163	31163
1787676985.110226638	s9-eth3	56031	31163
1787676985.110226638	s9-eth4	28727	31163
1787676990.153911499	s10-eth1	5976473142	32145
1787676990.153911499	s10-eth2	31190	32145
1787676990.153911499	s10-eth3	31190	5938386415
1787676990.153911499	s10-eth4	31190	32145
1787676990.153911499	s1-eth1	55663	8074890011
1787676990.153911499	s1-eth10	1772	5625
1787676990.153911499	s1-eth11	596255326	8719
1787676990.153911499	s1-eth12	1682	5625
1787676990.153911499	s1-eth13	1772	5625
1787676990.153911499	s1-eth14	1772	5625
1787676990.153911499	s1-eth15	596338950	8697
1787676990.153911499	s1-eth16	1702	5625
1787676990.153911499	s1-eth17	1702	5535
1787676990.153911499	s1-eth18	1772	5625
1787676990.153911499	s1-eth19	2385670840	8689
1787676990.153911499	s1-eth2	31323	31190
1787676990.153911499	s1-eth20	1682	5394
1787676990.153911499	s1-eth21	1702	5625
1787676990.153911499	s1-eth22	1772	5625
1787676990.153911499	s1-eth23	377653386	8002
1787676990.153911499	s1-eth24	1702	5535
1787676990.153911499	s1-eth25	1772	5625
1787676990.153911499	s1-eth26	1772	5535
1787676990.153911499	s1-eth27	596611329	8729
1787676990.153911499	s1-eth28	1772	5625
1787676990.153911499	s1-eth29	1772	5625
1787676990.153911499	s1-eth3	2386697353	8754
1787676990.153911499	s1-eth30	1682	5535
1787676990.153911499	s1-eth31	596723976	8798
1787676990.153911499	s1-eth32	1682	5535
1787676990.153911499	s1-eth33	1772	5625
1787676990.153911499	s1-eth34	1772	5535
1787676990.153911499	s1-eth4	1898	5731
1787676990.153911499	s1-eth5	1772	5304
1787676990.153911499	s1-eth6	1772	5625
1787676990.153911499	s1-eth7	596871347	8851
1787676990.153911499	s1-eth8	1612	5625
1787676990.153911499	s1-eth9	1772	5535
1787676990.153911499	s2-eth1	3863043900	1910154908
1787676990.153911499	s2-eth10	1682	5645
1787676990.153911499	s2-eth11	597000838	8626
1787676990.153911499	s2-eth12	1682	5535
1787676990.153911499	s2-eth13	1772	5394
1787676990.153911499	s2-eth14	1772	5625
1787676990.153911499	s2-eth15	597098937	8717
1787676990.153911499	s2-eth16	1772	5535
1787676990.153911499	s2-eth17	1682	5625
1787676990.153911499	s2-eth18	1772	5535
1787676990.153911499	s2-eth19	4906	2319231491
1787676990.153911499	s2-eth2	28754	31190
1787676990.153911499	s2-eth20	1772	5535
1787676990.153911499	s2-eth21	1612	5555
1787676990.153911499	s2-eth22	1682	5535
1787676990.153911499	s2-eth23	4149	369798203
1787676990.153911499	s2-eth24	1772	5515
1787676990.153911499	s2-eth25	1682	5625
1787676990.153911499	s2-eth26	1772	5535
1787676990.153911499	s2-eth27	4876	584199722
1787676990.153911499	s2-eth28	1772	5535
1787676990.153911499	s2-eth29	1682	5535
1787676990.153911499	s2-eth3	119494070	8777
1787676990.153911499	s2-eth30	1772	5515
1787676990.153911499	s2-eth31	4695	584074189
1787676990.153911499	s2-eth32	1522	5645
1787676990.153911499	s2-eth33	1682	5625
1787676990.153911499	s2-eth34	1682	5535
1787676990.153911499	s2-eth4	1772	5625
1787676990.153911499	s2-eth5	1682	5535
1787676990.153911499	s2-eth6	1682	5535
1787676990.153911499	s2-eth7	597606333	8563
1787676990.153911499	s2-eth8	1772	5535
1787676990.153911499	s2-eth9	1772	5535
1787676990.153911499	s3-eth1	4026480438	1693797824
1787676990.153911499	s3-eth10	1682	5535
1787676990.153911499	s3-eth11	4616	576074083
1787676990.153911499	s3-eth12	1682	5625
1787676990.153911499	s3-eth13	1772	5625
1787676990.153911499	s3-eth14	1772	5625
1787676990.153911499	s3-eth15	4934	576114361
1787676990.153911499	s3-eth16	1522	5535
1787676990.153911499	s3-eth17	1772	5625
1787676990.153911499	s3-eth18	1772	5625
1787676990.153911499	s3-eth19	119597803	8600
1787676990.153911499	s3-eth2	28551	31190
1787676990.153911499	s3-eth20	1682	5535
1787676990.153911499	s3-eth21	1522	5425
1787676990.153911499	s3-eth22	1682	5535
1787676990.153911499	s3-eth23	379161994	7970
1787676990.153911499	s3-eth24	1522	5535
1787676990.153911499	s3-eth25	1682	5555
1787676990.153911499	s3-eth26	1522	5535
1787676990.153911499	s3-eth27	598115691	8770
1787676990.153911499	s3-eth28	1682	5625
1787676990.153911499	s3-eth29	1682	5535
1787676990.153911499	s3-eth3	4705	2288753160
1787676990.153911499	s3-eth30	1682	5535
1787676990.153911499	s3-eth31	598220751	8622
1787676990.153911499	s3-eth32	1772	5535
1787676990.153911499	s3-eth33	1522	5535
1787676990.153911499	s3-eth34	1772	5535
1787676990.153911499	s3-eth4	1682	5625
1787676990.153911499	s3-eth5	1772	5535
1787676990.153911499	s3-eth6	1772	5625
1787676990.153911499	s3-eth7	4998	577126944
1787676990.153911499	s3-eth8	1522	5515
1787676990.153911499	s3-eth9	1772	5535
1787676990.153911499	s4-eth1	3584586214	55622
1787676990.153911499	s4-eth10	1682	5515
1787676990.153911499	s4-eth11	4613	589680683
1787676990.153911499	s4-eth12	1522	5585
1787676990.153911499	s4-eth13	1772	5535
1787676990.153911499	s4-eth14	1522	5535
1787676990.153911499	s4-eth15	4614	589699542
1787676990.153911499	s4-eth16	1682	5535
1787676990.153911499	s4-eth17	1682	5515
1787676990.153911499	s4-eth18	1682	5515
1787676990.153911499	s4-eth19	4767	119669410
1787676990.153911499	s4-eth2	31217	31217
1787676990.153911499	s4-eth20	1772	5585
1787676990.153911499	s4-eth21	1522	5535
1787676990.153911499	s4-eth22	1772	5585
1787676990.153911499	s4-eth23	4157	379778587
1787676990.153911499	s4-eth24	1522	5625
1787676990.153911499	s4-eth25	1682	5515
1787676990.153911499	s4-eth26	1522	5515
1787676990.153911499	s4-eth27	4757	598495906
1787676990.153911499	s4-eth28	1612	5535
1787676990.153911499	s4-eth29	1522	5535
1787676990.153911499	s4-eth3	4674	118073141
1787676990.153911499	s4-eth30	1522	5515
1787676990.153911499	s4-eth31	4859	598632620
1787676990.153911499	s4-eth32	1682	5515
1787676990.153911499	s4-eth33	1772	5515
1787676990.153911499	s4-eth34	1522	5625
1787676990.153911499	s4-eth4	1772	5535
1787676990.153911499	s4-eth5	1682	5515
1787676990.153911499	s4-eth6	1682	5515
1787676990.153911499	s4-eth7	4480	590730314
1787676990.153911499	s4-eth8	1682	5515
1787676990.153911499	s4-eth9	1682	5535
1787676990.153911499	s5-eth1	8114023034	55690
1787676990.153911499	s5-eth2	1918270511	3875501365
1787676990.153911499	s5-eth3	56085	31217
1787676990.153911499	s5-eth4	32173	6005615989
1787676990.153911499	s6-eth1	31217	31350
1787676990.153911499	s6-eth2	31217	28781
1787676990.153911499	s6-eth3	31217	31217
1787676990.153911499	s6-eth4	32173	31217
1787676990.153911499	s7-eth1	1700139767	4035690519
1787676990.153911499	s7-eth2	55622	3592830128
1787676990.153911499	s7-eth3	31217	56085
1787676990.153911499	s7-eth4	5968619415	31217
1787676990.153911499	s8-eth1	31217	28578
1787676990.153911499	s8-eth2	31217	31217
1787676990.153911499	s8-eth3	31217	28781
1787676990.153911499	s8-eth4	32173	31217
1787676990.153911499	s9-eth1	31217	56085
1787676990.153911499	s9-eth2	31217	31217
1787676990.153911499	s9-eth3	56085	31217
1787676990.153911499	s9-eth4	28781	31217
1787676998.372636820	s10-eth1	6022436919	32201
1787676998.372636820	s10-eth2	31244	32201
1787676998.372636820	s10-eth3	31244	5983885897
1787676998.372636820	s10-eth4	31244	32201
1787676998.372636820	s1-eth1	55717	8139379189
1787676998.372636820	s1-eth10	1772	5625
1787676998.372636820	s1-eth11	601524394	8719
1787676998.372636820	s1-eth12	1682	5625
1787676998.372636820	s1-eth13	1772	5625
1787676998.372636820	s1-eth14	1772	5625
1787676998.372636820	s1-eth15	601628206	8697
1787676998.372636820	s1-eth16	1702	5625
1787676998.372636820	s1-eth17	1702	5535
1787676998.372636820	s1-eth18	1772	5625
1787676998.372636820	s1-eth19	2407049932	8689
1787676998.372636820	s1-eth2	31377	31244
1787676998.372636820	s1-eth20	1682	5394
1787676998.372636820	s1-eth21	1702	5625
1787676998.372636820	s1-eth22	1772	5625
1787676998.372636820	s1-eth23	382988786	8002
1787676998.372636820	s1-eth24	1702	5535
1787676998.372636820	s1-eth25	1772	5625
1787676998.372636820	s1-eth26	1772	5535
1787676998.372636820	s1-eth27	601923657	8729
1787676998.372636820	s1-eth28	1772	5625
1787676998.372636820	s1-eth29	1772	5625
1787676998.372636820	s1-eth3	2407811117	8754
1787676998.372636820	s1-eth30	1682	5535
1787676998.372636820	s1-eth31	601981508	8798
1787676998.372636820	s1-eth32	1682	5535
1787676998.372636820	s1-eth33	1772	5625
1787676998.372636820	s1-eth34	1772	5535
1787676998.372636820	s1-eth4	1898	5731
1787676998.372636820	s1-eth5	1772	5304
1787676998.372636820	s1-eth6	1772	5625
1787676998.372636820	s1-eth7	602118785	8851
1787676998.372636820	s1-eth8	1612	5625
1787676998.372636820	s1-eth9	1772	5535
1787676998.372636820	s2-eth1	3891087970	1926748056
1787676998.372636820	s2-eth10	1682	5645
1787676998.372636820	s2-eth11	602163198	8626
1787676998.372636820	s2-eth12	1682	5535
1787676998.372636820	s2-eth13	1772	5394
1787676998.372636820	s2-eth14	1772	5625
1787676998.372636820	s2-eth15	602228131	8717
1787676998.372636820	s2-eth16	1772	5535
1787676998.372636820	s2-eth17	1682	5625
1787676998.372636820	s2-eth18	1772	5535
1787676998.372636820	s2-eth19	4906	2334079765
1787676998.372636820	s2-eth2	28808	31244
1787676998.372636820	s2-eth20	1772	5535
1787676998.372636820	s2-eth21	1612	5555
1787676998.372636820	s2-eth22	1682	5535
1787676998.372636820	s2-eth23	4149	374030473
1787676998.372636820	s2-eth24	1772	5515
1787676998.372636820	s2-eth25	1682	5625
1787676998.372636820	s2-eth26	1772	5535
1787676998.372636820	s2-eth27	4876	588296444
1787676998.372636820	s2-eth28	1772	5535
1787676998.372636820	s2-eth29	1682	5535
1787676998.372636820	s2-eth3	120471746	8777
1787676998.372636820	s2-eth30	1772	5515
1787676998.372636820	s2-eth31	4695	588147839
1787676998.372636820	s2-eth32	1522	5645
1787676998.372636820	s2-eth33	1682	5625
1787676998.372636820	s2-eth34	1682	5535
1787676998.372636820	s2-eth4	1772	5625
1787676998.372636820	s2-eth5	1682	5535
1787676998.372636820	s2-eth6	1682	5535
1787676998.372636820	s2-eth7	602344745	8563
1787676998.372636820	s2-eth8	1772	5535
1787676998.372636820	s2-eth9	1772	5535
1787676998.372636820	s3-eth1	4051192046	1708634616
1787676998.372636820	s3-eth10	1682	5535
1787676998.372636820	s3-eth11	4616	579818957
1787676998.372636820	s3-eth12	1682	5625
1787676998.372636820	s3-eth13	1772	5625
1787676998.372636820	s3-eth14	1772	5625
1787676998.372636820	s3-eth15	4934	579867887
1787676998.372636820	s3-eth16	1522	5535
1787676998.372636820	s3-eth17	1772	5625
1787676998.372636820	s3-eth18	1772	5625
1787676998.372636820	s3-eth19	120500495	8600
1787676998.372636820	s3-eth2	28605	31244
1787676998.372636820	s3-eth20	1682	5535
1787676998.372636820	s3-eth21	1522	5425
1787676998.372636820	s3-eth22	1682	5535
1787676998.372636820	s3-eth23	383658150	7970
1787676998.372636820	s3-eth24	1522	5535
1787676998.372636820	s3-eth25	1682	5555
1787676998.372636820	s3-eth26	1522	5535
1787676998.372636820	s3-eth27	602552725	8770
1787676998.372636820	s3-eth28	1682	5625
1787676998.372636820	s3-eth29	1682	5535
1787676998.372636820	s3-eth3	4705	2301491788
1787676998.372636820	s3-eth30	1682	5535
1787676998.372636820	s3-eth31	602577033	8622
1787676998.372636820	s3-eth32	1772	5535
1787676998.372636820	s3-eth33	1522	5535
1787676998.372636820	s3-eth34	1772	5535
1787676998.372636820	s3-eth4	1682	5625
1787676998.372636820	s3-eth5	1772	5535
1787676998.372636820	s3-eth6	1772	5625
1787676998.372636820	s3-eth7	4998	580726176
1787676998.372636820	s3-eth8	1522	5515
1787676998.372636820	s3-eth9	1772	5535
1787676998.372636820	s4-eth1	3611453585	55649
1787676998.372636820	s4-eth10	1682	5515
1787676998.372636820	s4-eth11	4613	593809129
1787676998.372636820	s4-eth12	1522	5585
1787676998.372636820	s4-eth13	1772	5535
1787676998.372636820	s4-eth14	1522	5535
1787676998.372636820	s4-eth15	4614	593767424
1787676998.372636820	s4-eth16	1682	5535
1787676998.372636820	s4-eth17	1682	5515
1787676998.372636820	s4-eth18	1682	5515
1787676998.372636820	s4-eth19	4767	120502886
1787676998.372636820	s4-eth2	31244	31244
1787676998.372636820	s4-eth20	1772	5585
1787676998.372636820	s4-eth21	1522	5535
1787676998.372636820	s4-eth22	1772	5585
1787676998.372636820	s4-eth23	4157	383920011
1787676998.372636820	s4-eth24	1522	5625
1787676998.372636820	s4-eth25	1682	5515
1787676998.372636820	s4-eth26	1522	5515
1787676998.372636820	s4-eth27	4757	602545042
1787676998.372636820	s4-eth28	1612	5535
1787676998.372636820	s4-eth29	1522	5535
1787676998.372636820	s4-eth3	4674	118846053
1787676998.372636820	s4-eth30	1522	5515
1787676998.372636820	s4-eth31	4859	602575048
1787676998.372636820	s4-eth32	1682	5515
1787676998.372636820	s4-eth33	1772	5515
1787676998.372636820	s4-eth34	1522	5625
1787676998.372636820	s4-eth4	1772	5535
1787676998.372636820	s4-eth5	1682	5515
1787676998.372636820	s4-eth6	1682	5515
1787676998.372636820	s4-eth7	4480	594466536
1787676998.372636820	s4-eth8	1682	5515
1787676998.372636820	s4-eth9	1682	5535
1787676998.372636820	s5-eth1	8162999149	55717
1787676998.372636820	s5-eth2	1930315564	3898824300
1787676998.372636820	s5-eth3	56112	31244
1787676998.372636820	s5-eth4	32201	6040910408
1787676998.372636820	s6-eth1	31244	31377
1787676998.372636820	s6-eth2	31244	28808
1787676998.372636820	s6-eth3	31244	31244
1787676998.372636820	s6-eth4	32201	31244
1787676998.372636820	s7-eth1	1711768082	4057989634
1787676998.372636820	s7-eth2	55649	3615592125
1787676998.372636820	s7-eth3	31244	56112
1787676998.372636820	s7-eth4	6002246883	31244
1787676998.372636820	s8-eth1	31244	28605
1787676998.372636820	s8-eth2	31244	31244
1787676998.372636820	s8-eth3	31244	28808
1787676998.372636820	s8-eth4	32201	31244
1787676998.372636820	s9-eth1	31244	56112
1787676998.372636820	s9-eth2	31244	31244
1787676998.372636820	s9-eth3	56112	31244
1787676998.372636820	s9-eth4	28808	31244
1787677003.592074826	s10-eth1	6055181909	32229
1787677003.592074826	s10-eth2	31271	32229
1787677003.592074826	s10-eth3	31271	6015553687
1787677003.592074826	s10-eth4	31271	32229
1787677003.592074826	s1-eth1	55744	8184581590
1787677003.592074826	s1-eth10	1772	5625
1787677003.592074826	s1-eth11	604840994	8719
1787677003.592074826	s1-eth12	1682	5625
1787677003.592074826	s1-eth13	1772	5625
1787677003.592074826	s1-eth14	1772	5625
1787677003.592074826	s1-eth15	604890010	8697
1787677003.592074826	s1-eth16	1702	5625
1787677003.592074826	s1-eth17	1702	5535
1787677003.592074826	s1-eth18	1772	5625
1787677003.592074826	s1-eth19	2419713576	8689
1787677003.592074826	s1-eth2	31404	31271
1787677003.592074826	s1-eth20	1682	5394
1787677003.592074826	s1-eth21	1702	5625
1787677003.592074826	s1-eth22	1772	5625
1787677003.592074826	s1-eth23	386135230	8002
1787677003.592074826	s1-eth24	1702	5535
1787677003.592074826	s1-eth25	1772	5625
1787677003.592074826	s1-eth26	1772	5535
1787677003.592074826	s1-eth27	605060007	8729
1787677003.592074826	s1-eth28	1772	5625
1787677003.592074826	s1-eth29	1772	5625
1787677003.592074826	s1-eth3	2420295953	8754
1787677003.592074826	s1-eth30	1682	5535
1787677003.592074826	s1-eth31	605083250	8798
1787677003.592074826	s1-eth32	1682	5535
1787677003.592074826	s1-eth33	1772	5625
1787677003.592074826	s1-eth34	1772	5535
1787677003.592074826	s1-eth4	1898	5731
1787677003.592074826	s1-eth5	1772	5304
1787677003.592074826	s1-eth6	1772	5625
1787677003.592074826	s1-eth7	605138333	8851
1787677003.592074826	s1-eth8	1612	5625
1787677003.592074826	s1-eth9	1772	5535
1787677003.592074826	s2-eth1	3911208223	1936520517
1787677003.592074826	s2-eth10	1682	5645
1787677003.592074826	s2-eth11	605221680	8626
1787677003.592074826	s2-eth12	1682	5535
1787677003.592074826	s2-eth13	1772	5394
1787677003.592074826	s2-eth14	1772	5625
1787677003.592074826	s2-eth15	605288055	8717
1787677003.592074826	s2-eth16	1772	5535
1787677003.592074826	s2-eth17	1682	5625
1787677003.592074826	s2-eth18	1772	5535
1787677003.592074826	s2-eth19	4906	2345612881
1787677003.592074826	s2-eth2	28835	31271
1787677003.592074826	s2-eth20	1772	5535
1787677003.592074826	s2-eth21	1612	5555
1787677003.592074826	s2-eth22	1682	5535
1787677003.592074826	s2-eth23	4149	376990899
1787677003.592074826	s2-eth24	1772	5515
1787677003.592074826	s2-eth25	1682	5625
1787677003.592074826	s2-eth26	1772	5535
1787677003.592074826	s2-eth27	4876	591308782
1787677003.592074826	s2-eth28	1772	5535
1787677003.592074826	s2-eth29	1682	5535
1787677003.592074826	s2-eth3	121114878	8777
1787677003.592074826	s2-eth30	1772	5515
1787677003.592074826	s2-eth31	4695	591248139
1787677003.592074826	s2-eth32	1522	5645
1787677003.592074826	s2-eth33	1682	5625
1787677003.592074826	s2-eth34	1682	5535
1787677003.592074826	s2-eth4	1772	5625
1787677003.592074826	s2-eth5	1682	5535
1787677003.592074826	s2-eth6	1682	5535
1787677003.592074826	s2-eth7	605677207	8563
1787677003.592074826	s2-eth8	1772	5535
1787677003.592074826	s2-eth9	1772	5535
1787677003.592074826	s3-eth1	4072961947	1719477041
1787677003.592074826	s3-eth10	1682	5535
1787677003.592074826	s3-eth11	4616	582988473
1787677003.592074826	s3-eth12	1682	5625
1787677003.592074826	s3-eth13	1772	5625
1787677003.592074826	s3-eth14	1772	5625
1787677003.592074826	s3-eth15	4934	583033077
1787677003.592074826	s3-eth16	1522	5535
1787677003.592074826	s3-eth17	1772	5625
1787677003.592074826	s3-eth18	1772	5625
1787677003.592074826	s3-eth19	121182561	8600
1787677003.592074826	s3-eth2	28632	31271
1787677003.592074826	s3-eth20	1682	5535
1787677003.592074826	s3-eth21	1522	5425
1787677003.592074826	s3-eth22	1682	5535
1787677003.592074826	s3-eth23	387059828	7970
1787677003.592074826	s3-eth24	1522	5535
1787677003.592074826	s3-eth25	1682	5555
1787677003.592074826	s3-eth26	1522	5535
1787677003.592074826	s3-eth27	605990453	8770
1787677003.592074826	s3-eth28	1682	5625
1787677003.592074826	s3-eth29	1682	5535
1787677003.592074826	s3-eth3	4705	2314370290
1787677003.592074826	s3-eth30	1682	5535
1787677003.592074826	s3-eth31	606070999	8622
1787677003.592074826	s3-eth32	1772	5535
1787677003.592074826	s3-eth33	1522	5535
1787677003.592074826	s3-eth34	1772	5535
1787677003.592074826	s3-eth4	1682	5625
1787677003.592074826	s3-eth5	1772	5535
1787677003.592074826	s3-eth6	1772	5625
1787677003.592074826	s3-eth7	4998	583891366
1787677003.592074826	s3-eth8	1522	5515
1787677003.592074826	s3-eth9	1772	5535
1787677003.592074826	s4-eth1	3633487372	55676
1787677003.592074826	s4-eth10	1682	5515
1787677003.592074826	s4-eth11	4613	597151685
1787677003.592074826	s4-eth12	1522	5585
1787677003.592074826	s4-eth13	1772	5535
1787677003.592074826	s4-eth14	1522	5535
1787677003.592074826	s4-eth15	4614	597069604
1787677003.592074826	s4-eth16	1682	5535
1787677003.592074826	s4-eth17	1682	5515
1787677003.592074826	s4-eth18	1682	5515
1787677003.592074826	s4-eth19	4767	121187836
1787677003.592074826	s4-eth2	31271	31271
1787677003.592074826	s4-eth20	1772	5585
1787677003.592074826	s4-eth21	1522	5535
1787677003.592074826	s4-eth22	1772	5585
1787677003.592074826	s4-eth23	4157	387275545
1787677003.592074826	s4-eth24	1522	5625
1787677003.592074826	s4-eth25	1682	5515
1787677003.592074826	s4-eth26	1522	5515
1787677003.592074826	s4-eth27	4757	605874620
1787677003.592074826	s4-eth28	1612	5535
1787677003.592074826	s4-eth29	1522	5535
1787677003.592074826	s4-eth3	4674	119487743
1787677003.592074826	s4-eth30	1522	5515
1787677003.592074826	s4-eth31	4859	605901742
1787677003.592074826	s4-eth32	1682	5515
1787677003.592074826	s4-eth33	1772	5515
1787677003.592074826	s4-eth34	1522	5625
1787677003.592074826	s4-eth4	1772	5535
1787677003.592074826	s4-eth5	1682	5515
1787677003.592074826	s4-eth6	1682	5515
1787677003.592074826	s4-eth7	4480	597618748
1787677003.592074826	s4-eth8	1682	5515
1787677003.592074826	s4-eth9	1682	5535
1787677003.592074826	s5-eth1	8209137408	55744
1787677003.592074826	s5-eth2	1940973413	3921132067
1787677003.592074826	s5-eth3	56139	31271
1787677003.592074826	s5-eth4	32229	6073531359
1787677003.592074826	s6-eth1	31271	31404
1787677003.592074826	s6-eth2	31271	28835
1787677003.592074826	s6-eth3	31271	31271
1787677003.592074826	s6-eth4	32229	31271
1787677003.592074826	s7-eth1	1722375461	4079135149
1787677003.592074826	s7-eth2	55676	3636237266
1787677003.592074826	s7-eth3	31271	56139
1787677003.592074826	s7-eth4	6033796429	31271
1787677003.592074826	s8-eth1	31271	28632
1787677003.592074826	s8-eth2	31271	31271
1787677003.592074826	s8-eth3	31271	28835
1787677003.592074826	s8-eth4	32229	31271
1787677003.592074826	s9-eth1	31271	56139
1787677003.592074826	s9-eth2	31271	31271
1787677003.592074826	s9-eth3	56139	31271
1787677003.592074826	s9-eth4	28835	31271
1787677008.689067387	s10-eth1	6087892264	32257
1787677008.689067387	s10-eth2	31298	32257
1787677008.689067387	s10-eth3	31298	6047675707
1787677008.689067387	s10-eth4	31298	32257
1787677008.689067387	s1-eth1	55771	8230494897
1787677008.689067387	s1-eth10	1772	5625
1787677008.689067387	s1-eth11	608115776	8719
1787677008.689067387	s1-eth12	1682	5625
1787677008.689067387	s1-eth13	1772	5625
1787677008.689067387	s1-eth14	1772	5625
1787677008.689067387	s1-eth15	608169118	8697
1787677008.689067387	s1-eth16	1702	5625
1787677008.689067387	s1-eth17	1702	5535
1787677008.689067387	s1-eth18	1772	5625
1787677008.689067387	s1-eth19	2432884804	8689
1787677008.689067387	s1-eth2	31431	31298
1787677008.689067387	s1-eth20	1682	5394
1787677008.689067387	s1-eth21	1702	5625
1787677008.689067387	s1-eth22	1772	5625
1787677008.689067387	s1-eth23	389417222	8002
1787677008.689067387	s1-eth24	1702	5535
1787677008.689067387	s1-eth25	1772	5625
1787677008.689067387	s1-eth26	1772	5535
1787677008.689067387	s1-eth27	608359303	8729
1787677008.689067387	s1-eth28	1772	5625
1787677008.689067387	s1-eth29	1772	5625
1787677008.689067387	s1-eth3	2433581099	8754
1787677008.689067387	s1-eth30	1682	5535
1787677008.689067387	s1-eth31	608421480	8798
1787677008.689067387	s1-eth32	1682	5535
1787677008.689067387	s1-eth33	1772	5625
1787677008.689067387	s1-eth34	1772	5535
1787677008.689067387	s1-eth4	1898	5731
1787677008.689067387	s1-eth5	1772	5304
1787677008.689067387	s1-eth6	1772	5625
1787677008.689067387	s1-eth7	608519823	8851
1787677008.689067387	s1-eth8	1612	5625
1787677008.689067387	s1-eth9	1772	5535
1787677008.689067387	s2-eth1	3934287460	1947259118
1787677008.689067387	s2-eth10	1682	5645
1787677008.689067387	s2-eth11	608574330	8626
1787677008.689067387	s2-eth12	1682	5535
1787677008.689067387	s2-eth13	1772	5394
1787677008.689067387	s2-eth14	1772	5625
1787677008.689067387	s2-eth15	608632053	8717
1787677008.689067387	s2-eth16	1772	5535
1787677008.689067387	s2-eth17	1682	5625
1787677008.689067387	s2-eth18	1772	5535
1787677008.689067387	s2-eth19	4906	2358641351
1787677008.689067387	s2-eth2	28862	31298
1787677008.689067387	s2-eth20	1772	5535
1787677008.689067387	s2-eth21	1612	5555
1787677008.689067387	s2-eth22	1682	5535
1787677008.689067387	s2-eth23	4149	380310383
1787677008.689067387	s2-eth24	1772	5515
1787677008.689067387	s2-eth25	1682	5625
1787677008.689067387	s2-eth26	1772	5535
1787677008.689067387	s2-eth27	4876	594619614
1787677008.689067387	s2-eth28	1772	5535
1787677008.689067387	s2-eth29	1682	5535
1787677008.689067387	s2-eth3	121782524	8777
1787677008.689067387	s2-eth30	1772	5515
1787677008.689067387	s2-eth31	4695	594501291
1787677008.689067387	s2-eth32	1522	5645
1787677008.689067387	s2-eth33	1682	5625
1787677008.689067387	s2-eth34	1682	5535
1787677008.689067387	s2-eth4	1772	5625
1787677008.689067387	s2-eth5	1682	5535
1787677008.689067387	s2-eth6	1682	5535
1787677008.689067387	s2-eth7	608973619	8563
1787677008.689067387	s2-eth8	1772	5535
1787677008.689067387	s2-eth9	1772	5535
1787677008.689067387	s3-eth1	4094695798	1729986364
1787677008.689067387	s3-eth10	1682	5535
1787677008.689067387	s3-eth11	4616	586090215
1787677008.689067387	s3-eth12	1682	5625
1787677008.689067387	s3-eth13	1772	5625
1787677008.689067387	s3-eth14	1772	5625
1787677008.689067387	s3-eth15	4934	586147797
1787677008.689067387	s3-eth16	1522	5535
1787677008.689067387	s3-eth17	1772	5625
1787677008.689067387	s3-eth18	1772	5625
1787677008.689067387	s3-eth19	121842997	8600
1787677008.689067387	s3-eth2	28659	31298
1787677008.689067387	s3-eth20	1682	5535
1787677008.689067387	s3-eth21	1522	5425
1787677008.689067387	s3-eth22	1682	5535
1787677008.689067387	s3-eth23	390374986	7970
1787677008.689067387	s3-eth24	1522	5535
1787677008.689067387	s3-eth25	1682	5555
1787677008.689067387	s3-eth26	1522	5535
1787677008.689067387	s3-eth27	609314263	8770
1787677008.689067387	s3-eth28	1682	5625
1787677008.689067387	s3-eth29	1682	5535
1787677008.689067387	s3-eth3	4705	2326879640
1787677008.689067387	s3-eth30	1682	5535
1787677008.689067387	s3-eth31	609409229	8622
1787677008.689067387	s3-eth32	1772	5535
1787677008.689067387	s3-eth33	1522	5535
1787677008.689067387	s3-eth34	1772	5535
1787677008.689067387	s3-eth4	1682	5625
1787677008.689067387	s3-eth5	1772	5535
1787677008.689067387	s3-eth6	1772	5625
1787677008.689067387	s3-eth7	4998	587147402
1787677008.689067387	s3-eth8	1522	5515
1787677008.689067387	s3-eth9	1772	5535
1787677008.689067387	s4-eth1	3654880911	55703
1787677008.689067387	s4-eth10	1682	5515
1787677008.689067387	s4-eth11	4613	600462517
1787677008.689067387	s4-eth12	1522	5585
1787677008.689067387	s4-eth13	1772	5535
1787677008.689067387	s4-eth14	1522	5535
1787677008.689067387	s4-eth15	4614	600404950
1787677008.689067387	s4-eth16	1682	5535
1787677008.689067387	s4-eth17	1682	5515
1787677008.689067387	s4-eth18	1682	5515
1787677008.689067387	s4-eth19	4767	121878554
1787677008.689067387	s4-eth2	31298	31298
1787677008.689067387	s4-eth20	1772	5585
1787677008.689067387	s4-eth21	1522	5535
1787677008.689067387	s4-eth22	1772	5585
1787677008.689067387	s4-eth23	4157	390808445
1787677008.689067387	s4-eth24	1522	5625
1787677008.689067387	s4-eth25	1682	5515
1787677008.689067387	s4-eth26	1522	5515
1787677008.689067387	s4-eth27	4757	609470968
1787677008.689067387	s4-eth28	1612	5535
1787677008.689067387	s4-eth29	1522	5535
1787677008.689067387	s4-eth3	4674	120185671
1787677008.689067387	s4-eth30	1522	5515
1787677008.689067387	s4-eth31	4859	609580284
1787677008.689067387	s4-eth32	1682	5515
1787677008.689067387	s4-eth33	1772	5515
1787677008.689067387	s4-eth34	1522	5625
1787677008.689067387	s4-eth4	1772	5535
1787677008.689067387	s4-eth5	1682	5515
1787677008.689067387	s4-eth6	1682	5515
1787677008.689067387	s4-eth7	4480	601132902
1787677008.689067387	s4-eth8	1682	5515
1787677008.689067387	s4-eth9	1682	5535
1787677008.689067387	s5-eth1	8260494265	55771
1787677008.689067387	s5-eth2	1952882918	3944855878
1787677008.689067387	s5-eth3	56166	31298
1787677008.689067387	s5-eth4	32257	6108638318
1787677008.689067387	s6-eth1	31298	31431
1787677008.689067387	s6-eth2	31298	28862
1787677008.689067387	s6-eth3	31298	31298
1787677008.689067387	s6-eth4	32257	31298
1787677008.689067387	s7-eth1	1734205656	4102204292
1787677008.689067387	s7-eth2	55703	3659176629
1787677008.689067387	s7-eth3	31298	56166
1787677008.689067387	s7-eth4	6068218439	31298
1787677008.689067387	s8-eth1	31298	28659
1787677008.689067387	s8-eth2	31298	31298
1787677008.689067387	s8-eth3	31298	28862
1787677008.689067387	s8-eth4	32257	31298
1787677008.689067387	s9-eth1	31298	56166
1787677008.689067387	s9-eth2	31298	31298
1787677008.689067387	s9-eth3	56166	31298
1787677008.689067387	s9-eth4	28862	31298
1787677014.333113742	s10-eth1	6122941543	32285
1787677014.333113742	s10-eth2	31325	32285
1787677014.333113742	s10-eth3	31325	6082438029
1787677014.333113742	s10-eth4	31325	32285
1787677014.333113742	s1-eth1	55798	8281241788
1787677014.333113742	s1-eth10	1772	5625
1787677014.333113742	s1-eth11	611782782	8719
1787677014.333113742	s1-eth12	1682	5625
1787677014.333113742	s1-eth13	1772	5625
1787677014.333113742	s1-eth14	1772	5625
1787677014.333113742	s1-eth15	611851986	8697
1787677014.333113742	s1-eth16	1702	5625
1787677014.333113742	s1-eth17	1702	5535
1787677014.333113742	s1-eth18	1772	5625
1787677014.333113742	s1-eth19	2447671072	8689
1787677014.333113742	s1-eth2	31458	31325
1787677014.333113742	s1-eth20	1682	5394
1787677014.333113742	s1-eth21	1702	5625
1787677014.333113742	s1-eth22	1772	5625
1787677014.333113742	s1-eth23	393107300	8002
1787677014.333113742	s1-eth24	1702	5535
1787677014.333113742	s1-eth25	1772	5625
1787677014.333113742	s1-eth26	1772	5535
1787677014.333113742	s1-eth27	612058033	8729
1787677014.333113742	s1-eth28	1772	5625
1787677014.333113742	s1-eth29	1772	5625
1787677014.333113742	s1-eth3	2448394765	8754
1787677014.333113742	s1-eth30	1682	5535
1787677014.333113742	s1-eth31	612130304	8798
1787677014.333113742	s1-eth32	1682	5535
1787677014.333113742	s1-eth33	1772	5625
1787677014.333113742	s1-eth34	1772	5535
1787677014.333113742	s1-eth4	1898	5731
1787677014.333113742	s1-eth5	1772	5304
1787677014.333113742	s1-eth6	1772	5625
1787677014.333113742	s1-eth7	612269023	8851
1787677014.333113742	s1-eth8	1612	5625
1787677014.333113742	s1-eth9	1772	5535
1787677014.333113742	s2-eth1	3958553463	1959395017
1787677014.333113742	s2-eth10	1682	5645
1787677014.333113742	s2-eth11	612402840	8626
1787677014.333113742	s2-eth12	1682	5535
1787677014.333113742	s2-eth13	1772	5394
1787677014.333113742	s2-eth14	1772	5625
1787677014.333113742	s2-eth15	612593227	8717
1787677014.333113742	s2-eth16	1772	5535
1787677014.333113742	s2-eth17	1682	5625
1787677014.333113742	s2-eth18	1772	5535
1787677014.333113742	s2-eth19	4906	2372524927
1787677014.333113742	s2-eth2	28889	31325
1787677014.333113742	s2-eth20	1772	5535
1787677014.333113742	s2-eth21	1612	5555
1787677014.333113742	s2-eth22	1682	5535
1787677014.333113742	s2-eth23	4149	384134567
1787677014.333113742	s2-eth24	1772	5515
1787677014.333113742	s2-eth25	1682	5625
1787677014.333113742	s2-eth26	1772	5535
1787677014.333113742	s2-eth27	4876	598514456
1787677014.333113742	s2-eth28	1772	5535
1787677014.333113742	s2-eth29	1682	5535
1787677014.333113742	s2-eth3	122631862	8777
1787677014.333113742	s2-eth30	1772	5515
1787677014.333113742	s2-eth31	4695	598426415
1787677014.333113742	s2-eth32	1522	5645
1787677014.333113742	s2-eth33	1682	5625
1787677014.333113742	s2-eth34	1682	5535
1787677014.333113742	s2-eth4	1772	5625
1787677014.333113742	s2-eth5	1682	5535
1787677014.333113742	s2-eth6	1682	5535
1787677014.333113742	s2-eth7	613380371	8563
1787677014.333113742	s2-eth8	1772	5535
1787677014.333113742	s2-eth9	1772	5535
1787677014.333113742	s3-eth1	4121607871	1744208837
1787677014.333113742	s3-eth10	1682	5535
1787677014.333113742	s3-eth11	4616	590171075
1787677014.333113742	s3-eth12	1682	5625
1787677014.333113742	s3-eth13	1772	5625
1787677014.333113742	s3-eth14	1772	5625
1787677014.333113742	s3-eth15	4934	590152231
1787677014.333113742	s3-eth16	1522	5535
1787677014.333113742	s3-eth17	1772	5625
1787677014.333113742	s3-eth18	1772	5625
1787677014.333113742	s3-eth19	122722617	8600
1787677014.333113742	s3-eth2	28686	31325
1787677014.333113742	s3-eth20	1682	5535
1787677014.333113742	s3-eth21	1522	5425
1787677014.333113742	s3-eth22	1682	5535
1787677014.333113742	s3-eth23	394716848	7970
1787677014.333113742	s3-eth24	1522	5535
1787677014.333113742	s3-eth25	1682	5555
1787677014.333113742	s3-eth26	1522	5535
1787677014.333113742	s3-eth27	613608539	8770
1787677014.333113742	s3-eth28	1682	5625
1787677014.333113742	s3-eth29	1682	5535
1787677014.333113742	s3-eth3	4705	2340862714
1787677014.333113742	s3-eth30	1682	5535
1787677014.333113742	s3-eth31	613628521	8622
1787677014.333113742	s3-eth32	1772	5535
1787677014.333113742	s3-eth33	1522	5535
1787677014.333113742	s3-eth34	1772	5535
1787677014.333113742	s3-eth4	1682	5625
1787677014.333113742	s3-eth5	1772	5535
1787677014.333113742	s3-eth6	1772	5625
1787677014.333113742	s3-eth7	4998	590886508
1787677014.333113742	s3-eth8	1522	5515
1787677014.333113742	s3-eth9	1772	5535
1787677014.333113742	s4-eth1	3681171482	55730
1787677014.333113742	s4-eth10	1682	5515
1787677014.333113742	s4-eth11	4613	604527515
1787677014.333113742	s4-eth12	1522	5585
1787677014.333113742	s4-eth13	1772	5535
1787677014.333113742	s4-eth14	1522	5535
1787677014.333113742	s4-eth15	4614	604459854
1787677014.333113742	s4-eth16	1682	5535
1787677014.333113742	s4-eth17	1682	5515
1787677014.333113742	s4-eth18	1682	5515
1787677014.333113742	s4-eth19	4767	122701936
1787677014.333113742	s4-eth2	31325	31325
1787677014.333113742	s4-eth20	1772	5585
1787677014.333113742	s4-eth21	1522	5535
1787677014.333113742	s4-eth22	1772	5585
1787677014.333113742	s4-eth23	4157	394876327
1787677014.333113742	s4-eth24	1522	5625
1787677014.333113742	s4-eth25	1682	5515
1787677014.333113742	s4-eth26	1522	5515
1787677014.333113742	s4-eth27	4757	613497032
1787677014.333113742	s4-eth28	1612	5535
1787677014.333113742	s4-eth29	1522	5535
1787677014.333113742	s4-eth3	4674	120977329
1787677014.333113742	s4-eth30	1522	5515
1787677014.333113742	s4-eth31	4859	613554436
1787677014.333113742	s4-eth32	1682	5515
1787677014.333113742	s4-eth33	1772	5515
1787677014.333113742	s4-eth34	1522	5625
1787677014.333113742	s4-eth4	1772	5535
1787677014.333113742	s4-eth5	1682	5515
1787677014.333113742	s4-eth6	1682	5515
1787677014.333113742	s4-eth7	4480	605141662
1787677014.333113742	s4-eth8	1682	5515
1787677014.333113742	s4-eth9	1682	5535
1787677014.333113742	s5-eth1	8315431635	55825
1787677014.333113742	s5-eth2	1965924420	3970933060
1787677014.333113742	s5-eth3	56220	31352
1787677014.333113742	s5-eth4	32313	6148532744
1787677014.333113742	s6-eth1	31352	31485
1787677014.333113742	s6-eth2	31352	28916
1787677014.333113742	s6-eth3	31352	31352
1787677014.333113742	s6-eth4	32313	31352
1787677014.333113742	s7-eth1	1747512486	4128432884
1787677014.333113742	s7-eth2	55757	3685894059
1787677014.333113742	s7-eth3	31352	56220
1787677014.333113742	s7-eth4	6108754557	31352
1787677014.333113742	s8-eth1	31352	28713
1787677014.333113742	s8-eth2	31352	31352
1787677014.333113742	s8-eth3	31352	28916
1787677014.333113742	s8-eth4	32313	31352
1787677014.333113742	s9-eth1	31352	56220
1787677014.333113742	s9-eth2	31352	31352
1787677014.333113742	s9-eth3	56220	31352
1787677014.333113742	s9-eth4	28916	31352
1787677021.128802986	s10-eth1	6165705522	32313
1787677021.128802986	s10-eth2	31352	32313
1787677021.128802986	s10-eth3	31352	6124783829
1787677021.128802986	s10-eth4	31352	32313
1787677021.128802986	s1-eth1	55825	8340371025
1787677021.128802986	s1-eth10	1772	5625
1787677021.128802986	s1-eth11	616173672	8719
1787677021.128802986	s1-eth12	1682	5625
1787677021.128802986	s1-eth13	1772	5625
1787677021.128802986	s1-eth14	1772	5625
1787677021.128802986	s1-eth15	616281810	8697
1787677021.128802986	s1-eth16	1702	5625
1787677021.128802986	s1-eth17	1702	5535
1787677021.128802986	s1-eth18	1772	5625
1787677021.128802986	s1-eth19	2465463910	8689
1787677021.128802986	s1-eth2	31485	31352
1787677021.128802986	s1-eth20	1682	5394
1787677021.128802986	s1-eth21	1702	5625
1787677021.128802986	s1-eth22	1772	5625
1787677021.128802986	s1-eth23	397574616	8002
1787677021.128802986	s1-eth24	1702	5535
1787677021.128802986	s1-eth25	1772	5625
1787677021.128802986	s1-eth26	1772	5535
1787677021.128802986	s1-eth27	616499393	8729
1787677021.128802986	s1-eth28	1772	5625
1787677021.128802986	s1-eth29	1772	5625
1787677021.128802986	s1-eth3	2466112619	8754
1787677021.128802986	s1-eth30	1682	5535
1787677021.128802986	s1-eth31	616550034	8798
1787677021.128802986	s1-eth32	1682	5535
1787677021.128802986	s1-eth33	1772	5625
1787677021.128802986	s1-eth34	1772	5535
1787677021.128802986	s1-eth4	1898	5731
1787677021.128802986	s1-eth5	1772	5304
1787677021.128802986	s1-eth6	1772	5625
1787677021.128802986	s1-eth7	616635399	8851
1787677021.128802986	s1-eth8	1612	5625
1787677021.128802986	s1-eth9	1772	5535
1787677021.128802986	s2-eth1	3987102206	1973246896
1787677021.128802986	s2-eth10	1682	5645
1787677021.128802986	s2-eth11	616689906	8626
1787677021.128802986	s2-eth12	1682	5535
1787677021.128802986	s2-eth13	1772	5394
1787677021.128802986	s2-eth14	1772	5625
1787677021.128802986	s2-eth15	616734651	8717
1787677021.128802986	s2-eth16	1772	5535
1787677021.128802986	s2-eth17	1682	5625
1787677021.128802986	s2-eth18	1772	5535
1787677021.128802986	s2-eth19	4906	2388071129
1787677021.128802986	s2-eth2	28916	31352
1787677021.128802986	s2-eth20	1772	5535
1787677021.128802986	s2-eth21	1612	5555
1787677021.128802986	s2-eth22	1682	5535
1787677021.128802986	s2-eth23	4149	388000569
1787677021.128802986	s2-eth24	1772	5515
1787677021.128802986	s2-eth25	1682	5625
1787677021.128802986	s2-eth26	1772	5535
1787677021.128802986	s2-eth27	4876	602308358
1787677021.128802986	s2-eth28	1772	5535
1787677021.128802986	s2-eth29	1682	5535
1787677021.128802986	s2-eth3	123396122	8777
1787677021.128802986	s2-eth30	1772	5515
1787677021.128802986	s2-eth31	4695	602187151
1787677021.128802986	s2-eth32	1522	5645
1787677021.128802986	s2-eth33	1682	5625
1787677021.128802986	s2-eth34	1682	5535
1787677021.128802986	s2-eth4	1772	5625
1787677021.128802986	s2-eth5	1682	5535
1787677021.128802986	s2-eth6	1682	5535
1787677021.128802986	s2-eth7	617057471	8563
1787677021.128802986	s2-eth8	1772	5535
1787677021.128802986	s2-eth9	1772	5535
1787677021.128802986	s3-eth1	4146496818	1755816964
1787677021.128802986	s3-eth10	1682	5535
1787677021.128802986	s3-eth11	4616	593699649
1787677021.128802986	s3-eth12	1682	5625
1787677021.128802986	s3-eth13	1772	5625
1787677021.128802986	s3-eth14	1772	5625
1787677021.128802986	s3-eth15	4934	593660617
1787677021.128802986	s3-eth16	1522	5535
1787677021.128802986	s3-eth17	1772	5625
1787677021.128802986	s3-eth18	1772	5625
1787677021.128802986	s3-eth19	123446501	8600
1787677021.128802986	s3-eth2	28713	31352
1787677021.128802986	s3-eth20	1682	5535
1787677021.128802986	s3-eth21	1522	5425
1787677021.128802986	s3-eth22	1682	5535
1787677021.128802986	s3-eth23	398385296	7970
1787677021.128802986	s3-eth24	1522	5535
1787677021.128802986	s3-eth25	1682	5555
1787677021.128802986	s3-eth26	1522	5535
1787677021.128802986	s3-eth27	617317363	8770
1787677021.128802986	s3-eth28	1682	5625
1787677021.128802986	s3-eth29	1682	5535
1787677021.128802986	s3-eth3	4705	2355395190
1787677021.128802986	s3-eth30	1682	5535
1787677021.128802986	s3-eth31	617384931	8622
1787677021.128802986	s3-eth32	1772	5535
1787677021.128802986	s3-eth33	1522	5535
1787677021.128802986	s3-eth34	1772	5535
1787677021.128802986	s3-eth4	1682	5625
1787677021.128802986	s3-eth5	1772	5535
1787677021.128802986	s3-eth6	1772	5625
1787677021.128802986	s3-eth7	4998	594559282
1787677021.128802986	s3-eth8	1522	5515
1787677021.128802986	s3-eth9	1772	5535
1787677021.128802986	s4-eth1	3705095731	55784
1787677021.128802986	s4-eth10	1682	5515
1787677021.128802986	s4-eth11	4613	608206057
1787677021.128802986	s4-eth12	1522	5585
1787677021.128802986	s4-eth13	1772	5535
1787677021.128802986	s4-eth14	1522	5535
1787677021.128802986	s4-eth15	4614	608160026
1787677021.128802986	s4-eth16	1682	5535
1787677021.128802986	s4-eth17	1682	5515
1787677021.128802986	s4-eth18	1682	5515
1787677021.128802986	s4-eth19	4767	123457544
1787677021.128802986	s4-eth2	31379	31379
1787677021.128802986	s4-eth20	1772	5585
1787677021.128802986	s4-eth21	1522	5535
1787677021.128802986	s4-eth22	1772	5585
1787677021.128802986	s4-eth23	4157	398675997
1787677021.128802986	s4-eth24	1522	5625
1787677021.128802986	s4-eth25	1682	5515
1787677021.128802986	s4-eth26	1522	5515
1787677021.128802986	s4-eth27	4757	617339962
1787677021.128802986	s4-eth28	1612	5535
1787677021.128802986	s4-eth29	1522	5535
1787677021.128802986	s4-eth3	4674	121754567
1787677021.128802986	s4-eth30	1522	5515
1787677021.128802986	s4-eth31	4859	617472350
1787677021.128802986	s4-eth32	1682	5515
1787677021.128802986	s4-eth33	1772	5515
1787677021.128802986	s4-eth34	1522	5625
1787677021.128802986	s4-eth4	1772	5535
1787677021.128802986	s4-eth5	1682	5515
1787677021.128802986	s4-eth6	1682	5515
1787677021.128802986	s4-eth7	4480	608922586
1787677021.128802986	s4-eth8	1682	5515
1787677021.128802986	s4-eth9	1682	5535
1787677021.128802986	s5-eth1	8368556384	55852
1787677021.128802986	s5-eth2	1978076181	3997822061
1787677021.128802986	s5-eth3	56247	31379
1787677021.128802986	s5-eth4	32341	6187784011
1787677021.128802986	s6-eth1	31379	31512
1787677021.128802986	s6-eth2	31379	28943
1787677021.128802986	s6-eth3	31379	31379
1787677021.128802986	s6-eth4	32341	31379
1787677021.128802986	s7-eth1	1759792585	4155040695
1787677021.128802986	s7-eth2	55784	3710392224
1787677021.128802986	s7-eth3	31379	56247
1787677021.128802986	s7-eth4	6147829901	31379
1787677021.128802986	s8-eth1	31379	28740
1787677021.128802986	s8-eth2	31379	31379
1787677021.128802986	s8-eth3	31379	28943
1787677021.128802986	s8-eth4	32341	31379
1787677021.128802986	s9-eth1	31379	56247
1787677021.128802986	s9-eth2	31379	31379
1787677021.128802986	s9-eth3	56247	31379
1787677021.128802986	s9-eth4	28943	31379
1787677027.109452716	s10-eth1	6204779423	32341
1787677027.109452716	s10-eth2	31379	32341
1787677027.109452716	s10-eth3	31379	6163928389
1787677027.109452716	s10-eth4	31379	32341
1787677027.109452716	s1-eth1	55852	8394748872
1787677027.109452716	s1-eth10	1772	5625
1787677027.109452716	s1-eth11	620068514	8719
1787677027.109452716	s1-eth12	1682	5625
1787677027.109452716	s1-eth13	1772	5625
1787677027.109452716	s1-eth14	1772	5625
1787677027.109452716	s1-eth15	620140602	8697
1787677027.109452716	s1-eth16	1702	5625
1787677027.109452716	s1-eth17	1702	5535
1787677027.109452716	s1-eth18	1772	5625
1787677027.109452716	s1-eth19	2480887542	8689
1787677027.109452716	s1-eth2	31512	31379
1787677027.109452716	s1-eth20	1682	5394
1787677027.109452716	s1-eth21	1702	5625
1787677027.109452716	s1-eth22	1772	5625
1787677027.109452716	s1-eth23	401450712	8002
1787677027.109452716	s1-eth24	1702	5535
1787677027.109452716	s1-eth25	1772	5625
1787677027.109452716	s1-eth26	1772	5535
1787677027.109452716	s1-eth27	620414423	8729
1787677027.109452716	s1-eth28	1772	5625
1787677027.109452716	s1-eth29	1772	5625
1787677027.109452716	s1-eth3	2481866469	8754
1787677027.109452716	s1-eth30	1682	5535
1787677027.109452716	s1-eth31	620508324	8798
1787677027.109452716	s1-eth32	1682	5535
1787677027.109452716	s1-eth33	1772	5625
1787677027.109452716	s1-eth34	1772	5535
1787677027.109452716	s1-eth4	1898	5731
1787677027.109452716	s1-eth5	1772	5304
1787677027.109452716	s1-eth6	1772	5625
1787677027.109452716	s1-eth7	620651369	8851
1787677027.109452716	s1-eth8	1612	5625
1787677027.109452716	s1-eth9	1772	5535
1787677027.109452716	s2-eth1	4015012143	1986219155
1787677027.109452716	s2-eth10	1682	5645
1787677027.109452716	s2-eth11	620759230	8626
1787677027.109452716	s2-eth12	1682	5535
1787677027.109452716	s2-eth13	1772	5394
1787677027.109452716	s2-eth14	1772	5625
1787677027.109452716	s2-eth15	620844351	8717
1787677027.109452716	s2-eth16	1772	5535
1787677027.109452716	s2-eth17	1682	5625
1787677027.109452716	s2-eth18	1772	5535
1787677027.109452716	s2-eth19	4906	2404122031
1787677027.109452716	s2-eth2	28970	31406
1787677027.109452716	s2-eth20	1772	5535
1787677027.109452716	s2-eth21	1612	5555
1787677027.109452716	s2-eth22	1682	5535
1787677027.109452716	s2-eth23	4149	392082871
1787677027.109452716	s2-eth24	1772	5515
1787677027.109452716	s2-eth25	1682	5625
1787677027.109452716	s2-eth26	1772	5535
1787677027.109452716	s2-eth27	4876	606406522
1787677027.109452716	s2-eth28	1772	5535
1787677027.109452716	s2-eth29	1682	5535
1787677027.109452716	s2-eth3	124232482	8777
1787677027.109452716	s2-eth30	1772	5515
1787677027.109452716	s2-eth31	4695	606292525
1787677027.109452716	s2-eth32	1522	5645
1787677027.109452716	s2-eth33	1682	5625
1787677027.109452716	s2-eth34	1682	5535
1787677027.109452716	s2-eth4	1772	5625
1787677027.109452716	s2-eth5	1682	5535
1787677027.109452716	s2-eth6	1682	5535
1787677027.109452716	s2-eth7	621203221	8563
1787677027.109452716	s2-eth8	1772	5535
1787677027.109452716	s2-eth9	1772	5535
1787677027.109452716	s3-eth1	4174279886	1768983920
1787677027.109452716	s3-eth10	1682	5535
1787677027.109452716	s3-eth11	4616	597692547
1787677027.109452716	s3-eth12	1682	5625
1787677027.109452716	s3-eth13	1772	5625
1787677027.109452716	s3-eth14	1772	5625
1787677027.109452716	s3-eth15	4934	597682355
1787677027.109452716	s3-eth16	1522	5535
1787677027.109452716	s3-eth17	1772	5625
1787677027.109452716	s3-eth18	1772	5625
1787677027.109452716	s3-eth19	124284303	8600
1787677027.109452716	s3-eth2	28767	31406
1787677027.109452716	s3-eth20	1682	5535
1787677027.109452716	s3-eth21	1522	5425
1787677027.109452716	s3-eth22	1682	5535
1787677027.109452716	s3-eth23	402588726	7970
1787677027.109452716	s3-eth24	1522	5535
1787677027.109452716	s3-eth25	1682	5555
1787677027.109452716	s3-eth26	1522	5535
1787677027.109452716	s3-eth27	621543865	8770
1787677027.109452716	s3-eth28	1682	5625
1787677027.109452716	s3-eth29	1682	5535
1787677027.109452716	s3-eth3	4705	2371600386
1787677027.109452716	s3-eth30	1682	5535
1787677027.109452716	s3-eth31	621634505	8622
1787677027.109452716	s3-eth32	1772	5535
1787677027.109452716	s3-eth33	1522	5535
1787677027.109452716	s3-eth34	1772	5535
1787677027.109452716	s3-eth4	1682	5625
1787677027.109452716	s3-eth5	1772	5535
1787677027.109452716	s3-eth6	1772	5625
1787677027.109452716	s3-eth7	4998	598667540
1787677027.109452716	s3-eth8	1522	5515
1787677027.109452716	s3-eth9	1772	5535
1787677027.109452716	s4-eth1	3732372657	55811
1787677027.109452716	s4-eth10	1682	5515
1787677027.109452716	s4-eth11	4613	612451305
1787677027.109452716	s4-eth12	1522	5585
1787677027.109452716	s4-eth13	1772	5535
1787677027.109452716	s4-eth14	1522	5535
1787677027.109452716	s4-eth15	4614	612377876
1787677027.109452716	s4-eth16	1682	5535
1787677027.109452716	s4-eth17	1682	5515
1787677027.109452716	s4-eth18	1682	5515
1787677027.109452716	s4-eth19	4767	124311208
1787677027.109452716	s4-eth2	31406	31406
1787677027.109452716	s4-eth20	1772	5585
1787677027.109452716	s4-eth21	1522	5535
1787677027.109452716	s4-eth22	1772	5585
1787677027.109452716	s4-eth23	4157	402977483
1787677027.109452716	s4-eth24	1522	5625
1787677027.109452716	s4-eth25	1682	5515
1787677027.109452716	s4-eth26	1522	5515
1787677027.109452716	s4-eth27	4757	621644332
1787677027.109452716	s4-eth28	1612	5535
1787677027.109452716	s4-eth29	1522	5535
1787677027.109452716	s4-eth3	4674	122598137
1787677027.109452716	s4-eth30	1522	5515
1787677027.109452716	s4-eth31	4859	621730576
1787677027.109452716	s4-eth32	1682	5515
1787677027.109452716	s4-eth33	1772	5515
1787677027.109452716	s4-eth34	1522	5625
1787677027.109452716	s4-eth4	1772	5535
1787677027.109452716	s4-eth5	1682	5515
1787677027.109452716	s4-eth6	1682	5515
1787677027.109452716	s4-eth7	4480	613252912
1787677027.109452716	s4-eth8	1682	5515
1787677027.109452716	s4-eth9	1682	5535
1787677027.109452716	s5-eth1	8429242981	55879
1787677027.109452716	s5-eth2	1991975646	4027322524
1787677027.109452716	s5-eth3	56274	31406
1787677027.109452716	s5-eth4	32369	6231208426
1787677027.109452716	s6-eth1	31406	31539
1787677027.109452716	s6-eth2	31406	28970
1787677027.109452716	s6-eth3	31406	31406
1787677027.109452716	s6-eth4	32369	31406
1787677027.109452716	s7-eth1	1773565154	4184239780
1787677027.109452716	s7-eth2	55811	3737902727
1787677027.109452716	s7-eth3	31406	56274
1787677027.109452716	s7-eth4	6191040901	31406
1787677027.109452716	s8-eth1	31406	28767
1787677027.109452716	s8-eth2	31406	31406
1787677027.109452716	s8-eth3	31406	28970
1787677027.109452716	s8-eth4	32369	31406
1787677027.109452716	s9-eth1	31406	56274
1787677027.109452716	s9-eth2	31406	31406
1787677027.109452716	s9-eth3	56274	31406
1787677027.109452716	s9-eth4	28970	31406
1787677033.707429468	s10-eth1	6247112271	32397
1787677033.707429468	s10-eth2	31433	32397
1787677033.707429468	s10-eth3	31433	6205664251
1787677033.707429468	s10-eth4	31433	32397
1787677033.707429468	s1-eth1	55906	8453376320
1787677033.707429468	s1-eth10	1772	5625
1787677033.707429468	s1-eth11	624269060	8719
1787677033.707429468	s1-eth12	1682	5625
1787677033.707429468	s1-eth13	1772	5625
1787677033.707429468	s1-eth14	1772	5625
1787677033.707429468	s1-eth15	624359894	8697
1787677033.707429468	s1-eth16	1702	5625
1787677033.707429468	s1-eth17	1702	5535
1787677033.707429468	s1-eth18	1772	5625
1787677033.707429468	s1-eth19	2497758942	8689
1787677033.707429468	s1-eth2	31566	31433
1787677033.707429468	s1-eth20	1682	5394
1787677033.707429468	s1-eth21	1702	5625
1787677033.707429468	s1-eth22	1772	5625
1787677033.707429468	s1-eth23	405675772	8002
1787677033.707429468	s1-eth24	1702	5535
1787677033.707429468	s1-eth25	1772	5625
1787677033.707429468	s1-eth26	1772	5535
1787677033.707429468	s1-eth27	624632273	8729
1787677033.707429468	s1-eth28	1772	5625
1787677033.707429468	s1-eth29	1772	5625
1787677033.707429468	s1-eth3	2498773919	8754
1787677033.707429468	s1-eth30	1682	5535
1787677033.707429468	s1-eth31	624750688	8798
1787677033.707429468	s1-eth32	1682	5535
1787677033.707429468	s1-eth33	1772	5625
1787677033.707429468	s1-eth34	1772	5535
1787677033.707429468	s1-eth4	1898	5731
1787677033.707429468	s1-eth5	1772	5304
1787677033.707429468	s1-eth6	1772	5625
1787677033.707429468	s1-eth7	624860567	8851
1787677033.707429468	s1-eth8	1612	5625
1787677033.707429468	s1-eth9	1772	5535
1787677033.707429468	s2-eth1	4042750509	1999514449
1787677033.707429468	s2-eth10	1682	5645
1787677033.707429468	s2-eth11	624887676	8626
1787677033.707429468	s2-eth12	1682	5535
1787677033.707429468	s2-eth13	1772	5394
1787677033.707429468	s2-eth14	1772	5625
1787677033.707429468	s2-eth15	624906465	8717
1787677033.707429468	s2-eth16	1772	5535
1787677033.707429468	s2-eth17	1682	5625
1787677033.707429468	s2-eth18	1772	5535
1787677033.707429468	s2-eth19	4906	2419235633
1787677033.707429468	s2-eth2	28997	31433
1787677033.707429468	s2-eth20	1772	5535
1787677033.707429468	s2-eth21	1612	5555
1787677033.707429468	s2-eth22	1682	5535
1787677033.707429468	s2-eth23	4149	395922917
1787677033.707429468	s2-eth24	1772	5515
1787677033.707429468	s2-eth25	1682	5625
1787677033.707429468	s2-eth26	1772	5535
1787677033.707429468	s2-eth27	4876	610320110
1787677033.707429468	s2-eth28	1772	5535
1787677033.707429468	s2-eth29	1682	5535
1787677033.707429468	s2-eth3	125044328	8777
1787677033.707429468	s2-eth30	1772	5515
1787677033.707429468	s2-eth31	4695	610249373
1787677033.707429468	s2-eth32	1522	5645
1787677033.707429468	s2-eth33	1682	5625
1787677033.707429468	s2-eth34	1682	5535
1787677033.707429468	s2-eth4	1772	5625
1787677033.707429468	s2-eth5	1682	5535
1787677033.707429468	s2-eth6	1682	5535
1787677033.707429468	s2-eth7	625481635	8563
1787677033.707429468	s2-eth8	1772	5535
1787677033.707429468	s2-eth9	1772	5535
1787677033.707429468	s3-eth1	4202541671	1782868965
1787677033.707429468	s3-eth10	1682	5535
1787677033.707429468	s3-eth11	4616	601825319
1787677033.707429468	s3-eth12	1682	5625
1787677033.707429468	s3-eth13	1772	5625
1787677033.707429468	s3-eth14	1772	5625
1787677033.707429468	s3-eth15	4934	601793497
1787677033.707429468	s3-eth16	1522	5535
1787677033.707429468	s3-eth17	1772	5625
1787677033.707429468	s3-eth18	1772	5625
1787677033.707429468	s3-eth19	125140851	8600
1787677033.707429468	s3-eth2	28794	31433
1787677033.707429468	s3-eth20	1682	5535
1787677033.707429468	s3-eth21	1522	5425
1787677033.707429468	s3-eth22	1682	5535
1787677033.707429468	s3-eth23	406846952	7970
1787677033.707429468	s3-eth24	1522	5535
1787677033.707429468	s3-eth25	1682	5555
1787677033.707429468	s3-eth26	1522	5535
1787677033.707429468	s3-eth27	625813627	8770
1787677033.707429468	s3-eth28	1682	5625
1787677033.707429468	s3-eth29	1682	5535
1787677033.707429468	s3-eth3	4705	2387306650
1787677033.707429468	s3-eth30	1682	5535
1787677033.707429468	s3-eth31	625977809	8622
1787677033.707429468	s3-eth32	1772	5535
1787677033.707429468	s3-eth33	1522	5535
1787677033.707429468	s3-eth34	1772	5535
1787677033.707429468	s3-eth4	1682	5625
1787677033.707429468	s3-eth5	1772	5535
1787677033.707429468	s3-eth6	1772	5625
1787677033.707429468	s3-eth7	4998	602745516
1787677033.707429468	s3-eth8	1522	5515
1787677033.707429468	s3-eth9	1772	5535
1787677033.707429468	s4-eth1	3760823344	55838
1787677033.707429468	s4-eth10	1682	5515
1787677033.707429468	s4-eth11	4613	616886897
1787677033.707429468	s4-eth12	1522	5585
1787677033.707429468	s4-eth13	1772	5535
1787677033.707429468	s4-eth14	1522	5535
1787677033.707429468	s4-eth15	4614	616846634
1787677033.707429468	s4-eth16	1682	5535
1787677033.707429468	s4-eth17	1682	5515
1787677033.707429468	s4-eth18	1682	5515
1787677033.707429468	s4-eth19	4767	125235530
1787677033.707429468	s4-eth2	31433	31433
1787677033.707429468	s4-eth20	1772	5585
1787677033.707429468	s4-eth21	1522	5535
1787677033.707429468	s4-eth22	1772	5585
1787677033.707429468	s4-eth23	4157	407498153
1787677033.707429468	s4-eth24	1522	5625
1787677033.707429468	s4-eth25	1682	5515
1787677033.707429468	s4-eth26	1522	5515
1787677033.707429468	s4-eth27	4757	626154908
1787677033.707429468	s4-eth28	1612	5535
1787677033.707429468	s4-eth29	1522	5535
1787677033.707429468	s4-eth3	4674	123477757
1787677033.707429468	s4-eth30	1522	5515
1787677033.707429468	s4-eth31	4859	626264224
1787677033.707429468	s4-eth32	1682	5515
1787677033.707429468	s4-eth33	1772	5515
1787677033.707429468	s4-eth34	1522	5625
1787677033.707429468	s4-eth4	1772	5535
1787677033.707429468	s4-eth5	1682	5515
1787677033.707429468	s4-eth6	1682	5515
1787677033.707429468	s4-eth7	4480	617676968
1787677033.707429468	s4-eth8	1682	5515
1787677033.707429468	s4-eth9	1682	5535
1787677033.707429468	s5-eth1	8490718379	55933
1787677033.707429468	s5-eth2	2007030180	4056533172
1787677033.707429468	s5-eth3	56328	31460
1787677033.707429468	s5-eth4	32425	6275712926
1787677033.707429468	s6-eth1	31460	31593
1787677033.707429468	s6-eth2	31460	29024
1787677033.707429468	s6-eth3	31460	31460
1787677033.707429468	s6-eth4	32425	31460
1787677033.707429468	s7-eth1	1788877806	4212663096
1787677033.707429468	s7-eth2	55865	3767949735
1787677033.707429468	s7-eth3	31460	56328
1787677033.707429468	s7-eth4	6234538887	31460
1787677033.707429468	s8-eth1	31460	28821
1787677033.707429468	s8-eth2	31460	31460
1787677033.707429468	s8-eth3	31460	29024
1787677033.707429468	s8-eth4	32425	31460
1787677033.707429468	s9-eth1	31460	56328
1787677033.707429468	s9-eth2	31460	31460
1787677033.707429468	s9-eth3	56328	31460
1787677033.707429468	s9-eth4	29024	31460
1787677041.359915997	s10-eth1	6293127960	32425
1787677041.359915997	s10-eth2	31460	32425
1787677041.359915997	s10-eth3	31460	6250317251
1787677041.359915997	s10-eth4	31460	32425
1787677041.359915997	s1-eth1	55933	8517584281
1787677041.359915997	s1-eth10	1772	5625
1787677041.359915997	s1-eth11	629187722	8719
1787677041.359915997	s1-eth12	1682	5625
1787677041.359915997	s1-eth13	1772	5625
1787677041.359915997	s1-eth14	1772	5625
1787677041.359915997	s1-eth15	629258368	8697
1787677041.359915997	s1-eth16	1702	5625
1787677041.359915997	s1-eth17	1702	5535
1787677041.359915997	s1-eth18	1772	5625
1787677041.359915997	s1-eth19	2517182682	8689
1787677041.359915997	s1-eth2	31593	31460
1787677041.359915997	s1-eth20	1682	5394
1787677041.359915997	s1-eth21	1702	5625
1787677041.359915997	s1-eth22	1772	5625
1787677041.359915997	s1-eth23	410477632	8002
1787677041.359915997	s1-eth24	1702	5535
1787677041.359915997	s1-eth25	1772	5625
1787677041.359915997	s1-eth26	1772	5535
1787677041.359915997	s1-eth27	629402409	8729
1787677041.359915997	s1-eth28	1772	5625
1787677041.359915997	s1-eth29	1772	5625
1787677041.359915997	s1-eth3	2517798225	8754
1787677041.359915997	s1-eth30	1682	5535
1787677041.359915997	s1-eth31	629500636	8798
1787677041.359915997	s1-eth32	1682	5535
1787677041.359915997	s1-eth33	1772	5625
1787677041.359915997	s1-eth34	1772	5535
1787677041.359915997	s1-eth4	1898	5731
1787677041.359915997	s1-eth5	1772	5304
1787677041.359915997	s1-eth6	1772	5625
1787677041.359915997	s1-eth7	629653775	8851
1787677041.359915997	s1-eth8	1612	5625
1787677041.359915997	s1-eth9	1772	5535
1787677041.359915997	s2-eth1	4072700876	2014860240
1787677041.359915997	s2-eth10	1682	5645
1787677041.359915997	s2-eth11	629719818	8626
1787677041.359915997	s2-eth12	1682	5535
1787677041.359915997	s2-eth13	1772	5394
1787677041.359915997	s2-eth14	1772	5625
1787677041.359915997	s2-eth15	629760237	8717
1787677041.359915997	s2-eth16	1772	5535
1787677041.359915997	s2-eth17	1682	5625
1787677041.359915997	s2-eth18	1772	5535
1787677041.359915997	s2-eth19	4906	2436045027
1787677041.359915997	s2-eth2	29024	31460
1787677041.359915997	s2-eth20	1772	5535
1787677041.359915997	s2-eth21	1612	5555
1787677041.359915997	s2-eth22	1682	5535
1787677041.359915997	s2-eth23	4149	400419073
1787677041.359915997	s2-eth24	1772	5515
1787677041.359915997	s2-eth25	1682	5625
1787677041.359915997	s2-eth26	1772	5535
1787677041.359915997	s2-eth27	4876	614712442
1787677041.359915997	s2-eth28	1772	5535
1787677041.359915997	s2-eth29	1682	5535
1787677041.359915997	s2-eth3	125994606	8777
1787677041.359915997	s2-eth30	1772	5515
1787677041.359915997	s2-eth31	4695	614611423
1787677041.359915997	s2-eth32	1522	5645
1787677041.359915997	s2-eth33	1682	5625
1787677041.359915997	s2-eth34	1682	5535
1787677041.359915997	s2-eth4	1772	5625
1787677041.359915997	s2-eth5	1682	5535
1787677041.359915997	s2-eth6	1682	5535
1787677041.359915997	s2-eth7	630087383	8563
1787677041.359915997	s2-eth8	1772	5535
1787677041.359915997	s2-eth9	1772	5535
1787677041.359915997	s3-eth1	4230711168	1797604790
1787677041.359915997	s3-eth10	1682	5535
1787677041.359915997	s3-eth11	4616	605976837
1787677041.359915997	s3-eth12	1682	5625
1787677041.359915997	s3-eth13	1772	5625
1787677041.359915997	s3-eth14	1772	5625
1787677041.359915997	s3-eth15	4934	605945015
1787677041.359915997	s3-eth16	1522	5535
1787677041.359915997	s3-eth17	1772	5625
1787677041.359915997	s3-eth18	1772	5625
1787677041.359915997	s3-eth19	126079593	8600
1787677041.359915997	s3-eth2	28821	31460
1787677041.359915997	s3-eth20	1682	5535
1787677041.359915997	s3-eth21	1522	5425
1787677041.359915997	s3-eth22	1682	5535
1787677041.359915997	s3-eth23	411583922	7970
1787677041.359915997	s3-eth24	1522	5535
1787677041.359915997	s3-eth25	1682	5555
1787677041.359915997	s3-eth26	1522	5535
1787677041.359915997	s3-eth27	630521757	8770
1787677041.359915997	s3-eth28	1682	5625
1787677041.359915997	s3-eth29	1682	5535
1787677041.359915997	s3-eth3	4705	2403449840
1787677041.359915997	s3-eth30	1682	5535
1787677041.359915997	s3-eth31	630619607	8622
1787677041.359915997	s3-eth32	1772	5535
1787677041.359915997	s3-eth33	1522	5535
1787677041.359915997	s3-eth34	1772	5535
1787677041.359915997	s3-eth4	1682	5625
1787677041.359915997	s3-eth5	1772	5535
1787677041.359915997	s3-eth6	1772	5625
1787677041.359915997	s3-eth7	4998	606996532
1787677041.359915997	s3-eth8	1522	5515
1787677041.359915997	s3-eth9	1772	5535
1787677041.359915997	s4-eth1	3789088040	55892
1787677041.359915997	s4-eth10	1682	5515
1787677041.359915997	s4-eth11	4613	621184057
1787677041.359915997	s4-eth12	1522	5585
1787677041.359915997	s4-eth13	1772	5535
1787677041.359915997	s4-eth14	1522	5535
1787677041.359915997	s4-eth15	4614	621116396
1787677041.359915997	s4-eth16	1682	5535
1787677041.359915997	s4-eth17	1682	5515
1787677041.359915997	s4-eth18	1682	5515
1787677041.359915997	s4-eth19	4767	126109382
1787677041.359915997	s4-eth2	31487	31487
1787677041.359915997	s4-eth20	1772	5585
1787677041.359915997	s4-eth21	1522	5535
1787677041.359915997	s4-eth22	1772	5585
1787677041.359915997	s4-eth23	4157	411878949
1787677041.359915997	s4-eth24	1522	5625
1787677041.359915997	s4-eth25	1682	5515
1787677041.359915997	s4-eth26	1522	5515
1787677041.359915997	s4-eth27	4757	630436206
1787677041.359915997	s4-eth28	1612	5535
1787677041.359915997	s4-eth29	1522	5535
1787677041.359915997	s4-eth3	4674	124293929
1787677041.359915997	s4-eth30	1522	5515
1787677041.359915997	s4-eth31	4859	630411416
1787677041.359915997	s4-eth32	1682	5515
1787677041.359915997	s4-eth33	1772	5515
1787677041.359915997	s4-eth34	1522	5625
1787677041.359915997	s4-eth4	1772	5535
1787677041.359915997	s4-eth5	1682	5515
1787677041.359915997	s4-eth6	1682	5515
1787677041.359915997	s4-eth7	4480	621560274
1787677041.359915997	s4-eth8	1682	5515
1787677041.359915997	s4-eth9	1682	5535
1787677041.359915997	s5-eth1	8544056544	55960
1787677041.359915997	s5-eth2	2019254041	4082285877
1787677041.359915997	s5-eth3	56355	31487
1787677041.359915997	s5-eth4	32453	6313153041
1787677041.359915997	s6-eth1	31487	31620
1787677041.359915997	s6-eth2	31487	29051
1787677041.359915997	s6-eth3	31487	31487
1787677041.359915997	s6-eth4	32453	31487
1787677041.359915997	s7-eth1	1800669067	4237397749
1787677041.359915997	s7-eth2	55892	3791301510
1787677041.359915997	s7-eth3	31487	56355
1787677041.359915997	s7-eth4	6271361827	31487
1787677041.359915997	s8-eth1	31487	28848
1787677041.359915997	s8-eth2	31487	31487
1787677041.359915997	s8-eth3	31487	29051
1787677041.359915997	s8-eth4	32453	31487
1787677041.359915997	s9-eth1	31487	56355
1787677041.359915997	s9-eth2	31487	31487
1787677041.359915997	s9-eth3	56355	31487
1787677041.359915997	s9-eth4	29051	31487
1787677047.066430597	s10-eth1	6330296979	32453
1787677047.066430597	s10-eth2	31487	32453
1787677047.066430597	s10-eth3	31487	6287438685
1787677047.066430597	s10-eth4	31487	32453
1787677047.066430597	s1-eth1	55960	8569950538
1787677047.066430597	s1-eth10	1772	5625
1787677047.066430597	s1-eth11	632947016	8719
1787677047.066430597	s1-eth12	1682	5625
1787677047.066430597	s1-eth13	1772	5625
1787677047.066430597	s1-eth14	1772	5625
1787677047.066430597	s1-eth15	633040734	8697
1787677047.066430597	s1-eth16	1702	5625
1787677047.066430597	s1-eth17	1702	5535
1787677047.066430597	s1-eth18	1772	5625
1787677047.066430597	s1-eth19	2532519794	8689
1787677047.066430597	s1-eth2	31620	31487
1787677047.066430597	s1-eth20	1682	5394
1787677047.066430597	s1-eth21	1702	5625
1787677047.066430597	s1-eth22	1772	5625
1787677047.066430597	s1-eth23	414405640	8002
1787677047.066430597	s1-eth24	1702	5535
1787677047.066430597	s1-eth25	1772	5625
1787677047.066430597	s1-eth26	1772	5535
1787677047.066430597	s1-eth27	633328975	8729
1787677047.066430597	s1-eth28	1772	5625
1787677047.066430597	s1-eth29	1772	5625
1787677047.066430597	s1-eth3	2533534771	8754
1787677047.066430597	s1-eth30	1682	5535
1787677047.066430597	s1-eth31	633425760	8798
1787677047.066430597	s1-eth32	1682	5535
1787677047.066430597	s1-eth33	1772	5625
1787677047.066430597	s1-eth34	1772	5535
1787677047.066430597	s1-eth4	1898	5731
1787677047.066430597	s1-eth5	1772	5304
1787677047.066430597	s1-eth6	1772	5625
1787677047.066430597	s1-eth7	633563037	8851
1787677047.066430597	s1-eth8	1612	5625
1787677047.066430597	s1-eth9	1772	5535
1787677047.066430597	s2-eth1	4099777337	2027536889
1787677047.066430597	s2-eth10	1682	5645
1787677047.066430597	s2-eth11	633670898	8626
1787677047.066430597	s2-eth12	1682	5535
1787677047.066430597	s2-eth13	1772	5394
1787677047.066430597	s2-eth14	1772	5625
1787677047.066430597	s2-eth15	633757461	8717
1787677047.066430597	s2-eth16	1772	5535
1787677047.066430597	s2-eth17	1682	5625
1787677047.066430597	s2-eth18	1772	5535
1787677047.066430597	s2-eth19	4906	2451881071
1787677047.066430597	s2-eth2	29078	31514
1787677047.066430597	s2-eth20	1772	5535
1787677047.066430597	s2-eth21	1612	5555
1787677047.066430597	s2-eth22	1682	5535
1787677047.066430597	s2-eth23	4149	404479745
1787677047.066430597	s2-eth24	1772	5515
1787677047.066430597	s2-eth25	1682	5625
1787677047.066430597	s2-eth26	1772	5535
1787677047.066430597	s2-eth27	4876	618747158
1787677047.066430597	s2-eth28	1772	5535
1787677047.066430597	s2-eth29	1682	5535
1787677047.066430597	s2-eth3	126810778	8777
1787677047.066430597	s2-eth30	1772	5515
1787677047.066430597	s2-eth31	4695	618575481
1787677047.066430597	s2-eth32	1522	5645
1787677047.066430597	s2-eth33	1682	5625
1787677047.066430597	s2-eth34	1682	5535
1787677047.066430597	s2-eth4	1772	5625
1787677047.066430597	s2-eth5	1682	5535
1787677047.066430597	s2-eth6	1682	5535
1787677047.066430597	s2-eth7	634114889	8563
1787677047.066430597	s2-eth8	1772	5535
1787677047.066430597	s2-eth9	1772	5535
1787677047.066430597	s3-eth1	4257742954	1810493440
1787677047.066430597	s3-eth10	1682	5535
1787677047.066430597	s3-eth11	4616	609841397
1787677047.066430597	s3-eth12	1682	5625
1787677047.066430597	s3-eth13	1772	5625
1787677047.066430597	s3-eth14	1772	5625
1787677047.066430597	s3-eth15	4934	609793713
1787677047.066430597	s3-eth16	1522	5535
1787677047.066430597	s3-eth17	1772	5625
1787677047.066430597	s3-eth18	1772	5625
1787677047.066430597	s3-eth19	126877019	8600
1787677047.066430597	s3-eth2	28875	31514
1787677047.066430597	s3-eth20	1682	5535
1787677047.066430597	s3-eth21	1522	5425
1787677047.066430597	s3-eth22	1682	5535
1787677047.066430597	s3-eth23	415503278	7970
1787677047.066430597	s3-eth24	1522	5535
1787677047.066430597	s3-eth25	1682	5555
1787677047.066430597	s3-eth26	1522	5535
1787677047.066430597	s3-eth27	634394969	8770
1787677047.066430597	s3-eth28	1682	5625
1787677047.066430597	s3-eth29	1682	5535
1787677047.066430597	s3-eth3	4705	2418037112
1787677047.066430597	s3-eth30	1682	5535
1787677047.066430597	s3-eth31	634413509	8622
1787677047.066430597	s3-eth32	1772	5535
1787677047.066430597	s3-eth33	1522	5535
1787677047.066430597	s3-eth34	1772	5535
1787677047.066430597	s3-eth4	1682	5625
1787677047.066430597	s3-eth5	1772	5535
1787677047.066430597	s3-eth6	1772	5625
1787677047.066430597	s3-eth7	4998	610558272
1787677047.066430597	s3-eth8	1522	5515
1787677047.066430597	s3-eth9	1772	5535
1787677047.066430597	s4-eth1	3812534987	55919
1787677047.066430597	s4-eth10	1682	5515
1787677047.066430597	s4-eth11	4613	624820781
1787677047.066430597	s4-eth12	1522	5585
1787677047.066430597	s4-eth13	1772	5535
1787677047.066430597	s4-eth14	1522	5535
1787677047.066430597	s4-eth15	4614	624779076
1787677047.066430597	s4-eth16	1682	5535
1787677047.066430597	s4-eth17	1682	5515
1787677047.066430597	s4-eth18	1682	5515
1787677047.066430597	s4-eth19	4767	126869316
1787677047.066430597	s4-eth2	31514	31514
1787677047.066430597	s4-eth20	1772	5585
1787677047.066430597	s4-eth21	1522	5535
1787677047.066430597	s4-eth22	1772	5585
1787677047.066430597	s4-eth23	4157	415799747
1787677047.066430597	s4-eth24	1522	5625
1787677047.066430597	s4-eth25	1682	5515
1787677047.066430597	s4-eth26	1522	5515
1787677047.066430597	s4-eth27	4757	634447850
1787677047.066430597	s4-eth28	1612	5535
1787677047.066430597	s4-eth29	1522	5535
1787677047.066430597	s4-eth3	4674	125092797
1787677047.066430597	s4-eth30	1522	5515
1787677047.066430597	s4-eth31	4859	634500928
1787677047.066430597	s4-eth32	1682	5515
1787677047.066430597	s4-eth33	1772	5515
1787677047.066430597	s4-eth34	1522	5625
1787677047.066430597	s4-eth4	1772	5535
1787677047.066430597	s4-eth5	1682	5515
1787677047.066430597	s4-eth6	1682	5515
1787677047.066430597	s4-eth7	4480	625714676
1787677047.066430597	s4-eth8	1682	5515
1787677047.066430597	s4-eth9	1682	5535
1787677047.066430597	s5-eth1	8603771233	55987
1787677047.066430597	s5-eth2	2033110246	4111528222
1787677047.066430597	s5-eth3	56382	31514
1787677047.066430597	s5-eth4	32481	6356687048
1787677047.066430597	s6-eth1	31514	31647
1787677047.066430597	s6-eth2	31514	29078
1787677047.066430597	s6-eth3	31514	31514
1787677047.066430597	s6-eth4	32481	31514
1787677047.066430597	s7-eth1	1815145332	4266697774
1787677047.066430597	s7-eth2	55919	3820040597
1787677047.066430597	s7-eth3	31514	56382
1787677047.066430597	s7-eth4	6315260661	31514
1787677047.066430597	s8-eth1	31514	28875
1787677047.066430597	s8-eth2	31514	31514
1787677047.066430597	s8-eth3	31514	29078
1787677047.066430597	s8-eth4	32481	31514
1787677047.066430597	s9-eth1	31514	56382
1787677047.066430597	s9-eth2	31514	31514
1787677047.066430597	s9-eth3	56382	31514
1787677047.066430597	s9-eth4	29078	31514
1787677054.106616598	s10-eth1	6374697655	32509
1787677054.106616598	s10-eth2	31541	32509
1787677054.106616598	s10-eth3	31541	6331027517
1787677054.106616598	s10-eth4	31541	32509
1787677054.106616598	s1-eth1	56014	8629952212
1787677054.106616598	s1-eth10	1772	5625
1787677054.106616598	s1-eth11	637304740	8719
1787677054.106616598	s1-eth12	1682	5625
1787677054.106616598	s1-eth13	1772	5625
1787677054.106616598	s1-eth14	1772	5625
1787677054.106616598	s1-eth15	637378270	8697
1787677054.106616598	s1-eth16	1702	5625
1787677054.106616598	s1-eth17	1702	5535
1787677054.106616598	s1-eth18	1772	5625
1787677054.106616598	s1-eth19	2549794954	8689
1787677054.106616598	s1-eth2	31674	31541
1787677054.106616598	s1-eth20	1682	5394
1787677054.106616598	s1-eth21	1702	5625
1787677054.106616598	s1-eth22	1772	5625
1787677054.106616598	s1-eth23	418689822	8002
1787677054.106616598	s1-eth24	1702	5535
1787677054.106616598	s1-eth25	1772	5625
1787677054.106616598	s1-eth26	1772	5535
1787677054.106616598	s1-eth27	637653533	8729
1787677054.106616598	s1-eth28	1772	5625
1787677054.106616598	s1-eth29	1772	5625
1787677054.106616598	s1-eth3	2550854633	8754
1787677054.106616598	s1-eth30	1682	5535
1787677054.106616598	s1-eth31	637753202	8798
1787677054.106616598	s1-eth32	1682	5535
1787677054.106616598	s1-eth33	1772	5625
1787677054.106616598	s1-eth34	1772	5535
1787677054.106616598	s1-eth4	1898	5731
1787677054.106616598	s1-eth5	1772	5304
1787677054.106616598	s1-eth6	1772	5625
1787677054.106616598	s1-eth7	637890479	8851
1787677054.106616598	s1-eth8	1612	5625
1787677054.106616598	s1-eth9	1772	5535
1787677054.106616598	s2-eth1	4128448677	2041346977
1787677054.106616598	s2-eth10	1682	5645
1787677054.106616598	s2-eth11	637979594	8626
1787677054.106616598	s2-eth12	1682	5535
1787677054.106616598	s2-eth13	1772	5394
1787677054.106616598	s2-eth14	1772	5625
1787677054.106616598	s2-eth15	638056063	8717
1787677054.106616598	s2-eth16	1772	5535
1787677054.106616598	s2-eth17	1682	5625
1787677054.106616598	s2-eth18	1772	5535
1787677054.106616598	s2-eth19	4906	2467880061
1787677054.106616598	s2-eth2	29105	31541
1787677054.106616598	s2-eth20	1772	5535
1787677054.106616598	s2-eth21	1612	5555
1787677054.106616598	s2-eth22	1682	5535
1787677054.106616598	s2-eth23	4149	408515903
1787677054.106616598	s2-eth24	1772	5515
1787677054.106616598	s2-eth25	1682	5625
1787677054.106616598	s2-eth26	1772	5535
1787677054.106616598	s2-eth27	4876	622820808
1787677054.106616598	s2-eth28	1772	5535
1787677054.106616598	s2-eth29	1682	5535
1787677054.106616598	s2-eth3	127668768	8777
1787677054.106616598	s2-eth30	1772	5515
1787677054.106616598	s2-eth31	4695	622652015
1787677054.106616598	s2-eth32	1522	5645
1787677054.106616598	s2-eth33	1682	5625
1787677054.106616598	s2-eth34	1682	5535
1787677054.106616598	s2-eth4	1772	5625
1787677054.106616598	s2-eth5	1682	5535
1787677054.106616598	s2-eth6	1682	5535
1787677054.106616598	s2-eth7	638505779	8563
1787677054.106616598	s2-eth8	1772	5535
1787677054.106616598	s2-eth9	1772	5535
1787677054.106616598	s3-eth1	4286582981	1824596227
1787677054.106616598	s3-eth10	1682	5535
1787677054.106616598	s3-eth11	4616	613972727
1787677054.106616598	s3-eth12	1682	5625
1787677054.106616598	s3-eth13	1772	5625
1787677054.106616598	s3-eth14	1772	5625
1787677054.106616598	s3-eth15	4934	613894761
1787677054.106616598	s3-eth16	1522	5535
1787677054.106616598	s3-eth17	1772	5625
1787677054.106616598	s3-eth18	1772	5625
1787677054.106616598	s3-eth19	127759523	8600
1787677054.106616598	s3-eth2	28902	31541
1787677054.106616598	s3-eth20	1682	5535
1787677054.106616598	s3-eth21	1522	5425
1787677054.106616598	s3-eth22	1682	5535
1787677054.106616598	s3-eth23	419941754	7970
1787677054.106616598	s3-eth24	1522	5535
1787677054.106616598	s3-eth25	1682	5555
1787677054.106616598	s3-eth26	1522	5535
1787677054.106616598	s3-eth27	638889683	8770
1787677054.106616598	s3-eth28	1682	5625
1787677054.106616598	s3-eth29	1682	5535
1787677054.106616598	s3-eth3	4705	2434871020
1787677054.106616598	s3-eth30	1682	5535
1787677054.106616598	s3-eth31	638996185	8622
1787677054.106616598	s3-eth32	1772	5535
1787677054.106616598	s3-eth33	1522	5535
1787677054.106616598	s3-eth34	1772	5535
1787677054.106616598	s3-eth4	1682	5625
1787677054.106616598	s3-eth5	1772	5535
1787677054.106616598	s3-eth6	1772	5625
1787677054.106616598	s3-eth7	4998	614911670
1787677054.106616598	s3-eth8	1522	5515
1787677054.106616598	s3-eth9	1772	5535
1787677054.106616598	s4-eth1	3842235888	55946
1787677054.106616598	s4-eth10	1682	5515
1787677054.106616598	s4-eth11	4613	629383269
1787677054.106616598	s4-eth12	1522	5585
1787677054.106616598	s4-eth13	1772	5535
1787677054.106616598	s4-eth14	1522	5535
1787677054.106616598	s4-eth15	4614	629279558
1787677054.106616598	s4-eth16	1682	5535
1787677054.106616598	s4-eth17	1682	5515
1787677054.106616598	s4-eth18	1682	5515
1787677054.106616598	s4-eth19	4767	127774892
1787677054.106616598	s4-eth2	31541	31541
1787677054.106616598	s4-eth20	1772	5585
1787677054.106616598	s4-eth21	1522	5535
1787677054.106616598	s4-eth22	1772	5585
1787677054.106616598	s4-eth23	4157	420243991
1787677054.106616598	s4-eth24	1522	5625
1787677054.106616598	s4-eth25	1682	5515
1787677054.106616598	s4-eth26	1522	5515
1787677054.106616598	s4-eth27	4757	638844508
1787677054.106616598	s4-eth28	1612	5535
1787677054.106616598	s4-eth29	1522	5535
1787677054.106616598	s4-eth3	4674	125937809
1787677054.106616598	s4-eth30	1522	5515
1787677054.106616598	s4-eth31	4859	638883166
1787677054.106616598	s4-eth32	1682	5515
1787677054.106616598	s4-eth33	1772	5515
1787677054.106616598	s4-eth34	1522	5625
1787677054.106616598	s4-eth4	1772	5535
1787677054.106616598	s4-eth5	1682	5515
1787677054.106616598	s4-eth6	1682	5515
1787677054.106616598	s4-eth7	4480	629844564
1787677054.106616598	s4-eth8	1682	5515
1787677054.106616598	s4-eth9	1682	5535
1787677054.106616598	s5-eth1	8662175144	56014
1787677054.106616598	s5-eth2	2046617487	4139572265
1787677054.106616598	s5-eth3	56409	31541
1787677054.106616598	s5-eth4	32509	6397732163
1787677054.106616598	s6-eth1	31541	31674
1787677054.106616598	s6-eth2	31541	29105
1787677054.106616598	s6-eth3	31541	31541
1787677054.106616598	s6-eth4	32509	31541
1787677054.106616598	s7-eth1	1827960413	4293315679
1787677054.106616598	s7-eth2	55946	3845024716
1787677054.106616598	s7-eth3	31541	56409
1787677054.106616598	s7-eth4	6354350425	31541
1787677054.106616598	s8-eth1	31541	28902
1787677054.106616598	s8-eth2	31541	31541
1787677054.106616598	s8-eth3	31541	29105
1787677054.106616598	s8-eth4	32509	31541
1787677054.106616598	s9-eth1	31541	56409
1787677054.106616598	s9-eth2	31541	31541
1787677054.106616598	s9-eth3	56409	31541
1787677054.106616598	s9-eth4	29105	31541
1787677060.075771042	s10-eth1	6413781650	32537
1787677060.075771042	s10-eth2	31568	32537
1787677060.075771042	s10-eth3	31568	6370000479
1787677060.075771042	s10-eth4	31568	32537
1787677060.075771042	s1-eth1	56041	8685492311
1787677060.075771042	s1-eth10	1772	5625
1787677060.075771042	s1-eth11	641303406	8719
1787677060.075771042	s1-eth12	1682	5625
1787677060.075771042	s1-eth13	1772	5625
1787677060.075771042	s1-eth14	1772	5625
1787677060.075771042	s1-eth15	641405776	8697
1787677060.075771042	s1-eth16	1702	5625
1787677060.075771042	s1-eth17	1702	5535
1787677060.075771042	s1-eth18	1772	5625
1787677060.075771042	s1-eth19	2565757894	8689
1787677060.075771042	s1-eth2	31701	31568
1787677060.075771042	s1-eth20	1682	5394
1787677060.075771042	s1-eth21	1702	5625
1787677060.075771042	s1-eth22	1772	5625
1787677060.075771042	s1-eth23	422600526	8002
1787677060.075771042	s1-eth24	1702	5535
1787677060.075771042	s1-eth25	1772	5625
1787677060.075771042	s1-eth26	1772	5535
1787677060.075771042	s1-eth27	641535397	8729
1787677060.075771042	s1-eth28	1772	5625
1787677060.075771042	s1-eth29	1772	5625
1787677060.075771042	s1-eth3	2566263845	8754
1787677060.075771042	s1-eth30	1682	5535
1787677060.075771042	s1-eth31	641610552	8798
1787677060.075771042	s1-eth32	1682	5535
1787677060.075771042	s1-eth33	1772	5625
1787677060.075771042	s1-eth34	1772	5535
1787677060.075771042	s1-eth4	1898	5731
1787677060.075771042	s1-eth5	1772	5304
1787677060.075771042	s1-eth6	1772	5625
1787677060.075771042	s1-eth7	641737735	8851
1787677060.075771042	s1-eth8	1612	5625
1787677060.075771042	s1-eth9	1772	5535
1787677060.075771042	s2-eth1	4154729154	2053674662
1787677060.075771042	s2-eth10	1682	5645
1787677060.075771042	s2-eth11	641832618	8626
1787677060.075771042	s2-eth12	1682	5535
1787677060.075771042	s2-eth13	1772	5394
1787677060.075771042	s2-eth14	1772	5625
1787677060.075771042	s2-eth15	641906203	8717
1787677060.075771042	s2-eth16	1772	5535
1787677060.075771042	s2-eth17	1682	5625
1787677060.075771042	s2-eth18	1772	5535
1787677060.075771042	s2-eth19	4906	2482760059
1787677060.075771042	s2-eth2	29132	31568
1787677060.075771042	s2-eth20	1772	5535
1787677060.075771042	s2-eth21	1612	5555
1787677060.075771042	s2-eth22	1682	5535
1787677060.075771042	s2-eth23	4149	412226169
1787677060.075771042	s2-eth24	1772	5515
1787677060.075771042	s2-eth25	1682	5625
1787677060.075771042	s2-eth26	1772	5535
1787677060.075771042	s2-eth27	4876	626528190
1787677060.075771042	s2-eth28	1772	5535
1787677060.075771042	s2-eth29	1682	5535
1787677060.075771042	s2-eth3	128454658	8777
1787677060.075771042	s2-eth30	1772	5515
1787677060.075771042	s2-eth31	4695	626402657
1787677060.075771042	s2-eth32	1522	5645
1787677060.075771042	s2-eth33	1682	5625
1787677060.075771042	s2-eth34	1682	5535
1787677060.075771042	s2-eth4	1772	5625
1787677060.075771042	s2-eth5	1682	5535
1787677060.075771042	s2-eth6	1682	5535
1787677060.075771042	s2-eth7	642345825	8563
1787677060.075771042	s2-eth8	1772	5535
1787677060.075771042	s2-eth9	1772	5535
1787677060.075771042	s3-eth1	4311409922	1836939774
1787677060.075771042	s3-eth10	1682	5535
1787677060.075771042	s3-eth11	4616	617520047
1787677060.075771042	s3-eth12	1682	5625
1787677060.075771042	s3-eth13	1772	5625
1787677060.075771042	s3-eth14	1772	5625
1787677060.075771042	s3-eth15	4934	617449291
1787677060.075771042	s3-eth16	1522	5535
1787677060.075771042	s3-eth17	1772	5625
1787677060.075771042	s3-eth18	1772	5625
1787677060.075771042	s3-eth19	128556949	8600
1787677060.075771042	s3-eth2	28929	31568
1787677060.075771042	s3-eth20	1682	5535
1787677060.075771042	s3-eth21	1522	5425
1787677060.075771042	s3-eth22	1682	5535
1787677060.075771042	s3-eth23	424031266	7970
1787677060.075771042	s3-eth24	1522	5535
1787677060.075771042	s3-eth25	1682	5555
1787677060.075771042	s3-eth26	1522	5535
1787677060.075771042	s3-eth27	643044085	8770
1787677060.075771042	s3-eth28	1682	5625
1787677060.075771042	s3-eth29	1682	5535
1787677060.075771042	s3-eth3	4705	2448877166
1787677060.075771042	s3-eth30	1682	5535
1787677060.075771042	s3-eth31	643202499	8622
1787677060.075771042	s3-eth32	1772	5535
1787677060.075771042	s3-eth33	1522	5535
1787677060.075771042	s3-eth34	1772	5535
1787677060.075771042	s3-eth4	1682	5625
1787677060.075771042	s3-eth5	1772	5535
1787677060.075771042	s3-eth6	1772	5625
1787677060.075771042	s3-eth7	4998	618422940
1787677060.075771042	s3-eth8	1522	5515
1787677060.075771042	s3-eth9	1772	5535
1787677060.075771042	s4-eth1	3868460154	56000
1787677060.075771042	s4-eth10	1682	5515
1787677060.075771042	s4-eth11	4613	633406449
1787677060.075771042	s4-eth12	1522	5585
1787677060.075771042	s4-eth13	1772	5535
1787677060.075771042	s4-eth14	1522	5535
1787677060.075771042	s4-eth15	4614	633328694
1787677060.075771042	s4-eth16	1682	5535
1787677060.075771042	s4-eth17	1682	5515
1787677060.075771042	s4-eth18	1682	5515
1787677060.075771042	s4-eth19	4767	128627114
1787677060.075771042	s4-eth2	31595	31595
1787677060.075771042	s4-eth20	1772	5585
1787677060.075771042	s4-eth21	1522	5535
1787677060.075771042	s4-eth22	1772	5585
1787677060.075771042	s4-eth23	4157	424546919
1787677060.075771042	s4-eth24	1522	5625
1787677060.075771042	s4-eth25	1682	5515
1787677060.075771042	s4-eth26	1522	5515
1787677060.075771042	s4-eth27	4757	643208000
1787677060.075771042	s4-eth28	1612	5535
1787677060.075771042	s4-eth29	1522	5535
1787677060.075771042	s4-eth3	4674	126775611
1787677060.075771042	s4-eth30	1522	5515
1787677060.075771042	s4-eth31	4859	643284150
1787677060.075771042	s4-eth32	1682	5515
1787677060.075771042	s4-eth33	1772	5515
1787677060.075771042	s4-eth34	1522	5625
1787677060.075771042	s4-eth4	1772	5535
1787677060.075771042	s4-eth5	1682	5515
1787677060.075771042	s4-eth6	1682	5515
1787677060.075771042	s4-eth7	4480	634150376
1787677060.075771042	s4-eth8	1682	5515
1787677060.075771042	s4-eth9	1682	5535
1787677060.075771042	s5-eth1	8724919502	56068
1787677060.075771042	s5-eth2	2061113967	4167363985
1787677060.075771042	s5-eth3	56463	31595
1787677060.075771042	s5-eth4	32565	6440956167
1787677060.075771042	s6-eth1	31595	31728
1787677060.075771042	s6-eth2	31595	29159
1787677060.075771042	s6-eth3	31595	31595
1787677060.075771042	s6-eth4	32565	31595
1787677060.075771042	s7-eth1	1842798647	4320620003
1787677060.075771042	s7-eth2	56000	3874153170
1787677060.075771042	s7-eth3	31595	56463
1787677060.075771042	s7-eth4	6396963023	31595
1787677060.075771042	s8-eth1	31595	28956
1787677060.075771042	s8-eth2	31595	31595
1787677060.075771042	s8-eth3	31595	29159
1787677060.075771042	s8-eth4	32565	31595
1787677060.075771042	s9-eth1	31595	56463
1787677060.075771042	s9-eth2	31595	31595
1787677060.075771042	s9-eth3	56463	31595
1787677060.075771042	s9-eth4	29159	31595
1787677067.394460077	s10-eth1	6457684809	32565
1787677067.394460077	s10-eth2	31595	32565
1787677067.394460077	s10-eth3	31595	6412646215
1787677067.394460077	s10-eth4	31595	32565
1787677067.394460077	s1-eth1	56068	8750556820
1787677067.394460077	s1-eth10	1772	5625
1787677067.394460077	s1-eth11	645975486	8719
1787677067.394460077	s1-eth12	1682	5625
1787677067.394460077	s1-eth13	1772	5625
1787677067.394460077	s1-eth14	1772	5625
1787677067.394460077	s1-eth15	646046132	8697
1787677067.394460077	s1-eth16	1702	5625
1787677067.394460077	s1-eth17	1702	5535
1787677067.394460077	s1-eth18	1772	5625
1787677067.394460077	s1-eth19	2584469286	8689
1787677067.394460077	s1-eth2	31728	31595
1787677067.394460077	s1-eth20	1682	5394
1787677067.394460077	s1-eth21	1702	5625
1787677067.394460077	s1-eth22	1772	5625
1787677067.394460077	s1-eth23	427331728	8002
1787677067.394460077	s1-eth24	1702	5535
1787677067.394460077	s1-eth25	1772	5625
1787677067.394460077	s1-eth26	1772	5535
1787677067.394460077	s1-eth27	646283903	8729
1787677067.394460077	s1-eth28	1772	5625
1787677067.394460077	s1-eth29	1772	5625
1787677067.394460077	s1-eth3	2585340063	8754
1787677067.394460077	s1-eth30	1682	5535
1787677067.394460077	s1-eth31	646382130	8798
1787677067.394460077	s1-eth32	1682	5535
1787677067.394460077	s1-eth33	1772	5625
1787677067.394460077	s1-eth34	1772	5535
1787677067.394460077	s1-eth4	1898	5731
1787677067.394460077	s1-eth5	1772	5304
1787677067.394460077	s1-eth6	1772	5625
1787677067.394460077	s1-eth7	646535269	8851
1787677067.394460077	s1-eth8	1612	5625
1787677067.394460077	s1-eth9	1772	5535
1787677067.394460077	s2-eth1	4184345004	2069047878
1787677067.394460077	s2-eth10	1682	5645
1787677067.394460077	s2-eth11	646621500	8626
1787677067.394460077	s2-eth12	1682	5535
1787677067.394460077	s2-eth13	1772	5394
1787677067.394460077	s2-eth14	1772	5625
1787677067.394460077	s2-eth15	646646057	8717
1787677067.394460077	s2-eth16	1772	5535
1787677067.394460077	s2-eth17	1682	5625
1787677067.394460077	s2-eth18	1772	5535
1787677067.394460077	s2-eth19	4906	2498945067
1787677067.394460077	s2-eth2	29186	31622
1787677067.394460077	s2-eth20	1772	5535
1787677067.394460077	s2-eth21	1612	5555
1787677067.394460077	s2-eth22	1682	5535
1787677067.394460077	s2-eth23	4149	416335869
1787677067.394460077	s2-eth24	1772	5515
1787677067.394460077	s2-eth25	1682	5625
1787677067.394460077	s2-eth26	1772	5535
1787677067.394460077	s2-eth27	4876	630536950
1787677067.394460077	s2-eth28	1772	5535
1787677067.394460077	s2-eth29	1682	5535
1787677067.394460077	s2-eth3	129358792	8777
1787677067.394460077	s2-eth30	1772	5515
1787677067.394460077	s2-eth31	4695	630345085
1787677067.394460077	s2-eth32	1522	5645
1787677067.394460077	s2-eth33	1682	5625
1787677067.394460077	s2-eth34	1682	5535
1787677067.394460077	s2-eth4	1772	5625
1787677067.394460077	s2-eth5	1682	5535
1787677067.394460077	s2-eth6	1682	5535
1787677067.394460077	s2-eth7	646791511	8563
1787677067.394460077	s2-eth8	1772	5535
1787677067.394460077	s2-eth9	1772	5535
1787677067.394460077	s3-eth1	4337466916	1850873874
1787677067.394460077	s3-eth10	1682	5535
1787677067.394460077	s3-eth11	4616	621244733
1787677067.394460077	s3-eth12	1682	5625
1787677067.394460077	s3-eth13	1772	5625
1787677067.394460077	s3-eth14	1772	5625
1787677067.394460077	s3-eth15	4934	621122065
1787677067.394460077	s3-eth16	1522	5535
1787677067.394460077	s3-eth17	1772	5625
1787677067.394460077	s3-eth18	1772	5625
1787677067.394460077	s3-eth19	129377447	8600
1787677067.394460077	s3-eth2	28983	31622
1787677067.394460077	s3-eth20	1682	5535
1787677067.394460077	s3-eth21	1522	5425
1787677067.394460077	s3-eth22	1682	5535
1787677067.394460077	s3-eth23	428044352	7970
1787677067.394460077	s3-eth24	1522	5535
1787677067.394460077	s3-eth25	1682	5555
1787677067.394460077	s3-eth26	1522	5535
1787677067.394460077	s3-eth27	647021121	8770
1787677067.394460077	s3-eth28	1682	5625
1787677067.394460077	s3-eth29	1682	5535
1787677067.394460077	s3-eth3	4705	2463497604
1787677067.394460077	s3-eth30	1682	5535
1787677067.394460077	s3-eth31	647094457	8622
1787677067.394460077	s3-eth32	1772	5535
1787677067.394460077	s3-eth33	1522	5535
1787677067.394460077	s3-eth34	1772	5535
1787677067.394460077	s3-eth4	1682	5625
1787677067.394460077	s3-eth5	1772	5535
1787677067.394460077	s3-eth6	1772	5625
1787677067.394460077	s3-eth7	4998	622019288
1787677067.394460077	s3-eth8	1522	5515
1787677067.394460077	s3-eth9	1772	5535
1787677067.394460077	s4-eth1	3892260391	56027
1787677067.394460077	s4-eth10	1682	5515
1787677067.394460077	s4-eth11	4613	637027311
1787677067.394460077	s4-eth12	1522	5585
1787677067.394460077	s4-eth13	1772	5535
1787677067.394460077	s4-eth14	1522	5535
1787677067.394460077	s4-eth15	4614	636910622
1787677067.394460077	s4-eth16	1682	5535
1787677067.394460077	s4-eth17	1682	5515
1787677067.394460077	s4-eth18	1682	5515
1787677067.394460077	s4-eth19	4767	129365418
1787677067.394460077	s4-eth2	31622	31622
1787677067.394460077	s4-eth20	1772	5585
1787677067.394460077	s4-eth21	1522	5535
1787677067.394460077	s4-eth22	1772	5585
1787677067.394460077	s4-eth23	4157	428198063
1787677067.394460077	s4-eth24	1522	5625
1787677067.394460077	s4-eth25	1682	5515
1787677067.394460077	s4-eth26	1522	5515
1787677067.394460077	s4-eth27	4757	646815884
1787677067.394460077	s4-eth28	1612	5535
1787677067.394460077	s4-eth29	1522	5535
1787677067.394460077	s4-eth3	4674	127474981
1787677067.394460077	s4-eth30	1522	5515
1787677067.394460077	s4-eth31	4859	646877614
1787677067.394460077	s4-eth32	1682	5515
1787677067.394460077	s4-eth33	1772	5515
1787677067.394460077	s4-eth34	1522	5625
1787677067.394460077	s4-eth4	1772	5535
1787677067.394460077	s4-eth5	1682	5515
1787677067.394460077	s4-eth6	1682	5515
1787677067.394460077	s4-eth7	4480	637621270
1787677067.394460077	s4-eth8	1682	5515
1787677067.394460077	s4-eth9	1682	5535
1787677067.394460077	s5-eth1	8774954045	56095
1787677067.394460077	s5-eth2	2072554822	4192069798
1787677067.394460077	s5-eth3	56490	31622
1787677067.394460077	s5-eth4	32593	6477037918
1787677067.394460077	s6-eth1	31622	31755
1787677067.394460077	s6-eth2	31622	29186
1787677067.394460077	s6-eth3	31622	31622
1787677067.394460077	s6-eth4	32593	31622
1787677067.394460077	s7-eth1	1854103954	4344534158
1787677067.394460077	s7-eth2	56027	3896433539
1787677067.394460077	s7-eth3	31622	56490
1787677067.394460077	s7-eth4	6431974811	31622
1787677067.394460077	s8-eth1	31622	28983
1787677067.394460077	s8-eth2	31622	31622
1787677067.394460077	s8-eth3	31622	29186
1787677067.394460077	s8-eth4	32593	31622
1787677067.394460077	s9-eth1	31622	56490
1787677067.394460077	s9-eth2	31622	31622
1787677067.394460077	s9-eth3	56490	31622
1787677067.394460077	s9-eth4	29186	31622
1787677072.824288981	s10-eth1	6493254650	32593
1787677072.824288981	s10-eth2	31622	32593
1787677072.824288981	s10-eth3	31622	6447575809
1787677072.824288981	s10-eth4	31622	32593
1787677072.824288981	s1-eth1	56095	8799231557
1787677072.824288981	s1-eth10	1772	5625
1787677072.824288981	s1-eth11	649446380	8719
1787677072.824288981	s1-eth12	1682	5625
1787677072.824288981	s1-eth13	1772	5625
1787677072.824288981	s1-eth14	1772	5625
1787677072.824288981	s1-eth15	649531446	8697
1787677072.824288981	s1-eth16	1702	5625
1787677072.824288981	s1-eth17	1702	5535
1787677072.824288981	s1-eth18	1772	5625
1787677072.824288981	s1-eth19	2598380260	8689
1787677072.824288981	s1-eth2	31755	31622
1787677072.824288981	s1-eth20	1682	5394
1787677072.824288981	s1-eth21	1702	5625
1787677072.824288981	s1-eth22	1772	5625
1787677072.824288981	s1-eth23	430819926	8002
1787677072.824288981	s1-eth24	1702	5535
1787677072.824288981	s1-eth25	1772	5625
1787677072.824288981	s1-eth26	1772	5535
1787677072.824288981	s1-eth27	649776427	8729
1787677072.824288981	s1-eth28	1772	5625
1787677072.824288981	s1-eth29	1772	5625
1787677072.824288981	s1-eth3	2599314485	8754
1787677072.824288981	s1-eth30	1682	5535
1787677072.824288981	s1-eth31	649876096	8798
1787677072.824288981	s1-eth32	1682	5535
1787677072.824288981	s1-eth33	1772	5625
1787677072.824288981	s1-eth34	1772	5535
1787677072.824288981	s1-eth4	1898	5731
1787677072.824288981	s1-eth5	1772	5304
1787677072.824288981	s1-eth6	1772	5625
1787677072.824288981	s1-eth7	649941273	8851
1787677072.824288981	s1-eth8	1612	5625
1787677072.824288981	s1-eth9	1772	5535
1787677072.824288981	s2-eth1	4207640541	2079826855
1787677072.824288981	s2-eth10	1682	5645
1787677072.824288981	s2-eth11	650002990	8626
1787677072.824288981	s2-eth12	1682	5535
1787677072.824288981	s2-eth13	1772	5394
1787677072.824288981	s2-eth14	1772	5625
1787677072.824288981	s2-eth15	650065039	8717
1787677072.824288981	s2-eth16	1772	5535
1787677072.824288981	s2-eth17	1682	5625
1787677072.824288981	s2-eth18	1772	5535
1787677072.824288981	s2-eth19	4906	2512742123
1787677072.824288981	s2-eth2	29213	31649
1787677072.824288981	s2-eth20	1772	5535
1787677072.824288981	s2-eth21	1612	5555
1787677072.824288981	s2-eth22	1682	5535
1787677072.824288981	s2-eth23	4149	419793785
1787677072.824288981	s2-eth24	1772	5515
1787677072.824288981	s2-eth25	1682	5625
1787677072.824288981	s2-eth26	1772	5535
1787677072.824288981	s2-eth27	4876	634002076
1787677072.824288981	s2-eth28	1772	5535
1787677072.824288981	s2-eth29	1682	5535
1787677072.824288981	s2-eth3	130061046	8777
1787677072.824288981	s2-eth30	1772	5515
1787677072.824288981	s2-eth31	4695	633846261
1787677072.824288981	s2-eth32	1522	5645
1787677072.824288981	s2-eth33	1682	5625
1787677072.824288981	s2-eth34	1682	5535
1787677072.824288981	s2-eth4	1772	5625
1787677072.824288981	s2-eth5	1682	5535
1787677072.824288981	s2-eth6	1682	5535
1787677072.824288981	s2-eth7	650379207	8563
1787677072.824288981	s2-eth8	1772	5535
1787677072.824288981	s2-eth9	1772	5535
1787677072.824288981	s3-eth1	4362462571	1862568521
1787677072.824288981	s3-eth10	1682	5535
1787677072.824288981	s3-eth11	4616	624846849
1787677072.824288981	s3-eth12	1682	5625
1787677072.824288981	s3-eth13	1772	5625
1787677072.824288981	s3-eth14	1772	5625
1787677072.824288981	s3-eth15	4934	624767441
1787677072.824288981	s3-eth16	1522	5535
1787677072.824288981	s3-eth17	1772	5625
1787677072.824288981	s3-eth18	1772	5625
1787677072.824288981	s3-eth19	130135939	8600
1787677072.824288981	s3-eth2	29010	31649
1787677072.824288981	s3-eth20	1682	5535
1787677072.824288981	s3-eth21	1522	5425
1787677072.824288981	s3-eth22	1682	5535
1787677072.824288981	s3-eth23	431862768	7970
1787677072.824288981	s3-eth24	1522	5535
1787677072.824288981	s3-eth25	1682	5555
1787677072.824288981	s3-eth26	1522	5535
1787677072.824288981	s3-eth27	650796277	8770
1787677072.824288981	s3-eth28	1682	5625
1787677072.824288981	s3-eth29	1682	5535
1787677072.824288981	s3-eth3	4705	2478217540
1787677072.824288981	s3-eth30	1682	5535
1787677072.824288981	s3-eth31	650881149	8622
1787677072.824288981	s3-eth32	1772	5535
1787677072.824288981	s3-eth33	1522	5535
1787677072.824288981	s3-eth34	1772	5535
1787677072.824288981	s3-eth4	1682	5625
1787677072.824288981	s3-eth5	1772	5535
1787677072.824288981	s3-eth6	1772	5625
1787677072.824288981	s3-eth7	4998	625824726
1787677072.824288981	s3-eth8	1522	5515
1787677072.824288981	s3-eth9	1772	5535
1787677072.824288981	s4-eth1	3916970530	56054
1787677072.824288981	s4-eth10	1682	5515
1787677072.824288981	s4-eth11	4613	640835633
1787677072.824288981	s4-eth12	1522	5585
1787677072.824288981	s4-eth13	1772	5535
1787677072.824288981	s4-eth14	1522	5535
1787677072.824288981	s4-eth15	4614	640767972
1787677072.824288981	s4-eth16	1682	5535
1787677072.824288981	s4-eth17	1682	5515
1787677072.824288981	s4-eth18	1682	5515
1787677072.824288981	s4-eth19	4767	130162844
1787677072.824288981	s4-eth2	31649	31649
1787677072.824288981	s4-eth20	1772	5585
1787677072.824288981	s4-eth21	1522	5535
1787677072.824288981	s4-eth22	1772	5585
1787677072.824288981	s4-eth23	4157	432201055
1787677072.824288981	s4-eth24	1522	5625
1787677072.824288981	s4-eth25	1682	5515
1787677072.824288981	s4-eth26	1522	5515
1787677072.824288981	s4-eth27	4757	650834738
1787677072.824288981	s4-eth28	1612	5535
1787677072.824288981	s4-eth29	1522	5535
1787677072.824288981	s4-eth3	4674	128269523
1787677072.824288981	s4-eth30	1522	5515
1787677072.824288981	s4-eth31	4859	650912330
1787677072.824288981	s4-eth32	1682	5515
1787677072.824288981	s4-eth33	1772	5515
1787677072.824288981	s4-eth34	1522	5625
1787677072.824288981	s4-eth4	1772	5535
1787677072.824288981	s4-eth5	1682	5515
1787677072.824288981	s4-eth6	1682	5515
1787677072.824288981	s4-eth7	4480	641595422
1787677072.824288981	s4-eth8	1682	5515
1787677072.824288981	s4-eth9	1682	5535
1787677072.824288981	s5-eth1	8831718402	56122
1787677072.824288981	s5-eth2	2085566015	4220289765
1787677072.824288981	s5-eth3	56517	31649
1787677072.824288981	s5-eth4	32621	6518384411
1787677072.824288981	s6-eth1	31649	31782
1787677072.824288981	s6-eth2	31649	29213
1787677072.824288981	s6-eth3	31649	31649
1787677072.824288981	s6-eth4	32621	31649
1787677072.824288981	s7-eth1	1867210319	4372487355
1787677072.824288981	s7-eth2	56054	3922478970
1787677072.824288981	s7-eth3	31649	56517
1787677072.824288981	s7-eth4	6473549141	31649
1787677072.824288981	s8-eth1	31649	29010
1787677072.824288981	s8-eth2	31649	31649
1787677072.824288981	s8-eth3	31649	29213
1787677072.824288981	s8-eth4	32621	31649
1787677072.824288981	s9-eth1	31649	56517
1787677072.824288981	s9-eth2	31649	31649
1787677072.824288981	s9-eth3	56517	31649
1787677072.824288981	s9-eth4	29213	31649
1787677079.194303381	s10-eth1	6534787188	32649
1787677079.194303381	s10-eth2	31676	32649
1787677079.194303381	s10-eth3	31676	6488697379
1787677079.194303381	s10-eth4	31676	32649
1787677079.194303381	s1-eth1	56149	8856252590
1787677079.194303381	s1-eth10	1772	5625
1787677079.194303381	s1-eth11	653531566	8719
1787677079.194303381	s1-eth12	1682	5625
1787677079.194303381	s1-eth13	1772	5625
1787677079.194303381	s1-eth14	1772	5625
1787677079.194303381	s1-eth15	653580582	8697
1787677079.194303381	s1-eth16	1702	5625
1787677079.194303381	s1-eth17	1702	5535
1787677079.194303381	s1-eth18	1772	5625
1787677079.194303381	s1-eth19	2614503262	8689
1787677079.194303381	s1-eth2	31809	31676
1787677079.194303381	s1-eth20	1682	5394
1787677079.194303381	s1-eth21	1702	5625
1787677079.194303381	s1-eth22	1772	5625
1787677079.194303381	s1-eth23	434827244	8002
1787677079.194303381	s1-eth24	1702	5535
1787677079.194303381	s1-eth25	1772	5625
1787677079.194303381	s1-eth26	1772	5535
1787677079.194303381	s1-eth27	653760673	8729
1787677079.194303381	s1-eth28	1772	5625
1787677079.194303381	s1-eth29	1772	5625
1787677079.194303381	s1-eth3	2615225513	8754
1787677079.194303381	s1-eth30	1682	5535
1787677079.194303381	s1-eth31	653841596	8798
1787677079.194303381	s1-eth32	1682	5535
1787677079.194303381	s1-eth33	1772	5625
1787677079.194303381	s1-eth34	1772	5535
1787677079.194303381	s1-eth4	1898	5731
1787677079.194303381	s1-eth5	1772	5304
1787677079.194303381	s1-eth6	1772	5625
1787677079.194303381	s1-eth7	653945707	8851
1787677079.194303381	s1-eth8	1612	5625
1787677079.194303381	s1-eth9	1772	5535
1787677079.194303381	s2-eth1	4235179884	2092643378
1787677079.194303381	s2-eth10	1682	5645
1787677079.194303381	s2-eth11	654000214	8626
1787677079.194303381	s2-eth12	1682	5535
1787677079.194303381	s2-eth13	1772	5394
1787677079.194303381	s2-eth14	1772	5625
1787677079.194303381	s2-eth15	654057937	8717
1787677079.194303381	s2-eth16	1772	5535
1787677079.194303381	s2-eth17	1682	5625
1787677079.194303381	s2-eth18	1772	5535
1787677079.194303381	s2-eth19	4906	2528113843
1787677079.194303381	s2-eth2	29240	31676
1787677079.194303381	s2-eth20	1772	5535
1787677079.194303381	s2-eth21	1612	5555
1787677079.194303381	s2-eth22	1682	5535
1787677079.194303381	s2-eth23	4149	423681417
1787677079.194303381	s2-eth24	1772	5515
1787677079.194303381	s2-eth25	1682	5625
1787677079.194303381	s2-eth26	1772	5535
1787677079.194303381	s2-eth27	4876	637904128
1787677079.194303381	s2-eth28	1772	5535
1787677079.194303381	s2-eth29	1682	5535
1787677079.194303381	s2-eth3	130855588	8777
1787677079.194303381	s2-eth30	1772	5515
1787677079.194303381	s2-eth31	4695	637718031
1787677079.194303381	s2-eth32	1522	5645
1787677079.194303381	s2-eth33	1682	5625
1787677079.194303381	s2-eth34	1682	5535
1787677079.194303381	s2-eth4	1772	5625
1787677079.194303381	s2-eth5	1682	5535
1787677079.194303381	s2-eth6	1682	5535
1787677079.194303381	s2-eth7	654341823	8563
1787677079.194303381	s2-eth8	1772	5535
1787677079.194303381	s2-eth9	1772	5535
1787677079.194303381	s3-eth1	4388937718	1875178838
1787677079.194303381	s3-eth10	1682	5535
1787677079.194303381	s3-eth11	4616	628640751
1787677079.194303381	s3-eth12	1682	5625
1787677079.194303381	s3-eth13	1772	5625
1787677079.194303381	s3-eth14	1772	5625
1787677079.194303381	s3-eth15	4934	628525293
1787677079.194303381	s3-eth16	1522	5535
1787677079.194303381	s3-eth17	1772	5625
1787677079.194303381	s3-eth18	1772	5625
1787677079.194303381	s3-eth19	130920387	8600
1787677079.194303381	s3-eth2	29037	31676
1787677079.194303381	s3-eth20	1682	5535
1787677079.194303381	s3-eth21	1522	5425
1787677079.194303381	s3-eth22	1682	5535
1787677079.194303381	s3-eth23	435780682	7970
1787677079.194303381	s3-eth24	1522	5535
1787677079.194303381	s3-eth25	1682	5555
1787677079.194303381	s3-eth26	1522	5535
1787677079.194303381	s3-eth27	654715633	8770
1787677079.194303381	s3-eth28	1682	5625
1787677079.194303381	s3-eth29	1682	5535
1787677079.194303381	s3-eth3	4705	2493166754
1787677079.194303381	s3-eth30	1682	5535
1787677079.194303381	s3-eth31	654778875	8622
1787677079.194303381	s3-eth32	1772	5535
1787677079.194303381	s3-eth33	1522	5535
1787677079.194303381	s3-eth34	1772	5535
1787677079.194303381	s3-eth4	1682	5625
1787677079.194303381	s3-eth5	1772	5535
1787677079.194303381	s3-eth6	1772	5625
1787677079.194303381	s3-eth7	4998	629494616
1787677079.194303381	s3-eth8	1522	5515
1787677079.194303381	s3-eth9	1772	5535
1787677079.194303381	s4-eth1	3941174527	56081
1787677079.194303381	s4-eth10	1682	5515
1787677079.194303381	s4-eth11	4613	644564645
1787677079.194303381	s4-eth12	1522	5585
1787677079.194303381	s4-eth13	1772	5535
1787677079.194303381	s4-eth14	1522	5535
1787677079.194303381	s4-eth15	4614	644459492
1787677079.194303381	s4-eth16	1682	5535
1787677079.194303381	s4-eth17	1682	5515
1787677079.194303381	s4-eth18	1682	5515
1787677079.194303381	s4-eth19	4767	130911242
1787677079.194303381	s4-eth2	31676	31676
1787677079.194303381	s4-eth20	1772	5585
1787677079.194303381	s4-eth21	1522	5535
1787677079.194303381	s4-eth22	1772	5585
1787677079.194303381	s4-eth23	4157	435906995
1787677079.194303381	s4-eth24	1522	5625
1787677079.194303381	s4-eth25	1682	5515
1787677079.194303381	s4-eth26	1522	5515
1787677079.194303381	s4-eth27	4757	654498860
1787677079.194303381	s4-eth28	1612	5535
1787677079.194303381	s4-eth29	1522	5535
1787677079.194303381	s4-eth3	4674	128983313
1787677079.194303381	s4-eth30	1522	5515
1787677079.194303381	s4-eth31	4859	654527424
1787677079.194303381	s4-eth32	1682	5515
1787677079.194303381	s4-eth33	1772	5515
1787677079.194303381	s4-eth34	1522	5625
1787677079.194303381	s4-eth4	1772	5535
1787677079.194303381	s4-eth5	1682	5515
1787677079.194303381	s4-eth6	1682	5515
1787677079.194303381	s4-eth7	4480	645109576
1787677079.194303381	s4-eth8	1682	5515
1787677079.194303381	s4-eth9	1682	5535
1787677079.194303381	s5-eth1	8881960566	56149
1787677079.194303381	s5-eth2	2097080412	4244947992
1787677079.194303381	s5-eth3	56544	31676
1787677079.194303381	s5-eth4	32649	6554758888
1787677079.194303381	s6-eth1	31676	31809
1787677079.194303381	s6-eth2	31676	29240
1787677079.194303381	s6-eth3	31676	31676
1787677079.194303381	s6-eth4	32649	31676
1787677079.194303381	s7-eth1	1879047724	4397082134
1787677079.194303381	s7-eth2	56081	3946045603
1787677079.194303381	s7-eth3	31676	56544
1787677079.194303381	s7-eth4	6510041863	31676
1787677079.194303381	s8-eth1	31676	29037
1787677079.194303381	s8-eth2	31676	31676
1787677079.194303381	s8-eth3	31676	29240
1787677079.194303381	s8-eth4	32649	31676
1787677079.194303381	s9-eth1	31676	56544
1787677079.194303381	s9-eth2	31676	31676
1787677079.194303381	s9-eth3	56544	31676
1787677079.194303381	s9-eth4	29240	31676
1787677085.037659899	s10-eth1	6565651622	32677
1787677085.037659899	s10-eth2	31703	32677
1787677085.037659899	s10-eth3	31703	6519049904
1787677085.037659899	s10-eth4	31703	32677
1787677085.037659899	s1-eth1	62034	8899364981
1787677085.037659899	s1-eth10	1772	5625
1787677085.037659899	s1-eth11	656631263	9452
1787677085.037659899	s1-eth12	1682	5625
1787677085.037659899	s1-eth13	1772	5625
1787677085.037659899	s1-eth14	1772	5625
1787677085.037659899	s1-eth15	656632762	9429
1787677085.037659899	s1-eth16	1702	5625
1787677085.037659899	s1-eth17	1702	5535
1787677085.037659899	s1-eth18	1772	5625
1787677085.037659899	s1-eth19	2626502985	9420
1787677085.037659899	s1-eth2	31836	31703
1787677085.037659899	s1-eth20	1682	5394
1787677085.037659899	s1-eth21	1702	5625
1787677085.037659899	s1-eth22	1772	5625
1787677085.037659899	s1-eth23	437756721	8729
1787677085.037659899	s1-eth24	1702	5535
1787677085.037659899	s1-eth25	1772	5625
1787677085.037659899	s1-eth26	1772	5535
1787677085.037659899	s1-eth27	656632466	9463
1787677085.037659899	s1-eth28	1772	5625
1787677085.037659899	s1-eth29	1772	5625
1787677085.037659899	s1-eth3	2626494141	9488
1787677085.037659899	s1-eth30	1682	5535
1787677085.037659899	s1-eth31	656632641	9531
1787677085.037659899	s1-eth32	1682	5535
1787677085.037659899	s1-eth33	1772	5625
1787677085.037659899	s1-eth34	1772	5535
1787677085.037659899	s1-eth4	1898	5731
1787677085.037659899	s1-eth5	1772	5304
1787677085.037659899	s1-eth6	1772	5625
1787677085.037659899	s1-eth7	656633062	9585
1787677085.037659899	s1-eth8	1612	5625
1787677085.037659899	s1-eth9	1772	5535
1787677085.037659899	s2-eth1	4252687550	2101115865
1787677085.037659899	s2-eth10	1682	5645
1787677085.037659899	s2-eth11	656629819	9357
1787677085.037659899	s2-eth12	1682	5535
1787677085.037659899	s2-eth13	1772	5394
1787677085.037659899	s2-eth14	1772	5625
1787677085.037659899	s2-eth15	656631371	9449
1787677085.037659899	s2-eth16	1772	5535
1787677085.037659899	s2-eth17	1682	5625
1787677085.037659899	s2-eth18	1772	5535
1787677085.037659899	s2-eth19	5637	2537487684
1787677085.037659899	s2-eth2	29267	31703
1787677085.037659899	s2-eth20	1772	5535
1787677085.037659899	s2-eth21	1612	5555
1787677085.037659899	s2-eth22	1682	5535
1787677085.037659899	s2-eth23	4876	426024000
1787677085.037659899	s2-eth24	1772	5515
1787677085.037659899	s2-eth25	1682	5625
1787677085.037659899	s2-eth26	1772	5535
1787677085.037659899	s2-eth27	5610	640194795
1787677085.037659899	s2-eth28	1772	5535
1787677085.037659899	s2-eth29	1682	5535
1787677085.037659899	s2-eth3	131335234	9505
1787677085.037659899	s2-eth30	1772	5515
1787677085.037659899	s2-eth31	5428	639982746
1787677085.037659899	s2-eth32	1522	5645
1787677085.037659899	s2-eth33	1682	5625
1787677085.037659899	s2-eth34	1682	5535
1787677085.037659899	s2-eth4	1772	5625
1787677085.037659899	s2-eth5	1682	5535
1787677085.037659899	s2-eth6	1682	5535
1787677085.037659899	s2-eth7	656631183	9295
1787677085.037659899	s2-eth8	1772	5535
1787677085.037659899	s2-eth9	1772	5535
1787677085.037659899	s3-eth1	4403428978	1882321557
1787677085.037659899	s3-eth10	1682	5535
1787677085.037659899	s3-eth11	5349	630705092
1787677085.037659899	s3-eth12	1682	5625
1787677085.037659899	s3-eth13	1772	5625
1787677085.037659899	s3-eth14	1772	5625
1787677085.037659899	s3-eth15	5666	630506000
1787677085.037659899	s3-eth16	1522	5535
1787677085.037659899	s3-eth17	1772	5625
1787677085.037659899	s3-eth18	1772	5625
1787677085.037659899	s3-eth19	131335076	9328
1787677085.037659899	s3-eth2	29064	31703
1787677085.037659899	s3-eth20	1682	5535
1787677085.037659899	s3-eth21	1522	5425
1787677085.037659899	s3-eth22	1682	5535
1787677085.037659899	s3-eth23	437755621	8698
1787677085.037659899	s3-eth24	1522	5535
1787677085.037659899	s3-eth25	1682	5555
1787677085.037659899	s3-eth26	1522	5535
1787677085.037659899	s3-eth27	656632825	9566
1787677085.037659899	s3-eth28	1682	5625
1787677085.037659899	s3-eth29	1682	5535
1787677085.037659899	s3-eth3	5439	2499931949
1787677085.037659899	s3-eth30	1682	5535
1787677085.037659899	s3-eth31	656632696	9418
1787677085.037659899	s3-eth32	1772	5535
1787677085.037659899	s3-eth33	1522	5535
1787677085.037659899	s3-eth34	1772	5535
1787677085.037659899	s3-eth4	1682	5625
1787677085.037659899	s3-eth5	1772	5535
1787677085.037659899	s3-eth6	1772	5625
1787677085.037659899	s3-eth7	5732	631110498
1787677085.037659899	s3-eth8	1522	5515
1787677085.037659899	s3-eth9	1772	5535
1787677085.037659899	s4-eth1	3952206739	62079
1787677085.037659899	s4-eth10	1682	5515
1787677085.037659899	s4-eth11	5344	646259834
1787677085.037659899	s4-eth12	1522	5585
1787677085.037659899	s4-eth13	1772	5535
1787677085.037659899	s4-eth14	1522	5535
1787677085.037659899	s4-eth15	5346	646094117
1787677085.037659899	s4-eth16	1682	5535
1787677085.037659899	s4-eth17	1682	5515
1787677085.037659899	s4-eth18	1682	5515
1787677085.037659899	s4-eth19	5495	131233643
1787677085.037659899	s4-eth2	31703	31703
1787677085.037659899	s4-eth20	1772	5585
1787677085.037659899	s4-eth21	1522	5535
1787677085.037659899	s4-eth22	1772	5585
1787677085.037659899	s4-eth23	4885	437457986
1787677085.037659899	s4-eth24	1522	5625
1787677085.037659899	s4-eth25	1682	5515
1787677085.037659899	s4-eth26	1522	5515
1787677085.037659899	s4-eth27	5553	656016618
1787677085.037659899	s4-eth28	1612	5535
1787677085.037659899	s4-eth29	1522	5535
1787677085.037659899	s4-eth3	5402	129276874
1787677085.037659899	s4-eth30	1522	5515
1787677085.037659899	s4-eth31	5655	655986137
1787677085.037659899	s4-eth32	1682	5515
1787677085.037659899	s4-eth33	1772	5515
1787677085.037659899	s4-eth34	1522	5625
1787677085.037659899	s4-eth4	1772	5535
1787677085.037659899	s4-eth5	1682	5515
1787677085.037659899	s4-eth6	1682	5515
1787677085.037659899	s4-eth7	5212	646425519
1787677085.037659899	s4-eth8	1682	5515
1787677085.037659899	s4-eth9	1682	5535
1787677085.037659899	s5-eth1	8899364981	62034
1787677085.037659899	s5-eth2	2101115865	4252687550
1787677085.037659899	s5-eth3	62427	31703
1787677085.037659899	s5-eth4	32677	6565651622
1787677085.037659899	s6-eth1	31703	31836
1787677085.037659899	s6-eth2	31703	29267
1787677085.037659899	s6-eth3	31703	31703
1787677085.037659899	s6-eth4	32677	31703
1787677085.037659899	s7-eth1	1882321557	4403428978
1787677085.037659899	s7-eth2	62079	3952206739
1787677085.037659899	s7-eth3	31703	62427
1787677085.037659899	s7-eth4	6519049904	31703
1787677085.037659899	s8-eth1	31703	29064
1787677085.037659899	s8-eth2	31703	31703
1787677085.037659899	s8-eth3	31703	29267
1787677085.037659899	s8-eth4	32677	31703
1787677085.037659899	s9-eth1	31703	62427
1787677085.037659899	s9-eth2	31703	31703
1787677085.037659899	s9-eth3	62427	31703
1787677085.037659899	s9-eth4	29267	31703
1787677087.335858906	s10-eth1	6565651622	32677
1787677087.335858906	s10-eth2	31703	32677
1787677087.335858906	s10-eth3	31703	6519049904
1787677087.335858906	s10-eth4	31703	32677
1787677087.335858906	s1-eth1	62034	8899364981
1787677087.335858906	s1-eth10	1772	5625
1787677087.335858906	s1-eth11	656631263	9452
1787677087.335858906	s1-eth12	1682	5625
1787677087.335858906	s1-eth13	1772	5625
1787677087.335858906	s1-eth14	1772	5625
1787677087.335858906	s1-eth15	656632762	9429
1787677087.335858906	s1-eth16	1702	5625
1787677087.335858906	s1-eth17	1702	5535
1787677087.335858906	s1-eth18	1772	5625
1787677087.335858906	s1-eth19	2626502985	9420
1787677087.335858906	s1-eth2	31836	31703
1787677087.335858906	s1-eth20	1682	5394
1787677087.335858906	s1-eth21	1702	5625
1787677087.335858906	s1-eth22	1772	5625
1787677087.335858906	s1-eth23	437756721	8729
1787677087.335858906	s1-eth24	1702	5535
1787677087.335858906	s1-eth25	1772	5625
1787677087.335858906	s1-eth26	1772	5535
1787677087.335858906	s1-eth27	656632466	9463
1787677087.335858906	s1-eth28	1772	5625
1787677087.335858906	s1-eth29	1772	5625
1787677087.335858906	s1-eth3	2626494141	9488
1787677087.335858906	s1-eth30	1682	5535
1787677087.335858906	s1-eth31	656632641	9531
1787677087.335858906	s1-eth32	1682	5535
1787677087.335858906	s1-eth33	1772	5625
1787677087.335858906	s1-eth34	1772	5535
1787677087.335858906	s1-eth4	1898	5731
1787677087.335858906	s1-eth5	1772	5304
1787677087.335858906	s1-eth6	1772	5625
1787677087.335858906	s1-eth7	656633062	9585
1787677087.335858906	s1-eth8	1612	5625
1787677087.335858906	s1-eth9	1772	5535
1787677087.335858906	s2-eth1	4252687550	2101115865
1787677087.335858906	s2-eth10	1682	5645
1787677087.335858906	s2-eth11	656629819	9357
1787677087.335858906	s2-eth12	1682	5535
1787677087.335858906	s2-eth13	1772	5394
1787677087.335858906	s2-eth14	1772	5625
1787677087.335858906	s2-eth15	656631371	9449
1787677087.335858906	s2-eth16	1772	5535
1787677087.335858906	s2-eth17	1682	5625
1787677087.335858906	s2-eth18	1772	5535
1787677087.335858906	s2-eth19	5637	2537487684
1787677087.335858906	s2-eth2	29267	31703
1787677087.335858906	s2-eth20	1772	5535
1787677087.335858906	s2-eth21	1612	5555
1787677087.335858906	s2-eth22	1682	5535
1787677087.335858906	s2-eth23	4876	426024000
1787677087.335858906	s2-eth24	1772	5515
1787677087.335858906	s2-eth25	1682	5625
1787677087.335858906	s2-eth26	1772	5535
1787677087.335858906	s2-eth27	5610	640194795
1787677087.335858906	s2-eth28	1772	5535
1787677087.335858906	s2-eth29	1682	5535
1787677087.335858906	s2-eth3	131335234	9505
1787677087.335858906	s2-eth30	1772	5515
1787677087.335858906	s2-eth31	5428	639982746
1787677087.335858906	s2-eth32	1522	5645
1787677087.335858906	s2-eth33	1682	5625
1787677087.335858906	s2-eth34	1682	5535
1787677087.335858906	s2-eth4	1772	5625
1787677087.335858906	s2-eth5	1682	5535
1787677087.335858906	s2-eth6	1682	5535
1787677087.335858906	s2-eth7	656631183	9295
1787677087.335858906	s2-eth8	1772	5535
1787677087.335858906	s2-eth9	1772	5535
1787677087.335858906	s3-eth1	4403428978	1882321557
1787677087.335858906	s3-eth10	1682	5535
1787677087.335858906	s3-eth11	5349	630705092
1787677087.335858906	s3-eth12	1682	5625
1787677087.335858906	s3-eth13	1772	5625
1787677087.335858906	s3-eth14	1772	5625
1787677087.335858906	s3-eth15	5666	630506000
1787677087.335858906	s3-eth16	1522	5535
1787677087.335858906	s3-eth17	1772	5625
1787677087.335858906	s3-eth18	1772	5625
1787677087.335858906	s3-eth19	131335076	9328
1787677087.335858906	s3-eth2	29064	31703
1787677087.335858906	s3-eth20	1682	5535
1787677087.335858906	s3-eth21	1522	5425
1787677087.335858906	s3-eth22	1682	5535
1787677087.335858906	s3-eth23	437755621	8698
1787677087.335858906	s3-eth24	1522	5535
1787677087.335858906	s3-eth25	1682	5555
1787677087.335858906	s3-eth26	1522	5535
1787677087.335858906	s3-eth27	656632825	9566
1787677087.335858906	s3-eth28	1682	5625
1787677087.335858906	s3-eth29	1682	5535
1787677087.335858906	s3-eth3	5439	2499931949
1787677087.335858906	s3-eth30	1682	5535
1787677087.335858906	s3-eth31	656632696	9418
1787677087.335858906	s3-eth32	1772	5535
1787677087.335858906	s3-eth33	1522	5535
1787677087.335858906	s3-eth34	1772	5535
1787677087.335858906	s3-eth4	1682	5625
1787677087.335858906	s3-eth5	1772	5535
1787677087.335858906	s3-eth6	1772	5625
1787677087.335858906	s3-eth7	5732	631110498
1787677087.335858906	s3-eth8	1522	5515
1787677087.335858906	s3-eth9	1772	5535
1787677087.335858906	s4-eth1	3952206739	62079
1787677087.335858906	s4-eth10	1682	5515
1787677087.335858906	s4-eth11	5344	646259834
1787677087.335858906	s4-eth12	1522	5585
1787677087.335858906	s4-eth13	1772	5535
1787677087.335858906	s4-eth14	1522	5535
1787677087.335858906	s4-eth15	5346	646094117
1787677087.335858906	s4-eth16	1682	5535
1787677087.335858906	s4-eth17	1682	5515
1787677087.335858906	s4-eth18	1682	5515
1787677087.335858906	s4-eth19	5495	131233643
1787677087.335858906	s4-eth2	31703	31703
1787677087.335858906	s4-eth20	1772	5585
1787677087.335858906	s4-eth21	1522	5535
1787677087.335858906	s4-eth22	1772	5585
1787677087.335858906	s4-eth23	4885	437457986
1787677087.335858906	s4-eth24	1522	5625
1787677087.335858906	s4-eth25	1682	5515
1787677087.335858906	s4-eth26	1522	5515
1787677087.335858906	s4-eth27	5553	656016618
1787677087.335858906	s4-eth28	1612	5535
1787677087.335858906	s4-eth29	1522	5535
1787677087.335858906	s4-eth3	5402	129276874
1787677087.335858906	s4-eth30	1522	5515
1787677087.335858906	s4-eth31	5655	655986137
1787677087.335858906	s4-eth32	1682	5515
1787677087.335858906	s4-eth33	1772	5515
1787677087.335858906	s4-eth34	1522	5625
1787677087.335858906	s4-eth4	1772	5535
1787677087.335858906	s4-eth5	1682	5515
1787677087.335858906	s4-eth6	1682	5515
1787677087.335858906	s4-eth7	5212	646425519
1787677087.335858906	s4-eth8	1682	5515
1787677087.335858906	s4-eth9	1682	5535
1787677087.335858906	s5-eth1	8899364981	62034
1787677087.335858906	s5-eth2	2101115865	4252687550
1787677087.335858906	s5-eth3	62427	31703
1787677087.335858906	s5-eth4	32677	6565651622
1787677087.335858906	s6-eth1	31703	31836
1787677087.335858906	s6-eth2	31703	29267
1787677087.335858906	s6-eth3	31703	31703
1787677087.335858906	s6-eth4	32677	31703
1787677087.335858906	s7-eth1	1882321557	4403428978
1787677087.335858906	s7-eth2	62079	3952206739
1787677087.335858906	s7-eth3	31703	62427
1787677087.335858906	s7-eth4	6519049904	31703
1787677087.335858906	s8-eth1	31703	29064
1787677087.335858906	s8-eth2	31703	31703
1787677087.335858906	s8-eth3	31703	29267
1787677087.335858906	s8-eth4	32677	31703
1787677087.335858906	s9-eth1	31703	62427
1787677087.335858906	s9-eth2	31703	31703
1787677087.335858906	s9-eth3	62427	31703
1787677087.335858906	s9-eth4	29267	31703
1787677089.652313698	s10-eth1	6565651649	32705
1787677089.652313698	s10-eth2	31730	32705
1787677089.652313698	s10-eth3	31730	6519049932
1787677089.652313698	s10-eth4	31730	32705
1787677089.652313698	s1-eth1	62061	8899365008
1787677089.652313698	s1-eth10	1772	5625
1787677089.652313698	s1-eth11	656631263	9452
1787677089.652313698	s1-eth12	1682	5625
1787677089.652313698	s1-eth13	1772	5625
1787677089.652313698	s1-eth14	1772	5625
1787677089.652313698	s1-eth15	656632762	9429
1787677089.652313698	s1-eth16	1702	5625
1787677089.652313698	s1-eth17	1702	5535
1787677089.652313698	s1-eth18	1772	5625
1787677089.652313698	s1-eth19	2626502985	9420
1787677089.652313698	s1-eth2	31863	31730
1787677089.652313698	s1-eth20	1682	5394
1787677089.652313698	s1-eth21	1702	5625
1787677089.652313698	s1-eth22	1772	5625
1787677089.652313698	s1-eth23	437756721	8729
1787677089.652313698	s1-eth24	1702	5535
1787677089.652313698	s1-eth25	1772	5625
1787677089.652313698	s1-eth26	1772	5535
1787677089.652313698	s1-eth27	656632466	9463
1787677089.652313698	s1-eth28	1772	5625
1787677089.652313698	s1-eth29	1772	5625
1787677089.652313698	s1-eth3	2626494141	9488
1787677089.652313698	s1-eth30	1682	5535
1787677089.652313698	s1-eth31	656632641	9531
1787677089.652313698	s1-eth32	1682	5535
1787677089.652313698	s1-eth33	1772	5625
1787677089.652313698	s1-eth34	1772	5535
1787677089.652313698	s1-eth4	1898	5731
1787677089.652313698	s1-eth5	1772	5304
1787677089.652313698	s1-eth6	1772	5625
1787677089.652313698	s1-eth7	656633062	9585
1787677089.652313698	s1-eth8	1612	5625
1787677089.652313698	s1-eth9	1772	5535
1787677089.652313698	s2-eth1	4252687577	2101115892
1787677089.652313698	s2-eth10	1682	5645
1787677089.652313698	s2-eth11	656629819	9357
1787677089.652313698	s2-eth12	1682	5535
1787677089.652313698	s2-eth13	1772	5394
1787677089.652313698	s2-eth14	1772	5625
1787677089.652313698	s2-eth15	656631371	9449
1787677089.652313698	s2-eth16	1772	5535
1787677089.652313698	s2-eth17	1682	5625
1787677089.652313698	s2-eth18	1772	5535
1787677089.652313698	s2-eth19	5637	2537487684
1787677089.652313698	s2-eth2	29294	31730
1787677089.652313698	s2-eth20	1772	5535
1787677089.652313698	s2-eth21	1612	5555
1787677089.652313698	s2-eth22	1682	5535
1787677089.652313698	s2-eth23	4876	426024000
1787677089.652313698	s2-eth24	1772	5515
1787677089.652313698	s2-eth25	1682	5625
1787677089.652313698	s2-eth26	1772	5535
1787677089.652313698	s2-eth27	5610	640194795
1787677089.652313698	s2-eth28	1772	5535
1787677089.652313698	s2-eth29	1682	5535
1787677089.652313698	s2-eth3	131335234	9505
1787677089.652313698	s2-eth30	1772	5515
1787677089.652313698	s2-eth31	5428	639982746
1787677089.652313698	s2-eth32	1522	5645
1787677089.652313698	s2-eth33	1682	5625
1787677089.652313698	s2-eth34	1682	5535
1787677089.652313698	s2-eth4	1772	5625
1787677089.652313698	s2-eth5	1682	5535
1787677089.652313698	s2-eth6	1682	5535
1787677089.652313698	s2-eth7	656631183	9295
1787677089.652313698	s2-eth8	1772	5535
1787677089.652313698	s2-eth9	1772	5535
1787677089.652313698	s3-eth1	4403429005	1882321584
1787677089.652313698	s3-eth10	1682	5535
1787677089.652313698	s3-eth11	5349	630705092
1787677089.652313698	s3-eth12	1682	5625
1787677089.652313698	s3-eth13	1772	5625
1787677089.652313698	s3-eth14	1772	5625
1787677089.652313698	s3-eth15	5666	630506000
1787677089.652313698	s3-eth16	1522	5535
1787677089.652313698	s3-eth17	1772	5625
1787677089.652313698	s3-eth18	1772	5625
1787677089.652313698	s3-eth19	131335076	9328
1787677089.652313698	s3-eth2	29091	31730
1787677089.652313698	s3-eth20	1682	5535
1787677089.652313698	s3-eth21	1522	5425
1787677089.652313698	s3-eth22	1682	5535
1787677089.652313698	s3-eth23	437755621	8698
1787677089.652313698	s3-eth24	1522	5535
1787677089.652313698	s3-eth25	1682	5555
1787677089.652313698	s3-eth26	1522	5535
1787677089.652313698	s3-eth27	656632825	9566
1787677089.652313698	s3-eth28	1682	5625
1787677089.652313698	s3-eth29	1682	5535
1787677089.652313698	s3-eth3	5439	2499931949
1787677089.652313698	s3-eth30	1682	5535
1787677089.652313698	s3-eth31	656632696	9418
1787677089.652313698	s3-eth32	1772	5535
1787677089.652313698	s3-eth33	1522	5535
1787677089.652313698	s3-eth34	1772	5535
1787677089.652313698	s3-eth4	1682	5625
1787677089.652313698	s3-eth5	1772	5535
1787677089.652313698	s3-eth6	1772	5625
1787677089.652313698	s3-eth7	5732	631110498
1787677089.652313698	s3-eth8	1522	5515
1787677089.652313698	s3-eth9	1772	5535
1787677089.652313698	s4-eth1	3952206766	62106
1787677089.652313698	s4-eth10	1682	5515
1787677089.652313698	s4-eth11	5344	646259834
1787677089.652313698	s4-eth12	1522	5585
1787677089.652313698	s4-eth13	1772	5535
1787677089.652313698	s4-eth14	1522	5535
1787677089.652313698	s4-eth15	5346	646094117
1787677089.652313698	s4-eth16	1682	5535
1787677089.652313698	s4-eth17	1682	5515
1787677089.652313698	s4-eth18	1682	5515
1787677089.652313698	s4-eth19	5495	131233643
1787677089.652313698	s4-eth2	31730	31730
1787677089.652313698	s4-eth20	1772	5585
1787677089.652313698	s4-eth21	1522	5535
1787677089.652313698	s4-eth22	1772	5585
1787677089.652313698	s4-eth23	4885	437457986
1787677089.652313698	s4-eth24	1522	5625
1787677089.652313698	s4-eth25	1682	5515
1787677089.652313698	s4-eth26	1522	5515
1787677089.652313698	s4-eth27	5553	656016618
1787677089.652313698	s4-eth28	1612	5535
1787677089.652313698	s4-eth29	1522	5535
1787677089.652313698	s4-eth3	5402	129276874
1787677089.652313698	s4-eth30	1522	5515
1787677089.652313698	s4-eth31	5655	655986137
1787677089.652313698	s4-eth32	1682	5515
1787677089.652313698	s4-eth33	1772	5515
1787677089.652313698	s4-eth34	1522	5625
1787677089.652313698	s4-eth4	1772	5535
1787677089.652313698	s4-eth5	1682	5515
1787677089.652313698	s4-eth6	1682	5515
1787677089.652313698	s4-eth7	5212	646425519
1787677089.652313698	s4-eth8	1682	5515
1787677089.652313698	s4-eth9	1682	5535
1787677089.652313698	s5-eth1	8899365008	62061
1787677089.652313698	s5-eth2	2101115892	4252687577
1787677089.652313698	s5-eth3	62454	31730
1787677089.652313698	s5-eth4	32705	6565651649
1787677089.652313698	s6-eth1	31730	31863
1787677089.652313698	s6-eth2	31730	29294
1787677089.652313698	s6-eth3	31730	31730
1787677089.652313698	s6-eth4	32705	31730
1787677089.652313698	s7-eth1	1882321584	4403429005
1787677089.652313698	s7-eth2	62106	3952206766
1787677089.652313698	s7-eth3	31730	62454
1787677089.652313698	s7-eth4	6519049932	31730
1787677089.652313698	s8-eth1	31730	29091
1787677089.652313698	s8-eth2	31730	31730
1787677089.652313698	s8-eth3	31730	29294
1787677089.652313698	s8-eth4	32705	31730
1787677089.652313698	s9-eth1	31730	62454
1787677089.652313698	s9-eth2	31730	31730
1787677089.652313698	s9-eth3	62454	31730
1787677089.652313698	s9-eth4	29294	31730
1787677091.944462426	s10-eth1	6565651649	32705
1787677091.944462426	s10-eth2	31730	32705
1787677091.944462426	s10-eth3	31730	6519049932
1787677091.944462426	s10-eth4	31730	32705
1787677091.944462426	s1-eth1	62061	8899365008
1787677091.944462426	s1-eth10	1772	5625
1787677091.944462426	s1-eth11	656631263	9452
1787677091.944462426	s1-eth12	1682	5625
1787677091.944462426	s1-eth13	1772	5625
1787677091.944462426	s1-eth14	1772	5625
1787677091.944462426	s1-eth15	656632762	9429
1787677091.944462426	s1-eth16	1702	5625
1787677091.944462426	s1-eth17	1702	5535
1787677091.944462426	s1-eth18	1772	5625
1787677091.944462426	s1-eth19	2626502985	9420
1787677091.944462426	s1-eth2	31863	31730
1787677091.944462426	s1-eth20	1682	5394
1787677091.944462426	s1-eth21	1702	5625
1787677091.944462426	s1-eth22	1772	5625
1787677091.944462426	s1-eth23	437756721	8729
1787677091.944462426	s1-eth24	1702	5535
1787677091.944462426	s1-eth25	1772	5625
1787677091.944462426	s1-eth26	1772	5535
1787677091.944462426	s1-eth27	656632466	9463
1787677091.944462426	s1-eth28	1772	5625
1787677091.944462426	s1-eth29	1772	5625
1787677091.944462426	s1-eth3	2626494141	9488
1787677091.944462426	s1-eth30	1682	5535
1787677091.944462426	s1-eth31	656632641	9531
1787677091.944462426	s1-eth32	1682	5535
1787677091.944462426	s1-eth33	1772	5625
1787677091.944462426	s1-eth34	1772	5535
1787677091.944462426	s1-eth4	1898	5731
1787677091.944462426	s1-eth5	1772	5304
1787677091.944462426	s1-eth6	1772	5625
1787677091.944462426	s1-eth7	656633062	9585
1787677091.944462426	s1-eth8	1612	5625
1787677091.944462426	s1-eth9	1772	5535
1787677091.944462426	s2-eth1	4252687577	2101115892
1787677091.944462426	s2-eth10	1682	5645
1787677091.944462426	s2-eth11	656629819	9357
1787677091.944462426	s2-eth12	1682	5535
1787677091.944462426	s2-eth13	1772	5394
1787677091.944462426	s2-eth14	1772	5625
1787677091.944462426	s2-eth15	656631371	9449
1787677091.944462426	s2-eth16	1772	5535
1787677091.944462426	s2-eth17	1682	5625
1787677091.944462426	s2-eth18	1772	5535
1787677091.944462426	s2-eth19	5637	2537487684
1787677091.944462426	s2-eth2	29294	31730
1787677091.944462426	s2-eth20	1772	5535
1787677091.944462426	s2-eth21	1612	5555
1787677091.944462426	s2-eth22	1682	5535
1787677091.944462426	s2-eth23	4876	426024000
1787677091.944462426	s2-eth24	1772	5515
1787677091.944462426	s2-eth25	1682	5625
1787677091.944462426	s2-eth26	1772	5535
1787677091.944462426	s2-eth27	5610	640194795
1787677091.944462426	s2-eth28	1772	5535
1787677091.944462426	s2-eth29	1682	5535
1787677091.944462426	s2-eth3	131335234	9505
1787677091.944462426	s2-eth30	1772	5515
1787677091.944462426	s2-eth31	5428	639982746
1787677091.944462426	s2-eth32	1522	5645
1787677091.944462426	s2-eth33	1682	5625
1787677091.944462426	s2-eth34	1682	5535
1787677091.944462426	s2-eth4	1772	5625
1787677091.944462426	s2-eth5	1682	5535
1787677091.944462426	s2-eth6	1682	5535
1787677091.944462426	s2-eth7	656631183	9295
1787677091.944462426	s2-eth8	1772	5535
1787677091.944462426	s2-eth9	1772	5535
1787677091.944462426	s3-eth1	4403429005	1882321584
1787677091.944462426	s3-eth10	1682	5535
1787677091.944462426	s3-eth11	5349	630705092
1787677091.944462426	s3-eth12	1682	5625
1787677091.944462426	s3-eth13	1772	5625
1787677091.944462426	s3-eth14	1772	5625
1787677091.944462426	s3-eth15	5666	630506000
1787677091.944462426	s3-eth16	1522	5535
1787677091.944462426	s3-eth17	1772	5625
1787677091.944462426	s3-eth18	1772	5625
1787677091.944462426	s3-eth19	131335076	9328
1787677091.944462426	s3-eth2	29091	31730
1787677091.944462426	s3-eth20	1682	5535
1787677091.944462426	s3-eth21	1522	5425
1787677091.944462426	s3-eth22	1682	5535
1787677091.944462426	s3-eth23	437755621	8698
1787677091.944462426	s3-eth24	1522	5535
1787677091.944462426	s3-eth25	1682	5555
1787677091.944462426	s3-eth26	1522	5535
1787677091.944462426	s3-eth27	656632825	9566
1787677091.944462426	s3-eth28	1682	5625
1787677091.944462426	s3-eth29	1682	5535
1787677091.944462426	s3-eth3	5439	2499931949
1787677091.944462426	s3-eth30	1682	5535
1787677091.944462426	s3-eth31	656632696	9418
1787677091.944462426	s3-eth32	1772	5535
1787677091.944462426	s3-eth33	1522	5535
1787677091.944462426	s3-eth34	1772	5535
1787677091.944462426	s3-eth4	1682	5625
1787677091.944462426	s3-eth5	1772	5535
1787677091.944462426	s3-eth6	1772	5625
1787677091.944462426	s3-eth7	5732	631110498
1787677091.944462426	s3-eth8	1522	5515
1787677091.944462426	s3-eth9	1772	5535
1787677091.944462426	s4-eth1	3952206766	62106
1787677091.944462426	s4-eth10	1682	5515
1787677091.944462426	s4-eth11	5344	646259834
1787677091.944462426	s4-eth12	1522	5585
1787677091.944462426	s4-eth13	1772	5535
1787677091.944462426	s4-eth14	1522	5535
1787677091.944462426	s4-eth15	5346	646094117
1787677091.944462426	s4-eth16	1682	5535
1787677091.944462426	s4-eth17	1682	5515
1787677091.944462426	s4-eth18	1682	5515
1787677091.944462426	s4-eth19	5495	131233643
1787677091.944462426	s4-eth2	31730	31730
1787677091.944462426	s4-eth20	1772	5585
1787677091.944462426	s4-eth21	1522	5535
1787677091.944462426	s4-eth22	1772	5585
1787677091.944462426	s4-eth23	4885	437457986
1787677091.944462426	s4-eth24	1522	5625
1787677091.944462426	s4-eth25	1682	5515
1787677091.944462426	s4-eth26	1522	5515
1787677091.944462426	s4-eth27	5553	656016618
1787677091.944462426	s4-eth28	1612	5535
1787677091.944462426	s4-eth29	1522	5535
1787677091.944462426	s4-eth3	5402	129276874
1787677091.944462426	s4-eth30	1522	5515
1787677091.944462426	s4-eth31	5655	655986137
1787677091.944462426	s4-eth32	1682	5515
1787677091.944462426	s4-eth33	1772	5515
1787677091.944462426	s4-eth34	1522	5625
1787677091.944462426	s4-eth4	1772	5535
1787677091.944462426	s4-eth5	1682	5515
1787677091.944462426	s4-eth6	1682	5515
1787677091.944462426	s4-eth7	5212	646425519
1787677091.944462426	s4-eth8	1682	5515
1787677091.944462426	s4-eth9	1682	5535
1787677091.944462426	s5-eth1	8899365008	62061
1787677091.944462426	s5-eth2	2101115892	4252687577
1787677091.944462426	s5-eth3	62454	31730
1787677091.944462426	s5-eth4	32705	6565651649
1787677091.944462426	s6-eth1	31730	31863
1787677091.944462426	s6-eth2	31730	29294
1787677091.944462426	s6-eth3	31730	31730
1787677091.944462426	s6-eth4	32705	31730
1787677091.944462426	s7-eth1	1882321584	4403429005
1787677091.944462426	s7-eth2	62106	3952206766
1787677091.944462426	s7-eth3	31730	62454
1787677091.944462426	s7-eth4	6519049932	31730
1787677091.944462426	s8-eth1	31730	29091
1787677091.944462426	s8-eth2	31730	31730
1787677091.944462426	s8-eth3	31730	29294
1787677091.944462426	s8-eth4	32705	31730
1787677091.944462426	s9-eth1	31730	62454
1787677091.944462426	s9-eth2	31730	31730
1787677091.944462426	s9-eth3	62454	31730
1787677091.944462426	s9-eth4	29294	31730
1787677094.253432396	s10-eth1	6565651676	32733
1787677094.253432396	s10-eth2	31757	32733
1787677094.253432396	s10-eth3	31757	6519049960
1787677094.253432396	s10-eth4	31757	32733
1787677094.253432396	s1-eth1	62088	8899365035
1787677094.253432396	s1-eth10	1772	5625
1787677094.253432396	s1-eth11	656631263	9452
1787677094.253432396	s1-eth12	1682	5625
1787677094.253432396	s1-eth13	1772	5625
1787677094.253432396	s1-eth14	1772	5625
1787677094.253432396	s1-eth15	656632762	9429
1787677094.253432396	s1-eth16	1702	5625
1787677094.253432396	s1-eth17	1702	5535
1787677094.253432396	s1-eth18	1772	5625
1787677094.253432396	s1-eth19	2626502985	9420
1787677094.253432396	s1-eth2	31890	31757
1787677094.253432396	s1-eth20	1682	5394
1787677094.253432396	s1-eth21	1702	5625
1787677094.253432396	s1-eth22	1772	5625
1787677094.253432396	s1-eth23	437756721	8729
1787677094.253432396	s1-eth24	1702	5535
1787677094.253432396	s1-eth25	1772	5625
1787677094.253432396	s1-eth26	1772	5535
1787677094.253432396	s1-eth27	656632466	9463
1787677094.253432396	s1-eth28	1772	5625
1787677094.253432396	s1-eth29	1772	5625
1787677094.253432396	s1-eth3	2626494141	9488
1787677094.253432396	s1-eth30	1682	5535
1787677094.253432396	s1-eth31	656632641	9531
1787677094.253432396	s1-eth32	1682	5535
1787677094.253432396	s1-eth33	1772	5625
1787677094.253432396	s1-eth34	1772	5535
1787677094.253432396	s1-eth4	1898	5731
1787677094.253432396	s1-eth5	1772	5304
1787677094.253432396	s1-eth6	1772	5625
1787677094.253432396	s1-eth7	656633062	9585
1787677094.253432396	s1-eth8	1612	5625
1787677094.253432396	s1-eth9	1772	5535
1787677094.253432396	s2-eth1	4252687604	2101115919
1787677094.253432396	s2-eth10	1682	5645
1787677094.253432396	s2-eth11	656629819	9357
1787677094.253432396	s2-eth12	1682	5535
1787677094.253432396	s2-eth13	1772	5394
1787677094.253432396	s2-eth14	1772	5625
1787677094.253432396	s2-eth15	656631371	9449
1787677094.253432396	s2-eth16	1772	5535
1787677094.253432396	s2-eth17	1682	5625
1787677094.253432396	s2-eth18	1772	5535
1787677094.253432396	s2-eth19	5637	2537487684
1787677094.253432396	s2-eth2	29321	31757
1787677094.253432396	s2-eth20	1772	5535
1787677094.253432396	s2-eth21	1612	5555
1787677094.253432396	s2-eth22	1682	5535
1787677094.253432396	s2-eth23	4876	426024000
1787677094.253432396	s2-eth24	1772	5515
1787677094.253432396	s2-eth25	1682	5625
1787677094.253432396	s2-eth26	1772	5535
1787677094.253432396	s2-eth27	5610	640194795
1787677094.253432396	s2-eth28	1772	5535
1787677094.253432396	s2-eth29	1682	5535
1787677094.253432396	s2-eth3	131335234	9505
1787677094.253432396	s2-eth30	1772	5515
1787677094.253432396	s2-eth31	5428	639982746
1787677094.253432396	s2-eth32	1522	5645
1787677094.253432396	s2-eth33	1682	5625
1787677094.253432396	s2-eth34	1682	5535
1787677094.253432396	s2-eth4	1772	5625
1787677094.253432396	s2-eth5	1682	5535
1787677094.253432396	s2-eth6	1682	5535
1787677094.253432396	s2-eth7	656631183	9295
1787677094.253432396	s2-eth8	1772	5535
1787677094.253432396	s2-eth9	1772	5535
1787677094.253432396	s3-eth1	4403429032	1882321611
1787677094.253432396	s3-eth10	1682	5535
1787677094.253432396	s3-eth11	5349	630705092
1787677094.253432396	s3-eth12	1682	5625
1787677094.253432396	s3-eth13	1772	5625
1787677094.253432396	s3-eth14	1772	5625
1787677094.253432396	s3-eth15	5666	630506000
1787677094.253432396	s3-eth16	1522	5535
1787677094.253432396	s3-eth17	1772	5625
1787677094.253432396	s3-eth18	1772	5625
1787677094.253432396	s3-eth19	131335076	9328
1787677094.253432396	s3-eth2	29118	31757
1787677094.253432396	s3-eth20	1682	5535
1787677094.253432396	s3-eth21	1522	5425
1787677094.253432396	s3-eth22	1682	5535
1787677094.253432396	s3-eth23	437755621	8698
1787677094.253432396	s3-eth24	1522	5535
1787677094.253432396	s3-eth25	1682	5555
1787677094.253432396	s3-eth26	1522	5535
1787677094.253432396	s3-eth27	656632825	9566
1787677094.253432396	s3-eth28	1682	5625
1787677094.253432396	s3-eth29	1682	5535
1787677094.253432396	s3-eth3	5439	2499931949
1787677094.253432396	s3-eth30	1682	5535
1787677094.253432396	s3-eth31	656632696	9418
1787677094.253432396	s3-eth32	1772	5535
1787677094.253432396	s3-eth33	1522	5535
1787677094.253432396	s3-eth34	1772	5535
1787677094.253432396	s3-eth4	1682	5625
1787677094.253432396	s3-eth5	1772	5535
1787677094.253432396	s3-eth6	1772	5625
1787677094.253432396	s3-eth7	5732	631110498
1787677094.253432396	s3-eth8	1522	5515
1787677094.253432396	s3-eth9	1772	5535
1787677094.253432396	s4-eth1	3952206793	62133
1787677094.253432396	s4-eth10	1682	5515
1787677094.253432396	s4-eth11	5344	646259834
1787677094.253432396	s4-eth12	1522	5585
1787677094.253432396	s4-eth13	1772	5535
1787677094.253432396	s4-eth14	1522	5535
1787677094.253432396	s4-eth15	5346	646094117
1787677094.253432396	s4-eth16	1682	5535
1787677094.253432396	s4-eth17	1682	5515
1787677094.253432396	s4-eth18	1682	5515
1787677094.253432396	s4-eth19	5495	131233643
1787677094.253432396	s4-eth2	31757	31757
1787677094.253432396	s4-eth20	1772	5585
1787677094.253432396	s4-eth21	1522	5535
1787677094.253432396	s4-eth22	1772	5585
1787677094.253432396	s4-eth23	4885	437457986
1787677094.253432396	s4-eth24	1522	5625
1787677094.253432396	s4-eth25	1682	5515
1787677094.253432396	s4-eth26	1522	5515
1787677094.253432396	s4-eth27	5553	656016618
1787677094.253432396	s4-eth28	1612	5535
1787677094.253432396	s4-eth29	1522	5535
1787677094.253432396	s4-eth3	5402	129276874
1787677094.253432396	s4-eth30	1522	5515
1787677094.253432396	s4-eth31	5655	655986137
1787677094.253432396	s4-eth32	1682	5515
1787677094.253432396	s4-eth33	1772	5515
1787677094.253432396	s4-eth34	1522	5625
1787677094.253432396	s4-eth4	1772	5535
1787677094.253432396	s4-eth5	1682	5515
1787677094.253432396	s4-eth6	1682	5515
1787677094.253432396	s4-eth7	5212	646425519
1787677094.253432396	s4-eth8	1682	5515
1787677094.253432396	s4-eth9	1682	5535
1787677094.253432396	s5-eth1	8899365035	62088
1787677094.253432396	s5-eth2	2101115919	4252687604
1787677094.253432396	s5-eth3	62481	31757
1787677094.253432396	s5-eth4	32733	6565651676
1787677094.253432396	s6-eth1	31757	31890
1787677094.253432396	s6-eth2	31757	29321
1787677094.253432396	s6-eth3	31757	31757
1787677094.253432396	s6-eth4	32733	31757
1787677094.253432396	s7-eth1	1882321611	4403429032
1787677094.253432396	s7-eth2	62133	3952206793
1787677094.253432396	s7-eth3	31757	62481
1787677094.253432396	s7-eth4	6519049960	31757
1787677094.253432396	s8-eth1	31757	29118
1787677094.253432396	s8-eth2	31757	31757
1787677094.253432396	s8-eth3	31757	29321
1787677094.253432396	s8-eth4	32733	31757
1787677094.253432396	s9-eth1	31757	62481
1787677094.253432396	s9-eth2	31757	31757
1787677094.253432396	s9-eth3	62481	31757
1787677094.253432396	s9-eth4	29321	31757
1787677096.542775548	s10-eth1	6565651676	32733
1787677096.542775548	s10-eth2	31757	32733
1787677096.542775548	s10-eth3	31757	6519049960
1787677096.542775548	s10-eth4	31757	32733
1787677096.542775548	s1-eth1	62088	8899365035
1787677096.542775548	s1-eth10	1772	5625
1787677096.542775548	s1-eth11	656631263	9452
1787677096.542775548	s1-eth12	1682	5625
1787677096.542775548	s1-eth13	1772	5625
1787677096.542775548	s1-eth14	1772	5625
1787677096.542775548	s1-eth15	656632762	9429
1787677096.542775548	s1-eth16	1702	5625
1787677096.542775548	s1-eth17	1702	5535
1787677096.542775548	s1-eth18	1772	5625
1787677096.542775548	s1-eth19	2626502985	9420
1787677096.542775548	s1-eth2	31890	31757
1787677096.542775548	s1-eth20	1682	5394
1787677096.542775548	s1-eth21	1702	5625
1787677096.542775548	s1-eth22	1772	5625
1787677096.542775548	s1-eth23	437756721	8729
1787677096.542775548	s1-eth24	1702	5535
1787677096.542775548	s1-eth25	1772	5625
1787677096.542775548	s1-eth26	1772	5535
1787677096.542775548	s1-eth27	656632466	9463
1787677096.542775548	s1-eth28	1772	5625
1787677096.542775548	s1-eth29	1772	5625
1787677096.542775548	s1-eth3	2626494141	9488
1787677096.542775548	s1-eth30	1682	5535
1787677096.542775548	s1-eth31	656632641	9531
1787677096.542775548	s1-eth32	1682	5535
1787677096.542775548	s1-eth33	1772	5625
1787677096.542775548	s1-eth34	1772	5535
1787677096.542775548	s1-eth4	1898	5731
1787677096.542775548	s1-eth5	1772	5304
1787677096.542775548	s1-eth6	1772	5625
1787677096.542775548	s1-eth7	656633062	9585
1787677096.542775548	s1-eth8	1612	5625
1787677096.542775548	s1-eth9	1772	5535
1787677096.542775548	s2-eth1	4252687604	2101115919
1787677096.542775548	s2-eth10	1682	5645
1787677096.542775548	s2-eth11	656629819	9357
1787677096.542775548	s2-eth12	1682	5535
1787677096.542775548	s2-eth13	1772	5394
1787677096.542775548	s2-eth14	1772	5625
1787677096.542775548	s2-eth15	656631371	9449
1787677096.542775548	s2-eth16	1772	5535
1787677096.542775548	s2-eth17	1682	5625
1787677096.542775548	s2-eth18	1772	5535
1787677096.542775548	s2-eth19	5637	2537487684
1787677096.542775548	s2-eth2	29321	31757
1787677096.542775548	s2-eth20	1772	5535
1787677096.542775548	s2-eth21	1612	5555
1787677096.542775548	s2-eth22	1682	5535
1787677096.542775548	s2-eth23	4876	426024000
1787677096.542775548	s2-eth24	1772	5515
1787677096.542775548	s2-eth25	1682	5625
1787677096.542775548	s2-eth26	1772	5535
1787677096.542775548	s2-eth27	5610	640194795
1787677096.542775548	s2-eth28	1772	5535
1787677096.542775548	s2-eth29	1682	5535
1787677096.542775548	s2-eth3	131335234	9505
1787677096.542775548	s2-eth30	1772	5515
1787677096.542775548	s2-eth31	5428	639982746
1787677096.542775548	s2-eth32	1522	5645
1787677096.542775548	s2-eth33	1682	5625
1787677096.542775548	s2-eth34	1682	5535
1787677096.542775548	s2-eth4	1772	5625
1787677096.542775548	s2-eth5	1682	5535
1787677096.542775548	s2-eth6	1682	5535
1787677096.542775548	s2-eth7	656631183	9295
1787677096.542775548	s2-eth8	1772	5535
1787677096.542775548	s2-eth9	1772	5535
1787677096.542775548	s3-eth1	4403429032	1882321611
1787677096.542775548	s3-eth10	1682	5535
1787677096.542775548	s3-eth11	5349	630705092
1787677096.542775548	s3-eth12	1682	5625
1787677096.542775548	s3-eth13	1772	5625
1787677096.542775548	s3-eth14	1772	5625
1787677096.542775548	s3-eth15	5666	630506000
1787677096.542775548	s3-eth16	1522	5535
1787677096.542775548	s3-eth17	1772	5625
1787677096.542775548	s3-eth18	1772	5625
1787677096.542775548	s3-eth19	131335076	9328
1787677096.542775548	s3-eth2	29118	31757
1787677096.542775548	s3-eth20	1682	5535
1787677096.542775548	s3-eth21	1522	5425
1787677096.542775548	s3-eth22	1682	5535
1787677096.542775548	s3-eth23	437755621	8698
1787677096.542775548	s3-eth24	1522	5535
1787677096.542775548	s3-eth25	1682	5555
1787677096.542775548	s3-eth26	1522	5535
1787677096.542775548	s3-eth27	656632825	9566
1787677096.542775548	s3-eth28	1682	5625
1787677096.542775548	s3-eth29	1682	5535
1787677096.542775548	s3-eth3	5439	2499931949
1787677096.542775548	s3-eth30	1682	5535
1787677096.542775548	s3-eth31	656632696	9418
1787677096.542775548	s3-eth32	1772	5535
1787677096.542775548	s3-eth33	1522	5535
1787677096.542775548	s3-eth34	1772	5535
1787677096.542775548	s3-eth4	1682	5625
1787677096.542775548	s3-eth5	1772	5535
1787677096.542775548	s3-eth6	1772	5625
1787677096.542775548	s3-eth7	5732	631110498
1787677096.542775548	s3-eth8	1522	5515
1787677096.542775548	s3-eth9	1772	5535
1787677096.542775548	s4-eth1	3952206793	62133
1787677096.542775548	s4-eth10	1682	5515
1787677096.542775548	s4-eth11	5344	646259834
1787677096.542775548	s4-eth12	1522	5585
1787677096.542775548	s4-eth13	1772	5535
1787677096.542775548	s4-eth14	1522	5535
1787677096.542775548	s4-eth15	5346	646094117
1787677096.542775548	s4-eth16	1682	5535
1787677096.542775548	s4-eth17	1682	5515
1787677096.542775548	s4-eth18	1682	5515
1787677096.542775548	s4-eth19	5495	131233643
1787677096.542775548	s4-eth2	31757	31757
1787677096.542775548	s4-eth20	1772	5585
1787677096.542775548	s4-eth21	1522	5535
1787677096.542775548	s4-eth22	1772	5585
1787677096.542775548	s4-eth23	4885	437457986
1787677096.542775548	s4-eth24	1522	5625
1787677096.542775548	s4-eth25	1682	5515
1787677096.542775548	s4-eth26	1522	5515
1787677096.542775548	s4-eth27	5553	656016618
1787677096.542775548	s4-eth28	1612	5535
1787677096.542775548	s4-eth29	1522	5535
1787677096.542775548	s4-eth3	5402	129276874
1787677096.542775548	s4-eth30	1522	5515
1787677096.542775548	s4-eth31	5655	655986137
1787677096.542775548	s4-eth32	1682	5515
1787677096.542775548	s4-eth33	1772	5515
1787677096.542775548	s4-eth34	1522	5625
1787677096.542775548	s4-eth4	1772	5535
1787677096.542775548	s4-eth5	1682	5515
1787677096.542775548	s4-eth6	1682	5515
1787677096.542775548	s4-eth7	5212	646425519
1787677096.542775548	s4-eth8	1682	5515
1787677096.542775548	s4-eth9	1682	5535
1787677096.542775548	s5-eth1	8899365035	62088
1787677096.542775548	s5-eth2	2101115919	4252687604
1787677096.542775548	s5-eth3	62481	31757
1787677096.542775548	s5-eth4	32733	6565651676
1787677096.542775548	s6-eth1	31757	31890
1787677096.542775548	s6-eth2	31757	29321
1787677096.542775548	s6-eth3	31757	31757
1787677096.542775548	s6-eth4	32733	31757
1787677096.542775548	s7-eth1	1882321611	4403429032
1787677096.542775548	s7-eth2	62133	3952206793
1787677096.542775548	s7-eth3	31757	62481
1787677096.542775548	s7-eth4	6519049960	31757
1787677096.542775548	s8-eth1	31757	29118
1787677096.542775548	s8-eth2	31757	31757
1787677096.542775548	s8-eth3	31757	29321
1787677096.542775548	s8-eth4	32733	31757
1787677096.542775548	s9-eth1	31757	62481
1787677096.542775548	s9-eth2	31757	31757
1787677096.542775548	s9-eth3	62481	31757
1787677096.542775548	s9-eth4	29321	31757
1787677098.840252836	s10-eth1	6565651703	32761
1787677098.840252836	s10-eth2	31784	32761
1787677098.840252836	s10-eth3	31784	6519049988
1787677098.840252836	s10-eth4	31784	32761
1787677098.840252836	s1-eth1	62115	8899365062
1787677098.840252836	s1-eth10	1772	5625
1787677098.840252836	s1-eth11	656631263	9452
1787677098.840252836	s1-eth12	1682	5625
1787677098.840252836	s1-eth13	1772	5625
1787677098.840252836	s1-eth14	1772	5625
1787677098.840252836	s1-eth15	656632762	9429
1787677098.840252836	s1-eth16	1702	5625
1787677098.840252836	s1-eth17	1702	5535
1787677098.840252836	s1-eth18	1772	5625
1787677098.840252836	s1-eth19	2626502985	9420
1787677098.840252836	s1-eth2	31917	31784
1787677098.840252836	s1-eth20	1682	5394
1787677098.840252836	s1-eth21	1702	5625
1787677098.840252836	s1-eth22	1772	5625
1787677098.840252836	s1-eth23	437756721	8729
1787677098.840252836	s1-eth24	1702	5535
1787677098.840252836	s1-eth25	1772	5625
1787677098.840252836	s1-eth26	1772	5535
1787677098.840252836	s1-eth27	656632466	9463
1787677098.840252836	s1-eth28	1772	5625
1787677098.840252836	s1-eth29	1772	5625
1787677098.840252836	s1-eth3	2626494141	9488
1787677098.840252836	s1-eth30	1682	5535
1787677098.840252836	s1-eth31	656632641	9531
1787677098.840252836	s1-eth32	1682	5535
1787677098.840252836	s1-eth33	1772	5625
1787677098.840252836	s1-eth34	1772	5535
1787677098.840252836	s1-eth4	1898	5731
1787677098.840252836	s1-eth5	1772	5304
1787677098.840252836	s1-eth6	1772	5625
1787677098.840252836	s1-eth7	656633062	9585
1787677098.840252836	s1-eth8	1612	5625
1787677098.840252836	s1-eth9	1772	5535
1787677098.840252836	s2-eth1	4252687631	2101115946
1787677098.840252836	s2-eth10	1682	5645
1787677098.840252836	s2-eth11	656629819	9357
1787677098.840252836	s2-eth12	1682	5535
1787677098.840252836	s2-eth13	1772	5394
1787677098.840252836	s2-eth14	1772	5625
1787677098.840252836	s2-eth15	656631371	9449
1787677098.840252836	s2-eth16	1772	5535
1787677098.840252836	s2-eth17	1682	5625
1787677098.840252836	s2-eth18	1772	5535
1787677098.840252836	s2-eth19	5637	2537487684
1787677098.840252836	s2-eth2	29348	31784
1787677098.840252836	s2-eth20	1772	5535
1787677098.840252836	s2-eth21	1612	5555
1787677098.840252836	s2-eth22	1682	5535
1787677098.840252836	s2-eth23	4876	426024000
1787677098.840252836	s2-eth24	1772	5515
1787677098.840252836	s2-eth25	1682	5625
1787677098.840252836	s2-eth26	1772	5535
1787677098.840252836	s2-eth27	5610	640194795
1787677098.840252836	s2-eth28	1772	5535
1787677098.840252836	s2-eth29	1682	5535
1787677098.840252836	s2-eth3	131335234	9505
1787677098.840252836	s2-eth30	1772	5515
1787677098.840252836	s2-eth31	5428	639982746
1787677098.840252836	s2-eth32	1522	5645
1787677098.840252836	s2-eth33	1682	5625
1787677098.840252836	s2-eth34	1682	5535
1787677098.840252836	s2-eth4	1772	5625
1787677098.840252836	s2-eth5	1682	5535
1787677098.840252836	s2-eth6	1682	5535
1787677098.840252836	s2-eth7	656631183	9295
1787677098.840252836	s2-eth8	1772	5535
1787677098.840252836	s2-eth9	1772	5535
1787677098.840252836	s3-eth1	4403429059	1882321638
1787677098.840252836	s3-eth10	1682	5535
1787677098.840252836	s3-eth11	5349	630705092
1787677098.840252836	s3-eth12	1682	5625
1787677098.840252836	s3-eth13	1772	5625
1787677098.840252836	s3-eth14	1772	5625
1787677098.840252836	s3-eth15	5666	630506000
1787677098.840252836	s3-eth16	1522	5535
1787677098.840252836	s3-eth17	1772	5625
1787677098.840252836	s3-eth18	1772	5625
1787677098.840252836	s3-eth19	131335076	9328
1787677098.840252836	s3-eth2	29145	31784
1787677098.840252836	s3-eth20	1682	5535
1787677098.840252836	s3-eth21	1522	5425
1787677098.840252836	s3-eth22	1682	5535
1787677098.840252836	s3-eth23	437755621	8698
1787677098.840252836	s3-eth24	1522	5535
1787677098.840252836	s3-eth25	1682	5555
1787677098.840252836	s3-eth26	1522	5535
1787677098.840252836	s3-eth27	656632825	9566
1787677098.840252836	s3-eth28	1682	5625
1787677098.840252836	s3-eth29	1682	5535
1787677098.840252836	s3-eth3	5439	2499931949
1787677098.840252836	s3-eth30	1682	5535
1787677098.840252836	s3-eth31	656632696	9418
1787677098.840252836	s3-eth32	1772	5535
1787677098.840252836	s3-eth33	1522	5535
1787677098.840252836	s3-eth34	1772	5535
1787677098.840252836	s3-eth4	1682	5625
1787677098.840252836	s3-eth5	1772	5535
1787677098.840252836	s3-eth6	1772	5625
1787677098.840252836	s3-eth7	5732	631110498
1787677098.840252836	s3-eth8	1522	5515
1787677098.840252836	s3-eth9	1772	5535
1787677098.840252836	s4-eth1	3952206820	62160
1787677098.840252836	s4-eth10	1682	5515
1787677098.840252836	s4-eth11	5344	646259834
1787677098.840252836	s4-eth12	1522	5585
1787677098.840252836	s4-eth13	1772	5535
1787677098.840252836	s4-eth14	1522	5535
1787677098.840252836	s4-eth15	5346	646094117
1787677098.840252836	s4-eth16	1682	5535
1787677098.840252836	s4-eth17	1682	5515
1787677098.840252836	s4-eth18	1682	5515
1787677098.840252836	s4-eth19	5495	131233643
1787677098.840252836	s4-eth2	31784	31784
1787677098.840252836	s4-eth20	1772	5585
1787677098.840252836	s4-eth21	1522	5535
1787677098.840252836	s4-eth22	1772	5585
1787677098.840252836	s4-eth23	4885	437457986
1787677098.840252836	s4-eth24	1522	5625
1787677098.840252836	s4-eth25	1682	5515
1787677098.840252836	s4-eth26	1522	5515
1787677098.840252836	s4-eth27	5553	656016618
1787677098.840252836	s4-eth28	1612	5535
1787677098.840252836	s4-eth29	1522	5535
1787677098.840252836	s4-eth3	5402	129276874
1787677098.840252836	s4-eth30	1522	5515
1787677098.840252836	s4-eth31	5655	655986137
1787677098.840252836	s4-eth32	1682	5515
1787677098.840252836	s4-eth33	1772	5515
1787677098.840252836	s4-eth34	1522	5625
1787677098.840252836	s4-eth4	1772	5535
1787677098.840252836	s4-eth5	1682	5515
1787677098.840252836	s4-eth6	1682	5515
1787677098.840252836	s4-eth7	5212	646425519
1787677098.840252836	s4-eth8	1682	5515
1787677098.840252836	s4-eth9	1682	5535
1787677098.840252836	s5-eth1	8899365062	62115
1787677098.840252836	s5-eth2	2101115946	4252687631
1787677098.840252836	s5-eth3	62508	31784
1787677098.840252836	s5-eth4	32761	6565651703
1787677098.840252836	s6-eth1	31784	31917
1787677098.840252836	s6-eth2	31784	29348
1787677098.840252836	s6-eth3	31784	31784
1787677098.840252836	s6-eth4	32761	31784
1787677098.840252836	s7-eth1	1882321638	4403429059
1787677098.840252836	s7-eth2	62160	3952206820
1787677098.840252836	s7-eth3	31784	62508
1787677098.840252836	s7-eth4	6519049988	31784
1787677098.840252836	s8-eth1	31784	29145
1787677098.840252836	s8-eth2	31784	31784
1787677098.840252836	s8-eth3	31784	29348
1787677098.840252836	s8-eth4	32761	31784
1787677098.840252836	s9-eth1	31784	62508
1787677098.840252836	s9-eth2	31784	31784
1787677098.840252836	s9-eth3	62508	31784
1787677098.840252836	s9-eth4	29348	31784
1787677101.140009825	s10-eth1	6565651703	32761
1787677101.140009825	s10-eth2	31784	32761
1787677101.140009825	s10-eth3	31784	6519049988
1787677101.140009825	s10-eth4	31784	32761
1787677101.140009825	s1-eth1	62115	8899365062
1787677101.140009825	s1-eth10	1772	5625
1787677101.140009825	s1-eth11	656631263	9452
1787677101.140009825	s1-eth12	1682	5625
1787677101.140009825	s1-eth13	1772	5625
1787677101.140009825	s1-eth14	1772	5625
1787677101.140009825	s1-eth15	656632762	9429
1787677101.140009825	s1-eth16	1702	5625
1787677101.140009825	s1-eth17	1702	5535
1787677101.140009825	s1-eth18	1772	5625
1787677101.140009825	s1-eth19	2626502985	9420
1787677101.140009825	s1-eth2	31917	31784
1787677101.140009825	s1-eth20	1682	5394
1787677101.140009825	s1-eth21	1702	5625
1787677101.140009825	s1-eth22	1772	5625
1787677101.140009825	s1-eth23	437756721	8729
1787677101.140009825	s1-eth24	1702	5535
1787677101.140009825	s1-eth25	1772	5625
1787677101.140009825	s1-eth26	1772	5535
1787677101.140009825	s1-eth27	656632466	9463
1787677101.140009825	s1-eth28	1772	5625
1787677101.140009825	s1-eth29	1772	5625
1787677101.140009825	s1-eth3	2626494141	9488
1787677101.140009825	s1-eth30	1682	5535
1787677101.140009825	s1-eth31	656632641	9531
1787677101.140009825	s1-eth32	1682	5535
1787677101.140009825	s1-eth33	1772	5625
1787677101.140009825	s1-eth34	1772	5535
1787677101.140009825	s1-eth4	1898	5731
1787677101.140009825	s1-eth5	1772	5304
1787677101.140009825	s1-eth6	1772	5625
1787677101.140009825	s1-eth7	656633062	9585
1787677101.140009825	s1-eth8	1612	5625
1787677101.140009825	s1-eth9	1772	5535
1787677101.140009825	s2-eth1	4252687631	2101115946
1787677101.140009825	s2-eth10	1682	5645
1787677101.140009825	s2-eth11	656629819	9357
1787677101.140009825	s2-eth12	1682	5535
1787677101.140009825	s2-eth13	1772	5394
1787677101.140009825	s2-eth14	1772	5625
1787677101.140009825	s2-eth15	656631371	9449
1787677101.140009825	s2-eth16	1772	5535
1787677101.140009825	s2-eth17	1682	5625
1787677101.140009825	s2-eth18	1772	5535
1787677101.140009825	s2-eth19	5637	2537487684
1787677101.140009825	s2-eth2	29348	31784
1787677101.140009825	s2-eth20	1772	5535
1787677101.140009825	s2-eth21	1612	5555
1787677101.140009825	s2-eth22	1682	5535
1787677101.140009825	s2-eth23	4876	426024000
1787677101.140009825	s2-eth24	1772	5515
1787677101.140009825	s2-eth25	1682	5625
1787677101.140009825	s2-eth26	1772	5535
1787677101.140009825	s2-eth27	5610	640194795
1787677101.140009825	s2-eth28	1772	5535
1787677101.140009825	s2-eth29	1682	5535
1787677101.140009825	s2-eth3	131335234	9505
1787677101.140009825	s2-eth30	1772	5515
1787677101.140009825	s2-eth31	5428	639982746
1787677101.140009825	s2-eth32	1522	5645
1787677101.140009825	s2-eth33	1682	5625
1787677101.140009825	s2-eth34	1682	5535
1787677101.140009825	s2-eth4	1772	5625
1787677101.140009825	s2-eth5	1682	5535
1787677101.140009825	s2-eth6	1682	5535
1787677101.140009825	s2-eth7	656631183	9295
1787677101.140009825	s2-eth8	1772	5535
1787677101.140009825	s2-eth9	1772	5535
1787677101.140009825	s3-eth1	4403429059	1882321638
1787677101.140009825	s3-eth10	1682	5535
1787677101.140009825	s3-eth11	5349	630705092
1787677101.140009825	s3-eth12	1682	5625
1787677101.140009825	s3-eth13	1772	5625
1787677101.140009825	s3-eth14	1772	5625
1787677101.140009825	s3-eth15	5666	630506000
1787677101.140009825	s3-eth16	1522	5535
1787677101.140009825	s3-eth17	1772	5625
1787677101.140009825	s3-eth18	1772	5625
1787677101.140009825	s3-eth19	131335076	9328
1787677101.140009825	s3-eth2	29145	31784
1787677101.140009825	s3-eth20	1682	5535
1787677101.140009825	s3-eth21	1522	5425
1787677101.140009825	s3-eth22	1682	5535
1787677101.140009825	s3-eth23	437755621	8698
1787677101.140009825	s3-eth24	1522	5535
1787677101.140009825	s3-eth25	1682	5555
1787677101.140009825	s3-eth26	1522	5535
1787677101.140009825	s3-eth27	656632825	9566
1787677101.140009825	s3-eth28	1682	5625
1787677101.140009825	s3-eth29	1682	5535
1787677101.140009825	s3-eth3	5439	2499931949
1787677101.140009825	s3-eth30	1682	5535
1787677101.140009825	s3-eth31	656632696	9418
1787677101.140009825	s3-eth32	1772	5535
1787677101.140009825	s3-eth33	1522	5535
1787677101.140009825	s3-eth34	1772	5535
1787677101.140009825	s3-eth4	1682	5625
1787677101.140009825	s3-eth5	1772	5535
1787677101.140009825	s3-eth6	1772	5625
1787677101.140009825	s3-eth7	5732	631110498
1787677101.140009825	s3-eth8	1522	5515
1787677101.140009825	s3-eth9	1772	5535
1787677101.140009825	s4-eth1	3952206820	62160
1787677101.140009825	s4-eth10	1682	5515
1787677101.140009825	s4-eth11	5344	646259834
1787677101.140009825	s4-eth12	1522	5585
1787677101.140009825	s4-eth13	1772	5535
1787677101.140009825	s4-eth14	1522	5535
1787677101.140009825	s4-eth15	5346	646094117
1787677101.140009825	s4-eth16	1682	5535
1787677101.140009825	s4-eth17	1682	5515
1787677101.140009825	s4-eth18	1682	5515
1787677101.140009825	s4-eth19	5495	131233643
1787677101.140009825	s4-eth2	31784	31784
1787677101.140009825	s4-eth20	1772	5585
1787677101.140009825	s4-eth21	1522	5535
1787677101.140009825	s4-eth22	1772	5585
1787677101.140009825	s4-eth23	4885	437457986
1787677101.140009825	s4-eth24	1522	5625
1787677101.140009825	s4-eth25	1682	5515
1787677101.140009825	s4-eth26	1522	5515
1787677101.140009825	s4-eth27	5553	656016618
1787677101.140009825	s4-eth28	1612	5535
1787677101.140009825	s4-eth29	1522	5535
1787677101.140009825	s4-eth3	5402	129276874
1787677101.140009825	s4-eth30	1522	5515
1787677101.140009825	s4-eth31	5655	655986137
1787677101.140009825	s4-eth32	1682	5515
1787677101.140009825	s4-eth33	1772	5515
1787677101.140009825	s4-eth34	1522	5625
1787677101.140009825	s4-eth4	1772	5535
1787677101.140009825	s4-eth5	1682	5515
1787677101.140009825	s4-eth6	1682	5515
1787677101.140009825	s4-eth7	5212	646425519
1787677101.140009825	s4-eth8	1682	5515
1787677101.140009825	s4-eth9	1682	5535
1787677101.140009825	s5-eth1	8899365062	62115
1787677101.140009825	s5-eth2	2101115946	4252687631
1787677101.140009825	s5-eth3	62508	31784
1787677101.140009825	s5-eth4	32761	6565651703
1787677101.140009825	s6-eth1	31784	31917
1787677101.140009825	s6-eth2	31784	29348
1787677101.140009825	s6-eth3	31784	31784
1787677101.140009825	s6-eth4	32761	31784
1787677101.140009825	s7-eth1	1882321638	4403429059
1787677101.140009825	s7-eth2	62160	3952206820
1787677101.140009825	s7-eth3	31784	62508
1787677101.140009825	s7-eth4	6519049988	31784
1787677101.140009825	s8-eth1	31784	29145
1787677101.140009825	s8-eth2	31784	31784
1787677101.140009825	s8-eth3	31784	29348
1787677101.140009825	s8-eth4	32761	31784
1787677101.140009825	s9-eth1	31784	62508
1787677101.140009825	s9-eth2	31784	31784
1787677101.140009825	s9-eth3	62508	31784
1787677101.140009825	s9-eth4	29348	31784
1787677103.424643188	s10-eth1	6565651703	32761
1787677103.424643188	s10-eth2	31784	32761
1787677103.424643188	s10-eth3	31784	6519049988
1787677103.424643188	s10-eth4	31784	32761
1787677103.424643188	s1-eth1	62115	8899365062
1787677103.424643188	s1-eth10	1772	5625
1787677103.424643188	s1-eth11	656631263	9452
1787677103.424643188	s1-eth12	1682	5625
1787677103.424643188	s1-eth13	1772	5625
1787677103.424643188	s1-eth14	1772	5625
1787677103.424643188	s1-eth15	656632762	9429
1787677103.424643188	s1-eth16	1702	5625
1787677103.424643188	s1-eth17	1702	5535
1787677103.424643188	s1-eth18	1772	5625
1787677103.424643188	s1-eth19	2626502985	9420
1787677103.424643188	s1-eth2	31917	31784
1787677103.424643188	s1-eth20	1682	5394
1787677103.424643188	s1-eth21	1702	5625
1787677103.424643188	s1-eth22	1772	5625
1787677103.424643188	s1-eth23	437756721	8729
1787677103.424643188	s1-eth24	1702	5535
1787677103.424643188	s1-eth25	1772	5625
1787677103.424643188	s1-eth26	1772	5535
1787677103.424643188	s1-eth27	656632466	9463
1787677103.424643188	s1-eth28	1772	5625
1787677103.424643188	s1-eth29	1772	5625
1787677103.424643188	s1-eth3	2626494141	9488
1787677103.424643188	s1-eth30	1682	5535
1787677103.424643188	s1-eth31	656632641	9531
1787677103.424643188	s1-eth32	1682	5535
1787677103.424643188	s1-eth33	1772	5625
1787677103.424643188	s1-eth34	1772	5535
1787677103.424643188	s1-eth4	1898	5731
1787677103.424643188	s1-eth5	1772	5304
1787677103.424643188	s1-eth6	1772	5625
1787677103.424643188	s1-eth7	656633062	9585
1787677103.424643188	s1-eth8	1612	5625
1787677103.424643188	s1-eth9	1772	5535
1787677103.424643188	s2-eth1	4252687658	2101115973
1787677103.424643188	s2-eth10	1682	5645
1787677103.424643188	s2-eth11	656629819	9357
1787677103.424643188	s2-eth12	1682	5535
1787677103.424643188	s2-eth13	1772	5394
1787677103.424643188	s2-eth14	1772	5625
1787677103.424643188	s2-eth15	656631371	9449
1787677103.424643188	s2-eth16	1772	5535
1787677103.424643188	s2-eth17	1682	5625
1787677103.424643188	s2-eth18	1772	5535
1787677103.424643188	s2-eth19	5637	2537487684
1787677103.424643188	s2-eth2	29375	31811
1787677103.424643188	s2-eth20	1772	5535
1787677103.424643188	s2-eth21	1612	5555
1787677103.424643188	s2-eth22	1682	5535
1787677103.424643188	s2-eth23	4876	426024000
1787677103.424643188	s2-eth24	1772	5515
1787677103.424643188	s2-eth25	1682	5625
1787677103.424643188	s2-eth26	1772	5535
1787677103.424643188	s2-eth27	5610	640194795
1787677103.424643188	s2-eth28	1772	5535
1787677103.424643188	s2-eth29	1682	5535
1787677103.424643188	s2-eth3	131335234	9505
1787677103.424643188	s2-eth30	1772	5515
1787677103.424643188	s2-eth31	5428	639982746
1787677103.424643188	s2-eth32	1522	5645
1787677103.424643188	s2-eth33	1682	5625
1787677103.424643188	s2-eth34	1682	5535
1787677103.424643188	s2-eth4	1772	5625
1787677103.424643188	s2-eth5	1682	5535
1787677103.424643188	s2-eth6	1682	5535
1787677103.424643188	s2-eth7	656631183	9295
1787677103.424643188	s2-eth8	1772	5535
1787677103.424643188	s2-eth9	1772	5535
1787677103.424643188	s3-eth1	4403429086	1882321665
1787677103.424643188	s3-eth10	1682	5535
1787677103.424643188	s3-eth11	5349	630705092
1787677103.424643188	s3-eth12	1682	5625
1787677103.424643188	s3-eth13	1772	5625
1787677103.424643188	s3-eth14	1772	5625
1787677103.424643188	s3-eth15	5666	630506000
1787677103.424643188	s3-eth16	1522	5535
1787677103.424643188	s3-eth17	1772	5625
1787677103.424643188	s3-eth18	1772	5625
1787677103.424643188	s3-eth19	131335076	9328
1787677103.424643188	s3-eth2	29172	31811
1787677103.424643188	s3-eth20	1682	5535
1787677103.424643188	s3-eth21	1522	5425
1787677103.424643188	s3-eth22	1682	5535
1787677103.424643188	s3-eth23	437755621	8698
1787677103.424643188	s3-eth24	1522	5535
1787677103.424643188	s3-eth25	1682	5555
1787677103.424643188	s3-eth26	1522	5535
1787677103.424643188	s3-eth27	656632825	9566
1787677103.424643188	s3-eth28	1682	5625
1787677103.424643188	s3-eth29	1682	5535
1787677103.424643188	s3-eth3	5439	2499931949
1787677103.424643188	s3-eth30	1682	5535
1787677103.424643188	s3-eth31	656632696	9418
1787677103.424643188	s3-eth32	1772	5535
1787677103.424643188	s3-eth33	1522	5535
1787677103.424643188	s3-eth34	1772	5535
1787677103.424643188	s3-eth4	1682	5625
1787677103.424643188	s3-eth5	1772	5535
1787677103.424643188	s3-eth6	1772	5625
1787677103.424643188	s3-eth7	5732	631110498
1787677103.424643188	s3-eth8	1522	5515
1787677103.424643188	s3-eth9	1772	5535
1787677103.424643188	s4-eth1	3952206847	62187
1787677103.424643188	s4-eth10	1682	5515
1787677103.424643188	s4-eth11	5344	646259834
1787677103.424643188	s4-eth12	1522	5585
1787677103.424643188	s4-eth13	1772	5535
1787677103.424643188	s4-eth14	1522	5535
1787677103.424643188	s4-eth15	5346	646094117
1787677103.424643188	s4-eth16	1682	5535
1787677103.424643188	s4-eth17	1682	5515
1787677103.424643188	s4-eth18	1682	5515
1787677103.424643188	s4-eth19	5495	131233643
1787677103.424643188	s4-eth2	31811	31811
1787677103.424643188	s4-eth20	1772	5585
1787677103.424643188	s4-eth21	1522	5535
1787677103.424643188	s4-eth22	1772	5585
1787677103.424643188	s4-eth23	4885	437457986
1787677103.424643188	s4-eth24	1522	5625
1787677103.424643188	s4-eth25	1682	5515
1787677103.424643188	s4-eth26	1522	5515
1787677103.424643188	s4-eth27	5553	656016618
1787677103.424643188	s4-eth28	1612	5535
1787677103.424643188	s4-eth29	1522	5535
1787677103.424643188	s4-eth3	5402	129276874
1787677103.424643188	s4-eth30	1522	5515
1787677103.424643188	s4-eth31	5655	655986137
1787677103.424643188	s4-eth32	1682	5515
1787677103.424643188	s4-eth33	1772	5515
1787677103.424643188	s4-eth34	1522	5625
1787677103.424643188	s4-eth4	1772	5535
1787677103.424643188	s4-eth5	1682	5515
1787677103.424643188	s4-eth6	1682	5515
1787677103.424643188	s4-eth7	5212	646425519
1787677103.424643188	s4-eth8	1682	5515
1787677103.424643188	s4-eth9	1682	5535
1787677103.424643188	s5-eth1	8899365089	62142
1787677103.424643188	s5-eth2	2101115973	4252687658
1787677103.424643188	s5-eth3	62535	31811
1787677103.424643188	s5-eth4	32789	6565651730
1787677103.424643188	s6-eth1	31811	31944
1787677103.424643188	s6-eth2	31811	29375
1787677103.424643188	s6-eth3	31811	31811
1787677103.424643188	s6-eth4	32789	31811
1787677103.424643188	s7-eth1	1882321665	4403429086
1787677103.424643188	s7-eth2	62187	3952206847
1787677103.424643188	s7-eth3	31811	62535
1787677103.424643188	s7-eth4	6519050016	31811
1787677103.424643188	s8-eth1	31811	29172
1787677103.424643188	s8-eth2	31811	31811
1787677103.424643188	s8-eth3	31811	29375
1787677103.424643188	s8-eth4	32789	31811
1787677103.424643188	s9-eth1	31811	62535
1787677103.424643188	s9-eth2	31811	31811
1787677103.424643188	s9-eth3	62535	31811
1787677103.424643188	s9-eth4	29375	31811
1787677105.722417412	s10-eth1	6565651730	32789
1787677105.722417412	s10-eth2	31811	32789
1787677105.722417412	s10-eth3	31811	6519050016
1787677105.722417412	s10-eth4	31811	32789
1787677105.722417412	s1-eth1	62142	8899365089
1787677105.722417412	s1-eth10	1772	5625
1787677105.722417412	s1-eth11	656631263	9452
1787677105.722417412	s1-eth12	1682	5625
1787677105.722417412	s1-eth13	1772	5625
1787677105.722417412	s1-eth14	1772	5625
1787677105.722417412	s1-eth15	656632762	9429
1787677105.722417412	s1-eth16	1702	5625
1787677105.722417412	s1-eth17	1702	5535
1787677105.722417412	s1-eth18	1772	5625
1787677105.722417412	s1-eth19	2626502985	9420
1787677105.722417412	s1-eth2	31944	31811
1787677105.722417412	s1-eth20	1682	5394
1787677105.722417412	s1-eth21	1702	5625
1787677105.722417412	s1-eth22	1772	5625
1787677105.722417412	s1-eth23	437756721	8729
1787677105.722417412	s1-eth24	1702	5535
1787677105.722417412	s1-eth25	1772	5625
1787677105.722417412	s1-eth26	1772	5535
1787677105.722417412	s1-eth27	656632466	9463
1787677105.722417412	s1-eth28	1772	5625
1787677105.722417412	s1-eth29	1772	5625
1787677105.722417412	s1-eth3	2626494141	9488
1787677105.722417412	s1-eth30	1682	5535
1787677105.722417412	s1-eth31	656632641	9531
1787677105.722417412	s1-eth32	1682	5535
1787677105.722417412	s1-eth33	1772	5625
1787677105.722417412	s1-eth34	1772	5535
1787677105.722417412	s1-eth4	1898	5731
1787677105.722417412	s1-eth5	1772	5304
1787677105.722417412	s1-eth6	1772	5625
1787677105.722417412	s1-eth7	656633062	9585
1787677105.722417412	s1-eth8	1612	5625
1787677105.722417412	s1-eth9	1772	5535
1787677105.722417412	s2-eth1	4252687658	2101115973
1787677105.722417412	s2-eth10	1682	5645
1787677105.722417412	s2-eth11	656629819	9357
1787677105.722417412	s2-eth12	1682	5535
1787677105.722417412	s2-eth13	1772	5394
1787677105.722417412	s2-eth14	1772	5625
1787677105.722417412	s2-eth15	656631371	9449
1787677105.722417412	s2-eth16	1772	5535
1787677105.722417412	s2-eth17	1682	5625
1787677105.722417412	s2-eth18	1772	5535
1787677105.722417412	s2-eth19	5637	2537487684
1787677105.722417412	s2-eth2	29375	31811
1787677105.722417412	s2-eth20	1772	5535
1787677105.722417412	s2-eth21	1612	5555
1787677105.722417412	s2-eth22	1682	5535
1787677105.722417412	s2-eth23	4876	426024000
1787677105.722417412	s2-eth24	1772	5515
1787677105.722417412	s2-eth25	1682	5625
1787677105.722417412	s2-eth26	1772	5535
1787677105.722417412	s2-eth27	5610	640194795
1787677105.722417412	s2-eth28	1772	5535
1787677105.722417412	s2-eth29	1682	5535
1787677105.722417412	s2-eth3	131335234	9505
1787677105.722417412	s2-eth30	1772	5515
1787677105.722417412	s2-eth31	5428	639982746
1787677105.722417412	s2-eth32	1522	5645
1787677105.722417412	s2-eth33	1682	5625
1787677105.722417412	s2-eth34	1682	5535
1787677105.722417412	s2-eth4	1772	5625
1787677105.722417412	s2-eth5	1682	5535
1787677105.722417412	s2-eth6	1682	5535
1787677105.722417412	s2-eth7	656631183	9295
1787677105.722417412	s2-eth8	1772	5535
1787677105.722417412	s2-eth9	1772	5535
1787677105.722417412	s3-eth1	4403429086	1882321665
1787677105.722417412	s3-eth10	1682	5535
1787677105.722417412	s3-eth11	5349	630705092
1787677105.722417412	s3-eth12	1682	5625
1787677105.722417412	s3-eth13	1772	5625
1787677105.722417412	s3-eth14	1772	5625
1787677105.722417412	s3-eth15	5666	630506000
1787677105.722417412	s3-eth16	1522	5535
1787677105.722417412	s3-eth17	1772	5625
1787677105.722417412	s3-eth18	1772	5625
1787677105.722417412	s3-eth19	131335076	9328
1787677105.722417412	s3-eth2	29172	31811
1787677105.722417412	s3-eth20	1682	5535
1787677105.722417412	s3-eth21	1522	5425
1787677105.722417412	s3-eth22	1682	5535
1787677105.722417412	s3-eth23	437755621	8698
1787677105.722417412	s3-eth24	1522	5535
1787677105.722417412	s3-eth25	1682	5555
1787677105.722417412	s3-eth26	1522	5535
1787677105.722417412	s3-eth27	656632825	9566
1787677105.722417412	s3-eth28	1682	5625
1787677105.722417412	s3-eth29	1682	5535
1787677105.722417412	s3-eth3	5439	2499931949
1787677105.722417412	s3-eth30	1682	5535
1787677105.722417412	s3-eth31	656632696	9418
1787677105.722417412	s3-eth32	1772	5535
1787677105.722417412	s3-eth33	1522	5535
1787677105.722417412	s3-eth34	1772	5535
1787677105.722417412	s3-eth4	1682	5625
1787677105.722417412	s3-eth5	1772	5535
1787677105.722417412	s3-eth6	1772	5625
1787677105.722417412	s3-eth7	5732	631110498
1787677105.722417412	s3-eth8	1522	5515
1787677105.722417412	s3-eth9	1772	5535
1787677105.722417412	s4-eth1	3952206847	62187
1787677105.722417412	s4-eth10	1682	5515
1787677105.722417412	s4-eth11	5344	646259834
1787677105.722417412	s4-eth12	1522	5585
1787677105.722417412	s4-eth13	1772	5535
1787677105.722417412	s4-eth14	1522	5535
1787677105.722417412	s4-eth15	5346	646094117
1787677105.722417412	s4-eth16	1682	5535
1787677105.722417412	s4-eth17	1682	5515
1787677105.722417412	s4-eth18	1682	5515
1787677105.722417412	s4-eth19	5495	131233643
1787677105.722417412	s4-eth2	31811	31811
1787677105.722417412	s4-eth20	1772	5585
1787677105.722417412	s4-eth21	1522	5535
1787677105.722417412	s4-eth22	1772	5585
1787677105.722417412	s4-eth23	4885	437457986
1787677105.722417412	s4-eth24	1522	5625
1787677105.722417412	s4-eth25	1682	5515
1787677105.722417412	s4-eth26	1522	5515
1787677105.722417412	s4-eth27	5553	656016618
1787677105.722417412	s4-eth28	1612	5535
1787677105.722417412	s4-eth29	1522	5535
1787677105.722417412	s4-eth3	5402	129276874
1787677105.722417412	s4-eth30	1522	5515
1787677105.722417412	s4-eth31	5655	655986137
1787677105.722417412	s4-eth32	1682	5515
1787677105.722417412	s4-eth33	1772	5515
1787677105.722417412	s4-eth34	1522	5625
1787677105.722417412	s4-eth4	1772	5535
1787677105.722417412	s4-eth5	1682	5515
1787677105.722417412	s4-eth6	1682	5515
1787677105.722417412	s4-eth7	5212	646425519
1787677105.722417412	s4-eth8	1682	5515
1787677105.722417412	s4-eth9	1682	5535
1787677105.722417412	s5-eth1	8899365089	62142
1787677105.722417412	s5-eth2	2101115973	4252687658
1787677105.722417412	s5-eth3	62535	31811
1787677105.722417412	s5-eth4	32789	6565651730
1787677105.722417412	s6-eth1	31811	31944
1787677105.722417412	s6-eth2	31811	29375
1787677105.722417412	s6-eth3	31811	31811
1787677105.722417412	s6-eth4	32789	31811
1787677105.722417412	s7-eth1	1882321665	4403429086
1787677105.722417412	s7-eth2	62187	3952206847
1787677105.722417412	s7-eth3	31811	62535
1787677105.722417412	s7-eth4	6519050016	31811
1787677105.722417412	s8-eth1	31811	29172
1787677105.722417412	s8-eth2	31811	31811
1787677105.722417412	s8-eth3	31811	29375
1787677105.722417412	s8-eth4	32789	31811
1787677105.722417412	s9-eth1	31811	62535
1787677105.722417412	s9-eth2	31811	31811
1787677105.722417412	s9-eth3	62535	31811
1787677105.722417412	s9-eth4	29375	31811
1787677108.005831330	s10-eth1	6565651730	32789
1787677108.005831330	s10-eth2	31811	32789
1787677108.005831330	s10-eth3	31811	6519050016
1787677108.005831330	s10-eth4	31811	32789
1787677108.005831330	s1-eth1	62142	8899365089
1787677108.005831330	s1-eth10	1772	5625
1787677108.005831330	s1-eth11	656631263	9452
1787677108.005831330	s1-eth12	1682	5625
1787677108.005831330	s1-eth13	1772	5625
1787677108.005831330	s1-eth14	1772	5625
1787677108.005831330	s1-eth15	656632762	9429
1787677108.005831330	s1-eth16	1702	5625
1787677108.005831330	s1-eth17	1702	5535
1787677108.005831330	s1-eth18	1772	5625
1787677108.005831330	s1-eth19	2626502985	9420
1787677108.005831330	s1-eth2	31944	31811
1787677108.005831330	s1-eth20	1682	5394
1787677108.005831330	s1-eth21	1702	5625
1787677108.005831330	s1-eth22	1772	5625
1787677108.005831330	s1-eth23	437756721	8729
1787677108.005831330	s1-eth24	1702	5535
1787677108.005831330	s1-eth25	1772	5625
1787677108.005831330	s1-eth26	1772	5535
1787677108.005831330	s1-eth27	656632466	9463
1787677108.005831330	s1-eth28	1772	5625
1787677108.005831330	s1-eth29	1772	5625
1787677108.005831330	s1-eth3	2626494141	9488
1787677108.005831330	s1-eth30	1682	5535
1787677108.005831330	s1-eth31	656632641	9531
1787677108.005831330	s1-eth32	1682	5535
1787677108.005831330	s1-eth33	1772	5625
1787677108.005831330	s1-eth34	1772	5535
1787677108.005831330	s1-eth4	1898	5731
1787677108.005831330	s1-eth5	1772	5304
1787677108.005831330	s1-eth6	1772	5625
1787677108.005831330	s1-eth7	656633062	9585
1787677108.005831330	s1-eth8	1612	5625
1787677108.005831330	s1-eth9	1772	5535
1787677108.005831330	s2-eth1	4252687658	2101115973
1787677108.005831330	s2-eth10	1682	5645
1787677108.005831330	s2-eth11	656629819	9357
1787677108.005831330	s2-eth12	1682	5535
1787677108.005831330	s2-eth13	1772	5394
1787677108.005831330	s2-eth14	1772	5625
1787677108.005831330	s2-eth15	656631371	9449
1787677108.005831330	s2-eth16	1772	5535
1787677108.005831330	s2-eth17	1682	5625
1787677108.005831330	s2-eth18	1772	5535
1787677108.005831330	s2-eth19	5637	2537487684
1787677108.005831330	s2-eth2	29375	31811
1787677108.005831330	s2-eth20	1772	5535
1787677108.005831330	s2-eth21	1612	5555
1787677108.005831330	s2-eth22	1682	5535
1787677108.005831330	s2-eth23	4876	426024000
1787677108.005831330	s2-eth24	1772	5515
1787677108.005831330	s2-eth25	1682	5625
1787677108.005831330	s2-eth26	1772	5535
1787677108.005831330	s2-eth27	5610	640194795
1787677108.005831330	s2-eth28	1772	5535
1787677108.005831330	s2-eth29	1682	5535
1787677108.005831330	s2-eth3	131335234	9505
1787677108.005831330	s2-eth30	1772	5515
1787677108.005831330	s2-eth31	5428	639982746
1787677108.005831330	s2-eth32	1522	5645
1787677108.005831330	s2-eth33	1682	5625
1787677108.005831330	s2-eth34	1682	5535
1787677108.005831330	s2-eth4	1772	5625
1787677108.005831330	s2-eth5	1682	5535
1787677108.005831330	s2-eth6	1682	5535
1787677108.005831330	s2-eth7	656631183	9295
1787677108.005831330	s2-eth8	1772	5535
1787677108.005831330	s2-eth9	1772	5535
1787677108.005831330	s3-eth1	4403429086	1882321665
1787677108.005831330	s3-eth10	1682	5535
1787677108.005831330	s3-eth11	5349	630705092
1787677108.005831330	s3-eth12	1682	5625
1787677108.005831330	s3-eth13	1772	5625
1787677108.005831330	s3-eth14	1772	5625
1787677108.005831330	s3-eth15	5666	630506000
1787677108.005831330	s3-eth16	1522	5535
1787677108.005831330	s3-eth17	1772	5625
1787677108.005831330	s3-eth18	1772	5625
1787677108.005831330	s3-eth19	131335076	9328
1787677108.005831330	s3-eth2	29172	31811
1787677108.005831330	s3-eth20	1682	5535
1787677108.005831330	s3-eth21	1522	5425
1787677108.005831330	s3-eth22	1682	5535
1787677108.005831330	s3-eth23	437755621	8698
1787677108.005831330	s3-eth24	1522	5535
1787677108.005831330	s3-eth25	1682	5555
1787677108.005831330	s3-eth26	1522	5535
1787677108.005831330	s3-eth27	656632825	9566
1787677108.005831330	s3-eth28	1682	5625
1787677108.005831330	s3-eth29	1682	5535
1787677108.005831330	s3-eth3	5439	2499931949
1787677108.005831330	s3-eth30	1682	5535
1787677108.005831330	s3-eth31	656632696	9418
1787677108.005831330	s3-eth32	1772	5535
1787677108.005831330	s3-eth33	1522	5535
1787677108.005831330	s3-eth34	1772	5535
1787677108.005831330	s3-eth4	1682	5625
1787677108.005831330	s3-eth5	1772	5535
1787677108.005831330	s3-eth6	1772	5625
1787677108.005831330	s3-eth7	5732	631110498
1787677108.005831330	s3-eth8	1522	5515
1787677108.005831330	s3-eth9	1772	5535
1787677108.005831330	s4-eth1	3952206847	62187
1787677108.005831330	s4-eth10	1682	5515
1787677108.005831330	s4-eth11	5344	646259834
1787677108.005831330	s4-eth12	1522	5585
1787677108.005831330	s4-eth13	1772	5535
1787677108.005831330	s4-eth14	1522	5535
1787677108.005831330	s4-eth15	5346	646094117
1787677108.005831330	s4-eth16	1682	5535
1787677108.005831330	s4-eth17	1682	5515
1787677108.005831330	s4-eth18	1682	5515
1787677108.005831330	s4-eth19	5495	131233643
1787677108.005831330	s4-eth2	31811	31811
1787677108.005831330	s4-eth20	1772	5585
1787677108.005831330	s4-eth21	1522	5535
1787677108.005831330	s4-eth22	1772	5585
1787677108.005831330	s4-eth23	4885	437457986
1787677108.005831330	s4-eth24	1522	5625
1787677108.005831330	s4-eth25	1682	5515
1787677108.005831330	s4-eth26	1522	5515
1787677108.005831330	s4-eth27	5553	656016618
1787677108.005831330	s4-eth28	1612	5535
1787677108.005831330	s4-eth29	1522	5535
1787677108.005831330	s4-eth3	5402	129276874
1787677108.005831330	s4-eth30	1522	5515
1787677108.005831330	s4-eth31	5655	655986137
1787677108.005831330	s4-eth32	1682	5515
1787677108.005831330	s4-eth33	1772	5515
1787677108.005831330	s4-eth34	1522	5625
1787677108.005831330	s4-eth4	1772	5535
1787677108.005831330	s4-eth5	1682	5515
1787677108.005831330	s4-eth6	1682	5515
1787677108.005831330	s4-eth7	5212	646425519
1787677108.005831330	s4-eth8	1682	5515
1787677108.005831330	s4-eth9	1682	5535
1787677108.005831330	s5-eth1	8899365089	62142
1787677108.005831330	s5-eth2	2101115973	4252687658
1787677108.005831330	s5-eth3	62535	31811
1787677108.005831330	s5-eth4	32789	6565651730
1787677108.005831330	s6-eth1	31811	31944
1787677108.005831330	s6-eth2	31811	29375
1787677108.005831330	s6-eth3	31811	31811
1787677108.005831330	s6-eth4	32789	31811
1787677108.005831330	s7-eth1	1882321665	4403429086
1787677108.005831330	s7-eth2	62187	3952206847
1787677108.005831330	s7-eth3	31811	62535
1787677108.005831330	s7-eth4	6519050016	31811
1787677108.005831330	s8-eth1	31811	29172
1787677108.005831330	s8-eth2	31811	31811
1787677108.005831330	s8-eth3	31811	29375
1787677108.005831330	s8-eth4	32789	31811
1787677108.005831330	s9-eth1	31811	62535
1787677108.005831330	s9-eth2	31811	31811
1787677108.005831330	s9-eth3	62535	31811
1787677108.005831330	s9-eth4	29375	31811
1787677110.306844929	s10-eth1	6565651757	32817
1787677110.306844929	s10-eth2	31838	32817
1787677110.306844929	s10-eth3	31838	6519050044
1787677110.306844929	s10-eth4	31838	32817
1787677110.306844929	s1-eth1	62169	8899365116
1787677110.306844929	s1-eth10	1772	5625
1787677110.306844929	s1-eth11	656631263	9452
1787677110.306844929	s1-eth12	1682	5625
1787677110.306844929	s1-eth13	1772	5625
1787677110.306844929	s1-eth14	1772	5625
1787677110.306844929	s1-eth15	656632762	9429
1787677110.306844929	s1-eth16	1702	5625
1787677110.306844929	s1-eth17	1702	5535
1787677110.306844929	s1-eth18	1772	5625
1787677110.306844929	s1-eth19	2626502985	9420
1787677110.306844929	s1-eth2	31971	31838
1787677110.306844929	s1-eth20	1682	5394
1787677110.306844929	s1-eth21	1702	5625
1787677110.306844929	s1-eth22	1772	5625
1787677110.306844929	s1-eth23	437756721	8729
1787677110.306844929	s1-eth24	1702	5535
1787677110.306844929	s1-eth25	1772	5625
1787677110.306844929	s1-eth26	1772	5535
1787677110.306844929	s1-eth27	656632466	9463
1787677110.306844929	s1-eth28	1772	5625
1787677110.306844929	s1-eth29	1772	5625
1787677110.306844929	s1-eth3	2626494141	9488
1787677110.306844929	s1-eth30	1682	5535
1787677110.306844929	s1-eth31	656632641	9531
1787677110.306844929	s1-eth32	1682	5535
1787677110.306844929	s1-eth33	1772	5625
1787677110.306844929	s1-eth34	1772	5535
1787677110.306844929	s1-eth4	1898	5731
1787677110.306844929	s1-eth5	1772	5304
1787677110.306844929	s1-eth6	1772	5625
1787677110.306844929	s1-eth7	656633062	9585
1787677110.306844929	s1-eth8	1612	5625
1787677110.306844929	s1-eth9	1772	5535
1787677110.306844929	s2-eth1	4252687685	2101116000
1787677110.306844929	s2-eth10	1682	5645
1787677110.306844929	s2-eth11	656629819	9357
1787677110.306844929	s2-eth12	1682	5535
1787677110.306844929	s2-eth13	1772	5394
1787677110.306844929	s2-eth14	1772	5625
1787677110.306844929	s2-eth15	656631371	9449
1787677110.306844929	s2-eth16	1772	5535
1787677110.306844929	s2-eth17	1682	5625
1787677110.306844929	s2-eth18	1772	5535
1787677110.306844929	s2-eth19	5637	2537487684
1787677110.306844929	s2-eth2	29402	31838
1787677110.306844929	s2-eth20	1772	5535
1787677110.306844929	s2-eth21	1612	5555
1787677110.306844929	s2-eth22	1682	5535
1787677110.306844929	s2-eth23	4876	426024000
1787677110.306844929	s2-eth24	1772	5515
1787677110.306844929	s2-eth25	1682	5625
1787677110.306844929	s2-eth26	1772	5535
1787677110.306844929	s2-eth27	5610	640194795
1787677110.306844929	s2-eth28	1772	5535
1787677110.306844929	s2-eth29	1682	5535
1787677110.306844929	s2-eth3	131335234	9505
1787677110.306844929	s2-eth30	1772	5515
1787677110.306844929	s2-eth31	5428	639982746
1787677110.306844929	s2-eth32	1522	5645
1787677110.306844929	s2-eth33	1682	5625
1787677110.306844929	s2-eth34	1682	5535
1787677110.306844929	s2-eth4	1772	5625
1787677110.306844929	s2-eth5	1682	5535
1787677110.306844929	s2-eth6	1682	5535
1787677110.306844929	s2-eth7	656631183	9295
1787677110.306844929	s2-eth8	1772	5535
1787677110.306844929	s2-eth9	1772	5535
1787677110.306844929	s3-eth1	4403429113	1882321692
1787677110.306844929	s3-eth10	1682	5535
1787677110.306844929	s3-eth11	5349	630705092
1787677110.306844929	s3-eth12	1682	5625
1787677110.306844929	s3-eth13	1772	5625
1787677110.306844929	s3-eth14	1772	5625
1787677110.306844929	s3-eth15	5666	630506000
1787677110.306844929	s3-eth16	1522	5535
1787677110.306844929	s3-eth17	1772	5625
1787677110.306844929	s3-eth18	1772	5625
1787677110.306844929	s3-eth19	131335076	9328
1787677110.306844929	s3-eth2	29199	31838
1787677110.306844929	s3-eth20	1682	5535
1787677110.306844929	s3-eth21	1522	5425
1787677110.306844929	s3-eth22	1682	5535
1787677110.306844929	s3-eth23	437755621	8698
1787677110.306844929	s3-eth24	1522	5535
1787677110.306844929	s3-eth25	1682	5555
1787677110.306844929	s3-eth26	1522	5535
1787677110.306844929	s3-eth27	656632825	9566
1787677110.306844929	s3-eth28	1682	5625
1787677110.306844929	s3-eth29	1682	5535
1787677110.306844929	s3-eth3	5439	2499931949
1787677110.306844929	s3-eth30	1682	5535
1787677110.306844929	s3-eth31	656632696	9418
1787677110.306844929	s3-eth32	1772	5535
1787677110.306844929	s3-eth33	1522	5535
1787677110.306844929	s3-eth34	1772	5535
1787677110.306844929	s3-eth4	1682	5625
1787677110.306844929	s3-eth5	1772	5535
1787677110.306844929	s3-eth6	1772	5625
1787677110.306844929	s3-eth7	5732	631110498
1787677110.306844929	s3-eth8	1522	5515
1787677110.306844929	s3-eth9	1772	5535
1787677110.306844929	s4-eth1	3952206874	62214
1787677110.306844929	s4-eth10	1682	5515
1787677110.306844929	s4-eth11	5344	646259834
1787677110.306844929	s4-eth12	1522	5585
1787677110.306844929	s4-eth13	1772	5535
1787677110.306844929	s4-eth14	1522	5535
1787677110.306844929	s4-eth15	5346	646094117
1787677110.306844929	s4-eth16	1682	5535
1787677110.306844929	s4-eth17	1682	5515
1787677110.306844929	s4-eth18	1682	5515
1787677110.306844929	s4-eth19	5495	131233643
1787677110.306844929	s4-eth2	31838	31838
1787677110.306844929	s4-eth20	1772	5585
1787677110.306844929	s4-eth21	1522	5535
1787677110.306844929	s4-eth22	1772	5585
1787677110.306844929	s4-eth23	4885	437457986
1787677110.306844929	s4-eth24	1522	5625
1787677110.306844929	s4-eth25	1682	5515
1787677110.306844929	s4-eth26	1522	5515
1787677110.306844929	s4-eth27	5553	656016618
1787677110.306844929	s4-eth28	1612	5535
1787677110.306844929	s4-eth29	1522	5535
1787677110.306844929	s4-eth3	5402	129276874
1787677110.306844929	s4-eth30	1522	5515
1787677110.306844929	s4-eth31	5655	655986137
1787677110.306844929	s4-eth32	1682	5515
1787677110.306844929	s4-eth33	1772	5515
1787677110.306844929	s4-eth34	1522	5625
1787677110.306844929	s4-eth4	1772	5535
1787677110.306844929	s4-eth5	1682	5515
1787677110.306844929	s4-eth6	1682	5515
1787677110.306844929	s4-eth7	5212	646425519
1787677110.306844929	s4-eth8	1682	5515
1787677110.306844929	s4-eth9	1682	5535
1787677110.306844929	s5-eth1	8899365116	62169
1787677110.306844929	s5-eth2	2101116000	4252687685
1787677110.306844929	s5-eth3	62562	31838
1787677110.306844929	s5-eth4	32817	6565651757
1787677110.306844929	s6-eth1	31838	31971
1787677110.306844929	s6-eth2	31838	29402
1787677110.306844929	s6-eth3	31838	31838
1787677110.306844929	s6-eth4	32817	31838
1787677110.306844929	s7-eth1	1882321692	4403429113
1787677110.306844929	s7-eth2	62214	3952206874
1787677110.306844929	s7-eth3	31838	62562
1787677110.306844929	s7-eth4	6519050044	31838
1787677110.306844929	s8-eth1	31838	29199
1787677110.306844929	s8-eth2	31838	31838
1787677110.306844929	s8-eth3	31838	29402
1787677110.306844929	s8-eth4	32817	31838
1787677110.306844929	s9-eth1	31838	62562
1787677110.306844929	s9-eth2	31838	31838
1787677110.306844929	s9-eth3	62562	31838
1787677110.306844929	s9-eth4	29402	31838
