ts	iface	rx_bytes	tx_bytes
1787883694.859024331	s10-eth1	326513	340924
1787883694.859024331	s10-eth2	329152	341049
1787883694.859024331	s10-eth3	329152	340826
1787883694.859024331	s10-eth4	329152	340924
1787883694.859024331	s1-eth1	56280644	37900224037
1787883694.859024331	s1-eth10	59990179	1069639
1787883694.859024331	s1-eth11	3537115518	576307
1787883694.859024331	s1-eth12	273630207	712999
1787883694.859024331	s1-eth13	32263380	291622
1787883694.859024331	s1-eth14	286050516	953997
1787883694.859024331	s1-eth15	2482167033	2384097
1787883694.859024331	s1-eth16	398011456	2838894
1787883694.859024331	s1-eth17	157516563	2443991
1787883694.859024331	s1-eth18	218881062	13374
1787883694.859024331	s1-eth19	11021828940	951909
1787883694.859024331	s1-eth2	329222	741028491
1787883694.859024331	s1-eth20	361408621	1718654
1787883694.859024331	s1-eth21	438727360	3168393
1787883694.859024331	s1-eth22	95067445	1162486
1787883694.859024331	s1-eth23	2599996371	1340887
1787883694.859024331	s1-eth24	304136631	1129890
1787883694.859024331	s1-eth25	233511141	3338885
1787883694.859024331	s1-eth26	373337208	2058059
1787883694.859024331	s1-eth27	2696204707	2047455
1787883694.859024331	s1-eth28	140313980	2170075
1787883694.859024331	s1-eth29	68933701	1126957
1787883694.859024331	s1-eth3	11494259150	5398302
1787883694.859024331	s1-eth30	92546709	1435430
1787883694.859024331	s1-eth31	2546629004	719661
1787883694.859024331	s1-eth32	356884163	1877660
1787883694.859024331	s1-eth33	163570714	2480508
1787883694.859024331	s1-eth34	107448601	1618049
1787883694.859024331	s1-eth4	319365135	1456498
1787883694.859024331	s1-eth5	328675673	1653647
1787883694.859024331	s1-eth6	331853306	1777145
1787883694.859024331	s1-eth7	2702084191	2673828
1787883694.859024331	s1-eth8	356391073	2008374
1787883694.859024331	s1-eth9	121900491	1717264
1787883694.859024331	s2-eth1	17584739782	12210954428
1787883694.859024331	s2-eth10	291091109	1001837
1787883694.859024331	s2-eth11	3592586219	2630476
1787883694.859024331	s2-eth12	60617090	1073903
1787883694.859024331	s2-eth13	88399371	1156631
1787883694.859024331	s2-eth14	68585079	909927
1787883694.859024331	s2-eth15	2437743580	2006713
1787883694.859024331	s2-eth16	374887300	2232042
1787883694.859024331	s2-eth17	362388078	2122637
1787883694.859024331	s2-eth18	248788387	545334
1787883694.859024331	s2-eth19	943754	8406702389
1787883694.859024331	s2-eth2	203029552	329152
1787883694.859024331	s2-eth20	1712234	198701421
1787883694.859024331	s2-eth21	3161818	268425274
1787883694.859024331	s2-eth22	1155040	79628867
1787883694.859024331	s2-eth23	1332791	2331293265
1787883694.859024331	s2-eth24	1122029	134702630
1787883694.859024331	s2-eth25	3333388	215150806
1787883694.859024331	s2-eth26	2050782	202385535
1787883694.859024331	s2-eth27	2039189	2425581389
1787883694.859024331	s2-eth28	2163762	133532530
1787883694.859024331	s2-eth29	1118908	66482452
1787883694.859024331	s2-eth3	1549169285	839387
1787883694.859024331	s2-eth30	1427897	88521408
1787883694.859024331	s2-eth31	711887	2280118679
1787883694.859024331	s2-eth32	1869414	194886839
1787883694.859024331	s2-eth33	2476400	156934789
1787883694.859024331	s2-eth34	1610667	90159031
1787883694.859024331	s2-eth4	266867004	594971
1787883694.859024331	s2-eth5	432472342	3173326
1787883694.859024331	s2-eth6	377976195	2270965
1787883694.859024331	s2-eth7	2604179570	905227
1787883694.859024331	s2-eth8	296080009	1074834
1787883694.859024331	s2-eth9	304364878	1111578
1787883694.859024331	s3-eth1	17223085963	13040066968
1787883694.859024331	s3-eth10	1064032	56555514
1787883694.859024331	s3-eth11	569954	2353028655
1787883694.859024331	s3-eth12	704215	87830439
1787883694.859024331	s3-eth13	282799	17392742
1787883694.859024331	s3-eth14	945952	98112439
1787883694.859024331	s3-eth15	2377912	2187377677
1787883694.859024331	s3-eth16	2834288	202582223
1787883694.859024331	s3-eth17	2442864	137392634
1787883694.859024331	s3-eth18	4572	47644697
1787883694.859024331	s3-eth19	1557550936	863256
1787883694.859024331	s3-eth2	329152	329152
1787883694.859024331	s3-eth20	405363506	2317159
1787883694.859024331	s3-eth21	270269288	539330
1787883694.859024331	s3-eth22	361345624	1821767
1787883694.859024331	s3-eth23	2665400025	1649144
1787883694.859024331	s3-eth24	363181229	1925293
1787883694.859024331	s3-eth25	401511469	2284545
1787883694.859024331	s3-eth26	294234363	819537
1787883694.859024331	s3-eth27	3653660809	2018443
1787883694.859024331	s3-eth28	260928103	3352437
1787883694.859024331	s3-eth29	183239937	2151139
1787883694.859024331	s3-eth3	5393074	8655026210
1787883694.859024331	s3-eth30	241185674	3329619
1787883694.859024331	s3-eth31	2609184675	1526698
1787883694.859024331	s3-eth32	162797008	2201571
1787883694.859024331	s3-eth33	138615687	1664215
1787883694.859024331	s3-eth34	48326776	537880
1787883694.859024331	s3-eth4	1449923	134548160
1787883694.859024331	s3-eth5	1647204	142694381
1787883694.859024331	s3-eth6	1771982	142824592
1787883694.859024331	s3-eth7	2670952	2350019437
1787883694.859024331	s3-eth8	2002719	169818819
1787883694.859024331	s3-eth9	1711024	104126086
1787883694.859024331	s4-eth1	22022499240	52942848
1787883694.859024331	s4-eth10	994626	112155233
1787883694.859024331	s4-eth11	2627846	2700701877
1787883694.859024331	s4-eth12	1070601	58694915
1787883694.859024331	s4-eth13	1156872	74951174
1787883694.859024331	s4-eth14	908451	53388282
1787883694.859024331	s4-eth15	2007337	2290255911
1787883694.859024331	s4-eth16	2240891	192201822
1787883694.859024331	s4-eth17	2124333	179570104
1787883694.859024331	s4-eth18	536711	80228111
1787883694.859024331	s4-eth19	854718	973021313
1787883694.859024331	s4-eth2	329152	326310
1787883694.859024331	s4-eth20	2331696	291470847
1787883694.859024331	s4-eth21	546752	158982302
1787883694.859024331	s4-eth22	1818077	247817400
1787883694.859024331	s4-eth23	1656276	2596858780
1787883694.859024331	s4-eth24	1931047	257928961
1787883694.859024331	s4-eth25	2285799	285753451
1787883694.859024331	s4-eth26	813333	179424507
1787883694.859024331	s4-eth27	2028995	3015875748
1787883694.859024331	s4-eth28	3361554	246529400
1787883694.859024331	s4-eth29	2158359	170798174
1787883694.859024331	s4-eth3	832009	709426164
1787883694.859024331	s4-eth30	3346036	225826220
1787883694.859024331	s4-eth31	1538815	2558966052
1787883694.859024331	s4-eth32	2205196	149436644
1787883694.859024331	s4-eth33	1662105	127432971
1787883694.859024331	s4-eth34	529892	38543083
1787883694.859024331	s4-eth4	587134	89619478
1787883694.859024331	s4-eth5	3177797	250377264
1787883694.859024331	s4-eth6	2274812	197992934
1787883694.859024331	s4-eth7	904995	2449342046
1787883694.859024331	s4-eth8	1075549	116759617
1787883694.859024331	s4-eth9	1109448	124498251
1787883694.859024331	s5-eth1	37900224037	56280644
1787883694.859024331	s5-eth2	12210954428	17584739782
1787883694.859024331	s5-eth3	51701462	28836292367
1787883694.859024331	s5-eth4	340924	326513
1787883694.859024331	s6-eth1	741028491	329222
1787883694.859024331	s6-eth2	329152	203029552
1787883694.859024331	s6-eth3	329152	356732745
1787883694.859024331	s6-eth4	341049	329152
1787883694.859024331	s7-eth1	13040066968	17223085963
1787883694.859024331	s7-eth2	52942848	22022499240
1787883694.859024331	s7-eth3	28223041368	51706014
1787883694.859024331	s7-eth4	340826	329152
1787883694.859024331	s8-eth1	329152	329152
1787883694.859024331	s8-eth2	326310	329152
1787883694.859024331	s8-eth3	329152	326513
1787883694.859024331	s8-eth4	340924	329152
1787883694.859024331	s9-eth1	28836292367	51701462
1787883694.859024331	s9-eth2	356732745	329152
1787883694.859024331	s9-eth3	51706014	28223041368
1787883694.859024331	s9-eth4	326513	329152
1787883697.136396358	s10-eth1	326540	340952
1787883697.136396358	s10-eth2	329179	341077
1787883697.136396358	s10-eth3	329179	340854
1787883697.136396358	s10-eth4	329179	340952
1787883697.136396358	s1-eth1	56280671	37900224064
1787883697.136396358	s1-eth10	59990179	1069639
1787883697.136396358	s1-eth11	3537115518	576307
1787883697.136396358	s1-eth12	273630207	712999
1787883697.136396358	s1-eth13	32263380	291622
1787883697.136396358	s1-eth14	286050516	953997
1787883697.136396358	s1-eth15	2482167033	2384097
1787883697.136396358	s1-eth16	398011456	2838894
1787883697.136396358	s1-eth17	157516563	2443991
1787883697.136396358	s1-eth18	218881062	13374
1787883697.136396358	s1-eth19	11021828940	951909
1787883697.136396358	s1-eth2	329249	741028518
1787883697.136396358	s1-eth20	361408621	1718654
1787883697.136396358	s1-eth21	438727360	3168393
1787883697.136396358	s1-eth22	95067445	1162486
1787883697.136396358	s1-eth23	2599996371	1340887
1787883697.136396358	s1-eth24	304136631	1129890
1787883697.136396358	s1-eth25	233511141	3338885
1787883697.136396358	s1-eth26	373337208	2058059
1787883697.136396358	s1-eth27	2696204707	2047455
1787883697.136396358	s1-eth28	140313980	2170075
1787883697.136396358	s1-eth29	68933701	1126957
1787883697.136396358	s1-eth3	11494259150	5398302
1787883697.136396358	s1-eth30	92546709	1435430
1787883697.136396358	s1-eth31	2546629004	719661
1787883697.136396358	s1-eth32	356884163	1877660
1787883697.136396358	s1-eth33	163570714	2480508
1787883697.136396358	s1-eth34	107448601	1618049
1787883697.136396358	s1-eth4	319365135	1456498
1787883697.136396358	s1-eth5	328675673	1653647
1787883697.136396358	s1-eth6	331853306	1777145
1787883697.136396358	s1-eth7	2702084191	2673828
1787883697.136396358	s1-eth8	356391073	2008374
1787883697.136396358	s1-eth9	121900491	1717264
1787883697.136396358	s2-eth1	17584739809	12210954455
1787883697.136396358	s2-eth10	291091109	1001837
1787883697.136396358	s2-eth11	3592586219	2630476
1787883697.136396358	s2-eth12	60617090	1073903
1787883697.136396358	s2-eth13	88399371	1156631
1787883697.136396358	s2-eth14	68585079	909927
1787883697.136396358	s2-eth15	2437743580	2006713
1787883697.136396358	s2-eth16	374887300	2232042
1787883697.136396358	s2-eth17	362388078	2122637
1787883697.136396358	s2-eth18	248788387	545334
1787883697.136396358	s2-eth19	943754	8406702389
1787883697.136396358	s2-eth2	203029579	329179
1787883697.136396358	s2-eth20	1712234	198701421
1787883697.136396358	s2-eth21	3161818	268425274
1787883697.136396358	s2-eth22	1155040	79628867
1787883697.136396358	s2-eth23	1332791	2331293265
1787883697.136396358	s2-eth24	1122029	134702630
1787883697.136396358	s2-eth25	3333388	215150806
1787883697.136396358	s2-eth26	2050782	202385535
1787883697.136396358	s2-eth27	2039189	2425581389
1787883697.136396358	s2-eth28	2163762	133532530
1787883697.136396358	s2-eth29	1118908	66482452
1787883697.136396358	s2-eth3	1549169285	839387
1787883697.136396358	s2-eth30	1427897	88521408
1787883697.136396358	s2-eth31	711887	2280118679
1787883697.136396358	s2-eth32	1869414	194886839
1787883697.136396358	s2-eth33	2476400	156934789
1787883697.136396358	s2-eth34	1610667	90159031
1787883697.136396358	s2-eth4	266867004	594971
1787883697.136396358	s2-eth5	432472342	3173326
1787883697.136396358	s2-eth6	377976195	2270965
1787883697.136396358	s2-eth7	2604179570	905227
1787883697.136396358	s2-eth8	296080009	1074834
1787883697.136396358	s2-eth9	304364878	1111578
1787883697.136396358	s3-eth1	17223085990	13040066995
1787883697.136396358	s3-eth10	1064032	56555514
1787883697.136396358	s3-eth11	569954	2353028655
1787883697.136396358	s3-eth12	704215	87830439
1787883697.136396358	s3-eth13	282799	17392742
1787883697.136396358	s3-eth14	945952	98112439
1787883697.136396358	s3-eth15	2377912	2187377677
1787883697.136396358	s3-eth16	2834288	202582223
1787883697.136396358	s3-eth17	2442864	137392634
1787883697.136396358	s3-eth18	4572	47644697
1787883697.136396358	s3-eth19	1557550936	863256
1787883697.136396358	s3-eth2	329179	329179
1787883697.136396358	s3-eth20	405363506	2317159
1787883697.136396358	s3-eth21	270269288	539330
1787883697.136396358	s3-eth22	361345624	1821767
1787883697.136396358	s3-eth23	2665400025	1649144
1787883697.136396358	s3-eth24	363181229	1925293
1787883697.136396358	s3-eth25	401511469	2284545
1787883697.136396358	s3-eth26	294234363	819537
1787883697.136396358	s3-eth27	3653660809	2018443
1787883697.136396358	s3-eth28	260928103	3352437
1787883697.136396358	s3-eth29	183239937	2151139
1787883697.136396358	s3-eth3	5393074	8655026210
1787883697.136396358	s3-eth30	241185674	3329619
1787883697.136396358	s3-eth31	2609184675	1526698
1787883697.136396358	s3-eth32	162797008	2201571
1787883697.136396358	s3-eth33	138615687	1664215
1787883697.136396358	s3-eth34	48326776	537880
1787883697.136396358	s3-eth4	1449923	134548160
1787883697.136396358	s3-eth5	1647204	142694381
1787883697.136396358	s3-eth6	1771982	142824592
1787883697.136396358	s3-eth7	2670952	2350019437
1787883697.136396358	s3-eth8	2002719	169818819
1787883697.136396358	s3-eth9	1711024	104126086
1787883697.136396358	s4-eth1	22022499267	52942875
1787883697.136396358	s4-eth10	994626	112155233
1787883697.136396358	s4-eth11	2627846	2700701877
1787883697.136396358	s4-eth12	1070601	58694915
1787883697.136396358	s4-eth13	1156872	74951174
1787883697.136396358	s4-eth14	908451	53388282
1787883697.136396358	s4-eth15	2007337	2290255911
1787883697.136396358	s4-eth16	2240891	192201822
1787883697.136396358	s4-eth17	2124333	179570104
1787883697.136396358	s4-eth18	536711	80228111
1787883697.136396358	s4-eth19	854718	973021313
1787883697.136396358	s4-eth2	329179	326337
1787883697.136396358	s4-eth20	2331696	291470847
1787883697.136396358	s4-eth21	546752	158982302
1787883697.136396358	s4-eth22	1818077	247817400
1787883697.136396358	s4-eth23	1656276	2596858780
1787883697.136396358	s4-eth24	1931047	257928961
1787883697.136396358	s4-eth25	2285799	285753451
1787883697.136396358	s4-eth26	813333	179424507
1787883697.136396358	s4-eth27	2028995	3015875748
1787883697.136396358	s4-eth28	3361554	246529400
1787883697.136396358	s4-eth29	2158359	170798174
1787883697.136396358	s4-eth3	832009	709426164
1787883697.136396358	s4-eth30	3346036	225826220
1787883697.136396358	s4-eth31	1538815	2558966052
1787883697.136396358	s4-eth32	2205196	149436644
1787883697.136396358	s4-eth33	1662105	127432971
1787883697.136396358	s4-eth34	529892	38543083
1787883697.136396358	s4-eth4	587134	89619478
1787883697.136396358	s4-eth5	3177797	250377264
1787883697.136396358	s4-eth6	2274812	197992934
1787883697.136396358	s4-eth7	904995	2449342046
1787883697.136396358	s4-eth8	1075549	116759617
1787883697.136396358	s4-eth9	1109448	124498251
1787883697.136396358	s5-eth1	37900224064	56280671
1787883697.136396358	s5-eth2	12210954455	17584739809
1787883697.136396358	s5-eth3	51701489	28836292394
1787883697.136396358	s5-eth4	340952	326540
1787883697.136396358	s6-eth1	741028518	329249
1787883697.136396358	s6-eth2	329179	203029579
1787883697.136396358	s6-eth3	329179	356732772
1787883697.136396358	s6-eth4	341077	329179
1787883697.136396358	s7-eth1	13040066995	17223085990
1787883697.136396358	s7-eth2	52942875	22022499267
1787883697.136396358	s7-eth3	28223041395	51706041
1787883697.136396358	s7-eth4	340854	329179
1787883697.136396358	s8-eth1	329179	329179
1787883697.136396358	s8-eth2	326337	329179
1787883697.136396358	s8-eth3	329179	326540
1787883697.136396358	s8-eth4	340952	329179
1787883697.136396358	s9-eth1	28836292394	51701489
1787883697.136396358	s9-eth2	356732772	329179
1787883697.136396358	s9-eth3	51706041	28223041395
1787883697.136396358	s9-eth4	326540	329179
1787883699.411123803	s10-eth1	326540	340952
1787883699.411123803	s10-eth2	329179	341077
1787883699.411123803	s10-eth3	329179	340854
1787883699.411123803	s10-eth4	329179	340952
1787883699.411123803	s1-eth1	56280671	37900224064
1787883699.411123803	s1-eth10	59990179	1069639
1787883699.411123803	s1-eth11	3537115518	576307
1787883699.411123803	s1-eth12	273630207	712999
1787883699.411123803	s1-eth13	32263380	291622
1787883699.411123803	s1-eth14	286050516	953997
1787883699.411123803	s1-eth15	2482167033	2384097
1787883699.411123803	s1-eth16	398011456	2838894
1787883699.411123803	s1-eth17	157516563	2443991
1787883699.411123803	s1-eth18	218881062	13374
1787883699.411123803	s1-eth19	11021828940	951909
1787883699.411123803	s1-eth2	329249	741028518
1787883699.411123803	s1-eth20	361408621	1718654
1787883699.411123803	s1-eth21	438727360	3168393
1787883699.411123803	s1-eth22	95067445	1162486
1787883699.411123803	s1-eth23	2599996371	1340887
1787883699.411123803	s1-eth24	304136631	1129890
1787883699.411123803	s1-eth25	233511141	3338885
1787883699.411123803	s1-eth26	373337208	2058059
1787883699.411123803	s1-eth27	2696204707	2047455
1787883699.411123803	s1-eth28	140313980	2170075
1787883699.411123803	s1-eth29	68933701	1126957
1787883699.411123803	s1-eth3	11494259150	5398302
1787883699.411123803	s1-eth30	92546709	1435430
1787883699.411123803	s1-eth31	2546629004	719661
1787883699.411123803	s1-eth32	356884163	1877660
1787883699.411123803	s1-eth33	163570714	2480508
1787883699.411123803	s1-eth34	107448601	1618049
1787883699.411123803	s1-eth4	319365135	1456498
1787883699.411123803	s1-eth5	328675673	1653647
1787883699.411123803	s1-eth6	331853306	1777145
1787883699.411123803	s1-eth7	2702084191	2673828
1787883699.411123803	s1-eth8	356391073	2008374
1787883699.411123803	s1-eth9	121900491	1717264
1787883699.411123803	s2-eth1	17584739809	12210954455
1787883699.411123803	s2-eth10	291091109	1001837
1787883699.411123803	s2-eth11	3592586219	2630476
1787883699.411123803	s2-eth12	60617090	1073903
1787883699.411123803	s2-eth13	88399371	1156631
1787883699.411123803	s2-eth14	68585079	909927
1787883699.411123803	s2-eth15	2437743580	2006713
1787883699.411123803	s2-eth16	374887300	2232042
1787883699.411123803	s2-eth17	362388078	2122637
1787883699.411123803	s2-eth18	248788387	545334
1787883699.411123803	s2-eth19	943754	8406702389
1787883699.411123803	s2-eth2	203029579	329179
1787883699.411123803	s2-eth20	1712234	198701421
1787883699.411123803	s2-eth21	3161818	268425274
1787883699.411123803	s2-eth22	1155040	79628867
1787883699.411123803	s2-eth23	1332791	2331293265
1787883699.411123803	s2-eth24	1122029	134702630
1787883699.411123803	s2-eth25	3333388	215150806
1787883699.411123803	s2-eth26	2050782	202385535
1787883699.411123803	s2-eth27	2039189	2425581389
1787883699.411123803	s2-eth28	2163762	133532530
1787883699.411123803	s2-eth29	1118908	66482452
1787883699.411123803	s2-eth3	1549169285	839387
1787883699.411123803	s2-eth30	1427897	88521408
1787883699.411123803	s2-eth31	711887	2280118679
1787883699.411123803	s2-eth32	1869414	194886839
1787883699.411123803	s2-eth33	2476400	156934789
1787883699.411123803	s2-eth34	1610667	90159031
1787883699.411123803	s2-eth4	266867004	594971
1787883699.411123803	s2-eth5	432472342	3173326
1787883699.411123803	s2-eth6	377976195	2270965
1787883699.411123803	s2-eth7	2604179570	905227
1787883699.411123803	s2-eth8	296080009	1074834
1787883699.411123803	s2-eth9	304364878	1111578
1787883699.411123803	s3-eth1	17223085990	13040066995
1787883699.411123803	s3-eth10	1064032	56555514
1787883699.411123803	s3-eth11	569954	2353028655
1787883699.411123803	s3-eth12	704215	87830439
1787883699.411123803	s3-eth13	282799	17392742
1787883699.411123803	s3-eth14	945952	98112439
1787883699.411123803	s3-eth15	2377912	2187377677
1787883699.411123803	s3-eth16	2834288	202582223
1787883699.411123803	s3-eth17	2442864	137392634
1787883699.411123803	s3-eth18	4572	47644697
1787883699.411123803	s3-eth19	1557550936	863256
1787883699.411123803	s3-eth2	329179	329179
1787883699.411123803	s3-eth20	405363506	2317159
1787883699.411123803	s3-eth21	270269288	539330
1787883699.411123803	s3-eth22	361345624	1821767
1787883699.411123803	s3-eth23	2665400025	1649144
1787883699.411123803	s3-eth24	363181229	1925293
1787883699.411123803	s3-eth25	401511469	2284545
1787883699.411123803	s3-eth26	294234363	819537
1787883699.411123803	s3-eth27	3653660809	2018443
1787883699.411123803	s3-eth28	260928103	3352437
1787883699.411123803	s3-eth29	183239937	2151139
1787883699.411123803	s3-eth3	5393074	8655026210
1787883699.411123803	s3-eth30	241185674	3329619
1787883699.411123803	s3-eth31	2609184675	1526698
1787883699.411123803	s3-eth32	162797008	2201571
1787883699.411123803	s3-eth33	138615687	1664215
1787883699.411123803	s3-eth34	48326776	537880
1787883699.411123803	s3-eth4	1449923	134548160
1787883699.411123803	s3-eth5	1647204	142694381
1787883699.411123803	s3-eth6	1771982	142824592
1787883699.411123803	s3-eth7	2670952	2350019437
1787883699.411123803	s3-eth8	2002719	169818819
1787883699.411123803	s3-eth9	1711024	104126086
1787883699.411123803	s4-eth1	22022499267	52942875
1787883699.411123803	s4-eth10	994626	112155233
1787883699.411123803	s4-eth11	2627846	2700701877
1787883699.411123803	s4-eth12	1070601	58694915
1787883699.411123803	s4-eth13	1156872	74951174
1787883699.411123803	s4-eth14	908451	53388282
1787883699.411123803	s4-eth15	2007337	2290255911
1787883699.411123803	s4-eth16	2240891	192201822
1787883699.411123803	s4-eth17	2124333	179570104
1787883699.411123803	s4-eth18	536711	80228111
1787883699.411123803	s4-eth19	854718	973021313
1787883699.411123803	s4-eth2	329179	326337
1787883699.411123803	s4-eth20	2331696	291470847
1787883699.411123803	s4-eth21	546752	158982302
1787883699.411123803	s4-eth22	1818077	247817400
1787883699.411123803	s4-eth23	1656276	2596858780
1787883699.411123803	s4-eth24	1931047	257928961
1787883699.411123803	s4-eth25	2285799	285753451
1787883699.411123803	s4-eth26	813333	179424507
1787883699.411123803	s4-eth27	2028995	3015875748
1787883699.411123803	s4-eth28	3361554	246529400
1787883699.411123803	s4-eth29	2158359	170798174
1787883699.411123803	s4-eth3	832009	709426164
1787883699.411123803	s4-eth30	3346036	225826220
1787883699.411123803	s4-eth31	1538815	2558966052
1787883699.411123803	s4-eth32	2205196	149436644
1787883699.411123803	s4-eth33	1662105	127432971
1787883699.411123803	s4-eth34	529892	38543083
1787883699.411123803	s4-eth4	587134	89619478
1787883699.411123803	s4-eth5	3177797	250377264
1787883699.411123803	s4-eth6	2274812	197992934
1787883699.411123803	s4-eth7	904995	2449342046
1787883699.411123803	s4-eth8	1075549	116759617
1787883699.411123803	s4-eth9	1109448	124498251
1787883699.411123803	s5-eth1	37900224064	56280671
1787883699.411123803	s5-eth2	12210954455	17584739809
1787883699.411123803	s5-eth3	51701489	28836292394
1787883699.411123803	s5-eth4	340952	326540
1787883699.411123803	s6-eth1	741028518	329249
1787883699.411123803	s6-eth2	329179	203029579
1787883699.411123803	s6-eth3	329179	356732772
1787883699.411123803	s6-eth4	341077	329179
1787883699.411123803	s7-eth1	13040066995	17223085990
1787883699.411123803	s7-eth2	52942875	22022499267
1787883699.411123803	s7-eth3	28223041395	51706041
1787883699.411123803	s7-eth4	340854	329179
1787883699.411123803	s8-eth1	329179	329179
1787883699.411123803	s8-eth2	326337	329179
1787883699.411123803	s8-eth3	329179	326540
1787883699.411123803	s8-eth4	340952	329179
1787883699.411123803	s9-eth1	28836292394	51701489
1787883699.411123803	s9-eth2	356732772	329179
1787883699.411123803	s9-eth3	51706041	28223041395
1787883699.411123803	s9-eth4	326540	329179
1787883701.688873018	s10-eth1	326567	340980
1787883701.688873018	s10-eth2	329206	341105
1787883701.688873018	s10-eth3	329206	340882
1787883701.688873018	s10-eth4	329206	340980
1787883701.688873018	s1-eth1	56280698	37900224091
1787883701.688873018	s1-eth10	59990179	1069639
1787883701.688873018	s1-eth11	3537115518	576307
1787883701.688873018	s1-eth12	273630207	712999
1787883701.688873018	s1-eth13	32263380	291622
1787883701.688873018	s1-eth14	286050516	953997
1787883701.688873018	s1-eth15	2482167033	2384097
1787883701.688873018	s1-eth16	398011456	2838894
1787883701.688873018	s1-eth17	157516563	2443991
1787883701.688873018	s1-eth18	218881062	13374
1787883701.688873018	s1-eth19	11021828940	951909
1787883701.688873018	s1-eth2	329276	741028545
1787883701.688873018	s1-eth20	361408621	1718654
1787883701.688873018	s1-eth21	438727360	3168393
1787883701.688873018	s1-eth22	95067445	1162486
1787883701.688873018	s1-eth23	2599996371	1340887
1787883701.688873018	s1-eth24	304136631	1129890
1787883701.688873018	s1-eth25	233511141	3338885
1787883701.688873018	s1-eth26	373337208	2058059
1787883701.688873018	s1-eth27	2696204707	2047455
1787883701.688873018	s1-eth28	140313980	2170075
1787883701.688873018	s1-eth29	68933701	1126957
1787883701.688873018	s1-eth3	11494259150	5398302
1787883701.688873018	s1-eth30	92546709	1435430
1787883701.688873018	s1-eth31	2546629004	719661
1787883701.688873018	s1-eth32	356884163	1877660
1787883701.688873018	s1-eth33	163570714	2480508
1787883701.688873018	s1-eth34	107448601	1618049
1787883701.688873018	s1-eth4	319365135	1456498
1787883701.688873018	s1-eth5	328675673	1653647
1787883701.688873018	s1-eth6	331853306	1777145
1787883701.688873018	s1-eth7	2702084191	2673828
1787883701.688873018	s1-eth8	356391073	2008374
1787883701.688873018	s1-eth9	121900491	1717264
1787883701.688873018	s2-eth1	17584739836	12210954482
1787883701.688873018	s2-eth10	291091109	1001837
1787883701.688873018	s2-eth11	3592586219	2630476
1787883701.688873018	s2-eth12	60617090	1073903
1787883701.688873018	s2-eth13	88399371	1156631
1787883701.688873018	s2-eth14	68585079	909927
1787883701.688873018	s2-eth15	2437743580	2006713
1787883701.688873018	s2-eth16	374887300	2232042
1787883701.688873018	s2-eth17	362388078	2122637
1787883701.688873018	s2-eth18	248788387	545334
1787883701.688873018	s2-eth19	943754	8406702389
1787883701.688873018	s2-eth2	203029606	329206
1787883701.688873018	s2-eth20	1712234	198701421
1787883701.688873018	s2-eth21	3161818	268425274
1787883701.688873018	s2-eth22	1155040	79628867
1787883701.688873018	s2-eth23	1332791	2331293265
1787883701.688873018	s2-eth24	1122029	134702630
1787883701.688873018	s2-eth25	3333388	215150806
1787883701.688873018	s2-eth26	2050782	202385535
1787883701.688873018	s2-eth27	2039189	2425581389
1787883701.688873018	s2-eth28	2163762	133532530
1787883701.688873018	s2-eth29	1118908	66482452
1787883701.688873018	s2-eth3	1549169285	839387
1787883701.688873018	s2-eth30	1427897	88521408
1787883701.688873018	s2-eth31	711887	2280118679
1787883701.688873018	s2-eth32	1869414	194886839
1787883701.688873018	s2-eth33	2476400	156934789
1787883701.688873018	s2-eth34	1610667	90159031
1787883701.688873018	s2-eth4	266867004	594971
1787883701.688873018	s2-eth5	432472342	3173326
1787883701.688873018	s2-eth6	377976195	2270965
1787883701.688873018	s2-eth7	2604179570	905227
1787883701.688873018	s2-eth8	296080009	1074834
1787883701.688873018	s2-eth9	304364878	1111578
1787883701.688873018	s3-eth1	17223086017	13040067022
1787883701.688873018	s3-eth10	1064032	56555514
1787883701.688873018	s3-eth11	569954	2353028655
1787883701.688873018	s3-eth12	704215	87830439
1787883701.688873018	s3-eth13	282799	17392742
1787883701.688873018	s3-eth14	945952	98112439
1787883701.688873018	s3-eth15	2377912	2187377677
1787883701.688873018	s3-eth16	2834288	202582223
1787883701.688873018	s3-eth17	2442864	137392634
1787883701.688873018	s3-eth18	4572	47644697
1787883701.688873018	s3-eth19	1557550936	863256
1787883701.688873018	s3-eth2	329206	329206
1787883701.688873018	s3-eth20	405363506	2317159
1787883701.688873018	s3-eth21	270269288	539330
1787883701.688873018	s3-eth22	361345624	1821767
1787883701.688873018	s3-eth23	2665400025	1649144
1787883701.688873018	s3-eth24	363181229	1925293
1787883701.688873018	s3-eth25	401511469	2284545
1787883701.688873018	s3-eth26	294234363	819537
1787883701.688873018	s3-eth27	3653660809	2018443
1787883701.688873018	s3-eth28	260928103	3352437
1787883701.688873018	s3-eth29	183239937	2151139
1787883701.688873018	s3-eth3	5393074	8655026210
1787883701.688873018	s3-eth30	241185674	3329619
1787883701.688873018	s3-eth31	2609184675	1526698
1787883701.688873018	s3-eth32	162797008	2201571
1787883701.688873018	s3-eth33	138615687	1664215
1787883701.688873018	s3-eth34	48326776	537880
1787883701.688873018	s3-eth4	1449923	134548160
1787883701.688873018	s3-eth5	1647204	142694381
1787883701.688873018	s3-eth6	1771982	142824592
1787883701.688873018	s3-eth7	2670952	2350019437
1787883701.688873018	s3-eth8	2002719	169818819
1787883701.688873018	s3-eth9	1711024	104126086
1787883701.688873018	s4-eth1	22022499294	52942902
1787883701.688873018	s4-eth10	994626	112155233
1787883701.688873018	s4-eth11	2627846	2700701877
1787883701.688873018	s4-eth12	1070601	58694915
1787883701.688873018	s4-eth13	1156872	74951174
1787883701.688873018	s4-eth14	908451	53388282
1787883701.688873018	s4-eth15	2007337	2290255911
1787883701.688873018	s4-eth16	2240891	192201822
1787883701.688873018	s4-eth17	2124333	179570104
1787883701.688873018	s4-eth18	536711	80228111
1787883701.688873018	s4-eth19	854718	973021313
1787883701.688873018	s4-eth2	329206	326364
1787883701.688873018	s4-eth20	2331696	291470847
1787883701.688873018	s4-eth21	546752	158982302
1787883701.688873018	s4-eth22	1818077	247817400
1787883701.688873018	s4-eth23	1656276	2596858780
1787883701.688873018	s4-eth24	1931047	257928961
1787883701.688873018	s4-eth25	2285799	285753451
1787883701.688873018	s4-eth26	813333	179424507
1787883701.688873018	s4-eth27	2028995	3015875748
1787883701.688873018	s4-eth28	3361554	246529400
1787883701.688873018	s4-eth29	2158359	170798174
1787883701.688873018	s4-eth3	832009	709426164
1787883701.688873018	s4-eth30	3346036	225826220
1787883701.688873018	s4-eth31	1538815	2558966052
1787883701.688873018	s4-eth32	2205196	149436644
1787883701.688873018	s4-eth33	1662105	127432971
1787883701.688873018	s4-eth34	529892	38543083
1787883701.688873018	s4-eth4	587134	89619478
1787883701.688873018	s4-eth5	3177797	250377264
1787883701.688873018	s4-eth6	2274812	197992934
1787883701.688873018	s4-eth7	904995	2449342046
1787883701.688873018	s4-eth8	1075549	116759617
1787883701.688873018	s4-eth9	1109448	124498251
1787883701.688873018	s5-eth1	37900224091	56280698
1787883701.688873018	s5-eth2	12210954482	17584739836
1787883701.688873018	s5-eth3	51701516	28836292421
1787883701.688873018	s5-eth4	340980	326567
1787883701.688873018	s6-eth1	741028545	329276
1787883701.688873018	s6-eth2	329206	203029606
1787883701.688873018	s6-eth3	329206	356732799
1787883701.688873018	s6-eth4	341105	329206
1787883701.688873018	s7-eth1	13040067022	17223086017
1787883701.688873018	s7-eth2	52942902	22022499294
1787883701.688873018	s7-eth3	28223041422	51706068
1787883701.688873018	s7-eth4	340882	329206
1787883701.688873018	s8-eth1	329206	329206
1787883701.688873018	s8-eth2	326364	329206
1787883701.688873018	s8-eth3	329206	326567
1787883701.688873018	s8-eth4	340980	329206
1787883701.688873018	s9-eth1	28836292421	51701516
1787883701.688873018	s9-eth2	356732799	329206
1787883701.688873018	s9-eth3	51706068	28223041422
1787883701.688873018	s9-eth4	326567	329206
1787883703.968326834	s10-eth1	326567	340980
1787883703.968326834	s10-eth2	329206	341105
1787883703.968326834	s10-eth3	329206	340882
1787883703.968326834	s10-eth4	329206	340980
1787883703.968326834	s1-eth1	56280698	37900224091
1787883703.968326834	s1-eth10	59990179	1069639
1787883703.968326834	s1-eth11	3537115518	576307
1787883703.968326834	s1-eth12	273630207	712999
1787883703.968326834	s1-eth13	32263380	291622
1787883703.968326834	s1-eth14	286050516	953997
1787883703.968326834	s1-eth15	2482167033	2384097
1787883703.968326834	s1-eth16	398011456	2838894
1787883703.968326834	s1-eth17	157516563	2443991
1787883703.968326834	s1-eth18	218881062	13374
1787883703.968326834	s1-eth19	11021828940	951909
1787883703.968326834	s1-eth2	329276	741028545
1787883703.968326834	s1-eth20	361408621	1718654
1787883703.968326834	s1-eth21	438727360	3168393
1787883703.968326834	s1-eth22	95067445	1162486
1787883703.968326834	s1-eth23	2599996371	1340887
1787883703.968326834	s1-eth24	304136631	1129890
1787883703.968326834	s1-eth25	233511141	3338885
1787883703.968326834	s1-eth26	373337208	2058059
1787883703.968326834	s1-eth27	2696204707	2047455
1787883703.968326834	s1-eth28	140313980	2170075
1787883703.968326834	s1-eth29	68933701	1126957
1787883703.968326834	s1-eth3	11494259150	5398302
1787883703.968326834	s1-eth30	92546709	1435430
1787883703.968326834	s1-eth31	2546629004	719661
1787883703.968326834	s1-eth32	356884163	1877660
1787883703.968326834	s1-eth33	163570714	2480508
1787883703.968326834	s1-eth34	107448601	1618049
1787883703.968326834	s1-eth4	319365135	1456498
1787883703.968326834	s1-eth5	328675673	1653647
1787883703.968326834	s1-eth6	331853306	1777145
1787883703.968326834	s1-eth7	2702084191	2673828
1787883703.968326834	s1-eth8	356391073	2008374
1787883703.968326834	s1-eth9	121900491	1717264
1787883703.968326834	s2-eth1	17584739836	12210954482
1787883703.968326834	s2-eth10	291091109	1001837
1787883703.968326834	s2-eth11	3592586219	2630476
1787883703.968326834	s2-eth12	60617090	1073903
1787883703.968326834	s2-eth13	88399371	1156631
1787883703.968326834	s2-eth14	68585079	909927
1787883703.968326834	s2-eth15	2437743580	2006713
1787883703.968326834	s2-eth16	374887300	2232042
1787883703.968326834	s2-eth17	362388078	2122637
1787883703.968326834	s2-eth18	248788387	545334
1787883703.968326834	s2-eth19	943754	8406702389
1787883703.968326834	s2-eth2	203029606	329206
1787883703.968326834	s2-eth20	1712234	198701421
1787883703.968326834	s2-eth21	3161818	268425274
1787883703.968326834	s2-eth22	1155040	79628867
1787883703.968326834	s2-eth23	1332791	2331293265
1787883703.968326834	s2-eth24	1122029	134702630
1787883703.968326834	s2-eth25	3333388	215150806
1787883703.968326834	s2-eth26	2050782	202385535
1787883703.968326834	s2-eth27	2039189	2425581389
1787883703.968326834	s2-eth28	2163762	133532530
1787883703.968326834	s2-eth29	1118908	66482452
1787883703.968326834	s2-eth3	1549169285	839387
1787883703.968326834	s2-eth30	1427897	88521408
1787883703.968326834	s2-eth31	711887	2280118679
1787883703.968326834	s2-eth32	1869414	194886839
1787883703.968326834	s2-eth33	2476400	156934789
1787883703.968326834	s2-eth34	1610667	90159031
1787883703.968326834	s2-eth4	266867004	594971
1787883703.968326834	s2-eth5	432472342	3173326
1787883703.968326834	s2-eth6	377976195	2270965
1787883703.968326834	s2-eth7	2604179570	905227
1787883703.968326834	s2-eth8	296080009	1074834
1787883703.968326834	s2-eth9	304364878	1111578
1787883703.968326834	s3-eth1	17223086017	13040067022
1787883703.968326834	s3-eth10	1064032	56555514
1787883703.968326834	s3-eth11	569954	2353028655
1787883703.968326834	s3-eth12	704215	87830439
1787883703.968326834	s3-eth13	282799	17392742
1787883703.968326834	s3-eth14	945952	98112439
1787883703.968326834	s3-eth15	2377912	2187377677
1787883703.968326834	s3-eth16	2834288	202582223
1787883703.968326834	s3-eth17	2442864	137392634
1787883703.968326834	s3-eth18	4572	47644697
1787883703.968326834	s3-eth19	1557550936	863256
1787883703.968326834	s3-eth2	329206	329206
1787883703.968326834	s3-eth20	405363506	2317159
1787883703.968326834	s3-eth21	270269288	539330
1787883703.968326834	s3-eth22	361345624	1821767
1787883703.968326834	s3-eth23	2665400025	1649144
1787883703.968326834	s3-eth24	363181229	1925293
1787883703.968326834	s3-eth25	401511469	2284545
1787883703.968326834	s3-eth26	294234363	819537
1787883703.968326834	s3-eth27	3653660809	2018443
1787883703.968326834	s3-eth28	260928103	3352437
1787883703.968326834	s3-eth29	183239937	2151139
1787883703.968326834	s3-eth3	5393074	8655026210
1787883703.968326834	s3-eth30	241185674	3329619
1787883703.968326834	s3-eth31	2609184675	1526698
1787883703.968326834	s3-eth32	162797008	2201571
1787883703.968326834	s3-eth33	138615687	1664215
1787883703.968326834	s3-eth34	48326776	537880
1787883703.968326834	s3-eth4	1449923	134548160
1787883703.968326834	s3-eth5	1647204	142694381
1787883703.968326834	s3-eth6	1771982	142824592
1787883703.968326834	s3-eth7	2670952	2350019437
1787883703.968326834	s3-eth8	2002719	169818819
1787883703.968326834	s3-eth9	1711024	104126086
1787883703.968326834	s4-eth1	22022499294	52942902
1787883703.968326834	s4-eth10	994626	112155233
1787883703.968326834	s4-eth11	2627846	2700701877
1787883703.968326834	s4-eth12	1070601	58694915
1787883703.968326834	s4-eth13	1156872	74951174
1787883703.968326834	s4-eth14	908451	53388282
1787883703.968326834	s4-eth15	2007337	2290255911
1787883703.968326834	s4-eth16	2240891	192201822
1787883703.968326834	s4-eth17	2124333	179570104
1787883703.968326834	s4-eth18	536711	80228111
1787883703.968326834	s4-eth19	854718	973021313
1787883703.968326834	s4-eth2	329206	326364
1787883703.968326834	s4-eth20	2331696	291470847
1787883703.968326834	s4-eth21	546752	158982302
1787883703.968326834	s4-eth22	1818077	247817400
1787883703.968326834	s4-eth23	1656276	2596858780
1787883703.968326834	s4-eth24	1931047	257928961
1787883703.968326834	s4-eth25	2285799	285753451
1787883703.968326834	s4-eth26	813333	179424507
1787883703.968326834	s4-eth27	2028995	3015875748
1787883703.968326834	s4-eth28	3361554	246529400
1787883703.968326834	s4-eth29	2158359	170798174
1787883703.968326834	s4-eth3	832009	709426164
1787883703.968326834	s4-eth30	3346036	225826220
1787883703.968326834	s4-eth31	1538815	2558966052
1787883703.968326834	s4-eth32	2205196	149436644
1787883703.968326834	s4-eth33	1662105	127432971
1787883703.968326834	s4-eth34	529892	38543083
1787883703.968326834	s4-eth4	587134	89619478
1787883703.968326834	s4-eth5	3177797	250377264
1787883703.968326834	s4-eth6	2274812	197992934
1787883703.968326834	s4-eth7	904995	2449342046
1787883703.968326834	s4-eth8	1075549	116759617
1787883703.968326834	s4-eth9	1109448	124498251
1787883703.968326834	s5-eth1	37900224091	56280698
1787883703.968326834	s5-eth2	12210954482	17584739836
1787883703.968326834	s5-eth3	51701516	28836292421
1787883703.968326834	s5-eth4	340980	326567
1787883703.968326834	s6-eth1	741028545	329276
1787883703.968326834	s6-eth2	329206	203029606
1787883703.968326834	s6-eth3	329206	356732799
1787883703.968326834	s6-eth4	341105	329206
1787883703.968326834	s7-eth1	13040067022	17223086017
1787883703.968326834	s7-eth2	52942902	22022499294
1787883703.968326834	s7-eth3	28223041422	51706068
1787883703.968326834	s7-eth4	340882	329206
1787883703.968326834	s8-eth1	329206	329206
1787883703.968326834	s8-eth2	326364	329206
1787883703.968326834	s8-eth3	329206	326567
1787883703.968326834	s8-eth4	340980	329206
1787883703.968326834	s9-eth1	28836292421	51701516
1787883703.968326834	s9-eth2	356732799	329206
1787883703.968326834	s9-eth3	51706068	28223041422
1787883703.968326834	s9-eth4	326567	329206
1787883706.284755777	s10-eth1	326594	341008
1787883706.284755777	s10-eth2	329233	341133
1787883706.284755777	s10-eth3	329233	340910
1787883706.284755777	s10-eth4	329233	341008
1787883706.284755777	s1-eth1	56285365	37902504431
1787883706.284755777	s1-eth10	59990179	1069639
1787883706.284755777	s1-eth11	3537283568	576894
1787883706.284755777	s1-eth12	273630207	712999
1787883706.284755777	s1-eth13	32263380	291622
1787883706.284755777	s1-eth14	286050516	953997
1787883706.284755777	s1-eth15	2482408625	2384684
1787883706.284755777	s1-eth16	398011456	2838894
1787883706.284755777	s1-eth17	157516563	2443991
1787883706.284755777	s1-eth18	218881062	13374
1787883706.284755777	s1-eth19	11023043805	952429
1787883706.284755777	s1-eth2	329303	741028572
1787883706.284755777	s1-eth20	361408621	1718654
1787883706.284755777	s1-eth21	438727360	3168393
1787883706.284755777	s1-eth22	95067445	1162486
1787883706.284755777	s1-eth23	2600397947	1341407
1787883706.284755777	s1-eth24	304136631	1129890
1787883706.284755777	s1-eth25	233511141	3338885
1787883706.284755777	s1-eth26	373337208	2058059
1787883706.284755777	s1-eth27	2696629433	2048042
1787883706.284755777	s1-eth28	140313980	2170075
1787883706.284755777	s1-eth29	68933701	1126957
1787883706.284755777	s1-eth3	11496225375	5398889
1787883706.284755777	s1-eth30	92546709	1435430
1787883706.284755777	s1-eth31	2547149111	720326
1787883706.284755777	s1-eth32	356884163	1877660
1787883706.284755777	s1-eth33	163570714	2480508
1787883706.284755777	s1-eth34	107448601	1618049
1787883706.284755777	s1-eth4	319365135	1456498
1787883706.284755777	s1-eth5	328675673	1653647
1787883706.284755777	s1-eth6	331853306	1777145
1787883706.284755777	s1-eth7	2702703587	2674415
1787883706.284755777	s1-eth8	356391073	2008374
1787883706.284755777	s1-eth9	121900491	1717264
1787883706.284755777	s2-eth1	17589202599	12213024857
1787883706.284755777	s2-eth10	291091109	1001837
1787883706.284755777	s2-eth11	3593244549	2631063
1787883706.284755777	s2-eth12	60617090	1073903
1787883706.284755777	s2-eth13	88399371	1156631
1787883706.284755777	s2-eth14	68585079	909927
1787883706.284755777	s2-eth15	2438435076	2007300
1787883706.284755777	s2-eth16	374887300	2232042
1787883706.284755777	s2-eth17	362388078	2122637
1787883706.284755777	s2-eth18	248788387	545334
1787883706.284755777	s2-eth19	944274	8409698124
1787883706.284755777	s2-eth2	203029633	329233
1787883706.284755777	s2-eth20	1712234	198701421
1787883706.284755777	s2-eth21	3161818	268425274
1787883706.284755777	s2-eth22	1155040	79628867
1787883706.284755777	s2-eth23	1333311	2332118789
1787883706.284755777	s2-eth24	1122029	134702630
1787883706.284755777	s2-eth25	3333388	215150806
1787883706.284755777	s2-eth26	2050782	202385535
1787883706.284755777	s2-eth27	2039776	2426453135
1787883706.284755777	s2-eth28	2163762	133532530
1787883706.284755777	s2-eth29	1118908	66482452
1787883706.284755777	s2-eth3	1549357523	839974
1787883706.284755777	s2-eth30	1427897	88521408
1787883706.284755777	s2-eth31	712552	2281058408
1787883706.284755777	s2-eth32	1869414	194886839
1787883706.284755777	s2-eth33	2476400	156934789
1787883706.284755777	s2-eth34	1610667	90159031
1787883706.284755777	s2-eth4	266867004	594971
1787883706.284755777	s2-eth5	432472342	3173326
1787883706.284755777	s2-eth6	377976195	2270965
1787883706.284755777	s2-eth7	2605194074	905814
1787883706.284755777	s2-eth8	296080009	1074834
1787883706.284755777	s2-eth9	304364878	1111578
1787883706.284755777	s3-eth1	17230151203	13043421963
1787883706.284755777	s3-eth10	1064032	56555514
1787883706.284755777	s3-eth11	570541	2354050303
1787883706.284755777	s3-eth12	704215	87830439
1787883706.284755777	s3-eth13	282799	17392742
1787883706.284755777	s3-eth14	945952	98112439
1787883706.284755777	s3-eth15	2378499	2188448419
1787883706.284755777	s3-eth16	2834288	202582223
1787883706.284755777	s3-eth17	2442864	137392634
1787883706.284755777	s3-eth18	4572	47644697
1787883706.284755777	s3-eth19	1557782356	863776
1787883706.284755777	s3-eth2	329233	329233
1787883706.284755777	s3-eth20	405363506	2317159
1787883706.284755777	s3-eth21	270269288	539330
1787883706.284755777	s3-eth22	361345624	1821767
1787883706.284755777	s3-eth23	2666603353	1649664
1787883706.284755777	s3-eth24	363181229	1925293
1787883706.284755777	s3-eth25	401511469	2284545
1787883706.284755777	s3-eth26	294234363	819537
1787883706.284755777	s3-eth27	3654888651	2018963
1787883706.284755777	s3-eth28	260928103	3352437
1787883706.284755777	s3-eth29	183239937	2151139
1787883706.284755777	s3-eth3	5393661	8660242703
1787883706.284755777	s3-eth30	241185674	3329619
1787883706.284755777	s3-eth31	2610582673	1527218
1787883706.284755777	s3-eth32	162797008	2201571
1787883706.284755777	s3-eth33	138615687	1664215
1787883706.284755777	s3-eth34	48326776	537880
1787883706.284755777	s3-eth4	1449923	134548160
1787883706.284755777	s3-eth5	1647204	142694381
1787883706.284755777	s3-eth6	1771982	142824592
1787883706.284755777	s3-eth7	2671539	2351459331
1787883706.284755777	s3-eth8	2002719	169818819
1787883706.284755777	s3-eth9	1711024	104126086
1787883706.284755777	s4-eth1	22032372839	52947357
1787883706.284755777	s4-eth10	994626	112155233
1787883706.284755777	s4-eth11	2628433	2702223965
1787883706.284755777	s4-eth12	1070601	58694915
1787883706.284755777	s4-eth13	1156872	74951174
1787883706.284755777	s4-eth14	908451	53388282
1787883706.284755777	s4-eth15	2007924	2291792419
1787883706.284755777	s4-eth16	2240891	192201822
1787883706.284755777	s4-eth17	2124333	179570104
1787883706.284755777	s4-eth18	536711	80228111
1787883706.284755777	s4-eth19	855238	973373861
1787883706.284755777	s4-eth2	329233	326391
1787883706.284755777	s4-eth20	2331696	291470847
1787883706.284755777	s4-eth21	546752	158982302
1787883706.284755777	s4-eth22	1818077	247817400
1787883706.284755777	s4-eth23	1656796	2598711008
1787883706.284755777	s4-eth24	1931047	257928961
1787883706.284755777	s4-eth25	2285799	285753451
1787883706.284755777	s4-eth26	813333	179424507
1787883706.284755777	s4-eth27	2029515	3017774120
1787883706.284755777	s4-eth28	3361554	246529400
1787883706.284755777	s4-eth29	2158359	170798174
1787883706.284755777	s4-eth3	832596	709788884
1787883706.284755777	s4-eth30	3346036	225826220
1787883706.284755777	s4-eth31	1539335	2561008624
1787883706.284755777	s4-eth32	2205196	149436644
1787883706.284755777	s4-eth33	1662105	127432971
1787883706.284755777	s4-eth34	529892	38543083
1787883706.284755777	s4-eth4	587134	89619478
1787883706.284755777	s4-eth5	3177797	250377264
1787883706.284755777	s4-eth6	2274812	197992934
1787883706.284755777	s4-eth7	905582	2451299618
1787883706.284755777	s4-eth8	1075549	116759617
1787883706.284755777	s4-eth9	1109448	124498251
1787883706.284755777	s5-eth1	37930206693	56285365
1787883706.284755777	s5-eth2	12217841137	17599846001
1787883706.284755777	s5-eth3	51706239	28858429047
1787883706.284755777	s5-eth4	341008	326594
1787883706.284755777	s6-eth1	741028572	329303
1787883706.284755777	s6-eth2	329233	203029633
1787883706.284755777	s6-eth3	329233	356732826
1787883706.284755777	s6-eth4	341133	329233
1787883706.284755777	s7-eth1	13047322573	17237894743
1787883706.284755777	s7-eth2	52947357	22036700281
1787883706.284755777	s7-eth3	28245377044	51710791
1787883706.284755777	s7-eth4	340910	329233
1787883706.284755777	s8-eth1	329233	329233
1787883706.284755777	s8-eth2	326391	329233
1787883706.284755777	s8-eth3	329233	326594
1787883706.284755777	s8-eth4	341008	329233
1787883706.284755777	s9-eth1	28860540135	51706239
1787883706.284755777	s9-eth2	356732826	329233
1787883706.284755777	s9-eth3	51710791	28246343184
1787883706.284755777	s9-eth4	326594	329233
1787883711.920470902	s10-eth1	326621	341036
1787883711.920470902	s10-eth2	329260	341161
1787883711.920470902	s10-eth3	329260	340938
1787883711.920470902	s10-eth4	329260	341036
1787883711.920470902	s1-eth1	56285392	37952823048
1787883711.920470902	s1-eth10	59990179	1069639
1787883711.920470902	s1-eth11	3540881358	576894
1787883711.920470902	s1-eth12	273630207	712999
1787883711.920470902	s1-eth13	32263380	291622
1787883711.920470902	s1-eth14	286050516	953997
1787883711.920470902	s1-eth15	2485994879	2384684
1787883711.920470902	s1-eth16	398011456	2838894
1787883711.920470902	s1-eth17	157516563	2443991
1787883711.920470902	s1-eth18	218881062	13374
1787883711.920470902	s1-eth19	11037407567	952429
1787883711.920470902	s1-eth2	329330	741028599
1787883711.920470902	s1-eth20	361408621	1718654
1787883711.920470902	s1-eth21	438727360	3168393
1787883711.920470902	s1-eth22	95067445	1162486
1787883711.920470902	s1-eth23	2603920753	1341407
1787883711.920470902	s1-eth24	304136631	1129890
1787883711.920470902	s1-eth25	233511141	3338885
1787883711.920470902	s1-eth26	373337208	2058059
1787883711.920470902	s1-eth27	2700198383	2048042
1787883711.920470902	s1-eth28	140313980	2170075
1787883711.920470902	s1-eth29	68933701	1126957
1787883711.920470902	s1-eth3	11510377163	5398889
1787883711.920470902	s1-eth30	92546709	1435430
1787883711.920470902	s1-eth31	2550680569	720326
1787883711.920470902	s1-eth32	356884163	1877660
1787883711.920470902	s1-eth33	163570714	2480508
1787883711.920470902	s1-eth34	107448601	1618049
1787883711.920470902	s1-eth4	319365135	1456498
1787883711.920470902	s1-eth5	328675673	1653647
1787883711.920470902	s1-eth6	331853306	1777145
1787883711.920470902	s1-eth7	2706223509	2674415
1787883711.920470902	s1-eth8	356391073	2008374
1787883711.920470902	s1-eth9	121900491	1717264
1787883711.920470902	s2-eth1	17613837754	12224328722
1787883711.920470902	s2-eth10	291091109	1001837
1787883711.920470902	s2-eth11	3596777449	2631063
1787883711.920470902	s2-eth12	60617090	1073903
1787883711.920470902	s2-eth13	88399371	1156631
1787883711.920470902	s2-eth14	68585079	909927
1787883711.920470902	s2-eth15	2441976628	2007300
1787883711.920470902	s2-eth16	374887300	2232042
1787883711.920470902	s2-eth17	362388078	2122637
1787883711.920470902	s2-eth18	248788387	545334
1787883711.920470902	s2-eth19	944274	8423676872
1787883711.920470902	s2-eth2	203029660	329260
1787883711.920470902	s2-eth20	1712234	198701421
1787883711.920470902	s2-eth21	3161818	268425274
1787883711.920470902	s2-eth22	1155040	79628867
1787883711.920470902	s2-eth23	1333311	2335575263
1787883711.920470902	s2-eth24	1122029	134702630
1787883711.920470902	s2-eth25	3333388	215150806
1787883711.920470902	s2-eth26	2050782	202385535
1787883711.920470902	s2-eth27	2039776	2429935565
1787883711.920470902	s2-eth28	2163762	133532530
1787883711.920470902	s2-eth29	1118908	66482452
1787883711.920470902	s2-eth3	1550062661	839974
1787883711.920470902	s2-eth30	1427897	88521408
1787883711.920470902	s2-eth31	712552	2284546606
1787883711.920470902	s2-eth32	1869414	194886839
1787883711.920470902	s2-eth33	2476400	156934789
1787883711.920470902	s2-eth34	1610667	90159031
1787883711.920470902	s2-eth4	266867004	594971
1787883711.920470902	s2-eth5	432472342	3173326
1787883711.920470902	s2-eth6	377976195	2270965
1787883711.920470902	s2-eth7	2608754372	905814
1787883711.920470902	s2-eth8	296080009	1074834
1787883711.920470902	s2-eth9	304364878	1111578
1787883711.920470902	s3-eth1	17254068242	13054812348
1787883711.920470902	s3-eth10	1064032	56555514
1787883711.920470902	s3-eth11	570541	2357482263
1787883711.920470902	s3-eth12	704215	87830439
1787883711.920470902	s3-eth13	282799	17392742
1787883711.920470902	s3-eth14	945952	98112439
1787883711.920470902	s3-eth15	2378499	2191874611
1787883711.920470902	s3-eth16	2834288	202582223
1787883711.920470902	s3-eth17	2442864	137392634
1787883711.920470902	s3-eth18	4572	47644697
1787883711.920470902	s3-eth19	1558497588	863776
1787883711.920470902	s3-eth2	329260	329260
1787883711.920470902	s3-eth20	405363506	2317159
1787883711.920470902	s3-eth21	270269288	539330
1787883711.920470902	s3-eth22	361345624	1821767
1787883711.920470902	s3-eth23	2670167977	1649664
1787883711.920470902	s3-eth24	363181229	1925293
1787883711.920470902	s3-eth25	401511469	2284545
1787883711.920470902	s3-eth26	294234363	819537
1787883711.920470902	s3-eth27	3658425877	2018963
1787883711.920470902	s3-eth28	260928103	3352437
1787883711.920470902	s3-eth29	183239937	2151139
1787883711.920470902	s3-eth3	5393661	8673514871
1787883711.920470902	s3-eth30	241185674	3329619
1787883711.920470902	s3-eth31	2614030495	1527218
1787883711.920470902	s3-eth32	162797008	2201571
1787883711.920470902	s3-eth33	138615687	1664215
1787883711.920470902	s3-eth34	48326776	537880
1787883711.920470902	s3-eth4	1449923	134548160
1787883711.920470902	s3-eth5	1647204	142694381
1787883711.920470902	s3-eth6	1771982	142824592
1787883711.920470902	s3-eth7	2671539	2354696621
1787883711.920470902	s3-eth8	2002719	169818819
1787883711.920470902	s3-eth9	1711024	104126086
1787883711.920470902	s4-eth1	22053469326	52947384
1787883711.920470902	s4-eth10	994626	112155233
1787883711.920470902	s4-eth11	2628433	2705468465
1787883711.920470902	s4-eth12	1070601	58694915
1787883711.920470902	s4-eth13	1156872	74951174
1787883711.920470902	s4-eth14	908451	53388282
1787883711.920470902	s4-eth15	2007924	2295051339
1787883711.920470902	s4-eth16	2240891	192201822
1787883711.920470902	s4-eth17	2124333	179570104
1787883711.920470902	s4-eth18	536711	80228111
1787883711.920470902	s4-eth19	855238	974015551
1787883711.920470902	s4-eth2	329260	326418
1787883711.920470902	s4-eth20	2331696	291470847
1787883711.920470902	s4-eth21	546752	158982302
1787883711.920470902	s4-eth22	1818077	247817400
1787883711.920470902	s4-eth23	1656796	2601841590
1787883711.920470902	s4-eth24	1931047	257928961
1787883711.920470902	s4-eth25	2285799	285753451
1787883711.920470902	s4-eth26	813333	179424507
1787883711.920470902	s4-eth27	2029515	3020834044
1787883711.920470902	s4-eth28	3361554	246529400
1787883711.920470902	s4-eth29	2158359	170798174
1787883711.920470902	s4-eth3	832596	710393082
1787883711.920470902	s4-eth30	3346036	225826220
1787883711.920470902	s4-eth31	1539335	2564002216
1787883711.920470902	s4-eth32	2205196	149436644
1787883711.920470902	s4-eth33	1662105	127432971
1787883711.920470902	s4-eth34	529892	38543083
1787883711.920470902	s4-eth4	587134	89619478
1787883711.920470902	s4-eth5	3177797	250377264
1787883711.920470902	s4-eth6	2274812	197992934
1787883711.920470902	s4-eth7	905582	2454283116
1787883711.920470902	s4-eth8	1075549	116759617
1787883711.920470902	s4-eth9	1109448	124498251
1787883711.920470902	s5-eth1	37971736320	56285392
1787883711.920470902	s5-eth2	12227328082	17620344058
1787883711.920470902	s5-eth3	51706266	28888266938
1787883711.920470902	s5-eth4	341036	326621
1787883711.920470902	s6-eth1	741028599	329330
1787883711.920470902	s6-eth2	329260	203029660
1787883711.920470902	s6-eth3	329260	356732853
1787883711.920470902	s6-eth4	341161	329260
1787883711.920470902	s7-eth1	13056496604	17257706408
1787883711.920470902	s7-eth2	52947384	22054914210
1787883711.920470902	s7-eth3	28274211303	51710818
1787883711.920470902	s7-eth4	340938	329260
1787883711.920470902	s8-eth1	329260	329260
1787883711.920470902	s8-eth2	326418	329260
1787883711.920470902	s8-eth3	329260	326621
1787883711.920470902	s8-eth4	341036	329260
1787883711.920470902	s9-eth1	28888908628	51706266
1787883711.920470902	s9-eth2	356732853	329260
1787883711.920470902	s9-eth3	51710818	28274661207
1787883711.920470902	s9-eth4	326621	329260
1787883716.252730504	s10-eth1	326648	341064
1787883716.252730504	s10-eth2	329287	341189
1787883716.252730504	s10-eth3	329287	340966
1787883716.252730504	s10-eth4	329287	341064
1787883716.252730504	s1-eth1	56285419	37991932999
1787883716.252730504	s1-eth10	59990179	1069639
1787883716.252730504	s1-eth11	3543697584	576894
1787883716.252730504	s1-eth12	273630207	712999
1787883716.252730504	s1-eth13	32263380	291622
1787883716.252730504	s1-eth14	286050516	953997
1787883716.252730504	s1-eth15	2488813989	2384684
1787883716.252730504	s1-eth16	398011456	2838894
1787883716.252730504	s1-eth17	157516563	2443991
1787883716.252730504	s1-eth18	218881062	13374
1787883716.252730504	s1-eth19	11048626327	952429
1787883716.252730504	s1-eth2	329357	741028626
1787883716.252730504	s1-eth20	361408621	1718654
1787883716.252730504	s1-eth21	438727360	3168393
1787883716.252730504	s1-eth22	95067445	1162486
1787883716.252730504	s1-eth23	2606777355	1341407
1787883716.252730504	s1-eth24	304136631	1129890
1787883716.252730504	s1-eth25	233511141	3338885
1787883716.252730504	s1-eth26	373337208	2058059
1787883716.252730504	s1-eth27	2703037681	2048042
1787883716.252730504	s1-eth28	140313980	2170075
1787883716.252730504	s1-eth29	68933701	1126957
1787883716.252730504	s1-eth3	11521817991	5398889
1787883716.252730504	s1-eth30	92546709	1435430
1787883716.252730504	s1-eth31	2553548707	720326
1787883716.252730504	s1-eth32	356884163	1877660
1787883716.252730504	s1-eth33	163570714	2480508
1787883716.252730504	s1-eth34	107448601	1618049
1787883716.252730504	s1-eth4	319365135	1456498
1787883716.252730504	s1-eth5	328675673	1653647
1787883716.252730504	s1-eth6	331853306	1777145
1787883716.252730504	s1-eth7	2709113277	2674415
1787883716.252730504	s1-eth8	356391073	2008374
1787883716.252730504	s1-eth9	121900491	1717264
1787883716.252730504	s2-eth1	17633375439	12233599367
1787883716.252730504	s2-eth10	291091109	1001837
1787883716.252730504	s2-eth11	3599683079	2631063
1787883716.252730504	s2-eth12	60617090	1073903
1787883716.252730504	s2-eth13	88399371	1156631
1787883716.252730504	s2-eth14	68585079	909927
1787883716.252730504	s2-eth15	2444916866	2007300
1787883716.252730504	s2-eth16	374887300	2232042
1787883716.252730504	s2-eth17	362388078	2122637
1787883716.252730504	s2-eth18	248788387	545334
1787883716.252730504	s2-eth19	944274	8434879770
1787883716.252730504	s2-eth2	203029687	329287
1787883716.252730504	s2-eth20	1712234	198701421
1787883716.252730504	s2-eth21	3161818	268425274
1787883716.252730504	s2-eth22	1155040	79628867
1787883716.252730504	s2-eth23	1333311	2338384279
1787883716.252730504	s2-eth24	1122029	134702630
1787883716.252730504	s2-eth25	3333388	215150806
1787883716.252730504	s2-eth26	2050782	202385535
1787883716.252730504	s2-eth27	2039776	2432709973
1787883716.252730504	s2-eth28	2163762	133532530
1787883716.252730504	s2-eth29	1118908	66482452
1787883716.252730504	s2-eth3	1550636577	839974
1787883716.252730504	s2-eth30	1427897	88521408
1787883716.252730504	s2-eth31	712552	2287313804
1787883716.252730504	s2-eth32	1869414	194886839
1787883716.252730504	s2-eth33	2476400	156934789
1787883716.252730504	s2-eth34	1610667	90159031
1787883716.252730504	s2-eth4	266867004	594971
1787883716.252730504	s2-eth5	432472342	3173326
1787883716.252730504	s2-eth6	377976195	2270965
1787883716.252730504	s2-eth7	2611613858	905814
1787883716.252730504	s2-eth8	296080009	1074834
1787883716.252730504	s2-eth9	304364878	1111578
1787883716.252730504	s3-eth1	17273509313	13064090203
1787883716.252730504	s3-eth10	1064032	56555514
1787883716.252730504	s3-eth11	570541	2360243693
1787883716.252730504	s3-eth12	704215	87830439
1787883716.252730504	s3-eth13	282799	17392742
1787883716.252730504	s3-eth14	945952	98112439
1787883716.252730504	s3-eth15	2378499	2194627389
1787883716.252730504	s3-eth16	2834288	202582223
1787883716.252730504	s3-eth17	2442864	137392634
1787883716.252730504	s3-eth18	4572	47644697
1787883716.252730504	s3-eth19	1559085924	863776
1787883716.252730504	s3-eth2	329287	329287
1787883716.252730504	s3-eth20	405363506	2317159
1787883716.252730504	s3-eth21	270269288	539330
1787883716.252730504	s3-eth22	361345624	1821767
1787883716.252730504	s3-eth23	2673137055	1649664
1787883716.252730504	s3-eth24	363181229	1925293
1787883716.252730504	s3-eth25	401511469	2284545
1787883716.252730504	s3-eth26	294234363	819537
1787883716.252730504	s3-eth27	3661390629	2018963
1787883716.252730504	s3-eth28	260928103	3352437
1787883716.252730504	s3-eth29	183239937	2151139
1787883716.252730504	s3-eth3	5393661	8684655763
1787883716.252730504	s3-eth30	241185674	3329619
1787883716.252730504	s3-eth31	2616985153	1527218
1787883716.252730504	s3-eth32	162797008	2201571
1787883716.252730504	s3-eth33	138615687	1664215
1787883716.252730504	s3-eth34	48326776	537880
1787883716.252730504	s3-eth4	1449923	134548160
1787883716.252730504	s3-eth5	1647204	142694381
1787883716.252730504	s3-eth6	1771982	142824592
1787883716.252730504	s3-eth7	2671539	2357521499
1787883716.252730504	s3-eth8	2002719	169818819
1787883716.252730504	s3-eth9	1711024	104126086
1787883716.252730504	s4-eth1	22072309083	52947411
1787883716.252730504	s4-eth10	994626	112155233
1787883716.252730504	s4-eth11	2628433	2708397167
1787883716.252730504	s4-eth12	1070601	58694915
1787883716.252730504	s4-eth13	1156872	74951174
1787883716.252730504	s4-eth14	908451	53388282
1787883716.252730504	s4-eth15	2007924	2298000229
1787883716.252730504	s4-eth16	2240891	192201822
1787883716.252730504	s4-eth17	2124333	179570104
1787883716.252730504	s4-eth18	536711	80228111
1787883716.252730504	s4-eth19	855238	974619749
1787883716.252730504	s4-eth2	329287	326445
1787883716.252730504	s4-eth20	2331696	291470847
1787883716.252730504	s4-eth21	546752	158982302
1787883716.252730504	s4-eth22	1818077	247817400
1787883716.252730504	s4-eth23	1656796	2604926028
1787883716.252730504	s4-eth24	1931047	257928961
1787883716.252730504	s4-eth25	2285799	285753451
1787883716.252730504	s4-eth26	813333	179424507
1787883716.252730504	s4-eth27	2029515	3023968952
1787883716.252730504	s4-eth28	3361554	246529400
1787883716.252730504	s4-eth29	2158359	170798174
1787883716.252730504	s4-eth3	832596	711016026
1787883716.252730504	s4-eth30	3346036	225826220
1787883716.252730504	s4-eth31	1539335	2567178942
1787883716.252730504	s4-eth32	2205196	149436644
1787883716.252730504	s4-eth33	1662105	127432971
1787883716.252730504	s4-eth34	529892	38543083
1787883716.252730504	s4-eth4	587134	89619478
1787883716.252730504	s4-eth5	3177797	250377264
1787883716.252730504	s4-eth6	2274812	197992934
1787883716.252730504	s4-eth7	905582	2457498776
1787883716.252730504	s4-eth8	1075549	116759617
1787883716.252730504	s4-eth9	1109448	124498251
1787883716.252730504	s5-eth1	38017046871	56285419
1787883716.252730504	s5-eth2	12237804239	17642618659
1787883716.252730504	s5-eth3	51706293	28921319047
1787883716.252730504	s5-eth4	341064	326648
1787883716.252730504	s6-eth1	741028626	329357
1787883716.252730504	s6-eth2	329287	203029687
1787883716.252730504	s6-eth3	329287	356732880
1787883716.252730504	s6-eth4	341189	329287
1787883716.252730504	s7-eth1	13067223669	17280266525
1787883716.252730504	s7-eth2	52947411	22076457717
1787883716.252730504	s7-eth3	28308036324	51710845
1787883716.252730504	s7-eth4	340966	329287
1787883716.252730504	s8-eth1	329287	329287
1787883716.252730504	s8-eth2	326445	329287
1787883716.252730504	s8-eth3	329287	326648
1787883716.252730504	s8-eth4	341064	329287
1787883716.252730504	s9-eth1	28923443113	51706293
1787883716.252730504	s9-eth2	356732880	329287
1787883716.252730504	s9-eth3	51710845	28309370174
1787883716.252730504	s9-eth4	326648	329287
1787883721.707468082	s10-eth1	326675	341092
1787883721.707468082	s10-eth2	329314	341217
1787883721.707468082	s10-eth3	329314	340994
1787883721.707468082	s10-eth4	329314	341092
1787883721.707468082	s1-eth1	56285446	38042087228
1787883721.707468082	s1-eth10	59990179	1069639
1787883721.707468082	s1-eth11	3547337192	576894
1787883721.707468082	s1-eth12	273630207	712999
1787883721.707468082	s1-eth13	32263380	291622
1787883721.707468082	s1-eth14	286050516	953997
1787883721.707468082	s1-eth15	2492531465	2384684
1787883721.707468082	s1-eth16	398011456	2838894
1787883721.707468082	s1-eth17	157516563	2443991
1787883721.707468082	s1-eth18	218881062	13374
1787883721.707468082	s1-eth19	11064034097	952429
1787883721.707468082	s1-eth2	329384	741028653
1787883721.707468082	s1-eth20	361408621	1718654
1787883721.707468082	s1-eth21	438727360	3168393
1787883721.707468082	s1-eth22	95067445	1162486
1787883721.707468082	s1-eth23	2610714015	1341407
1787883721.707468082	s1-eth24	304136631	1129890
1787883721.707468082	s1-eth25	233511141	3338885
1787883721.707468082	s1-eth26	373337208	2058059
1787883721.707468082	s1-eth27	2707014717	2048042
1787883721.707468082	s1-eth28	140313980	2170075
1787883721.707468082	s1-eth29	68933701	1126957
1787883721.707468082	s1-eth3	11537916479	5398889
1787883721.707468082	s1-eth30	92546709	1435430
1787883721.707468082	s1-eth31	2557564677	720326
1787883721.707468082	s1-eth32	356884163	1877660
1787883721.707468082	s1-eth33	163570714	2480508
1787883721.707468082	s1-eth34	107448601	1618049
1787883721.707468082	s1-eth4	319365135	1456498
1787883721.707468082	s1-eth5	328675673	1653647
1787883721.707468082	s1-eth6	331853306	1777145
1787883721.707468082	s1-eth7	2713140783	2674415
1787883721.707468082	s1-eth8	356391073	2008374
1787883721.707468082	s1-eth9	121900491	1717264
1787883721.707468082	s2-eth1	17657378998	12246596140
1787883721.707468082	s2-eth10	291091109	1001837
1787883721.707468082	s2-eth11	3603759613	2631063
1787883721.707468082	s2-eth12	60617090	1073903
1787883721.707468082	s2-eth13	88399371	1156631
1787883721.707468082	s2-eth14	68585079	909927
1787883721.707468082	s2-eth15	2449010704	2007300
1787883721.707468082	s2-eth16	374887300	2232042
1787883721.707468082	s2-eth17	362388078	2122637
1787883721.707468082	s2-eth18	248788387	545334
1787883721.707468082	s2-eth19	944274	8448551372
1787883721.707468082	s2-eth2	203029714	329314
1787883721.707468082	s2-eth20	1712234	198701421
1787883721.707468082	s2-eth21	3161818	268425274
1787883721.707468082	s2-eth22	1155040	79628867
1787883721.707468082	s2-eth23	1333311	2341822007
1787883721.707468082	s2-eth24	1122029	134702630
1787883721.707468082	s2-eth25	3333388	215150806
1787883721.707468082	s2-eth26	2050782	202385535
1787883721.707468082	s2-eth27	2039776	2436150585
1787883721.707468082	s2-eth28	2163762	133532530
1787883721.707468082	s2-eth29	1118908	66482452
1787883721.707468082	s2-eth3	1551487357	839974
1787883721.707468082	s2-eth30	1427897	88521408
1787883721.707468082	s2-eth31	712552	2290809212
1787883721.707468082	s2-eth32	1869414	194886839
1787883721.707468082	s2-eth33	2476400	156934789
1787883721.707468082	s2-eth34	1610667	90159031
1787883721.707468082	s2-eth4	266867004	594971
1787883721.707468082	s2-eth5	432472342	3173326
1787883721.707468082	s2-eth6	377976195	2270965
1787883721.707468082	s2-eth7	2616026378	905814
1787883721.707468082	s2-eth8	296080009	1074834
1787883721.707468082	s2-eth9	304364878	1111578
1787883721.707468082	s3-eth1	17296389554	13078143962
1787883721.707468082	s3-eth10	1064032	56555514
1787883721.707468082	s3-eth11	570541	2363475215
1787883721.707468082	s3-eth12	704215	87830439
1787883721.707468082	s3-eth13	282799	17392742
1787883721.707468082	s3-eth14	945952	98112439
1787883721.707468082	s3-eth15	2378499	2197886309
1787883721.707468082	s3-eth16	2834288	202582223
1787883721.707468082	s3-eth17	2442864	137392634
1787883721.707468082	s3-eth18	4572	47644697
1787883721.707468082	s3-eth19	1559992942	863776
1787883721.707468082	s3-eth2	329314	329314
1787883721.707468082	s3-eth20	405363506	2317159
1787883721.707468082	s3-eth21	270269288	539330
1787883721.707468082	s3-eth22	361345624	1821767
1787883721.707468082	s3-eth23	2677643305	1649664
1787883721.707468082	s3-eth24	363181229	1925293
1787883721.707468082	s3-eth25	401511469	2284545
1787883721.707468082	s3-eth26	294234363	819537
1787883721.707468082	s3-eth27	3665873807	2018963
1787883721.707468082	s3-eth28	260928103	3352437
1787883721.707468082	s3-eth29	183239937	2151139
1787883721.707468082	s3-eth3	5393661	8697214141
1787883721.707468082	s3-eth30	241185674	3329619
1787883721.707468082	s3-eth31	2621501497	1527218
1787883721.707468082	s3-eth32	162797008	2201571
1787883721.707468082	s3-eth33	138615687	1664215
1787883721.707468082	s3-eth34	48326776	537880
1787883721.707468082	s3-eth4	1449923	134548160
1787883721.707468082	s3-eth5	1647204	142694381
1787883721.707468082	s3-eth6	1771982	142824592
1787883721.707468082	s3-eth7	2671539	2360778977
1787883721.707468082	s3-eth8	2002719	169818819
1787883721.707468082	s3-eth9	1711024	104126086
1787883721.707468082	s4-eth1	22100354568	52947438
1787883721.707468082	s4-eth10	994626	112155233
1787883721.707468082	s4-eth11	2628433	2712440535
1787883721.707468082	s4-eth12	1070601	58694915
1787883721.707468082	s4-eth13	1156872	74951174
1787883721.707468082	s4-eth14	908451	53388282
1787883721.707468082	s4-eth15	2007924	2302020525
1787883721.707468082	s4-eth16	2240891	192201822
1787883721.707468082	s4-eth17	2124333	179570104
1787883721.707468082	s4-eth18	536711	80228111
1787883721.707468082	s4-eth19	855238	975554165
1787883721.707468082	s4-eth2	329314	326472
1787883721.707468082	s4-eth20	2331696	291470847
1787883721.707468082	s4-eth21	546752	158982302
1787883721.707468082	s4-eth22	1818077	247817400
1787883721.707468082	s4-eth23	1656796	2609586572
1787883721.707468082	s4-eth24	1931047	257928961
1787883721.707468082	s4-eth25	2285799	285753451
1787883721.707468082	s4-eth26	813333	179424507
1787883721.707468082	s4-eth27	2029515	3028594888
1787883721.707468082	s4-eth28	3361554	246529400
1787883721.707468082	s4-eth29	2158359	170798174
1787883721.707468082	s4-eth3	832596	711806242
1787883721.707468082	s4-eth30	3346036	225826220
1787883721.707468082	s4-eth31	1539335	2571760176
1787883721.707468082	s4-eth32	2205196	149436644
1787883721.707468082	s4-eth33	1662105	127432971
1787883721.707468082	s4-eth34	529892	38543083
1787883721.707468082	s4-eth4	587134	89619478
1787883721.707468082	s4-eth5	3177797	250377264
1787883721.707468082	s4-eth6	2274812	197992934
1787883721.707468082	s4-eth7	905582	2461413806
1787883721.707468082	s4-eth8	1075549	116759617
1787883721.707468082	s4-eth9	1109448	124498251
1787883721.707468082	s5-eth1	38081214483	56285473
1787883721.707468082	s5-eth2	12252544417	17664404449
1787883721.707468082	s5-eth3	51706347	28957256625
1787883721.707468082	s5-eth4	341120	326702
1787883721.707468082	s6-eth1	741028680	329411
1787883721.707468082	s6-eth2	329341	203029741
1787883721.707468082	s6-eth3	329341	356732934
1787883721.707468082	s6-eth4	341245	329341
1787883721.707468082	s7-eth1	13081955195	17301029937
1787883721.707468082	s7-eth2	52947465	22104126867
1787883721.707468082	s7-eth3	28343164940	51710899
1787883721.707468082	s7-eth4	341022	329341
1787883721.707468082	s8-eth1	329341	329341
1787883721.707468082	s8-eth2	326499	329341
1787883721.707468082	s8-eth3	329341	326702
1787883721.707468082	s8-eth4	341120	329341
1787883721.707468082	s9-eth1	28960257427	51706347
1787883721.707468082	s9-eth2	356732934	329341
1787883721.707468082	s9-eth3	51710899	28344353148
1787883721.707468082	s9-eth4	326702	329341
1787883728.761410103	s10-eth1	326702	341120
1787883728.761410103	s10-eth2	329341	341245
1787883728.761410103	s10-eth3	329341	341022
1787883728.761410103	s10-eth4	329341	341120
1787883728.761410103	s1-eth1	56285473	38104808487
1787883728.761410103	s1-eth10	59990179	1069639
1787883728.761410103	s1-eth11	3551781436	576894
1787883728.761410103	s1-eth12	273630207	712999
1787883728.761410103	s1-eth13	32263380	291622
1787883728.761410103	s1-eth14	286050516	953997
1787883728.761410103	s1-eth15	2496894957	2384684
1787883728.761410103	s1-eth16	398011456	2838894
1787883728.761410103	s1-eth17	157516563	2443991
1787883728.761410103	s1-eth18	218881062	13374
1787883728.761410103	s1-eth19	11081042487	952429
1787883728.761410103	s1-eth2	329411	741028680
1787883728.761410103	s1-eth20	361408621	1718654
1787883728.761410103	s1-eth21	438727360	3168393
1787883728.761410103	s1-eth22	95067445	1162486
1787883728.761410103	s1-eth23	2614879953	1341407
1787883728.761410103	s1-eth24	304136631	1129890
1787883728.761410103	s1-eth25	233511141	3338885
1787883728.761410103	s1-eth26	373337208	2058059
1787883728.761410103	s1-eth27	2711153257	2048042
1787883728.761410103	s1-eth28	140313980	2170075
1787883728.761410103	s1-eth29	68933701	1126957
1787883728.761410103	s1-eth3	11554345185	5398889
1787883728.761410103	s1-eth30	92546709	1435430
1787883728.761410103	s1-eth31	2561696007	720326
1787883728.761410103	s1-eth32	356884163	1877660
1787883728.761410103	s1-eth33	163570714	2480508
1787883728.761410103	s1-eth34	107448601	1618049
1787883728.761410103	s1-eth4	319365135	1456498
1787883728.761410103	s1-eth5	328675673	1653647
1787883728.761410103	s1-eth6	331853306	1777145
1787883728.761410103	s1-eth7	2717274997	2674415
1787883728.761410103	s1-eth8	356391073	2008374
1787883728.761410103	s1-eth9	121900491	1717264
1787883728.761410103	s2-eth1	17680485633	12259819307
1787883728.761410103	s2-eth10	291091109	1001837
1787883728.761410103	s2-eth11	3607873639	2631063
1787883728.761410103	s2-eth12	60617090	1073903
1787883728.761410103	s2-eth13	88399371	1156631
1787883728.761410103	s2-eth14	68585079	909927
1787883728.761410103	s2-eth15	2453118962	2007300
1787883728.761410103	s2-eth16	374887300	2232042
1787883728.761410103	s2-eth17	362388078	2122637
1787883728.761410103	s2-eth18	248788387	545334
1787883728.761410103	s2-eth19	944274	8461715390
1787883728.761410103	s2-eth2	203029741	329341
1787883728.761410103	s2-eth20	1712234	198701421
1787883728.761410103	s2-eth21	3161818	268425274
1787883728.761410103	s2-eth22	1155040	79628867
1787883728.761410103	s2-eth23	1333311	2345148701
1787883728.761410103	s2-eth24	1122029	134702630
1787883728.761410103	s2-eth25	3333388	215150806
1787883728.761410103	s2-eth26	2050782	202385535
1787883728.761410103	s2-eth27	2039776	2439445555
1787883728.761410103	s2-eth28	2163762	133532530
1787883728.761410103	s2-eth29	1118908	66482452
1787883728.761410103	s2-eth3	1552271805	839974
1787883728.761410103	s2-eth30	1427897	88521408
1787883728.761410103	s2-eth31	712552	2293913838
1787883728.761410103	s2-eth32	1869414	194886839
1787883728.761410103	s2-eth33	2476400	156934789
1787883728.761410103	s2-eth34	1610667	90159031
1787883728.761410103	s2-eth4	266867004	594971
1787883728.761410103	s2-eth5	432472342	3173326
1787883728.761410103	s2-eth6	377976195	2270965
1787883728.761410103	s2-eth7	2619746738	905814
1787883728.761410103	s2-eth8	296080009	1074834
1787883728.761410103	s2-eth9	304364878	1111578
1787883728.761410103	s3-eth1	17318110427	13089886195
1787883728.761410103	s3-eth10	1064032	56555514
1787883728.761410103	s3-eth11	570541	2366637521
1787883728.761410103	s3-eth12	704215	87830439
1787883728.761410103	s3-eth13	282799	17392742
1787883728.761410103	s3-eth14	945952	98112439
1787883728.761410103	s3-eth15	2378499	2200995261
1787883728.761410103	s3-eth16	2834288	202582223
1787883728.761410103	s3-eth17	2442864	137392634
1787883728.761410103	s3-eth18	4572	47644697
1787883728.761410103	s3-eth19	1560685102	863776
1787883728.761410103	s3-eth2	329341	329341
1787883728.761410103	s3-eth20	405363506	2317159
1787883728.761410103	s3-eth21	270269288	539330
1787883728.761410103	s3-eth22	361345624	1821767
1787883728.761410103	s3-eth23	2681095453	1649664
1787883728.761410103	s3-eth24	363181229	1925293
1787883728.761410103	s3-eth25	401511469	2284545
1787883728.761410103	s3-eth26	294234363	819537
1787883728.761410103	s3-eth27	3669363447	2018963
1787883728.761410103	s3-eth28	260928103	3352437
1787883728.761410103	s3-eth29	183239937	2151139
1787883728.761410103	s3-eth3	5393661	8709474025
1787883728.761410103	s3-eth30	241185674	3329619
1787883728.761410103	s3-eth31	2624952203	1527218
1787883728.761410103	s3-eth32	162797008	2201571
1787883728.761410103	s3-eth33	138615687	1664215
1787883728.761410103	s3-eth34	48326776	537880
1787883728.761410103	s3-eth4	1449923	134548160
1787883728.761410103	s3-eth5	1647204	142694381
1787883728.761410103	s3-eth6	1771982	142824592
1787883728.761410103	s3-eth7	2671539	2363879277
1787883728.761410103	s3-eth8	2002719	169818819
1787883728.761410103	s3-eth9	1711024	104126086
1787883728.761410103	s4-eth1	22121909611	52947465
1787883728.761410103	s4-eth10	994626	112155233
1787883728.761410103	s4-eth11	2628433	2715876821
1787883728.761410103	s4-eth12	1070601	58694915
1787883728.761410103	s4-eth13	1156872	74951174
1787883728.761410103	s4-eth14	908451	53388282
1787883728.761410103	s4-eth15	2007924	2305452485
1787883728.761410103	s4-eth16	2240891	192201822
1787883728.761410103	s4-eth17	2124333	179570104
1787883728.761410103	s4-eth18	536711	80228111
1787883728.761410103	s4-eth19	855238	976210275
1787883728.761410103	s4-eth2	329341	326499
1787883728.761410103	s4-eth20	2331696	291470847
1787883728.761410103	s4-eth21	546752	158982302
1787883728.761410103	s4-eth22	1818077	247817400
1787883728.761410103	s4-eth23	1656796	2612849818
1787883728.761410103	s4-eth24	1931047	257928961
1787883728.761410103	s4-eth25	2285799	285753451
1787883728.761410103	s4-eth26	813333	179424507
1787883728.761410103	s4-eth27	2029515	3031850924
1787883728.761410103	s4-eth28	3361554	246529400
1787883728.761410103	s4-eth29	2158359	170798174
1787883728.761410103	s4-eth3	832596	712483982
1787883728.761410103	s4-eth30	3346036	225826220
1787883728.761410103	s4-eth31	1539335	2575010444
1787883728.761410103	s4-eth32	2205196	149436644
1787883728.761410103	s4-eth33	1662105	127432971
1787883728.761410103	s4-eth34	529892	38543083
1787883728.761410103	s4-eth4	587134	89619478
1787883728.761410103	s4-eth5	3177797	250377264
1787883728.761410103	s4-eth6	2274812	197992934
1787883728.761410103	s4-eth7	905582	2464746268
1787883728.761410103	s4-eth8	1075549	116759617
1787883728.761410103	s4-eth9	1109448	124498251
1787883728.761410103	s5-eth1	38125675696	56285500
1787883728.761410103	s5-eth2	12262662958	17686853532
1787883728.761410103	s5-eth3	51706374	28990362088
1787883728.761410103	s5-eth4	341148	326729
1787883728.761410103	s6-eth1	741028707	329438
1787883728.761410103	s6-eth2	329368	203029768
1787883728.761410103	s6-eth3	329368	356732961
1787883728.761410103	s6-eth4	341273	329368
1787883728.761410103	s7-eth1	13092014614	17322799838
1787883728.761410103	s7-eth2	52947492	22124314894
1787883728.761410103	s7-eth3	28375136991	51710926
1787883728.761410103	s7-eth4	341050	329368
1787883728.761410103	s8-eth1	329368	329368
1787883728.761410103	s8-eth2	326526	329368
1787883728.761410103	s8-eth3	329368	326729
1787883728.761410103	s8-eth4	341148	329368
1787883728.761410103	s9-eth1	28992517878	51706374
1787883728.761410103	s9-eth2	356732961	329368
1787883728.761410103	s9-eth3	51710926	28377111089
1787883728.761410103	s9-eth4	326729	329368
1787883733.824283225	s10-eth1	326729	341148
1787883733.824283225	s10-eth2	329368	341273
1787883733.824283225	s10-eth3	329368	341050
1787883733.824283225	s10-eth4	329368	341148
1787883733.824283225	s1-eth1	56285500	38149875340
1787883733.824283225	s1-eth10	59990179	1069639
1787883733.824283225	s1-eth11	3554989886	576894
1787883733.824283225	s1-eth12	273630207	712999
1787883733.824283225	s1-eth13	32263380	291622
1787883733.824283225	s1-eth14	286050516	953997
1787883733.824283225	s1-eth15	2500090429	2384684
1787883733.824283225	s1-eth16	398011456	2838894
1787883733.824283225	s1-eth17	157516563	2443991
1787883733.824283225	s1-eth18	218881062	13374
1787883733.824283225	s1-eth19	11093866193	952429
1787883733.824283225	s1-eth2	329438	741028707
1787883733.824283225	s1-eth20	361408621	1718654
1787883733.824283225	s1-eth21	438727360	3168393
1787883733.824283225	s1-eth22	95067445	1162486
1787883733.824283225	s1-eth23	2618081193	1341407
1787883733.824283225	s1-eth24	304136631	1129890
1787883733.824283225	s1-eth25	233511141	3338885
1787883733.824283225	s1-eth26	373337208	2058059
1787883733.824283225	s1-eth27	2714329983	2048042
1787883733.824283225	s1-eth28	140313980	2170075
1787883733.824283225	s1-eth29	68933701	1126957
1787883733.824283225	s1-eth3	11567007387	5398889
1787883733.824283225	s1-eth30	92546709	1435430
1787883733.824283225	s1-eth31	2564839567	720326
1787883733.824283225	s1-eth32	356884163	1877660
1787883733.824283225	s1-eth33	163570714	2480508
1787883733.824283225	s1-eth34	107448601	1618049
1787883733.824283225	s1-eth4	319365135	1456498
1787883733.824283225	s1-eth5	328675673	1653647
1787883733.824283225	s1-eth6	331853306	1777145
1787883733.824283225	s1-eth7	2720369529	2674415
1787883733.824283225	s1-eth8	356391073	2008374
1787883733.824283225	s1-eth9	121900491	1717264
1787883733.824283225	s2-eth1	17701795536	12269601862
1787883733.824283225	s2-eth10	291091109	1001837
1787883733.824283225	s2-eth11	3610935005	2631063
1787883733.824283225	s2-eth12	60617090	1073903
1787883733.824283225	s2-eth13	88399371	1156631
1787883733.824283225	s2-eth14	68585079	909927
1787883733.824283225	s2-eth15	2456139952	2007300
1787883733.824283225	s2-eth16	374887300	2232042
1787883733.824283225	s2-eth17	362388078	2122637
1787883733.824283225	s2-eth18	248788387	545334
1787883733.824283225	s2-eth19	944274	8473766184
1787883733.824283225	s2-eth2	203029768	329368
1787883733.824283225	s2-eth20	1712234	198701421
1787883733.824283225	s2-eth21	3161818	268425274
1787883733.824283225	s2-eth22	1155040	79628867
1787883733.824283225	s2-eth23	1333311	2348168249
1787883733.824283225	s2-eth24	1122029	134702630
1787883733.824283225	s2-eth25	3333388	215150806
1787883733.824283225	s2-eth26	2050782	202385535
1787883733.824283225	s2-eth27	2039776	2442475197
1787883733.824283225	s2-eth28	2163762	133532530
1787883733.824283225	s2-eth29	1118908	66482452
1787883733.824283225	s2-eth3	1552887539	839974
1787883733.824283225	s2-eth30	1427897	88521408
1787883733.824283225	s2-eth31	712552	2296986740
1787883733.824283225	s2-eth32	1869414	194886839
1787883733.824283225	s2-eth33	2476400	156934789
1787883733.824283225	s2-eth34	1610667	90159031
1787883733.824283225	s2-eth4	266867004	594971
1787883733.824283225	s2-eth5	432472342	3173326
1787883733.824283225	s2-eth6	377976195	2270965
1787883733.824283225	s2-eth7	2622878762	905814
1787883733.824283225	s2-eth8	296080009	1074834
1787883733.824283225	s2-eth9	304364878	1111578
1787883733.824283225	s3-eth1	17339994246	13100032134
1787883733.824283225	s3-eth10	1064032	56555514
1787883733.824283225	s3-eth11	570541	2369766661
1787883733.824283225	s3-eth12	704215	87830439
1787883733.824283225	s3-eth13	282799	17392742
1787883733.824283225	s3-eth14	945952	98112439
1787883733.824283225	s3-eth15	2378499	2204115749
1787883733.824283225	s3-eth16	2834288	202582223
1787883733.824283225	s3-eth17	2442864	137392634
1787883733.824283225	s3-eth18	4572	47644697
1787883733.824283225	s3-eth19	1561315256	863776
1787883733.824283225	s3-eth2	329368	329368
1787883733.824283225	s3-eth20	405363506	2317159
1787883733.824283225	s3-eth21	270269288	539330
1787883733.824283225	s3-eth22	361345624	1821767
1787883733.824283225	s3-eth23	2684267853	1649664
1787883733.824283225	s3-eth24	363181229	1925293
1787883733.824283225	s3-eth25	401511469	2284545
1787883733.824283225	s3-eth26	294234363	819537
1787883733.824283225	s3-eth27	3672547383	2018963
1787883733.824283225	s3-eth28	260928103	3352437
1787883733.824283225	s3-eth29	183239937	2151139
1787883733.824283225	s3-eth3	5393661	8722139111
1787883733.824283225	s3-eth30	241185674	3329619
1787883733.824283225	s3-eth31	2628162095	1527218
1787883733.824283225	s3-eth32	162797008	2201571
1787883733.824283225	s3-eth33	138615687	1664215
1787883733.824283225	s3-eth34	48326776	537880
1787883733.824283225	s3-eth4	1449923	134548160
1787883733.824283225	s3-eth5	1647204	142694381
1787883733.824283225	s3-eth6	1771982	142824592
1787883733.824283225	s3-eth7	2671539	2367068981
1787883733.824283225	s3-eth8	2002719	169818819
1787883733.824283225	s3-eth9	1711024	104126086
1787883733.824283225	s4-eth1	22142528796	52947492
1787883733.824283225	s4-eth10	994626	112155233
1787883733.824283225	s4-eth11	2628433	2719099691
1787883733.824283225	s4-eth12	1070601	58694915
1787883733.824283225	s4-eth13	1156872	74951174
1787883733.824283225	s4-eth14	908451	53388282
1787883733.824283225	s4-eth15	2007924	2308709963
1787883733.824283225	s4-eth16	2240891	192201822
1787883733.824283225	s4-eth17	2124333	179570104
1787883733.824283225	s4-eth18	536711	80228111
1787883733.824283225	s4-eth19	855238	976875037
1787883733.824283225	s4-eth2	329395	326553
1787883733.824283225	s4-eth20	2331696	291470847
1787883733.824283225	s4-eth21	546752	158982302
1787883733.824283225	s4-eth22	1818077	247817400
1787883733.824283225	s4-eth23	1656796	2616205352
1787883733.824283225	s4-eth24	1931047	257928961
1787883733.824283225	s4-eth25	2285799	285753451
1787883733.824283225	s4-eth26	813333	179424507
1787883733.824283225	s4-eth27	2029515	3035261254
1787883733.824283225	s4-eth28	3361554	246529400
1787883733.824283225	s4-eth29	2158359	170798174
1787883733.824283225	s4-eth3	832596	713170374
1787883733.824283225	s4-eth30	3346036	225826220
1787883733.824283225	s4-eth31	1539335	2578514504
1787883733.824283225	s4-eth32	2205196	149436644
1787883733.824283225	s4-eth33	1662105	127432971
1787883733.824283225	s4-eth34	529892	38543083
1787883733.824283225	s4-eth4	587134	89619478
1787883733.824283225	s4-eth5	3177797	250377264
1787883733.824283225	s4-eth6	2274812	197992934
1787883733.824283225	s4-eth7	905582	2468310892
1787883733.824283225	s4-eth8	1075549	116759617
1787883733.824283225	s4-eth9	1109448	124498251
1787883733.824283225	s5-eth1	38176073623	56285527
1787883733.824283225	s5-eth2	12274210521	17711846303
1787883733.824283225	s5-eth3	51706401	29026704841
1787883733.824283225	s5-eth4	341176	326756
1787883733.824283225	s6-eth1	741028734	329465
1787883733.824283225	s6-eth2	329395	203029795
1787883733.824283225	s6-eth3	329395	356732988
1787883733.824283225	s6-eth4	341301	329395
1787883733.824283225	s7-eth1	13103658791	17347635431
1787883733.824283225	s7-eth2	52947519	22147495071
1787883733.824283225	s7-eth3	28411672972	51710953
1787883733.824283225	s7-eth4	341078	329395
1787883733.824283225	s8-eth1	329395	329395
1787883733.824283225	s8-eth2	326553	329395
1787883733.824283225	s8-eth3	329395	326756
1787883733.824283225	s8-eth4	341176	329395
1787883733.824283225	s9-eth1	29028811603	51706401
1787883733.824283225	s9-eth2	356732988	329395
1787883733.824283225	s9-eth3	51710953	28413263498
1787883733.824283225	s9-eth4	326756	329395
1787883739.365490909	s10-eth1	326756	341176
1787883739.365490909	s10-eth2	329395	341301
1787883739.365490909	s10-eth3	329395	341078
1787883739.365490909	s10-eth4	329395	341176
1787883739.365490909	s1-eth1	56285527	38200289129
1787883739.365490909	s1-eth10	59990179	1069639
1787883739.365490909	s1-eth11	3558603538	576894
1787883739.365490909	s1-eth12	273630207	712999
1787883739.365490909	s1-eth13	32263380	291622
1787883739.365490909	s1-eth14	286050516	953997
1787883739.365490909	s1-eth15	2503768971	2384684
1787883739.365490909	s1-eth16	398011456	2838894
1787883739.365490909	s1-eth17	157516563	2443991
1787883739.365490909	s1-eth18	218881062	13374
1787883739.365490909	s1-eth19	11108381365	952429
1787883739.365490909	s1-eth2	329465	741028734
1787883739.365490909	s1-eth20	361408621	1718654
1787883739.365490909	s1-eth21	438727360	3168393
1787883739.365490909	s1-eth22	95067445	1162486
1787883739.365490909	s1-eth23	2621667447	1341407
1787883739.365490909	s1-eth24	304136631	1129890
1787883739.365490909	s1-eth25	233511141	3338885
1787883739.365490909	s1-eth26	373337208	2058059
1787883739.365490909	s1-eth27	2717919121	2048042
1787883739.365490909	s1-eth28	140313980	2170075
1787883739.365490909	s1-eth29	68933701	1126957
1787883739.365490909	s1-eth3	11581408641	5398889
1787883739.365490909	s1-eth30	92546709	1435430
1787883739.365490909	s1-eth31	2568453219	720326
1787883739.365490909	s1-eth32	356884163	1877660
1787883739.365490909	s1-eth33	163570714	2480508
1787883739.365490909	s1-eth34	107448601	1618049
1787883739.365490909	s1-eth4	319365135	1456498
1787883739.365490909	s1-eth5	328675673	1653647
1787883739.365490909	s1-eth6	331853306	1777145
1787883739.365490909	s1-eth7	2724012021	2674415
1787883739.365490909	s1-eth8	356391073	2008374
1787883739.365490909	s1-eth9	121900491	1717264
1787883739.365490909	s2-eth1	17727161785	12281331117
1787883739.365490909	s2-eth10	291091109	1001837
1787883739.365490909	s2-eth11	3614606337	2631063
1787883739.365490909	s2-eth12	60617090	1073903
1787883739.365490909	s2-eth13	88399371	1156631
1787883739.365490909	s2-eth14	68585079	909927
1787883739.365490909	s2-eth15	2459850218	2007300
1787883739.365490909	s2-eth16	374887300	2232042
1787883739.365490909	s2-eth17	362388078	2122637
1787883739.365490909	s2-eth18	248788387	545334
1787883739.365490909	s2-eth19	944274	8488566872
1787883739.365490909	s2-eth2	203029795	329395
1787883739.365490909	s2-eth20	1712234	198701421
1787883739.365490909	s2-eth21	3161818	268425274
1787883739.365490909	s2-eth22	1155040	79628867
1787883739.365490909	s2-eth23	1333311	2351881399
1787883739.365490909	s2-eth24	1122029	134702630
1787883739.365490909	s2-eth25	3333388	215150806
1787883739.365490909	s2-eth26	2050782	202385535
1787883739.365490909	s2-eth27	2039776	2446234491
1787883739.365490909	s2-eth28	2163762	133532530
1787883739.365490909	s2-eth29	1118908	66482452
1787883739.365490909	s2-eth3	1553653241	839974
1787883739.365490909	s2-eth30	1427897	88521408
1787883739.365490909	s2-eth31	712552	2300805156
1787883739.365490909	s2-eth32	1869414	194886839
1787883739.365490909	s2-eth33	2476400	156934789
1787883739.365490909	s2-eth34	1610667	90159031
1787883739.365490909	s2-eth4	266867004	594971
1787883739.365490909	s2-eth5	432472342	3173326
1787883739.365490909	s2-eth6	377976195	2270965
1787883739.365490909	s2-eth7	2626815422	905814
1787883739.365490909	s2-eth8	296080009	1074834
1787883739.365490909	s2-eth9	304364878	1111578
1787883739.365490909	s3-eth1	17366907788	13112698716
1787883739.365490909	s3-eth10	1064032	56555514
1787883739.365490909	s3-eth11	570541	2373678807
1787883739.365490909	s3-eth12	704215	87830439
1787883739.365490909	s3-eth13	282799	17392742
1787883739.365490909	s3-eth14	945952	98112439
1787883739.365490909	s3-eth15	2378499	2208118741
1787883739.365490909	s3-eth16	2834288	202582223
1787883739.365490909	s3-eth17	2442864	137392634
1787883739.365490909	s3-eth18	4572	47644697
1787883739.365490909	s3-eth19	1562134312	863776
1787883739.365490909	s3-eth2	329422	329422
1787883739.365490909	s3-eth20	405363506	2317159
1787883739.365490909	s3-eth21	270269288	539330
1787883739.365490909	s3-eth22	361345624	1821767
1787883739.365490909	s3-eth23	2688389089	1649664
1787883739.365490909	s3-eth24	363181229	1925293
1787883739.365490909	s3-eth25	401511469	2284545
1787883739.365490909	s3-eth26	294234363	819537
1787883739.365490909	s3-eth27	3676701785	2018963
1787883739.365490909	s3-eth28	260928103	3352437
1787883739.365490909	s3-eth29	183239937	2151139
1787883739.365490909	s3-eth3	5393661	8738171267
1787883739.365490909	s3-eth30	241185674	3329619
1787883739.365490909	s3-eth31	2632339569	1527218
1787883739.365490909	s3-eth32	162797008	2201571
1787883739.365490909	s3-eth33	138615687	1664215
1787883739.365490909	s3-eth34	48326776	537880
1787883739.365490909	s3-eth4	1449923	134548160
1787883739.365490909	s3-eth5	1647204	142694381
1787883739.365490909	s3-eth6	1771982	142824592
1787883739.365490909	s3-eth7	2671539	2371188775
1787883739.365490909	s3-eth8	2002719	169818819
1787883739.365490909	s3-eth9	1711024	104126086
1787883739.365490909	s4-eth1	22169210176	52947546
1787883739.365490909	s4-eth10	994626	112155233
1787883739.365490909	s4-eth11	2628433	2723259861
1787883739.365490909	s4-eth12	1070601	58694915
1787883739.365490909	s4-eth13	1156872	74951174
1787883739.365490909	s4-eth14	908451	53388282
1787883739.365490909	s4-eth15	2007924	2312838409
1787883739.365490909	s4-eth16	2240891	192201822
1787883739.365490909	s4-eth17	2124333	179570104
1787883739.365490909	s4-eth18	536711	80228111
1787883739.365490909	s4-eth19	855238	977694093
1787883739.365490909	s4-eth2	329422	326580
1787883739.365490909	s4-eth20	2331696	291470847
1787883739.365490909	s4-eth21	546752	158982302
1787883739.365490909	s4-eth22	1818077	247817400
1787883739.365490909	s4-eth23	1656796	2620258814
1787883739.365490909	s4-eth24	1931047	257928961
1787883739.365490909	s4-eth25	2285799	285753451
1787883739.365490909	s4-eth26	813333	179424507
1787883739.365490909	s4-eth27	2029515	3039257036
1787883739.365490909	s4-eth28	3361554	246529400
1787883739.365490909	s4-eth29	2158359	170798174
1787883739.365490909	s4-eth3	832596	713957706
1787883739.365490909	s4-eth30	3346036	225826220
1787883739.365490909	s4-eth31	1539335	2582455490
1787883739.365490909	s4-eth32	2205196	149436644
1787883739.365490909	s4-eth33	1662105	127432971
1787883739.365490909	s4-eth34	529892	38543083
1787883739.365490909	s4-eth4	587134	89619478
1787883739.365490909	s4-eth5	3177797	250377264
1787883739.365490909	s4-eth6	2274812	197992934
1787883739.365490909	s4-eth7	905582	2472214386
1787883739.365490909	s4-eth8	1075549	116759617
1787883739.365490909	s4-eth9	1109448	124498251
1787883739.365490909	s5-eth1	38230888396	56285554
1787883739.365490909	s5-eth2	12286738644	17738961698
1787883739.365490909	s5-eth3	51706428	29066107518
1787883739.365490909	s5-eth4	341204	326783
1787883739.365490909	s6-eth1	741028761	329492
1787883739.365490909	s6-eth2	329422	203029822
1787883739.365490909	s6-eth3	329422	356733015
1787883739.365490909	s6-eth4	341329	329422
1787883739.365490909	s7-eth1	13116137886	17374531642
1787883739.365490909	s7-eth2	52947546	22172513798
1787883739.365490909	s7-eth3	28451208313	51710980
1787883739.365490909	s7-eth4	341106	329422
1787883739.365490909	s8-eth1	329422	329422
1787883739.365490909	s8-eth2	326580	329422
1787883739.365490909	s8-eth3	329422	326783
1787883739.365490909	s8-eth4	341204	329422
1787883739.365490909	s9-eth1	29068113340	51706428
1787883739.365490909	s9-eth2	356733015	329422
1787883739.365490909	s9-eth3	51710980	28452077839
1787883739.365490909	s9-eth4	326783	329422
1787883745.305713475	s10-eth1	326783	341204
1787883745.305713475	s10-eth2	329422	341329
1787883745.305713475	s10-eth3	329422	341106
1787883745.305713475	s10-eth4	329422	341204
1787883745.305713475	s1-eth1	56285554	38253793124
1787883745.305713475	s1-eth10	59990179	1069639
1787883745.305713475	s1-eth11	3562427722	576894
1787883745.305713475	s1-eth12	273630207	712999
1787883745.305713475	s1-eth13	32263380	291622
1787883745.305713475	s1-eth14	286050516	953997
1787883745.305713475	s1-eth15	2507547011	2384684
1787883745.305713475	s1-eth16	398011456	2838894
1787883745.305713475	s1-eth17	157516563	2443991
1787883745.305713475	s1-eth18	218881062	13374
1787883745.305713475	s1-eth19	11123636283	952429
1787883745.305713475	s1-eth2	329492	741028761
1787883745.305713475	s1-eth20	361408621	1718654
1787883745.305713475	s1-eth21	438727360	3168393
1787883745.305713475	s1-eth22	95067445	1162486
1787883745.305713475	s1-eth23	2625490189	1341407
1787883745.305713475	s1-eth24	304136631	1129890
1787883745.305713475	s1-eth25	233511141	3338885
1787883745.305713475	s1-eth26	373337208	2058059
1787883745.305713475	s1-eth27	2721737537	2048042
1787883745.305713475	s1-eth28	140313980	2170075
1787883745.305713475	s1-eth29	68933701	1126957
1787883745.305713475	s1-eth3	11596561177	5398889
1787883745.305713475	s1-eth30	92546709	1435430
1787883745.305713475	s1-eth31	2572229817	720326
1787883745.305713475	s1-eth32	356884163	1877660
1787883745.305713475	s1-eth33	163570714	2480508
1787883745.305713475	s1-eth34	107448601	1618049
1787883745.305713475	s1-eth4	319365135	1456498
1787883745.305713475	s1-eth5	328675673	1653647
1787883745.305713475	s1-eth6	331853306	1777145
1787883745.305713475	s1-eth7	2727781409	2674415
1787883745.305713475	s1-eth8	356391073	2008374
1787883745.305713475	s1-eth9	121900491	1717264
1787883745.305713475	s2-eth1	17753341349	12293363219
1787883745.305713475	s2-eth10	291091109	1001837
1787883745.305713475	s2-eth11	3618351211	2631063
1787883745.305713475	s2-eth12	60617090	1073903
1787883745.305713475	s2-eth13	88399371	1156631
1787883745.305713475	s2-eth14	68585079	909927
1787883745.305713475	s2-eth15	2463567694	2007300
1787883745.305713475	s2-eth16	374887300	2232042
1787883745.305713475	s2-eth17	362388078	2122637
1787883745.305713475	s2-eth18	248788387	545334
1787883745.305713475	s2-eth19	944274	8503239222
1787883745.305713475	s2-eth2	203029849	329449
1787883745.305713475	s2-eth20	1712234	198701421
1787883745.305713475	s2-eth21	3161818	268425274
1787883745.305713475	s2-eth22	1155040	79628867
1787883745.305713475	s2-eth23	1333311	2355570035
1787883745.305713475	s2-eth24	1122029	134702630
1787883745.305713475	s2-eth25	3333388	215150806
1787883745.305713475	s2-eth26	2050782	202385535
1787883745.305713475	s2-eth27	2039776	2449926011
1787883745.305713475	s2-eth28	2163762	133532530
1787883745.305713475	s2-eth29	1118908	66482452
1787883745.305713475	s2-eth3	1554385777	839974
1787883745.305713475	s2-eth30	1427897	88521408
1787883745.305713475	s2-eth31	712552	2304410156
1787883745.305713475	s2-eth32	1869414	194886839
1787883745.305713475	s2-eth33	2476400	156934789
1787883745.305713475	s2-eth34	1610667	90159031
1787883745.305713475	s2-eth4	266867004	594971
1787883745.305713475	s2-eth5	432472342	3173326
1787883745.305713475	s2-eth6	377976195	2270965
1787883745.305713475	s2-eth7	2630306504	905814
1787883745.305713475	s2-eth8	296080009	1074834
1787883745.305713475	s2-eth9	304364878	1111578
1787883745.305713475	s3-eth1	17391110343	13123812237
1787883745.305713475	s3-eth10	1064032	56555514
1787883745.305713475	s3-eth11	570541	2377112209
1787883745.305713475	s3-eth12	704215	87830439
1787883745.305713475	s3-eth13	282799	17392742
1787883745.305713475	s3-eth14	945952	98112439
1787883745.305713475	s3-eth15	2378499	2211560795
1787883745.305713475	s3-eth16	2834288	202582223
1787883745.305713475	s3-eth17	2442864	137392634
1787883745.305713475	s3-eth18	4572	47644697
1787883745.305713475	s3-eth19	1562827914	863776
1787883745.305713475	s3-eth2	329449	329449
1787883745.305713475	s3-eth20	405363506	2317159
1787883745.305713475	s3-eth21	270269288	539330
1787883745.305713475	s3-eth22	361345624	1821767
1787883745.305713475	s3-eth23	2691871519	1649664
1787883745.305713475	s3-eth24	363181229	1925293
1787883745.305713475	s3-eth25	401511469	2284545
1787883745.305713475	s3-eth26	294234363	819537
1787883745.305713475	s3-eth27	3680168353	2018963
1787883745.305713475	s3-eth28	260928103	3352437
1787883745.305713475	s3-eth29	183239937	2151139
1787883745.305713475	s3-eth3	5393661	8751989953
1787883745.305713475	s3-eth30	241185674	3329619
1787883745.305713475	s3-eth31	2635807579	1527218
1787883745.305713475	s3-eth32	162797008	2201571
1787883745.305713475	s3-eth33	138615687	1664215
1787883745.305713475	s3-eth34	48326776	537880
1787883745.305713475	s3-eth4	1449923	134548160
1787883745.305713475	s3-eth5	1647204	142694381
1787883745.305713475	s3-eth6	1771982	142824592
1787883745.305713475	s3-eth7	2671539	2374616409
1787883745.305713475	s3-eth8	2002719	169818819
1787883745.305713475	s3-eth9	1711024	104126086
1787883745.305713475	s4-eth1	22191308853	52947573
1787883745.305713475	s4-eth10	994626	112155233
1787883745.305713475	s4-eth11	2628433	2726729313
1787883745.305713475	s4-eth12	1070601	58694915
1787883745.305713475	s4-eth13	1156872	74951174
1787883745.305713475	s4-eth14	908451	53388282
1787883745.305713475	s4-eth15	2007924	2316361215
1787883745.305713475	s4-eth16	2240891	192201822
1787883745.305713475	s4-eth17	2124333	179570104
1787883745.305713475	s4-eth18	536711	80228111
1787883745.305713475	s4-eth19	855238	978404999
1787883745.305713475	s4-eth2	329449	326607
1787883745.305713475	s4-eth20	2331696	291470847
1787883745.305713475	s4-eth21	546752	158982302
1787883745.305713475	s4-eth22	1818077	247817400
1787883745.305713475	s4-eth23	1656796	2623783062
1787883745.305713475	s4-eth24	1931047	257928961
1787883745.305713475	s4-eth25	2285799	285753451
1787883745.305713475	s4-eth26	813333	179424507
1787883745.305713475	s4-eth27	2029515	3042785610
1787883745.305713475	s4-eth28	3361554	246529400
1787883745.305713475	s4-eth29	2158359	170798174
1787883745.305713475	s4-eth3	832596	714670054
1787883745.305713475	s4-eth30	3346036	225826220
1787883745.305713475	s4-eth31	1539335	2586020114
1787883745.305713475	s4-eth32	2205196	149436644
1787883745.305713475	s4-eth33	1662105	127432971
1787883745.305713475	s4-eth34	529892	38543083
1787883745.305713475	s4-eth4	587134	89619478
1787883745.305713475	s4-eth5	3177797	250377264
1787883745.305713475	s4-eth6	2274812	197992934
1787883745.305713475	s4-eth7	905582	2475803524
1787883745.305713475	s4-eth8	1075549	116759617
1787883745.305713475	s4-eth9	1109448	124498251
1787883745.305713475	s5-eth1	38280947453	56285581
1787883745.305713475	s5-eth2	12298195361	17763905441
1787883745.305713475	s5-eth3	51706455	29102588703
1787883745.305713475	s5-eth4	341232	326810
1787883745.305713475	s6-eth1	741028788	329519
1787883745.305713475	s6-eth2	329449	203029849
1787883745.305713475	s6-eth3	329449	356733042
1787883745.305713475	s6-eth4	341357	329449
1787883745.305713475	s7-eth1	13127604697	17399452313
1787883745.305713475	s7-eth2	52947573	22195443067
1787883745.305713475	s7-eth3	28487686614	51711007
1787883745.305713475	s7-eth4	341134	329449
1787883745.305713475	s8-eth1	329449	329449
1787883745.305713475	s8-eth2	326607	329449
1787883745.305713475	s8-eth3	329449	326810
1787883745.305713475	s8-eth4	341232	329449
1787883745.305713475	s9-eth1	29104869947	51706455
1787883745.305713475	s9-eth2	356733042	329449
1787883745.305713475	s9-eth3	51711007	28489206482
1787883745.305713475	s9-eth4	326810	329449
1787883751.003471368	s10-eth1	326810	341260
1787883751.003471368	s10-eth2	329476	341385
1787883751.003471368	s10-eth3	329476	341162
1787883751.003471368	s10-eth4	329476	341260
1787883751.003471368	s1-eth1	56285608	38305301418
1787883751.003471368	s1-eth10	59990179	1069639
1787883751.003471368	s1-eth11	3566130778	576894
1787883751.003471368	s1-eth12	273630207	712999
1787883751.003471368	s1-eth13	32263380	291622
1787883751.003471368	s1-eth14	286050516	953997
1787883751.003471368	s1-eth15	2511271697	2384684
1787883751.003471368	s1-eth16	398011456	2838894
1787883751.003471368	s1-eth17	157516563	2443991
1787883751.003471368	s1-eth18	218881062	13374
1787883751.003471368	s1-eth19	11138506187	952429
1787883751.003471368	s1-eth2	329546	741028815
1787883751.003471368	s1-eth20	361408621	1718654
1787883751.003471368	s1-eth21	438727360	3168393
1787883751.003471368	s1-eth22	95067445	1162486
1787883751.003471368	s1-eth23	2629210549	1341407
1787883751.003471368	s1-eth24	304136631	1129890
1787883751.003471368	s1-eth25	233511141	3338885
1787883751.003471368	s1-eth26	373337208	2058059
1787883751.003471368	s1-eth27	2725480969	2048042
1787883751.003471368	s1-eth28	140313980	2170075
1787883751.003471368	s1-eth29	68933701	1126957
1787883751.003471368	s1-eth3	11611446943	5398889
1787883751.003471368	s1-eth30	92546709	1435430
1787883751.003471368	s1-eth31	2575951619	720326
1787883751.003471368	s1-eth32	356884163	1877660
1787883751.003471368	s1-eth33	163570714	2480508
1787883751.003471368	s1-eth34	107448601	1618049
1787883751.003471368	s1-eth4	319365135	1456498
1787883751.003471368	s1-eth5	328675673	1653647
1787883751.003471368	s1-eth6	331853306	1777145
1787883751.003471368	s1-eth7	2731454183	2674415
1787883751.003471368	s1-eth8	356391073	2008374
1787883751.003471368	s1-eth9	121900491	1717264
1787883751.003471368	s2-eth1	17778675874	12304997302
1787883751.003471368	s2-eth10	291091109	1001837
1787883751.003471368	s2-eth11	3621983609	2631063
1787883751.003471368	s2-eth12	60617090	1073903
1787883751.003471368	s2-eth13	88399371	1156631
1787883751.003471368	s2-eth14	68585079	909927
1787883751.003471368	s2-eth15	2467204418	2007300
1787883751.003471368	s2-eth16	374887300	2232042
1787883751.003471368	s2-eth17	362388078	2122637
1787883751.003471368	s2-eth18	248788387	545334
1787883751.003471368	s2-eth19	944274	8517652012
1787883751.003471368	s2-eth2	203029876	329476
1787883751.003471368	s2-eth20	1712234	198701421
1787883751.003471368	s2-eth21	3161818	268425274
1787883751.003471368	s2-eth22	1155040	79628867
1787883751.003471368	s2-eth23	1333311	2359147637
1787883751.003471368	s2-eth24	1122029	134702630
1787883751.003471368	s2-eth25	3333388	215150806
1787883751.003471368	s2-eth26	2050782	202385535
1787883751.003471368	s2-eth27	2039776	2453474773
1787883751.003471368	s2-eth28	2163762	133532530
1787883751.003471368	s2-eth29	1118908	66482452
1787883751.003471368	s2-eth3	1555102451	839974
1787883751.003471368	s2-eth30	1427897	88521408
1787883751.003471368	s2-eth31	712552	2307971896
1787883751.003471368	s2-eth32	1869414	194886839
1787883751.003471368	s2-eth33	2476400	156934789
1787883751.003471368	s2-eth34	1610667	90159031
1787883751.003471368	s2-eth4	266867004	594971
1787883751.003471368	s2-eth5	432472342	3173326
1787883751.003471368	s2-eth6	377976195	2270965
1787883751.003471368	s2-eth7	2633946112	905814
1787883751.003471368	s2-eth8	296080009	1074834
1787883751.003471368	s2-eth9	304364878	1111578
1787883751.003471368	s3-eth1	17416319414	13135499674
1787883751.003471368	s3-eth10	1064032	56555514
1787883751.003471368	s3-eth11	570541	2380727303
1787883751.003471368	s3-eth12	704215	87830439
1787883751.003471368	s3-eth13	282799	17392742
1787883751.003471368	s3-eth14	945952	98112439
1787883751.003471368	s3-eth15	2378499	2215160027
1787883751.003471368	s3-eth16	2834288	202582223
1787883751.003471368	s3-eth17	2442864	137392634
1787883751.003471368	s3-eth18	4572	47644697
1787883751.003471368	s3-eth19	1563556124	863776
1787883751.003471368	s3-eth2	329476	329476
1787883751.003471368	s3-eth20	405363506	2317159
1787883751.003471368	s3-eth21	270269288	539330
1787883751.003471368	s3-eth22	361345624	1821767
1787883751.003471368	s3-eth23	2695531315	1649664
1787883751.003471368	s3-eth24	363181229	1925293
1787883751.003471368	s3-eth25	401511469	2284545
1787883751.003471368	s3-eth26	294234363	819537
1787883751.003471368	s3-eth27	3683867083	2018963
1787883751.003471368	s3-eth28	260928103	3352437
1787883751.003471368	s3-eth29	183239937	2151139
1787883751.003471368	s3-eth3	5393661	8766719983
1787883751.003471368	s3-eth30	241185674	3329619
1787883751.003471368	s3-eth31	2639565431	1527218
1787883751.003471368	s3-eth32	162797008	2201571
1787883751.003471368	s3-eth33	138615687	1664215
1787883751.003471368	s3-eth34	48326776	537880
1787883751.003471368	s3-eth4	1449923	134548160
1787883751.003471368	s3-eth5	1647204	142694381
1787883751.003471368	s3-eth6	1771982	142824592
1787883751.003471368	s3-eth7	2671539	2378264669
1787883751.003471368	s3-eth8	2002719	169818819
1787883751.003471368	s3-eth9	1711024	104126086
1787883751.003471368	s4-eth1	22214957680	52947600
1787883751.003471368	s4-eth10	994626	112155233
1787883751.003471368	s4-eth11	2628433	2730384783
1787883751.003471368	s4-eth12	1070601	58694915
1787883751.003471368	s4-eth13	1156872	74951174
1787883751.003471368	s4-eth14	908451	53388282
1787883751.003471368	s4-eth15	2007924	2319963331
1787883751.003471368	s4-eth16	2240891	192201822
1787883751.003471368	s4-eth17	2124333	179570104
1787883751.003471368	s4-eth18	536711	80228111
1787883751.003471368	s4-eth19	855238	979125999
1787883751.003471368	s4-eth2	329476	326634
1787883751.003471368	s4-eth20	2331696	291470847
1787883751.003471368	s4-eth21	546752	158982302
1787883751.003471368	s4-eth22	1818077	247817400
1787883751.003471368	s4-eth23	1656796	2627386620
1787883751.003471368	s4-eth24	1931047	257928961
1787883751.003471368	s4-eth25	2285799	285753451
1787883751.003471368	s4-eth26	813333	179424507
1787883751.003471368	s4-eth27	2029515	3046371864
1787883751.003471368	s4-eth28	3361554	246529400
1787883751.003471368	s4-eth29	2158359	170798174
1787883751.003471368	s4-eth3	832596	715370866
1787883751.003471368	s4-eth30	3346036	225826220
1787883751.003471368	s4-eth31	1539335	2589541478
1787883751.003471368	s4-eth32	2205196	149436644
1787883751.003471368	s4-eth33	1662105	127432971
1787883751.003471368	s4-eth34	529892	38543083
1787883751.003471368	s4-eth4	587134	89619478
1787883751.003471368	s4-eth5	3177797	250377264
1787883751.003471368	s4-eth6	2274812	197992934
1787883751.003471368	s4-eth7	905582	2479208086
1787883751.003471368	s4-eth8	1075549	116759617
1787883751.003471368	s4-eth9	1109448	124498251
1787883751.003471368	s5-eth1	38329670578	56310346
1787883751.003471368	s5-eth2	12309124896	17788189252
1787883751.003471368	s5-eth3	51711460	29137255894
1787883751.003471368	s5-eth4	341260	326837
1787883751.003471368	s6-eth1	741028815	329546
1787883751.003471368	s6-eth2	329476	203029876
1787883751.003471368	s6-eth3	329476	356733069
1787883751.003471368	s6-eth4	341385	329476
1787883751.003471368	s7-eth1	13138781240	17422752306
1787883751.003471368	s7-eth2	52961536	22217489948
1787883751.003471368	s7-eth3	28522129013	51729528
1787883751.003471368	s7-eth4	341162	329476
1787883751.003471368	s8-eth1	329476	329476
1787883751.003471368	s8-eth2	326634	329476
1787883751.003471368	s8-eth3	329476	326837
1787883751.003471368	s8-eth4	341260	329476
1787883751.003471368	s9-eth1	29140449146	51732126
1787883751.003471368	s9-eth2	356733069	329476
1787883751.003471368	s9-eth3	51737206	28524672229
1787883751.003471368	s9-eth4	326837	329476
1787883756.298055653	s10-eth1	326864	341288
1787883756.298055653	s10-eth2	329503	341413
1787883756.298055653	s10-eth3	329503	341190
1787883756.298055653	s10-eth4	329503	341288
1787883756.298055653	s1-eth1	56403975	38358135318
1787883756.298055653	s1-eth10	59990179	1069639
1787883756.298055653	s1-eth11	3569494964	576894
1787883756.298055653	s1-eth12	273630207	712999
1787883756.298055653	s1-eth13	32263380	291622
1787883756.298055653	s1-eth14	286050516	953997
1787883756.298055653	s1-eth15	2514573877	2384684
1787883756.298055653	s1-eth16	398011456	2838894
1787883756.298055653	s1-eth17	157516563	2443991
1787883756.298055653	s1-eth18	218881062	13374
1787883756.298055653	s1-eth19	11151527447	952429
1787883756.298055653	s1-eth2	329573	741028842
1787883756.298055653	s1-eth20	361408621	1718654
1787883756.298055653	s1-eth21	438727360	3168393
1787883756.298055653	s1-eth22	95067445	1162486
1787883756.298055653	s1-eth23	2632452165	1341407
1787883756.298055653	s1-eth24	304136631	1129890
1787883756.298055653	s1-eth25	233511141	3338885
1787883756.298055653	s1-eth26	373337208	2058059
1787883756.298055653	s1-eth27	2728716817	2048042
1787883756.298055653	s1-eth28	140313980	2170075
1787883756.298055653	s1-eth29	68933701	1126957
1787883756.298055653	s1-eth3	11624696039	5398889
1787883756.298055653	s1-eth30	92546709	1435430
1787883756.298055653	s1-eth31	2579273987	720326
1787883756.298055653	s1-eth32	356884163	1877660
1787883756.298055653	s1-eth33	167856780	2555939
1787883756.298055653	s1-eth34	107448601	1618049
1787883756.298055653	s1-eth4	319365135	1456498
1787883756.298055653	s1-eth5	328675673	1653647
1787883756.298055653	s1-eth6	334818026	1830783
1787883756.298055653	s1-eth7	2734861629	2674415
1787883756.298055653	s1-eth8	356391073	2008374
1787883756.298055653	s1-eth9	121900491	1717264
1787883756.298055653	s2-eth1	17805881678	12318228508
1787883756.298055653	s2-eth10	291091109	1001837
1787883756.298055653	s2-eth11	3625419895	2631063
1787883756.298055653	s2-eth12	60617090	1073903
1787883756.298055653	s2-eth13	90554101	1193814
1787883756.298055653	s2-eth14	68585079	909927
1787883756.298055653	s2-eth15	2470607538	2007300
1787883756.298055653	s2-eth16	374887300	2232042
1787883756.298055653	s2-eth17	362388078	2122637
1787883756.298055653	s2-eth18	248788387	545334
1787883756.298055653	s2-eth19	944274	8530073400
1787883756.298055653	s2-eth2	203029903	329503
1787883756.298055653	s2-eth20	1712234	198701421
1787883756.298055653	s2-eth21	3161818	268425274
1787883756.298055653	s2-eth22	1155040	79628867
1787883756.298055653	s2-eth23	1333311	2362409441
1787883756.298055653	s2-eth24	1122029	134702630
1787883756.298055653	s2-eth25	3333388	215150806
1787883756.298055653	s2-eth26	2050782	202385535
1787883756.298055653	s2-eth27	2039776	2456736577
1787883756.298055653	s2-eth28	2163762	133532530
1787883756.298055653	s2-eth29	1118908	66482452
1787883756.298055653	s2-eth3	1555761445	839974
1787883756.298055653	s2-eth30	1427897	88521408
1787883756.298055653	s2-eth31	712552	2311235142
1787883756.298055653	s2-eth32	1869414	194886839
1787883756.298055653	s2-eth33	2551831	161072483
1787883756.298055653	s2-eth34	1610667	90159031
1787883756.298055653	s2-eth4	266867004	594971
1787883756.298055653	s2-eth5	432472342	3173326
1787883756.298055653	s2-eth6	377976195	2270965
1787883756.298055653	s2-eth7	2637215126	905814
1787883756.298055653	s2-eth8	296080009	1074834
1787883756.298055653	s2-eth9	304364878	1111578
1787883756.298055653	s3-eth1	17441597769	13151302597
1787883756.298055653	s3-eth10	1064032	56555514
1787883756.298055653	s3-eth11	570541	2383872305
1787883756.298055653	s3-eth12	704215	87830439
1787883756.298055653	s3-eth13	282799	17392742
1787883756.298055653	s3-eth14	945952	98112439
1787883756.298055653	s3-eth15	2378499	2218283399
1787883756.298055653	s3-eth16	2834288	202582223
1787883756.298055653	s3-eth17	2442864	137392634
1787883756.298055653	s3-eth18	4572	47644697
1787883756.298055653	s3-eth19	1564196372	863776
1787883756.298055653	s3-eth2	329503	329503
1787883756.298055653	s3-eth20	405363506	2317159
1787883756.298055653	s3-eth21	270269288	539330
1787883756.298055653	s3-eth22	361345624	1821767
1787883756.298055653	s3-eth23	2698667665	1649664
1787883756.298055653	s3-eth24	363181229	1925293
1787883756.298055653	s3-eth25	401511469	2284545
1787883756.298055653	s3-eth26	294234363	819537
1787883756.298055653	s3-eth27	3686902493	2018963
1787883756.298055653	s3-eth28	260928103	3352437
1787883756.298055653	s3-eth29	188631285	2204617
1787883756.298055653	s3-eth3	5393661	8777546519
1787883756.298055653	s3-eth30	241185674	3329619
1787883756.298055653	s3-eth31	2642541719	1527218
1787883756.298055653	s3-eth32	162797008	2201571
1787883756.298055653	s3-eth33	138615687	1664215
1787883756.298055653	s3-eth34	48326776	537880
1787883756.298055653	s3-eth4	1449923	134548160
1787883756.298055653	s3-eth5	1647204	142694381
1787883756.298055653	s3-eth6	1844831	147263622
1787883756.298055653	s3-eth7	2671539	2381173183
1787883756.298055653	s3-eth8	2002719	169818819
1787883756.298055653	s3-eth9	1711024	104126086
1787883756.298055653	s4-eth1	22241460829	53038354
1787883756.298055653	s4-eth10	994626	112155233
1787883756.298055653	s4-eth11	2628433	2733336557
1787883756.298055653	s4-eth12	1070601	58694915
1787883756.298055653	s4-eth13	1194055	77007494
1787883756.298055653	s4-eth14	908451	53388282
1787883756.298055653	s4-eth15	2007924	2322938177
1787883756.298055653	s4-eth16	2240891	192201822
1787883756.298055653	s4-eth17	2124333	179570104
1787883756.298055653	s4-eth18	536711	80228111
1787883756.298055653	s4-eth19	855238	979740291
1787883756.298055653	s4-eth2	329503	326661
1787883756.298055653	s4-eth20	2331696	291470847
1787883756.298055653	s4-eth21	546752	158982302
1787883756.298055653	s4-eth22	1818077	247817400
1787883756.298055653	s4-eth23	1656796	2630479710
1787883756.298055653	s4-eth24	1931047	257928961
1787883756.298055653	s4-eth25	2285799	285753451
1787883756.298055653	s4-eth26	813333	179424507
1787883756.298055653	s4-eth27	2029515	3049460628
1787883756.298055653	s4-eth28	3361554	246529400
1787883756.298055653	s4-eth29	2211903	176124420
1787883756.298055653	s4-eth3	832596	715985158
1787883756.298055653	s4-eth30	3346036	225826220
1787883756.298055653	s4-eth31	1539335	2592623032
1787883756.298055653	s4-eth32	2205196	149436644
1787883756.298055653	s4-eth33	1662105	127432971
1787883756.298055653	s4-eth34	529892	38543083
1787883756.298055653	s4-eth4	587134	89619478
1787883756.298055653	s4-eth5	3177797	250377264
1787883756.298055653	s4-eth6	2274812	197992934
1787883756.298055653	s4-eth7	905582	2482265126
1787883756.298055653	s4-eth8	1075549	116759617
1787883756.298055653	s4-eth9	1109448	124498251
1787883756.298055653	s5-eth1	38385942581	56531450
1787883756.298055653	s5-eth2	12321579818	17816067830
1787883756.298055653	s5-eth3	51863694	29177418587
1787883756.298055653	s5-eth4	341288	326864
1787883756.298055653	s6-eth1	741028842	329573
1787883756.298055653	s6-eth2	329503	203029903
1787883756.298055653	s6-eth3	329503	356733096
1787883756.298055653	s6-eth4	341413	329503
1787883756.298055653	s7-eth1	13153994337	17450127253
1787883756.298055653	s7-eth2	53038354	22244282823
1787883756.298055653	s7-eth3	28561545774	51872560
1787883756.298055653	s7-eth4	341190	329503
1787883756.298055653	s8-eth1	329503	329503
1787883756.298055653	s8-eth2	326661	329503
1787883756.298055653	s8-eth3	329503	326864
1787883756.298055653	s8-eth4	341288	329503
1787883756.298055653	s9-eth1	29178909585	51870846
1787883756.298055653	s9-eth2	356733096	329503
1787883756.298055653	s9-eth3	51877150	28562791998
1787883756.298055653	s9-eth4	326864	329503
1787883761.021300797	s10-eth1	326891	341316
1787883761.021300797	s10-eth2	329530	341441
1787883761.021300797	s10-eth3	329530	341218
1787883761.021300797	s10-eth4	329530	341316
1787883761.021300797	s1-eth1	56652851	38417708983
1787883761.021300797	s1-eth10	59990179	1069639
1787883761.021300797	s1-eth11	3572566424	576894
1787883761.021300797	s1-eth12	273630207	712999
1787883761.021300797	s1-eth13	32263380	291622
1787883761.021300797	s1-eth14	288377522	998427
1787883761.021300797	s1-eth15	2517708785	2384684
1787883761.021300797	s1-eth16	401021766	2891781
1787883761.021300797	s1-eth17	157516563	2443991
1787883761.021300797	s1-eth18	218881062	13374
1787883761.021300797	s1-eth19	11164303567	952429
1787883761.021300797	s1-eth2	329600	741028869
1787883761.021300797	s1-eth20	361408621	1718654
1787883761.021300797	s1-eth21	447767082	3277061
1787883761.021300797	s1-eth22	95067445	1162486
1787883761.021300797	s1-eth23	2635693781	1341407
1787883761.021300797	s1-eth24	304136631	1129890
1787883761.021300797	s1-eth25	233511141	3338885
1787883761.021300797	s1-eth26	373337208	2058059
1787883761.021300797	s1-eth27	2731998809	2048042
1787883761.021300797	s1-eth28	140313980	2170075
1787883761.021300797	s1-eth29	68933701	1126957
1787883761.021300797	s1-eth3	11637782189	5398889
1787883761.021300797	s1-eth30	92546709	1435430
1787883761.021300797	s1-eth31	2582554537	720326
1787883761.021300797	s1-eth32	356884163	1877660
1787883761.021300797	s1-eth33	167856780	2555939
1787883761.021300797	s1-eth34	109257866	1649339
1787883761.021300797	s1-eth4	319365135	1456498
1787883761.021300797	s1-eth5	328675673	1653647
1787883761.021300797	s1-eth6	336479744	1849994
1787883761.021300797	s1-eth7	2738130643	2674415
1787883761.021300797	s1-eth8	356391073	2008374
1787883761.021300797	s1-eth9	121900491	1717264
1787883761.021300797	s2-eth1	17840025246	12328865889
1787883761.021300797	s2-eth10	291091109	1001837
1787883761.021300797	s2-eth11	3628704771	2631063
1787883761.021300797	s2-eth12	60617090	1073903
1787883761.021300797	s2-eth13	90554101	1193814
1787883761.021300797	s2-eth14	68585079	909927
1787883761.021300797	s2-eth15	2473911160	2007300
1787883761.021300797	s2-eth16	374887300	2232042
1787883761.021300797	s2-eth17	362388078	2122637
1787883761.021300797	s2-eth18	248788387	545334
1787883761.021300797	s2-eth19	944274	8543123500
1787883761.021300797	s2-eth2	203029930	329530
1787883761.021300797	s2-eth20	1712234	198701421
1787883761.021300797	s2-eth21	3284542	278404470
1787883761.021300797	s2-eth22	1155040	79628867
1787883761.021300797	s2-eth23	1333311	2365655383
1787883761.021300797	s2-eth24	1122029	134702630
1787883761.021300797	s2-eth25	3333388	215150806
1787883761.021300797	s2-eth26	2050782	202385535
1787883761.021300797	s2-eth27	2039776	2460035873
1787883761.021300797	s2-eth28	2163762	133532530
1787883761.021300797	s2-eth29	1118908	66482452
1787883761.021300797	s2-eth3	1556442069	839974
1787883761.021300797	s2-eth30	1427897	88521408
1787883761.021300797	s2-eth31	712552	2314561836
1787883761.021300797	s2-eth32	1869414	194886839
1787883761.021300797	s2-eth33	2551831	161072483
1787883761.021300797	s2-eth34	1641957	91858102
1787883761.021300797	s2-eth4	266867004	594971
1787883761.021300797	s2-eth5	432472342	3173326
1787883761.021300797	s2-eth6	377976195	2270965
1787883761.021300797	s2-eth7	2640717744	905814
1787883761.021300797	s2-eth8	296080009	1074834
1787883761.021300797	s2-eth9	304364878	1111578
1787883761.021300797	s3-eth1	17472949778	13162799875
1787883761.021300797	s3-eth10	1064032	56555514
1787883761.021300797	s3-eth11	570541	2387276867
1787883761.021300797	s3-eth12	704215	87830439
1787883761.021300797	s3-eth13	282799	17392742
1787883761.021300797	s3-eth14	990382	100221042
1787883761.021300797	s3-eth15	2378499	2221672099
1787883761.021300797	s3-eth16	2917938	207354044
1787883761.021300797	s3-eth17	2442864	137392634
1787883761.021300797	s3-eth18	4572	47644697
1787883761.021300797	s3-eth19	1564917372	863776
1787883761.021300797	s3-eth2	329530	329530
1787883761.021300797	s3-eth20	405363506	2317159
1787883761.021300797	s3-eth21	270269288	539330
1787883761.021300797	s3-eth22	361345624	1821767
1787883761.021300797	s3-eth23	2702287085	1649664
1787883761.021300797	s3-eth24	363181229	1925293
1787883761.021300797	s3-eth25	401511469	2284545
1787883761.021300797	s3-eth26	294234363	819537
1787883761.021300797	s3-eth27	3690585361	2018963
1787883761.021300797	s3-eth28	260928103	3352437
1787883761.021300797	s3-eth29	188631285	2204617
1787883761.021300797	s3-eth3	5393661	8791127275
1787883761.021300797	s3-eth30	241185674	3329619
1787883761.021300797	s3-eth31	2646298129	1527218
1787883761.021300797	s3-eth32	162797008	2201571
1787883761.021300797	s3-eth33	138615687	1664215
1787883761.021300797	s3-eth34	48326776	537880
1787883761.021300797	s3-eth4	1449923	134548160
1787883761.021300797	s3-eth5	1647278	142694455
1787883761.021300797	s3-eth6	1844831	147263622
1787883761.021300797	s3-eth7	2671539	2384636867
1787883761.021300797	s3-eth8	2002719	169818819
1787883761.021300797	s3-eth9	1711024	104126086
1787883761.021300797	s4-eth1	22265324588	53038455
1787883761.021300797	s4-eth10	994626	112155233
1787883761.021300797	s4-eth11	2628433	2736967513
1787883761.021300797	s4-eth12	1070601	58694915
1787883761.021300797	s4-eth13	1194055	77007494
1787883761.021300797	s4-eth14	908451	53388282
1787883761.021300797	s4-eth15	2007924	2326525873
1787883761.021300797	s4-eth16	2240891	192201822
1787883761.021300797	s4-eth17	2124333	179570104
1787883761.021300797	s4-eth18	536711	80228111
1787883761.021300797	s4-eth19	855238	980490131
1787883761.021300797	s4-eth2	329530	326688
1787883761.021300797	s4-eth20	2331696	291470847
1787883761.021300797	s4-eth21	546752	158982302
1787883761.021300797	s4-eth22	1818077	247817400
1787883761.021300797	s4-eth23	1656796	2634305336
1787883761.021300797	s4-eth24	1931047	257928961
1787883761.021300797	s4-eth25	2285799	285753451
1787883761.021300797	s4-eth26	813333	179424507
1787883761.021300797	s4-eth27	2029515	3053390078
1787883761.021300797	s4-eth28	3361554	246529400
1787883761.021300797	s4-eth29	2211903	176124420
1787883761.021300797	s4-eth3	832596	716734998
1787883761.021300797	s4-eth30	3346036	225826220
1787883761.021300797	s4-eth31	1539335	2596663516
1787883761.021300797	s4-eth32	2205196	149436644
1787883761.021300797	s4-eth33	1662105	127432971
1787883761.021300797	s4-eth34	529892	38543083
1787883761.021300797	s4-eth4	587134	89619478
1787883761.021300797	s4-eth5	3177797	250377264
1787883761.021300797	s4-eth6	2274812	197992934
1787883761.021300797	s4-eth7	905582	2486148432
1787883761.021300797	s4-eth8	1075963	116760346
1787883761.021300797	s4-eth9	1109448	124498251
1787883761.021300797	s5-eth1	38457812955	56716931
1787883761.021300797	s5-eth2	12334907911	17849402442
1787883761.021300797	s5-eth3	51945336	29219930652
1787883761.021300797	s5-eth4	341316	326891
1787883761.021300797	s6-eth1	741028869	329600
1787883761.021300797	s6-eth2	329530	203029930
1787883761.021300797	s6-eth3	329530	356733123
1787883761.021300797	s6-eth4	341441	329530
1787883761.021300797	s7-eth1	13167674187	17479332523
1787883761.021300797	s7-eth2	53038995	22270983820
1787883761.021300797	s7-eth3	28604037670	51950166
1787883761.021300797	s7-eth4	341218	329530
1787883761.021300797	s8-eth1	329530	329530
1787883761.021300797	s8-eth2	326688	329530
1787883761.021300797	s8-eth3	329530	326891
1787883761.021300797	s8-eth4	341316	329530
1787883761.021300797	s9-eth1	29222160511	51945747
1787883761.021300797	s9-eth2	356733123	329530
1787883761.021300797	s9-eth3	51950299	28605407640
1787883761.021300797	s9-eth4	326891	329530
1787883767.851631454	s10-eth1	326918	341344
1787883767.851631454	s10-eth2	329557	341469
1787883767.851631454	s10-eth3	329557	341246
1787883767.851631454	s10-eth4	329557	341344
1787883767.851631454	s1-eth1	56725700	38484780777
1787883767.851631454	s1-eth10	59990179	1069639
1787883767.851631454	s1-eth11	3576983270	576894
1787883767.851631454	s1-eth12	273630207	712999
1787883767.851631454	s1-eth13	32263380	291622
1787883767.851631454	s1-eth14	288377522	998427
1787883767.851631454	s1-eth15	2522065067	2384684
1787883767.851631454	s1-eth16	403016764	2922544
1787883767.851631454	s1-eth17	157516563	2443991
1787883767.851631454	s1-eth18	218881062	13374
1787883767.851631454	s1-eth19	11181842829	961088
1787883767.851631454	s1-eth2	329627	741028896
1787883767.851631454	s1-eth20	361408621	1718654
1787883767.851631454	s1-eth21	449030552	3291117
1787883767.851631454	s1-eth22	95067445	1162486
1787883767.851631454	s1-eth23	2639941913	1341407
1787883767.851631454	s1-eth24	304136631	1129890
1787883767.851631454	s1-eth25	233511141	3338885
1787883767.851631454	s1-eth26	373337208	2058059
1787883767.851631454	s1-eth27	2736169147	2048042
1787883767.851631454	s1-eth28	140313980	2170075
1787883767.851631454	s1-eth29	68933701	1126957
1787883767.851631454	s1-eth3	11654369515	5398889
1787883767.851631454	s1-eth30	92546709	1435430
1787883767.851631454	s1-eth31	2586688751	720326
1787883767.851631454	s1-eth32	356884163	1877660
1787883767.851631454	s1-eth33	167856780	2555939
1787883767.851631454	s1-eth34	109268264	1650242
1787883767.851631454	s1-eth4	319365135	1456498
1787883767.851631454	s1-eth5	328692679	1654667
1787883767.851631454	s1-eth6	336480333	1850201
1787883767.851631454	s1-eth7	2742277835	2674415
1787883767.851631454	s1-eth8	356391073	2008374
1787883767.851631454	s1-eth9	121900491	1717264
1787883767.851631454	s2-eth1	17861997339	12342564877
1787883767.851631454	s2-eth10	291091109	1001837
1787883767.851631454	s2-eth11	3632885129	2631063
1787883767.851631454	s2-eth12	60617090	1073903
1787883767.851631454	s2-eth13	90554101	1193814
1787883767.851631454	s2-eth14	68585079	909927
1787883767.851631454	s2-eth15	2478123242	2007300
1787883767.851631454	s2-eth16	374887300	2232042
1787883767.851631454	s2-eth17	362388078	2122637
1787883767.851631454	s2-eth18	248788387	545334
1787883767.851631454	s2-eth19	958177	8555984702
1787883767.851631454	s2-eth2	203029957	329557
1787883767.851631454	s2-eth20	1712234	198701421
1787883767.851631454	s2-eth21	3284542	278404470
1787883767.851631454	s2-eth22	1155040	79628867
1787883767.851631454	s2-eth23	1333311	2368845087
1787883767.851631454	s2-eth24	1122029	134702630
1787883767.851631454	s2-eth25	3333388	215150806
1787883767.851631454	s2-eth26	2050782	202385535
1787883767.851631454	s2-eth27	2042286	2463374847
1787883767.851631454	s2-eth28	2163762	133532530
1787883767.851631454	s2-eth29	1118908	66482452
1787883767.851631454	s2-eth3	1557314479	839974
1787883767.851631454	s2-eth30	1427897	88521408
1787883767.851631454	s2-eth31	712552	2317927464
1787883767.851631454	s2-eth32	1869414	194886839
1787883767.851631454	s2-eth33	2551831	161072483
1787883767.851631454	s2-eth34	1647150	92077160
1787883767.851631454	s2-eth4	266867004	594971
1787883767.851631454	s2-eth5	432472342	3173326
1787883767.851631454	s2-eth6	377976195	2270965
1787883767.851631454	s2-eth7	2645029324	905814
1787883767.851631454	s2-eth8	296427354	1087234
1787883767.851631454	s2-eth9	305368176	1127280
1787883767.851631454	s3-eth1	17495737048	13176411456
1787883767.851631454	s3-eth10	1064032	56555514
1787883767.851631454	s3-eth11	570541	2390540113
1787883767.851631454	s3-eth12	704215	87830439
1787883767.851631454	s3-eth13	282799	17392742
1787883767.851631454	s3-eth14	990382	100221042
1787883767.851631454	s3-eth15	2378499	2224768073
1787883767.851631454	s3-eth16	2917938	207354044
1787883767.851631454	s3-eth17	2442864	137392634
1787883767.851631454	s3-eth18	4572	47644697
1787883767.851631454	s3-eth19	1565752290	863776
1787883767.851631454	s3-eth2	329557	329557
1787883767.851631454	s3-eth20	405363506	2317159
1787883767.851631454	s3-eth21	270269288	539330
1787883767.851631454	s3-eth22	361345624	1821767
1787883767.851631454	s3-eth23	2706484747	1649664
1787883767.851631454	s3-eth24	363181229	1925293
1787883767.851631454	s3-eth25	401511469	2284545
1787883767.851631454	s3-eth26	294234363	819537
1787883767.851631454	s3-eth27	3694746973	2018963
1787883767.851631454	s3-eth28	260928103	3352437
1787883767.851631454	s3-eth29	188631285	2204617
1787883767.851631454	s3-eth3	5393661	8803662581
1787883767.851631454	s3-eth30	241185674	3329619
1787883767.851631454	s3-eth31	2650319867	1527218
1787883767.851631454	s3-eth32	162797008	2201571
1787883767.851631454	s3-eth33	138615687	1664215
1787883767.851631454	s3-eth34	48326776	537880
1787883767.851631454	s3-eth4	1449923	134548160
1787883767.851631454	s3-eth5	1648710	142703368
1787883767.851631454	s3-eth6	1863657	147759074
1787883767.851631454	s3-eth7	2671539	2387898671
1787883767.851631454	s3-eth8	2002719	169818819
1787883767.851631454	s3-eth9	1711024	104126086
1787883767.851631454	s4-eth1	22292275560	53069782
1787883767.851631454	s4-eth10	994626	112155233
1787883767.851631454	s4-eth11	2628433	2740971947
1787883767.851631454	s4-eth12	1070601	58694915
1787883767.851631454	s4-eth13	1194055	77007494
1787883767.851631454	s4-eth14	908451	53388282
1787883767.851631454	s4-eth15	2007924	2330583661
1787883767.851631454	s4-eth16	2240891	192201822
1787883767.851631454	s4-eth17	2124333	179570104
1787883767.851631454	s4-eth18	536711	80228111
1787883767.851631454	s4-eth19	855238	981297651
1787883767.851631454	s4-eth2	329557	326715
1787883767.851631454	s4-eth20	2331696	291470847
1787883767.851631454	s4-eth21	546752	158982302
1787883767.851631454	s4-eth22	1818077	247817400
1787883767.851631454	s4-eth23	1656796	2638276604
1787883767.851631454	s4-eth24	1931047	257928961
1787883767.851631454	s4-eth25	2285799	285753451
1787883767.851631454	s4-eth26	813333	179424507
1787883767.851631454	s4-eth27	2029515	3057289246
1787883767.851631454	s4-eth28	3361554	246529400
1787883767.851631454	s4-eth29	2211903	176124420
1787883767.851631454	s4-eth3	832596	717529540
1787883767.851631454	s4-eth30	3346036	225826220
1787883767.851631454	s4-eth31	1539335	2600503562
1787883767.851631454	s4-eth32	2205196	149436644
1787883767.851631454	s4-eth33	1662105	127432971
1787883767.851631454	s4-eth34	529892	38543083
1787883767.851631454	s4-eth4	587134	89619478
1787883767.851631454	s4-eth5	3177797	250377264
1787883767.851631454	s4-eth6	2274812	197992934
1787883767.851631454	s4-eth7	905582	2490017318
1787883767.851631454	s4-eth8	1087949	117079643
1787883767.851631454	s4-eth9	1128422	125668932
1787883767.851631454	s5-eth1	38517381653	56815696
1787883767.851631454	s5-eth2	12348885137	17876787270
1787883767.851631454	s5-eth3	51998631	29257787736
1787883767.851631454	s5-eth4	341344	326918
1787883767.851631454	s6-eth1	741028896	329654
1787883767.851631454	s6-eth2	329584	203029984
1787883767.851631454	s6-eth3	329584	356733177
1787883767.851631454	s6-eth4	341497	329584
1787883767.851631454	s7-eth1	13179840995	17502521883
1787883767.851631454	s7-eth2	53069809	22296646289
1787883767.851631454	s7-eth3	28641190851	52003210
1787883767.851631454	s7-eth4	341274	329584
1787883767.851631454	s8-eth1	329584	329584
1787883767.851631454	s8-eth2	326742	329584
1787883767.851631454	s8-eth3	329584	326945
1787883767.851631454	s8-eth4	341372	329584
1787883767.851631454	s9-eth1	29260511627	51999678
1787883767.851631454	s9-eth2	356733177	329584
1787883767.851631454	s9-eth3	52004626	28643079937
1787883767.851631454	s9-eth4	326945	329584
1787883773.700478765	s10-eth1	326945	341372
1787883773.700478765	s10-eth2	329584	341497
1787883773.700478765	s10-eth3	329584	341274
1787883773.700478765	s10-eth4	329584	341372
1787883773.700478765	s1-eth1	56982108	38553691099
1787883773.700478765	s1-eth10	59990179	1069639
1787883773.700478765	s1-eth11	3580647392	576894
1787883773.700478765	s1-eth12	273630207	712999
1787883773.700478765	s1-eth13	32263380	291622
1787883773.700478765	s1-eth14	288377522	998427
1787883773.700478765	s1-eth15	2525724863	2384684
1787883773.700478765	s1-eth16	403016764	2922544
1787883773.700478765	s1-eth17	159558333	2477051
1787883773.700478765	s1-eth18	218881062	13374
1787883773.700478765	s1-eth19	11197383482	978220
1787883773.700478765	s1-eth2	329654	741028923
1787883773.700478765	s1-eth20	361408621	1718654
1787883773.700478765	s1-eth21	449030552	3291117
1787883773.700478765	s1-eth22	95067445	1162486
1787883773.700478765	s1-eth23	2643582963	1341407
1787883773.700478765	s1-eth24	304136631	1129890
1787883773.700478765	s1-eth25	233511141	3338885
1787883773.700478765	s1-eth26	376884068	2102521
1787883773.700478765	s1-eth27	2746357835	2121967
1787883773.700478765	s1-eth28	143880600	2227221
1787883773.700478765	s1-eth29	68933701	1126957
1787883773.700478765	s1-eth3	11668705879	5398889
1787883773.700478765	s1-eth30	92546709	1435430
1787883773.700478765	s1-eth31	2590246165	720326
1787883773.700478765	s1-eth32	356884163	1877660
1787883773.700478765	s1-eth33	167856780	2555939
1787883773.700478765	s1-eth34	109885322	1662845
1787883773.700478765	s1-eth4	319365135	1456498
1787883773.700478765	s1-eth5	329090206	1661427
1787883773.700478765	s1-eth6	337023644	1868820
1787883773.700478765	s1-eth7	2745747287	2674415
1787883773.700478765	s1-eth8	356391073	2008374
1787883773.700478765	s1-eth9	121900491	1717264
1787883773.700478765	s2-eth1	17900584509	12354880265
1787883773.700478765	s2-eth10	291091109	1001837
1787883773.700478765	s2-eth11	3636270945	2631063
1787883773.700478765	s2-eth12	60617090	1073903
1787883773.700478765	s2-eth13	90554101	1193814
1787883773.700478765	s2-eth14	68585079	909927
1787883773.700478765	s2-eth15	2481442726	2007300
1787883773.700478765	s2-eth16	374887300	2232042
1787883773.700478765	s2-eth17	362388078	2122637
1787883773.700478765	s2-eth18	248788387	545334
1787883773.700478765	s2-eth19	970065	8569321707
1787883773.700478765	s2-eth2	203029984	329584
1787883773.700478765	s2-eth20	1712234	198701421
1787883773.700478765	s2-eth21	3284542	278404470
1787883773.700478765	s2-eth22	1155040	79628867
1787883773.700478765	s2-eth23	1333311	2371991531
1787883773.700478765	s2-eth24	1122029	134702630
1787883773.700478765	s2-eth25	3333388	215150806
1787883773.700478765	s2-eth26	2104574	206880525
1787883773.700478765	s2-eth27	2113701	2472855715
1787883773.700478765	s2-eth28	2237708	138214478
1787883773.700478765	s2-eth29	1118908	66482452
1787883773.700478765	s2-eth3	1557970589	839974
1787883773.700478765	s2-eth30	1427897	88521408
1787883773.700478765	s2-eth31	712552	2321071024
1787883773.700478765	s2-eth32	1869414	194886839
1787883773.700478765	s2-eth33	2551831	161072483
1787883773.700478765	s2-eth34	1655463	92464090
1787883773.700478765	s2-eth4	266867004	594971
1787883773.700478765	s2-eth5	432472342	3173326
1787883773.700478765	s2-eth6	377976195	2270965
1787883773.700478765	s2-eth7	2648348808	905814
1787883773.700478765	s2-eth8	296427354	1087234
1787883773.700478765	s2-eth9	305565839	1130486
1787883773.700478765	s3-eth1	17520714945	13193657857
1787883773.700478765	s3-eth10	1064032	56555514
1787883773.700478765	s3-eth11	570541	2393713955
1787883773.700478765	s3-eth12	704215	87830439
1787883773.700478765	s3-eth13	282799	17392742
1787883773.700478765	s3-eth14	990382	100221042
1787883773.700478765	s3-eth15	2378499	2227957777
1787883773.700478765	s3-eth16	2917938	207354044
1787883773.700478765	s3-eth17	2483684	139760705
1787883773.700478765	s3-eth18	4572	47644697
1787883773.700478765	s3-eth19	1566428588	863776
1787883773.700478765	s3-eth2	329584	329584
1787883773.700478765	s3-eth20	405363506	2317159
1787883773.700478765	s3-eth21	270269288	539330
1787883773.700478765	s3-eth22	361345624	1821767
1787883773.700478765	s3-eth23	2709890751	1649664
1787883773.700478765	s3-eth24	363181229	1925293
1787883773.700478765	s3-eth25	401511469	2284545
1787883773.700478765	s3-eth26	294234363	819537
1787883773.700478765	s3-eth27	3706222087	2112608
1787883773.700478765	s3-eth28	260928103	3352437
1787883773.700478765	s3-eth29	188631285	2204617
1787883773.700478765	s3-eth3	5393661	8817084717
1787883773.700478765	s3-eth30	241185674	3329619
1787883773.700478765	s3-eth31	2653901795	1527218
1787883773.700478765	s3-eth32	162797008	2201571
1787883773.700478765	s3-eth33	138615687	1664215
1787883773.700478765	s3-eth34	48326776	537880
1787883773.700478765	s3-eth4	1449923	134548160
1787883773.700478765	s3-eth5	1654984	143075157
1787883773.700478765	s3-eth6	1863657	147759074
1787883773.700478765	s3-eth7	2671539	2391467621
1787883773.700478765	s3-eth8	2002719	169818819
1787883773.700478765	s3-eth9	1711024	104126086
1787883773.700478765	s4-eth1	22324119457	53164756
1787883773.700478765	s4-eth10	994626	112155233
1787883773.700478765	s4-eth11	2628433	2744627417
1787883773.700478765	s4-eth12	1070601	58694915
1787883773.700478765	s4-eth13	1194055	77007494
1787883773.700478765	s4-eth14	908451	53388282
1787883773.700478765	s4-eth15	2007924	2334280949
1787883773.700478765	s4-eth16	2240891	192201822
1787883773.700478765	s4-eth17	2124333	179570104
1787883773.700478765	s4-eth18	536711	80228111
1787883773.700478765	s4-eth19	855238	982064795
1787883773.700478765	s4-eth2	329611	326769
1787883773.700478765	s4-eth20	2331696	291470847
1787883773.700478765	s4-eth21	546752	158982302
1787883773.700478765	s4-eth22	1818077	247817400
1787883773.700478765	s4-eth23	1656796	2642175772
1787883773.700478765	s4-eth24	1931047	257928961
1787883773.700478765	s4-eth25	2285799	285753451
1787883773.700478765	s4-eth26	813333	179424507
1787883773.700478765	s4-eth27	2124462	3069124335
1787883773.700478765	s4-eth28	3361554	246529400
1787883773.700478765	s4-eth29	2211903	176124420
1787883773.700478765	s4-eth3	832596	718289474
1787883773.700478765	s4-eth30	3346036	225826220
1787883773.700478765	s4-eth31	1539335	2604425802
1787883773.700478765	s4-eth32	2205196	149436644
1787883773.700478765	s4-eth33	1662105	127432971
1787883773.700478765	s4-eth34	529892	38543083
1787883773.700478765	s4-eth4	587134	89619478
1787883773.700478765	s4-eth5	3177797	250377264
1787883773.700478765	s4-eth6	2274812	197992934
1787883773.700478765	s4-eth7	905582	2493878994
1787883773.700478765	s4-eth8	1087949	117079643
1787883773.700478765	s4-eth9	1128422	125668932
1787883773.700478765	s5-eth1	38594230785	57091060
1787883773.700478765	s5-eth2	12361642995	17922996626
1787883773.700478765	s5-eth3	52043529	29300337308
1787883773.700478765	s5-eth4	341400	326972
1787883773.700478765	s6-eth1	741028950	329681
1787883773.700478765	s6-eth2	329611	203030011
1787883773.700478765	s6-eth3	329611	356733204
1787883773.700478765	s6-eth4	341525	329611
1787883773.700478765	s7-eth1	13200598000	17532780895
1787883773.700478765	s7-eth2	53164783	22330108110
1787883773.700478765	s7-eth3	28684321524	52048081
1787883773.700478765	s7-eth4	341302	329611
1787883773.700478765	s8-eth1	329611	329611
1787883773.700478765	s8-eth2	326769	329611
1787883773.700478765	s8-eth3	329611	326972
1787883773.700478765	s8-eth4	341400	329611
1787883773.700478765	s9-eth1	29304121116	52043529
1787883773.700478765	s9-eth2	356733204	329611
1787883773.700478765	s9-eth3	52048081	28686670542
1787883773.700478765	s9-eth4	326972	329611
1787883780.010206316	s10-eth1	326972	341400
1787883780.010206316	s10-eth2	329611	341525
1787883780.010206316	s10-eth3	329611	341302
1787883780.010206316	s10-eth4	329611	341400
1787883780.010206316	s1-eth1	57170814	38626622821
1787883780.010206316	s1-eth10	59990179	1069639
1787883780.010206316	s1-eth11	3584852264	576894
1787883780.010206316	s1-eth12	273630207	712999
1787883780.010206316	s1-eth13	32263380	291622
1787883780.010206316	s1-eth14	288377522	998427
1787883780.010206316	s1-eth15	2530032117	2384684
1787883780.010206316	s1-eth16	406567296	2975656
1787883780.010206316	s1-eth17	160005754	2484811
1787883780.010206316	s1-eth18	218881062	13374
1787883780.010206316	s1-eth19	11214990302	978220
1787883780.010206316	s1-eth2	329681	741028950
1787883780.010206316	s1-eth20	361408621	1718654
1787883780.010206316	s1-eth21	449030552	3291117
1787883780.010206316	s1-eth22	95067445	1162486
1787883780.010206316	s1-eth23	2648070467	1341407
1787883780.010206316	s1-eth24	304136631	1129890
1787883780.010206316	s1-eth25	236231953	3384209
1787883780.010206316	s1-eth26	384182651	2173676
1787883780.010206316	s1-eth27	2750877063	2121967
1787883780.010206316	s1-eth28	145309095	2248753
1787883780.010206316	s1-eth29	68933701	1126957
1787883780.010206316	s1-eth3	11687014953	5398889
1787883780.010206316	s1-eth30	92546709	1435430
1787883780.010206316	s1-eth31	2594844703	720326
1787883780.010206316	s1-eth32	356884163	1877660
1787883780.010206316	s1-eth33	167856780	2555939
1787883780.010206316	s1-eth34	109885322	1662845
1787883780.010206316	s1-eth4	319365135	1456498
1787883780.010206316	s1-eth5	329090206	1661427
1787883780.010206316	s1-eth6	337023644	1868820
1787883780.010206316	s1-eth7	2750443881	2674415
1787883780.010206316	s1-eth8	356391073	2008374
1787883780.010206316	s1-eth9	121900491	1717264
1787883780.010206316	s2-eth1	17944038389	12376927548
1787883780.010206316	s2-eth10	291091109	1001837
1787883780.010206316	s2-eth11	3641039639	2631063
1787883780.010206316	s2-eth12	60617090	1073903
1787883780.010206316	s2-eth13	90554101	1193814
1787883780.010206316	s2-eth14	68585079	909927
1787883780.010206316	s2-eth15	2486276310	2007300
1787883780.010206316	s2-eth16	382166194	2313490
1787883780.010206316	s2-eth17	362388078	2122637
1787883780.010206316	s2-eth18	248788387	545334
1787883780.010206316	s2-eth19	970065	8588308521
1787883780.010206316	s2-eth2	203030038	329638
1787883780.010206316	s2-eth20	1712234	198701421
1787883780.010206316	s2-eth21	3284542	278404470
1787883780.010206316	s2-eth22	1155040	79628867
1787883780.010206316	s2-eth23	1333311	2376829441
1787883780.010206316	s2-eth24	1122029	134702630
1787883780.010206316	s2-eth25	3378712	217810166
1787883780.010206316	s2-eth26	2166663	212910010
1787883780.010206316	s2-eth27	2113701	2477677763
1787883780.010206316	s2-eth28	2242860	138359101
1787883780.010206316	s2-eth29	1118908	66482452
1787883780.010206316	s2-eth3	1558930961	839974
1787883780.010206316	s2-eth30	1427897	88521408
1787883780.010206316	s2-eth31	712552	2325764734
1787883780.010206316	s2-eth32	1869414	194886839
1787883780.010206316	s2-eth33	2551831	161072483
1787883780.010206316	s2-eth34	1655463	92464090
1787883780.010206316	s2-eth4	266867004	594971
1787883780.010206316	s2-eth5	432472342	3173326
1787883780.010206316	s2-eth6	377976195	2270965
1787883780.010206316	s2-eth7	2653029540	905814
1787883780.010206316	s2-eth8	296427354	1087234
1787883780.010206316	s2-eth9	305565839	1130486
1787883780.010206316	s3-eth1	17558218884	13212578745
1787883780.010206316	s3-eth10	1064032	56555514
1787883780.010206316	s3-eth11	570541	2398231741
1787883780.010206316	s3-eth12	704215	87830439
1787883780.010206316	s3-eth13	282799	17392742
1787883780.010206316	s3-eth14	990382	100221042
1787883780.010206316	s3-eth15	2378499	2232416441
1787883780.010206316	s3-eth16	2997027	212849342
1787883780.010206316	s3-eth17	2483684	139760705
1787883780.010206316	s3-eth18	4572	47644697
1787883780.010206316	s3-eth19	1567335606	863776
1787883780.010206316	s3-eth2	329638	329638
1787883780.010206316	s3-eth20	405363506	2317159
1787883780.010206316	s3-eth21	270269288	539330
1787883780.010206316	s3-eth22	361345624	1821767
1787883780.010206316	s3-eth23	2714334995	1649664
1787883780.010206316	s3-eth24	363181229	1925293
1787883780.010206316	s3-eth25	401511469	2284545
1787883780.010206316	s3-eth26	294234363	819537
1787883780.010206316	s3-eth27	3710592789	2112608
1787883780.010206316	s3-eth28	260928103	3352437
1787883780.010206316	s3-eth29	188631285	2204617
1787883780.010206316	s3-eth3	5393661	8833823453
1787883780.010206316	s3-eth30	243678938	3362009
1787883780.010206316	s3-eth31	2658172999	1527218
1787883780.010206316	s3-eth32	162797008	2201571
1787883780.010206316	s3-eth33	138615687	1664215
1787883780.010206316	s3-eth34	48326776	537880
1787883780.010206316	s3-eth4	1449923	134548160
1787883780.010206316	s3-eth5	1654984	143075157
1787883780.010206316	s3-eth6	1863657	147759074
1787883780.010206316	s3-eth7	2671539	2395433121
1787883780.010206316	s3-eth8	2002719	169818819
1787883780.010206316	s3-eth9	1711024	104126086
1787883780.010206316	s4-eth1	22360712172	53296904
1787883780.010206316	s4-eth10	994626	112155233
1787883780.010206316	s4-eth11	2628433	2748484767
1787883780.010206316	s4-eth12	1070601	58694915
1787883780.010206316	s4-eth13	1194055	77007494
1787883780.010206316	s4-eth14	908451	53388282
1787883780.010206316	s4-eth15	2007924	2338067641
1787883780.010206316	s4-eth16	2341581	201108266
1787883780.010206316	s4-eth17	2124333	179570104
1787883780.010206316	s4-eth18	536711	80228111
1787883780.010206316	s4-eth19	855238	982816077
1787883780.010206316	s4-eth2	329638	326796
1787883780.010206316	s4-eth20	2331696	291470847
1787883780.010206316	s4-eth21	546752	158982302
1787883780.010206316	s4-eth22	1818077	247817400
1787883780.010206316	s4-eth23	1656796	2645868734
1787883780.010206316	s4-eth24	1931047	257928961
1787883780.010206316	s4-eth25	2285799	285753451
1787883780.010206316	s4-eth26	813333	179424507
1787883780.010206316	s4-eth27	2124462	3072779805
1787883780.010206316	s4-eth28	3361554	246529400
1787883780.010206316	s4-eth29	2211903	176124420
1787883780.010206316	s4-eth3	832596	719000380
1787883780.010206316	s4-eth30	3378426	228233514
1787883780.010206316	s4-eth31	1539335	2608020708
1787883780.010206316	s4-eth32	2205196	149436644
1787883780.010206316	s4-eth33	1662105	127432971
1787883780.010206316	s4-eth34	529892	38543083
1787883780.010206316	s4-eth4	587134	89619478
1787883780.010206316	s4-eth5	3185223	250626764
1787883780.010206316	s4-eth6	2274812	197992934
1787883780.010206316	s4-eth7	905582	2497273462
1787883780.010206316	s4-eth8	1087949	117079643
1787883780.010206316	s4-eth9	1128422	125668932
1787883780.010206316	s5-eth1	38651087080	57221366
1787883780.010206316	s5-eth2	12382162118	17949555682
1787883780.010206316	s5-eth3	52239878	29350055073
1787883780.010206316	s5-eth4	341428	326999
1787883780.010206316	s6-eth1	741028977	329708
1787883780.010206316	s6-eth2	329638	203030038
1787883780.010206316	s6-eth3	329638	356733231
1787883780.010206316	s6-eth4	341553	329638
1787883780.010206316	s7-eth1	13213735500	17560617678
1787883780.010206316	s7-eth2	53316747	22362579033
1787883780.010206316	s7-eth3	28732042871	52249908
1787883780.010206316	s7-eth4	341330	329638
1787883780.010206316	s8-eth1	329638	329638
1787883780.010206316	s8-eth2	326796	329638
1787883780.010206316	s8-eth3	329638	326999
1787883780.010206316	s8-eth4	341428	329638
1787883780.010206316	s9-eth1	29351006033	52247568
1787883780.010206316	s9-eth2	356733231	329638
1787883780.010206316	s9-eth3	52252186	28732588251
1787883780.010206316	s9-eth4	326999	329638
1787883784.712803818	s10-eth1	326999	341428
1787883784.712803818	s10-eth2	329638	341553
1787883784.712803818	s10-eth3	329638	341330
1787883784.712803818	s10-eth4	329638	341428
1787883784.712803818	s1-eth1	57343530	38679587970
1787883784.712803818	s1-eth10	61116325	1089983
1787883784.712803818	s1-eth11	3587756452	576894
1787883784.712803818	s1-eth12	273630207	712999
1787883784.712803818	s1-eth13	32263380	291622
1787883784.712803818	s1-eth14	288377522	998427
1787883784.712803818	s1-eth15	2532877183	2384684
1787883784.712803818	s1-eth16	408737648	3001633
1787883784.712803818	s1-eth17	160005754	2484811
1787883784.712803818	s1-eth18	218881062	13374
1787883784.712803818	s1-eth19	11226086492	978220
1787883784.712803818	s1-eth2	329708	741028977
1787883784.712803818	s1-eth20	361408621	1718654
1787883784.712803818	s1-eth21	449030552	3291117
1787883784.712803818	s1-eth22	95067445	1162486
1787883784.712803818	s1-eth23	2650814593	1341407
1787883784.712803818	s1-eth24	311143337	1222396
1787883784.712803818	s1-eth25	236231953	3384209
1787883784.712803818	s1-eth26	384182651	2173676
1787883784.712803818	s1-eth27	2753667333	2121967
1787883784.712803818	s1-eth28	145309095	2248753
1787883784.712803818	s1-eth29	68933701	1126957
1787883784.712803818	s1-eth3	11698193337	5398889
1787883784.712803818	s1-eth30	92546709	1435430
1787883784.712803818	s1-eth31	2597650835	720326
1787883784.712803818	s1-eth32	356884163	1877660
1787883784.712803818	s1-eth33	167856780	2555939
1787883784.712803818	s1-eth34	109885322	1662845
1787883784.712803818	s1-eth4	319365135	1456498
1787883784.712803818	s1-eth5	329090206	1661427
1787883784.712803818	s1-eth6	337023644	1868820
1787883784.712803818	s1-eth7	2755605480	2721899
1787883784.712803818	s1-eth8	356391073	2008374
1787883784.712803818	s1-eth9	121900491	1717264
1787883784.712803818	s2-eth1	17971037794	12393365110
1787883784.712803818	s2-eth10	291091109	1001837
1787883784.712803818	s2-eth11	3643847213	2631063
1787883784.712803818	s2-eth12	60617090	1073903
1787883784.712803818	s2-eth13	90554101	1193814
1787883784.712803818	s2-eth14	68585079	909927
1787883784.712803818	s2-eth15	2489050718	2007300
1787883784.712803818	s2-eth16	384033814	2334623
1787883784.712803818	s2-eth17	362388078	2122637
1787883784.712803818	s2-eth18	248788387	545334
1787883784.712803818	s2-eth19	970065	8599133615
1787883784.712803818	s2-eth2	203030038	329638
1787883784.712803818	s2-eth20	1712234	198701421
1787883784.712803818	s2-eth21	3284542	278404470
1787883784.712803818	s2-eth22	1155040	79628867
1787883784.712803818	s2-eth23	1333311	2379500025
1787883784.712803818	s2-eth24	1225051	142074145
1787883784.712803818	s2-eth25	3378712	217810166
1787883784.712803818	s2-eth26	2166663	212910010
1787883784.712803818	s2-eth27	2113701	2480406027
1787883784.712803818	s2-eth28	2242860	138359101
1787883784.712803818	s2-eth29	1118908	66482452
1787883784.712803818	s2-eth3	1559491899	839974
1787883784.712803818	s2-eth30	1427897	88521408
1787883784.712803818	s2-eth31	712552	2328510302
1787883784.712803818	s2-eth32	1869414	194886839
1787883784.712803818	s2-eth33	2551831	161072483
1787883784.712803818	s2-eth34	1655463	92464090
1787883784.712803818	s2-eth4	266867004	594971
1787883784.712803818	s2-eth5	437354756	3232399
1787883784.712803818	s2-eth6	377976195	2270965
1787883784.712803818	s2-eth7	2655795296	905814
1787883784.712803818	s2-eth8	296427354	1087234
1787883784.712803818	s2-eth9	305565839	1130486
1787883784.712803818	s3-eth1	17581931744	13221497291
1787883784.712803818	s3-eth10	1119074	59296082
1787883784.712803818	s3-eth11	570541	2400915303
1787883784.712803818	s3-eth12	704215	87830439
1787883784.712803818	s3-eth13	282799	17392742
1787883784.712803818	s3-eth14	990382	100221042
1787883784.712803818	s3-eth15	2378499	2235063953
1787883784.712803818	s3-eth16	2997027	212849342
1787883784.712803818	s3-eth17	2483684	139760705
1787883784.712803818	s3-eth18	4572	47644697
1787883784.712803818	s3-eth19	1567877798	863776
1787883784.712803818	s3-eth2	329665	329665
1787883784.712803818	s3-eth20	405363506	2317159
1787883784.712803818	s3-eth21	270269288	539330
1787883784.712803818	s3-eth22	361345624	1821767
1787883784.712803818	s3-eth23	2717031535	1649664
1787883784.712803818	s3-eth24	363181229	1925293
1787883784.712803818	s3-eth25	401511469	2284545
1787883784.712803818	s3-eth26	294234363	819537
1787883784.712803818	s3-eth27	3713274909	2112608
1787883784.712803818	s3-eth28	260928103	3352437
1787883784.712803818	s3-eth29	188631285	2204617
1787883784.712803818	s3-eth3	5393661	8844009741
1787883784.712803818	s3-eth30	243678938	3362009
1787883784.712803818	s3-eth31	2660817627	1527218
1787883784.712803818	s3-eth32	162797008	2201571
1787883784.712803818	s3-eth33	138615687	1664215
1787883784.712803818	s3-eth34	48326776	537880
1787883784.712803818	s3-eth4	1449923	134548160
1787883784.712803818	s3-eth5	1654984	143075157
1787883784.712803818	s3-eth6	1863657	147759074
1787883784.712803818	s3-eth7	2719023	2400184766
1787883784.712803818	s3-eth8	2002719	169818819
1787883784.712803818	s3-eth9	1711024	104126086
1787883784.712803818	s4-eth1	22382303753	53359753
1787883784.712803818	s4-eth10	994626	112155233
1787883784.712803818	s4-eth11	2628433	2751058737
1787883784.712803818	s4-eth12	1070601	58694915
1787883784.712803818	s4-eth13	1194055	77007494
1787883784.712803818	s4-eth14	908451	53388282
1787883784.712803818	s4-eth15	2007924	2340609887
1787883784.712803818	s4-eth16	2343550	201168170
1787883784.712803818	s4-eth17	2124333	179570104
1787883784.712803818	s4-eth18	536711	80228111
1787883784.712803818	s4-eth19	855238	983330871
1787883784.712803818	s4-eth2	329665	326823
1787883784.712803818	s4-eth20	2331696	291470847
1787883784.712803818	s4-eth21	546752	158982302
1787883784.712803818	s4-eth22	1818077	247817400
1787883784.712803818	s4-eth23	1656796	2648429726
1787883784.712803818	s4-eth24	1931047	257928961
1787883784.712803818	s4-eth25	2285799	285753451
1787883784.712803818	s4-eth26	813333	179424507
1787883784.712803818	s4-eth27	2124462	3075320609
1787883784.712803818	s4-eth28	3361554	246529400
1787883784.712803818	s4-eth29	2211903	176124420
1787883784.712803818	s4-eth3	832596	719499312
1787883784.712803818	s4-eth30	3378426	228233514
1787883784.712803818	s4-eth31	1539335	2610544208
1787883784.712803818	s4-eth32	2205196	149436644
1787883784.712803818	s4-eth33	1662105	127432971
1787883784.712803818	s4-eth34	529892	38543083
1787883784.712803818	s4-eth4	587134	89619478
1787883784.712803818	s4-eth5	3237664	255151667
1787883784.712803818	s4-eth6	2274812	197992934
1787883784.712803818	s4-eth7	905582	2499747934
1787883784.712803818	s4-eth8	1087949	117079643
1787883784.712803818	s4-eth9	1128422	125668932
1787883784.712803818	s5-eth1	38698706925	57421075
1787883784.712803818	s5-eth2	12394739363	17974078999
1787883784.712803818	s5-eth3	52387724	29384716875
1787883784.712803818	s5-eth4	341456	327026
1787883784.712803818	s6-eth1	741029004	329735
1787883784.712803818	s6-eth2	329665	203030065
1787883784.712803818	s6-eth3	329665	356733258
1787883784.712803818	s6-eth4	341581	329665
1787883784.712803818	s7-eth1	13221709265	17582407604
1787883784.712803818	s7-eth2	53359753	22382557545
1787883784.712803818	s7-eth3	28766046398	52392276
1787883784.712803818	s7-eth4	341358	329665
1787883784.712803818	s8-eth1	329665	329665
1787883784.712803818	s8-eth2	326823	329665
1787883784.712803818	s8-eth3	329665	327026
1787883784.712803818	s8-eth4	341456	329665
1787883784.712803818	s9-eth1	29384882705	52387724
1787883784.712803818	s9-eth2	356733258	329665
1787883784.712803818	s9-eth3	52392276	28766134360
1787883784.712803818	s9-eth4	327026	329665
1787883788.456450030	s10-eth1	327026	341456
1787883788.456450030	s10-eth2	329665	341581
1787883788.456450030	s10-eth3	329665	341358
1787883788.456450030	s10-eth4	329665	341456
1787883788.456450030	s1-eth1	57465369	38719176823
1787883788.456450030	s1-eth10	62911259	1124681
1787883788.456450030	s1-eth11	3590858504	601842
1787883788.456450030	s1-eth12	273630207	712999
1787883788.456450030	s1-eth13	32263380	291622
1787883788.456450030	s1-eth14	288377522	998427
1787883788.456450030	s1-eth15	2535193035	2384684
1787883788.456450030	s1-eth16	408737648	3001633
1787883788.456450030	s1-eth17	160005754	2484811
1787883788.456450030	s1-eth18	218881062	13374
1787883788.456450030	s1-eth19	11235202816	978220
1787883788.456450030	s1-eth2	329735	741029004
1787883788.456450030	s1-eth20	361408621	1718654
1787883788.456450030	s1-eth21	449030552	3291117
1787883788.456450030	s1-eth22	95067445	1162486
1787883788.456450030	s1-eth23	2653041041	1341407
1787883788.456450030	s1-eth24	313327670	1255774
1787883788.456450030	s1-eth25	236231953	3384209
1787883788.456450030	s1-eth26	384182651	2173676
1787883788.456450030	s1-eth27	2755823123	2121967
1787883788.456450030	s1-eth28	145309095	2248753
1787883788.456450030	s1-eth29	68933701	1126957
1787883788.456450030	s1-eth3	11706567031	5398889
1787883788.456450030	s1-eth30	92546709	1435430
1787883788.456450030	s1-eth31	2599712895	720326
1787883788.456450030	s1-eth32	356884163	1877660
1787883788.456450030	s1-eth33	167856780	2555939
1787883788.456450030	s1-eth34	109885322	1662845
1787883788.456450030	s1-eth4	319365135	1456498
1787883788.456450030	s1-eth5	329090206	1661427
1787883788.456450030	s1-eth6	337023644	1868820
1787883788.456450030	s1-eth7	2757543528	2721899
1787883788.456450030	s1-eth8	356391073	2008374
1787883788.456450030	s1-eth9	121900491	1717264
1787883788.456450030	s2-eth1	17985758789	12399412725
1787883788.456450030	s2-eth10	291091109	1001837
1787883788.456450030	s2-eth11	3645723255	2631063
1787883788.456450030	s2-eth12	60617090	1073903
1787883788.456450030	s2-eth13	90554101	1193814
1787883788.456450030	s2-eth14	68585079	909927
1787883788.456450030	s2-eth15	2490899362	2007300
1787883788.456450030	s2-eth16	384033814	2334623
1787883788.456450030	s2-eth17	362388078	2122637
1787883788.456450030	s2-eth18	248788387	545334
1787883788.456450030	s2-eth19	970065	8606210951
1787883788.456450030	s2-eth2	203030065	329665
1787883788.456450030	s2-eth20	1712234	198701421
1787883788.456450030	s2-eth21	3284542	278404470
1787883788.456450030	s2-eth22	1155040	79628867
1787883788.456450030	s2-eth23	1333311	2381192933
1787883788.456450030	s2-eth24	1255263	143993937
1787883788.456450030	s2-eth25	3378712	217810166
1787883788.456450030	s2-eth26	2166663	212910010
1787883788.456450030	s2-eth27	2113701	2482032603
1787883788.456450030	s2-eth28	2242860	138359101
1787883788.456450030	s2-eth29	1118908	66482452
1787883788.456450030	s2-eth3	1559816349	839974
1787883788.456450030	s2-eth30	1427897	88521408
1787883788.456450030	s2-eth31	712552	2330128226
1787883788.456450030	s2-eth32	1869414	194886839
1787883788.456450030	s2-eth33	2551831	161072483
1787883788.456450030	s2-eth34	1655463	92464090
1787883788.456450030	s2-eth4	266867004	594971
1787883788.456450030	s2-eth5	437354756	3232399
1787883788.456450030	s2-eth6	377976195	2270965
1787883788.456450030	s2-eth7	2657437734	905814
1787883788.456450030	s2-eth8	296427354	1087234
1787883788.456450030	s2-eth9	305565839	1130486
1787883788.456450030	s3-eth1	17594564272	13231403469
1787883788.456450030	s3-eth10	1119074	59296082
1787883788.456450030	s3-eth11	601567	2403670167
1787883788.456450030	s3-eth12	704215	87830439
1787883788.456450030	s3-eth13	282799	17392742
1787883788.456450030	s3-eth14	990382	100221042
1787883788.456450030	s3-eth15	2378499	2236690529
1787883788.456450030	s3-eth16	2997027	212849342
1787883788.456450030	s3-eth17	2483684	139760705
1787883788.456450030	s3-eth18	4572	47644697
1787883788.456450030	s3-eth19	1568210900	863776
1787883788.456450030	s3-eth2	329665	329665
1787883788.456450030	s3-eth20	405363506	2317159
1787883788.456450030	s3-eth21	270269288	539330
1787883788.456450030	s3-eth22	361345624	1821767
1787883788.456450030	s3-eth23	2718707139	1649664
1787883788.456450030	s3-eth24	366241495	1968897
1787883788.456450030	s3-eth25	401511469	2284545
1787883788.456450030	s3-eth26	294234363	819537
1787883788.456450030	s3-eth27	3714951955	2112608
1787883788.456450030	s3-eth28	260928103	3352437
1787883788.456450030	s3-eth29	190398429	2235723
1787883788.456450030	s3-eth3	5393661	8850627079
1787883788.456450030	s3-eth30	243678938	3362009
1787883788.456450030	s3-eth31	2662498999	1527218
1787883788.456450030	s3-eth32	162797008	2201571
1787883788.456450030	s3-eth33	138615687	1664215
1787883788.456450030	s3-eth34	48326776	537880
1787883788.456450030	s3-eth4	1449923	134548160
1787883788.456450030	s3-eth5	1654984	143075157
1787883788.456450030	s3-eth6	1863657	147759074
1787883788.456450030	s3-eth7	2719023	2401853160
1787883788.456450030	s3-eth8	2002719	169818819
1787883788.456450030	s3-eth9	1711024	104126086
1787883788.456450030	s4-eth1	22398041761	53438027
1787883788.456450030	s4-eth10	994626	112155233
1787883788.456450030	s4-eth11	2628433	2752747319
1787883788.456450030	s4-eth12	1070601	58694915
1787883788.456450030	s4-eth13	1194055	77007494
1787883788.456450030	s4-eth14	908451	53388282
1787883788.456450030	s4-eth15	2007924	2342297027
1787883788.456450030	s4-eth16	2343550	201168170
1787883788.456450030	s4-eth17	2124333	179570104
1787883788.456450030	s4-eth18	536711	80228111
1787883788.456450030	s4-eth19	855238	983671183
1787883788.456450030	s4-eth2	329665	326823
1787883788.456450030	s4-eth20	2331696	291470847
1787883788.456450030	s4-eth21	546752	158982302
1787883788.456450030	s4-eth22	1818077	247817400
1787883788.456450030	s4-eth23	1656796	2650138496
1787883788.456450030	s4-eth24	1979595	261241943
1787883788.456450030	s4-eth25	2285799	285753451
1787883788.456450030	s4-eth26	813333	179424507
1787883788.456450030	s4-eth27	2124462	3077045241
1787883788.456450030	s4-eth28	3361554	246529400
1787883788.456450030	s4-eth29	2246699	178003928
1787883788.456450030	s4-eth3	832596	719846834
1787883788.456450030	s4-eth30	3378426	228233514
1787883788.456450030	s4-eth31	1539335	2612280376
1787883788.456450030	s4-eth32	2205196	149436644
1787883788.456450030	s4-eth33	1662105	127432971
1787883788.456450030	s4-eth34	529892	38543083
1787883788.456450030	s4-eth4	587134	89619478
1787883788.456450030	s4-eth5	3237664	255151667
1787883788.456450030	s4-eth6	2274812	197992934
1787883788.456450030	s4-eth7	905582	2501517268
1787883788.456450030	s4-eth8	1087949	117079643
1787883788.456450030	s4-eth9	1128422	125668932
1787883788.456450030	s5-eth1	38729127549	57502659
1787883788.456450030	s5-eth2	12400642693	17989971061
1787883788.456450030	s5-eth3	52424540	29405150839
1787883788.456450030	s5-eth4	341456	327026
1787883788.456450030	s6-eth1	741029004	329735
1787883788.456450030	s6-eth2	329665	203030065
1787883788.456450030	s6-eth3	329665	356733258
1787883788.456450030	s6-eth4	341581	329665
1787883788.456450030	s7-eth1	13234294595	17597534508
1787883788.456450030	s7-eth2	53457887	22401287673
1787883788.456450030	s7-eth3	28787349444	52431666
1787883788.456450030	s7-eth4	341358	329665
1787883788.456450030	s8-eth1	329665	329665
1787883788.456450030	s8-eth2	326823	329665
1787883788.456450030	s8-eth3	329665	327026
1787883788.456450030	s8-eth4	341456	329665
1787883788.456450030	s9-eth1	29406622097	52428314
1787883788.456450030	s9-eth2	356733258	329665
1787883788.456450030	s9-eth3	52433364	28788081758
1787883788.456450030	s9-eth4	327026	329665
1787883791.566206401	s10-eth1	327053	341484
1787883791.566206401	s10-eth2	329692	341609
1787883791.566206401	s10-eth3	329692	341386
1787883791.566206401	s10-eth4	329692	341484
1787883791.566206401	s1-eth1	57589946	38759201052
1787883791.566206401	s1-eth10	62911259	1124681
1787883791.566206401	s1-eth11	3599206840	673482
1787883791.566206401	s1-eth12	273630207	712999
1787883791.566206401	s1-eth13	32263380	291622
1787883791.566206401	s1-eth14	288377522	998427
1787883791.566206401	s1-eth15	2537400737	2384684
1787883791.566206401	s1-eth16	408737648	3001633
1787883791.566206401	s1-eth17	160005754	2484811
1787883791.566206401	s1-eth18	218881062	13374
1787883791.566206401	s1-eth19	11244474876	978220
1787883791.566206401	s1-eth2	329762	741029031
1787883791.566206401	s1-eth20	361408621	1718654
1787883791.566206401	s1-eth21	449030552	3291117
1787883791.566206401	s1-eth22	95067445	1162486
1787883791.566206401	s1-eth23	2655482347	1341407
1787883791.566206401	s1-eth24	317298920	1305894
1787883791.566206401	s1-eth25	236231953	3384209
1787883791.566206401	s1-eth26	384182651	2173676
1787883791.566206401	s1-eth27	2758381231	2121967
1787883791.566206401	s1-eth28	145309095	2248753
1787883791.566206401	s1-eth29	68933701	1126957
1787883791.566206401	s1-eth3	11717125355	5398889
1787883791.566206401	s1-eth30	92546709	1435430
1787883791.566206401	s1-eth31	2602406551	720326
1787883791.566206401	s1-eth32	356884163	1877660
1787883791.566206401	s1-eth33	167856780	2555939
1787883791.566206401	s1-eth34	109885322	1662845
1787883791.566206401	s1-eth4	319365135	1456498
1787883791.566206401	s1-eth5	329090206	1661427
1787883791.566206401	s1-eth6	337023644	1868820
1787883791.566206401	s1-eth7	2760430412	2721899
1787883791.566206401	s1-eth8	356391073	2008374
1787883791.566206401	s1-eth9	121900491	1717264
1787883791.566206401	s2-eth1	18010185742	12409053564
1787883791.566206401	s2-eth10	291091109	1001837
1787883791.566206401	s2-eth11	3648748571	2631063
1787883791.566206401	s2-eth12	60617090	1073903
1787883791.566206401	s2-eth13	90554101	1193814
1787883791.566206401	s2-eth14	68585079	909927
1787883791.566206401	s2-eth15	2494037154	2007300
1787883791.566206401	s2-eth16	384033814	2334623
1787883791.566206401	s2-eth17	362388078	2122637
1787883791.566206401	s2-eth18	248788387	545334
1787883791.566206401	s2-eth19	970065	8619031773
1787883791.566206401	s2-eth2	203030092	329692
1787883791.566206401	s2-eth20	1712234	198701421
1787883791.566206401	s2-eth21	3284542	278404470
1787883791.566206401	s2-eth22	1155040	79628867
1787883791.566206401	s2-eth23	1333311	2384492229
1787883791.566206401	s2-eth24	1298033	147349507
1787883791.566206401	s2-eth25	3378712	217810166
1787883791.566206401	s2-eth26	2166663	212910010
1787883791.566206401	s2-eth27	2113701	2485412651
1787883791.566206401	s2-eth28	2259304	139182467
1787883791.566206401	s2-eth29	1118908	66482452
1787883791.566206401	s2-eth3	1560509951	839974
1787883791.566206401	s2-eth30	1427897	88521408
1787883791.566206401	s2-eth31	712552	2333599120
1787883791.566206401	s2-eth32	1869414	194886839
1787883791.566206401	s2-eth33	2551831	161072483
1787883791.566206401	s2-eth34	1655463	92464090
1787883791.566206401	s2-eth4	266867004	594971
1787883791.566206401	s2-eth5	437354756	3232399
1787883791.566206401	s2-eth6	377976195	2270965
1787883791.566206401	s2-eth7	2661600274	918204
1787883791.566206401	s2-eth8	296427354	1087234
1787883791.566206401	s2-eth9	305565839	1130486
1787883791.566206401	s3-eth1	17625303494	13250159278
1787883791.566206401	s3-eth10	1119074	59296082
1787883791.566206401	s3-eth11	671031	2413098143
1787883791.566206401	s3-eth12	704215	87830439
1787883791.566206401	s3-eth13	282799	17392742
1787883791.566206401	s3-eth14	990382	100221042
1787883791.566206401	s3-eth15	2378499	2240246501
1787883791.566206401	s3-eth16	2997027	212849342
1787883791.566206401	s3-eth17	2483684	139760705
1787883791.566206401	s3-eth18	4572	47644697
1787883791.566206401	s3-eth19	1568957856	863776
1787883791.566206401	s3-eth2	329692	329692
1787883791.566206401	s3-eth20	405363506	2317159
1787883791.566206401	s3-eth21	270269288	539330
1787883791.566206401	s3-eth22	361345624	1821767
1787883791.566206401	s3-eth23	2722535649	1649664
1787883791.566206401	s3-eth24	368083311	1992952
1787883791.566206401	s3-eth25	401511469	2284545
1787883791.566206401	s3-eth26	294234363	819537
1787883791.566206401	s3-eth27	3718846797	2112608
1787883791.566206401	s3-eth28	260928103	3352437
1787883791.566206401	s3-eth29	197109233	2324897
1787883791.566206401	s3-eth3	5393661	8865817107
1787883791.566206401	s3-eth30	243678938	3362009
1787883791.566206401	s3-eth31	2666507759	1527218
1787883791.566206401	s3-eth32	162797008	2201571
1787883791.566206401	s3-eth33	138615687	1664215
1787883791.566206401	s3-eth34	48326776	537880
1787883791.566206401	s3-eth4	1449923	134548160
1787883791.566206401	s3-eth5	1654984	143075157
1787883791.566206401	s3-eth6	1883095	148569766
1787883791.566206401	s3-eth7	2719023	2405835964
1787883791.566206401	s3-eth8	2002719	169818819
1787883791.566206401	s3-eth9	1711024	104126086
1787883791.566206401	s4-eth1	22434796768	53580671
1787883791.566206401	s4-eth10	994626	112155233
1787883791.566206401	s4-eth11	2628433	2756838273
1787883791.566206401	s4-eth12	1070601	58694915
1787883791.566206401	s4-eth13	1194055	77007494
1787883791.566206401	s4-eth14	908451	53388282
1787883791.566206401	s4-eth15	2007924	2346442777
1787883791.566206401	s4-eth16	2343550	201168170
1787883791.566206401	s4-eth17	2124333	179570104
1787883791.566206401	s4-eth18	536711	80228111
1787883791.566206401	s4-eth19	855238	984529173
1787883791.566206401	s4-eth2	329692	326850
1787883791.566206401	s4-eth20	2331696	291470847
1787883791.566206401	s4-eth21	546752	158982302
1787883791.566206401	s4-eth22	1818077	247817400
1787883791.566206401	s4-eth23	1656796	2654523618
1787883791.566206401	s4-eth24	1999246	262770361
1787883791.566206401	s4-eth25	2285799	285753451
1787883791.566206401	s4-eth26	813333	179424507
1787883791.566206401	s4-eth27	2124462	3081501021
1787883791.566206401	s4-eth28	3361554	246529400
1787883791.566206401	s4-eth29	2352510	186110330
1787883791.566206401	s4-eth3	832596	720730780
1787883791.566206401	s4-eth30	3378426	228233514
1787883791.566206401	s4-eth31	1539335	2616750576
1787883791.566206401	s4-eth32	2205196	149436644
1787883791.566206401	s4-eth33	1662105	127432971
1787883791.566206401	s4-eth34	529892	38543083
1787883791.566206401	s4-eth4	587134	89619478
1787883791.566206401	s4-eth5	3237664	255151667
1787883791.566206401	s4-eth6	2274812	197992934
1787883791.566206401	s4-eth7	923328	2506721240
1787883791.566206401	s4-eth8	1087949	117079643
1787883791.566206401	s4-eth9	1128422	125668932
1787883791.566206401	s5-eth1	38806157161	57682142
1787883791.566206401	s5-eth2	12416155464	18026753613
1787883791.566206401	s5-eth3	52545203	29459765670
1787883791.566206401	s5-eth4	341512	327080
1787883791.566206401	s6-eth1	741029058	329789
1787883791.566206401	s6-eth2	329719	203030119
1787883791.566206401	s6-eth3	329719	356733312
1787883791.566206401	s6-eth4	341637	329719
1787883791.566206401	s7-eth1	13257786364	17636211117
1787883791.566206401	s7-eth2	53586359	22439941145
1787883791.566206401	s7-eth3	28841952681	52549821
1787883791.566206401	s7-eth4	341414	329719
1787883791.566206401	s8-eth1	329719	329719
1787883791.566206401	s8-eth2	326877	329719
1787883791.566206401	s8-eth3	329719	327080
1787883791.566206401	s8-eth4	341512	329719
1787883791.566206401	s9-eth1	29461973372	52545269
1787883791.566206401	s9-eth2	356733312	329719
1787883791.566206401	s9-eth3	52549821	28843161077
1787883791.566206401	s9-eth4	327080	329719
1787883798.821591275	s10-eth1	327080	341512
1787883798.821591275	s10-eth2	329719	341637
1787883798.821591275	s10-eth3	329719	341414
1787883798.821591275	s10-eth4	329719	341512
1787883798.821591275	s1-eth1	57740735	38832439696
1787883798.821591275	s1-eth10	62911259	1124681
1787883798.821591275	s1-eth11	3604136288	677186
1787883798.821591275	s1-eth12	273630207	712999
1787883798.821591275	s1-eth13	32263380	291622
1787883798.821591275	s1-eth14	288377522	998427
1787883798.821591275	s1-eth15	2541974761	2384684
1787883798.821591275	s1-eth16	408737648	3001633
1787883798.821591275	s1-eth17	160005754	2484811
1787883798.821591275	s1-eth18	218881062	13374
1787883798.821591275	s1-eth19	11262615236	978220
1787883798.821591275	s1-eth2	329789	741029058
1787883798.821591275	s1-eth20	361408621	1718654
1787883798.821591275	s1-eth21	449030552	3291117
1787883798.821591275	s1-eth22	97658597	1199730
1787883798.821591275	s1-eth23	2659919381	1341407
1787883798.821591275	s1-eth24	317298920	1305894
1787883798.821591275	s1-eth25	236231953	3384209
1787883798.821591275	s1-eth26	384182651	2173676
1787883798.821591275	s1-eth27	2762764911	2121967
1787883798.821591275	s1-eth28	148734345	2299314
1787883798.821591275	s1-eth29	68933701	1126957
1787883798.821591275	s1-eth3	11734572113	5398889
1787883798.821591275	s1-eth30	92546709	1435430
1787883798.821591275	s1-eth31	2606759949	720326
1787883798.821591275	s1-eth32	356884163	1877660
1787883798.821591275	s1-eth33	167856780	2555939
1787883798.821591275	s1-eth34	109885322	1662845
1787883798.821591275	s1-eth4	319365135	1456498
1787883798.821591275	s1-eth5	329090206	1661427
1787883798.821591275	s1-eth6	341236191	1941313
1787883798.821591275	s1-eth7	2764688638	2721899
1787883798.821591275	s1-eth8	356391073	2008374
1787883798.821591275	s1-eth9	121900491	1717264
1787883798.821591275	s2-eth1	18045366593	12425570226
1787883798.821591275	s2-eth10	291091109	1001837
1787883798.821591275	s2-eth11	3652959211	2631063
1787883798.821591275	s2-eth12	60617090	1073903
1787883798.821591275	s2-eth13	90554101	1193814
1787883798.821591275	s2-eth14	68585079	909927
1787883798.821591275	s2-eth15	2498203092	2007300
1787883798.821591275	s2-eth16	384033814	2334623
1787883798.821591275	s2-eth17	362388078	2122637
1787883798.821591275	s2-eth18	248788387	545334
1787883798.821591275	s2-eth19	970065	8634817347
1787883798.821591275	s2-eth2	203030119	329719
1787883798.821591275	s2-eth20	1712234	198701421
1787883798.821591275	s2-eth21	3284542	278404470
1787883798.821591275	s2-eth22	1205930	83055011
1787883798.821591275	s2-eth23	1333311	2388498105
1787883798.821591275	s2-eth24	1298033	147349507
1787883798.821591275	s2-eth25	3378712	217810166
1787883798.821591275	s2-eth26	2166663	212910010
1787883798.821591275	s2-eth27	2113701	2489392571
1787883798.821591275	s2-eth28	2293421	141577261
1787883798.821591275	s2-eth29	1118908	66482452
1787883798.821591275	s2-eth3	1561313145	839974
1787883798.821591275	s2-eth30	1427897	88521408
1787883798.821591275	s2-eth31	712552	2337506940
1787883798.821591275	s2-eth32	1869414	194886839
1787883798.821591275	s2-eth33	2551831	161072483
1787883798.821591275	s2-eth34	1655463	92464090
1787883798.821591275	s2-eth4	266867004	594971
1787883798.821591275	s2-eth5	437354756	3232399
1787883798.821591275	s2-eth6	377976195	2270965
1787883798.821591275	s2-eth7	2665818570	923560
1787883798.821591275	s2-eth8	296427354	1087234
1787883798.821591275	s2-eth9	308099725	1172164
1787883798.821591275	s3-eth1	17656098833	13271701240
1787883798.821591275	s3-eth10	1119074	59296082
1787883798.821591275	s3-eth11	671031	2416909349
1787883798.821591275	s3-eth12	704215	87830439
1787883798.821591275	s3-eth13	282799	17392742
1787883798.821591275	s3-eth14	990382	100221042
1787883798.821591275	s3-eth15	2378499	2244073569
1787883798.821591275	s3-eth16	2997027	212849342
1787883798.821591275	s3-eth17	2483684	139760705
1787883798.821591275	s3-eth18	4572	47644697
1787883798.821591275	s3-eth19	1569745188	863776
1787883798.821591275	s3-eth2	329719	329719
1787883798.821591275	s3-eth20	405363506	2317159
1787883798.821591275	s3-eth21	270269288	539330
1787883798.821591275	s3-eth22	361345624	1821767
1787883798.821591275	s3-eth23	2726444911	1649664
1787883798.821591275	s3-eth24	368083311	1992952
1787883798.821591275	s3-eth25	407021633	2356983
1787883798.821591275	s3-eth26	294234363	819537
1787883798.821591275	s3-eth27	3722734429	2112608
1787883798.821591275	s3-eth28	260928103	3352437
1787883798.821591275	s3-eth29	198839425	2343782
1787883798.821591275	s3-eth3	5393661	8880400053
1787883798.821591275	s3-eth30	243678938	3362009
1787883798.821591275	s3-eth31	2670349247	1527218
1787883798.821591275	s3-eth32	162797008	2201571
1787883798.821591275	s3-eth33	138615687	1664215
1787883798.821591275	s3-eth34	48326776	537880
1787883798.821591275	s3-eth4	1449923	134548160
1787883798.821591275	s3-eth5	1654984	143075157
1787883798.821591275	s3-eth6	1957126	153109113
1787883798.821591275	s3-eth7	2719023	2409546230
1787883798.821591275	s3-eth8	2002719	169818819
1787883798.821591275	s3-eth9	1711024	104126086
1787883798.821591275	s4-eth1	22469136314	53720536
1787883798.821591275	s4-eth10	994626	112155233
1787883798.821591275	s4-eth11	2628433	2760635059
1787883798.821591275	s4-eth12	1070601	58694915
1787883798.821591275	s4-eth13	1194055	77007494
1787883798.821591275	s4-eth14	908451	53388282
1787883798.821591275	s4-eth15	2007924	2350226585
1787883798.821591275	s4-eth16	2343550	201168170
1787883798.821591275	s4-eth17	2124333	179570104
1787883798.821591275	s4-eth18	536711	80228111
1787883798.821591275	s4-eth19	855238	985302085
1787883798.821591275	s4-eth2	329746	326904
1787883798.821591275	s4-eth20	2331696	291470847
1787883798.821591275	s4-eth21	546752	158982302
1787883798.821591275	s4-eth22	1818077	247817400
1787883798.821591275	s4-eth23	1656796	2658336266
1787883798.821591275	s4-eth24	1999246	262770361
1787883798.821591275	s4-eth25	2358897	291087991
1787883798.821591275	s4-eth26	813333	179424507
1787883798.821591275	s4-eth27	2124462	3085289155
1787883798.821591275	s4-eth28	3361554	246529400
1787883798.821591275	s4-eth29	2352510	186110330
1787883798.821591275	s4-eth3	832596	721473410
1787883798.821591275	s4-eth30	3378426	228233514
1787883798.821591275	s4-eth31	1539335	2620557456
1787883798.821591275	s4-eth32	2205196	149436644
1787883798.821591275	s4-eth33	1662105	127432971
1787883798.821591275	s4-eth34	529892	38543083
1787883798.821591275	s4-eth4	587134	89619478
1787883798.821591275	s4-eth5	3237664	255151667
1787883798.821591275	s4-eth6	2274812	197992934
1787883798.821591275	s4-eth7	923328	2510496396
1787883798.821591275	s4-eth8	1087949	117079643
1787883798.821591275	s4-eth9	1198094	130377779
1787883798.821591275	s5-eth1	38867882698	57810190
1787883798.821591275	s5-eth2	12433277980	18056388948
1787883798.821591275	s5-eth3	52689766	29507260316
1787883798.821591275	s5-eth4	341540	327107
1787883798.821591275	s6-eth1	741029085	329816
1787883798.821591275	s6-eth2	329746	203030146
1787883798.821591275	s6-eth3	329746	356733339
1787883798.821591275	s6-eth4	341665	329746
1787883798.821591275	s7-eth1	13275288486	17666129940
1787883798.821591275	s7-eth2	53729363	22473882688
1787883798.821591275	s7-eth3	28888720199	52703866
1787883798.821591275	s7-eth4	341442	329746
1787883798.821591275	s8-eth1	329746	329746
1787883798.821591275	s8-eth2	326904	329746
1787883798.821591275	s8-eth3	329746	327107
1787883798.821591275	s8-eth4	341540	329746
1787883798.821591275	s9-eth1	29509937087	52706693
1787883798.821591275	s9-eth2	356733339	329746
1787883798.821591275	s9-eth3	52712235	28891064956
1787883798.821591275	s9-eth4	327107	329746
1787883804.745405618	s10-eth1	327107	341540
1787883804.745405618	s10-eth2	329746	341665
1787883804.745405618	s10-eth3	329746	341442
1787883804.745405618	s10-eth4	329746	341540
1787883804.745405618	s1-eth1	57873949	38894579530
1787883804.745405618	s1-eth10	62911259	1124681
1787883804.745405618	s1-eth11	3607943168	677186
1787883804.745405618	s1-eth12	273630207	712999
1787883804.745405618	s1-eth13	32263380	291622
1787883804.745405618	s1-eth14	288377522	998427
1787883804.745405618	s1-eth15	2545755685	2384684
1787883804.745405618	s1-eth16	408737648	3001633
1787883804.745405618	s1-eth17	160005754	2484811
1787883804.745405618	s1-eth18	218881062	13374
1787883804.745405618	s1-eth19	11277625014	978220
1787883804.745405618	s1-eth2	329816	741029085
1787883804.745405618	s1-eth20	361408621	1718654
1787883804.745405618	s1-eth21	449030552	3291117
1787883804.745405618	s1-eth22	98668181	1213508
1787883804.745405618	s1-eth23	2663690211	1341407
1787883804.745405618	s1-eth24	317298920	1305894
1787883804.745405618	s1-eth25	236231953	3384209
1787883804.745405618	s1-eth26	384182651	2173676
1787883804.745405618	s1-eth27	2766504017	2121967
1787883804.745405618	s1-eth28	148734345	2299314
1787883804.745405618	s1-eth29	68933701	1126957
1787883804.745405618	s1-eth3	11749431923	5398889
1787883804.745405618	s1-eth30	92546709	1435430
1787883804.745405618	s1-eth31	2610439933	720326
1787883804.745405618	s1-eth32	356884163	1877660
1787883804.745405618	s1-eth33	167856780	2555939
1787883804.745405618	s1-eth34	109885322	1662845
1787883804.745405618	s1-eth4	319365135	1456498
1787883804.745405618	s1-eth5	329090206	1661427
1787883804.745405618	s1-eth6	343921373	1982657
1787883804.745405618	s1-eth7	2773351615	2798739
1787883804.745405618	s1-eth8	356391073	2008374
1787883804.745405618	s1-eth9	121900491	1717264
1787883804.745405618	s2-eth1	18070957474	12440029424
1787883804.745405618	s2-eth10	291091109	1001837
1787883804.745405618	s2-eth11	3656630543	2631063
1787883804.745405618	s2-eth12	60617090	1073903
1787883804.745405618	s2-eth13	90554101	1193814
1787883804.745405618	s2-eth14	68585079	909927
1787883804.745405618	s2-eth15	2501847026	2007300
1787883804.745405618	s2-eth16	384033814	2334623
1787883804.745405618	s2-eth17	362388078	2122637
1787883804.745405618	s2-eth18	248788387	545334
1787883804.745405618	s2-eth19	970065	8649228695
1787883804.745405618	s2-eth2	203030146	329746
1787883804.745405618	s2-eth20	1712234	198701421
1787883804.745405618	s2-eth21	3284542	278404470
1787883804.745405618	s2-eth22	1206062	83055155
1787883804.745405618	s2-eth23	1333311	2392107431
1787883804.745405618	s2-eth24	1298033	147349507
1787883804.745405618	s2-eth25	3378712	217810166
1787883804.745405618	s2-eth26	2166663	212910010
1787883804.745405618	s2-eth27	2113701	2492996129
1787883804.745405618	s2-eth28	2293421	141577261
1787883804.745405618	s2-eth29	1118908	66482452
1787883804.745405618	s2-eth3	1562042797	839974
1787883804.745405618	s2-eth30	1427897	88521408
1787883804.745405618	s2-eth31	712552	2341136454
1787883804.745405618	s2-eth32	1869414	194886839
1787883804.745405618	s2-eth33	2551831	161072483
1787883804.745405618	s2-eth34	1655463	92464090
1787883804.745405618	s2-eth4	266867004	594971
1787883804.745405618	s2-eth5	437354756	3232399
1787883804.745405618	s2-eth6	377976195	2270965
1787883804.745405618	s2-eth7	2669546140	923560
1787883804.745405618	s2-eth8	296427354	1087234
1787883804.745405618	s2-eth9	310373096	1200158
1787883804.745405618	s3-eth1	17688947567	13296698216
1787883804.745405618	s3-eth10	1119074	59296082
1787883804.745405618	s3-eth11	671031	2420583565
1787883804.745405618	s3-eth12	704215	87830439
1787883804.745405618	s3-eth13	282799	17392742
1787883804.745405618	s3-eth14	990382	100221042
1787883804.745405618	s3-eth15	2378499	2247763647
1787883804.745405618	s3-eth16	2997027	212849342
1787883804.745405618	s3-eth17	2483684	139760705
1787883804.745405618	s3-eth18	4572	47644697
1787883804.745405618	s3-eth19	1570509448	863776
1787883804.745405618	s3-eth2	329773	329773
1787883804.745405618	s3-eth20	405363506	2317159
1787883804.745405618	s3-eth21	270269288	539330
1787883804.745405618	s3-eth22	361345624	1821767
1787883804.745405618	s3-eth23	2730263327	1649664
1787883804.745405618	s3-eth24	368083311	1992952
1787883804.745405618	s3-eth25	407021633	2356983
1787883804.745405618	s3-eth26	294234363	819537
1787883804.745405618	s3-eth27	3726565823	2112608
1787883804.745405618	s3-eth28	260928103	3352437
1787883804.745405618	s3-eth29	198839425	2343782
1787883804.745405618	s3-eth3	5393661	8895355035
1787883804.745405618	s3-eth30	251724661	3456596
1787883804.745405618	s3-eth31	2674205155	1527218
1787883804.745405618	s3-eth32	167591939	2252519
1787883804.745405618	s3-eth33	138615687	1664215
1787883804.745405618	s3-eth34	48326776	537880
1787883804.745405618	s3-eth4	1449923	134548160
1787883804.745405618	s3-eth5	1654984	143075157
1787883804.745405618	s3-eth6	1977560	154310509
1787883804.745405618	s3-eth7	2796271	2418063943
1787883804.745405618	s3-eth8	2002719	169818819
1787883804.745405618	s3-eth9	1711024	104126086
1787883804.745405618	s4-eth1	22506507676	53875510
1787883804.745405618	s4-eth10	994626	112155233
1787883804.745405618	s4-eth11	2628433	2764284761
1787883804.745405618	s4-eth12	1070601	58694915
1787883804.745405618	s4-eth13	1194055	77007494
1787883804.745405618	s4-eth14	908451	53388282
1787883804.745405618	s4-eth15	2007924	2353827259
1787883804.745405618	s4-eth16	2343550	201168170
1787883804.745405618	s4-eth17	2124333	179570104
1787883804.745405618	s4-eth18	536711	80228111
1787883804.745405618	s4-eth19	855238	986027411
1787883804.745405618	s4-eth2	329773	326931
1787883804.745405618	s4-eth20	2331696	291470847
1787883804.745405618	s4-eth21	546752	158982302
1787883804.745405618	s4-eth22	1818077	247817400
1787883804.745405618	s4-eth23	1656796	2661947034
1787883804.745405618	s4-eth24	1999246	262770361
1787883804.745405618	s4-eth25	2358897	291087991
1787883804.745405618	s4-eth26	813333	179424507
1787883804.745405618	s4-eth27	2124462	3088934531
1787883804.745405618	s4-eth28	3361554	246529400
1787883804.745405618	s4-eth29	2352510	186110330
1787883804.745405618	s4-eth3	832596	722203062
1787883804.745405618	s4-eth30	3473541	236164173
1787883804.745405618	s4-eth31	1539335	2624233114
1787883804.745405618	s4-eth32	2256408	154097157
1787883804.745405618	s4-eth33	1662105	127432971
1787883804.745405618	s4-eth34	529892	38543083
1787883804.745405618	s4-eth4	587134	89619478
1787883804.745405618	s4-eth5	3237664	255151667
1787883804.745405618	s4-eth6	2274812	197992934
1787883804.745405618	s4-eth7	923328	2514094186
1787883804.745405618	s4-eth8	1087949	117079643
1787883804.745405618	s4-eth9	1198094	130377779
1787883804.745405618	s5-eth1	38924056129	57886717
1787883804.745405618	s5-eth2	12445001643	18081785311
1787883804.745405618	s5-eth3	52767493	29549212754
1787883804.745405618	s5-eth4	341568	327134
1787883804.745405618	s6-eth1	741029112	329843
1787883804.745405618	s6-eth2	329773	203030173
1787883804.745405618	s6-eth3	329773	356733366
1787883804.745405618	s6-eth4	341693	329773
1787883804.745405618	s7-eth1	13300066160	17696337835
1787883804.745405618	s7-eth2	53891486	22510431966
1787883804.745405618	s7-eth3	28931023591	52789321
1787883804.745405618	s7-eth4	341470	329773
1787883804.745405618	s8-eth1	329773	329773
1787883804.745405618	s8-eth2	326931	329773
1787883804.745405618	s8-eth3	329773	327134
1787883804.745405618	s8-eth4	341568	329773
1787883804.745405618	s9-eth1	29551936096	52786179
1787883804.745405618	s9-eth2	356733366	329773
1787883804.745405618	s9-eth3	52791127	28932400985
1787883804.745405618	s9-eth4	327134	329773
1787883810.401054896	s10-eth1	327134	341568
1787883810.401054896	s10-eth2	329773	341693
1787883810.401054896	s10-eth3	329773	341470
1787883810.401054896	s10-eth4	329773	341568
1787883810.401054896	s1-eth1	57902037	38946216727
1787883810.401054896	s1-eth10	63578847	1140001
1787883810.401054896	s1-eth11	3611566914	677186
1787883810.401054896	s1-eth12	273630207	712999
1787883810.401054896	s1-eth13	32263380	291622
1787883810.401054896	s1-eth14	288377522	998427
1787883810.401054896	s1-eth15	2549343381	2384684
1787883810.401054896	s1-eth16	408737648	3001633
1787883810.401054896	s1-eth17	160005754	2484811
1787883810.401054896	s1-eth18	218881062	13374
1787883810.401054896	s1-eth19	11291801316	978220
1787883810.401054896	s1-eth2	329843	741029112
1787883810.401054896	s1-eth20	361408621	1718654
1787883810.401054896	s1-eth21	449030552	3291117
1787883810.401054896	s1-eth22	98668181	1213508
1787883810.401054896	s1-eth23	2667207249	1341407
1787883810.401054896	s1-eth24	317298920	1305894
1787883810.401054896	s1-eth25	236231953	3384209
1787883810.401054896	s1-eth26	384182651	2173676
1787883810.401054896	s1-eth27	2770005193	2121967
1787883810.401054896	s1-eth28	148734345	2299314
1787883810.401054896	s1-eth29	68933701	1126957
1787883810.401054896	s1-eth3	11763383273	5398889
1787883810.401054896	s1-eth30	92546709	1435430
1787883810.401054896	s1-eth31	2613929573	720326
1787883810.401054896	s1-eth32	356884163	1877660
1787883810.401054896	s1-eth33	167856780	2555939
1787883810.401054896	s1-eth34	109885322	1662845
1787883810.401054896	s1-eth4	319365135	1456498
1787883810.401054896	s1-eth5	329090206	1661427
1787883810.401054896	s1-eth6	343921373	1982657
1787883810.401054896	s1-eth7	2776789343	2798739
1787883810.401054896	s1-eth8	356391073	2008374
1787883810.401054896	s1-eth9	121900491	1717264
1787883810.401054896	s2-eth1	18094253326	12451811549
1787883810.401054896	s2-eth10	291091109	1001837
1787883810.401054896	s2-eth11	3660061061	2631063
1787883810.401054896	s2-eth12	60617090	1073903
1787883810.401054896	s2-eth13	90554101	1193814
1787883810.401054896	s2-eth14	68585079	909927
1787883810.401054896	s2-eth15	2505297732	2007300
1787883810.401054896	s2-eth16	384832198	2357614
1787883810.401054896	s2-eth17	362388078	2122637
1787883810.401054896	s2-eth18	248788387	545334
1787883810.401054896	s2-eth19	970065	8661549143
1787883810.401054896	s2-eth2	203030173	329773
1787883810.401054896	s2-eth20	1712234	198701421
1787883810.401054896	s2-eth21	3284542	278404470
1787883810.401054896	s2-eth22	1206062	83055155
1787883810.401054896	s2-eth23	1333311	2395308671
1787883810.401054896	s2-eth24	1298033	147349507
1787883810.401054896	s2-eth25	3378712	217810166
1787883810.401054896	s2-eth26	2166663	212910010
1787883810.401054896	s2-eth27	2113701	2496123827
1787883810.401054896	s2-eth28	2293421	141577261
1787883810.401054896	s2-eth29	1118908	66482452
1787883810.401054896	s2-eth3	1562719095	839974
1787883810.401054896	s2-eth30	1427897	88521408
1787883810.401054896	s2-eth31	712552	2344259826
1787883810.401054896	s2-eth32	1869414	194886839
1787883810.401054896	s2-eth33	2551831	161072483
1787883810.401054896	s2-eth34	1655463	92464090
1787883810.401054896	s2-eth4	266867004	594971
1787883810.401054896	s2-eth5	437354756	3232399
1787883810.401054896	s2-eth6	377976195	2270965
1787883810.401054896	s2-eth7	2672859856	923560
1787883810.401054896	s2-eth8	296427354	1087234
1787883810.401054896	s2-eth9	310373096	1200158
1787883810.401054896	s3-eth1	17710614631	13309715937
1787883810.401054896	s3-eth10	1148669	60837249
1787883810.401054896	s3-eth11	671031	2423463239
1787883810.401054896	s3-eth12	704215	87830439
1787883810.401054896	s3-eth13	282799	17392742
1787883810.401054896	s3-eth14	990382	100221042
1787883810.401054896	s3-eth15	2378499	2250582757
1787883810.401054896	s3-eth16	2997027	212849342
1787883810.401054896	s3-eth17	2483684	139760705
1787883810.401054896	s3-eth18	4572	47644697
1787883810.401054896	s3-eth19	1571143928	863776
1787883810.401054896	s3-eth2	329800	329800
1787883810.401054896	s3-eth20	405363506	2317159
1787883810.401054896	s3-eth21	270269288	539330
1787883810.401054896	s3-eth22	361345624	1821767
1787883810.401054896	s3-eth23	2733412655	1649664
1787883810.401054896	s3-eth24	368083311	1992952
1787883810.401054896	s3-eth25	407910724	2379537
1787883810.401054896	s3-eth26	294234363	819537
1787883810.401054896	s3-eth27	3729690637	2112608
1787883810.401054896	s3-eth28	260928103	3352437
1787883810.401054896	s3-eth29	198839425	2343782
1787883810.401054896	s3-eth3	5393661	8905834049
1787883810.401054896	s3-eth30	253379263	3489010
1787883810.401054896	s3-eth31	2677293919	1527218
1787883810.401054896	s3-eth32	167591939	2252519
1787883810.401054896	s3-eth33	138615687	1664215
1787883810.401054896	s3-eth34	48326776	537880
1787883810.401054896	s3-eth4	1449923	134548160
1787883810.401054896	s3-eth5	1654984	143075157
1787883810.401054896	s3-eth6	1977560	154310509
1787883810.401054896	s3-eth7	2796271	2420838351
1787883810.401054896	s3-eth8	2002719	169818819
1787883810.401054896	s3-eth9	1711024	104126086
1787883810.401054896	s4-eth1	22528568895	53954012
1787883810.401054896	s4-eth10	994626	112155233
1787883810.401054896	s4-eth11	2628433	2767043307
1787883810.401054896	s4-eth12	1070601	58694915
1787883810.401054896	s4-eth13	1194055	77007494
1787883810.401054896	s4-eth14	908451	53388282
1787883810.401054896	s4-eth15	2007924	2356595899
1787883810.401054896	s4-eth16	2366991	201911916
1787883810.401054896	s4-eth17	2124333	179570104
1787883810.401054896	s4-eth18	536711	80228111
1787883810.401054896	s4-eth19	855238	986647471
1787883810.401054896	s4-eth2	329800	326958
1787883810.401054896	s4-eth20	2331696	291470847
1787883810.401054896	s4-eth21	546752	158982302
1787883810.401054896	s4-eth22	1818077	247817400
1787883810.401054896	s4-eth23	1656796	2665068964
1787883810.401054896	s4-eth24	1999246	262770361
1787883810.401054896	s4-eth25	2381517	291907438
1787883810.401054896	s4-eth26	813333	179424507
1787883810.401054896	s4-eth27	2124462	3092082417
1787883810.401054896	s4-eth28	3361554	246529400
1787883810.401054896	s4-eth29	2352510	186110330
1787883810.401054896	s4-eth3	832596	722784188
1787883810.401054896	s4-eth30	3505955	237732399
1787883810.401054896	s4-eth31	1539335	2627365138
1787883810.401054896	s4-eth32	2256408	154097157
1787883810.401054896	s4-eth33	1662105	127432971
1787883810.401054896	s4-eth34	529892	38543083
1787883810.401054896	s4-eth4	587134	89619478
1787883810.401054896	s4-eth5	3237664	255151667
1787883810.401054896	s4-eth6	2274812	197992934
1787883810.401054896	s4-eth7	923328	2516939252
1787883810.401054896	s4-eth8	1087949	117079643
1787883810.401054896	s4-eth9	1198094	130377779
1787883810.401054896	s5-eth1	38971901655	57937327
1787883810.401054896	s5-eth2	12457273182	18104767377
1787883810.401054896	s5-eth3	52862590	29585821536
1787883810.401054896	s5-eth4	341596	327161
1787883810.401054896	s6-eth1	741029139	329870
1787883810.401054896	s6-eth2	329800	203030200
1787883810.401054896	s6-eth3	329800	356733393
1787883810.401054896	s6-eth4	341721	329800
1787883810.401054896	s7-eth1	13313179173	17718119031
1787883810.401054896	s7-eth2	53991740	22533769395
1787883810.401054896	s7-eth3	28966648219	52874006
1787883810.401054896	s7-eth4	341498	329800
1787883810.401054896	s8-eth1	329800	329800
1787883810.401054896	s8-eth2	326958	329800
1787883810.401054896	s8-eth3	329800	327161
1787883810.401054896	s8-eth4	341596	329800
1787883810.401054896	s9-eth1	29587180538	52870558
1787883810.401054896	s9-eth2	356733393	329800
1787883810.401054896	s9-eth3	52875176	28967303965
1787883810.401054896	s9-eth4	327161	329800
1787883815.425465046	s10-eth1	327161	341596
1787883815.425465046	s10-eth2	329800	341721
1787883815.425465046	s10-eth3	329800	341498
1787883815.425465046	s10-eth4	329800	341596
1787883815.425465046	s1-eth1	58042921	39003275765
1787883815.425465046	s1-eth10	64612254	1154190
1787883815.425465046	s1-eth11	3614786900	677186
1787883815.425465046	s1-eth12	273630207	712999
1787883815.425465046	s1-eth13	32263380	291622
1787883815.425465046	s1-eth14	288377522	998427
1787883815.425465046	s1-eth15	2555833285	2430034
1787883815.425465046	s1-eth16	408737648	3001633
1787883815.425465046	s1-eth17	160005754	2484811
1787883815.425465046	s1-eth18	218881062	13374
1787883815.425465046	s1-eth19	11304785084	978220
1787883815.425465046	s1-eth2	329870	741029139
1787883815.425465046	s1-eth20	369110156	1800965
1787883815.425465046	s1-eth21	449030552	3291117
1787883815.425465046	s1-eth22	98668181	1213508
1787883815.425465046	s1-eth23	2670483473	1341407
1787883815.425465046	s1-eth24	317298920	1305894
1787883815.425465046	s1-eth25	236231953	3384209
1787883815.425465046	s1-eth26	384182651	2173676
1787883815.425465046	s1-eth27	2773295837	2121967
1787883815.425465046	s1-eth28	148734345	2299314
1787883815.425465046	s1-eth29	68933701	1126957
1787883815.425465046	s1-eth3	11776560269	5398889
1787883815.425465046	s1-eth30	92546709	1435430
1787883815.425465046	s1-eth31	2617230311	720326
1787883815.425465046	s1-eth32	356884163	1877660
1787883815.425465046	s1-eth33	167856780	2555939
1787883815.425465046	s1-eth34	109885322	1662845
1787883815.425465046	s1-eth4	319365135	1456498
1787883815.425465046	s1-eth5	329090206	1661427
1787883815.425465046	s1-eth6	343921373	1982657
1787883815.425465046	s1-eth7	2780124689	2798739
1787883815.425465046	s1-eth8	356391073	2008374
1787883815.425465046	s1-eth9	121900491	1717264
1787883815.425465046	s2-eth1	18124633992	12467232270
1787883815.425465046	s2-eth10	291091109	1001837
1787883815.425465046	s2-eth11	3663338727	2631063
1787883815.425465046	s2-eth12	60617090	1073903
1787883815.425465046	s2-eth13	90554101	1193814
1787883815.425465046	s2-eth14	68585079	909927
1787883815.425465046	s2-eth15	2509428918	2038615
1787883815.425465046	s2-eth16	384833712	2357668
1787883815.425465046	s2-eth17	366259749	2175632
1787883815.425465046	s2-eth18	248788387	545334
1787883815.425465046	s2-eth19	970065	8674159433
1787883815.425465046	s2-eth2	203030200	329827
1787883815.425465046	s2-eth20	1794545	206197740
1787883815.425465046	s2-eth21	3284542	278404470
1787883815.425465046	s2-eth22	1206062	83055155
1787883815.425465046	s2-eth23	1333311	2398479629
1787883815.425465046	s2-eth24	1298033	147349507
1787883815.425465046	s2-eth25	3378712	217810166
1787883815.425465046	s2-eth26	2166663	212910010
1787883815.425465046	s2-eth27	2113701	2499274597
1787883815.425465046	s2-eth28	2293421	141577261
1787883815.425465046	s2-eth29	1118908	66482452
1787883815.425465046	s2-eth3	1563366553	839974
1787883815.425465046	s2-eth30	1427897	88521408
1787883815.425465046	s2-eth31	712552	2347479812
1787883815.425465046	s2-eth32	1869414	194886839
1787883815.425465046	s2-eth33	2551831	161072483
1787883815.425465046	s2-eth34	1655463	92464090
1787883815.425465046	s2-eth4	266867004	594971
1787883815.425465046	s2-eth5	437354756	3232399
1787883815.425465046	s2-eth6	377976195	2270965
1787883815.425465046	s2-eth7	2676202412	923560
1787883815.425465046	s2-eth8	296427354	1087234
1787883815.425465046	s2-eth9	310373096	1200158
1787883815.425465046	s3-eth1	17737227722	13320673226
1787883815.425465046	s3-eth10	1148669	60837249
1787883815.425465046	s3-eth11	671031	2426765419
1787883815.425465046	s3-eth12	704215	87830439
1787883815.425465046	s3-eth13	282799	17392742
1787883815.425465046	s3-eth14	990382	100221042
1787883815.425465046	s3-eth15	2429915	2257498391
1787883815.425465046	s3-eth16	2997027	212849342
1787883815.425465046	s3-eth17	2483684	139760705
1787883815.425465046	s3-eth18	4572	47644697
1787883815.425465046	s3-eth19	1571849066	863776
1787883815.425465046	s3-eth2	329827	329827
1787883815.425465046	s3-eth20	405363506	2317159
1787883815.425465046	s3-eth21	270269288	539330
1787883815.425465046	s3-eth22	361345624	1821767
1787883815.425465046	s3-eth23	2737017655	1649664
1787883815.425465046	s3-eth24	368083311	1992952
1787883815.425465046	s3-eth25	407910724	2379537
1787883815.425465046	s3-eth26	294234363	819537
1787883815.425465046	s3-eth27	3733408113	2112608
1787883815.425465046	s3-eth28	260928103	3352437
1787883815.425465046	s3-eth29	198839425	2343782
1787883815.425465046	s3-eth3	5393661	8918842331
1787883815.425465046	s3-eth30	253379263	3489010
1787883815.425465046	s3-eth31	2681031583	1527218
1787883815.425465046	s3-eth32	167591939	2252519
1787883815.425465046	s3-eth33	138615687	1664215
1787883815.425465046	s3-eth34	48326776	537880
1787883815.425465046	s3-eth4	1449923	134548160
1787883815.425465046	s3-eth5	1654984	143075157
1787883815.425465046	s3-eth6	1977560	154310509
1787883815.425465046	s3-eth7	2796271	2424068431
1787883815.425465046	s3-eth8	2002719	169818819
1787883815.425465046	s3-eth9	1711024	104126086
1787883815.425465046	s4-eth1	22556418945	54040575
1787883815.425465046	s4-eth10	994626	112155233
1787883815.425465046	s4-eth11	2628433	2770599279
1787883815.425465046	s4-eth12	1070601	58694915
1787883815.425465046	s4-eth13	1194055	77007494
1787883815.425465046	s4-eth14	908451	53388282
1787883815.425465046	s4-eth15	2040823	2360974145
1787883815.425465046	s4-eth16	2366991	201911916
1787883815.425465046	s4-eth17	2177970	183299459
1787883815.425465046	s4-eth18	536711	80228111
1787883815.425465046	s4-eth19	855238	987414615
1787883815.425465046	s4-eth2	329827	326985
1787883815.425465046	s4-eth20	2331696	291470847
1787883815.425465046	s4-eth21	546752	158982302
1787883815.425465046	s4-eth22	1818077	247817400
1787883815.425465046	s4-eth23	1656796	2668854214
1787883815.425465046	s4-eth24	1999246	262770361
1787883815.425465046	s4-eth25	2381517	291907438
1787883815.425465046	s4-eth26	813333	179424507
1787883815.425465046	s4-eth27	2124462	3095781147
1787883815.425465046	s4-eth28	3361554	246529400
1787883815.425465046	s4-eth29	2352510	186110330
1787883815.425465046	s4-eth3	832596	723472022
1787883815.425465046	s4-eth30	3505955	237732399
1787883815.425465046	s4-eth31	1539335	2631055216
1787883815.425465046	s4-eth32	2256408	154097157
1787883815.425465046	s4-eth33	1662105	127432971
1787883815.425465046	s4-eth34	529892	38543083
1787883815.425465046	s4-eth4	587134	89619478
1787883815.425465046	s4-eth5	3237664	255151667
1787883815.425465046	s4-eth6	2274812	197992934
1787883815.425465046	s4-eth7	923328	2520460616
1787883815.425465046	s4-eth8	1087949	117079643
1787883815.425465046	s4-eth9	1198094	130377779
1787883815.425465046	s5-eth1	39035755745	58071960
1787883815.425465046	s5-eth2	12473577605	18134334533
1787883815.425465046	s5-eth3	52981334	29627727218
1787883815.425465046	s5-eth4	341624	327188
1787883815.425465046	s6-eth1	741029166	329897
1787883815.425465046	s6-eth2	329827	203030227
1787883815.425465046	s6-eth3	329827	356733420
1787883815.425465046	s6-eth4	341749	329827
1787883815.425465046	s7-eth1	13326711855	17744147272
1787883815.425465046	s7-eth2	54083249	22563688289
1787883815.425465046	s7-eth3	29009643163	53011776
1787883815.425465046	s7-eth4	341526	329827
1787883815.425465046	s8-eth1	329827	329827
1787883815.425465046	s8-eth2	326985	329827
1787883815.425465046	s8-eth3	329827	327188
1787883815.425465046	s8-eth4	341624	329827
1787883815.425465046	s9-eth1	29632157050	53013398
1787883815.425465046	s9-eth2	356733420	329827
1787883815.425465046	s9-eth3	53018082	29011534535
1787883815.425465046	s9-eth4	327188	329827
1787883821.639458982	s10-eth1	327215	341652
1787883821.639458982	s10-eth2	329854	341777
1787883821.639458982	s10-eth3	329854	341554
1787883821.639458982	s10-eth4	329854	341652
1787883821.639458982	s1-eth1	58109161	39063306327
1787883821.639458982	s1-eth10	64612254	1154190
1787883821.639458982	s1-eth11	3618856224	677186
1787883821.639458982	s1-eth12	273630207	712999
1787883821.639458982	s1-eth13	32263380	291622
1787883821.639458982	s1-eth14	288377522	998427
1787883821.639458982	s1-eth15	2560439723	2436100
1787883821.639458982	s1-eth16	408737648	3001633
1787883821.639458982	s1-eth17	160005754	2484811
1787883821.639458982	s1-eth18	218881062	13374
1787883821.639458982	s1-eth19	11321274354	978220
1787883821.639458982	s1-eth2	329924	741029193
1787883821.639458982	s1-eth20	369110156	1800965
1787883821.639458982	s1-eth21	449030552	3291117
1787883821.639458982	s1-eth22	98668181	1213508
1787883821.639458982	s1-eth23	2674629223	1341407
1787883821.639458982	s1-eth24	317298920	1305894
1787883821.639458982	s1-eth25	236231953	3384209
1787883821.639458982	s1-eth26	384182651	2173676
1787883821.639458982	s1-eth27	2777483405	2121967
1787883821.639458982	s1-eth28	148734345	2299314
1787883821.639458982	s1-eth29	68933701	1126957
1787883821.639458982	s1-eth3	11794400325	5432162
1787883821.639458982	s1-eth30	92546709	1435430
1787883821.639458982	s1-eth31	2621420763	720326
1787883821.639458982	s1-eth32	356884163	1877660
1787883821.639458982	s1-eth33	169494199	2581793
1787883821.639458982	s1-eth34	109885322	1662845
1787883821.639458982	s1-eth4	319365135	1456498
1787883821.639458982	s1-eth5	329090206	1661427
1787883821.639458982	s1-eth6	343921373	1982657
1787883821.639458982	s1-eth7	2784287743	2798739
1787883821.639458982	s1-eth8	356391073	2008374
1787883821.639458982	s1-eth9	121900491	1717264
1787883821.639458982	s2-eth1	18150225908	12481483742
1787883821.639458982	s2-eth10	291091109	1001837
1787883821.639458982	s2-eth11	3667537831	2631063
1787883821.639458982	s2-eth12	60617090	1073903
1787883821.639458982	s2-eth13	90554101	1193814
1787883821.639458982	s2-eth14	69462265	936324
1787883821.639458982	s2-eth15	2513678492	2038615
1787883821.639458982	s2-eth16	384833712	2357668
1787883821.639458982	s2-eth17	366259749	2175632
1787883821.639458982	s2-eth18	248788387	545334
1787883821.639458982	s2-eth19	970065	8687891599
1787883821.639458982	s2-eth2	203030254	329854
1787883821.639458982	s2-eth20	1794545	206197740
1787883821.639458982	s2-eth21	3284542	278404470
1787883821.639458982	s2-eth22	1206062	83055155
1787883821.639458982	s2-eth23	1333311	2401982247
1787883821.639458982	s2-eth24	1298033	147349507
1787883821.639458982	s2-eth25	3378712	217810240
1787883821.639458982	s2-eth26	2166663	212910010
1787883821.639458982	s2-eth27	2113701	2502772889
1787883821.639458982	s2-eth28	2293421	141577261
1787883821.639458982	s2-eth29	1118908	66482452
1787883821.639458982	s2-eth3	1564213007	839974
1787883821.639458982	s2-eth30	1427897	88521408
1787883821.639458982	s2-eth31	712552	2350956474
1787883821.639458982	s2-eth32	1869414	194886839
1787883821.639458982	s2-eth33	2578431	162660838
1787883821.639458982	s2-eth34	1655463	92464090
1787883821.639458982	s2-eth4	266867004	594971
1787883821.639458982	s2-eth5	437354756	3232399
1787883821.639458982	s2-eth6	377976269	2270965
1787883821.639458982	s2-eth7	2680293366	923560
1787883821.639458982	s2-eth8	296427354	1087234
1787883821.639458982	s2-eth9	310373096	1200158
1787883821.639458982	s3-eth1	17760293148	13342136295
1787883821.639458982	s3-eth10	1148669	60837249
1787883821.639458982	s3-eth11	671031	2429945029
1787883821.639458982	s3-eth12	704215	87830439
1787883821.639458982	s3-eth13	282799	17392742
1787883821.639458982	s3-eth14	990382	100221042
1787883821.639458982	s3-eth15	2429915	2260719819
1787883821.639458982	s3-eth16	2997027	212849342
1787883821.639458982	s3-eth17	2483684	139760705
1787883821.639458982	s3-eth18	4572	47644697
1787883821.639458982	s3-eth19	1572647934	863776
1787883821.639458982	s3-eth2	329854	329854
1787883821.639458982	s3-eth20	405363506	2317159
1787883821.639458982	s3-eth21	270269288	539330
1787883821.639458982	s3-eth22	361345624	1821767
1787883821.639458982	s3-eth23	2740983155	1649664
1787883821.639458982	s3-eth24	376159508	2074451
1787883821.639458982	s3-eth25	407910724	2379537
1787883821.639458982	s3-eth26	294234363	819537
1787883821.639458982	s3-eth27	3737313049	2112608
1787883821.639458982	s3-eth28	262994337	3388019
1787883821.639458982	s3-eth29	198839425	2343782
1787883821.639458982	s3-eth3	5426934	8932595409
1787883821.639458982	s3-eth30	253379263	3489010
1787883821.639458982	s3-eth31	2684962475	1527218
1787883821.639458982	s3-eth32	167591939	2252519
1787883821.639458982	s3-eth33	138615687	1664215
1787883821.639458982	s3-eth34	48326776	537880
1787883821.639458982	s3-eth4	1449923	134548160
1787883821.639458982	s3-eth5	1654984	143075157
1787883821.639458982	s3-eth6	1977560	154310509
1787883821.639458982	s3-eth7	2796271	2427383589
1787883821.639458982	s3-eth8	2002719	169818819
1787883821.639458982	s3-eth9	1711024	104126086
1787883821.639458982	s4-eth1	22593331499	54196118
1787883821.639458982	s4-eth10	994626	112155233
1787883821.639458982	s4-eth11	2628433	2774331175
1787883821.639458982	s4-eth12	1070601	58694915
1787883821.639458982	s4-eth13	1194055	77007494
1787883821.639458982	s4-eth14	934848	54183712
1787883821.639458982	s4-eth15	2040823	2364831495
1787883821.639458982	s4-eth16	2366991	201911916
1787883821.639458982	s4-eth17	2177970	183299459
1787883821.639458982	s4-eth18	536711	80228111
1787883821.639458982	s4-eth19	855238	988216367
1787883821.639458982	s4-eth2	329854	327012
1787883821.639458982	s4-eth20	2331696	291470847
1787883821.639458982	s4-eth21	546752	158982302
1787883821.639458982	s4-eth22	1818077	247817400
1787883821.639458982	s4-eth23	1656796	2672969682
1787883821.639458982	s4-eth24	2081201	270687588
1787883821.639458982	s4-eth25	2381517	291907438
1787883821.639458982	s4-eth26	813333	179424507
1787883821.639458982	s4-eth27	2124462	3100040815
1787883821.639458982	s4-eth28	3426842	252424718
1787883821.639458982	s4-eth29	2352510	186110330
1787883821.639458982	s4-eth3	832596	724296846
1787883821.639458982	s4-eth30	3505955	237732399
1787883821.639458982	s4-eth31	1539335	2635428802
1787883821.639458982	s4-eth32	2256408	154097157
1787883821.639458982	s4-eth33	1662105	127432971
1787883821.639458982	s4-eth34	529892	38543083
1787883821.639458982	s4-eth4	587134	89619478
1787883821.639458982	s4-eth5	3237664	255151667
1787883821.639458982	s4-eth6	2290976	198805468
1787883821.639458982	s4-eth7	923328	2524664046
1787883821.639458982	s4-eth8	1087949	117079643
1787883821.639458982	s4-eth9	1198094	130377779
1787883821.639458982	s5-eth1	39103256951	58154744
1787883821.639458982	s5-eth2	12489315555	18165011844
1787883821.639458982	s5-eth3	53033036	29670897779
1787883821.639458982	s5-eth4	341652	327215
1787883821.639458982	s6-eth1	741029193	329924
1787883821.639458982	s6-eth2	329854	203030254
1787883821.639458982	s6-eth3	329854	356733447
1787883821.639458982	s6-eth4	341777	329854
1787883821.639458982	s7-eth1	13355652161	17770919462
1787883821.639458982	s7-eth2	54251648	22606857209
1787883821.639458982	s7-eth3	29051071532	53039198
1787883821.639458982	s7-eth4	341554	329854
1787883821.639458982	s8-eth1	329854	329854
1787883821.639458982	s8-eth2	327012	329854
1787883821.639458982	s8-eth3	329854	327215
1787883821.639458982	s8-eth4	341652	329854
1787883821.639458982	s9-eth1	29673114049	53035372
1787883821.639458982	s9-eth2	356733447	329854
1787883821.639458982	s9-eth3	53040236	29051991088
1787883821.639458982	s9-eth4	327215	329881
1787883828.286334645	s10-eth1	327242	341680
1787883828.286334645	s10-eth2	329881	341805
1787883828.286334645	s10-eth3	329881	341582
1787883828.286334645	s10-eth4	329881	341680
1787883828.286334645	s1-eth1	58183715	39129574112
1787883828.286334645	s1-eth10	64612254	1154190
1787883828.286334645	s1-eth11	3623164920	677186
1787883828.286334645	s1-eth12	273630207	712999
1787883828.286334645	s1-eth13	32263380	291622
1787883828.286334645	s1-eth14	288377522	998427
1787883828.286334645	s1-eth15	2564785911	2436100
1787883828.286334645	s1-eth16	408737648	3001633
1787883828.286334645	s1-eth17	160005754	2484811
1787883828.286334645	s1-eth18	218881062	13374
1787883828.286334645	s1-eth19	11338709576	978220
1787883828.286334645	s1-eth2	329951	741029220
1787883828.286334645	s1-eth20	369110156	1800965
1787883828.286334645	s1-eth21	449030552	3291117
1787883828.286334645	s1-eth22	99471237	1226926
1787883828.286334645	s1-eth23	2679025881	1341407
1787883828.286334645	s1-eth24	317298920	1305894
1787883828.286334645	s1-eth25	237570474	3403961
1787883828.286334645	s1-eth26	384182651	2173676
1787883828.286334645	s1-eth27	2781838245	2121967
1787883828.286334645	s1-eth28	148734345	2299314
1787883828.286334645	s1-eth29	68933701	1126957
1787883828.286334645	s1-eth3	11811844199	5432162
1787883828.286334645	s1-eth30	92546709	1435430
1787883828.286334645	s1-eth31	2625788581	720326
1787883828.286334645	s1-eth32	356884163	1877660
1787883828.286334645	s1-eth33	174418100	2636154
1787883828.286334645	s1-eth34	109885322	1662845
1787883828.286334645	s1-eth4	319365135	1456498
1787883828.286334645	s1-eth5	329090206	1661427
1787883828.286334645	s1-eth6	343921373	1982657
1787883828.286334645	s1-eth7	2788665655	2798739
1787883828.286334645	s1-eth8	356391073	2008374
1787883828.286334645	s1-eth9	121900491	1717264
1787883828.286334645	s2-eth1	18185891090	12497209773
1787883828.286334645	s2-eth10	291091109	1001837
1787883828.286334645	s2-eth11	3671888345	2631063
1787883828.286334645	s2-eth12	60617090	1073903
1787883828.286334645	s2-eth13	90554101	1193814
1787883828.286334645	s2-eth14	69462265	936324
1787883828.286334645	s2-eth15	2518013144	2038615
1787883828.286334645	s2-eth16	384833712	2357668
1787883828.286334645	s2-eth17	366259749	2175632
1787883828.286334645	s2-eth18	248788387	545334
1787883828.286334645	s2-eth19	970065	8703395983
1787883828.286334645	s2-eth2	203030281	329881
1787883828.286334645	s2-eth20	1794545	206197740
1787883828.286334645	s2-eth21	3284542	278404470
1787883828.286334645	s2-eth22	1245898	86067137
1787883828.286334645	s2-eth23	1333311	2406018405
1787883828.286334645	s2-eth24	1298033	147349507
1787883828.286334645	s2-eth25	3398464	219067984
1787883828.286334645	s2-eth26	2166663	212910010
1787883828.286334645	s2-eth27	2113701	2506876821
1787883828.286334645	s2-eth28	2293421	141577261
1787883828.286334645	s2-eth29	1118908	66482452
1787883828.286334645	s2-eth3	1565130119	839974
1787883828.286334645	s2-eth30	1427897	88521408
1787883828.286334645	s2-eth31	712552	2355118086
1787883828.286334645	s2-eth32	1869414	194886839
1787883828.286334645	s2-eth33	2632178	167488459
1787883828.286334645	s2-eth34	1655463	92464090
1787883828.286334645	s2-eth4	266867004	594971
1787883828.286334645	s2-eth5	437354756	3232399
1787883828.286334645	s2-eth6	379643676	2300035
1787883828.286334645	s2-eth7	2685004380	923560
1787883828.286334645	s2-eth8	296427354	1087234
1787883828.286334645	s2-eth9	310373096	1200158
1787883828.286334645	s3-eth1	17791797423	13371656116
1787883828.286334645	s3-eth10	1148669	60837249
1787883828.286334645	s3-eth11	671031	2434158553
1787883828.286334645	s3-eth12	704215	87830439
1787883828.286334645	s3-eth13	282799	17392742
1787883828.286334645	s3-eth14	1017756	101752594
1787883828.286334645	s3-eth15	2429915	2264947763
1787883828.286334645	s3-eth16	3010577	213397008
1787883828.286334645	s3-eth17	2483684	139760705
1787883828.286334645	s3-eth18	4572	47644697
1787883828.286334645	s3-eth19	1573592444	863776
1787883828.286334645	s3-eth2	329881	329881
1787883828.286334645	s3-eth20	405363506	2317159
1787883828.286334645	s3-eth21	270269288	539330
1787883828.286334645	s3-eth22	361345624	1821767
1787883828.286334645	s3-eth23	2750144155	1717314
1787883828.286334645	s3-eth24	376159508	2074451
1787883828.286334645	s3-eth25	407910724	2379537
1787883828.286334645	s3-eth26	294234363	819537
1787883828.286334645	s3-eth27	3742006759	2112608
1787883828.286334645	s3-eth28	271490815	3463219
1787883828.286334645	s3-eth29	198839425	2343782
1787883828.286334645	s3-eth3	5426934	8949136591
1787883828.286334645	s3-eth30	253379263	3489010
1787883828.286334645	s3-eth31	2689607157	1527218
1787883828.286334645	s3-eth32	167591939	2252519
1787883828.286334645	s3-eth33	138615687	1664215
1787883828.286334645	s3-eth34	48326776	537880
1787883828.286334645	s3-eth4	1449923	134548160
1787883828.286334645	s3-eth5	1654984	143075157
1787883828.286334645	s3-eth6	1977560	154310509
1787883828.286334645	s3-eth7	2796271	2431638931
1787883828.286334645	s3-eth8	2002719	169818819
1787883828.286334645	s3-eth9	1711024	104126086
1787883828.286334645	s4-eth1	22635542164	54358094
1787883828.286334645	s4-eth10	994626	112155233
1787883828.286334645	s4-eth11	2628433	2778716297
1787883828.286334645	s4-eth12	1070601	58694915
1787883828.286334645	s4-eth13	1194055	77007494
1787883828.286334645	s4-eth14	934848	54183712
1787883828.286334645	s4-eth15	2040823	2369034925
1787883828.286334645	s4-eth16	2366991	201911916
1787883828.286334645	s4-eth17	2177970	183299459
1787883828.286334645	s4-eth18	536711	80228111
1787883828.286334645	s4-eth19	855238	989068589
1787883828.286334645	s4-eth2	329908	327066
1787883828.286334645	s4-eth20	2331696	291470847
1787883828.286334645	s4-eth21	546752	158982302
1787883828.286334645	s4-eth22	1818077	247817400
1787883828.286334645	s4-eth23	1725898	2681399284
1787883828.286334645	s4-eth24	2081201	270687588
1787883828.286334645	s4-eth25	2381517	291907438
1787883828.286334645	s4-eth26	813333	179424507
1787883828.286334645	s4-eth27	2124462	3104039481
1787883828.286334645	s4-eth28	3472468	256852762
1787883828.286334645	s4-eth29	2352510	186110330
1787883828.286334645	s4-eth3	832596	725065432
1787883828.286334645	s4-eth30	3505955	237732399
1787883828.286334645	s4-eth31	1539335	2639252986
1787883828.286334645	s4-eth32	2256408	154097157
1787883828.286334645	s4-eth33	1662105	127432971
1787883828.286334645	s4-eth34	529892	38543083
1787883828.286334645	s4-eth4	587134	89619478
1787883828.286334645	s4-eth5	3237664	255151667
1787883828.286334645	s4-eth6	2303882	199602673
1787883828.286334645	s4-eth7	923328	2528251742
1787883828.286334645	s4-eth8	1087949	117079643
1787883828.286334645	s4-eth9	1198094	130377779
1787883828.286334645	s5-eth1	39170409696	58341825
1787883828.286334645	s5-eth2	12502040625	18201449722
1787883828.286334645	s5-eth3	53114222	29713491886
1787883828.286334645	s5-eth4	341708	327269
1787883828.286334645	s6-eth1	741029247	329978
1787883828.286334645	s6-eth2	329908	203030308
1787883828.286334645	s6-eth3	329908	356733501
1787883828.286334645	s6-eth4	341833	329908
1787883828.286334645	s7-eth1	13374128625	17799797911
1787883828.286334645	s7-eth2	54358094	22637131248
1787883828.286334645	s7-eth3	29092438418	53121806
1787883828.286334645	s7-eth4	341610	329908
1787883828.286334645	s8-eth1	329908	329908
1787883828.286334645	s8-eth2	327066	329908
1787883828.286334645	s8-eth3	329908	327269
1787883828.286334645	s8-eth4	341708	329908
1787883828.286334645	s9-eth1	29714446835	53117528
1787883828.286334645	s9-eth2	356733501	329908
1787883828.286334645	s9-eth3	53122080	29092900074
1787883828.286334645	s9-eth4	327269	329908
1787883833.801557558	s10-eth1	327269	341708
1787883833.801557558	s10-eth2	329908	341833
1787883833.801557558	s10-eth3	329908	341610
1787883833.801557558	s10-eth4	329908	341708
1787883833.801557558	s1-eth1	58425963	39196902210
1787883833.801557558	s1-eth10	64612254	1154190
1787883833.801557558	s1-eth11	3626687726	677186
1787883833.801557558	s1-eth12	273630207	712999
1787883833.801557558	s1-eth13	32263380	291622
1787883833.801557558	s1-eth14	291381610	1042857
1787883833.801557558	s1-eth15	2568281319	2436100
1787883833.801557558	s1-eth16	412175336	3051445
1787883833.801557558	s1-eth17	160005754	2484811
1787883833.801557558	s1-eth18	218881062	13374
1787883833.801557558	s1-eth19	11352499422	978220
1787883833.801557558	s1-eth2	329978	741029247
1787883833.801557558	s1-eth20	369110156	1800965
1787883833.801557558	s1-eth21	449030552	3291117
1787883833.801557558	s1-eth22	106288126	1304373
1787883833.801557558	s1-eth23	2682392951	1341407
1787883833.801557558	s1-eth24	317298920	1305894
1787883833.801557558	s1-eth25	237570474	3403961
1787883833.801557558	s1-eth26	384182651	2173676
1787883833.801557558	s1-eth27	2785211083	2121967
1787883833.801557558	s1-eth28	148734345	2299314
1787883833.801557558	s1-eth29	72678387	1172957
1787883833.801557558	s1-eth3	11825299501	5432162
1787883833.801557558	s1-eth30	92546709	1435430
1787883833.801557558	s1-eth31	2629161419	720326
1787883833.801557558	s1-eth32	356884163	1877660
1787883833.801557558	s1-eth33	174418100	2636154
1787883833.801557558	s1-eth34	109885322	1662845
1787883833.801557558	s1-eth4	319365135	1456498
1787883833.801557558	s1-eth5	331206098	1697375
1787883833.801557558	s1-eth6	343921373	1982657
1787883833.801557558	s1-eth7	2792058681	2798739
1787883833.801557558	s1-eth8	356391073	2008374
1787883833.801557558	s1-eth9	121900491	1717264
1787883833.801557558	s2-eth1	18219092264	12508240051
1787883833.801557558	s2-eth10	291091109	1001837
1787883833.801557558	s2-eth11	3675288581	2631063
1787883833.801557558	s2-eth12	60617090	1073903
1787883833.801557558	s2-eth13	90554101	1193814
1787883833.801557558	s2-eth14	69462265	936324
1787883833.801557558	s2-eth15	2521374446	2038615
1787883833.801557558	s2-eth16	384833712	2357668
1787883833.801557558	s2-eth17	366259749	2175632
1787883833.801557558	s2-eth18	248788387	545334
1787883833.801557558	s2-eth19	970065	8716287463
1787883833.801557558	s2-eth2	203030308	329908
1787883833.801557558	s2-eth20	1794545	206197740
1787883833.801557558	s2-eth21	3284542	278404470
1787883833.801557558	s2-eth22	1296927	90417720
1787883833.801557558	s2-eth23	1333311	2409189363
1787883833.801557558	s2-eth24	1298033	147349507
1787883833.801557558	s2-eth25	3398464	219067984
1787883833.801557558	s2-eth26	2166663	212910010
1787883833.801557558	s2-eth27	2113701	2510000193
1787883833.801557558	s2-eth28	2293421	141577261
1787883833.801557558	s2-eth29	1180240	71752950
1787883833.801557558	s2-eth3	1565758831	839974
1787883833.801557558	s2-eth30	1427897	88521408
1787883833.801557558	s2-eth31	712552	2358154938
1787883833.801557558	s2-eth32	1869414	194886839
1787883833.801557558	s2-eth33	2632178	167488459
1787883833.801557558	s2-eth34	1655463	92464090
1787883833.801557558	s2-eth4	266867004	594971
1787883833.801557558	s2-eth5	437354756	3232399
1787883833.801557558	s2-eth6	379643676	2300035
1787883833.801557558	s2-eth7	2688018160	923560
1787883833.801557558	s2-eth8	296427354	1087234
1787883833.801557558	s2-eth9	310373096	1200158
1787883833.801557558	s3-eth1	17819257468	13387125179
1787883833.801557558	s3-eth10	1148669	60837249
1787883833.801557558	s3-eth11	671031	2437069951
1787883833.801557558	s3-eth12	704215	87830439
1787883833.801557558	s3-eth13	282799	17392742
1787883833.801557558	s3-eth14	1034812	103103943
1787883833.801557558	s3-eth15	2429915	2267847625
1787883833.801557558	s3-eth16	3047103	216084080
1787883833.801557558	s3-eth17	2483684	139760705
1787883833.801557558	s3-eth18	4572	47644697
1787883833.801557558	s3-eth19	1574187990	863776
1787883833.801557558	s3-eth2	329908	329908
1787883833.801557558	s3-eth20	411902124	2392137
1787883833.801557558	s3-eth21	270269288	539330
1787883833.801557558	s3-eth22	361345624	1821767
1787883833.801557558	s3-eth23	2753113233	1717314
1787883833.801557558	s3-eth24	376159508	2074451
1787883833.801557558	s3-eth25	407910724	2379537
1787883833.801557558	s3-eth26	294234363	819537
1787883833.801557558	s3-eth27	3744916715	2112608
1787883833.801557558	s3-eth28	271490815	3463219
1787883833.801557558	s3-eth29	198839425	2343782
1787883833.801557558	s3-eth3	5426934	8960453407
1787883833.801557558	s3-eth30	253379263	3489010
1787883833.801557558	s3-eth31	2692550279	1527218
1787883833.801557558	s3-eth32	167591939	2252519
1787883833.801557558	s3-eth33	138615687	1664215
1787883833.801557558	s3-eth34	48326776	537880
1787883833.801557558	s3-eth4	1449923	134548160
1787883833.801557558	s3-eth5	1719276	147498385
1787883833.801557558	s3-eth6	1977560	154310509
1787883833.801557558	s3-eth7	2796271	2434524373
1787883833.801557558	s3-eth8	2002719	169818819
1787883833.801557558	s3-eth9	1711024	104126086
1787883833.801557558	s4-eth1	22662766856	54448230
1787883833.801557558	s4-eth10	994626	112155233
1787883833.801557558	s4-eth11	2628433	2781743055
1787883833.801557558	s4-eth12	1070601	58694915
1787883833.801557558	s4-eth13	1194055	77007494
1787883833.801557558	s4-eth14	934848	54183712
1787883833.801557558	s4-eth15	2040823	2372122247
1787883833.801557558	s4-eth16	2366991	201911916
1787883833.801557558	s4-eth17	2177970	183299459
1787883833.801557558	s4-eth18	536711	80228111
1787883833.801557558	s4-eth19	855238	989707395
1787883833.801557558	s4-eth2	329935	327093
1787883833.801557558	s4-eth20	2421832	299362071
1787883833.801557558	s4-eth21	546752	158982302
1787883833.801557558	s4-eth22	1818077	247817400
1787883833.801557558	s4-eth23	1725898	2684616386
1787883833.801557558	s4-eth24	2081201	270687588
1787883833.801557558	s4-eth25	2381517	291907438
1787883833.801557558	s4-eth26	813333	179424507
1787883833.801557558	s4-eth27	2124462	3107285423
1787883833.801557558	s4-eth28	3472468	256852762
1787883833.801557558	s4-eth29	2352510	186110330
1787883833.801557558	s4-eth3	832596	725721542
1787883833.801557558	s4-eth30	3505955	237732399
1787883833.801557558	s4-eth31	1539335	2642611404
1787883833.801557558	s4-eth32	2256408	154097157
1787883833.801557558	s4-eth33	1662105	127432971
1787883833.801557558	s4-eth34	529892	38543083
1787883833.801557558	s4-eth4	587134	89619478
1787883833.801557558	s4-eth5	3237664	255151667
1787883833.801557558	s4-eth6	2303882	199602673
1787883833.801557558	s4-eth7	923328	2531718310
1787883833.801557558	s4-eth8	1087949	117079643
1787883833.801557558	s4-eth9	1198094	130377779
1787883833.801557558	s5-eth1	39232745227	58512428
1787883833.801557558	s5-eth2	12513329396	18230862859
1787883833.801557558	s5-eth3	53222965	29756443515
1787883833.801557558	s5-eth4	341736	327296
1787883833.801557558	s6-eth1	741029274	330005
1787883833.801557558	s6-eth2	329935	203030335
1787883833.801557558	s6-eth3	329935	356733528
1787883833.801557558	s6-eth4	341861	329935
1787883833.801557558	s7-eth1	13393495275	17831375888
1787883833.801557558	s7-eth2	54448257	22667617771
1787883833.801557558	s7-eth3	29135682138	53230047
1787883833.801557558	s7-eth4	341638	329935
1787883833.801557558	s8-eth1	329935	329935
1787883833.801557558	s8-eth2	327093	329935
1787883833.801557558	s8-eth3	329935	327296
1787883833.801557558	s8-eth4	341736	329935
1787883833.801557558	s9-eth1	29758964201	53225495
1787883833.801557558	s9-eth2	356733528	329935
1787883833.801557558	s9-eth3	53230047	29137712474
1787883833.801557558	s9-eth4	327296	329935
1787883839.612002474	s10-eth1	327296	341736
1787883839.612002474	s10-eth2	329935	341861
1787883839.612002474	s10-eth3	329935	341638
1787883839.612002474	s10-eth4	329935	341736
1787883839.612002474	s1-eth1	58585041	39259777262
1787883839.612002474	s1-eth10	64612254	1154190
1787883839.612002474	s1-eth11	3630454230	677186
1787883839.612002474	s1-eth12	273630207	712999
1787883839.612002474	s1-eth13	32263380	291622
1787883839.612002474	s1-eth14	291381610	1042857
1787883839.612002474	s1-eth15	2572059359	2436100
1787883839.612002474	s1-eth16	412175336	3051445
1787883839.612002474	s1-eth17	160005754	2484811
1787883839.612002474	s1-eth18	218881062	13374
1787883839.612002474	s1-eth19	11367771644	978220
1787883839.612002474	s1-eth2	330005	741029274
1787883839.612002474	s1-eth20	369110156	1800965
1787883839.612002474	s1-eth21	449030552	3291117
1787883839.612002474	s1-eth22	106288126	1304373
1787883839.612002474	s1-eth23	2686286351	1341407
1787883839.612002474	s1-eth24	317298920	1305894
1787883839.612002474	s1-eth25	237570474	3403961
1787883839.612002474	s1-eth26	384182651	2173676
1787883839.612002474	s1-eth27	2790440497	2154835
1787883839.612002474	s1-eth28	148734345	2299314
1787883839.612002474	s1-eth29	76005639	1220358
1787883839.612002474	s1-eth3	11841301375	5432162
1787883839.612002474	s1-eth30	92971762	1446624
1787883839.612002474	s1-eth31	2633135571	720326
1787883839.612002474	s1-eth32	356884163	1877660
1787883839.612002474	s1-eth33	174418100	2636154
1787883839.612002474	s1-eth34	109885322	1662845
1787883839.612002474	s1-eth4	319365135	1456498
1787883839.612002474	s1-eth5	335265926	1746657
1787883839.612002474	s1-eth6	343921373	1982657
1787883839.612002474	s1-eth7	2796058789	2798739
1787883839.612002474	s1-eth8	356391073	2008374
1787883839.612002474	s1-eth9	121900491	1717264
1787883839.612002474	s2-eth1	18249433117	12521139501
1787883839.612002474	s2-eth10	291091109	1001837
1787883839.612002474	s2-eth11	3679311761	2631063
1787883839.612002474	s2-eth12	60617090	1073903
1787883839.612002474	s2-eth13	90554101	1193814
1787883839.612002474	s2-eth14	69462265	936324
1787883839.612002474	s2-eth15	2525438002	2038615
1787883839.612002474	s2-eth16	384833712	2357668
1787883839.612002474	s2-eth17	366259749	2175632
1787883839.612002474	s2-eth18	248788387	545334
1787883839.612002474	s2-eth19	970065	8731649089
1787883839.612002474	s2-eth2	203030335	329935
1787883839.612002474	s2-eth20	1794545	206197740
1787883839.612002474	s2-eth21	3284542	278404470
1787883839.612002474	s2-eth22	1296927	90417720
1787883839.612002474	s2-eth23	1333311	2413051039
1787883839.612002474	s2-eth24	1298033	147349507
1787883839.612002474	s2-eth25	3398464	219067984
1787883839.612002474	s2-eth26	2166663	212910010
1787883839.612002474	s2-eth27	2149534	2515063571
1787883839.612002474	s2-eth28	2293421	141577261
1787883839.612002474	s2-eth29	1212309	73304895
1787883839.612002474	s2-eth3	1566585097	839974
1787883839.612002474	s2-eth30	1452207	89501930
1787883839.612002474	s2-eth31	712552	2362045454
1787883839.612002474	s2-eth32	1869414	194886839
1787883839.612002474	s2-eth33	2632178	167488459
1787883839.612002474	s2-eth34	1655463	92464090
1787883839.612002474	s2-eth4	266867004	594971
1787883839.612002474	s2-eth5	437354756	3232399
1787883839.612002474	s2-eth6	379643676	2300035
1787883839.612002474	s2-eth7	2692270618	923560
1787883839.612002474	s2-eth8	296427354	1087234
1787883839.612002474	s2-eth9	310373096	1200158
1787883839.612002474	s3-eth1	17849923603	13407204042
1787883839.612002474	s3-eth10	1148669	60837249
1787883839.612002474	s3-eth11	671031	2440977771
1787883839.612002474	s3-eth12	704215	87830439
1787883839.612002474	s3-eth13	282799	17392742
1787883839.612002474	s3-eth14	1034812	103103943
1787883839.612002474	s3-eth15	2429915	2271814567
1787883839.612002474	s3-eth16	3047103	216084080
1787883839.612002474	s3-eth17	2483684	139760705
1787883839.612002474	s3-eth18	4572	47644697
1787883839.612002474	s3-eth19	1575058958	863776
1787883839.612002474	s3-eth2	329962	329962
1787883839.612002474	s3-eth20	413354326	2406509
1787883839.612002474	s3-eth21	270269288	539330
1787883839.612002474	s3-eth22	361345624	1821767
1787883839.612002474	s3-eth23	2757452211	1717314
1787883839.612002474	s3-eth24	376159508	2074451
1787883839.612002474	s3-eth25	407910724	2379537
1787883839.612002474	s3-eth26	294234363	819537
1787883839.612002474	s3-eth27	3749347981	2112608
1787883839.612002474	s3-eth28	271490815	3463219
1787883839.612002474	s3-eth29	203013286	2393097
1787883839.612002474	s3-eth3	5426934	8976572083
1787883839.612002474	s3-eth30	253379263	3489010
1787883839.612002474	s3-eth31	2697010385	1527218
1787883839.612002474	s3-eth32	167591939	2252519
1787883839.612002474	s3-eth33	138615687	1664215
1787883839.612002474	s3-eth34	48326776	537880
1787883839.612002474	s3-eth4	1449923	134548160
1787883839.612002474	s3-eth5	1740412	149029833
1787883839.612002474	s3-eth6	1977560	154310509
1787883839.612002474	s3-eth7	2796271	2438606675
1787883839.612002474	s3-eth8	2002719	169818819
1787883839.612002474	s3-eth9	1711024	104126086
1787883839.612002474	s4-eth1	22695149989	54497731
1787883839.612002474	s4-eth10	994626	112155233
1787883839.612002474	s4-eth11	2628433	2786077707
1787883839.612002474	s4-eth12	1070601	58694915
1787883839.612002474	s4-eth13	1194055	77007494
1787883839.612002474	s4-eth14	934848	54183712
1787883839.612002474	s4-eth15	2040823	2376438153
1787883839.612002474	s4-eth16	2366991	201911916
1787883839.612002474	s4-eth17	2177970	183299459
1787883839.612002474	s4-eth18	536711	80228111
1787883839.612002474	s4-eth19	855238	990605761
1787883839.612002474	s4-eth2	329962	327120
1787883839.612002474	s4-eth20	2421832	299362071
1787883839.612002474	s4-eth21	546752	158982302
1787883839.612002474	s4-eth22	1818077	247817400
1787883839.612002474	s4-eth23	1725898	2689141382
1787883839.612002474	s4-eth24	2081201	270687588
1787883839.612002474	s4-eth25	2381517	291907438
1787883839.612002474	s4-eth26	813333	179424507
1787883839.612002474	s4-eth27	2124462	3111836375
1787883839.612002474	s4-eth28	3472468	256852762
1787883839.612002474	s4-eth29	2401957	190167123
1787883839.612002474	s4-eth3	832596	726591068
1787883839.612002474	s4-eth30	3505955	237732399
1787883839.612002474	s4-eth31	1539335	2647106118
1787883839.612002474	s4-eth32	2256408	154097157
1787883839.612002474	s4-eth33	1662105	127432971
1787883839.612002474	s4-eth34	529892	38543083
1787883839.612002474	s4-eth4	587134	89619478
1787883839.612002474	s4-eth5	3237664	255151667
1787883839.612002474	s4-eth6	2303882	199602673
1787883839.612002474	s4-eth7	923328	2535952022
1787883839.612002474	s4-eth8	1087949	117079643
1787883839.612002474	s4-eth9	1198094	130377779
1787883839.612002474	s5-eth1	39301280011	58700273
1787883839.612002474	s5-eth2	12527714089	18267029215
1787883839.612002474	s5-eth3	53234114	29799359734
1787883839.612002474	s5-eth4	341764	327323
1787883839.612002474	s6-eth1	741029301	330032
1787883839.612002474	s6-eth2	329962	203030362
1787883839.612002474	s6-eth3	329962	356733555
1787883839.612002474	s6-eth4	341889	329962
1787883839.612002474	s7-eth1	13411917234	17859295413
1787883839.612002474	s7-eth2	54497731	22699777367
1787883839.612002474	s7-eth3	29178430503	53243070
1787883839.612002474	s7-eth4	341666	329962
1787883839.612002474	s8-eth1	329962	329962
1787883839.612002474	s8-eth2	327120	329962
1787883839.612002474	s8-eth3	329962	327323
1787883839.612002474	s8-eth4	341764	329962
1787883839.612002474	s9-eth1	29802090006	53239244
1787883839.612002474	s9-eth2	356733555	329962
1787883839.612002474	s9-eth3	53243796	29179992907
1787883839.612002474	s9-eth4	327323	329962
1787883846.706116006	s10-eth1	327350	341792
1787883846.706116006	s10-eth2	329989	341917
1787883846.706116006	s10-eth3	329989	341694
1787883846.706116006	s10-eth4	329989	341792
1787883846.706116006	s1-eth1	58734114	39324622904
1787883846.706116006	s1-eth10	64612254	1154190
1787883846.706116006	s1-eth11	3635080166	677186
1787883846.706116006	s1-eth12	273630207	712999
1787883846.706116006	s1-eth13	32263380	291622
1787883846.706116006	s1-eth14	291381610	1042857
1787883846.706116006	s1-eth15	2576695389	2436100
1787883846.706116006	s1-eth16	412175336	3051445
1787883846.706116006	s1-eth17	160005754	2484811
1787883846.706116006	s1-eth18	218881062	13374
1787883846.706116006	s1-eth19	11386259526	978220
1787883846.706116006	s1-eth2	330059	741029328
1787883846.706116006	s1-eth20	369110156	1800965
1787883846.706116006	s1-eth21	449030552	3291117
1787883846.706116006	s1-eth22	106288126	1304373
1787883846.706116006	s1-eth23	2690961315	1341407
1787883846.706116006	s1-eth24	317298920	1305894
1787883846.706116006	s1-eth25	237570474	3403961
1787883846.706116006	s1-eth26	384633643	2185933
1787883846.706116006	s1-eth27	2796171808	2180711
1787883846.706116006	s1-eth28	148734345	2299314
1787883846.706116006	s1-eth29	76005639	1220358
1787883846.706116006	s1-eth3	11859767627	5432162
1787883846.706116006	s1-eth30	96215676	1512562
1787883846.706116006	s1-eth31	2637773043	720326
1787883846.706116006	s1-eth32	356884163	1877660
1787883846.706116006	s1-eth33	174418100	2636154
1787883846.706116006	s1-eth34	110989600	1686621
1787883846.706116006	s1-eth4	319365135	1456498
1787883846.706116006	s1-eth5	335265926	1746657
1787883846.706116006	s1-eth6	344374643	1998521
1787883846.706116006	s1-eth7	2800647233	2798739
1787883846.706116006	s1-eth8	356391073	2008374
1787883846.706116006	s1-eth9	121900491	1717264
1787883846.706116006	s2-eth1	18281030721	12536174976
1787883846.706116006	s2-eth10	291091109	1001837
1787883846.706116006	s2-eth11	3684008355	2631063
1787883846.706116006	s2-eth12	60617090	1073903
1787883846.706116006	s2-eth13	90554101	1193814
1787883846.706116006	s2-eth14	69462265	936324
1787883846.706116006	s2-eth15	2530205254	2038615
1787883846.706116006	s2-eth16	384833712	2357668
1787883846.706116006	s2-eth17	366259749	2175632
1787883846.706116006	s2-eth18	248788387	545334
1787883846.706116006	s2-eth19	970065	8745376929
1787883846.706116006	s2-eth2	203030389	329989
1787883846.706116006	s2-eth20	1794545	206197740
1787883846.706116006	s2-eth21	3284542	278404470
1787883846.706116006	s2-eth22	1296927	90417720
1787883846.706116006	s2-eth23	1333311	2417219861
1787883846.706116006	s2-eth24	1298033	147349507
1787883846.706116006	s2-eth25	3400908	219114434
1787883846.706116006	s2-eth26	2178920	213332869
1787883846.706116006	s2-eth27	2172565	2520011110
1787883846.706116006	s2-eth28	2308755	141923417
1787883846.706116006	s2-eth29	1212309	73304895
1787883846.706116006	s2-eth3	1567555563	839974
1787883846.706116006	s2-eth30	1516359	92335095
1787883846.706116006	s2-eth31	712552	2366147944
1787883846.706116006	s2-eth32	1869414	194886839
1787883846.706116006	s2-eth33	2632178	167488459
1787883846.706116006	s2-eth34	1679239	93483451
1787883846.706116006	s2-eth4	266867004	594971
1787883846.706116006	s2-eth5	437354756	3232399
1787883846.706116006	s2-eth6	379643676	2300035
1787883846.706116006	s2-eth7	2697052290	923560
1787883846.706116006	s2-eth8	296427354	1087234
1787883846.706116006	s2-eth9	310373096	1200158
1787883846.706116006	s3-eth1	17874726967	13422361811
1787883846.706116006	s3-eth10	1148669	60837249
1787883846.706116006	s3-eth11	671031	2444810607
1787883846.706116006	s3-eth12	704215	87830439
1787883846.706116006	s3-eth13	282799	17392742
1787883846.706116006	s3-eth14	1034812	103103943
1787883846.706116006	s3-eth15	2429915	2275510413
1787883846.706116006	s3-eth16	3057749	216462306
1787883846.706116006	s3-eth17	2483684	139760705
1787883846.706116006	s3-eth18	4572	47644697
1787883846.706116006	s3-eth19	1575991932	863776
1787883846.706116006	s3-eth2	329989	329989
1787883846.706116006	s3-eth20	413354326	2406509
1787883846.706116006	s3-eth21	270269288	539330
1787883846.706116006	s3-eth22	361345624	1821767
1787883846.706116006	s3-eth23	2762094009	1717314
1787883846.706116006	s3-eth24	376159508	2074451
1787883846.706116006	s3-eth25	407910724	2379537
1787883846.706116006	s3-eth26	294234363	819537
1787883846.706116006	s3-eth27	3753917679	2112608
1787883846.706116006	s3-eth28	271490815	3463219
1787883846.706116006	s3-eth29	203013286	2393097
1787883846.706116006	s3-eth3	5426934	8988286891
1787883846.706116006	s3-eth30	253379263	3489010
1787883846.706116006	s3-eth31	2701500773	1527218
1787883846.706116006	s3-eth32	167591939	2252519
1787883846.706116006	s3-eth33	138615687	1664215
1787883846.706116006	s3-eth34	48326776	537880
1787883846.706116006	s3-eth4	1449923	134548160
1787883846.706116006	s3-eth5	1740412	149029833
1787883846.706116006	s3-eth6	1993424	154714924
1787883846.706116006	s3-eth7	2796271	2442066033
1787883846.706116006	s3-eth8	2002719	169818819
1787883846.706116006	s3-eth9	1711024	104126086
1787883846.706116006	s4-eth1	22722000056	54497758
1787883846.706116006	s4-eth10	994626	112155233
1787883846.706116006	s4-eth11	2628433	2790134053
1787883846.706116006	s4-eth12	1070601	58694915
1787883846.706116006	s4-eth13	1194055	77007494
1787883846.706116006	s4-eth14	934848	54183712
1787883846.706116006	s4-eth15	2040823	2380433935
1787883846.706116006	s4-eth16	2366991	201911916
1787883846.706116006	s4-eth17	2177970	183299459
1787883846.706116006	s4-eth18	536711	80228111
1787883846.706116006	s4-eth19	855238	991430585
1787883846.706116006	s4-eth2	329989	327147
1787883846.706116006	s4-eth20	2421832	299362071
1787883846.706116006	s4-eth21	546752	158982302
1787883846.706116006	s4-eth22	1818077	247817400
1787883846.706116006	s4-eth23	1725898	2693180424
1787883846.706116006	s4-eth24	2081201	270687588
1787883846.706116006	s4-eth25	2381517	291907438
1787883846.706116006	s4-eth26	813333	179424507
1787883846.706116006	s4-eth27	2124462	3115809085
1787883846.706116006	s4-eth28	3472468	256852762
1787883846.706116006	s4-eth29	2401957	190167123
1787883846.706116006	s4-eth3	832596	727353886
1787883846.706116006	s4-eth30	3505955	237732399
1787883846.706116006	s4-eth31	1539335	2651035568
1787883846.706116006	s4-eth32	2256408	154097157
1787883846.706116006	s4-eth33	1662105	127432971
1787883846.706116006	s4-eth34	529892	38543083
1787883846.706116006	s4-eth4	587134	89619478
1787883846.706116006	s4-eth5	3237664	255151667
1787883846.706116006	s4-eth6	2303882	199602673
1787883846.706116006	s4-eth7	923328	2539691128
1787883846.706116006	s4-eth8	1087949	117079643
1787883846.706116006	s4-eth9	1198094	130377779
1787883846.706116006	s5-eth1	39352960687	58840268
1787883846.706116006	s5-eth2	12540339636	18292764359
1787883846.706116006	s5-eth3	53261275	29833246987
1787883846.706116006	s5-eth4	341792	327350
1787883846.706116006	s6-eth1	741029328	330059
1787883846.706116006	s6-eth2	329989	203030389
1787883846.706116006	s6-eth3	329989	356733582
1787883846.706116006	s6-eth4	341917	329989
1787883846.706116006	s7-eth1	13424374371	17879491731
1787883846.706116006	s7-eth2	54497758	22724090956
1787883846.706116006	s7-eth3	29210798878	53266955
1787883846.706116006	s7-eth4	341694	329989
1787883846.706116006	s8-eth1	329989	329989
1787883846.706116006	s8-eth2	327147	329989
1787883846.706116006	s8-eth3	329989	327350
1787883846.706116006	s8-eth4	341792	329989
1787883846.706116006	s9-eth1	29834747023	53263333
1787883846.706116006	s9-eth2	356733582	329989
1787883846.706116006	s9-eth3	53268083	29211570994
1787883846.706116006	s9-eth4	327350	329989
1787883852.365148339	s10-eth1	327377	341820
1787883852.365148339	s10-eth2	330016	341945
1787883852.365148339	s10-eth3	330016	341722
1787883852.365148339	s10-eth4	330016	341820
1787883852.365148339	s1-eth1	58963556	39382497682
1787883852.365148339	s1-eth10	64612254	1154190
1787883852.365148339	s1-eth11	3638602972	677186
1787883852.365148339	s1-eth12	273630207	712999
1787883852.365148339	s1-eth13	32263380	291622
1787883852.365148339	s1-eth14	291381610	1042857
1787883852.365148339	s1-eth15	2580164841	2436100
1787883852.365148339	s1-eth16	413526411	3079934
1787883852.365148339	s1-eth17	160005754	2484811
1787883852.365148339	s1-eth18	218881062	13374
1787883852.365148339	s1-eth19	11400006112	978220
1787883852.365148339	s1-eth2	330086	741029355
1787883852.365148339	s1-eth20	369110156	1800965
1787883852.365148339	s1-eth21	449030552	3291117
1787883852.365148339	s1-eth22	106288126	1304373
1787883852.365148339	s1-eth23	2694259169	1341407
1787883852.365148339	s1-eth24	317298920	1305894
1787883852.365148339	s1-eth25	243167843	3488938
1787883852.365148339	s1-eth26	384633643	2185933
1787883852.365148339	s1-eth27	2799462524	2180765
1787883852.365148339	s1-eth28	153208588	2382150
1787883852.365148339	s1-eth29	76005639	1220358
1787883852.365148339	s1-eth3	11872732649	5432162
1787883852.365148339	s1-eth30	97990716	1546772
1787883852.365148339	s1-eth31	2640993029	720326
1787883852.365148339	s1-eth32	356884163	1877660
1787883852.365148339	s1-eth33	174418100	2636154
1787883852.365148339	s1-eth34	110989600	1686621
1787883852.365148339	s1-eth4	319365135	1456498
1787883852.365148339	s1-eth5	335265926	1746657
1787883852.365148339	s1-eth6	344374643	1998521
1787883852.365148339	s1-eth7	2803795119	2798739
1787883852.365148339	s1-eth8	356391073	2008374
1787883852.365148339	s1-eth9	121901154	1717604
1787883852.365148339	s2-eth1	18311886627	12546141860
1787883852.365148339	s2-eth10	291091109	1001837
1787883852.365148339	s2-eth11	3687001947	2631063
1787883852.365148339	s2-eth12	60617090	1073903
1787883852.365148339	s2-eth13	90554101	1193814
1787883852.365148339	s2-eth14	69463163	936738
1787883852.365148339	s2-eth15	2533077718	2038615
1787883852.365148339	s2-eth16	384833712	2357668
1787883852.365148339	s2-eth17	366259749	2175632
1787883852.365148339	s2-eth18	248788387	545334
1787883852.365148339	s2-eth19	970065	8755292121
1787883852.365148339	s2-eth2	203030416	330016
1787883852.365148339	s2-eth20	1794545	206197740
1787883852.365148339	s2-eth21	3284542	278404470
1787883852.365148339	s2-eth22	1296927	90417720
1787883852.365148339	s2-eth23	1333311	2419711637
1787883852.365148339	s2-eth24	1298033	147349507
1787883852.365148339	s2-eth25	3484181	224394612
1787883852.365148339	s2-eth26	2178920	213332869
1787883852.365148339	s2-eth27	2172565	2522489908
1787883852.365148339	s2-eth28	2376257	145747124
1787883852.365148339	s2-eth29	1212309	73304895
1787883852.365148339	s2-eth3	1568071799	839974
1787883852.365148339	s2-eth30	1539239	93665245
1787883852.365148339	s2-eth31	712552	2368586366
1787883852.365148339	s2-eth32	1869414	194886839
1787883852.365148339	s2-eth33	2632178	167488459
1787883852.365148339	s2-eth34	1679239	93483451
1787883852.365148339	s2-eth4	266867004	594971
1787883852.365148339	s2-eth5	437354756	3232399
1787883852.365148339	s2-eth6	379643676	2300035
1787883852.365148339	s2-eth7	2699568580	923560
1787883852.365148339	s2-eth8	296427354	1087234
1787883852.365148339	s2-eth9	310373096	1200158
1787883852.365148339	s3-eth1	17892314075	13431840563
1787883852.365148339	s3-eth10	1148669	60837249
1787883852.365148339	s3-eth11	671031	2447104829
1787883852.365148339	s3-eth12	704215	87830439
1787883852.365148339	s3-eth13	282799	17392742
1787883852.365148339	s3-eth14	1034812	103103943
1787883852.365148339	s3-eth15	2429915	2277775795
1787883852.365148339	s3-eth16	3075592	217309493
1787883852.365148339	s3-eth17	2493256	140051849
1787883852.365148339	s3-eth18	4572	47644697
1787883852.365148339	s3-eth19	1576479328	863776
1787883852.365148339	s3-eth2	330016	330016
1787883852.365148339	s3-eth20	413354326	2406509
1787883852.365148339	s3-eth21	270269288	539330
1787883852.365148339	s3-eth22	361345624	1821767
1787883852.365148339	s3-eth23	2766355811	1746614
1787883852.365148339	s3-eth24	376159508	2074451
1787883852.365148339	s3-eth25	407910724	2379537
1787883852.365148339	s3-eth26	294234363	819537
1787883852.365148339	s3-eth27	3756366195	2112608
1787883852.365148339	s3-eth28	271490815	3463219
1787883852.365148339	s3-eth29	203013286	2393097
1787883852.365148339	s3-eth3	5426934	8997124909
1787883852.365148339	s3-eth30	253379263	3489010
1787883852.365148339	s3-eth31	2703944963	1527218
1787883852.365148339	s3-eth32	167591939	2252519
1787883852.365148339	s3-eth33	138615687	1664215
1787883852.365148339	s3-eth34	48326776	537880
1787883852.365148339	s3-eth4	1449923	134548160
1787883852.365148339	s3-eth5	1740412	149029833
1787883852.365148339	s3-eth6	1993424	154714924
1787883852.365148339	s3-eth7	2796271	2444348719
1787883852.365148339	s3-eth8	2002719	169818819
1787883852.365148339	s3-eth9	1721778	104575194
1787883852.365148339	s4-eth1	22740713324	54549802
1787883852.365148339	s4-eth10	994626	112155233
1787883852.365148339	s4-eth11	2628433	2792487397
1787883852.365148339	s4-eth12	1070601	58694915
1787883852.365148339	s4-eth13	1194055	77007494
1787883852.365148339	s4-eth14	946718	54817528
1787883852.365148339	s4-eth15	2040823	2382777185
1787883852.365148339	s4-eth16	2366991	201911916
1787883852.365148339	s4-eth17	2177970	183299459
1787883852.365148339	s4-eth18	536711	80228111
1787883852.365148339	s4-eth19	855238	991919423
1787883852.365148339	s4-eth2	330016	327174
1787883852.365148339	s4-eth20	2421832	299362071
1787883852.365148339	s4-eth21	546752	158982302
1787883852.365148339	s4-eth22	1818077	247817400
1787883852.365148339	s4-eth23	1767941	2698195189
1787883852.365148339	s4-eth24	2081201	270687588
1787883852.365148339	s4-eth25	2381517	291907438
1787883852.365148339	s4-eth26	813333	179424507
1787883852.365148339	s4-eth27	2124462	3118261927
1787883852.365148339	s4-eth28	3472468	256852762
1787883852.365148339	s4-eth29	2401957	190167123
1787883852.365148339	s4-eth3	832596	727825420
1787883852.365148339	s4-eth30	3505955	237732399
1787883852.365148339	s4-eth31	1539335	2653475432
1787883852.365148339	s4-eth32	2256408	154097157
1787883852.365148339	s4-eth33	1662105	127432971
1787883852.365148339	s4-eth34	529892	38543083
1787883852.365148339	s4-eth4	587134	89619478
1787883852.365148339	s4-eth5	3237664	255151667
1787883852.365148339	s4-eth6	2303882	199602673
1787883852.365148339	s4-eth7	923328	2542057450
1787883852.365148339	s4-eth8	1087949	117079643
1787883852.365148339	s4-eth9	1198094	130377779
1787883852.365148339	s5-eth1	39396866279	58995707
1787883852.365148339	s5-eth2	12549870003	18316744475
1787883852.365148339	s5-eth3	53317073	29861067192
1787883852.365148339	s5-eth4	341820	327377
1787883852.365148339	s6-eth1	741029355	330086
1787883852.365148339	s6-eth2	330016	203030416
1787883852.365148339	s6-eth3	330016	356733609
1787883852.365148339	s6-eth4	341945	330016
1787883852.365148339	s7-eth1	13434962286	17897000280
1787883852.365148339	s7-eth2	54558466	22743764750
1787883852.365148339	s7-eth3	29237977941	53324705
1787883852.365148339	s7-eth4	341722	330016
1787883852.365148339	s8-eth1	330016	330016
1787883852.365148339	s8-eth2	327174	330016
1787883852.365148339	s8-eth3	330016	327377
1787883852.365148339	s8-eth4	341820	330016
1787883852.365148339	s9-eth1	29862442475	53321167
1787883852.365148339	s9-eth2	356733609	330016
1787883852.365148339	s9-eth3	53326379	29238728633
1787883852.365148339	s9-eth4	327377	330016
1787883856.139898387	s10-eth1	327377	341820
1787883856.139898387	s10-eth2	330016	341945
1787883856.139898387	s10-eth3	330016	341722
1787883856.139898387	s10-eth4	330016	341820
1787883856.139898387	s1-eth1	59029745	39419938912
1787883856.139898387	s1-eth10	64612254	1154190
1787883856.139898387	s1-eth11	3641022648	677186
1787883856.139898387	s1-eth12	273630207	712999
1787883856.139898387	s1-eth13	32263380	291622
1787883856.139898387	s1-eth14	291381610	1042857
1787883856.139898387	s1-eth15	2582609031	2436100
1787883856.139898387	s1-eth16	413526411	3079934
1787883856.139898387	s1-eth17	160660842	2500447
1787883856.139898387	s1-eth18	218881062	13374
1787883856.139898387	s1-eth19	11409891022	978220
1787883856.139898387	s1-eth2	330113	741029382
1787883856.139898387	s1-eth20	369110156	1800965
1787883856.139898387	s1-eth21	449030552	3291117
1787883856.139898387	s1-eth22	106288126	1304373
1787883856.139898387	s1-eth23	2696761039	1341407
1787883856.139898387	s1-eth24	317298920	1305894
1787883856.139898387	s1-eth25	243168570	3489678
1787883856.139898387	s1-eth26	384633643	2185933
1787883856.139898387	s1-eth27	2801942764	2180765
1787883856.139898387	s1-eth28	153208588	2382150
1787883856.139898387	s1-eth29	76005639	1220358
1787883856.139898387	s1-eth3	11882653609	5432162
1787883856.139898387	s1-eth30	97990716	1546772
1787883856.139898387	s1-eth31	2643484805	720326
1787883856.139898387	s1-eth32	356884163	1877660
1787883856.139898387	s1-eth33	174418100	2636154
1787883856.139898387	s1-eth34	110989600	1686621
1787883856.139898387	s1-eth4	319365135	1456498
1787883856.139898387	s1-eth5	335265926	1746657
1787883856.139898387	s1-eth6	344374643	1998521
1787883856.139898387	s1-eth7	2806343133	2798739
1787883856.139898387	s1-eth8	356391073	2008374
1787883856.139898387	s1-eth9	124912149	1764886
1787883856.139898387	s2-eth1	18329463725	12558039388
1787883856.139898387	s2-eth10	291091109	1001837
1787883856.139898387	s2-eth11	3689607641	2631063
1787883856.139898387	s2-eth12	60617090	1073903
1787883856.139898387	s2-eth13	90554101	1193814
1787883856.139898387	s2-eth14	73070606	974763
1787883856.139898387	s2-eth15	2535723788	2038615
1787883856.139898387	s2-eth16	384833712	2357668
1787883856.139898387	s2-eth17	366259749	2175632
1787883856.139898387	s2-eth18	248788387	545334
1787883856.139898387	s2-eth19	970065	8765651449
1787883856.139898387	s2-eth2	203030443	330043
1787883856.139898387	s2-eth20	1794545	206197740
1787883856.139898387	s2-eth21	3284542	278404470
1787883856.139898387	s2-eth22	1296927	90417720
1787883856.139898387	s2-eth23	1333311	2422340403
1787883856.139898387	s2-eth24	1298033	147349507
1787883856.139898387	s2-eth25	3484181	224394612
1787883856.139898387	s2-eth26	2178920	213332869
1787883856.139898387	s2-eth27	2172565	2525148956
1787883856.139898387	s2-eth28	2376257	145747124
1787883856.139898387	s2-eth29	1212309	73304895
1787883856.139898387	s2-eth3	1568626969	839974
1787883856.139898387	s2-eth30	1539239	93665245
1787883856.139898387	s2-eth31	712552	2371297326
1787883856.139898387	s2-eth32	1869414	194886839
1787883856.139898387	s2-eth33	2632178	167488459
1787883856.139898387	s2-eth34	1679239	93483451
1787883856.139898387	s2-eth4	266867004	594971
1787883856.139898387	s2-eth5	437354756	3232399
1787883856.139898387	s2-eth6	379643676	2300035
1787883856.139898387	s2-eth7	2702435276	923560
1787883856.139898387	s2-eth8	296427354	1087234
1787883856.139898387	s2-eth9	310373096	1200158
1787883856.139898387	s3-eth1	17914399376	13442268549
1787883856.139898387	s3-eth10	1148669	60837249
1787883856.139898387	s3-eth11	671031	2449853281
1787883856.139898387	s3-eth12	704215	87830439
1787883856.139898387	s3-eth13	282799	17392742
1787883856.139898387	s3-eth14	1034812	103103943
1787883856.139898387	s3-eth15	2429915	2280528573
1787883856.139898387	s3-eth16	3075592	217309493
1787883856.139898387	s3-eth17	2499686	140322132
1787883856.139898387	s3-eth18	4572	47644697
1787883856.139898387	s3-eth19	1577056128	863776
1787883856.139898387	s3-eth2	330043	330043
1787883856.139898387	s3-eth20	413354326	2406509
1787883856.139898387	s3-eth21	270269288	539330
1787883856.139898387	s3-eth22	361345624	1821767
1787883856.139898387	s3-eth23	2770064942	1759357
1787883856.139898387	s3-eth24	376159508	2074451
1787883856.139898387	s3-eth25	407910724	2379537
1787883856.139898387	s3-eth26	294234363	819537
1787883856.139898387	s3-eth27	3759258847	2112608
1787883856.139898387	s3-eth28	271490815	3463219
1787883856.139898387	s3-eth29	203013286	2393097
1787883856.139898387	s3-eth3	5426934	9008125927
1787883856.139898387	s3-eth30	253379263	3489010
1787883856.139898387	s3-eth31	2706865013	1527218
1787883856.139898387	s3-eth32	167591939	2252519
1787883856.139898387	s3-eth33	138615687	1664215
1787883856.139898387	s3-eth34	48326776	537880
1787883856.139898387	s3-eth4	1450415	134548757
1787883856.139898387	s3-eth5	1740412	149029833
1787883856.139898387	s3-eth6	1993424	154714924
1787883856.139898387	s3-eth7	2796271	2447245697
1787883856.139898387	s3-eth8	2002719	169818819
1787883856.139898387	s3-eth9	1758646	106983316
1787883856.139898387	s4-eth1	22763887213	54604464
1787883856.139898387	s4-eth10	994626	112155233
1787883856.139898387	s4-eth11	2628433	2795482431
1787883856.139898387	s4-eth12	1070601	58694915
1787883856.139898387	s4-eth13	1194055	77007494
1787883856.139898387	s4-eth14	973287	57737380
1787883856.139898387	s4-eth15	2040823	2385831341
1787883856.139898387	s4-eth16	2366991	201911916
1787883856.139898387	s4-eth17	2177970	183299459
1787883856.139898387	s4-eth18	536711	80228111
1787883856.139898387	s4-eth19	855238	992540925
1787883856.139898387	s4-eth2	330043	327201
1787883856.139898387	s4-eth20	2421832	299362071
1787883856.139898387	s4-eth21	546752	158982302
1787883856.139898387	s4-eth22	1818077	247817400
1787883856.139898387	s4-eth23	1767941	2701380567
1787883856.139898387	s4-eth24	2081201	270687588
1787883856.139898387	s4-eth25	2381517	291907438
1787883856.139898387	s4-eth26	813333	179424507
1787883856.139898387	s4-eth27	2160442	3123653377
1787883856.139898387	s4-eth28	3472468	256852762
1787883856.139898387	s4-eth29	2401957	190167123
1787883856.139898387	s4-eth3	832596	728455574
1787883856.139898387	s4-eth30	3505955	237732399
1787883856.139898387	s4-eth31	1539335	2656682440
1787883856.139898387	s4-eth32	2256408	154097157
1787883856.139898387	s4-eth33	1662105	127432971
1787883856.139898387	s4-eth34	529892	38543083
1787883856.139898387	s4-eth4	587134	89619478
1787883856.139898387	s4-eth5	3237664	255151667
1787883856.139898387	s4-eth6	2303882	199602673
1787883856.139898387	s4-eth7	923328	2545215430
1787883856.139898387	s4-eth8	1087949	117079643
1787883856.139898387	s4-eth9	1198094	130377779
1787883856.139898387	s5-eth1	39446508229	59063964
1787883856.139898387	s5-eth2	12562390250	18339934616
1787883856.139898387	s5-eth3	53383013	29898381693
1787883856.139898387	s5-eth4	341848	327404
1787883856.139898387	s6-eth1	741029382	330113
1787883856.139898387	s6-eth2	330043	203030443
1787883856.139898387	s6-eth3	330043	356733636
1787883856.139898387	s6-eth4	341973	330043
1787883856.139898387	s7-eth1	13448134873	17921312403
1787883856.139898387	s7-eth2	54620478	22768923411
1787883856.139898387	s7-eth3	29274479821	53388027
1787883856.139898387	s7-eth4	341750	330043
1787883856.139898387	s8-eth1	330043	330043
1787883856.139898387	s8-eth2	327201	330043
1787883856.139898387	s8-eth3	330043	327404
1787883856.139898387	s8-eth4	341848	330043
1787883856.139898387	s9-eth1	29899071759	53383721
1787883856.139898387	s9-eth2	356733636	330043
1787883856.139898387	s9-eth3	53388561	29274959573
1787883856.139898387	s9-eth4	327404	330043
1787883861.072010006	s10-eth1	327404	341848
1787883861.072010006	s10-eth2	330043	341973
1787883861.072010006	s10-eth3	330043	341750
1787883861.072010006	s10-eth4	330043	341848
1787883861.072010006	s1-eth1	59105788	39469250196
1787883861.072010006	s1-eth10	64612254	1154190
1787883861.072010006	s1-eth11	3644213794	677186
1787883861.072010006	s1-eth12	273630207	712999
1787883861.072010006	s1-eth13	32263380	291622
1787883861.072010006	s1-eth14	291381610	1042857
1787883861.072010006	s1-eth15	2585782873	2436100
1787883861.072010006	s1-eth16	413526411	3079934
1787883861.072010006	s1-eth17	160660842	2500447
1787883861.072010006	s1-eth18	218881062	13374
1787883861.072010006	s1-eth19	11424178052	1005430
1787883861.072010006	s1-eth2	330140	741029382
1787883861.072010006	s1-eth20	369110156	1800965
1787883861.072010006	s1-eth21	449030552	3291117
1787883861.072010006	s1-eth22	106288126	1304373
1787883861.072010006	s1-eth23	2699868549	1341407
1787883861.072010006	s1-eth24	317298920	1305894
1787883861.072010006	s1-eth25	243168570	3489678
1787883861.072010006	s1-eth26	384633643	2185933
1787883861.072010006	s1-eth27	2805038738	2180765
1787883861.072010006	s1-eth28	153208588	2382150
1787883861.072010006	s1-eth29	76005639	1220358
1787883861.072010006	s1-eth3	11894965405	5432162
1787883861.072010006	s1-eth30	97990716	1546772
1787883861.072010006	s1-eth31	2646547613	720326
1787883861.072010006	s1-eth32	356884163	1877660
1787883861.072010006	s1-eth33	174418100	2636154
1787883861.072010006	s1-eth34	110989600	1686621
1787883861.072010006	s1-eth4	322686540	1508130
1787883861.072010006	s1-eth5	335265926	1746657
1787883861.072010006	s1-eth6	344374643	1998521
1787883861.072010006	s1-eth7	2809352587	2798739
1787883861.072010006	s1-eth8	356391073	2008374
1787883861.072010006	s1-eth9	124912149	1764886
1787883861.072010006	s2-eth1	18351141196	12567534797
1787883861.072010006	s2-eth10	291091109	1001837
1787883861.072010006	s2-eth11	3692549321	2631063
1787883861.072010006	s2-eth12	60617090	1073903
1787883861.072010006	s2-eth13	90554101	1193814
1787883861.072010006	s2-eth14	73070606	974763
1787883861.072010006	s2-eth15	2538617882	2038615
1787883861.072010006	s2-eth16	384833712	2357668
1787883861.072010006	s2-eth17	366259749	2175632
1787883861.072010006	s2-eth18	248788387	545334
1787883861.072010006	s2-eth19	997275	8778171833
1787883861.072010006	s2-eth2	203030470	330070
1787883861.072010006	s2-eth20	1794545	206197740
1787883861.072010006	s2-eth21	3284542	278404470
1787883861.072010006	s2-eth22	1296927	90417720
1787883861.072010006	s2-eth23	1333311	2425094623
1787883861.072010006	s2-eth24	1298033	147349507
1787883861.072010006	s2-eth25	3484181	224394612
1787883861.072010006	s2-eth26	2178920	213332869
1787883861.072010006	s2-eth27	2172565	2527845496
1787883861.072010006	s2-eth28	2376257	145747124
1787883861.072010006	s2-eth29	1212309	73304895
1787883861.072010006	s2-eth3	1569176371	839974
1787883861.072010006	s2-eth30	1539239	93665245
1787883861.072010006	s2-eth31	712552	2373957816
1787883861.072010006	s2-eth32	1869414	194886839
1787883861.072010006	s2-eth33	2632178	167488459
1787883861.072010006	s2-eth34	1679239	93483451
1787883861.072010006	s2-eth4	266867004	594971
1787883861.072010006	s2-eth5	437354756	3232399
1787883861.072010006	s2-eth6	379643676	2300035
1787883861.072010006	s2-eth7	2705075578	923560
1787883861.072010006	s2-eth8	296427354	1087234
1787883861.072010006	s2-eth9	310373096	1200158
1787883861.072010006	s3-eth1	17935753817	13458711701
1787883861.072010006	s3-eth10	1148669	60837249
1787883861.072010006	s3-eth11	671031	2452330637
1787883861.072010006	s3-eth12	704215	87830439
1787883861.072010006	s3-eth13	282799	17392742
1787883861.072010006	s3-eth14	1034812	103103943
1787883861.072010006	s3-eth15	2429915	2283001603
1787883861.072010006	s3-eth16	3075592	217309493
1787883861.072010006	s3-eth17	2499686	140322132
1787883861.072010006	s3-eth18	4572	47644697
1787883861.072010006	s3-eth19	1577572364	863776
1787883861.072010006	s3-eth2	330070	330070
1787883861.072010006	s3-eth20	413354326	2406509
1787883861.072010006	s3-eth21	270269288	539330
1787883861.072010006	s3-eth22	361345624	1821767
1787883861.072010006	s3-eth23	2772598536	1759357
1787883861.072010006	s3-eth24	376159508	2074451
1787883861.072010006	s3-eth25	407910724	2379537
1787883861.072010006	s3-eth26	294234363	819537
1787883861.072010006	s3-eth27	3769853832	2216719
1787883861.072010006	s3-eth28	271490815	3463219
1787883861.072010006	s3-eth29	203013286	2393097
1787883861.072010006	s3-eth3	5426934	9017409523
1787883861.072010006	s3-eth30	253379263	3489010
1787883861.072010006	s3-eth31	2709317855	1527218
1787883861.072010006	s3-eth32	167591939	2252519
1787883861.072010006	s3-eth33	138615687	1664215
1787883861.072010006	s3-eth34	48326776	537880
1787883861.072010006	s3-eth4	1510735	138533906
1787883861.072010006	s3-eth5	1740412	149029833
1787883861.072010006	s3-eth6	1993424	154714924
1787883861.072010006	s3-eth7	2796271	2449395719
1787883861.072010006	s3-eth8	2002719	169818819
1787883861.072010006	s3-eth9	1758646	106983316
1787883861.072010006	s4-eth1	22785189065	54683836
1787883861.072010006	s4-eth10	994626	112155233
1787883861.072010006	s4-eth11	2628433	2797646873
1787883861.072010006	s4-eth12	1070601	58694915
1787883861.072010006	s4-eth13	1194055	77007494
1787883861.072010006	s4-eth14	973287	57737380
1787883861.072010006	s4-eth15	2040823	2387936661
1787883861.072010006	s4-eth16	2366991	201911916
1787883861.072010006	s4-eth17	2177970	183299459
1787883861.072010006	s4-eth18	536711	80228111
1787883861.072010006	s4-eth19	855238	992963431
1787883861.072010006	s4-eth2	330070	327228
1787883861.072010006	s4-eth20	2421832	299362071
1787883861.072010006	s4-eth21	546752	158982302
1787883861.072010006	s4-eth22	1818077	247817400
1787883861.072010006	s4-eth23	1767941	2703395041
1787883861.072010006	s4-eth24	2081201	270687588
1787883861.072010006	s4-eth25	2381517	291907438
1787883861.072010006	s4-eth26	813333	179424507
1787883861.072010006	s4-eth27	2229977	3131328656
1787883861.072010006	s4-eth28	3472468	256852762
1787883861.072010006	s4-eth29	2401957	190167123
1787883861.072010006	s4-eth3	832596	728844914
1787883861.072010006	s4-eth30	3505955	237732399
1787883861.072010006	s4-eth31	1539335	2658663748
1787883861.072010006	s4-eth32	2256408	154097157
1787883861.072010006	s4-eth33	1662105	127432971
1787883861.072010006	s4-eth34	529892	38543083
1787883861.072010006	s4-eth4	587134	89619478
1787883861.072010006	s4-eth5	3237664	255151667
1787883861.072010006	s4-eth6	2303882	199602673
1787883861.072010006	s4-eth7	923328	2547144826
1787883861.072010006	s4-eth8	1087949	117079643
1787883861.072010006	s4-eth9	1198094	130377779
1787883861.072010006	s5-eth1	39478651661	59123587
1787883861.072010006	s5-eth2	12568772033	18353837736
1787883861.072010006	s5-eth3	53438936	29922445048
1787883861.072010006	s5-eth4	341876	327431
1787883861.072010006	s6-eth1	741029409	330140
1787883861.072010006	s6-eth2	330070	203030470
1787883861.072010006	s6-eth3	330070	356733663
1787883861.072010006	s6-eth4	342001	330070
1787883861.072010006	s7-eth1	13459823939	17938998325
1787883861.072010006	s7-eth2	54683836	22786828619
1787883861.072010006	s7-eth3	29298803960	53444994
1787883861.072010006	s7-eth4	341778	330070
1787883861.072010006	s8-eth1	330070	330070
1787883861.072010006	s8-eth2	327228	330070
1787883861.072010006	s8-eth3	330070	327431
1787883861.072010006	s8-eth4	341876	330070
1787883861.072010006	s9-eth1	29923654952	53440598
1787883861.072010006	s9-eth2	356733663	330070
1787883861.072010006	s9-eth3	53445434	29299415002
1787883861.072010006	s9-eth4	327431	330070
1787883864.256130715	s10-eth1	327431	341876
1787883864.256130715	s10-eth2	330070	342001
1787883864.256130715	s10-eth3	330070	341778
1787883864.256130715	s10-eth4	330070	341876
1787883864.256130715	s1-eth1	59127579	39500248262
1787883864.256130715	s1-eth10	64612254	1154190
1787883864.256130715	s1-eth11	3646290274	677186
1787883864.256130715	s1-eth12	273630207	712999
1787883864.256130715	s1-eth13	32263380	291622
1787883864.256130715	s1-eth14	291381610	1042857
1787883864.256130715	s1-eth15	2587885309	2436100
1787883864.256130715	s1-eth16	413526411	3079934
1787883864.256130715	s1-eth17	160660842	2500447
1787883864.256130715	s1-eth18	218881062	13374
1787883864.256130715	s1-eth19	11432721902	1005430
1787883864.256130715	s1-eth2	330140	741029409
1787883864.256130715	s1-eth20	369110156	1800965
1787883864.256130715	s1-eth21	449030552	3291117
1787883864.256130715	s1-eth22	106288126	1304373
1787883864.256130715	s1-eth23	2702018571	1341407
1787883864.256130715	s1-eth24	317298920	1305894
1787883864.256130715	s1-eth25	243168570	3489678
1787883864.256130715	s1-eth26	384633643	2185933
1787883864.256130715	s1-eth27	2807187318	2180765
1787883864.256130715	s1-eth28	153208588	2382150
1787883864.256130715	s1-eth29	76005639	1220358
1787883864.256130715	s1-eth3	11903549631	5432162
1787883864.256130715	s1-eth30	97990716	1546772
1787883864.256130715	s1-eth31	2648699077	720326
1787883864.256130715	s1-eth32	356884163	1877660
1787883864.256130715	s1-eth33	174418100	2636154
1787883864.256130715	s1-eth34	110989600	1686621
1787883864.256130715	s1-eth4	324311923	1527068
1787883864.256130715	s1-eth5	335265926	1746657
1787883864.256130715	s1-eth6	344374643	1998521
1787883864.256130715	s1-eth7	2811499725	2798739
1787883864.256130715	s1-eth8	356391073	2008374
1787883864.256130715	s1-eth9	124912149	1764886
1787883864.256130715	s2-eth1	18366185052	12581433372
1787883864.256130715	s2-eth10	293451934	1056173
1787883864.256130715	s2-eth11	3694715205	2631063
1787883864.256130715	s2-eth12	60617090	1073903
1787883864.256130715	s2-eth13	90554101	1193814
1787883864.256130715	s2-eth14	73070606	974763
1787883864.256130715	s2-eth15	2540798186	2038615
1787883864.256130715	s2-eth16	384833712	2357668
1787883864.256130715	s2-eth17	366259749	2175632
1787883864.256130715	s2-eth18	248788387	545334
1787883864.256130715	s2-eth19	997275	8786816623
1787883864.256130715	s2-eth2	203030470	330070
1787883864.256130715	s2-eth20	1794545	206197740
1787883864.256130715	s2-eth21	3284542	278404470
1787883864.256130715	s2-eth22	1296927	90417720
1787883864.256130715	s2-eth23	1333311	2427264833
1787883864.256130715	s2-eth24	1298033	147349507
1787883864.256130715	s2-eth25	3484181	224394612
1787883864.256130715	s2-eth26	2178920	213332869
1787883864.256130715	s2-eth27	2172565	2530051756
1787883864.256130715	s2-eth28	2376257	145747124
1787883864.256130715	s2-eth29	1212309	73304895
1787883864.256130715	s2-eth3	1569626275	839974
1787883864.256130715	s2-eth30	1539239	93665245
1787883864.256130715	s2-eth31	712552	2376191474
1787883864.256130715	s2-eth32	1869414	194886839
1787883864.256130715	s2-eth33	2632178	167488459
1787883864.256130715	s2-eth34	1679239	93483451
1787883864.256130715	s2-eth4	269114234	637926
1787883864.256130715	s2-eth5	440294670	3272673
1787883864.256130715	s2-eth6	379643676	2300035
1787883864.256130715	s2-eth7	2707339518	923560
1787883864.256130715	s2-eth8	296427354	1087234
1787883864.256130715	s2-eth9	310373096	1200158
1787883864.256130715	s3-eth1	17952147981	13471280379
1787883864.256130715	s3-eth10	1148669	60837249
1787883864.256130715	s3-eth11	671031	2454531129
1787883864.256130715	s3-eth12	704215	87830439
1787883864.256130715	s3-eth13	282799	17392742
1787883864.256130715	s3-eth14	1034812	103103943
1787883864.256130715	s3-eth15	2429915	2285232377
1787883864.256130715	s3-eth16	3075592	217309493
1787883864.256130715	s3-eth17	2499686	140322132
1787883864.256130715	s3-eth18	4572	47644697
1787883864.256130715	s3-eth19	1578035246	863776
1787883864.256130715	s3-eth2	330070	330070
1787883864.256130715	s3-eth20	418639092	2479336
1787883864.256130715	s3-eth21	270269288	539330
1787883864.256130715	s3-eth22	361345624	1821767
1787883864.256130715	s3-eth23	2774917272	1759357
1787883864.256130715	s3-eth24	376159508	2074451
1787883864.256130715	s3-eth25	407910724	2379537
1787883864.256130715	s3-eth26	294234363	819537
1787883864.256130715	s3-eth27	3772176894	2216719
1787883864.256130715	s3-eth28	271490815	3463219
1787883864.256130715	s3-eth29	203013286	2393097
1787883864.256130715	s3-eth3	5426934	9026442211
1787883864.256130715	s3-eth30	253379263	3489010
1787883864.256130715	s3-eth31	2711675525	1527218
1787883864.256130715	s3-eth32	167591939	2252519
1787883864.256130715	s3-eth33	138615687	1664215
1787883864.256130715	s3-eth34	48326776	537880
1787883864.256130715	s3-eth4	1520889	139266029
1787883864.256130715	s3-eth5	1740412	149029833
1787883864.256130715	s3-eth6	1993424	154714924
1787883864.256130715	s3-eth7	2796271	2451700035
1787883864.256130715	s3-eth8	2002719	169818819
1787883864.256130715	s3-eth9	1758646	106983316
1787883864.256130715	s4-eth1	22813576846	54903775
1787883864.256130715	s4-eth10	1049557	114288958
1787883864.256130715	s4-eth11	2628433	2799993007
1787883864.256130715	s4-eth12	1070601	58694915
1787883864.256130715	s4-eth13	1194055	77007494
1787883864.256130715	s4-eth14	973287	57737380
1787883864.256130715	s4-eth15	2040823	2390288563
1787883864.256130715	s4-eth16	2366991	201911916
1787883864.256130715	s4-eth17	2177970	183299459
1787883864.256130715	s4-eth18	536711	80228111
1787883864.256130715	s4-eth19	855238	993446501
1787883864.256130715	s4-eth2	330070	327228
1787883864.256130715	s4-eth20	2494869	304552151
1787883864.256130715	s4-eth21	546752	158982302
1787883864.256130715	s4-eth22	1818077	247817400
1787883864.256130715	s4-eth23	1767941	2705832021
1787883864.256130715	s4-eth24	2081201	270687588
1787883864.256130715	s4-eth25	2381517	291907438
1787883864.256130715	s4-eth26	813333	179424507
1787883864.256130715	s4-eth27	2229977	3133800244
1787883864.256130715	s4-eth28	3472468	256852762
1787883864.256130715	s4-eth29	2401957	190167123
1787883864.256130715	s4-eth3	832596	729330868
1787883864.256130715	s4-eth30	3505955	237732399
1787883864.256130715	s4-eth31	1539335	2661146872
1787883864.256130715	s4-eth32	2256408	154097157
1787883864.256130715	s4-eth33	1662105	127432971
1787883864.256130715	s4-eth34	529892	38543083
1787883864.256130715	s4-eth4	630947	91745588
1787883864.256130715	s4-eth5	3294240	259482947
1787883864.256130715	s4-eth6	2303882	199602673
1787883864.256130715	s4-eth7	923328	2549625066
1787883864.256130715	s4-eth8	1087949	117079643
1787883864.256130715	s4-eth9	1198094	130377779
1787883864.256130715	s5-eth1	39514261618	59127579
1787883864.256130715	s5-eth2	12586007542	18371496564
1787883864.256130715	s5-eth3	53598514	29957293132
1787883864.256130715	s5-eth4	341876	327431
1787883864.256130715	s6-eth1	741029409	330140
1787883864.256130715	s6-eth2	330070	203030470
1787883864.256130715	s6-eth3	330070	356733663
1787883864.256130715	s6-eth4	342001	330070
1787883864.256130715	s7-eth1	13473264571	17956455235
1787883864.256130715	s7-eth2	54916005	22817437792
1787883864.256130715	s7-eth3	29333796168	53605640
1787883864.256130715	s7-eth4	341778	330070
1787883864.256130715	s8-eth1	330070	330070
1787883864.256130715	s8-eth2	327228	330070
1787883864.256130715	s8-eth3	330070	327431
1787883864.256130715	s8-eth4	341876	330070
1787883864.256130715	s9-eth1	29959606572	53603155
1787883864.256130715	s9-eth2	356733690	330097
1787883864.256130715	s9-eth3	53608391	29335476029
1787883864.256130715	s9-eth4	327458	330097
1787883868.365814092	s10-eth1	327458	341904
1787883868.365814092	s10-eth2	330097	342029
1787883868.365814092	s10-eth3	330097	341806
1787883868.365814092	s10-eth4	330097	341904
1787883868.365814092	s1-eth1	59183519	39539383763
1787883868.365814092	s1-eth10	64612254	1154190
1787883868.365814092	s1-eth11	3648884432	677186
1787883868.365814092	s1-eth12	273630207	712999
1787883868.365814092	s1-eth13	32263380	291622
1787883868.365814092	s1-eth14	291381610	1042857
1787883868.365814092	s1-eth15	2590470815	2436100
1787883868.365814092	s1-eth16	413526411	3079934
1787883868.365814092	s1-eth17	160660842	2500447
1787883868.365814092	s1-eth18	218881062	13374
1787883868.365814092	s1-eth19	11442986058	1005430
1787883868.365814092	s1-eth2	330167	741029436
1787883868.365814092	s1-eth20	369110156	1800965
1787883868.365814092	s1-eth21	450052564	3311555
1787883868.365814092	s1-eth22	106288126	1304373
1787883868.365814092	s1-eth23	2704583889	1341407
1787883868.365814092	s1-eth24	317298920	1305894
1787883868.365814092	s1-eth25	243168570	3489678
1787883868.365814092	s1-eth26	384633643	2185933
1787883868.365814092	s1-eth27	2809785802	2180765
1787883868.365814092	s1-eth28	153208588	2382150
1787883868.365814092	s1-eth29	76005639	1220358
1787883868.365814092	s1-eth3	11913986827	5432162
1787883868.365814092	s1-eth30	97990716	1546772
1787883868.365814092	s1-eth31	2652623730	746311
1787883868.365814092	s1-eth32	358135491	1898685
1787883868.365814092	s1-eth33	174418100	2636154
1787883868.365814092	s1-eth34	110989600	1686621
1787883868.365814092	s1-eth4	324311923	1527068
1787883868.365814092	s1-eth5	335265926	1746657
1787883868.365814092	s1-eth6	344374643	1998521
1787883868.365814092	s1-eth7	2814167425	2798739
1787883868.365814092	s1-eth8	356391073	2008374
1787883868.365814092	s1-eth9	124912149	1764886
1787883868.365814092	s2-eth1	18388440059	12593707157
1787883868.365814092	s2-eth10	293451934	1056173
1787883868.365814092	s2-eth11	3697395883	2631063
1787883868.365814092	s2-eth12	60617090	1073903
1787883868.365814092	s2-eth13	90554101	1193814
1787883868.365814092	s2-eth14	73070606	974763
1787883868.365814092	s2-eth15	2543491842	2038615
1787883868.365814092	s2-eth16	384833712	2357668
1787883868.365814092	s2-eth17	366259749	2175632
1787883868.365814092	s2-eth18	248788387	545334
1787883868.365814092	s2-eth19	997275	8797256703
1787883868.365814092	s2-eth2	203030497	330097
1787883868.365814092	s2-eth20	1794545	206197740
1787883868.365814092	s2-eth21	3313164	280008882
1787883868.365814092	s2-eth22	1296927	90417720
1787883868.365814092	s2-eth23	1333311	2429867643
1787883868.365814092	s2-eth24	1298033	147349507
1787883868.365814092	s2-eth25	3484181	224394612
1787883868.365814092	s2-eth26	2178920	213332869
1787883868.365814092	s2-eth27	2172565	2532650240
1787883868.365814092	s2-eth28	2376257	145747124
1787883868.365814092	s2-eth29	1212309	73304895
1787883868.365814092	s2-eth3	1570155489	839974
1787883868.365814092	s2-eth30	1539239	93665245
1787883868.365814092	s2-eth31	738623	2379961625
1787883868.365814092	s2-eth32	1897735	196475991
1787883868.365814092	s2-eth33	2632178	167488459
1787883868.365814092	s2-eth34	1679239	93483451
1787883868.365814092	s2-eth4	269114234	637926
1787883868.365814092	s2-eth5	443420426	3304820
1787883868.365814092	s2-eth6	379643676	2300035
1787883868.365814092	s2-eth7	2709975494	923560
1787883868.365814092	s2-eth8	296427354	1087234
1787883868.365814092	s2-eth9	310373096	1200158
1787883868.365814092	s3-eth1	17970065056	13484090516
1787883868.365814092	s3-eth10	1148669	60837249
1787883868.365814092	s3-eth11	671031	2457058955
1787883868.365814092	s3-eth12	704215	87830439
1787883868.365814092	s3-eth13	282799	17392742
1787883868.365814092	s3-eth14	1034812	103103943
1787883868.365814092	s3-eth15	2429915	2287751551
1787883868.365814092	s3-eth16	3075592	217309493
1787883868.365814092	s3-eth17	2499686	140322132
1787883868.365814092	s3-eth18	4572	47644697
1787883868.365814092	s3-eth19	1578561576	863776
1787883868.365814092	s3-eth2	330097	330097
1787883868.365814092	s3-eth20	418639092	2479336
1787883868.365814092	s3-eth21	270269288	539330
1787883868.365814092	s3-eth22	361345624	1821767
1787883868.365814092	s3-eth23	2777570552	1759357
1787883868.365814092	s3-eth24	376159508	2074451
1787883868.365814092	s3-eth25	407910724	2379537
1787883868.365814092	s3-eth26	294234363	819537
1787883868.365814092	s3-eth27	3774876318	2216719
1787883868.365814092	s3-eth28	271490815	3463219
1787883868.365814092	s3-eth29	203013286	2393097
1787883868.365814092	s3-eth3	5426934	9036612637
1787883868.365814092	s3-eth30	253379263	3489010
1787883868.365814092	s3-eth31	2714387927	1527218
1787883868.365814092	s3-eth32	167591939	2252519
1787883868.365814092	s3-eth33	143979441	1736814
1787883868.365814092	s3-eth34	48326776	537880
1787883868.365814092	s3-eth4	1520889	139266029
1787883868.365814092	s3-eth5	1740412	149029833
1787883868.365814092	s3-eth6	1993424	154714924
1787883868.365814092	s3-eth7	2796271	2454340337
1787883868.365814092	s3-eth8	2002719	169818819
1787883868.365814092	s3-eth9	1758646	106983316
1787883868.365814092	s4-eth1	22838834367	55001108
1787883868.365814092	s4-eth10	1049557	114288958
1787883868.365814092	s4-eth11	2628433	2802696757
1787883868.365814092	s4-eth12	1070601	58694915
1787883868.365814092	s4-eth13	1194055	77007494
1787883868.365814092	s4-eth14	973287	57737380
1787883868.365814092	s4-eth15	2040823	2393012501
1787883868.365814092	s4-eth16	2366991	201911916
1787883868.365814092	s4-eth17	2177970	183299459
1787883868.365814092	s4-eth18	536711	80228111
1787883868.365814092	s4-eth19	855238	994001671
1787883868.365814092	s4-eth2	330097	327255
1787883868.365814092	s4-eth20	2494869	304552151
1787883868.365814092	s4-eth21	546752	158982302
1787883868.365814092	s4-eth22	1818077	247817400
1787883868.365814092	s4-eth23	1767941	2708609313
1787883868.365814092	s4-eth24	2081201	270687588
1787883868.365814092	s4-eth25	2381517	291907438
1787883868.365814092	s4-eth26	813333	179424507
1787883868.365814092	s4-eth27	2229977	3136548696
1787883868.365814092	s4-eth28	3472468	256852762
1787883868.365814092	s4-eth29	2401957	190167123
1787883868.365814092	s4-eth3	832596	729880270
1787883868.365814092	s4-eth30	3505955	237732399
1787883868.365814092	s4-eth31	1539335	2663903976
1787883868.365814092	s4-eth32	2256408	154097157
1787883868.365814092	s4-eth33	1734704	132723931
1787883868.365814092	s4-eth34	529892	38543083
1787883868.365814092	s4-eth4	630947	91745588
1787883868.365814092	s4-eth5	3310529	261090161
1787883868.365814092	s4-eth6	2303882	199602673
1787883868.365814092	s4-eth7	923328	2552383612
1787883868.365814092	s4-eth8	1087949	117079643
1787883868.365814092	s4-eth9	1198094	130377779
1787883868.365814092	s5-eth1	39559999408	59237280
1787883868.365814092	s5-eth2	12596553959	18396550583
1787883868.365814092	s5-eth3	53613196	29986599761
1787883868.365814092	s5-eth4	341904	327458
1787883868.365814092	s6-eth1	741029436	330167
1787883868.365814092	s6-eth2	330097	203030497
1787883868.365814092	s6-eth3	330097	356733690
1787883868.365814092	s6-eth4	342029	330097
1787883868.365814092	s7-eth1	13487510930	17975151291
1787883868.365814092	s7-eth2	55001108	22841688085
1787883868.365814092	s7-eth3	29362540793	53617880
1787883868.365814092	s7-eth4	341806	330097
1787883868.365814092	s8-eth1	330097	330097
1787883868.365814092	s8-eth2	327255	330097
1787883868.365814092	s8-eth3	330097	327458
1787883868.365814092	s8-eth4	341904	330097
1787883868.365814092	s9-eth1	29987597625	53613196
1787883868.365814092	s9-eth2	356733690	330097
1787883868.365814092	s9-eth3	53617880	29362924365
1787883868.365814092	s9-eth4	327458	330097
1787883872.514082145	s10-eth1	327555	341932
1787883872.514082145	s10-eth2	330124	342057
1787883872.514082145	s10-eth3	330124	341834
1787883872.514082145	s10-eth4	330124	341932
1787883872.514082145	s1-eth1	59270284	39583666863
1787883872.514082145	s1-eth10	64612254	1154190
1787883872.514082145	s1-eth11	3651592508	677186
1787883872.514082145	s1-eth12	273630207	712999
1787883872.514082145	s1-eth13	32263380	291622
1787883872.514082145	s1-eth14	291381610	1042857
1787883872.514082145	s1-eth15	2593171681	2436100
1787883872.514082145	s1-eth16	413526411	3079934
1787883872.514082145	s1-eth17	160660842	2500447
1787883872.514082145	s1-eth18	218881062	13374
1787883872.514082145	s1-eth19	11453746262	1005430
1787883872.514082145	s1-eth2	330194	741029463
1787883872.514082145	s1-eth20	369110156	1800965
1787883872.514082145	s1-eth21	452277488	3342013
1787883872.514082145	s1-eth22	106288126	1304373
1787883872.514082145	s1-eth23	2707264567	1341407
1787883872.514082145	s1-eth24	317298920	1305894
1787883872.514082145	s1-eth25	243168570	3489678
1787883872.514082145	s1-eth26	384633643	2185933
1787883872.514082145	s1-eth27	2812428988	2180765
1787883872.514082145	s1-eth28	153208588	2382150
1787883872.514082145	s1-eth29	76005639	1220358
1787883872.514082145	s1-eth3	11924520637	5432162
1787883872.514082145	s1-eth30	97990716	1546772
1787883872.514082145	s1-eth31	2655251124	746311
1787883872.514082145	s1-eth32	361645803	1943430
1787883872.514082145	s1-eth33	174418100	2636154
1787883872.514082145	s1-eth34	110989600	1686621
1787883872.514082145	s1-eth4	324311923	1527068
1787883872.514082145	s1-eth5	335265926	1746657
1787883872.514082145	s1-eth6	344374643	1998521
1787883872.514082145	s1-eth7	2816896955	2803007
1787883872.514082145	s1-eth8	356391073	2008444
1787883872.514082145	s1-eth9	124912149	1764886
1787883872.514082145	s2-eth1	18410834720	12602450245
1787883872.514082145	s2-eth10	293451934	1056173
1787883872.514082145	s2-eth11	3699971295	2631133
1787883872.514082145	s2-eth12	60617090	1073903
1787883872.514082145	s2-eth13	90554101	1193814
1787883872.514082145	s2-eth14	73070606	974763
1787883872.514082145	s2-eth15	2546064440	2038615
1787883872.514082145	s2-eth16	384833712	2357668
1787883872.514082145	s2-eth17	366259749	2175632
1787883872.514082145	s2-eth18	248788387	545334
1787883872.514082145	s2-eth19	997275	8807203619
1787883872.514082145	s2-eth2	203030524	330124
1787883872.514082145	s2-eth20	1794545	206197740
1787883872.514082145	s2-eth21	3335438	281473778
1787883872.514082145	s2-eth22	1296927	90417720
1787883872.514082145	s2-eth23	1333311	2432408447
1787883872.514082145	s2-eth24	1298033	147349507
1787883872.514082145	s2-eth25	3484181	224394612
1787883872.514082145	s2-eth26	2178920	213332869
1787883872.514082145	s2-eth27	2172565	2535199696
1787883872.514082145	s2-eth28	2376257	145747124
1787883872.514082145	s2-eth29	1212309	73304895
1787883872.514082145	s2-eth3	1570677563	839974
1787883872.514082145	s2-eth30	1539239	93665245
1787883872.514082145	s2-eth31	738623	2382495219
1787883872.514082145	s2-eth32	1935184	199311059
1787883872.514082145	s2-eth33	2632178	167488459
1787883872.514082145	s2-eth34	1688709	94032727
1787883872.514082145	s2-eth4	269114234	637926
1787883872.514082145	s2-eth5	444825412	3327360
1787883872.514082145	s2-eth6	379643676	2300035
1787883872.514082145	s2-eth7	2712633100	923560
1787883872.514082145	s2-eth8	296427354	1087234
1787883872.514082145	s2-eth9	310373096	1200158
1787883872.514082145	s3-eth1	17988540370	13493572387
1787883872.514082145	s3-eth10	1148669	60837249
1787883872.514082145	s3-eth11	671031	2459622831
1787883872.514082145	s3-eth12	704285	87830439
1787883872.514082145	s3-eth13	282799	17392742
1787883872.514082145	s3-eth14	1034812	103103943
1787883872.514082145	s3-eth15	2429915	2290311101
1787883872.514082145	s3-eth16	3075592	217309493
1787883872.514082145	s3-eth17	2499686	140322132
1787883872.514082145	s3-eth18	4572	47644697
1787883872.514082145	s3-eth19	1579089348	863846
1787883872.514082145	s3-eth2	330124	330124
1787883872.514082145	s3-eth20	418639092	2479406
1787883872.514082145	s3-eth21	270269288	539330
1787883872.514082145	s3-eth22	361345624	1821767
1787883872.514082145	s3-eth23	2780184898	1759357
1787883872.514082145	s3-eth24	376159508	2074451
1787883872.514082145	s3-eth25	407910724	2379607
1787883872.514082145	s3-eth26	294234363	819537
1787883872.514082145	s3-eth27	3777460382	2216719
1787883872.514082145	s3-eth28	271490815	3463289
1787883872.514082145	s3-eth29	203013286	2393097
1787883872.514082145	s3-eth3	5426934	9046412469
1787883872.514082145	s3-eth30	253379263	3489080
1787883872.514082145	s3-eth31	2716948919	1527218
1787883872.514082145	s3-eth32	167592009	2252519
1787883872.514082145	s3-eth33	143979441	1736814
1787883872.514082145	s3-eth34	48326846	537880
1787883872.514082145	s3-eth4	1520889	139266099
1787883872.514082145	s3-eth5	1740412	149029833
1787883872.514082145	s3-eth6	1993494	154714924
1787883872.514082145	s3-eth7	2820337	2457797373
1787883872.514082145	s3-eth8	2002719	169818819
1787883872.514082145	s3-eth9	1758646	106983316
1787883872.514082145	s4-eth1	22856992730	55032783
1787883872.514082145	s4-eth10	1049557	114288958
1787883872.514082145	s4-eth11	2628433	2805179881
1787883872.514082145	s4-eth12	1070601	58694915
1787883872.514082145	s4-eth13	1194125	77007494
1787883872.514082145	s4-eth14	973287	57737380
1787883872.514082145	s4-eth15	2040823	2395471111
1787883872.514082145	s4-eth16	2366991	201911916
1787883872.514082145	s4-eth17	2177970	183299459
1787883872.514082145	s4-eth18	536781	80228111
1787883872.514082145	s4-eth19	855238	994497719
1787883872.514082145	s4-eth2	330124	327282
1787883872.514082145	s4-eth20	2494869	304552151
1787883872.514082145	s4-eth21	546752	158982302
1787883872.514082145	s4-eth22	1818077	247817400
1787883872.514082145	s4-eth23	1767941	2711065039
1787883872.514082145	s4-eth24	2081201	270687588
1787883872.514082145	s4-eth25	2381517	291907438
1787883872.514082145	s4-eth26	813333	179424507
1787883872.514082145	s4-eth27	2229977	3138997212
1787883872.514082145	s4-eth28	3472468	256852762
1787883872.514082145	s4-eth29	2401957	190167123
1787883872.514082145	s4-eth3	832596	730363340
1787883872.514082145	s4-eth30	3505955	237732399
1787883872.514082145	s4-eth31	1539335	2666335188
1787883872.514082145	s4-eth32	2256408	154097157
1787883872.514082145	s4-eth33	1734704	132723931
1787883872.514082145	s4-eth34	529892	38543083
1787883872.514082145	s4-eth4	630947	91745588
1787883872.514082145	s4-eth5	3347733	263902471
1787883872.514082145	s4-eth6	2303882	199602673
1787883872.514082145	s4-eth7	923328	2554760028
1787883872.514082145	s4-eth8	1087949	117079643
1787883872.514082145	s4-eth9	1198094	130377779
1787883872.514082145	s5-eth1	39600783468	59346704
1787883872.514082145	s5-eth2	12607460041	18418280508
1787883872.514082145	s5-eth3	53692537	30015738570
1787883872.514082145	s5-eth4	341932	327555
1787883872.514082145	s6-eth1	741029463	330194
1787883872.514082145	s6-eth2	330124	203030524
1787883872.514082145	s6-eth3	330124	356733717
1787883872.514082145	s6-eth4	342057	330124
1787883872.514082145	s7-eth1	13495270850	17993130525
1787883872.514082145	s7-eth2	55042185	22860336578
1787883872.514082145	s7-eth3	29391837671	53704820
1787883872.514082145	s7-eth4	341834	330124
1787883872.514082145	s8-eth1	330124	330124
1787883872.514082145	s8-eth2	327282	330124
1787883872.514082145	s8-eth3	330124	327555
1787883872.514082145	s8-eth4	341932	330124
1787883872.514082145	s9-eth1	30017696469	53704450
1787883872.514082145	s9-eth2	356733717	330124
1787883872.514082145	s9-eth3	53709992	29392876965
1787883872.514082145	s9-eth4	327555	330124
1787883876.305698014	s10-eth1	327582	341960
1787883876.305698014	s10-eth2	330151	342085
1787883876.305698014	s10-eth3	330151	341862
1787883876.305698014	s10-eth4	330151	341960
1787883876.305698014	s1-eth1	59455736	39627892639
1787883876.305698014	s1-eth10	64612254	1154190
1787883876.305698014	s1-eth11	3653989112	677186
1787883876.305698014	s1-eth12	273630207	712999
1787883876.305698014	s1-eth13	32263380	291622
1787883876.305698014	s1-eth14	291381610	1042857
1787883876.305698014	s1-eth15	2595548097	2436100
1787883876.305698014	s1-eth16	413526411	3079934
1787883876.305698014	s1-eth17	164157539	2577108
1787883876.305698014	s1-eth18	218881062	13374
1787883876.305698014	s1-eth19	11463208666	1005430
1787883876.305698014	s1-eth2	330221	741029490
1787883876.305698014	s1-eth20	369110156	1800965
1787883876.305698014	s1-eth21	452277488	3342013
1787883876.305698014	s1-eth22	106288126	1304373
1787883876.305698014	s1-eth23	2709623679	1341407
1787883876.305698014	s1-eth24	317298920	1305894
1787883876.305698014	s1-eth25	243168570	3489678
1787883876.305698014	s1-eth26	384633643	2185933
1787883876.305698014	s1-eth27	2814795310	2180765
1787883876.305698014	s1-eth28	153208588	2382150
1787883876.305698014	s1-eth29	76005639	1220358
1787883876.305698014	s1-eth3	11934021975	5432162
1787883876.305698014	s1-eth30	97990716	1546772
1787883876.305698014	s1-eth31	2657634750	746311
1787883876.305698014	s1-eth32	361645803	1943430
1787883876.305698014	s1-eth33	174418100	2636154
1787883876.305698014	s1-eth34	116400718	1760078
1787883876.305698014	s1-eth4	324311923	1527068
1787883876.305698014	s1-eth5	335265926	1746657
1787883876.305698014	s1-eth6	344374643	1998521
1787883876.305698014	s1-eth7	2820779317	2834046
1787883876.305698014	s1-eth8	356391073	2008444
1787883876.305698014	s1-eth9	124912149	1764886
1787883876.305698014	s2-eth1	18432726103	12619706171
1787883876.305698014	s2-eth10	293451934	1056173
1787883876.305698014	s2-eth11	3702356363	2631133
1787883876.305698014	s2-eth12	60617090	1073903
1787883876.305698014	s2-eth13	90554101	1193814
1787883876.305698014	s2-eth14	73070606	974763
1787883876.305698014	s2-eth15	2548450950	2038615
1787883876.305698014	s2-eth16	384833712	2357668
1787883876.305698014	s2-eth17	366259749	2175632
1787883876.305698014	s2-eth18	248788387	545334
1787883876.305698014	s2-eth19	997275	8816586713
1787883876.305698014	s2-eth2	203030551	330151
1787883876.305698014	s2-eth20	1794545	206197740
1787883876.305698014	s2-eth21	3335438	281473778
1787883876.305698014	s2-eth22	1296927	90417720
1787883876.305698014	s2-eth23	1333311	2434770443
1787883876.305698014	s2-eth24	1298033	147349507
1787883876.305698014	s2-eth25	3484181	224394612
1787883876.305698014	s2-eth26	2178920	213332869
1787883876.305698014	s2-eth27	2172565	2537545830
1787883876.305698014	s2-eth28	2376257	145747124
1787883876.305698014	s2-eth29	1212309	73304895
1787883876.305698014	s2-eth3	1571154865	839974
1787883876.305698014	s2-eth30	1539239	93665245
1787883876.305698014	s2-eth31	738623	2384861541
1787883876.305698014	s2-eth32	1935184	199311059
1787883876.305698014	s2-eth33	2632178	167488459
1787883876.305698014	s2-eth34	1752960	98751435
1787883876.305698014	s2-eth4	269114234	637926
1787883876.305698014	s2-eth5	453822516	3414522
1787883876.305698014	s2-eth6	379643676	2300035
1787883876.305698014	s2-eth7	2714996538	923560
1787883876.305698014	s2-eth8	296427354	1087234
1787883876.305698014	s2-eth9	310373096	1200158
1787883876.305698014	s3-eth1	18008786131	13501259946
1787883876.305698014	s3-eth10	1148669	60837249
1787883876.305698014	s3-eth11	671031	2461911285
1787883876.305698014	s3-eth12	704285	87830439
1787883876.305698014	s3-eth13	282799	17392742
1787883876.305698014	s3-eth14	1034812	103103943
1787883876.305698014	s3-eth15	2429915	2292624069
1787883876.305698014	s3-eth16	3075592	217309493
1787883876.305698014	s3-eth17	2576347	143682823
1787883876.305698014	s3-eth18	4572	47644697
1787883876.305698014	s3-eth19	1579565208	863846
1787883876.305698014	s3-eth2	330151	330151
1787883876.305698014	s3-eth20	418639092	2479406
1787883876.305698014	s3-eth21	270269288	539330
1787883876.305698014	s3-eth22	361345624	1821767
1787883876.305698014	s3-eth23	2782588712	1759357
1787883876.305698014	s3-eth24	376159508	2074451
1787883876.305698014	s3-eth25	407910724	2379607
1787883876.305698014	s3-eth26	294234363	819537
1787883876.305698014	s3-eth27	3779859870	2216719
1787883876.305698014	s3-eth28	271490815	3463289
1787883876.305698014	s3-eth29	203013286	2393097
1787883876.305698014	s3-eth3	5426934	9055711927
1787883876.305698014	s3-eth30	253379263	3489080
1787883876.305698014	s3-eth31	2719359943	1527218
1787883876.305698014	s3-eth32	167592009	2252519
1787883876.305698014	s3-eth33	143979441	1736814
1787883876.305698014	s3-eth34	48326846	537880
1787883876.305698014	s3-eth4	1520889	139266099
1787883876.305698014	s3-eth5	1740412	149029833
1787883876.305698014	s3-eth6	1993494	154714924
1787883876.305698014	s3-eth7	2831578	2460623734
1787883876.305698014	s3-eth8	2002719	169818819
1787883876.305698014	s3-eth9	1758646	106983316
1787883876.305698014	s4-eth1	22880263009	55110864
1787883876.305698014	s4-eth10	1049557	114288958
1787883876.305698014	s4-eth11	2628433	2807549087
1787883876.305698014	s4-eth12	1070601	58694915
1787883876.305698014	s4-eth13	1194125	77007494
1787883876.305698014	s4-eth14	973287	57737380
1787883876.305698014	s4-eth15	2040823	2397844643
1787883876.305698014	s4-eth16	2366991	201911916
1787883876.305698014	s4-eth17	2177970	183299459
1787883876.305698014	s4-eth18	536781	80228111
1787883876.305698014	s4-eth19	855238	994977905
1787883876.305698014	s4-eth2	330151	327309
1787883876.305698014	s4-eth20	2494869	304552151
1787883876.305698014	s4-eth21	546752	158982302
1787883876.305698014	s4-eth22	1818077	247817400
1787883876.305698014	s4-eth23	1767941	2713452991
1787883876.305698014	s4-eth24	2081201	270687588
1787883876.305698014	s4-eth25	2381517	291907438
1787883876.305698014	s4-eth26	813333	179424507
1787883876.305698014	s4-eth27	2229977	3141385164
1787883876.305698014	s4-eth28	3472468	256852762
1787883876.305698014	s4-eth29	2401957	190167123
1787883876.305698014	s4-eth3	832596	730839200
1787883876.305698014	s4-eth30	3505955	237732399
1787883876.305698014	s4-eth31	1539335	2668730350
1787883876.305698014	s4-eth32	2256408	154097157
1787883876.305698014	s4-eth33	1734704	132723931
1787883876.305698014	s4-eth34	529892	38543083
1787883876.305698014	s4-eth4	630947	91745588
1787883876.305698014	s4-eth5	3420231	271214371
1787883876.305698014	s4-eth6	2303882	199602673
1787883876.305698014	s4-eth7	923328	2557130676
1787883876.305698014	s4-eth8	1087949	117079643
1787883876.305698014	s4-eth9	1198094	130377779
1787883876.305698014	s5-eth1	39640697599	59455736
1787883876.305698014	s5-eth2	12622463395	18437945619
1787883876.305698014	s5-eth3	53834920	30050780731
1787883876.305698014	s5-eth4	341960	327582
1787883876.305698014	s6-eth1	741029490	330221
1787883876.305698014	s6-eth2	330151	203030551
1787883876.305698014	s6-eth3	330151	356733744
1787883876.305698014	s6-eth4	342085	330151
1787883876.305698014	s7-eth1	13503097054	18012829499
1787883876.305698014	s7-eth2	55110864	22882594723
1787883876.305698014	s7-eth3	29426151515	53839604
1787883876.305698014	s7-eth4	341862	330151
1787883876.305698014	s8-eth1	330151	330151
1787883876.305698014	s8-eth2	327309	330151
1787883876.305698014	s8-eth3	330151	327582
1787883876.305698014	s8-eth4	341960	330151
1787883876.305698014	s9-eth1	30051963171	53834920
1787883876.305698014	s9-eth2	356733744	330151
1787883876.305698014	s9-eth3	53839604	29426817719
1787883876.305698014	s9-eth4	327582	330151
1787883880.094572178	s10-eth1	327582	341960
1787883880.094572178	s10-eth2	330151	342085
1787883880.094572178	s10-eth3	330151	341862
1787883880.094572178	s10-eth4	330151	341960
1787883880.094572178	s1-eth1	59535985	39666427860
1787883880.094572178	s1-eth10	64612254	1154190
1787883880.094572178	s1-eth11	3656476562	677186
1787883880.094572178	s1-eth12	273630207	712999
1787883880.094572178	s1-eth13	32263380	291622
1787883880.094572178	s1-eth14	291381610	1042857
1787883880.094572178	s1-eth15	2598036989	2436100
1787883880.094572178	s1-eth16	413526411	3079934
1787883880.094572178	s1-eth17	168055914	2658413
1787883880.094572178	s1-eth18	218881062	13374
1787883880.094572178	s1-eth19	11473182980	1005430
1787883880.094572178	s1-eth2	330221	741029490
1787883880.094572178	s1-eth20	369110156	1800965
1787883880.094572178	s1-eth21	452277488	3342013
1787883880.094572178	s1-eth22	106288126	1304373
1787883880.094572178	s1-eth23	2712129875	1341407
1787883880.094572178	s1-eth24	317298920	1305894
1787883880.094572178	s1-eth25	243168570	3489678
1787883880.094572178	s1-eth26	384633643	2185933
1787883880.094572178	s1-eth27	2817315926	2180765
1787883880.094572178	s1-eth28	153208588	2382150
1787883880.094572178	s1-eth29	76005639	1220358
1787883880.094572178	s1-eth3	11944304877	5432162
1787883880.094572178	s1-eth30	97990716	1546772
1787883880.094572178	s1-eth31	2660211604	746311
1787883880.094572178	s1-eth32	361645803	1943430
1787883880.094572178	s1-eth33	174418100	2636154
1787883880.094572178	s1-eth34	116400718	1760078
1787883880.094572178	s1-eth4	324311923	1527068
1787883880.094572178	s1-eth5	335265926	1746657
1787883880.094572178	s1-eth6	344374643	1998521
1787883880.094572178	s1-eth7	2823442691	2834046
1787883880.094572178	s1-eth8	356391073	2008444
1787883880.094572178	s1-eth9	124912149	1764886
1787883880.094572178	s2-eth1	18451598475	12628785123
1787883880.094572178	s2-eth10	293451934	1056173
1787883880.094572178	s2-eth11	3705096163	2631133
1787883880.094572178	s2-eth12	60617090	1073903
1787883880.094572178	s2-eth13	90554101	1193814
1787883880.094572178	s2-eth14	73070606	974763
1787883880.094572178	s2-eth15	2551221032	2038615
1787883880.094572178	s2-eth16	384833712	2357668
1787883880.094572178	s2-eth17	366259749	2175632
1787883880.094572178	s2-eth18	248788387	545334
1787883880.094572178	s2-eth19	997275	8827756445
1787883880.094572178	s2-eth2	203030551	330151
1787883880.094572178	s2-eth20	1794545	206197740
1787883880.094572178	s2-eth21	3335438	281473778
1787883880.094572178	s2-eth22	1296927	90417720
1787883880.094572178	s2-eth23	1333311	2437588111
1787883880.094572178	s2-eth24	1298033	147349507
1787883880.094572178	s2-eth25	3484181	224394612
1787883880.094572178	s2-eth26	2178920	213332869
1787883880.094572178	s2-eth27	2172565	2540398106
1787883880.094572178	s2-eth28	2376257	145747124
1787883880.094572178	s2-eth29	1212309	73304895
1787883880.094572178	s2-eth3	1571728781	839974
1787883880.094572178	s2-eth30	1539239	93665245
1787883880.094572178	s2-eth31	738623	2387712375
1787883880.094572178	s2-eth32	1935184	199311059
1787883880.094572178	s2-eth33	2632178	167488459
1787883880.094572178	s2-eth34	1752960	98751435
1787883880.094572178	s2-eth4	269114234	637926
1787883880.094572178	s2-eth5	453822516	3414522
1787883880.094572178	s2-eth6	379643676	2300035
1787883880.094572178	s2-eth7	2717936776	923560
1787883880.094572178	s2-eth8	296427354	1087234
1787883880.094572178	s2-eth9	310373096	1200158
1787883880.094572178	s3-eth1	18035094943	13518175897
1787883880.094572178	s3-eth10	1148669	60837249
1787883880.094572178	s3-eth11	671031	2464850081
1787883880.094572178	s3-eth12	704285	87830439
1787883880.094572178	s3-eth13	282799	17392742
1787883880.094572178	s3-eth14	1034812	103103943
1787883880.094572178	s3-eth15	2429915	2295593147
1787883880.094572178	s3-eth16	3075592	217309493
1787883880.094572178	s3-eth17	2692125	149529063
1787883880.094572178	s3-eth18	4572	47644697
1787883880.094572178	s3-eth19	1580175174	863846
1787883880.094572178	s3-eth2	330178	330178
1787883880.094572178	s3-eth20	423944402	2523439
1787883880.094572178	s3-eth21	270269288	539330
1787883880.094572178	s3-eth22	361345624	1821767
1787883880.094572178	s3-eth23	2785713526	1759357
1787883880.094572178	s3-eth24	376159508	2074451
1787883880.094572178	s3-eth25	407910724	2379607
1787883880.094572178	s3-eth26	294234363	819537
1787883880.094572178	s3-eth27	3783030828	2216719
1787883880.094572178	s3-eth28	273607887	3494663
1787883880.094572178	s3-eth29	203013286	2393097
1787883880.094572178	s3-eth3	5426934	9068081403
1787883880.094572178	s3-eth30	253379263	3489080
1787883880.094572178	s3-eth31	2722532343	1527218
1787883880.094572178	s3-eth32	167592009	2252519
1787883880.094572178	s3-eth33	143979441	1736814
1787883880.094572178	s3-eth34	48326846	537880
1787883880.094572178	s3-eth4	1520889	139266099
1787883880.094572178	s3-eth5	1740412	149029833
1787883880.094572178	s3-eth6	1993494	154714998
1787883880.094572178	s3-eth7	2831578	2463758642
1787883880.094572178	s3-eth8	2003004	169819272
1787883880.094572178	s3-eth9	1758646	106983316
1787883880.094572178	s4-eth1	22908383838	55191196
1787883880.094572178	s4-eth10	1049557	114288958
1787883880.094572178	s4-eth11	2628433	2810737349
1787883880.094572178	s4-eth12	1070601	58694915
1787883880.094572178	s4-eth13	1194125	77007494
1787883880.094572178	s4-eth14	973287	57737380
1787883880.094572178	s4-eth15	2040823	2401021369
1787883880.094572178	s4-eth16	2366991	201911916
1787883880.094572178	s4-eth17	2185106	183489345
1787883880.094572178	s4-eth18	536781	80228111
1787883880.094572178	s4-eth19	855238	995615269
1787883880.094572178	s4-eth2	330178	327336
1787883880.094572178	s4-eth20	2538902	309822639
1787883880.094572178	s4-eth21	546752	158982302
1787883880.094572178	s4-eth22	1818077	247817400
1787883880.094572178	s4-eth23	1767941	2716639811
1787883880.094572178	s4-eth24	2081201	270687588
1787883880.094572178	s4-eth25	2381517	291907438
1787883880.094572178	s4-eth26	813333	179424507
1787883880.094572178	s4-eth27	2229977	3144559006
1787883880.094572178	s4-eth28	3503842	258854770
1787883880.094572178	s4-eth29	2401957	190167123
1787883880.094572178	s4-eth3	832596	731463586
1787883880.094572178	s4-eth30	3505955	237732399
1787883880.094572178	s4-eth31	1539335	2671879678
1787883880.094572178	s4-eth32	2256408	154097157
1787883880.094572178	s4-eth33	1734704	132723931
1787883880.094572178	s4-eth34	529892	38543083
1787883880.094572178	s4-eth4	630947	91745588
1787883880.094572178	s4-eth5	3420231	271214371
1787883880.094572178	s4-eth6	2303882	199602673
1787883880.094572178	s4-eth7	923328	2560173296
1787883880.094572178	s4-eth8	1087949	117079643
1787883880.094572178	s4-eth9	1198094	130377779
1787883880.094572178	s5-eth1	39689929911	59573574
1787883880.094572178	s5-eth2	12632593330	18459135676
1787883880.094572178	s5-eth3	53961706	30087960895
1787883880.094572178	s5-eth4	341988	327609
1787883880.094572178	s6-eth1	741029517	330248
1787883880.094572178	s6-eth2	330178	203030578
1787883880.094572178	s6-eth3	330178	356733771
1787883880.094572178	s6-eth4	342113	330178
1787883880.094572178	s7-eth1	13520187002	18039177064
1787883880.094572178	s7-eth2	55195432	22909224618
1787883880.094572178	s7-eth3	29462393441	53966942
1787883880.094572178	s7-eth4	341890	330178
1787883880.094572178	s8-eth1	330178	330178
1787883880.094572178	s8-eth2	327336	330178
1787883880.094572178	s8-eth3	330178	327609
1787883880.094572178	s8-eth4	341988	330178
1787883880.094572178	s9-eth1	30088231193	53962768
1787883880.094572178	s9-eth2	356733771	330178
1787883880.094572178	s9-eth3	53967452	29462533817
1787883880.094572178	s9-eth4	327609	330178
1787883884.623536385	s10-eth1	327609	341988
1787883884.623536385	s10-eth2	330178	342113
1787883884.623536385	s10-eth3	330178	341890
1787883884.623536385	s10-eth4	330178	341988
1787883884.623536385	s1-eth1	59630561	39712555568
1787883884.623536385	s1-eth10	64612254	1154190
1787883884.623536385	s1-eth11	3659347584	677186
1787883884.623536385	s1-eth12	273630207	712999
1787883884.623536385	s1-eth13	32263380	291622
1787883884.623536385	s1-eth14	291381610	1042857
1787883884.623536385	s1-eth15	2600932525	2436100
1787883884.623536385	s1-eth16	413526411	3079934
1787883884.623536385	s1-eth17	170149123	2692754
1787883884.623536385	s1-eth18	218881062	13374
1787883884.623536385	s1-eth19	11484828572	1005430
1787883884.623536385	s1-eth2	330248	741029517
1787883884.623536385	s1-eth20	369110156	1800965
1787883884.623536385	s1-eth21	452277488	3342013
1787883884.623536385	s1-eth22	106288126	1304373
1787883884.623536385	s1-eth23	2715055693	1341407
1787883884.623536385	s1-eth24	317298920	1305894
1787883884.623536385	s1-eth25	243168570	3489678
1787883884.623536385	s1-eth26	384633643	2185933
1787883884.623536385	s1-eth27	2820251838	2180765
1787883884.623536385	s1-eth28	153208588	2382150
1787883884.623536385	s1-eth29	76005639	1220358
1787883884.623536385	s1-eth3	11955866833	5432162
1787883884.623536385	s1-eth30	97990716	1546772
1787883884.623536385	s1-eth31	2663102814	746311
1787883884.623536385	s1-eth32	361645803	1943430
1787883884.623536385	s1-eth33	174418100	2636154
1787883884.623536385	s1-eth34	116400718	1760078
1787883884.623536385	s1-eth4	324311923	1527068
1787883884.623536385	s1-eth5	335265926	1746657
1787883884.623536385	s1-eth6	345272831	2016267
1787883884.623536385	s1-eth7	2826269011	2834046
1787883884.623536385	s1-eth8	359640039	2056474
1787883884.623536385	s1-eth9	124912149	1764886
1787883884.623536385	s2-eth1	18470698394	12641151153
1787883884.623536385	s2-eth10	293451934	1056173
1787883884.623536385	s2-eth11	3707867687	2631133
1787883884.623536385	s2-eth12	62679652	1110497
1787883884.623536385	s2-eth13	90554101	1193814
1787883884.623536385	s2-eth14	73070606	974763
1787883884.623536385	s2-eth15	2553966600	2038615
1787883884.623536385	s2-eth16	384833712	2357668
1787883884.623536385	s2-eth17	367726464	2197320
1787883884.623536385	s2-eth18	248788387	545334
1787883884.623536385	s2-eth19	997275	8838173453
1787883884.623536385	s2-eth2	203030578	330178
1787883884.623536385	s2-eth20	1794545	206197740
1787883884.623536385	s2-eth21	3335438	281473778
1787883884.623536385	s2-eth22	1296927	90417720
1787883884.623536385	s2-eth23	1333311	2440215435
1787883884.623536385	s2-eth24	1298033	147349507
1787883884.623536385	s2-eth25	3484181	224394612
1787883884.623536385	s2-eth26	2178920	213332869
1787883884.623536385	s2-eth27	2172565	2543013894
1787883884.623536385	s2-eth28	2376257	145747124
1787883884.623536385	s2-eth29	1212309	73304895
1787883884.623536385	s2-eth3	1572265205	839974
1787883884.623536385	s2-eth30	1539239	93665245
1787883884.623536385	s2-eth31	738623	2390313743
1787883884.623536385	s2-eth32	1935184	199311059
1787883884.623536385	s2-eth33	2632178	167488459
1787883884.623536385	s2-eth34	1752960	98751435
1787883884.623536385	s2-eth4	269114234	637926
1787883884.623536385	s2-eth5	453822516	3414522
1787883884.623536385	s2-eth6	379643676	2300035
1787883884.623536385	s2-eth7	2720594382	923560
1787883884.623536385	s2-eth8	296427354	1087234
1787883884.623536385	s2-eth9	310373096	1200158
1787883884.623536385	s3-eth1	18056551959	13526755707
1787883884.623536385	s3-eth10	1148669	60837249
1787883884.623536385	s3-eth11	671031	2467350509
1787883884.623536385	s3-eth12	704285	87830439
1787883884.623536385	s3-eth13	282799	17392742
1787883884.623536385	s3-eth14	1034812	103103943
1787883884.623536385	s3-eth15	2429915	2298012823
1787883884.623536385	s3-eth16	3075592	217309493
1787883884.623536385	s3-eth17	2692125	149529063
1787883884.623536385	s3-eth18	4572	47644697
1787883884.623536385	s3-eth19	1580689968	863846
1787883884.623536385	s3-eth2	330178	330178
1787883884.623536385	s3-eth20	423944402	2523439
1787883884.623536385	s3-eth21	270269288	539330
1787883884.623536385	s3-eth22	361345624	1821767
1787883884.623536385	s3-eth23	2788224048	1759357
1787883884.623536385	s3-eth24	376159508	2074451
1787883884.623536385	s3-eth25	407910724	2379607
1787883884.623536385	s3-eth26	294234363	819537
1787883884.623536385	s3-eth27	3785518278	2216719
1787883884.623536385	s3-eth28	273607887	3494663
1787883884.623536385	s3-eth29	203013286	2393097
1787883884.623536385	s3-eth3	5426934	9077380861
1787883884.623536385	s3-eth30	253379263	3489080
1787883884.623536385	s3-eth31	2725037097	1527218
1787883884.623536385	s3-eth32	167592009	2252519
1787883884.623536385	s3-eth33	143979441	1736814
1787883884.623536385	s3-eth34	48326846	537880
1787883884.623536385	s3-eth4	1520889	139266099
1787883884.623536385	s3-eth5	1740412	149029833
1787883884.623536385	s3-eth6	2011240	155490412
1787883884.623536385	s3-eth7	2831578	2466124964
1787883884.623536385	s3-eth8	2059587	173453439
1787883884.623536385	s3-eth9	1758646	106983316
1787883884.623536385	s4-eth1	22927050399	55244892
1787883884.623536385	s4-eth10	1049557	114288958
1787883884.623536385	s4-eth11	2628433	2813115207
1787883884.623536385	s4-eth12	1107195	60590863
1787883884.623536385	s4-eth13	1194125	77007494
1787883884.623536385	s4-eth14	973287	57737380
1787883884.623536385	s4-eth15	2040823	2403389133
1787883884.623536385	s4-eth16	2366991	201911916
1787883884.623536385	s4-eth17	2199970	184728652
1787883884.623536385	s4-eth18	536781	80228111
1787883884.623536385	s4-eth19	855238	996104107
1787883884.623536385	s4-eth2	330205	327363
1787883884.623536385	s4-eth20	2538902	309822639
1787883884.623536385	s4-eth21	546752	158982302
1787883884.623536385	s4-eth22	1818077	247817400
1787883884.623536385	s4-eth23	1767941	2719131587
1787883884.623536385	s4-eth24	2081201	270687588
1787883884.623536385	s4-eth25	2381517	291907438
1787883884.623536385	s4-eth26	813333	179424507
1787883884.623536385	s4-eth27	2229977	3147079622
1787883884.623536385	s4-eth28	3503842	258854770
1787883884.623536385	s4-eth29	2401957	190167123
1787883884.623536385	s4-eth3	832596	731952424
1787883884.623536385	s4-eth30	3505955	237732399
1787883884.623536385	s4-eth31	1539335	2674446438
1787883884.623536385	s4-eth32	2256408	154097157
1787883884.623536385	s4-eth33	1734704	132723931
1787883884.623536385	s4-eth34	529892	38543083
1787883884.623536385	s4-eth4	630947	91745588
1787883884.623536385	s4-eth5	3420231	271214371
1787883884.623536385	s4-eth6	2303882	199602673
1787883884.623536385	s4-eth7	923328	2562704006
1787883884.623536385	s4-eth8	1087949	117079643
1787883884.623536385	s4-eth9	1198094	130377779
1787883884.623536385	s5-eth1	39731701101	59649692
1787883884.623536385	s5-eth2	12644199568	18477253753
1787883884.623536385	s5-eth3	54088034	30122669808
1787883884.623536385	s5-eth4	342016	327636
1787883884.623536385	s6-eth1	741029544	330275
1787883884.623536385	s6-eth2	330205	203030605
1787883884.623536385	s6-eth3	330205	356733798
1787883884.623536385	s6-eth4	342141	330205
1787883884.623536385	s7-eth1	13528973854	18062060802
1787883884.623536385	s7-eth2	55244919	22929506152
1787883884.623536385	s7-eth3	29497442376	54095838
1787883884.623536385	s7-eth4	341918	330205
1787883884.623536385	s8-eth1	330205	330205
1787883884.623536385	s8-eth2	327363	330205
1787883884.623536385	s8-eth3	330205	327636
1787883884.623536385	s8-eth4	342016	330205
1787883884.623536385	s9-eth1	30124615338	54093542
1787883884.623536385	s9-eth2	356733798	330205
1787883884.623536385	s9-eth3	54098358	29498642974
1787883884.623536385	s9-eth4	327636	330205
1787883889.045016574	s10-eth1	327636	342016
1787883889.045016574	s10-eth2	330205	342141
1787883889.045016574	s10-eth3	330205	341918
1787883889.045016574	s10-eth4	330205	342016
1787883889.045016574	s1-eth1	59767472	39760408388
1787883889.045016574	s1-eth10	64612254	1154190
1787883889.045016574	s1-eth11	3662207070	677186
1787883889.045016574	s1-eth12	273630207	712999
1787883889.045016574	s1-eth13	32263380	291622
1787883889.045016574	s1-eth14	291381610	1042857
1787883889.045016574	s1-eth15	2603776149	2436100
1787883889.045016574	s1-eth16	413526411	3079934
1787883889.045016574	s1-eth17	170149123	2692754
1787883889.045016574	s1-eth18	218881062	13374
1787883889.045016574	s1-eth19	11496237676	1005430
1787883889.045016574	s1-eth2	330275	741029544
1787883889.045016574	s1-eth20	369110156	1800965
1787883889.045016574	s1-eth21	452277488	3342013
1787883889.045016574	s1-eth22	106288126	1304373
1787883889.045016574	s1-eth23	2720532069	1382747
1787883889.045016574	s1-eth24	317298920	1305894
1787883889.045016574	s1-eth25	243168570	3489678
1787883889.045016574	s1-eth26	384633643	2185933
1787883889.045016574	s1-eth27	2823075274	2180765
1787883889.045016574	s1-eth28	153208588	2382150
1787883889.045016574	s1-eth29	76005639	1220358
1787883889.045016574	s1-eth3	11967124527	5432162
1787883889.045016574	s1-eth30	97990716	1546772
1787883889.045016574	s1-eth31	2665903178	746311
1787883889.045016574	s1-eth32	361645803	1943430
1787883889.045016574	s1-eth33	176915322	2676555
1787883889.045016574	s1-eth34	116400718	1760078
1787883889.045016574	s1-eth4	324311923	1527068
1787883889.045016574	s1-eth5	335265926	1746657
1787883889.045016574	s1-eth6	345272831	2016267
1787883889.045016574	s1-eth7	2830247630	2862334
1787883889.045016574	s1-eth8	360906603	2077251
1787883889.045016574	s1-eth9	124912149	1764886
1787883889.045016574	s2-eth1	18494810143	12650086201
1787883889.045016574	s2-eth10	293451934	1056173
1787883889.045016574	s2-eth11	3710633443	2631133
1787883889.045016574	s2-eth12	62679652	1110497
1787883889.045016574	s2-eth13	90554101	1193814
1787883889.045016574	s2-eth14	73070606	974763
1787883889.045016574	s2-eth15	2556732356	2038615
1787883889.045016574	s2-eth16	384833712	2357668
1787883889.045016574	s2-eth17	367726464	2197320
1787883889.045016574	s2-eth18	248788387	545334
1787883889.045016574	s2-eth19	997275	8848842811
1787883889.045016574	s2-eth2	203030605	330205
1787883889.045016574	s2-eth20	1794545	206197740
1787883889.045016574	s2-eth21	3335438	281473778
1787883889.045016574	s2-eth22	1296927	90417720
1787883889.045016574	s2-eth23	1393617	2446615919
1787883889.045016574	s2-eth24	1298033	147349507
1787883889.045016574	s2-eth25	3484181	224394612
1787883889.045016574	s2-eth26	2178920	213332869
1787883889.045016574	s2-eth27	2172565	2545734948
1787883889.045016574	s2-eth28	2376257	145747124
1787883889.045016574	s2-eth29	1212309	73304895
1787883889.045016574	s2-eth3	1572830469	839974
1787883889.045016574	s2-eth30	1539239	93665245
1787883889.045016574	s2-eth31	738623	2393062195
1787883889.045016574	s2-eth32	1935184	199311059
1787883889.045016574	s2-eth33	2673239	169882729
1787883889.045016574	s2-eth34	1752960	98751435
1787883889.045016574	s2-eth4	269114234	637926
1787883889.045016574	s2-eth5	453822516	3414522
1787883889.045016574	s2-eth6	379643676	2300035
1787883889.045016574	s2-eth7	2723458194	923560
1787883889.045016574	s2-eth8	296427354	1087234
1787883889.045016574	s2-eth9	310373096	1200158
1787883889.045016574	s3-eth1	18078100407	13538708815
1787883889.045016574	s3-eth10	1148669	60837249
1787883889.045016574	s3-eth11	671031	2470156641
1787883889.045016574	s3-eth12	704285	87830439
1787883889.045016574	s3-eth13	282799	17392742
1787883889.045016574	s3-eth14	1034812	103103943
1787883889.045016574	s3-eth15	2429915	2300817513
1787883889.045016574	s3-eth16	3075592	217309493
1787883889.045016574	s3-eth17	2692125	149529063
1787883889.045016574	s3-eth18	4572	47644697
1787883889.045016574	s3-eth19	1581285514	863846
1787883889.045016574	s3-eth2	330205	330205
1787883889.045016574	s3-eth20	423944402	2523439
1787883889.045016574	s3-eth21	270269288	539330
1787883889.045016574	s3-eth22	361345624	1821767
1787883889.045016574	s3-eth23	2791227734	1759357
1787883889.045016574	s3-eth24	376159508	2074451
1787883889.045016574	s3-eth25	407910724	2379607
1787883889.045016574	s3-eth26	296989993	868575
1787883889.045016574	s3-eth27	3788523406	2216719
1787883889.045016574	s3-eth28	273607887	3494663
1787883889.045016574	s3-eth29	203013286	2393097
1787883889.045016574	s3-eth3	5426934	9088768335
1787883889.045016574	s3-eth30	253379263	3489080
1787883889.045016574	s3-eth31	2728024921	1527218
1787883889.045016574	s3-eth32	167592009	2252519
1787883889.045016574	s3-eth33	143979441	1736814
1787883889.045016574	s3-eth34	48326846	537880
1787883889.045016574	s3-eth4	1520889	139266099
1787883889.045016574	s3-eth5	1740412	149029833
1787883889.045016574	s3-eth6	2011240	155490412
1787883889.045016574	s3-eth7	2859866	2470152325
1787883889.045016574	s3-eth8	2071526	174082609
1787883889.045016574	s3-eth9	1758646	106983316
1787883889.045016574	s4-eth1	22948717970	55294353
1787883889.045016574	s4-eth10	1049557	114288958
1787883889.045016574	s4-eth11	2628433	2816085727
1787883889.045016574	s4-eth12	1107195	60590863
1787883889.045016574	s4-eth13	1194125	77007494
1787883889.045016574	s4-eth14	973287	57737380
1787883889.045016574	s4-eth15	2040823	2406369747
1787883889.045016574	s4-eth16	2366991	201911916
1787883889.045016574	s4-eth17	2199970	184728652
1787883889.045016574	s4-eth18	536781	80228111
1787883889.045016574	s4-eth19	855238	996712631
1787883889.045016574	s4-eth2	330205	327363
1787883889.045016574	s4-eth20	2538902	309822639
1787883889.045016574	s4-eth21	546752	158982302
1787883889.045016574	s4-eth22	1818077	247817400
1787883889.045016574	s4-eth23	1767941	2722148251
1787883889.045016574	s4-eth24	2081201	270687588
1787883889.045016574	s4-eth25	2381517	291907438
1787883889.045016574	s4-eth26	862767	182098677
1787883889.045016574	s4-eth27	2229977	3150076098
1787883889.045016574	s4-eth28	3503842	258854770
1787883889.045016574	s4-eth29	2401957	190167123
1787883889.045016574	s4-eth3	832596	732545086
1787883889.045016574	s4-eth30	3505955	237732399
1787883889.045016574	s4-eth31	1539335	2677435704
1787883889.045016574	s4-eth32	2256408	154097157
1787883889.045016574	s4-eth33	1734704	132723931
1787883889.045016574	s4-eth34	529892	38543083
1787883889.045016574	s4-eth4	630947	91745588
1787883889.045016574	s4-eth5	3420231	271214371
1787883889.045016574	s4-eth6	2303882	199602673
1787883889.045016574	s4-eth7	923328	2565750952
1787883889.045016574	s4-eth8	1087949	117079643
1787883889.045016574	s4-eth9	1198094	130377779
1787883889.045016574	s5-eth1	39786499001	59857151
1787883889.045016574	s5-eth2	12654261846	18507990854
1787883889.045016574	s5-eth3	54124082	30155183732
1787883889.045016574	s5-eth4	342044	327663
1787883889.045016574	s6-eth1	741029571	330302
1787883889.045016574	s6-eth2	330232	203030632
1787883889.045016574	s6-eth3	330232	356733825
1787883889.045016574	s6-eth4	342169	330232
1787883889.045016574	s7-eth1	13541608704	18084479842
1787883889.045016574	s7-eth2	55294380	22951852905
1787883889.045016574	s7-eth3	29529791776	54128766
1787883889.045016574	s7-eth4	341946	330232
1787883889.045016574	s8-eth1	330232	330232
1787883889.045016574	s8-eth2	327390	330232
1787883889.045016574	s8-eth3	330232	327663
1787883889.045016574	s8-eth4	342044	330232
1787883889.045016574	s9-eth1	30156788678	54124082
1787883889.045016574	s9-eth2	356733825	330232
1787883889.045016574	s9-eth3	54128766	29530724750
1787883889.045016574	s9-eth4	327663	330232
1787883893.823550736	s10-eth1	327663	342044
1787883893.823550736	s10-eth2	330232	342169
1787883893.823550736	s10-eth3	330232	341946
1787883893.823550736	s10-eth4	330232	342044
1787883893.823550736	s1-eth1	59939169	39813308378
1787883893.823550736	s1-eth10	64612254	1154190
1787883893.823550736	s1-eth11	3665292950	677186
1787883893.823550736	s1-eth12	273630207	712999
1787883893.823550736	s1-eth13	32263380	291622
1787883893.823550736	s1-eth14	291381610	1042857
1787883893.823550736	s1-eth15	2606879333	2436100
1787883893.823550736	s1-eth16	413526411	3079934
1787883893.823550736	s1-eth17	170149123	2692754
1787883893.823550736	s1-eth18	218881062	13374
1787883893.823550736	s1-eth19	11508673484	1005430
1787883893.823550736	s1-eth2	330302	741029571
1787883893.823550736	s1-eth20	369110156	1800965
1787883893.823550736	s1-eth21	455061349	3381521
1787883893.823550736	s1-eth22	106288126	1304373
1787883893.823550736	s1-eth23	2729019326	1487003
1787883893.823550736	s1-eth24	317298920	1305894
1787883893.823550736	s1-eth25	243168570	3489678
1787883893.823550736	s1-eth26	384633643	2185933
1787883893.823550736	s1-eth27	2826204414	2180765
1787883893.823550736	s1-eth28	153208588	2382150
1787883893.823550736	s1-eth29	76005639	1220358
1787883893.823550736	s1-eth3	11981229518	5459522
1787883893.823550736	s1-eth30	97990716	1546772
1787883893.823550736	s1-eth31	2669058274	746311
1787883893.823550736	s1-eth32	361645803	1943430
1787883893.823550736	s1-eth33	176915322	2676555
1787883893.823550736	s1-eth34	116400718	1760078
1787883893.823550736	s1-eth4	324311923	1527068
1787883893.823550736	s1-eth5	335265926	1746657
1787883893.823550736	s1-eth6	345272831	2016267
1787883893.823550736	s1-eth7	2833433008	2862334
1787883893.823550736	s1-eth8	360906603	2077251
1787883893.823550736	s1-eth9	124912149	1764886
1787883893.823550736	s2-eth1	18524520958	12663654206
1787883893.823550736	s2-eth10	293451934	1056173
1787883893.823550736	s2-eth11	3713831799	2631133
1787883893.823550736	s2-eth12	62679652	1110497
1787883893.823550736	s2-eth13	90554101	1193814
1787883893.823550736	s2-eth14	73070606	974763
1787883893.823550736	s2-eth15	2559936480	2038615
1787883893.823550736	s2-eth16	384833712	2357668
1787883893.823550736	s2-eth17	367726464	2197320
1787883893.823550736	s2-eth18	248788387	545334
1787883893.823550736	s2-eth19	997275	8861571345
1787883893.823550736	s2-eth2	203030632	330232
1787883893.823550736	s2-eth20	1794545	206197740
1787883893.823550736	s2-eth21	3374946	284141757
1787883893.823550736	s2-eth22	1296927	90417720
1787883893.823550736	s2-eth23	1478973	2453881022
1787883893.823550736	s2-eth24	1298033	147349507
1787883893.823550736	s2-eth25	3484181	224394612
1787883893.823550736	s2-eth26	2178920	213332869
1787883893.823550736	s2-eth27	2172565	2548903022
1787883893.823550736	s2-eth28	2376257	145747124
1787883893.823550736	s2-eth29	1212309	73304895
1787883893.823550736	s2-eth3	1573472159	839974
1787883893.823550736	s2-eth30	1539239	93665245
1787883893.823550736	s2-eth31	738623	2396251899
1787883893.823550736	s2-eth32	1935184	199311059
1787883893.823550736	s2-eth33	2673239	169882729
1787883893.823550736	s2-eth34	1752960	98751435
1787883893.823550736	s2-eth4	269114234	637926
1787883893.823550736	s2-eth5	453822516	3414522
1787883893.823550736	s2-eth6	383807485	2357588
1787883893.823550736	s2-eth7	2726621942	923560
1787883893.823550736	s2-eth8	296427354	1087234
1787883893.823550736	s2-eth9	310373096	1200158
1787883893.823550736	s3-eth1	18101419412	13554307727
1787883893.823550736	s3-eth10	1148669	60837249
1787883893.823550736	s3-eth11	671031	2473259825
1787883893.823550736	s3-eth12	704285	87830439
1787883893.823550736	s3-eth13	282799	17392742
1787883893.823550736	s3-eth14	1034812	103103943
1787883893.823550736	s3-eth15	2429915	2303923581
1787883893.823550736	s3-eth16	3075592	217309493
1787883893.823550736	s3-eth17	2692125	149529063
1787883893.823550736	s3-eth18	4572	47644697
1787883893.823550736	s3-eth19	1581901248	863846
1787883893.823550736	s3-eth2	330232	330232
1787883893.823550736	s3-eth20	423944402	2523439
1787883893.823550736	s3-eth21	270269288	539330
1787883893.823550736	s3-eth22	361345624	1821767
1787883893.823550736	s3-eth23	2794240072	1759357
1787883893.823550736	s3-eth24	376159508	2074451
1787883893.823550736	s3-eth25	407910724	2379607
1787883893.823550736	s3-eth26	296989993	868575
1787883893.823550736	s3-eth27	3791498252	2216719
1787883893.823550736	s3-eth28	279126700	3577166
1787883893.823550736	s3-eth29	203013286	2393097
1787883893.823550736	s3-eth3	5454822	9101792596
1787883893.823550736	s3-eth30	253379263	3489080
1787883893.823550736	s3-eth31	2730968043	1527218
1787883893.823550736	s3-eth32	167592009	2252519
1787883893.823550736	s3-eth33	143979441	1736814
1787883893.823550736	s3-eth34	48326846	537880
1787883893.823550736	s3-eth4	1520889	139266099
1787883893.823550736	s3-eth5	1740412	149029833
1787883893.823550736	s3-eth6	2011240	155490412
1787883893.823550736	s3-eth7	2859866	2473016137
1787883893.823550736	s3-eth8	2071526	174082609
1787883893.823550736	s3-eth9	1758646	106983316
1787883893.823550736	s4-eth1	22976742359	55436284
1787883893.823550736	s4-eth10	1049557	114288958
1787883893.823550736	s4-eth11	2628433	2818940887
1787883893.823550736	s4-eth12	1107195	60590863
1787883893.823550736	s4-eth13	1194125	77007494
1787883893.823550736	s4-eth14	973287	57737380
1787883893.823550736	s4-eth15	2040823	2409201835
1787883893.823550736	s4-eth16	2366991	201911916
1787883893.823550736	s4-eth17	2199970	184728652
1787883893.823550736	s4-eth18	536781	80228111
1787883893.823550736	s4-eth19	855238	997273569
1787883893.823550736	s4-eth2	330232	327390
1787883893.823550736	s4-eth20	2538902	309822639
1787883893.823550736	s4-eth21	546752	158982302
1787883893.823550736	s4-eth22	1818077	247817400
1787883893.823550736	s4-eth23	1767941	2724967361
1787883893.823550736	s4-eth24	2081201	270687588
1787883893.823550736	s4-eth25	2381517	291907438
1787883893.823550736	s4-eth26	862767	182098677
1787883893.823550736	s4-eth27	2229977	3152903860
1787883893.823550736	s4-eth28	3588193	264202434
1787883893.823550736	s4-eth29	2401957	190167123
1787883893.823550736	s4-eth3	832596	733107466
1787883893.823550736	s4-eth30	3505955	237732399
1787883893.823550736	s4-eth31	1539335	2680225974
1787883893.823550736	s4-eth32	2256408	154097157
1787883893.823550736	s4-eth33	1734704	132723931
1787883893.823550736	s4-eth34	529892	38543083
1787883893.823550736	s4-eth4	630947	91745588
1787883893.823550736	s4-eth5	3420231	271214371
1787883893.823550736	s4-eth6	2361435	203672614
1787883893.823550736	s4-eth7	923328	2568424420
1787883893.823550736	s4-eth8	1087949	117079643
1787883893.823550736	s4-eth9	1198094	130377779
1787883893.823550736	s5-eth1	39828812762	59939169
1787883893.823550736	s5-eth2	12667018395	18529880093
1787883893.823550736	s5-eth3	54208995	30187861832
1787883893.823550736	s5-eth4	342044	327663
1787883893.823550736	s6-eth1	741029571	330302
1787883893.823550736	s6-eth2	330232	203030632
1787883893.823550736	s6-eth3	330232	356733825
1787883893.823550736	s6-eth4	342169	330232
1787883893.823550736	s7-eth1	13555585339	18104267362
1787883893.823550736	s7-eth2	55436284	22978280973
1787883893.823550736	s7-eth3	29562093372	54213679
1787883893.823550736	s7-eth4	341946	330232
1787883893.823550736	s8-eth1	330232	330232
1787883893.823550736	s8-eth2	327390	330232
1787883893.823550736	s8-eth3	330232	327663
1787883893.823550736	s8-eth4	342044	330232
1787883893.823550736	s9-eth1	30188738568	54208995
1787883893.823550736	s9-eth2	356733825	330232
1787883893.823550736	s9-eth3	54213679	29562381772
1787883893.823550736	s9-eth4	327663	330232
1787883897.802168883	s10-eth1	327690	342072
1787883897.802168883	s10-eth2	330259	342197
1787883897.802168883	s10-eth3	330259	341974
1787883897.802168883	s10-eth4	330259	342072
1787883897.802168883	s1-eth1	59939196	39848896965
1787883897.802168883	s1-eth10	64612254	1154190
1787883897.802168883	s1-eth11	3667832312	677186
1787883897.802168883	s1-eth12	273630207	712999
1787883897.802168883	s1-eth13	32263380	291622
1787883897.802168883	s1-eth14	291381610	1042857
1787883897.802168883	s1-eth15	2609408601	2436100
1787883897.802168883	s1-eth16	413526411	3079934
1787883897.802168883	s1-eth17	170149123	2692754
1787883897.802168883	s1-eth18	218881062	13374
1787883897.802168883	s1-eth19	11518692500	1005430
1787883897.802168883	s1-eth2	330329	741029598
1787883897.802168883	s1-eth20	369110156	1800965
1787883897.802168883	s1-eth21	455061349	3381521
1787883897.802168883	s1-eth22	106288126	1304373
1787883897.802168883	s1-eth23	2731503892	1487003
1787883897.802168883	s1-eth24	317298920	1305894
1787883897.802168883	s1-eth25	243168570	3489678
1787883897.802168883	s1-eth26	384633643	2185933
1787883897.802168883	s1-eth27	2828654372	2180765
1787883897.802168883	s1-eth28	153208588	2382150
1787883897.802168883	s1-eth29	76005639	1220358
1787883897.802168883	s1-eth3	11990980322	5459522
1787883897.802168883	s1-eth30	97990716	1546772
1787883897.802168883	s1-eth31	2671482276	746311
1787883897.802168883	s1-eth32	361645803	1943430
1787883897.802168883	s1-eth33	176915322	2676555
1787883897.802168883	s1-eth34	116400718	1760078
1787883897.802168883	s1-eth4	324311923	1527068
1787883897.802168883	s1-eth5	335265926	1746657
1787883897.802168883	s1-eth6	345272831	2016267
1787883897.802168883	s1-eth7	2835806540	2862334
1787883897.802168883	s1-eth8	360906603	2077251
1787883897.802168883	s1-eth9	124912149	1764886
1787883897.802168883	s2-eth1	18540951796	12672124544
1787883897.802168883	s2-eth10	293451934	1056173
1787883897.802168883	s2-eth11	3716172165	2631133
1787883897.802168883	s2-eth12	62679652	1110497
1787883897.802168883	s2-eth13	90554101	1193814
1787883897.802168883	s2-eth14	73070606	974763
1787883897.802168883	s2-eth15	2562255216	2038615
1787883897.802168883	s2-eth16	384833712	2357668
1787883897.802168883	s2-eth17	367726464	2197320
1787883897.802168883	s2-eth18	248788387	545334
1787883897.802168883	s2-eth19	997275	8870602591
1787883897.802168883	s2-eth2	203030659	330259
1787883897.802168883	s2-eth20	1794545	206197740
1787883897.802168883	s2-eth21	3374946	284141757
1787883897.802168883	s2-eth22	1296927	90417720
1787883897.802168883	s2-eth23	1478973	2456116122
1787883897.802168883	s2-eth24	1298033	147349507
1787883897.802168883	s2-eth25	3484181	224394612
1787883897.802168883	s2-eth26	2178920	213332869
1787883897.802168883	s2-eth27	2172565	2551086210
1787883897.802168883	s2-eth28	2376257	145747124
1787883897.802168883	s2-eth29	1212309	73304895
1787883897.802168883	s2-eth3	1573906201	839974
1787883897.802168883	s2-eth30	1539239	93665245
1787883897.802168883	s2-eth31	738623	2398380291
1787883897.802168883	s2-eth32	1935184	199311059
1787883897.802168883	s2-eth33	2673239	169882729
1787883897.802168883	s2-eth34	1752960	98751435
1787883897.802168883	s2-eth4	269114234	637926
1787883897.802168883	s2-eth5	453822516	3414522
1787883897.802168883	s2-eth6	383807485	2357588
1787883897.802168883	s2-eth7	2728777732	923560
1787883897.802168883	s2-eth8	296427354	1087234
1787883897.802168883	s2-eth9	310373096	1200158
1787883897.802168883	s3-eth1	18116459555	13564823316
1787883897.802168883	s3-eth10	1148669	60837249
1787883897.802168883	s3-eth11	671031	2475378123
1787883897.802168883	s3-eth12	704285	87830439
1787883897.802168883	s3-eth13	282799	17392742
1787883897.802168883	s3-eth14	1034812	103103943
1787883897.802168883	s3-eth15	2429915	2305998619
1787883897.802168883	s3-eth16	3075592	217309493
1787883897.802168883	s3-eth17	2692125	149529063
1787883897.802168883	s3-eth18	4572	47644697
1787883897.802168883	s3-eth19	1582323754	863846
1787883897.802168883	s3-eth2	330259	330259
1787883897.802168883	s3-eth20	423944402	2523439
1787883897.802168883	s3-eth21	270269288	539330
1787883897.802168883	s3-eth22	362617012	1848229
1787883897.802168883	s3-eth23	2797322554	1777127
1787883897.802168883	s3-eth24	376159508	2074451
1787883897.802168883	s3-eth25	407910724	2379607
1787883897.802168883	s3-eth26	296989993	868575
1787883897.802168883	s3-eth27	3794994082	2268991
1787883897.802168883	s3-eth28	279126700	3577166
1787883897.802168883	s3-eth29	203013286	2393097
1787883897.802168883	s3-eth3	5454822	9110376822
1787883897.802168883	s3-eth30	253379263	3489080
1787883897.802168883	s3-eth31	2733142579	1527218
1787883897.802168883	s3-eth32	169292539	2283235
1787883897.802168883	s3-eth33	143979441	1736814
1787883897.802168883	s3-eth34	48326846	537880
1787883897.802168883	s3-eth4	1520889	139266099
1787883897.802168883	s3-eth5	1740412	149029833
1787883897.802168883	s3-eth6	2011240	155490412
1787883897.802168883	s3-eth7	2859866	2475216629
1787883897.802168883	s3-eth8	2071526	174082609
1787883897.802168883	s3-eth9	1758646	106983316
1787883897.802168883	s4-eth1	22997315786	55583259
1787883897.802168883	s4-eth10	1049557	114288958
1787883897.802168883	s4-eth11	2628433	2821137053
1787883897.802168883	s4-eth12	1107195	60590863
1787883897.802168883	s4-eth13	1194125	77007494
1787883897.802168883	s4-eth14	973287	57737380
1787883897.802168883	s4-eth15	2040823	2411382139
1787883897.802168883	s4-eth16	2366991	201911916
1787883897.802168883	s4-eth17	2199970	184728652
1787883897.802168883	s4-eth18	536781	80228111
1787883897.802168883	s4-eth19	855238	997706169
1787883897.802168883	s4-eth2	330259	327417
1787883897.802168883	s4-eth20	2538902	309822639
1787883897.802168883	s4-eth21	546752	158982302
1787883897.802168883	s4-eth22	1852285	249525516
1787883897.802168883	s4-eth23	1795029	2728784713
1787883897.802168883	s4-eth24	2081201	270687588
1787883897.802168883	s4-eth25	2381517	291907438
1787883897.802168883	s4-eth26	862767	182098677
1787883897.802168883	s4-eth27	2293007	3157139156
1787883897.802168883	s4-eth28	3588193	264202434
1787883897.802168883	s4-eth29	2401957	190167123
1787883897.802168883	s4-eth3	832596	733551602
1787883897.802168883	s4-eth30	3505955	237732399
1787883897.802168883	s4-eth31	1539335	2682427908
1787883897.802168883	s4-eth32	2294054	156072049
1787883897.802168883	s4-eth33	1734704	132723931
1787883897.802168883	s4-eth34	529892	38543083
1787883897.802168883	s4-eth4	630947	91745588
1787883897.802168883	s4-eth5	3420231	271214371
1787883897.802168883	s4-eth6	2361435	203672614
1787883897.802168883	s4-eth7	923328	2570629238
1787883897.802168883	s4-eth8	1087949	117079643
1787883897.802168883	s4-eth9	1198094	130377779
1787883897.802168883	s5-eth1	39860011901	59939196
1787883897.802168883	s5-eth2	12674163532	18545375852
1787883897.802168883	s5-eth3	54209022	30210540193
1787883897.802168883	s5-eth4	342072	327690
1787883897.802168883	s6-eth1	741029598	330329
1787883897.802168883	s6-eth2	330259	203030659
1787883897.802168883	s6-eth3	330259	356733852
1787883897.802168883	s6-eth4	342197	330259
1787883897.802168883	s7-eth1	13571505911	18119752190
1787883897.802168883	s7-eth2	55620380	23001107647
1787883897.802168883	s7-eth3	29584460261	54213706
1787883897.802168883	s7-eth4	341974	330259
1787883897.802168883	s8-eth1	330259	330259
1787883897.802168883	s8-eth2	327417	330259
1787883897.802168883	s8-eth3	330259	327690
1787883897.802168883	s8-eth4	342072	330259
1787883897.802168883	s9-eth1	30211352039	54209022
1787883897.802168883	s9-eth2	356733852	330259
1787883897.802168883	s9-eth3	54213706	29585003895
1787883897.802168883	s9-eth4	327690	330259
1787883901.277443952	s10-eth1	327717	342100
1787883901.277443952	s10-eth2	330286	342225
1787883901.277443952	s10-eth3	330286	342002
1787883901.277443952	s10-eth4	330286	342100
1787883901.277443952	s1-eth1	59939223	39880253282
1787883901.277443952	s1-eth10	64612254	1154190
1787883901.277443952	s1-eth11	3670090484	677186
1787883901.277443952	s1-eth12	273630207	712999
1787883901.277443952	s1-eth13	32263380	291622
1787883901.277443952	s1-eth14	291381610	1042857
1787883901.277443952	s1-eth15	2611698497	2436100
1787883901.277443952	s1-eth16	413526411	3079934
1787883901.277443952	s1-eth17	170149123	2692754
1787883901.277443952	s1-eth18	218881062	13374
1787883901.277443952	s1-eth19	11527901112	1005430
1787883901.277443952	s1-eth2	330356	741029625
1787883901.277443952	s1-eth20	369110156	1800965
1787883901.277443952	s1-eth21	455061349	3381521
1787883901.277443952	s1-eth22	106288126	1304373
1787883901.277443952	s1-eth23	2733832722	1487003
1787883901.277443952	s1-eth24	317298920	1305894
1787883901.277443952	s1-eth25	243168570	3489678
1787883901.277443952	s1-eth26	384633643	2185933
1787883901.277443952	s1-eth27	2831010600	2180765
1787883901.277443952	s1-eth28	153208588	2382150
1787883901.277443952	s1-eth29	76005639	1220358
1787883901.277443952	s1-eth3	12000436958	5459522
1787883901.277443952	s1-eth30	97990716	1546772
1787883901.277443952	s1-eth31	2673861576	746311
1787883901.277443952	s1-eth32	361645803	1943430
1787883901.277443952	s1-eth33	176915322	2676555
1787883901.277443952	s1-eth34	116400718	1760078
1787883901.277443952	s1-eth4	324311923	1527068
1787883901.277443952	s1-eth5	335265926	1746657
1787883901.277443952	s1-eth6	345272831	2016267
1787883901.277443952	s1-eth7	2838217564	2862334
1787883901.277443952	s1-eth8	360906603	2077251
1787883901.277443952	s1-eth9	124912149	1764886
1787883901.277443952	s2-eth1	18557511751	12679866669
1787883901.277443952	s2-eth10	293451934	1056173
1787883901.277443952	s2-eth11	3718599051	2631133
1787883901.277443952	s2-eth12	62679652	1110497
1787883901.277443952	s2-eth13	90554101	1193814
1787883901.277443952	s2-eth14	73070606	974763
1787883901.277443952	s2-eth15	2564690754	2038615
1787883901.277443952	s2-eth16	384833712	2357668
1787883901.277443952	s2-eth17	367726464	2197320
1787883901.277443952	s2-eth18	248788387	545334
1787883901.277443952	s2-eth19	997275	8880201985
1787883901.277443952	s2-eth2	203030686	330286
1787883901.277443952	s2-eth20	1794545	206197740
1787883901.277443952	s2-eth21	3374946	284141757
1787883901.277443952	s2-eth22	1296927	90417720
1787883901.277443952	s2-eth23	1478973	2458566080
1787883901.277443952	s2-eth24	1298033	147349507
1787883901.277443952	s2-eth25	3484181	224394612
1787883901.277443952	s2-eth26	2178920	213332869
1787883901.277443952	s2-eth27	2172565	2553559240
1787883901.277443952	s2-eth28	2376257	145747124
1787883901.277443952	s2-eth29	1212309	73304895
1787883901.277443952	s2-eth3	1574409459	839974
1787883901.277443952	s2-eth30	1539239	93665245
1787883901.277443952	s2-eth31	738623	2400882161
1787883901.277443952	s2-eth32	1935184	199311059
1787883901.277443952	s2-eth33	2673239	169882729
1787883901.277443952	s2-eth34	1752960	98751435
1787883901.277443952	s2-eth4	269114234	637926
1787883901.277443952	s2-eth5	453822516	3414522
1787883901.277443952	s2-eth6	383807485	2357588
1787883901.277443952	s2-eth7	2731266624	923560
1787883901.277443952	s2-eth8	296427354	1087234
1787883901.277443952	s2-eth9	310373096	1200158
1787883901.277443952	s3-eth1	18133575953	13594935714
1787883901.277443952	s3-eth10	1148669	60837249
1787883901.277443952	s3-eth11	671031	2477799241
1787883901.277443952	s3-eth12	704285	87830439
1787883901.277443952	s3-eth13	282799	17392742
1787883901.277443952	s3-eth14	1034812	103103943
1787883901.277443952	s3-eth15	2429915	2308432715
1787883901.277443952	s3-eth16	3075592	217309493
1787883901.277443952	s3-eth17	2692125	149529063
1787883901.277443952	s3-eth18	4572	47644697
1787883901.277443952	s3-eth19	1582816918	863846
1787883901.277443952	s3-eth2	330286	330286
1787883901.277443952	s3-eth20	423944402	2523439
1787883901.277443952	s3-eth21	270269288	539330
1787883901.277443952	s3-eth22	372076034	1955648
1787883901.277443952	s3-eth23	2800842831	1792414
1787883901.277443952	s3-eth24	376159508	2074451
1787883901.277443952	s3-eth25	407910724	2379607
1787883901.277443952	s3-eth26	296989993	868575
1787883901.277443952	s3-eth27	3801475615	2328527
1787883901.277443952	s3-eth28	279126700	3577166
1787883901.277443952	s3-eth29	203013286	2393097
1787883901.277443952	s3-eth3	5454822	9119731076
1787883901.277443952	s3-eth30	253379263	3489080
1787883901.277443952	s3-eth31	2735576675	1527218
1787883901.277443952	s3-eth32	175364536	2366444
1787883901.277443952	s3-eth33	143979441	1736814
1787883901.277443952	s3-eth34	48326846	537880
1787883901.277443952	s3-eth4	1520889	139266099
1787883901.277443952	s3-eth5	1740412	149029833
1787883901.277443952	s3-eth6	2011240	155490412
1787883901.277443952	s3-eth7	2859866	2477549785
1787883901.277443952	s3-eth8	2071526	174082609
1787883901.277443952	s3-eth9	1758646	106983316
1787883901.277443952	s4-eth1	23031689496	55829891
1787883901.277443952	s4-eth10	1049557	114288958
1787883901.277443952	s4-eth11	2628433	2823493281
1787883901.277443952	s4-eth12	1107195	60590863
1787883901.277443952	s4-eth13	1194125	77007494
1787883901.277443952	s4-eth14	973287	57737380
1787883901.277443952	s4-eth15	2040823	2413706643
1787883901.277443952	s4-eth16	2366991	201911916
1787883901.277443952	s4-eth17	2199970	184728652
1787883901.277443952	s4-eth18	536781	80228111
1787883901.277443952	s4-eth19	855238	998170493
1787883901.277443952	s4-eth2	330286	327444
1787883901.277443952	s4-eth20	2538902	309822639
1787883901.277443952	s4-eth21	546752	158982302
1787883901.277443952	s4-eth22	1951958	258310808
1787883901.277443952	s4-eth23	1801262	2731412082
1787883901.277443952	s4-eth24	2081201	270687588
1787883901.277443952	s4-eth25	2381517	291907438
1787883901.277443952	s4-eth26	862767	182098677
1787883901.277443952	s4-eth27	2342403	3162679237
1787883901.277443952	s4-eth28	3588193	264202434
1787883901.277443952	s4-eth29	2401957	190167123
1787883901.277443952	s4-eth3	832596	734021694
1787883901.277443952	s4-eth30	3505955	237732399
1787883901.277443952	s4-eth31	1539335	2684785578
1787883901.277443952	s4-eth32	2370333	161642912
1787883901.277443952	s4-eth33	1734704	132723931
1787883901.277443952	s4-eth34	529892	38543083
1787883901.277443952	s4-eth4	630947	91745588
1787883901.277443952	s4-eth5	3420231	271214371
1787883901.277443952	s4-eth6	2361435	203672614
1787883901.277443952	s4-eth7	923328	2573024400
1787883901.277443952	s4-eth8	1087949	117079643
1787883901.277443952	s4-eth9	1198094	130377779
1787883901.277443952	s5-eth1	39894180118	59939223
1787883901.277443952	s5-eth2	12682036879	18562179505
1787883901.277443952	s5-eth3	54209049	30235209956
1787883901.277443952	s5-eth4	342100	327717
1787883901.277443952	s6-eth1	741029625	330356
1787883901.277443952	s6-eth2	330286	203030686
1787883901.277443952	s6-eth3	330286	356733879
1787883901.277443952	s6-eth4	342225	330286
1787883901.277443952	s7-eth1	13596418090	18136774309
1787883901.277443952	s7-eth2	55829891	23033659268
1787883901.277443952	s7-eth3	29609316042	54213733
1787883901.277443952	s7-eth4	342002	330286
1787883901.277443952	s8-eth1	330286	330286
1787883901.277443952	s8-eth2	327444	330286
1787883901.277443952	s8-eth3	330286	327717
1787883901.277443952	s8-eth4	342100	330286
1787883901.277443952	s9-eth1	30236134521	54209256
1787883901.277443952	s9-eth2	356733879	330286
1787883901.277443952	s9-eth3	54214073	29609716065
1787883901.277443952	s9-eth4	327717	330286
1787883905.111738335	s10-eth1	327717	342100
1787883905.111738335	s10-eth2	330286	342225
1787883905.111738335	s10-eth3	330286	342002
1787883905.111738335	s10-eth4	330286	342100
1787883905.111738335	s1-eth1	59967238	39917566125
1787883905.111738335	s1-eth10	64612254	1154190
1787883905.111738335	s1-eth11	3672560630	677186
1787883905.111738335	s1-eth12	273630207	712999
1787883905.111738335	s1-eth13	32263380	291622
1787883905.111738335	s1-eth14	291381610	1042857
1787883905.111738335	s1-eth15	2614144129	2436100
1787883905.111738335	s1-eth16	413526411	3079934
1787883905.111738335	s1-eth17	170149123	2692754
1787883905.111738335	s1-eth18	218881062	13374
1787883905.111738335	s1-eth19	11537615866	1005430
1787883905.111738335	s1-eth2	330356	741029625
1787883905.111738335	s1-eth20	369110156	1800965
1787883905.111738335	s1-eth21	455061349	3381521
1787883905.111738335	s1-eth22	106288126	1304373
1787883905.111738335	s1-eth23	2736237978	1487003
1787883905.111738335	s1-eth24	317298920	1305894
1787883905.111738335	s1-eth25	243168570	3489678
1787883905.111738335	s1-eth26	384633643	2185933
1787883905.111738335	s1-eth27	2833405762	2180765
1787883905.111738335	s1-eth28	153208588	2382150
1787883905.111738335	s1-eth29	76005639	1220358
1787883905.111738335	s1-eth3	12010056540	5459522
1787883905.111738335	s1-eth30	97990716	1546772
1787883905.111738335	s1-eth31	2676255296	746311
1787883905.111738335	s1-eth32	361645803	1943430
1787883905.111738335	s1-eth33	176915322	2676555
1787883905.111738335	s1-eth34	116400718	1760078
1787883905.111738335	s1-eth4	327092015	1556359
1787883905.111738335	s1-eth5	335265926	1746657
1787883905.111738335	s1-eth6	345272831	2016267
1787883905.111738335	s1-eth7	2840631472	2862334
1787883905.111738335	s1-eth8	360906603	2077251
1787883905.111738335	s1-eth9	124912149	1764886
1787883905.111738335	s2-eth1	18574182810	12691052305
1787883905.111738335	s2-eth10	293451934	1056173
1787883905.111738335	s2-eth11	3721024495	2631133
1787883905.111738335	s2-eth12	62679652	1110497
1787883905.111738335	s2-eth13	90554101	1193814
1787883905.111738335	s2-eth14	73070606	974763
1787883905.111738335	s2-eth15	2567129176	2038615
1787883905.111738335	s2-eth16	384833712	2357668
1787883905.111738335	s2-eth17	367726464	2197320
1787883905.111738335	s2-eth18	248788387	545334
1787883905.111738335	s2-eth19	997275	8889733605
1787883905.111738335	s2-eth2	203030686	330286
1787883905.111738335	s2-eth20	1794545	206197740
1787883905.111738335	s2-eth21	3374946	284141757
1787883905.111738335	s2-eth22	1296927	90417720
1787883905.111738335	s2-eth23	1478973	2460971336
1787883905.111738335	s2-eth24	1298033	147349507
1787883905.111738335	s2-eth25	3484181	224394612
1787883905.111738335	s2-eth26	2178920	213332869
1787883905.111738335	s2-eth27	2172565	2555960170
1787883905.111738335	s2-eth28	2376257	145747124
1787883905.111738335	s2-eth29	1212309	73304895
1787883905.111738335	s2-eth3	1574899739	839974
1787883905.111738335	s2-eth30	1539239	93665245
1787883905.111738335	s2-eth31	738623	2403317699
1787883905.111738335	s2-eth32	1935184	199311059
1787883905.111738335	s2-eth33	2673239	169882729
1787883905.111738335	s2-eth34	1752960	98751435
1787883905.111738335	s2-eth4	269929074	654049
1787883905.111738335	s2-eth5	456471688	3466674
1787883905.111738335	s2-eth6	383807485	2357588
1787883905.111738335	s2-eth7	2733756958	923560
1787883905.111738335	s2-eth8	296427354	1087234
1787883905.111738335	s2-eth9	310373096	1200158
1787883905.111738335	s3-eth1	18153216714	13605664543
1787883905.111738335	s3-eth10	1148669	60837249
1787883905.111738335	s3-eth11	671031	2480246315
1787883905.111738335	s3-eth12	704285	87830439
1787883905.111738335	s3-eth13	282799	17392742
1787883905.111738335	s3-eth14	1034812	103103943
1787883905.111738335	s3-eth15	2429915	2310849507
1787883905.111738335	s3-eth16	3075592	217309493
1787883905.111738335	s3-eth17	2692125	149529063
1787883905.111738335	s3-eth18	4572	47644697
1787883905.111738335	s3-eth19	1583317292	863846
1787883905.111738335	s3-eth2	330286	330313
1787883905.111738335	s3-eth20	423944402	2523439
1787883905.111738335	s3-eth21	270269288	539330
1787883905.111738335	s3-eth22	372076034	1955648
1787883905.111738335	s3-eth23	2803325955	1792414
1787883905.111738335	s3-eth24	376159508	2074451
1787883905.111738335	s3-eth25	407910724	2379607
1787883905.111738335	s3-eth26	296989993	868575
1787883905.111738335	s3-eth27	3803963065	2328527
1787883905.111738335	s3-eth28	279126700	3577166
1787883905.111738335	s3-eth29	203013286	2393097
1787883905.111738335	s3-eth3	5454822	9129419874
1787883905.111738335	s3-eth30	256095311	3520731
1787883905.111738335	s3-eth31	2738081429	1527218
1787883905.111738335	s3-eth32	175364536	2366444
1787883905.111738335	s3-eth33	143979441	1736814
1787883905.111738335	s3-eth34	48326846	537880
1787883905.111738335	s3-eth4	1550180	141944687
1787883905.111738335	s3-eth5	1740412	149029833
1787883905.111738335	s3-eth6	2011240	155490412
1787883905.111738335	s3-eth7	2859866	2480041561
1787883905.111738335	s3-eth8	2071526	174082609
1787883905.111738335	s3-eth9	1758646	106983316
1787883905.111738335	s4-eth1	23054152777	55930882
1787883905.111738335	s4-eth10	1049557	114288958
1787883905.111738335	s4-eth11	2628433	2826022549
1787883905.111738335	s4-eth12	1107195	60590863
1787883905.111738335	s4-eth13	1194125	77007494
1787883905.111738335	s4-eth14	973287	57737380
1787883905.111738335	s4-eth15	2040823	2416289265
1787883905.111738335	s4-eth16	2366991	201911916
1787883905.111738335	s4-eth17	2199970	184728652
1787883905.111738335	s4-eth18	536781	80228111
1787883905.111738335	s4-eth19	855238	998693939
1787883905.111738335	s4-eth2	330313	327471
1787883905.111738335	s4-eth20	2538902	309822639
1787883905.111738335	s4-eth21	546752	158982302
1787883905.111738335	s4-eth22	1951958	258310808
1787883905.111738335	s4-eth23	1801262	2734071130
1787883905.111738335	s4-eth24	2081201	270687588
1787883905.111738335	s4-eth25	2381517	291907438
1787883905.111738335	s4-eth26	862767	182098677
1787883905.111738335	s4-eth27	2342403	3165351263
1787883905.111738335	s4-eth28	3588193	264202434
1787883905.111738335	s4-eth29	2401957	190167123
1787883905.111738335	s4-eth3	832596	734555234
1787883905.111738335	s4-eth30	3537606	240338253
1787883905.111738335	s4-eth31	1539335	2687440300
1787883905.111738335	s4-eth32	2370333	161642912
1787883905.111738335	s4-eth33	1734704	132723931
1787883905.111738335	s4-eth34	529892	38543083
1787883905.111738335	s4-eth4	647070	92508952
1787883905.111738335	s4-eth5	3473421	273667419
1787883905.111738335	s4-eth6	2361435	203672614
1787883905.111738335	s4-eth7	923328	2575615674
1787883905.111738335	s4-eth8	1087949	117079643
1787883905.111738335	s4-eth9	1198094	130377779
1787883905.111738335	s5-eth1	39934060013	59968541
1787883905.111738335	s5-eth2	12693924796	18580544941
1787883905.111738335	s5-eth3	54307680	30268080695
1787883905.111738335	s5-eth4	342128	327744
1787883905.111738335	s6-eth1	741029652	330383
1787883905.111738335	s6-eth2	330313	203030713
1787883905.111738335	s6-eth3	330313	356733906
1787883905.111738335	s6-eth4	342253	330313
1787883905.111738335	s7-eth1	13607520424	18157299043
1787883905.111738335	s7-eth2	55930882	23056294147
1787883905.111738335	s7-eth3	29641682283	54312364
1787883905.111738335	s7-eth4	342030	330313
1787883905.111738335	s8-eth1	330313	330313
1787883905.111738335	s8-eth2	327471	330313
1787883905.111738335	s8-eth3	330313	327744
1787883905.111738335	s8-eth4	342128	330313
1787883905.111738335	s9-eth1	30268925707	54307680
1787883905.111738335	s9-eth2	356733906	330313
1787883905.111738335	s9-eth3	54312364	29642563345
1787883905.111738335	s9-eth4	327744	330313
1787883909.307964982	s10-eth1	327744	342128
1787883909.307964982	s10-eth2	330313	342253
1787883909.307964982	s10-eth3	330313	342030
1787883909.307964982	s10-eth4	330313	342128
1787883909.307964982	s1-eth1	60032288	39961642631
1787883909.307964982	s1-eth10	64612254	1154190
1787883909.307964982	s1-eth11	3675339364	677186
1787883909.307964982	s1-eth12	273630207	712999
1787883909.307964982	s1-eth13	32263380	291622
1787883909.307964982	s1-eth14	291381610	1042857
1787883909.307964982	s1-eth15	2616967565	2436100
1787883909.307964982	s1-eth16	413526411	3079934
1787883909.307964982	s1-eth17	170149123	2692754
1787883909.307964982	s1-eth18	218881062	13374
1787883909.307964982	s1-eth19	11549079766	1005430
1787883909.307964982	s1-eth2	330383	741029652
1787883909.307964982	s1-eth20	369110156	1800965
1787883909.307964982	s1-eth21	455061349	3381521
1787883909.307964982	s1-eth22	106288126	1304373
1787883909.307964982	s1-eth23	2739123420	1487003
1787883909.307964982	s1-eth24	317298920	1305894
1787883909.307964982	s1-eth25	243168570	3489678
1787883909.307964982	s1-eth26	384633643	2185933
1787883909.307964982	s1-eth27	2836301298	2180765
1787883909.307964982	s1-eth28	157492040	2426215
1787883909.307964982	s1-eth29	76005639	1220358
1787883909.307964982	s1-eth3	12022919273	5486054
1787883909.307964982	s1-eth30	97990716	1546772
1787883909.307964982	s1-eth31	2679129202	746311
1787883909.307964982	s1-eth32	361645803	1943430
1787883909.307964982	s1-eth33	176915322	2676555
1787883909.307964982	s1-eth34	116400718	1760078
1787883909.307964982	s1-eth4	327092015	1556359
1787883909.307964982	s1-eth5	335265926	1746657
1787883909.307964982	s1-eth6	345272831	2016267
1787883909.307964982	s1-eth7	2843470770	2862334
1787883909.307964982	s1-eth8	360906603	2077251
1787883909.307964982	s1-eth9	124912149	1764886
1787883909.307964982	s2-eth1	18597569101	12701284633
1787883909.307964982	s2-eth10	293451934	1056173
1787883909.307964982	s2-eth11	3723852257	2631133
1787883909.307964982	s2-eth12	62679652	1110497
1787883909.307964982	s2-eth13	90554101	1193814
1787883909.307964982	s2-eth14	73070606	974763
1787883909.307964982	s2-eth15	2569949728	2038615
1787883909.307964982	s2-eth16	384833712	2357668
1787883909.307964982	s2-eth17	367726464	2197320
1787883909.307964982	s2-eth18	248788387	545334
1787883909.307964982	s2-eth19	997275	8900431803
1787883909.307964982	s2-eth2	203030713	330313
1787883909.307964982	s2-eth20	1794545	206197740
1787883909.307964982	s2-eth21	3374946	284141757
1787883909.307964982	s2-eth22	1296927	90417720
1787883909.307964982	s2-eth23	1478973	2463692390
1787883909.307964982	s2-eth24	1298033	147349507
1787883909.307964982	s2-eth25	3484181	224394612
1787883909.307964982	s2-eth26	2178920	213332869
1787883909.307964982	s2-eth27	2172565	2558663920
1787883909.307964982	s2-eth28	2426100	150296974
1787883909.307964982	s2-eth29	1212309	73304895
1787883909.307964982	s2-eth3	1575460677	839974
1787883909.307964982	s2-eth30	1539239	93665245
1787883909.307964982	s2-eth31	738623	2406061825
1787883909.307964982	s2-eth32	1935184	199311059
1787883909.307964982	s2-eth33	2673239	169882729
1787883909.307964982	s2-eth34	1752960	98751435
1787883909.307964982	s2-eth4	269929074	654049
1787883909.307964982	s2-eth5	456471688	3466674
1787883909.307964982	s2-eth6	383807485	2357588
1787883909.307964982	s2-eth7	2736587604	923560
1787883909.307964982	s2-eth8	297962026	1119312
1787883909.307964982	s2-eth9	310373096	1200158
1787883909.307964982	s3-eth1	18173128839	13620173289
1787883909.307964982	s3-eth10	1148669	60837249
1787883909.307964982	s3-eth11	671031	2482922667
1787883909.307964982	s3-eth12	704285	87830439
1787883909.307964982	s3-eth13	282799	17392742
1787883909.307964982	s3-eth14	1034812	103103943
1787883909.307964982	s3-eth15	2429915	2313544605
1787883909.307964982	s3-eth16	3075592	217309493
1787883909.307964982	s3-eth17	2692125	149529063
1787883909.307964982	s3-eth18	4572	47644697
1787883909.307964982	s3-eth19	1583891208	863846
1787883909.307964982	s3-eth2	330313	330313
1787883909.307964982	s3-eth20	423944402	2523439
1787883909.307964982	s3-eth21	270269288	539330
1787883909.307964982	s3-eth22	372076034	1955648
1787883909.307964982	s3-eth23	2806221491	1792414
1787883909.307964982	s3-eth24	376159508	2074451
1787883909.307964982	s3-eth25	407910724	2379607
1787883909.307964982	s3-eth26	296989993	868575
1787883909.307964982	s3-eth27	3806900419	2328527
1787883909.307964982	s3-eth28	284542599	3671695
1787883909.307964982	s3-eth29	203013286	2393097
1787883909.307964982	s3-eth3	5481354	9141542097
1787883909.307964982	s3-eth30	256095311	3520731
1787883909.307964982	s3-eth31	2741033203	1527218
1787883909.307964982	s3-eth32	175364536	2366444
1787883909.307964982	s3-eth33	143979441	1736814
1787883909.307964982	s3-eth34	48326846	537880
1787883909.307964982	s3-eth4	1550180	141944687
1787883909.307964982	s3-eth5	1740412	149029833
1787883909.307964982	s3-eth6	2011240	155490412
1787883909.307964982	s3-eth7	2859866	2482849135
1787883909.307964982	s3-eth8	2071526	174082609
1787883909.307964982	s3-eth9	1758646	106983316
1787883909.307964982	s4-eth1	23079666436	56057951
1787883909.307964982	s4-eth10	1049557	114288958
1787883909.307964982	s4-eth11	2628433	2828864731
1787883909.307964982	s4-eth12	1107195	60590863
1787883909.307964982	s4-eth13	1194125	77007494
1787883909.307964982	s4-eth14	973287	57737380
1787883909.307964982	s4-eth15	2040823	2419140099
1787883909.307964982	s4-eth16	2366991	201911916
1787883909.307964982	s4-eth17	2199970	184728652
1787883909.307964982	s4-eth18	536781	80228111
1787883909.307964982	s4-eth19	855238	999285159
1787883909.307964982	s4-eth2	330340	327498
1787883909.307964982	s4-eth20	2538902	309822639
1787883909.307964982	s4-eth21	546752	158982302
1787883909.307964982	s4-eth22	1951958	258310808
1787883909.307964982	s4-eth23	1801262	2737009926
1787883909.307964982	s4-eth24	2081201	270687588
1787883909.307964982	s4-eth25	2381517	291907438
1787883909.307964982	s4-eth26	862767	182098677
1787883909.307964982	s4-eth27	2342403	3168272755
1787883909.307964982	s4-eth28	3683052	269501755
1787883909.307964982	s4-eth29	2401957	190167123
1787883909.307964982	s4-eth3	832596	735123382
1787883909.307964982	s4-eth30	3537606	240338253
1787883909.307964982	s4-eth31	1539335	2690439660
1787883909.307964982	s4-eth32	2370333	161642912
1787883909.307964982	s4-eth33	1734704	132723931
1787883909.307964982	s4-eth34	529892	38543083
1787883909.307964982	s4-eth4	647070	92508952
1787883909.307964982	s4-eth5	3473421	273667419
1787883909.307964982	s4-eth6	2361435	203672614
1787883909.307964982	s4-eth7	923328	2578593404
1787883909.307964982	s4-eth8	1120159	118497951
1787883909.307964982	s4-eth9	1198094	130377779
1787883909.307964982	s5-eth1	39986204291	60072268
1787883909.307964982	s5-eth2	12705503767	18608520640
1787883909.307964982	s5-eth3	54366449	30301987691
1787883909.307964982	s5-eth4	342156	327771
1787883909.307964982	s6-eth1	741029679	330410
1787883909.307964982	s6-eth2	330340	203030740
1787883909.307964982	s6-eth3	330340	356733933
1787883909.307964982	s6-eth4	342281	330340
1787883909.307964982	s7-eth1	13623054432	18179400124
1787883909.307964982	s7-eth2	56057978	23083154661
1787883909.307964982	s7-eth3	29675624613	54371133
1787883909.307964982	s7-eth4	342058	330340
1787883909.307964982	s8-eth1	330340	330340
1787883909.307964982	s8-eth2	327498	330340
1787883909.307964982	s8-eth3	330340	327771
1787883909.307964982	s8-eth4	342156	330340
1787883909.307964982	s9-eth1	30303634455	54366449
1787883909.307964982	s9-eth2	356733933	330340
1787883909.307964982	s9-eth3	54371133	29676760909
1787883909.307964982	s9-eth4	327771	330340
1787883914.225048276	s10-eth1	327771	342156
1787883914.225048276	s10-eth2	330340	342281
1787883914.225048276	s10-eth3	330340	342058
1787883914.225048276	s10-eth4	330340	342156
1787883914.225048276	s1-eth1	60131448	40011202891
1787883914.225048276	s1-eth10	64612254	1154190
1787883914.225048276	s1-eth11	3678396404	677186
1787883914.225048276	s1-eth12	274159425	727913
1787883914.225048276	s1-eth13	32263380	291622
1787883914.225048276	s1-eth14	291381610	1042857
1787883914.225048276	s1-eth15	2619959715	2436100
1787883914.225048276	s1-eth16	413526411	3079934
1787883914.225048276	s1-eth17	170149123	2692754
1787883914.225048276	s1-eth18	218881062	13374
1787883914.225048276	s1-eth19	11561104604	1005430
1787883914.225048276	s1-eth2	330410	741029679
1787883914.225048276	s1-eth20	369110156	1800965
1787883914.225048276	s1-eth21	455061349	3381521
1787883914.225048276	s1-eth22	106288126	1304373
1787883914.225048276	s1-eth23	2742176134	1487003
1787883914.225048276	s1-eth24	317298920	1305894
1787883914.225048276	s1-eth25	247048402	3542998
1787883914.225048276	s1-eth26	384633643	2185933
1787883914.225048276	s1-eth27	2839379968	2180765
1787883914.225048276	s1-eth28	160614768	2459318
1787883914.225048276	s1-eth29	76005639	1220358
1787883914.225048276	s1-eth3	12035261351	5486054
1787883914.225048276	s1-eth30	97990716	1546772
1787883914.225048276	s1-eth31	2682203546	746311
1787883914.225048276	s1-eth32	361645803	1943430
1787883914.225048276	s1-eth33	176915322	2676555
1787883914.225048276	s1-eth34	116400718	1760078
1787883914.225048276	s1-eth4	327092015	1556359
1787883914.225048276	s1-eth5	335265926	1746657
1787883914.225048276	s1-eth6	345272831	2016267
1787883914.225048276	s1-eth7	2846539346	2862334
1787883914.225048276	s1-eth8	360906603	2077251
1787883914.225048276	s1-eth9	124912149	1764886
1787883914.225048276	s2-eth1	18625392662	12715185069
1787883914.225048276	s2-eth10	293451934	1056173
1787883914.225048276	s2-eth11	3726910739	2631133
1787883914.225048276	s2-eth12	62679652	1110497
1787883914.225048276	s2-eth13	90554101	1193814
1787883914.225048276	s2-eth14	73070606	974763
1787883914.225048276	s2-eth15	2572983696	2038615
1787883914.225048276	s2-eth16	384833712	2357668
1787883914.225048276	s2-eth17	367726464	2197320
1787883914.225048276	s2-eth18	248788387	545334
1787883914.225048276	s2-eth19	997275	8911990875
1787883914.225048276	s2-eth2	203030740	330340
1787883914.225048276	s2-eth20	1794545	206197740
1787883914.225048276	s2-eth21	3374946	284141757
1787883914.225048276	s2-eth22	1296927	90417720
1787883914.225048276	s2-eth23	1478973	2466586484
1787883914.225048276	s2-eth24	1298033	147349507
1787883914.225048276	s2-eth25	3543423	228655972
1787883914.225048276	s2-eth26	2178920	213332869
1787883914.225048276	s2-eth27	2172565	2561543594
1787883914.225048276	s2-eth28	2453425	152871634
1787883914.225048276	s2-eth29	1212309	73304895
1787883914.225048276	s2-eth3	1576053339	839974
1787883914.225048276	s2-eth30	1539239	93665245
1787883914.225048276	s2-eth31	738623	2408925637
1787883914.225048276	s2-eth32	1935184	199311059
1787883914.225048276	s2-eth33	2673239	169882729
1787883914.225048276	s2-eth34	1752960	98751435
1787883914.225048276	s2-eth4	269929074	654049
1787883914.225048276	s2-eth5	456471688	3466674
1787883914.225048276	s2-eth6	383807485	2357588
1787883914.225048276	s2-eth7	2743445196	983484
1787883914.225048276	s2-eth8	297962026	1119312
1787883914.225048276	s2-eth9	310373096	1200158
1787883914.225048276	s3-eth1	18194591201	13632164799
1787883914.225048276	s3-eth10	1148669	60837249
1787883914.225048276	s3-eth11	671031	2485721589
1787883914.225048276	s3-eth12	739707	89708230
1787883914.225048276	s3-eth13	282799	17392742
1787883914.225048276	s3-eth14	1034812	103103943
1787883914.225048276	s3-eth15	2429915	2316343527
1787883914.225048276	s3-eth16	3075592	217309493
1787883914.225048276	s3-eth17	2692125	149529063
1787883914.225048276	s3-eth18	4572	47644697
1787883914.225048276	s3-eth19	1584478102	863846
1787883914.225048276	s3-eth2	330340	330340
1787883914.225048276	s3-eth20	426618309	2563380
1787883914.225048276	s3-eth21	270269288	539330
1787883914.225048276	s3-eth22	372076034	1955648
1787883914.225048276	s3-eth23	2809140099	1792414
1787883914.225048276	s3-eth24	376159508	2074451
1787883914.225048276	s3-eth25	407910724	2379607
1787883914.225048276	s3-eth26	296989993	868575
1787883914.225048276	s3-eth27	3809778651	2328527
1787883914.225048276	s3-eth28	284542599	3671695
1787883914.225048276	s3-eth29	203013286	2393097
1787883914.225048276	s3-eth3	5481354	9152517159
1787883914.225048276	s3-eth30	256095311	3520731
1787883914.225048276	s3-eth31	2743905667	1527218
1787883914.225048276	s3-eth32	175364536	2366444
1787883914.225048276	s3-eth33	143979441	1736814
1787883914.225048276	s3-eth34	48326846	537880
1787883914.225048276	s3-eth4	1550180	141944687
1787883914.225048276	s3-eth5	1740412	149029833
1787883914.225048276	s3-eth6	2011240	155490412
1787883914.225048276	s3-eth7	2859866	2485623543
1787883914.225048276	s3-eth8	2071526	174082609
1787883914.225048276	s3-eth9	1758646	106983316
1787883914.225048276	s4-eth1	23105236142	56168487
1787883914.225048276	s4-eth10	1049557	114288958
1787883914.225048276	s4-eth11	2628433	2831680957
1787883914.225048276	s4-eth12	1107195	60590863
1787883914.225048276	s4-eth13	1194125	77007494
1787883914.225048276	s4-eth14	973287	57737380
1787883914.225048276	s4-eth15	2040823	2421947673
1787883914.225048276	s4-eth16	2366991	201911916
1787883914.225048276	s4-eth17	2199970	184728652
1787883914.225048276	s4-eth18	536781	80228111
1787883914.225048276	s4-eth19	855238	999857633
1787883914.225048276	s4-eth2	330340	327498
1787883914.225048276	s4-eth20	2578843	312448098
1787883914.225048276	s4-eth21	546752	158982302
1787883914.225048276	s4-eth22	1951958	258310808
1787883914.225048276	s4-eth23	1801262	2739889600
1787883914.225048276	s4-eth24	2081201	270687588
1787883914.225048276	s4-eth25	2381517	291907438
1787883914.225048276	s4-eth26	862767	182098677
1787883914.225048276	s4-eth27	2342403	3171176943
1787883914.225048276	s4-eth28	3683052	269501755
1787883914.225048276	s4-eth29	2401957	190167123
1787883914.225048276	s4-eth3	832596	735700182
1787883914.225048276	s4-eth30	3537606	240338253
1787883914.225048276	s4-eth31	1539335	2693348174
1787883914.225048276	s4-eth32	2370333	161642912
1787883914.225048276	s4-eth33	1734704	132723931
1787883914.225048276	s4-eth34	529892	38543083
1787883914.225048276	s4-eth4	647070	92508952
1787883914.225048276	s4-eth5	3473421	273667419
1787883914.225048276	s4-eth6	2361435	203672614
1787883914.225048276	s4-eth7	1004069	2586683669
1787883914.225048276	s4-eth8	1120159	118497951
1787883914.225048276	s4-eth9	1198094	130377779
1787883914.225048276	s5-eth1	40034995459	60202048
1787883914.225048276	s5-eth2	12720245716	18635262316
1787883914.225048276	s5-eth3	54482573	30338118896
1787883914.225048276	s5-eth4	342184	327798
1787883914.225048276	s6-eth1	741029706	330437
1787883914.225048276	s6-eth2	330367	203030767
1787883914.225048276	s6-eth3	330367	356733960
1787883914.225048276	s6-eth4	342309	330367
1787883914.225048276	s7-eth1	13634910394	18200572909
1787883914.225048276	s7-eth2	56178687	23109209466
1787883914.225048276	s7-eth3	29711252030	54487257
1787883914.225048276	s7-eth4	342086	330367
1787883914.225048276	s8-eth1	330367	330367
1787883914.225048276	s8-eth2	327525	330367
1787883914.225048276	s8-eth3	330367	327798
1787883914.225048276	s8-eth4	342184	330367
1787883914.225048276	s9-eth1	30339363342	54482573
1787883914.225048276	s9-eth2	356733960	330367
1787883914.225048276	s9-eth3	54487257	29712043688
1787883914.225048276	s9-eth4	327798	330367
1787883918.603826433	s10-eth1	327798	342184
1787883918.603826433	s10-eth2	330367	342309
1787883918.603826433	s10-eth3	330367	342086
1787883918.603826433	s10-eth4	330367	342184
1787883918.603826433	s1-eth1	60202333	40056066762
1787883918.603826433	s1-eth10	64613053	1154475
1787883918.603826433	s1-eth11	3681234260	677186
1787883918.603826433	s1-eth12	275627350	748355
1787883918.603826433	s1-eth13	32263380	291622
1787883918.603826433	s1-eth14	291381610	1042857
1787883918.603826433	s1-eth15	2622830737	2436100
1787883918.603826433	s1-eth16	413526411	3079934
1787883918.603826433	s1-eth17	170149123	2692754
1787883918.603826433	s1-eth18	218881062	13374
1787883918.603826433	s1-eth19	11572561294	1005430
1787883918.603826433	s1-eth2	330437	741029706
1787883918.603826433	s1-eth20	369110156	1800965
1787883918.603826433	s1-eth21	455061349	3381521
1787883918.603826433	s1-eth22	106288126	1304373
1787883918.603826433	s1-eth23	2745018316	1487003
1787883918.603826433	s1-eth24	317298920	1305894
1787883918.603826433	s1-eth25	250419426	3584075
1787883918.603826433	s1-eth26	384633643	2185933
1787883918.603826433	s1-eth27	2842197636	2180765
1787883918.603826433	s1-eth28	160614768	2459318
1787883918.603826433	s1-eth29	76005639	1220358
1787883918.603826433	s1-eth3	12046594029	5486054
1787883918.603826433	s1-eth30	97990716	1546772
1787883918.603826433	s1-eth31	2685054380	746311
1787883918.603826433	s1-eth32	361645803	1943430
1787883918.603826433	s1-eth33	176915322	2676555
1787883918.603826433	s1-eth34	116400718	1760078
1787883918.603826433	s1-eth4	327092015	1556359
1787883918.603826433	s1-eth5	335265926	1746657
1787883918.603826433	s1-eth6	345272831	2016267
1787883918.603826433	s1-eth7	2849395948	2862334
1787883918.603826433	s1-eth8	360906603	2077251
1787883918.603826433	s1-eth9	124912149	1764886
1787883918.603826433	s2-eth1	18647898794	12727274896
1787883918.603826433	s2-eth10	293451934	1056173
1787883918.603826433	s2-eth11	3729807717	2631133
1787883918.603826433	s2-eth12	62679652	1110497
1787883918.603826433	s2-eth13	90554101	1193814
1787883918.603826433	s2-eth14	74103396	996575
1787883918.603826433	s2-eth15	2575922492	2038615
1787883918.603826433	s2-eth16	384833712	2357668
1787883918.603826433	s2-eth17	367726464	2197320
1787883918.603826433	s2-eth18	248788387	545334
1787883918.603826433	s2-eth19	997275	8923350951
1787883918.603826433	s2-eth2	203030767	330367
1787883918.603826433	s2-eth20	1794545	206197740
1787883918.603826433	s2-eth21	3374946	284141757
1787883918.603826433	s2-eth22	1296927	90417720
1787883918.603826433	s2-eth23	1478973	2469476252
1787883918.603826433	s2-eth24	1298033	147349507
1787883918.603826433	s2-eth25	3578578	231447134
1787883918.603826433	s2-eth26	2178920	213332869
1787883918.603826433	s2-eth27	2172565	2564454992
1787883918.603826433	s2-eth28	2453425	152871634
1787883918.603826433	s2-eth29	1212309	73304895
1787883918.603826433	s2-eth3	1576657537	839974
1787883918.603826433	s2-eth30	1539239	93665245
1787883918.603826433	s2-eth31	738623	2411871643
1787883918.603826433	s2-eth32	1935184	199311059
1787883918.603826433	s2-eth33	2673239	169882729
1787883918.603826433	s2-eth34	1752960	98751435
1787883918.603826433	s2-eth4	269929074	654049
1787883918.603826433	s2-eth5	456471688	3466674
1787883918.603826433	s2-eth6	383807485	2357588
1787883918.603826433	s2-eth7	2748110315	1004301
1787883918.603826433	s2-eth8	297962026	1119312
1787883918.603826433	s2-eth9	310373096	1200158
1787883918.603826433	s3-eth1	18217045021	13648291103
1787883918.603826433	s3-eth10	1177909	62397821
1787883918.603826433	s3-eth11	671031	2488719507
1787883918.603826433	s3-eth12	739707	89708230
1787883918.603826433	s3-eth13	282799	17392742
1787883918.603826433	s3-eth14	1034812	103103943
1787883918.603826433	s3-eth15	2429915	2319354423
1787883918.603826433	s3-eth16	3075592	217309493
1787883918.603826433	s3-eth17	2692125	149529063
1787883918.603826433	s3-eth18	4572	47644697
1787883918.603826433	s3-eth19	1585108256	863846
1787883918.603826433	s3-eth2	330367	330367
1787883918.603826433	s3-eth20	426618309	2563380
1787883918.603826433	s3-eth21	270269288	539330
1787883918.603826433	s3-eth22	372076034	1955648
1787883918.603826433	s3-eth23	2817255013	1855082
1787883918.603826433	s3-eth24	376159508	2074451
1787883918.603826433	s3-eth25	407910724	2379607
1787883918.603826433	s3-eth26	296989993	868575
1787883918.603826433	s3-eth27	3813049107	2328527
1787883918.603826433	s3-eth28	284542599	3671695
1787883918.603826433	s3-eth29	203013286	2393097
1787883918.603826433	s3-eth3	5481354	9164792905
1787883918.603826433	s3-eth30	256095311	3520731
1787883918.603826433	s3-eth31	2748982816	1559736
1787883918.603826433	s3-eth32	175364536	2366444
1787883918.603826433	s3-eth33	143979441	1736814
1787883918.603826433	s3-eth34	48326846	537880
1787883918.603826433	s3-eth4	1550180	141944687
1787883918.603826433	s3-eth5	1740412	149029833
1787883918.603826433	s3-eth6	2011240	155490412
1787883918.603826433	s3-eth7	2859866	2488764219
1787883918.603826433	s3-eth8	2071526	174082609
1787883918.603826433	s3-eth9	1758646	106983316
1787883918.603826433	s4-eth1	23136121635	56312417
1787883918.603826433	s4-eth10	1049557	114288958
1787883918.603826433	s4-eth11	2628433	2834902385
1787883918.603826433	s4-eth12	1107195	60590863
1787883918.603826433	s4-eth13	1194125	77007494
1787883918.603826433	s4-eth14	1010763	60079388
1787883918.603826433	s4-eth15	2040823	2425164775
1787883918.603826433	s4-eth16	2366991	201911916
1787883918.603826433	s4-eth17	2199970	184728652
1787883918.603826433	s4-eth18	536781	80228111
1787883918.603826433	s4-eth19	855238	1000510859
1787883918.603826433	s4-eth2	330367	327525
1787883918.603826433	s4-eth20	2578843	312448098
1787883918.603826433	s4-eth21	546752	158982302
1787883918.603826433	s4-eth22	1951958	258310808
1787883918.603826433	s4-eth23	1864470	2747900480
1787883918.603826433	s4-eth24	2081201	270687588
1787883918.603826433	s4-eth25	2381517	291907438
1787883918.603826433	s4-eth26	862767	182098677
1787883918.603826433	s4-eth27	2342403	3174336365
1787883918.603826433	s4-eth28	3683052	269501755
1787883918.603826433	s4-eth29	2401957	190167123
1787883918.603826433	s4-eth3	832596	736307264
1787883918.603826433	s4-eth30	3537606	240338253
1787883918.603826433	s4-eth31	1572381	2698146445
1787883918.603826433	s4-eth32	2370333	161642912
1787883918.603826433	s4-eth33	1734704	132723931
1787883918.603826433	s4-eth34	529892	38543083
1787883918.603826433	s4-eth4	647070	92508952
1787883918.603826433	s4-eth5	3473421	273667419
1787883918.603826433	s4-eth6	2361435	203672614
1787883918.603826433	s4-eth7	1004069	2589750803
1787883918.603826433	s4-eth8	1120159	118497951
1787883918.603826433	s4-eth9	1198094	130377779
1787883918.603826433	s5-eth1	40081748692	60241567
1787883918.603826433	s5-eth2	12733052045	18656736591
1787883918.603826433	s5-eth3	54559568	30374770576
1787883918.603826433	s5-eth4	342212	327825
1787883918.603826433	s6-eth1	741029733	330464
1787883918.603826433	s6-eth2	330394	203030794
1787883918.603826433	s6-eth3	330394	356733987
1787883918.603826433	s6-eth4	342337	330394
1787883918.603826433	s7-eth1	13652055696	18224248033
1787883918.603826433	s7-eth2	56312444	23138857136
1787883918.603826433	s7-eth3	29747797656	54564252
1787883918.603826433	s7-eth4	342114	330394
1787883918.603826433	s8-eth1	330394	330394
1787883918.603826433	s8-eth2	327552	330394
1787883918.603826433	s8-eth3	330394	327825
1787883918.603826433	s8-eth4	342212	330394
1787883918.603826433	s9-eth1	30376932134	54559568
1787883918.603826433	s9-eth2	356733987	330394
1787883918.603826433	s9-eth3	54564252	29749509310
1787883918.603826433	s9-eth4	327825	330394
1787883923.842021901	s10-eth1	327825	342212
1787883923.842021901	s10-eth2	330394	342337
1787883923.842021901	s10-eth3	330394	342114
1787883923.842021901	s10-eth4	330394	342212
1787883923.842021901	s1-eth1	60265071	40107858221
1787883923.842021901	s1-eth10	67059997	1193682
1787883923.842021901	s1-eth11	3684669104	677186
1787883923.842021901	s1-eth12	275627350	748355
1787883923.842021901	s1-eth13	32263380	291622
1787883923.842021901	s1-eth14	291381610	1042857
1787883923.842021901	s1-eth15	2626251161	2436100
1787883923.842021901	s1-eth16	413526559	3079934
1787883923.842021901	s1-eth17	170149123	2692754
1787883923.842021901	s1-eth18	218881062	13374
1787883923.842021901	s1-eth19	11586114652	1005430
1787883923.842021901	s1-eth2	330464	741029733
1787883923.842021901	s1-eth20	369110156	1800965
1787883923.842021901	s1-eth21	455061349	3381521
1787883923.842021901	s1-eth22	106288126	1304373
1787883923.842021901	s1-eth23	2748402690	1487003
1787883923.842021901	s1-eth24	317298920	1305894
1787883923.842021901	s1-eth25	250419426	3584075
1787883923.842021901	s1-eth26	384633643	2185933
1787883923.842021901	s1-eth27	2845594988	2180765
1787883923.842021901	s1-eth28	160614768	2459318
1787883923.842021901	s1-eth29	76005639	1220358
1787883923.842021901	s1-eth3	12060187763	5486054
1787883923.842021901	s1-eth30	97990716	1546772
1787883923.842021901	s1-eth31	2688460384	746311
1787883923.842021901	s1-eth32	363523797	1973248
1787883923.842021901	s1-eth33	176915322	2676555
1787883923.842021901	s1-eth34	116400718	1760078
1787883923.842021901	s1-eth4	327092015	1556359
1787883923.842021901	s1-eth5	335265926	1746657
1787883923.842021901	s1-eth6	345272831	2016267
1787883923.842021901	s1-eth7	2852868284	2862334
1787883923.842021901	s1-eth8	360906603	2077251
1787883923.842021901	s1-eth9	124912149	1764886
1787883923.842021901	s2-eth1	18672650803	12739921336
1787883923.842021901	s2-eth10	293451934	1056173
1787883923.842021901	s2-eth11	3733235351	2631133
1787883923.842021901	s2-eth12	62679652	1110497
1787883923.842021901	s2-eth13	90554101	1193814
1787883923.842021901	s2-eth14	75619704	1012239
1787883923.842021901	s2-eth15	2579353010	2038615
1787883923.842021901	s2-eth16	384833712	2357668
1787883923.842021901	s2-eth17	367726464	2197320
1787883923.842021901	s2-eth18	248788387	545334
1787883923.842021901	s2-eth19	997275	8936170331
1787883923.842021901	s2-eth2	203030794	330394
1787883923.842021901	s2-eth20	1794545	206197740
1787883923.842021901	s2-eth21	3374946	284141757
1787883923.842021901	s2-eth22	1296927	90417720
1787883923.842021901	s2-eth23	1478973	2472782758
1787883923.842021901	s2-eth24	1298033	147349507
1787883923.842021901	s2-eth25	3578578	231447134
1787883923.842021901	s2-eth26	2178920	213332869
1787883923.842021901	s2-eth27	2172565	2567790338
1787883923.842021901	s2-eth28	2453425	152871634
1787883923.842021901	s2-eth29	1212309	73304895
1787883923.842021901	s2-eth3	1577361233	839974
1787883923.842021901	s2-eth30	1539239	93665245
1787883923.842021901	s2-eth31	738623	2415231503
1787883923.842021901	s2-eth32	1965069	201086101
1787883923.842021901	s2-eth33	2673239	169882729
1787883923.842021901	s2-eth34	1752960	98751435
1787883923.842021901	s2-eth4	269929074	654049
1787883923.842021901	s2-eth5	456471688	3466674
1787883923.842021901	s2-eth6	383807485	2357588
1787883923.842021901	s2-eth7	2751592745	1004301
1787883923.842021901	s2-eth8	297962026	1119312
1787883923.842021901	s2-eth9	310373096	1200158
1787883923.842021901	s3-eth1	18241125653	13668478248
1787883923.842021901	s3-eth10	1188293	63110326
1787883923.842021901	s3-eth11	671031	2491951029
1787883923.842021901	s3-eth12	739707	89708230
1787883923.842021901	s3-eth13	282799	17392742
1787883923.842021901	s3-eth14	1034812	103103943
1787883923.842021901	s3-eth15	2429915	2322630647
1787883923.842021901	s3-eth16	3093184	218131157
1787883923.842021901	s3-eth17	2692125	149529063
1787883923.842021901	s3-eth18	4572	47644697
1787883923.842021901	s3-eth19	1585811952	863846
1787883923.842021901	s3-eth2	330394	330394
1787883923.842021901	s3-eth20	426618309	2563380
1787883923.842021901	s3-eth21	274001595	600251
1787883923.842021901	s3-eth22	372076034	1955648
1787883923.842021901	s3-eth23	2820764841	1855082
1787883923.842021901	s3-eth24	376159508	2074451
1787883923.842021901	s3-eth25	407910724	2379607
1787883923.842021901	s3-eth26	296989993	868575
1787883923.842021901	s3-eth27	3816543073	2328527
1787883923.842021901	s3-eth28	284542599	3671695
1787883923.842021901	s3-eth29	203013286	2393097
1787883923.842021901	s3-eth3	5481354	9177727645
1787883923.842021901	s3-eth30	256095311	3520731
1787883923.842021901	s3-eth31	2757151179	1630167
1787883923.842021901	s3-eth32	175364536	2366444
1787883923.842021901	s3-eth33	143979441	1736814
1787883923.842021901	s3-eth34	48326846	537880
1787883923.842021901	s3-eth4	1550180	141944687
1787883923.842021901	s3-eth5	1740412	149029833
1787883923.842021901	s3-eth6	2011240	155490412
1787883923.842021901	s3-eth7	2859866	2491896243
1787883923.842021901	s3-eth8	2071526	174082609
1787883923.842021901	s3-eth9	1758646	106983316
1787883923.842021901	s4-eth1	23165585248	56443874
1787883923.842021901	s4-eth10	1049557	114288958
1787883923.842021901	s4-eth11	2628433	2838115161
1787883923.842021901	s4-eth12	1107195	60590863
1787883923.842021901	s4-eth13	1194125	77007494
1787883923.842021901	s4-eth14	1010763	60079388
1787883923.842021901	s4-eth15	2040823	2428329965
1787883923.842021901	s4-eth16	2366991	201911916
1787883923.842021901	s4-eth17	2199970	184728652
1787883923.842021901	s4-eth18	536781	80228111
1787883923.842021901	s4-eth19	855238	1001165527
1787883923.842021901	s4-eth2	330394	327552
1787883923.842021901	s4-eth20	2578843	312448098
1787883923.842021901	s4-eth21	607673	162593489
1787883923.842021901	s4-eth22	1951958	258310808
1787883923.842021901	s4-eth23	1864470	2751231500
1787883923.842021901	s4-eth24	2081201	270687588
1787883923.842021901	s4-eth25	2381517	291907438
1787883923.842021901	s4-eth26	862767	182098677
1787883923.842021901	s4-eth27	2342403	3177684689
1787883923.842021901	s4-eth28	3683052	269501755
1787883923.842021901	s4-eth29	2401957	190167123
1787883923.842021901	s4-eth3	832596	736973468
1787883923.842021901	s4-eth30	3537606	240338253
1787883923.842021901	s4-eth31	1642890	2706137882
1787883923.842021901	s4-eth32	2370333	161642912
1787883923.842021901	s4-eth33	1734704	132723931
1787883923.842021901	s4-eth34	529892	38543083
1787883923.842021901	s4-eth4	647070	92508952
1787883923.842021901	s4-eth5	3473421	273667419
1787883923.842021901	s4-eth6	2361435	203672614
1787883923.842021901	s4-eth7	1004069	2593097685
1787883923.842021901	s4-eth8	1120159	118497951
1787883923.842021901	s4-eth9	1198094	130377779
1787883923.842021901	s5-eth1	40134751838	60310234
1787883923.842021901	s5-eth2	12744162285	18681594114
1787883923.842021901	s5-eth3	54598813	30411800551
1787883923.842021901	s5-eth4	342240	327852
1787883923.842021901	s6-eth1	741029760	330491
1787883923.842021901	s6-eth2	330421	203030821
1787883923.842021901	s6-eth3	330421	356734014
1787883923.842021901	s6-eth4	342365	330421
1787883923.842021901	s7-eth1	13671562479	18249505650
1787883923.842021901	s7-eth2	56443901	23168891781
1787883923.842021901	s7-eth3	29784329845	54606065
1787883923.842021901	s7-eth4	342142	330421
1787883923.842021901	s8-eth1	330421	330421
1787883923.842021901	s8-eth2	327579	330421
1787883923.842021901	s8-eth3	330421	327852
1787883923.842021901	s8-eth4	342240	330421
1787883923.842021901	s9-eth1	30413182697	54601777
1787883923.842021901	s9-eth2	356734014	330421
1787883923.842021901	s9-eth3	54606461	29784759415
1787883923.842021901	s9-eth4	327852	330421
1787883928.919950925	s10-eth1	327852	342240
1787883928.919950925	s10-eth2	330421	342365
1787883928.919950925	s10-eth3	330421	342142
1787883928.919950925	s10-eth4	330421	342240
1787883928.919950925	s1-eth1	60483184	40166666859
1787883928.919950925	s1-eth10	67059997	1193682
1787883928.919950925	s1-eth11	3687891974	677186
1787883928.919950925	s1-eth12	275627350	748355
1787883928.919950925	s1-eth13	32263380	291622
1787883928.919950925	s1-eth14	291381610	1042857
1787883928.919950925	s1-eth15	2629461053	2436100
1787883928.919950925	s1-eth16	419051893	3167042
1787883928.919950925	s1-eth17	170149123	2692754
1787883928.919950925	s1-eth18	218881062	13374
1787883928.919950925	s1-eth19	11598993154	1005430
1787883928.919950925	s1-eth2	330491	741029760
1787883928.919950925	s1-eth20	369110156	1800965
1787883928.919950925	s1-eth21	455061349	3381521
1787883928.919950925	s1-eth22	106288126	1304373
1787883928.919950925	s1-eth23	2751622676	1487003
1787883928.919950925	s1-eth24	317298920	1305894
1787883928.919950925	s1-eth25	250419426	3584075
1787883928.919950925	s1-eth26	384633643	2185933
1787883928.919950925	s1-eth27	2848817858	2180765
1787883928.919950925	s1-eth28	160614768	2459318
1787883928.919950925	s1-eth29	76005639	1220358
1787883928.919950925	s1-eth3	12073242189	5486054
1787883928.919950925	s1-eth30	97990716	1546772
1787883928.919950925	s1-eth31	2691719304	746311
1787883928.919950925	s1-eth32	369182087	2052665
1787883928.919950925	s1-eth33	176915322	2676555
1787883928.919950925	s1-eth34	116400718	1760078
1787883928.919950925	s1-eth4	328467207	1584379
1787883928.919950925	s1-eth5	335265926	1746657
1787883928.919950925	s1-eth6	345272831	2016267
1787883928.919950925	s1-eth7	2856164696	2862334
1787883928.919950925	s1-eth8	360906603	2077251
1787883928.919950925	s1-eth9	127254095	1805094
1787883928.919950925	s2-eth1	18701668946	12750774942
1787883928.919950925	s2-eth10	293451934	1056173
1787883928.919950925	s2-eth11	3736605305	2631133
1787883928.919950925	s2-eth12	62679652	1110497
1787883928.919950925	s2-eth13	90554101	1193814
1787883928.919950925	s2-eth14	75619704	1012239
1787883928.919950925	s2-eth15	2582753246	2038615
1787883928.919950925	s2-eth16	384833712	2357668
1787883928.919950925	s2-eth17	367726464	2197320
1787883928.919950925	s2-eth18	248788387	545334
1787883928.919950925	s2-eth19	997275	8949178613
1787883928.919950925	s2-eth2	203030821	330421
1787883928.919950925	s2-eth20	1794545	206197740
1787883928.919950925	s2-eth21	3374946	284141757
1787883928.919950925	s2-eth22	1296927	90417720
1787883928.919950925	s2-eth23	1478973	2476071960
1787883928.919950925	s2-eth24	1298033	147349507
1787883928.919950925	s2-eth25	3578578	231447134
1787883928.919950925	s2-eth26	2178920	213332869
1787883928.919950925	s2-eth27	2172565	2571106938
1787883928.919950925	s2-eth28	2453425	152871634
1787883928.919950925	s2-eth29	1212309	73304895
1787883928.919950925	s2-eth3	1578034647	839974
1787883928.919950925	s2-eth30	1539239	93665245
1787883928.919950925	s2-eth31	738623	2418539451
1787883928.919950925	s2-eth32	2069452	208810455
1787883928.919950925	s2-eth33	2673239	169882729
1787883928.919950925	s2-eth34	1752960	98751435
1787883928.919950925	s2-eth4	269929074	654049
1787883928.919950925	s2-eth5	456471688	3466674
1787883928.919950925	s2-eth6	383807485	2357588
1787883928.919950925	s2-eth7	2754982887	1004301
1787883928.919950925	s2-eth8	297962026	1119312
1787883928.919950925	s2-eth9	310373096	1200158
1787883928.919950925	s3-eth1	18271918501	13679415929
1787883928.919950925	s3-eth10	1188293	63110326
1787883928.919950925	s3-eth11	671031	2495179667
1787883928.919950925	s3-eth12	739707	89708230
1787883928.919950925	s3-eth13	282799	17392742
1787883928.919950925	s3-eth14	1034812	103103943
1787883928.919950925	s3-eth15	2429915	2325860727
1787883928.919950925	s3-eth16	3164828	222528607
1787883928.919950925	s3-eth17	2692125	149529063
1787883928.919950925	s3-eth18	4572	47644697
1787883928.919950925	s3-eth19	1586483924	863846
1787883928.919950925	s3-eth2	330421	330421
1787883928.919950925	s3-eth20	426618309	2563380
1787883928.919950925	s3-eth21	274001595	600251
1787883928.919950925	s3-eth22	372076034	1955648
1787883928.919950925	s3-eth23	2824110281	1855082
1787883928.919950925	s3-eth24	376159508	2074451
1787883928.919950925	s3-eth25	407910724	2379607
1787883928.919950925	s3-eth26	296989993	868575
1787883928.919950925	s3-eth27	3819875535	2328527
1787883928.919950925	s3-eth28	284542599	3671695
1787883928.919950925	s3-eth29	203013286	2393097
1787883928.919950925	s3-eth3	5481354	9190399941
1787883928.919950925	s3-eth30	256095311	3520731
1787883928.919950925	s3-eth31	2760524017	1630167
1787883928.919950925	s3-eth32	175364536	2366444
1787883928.919950925	s3-eth33	143979441	1736814
1787883928.919950925	s3-eth34	48326846	537880
1787883928.919950925	s3-eth4	1578200	143254608
1787883928.919950925	s3-eth5	1740412	149029833
1787883928.919950925	s3-eth6	2011240	155490412
1787883928.919950925	s3-eth7	2859866	2495175351
1787883928.919950925	s3-eth8	2071526	174082609
1787883928.919950925	s3-eth9	1798854	109170834
1787883928.919950925	s4-eth1	23187409972	56443928
1787883928.919950925	s4-eth10	1049557	114288958
1787883928.919950925	s4-eth11	2628433	2841511071
1787883928.919950925	s4-eth12	1107195	60590863
1787883928.919950925	s4-eth13	1194125	77007494
1787883928.919950925	s4-eth14	1010763	60079388
1787883928.919950925	s4-eth15	2040823	2431744621
1787883928.919950925	s4-eth16	2366991	201911916
1787883928.919950925	s4-eth17	2199970	184728652
1787883928.919950925	s4-eth18	536781	80228111
1787883928.919950925	s4-eth19	855238	1001863455
1787883928.919950925	s4-eth2	330448	327606
1787883928.919950925	s4-eth20	2578843	312448098
1787883928.919950925	s4-eth21	607673	162593489
1787883928.919950925	s4-eth22	1951958	258310808
1787883928.919950925	s4-eth23	1864470	2754696626
1787883928.919950925	s4-eth24	2081201	270687588
1787883928.919950925	s4-eth25	2381517	291907438
1787883928.919950925	s4-eth26	862767	182098677
1787883928.919950925	s4-eth27	2342403	3181148373
1787883928.919950925	s4-eth28	3683052	269501755
1787883928.919950925	s4-eth29	2401957	190167123
1787883928.919950925	s4-eth3	832596	737649766
1787883928.919950925	s4-eth30	3537606	240338253
1787883928.919950925	s4-eth31	1642890	2709525140
1787883928.919950925	s4-eth32	2370333	161642912
1787883928.919950925	s4-eth33	1734704	132723931
1787883928.919950925	s4-eth34	529892	38543083
1787883928.919950925	s4-eth4	647070	92508952
1787883928.919950925	s4-eth5	3473421	273667419
1787883928.919950925	s4-eth6	2361435	203672614
1787883928.919950925	s4-eth7	1004069	2596382561
1787883928.919950925	s4-eth8	1120159	118497951
1787883928.919950925	s4-eth9	1198094	130377779
1787883928.919950925	s5-eth1	40198347086	60562136
1787883928.919950925	s5-eth2	12754849543	18714491954
1787883928.919950925	s5-eth3	54717086	30451141047
1787883928.919950925	s5-eth4	342268	327879
1787883928.919950925	s6-eth1	741029787	330518
1787883928.919950925	s6-eth2	330448	203030848
1787883928.919950925	s6-eth3	330448	356734041
1787883928.919950925	s6-eth4	342393	330448
1787883928.919950925	s7-eth1	13681953876	18277323144
1787883928.919950925	s7-eth2	56443928	23189395606
1787883928.919950925	s7-eth3	29822734639	54721770
1787883928.919950925	s7-eth4	342170	330448
1787883928.919950925	s8-eth1	330448	330448
1787883928.919950925	s8-eth2	327606	330448
1787883928.919950925	s8-eth3	330448	327879
1787883928.919950925	s8-eth4	342268	330448
1787883928.919950925	s9-eth1	30451573647	54717086
1787883928.919950925	s9-eth2	356734041	330448
1787883928.919950925	s9-eth3	54721770	29822952381
1787883928.919950925	s9-eth4	327879	330448
1787883933.919310581	s10-eth1	327879	342268
1787883933.919310581	s10-eth2	330448	342393
1787883933.919310581	s10-eth3	330448	342170
1787883933.919310581	s10-eth4	330448	342268
1787883933.919310581	s1-eth1	60562136	40217880418
1787883933.919310581	s1-eth10	67059997	1193682
1787883933.919310581	s1-eth11	3691091772	677186
1787883933.919310581	s1-eth12	275627350	748355
1787883933.919310581	s1-eth13	32263380	291622
1787883933.919310581	s1-eth14	291381610	1042857
1787883933.919310581	s1-eth15	2632706995	2436100
1787883933.919310581	s1-eth16	419089023	3168826
1787883933.919310581	s1-eth17	170149123	2692754
1787883933.919310581	s1-eth18	218881062	13374
1787883933.919310581	s1-eth19	11611943756	1005430
1787883933.919310581	s1-eth2	330518	741029787
1787883933.919310581	s1-eth20	369110156	1800965
1787883933.919310581	s1-eth21	455061349	3381521
1787883933.919310581	s1-eth22	106288126	1304373
1787883933.919310581	s1-eth23	2754844104	1487003
1787883933.919310581	s1-eth24	317298920	1305894
1787883933.919310581	s1-eth25	250419426	3584075
1787883933.919310581	s1-eth26	384633643	2185933
1787883933.919310581	s1-eth27	2852079662	2180765
1787883933.919310581	s1-eth28	160614768	2459318
1787883933.919310581	s1-eth29	76005639	1220358
1787883933.919310581	s1-eth3	12086374483	5486054
1787883933.919310581	s1-eth30	97990716	1546772
1787883933.919310581	s1-eth31	2695033020	746311
1787883933.919310581	s1-eth32	374206034	2106481
1787883933.919310581	s1-eth33	176915322	2676555
1787883933.919310581	s1-eth34	116400718	1760078
1787883933.919310581	s1-eth4	328467207	1584379
1787883933.919310581	s1-eth5	335265926	1746657
1787883933.919310581	s1-eth6	345272831	2016267
1787883933.919310581	s1-eth7	2859487064	2862334
1787883933.919310581	s1-eth8	360906603	2077251
1787883933.919310581	s1-eth9	127254095	1805094
1787883933.919310581	s2-eth1	18728169324	12761260675
1787883933.919310581	s2-eth10	293451934	1056173
1787883933.919310581	s2-eth11	3739874319	2631133
1787883933.919310581	s2-eth12	62679652	1110497
1787883933.919310581	s2-eth13	90554101	1193814
1787883933.919310581	s2-eth14	75619704	1012239
1787883933.919310581	s2-eth15	2586030912	2038615
1787883933.919310581	s2-eth16	384833712	2357668
1787883933.919310581	s2-eth17	367726464	2197320
1787883933.919310581	s2-eth18	248788387	545334
1787883933.919310581	s2-eth19	997275	8962263321
1787883933.919310581	s2-eth2	203030848	330448
1787883933.919310581	s2-eth20	1794545	206197740
1787883933.919310581	s2-eth21	3374946	284141757
1787883933.919310581	s2-eth22	1296927	90417720
1787883933.919310581	s2-eth23	1478973	2479397212
1787883933.919310581	s2-eth24	1298033	147349507
1787883933.919310581	s2-eth25	3578578	231447134
1787883933.919310581	s2-eth26	2178920	213332869
1787883933.919310581	s2-eth27	2172565	2574375952
1787883933.919310581	s2-eth28	2453425	152871634
1787883933.919310581	s2-eth29	1212309	73304895
1787883933.919310581	s2-eth3	1578706619	839974
1787883933.919310581	s2-eth30	1539239	93665245
1787883933.919310581	s2-eth31	738623	2421843073
1787883933.919310581	s2-eth32	2098302	211415030
1787883933.919310581	s2-eth33	2673239	169882729
1787883933.919310581	s2-eth34	1752960	98751435
1787883933.919310581	s2-eth4	269929074	654049
1787883933.919310581	s2-eth5	456471688	3466674
1787883933.919310581	s2-eth6	383807485	2357588
1787883933.919310581	s2-eth7	2758336979	1004301
1787883933.919310581	s2-eth8	297962026	1119312
1787883933.919310581	s2-eth9	310373096	1200158
1787883933.919310581	s3-eth1	18294638680	13690108386
1787883933.919310581	s3-eth10	1188293	63110326
1787883933.919310581	s3-eth11	671031	2498403979
1787883933.919310581	s3-eth12	739707	89708230
1787883933.919310581	s3-eth13	282799	17392742
1787883933.919310581	s3-eth14	1034812	103103943
1787883933.919310581	s3-eth15	2429915	2329077829
1787883933.919310581	s3-eth16	3164828	222528607
1787883933.919310581	s3-eth17	2692125	149529063
1787883933.919310581	s3-eth18	4572	47644697
1787883933.919310581	s3-eth19	1587135708	863846
1787883933.919310581	s3-eth2	330448	330448
1787883933.919310581	s3-eth20	426618309	2563380
1787883933.919310581	s3-eth21	274001595	600251
1787883933.919310581	s3-eth22	372076034	1955648
1787883933.919310581	s3-eth23	2827403809	1855082
1787883933.919310581	s3-eth24	376159508	2074451
1787883933.919310581	s3-eth25	407910724	2379607
1787883933.919310581	s3-eth26	296989993	868575
1787883933.919310581	s3-eth27	3823190693	2328527
1787883933.919310581	s3-eth28	284542599	3671695
1787883933.919310581	s3-eth29	203013286	2393097
1787883933.919310581	s3-eth3	5481354	9203062143
1787883933.919310581	s3-eth30	256095311	3520731
1787883933.919310581	s3-eth31	2763772843	1630167
1787883933.919310581	s3-eth32	175364536	2366444
1787883933.919310581	s3-eth33	143979441	1736814
1787883933.919310581	s3-eth34	48326846	537880
1787883933.919310581	s3-eth4	1578200	143254608
1787883933.919310581	s3-eth5	1740412	149029833
1787883933.919310581	s3-eth6	2011240	155490412
1787883933.919310581	s3-eth7	2859866	2498297281
1787883933.919310581	s3-eth8	2071526	174082609
1787883933.919310581	s3-eth9	1798854	109170834
1787883933.919310581	s4-eth1	23207985897	56443955
1787883933.919310581	s4-eth10	1049557	114288958
1787883933.919310581	s4-eth11	2628433	2844693565
1787883933.919310581	s4-eth12	1107195	60590863
1787883933.919310581	s4-eth13	1194125	77007494
1787883933.919310581	s4-eth14	1010763	60079388
1787883933.919310581	s4-eth15	2040823	2434945861
1787883933.919310581	s4-eth16	2366991	201911916
1787883933.919310581	s4-eth17	2199970	184728652
1787883933.919310581	s4-eth18	536781	80228111
1787883933.919310581	s4-eth19	855238	1002521007
1787883933.919310581	s4-eth2	330475	327633
1787883933.919310581	s4-eth20	2578843	312448098
1787883933.919310581	s4-eth21	607673	162593489
1787883933.919310581	s4-eth22	1951958	258310808
1787883933.919310581	s4-eth23	1864470	2758000248
1787883933.919310581	s4-eth24	2081201	270687588
1787883933.919310581	s4-eth25	2381517	291907438
1787883933.919310581	s4-eth26	862767	182098677
1787883933.919310581	s4-eth27	2342403	3184459205
1787883933.919310581	s4-eth28	3683052	269501755
1787883933.919310581	s4-eth29	2401957	190167123
1787883933.919310581	s4-eth3	832596	738300108
1787883933.919310581	s4-eth30	3537606	240338253
1787883933.919310581	s4-eth31	1642890	2712835972
1787883933.919310581	s4-eth32	2370333	161642912
1787883933.919310581	s4-eth33	1734704	132723931
1787883933.919310581	s4-eth34	529892	38543083
1787883933.919310581	s4-eth4	647070	92508952
1787883933.919310581	s4-eth5	3473421	273667419
1787883933.919310581	s4-eth6	2361435	203672614
1787883933.919310581	s4-eth7	1004069	2599628503
1787883933.919310581	s4-eth8	1120159	118497951
1787883933.919310581	s4-eth9	1198094	130377779
1787883933.919310581	s5-eth1	40244470925	60562163
1787883933.919310581	s5-eth2	12765428082	18737161663
1787883933.919310581	s5-eth3	54717113	30484497418
1787883933.919310581	s5-eth4	342296	327906
1787883933.919310581	s6-eth1	741029814	330545
1787883933.919310581	s6-eth2	330475	203030875
1787883933.919310581	s6-eth3	330475	356734068
1787883933.919310581	s6-eth4	342421	330475
1787883933.919310581	s7-eth1	13692607399	18299874609
1787883933.919310581	s7-eth2	56443955	23210575729
1787883933.919310581	s7-eth3	29856129944	54721797
1787883933.919310581	s7-eth4	342198	330475
1787883933.919310581	s8-eth1	330475	330475
1787883933.919310581	s8-eth2	327633	330475
1787883933.919310581	s8-eth3	330475	327906
1787883933.919310581	s8-eth4	342296	330475
1787883933.919310581	s9-eth1	30485454906	54717113
1787883933.919310581	s9-eth2	356734068	330475
1787883933.919310581	s9-eth3	54721797	29856737026
1787883933.919310581	s9-eth4	327906	330475
1787883939.148022103	s10-eth1	327906	342296
1787883939.148022103	s10-eth2	330475	342421
1787883939.148022103	s10-eth3	330475	342198
1787883939.148022103	s10-eth4	330475	342296
1787883939.148022103	s1-eth1	60562163	40265091525
1787883939.148022103	s1-eth10	67059997	1193682
1787883939.148022103	s1-eth11	3694458842	677186
1787883939.148022103	s1-eth12	275627350	748355
1787883939.148022103	s1-eth13	32263380	291622
1787883939.148022103	s1-eth14	291381610	1042857
1787883939.148022103	s1-eth15	2636013501	2436100
1787883939.148022103	s1-eth16	419089023	3168826
1787883939.148022103	s1-eth17	170149123	2692754
1787883939.148022103	s1-eth18	218881062	13374
1787883939.148022103	s1-eth19	11625068840	1005430
1787883939.148022103	s1-eth2	330545	741029814
1787883939.148022103	s1-eth20	369110156	1800965
1787883939.148022103	s1-eth21	455061349	3381521
1787883939.148022103	s1-eth22	106288126	1304373
1787883939.148022103	s1-eth23	2758092930	1487003
1787883939.148022103	s1-eth24	317298920	1305894
1787883939.148022103	s1-eth25	250419426	3584075
1787883939.148022103	s1-eth26	384633643	2185933
1787883939.148022103	s1-eth27	2855243410	2180765
1787883939.148022103	s1-eth28	160614768	2459318
1787883939.148022103	s1-eth29	76005639	1220358
1787883939.148022103	s1-eth3	12098664649	5486054
1787883939.148022103	s1-eth30	97990716	1546772
1787883939.148022103	s1-eth31	2698058336	746311
1787883939.148022103	s1-eth32	374206034	2106481
1787883939.148022103	s1-eth33	176915322	2676555
1787883939.148022103	s1-eth34	116400718	1760078
1787883939.148022103	s1-eth4	328467207	1584379
1787883939.148022103	s1-eth5	335265926	1746657
1787883939.148022103	s1-eth6	345272831	2016267
1787883939.148022103	s1-eth7	2862389810	2862334
1787883939.148022103	s1-eth8	360906603	2077251
1787883939.148022103	s1-eth9	127254095	1805094
1787883939.148022103	s2-eth1	18748159797	12770501038
1787883939.148022103	s2-eth10	293451934	1056173
1787883939.148022103	s2-eth11	3742749667	2631133
1787883939.148022103	s2-eth12	62679652	1110497
1787883939.148022103	s2-eth13	90554101	1193814
1787883939.148022103	s2-eth14	75619704	1012239
1787883939.148022103	s2-eth15	2588818298	2038615
1787883939.148022103	s2-eth16	384833712	2357668
1787883939.148022103	s2-eth17	367726464	2197320
1787883939.148022103	s2-eth18	248788387	545334
1787883939.148022103	s2-eth19	997275	8972815877
1787883939.148022103	s2-eth2	203030875	330475
1787883939.148022103	s2-eth20	1794545	206197740
1787883939.148022103	s2-eth21	3374946	284141757
1787883939.148022103	s2-eth22	1296927	90417720
1787883939.148022103	s2-eth23	1478973	2481975508
1787883939.148022103	s2-eth24	1298033	147349507
1787883939.148022103	s2-eth25	3578578	231447134
1787883939.148022103	s2-eth26	2178920	213332869
1787883939.148022103	s2-eth27	2172565	2576926850
1787883939.148022103	s2-eth28	2453425	152871634
1787883939.148022103	s2-eth29	1212309	73304895
1787883939.148022103	s2-eth3	1579214203	839974
1787883939.148022103	s2-eth30	1539239	93665245
1787883939.148022103	s2-eth31	738623	2424303125
1787883939.148022103	s2-eth32	2098302	211415030
1787883939.148022103	s2-eth33	2673239	169882729
1787883939.148022103	s2-eth34	1752960	98751435
1787883939.148022103	s2-eth4	269929074	654049
1787883939.148022103	s2-eth5	456471688	3466674
1787883939.148022103	s2-eth6	383807485	2357588
1787883939.148022103	s2-eth7	2760766749	1004301
1787883939.148022103	s2-eth8	297962026	1119312
1787883939.148022103	s2-eth9	310373096	1200158
1787883939.148022103	s3-eth1	18311215939	13697886561
1787883939.148022103	s3-eth10	1188293	63110326
1787883939.148022103	s3-eth11	671031	2500787605
1787883939.148022103	s3-eth12	739707	89708230
1787883939.148022103	s3-eth13	282799	17392742
1787883939.148022103	s3-eth14	1034812	103103943
1787883939.148022103	s3-eth15	2429915	2331467223
1787883939.148022103	s3-eth16	3164828	222528607
1787883939.148022103	s3-eth17	2692125	149529063
1787883939.148022103	s3-eth18	4572	47644697
1787883939.148022103	s3-eth19	1587627430	863846
1787883939.148022103	s3-eth2	330475	330475
1787883939.148022103	s3-eth20	426618309	2563380
1787883939.148022103	s3-eth21	274001595	600251
1787883939.148022103	s3-eth22	372076034	1955648
1787883939.148022103	s3-eth23	2829819159	1855082
1787883939.148022103	s3-eth24	376159508	2074451
1787883939.148022103	s3-eth25	407910724	2379607
1787883939.148022103	s3-eth26	296989993	868575
1787883939.148022103	s3-eth27	3825584413	2328527
1787883939.148022103	s3-eth28	284542599	3671695
1787883939.148022103	s3-eth29	203013286	2393097
1787883939.148022103	s3-eth3	5481354	9212479845
1787883939.148022103	s3-eth30	256095311	3520731
1787883939.148022103	s3-eth31	2766195403	1630167
1787883939.148022103	s3-eth32	175364536	2366444
1787883939.148022103	s3-eth33	143979441	1736814
1787883939.148022103	s3-eth34	48326846	537880
1787883939.148022103	s3-eth4	1578200	143254608
1787883939.148022103	s3-eth5	1740412	149029833
1787883939.148022103	s3-eth6	2011240	155490412
1787883939.148022103	s3-eth7	2859866	2500715515
1787883939.148022103	s3-eth8	2071526	174082609
1787883939.148022103	s3-eth9	1798854	109170834
1787883939.148022103	s4-eth1	23223549403	56443955
1787883939.148022103	s4-eth10	1049557	114288958
1787883939.148022103	s4-eth11	2628433	2847116125
1787883939.148022103	s4-eth12	1107195	60590863
1787883939.148022103	s4-eth13	1194125	77007494
1787883939.148022103	s4-eth14	1010763	60079388
1787883939.148022103	s4-eth15	2040823	2437345349
1787883939.148022103	s4-eth16	2366991	201911916
1787883939.148022103	s4-eth17	2199970	184728652
1787883939.148022103	s4-eth18	536781	80228111
1787883939.148022103	s4-eth19	855238	1003002635
1787883939.148022103	s4-eth2	330475	327633
1787883939.148022103	s4-eth20	2578843	312448098
1787883939.148022103	s4-eth21	607673	162593489
1787883939.148022103	s4-eth22	1951958	258310808
1787883939.148022103	s4-eth23	1864470	2760392526
1787883939.148022103	s4-eth24	2081201	270687588
1787883939.148022103	s4-eth25	2381517	291907438
1787883939.148022103	s4-eth26	862767	182098677
1787883939.148022103	s4-eth27	2342403	3186857251
1787883939.148022103	s4-eth28	3683052	269501755
1787883939.148022103	s4-eth29	2401957	190167123
1787883939.148022103	s4-eth3	832596	738780294
1787883939.148022103	s4-eth30	3537606	240338253
1787883939.148022103	s4-eth31	1642890	2715268626
1787883939.148022103	s4-eth32	2370333	161642912
1787883939.148022103	s4-eth33	1734704	132723931
1787883939.148022103	s4-eth34	529892	38543083
1787883939.148022103	s4-eth4	647070	92508952
1787883939.148022103	s4-eth5	3473421	273667419
1787883939.148022103	s4-eth6	2361435	203672614
1787883939.148022103	s4-eth7	1004069	2602121721
1787883939.148022103	s4-eth8	1120159	118497951
1787883939.148022103	s4-eth9	1198094	130377779
1787883939.148022103	s5-eth1	40279707637	60562163
1787883939.148022103	s5-eth2	12773504724	18754723781
1787883939.148022103	s5-eth3	54717113	30510205394
1787883939.148022103	s5-eth4	342296	327906
1787883939.148022103	s6-eth1	741029814	330545
1787883939.148022103	s6-eth2	330475	203030875
1787883939.148022103	s6-eth3	330475	356734068
1787883939.148022103	s6-eth4	342421	330475
1787883939.148022103	s7-eth1	13700712881	18317438169
1787883939.148022103	s7-eth2	56443955	23226773715
1787883939.148022103	s7-eth3	29881843688	54721797
1787883939.148022103	s7-eth4	342198	330475
1787883939.148022103	s8-eth1	330475	330475
1787883939.148022103	s8-eth2	327633	330475
1787883939.148022103	s8-eth3	330475	327906
1787883939.148022103	s8-eth4	342296	330475
1787883939.148022103	s9-eth1	30511053290	54717113
1787883939.148022103	s9-eth2	356734068	330475
1787883939.148022103	s9-eth3	54721797	29882264752
1787883939.148022103	s9-eth4	327906	330475
1787883943.072085438	s10-eth1	327933	342324
1787883943.072085438	s10-eth2	330502	342449
1787883943.072085438	s10-eth3	330502	342226
1787883943.072085438	s10-eth4	330502	342324
1787883943.072085438	s1-eth1	60562190	40301232398
1787883943.072085438	s1-eth10	67059997	1193682
1787883943.072085438	s1-eth11	3697050116	677186
1787883943.072085438	s1-eth12	275627350	748355
1787883943.072085438	s1-eth13	32263380	291622
1787883943.072085438	s1-eth14	291381610	1042857
1787883943.072085438	s1-eth15	2638639383	2436100
1787883943.072085438	s1-eth16	419089023	3168826
1787883943.072085438	s1-eth17	170149123	2692754
1787883943.072085438	s1-eth18	218881062	13374
1787883943.072085438	s1-eth19	11635673308	1005430
1787883943.072085438	s1-eth2	330572	741029841
1787883943.072085438	s1-eth20	369110156	1800965
1787883943.072085438	s1-eth21	455061349	3381521
1787883943.072085438	s1-eth22	106288126	1304373
1787883943.072085438	s1-eth23	2760795238	1487003
1787883943.072085438	s1-eth24	317298920	1305894
1787883943.072085438	s1-eth25	250419426	3584075
1787883943.072085438	s1-eth26	384633643	2185933
1787883943.072085438	s1-eth27	2857988978	2180765
1787883943.072085438	s1-eth28	160614768	2459318
1787883943.072085438	s1-eth29	76005639	1220358
1787883943.072085438	s1-eth3	12109806983	5486054
1787883943.072085438	s1-eth30	97990716	1546772
1787883943.072085438	s1-eth31	2700868794	746311
1787883943.072085438	s1-eth32	374206034	2106481
1787883943.072085438	s1-eth33	176915322	2676555
1787883943.072085438	s1-eth34	116400718	1760078
1787883943.072085438	s1-eth4	328467207	1584379
1787883943.072085438	s1-eth5	335265926	1746657
1787883943.072085438	s1-eth6	345272831	2016267
1787883943.072085438	s1-eth7	2865305534	2862334
1787883943.072085438	s1-eth8	360906603	2077251
1787883943.072085438	s1-eth9	127254095	1805094
1787883943.072085438	s2-eth1	18768633340	12779982215
1787883943.072085438	s2-eth10	293451934	1056173
1787883943.072085438	s2-eth11	3745728839	2631133
1787883943.072085438	s2-eth12	62679652	1110497
1787883943.072085438	s2-eth13	90554101	1193814
1787883943.072085438	s2-eth14	75619704	1012239
1787883943.072085438	s2-eth15	2591839288	2038615
1787883943.072085438	s2-eth16	384833712	2357668
1787883943.072085438	s2-eth17	367726464	2197320
1787883943.072085438	s2-eth18	248788387	545334
1787883943.072085438	s2-eth19	997275	8984722471
1787883943.072085438	s2-eth2	203030902	330502
1787883943.072085438	s2-eth20	1794545	206197740
1787883943.072085438	s2-eth21	3374946	284141757
1787883943.072085438	s2-eth22	1296927	90417720
1787883943.072085438	s2-eth23	1478973	2484987846
1787883943.072085438	s2-eth24	1298033	147349507
1787883943.072085438	s2-eth25	3578578	231447134
1787883943.072085438	s2-eth26	2178920	213332869
1787883943.072085438	s2-eth27	2172565	2579949282
1787883943.072085438	s2-eth28	2453425	152871634
1787883943.072085438	s2-eth29	1212309	73304895
1787883943.072085438	s2-eth3	1579825611	839974
1787883943.072085438	s2-eth30	1539239	93665245
1787883943.072085438	s2-eth31	738623	2427342861
1787883943.072085438	s2-eth32	2098302	211415030
1787883943.072085438	s2-eth33	2673239	169882729
1787883943.072085438	s2-eth34	1752960	98751435
1787883943.072085438	s2-eth4	269929074	654049
1787883943.072085438	s2-eth5	456471688	3466674
1787883943.072085438	s2-eth6	383807485	2357588
1787883943.072085438	s2-eth7	2763904541	1004301
1787883943.072085438	s2-eth8	297962026	1119312
1787883943.072085438	s2-eth9	310373096	1200158
1787883943.072085438	s3-eth1	18332902204	13708020964
1787883943.072085438	s3-eth10	1188293	63110326
1787883943.072085438	s3-eth11	671031	2503886463
1787883943.072085438	s3-eth12	739707	89708230
1787883943.072085438	s3-eth13	282799	17392742
1787883943.072085438	s3-eth14	1034812	103103943
1787883943.072085438	s3-eth15	2429915	2334560313
1787883943.072085438	s3-eth16	3164828	222528607
1787883943.072085438	s3-eth17	2692125	149529063
1787883943.072085438	s3-eth18	4572	47644697
1787883943.072085438	s3-eth19	1588259026	863846
1787883943.072085438	s3-eth2	330502	330502
1787883943.072085438	s3-eth20	426618309	2563380
1787883943.072085438	s3-eth21	274001595	600251
1787883943.072085438	s3-eth22	372076034	1955648
1787883943.072085438	s3-eth23	2832964161	1855082
1787883943.072085438	s3-eth24	376159508	2074451
1787883943.072085438	s3-eth25	407910724	2379607
1787883943.072085438	s3-eth26	296989993	868575
1787883943.072085438	s3-eth27	3828719321	2328527
1787883943.072085438	s3-eth28	284542599	3671695
1787883943.072085438	s3-eth29	203013286	2393097
1787883943.072085438	s3-eth3	5481354	9224657535
1787883943.072085438	s3-eth30	256095311	3520731
1787883943.072085438	s3-eth31	2769314449	1630167
1787883943.072085438	s3-eth32	175364536	2366444
1787883943.072085438	s3-eth33	143979441	1736814
1787883943.072085438	s3-eth34	48326846	537880
1787883943.072085438	s3-eth4	1578200	143254608
1787883943.072085438	s3-eth5	1740412	149029833
1787883943.072085438	s3-eth6	2011240	155490412
1787883943.072085438	s3-eth7	2859866	2503762461
1787883943.072085438	s3-eth8	2071526	174082609
1787883943.072085438	s3-eth9	1798854	109170834
1787883943.072085438	s4-eth1	23243516804	56443982
1787883943.072085438	s4-eth10	1049557	114288958
1787883943.072085438	s4-eth11	2628433	2850236613
1787883943.072085438	s4-eth12	1107195	60590863
1787883943.072085438	s4-eth13	1194125	77007494
1787883943.072085438	s4-eth14	1010763	60079388
1787883943.072085438	s4-eth15	2040823	2440473047
1787883943.072085438	s4-eth16	2366991	201911916
1787883943.072085438	s4-eth17	2199970	184728652
1787883943.072085438	s4-eth18	536781	80228111
1787883943.072085438	s4-eth19	855238	1003632789
1787883943.072085438	s4-eth2	330502	327660
1787883943.072085438	s4-eth20	2578843	312448098
1787883943.072085438	s4-eth21	607673	162593489
1787883943.072085438	s4-eth22	1951958	258310808
1787883943.072085438	s4-eth23	1864470	2763554832
1787883943.072085438	s4-eth24	2081201	270687588
1787883943.072085438	s4-eth25	2381517	291907438
1787883943.072085438	s4-eth26	862767	182098677
1787883943.072085438	s4-eth27	2342403	3190022441
1787883943.072085438	s4-eth28	3683052	269501755
1787883943.072085438	s4-eth29	2401957	190167123
1787883943.072085438	s4-eth3	832596	739406122
1787883943.072085438	s4-eth30	3537606	240338253
1787883943.072085438	s4-eth31	1642890	2718455446
1787883943.072085438	s4-eth32	2370333	161642912
1787883943.072085438	s4-eth33	1734704	132723931
1787883943.072085438	s4-eth34	529892	38543083
1787883943.072085438	s4-eth4	647070	92508952
1787883943.072085438	s4-eth5	3473421	273667419
1787883943.072085438	s4-eth6	2361435	203672614
1787883943.072085438	s4-eth7	1004069	2605311425
1787883943.072085438	s4-eth8	1120159	118497951
1787883943.072085438	s4-eth9	1198094	130377779
1787883943.072085438	s5-eth1	40325134990	60562190
1787883943.072085438	s5-eth2	12783895803	18777139698
1787883943.072085438	s5-eth3	54717140	30543088789
1787883943.072085438	s5-eth4	342324	327933
1787883943.072085438	s6-eth1	741029841	330572
1787883943.072085438	s6-eth2	330502	203030902
1787883943.072085438	s6-eth3	330502	356734095
1787883943.072085438	s6-eth4	342449	330502
1787883943.072085438	s7-eth1	13711289978	18340019916
1787883943.072085438	s7-eth2	56443982	23247956722
1787883943.072085438	s7-eth3	29915405292	54721824
1787883943.072085438	s7-eth4	342226	330502
1787883943.072085438	s8-eth1	330502	330502
1787883943.072085438	s8-eth2	327660	330502
1787883943.072085438	s8-eth3	330502	327933
1787883943.072085438	s8-eth4	342324	330502
1787883943.072085438	s9-eth1	30544497188	54723079
1787883943.072085438	s9-eth2	356734095	330502
1787883943.072085438	s9-eth3	54727763	29915418808
1787883943.072085438	s9-eth4	327933	330502
1787883948.182562341	s10-eth1	327960	342352
1787883948.182562341	s10-eth2	330529	342477
1787883948.182562341	s10-eth3	330529	342254
1787883948.182562341	s10-eth4	330529	342352
1787883948.182562341	s1-eth1	60568279	40327514142
1787883948.182562341	s1-eth10	67059997	1193682
1787883948.182562341	s1-eth11	3698918343	677918
1787883948.182562341	s1-eth12	275627350	748355
1787883948.182562341	s1-eth13	32263380	291622
1787883948.182562341	s1-eth14	291381610	1042857
1787883948.182562341	s1-eth15	2640448488	2436834
1787883948.182562341	s1-eth16	419089023	3168826
1787883948.182562341	s1-eth17	170149123	2692754
1787883948.182562341	s1-eth18	218881062	13374
1787883948.182562341	s1-eth19	11642739961	1006225
1787883948.182562341	s1-eth2	330599	741029868
1787883948.182562341	s1-eth20	369110156	1800965
1787883948.182562341	s1-eth21	455061349	3381521
1787883948.182562341	s1-eth22	106288126	1304373
1787883948.182562341	s1-eth23	2762509109	1487734
1787883948.182562341	s1-eth24	317298920	1305894
1787883948.182562341	s1-eth25	250419426	3584075
1787883948.182562341	s1-eth26	384633643	2185933
1787883948.182562341	s1-eth27	2859656769	2181496
1787883948.182562341	s1-eth28	160614768	2459318
1787883948.182562341	s1-eth29	76005639	1220358
1787883948.182562341	s1-eth3	12116226164	5486787
1787883948.182562341	s1-eth30	97990716	1546772
1787883948.182562341	s1-eth31	2702444672	747183
1787883948.182562341	s1-eth32	374206034	2106481
1787883948.182562341	s1-eth33	176915322	2676555
1787883948.182562341	s1-eth34	116400718	1760078
1787883948.182562341	s1-eth4	328467207	1584379
1787883948.182562341	s1-eth5	335265926	1746657
1787883948.182562341	s1-eth6	345272831	2016267
1787883948.182562341	s1-eth7	2866746933	2863068
1787883948.182562341	s1-eth8	360906603	2077251
1787883948.182562341	s1-eth9	127254095	1805094
1787883948.182562341	s2-eth1	18778165906	12784402754
1787883948.182562341	s2-eth10	293451934	1056173
1787883948.182562341	s2-eth11	3747086601	2631866
1787883948.182562341	s2-eth12	62679652	1110497
1787883948.182562341	s2-eth13	90554101	1193814
1787883948.182562341	s2-eth14	75619704	1012239
1787883948.182562341	s2-eth15	2593149463	2039348
1787883948.182562341	s2-eth16	384833712	2357668
1787883948.182562341	s2-eth17	367726464	2197320
1787883948.182562341	s2-eth18	248788387	545334
1787883948.182562341	s2-eth19	998070	8989754462
1787883948.182562341	s2-eth2	203030929	330529
1787883948.182562341	s2-eth20	1794545	206197740
1787883948.182562341	s2-eth21	3374946	284141757
1787883948.182562341	s2-eth22	1296927	90417720
1787883948.182562341	s2-eth23	1479704	2486225857
1787883948.182562341	s2-eth24	1298033	147349507
1787883948.182562341	s2-eth25	3578578	231447134
1787883948.182562341	s2-eth26	2178920	213332869
1787883948.182562341	s2-eth27	2173296	2581188799
1787883948.182562341	s2-eth28	2453425	152871634
1787883948.182562341	s2-eth29	1212309	73304895
1787883948.182562341	s2-eth3	1580071589	840704
1787883948.182562341	s2-eth30	1539239	93665245
1787883948.182562341	s2-eth31	739495	2428530841
1787883948.182562341	s2-eth32	2098302	211415030
1787883948.182562341	s2-eth33	2673239	169882729
1787883948.182562341	s2-eth34	1752960	98751435
1787883948.182562341	s2-eth4	269929074	654049
1787883948.182562341	s2-eth5	456471688	3466674
1787883948.182562341	s2-eth6	383807485	2357588
1787883948.182562341	s2-eth7	2765021553	1005111
1787883948.182562341	s2-eth8	297962026	1119312
1787883948.182562341	s2-eth9	310373096	1200158
1787883948.182562341	s3-eth1	18340281744	13711486889
1787883948.182562341	s3-eth10	1188293	63110326
1787883948.182562341	s3-eth11	671763	2504921214
1787883948.182562341	s3-eth12	739707	89708230
1787883948.182562341	s3-eth13	282799	17392742
1787883948.182562341	s3-eth14	1034812	103103943
1787883948.182562341	s3-eth15	2430649	2335541710
1787883948.182562341	s3-eth16	3164828	222528607
1787883948.182562341	s3-eth17	2692125	149529063
1787883948.182562341	s3-eth18	4572	47644697
1787883948.182562341	s3-eth19	1588453394	864720
1787883948.182562341	s3-eth2	330529	330529
1787883948.182562341	s3-eth20	426618309	2563380
1787883948.182562341	s3-eth21	274001595	600251
1787883948.182562341	s3-eth22	372076034	1955648
1787883948.182562341	s3-eth23	2833882191	1855960
1787883948.182562341	s3-eth24	376159508	2074451
1787883948.182562341	s3-eth25	407910724	2379607
1787883948.182562341	s3-eth26	296989993	868575
1787883948.182562341	s3-eth27	3829638649	2329259
1787883948.182562341	s3-eth28	284542599	3671695
1787883948.182562341	s3-eth29	203013286	2393097
1787883948.182562341	s3-eth3	5482087	9227936040
1787883948.182562341	s3-eth30	256095311	3520731
1787883948.182562341	s3-eth31	2770155910	1630896
1787883948.182562341	s3-eth32	175364536	2366444
1787883948.182562341	s3-eth33	143979441	1736814
1787883948.182562341	s3-eth34	48326846	537880
1787883948.182562341	s3-eth4	1578200	143254608
1787883948.182562341	s3-eth5	1740412	149029833
1787883948.182562341	s3-eth6	2011240	155490412
1787883948.182562341	s3-eth7	2860600	2504495838
1787883948.182562341	s3-eth8	2071526	174082609
1787883948.182562341	s3-eth9	1798854	109170834
1787883948.182562341	s4-eth1	23248031551	56450228
1787883948.182562341	s4-eth10	1049557	114288958
1787883948.182562341	s4-eth11	2629166	2850887795
1787883948.182562341	s4-eth12	1107195	60590863
1787883948.182562341	s4-eth13	1194125	77007494
1787883948.182562341	s4-eth14	1010763	60079388
1787883948.182562341	s4-eth15	2041556	2441057896
1787883948.182562341	s4-eth16	2366991	201911916
1787883948.182562341	s4-eth17	2199970	184728652
1787883948.182562341	s4-eth18	536781	80228111
1787883948.182562341	s4-eth19	856112	1003744963
1787883948.182562341	s4-eth2	330529	327687
1787883948.182562341	s4-eth20	2578843	312448098
1787883948.182562341	s4-eth21	607673	162593489
1787883948.182562341	s4-eth22	1951958	258310808
1787883948.182562341	s4-eth23	1865348	2764031610
1787883948.182562341	s4-eth24	2081201	270687588
1787883948.182562341	s4-eth25	2381517	291907438
1787883948.182562341	s4-eth26	862767	182098677
1787883948.182562341	s4-eth27	2343135	3190480329
1787883948.182562341	s4-eth28	3683052	269501755
1787883948.182562341	s4-eth29	2401957	190167123
1787883948.182562341	s4-eth3	833326	739479060
1787883948.182562341	s4-eth30	3537606	240338253
1787883948.182562341	s4-eth31	1643619	2718802301
1787883948.182562341	s4-eth32	2370333	161642912
1787883948.182562341	s4-eth33	1734704	132723931
1787883948.182562341	s4-eth34	529892	38543083
1787883948.182562341	s4-eth4	647070	92508952
1787883948.182562341	s4-eth5	3473421	273667419
1787883948.182562341	s4-eth6	2361435	203672614
1787883948.182562341	s4-eth7	1004879	2605534397
1787883948.182562341	s4-eth8	1120159	118497951
1787883948.182562341	s4-eth9	1198094	130377779
1787883948.182562341	s5-eth1	40327514142	60568279
1787883948.182562341	s5-eth2	12784402754	18778165906
1787883948.182562341	s5-eth3	54723106	30544497215
1787883948.182562341	s5-eth4	342352	327960
1787883948.182562341	s6-eth1	741029868	330599
1787883948.182562341	s6-eth2	330529	203030929
1787883948.182562341	s6-eth3	330529	356734122
1787883948.182562341	s6-eth4	342477	330529
1787883948.182562341	s7-eth1	13711486889	18340281744
1787883948.182562341	s7-eth2	56450228	23248031551
1787883948.182562341	s7-eth3	29915418835	54727790
1787883948.182562341	s7-eth4	342254	330529
1787883948.182562341	s8-eth1	330529	330529
1787883948.182562341	s8-eth2	327687	330529
1787883948.182562341	s8-eth3	330529	327960
1787883948.182562341	s8-eth4	342352	330529
1787883948.182562341	s9-eth1	30544497215	54723106
1787883948.182562341	s9-eth2	356734122	330529
1787883948.182562341	s9-eth3	54727790	29915418835
1787883948.182562341	s9-eth4	327960	330529
1787883950.467851268	s10-eth1	327960	342352
1787883950.467851268	s10-eth2	330529	342477
1787883950.467851268	s10-eth3	330529	342254
1787883950.467851268	s10-eth4	330529	342352
1787883950.467851268	s1-eth1	60568279	40327514142
1787883950.467851268	s1-eth10	67059997	1193682
1787883950.467851268	s1-eth11	3698918343	677918
1787883950.467851268	s1-eth12	275627350	748355
1787883950.467851268	s1-eth13	32263380	291622
1787883950.467851268	s1-eth14	291381610	1042857
1787883950.467851268	s1-eth15	2640448488	2436834
1787883950.467851268	s1-eth16	419089023	3168826
1787883950.467851268	s1-eth17	170149123	2692754
1787883950.467851268	s1-eth18	218881062	13374
1787883950.467851268	s1-eth19	11642739961	1006225
1787883950.467851268	s1-eth2	330599	741029868
1787883950.467851268	s1-eth20	369110156	1800965
1787883950.467851268	s1-eth21	455061349	3381521
1787883950.467851268	s1-eth22	106288126	1304373
1787883950.467851268	s1-eth23	2762509109	1487734
1787883950.467851268	s1-eth24	317298920	1305894
1787883950.467851268	s1-eth25	250419426	3584075
1787883950.467851268	s1-eth26	384633643	2185933
1787883950.467851268	s1-eth27	2859656769	2181496
1787883950.467851268	s1-eth28	160614768	2459318
1787883950.467851268	s1-eth29	76005639	1220358
1787883950.467851268	s1-eth3	12116226164	5486787
1787883950.467851268	s1-eth30	97990716	1546772
1787883950.467851268	s1-eth31	2702444672	747183
1787883950.467851268	s1-eth32	374206034	2106481
1787883950.467851268	s1-eth33	176915322	2676555
1787883950.467851268	s1-eth34	116400718	1760078
1787883950.467851268	s1-eth4	328467207	1584379
1787883950.467851268	s1-eth5	335265926	1746657
1787883950.467851268	s1-eth6	345272831	2016267
1787883950.467851268	s1-eth7	2866746933	2863068
1787883950.467851268	s1-eth8	360906603	2077251
1787883950.467851268	s1-eth9	127254095	1805094
1787883950.467851268	s2-eth1	18778165906	12784402754
1787883950.467851268	s2-eth10	293451934	1056173
1787883950.467851268	s2-eth11	3747086601	2631866
1787883950.467851268	s2-eth12	62679652	1110497
1787883950.467851268	s2-eth13	90554101	1193814
1787883950.467851268	s2-eth14	75619704	1012239
1787883950.467851268	s2-eth15	2593149463	2039348
1787883950.467851268	s2-eth16	384833712	2357668
1787883950.467851268	s2-eth17	367726464	2197320
1787883950.467851268	s2-eth18	248788387	545334
1787883950.467851268	s2-eth19	998070	8989754462
1787883950.467851268	s2-eth2	203030929	330529
1787883950.467851268	s2-eth20	1794545	206197740
1787883950.467851268	s2-eth21	3374946	284141757
1787883950.467851268	s2-eth22	1296927	90417720
1787883950.467851268	s2-eth23	1479704	2486225857
1787883950.467851268	s2-eth24	1298033	147349507
1787883950.467851268	s2-eth25	3578578	231447134
1787883950.467851268	s2-eth26	2178920	213332869
1787883950.467851268	s2-eth27	2173296	2581188799
1787883950.467851268	s2-eth28	2453425	152871634
1787883950.467851268	s2-eth29	1212309	73304895
1787883950.467851268	s2-eth3	1580071589	840704
1787883950.467851268	s2-eth30	1539239	93665245
1787883950.467851268	s2-eth31	739495	2428530841
1787883950.467851268	s2-eth32	2098302	211415030
1787883950.467851268	s2-eth33	2673239	169882729
1787883950.467851268	s2-eth34	1752960	98751435
1787883950.467851268	s2-eth4	269929074	654049
1787883950.467851268	s2-eth5	456471688	3466674
1787883950.467851268	s2-eth6	383807485	2357588
1787883950.467851268	s2-eth7	2765021553	1005111
1787883950.467851268	s2-eth8	297962026	1119312
1787883950.467851268	s2-eth9	310373096	1200158
1787883950.467851268	s3-eth1	18340281744	13711486889
1787883950.467851268	s3-eth10	1188293	63110326
1787883950.467851268	s3-eth11	671763	2504921214
1787883950.467851268	s3-eth12	739707	89708230
1787883950.467851268	s3-eth13	282799	17392742
1787883950.467851268	s3-eth14	1034812	103103943
1787883950.467851268	s3-eth15	2430649	2335541710
1787883950.467851268	s3-eth16	3164828	222528607
1787883950.467851268	s3-eth17	2692125	149529063
1787883950.467851268	s3-eth18	4572	47644697
1787883950.467851268	s3-eth19	1588453394	864720
1787883950.467851268	s3-eth2	330529	330529
1787883950.467851268	s3-eth20	426618309	2563380
1787883950.467851268	s3-eth21	274001595	600251
1787883950.467851268	s3-eth22	372076034	1955648
1787883950.467851268	s3-eth23	2833882191	1855960
1787883950.467851268	s3-eth24	376159508	2074451
1787883950.467851268	s3-eth25	407910724	2379607
1787883950.467851268	s3-eth26	296989993	868575
1787883950.467851268	s3-eth27	3829638649	2329259
1787883950.467851268	s3-eth28	284542599	3671695
1787883950.467851268	s3-eth29	203013286	2393097
1787883950.467851268	s3-eth3	5482087	9227936040
1787883950.467851268	s3-eth30	256095311	3520731
1787883950.467851268	s3-eth31	2770155910	1630896
1787883950.467851268	s3-eth32	175364536	2366444
1787883950.467851268	s3-eth33	143979441	1736814
1787883950.467851268	s3-eth34	48326846	537880
1787883950.467851268	s3-eth4	1578200	143254608
1787883950.467851268	s3-eth5	1740412	149029833
1787883950.467851268	s3-eth6	2011240	155490412
1787883950.467851268	s3-eth7	2860600	2504495838
1787883950.467851268	s3-eth8	2071526	174082609
1787883950.467851268	s3-eth9	1798854	109170834
1787883950.467851268	s4-eth1	23248031551	56450228
1787883950.467851268	s4-eth10	1049557	114288958
1787883950.467851268	s4-eth11	2629166	2850887795
1787883950.467851268	s4-eth12	1107195	60590863
1787883950.467851268	s4-eth13	1194125	77007494
1787883950.467851268	s4-eth14	1010763	60079388
1787883950.467851268	s4-eth15	2041556	2441057896
1787883950.467851268	s4-eth16	2366991	201911916
1787883950.467851268	s4-eth17	2199970	184728652
1787883950.467851268	s4-eth18	536781	80228111
1787883950.467851268	s4-eth19	856112	1003744963
1787883950.467851268	s4-eth2	330529	327687
1787883950.467851268	s4-eth20	2578843	312448098
1787883950.467851268	s4-eth21	607673	162593489
1787883950.467851268	s4-eth22	1951958	258310808
1787883950.467851268	s4-eth23	1865348	2764031610
1787883950.467851268	s4-eth24	2081201	270687588
1787883950.467851268	s4-eth25	2381517	291907438
1787883950.467851268	s4-eth26	862767	182098677
1787883950.467851268	s4-eth27	2343135	3190480329
1787883950.467851268	s4-eth28	3683052	269501755
1787883950.467851268	s4-eth29	2401957	190167123
1787883950.467851268	s4-eth3	833326	739479060
1787883950.467851268	s4-eth30	3537606	240338253
1787883950.467851268	s4-eth31	1643619	2718802301
1787883950.467851268	s4-eth32	2370333	161642912
1787883950.467851268	s4-eth33	1734704	132723931
1787883950.467851268	s4-eth34	529892	38543083
1787883950.467851268	s4-eth4	647070	92508952
1787883950.467851268	s4-eth5	3473421	273667419
1787883950.467851268	s4-eth6	2361435	203672614
1787883950.467851268	s4-eth7	1004879	2605534397
1787883950.467851268	s4-eth8	1120159	118497951
1787883950.467851268	s4-eth9	1198094	130377779
1787883950.467851268	s5-eth1	40327514142	60568279
1787883950.467851268	s5-eth2	12784402754	18778165906
1787883950.467851268	s5-eth3	54723106	30544497215
1787883950.467851268	s5-eth4	342352	327960
1787883950.467851268	s6-eth1	741029868	330599
1787883950.467851268	s6-eth2	330529	203030929
1787883950.467851268	s6-eth3	330529	356734122
1787883950.467851268	s6-eth4	342477	330529
1787883950.467851268	s7-eth1	13711486889	18340281744
1787883950.467851268	s7-eth2	56450228	23248031551
1787883950.467851268	s7-eth3	29915418835	54727790
1787883950.467851268	s7-eth4	342254	330529
1787883950.467851268	s8-eth1	330529	330529
1787883950.467851268	s8-eth2	327687	330529
1787883950.467851268	s8-eth3	330529	327960
1787883950.467851268	s8-eth4	342352	330529
1787883950.467851268	s9-eth1	30544497215	54723106
1787883950.467851268	s9-eth2	356734122	330529
1787883950.467851268	s9-eth3	54727790	29915418835
1787883950.467851268	s9-eth4	327960	330529
1787883952.751087391	s10-eth1	327987	342380
1787883952.751087391	s10-eth2	330556	342505
1787883952.751087391	s10-eth3	330556	342282
1787883952.751087391	s10-eth4	330556	342380
1787883952.751087391	s1-eth1	60568306	40327514169
1787883952.751087391	s1-eth10	67059997	1193682
1787883952.751087391	s1-eth11	3698918343	677918
1787883952.751087391	s1-eth12	275627350	748355
1787883952.751087391	s1-eth13	32263380	291622
1787883952.751087391	s1-eth14	291381610	1042857
1787883952.751087391	s1-eth15	2640448488	2436834
1787883952.751087391	s1-eth16	419089023	3168826
1787883952.751087391	s1-eth17	170149123	2692754
1787883952.751087391	s1-eth18	218881062	13374
1787883952.751087391	s1-eth19	11642739961	1006225
1787883952.751087391	s1-eth2	330626	741029895
1787883952.751087391	s1-eth20	369110156	1800965
1787883952.751087391	s1-eth21	455061349	3381521
1787883952.751087391	s1-eth22	106288126	1304373
1787883952.751087391	s1-eth23	2762509109	1487734
1787883952.751087391	s1-eth24	317298920	1305894
1787883952.751087391	s1-eth25	250419426	3584075
1787883952.751087391	s1-eth26	384633643	2185933
1787883952.751087391	s1-eth27	2859656769	2181496
1787883952.751087391	s1-eth28	160614768	2459318
1787883952.751087391	s1-eth29	76005639	1220358
1787883952.751087391	s1-eth3	12116226164	5486787
1787883952.751087391	s1-eth30	97990716	1546772
1787883952.751087391	s1-eth31	2702444672	747183
1787883952.751087391	s1-eth32	374206034	2106481
1787883952.751087391	s1-eth33	176915322	2676555
1787883952.751087391	s1-eth34	116400718	1760078
1787883952.751087391	s1-eth4	328467207	1584379
1787883952.751087391	s1-eth5	335265926	1746657
1787883952.751087391	s1-eth6	345272831	2016267
1787883952.751087391	s1-eth7	2866746933	2863068
1787883952.751087391	s1-eth8	360906603	2077251
1787883952.751087391	s1-eth9	127254095	1805094
1787883952.751087391	s2-eth1	18778165933	12784402781
1787883952.751087391	s2-eth10	293451934	1056173
1787883952.751087391	s2-eth11	3747086601	2631866
1787883952.751087391	s2-eth12	62679652	1110497
1787883952.751087391	s2-eth13	90554101	1193814
1787883952.751087391	s2-eth14	75619704	1012239
1787883952.751087391	s2-eth15	2593149463	2039348
1787883952.751087391	s2-eth16	384833712	2357668
1787883952.751087391	s2-eth17	367726464	2197320
1787883952.751087391	s2-eth18	248788387	545334
1787883952.751087391	s2-eth19	998070	8989754462
1787883952.751087391	s2-eth2	203030956	330556
1787883952.751087391	s2-eth20	1794545	206197740
1787883952.751087391	s2-eth21	3374946	284141757
1787883952.751087391	s2-eth22	1296927	90417720
1787883952.751087391	s2-eth23	1479704	2486225857
1787883952.751087391	s2-eth24	1298033	147349507
1787883952.751087391	s2-eth25	3578578	231447134
1787883952.751087391	s2-eth26	2178920	213332869
1787883952.751087391	s2-eth27	2173296	2581188799
1787883952.751087391	s2-eth28	2453425	152871634
1787883952.751087391	s2-eth29	1212309	73304895
1787883952.751087391	s2-eth3	1580071589	840704
1787883952.751087391	s2-eth30	1539239	93665245
1787883952.751087391	s2-eth31	739495	2428530841
1787883952.751087391	s2-eth32	2098302	211415030
1787883952.751087391	s2-eth33	2673239	169882729
1787883952.751087391	s2-eth34	1752960	98751435
1787883952.751087391	s2-eth4	269929074	654049
1787883952.751087391	s2-eth5	456471688	3466674
1787883952.751087391	s2-eth6	383807485	2357588
1787883952.751087391	s2-eth7	2765021553	1005111
1787883952.751087391	s2-eth8	297962026	1119312
1787883952.751087391	s2-eth9	310373096	1200158
1787883952.751087391	s3-eth1	18340281771	13711486916
1787883952.751087391	s3-eth10	1188293	63110326
1787883952.751087391	s3-eth11	671763	2504921214
1787883952.751087391	s3-eth12	739707	89708230
1787883952.751087391	s3-eth13	282799	17392742
1787883952.751087391	s3-eth14	1034812	103103943
1787883952.751087391	s3-eth15	2430649	2335541710
1787883952.751087391	s3-eth16	3164828	222528607
1787883952.751087391	s3-eth17	2692125	149529063
1787883952.751087391	s3-eth18	4572	47644697
1787883952.751087391	s3-eth19	1588453394	864720
1787883952.751087391	s3-eth2	330556	330556
1787883952.751087391	s3-eth20	426618309	2563380
1787883952.751087391	s3-eth21	274001595	600251
1787883952.751087391	s3-eth22	372076034	1955648
1787883952.751087391	s3-eth23	2833882191	1855960
1787883952.751087391	s3-eth24	376159508	2074451
1787883952.751087391	s3-eth25	407910724	2379607
1787883952.751087391	s3-eth26	296989993	868575
1787883952.751087391	s3-eth27	3829638649	2329259
1787883952.751087391	s3-eth28	284542599	3671695
1787883952.751087391	s3-eth29	203013286	2393097
1787883952.751087391	s3-eth3	5482087	9227936040
1787883952.751087391	s3-eth30	256095311	3520731
1787883952.751087391	s3-eth31	2770155910	1630896
1787883952.751087391	s3-eth32	175364536	2366444
1787883952.751087391	s3-eth33	143979441	1736814
1787883952.751087391	s3-eth34	48326846	537880
1787883952.751087391	s3-eth4	1578200	143254608
1787883952.751087391	s3-eth5	1740412	149029833
1787883952.751087391	s3-eth6	2011240	155490412
1787883952.751087391	s3-eth7	2860600	2504495838
1787883952.751087391	s3-eth8	2071526	174082609
1787883952.751087391	s3-eth9	1798854	109170834
1787883952.751087391	s4-eth1	23248031578	56450255
1787883952.751087391	s4-eth10	1049557	114288958
1787883952.751087391	s4-eth11	2629166	2850887795
1787883952.751087391	s4-eth12	1107195	60590863
1787883952.751087391	s4-eth13	1194125	77007494
1787883952.751087391	s4-eth14	1010763	60079388
1787883952.751087391	s4-eth15	2041556	2441057896
1787883952.751087391	s4-eth16	2366991	201911916
1787883952.751087391	s4-eth17	2199970	184728652
1787883952.751087391	s4-eth18	536781	80228111
1787883952.751087391	s4-eth19	856112	1003744963
1787883952.751087391	s4-eth2	330556	327714
1787883952.751087391	s4-eth20	2578843	312448098
1787883952.751087391	s4-eth21	607673	162593489
1787883952.751087391	s4-eth22	1951958	258310808
1787883952.751087391	s4-eth23	1865348	2764031610
1787883952.751087391	s4-eth24	2081201	270687588
1787883952.751087391	s4-eth25	2381517	291907438
1787883952.751087391	s4-eth26	862767	182098677
1787883952.751087391	s4-eth27	2343135	3190480329
1787883952.751087391	s4-eth28	3683052	269501755
1787883952.751087391	s4-eth29	2401957	190167123
1787883952.751087391	s4-eth3	833326	739479060
1787883952.751087391	s4-eth30	3537606	240338253
1787883952.751087391	s4-eth31	1643619	2718802301
1787883952.751087391	s4-eth32	2370333	161642912
1787883952.751087391	s4-eth33	1734704	132723931
1787883952.751087391	s4-eth34	529892	38543083
1787883952.751087391	s4-eth4	647070	92508952
1787883952.751087391	s4-eth5	3473421	273667419
1787883952.751087391	s4-eth6	2361435	203672614
1787883952.751087391	s4-eth7	1004879	2605534397
1787883952.751087391	s4-eth8	1120159	118497951
1787883952.751087391	s4-eth9	1198094	130377779
1787883952.751087391	s5-eth1	40327514169	60568306
1787883952.751087391	s5-eth2	12784402781	18778165933
1787883952.751087391	s5-eth3	54723133	30544497242
1787883952.751087391	s5-eth4	342380	327987
1787883952.751087391	s6-eth1	741029895	330626
1787883952.751087391	s6-eth2	330556	203030956
1787883952.751087391	s6-eth3	330556	356734149
1787883952.751087391	s6-eth4	342505	330556
1787883952.751087391	s7-eth1	13711486916	18340281771
1787883952.751087391	s7-eth2	56450255	23248031578
1787883952.751087391	s7-eth3	29915418862	54727817
1787883952.751087391	s7-eth4	342282	330556
1787883952.751087391	s8-eth1	330556	330556
1787883952.751087391	s8-eth2	327714	330556
1787883952.751087391	s8-eth3	330556	327987
1787883952.751087391	s8-eth4	342380	330556
1787883952.751087391	s9-eth1	30544497242	54723133
1787883952.751087391	s9-eth2	356734149	330556
1787883952.751087391	s9-eth3	54727817	29915418862
1787883952.751087391	s9-eth4	327987	330556
1787883955.039233540	s10-eth1	327987	342380
1787883955.039233540	s10-eth2	330556	342505
1787883955.039233540	s10-eth3	330556	342282
1787883955.039233540	s10-eth4	330556	342380
1787883955.039233540	s1-eth1	60568306	40327514169
1787883955.039233540	s1-eth10	67059997	1193682
1787883955.039233540	s1-eth11	3698918343	677918
1787883955.039233540	s1-eth12	275627350	748355
1787883955.039233540	s1-eth13	32263380	291622
1787883955.039233540	s1-eth14	291381610	1042857
1787883955.039233540	s1-eth15	2640448488	2436834
1787883955.039233540	s1-eth16	419089023	3168826
1787883955.039233540	s1-eth17	170149123	2692754
1787883955.039233540	s1-eth18	218881062	13374
1787883955.039233540	s1-eth19	11642739961	1006225
1787883955.039233540	s1-eth2	330626	741029895
1787883955.039233540	s1-eth20	369110156	1800965
1787883955.039233540	s1-eth21	455061349	3381521
1787883955.039233540	s1-eth22	106288126	1304373
1787883955.039233540	s1-eth23	2762509109	1487734
1787883955.039233540	s1-eth24	317298920	1305894
1787883955.039233540	s1-eth25	250419426	3584075
1787883955.039233540	s1-eth26	384633643	2185933
1787883955.039233540	s1-eth27	2859656769	2181496
1787883955.039233540	s1-eth28	160614768	2459318
1787883955.039233540	s1-eth29	76005639	1220358
1787883955.039233540	s1-eth3	12116226164	5486787
1787883955.039233540	s1-eth30	97990716	1546772
1787883955.039233540	s1-eth31	2702444672	747183
1787883955.039233540	s1-eth32	374206034	2106481
1787883955.039233540	s1-eth33	176915322	2676555
1787883955.039233540	s1-eth34	116400718	1760078
1787883955.039233540	s1-eth4	328467207	1584379
1787883955.039233540	s1-eth5	335265926	1746657
1787883955.039233540	s1-eth6	345272831	2016267
1787883955.039233540	s1-eth7	2866746933	2863068
1787883955.039233540	s1-eth8	360906603	2077251
1787883955.039233540	s1-eth9	127254095	1805094
1787883955.039233540	s2-eth1	18778165933	12784402781
1787883955.039233540	s2-eth10	293451934	1056173
1787883955.039233540	s2-eth11	3747086601	2631866
1787883955.039233540	s2-eth12	62679652	1110497
1787883955.039233540	s2-eth13	90554101	1193814
1787883955.039233540	s2-eth14	75619704	1012239
1787883955.039233540	s2-eth15	2593149463	2039348
1787883955.039233540	s2-eth16	384833712	2357668
1787883955.039233540	s2-eth17	367726464	2197320
1787883955.039233540	s2-eth18	248788387	545334
1787883955.039233540	s2-eth19	998070	8989754462
1787883955.039233540	s2-eth2	203030956	330556
1787883955.039233540	s2-eth20	1794545	206197740
1787883955.039233540	s2-eth21	3374946	284141757
1787883955.039233540	s2-eth22	1296927	90417720
1787883955.039233540	s2-eth23	1479704	2486225857
1787883955.039233540	s2-eth24	1298033	147349507
1787883955.039233540	s2-eth25	3578578	231447134
1787883955.039233540	s2-eth26	2178920	213332869
1787883955.039233540	s2-eth27	2173296	2581188799
1787883955.039233540	s2-eth28	2453425	152871634
1787883955.039233540	s2-eth29	1212309	73304895
1787883955.039233540	s2-eth3	1580071589	840704
1787883955.039233540	s2-eth30	1539239	93665245
1787883955.039233540	s2-eth31	739495	2428530841
1787883955.039233540	s2-eth32	2098302	211415030
1787883955.039233540	s2-eth33	2673239	169882729
1787883955.039233540	s2-eth34	1752960	98751435
1787883955.039233540	s2-eth4	269929074	654049
1787883955.039233540	s2-eth5	456471688	3466674
1787883955.039233540	s2-eth6	383807485	2357588
1787883955.039233540	s2-eth7	2765021553	1005111
1787883955.039233540	s2-eth8	297962026	1119312
1787883955.039233540	s2-eth9	310373096	1200158
1787883955.039233540	s3-eth1	18340281771	13711486916
1787883955.039233540	s3-eth10	1188293	63110326
1787883955.039233540	s3-eth11	671763	2504921214
1787883955.039233540	s3-eth12	739707	89708230
1787883955.039233540	s3-eth13	282799	17392742
1787883955.039233540	s3-eth14	1034812	103103943
1787883955.039233540	s3-eth15	2430649	2335541710
1787883955.039233540	s3-eth16	3164828	222528607
1787883955.039233540	s3-eth17	2692125	149529063
1787883955.039233540	s3-eth18	4572	47644697
1787883955.039233540	s3-eth19	1588453394	864720
1787883955.039233540	s3-eth2	330556	330556
1787883955.039233540	s3-eth20	426618309	2563380
1787883955.039233540	s3-eth21	274001595	600251
1787883955.039233540	s3-eth22	372076034	1955648
1787883955.039233540	s3-eth23	2833882191	1855960
1787883955.039233540	s3-eth24	376159508	2074451
1787883955.039233540	s3-eth25	407910724	2379607
1787883955.039233540	s3-eth26	296989993	868575
1787883955.039233540	s3-eth27	3829638649	2329259
1787883955.039233540	s3-eth28	284542599	3671695
1787883955.039233540	s3-eth29	203013286	2393097
1787883955.039233540	s3-eth3	5482087	9227936040
1787883955.039233540	s3-eth30	256095311	3520731
1787883955.039233540	s3-eth31	2770155910	1630896
1787883955.039233540	s3-eth32	175364536	2366444
1787883955.039233540	s3-eth33	143979441	1736814
1787883955.039233540	s3-eth34	48326846	537880
1787883955.039233540	s3-eth4	1578200	143254608
1787883955.039233540	s3-eth5	1740412	149029833
1787883955.039233540	s3-eth6	2011240	155490412
1787883955.039233540	s3-eth7	2860600	2504495838
1787883955.039233540	s3-eth8	2071526	174082609
1787883955.039233540	s3-eth9	1798854	109170834
1787883955.039233540	s4-eth1	23248031578	56450255
1787883955.039233540	s4-eth10	1049557	114288958
1787883955.039233540	s4-eth11	2629166	2850887795
1787883955.039233540	s4-eth12	1107195	60590863
1787883955.039233540	s4-eth13	1194125	77007494
1787883955.039233540	s4-eth14	1010763	60079388
1787883955.039233540	s4-eth15	2041556	2441057896
1787883955.039233540	s4-eth16	2366991	201911916
1787883955.039233540	s4-eth17	2199970	184728652
1787883955.039233540	s4-eth18	536781	80228111
1787883955.039233540	s4-eth19	856112	1003744963
1787883955.039233540	s4-eth2	330556	327714
1787883955.039233540	s4-eth20	2578843	312448098
1787883955.039233540	s4-eth21	607673	162593489
1787883955.039233540	s4-eth22	1951958	258310808
1787883955.039233540	s4-eth23	1865348	2764031610
1787883955.039233540	s4-eth24	2081201	270687588
1787883955.039233540	s4-eth25	2381517	291907438
1787883955.039233540	s4-eth26	862767	182098677
1787883955.039233540	s4-eth27	2343135	3190480329
1787883955.039233540	s4-eth28	3683052	269501755
1787883955.039233540	s4-eth29	2401957	190167123
1787883955.039233540	s4-eth3	833326	739479060
1787883955.039233540	s4-eth30	3537606	240338253
1787883955.039233540	s4-eth31	1643619	2718802301
1787883955.039233540	s4-eth32	2370333	161642912
1787883955.039233540	s4-eth33	1734704	132723931
1787883955.039233540	s4-eth34	529892	38543083
1787883955.039233540	s4-eth4	647070	92508952
1787883955.039233540	s4-eth5	3473421	273667419
1787883955.039233540	s4-eth6	2361435	203672614
1787883955.039233540	s4-eth7	1004879	2605534397
1787883955.039233540	s4-eth8	1120159	118497951
1787883955.039233540	s4-eth9	1198094	130377779
1787883955.039233540	s5-eth1	40327514169	60568306
1787883955.039233540	s5-eth2	12784402781	18778165933
1787883955.039233540	s5-eth3	54723133	30544497242
1787883955.039233540	s5-eth4	342380	327987
1787883955.039233540	s6-eth1	741029895	330626
1787883955.039233540	s6-eth2	330556	203030956
1787883955.039233540	s6-eth3	330556	356734149
1787883955.039233540	s6-eth4	342505	330556
1787883955.039233540	s7-eth1	13711486916	18340281771
1787883955.039233540	s7-eth2	56450255	23248031578
1787883955.039233540	s7-eth3	29915418862	54727817
1787883955.039233540	s7-eth4	342282	330556
1787883955.039233540	s8-eth1	330556	330556
1787883955.039233540	s8-eth2	327714	330556
1787883955.039233540	s8-eth3	330556	327987
1787883955.039233540	s8-eth4	342380	330556
1787883955.039233540	s9-eth1	30544497242	54723133
1787883955.039233540	s9-eth2	356734149	330556
1787883955.039233540	s9-eth3	54727817	29915418862
1787883955.039233540	s9-eth4	327987	330556
1787883957.321782831	s10-eth1	328014	342408
1787883957.321782831	s10-eth2	330583	342533
1787883957.321782831	s10-eth3	330583	342310
1787883957.321782831	s10-eth4	330583	342408
1787883957.321782831	s1-eth1	60568333	40327514196
1787883957.321782831	s1-eth10	67059997	1193682
1787883957.321782831	s1-eth11	3698918343	677918
1787883957.321782831	s1-eth12	275627350	748355
1787883957.321782831	s1-eth13	32263380	291622
1787883957.321782831	s1-eth14	291381610	1042857
1787883957.321782831	s1-eth15	2640448488	2436834
1787883957.321782831	s1-eth16	419089023	3168826
1787883957.321782831	s1-eth17	170149123	2692754
1787883957.321782831	s1-eth18	218881062	13374
1787883957.321782831	s1-eth19	11642739961	1006225
1787883957.321782831	s1-eth2	330653	741029922
1787883957.321782831	s1-eth20	369110156	1800965
1787883957.321782831	s1-eth21	455061349	3381521
1787883957.321782831	s1-eth22	106288126	1304373
1787883957.321782831	s1-eth23	2762509109	1487734
1787883957.321782831	s1-eth24	317298920	1305894
1787883957.321782831	s1-eth25	250419426	3584075
1787883957.321782831	s1-eth26	384633643	2185933
1787883957.321782831	s1-eth27	2859656769	2181496
1787883957.321782831	s1-eth28	160614768	2459318
1787883957.321782831	s1-eth29	76005639	1220358
1787883957.321782831	s1-eth3	12116226164	5486787
1787883957.321782831	s1-eth30	97990716	1546772
1787883957.321782831	s1-eth31	2702444672	747183
1787883957.321782831	s1-eth32	374206034	2106481
1787883957.321782831	s1-eth33	176915322	2676555
1787883957.321782831	s1-eth34	116400718	1760078
1787883957.321782831	s1-eth4	328467207	1584379
1787883957.321782831	s1-eth5	335265926	1746657
1787883957.321782831	s1-eth6	345272831	2016267
1787883957.321782831	s1-eth7	2866746933	2863068
1787883957.321782831	s1-eth8	360906603	2077251
1787883957.321782831	s1-eth9	127254095	1805094
1787883957.321782831	s2-eth1	18778165960	12784402808
1787883957.321782831	s2-eth10	293451934	1056173
1787883957.321782831	s2-eth11	3747086601	2631866
1787883957.321782831	s2-eth12	62679652	1110497
1787883957.321782831	s2-eth13	90554101	1193814
1787883957.321782831	s2-eth14	75619704	1012239
1787883957.321782831	s2-eth15	2593149463	2039348
1787883957.321782831	s2-eth16	384833712	2357668
1787883957.321782831	s2-eth17	367726464	2197320
1787883957.321782831	s2-eth18	248788387	545334
1787883957.321782831	s2-eth19	998070	8989754462
1787883957.321782831	s2-eth2	203030983	330583
1787883957.321782831	s2-eth20	1794545	206197740
1787883957.321782831	s2-eth21	3374946	284141757
1787883957.321782831	s2-eth22	1296927	90417720
1787883957.321782831	s2-eth23	1479704	2486225857
1787883957.321782831	s2-eth24	1298033	147349507
1787883957.321782831	s2-eth25	3578578	231447134
1787883957.321782831	s2-eth26	2178920	213332869
1787883957.321782831	s2-eth27	2173296	2581188799
1787883957.321782831	s2-eth28	2453425	152871634
1787883957.321782831	s2-eth29	1212309	73304895
1787883957.321782831	s2-eth3	1580071589	840704
1787883957.321782831	s2-eth30	1539239	93665245
1787883957.321782831	s2-eth31	739495	2428530841
1787883957.321782831	s2-eth32	2098302	211415030
1787883957.321782831	s2-eth33	2673239	169882729
1787883957.321782831	s2-eth34	1752960	98751435
1787883957.321782831	s2-eth4	269929074	654049
1787883957.321782831	s2-eth5	456471688	3466674
1787883957.321782831	s2-eth6	383807485	2357588
1787883957.321782831	s2-eth7	2765021553	1005111
1787883957.321782831	s2-eth8	297962026	1119312
1787883957.321782831	s2-eth9	310373096	1200158
1787883957.321782831	s3-eth1	18340281798	13711486943
1787883957.321782831	s3-eth10	1188293	63110326
1787883957.321782831	s3-eth11	671763	2504921214
1787883957.321782831	s3-eth12	739707	89708230
1787883957.321782831	s3-eth13	282799	17392742
1787883957.321782831	s3-eth14	1034812	103103943
1787883957.321782831	s3-eth15	2430649	2335541710
1787883957.321782831	s3-eth16	3164828	222528607
1787883957.321782831	s3-eth17	2692125	149529063
1787883957.321782831	s3-eth18	4572	47644697
1787883957.321782831	s3-eth19	1588453394	864720
1787883957.321782831	s3-eth2	330583	330583
1787883957.321782831	s3-eth20	426618309	2563380
1787883957.321782831	s3-eth21	274001595	600251
1787883957.321782831	s3-eth22	372076034	1955648
1787883957.321782831	s3-eth23	2833882191	1855960
1787883957.321782831	s3-eth24	376159508	2074451
1787883957.321782831	s3-eth25	407910724	2379607
1787883957.321782831	s3-eth26	296989993	868575
1787883957.321782831	s3-eth27	3829638649	2329259
1787883957.321782831	s3-eth28	284542599	3671695
1787883957.321782831	s3-eth29	203013286	2393097
1787883957.321782831	s3-eth3	5482087	9227936040
1787883957.321782831	s3-eth30	256095311	3520731
1787883957.321782831	s3-eth31	2770155910	1630896
1787883957.321782831	s3-eth32	175364536	2366444
1787883957.321782831	s3-eth33	143979441	1736814
1787883957.321782831	s3-eth34	48326846	537880
1787883957.321782831	s3-eth4	1578200	143254608
1787883957.321782831	s3-eth5	1740412	149029833
1787883957.321782831	s3-eth6	2011240	155490412
1787883957.321782831	s3-eth7	2860600	2504495838
1787883957.321782831	s3-eth8	2071526	174082609
1787883957.321782831	s3-eth9	1798854	109170834
1787883957.321782831	s4-eth1	23248031605	56450282
1787883957.321782831	s4-eth10	1049557	114288958
1787883957.321782831	s4-eth11	2629166	2850887795
1787883957.321782831	s4-eth12	1107195	60590863
1787883957.321782831	s4-eth13	1194125	77007494
1787883957.321782831	s4-eth14	1010763	60079388
1787883957.321782831	s4-eth15	2041556	2441057896
1787883957.321782831	s4-eth16	2366991	201911916
1787883957.321782831	s4-eth17	2199970	184728652
1787883957.321782831	s4-eth18	536781	80228111
1787883957.321782831	s4-eth19	856112	1003744963
1787883957.321782831	s4-eth2	330583	327741
1787883957.321782831	s4-eth20	2578843	312448098
1787883957.321782831	s4-eth21	607673	162593489
1787883957.321782831	s4-eth22	1951958	258310808
1787883957.321782831	s4-eth23	1865348	2764031610
1787883957.321782831	s4-eth24	2081201	270687588
1787883957.321782831	s4-eth25	2381517	291907438
1787883957.321782831	s4-eth26	862767	182098677
1787883957.321782831	s4-eth27	2343135	3190480329
1787883957.321782831	s4-eth28	3683052	269501755
1787883957.321782831	s4-eth29	2401957	190167123
1787883957.321782831	s4-eth3	833326	739479060
1787883957.321782831	s4-eth30	3537606	240338253
1787883957.321782831	s4-eth31	1643619	2718802301
1787883957.321782831	s4-eth32	2370333	161642912
1787883957.321782831	s4-eth33	1734704	132723931
1787883957.321782831	s4-eth34	529892	38543083
1787883957.321782831	s4-eth4	647070	92508952
1787883957.321782831	s4-eth5	3473421	273667419
1787883957.321782831	s4-eth6	2361435	203672614
1787883957.321782831	s4-eth7	1004879	2605534397
1787883957.321782831	s4-eth8	1120159	118497951
1787883957.321782831	s4-eth9	1198094	130377779
1787883957.321782831	s5-eth1	40327514196	60568333
1787883957.321782831	s5-eth2	12784402808	18778165960
1787883957.321782831	s5-eth3	54723160	30544497269
1787883957.321782831	s5-eth4	342408	328014
1787883957.321782831	s6-eth1	741029922	330653
1787883957.321782831	s6-eth2	330583	203030983
1787883957.321782831	s6-eth3	330583	356734176
1787883957.321782831	s6-eth4	342533	330583
1787883957.321782831	s7-eth1	13711486943	18340281798
1787883957.321782831	s7-eth2	56450282	23248031605
1787883957.321782831	s7-eth3	29915418889	54727844
1787883957.321782831	s7-eth4	342310	330583
1787883957.321782831	s8-eth1	330583	330583
1787883957.321782831	s8-eth2	327741	330583
1787883957.321782831	s8-eth3	330583	328014
1787883957.321782831	s8-eth4	342408	330583
1787883957.321782831	s9-eth1	30544497269	54723160
1787883957.321782831	s9-eth2	356734176	330583
1787883957.321782831	s9-eth3	54727844	29915418889
1787883957.321782831	s9-eth4	328014	330583
1787883959.605571414	s10-eth1	328014	342408
1787883959.605571414	s10-eth2	330583	342533
1787883959.605571414	s10-eth3	330583	342310
1787883959.605571414	s10-eth4	330583	342408
1787883959.605571414	s1-eth1	60568333	40327514196
1787883959.605571414	s1-eth10	67059997	1193682
1787883959.605571414	s1-eth11	3698918343	677918
1787883959.605571414	s1-eth12	275627350	748355
1787883959.605571414	s1-eth13	32263380	291622
1787883959.605571414	s1-eth14	291381610	1042857
1787883959.605571414	s1-eth15	2640448488	2436834
1787883959.605571414	s1-eth16	419089023	3168826
1787883959.605571414	s1-eth17	170149123	2692754
1787883959.605571414	s1-eth18	218881062	13374
1787883959.605571414	s1-eth19	11642739961	1006225
1787883959.605571414	s1-eth2	330653	741029922
1787883959.605571414	s1-eth20	369110156	1800965
1787883959.605571414	s1-eth21	455061349	3381521
1787883959.605571414	s1-eth22	106288126	1304373
1787883959.605571414	s1-eth23	2762509109	1487734
1787883959.605571414	s1-eth24	317298920	1305894
1787883959.605571414	s1-eth25	250419426	3584075
1787883959.605571414	s1-eth26	384633643	2185933
1787883959.605571414	s1-eth27	2859656769	2181496
1787883959.605571414	s1-eth28	160614768	2459318
1787883959.605571414	s1-eth29	76005639	1220358
1787883959.605571414	s1-eth3	12116226164	5486787
1787883959.605571414	s1-eth30	97990716	1546772
1787883959.605571414	s1-eth31	2702444672	747183
1787883959.605571414	s1-eth32	374206034	2106481
1787883959.605571414	s1-eth33	176915322	2676555
1787883959.605571414	s1-eth34	116400718	1760078
1787883959.605571414	s1-eth4	328467207	1584379
1787883959.605571414	s1-eth5	335265926	1746657
1787883959.605571414	s1-eth6	345272831	2016267
1787883959.605571414	s1-eth7	2866746933	2863068
1787883959.605571414	s1-eth8	360906603	2077251
1787883959.605571414	s1-eth9	127254095	1805094
1787883959.605571414	s2-eth1	18778165960	12784402808
1787883959.605571414	s2-eth10	293451934	1056173
1787883959.605571414	s2-eth11	3747086601	2631866
1787883959.605571414	s2-eth12	62679652	1110497
1787883959.605571414	s2-eth13	90554101	1193814
1787883959.605571414	s2-eth14	75619704	1012239
1787883959.605571414	s2-eth15	2593149463	2039348
1787883959.605571414	s2-eth16	384833712	2357668
1787883959.605571414	s2-eth17	367726464	2197320
1787883959.605571414	s2-eth18	248788387	545334
1787883959.605571414	s2-eth19	998070	8989754462
1787883959.605571414	s2-eth2	203030983	330583
1787883959.605571414	s2-eth20	1794545	206197740
1787883959.605571414	s2-eth21	3374946	284141757
1787883959.605571414	s2-eth22	1296927	90417720
1787883959.605571414	s2-eth23	1479704	2486225857
1787883959.605571414	s2-eth24	1298033	147349507
1787883959.605571414	s2-eth25	3578578	231447134
1787883959.605571414	s2-eth26	2178920	213332869
1787883959.605571414	s2-eth27	2173296	2581188799
1787883959.605571414	s2-eth28	2453425	152871634
1787883959.605571414	s2-eth29	1212309	73304895
1787883959.605571414	s2-eth3	1580071589	840704
1787883959.605571414	s2-eth30	1539239	93665245
1787883959.605571414	s2-eth31	739495	2428530841
1787883959.605571414	s2-eth32	2098302	211415030
1787883959.605571414	s2-eth33	2673239	169882729
1787883959.605571414	s2-eth34	1752960	98751435
1787883959.605571414	s2-eth4	269929074	654049
1787883959.605571414	s2-eth5	456471688	3466674
1787883959.605571414	s2-eth6	383807485	2357588
1787883959.605571414	s2-eth7	2765021553	1005111
1787883959.605571414	s2-eth8	297962026	1119312
1787883959.605571414	s2-eth9	310373096	1200158
1787883959.605571414	s3-eth1	18340281798	13711486943
1787883959.605571414	s3-eth10	1188293	63110326
1787883959.605571414	s3-eth11	671763	2504921214
1787883959.605571414	s3-eth12	739707	89708230
1787883959.605571414	s3-eth13	282799	17392742
1787883959.605571414	s3-eth14	1034812	103103943
1787883959.605571414	s3-eth15	2430649	2335541710
1787883959.605571414	s3-eth16	3164828	222528607
1787883959.605571414	s3-eth17	2692125	149529063
1787883959.605571414	s3-eth18	4572	47644697
1787883959.605571414	s3-eth19	1588453394	864720
1787883959.605571414	s3-eth2	330583	330583
1787883959.605571414	s3-eth20	426618309	2563380
1787883959.605571414	s3-eth21	274001595	600251
1787883959.605571414	s3-eth22	372076034	1955648
1787883959.605571414	s3-eth23	2833882191	1855960
1787883959.605571414	s3-eth24	376159508	2074451
1787883959.605571414	s3-eth25	407910724	2379607
1787883959.605571414	s3-eth26	296989993	868575
1787883959.605571414	s3-eth27	3829638649	2329259
1787883959.605571414	s3-eth28	284542599	3671695
1787883959.605571414	s3-eth29	203013286	2393097
1787883959.605571414	s3-eth3	5482087	9227936040
1787883959.605571414	s3-eth30	256095311	3520731
1787883959.605571414	s3-eth31	2770155910	1630896
1787883959.605571414	s3-eth32	175364536	2366444
1787883959.605571414	s3-eth33	143979441	1736814
1787883959.605571414	s3-eth34	48326846	537880
1787883959.605571414	s3-eth4	1578200	143254608
1787883959.605571414	s3-eth5	1740412	149029833
1787883959.605571414	s3-eth6	2011240	155490412
1787883959.605571414	s3-eth7	2860600	2504495838
1787883959.605571414	s3-eth8	2071526	174082609
1787883959.605571414	s3-eth9	1798854	109170834
1787883959.605571414	s4-eth1	23248031605	56450282
1787883959.605571414	s4-eth10	1049557	114288958
1787883959.605571414	s4-eth11	2629166	2850887795
1787883959.605571414	s4-eth12	1107195	60590863
1787883959.605571414	s4-eth13	1194125	77007494
1787883959.605571414	s4-eth14	1010763	60079388
1787883959.605571414	s4-eth15	2041556	2441057896
1787883959.605571414	s4-eth16	2366991	201911916
1787883959.605571414	s4-eth17	2199970	184728652
1787883959.605571414	s4-eth18	536781	80228111
1787883959.605571414	s4-eth19	856112	1003744963
1787883959.605571414	s4-eth2	330583	327741
1787883959.605571414	s4-eth20	2578843	312448098
1787883959.605571414	s4-eth21	607673	162593489
1787883959.605571414	s4-eth22	1951958	258310808
1787883959.605571414	s4-eth23	1865348	2764031610
1787883959.605571414	s4-eth24	2081201	270687588
1787883959.605571414	s4-eth25	2381517	291907438
1787883959.605571414	s4-eth26	862767	182098677
1787883959.605571414	s4-eth27	2343135	3190480329
1787883959.605571414	s4-eth28	3683052	269501755
1787883959.605571414	s4-eth29	2401957	190167123
1787883959.605571414	s4-eth3	833326	739479060
1787883959.605571414	s4-eth30	3537606	240338253
1787883959.605571414	s4-eth31	1643619	2718802301
1787883959.605571414	s4-eth32	2370333	161642912
1787883959.605571414	s4-eth33	1734704	132723931
1787883959.605571414	s4-eth34	529892	38543083
1787883959.605571414	s4-eth4	647070	92508952
1787883959.605571414	s4-eth5	3473421	273667419
1787883959.605571414	s4-eth6	2361435	203672614
1787883959.605571414	s4-eth7	1004879	2605534397
1787883959.605571414	s4-eth8	1120159	118497951
1787883959.605571414	s4-eth9	1198094	130377779
1787883959.605571414	s5-eth1	40327514196	60568333
1787883959.605571414	s5-eth2	12784402808	18778165960
1787883959.605571414	s5-eth3	54723160	30544497269
1787883959.605571414	s5-eth4	342408	328014
1787883959.605571414	s6-eth1	741029922	330653
1787883959.605571414	s6-eth2	330583	203030983
1787883959.605571414	s6-eth3	330583	356734176
1787883959.605571414	s6-eth4	342533	330583
1787883959.605571414	s7-eth1	13711486943	18340281798
1787883959.605571414	s7-eth2	56450282	23248031605
1787883959.605571414	s7-eth3	29915418889	54727844
1787883959.605571414	s7-eth4	342310	330583
1787883959.605571414	s8-eth1	330583	330583
1787883959.605571414	s8-eth2	327741	330583
1787883959.605571414	s8-eth3	330583	328014
1787883959.605571414	s8-eth4	342408	330583
1787883959.605571414	s9-eth1	30544497269	54723160
1787883959.605571414	s9-eth2	356734176	330583
1787883959.605571414	s9-eth3	54727844	29915418889
1787883959.605571414	s9-eth4	328014	330583
1787883961.894505394	s10-eth1	328041	342436
1787883961.894505394	s10-eth2	330610	342561
1787883961.894505394	s10-eth3	330610	342338
1787883961.894505394	s10-eth4	330610	342436
1787883961.894505394	s1-eth1	60568360	40327514223
1787883961.894505394	s1-eth10	67059997	1193682
1787883961.894505394	s1-eth11	3698918343	677918
1787883961.894505394	s1-eth12	275627350	748355
1787883961.894505394	s1-eth13	32263380	291622
1787883961.894505394	s1-eth14	291381610	1042857
1787883961.894505394	s1-eth15	2640448488	2436834
1787883961.894505394	s1-eth16	419089023	3168826
1787883961.894505394	s1-eth17	170149123	2692754
1787883961.894505394	s1-eth18	218881062	13374
1787883961.894505394	s1-eth19	11642739961	1006225
1787883961.894505394	s1-eth2	330680	741029949
1787883961.894505394	s1-eth20	369110156	1800965
1787883961.894505394	s1-eth21	455061349	3381521
1787883961.894505394	s1-eth22	106288126	1304373
1787883961.894505394	s1-eth23	2762509109	1487734
1787883961.894505394	s1-eth24	317298920	1305894
1787883961.894505394	s1-eth25	250419426	3584075
1787883961.894505394	s1-eth26	384633643	2185933
1787883961.894505394	s1-eth27	2859656769	2181496
1787883961.894505394	s1-eth28	160614768	2459318
1787883961.894505394	s1-eth29	76005639	1220358
1787883961.894505394	s1-eth3	12116226164	5486787
1787883961.894505394	s1-eth30	97990716	1546772
1787883961.894505394	s1-eth31	2702444672	747183
1787883961.894505394	s1-eth32	374206034	2106481
1787883961.894505394	s1-eth33	176915322	2676555
1787883961.894505394	s1-eth34	116400718	1760078
1787883961.894505394	s1-eth4	328467207	1584379
1787883961.894505394	s1-eth5	335265926	1746657
1787883961.894505394	s1-eth6	345272831	2016267
1787883961.894505394	s1-eth7	2866746933	2863068
1787883961.894505394	s1-eth8	360906603	2077251
1787883961.894505394	s1-eth9	127254095	1805094
1787883961.894505394	s2-eth1	18778165987	12784402835
1787883961.894505394	s2-eth10	293451934	1056173
1787883961.894505394	s2-eth11	3747086601	2631866
1787883961.894505394	s2-eth12	62679652	1110497
1787883961.894505394	s2-eth13	90554101	1193814
1787883961.894505394	s2-eth14	75619704	1012239
1787883961.894505394	s2-eth15	2593149463	2039348
1787883961.894505394	s2-eth16	384833712	2357668
1787883961.894505394	s2-eth17	367726464	2197320
1787883961.894505394	s2-eth18	248788387	545334
1787883961.894505394	s2-eth19	998070	8989754462
1787883961.894505394	s2-eth2	203031010	330610
1787883961.894505394	s2-eth20	1794545	206197740
1787883961.894505394	s2-eth21	3374946	284141757
1787883961.894505394	s2-eth22	1296927	90417720
1787883961.894505394	s2-eth23	1479704	2486225857
1787883961.894505394	s2-eth24	1298033	147349507
1787883961.894505394	s2-eth25	3578578	231447134
1787883961.894505394	s2-eth26	2178920	213332869
1787883961.894505394	s2-eth27	2173296	2581188799
1787883961.894505394	s2-eth28	2453425	152871634
1787883961.894505394	s2-eth29	1212309	73304895
1787883961.894505394	s2-eth3	1580071589	840704
1787883961.894505394	s2-eth30	1539239	93665245
1787883961.894505394	s2-eth31	739495	2428530841
1787883961.894505394	s2-eth32	2098302	211415030
1787883961.894505394	s2-eth33	2673239	169882729
1787883961.894505394	s2-eth34	1752960	98751435
1787883961.894505394	s2-eth4	269929074	654049
1787883961.894505394	s2-eth5	456471688	3466674
1787883961.894505394	s2-eth6	383807485	2357588
1787883961.894505394	s2-eth7	2765021553	1005111
1787883961.894505394	s2-eth8	297962026	1119312
1787883961.894505394	s2-eth9	310373096	1200158
1787883961.894505394	s3-eth1	18340281825	13711486970
1787883961.894505394	s3-eth10	1188293	63110326
1787883961.894505394	s3-eth11	671763	2504921214
1787883961.894505394	s3-eth12	739707	89708230
1787883961.894505394	s3-eth13	282799	17392742
1787883961.894505394	s3-eth14	1034812	103103943
1787883961.894505394	s3-eth15	2430649	2335541710
1787883961.894505394	s3-eth16	3164828	222528607
1787883961.894505394	s3-eth17	2692125	149529063
1787883961.894505394	s3-eth18	4572	47644697
1787883961.894505394	s3-eth19	1588453394	864720
1787883961.894505394	s3-eth2	330610	330610
1787883961.894505394	s3-eth20	426618309	2563380
1787883961.894505394	s3-eth21	274001595	600251
1787883961.894505394	s3-eth22	372076034	1955648
1787883961.894505394	s3-eth23	2833882191	1855960
1787883961.894505394	s3-eth24	376159508	2074451
1787883961.894505394	s3-eth25	407910724	2379607
1787883961.894505394	s3-eth26	296989993	868575
1787883961.894505394	s3-eth27	3829638649	2329259
1787883961.894505394	s3-eth28	284542599	3671695
1787883961.894505394	s3-eth29	203013286	2393097
1787883961.894505394	s3-eth3	5482087	9227936040
1787883961.894505394	s3-eth30	256095311	3520731
1787883961.894505394	s3-eth31	2770155910	1630896
1787883961.894505394	s3-eth32	175364536	2366444
1787883961.894505394	s3-eth33	143979441	1736814
1787883961.894505394	s3-eth34	48326846	537880
1787883961.894505394	s3-eth4	1578200	143254608
1787883961.894505394	s3-eth5	1740412	149029833
1787883961.894505394	s3-eth6	2011240	155490412
1787883961.894505394	s3-eth7	2860600	2504495838
1787883961.894505394	s3-eth8	2071526	174082609
1787883961.894505394	s3-eth9	1798854	109170834
1787883961.894505394	s4-eth1	23248031632	56450309
1787883961.894505394	s4-eth10	1049557	114288958
1787883961.894505394	s4-eth11	2629166	2850887795
1787883961.894505394	s4-eth12	1107195	60590863
1787883961.894505394	s4-eth13	1194125	77007494
1787883961.894505394	s4-eth14	1010763	60079388
1787883961.894505394	s4-eth15	2041556	2441057896
1787883961.894505394	s4-eth16	2366991	201911916
1787883961.894505394	s4-eth17	2199970	184728652
1787883961.894505394	s4-eth18	536781	80228111
1787883961.894505394	s4-eth19	856112	1003744963
1787883961.894505394	s4-eth2	330610	327768
1787883961.894505394	s4-eth20	2578843	312448098
1787883961.894505394	s4-eth21	607673	162593489
1787883961.894505394	s4-eth22	1951958	258310808
1787883961.894505394	s4-eth23	1865348	2764031610
1787883961.894505394	s4-eth24	2081201	270687588
1787883961.894505394	s4-eth25	2381517	291907438
1787883961.894505394	s4-eth26	862767	182098677
1787883961.894505394	s4-eth27	2343135	3190480329
1787883961.894505394	s4-eth28	3683052	269501755
1787883961.894505394	s4-eth29	2401957	190167123
1787883961.894505394	s4-eth3	833326	739479060
1787883961.894505394	s4-eth30	3537606	240338253
1787883961.894505394	s4-eth31	1643619	2718802301
1787883961.894505394	s4-eth32	2370333	161642912
1787883961.894505394	s4-eth33	1734704	132723931
1787883961.894505394	s4-eth34	529892	38543083
1787883961.894505394	s4-eth4	647070	92508952
1787883961.894505394	s4-eth5	3473421	273667419
1787883961.894505394	s4-eth6	2361435	203672614
1787883961.894505394	s4-eth7	1004879	2605534397
1787883961.894505394	s4-eth8	1120159	118497951
1787883961.894505394	s4-eth9	1198094	130377779
1787883961.894505394	s5-eth1	40327514223	60568360
1787883961.894505394	s5-eth2	12784402835	18778165987
1787883961.894505394	s5-eth3	54723187	30544497296
1787883961.894505394	s5-eth4	342436	328041
1787883961.894505394	s6-eth1	741029949	330680
1787883961.894505394	s6-eth2	330610	203031010
1787883961.894505394	s6-eth3	330610	356734203
1787883961.894505394	s6-eth4	342561	330610
1787883961.894505394	s7-eth1	13711486970	18340281825
1787883961.894505394	s7-eth2	56450309	23248031632
1787883961.894505394	s7-eth3	29915418916	54727871
1787883961.894505394	s7-eth4	342338	330610
1787883961.894505394	s8-eth1	330610	330610
1787883961.894505394	s8-eth2	327768	330610
1787883961.894505394	s8-eth3	330610	328041
1787883961.894505394	s8-eth4	342436	330610
1787883961.894505394	s9-eth1	30544497296	54723187
1787883961.894505394	s9-eth2	356734203	330610
1787883961.894505394	s9-eth3	54727871	29915418916
1787883961.894505394	s9-eth4	328041	330610
1787883964.184925929	s10-eth1	328041	342436
1787883964.184925929	s10-eth2	330610	342561
1787883964.184925929	s10-eth3	330610	342338
1787883964.184925929	s10-eth4	330610	342436
1787883964.184925929	s1-eth1	60568360	40327514223
1787883964.184925929	s1-eth10	67059997	1193682
1787883964.184925929	s1-eth11	3698918343	677918
1787883964.184925929	s1-eth12	275627350	748355
1787883964.184925929	s1-eth13	32263380	291622
1787883964.184925929	s1-eth14	291381610	1042857
1787883964.184925929	s1-eth15	2640448488	2436834
1787883964.184925929	s1-eth16	419089023	3168826
1787883964.184925929	s1-eth17	170149123	2692754
1787883964.184925929	s1-eth18	218881062	13374
1787883964.184925929	s1-eth19	11642739961	1006225
1787883964.184925929	s1-eth2	330680	741029949
1787883964.184925929	s1-eth20	369110156	1800965
1787883964.184925929	s1-eth21	455061349	3381521
1787883964.184925929	s1-eth22	106288126	1304373
1787883964.184925929	s1-eth23	2762509109	1487734
1787883964.184925929	s1-eth24	317298920	1305894
1787883964.184925929	s1-eth25	250419426	3584075
1787883964.184925929	s1-eth26	384633643	2185933
1787883964.184925929	s1-eth27	2859656769	2181496
1787883964.184925929	s1-eth28	160614768	2459318
1787883964.184925929	s1-eth29	76005639	1220358
1787883964.184925929	s1-eth3	12116226164	5486787
1787883964.184925929	s1-eth30	97990716	1546772
1787883964.184925929	s1-eth31	2702444672	747183
1787883964.184925929	s1-eth32	374206034	2106481
1787883964.184925929	s1-eth33	176915322	2676555
1787883964.184925929	s1-eth34	116400718	1760078
1787883964.184925929	s1-eth4	328467207	1584379
1787883964.184925929	s1-eth5	335265926	1746657
1787883964.184925929	s1-eth6	345272831	2016267
1787883964.184925929	s1-eth7	2866746933	2863068
1787883964.184925929	s1-eth8	360906603	2077251
1787883964.184925929	s1-eth9	127254095	1805094
1787883964.184925929	s2-eth1	18778165987	12784402835
1787883964.184925929	s2-eth10	293451934	1056173
1787883964.184925929	s2-eth11	3747086601	2631866
1787883964.184925929	s2-eth12	62679652	1110497
1787883964.184925929	s2-eth13	90554101	1193814
1787883964.184925929	s2-eth14	75619704	1012239
1787883964.184925929	s2-eth15	2593149463	2039348
1787883964.184925929	s2-eth16	384833712	2357668
1787883964.184925929	s2-eth17	367726464	2197320
1787883964.184925929	s2-eth18	248788387	545334
1787883964.184925929	s2-eth19	998070	8989754462
1787883964.184925929	s2-eth2	203031010	330610
1787883964.184925929	s2-eth20	1794545	206197740
1787883964.184925929	s2-eth21	3374946	284141757
1787883964.184925929	s2-eth22	1296927	90417720
1787883964.184925929	s2-eth23	1479704	2486225857
1787883964.184925929	s2-eth24	1298033	147349507
1787883964.184925929	s2-eth25	3578578	231447134
1787883964.184925929	s2-eth26	2178920	213332869
1787883964.184925929	s2-eth27	2173296	2581188799
1787883964.184925929	s2-eth28	2453425	152871634
1787883964.184925929	s2-eth29	1212309	73304895
1787883964.184925929	s2-eth3	1580071589	840704
1787883964.184925929	s2-eth30	1539239	93665245
1787883964.184925929	s2-eth31	739495	2428530841
1787883964.184925929	s2-eth32	2098302	211415030
1787883964.184925929	s2-eth33	2673239	169882729
1787883964.184925929	s2-eth34	1752960	98751435
1787883964.184925929	s2-eth4	269929074	654049
1787883964.184925929	s2-eth5	456471688	3466674
1787883964.184925929	s2-eth6	383807485	2357588
1787883964.184925929	s2-eth7	2765021553	1005111
1787883964.184925929	s2-eth8	297962026	1119312
1787883964.184925929	s2-eth9	310373096	1200158
1787883964.184925929	s3-eth1	18340281825	13711486970
1787883964.184925929	s3-eth10	1188293	63110326
1787883964.184925929	s3-eth11	671763	2504921214
1787883964.184925929	s3-eth12	739707	89708230
1787883964.184925929	s3-eth13	282799	17392742
1787883964.184925929	s3-eth14	1034812	103103943
1787883964.184925929	s3-eth15	2430649	2335541710
1787883964.184925929	s3-eth16	3164828	222528607
1787883964.184925929	s3-eth17	2692125	149529063
1787883964.184925929	s3-eth18	4572	47644697
1787883964.184925929	s3-eth19	1588453394	864720
1787883964.184925929	s3-eth2	330610	330610
1787883964.184925929	s3-eth20	426618309	2563380
1787883964.184925929	s3-eth21	274001595	600251
1787883964.184925929	s3-eth22	372076034	1955648
1787883964.184925929	s3-eth23	2833882191	1855960
1787883964.184925929	s3-eth24	376159508	2074451
1787883964.184925929	s3-eth25	407910724	2379607
1787883964.184925929	s3-eth26	296989993	868575
1787883964.184925929	s3-eth27	3829638649	2329259
1787883964.184925929	s3-eth28	284542599	3671695
1787883964.184925929	s3-eth29	203013286	2393097
1787883964.184925929	s3-eth3	5482087	9227936040
1787883964.184925929	s3-eth30	256095311	3520731
1787883964.184925929	s3-eth31	2770155910	1630896
1787883964.184925929	s3-eth32	175364536	2366444
1787883964.184925929	s3-eth33	143979441	1736814
1787883964.184925929	s3-eth34	48326846	537880
1787883964.184925929	s3-eth4	1578200	143254608
1787883964.184925929	s3-eth5	1740412	149029833
1787883964.184925929	s3-eth6	2011240	155490412
1787883964.184925929	s3-eth7	2860600	2504495838
1787883964.184925929	s3-eth8	2071526	174082609
1787883964.184925929	s3-eth9	1798854	109170834
1787883964.184925929	s4-eth1	23248031632	56450309
1787883964.184925929	s4-eth10	1049557	114288958
1787883964.184925929	s4-eth11	2629166	2850887795
1787883964.184925929	s4-eth12	1107195	60590863
1787883964.184925929	s4-eth13	1194125	77007494
1787883964.184925929	s4-eth14	1010763	60079388
1787883964.184925929	s4-eth15	2041556	2441057896
1787883964.184925929	s4-eth16	2366991	201911916
1787883964.184925929	s4-eth17	2199970	184728652
1787883964.184925929	s4-eth18	536781	80228111
1787883964.184925929	s4-eth19	856112	1003744963
1787883964.184925929	s4-eth2	330610	327768
1787883964.184925929	s4-eth20	2578843	312448098
1787883964.184925929	s4-eth21	607673	162593489
1787883964.184925929	s4-eth22	1951958	258310808
1787883964.184925929	s4-eth23	1865348	2764031610
1787883964.184925929	s4-eth24	2081201	270687588
1787883964.184925929	s4-eth25	2381517	291907438
1787883964.184925929	s4-eth26	862767	182098677
1787883964.184925929	s4-eth27	2343135	3190480329
1787883964.184925929	s4-eth28	3683052	269501755
1787883964.184925929	s4-eth29	2401957	190167123
1787883964.184925929	s4-eth3	833326	739479060
1787883964.184925929	s4-eth30	3537606	240338253
1787883964.184925929	s4-eth31	1643619	2718802301
1787883964.184925929	s4-eth32	2370333	161642912
1787883964.184925929	s4-eth33	1734704	132723931
1787883964.184925929	s4-eth34	529892	38543083
1787883964.184925929	s4-eth4	647070	92508952
1787883964.184925929	s4-eth5	3473421	273667419
1787883964.184925929	s4-eth6	2361435	203672614
1787883964.184925929	s4-eth7	1004879	2605534397
1787883964.184925929	s4-eth8	1120159	118497951
1787883964.184925929	s4-eth9	1198094	130377779
1787883964.184925929	s5-eth1	40327514223	60568360
1787883964.184925929	s5-eth2	12784402835	18778165987
1787883964.184925929	s5-eth3	54723187	30544497296
1787883964.184925929	s5-eth4	342436	328041
1787883964.184925929	s6-eth1	741029949	330680
1787883964.184925929	s6-eth2	330610	203031010
1787883964.184925929	s6-eth3	330610	356734203
1787883964.184925929	s6-eth4	342561	330610
1787883964.184925929	s7-eth1	13711486970	18340281825
1787883964.184925929	s7-eth2	56450309	23248031632
1787883964.184925929	s7-eth3	29915418916	54727871
1787883964.184925929	s7-eth4	342338	330610
1787883964.184925929	s8-eth1	330610	330610
1787883964.184925929	s8-eth2	327768	330610
1787883964.184925929	s8-eth3	330610	328041
1787883964.184925929	s8-eth4	342436	330610
1787883964.184925929	s9-eth1	30544497296	54723187
1787883964.184925929	s9-eth2	356734203	330610
1787883964.184925929	s9-eth3	54727871	29915418916
1787883964.184925929	s9-eth4	328041	330610
1787883966.476800400	s10-eth1	328068	342464
1787883966.476800400	s10-eth2	330637	342589
1787883966.476800400	s10-eth3	330637	342366
1787883966.476800400	s10-eth4	330637	342464
1787883966.476800400	s1-eth1	60568387	40327514250
1787883966.476800400	s1-eth10	67059997	1193682
1787883966.476800400	s1-eth11	3698918343	677918
1787883966.476800400	s1-eth12	275627350	748355
1787883966.476800400	s1-eth13	32263380	291622
1787883966.476800400	s1-eth14	291381610	1042857
1787883966.476800400	s1-eth15	2640448488	2436834
1787883966.476800400	s1-eth16	419089023	3168826
1787883966.476800400	s1-eth17	170149123	2692754
1787883966.476800400	s1-eth18	218881062	13374
1787883966.476800400	s1-eth19	11642739961	1006225
1787883966.476800400	s1-eth2	330707	741029976
1787883966.476800400	s1-eth20	369110156	1800965
1787883966.476800400	s1-eth21	455061349	3381521
1787883966.476800400	s1-eth22	106288126	1304373
1787883966.476800400	s1-eth23	2762509109	1487734
1787883966.476800400	s1-eth24	317298920	1305894
1787883966.476800400	s1-eth25	250419426	3584075
1787883966.476800400	s1-eth26	384633643	2185933
1787883966.476800400	s1-eth27	2859656769	2181496
1787883966.476800400	s1-eth28	160614768	2459318
1787883966.476800400	s1-eth29	76005639	1220358
1787883966.476800400	s1-eth3	12116226164	5486787
1787883966.476800400	s1-eth30	97990716	1546772
1787883966.476800400	s1-eth31	2702444672	747183
1787883966.476800400	s1-eth32	374206034	2106481
1787883966.476800400	s1-eth33	176915322	2676555
1787883966.476800400	s1-eth34	116400718	1760078
1787883966.476800400	s1-eth4	328467207	1584379
1787883966.476800400	s1-eth5	335265926	1746657
1787883966.476800400	s1-eth6	345272831	2016267
1787883966.476800400	s1-eth7	2866746933	2863068
1787883966.476800400	s1-eth8	360906603	2077251
1787883966.476800400	s1-eth9	127254095	1805094
1787883966.476800400	s2-eth1	18778166014	12784402862
1787883966.476800400	s2-eth10	293451934	1056173
1787883966.476800400	s2-eth11	3747086601	2631866
1787883966.476800400	s2-eth12	62679652	1110497
1787883966.476800400	s2-eth13	90554101	1193814
1787883966.476800400	s2-eth14	75619704	1012239
1787883966.476800400	s2-eth15	2593149463	2039348
1787883966.476800400	s2-eth16	384833712	2357668
1787883966.476800400	s2-eth17	367726464	2197320
1787883966.476800400	s2-eth18	248788387	545334
1787883966.476800400	s2-eth19	998070	8989754462
1787883966.476800400	s2-eth2	203031037	330637
1787883966.476800400	s2-eth20	1794545	206197740
1787883966.476800400	s2-eth21	3374946	284141757
1787883966.476800400	s2-eth22	1296927	90417720
1787883966.476800400	s2-eth23	1479704	2486225857
1787883966.476800400	s2-eth24	1298033	147349507
1787883966.476800400	s2-eth25	3578578	231447134
1787883966.476800400	s2-eth26	2178920	213332869
1787883966.476800400	s2-eth27	2173296	2581188799
1787883966.476800400	s2-eth28	2453425	152871634
1787883966.476800400	s2-eth29	1212309	73304895
1787883966.476800400	s2-eth3	1580071589	840704
1787883966.476800400	s2-eth30	1539239	93665245
1787883966.476800400	s2-eth31	739495	2428530841
1787883966.476800400	s2-eth32	2098302	211415030
1787883966.476800400	s2-eth33	2673239	169882729
1787883966.476800400	s2-eth34	1752960	98751435
1787883966.476800400	s2-eth4	269929074	654049
1787883966.476800400	s2-eth5	456471688	3466674
1787883966.476800400	s2-eth6	383807485	2357588
1787883966.476800400	s2-eth7	2765021553	1005111
1787883966.476800400	s2-eth8	297962026	1119312
1787883966.476800400	s2-eth9	310373096	1200158
1787883966.476800400	s3-eth1	18340281852	13711486997
1787883966.476800400	s3-eth10	1188293	63110326
1787883966.476800400	s3-eth11	671763	2504921214
1787883966.476800400	s3-eth12	739707	89708230
1787883966.476800400	s3-eth13	282799	17392742
1787883966.476800400	s3-eth14	1034812	103103943
1787883966.476800400	s3-eth15	2430649	2335541710
1787883966.476800400	s3-eth16	3164828	222528607
1787883966.476800400	s3-eth17	2692125	149529063
1787883966.476800400	s3-eth18	4572	47644697
1787883966.476800400	s3-eth19	1588453394	864720
1787883966.476800400	s3-eth2	330637	330637
1787883966.476800400	s3-eth20	426618309	2563380
1787883966.476800400	s3-eth21	274001595	600251
1787883966.476800400	s3-eth22	372076034	1955648
1787883966.476800400	s3-eth23	2833882191	1855960
1787883966.476800400	s3-eth24	376159508	2074451
1787883966.476800400	s3-eth25	407910724	2379607
1787883966.476800400	s3-eth26	296989993	868575
1787883966.476800400	s3-eth27	3829638649	2329259
1787883966.476800400	s3-eth28	284542599	3671695
1787883966.476800400	s3-eth29	203013286	2393097
1787883966.476800400	s3-eth3	5482087	9227936040
1787883966.476800400	s3-eth30	256095311	3520731
1787883966.476800400	s3-eth31	2770155910	1630896
1787883966.476800400	s3-eth32	175364536	2366444
1787883966.476800400	s3-eth33	143979441	1736814
1787883966.476800400	s3-eth34	48326846	537880
1787883966.476800400	s3-eth4	1578200	143254608
1787883966.476800400	s3-eth5	1740412	149029833
1787883966.476800400	s3-eth6	2011240	155490412
1787883966.476800400	s3-eth7	2860600	2504495838
1787883966.476800400	s3-eth8	2071526	174082609
1787883966.476800400	s3-eth9	1798854	109170834
1787883966.476800400	s4-eth1	23248031659	56450336
1787883966.476800400	s4-eth10	1049557	114288958
1787883966.476800400	s4-eth11	2629166	2850887795
1787883966.476800400	s4-eth12	1107195	60590863
1787883966.476800400	s4-eth13	1194125	77007494
1787883966.476800400	s4-eth14	1010763	60079388
1787883966.476800400	s4-eth15	2041556	2441057896
1787883966.476800400	s4-eth16	2366991	201911916
1787883966.476800400	s4-eth17	2199970	184728652
1787883966.476800400	s4-eth18	536781	80228111
1787883966.476800400	s4-eth19	856112	1003744963
1787883966.476800400	s4-eth2	330637	327795
1787883966.476800400	s4-eth20	2578843	312448098
1787883966.476800400	s4-eth21	607673	162593489
1787883966.476800400	s4-eth22	1951958	258310808
1787883966.476800400	s4-eth23	1865348	2764031610
1787883966.476800400	s4-eth24	2081201	270687588
1787883966.476800400	s4-eth25	2381517	291907438
1787883966.476800400	s4-eth26	862767	182098677
1787883966.476800400	s4-eth27	2343135	3190480329
1787883966.476800400	s4-eth28	3683052	269501755
1787883966.476800400	s4-eth29	2401957	190167123
1787883966.476800400	s4-eth3	833326	739479060
1787883966.476800400	s4-eth30	3537606	240338253
1787883966.476800400	s4-eth31	1643619	2718802301
1787883966.476800400	s4-eth32	2370333	161642912
1787883966.476800400	s4-eth33	1734704	132723931
1787883966.476800400	s4-eth34	529892	38543083
1787883966.476800400	s4-eth4	647070	92508952
1787883966.476800400	s4-eth5	3473421	273667419
1787883966.476800400	s4-eth6	2361435	203672614
1787883966.476800400	s4-eth7	1004879	2605534397
1787883966.476800400	s4-eth8	1120159	118497951
1787883966.476800400	s4-eth9	1198094	130377779
1787883966.476800400	s5-eth1	40327514250	60568387
1787883966.476800400	s5-eth2	12784402862	18778166014
1787883966.476800400	s5-eth3	54723214	30544497323
1787883966.476800400	s5-eth4	342464	328068
1787883966.476800400	s6-eth1	741029976	330707
1787883966.476800400	s6-eth2	330637	203031037
1787883966.476800400	s6-eth3	330637	356734230
1787883966.476800400	s6-eth4	342589	330637
1787883966.476800400	s7-eth1	13711486997	18340281852
1787883966.476800400	s7-eth2	56450336	23248031659
1787883966.476800400	s7-eth3	29915418943	54727898
1787883966.476800400	s7-eth4	342366	330637
1787883966.476800400	s8-eth1	330637	330637
1787883966.476800400	s8-eth2	327795	330637
1787883966.476800400	s8-eth3	330637	328068
1787883966.476800400	s8-eth4	342464	330637
1787883966.476800400	s9-eth1	30544497323	54723214
1787883966.476800400	s9-eth2	356734230	330637
1787883966.476800400	s9-eth3	54727898	29915418943
1787883966.476800400	s9-eth4	328068	330637
1787883968.765777340	s10-eth1	328068	342464
1787883968.765777340	s10-eth2	330637	342589
1787883968.765777340	s10-eth3	330637	342366
1787883968.765777340	s10-eth4	330637	342464
1787883968.765777340	s1-eth1	60568387	40327514250
1787883968.765777340	s1-eth10	67059997	1193682
1787883968.765777340	s1-eth11	3698918343	677918
1787883968.765777340	s1-eth12	275627350	748355
1787883968.765777340	s1-eth13	32263380	291622
1787883968.765777340	s1-eth14	291381610	1042857
1787883968.765777340	s1-eth15	2640448488	2436834
1787883968.765777340	s1-eth16	419089023	3168826
1787883968.765777340	s1-eth17	170149123	2692754
1787883968.765777340	s1-eth18	218881062	13374
1787883968.765777340	s1-eth19	11642739961	1006225
1787883968.765777340	s1-eth2	330707	741029976
1787883968.765777340	s1-eth20	369110156	1800965
1787883968.765777340	s1-eth21	455061349	3381521
1787883968.765777340	s1-eth22	106288126	1304373
1787883968.765777340	s1-eth23	2762509109	1487734
1787883968.765777340	s1-eth24	317298920	1305894
1787883968.765777340	s1-eth25	250419426	3584075
1787883968.765777340	s1-eth26	384633643	2185933
1787883968.765777340	s1-eth27	2859656769	2181496
1787883968.765777340	s1-eth28	160614768	2459318
1787883968.765777340	s1-eth29	76005639	1220358
1787883968.765777340	s1-eth3	12116226164	5486787
1787883968.765777340	s1-eth30	97990716	1546772
1787883968.765777340	s1-eth31	2702444672	747183
1787883968.765777340	s1-eth32	374206034	2106481
1787883968.765777340	s1-eth33	176915322	2676555
1787883968.765777340	s1-eth34	116400718	1760078
1787883968.765777340	s1-eth4	328467207	1584379
1787883968.765777340	s1-eth5	335265926	1746657
1787883968.765777340	s1-eth6	345272831	2016267
1787883968.765777340	s1-eth7	2866746933	2863068
1787883968.765777340	s1-eth8	360906603	2077251
1787883968.765777340	s1-eth9	127254095	1805094
1787883968.765777340	s2-eth1	18778166014	12784402862
1787883968.765777340	s2-eth10	293451934	1056173
1787883968.765777340	s2-eth11	3747086601	2631866
1787883968.765777340	s2-eth12	62679652	1110497
1787883968.765777340	s2-eth13	90554101	1193814
1787883968.765777340	s2-eth14	75619704	1012239
1787883968.765777340	s2-eth15	2593149463	2039348
1787883968.765777340	s2-eth16	384833712	2357668
1787883968.765777340	s2-eth17	367726464	2197320
1787883968.765777340	s2-eth18	248788387	545334
1787883968.765777340	s2-eth19	998070	8989754462
1787883968.765777340	s2-eth2	203031037	330637
1787883968.765777340	s2-eth20	1794545	206197740
1787883968.765777340	s2-eth21	3374946	284141757
1787883968.765777340	s2-eth22	1296927	90417720
1787883968.765777340	s2-eth23	1479704	2486225857
1787883968.765777340	s2-eth24	1298033	147349507
1787883968.765777340	s2-eth25	3578578	231447134
1787883968.765777340	s2-eth26	2178920	213332869
1787883968.765777340	s2-eth27	2173296	2581188799
1787883968.765777340	s2-eth28	2453425	152871634
1787883968.765777340	s2-eth29	1212309	73304895
1787883968.765777340	s2-eth3	1580071589	840704
1787883968.765777340	s2-eth30	1539239	93665245
1787883968.765777340	s2-eth31	739495	2428530841
1787883968.765777340	s2-eth32	2098302	211415030
1787883968.765777340	s2-eth33	2673239	169882729
1787883968.765777340	s2-eth34	1752960	98751435
1787883968.765777340	s2-eth4	269929074	654049
1787883968.765777340	s2-eth5	456471688	3466674
1787883968.765777340	s2-eth6	383807485	2357588
1787883968.765777340	s2-eth7	2765021553	1005111
1787883968.765777340	s2-eth8	297962026	1119312
1787883968.765777340	s2-eth9	310373096	1200158
1787883968.765777340	s3-eth1	18340281852	13711486997
1787883968.765777340	s3-eth10	1188293	63110326
1787883968.765777340	s3-eth11	671763	2504921214
1787883968.765777340	s3-eth12	739707	89708230
1787883968.765777340	s3-eth13	282799	17392742
1787883968.765777340	s3-eth14	1034812	103103943
1787883968.765777340	s3-eth15	2430649	2335541710
1787883968.765777340	s3-eth16	3164828	222528607
1787883968.765777340	s3-eth17	2692125	149529063
1787883968.765777340	s3-eth18	4572	47644697
1787883968.765777340	s3-eth19	1588453394	864720
1787883968.765777340	s3-eth2	330637	330637
1787883968.765777340	s3-eth20	426618309	2563380
1787883968.765777340	s3-eth21	274001595	600251
1787883968.765777340	s3-eth22	372076034	1955648
1787883968.765777340	s3-eth23	2833882191	1855960
1787883968.765777340	s3-eth24	376159508	2074451
1787883968.765777340	s3-eth25	407910724	2379607
1787883968.765777340	s3-eth26	296989993	868575
1787883968.765777340	s3-eth27	3829638649	2329259
1787883968.765777340	s3-eth28	284542599	3671695
1787883968.765777340	s3-eth29	203013286	2393097
1787883968.765777340	s3-eth3	5482087	9227936040
1787883968.765777340	s3-eth30	256095311	3520731
1787883968.765777340	s3-eth31	2770155910	1630896
1787883968.765777340	s3-eth32	175364536	2366444
1787883968.765777340	s3-eth33	143979441	1736814
1787883968.765777340	s3-eth34	48326846	537880
1787883968.765777340	s3-eth4	1578200	143254608
1787883968.765777340	s3-eth5	1740412	149029833
1787883968.765777340	s3-eth6	2011240	155490412
1787883968.765777340	s3-eth7	2860600	2504495838
1787883968.765777340	s3-eth8	2071526	174082609
1787883968.765777340	s3-eth9	1798854	109170834
1787883968.765777340	s4-eth1	23248031659	56450336
1787883968.765777340	s4-eth10	1049557	114288958
1787883968.765777340	s4-eth11	2629166	2850887795
1787883968.765777340	s4-eth12	1107195	60590863
1787883968.765777340	s4-eth13	1194125	77007494
1787883968.765777340	s4-eth14	1010763	60079388
1787883968.765777340	s4-eth15	2041556	2441057896
1787883968.765777340	s4-eth16	2366991	201911916
1787883968.765777340	s4-eth17	2199970	184728652
1787883968.765777340	s4-eth18	536781	80228111
1787883968.765777340	s4-eth19	856112	1003744963
1787883968.765777340	s4-eth2	330637	327795
1787883968.765777340	s4-eth20	2578843	312448098
1787883968.765777340	s4-eth21	607673	162593489
1787883968.765777340	s4-eth22	1951958	258310808
1787883968.765777340	s4-eth23	1865348	2764031610
1787883968.765777340	s4-eth24	2081201	270687588
1787883968.765777340	s4-eth25	2381517	291907438
1787883968.765777340	s4-eth26	862767	182098677
1787883968.765777340	s4-eth27	2343135	3190480329
1787883968.765777340	s4-eth28	3683052	269501755
1787883968.765777340	s4-eth29	2401957	190167123
1787883968.765777340	s4-eth3	833326	739479060
1787883968.765777340	s4-eth30	3537606	240338253
1787883968.765777340	s4-eth31	1643619	2718802301
1787883968.765777340	s4-eth32	2370333	161642912
1787883968.765777340	s4-eth33	1734704	132723931
1787883968.765777340	s4-eth34	529892	38543083
1787883968.765777340	s4-eth4	647070	92508952
1787883968.765777340	s4-eth5	3473421	273667419
1787883968.765777340	s4-eth6	2361435	203672614
1787883968.765777340	s4-eth7	1004879	2605534397
1787883968.765777340	s4-eth8	1120159	118497951
1787883968.765777340	s4-eth9	1198094	130377779
1787883968.765777340	s5-eth1	40327514250	60568387
1787883968.765777340	s5-eth2	12784402862	18778166014
1787883968.765777340	s5-eth3	54723214	30544497323
1787883968.765777340	s5-eth4	342464	328068
1787883968.765777340	s6-eth1	741029976	330707
1787883968.765777340	s6-eth2	330637	203031037
1787883968.765777340	s6-eth3	330637	356734230
1787883968.765777340	s6-eth4	342589	330637
1787883968.765777340	s7-eth1	13711486997	18340281852
1787883968.765777340	s7-eth2	56450336	23248031659
1787883968.765777340	s7-eth3	29915418943	54727898
1787883968.765777340	s7-eth4	342366	330637
1787883968.765777340	s8-eth1	330637	330637
1787883968.765777340	s8-eth2	327795	330637
1787883968.765777340	s8-eth3	330637	328068
1787883968.765777340	s8-eth4	342464	330637
1787883968.765777340	s9-eth1	30544497323	54723214
1787883968.765777340	s9-eth2	356734230	330637
1787883968.765777340	s9-eth3	54727898	29915418943
1787883968.765777340	s9-eth4	328068	330637
1787883971.061340326	s10-eth1	328068	342464
1787883971.061340326	s10-eth2	330637	342589
1787883971.061340326	s10-eth3	330637	342366
1787883971.061340326	s10-eth4	330637	342464
1787883971.061340326	s1-eth1	60568387	40327514250
1787883971.061340326	s1-eth10	67059997	1193682
1787883971.061340326	s1-eth11	3698918343	677918
1787883971.061340326	s1-eth12	275627350	748355
1787883971.061340326	s1-eth13	32263380	291622
1787883971.061340326	s1-eth14	291381610	1042857
1787883971.061340326	s1-eth15	2640448488	2436834
1787883971.061340326	s1-eth16	419089023	3168826
1787883971.061340326	s1-eth17	170149123	2692754
1787883971.061340326	s1-eth18	218881062	13374
1787883971.061340326	s1-eth19	11642739961	1006225
1787883971.061340326	s1-eth2	330707	741029976
1787883971.061340326	s1-eth20	369110156	1800965
1787883971.061340326	s1-eth21	455061349	3381521
1787883971.061340326	s1-eth22	106288126	1304373
1787883971.061340326	s1-eth23	2762509109	1487734
1787883971.061340326	s1-eth24	317298920	1305894
1787883971.061340326	s1-eth25	250419426	3584075
1787883971.061340326	s1-eth26	384633643	2185933
1787883971.061340326	s1-eth27	2859656769	2181496
1787883971.061340326	s1-eth28	160614768	2459318
1787883971.061340326	s1-eth29	76005639	1220358
1787883971.061340326	s1-eth3	12116226164	5486787
1787883971.061340326	s1-eth30	97990716	1546772
1787883971.061340326	s1-eth31	2702444672	747183
1787883971.061340326	s1-eth32	374206034	2106481
1787883971.061340326	s1-eth33	176915322	2676555
1787883971.061340326	s1-eth34	116400718	1760078
1787883971.061340326	s1-eth4	328467207	1584379
1787883971.061340326	s1-eth5	335265926	1746657
1787883971.061340326	s1-eth6	345272831	2016267
1787883971.061340326	s1-eth7	2866746933	2863068
1787883971.061340326	s1-eth8	360906603	2077251
1787883971.061340326	s1-eth9	127254095	1805094
1787883971.061340326	s2-eth1	18778166014	12784402862
1787883971.061340326	s2-eth10	293451934	1056173
1787883971.061340326	s2-eth11	3747086601	2631866
1787883971.061340326	s2-eth12	62679652	1110497
1787883971.061340326	s2-eth13	90554101	1193814
1787883971.061340326	s2-eth14	75619704	1012239
1787883971.061340326	s2-eth15	2593149463	2039348
1787883971.061340326	s2-eth16	384833712	2357668
1787883971.061340326	s2-eth17	367726464	2197320
1787883971.061340326	s2-eth18	248788387	545334
1787883971.061340326	s2-eth19	998070	8989754462
1787883971.061340326	s2-eth2	203031037	330637
1787883971.061340326	s2-eth20	1794545	206197740
1787883971.061340326	s2-eth21	3374946	284141757
1787883971.061340326	s2-eth22	1296927	90417720
1787883971.061340326	s2-eth23	1479704	2486225857
1787883971.061340326	s2-eth24	1298033	147349507
1787883971.061340326	s2-eth25	3578578	231447134
1787883971.061340326	s2-eth26	2178920	213332869
1787883971.061340326	s2-eth27	2173296	2581188799
1787883971.061340326	s2-eth28	2453425	152871634
1787883971.061340326	s2-eth29	1212309	73304895
1787883971.061340326	s2-eth3	1580071589	840704
1787883971.061340326	s2-eth30	1539239	93665245
1787883971.061340326	s2-eth31	739495	2428530841
1787883971.061340326	s2-eth32	2098302	211415030
1787883971.061340326	s2-eth33	2673239	169882729
1787883971.061340326	s2-eth34	1752960	98751435
1787883971.061340326	s2-eth4	269929074	654049
1787883971.061340326	s2-eth5	456471688	3466674
1787883971.061340326	s2-eth6	383807485	2357588
1787883971.061340326	s2-eth7	2765021553	1005111
1787883971.061340326	s2-eth8	297962026	1119312
1787883971.061340326	s2-eth9	310373096	1200158
1787883971.061340326	s3-eth1	18340281852	13711486997
1787883971.061340326	s3-eth10	1188293	63110326
1787883971.061340326	s3-eth11	671763	2504921214
1787883971.061340326	s3-eth12	739707	89708230
1787883971.061340326	s3-eth13	282799	17392742
1787883971.061340326	s3-eth14	1034812	103103943
1787883971.061340326	s3-eth15	2430649	2335541710
1787883971.061340326	s3-eth16	3164828	222528607
1787883971.061340326	s3-eth17	2692125	149529063
1787883971.061340326	s3-eth18	4572	47644697
1787883971.061340326	s3-eth19	1588453394	864720
1787883971.061340326	s3-eth2	330637	330637
1787883971.061340326	s3-eth20	426618309	2563380
1787883971.061340326	s3-eth21	274001595	600251
1787883971.061340326	s3-eth22	372076034	1955648
1787883971.061340326	s3-eth23	2833882191	1855960
1787883971.061340326	s3-eth24	376159508	2074451
1787883971.061340326	s3-eth25	407910724	2379607
1787883971.061340326	s3-eth26	296989993	868575
1787883971.061340326	s3-eth27	3829638649	2329259
1787883971.061340326	s3-eth28	284542599	3671695
1787883971.061340326	s3-eth29	203013286	2393097
1787883971.061340326	s3-eth3	5482087	9227936040
1787883971.061340326	s3-eth30	256095311	3520731
1787883971.061340326	s3-eth31	2770155910	1630896
1787883971.061340326	s3-eth32	175364536	2366444
1787883971.061340326	s3-eth33	143979441	1736814
1787883971.061340326	s3-eth34	48326846	537880
1787883971.061340326	s3-eth4	1578200	143254608
1787883971.061340326	s3-eth5	1740412	149029833
1787883971.061340326	s3-eth6	2011240	155490412
1787883971.061340326	s3-eth7	2860600	2504495838
1787883971.061340326	s3-eth8	2071526	174082609
1787883971.061340326	s3-eth9	1798854	109170834
1787883971.061340326	s4-eth1	23248031659	56450336
1787883971.061340326	s4-eth10	1049557	114288958
1787883971.061340326	s4-eth11	2629166	2850887795
1787883971.061340326	s4-eth12	1107195	60590863
1787883971.061340326	s4-eth13	1194125	77007494
1787883971.061340326	s4-eth14	1010763	60079388
1787883971.061340326	s4-eth15	2041556	2441057896
1787883971.061340326	s4-eth16	2366991	201911916
1787883971.061340326	s4-eth17	2199970	184728652
1787883971.061340326	s4-eth18	536781	80228111
1787883971.061340326	s4-eth19	856112	1003744963
1787883971.061340326	s4-eth2	330637	327795
1787883971.061340326	s4-eth20	2578843	312448098
1787883971.061340326	s4-eth21	607673	162593489
1787883971.061340326	s4-eth22	1951958	258310808
1787883971.061340326	s4-eth23	1865348	2764031610
1787883971.061340326	s4-eth24	2081201	270687588
1787883971.061340326	s4-eth25	2381517	291907438
1787883971.061340326	s4-eth26	862767	182098677
1787883971.061340326	s4-eth27	2343135	3190480329
1787883971.061340326	s4-eth28	3683052	269501755
1787883971.061340326	s4-eth29	2401957	190167123
1787883971.061340326	s4-eth3	833326	739479060
1787883971.061340326	s4-eth30	3537606	240338253
1787883971.061340326	s4-eth31	1643619	2718802301
1787883971.061340326	s4-eth32	2370333	161642912
1787883971.061340326	s4-eth33	1734704	132723931
1787883971.061340326	s4-eth34	529892	38543083
1787883971.061340326	s4-eth4	647070	92508952
1787883971.061340326	s4-eth5	3473421	273667419
1787883971.061340326	s4-eth6	2361435	203672614
1787883971.061340326	s4-eth7	1004879	2605534397
1787883971.061340326	s4-eth8	1120159	118497951
1787883971.061340326	s4-eth9	1198094	130377779
1787883971.061340326	s5-eth1	40327514277	60568414
1787883971.061340326	s5-eth2	12784402889	18778166041
1787883971.061340326	s5-eth3	54723241	30544497350
1787883971.061340326	s5-eth4	342492	328095
1787883971.061340326	s6-eth1	741030003	330734
1787883971.061340326	s6-eth2	330664	203031064
1787883971.061340326	s6-eth3	330664	356734257
1787883971.061340326	s6-eth4	342617	330664
1787883971.061340326	s7-eth1	13711487024	18340281879
1787883971.061340326	s7-eth2	56450363	23248031686
1787883971.061340326	s7-eth3	29915418970	54727925
1787883971.061340326	s7-eth4	342394	330664
1787883971.061340326	s8-eth1	330664	330664
1787883971.061340326	s8-eth2	327822	330664
1787883971.061340326	s8-eth3	330664	328095
1787883971.061340326	s8-eth4	342492	330664
1787883971.061340326	s9-eth1	30544497350	54723241
1787883971.061340326	s9-eth2	356734257	330664
1787883971.061340326	s9-eth3	54727925	29915418970
1787883971.061340326	s9-eth4	328095	330664
1787883973.351659736	s10-eth1	328095	342492
1787883973.351659736	s10-eth2	330664	342617
1787883973.351659736	s10-eth3	330664	342394
1787883973.351659736	s10-eth4	330664	342492
1787883973.351659736	s1-eth1	60568414	40327514277
1787883973.351659736	s1-eth10	67059997	1193682
1787883973.351659736	s1-eth11	3698918343	677918
1787883973.351659736	s1-eth12	275627350	748355
1787883973.351659736	s1-eth13	32263380	291622
1787883973.351659736	s1-eth14	291381610	1042857
1787883973.351659736	s1-eth15	2640448488	2436834
1787883973.351659736	s1-eth16	419089023	3168826
1787883973.351659736	s1-eth17	170149123	2692754
1787883973.351659736	s1-eth18	218881062	13374
1787883973.351659736	s1-eth19	11642739961	1006225
1787883973.351659736	s1-eth2	330734	741030003
1787883973.351659736	s1-eth20	369110156	1800965
1787883973.351659736	s1-eth21	455061349	3381521
1787883973.351659736	s1-eth22	106288126	1304373
1787883973.351659736	s1-eth23	2762509109	1487734
1787883973.351659736	s1-eth24	317298920	1305894
1787883973.351659736	s1-eth25	250419426	3584075
1787883973.351659736	s1-eth26	384633643	2185933
1787883973.351659736	s1-eth27	2859656769	2181496
1787883973.351659736	s1-eth28	160614768	2459318
1787883973.351659736	s1-eth29	76005639	1220358
1787883973.351659736	s1-eth3	12116226164	5486787
1787883973.351659736	s1-eth30	97990716	1546772
1787883973.351659736	s1-eth31	2702444672	747183
1787883973.351659736	s1-eth32	374206034	2106481
1787883973.351659736	s1-eth33	176915322	2676555
1787883973.351659736	s1-eth34	116400718	1760078
1787883973.351659736	s1-eth4	328467207	1584379
1787883973.351659736	s1-eth5	335265926	1746657
1787883973.351659736	s1-eth6	345272831	2016267
1787883973.351659736	s1-eth7	2866746933	2863068
1787883973.351659736	s1-eth8	360906603	2077251
1787883973.351659736	s1-eth9	127254095	1805094
1787883973.351659736	s2-eth1	18778166041	12784402889
1787883973.351659736	s2-eth10	293451934	1056173
1787883973.351659736	s2-eth11	3747086601	2631866
1787883973.351659736	s2-eth12	62679652	1110497
1787883973.351659736	s2-eth13	90554101	1193814
1787883973.351659736	s2-eth14	75619704	1012239
1787883973.351659736	s2-eth15	2593149463	2039348
1787883973.351659736	s2-eth16	384833712	2357668
1787883973.351659736	s2-eth17	367726464	2197320
1787883973.351659736	s2-eth18	248788387	545334
1787883973.351659736	s2-eth19	998070	8989754462
1787883973.351659736	s2-eth2	203031064	330664
1787883973.351659736	s2-eth20	1794545	206197740
1787883973.351659736	s2-eth21	3374946	284141757
1787883973.351659736	s2-eth22	1296927	90417720
1787883973.351659736	s2-eth23	1479704	2486225857
1787883973.351659736	s2-eth24	1298033	147349507
1787883973.351659736	s2-eth25	3578578	231447134
1787883973.351659736	s2-eth26	2178920	213332869
1787883973.351659736	s2-eth27	2173296	2581188799
1787883973.351659736	s2-eth28	2453425	152871634
1787883973.351659736	s2-eth29	1212309	73304895
1787883973.351659736	s2-eth3	1580071589	840704
1787883973.351659736	s2-eth30	1539239	93665245
1787883973.351659736	s2-eth31	739495	2428530841
1787883973.351659736	s2-eth32	2098302	211415030
1787883973.351659736	s2-eth33	2673239	169882729
1787883973.351659736	s2-eth34	1752960	98751435
1787883973.351659736	s2-eth4	269929074	654049
1787883973.351659736	s2-eth5	456471688	3466674
1787883973.351659736	s2-eth6	383807485	2357588
1787883973.351659736	s2-eth7	2765021553	1005111
1787883973.351659736	s2-eth8	297962026	1119312
1787883973.351659736	s2-eth9	310373096	1200158
1787883973.351659736	s3-eth1	18340281879	13711487024
1787883973.351659736	s3-eth10	1188293	63110326
1787883973.351659736	s3-eth11	671763	2504921214
1787883973.351659736	s3-eth12	739707	89708230
1787883973.351659736	s3-eth13	282799	17392742
1787883973.351659736	s3-eth14	1034812	103103943
1787883973.351659736	s3-eth15	2430649	2335541710
1787883973.351659736	s3-eth16	3164828	222528607
1787883973.351659736	s3-eth17	2692125	149529063
1787883973.351659736	s3-eth18	4572	47644697
1787883973.351659736	s3-eth19	1588453394	864720
1787883973.351659736	s3-eth2	330664	330664
1787883973.351659736	s3-eth20	426618309	2563380
1787883973.351659736	s3-eth21	274001595	600251
1787883973.351659736	s3-eth22	372076034	1955648
1787883973.351659736	s3-eth23	2833882191	1855960
1787883973.351659736	s3-eth24	376159508	2074451
1787883973.351659736	s3-eth25	407910724	2379607
1787883973.351659736	s3-eth26	296989993	868575
1787883973.351659736	s3-eth27	3829638649	2329259
1787883973.351659736	s3-eth28	284542599	3671695
1787883973.351659736	s3-eth29	203013286	2393097
1787883973.351659736	s3-eth3	5482087	9227936040
1787883973.351659736	s3-eth30	256095311	3520731
1787883973.351659736	s3-eth31	2770155910	1630896
1787883973.351659736	s3-eth32	175364536	2366444
1787883973.351659736	s3-eth33	143979441	1736814
1787883973.351659736	s3-eth34	48326846	537880
1787883973.351659736	s3-eth4	1578200	143254608
1787883973.351659736	s3-eth5	1740412	149029833
1787883973.351659736	s3-eth6	2011240	155490412
1787883973.351659736	s3-eth7	2860600	2504495838
1787883973.351659736	s3-eth8	2071526	174082609
1787883973.351659736	s3-eth9	1798854	109170834
1787883973.351659736	s4-eth1	23248031686	56450363
1787883973.351659736	s4-eth10	1049557	114288958
1787883973.351659736	s4-eth11	2629166	2850887795
1787883973.351659736	s4-eth12	1107195	60590863
1787883973.351659736	s4-eth13	1194125	77007494
1787883973.351659736	s4-eth14	1010763	60079388
1787883973.351659736	s4-eth15	2041556	2441057896
1787883973.351659736	s4-eth16	2366991	201911916
1787883973.351659736	s4-eth17	2199970	184728652
1787883973.351659736	s4-eth18	536781	80228111
1787883973.351659736	s4-eth19	856112	1003744963
1787883973.351659736	s4-eth2	330664	327822
1787883973.351659736	s4-eth20	2578843	312448098
1787883973.351659736	s4-eth21	607673	162593489
1787883973.351659736	s4-eth22	1951958	258310808
1787883973.351659736	s4-eth23	1865348	2764031610
1787883973.351659736	s4-eth24	2081201	270687588
1787883973.351659736	s4-eth25	2381517	291907438
1787883973.351659736	s4-eth26	862767	182098677
1787883973.351659736	s4-eth27	2343135	3190480329
1787883973.351659736	s4-eth28	3683052	269501755
1787883973.351659736	s4-eth29	2401957	190167123
1787883973.351659736	s4-eth3	833326	739479060
1787883973.351659736	s4-eth30	3537606	240338253
1787883973.351659736	s4-eth31	1643619	2718802301
1787883973.351659736	s4-eth32	2370333	161642912
1787883973.351659736	s4-eth33	1734704	132723931
1787883973.351659736	s4-eth34	529892	38543083
1787883973.351659736	s4-eth4	647070	92508952
1787883973.351659736	s4-eth5	3473421	273667419
1787883973.351659736	s4-eth6	2361435	203672614
1787883973.351659736	s4-eth7	1004879	2605534397
1787883973.351659736	s4-eth8	1120159	118497951
1787883973.351659736	s4-eth9	1198094	130377779
1787883973.351659736	s5-eth1	40327514277	60568414
1787883973.351659736	s5-eth2	12784402889	18778166041
1787883973.351659736	s5-eth3	54723241	30544497350
1787883973.351659736	s5-eth4	342492	328095
1787883973.351659736	s6-eth1	741030003	330734
1787883973.351659736	s6-eth2	330664	203031064
1787883973.351659736	s6-eth3	330664	356734257
1787883973.351659736	s6-eth4	342617	330664
1787883973.351659736	s7-eth1	13711487024	18340281879
1787883973.351659736	s7-eth2	56450363	23248031686
1787883973.351659736	s7-eth3	29915418970	54727925
1787883973.351659736	s7-eth4	342394	330664
1787883973.351659736	s8-eth1	330664	330664
1787883973.351659736	s8-eth2	327822	330664
1787883973.351659736	s8-eth3	330664	328095
1787883973.351659736	s8-eth4	342492	330664
1787883973.351659736	s9-eth1	30544497350	54723241
1787883973.351659736	s9-eth2	356734257	330664
1787883973.351659736	s9-eth3	54727925	29915418970
1787883973.351659736	s9-eth4	328095	330664
