ts	iface	rx_bytes	tx_bytes
1787880384.669665313	s10-eth1	307524	321204
1787880384.669665313	s10-eth2	310093	321329
1787880384.669665313	s10-eth3	310093	321106
1787880384.669665313	s10-eth4	310093	321204
1787880384.669665313	s1-eth1	21095841	17292603887
1787880384.669665313	s1-eth10	6360	12021
1787880384.669665313	s1-eth11	2175850210	26664
1787880384.669665313	s1-eth12	267136824	561935
1787880384.669665313	s1-eth13	32263310	290320
1787880384.669665313	s1-eth14	251196358	280450
1787880384.669665313	s1-eth15	1138270269	2049731
1787880384.669665313	s1-eth16	240411157	116036
1787880384.669665313	s1-eth17	101797936	1362319
1787880384.669665313	s1-eth18	218880992	12162
1787880384.669665313	s1-eth19	5663707063	25961
1787880384.669665313	s1-eth2	310163	741009432
1787880384.669665313	s1-eth20	325325875	1174140
1787880384.669665313	s1-eth21	309165746	1199943
1787880384.669665313	s1-eth22	26877925	184286
1787880384.669665313	s1-eth23	1213173069	461107
1787880384.669665313	s1-eth24	234972870	12835
1787880384.669665313	s1-eth25	95928949	1134194
1787880384.669665313	s1-eth26	309749321	1069087
1787880384.669665313	s1-eth27	1236013618	24647
1787880384.669665313	s1-eth28	5706	11484
1787880384.669665313	s1-eth29	31921216	437677
1787880384.669665313	s1-eth3	6158735099	4777245
1787880384.669665313	s1-eth30	5486379	112308
1787880384.669665313	s1-eth31	1210167018	452099
1787880384.669665313	s1-eth32	218882390	12008
1787880384.669665313	s1-eth33	16055621	272823
1787880384.669665313	s1-eth34	16099026	12027
1787880384.669665313	s1-eth4	261862565	446050
1787880384.669665313	s1-eth5	256196254	364270
1787880384.669665313	s1-eth6	234974815	13342
1787880384.669665313	s1-eth7	1326272670	1663889
1787880384.669665313	s1-eth8	326685317	1533180
1787880384.669665313	s1-eth9	79895831	1008382
1787880384.669665313	s2-eth1	7230306075	7371895381
1787880384.669665313	s2-eth10	277950919	729792
1787880384.669665313	s2-eth11	2266444950	2616334
1787880384.669665313	s2-eth12	52175267	877537
1787880384.669665313	s2-eth13	48432829	556191
1787880384.669665313	s2-eth14	16099467	12168
1787880384.669665313	s2-eth15	1101625354	1755632
1787880384.669665313	s2-eth16	312772230	1305026
1787880384.669665313	s2-eth17	319194810	1417667
1787880384.669665313	s2-eth18	248788317	544122
1787880384.669665313	s2-eth19	18516	3274517624
1787880384.669665313	s2-eth2	203010493	310093
1787880384.669665313	s2-eth20	1168406	164529108
1787880384.669665313	s2-eth21	1192558	144778392
1787880384.669665313	s2-eth22	177086	14540462
1787880384.669665313	s2-eth23	454075	984682123
1787880384.669665313	s2-eth24	5390	68525785
1787880384.669665313	s2-eth25	1129485	83710535
1787880384.669665313	s2-eth26	1062688	141829571
1787880384.669665313	s2-eth27	17457	1010201094
1787880384.669665313	s2-eth28	4195	12349
1787880384.669665313	s2-eth29	430440	31530900
1787880384.669665313	s2-eth3	1283923572	825344
1787880384.669665313	s2-eth30	104951	5328510
1787880384.669665313	s2-eth31	445557	983480278
1787880384.669665313	s2-eth32	4508	62198487
1787880384.669665313	s2-eth33	265596	15916692
1787880384.669665313	s2-eth34	4491	4032920
1787880384.669665313	s2-eth4	245667229	193484
1787880384.669665313	s2-eth5	299218689	1095842
1787880384.669665313	s2-eth6	323710335	1429327
1787880384.669665313	s2-eth7	1233190520	178515
1787880384.669665313	s2-eth8	261027401	428670
1787880384.669665313	s2-eth9	246132822	208687
1787880384.669665313	s3-eth1	7670279305	7460772928
1787880384.669665313	s3-eth10	4434	11976
1787880384.669665313	s3-eth11	18847	1055182386
1787880384.669665313	s3-eth12	554453	81990021
1787880384.669665313	s3-eth13	282729	17391530
1787880384.669665313	s3-eth14	273019	65759572
1787880384.669665313	s3-eth15	2044778	907908572
1787880384.669665313	s3-eth16	108772	54679536
1787880384.669665313	s3-eth17	1358738	85670816
1787880384.669665313	s3-eth18	4502	47643485
1787880384.669665313	s3-eth19	1292304586	848805
1787880384.669665313	s3-eth2	310163	310093
1787880384.669665313	s3-eth20	246048520	189296
1787880384.669665313	s3-eth21	234975662	12854
1787880384.669665313	s3-eth22	298591159	918503
1787880384.669665313	s3-eth23	1230620925	119654
1787880384.669665313	s3-eth24	267317354	766152
1787880384.669665313	s3-eth25	325237827	1259221
1787880384.669665313	s3-eth26	272460165	540278
1787880384.669665313	s3-eth27	2175889201	25910
1787880384.669665313	s3-eth28	80099719	1013323
1787880384.669665313	s3-eth29	16099788	12179
1787880384.669665313	s3-eth3	4770228	3637940422
1787880384.669665313	s3-eth30	133981219	1729633
1787880384.669665313	s3-eth31	1235003229	801056
1787880384.669665313	s3-eth32	91029911	1146372
1787880384.669665313	s3-eth33	96360759	1203143
1787880384.669665313	s3-eth34	48326706	536578
1787880384.669665313	s3-eth4	439471	80563310
1787880384.669665313	s3-eth5	357325	74227669
1787880384.669665313	s3-eth6	5845	52434766
1787880384.669665313	s3-eth7	1659275	1038340859
1787880384.669665313	s3-eth8	1527261	141613867
1787880384.669665313	s3-eth9	1002096	64474662
1787880384.669665313	s4-eth1	11746614404	25325787
1787880384.669665313	s4-eth10	722360	100035529
1787880384.669665313	s4-eth11	2614846	1405703860
1787880384.669665313	s4-eth12	872928	50856227
1787880384.669665313	s4-eth13	548795	36218138
1787880384.669665313	s4-eth14	4284	4305197
1787880384.669665313	s4-eth15	1753034	986389092
1787880384.669665313	s4-eth16	1299784	132653555
1787880384.669665313	s4-eth17	1413303	138196992
1787880384.669665313	s4-eth18	536641	80226899
1787880384.669665313	s4-eth19	841339	709064411
1787880384.669665313	s4-eth2	310093	307251
1787880384.669665313	s4-eth20	182128	135586799
1787880384.669665313	s4-eth21	5310	124720654
1787880384.669665313	s4-eth22	911395	187025399
1787880384.669665313	s4-eth23	111927	1172422468
1787880384.669665313	s4-eth24	758981	163865724
1787880384.669665313	s4-eth25	1252163	211055936
1787880384.669665313	s4-eth26	533884	158091116
1787880384.669665313	s4-eth27	18190	1549074724
1787880384.669665313	s4-eth28	1006069	69812710
1787880384.669665313	s4-eth29	4509	6744189
1787880384.669665313	s4-eth3	819108	449989057
1787880384.669665313	s4-eth30	1725045	122255352
1787880384.669665313	s4-eth31	794907	1193860634
1787880384.669665313	s4-eth32	1139250	80177733
1787880384.669665313	s4-eth33	1199997	85798000
1787880384.669665313	s4-eth34	529822	38541871
1787880384.669665313	s4-eth4	185895	69755661
1787880384.669665313	s4-eth5	1092141	121783131
1787880384.669665313	s4-eth6	1421805	146282203
1787880384.669665313	s4-eth7	170995	1110334181
1787880384.669665313	s4-eth8	424314	83585785
1787880384.669665313	s4-eth9	201919	68723859
1787880384.669665313	s5-eth1	17292603887	21095841
1787880384.669665313	s5-eth2	7371895381	7230306075
1787880384.669665313	s5-eth3	28703187	14303920595
1787880384.669665313	s5-eth4	321204	307524
1787880384.669665313	s6-eth1	741009432	310163
1787880384.669665313	s6-eth2	310093	203010493
1787880384.669665313	s6-eth3	310093	356713686
1787880384.669665313	s6-eth4	321329	310093
1787880384.669665313	s7-eth1	7460772928	7670279305
1787880384.669665313	s7-eth2	25325787	11746614404
1787880384.669665313	s7-eth3	13818024276	28704435
1787880384.669665313	s7-eth4	321106	310093
1787880384.669665313	s8-eth1	310093	310163
1787880384.669665313	s8-eth2	307251	310093
1787880384.669665313	s8-eth3	310093	307454
1787880384.669665313	s8-eth4	321204	310093
1787880384.669665313	s9-eth1	14303920595	28703187
1787880384.669665313	s9-eth2	356713686	310093
1787880384.669665313	s9-eth3	28704435	13818024276
1787880384.669665313	s9-eth4	307454	310093
1787880386.947547463	s10-eth1	307524	321204
1787880386.947547463	s10-eth2	310093	321329
1787880386.947547463	s10-eth3	310093	321106
1787880386.947547463	s10-eth4	310093	321204
1787880386.947547463	s1-eth1	21095841	17292603887
1787880386.947547463	s1-eth10	6360	12021
1787880386.947547463	s1-eth11	2175850210	26664
1787880386.947547463	s1-eth12	267136824	561935
1787880386.947547463	s1-eth13	32263310	290320
1787880386.947547463	s1-eth14	251196358	280450
1787880386.947547463	s1-eth15	1138270269	2049731
1787880386.947547463	s1-eth16	240411157	116036
1787880386.947547463	s1-eth17	101797936	1362319
1787880386.947547463	s1-eth18	218880992	12162
1787880386.947547463	s1-eth19	5663707063	25961
1787880386.947547463	s1-eth2	310163	741009432
1787880386.947547463	s1-eth20	325325875	1174140
1787880386.947547463	s1-eth21	309165746	1199943
1787880386.947547463	s1-eth22	26877925	184286
1787880386.947547463	s1-eth23	1213173069	461107
1787880386.947547463	s1-eth24	234972870	12835
1787880386.947547463	s1-eth25	95928949	1134194
1787880386.947547463	s1-eth26	309749321	1069087
1787880386.947547463	s1-eth27	1236013618	24647
1787880386.947547463	s1-eth28	5706	11484
1787880386.947547463	s1-eth29	31921216	437677
1787880386.947547463	s1-eth3	6158735099	4777245
1787880386.947547463	s1-eth30	5486379	112308
1787880386.947547463	s1-eth31	1210167018	452099
1787880386.947547463	s1-eth32	218882390	12008
1787880386.947547463	s1-eth33	16055621	272823
1787880386.947547463	s1-eth34	16099026	12027
1787880386.947547463	s1-eth4	261862565	446050
1787880386.947547463	s1-eth5	256196254	364270
1787880386.947547463	s1-eth6	234974815	13342
1787880386.947547463	s1-eth7	1326272670	1663889
1787880386.947547463	s1-eth8	326685317	1533180
1787880386.947547463	s1-eth9	79895831	1008382
1787880386.947547463	s2-eth1	7230306075	7371895381
1787880386.947547463	s2-eth10	277950919	729792
1787880386.947547463	s2-eth11	2266444950	2616334
1787880386.947547463	s2-eth12	52175267	877537
1787880386.947547463	s2-eth13	48432829	556191
1787880386.947547463	s2-eth14	16099467	12168
1787880386.947547463	s2-eth15	1101625354	1755632
1787880386.947547463	s2-eth16	312772230	1305026
1787880386.947547463	s2-eth17	319194810	1417667
1787880386.947547463	s2-eth18	248788317	544122
1787880386.947547463	s2-eth19	18516	3274517624
1787880386.947547463	s2-eth2	203010493	310093
1787880386.947547463	s2-eth20	1168406	164529108
1787880386.947547463	s2-eth21	1192558	144778392
1787880386.947547463	s2-eth22	177086	14540462
1787880386.947547463	s2-eth23	454075	984682123
1787880386.947547463	s2-eth24	5390	68525785
1787880386.947547463	s2-eth25	1129485	83710535
1787880386.947547463	s2-eth26	1062688	141829571
1787880386.947547463	s2-eth27	17457	1010201094
1787880386.947547463	s2-eth28	4195	12349
1787880386.947547463	s2-eth29	430440	31530900
1787880386.947547463	s2-eth3	1283923572	825344
1787880386.947547463	s2-eth30	104951	5328510
1787880386.947547463	s2-eth31	445557	983480278
1787880386.947547463	s2-eth32	4508	62198487
1787880386.947547463	s2-eth33	265596	15916692
1787880386.947547463	s2-eth34	4491	4032920
1787880386.947547463	s2-eth4	245667229	193484
1787880386.947547463	s2-eth5	299218689	1095842
1787880386.947547463	s2-eth6	323710335	1429327
1787880386.947547463	s2-eth7	1233190520	178515
1787880386.947547463	s2-eth8	261027401	428670
1787880386.947547463	s2-eth9	246132822	208687
1787880386.947547463	s3-eth1	7670279305	7460772928
1787880386.947547463	s3-eth10	4434	11976
1787880386.947547463	s3-eth11	18847	1055182386
1787880386.947547463	s3-eth12	554453	81990021
1787880386.947547463	s3-eth13	282729	17391530
1787880386.947547463	s3-eth14	273019	65759572
1787880386.947547463	s3-eth15	2044778	907908572
1787880386.947547463	s3-eth16	108772	54679536
1787880386.947547463	s3-eth17	1358738	85670816
1787880386.947547463	s3-eth18	4502	47643485
1787880386.947547463	s3-eth19	1292304586	848805
1787880386.947547463	s3-eth2	310163	310093
1787880386.947547463	s3-eth20	246048520	189296
1787880386.947547463	s3-eth21	234975662	12854
1787880386.947547463	s3-eth22	298591159	918503
1787880386.947547463	s3-eth23	1230620925	119654
1787880386.947547463	s3-eth24	267317354	766152
1787880386.947547463	s3-eth25	325237827	1259221
1787880386.947547463	s3-eth26	272460165	540278
1787880386.947547463	s3-eth27	2175889201	25910
1787880386.947547463	s3-eth28	80099719	1013323
1787880386.947547463	s3-eth29	16099788	12179
1787880386.947547463	s3-eth3	4770228	3637940422
1787880386.947547463	s3-eth30	133981219	1729633
1787880386.947547463	s3-eth31	1235003229	801056
1787880386.947547463	s3-eth32	91029911	1146372
1787880386.947547463	s3-eth33	96360759	1203143
1787880386.947547463	s3-eth34	48326706	536578
1787880386.947547463	s3-eth4	439471	80563310
1787880386.947547463	s3-eth5	357325	74227669
1787880386.947547463	s3-eth6	5845	52434766
1787880386.947547463	s3-eth7	1659275	1038340859
1787880386.947547463	s3-eth8	1527261	141613867
1787880386.947547463	s3-eth9	1002096	64474662
1787880386.947547463	s4-eth1	11746614404	25325787
1787880386.947547463	s4-eth10	722360	100035529
1787880386.947547463	s4-eth11	2614846	1405703860
1787880386.947547463	s4-eth12	872928	50856227
1787880386.947547463	s4-eth13	548795	36218138
1787880386.947547463	s4-eth14	4284	4305197
1787880386.947547463	s4-eth15	1753034	986389092
1787880386.947547463	s4-eth16	1299784	132653555
1787880386.947547463	s4-eth17	1413303	138196992
1787880386.947547463	s4-eth18	536641	80226899
1787880386.947547463	s4-eth19	841339	709064411
1787880386.947547463	s4-eth2	310093	307251
1787880386.947547463	s4-eth20	182128	135586799
1787880386.947547463	s4-eth21	5310	124720654
1787880386.947547463	s4-eth22	911395	187025399
1787880386.947547463	s4-eth23	111927	1172422468
1787880386.947547463	s4-eth24	758981	163865724
1787880386.947547463	s4-eth25	1252163	211055936
1787880386.947547463	s4-eth26	533884	158091116
1787880386.947547463	s4-eth27	18190	1549074724
1787880386.947547463	s4-eth28	1006069	69812710
1787880386.947547463	s4-eth29	4509	6744189
1787880386.947547463	s4-eth3	819108	449989057
1787880386.947547463	s4-eth30	1725045	122255352
1787880386.947547463	s4-eth31	794907	1193860634
1787880386.947547463	s4-eth32	1139250	80177733
1787880386.947547463	s4-eth33	1199997	85798000
1787880386.947547463	s4-eth34	529822	38541871
1787880386.947547463	s4-eth4	185895	69755661
1787880386.947547463	s4-eth5	1092141	121783131
1787880386.947547463	s4-eth6	1421805	146282203
1787880386.947547463	s4-eth7	170995	1110334181
1787880386.947547463	s4-eth8	424314	83585785
1787880386.947547463	s4-eth9	201919	68723859
1787880386.947547463	s5-eth1	17292603887	21095841
1787880386.947547463	s5-eth2	7371895381	7230306075
1787880386.947547463	s5-eth3	28703187	14303920595
1787880386.947547463	s5-eth4	321204	307524
1787880386.947547463	s6-eth1	741009432	310163
1787880386.947547463	s6-eth2	310093	203010493
1787880386.947547463	s6-eth3	310093	356713686
1787880386.947547463	s6-eth4	321329	310093
1787880386.947547463	s7-eth1	7460772928	7670279305
1787880386.947547463	s7-eth2	25325787	11746614404
1787880386.947547463	s7-eth3	13818024276	28704435
1787880386.947547463	s7-eth4	321106	310093
1787880386.947547463	s8-eth1	310093	310163
1787880386.947547463	s8-eth2	307251	310093
1787880386.947547463	s8-eth3	310093	307454
1787880386.947547463	s8-eth4	321204	310093
1787880386.947547463	s9-eth1	14303920595	28703187
1787880386.947547463	s9-eth2	356713686	310093
1787880386.947547463	s9-eth3	28704435	13818024276
1787880386.947547463	s9-eth4	307454	310093
1787880389.229817730	s10-eth1	307551	321232
1787880389.229817730	s10-eth2	310120	321357
1787880389.229817730	s10-eth3	310120	321134
1787880389.229817730	s10-eth4	310120	321232
1787880389.229817730	s1-eth1	21095868	17292603914
1787880389.229817730	s1-eth10	6360	12021
1787880389.229817730	s1-eth11	2175850210	26664
1787880389.229817730	s1-eth12	267136824	561935
1787880389.229817730	s1-eth13	32263310	290320
1787880389.229817730	s1-eth14	251196358	280450
1787880389.229817730	s1-eth15	1138270269	2049731
1787880389.229817730	s1-eth16	240411157	116036
1787880389.229817730	s1-eth17	101797936	1362319
1787880389.229817730	s1-eth18	218880992	12162
1787880389.229817730	s1-eth19	5663707063	25961
1787880389.229817730	s1-eth2	310190	741009459
1787880389.229817730	s1-eth20	325325875	1174140
1787880389.229817730	s1-eth21	309165746	1199943
1787880389.229817730	s1-eth22	26877925	184286
1787880389.229817730	s1-eth23	1213173069	461107
1787880389.229817730	s1-eth24	234972870	12835
1787880389.229817730	s1-eth25	95928949	1134194
1787880389.229817730	s1-eth26	309749321	1069087
1787880389.229817730	s1-eth27	1236013618	24647
1787880389.229817730	s1-eth28	5706	11484
1787880389.229817730	s1-eth29	31921216	437677
1787880389.229817730	s1-eth3	6158735099	4777245
1787880389.229817730	s1-eth30	5486379	112308
1787880389.229817730	s1-eth31	1210167018	452099
1787880389.229817730	s1-eth32	218882390	12008
1787880389.229817730	s1-eth33	16055621	272823
1787880389.229817730	s1-eth34	16099026	12027
1787880389.229817730	s1-eth4	261862565	446050
1787880389.229817730	s1-eth5	256196254	364270
1787880389.229817730	s1-eth6	234974815	13342
1787880389.229817730	s1-eth7	1326272670	1663889
1787880389.229817730	s1-eth8	326685317	1533180
1787880389.229817730	s1-eth9	79895831	1008382
1787880389.229817730	s2-eth1	7230306102	7371895408
1787880389.229817730	s2-eth10	277950919	729792
1787880389.229817730	s2-eth11	2266444950	2616334
1787880389.229817730	s2-eth12	52175267	877537
1787880389.229817730	s2-eth13	48432829	556191
1787880389.229817730	s2-eth14	16099467	12168
1787880389.229817730	s2-eth15	1101625354	1755632
1787880389.229817730	s2-eth16	312772230	1305026
1787880389.229817730	s2-eth17	319194810	1417667
1787880389.229817730	s2-eth18	248788317	544122
1787880389.229817730	s2-eth19	18516	3274517624
1787880389.229817730	s2-eth2	203010520	310120
1787880389.229817730	s2-eth20	1168406	164529108
1787880389.229817730	s2-eth21	1192558	144778392
1787880389.229817730	s2-eth22	177086	14540462
1787880389.229817730	s2-eth23	454075	984682123
1787880389.229817730	s2-eth24	5390	68525785
1787880389.229817730	s2-eth25	1129485	83710535
1787880389.229817730	s2-eth26	1062688	141829571
1787880389.229817730	s2-eth27	17457	1010201094
1787880389.229817730	s2-eth28	4195	12349
1787880389.229817730	s2-eth29	430440	31530900
1787880389.229817730	s2-eth3	1283923572	825344
1787880389.229817730	s2-eth30	104951	5328510
1787880389.229817730	s2-eth31	445557	983480278
1787880389.229817730	s2-eth32	4508	62198487
1787880389.229817730	s2-eth33	265596	15916692
1787880389.229817730	s2-eth34	4491	4032920
1787880389.229817730	s2-eth4	245667229	193484
1787880389.229817730	s2-eth5	299218689	1095842
1787880389.229817730	s2-eth6	323710335	1429327
1787880389.229817730	s2-eth7	1233190520	178515
1787880389.229817730	s2-eth8	261027401	428670
1787880389.229817730	s2-eth9	246132822	208687
1787880389.229817730	s3-eth1	7670279332	7460772955
1787880389.229817730	s3-eth10	4434	11976
1787880389.229817730	s3-eth11	18847	1055182386
1787880389.229817730	s3-eth12	554453	81990021
1787880389.229817730	s3-eth13	282729	17391530
1787880389.229817730	s3-eth14	273019	65759572
1787880389.229817730	s3-eth15	2044778	907908572
1787880389.229817730	s3-eth16	108772	54679536
1787880389.229817730	s3-eth17	1358738	85670816
1787880389.229817730	s3-eth18	4502	47643485
1787880389.229817730	s3-eth19	1292304586	848805
1787880389.229817730	s3-eth2	310190	310120
1787880389.229817730	s3-eth20	246048520	189296
1787880389.229817730	s3-eth21	234975662	12854
1787880389.229817730	s3-eth22	298591159	918503
1787880389.229817730	s3-eth23	1230620925	119654
1787880389.229817730	s3-eth24	267317354	766152
1787880389.229817730	s3-eth25	325237827	1259221
1787880389.229817730	s3-eth26	272460165	540278
1787880389.229817730	s3-eth27	2175889201	25910
1787880389.229817730	s3-eth28	80099719	1013323
1787880389.229817730	s3-eth29	16099788	12179
1787880389.229817730	s3-eth3	4770228	3637940422
1787880389.229817730	s3-eth30	133981219	1729633
1787880389.229817730	s3-eth31	1235003229	801056
1787880389.229817730	s3-eth32	91029911	1146372
1787880389.229817730	s3-eth33	96360759	1203143
1787880389.229817730	s3-eth34	48326706	536578
1787880389.229817730	s3-eth4	439471	80563310
1787880389.229817730	s3-eth5	357325	74227669
1787880389.229817730	s3-eth6	5845	52434766
1787880389.229817730	s3-eth7	1659275	1038340859
1787880389.229817730	s3-eth8	1527261	141613867
1787880389.229817730	s3-eth9	1002096	64474662
1787880389.229817730	s4-eth1	11746614431	25325814
1787880389.229817730	s4-eth10	722360	100035529
1787880389.229817730	s4-eth11	2614846	1405703860
1787880389.229817730	s4-eth12	872928	50856227
1787880389.229817730	s4-eth13	548795	36218138
1787880389.229817730	s4-eth14	4284	4305197
1787880389.229817730	s4-eth15	1753034	986389092
1787880389.229817730	s4-eth16	1299784	132653555
1787880389.229817730	s4-eth17	1413303	138196992
1787880389.229817730	s4-eth18	536641	80226899
1787880389.229817730	s4-eth19	841339	709064411
1787880389.229817730	s4-eth2	310120	307278
1787880389.229817730	s4-eth20	182128	135586799
1787880389.229817730	s4-eth21	5310	124720654
1787880389.229817730	s4-eth22	911395	187025399
1787880389.229817730	s4-eth23	111927	1172422468
1787880389.229817730	s4-eth24	758981	163865724
1787880389.229817730	s4-eth25	1252163	211055936
1787880389.229817730	s4-eth26	533884	158091116
1787880389.229817730	s4-eth27	18190	1549074724
1787880389.229817730	s4-eth28	1006069	69812710
1787880389.229817730	s4-eth29	4509	6744189
1787880389.229817730	s4-eth3	819108	449989057
1787880389.229817730	s4-eth30	1725045	122255352
1787880389.229817730	s4-eth31	794907	1193860634
1787880389.229817730	s4-eth32	1139250	80177733
1787880389.229817730	s4-eth33	1199997	85798000
1787880389.229817730	s4-eth34	529822	38541871
1787880389.229817730	s4-eth4	185895	69755661
1787880389.229817730	s4-eth5	1092141	121783131
1787880389.229817730	s4-eth6	1421805	146282203
1787880389.229817730	s4-eth7	170995	1110334181
1787880389.229817730	s4-eth8	424314	83585785
1787880389.229817730	s4-eth9	201919	68723859
1787880389.229817730	s5-eth1	17292603914	21095868
1787880389.229817730	s5-eth2	7371895408	7230306102
1787880389.229817730	s5-eth3	28703214	14303920622
1787880389.229817730	s5-eth4	321232	307551
1787880389.229817730	s6-eth1	741009459	310190
1787880389.229817730	s6-eth2	310120	203010520
1787880389.229817730	s6-eth3	310120	356713713
1787880389.229817730	s6-eth4	321357	310120
1787880389.229817730	s7-eth1	7460772955	7670279332
1787880389.229817730	s7-eth2	25325814	11746614431
1787880389.229817730	s7-eth3	13818024303	28704462
1787880389.229817730	s7-eth4	321134	310120
1787880389.229817730	s8-eth1	310120	310190
1787880389.229817730	s8-eth2	307278	310120
1787880389.229817730	s8-eth3	310120	307481
1787880389.229817730	s8-eth4	321232	310120
1787880389.229817730	s9-eth1	14303920622	28703214
1787880389.229817730	s9-eth2	356713713	310120
1787880389.229817730	s9-eth3	28704462	13818024303
1787880389.229817730	s9-eth4	307481	310120
1787880391.501002128	s10-eth1	307551	321232
1787880391.501002128	s10-eth2	310120	321357
1787880391.501002128	s10-eth3	310120	321134
1787880391.501002128	s10-eth4	310120	321232
1787880391.501002128	s1-eth1	21095868	17292603914
1787880391.501002128	s1-eth10	6360	12021
1787880391.501002128	s1-eth11	2175850210	26664
1787880391.501002128	s1-eth12	267136824	561935
1787880391.501002128	s1-eth13	32263310	290320
1787880391.501002128	s1-eth14	251196358	280450
1787880391.501002128	s1-eth15	1138270269	2049731
1787880391.501002128	s1-eth16	240411157	116036
1787880391.501002128	s1-eth17	101797936	1362319
1787880391.501002128	s1-eth18	218880992	12162
1787880391.501002128	s1-eth19	5663707063	25961
1787880391.501002128	s1-eth2	310190	741009459
1787880391.501002128	s1-eth20	325325875	1174140
1787880391.501002128	s1-eth21	309165746	1199943
1787880391.501002128	s1-eth22	26877925	184286
1787880391.501002128	s1-eth23	1213173069	461107
1787880391.501002128	s1-eth24	234972870	12835
1787880391.501002128	s1-eth25	95928949	1134194
1787880391.501002128	s1-eth26	309749321	1069087
1787880391.501002128	s1-eth27	1236013618	24647
1787880391.501002128	s1-eth28	5706	11484
1787880391.501002128	s1-eth29	31921216	437677
1787880391.501002128	s1-eth3	6158735099	4777245
1787880391.501002128	s1-eth30	5486379	112308
1787880391.501002128	s1-eth31	1210167018	452099
1787880391.501002128	s1-eth32	218882390	12008
1787880391.501002128	s1-eth33	16055621	272823
1787880391.501002128	s1-eth34	16099026	12027
1787880391.501002128	s1-eth4	261862565	446050
1787880391.501002128	s1-eth5	256196254	364270
1787880391.501002128	s1-eth6	234974815	13342
1787880391.501002128	s1-eth7	1326272670	1663889
1787880391.501002128	s1-eth8	326685317	1533180
1787880391.501002128	s1-eth9	79895831	1008382
1787880391.501002128	s2-eth1	7230306102	7371895408
1787880391.501002128	s2-eth10	277950919	729792
1787880391.501002128	s2-eth11	2266444950	2616334
1787880391.501002128	s2-eth12	52175267	877537
1787880391.501002128	s2-eth13	48432829	556191
1787880391.501002128	s2-eth14	16099467	12168
1787880391.501002128	s2-eth15	1101625354	1755632
1787880391.501002128	s2-eth16	312772230	1305026
1787880391.501002128	s2-eth17	319194810	1417667
1787880391.501002128	s2-eth18	248788317	544122
1787880391.501002128	s2-eth19	18516	3274517624
1787880391.501002128	s2-eth2	203010520	310120
1787880391.501002128	s2-eth20	1168406	164529108
1787880391.501002128	s2-eth21	1192558	144778392
1787880391.501002128	s2-eth22	177086	14540462
1787880391.501002128	s2-eth23	454075	984682123
1787880391.501002128	s2-eth24	5390	68525785
1787880391.501002128	s2-eth25	1129485	83710535
1787880391.501002128	s2-eth26	1062688	141829571
1787880391.501002128	s2-eth27	17457	1010201094
1787880391.501002128	s2-eth28	4195	12349
1787880391.501002128	s2-eth29	430440	31530900
1787880391.501002128	s2-eth3	1283923572	825344
1787880391.501002128	s2-eth30	104951	5328510
1787880391.501002128	s2-eth31	445557	983480278
1787880391.501002128	s2-eth32	4508	62198487
1787880391.501002128	s2-eth33	265596	15916692
1787880391.501002128	s2-eth34	4491	4032920
1787880391.501002128	s2-eth4	245667229	193484
1787880391.501002128	s2-eth5	299218689	1095842
1787880391.501002128	s2-eth6	323710335	1429327
1787880391.501002128	s2-eth7	1233190520	178515
1787880391.501002128	s2-eth8	261027401	428670
1787880391.501002128	s2-eth9	246132822	208687
1787880391.501002128	s3-eth1	7670279332	7460772955
1787880391.501002128	s3-eth10	4434	11976
1787880391.501002128	s3-eth11	18847	1055182386
1787880391.501002128	s3-eth12	554453	81990021
1787880391.501002128	s3-eth13	282729	17391530
1787880391.501002128	s3-eth14	273019	65759572
1787880391.501002128	s3-eth15	2044778	907908572
1787880391.501002128	s3-eth16	108772	54679536
1787880391.501002128	s3-eth17	1358738	85670816
1787880391.501002128	s3-eth18	4502	47643485
1787880391.501002128	s3-eth19	1292304586	848805
1787880391.501002128	s3-eth2	310190	310120
1787880391.501002128	s3-eth20	246048520	189296
1787880391.501002128	s3-eth21	234975662	12854
1787880391.501002128	s3-eth22	298591159	918503
1787880391.501002128	s3-eth23	1230620925	119654
1787880391.501002128	s3-eth24	267317354	766152
1787880391.501002128	s3-eth25	325237827	1259221
1787880391.501002128	s3-eth26	272460165	540278
1787880391.501002128	s3-eth27	2175889201	25910
1787880391.501002128	s3-eth28	80099719	1013323
1787880391.501002128	s3-eth29	16099788	12179
1787880391.501002128	s3-eth3	4770228	3637940422
1787880391.501002128	s3-eth30	133981219	1729633
1787880391.501002128	s3-eth31	1235003229	801056
1787880391.501002128	s3-eth32	91029911	1146372
1787880391.501002128	s3-eth33	96360759	1203143
1787880391.501002128	s3-eth34	48326706	536578
1787880391.501002128	s3-eth4	439471	80563310
1787880391.501002128	s3-eth5	357325	74227669
1787880391.501002128	s3-eth6	5845	52434766
1787880391.501002128	s3-eth7	1659275	1038340859
1787880391.501002128	s3-eth8	1527261	141613867
1787880391.501002128	s3-eth9	1002096	64474662
1787880391.501002128	s4-eth1	11746614431	25325814
1787880391.501002128	s4-eth10	722360	100035529
1787880391.501002128	s4-eth11	2614846	1405703860
1787880391.501002128	s4-eth12	872928	50856227
1787880391.501002128	s4-eth13	548795	36218138
1787880391.501002128	s4-eth14	4284	4305197
1787880391.501002128	s4-eth15	1753034	986389092
1787880391.501002128	s4-eth16	1299784	132653555
1787880391.501002128	s4-eth17	1413303	138196992
1787880391.501002128	s4-eth18	536641	80226899
1787880391.501002128	s4-eth19	841339	709064411
1787880391.501002128	s4-eth2	310120	307278
1787880391.501002128	s4-eth20	182128	135586799
1787880391.501002128	s4-eth21	5310	124720654
1787880391.501002128	s4-eth22	911395	187025399
1787880391.501002128	s4-eth23	111927	1172422468
1787880391.501002128	s4-eth24	758981	163865724
1787880391.501002128	s4-eth25	1252163	211055936
1787880391.501002128	s4-eth26	533884	158091116
1787880391.501002128	s4-eth27	18190	1549074724
1787880391.501002128	s4-eth28	1006069	69812710
1787880391.501002128	s4-eth29	4509	6744189
1787880391.501002128	s4-eth3	819108	449989057
1787880391.501002128	s4-eth30	1725045	122255352
1787880391.501002128	s4-eth31	794907	1193860634
1787880391.501002128	s4-eth32	1139250	80177733
1787880391.501002128	s4-eth33	1199997	85798000
1787880391.501002128	s4-eth34	529822	38541871
1787880391.501002128	s4-eth4	185895	69755661
1787880391.501002128	s4-eth5	1092141	121783131
1787880391.501002128	s4-eth6	1421805	146282203
1787880391.501002128	s4-eth7	170995	1110334181
1787880391.501002128	s4-eth8	424314	83585785
1787880391.501002128	s4-eth9	201919	68723859
1787880391.501002128	s5-eth1	17292603914	21095868
1787880391.501002128	s5-eth2	7371895408	7230306102
1787880391.501002128	s5-eth3	28703214	14303920622
1787880391.501002128	s5-eth4	321232	307551
1787880391.501002128	s6-eth1	741009459	310190
1787880391.501002128	s6-eth2	310120	203010520
1787880391.501002128	s6-eth3	310120	356713713
1787880391.501002128	s6-eth4	321357	310120
1787880391.501002128	s7-eth1	7460772955	7670279332
1787880391.501002128	s7-eth2	25325814	11746614431
1787880391.501002128	s7-eth3	13818024303	28704462
1787880391.501002128	s7-eth4	321134	310120
1787880391.501002128	s8-eth1	310120	310190
1787880391.501002128	s8-eth2	307278	310120
1787880391.501002128	s8-eth3	310120	307481
1787880391.501002128	s8-eth4	321232	310120
1787880391.501002128	s9-eth1	14303920622	28703214
1787880391.501002128	s9-eth2	356713713	310120
1787880391.501002128	s9-eth3	28704462	13818024303
1787880391.501002128	s9-eth4	307481	310120
1787880393.788479735	s10-eth1	307578	321260
1787880393.788479735	s10-eth2	310147	321385
1787880393.788479735	s10-eth3	310147	321162
1787880393.788479735	s10-eth4	310147	321260
1787880393.788479735	s1-eth1	21095895	17292603941
1787880393.788479735	s1-eth10	6360	12021
1787880393.788479735	s1-eth11	2175850210	26664
1787880393.788479735	s1-eth12	267136824	561935
1787880393.788479735	s1-eth13	32263310	290320
1787880393.788479735	s1-eth14	251196358	280450
1787880393.788479735	s1-eth15	1138270269	2049731
1787880393.788479735	s1-eth16	240411157	116036
1787880393.788479735	s1-eth17	101797936	1362319
1787880393.788479735	s1-eth18	218880992	12162
1787880393.788479735	s1-eth19	5663707063	25961
1787880393.788479735	s1-eth2	310217	741009486
1787880393.788479735	s1-eth20	325325875	1174140
1787880393.788479735	s1-eth21	309165746	1199943
1787880393.788479735	s1-eth22	26877925	184286
1787880393.788479735	s1-eth23	1213173069	461107
1787880393.788479735	s1-eth24	234972870	12835
1787880393.788479735	s1-eth25	95928949	1134194
1787880393.788479735	s1-eth26	309749321	1069087
1787880393.788479735	s1-eth27	1236013618	24647
1787880393.788479735	s1-eth28	5706	11484
1787880393.788479735	s1-eth29	31921216	437677
1787880393.788479735	s1-eth3	6158735099	4777245
1787880393.788479735	s1-eth30	5486379	112308
1787880393.788479735	s1-eth31	1210167018	452099
1787880393.788479735	s1-eth32	218882390	12008
1787880393.788479735	s1-eth33	16055621	272823
1787880393.788479735	s1-eth34	16099026	12027
1787880393.788479735	s1-eth4	261862565	446050
1787880393.788479735	s1-eth5	256196254	364270
1787880393.788479735	s1-eth6	234974815	13342
1787880393.788479735	s1-eth7	1326272670	1663889
1787880393.788479735	s1-eth8	326685317	1533180
1787880393.788479735	s1-eth9	79895831	1008382
1787880393.788479735	s2-eth1	7230306129	7371895435
1787880393.788479735	s2-eth10	277950919	729792
1787880393.788479735	s2-eth11	2266444950	2616334
1787880393.788479735	s2-eth12	52175267	877537
1787880393.788479735	s2-eth13	48432829	556191
1787880393.788479735	s2-eth14	16099467	12168
1787880393.788479735	s2-eth15	1101625354	1755632
1787880393.788479735	s2-eth16	312772230	1305026
1787880393.788479735	s2-eth17	319194810	1417667
1787880393.788479735	s2-eth18	248788317	544122
1787880393.788479735	s2-eth19	18516	3274517624
1787880393.788479735	s2-eth2	203010547	310147
1787880393.788479735	s2-eth20	1168406	164529108
1787880393.788479735	s2-eth21	1192558	144778392
1787880393.788479735	s2-eth22	177086	14540462
1787880393.788479735	s2-eth23	454075	984682123
1787880393.788479735	s2-eth24	5390	68525785
1787880393.788479735	s2-eth25	1129485	83710535
1787880393.788479735	s2-eth26	1062688	141829571
1787880393.788479735	s2-eth27	17457	1010201094
1787880393.788479735	s2-eth28	4195	12349
1787880393.788479735	s2-eth29	430440	31530900
1787880393.788479735	s2-eth3	1283923572	825344
1787880393.788479735	s2-eth30	104951	5328510
1787880393.788479735	s2-eth31	445557	983480278
1787880393.788479735	s2-eth32	4508	62198487
1787880393.788479735	s2-eth33	265596	15916692
1787880393.788479735	s2-eth34	4491	4032920
1787880393.788479735	s2-eth4	245667229	193484
1787880393.788479735	s2-eth5	299218689	1095842
1787880393.788479735	s2-eth6	323710335	1429327
1787880393.788479735	s2-eth7	1233190520	178515
1787880393.788479735	s2-eth8	261027401	428670
1787880393.788479735	s2-eth9	246132822	208687
1787880393.788479735	s3-eth1	7670279359	7460772982
1787880393.788479735	s3-eth10	4434	11976
1787880393.788479735	s3-eth11	18847	1055182386
1787880393.788479735	s3-eth12	554453	81990021
1787880393.788479735	s3-eth13	282729	17391530
1787880393.788479735	s3-eth14	273019	65759572
1787880393.788479735	s3-eth15	2044778	907908572
1787880393.788479735	s3-eth16	108772	54679536
1787880393.788479735	s3-eth17	1358738	85670816
1787880393.788479735	s3-eth18	4502	47643485
1787880393.788479735	s3-eth19	1292304586	848805
1787880393.788479735	s3-eth2	310217	310147
1787880393.788479735	s3-eth20	246048520	189296
1787880393.788479735	s3-eth21	234975662	12854
1787880393.788479735	s3-eth22	298591159	918503
1787880393.788479735	s3-eth23	1230620925	119654
1787880393.788479735	s3-eth24	267317354	766152
1787880393.788479735	s3-eth25	325237827	1259221
1787880393.788479735	s3-eth26	272460165	540278
1787880393.788479735	s3-eth27	2175889201	25910
1787880393.788479735	s3-eth28	80099719	1013323
1787880393.788479735	s3-eth29	16099788	12179
1787880393.788479735	s3-eth3	4770228	3637940422
1787880393.788479735	s3-eth30	133981219	1729633
1787880393.788479735	s3-eth31	1235003229	801056
1787880393.788479735	s3-eth32	91029911	1146372
1787880393.788479735	s3-eth33	96360759	1203143
1787880393.788479735	s3-eth34	48326706	536578
1787880393.788479735	s3-eth4	439471	80563310
1787880393.788479735	s3-eth5	357325	74227669
1787880393.788479735	s3-eth6	5845	52434766
1787880393.788479735	s3-eth7	1659275	1038340859
1787880393.788479735	s3-eth8	1527261	141613867
1787880393.788479735	s3-eth9	1002096	64474662
1787880393.788479735	s4-eth1	11746614458	25325841
1787880393.788479735	s4-eth10	722360	100035529
1787880393.788479735	s4-eth11	2614846	1405703860
1787880393.788479735	s4-eth12	872928	50856227
1787880393.788479735	s4-eth13	548795	36218138
1787880393.788479735	s4-eth14	4284	4305197
1787880393.788479735	s4-eth15	1753034	986389092
1787880393.788479735	s4-eth16	1299784	132653555
1787880393.788479735	s4-eth17	1413303	138196992
1787880393.788479735	s4-eth18	536641	80226899
1787880393.788479735	s4-eth19	841339	709064411
1787880393.788479735	s4-eth2	310147	307305
1787880393.788479735	s4-eth20	182128	135586799
1787880393.788479735	s4-eth21	5310	124720654
1787880393.788479735	s4-eth22	911395	187025399
1787880393.788479735	s4-eth23	111927	1172422468
1787880393.788479735	s4-eth24	758981	163865724
1787880393.788479735	s4-eth25	1252163	211055936
1787880393.788479735	s4-eth26	533884	158091116
1787880393.788479735	s4-eth27	18190	1549074724
1787880393.788479735	s4-eth28	1006069	69812710
1787880393.788479735	s4-eth29	4509	6744189
1787880393.788479735	s4-eth3	819108	449989057
1787880393.788479735	s4-eth30	1725045	122255352
1787880393.788479735	s4-eth31	794907	1193860634
1787880393.788479735	s4-eth32	1139250	80177733
1787880393.788479735	s4-eth33	1199997	85798000
1787880393.788479735	s4-eth34	529822	38541871
1787880393.788479735	s4-eth4	185895	69755661
1787880393.788479735	s4-eth5	1092141	121783131
1787880393.788479735	s4-eth6	1421805	146282203
1787880393.788479735	s4-eth7	170995	1110334181
1787880393.788479735	s4-eth8	424314	83585785
1787880393.788479735	s4-eth9	201919	68723859
1787880393.788479735	s5-eth1	17292603941	21095895
1787880393.788479735	s5-eth2	7371895435	7230306129
1787880393.788479735	s5-eth3	28703241	14303920649
1787880393.788479735	s5-eth4	321260	307578
1787880393.788479735	s6-eth1	741009486	310217
1787880393.788479735	s6-eth2	310147	203010547
1787880393.788479735	s6-eth3	310147	356713740
1787880393.788479735	s6-eth4	321385	310147
1787880393.788479735	s7-eth1	7460772982	7670279359
1787880393.788479735	s7-eth2	25325841	11746614458
1787880393.788479735	s7-eth3	13818024330	28704489
1787880393.788479735	s7-eth4	321162	310147
1787880393.788479735	s8-eth1	310147	310217
1787880393.788479735	s8-eth2	307305	310147
1787880393.788479735	s8-eth3	310147	307508
1787880393.788479735	s8-eth4	321260	310147
1787880393.788479735	s9-eth1	14303920649	28703241
1787880393.788479735	s9-eth2	356713740	310147
1787880393.788479735	s9-eth3	28704489	13818024330
1787880393.788479735	s9-eth4	307508	310147
1787880396.076118769	s10-eth1	307578	321260
1787880396.076118769	s10-eth2	310147	321385
1787880396.076118769	s10-eth3	310147	321162
1787880396.076118769	s10-eth4	310147	321260
1787880396.076118769	s1-eth1	21095895	17292603941
1787880396.076118769	s1-eth10	6360	12021
1787880396.076118769	s1-eth11	2175850210	26664
1787880396.076118769	s1-eth12	267136824	561935
1787880396.076118769	s1-eth13	32263310	290320
1787880396.076118769	s1-eth14	251196358	280450
1787880396.076118769	s1-eth15	1138270269	2049731
1787880396.076118769	s1-eth16	240411157	116036
1787880396.076118769	s1-eth17	101797936	1362319
1787880396.076118769	s1-eth18	218880992	12162
1787880396.076118769	s1-eth19	5663707137	25961
1787880396.076118769	s1-eth2	310217	741009486
1787880396.076118769	s1-eth20	325325875	1174140
1787880396.076118769	s1-eth21	309165746	1199943
1787880396.076118769	s1-eth22	26877925	184286
1787880396.076118769	s1-eth23	1213173378	461314
1787880396.076118769	s1-eth24	234972870	12835
1787880396.076118769	s1-eth25	95928949	1134194
1787880396.076118769	s1-eth26	309749321	1069087
1787880396.076118769	s1-eth27	1236020085	25167
1787880396.076118769	s1-eth28	5706	11484
1787880396.076118769	s1-eth29	31921216	437677
1787880396.076118769	s1-eth3	6158735733	4777585
1787880396.076118769	s1-eth30	5486379	112308
1787880396.076118769	s1-eth31	1210167261	452306
1787880396.076118769	s1-eth32	218882390	12008
1787880396.076118769	s1-eth33	16055621	272823
1787880396.076118769	s1-eth34	16099026	12027
1787880396.076118769	s1-eth4	261862565	446050
1787880396.076118769	s1-eth5	256196254	364270
1787880396.076118769	s1-eth6	234974815	13342
1787880396.076118769	s1-eth7	1326349873	1664476
1787880396.076118769	s1-eth8	326685317	1533180
1787880396.076118769	s1-eth9	79895831	1008382
1787880396.076118769	s2-eth1	7230526429	7372235301
1787880396.076118769	s2-eth10	277950919	729792
1787880396.076118769	s2-eth11	2266571181	2616921
1787880396.076118769	s2-eth12	52175267	877537
1787880396.076118769	s2-eth13	48432829	556191
1787880396.076118769	s2-eth14	16099467	12168
1787880396.076118769	s2-eth15	1101794845	1756219
1787880396.076118769	s2-eth16	312772230	1305026
1787880396.076118769	s2-eth17	319194810	1417667
1787880396.076118769	s2-eth18	248788317	544122
1787880396.076118769	s2-eth19	19036	3274796630
1787880396.076118769	s2-eth2	203010547	310147
1787880396.076118769	s2-eth20	1168406	164529108
1787880396.076118769	s2-eth21	1192558	144778392
1787880396.076118769	s2-eth22	177086	14540462
1787880396.076118769	s2-eth23	454662	984776630
1787880396.076118769	s2-eth24	5390	68525785
1787880396.076118769	s2-eth25	1129485	83710535
1787880396.076118769	s2-eth26	1062688	141829571
1787880396.076118769	s2-eth27	17977	1010333015
1787880396.076118769	s2-eth28	4195	12349
1787880396.076118769	s2-eth29	430440	31530900
1787880396.076118769	s2-eth3	1283987719	825864
1787880396.076118769	s2-eth30	104951	5328510
1787880396.076118769	s2-eth31	446222	983612485
1787880396.076118769	s2-eth32	4508	62198487
1787880396.076118769	s2-eth33	265596	15916692
1787880396.076118769	s2-eth34	4491	4032920
1787880396.076118769	s2-eth4	245667229	193484
1787880396.076118769	s2-eth5	299218689	1095842
1787880396.076118769	s2-eth6	323710335	1429327
1787880396.076118769	s2-eth7	1233537377	179102
1787880396.076118769	s2-eth8	261027401	428670
1787880396.076118769	s2-eth9	246132822	208687
1787880396.076118769	s3-eth1	7671578020	7461973757
1787880396.076118769	s3-eth10	4434	11976
1787880396.076118769	s3-eth11	19434	1055396513
1787880396.076118769	s3-eth12	554453	81990021
1787880396.076118769	s3-eth13	282729	17391530
1787880396.076118769	s3-eth14	273019	65759572
1787880396.076118769	s3-eth15	2045512	908138691
1787880396.076118769	s3-eth16	108772	54679536
1787880396.076118769	s3-eth17	1358738	85670816
1787880396.076118769	s3-eth18	4502	47643485
1787880396.076118769	s3-eth19	1292396131	849325
1787880396.076118769	s3-eth2	310217	310147
1787880396.076118769	s3-eth20	246048520	189296
1787880396.076118769	s3-eth21	234975662	12854
1787880396.076118769	s3-eth22	298591159	918503
1787880396.076118769	s3-eth23	1231130650	120174
1787880396.076118769	s3-eth24	267317354	766152
1787880396.076118769	s3-eth25	325237827	1259221
1787880396.076118769	s3-eth26	272460165	540278
1787880396.076118769	s3-eth27	2176430650	26430
1787880396.076118769	s3-eth28	80099719	1013323
1787880396.076118769	s3-eth29	16099788	12179
1787880396.076118769	s3-eth3	4770815	3639475488
1787880396.076118769	s3-eth30	133981219	1729633
1787880396.076118769	s3-eth31	1235586562	801576
1787880396.076118769	s3-eth32	91029911	1146372
1787880396.076118769	s3-eth33	96360759	1203143
1787880396.076118769	s3-eth34	48326706	536578
1787880396.076118769	s3-eth4	439471	80563310
1787880396.076118769	s3-eth5	357325	74227669
1787880396.076118769	s3-eth6	5845	52434766
1787880396.076118769	s3-eth7	1659862	1038847778
1787880396.076118769	s3-eth8	1527261	141613867
1787880396.076118769	s3-eth9	1002096	64474662
1787880396.076118769	s4-eth1	11751073246	25330202
1787880396.076118769	s4-eth10	722360	100035529
1787880396.076118769	s4-eth11	2615433	1406414101
1787880396.076118769	s4-eth12	872928	50856227
1787880396.076118769	s4-eth13	548795	36218138
1787880396.076118769	s4-eth14	4284	4305197
1787880396.076118769	s4-eth15	1753621	987149803
1787880396.076118769	s4-eth16	1299784	132653555
1787880396.076118769	s4-eth17	1413303	138196992
1787880396.076118769	s4-eth18	536641	80226899
1787880396.076118769	s4-eth19	841859	709232382
1787880396.076118769	s4-eth2	310147	307305
1787880396.076118769	s4-eth20	182128	135586799
1787880396.076118769	s4-eth21	5310	124720654
1787880396.076118769	s4-eth22	911395	187025399
1787880396.076118769	s4-eth23	112447	1173285483
1787880396.076118769	s4-eth24	758981	163865724
1787880396.076118769	s4-eth25	1252163	211055936
1787880396.076118769	s4-eth26	533884	158091116
1787880396.076118769	s4-eth27	18710	1549968021
1787880396.076118769	s4-eth28	1006069	69812710
1787880396.076118769	s4-eth29	4509	6744189
1787880396.076118769	s4-eth3	819628	450171448
1787880396.076118769	s4-eth30	1725045	122255352
1787880396.076118769	s4-eth31	795427	1194808793
1787880396.076118769	s4-eth32	1139250	80177733
1787880396.076118769	s4-eth33	1199997	85798000
1787880396.076118769	s4-eth34	529822	38541871
1787880396.076118769	s4-eth4	185895	69755661
1787880396.076118769	s4-eth5	1092141	121783131
1787880396.076118769	s4-eth6	1421805	146282203
1787880396.076118769	s4-eth7	171582	1111340032
1787880396.076118769	s4-eth8	424314	83585785
1787880396.076118769	s4-eth9	201919	68723859
1787880396.076118769	s5-eth1	17306978729	21100751
1787880396.076118769	s5-eth2	7375218799	7236415557
1787880396.076118769	s5-eth3	28708086	14313361870
1787880396.076118769	s5-eth4	321260	307578
1787880396.076118769	s6-eth1	741009486	310217
1787880396.076118769	s6-eth2	310147	203010547
1787880396.076118769	s6-eth3	310147	356713740
1787880396.076118769	s6-eth4	321385	310147
1787880396.076118769	s7-eth1	7464291120	7676698640
1787880396.076118769	s7-eth2	25330202	11753660194
1787880396.076118769	s7-eth3	13828069749	28709334
1787880396.076118769	s7-eth4	321162	310147
1787880396.076118769	s8-eth1	310147	310217
1787880396.076118769	s8-eth2	307305	310147
1787880396.076118769	s8-eth3	310147	307508
1787880396.076118769	s8-eth4	321260	310147
1787880396.076118769	s9-eth1	14314607758	28708086
1787880396.076118769	s9-eth2	356713740	310147
1787880396.076118769	s9-eth3	28709334	13829057519
1787880396.076118769	s9-eth4	307508	310147
1787880400.047769982	s10-eth1	307605	321288
1787880400.047769982	s10-eth2	310174	321413
1787880400.047769982	s10-eth3	310174	321190
1787880400.047769982	s10-eth4	310174	321288
1787880400.047769982	s1-eth1	21100778	17328093962
1787880400.047769982	s1-eth10	6360	12021
1787880400.047769982	s1-eth11	2178388841	27251
1787880400.047769982	s1-eth12	267136824	561935
1787880400.047769982	s1-eth13	32263310	290320
1787880400.047769982	s1-eth14	251196358	280450
1787880400.047769982	s1-eth15	1140806446	2050534
1787880400.047769982	s1-eth16	240411157	116036
1787880400.047769982	s1-eth17	101797936	1362319
1787880400.047769982	s1-eth18	218880992	12162
1787880400.047769982	s1-eth19	5674016621	26481
1787880400.047769982	s1-eth2	310244	741009513
1787880400.047769982	s1-eth20	325325875	1174140
1787880400.047769982	s1-eth21	309165746	1199943
1787880400.047769982	s1-eth22	26877925	184286
1787880400.047769982	s1-eth23	1215747816	461694
1787880400.047769982	s1-eth24	234972870	12835
1787880400.047769982	s1-eth25	95928949	1134194
1787880400.047769982	s1-eth26	309749321	1069087
1787880400.047769982	s1-eth27	1238611359	25167
1787880400.047769982	s1-eth28	5706	11484
1787880400.047769982	s1-eth29	31921216	437677
1787880400.047769982	s1-eth3	6169077901	4777832
1787880400.047769982	s1-eth30	5486379	112308
1787880400.047769982	s1-eth31	1212700287	452764
1787880400.047769982	s1-eth32	218882390	12008
1787880400.047769982	s1-eth33	16055621	272823
1787880400.047769982	s1-eth34	16099026	12027
1787880400.047769982	s1-eth4	261862565	446050
1787880400.047769982	s1-eth5	256196254	364270
1787880400.047769982	s1-eth6	234974815	13342
1787880400.047769982	s1-eth7	1328877699	1664476
1787880400.047769982	s1-eth8	326685317	1533180
1787880400.047769982	s1-eth9	79895831	1008382
1787880400.047769982	s2-eth1	7247177230	7380294666
1787880400.047769982	s2-eth10	277950919	729792
1787880400.047769982	s2-eth11	2269078819	2616921
1787880400.047769982	s2-eth12	52175267	877537
1787880400.047769982	s2-eth13	48432829	556191
1787880400.047769982	s2-eth14	16099467	12168
1787880400.047769982	s2-eth15	1104285179	1756219
1787880400.047769982	s2-eth16	312772230	1305026
1787880400.047769982	s2-eth17	319194810	1417667
1787880400.047769982	s2-eth18	248788317	544122
1787880400.047769982	s2-eth19	19036	3284427748
1787880400.047769982	s2-eth2	203010574	310174
1787880400.047769982	s2-eth20	1168406	164529108
1787880400.047769982	s2-eth21	1192558	144778392
1787880400.047769982	s2-eth22	177086	14540462
1787880400.047769982	s2-eth23	454662	987219378
1787880400.047769982	s2-eth24	5390	68525785
1787880400.047769982	s2-eth25	1129485	83710535
1787880400.047769982	s2-eth26	1062688	141829571
1787880400.047769982	s2-eth27	17977	1012780089
1787880400.047769982	s2-eth28	4195	12349
1787880400.047769982	s2-eth29	430440	31530900
1787880400.047769982	s2-eth3	1284483767	825864
1787880400.047769982	s2-eth30	104951	5328510
1787880400.047769982	s2-eth31	446222	986072537
1787880400.047769982	s2-eth32	4508	62198487
1787880400.047769982	s2-eth33	265596	15916692
1787880400.047769982	s2-eth34	4491	4032920
1787880400.047769982	s2-eth4	245667229	193484
1787880400.047769982	s2-eth5	299218689	1095842
1787880400.047769982	s2-eth6	323710335	1429327
1787880400.047769982	s2-eth7	1236068087	179102
1787880400.047769982	s2-eth8	261027401	428670
1787880400.047769982	s2-eth9	246132822	208687
1787880400.047769982	s3-eth1	7688899429	7470109617
1787880400.047769982	s3-eth10	4434	11976
1787880400.047769982	s3-eth11	19434	1057870985
1787880400.047769982	s3-eth12	554453	81990021
1787880400.047769982	s3-eth13	282729	17391530
1787880400.047769982	s3-eth14	273019	65759572
1787880400.047769982	s3-eth15	2045581	910611799
1787880400.047769982	s3-eth16	108772	54679536
1787880400.047769982	s3-eth17	1358738	85670816
1787880400.047769982	s3-eth18	4502	47643485
1787880400.047769982	s3-eth19	1292905157	849325
1787880400.047769982	s3-eth2	310244	310174
1787880400.047769982	s3-eth20	246048520	189296
1787880400.047769982	s3-eth21	234975662	12854
1787880400.047769982	s3-eth22	298591159	918503
1787880400.047769982	s3-eth23	1233652708	120174
1787880400.047769982	s3-eth24	267317354	766152
1787880400.047769982	s3-eth25	325237827	1259221
1787880400.047769982	s3-eth26	272460165	540278
1787880400.047769982	s3-eth27	2178952708	26430
1787880400.047769982	s3-eth28	80099719	1013323
1787880400.047769982	s3-eth29	16099788	12179
1787880400.047769982	s3-eth3	4770815	3649220524
1787880400.047769982	s3-eth30	133981219	1729633
1787880400.047769982	s3-eth31	1238120156	801576
1787880400.047769982	s3-eth32	91029911	1146372
1787880400.047769982	s3-eth33	96360759	1203143
1787880400.047769982	s3-eth34	48326706	536578
1787880400.047769982	s3-eth4	439471	80563310
1787880400.047769982	s3-eth5	357325	74227669
1787880400.047769982	s3-eth6	5845	52434766
1787880400.047769982	s3-eth7	1659862	1041306388
1787880400.047769982	s3-eth8	1527261	141613867
1787880400.047769982	s3-eth9	1002096	64474662
1787880400.047769982	s4-eth1	11767212137	25330229
1787880400.047769982	s4-eth10	722360	100035529
1787880400.047769982	s4-eth11	2615433	1408901551
1787880400.047769982	s4-eth12	872928	50856227
1787880400.047769982	s4-eth13	548795	36218138
1787880400.047769982	s4-eth14	4284	4305197
1787880400.047769982	s4-eth15	1753621	989621391
1787880400.047769982	s4-eth16	1299784	132653555
1787880400.047769982	s4-eth17	1413303	138196992
1787880400.047769982	s4-eth18	536641	80226899
1787880400.047769982	s4-eth19	841859	709732756
1787880400.047769982	s4-eth2	310174	307332
1787880400.047769982	s4-eth20	182128	135586799
1787880400.047769982	s4-eth21	5310	124720654
1787880400.047769982	s4-eth22	911395	187025399
1787880400.047769982	s4-eth23	112447	1175798889
1787880400.047769982	s4-eth24	758981	163865724
1787880400.047769982	s4-eth25	1252163	211055936
1787880400.047769982	s4-eth26	533884	158091116
1787880400.047769982	s4-eth27	18710	1552481427
1787880400.047769982	s4-eth28	1006069	69812710
1787880400.047769982	s4-eth29	4509	6744189
1787880400.047769982	s4-eth3	819628	450670380
1787880400.047769982	s4-eth30	1725045	122255352
1787880400.047769982	s4-eth31	795427	1197306337
1787880400.047769982	s4-eth32	1139250	80177733
1787880400.047769982	s4-eth33	1199997	85798000
1787880400.047769982	s4-eth34	529822	38541871
1787880400.047769982	s4-eth4	185895	69755661
1787880400.047769982	s4-eth5	1092141	121783131
1787880400.047769982	s4-eth6	1421805	146282203
1787880400.047769982	s4-eth7	171582	1113782780
1787880400.047769982	s4-eth8	424314	83585785
1787880400.047769982	s4-eth9	201919	68723859
1787880400.047769982	s5-eth1	17341673276	21100778
1787880400.047769982	s5-eth2	7383159920	7253423974
1787880400.047769982	s5-eth3	28708113	14338439719
1787880400.047769982	s5-eth4	321288	307605
1787880400.047769982	s6-eth1	741009513	310244
1787880400.047769982	s6-eth2	310174	203010574
1787880400.047769982	s6-eth3	310174	356713767
1787880400.047769982	s6-eth4	321413	310174
1787880400.047769982	s7-eth1	7472307225	7693620537
1787880400.047769982	s7-eth2	25330229	11769574133
1787880400.047769982	s7-eth3	13853010608	28709361
1787880400.047769982	s7-eth4	321190	310174
1787880400.047769982	s8-eth1	310174	310244
1787880400.047769982	s8-eth2	307332	310174
1787880400.047769982	s8-eth3	310174	307535
1787880400.047769982	s8-eth4	321288	310174
1787880400.047769982	s9-eth1	14339672629	28708113
1787880400.047769982	s9-eth2	356713767	310174
1787880400.047769982	s9-eth3	28709361	13853697000
1787880400.047769982	s9-eth4	307535	310174
1787880403.896633074	s10-eth1	307632	321316
1787880403.896633074	s10-eth2	310201	321441
1787880403.896633074	s10-eth3	310201	321218
1787880403.896633074	s10-eth4	310201	321316
1787880403.896633074	s1-eth1	21100805	17363428757
1787880403.896633074	s1-eth10	6360	12021
1787880403.896633074	s1-eth11	2180932529	27251
1787880403.896633074	s1-eth12	267136824	561935
1787880403.896633074	s1-eth13	32263310	290320
1787880403.896633074	s1-eth14	251196358	280450
1787880403.896633074	s1-eth15	1143397720	2050534
1787880403.896633074	s1-eth16	240411157	116036
1787880403.896633074	s1-eth17	101797936	1362319
1787880403.896633074	s1-eth18	218880992	12162
1787880403.896633074	s1-eth19	5684716261	26481
1787880403.896633074	s1-eth2	310271	741009540
1787880403.896633074	s1-eth20	325325875	1174140
1787880403.896633074	s1-eth21	309165746	1199943
1787880403.896633074	s1-eth22	26877925	184286
1787880403.896633074	s1-eth23	1218476080	461694
1787880403.896633074	s1-eth24	234972870	12835
1787880403.896633074	s1-eth25	95928949	1134194
1787880403.896633074	s1-eth26	309749321	1069087
1787880403.896633074	s1-eth27	1241367021	25167
1787880403.896633074	s1-eth28	5706	11484
1787880403.896633074	s1-eth29	31921216	437677
1787880403.896633074	s1-eth3	6180194279	4777832
1787880403.896633074	s1-eth30	5486379	112308
1787880403.896633074	s1-eth31	1215493441	452764
1787880403.896633074	s1-eth32	218882390	12008
1787880403.896633074	s1-eth33	16055621	272823
1787880403.896633074	s1-eth34	16099026	12027
1787880403.896633074	s1-eth4	261862565	446050
1787880403.896633074	s1-eth5	256196254	364270
1787880403.896633074	s1-eth6	234974815	13342
1787880403.896633074	s1-eth7	1331728533	1664476
1787880403.896633074	s1-eth8	326685317	1533180
1787880403.896633074	s1-eth9	79895831	1008382
1787880403.896633074	s2-eth1	7266909585	7389504747
1787880403.896633074	s2-eth10	277950919	729792
1787880403.896633074	s2-eth11	2271965703	2616921
1787880403.896633074	s2-eth12	52175267	877537
1787880403.896633074	s2-eth13	48432829	556191
1787880403.896633074	s2-eth14	16099467	12168
1787880403.896633074	s2-eth15	1107172063	1756219
1787880403.896633074	s2-eth16	312772230	1305026
1787880403.896633074	s2-eth17	319194810	1417667
1787880403.896633074	s2-eth18	248788317	544122
1787880403.896633074	s2-eth19	19036	3295663812
1787880403.896633074	s2-eth2	203010601	310201
1787880403.896633074	s2-eth20	1168406	164529108
1787880403.896633074	s2-eth21	1192558	144778392
1787880403.896633074	s2-eth22	177086	14540462
1787880403.896633074	s2-eth23	454662	990113472
1787880403.896633074	s2-eth24	5390	68525785
1787880403.896633074	s2-eth25	1129485	83710535
1787880403.896633074	s2-eth26	1062688	141829571
1787880403.896633074	s2-eth27	17977	1015692929
1787880403.896633074	s2-eth28	4195	12349
1787880403.896633074	s2-eth29	430440	31530900
1787880403.896633074	s2-eth3	1285079313	825864
1787880403.896633074	s2-eth30	104951	5328510
1787880403.896633074	s2-eth31	446222	988992587
1787880403.896633074	s2-eth32	4508	62198487
1787880403.896633074	s2-eth33	265596	15916692
1787880403.896633074	s2-eth34	4491	4032920
1787880403.896633074	s2-eth4	245667229	193484
1787880403.896633074	s2-eth5	299218689	1095842
1787880403.896633074	s2-eth6	323710335	1429327
1787880403.896633074	s2-eth7	1239027071	179102
1787880403.896633074	s2-eth8	261027401	428670
1787880403.896633074	s2-eth9	246132822	208687
1787880403.896633074	s3-eth1	7709150904	7479569164
1787880403.896633074	s3-eth10	4434	11976
1787880403.896633074	s3-eth11	19434	1060762195
1787880403.896633074	s3-eth12	554453	81990021
1787880403.896633074	s3-eth13	282729	17391530
1787880403.896633074	s3-eth14	273019	65759572
1787880403.896633074	s3-eth15	2045581	913500125
1787880403.896633074	s3-eth16	108772	54679536
1787880403.896633074	s3-eth17	1358738	85670816
1787880403.896633074	s3-eth18	4502	47643485
1787880403.896633074	s3-eth19	1293492051	849325
1787880403.896633074	s3-eth2	310271	310201
1787880403.896633074	s3-eth20	246048520	189296
1787880403.896633074	s3-eth21	234975662	12854
1787880403.896633074	s3-eth22	298591159	918503
1787880403.896633074	s3-eth23	1236574200	120174
1787880403.896633074	s3-eth24	267317354	766152
1787880403.896633074	s3-eth25	325237827	1259221
1787880403.896633074	s3-eth26	272460165	540278
1787880403.896633074	s3-eth27	2181846802	26430
1787880403.896633074	s3-eth28	80099719	1013323
1787880403.896633074	s3-eth29	16099788	12179
1787880403.896633074	s3-eth3	4770815	3660375836
1787880403.896633074	s3-eth30	133981219	1729633
1787880403.896633074	s3-eth31	1240965222	801576
1787880403.896633074	s3-eth32	91029911	1146372
1787880403.896633074	s3-eth33	96360759	1203143
1787880403.896633074	s3-eth34	48326706	536578
1787880403.896633074	s3-eth4	439471	80563310
1787880403.896633074	s3-eth5	357325	74227669
1787880403.896633074	s3-eth6	5845	52434766
1787880403.896633074	s3-eth7	1659862	1044010138
1787880403.896633074	s3-eth8	1527261	141613867
1787880403.896633074	s3-eth9	1002096	64474662
1787880403.896633074	s4-eth1	11784723812	25330256
1787880403.896633074	s4-eth10	722360	100035529
1787880403.896633074	s4-eth11	2615433	1411625489
1787880403.896633074	s4-eth12	872928	50856227
1787880403.896633074	s4-eth13	548795	36218138
1787880403.896633074	s4-eth14	4284	4305197
1787880403.896633074	s4-eth15	1753621	992316489
1787880403.896633074	s4-eth16	1299784	132653555
1787880403.896633074	s4-eth17	1413303	138196992
1787880403.896633074	s4-eth18	536641	80226899
1787880403.896633074	s4-eth19	841859	710269180
1787880403.896633074	s4-eth2	310201	307359
1787880403.896633074	s4-eth20	182128	135586799
1787880403.896633074	s4-eth21	5310	124720654
1787880403.896633074	s4-eth22	911395	187025399
1787880403.896633074	s4-eth23	112447	1178459379
1787880403.896633074	s4-eth24	758981	163865724
1787880403.896633074	s4-eth25	1252163	211055936
1787880403.896633074	s4-eth26	533884	158091116
1787880403.896633074	s4-eth27	18710	1555126055
1787880403.896633074	s4-eth28	1006069	69812710
1787880403.896633074	s4-eth29	4509	6744189
1787880403.896633074	s4-eth3	819628	451198152
1787880403.896633074	s4-eth30	1725045	122255352
1787880403.896633074	s4-eth31	795427	1199943755
1787880403.896633074	s4-eth32	1139250	80177733
1787880403.896633074	s4-eth33	1199997	85798000
1787880403.896633074	s4-eth34	529822	38541871
1787880403.896633074	s4-eth4	185895	69755661
1787880403.896633074	s4-eth5	1092141	121783131
1787880403.896633074	s4-eth6	1421805	146282203
1787880403.896633074	s4-eth7	171582	1116408662
1787880403.896633074	s4-eth8	424314	83585785
1787880403.896633074	s4-eth9	201919	68723859
1787880403.896633074	s5-eth1	17378422673	21100805
1787880403.896633074	s5-eth2	7391549503	7271306243
1787880403.896633074	s5-eth3	28708140	14364701450
1787880403.896633074	s5-eth4	321316	307632
1787880403.896633074	s6-eth1	741009540	310271
1787880403.896633074	s6-eth2	310201	203010601
1787880403.896633074	s6-eth3	310201	356713794
1787880403.896633074	s6-eth4	321441	310201
1787880403.896633074	s7-eth1	7480574238	7711318230
1787880403.896633074	s7-eth2	25330256	11786100922
1787880403.896633074	s7-eth3	13879021431	28709388
1787880403.896633074	s7-eth4	321218	310201
1787880403.896633074	s8-eth1	310201	310271
1787880403.896633074	s8-eth2	307359	310201
1787880403.896633074	s8-eth3	310201	307562
1787880403.896633074	s8-eth4	321316	310201
1787880403.896633074	s9-eth1	14365820442	28708140
1787880403.896633074	s9-eth2	356713794	310201
1787880403.896633074	s9-eth3	28709388	13879787133
1787880403.896633074	s9-eth4	307562	310201
1787880407.925258070	s10-eth1	307632	321316
1787880407.925258070	s10-eth2	310201	321441
1787880407.925258070	s10-eth3	310201	321218
1787880407.925258070	s10-eth4	310201	321316
1787880407.925258070	s1-eth1	21100805	17399622957
1787880407.925258070	s1-eth10	6360	12021
1787880407.925258070	s1-eth11	2183509383	27251
1787880407.925258070	s1-eth12	267136824	561935
1787880407.925258070	s1-eth13	32263310	290320
1787880407.925258070	s1-eth14	251196358	280450
1787880407.925258070	s1-eth15	1145951502	2050534
1787880407.925258070	s1-eth16	240411157	116036
1787880407.925258070	s1-eth17	101797936	1362319
1787880407.925258070	s1-eth18	218880992	12162
1787880407.925258070	s1-eth19	5694706437	26481
1787880407.925258070	s1-eth2	310271	741009540
1787880407.925258070	s1-eth20	325325875	1174140
1787880407.925258070	s1-eth21	309165746	1199943
1787880407.925258070	s1-eth22	26877925	184286
1787880407.925258070	s1-eth23	1220967856	461694
1787880407.925258070	s1-eth24	234972870	12835
1787880407.925258070	s1-eth25	95928949	1134194
1787880407.925258070	s1-eth26	309749321	1069087
1787880407.925258070	s1-eth27	1243867449	25167
1787880407.925258070	s1-eth28	5706	11484
1787880407.925258070	s1-eth29	31921216	437677
1787880407.925258070	s1-eth3	6190229157	4777832
1787880407.925258070	s1-eth30	5486379	112308
1787880407.925258070	s1-eth31	1217999637	452764
1787880407.925258070	s1-eth32	218882390	12008
1787880407.925258070	s1-eth33	16055621	272823
1787880407.925258070	s1-eth34	16099026	12027
1787880407.925258070	s1-eth4	261862565	446050
1787880407.925258070	s1-eth5	256196254	364270
1787880407.925258070	s1-eth6	234974815	13342
1787880407.925258070	s1-eth7	1334224635	1664476
1787880407.925258070	s1-eth8	326685317	1533180
1787880407.925258070	s1-eth9	79895831	1008382
1787880407.925258070	s2-eth1	7283939605	7397441515
1787880407.925258070	s2-eth10	277950919	729792
1787880407.925258070	s2-eth11	2274447385	2616921
1787880407.925258070	s2-eth12	52175267	877537
1787880407.925258070	s2-eth13	48432829	556191
1787880407.925258070	s2-eth14	16099467	12168
1787880407.925258070	s2-eth15	1109682585	1756219
1787880407.925258070	s2-eth16	312772230	1305026
1787880407.925258070	s2-eth17	319194810	1417667
1787880407.925258070	s2-eth18	248788317	544122
1787880407.925258070	s2-eth19	19036	3305550164
1787880407.925258070	s2-eth2	203010601	310201
1787880407.925258070	s2-eth20	1168406	164529108
1787880407.925258070	s2-eth21	1192558	144778392
1787880407.925258070	s2-eth22	177086	14540462
1787880407.925258070	s2-eth23	454662	992563430
1787880407.925258070	s2-eth24	5390	68525785
1787880407.925258070	s2-eth25	1129485	83710535
1787880407.925258070	s2-eth26	1062688	141829571
1787880407.925258070	s2-eth27	17977	1018142887
1787880407.925258070	s2-eth28	4195	12349
1787880407.925258070	s2-eth29	430440	31530900
1787880407.925258070	s2-eth3	1285575361	825864
1787880407.925258070	s2-eth30	104951	5328510
1787880407.925258070	s2-eth31	446222	991467059
1787880407.925258070	s2-eth32	4508	62198487
1787880407.925258070	s2-eth33	265596	15916692
1787880407.925258070	s2-eth34	4491	4032920
1787880407.925258070	s2-eth4	245667229	193484
1787880407.925258070	s2-eth5	299218689	1095842
1787880407.925258070	s2-eth6	323710335	1429327
1787880407.925258070	s2-eth7	1241550571	179102
1787880407.925258070	s2-eth8	261027401	428670
1787880407.925258070	s2-eth9	246132822	208687
1787880407.925258070	s3-eth1	7726501075	7487696303
1787880407.925258070	s3-eth10	4434	11976
1787880407.925258070	s3-eth11	19434	1063264065
1787880407.925258070	s3-eth12	554453	81990021
1787880407.925258070	s3-eth13	282729	17391530
1787880407.925258070	s3-eth14	273019	65759572
1787880407.925258070	s3-eth15	2045581	916032277
1787880407.925258070	s3-eth16	108772	54679536
1787880407.925258070	s3-eth17	1358738	85670816
1787880407.925258070	s3-eth18	4502	47643485
1787880407.925258070	s3-eth19	1294011171	849325
1787880407.925258070	s3-eth2	310298	310228
1787880407.925258070	s3-eth20	246048520	189296
1787880407.925258070	s3-eth21	234975662	12854
1787880407.925258070	s3-eth22	298591159	918503
1787880407.925258070	s3-eth23	1239197198	120174
1787880407.925258070	s3-eth24	267317354	766152
1787880407.925258070	s3-eth25	325237827	1259221
1787880407.925258070	s3-eth26	272460165	540278
1787880407.925258070	s3-eth27	2184488546	26430
1787880407.925258070	s3-eth28	80099719	1013323
1787880407.925258070	s3-eth29	16099788	12179
1787880407.925258070	s3-eth3	4770815	3670765446
1787880407.925258070	s3-eth30	133981219	1729633
1787880407.925258070	s3-eth31	1243658878	801576
1787880407.925258070	s3-eth32	91029911	1146372
1787880407.925258070	s3-eth33	96360759	1203143
1787880407.925258070	s3-eth34	48326706	536578
1787880407.925258070	s3-eth4	439471	80563310
1787880407.925258070	s3-eth5	357325	74227669
1787880407.925258070	s3-eth6	5845	52434766
1787880407.925258070	s3-eth7	1659862	1046735518
1787880407.925258070	s3-eth8	1527261	141613867
1787880407.925258070	s3-eth9	1002096	64474662
1787880407.925258070	s4-eth1	11802627711	25330283
1787880407.925258070	s4-eth10	722360	100035529
1787880407.925258070	s4-eth11	2615433	1414463345
1787880407.925258070	s4-eth12	872928	50856227
1787880407.925258070	s4-eth13	548795	36218138
1787880407.925258070	s4-eth14	4284	4305197
1787880407.925258070	s4-eth15	1753621	995175975
1787880407.925258070	s4-eth16	1299784	132653555
1787880407.925258070	s4-eth17	1413303	138196992
1787880407.925258070	s4-eth18	536641	80226899
1787880407.925258070	s4-eth19	841859	710851748
1787880407.925258070	s4-eth2	310228	307386
1787880407.925258070	s4-eth20	182128	135586799
1787880407.925258070	s4-eth21	5310	124720654
1787880407.925258070	s4-eth22	911395	187025399
1787880407.925258070	s4-eth23	112447	1181399617
1787880407.925258070	s4-eth24	758981	163865724
1787880407.925258070	s4-eth25	1252163	211055936
1787880407.925258070	s4-eth26	533884	158091116
1787880407.925258070	s4-eth27	18710	1558085039
1787880407.925258070	s4-eth28	1006069	69812710
1787880407.925258070	s4-eth29	4509	6744189
1787880407.925258070	s4-eth3	819628	451785046
1787880407.925258070	s4-eth30	1725045	122255352
1787880407.925258070	s4-eth31	795427	1202924369
1787880407.925258070	s4-eth32	1139250	80177733
1787880407.925258070	s4-eth33	1199997	85798000
1787880407.925258070	s4-eth34	529822	38541871
1787880407.925258070	s4-eth4	185895	69755661
1787880407.925258070	s4-eth5	1092141	121783131
1787880407.925258070	s4-eth6	1421805	146282203
1787880407.925258070	s4-eth7	171582	1119419558
1787880407.925258070	s4-eth8	424314	83585785
1787880407.925258070	s4-eth9	201919	68723859
1787880407.925258070	s5-eth1	17420836246	21100832
1787880407.925258070	s5-eth2	7401246980	7292184988
1787880407.925258070	s5-eth3	28708167	14395397331
1787880407.925258070	s5-eth4	321344	307659
1787880407.925258070	s6-eth1	741009567	310298
1787880407.925258070	s6-eth2	310228	203010628
1787880407.925258070	s6-eth3	310228	356713821
1787880407.925258070	s6-eth4	321469	310228
1787880407.925258070	s7-eth1	7490389959	7732283495
1787880407.925258070	s7-eth2	25330283	11805622745
1787880407.925258070	s7-eth3	13909753362	28709415
1787880407.925258070	s7-eth4	321246	310228
1787880407.925258070	s8-eth1	310228	310298
1787880407.925258070	s8-eth2	307386	310228
1787880407.925258070	s8-eth3	310228	307589
1787880407.925258070	s8-eth4	321344	310228
1787880407.925258070	s9-eth1	14396558141	28708167
1787880407.925258070	s9-eth2	356713821	310228
1787880407.925258070	s9-eth3	28709415	13910340256
1787880407.925258070	s9-eth4	307589	310228
1787880412.626223542	s10-eth1	307659	321344
1787880412.626223542	s10-eth2	310228	321469
1787880412.626223542	s10-eth3	310228	321246
1787880412.626223542	s10-eth4	310228	321344
1787880412.626223542	s1-eth1	21100832	17441984618
1787880412.626223542	s1-eth10	6360	12021
1787880412.626223542	s1-eth11	2186536141	27251
1787880412.626223542	s1-eth12	267136824	561935
1787880412.626223542	s1-eth13	32263310	290320
1787880412.626223542	s1-eth14	251196358	280450
1787880412.626223542	s1-eth15	1148997006	2050534
1787880412.626223542	s1-eth16	240411157	116036
1787880412.626223542	s1-eth17	101797936	1362319
1787880412.626223542	s1-eth18	218880992	12162
1787880412.626223542	s1-eth19	5706947575	26481
1787880412.626223542	s1-eth2	310298	741009567
1787880412.626223542	s1-eth20	325325875	1174140
1787880412.626223542	s1-eth21	309165746	1199943
1787880412.626223542	s1-eth22	26877925	184286
1787880412.626223542	s1-eth23	1224020570	461694
1787880412.626223542	s1-eth24	234972870	12835
1787880412.626223542	s1-eth25	95928949	1134194
1787880412.626223542	s1-eth26	309749321	1069087
1787880412.626223542	s1-eth27	1246918721	25167
1787880412.626223542	s1-eth28	5706	11484
1787880412.626223542	s1-eth29	31921216	437677
1787880412.626223542	s1-eth3	6202452991	4777832
1787880412.626223542	s1-eth30	5486379	112308
1787880412.626223542	s1-eth31	1221056677	452764
1787880412.626223542	s1-eth32	218882390	12008
1787880412.626223542	s1-eth33	16055621	272823
1787880412.626223542	s1-eth34	16099026	12027
1787880412.626223542	s1-eth4	261862565	446050
1787880412.626223542	s1-eth5	256196254	364270
1787880412.626223542	s1-eth6	234974815	13342
1787880412.626223542	s1-eth7	1337314841	1664476
1787880412.626223542	s1-eth8	326685317	1533180
1787880412.626223542	s1-eth9	79895831	1008382
1787880412.626223542	s2-eth1	7305419664	7407417298
1787880412.626223542	s2-eth10	277950919	729792
1787880412.626223542	s2-eth11	2277567873	2616921
1787880412.626223542	s2-eth12	52175267	877537
1787880412.626223542	s2-eth13	48432829	556191
1787880412.626223542	s2-eth14	16099467	12168
1787880412.626223542	s2-eth15	1112797305	1756219
1787880412.626223542	s2-eth16	312772230	1305026
1787880412.626223542	s2-eth17	319194810	1417667
1787880412.626223542	s2-eth18	248788317	544122
1787880412.626223542	s2-eth19	19036	3317701898
1787880412.626223542	s2-eth2	203010628	310228
1787880412.626223542	s2-eth20	1168406	164529108
1787880412.626223542	s2-eth21	1192558	144778392
1787880412.626223542	s2-eth22	177086	14540462
1787880412.626223542	s2-eth23	454662	995621912
1787880412.626223542	s2-eth24	5390	68525785
1787880412.626223542	s2-eth25	1129485	83710535
1787880412.626223542	s2-eth26	1062688	141829571
1787880412.626223542	s2-eth27	17977	1021169645
1787880412.626223542	s2-eth28	4195	12349
1787880412.626223542	s2-eth29	430440	31530900
1787880412.626223542	s2-eth3	1286192537	825864
1787880412.626223542	s2-eth30	104951	5328510
1787880412.626223542	s2-eth31	446222	994509679
1787880412.626223542	s2-eth32	4508	62198487
1787880412.626223542	s2-eth33	265596	15916692
1787880412.626223542	s2-eth34	4491	4032920
1787880412.626223542	s2-eth4	245667229	193484
1787880412.626223542	s2-eth5	299218689	1095842
1787880412.626223542	s2-eth6	323710335	1429327
1787880412.626223542	s2-eth7	1244610495	179102
1787880412.626223542	s2-eth8	261027401	428670
1787880412.626223542	s2-eth9	246132822	208687
1787880412.626223542	s3-eth1	7747291858	7497422620
1787880412.626223542	s3-eth10	4434	11976
1787880412.626223542	s3-eth11	19434	1066211513
1787880412.626223542	s3-eth12	554453	81990021
1787880412.626223542	s3-eth13	282729	17391530
1787880412.626223542	s3-eth14	273019	65759572
1787880412.626223542	s3-eth15	2045581	918936465
1787880412.626223542	s3-eth16	108772	54679536
1787880412.626223542	s3-eth17	1358738	85670816
1787880412.626223542	s3-eth18	4502	47643485
1787880412.626223542	s3-eth19	1294605275	849325
1787880412.626223542	s3-eth2	310325	310255
1787880412.626223542	s3-eth20	246048520	189296
1787880412.626223542	s3-eth21	234975662	12854
1787880412.626223542	s3-eth22	298591159	918503
1787880412.626223542	s3-eth23	1242163392	120174
1787880412.626223542	s3-eth24	267317354	766152
1787880412.626223542	s3-eth25	325237827	1259221
1787880412.626223542	s3-eth26	272460165	540278
1787880412.626223542	s3-eth27	2187480696	26430
1787880412.626223542	s3-eth28	80099719	1013323
1787880412.626223542	s3-eth29	16099788	12179
1787880412.626223542	s3-eth3	4770815	3682343264
1787880412.626223542	s3-eth30	133981219	1729633
1787880412.626223542	s3-eth31	1246633724	801576
1787880412.626223542	s3-eth32	91029911	1146372
1787880412.626223542	s3-eth33	96360759	1203143
1787880412.626223542	s3-eth34	48326706	536578
1787880412.626223542	s3-eth4	439471	80563310
1787880412.626223542	s3-eth5	357325	74227669
1787880412.626223542	s3-eth6	5845	52434766
1787880412.626223542	s3-eth7	1659862	1049610866
1787880412.626223542	s3-eth8	1527261	141613867
1787880412.626223542	s3-eth9	1002096	64474662
1787880412.626223542	s4-eth1	11821448722	25330310
1787880412.626223542	s4-eth10	722360	100035529
1787880412.626223542	s4-eth11	2615433	1417380511
1787880412.626223542	s4-eth12	872928	50856227
1787880412.626223542	s4-eth13	548795	36218138
1787880412.626223542	s4-eth14	4284	4305197
1787880412.626223542	s4-eth15	1753621	998101793
1787880412.626223542	s4-eth16	1299784	132653555
1787880412.626223542	s4-eth17	1413303	138196992
1787880412.626223542	s4-eth18	536641	80226899
1787880412.626223542	s4-eth19	841859	711437200
1787880412.626223542	s4-eth2	310255	307413
1787880412.626223542	s4-eth20	182128	135586799
1787880412.626223542	s4-eth21	5310	124720654
1787880412.626223542	s4-eth22	911395	187025399
1787880412.626223542	s4-eth23	112447	1184322551
1787880412.626223542	s4-eth24	758981	163865724
1787880412.626223542	s4-eth25	1252163	211055936
1787880412.626223542	s4-eth26	533884	158091116
1787880412.626223542	s4-eth27	18710	1561029603
1787880412.626223542	s4-eth28	1006069	69812710
1787880412.626223542	s4-eth29	4509	6744189
1787880412.626223542	s4-eth3	819628	452373382
1787880412.626223542	s4-eth30	1725045	122255352
1787880412.626223542	s4-eth31	795427	1205868933
1787880412.626223542	s4-eth32	1139250	80177733
1787880412.626223542	s4-eth33	1199997	85798000
1787880412.626223542	s4-eth34	529822	38541871
1787880412.626223542	s4-eth4	185895	69755661
1787880412.626223542	s4-eth5	1092141	121783131
1787880412.626223542	s4-eth6	1421805	146282203
1787880412.626223542	s4-eth7	171582	1122365564
1787880412.626223542	s4-eth8	424314	83585785
1787880412.626223542	s4-eth9	201919	68723859
1787880412.626223542	s5-eth1	17462657157	21100859
1787880412.626223542	s5-eth2	7410816119	7312831571
1787880412.626223542	s5-eth3	28708194	14425613026
1787880412.626223542	s5-eth4	321372	307686
1787880412.626223542	s6-eth1	741009594	310325
1787880412.626223542	s6-eth2	310255	203010655
1787880412.626223542	s6-eth3	310255	356713848
1787880412.626223542	s6-eth4	321497	310255
1787880412.626223542	s7-eth1	7499868252	7752583998
1787880412.626223542	s7-eth2	25330310	11824566326
1787880412.626223542	s7-eth3	13939695077	28709442
1787880412.626223542	s7-eth4	321274	310255
1787880412.626223542	s8-eth1	310255	310325
1787880412.626223542	s8-eth2	307413	310255
1787880412.626223542	s8-eth3	310255	307616
1787880412.626223542	s8-eth4	321372	310255
1787880412.626223542	s9-eth1	14427029070	28708194
1787880412.626223542	s9-eth2	356713848	310255
1787880412.626223542	s9-eth3	28709442	13940776577
1787880412.626223542	s9-eth4	307616	310255
1787880417.341757795	s10-eth1	307686	321372
1787880417.341757795	s10-eth2	310255	321497
1787880417.341757795	s10-eth3	310255	321274
1787880417.341757795	s10-eth4	310255	321372
1787880417.341757795	s1-eth1	21100859	17484363583
1787880417.341757795	s1-eth10	6360	12021
1787880417.341757795	s1-eth11	2189560015	27251
1787880417.341757795	s1-eth12	267136824	561935
1787880417.341757795	s1-eth13	32263310	290320
1787880417.341757795	s1-eth14	251196358	280450
1787880417.341757795	s1-eth15	1152007902	2050534
1787880417.341757795	s1-eth16	240411157	116036
1787880417.341757795	s1-eth17	101797936	1362319
1787880417.341757795	s1-eth18	218880992	12162
1787880417.341757795	s1-eth19	5718965203	26481
1787880417.341757795	s1-eth2	310325	741009594
1787880417.341757795	s1-eth20	325325875	1174140
1787880417.341757795	s1-eth21	309165746	1199943
1787880417.341757795	s1-eth22	26877925	184286
1787880417.341757795	s1-eth23	1227040118	461694
1787880417.341757795	s1-eth24	234972870	12835
1787880417.341757795	s1-eth25	95928949	1134194
1787880417.341757795	s1-eth26	309749321	1069087
1787880417.341757795	s1-eth27	1249935385	25167
1787880417.341757795	s1-eth28	5706	11484
1787880417.341757795	s1-eth29	31921216	437677
1787880417.341757795	s1-eth3	6214489365	4777832
1787880417.341757795	s1-eth30	5486379	112308
1787880417.341757795	s1-eth31	1224071899	452764
1787880417.341757795	s1-eth32	218882390	12008
1787880417.341757795	s1-eth33	16055621	272823
1787880417.341757795	s1-eth34	16099026	12027
1787880417.341757795	s1-eth4	261862565	446050
1787880417.341757795	s1-eth5	256196254	364270
1787880417.341757795	s1-eth6	234974815	13342
1787880417.341757795	s1-eth7	1340321411	1664476
1787880417.341757795	s1-eth8	326685317	1533180
1787880417.341757795	s1-eth9	79895831	1008382
1787880417.341757795	s2-eth1	7326123927	7416996531
1787880417.341757795	s2-eth10	277950919	729792
1787880417.341757795	s2-eth11	2280567233	2616921
1787880417.341757795	s2-eth12	52175267	877537
1787880417.341757795	s2-eth13	48432829	556191
1787880417.341757795	s2-eth14	16099467	12168
1787880417.341757795	s2-eth15	1115809643	1756219
1787880417.341757795	s2-eth16	312772230	1305026
1787880417.341757795	s2-eth17	319194810	1417667
1787880417.341757795	s2-eth18	248788317	544122
1787880417.341757795	s2-eth19	19036	3329545044
1787880417.341757795	s2-eth2	203010655	310255
1787880417.341757795	s2-eth20	1168406	164529108
1787880417.341757795	s2-eth21	1192558	144778392
1787880417.341757795	s2-eth22	177086	14540462
1787880417.341757795	s2-eth23	454662	998595316
1787880417.341757795	s2-eth24	5390	68525785
1787880417.341757795	s2-eth25	1129485	83710535
1787880417.341757795	s2-eth26	1062688	141829571
1787880417.341757795	s2-eth27	17977	1024124303
1787880417.341757795	s2-eth28	4195	12349
1787880417.341757795	s2-eth29	430440	31530900
1787880417.341757795	s2-eth3	1286786641	825864
1787880417.341757795	s2-eth30	104951	5328510
1787880417.341757795	s2-eth31	446222	997403773
1787880417.341757795	s2-eth32	4508	62198487
1787880417.341757795	s2-eth33	265596	15916692
1787880417.341757795	s2-eth34	4491	4032920
1787880417.341757795	s2-eth4	245667229	193484
1787880417.341757795	s2-eth5	299218689	1095842
1787880417.341757795	s2-eth6	323710335	1429327
1787880417.341757795	s2-eth7	1247540639	179102
1787880417.341757795	s2-eth8	261027401	428670
1787880417.341757795	s2-eth9	246132822	208687
1787880417.341757795	s3-eth1	7767367382	7506748034
1787880417.341757795	s3-eth10	4434	11976
1787880417.341757795	s3-eth11	19434	1069089745
1787880417.341757795	s3-eth12	554453	81990021
1787880417.341757795	s3-eth13	282729	17391530
1787880417.341757795	s3-eth14	273019	65759572
1787880417.341757795	s3-eth15	2045581	921819023
1787880417.341757795	s3-eth16	108772	54679536
1787880417.341757795	s3-eth17	1358738	85670816
1787880417.341757795	s3-eth18	4502	47643485
1787880417.341757795	s3-eth19	1295187843	849325
1787880417.341757795	s3-eth2	310325	310255
1787880417.341757795	s3-eth20	246048520	189296
1787880417.341757795	s3-eth21	234975662	12854
1787880417.341757795	s3-eth22	298591159	918503
1787880417.341757795	s3-eth23	1245050276	120174
1787880417.341757795	s3-eth24	267317354	766152
1787880417.341757795	s3-eth25	325237827	1259221
1787880417.341757795	s3-eth26	272460165	540278
1787880417.341757795	s3-eth27	2190343066	26430
1787880417.341757795	s3-eth28	80099719	1013323
1787880417.341757795	s3-eth29	16099788	12179
1787880417.341757795	s3-eth3	4770815	3693523090
1787880417.341757795	s3-eth30	133981219	1729633
1787880417.341757795	s3-eth31	1249490326	801576
1787880417.341757795	s3-eth32	91029911	1146372
1787880417.341757795	s3-eth33	96360759	1203143
1787880417.341757795	s3-eth34	48326706	536578
1787880417.341757795	s3-eth4	439471	80563310
1787880417.341757795	s3-eth5	357325	74227669
1787880417.341757795	s3-eth6	5845	52434766
1787880417.341757795	s3-eth7	1659862	1052373738
1787880417.341757795	s3-eth8	1527261	141613867
1787880417.341757795	s3-eth9	1002096	64474662
1787880417.341757795	s4-eth1	11839179554	25330310
1787880417.341757795	s4-eth10	722360	100035529
1787880417.341757795	s4-eth11	2615433	1420110217
1787880417.341757795	s4-eth12	872928	50856227
1787880417.341757795	s4-eth13	548795	36218138
1787880417.341757795	s4-eth14	4284	4305197
1787880417.341757795	s4-eth15	1753621	1000799775
1787880417.341757795	s4-eth16	1299784	132653555
1787880417.341757795	s4-eth17	1413303	138196992
1787880417.341757795	s4-eth18	536641	80226899
1787880417.341757795	s4-eth19	841859	711976508
1787880417.341757795	s4-eth2	310255	307413
1787880417.341757795	s4-eth20	182128	135586799
1787880417.341757795	s4-eth21	5310	124720654
1787880417.341757795	s4-eth22	911395	187025399
1787880417.341757795	s4-eth23	112447	1186991693
1787880417.341757795	s4-eth24	758981	163865724
1787880417.341757795	s4-eth25	1252163	211055936
1787880417.341757795	s4-eth26	533884	158091116
1787880417.341757795	s4-eth27	18710	1563713165
1787880417.341757795	s4-eth28	1006069	69812710
1787880417.341757795	s4-eth29	4509	6744189
1787880417.341757795	s4-eth3	819628	452906922
1787880417.341757795	s4-eth30	1725045	122255352
1787880417.341757795	s4-eth31	795427	1208536633
1787880417.341757795	s4-eth32	1139250	80177733
1787880417.341757795	s4-eth33	1199997	85798000
1787880417.341757795	s4-eth34	529822	38541871
1787880417.341757795	s4-eth4	185895	69755661
1787880417.341757795	s4-eth5	1092141	121783131
1787880417.341757795	s4-eth6	1421805	146282203
1787880417.341757795	s4-eth7	171582	1124965490
1787880417.341757795	s4-eth8	424314	83585785
1787880417.341757795	s4-eth9	201919	68723859
1787880417.341757795	s5-eth1	17499145552	21100886
1787880417.341757795	s5-eth2	7419158116	7330824874
1787880417.341757795	s5-eth3	28708221	14451933879
1787880417.341757795	s5-eth4	321400	307713
1787880417.341757795	s6-eth1	741009621	310352
1787880417.341757795	s6-eth2	310282	203010682
1787880417.341757795	s6-eth3	310282	356713875
1787880417.341757795	s6-eth4	321525	310282
1787880417.341757795	s7-eth1	7508164105	7770414355
1787880417.341757795	s7-eth2	25330337	11841085905
1787880417.341757795	s7-eth3	13965782326	28709469
1787880417.341757795	s7-eth4	321302	310282
1787880417.341757795	s8-eth1	310282	310352
1787880417.341757795	s8-eth2	307440	310282
1787880417.341757795	s8-eth3	310282	307643
1787880417.341757795	s8-eth4	321400	310282
1787880417.341757795	s9-eth1	14452830803	28708221
1787880417.341757795	s9-eth2	356713875	310282
1787880417.341757795	s9-eth3	28709469	13966475928
1787880417.341757795	s9-eth4	307643	310282
1787880421.277721881	s10-eth1	307713	321400
1787880421.277721881	s10-eth2	310282	321525
1787880421.277721881	s10-eth3	310282	321302
1787880421.277721881	s10-eth4	310282	321400
1787880421.277721881	s1-eth1	21100886	17519797876
1787880421.277721881	s1-eth10	6360	12021
1787880421.277721881	s1-eth11	2192108029	27251
1787880421.277721881	s1-eth12	267136824	561935
1787880421.277721881	s1-eth13	32263310	290320
1787880421.277721881	s1-eth14	251196358	280450
1787880421.277721881	s1-eth15	1154547264	2050534
1787880421.277721881	s1-eth16	240411157	116036
1787880421.277721881	s1-eth17	101797936	1362319
1787880421.277721881	s1-eth18	218880992	12162
1787880421.277721881	s1-eth19	5729206287	26481
1787880421.277721881	s1-eth2	310352	741009621
1787880421.277721881	s1-eth20	325325875	1174140
1787880421.277721881	s1-eth21	309165746	1199943
1787880421.277721881	s1-eth22	26877925	184286
1787880421.277721881	s1-eth23	1229608320	461694
1787880421.277721881	s1-eth24	234972870	12835
1787880421.277721881	s1-eth25	95928949	1134194
1787880421.277721881	s1-eth26	309749321	1069087
1787880421.277721881	s1-eth27	1252520891	25167
1787880421.277721881	s1-eth28	5706	11484
1787880421.277721881	s1-eth29	31921216	437677
1787880421.277721881	s1-eth3	6224793897	4777832
1787880421.277721881	s1-eth30	5486379	112308
1787880421.277721881	s1-eth31	1226654521	452764
1787880421.277721881	s1-eth32	218882390	12008
1787880421.277721881	s1-eth33	16055621	272823
1787880421.277721881	s1-eth34	16099026	12027
1787880421.277721881	s1-eth4	261862565	446050
1787880421.277721881	s1-eth5	256196254	364270
1787880421.277721881	s1-eth6	234974815	13342
1787880421.277721881	s1-eth7	1342906917	1664476
1787880421.277721881	s1-eth8	326685317	1533180
1787880421.277721881	s1-eth9	79895831	1008382
1787880421.277721881	s2-eth1	7343952842	7425250566
1787880421.277721881	s2-eth10	277950919	729792
1787880421.277721881	s2-eth11	2283139761	2616921
1787880421.277721881	s2-eth12	52175267	877537
1787880421.277721881	s2-eth13	48432829	556191
1787880421.277721881	s2-eth14	16099467	12168
1787880421.277721881	s2-eth15	1118372077	1756219
1787880421.277721881	s2-eth16	312772230	1305026
1787880421.277721881	s2-eth17	319194810	1417667
1787880421.277721881	s2-eth18	248788317	544122
1787880421.277721881	s2-eth19	19036	3339660674
1787880421.277721881	s2-eth2	203010682	310282
1787880421.277721881	s2-eth20	1168406	164529108
1787880421.277721881	s2-eth21	1192558	144778392
1787880421.277721881	s2-eth22	177086	14540462
1787880421.277721881	s2-eth23	454662	1001154866
1787880421.277721881	s2-eth24	5390	68525785
1787880421.277721881	s2-eth25	1129485	83710535
1787880421.277721881	s2-eth26	1062688	141829571
1787880421.277721881	s2-eth27	17977	1026709809
1787880421.277721881	s2-eth28	4195	12349
1787880421.277721881	s2-eth29	430440	31530900
1787880421.277721881	s2-eth3	1287312971	825864
1787880421.277721881	s2-eth30	104951	5328510
1787880421.277721881	s2-eth31	446222	1000023887
1787880421.277721881	s2-eth32	4508	62198487
1787880421.277721881	s2-eth33	265596	15916692
1787880421.277721881	s2-eth34	4491	4032920
1787880421.277721881	s2-eth4	245667229	193484
1787880421.277721881	s2-eth5	299218689	1095842
1787880421.277721881	s2-eth6	323710335	1429327
1787880421.277721881	s2-eth7	1250231411	179102
1787880421.277721881	s2-eth8	261027401	428670
1787880421.277721881	s2-eth9	246132822	208687
1787880421.277721881	s3-eth1	7785979303	7515460625
1787880421.277721881	s3-eth10	4434	11976
1787880421.277721881	s3-eth11	19434	1071771865
1787880421.277721881	s3-eth12	554453	81990021
1787880421.277721881	s3-eth13	282729	17391530
1787880421.277721881	s3-eth14	273019	65759572
1787880421.277721881	s3-eth15	2045581	924514121
1787880421.277721881	s3-eth16	108772	54679536
1787880421.277721881	s3-eth17	1358738	85670816
1787880421.277721881	s3-eth18	4502	47643485
1787880421.277721881	s3-eth19	1295747339	849325
1787880421.277721881	s3-eth2	310352	310282
1787880421.277721881	s3-eth20	246048520	189296
1787880421.277721881	s3-eth21	234975662	12854
1787880421.277721881	s3-eth22	298591159	918503
1787880421.277721881	s3-eth23	1247908320	120174
1787880421.277721881	s3-eth24	267317354	766152
1787880421.277721881	s3-eth25	325237827	1259221
1787880421.277721881	s3-eth26	272460165	540278
1787880421.277721881	s3-eth27	2193229950	26430
1787880421.277721881	s3-eth28	80099719	1013323
1787880421.277721881	s3-eth29	16099788	12179
1787880421.277721881	s3-eth3	4770815	3704826928
1787880421.277721881	s3-eth30	133981219	1729633
1787880421.277721881	s3-eth31	1252421912	801576
1787880421.277721881	s3-eth32	91029911	1146372
1787880421.277721881	s3-eth33	96360759	1203143
1787880421.277721881	s3-eth34	48326706	536578
1787880421.277721881	s3-eth4	439471	80563310
1787880421.277721881	s3-eth5	357325	74227669
1787880421.277721881	s3-eth6	5845	52434766
1787880421.277721881	s3-eth7	1659862	1055283694
1787880421.277721881	s3-eth8	1527261	141613867
1787880421.277721881	s3-eth9	1002096	64474662
1787880421.277721881	s4-eth1	11858102947	25330337
1787880421.277721881	s4-eth10	722360	100035529
1787880421.277721881	s4-eth11	2615433	1423061991
1787880421.277721881	s4-eth12	872928	50856227
1787880421.277721881	s4-eth13	548795	36218138
1787880421.277721881	s4-eth14	4284	4305197
1787880421.277721881	s4-eth15	1753621	1003764527
1787880421.277721881	s4-eth16	1299784	132653555
1787880421.277721881	s4-eth17	1413303	138196992
1787880421.277721881	s4-eth18	536641	80226899
1787880421.277721881	s4-eth19	841859	712580706
1787880421.277721881	s4-eth2	310282	307440
1787880421.277721881	s4-eth20	182128	135586799
1787880421.277721881	s4-eth21	5310	124720654
1787880421.277721881	s4-eth22	911395	187025399
1787880421.277721881	s4-eth23	112447	1189998263
1787880421.277721881	s4-eth24	758981	163865724
1787880421.277721881	s4-eth25	1252163	211055936
1787880421.277721881	s4-eth26	533884	158091116
1787880421.277721881	s4-eth27	18710	1566712525
1787880421.277721881	s4-eth28	1006069	69812710
1787880421.277721881	s4-eth29	4509	6744189
1787880421.277721881	s4-eth3	819628	453505352
1787880421.277721881	s4-eth30	1725045	122255352
1787880421.277721881	s4-eth31	795427	1211524457
1787880421.277721881	s4-eth32	1139250	80177733
1787880421.277721881	s4-eth33	1199997	85798000
1787880421.277721881	s4-eth34	529822	38541871
1787880421.277721881	s4-eth4	185895	69755661
1787880421.277721881	s4-eth5	1092141	121783131
1787880421.277721881	s4-eth6	1421805	146282203
1787880421.277721881	s4-eth7	171582	1127977828
1787880421.277721881	s4-eth8	424314	83585785
1787880421.277721881	s4-eth9	201919	68723859
1787880421.277721881	s5-eth1	17541334146	21100886
1787880421.277721881	s5-eth2	7428861361	7351627193
1787880421.277721881	s5-eth3	28708248	14482440858
1787880421.277721881	s5-eth4	321428	307740
1787880421.277721881	s6-eth1	741009648	310379
1787880421.277721881	s6-eth2	310309	203010709
1787880421.277721881	s6-eth3	310309	356713902
1787880421.277721881	s6-eth4	321553	310309
1787880421.277721881	s7-eth1	7517909168	7791291658
1787880421.277721881	s7-eth2	25330364	11860643778
1787880421.277721881	s7-eth3	13996524351	28709496
1787880421.277721881	s7-eth4	321330	310309
1787880421.277721881	s8-eth1	310309	310379
1787880421.277721881	s8-eth2	307467	310309
1787880421.277721881	s8-eth3	310309	307670
1787880421.277721881	s8-eth4	321428	310309
1787880421.277721881	s9-eth1	14483930444	28708248
1787880421.277721881	s9-eth2	356713902	310309
1787880421.277721881	s9-eth3	28709496	13997764471
1787880421.277721881	s9-eth4	307670	310309
1787880426.144221332	s10-eth1	307740	321428
1787880426.144221332	s10-eth2	310309	321553
1787880426.144221332	s10-eth3	310309	321330
1787880426.144221332	s10-eth4	310309	321428
1787880426.144221332	s1-eth1	21100913	17563624609
1787880426.144221332	s1-eth10	6360	12021
1787880426.144221332	s1-eth11	2195224191	27251
1787880426.144221332	s1-eth12	267136824	561935
1787880426.144221332	s1-eth13	32263310	290320
1787880426.144221332	s1-eth14	251196358	280450
1787880426.144221332	s1-eth15	1157649006	2050534
1787880426.144221332	s1-eth16	240411157	116036
1787880426.144221332	s1-eth17	101797936	1362319
1787880426.144221332	s1-eth18	218880992	12162
1787880426.144221332	s1-eth19	5741574321	26481
1787880426.144221332	s1-eth2	310379	741009648
1787880426.144221332	s1-eth20	325325875	1174140
1787880426.144221332	s1-eth21	309165746	1199943
1787880426.144221332	s1-eth22	26877925	184286
1787880426.144221332	s1-eth23	1232712946	461694
1787880426.144221332	s1-eth24	234972870	12835
1787880426.144221332	s1-eth25	95928949	1134194
1787880426.144221332	s1-eth26	309749321	1069087
1787880426.144221332	s1-eth27	1255631285	25167
1787880426.144221332	s1-eth28	5706	11484
1787880426.144221332	s1-eth29	31921216	437677
1787880426.144221332	s1-eth3	6237241241	4777832
1787880426.144221332	s1-eth30	5486379	112308
1787880426.144221332	s1-eth31	1229756263	452764
1787880426.144221332	s1-eth32	218882390	12008
1787880426.144221332	s1-eth33	16055621	272823
1787880426.144221332	s1-eth34	16099026	12027
1787880426.144221332	s1-eth4	261862565	446050
1787880426.144221332	s1-eth5	256196254	364270
1787880426.144221332	s1-eth6	234974815	13342
1787880426.144221332	s1-eth7	1345965399	1664476
1787880426.144221332	s1-eth8	326685317	1533180
1787880426.144221332	s1-eth9	79895831	1008382
1787880426.144221332	s2-eth1	7364815725	7435005723
1787880426.144221332	s2-eth10	277950919	729792
1787880426.144221332	s2-eth11	2286183823	2616921
1787880426.144221332	s2-eth12	52175267	877537
1787880426.144221332	s2-eth13	48432829	556191
1787880426.144221332	s2-eth14	16099467	12168
1787880426.144221332	s2-eth15	1121406045	1756219
1787880426.144221332	s2-eth16	312772230	1305026
1787880426.144221332	s2-eth17	319194810	1417667
1787880426.144221332	s2-eth18	248788317	544122
1787880426.144221332	s2-eth19	19036	3351509588
1787880426.144221332	s2-eth2	203010709	310309
1787880426.144221332	s2-eth20	1168406	164529108
1787880426.144221332	s2-eth21	1192558	144778392
1787880426.144221332	s2-eth22	177086	14540462
1787880426.144221332	s2-eth23	454662	1004165762
1787880426.144221332	s2-eth24	5390	68525785
1787880426.144221332	s2-eth25	1129485	83710535
1787880426.144221332	s2-eth26	1062688	141829571
1787880426.144221332	s2-eth27	17977	1029719263
1787880426.144221332	s2-eth28	4195	12349
1787880426.144221332	s2-eth29	430440	31530900
1787880426.144221332	s2-eth3	1287925821	825864
1787880426.144221332	s2-eth30	104951	5328510
1787880426.144221332	s2-eth31	446222	1003050645
1787880426.144221332	s2-eth32	4508	62198487
1787880426.144221332	s2-eth33	265596	15916692
1787880426.144221332	s2-eth34	4491	4032920
1787880426.144221332	s2-eth4	245667229	193484
1787880426.144221332	s2-eth5	299218689	1095842
1787880426.144221332	s2-eth6	323710335	1429327
1787880426.144221332	s2-eth7	1253297103	179102
1787880426.144221332	s2-eth8	261027401	428670
1787880426.144221332	s2-eth9	246132822	208687
1787880426.144221332	s3-eth1	7806710964	7525204246
1787880426.144221332	s3-eth10	4434	11976
1787880426.144221332	s3-eth11	19434	1074732291
1787880426.144221332	s3-eth12	554453	81990021
1787880426.144221332	s3-eth13	282729	17391530
1787880426.144221332	s3-eth14	273019	65759572
1787880426.144221332	s3-eth15	2045581	927537995
1787880426.144221332	s3-eth16	108772	54679536
1787880426.144221332	s3-eth17	1358738	85670816
1787880426.144221332	s3-eth18	4502	47643485
1787880426.144221332	s3-eth19	1296360189	849325
1787880426.144221332	s3-eth2	310379	310309
1787880426.144221332	s3-eth20	246048520	189296
1787880426.144221332	s3-eth21	234975662	12854
1787880426.144221332	s3-eth22	298591159	918503
1787880426.144221332	s3-eth23	1250958150	120174
1787880426.144221332	s3-eth24	267317354	766152
1787880426.144221332	s3-eth25	325237827	1259221
1787880426.144221332	s3-eth26	272460165	540278
1787880426.144221332	s3-eth27	2196265360	26430
1787880426.144221332	s3-eth28	80099719	1013323
1787880426.144221332	s3-eth29	16099788	12179
1787880426.144221332	s3-eth3	4770815	3716309574
1787880426.144221332	s3-eth30	133981219	1729633
1787880426.144221332	s3-eth31	1255437134	801576
1787880426.144221332	s3-eth32	91029911	1146372
1787880426.144221332	s3-eth33	96360759	1203143
1787880426.144221332	s3-eth34	48326706	536578
1787880426.144221332	s3-eth4	439471	80563310
1787880426.144221332	s3-eth5	357325	74227669
1787880426.144221332	s3-eth6	5845	52434766
1787880426.144221332	s3-eth7	1659862	1058247004
1787880426.144221332	s3-eth8	1527261	141613867
1787880426.144221332	s3-eth9	1002096	64474662
1787880426.144221332	s4-eth1	11878001946	25339603
1787880426.144221332	s4-eth10	722360	100035529
1787880426.144221332	s4-eth11	2615433	1426101727
1787880426.144221332	s4-eth12	872928	50856227
1787880426.144221332	s4-eth13	558736	36649026
1787880426.144221332	s4-eth14	4284	4305197
1787880426.144221332	s4-eth15	1753621	1006808589
1787880426.144221332	s4-eth16	1299784	132653555
1787880426.144221332	s4-eth17	1413303	138196992
1787880426.144221332	s4-eth18	536641	80226899
1787880426.144221332	s4-eth19	841859	713192114
1787880426.144221332	s4-eth2	310309	307467
1787880426.144221332	s4-eth20	182128	135586799
1787880426.144221332	s4-eth21	5310	124720654
1787880426.144221332	s4-eth22	911395	187025399
1787880426.144221332	s4-eth23	112447	1193062513
1787880426.144221332	s4-eth24	758981	163865724
1787880426.144221332	s4-eth25	1252163	211055936
1787880426.144221332	s4-eth26	533884	158091116
1787880426.144221332	s4-eth27	18710	1569765239
1787880426.144221332	s4-eth28	1006069	69812710
1787880426.144221332	s4-eth29	4509	6744189
1787880426.144221332	s4-eth3	819628	454106666
1787880426.144221332	s4-eth30	1725045	122255352
1787880426.144221332	s4-eth31	795427	1214610337
1787880426.144221332	s4-eth32	1139250	80177733
1787880426.144221332	s4-eth33	1199997	85798000
1787880426.144221332	s4-eth34	529822	38541871
1787880426.144221332	s4-eth4	185895	69755661
1787880426.144221332	s4-eth5	1092141	121783131
1787880426.144221332	s4-eth6	1421805	146282203
1787880426.144221332	s4-eth7	171582	1131003144
1787880426.144221332	s4-eth8	424314	83585785
1787880426.144221332	s4-eth9	201919	68723859
1787880426.144221332	s5-eth1	17584993951	21126741
1787880426.144221332	s5-eth2	7439470177	7373531234
1787880426.144221332	s5-eth3	28726259	14513466922
1787880426.144221332	s5-eth4	321428	307740
1787880426.144221332	s6-eth1	741009648	310379
1787880426.144221332	s6-eth2	310309	203010709
1787880426.144221332	s6-eth3	310309	356713902
1787880426.144221332	s6-eth4	321553	310309
1787880426.144221332	s7-eth1	7527664298	7811567620
1787880426.144221332	s7-eth2	25348573	11880808266
1787880426.144221332	s7-eth3	14027441327	28727969
1787880426.144221332	s7-eth4	321330	310309
1787880426.144221332	s8-eth1	310309	310379
1787880426.144221332	s8-eth2	307467	310309
1787880426.144221332	s8-eth3	310309	307670
1787880426.144221332	s8-eth4	321428	310309
1787880426.144221332	s9-eth1	14514946192	28727645
1787880426.144221332	s9-eth2	356713902	310309
1787880426.144221332	s9-eth3	28729091	14028355189
1787880426.144221332	s9-eth4	307670	310309
1787880430.800175697	s10-eth1	307767	321456
1787880430.800175697	s10-eth2	310336	321581
1787880430.800175697	s10-eth3	310336	321358
1787880430.800175697	s10-eth4	310336	321456
1787880430.800175697	s1-eth1	21189471	17612006182
1787880430.800175697	s1-eth10	6360	12021
1787880430.800175697	s1-eth11	2198258159	27251
1787880430.800175697	s1-eth12	267136824	561935
1787880430.800175697	s1-eth13	32263310	290320
1787880430.800175697	s1-eth14	251196358	280450
1787880430.800175697	s1-eth15	1160724792	2050534
1787880430.800175697	s1-eth16	240411157	116036
1787880430.800175697	s1-eth17	101797936	1362319
1787880430.800175697	s1-eth18	218880992	12162
1787880430.800175697	s1-eth19	5753907747	26481
1787880430.800175697	s1-eth2	310406	741009675
1787880430.800175697	s1-eth20	325325875	1174140
1787880430.800175697	s1-eth21	309165746	1199943
1787880430.800175697	s1-eth22	26877925	184286
1787880430.800175697	s1-eth23	1235757008	461694
1787880430.800175697	s1-eth24	234972870	12835
1787880430.800175697	s1-eth25	95928949	1134194
1787880430.800175697	s1-eth26	309749321	1069087
1787880430.800175697	s1-eth27	1258632087	25167
1787880430.800175697	s1-eth28	5706	11484
1787880430.800175697	s1-eth29	31921216	437677
1787880430.800175697	s1-eth3	6249209841	4777832
1787880430.800175697	s1-eth30	5486379	112308
1787880430.800175697	s1-eth31	1232746971	452764
1787880430.800175697	s1-eth32	218882390	12008
1787880430.800175697	s1-eth33	22476409	361354
1787880430.800175697	s1-eth34	16099026	12027
1787880430.800175697	s1-eth4	261862565	446050
1787880430.800175697	s1-eth5	256196254	364270
1787880430.800175697	s1-eth6	234974815	13342
1787880430.800175697	s1-eth7	1348999367	1664476
1787880430.800175697	s1-eth8	326685317	1533180
1787880430.800175697	s1-eth9	79895831	1008382
1787880430.800175697	s2-eth1	7391900682	7447911985
1787880430.800175697	s2-eth10	277950919	729792
1787880430.800175697	s2-eth11	2289243747	2616921
1787880430.800175697	s2-eth12	52175267	877537
1787880430.800175697	s2-eth13	51485309	609129
1787880430.800175697	s2-eth14	16099467	12168
1787880430.800175697	s2-eth15	1124471737	1756219
1787880430.800175697	s2-eth16	312772230	1305026
1787880430.800175697	s2-eth17	319194810	1417667
1787880430.800175697	s2-eth18	248788317	544122
1787880430.800175697	s2-eth19	19036	3363061450
1787880430.800175697	s2-eth2	203010736	310336
1787880430.800175697	s2-eth20	1168406	164529108
1787880430.800175697	s2-eth21	1192558	144778392
1787880430.800175697	s2-eth22	177086	14540462
1787880430.800175697	s2-eth23	454662	1007074276
1787880430.800175697	s2-eth24	5390	68525785
1787880430.800175697	s2-eth25	1129485	83710535
1787880430.800175697	s2-eth26	1062688	141829571
1787880430.800175697	s2-eth27	17977	1032620567
1787880430.800175697	s2-eth28	4195	12349
1787880430.800175697	s2-eth29	430440	31530900
1787880430.800175697	s2-eth3	1288527135	825864
1787880430.800175697	s2-eth30	104951	5328510
1787880430.800175697	s2-eth31	446222	1005954833
1787880430.800175697	s2-eth32	4508	62198487
1787880430.800175697	s2-eth33	354127	22149678
1787880430.800175697	s2-eth34	4491	4032920
1787880430.800175697	s2-eth4	245667229	193484
1787880430.800175697	s2-eth5	299218689	1095842
1787880430.800175697	s2-eth6	323710335	1429327
1787880430.800175697	s2-eth7	1256335397	179102
1787880430.800175697	s2-eth8	261027401	428670
1787880430.800175697	s2-eth9	246132822	208687
1787880430.800175697	s3-eth1	7826973975	7535034387
1787880430.800175697	s3-eth10	4434	11976
1787880430.800175697	s3-eth11	19434	1077708579
1787880430.800175697	s3-eth12	554453	81990021
1787880430.800175697	s3-eth13	282729	17391530
1787880430.800175697	s3-eth14	273019	65759572
1787880430.800175697	s3-eth15	2045581	930436415
1787880430.800175697	s3-eth16	108772	54679536
1787880430.800175697	s3-eth17	1358738	85670816
1787880430.800175697	s3-eth18	4502	47643485
1787880430.800175697	s3-eth19	1296964387	849325
1787880430.800175697	s3-eth2	310406	310336
1787880430.800175697	s3-eth20	246048520	189296
1787880430.800175697	s3-eth21	234975662	12854
1787880430.800175697	s3-eth22	298591159	918503
1787880430.800175697	s3-eth23	1253964720	120174
1787880430.800175697	s3-eth24	267317354	766152
1787880430.800175697	s3-eth25	325237827	1259221
1787880430.800175697	s3-eth26	272460165	540278
1787880430.800175697	s3-eth27	2199307980	26430
1787880430.800175697	s3-eth28	80099719	1013323
1787880430.800175697	s3-eth29	16099788	12179
1787880430.800175697	s3-eth3	4770815	3727857110
1787880430.800175697	s3-eth30	133981219	1729633
1787880430.800175697	s3-eth31	1258499942	801576
1787880430.800175697	s3-eth32	91029911	1146372
1787880430.800175697	s3-eth33	96360759	1203143
1787880430.800175697	s3-eth34	48326706	536578
1787880430.800175697	s3-eth4	439471	80563310
1787880430.800175697	s3-eth5	357325	74227669
1787880430.800175697	s3-eth6	5845	52434766
1787880430.800175697	s3-eth7	1659862	1061159844
1787880430.800175697	s3-eth8	1527261	141613867
1787880430.800175697	s3-eth9	1002096	64474662
1787880430.800175697	s4-eth1	11899936759	25391185
1787880430.800175697	s4-eth10	722360	100035529
1787880430.800175697	s4-eth11	2615433	1429096761
1787880430.800175697	s4-eth12	872928	50856227
1787880430.800175697	s4-eth13	602639	39191890
1787880430.800175697	s4-eth14	4284	4305197
1787880430.800175697	s4-eth15	1753621	1009818043
1787880430.800175697	s4-eth16	1299784	132653555
1787880430.800175697	s4-eth17	1413303	138196992
1787880430.800175697	s4-eth18	536641	80226899
1787880430.800175697	s4-eth19	841859	713810732
1787880430.800175697	s4-eth2	310336	307494
1787880430.800175697	s4-eth20	182128	135586799
1787880430.800175697	s4-eth21	5310	124720654
1787880430.800175697	s4-eth22	911395	187025399
1787880430.800175697	s4-eth23	112447	1196181559
1787880430.800175697	s4-eth24	758981	163865724
1787880430.800175697	s4-eth25	1252163	211055936
1787880430.800175697	s4-eth26	533884	158091116
1787880430.800175697	s4-eth27	18710	1572911683
1787880430.800175697	s4-eth28	1006069	69812710
1787880430.800175697	s4-eth29	31925	8203679
1787880430.800175697	s4-eth3	819628	454729610
1787880430.800175697	s4-eth30	1725045	122255352
1787880430.800175697	s4-eth31	795427	1217766875
1787880430.800175697	s4-eth32	1139250	80177733
1787880430.800175697	s4-eth33	1199997	85798000
1787880430.800175697	s4-eth34	529822	38541871
1787880430.800175697	s4-eth4	185895	69755661
1787880430.800175697	s4-eth5	1092141	121783131
1787880430.800175697	s4-eth6	1421805	146282203
1787880430.800175697	s4-eth7	171582	1134139494
1787880430.800175697	s4-eth8	424314	83585785
1787880430.800175697	s4-eth9	201919	68723859
1787880430.800175697	s5-eth1	17635713662	21206143
1787880430.800175697	s5-eth2	7451998613	7400820894
1787880430.800175697	s5-eth3	28780177	14548905515
1787880430.800175697	s5-eth4	321456	307767
1787880430.800175697	s6-eth1	741009675	310406
1787880430.800175697	s6-eth2	310336	203010736
1787880430.800175697	s6-eth3	310336	356713929
1787880430.800175697	s6-eth4	321581	310336
1787880430.800175697	s7-eth1	7540678977	7834381375
1787880430.800175697	s7-eth2	25424953	11906164461
1787880430.800175697	s7-eth3	14062956912	28786369
1787880430.800175697	s7-eth4	321358	310336
1787880430.800175697	s8-eth1	310336	310406
1787880430.800175697	s8-eth2	307494	310336
1787880430.800175697	s8-eth3	310336	307697
1787880430.800175697	s8-eth4	321456	310336
1787880430.800175697	s9-eth1	14550250957	28785319
1787880430.800175697	s9-eth2	356713929	310336
1787880430.800175697	s9-eth3	28786831	14063279846
1787880430.800175697	s9-eth4	307697	310336
1787880435.740202576	s10-eth1	307794	321484
1787880435.740202576	s10-eth2	310363	321609
1787880435.740202576	s10-eth3	310363	321386
1787880435.740202576	s10-eth4	310363	321484
1787880435.740202576	s1-eth1	21245984	17659162085
1787880435.740202576	s1-eth10	6360	12021
1787880435.740202576	s1-eth11	2201371437	27251
1787880435.740202576	s1-eth12	267136824	561935
1787880435.740202576	s1-eth13	32263310	290320
1787880435.740202576	s1-eth14	251196358	280450
1787880435.740202576	s1-eth15	1163806346	2050534
1787880435.740202576	s1-eth16	240411157	116036
1787880435.740202576	s1-eth17	101797936	1362319
1787880435.740202576	s1-eth18	218880992	12162
1787880435.740202576	s1-eth19	5766089763	26481
1787880435.740202576	s1-eth2	310433	741009702
1787880435.740202576	s1-eth20	325325875	1174140
1787880435.740202576	s1-eth21	309165746	1199943
1787880435.740202576	s1-eth22	26877925	184286
1787880435.740202576	s1-eth23	1238825584	461694
1787880435.740202576	s1-eth24	234972870	12835
1787880435.740202576	s1-eth25	95928949	1134194
1787880435.740202576	s1-eth26	309749321	1069087
1787880435.740202576	s1-eth27	1261719409	25167
1787880435.740202576	s1-eth28	5706	11484
1787880435.740202576	s1-eth29	31921216	437677
1787880435.740202576	s1-eth3	6261562013	4777832
1787880435.740202576	s1-eth30	5486379	112308
1787880435.740202576	s1-eth31	1235829967	452764
1787880435.740202576	s1-eth32	218882390	12008
1787880435.740202576	s1-eth33	22476409	361354
1787880435.740202576	s1-eth34	16099026	12027
1787880435.740202576	s1-eth4	261862565	446050
1787880435.740202576	s1-eth5	256196254	364270
1787880435.740202576	s1-eth6	238308093	70620
1787880435.740202576	s1-eth7	1352037661	1664476
1787880435.740202576	s1-eth8	326685317	1533180
1787880435.740202576	s1-eth9	79895831	1008382
1787880435.740202576	s2-eth1	7412762123	7457608020
1787880435.740202576	s2-eth10	277950919	729792
1787880435.740202576	s2-eth11	2292258969	2616921
1787880435.740202576	s2-eth12	52175267	877537
1787880435.740202576	s2-eth13	51485309	609129
1787880435.740202576	s2-eth14	16099467	12168
1787880435.740202576	s2-eth15	1127484075	1756219
1787880435.740202576	s2-eth16	312772230	1305026
1787880435.740202576	s2-eth17	319194810	1417667
1787880435.740202576	s2-eth18	248788317	544122
1787880435.740202576	s2-eth19	19036	3374797888
1787880435.740202576	s2-eth2	203010763	310363
1787880435.740202576	s2-eth20	1168406	164529108
1787880435.740202576	s2-eth21	1192558	144778392
1787880435.740202576	s2-eth22	177086	14540462
1787880435.740202576	s2-eth23	454662	1010008746
1787880435.740202576	s2-eth24	5390	68525785
1787880435.740202576	s2-eth25	1129485	83710535
1787880435.740202576	s2-eth26	1062688	141829571
1787880435.740202576	s2-eth27	17977	1035534849
1787880435.740202576	s2-eth28	4195	12349
1787880435.740202576	s2-eth29	430440	31530900
1787880435.740202576	s2-eth3	1289122681	825864
1787880435.740202576	s2-eth30	104951	5328510
1787880435.740202576	s2-eth31	446222	1008834507
1787880435.740202576	s2-eth32	4508	62198487
1787880435.740202576	s2-eth33	354127	22149678
1787880435.740202576	s2-eth34	4491	4032920
1787880435.740202576	s2-eth4	245667229	193484
1787880435.740202576	s2-eth5	299218689	1095842
1787880435.740202576	s2-eth6	323710335	1429327
1787880435.740202576	s2-eth7	1259242469	179102
1787880435.740202576	s2-eth8	261027401	428670
1787880435.740202576	s2-eth9	246132822	208687
1787880435.740202576	s3-eth1	7849697033	7549656039
1787880435.740202576	s3-eth10	4434	11976
1787880435.740202576	s3-eth11	19434	1080436843
1787880435.740202576	s3-eth12	554453	81990021
1787880435.740202576	s3-eth13	282729	17391530
1787880435.740202576	s3-eth14	273019	65759572
1787880435.740202576	s3-eth15	2045581	933233895
1787880435.740202576	s3-eth16	108772	54679536
1787880435.740202576	s3-eth17	1358738	85670816
1787880435.740202576	s3-eth18	4502	47643485
1787880435.740202576	s3-eth19	1297546955	849325
1787880435.740202576	s3-eth2	310433	310363
1787880435.740202576	s3-eth20	246048520	189296
1787880435.740202576	s3-eth21	234975662	12854
1787880435.740202576	s3-eth22	298591159	918503
1787880435.740202576	s3-eth23	1256861698	120174
1787880435.740202576	s3-eth24	267317354	766152
1787880435.740202576	s3-eth25	325237827	1259221
1787880435.740202576	s3-eth26	272460165	540278
1787880435.740202576	s3-eth27	2202176118	26430
1787880435.740202576	s3-eth28	80099719	1013323
1787880435.740202576	s3-eth29	21417591	86914
1787880435.740202576	s3-eth3	4770815	3738493302
1787880435.740202576	s3-eth30	133981219	1729633
1787880435.740202576	s3-eth31	1261313284	801576
1787880435.740202576	s3-eth32	91029911	1146372
1787880435.740202576	s3-eth33	96360759	1203143
1787880435.740202576	s3-eth34	48326706	536578
1787880435.740202576	s3-eth4	439471	80563310
1787880435.740202576	s3-eth5	357325	74227669
1787880435.740202576	s3-eth6	67027	55793129
1787880435.740202576	s3-eth7	1659862	1063839080
1787880435.740202576	s3-eth8	1527261	141613867
1787880435.740202576	s3-eth9	1002096	64474662
1787880435.740202576	s4-eth1	11922978703	25459723
1787880435.740202576	s4-eth10	722360	100035529
1787880435.740202576	s4-eth11	2615433	1431861075
1787880435.740202576	s4-eth12	872928	50856227
1787880435.740202576	s4-eth13	602639	39191890
1787880435.740202576	s4-eth14	4284	4305197
1787880435.740202576	s4-eth15	1753621	1012533329
1787880435.740202576	s4-eth16	1299784	132653555
1787880435.740202576	s4-eth17	1413303	138196992
1787880435.740202576	s4-eth18	536641	80226899
1787880435.740202576	s4-eth19	841859	714365902
1787880435.740202576	s4-eth2	310363	307521
1787880435.740202576	s4-eth20	182128	135586799
1787880435.740202576	s4-eth21	5310	124720654
1787880435.740202576	s4-eth22	911395	187025399
1787880435.740202576	s4-eth23	112447	1198930011
1787880435.740202576	s4-eth24	758981	163865724
1787880435.740202576	s4-eth25	1252163	211055936
1787880435.740202576	s4-eth26	533884	158091116
1787880435.740202576	s4-eth27	18710	1575638505
1787880435.740202576	s4-eth28	1006069	69812710
1787880435.740202576	s4-eth29	79970	12030526
1787880435.740202576	s4-eth3	819628	455268918
1787880435.740202576	s4-eth30	1725045	122255352
1787880435.740202576	s4-eth31	795427	1220476393
1787880435.740202576	s4-eth32	1139250	80177733
1787880435.740202576	s4-eth33	1199997	85798000
1787880435.740202576	s4-eth34	529822	38541871
1787880435.740202576	s4-eth4	185895	69755661
1787880435.740202576	s4-eth5	1092141	121783131
1787880435.740202576	s4-eth6	1421805	146282203
1787880435.740202576	s4-eth7	171582	1136776912
1787880435.740202576	s4-eth8	424314	83585785
1787880435.740202576	s4-eth9	201919	68723859
1787880435.740202576	s5-eth1	17676073803	21250548
1787880435.740202576	s5-eth2	7460572772	7419076641
1787880435.740202576	s5-eth3	28823196	14578447928
1787880435.740202576	s5-eth4	321484	307794
1787880435.740202576	s6-eth1	741009702	310433
1787880435.740202576	s6-eth2	310363	203010763
1787880435.740202576	s6-eth3	310363	356713956
1787880435.740202576	s6-eth4	321609	310363
1787880435.740202576	s7-eth1	7551960903	7854850300
1787880435.740202576	s7-eth2	25459723	11925842515
1787880435.740202576	s7-eth3	14092099041	28824444
1787880435.740202576	s7-eth4	321386	310363
1787880435.740202576	s8-eth1	310363	310433
1787880435.740202576	s8-eth2	307521	310363
1787880435.740202576	s8-eth3	310363	307724
1787880435.740202576	s8-eth4	321484	310363
1787880435.740202576	s9-eth1	14580254754	28823196
1787880435.740202576	s9-eth2	356713956	310363
1787880435.740202576	s9-eth3	28824444	14093251199
1787880435.740202576	s9-eth4	307724	310363
1787880440.070002478	s10-eth1	307821	321512
1787880440.070002478	s10-eth2	310390	321637
1787880440.070002478	s10-eth3	310390	321414
1787880440.070002478	s10-eth4	310390	321512
1787880440.070002478	s1-eth1	21376945	17706894769
1787880440.070002478	s1-eth10	6360	12021
1787880440.070002478	s1-eth11	2204207851	27251
1787880440.070002478	s1-eth12	267136824	561935
1787880440.070002478	s1-eth13	32263310	290320
1787880440.070002478	s1-eth14	251196358	280450
1787880440.070002478	s1-eth15	1166649970	2050534
1787880440.070002478	s1-eth16	240411157	116036
1787880440.070002478	s1-eth17	101797936	1362319
1787880440.070002478	s1-eth18	218880992	12162
1787880440.070002478	s1-eth19	5777495983	26481
1787880440.070002478	s1-eth2	310460	741009729
1787880440.070002478	s1-eth20	325325875	1174140
1787880440.070002478	s1-eth21	315038834	1284853
1787880440.070002478	s1-eth22	26877925	184286
1787880440.070002478	s1-eth23	1241657672	461694
1787880440.070002478	s1-eth24	234972870	12835
1787880440.070002478	s1-eth25	95928949	1134194
1787880440.070002478	s1-eth26	309749321	1069087
1787880440.070002478	s1-eth27	1264567359	25167
1787880440.070002478	s1-eth28	5706	11484
1787880440.070002478	s1-eth29	31921216	437677
1787880440.070002478	s1-eth3	6273015819	4777832
1787880440.070002478	s1-eth30	5486379	112308
1787880440.070002478	s1-eth31	1238708199	452764
1787880440.070002478	s1-eth32	218882390	12008
1787880440.070002478	s1-eth33	22476409	361354
1787880440.070002478	s1-eth34	18714427	58709
1787880440.070002478	s1-eth4	261862565	446050
1787880440.070002478	s1-eth5	256196254	364270
1787880440.070002478	s1-eth6	238498597	74392
1787880440.070002478	s1-eth7	1354956269	1664476
1787880440.070002478	s1-eth8	326685317	1533180
1787880440.070002478	s1-eth9	79895831	1008382
1787880440.070002478	s2-eth1	7441439013	7467116929
1787880440.070002478	s2-eth10	277950919	729792
1787880440.070002478	s2-eth11	2295199207	2616921
1787880440.070002478	s2-eth12	52175267	877537
1787880440.070002478	s2-eth13	51485309	609129
1787880440.070002478	s2-eth14	16099467	12168
1787880440.070002478	s2-eth15	1130419987	1756219
1787880440.070002478	s2-eth16	312772230	1305026
1787880440.070002478	s2-eth17	319194810	1417667
1787880440.070002478	s2-eth18	248788317	544122
1787880440.070002478	s2-eth19	19036	3386270440
1787880440.070002478	s2-eth2	203010790	310390
1787880440.070002478	s2-eth20	1168406	164529108
1787880440.070002478	s2-eth21	1293762	151190638
1787880440.070002478	s2-eth22	177086	14540462
1787880440.070002478	s2-eth23	454662	1012878326
1787880440.070002478	s2-eth24	5390	68525785
1787880440.070002478	s2-eth25	1129485	83710535
1787880440.070002478	s2-eth26	1062688	141829571
1787880440.070002478	s2-eth27	17977	1038415965
1787880440.070002478	s2-eth28	4195	12349
1787880440.070002478	s2-eth29	430440	31530900
1787880440.070002478	s2-eth3	1289712459	825864
1787880440.070002478	s2-eth30	104951	5328510
1787880440.070002478	s2-eth31	446222	1011741579
1787880440.070002478	s2-eth32	4508	62198487
1787880440.070002478	s2-eth33	354127	22149678
1787880440.070002478	s2-eth34	51173	6480595
1787880440.070002478	s2-eth4	245667229	193484
1787880440.070002478	s2-eth5	299218689	1095842
1787880440.070002478	s2-eth6	323710335	1429327
1787880440.070002478	s2-eth7	1262220199	179102
1787880440.070002478	s2-eth8	261027401	428670
1787880440.070002478	s2-eth9	246132822	208687
1787880440.070002478	s3-eth1	7869943741	7559209864
1787880440.070002478	s3-eth10	4434	11976
1787880440.070002478	s3-eth11	19434	1083333821
1787880440.070002478	s3-eth12	554453	81990021
1787880440.070002478	s3-eth13	282729	17391530
1787880440.070002478	s3-eth14	273019	65759572
1787880440.070002478	s3-eth15	2045581	936112127
1787880440.070002478	s3-eth16	108772	54679536
1787880440.070002478	s3-eth17	1358738	85670816
1787880440.070002478	s3-eth18	4502	47643485
1787880440.070002478	s3-eth19	1298143943	849325
1787880440.070002478	s3-eth2	310460	310390
1787880440.070002478	s3-eth20	246048520	189296
1787880440.070002478	s3-eth21	234975662	12854
1787880440.070002478	s3-eth22	298591159	918503
1787880440.070002478	s3-eth23	1259878362	120174
1787880440.070002478	s3-eth24	267317354	766152
1787880440.070002478	s3-eth25	325237827	1259221
1787880440.070002478	s3-eth26	272460165	540278
1787880440.070002478	s3-eth27	2205212970	26430
1787880440.070002478	s3-eth28	80099719	1013323
1787880440.070002478	s3-eth29	21417591	86914
1787880440.070002478	s3-eth3	4770815	3750277326
1787880440.070002478	s3-eth30	133981219	1729633
1787880440.070002478	s3-eth31	1264387628	801576
1787880440.070002478	s3-eth32	91029911	1146372
1787880440.070002478	s3-eth33	96360759	1203143
1787880440.070002478	s3-eth34	48326706	536578
1787880440.070002478	s3-eth4	439471	80563310
1787880440.070002478	s3-eth5	357325	74227669
1787880440.070002478	s3-eth6	67027	55793129
1787880440.070002478	s3-eth7	1659862	1066818252
1787880440.070002478	s3-eth8	1527261	141613867
1787880440.070002478	s3-eth9	1002096	64474662
1787880440.070002478	s4-eth1	11942529366	25459750
1787880440.070002478	s4-eth10	722360	100035529
1787880440.070002478	s4-eth11	2615433	1434863319
1787880440.070002478	s4-eth12	872928	50856227
1787880440.070002478	s4-eth13	602639	39191890
1787880440.070002478	s4-eth14	4284	4305197
1787880440.070002478	s4-eth15	1753621	1015575949
1787880440.070002478	s4-eth16	1299784	132653555
1787880440.070002478	s4-eth17	1413303	138196992
1787880440.070002478	s4-eth18	536641	80226899
1787880440.070002478	s4-eth19	841859	714977310
1787880440.070002478	s4-eth2	310390	307548
1787880440.070002478	s4-eth20	182128	135586799
1787880440.070002478	s4-eth21	5310	124720654
1787880440.070002478	s4-eth22	911395	187025399
1787880440.070002478	s4-eth23	112447	1201982725
1787880440.070002478	s4-eth24	758981	163865724
1787880440.070002478	s4-eth25	1252163	211055936
1787880440.070002478	s4-eth26	533884	158091116
1787880440.070002478	s4-eth27	18710	1578694103
1787880440.070002478	s4-eth28	1006069	69812710
1787880440.070002478	s4-eth29	79970	12030526
1787880440.070002478	s4-eth3	819628	455863022
1787880440.070002478	s4-eth30	1725045	122255352
1787880440.070002478	s4-eth31	795427	1223520455
1787880440.070002478	s4-eth32	1139250	80177733
1787880440.070002478	s4-eth33	1199997	85798000
1787880440.070002478	s4-eth34	529822	38541871
1787880440.070002478	s4-eth4	185895	69755661
1787880440.070002478	s4-eth5	1092141	121783131
1787880440.070002478	s4-eth6	1421805	146282203
1787880440.070002478	s4-eth7	171582	1139748874
1787880440.070002478	s4-eth8	424314	83585785
1787880440.070002478	s4-eth9	201919	68723859
1787880440.070002478	s5-eth1	17729427750	21443831
1787880440.070002478	s5-eth2	7470391405	7450845884
1787880440.070002478	s5-eth3	28823223	14608686695
1787880440.070002478	s5-eth4	321512	307821
1787880440.070002478	s6-eth1	741009729	310460
1787880440.070002478	s6-eth2	310390	203010790
1787880440.070002478	s6-eth3	310390	356713983
1787880440.070002478	s6-eth4	321637	310390
1787880440.070002478	s7-eth1	7561530042	7874993625
1787880440.070002478	s7-eth2	25459750	11944797632
1787880440.070002478	s7-eth3	14121792732	28824471
1787880440.070002478	s7-eth4	321414	310390
1787880440.070002478	s8-eth1	310390	310460
1787880440.070002478	s8-eth2	307548	310390
1787880440.070002478	s8-eth3	310390	307751
1787880440.070002478	s8-eth4	321512	310390
1787880440.070002478	s9-eth1	14610124369	28823223
1787880440.070002478	s9-eth2	356713983	310390
1787880440.070002478	s9-eth3	28824471	14122722822
1787880440.070002478	s9-eth4	307751	310390
1787880444.664067998	s10-eth1	307848	321540
1787880444.664067998	s10-eth2	310417	321665
1787880444.664067998	s10-eth3	310417	321442
1787880444.664067998	s10-eth4	310417	321540
1787880444.664067998	s1-eth1	21494232	17754018901
1787880444.664067998	s1-eth10	6360	12021
1787880444.664067998	s1-eth11	2207176929	27251
1787880444.664067998	s1-eth12	267136824	561935
1787880444.664067998	s1-eth13	32263310	290320
1787880444.664067998	s1-eth14	252491954	309126
1787880444.664067998	s1-eth15	1169653656	2050534
1787880444.664067998	s1-eth16	241790071	142530
1787880444.664067998	s1-eth17	101797936	1362319
1787880444.664067998	s1-eth18	218880992	12162
1787880444.664067998	s1-eth19	5789620319	26481
1787880444.664067998	s1-eth2	310487	741009756
1787880444.664067998	s1-eth20	325325875	1174140
1787880444.664067998	s1-eth21	317937491	1346253
1787880444.664067998	s1-eth22	26877925	184286
1787880444.664067998	s1-eth23	1244706060	461694
1787880444.664067998	s1-eth24	234972870	12835
1787880444.664067998	s1-eth25	95928949	1134194
1787880444.664067998	s1-eth26	309749321	1069087
1787880444.664067998	s1-eth27	1267609979	25167
1787880444.664067998	s1-eth28	5706	11484
1787880444.664067998	s1-eth29	31921216	437677
1787880444.664067998	s1-eth3	6285194951	4777832
1787880444.664067998	s1-eth30	5486379	112308
1787880444.664067998	s1-eth31	1241760913	452764
1787880444.664067998	s1-eth32	218882390	12008
1787880444.664067998	s1-eth33	22476409	361354
1787880444.664067998	s1-eth34	18714427	58709
1787880444.664067998	s1-eth4	261862565	446050
1787880444.664067998	s1-eth5	256196254	364270
1787880444.664067998	s1-eth6	238498597	74392
1787880444.664067998	s1-eth7	1358026287	1664476
1787880444.664067998	s1-eth8	326685317	1533180
1787880444.664067998	s1-eth9	79895831	1008382
1787880444.664067998	s2-eth1	7464719393	7476923692
1787880444.664067998	s2-eth10	277950919	729792
1787880444.664067998	s2-eth11	2298256247	2616921
1787880444.664067998	s2-eth12	52175267	877537
1787880444.664067998	s2-eth13	51485309	609129
1787880444.664067998	s2-eth14	16099467	12168
1787880444.664067998	s2-eth15	1133472701	1756219
1787880444.664067998	s2-eth16	312772230	1305026
1787880444.664067998	s2-eth17	319194810	1417667
1787880444.664067998	s2-eth18	248788317	544122
1787880444.664067998	s2-eth19	19036	3398096282
1787880444.664067998	s2-eth2	203010817	310417
1787880444.664067998	s2-eth20	1168406	164529108
1787880444.664067998	s2-eth21	1339132	153182409
1787880444.664067998	s2-eth22	177086	14540462
1787880444.664067998	s2-eth23	454662	1015886338
1787880444.664067998	s2-eth24	5390	68525785
1787880444.664067998	s2-eth25	1129485	83710535
1787880444.664067998	s2-eth26	1062688	141829571
1787880444.664067998	s2-eth27	17977	1041468679
1787880444.664067998	s2-eth28	4195	12349
1787880444.664067998	s2-eth29	430440	31530900
1787880444.664067998	s2-eth3	1290335403	825864
1787880444.664067998	s2-eth30	104951	5328510
1787880444.664067998	s2-eth31	446222	1014755359
1787880444.664067998	s2-eth32	4508	62198487
1787880444.664067998	s2-eth33	354127	22149678
1787880444.664067998	s2-eth34	51173	6480595
1787880444.664067998	s2-eth4	245667229	193484
1787880444.664067998	s2-eth5	299218689	1095842
1787880444.664067998	s2-eth6	323710335	1429327
1787880444.664067998	s2-eth7	1265274355	179102
1787880444.664067998	s2-eth8	261027401	428670
1787880444.664067998	s2-eth9	246132822	208687
1787880444.664067998	s3-eth1	7894151670	7568943985
1787880444.664067998	s3-eth10	4434	11976
1787880444.664067998	s3-eth11	19434	1086248103
1787880444.664067998	s3-eth12	554453	81990021
1787880444.664067998	s3-eth13	282729	17391530
1787880444.664067998	s3-eth14	309275	67346712
1787880444.664067998	s3-eth15	2045581	938974497
1787880444.664067998	s3-eth16	149932	56813660
1787880444.664067998	s3-eth17	1358738	85670816
1787880444.664067998	s3-eth18	4502	47643485
1787880444.664067998	s3-eth19	1298732279	849325
1787880444.664067998	s3-eth2	310487	310417
1787880444.664067998	s3-eth20	246048520	189296
1787880444.664067998	s3-eth21	234975662	12854
1787880444.664067998	s3-eth22	298591159	918503
1787880444.664067998	s3-eth23	1262765246	120174
1787880444.664067998	s3-eth24	267317354	766152
1787880444.664067998	s3-eth25	325237827	1259221
1787880444.664067998	s3-eth26	272460165	540278
1787880444.664067998	s3-eth27	2208059478	26430
1787880444.664067998	s3-eth28	80099719	1013323
1787880444.664067998	s3-eth29	21417591	86914
1787880444.664067998	s3-eth3	4770815	3761033204
1787880444.664067998	s3-eth30	133981219	1729633
1787880444.664067998	s3-eth31	1267189434	801576
1787880444.664067998	s3-eth32	91029911	1146372
1787880444.664067998	s3-eth33	96360759	1203143
1787880444.664067998	s3-eth34	48326706	536578
1787880444.664067998	s3-eth4	439471	80563310
1787880444.664067998	s3-eth5	357325	74227669
1787880444.664067998	s3-eth6	67027	55793129
1787880444.664067998	s3-eth7	1659862	1069494604
1787880444.664067998	s3-eth8	1527261	141613867
1787880444.664067998	s3-eth9	1002096	64474662
1787880444.664067998	s4-eth1	11960195335	25459777
1787880444.664067998	s4-eth10	722360	100035529
1787880444.664067998	s4-eth11	2615433	1437611771
1787880444.664067998	s4-eth12	872928	50856227
1787880444.664067998	s4-eth13	602639	39191890
1787880444.664067998	s4-eth14	4284	4305197
1787880444.664067998	s4-eth15	1753621	1018324401
1787880444.664067998	s4-eth16	1299784	132653555
1787880444.664067998	s4-eth17	1413303	138196992
1787880444.664067998	s4-eth18	536641	80226899
1787880444.664067998	s4-eth19	841859	715533922
1787880444.664067998	s4-eth2	310417	307575
1787880444.664067998	s4-eth20	182128	135586799
1787880444.664067998	s4-eth21	5310	124720654
1787880444.664067998	s4-eth22	911395	187025399
1787880444.664067998	s4-eth23	112447	1204774437
1787880444.664067998	s4-eth24	758981	163865724
1787880444.664067998	s4-eth25	1252163	211055936
1787880444.664067998	s4-eth26	533884	158091116
1787880444.664067998	s4-eth27	18710	1581491583
1787880444.664067998	s4-eth28	1006069	69812710
1787880444.664067998	s4-eth29	79970	12030526
1787880444.664067998	s4-eth3	819628	456410982
1787880444.664067998	s4-eth30	1725045	122255352
1787880444.664067998	s4-eth31	795427	1226304957
1787880444.664067998	s4-eth32	1139250	80177733
1787880444.664067998	s4-eth33	1199997	85798000
1787880444.664067998	s4-eth34	529822	38541871
1787880444.664067998	s4-eth4	185895	69755661
1787880444.664067998	s4-eth5	1092141	121783131
1787880444.664067998	s4-eth6	1421805	146282203
1787880444.664067998	s4-eth7	171582	1142530492
1787880444.664067998	s4-eth8	424314	83585785
1787880444.664067998	s4-eth9	201919	68723859
1787880444.664067998	s5-eth1	17773966865	21531870
1787880444.664067998	s5-eth2	7479497662	7470285513
1787880444.664067998	s5-eth3	28911724	14641819380
1787880444.664067998	s5-eth4	321540	307848
1787880444.664067998	s6-eth1	741009756	310487
1787880444.664067998	s6-eth2	310417	203010817
1787880444.664067998	s6-eth3	310417	356714010
1787880444.664067998	s6-eth4	321665	310417
1787880444.664067998	s7-eth1	7570775847	7898887860
1787880444.664067998	s7-eth2	25459777	11962952439
1787880444.664067998	s7-eth3	14154968741	28916140
1787880444.664067998	s7-eth4	321442	310417
1787880444.664067998	s8-eth1	310417	310487
1787880444.664067998	s8-eth2	307575	310417
1787880444.664067998	s8-eth3	310417	307778
1787880444.664067998	s8-eth4	321540	310417
1787880444.664067998	s9-eth1	14643920922	28917682
1787880444.664067998	s9-eth2	356714010	310417
1787880444.664067998	s9-eth3	28919260	14156266451
1787880444.664067998	s9-eth4	307778	310417
1787880449.138013734	s10-eth1	307875	321568
1787880449.138013734	s10-eth2	310444	321693
1787880449.138013734	s10-eth3	310444	321470
1787880449.138013734	s10-eth4	310444	321568
1787880449.138013734	s1-eth1	21661271	17802010302
1787880449.138013734	s1-eth10	6360	12021
1787880449.138013734	s1-eth11	2210033531	27251
1787880449.138013734	s1-eth12	267136824	561935
1787880449.138013734	s1-eth13	32263310	290320
1787880449.138013734	s1-eth14	252901590	316706
1787880449.138013734	s1-eth15	1172471324	2050534
1787880449.138013734	s1-eth16	244106365	179662
1787880449.138013734	s1-eth17	101797936	1362319
1787880449.138013734	s1-eth18	218880992	12162
1787880449.138013734	s1-eth19	5803158719	79835
1787880449.138013734	s1-eth2	310514	741009783
1787880449.138013734	s1-eth20	325325875	1174140
1787880449.138013734	s1-eth21	317937491	1346253
1787880449.138013734	s1-eth22	26877925	184286
1787880449.138013734	s1-eth23	1247477584	461694
1787880449.138013734	s1-eth24	234972870	12835
1787880449.138013734	s1-eth25	95928949	1134194
1787880449.138013734	s1-eth26	309749321	1069087
1787880449.138013734	s1-eth27	1270377177	25167
1787880449.138013734	s1-eth28	5706	11484
1787880449.138013734	s1-eth29	31921216	437677
1787880449.138013734	s1-eth3	6296220483	4777832
1787880449.138013734	s1-eth30	5486379	112308
1787880449.138013734	s1-eth31	1244499271	452764
1787880449.138013734	s1-eth32	218882390	12008
1787880449.138013734	s1-eth33	22476409	361354
1787880449.138013734	s1-eth34	21825547	132697
1787880449.138013734	s1-eth4	261862565	446050
1787880449.138013734	s1-eth5	256196254	364270
1787880449.138013734	s1-eth6	238498597	74392
1787880449.138013734	s1-eth7	1360764645	1664476
1787880449.138013734	s1-eth8	326685317	1533180
1787880449.138013734	s1-eth9	79895831	1008382
1787880449.138013734	s2-eth1	7488911516	7485835575
1787880449.138013734	s2-eth10	277950919	729792
1787880449.138013734	s2-eth11	2300996047	2616921
1787880449.138013734	s2-eth12	52175267	877537
1787880449.138013734	s2-eth13	51485309	609129
1787880449.138013734	s2-eth14	16099467	12168
1787880449.138013734	s2-eth15	1136213943	1756219
1787880449.138013734	s2-eth16	312772230	1305026
1787880449.138013734	s2-eth17	319194810	1417667
1787880449.138013734	s2-eth18	248788317	544122
1787880449.138013734	s2-eth19	82998	3411219284
1787880449.138013734	s2-eth2	203010844	310444
1787880449.138013734	s2-eth20	1168406	164529108
1787880449.138013734	s2-eth21	1339132	153182409
1787880449.138013734	s2-eth22	177086	14540462
1787880449.138013734	s2-eth23	454662	1018480496
1787880449.138013734	s2-eth24	5390	68525785
1787880449.138013734	s2-eth25	1129485	83710535
1787880449.138013734	s2-eth26	1062688	141829571
1787880449.138013734	s2-eth27	17977	1044044091
1787880449.138013734	s2-eth28	4195	12349
1787880449.138013734	s2-eth29	430440	31530900
1787880449.138013734	s2-eth3	1290879037	825864
1787880449.138013734	s2-eth30	104951	5328510
1787880449.138013734	s2-eth31	446222	1017336539
1787880449.138013734	s2-eth32	4508	62198487
1787880449.138013734	s2-eth33	354127	22149678
1787880449.138013734	s2-eth34	125161	9432745
1787880449.138013734	s2-eth4	245667229	193484
1787880449.138013734	s2-eth5	299218689	1095842
1787880449.138013734	s2-eth6	323710335	1429327
1787880449.138013734	s2-eth7	1268037227	179102
1787880449.138013734	s2-eth8	261027401	428670
1787880449.138013734	s2-eth9	246132822	208687
1787880449.138013734	s3-eth1	7913869011	7577913042
1787880449.138013734	s3-eth10	4434	11976
1787880449.138013734	s3-eth11	19434	1088921571
1787880449.138013734	s3-eth12	554453	81990021
1787880449.138013734	s3-eth13	282729	17391530
1787880449.138013734	s3-eth14	309275	67346712
1787880449.138013734	s3-eth15	2045581	941701319
1787880449.138013734	s3-eth16	172398	58164942
1787880449.138013734	s3-eth17	1358738	85670816
1787880449.138013734	s3-eth18	4502	47643485
1787880449.138013734	s3-eth19	1299307637	849325
1787880449.138013734	s3-eth2	310514	310444
1787880449.138013734	s3-eth20	246048520	189296
1787880449.138013734	s3-eth21	234975662	12854
1787880449.138013734	s3-eth22	298591159	918503
1787880449.138013734	s3-eth23	1265679528	120174
1787880449.138013734	s3-eth24	267317354	766152
1787880449.138013734	s3-eth25	325237827	1259221
1787880449.138013734	s3-eth26	272460165	540278
1787880449.138013734	s3-eth27	2210989622	26430
1787880449.138013734	s3-eth28	80099719	1013323
1787880449.138013734	s3-eth29	21417591	86914
1787880449.138013734	s3-eth3	4770815	3772016918
1787880449.138013734	s3-eth30	133981219	1729633
1787880449.138013734	s3-eth31	1270157070	801576
1787880449.138013734	s3-eth32	91029911	1146372
1787880449.138013734	s3-eth33	96360759	1203143
1787880449.138013734	s3-eth34	48326706	536578
1787880449.138013734	s3-eth4	439471	80563310
1787880449.138013734	s3-eth5	357325	74227669
1787880449.138013734	s3-eth6	67027	55793129
1787880449.138013734	s3-eth7	1659862	1072351206
1787880449.138013734	s3-eth8	1527261	141613867
1787880449.138013734	s3-eth9	1002096	64474662
1787880449.138013734	s4-eth1	11979108634	25459804
1787880449.138013734	s4-eth10	722360	100035529
1787880449.138013734	s4-eth11	2615433	1440541915
1787880449.138013734	s4-eth12	872928	50856227
1787880449.138013734	s4-eth13	602639	39191890
1787880449.138013734	s4-eth14	4284	4305197
1787880449.138013734	s4-eth15	1753621	1021244451
1787880449.138013734	s4-eth16	1299784	132653555
1787880449.138013734	s4-eth17	1413303	138196992
1787880449.138013734	s4-eth18	536641	80226899
1787880449.138013734	s4-eth19	841859	716128026
1787880449.138013734	s4-eth2	310444	307602
1787880449.138013734	s4-eth20	182128	135586799
1787880449.138013734	s4-eth21	5310	124720654
1787880449.138013734	s4-eth22	911395	187025399
1787880449.138013734	s4-eth23	112447	1207740631
1787880449.138013734	s4-eth24	758981	163865724
1787880449.138013734	s4-eth25	1252163	211055936
1787880449.138013734	s4-eth26	533884	158091116
1787880449.138013734	s4-eth27	18710	1584446241
1787880449.138013734	s4-eth28	1006069	69812710
1787880449.138013734	s4-eth29	79970	12030526
1787880449.138013734	s4-eth3	819628	456994992
1787880449.138013734	s4-eth30	1725045	122255352
1787880449.138013734	s4-eth31	795427	1229263941
1787880449.138013734	s4-eth32	1139250	80177733
1787880449.138013734	s4-eth33	1199997	85798000
1787880449.138013734	s4-eth34	529822	38541871
1787880449.138013734	s4-eth4	185895	69755661
1787880449.138013734	s4-eth5	1092141	121783131
1787880449.138013734	s4-eth6	1421805	146282203
1787880449.138013734	s4-eth7	171582	1145440448
1787880449.138013734	s4-eth8	424314	83585785
1787880449.138013734	s4-eth9	201919	68723859
1787880449.138013734	s5-eth1	17822537351	21693258
1787880449.138013734	s5-eth2	7489051904	7496479521
1787880449.138013734	s5-eth3	28923159	14671600343
1787880449.138013734	s5-eth4	321568	307875
1787880449.138013734	s6-eth1	741009783	310514
1787880449.138013734	s6-eth2	310444	203010844
1787880449.138013734	s6-eth3	310444	356714037
1787880449.138013734	s6-eth4	321693	310444
1787880449.138013734	s7-eth1	7580037108	7918604539
1787880449.138013734	s7-eth2	25459804	11981284612
1787880449.138013734	s7-eth3	14183890718	28924407
1787880449.138013734	s7-eth4	321470	310444
1787880449.138013734	s8-eth1	310444	310514
1787880449.138013734	s8-eth2	307602	310444
1787880449.138013734	s8-eth3	310444	307805
1787880449.138013734	s8-eth4	321568	310444
1787880449.138013734	s9-eth1	14672648677	28923159
1787880449.138013734	s9-eth2	356714037	310444
1787880449.138013734	s9-eth3	28924407	14184629022
1787880449.138013734	s9-eth4	307805	310444
1787880453.554396743	s10-eth1	307875	321568
1787880453.554396743	s10-eth2	310444	321693
1787880453.554396743	s10-eth3	310444	321470
1787880453.554396743	s10-eth4	310444	321568
1787880453.554396743	s1-eth1	21724981	17845311717
1787880453.554396743	s1-eth10	6360	12021
1787880453.554396743	s1-eth11	2212893017	27251
1787880453.554396743	s1-eth12	267136824	561935
1787880453.554396743	s1-eth13	32263310	290320
1787880453.554396743	s1-eth14	252901590	316706
1787880453.554396743	s1-eth15	1175362534	2050534
1787880453.554396743	s1-eth16	244106365	179662
1787880453.554396743	s1-eth17	101797936	1362319
1787880453.554396743	s1-eth18	218880992	12162
1787880453.554396743	s1-eth19	5815964822	101984
1787880453.554396743	s1-eth2	310541	741009810
1787880453.554396743	s1-eth20	325325875	1174140
1787880453.554396743	s1-eth21	317937491	1346253
1787880453.554396743	s1-eth22	26877925	184286
1787880453.554396743	s1-eth23	1250396192	461694
1787880453.554396743	s1-eth24	234972870	12835
1787880453.554396743	s1-eth25	95928949	1134194
1787880453.554396743	s1-eth26	309749321	1069087
1787880453.554396743	s1-eth27	1273291459	25167
1787880453.554396743	s1-eth28	5706	11484
1787880453.554396743	s1-eth29	31921216	437677
1787880453.554396743	s1-eth3	6307880495	4777832
1787880453.554396743	s1-eth30	5486379	112308
1787880453.554396743	s1-eth31	1247422205	452764
1787880453.554396743	s1-eth32	218882390	12008
1787880453.554396743	s1-eth33	22476409	361354
1787880453.554396743	s1-eth34	21825547	132697
1787880453.554396743	s1-eth4	261862565	446050
1787880453.554396743	s1-eth5	258262392	402549
1787880453.554396743	s1-eth6	238498597	74392
1787880453.554396743	s1-eth7	1363661623	1664476
1787880453.554396743	s1-eth8	326685317	1533180
1787880453.554396743	s1-eth9	79895831	1008382
1787880453.554396743	s2-eth1	7509446762	7496670864
1787880453.554396743	s2-eth10	277950919	729792
1787880453.554396743	s2-eth11	2303884373	2616921
1787880453.554396743	s2-eth12	52175267	877537
1787880453.554396743	s2-eth13	51485309	609129
1787880453.554396743	s2-eth14	16099467	12168
1787880453.554396743	s2-eth15	1139100827	1756219
1787880453.554396743	s2-eth16	312772230	1305026
1787880453.554396743	s2-eth17	319194810	1417667
1787880453.554396743	s2-eth18	248788317	544122
1787880453.554396743	s2-eth19	94539	3423066503
1787880453.554396743	s2-eth2	203010871	310471
1787880453.554396743	s2-eth20	1168406	164529108
1787880453.554396743	s2-eth21	1339132	153182409
1787880453.554396743	s2-eth22	177086	14540462
1787880453.554396743	s2-eth23	454662	1021332772
1787880453.554396743	s2-eth24	5390	68525785
1787880453.554396743	s2-eth25	1129485	83710535
1787880453.554396743	s2-eth26	1062688	141829571
1787880453.554396743	s2-eth27	17977	1046873295
1787880453.554396743	s2-eth28	4195	12349
1787880453.554396743	s2-eth29	430440	31530900
1787880453.554396743	s2-eth3	1291452953	825864
1787880453.554396743	s2-eth30	104951	5328510
1787880453.554396743	s2-eth31	446222	1020159975
1787880453.554396743	s2-eth32	4508	62198487
1787880453.554396743	s2-eth33	354127	22149678
1787880453.554396743	s2-eth34	125161	9432745
1787880453.554396743	s2-eth4	245667229	193484
1787880453.554396743	s2-eth5	299218689	1095842
1787880453.554396743	s2-eth6	323710335	1429327
1787880453.554396743	s2-eth7	1270908249	179102
1787880453.554396743	s2-eth8	262555326	451050
1787880453.554396743	s2-eth9	246132822	208687
1787880453.554396743	s3-eth1	7935491860	7587089528
1787880453.554396743	s3-eth10	4434	11976
1787880453.554396743	s3-eth11	19434	1091691653
1787880453.554396743	s3-eth12	554453	81990021
1787880453.554396743	s3-eth13	282729	17391530
1787880453.554396743	s3-eth14	309275	67346712
1787880453.554396743	s3-eth15	2045581	944472843
1787880453.554396743	s3-eth16	172398	58164942
1787880453.554396743	s3-eth17	1358738	85670816
1787880453.554396743	s3-eth18	4502	47643485
1787880453.554396743	s3-eth19	1299880111	849325
1787880453.554396743	s3-eth2	310541	310471
1787880453.554396743	s3-eth20	246048520	189296
1787880453.554396743	s3-eth21	234975662	12854
1787880453.554396743	s3-eth22	298591159	918503
1787880453.554396743	s3-eth23	1268559202	120174
1787880453.554396743	s3-eth24	267317354	766152
1787880453.554396743	s3-eth25	325237827	1259221
1787880453.554396743	s3-eth26	272460165	540278
1787880453.554396743	s3-eth27	2213870738	26430
1787880453.554396743	s3-eth28	80099719	1013323
1787880453.554396743	s3-eth29	21417591	86914
1787880453.554396743	s3-eth3	4770815	3783004958
1787880453.554396743	s3-eth30	133981219	1729633
1787880453.554396743	s3-eth31	1273030976	801576
1787880453.554396743	s3-eth32	91029911	1146372
1787880453.554396743	s3-eth33	96360759	1203143
1787880453.554396743	s3-eth34	48326706	536578
1787880453.554396743	s3-eth4	439471	80563310
1787880453.554396743	s3-eth5	408282	76781249
1787880453.554396743	s3-eth6	67027	55793129
1787880453.554396743	s3-eth7	1659862	1075147244
1787880453.554396743	s3-eth8	1527261	141613867
1787880453.554396743	s3-eth9	1002096	64474662
1787880453.554396743	s4-eth1	11998828430	25482211
1787880453.554396743	s4-eth10	722360	100035529
1787880453.554396743	s4-eth11	2615433	1443361025
1787880453.554396743	s4-eth12	872928	50856227
1787880453.554396743	s4-eth13	602639	39191890
1787880453.554396743	s4-eth14	4284	4305197
1787880453.554396743	s4-eth15	1753621	1024054909
1787880453.554396743	s4-eth16	1299784	132653555
1787880453.554396743	s4-eth17	1413303	138196992
1787880453.554396743	s4-eth18	536641	80226899
1787880453.554396743	s4-eth19	841859	716693290
1787880453.554396743	s4-eth2	310471	307629
1787880453.554396743	s4-eth20	182128	135586799
1787880453.554396743	s4-eth21	5310	124720654
1787880453.554396743	s4-eth22	911395	187025399
1787880453.554396743	s4-eth23	112447	1210546763
1787880453.554396743	s4-eth24	758981	163865724
1787880453.554396743	s4-eth25	1252163	211055936
1787880453.554396743	s4-eth26	533884	158091116
1787880453.554396743	s4-eth27	18710	1587256699
1787880453.554396743	s4-eth28	1006069	69812710
1787880453.554396743	s4-eth29	79970	12030526
1787880453.554396743	s4-eth3	819628	457551604
1787880453.554396743	s4-eth30	1725045	122255352
1787880453.554396743	s4-eth31	795427	1232077283
1787880453.554396743	s4-eth32	1139250	80177733
1787880453.554396743	s4-eth33	1199997	85798000
1787880453.554396743	s4-eth34	529822	38541871
1787880453.554396743	s4-eth4	185895	69755661
1787880453.554396743	s4-eth5	1092141	121783131
1787880453.554396743	s4-eth6	1421805	146282203
1787880453.554396743	s4-eth7	171582	1148200436
1787880453.554396743	s4-eth8	446694	85039524
1787880453.554396743	s4-eth9	201919	68723859
1787880453.554396743	s5-eth1	17865117358	21753806
1787880453.554396743	s5-eth2	7499557748	7515617080
1787880453.554396743	s5-eth3	29006681	14704536093
1787880453.554396743	s5-eth4	321596	307902
1787880453.554396743	s6-eth1	741009810	310541
1787880453.554396743	s6-eth2	310471	203010871
1787880453.554396743	s6-eth3	310471	356714064
1787880453.554396743	s6-eth4	321721	310471
1787880453.554396743	s7-eth1	7589047180	7940674050
1787880453.554396743	s7-eth2	25482211	12000485288
1787880453.554396743	s7-eth3	14216475776	29009627
1787880453.554396743	s7-eth4	321498	310471
1787880453.554396743	s8-eth1	310471	310541
1787880453.554396743	s8-eth2	307629	310471
1787880453.554396743	s8-eth3	310471	307832
1787880453.554396743	s8-eth4	321596	310471
1787880453.554396743	s9-eth1	14705204953	29009813
1787880453.554396743	s9-eth2	356714064	310471
1787880453.554396743	s9-eth3	29011259	14216919256
1787880453.554396743	s9-eth4	307832	310471
1787880457.807129676	s10-eth1	307902	321596
1787880457.807129676	s10-eth2	310471	321721
1787880457.807129676	s10-eth3	310471	321498
1787880457.807129676	s10-eth4	310471	321596
1787880457.807129676	s1-eth1	21791090	17886782268
1787880457.807129676	s1-eth10	6360	12021
1787880457.807129676	s1-eth11	2215590999	27251
1787880457.807129676	s1-eth12	267136824	561935
1787880457.807129676	s1-eth13	32263310	290320
1787880457.807129676	s1-eth14	252901590	316706
1787880457.807129676	s1-eth15	1178012930	2050534
1787880457.807129676	s1-eth16	244106365	179662
1787880457.807129676	s1-eth17	101797936	1362319
1787880457.807129676	s1-eth18	218880992	12162
1787880457.807129676	s1-eth19	5826471234	101984
1787880457.807129676	s1-eth2	310541	741009810
1787880457.807129676	s1-eth20	325325875	1174140
1787880457.807129676	s1-eth21	317937491	1346253
1787880457.807129676	s1-eth22	26877925	184286
1787880457.807129676	s1-eth23	1252999002	461694
1787880457.807129676	s1-eth24	234972870	12835
1787880457.807129676	s1-eth25	95928949	1134194
1787880457.807129676	s1-eth26	309749321	1069087
1787880457.807129676	s1-eth27	1276441803	37521
1787880457.807129676	s1-eth28	5706	11484
1787880457.807129676	s1-eth29	31921216	437677
1787880457.807129676	s1-eth3	6318309039	4777832
1787880457.807129676	s1-eth30	5486379	112308
1787880457.807129676	s1-eth31	1250022131	452764
1787880457.807129676	s1-eth32	218882390	12008
1787880457.807129676	s1-eth33	22476409	361354
1787880457.807129676	s1-eth34	21825547	132697
1787880457.807129676	s1-eth4	261862565	446050
1787880457.807129676	s1-eth5	260906696	447283
1787880457.807129676	s1-eth6	238655437	81072
1787880457.807129676	s1-eth7	1366268759	1664476
1787880457.807129676	s1-eth8	326685317	1533180
1787880457.807129676	s1-eth9	79895831	1008382
1787880457.807129676	s2-eth1	7527516004	7505109670
1787880457.807129676	s2-eth10	277950919	729792
1787880457.807129676	s2-eth11	2306536211	2616921
1787880457.807129676	s2-eth12	52175267	877537
1787880457.807129676	s2-eth13	51485309	609129
1787880457.807129676	s2-eth14	16099467	12168
1787880457.807129676	s2-eth15	1141765643	1756219
1787880457.807129676	s2-eth16	312772230	1305026
1787880457.807129676	s2-eth17	319194810	1417667
1787880457.807129676	s2-eth18	248788317	544122
1787880457.807129676	s2-eth19	94539	3433082635
1787880457.807129676	s2-eth2	203010871	310471
1787880457.807129676	s2-eth20	1168406	164529108
1787880457.807129676	s2-eth21	1339132	153182409
1787880457.807129676	s2-eth22	177086	14540462
1787880457.807129676	s2-eth23	454662	1023941350
1787880457.807129676	s2-eth24	5390	68525785
1787880457.807129676	s2-eth25	1129485	83710535
1787880457.807129676	s2-eth26	1062688	141829571
1787880457.807129676	s2-eth27	44609	1050447169
1787880457.807129676	s2-eth28	4195	12349
1787880457.807129676	s2-eth29	430440	31530900
1787880457.807129676	s2-eth3	1291999471	825864
1787880457.807129676	s2-eth30	104951	5328510
1787880457.807129676	s2-eth31	446222	1022821907
1787880457.807129676	s2-eth32	4508	62198487
1787880457.807129676	s2-eth33	354127	22149678
1787880457.807129676	s2-eth34	125161	9432745
1787880457.807129676	s2-eth4	245667229	193484
1787880457.807129676	s2-eth5	299218689	1095842
1787880457.807129676	s2-eth6	323710335	1429327
1787880457.807129676	s2-eth7	1273674005	179102
1787880457.807129676	s2-eth8	262555326	451050
1787880457.807129676	s2-eth9	246132822	208687
1787880457.807129676	s3-eth1	7956281667	7596012330
1787880457.807129676	s3-eth10	4434	11976
1787880457.807129676	s3-eth11	19434	1094355027
1787880457.807129676	s3-eth12	554453	81990021
1787880457.807129676	s3-eth13	282729	17391530
1787880457.807129676	s3-eth14	309275	67346712
1787880457.807129676	s3-eth15	2045581	947121797
1787880457.807129676	s3-eth16	172398	58164942
1787880457.807129676	s3-eth17	1358738	85670816
1787880457.807129676	s3-eth18	4502	47643485
1787880457.807129676	s3-eth19	1300433839	849325
1787880457.807129676	s3-eth2	310568	310498
1787880457.807129676	s3-eth20	246048520	189296
1787880457.807129676	s3-eth21	234975662	12854
1787880457.807129676	s3-eth22	298591159	918503
1787880457.807129676	s3-eth23	1271317748	120174
1787880457.807129676	s3-eth24	267317354	766152
1787880457.807129676	s3-eth25	325237827	1259221
1787880457.807129676	s3-eth26	272460165	540278
1787880457.807129676	s3-eth27	2216604770	26430
1787880457.807129676	s3-eth28	80099719	1013323
1787880457.807129676	s3-eth29	21417591	86914
1787880457.807129676	s3-eth3	4770815	3792980714
1787880457.807129676	s3-eth30	133981219	1729633
1787880457.807129676	s3-eth31	1275746262	801576
1787880457.807129676	s3-eth32	91029911	1146372
1787880457.807129676	s3-eth33	96360759	1203143
1787880457.807129676	s3-eth34	48326706	536578
1787880457.807129676	s3-eth4	439471	80563310
1787880457.807129676	s3-eth5	440338	78762421
1787880457.807129676	s3-eth6	81320	56161531
1787880457.807129676	s3-eth7	1659862	1077714004
1787880457.807129676	s3-eth8	1527261	141613867
1787880457.807129676	s3-eth9	1002096	64474662
1787880457.807129676	s4-eth1	12016208883	25482238
1787880457.807129676	s4-eth10	722360	100035529
1787880457.807129676	s4-eth11	2615433	1446090731
1787880457.807129676	s4-eth12	872928	50856227
1787880457.807129676	s4-eth13	602639	39191890
1787880457.807129676	s4-eth14	4284	4305197
1787880457.807129676	s4-eth15	1753621	1026826433
1787880457.807129676	s4-eth16	1299784	132653555
1787880457.807129676	s4-eth17	1413303	138196992
1787880457.807129676	s4-eth18	536641	80226899
1787880457.807129676	s4-eth19	841859	717259996
1787880457.807129676	s4-eth2	310498	307656
1787880457.807129676	s4-eth20	182128	135586799
1787880457.807129676	s4-eth21	5310	124720654
1787880457.807129676	s4-eth22	911395	187025399
1787880457.807129676	s4-eth23	112447	1213412017
1787880457.807129676	s4-eth24	758981	163865724
1787880457.807129676	s4-eth25	1252163	211055936
1787880457.807129676	s4-eth26	533884	158091116
1787880457.807129676	s4-eth27	18710	1590123395
1787880457.807129676	s4-eth28	1006069	69812710
1787880457.807129676	s4-eth29	79970	12030526
1787880457.807129676	s4-eth3	819628	458122636
1787880457.807129676	s4-eth30	1725045	122255352
1787880457.807129676	s4-eth31	795427	1234967051
1787880457.807129676	s4-eth32	1139250	80177733
1787880457.807129676	s4-eth33	1199997	85798000
1787880457.807129676	s4-eth34	529822	38541871
1787880457.807129676	s4-eth4	185895	69755661
1787880457.807129676	s4-eth5	1092141	121783131
1787880457.807129676	s4-eth6	1421805	146282203
1787880457.807129676	s4-eth7	171582	1151059922
1787880457.807129676	s4-eth8	446694	85039524
1787880457.807129676	s4-eth9	201919	68723859
1787880457.807129676	s5-eth1	17908981479	21841170
1787880457.807129676	s5-eth2	7508856203	7536944795
1787880457.807129676	s5-eth3	29042899	14734478266
1787880457.807129676	s5-eth4	321624	307929
1787880457.807129676	s6-eth1	741009837	310568
1787880457.807129676	s6-eth2	310498	203010898
1787880457.807129676	s6-eth3	310498	356714091
1787880457.807129676	s6-eth4	321749	310498
1787880457.807129676	s7-eth1	7598472382	7961311363
1787880457.807129676	s7-eth2	25482238	12019234199
1787880457.807129676	s7-eth3	14246634977	29044147
1787880457.807129676	s7-eth4	321526	310498
1787880457.807129676	s8-eth1	310498	310568
1787880457.807129676	s8-eth2	307656	310498
1787880457.807129676	s8-eth3	310498	307859
1787880457.807129676	s8-eth4	321624	310498
1787880457.807129676	s9-eth1	14736029858	29042899
1787880457.807129676	s9-eth2	356714091	310498
1787880457.807129676	s9-eth3	29044147	14247684753
1787880457.807129676	s9-eth4	307859	310498
1787880462.492218536	s10-eth1	307929	321624
1787880462.492218536	s10-eth2	310498	321749
1787880462.492218536	s10-eth3	310498	321526
1787880462.492218536	s10-eth4	310498	321624
1787880462.492218536	s1-eth1	21861127	17931567942
1787880462.492218536	s1-eth10	6360	12021
1787880462.492218536	s1-eth11	2218588917	27251
1787880462.492218536	s1-eth12	267136824	561935
1787880462.492218536	s1-eth13	32263310	290320
1787880462.492218536	s1-eth14	252901590	316706
1787880462.492218536	s1-eth15	1181016616	2050534
1787880462.492218536	s1-eth16	244106365	179662
1787880462.492218536	s1-eth17	101797936	1362319
1787880462.492218536	s1-eth18	218880992	12162
1787880462.492218536	s1-eth19	5838462906	101984
1787880462.492218536	s1-eth2	310568	741009837
1787880462.492218536	s1-eth20	325325875	1174140
1787880462.492218536	s1-eth21	317937491	1346253
1787880462.492218536	s1-eth22	26877925	184286
1787880462.492218536	s1-eth23	1255976732	461694
1787880462.492218536	s1-eth24	234972870	12835
1787880462.492218536	s1-eth25	95928949	1134194
1787880462.492218536	s1-eth26	309749321	1069087
1787880462.492218536	s1-eth27	1282535772	95676
1787880462.492218536	s1-eth28	5706	11484
1787880462.492218536	s1-eth29	31921216	437677
1787880462.492218536	s1-eth3	6330023847	4777832
1787880462.492218536	s1-eth30	5486379	112308
1787880462.492218536	s1-eth31	1252943623	452764
1787880462.492218536	s1-eth32	218882390	12008
1787880462.492218536	s1-eth33	22476409	361354
1787880462.492218536	s1-eth34	21825547	132697
1787880462.492218536	s1-eth4	261862565	446050
1787880462.492218536	s1-eth5	260906696	447283
1787880462.492218536	s1-eth6	238901887	88685
1787880462.492218536	s1-eth7	1369168621	1664476
1787880462.492218536	s1-eth8	326685317	1533250
1787880462.492218536	s1-eth9	79895831	1008382
1787880462.492218536	s2-eth1	7550037400	7514398864
1787880462.492218536	s2-eth10	277950919	729792
1787880462.492218536	s2-eth11	2309394255	2616991
1787880462.492218536	s2-eth12	52175267	877537
1787880462.492218536	s2-eth13	51485309	609129
1787880462.492218536	s2-eth14	16099467	12168
1787880462.492218536	s2-eth15	1144599243	1756219
1787880462.492218536	s2-eth16	312772230	1305026
1787880462.492218536	s2-eth17	319194810	1417667
1787880462.492218536	s2-eth18	248788317	544122
1787880462.492218536	s2-eth19	94539	3443969735
1787880462.492218536	s2-eth2	203010898	310498
1787880462.492218536	s2-eth20	1168406	164529108
1787880462.492218536	s2-eth21	1339132	153182409
1787880462.492218536	s2-eth22	177086	14540532
1787880462.492218536	s2-eth23	454662	1026684034
1787880462.492218536	s2-eth24	5390	68525785
1787880462.492218536	s2-eth25	1129485	83710535
1787880462.492218536	s2-eth26	1062688	141829571
1787880462.492218536	s2-eth27	88486	1055715342
1787880462.492218536	s2-eth28	4195	12349
1787880462.492218536	s2-eth29	430440	31530900
1787880462.492218536	s2-eth3	1292554641	825864
1787880462.492218536	s2-eth30	104951	5328510
1787880462.492218536	s2-eth31	446222	1025502585
1787880462.492218536	s2-eth32	4508	62198487
1787880462.492218536	s2-eth33	354127	22149678
1787880462.492218536	s2-eth34	125161	9432745
1787880462.492218536	s2-eth4	245667229	193484
1787880462.492218536	s2-eth5	299218689	1095842
1787880462.492218536	s2-eth6	323710335	1429327
1787880462.492218536	s2-eth7	1276412363	179102
1787880462.492218536	s2-eth8	262555326	451050
1787880462.492218536	s2-eth9	246989196	228207
1787880462.492218536	s3-eth1	7975443943	7604800088
1787880462.492218536	s3-eth10	4434	11976
1787880462.492218536	s3-eth11	19504	1096973699
1787880462.492218536	s3-eth12	554453	81990021
1787880462.492218536	s3-eth13	282729	17391530
1787880462.492218536	s3-eth14	309275	67346712
1787880462.492218536	s3-eth15	2045581	949730375
1787880462.492218536	s3-eth16	172398	58164942
1787880462.492218536	s3-eth17	1358738	85670816
1787880462.492218536	s3-eth18	4572	47643485
1787880462.492218536	s3-eth19	1300976031	849325
1787880462.492218536	s3-eth2	310568	310498
1787880462.492218536	s3-eth20	246048590	189296
1787880462.492218536	s3-eth21	234975662	12854
1787880462.492218536	s3-eth22	298591159	918503
1787880462.492218536	s3-eth23	1274020056	120174
1787880462.492218536	s3-eth24	267317354	766152
1787880462.492218536	s3-eth25	325237827	1259221
1787880462.492218536	s3-eth26	272460165	540278
1787880462.492218536	s3-eth27	2219324382	26430
1787880462.492218536	s3-eth28	80099719	1013323
1787880462.492218536	s3-eth29	21417591	86914
1787880462.492218536	s3-eth3	4770885	3803328506
1787880462.492218536	s3-eth30	133981219	1729703
1787880462.492218536	s3-eth31	1278486132	801576
1787880462.492218536	s3-eth32	91029911	1146372
1787880462.492218536	s3-eth33	96360829	1203143
1787880462.492218536	s3-eth34	48326776	536578
1787880462.492218536	s3-eth4	439471	80563310
1787880462.492218536	s3-eth5	463256	79776251
1787880462.492218536	s3-eth6	81320	56161531
1787880462.492218536	s3-eth7	1659862	1080386030
1787880462.492218536	s3-eth8	1527261	141613867
1787880462.492218536	s3-eth9	1002096	64474662
1787880462.492218536	s4-eth1	12035273510	25511038
1787880462.492218536	s4-eth10	722360	100035529
1787880462.492218536	s4-eth11	2615433	1448754105
1787880462.492218536	s4-eth12	872928	50856227
1787880462.492218536	s4-eth13	602709	39191890
1787880462.492218536	s4-eth14	4284	4305197
1787880462.492218536	s4-eth15	1753621	1029473945
1787880462.492218536	s4-eth16	1299784	132653555
1787880462.492218536	s4-eth17	1413303	138196992
1787880462.492218536	s4-eth18	536711	80226899
1787880462.492218536	s4-eth19	841929	717800746
1787880462.492218536	s4-eth2	310525	307683
1787880462.492218536	s4-eth20	182128	135586799
1787880462.492218536	s4-eth21	5310	124720654
1787880462.492218536	s4-eth22	911395	187025399
1787880462.492218536	s4-eth23	112447	1216098463
1787880462.492218536	s4-eth24	758981	163865724
1787880462.492218536	s4-eth25	1252163	211055936
1787880462.492218536	s4-eth26	533884	158091116
1787880462.492218536	s4-eth27	18710	1592801189
1787880462.492218536	s4-eth28	1006139	69812710
1787880462.492218536	s4-eth29	79970	12030526
1787880462.492218536	s4-eth3	819628	458647524
1787880462.492218536	s4-eth30	1725045	122255352
1787880462.492218536	s4-eth31	795427	1237626099
1787880462.492218536	s4-eth32	1139250	80177733
1787880462.492218536	s4-eth33	1199997	85798000
1787880462.492218536	s4-eth34	529822	38541941
1787880462.492218536	s4-eth4	185895	69755661
1787880462.492218536	s4-eth5	1092141	121783131
1787880462.492218536	s4-eth6	1421875	146282203
1787880462.492218536	s4-eth7	171582	1153646870
1787880462.492218536	s4-eth8	446694	85039524
1787880462.492218536	s4-eth9	231835	70354728
1787880462.492218536	s5-eth1	17948461447	21887022
1787880462.492218536	s5-eth2	7519003926	7556426797
1787880462.492218536	s5-eth3	29098710	14763901932
1787880462.492218536	s5-eth4	321652	307956
1787880462.492218536	s6-eth1	741009864	310595
1787880462.492218536	s6-eth2	310525	203010925
1787880462.492218536	s6-eth3	310525	356714118
1787880462.492218536	s6-eth4	321777	310525
1787880462.492218536	s7-eth1	7606874855	7979989210
1787880462.492218536	s7-eth2	25512181	12037384863
1787880462.492218536	s7-eth3	14275334183	29099958
1787880462.492218536	s7-eth4	321554	310525
1787880462.492218536	s8-eth1	310525	310595
1787880462.492218536	s8-eth2	307683	310525
1787880462.492218536	s8-eth3	310525	307956
1787880462.492218536	s8-eth4	321652	310525
1787880462.492218536	s9-eth1	14764660424	29098710
1787880462.492218536	s9-eth2	356714118	310525
1787880462.492218536	s9-eth3	29099958	14275811485
1787880462.492218536	s9-eth4	307956	310525
1787880466.449945340	s10-eth1	307956	321652
1787880466.449945340	s10-eth2	310525	321777
1787880466.449945340	s10-eth3	310525	321554
1787880466.449945340	s10-eth4	310525	321652
1787880466.449945340	s1-eth1	21892922	17965382669
1787880466.449945340	s1-eth10	6360	12021
1787880466.449945340	s1-eth11	2220912817	27977
1787880466.449945340	s1-eth12	267136824	561935
1787880466.449945340	s1-eth13	32263310	290390
1787880466.449945340	s1-eth14	252901660	316706
1787880466.449945340	s1-eth15	1183334748	2051261
1787880466.449945340	s1-eth16	244106365	179662
1787880466.449945340	s1-eth17	101797936	1362319
1787880466.449945340	s1-eth18	218880992	12162
1787880466.449945340	s1-eth19	5847542510	102714
1787880466.449945340	s1-eth2	310595	741009864
1787880466.449945340	s1-eth20	325325875	1174140
1787880466.449945340	s1-eth21	317937491	1346253
1787880466.449945340	s1-eth22	26877925	184286
1787880466.449945340	s1-eth23	1258237183	462423
1787880466.449945340	s1-eth24	234972870	12835
1787880466.449945340	s1-eth25	95928949	1134194
1787880466.449945340	s1-eth26	309749321	1069087
1787880466.449945340	s1-eth27	1284768759	96474
1787880466.449945340	s1-eth28	5706	11484
1787880466.449945340	s1-eth29	31921216	437677
1787880466.449945340	s1-eth3	6338986715	4778566
1787880466.449945340	s1-eth30	5486379	112308
1787880466.449945340	s1-eth31	1255231539	453561
1787880466.449945340	s1-eth32	218882390	12008
1787880466.449945340	s1-eth33	22476479	361354
1787880466.449945340	s1-eth34	21825547	132697
1787880466.449945340	s1-eth4	261862565	446050
1787880466.449945340	s1-eth5	262062186	473151
1787880466.449945340	s1-eth6	238901887	88755
1787880466.449945340	s1-eth7	1371336781	1665205
1787880466.449945340	s1-eth8	326685317	1533250
1787880466.449945340	s1-eth9	79895831	1008382
1787880466.449945340	s2-eth1	7564714324	7522837259
1787880466.449945340	s2-eth10	277950919	729792
1787880466.449945340	s2-eth11	2311507622	2617716
1787880466.449945340	s2-eth12	52175267	877537
1787880466.449945340	s2-eth13	51485309	609129
1787880466.449945340	s2-eth14	16099467	12168
1787880466.449945340	s2-eth15	1146688095	1756946
1787880466.449945340	s2-eth16	312772230	1305026
1787880466.449945340	s2-eth17	319194810	1417667
1787880466.449945340	s2-eth18	248788317	544122
1787880466.449945340	s2-eth19	95269	3451825081
1787880466.449945340	s2-eth2	203010925	310525
1787880466.449945340	s2-eth20	1168406	164529108
1787880466.449945340	s2-eth21	1339132	153182409
1787880466.449945340	s2-eth22	177086	14540532
1787880466.449945340	s2-eth23	455391	1028628687
1787880466.449945340	s2-eth24	5390	68525785
1787880466.449945340	s2-eth25	1129485	83710535
1787880466.449945340	s2-eth26	1062688	141829571
1787880466.449945340	s2-eth27	89214	1057618111
1787880466.449945340	s2-eth28	4195	12349
1787880466.449945340	s2-eth29	430440	31530900
1787880466.449945340	s2-eth3	1292937542	826591
1787880466.449945340	s2-eth30	104951	5328510
1787880466.449945340	s2-eth31	447019	1027438583
1787880466.449945340	s2-eth32	4508	62198487
1787880466.449945340	s2-eth33	354127	22149678
1787880466.449945340	s2-eth34	125161	9432745
1787880466.449945340	s2-eth4	245667229	193484
1787880466.449945340	s2-eth5	299218689	1095842
1787880466.449945340	s2-eth6	323710335	1429327
1787880466.449945340	s2-eth7	1278254634	179830
1787880466.449945340	s2-eth8	262555326	451050
1787880466.449945340	s2-eth9	247783373	238603
1787880466.449945340	s3-eth1	7988017732	7610557314
1787880466.449945340	s3-eth10	4434	11976
1787880466.449945340	s3-eth11	20230	1098712147
1787880466.449945340	s3-eth12	554453	81990021
1787880466.449945340	s3-eth13	282729	17391530
1787880466.449945340	s3-eth14	309275	67346712
1787880466.449945340	s3-eth15	2046308	951452961
1787880466.449945340	s3-eth16	172398	58164942
1787880466.449945340	s3-eth17	1358738	85670816
1787880466.449945340	s3-eth18	4572	47643485
1787880466.449945340	s3-eth19	1301318556	850051
1787880466.449945340	s3-eth2	310595	310525
1787880466.449945340	s3-eth20	246048590	189296
1787880466.449945340	s3-eth21	234975662	12854
1787880466.449945340	s3-eth22	298591159	918503
1787880466.449945340	s3-eth23	1275685258	121110
1787880466.449945340	s3-eth24	267317354	766152
1787880466.449945340	s3-eth25	325237827	1259221
1787880466.449945340	s3-eth26	272460165	540278
1787880466.449945340	s3-eth27	2220953544	27301
1787880466.449945340	s3-eth28	80099719	1013323
1787880466.449945340	s3-eth29	21417591	86914
1787880466.449945340	s3-eth3	4771619	3809551574
1787880466.449945340	s3-eth30	133981219	1729703
1787880466.449945340	s3-eth31	1280067400	802371
1787880466.449945340	s3-eth32	91029911	1146372
1787880466.449945340	s3-eth33	96360829	1203143
1787880466.449945340	s3-eth34	48326776	536578
1787880466.449945340	s3-eth4	439471	80563310
1787880466.449945340	s3-eth5	466206	79834575
1787880466.449945340	s3-eth6	81320	56161531
1787880466.449945340	s3-eth7	1660591	1081867798
1787880466.449945340	s3-eth8	1527261	141613867
1787880466.449945340	s3-eth9	1002096	64474662
1787880466.449945340	s4-eth1	12044701527	25518416
1787880466.449945340	s4-eth10	722360	100035529
1787880466.449945340	s4-eth11	2616158	1450211362
1787880466.449945340	s4-eth12	872928	50856227
1787880466.449945340	s4-eth13	602709	39191890
1787880466.449945340	s4-eth14	4284	4305197
1787880466.449945340	s4-eth15	1754348	1030886499
1787880466.449945340	s4-eth16	1299784	132653555
1787880466.449945340	s4-eth17	1413303	138196992
1787880466.449945340	s4-eth18	536711	80226899
1787880466.449945340	s4-eth19	842655	718075497
1787880466.449945340	s4-eth2	310525	307683
1787880466.449945340	s4-eth20	182128	135586799
1787880466.449945340	s4-eth21	5310	124720654
1787880466.449945340	s4-eth22	911395	187025399
1787880466.449945340	s4-eth23	113383	1217434889
1787880466.449945340	s4-eth24	758981	163865724
1787880466.449945340	s4-eth25	1252163	211055936
1787880466.449945340	s4-eth26	533884	158091116
1787880466.449945340	s4-eth27	19581	1594110227
1787880466.449945340	s4-eth28	1006139	69812710
1787880466.449945340	s4-eth29	79970	12030526
1787880466.449945340	s4-eth3	820355	458902087
1787880466.449945340	s4-eth30	1725045	122255352
1787880466.449945340	s4-eth31	796222	1238895895
1787880466.449945340	s4-eth32	1139250	80177733
1787880466.449945340	s4-eth33	1199997	85798000
1787880466.449945340	s4-eth34	529822	38541941
1787880466.449945340	s4-eth4	185895	69755661
1787880466.449945340	s4-eth5	1092141	121783131
1787880466.449945340	s4-eth6	1421875	146282203
1787880466.449945340	s4-eth7	172310	1154857545
1787880466.449945340	s4-eth8	446694	85039524
1787880466.449945340	s4-eth9	231835	70354728
1787880466.449945340	s5-eth1	17965382669	21892922
1787880466.449945340	s5-eth2	7522837259	7564714324
1787880466.449945340	s5-eth3	29104533	14775947819
1787880466.449945340	s5-eth4	321652	307956
1787880466.449945340	s6-eth1	741009864	310595
1787880466.449945340	s6-eth2	310525	203010925
1787880466.449945340	s6-eth3	310525	356714118
1787880466.449945340	s6-eth4	321777	310525
1787880466.449945340	s7-eth1	7610557314	7988017732
1787880466.449945340	s7-eth2	25518416	12044701527
1787880466.449945340	s7-eth3	14286943144	29105781
1787880466.449945340	s7-eth4	321554	310525
1787880466.449945340	s8-eth1	310525	310595
1787880466.449945340	s8-eth2	307683	310525
1787880466.449945340	s8-eth3	310525	307956
1787880466.449945340	s8-eth4	321652	310525
1787880466.449945340	s9-eth1	14775947819	29104533
1787880466.449945340	s9-eth2	356714118	310525
1787880466.449945340	s9-eth3	29105781	14286943144
1787880466.449945340	s9-eth4	307956	310525
1787880468.732778250	s10-eth1	307956	321652
1787880468.732778250	s10-eth2	310525	321777
1787880468.732778250	s10-eth3	310525	321554
1787880468.732778250	s10-eth4	310525	321652
1787880468.732778250	s1-eth1	21892922	17965382669
1787880468.732778250	s1-eth10	6360	12021
1787880468.732778250	s1-eth11	2220912817	27977
1787880468.732778250	s1-eth12	267136824	561935
1787880468.732778250	s1-eth13	32263310	290390
1787880468.732778250	s1-eth14	252901660	316706
1787880468.732778250	s1-eth15	1183334748	2051261
1787880468.732778250	s1-eth16	244106365	179662
1787880468.732778250	s1-eth17	101797936	1362319
1787880468.732778250	s1-eth18	218880992	12162
1787880468.732778250	s1-eth19	5847542510	102714
1787880468.732778250	s1-eth2	310595	741009864
1787880468.732778250	s1-eth20	325325875	1174140
1787880468.732778250	s1-eth21	317937491	1346253
1787880468.732778250	s1-eth22	26877925	184286
1787880468.732778250	s1-eth23	1258237183	462423
1787880468.732778250	s1-eth24	234972870	12835
1787880468.732778250	s1-eth25	95928949	1134194
1787880468.732778250	s1-eth26	309749321	1069087
1787880468.732778250	s1-eth27	1284768759	96474
1787880468.732778250	s1-eth28	5706	11484
1787880468.732778250	s1-eth29	31921216	437677
1787880468.732778250	s1-eth3	6338986715	4778566
1787880468.732778250	s1-eth30	5486379	112308
1787880468.732778250	s1-eth31	1255231539	453561
1787880468.732778250	s1-eth32	218882390	12008
1787880468.732778250	s1-eth33	22476479	361354
1787880468.732778250	s1-eth34	21825547	132697
1787880468.732778250	s1-eth4	261862565	446050
1787880468.732778250	s1-eth5	262062186	473151
1787880468.732778250	s1-eth6	238901887	88755
1787880468.732778250	s1-eth7	1371336781	1665205
1787880468.732778250	s1-eth8	326685317	1533250
1787880468.732778250	s1-eth9	79895831	1008382
1787880468.732778250	s2-eth1	7564714324	7522837259
1787880468.732778250	s2-eth10	277950919	729792
1787880468.732778250	s2-eth11	2311507622	2617716
1787880468.732778250	s2-eth12	52175267	877537
1787880468.732778250	s2-eth13	51485309	609129
1787880468.732778250	s2-eth14	16099467	12168
1787880468.732778250	s2-eth15	1146688095	1756946
1787880468.732778250	s2-eth16	312772230	1305026
1787880468.732778250	s2-eth17	319194810	1417667
1787880468.732778250	s2-eth18	248788317	544122
1787880468.732778250	s2-eth19	95269	3451825081
1787880468.732778250	s2-eth2	203010952	310552
1787880468.732778250	s2-eth20	1168406	164529108
1787880468.732778250	s2-eth21	1339132	153182409
1787880468.732778250	s2-eth22	177086	14540532
1787880468.732778250	s2-eth23	455391	1028628687
1787880468.732778250	s2-eth24	5390	68525785
1787880468.732778250	s2-eth25	1129485	83710535
1787880468.732778250	s2-eth26	1062688	141829571
1787880468.732778250	s2-eth27	89214	1057618111
1787880468.732778250	s2-eth28	4195	12349
1787880468.732778250	s2-eth29	430440	31530900
1787880468.732778250	s2-eth3	1292937542	826591
1787880468.732778250	s2-eth30	104951	5328510
1787880468.732778250	s2-eth31	447019	1027438583
1787880468.732778250	s2-eth32	4508	62198487
1787880468.732778250	s2-eth33	354127	22149678
1787880468.732778250	s2-eth34	125161	9432745
1787880468.732778250	s2-eth4	245667229	193484
1787880468.732778250	s2-eth5	299218689	1095842
1787880468.732778250	s2-eth6	323710335	1429327
1787880468.732778250	s2-eth7	1278254634	179830
1787880468.732778250	s2-eth8	262555326	451050
1787880468.732778250	s2-eth9	247783373	238603
1787880468.732778250	s3-eth1	7988017759	7610557341
1787880468.732778250	s3-eth10	4434	11976
1787880468.732778250	s3-eth11	20230	1098712147
1787880468.732778250	s3-eth12	554453	81990021
1787880468.732778250	s3-eth13	282729	17391530
1787880468.732778250	s3-eth14	309275	67346712
1787880468.732778250	s3-eth15	2046308	951452961
1787880468.732778250	s3-eth16	172398	58164942
1787880468.732778250	s3-eth17	1358738	85670816
1787880468.732778250	s3-eth18	4572	47643485
1787880468.732778250	s3-eth19	1301318556	850051
1787880468.732778250	s3-eth2	310622	310552
1787880468.732778250	s3-eth20	246048590	189296
1787880468.732778250	s3-eth21	234975662	12854
1787880468.732778250	s3-eth22	298591159	918503
1787880468.732778250	s3-eth23	1275685258	121110
1787880468.732778250	s3-eth24	267317354	766152
1787880468.732778250	s3-eth25	325237827	1259221
1787880468.732778250	s3-eth26	272460165	540278
1787880468.732778250	s3-eth27	2220953544	27301
1787880468.732778250	s3-eth28	80099719	1013323
1787880468.732778250	s3-eth29	21417591	86914
1787880468.732778250	s3-eth3	4771619	3809551574
1787880468.732778250	s3-eth30	133981219	1729703
1787880468.732778250	s3-eth31	1280067400	802371
1787880468.732778250	s3-eth32	91029911	1146372
1787880468.732778250	s3-eth33	96360829	1203143
1787880468.732778250	s3-eth34	48326776	536578
1787880468.732778250	s3-eth4	439471	80563310
1787880468.732778250	s3-eth5	466206	79834575
1787880468.732778250	s3-eth6	81320	56161531
1787880468.732778250	s3-eth7	1660591	1081867798
1787880468.732778250	s3-eth8	1527261	141613867
1787880468.732778250	s3-eth9	1002096	64474662
1787880468.732778250	s4-eth1	12044701554	25518443
1787880468.732778250	s4-eth10	722360	100035529
1787880468.732778250	s4-eth11	2616158	1450211362
1787880468.732778250	s4-eth12	872928	50856227
1787880468.732778250	s4-eth13	602709	39191890
1787880468.732778250	s4-eth14	4284	4305197
1787880468.732778250	s4-eth15	1754348	1030886499
1787880468.732778250	s4-eth16	1299784	132653555
1787880468.732778250	s4-eth17	1413303	138196992
1787880468.732778250	s4-eth18	536711	80226899
1787880468.732778250	s4-eth19	842655	718075497
1787880468.732778250	s4-eth2	310552	307710
1787880468.732778250	s4-eth20	182128	135586799
1787880468.732778250	s4-eth21	5310	124720654
1787880468.732778250	s4-eth22	911395	187025399
1787880468.732778250	s4-eth23	113383	1217434889
1787880468.732778250	s4-eth24	758981	163865724
1787880468.732778250	s4-eth25	1252163	211055936
1787880468.732778250	s4-eth26	533884	158091116
1787880468.732778250	s4-eth27	19581	1594110227
1787880468.732778250	s4-eth28	1006139	69812710
1787880468.732778250	s4-eth29	79970	12030526
1787880468.732778250	s4-eth3	820355	458902087
1787880468.732778250	s4-eth30	1725045	122255352
1787880468.732778250	s4-eth31	796222	1238895895
1787880468.732778250	s4-eth32	1139250	80177733
1787880468.732778250	s4-eth33	1199997	85798000
1787880468.732778250	s4-eth34	529822	38541941
1787880468.732778250	s4-eth4	185895	69755661
1787880468.732778250	s4-eth5	1092141	121783131
1787880468.732778250	s4-eth6	1421875	146282203
1787880468.732778250	s4-eth7	172310	1154857545
1787880468.732778250	s4-eth8	446694	85039524
1787880468.732778250	s4-eth9	231835	70354728
1787880468.732778250	s5-eth1	17965382696	21892949
1787880468.732778250	s5-eth2	7522837286	7564714351
1787880468.732778250	s5-eth3	29104560	14775947846
1787880468.732778250	s5-eth4	321680	307983
1787880468.732778250	s6-eth1	741009891	310622
1787880468.732778250	s6-eth2	310552	203010952
1787880468.732778250	s6-eth3	310552	356714145
1787880468.732778250	s6-eth4	321805	310552
1787880468.732778250	s7-eth1	7610557341	7988017759
1787880468.732778250	s7-eth2	25518443	12044701554
1787880468.732778250	s7-eth3	14286943171	29105808
1787880468.732778250	s7-eth4	321582	310552
1787880468.732778250	s8-eth1	310552	310622
1787880468.732778250	s8-eth2	307710	310552
1787880468.732778250	s8-eth3	310552	307983
1787880468.732778250	s8-eth4	321680	310552
1787880468.732778250	s9-eth1	14775947846	29104560
1787880468.732778250	s9-eth2	356714145	310552
1787880468.732778250	s9-eth3	29105808	14286943171
1787880468.732778250	s9-eth4	307983	310552
1787880471.019796078	s10-eth1	307983	321680
1787880471.019796078	s10-eth2	310552	321805
1787880471.019796078	s10-eth3	310552	321582
1787880471.019796078	s10-eth4	310552	321680
1787880471.019796078	s1-eth1	21892949	17965382696
1787880471.019796078	s1-eth10	6360	12021
1787880471.019796078	s1-eth11	2220912817	27977
1787880471.019796078	s1-eth12	267136824	561935
1787880471.019796078	s1-eth13	32263310	290390
1787880471.019796078	s1-eth14	252901660	316706
1787880471.019796078	s1-eth15	1183334748	2051261
1787880471.019796078	s1-eth16	244106365	179662
1787880471.019796078	s1-eth17	101797936	1362319
1787880471.019796078	s1-eth18	218880992	12162
1787880471.019796078	s1-eth19	5847542510	102714
1787880471.019796078	s1-eth2	310622	741009891
1787880471.019796078	s1-eth20	325325875	1174140
1787880471.019796078	s1-eth21	317937491	1346253
1787880471.019796078	s1-eth22	26877925	184286
1787880471.019796078	s1-eth23	1258237183	462423
1787880471.019796078	s1-eth24	234972870	12835
1787880471.019796078	s1-eth25	95928949	1134194
1787880471.019796078	s1-eth26	309749321	1069087
1787880471.019796078	s1-eth27	1284768759	96474
1787880471.019796078	s1-eth28	5706	11484
1787880471.019796078	s1-eth29	31921216	437677
1787880471.019796078	s1-eth3	6338986715	4778566
1787880471.019796078	s1-eth30	5486379	112308
1787880471.019796078	s1-eth31	1255231539	453561
1787880471.019796078	s1-eth32	218882390	12008
1787880471.019796078	s1-eth33	22476479	361354
1787880471.019796078	s1-eth34	21825547	132697
1787880471.019796078	s1-eth4	261862565	446050
1787880471.019796078	s1-eth5	262062186	473151
1787880471.019796078	s1-eth6	238901887	88755
1787880471.019796078	s1-eth7	1371336781	1665205
1787880471.019796078	s1-eth8	326685317	1533250
1787880471.019796078	s1-eth9	79895831	1008382
1787880471.019796078	s2-eth1	7564714351	7522837286
1787880471.019796078	s2-eth10	277950919	729792
1787880471.019796078	s2-eth11	2311507622	2617716
1787880471.019796078	s2-eth12	52175267	877537
1787880471.019796078	s2-eth13	51485309	609129
1787880471.019796078	s2-eth14	16099467	12168
1787880471.019796078	s2-eth15	1146688095	1756946
1787880471.019796078	s2-eth16	312772230	1305026
1787880471.019796078	s2-eth17	319194810	1417667
1787880471.019796078	s2-eth18	248788317	544122
1787880471.019796078	s2-eth19	95269	3451825081
1787880471.019796078	s2-eth2	203010952	310552
1787880471.019796078	s2-eth20	1168406	164529108
1787880471.019796078	s2-eth21	1339132	153182409
1787880471.019796078	s2-eth22	177086	14540532
1787880471.019796078	s2-eth23	455391	1028628687
1787880471.019796078	s2-eth24	5390	68525785
1787880471.019796078	s2-eth25	1129485	83710535
1787880471.019796078	s2-eth26	1062688	141829571
1787880471.019796078	s2-eth27	89214	1057618111
1787880471.019796078	s2-eth28	4195	12349
1787880471.019796078	s2-eth29	430440	31530900
1787880471.019796078	s2-eth3	1292937542	826591
1787880471.019796078	s2-eth30	104951	5328510
1787880471.019796078	s2-eth31	447019	1027438583
1787880471.019796078	s2-eth32	4508	62198487
1787880471.019796078	s2-eth33	354127	22149678
1787880471.019796078	s2-eth34	125161	9432745
1787880471.019796078	s2-eth4	245667229	193484
1787880471.019796078	s2-eth5	299218689	1095842
1787880471.019796078	s2-eth6	323710335	1429327
1787880471.019796078	s2-eth7	1278254634	179830
1787880471.019796078	s2-eth8	262555326	451050
1787880471.019796078	s2-eth9	247783373	238603
1787880471.019796078	s3-eth1	7988017759	7610557341
1787880471.019796078	s3-eth10	4434	11976
1787880471.019796078	s3-eth11	20230	1098712147
1787880471.019796078	s3-eth12	554453	81990021
1787880471.019796078	s3-eth13	282729	17391530
1787880471.019796078	s3-eth14	309275	67346712
1787880471.019796078	s3-eth15	2046308	951452961
1787880471.019796078	s3-eth16	172398	58164942
1787880471.019796078	s3-eth17	1358738	85670816
1787880471.019796078	s3-eth18	4572	47643485
1787880471.019796078	s3-eth19	1301318556	850051
1787880471.019796078	s3-eth2	310622	310552
1787880471.019796078	s3-eth20	246048590	189296
1787880471.019796078	s3-eth21	234975662	12854
1787880471.019796078	s3-eth22	298591159	918503
1787880471.019796078	s3-eth23	1275685258	121110
1787880471.019796078	s3-eth24	267317354	766152
1787880471.019796078	s3-eth25	325237827	1259221
1787880471.019796078	s3-eth26	272460165	540278
1787880471.019796078	s3-eth27	2220953544	27301
1787880471.019796078	s3-eth28	80099719	1013323
1787880471.019796078	s3-eth29	21417591	86914
1787880471.019796078	s3-eth3	4771619	3809551574
1787880471.019796078	s3-eth30	133981219	1729703
1787880471.019796078	s3-eth31	1280067400	802371
1787880471.019796078	s3-eth32	91029911	1146372
1787880471.019796078	s3-eth33	96360829	1203143
1787880471.019796078	s3-eth34	48326776	536578
1787880471.019796078	s3-eth4	439471	80563310
1787880471.019796078	s3-eth5	466206	79834575
1787880471.019796078	s3-eth6	81320	56161531
1787880471.019796078	s3-eth7	1660591	1081867798
1787880471.019796078	s3-eth8	1527261	141613867
1787880471.019796078	s3-eth9	1002096	64474662
1787880471.019796078	s4-eth1	12044701554	25518443
1787880471.019796078	s4-eth10	722360	100035529
1787880471.019796078	s4-eth11	2616158	1450211362
1787880471.019796078	s4-eth12	872928	50856227
1787880471.019796078	s4-eth13	602709	39191890
1787880471.019796078	s4-eth14	4284	4305197
1787880471.019796078	s4-eth15	1754348	1030886499
1787880471.019796078	s4-eth16	1299784	132653555
1787880471.019796078	s4-eth17	1413303	138196992
1787880471.019796078	s4-eth18	536711	80226899
1787880471.019796078	s4-eth19	842655	718075497
1787880471.019796078	s4-eth2	310552	307710
1787880471.019796078	s4-eth20	182128	135586799
1787880471.019796078	s4-eth21	5310	124720654
1787880471.019796078	s4-eth22	911395	187025399
1787880471.019796078	s4-eth23	113383	1217434889
1787880471.019796078	s4-eth24	758981	163865724
1787880471.019796078	s4-eth25	1252163	211055936
1787880471.019796078	s4-eth26	533884	158091116
1787880471.019796078	s4-eth27	19581	1594110227
1787880471.019796078	s4-eth28	1006139	69812710
1787880471.019796078	s4-eth29	79970	12030526
1787880471.019796078	s4-eth3	820355	458902087
1787880471.019796078	s4-eth30	1725045	122255352
1787880471.019796078	s4-eth31	796222	1238895895
1787880471.019796078	s4-eth32	1139250	80177733
1787880471.019796078	s4-eth33	1199997	85798000
1787880471.019796078	s4-eth34	529822	38541941
1787880471.019796078	s4-eth4	185895	69755661
1787880471.019796078	s4-eth5	1092141	121783131
1787880471.019796078	s4-eth6	1421875	146282203
1787880471.019796078	s4-eth7	172310	1154857545
1787880471.019796078	s4-eth8	446694	85039524
1787880471.019796078	s4-eth9	231835	70354728
1787880471.019796078	s5-eth1	17965382696	21892949
1787880471.019796078	s5-eth2	7522837286	7564714351
1787880471.019796078	s5-eth3	29104560	14775947846
1787880471.019796078	s5-eth4	321680	307983
1787880471.019796078	s6-eth1	741009891	310622
1787880471.019796078	s6-eth2	310552	203010952
1787880471.019796078	s6-eth3	310552	356714145
1787880471.019796078	s6-eth4	321805	310552
1787880471.019796078	s7-eth1	7610557341	7988017759
1787880471.019796078	s7-eth2	25518443	12044701554
1787880471.019796078	s7-eth3	14286943171	29105808
1787880471.019796078	s7-eth4	321582	310552
1787880471.019796078	s8-eth1	310552	310622
1787880471.019796078	s8-eth2	307710	310552
1787880471.019796078	s8-eth3	310552	307983
1787880471.019796078	s8-eth4	321680	310552
1787880471.019796078	s9-eth1	14775947846	29104560
1787880471.019796078	s9-eth2	356714145	310552
1787880471.019796078	s9-eth3	29105808	14286943171
1787880471.019796078	s9-eth4	307983	310552
1787880473.317352472	s10-eth1	307983	321680
1787880473.317352472	s10-eth2	310552	321805
1787880473.317352472	s10-eth3	310552	321582
1787880473.317352472	s10-eth4	310552	321680
1787880473.317352472	s1-eth1	21892949	17965382696
1787880473.317352472	s1-eth10	6360	12021
1787880473.317352472	s1-eth11	2220912817	27977
1787880473.317352472	s1-eth12	267136824	561935
1787880473.317352472	s1-eth13	32263310	290390
1787880473.317352472	s1-eth14	252901660	316706
1787880473.317352472	s1-eth15	1183334748	2051261
1787880473.317352472	s1-eth16	244106365	179662
1787880473.317352472	s1-eth17	101797936	1362319
1787880473.317352472	s1-eth18	218880992	12162
1787880473.317352472	s1-eth19	5847542510	102714
1787880473.317352472	s1-eth2	310622	741009891
1787880473.317352472	s1-eth20	325325875	1174140
1787880473.317352472	s1-eth21	317937491	1346253
1787880473.317352472	s1-eth22	26877925	184286
1787880473.317352472	s1-eth23	1258237183	462423
1787880473.317352472	s1-eth24	234972870	12835
1787880473.317352472	s1-eth25	95928949	1134194
1787880473.317352472	s1-eth26	309749321	1069087
1787880473.317352472	s1-eth27	1284768759	96474
1787880473.317352472	s1-eth28	5706	11484
1787880473.317352472	s1-eth29	31921216	437677
1787880473.317352472	s1-eth3	6338986715	4778566
1787880473.317352472	s1-eth30	5486379	112308
1787880473.317352472	s1-eth31	1255231539	453561
1787880473.317352472	s1-eth32	218882390	12008
1787880473.317352472	s1-eth33	22476479	361354
1787880473.317352472	s1-eth34	21825547	132697
1787880473.317352472	s1-eth4	261862565	446050
1787880473.317352472	s1-eth5	262062186	473151
1787880473.317352472	s1-eth6	238901887	88755
1787880473.317352472	s1-eth7	1371336781	1665205
1787880473.317352472	s1-eth8	326685317	1533250
1787880473.317352472	s1-eth9	79895831	1008382
1787880473.317352472	s2-eth1	7564714351	7522837286
1787880473.317352472	s2-eth10	277950919	729792
1787880473.317352472	s2-eth11	2311507622	2617716
1787880473.317352472	s2-eth12	52175267	877537
1787880473.317352472	s2-eth13	51485309	609129
1787880473.317352472	s2-eth14	16099467	12168
1787880473.317352472	s2-eth15	1146688095	1756946
1787880473.317352472	s2-eth16	312772230	1305026
1787880473.317352472	s2-eth17	319194810	1417667
1787880473.317352472	s2-eth18	248788317	544122
1787880473.317352472	s2-eth19	95269	3451825081
1787880473.317352472	s2-eth2	203010952	310552
1787880473.317352472	s2-eth20	1168406	164529108
1787880473.317352472	s2-eth21	1339132	153182409
1787880473.317352472	s2-eth22	177086	14540532
1787880473.317352472	s2-eth23	455391	1028628687
1787880473.317352472	s2-eth24	5390	68525785
1787880473.317352472	s2-eth25	1129485	83710535
1787880473.317352472	s2-eth26	1062688	141829571
1787880473.317352472	s2-eth27	89214	1057618111
1787880473.317352472	s2-eth28	4195	12349
1787880473.317352472	s2-eth29	430440	31530900
1787880473.317352472	s2-eth3	1292937542	826591
1787880473.317352472	s2-eth30	104951	5328510
1787880473.317352472	s2-eth31	447019	1027438583
1787880473.317352472	s2-eth32	4508	62198487
1787880473.317352472	s2-eth33	354127	22149678
1787880473.317352472	s2-eth34	125161	9432745
1787880473.317352472	s2-eth4	245667229	193484
1787880473.317352472	s2-eth5	299218689	1095842
1787880473.317352472	s2-eth6	323710335	1429327
1787880473.317352472	s2-eth7	1278254634	179830
1787880473.317352472	s2-eth8	262555326	451050
1787880473.317352472	s2-eth9	247783373	238603
1787880473.317352472	s3-eth1	7988017759	7610557341
1787880473.317352472	s3-eth10	4434	11976
1787880473.317352472	s3-eth11	20230	1098712147
1787880473.317352472	s3-eth12	554453	81990021
1787880473.317352472	s3-eth13	282729	17391530
1787880473.317352472	s3-eth14	309275	67346712
1787880473.317352472	s3-eth15	2046308	951452961
1787880473.317352472	s3-eth16	172398	58164942
1787880473.317352472	s3-eth17	1358738	85670816
1787880473.317352472	s3-eth18	4572	47643485
1787880473.317352472	s3-eth19	1301318556	850051
1787880473.317352472	s3-eth2	310622	310552
1787880473.317352472	s3-eth20	246048590	189296
1787880473.317352472	s3-eth21	234975662	12854
1787880473.317352472	s3-eth22	298591159	918503
1787880473.317352472	s3-eth23	1275685258	121110
1787880473.317352472	s3-eth24	267317354	766152
1787880473.317352472	s3-eth25	325237827	1259221
1787880473.317352472	s3-eth26	272460165	540278
1787880473.317352472	s3-eth27	2220953544	27301
1787880473.317352472	s3-eth28	80099719	1013323
1787880473.317352472	s3-eth29	21417591	86914
1787880473.317352472	s3-eth3	4771619	3809551574
1787880473.317352472	s3-eth30	133981219	1729703
1787880473.317352472	s3-eth31	1280067400	802371
1787880473.317352472	s3-eth32	91029911	1146372
1787880473.317352472	s3-eth33	96360829	1203143
1787880473.317352472	s3-eth34	48326776	536578
1787880473.317352472	s3-eth4	439471	80563310
1787880473.317352472	s3-eth5	466206	79834575
1787880473.317352472	s3-eth6	81320	56161531
1787880473.317352472	s3-eth7	1660591	1081867798
1787880473.317352472	s3-eth8	1527261	141613867
1787880473.317352472	s3-eth9	1002096	64474662
1787880473.317352472	s4-eth1	12044701554	25518443
1787880473.317352472	s4-eth10	722360	100035529
1787880473.317352472	s4-eth11	2616158	1450211362
1787880473.317352472	s4-eth12	872928	50856227
1787880473.317352472	s4-eth13	602709	39191890
1787880473.317352472	s4-eth14	4284	4305197
1787880473.317352472	s4-eth15	1754348	1030886499
1787880473.317352472	s4-eth16	1299784	132653555
1787880473.317352472	s4-eth17	1413303	138196992
1787880473.317352472	s4-eth18	536711	80226899
1787880473.317352472	s4-eth19	842655	718075497
1787880473.317352472	s4-eth2	310552	307710
1787880473.317352472	s4-eth20	182128	135586799
1787880473.317352472	s4-eth21	5310	124720654
1787880473.317352472	s4-eth22	911395	187025399
1787880473.317352472	s4-eth23	113383	1217434889
1787880473.317352472	s4-eth24	758981	163865724
1787880473.317352472	s4-eth25	1252163	211055936
1787880473.317352472	s4-eth26	533884	158091116
1787880473.317352472	s4-eth27	19581	1594110227
1787880473.317352472	s4-eth28	1006139	69812710
1787880473.317352472	s4-eth29	79970	12030526
1787880473.317352472	s4-eth3	820355	458902087
1787880473.317352472	s4-eth30	1725045	122255352
1787880473.317352472	s4-eth31	796222	1238895895
1787880473.317352472	s4-eth32	1139250	80177733
1787880473.317352472	s4-eth33	1199997	85798000
1787880473.317352472	s4-eth34	529822	38541941
1787880473.317352472	s4-eth4	185895	69755661
1787880473.317352472	s4-eth5	1092141	121783131
1787880473.317352472	s4-eth6	1421875	146282203
1787880473.317352472	s4-eth7	172310	1154857545
1787880473.317352472	s4-eth8	446694	85039524
1787880473.317352472	s4-eth9	231835	70354728
1787880473.317352472	s5-eth1	17965382696	21892949
1787880473.317352472	s5-eth2	7522837286	7564714351
1787880473.317352472	s5-eth3	29104560	14775947846
1787880473.317352472	s5-eth4	321680	307983
1787880473.317352472	s6-eth1	741009891	310622
1787880473.317352472	s6-eth2	310552	203010952
1787880473.317352472	s6-eth3	310552	356714145
1787880473.317352472	s6-eth4	321805	310552
1787880473.317352472	s7-eth1	7610557341	7988017759
1787880473.317352472	s7-eth2	25518443	12044701554
1787880473.317352472	s7-eth3	14286943171	29105808
1787880473.317352472	s7-eth4	321582	310552
1787880473.317352472	s8-eth1	310552	310622
1787880473.317352472	s8-eth2	307710	310552
1787880473.317352472	s8-eth3	310552	307983
1787880473.317352472	s8-eth4	321680	310552
1787880473.317352472	s9-eth1	14775947846	29104560
1787880473.317352472	s9-eth2	356714145	310552
1787880473.317352472	s9-eth3	29105808	14286943171
1787880473.317352472	s9-eth4	307983	310552
1787880475.610725143	s10-eth1	308010	321708
1787880475.610725143	s10-eth2	310579	321833
1787880475.610725143	s10-eth3	310579	321610
1787880475.610725143	s10-eth4	310579	321708
1787880475.610725143	s1-eth1	21892976	17965382723
1787880475.610725143	s1-eth10	6360	12021
1787880475.610725143	s1-eth11	2220912817	27977
1787880475.610725143	s1-eth12	267136824	561935
1787880475.610725143	s1-eth13	32263310	290390
1787880475.610725143	s1-eth14	252901660	316706
1787880475.610725143	s1-eth15	1183334748	2051261
1787880475.610725143	s1-eth16	244106365	179662
1787880475.610725143	s1-eth17	101797936	1362319
1787880475.610725143	s1-eth18	218880992	12162
1787880475.610725143	s1-eth19	5847542510	102714
1787880475.610725143	s1-eth2	310649	741009918
1787880475.610725143	s1-eth20	325325875	1174140
1787880475.610725143	s1-eth21	317937491	1346253
1787880475.610725143	s1-eth22	26877925	184286
1787880475.610725143	s1-eth23	1258237183	462423
1787880475.610725143	s1-eth24	234972870	12835
1787880475.610725143	s1-eth25	95928949	1134194
1787880475.610725143	s1-eth26	309749321	1069087
1787880475.610725143	s1-eth27	1284768759	96474
1787880475.610725143	s1-eth28	5706	11484
1787880475.610725143	s1-eth29	31921216	437677
1787880475.610725143	s1-eth3	6338986715	4778566
1787880475.610725143	s1-eth30	5486379	112308
1787880475.610725143	s1-eth31	1255231539	453561
1787880475.610725143	s1-eth32	218882390	12008
1787880475.610725143	s1-eth33	22476479	361354
1787880475.610725143	s1-eth34	21825547	132697
1787880475.610725143	s1-eth4	261862565	446050
1787880475.610725143	s1-eth5	262062186	473151
1787880475.610725143	s1-eth6	238901887	88755
1787880475.610725143	s1-eth7	1371336781	1665205
1787880475.610725143	s1-eth8	326685317	1533250
1787880475.610725143	s1-eth9	79895831	1008382
1787880475.610725143	s2-eth1	7564714378	7522837313
1787880475.610725143	s2-eth10	277950919	729792
1787880475.610725143	s2-eth11	2311507622	2617716
1787880475.610725143	s2-eth12	52175267	877537
1787880475.610725143	s2-eth13	51485309	609129
1787880475.610725143	s2-eth14	16099467	12168
1787880475.610725143	s2-eth15	1146688095	1756946
1787880475.610725143	s2-eth16	312772230	1305026
1787880475.610725143	s2-eth17	319194810	1417667
1787880475.610725143	s2-eth18	248788317	544122
1787880475.610725143	s2-eth19	95269	3451825081
1787880475.610725143	s2-eth2	203010979	310579
1787880475.610725143	s2-eth20	1168406	164529108
1787880475.610725143	s2-eth21	1339132	153182409
1787880475.610725143	s2-eth22	177086	14540532
1787880475.610725143	s2-eth23	455391	1028628687
1787880475.610725143	s2-eth24	5390	68525785
1787880475.610725143	s2-eth25	1129485	83710535
1787880475.610725143	s2-eth26	1062688	141829571
1787880475.610725143	s2-eth27	89214	1057618111
1787880475.610725143	s2-eth28	4195	12349
1787880475.610725143	s2-eth29	430440	31530900
1787880475.610725143	s2-eth3	1292937542	826591
1787880475.610725143	s2-eth30	104951	5328510
1787880475.610725143	s2-eth31	447019	1027438583
1787880475.610725143	s2-eth32	4508	62198487
1787880475.610725143	s2-eth33	354127	22149678
1787880475.610725143	s2-eth34	125161	9432745
1787880475.610725143	s2-eth4	245667229	193484
1787880475.610725143	s2-eth5	299218689	1095842
1787880475.610725143	s2-eth6	323710335	1429327
1787880475.610725143	s2-eth7	1278254634	179830
1787880475.610725143	s2-eth8	262555326	451050
1787880475.610725143	s2-eth9	247783373	238603
1787880475.610725143	s3-eth1	7988017786	7610557368
1787880475.610725143	s3-eth10	4434	11976
1787880475.610725143	s3-eth11	20230	1098712147
1787880475.610725143	s3-eth12	554453	81990021
1787880475.610725143	s3-eth13	282729	17391530
1787880475.610725143	s3-eth14	309275	67346712
1787880475.610725143	s3-eth15	2046308	951452961
1787880475.610725143	s3-eth16	172398	58164942
1787880475.610725143	s3-eth17	1358738	85670816
1787880475.610725143	s3-eth18	4572	47643485
1787880475.610725143	s3-eth19	1301318556	850051
1787880475.610725143	s3-eth2	310649	310579
1787880475.610725143	s3-eth20	246048590	189296
1787880475.610725143	s3-eth21	234975662	12854
1787880475.610725143	s3-eth22	298591159	918503
1787880475.610725143	s3-eth23	1275685258	121110
1787880475.610725143	s3-eth24	267317354	766152
1787880475.610725143	s3-eth25	325237827	1259221
1787880475.610725143	s3-eth26	272460165	540278
1787880475.610725143	s3-eth27	2220953544	27301
1787880475.610725143	s3-eth28	80099719	1013323
1787880475.610725143	s3-eth29	21417591	86914
1787880475.610725143	s3-eth3	4771619	3809551574
1787880475.610725143	s3-eth30	133981219	1729703
1787880475.610725143	s3-eth31	1280067400	802371
1787880475.610725143	s3-eth32	91029911	1146372
1787880475.610725143	s3-eth33	96360829	1203143
1787880475.610725143	s3-eth34	48326776	536578
1787880475.610725143	s3-eth4	439471	80563310
1787880475.610725143	s3-eth5	466206	79834575
1787880475.610725143	s3-eth6	81320	56161531
1787880475.610725143	s3-eth7	1660591	1081867798
1787880475.610725143	s3-eth8	1527261	141613867
1787880475.610725143	s3-eth9	1002096	64474662
1787880475.610725143	s4-eth1	12044701581	25518470
1787880475.610725143	s4-eth10	722360	100035529
1787880475.610725143	s4-eth11	2616158	1450211362
1787880475.610725143	s4-eth12	872928	50856227
1787880475.610725143	s4-eth13	602709	39191890
1787880475.610725143	s4-eth14	4284	4305197
1787880475.610725143	s4-eth15	1754348	1030886499
1787880475.610725143	s4-eth16	1299784	132653555
1787880475.610725143	s4-eth17	1413303	138196992
1787880475.610725143	s4-eth18	536711	80226899
1787880475.610725143	s4-eth19	842655	718075497
1787880475.610725143	s4-eth2	310579	307737
1787880475.610725143	s4-eth20	182128	135586799
1787880475.610725143	s4-eth21	5310	124720654
1787880475.610725143	s4-eth22	911395	187025399
1787880475.610725143	s4-eth23	113383	1217434889
1787880475.610725143	s4-eth24	758981	163865724
1787880475.610725143	s4-eth25	1252163	211055936
1787880475.610725143	s4-eth26	533884	158091116
1787880475.610725143	s4-eth27	19581	1594110227
1787880475.610725143	s4-eth28	1006139	69812710
1787880475.610725143	s4-eth29	79970	12030526
1787880475.610725143	s4-eth3	820355	458902087
1787880475.610725143	s4-eth30	1725045	122255352
1787880475.610725143	s4-eth31	796222	1238895895
1787880475.610725143	s4-eth32	1139250	80177733
1787880475.610725143	s4-eth33	1199997	85798000
1787880475.610725143	s4-eth34	529822	38541941
1787880475.610725143	s4-eth4	185895	69755661
1787880475.610725143	s4-eth5	1092141	121783131
1787880475.610725143	s4-eth6	1421875	146282203
1787880475.610725143	s4-eth7	172310	1154857545
1787880475.610725143	s4-eth8	446694	85039524
1787880475.610725143	s4-eth9	231835	70354728
1787880475.610725143	s5-eth1	17965382723	21892976
1787880475.610725143	s5-eth2	7522837313	7564714378
1787880475.610725143	s5-eth3	29104587	14775947873
1787880475.610725143	s5-eth4	321708	308010
1787880475.610725143	s6-eth1	741009918	310649
1787880475.610725143	s6-eth2	310579	203010979
1787880475.610725143	s6-eth3	310579	356714172
1787880475.610725143	s6-eth4	321833	310579
1787880475.610725143	s7-eth1	7610557368	7988017786
1787880475.610725143	s7-eth2	25518470	12044701581
1787880475.610725143	s7-eth3	14286943198	29105835
1787880475.610725143	s7-eth4	321610	310579
1787880475.610725143	s8-eth1	310579	310649
1787880475.610725143	s8-eth2	307737	310579
1787880475.610725143	s8-eth3	310579	308010
1787880475.610725143	s8-eth4	321708	310579
1787880475.610725143	s9-eth1	14775947873	29104587
1787880475.610725143	s9-eth2	356714172	310579
1787880475.610725143	s9-eth3	29105835	14286943198
1787880475.610725143	s9-eth4	308010	310579
1787880477.878384192	s10-eth1	308010	321708
1787880477.878384192	s10-eth2	310579	321833
1787880477.878384192	s10-eth3	310579	321610
1787880477.878384192	s10-eth4	310579	321708
1787880477.878384192	s1-eth1	21892976	17965382723
1787880477.878384192	s1-eth10	6360	12021
1787880477.878384192	s1-eth11	2220912817	27977
1787880477.878384192	s1-eth12	267136824	561935
1787880477.878384192	s1-eth13	32263310	290390
1787880477.878384192	s1-eth14	252901660	316706
1787880477.878384192	s1-eth15	1183334748	2051261
1787880477.878384192	s1-eth16	244106365	179662
1787880477.878384192	s1-eth17	101797936	1362319
1787880477.878384192	s1-eth18	218880992	12162
1787880477.878384192	s1-eth19	5847542510	102714
1787880477.878384192	s1-eth2	310649	741009918
1787880477.878384192	s1-eth20	325325875	1174140
1787880477.878384192	s1-eth21	317937491	1346253
1787880477.878384192	s1-eth22	26877925	184286
1787880477.878384192	s1-eth23	1258237183	462423
1787880477.878384192	s1-eth24	234972870	12835
1787880477.878384192	s1-eth25	95928949	1134194
1787880477.878384192	s1-eth26	309749321	1069087
1787880477.878384192	s1-eth27	1284768759	96474
1787880477.878384192	s1-eth28	5706	11484
1787880477.878384192	s1-eth29	31921216	437677
1787880477.878384192	s1-eth3	6338986715	4778566
1787880477.878384192	s1-eth30	5486379	112308
1787880477.878384192	s1-eth31	1255231539	453561
1787880477.878384192	s1-eth32	218882390	12008
1787880477.878384192	s1-eth33	22476479	361354
1787880477.878384192	s1-eth34	21825547	132697
1787880477.878384192	s1-eth4	261862565	446050
1787880477.878384192	s1-eth5	262062186	473151
1787880477.878384192	s1-eth6	238901887	88755
1787880477.878384192	s1-eth7	1371336781	1665205
1787880477.878384192	s1-eth8	326685317	1533250
1787880477.878384192	s1-eth9	79895831	1008382
1787880477.878384192	s2-eth1	7564714378	7522837313
1787880477.878384192	s2-eth10	277950919	729792
1787880477.878384192	s2-eth11	2311507622	2617716
1787880477.878384192	s2-eth12	52175267	877537
1787880477.878384192	s2-eth13	51485309	609129
1787880477.878384192	s2-eth14	16099467	12168
1787880477.878384192	s2-eth15	1146688095	1756946
1787880477.878384192	s2-eth16	312772230	1305026
1787880477.878384192	s2-eth17	319194810	1417667
1787880477.878384192	s2-eth18	248788317	544122
1787880477.878384192	s2-eth19	95269	3451825081
1787880477.878384192	s2-eth2	203010979	310579
1787880477.878384192	s2-eth20	1168406	164529108
1787880477.878384192	s2-eth21	1339132	153182409
1787880477.878384192	s2-eth22	177086	14540532
1787880477.878384192	s2-eth23	455391	1028628687
1787880477.878384192	s2-eth24	5390	68525785
1787880477.878384192	s2-eth25	1129485	83710535
1787880477.878384192	s2-eth26	1062688	141829571
1787880477.878384192	s2-eth27	89214	1057618111
1787880477.878384192	s2-eth28	4195	12349
1787880477.878384192	s2-eth29	430440	31530900
1787880477.878384192	s2-eth3	1292937542	826591
1787880477.878384192	s2-eth30	104951	5328510
1787880477.878384192	s2-eth31	447019	1027438583
1787880477.878384192	s2-eth32	4508	62198487
1787880477.878384192	s2-eth33	354127	22149678
1787880477.878384192	s2-eth34	125161	9432745
1787880477.878384192	s2-eth4	245667229	193484
1787880477.878384192	s2-eth5	299218689	1095842
1787880477.878384192	s2-eth6	323710335	1429327
1787880477.878384192	s2-eth7	1278254634	179830
1787880477.878384192	s2-eth8	262555326	451050
1787880477.878384192	s2-eth9	247783373	238603
1787880477.878384192	s3-eth1	7988017786	7610557368
1787880477.878384192	s3-eth10	4434	11976
1787880477.878384192	s3-eth11	20230	1098712147
1787880477.878384192	s3-eth12	554453	81990021
1787880477.878384192	s3-eth13	282729	17391530
1787880477.878384192	s3-eth14	309275	67346712
1787880477.878384192	s3-eth15	2046308	951452961
1787880477.878384192	s3-eth16	172398	58164942
1787880477.878384192	s3-eth17	1358738	85670816
1787880477.878384192	s3-eth18	4572	47643485
1787880477.878384192	s3-eth19	1301318556	850051
1787880477.878384192	s3-eth2	310649	310579
1787880477.878384192	s3-eth20	246048590	189296
1787880477.878384192	s3-eth21	234975662	12854
1787880477.878384192	s3-eth22	298591159	918503
1787880477.878384192	s3-eth23	1275685258	121110
1787880477.878384192	s3-eth24	267317354	766152
1787880477.878384192	s3-eth25	325237827	1259221
1787880477.878384192	s3-eth26	272460165	540278
1787880477.878384192	s3-eth27	2220953544	27301
1787880477.878384192	s3-eth28	80099719	1013323
1787880477.878384192	s3-eth29	21417591	86914
1787880477.878384192	s3-eth3	4771619	3809551574
1787880477.878384192	s3-eth30	133981219	1729703
1787880477.878384192	s3-eth31	1280067400	802371
1787880477.878384192	s3-eth32	91029911	1146372
1787880477.878384192	s3-eth33	96360829	1203143
1787880477.878384192	s3-eth34	48326776	536578
1787880477.878384192	s3-eth4	439471	80563310
1787880477.878384192	s3-eth5	466206	79834575
1787880477.878384192	s3-eth6	81320	56161531
1787880477.878384192	s3-eth7	1660591	1081867798
1787880477.878384192	s3-eth8	1527261	141613867
1787880477.878384192	s3-eth9	1002096	64474662
1787880477.878384192	s4-eth1	12044701581	25518470
1787880477.878384192	s4-eth10	722360	100035529
1787880477.878384192	s4-eth11	2616158	1450211362
1787880477.878384192	s4-eth12	872928	50856227
1787880477.878384192	s4-eth13	602709	39191890
1787880477.878384192	s4-eth14	4284	4305197
1787880477.878384192	s4-eth15	1754348	1030886499
1787880477.878384192	s4-eth16	1299784	132653555
1787880477.878384192	s4-eth17	1413303	138196992
1787880477.878384192	s4-eth18	536711	80226899
1787880477.878384192	s4-eth19	842655	718075497
1787880477.878384192	s4-eth2	310579	307737
1787880477.878384192	s4-eth20	182128	135586799
1787880477.878384192	s4-eth21	5310	124720654
1787880477.878384192	s4-eth22	911395	187025399
1787880477.878384192	s4-eth23	113383	1217434889
1787880477.878384192	s4-eth24	758981	163865724
1787880477.878384192	s4-eth25	1252163	211055936
1787880477.878384192	s4-eth26	533884	158091116
1787880477.878384192	s4-eth27	19581	1594110227
1787880477.878384192	s4-eth28	1006139	69812710
1787880477.878384192	s4-eth29	79970	12030526
1787880477.878384192	s4-eth3	820355	458902087
1787880477.878384192	s4-eth30	1725045	122255352
1787880477.878384192	s4-eth31	796222	1238895895
1787880477.878384192	s4-eth32	1139250	80177733
1787880477.878384192	s4-eth33	1199997	85798000
1787880477.878384192	s4-eth34	529822	38541941
1787880477.878384192	s4-eth4	185895	69755661
1787880477.878384192	s4-eth5	1092141	121783131
1787880477.878384192	s4-eth6	1421875	146282203
1787880477.878384192	s4-eth7	172310	1154857545
1787880477.878384192	s4-eth8	446694	85039524
1787880477.878384192	s4-eth9	231835	70354728
1787880477.878384192	s5-eth1	17965382723	21892976
1787880477.878384192	s5-eth2	7522837313	7564714378
1787880477.878384192	s5-eth3	29104587	14775947873
1787880477.878384192	s5-eth4	321708	308010
1787880477.878384192	s6-eth1	741009918	310649
1787880477.878384192	s6-eth2	310579	203010979
1787880477.878384192	s6-eth3	310579	356714172
1787880477.878384192	s6-eth4	321833	310579
1787880477.878384192	s7-eth1	7610557368	7988017786
1787880477.878384192	s7-eth2	25518470	12044701581
1787880477.878384192	s7-eth3	14286943198	29105835
1787880477.878384192	s7-eth4	321610	310579
1787880477.878384192	s8-eth1	310579	310649
1787880477.878384192	s8-eth2	307737	310579
1787880477.878384192	s8-eth3	310579	308010
1787880477.878384192	s8-eth4	321708	310579
1787880477.878384192	s9-eth1	14775947873	29104587
1787880477.878384192	s9-eth2	356714172	310579
1787880477.878384192	s9-eth3	29105835	14286943198
1787880477.878384192	s9-eth4	308010	310579
1787880480.170133773	s10-eth1	308037	321736
1787880480.170133773	s10-eth2	310606	321861
1787880480.170133773	s10-eth3	310606	321638
1787880480.170133773	s10-eth4	310606	321736
1787880480.170133773	s1-eth1	21893003	17965382750
1787880480.170133773	s1-eth10	6360	12021
1787880480.170133773	s1-eth11	2220912817	27977
1787880480.170133773	s1-eth12	267136824	561935
1787880480.170133773	s1-eth13	32263310	290390
1787880480.170133773	s1-eth14	252901660	316706
1787880480.170133773	s1-eth15	1183334748	2051261
1787880480.170133773	s1-eth16	244106365	179662
1787880480.170133773	s1-eth17	101797936	1362319
1787880480.170133773	s1-eth18	218880992	12162
1787880480.170133773	s1-eth19	5847542510	102714
1787880480.170133773	s1-eth2	310676	741009945
1787880480.170133773	s1-eth20	325325875	1174140
1787880480.170133773	s1-eth21	317937491	1346253
1787880480.170133773	s1-eth22	26877925	184286
1787880480.170133773	s1-eth23	1258237183	462423
1787880480.170133773	s1-eth24	234972870	12835
1787880480.170133773	s1-eth25	95928949	1134194
1787880480.170133773	s1-eth26	309749321	1069087
1787880480.170133773	s1-eth27	1284768759	96474
1787880480.170133773	s1-eth28	5706	11484
1787880480.170133773	s1-eth29	31921216	437677
1787880480.170133773	s1-eth3	6338986715	4778566
1787880480.170133773	s1-eth30	5486379	112308
1787880480.170133773	s1-eth31	1255231539	453561
1787880480.170133773	s1-eth32	218882390	12008
1787880480.170133773	s1-eth33	22476479	361354
1787880480.170133773	s1-eth34	21825547	132697
1787880480.170133773	s1-eth4	261862565	446050
1787880480.170133773	s1-eth5	262062186	473151
1787880480.170133773	s1-eth6	238901887	88755
1787880480.170133773	s1-eth7	1371336781	1665205
1787880480.170133773	s1-eth8	326685317	1533250
1787880480.170133773	s1-eth9	79895831	1008382
1787880480.170133773	s2-eth1	7564714405	7522837340
1787880480.170133773	s2-eth10	277950919	729792
1787880480.170133773	s2-eth11	2311507622	2617716
1787880480.170133773	s2-eth12	52175267	877537
1787880480.170133773	s2-eth13	51485309	609129
1787880480.170133773	s2-eth14	16099467	12168
1787880480.170133773	s2-eth15	1146688095	1756946
1787880480.170133773	s2-eth16	312772230	1305026
1787880480.170133773	s2-eth17	319194810	1417667
1787880480.170133773	s2-eth18	248788317	544122
1787880480.170133773	s2-eth19	95269	3451825081
1787880480.170133773	s2-eth2	203011006	310606
1787880480.170133773	s2-eth20	1168406	164529108
1787880480.170133773	s2-eth21	1339132	153182409
1787880480.170133773	s2-eth22	177086	14540532
1787880480.170133773	s2-eth23	455391	1028628687
1787880480.170133773	s2-eth24	5390	68525785
1787880480.170133773	s2-eth25	1129485	83710535
1787880480.170133773	s2-eth26	1062688	141829571
1787880480.170133773	s2-eth27	89214	1057618111
1787880480.170133773	s2-eth28	4195	12349
1787880480.170133773	s2-eth29	430440	31530900
1787880480.170133773	s2-eth3	1292937542	826591
1787880480.170133773	s2-eth30	104951	5328510
1787880480.170133773	s2-eth31	447019	1027438583
1787880480.170133773	s2-eth32	4508	62198487
1787880480.170133773	s2-eth33	354127	22149678
1787880480.170133773	s2-eth34	125161	9432745
1787880480.170133773	s2-eth4	245667229	193484
1787880480.170133773	s2-eth5	299218689	1095842
1787880480.170133773	s2-eth6	323710335	1429327
1787880480.170133773	s2-eth7	1278254634	179830
1787880480.170133773	s2-eth8	262555326	451050
1787880480.170133773	s2-eth9	247783373	238603
1787880480.170133773	s3-eth1	7988017813	7610557395
1787880480.170133773	s3-eth10	4434	11976
1787880480.170133773	s3-eth11	20230	1098712147
1787880480.170133773	s3-eth12	554453	81990021
1787880480.170133773	s3-eth13	282729	17391530
1787880480.170133773	s3-eth14	309275	67346712
1787880480.170133773	s3-eth15	2046308	951452961
1787880480.170133773	s3-eth16	172398	58164942
1787880480.170133773	s3-eth17	1358738	85670816
1787880480.170133773	s3-eth18	4572	47643485
1787880480.170133773	s3-eth19	1301318556	850051
1787880480.170133773	s3-eth2	310676	310606
1787880480.170133773	s3-eth20	246048590	189296
1787880480.170133773	s3-eth21	234975662	12854
1787880480.170133773	s3-eth22	298591159	918503
1787880480.170133773	s3-eth23	1275685258	121110
1787880480.170133773	s3-eth24	267317354	766152
1787880480.170133773	s3-eth25	325237827	1259221
1787880480.170133773	s3-eth26	272460165	540278
1787880480.170133773	s3-eth27	2220953544	27301
1787880480.170133773	s3-eth28	80099719	1013323
1787880480.170133773	s3-eth29	21417591	86914
1787880480.170133773	s3-eth3	4771619	3809551574
1787880480.170133773	s3-eth30	133981219	1729703
1787880480.170133773	s3-eth31	1280067400	802371
1787880480.170133773	s3-eth32	91029911	1146372
1787880480.170133773	s3-eth33	96360829	1203143
1787880480.170133773	s3-eth34	48326776	536578
1787880480.170133773	s3-eth4	439471	80563310
1787880480.170133773	s3-eth5	466206	79834575
1787880480.170133773	s3-eth6	81320	56161531
1787880480.170133773	s3-eth7	1660591	1081867798
1787880480.170133773	s3-eth8	1527261	141613867
1787880480.170133773	s3-eth9	1002096	64474662
1787880480.170133773	s4-eth1	12044701608	25518497
1787880480.170133773	s4-eth10	722360	100035529
1787880480.170133773	s4-eth11	2616158	1450211362
1787880480.170133773	s4-eth12	872928	50856227
1787880480.170133773	s4-eth13	602709	39191890
1787880480.170133773	s4-eth14	4284	4305197
1787880480.170133773	s4-eth15	1754348	1030886499
1787880480.170133773	s4-eth16	1299784	132653555
1787880480.170133773	s4-eth17	1413303	138196992
1787880480.170133773	s4-eth18	536711	80226899
1787880480.170133773	s4-eth19	842655	718075497
1787880480.170133773	s4-eth2	310606	307764
1787880480.170133773	s4-eth20	182128	135586799
1787880480.170133773	s4-eth21	5310	124720654
1787880480.170133773	s4-eth22	911395	187025399
1787880480.170133773	s4-eth23	113383	1217434889
1787880480.170133773	s4-eth24	758981	163865724
1787880480.170133773	s4-eth25	1252163	211055936
1787880480.170133773	s4-eth26	533884	158091116
1787880480.170133773	s4-eth27	19581	1594110227
1787880480.170133773	s4-eth28	1006139	69812710
1787880480.170133773	s4-eth29	79970	12030526
1787880480.170133773	s4-eth3	820355	458902087
1787880480.170133773	s4-eth30	1725045	122255352
1787880480.170133773	s4-eth31	796222	1238895895
1787880480.170133773	s4-eth32	1139250	80177733
1787880480.170133773	s4-eth33	1199997	85798000
1787880480.170133773	s4-eth34	529822	38541941
1787880480.170133773	s4-eth4	185895	69755661
1787880480.170133773	s4-eth5	1092141	121783131
1787880480.170133773	s4-eth6	1421875	146282203
1787880480.170133773	s4-eth7	172310	1154857545
1787880480.170133773	s4-eth8	446694	85039524
1787880480.170133773	s4-eth9	231835	70354728
1787880480.170133773	s5-eth1	17965382750	21893003
1787880480.170133773	s5-eth2	7522837340	7564714405
1787880480.170133773	s5-eth3	29104614	14775947900
1787880480.170133773	s5-eth4	321736	308037
1787880480.170133773	s6-eth1	741009945	310676
1787880480.170133773	s6-eth2	310606	203011006
1787880480.170133773	s6-eth3	310606	356714199
1787880480.170133773	s6-eth4	321861	310606
1787880480.170133773	s7-eth1	7610557395	7988017813
1787880480.170133773	s7-eth2	25518497	12044701608
1787880480.170133773	s7-eth3	14286943225	29105862
1787880480.170133773	s7-eth4	321638	310606
1787880480.170133773	s8-eth1	310606	310676
1787880480.170133773	s8-eth2	307764	310606
1787880480.170133773	s8-eth3	310606	308037
1787880480.170133773	s8-eth4	321736	310606
1787880480.170133773	s9-eth1	14775947900	29104614
1787880480.170133773	s9-eth2	356714199	310606
1787880480.170133773	s9-eth3	29105862	14286943225
1787880480.170133773	s9-eth4	308037	310606
1787880482.438658202	s10-eth1	308037	321736
1787880482.438658202	s10-eth2	310606	321861
1787880482.438658202	s10-eth3	310606	321638
1787880482.438658202	s10-eth4	310606	321736
1787880482.438658202	s1-eth1	21893003	17965382750
1787880482.438658202	s1-eth10	6360	12021
1787880482.438658202	s1-eth11	2220912817	27977
1787880482.438658202	s1-eth12	267136824	561935
1787880482.438658202	s1-eth13	32263310	290390
1787880482.438658202	s1-eth14	252901660	316706
1787880482.438658202	s1-eth15	1183334748	2051261
1787880482.438658202	s1-eth16	244106365	179662
1787880482.438658202	s1-eth17	101797936	1362319
1787880482.438658202	s1-eth18	218880992	12162
1787880482.438658202	s1-eth19	5847542510	102714
1787880482.438658202	s1-eth2	310676	741009945
1787880482.438658202	s1-eth20	325325875	1174140
1787880482.438658202	s1-eth21	317937491	1346253
1787880482.438658202	s1-eth22	26877925	184286
1787880482.438658202	s1-eth23	1258237183	462423
1787880482.438658202	s1-eth24	234972870	12835
1787880482.438658202	s1-eth25	95928949	1134194
1787880482.438658202	s1-eth26	309749321	1069087
1787880482.438658202	s1-eth27	1284768759	96474
1787880482.438658202	s1-eth28	5706	11484
1787880482.438658202	s1-eth29	31921216	437677
1787880482.438658202	s1-eth3	6338986715	4778566
1787880482.438658202	s1-eth30	5486379	112308
1787880482.438658202	s1-eth31	1255231539	453561
1787880482.438658202	s1-eth32	218882390	12008
1787880482.438658202	s1-eth33	22476479	361354
1787880482.438658202	s1-eth34	21825547	132697
1787880482.438658202	s1-eth4	261862565	446050
1787880482.438658202	s1-eth5	262062186	473151
1787880482.438658202	s1-eth6	238901887	88755
1787880482.438658202	s1-eth7	1371336781	1665205
1787880482.438658202	s1-eth8	326685317	1533250
1787880482.438658202	s1-eth9	79895831	1008382
1787880482.438658202	s2-eth1	7564714405	7522837340
1787880482.438658202	s2-eth10	277950919	729792
1787880482.438658202	s2-eth11	2311507622	2617716
1787880482.438658202	s2-eth12	52175267	877537
1787880482.438658202	s2-eth13	51485309	609129
1787880482.438658202	s2-eth14	16099467	12168
1787880482.438658202	s2-eth15	1146688095	1756946
1787880482.438658202	s2-eth16	312772230	1305026
1787880482.438658202	s2-eth17	319194810	1417667
1787880482.438658202	s2-eth18	248788317	544122
1787880482.438658202	s2-eth19	95269	3451825081
1787880482.438658202	s2-eth2	203011006	310606
1787880482.438658202	s2-eth20	1168406	164529108
1787880482.438658202	s2-eth21	1339132	153182409
1787880482.438658202	s2-eth22	177086	14540532
1787880482.438658202	s2-eth23	455391	1028628687
1787880482.438658202	s2-eth24	5390	68525785
1787880482.438658202	s2-eth25	1129485	83710535
1787880482.438658202	s2-eth26	1062688	141829571
1787880482.438658202	s2-eth27	89214	1057618111
1787880482.438658202	s2-eth28	4195	12349
1787880482.438658202	s2-eth29	430440	31530900
1787880482.438658202	s2-eth3	1292937542	826591
1787880482.438658202	s2-eth30	104951	5328510
1787880482.438658202	s2-eth31	447019	1027438583
1787880482.438658202	s2-eth32	4508	62198487
1787880482.438658202	s2-eth33	354127	22149678
1787880482.438658202	s2-eth34	125161	9432745
1787880482.438658202	s2-eth4	245667229	193484
1787880482.438658202	s2-eth5	299218689	1095842
1787880482.438658202	s2-eth6	323710335	1429327
1787880482.438658202	s2-eth7	1278254634	179830
1787880482.438658202	s2-eth8	262555326	451050
1787880482.438658202	s2-eth9	247783373	238603
1787880482.438658202	s3-eth1	7988017813	7610557395
1787880482.438658202	s3-eth10	4434	11976
1787880482.438658202	s3-eth11	20230	1098712147
1787880482.438658202	s3-eth12	554453	81990021
1787880482.438658202	s3-eth13	282729	17391530
1787880482.438658202	s3-eth14	309275	67346712
1787880482.438658202	s3-eth15	2046308	951452961
1787880482.438658202	s3-eth16	172398	58164942
1787880482.438658202	s3-eth17	1358738	85670816
1787880482.438658202	s3-eth18	4572	47643485
1787880482.438658202	s3-eth19	1301318556	850051
1787880482.438658202	s3-eth2	310676	310606
1787880482.438658202	s3-eth20	246048590	189296
1787880482.438658202	s3-eth21	234975662	12854
1787880482.438658202	s3-eth22	298591159	918503
1787880482.438658202	s3-eth23	1275685258	121110
1787880482.438658202	s3-eth24	267317354	766152
1787880482.438658202	s3-eth25	325237827	1259221
1787880482.438658202	s3-eth26	272460165	540278
1787880482.438658202	s3-eth27	2220953544	27301
1787880482.438658202	s3-eth28	80099719	1013323
1787880482.438658202	s3-eth29	21417591	86914
1787880482.438658202	s3-eth3	4771619	3809551574
1787880482.438658202	s3-eth30	133981219	1729703
1787880482.438658202	s3-eth31	1280067400	802371
1787880482.438658202	s3-eth32	91029911	1146372
1787880482.438658202	s3-eth33	96360829	1203143
1787880482.438658202	s3-eth34	48326776	536578
1787880482.438658202	s3-eth4	439471	80563310
1787880482.438658202	s3-eth5	466206	79834575
1787880482.438658202	s3-eth6	81320	56161531
1787880482.438658202	s3-eth7	1660591	1081867798
1787880482.438658202	s3-eth8	1527261	141613867
1787880482.438658202	s3-eth9	1002096	64474662
1787880482.438658202	s4-eth1	12044701608	25518497
1787880482.438658202	s4-eth10	722360	100035529
1787880482.438658202	s4-eth11	2616158	1450211362
1787880482.438658202	s4-eth12	872928	50856227
1787880482.438658202	s4-eth13	602709	39191890
1787880482.438658202	s4-eth14	4284	4305197
1787880482.438658202	s4-eth15	1754348	1030886499
1787880482.438658202	s4-eth16	1299784	132653555
1787880482.438658202	s4-eth17	1413303	138196992
1787880482.438658202	s4-eth18	536711	80226899
1787880482.438658202	s4-eth19	842655	718075497
1787880482.438658202	s4-eth2	310606	307764
1787880482.438658202	s4-eth20	182128	135586799
1787880482.438658202	s4-eth21	5310	124720654
1787880482.438658202	s4-eth22	911395	187025399
1787880482.438658202	s4-eth23	113383	1217434889
1787880482.438658202	s4-eth24	758981	163865724
1787880482.438658202	s4-eth25	1252163	211055936
1787880482.438658202	s4-eth26	533884	158091116
1787880482.438658202	s4-eth27	19581	1594110227
1787880482.438658202	s4-eth28	1006139	69812710
1787880482.438658202	s4-eth29	79970	12030526
1787880482.438658202	s4-eth3	820355	458902087
1787880482.438658202	s4-eth30	1725045	122255352
1787880482.438658202	s4-eth31	796222	1238895895
1787880482.438658202	s4-eth32	1139250	80177733
1787880482.438658202	s4-eth33	1199997	85798000
1787880482.438658202	s4-eth34	529822	38541941
1787880482.438658202	s4-eth4	185895	69755661
1787880482.438658202	s4-eth5	1092141	121783131
1787880482.438658202	s4-eth6	1421875	146282203
1787880482.438658202	s4-eth7	172310	1154857545
1787880482.438658202	s4-eth8	446694	85039524
1787880482.438658202	s4-eth9	231835	70354728
1787880482.438658202	s5-eth1	17965382750	21893003
1787880482.438658202	s5-eth2	7522837340	7564714405
1787880482.438658202	s5-eth3	29104614	14775947900
1787880482.438658202	s5-eth4	321736	308037
1787880482.438658202	s6-eth1	741009945	310676
1787880482.438658202	s6-eth2	310606	203011006
1787880482.438658202	s6-eth3	310606	356714199
1787880482.438658202	s6-eth4	321861	310606
1787880482.438658202	s7-eth1	7610557395	7988017813
1787880482.438658202	s7-eth2	25518497	12044701608
1787880482.438658202	s7-eth3	14286943225	29105862
1787880482.438658202	s7-eth4	321638	310606
1787880482.438658202	s8-eth1	310606	310676
1787880482.438658202	s8-eth2	307764	310606
1787880482.438658202	s8-eth3	310606	308037
1787880482.438658202	s8-eth4	321736	310606
1787880482.438658202	s9-eth1	14775947900	29104614
1787880482.438658202	s9-eth2	356714199	310606
1787880482.438658202	s9-eth3	29105862	14286943225
1787880482.438658202	s9-eth4	308037	310606
1787880484.719548210	s10-eth1	308064	321764
1787880484.719548210	s10-eth2	310633	321889
1787880484.719548210	s10-eth3	310633	321666
1787880484.719548210	s10-eth4	310633	321764
1787880484.719548210	s1-eth1	21893030	17965382777
1787880484.719548210	s1-eth10	6360	12021
1787880484.719548210	s1-eth11	2220912817	27977
1787880484.719548210	s1-eth12	267136824	561935
1787880484.719548210	s1-eth13	32263310	290390
1787880484.719548210	s1-eth14	252901660	316706
1787880484.719548210	s1-eth15	1183334748	2051261
1787880484.719548210	s1-eth16	244106365	179662
1787880484.719548210	s1-eth17	101797936	1362319
1787880484.719548210	s1-eth18	218880992	12162
1787880484.719548210	s1-eth19	5847542510	102714
1787880484.719548210	s1-eth2	310703	741009972
1787880484.719548210	s1-eth20	325325875	1174140
1787880484.719548210	s1-eth21	317937491	1346253
1787880484.719548210	s1-eth22	26877925	184286
1787880484.719548210	s1-eth23	1258237183	462423
1787880484.719548210	s1-eth24	234972870	12835
1787880484.719548210	s1-eth25	95928949	1134194
1787880484.719548210	s1-eth26	309749321	1069087
1787880484.719548210	s1-eth27	1284768759	96474
1787880484.719548210	s1-eth28	5706	11484
1787880484.719548210	s1-eth29	31921216	437677
1787880484.719548210	s1-eth3	6338986715	4778566
1787880484.719548210	s1-eth30	5486379	112308
1787880484.719548210	s1-eth31	1255231539	453561
1787880484.719548210	s1-eth32	218882390	12008
1787880484.719548210	s1-eth33	22476479	361354
1787880484.719548210	s1-eth34	21825547	132697
1787880484.719548210	s1-eth4	261862565	446050
1787880484.719548210	s1-eth5	262062186	473151
1787880484.719548210	s1-eth6	238901887	88755
1787880484.719548210	s1-eth7	1371336781	1665205
1787880484.719548210	s1-eth8	326685317	1533250
1787880484.719548210	s1-eth9	79895831	1008382
1787880484.719548210	s2-eth1	7564714432	7522837367
1787880484.719548210	s2-eth10	277950919	729792
1787880484.719548210	s2-eth11	2311507622	2617716
1787880484.719548210	s2-eth12	52175267	877537
1787880484.719548210	s2-eth13	51485309	609129
1787880484.719548210	s2-eth14	16099467	12168
1787880484.719548210	s2-eth15	1146688095	1756946
1787880484.719548210	s2-eth16	312772230	1305026
1787880484.719548210	s2-eth17	319194810	1417667
1787880484.719548210	s2-eth18	248788317	544122
1787880484.719548210	s2-eth19	95269	3451825081
1787880484.719548210	s2-eth2	203011033	310633
1787880484.719548210	s2-eth20	1168406	164529108
1787880484.719548210	s2-eth21	1339132	153182409
1787880484.719548210	s2-eth22	177086	14540532
1787880484.719548210	s2-eth23	455391	1028628687
1787880484.719548210	s2-eth24	5390	68525785
1787880484.719548210	s2-eth25	1129485	83710535
1787880484.719548210	s2-eth26	1062688	141829571
1787880484.719548210	s2-eth27	89214	1057618111
1787880484.719548210	s2-eth28	4195	12349
1787880484.719548210	s2-eth29	430440	31530900
1787880484.719548210	s2-eth3	1292937542	826591
1787880484.719548210	s2-eth30	104951	5328510
1787880484.719548210	s2-eth31	447019	1027438583
1787880484.719548210	s2-eth32	4508	62198487
1787880484.719548210	s2-eth33	354127	22149678
1787880484.719548210	s2-eth34	125161	9432745
1787880484.719548210	s2-eth4	245667229	193484
1787880484.719548210	s2-eth5	299218689	1095842
1787880484.719548210	s2-eth6	323710335	1429327
1787880484.719548210	s2-eth7	1278254634	179830
1787880484.719548210	s2-eth8	262555326	451050
1787880484.719548210	s2-eth9	247783373	238603
1787880484.719548210	s3-eth1	7988017840	7610557422
1787880484.719548210	s3-eth10	4434	11976
1787880484.719548210	s3-eth11	20230	1098712147
1787880484.719548210	s3-eth12	554453	81990021
1787880484.719548210	s3-eth13	282729	17391530
1787880484.719548210	s3-eth14	309275	67346712
1787880484.719548210	s3-eth15	2046308	951452961
1787880484.719548210	s3-eth16	172398	58164942
1787880484.719548210	s3-eth17	1358738	85670816
1787880484.719548210	s3-eth18	4572	47643485
1787880484.719548210	s3-eth19	1301318556	850051
1787880484.719548210	s3-eth2	310703	310633
1787880484.719548210	s3-eth20	246048590	189296
1787880484.719548210	s3-eth21	234975662	12854
1787880484.719548210	s3-eth22	298591159	918503
1787880484.719548210	s3-eth23	1275685258	121110
1787880484.719548210	s3-eth24	267317354	766152
1787880484.719548210	s3-eth25	325237827	1259221
1787880484.719548210	s3-eth26	272460165	540278
1787880484.719548210	s3-eth27	2220953544	27301
1787880484.719548210	s3-eth28	80099719	1013323
1787880484.719548210	s3-eth29	21417591	86914
1787880484.719548210	s3-eth3	4771619	3809551574
1787880484.719548210	s3-eth30	133981219	1729703
1787880484.719548210	s3-eth31	1280067400	802371
1787880484.719548210	s3-eth32	91029911	1146372
1787880484.719548210	s3-eth33	96360829	1203143
1787880484.719548210	s3-eth34	48326776	536578
1787880484.719548210	s3-eth4	439471	80563310
1787880484.719548210	s3-eth5	466206	79834575
1787880484.719548210	s3-eth6	81320	56161531
1787880484.719548210	s3-eth7	1660591	1081867798
1787880484.719548210	s3-eth8	1527261	141613867
1787880484.719548210	s3-eth9	1002096	64474662
1787880484.719548210	s4-eth1	12044701635	25518524
1787880484.719548210	s4-eth10	722360	100035529
1787880484.719548210	s4-eth11	2616158	1450211362
1787880484.719548210	s4-eth12	872928	50856227
1787880484.719548210	s4-eth13	602709	39191890
1787880484.719548210	s4-eth14	4284	4305197
1787880484.719548210	s4-eth15	1754348	1030886499
1787880484.719548210	s4-eth16	1299784	132653555
1787880484.719548210	s4-eth17	1413303	138196992
1787880484.719548210	s4-eth18	536711	80226899
1787880484.719548210	s4-eth19	842655	718075497
1787880484.719548210	s4-eth2	310633	307791
1787880484.719548210	s4-eth20	182128	135586799
1787880484.719548210	s4-eth21	5310	124720654
1787880484.719548210	s4-eth22	911395	187025399
1787880484.719548210	s4-eth23	113383	1217434889
1787880484.719548210	s4-eth24	758981	163865724
1787880484.719548210	s4-eth25	1252163	211055936
1787880484.719548210	s4-eth26	533884	158091116
1787880484.719548210	s4-eth27	19581	1594110227
1787880484.719548210	s4-eth28	1006139	69812710
1787880484.719548210	s4-eth29	79970	12030526
1787880484.719548210	s4-eth3	820355	458902087
1787880484.719548210	s4-eth30	1725045	122255352
1787880484.719548210	s4-eth31	796222	1238895895
1787880484.719548210	s4-eth32	1139250	80177733
1787880484.719548210	s4-eth33	1199997	85798000
1787880484.719548210	s4-eth34	529822	38541941
1787880484.719548210	s4-eth4	185895	69755661
1787880484.719548210	s4-eth5	1092141	121783131
1787880484.719548210	s4-eth6	1421875	146282203
1787880484.719548210	s4-eth7	172310	1154857545
1787880484.719548210	s4-eth8	446694	85039524
1787880484.719548210	s4-eth9	231835	70354728
1787880484.719548210	s5-eth1	17965382777	21893030
1787880484.719548210	s5-eth2	7522837367	7564714432
1787880484.719548210	s5-eth3	29104641	14775947927
1787880484.719548210	s5-eth4	321764	308064
1787880484.719548210	s6-eth1	741009972	310703
1787880484.719548210	s6-eth2	310633	203011033
1787880484.719548210	s6-eth3	310633	356714226
1787880484.719548210	s6-eth4	321889	310633
1787880484.719548210	s7-eth1	7610557422	7988017840
1787880484.719548210	s7-eth2	25518524	12044701635
1787880484.719548210	s7-eth3	14286943252	29105889
1787880484.719548210	s7-eth4	321666	310633
1787880484.719548210	s8-eth1	310633	310703
1787880484.719548210	s8-eth2	307791	310633
1787880484.719548210	s8-eth3	310633	308064
1787880484.719548210	s8-eth4	321764	310633
1787880484.719548210	s9-eth1	14775947927	29104641
1787880484.719548210	s9-eth2	356714226	310633
1787880484.719548210	s9-eth3	29105889	14286943252
1787880484.719548210	s9-eth4	308064	310633
1787880487.000998724	s10-eth1	308064	321764
1787880487.000998724	s10-eth2	310633	321889
1787880487.000998724	s10-eth3	310633	321666
1787880487.000998724	s10-eth4	310633	321764
1787880487.000998724	s1-eth1	21893030	17965382777
1787880487.000998724	s1-eth10	6360	12021
1787880487.000998724	s1-eth11	2220912817	27977
1787880487.000998724	s1-eth12	267136824	561935
1787880487.000998724	s1-eth13	32263310	290390
1787880487.000998724	s1-eth14	252901660	316706
1787880487.000998724	s1-eth15	1183334748	2051261
1787880487.000998724	s1-eth16	244106365	179662
1787880487.000998724	s1-eth17	101797936	1362319
1787880487.000998724	s1-eth18	218880992	12162
1787880487.000998724	s1-eth19	5847542510	102714
1787880487.000998724	s1-eth2	310703	741009972
1787880487.000998724	s1-eth20	325325875	1174140
1787880487.000998724	s1-eth21	317937491	1346253
1787880487.000998724	s1-eth22	26877925	184286
1787880487.000998724	s1-eth23	1258237183	462423
1787880487.000998724	s1-eth24	234972870	12835
1787880487.000998724	s1-eth25	95928949	1134194
1787880487.000998724	s1-eth26	309749321	1069087
1787880487.000998724	s1-eth27	1284768759	96474
1787880487.000998724	s1-eth28	5706	11484
1787880487.000998724	s1-eth29	31921216	437677
1787880487.000998724	s1-eth3	6338986715	4778566
1787880487.000998724	s1-eth30	5486379	112308
1787880487.000998724	s1-eth31	1255231539	453561
1787880487.000998724	s1-eth32	218882390	12008
1787880487.000998724	s1-eth33	22476479	361354
1787880487.000998724	s1-eth34	21825547	132697
1787880487.000998724	s1-eth4	261862565	446050
1787880487.000998724	s1-eth5	262062186	473151
1787880487.000998724	s1-eth6	238901887	88755
1787880487.000998724	s1-eth7	1371336781	1665205
1787880487.000998724	s1-eth8	326685317	1533250
1787880487.000998724	s1-eth9	79895831	1008382
1787880487.000998724	s2-eth1	7564714432	7522837367
1787880487.000998724	s2-eth10	277950919	729792
1787880487.000998724	s2-eth11	2311507622	2617716
1787880487.000998724	s2-eth12	52175267	877537
1787880487.000998724	s2-eth13	51485309	609129
1787880487.000998724	s2-eth14	16099467	12168
1787880487.000998724	s2-eth15	1146688095	1756946
1787880487.000998724	s2-eth16	312772230	1305026
1787880487.000998724	s2-eth17	319194810	1417667
1787880487.000998724	s2-eth18	248788317	544122
1787880487.000998724	s2-eth19	95269	3451825081
1787880487.000998724	s2-eth2	203011033	310633
1787880487.000998724	s2-eth20	1168406	164529108
1787880487.000998724	s2-eth21	1339132	153182409
1787880487.000998724	s2-eth22	177086	14540532
1787880487.000998724	s2-eth23	455391	1028628687
1787880487.000998724	s2-eth24	5390	68525785
1787880487.000998724	s2-eth25	1129485	83710535
1787880487.000998724	s2-eth26	1062688	141829571
1787880487.000998724	s2-eth27	89214	1057618111
1787880487.000998724	s2-eth28	4195	12349
1787880487.000998724	s2-eth29	430440	31530900
1787880487.000998724	s2-eth3	1292937542	826591
1787880487.000998724	s2-eth30	104951	5328510
1787880487.000998724	s2-eth31	447019	1027438583
1787880487.000998724	s2-eth32	4508	62198487
1787880487.000998724	s2-eth33	354127	22149678
1787880487.000998724	s2-eth34	125161	9432745
1787880487.000998724	s2-eth4	245667229	193484
1787880487.000998724	s2-eth5	299218689	1095842
1787880487.000998724	s2-eth6	323710335	1429327
1787880487.000998724	s2-eth7	1278254634	179830
1787880487.000998724	s2-eth8	262555326	451050
1787880487.000998724	s2-eth9	247783373	238603
1787880487.000998724	s3-eth1	7988017840	7610557422
1787880487.000998724	s3-eth10	4434	11976
1787880487.000998724	s3-eth11	20230	1098712147
1787880487.000998724	s3-eth12	554453	81990021
1787880487.000998724	s3-eth13	282729	17391530
1787880487.000998724	s3-eth14	309275	67346712
1787880487.000998724	s3-eth15	2046308	951452961
1787880487.000998724	s3-eth16	172398	58164942
1787880487.000998724	s3-eth17	1358738	85670816
1787880487.000998724	s3-eth18	4572	47643485
1787880487.000998724	s3-eth19	1301318556	850051
1787880487.000998724	s3-eth2	310703	310633
1787880487.000998724	s3-eth20	246048590	189296
1787880487.000998724	s3-eth21	234975662	12854
1787880487.000998724	s3-eth22	298591159	918503
1787880487.000998724	s3-eth23	1275685258	121110
1787880487.000998724	s3-eth24	267317354	766152
1787880487.000998724	s3-eth25	325237827	1259221
1787880487.000998724	s3-eth26	272460165	540278
1787880487.000998724	s3-eth27	2220953544	27301
1787880487.000998724	s3-eth28	80099719	1013323
1787880487.000998724	s3-eth29	21417591	86914
1787880487.000998724	s3-eth3	4771619	3809551574
1787880487.000998724	s3-eth30	133981219	1729703
1787880487.000998724	s3-eth31	1280067400	802371
1787880487.000998724	s3-eth32	91029911	1146372
1787880487.000998724	s3-eth33	96360829	1203143
1787880487.000998724	s3-eth34	48326776	536578
1787880487.000998724	s3-eth4	439471	80563310
1787880487.000998724	s3-eth5	466206	79834575
1787880487.000998724	s3-eth6	81320	56161531
1787880487.000998724	s3-eth7	1660591	1081867798
1787880487.000998724	s3-eth8	1527261	141613867
1787880487.000998724	s3-eth9	1002096	64474662
1787880487.000998724	s4-eth1	12044701635	25518524
1787880487.000998724	s4-eth10	722360	100035529
1787880487.000998724	s4-eth11	2616158	1450211362
1787880487.000998724	s4-eth12	872928	50856227
1787880487.000998724	s4-eth13	602709	39191890
1787880487.000998724	s4-eth14	4284	4305197
1787880487.000998724	s4-eth15	1754348	1030886499
1787880487.000998724	s4-eth16	1299784	132653555
1787880487.000998724	s4-eth17	1413303	138196992
1787880487.000998724	s4-eth18	536711	80226899
1787880487.000998724	s4-eth19	842655	718075497
1787880487.000998724	s4-eth2	310633	307791
1787880487.000998724	s4-eth20	182128	135586799
1787880487.000998724	s4-eth21	5310	124720654
1787880487.000998724	s4-eth22	911395	187025399
1787880487.000998724	s4-eth23	113383	1217434889
1787880487.000998724	s4-eth24	758981	163865724
1787880487.000998724	s4-eth25	1252163	211055936
1787880487.000998724	s4-eth26	533884	158091116
1787880487.000998724	s4-eth27	19581	1594110227
1787880487.000998724	s4-eth28	1006139	69812710
1787880487.000998724	s4-eth29	79970	12030526
1787880487.000998724	s4-eth3	820355	458902087
1787880487.000998724	s4-eth30	1725045	122255352
1787880487.000998724	s4-eth31	796222	1238895895
1787880487.000998724	s4-eth32	1139250	80177733
1787880487.000998724	s4-eth33	1199997	85798000
1787880487.000998724	s4-eth34	529822	38541941
1787880487.000998724	s4-eth4	185895	69755661
1787880487.000998724	s4-eth5	1092141	121783131
1787880487.000998724	s4-eth6	1421875	146282203
1787880487.000998724	s4-eth7	172310	1154857545
1787880487.000998724	s4-eth8	446694	85039524
1787880487.000998724	s4-eth9	231835	70354728
1787880487.000998724	s5-eth1	17965382777	21893030
1787880487.000998724	s5-eth2	7522837367	7564714432
1787880487.000998724	s5-eth3	29104641	14775947927
1787880487.000998724	s5-eth4	321764	308064
1787880487.000998724	s6-eth1	741009972	310703
1787880487.000998724	s6-eth2	310633	203011033
1787880487.000998724	s6-eth3	310633	356714226
1787880487.000998724	s6-eth4	321889	310633
1787880487.000998724	s7-eth1	7610557422	7988017840
1787880487.000998724	s7-eth2	25518524	12044701635
1787880487.000998724	s7-eth3	14286943252	29105889
1787880487.000998724	s7-eth4	321666	310633
1787880487.000998724	s8-eth1	310633	310703
1787880487.000998724	s8-eth2	307791	310633
1787880487.000998724	s8-eth3	310633	308064
1787880487.000998724	s8-eth4	321764	310633
1787880487.000998724	s9-eth1	14775947927	29104641
1787880487.000998724	s9-eth2	356714226	310633
1787880487.000998724	s9-eth3	29105889	14286943252
1787880487.000998724	s9-eth4	308064	310633
1787880489.283382077	s10-eth1	308091	321792
1787880489.283382077	s10-eth2	310660	321917
1787880489.283382077	s10-eth3	310660	321694
1787880489.283382077	s10-eth4	310660	321792
1787880489.283382077	s1-eth1	21893057	17965382804
1787880489.283382077	s1-eth10	6360	12021
1787880489.283382077	s1-eth11	2220912817	27977
1787880489.283382077	s1-eth12	267136824	561935
1787880489.283382077	s1-eth13	32263310	290390
1787880489.283382077	s1-eth14	252901660	316706
1787880489.283382077	s1-eth15	1183334748	2051261
1787880489.283382077	s1-eth16	244106365	179662
1787880489.283382077	s1-eth17	101797936	1362319
1787880489.283382077	s1-eth18	218880992	12162
1787880489.283382077	s1-eth19	5847542510	102714
1787880489.283382077	s1-eth2	310730	741009999
1787880489.283382077	s1-eth20	325325875	1174140
1787880489.283382077	s1-eth21	317937491	1346253
1787880489.283382077	s1-eth22	26877925	184286
1787880489.283382077	s1-eth23	1258237183	462423
1787880489.283382077	s1-eth24	234972870	12835
1787880489.283382077	s1-eth25	95928949	1134194
1787880489.283382077	s1-eth26	309749321	1069087
1787880489.283382077	s1-eth27	1284768759	96474
1787880489.283382077	s1-eth28	5706	11484
1787880489.283382077	s1-eth29	31921216	437677
1787880489.283382077	s1-eth3	6338986715	4778566
1787880489.283382077	s1-eth30	5486379	112308
1787880489.283382077	s1-eth31	1255231539	453561
1787880489.283382077	s1-eth32	218882390	12008
1787880489.283382077	s1-eth33	22476479	361354
1787880489.283382077	s1-eth34	21825547	132697
1787880489.283382077	s1-eth4	261862565	446050
1787880489.283382077	s1-eth5	262062186	473151
1787880489.283382077	s1-eth6	238901887	88755
1787880489.283382077	s1-eth7	1371336781	1665205
1787880489.283382077	s1-eth8	326685317	1533250
1787880489.283382077	s1-eth9	79895831	1008382
1787880489.283382077	s2-eth1	7564714459	7522837394
1787880489.283382077	s2-eth10	277950919	729792
1787880489.283382077	s2-eth11	2311507622	2617716
1787880489.283382077	s2-eth12	52175267	877537
1787880489.283382077	s2-eth13	51485309	609129
1787880489.283382077	s2-eth14	16099467	12168
1787880489.283382077	s2-eth15	1146688095	1756946
1787880489.283382077	s2-eth16	312772230	1305026
1787880489.283382077	s2-eth17	319194810	1417667
1787880489.283382077	s2-eth18	248788317	544122
1787880489.283382077	s2-eth19	95269	3451825081
1787880489.283382077	s2-eth2	203011060	310660
1787880489.283382077	s2-eth20	1168406	164529108
1787880489.283382077	s2-eth21	1339132	153182409
1787880489.283382077	s2-eth22	177086	14540532
1787880489.283382077	s2-eth23	455391	1028628687
1787880489.283382077	s2-eth24	5390	68525785
1787880489.283382077	s2-eth25	1129485	83710535
1787880489.283382077	s2-eth26	1062688	141829571
1787880489.283382077	s2-eth27	89214	1057618111
1787880489.283382077	s2-eth28	4195	12349
1787880489.283382077	s2-eth29	430440	31530900
1787880489.283382077	s2-eth3	1292937542	826591
1787880489.283382077	s2-eth30	104951	5328510
1787880489.283382077	s2-eth31	447019	1027438583
1787880489.283382077	s2-eth32	4508	62198487
1787880489.283382077	s2-eth33	354127	22149678
1787880489.283382077	s2-eth34	125161	9432745
1787880489.283382077	s2-eth4	245667229	193484
1787880489.283382077	s2-eth5	299218689	1095842
1787880489.283382077	s2-eth6	323710335	1429327
1787880489.283382077	s2-eth7	1278254634	179830
1787880489.283382077	s2-eth8	262555326	451050
1787880489.283382077	s2-eth9	247783373	238603
1787880489.283382077	s3-eth1	7988017867	7610557449
1787880489.283382077	s3-eth10	4434	11976
1787880489.283382077	s3-eth11	20230	1098712147
1787880489.283382077	s3-eth12	554453	81990021
1787880489.283382077	s3-eth13	282729	17391530
1787880489.283382077	s3-eth14	309275	67346712
1787880489.283382077	s3-eth15	2046308	951452961
1787880489.283382077	s3-eth16	172398	58164942
1787880489.283382077	s3-eth17	1358738	85670816
1787880489.283382077	s3-eth18	4572	47643485
1787880489.283382077	s3-eth19	1301318556	850051
1787880489.283382077	s3-eth2	310730	310660
1787880489.283382077	s3-eth20	246048590	189296
1787880489.283382077	s3-eth21	234975662	12854
1787880489.283382077	s3-eth22	298591159	918503
1787880489.283382077	s3-eth23	1275685258	121110
1787880489.283382077	s3-eth24	267317354	766152
1787880489.283382077	s3-eth25	325237827	1259221
1787880489.283382077	s3-eth26	272460165	540278
1787880489.283382077	s3-eth27	2220953544	27301
1787880489.283382077	s3-eth28	80099719	1013323
1787880489.283382077	s3-eth29	21417591	86914
1787880489.283382077	s3-eth3	4771619	3809551574
1787880489.283382077	s3-eth30	133981219	1729703
1787880489.283382077	s3-eth31	1280067400	802371
1787880489.283382077	s3-eth32	91029911	1146372
1787880489.283382077	s3-eth33	96360829	1203143
1787880489.283382077	s3-eth34	48326776	536578
1787880489.283382077	s3-eth4	439471	80563310
1787880489.283382077	s3-eth5	466206	79834575
1787880489.283382077	s3-eth6	81320	56161531
1787880489.283382077	s3-eth7	1660591	1081867798
1787880489.283382077	s3-eth8	1527261	141613867
1787880489.283382077	s3-eth9	1002096	64474662
1787880489.283382077	s4-eth1	12044701662	25518551
1787880489.283382077	s4-eth10	722360	100035529
1787880489.283382077	s4-eth11	2616158	1450211362
1787880489.283382077	s4-eth12	872928	50856227
1787880489.283382077	s4-eth13	602709	39191890
1787880489.283382077	s4-eth14	4284	4305197
1787880489.283382077	s4-eth15	1754348	1030886499
1787880489.283382077	s4-eth16	1299784	132653555
1787880489.283382077	s4-eth17	1413303	138196992
1787880489.283382077	s4-eth18	536711	80226899
1787880489.283382077	s4-eth19	842655	718075497
1787880489.283382077	s4-eth2	310660	307818
1787880489.283382077	s4-eth20	182128	135586799
1787880489.283382077	s4-eth21	5310	124720654
1787880489.283382077	s4-eth22	911395	187025399
1787880489.283382077	s4-eth23	113383	1217434889
1787880489.283382077	s4-eth24	758981	163865724
1787880489.283382077	s4-eth25	1252163	211055936
1787880489.283382077	s4-eth26	533884	158091116
1787880489.283382077	s4-eth27	19581	1594110227
1787880489.283382077	s4-eth28	1006139	69812710
1787880489.283382077	s4-eth29	79970	12030526
1787880489.283382077	s4-eth3	820355	458902087
1787880489.283382077	s4-eth30	1725045	122255352
1787880489.283382077	s4-eth31	796222	1238895895
1787880489.283382077	s4-eth32	1139250	80177733
1787880489.283382077	s4-eth33	1199997	85798000
1787880489.283382077	s4-eth34	529822	38541941
1787880489.283382077	s4-eth4	185895	69755661
1787880489.283382077	s4-eth5	1092141	121783131
1787880489.283382077	s4-eth6	1421875	146282203
1787880489.283382077	s4-eth7	172310	1154857545
1787880489.283382077	s4-eth8	446694	85039524
1787880489.283382077	s4-eth9	231835	70354728
1787880489.283382077	s5-eth1	17965382804	21893057
1787880489.283382077	s5-eth2	7522837394	7564714459
1787880489.283382077	s5-eth3	29104668	14775947954
1787880489.283382077	s5-eth4	321792	308091
1787880489.283382077	s6-eth1	741009999	310730
1787880489.283382077	s6-eth2	310660	203011060
1787880489.283382077	s6-eth3	310660	356714253
1787880489.283382077	s6-eth4	321917	310660
1787880489.283382077	s7-eth1	7610557449	7988017867
1787880489.283382077	s7-eth2	25518551	12044701662
1787880489.283382077	s7-eth3	14286943279	29105916
1787880489.283382077	s7-eth4	321694	310660
1787880489.283382077	s8-eth1	310660	310730
1787880489.283382077	s8-eth2	307818	310660
1787880489.283382077	s8-eth3	310660	308091
1787880489.283382077	s8-eth4	321792	310660
1787880489.283382077	s9-eth1	14775947954	29104668
1787880489.283382077	s9-eth2	356714253	310660
1787880489.283382077	s9-eth3	29105916	14286943279
1787880489.283382077	s9-eth4	308091	310660
1787880491.568613772	s10-eth1	308091	321792
1787880491.568613772	s10-eth2	310660	321917
1787880491.568613772	s10-eth3	310660	321694
1787880491.568613772	s10-eth4	310660	321792
1787880491.568613772	s1-eth1	21893057	17965382804
1787880491.568613772	s1-eth10	6360	12021
1787880491.568613772	s1-eth11	2220912817	27977
1787880491.568613772	s1-eth12	267136824	561935
1787880491.568613772	s1-eth13	32263310	290390
1787880491.568613772	s1-eth14	252901660	316706
1787880491.568613772	s1-eth15	1183334748	2051261
1787880491.568613772	s1-eth16	244106365	179662
1787880491.568613772	s1-eth17	101797936	1362319
1787880491.568613772	s1-eth18	218880992	12162
1787880491.568613772	s1-eth19	5847542510	102714
1787880491.568613772	s1-eth2	310730	741009999
1787880491.568613772	s1-eth20	325325875	1174140
1787880491.568613772	s1-eth21	317937491	1346253
1787880491.568613772	s1-eth22	26877925	184286
1787880491.568613772	s1-eth23	1258237183	462423
1787880491.568613772	s1-eth24	234972870	12835
1787880491.568613772	s1-eth25	95928949	1134194
1787880491.568613772	s1-eth26	309749321	1069087
1787880491.568613772	s1-eth27	1284768759	96474
1787880491.568613772	s1-eth28	5706	11484
1787880491.568613772	s1-eth29	31921216	437677
1787880491.568613772	s1-eth3	6338986715	4778566
1787880491.568613772	s1-eth30	5486379	112308
1787880491.568613772	s1-eth31	1255231539	453561
1787880491.568613772	s1-eth32	218882390	12008
1787880491.568613772	s1-eth33	22476479	361354
1787880491.568613772	s1-eth34	21825547	132697
1787880491.568613772	s1-eth4	261862565	446050
1787880491.568613772	s1-eth5	262062186	473151
1787880491.568613772	s1-eth6	238901887	88755
1787880491.568613772	s1-eth7	1371336781	1665205
1787880491.568613772	s1-eth8	326685317	1533250
1787880491.568613772	s1-eth9	79895831	1008382
1787880491.568613772	s2-eth1	7564714459	7522837394
1787880491.568613772	s2-eth10	277950919	729792
1787880491.568613772	s2-eth11	2311507622	2617716
1787880491.568613772	s2-eth12	52175267	877537
1787880491.568613772	s2-eth13	51485309	609129
1787880491.568613772	s2-eth14	16099467	12168
1787880491.568613772	s2-eth15	1146688095	1756946
1787880491.568613772	s2-eth16	312772230	1305026
1787880491.568613772	s2-eth17	319194810	1417667
1787880491.568613772	s2-eth18	248788317	544122
1787880491.568613772	s2-eth19	95269	3451825081
1787880491.568613772	s2-eth2	203011060	310660
1787880491.568613772	s2-eth20	1168406	164529108
1787880491.568613772	s2-eth21	1339132	153182409
1787880491.568613772	s2-eth22	177086	14540532
1787880491.568613772	s2-eth23	455391	1028628687
1787880491.568613772	s2-eth24	5390	68525785
1787880491.568613772	s2-eth25	1129485	83710535
1787880491.568613772	s2-eth26	1062688	141829571
1787880491.568613772	s2-eth27	89214	1057618111
1787880491.568613772	s2-eth28	4195	12349
1787880491.568613772	s2-eth29	430440	31530900
1787880491.568613772	s2-eth3	1292937542	826591
1787880491.568613772	s2-eth30	104951	5328510
1787880491.568613772	s2-eth31	447019	1027438583
1787880491.568613772	s2-eth32	4508	62198487
1787880491.568613772	s2-eth33	354127	22149678
1787880491.568613772	s2-eth34	125161	9432745
1787880491.568613772	s2-eth4	245667229	193484
1787880491.568613772	s2-eth5	299218689	1095842
1787880491.568613772	s2-eth6	323710335	1429327
1787880491.568613772	s2-eth7	1278254634	179830
1787880491.568613772	s2-eth8	262555326	451050
1787880491.568613772	s2-eth9	247783373	238603
1787880491.568613772	s3-eth1	7988017867	7610557449
1787880491.568613772	s3-eth10	4434	11976
1787880491.568613772	s3-eth11	20230	1098712147
1787880491.568613772	s3-eth12	554453	81990021
1787880491.568613772	s3-eth13	282729	17391530
1787880491.568613772	s3-eth14	309275	67346712
1787880491.568613772	s3-eth15	2046308	951452961
1787880491.568613772	s3-eth16	172398	58164942
1787880491.568613772	s3-eth17	1358738	85670816
1787880491.568613772	s3-eth18	4572	47643485
1787880491.568613772	s3-eth19	1301318556	850051
1787880491.568613772	s3-eth2	310730	310660
1787880491.568613772	s3-eth20	246048590	189296
1787880491.568613772	s3-eth21	234975662	12854
1787880491.568613772	s3-eth22	298591159	918503
1787880491.568613772	s3-eth23	1275685258	121110
1787880491.568613772	s3-eth24	267317354	766152
1787880491.568613772	s3-eth25	325237827	1259221
1787880491.568613772	s3-eth26	272460165	540278
1787880491.568613772	s3-eth27	2220953544	27301
1787880491.568613772	s3-eth28	80099719	1013323
1787880491.568613772	s3-eth29	21417591	86914
1787880491.568613772	s3-eth3	4771619	3809551574
1787880491.568613772	s3-eth30	133981219	1729703
1787880491.568613772	s3-eth31	1280067400	802371
1787880491.568613772	s3-eth32	91029911	1146372
1787880491.568613772	s3-eth33	96360829	1203143
1787880491.568613772	s3-eth34	48326776	536578
1787880491.568613772	s3-eth4	439471	80563310
1787880491.568613772	s3-eth5	466206	79834575
1787880491.568613772	s3-eth6	81320	56161531
1787880491.568613772	s3-eth7	1660591	1081867798
1787880491.568613772	s3-eth8	1527261	141613867
1787880491.568613772	s3-eth9	1002096	64474662
1787880491.568613772	s4-eth1	12044701662	25518551
1787880491.568613772	s4-eth10	722360	100035529
1787880491.568613772	s4-eth11	2616158	1450211362
1787880491.568613772	s4-eth12	872928	50856227
1787880491.568613772	s4-eth13	602709	39191890
1787880491.568613772	s4-eth14	4284	4305197
1787880491.568613772	s4-eth15	1754348	1030886499
1787880491.568613772	s4-eth16	1299784	132653555
1787880491.568613772	s4-eth17	1413303	138196992
1787880491.568613772	s4-eth18	536711	80226899
1787880491.568613772	s4-eth19	842655	718075497
1787880491.568613772	s4-eth2	310660	307818
1787880491.568613772	s4-eth20	182128	135586799
1787880491.568613772	s4-eth21	5310	124720654
1787880491.568613772	s4-eth22	911395	187025399
1787880491.568613772	s4-eth23	113383	1217434889
1787880491.568613772	s4-eth24	758981	163865724
1787880491.568613772	s4-eth25	1252163	211055936
1787880491.568613772	s4-eth26	533884	158091116
1787880491.568613772	s4-eth27	19581	1594110227
1787880491.568613772	s4-eth28	1006139	69812710
1787880491.568613772	s4-eth29	79970	12030526
1787880491.568613772	s4-eth3	820355	458902087
1787880491.568613772	s4-eth30	1725045	122255352
1787880491.568613772	s4-eth31	796222	1238895895
1787880491.568613772	s4-eth32	1139250	80177733
1787880491.568613772	s4-eth33	1199997	85798000
1787880491.568613772	s4-eth34	529822	38541941
1787880491.568613772	s4-eth4	185895	69755661
1787880491.568613772	s4-eth5	1092141	121783131
1787880491.568613772	s4-eth6	1421875	146282203
1787880491.568613772	s4-eth7	172310	1154857545
1787880491.568613772	s4-eth8	446694	85039524
1787880491.568613772	s4-eth9	231835	70354728
1787880491.568613772	s5-eth1	17965382804	21893057
1787880491.568613772	s5-eth2	7522837394	7564714459
1787880491.568613772	s5-eth3	29104668	14775947954
1787880491.568613772	s5-eth4	321792	308091
1787880491.568613772	s6-eth1	741009999	310730
1787880491.568613772	s6-eth2	310660	203011060
1787880491.568613772	s6-eth3	310660	356714253
1787880491.568613772	s6-eth4	321917	310660
1787880491.568613772	s7-eth1	7610557449	7988017867
1787880491.568613772	s7-eth2	25518551	12044701662
1787880491.568613772	s7-eth3	14286943279	29105916
1787880491.568613772	s7-eth4	321694	310660
1787880491.568613772	s8-eth1	310660	310730
1787880491.568613772	s8-eth2	307818	310660
1787880491.568613772	s8-eth3	310660	308091
1787880491.568613772	s8-eth4	321792	310660
1787880491.568613772	s9-eth1	14775947954	29104668
1787880491.568613772	s9-eth2	356714253	310660
1787880491.568613772	s9-eth3	29105916	14286943279
1787880491.568613772	s9-eth4	308091	310660
1787880493.851505921	s10-eth1	308118	321820
1787880493.851505921	s10-eth2	310687	321945
1787880493.851505921	s10-eth3	310687	321722
1787880493.851505921	s10-eth4	310687	321820
1787880493.851505921	s1-eth1	21893084	17965382831
1787880493.851505921	s1-eth10	6360	12021
1787880493.851505921	s1-eth11	2220912817	27977
1787880493.851505921	s1-eth12	267136824	561935
1787880493.851505921	s1-eth13	32263310	290390
1787880493.851505921	s1-eth14	252901660	316706
1787880493.851505921	s1-eth15	1183334748	2051261
1787880493.851505921	s1-eth16	244106365	179662
1787880493.851505921	s1-eth17	101797936	1362319
1787880493.851505921	s1-eth18	218880992	12162
1787880493.851505921	s1-eth19	5847542510	102714
1787880493.851505921	s1-eth2	310757	741010026
1787880493.851505921	s1-eth20	325325875	1174140
1787880493.851505921	s1-eth21	317937491	1346253
1787880493.851505921	s1-eth22	26877925	184286
1787880493.851505921	s1-eth23	1258237183	462423
1787880493.851505921	s1-eth24	234972870	12835
1787880493.851505921	s1-eth25	95928949	1134194
1787880493.851505921	s1-eth26	309749321	1069087
1787880493.851505921	s1-eth27	1284768759	96474
1787880493.851505921	s1-eth28	5706	11484
1787880493.851505921	s1-eth29	31921216	437677
1787880493.851505921	s1-eth3	6338986715	4778566
1787880493.851505921	s1-eth30	5486379	112308
1787880493.851505921	s1-eth31	1255231539	453561
1787880493.851505921	s1-eth32	218882390	12008
1787880493.851505921	s1-eth33	22476479	361354
1787880493.851505921	s1-eth34	21825547	132697
1787880493.851505921	s1-eth4	261862565	446050
1787880493.851505921	s1-eth5	262062186	473151
1787880493.851505921	s1-eth6	238901887	88755
1787880493.851505921	s1-eth7	1371336781	1665205
1787880493.851505921	s1-eth8	326685317	1533250
1787880493.851505921	s1-eth9	79895831	1008382
1787880493.851505921	s2-eth1	7564714486	7522837421
1787880493.851505921	s2-eth10	277950919	729792
1787880493.851505921	s2-eth11	2311507622	2617716
1787880493.851505921	s2-eth12	52175267	877537
1787880493.851505921	s2-eth13	51485309	609129
1787880493.851505921	s2-eth14	16099467	12168
1787880493.851505921	s2-eth15	1146688095	1756946
1787880493.851505921	s2-eth16	312772230	1305026
1787880493.851505921	s2-eth17	319194810	1417667
1787880493.851505921	s2-eth18	248788317	544122
1787880493.851505921	s2-eth19	95269	3451825081
1787880493.851505921	s2-eth2	203011087	310687
1787880493.851505921	s2-eth20	1168406	164529108
1787880493.851505921	s2-eth21	1339132	153182409
1787880493.851505921	s2-eth22	177086	14540532
1787880493.851505921	s2-eth23	455391	1028628687
1787880493.851505921	s2-eth24	5390	68525785
1787880493.851505921	s2-eth25	1129485	83710535
1787880493.851505921	s2-eth26	1062688	141829571
1787880493.851505921	s2-eth27	89214	1057618111
1787880493.851505921	s2-eth28	4195	12349
1787880493.851505921	s2-eth29	430440	31530900
1787880493.851505921	s2-eth3	1292937542	826591
1787880493.851505921	s2-eth30	104951	5328510
1787880493.851505921	s2-eth31	447019	1027438583
1787880493.851505921	s2-eth32	4508	62198487
1787880493.851505921	s2-eth33	354127	22149678
1787880493.851505921	s2-eth34	125161	9432745
1787880493.851505921	s2-eth4	245667229	193484
1787880493.851505921	s2-eth5	299218689	1095842
1787880493.851505921	s2-eth6	323710335	1429327
1787880493.851505921	s2-eth7	1278254634	179830
1787880493.851505921	s2-eth8	262555326	451050
1787880493.851505921	s2-eth9	247783373	238603
1787880493.851505921	s3-eth1	7988017894	7610557476
1787880493.851505921	s3-eth10	4434	11976
1787880493.851505921	s3-eth11	20230	1098712147
1787880493.851505921	s3-eth12	554453	81990021
1787880493.851505921	s3-eth13	282729	17391530
1787880493.851505921	s3-eth14	309275	67346712
1787880493.851505921	s3-eth15	2046308	951452961
1787880493.851505921	s3-eth16	172398	58164942
1787880493.851505921	s3-eth17	1358738	85670816
1787880493.851505921	s3-eth18	4572	47643485
1787880493.851505921	s3-eth19	1301318556	850051
1787880493.851505921	s3-eth2	310757	310687
1787880493.851505921	s3-eth20	246048590	189296
1787880493.851505921	s3-eth21	234975662	12854
1787880493.851505921	s3-eth22	298591159	918503
1787880493.851505921	s3-eth23	1275685258	121110
1787880493.851505921	s3-eth24	267317354	766152
1787880493.851505921	s3-eth25	325237827	1259221
1787880493.851505921	s3-eth26	272460165	540278
1787880493.851505921	s3-eth27	2220953544	27301
1787880493.851505921	s3-eth28	80099719	1013323
1787880493.851505921	s3-eth29	21417591	86914
1787880493.851505921	s3-eth3	4771619	3809551574
1787880493.851505921	s3-eth30	133981219	1729703
1787880493.851505921	s3-eth31	1280067400	802371
1787880493.851505921	s3-eth32	91029911	1146372
1787880493.851505921	s3-eth33	96360829	1203143
1787880493.851505921	s3-eth34	48326776	536578
1787880493.851505921	s3-eth4	439471	80563310
1787880493.851505921	s3-eth5	466206	79834575
1787880493.851505921	s3-eth6	81320	56161531
1787880493.851505921	s3-eth7	1660591	1081867798
1787880493.851505921	s3-eth8	1527261	141613867
1787880493.851505921	s3-eth9	1002096	64474662
1787880493.851505921	s4-eth1	12044701689	25518578
1787880493.851505921	s4-eth10	722360	100035529
1787880493.851505921	s4-eth11	2616158	1450211362
1787880493.851505921	s4-eth12	872928	50856227
1787880493.851505921	s4-eth13	602709	39191890
1787880493.851505921	s4-eth14	4284	4305197
1787880493.851505921	s4-eth15	1754348	1030886499
1787880493.851505921	s4-eth16	1299784	132653555
1787880493.851505921	s4-eth17	1413303	138196992
1787880493.851505921	s4-eth18	536711	80226899
1787880493.851505921	s4-eth19	842655	718075497
1787880493.851505921	s4-eth2	310687	307845
1787880493.851505921	s4-eth20	182128	135586799
1787880493.851505921	s4-eth21	5310	124720654
1787880493.851505921	s4-eth22	911395	187025399
1787880493.851505921	s4-eth23	113383	1217434889
1787880493.851505921	s4-eth24	758981	163865724
1787880493.851505921	s4-eth25	1252163	211055936
1787880493.851505921	s4-eth26	533884	158091116
1787880493.851505921	s4-eth27	19581	1594110227
1787880493.851505921	s4-eth28	1006139	69812710
1787880493.851505921	s4-eth29	79970	12030526
1787880493.851505921	s4-eth3	820355	458902087
1787880493.851505921	s4-eth30	1725045	122255352
1787880493.851505921	s4-eth31	796222	1238895895
1787880493.851505921	s4-eth32	1139250	80177733
1787880493.851505921	s4-eth33	1199997	85798000
1787880493.851505921	s4-eth34	529822	38541941
1787880493.851505921	s4-eth4	185895	69755661
1787880493.851505921	s4-eth5	1092141	121783131
1787880493.851505921	s4-eth6	1421875	146282203
1787880493.851505921	s4-eth7	172310	1154857545
1787880493.851505921	s4-eth8	446694	85039524
1787880493.851505921	s4-eth9	231835	70354728
1787880493.851505921	s5-eth1	17965382831	21893084
1787880493.851505921	s5-eth2	7522837421	7564714486
1787880493.851505921	s5-eth3	29104695	14775947981
1787880493.851505921	s5-eth4	321820	308118
1787880493.851505921	s6-eth1	741010026	310757
1787880493.851505921	s6-eth2	310687	203011087
1787880493.851505921	s6-eth3	310687	356714280
1787880493.851505921	s6-eth4	321945	310687
1787880493.851505921	s7-eth1	7610557476	7988017894
1787880493.851505921	s7-eth2	25518578	12044701689
1787880493.851505921	s7-eth3	14286943306	29105943
1787880493.851505921	s7-eth4	321722	310687
1787880493.851505921	s8-eth1	310687	310757
1787880493.851505921	s8-eth2	307845	310687
1787880493.851505921	s8-eth3	310687	308118
1787880493.851505921	s8-eth4	321820	310687
1787880493.851505921	s9-eth1	14775947981	29104695
1787880493.851505921	s9-eth2	356714280	310687
1787880493.851505921	s9-eth3	29105943	14286943306
1787880493.851505921	s9-eth4	308118	310687
